관측소명:경포대해수욕장
위도:37.808972
경도:128.931889
관측시간	유속(cm/s)	유향(16points)	유향(deg)	수온(℃)	염분(PSU)	유의파고(m)	유의파주기(sec)	최대파고(m)	최대파주기(sec)	풍속(m/s)	풍향(16points)	풍향(deg)	기온(℃)	기압(hPa)	시정(m)	파향(deg)	
2021-02-01 00:00:00	24.0	북북서	342	8.78	25.70	1.06	7.8	1.41	8.0	1.5	남동	128	5.3	1020.9	-	71	
2021-02-01 00:05:00	25.6	북북서	341	8.57	26.37	0.98	8.0	1.18	6.0	1.5	남남동	157	5.4	1020.9	-	88	
2021-02-01 00:10:00	29.2	북북서	339	8.54	26.69	0.96	8.2	1.37	8.0	1.8	남남서	198	5.3	1020.9	-	70	
2021-02-01 00:15:00	27.8	북북서	346	8.68	26.37	0.91	7.3	1.13	9.0	2.3	남남동	167	4.9	1020.8	-	75	
2021-02-01 00:20:00	22.0	북북서	341	8.39	26.55	0.92	8.6	1.40	6.5	2.5	남동	132	5.6	1020.7	-	62	
2021-02-01 00:25:00	16.0	북북서	342	8.34	26.53	0.82	6.5	1.26	8.5	2.3	동남동	115	6.3	1020.5	-	80	
2021-02-01 00:30:00	3.5	남남동	167	8.89	27.23	0.92	7.4	1.48	7.5	2.9	동남동	107	7.1	1020.4	-	67	
2021-02-01 00:35:00	30.1	북북서	329	8.59	27.35	0.82	7.8	1.23	6.5	3.4	동	92	7.6	1020.2	-	65	
2021-02-01 00:40:00	24.0	북북서	337	8.82	26.56	0.88	7.3	1.13	8.0	3.0	동	99	8.0	1020.2	-	60	
2021-02-01 00:45:00	24.3	북북서	331	9.02	26.60	0.93	8.0	1.19	7.0	3.5	동남동	114	8.3	1020.0	-	56	
2021-02-01 00:50:00	15.8	북서	319	9.00	27.13	0.81	7.1	1.24	8.0	3.7	남동	137	8.3	1020.1	-	70	
2021-02-01 00:55:00	22.6	북서	322	8.77	27.14	0.90	7.6	1.22	6.5	3.9	남동	132	8.2	1020.0	-	60	
2021-02-01 01:00:00	23.1	북북서	330	8.72	27.00	0.82	7.2	1.14	6.5	4.4	남동	128	8.0	1019.8	-	59	
2021-02-01 01:05:00	19.0	북북서	330	9.19	26.75	0.83	8.0	1.05	8.0	4.8	남동	138	8.0	1019.8	-	76	
2021-02-01 01:10:00	17.9	북서	324	9.35	26.95	0.94	7.9	1.13	8.5	4.0	남남동	148	8.1	1019.8	-	58	
2021-02-01 01:15:00	11.5	북서	324	9.41	26.15	0.86	8.9	1.06	9.0	3.2	남남동	154	8.1	1019.7	-	60	
2021-02-01 01:20:00	14.6	북북서	338	9.41	26.06	0.75	7.6	1.16	8.0	3.7	남남동	157	7.9	1019.7	-	77	
2021-02-01 01:25:00	19.3	북북서	336	9.39	26.16	0.92	7.5	1.14	8.5	2.9	남남동	165	7.7	1019.5	-	71	
2021-02-01 01:30:00	20.5	북북서	333	9.41	26.17	0.88	8.9	1.05	6.5	2.7	남남동	162	7.4	1019.4	-	65	
2021-02-01 01:35:00	14.6	북북서	335	9.49	26.06	0.93	8.3	1.26	7.5	1.7	남서	215	6.9	1019.4	-	77	
2021-02-01 01:40:00	19.8	북서	326	9.53	25.93	0.96	7.7	1.14	7.5	1.8	남남동	153	6.8	1019.3	-	63	
2021-02-01 01:45:00	17.0	북북서	330	9.58	25.93	0.82	7.4	1.10	7.0	2.2	남남동	158	6.9	1019.3	-	62	
2021-02-01 01:50:00	13.6	북서	325	9.58	26.30	1.02	7.9	1.21	7.5	2.7	남	173	7.2	1019.2	-	66	
2021-02-01 01:55:00	14.5	북서	321	9.56	26.39	0.85	7.0	1.11	6.5	1.4	남동	146	7.2	1019.0	-	83	
2021-02-01 02:00:00	19.2	북북서	327	9.58	26.31	0.87	7.5	1.15	7.5	2.6	남남동	156	7.4	1018.9	-	70	
2021-02-01 02:05:00	15.5	북서	325	9.60	26.21	0.76	7.5	0.93	8.0	2.1	남	174	7.5	1018.8	-	102	
2021-02-01 02:10:00	16.9	북북서	332	9.60	26.14	0.75	7.8	1.09	8.5	2.9	남남서	201	7.3	1018.7	-	72	
2021-02-01 02:15:00	14.5	북북서	329	9.64	26.22	0.73	7.7	0.92	6.0	3.2	남	184	7.6	1018.5	-	52	
2021-02-01 02:20:00	10.6	북북서	338	9.65	26.20	0.81	8.1	0.96	8.5	4.0	남남동	159	7.8	1018.2	-	63	
2021-02-01 02:25:00	14.1	북북서	337	9.60	26.53	0.92	7.6	1.30	8.0	7.7	남동	131	8.2	1017.8	-	33	
2021-02-01 02:30:00	17.0	북북서	329	9.62	26.87	0.84	7.5	1.10	8.5	5.9	남남동	160	8.8	1018.0	-	52	
2021-02-01 02:35:00	14.9	북서	315	9.71	26.80	0.87	7.1	1.10	8.0	4.8	남	189	8.1	1018.0	-	73	
2021-02-01 02:40:00	14.9	북북서	334	9.76	26.31	0.81	7.2	1.15	6.0	6.8	남남동	151	8.6	1017.8	-	36	
2021-02-01 02:45:00	16.6	북북서	333	9.78	26.12	0.90	7.3	1.33	8.0	8.1	남남동	154	9.0	1017.6	-	80	
2021-02-01 02:50:00	18.3	북서	320	9.81	26.23	0.84	7.6	1.18	8.0	8.8	남남동	151	9.3	1017.4	-	63	
2021-02-01 02:55:00	16.9	북북서	330	9.70	26.71	0.92	7.3	1.52	7.5	8.0	남남동	151	9.4	1017.3	-	58	
2021-02-01 03:00:00	20.1	북북서	332	9.77	26.30	0.92	7.9	1.61	7.5	8.6	남남동	158	9.2	1017.2	-	61	
2021-02-01 03:05:00	12.7	북북서	326	9.76	26.04	0.87	7.4	1.38	8.5	8.5	남남동	149	8.8	1017.1	-	69	
2021-02-01 03:10:00	27.3	북북서	329	9.69	26.01	0.82	6.3	1.13	8.5	8.9	남남동	157	9.2	1017.1	-	55	
2021-02-01 03:15:00	25.9	북북서	329	9.68	25.95	0.80	6.6	1.04	7.5	7.4	남남동	154	9.2	1017.0	-	71	
2021-02-01 03:20:00	22.7	북북서	334	9.69	26.00	0.90	7.1	1.13	8.5	9.1	남남동	152	9.4	1016.6	-	66	
2021-02-01 03:25:00	18.5	북북서	330	9.71	26.32	0.99	6.9	1.22	9.0	6.0	남	181	8.8	1016.8	-	47	
2021-02-01 03:30:00	15.4	북북서	341	9.69	26.42	1.00	7.4	1.33	9.0	7.9	남남동	165	9.0	1016.6	-	52	
2021-02-01 03:35:00	18.6	북서	325	9.69	25.92	0.92	7.1	1.17	6.0	5.7	남	177	9.4	1016.5	-	57	
2021-02-01 03:40:00	13.1	북북서	335	9.70	25.97	0.94	6.6	1.19	6.5	6.6	남	186	9.5	1016.5	-	93	
2021-02-01 03:45:00	13.1	북북서	329	9.70	25.93	0.96	6.9	1.50	6.0	3.6	남남서	213	8.1	1016.5	-	56	
2021-02-01 03:50:00	9.8	북북서	337	9.70	25.99	0.83	5.8	1.18	7.5	4.3	남	171	8.1	1016.3	-	105	
2021-02-01 03:55:00	11.1	북북서	343	9.68	26.71	0.82	6.2	1.29	6.5	4.8	남	183	8.3	1016.2	-	80	
2021-02-01 04:00:00	8.7	북북서	329	9.66	26.60	1.00	7.7	1.33	6.5	2.2	남남서	199	7.9	1016.1	-	79	
2021-02-01 04:05:00	15.2	북북서	335	9.63	26.37	0.86	6.6	1.02	7.0	2.4	남	179	8.0	1016.1	-	77	
2021-02-01 04:10:00	8.8	북북서	338	9.57	26.47	0.95	6.9	1.31	6.0	2.9	남남동	147	8.0	1015.9	-	77	
2021-02-01 04:15:00	13.9	북북서	336	9.48	26.60	0.93	6.9	1.23	7.0	1.9	동북동	69	7.6	1015.8	-	55	
2021-02-01 04:20:00	12.0	북서	324	9.42	26.54	0.80	6.2	1.10	8.0	1.4	서북서	286	7.8	1015.6	-	87	
2021-02-01 04:25:00	12.4	북북서	334	9.43	26.56	0.88	6.2	1.30	6.0	2.1	동남동	114	8.3	1015.8	-	64	
2021-02-01 04:30:00	13.2	북북서	342	9.49	26.44	0.95	6.5	1.49	7.5	2.8	동	93	8.5	1015.6	-	68	
2021-02-01 04:35:00	13.0	북북서	337	9.53	26.56	0.91	6.2	1.62	6.0	3.1	동	99	8.6	1015.5	-	73	
2021-02-01 04:40:00	13.4	북	356	9.56	26.68	0.81	6.2	1.23	7.0	4.5	동남동	123	8.6	1015.3	-	91	
2021-02-01 04:45:00	13.6	북	352	9.58	26.66	1.01	7.8	1.37	6.0	4.4	남동	133	8.4	1015.4	-	85	
2021-02-01 04:50:00	16.8	북북서	345	9.57	26.70	0.91	6.5	1.21	7.0	4.1	남동	125	8.6	1015.3	-	84	
2021-02-01 04:55:00	15.4	북	359	9.51	26.48	0.91	6.6	1.19	6.5	5.0	동남동	121	8.7	1015.1	-	65	
2021-02-01 05:00:00	12.6	북	1	9.52	26.26	0.96	7.2	1.21	8.5	6.1	남동	128	9.0	1015.1	-	63	
2021-02-01 05:05:00	14.0	북북서	349	9.44	27.26	0.94	6.7	1.20	7.0	6.5	남동	124	9.1	1015.1	-	74	
2021-02-01 05:10:00	15.4	북북서	347	9.37	26.16	0.85	6.2	1.23	6.5	4.9	남동	129	9.0	1015.2	-	88	
2021-02-01 05:15:00	21.2	북북서	342	9.32	26.05	0.93	6.5	1.20	8.0	4.7	남동	136	8.9	1015.1	-	77	
2021-02-01 05:20:00	17.6	북북서	342	9.30	25.98	0.81	5.2	1.28	5.5	5.4	남동	129	9.0	1015.0	-	70	
2021-02-01 05:25:00	14.9	북	354	9.29	26.60	1.00	6.9	1.22	6.5	5.3	남동	125	9.3	1014.9	-	77	
2021-02-01 05:30:00	18.0	북	358	9.17	26.54	0.89	5.4	1.31	4.5	5.6	남동	127	9.3	1014.8	-	71	
2021-02-01 05:35:00	12.5	북	3	9.13	26.48	0.88	6.3	1.22	8.0	5.6	남동	128	9.3	1014.7	-	66	
2021-02-01 05:40:00	16.4	북	356	9.11	26.61	0.86	7.0	1.09	7.5	5.8	동남동	121	9.3	1014.8	-	79	
2021-02-01 05:45:00	17.6	북북서	343	9.07	26.63	1.06	7.4	1.49	5.0	6.4	동남동	123	9.4	1014.6	-	95	
2021-02-01 05:50:00	20.5	북북서	342	9.05	26.61	0.87	6.9	1.06	3.5	5.9	남동	132	9.3	1014.6	-	69	
2021-02-01 05:55:00	16.8	북	351	9.07	26.52	0.89	6.9	1.28	6.5	5.8	남남동	150	9.2	1014.7	-	90	
2021-02-01 06:00:00	14.6	북북서	341	9.09	26.75	0.91	7.3	1.19	7.0	5.9	남동	132	9.2	1014.6	-	87	
2021-02-01 06:05:00	10.6	북	350	9.06	26.95	0.96	6.6	1.75	6.5	5.0	남동	137	9.2	1014.6	-	88	
2021-02-01 06:10:00	13.2	북	349	9.05	26.22	0.96	7.2	1.53	8.0	5.0	남동	140	9.3	1014.5	-	66	
2021-02-01 06:15:00	10.2	북북서	337	9.02	26.24	0.89	6.4	1.16	6.5	5.5	남동	137	9.1	1014.5	-	117	
2021-02-01 06:20:00	17.9	북북서	339	9.05	26.50	0.89	6.8	1.21	10.0	5.0	남동	137	9.1	1014.4	-	78	
2021-02-01 06:25:00	14.8	북	358	8.98	26.37	0.85	6.7	1.02	10.0	4.7	남동	135	9.1	1014.3	-	82	
2021-02-01 06:30:00	13.7	북북서	349	8.97	26.36	0.85	6.7	1.27	8.0	5.0	남동	146	9.2	1014.2	-	108	
2021-02-01 06:35:00	11.4	북북서	339	8.89	26.32	0.95	6.8	1.37	6.5	4.4	남남동	155	9.2	1014.2	-	112	
2021-02-01 06:40:00	10.4	북	353	8.89	25.96	0.86	6.4	1.51	6.5	4.8	남남동	158	9.0	1014.3	-	77	
2021-02-01 06:45:00	17.3	북	349	8.84	25.93	0.97	6.8	1.35	7.0	4.9	남남동	158	9.0	1014.2	-	97	
2021-02-01 06:50:00	9.8	북북서	348	8.84	25.89	0.83	6.4	1.07	6.5	4.3	남남동	161	9.0	1014.2	-	97	
2021-02-01 06:55:00	12.1	북북서	339	8.77	25.87	0.83	5.8	1.34	6.0	4.7	남남동	153	8.9	1014.1	-	108	
2021-02-01 07:00:00	11.5	북	2	8.74	26.00	0.89	6.5	1.25	7.0	4.5	남남동	164	9.0	1014.2	-	106	
2021-02-01 07:05:00	9.5	북	5	8.66	26.30	0.84	6.3	1.18	6.0	4.5	남	177	8.7	1014.2	-	101	
2021-02-01 07:10:00	8.1	북	357	8.53	26.59	0.89	5.8	1.27	6.5	3.5	남남동	148	8.5	1013.9	-	92	
2021-02-01 07:15:00	12.0	북	0	8.52	26.61	0.98	7.1	1.61	6.5	4.1	남동	132	8.6	1013.8	-	78	
2021-02-01 07:20:00	6.9	북	5	8.48	26.45	0.87	6.8	1.14	6.5	3.8	남동	142	8.7	1013.8	-	130	
2021-02-01 07:25:00	9.9	북	10	8.48	26.29	0.91	6.2	1.25	7.0	3.9	남남동	151	8.7	1013.7	-	96	
2021-02-01 07:30:00	9.6	북	357	8.33	26.22	0.85	6.4	1.14	7.0	5.0	남남동	161	8.7	1013.7	-	101	
2021-02-01 07:35:00	8.9	북	9	8.33	26.23	0.86	6.2	1.42	6.5	5.9	남남동	159	8.5	1013.6	-	91	
2021-02-01 07:40:00	4.6	북	3	8.32	26.22	0.89	5.8	1.25	5.0	5.0	남남서	194	8.8	1013.7	-	120	
2021-02-01 07:45:00	7.1	북북서	339	8.26	25.85	0.84	6.4	1.06	5.5	6.0	남남서	213	9.9	1013.6	-	52	
2021-02-01 07:50:00	12.6	북	3	8.24	25.67	0.89	5.8	1.23	4.5	5.6	남	185	9.5	1013.6	-	115	
2021-02-01 07:55:00	13.1	북	10	8.19	25.75	0.98	6.3	1.18	7.0	5.4	남남서	206	9.4	1013.5	-	118	
2021-02-01 08:00:00	7.0	북북동	30	8.14	25.71	0.89	6.4	1.21	6.5	5.8	남남서	202	9.9	1013.4	-	67	
2021-02-01 08:05:00	10.4	북북동	18	8.07	26.22	0.87	6.7	1.17	8.0	6.5	남남서	204	10.3	1013.3	-	83	
2021-02-01 08:10:00	9.6	북북동	21	8.01	26.20	0.85	6.0	1.14	5.5	6.1	남남동	167	9.4	1013.3	-	107	
2021-02-01 08:15:00	9.4	북	10	7.96	26.20	0.80	6.8	1.12	6.0	5.5	남남동	164	8.6	1013.3	-	74	
2021-02-01 08:20:00	13.0	북	10	7.96	26.00	0.88	6.1	1.41	6.5	6.4	남남동	149	8.4	1013.2	-	119	
2021-02-01 08:25:00	8.3	북북동	26	7.92	25.93	0.71	7.0	0.95	5.5	5.3	남동	143	8.4	1013.1	-	83	
2021-02-01 08:30:00	8.0	북	10	7.80	26.07	0.76	7.0	1.20	7.0	4.0	남동	142	8.4	1013.2	-	78	
2021-02-01 08:35:00	6.9	북	356	7.85	25.89	0.75	5.6	1.14	5.0	3.7	남동	145	8.5	1013.1	-	117	
2021-02-01 08:40:00	7.6	북동	49	7.81	25.84	0.88	6.8	1.18	8.0	4.2	남동	144	8.5	1013.1	-	115	
2021-02-01 08:45:00	6.3	북	351	7.82	25.58	0.74	5.9	1.09	5.0	3.6	남남동	151	8.5	1013.1	-	73	
2021-02-01 08:50:00	6.0	북동	38	7.77	25.63	0.73	6.1	0.87	5.5	5.1	남남서	210	9.4	1013.0	-	117	
2021-02-01 08:55:00	4.4	북	5	7.75	25.70	0.74	6.0	1.07	6.0	7.1	남서	214	10.5	1012.8	-	58	
2021-02-01 09:00:00	11.0	북북동	16	7.69	25.75	0.84	7.4	1.26	6.0	7.8	남서	215	10.6	1012.7	-	79	
2021-02-01 09:05:00	11.4	북북동	15	7.64	25.74	0.80	7.0	1.04	5.5	7.7	남서	217	10.6	1012.6	-	65	
2021-02-01 09:10:00	9.7	북	354	7.59	25.69	0.75	6.6	0.96	8.0	8.2	남서	224	10.8	1012.5	-	66	
2021-02-01 09:15:00	12.6	북	6	7.50	25.72	0.82	7.2	1.15	6.5	8.4	남서	226	11.0	1012.4	-	81	
2021-02-01 09:20:00	11.7	북북동	15	7.44	25.74	0.84	7.0	1.09	6.5	8.6	남서	221	11.0	1012.4	-	101	
2021-02-01 09:25:00	14.4	북	352	7.42	25.67	0.69	6.6	0.85	8.5	7.3	남서	229	10.9	1012.4	-	82	
2021-02-01 09:30:00	15.3	북	1	7.32	25.71	0.66	6.3	0.99	6.0	8.5	남서	227	11.1	1012.3	-	82	
2021-02-01 09:35:00	9.6	북서	321	7.24	25.82	0.75	7.1	1.01	7.5	9.2	남서	223	11.1	1012.2	-	55	
2021-02-01 09:40:00	11.0	북서	326	7.25	25.63	0.71	6.7	0.96	4.5	9.6	남서	227	11.1	1012.2	-	77	
2021-02-01 09:45:00	9.6	서북서	302	7.34	25.95	0.72	7.3	0.91	6.5	9.4	남서	229	11.1	1012.2	-	87	
2021-02-01 09:50:00	22.1	북서	311	7.70	25.92	0.73	7.0	0.92	5.0	9.2	남서	231	11.2	1012.1	-	118	
2021-02-01 09:55:00	20.6	북서	316	8.15	25.78	0.65	7.6	1.02	7.5	9.3	남서	228	11.2	1011.9	-	79	
2021-02-01 10:00:00	21.6	북서	307	8.52	25.73	0.64	6.2	0.77	5.5	8.9	남서	230	11.3	1011.9	-	65	
2021-02-01 10:05:00	24.6	북서	316	8.64	25.89	0.60	7.3	0.84	8.0	9.0	남서	225	11.2	1011.8	-	91	
2021-02-01 10:10:00	20.6	북서	315	8.64	25.88	0.54	7.2	0.80	8.0	8.5	남서	229	11.3	1011.8	-	102	
2021-02-01 10:15:00	19.7	북북서	330	8.59	25.81	0.67	7.1	0.99	8.0	8.5	남서	230	11.5	1011.9	-	77	
2021-02-01 10:20:00	17.4	북서	321	8.48	25.77	0.68	8.9	0.87	9.5	8.2	서남서	239	11.5	1011.9	-	64	
2021-02-01 10:25:00	15.9	북북서	329	8.37	25.73	0.57	6.7	1.04	6.5	8.9	남서	232	11.5	1011.9	-	60	
2021-02-01 10:30:00	17.1	북서	315	8.32	25.96	0.57	6.6	0.66	5.5	8.6	남서	233	11.7	1011.8	-	114	
2021-02-01 10:35:00	15.9	북북서	332	8.29	25.90	0.71	6.3	1.08	6.5	8.8	남서	235	11.6	1011.7	-	56	
2021-02-01 10:40:00	10.9	북북서	334	8.18	26.13	0.59	6.7	0.71	7.0	7.6	서남서	238	11.7	1011.8	-	86	
2021-02-01 10:45:00	16.2	북북서	332	8.19	26.18	0.63	7.5	0.78	9.5	8.1	남서	233	11.6	1011.7	-	67	
2021-02-01 10:50:00	16.9	북	351	8.00	25.77	0.63	7.5	0.82	8.0	8.7	서남서	238	11.7	1011.6	-	74	
2021-02-01 10:55:00	15.0	북북서	336	8.09	25.73	0.54	6.9	0.64	11.5	9.3	남서	233	11.8	1011.5	-	76	
2021-02-01 11:00:00	17.4	북	349	8.00	25.65	0.68	6.8	1.06	6.0	9.5	남서	229	11.6	1011.4	-	122	
2021-02-01 11:05:00	11.9	북	355	7.97	25.69	0.62	6.0	0.79	6.0	10.0	남서	229	11.8	1011.4	-	101	
2021-02-01 11:10:00	11.9	북	360	7.89	25.71	0.66	7.1	0.87	9.5	8.7	남서	226	11.7	1011.4	-	101	
2021-02-01 11:15:00	15.7	북	352	7.83	25.70	0.66	7.4	0.88	6.0	8.9	남서	224	11.7	1011.3	-	48	
2021-02-01 11:20:00	13.1	북	354	7.74	25.68	0.61	6.7	0.74	7.5	9.4	남서	231	11.6	1011.2	-	67	
2021-02-01 11:25:00	12.2	북	355	7.67	25.61	0.66	6.4	0.98	6.0	8.9	남서	228	11.8	1010.9	-	82	
2021-02-01 11:30:00	16.1	북	1	7.61	25.59	0.64	7.7	0.82	7.0	9.2	서남서	238	11.7	1010.8	-	58	
2021-02-01 11:35:00	12.4	북	6	7.55	25.56	0.57	7.0	0.75	6.5	9.2	서남서	237	11.9	1010.7	-	103	
2021-02-01 11:40:00	17.4	북	7	7.49	25.54	0.55	6.2	0.76	7.0	10.2	남서	230	11.8	1010.7	-	116	
2021-02-01 11:45:00	15.1	북북동	14	7.46	25.64	0.64	6.9	0.88	7.5	10.1	남서	228	11.9	1010.7	-	70	
2021-02-01 11:50:00	10.2	북북동	17	7.38	26.08	0.58	7.5	0.83	6.5	9.8	남서	231	11.9	1010.7	-	74	
2021-02-01 11:55:00	10.8	북	7	7.33	25.90	0.55	6.3	0.86	7.5	8.4	남서	234	11.9	1010.6	-	104	
2021-02-01 12:00:00	13.1	북	4	7.29	25.58	0.59	7.6	0.81	9.5	9.8	남서	230	12.2	1010.5	-	76	
2021-02-01 12:05:00	8.9	북북동	25	7.20	25.54	0.63	6.8	0.85	8.5	8.4	남서	223	12.1	1010.4	-	74	
2021-02-01 12:10:00	8.9	북북동	21	7.20	25.50	0.55	6.7	0.90	4.5	6.4	서남서	250	12.0	1010.4	-	58	
2021-02-01 12:15:00	12.6	북	0	7.13	25.51	0.53	6.6	0.73	7.0	10.2	남서	233	12.3	1010.1	-	67	
2021-02-01 12:20:00	12.7	북동	36	7.10	25.50	0.55	7.0	0.80	6.5	7.7	서남서	241	12.4	1010.1	-	105	
2021-02-01 12:25:00	7.7	북	11	7.07	25.54	0.62	7.5	0.79	5.5	8.8	서남서	238	11.8	1010.0	-	79	
2021-02-01 12:30:00	14.9	북북동	17	7.05	25.56	0.56	7.6	0.79	8.0	9.8	서남서	240	12.1	1009.8	-	78	
2021-02-01 12:35:00	8.7	북북동	27	7.03	25.61	0.64	8.0	0.84	7.0	9.8	남서	235	12.1	1009.8	-	77	
2021-02-01 12:40:00	12.1	북동	36	6.99	25.82	0.49	7.7	0.68	7.0	8.3	서남서	238	12.0	1009.9	-	67	
2021-02-01 12:45:00	7.9	북북동	12	6.95	25.81	0.53	7.9	0.81	7.5	8.8	남서	231	11.7	1009.8	-	78	
2021-02-01 12:50:00	10.4	북	7	6.92	25.83	0.49	6.4	0.69	7.0	8.9	남서	229	11.7	1009.7	-	131	
2021-02-01 12:55:00	9.1	북	349	6.90	25.85	0.53	7.7	0.71	5.0	9.1	남서	227	11.6	1009.6	-	86	
2021-02-01 13:00:00	7.1	북동	38	6.88	25.49	0.56	7.3	0.82	6.5	8.4	남서	226	11.7	1009.5	-	112	
2021-02-01 13:05:00	6.3	북	359	6.89	25.86	0.61	7.1	0.86	6.5	9.3	남서	222	12.2	1009.3	-	98	
2021-02-01 13:10:00	6.4	북	356	6.86	25.98	0.58	7.6	0.88	7.0	8.3	서남서	243	11.7	1009.4	-	63	
2021-02-01 13:15:00	4.1	북북동	27	6.87	25.90	0.49	7.1	0.78	7.0	8.3	남서	228	11.7	1009.2	-	63	
2021-02-01 13:20:00	8.8	북	357	6.84	25.50	0.58	8.1	0.87	7.5	8.1	서남서	241	12.0	1009.0	-	87	
2021-02-01 13:25:00	6.0	북동	40	6.82	25.95	0.50	6.8	0.75	8.0	8.2	서남서	245	11.9	1009.0	-	120	
2021-02-01 13:30:00	9.5	북북동	25	6.81	25.97	0.46	7.1	0.69	6.5	7.8	서남서	240	12.1	1009.0	-	86	
2021-02-01 13:35:00	11.0	북동	37	6.78	25.94	0.52	7.7	0.65	6.5	7.7	서남서	244	11.8	1008.9	-	65	
2021-02-01 13:40:00	8.6	북동	34	6.77	25.91	0.46	7.3	0.64	7.0	9.2	서남서	242	11.9	1008.7	-	59	
2021-02-01 13:45:00	8.0	북동	39	6.74	25.92	0.51	7.0	0.70	8.0	8.3	서남서	257	11.9	1008.8	-	65	
2021-02-01 13:50:00	0.9	북동	43	6.73	25.90	0.51	6.0	0.82	5.0	7.6	서남서	255	11.9	1008.7	-	66	
2021-02-01 13:55:00	9.1	북동	54	6.71	25.75	0.46	6.3	0.54	6.5	8.9	서남서	252	12.1	1008.6	-	105	
2021-02-01 14:00:00	13.9	동북동	70	6.61	25.78	0.49	6.2	0.68	7.0	8.9	서남서	255	12.0	1008.6	-	110	
2021-02-01 14:05:00	12.6	북동	52	6.56	25.94	0.53	7.2	0.63	7.0	7.3	서	260	12.0	1008.6	-	74	
2021-02-01 14:10:00	7.5	동	81	6.55	25.92	0.48	7.2	0.72	6.5	9.1	서남서	258	12.0	1008.4	-	92	
2021-02-01 14:15:00	10.6	동북동	63	6.54	25.88	0.49	7.3	0.62	10.0	9.1	서	267	12.1	1008.3	-	69	
2021-02-01 14:20:00	10.8	동	96	6.52	25.88	0.48	7.5	0.64	6.0	6.4	서남서	251	12.2	1008.4	-	61	
2021-02-01 14:25:00	12.8	동북동	63	6.51	25.87	0.48	6.6	0.57	8.5	7.5	서남서	240	12.3	1008.3	-	77	
2021-02-01 14:30:00	7.8	동	85	6.51	25.78	0.46	6.9	0.61	6.0	6.9	남서	230	12.6	1008.3	-	74	
2021-02-01 14:35:00	9.1	동남동	109	6.50	25.74	0.55	6.1	0.73	6.5	7.4	서남서	247	12.0	1008.4	-	99	
2021-02-01 14:40:00	9.3	동북동	78	6.51	25.89	0.60	7.2	0.87	6.5	7.0	서남서	256	12.0	1008.3	-	99	
2021-02-01 14:45:00	5.7	동	80	6.51	25.88	0.58	6.8	0.75	7.0	10.7	남남서	211	11.9	1007.9	-	109	
2021-02-01 14:50:00	8.2	동북동	59	6.51	25.86	0.62	7.7	0.77	9.5	9.9	남서	215	12.4	1007.9	-	112	
2021-02-01 14:55:00	7.4	동	93	6.51	25.75	0.53	7.3	0.77	8.0	7.3	남서	220	12.6	1008.1	-	82	
2021-02-01 15:00:00	10.9	동	100	6.50	25.89	0.54	7.0	0.91	9.5	9.4	남남서	208	11.9	1008.1	-	72	
2021-02-01 15:05:00	15.5	북동	51	6.50	26.26	0.64	7.4	0.79	9.0	8.8	남서	214	12.2	1008.0	-	71	
2021-02-01 15:10:00	9.4	동	82	6.50	25.97	0.44	7.0	0.65	8.5	6.1	남서	233	12.4	1008.2	-	65	
2021-02-01 15:15:00	12.2	동북동	71	6.50	25.99	0.49	7.4	0.62	7.5	7.6	서남서	258	11.9	1008.2	-	85	
2021-02-01 15:20:00	6.9	동북동	66	6.50	25.96	0.53	7.5	0.64	8.0	8.6	서	261	12.5	1008.0	-	88	
2021-02-01 15:25:00	9.7	동	93	6.49	25.98	0.47	6.9	0.69	7.0	8.1	서	270	12.7	1008.0	-	89	
2021-02-01 15:30:00	13.8	동	94	6.49	26.00	0.51	7.3	0.68	7.5	8.3	서남서	237	12.5	1008.2	-	95	
2021-02-01 15:35:00	12.4	동남동	110	6.49	26.01	0.51	7.1	0.69	7.5	8.8	서	260	12.6	1008.2	-	60	
2021-02-01 15:40:00	10.0	동남동	110	6.49	26.00	0.47	7.6	0.56	10.5	8.2	서남서	238	12.7	1008.3	-	82	
2021-02-01 15:45:00	10.8	동	88	6.48	26.06	0.51	7.4	0.84	8.0	4.4	남서	220	13.0	1008.3	-	76	
2021-02-01 15:50:00	8.9	동	99	6.48	26.07	0.47	7.0	0.59	8.0	5.2	남서	227	12.4	1008.3	-	109	
2021-02-01 15:55:00	9.9	동	90	6.47	26.06	0.50	7.6	0.82	8.5	5.7	서남서	252	12.1	1008.3	-	95	
2021-02-01 16:00:00	7.2	동	89	6.47	26.20	0.51	7.4	0.73	6.5	8.9	서남서	243	12.3	1008.3	-	68	
2021-02-01 16:05:00	10.7	동남동	114	6.46	26.23	0.48	7.5	0.70	7.5	6.9	남서	223	12.5	1008.3	-	81	
2021-02-01 16:10:00	7.8	동	99	6.45	26.11	0.51	7.3	0.73	7.0	9.2	남서	214	11.9	1008.2	-	100	
2021-02-01 16:15:00	10.5	동남동	110	6.44	26.16	0.49	7.1	0.70	7.5	7.5	남남서	197	11.8	1008.1	-	60	
2021-02-01 16:20:00	13.3	동	84	6.43	26.11	0.46	7.2	0.63	6.5	7.9	남서	215	12.2	1008.2	-	90	
2021-02-01 16:25:00	10.6	동	86	6.43	26.03	0.57	7.4	0.73	7.0	9.2	남서	225	11.3	1008.2	-	112	
2021-02-01 16:30:00	9.6	동	101	6.42	26.03	0.54	8.2	0.82	9.0	6.7	서남서	245	10.9	1008.4	-	66	
2021-02-01 16:35:00	8.8	동남동	105	6.41	25.96	0.49	7.4	0.62	7.5	9.8	남남서	211	11.1	1008.1	-	90	
2021-02-01 16:40:00	5.8	동남동	118	6.39	26.04	0.49	7.8	0.59	7.5	9.9	남서	217	11.1	1008.1	-	105	
2021-02-01 16:45:00	10.8	동	94	6.38	26.09	0.52	7.2	0.83	7.5	9.9	남남서	207	11.4	1008.1	-	71	
2021-02-01 16:50:00	9.6	동	100	6.37	26.23	0.46	7.3	0.64	6.0	7.0	남서	228	11.8	1008.4	-	66	
2021-02-01 16:55:00	10.0	동	101	6.36	26.30	0.45	6.2	0.69	8.5	6.4	남서	219	11.5	1008.5	-	95	
2021-02-01 17:00:00	8.4	남동	125	6.34	26.33	0.49	7.4	0.60	8.0	7.4	서남서	238	11.2	1008.5	-	114	
2021-02-01 17:05:00	11.9	남동	129	6.33	26.31	0.51	7.5	0.61	7.0	8.0	서	264	11.2	1008.6	-	81	
2021-02-01 17:10:00	12.5	동남동	107	6.32	26.06	0.54	7.0	0.83	8.0	7.2	서	263	11.2	1008.5	-	89	
2021-02-01 17:15:00	12.2	남동	125	6.29	25.85	0.55	7.0	0.66	6.5	6.4	서	265	11.2	1008.6	-	88	
2021-02-01 17:20:00	13.1	남동	135	6.30	25.99	0.52	8.1	0.69	9.5	6.3	서	266	11.1	1008.7	-	67	
2021-02-01 17:25:00	12.0	동남동	120	6.27	26.62	0.51	7.2	0.64	6.0	5.6	서	264	11.2	1008.6	-	92	
2021-02-01 17:30:00	14.5	남동	146	6.30	26.59	0.53	7.4	0.63	8.0	7.2	서남서	252	11.5	1008.6	-	43	
2021-02-01 17:35:00	10.3	동남동	117	6.31	26.19	0.53	6.4	0.75	7.0	7.8	남서	225	11.6	1008.6	-	77	
2021-02-01 17:40:00	7.2	동남동	101	6.30	26.36	0.50	7.0	0.82	7.5	6.8	서남서	240	11.6	1008.6	-	96	
2021-02-01 17:45:00	6.0	동남동	117	6.30	26.37	0.47	6.3	0.68	7.0	7.2	서남서	249	11.3	1008.7	-	77	
2021-02-01 17:50:00	5.6	동남동	123	6.30	26.28	0.62	8.0	0.80	8.0	5.5	서	259	11.2	1008.9	-	66	
2021-02-01 17:55:00	9.7	동남동	118	6.31	26.32	0.63	8.0	0.72	6.0	7.9	서	263	11.3	1008.7	-	85	
2021-02-01 18:00:00	10.0	남동	135	6.29	26.54	0.52	6.9	0.66	9.0	5.7	서남서	254	11.5	1008.7	-	79	
2021-02-01 18:05:00	8.1	남동	145	6.28	26.30	0.53	7.3	0.70	8.0	5.1	서	259	11.1	1008.9	-	90	
2021-02-01 18:10:00	10.5	남동	133	6.28	25.97	0.48	7.4	0.58	7.5	5.2	남서	234	11.1	1009.0	-	107	
2021-02-01 18:15:00	8.1	동남동	114	6.27	26.14	0.50	7.8	0.64	7.0	4.4	서남서	239	11.4	1009.0	-	92	
2021-02-01 18:20:00	8.4	남동	135	6.42	26.17	0.49	7.6	0.82	7.0	4.3	서	266	11.2	1009.1	-	77	
2021-02-01 18:25:00	15.0	남남동	148	6.51	26.04	0.45	7.1	0.61	8.5	4.9	서남서	251	11.3	1009.2	-	90	
2021-02-01 18:30:00	16.7	동남동	122	6.52	25.97	0.51	7.8	0.75	5.5	5.1	서남서	240	11.1	1009.1	-	93	
2021-02-01 18:35:00	18.7	남동	137	6.52	26.04	0.45	7.4	0.60	9.0	6.0	서남서	243	11.2	1009.1	-	94	
2021-02-01 18:40:00	17.3	남동	137	6.54	26.76	0.50	7.8	0.67	7.0	6.2	서남서	246	10.9	1009.2	-	100	
2021-02-01 18:45:00	25.7	남동	124	6.75	27.03	0.53	8.5	0.85	9.0	6.5	서남서	257	11.0	1009.2	-	107	
2021-02-01 18:50:00	22.3	남동	136	6.91	26.91	0.48	7.6	0.64	7.5	6.3	서남서	256	11.4	1009.3	-	91	
2021-02-01 18:55:00	20.2	남동	136	6.93	26.05	0.50	7.8	0.69	7.0	6.7	남서	229	11.2	1009.4	-	78	
2021-02-01 19:00:00	23.6	남동	138	6.92	25.81	0.44	7.0	0.73	8.0	6.1	남서	222	11.3	1009.5	-	88	
2021-02-01 19:05:00	20.6	남동	125	6.92	25.87	0.47	7.3	0.71	6.5	4.8	서남서	258	11.3	1009.7	-	105	
2021-02-01 19:10:00	13.8	남동	134	6.96	25.91	0.57	7.8	0.89	7.0	6.2	남서	227	11.0	1009.7	-	118	
2021-02-01 19:15:00	20.9	남동	143	6.98	25.88	0.56	7.0	0.76	7.0	7.3	서남서	253	11.1	1009.7	-	112	
2021-02-01 19:20:00	20.3	남동	130	6.99	25.91	0.47	8.2	0.56	8.5	4.2	서남서	254	11.1	1009.8	-	76	
2021-02-01 19:25:00	18.3	남동	133	7.01	25.83	0.58	7.3	0.81	7.0	3.7	서남서	248	11.0	1009.8	-	109	
2021-02-01 19:30:00	21.6	남동	135	7.02	25.73	0.50	6.5	0.83	8.0	4.7	서	264	10.6	1009.9	-	95	
2021-02-01 19:35:00	21.5	남동	142	7.01	25.86	0.50	7.1	0.68	8.0	5.2	서	261	10.8	1009.9	-	94	
2021-02-01 19:40:00	15.6	남동	131	7.00	25.87	0.57	7.3	0.77	6.5	6.1	서남서	253	11.0	1010.1	-	113	
2021-02-01 19:45:00	20.2	남동	145	7.00	26.38	0.50	6.8	0.70	7.0	5.6	남서	223	11.1	1010.2	-	88	
2021-02-01 19:50:00	21.3	남동	141	6.98	26.70	0.51	7.6	0.63	8.5	6.3	서남서	246	10.9	1010.2	-	88	
2021-02-01 19:55:00	20.6	남동	139	6.98	26.73	0.60	7.6	0.75	6.5	4.9	서남서	254	10.8	1010.3	-	113	
2021-02-01 20:00:00	19.3	남동	131	7.00	26.66	0.53	6.8	0.75	6.0	7.4	서	263	10.7	1010.3	-	114	
2021-02-01 20:05:00	17.1	남동	139	7.01	26.67	0.52	7.1	0.68	5.5	7.3	서	269	10.6	1010.4	-	93	
2021-02-01 20:10:00	21.0	남동	131	7.02	26.69	0.59	7.7	0.92	7.0	8.0	서남서	258	10.5	1010.4	-	77	
2021-02-01 20:15:00	18.9	남동	138	7.01	26.67	0.47	6.8	0.76	6.5	6.5	서남서	252	10.3	1010.6	-	126	
2021-02-01 20:20:00	17.4	남동	141	6.99	26.71	0.56	7.2	0.77	9.0	7.3	서남서	254	10.3	1010.6	-	103	
2021-02-01 20:25:00	19.0	남동	136	6.96	26.76	0.49	7.7	0.64	7.0	6.7	서남서	255	10.2	1010.7	-	58	
2021-02-01 20:30:00	19.4	남동	137	6.95	26.85	0.46	7.1	0.61	7.5	6.8	서남서	254	10.1	1010.8	-	124	
2021-02-01 20:35:00	22.4	남동	144	6.96	26.77	0.50	7.1	0.63	7.5	6.5	서남서	258	10.4	1011.0	-	111	
2021-02-01 20:40:00	23.8	남동	139	6.96	26.86	0.43	7.0	0.70	8.5	5.4	서남서	256	9.9	1011.1	-	70	
2021-02-01 20:45:00	23.0	남동	145	6.94	26.78	0.43	7.9	0.66	9.5	7.6	서남서	258	9.8	1011.0	-	85	
2021-02-01 20:50:00	22.3	남동	139	6.94	26.72	0.61	7.5	0.99	8.0	6.9	서남서	255	9.6	1011.1	-	108	
2021-02-01 20:55:00	24.0	남동	143	6.92	27.38	0.50	6.9	0.76	9.5	7.5	서	259	9.6	1011.1	-	72	
2021-02-01 21:00:00	24.1	남남동	146	6.91	26.80	0.50	5.5	0.82	8.0	8.1	서	264	9.6	1011.2	-	91	
2021-02-01 21:05:00	26.0	남남동	150	6.90	26.72	0.51	6.9	0.74	8.5	7.2	서남서	250	9.5	1011.2	-	65	
2021-02-01 21:10:00	23.1	남동	143	6.90	26.79	0.53	6.1	0.74	7.0	7.2	서	276	9.5	1011.3	-	87	
2021-02-01 21:15:00	23.9	남동	144	6.91	26.86	0.48	4.7	0.74	5.0	5.7	서	269	9.3	1011.5	-	102	
2021-02-01 21:20:00	18.0	남동	140	6.92	26.61	0.50	6.4	0.65	8.5	4.9	서	281	9.3	1011.6	-	107	
2021-02-01 21:25:00	17.2	남동	139	6.94	26.71	0.50	6.5	0.60	6.5	4.3	서북서	292	9.2	1011.7	-	110	
2021-02-01 21:30:00	13.1	남남동	149	6.94	26.54	0.50	6.4	0.80	3.5	4.6	서북서	300	8.9	1011.8	-	74	
2021-02-01 21:35:00	19.7	남남동	147	6.94	26.50	0.54	6.7	0.85	7.5	5.9	서북서	298	8.6	1011.8	-	63	
2021-02-01 21:40:00	25.0	남남동	148	6.94	26.54	0.57	6.5	0.72	8.5	6.9	서북서	295	8.7	1011.8	-	55	
2021-02-01 21:45:00	31.5	남동	140	6.96	27.40	0.53	5.5	0.74	8.0	8.7	서북서	299	8.7	1011.7	-	105	
2021-02-01 21:50:00	23.1	남남동	165	6.96	26.32	0.55	5.8	0.66	6.0	9.7	서북서	302	8.6	1011.8	-	89	
2021-02-01 21:55:00	24.6	남동	141	7.00	26.20	0.62	6.0	0.85	9.5	8.1	북서	304	8.6	1011.9	-	74	
2021-02-01 22:00:00	21.4	남남동	163	7.03	25.95	0.59	4.8	0.75	4.0	8.2	서북서	296	8.4	1012.0	-	91	
2021-02-01 22:05:00	24.0	남남동	150	7.06	26.53	0.66	5.1	0.93	6.5	9.4	북서	308	8.4	1012.1	-	69	
2021-02-01 22:10:00	32.1	남남동	150	7.12	26.55	0.60	5.1	0.92	7.0	9.0	북서	306	8.3	1012.1	-	97	
2021-02-01 22:15:00	33.0	남남동	150	7.16	26.45	0.58	5.4	0.78	3.5	8.0	북서	305	8.2	1012.1	-	71	
2021-02-01 22:20:00	30.7	남남동	150	7.25	26.28	0.61	5.5	0.98	9.5	9.6	서북서	300	8.2	1012.2	-	103	
2021-02-01 22:25:00	29.4	남남동	152	7.23	26.20	0.58	5.3	0.75	6.5	8.1	서북서	296	8.2	1012.4	-	123	
2021-02-01 22:30:00	22.0	남남동	146	7.18	26.38	0.61	5.5	0.98	8.0	9.7	서북서	293	8.2	1012.4	-	90	
2021-02-01 22:35:00	21.5	남남동	152	7.13	26.59	0.51	5.6	0.68	7.0	7.5	서북서	298	8.1	1012.6	-	70	
2021-02-01 22:40:00	27.1	남남동	166	7.15	27.15	0.59	6.1	0.82	8.5	7.7	서북서	298	8.0	1012.6	-	95	
2021-02-01 22:45:00	32.4	남남동	162	7.16	26.42	0.61	5.9	0.86	7.0	8.0	서북서	294	8.0	1012.7	-	114	
2021-02-01 22:50:00	29.3	남남동	156	7.17	26.23	0.50	5.9	0.64	7.5	6.5	서북서	292	7.9	1012.7	-	90	
2021-02-01 22:55:00	35.6	남남동	158	7.15	26.11	0.52	4.9	0.76	7.5	6.4	서북서	292	7.8	1012.8	-	335	
2021-02-01 23:00:00	21.3	남남동	160	7.12	26.70	0.54	5.0	0.73	3.0	6.1	서북서	300	7.8	1012.8	-	89	
2021-02-01 23:05:00	25.6	남동	142	7.11	26.33	0.49	5.2	0.82	5.5	6.1	서북서	285	8.0	1012.8	-	93	
2021-02-01 23:10:00	16.0	남남동	162	7.11	26.18	0.60	6.9	0.87	7.5	4.6	서	277	7.7	1012.9	-	81	
2021-02-01 23:15:00	24.5	남남동	149	7.11	26.16	0.55	5.3	0.71	6.0	4.8	서	278	7.6	1013.0	-	96	
2021-02-01 23:20:00	22.5	남동	142	7.09	26.24	0.52	5.8	0.78	8.5	5.4	서북서	283	7.6	1012.9	-	104	
2021-02-01 23:25:00	23.0	남남동	163	7.08	26.30	0.56	5.9	0.76	7.5	5.9	서북서	290	7.5	1013.0	-	106	
2021-02-01 23:30:00	15.5	남남동	156	7.07	26.61	0.54	5.3	0.88	4.0	9.1	서북서	303	7.6	1013.0	-	77	
2021-02-01 23:35:00	25.1	남남동	160	7.06	26.58	0.53	6.4	0.75	7.0	8.4	서북서	284	7.6	1013.0	-	71	
2021-02-01 23:40:00	22.7	남남동	156	7.06	26.50	0.57	5.1	0.77	7.5	7.2	서북서	291	7.4	1013.1	-	89	
2021-02-01 23:45:00	26.0	남남동	151	7.04	26.44	0.58	5.5	0.77	4.0	7.8	서북서	299	7.4	1013.1	-	108	
2021-02-01 23:50:00	27.5	남남동	156	7.09	26.34	0.59	5.6	0.91	3.5	7.5	서북서	292	7.3	1013.3	-	141	
2021-02-01 23:55:00	25.0	남남동	147	7.10	26.14	0.67	5.5	1.08	5.0	6.3	서북서	289	7.2	1013.4	-	168	
2021-02-02 00:00:00	25.5	남남동	156	7.11	25.97	0.67	5.2	0.89	4.5	6.2	서	281	7.1	1013.4	-	172	
2021-02-02 00:05:00	16.5	남	170	7.13	26.01	0.64	4.5	0.99	5.0	4.6	서	279	7.0	1013.5	-	153	
2021-02-02 00:10:00	24.1	남남동	166	7.14	25.98	0.72	4.8	1.01	3.5	5.0	서	276	7.0	1013.5	-	94	
2021-02-02 00:15:00	10.3	남동	132	7.16	26.67	0.62	5.4	0.76	3.0	4.7	서	281	6.9	1013.6	-	113	
2021-02-02 00:20:00	26.1	남	182	7.18	26.57	0.67	5.5	0.97	8.5	6.3	서북서	297	6.9	1013.6	-	142	
2021-02-02 00:25:00	17.9	남남동	160	7.22	26.55	0.69	4.2	1.12	5.0	6.8	서북서	297	6.8	1013.7	-	156	
2021-02-02 00:30:00	25.3	남남동	160	7.22	26.42	0.75	5.8	0.95	4.5	7.9	서북서	302	6.6	1013.7	-	97	
2021-02-02 00:35:00	24.9	남	172	7.20	26.66	0.70	4.6	0.94	4.5	8.1	서북서	300	6.6	1013.8	-	146	
2021-02-02 00:40:00	22.8	남남동	151	7.19	26.66	0.79	5.0	1.13	4.5	10.3	북서	307	6.5	1013.9	-	307	
2021-02-02 00:45:00	17.7	남남동	168	7.19	26.42	0.68	4.5	0.90	5.0	10.0	서북서	303	6.4	1014.1	-	322	
2021-02-02 00:50:00	31.1	남남동	162	7.20	25.98	0.65	4.5	1.05	5.5	10.5	북서	306	6.3	1014.2	-	141	
2021-02-02 00:55:00	30.4	남남동	157	7.17	26.05	0.73	4.8	1.09	6.5	11.6	북서	308	6.1	1014.2	-	171	
2021-02-02 01:00:00	22.6	남동	142	7.18	25.93	0.76	5.1	1.10	7.5	11.4	북서	306	5.9	1014.2	-	109	
2021-02-02 01:05:00	15.4	남남동	148	7.18	25.94	0.82	4.8	1.06	5.5	11.4	서북서	303	5.7	1014.3	-	156	
2021-02-02 01:10:00	24.9	남동	130	7.17	25.73	0.86	5.2	1.08	5.0	11.3	북서	307	5.6	1014.4	-	174	
2021-02-02 01:15:00	20.2	남동	143	7.16	25.61	0.91	4.1	1.33	4.5	11.5	북서	308	5.4	1014.6	-	163	
2021-02-02 01:20:00	15.3	남	171	7.16	25.75	0.93	4.6	1.26	3.5	11.9	서북서	301	5.1	1014.7	-	257	
2021-02-02 01:25:00	23.8	남동	143	7.19	25.84	0.94	4.4	1.32	6.0	13.4	북서	308	4.9	1014.9	-	131	
2021-02-02 01:30:00	18.5	남남동	148	7.22	25.81	0.95	4.9	1.30	5.5	12.3	서북서	302	4.9	1015.1	-	348	
2021-02-02 01:35:00	19.7	남남동	156	7.22	25.84	1.03	4.2	1.55	4.5	11.9	북서	304	4.7	1015.4	-	197	
2021-02-02 01:40:00	19.5	남남동	146	7.24	25.91	0.78	4.9	1.22	4.5	11.7	북서	305	4.5	1015.4	-	280	
2021-02-02 01:45:00	19.8	남남동	155	7.24	26.30	0.91	4.5	1.57	5.0	10.1	서북서	299	4.3	1015.7	-	148	
2021-02-02 01:50:00	17.8	남동	142	7.23	25.93	0.87	4.6	1.20	4.0	11.1	서북서	292	4.2	1015.9	-	338	
2021-02-02 01:55:00	24.3	남동	144	7.21	25.93	0.87	4.6	1.16	4.0	10.3	서북서	296	4.1	1016.1	-	330	
2021-02-02 02:00:00	19.0	남남동	148	7.20	25.93	0.85	5.1	1.04	4.0	10.9	서북서	296	4.1	1016.1	-	197	
2021-02-02 02:05:00	18.4	남동	143	7.19	25.88	0.86	4.9	1.53	5.0	11.2	서북서	292	3.9	1016.1	-	334	
2021-02-02 02:10:00	20.5	남남동	148	7.20	26.35	0.90	5.0	1.35	5.0	10.3	서북서	286	3.8	1016.2	-	331	
2021-02-02 02:15:00	15.2	남	181	7.21	26.33	0.90	4.7	1.25	4.5	10.5	서북서	292	3.6	1016.2	-	337	
2021-02-02 02:20:00	14.9	남동	127	7.21	25.83	0.88	4.4	1.40	5.0	10.0	서북서	294	3.6	1016.3	-	164	
2021-02-02 02:25:00	18.7	남동	140	7.22	25.84	0.92	4.8	1.47	4.5	10.4	서북서	294	3.4	1016.3	-	332	
2021-02-02 02:30:00	15.9	남동	144	7.22	26.20	0.77	5.1	0.97	4.5	11.8	서북서	287	3.3	1016.2	-	146	
2021-02-02 02:35:00	13.9	남남동	162	7.21	26.59	0.86	4.5	1.42	5.0	10.6	서북서	287	3.3	1016.2	-	324	
2021-02-02 02:40:00	18.5	남동	146	7.21	26.40	0.72	4.8	1.06	4.5	9.8	서북서	290	3.1	1016.2	-	339	
2021-02-02 02:45:00	21.3	남동	146	7.22	26.36	0.80	5.5	1.09	5.0	9.8	서북서	292	3.0	1016.3	-	303	
2021-02-02 02:50:00	16.5	남남동	152	7.23	26.22	0.80	4.8	1.39	4.5	10.5	서북서	297	3.0	1016.2	-	352	
2021-02-02 02:55:00	13.3	남동	144	7.22	26.21	0.89	4.7	1.29	6.0	8.5	서북서	289	2.8	1016.4	-	181	
2021-02-02 03:00:00	16.8	남남동	156	7.21	26.11	0.82	5.0	1.31	4.5	9.2	서	281	2.7	1016.3	-	206	
2021-02-02 03:05:00	16.5	남남동	150	7.21	26.51	0.88	4.7	1.20	4.5	8.1	서북서	287	2.5	1016.5	-	158	
2021-02-02 03:10:00	15.2	남동	133	7.21	26.51	0.83	5.9	1.07	6.0	9.7	서북서	294	2.4	1016.5	-	359	
2021-02-02 03:15:00	15.6	남동	135	7.21	26.45	0.76	4.7	1.10	4.0	9.1	서북서	289	2.5	1016.6	-	307	
2021-02-02 03:20:00	18.1	남남동	147	7.21	26.19	0.80	5.4	1.14	4.5	9.1	서북서	289	2.4	1016.8	-	17	
2021-02-02 03:25:00	13.9	남동	133	7.20	25.90	0.78	5.4	1.08	5.0	9.8	서	281	2.3	1016.8	-	358	
2021-02-02 03:30:00	14.9	남동	138	7.19	25.88	0.85	5.7	1.03	6.0	7.5	서	281	2.2	1017.0	-	337	
2021-02-02 03:35:00	14.1	남동	142	7.19	25.88	0.84	5.4	1.09	5.0	9.7	서북서	288	2.2	1017.0	-	336	
2021-02-02 03:40:00	18.5	남남동	154	7.19	25.71	0.92	5.6	1.29	5.5	9.1	서북서	295	2.2	1017.1	-	341	
2021-02-02 03:45:00	19.6	남동	145	7.18	25.90	0.93	5.0	1.17	5.5	9.4	서북서	286	2.0	1017.2	-	335	
2021-02-02 03:50:00	17.6	남남동	148	7.19	25.89	0.98	6.6	1.29	7.0	9.1	서북서	286	1.8	1017.3	-	346	
2021-02-02 03:55:00	13.9	남동	141	7.19	25.84	0.84	5.8	1.24	5.5	7.8	서	281	1.6	1017.5	-	327	
2021-02-02 04:00:00	17.7	남남동	152	7.18	25.87	0.83	5.3	1.12	5.0	7.9	서북서	290	1.5	1017.6	-	355	
2021-02-02 04:05:00	18.8	남동	142	7.17	25.67	0.91	5.7	1.11	5.0	8.7	서	272	1.4	1017.7	-	338	
2021-02-02 04:10:00	20.9	남동	138	7.17	25.82	0.98	5.5	1.16	5.5	9.1	서북서	283	1.3	1017.9	-	341	
2021-02-02 04:15:00	6.8	남남동	148	7.16	25.88	0.84	5.3	1.15	7.0	9.1	서북서	298	1.3	1017.9	-	336	
2021-02-02 04:20:00	19.6	남동	136	7.15	25.84	1.04	5.9	1.56	5.5	9.4	서북서	286	1.4	1018.1	-	331	
2021-02-02 04:25:00	17.1	남동	128	7.15	25.82	0.98	5.9	1.37	5.5	9.3	서북서	296	1.1	1018.2	-	345	
2021-02-02 04:30:00	22.6	남동	124	7.14	25.83	1.05	5.7	1.56	5.0	10.6	서북서	295	0.9	1018.2	-	337	
2021-02-02 04:35:00	18.5	남남동	148	7.14	25.92	0.97	5.5	1.43	5.0	11.1	서북서	286	0.8	1018.2	-	356	
2021-02-02 04:40:00	15.7	남동	141	7.13	25.90	1.02	6.2	1.28	8.0	10.3	서	278	0.7	1018.2	-	26	
2021-02-02 04:45:00	17.5	남동	135	7.13	25.89	0.99	5.5	1.46	6.5	9.6	서	274	0.6	1018.3	-	344	
2021-02-02 04:50:00	18.8	남동	126	7.13	25.86	0.94	5.8	1.17	6.5	10.4	서	268	0.3	1018.3	-	345	
2021-02-02 04:55:00	16.5	남동	141	7.12	25.88	1.05	5.6	1.60	5.0	10.7	서	275	0.2	1018.4	-	345	
2021-02-02 05:00:00	20.9	남동	142	7.11	25.86	0.97	5.4	1.41	5.0	10.0	서	278	0.2	1018.5	-	352	
2021-02-02 05:05:00	17.6	남동	142	7.10	26.27	0.96	5.4	1.30	5.0	8.7	서	272	0.2	1018.6	-	343	
2021-02-02 05:10:00	17.8	남동	146	7.10	25.79	1.12	5.9	1.52	5.5	9.0	서	265	0.1	1018.4	-	0	
2021-02-02 05:15:00	17.3	남동	144	7.09	25.84	1.15	5.5	1.55	5.0	9.1	서	271	0.0	1018.2	-	338	
2021-02-02 05:20:00	20.8	남남동	149	7.09	25.83	1.00	6.3	1.16	6.5	7.9	서	269	-0.1	1018.2	-	351	
2021-02-02 05:25:00	15.9	남동	143	7.08	26.11	1.05	5.9	1.39	5.0	7.6	서	268	-0.1	1018.3	-	338	
2021-02-02 05:30:00	11.7	남동	142	7.07	26.09	0.98	6.0	1.38	5.0	8.3	서	269	-0.2	1018.3	-	345	
2021-02-02 05:35:00	12.4	남동	132	7.06	26.12	0.91	6.2	1.22	6.0	8.8	서남서	258	-0.2	1018.1	-	351	
2021-02-02 05:40:00	18.1	남동	142	7.06	25.98	0.96	6.4	1.34	5.5	8.9	서	264	-0.2	1018.1	-	41	
2021-02-02 05:45:00	16.9	남남동	155	7.06	26.03	0.88	5.6	1.16	5.5	8.8	서	269	-0.3	1018.2	-	321	
2021-02-02 05:50:00	17.8	남동	132	7.05	26.13	0.92	5.8	1.48	5.0	11.5	서북서	289	-0.3	1018.2	-	352	
2021-02-02 05:55:00	20.9	남동	131	7.05	26.02	0.81	5.8	1.21	6.0	10.5	서북서	298	-0.3	1018.5	-	347	
2021-02-02 06:00:00	15.0	남남동	149	7.06	26.13	0.83	5.9	1.48	5.5	10.9	북서	315	-0.3	1018.9	-	334	
2021-02-02 06:05:00	17.6	남동	144	7.06	26.13	0.96	5.9	1.16	6.5	10.8	북서	320	-0.5	1019.1	-	307	
2021-02-02 06:10:00	18.1	남남동	152	7.05	26.06	1.08	5.8	1.42	5.5	11.6	북서	309	-0.5	1019.0	-	349	
2021-02-02 06:15:00	19.2	남동	138	7.06	26.00	1.07	5.9	1.58	6.5	10.5	서북서	303	-0.5	1019.0	-	356	
2021-02-02 06:20:00	18.9	남동	142	7.06	25.98	0.95	5.8	1.26	7.0	9.9	서북서	302	-0.6	1019.1	-	32	
2021-02-02 06:25:00	14.2	남남동	152	7.06	25.96	0.92	5.9	1.16	5.5	10.1	서북서	288	-0.9	1019.1	-	344	
2021-02-02 06:30:00	12.1	남남동	155	7.06	26.02	1.02	6.3	1.67	6.0	10.1	서북서	286	-0.9	1019.2	-	347	
2021-02-02 06:35:00	16.3	남남동	153	7.06	25.93	0.98	6.1	1.34	5.5	9.1	북서	306	-1.0	1019.4	-	349	
2021-02-02 06:40:00	14.1	남남동	151	7.07	26.57	1.00	5.9	1.62	6.0	9.1	북서	310	-0.9	1019.8	-	348	
2021-02-02 06:45:00	20.3	남남동	149	7.07	26.24	0.90	5.6	1.34	5.5	8.2	북서	306	-1.1	1019.8	-	340	
2021-02-02 06:50:00	18.6	남남동	151	7.08	25.97	0.88	6.4	1.06	4.0	9.3	서북서	300	-1.1	1019.7	-	347	
2021-02-02 06:55:00	20.0	남동	146	7.08	25.75	0.96	6.7	1.47	6.0	9.7	서북서	297	-1.0	1019.6	-	356	
2021-02-02 07:00:00	14.8	남동	142	7.06	26.58	1.01	5.5	1.77	6.0	10.1	서북서	290	-1.0	1019.4	-	336	
2021-02-02 07:05:00	14.2	남동	143	7.05	26.77	0.95	5.8	1.23	5.0	10.4	서북서	289	-1.0	1019.3	-	344	
2021-02-02 07:10:00	14.1	남남동	148	7.04	26.42	0.90	6.4	1.35	6.5	10.3	서북서	290	-1.0	1019.3	-	348	
2021-02-02 07:15:00	13.9	남남동	158	7.05	26.28	0.87	5.8	1.19	5.5	10.4	서북서	289	-1.2	1019.3	-	358	
2021-02-02 07:20:00	8.7	남남동	161	7.04	26.23	1.13	6.6	1.29	7.0	10.4	서북서	285	-1.1	1019.2	-	346	
2021-02-02 07:25:00	8.5	남남동	152	7.03	26.96	1.01	6.5	1.21	7.5	9.5	서	279	-1.2	1019.3	-	350	
2021-02-02 07:30:00	12.2	남남동	154	7.03	26.20	0.84	5.9	1.11	5.5	8.0	서	263	-1.4	1019.4	-	2	
2021-02-02 07:35:00	11.3	동남동	112	7.04	26.14	0.96	5.8	1.31	5.5	8.4	서남서	256	-1.5	1019.3	-	327	
2021-02-02 07:40:00	17.7	남동	143	7.05	25.90	0.96	6.2	1.16	5.0	8.4	서남서	251	-1.2	1019.4	-	352	
2021-02-02 07:45:00	14.0	남남동	150	7.06	25.79	1.07	6.2	1.34	7.5	6.8	서	261	-1.2	1019.6	-	351	
2021-02-02 07:50:00	10.6	남동	141	7.06	25.78	0.95	5.8	1.76	6.5	5.8	서남서	252	-1.3	1019.8	-	359	
2021-02-02 07:55:00	9.3	남동	141	7.07	25.44	1.07	5.8	1.45	5.5	5.4	서	263	-1.5	1019.9	-	343	
2021-02-02 08:00:00	17.9	남동	144	7.07	25.60	1.00	6.3	1.50	6.0	6.2	남서	231	-1.6	1020.0	-	330	
2021-02-02 08:05:00	12.6	남남동	155	7.06	25.60	1.05	6.5	1.37	8.0	4.8	남서	229	-1.7	1020.1	-	10	
2021-02-02 08:10:00	14.8	남남동	148	7.06	25.61	0.98	6.5	1.25	7.0	5.4	서남서	240	-1.8	1020.2	-	351	
2021-02-02 08:15:00	12.4	남동	124	7.06	25.65	1.08	6.4	1.38	6.5	5.6	남서	233	-1.9	1020.3	-	345	
2021-02-02 08:20:00	9.8	남동	136	7.06	25.95	0.92	6.1	1.21	6.5	4.5	서남서	238	-1.9	1020.4	-	356	
2021-02-02 08:25:00	10.6	남동	141	7.06	25.85	0.93	5.8	1.23	5.5	5.5	서남서	242	-2.0	1020.4	-	351	
2021-02-02 08:30:00	11.3	남동	142	7.07	25.82	0.92	6.2	1.36	5.5	6.1	서남서	250	-1.7	1020.3	-	349	
2021-02-02 08:35:00	17.4	남남동	160	7.06	25.85	1.05	5.8	1.54	5.0	6.6	서남서	254	-1.6	1020.2	-	346	
2021-02-02 08:40:00	10.2	남동	143	7.06	26.65	1.10	5.8	1.55	6.5	7.3	서남서	258	-1.5	1020.2	-	343	
2021-02-02 08:45:00	14.1	동남동	122	7.05	25.93	0.94	6.0	1.34	7.5	6.1	서남서	255	-1.6	1020.2	-	5	
2021-02-02 08:50:00	16.5	남동	142	7.05	26.11	0.95	6.2	1.35	6.5	6.4	서남서	244	-1.4	1020.3	-	14	
2021-02-02 08:55:00	12.4	남동	129	7.06	25.93	1.01	6.1	1.37	7.0	3.9	서남서	255	-1.4	1020.4	-	5	
2021-02-02 09:00:00	5.9	남남동	156	7.05	25.44	0.90	6.3	1.21	6.0	3.5	서남서	241	-1.5	1020.5	-	342	
2021-02-02 09:05:00	12.7	남동	135	7.05	25.86	0.96	6.1	1.15	6.5	3.5	서남서	257	-1.6	1020.5	-	8	
2021-02-02 09:10:00	9.5	남	171	7.05	25.68	0.91	6.4	1.48	6.0	3.1	서	259	-1.4	1020.4	-	329	
2021-02-02 09:15:00	13.2	남남동	152	7.05	25.69	1.00	6.1	1.30	5.0	3.6	서남서	254	-1.3	1020.4	-	350	
2021-02-02 09:20:00	7.9	남동	142	7.06	25.69	0.88	5.1	1.24	6.0	3.3	서	279	-0.5	1020.4	-	299	
2021-02-02 09:25:00	11.7	남동	138	7.05	25.66	0.85	6.1	1.08	6.5	4.9	서남서	247	-0.7	1020.4	-	354	
2021-02-02 09:30:00	6.6	남동	140	7.06	25.61	1.07	5.7	1.34	5.0	5.1	서남서	251	-0.9	1020.4	-	2	
2021-02-02 09:35:00	11.1	남남동	149	7.05	25.67	1.08	5.8	1.44	5.5	4.3	서남서	247	-1.0	1020.4	-	355	
2021-02-02 09:40:00	9.8	남남동	146	7.05	25.96	0.87	5.6	1.39	8.5	4.5	서남서	247	-0.6	1020.4	-	351	
2021-02-02 09:45:00	8.4	남동	134	7.05	26.67	0.86	5.4	1.22	6.0	4.3	남서	233	-0.8	1020.5	-	354	
2021-02-02 09:50:00	21.0	동	99	7.05	26.53	0.81	6.5	1.33	7.5	4.0	남서	223	-0.8	1020.6	-	1	
2021-02-02 09:55:00	7.0	남동	141	7.05	25.92	0.88	6.4	1.05	6.0	4.3	서남서	244	-0.5	1020.6	-	342	
2021-02-02 10:00:00	12.9	남동	144	7.06	25.71	0.94	6.4	1.19	6.0	3.7	남서	216	-0.1	1020.5	-	344	
2021-02-02 10:05:00	9.1	동남동	121	7.07	25.68	0.97	5.7	1.33	6.0	4.7	남서	228	-0.2	1020.5	-	356	
2021-02-02 10:10:00	13.1	남동	130	7.07	25.58	0.87	5.6	1.23	6.5	5.5	남서	226	-0.1	1020.4	-	1	
2021-02-02 10:15:00	10.8	남동	141	7.08	25.55	0.95	6.5	1.31	5.5	4.3	남서	234	-0.2	1020.3	-	344	
2021-02-02 10:20:00	8.1	남동	127	7.08	25.68	0.77	6.3	0.97	6.0	6.5	남서	224	-0.2	1020.2	-	325	
2021-02-02 10:25:00	9.6	남동	127	7.08	25.63	0.86	6.0	1.26	9.0	4.5	남서	228	-0.2	1020.3	-	2	
2021-02-02 10:30:00	8.8	남동	145	7.08	25.64	0.87	6.6	1.09	7.0	3.1	남서	217	-0.1	1020.3	-	17	
2021-02-02 10:35:00	13.6	남남동	149	7.08	25.61	0.81	7.1	1.21	6.5	6.2	남남서	207	0.2	1020.3	-	7	
2021-02-02 10:40:00	7.2	동남동	122	7.09	25.68	1.12	7.3	1.43	6.5	6.9	남남서	196	0.1	1020.2	-	2	
2021-02-02 10:45:00	6.9	동	99	7.08	25.62	0.98	8.3	1.26	7.5	5.8	남남서	194	0.1	1020.2	-	20	
2021-02-02 10:50:00	11.5	남동	127	7.08	25.56	1.02	7.7	1.33	5.5	5.0	남서	225	0.4	1020.2	-	346	
2021-02-02 10:55:00	6.0	남동	124	7.08	25.65	1.20	7.8	1.56	8.0	4.5	남서	229	0.8	1020.1	-	355	
2021-02-02 11:00:00	5.7	동남동	103	7.08	25.71	1.11	7.5	1.50	9.0	5.8	남서	223	0.8	1020.0	-	354	
2021-02-02 11:05:00	7.7	남동	126	7.08	25.69	1.03	9.0	1.34	7.5	4.2	남서	229	1.0	1020.1	-	44	
2021-02-02 11:10:00	8.0	동남동	124	7.08	25.73	1.25	8.9	1.68	8.5	3.6	남서	229	0.9	1020.1	-	44	
2021-02-02 11:15:00	9.1	남남동	153	7.08	25.61	1.16	8.6	1.54	8.5	3.2	서남서	251	0.7	1020.1	-	28	
2021-02-02 11:20:00	13.2	남동	128	7.08	25.56	1.04	8.5	1.36	9.0	3.8	북북서	331	0.9	1020.2	-	35	
2021-02-02 11:25:00	10.6	동남동	121	7.08	25.54	1.00	8.3	1.32	8.0	4.9	북서	324	0.9	1020.1	-	50	
2021-02-02 11:30:00	7.5	남남동	152	7.09	25.57	1.17	10.0	1.60	9.0	7.4	북서	322	1.1	1019.9	-	39	
2021-02-02 11:35:00	6.7	동남동	124	7.09	25.52	1.32	10.0	1.84	10.0	7.5	북서	321	1.2	1020.0	-	23	
2021-02-02 11:40:00	11.3	남동	143	7.10	25.54	1.30	9.5	1.63	9.0	8.3	북서	316	1.2	1020.0	-	42	
2021-02-02 11:45:00	11.0	동남동	109	7.10	25.53	1.41	8.8	1.92	9.0	8.7	북서	305	1.1	1020.0	-	39	
2021-02-02 11:50:00	15.1	남동	137	7.10	26.34	1.42	9.0	1.93	9.0	8.0	서북서	302	1.1	1020.1	-	37	
2021-02-02 11:55:00	12.3	남동	140	7.10	25.92	1.57	9.4	2.45	9.5	7.5	북서	312	1.1	1019.9	-	39	
2021-02-02 12:00:00	13.2	남동	142	7.10	25.65	1.45	9.4	2.28	9.5	8.1	북서	305	1.2	1019.8	-	44	
2021-02-02 12:05:00	9.0	남동	125	7.11	25.88	1.93	9.8	2.36	10.5	8.6	북서	306	1.0	1019.8	-	45	
2021-02-02 12:10:00	10.4	남남동	148	7.10	25.84	2.02	8.7	3.08	8.5	7.4	서북서	285	1.2	1019.8	-	33	
2021-02-02 12:15:00	6.1	동남동	109	7.09	25.92	1.57	10.3	2.08	10.5	5.5	서남서	244	1.3	1019.9	-	41	
2021-02-02 12:20:00	12.5	남동	128	7.08	25.93	1.67	8.8	2.17	10.0	6.5	남서	230	1.2	1019.9	-	30	
2021-02-02 12:25:00	11.3	남동	136	7.07	25.84	1.95	9.4	2.69	10.5	8.6	남서	222	0.9	1019.6	-	42	
2021-02-02 12:30:00	7.3	남남동	158	7.06	25.85	1.40	9.0	2.02	7.5	7.9	남서	231	0.7	1019.6	-	42	
2021-02-02 12:35:00	6.6	남	187	7.05	25.87	1.82	10.1	2.45	8.5	8.2	남서	215	0.8	1019.4	-	47	
2021-02-02 12:40:00	4.3	남남동	167	7.04	25.79	1.92	9.4	2.17	9.5	8.2	남서	220	0.8	1019.3	-	40	
2021-02-02 12:45:00	7.6	남남동	153	7.03	25.77	1.65	9.6	2.15	8.5	5.1	서	262	1.2	1019.5	-	38	
2021-02-02 12:50:00	10.6	남	188	7.03	25.89	1.68	9.3	2.76	10.0	5.3	서남서	240	1.3	1019.4	-	39	
2021-02-02 12:55:00	4.8	남남서	194	7.04	25.82	1.61	9.2	1.83	9.5	6.9	남서	231	1.0	1019.2	-	45	
2021-02-02 13:00:00	9.7	남남동	147	7.03	25.87	1.54	9.8	1.89	10.5	7.8	서남서	244	1.1	1019.1	-	32	
2021-02-02 13:05:00	12.1	남남동	150	7.03	25.89	1.79	9.1	2.35	10.0	7.4	서남서	245	1.1	1019.1	-	26	
2021-02-02 13:10:00	11.4	남남동	161	7.03	25.84	1.74	9.3	2.18	9.5	9.1	서남서	239	1.0	1019.0	-	34	
2021-02-02 13:15:00	6.8	남남동	150	7.02	25.86	1.40	8.9	2.03	10.0	7.8	남서	233	0.9	1019.0	-	33	
2021-02-02 13:20:00	8.3	남남동	152	7.02	25.90	1.39	9.3	1.63	10.5	7.9	남서	225	0.8	1019.1	-	40	
2021-02-02 13:25:00	10.9	남남서	196	7.57	26.24	1.67	9.8	2.30	10.0	7.5	남남서	210	0.8	1019.0	-	35	
2021-02-02 13:30:00	12.5	남	179	7.83	25.94	1.38	8.6	1.68	9.0	6.7	남서	226	0.9	1019.1	-	39	
2021-02-02 13:35:00	17.3	남	184	7.88	25.91	1.40	9.8	2.02	10.5	6.1	서남서	239	0.9	1019.1	-	42	
2021-02-02 13:40:00	36.7	남	180	8.01	26.04	1.32	9.1	1.59	8.5	6.1	서북서	293	1.2	1018.9	-	49	
2021-02-02 13:45:00	18.1	남남서	201	8.09	25.79	1.74	9.1	2.30	9.5	4.8	서남서	244	1.3	1018.8	-	28	
2021-02-02 13:50:00	18.2	남남동	147	8.10	25.95	1.14	7.4	1.41	5.5	7.1	서남서	248	1.5	1018.7	-	37	
2021-02-02 13:55:00	20.4	남	172	8.10	26.29	1.39	9.2	2.62	8.0	7.4	서남서	246	1.5	1018.6	-	34	
2021-02-02 14:00:00	31.1	남	179	8.07	26.36	1.45	9.1	2.14	9.0	6.8	서남서	243	1.5	1018.6	-	25	
2021-02-02 14:05:00	19.0	남	172	8.02	26.74	1.46	8.4	1.75	8.0	6.2	서남서	237	1.4	1018.6	-	20	
2021-02-02 14:10:00	24.3	남	178	8.00	26.77	1.25	7.5	1.71	9.5	7.0	서남서	255	1.6	1018.6	-	25	
2021-02-02 14:15:00	15.4	남	184	8.06	26.53	1.19	8.5	1.60	8.5	5.4	서북서	282	1.4	1018.7	-	32	
2021-02-02 14:20:00	17.2	남	175	8.06	26.71	1.49	9.3	2.19	8.5	4.5	서	277	1.5	1018.6	-	20	
2021-02-02 14:25:00	8.3	남남서	198	8.05	26.56	1.40	8.3	1.76	9.0	7.7	서남서	243	1.8	1018.3	-	35	
2021-02-02 14:30:00	18.6	남	177	8.06	26.66	1.69	9.3	2.34	9.5	7.3	서	267	2.0	1018.5	-	27	
2021-02-02 14:35:00	12.4	남남동	157	8.06	25.98	1.38	8.9	1.87	9.5	6.8	서	277	1.8	1018.6	-	43	
2021-02-02 14:40:00	17.0	남남서	200	8.06	25.51	1.65	8.8	2.26	9.0	5.3	서	264	1.8	1018.7	-	22	
2021-02-02 14:45:00	9.9	남남서	202	8.06	25.64	1.12	7.1	1.29	5.5	5.2	서	281	1.8	1018.7	-	14	
2021-02-02 14:50:00	17.4	남	189	8.06	25.67	1.46	8.4	2.08	7.5	6.7	서	266	1.7	1018.7	-	30	
2021-02-02 14:55:00	13.3	남	182	8.06	25.72	1.35	8.8	2.57	9.0	3.5	서	263	1.6	1018.7	-	31	
2021-02-02 15:00:00	11.0	남남동	154	8.06	25.70	1.21	8.3	1.99	9.0	7.9	서	266	1.6	1018.5	-	26	
2021-02-02 15:05:00	12.7	남	174	8.05	25.70	1.30	9.0	1.51	8.5	7.1	서	261	1.6	1018.6	-	36	
2021-02-02 15:10:00	13.3	남	174	8.03	25.73	1.32	8.5	1.68	9.5	7.5	서	271	1.6	1018.6	-	23	
2021-02-02 15:15:00	15.6	남남동	166	8.02	25.77	1.52	9.4	2.04	10.5	6.5	서북서	283	1.4	1018.8	-	41	
2021-02-02 15:20:00	11.2	남	175	8.02	25.62	1.29	9.0	1.60	7.5	4.0	서	267	1.2	1018.8	-	23	
2021-02-02 15:25:00	10.9	남남동	168	8.00	25.61	1.33	8.4	1.70	7.0	8.3	서남서	248	1.3	1018.7	-	12	
2021-02-02 15:30:00	9.9	남남동	167	8.00	25.59	1.42	9.5	2.16	8.0	6.6	서	274	1.1	1018.8	-	37	
2021-02-02 15:35:00	15.3	남	178	8.01	25.69	1.38	8.4	1.63	8.5	5.4	서	271	1.1	1018.8	-	23	
2021-02-02 15:40:00	14.4	남	177	8.02	25.87	1.44	8.8	1.83	9.0	7.4	서남서	257	1.2	1018.7	-	33	
2021-02-02 15:45:00	8.3	남남동	162	8.02	25.57	1.19	8.2	1.47	8.0	5.0	서	259	1.0	1018.9	-	28	
2021-02-02 15:50:00	7.0	남	184	8.02	25.56	1.30	8.4	1.68	9.0	7.9	서북서	300	1.0	1018.9	-	33	
2021-02-02 15:55:00	9.1	남	183	8.02	25.63	1.59	9.1	2.35	9.5	7.6	서북서	298	1.1	1019.0	-	23	
2021-02-02 16:00:00	8.7	남남동	162	8.02	25.64	1.57	8.8	1.95	8.5	6.1	서북서	292	1.0	1019.1	-	20	
2021-02-02 16:05:00	13.1	남	189	8.01	26.06	1.46	9.3	1.93	9.5	7.5	서북서	288	0.9	1019.2	-	43	
2021-02-02 16:10:00	6.5	남	173	8.02	25.64	1.27	9.2	1.68	9.5	5.7	서	270	1.0	1019.3	-	37	
2021-02-02 16:15:00	11.3	남남서	196	8.03	25.94	1.32	8.5	1.61	7.5	6.9	서북서	302	0.8	1019.2	-	17	
2021-02-02 16:20:00	12.4	남	179	8.11	26.00	1.51	9.3	2.24	9.0	8.9	북서	310	0.7	1019.2	-	37	
2021-02-02 16:25:00	25.0	남남동	165	8.15	25.92	1.27	8.6	1.61	10.0	7.0	북서	307	0.4	1019.3	-	39	
2021-02-02 16:30:00	15.8	남	191	8.14	25.96	1.39	8.4	2.06	9.0	6.8	서북서	287	0.5	1019.3	-	29	
2021-02-02 16:35:00	21.0	남	183	8.15	25.99	1.33	9.5	1.65	9.5	7.3	서북서	285	0.7	1019.2	-	27	
2021-02-02 16:40:00	18.5	남남동	164	8.13	25.89	1.44	8.9	1.84	7.5	7.7	서북서	288	0.5	1019.3	-	25	
2021-02-02 16:45:00	16.7	남	185	8.12	25.85	1.22	7.8	1.58	8.0	8.3	서북서	296	0.5	1019.3	-	59	
2021-02-02 16:50:00	10.8	남남동	164	8.09	25.60	1.35	8.7	1.64	9.0	10.1	북서	311	0.5	1019.3	-	37	
2021-02-02 16:55:00	18.1	남	170	8.05	25.81	1.22	8.7	1.59	9.5	8.1	북서	317	0.2	1019.4	-	19	
2021-02-02 17:00:00	23.1	남남동	163	8.04	26.86	1.30	8.7	1.73	10.5	5.6	서북서	295	0.0	1019.4	-	33	
2021-02-02 17:05:00	18.9	남	169	8.02	26.52	1.31	8.9	1.57	7.0	6.7	서북서	301	0.0	1019.4	-	36	
2021-02-02 17:10:00	18.7	남	170	7.99	26.31	1.36	8.8	1.56	10.0	6.7	서북서	294	0.1	1019.5	-	32	
2021-02-02 17:15:00	17.9	남	179	7.95	26.17	1.39	9.5	2.08	8.5	4.5	서북서	287	0.0	1019.6	-	38	
2021-02-02 17:20:00	9.0	남동	136	7.93	27.03	1.49	8.5	1.75	8.5	4.8	서북서	287	0.0	1019.6	-	33	
2021-02-02 17:25:00	14.4	남	189	7.86	26.20	1.31	9.2	1.71	8.0	8.0	북서	312	0.1	1019.5	-	24	
2021-02-02 17:30:00	23.6	남	175	7.74	26.16	1.34	8.8	2.08	8.5	6.3	북서	318	0.0	1019.6	-	30	
2021-02-02 17:35:00	16.6	남남동	166	7.78	26.04	1.38	9.1	1.92	9.0	7.3	서북서	287	-0.1	1019.6	-	33	
2021-02-02 17:40:00	13.9	남남동	161	7.72	26.31	1.33	8.3	1.63	10.0	8.2	서북서	287	-0.3	1019.8	-	29	
2021-02-02 17:45:00	15.0	남남동	165	7.53	26.47	1.32	7.5	2.01	8.0	8.2	서북서	292	-0.2	1019.9	-	24	
2021-02-02 17:50:00	14.4	남남동	154	7.50	25.96	1.40	8.7	2.02	8.5	8.9	서북서	297	0.0	1019.9	-	8	
2021-02-02 17:55:00	15.8	남남동	155	7.50	25.92	1.63	9.0	2.10	9.5	8.3	서북서	285	0.0	1019.9	-	48	
2021-02-02 18:00:00	17.6	남남동	152	7.52	26.00	1.30	8.7	2.06	8.5	7.7	서	280	-0.3	1020.0	-	42	
2021-02-02 18:05:00	15.7	남남동	160	7.55	25.96	1.48	9.5	2.05	9.0	7.8	서북서	287	-0.3	1020.1	-	36	
2021-02-02 18:10:00	17.5	남남동	147	7.61	26.02	1.40	8.1	1.82	7.5	8.9	서북서	300	-0.2	1020.2	-	34	
2021-02-02 18:15:00	12.3	남남동	155	7.61	25.95	1.30	9.3	1.56	9.5	10.5	서북서	298	-0.1	1020.2	-	37	
2021-02-02 18:20:00	18.6	남동	145	7.59	25.95	1.28	8.9	1.99	7.0	11.9	서북서	301	-0.1	1020.2	-	36	
2021-02-02 18:25:00	16.3	남남동	163	7.58	25.96	1.46	8.6	1.88	10.0	9.1	서북서	300	-0.4	1020.5	-	37	
2021-02-02 18:30:00	15.8	남남동	161	7.57	25.98	1.32	7.7	1.70	8.5	9.2	서북서	300	-0.6	1020.5	-	19	
2021-02-02 18:35:00	17.3	남남동	147	7.56	25.99	1.61	9.2	2.06	8.5	9.9	서북서	298	-0.4	1020.6	-	36	
2021-02-02 18:40:00	15.0	남남동	155	7.56	25.94	1.32	8.8	1.76	8.0	10.2	북서	305	-0.5	1020.7	-	24	
2021-02-02 18:45:00	14.1	남남동	159	7.56	26.04	1.76	8.9	2.12	9.0	10.4	서북서	302	-0.5	1020.8	-	31	
2021-02-02 18:50:00	14.6	남남동	156	7.55	26.31	1.24	7.8	1.80	7.5	9.1	북서	306	-0.4	1020.9	-	26	
2021-02-02 18:55:00	19.1	남남동	162	7.55	26.25	1.41	9.0	2.20	8.5	10.4	서북서	301	-0.5	1020.9	-	35	
2021-02-02 19:00:00	15.9	남동	144	7.54	25.63	1.27	8.3	1.39	9.0	10.3	서북서	295	-0.6	1020.9	-	3	
2021-02-02 19:05:00	15.8	남남동	150	7.53	26.06	1.26	7.7	2.12	8.5	7.9	서북서	295	-0.8	1021.1	-	42	
2021-02-02 19:10:00	11.8	남남동	160	7.53	25.77	1.31	8.6	2.16	8.5	7.6	서북서	294	-1.0	1021.2	-	48	
2021-02-02 19:15:00	10.5	남남동	158	7.52	25.64	1.18	7.7	1.68	8.0	8.3	서북서	301	-0.9	1021.2	-	36	
2021-02-02 19:20:00	13.6	남남동	161	7.51	25.69	1.38	8.0	2.09	9.0	9.1	북서	306	-0.9	1021.2	-	26	
2021-02-02 19:25:00	17.1	남남동	161	7.49	25.70	1.45	7.9	2.11	8.0	7.5	북서	304	-1.1	1021.3	-	40	
2021-02-02 19:30:00	8.0	남남동	162	7.48	25.71	1.54	8.8	1.78	8.5	8.3	서북서	299	-1.2	1021.3	-	41	
2021-02-02 19:35:00	14.3	남남동	162	7.48	25.65	1.40	7.6	1.74	6.0	8.3	서북서	303	-1.2	1021.3	-	25	
2021-02-02 19:40:00	9.6	남남동	159	7.46	25.70	1.59	8.5	1.87	9.5	8.5	북서	313	-1.3	1021.2	-	35	
2021-02-02 19:45:00	16.3	남남동	153	7.45	25.64	1.42	8.0	1.86	9.0	8.6	북서	311	-1.2	1021.2	-	31	
2021-02-02 19:50:00	13.0	남동	142	7.44	25.74	1.55	9.1	2.29	7.0	7.8	북서	305	-1.2	1021.3	-	16	
2021-02-02 19:55:00	12.1	남남동	159	7.43	25.66	1.20	8.4	1.64	7.5	8.7	북서	314	-1.3	1021.3	-	35	
2021-02-02 20:00:00	12.2	남남동	160	7.41	25.67	1.35	8.9	1.81	10.0	9.9	북서	316	-1.2	1021.2	-	32	
2021-02-02 20:05:00	15.8	남	172	7.44	25.70	1.27	8.0	1.85	8.0	10.4	북서	316	-1.2	1021.2	-	40	
2021-02-02 20:10:00	14.2	남남동	150	7.41	25.67	1.43	9.1	1.92	8.0	11.1	북서	317	-1.2	1021.2	-	35	
2021-02-02 20:15:00	21.6	남남동	157	7.61	25.78	1.31	7.9	1.71	9.0	8.9	서북서	292	-1.3	1021.4	-	29	
2021-02-02 20:20:00	16.2	남남동	154	7.65	25.73	1.50	8.1	1.83	10.0	8.9	서북서	296	-1.4	1021.4	-	27	
2021-02-02 20:25:00	13.1	남남동	164	7.64	25.85	1.72	8.9	2.26	9.5	9.4	서북서	298	-1.6	1021.4	-	42	
2021-02-02 20:30:00	14.4	남남동	154	7.64	25.97	1.50	8.1	1.69	9.0	9.6	서북서	300	-1.4	1021.5	-	32	
2021-02-02 20:35:00	17.3	남남동	167	7.65	26.05	1.57	8.6	2.02	8.0	8.1	서북서	299	-1.7	1021.5	-	39	
2021-02-02 20:40:00	17.4	남남동	155	7.63	26.22	1.48	8.2	1.64	7.0	8.4	서북서	296	-1.6	1021.5	-	41	
2021-02-02 20:45:00	16.4	남동	144	7.62	25.66	1.24	7.6	1.74	8.5	8.5	서북서	298	-1.5	1021.5	-	35	
2021-02-02 20:50:00	12.4	남동	146	7.63	25.64	1.51	8.6	1.94	8.0	9.9	북서	304	-1.5	1021.6	-	38	
2021-02-02 20:55:00	20.4	남남동	168	7.63	25.67	1.38	8.6	1.77	8.0	10.1	북서	304	-1.6	1021.6	-	40	
2021-02-02 21:00:00	21.4	남남동	155	7.63	25.61	1.62	8.6	2.03	7.5	9.1	서북서	297	-1.4	1021.7	-	39	
2021-02-02 21:05:00	21.3	남남동	151	7.80	25.85	1.18	7.9	1.42	8.5	8.0	서북서	293	-1.6	1021.7	-	31	
2021-02-02 21:10:00	23.1	남남동	153	7.91	25.97	1.45	8.3	1.98	6.5	7.5	서북서	290	-1.7	1021.8	-	29	
2021-02-02 21:15:00	18.8	남남동	162	7.94	26.23	1.51	8.8	1.70	8.0	6.6	서북서	288	-1.7	1021.8	-	39	
2021-02-02 21:20:00	15.6	남	176	7.96	26.61	1.33	7.5	1.74	8.0	6.4	서	280	-1.7	1021.9	-	23	
2021-02-02 21:25:00	17.8	남남동	166	7.97	26.22	1.17	7.3	1.77	6.0	4.9	서	273	-2.0	1021.9	-	29	
2021-02-02 21:30:00	15.0	남남동	164	7.98	26.01	1.35	8.3	1.71	7.5	4.8	서	266	-2.0	1021.9	-	29	
2021-02-02 21:35:00	11.1	남남동	167	7.97	26.28	1.31	8.2	1.81	9.0	5.1	서북서	285	-2.0	1022.0	-	43	
2021-02-02 21:40:00	16.3	남남동	158	7.96	27.10	1.61	8.4	2.08	8.0	4.9	서북서	287	-2.0	1021.9	-	28	
2021-02-02 21:45:00	16.9	남	172	7.96	26.27	1.65	8.6	2.44	9.0	6.1	서북서	287	-1.8	1022.0	-	36	
2021-02-02 21:50:00	17.3	남	174	7.96	26.13	1.20	7.9	1.43	9.0	6.1	서북서	300	-1.8	1022.0	-	35	
2021-02-02 21:55:00	13.8	남	188	7.95	26.32	1.45	7.1	1.99	8.0	7.0	북서	311	-1.6	1022.0	-	39	
2021-02-02 22:00:00	6.2	남	182	8.40	26.88	1.26	7.3	2.18	8.0	6.6	서북서	282	-1.7	1022.0	-	35	
2021-02-02 22:05:00	18.2	남	190	8.62	26.77	1.42	8.0	1.86	8.0	6.7	서	260	-1.9	1022.0	-	40	
2021-02-02 22:10:00	13.1	남	178	8.77	26.63	1.23	7.7	1.75	8.0	7.8	서북서	288	-1.8	1022.1	-	34	
2021-02-02 22:15:00	11.7	남	180	8.80	26.15	1.35	7.7	2.22	8.0	7.3	서북서	292	-1.5	1022.0	-	32	
2021-02-02 22:20:00	3.8	남남서	202	8.77	26.69	1.67	7.5	2.41	7.5	9.5	북서	309	-1.5	1022.0	-	25	
2021-02-02 22:25:00	15.6	남	178	8.74	26.45	1.33	7.4	1.65	7.5	10.9	서북서	302	-1.5	1022.0	-	32	
2021-02-02 22:30:00	16.5	남	183	8.74	26.23	1.44	8.2	1.74	9.5	8.4	서	279	-1.8	1022.1	-	35	
2021-02-02 22:35:00	6.5	남	188	8.74	26.25	1.44	7.5	1.72	8.5	6.6	서	273	-2.0	1022.3	-	31	
2021-02-02 22:40:00	3.2	동	95	8.75	26.48	1.26	7.6	2.06	8.0	5.7	서	273	-2.0	1022.3	-	46	
2021-02-02 22:45:00	6.7	남남동	155	8.75	26.35	1.17	6.9	1.54	8.0	7.7	서북서	289	-1.8	1022.2	-	35	
2021-02-02 22:50:00	9.3	남	171	8.75	26.18	1.45	7.4	1.93	7.0	6.9	서	281	-1.5	1022.3	-	1	
2021-02-02 22:55:00	3.8	남남서	206	8.70	26.15	1.27	7.1	1.56	7.5	5.5	서	265	-2.0	1022.4	-	35	
2021-02-02 23:00:00	2.3	남남서	208	8.69	26.26	1.44	7.5	1.80	8.0	4.6	서남서	246	-2.2	1022.5	-	351	
2021-02-02 23:05:00	2.7	남남동	167	8.66	26.29	1.31	7.5	1.47	7.5	3.9	서남서	252	-2.4	1022.5	-	29	
2021-02-02 23:10:00	3.2	북서	304	8.65	26.15	1.28	7.2	1.63	6.5	4.0	서남서	246	-2.4	1022.6	-	40	
2021-02-02 23:15:00	4.7	남동	128	8.63	26.27	1.44	7.6	2.04	7.0	4.0	서남서	237	-2.3	1022.6	-	17	
2021-02-02 23:20:00	2.3	북서	315	8.62	26.13	1.42	7.8	2.06	8.0	2.6	서남서	246	-2.3	1022.7	-	30	
2021-02-02 23:25:00	5.7	남남서	192	8.63	26.48	1.21	6.6	1.66	7.0	1.8	서남서	246	-2.5	1022.8	-	26	
2021-02-02 23:30:00	3.9	동	79	8.63	26.47	1.22	7.5	1.42	7.0	2.5	서남서	237	-2.5	1022.8	-	31	
2021-02-02 23:35:00	7.4	남	191	8.61	26.56	1.25	6.7	1.49	7.5	3.7	서	264	-2.5	1022.8	-	14	
2021-02-02 23:40:00	6.0	서북서	291	8.62	26.72	1.24	7.2	1.75	6.5	2.4	서남서	248	-2.5	1022.9	-	349	
2021-02-02 23:45:00	8.9	남	175	8.61	26.60	1.28	7.7	1.78	8.5	5.0	서남서	237	-2.6	1022.9	-	29	
2021-02-02 23:50:00	7.4	북	1	8.59	26.45	1.13	7.1	1.37	8.5	3.5	서	281	-2.7	1022.9	-	27	
2021-02-02 23:55:00	6.3	서남서	249	8.59	26.73	1.41	6.7	1.89	7.5	5.0	서	272	-2.5	1022.9	-	45	
2021-02-03 00:00:00	9.3	남남동	157	8.59	26.62	1.20	6.4	1.86	8.5	4.9	서	260	-2.4	1022.8	-	24	
2021-02-03 00:05:00	5.9	남서	219	8.58	26.81	1.47	7.2	1.79	7.5	5.4	서	261	-2.5	1022.8	-	21	
2021-02-03 00:10:00	2.7	동남동	109	8.57	26.69	1.41	6.5	2.01	6.5	7.0	서	276	-2.5	1022.9	-	359	
2021-02-03 00:15:00	7.0	남남서	197	8.55	26.68	1.08	6.7	1.51	7.5	6.2	서북서	288	-2.8	1022.9	-	11	
2021-02-03 00:20:00	3.7	서	281	8.54	27.09	1.29	7.2	1.68	8.0	5.9	서북서	284	-2.7	1022.9	-	12	
2021-02-03 00:25:00	3.0	서남서	248	8.52	25.68	1.22	6.6	1.62	6.0	7.0	서북서	286	-2.7	1022.9	-	17	
2021-02-03 00:30:00	4.2	남남서	208	8.51	25.79	1.06	6.8	1.28	8.0	6.7	서북서	293	-2.8	1022.9	-	9	
2021-02-03 00:35:00	9.5	남	188	8.50	25.91	0.99	6.9	1.63	7.0	7.7	서북서	293	-2.6	1022.9	-	36	
2021-02-03 00:40:00	3.7	남남동	169	8.48	26.18	1.16	6.7	2.08	6.5	7.4	서북서	288	-2.6	1022.9	-	14	
2021-02-03 00:45:00	5.0	남동	135	8.47	25.98	1.14	6.8	1.38	7.0	7.1	서북서	284	-2.8	1022.8	-	1	
2021-02-03 00:50:00	6.3	남	181	8.46	25.76	1.10	6.9	1.51	6.0	6.8	서북서	284	-2.8	1022.9	-	27	
2021-02-03 00:55:00	5.3	남남서	193	8.44	25.79	1.00	6.4	1.23	8.0	7.1	서	273	-2.8	1022.9	-	22	
2021-02-03 01:00:00	4.9	서남서	253	8.42	25.76	1.20	6.7	1.55	6.5	6.5	서	280	-2.8	1022.9	-	5	
2021-02-03 01:05:00	3.5	남남서	199	8.41	25.77	1.11	6.3	1.37	6.5	6.6	서	264	-2.9	1022.9	-	7	
2021-02-03 01:10:00	6.4	남남동	169	8.39	25.77	1.22	7.4	1.61	6.0	6.5	서	261	-3.0	1023.1	-	14	
2021-02-03 01:15:00	6.3	남서	233	8.36	25.79	1.03	6.3	1.37	7.0	6.1	서	269	-3.0	1023.2	-	5	
2021-02-03 01:20:00	4.8	남남서	205	8.32	25.77	1.05	7.1	1.52	6.5	5.3	서	276	-2.9	1023.3	-	15	
2021-02-03 01:25:00	3.2	동남동	103	8.31	25.83	1.08	7.0	1.26	6.5	4.5	서북서	282	-3.3	1023.4	-	24	
2021-02-03 01:30:00	2.0	북	351	8.29	26.57	1.13	6.5	1.48	6.5	4.2	서	260	-3.3	1023.5	-	4	
2021-02-03 01:35:00	2.4	남	180	8.26	26.57	1.09	6.5	1.48	7.5	4.7	서	260	-3.2	1023.5	-	340	
2021-02-03 01:40:00	6.5	남	171	8.24	26.78	1.08	6.8	1.33	5.5	3.5	서	267	-3.4	1023.5	-	12	
2021-02-03 01:45:00	1.5	북북동	20	8.23	26.24	1.16	6.7	1.55	6.0	3.5	서	265	-3.5	1023.5	-	1	
2021-02-03 01:50:00	4.4	남남서	201	8.22	26.14	1.15	7.0	1.65	6.0	2.7	서	266	-3.4	1023.6	-	12	
2021-02-03 01:55:00	0.6	동남동	111	8.20	26.06	1.01	6.7	1.42	6.0	2.2	서	271	-3.3	1023.6	-	351	
2021-02-03 02:00:00	4.1	서남서	247	8.19	26.46	1.06	6.1	1.52	6.5	3.9	서남서	255	-3.3	1023.8	-	10	
2021-02-03 02:05:00	5.2	서	263	8.18	25.93	0.96	6.1	1.29	5.5	3.3	서남서	252	-3.5	1023.8	-	13	
2021-02-03 02:10:00	1.1	동북동	77	8.17	26.44	1.12	6.6	1.57	5.5	2.9	서	260	-3.5	1023.9	-	30	
2021-02-03 02:15:00	3.5	남서	224	8.16	26.22	0.96	6.8	1.38	7.5	3.4	서	272	-3.4	1024.0	-	23	
2021-02-03 02:20:00	5.2	남동	137	8.14	26.16	1.02	6.5	1.37	7.0	3.6	서남서	258	-3.5	1024.0	-	26	
2021-02-03 02:25:00	3.0	남남서	192	8.13	25.99	1.16	6.7	1.73	5.5	3.8	서	262	-3.3	1024.2	-	11	
2021-02-03 02:30:00	2.3	동	85	8.13	25.97	1.13	6.9	1.36	5.5	3.8	서북서	282	-3.3	1024.2	-	5	
2021-02-03 02:35:00	2.4	북동	36	8.13	26.14	0.96	6.2	1.09	6.5	3.9	서	273	-3.5	1024.2	-	348	
2021-02-03 02:40:00	9.8	남남서	206	8.14	26.00	1.18	6.9	1.97	7.0	4.7	서	273	-3.4	1024.2	-	8	
2021-02-03 02:45:00	5.7	북북동	16	8.18	26.00	1.09	6.6	1.35	7.5	5.4	서	275	-3.4	1024.2	-	7	
2021-02-03 02:50:00	2.0	남동	127	8.18	26.00	1.01	7.1	1.86	6.5	5.9	서	269	-3.4	1024.3	-	16	
2021-02-03 02:55:00	4.8	남남동	168	8.18	26.32	1.02	6.3	1.65	6.0	6.2	서	265	-3.6	1024.3	-	22	
2021-02-03 03:00:00	1.4	남	181	8.17	25.81	1.12	7.3	1.64	7.5	6.9	서	270	-3.5	1024.3	-	16	
2021-02-03 03:05:00	3.0	서남서	251	8.16	25.64	0.90	6.6	1.24	6.0	7.0	서	268	-3.6	1024.3	-	10	
2021-02-03 03:10:00	3.7	남서	234	8.15	26.34	0.99	6.7	1.38	7.0	6.0	서	265	-3.5	1024.4	-	357	
2021-02-03 03:15:00	3.3	남	186	8.15	26.24	0.78	6.9	0.94	7.0	5.0	서	260	-3.5	1024.3	-	22	
2021-02-03 03:20:00	4.8	남동	130	8.17	26.18	1.05	7.0	1.19	6.5	5.2	서	265	-3.6	1024.3	-	3	
2021-02-03 03:25:00	3.1	북북동	16	8.18	26.16	0.99	7.0	1.60	7.0	5.3	서	269	-3.8	1024.4	-	30	
2021-02-03 03:30:00	0.9	남서	216	8.17	26.18	1.06	7.0	1.52	7.0	6.3	서남서	242	-3.7	1024.3	-	18	
2021-02-03 03:35:00	1.1	서남서	249	8.16	26.03	1.02	6.1	1.52	6.0	4.8	서	264	-3.7	1024.4	-	4	
2021-02-03 03:40:00	2.7	서	278	8.16	25.92	0.92	6.0	1.26	6.0	5.5	서남서	254	-3.7	1024.4	-	344	
2021-02-03 03:45:00	3.0	남	183	8.16	25.69	1.10	6.8	1.41	8.5	5.1	서	260	-3.8	1024.4	-	2	
2021-02-03 03:50:00	3.6	남남동	153	8.16	25.59	0.91	6.4	1.22	5.5	6.0	서남서	256	-3.7	1024.4	-	22	
2021-02-03 03:55:00	2.0	서북서	290	8.14	25.70	0.79	6.5	1.18	8.0	5.7	서	261	-3.9	1024.4	-	18	
2021-02-03 04:00:00	3.0	남	182	8.13	25.67	0.97	5.9	1.43	5.5	4.3	서남서	248	-3.9	1024.4	-	22	
2021-02-03 04:05:00	2.0	북서	309	8.12	25.64	0.88	6.1	1.05	5.5	4.1	서	261	-3.9	1024.5	-	354	
2021-02-03 04:10:00	2.4	북	8	8.11	25.63	0.99	6.9	1.39	7.5	3.5	서	272	-4.0	1024.5	-	13	
2021-02-03 04:15:00	2.4	남서	230	8.10	25.61	0.89	6.5	1.21	7.0	3.9	서남서	241	-4.1	1024.5	-	7	
2021-02-03 04:20:00	1.4	동북동	71	8.08	25.72	0.94	6.9	1.44	8.5	4.1	남서	235	-4.1	1024.5	-	13	
2021-02-03 04:25:00	1.2	북북서	334	8.08	25.63	0.87	6.5	1.07	7.0	5.2	서남서	238	-4.2	1024.6	-	16	
2021-02-03 04:30:00	1.2	서북서	298	8.07	25.61	0.83	6.7	1.06	7.0	5.6	서남서	237	-4.1	1024.5	-	5	
2021-02-03 04:35:00	1.8	남	176	8.04	25.69	0.87	6.1	1.08	5.5	5.8	남서	234	-4.1	1024.5	-	3	
2021-02-03 04:40:00	3.8	북북서	330	8.03	25.69	0.99	6.1	1.57	6.0	5.7	서남서	237	-4.4	1024.5	-	13	
2021-02-03 04:45:00	2.7	남	172	8.03	25.74	0.89	6.9	1.25	6.5	6.4	남서	235	-4.4	1024.5	-	341	
2021-02-03 04:50:00	3.5	남	179	8.01	25.71	0.89	6.2	1.09	6.0	6.7	남서	235	-4.5	1024.5	-	0	
2021-02-03 04:55:00	3.3	남	172	8.01	25.71	0.98	7.2	1.35	7.5	5.3	서남서	241	-4.6	1024.6	-	356	
2021-02-03 05:00:00	2.4	남서	228	8.01	25.87	0.97	7.0	1.77	7.0	5.6	서남서	256	-4.3	1024.6	-	23	
2021-02-03 05:05:00	4.6	남남동	152	8.00	25.71	0.90	6.1	1.18	7.0	5.1	서남서	244	-4.6	1024.7	-	16	
2021-02-03 05:10:00	1.5	남동	144	8.00	25.72	0.97	6.7	1.18	6.5	5.4	서남서	248	-4.7	1024.8	-	359	
2021-02-03 05:15:00	3.0	남동	146	7.98	25.58	0.93	7.0	1.54	6.5	5.9	서남서	256	-4.8	1024.8	-	1	
2021-02-03 05:20:00	1.7	동	83	7.98	25.61	0.96	6.9	1.61	8.5	5.7	서남서	250	-4.8	1024.9	-	5	
2021-02-03 05:25:00	5.1	남	172	7.97	25.66	0.99	7.2	1.26	6.5	6.1	서남서	244	-4.8	1024.9	-	4	
2021-02-03 05:30:00	1.5	남동	129	7.98	25.62	0.92	7.2	1.09	6.0	6.7	서남서	252	-4.7	1025.0	-	12	
2021-02-03 05:35:00	5.5	동북동	72	7.97	25.61	0.94	7.4	1.24	7.5	6.3	서남서	255	-4.7	1025.0	-	12	
2021-02-03 05:40:00	5.6	남남서	198	7.94	25.56	0.96	7.2	1.42	8.0	6.4	서남서	254	-4.5	1025.0	-	351	
2021-02-03 05:45:00	5.8	북북동	22	7.94	25.61	0.91	7.4	1.18	6.5	5.5	서남서	241	-4.7	1025.1	-	13	
2021-02-03 05:50:00	3.5	남	176	7.93	25.69	1.06	7.5	1.59	7.0	5.4	남서	236	-4.8	1025.2	-	5	
2021-02-03 05:55:00	3.7	남	173	7.93	25.66	1.03	7.2	1.37	7.0	5.0	서남서	252	-4.5	1025.2	-	3	
2021-02-03 06:00:00	2.6	동남동	101	7.95	25.63	0.78	7.2	0.97	9.0	4.4	서남서	255	-4.4	1025.2	-	359	
2021-02-03 06:05:00	7.3	남동	144	7.93	25.61	0.72	6.7	0.89	7.5	4.0	서남서	255	-4.5	1025.2	-	33	
2021-02-03 06:10:00	3.9	동남동	116	7.93	25.73	1.04	6.4	1.34	6.0	3.5	서	262	-4.6	1025.2	-	358	
2021-02-03 06:15:00	3.0	동	91	7.93	25.57	0.85	7.1	1.04	6.0	4.3	서	271	-4.4	1025.2	-	6	
2021-02-03 06:20:00	4.3	남서	214	7.92	25.57	0.74	6.0	1.05	6.5	4.5	서	264	-4.2	1025.3	-	350	
2021-02-03 06:25:00	4.9	남	169	7.91	25.54	0.96	7.1	1.15	5.5	4.1	서북서	287	-4.1	1025.5	-	0	
2021-02-03 06:30:00	1.2	남동	140	7.91	25.68	0.82	6.6	1.08	6.0	4.8	서북서	283	-4.1	1025.5	-	10	
2021-02-03 06:35:00	2.9	남	189	7.89	25.52	0.80	6.7	1.00	6.5	5.4	서북서	287	-4.0	1025.6	-	350	
2021-02-03 06:40:00	2.3	남동	136	7.89	25.52	0.97	7.0	1.14	8.0	5.4	서북서	296	-3.9	1025.6	-	359	
2021-02-03 06:45:00	4.2	동남동	122	7.87	25.56	0.93	6.9	1.18	8.0	3.9	서북서	295	-3.9	1025.6	-	17	
2021-02-03 06:50:00	3.7	남남서	200	7.86	26.67	0.83	6.6	1.24	6.0	4.8	북서	317	-3.8	1025.6	-	3	
2021-02-03 06:55:00	1.9	북서	313	7.85	25.83	0.73	6.0	1.11	6.0	4.4	북서	319	-3.7	1025.5	-	7	
2021-02-03 07:00:00	5.8	남	178	7.84	26.59	0.85	6.8	0.99	7.0	4.3	서북서	299	-3.8	1025.5	-	8	
2021-02-03 07:05:00	4.2	남남동	155	7.84	25.70	0.77	6.6	1.05	8.0	4.3	북서	318	-3.8	1025.5	-	352	
2021-02-03 07:10:00	0.7	남	180	7.83	25.69	0.88	7.0	1.16	7.0	5.0	서북서	301	-3.7	1025.5	-	12	
2021-02-03 07:15:00	2.5	서남서	250	7.82	25.69	0.85	6.9	1.19	6.5	5.5	서	278	-3.8	1025.6	-	2	
2021-02-03 07:20:00	9.3	남남동	163	7.79	25.74	0.75	7.0	1.18	6.5	6.7	서	275	-3.8	1025.5	-	6	
2021-02-03 07:25:00	2.1	남	174	7.78	25.70	0.78	6.8	1.07	5.0	6.6	서	271	-3.7	1025.5	-	352	
2021-02-03 07:30:00	5.8	남남동	152	7.76	25.66	0.97	6.8	1.33	7.0	7.3	서	280	-3.5	1025.6	-	8	
2021-02-03 07:35:00	5.2	남동	143	7.72	25.57	0.87	7.0	1.12	7.0	7.2	서북서	287	-3.4	1025.6	-	345	
2021-02-03 07:40:00	2.1	남남서	195	7.71	25.63	0.75	6.4	1.06	6.5	6.9	서북서	290	-3.5	1025.7	-	354	
2021-02-03 07:45:00	5.0	남남동	157	7.71	25.55	0.72	6.8	1.03	6.5	6.1	서북서	284	-3.7	1025.7	-	347	
2021-02-03 07:50:00	5.0	남남동	161	7.70	25.48	0.85	6.5	1.13	7.0	6.0	서북서	294	-3.6	1025.7	-	7	
2021-02-03 07:55:00	8.6	남	177	7.68	25.51	0.69	6.3	1.03	6.0	6.6	서북서	303	-3.6	1025.6	-	21	
2021-02-03 08:00:00	4.9	남	172	7.66	25.52	0.80	6.6	1.24	6.0	6.6	서북서	292	-3.7	1025.7	-	14	
2021-02-03 08:05:00	6.4	남	169	7.66	26.58	0.72	6.2	1.18	7.5	5.3	서북서	282	-3.7	1025.8	-	0	
2021-02-03 08:10:00	6.0	남	174	7.65	26.48	0.74	6.3	0.89	7.5	5.4	서북서	290	-3.5	1025.8	-	359	
2021-02-03 08:15:00	6.6	남동	134	7.65	26.28	0.82	6.7	1.06	9.0	6.1	서북서	290	-3.5	1025.7	-	20	
2021-02-03 08:20:00	7.3	남남동	148	7.64	26.31	0.75	6.5	1.01	5.5	6.2	서북서	283	-3.4	1025.7	-	341	
2021-02-03 08:25:00	8.7	남	178	7.65	25.94	0.87	6.6	1.38	6.0	5.1	서북서	287	-3.2	1025.8	-	2	
2021-02-03 08:30:00	4.4	동북동	60	7.64	25.71	0.71	5.8	1.03	4.5	5.4	서	278	-3.2	1025.9	-	355	
2021-02-03 08:35:00	6.3	남남동	158	7.64	25.66	0.74	6.6	0.94	6.5	5.4	서	267	-3.4	1025.9	-	11	
2021-02-03 08:40:00	4.3	동남동	118	7.63	25.68	0.64	6.3	0.86	5.5	5.1	남서	230	-3.5	1025.8	-	11	
2021-02-03 08:45:00	4.3	동남동	107	7.64	25.70	0.79	6.0	1.22	5.0	3.8	남서	220	-3.8	1025.9	-	351	
2021-02-03 08:50:00	9.3	남동	141	7.63	25.63	0.73	6.5	1.12	5.5	3.3	남남서	213	-3.6	1025.9	-	355	
2021-02-03 08:55:00	4.3	남동	129	7.62	25.54	0.76	6.2	1.08	5.5	4.1	남남서	211	-3.6	1025.9	-	1	
2021-02-03 09:00:00	4.2	남남동	151	7.61	25.55	0.75	6.4	1.09	7.5	3.1	남남서	206	-3.5	1025.9	-	9	
2021-02-03 09:05:00	12.3	남동	142	7.60	25.62	0.80	6.6	1.07	6.5	3.2	남남서	207	-3.4	1025.8	-	359	
2021-02-03 09:10:00	3.4	동북동	72	7.59	25.66	0.79	6.2	0.93	5.5	1.9	남서	220	-3.2	1025.8	-	351	
2021-02-03 09:15:00	6.4	남남동	149	7.59	25.61	0.78	6.9	1.04	8.0	4.2	남남서	211	-3.0	1025.6	-	15	
2021-02-03 09:20:00	3.2	북서	324	7.58	25.60	0.80	6.4	1.06	4.5	5.3	남서	214	-2.8	1025.5	-	341	
2021-02-03 09:25:00	8.9	남남동	158	7.57	25.63	0.76	6.4	1.03	6.0	4.3	남서	218	-2.9	1025.5	-	347	
2021-02-03 09:30:00	2.4	동남동	121	7.57	25.60	0.68	6.6	0.98	8.5	3.9	남서	214	-2.8	1025.4	-	31	
2021-02-03 09:35:00	6.1	동남동	123	7.56	25.60	0.77	6.5	1.24	6.0	3.0	남서	219	-3.1	1025.6	-	346	
2021-02-03 09:40:00	7.9	남동	145	7.56	25.61	0.72	6.6	1.00	6.5	2.6	남서	215	-2.9	1025.6	-	13	
2021-02-03 09:45:00	2.5	남동	145	7.56	25.63	0.79	6.4	1.08	4.5	3.3	남남서	205	-2.8	1025.6	-	0	
2021-02-03 09:50:00	4.7	남동	143	7.56	25.64	0.72	6.1	0.95	5.5	3.1	남서	235	-2.8	1025.6	-	353	
2021-02-03 09:55:00	5.8	남동	136	7.57	25.59	0.68	6.2	0.95	7.0	4.4	남서	214	-2.6	1025.5	-	15	
2021-02-03 10:00:00	3.3	동남동	107	7.57	25.63	0.77	6.6	0.91	7.0	3.7	남서	224	-2.6	1025.6	-	17	
2021-02-03 10:05:00	4.7	남동	127	7.59	25.63	0.73	6.4	1.04	5.5	3.4	남서	217	-2.4	1025.4	-	353	
2021-02-03 10:10:00	8.0	남남동	160	7.63	25.65	0.80	6.5	1.09	6.5	3.0	서남서	244	-2.4	1025.4	-	7	
2021-02-03 10:15:00	8.2	남동	142	7.64	25.64	0.67	6.7	0.93	6.5	1.8	서	262	-2.0	1025.3	-	21	
2021-02-03 10:20:00	8.3	남남동	159	7.67	25.61	0.78	6.7	0.97	5.0	4.0	북서	314	-1.7	1025.2	-	3	
2021-02-03 10:25:00	6.7	남	179	7.69	25.70	0.67	6.5	0.99	6.0	2.8	서남서	245	-1.3	1025.2	-	14	
2021-02-03 10:30:00	5.6	남	178	7.69	26.24	0.63	6.6	0.93	7.5	3.8	남남서	207	-1.2	1025.1	-	4	
2021-02-03 10:35:00	7.9	남남동	159	7.70	26.67	0.67	6.3	1.06	6.0	3.0	남서	235	-1.5	1024.9	-	7	
2021-02-03 10:40:00	7.8	남남동	166	7.70	26.65	0.67	6.1	0.82	7.0	2.9	서북서	283	-1.5	1024.8	-	356	
2021-02-03 10:45:00	7.8	남	180	7.70	26.44	0.85	7.0	1.10	7.5	5.4	서남서	252	-1.0	1024.5	-	15	
2021-02-03 10:50:00	5.8	남	180	7.69	26.19	0.60	7.1	0.99	7.0	4.2	서북서	285	-0.9	1024.6	-	3	
2021-02-03 10:55:00	3.1	남동	144	7.68	25.85	0.65	6.5	0.82	7.0	3.0	북서	317	-1.0	1024.6	-	6	
2021-02-03 11:00:00	7.5	남	169	7.68	25.91	0.77	6.9	0.95	6.5	1.6	서	261	-1.1	1024.5	-	23	
2021-02-03 11:05:00	2.9	동	93	7.68	25.94	0.78	7.1	1.05	7.0	2.7	서	267	-0.8	1024.5	-	19	
2021-02-03 11:10:00	7.6	남남동	157	7.70	26.44	0.79	7.0	1.22	8.0	2.8	서북서	283	-0.4	1024.6	-	8	
2021-02-03 11:15:00	7.0	남남동	150	7.75	26.34	0.78	6.6	0.92	7.5	4.2	서북서	294	-0.4	1024.3	-	359	
2021-02-03 11:20:00	3.5	동남동	107	7.78	26.58	0.61	7.3	0.75	6.5	3.6	서	270	-0.4	1024.3	-	21	
2021-02-03 11:25:00	4.1	남	188	7.80	26.34	0.70	7.2	0.86	7.0	2.7	서북서	285	-0.3	1024.2	-	16	
2021-02-03 11:30:00	12.6	남동	137	7.80	26.30	0.72	6.5	1.10	6.0	1.8	북북서	328	-0.2	1024.1	-	357	
2021-02-03 11:35:00	13.6	남	185	7.81	26.31	0.71	6.5	1.13	7.0	3.1	북서	325	0.0	1024.0	-	10	
2021-02-03 11:40:00	7.0	남	177	7.81	26.32	0.81	6.6	1.09	7.5	2.9	북북서	328	-0.1	1023.8	-	357	
2021-02-03 11:45:00	2.1	남남서	212	7.81	26.46	0.67	6.7	0.97	7.5	2.3	북북서	329	0.0	1023.7	-	22	
2021-02-03 11:50:00	8.4	남남동	158	7.81	26.21	0.77	6.5	1.05	7.0	3.0	북	351	0.2	1023.6	-	16	
2021-02-03 11:55:00	3.7	남	179	7.81	26.28	0.66	7.0	0.88	7.0	3.3	북	354	0.3	1023.5	-	9	
2021-02-03 12:00:00	4.7	동	96	7.81	26.25	0.66	6.3	0.81	8.0	2.8	북서	310	0.6	1023.4	-	2	
2021-02-03 12:05:00	8.8	남	185	7.81	26.27	0.80	6.6	1.19	7.0	8.9	서북서	286	1.3	1023.1	-	22	
2021-02-03 12:10:00	4.9	남남동	159	7.81	26.23	0.72	7.3	0.87	6.5	8.6	서	276	1.4	1023.0	-	5	
2021-02-03 12:15:00	4.8	남남동	154	7.81	26.23	0.69	6.2	1.34	6.5	7.3	서북서	286	1.6	1022.9	-	10	
2021-02-03 12:20:00	3.7	남동	142	7.81	26.25	0.66	6.3	1.02	6.0	8.1	서	277	1.8	1022.8	-	10	
2021-02-03 12:25:00	5.8	남동	143	7.80	26.30	0.75	6.7	1.00	6.5	8.1	서북서	284	1.8	1022.7	-	11	
2021-02-03 12:30:00	3.9	남동	144	7.80	26.22	0.67	6.0	1.06	7.0	7.5	서	277	1.7	1022.7	-	352	
2021-02-03 12:35:00	4.6	남남동	164	7.80	26.22	0.82	6.8	0.93	8.0	7.2	서북서	283	2.0	1022.7	-	20	
2021-02-03 12:40:00	5.1	동북동	73	7.79	26.07	0.70	6.1	0.86	5.5	7.2	서북서	288	1.8	1022.6	-	2	
2021-02-03 12:45:00	3.0	남남동	162	7.79	26.02	0.80	6.8	1.04	7.5	6.7	서북서	303	1.9	1022.4	-	358	
2021-02-03 12:50:00	3.6	남남동	151	7.79	25.71	0.67	6.4	1.07	6.5	8.4	서북서	298	2.1	1022.2	-	12	
2021-02-03 12:55:00	7.2	남남동	148	7.79	25.49	0.86	6.1	1.26	5.0	8.5	서북서	290	2.2	1022.0	-	8	
2021-02-03 13:00:00	5.5	남남동	169	7.79	25.49	0.73	6.0	0.92	6.5	7.7	서북서	299	2.3	1022.0	-	353	
2021-02-03 13:05:00	6.5	남동	141	7.88	25.57	0.72	6.0	0.90	6.0	7.2	서북서	298	2.4	1022.0	-	353	
2021-02-03 13:10:00	5.4	남남동	154	8.04	25.55	0.73	5.6	1.13	6.0	7.6	서북서	299	2.2	1021.9	-	1	
2021-02-03 13:15:00	12.8	남	180	8.05	25.60	0.72	5.9	1.09	5.0	7.1	서북서	303	2.2	1021.9	-	8	
2021-02-03 13:20:00	9.4	남동	139	8.05	25.66	0.78	5.8	1.14	6.0	6.7	서북서	303	2.1	1021.9	-	188	
2021-02-03 13:25:00	12.8	남	185	8.08	26.60	0.77	6.3	1.28	6.0	5.8	북서	304	2.0	1021.8	-	4	
2021-02-03 13:30:00	6.1	남	170	8.08	26.50	0.72	6.1	0.90	7.0	5.4	북서	318	2.0	1021.7	-	347	
2021-02-03 13:35:00	7.6	남남동	162	8.10	26.47	0.73	6.0	1.08	7.0	5.6	북북서	335	2.1	1021.6	-	31	
2021-02-03 13:40:00	13.9	남남동	164	8.12	26.40	0.73	5.3	0.93	6.5	5.2	북북서	334	2.0	1021.6	-	2	
2021-02-03 13:45:00	9.3	남	176	8.32	26.31	0.79	5.7	1.11	6.0	4.7	북북서	331	2.2	1021.5	-	10	
2021-02-03 13:50:00	13.5	남남서	203	8.35	26.17	0.67	5.8	0.87	6.0	4.6	북북서	337	2.2	1021.5	-	359	
2021-02-03 13:55:00	13.8	남남서	199	8.32	25.95	0.77	6.1	1.05	6.0	4.6	북북서	340	2.2	1021.5	-	351	
2021-02-03 14:00:00	13.1	남동	142	8.34	25.97	0.73	5.9	0.99	7.0	4.7	북북서	340	2.1	1021.5	-	17	
2021-02-03 14:05:00	13.9	남서	222	8.41	25.82	0.72	6.6	0.91	6.0	4.6	북북서	334	2.0	1021.5	-	344	
2021-02-03 14:10:00	14.8	남남서	210	8.38	25.97	0.91	6.1	1.23	5.5	2.7	북	353	2.0	1021.4	-	359	
2021-02-03 14:15:00	17.1	남남동	169	8.34	25.94	0.65	5.8	0.84	7.0	2.8	북	2	2.0	1021.5	-	101	
2021-02-03 14:20:00	10.2	남남서	205	8.31	25.91	0.78	6.1	1.03	5.0	3.2	북북서	340	2.1	1021.5	-	8	
2021-02-03 14:25:00	11.0	남	171	8.31	25.89	0.63	5.5	0.84	5.5	3.4	북북서	334	2.2	1021.4	-	344	
2021-02-03 14:30:00	8.5	남	178	8.30	26.26	0.66	5.8	1.08	7.0	2.0	북북서	345	2.2	1021.5	-	19	
2021-02-03 14:35:00	6.5	남남동	162	8.29	26.20	0.74	5.6	1.02	5.0	2.0	북	0	2.4	1021.4	-	359	
2021-02-03 14:40:00	14.7	남남서	195	8.28	26.20	0.73	5.6	0.99	5.5	1.8	북	4	2.5	1021.4	-	333	
2021-02-03 14:45:00	7.8	남남서	201	8.26	25.84	0.73	6.0	1.03	5.5	2.4	북서	315	2.7	1021.4	-	6	
2021-02-03 14:50:00	5.0	남서	224	8.24	26.30	0.66	6.3	0.91	8.0	2.1	북	357	2.6	1021.4	-	9	
2021-02-03 14:55:00	11.3	남남서	202	8.23	26.28	0.73	6.1	0.90	6.5	1.6	북	356	2.5	1021.3	-	22	
2021-02-03 15:00:00	3.2	서	269	8.24	26.33	0.72	6.0	1.05	6.5	1.3	북북서	348	2.4	1021.3	-	10	
2021-02-03 15:05:00	5.9	남서	215	8.24	26.24	0.63	5.8	0.96	7.0	1.6	북서	315	2.7	1021.3	-	343	
2021-02-03 15:10:00	2.3	남서	227	8.21	26.20	0.63	6.2	0.83	7.5	3.9	북서	315	2.7	1021.3	-	12	
2021-02-03 15:15:00	4.5	서북서	290	8.19	26.18	0.68	6.5	0.82	6.0	2.3	북북서	346	2.6	1021.3	-	16	
2021-02-03 15:20:00	10.9	남남동	169	8.17	26.20	0.68	6.1	1.17	5.5	1.7	북북동	17	2.8	1021.3	-	350	
2021-02-03 15:25:00	5.5	남남서	203	8.14	26.25	0.76	5.6	1.06	4.5	1.8	북북동	19	2.9	1021.3	-	338	
2021-02-03 15:30:00	5.4	서	279	8.13	26.15	0.67	5.8	1.07	6.5	1.7	북북동	26	3.0	1021.4	-	5	
2021-02-03 15:35:00	4.5	서남서	246	8.12	26.15	0.61	5.5	0.88	5.5	1.0	북동	51	3.3	1021.5	-	25	
2021-02-03 15:40:00	9.8	서남서	248	8.10	26.13	0.76	5.4	1.07	6.5	1.2	남동	135	3.0	1021.4	-	333	
2021-02-03 15:45:00	9.3	서	274	8.08	26.19	0.66	5.3	0.83	3.0	0.9	남동	124	3.2	1021.4	-	157	
2021-02-03 15:50:00	5.7	서	273	8.07	26.06	0.68	5.8	1.00	5.0	2.3	북북동	16	3.2	1021.4	-	33	
2021-02-03 15:55:00	4.0	북서	326	8.07	25.93	0.71	5.2	0.98	4.0	3.4	북북동	23	3.0	1021.3	-	216	
2021-02-03 16:00:00	4.4	서북서	282	8.06	25.87	0.67	5.4	1.03	4.5	3.3	북북동	20	2.9	1021.3	-	49	
2021-02-03 16:05:00	7.5	서	263	8.06	26.80	0.74	4.6	0.85	4.5	2.1	북동	55	3.0	1021.2	-	236	
2021-02-03 16:10:00	9.2	서남서	251	8.05	26.42	0.76	5.0	0.97	3.5	4.5	북동	34	3.2	1021.0	-	346	
2021-02-03 16:15:00	2.1	남서	235	8.08	26.11	0.83	4.4	1.15	5.5	1.7	서	261	3.6	1021.1	-	184	
2021-02-03 16:20:00	5.3	서	268	8.11	26.12	0.69	5.5	0.99	5.5	2.4	남서	222	3.6	1021.2	-	359	
2021-02-03 16:25:00	6.4	북서	319	8.14	26.11	0.66	5.3	0.91	4.0	2.6	남남동	153	3.6	1021.3	-	133	
2021-02-03 16:30:00	1.3	남서	222	8.16	27.25	0.67	5.1	0.85	4.5	4.3	남남동	166	3.6	1021.4	-	156	
2021-02-03 16:35:00	6.7	서	280	8.14	26.17	0.82	5.2	1.10	6.0	4.6	남	176	3.4	1021.5	-	43	
2021-02-03 16:40:00	4.7	서	267	8.13	26.10	0.82	5.9	1.24	5.0	5.8	남남서	195	3.4	1021.5	-	22	
2021-02-03 16:45:00	7.7	북북서	341	8.13	26.30	0.70	5.6	0.92	5.0	7.4	남	190	3.1	1021.5	-	158	
2021-02-03 16:50:00	3.2	북	358	8.13	26.03	0.58	5.1	0.85	6.5	8.2	남남서	194	2.8	1021.3	-	40	
2021-02-03 16:55:00	2.2	북서	319	8.09	26.04	0.66	6.1	0.94	4.5	8.5	남남서	198	2.8	1021.3	-	17	
2021-02-03 17:00:00	6.3	북	4	8.07	26.67	0.64	6.0	0.85	4.5	7.2	남남서	195	2.6	1021.3	-	153	
2021-02-03 17:05:00	14.5	북서	320	8.04	26.50	0.63	6.5	0.98	7.0	6.9	남남서	197	2.5	1021.4	-	61	
2021-02-03 17:10:00	9.7	북서	320	8.00	25.88	0.60	5.9	0.79	7.0	6.3	남남서	209	2.2	1021.4	-	16	
2021-02-03 17:15:00	13.8	북북서	336	7.95	26.58	0.51	6.0	0.68	7.5	6.6	남남서	206	2.2	1021.4	-	34	
2021-02-03 17:20:00	6.5	서북서	303	7.95	26.59	0.58	6.8	0.82	7.5	5.4	남서	215	2.1	1021.4	-	54	
2021-02-03 17:25:00	10.9	북	350	7.95	26.73	0.60	7.0	0.81	6.5	6.0	남남서	210	2.1	1021.4	-	25	
2021-02-03 17:30:00	13.6	북	352	7.96	26.82	0.56	7.0	1.01	6.0	7.2	남서	216	2.2	1021.3	-	52	
2021-02-03 17:35:00	14.6	북서	323	7.96	26.75	0.55	7.0	0.68	8.0	6.9	남서	221	2.1	1021.3	-	27	
2021-02-03 17:40:00	13.2	북	360	7.97	26.74	0.51	6.5	0.65	6.0	6.7	남서	220	2.0	1021.4	-	352	
2021-02-03 17:45:00	15.1	북북서	347	7.97	26.78	0.58	7.4	0.89	6.5	7.0	남서	220	2.0	1021.4	-	28	
2021-02-03 17:50:00	14.3	북	356	7.98	26.79	0.50	7.1	0.65	8.5	7.6	남서	231	2.0	1021.4	-	34	
2021-02-03 17:55:00	13.3	북	6	7.99	26.86	0.53	5.9	0.80	6.0	8.2	남서	232	1.9	1021.3	-	9	
2021-02-03 18:00:00	16.5	북	11	7.99	25.74	0.53	6.9	0.73	5.5	7.9	남서	235	1.8	1021.4	-	22	
2021-02-03 18:05:00	12.6	북	356	7.98	25.89	0.53	7.1	0.67	6.0	7.4	남서	229	1.8	1021.5	-	4	
2021-02-03 18:10:00	5.9	북	11	7.97	26.04	0.59	6.4	0.88	6.5	7.8	남서	228	1.8	1021.4	-	26	
2021-02-03 18:15:00	14.5	북	10	7.97	26.90	0.49	5.7	0.68	6.5	6.2	남서	231	1.7	1021.4	-	39	
2021-02-03 18:20:00	12.2	북	5	7.95	26.70	0.51	6.3	0.86	6.5	7.5	남서	224	1.6	1021.3	-	2	
2021-02-03 18:25:00	12.8	북	7	7.94	26.38	0.54	6.5	0.84	6.5	7.4	남서	217	1.6	1021.2	-	40	
2021-02-03 18:30:00	16.0	북	9	7.94	26.66	0.58	6.5	0.71	5.5	7.4	남서	226	1.6	1021.1	-	20	
2021-02-03 18:35:00	10.6	북	8	7.92	26.33	0.55	6.0	0.78	5.5	7.3	남서	227	1.6	1021.0	-	0	
2021-02-03 18:40:00	11.6	북북동	18	7.92	26.39	0.53	6.9	0.71	6.0	7.5	남서	232	1.5	1021.0	-	26	
2021-02-03 18:45:00	11.6	북북동	13	7.91	25.69	0.44	6.7	0.53	4.5	7.0	남서	224	1.4	1020.9	-	99	
2021-02-03 18:50:00	24.1	북	5	7.90	25.60	0.51	6.8	0.74	7.0	8.4	남서	218	1.5	1020.8	-	8	
2021-02-03 18:55:00	15.9	북북동	12	7.90	25.59	0.47	6.5	0.64	8.0	8.0	남서	223	1.4	1020.8	-	20	
2021-02-03 19:00:00	12.9	북	4	7.88	26.68	0.59	6.7	0.93	5.5	6.8	남서	232	1.3	1020.9	-	18	
2021-02-03 19:05:00	13.1	북북동	16	7.87	26.56	0.51	6.7	0.66	6.5	5.0	남서	232	1.3	1021.0	-	25	
2021-02-03 19:10:00	11.5	북북동	19	7.87	26.47	0.47	6.4	0.81	4.5	2.8	서	259	1.3	1021.0	-	41	
2021-02-03 19:15:00	8.7	북북동	21	7.86	25.68	0.54	6.9	0.84	7.5	2.0	남	187	1.3	1021.0	-	59	
2021-02-03 19:20:00	10.4	북	2	7.85	25.97	0.60	6.4	0.78	6.5	1.2	동남동	122	1.1	1021.0	-	7	
2021-02-03 19:25:00	5.4	북북동	19	7.85	26.01	0.59	6.8	0.72	7.0	2.4	남남동	165	1.1	1020.9	-	9	
2021-02-03 19:30:00	4.3	북	11	7.85	26.07	0.53	6.0	0.64	7.0	2.9	남동	124	1.2	1020.9	-	13	
2021-02-03 19:35:00	10.4	북북동	22	7.83	25.88	0.50	6.8	0.75	7.0	3.1	남남동	162	1.3	1020.8	-	20	
2021-02-03 19:40:00	8.5	북북동	15	7.83	25.91	0.46	6.0	0.58	7.0	2.9	남	170	1.3	1020.9	-	26	
2021-02-03 19:45:00	11.0	북	10	7.83	25.96	0.48	6.3	0.69	6.5	3.6	남남동	156	1.3	1020.9	-	355	
2021-02-03 19:50:00	10.4	북	10	7.82	26.03	0.52	6.7	0.67	7.0	3.5	남남동	161	1.2	1020.9	-	9	
2021-02-03 19:55:00	7.0	북북동	17	7.83	26.20	0.49	7.1	0.76	6.5	3.9	남남서	194	1.4	1020.9	-	354	
2021-02-03 20:00:00	11.9	북	354	7.82	26.40	0.48	6.7	0.64	8.0	3.5	남	189	1.4	1020.8	-	67	
2021-02-03 20:05:00	11.1	북북동	14	7.82	26.38	0.40	6.2	0.52	5.5	2.0	남	175	1.5	1020.9	-	149	
2021-02-03 20:10:00	10.5	북북동	13	7.82	26.43	0.45	7.0	0.66	7.5	3.1	남	189	1.6	1020.7	-	93	
2021-02-03 20:15:00	5.0	북북동	31	7.82	26.53	0.43	6.7	0.57	7.0	3.2	남	187	1.5	1020.7	-	343	
2021-02-03 20:20:00	9.0	북북동	17	7.81	26.54	0.40	7.1	0.45	5.5	4.5	남	182	1.5	1020.6	-	58	
2021-02-03 20:25:00	6.7	북	351	7.80	26.33	0.46	6.8	0.77	6.5	2.3	남동	131	1.5	1020.6	-	3	
2021-02-03 20:30:00	6.4	북	2	7.80	26.40	0.41	7.3	0.53	9.0	3.7	남	185	1.5	1020.6	-	53	
2021-02-03 20:35:00	9.2	북북동	23	7.79	26.27	0.46	6.3	0.67	7.5	4.3	남남서	200	1.4	1020.4	-	40	
2021-02-03 20:40:00	7.8	북동	38	7.78	26.39	0.44	7.7	0.64	6.5	4.8	남서	214	1.5	1020.4	-	96	
2021-02-03 20:45:00	5.1	북북동	15	7.77	26.33	0.38	6.4	0.59	6.0	4.9	남남서	195	1.5	1020.3	-	25	
2021-02-03 20:50:00	5.3	북북동	24	7.76	26.37	0.39	7.5	0.53	9.0	4.0	남남서	206	1.5	1020.2	-	67	
2021-02-03 20:55:00	10.1	북동	50	7.75	26.42	0.45	8.0	0.62	9.0	6.4	남남서	204	1.6	1020.1	-	53	
2021-02-03 21:00:00	11.0	북북동	32	7.75	26.43	0.43	7.1	0.52	5.5	5.1	남남서	205	1.4	1020.1	-	26	
2021-02-03 21:05:00	2.0	동	96	7.75	26.36	0.42	7.2	0.70	7.5	4.1	남남서	196	1.4	1020.1	-	20	
2021-02-03 21:10:00	8.6	북동	41	7.73	26.35	0.39	6.9	0.67	7.0	4.8	남남서	203	1.4	1020.1	-	83	
2021-02-03 21:15:00	7.5	북동	40	7.73	26.31	0.38	6.6	0.49	7.0	3.5	남남서	192	1.4	1020.2	-	38	
2021-02-03 21:20:00	5.3	북동	43	7.72	26.41	0.46	7.2	0.57	9.0	5.6	남서	220	1.4	1020.1	-	98	
2021-02-03 21:25:00	5.8	북동	35	7.71	26.52	0.42	7.5	0.53	7.5	5.3	남남서	205	1.6	1019.9	-	76	
2021-02-03 21:30:00	11.4	북동	43	7.71	26.56	0.42	7.2	0.68	7.5	5.3	남서	222	1.5	1019.7	-	358	
2021-02-03 21:35:00	7.2	북동	44	7.70	26.52	0.42	7.2	0.59	7.0	5.5	남서	217	1.5	1019.6	-	70	
2021-02-03 21:40:00	8.5	북북동	25	7.71	26.47	0.40	7.0	0.63	7.0	6.1	남서	222	1.5	1019.5	-	40	
2021-02-03 21:45:00	11.1	북북동	20	7.70	26.55	0.43	6.6	0.58	6.5	6.7	남서	229	1.7	1019.3	-	5	
2021-02-03 21:50:00	7.4	북동	38	7.70	26.52	0.43	6.8	0.66	6.5	6.1	남서	231	1.7	1019.1	-	5	
2021-02-03 21:55:00	9.8	북북동	30	7.70	26.58	0.36	7.6	0.57	9.0	7.0	남서	229	1.7	1018.9	-	25	
2021-02-03 22:00:00	11.0	북북동	29	7.69	26.64	0.35	7.1	0.53	7.5	6.5	남서	232	1.8	1018.8	-	76	
2021-02-03 22:05:00	8.3	북동	41	7.68	26.55	0.42	7.1	0.65	7.0	6.4	남서	234	1.7	1018.7	-	67	
2021-02-03 22:10:00	10.4	북동	36	7.67	26.61	0.32	6.8	0.53	7.5	6.1	서남서	237	1.8	1018.7	-	20	
2021-02-03 22:15:00	8.3	북동	42	7.67	26.72	0.36	7.6	0.48	8.5	5.8	서남서	241	1.7	1018.7	-	4	
2021-02-03 22:20:00	6.1	북북동	30	7.68	26.72	0.45	7.8	0.64	9.0	5.3	남서	228	1.6	1018.7	-	92	
2021-02-03 22:25:00	9.3	북동	34	7.67	26.52	0.41	7.8	0.56	8.0	6.4	남서	229	1.6	1018.5	-	82	
2021-02-03 22:30:00	8.2	북동	38	7.66	26.52	0.45	7.1	0.55	5.5	6.1	남서	228	1.7	1018.4	-	28	
2021-02-03 22:35:00	7.4	북동	51	7.67	26.19	0.38	7.0	0.58	5.5	5.1	남서	233	1.6	1018.5	-	87	
2021-02-03 22:40:00	9.5	북북동	25	7.68	26.24	0.40	7.1	0.63	7.5	5.9	남서	232	1.5	1018.5	-	12	
2021-02-03 22:45:00	10.7	북동	43	7.67	26.19	0.34	6.6	0.55	7.0	7.0	남서	228	1.5	1018.4	-	31	
2021-02-03 22:50:00	9.2	북동	41	7.65	26.27	0.37	7.0	0.51	5.0	5.8	남서	218	1.5	1018.3	-	54	
2021-02-03 22:55:00	2.8	북북동	16	7.68	26.37	0.38	7.0	0.52	7.0	4.8	남서	215	1.4	1018.2	-	15	
2021-02-03 23:00:00	4.4	동북동	77	7.69	26.47	0.39	8.3	0.50	7.0	4.0	남서	218	1.3	1018.1	-	88	
2021-02-03 23:05:00	8.2	동	83	7.72	26.48	0.36	6.8	0.49	8.0	3.7	남서	215	1.3	1018.0	-	21	
2021-02-03 23:10:00	7.5	동	87	7.73	26.71	0.41	7.4	0.62	6.5	4.3	남서	223	1.5	1018.3	-	57	
2021-02-03 23:15:00	4.6	북북동	20	7.72	26.63	0.38	7.7	0.52	8.5	6.1	남서	227	1.4	1018.3	-	75	
2021-02-03 23:20:00	6.9	동북동	75	7.70	26.50	0.32	7.8	0.48	6.5	6.9	남서	236	1.4	1018.2	-	78	
2021-02-03 23:25:00	5.9	동북동	60	7.71	26.36	0.37	6.9	0.49	6.0	5.9	남서	231	1.2	1018.2	-	86	
2021-02-03 23:30:00	2.9	동	92	7.73	26.33	0.40	7.5	0.61	6.5	5.0	서남서	240	1.0	1018.0	-	16	
2021-02-03 23:35:00	4.9	동북동	75	7.72	26.30	0.38	7.3	0.53	7.5	5.1	서남서	242	0.9	1018.0	-	68	
2021-02-03 23:40:00	0.9	동남동	103	7.72	26.30	0.42	6.3	0.56	6.0	4.7	서남서	238	0.8	1018.0	-	37	
2021-02-03 23:45:00	6.0	동북동	57	7.72	26.54	0.37	7.5	0.49	6.5	4.1	남서	222	0.8	1018.2	-	74	
2021-02-03 23:50:00	4.4	동	87	7.73	25.93	0.38	7.0	0.52	6.0	4.9	남서	218	0.9	1018.1	-	4	
2021-02-03 23:55:00	4.5	동북동	68	7.74	25.99	0.42	6.8	0.66	7.0	5.3	남남서	212	1.0	1018.1	-	23	
2021-02-04 00:00:00	5.0	동북동	77	7.73	25.97	0.39	8.0	0.56	7.5	5.8	남서	222	1.1	1018.1	-	96	
2021-02-04 00:05:00	4.3	북북동	21	7.72	25.92	0.36	7.3	0.62	7.5	4.6	남남서	208	1.1	1018.1	-	1	
2021-02-04 00:10:00	3.4	북동	42	7.72	26.02	0.43	8.4	0.56	8.0	3.6	남남서	210	0.9	1018.0	-	76	
2021-02-04 00:15:00	4.2	북동	49	7.73	25.98	0.39	7.6	0.55	8.5	4.0	남남서	213	0.9	1018.0	-	51	
2021-02-04 00:20:00	3.4	북동	40	7.72	25.95	0.37	7.1	0.43	7.5	4.1	남서	221	0.9	1018.0	-	73	
2021-02-04 00:25:00	5.0	동	81	7.71	25.90	0.36	7.8	0.43	9.0	7.0	남서	231	0.5	1017.9	-	70	
2021-02-04 00:30:00	5.7	북동	54	7.71	25.86	0.32	7.3	0.43	9.5	5.9	남서	235	0.2	1017.9	-	90	
2021-02-04 00:35:00	2.4	동	95	7.70	25.84	0.36	7.2	0.51	7.0	5.9	남서	227	0.2	1017.9	-	63	
2021-02-04 00:40:00	2.7	동북동	64	7.69	25.87	0.36	6.8	0.44	9.0	5.7	남서	224	0.2	1017.9	-	36	
2021-02-04 00:45:00	1.6	동	97	7.68	26.09	0.40	7.0	0.65	8.5	6.4	남서	231	0.1	1017.8	-	58	
2021-02-04 00:50:00	2.8	동북동	75	7.67	26.07	0.32	6.9	0.44	6.5	5.3	남서	229	0.2	1017.8	-	42	
2021-02-04 00:55:00	3.5	동북동	68	7.67	26.12	0.32	6.2	0.57	6.0	5.2	남서	228	0.3	1017.7	-	341	
2021-02-04 01:00:00	1.9	북동	48	7.66	26.08	0.36	6.6	0.47	8.0	5.6	남서	227	0.3	1017.6	-	355	
2021-02-04 01:05:00	5.9	동	82	7.65	25.96	0.31	7.0	0.41	8.5	6.0	남서	233	0.7	1017.5	-	77	
2021-02-04 01:10:00	4.9	동북동	60	7.64	25.68	0.32	7.1	0.41	6.5	6.3	남서	234	1.0	1017.5	-	74	
2021-02-04 01:15:00	6.6	동북동	74	7.63	25.66	0.38	7.7	0.57	8.0	6.8	남서	232	1.3	1017.5	-	34	
2021-02-04 01:20:00	4.6	동북동	77	7.62	25.89	0.34	7.2	0.45	8.0	5.7	남서	235	1.3	1017.6	-	356	
2021-02-04 01:25:00	1.6	남동	143	7.61	25.76	0.36	7.9	0.50	7.0	6.3	남서	233	1.4	1017.6	-	30	
2021-02-04 01:30:00	3.4	동북동	76	7.61	25.87	0.33	7.9	0.50	8.0	6.1	서남서	239	1.5	1017.5	-	348	
2021-02-04 01:35:00	4.0	동북동	63	7.59	25.86	0.35	7.6	0.51	7.0	5.9	서남서	256	1.6	1017.6	-	37	
2021-02-04 01:40:00	3.2	동북동	62	7.58	25.94	0.32	8.1	0.45	7.0	5.0	서남서	241	1.4	1017.6	-	112	
2021-02-04 01:45:00	4.6	북동	55	7.58	25.91	0.33	7.6	0.45	7.5	4.8	서남서	238	1.4	1017.5	-	17	
2021-02-04 01:50:00	3.6	동북동	62	7.57	25.92	0.31	8.0	0.40	6.5	5.1	서남서	243	1.5	1017.6	-	76	
2021-02-04 01:55:00	3.5	동북동	79	7.56	25.86	0.34	7.6	0.41	7.5	4.7	서남서	249	1.5	1017.7	-	98	
2021-02-04 02:00:00	5.9	동북동	60	7.55	25.87	0.35	7.7	0.50	7.5	4.8	서남서	246	1.4	1017.7	-	1	
2021-02-04 02:05:00	4.8	동북동	60	7.56	25.98	0.27	7.5	0.44	6.0	4.3	서남서	241	1.4	1017.8	-	29	
2021-02-04 02:10:00	3.0	북동	51	7.56	25.96	0.36	7.2	0.48	7.5	3.6	서남서	241	1.6	1017.9	-	17	
2021-02-04 02:15:00	1.6	남동	127	7.57	25.93	0.27	7.5	0.37	7.0	3.9	서남서	247	1.7	1018.0	-	92	
2021-02-04 02:20:00	3.4	북동	42	7.57	25.92	0.33	8.0	0.41	8.0	2.7	서남서	256	1.7	1017.9	-	84	
2021-02-04 02:25:00	2.1	동북동	66	7.55	25.73	0.34	7.3	0.50	7.0	2.7	서	275	1.8	1018.1	-	71	
2021-02-04 02:30:00	5.0	북	8	7.56	26.37	0.35	6.9	0.51	6.5	2.8	서북서	286	2.0	1018.1	-	33	
2021-02-04 02:35:00	4.6	동	79	7.56	26.38	0.34	7.0	0.59	6.5	5.1	북북서	329	2.0	1018.2	-	1	
2021-02-04 02:40:00	4.0	동북동	65	7.57	26.40	0.28	6.7	0.37	7.0	5.3	북북서	333	1.7	1018.3	-	73	
2021-02-04 02:45:00	3.7	동북동	70	7.57	26.38	0.29	6.8	0.35	7.0	5.2	북북서	336	1.6	1018.4	-	3	
2021-02-04 02:50:00	1.5	북서	305	7.56	26.07	0.37	6.8	0.61	7.0	5.6	북북서	337	1.3	1018.5	-	16	
2021-02-04 02:55:00	2.9	북동	37	7.56	26.21	0.29	7.1	0.40	7.5	6.1	북북서	330	1.2	1018.5	-	14	
2021-02-04 03:00:00	4.2	동	92	7.56	26.25	0.29	7.0	0.40	9.0	5.7	북서	313	1.2	1018.6	-	60	
2021-02-04 03:05:00	1.4	동	101	7.56	25.80	0.36	6.8	0.57	7.0	5.1	서북서	297	1.1	1018.6	-	20	
2021-02-04 03:10:00	4.0	남동	140	7.55	25.80	0.28	6.9	0.43	6.5	4.1	서	276	0.7	1018.7	-	342	
2021-02-04 03:15:00	2.0	동북동	78	7.56	25.83	0.37	7.5	0.52	6.5	3.3	서북서	293	0.4	1018.7	-	44	
2021-02-04 03:20:00	3.0	동	91	7.56	25.84	0.36	6.8	0.50	8.0	4.9	서	273	0.6	1018.8	-	63	
2021-02-04 03:25:00	2.0	동	99	7.57	25.75	0.37	7.3	0.49	6.5	4.0	서북서	297	0.7	1018.8	-	54	
2021-02-04 03:30:00	2.1	북북서	330	7.56	25.83	0.33	6.8	0.43	6.0	4.5	북서	318	1.2	1018.8	-	341	
2021-02-04 03:35:00	3.3	북	10	7.56	25.80	0.35	6.7	0.44	5.5	5.1	서북서	299	1.7	1018.9	-	349	
2021-02-04 03:40:00	5.5	동북동	68	7.54	25.79	0.32	6.0	0.44	5.0	5.1	북서	313	1.7	1018.9	-	19	
2021-02-04 03:45:00	2.3	북서	318	7.54	25.77	0.32	7.0	0.42	5.0	5.5	북서	306	1.8	1018.9	-	34	
2021-02-04 03:50:00	2.8	북동	51	7.53	25.82	0.33	6.3	0.52	6.0	5.4	북서	325	1.9	1018.9	-	339	
2021-02-04 03:55:00	1.2	북북동	13	7.53	25.88	0.41	5.9	0.53	5.0	5.7	북북서	344	1.9	1018.8	-	330	
2021-02-04 04:00:00	5.6	북	353	7.52	25.84	0.45	6.0	0.71	7.0	5.4	북북서	334	2.0	1019.0	-	45	
2021-02-04 04:05:00	0.9	북동	38	7.53	25.66	0.55	4.0	0.99	4.0	5.5	북북서	333	2.0	1019.0	-	66	
2021-02-04 04:10:00	1.3	동북동	66	7.52	25.70	0.58	4.4	0.83	4.0	5.0	북북서	333	2.0	1018.8	-	354	
2021-02-04 04:15:00	1.8	서남서	243	7.48	25.72	0.56	4.8	0.85	7.0	6.9	서북서	302	2.1	1018.8	-	187	
2021-02-04 04:20:00	3.0	북북서	336	7.47	25.73	0.61	5.1	0.94	8.5	7.3	북서	326	2.2	1018.9	-	164	
2021-02-04 04:25:00	2.1	북	9	7.47	25.68	0.57	4.4	0.89	4.0	5.3	북서	326	2.1	1019.0	-	157	
2021-02-04 04:30:00	1.0	북북동	15	7.47	25.64	0.56	4.6	0.69	4.0	6.0	북북서	328	2.1	1019.0	-	160	
2021-02-04 04:35:00	0.9	북	9	7.45	26.56	0.52	4.6	0.81	3.5	6.0	북서	314	2.1	1019.0	-	160	
2021-02-04 04:40:00	3.4	서북서	290	7.45	26.63	0.57	4.5	0.77	4.0	7.9	북서	304	2.3	1019.1	-	164	
2021-02-04 04:45:00	3.0	남동	141	7.44	26.34	0.52	5.0	0.69	5.0	9.3	서북서	303	2.4	1019.2	-	342	
2021-02-04 04:50:00	4.0	북서	308	7.45	27.07	0.55	4.3	0.82	3.0	8.0	북서	307	2.3	1019.4	-	142	
2021-02-04 04:55:00	1.2	동북동	59	7.44	26.37	0.51	4.6	0.83	5.5	7.6	서북서	296	2.2	1019.6	-	196	
2021-02-04 05:00:00	3.7	동	92	7.44	26.63	0.54	4.3	0.83	4.5	7.0	서북서	295	2.1	1019.6	-	146	
2021-02-04 05:05:00	2.5	북서	314	7.45	27.03	0.53	4.3	0.70	4.0	6.4	서북서	291	2.1	1019.5	-	135	
2021-02-04 05:10:00	2.3	서북서	292	7.47	26.56	0.55	4.3	0.79	3.5	6.1	서북서	293	1.9	1019.5	-	177	
2021-02-04 05:15:00	3.8	북서	309	7.47	26.51	0.57	4.9	0.81	9.0	6.1	서북서	302	2.0	1019.6	-	21	
2021-02-04 05:20:00	3.4	남	188	7.48	26.41	0.53	5.6	0.65	7.0	6.2	서북서	303	1.9	1019.8	-	350	
2021-02-04 05:25:00	5.3	북북동	16	7.47	26.51	0.50	4.5	0.68	3.0	5.9	서북서	302	1.8	1019.9	-	163	
2021-02-04 05:30:00	1.8	남	181	7.48	26.86	0.48	4.8	0.64	4.0	5.8	북서	306	1.8	1019.9	-	55	
2021-02-04 05:35:00	13.8	북서	316	8.09	26.71	0.49	4.5	0.72	3.0	7.5	서북서	300	2.0	1020.0	-	325	
2021-02-04 05:40:00	12.5	북북서	339	8.42	26.83	0.54	5.1	0.70	4.5	7.6	북서	305	2.0	1020.1	-	145	
2021-02-04 05:45:00	11.8	북북서	347	8.53	26.69	0.51	4.8	0.72	4.5	6.7	북서	317	2.0	1020.3	-	101	
2021-02-04 05:50:00	13.6	북북서	347	8.60	25.84	0.53	4.6	0.64	5.0	8.2	북서	315	1.9	1020.4	-	161	
2021-02-04 05:55:00	11.0	북북서	348	8.64	26.56	0.52	4.8	0.64	3.5	9.0	북서	311	2.0	1020.5	-	145	
2021-02-04 06:00:00	9.1	북북서	340	8.63	26.43	0.52	4.8	0.66	7.5	9.2	북서	311	1.9	1020.6	-	160	
2021-02-04 06:05:00	12.9	북	353	8.62	26.51	0.58	5.1	0.69	5.5	9.0	북서	307	1.8	1020.6	-	355	
2021-02-04 06:10:00	10.1	북북동	16	8.59	26.40	0.57	5.0	0.87	4.0	8.7	북서	309	1.8	1020.7	-	345	
2021-02-04 06:15:00	7.2	북서	324	8.56	26.28	0.67	5.2	0.86	4.0	8.6	북서	314	1.8	1020.8	-	164	
2021-02-04 06:20:00	9.8	북	356	8.58	26.21	0.66	5.9	0.91	5.5	9.2	북서	308	1.7	1020.8	-	348	
2021-02-04 06:25:00	7.8	북	349	8.59	26.32	0.61	5.6	0.96	4.0	7.4	서	277	1.6	1021.0	-	8	
2021-02-04 06:30:00	10.7	북북서	341	8.60	25.86	0.80	6.2	1.08	7.0	4.6	서	277	1.2	1021.1	-	2	
2021-02-04 06:35:00	9.3	북	358	8.60	26.69	0.69	6.1	0.88	6.0	7.0	서북서	286	1.3	1021.2	-	3	
2021-02-04 06:40:00	8.9	북북서	345	8.59	27.52	0.82	7.1	1.02	7.0	6.5	서	277	1.5	1021.3	-	356	
2021-02-04 06:45:00	9.0	북	356	8.59	26.22	0.99	7.3	1.36	7.5	7.2	서북서	293	1.3	1021.3	-	3	
2021-02-04 06:50:00	14.2	북	9	8.58	26.21	1.00	7.2	1.38	6.5	8.0	서북서	292	1.2	1021.3	-	354	
2021-02-04 06:55:00	8.1	북	5	8.57	26.28	1.02	7.0	1.18	7.0	7.9	서북서	289	1.3	1021.4	-	7	
2021-02-04 07:00:00	8.6	북북서	339	8.56	26.67	1.12	7.5	1.43	7.0	7.6	서북서	300	1.2	1021.4	-	346	
2021-02-04 07:05:00	6.5	북	8	8.54	26.23	0.95	7.3	1.47	6.5	7.9	서북서	296	1.1	1021.4	-	358	
2021-02-04 07:10:00	8.2	북북동	19	8.52	26.18	1.24	6.8	1.63	7.0	9.1	서북서	293	1.1	1021.4	-	1	
2021-02-04 07:15:00	10.4	북	356	8.49	27.01	1.33	7.4	1.77	8.0	8.8	서북서	292	1.1	1021.4	-	359	
2021-02-04 07:20:00	7.3	북북동	12	8.46	26.24	1.05	7.2	1.62	8.0	8.9	서북서	287	1.2	1021.5	-	9	
2021-02-04 07:25:00	3.9	북동	34	8.44	26.43	1.42	6.9	1.84	6.5	7.3	서	278	1.1	1021.7	-	353	
2021-02-04 07:30:00	7.7	북북동	26	8.42	26.33	1.25	6.8	1.70	6.5	4.1	서남서	247	0.5	1021.8	-	355	
2021-02-04 07:35:00	5.0	북	354	8.40	26.40	1.25	7.1	2.19	7.0	4.8	서	274	0.5	1021.8	-	0	
2021-02-04 07:40:00	4.1	북	357	8.38	26.19	1.35	7.3	1.59	7.5	6.5	서	275	0.9	1021.8	-	5	
2021-02-04 07:45:00	5.2	북	4	8.35	25.94	1.37	7.2	1.61	6.0	6.4	서	274	0.9	1021.8	-	0	
2021-02-04 07:50:00	6.7	북북서	344	8.34	25.93	1.47	6.8	2.15	6.5	8.1	서북서	286	1.2	1021.8	-	352	
2021-02-04 07:55:00	5.4	북북동	27	8.35	25.64	1.19	7.3	1.72	6.0	8.8	서북서	291	1.3	1021.9	-	358	
2021-02-04 08:00:00	5.0	북북동	16	8.33	25.62	1.08	6.5	1.63	6.5	7.6	서	277	1.2	1022.1	-	355	
2021-02-04 08:05:00	3.4	북북동	14	8.31	25.54	0.96	7.2	1.32	7.0	6.2	서	262	0.9	1022.1	-	13	
2021-02-04 08:10:00	6.2	북	4	8.29	25.70	1.36	6.7	2.07	7.5	6.3	서	266	0.9	1022.1	-	7	
2021-02-04 08:15:00	8.4	북북동	18	8.28	25.71	1.25	6.6	1.56	6.5	5.1	남서	236	0.5	1022.3	-	2	
2021-02-04 08:20:00	7.7	북북동	31	8.27	25.77	1.10	6.7	1.67	6.0	5.3	남서	228	0.2	1022.3	-	350	
2021-02-04 08:25:00	6.4	북	11	8.28	25.81	1.17	6.4	1.68	6.5	5.0	남서	234	0.3	1022.3	-	354	
2021-02-04 08:30:00	6.1	북	8	8.27	25.75	1.32	6.5	1.82	7.5	4.9	남서	235	0.3	1022.5	-	11	
2021-02-04 08:35:00	9.2	북	7	8.28	25.72	1.06	6.8	1.31	5.5	4.2	남서	227	0.2	1022.5	-	8	
2021-02-04 08:40:00	7.1	북북동	26	8.27	25.64	0.91	5.8	1.44	6.5	4.4	남서	222	0.2	1022.5	-	354	
2021-02-04 08:45:00	4.8	북동	35	8.27	25.76	0.91	6.6	1.10	5.0	3.9	남서	228	0.3	1022.5	-	1	
2021-02-04 08:50:00	9.1	북	5	8.27	25.66	1.06	6.3	1.32	5.0	3.1	서남서	237	0.3	1022.5	-	357	
2021-02-04 08:55:00	6.9	북북동	29	8.25	25.73	0.89	6.7	1.27	6.0	4.2	남서	235	0.6	1022.6	-	356	
2021-02-04 09:00:00	2.8	북	10	8.24	25.88	1.09	6.2	1.44	7.0	4.0	남서	220	0.5	1022.6	-	4	
2021-02-04 09:05:00	6.0	북동	53	8.21	26.44	0.95	6.0	1.19	6.5	1.9	남서	218	0.5	1022.7	-	14	
2021-02-04 09:10:00	4.4	북북동	29	8.18	26.07	0.98	6.4	1.46	7.0	1.1	서	267	0.8	1022.8	-	17	
2021-02-04 09:15:00	2.0	북	356	8.16	26.05	0.89	6.3	1.39	7.0	5.4	서	281	1.3	1022.7	-	5	
2021-02-04 09:20:00	8.6	북동	38	8.14	26.04	0.92	6.0	1.40	7.5	7.0	서북서	292	1.7	1022.7	-	14	
2021-02-04 09:25:00	7.9	북동	43	8.11	25.71	1.00	6.1	1.40	6.5	6.8	서북서	291	1.7	1022.7	-	7	
2021-02-04 09:30:00	7.6	동북동	58	8.04	25.66	0.86	5.5	1.25	4.5	6.5	서북서	283	1.6	1022.8	-	1	
2021-02-04 09:35:00	4.8	북북동	16	7.98	25.77	0.89	5.7	1.21	6.0	6.3	서북서	284	1.6	1022.9	-	340	
2021-02-04 09:40:00	6.7	동북동	62	7.96	25.75	0.87	5.3	1.12	5.0	5.9	서북서	286	1.9	1022.9	-	11	
2021-02-04 09:45:00	5.3	북동	42	7.93	25.71	0.83	5.4	1.44	6.0	6.6	서북서	300	1.7	1022.9	-	349	
2021-02-04 09:50:00	6.4	북동	35	7.90	25.63	0.89	5.8	1.09	5.5	5.8	서북서	300	2.0	1022.9	-	6	
2021-02-04 09:55:00	4.1	동남동	106	7.87	25.70	0.92	6.1	1.11	5.0	4.6	서북서	290	1.9	1023.0	-	24	
2021-02-04 10:00:00	8.4	동북동	63	7.87	25.66	0.99	5.7	1.41	5.5	6.2	북서	315	1.8	1023.0	-	4	
2021-02-04 10:05:00	8.8	동	80	7.87	26.07	0.85	5.7	1.17	7.0	4.0	서북서	289	1.8	1023.2	-	355	
2021-02-04 10:10:00	5.9	동북동	71	7.82	26.04	0.87	5.7	1.28	5.5	1.6	서	259	2.1	1023.2	-	355	
2021-02-04 10:15:00	2.6	동남동	103	7.86	26.05	0.86	6.1	1.13	5.5	4.3	서북서	283	2.0	1023.2	-	0	
2021-02-04 10:20:00	5.6	동북동	58	7.85	25.95	0.79	5.8	1.00	6.0	3.1	남남서	210	1.4	1023.2	-	12	
2021-02-04 10:25:00	6.1	북북동	16	7.84	25.60	0.77	5.7	0.96	6.5	1.9	서남서	239	1.7	1023.3	-	355	
2021-02-04 10:30:00	3.6	동	94	7.86	25.60	0.82	6.3	0.99	6.5	5.3	남서	222	1.5	1023.1	-	355	
2021-02-04 10:35:00	3.8	동남동	104	7.86	25.64	0.77	5.9	1.22	5.5	5.8	남서	222	1.7	1023.0	-	166	
2021-02-04 10:40:00	10.2	남동	127	7.86	25.85	0.89	5.6	1.09	6.0	6.2	남서	230	1.8	1023.0	-	355	
2021-02-04 10:45:00	16.0	동	81	7.86	25.70	0.90	5.8	1.23	5.5	5.7	서남서	245	1.4	1023.0	-	13	
2021-02-04 10:50:00	9.4	동북동	76	7.85	25.63	0.85	6.2	1.35	6.0	5.5	서	259	1.5	1023.0	-	356	
2021-02-04 10:55:00	9.7	북동	39	7.83	25.66	0.89	5.3	1.17	6.0	5.6	서	261	1.6	1023.0	-	330	
2021-02-04 11:00:00	6.0	동	92	7.83	25.62	0.78	5.8	1.03	5.5	6.0	서남서	244	1.8	1023.0	-	241	
2021-02-04 11:05:00	7.8	북동	53	7.82	25.73	0.85	6.1	1.14	4.5	5.5	서	273	1.7	1023.0	-	0	
2021-02-04 11:10:00	7.1	동북동	66	7.81	26.82	0.82	5.6	1.19	5.0	5.8	서	259	1.9	1023.1	-	342	
2021-02-04 11:15:00	9.0	동	82	7.79	26.58	0.83	5.7	1.23	6.0	8.4	서북서	293	2.5	1023.0	-	353	
2021-02-04 11:20:00	11.7	동남동	104	7.76	26.41	0.77	6.0	1.01	5.5	8.9	서북서	295	2.6	1022.8	-	342	
2021-02-04 11:25:00	9.8	동	96	7.77	26.38	0.80	5.8	1.04	5.5	9.4	서북서	298	2.6	1022.8	-	357	
2021-02-04 11:30:00	9.7	동	97	7.76	26.01	0.82	5.9	1.00	5.5	9.3	서북서	302	2.7	1022.7	-	358	
2021-02-04 11:35:00	13.6	동	90	7.75	26.05	0.79	6.0	1.18	8.0	10.0	서북서	300	2.8	1022.6	-	353	
2021-02-04 11:40:00	11.1	동남동	121	7.74	26.02	0.77	5.8	0.98	5.5	9.4	서북서	297	2.9	1022.6	-	8	
2021-02-04 11:45:00	6.3	동	87	7.72	25.98	0.78	5.8	1.19	7.0	9.9	서북서	297	3.2	1022.4	-	6	
2021-02-04 11:50:00	5.6	동	83	7.72	26.14	0.84	5.7	1.41	7.0	9.7	서북서	289	3.2	1022.5	-	8	
2021-02-04 11:55:00	12.3	동남동	109	7.72	26.57	0.78	5.6	0.94	7.0	10.0	서북서	289	3.2	1022.4	-	355	
2021-02-04 12:00:00	11.4	동남동	102	7.71	26.54	0.69	5.8	1.04	6.0	9.6	서북서	299	3.2	1022.3	-	6	
2021-02-04 12:05:00	11.2	동북동	62	7.71	26.51	0.77	5.9	1.17	5.5	9.3	서북서	295	3.3	1022.2	-	348	
2021-02-04 12:10:00	10.7	동남동	105	7.69	26.26	0.82	5.5	1.16	6.5	9.3	서북서	290	3.5	1022.3	-	26	
2021-02-04 12:15:00	4.8	남동	131	7.67	26.20	0.80	5.8	1.18	6.0	9.6	서북서	291	3.6	1022.2	-	11	
2021-02-04 12:20:00	11.2	남남동	158	7.66	26.25	0.83	6.0	1.06	7.0	9.6	서북서	295	3.7	1022.1	-	358	
2021-02-04 12:25:00	8.3	동남동	110	7.64	27.03	0.77	6.4	1.12	8.0	10.0	서북서	293	3.7	1022.0	-	10	
2021-02-04 12:30:00	14.2	동남동	113	7.63	26.54	0.77	5.6	1.16	7.0	10.2	서북서	294	3.8	1022.0	-	1	
2021-02-04 12:35:00	12.5	남동	143	7.61	26.18	0.65	5.6	0.94	4.0	9.8	서북서	298	3.8	1021.9	-	11	
2021-02-04 12:40:00	15.3	남동	134	7.62	26.54	0.79	6.0	1.08	6.0	9.8	서북서	300	3.9	1021.8	-	347	
2021-02-04 12:45:00	11.1	남동	132	7.63	26.45	0.78	5.9	1.03	8.5	9.4	북서	314	3.8	1021.7	-	305	
2021-02-04 12:50:00	15.1	남동	135	7.76	26.44	0.86	5.9	1.29	6.5	9.3	서북서	302	3.9	1021.6	-	354	
2021-02-04 12:55:00	20.9	남동	134	7.91	26.19	0.91	6.1	1.36	7.0	8.8	서북서	301	3.9	1021.7	-	355	
2021-02-04 13:00:00	19.3	남동	124	7.92	26.57	0.92	5.9	1.36	6.0	8.7	서북서	301	4.1	1021.7	-	355	
2021-02-04 13:05:00	16.1	남동	139	7.94	26.30	0.83	6.1	1.07	6.0	9.5	서북서	297	4.2	1021.8	-	354	
2021-02-04 13:10:00	16.8	남동	134	7.95	26.23	0.75	5.5	0.96	4.5	8.1	서북서	299	3.9	1021.9	-	24	
2021-02-04 13:15:00	21.0	남남동	149	7.96	26.16	0.80	5.9	1.24	7.5	7.7	서북서	294	4.0	1021.7	-	16	
2021-02-04 13:20:00	14.0	남동	130	7.96	26.20	0.79	5.6	1.00	4.5	8.4	서북서	291	4.1	1021.7	-	319	
2021-02-04 13:25:00	13.0	남남동	155	7.97	26.35	0.73	6.3	0.86	6.0	8.5	서북서	299	4.1	1021.7	-	355	
2021-02-04 13:30:00	14.8	남동	131	7.97	26.57	0.77	5.8	1.05	6.0	8.9	서북서	297	4.1	1021.6	-	359	
2021-02-04 13:35:00	16.6	남남동	150	7.96	26.49	0.81	5.9	1.09	6.5	8.6	서북서	289	4.1	1021.7	-	348	
2021-02-04 13:40:00	10.4	남남동	156	7.98	26.83	0.83	6.6	1.16	5.5	8.8	서북서	293	4.1	1021.8	-	4	
2021-02-04 13:45:00	15.7	남동	140	7.97	26.32	0.71	5.3	1.02	5.5	8.6	서북서	292	4.1	1022.0	-	354	
2021-02-04 13:50:00	15.4	남동	141	7.97	26.20	0.76	5.8	0.98	5.5	9.3	서북서	290	4.1	1022.0	-	14	
2021-02-04 13:55:00	17.5	남동	134	7.97	26.37	0.87	6.1	1.30	6.5	8.6	서북서	299	4.2	1022.1	-	348	
2021-02-04 14:00:00	16.5	남동	135	7.97	26.45	0.73	6.3	0.96	6.0	8.4	서북서	298	4.3	1022.1	-	11	
2021-02-04 14:05:00	15.4	남동	138	7.98	26.22	0.66	5.3	0.95	4.5	8.8	서북서	291	4.2	1022.2	-	341	
2021-02-04 14:10:00	14.8	남동	145	7.97	26.06	0.73	5.2	0.98	6.0	9.0	서북서	286	4.2	1022.2	-	335	
2021-02-04 14:15:00	18.2	남남동	146	7.96	26.66	0.90	6.1	1.20	5.0	8.6	서북서	285	4.2	1022.2	-	358	
2021-02-04 14:20:00	16.9	남동	134	7.96	26.25	0.72	5.8	0.92	7.0	8.5	서북서	289	4.1	1022.2	-	13	
2021-02-04 14:25:00	20.7	남동	138	7.96	26.22	0.80	6.0	1.07	6.0	8.9	서북서	292	4.2	1022.2	-	1	
2021-02-04 14:30:00	17.5	남동	136	7.97	26.18	0.86	5.4	1.16	6.0	9.2	서북서	293	4.2	1022.2	-	353	
2021-02-04 14:35:00	11.8	남남동	151	7.98	26.20	0.84	5.2	1.27	6.5	9.2	서북서	292	4.2	1022.1	-	356	
2021-02-04 14:40:00	14.3	남남동	149	7.98	26.13	0.88	5.8	1.22	6.5	8.8	서북서	287	4.3	1022.1	-	353	
2021-02-04 14:45:00	14.5	남동	145	7.98	25.94	0.85	6.3	1.04	5.0	9.5	서북서	290	4.4	1022.1	-	1	
2021-02-04 14:50:00	14.8	남동	137	7.99	26.14	0.72	5.8	0.92	7.0	9.2	서북서	285	4.2	1022.1	-	358	
2021-02-04 14:55:00	15.8	남남동	152	8.01	25.70	0.82	5.6	1.25	5.5	9.5	서북서	288	4.3	1022.2	-	10	
2021-02-04 15:00:00	10.8	남남동	162	8.03	25.54	0.75	6.0	0.91	4.5	10.4	서북서	289	4.3	1022.2	-	29	
2021-02-04 15:05:00	18.4	남남동	156	8.06	25.63	0.78	6.0	1.07	5.0	10.4	서북서	292	4.2	1022.2	-	148	
2021-02-04 15:10:00	16.1	남남동	155	8.09	25.69	0.75	5.4	0.97	5.0	9.5	서북서	303	4.1	1022.3	-	354	
2021-02-04 15:15:00	15.3	남남동	153	8.10	25.62	0.79	5.9	1.07	5.5	10.2	서북서	298	4.3	1022.2	-	355	
2021-02-04 15:20:00	11.9	남동	138	8.09	25.70	0.89	5.9	1.23	6.5	9.8	서	280	4.4	1022.3	-	15	
2021-02-04 15:25:00	13.6	남남동	146	8.09	25.79	0.75	5.0	1.01	4.5	8.9	서북서	286	4.3	1022.3	-	329	
2021-02-04 15:30:00	14.6	남남동	151	8.10	25.64	0.77	6.0	1.11	5.5	9.9	북서	305	4.2	1022.3	-	346	
2021-02-04 15:35:00	15.2	남남동	166	8.09	25.72	0.95	5.5	1.32	7.0	9.9	서북서	298	4.4	1022.3	-	0	
2021-02-04 15:40:00	16.1	남동	136	8.09	25.74	0.82	5.8	1.09	4.0	10.4	서북서	300	4.3	1022.4	-	359	
2021-02-04 15:45:00	17.0	남남동	154	8.09	25.73	0.83	6.0	1.16	6.0	10.2	서북서	296	4.3	1022.5	-	0	
2021-02-04 15:50:00	16.4	남남동	150	8.09	25.67	0.78	5.8	1.14	5.0	9.9	북서	304	4.1	1022.6	-	350	
2021-02-04 15:55:00	17.8	남남동	149	8.08	25.70	0.81	5.7	1.09	7.5	10.8	서북서	303	4.2	1022.6	-	347	
2021-02-04 16:00:00	12.3	남동	136	8.08	25.57	0.73	5.3	1.14	6.0	10.7	서북서	300	4.0	1022.6	-	0	
2021-02-04 16:05:00	15.1	남남동	160	8.08	25.64	0.90	5.9	1.18	6.0	11.6	서북서	300	4.1	1022.6	-	351	
2021-02-04 16:10:00	16.5	남남동	156	8.07	25.81	0.75	5.4	0.94	6.5	10.8	서북서	301	4.2	1022.7	-	14	
2021-02-04 16:15:00	14.2	남남동	148	8.06	25.86	0.84	6.0	1.16	6.0	10.0	북서	305	4.0	1022.8	-	0	
2021-02-04 16:20:00	15.5	남남동	149	8.06	25.65	0.92	6.1	1.13	6.5	11.0	북서	307	4.0	1022.8	-	4	
2021-02-04 16:25:00	11.7	남동	145	8.06	25.73	0.75	5.3	0.95	9.5	10.5	북서	305	4.1	1022.8	-	323	
2021-02-04 16:30:00	9.8	남동	143	8.07	25.73	0.84	5.6	1.05	6.5	10.2	서북서	301	4.1	1022.8	-	15	
2021-02-04 16:35:00	9.8	남남동	149	8.06	25.66	0.71	5.2	1.07	5.5	9.1	서북서	302	4.2	1022.9	-	351	
2021-02-04 16:40:00	12.3	남남동	147	8.06	25.73	0.83	6.3	1.24	5.5	8.9	서북서	303	4.1	1022.8	-	12	
2021-02-04 16:45:00	16.4	남남동	150	8.08	25.57	0.81	6.6	0.98	5.0	8.9	서북서	302	4.1	1022.8	-	1	
2021-02-04 16:50:00	15.8	남남동	150	8.08	25.62	0.77	5.7	1.25	6.5	7.3	서북서	302	4.1	1022.8	-	1	
2021-02-04 16:55:00	13.0	남남동	153	8.10	25.62	0.74	5.4	1.07	5.0	7.6	서북서	294	4.2	1022.7	-	347	
2021-02-04 17:00:00	15.2	남남동	156	8.11	25.77	0.86	6.0	1.30	7.0	5.3	서북서	290	4.1	1022.7	-	347	
2021-02-04 17:05:00	20.5	남남동	153	8.13	25.78	0.79	6.3	1.03	5.5	4.8	서북서	296	4.1	1022.8	-	8	
2021-02-04 17:10:00	16.0	남남동	153	8.15	25.82	0.86	6.4	0.98	8.0	4.1	서북서	299	4.2	1022.8	-	355	
2021-02-04 17:15:00	11.3	남남동	153	8.16	25.83	0.77	6.1	1.04	6.5	3.0	서북서	285	4.1	1022.9	-	347	
2021-02-04 17:20:00	13.7	남	169	8.16	25.88	0.75	6.0	0.98	8.0	2.6	서	268	4.2	1023.0	-	307	
2021-02-04 17:25:00	15.3	남남동	168	8.17	25.86	0.67	5.8	0.99	5.0	3.4	남남서	205	4.2	1023.0	-	358	
2021-02-04 17:30:00	14.8	남동	143	8.17	25.71	0.82	5.5	1.13	6.5	3.2	남남서	210	3.9	1022.9	-	352	
2021-02-04 17:35:00	13.8	남	174	8.18	25.69	0.87	5.9	1.62	6.0	3.9	남남서	207	3.7	1022.9	-	15	
2021-02-04 17:40:00	4.3	동	100	8.18	25.60	0.70	5.7	0.90	7.5	4.3	남남서	212	3.6	1022.9	-	14	
2021-02-04 17:45:00	15.1	남	176	8.18	25.89	0.85	6.2	1.26	5.0	5.6	남남서	213	3.5	1022.7	-	14	
2021-02-04 17:50:00	12.8	남남동	160	8.18	25.71	0.78	5.8	0.93	6.5	4.7	남서	216	3.4	1022.8	-	1	
2021-02-04 17:55:00	10.4	남남동	150	8.17	25.86	0.77	5.7	0.99	5.5	5.1	남서	227	3.4	1022.7	-	357	
2021-02-04 18:00:00	12.9	남남동	149	8.18	25.77	0.82	6.1	1.18	5.0	4.5	남서	225	3.4	1022.7	-	339	
2021-02-04 18:05:00	5.4	남남동	167	8.18	25.84	0.74	5.3	0.96	6.0	4.6	남서	224	3.4	1022.7	-	9	
2021-02-04 18:10:00	8.9	남남동	161	8.18	25.77	0.87	6.2	1.08	6.0	5.5	남서	225	3.3	1022.6	-	8	
2021-02-04 18:15:00	10.1	남남동	167	8.18	26.31	0.77	5.6	1.16	5.5	5.9	남서	223	3.4	1022.5	-	16	
2021-02-04 18:20:00	4.1	남동	146	8.19	26.56	0.84	6.2	1.15	7.0	5.9	남서	226	3.2	1022.5	-	357	
2021-02-04 18:25:00	7.8	남남동	157	8.19	26.61	0.67	6.0	0.90	6.5	5.4	남서	232	3.2	1022.5	-	24	
2021-02-04 18:30:00	6.4	남	180	8.18	26.85	0.76	6.5	1.13	5.5	6.8	남서	230	3.0	1022.3	-	0	
2021-02-04 18:35:00	8.7	남동	144	8.17	27.08	0.77	6.5	0.98	7.0	6.3	남서	236	2.9	1022.4	-	1	
2021-02-04 18:40:00	12.8	남	175	8.18	26.74	0.84	6.8	1.15	6.5	5.8	남서	234	2.7	1022.3	-	10	
2021-02-04 18:45:00	5.6	동남동	122	8.16	26.54	0.64	5.5	0.86	6.0	6.4	서남서	238	2.4	1022.3	-	353	
2021-02-04 18:50:00	3.9	남동	133	8.15	26.66	0.83	6.4	1.42	7.0	6.5	남서	234	2.6	1022.3	-	1	
2021-02-04 18:55:00	9.0	남남동	155	8.15	26.91	0.76	6.5	0.99	6.5	6.3	서남서	237	2.6	1022.3	-	352	
2021-02-04 19:00:00	8.6	남남동	160	8.16	26.25	0.71	6.0	0.96	5.0	5.6	남서	235	2.6	1022.4	-	9	
2021-02-04 19:05:00	5.1	남남동	152	8.15	26.24	0.71	6.0	0.95	5.5	5.9	남서	230	2.5	1022.4	-	3	
2021-02-04 19:10:00	6.4	동남동	116	8.15	25.73	0.64	6.8	0.79	5.5	6.0	남서	231	2.5	1022.4	-	12	
2021-02-04 19:15:00	4.2	남동	132	8.15	25.77	0.74	6.2	0.96	7.0	5.8	남서	229	2.5	1022.4	-	357	
2021-02-04 19:20:00	9.2	남동	132	8.14	25.77	0.70	6.2	0.87	5.5	6.2	남서	228	2.5	1022.5	-	12	
2021-02-04 19:25:00	0.5	남동	132	8.13	25.78	0.71	6.1	0.88	7.0	6.5	남서	227	2.5	1022.4	-	356	
2021-02-04 19:30:00	8.4	남남동	166	8.13	25.77	0.66	6.7	0.91	5.5	6.1	남서	230	2.4	1022.5	-	357	
2021-02-04 19:35:00	8.8	남동	143	8.12	26.61	0.55	5.8	0.73	6.0	6.3	남서	233	2.3	1022.5	-	10	
2021-02-04 19:40:00	5.2	북북서	338	8.12	26.10	0.52	5.8	0.68	6.0	6.5	남서	226	2.3	1022.4	-	1	
2021-02-04 19:45:00	5.8	동남동	116	8.11	26.91	0.61	6.1	0.98	6.0	6.3	남서	234	2.3	1022.5	-	10	
2021-02-04 19:50:00	5.9	남동	146	8.11	27.04	0.59	5.3	0.82	7.0	5.7	남서	228	2.2	1022.5	-	344	
2021-02-04 19:55:00	2.9	동북동	74	8.11	27.01	0.59	5.5	0.89	5.0	6.1	남서	236	2.3	1022.5	-	11	
2021-02-04 20:00:00	3.8	남동	132	8.10	26.75	0.61	6.1	0.85	6.5	5.0	서남서	240	2.1	1022.5	-	3	
2021-02-04 20:05:00	7.9	남남동	160	8.10	26.73	0.57	6.0	0.84	6.0	5.2	서남서	238	2.1	1022.5	-	8	
2021-02-04 20:10:00	6.7	남동	137	8.10	26.81	0.60	6.5	0.96	5.5	5.2	서남서	242	2.0	1022.6	-	9	
2021-02-04 20:15:00	9.3	남남동	150	8.09	26.95	0.56	5.8	0.87	5.0	5.1	남서	236	2.0	1022.5	-	359	
2021-02-04 20:20:00	8.7	남동	127	8.10	26.84	0.51	6.1	0.64	6.5	4.6	남서	235	2.1	1022.6	-	8	
2021-02-04 20:25:00	4.4	동	89	8.11	26.75	0.53	6.4	0.65	8.5	5.9	남서	230	2.2	1022.5	-	337	
2021-02-04 20:30:00	5.1	동	83	8.10	26.99	0.60	6.1	0.76	6.0	6.7	남서	235	2.1	1022.6	-	7	
2021-02-04 20:35:00	3.9	동남동	117	8.10	27.00	0.58	6.1	0.94	6.0	6.5	남서	229	1.9	1022.5	-	346	
2021-02-04 20:40:00	4.9	동	83	8.09	26.99	0.46	6.4	0.69	7.0	6.9	남서	223	2.0	1022.4	-	8	
2021-02-04 20:45:00	5.6	남동	142	8.09	26.60	0.57	6.2	0.71	6.5	7.3	남서	227	1.8	1022.4	-	17	
2021-02-04 20:50:00	3.6	남남동	152	8.10	26.88	0.54	6.6	0.63	6.5	6.6	남서	227	1.7	1022.5	-	7	
2021-02-04 20:55:00	3.1	동남동	121	8.10	26.71	0.52	7.0	0.76	7.5	6.5	남서	226	1.7	1022.4	-	10	
2021-02-04 21:00:00	7.5	남남동	148	8.15	26.75	0.53	5.9	0.69	6.5	6.6	남서	236	1.7	1022.5	-	355	
2021-02-04 21:05:00	6.0	남남동	161	8.18	26.83	0.47	5.7	0.69	6.0	8.3	남서	233	1.6	1022.5	-	4	
2021-02-04 21:10:00	7.0	남남동	152	8.18	26.83	0.59	6.5	0.91	6.5	7.6	남서	234	1.5	1022.5	-	3	
2021-02-04 21:15:00	6.9	남남동	159	8.20	26.89	0.54	6.1	0.71	7.0	7.4	남서	228	1.4	1022.4	-	343	
2021-02-04 21:20:00	6.2	남동	128	8.20	26.75	0.62	6.0	1.13	5.0	8.3	남서	232	1.4	1022.4	-	6	
2021-02-04 21:25:00	5.7	남남동	146	8.20	26.79	0.56	7.6	0.93	6.5	8.1	남서	228	1.4	1022.4	-	13	
2021-02-04 21:30:00	4.8	남동	139	8.20	26.69	0.59	6.9	0.81	6.0	8.7	남서	222	1.4	1022.2	-	9	
2021-02-04 21:35:00	6.0	남남동	157	8.19	27.06	0.52	6.6	0.68	8.5	7.9	남서	229	1.4	1022.3	-	356	
2021-02-04 21:40:00	7.1	남남동	160	8.20	26.85	0.61	6.4	0.75	7.0	9.1	남서	234	1.4	1022.1	-	357	
2021-02-04 21:45:00	0.0	남	184	8.20	25.97	0.52	6.1	0.73	7.0	10.5	남서	223	1.3	1022.0	-	347	
2021-02-04 21:50:00	4.1	남	174	8.20	26.52	0.58	7.0	0.69	6.5	9.3	남서	235	1.5	1022.2	-	2	
2021-02-04 21:55:00	1.0	동북동	76	8.20	26.81	0.59	6.4	0.84	6.0	7.8	서남서	240	1.3	1022.4	-	13	
2021-02-04 22:00:00	3.5	동	97	8.19	26.82	0.55	6.5	0.73	5.5	8.8	남서	224	1.2	1022.3	-	348	
2021-02-04 22:05:00	3.6	동남동	116	8.19	26.76	0.53	6.2	0.88	5.5	8.6	남서	233	1.3	1022.3	-	358	
2021-02-04 22:10:00	6.9	남남동	160	8.19	26.53	0.54	6.4	0.76	6.0	8.5	남서	229	1.3	1022.2	-	342	
2021-02-04 22:15:00	1.7	남동	129	8.19	26.47	0.53	6.5	0.94	6.5	8.0	서남서	237	1.4	1022.1	-	8	
2021-02-04 22:20:00	2.2	남동	125	8.18	26.69	0.61	6.4	0.98	6.5	6.6	서남서	250	1.1	1022.2	-	350	
2021-02-04 22:25:00	4.8	남	171	8.18	26.77	0.49	6.9	0.75	6.0	4.8	서남서	246	0.9	1022.3	-	3	
2021-02-04 22:30:00	3.4	동남동	116	8.19	26.87	0.50	5.8	0.71	5.5	6.8	서남서	243	0.9	1022.1	-	351	
2021-02-04 22:35:00	4.4	남남동	158	8.19	26.98	0.49	5.8	0.69	7.0	8.6	서남서	240	1.0	1021.9	-	357	
2021-02-04 22:40:00	1.8	남	174	8.18	26.66	0.52	5.9	0.85	7.5	8.0	남서	236	1.0	1022.0	-	349	
2021-02-04 22:45:00	2.5	북북동	12	8.18	26.67	0.60	6.2	0.82	6.5	8.4	남서	232	1.0	1022.0	-	340	
2021-02-04 22:50:00	1.9	남	173	8.18	26.61	0.67	6.6	1.03	6.5	8.6	남서	235	1.1	1021.9	-	355	
2021-02-04 22:55:00	2.6	동남동	114	8.17	26.68	0.47	5.9	0.56	7.5	7.9	남서	230	1.0	1021.8	-	6	
2021-02-04 23:00:00	4.1	남	182	8.17	26.61	0.59	6.9	0.78	7.0	6.9	남서	222	1.2	1022.0	-	350	
2021-02-04 23:05:00	2.9	남남동	163	8.17	26.67	0.55	6.2	0.72	6.0	6.4	남서	220	1.1	1022.1	-	344	
2021-02-04 23:10:00	3.7	남남서	206	8.17	25.73	0.56	6.2	0.66	6.0	6.4	남서	224	1.1	1022.3	-	352	
2021-02-04 23:15:00	5.2	남남서	202	8.17	26.74	0.55	5.9	0.87	6.0	4.7	남서	226	1.0	1022.4	-	28	
2021-02-04 23:20:00	3.7	남동	144	8.17	26.39	0.44	6.1	0.67	7.5	5.7	남서	223	1.2	1022.3	-	346	
2021-02-04 23:25:00	0.4	남남동	160	8.17	26.36	0.54	7.0	0.68	6.5	6.7	남서	232	1.2	1022.1	-	5	
2021-02-04 23:30:00	1.5	남남동	153	8.17	26.09	0.50	6.3	0.63	6.0	6.1	서남서	237	1.3	1022.1	-	36	
2021-02-04 23:35:00	4.4	남서	223	8.16	26.38	0.54	6.7	0.67	7.0	6.0	남서	232	1.3	1022.2	-	328	
2021-02-04 23:40:00	1.2	남	175	8.16	26.51	0.54	6.6	0.64	7.5	5.8	남서	235	1.2	1022.3	-	349	
2021-02-04 23:45:00	2.0	남서	219	8.16	26.46	0.55	7.0	0.82	6.0	6.3	서남서	237	1.3	1022.3	-	6	
2021-02-04 23:50:00	2.7	남남서	198	8.16	26.41	0.51	6.5	0.71	7.0	6.5	서남서	239	1.3	1022.2	-	17	
2021-02-04 23:55:00	3.8	남남동	164	8.19	26.48	0.47	6.0	0.67	7.0	6.3	서남서	247	1.3	1022.2	-	50	
2021-02-05 00:00:00	4.1	남	174	8.20	26.62	0.50	6.2	0.70	6.0	5.6	서남서	239	1.3	1022.1	-	23	
2021-02-05 00:05:00	2.6	남남동	169	8.23	26.38	0.52	6.6	0.87	7.0	5.6	서남서	243	1.3	1022.1	-	356	
2021-02-05 00:10:00	4.7	남동	129	8.23	26.28	0.50	7.1	0.67	6.0	4.9	서남서	255	1.3	1022.1	-	24	
2021-02-05 00:15:00	5.9	남서	220	8.24	26.56	0.53	6.4	0.89	6.0	5.1	서남서	249	1.3	1021.9	-	7	
2021-02-05 00:20:00	3.0	남동	144	8.25	26.55	0.48	7.1	0.69	7.5	6.9	서남서	242	1.5	1021.8	-	19	
2021-02-05 00:25:00	1.0	남남동	168	8.25	26.35	0.50	6.6	0.73	10.0	7.3	서남서	241	1.4	1021.7	-	345	
2021-02-05 00:30:00	2.7	남	178	8.24	26.47	0.55	6.4	0.69	5.5	8.2	서남서	240	1.4	1021.7	-	350	
2021-02-05 00:35:00	0.9	남남서	211	8.24	26.63	0.50	6.3	0.82	5.5	7.7	남서	235	1.5	1021.8	-	11	
2021-02-05 00:40:00	2.9	남	181	8.23	26.52	0.43	6.3	0.57	6.5	7.2	서남서	241	1.4	1021.8	-	21	
2021-02-05 00:45:00	2.0	북북서	346	8.22	26.39	0.47	6.1	0.61	6.5	6.9	서남서	243	1.4	1021.8	-	29	
2021-02-05 00:50:00	2.0	동북동	68	8.22	26.38	0.53	6.7	0.75	6.5	5.8	서남서	244	1.5	1021.8	-	14	
2021-02-05 00:55:00	0.6	동남동	117	8.23	26.34	0.48	5.9	0.66	7.5	6.8	서남서	241	1.6	1021.7	-	29	
2021-02-05 01:00:00	0.5	남	191	8.23	26.39	0.54	6.0	1.02	7.0	6.1	남서	233	1.5	1021.9	-	50	
2021-02-05 01:05:00	1.8	서북서	288	8.23	26.50	0.48	6.0	0.63	7.5	6.2	남서	230	1.3	1022.0	-	56	
2021-02-05 01:10:00	2.4	남서	216	8.22	26.42	0.51	6.7	0.81	8.0	5.3	남서	227	1.5	1022.2	-	49	
2021-02-05 01:15:00	2.7	남남서	197	8.22	26.44	0.59	6.7	0.76	8.0	6.7	남서	220	1.3	1022.1	-	22	
2021-02-05 01:20:00	0.9	남서	232	8.22	26.38	0.53	5.9	0.78	6.5	6.7	남서	217	1.3	1022.2	-	51	
2021-02-05 01:25:00	2.3	서북서	299	8.21	26.49	0.48	6.4	0.70	7.0	4.6	남서	215	1.4	1022.3	-	71	
2021-02-05 01:30:00	5.1	남남서	193	8.21	26.43	0.46	7.3	0.57	8.5	5.8	남서	231	1.3	1022.2	-	56	
2021-02-05 01:35:00	2.8	동	100	8.21	26.56	0.53	6.3	0.89	5.0	6.0	서남서	244	1.6	1022.2	-	47	
2021-02-05 01:40:00	0.9	북동	53	8.21	26.44	0.60	7.6	0.75	9.5	6.1	남서	235	1.3	1022.2	-	58	
2021-02-05 01:45:00	1.6	서남서	250	8.20	26.44	0.49	6.2	0.72	6.0	7.1	남서	235	1.3	1022.2	-	74	
2021-02-05 01:50:00	3.2	남동	145	8.20	26.55	0.42	6.1	0.59	5.5	6.8	남서	236	1.2	1022.3	-	18	
2021-02-05 01:55:00	2.3	남남서	200	8.21	26.77	0.52	6.4	0.72	6.0	7.0	남서	235	1.2	1022.3	-	5	
2021-02-05 02:00:00	5.9	남남서	192	8.21	26.50	0.55	7.2	0.85	6.5	6.6	남서	231	1.3	1022.2	-	44	
2021-02-05 02:05:00	2.8	남동	128	8.20	26.53	0.53	6.5	0.61	7.5	6.8	남서	228	1.4	1022.2	-	39	
2021-02-05 02:10:00	2.7	남서	225	8.19	26.52	0.52	6.1	0.79	6.0	6.2	남서	233	1.3	1022.3	-	337	
2021-02-05 02:15:00	4.2	남동	137	8.19	26.47	0.49	6.3	0.80	5.0	5.0	남서	228	1.2	1022.3	-	69	
2021-02-05 02:20:00	2.9	남동	145	8.19	26.37	0.54	6.4	0.79	7.0	4.0	남서	226	1.1	1022.3	-	24	
2021-02-05 02:25:00	4.2	남	169	8.19	26.29	0.54	7.2	0.71	4.5	3.1	남서	236	1.3	1022.2	-	88	
2021-02-05 02:30:00	0.9	서남서	241	8.18	26.29	0.55	6.9	0.71	7.5	3.0	남서	234	1.4	1022.1	-	43	
2021-02-05 02:35:00	3.9	남서	222	8.18	26.31	0.64	7.7	0.76	8.0	2.8	남서	230	1.3	1022.1	-	51	
2021-02-05 02:40:00	2.0	남서	221	8.17	26.40	0.57	7.1	0.76	7.5	4.1	남서	220	1.4	1022.0	-	47	
2021-02-05 02:45:00	2.7	남남서	200	8.17	26.40	0.44	5.8	0.71	5.0	3.5	남서	229	1.5	1022.1	-	25	
2021-02-05 02:50:00	1.1	북동	54	8.17	26.68	0.55	6.7	0.70	6.0	3.5	남서	232	1.6	1022.1	-	36	
2021-02-05 02:55:00	0.3	서	276	8.16	26.37	0.61	6.7	0.79	8.0	2.3	서남서	243	1.7	1022.1	-	15	
2021-02-05 03:00:00	2.6	서북서	303	8.16	26.42	0.61	7.6	1.02	7.0	1.4	서남서	244	1.7	1022.1	-	42	
2021-02-05 03:05:00	1.2	서북서	294	8.16	26.62	0.51	6.4	0.64	6.5	2.7	서	262	1.9	1022.1	-	15	
2021-02-05 03:10:00	1.1	서	259	8.15	26.42	0.48	6.5	0.75	7.5	3.9	서남서	257	2.0	1022.0	-	32	
2021-02-05 03:15:00	1.4	서남서	238	8.15	26.44	0.61	7.7	0.90	7.0	5.3	서남서	251	2.0	1021.9	-	40	
2021-02-05 03:20:00	3.7	서	265	8.19	26.35	0.51	6.3	0.84	7.0	5.3	남서	229	2.1	1021.9	-	30	
2021-02-05 03:25:00	5.8	북서	304	8.20	26.78	0.57	7.5	0.82	7.5	3.8	남서	232	2.0	1022.0	-	61	
2021-02-05 03:30:00	2.2	서	273	8.20	26.36	0.57	7.8	0.93	8.0	3.4	서남서	251	2.1	1022.0	-	37	
2021-02-05 03:35:00	14.5	서북서	298	8.27	26.42	0.54	7.0	0.73	6.0	5.3	서남서	241	2.3	1021.8	-	6	
2021-02-05 03:40:00	6.5	북서	304	8.30	26.17	0.60	6.8	0.81	5.5	6.7	남서	232	2.3	1021.6	-	38	
2021-02-05 03:45:00	7.2	서북서	291	8.32	25.78	0.60	6.4	0.73	6.0	6.0	남서	235	2.3	1021.7	-	9	
2021-02-05 03:50:00	11.6	서북서	289	8.35	25.79	0.61	6.8	0.88	6.5	5.9	남서	230	2.4	1021.6	-	24	
2021-02-05 03:55:00	9.0	북서	323	8.41	25.76	0.62	6.3	1.10	6.5	4.4	남서	235	2.3	1021.6	-	49	
2021-02-05 04:00:00	13.2	북서	309	8.42	25.88	0.65	6.7	0.92	6.0	5.5	남서	236	2.4	1021.5	-	8	
2021-02-05 04:05:00	8.9	북서	310	8.44	25.73	0.65	7.3	0.94	7.5	5.5	남서	235	2.4	1021.5	-	67	
2021-02-05 04:10:00	10.3	서북서	295	8.48	26.65	0.65	7.5	0.78	7.5	4.1	서남서	240	2.4	1021.5	-	51	
2021-02-05 04:15:00	11.9	북서	314	8.49	26.72	0.58	5.9	0.83	6.0	4.4	남서	230	2.6	1021.6	-	322	
2021-02-05 04:20:00	11.1	북서	316	8.50	26.75	0.62	6.6	0.90	6.5	6.0	남서	222	2.6	1021.6	-	70	
2021-02-05 04:25:00	9.2	북서	317	8.51	25.98	0.62	6.3	0.78	5.5	6.8	남서	219	2.5	1021.6	-	358	
2021-02-05 04:30:00	8.0	서북서	303	8.51	26.45	0.76	7.2	1.09	7.5	4.7	남서	225	2.5	1021.6	-	43	
2021-02-05 04:35:00	13.7	북서	318	8.48	26.68	0.69	6.9	0.84	7.0	5.5	남서	229	2.6	1021.5	-	35	
2021-02-05 04:40:00	11.4	북서	314	8.48	26.69	0.55	6.6	0.63	8.5	5.3	남서	233	2.6	1021.5	-	68	
2021-02-05 04:45:00	11.9	북서	310	8.46	25.88	0.64	6.6	0.87	8.0	6.0	남서	232	2.6	1021.5	-	19	
2021-02-05 04:50:00	8.6	북북서	336	8.40	25.68	0.59	6.6	0.91	7.0	6.3	남서	231	2.6	1021.5	-	21	
2021-02-05 04:55:00	5.4	북서	317	8.39	25.66	0.61	7.5	0.77	7.5	5.7	남서	222	2.5	1021.5	-	58	
2021-02-05 05:00:00	12.8	북북서	333	8.40	25.77	0.55	7.0	0.78	6.0	5.6	남서	222	2.7	1021.6	-	50	
2021-02-05 05:05:00	5.8	북서	305	8.42	25.93	0.53	6.2	0.65	8.0	6.7	남서	233	2.7	1021.6	-	61	
2021-02-05 05:10:00	6.2	북서	319	8.40	25.80	0.61	7.1	0.91	7.0	6.6	남서	229	2.7	1021.6	-	64	
2021-02-05 05:15:00	5.2	북서	314	8.40	25.72	0.55	6.3	0.74	6.5	6.2	남서	225	2.7	1021.5	-	51	
2021-02-05 05:20:00	8.0	북북서	346	8.39	25.91	0.70	6.7	0.99	6.0	6.2	남서	222	2.7	1021.5	-	358	
2021-02-05 05:25:00	6.8	북북서	329	8.37	25.65	0.62	7.4	0.80	7.0	6.1	남서	221	2.8	1021.5	-	32	
2021-02-05 05:30:00	5.8	북서	307	8.35	25.76	0.57	7.1	0.94	7.5	6.4	남서	221	2.9	1021.5	-	73	
2021-02-05 05:35:00	13.7	북북서	331	8.37	25.74	0.75	7.5	1.10	7.5	6.2	남서	222	2.9	1021.4	-	35	
2021-02-05 05:40:00	8.5	북북서	328	8.37	25.71	0.57	6.9	0.68	6.5	6.4	남서	231	2.9	1021.3	-	38	
2021-02-05 05:45:00	10.9	북북서	348	8.34	25.71	0.48	6.8	0.62	7.5	6.4	남서	234	3.0	1021.3	-	54	
2021-02-05 05:50:00	8.9	북북서	346	8.32	25.99	0.69	8.0	0.87	7.5	7.2	남서	235	3.0	1021.2	-	56	
2021-02-05 05:55:00	14.3	북북서	349	8.29	25.70	0.64	6.9	0.81	7.5	7.2	남서	230	3.0	1021.2	-	50	
2021-02-05 06:00:00	10.3	북북서	339	8.30	25.73	0.65	7.3	0.95	6.0	8.9	남서	227	3.2	1021.1	-	46	
2021-02-05 06:05:00	6.5	북	357	8.28	25.69	0.61	7.1	0.80	6.0	7.6	남서	224	3.2	1021.2	-	46	
2021-02-05 06:10:00	6.3	북북서	329	8.27	26.25	0.49	6.1	0.89	7.0	6.7	남서	215	3.2	1021.2	-	24	
2021-02-05 06:15:00	11.9	북	354	8.24	25.83	0.64	7.2	0.98	7.0	6.5	남서	218	3.1	1021.1	-	45	
2021-02-05 06:20:00	15.7	북북서	334	8.22	25.77	0.53	7.0	0.83	7.5	6.8	남서	216	3.1	1021.1	-	53	
2021-02-05 06:25:00	8.3	북	357	8.19	25.78	0.50	6.6	0.72	6.5	5.6	남서	221	3.1	1021.2	-	16	
2021-02-05 06:30:00	9.2	북	5	8.19	25.78	0.51	6.2	0.72	7.0	5.0	남서	226	3.2	1021.4	-	39	
2021-02-05 06:35:00	11.9	북북서	347	8.19	25.78	0.52	7.0	0.72	7.0	5.4	남서	229	3.2	1021.4	-	17	
2021-02-05 06:40:00	11.0	북	358	8.19	25.71	0.48	6.5	0.71	7.0	6.4	남서	235	3.4	1021.3	-	21	
2021-02-05 06:45:00	10.2	북	7	8.20	25.77	0.53	6.8	0.65	6.0	8.3	서남서	238	3.4	1021.1	-	29	
2021-02-05 06:50:00	4.0	북동	39	8.20	25.72	0.43	5.8	0.60	5.0	8.1	서남서	241	3.4	1021.1	-	65	
2021-02-05 06:55:00	6.1	북북동	19	8.18	26.47	0.54	6.7	0.82	7.0	8.5	서남서	237	3.4	1021.1	-	46	
2021-02-05 07:00:00	2.3	동북동	76	8.17	25.94	0.51	6.6	0.71	5.5	7.7	서남서	238	3.4	1021.1	-	63	
2021-02-05 07:05:00	4.2	북북동	13	8.16	25.93	0.51	6.3	0.72	7.0	8.4	남서	235	3.4	1021.0	-	19	
2021-02-05 07:10:00	1.8	북북서	341	8.16	25.93	0.40	6.3	0.54	7.0	7.9	남서	236	3.5	1021.0	-	23	
2021-02-05 07:15:00	5.6	북북동	30	8.14	25.93	0.48	7.4	0.62	7.5	8.4	남서	233	3.5	1020.9	-	50	
2021-02-05 07:20:00	9.1	북북동	25	8.12	26.53	0.46	6.8	0.61	6.5	8.2	남서	223	3.4	1020.8	-	37	
2021-02-05 07:25:00	4.0	북북서	329	8.11	26.83	0.43	7.3	0.57	7.5	8.6	남서	222	3.4	1020.8	-	73	
2021-02-05 07:30:00	8.1	북	0	8.11	26.83	0.51	5.9	0.72	6.0	6.7	남남서	204	3.4	1020.8	-	41	
2021-02-05 07:35:00	9.6	북	359	8.09	26.81	0.48	6.5	0.69	7.0	5.5	남남서	193	3.3	1020.8	-	127	
2021-02-05 07:40:00	5.8	북북동	18	8.08	26.05	0.48	7.3	0.59	7.0	5.2	남서	218	3.2	1020.7	-	64	
2021-02-05 07:45:00	3.5	북북서	346	8.08	26.19	0.46	6.7	0.67	7.5	3.7	남서	224	3.1	1020.5	-	29	
2021-02-05 07:50:00	4.9	북북동	13	8.08	26.35	0.41	6.8	0.56	7.5	3.7	남서	221	3.2	1020.5	-	48	
2021-02-05 07:55:00	2.4	남서	233	8.07	25.95	0.45	6.8	0.74	8.5	2.9	남서	229	3.2	1020.4	-	74	
2021-02-05 08:00:00	0.7	남동	145	8.06	26.00	0.45	6.8	0.69	6.0	5.6	남서	229	3.2	1020.3	-	1	
2021-02-05 08:05:00	2.8	북	353	8.05	25.91	0.47	6.2	0.68	6.0	7.6	남서	228	3.4	1020.3	-	40	
2021-02-05 08:10:00	3.1	북	4	8.04	26.11	0.49	7.0	0.67	6.0	8.5	남서	221	3.4	1020.1	-	68	
2021-02-05 08:15:00	6.1	북서	319	8.04	26.02	0.45	6.5	0.70	7.0	7.4	남서	227	3.4	1020.1	-	28	
2021-02-05 08:20:00	6.1	북북동	23	8.03	26.02	0.44	6.3	0.63	5.0	7.6	남서	227	3.5	1020.1	-	49	
2021-02-05 08:25:00	9.9	북북동	32	8.02	25.78	0.48	7.6	0.63	5.5	8.0	남서	226	3.4	1020.1	-	65	
2021-02-05 08:30:00	4.1	북	357	8.02	26.16	0.44	6.6	0.55	6.5	7.8	남서	222	3.5	1020.1	-	40	
2021-02-05 08:35:00	6.8	북북동	23	8.02	26.03	0.48	7.0	0.65	7.0	7.7	남서	219	3.4	1020.2	-	76	
2021-02-05 08:40:00	1.3	남남동	159	8.02	25.72	0.44	6.5	0.62	5.5	6.6	남서	219	3.6	1020.2	-	21	
2021-02-05 08:45:00	3.8	북	351	8.02	26.09	0.50	6.3	0.64	7.5	6.6	남서	220	3.5	1020.1	-	22	
2021-02-05 08:50:00	7.9	북북서	333	8.02	26.00	0.43	6.4	0.55	6.5	7.1	남서	225	3.6	1019.9	-	345	
2021-02-05 08:55:00	2.1	북북서	331	8.02	25.92	0.44	6.4	0.59	6.5	6.1	남서	228	3.7	1019.9	-	66	
2021-02-05 09:00:00	4.0	북	353	8.02	25.78	0.41	6.6	0.59	6.0	5.9	남서	226	3.7	1019.8	-	74	
2021-02-05 09:05:00	4.2	북북동	18	8.01	25.95	0.44	7.6	0.55	7.0	5.9	남서	224	3.9	1019.7	-	36	
2021-02-05 09:10:00	1.3	동북동	68	8.00	25.88	0.42	7.1	0.62	7.0	5.8	남서	226	3.9	1019.7	-	54	
2021-02-05 09:15:00	1.3	남남서	210	8.00	26.08	0.38	6.7	0.49	7.0	6.0	남서	227	3.9	1019.6	-	76	
2021-02-05 09:20:00	0.7	동	81	8.00	26.02	0.38	6.4	0.49	5.5	6.3	남서	232	4.0	1019.5	-	84	
2021-02-05 09:25:00	0.6	남동	128	7.99	26.12	0.41	7.1	0.58	7.0	6.7	남서	228	4.0	1019.4	-	54	
2021-02-05 09:30:00	6.0	북	354	8.00	26.03	0.39	7.5	0.56	7.5	6.3	남서	229	4.0	1019.4	-	71	
2021-02-05 09:35:00	5.7	북북동	22	7.99	25.73	0.42	7.5	0.56	9.0	6.6	남서	229	4.1	1019.4	-	93	
2021-02-05 09:40:00	0.2	동북동	78	7.99	25.81	0.44	6.9	0.61	8.5	5.6	남서	229	4.2	1019.5	-	77	
2021-02-05 09:45:00	3.3	북동	44	7.99	25.78	0.42	7.3	0.57	7.5	5.3	남서	230	4.2	1019.3	-	73	
2021-02-05 09:50:00	2.4	북북동	27	7.99	25.76	0.38	7.1	0.52	6.0	4.6	서남서	239	4.3	1019.3	-	94	
2021-02-05 09:55:00	2.7	북	357	7.99	26.76	0.41	6.6	0.71	4.5	4.0	서남서	238	4.3	1019.3	-	104	
2021-02-05 10:00:00	2.4	남서	227	8.00	26.19	0.45	7.3	0.72	7.0	3.4	남서	234	4.5	1019.3	-	83	
2021-02-05 10:05:00	4.4	북북동	33	8.00	26.19	0.49	7.3	0.77	7.0	3.6	남서	233	4.6	1019.2	-	74	
2021-02-05 10:10:00	3.6	북동	44	8.00	26.50	0.36	6.6	0.58	7.0	4.0	남서	235	4.7	1019.2	-	36	
2021-02-05 10:15:00	2.5	북북서	349	7.99	26.48	0.36	6.9	0.41	6.5	4.2	서남서	241	4.9	1019.1	-	95	
2021-02-05 10:20:00	4.2	북서	317	7.99	26.48	0.34	6.8	0.45	6.0	5.4	서남서	238	4.9	1019.0	-	64	
2021-02-05 10:25:00	0.6	북북서	339	7.99	26.45	0.40	6.8	0.64	6.0	4.5	서남서	240	5.0	1019.0	-	108	
2021-02-05 10:30:00	3.0	북북동	25	7.99	25.95	0.39	6.4	0.58	7.5	5.0	서남서	241	5.1	1019.0	-	41	
2021-02-05 10:35:00	5.2	북북서	344	7.99	25.83	0.36	7.7	0.57	6.0	4.6	서남서	238	5.2	1018.9	-	81	
2021-02-05 10:40:00	3.4	북북동	17	7.98	25.83	0.41	6.6	0.69	7.5	4.5	서남서	240	5.4	1018.8	-	52	
2021-02-05 10:45:00	2.9	북동	42	7.98	26.21	0.42	6.2	0.52	5.5	4.5	서남서	237	5.6	1018.8	-	33	
2021-02-05 10:50:00	3.6	동북동	76	7.98	26.16	0.43	7.1	0.55	5.5	4.5	남서	232	5.6	1018.7	-	94	
2021-02-05 10:55:00	1.9	서북서	296	7.98	26.09	0.35	7.1	0.40	5.5	4.6	남서	229	5.8	1018.6	-	83	
2021-02-05 11:00:00	2.6	북동	45	7.98	26.00	0.31	6.7	0.37	7.0	4.2	서남서	241	5.9	1018.5	-	94	
2021-02-05 11:05:00	3.1	북북동	13	7.99	25.86	0.41	7.5	0.61	7.5	4.2	서남서	237	6.0	1018.4	-	80	
2021-02-05 11:10:00	2.6	서	273	7.98	25.86	0.42	7.3	0.56	9.0	4.5	남서	233	6.2	1018.3	-	83	
2021-02-05 11:15:00	4.7	북	4	7.98	25.87	0.36	6.8	0.55	8.5	5.2	서남서	244	6.2	1018.2	-	73	
2021-02-05 11:20:00	11.2	북북동	19	7.98	26.22	0.38	6.8	0.55	7.0	4.5	서남서	248	6.4	1018.1	-	67	
2021-02-05 11:25:00	4.1	북동	37	7.98	26.09	0.31	5.9	0.45	5.0	4.8	서남서	245	6.5	1018.1	-	18	
2021-02-05 11:30:00	3.5	북	10	7.98	25.98	0.34	7.3	0.50	8.0	3.5	서남서	245	6.6	1017.9	-	87	
2021-02-05 11:35:00	3.8	북	4	8.00	26.03	0.37	6.7	0.54	8.5	3.9	서남서	248	6.6	1017.9	-	57	
2021-02-05 11:40:00	4.4	북북서	346	8.00	25.95	0.33	7.5	0.41	9.5	3.8	서남서	249	6.8	1017.8	-	91	
2021-02-05 11:45:00	6.8	북동	37	8.00	25.86	0.37	7.0	0.57	5.5	4.3	서남서	251	6.8	1017.7	-	83	
2021-02-05 11:50:00	2.9	동북동	59	8.01	25.84	0.30	6.9	0.41	7.0	3.1	남서	236	6.9	1017.6	-	22	
2021-02-05 11:55:00	7.1	북	9	8.01	25.74	0.40	7.6	0.55	7.5	3.2	남서	229	7.1	1017.5	-	73	
2021-02-05 12:00:00	4.8	북북동	22	8.00	26.04	0.34	7.5	0.41	8.0	2.2	서남서	241	7.2	1017.4	-	85	
2021-02-05 12:05:00	2.3	북서	323	8.00	26.05	0.40	7.2	0.57	7.0	2.1	서남서	241	7.3	1017.3	-	64	
2021-02-05 12:10:00	9.9	북북동	15	8.01	25.90	0.34	7.4	0.43	6.5	1.9	서	266	7.4	1017.3	-	92	
2021-02-05 12:15:00	1.5	서북서	294	8.01	25.73	0.31	7.0	0.45	7.0	1.8	서남서	246	7.6	1017.3	-	52	
2021-02-05 12:20:00	3.8	북북동	31	8.02	25.72	0.30	6.1	0.47	6.0	2.3	서남서	240	7.7	1017.1	-	81	
2021-02-05 12:25:00	9.0	북	1	8.02	25.76	0.32	6.2	0.51	8.5	3.5	서남서	241	7.7	1017.0	-	91	
2021-02-05 12:30:00	4.3	북서	307	8.02	26.13	0.39	7.7	0.66	7.5	4.8	남서	227	7.7	1016.8	-	88	
2021-02-05 12:35:00	7.8	북북동	14	8.02	26.04	0.36	6.4	0.65	7.5	6.4	남서	223	7.6	1016.7	-	93	
2021-02-05 12:40:00	6.5	북북서	346	8.02	25.91	0.30	6.9	0.41	8.0	6.4	남서	221	7.6	1016.6	-	94	
2021-02-05 12:45:00	6.5	북북동	15	8.03	25.87	0.35	6.3	0.48	6.0	8.4	남서	218	7.6	1016.5	-	79	
2021-02-05 12:50:00	9.1	북	3	8.02	25.84	0.35	6.8	0.43	6.5	7.9	남남서	210	7.5	1016.3	-	96	
2021-02-05 12:55:00	11.1	북북동	24	8.02	25.83	0.31	6.9	0.47	6.5	9.3	남남서	207	7.4	1016.3	-	106	
2021-02-05 13:00:00	6.5	북북동	20	8.01	25.78	0.33	6.4	0.43	8.5	8.8	남남서	206	7.3	1016.0	-	76	
2021-02-05 13:05:00	5.4	북북동	19	8.00	26.03	0.34	5.2	0.55	5.0	8.6	남남서	205	7.3	1016.1	-	69	
2021-02-05 13:10:00	7.0	북북동	18	7.99	25.83	0.39	5.8	0.47	8.0	8.8	남남서	210	7.2	1016.1	-	81	
2021-02-05 13:15:00	9.3	북북동	16	7.98	26.01	0.35	6.4	0.51	6.5	10.7	남남서	210	6.9	1016.0	-	64	
2021-02-05 13:20:00	6.0	북	11	7.98	26.07	0.32	5.9	0.44	7.5	10.3	남남서	213	6.8	1016.0	-	58	
2021-02-05 13:25:00	8.4	북북동	23	7.97	26.41	0.33	6.1	0.42	6.5	11.4	남서	217	6.7	1016.0	-	85	
2021-02-05 13:30:00	7.9	북동	41	7.97	26.02	0.36	6.3	0.54	8.5	11.4	남서	217	6.6	1016.1	-	74	
2021-02-05 13:35:00	10.7	북북동	14	7.96	26.06	0.37	6.0	0.50	6.5	10.9	남서	221	6.7	1016.0	-	75	
2021-02-05 13:40:00	7.1	북북동	18	7.97	26.08	0.33	5.5	0.42	8.0	10.6	남서	221	6.8	1016.1	-	103	
2021-02-05 13:45:00	8.9	북북동	32	7.97	26.06	0.39	5.5	0.65	5.0	10.0	남서	215	6.8	1015.8	-	37	
2021-02-05 13:50:00	11.4	북동	35	7.96	26.08	0.30	6.2	0.50	7.0	9.5	남서	221	6.9	1015.8	-	73	
2021-02-05 13:55:00	5.5	북동	50	7.96	26.05	0.35	4.9	0.45	5.5	10.1	남남서	212	6.9	1015.6	-	72	
2021-02-05 14:00:00	5.3	북동	48	7.96	26.04	0.35	5.9	0.49	8.0	10.1	남서	217	7.0	1015.6	-	52	
2021-02-05 14:05:00	5.4	북동	44	7.96	26.05	0.32	6.1	0.45	5.0	10.4	남서	218	7.1	1015.5	-	65	
2021-02-05 14:10:00	6.3	동북동	74	7.95	26.10	0.35	5.6	0.45	7.0	10.7	남서	219	6.9	1015.5	-	83	
2021-02-05 14:15:00	6.7	북동	53	7.95	26.18	0.30	5.2	0.41	5.0	10.5	남서	220	7.0	1015.5	-	80	
2021-02-05 14:20:00	9.4	북북동	23	7.94	26.17	0.29	5.0	0.54	6.5	10.5	남서	219	7.0	1015.4	-	75	
2021-02-05 14:25:00	6.7	북동	50	7.93	26.23	0.33	5.5	0.41	6.0	10.5	남서	222	7.1	1015.2	-	95	
2021-02-05 14:30:00	11.3	북동	35	7.94	26.13	0.37	5.8	0.53	6.5	9.7	남서	217	7.1	1015.2	-	42	
2021-02-05 14:35:00	9.7	북동	46	7.94	26.19	0.33	5.9	0.48	5.0	10.8	남서	220	7.0	1015.2	-	81	
2021-02-05 14:40:00	9.7	북북동	34	7.93	26.15	0.33	5.4	0.59	5.0	10.3	남서	217	6.9	1015.2	-	49	
2021-02-05 14:45:00	9.7	북동	46	7.93	26.07	0.31	4.6	0.49	8.5	11.2	남서	218	6.9	1015.2	-	141	
2021-02-05 14:50:00	8.9	북동	39	7.91	26.17	0.39	5.6	0.48	10.0	11.2	남서	219	6.9	1015.2	-	86	
2021-02-05 14:55:00	7.6	동북동	72	7.90	26.01	0.35	5.2	0.49	4.5	10.7	남서	219	6.9	1015.2	-	76	
2021-02-05 15:00:00	4.1	북북동	31	7.91	26.42	0.39	4.5	0.51	8.0	11.2	남서	219	6.9	1015.0	-	178	
2021-02-05 15:05:00	9.0	북북동	30	7.91	26.05	0.43	6.3	0.60	6.5	10.7	남서	220	7.1	1015.0	-	54	
2021-02-05 15:10:00	9.6	북북동	30	7.90	26.01	0.37	5.7	0.61	7.0	10.5	남서	218	7.3	1015.0	-	84	
2021-02-05 15:15:00	6.3	북동	51	7.90	26.04	0.29	4.6	0.38	5.5	10.0	남서	214	7.3	1014.9	-	45	
2021-02-05 15:20:00	6.5	북동	55	7.89	25.94	0.28	5.3	0.38	6.5	10.4	남서	218	7.5	1014.8	-	73	
2021-02-05 15:25:00	5.1	북동	41	7.87	25.92	0.31	6.1	0.40	6.0	11.0	남남서	213	7.6	1014.7	-	75	
2021-02-05 15:30:00	5.6	북	9	7.85	25.95	0.26	6.3	0.34	6.5	9.9	남서	216	7.8	1014.8	-	76	
2021-02-05 15:35:00	2.5	북동	48	7.85	25.92	0.30	6.4	0.41	5.0	9.9	남서	216	7.9	1014.7	-	72	
2021-02-05 15:40:00	0.9	북북서	339	7.84	26.21	0.27	5.9	0.38	7.0	9.7	남서	218	8.1	1014.8	-	42	
2021-02-05 15:45:00	4.0	북	354	7.83	26.84	0.27	5.8	0.46	6.0	8.7	남서	214	8.0	1014.8	-	76	
2021-02-05 15:50:00	6.4	동북동	68	7.84	26.91	0.27	6.6	0.39	9.0	9.0	남남서	211	8.1	1014.8	-	70	
2021-02-05 15:55:00	8.2	북	8	7.85	26.76	0.27	7.1	0.45	7.0	7.9	남남서	213	8.1	1014.9	-	104	
2021-02-05 16:00:00	5.6	북동	42	7.85	26.76	0.27	6.7	0.32	6.5	6.5	남남서	212	8.2	1014.9	-	67	
2021-02-05 16:05:00	6.6	북북서	346	7.83	26.72	0.27	6.8	0.38	8.5	7.3	남서	215	8.4	1014.8	-	78	
2021-02-05 16:10:00	5.6	동북동	58	7.83	26.51	0.24	7.4	0.31	7.5	6.2	남남서	211	8.4	1014.7	-	87	
2021-02-05 16:15:00	1.8	북동	51	7.83	25.96	0.30	7.4	0.42	6.0	6.4	남남서	211	8.4	1014.6	-	73	
2021-02-05 16:20:00	4.9	북	356	7.83	26.76	0.31	7.2	0.45	7.0	5.9	남서	214	8.5	1014.4	-	39	
2021-02-05 16:25:00	2.2	북서	314	7.82	26.77	0.29	8.2	0.43	8.0	7.1	남남서	213	8.5	1014.2	-	70	
2021-02-05 16:30:00	2.0	북북동	18	7.82	26.76	0.29	7.2	0.36	5.5	8.5	남서	215	8.4	1014.0	-	95	
2021-02-05 16:35:00	3.4	북동	52	7.81	26.89	0.24	7.3	0.31	8.0	8.3	남서	214	8.3	1014.0	-	94	
2021-02-05 16:40:00	4.1	북	3	7.81	26.83	0.28	7.5	0.39	7.5	8.4	남남서	212	8.3	1013.9	-	59	
2021-02-05 16:45:00	3.3	북북서	328	7.80	26.03	0.28	6.8	0.32	7.0	7.5	남서	215	8.3	1013.9	-	76	
2021-02-05 16:50:00	3.4	남동	125	7.80	25.76	0.24	7.2	0.37	7.5	9.0	남서	217	8.3	1013.7	-	118	
2021-02-05 16:55:00	3.1	동북동	67	7.79	25.73	0.25	6.6	0.44	8.5	8.9	남남서	212	8.3	1013.6	-	85	
2021-02-05 17:00:00	2.9	북서	325	7.78	25.79	0.25	6.8	0.34	7.5	8.1	남서	215	8.4	1013.7	-	114	
2021-02-05 17:05:00	2.7	북	7	7.78	25.78	0.24	7.7	0.33	5.0	8.4	남서	218	8.4	1013.6	-	76	
2021-02-05 17:10:00	5.1	남서	214	7.77	25.72	0.30	6.9	0.42	6.0	8.3	남서	218	8.5	1013.6	-	83	
2021-02-05 17:15:00	4.8	북서	326	7.77	25.76	0.21	6.8	0.31	7.0	8.0	남서	214	8.4	1013.6	-	56	
2021-02-05 17:20:00	5.7	동북동	63	7.76	25.68	0.25	6.4	0.34	8.5	7.5	남서	217	8.5	1013.6	-	129	
2021-02-05 17:25:00	16.4	서북서	287	7.76	25.79	0.25	6.6	0.36	7.5	7.4	남남서	210	8.6	1013.7	-	64	
2021-02-05 17:30:00	1.4	남동	135	7.76	25.75	0.27	6.9	0.41	7.5	6.7	남서	214	8.5	1013.7	-	87	
2021-02-05 17:35:00	4.7	북동	36	7.76	25.84	0.24	6.6	0.38	7.0	6.2	남서	214	8.3	1013.6	-	85	
2021-02-05 17:40:00	3.8	북동	54	7.76	25.88	0.22	7.0	0.27	7.0	6.1	남남서	213	8.3	1013.6	-	68	
2021-02-05 17:45:00	2.9	남서	218	7.76	25.85	0.25	7.4	0.37	7.5	6.2	남남서	212	8.3	1013.6	-	99	
2021-02-05 17:50:00	6.7	서북서	293	7.76	25.86	0.28	7.6	0.35	7.5	4.8	남남서	209	8.2	1013.7	-	59	
2021-02-05 17:55:00	1.8	동남동	103	7.75	25.88	0.25	7.3	0.38	7.0	4.7	남서	214	8.1	1013.6	-	104	
2021-02-05 18:00:00	1.4	북서	324	7.75	25.89	0.26	6.4	0.39	5.5	5.5	남서	221	8.1	1013.5	-	103	
2021-02-05 18:05:00	2.2	서북서	298	7.74	25.90	0.25	7.0	0.35	6.5	6.2	남남서	212	8.1	1013.5	-	103	
2021-02-05 18:10:00	2.4	서북서	287	7.74	25.91	0.23	7.0	0.29	8.0	5.3	남서	222	8.2	1013.6	-	93	
2021-02-05 18:15:00	4.5	북	350	7.73	25.92	0.25	7.0	0.35	10.5	5.3	남서	216	8.1	1013.6	-	73	
2021-02-05 18:20:00	2.9	남	189	7.73	25.95	0.24	6.4	0.31	8.0	5.8	남남서	213	8.1	1013.5	-	75	
2021-02-05 18:25:00	2.5	동	89	7.73	25.97	0.22	6.7	0.35	8.5	6.1	남서	233	8.2	1013.5	-	101	
2021-02-05 18:30:00	4.1	동북동	71	7.73	26.07	0.24	6.6	0.40	6.5	6.4	남서	221	8.1	1013.5	-	89	
2021-02-05 18:35:00	4.9	동남동	111	7.74	26.20	0.26	7.6	0.40	8.5	6.2	남서	218	8.0	1013.6	-	83	
2021-02-05 18:40:00	1.5	북서	308	7.75	26.21	0.27	7.2	0.42	6.0	6.8	남서	221	8.0	1013.6	-	96	
2021-02-05 18:45:00	4.3	동	98	7.76	26.16	0.25	6.7	0.38	6.0	6.6	남서	225	7.9	1013.7	-	88	
2021-02-05 18:50:00	4.6	북동	46	7.76	26.07	0.24	6.8	0.34	6.0	5.7	남서	236	7.8	1013.8	-	94	
2021-02-05 18:55:00	4.2	동	91	7.76	26.13	0.28	7.2	0.41	7.0	5.7	남서	226	7.9	1013.8	-	119	
2021-02-05 19:00:00	3.4	동북동	72	7.76	26.07	0.22	6.4	0.31	7.5	5.4	서남서	240	7.7	1013.8	-	86	
2021-02-05 19:05:00	4.5	동북동	69	7.75	26.26	0.25	6.4	0.37	6.5	5.2	남서	232	7.5	1014.0	-	103	
2021-02-05 19:10:00	4.2	동북동	75	7.76	27.14	0.23	6.4	0.41	8.0	5.7	남서	227	7.7	1014.1	-	119	
2021-02-05 19:15:00	1.2	남남동	147	7.76	26.07	0.24	6.3	0.35	8.5	4.8	남서	222	7.7	1014.2	-	82	
2021-02-05 19:20:00	3.2	남	173	7.75	26.02	0.25	6.3	0.34	7.0	4.8	남서	225	7.5	1014.3	-	115	
2021-02-05 19:25:00	0.5	북북동	25	7.75	26.08	0.25	5.5	0.36	5.5	5.3	남서	221	7.4	1014.2	-	67	
2021-02-05 19:30:00	0.8	남남동	157	7.74	26.09	0.24	5.3	0.33	8.5	5.2	남서	217	7.5	1014.3	-	103	
2021-02-05 19:35:00	2.4	서남서	239	7.73	26.03	0.27	6.2	0.42	7.0	5.3	남남서	206	7.5	1014.4	-	104	
2021-02-05 19:40:00	2.7	남동	130	7.72	26.31	0.28	6.9	0.37	8.0	5.5	남남서	213	7.5	1014.6	-	97	
2021-02-05 19:45:00	1.4	남남서	200	7.72	26.07	0.29	5.7	0.41	7.5	4.6	남남서	213	7.4	1014.5	-	86	
2021-02-05 19:50:00	4.6	북	357	7.71	26.09	0.29	6.7	0.37	6.5	4.9	남서	221	7.4	1014.6	-	72	
2021-02-05 19:55:00	0.4	남동	141	7.71	26.09	0.31	6.7	0.41	7.5	5.8	남서	225	7.2	1014.5	-	106	
2021-02-05 20:00:00	1.3	서북서	286	7.71	26.09	0.29	6.8	0.39	6.0	6.7	남서	215	7.2	1014.4	-	104	
2021-02-05 20:05:00	1.2	북북서	344	7.71	26.09	0.29	5.7	0.41	3.0	6.7	남서	221	7.2	1014.5	-	79	
2021-02-05 20:10:00	4.5	북서	308	7.71	26.06	0.28	5.1	0.35	7.0	6.0	남서	215	7.2	1014.6	-	78	
2021-02-05 20:15:00	3.1	북북서	347	7.71	26.08	0.32	5.7	0.46	7.5	6.7	남남서	209	7.1	1014.6	-	107	
2021-02-05 20:20:00	5.8	북북서	344	7.71	26.06	0.27	5.3	0.38	7.0	5.8	남남서	200	6.9	1014.7	-	94	
2021-02-05 20:25:00	3.0	북서	318	7.71	26.17	0.27	5.4	0.39	6.0	5.4	남남서	204	6.9	1014.7	-	71	
2021-02-05 20:30:00	3.6	북동	40	7.70	26.94	0.28	4.8	0.42	7.5	4.6	남남서	211	6.8	1014.7	-	101	
2021-02-05 20:35:00	7.3	북북서	345	7.70	25.77	0.28	5.4	0.35	3.5	4.2	남남서	213	6.9	1014.6	-	127	
2021-02-05 20:40:00	4.3	북	6	7.70	25.74	0.27	6.5	0.41	8.5	3.9	남서	214	6.9	1014.6	-	85	
2021-02-05 20:45:00	3.6	북동	56	7.69	25.68	0.28	6.3	0.40	6.0	6.9	남서	221	6.9	1014.5	-	94	
2021-02-05 20:50:00	3.8	북북동	21	7.69	25.66	0.29	5.3	0.40	6.5	6.7	남서	214	6.9	1014.5	-	106	
2021-02-05 20:55:00	3.1	동남동	119	7.69	25.72	0.34	5.0	0.45	8.0	7.4	남서	217	6.9	1014.4	-	104	
2021-02-05 21:00:00	2.3	남동	139	7.69	25.73	0.27	5.3	0.36	3.5	7.4	남서	215	6.9	1014.4	-	339	
2021-02-05 21:05:00	1.8	북북서	333	7.68	25.80	0.29	5.2	0.39	3.5	6.8	남남서	213	6.8	1014.5	-	103	
2021-02-05 21:10:00	0.2	동남동	101	7.68	25.76	0.31	5.0	0.41	6.0	5.9	남남서	212	6.8	1014.7	-	121	
2021-02-05 21:15:00	2.3	동	84	7.67	25.66	0.27	4.6	0.36	4.0	5.3	남서	224	6.8	1014.8	-	75	
2021-02-05 21:20:00	1.6	북북서	329	7.67	25.81	0.29	5.8	0.45	5.5	4.9	남남서	209	6.8	1014.7	-	89	
2021-02-05 21:25:00	3.1	북	2	7.67	25.80	0.27	5.4	0.37	3.0	3.6	남서	216	6.8	1014.6	-	335	
2021-02-05 21:30:00	4.2	서북서	302	7.67	25.79	0.27	4.6	0.47	3.5	4.2	남서	222	6.9	1014.5	-	93	
2021-02-05 21:35:00	4.6	동북동	60	7.67	25.86	0.31	5.0	0.51	3.5	4.9	남서	231	6.8	1014.4	-	99	
2021-02-05 21:40:00	6.1	북북동	31	7.67	25.63	0.28	4.5	0.43	3.0	5.4	남서	233	6.8	1014.4	-	11	
2021-02-05 21:45:00	3.0	동북동	61	7.66	25.63	0.29	5.5	0.38	8.0	6.3	남서	224	6.7	1014.3	-	347	
2021-02-05 21:50:00	4.1	동북동	63	7.65	25.61	0.27	4.9	0.36	3.0	8.7	남서	219	6.7	1014.1	-	102	
2021-02-05 21:55:00	5.7	북동	41	7.65	25.69	0.27	4.2	0.41	3.0	9.7	남서	220	6.8	1013.9	-	326	
2021-02-05 22:00:00	6.5	북북동	28	7.65	25.79	0.32	4.0	0.44	3.0	10.1	남서	216	6.8	1013.7	-	106	
2021-02-05 22:05:00	5.1	북북동	24	7.64	25.68	0.31	3.8	0.43	3.5	9.8	남서	221	6.7	1013.7	-	101	
2021-02-05 22:10:00	6.2	북북동	27	7.65	25.77	0.30	4.5	0.40	6.5	9.9	남서	218	6.7	1013.7	-	85	
2021-02-05 22:15:00	1.5	북	7	7.65	25.71	0.30	3.4	0.43	8.0	9.7	남서	218	6.7	1013.6	-	52	
2021-02-05 22:20:00	3.8	북북동	29	7.65	25.74	0.32	3.0	0.61	2.5	10.2	남서	214	6.6	1013.5	-	309	
2021-02-05 22:25:00	1.1	북동	53	7.64	25.85	0.33	3.8	0.47	5.0	8.2	남남서	211	6.6	1013.7	-	132	
2021-02-05 22:30:00	4.4	북북서	341	7.64	25.78	0.36	3.6	0.59	2.5	6.3	남서	215	6.6	1013.9	-	27	
2021-02-05 22:35:00	5.7	북동	49	7.65	25.83	0.30	3.8	0.38	4.5	7.5	남서	215	6.6	1013.9	-	337	
2021-02-05 22:40:00	1.8	북북서	346	7.64	26.00	0.29	3.2	0.39	3.0	5.4	남남서	212	6.7	1013.8	-	356	
2021-02-05 22:45:00	6.2	북북서	340	7.65	25.55	0.29	4.5	0.38	2.5	6.6	남서	214	6.7	1013.8	-	54	
2021-02-05 22:50:00	2.7	북북서	345	7.65	25.64	0.28	3.9	0.44	3.0	6.1	남남서	205	6.7	1014.0	-	83	
2021-02-05 22:55:00	3.7	서북서	303	7.65	25.69	0.32	3.9	0.50	4.5	5.5	남남서	212	6.8	1014.1	-	169	
2021-02-05 23:00:00	6.3	북북서	346	7.65	25.76	0.28	4.1	0.40	4.5	6.8	남서	228	6.8	1013.9	-	145	
2021-02-05 23:05:00	2.0	남동	129	7.64	25.68	0.29	3.6	0.38	5.5	6.5	남서	233	6.8	1013.7	-	156	
2021-02-05 23:10:00	1.7	남서	225	7.64	25.76	0.29	4.4	0.41	5.5	7.0	남서	234	6.7	1013.5	-	344	
2021-02-05 23:15:00	3.4	북북동	22	7.64	25.73	0.29	4.3	0.44	6.0	7.1	서남서	241	6.7	1013.4	-	330	
2021-02-05 23:20:00	0.9	동북동	67	7.64	26.24	0.28	6.1	0.38	7.0	7.0	서남서	238	6.6	1013.5	-	94	
2021-02-05 23:25:00	3.9	북	354	7.63	25.55	0.31	4.6	0.41	7.5	7.4	남서	231	6.6	1013.4	-	97	
2021-02-05 23:30:00	1.7	남동	131	7.64	25.67	0.24	4.9	0.33	7.0	8.0	남서	230	6.6	1013.4	-	127	
2021-02-05 23:35:00	4.5	북북동	18	7.64	25.63	0.27	5.3	0.42	6.5	7.0	남서	233	6.7	1013.6	-	154	
2021-02-05 23:40:00	0.4	서	261	7.64	25.71	0.26	4.6	0.35	6.0	8.1	남서	230	6.7	1013.6	-	126	
2021-02-05 23:45:00	3.7	북북동	31	7.63	25.60	0.28	4.5	0.38	9.5	7.2	남서	227	6.8	1013.5	-	212	
2021-02-05 23:50:00	5.4	북북동	22	7.62	25.70	0.25	4.7	0.34	4.5	7.1	남서	226	6.8	1013.5	-	226	
2021-02-05 23:55:00	4.9	북북동	13	7.63	25.82	0.29	4.6	0.42	6.0	6.7	남서	222	6.8	1013.6	-	303	
2021-02-06 00:00:00	6.3	북	357	7.64	25.92	0.24	4.7	0.36	3.5	6.5	남서	217	6.9	1013.8	-	132	
2021-02-06 00:05:00	1.4	북북동	31	7.64	25.95	0.23	4.9	0.31	7.0	6.5	남서	218	6.9	1013.8	-	205	
2021-02-06 00:10:00	1.5	북서	322	7.64	25.73	0.24	4.6	0.32	5.0	6.1	남서	221	6.9	1013.9	-	144	
2021-02-06 00:15:00	3.3	북서	307	7.64	25.68	0.28	5.4	0.38	5.0	6.5	남서	221	6.8	1013.8	-	139	
2021-02-06 00:20:00	6.8	북북서	337	7.64	25.66	0.25	5.7	0.35	5.0	6.1	남서	223	6.6	1013.8	-	123	
2021-02-06 00:25:00	8.1	북북서	342	7.66	25.64	0.26	5.7	0.44	5.5	6.7	남서	225	6.6	1013.8	-	56	
2021-02-06 00:30:00	6.9	북북서	334	7.66	25.64	0.25	6.2	0.31	5.5	6.5	남서	221	6.6	1013.9	-	109	
2021-02-06 00:35:00	6.6	북	352	7.67	25.64	0.27	5.5	0.37	5.5	5.6	남서	214	6.4	1013.9	-	156	
2021-02-06 00:40:00	9.3	북	354	7.66	26.07	0.26	6.6	0.36	6.0	5.6	남서	221	6.3	1013.9	-	125	
2021-02-06 00:45:00	9.3	북	351	7.68	26.39	0.25	5.3	0.38	5.0	7.3	남서	228	6.5	1013.8	-	140	
2021-02-06 00:50:00	13.7	북	5	7.69	26.37	0.27	5.2	0.37	5.5	8.4	서남서	237	6.5	1013.8	-	139	
2021-02-06 00:55:00	9.7	북북동	27	7.68	26.29	0.26	5.8	0.37	4.0	7.5	남서	232	6.6	1013.9	-	159	
2021-02-06 01:00:00	3.6	북	6	7.66	26.36	0.26	5.4	0.33	5.5	5.9	남서	232	6.4	1013.9	-	160	
2021-02-06 01:05:00	6.8	북북동	20	7.66	26.36	0.26	6.5	0.45	9.5	5.3	남서	223	6.3	1013.9	-	114	
2021-02-06 01:10:00	7.4	북	1	7.66	26.27	0.28	6.1	0.41	6.0	5.3	남서	219	6.2	1013.9	-	120	
2021-02-06 01:15:00	8.8	북북동	21	7.65	26.01	0.30	5.6	0.45	5.5	5.6	남서	227	6.1	1013.9	-	130	
2021-02-06 01:20:00	8.6	북북동	23	7.65	25.97	0.26	5.5	0.42	5.5	6.5	남서	230	6.0	1013.8	-	107	
2021-02-06 01:25:00	2.1	북북동	15	7.65	26.01	0.24	4.9	0.31	4.0	7.4	남서	225	5.9	1013.8	-	118	
2021-02-06 01:30:00	5.3	북	8	7.64	25.98	0.28	5.1	0.42	5.0	7.9	남서	230	5.9	1013.7	-	146	
2021-02-06 01:35:00	10.1	북북동	32	7.61	25.98	0.28	5.4	0.41	5.0	7.9	남서	225	5.8	1013.6	-	148	
2021-02-06 01:40:00	5.4	북동	41	7.61	26.05	0.30	4.6	0.48	4.5	7.5	남서	229	5.8	1013.7	-	54	
2021-02-06 01:45:00	7.6	북북동	33	7.61	26.12	0.31	4.3	0.42	4.5	7.5	남서	231	5.8	1013.7	-	151	
2021-02-06 01:50:00	10.1	북북동	27	7.62	25.96	0.29	4.8	0.50	4.0	7.9	남서	230	5.7	1013.7	-	126	
2021-02-06 01:55:00	7.6	북동	53	7.63	25.92	0.35	4.5	0.55	3.5	7.7	서남서	237	5.8	1013.7	-	136	
2021-02-06 02:00:00	6.7	북동	42	7.63	26.72	0.33	4.3	0.45	4.0	6.1	남서	232	5.7	1013.9	-	134	
2021-02-06 02:05:00	4.5	동북동	73	7.63	26.64	0.35	4.5	0.50	4.0	5.7	남서	234	5.7	1014.0	-	119	
2021-02-06 02:10:00	7.2	북동	51	7.63	26.67	0.43	4.9	0.62	6.0	5.4	남서	232	5.7	1014.1	-	126	
2021-02-06 02:15:00	8.9	북동	44	7.63	26.65	0.36	5.1	0.41	4.5	5.9	남서	227	5.8	1014.1	-	111	
2021-02-06 02:20:00	8.3	동북동	58	7.62	26.63	0.39	4.5	0.62	4.5	6.2	남서	222	5.8	1014.0	-	113	
2021-02-06 02:25:00	10.6	북북동	27	7.62	26.71	0.34	4.5	0.57	4.0	7.1	남서	226	5.9	1014.1	-	82	
2021-02-06 02:30:00	7.4	북북동	17	7.62	26.79	0.38	4.3	0.56	4.5	6.4	남서	221	5.9	1014.0	-	258	
2021-02-06 02:35:00	7.5	북북동	26	7.61	26.76	0.32	4.8	0.44	5.0	6.5	남서	224	5.9	1014.0	-	83	
2021-02-06 02:40:00	9.6	북북동	30	7.60	26.63	0.34	5.4	0.48	6.0	6.5	남서	223	5.9	1014.0	-	124	
2021-02-06 02:45:00	7.5	북동	35	7.59	26.62	0.31	4.4	0.46	5.0	7.5	남서	220	5.9	1014.0	-	136	
2021-02-06 02:50:00	13.5	북북동	33	7.59	26.67	0.31	4.6	0.48	4.0	7.1	남서	220	5.9	1014.0	-	350	
2021-02-06 02:55:00	8.8	북북동	28	7.59	26.69	0.31	5.0	0.46	4.5	6.2	남서	223	6.0	1014.0	-	144	
2021-02-06 03:00:00	7.9	북동	35	7.59	26.03	0.29	5.3	0.45	4.0	6.5	남서	220	6.0	1013.9	-	120	
2021-02-06 03:05:00	7.8	북동	44	7.59	26.64	0.31	5.3	0.44	6.0	6.1	남서	225	6.1	1013.9	-	143	
2021-02-06 03:10:00	6.1	북동	45	7.58	26.66	0.29	5.3	0.37	4.0	5.1	남서	227	6.1	1013.9	-	312	
2021-02-06 03:15:00	5.6	북북동	32	7.57	26.85	0.32	4.7	0.41	5.5	5.5	남서	223	6.1	1013.9	-	296	
2021-02-06 03:20:00	8.9	북동	43	7.57	26.84	0.26	4.6	0.42	5.0	5.6	남서	227	6.1	1013.9	-	51	
2021-02-06 03:25:00	11.1	북북동	22	7.56	26.82	0.31	5.1	0.47	4.5	5.3	남서	224	6.2	1013.8	-	330	
2021-02-06 03:30:00	7.2	북동	42	7.56	26.79	0.29	5.1	0.39	3.5	5.1	남서	223	6.2	1013.8	-	127	
2021-02-06 03:35:00	7.3	북북동	20	7.55	26.85	0.28	5.4	0.36	5.0	5.4	남서	222	6.2	1013.7	-	233	
2021-02-06 03:40:00	7.9	북동	51	7.55	26.80	0.33	5.1	0.46	5.5	5.8	남서	232	6.2	1013.7	-	139	
2021-02-06 03:45:00	8.2	북북동	32	7.54	26.83	0.31	4.8	0.39	6.0	5.8	남서	229	6.2	1013.6	-	190	
2021-02-06 03:50:00	6.6	북북동	32	7.54	26.88	0.32	4.7	0.46	5.5	6.0	남서	236	6.2	1013.5	-	157	
2021-02-06 03:55:00	6.9	북동	37	7.54	26.97	0.28	5.0	0.37	5.5	5.4	남서	235	6.2	1013.5	-	128	
2021-02-06 04:00:00	8.5	북동	41	7.52	27.08	0.27	5.0	0.37	5.5	5.3	남서	228	6.2	1013.5	-	254	
2021-02-06 04:05:00	10.8	북동	46	7.51	27.19	0.26	4.8	0.33	5.0	6.1	남서	229	6.2	1013.5	-	190	
2021-02-06 04:10:00	3.7	북동	52	7.48	26.48	0.34	4.5	0.50	4.5	5.6	서남서	238	6.3	1013.5	-	83	
2021-02-06 04:15:00	7.5	북동	35	7.48	26.61	0.30	5.0	0.44	5.0	5.2	서남서	238	6.3	1013.6	-	125	
2021-02-06 04:20:00	6.9	북동	45	7.48	26.37	0.27	5.1	0.39	7.0	5.5	남서	229	6.1	1013.6	-	47	
2021-02-06 04:25:00	8.6	북북동	25	7.47	26.42	0.28	4.7	0.35	4.0	5.5	남서	230	6.1	1013.5	-	304	
2021-02-06 04:30:00	7.8	북북동	31	7.46	26.51	0.31	5.0	0.44	4.0	5.0	남서	231	6.2	1013.5	-	209	
2021-02-06 04:35:00	6.3	북북동	14	7.44	26.11	0.30	4.3	0.37	3.5	5.2	남서	228	6.1	1013.4	-	17	
2021-02-06 04:40:00	5.1	북동	38	7.43	25.72	0.28	5.0	0.42	4.5	4.9	남서	232	6.2	1013.4	-	90	
2021-02-06 04:45:00	5.5	북북동	17	7.42	25.70	0.28	5.3	0.33	7.0	5.4	남서	224	6.3	1013.4	-	176	
2021-02-06 04:50:00	3.3	북	355	7.41	25.75	0.29	4.9	0.38	5.0	4.3	남서	228	6.3	1013.4	-	75	
2021-02-06 04:55:00	7.7	북북동	12	7.40	25.73	0.29	5.8	0.43	9.0	4.2	남서	230	6.3	1013.3	-	266	
2021-02-06 05:00:00	5.3	북북동	32	7.39	25.66	0.31	5.0	0.43	6.0	4.1	남서	228	6.3	1013.3	-	166	
2021-02-06 05:05:00	7.5	북동	44	7.39	25.64	0.30	5.4	0.40	3.5	3.5	서남서	248	6.4	1013.3	-	116	
2021-02-06 05:10:00	5.9	동북동	58	7.38	25.85	0.27	4.7	0.37	5.0	3.0	북서	315	5.0	1013.4	-	267	
2021-02-06 05:15:00	2.1	북	0	7.37	26.32	0.27	5.3	0.37	5.0	3.1	북서	326	4.1	1013.4	-	325	
2021-02-06 05:20:00	8.6	북북동	15	7.36	25.77	0.31	5.1	0.46	5.0	1.9	북서	316	3.9	1013.4	-	38	
2021-02-06 05:25:00	2.8	북북서	339	7.37	25.78	0.29	4.4	0.38	4.5	1.9	북서	317	4.3	1013.4	-	331	
2021-02-06 05:30:00	5.3	북북동	18	7.37	25.74	0.29	4.9	0.41	4.5	2.2	북북서	333	4.5	1013.4	-	212	
2021-02-06 05:35:00	6.6	북	354	7.39	25.78	0.26	4.5	0.33	4.0	1.7	북북서	329	4.5	1013.5	-	55	
2021-02-06 05:40:00	4.4	북북서	349	7.40	26.69	0.27	5.4	0.34	8.5	1.9	북서	326	4.7	1013.5	-	67	
2021-02-06 05:45:00	4.3	동북동	66	7.43	26.80	0.25	5.2	0.38	4.5	2.5	북북서	339	4.4	1013.5	-	66	
2021-02-06 05:50:00	3.8	북북동	27	7.43	26.82	0.27	5.5	0.32	5.0	2.4	북북서	344	4.0	1013.5	-	186	
2021-02-06 05:55:00	3.7	동북동	57	7.45	26.87	0.27	5.5	0.38	6.0	2.2	북북서	335	4.0	1013.4	-	113	
2021-02-06 06:00:00	2.2	동	92	7.44	26.86	0.25	5.8	0.38	6.5	2.2	북북서	344	3.6	1013.3	-	115	
2021-02-06 06:05:00	6.9	북	5	7.43	26.83	0.27	5.0	0.40	5.0	2.1	북북서	340	3.9	1013.3	-	289	
2021-02-06 06:10:00	4.1	북	1	7.40	26.91	0.27	5.5	0.40	5.0	2.0	북북서	341	4.3	1013.3	-	313	
2021-02-06 06:15:00	6.6	북	5	7.36	26.74	0.30	4.8	0.49	4.5	1.1	서북서	292	3.9	1013.4	-	328	
2021-02-06 06:20:00	10.2	북북서	349	7.27	26.69	0.25	4.9	0.35	5.5	1.4	서북서	288	3.9	1013.4	-	171	
2021-02-06 06:25:00	12.0	북	360	7.26	26.70	0.24	4.3	0.29	4.5	1.1	서	273	3.7	1013.4	-	43	
2021-02-06 06:30:00	9.3	북북서	347	7.27	26.73	0.25	4.7	0.37	4.0	1.2	서	280	3.8	1013.4	-	29	
2021-02-06 06:35:00	11.7	북	357	7.29	26.79	0.28	4.7	0.44	4.5	1.4	서	278	3.9	1013.4	-	330	
2021-02-06 06:40:00	10.7	북	353	7.30	26.33	0.27	5.2	0.41	4.0	1.3	서	278	3.9	1013.4	-	227	
2021-02-06 06:45:00	10.8	북북서	334	7.31	25.70	0.31	5.1	0.41	5.0	1.5	북서	306	4.0	1013.4	-	217	
2021-02-06 06:50:00	12.4	북서	323	7.31	25.60	0.28	5.3	0.42	4.5	2.6	북서	320	4.2	1013.4	-	156	
2021-02-06 06:55:00	10.4	북서	324	7.31	25.65	0.28	4.8	0.40	4.5	2.5	북북서	328	4.2	1013.3	-	24	
2021-02-06 07:00:00	10.9	북북서	346	7.32	25.97	0.28	4.9	0.44	5.0	1.1	북서	323	4.2	1013.4	-	315	
2021-02-06 07:05:00	10.8	북	351	7.33	25.67	0.29	5.5	0.44	6.0	1.6	북서	308	4.3	1013.3	-	172	
2021-02-06 07:10:00	7.4	북북서	329	7.33	25.77	0.28	4.4	0.39	5.0	1.4	서북서	295	4.0	1013.3	-	302	
2021-02-06 07:15:00	7.9	북서	322	7.33	25.77	0.28	5.4	0.39	4.5	1.2	서북서	288	3.9	1013.3	-	313	
2021-02-06 07:20:00	10.1	북	355	7.33	25.74	0.30	4.7	0.37	3.0	1.3	서북서	294	4.0	1013.3	-	16	
2021-02-06 07:25:00	12.5	북북서	344	7.32	25.73	0.31	4.9	0.48	5.0	1.4	북서	306	4.0	1013.3	-	178	
2021-02-06 07:30:00	9.7	북북서	342	7.30	25.64	0.30	5.7	0.47	4.5	0.9	북서	304	4.1	1013.3	-	80	
2021-02-06 07:35:00	12.3	북북서	339	7.27	25.63	0.30	4.6	0.44	4.0	1.2	북서	312	4.4	1013.3	-	87	
2021-02-06 07:40:00	9.8	북북서	345	7.27	26.23	0.30	5.1	0.39	6.5	1.9	북서	322	4.2	1013.3	-	27	
2021-02-06 07:45:00	10.9	북북서	345	7.27	25.58	0.23	5.2	0.33	5.5	1.3	서북서	289	4.7	1013.4	-	168	
2021-02-06 07:50:00	12.4	북북서	346	7.28	25.56	0.34	5.3	0.57	6.0	2.5	북서	315	4.5	1013.4	-	223	
2021-02-06 07:55:00	12.8	북북서	332	7.28	25.53	0.31	5.2	0.49	6.0	1.6	북서	306	4.0	1013.4	-	167	
2021-02-06 08:00:00	13.8	북북서	333	7.28	25.57	0.28	4.4	0.47	4.0	2.0	북서	309	3.9	1013.4	-	165	
2021-02-06 08:05:00	14.7	북북서	336	7.27	25.55	0.32	5.2	0.39	5.5	2.2	북서	313	3.7	1013.5	-	122	
2021-02-06 08:10:00	10.9	북서	326	7.28	25.55	0.29	4.2	0.36	4.5	1.7	북서	313	3.8	1013.5	-	283	
2021-02-06 08:15:00	11.8	북서	325	7.27	25.61	0.32	4.7	0.51	4.0	2.0	북서	316	4.1	1013.5	-	122	
2021-02-06 08:20:00	10.2	북북서	333	7.27	25.52	0.33	4.7	0.49	4.0	2.1	북서	313	4.2	1013.6	-	123	
2021-02-06 08:25:00	14.9	북북서	337	7.26	25.48	0.33	4.6	0.42	5.5	2.3	서북서	303	4.2	1013.6	-	142	
2021-02-06 08:30:00	11.8	북북서	341	7.26	25.55	0.32	4.4	0.40	5.5	2.3	북서	315	4.1	1013.7	-	277	
2021-02-06 08:35:00	13.0	북	354	7.25	25.64	0.34	5.1	0.46	6.0	2.2	북서	304	4.2	1013.7	-	163	
2021-02-06 08:40:00	15.2	북북서	340	7.25	25.62	0.35	4.7	0.45	4.5	1.9	서북서	295	4.3	1013.7	-	124	
2021-02-06 08:45:00	14.7	북북서	329	7.24	25.56	0.35	5.1	0.46	5.0	1.5	서	270	4.7	1013.7	-	243	
2021-02-06 08:50:00	21.7	북북서	344	7.34	25.79	0.33	5.4	0.43	5.5	0.5	서북서	282	4.6	1013.6	-	85	
2021-02-06 08:55:00	24.5	북북서	335	7.62	25.68	0.32	4.5	0.52	5.5	1.0	북서	308	4.8	1013.6	-	133	
2021-02-06 09:00:00	21.6	북북서	330	7.70	25.61	0.31	4.8	0.40	6.5	1.2	서북서	296	5.0	1013.6	-	149	
2021-02-06 09:05:00	14.0	북서	304	7.75	25.48	0.39	5.3	0.54	7.0	1.0	서남서	248	5.0	1013.6	-	119	
2021-02-06 09:10:00	12.2	북서	310	7.78	25.58	0.33	4.9	0.48	5.0	0.8	서	280	5.0	1013.6	-	129	
2021-02-06 09:15:00	12.6	북서	312	7.79	25.58	0.44	5.0	0.75	4.5	0.8	북서	310	5.0	1013.5	-	188	
2021-02-06 09:20:00	11.4	북서	320	7.80	25.80	0.39	5.1	0.58	6.0	0.2	서북서	300	5.2	1013.5	-	128	
2021-02-06 09:25:00	13.8	서북서	303	7.80	25.73	0.38	5.1	0.63	5.0	0.6	북북서	336	5.5	1013.5	-	121	
2021-02-06 09:30:00	10.0	북서	308	7.81	25.73	0.39	5.0	0.52	4.5	1.5	북	6	5.5	1013.5	-	103	
2021-02-06 09:35:00	13.7	북북서	330	7.82	25.82	0.39	5.1	0.53	5.0	1.2	북북동	16	5.6	1013.5	-	138	
2021-02-06 09:40:00	17.2	북북서	329	7.82	25.65	0.38	5.1	0.58	5.5	1.1	북북동	33	6.1	1013.5	-	125	
2021-02-06 09:45:00	17.4	북서	322	7.82	25.65	0.42	4.8	0.61	5.0	1.3	북동	40	6.7	1013.5	-	129	
2021-02-06 09:50:00	20.5	북북서	330	7.82	25.66	0.39	5.0	0.51	5.0	1.0	북북동	33	7.0	1013.6	-	130	
2021-02-06 09:55:00	17.5	북서	317	7.82	25.59	0.37	5.3	0.59	3.5	1.7	북북동	28	7.3	1013.6	-	127	
2021-02-06 10:00:00	17.5	북서	324	7.83	26.57	0.35	5.1	0.69	4.5	1.9	북북동	22	7.2	1013.6	-	123	
2021-02-06 10:05:00	24.3	북서	325	7.84	26.15	0.38	5.1	0.55	5.5	1.1	북동	43	7.4	1013.6	-	108	
2021-02-06 10:10:00	25.3	북서	325	7.84	26.63	0.39	5.1	0.68	5.5	0.6	동북동	65	7.9	1013.5	-	147	
2021-02-06 10:15:00	18.9	북북서	333	7.83	26.10	0.35	5.3	0.48	5.0	0.4	북동	38	8.3	1013.5	-	100	
2021-02-06 10:20:00	10.7	북북서	331	7.83	25.77	0.34	5.4	0.43	5.0	0.1	북북동	23	8.6	1013.6	-	125	
2021-02-06 10:25:00	14.9	북북서	338	7.85	25.76	0.44	5.0	0.73	5.0	0.0	북서	323	8.9	1013.6	-	137	
2021-02-06 10:30:00	19.2	북북서	336	7.86	25.76	0.35	5.1	0.48	5.0	0.2	서남서	250	8.9	1013.6	-	133	
2021-02-06 10:35:00	19.5	북북서	330	7.87	25.75	0.33	4.8	0.57	4.5	0.4	서남서	237	8.4	1013.6	-	134	
2021-02-06 10:40:00	16.5	북북서	334	7.87	25.73	0.38	5.1	0.45	6.0	0.6	남서	230	8.3	1013.6	-	124	
2021-02-06 10:45:00	21.1	북북서	339	7.88	25.74	0.41	5.3	0.54	5.0	0.6	서	263	8.1	1013.6	-	126	
2021-02-06 10:50:00	20.4	북북서	333	7.88	25.87	0.37	5.2	0.54	5.5	0.7	북서	320	8.1	1013.6	-	137	
2021-02-06 10:55:00	17.5	북북서	332	7.95	25.81	0.30	4.7	0.38	5.5	0.6	북북서	328	8.2	1013.5	-	82	
2021-02-06 11:00:00	16.8	북북서	337	7.86	25.72	0.36	5.5	0.56	5.5	0.8	북	5	8.3	1013.6	-	113	
2021-02-06 11:05:00	17.0	북북서	347	7.72	25.66	0.31	4.9	0.45	5.5	1.6	북서	322	8.3	1013.6	-	147	
2021-02-06 11:10:00	11.7	북북서	336	7.57	25.61	0.40	5.1	0.57	5.5	1.4	북북서	341	8.2	1013.6	-	180	
2021-02-06 11:15:00	16.3	북북서	348	7.55	25.70	0.39	5.5	0.69	5.5	0.4	남남동	162	9.0	1013.5	-	88	
2021-02-06 11:20:00	15.9	북	355	7.51	25.71	0.34	5.3	0.51	5.5	1.1	남	185	9.2	1013.4	-	139	
2021-02-06 11:25:00	18.3	북	354	7.49	25.69	0.38	5.1	0.60	4.5	1.1	남남서	195	8.8	1013.4	-	129	
2021-02-06 11:30:00	15.3	북북서	345	7.39	25.59	0.33	5.2	0.52	4.5	1.6	남남서	200	9.3	1013.3	-	117	
2021-02-06 11:35:00	9.8	북	354	7.28	25.73	0.33	5.0	0.50	6.0	1.5	남남서	193	9.9	1013.2	-	133	
2021-02-06 11:40:00	11.1	북	356	7.40	25.75	0.44	5.2	0.66	5.5	1.6	남	190	10.1	1013.1	-	129	
2021-02-06 11:45:00	9.2	북북서	345	7.32	25.72	0.39	5.5	0.53	5.0	2.2	남남서	194	10.2	1013.1	-	141	
2021-02-06 11:50:00	9.5	북북서	327	7.18	25.68	0.31	5.8	0.41	4.0	2.6	남남서	212	10.4	1013.0	-	156	
2021-02-06 11:55:00	8.8	북서	326	7.18	26.10	0.37	5.1	0.50	5.0	0.9	남남서	210	10.7	1013.0	-	120	
2021-02-06 12:00:00	14.9	북	4	7.62	25.89	0.41	5.5	0.53	5.0	0.4	동북동	60	11.3	1012.9	-	114	
2021-02-06 12:05:00	8.4	북북서	333	7.64	25.60	0.31	5.2	0.52	6.0	1.5	북동	54	11.1	1012.8	-	127	
2021-02-06 12:10:00	9.9	북북서	341	7.46	25.63	0.31	5.6	0.40	5.0	3.7	북동	43	10.4	1012.7	-	134	
2021-02-06 12:15:00	9.9	북	350	7.50	25.67	0.32	5.1	0.48	5.0	2.2	북동	41	10.2	1012.6	-	121	
2021-02-06 12:20:00	19.8	북북서	336	7.65	25.69	0.34	5.2	0.54	5.5	3.7	북동	54	10.2	1012.6	-	109	
2021-02-06 12:25:00	22.6	북북서	342	8.04	25.83	0.30	4.9	0.42	5.0	4.5	북동	55	10.1	1012.5	-	105	
2021-02-06 12:30:00	24.0	북북서	345	8.18	25.71	0.30	5.6	0.45	5.0	3.9	북동	54	10.2	1012.4	-	119	
2021-02-06 12:35:00	22.6	북	349	8.37	25.74	0.32	5.8	0.43	5.0	4.1	동북동	59	10.4	1012.3	-	162	
2021-02-06 12:40:00	22.2	북북서	342	8.29	25.67	0.35	5.5	0.43	5.5	3.9	동북동	71	10.6	1012.2	-	130	
2021-02-06 12:45:00	23.0	북북서	342	8.20	25.68	0.31	5.8	0.40	5.0	3.2	동	82	10.9	1012.2	-	114	
2021-02-06 12:50:00	20.6	북북서	345	8.09	25.65	0.35	5.2	0.67	3.5	2.9	동북동	71	11.0	1012.1	-	111	
2021-02-06 12:55:00	16.0	북북서	339	8.00	25.63	0.31	5.1	0.37	6.5	2.6	동북동	69	11.2	1012.1	-	281	
2021-02-06 13:00:00	21.4	북	357	7.99	25.64	0.35	4.9	0.51	4.5	2.2	동남동	103	11.0	1012.1	-	130	
2021-02-06 13:05:00	20.9	북북서	342	7.88	25.51	0.31	4.9	0.39	4.0	2.1	동	83	11.2	1012.0	-	329	
2021-02-06 13:10:00	19.8	북북서	343	7.85	25.61	0.28	4.8	0.35	5.0	2.4	동	86	11.3	1012.0	-	100	
2021-02-06 13:15:00	17.6	북북서	339	7.89	25.55	0.30	4.7	0.44	4.0	2.4	동	80	11.4	1012.0	-	140	
2021-02-06 13:20:00	19.0	북북서	348	7.79	25.56	0.34	4.9	0.49	4.5	2.0	동	95	11.5	1011.9	-	111	
2021-02-06 13:25:00	18.2	북북서	338	7.84	25.61	0.32	4.7	0.49	4.5	1.3	남동	136	11.6	1012.0	-	133	
2021-02-06 13:30:00	12.8	북북서	339	7.92	25.78	0.26	4.6	0.33	5.5	2.3	남남동	147	11.2	1011.9	-	180	
2021-02-06 13:35:00	15.3	북북서	339	7.89	25.74	0.28	5.0	0.40	4.5	3.6	동남동	118	10.8	1011.8	-	85	
2021-02-06 13:40:00	14.3	북북서	332	7.91	26.41	0.32	4.7	0.55	5.0	4.4	남동	139	11.1	1011.7	-	76	
2021-02-06 13:45:00	14.9	북	351	7.92	26.48	0.28	5.2	0.35	5.0	2.7	남남서	194	11.2	1011.6	-	250	
2021-02-06 13:50:00	13.7	북	354	7.93	26.26	0.28	5.6	0.45	4.5	2.8	남서	226	11.5	1011.5	-	134	
2021-02-06 13:55:00	14.1	북북서	335	7.90	25.96	0.29	4.9	0.35	5.5	2.0	북북서	340	11.6	1011.5	-	131	
2021-02-06 14:00:00	13.8	북북서	342	7.85	25.70	0.29	5.5	0.37	5.0	1.7	서북서	299	11.5	1011.5	-	216	
2021-02-06 14:05:00	17.6	북북서	332	7.83	25.69	0.28	5.2	0.44	6.0	2.1	북서	310	11.5	1011.5	-	210	
2021-02-06 14:10:00	15.8	북북서	341	7.77	25.74	0.30	4.7	0.38	3.5	5.9	서	271	11.1	1011.4	-	108	
2021-02-06 14:15:00	13.8	북북서	344	7.78	25.73	0.30	4.1	0.42	5.5	7.1	서	265	10.9	1011.3	-	147	
2021-02-06 14:20:00	13.6	북	351	7.83	25.70	0.31	4.4	0.47	3.0	10.2	서남서	246	10.9	1011.1	-	95	
2021-02-06 14:25:00	11.4	북북서	345	7.79	25.72	0.30	4.5	0.43	3.0	8.4	서남서	245	10.9	1011.1	-	159	
2021-02-06 14:30:00	12.6	북북서	332	7.75	25.71	0.27	4.5	0.39	5.0	8.6	서남서	251	10.9	1011.2	-	156	
2021-02-06 14:35:00	11.8	북	357	7.73	25.74	0.25	4.6	0.36	4.5	8.2	서남서	244	11.0	1011.2	-	101	
2021-02-06 14:40:00	11.5	북	8	7.71	25.74	0.26	4.6	0.34	5.0	8.4	서남서	245	11.0	1011.1	-	117	
2021-02-06 14:45:00	13.0	북	351	7.70	25.68	0.26	4.7	0.42	4.0	9.2	서남서	244	11.0	1011.0	-	75	
2021-02-06 14:50:00	14.9	북	350	7.70	25.66	0.27	5.0	0.37	6.0	10.9	서남서	244	10.9	1010.9	-	93	
2021-02-06 14:55:00	10.1	북북서	349	7.68	25.69	0.33	4.3	0.62	5.0	9.8	서남서	248	10.9	1011.0	-	352	
2021-02-06 15:00:00	11.4	북	353	7.67	25.68	0.33	4.3	0.48	4.5	10.4	서남서	246	10.9	1010.9	-	128	
2021-02-06 15:05:00	14.1	북	355	7.68	26.05	0.33	4.0	0.42	4.5	10.6	서남서	247	10.9	1010.9	-	139	
2021-02-06 15:10:00	14.9	북	356	7.69	25.86	0.30	4.2	0.41	5.5	10.8	서남서	245	10.9	1010.9	-	155	
2021-02-06 15:15:00	17.4	북북서	332	7.71	25.80	0.30	4.3	0.51	4.0	10.0	서남서	241	10.9	1010.9	-	182	
2021-02-06 15:20:00	19.4	북북서	330	7.72	25.95	0.30	4.3	0.43	5.0	9.9	서남서	248	11.0	1011.0	-	141	
2021-02-06 15:25:00	15.2	북북서	339	7.73	25.66	0.24	4.2	0.37	3.5	9.8	서남서	245	11.0	1011.0	-	80	
2021-02-06 15:30:00	15.5	북북서	334	7.74	25.60	0.27	5.0	0.35	6.0	9.0	서남서	241	11.0	1011.1	-	128	
2021-02-06 15:35:00	14.5	북북서	332	7.75	25.67	0.25	4.8	0.33	3.0	8.8	서남서	243	11.1	1011.1	-	152	
2021-02-06 15:40:00	20.7	북북서	334	7.94	25.78	0.27	5.0	0.38	6.0	8.9	서남서	244	11.0	1011.1	-	133	
2021-02-06 15:45:00	25.9	북북서	336	8.22	25.84	0.25	5.2	0.33	5.0	9.0	서남서	241	11.2	1011.1	-	138	
2021-02-06 15:50:00	28.9	북북서	333	8.55	25.85	0.22	4.8	0.37	7.5	8.9	서남서	240	11.1	1011.2	-	121	
2021-02-06 15:55:00	22.7	북북서	340	8.65	26.65	0.26	5.4	0.41	5.0	9.4	서남서	241	11.3	1011.2	-	93	
2021-02-06 16:00:00	26.4	북북서	341	8.68	26.90	0.26	5.7	0.36	4.0	9.0	서남서	238	11.2	1011.3	-	104	
2021-02-06 16:05:00	28.9	북북서	337	8.76	26.83	0.26	5.0	0.38	5.0	9.0	서남서	237	11.3	1011.3	-	151	
2021-02-06 16:10:00	30.6	북북서	339	8.87	26.00	0.26	5.7	0.50	5.5	9.1	서남서	238	11.3	1011.3	-	168	
2021-02-06 16:15:00	29.3	북북서	335	8.94	25.59	0.25	5.0	0.34	5.0	8.7	서남서	238	11.3	1011.4	-	143	
2021-02-06 16:20:00	29.4	북북서	336	9.05	25.91	0.29	5.4	0.40	6.5	8.6	서남서	241	11.3	1011.5	-	177	
2021-02-06 16:25:00	30.6	북북서	337	9.07	26.51	0.25	5.1	0.34	5.5	9.0	서남서	238	11.2	1011.5	-	328	
2021-02-06 16:30:00	30.6	북북서	340	9.06	26.09	0.24	4.9	0.36	5.0	8.1	서남서	239	11.2	1011.5	-	310	
2021-02-06 16:35:00	29.1	북북서	330	9.11	26.14	0.25	5.6	0.32	5.0	8.7	서남서	240	11.2	1011.5	-	170	
2021-02-06 16:40:00	28.1	북북서	339	9.12	26.15	0.24	5.4	0.31	6.0	9.0	서남서	241	11.2	1011.5	-	264	
2021-02-06 16:45:00	27.1	북북서	337	9.14	26.18	0.28	5.8	0.42	5.0	9.5	서남서	240	11.1	1011.5	-	133	
2021-02-06 16:50:00	29.1	북북서	342	9.18	26.14	0.30	4.8	0.43	5.0	9.5	서남서	243	11.1	1011.5	-	173	
2021-02-06 16:55:00	28.5	북북서	344	9.21	26.00	0.24	5.2	0.43	5.5	9.0	서남서	241	11.0	1011.6	-	104	
2021-02-06 17:00:00	22.4	북	349	9.22	25.71	0.28	4.9	0.37	5.0	9.8	서남서	241	11.0	1011.6	-	213	
2021-02-06 17:05:00	22.2	북북서	340	9.21	26.15	0.25	6.2	0.37	6.0	9.6	서남서	240	10.9	1011.6	-	69	
2021-02-06 17:10:00	18.6	북북서	338	9.18	26.15	0.28	5.4	0.37	4.5	8.8	서남서	239	10.8	1011.7	-	177	
2021-02-06 17:15:00	9.3	북북서	336	9.14	25.75	0.25	4.8	0.35	6.0	8.9	남서	236	10.8	1011.8	-	135	
2021-02-06 17:20:00	17.4	북북서	341	9.07	26.21	0.23	5.7	0.29	5.0	9.9	서남서	237	10.8	1011.8	-	125	
2021-02-06 17:25:00	21.0	북북서	336	9.04	26.02	0.23	5.0	0.31	5.0	9.6	남서	235	10.7	1011.9	-	217	
2021-02-06 17:30:00	25.8	북북서	343	8.97	25.67	0.22	5.5	0.28	7.0	9.3	서남서	237	10.7	1012.0	-	107	
2021-02-06 17:35:00	28.2	북북서	343	8.97	26.14	0.23	5.1	0.33	5.0	9.9	서남서	237	10.6	1012.0	-	348	
2021-02-06 17:40:00	22.3	북북서	337	8.97	26.16	0.24	5.6	0.32	5.5	9.8	남서	235	10.5	1012.1	-	117	
2021-02-06 17:45:00	37.3	북	350	8.97	26.29	0.25	4.6	0.43	4.0	9.9	서남서	237	10.6	1012.1	-	64	
2021-02-06 17:50:00	27.2	북북서	343	8.95	26.16	0.25	4.9	0.34	5.0	9.2	서남서	237	10.5	1012.1	-	218	
2021-02-06 17:55:00	31.2	북	351	8.97	25.97	0.24	5.2	0.33	5.5	9.0	서남서	239	10.4	1012.2	-	92	
2021-02-06 18:00:00	22.6	북북서	344	8.92	25.90	0.24	5.1	0.40	5.0	8.6	서남서	238	10.3	1012.3	-	158	
2021-02-06 18:05:00	32.2	북	351	8.88	25.88	0.27	5.4	0.33	6.0	9.0	남서	236	10.4	1012.3	-	135	
2021-02-06 18:10:00	28.0	북북서	347	8.78	25.88	0.25	5.4	0.32	5.5	9.2	서남서	241	10.3	1012.3	-	302	
2021-02-06 18:15:00	23.8	북북서	347	8.76	25.68	0.23	5.2	0.49	4.0	10.1	서남서	243	10.3	1012.2	-	138	
2021-02-06 18:20:00	21.8	북	352	8.73	26.63	0.23	5.3	0.31	4.0	10.2	서남서	242	10.4	1012.2	-	237	
2021-02-06 18:25:00	15.7	북북서	345	8.65	25.79	0.22	5.3	0.32	7.0	10.0	서남서	240	10.4	1012.3	-	103	
2021-02-06 18:30:00	23.2	북	354	8.60	25.93	0.27	5.6	0.39	4.5	9.9	서남서	238	10.4	1012.3	-	129	
2021-02-06 18:35:00	27.8	북북서	348	8.58	26.18	0.24	5.5	0.32	3.5	10.2	서남서	240	10.4	1012.3	-	53	
2021-02-06 18:40:00	22.5	북	352	8.55	26.97	0.23	4.8	0.28	5.0	9.9	서남서	239	10.5	1012.4	-	116	
2021-02-06 18:45:00	19.7	북	355	8.55	27.19	0.23	5.3	0.33	5.0	9.2	남서	236	10.5	1012.4	-	276	
2021-02-06 18:50:00	22.3	북	357	8.51	27.31	0.25	4.6	0.36	4.5	8.8	서남서	238	10.5	1012.4	-	293	
2021-02-06 18:55:00	12.5	북	352	8.52	27.52	0.25	5.7	0.40	4.0	9.6	남서	234	10.5	1012.5	-	184	
2021-02-06 19:00:00	13.7	북	349	8.49	27.26	0.23	5.1	0.29	2.5	8.9	서남서	237	10.6	1012.6	-	284	
2021-02-06 19:05:00	23.4	북	360	8.45	27.22	0.25	5.2	0.32	5.5	8.4	남서	232	10.5	1012.6	-	299	
2021-02-06 19:10:00	17.6	북	2	8.40	26.41	0.24	5.5	0.32	4.0	7.7	남서	233	10.6	1012.6	-	75	
2021-02-06 19:15:00	19.1	북	5	8.36	26.32	0.24	6.1	0.34	6.5	8.2	남서	231	10.6	1012.6	-	114	
2021-02-06 19:20:00	18.1	북	359	8.31	25.97	0.27	5.8	0.35	7.0	9.3	남서	232	10.8	1012.6	-	91	
2021-02-06 19:25:00	30.2	북	2	8.24	26.18	0.24	5.4	0.38	4.5	6.9	서남서	240	10.7	1012.6	-	156	
2021-02-06 19:30:00	19.5	북북서	346	8.23	26.26	0.23	5.7	0.36	4.5	8.0	서남서	238	10.8	1012.6	-	137	
2021-02-06 19:35:00	7.1	북	5	8.18	26.32	0.24	5.1	0.42	4.5	6.8	남서	231	10.8	1012.7	-	288	
2021-02-06 19:40:00	8.9	북북동	14	8.13	26.20	0.25	5.5	0.31	5.0	7.7	남서	229	10.8	1012.7	-	268	
2021-02-06 19:45:00	8.4	북	356	8.06	26.53	0.24	4.9	0.37	4.5	6.8	남서	236	10.7	1012.7	-	129	
2021-02-06 19:50:00	10.5	북	11	8.06	25.75	0.24	5.1	0.34	6.0	7.2	남서	224	10.8	1012.7	-	150	
2021-02-06 19:55:00	10.4	북	7	8.02	25.62	0.22	5.0	0.40	4.5	6.7	남서	228	10.6	1012.8	-	307	
2021-02-06 20:00:00	13.0	북	10	8.00	25.75	0.26	4.8	0.42	4.5	7.0	남서	228	10.7	1012.8	-	168	
2021-02-06 20:05:00	8.6	북	7	7.94	25.70	0.23	4.5	0.32	4.5	7.4	남서	227	10.7	1012.7	-	100	
2021-02-06 20:10:00	16.7	북	1	7.90	25.79	0.26	5.1	0.32	6.0	6.8	남서	230	10.8	1012.7	-	108	
2021-02-06 20:15:00	13.0	북북동	20	7.86	26.73	0.23	5.5	0.32	8.0	7.2	남서	229	10.9	1012.6	-	145	
2021-02-06 20:20:00	15.3	북	1	7.82	26.74	0.26	5.5	0.36	3.5	6.4	남서	227	10.8	1012.6	-	102	
2021-02-06 20:25:00	17.9	북	352	7.84	26.75	0.23	5.6	0.34	6.5	6.5	남서	225	10.6	1012.6	-	143	
2021-02-06 20:30:00	13.7	북	3	7.80	26.73	0.23	4.5	0.37	4.0	6.1	남서	229	10.6	1012.6	-	144	
2021-02-06 20:35:00	16.4	북북동	12	7.76	26.81	0.24	4.7	0.32	5.5	6.1	남서	231	10.6	1012.5	-	287	
2021-02-06 20:40:00	15.1	북	10	7.71	26.65	0.24	4.9	0.44	4.5	5.8	남서	230	10.5	1012.5	-	101	
2021-02-06 20:45:00	10.8	북북동	23	7.69	26.63	0.24	5.7	0.34	5.0	5.6	남서	234	10.5	1012.5	-	232	
2021-02-06 20:50:00	14.2	북북동	17	7.68	26.42	0.25	5.1	0.40	6.0	6.5	남서	230	10.5	1012.4	-	153	
2021-02-06 20:55:00	9.9	북	11	7.63	26.41	0.28	5.9	0.42	4.5	7.8	남서	225	10.6	1012.3	-	167	
2021-02-06 21:00:00	10.7	북	358	7.64	26.62	0.23	5.2	0.38	5.5	8.4	남서	224	10.6	1012.3	-	140	
2021-02-06 21:05:00	9.1	북북동	17	7.60	26.58	0.22	5.2	0.33	6.5	8.5	남서	228	10.6	1012.3	-	155	
2021-02-06 21:10:00	11.2	북북서	347	7.55	26.69	0.25	5.4	0.45	5.0	8.0	남서	231	10.6	1012.3	-	173	
2021-02-06 21:15:00	13.5	북북동	17	7.55	26.19	0.22	5.6	0.31	5.5	6.9	남서	236	10.4	1012.4	-	86	
2021-02-06 21:20:00	15.3	북	7	7.51	26.77	0.21	5.6	0.25	4.5	6.6	남서	226	10.3	1012.5	-	79	
2021-02-06 21:25:00	7.2	북	10	7.49	26.90	0.20	5.6	0.34	4.0	6.7	남서	224	10.1	1012.4	-	144	
2021-02-06 21:30:00	8.3	북북동	13	7.42	26.81	0.24	5.6	0.34	4.0	8.2	남서	227	10.2	1012.4	-	81	
2021-02-06 21:35:00	14.9	북	8	7.45	26.89	0.21	5.8	0.31	8.0	7.6	남서	232	10.4	1012.5	-	126	
2021-02-06 21:40:00	15.3	북	359	7.41	26.78	0.24	5.7	0.38	5.0	7.1	남서	236	10.3	1012.5	-	90	
2021-02-06 21:45:00	11.1	북	356	7.39	26.85	0.22	5.6	0.26	7.5	6.6	남서	227	10.2	1012.6	-	86	
2021-02-06 21:50:00	11.9	북	353	7.36	26.88	0.23	6.0	0.39	5.5	8.1	남서	222	10.3	1012.6	-	77	
2021-02-06 21:55:00	9.5	북북서	335	7.32	26.73	0.24	5.6	0.29	5.5	8.2	남서	228	10.4	1012.6	-	118	
2021-02-06 22:00:00	10.0	북북서	331	7.26	26.79	0.21	5.3	0.30	5.0	7.9	남서	229	10.2	1012.5	-	103	
2021-02-06 22:05:00	11.8	북북서	336	7.24	26.85	0.20	5.6	0.32	5.5	6.5	남서	225	10.0	1012.5	-	131	
2021-02-06 22:10:00	13.0	북북서	338	7.20	25.92	0.19	5.2	0.29	4.5	8.4	남서	227	10.0	1012.5	-	305	
2021-02-06 22:15:00	13.7	북북서	341	7.20	25.60	0.21	6.1	0.28	6.0	8.7	남서	228	10.0	1012.5	-	115	
2021-02-06 22:20:00	15.5	북북서	345	7.18	25.69	0.19	5.4	0.27	7.0	8.3	남서	231	10.1	1012.6	-	83	
2021-02-06 22:25:00	17.8	북북서	344	7.15	25.78	0.23	5.6	0.27	4.0	7.8	남서	228	9.9	1012.6	-	91	
2021-02-06 22:30:00	14.3	북	359	7.16	25.79	0.20	5.5	0.29	8.5	8.5	남서	228	10.0	1012.6	-	89	
2021-02-06 22:35:00	16.7	북북서	348	7.14	25.72	0.21	5.5	0.31	7.0	9.0	남서	228	10.0	1012.6	-	111	
2021-02-06 22:40:00	13.8	북북서	339	7.11	25.71	0.20	5.3	0.33	5.5	8.7	남서	233	10.0	1012.6	-	103	
2021-02-06 22:45:00	10.8	북	352	7.09	25.73	0.20	5.7	0.29	7.5	7.8	남서	230	9.8	1012.6	-	106	
2021-02-06 22:50:00	6.3	북서	310	7.06	25.74	0.20	6.4	0.30	6.5	7.5	남서	231	9.7	1012.7	-	74	
2021-02-06 22:55:00	14.6	북북서	334	7.06	25.74	0.21	6.3	0.37	7.0	7.0	남서	232	9.6	1012.8	-	65	
2021-02-06 23:00:00	16.4	북북서	337	7.05	25.77	0.20	6.3	0.28	7.0	7.3	남서	235	9.7	1012.9	-	79	
2021-02-06 23:05:00	14.8	북	357	7.04	25.74	0.23	5.8	0.35	5.5	5.6	서남서	241	9.9	1013.1	-	105	
2021-02-06 23:10:00	16.6	북북서	333	7.03	25.74	0.21	5.7	0.30	6.5	5.6	남서	234	9.7	1013.1	-	316	
2021-02-06 23:15:00	15.2	북북서	332	7.02	25.72	0.23	5.6	0.29	6.0	5.3	남서	235	9.8	1013.2	-	74	
2021-02-06 23:20:00	14.2	북서	323	7.02	25.75	0.21	6.3	0.26	8.5	4.2	남서	227	9.8	1013.2	-	129	
2021-02-06 23:25:00	17.1	북서	322	7.02	25.75	0.22	5.6	0.37	5.5	3.1	남서	229	9.7	1013.4	-	85	
2021-02-06 23:30:00	26.5	북북서	337	7.02	25.77	0.22	6.0	0.31	4.5	3.1	북서	307	9.0	1013.6	-	71	
2021-02-06 23:35:00	18.7	북북서	339	7.01	25.76	0.19	6.3	0.27	5.5	3.0	북서	321	8.8	1013.6	-	252	
2021-02-06 23:40:00	19.0	북북서	329	7.00	25.71	0.18	4.7	0.28	5.0	2.3	북북서	330	7.3	1013.7	-	250	
2021-02-06 23:45:00	18.7	북북서	333	6.97	25.70	0.21	5.6	0.26	5.0	2.2	북서	323	7.0	1013.8	-	138	
2021-02-06 23:50:00	20.7	북북서	341	6.96	25.67	0.19	6.2	0.24	6.5	1.5	북서	323	7.0	1013.9	-	92	
2021-02-06 23:55:00	33.7	북북서	346	6.95	25.72	0.21	5.9	0.30	8.0	1.0	북북서	332	7.8	1013.8	-	291	
2021-02-07 00:00:00	17.5	북북서	342	6.93	25.62	0.21	5.3	0.30	7.0	1.1	북북서	327	8.3	1013.8	-	192	
2021-02-07 00:05:00	17.9	북북서	330	6.91	25.76	0.20	6.2	0.24	6.0	1.1	북서	312	7.7	1013.9	-	96	
2021-02-07 00:10:00	39.3	북북동	18	6.91	25.65	0.21	6.4	0.30	6.5	1.5	북서	309	7.4	1014.0	-	89	
2021-02-07 00:15:00	22.3	북북서	336	6.91	25.64	0.23	6.4	0.28	7.0	0.8	북서	325	7.4	1014.0	-	97	
2021-02-07 00:20:00	17.6	북북서	339	6.91	25.63	0.22	6.1	0.35	5.0	0.6	서북서	296	8.0	1014.1	-	73	
2021-02-07 00:25:00	17.7	북북서	332	6.92	25.79	0.19	4.6	0.27	5.0	1.0	북서	311	8.1	1014.1	-	231	
2021-02-07 00:30:00	37.9	북	3	6.92	25.78	0.21	5.9	0.29	7.5	1.1	서	266	8.1	1014.1	-	106	
2021-02-07 00:35:00	16.1	북북서	339	6.91	25.74	0.19	5.0	0.30	4.0	1.1	서남서	247	8.6	1014.0	-	77	
2021-02-07 00:40:00	15.9	북서	320	6.92	25.77	0.20	5.3	0.28	7.0	1.3	서남서	246	9.0	1014.0	-	289	
2021-02-07 00:45:00	20.1	북	350	6.92	25.80	0.24	4.8	0.35	6.0	1.5	서북서	291	8.3	1014.1	-	207	
2021-02-07 00:50:00	16.9	북북서	346	6.92	25.75	0.22	4.7	0.32	4.5	2.6	서북서	294	8.2	1014.1	-	85	
2021-02-07 00:55:00	16.8	북북서	345	6.92	25.64	0.21	6.0	0.25	5.0	2.3	서북서	303	7.2	1014.0	-	161	
2021-02-07 01:00:00	15.5	북북서	348	6.93	25.66	0.21	5.5	0.35	4.5	2.2	서북서	298	7.0	1013.9	-	131	
2021-02-07 01:05:00	14.7	북북서	329	6.93	25.83	0.20	5.4	0.28	5.5	1.5	서	268	7.9	1013.8	-	282	
2021-02-07 01:10:00	14.2	북북서	336	6.92	25.74	0.19	5.4	0.25	6.0	2.7	서북서	283	8.4	1014.0	-	274	
2021-02-07 01:15:00	16.3	북	5	6.92	25.77	0.22	6.1	0.34	4.5	2.2	서북서	297	7.8	1014.0	-	86	
2021-02-07 01:20:00	19.3	북서	312	7.01	26.08	0.19	4.5	0.34	5.5	0.8	서	264	8.1	1014.0	-	291	
2021-02-07 01:25:00	22.2	북서	323	7.57	25.91	0.20	5.2	0.25	5.0	1.5	서북서	291	7.6	1014.1	-	111	
2021-02-07 01:30:00	23.9	북서	316	7.59	25.85	0.20	4.9	0.28	5.0	1.6	북서	311	8.1	1014.2	-	206	
2021-02-07 01:35:00	28.2	북서	323	7.60	25.70	0.22	4.5	0.31	4.5	1.7	북북동	15	8.2	1014.4	-	160	
2021-02-07 01:40:00	29.4	북북서	328	7.38	25.69	0.22	6.3	0.39	5.0	1.6	북동	38	8.3	1014.6	-	67	
2021-02-07 01:45:00	28.1	북북서	332	7.36	25.96	0.20	5.2	0.31	4.5	1.5	북동	56	8.6	1014.7	-	162	
2021-02-07 01:50:00	30.8	북북서	330	8.04	26.14	0.23	5.1	0.28	4.5	1.4	북동	35	8.7	1014.8	-	160	
2021-02-07 01:55:00	36.1	북북서	338	8.28	25.92	0.25	4.6	0.35	4.5	0.4	북동	37	8.9	1014.9	-	318	
2021-02-07 02:00:00	27.2	북북서	327	8.61	25.99	0.22	5.2	0.40	4.5	0.2	북서	310	9.2	1014.9	-	187	
2021-02-07 02:05:00	17.6	북서	326	8.75	25.87	0.22	5.4	0.31	5.0	1.5	북서	322	9.1	1014.9	-	333	
2021-02-07 02:10:00	24.9	북서	316	8.79	25.90	0.23	4.6	0.36	4.0	1.3	북	356	8.7	1015.0	-	207	
2021-02-07 02:15:00	18.7	북서	322	8.97	26.03	0.24	5.2	0.31	4.5	0.8	북북서	327	9.0	1015.0	-	144	
2021-02-07 02:20:00	17.1	북서	308	9.04	26.09	0.24	4.9	0.34	4.5	1.6	북서	314	9.7	1015.1	-	290	
2021-02-07 02:25:00	25.0	북서	309	9.07	26.31	0.23	4.7	0.30	5.0	2.0	서	259	9.1	1015.2	-	292	
2021-02-07 02:30:00	12.4	서	280	9.20	25.91	0.24	4.6	0.31	4.5	2.0	서남서	249	7.9	1015.3	-	308	
2021-02-07 02:35:00	16.3	북서	316	9.27	26.13	0.28	5.6	0.39	5.0	2.6	서남서	249	8.5	1015.4	-	248	
2021-02-07 02:40:00	26.7	북서	309	9.34	26.05	0.26	4.7	0.37	5.0	2.2	서북서	290	8.8	1015.4	-	152	
2021-02-07 02:45:00	24.9	서북서	288	9.38	26.36	0.23	5.0	0.39	5.5	3.1	서	265	9.3	1015.3	-	303	
2021-02-07 02:50:00	34.5	북서	311	9.48	26.11	0.26	4.6	0.37	5.0	3.8	서	263	8.7	1015.4	-	319	
2021-02-07 02:55:00	26.0	북북서	333	9.50	26.13	0.23	4.8	0.28	4.0	3.9	서북서	288	9.3	1015.4	-	206	
2021-02-07 03:00:00	21.1	북서	309	9.52	26.15	0.26	4.6	0.42	5.0	4.6	서북서	282	9.3	1015.4	-	295	
2021-02-07 03:05:00	26.2	북서	310	9.54	25.90	0.26	4.6	0.45	6.5	3.5	서북서	291	9.1	1015.5	-	171	
2021-02-07 03:10:00	20.3	북	4	9.56	25.80	0.31	4.0	0.39	2.5	5.1	북북서	339	8.9	1015.6	-	5	
2021-02-07 03:15:00	30.7	북북서	348	9.58	26.05	0.32	3.4	0.48	4.5	7.7	북	1	8.8	1015.5	-	2	
2021-02-07 03:20:00	20.3	북북서	348	9.59	26.88	0.38	3.3	0.63	3.0	7.5	북북동	25	8.7	1015.6	-	347	
2021-02-07 03:25:00	26.5	북북서	338	9.61	25.82	0.37	3.3	0.57	3.0	8.2	북북동	22	8.6	1015.5	-	3	
2021-02-07 03:30:00	21.1	북서	325	9.66	25.77	0.42	3.4	0.60	6.0	8.5	북북동	26	8.3	1015.5	-	351	
2021-02-07 03:35:00	26.3	북북서	332	9.67	25.78	0.40	3.3	0.60	3.5	8.1	북북동	23	8.0	1015.5	-	6	
2021-02-07 03:40:00	26.0	북북서	332	9.68	25.88	0.48	3.4	0.69	3.5	7.8	북북동	26	7.8	1015.6	-	351	
2021-02-07 03:45:00	15.7	북서	319	9.68	25.90	0.44	3.6	0.69	3.5	7.3	북북동	27	7.8	1015.7	-	351	
2021-02-07 03:50:00	19.9	북북서	330	9.68	26.20	0.48	3.5	0.67	3.5	7.2	북북동	23	7.6	1015.8	-	331	
2021-02-07 03:55:00	16.1	북서	314	9.68	26.70	0.48	3.2	0.68	3.5	7.3	북북동	24	7.6	1015.9	-	301	
2021-02-07 04:00:00	10.5	북서	317	9.67	26.73	0.47	3.3	0.69	3.5	6.7	북북동	18	7.4	1016.1	-	322	
2021-02-07 04:05:00	8.1	북서	324	9.65	25.72	0.49	3.4	0.65	3.0	6.7	북북동	17	7.3	1016.2	-	310	
2021-02-07 04:10:00	22.2	북서	314	9.63	25.94	0.46	3.5	0.57	3.5	6.7	북북동	18	7.2	1016.3	-	31	
2021-02-07 04:15:00	16.0	북북서	334	9.60	26.03	0.50	3.3	0.69	3.0	6.5	북북동	14	7.2	1016.4	-	4	
2021-02-07 04:20:00	9.9	북서	325	9.67	25.99	0.50	3.7	0.78	3.0	6.0	북북동	15	7.1	1016.4	-	22	
2021-02-07 04:25:00	3.2	서남서	242	9.68	26.04	0.45	3.2	0.59	3.5	6.6	북	10	7.1	1016.3	-	94	
2021-02-07 04:30:00	21.3	북서	312	9.67	26.04	0.46	3.5	0.80	3.0	6.9	북	10	7.1	1016.4	-	351	
2021-02-07 04:35:00	10.6	북북서	331	9.66	25.79	0.52	3.1	0.71	3.0	6.9	북북동	13	7.2	1016.5	-	332	
2021-02-07 04:40:00	10.6	서북서	290	9.68	26.95	0.50	3.3	0.64	3.0	6.7	북	7	7.0	1016.6	-	345	
2021-02-07 04:45:00	17.5	북북서	329	9.67	25.83	0.52	3.4	0.91	3.5	6.4	북	6	6.9	1016.7	-	14	
2021-02-07 04:50:00	25.6	북북서	340	9.62	25.90	0.55	3.2	0.81	3.5	6.9	북	8	7.0	1016.7	-	60	
2021-02-07 04:55:00	21.7	북	349	9.60	26.03	0.62	3.2	1.07	3.0	6.7	북	9	7.0	1016.8	-	6	
2021-02-07 05:00:00	21.5	북북서	345	9.58	25.81	0.56	3.5	0.91	3.0	6.8	북	10	6.9	1016.9	-	328	
2021-02-07 05:05:00	21.8	북서	318	9.54	26.19	0.52	3.3	0.70	3.0	5.9	북	357	7.0	1017.1	-	100	
2021-02-07 05:10:00	21.7	북서	309	9.42	25.91	0.48	3.6	0.88	4.0	6.2	북	7	6.9	1017.1	-	105	
2021-02-07 05:15:00	29.3	북서	306	9.30	26.08	0.58	3.3	0.85	3.0	5.4	북	2	6.9	1017.1	-	43	
2021-02-07 05:20:00	14.5	북서	313	9.22	26.02	0.51	3.2	0.79	3.5	5.3	북	8	6.9	1017.2	-	6	
2021-02-07 05:25:00	14.8	북북서	332	9.13	26.04	0.54	3.8	0.76	3.5	5.0	북	6	6.8	1017.3	-	153	
2021-02-07 05:30:00	23.0	북서	326	9.10	26.01	0.50	3.4	0.74	3.5	4.6	북	353	6.9	1017.4	-	96	
2021-02-07 05:35:00	30.2	서북서	288	9.10	26.20	0.56	3.5	0.69	4.0	4.8	북	7	6.8	1017.4	-	1	
2021-02-07 05:40:00	11.3	서북서	299	9.05	25.87	0.59	3.5	0.78	3.5	4.9	북북동	17	6.7	1017.5	-	299	
2021-02-07 05:45:00	26.9	북북서	335	9.07	25.90	0.54	3.7	0.83	4.0	4.8	북북동	24	6.7	1017.5	-	89	
2021-02-07 05:50:00	30.8	북북서	349	9.24	25.88	0.63	3.5	0.97	4.0	4.5	북	357	6.7	1017.5	-	148	
2021-02-07 05:55:00	14.2	서북서	299	9.34	25.97	0.62	4.0	0.95	4.0	4.0	북	9	6.7	1017.5	-	259	
2021-02-07 06:00:00	31.0	서북서	297	9.37	26.06	0.69	3.6	1.03	4.0	3.7	북	9	6.7	1017.6	-	248	
2021-02-07 06:05:00	18.9	북서	313	9.43	26.00	0.57	3.8	0.74	3.5	3.4	북	9	6.7	1017.6	-	145	
2021-02-07 06:10:00	30.7	북서	311	9.46	26.01	0.63	4.1	0.83	3.0	3.5	북	6	6.7	1017.5	-	258	
2021-02-07 06:15:00	17.6	남서	232	9.46	25.96	0.65	3.8	1.06	4.0	3.8	북	5	6.6	1017.6	-	303	
2021-02-07 06:20:00	21.0	서북서	290	9.53	26.88	0.69	3.8	0.97	3.5	3.6	북	349	6.6	1017.7	-	167	
2021-02-07 06:25:00	4.8	북서	311	9.60	26.49	0.61	3.7	0.95	4.0	3.9	북	1	6.6	1017.8	-	216	
2021-02-07 06:30:00	12.4	북북동	13	9.72	26.66	0.67	3.9	1.05	4.0	3.8	북	355	6.6	1017.8	-	293	
2021-02-07 06:35:00	2.7	북	9	9.77	27.11	0.65	3.8	1.02	4.0	3.4	북북서	348	6.6	1017.8	-	163	
2021-02-07 06:40:00	14.0	북서	325	9.79	26.42	0.69	4.0	1.15	4.0	3.5	북북서	347	6.7	1017.8	-	224	
2021-02-07 06:45:00	14.0	북북서	344	9.80	26.03	0.73	4.0	1.17	3.5	2.7	북북서	343	6.5	1017.8	-	161	
2021-02-07 06:50:00	9.1	서	277	9.81	26.25	0.65	3.9	0.98	3.5	2.9	북	351	6.6	1017.8	-	242	
2021-02-07 06:55:00	14.6	북북서	335	9.83	26.19	0.65	4.0	1.13	4.0	3.3	북	350	6.6	1017.8	-	35	
2021-02-07 07:00:00	9.7	서북서	302	9.85	27.14	0.78	4.1	1.16	3.5	2.3	북	351	6.6	1017.9	-	180	
2021-02-07 07:05:00	11.2	서북서	283	9.86	26.16	0.65	4.0	1.06	4.0	2.0	북	359	6.6	1017.9	-	203	
2021-02-07 07:10:00	17.9	서	263	9.87	26.10	0.72	3.9	1.21	4.0	3.0	북	355	6.6	1018.0	-	170	
2021-02-07 07:15:00	31.0	서북서	286	9.86	26.15	0.71	3.8	0.93	4.5	3.0	북	356	6.4	1018.1	-	166	
2021-02-07 07:20:00	17.5	서북서	291	9.68	26.02	0.71	3.8	1.37	4.5	3.3	북	5	6.5	1018.1	-	180	
2021-02-07 07:25:00	19.9	서북서	295	9.66	26.15	0.76	4.2	1.06	4.5	3.2	북	8	6.5	1018.2	-	184	
2021-02-07 07:30:00	8.0	서북서	303	9.69	25.82	0.58	3.9	0.86	3.5	3.4	북	0	6.5	1018.3	-	181	
2021-02-07 07:35:00	25.0	북	3	9.24	25.90	0.65	4.1	0.86	4.0	4.1	북	356	6.5	1018.4	-	178	
2021-02-07 07:40:00	22.8	북서	308	9.33	26.16	0.65	4.1	0.87	4.0	4.0	북	351	6.5	1018.4	-	340	
2021-02-07 07:45:00	20.0	북서	310	9.58	25.81	0.55	4.2	0.81	4.0	4.1	북	355	6.5	1018.5	-	211	
2021-02-07 07:50:00	30.1	북	360	9.60	25.71	0.64	4.1	1.10	4.0	3.6	북	7	6.4	1018.5	-	1	
2021-02-07 07:55:00	32.9	북북서	341	9.48	25.77	0.67	4.0	0.91	3.5	3.7	북	353	6.5	1018.6	-	142	
2021-02-07 08:00:00	9.7	서북서	292	9.56	25.75	0.76	4.4	1.13	4.0	2.9	북북서	340	6.5	1018.6	-	185	
2021-02-07 08:05:00	28.3	북	350	9.56	26.26	0.58	4.1	1.08	4.5	2.6	북	349	6.5	1018.7	-	240	
2021-02-07 08:10:00	31.3	북북서	335	9.43	25.91	0.63	3.9	0.86	4.0	2.7	북	353	6.4	1018.7	-	181	
2021-02-07 08:15:00	12.7	북북서	337	9.45	25.80	0.78	4.1	1.18	4.0	2.8	북	357	6.5	1018.7	-	153	
2021-02-07 08:20:00	36.3	북서	306	9.49	25.63	0.72	4.4	1.03	4.0	2.4	북	3	6.4	1018.7	-	312	
2021-02-07 08:25:00	23.9	북북서	344	9.51	25.86	0.67	4.1	1.11	4.5	3.1	북	9	6.4	1018.7	-	158	
2021-02-07 08:30:00	26.2	북	11	9.57	25.99	0.69	4.1	0.81	3.5	3.0	북북동	13	6.3	1018.8	-	166	
2021-02-07 08:35:00	14.5	북북서	337	9.60	26.12	0.70	4.4	1.13	4.5	2.6	북	350	6.3	1018.9	-	219	
2021-02-07 08:40:00	25.0	서북서	303	9.61	26.08	0.71	4.3	1.14	4.0	2.2	북	353	6.4	1019.0	-	280	
2021-02-07 08:45:00	4.9	남남동	153	9.60	25.99	0.63	3.9	0.93	4.0	1.7	북북동	12	6.3	1019.1	-	268	
2021-02-07 08:50:00	17.3	북서	316	9.57	26.01	0.79	4.3	1.26	5.0	2.3	북북서	339	6.3	1019.1	-	149	
2021-02-07 08:55:00	12.2	북서	313	9.59	25.95	0.72	4.3	1.14	4.5	1.9	북북서	340	6.4	1019.1	-	351	
2021-02-07 09:00:00	29.3	북북서	329	9.54	25.61	0.74	4.4	1.02	4.0	1.7	북서	314	6.4	1019.1	-	163	
2021-02-07 09:05:00	30.8	서	260	9.48	25.72	0.77	4.6	1.09	4.5	2.1	북북서	331	6.2	1019.1	-	73	
2021-02-07 09:10:00	7.7	북서	324	9.48	25.73	0.70	4.3	0.99	6.0	2.8	북서	318	6.3	1019.1	-	23	
2021-02-07 09:15:00	29.9	북	352	9.50	26.08	0.83	4.9	1.49	4.5	2.3	북서	316	6.2	1019.2	-	19	
2021-02-07 09:20:00	20.0	서	279	9.48	25.63	0.75	4.7	1.42	4.5	1.6	북서	323	6.2	1019.2	-	78	
2021-02-07 09:25:00	16.0	북서	321	9.47	25.74	0.94	5.0	1.29	4.5	1.8	서북서	299	6.2	1019.2	-	205	
2021-02-07 09:30:00	17.9	북서	317	9.48	25.84	0.87	4.9	1.45	5.0	2.2	서북서	286	6.1	1019.2	-	41	
2021-02-07 09:35:00	13.3	북서	321	9.46	25.74	0.77	5.0	1.37	5.0	2.1	서	261	6.1	1019.3	-	216	
2021-02-07 09:40:00	12.7	서북서	288	9.35	25.70	0.87	4.5	1.36	5.5	1.7	서남서	257	6.2	1019.3	-	11	
2021-02-07 09:45:00	17.6	북북서	332	9.32	26.41	0.89	4.8	1.16	5.5	1.4	서북서	287	6.2	1019.3	-	9	
2021-02-07 09:50:00	20.1	서북서	299	9.36	26.93	0.97	5.0	1.23	4.5	1.2	서북서	285	6.2	1019.4	-	354	
2021-02-07 09:55:00	9.9	북서	304	9.38	25.95	0.81	4.9	1.38	5.0	0.6	서	276	6.2	1019.3	-	289	
2021-02-07 10:00:00	4.2	북서	319	9.38	26.00	1.02	5.1	1.83	5.0	0.9	북북동	33	6.3	1019.3	-	354	
2021-02-07 10:05:00	8.5	북서	313	9.38	26.61	0.88	4.9	1.23	4.5	2.8	북동	38	6.2	1019.3	-	10	
2021-02-07 10:10:00	4.9	동북동	65	9.36	26.56	0.96	5.7	1.16	6.0	2.5	북동	38	6.3	1019.2	-	40	
2021-02-07 10:15:00	2.8	북서	304	9.36	26.55	0.88	5.7	1.26	7.0	2.9	북동	39	6.3	1019.3	-	359	
2021-02-07 10:20:00	7.4	북서	312	9.39	26.05	1.08	5.9	1.32	4.0	2.2	북동	37	6.4	1019.3	-	358	
2021-02-07 10:25:00	11.1	서	268	9.99	26.60	0.90	5.0	1.34	5.0	2.9	북북동	29	6.5	1019.3	-	28	
2021-02-07 10:30:00	6.0	서북서	286	10.11	26.44	1.05	5.6	1.45	5.0	2.6	북북동	20	6.5	1019.3	-	9	
2021-02-07 10:35:00	9.2	서	265	10.14	26.51	1.06	5.7	1.48	5.5	2.1	북북동	33	6.5	1019.3	-	7	
2021-02-07 10:40:00	20.9	북서	325	10.14	26.43	1.13	5.8	1.59	5.0	1.6	북동	34	6.8	1019.2	-	356	
2021-02-07 10:45:00	12.4	북	1	10.15	26.45	0.97	5.9	1.43	6.0	2.6	북북동	31	7.1	1019.2	-	2	
2021-02-07 10:50:00	21.7	서북서	295	10.14	26.70	1.11	5.8	1.56	6.0	2.5	북북동	22	7.1	1019.2	-	358	
2021-02-07 10:55:00	10.4	서북서	291	10.12	26.38	1.08	5.8	1.61	5.0	2.4	북북동	17	7.0	1019.2	-	12	
2021-02-07 11:00:00	26.1	서북서	293	10.13	26.38	1.42	6.4	1.92	6.5	2.2	북동	44	7.1	1019.1	-	6	
2021-02-07 11:05:00	23.8	북서	312	10.15	26.25	1.18	6.2	1.70	5.5	3.2	북동	40	6.8	1019.1	-	14	
2021-02-07 11:10:00	7.7	북서	322	10.13	26.30	1.33	6.4	1.55	5.0	3.0	북동	34	6.8	1019.1	-	13	
2021-02-07 11:15:00	15.1	서북서	304	10.13	26.29	1.22	6.0	1.52	6.0	3.1	동북동	57	6.8	1019.0	-	358	
2021-02-07 11:20:00	12.0	북북서	344	10.13	26.43	1.21	6.2	1.40	7.5	3.2	동북동	67	6.6	1019.0	-	13	
2021-02-07 11:25:00	14.9	북서	320	10.14	26.55	1.31	5.8	2.07	5.5	3.2	북동	54	6.7	1018.9	-	18	
2021-02-07 11:30:00	12.2	북북동	16	10.13	26.39	1.12	5.7	1.46	6.0	3.3	북동	45	6.7	1018.8	-	6	
2021-02-07 11:35:00	21.6	북북서	334	10.12	26.02	1.20	5.9	1.53	6.5	2.5	북동	43	6.8	1018.7	-	15	
2021-02-07 11:40:00	14.1	서북서	300	10.11	26.75	1.25	5.7	1.72	5.5	2.4	동북동	57	6.8	1018.7	-	15	
2021-02-07 11:45:00	13.4	서북서	297	10.10	26.63	1.23	5.8	2.16	6.0	2.4	동북동	64	6.9	1018.7	-	3	
2021-02-07 11:50:00	5.8	북북동	19	10.09	26.48	1.26	5.8	2.10	5.5	2.1	동	80	6.8	1018.6	-	8	
2021-02-07 11:55:00	23.6	서북서	294	10.08	26.11	1.28	6.3	1.76	5.5	2.5	동북동	76	6.8	1018.5	-	10	
2021-02-07 12:00:00	29.4	서북서	292	10.10	26.01	1.19	5.8	1.70	6.0	2.6	북동	51	6.9	1018.4	-	5	
2021-02-07 12:05:00	21.8	북서	310	10.13	26.61	1.13	6.0	2.11	6.0	2.1	동북동	78	6.9	1018.4	-	355	
2021-02-07 12:10:00	9.3	남	180	10.13	26.89	1.01	6.1	1.45	6.0	2.6	동북동	68	6.9	1018.3	-	352	
2021-02-07 12:15:00	11.3	북서	307	10.11	26.50	1.42	6.3	1.88	6.5	2.6	동북동	74	6.9	1018.2	-	16	
2021-02-07 12:20:00	8.9	북북서	339	10.08	26.09	1.24	5.9	1.57	5.0	2.9	동	82	6.9	1018.1	-	14	
2021-02-07 12:25:00	17.8	북서	317	9.98	25.83	1.26	5.9	2.17	6.0	3.4	동	82	6.9	1018.0	-	56	
2021-02-07 12:30:00	22.1	북서	312	9.92	25.85	1.29	5.6	1.96	5.5	3.0	동	79	7.2	1018.0	-	95	
2021-02-07 12:35:00	13.6	북서	325	10.00	25.85	1.36	6.2	2.02	6.0	3.2	동북동	66	6.9	1017.9	-	47	
2021-02-07 12:40:00	6.3	북북서	338	9.96	25.86	1.25	6.0	1.58	5.0	2.6	동북동	63	7.0	1017.8	-	11	
2021-02-07 12:45:00	10.6	북서	313	9.97	25.98	1.31	6.6	2.12	6.5	2.6	동	98	7.1	1017.8	-	26	
2021-02-07 12:50:00	23.7	북서	318	9.97	26.32	1.17	6.1	1.40	6.0	1.9	동	98	7.0	1017.8	-	36	
2021-02-07 12:55:00	21.9	북서	317	9.97	25.83	1.14	5.7	1.81	5.5	2.2	동	88	7.0	1017.7	-	6	
2021-02-07 13:00:00	8.5	북	350	9.95	25.90	1.22	6.5	1.48	6.0	2.4	동	85	7.0	1017.7	-	19	
2021-02-07 13:05:00	9.1	북	1	9.98	25.98	1.14	6.3	1.46	6.5	2.2	동북동	71	7.0	1017.7	-	26	
2021-02-07 13:10:00	12.2	서북서	295	10.06	26.08	1.33	6.0	1.85	6.0	2.3	동	86	7.1	1017.7	-	31	
2021-02-07 13:15:00	20.5	북북서	344	10.02	26.05	1.23	5.4	1.70	5.5	1.7	동북동	74	7.1	1017.7	-	43	
2021-02-07 13:20:00	1.2	동남동	103	10.03	26.01	1.29	6.0	1.63	5.5	2.0	동북동	64	7.1	1017.6	-	26	
2021-02-07 13:25:00	1.1	북서	311	9.95	25.81	1.32	5.8	1.77	6.0	1.7	동	79	7.3	1017.7	-	33	
2021-02-07 13:30:00	15.5	북서	321	9.97	26.26	1.22	5.5	2.01	6.0	2.3	북동	55	7.2	1017.6	-	18	
2021-02-07 13:35:00	17.1	북서	307	9.87	25.73	1.56	6.6	2.04	6.0	1.9	동북동	65	7.4	1017.7	-	21	
2021-02-07 13:40:00	10.3	북북서	332	9.83	25.91	1.28	6.7	1.54	5.5	2.5	북동	35	7.5	1017.7	-	52	
2021-02-07 13:45:00	-	-	-	-	-	0.00	0.0	0.00	0.0	3.6	북북동	30	7.4	1017.7	-	0	
2021-02-07 13:50:00	-	-	-	9.79	26.02	1.31	6.2	1.95	6.0	3.7	북북동	26	7.5	1017.7	-	21	
2021-02-07 13:55:00	-	-	-	9.72	25.94	1.21	5.9	1.89	6.0	4.5	북북동	26	7.4	1017.7	-	57	
2021-02-07 14:00:00	-	-	-	9.68	25.92	1.06	6.0	1.33	5.5	4.9	북북동	14	7.2	1017.8	-	28	
2021-02-07 14:05:00	-	-	-	9.60	25.92	1.07	6.2	1.35	5.5	5.0	북북동	16	7.2	1017.7	-	54	
2021-02-07 14:10:00	-	-	-	9.59	25.84	1.20	6.4	1.59	6.5	4.8	북북동	15	7.2	1017.8	-	33	
2021-02-07 14:15:00	-	-	-	9.58	26.50	1.08	6.4	1.44	4.5	4.3	북	9	7.3	1017.8	-	35	
2021-02-07 14:20:00	-	-	-	9.54	25.74	1.31	6.6	1.74	6.0	4.0	북	10	7.2	1017.9	-	32	
2021-02-07 14:25:00	-	-	-	9.53	25.83	1.30	6.5	1.82	5.0	5.1	북북동	15	7.1	1017.8	-	26	
2021-02-07 14:30:00	-	-	-	9.47	25.75	1.30	6.8	1.55	7.0	4.4	북	9	7.0	1017.8	-	32	
2021-02-07 14:35:00	15.9	북북서	329	9.47	25.90	1.36	6.8	1.75	6.0	4.5	북	9	7.0	1017.9	-	35	
2021-02-07 14:40:00	10.6	서북서	303	9.48	25.98	1.17	6.1	1.63	5.0	4.9	북북동	22	6.9	1017.8	-	33	
2021-02-07 14:45:00	9.7	북북서	343	9.47	25.60	1.20	6.3	1.99	6.5	4.1	북북동	26	6.6	1018.0	-	38	
2021-02-07 14:50:00	5.8	북북서	335	9.45	25.91	1.23	6.3	1.77	6.5	4.4	북북동	25	6.7	1017.9	-	35	
2021-02-07 14:55:00	6.4	북	5	9.45	25.65	1.16	6.3	1.40	6.5	4.7	북북동	23	6.6	1018.0	-	37	
2021-02-07 15:00:00	8.0	북서	317	9.47	26.51	1.21	6.6	1.80	6.0	5.0	북북동	25	6.6	1018.1	-	25	
2021-02-07 15:05:00	4.8	북서	323	9.48	26.65	1.24	7.3	1.78	7.0	4.9	북북동	33	6.4	1018.1	-	15	
2021-02-07 15:10:00	3.2	남서	234	9.48	26.51	1.46	6.7	1.73	6.5	5.5	북동	34	6.4	1018.2	-	24	
2021-02-07 15:15:00	3.0	서북서	283	9.45	25.70	1.26	6.5	1.74	7.0	5.3	북북동	23	6.5	1018.2	-	50	
2021-02-07 15:20:00	8.4	북	1	9.41	25.72	1.00	5.7	1.35	5.0	5.1	북북동	29	6.4	1018.2	-	21	
2021-02-07 15:25:00	6.4	서남서	241	9.38	25.62	1.25	6.3	1.84	6.5	4.6	북북동	13	6.3	1018.4	-	48	
2021-02-07 15:30:00	9.1	북	358	9.32	25.66	1.25	6.6	1.90	5.5	5.0	북북동	18	6.4	1018.5	-	50	
2021-02-07 15:35:00	8.1	동남동	118	9.23	25.74	1.38	6.5	1.80	6.0	4.9	북북동	25	6.3	1018.4	-	36	
2021-02-07 15:40:00	4.6	북서	316	9.24	25.66	1.33	6.4	1.97	7.0	4.7	북북동	19	6.4	1018.4	-	36	
2021-02-07 15:45:00	4.8	북북서	334	9.17	26.50	1.29	6.6	1.70	7.0	4.9	북	9	6.3	1018.5	-	31	
2021-02-07 15:50:00	10.7	북	3	9.20	26.26	1.49	6.6	1.96	6.5	5.3	북북동	16	6.3	1018.5	-	37	
2021-02-07 15:55:00	5.4	서북서	293	9.31	26.35	1.37	6.3	2.00	5.5	4.7	북북동	30	6.3	1018.7	-	20	
2021-02-07 16:00:00	9.2	북	3	9.31	26.14	1.34	6.1	1.62	6.0	5.9	북북동	18	6.3	1018.6	-	30	
2021-02-07 16:05:00	7.1	북북서	334	9.36	26.13	1.16	5.8	1.57	6.0	5.9	북	6	6.1	1018.6	-	40	
2021-02-07 16:10:00	9.6	북서	307	9.32	25.70	1.20	6.8	2.01	6.0	5.9	북	349	6.1	1018.6	-	45	
2021-02-07 16:15:00	4.4	북서	325	9.28	26.79	1.35	6.6	1.98	6.5	7.6	북북동	18	6.2	1018.5	-	31	
2021-02-07 16:20:00	13.1	서북서	301	9.30	26.24	1.17	6.4	1.73	6.5	9.1	북동	35	5.9	1018.5	-	31	
2021-02-07 16:25:00	12.2	북서	314	9.34	26.34	1.21	5.7	1.54	5.5	7.9	북동	43	5.5	1018.7	-	41	
2021-02-07 16:30:00	13.4	서북서	301	9.36	26.33	1.20	5.7	1.56	6.0	7.9	북동	44	5.5	1018.6	-	29	
2021-02-07 16:35:00	9.7	북북서	338	9.36	25.58	1.26	6.8	1.75	6.5	8.1	북동	49	5.2	1018.7	-	53	
2021-02-07 16:40:00	8.2	북북서	338	9.30	26.38	1.29	6.4	1.56	6.0	8.1	북동	45	5.2	1018.7	-	37	
2021-02-07 16:45:00	13.4	서북서	302	9.31	25.61	1.51	6.3	1.72	5.0	7.9	북동	56	5.1	1018.6	-	26	
2021-02-07 16:50:00	13.6	북북서	332	9.30	25.57	1.29	5.8	1.71	5.5	7.4	북동	56	5.1	1018.6	-	40	
2021-02-07 16:55:00	10.1	서북서	291	9.24	25.69	1.41	5.7	1.94	6.0	6.9	북동	45	5.2	1018.7	-	33	
2021-02-07 17:00:00	10.7	북서	314	9.25	26.37	1.56	6.3	2.42	6.0	7.4	북동	52	5.1	1018.7	-	25	
2021-02-07 17:05:00	14.2	북서	319	9.24	26.24	1.12	5.3	1.54	5.0	7.0	북동	50	5.2	1018.7	-	252	
2021-02-07 17:10:00	13.7	북서	310	9.19	26.19	1.67	6.5	2.50	6.5	6.7	북동	53	5.2	1018.7	-	55	
2021-02-07 17:15:00	14.6	서북서	299	9.18	26.36	1.49	6.0	2.21	5.5	7.2	북동	54	5.2	1018.7	-	34	
2021-02-07 17:20:00	16.5	서북서	303	9.20	26.23	1.39	5.9	2.31	5.5	7.4	북동	52	5.2	1018.7	-	27	
2021-02-07 17:25:00	15.8	서	281	9.23	26.34	1.32	6.0	1.71	5.5	7.2	북동	54	5.1	1018.7	-	11	
2021-02-07 17:30:00	10.8	북서	314	9.24	26.37	1.48	5.8	2.11	6.5	6.1	동북동	57	5.2	1018.8	-	28	
2021-02-07 17:35:00	11.1	북북서	328	9.19	26.26	1.56	5.7	2.04	5.5	6.1	북동	53	5.2	1018.8	-	26	
2021-02-07 17:40:00	12.3	북서	325	9.18	26.24	1.42	6.2	2.01	6.0	6.3	북동	50	5.2	1018.9	-	40	
2021-02-07 17:45:00	17.3	북서	318	9.17	26.34	1.44	5.9	1.95	6.0	6.8	북동	55	5.1	1019.0	-	51	
2021-02-07 17:50:00	15.2	북서	322	9.20	26.26	1.54	5.8	2.20	6.0	6.8	북동	50	5.0	1019.1	-	48	
2021-02-07 17:55:00	6.3	서북서	285	9.22	26.41	1.60	6.0	2.33	5.5	6.1	북동	56	5.1	1019.2	-	28	
2021-02-07 18:00:00	17.2	북서	312	9.22	26.67	1.48	5.6	2.16	6.0	7.2	동북동	57	5.1	1019.1	-	43	
2021-02-07 18:05:00	14.9	북서	311	9.25	26.13	1.70	5.9	2.32	6.5	8.0	북동	53	5.0	1019.0	-	58	
2021-02-07 18:10:00	17.8	북북서	340	9.29	25.63	1.94	6.4	2.39	6.0	8.6	북동	53	5.0	1019.0	-	28	
2021-02-07 18:15:00	19.7	북서	311	9.32	25.62	1.73	6.1	2.41	6.0	8.1	북동	50	5.1	1019.1	-	31	
2021-02-07 18:20:00	12.5	서북서	294	9.33	25.80	1.85	6.2	2.45	6.5	8.0	북동	53	5.0	1019.2	-	59	
2021-02-07 18:25:00	18.0	북서	312	9.33	25.83	1.86	6.3	2.49	6.5	7.5	동북동	57	5.0	1019.3	-	44	
2021-02-07 18:30:00	18.7	서북서	303	9.34	25.82	1.78	6.4	2.79	5.5	6.5	북동	52	4.9	1019.4	-	40	
2021-02-07 18:35:00	19.6	북서	319	9.44	25.94	1.85	6.4	3.21	6.5	6.9	북동	51	5.2	1019.4	-	33	
2021-02-07 18:40:00	20.9	서북서	296	9.49	25.74	1.79	6.1	2.55	5.5	7.6	북동	53	5.1	1019.4	-	45	
2021-02-07 18:45:00	22.5	서북서	302	9.49	25.74	1.86	6.3	2.32	7.0	7.7	북동	53	5.1	1019.5	-	38	
2021-02-07 18:50:00	21.8	북서	312	9.53	26.00	1.94	6.4	2.50	7.0	6.8	북동	46	5.0	1019.6	-	24	
2021-02-07 18:55:00	28.4	서북서	303	9.55	25.88	1.74	6.2	2.64	6.0	6.8	북동	51	5.0	1019.7	-	47	
2021-02-07 19:00:00	21.1	서북서	300	9.55	26.79	1.92	6.0	2.38	7.0	7.3	북동	54	4.8	1019.7	-	44	
2021-02-07 19:05:00	29.9	북서	304	9.73	25.74	1.87	6.2	2.47	6.0	6.9	동북동	58	4.9	1019.7	-	36	
2021-02-07 19:10:00	30.4	북서	304	9.85	25.72	1.84	5.8	2.34	5.0	6.5	동북동	59	4.9	1019.7	-	34	
2021-02-07 19:15:00	30.8	북서	307	9.92	25.89	1.94	6.4	3.26	6.0	6.9	동북동	58	4.9	1019.7	-	32	
2021-02-07 19:20:00	28.1	북서	319	9.96	25.80	1.73	6.6	2.39	6.5	6.6	북동	50	5.0	1019.8	-	37	
2021-02-07 19:25:00	28.5	북서	312	9.96	25.80	1.64	6.1	1.96	6.5	6.8	북동	46	4.8	1019.8	-	42	
2021-02-07 19:30:00	29.3	북서	308	9.98	25.81	1.99	6.4	2.80	5.5	6.8	북동	54	4.8	1019.7	-	64	
2021-02-07 19:35:00	28.8	북서	312	9.99	25.77	1.87	6.4	3.06	6.0	7.2	동북동	67	4.8	1019.6	-	61	
2021-02-07 19:40:00	33.5	북서	310	9.94	25.79	1.86	6.4	2.57	6.5	7.6	북동	55	4.7	1019.7	-	37	
2021-02-07 19:45:00	28.6	북서	317	9.88	26.49	2.04	7.5	2.44	6.0	6.3	북동	52	4.7	1019.8	-	46	
2021-02-07 19:50:00	24.5	북서	310	9.81	25.77	1.65	6.0	1.91	5.5	6.1	북동	56	4.6	1019.9	-	25	
2021-02-07 19:55:00	23.8	북서	310	9.79	25.79	1.60	6.2	2.23	6.5	5.4	동북동	65	4.6	1020.0	-	49	
2021-02-07 20:00:00	27.1	북서	320	9.75	25.96	1.89	7.5	2.86	7.5	6.4	북동	54	4.9	1019.9	-	50	
2021-02-07 20:05:00	27.8	북서	318	9.80	25.83	2.11	7.1	3.10	7.0	6.9	북동	46	4.8	1019.8	-	46	
2021-02-07 20:10:00	28.8	북서	324	9.86	25.79	1.86	6.3	2.41	5.5	6.7	북동	52	4.5	1019.8	-	26	
2021-02-07 20:15:00	25.0	북서	315	9.85	25.82	1.87	6.6	2.52	6.0	6.3	북동	53	4.5	1019.9	-	60	
2021-02-07 20:20:00	28.7	북서	317	9.82	25.86	1.72	6.9	2.04	9.0	6.2	북동	53	4.6	1019.9	-	37	
2021-02-07 20:25:00	23.8	북서	309	9.79	26.01	1.95	7.0	2.48	6.0	5.6	동북동	60	4.5	1020.0	-	50	
2021-02-07 20:30:00	29.7	북서	319	9.80	25.97	2.00	6.8	2.80	6.0	5.1	북동	49	4.6	1019.9	-	51	
2021-02-07 20:35:00	24.0	북서	321	9.77	25.87	2.09	7.4	3.32	7.5	5.8	동북동	57	4.7	1019.8	-	42	
2021-02-07 20:40:00	28.0	북서	326	9.69	25.65	1.96	6.8	2.96	7.5	5.2	동북동	58	4.7	1019.9	-	56	
2021-02-07 20:45:00	25.4	북서	310	9.69	25.67	1.76	6.4	2.25	6.5	5.0	북동	54	4.9	1019.9	-	49	
2021-02-07 20:50:00	27.5	북서	323	9.66	25.68	1.88	6.8	3.06	6.5	4.8	동북동	59	4.8	1019.9	-	36	
2021-02-07 20:55:00	23.9	서북서	303	9.65	26.92	1.93	7.0	2.30	6.5	5.0	동북동	65	4.7	1019.8	-	38	
2021-02-07 21:00:00	26.2	북서	322	9.66	26.05	1.75	6.5	2.71	6.0	5.9	동북동	67	4.9	1019.7	-	27	
2021-02-07 21:05:00	22.0	북북서	340	9.68	25.82	1.88	7.1	3.17	7.0	5.8	동북동	59	4.9	1019.7	-	31	
2021-02-07 21:10:00	27.1	북서	319	9.61	25.83	1.45	5.9	1.95	7.0	5.8	북동	46	5.0	1019.8	-	52	
2021-02-07 21:15:00	22.8	북서	318	9.62	26.04	2.01	7.0	2.60	6.0	5.7	동북동	57	4.8	1019.8	-	45	
2021-02-07 21:20:00	21.8	북서	309	9.62	25.83	1.81	7.2	2.23	7.5	4.5	동북동	57	4.7	1019.8	-	38	
2021-02-07 21:25:00	17.4	북	6	9.60	25.93	1.67	6.6	2.40	5.0	3.7	북동	49	4.8	1019.9	-	50	
2021-02-07 21:30:00	29.1	북북서	329	9.60	25.87	1.63	6.5	2.18	7.0	4.0	북동	49	4.9	1019.9	-	35	
2021-02-07 21:35:00	14.5	북북서	330	9.60	26.40	1.58	6.8	2.36	6.5	3.6	북북동	29	4.8	1019.9	-	44	
2021-02-07 21:40:00	13.1	북북서	334	9.62	26.50	1.91	7.2	2.33	7.5	1.4	북	356	4.9	1020.0	-	42	
2021-02-07 21:45:00	11.1	북	349	9.63	26.09	1.38	6.8	1.63	7.5	1.2	북	6	4.8	1020.0	-	61	
2021-02-07 21:50:00	24.6	북북서	330	9.63	26.15	1.45	6.6	2.28	6.5	2.5	동북동	61	4.7	1020.0	-	62	
2021-02-07 21:55:00	11.7	북서	321	9.63	25.64	1.63	6.3	2.82	6.5	2.5	동북동	58	4.7	1020.0	-	48	
2021-02-07 22:00:00	26.0	북서	311	9.65	25.47	1.58	6.6	2.35	6.0	2.5	서	274	4.8	1020.1	-	53	
2021-02-07 22:05:00	26.1	북북서	334	9.65	25.69	1.39	6.6	2.25	6.5	3.0	서	278	4.5	1020.1	-	74	
2021-02-07 22:10:00	29.1	북서	313	9.67	25.85	1.69	6.9	2.09	6.0	3.4	서북서	283	4.3	1020.2	-	52	
2021-02-07 22:15:00	26.9	북북서	342	9.66	25.68	1.70	6.8	1.99	7.0	4.2	서북서	287	4.0	1020.2	-	43	
2021-02-07 22:20:00	23.0	서북서	293	9.65	25.62	1.42	6.2	1.83	6.5	3.9	서북서	284	4.0	1020.2	-	60	
2021-02-07 22:25:00	28.4	북북서	335	9.67	25.63	1.36	6.6	1.73	6.0	4.3	서북서	296	3.8	1020.2	-	60	
2021-02-07 22:30:00	22.2	북서	326	9.65	25.77	1.64	6.4	2.29	6.5	3.4	서북서	290	3.9	1020.2	-	47	
2021-02-07 22:35:00	22.6	북북서	339	9.64	25.81	1.62	7.2	2.05	7.5	4.2	서	279	3.9	1020.2	-	30	
2021-02-07 22:40:00	30.8	북북서	331	9.64	25.74	1.57	6.7	2.17	5.5	4.7	서북서	288	4.0	1020.2	-	30	
2021-02-07 22:45:00	14.0	북서	323	9.64	27.41	1.52	6.7	2.04	6.5	4.1	서북서	293	4.0	1020.2	-	56	
2021-02-07 22:50:00	18.2	북북서	341	9.64	25.82	1.58	7.3	2.08	6.0	4.2	서북서	294	3.9	1020.2	-	67	
2021-02-07 22:55:00	40.2	북북서	338	9.61	25.80	1.47	6.6	2.21	6.5	3.9	서북서	292	3.9	1020.2	-	49	
2021-02-07 23:00:00	30.1	북	2	9.59	25.65	1.59	6.6	1.91	6.5	4.4	서북서	287	3.8	1020.3	-	33	
2021-02-07 23:05:00	26.9	북북서	338	9.57	25.78	1.53	6.9	1.99	8.5	4.4	서북서	294	3.8	1020.2	-	42	
2021-02-07 23:10:00	26.2	북서	323	9.57	25.69	1.41	6.5	1.96	8.0	4.4	서북서	294	4.0	1020.2	-	62	
2021-02-07 23:15:00	33.2	북	351	9.57	25.73	1.47	7.1	1.76	7.5	5.4	서북서	303	3.9	1020.3	-	36	
2021-02-07 23:20:00	17.0	북서	304	9.56	25.78	1.34	6.4	1.67	6.5	5.4	북서	311	3.8	1020.3	-	49	
2021-02-07 23:25:00	22.3	북서	318	9.55	25.74	1.56	6.7	2.03	6.5	4.3	북서	305	3.7	1020.4	-	56	
2021-02-07 23:30:00	24.4	북서	324	9.55	25.66	1.55	6.6	2.51	6.0	4.9	서북서	294	3.6	1020.4	-	40	
2021-02-07 23:35:00	34.0	북	353	9.57	25.70	1.55	7.1	1.94	5.5	4.9	서북서	290	3.6	1020.4	-	61	
2021-02-07 23:40:00	36.0	북	350	9.56	25.75	1.49	7.1	2.13	7.0	4.6	서북서	290	3.4	1020.4	-	29	
2021-02-07 23:45:00	26.2	북북서	327	9.57	25.82	1.42	6.9	1.82	8.0	4.3	서북서	298	3.3	1020.4	-	71	
2021-02-07 23:50:00	16.5	북북서	339	9.58	25.74	1.63	7.1	2.06	7.0	3.9	서북서	290	3.2	1020.4	-	44	
2021-02-07 23:55:00	29.6	북북서	341	9.57	25.66	1.74	7.1	2.27	7.5	4.1	서북서	288	3.1	1020.4	-	39	
2021-02-08 00:00:00	10.8	북동	35	9.59	25.69	1.74	6.9	2.16	8.0	3.8	북서	310	3.1	1020.5	-	41	
2021-02-08 00:05:00	33.2	북	3	9.65	25.65	1.52	7.2	1.89	7.0	4.7	서북서	299	3.2	1020.5	-	44	
2021-02-08 00:10:00	22.2	북북서	343	9.68	27.35	1.49	7.0	2.12	8.0	4.2	서북서	295	3.1	1020.6	-	39	
2021-02-08 00:15:00	24.5	북서	304	9.73	25.67	1.38	6.9	2.33	6.0	4.4	북서	305	3.1	1020.7	-	20	
2021-02-08 00:20:00	30.9	북	356	9.76	25.81	1.27	6.5	1.84	6.5	5.5	북서	310	3.2	1020.7	-	59	
2021-02-08 00:25:00	19.3	북서	312	9.78	25.54	1.38	6.8	1.71	5.5	5.5	북서	313	3.4	1020.7	-	30	
2021-02-08 00:30:00	31.1	북서	318	9.97	25.84	1.34	6.2	1.89	6.5	6.2	북서	308	3.3	1020.7	-	57	
2021-02-08 00:35:00	26.0	북서	313	10.17	25.76	1.39	6.4	2.25	6.0	6.7	북서	312	3.3	1020.8	-	61	
2021-02-08 00:40:00	21.1	북북서	327	10.25	25.65	1.43	7.6	2.20	6.0	6.6	북서	312	3.3	1020.8	-	41	
2021-02-08 00:45:00	23.8	북서	326	10.25	25.57	1.49	6.8	1.82	7.0	6.6	북서	315	3.5	1020.9	-	50	
2021-02-08 00:50:00	22.8	북북서	336	10.26	25.59	1.26	6.3	1.67	6.5	7.2	북서	308	3.4	1020.9	-	61	
2021-02-08 00:55:00	20.6	북북서	346	10.23	25.67	1.48	8.1	2.16	8.0	8.0	북서	317	3.4	1020.9	-	39	
2021-02-08 01:00:00	18.4	북북서	336	10.23	25.65	1.32	6.6	1.78	7.0	7.4	북서	307	3.1	1020.9	-	55	
2021-02-08 01:05:00	19.0	북북서	332	10.28	25.67	1.33	6.7	1.69	7.5	8.3	북서	317	3.2	1021.0	-	56	
2021-02-08 01:10:00	21.4	북서	322	10.31	25.68	1.19	6.8	1.69	6.0	9.8	북북서	336	3.9	1020.9	-	58	
2021-02-08 01:15:00	23.4	북북서	330	10.32	25.71	1.72	6.6	2.17	8.0	10.8	북	349	3.8	1020.8	-	62	
2021-02-08 01:20:00	23.5	북서	318	10.32	25.72	1.46	7.2	1.87	7.0	11.0	북북서	342	3.8	1020.9	-	18	
2021-02-08 01:25:00	22.0	북서	320	10.31	25.69	1.62	6.7	2.12	6.0	10.3	북북서	328	3.7	1020.9	-	28	
2021-02-08 01:30:00	16.5	북서	316	10.30	25.69	1.53	6.4	1.99	7.0	8.9	북북서	330	3.6	1021.0	-	21	
2021-02-08 01:35:00	19.3	북서	309	10.39	25.62	1.85	7.2	2.89	7.0	9.3	북북서	328	3.6	1021.0	-	42	
2021-02-08 01:40:00	17.3	북북서	333	10.41	25.62	1.36	6.5	1.81	8.0	9.2	북북서	327	3.5	1021.0	-	54	
2021-02-08 01:45:00	15.5	북서	313	10.38	25.62	1.82	6.6	2.65	6.5	8.7	북서	312	3.4	1021.0	-	30	
2021-02-08 01:50:00	12.3	서북서	294	10.41	26.56	1.66	6.5	2.24	7.5	6.4	북서	309	3.0	1021.1	-	57	
2021-02-08 01:55:00	16.8	북서	307	10.37	25.66	1.44	5.9	1.70	7.5	6.3	북서	304	2.6	1021.1	-	56	
2021-02-08 02:00:00	14.3	북서	315	10.38	25.76	1.75	6.4	2.35	7.0	6.8	서북서	301	2.5	1021.1	-	20	
2021-02-08 02:05:00	16.2	북서	317	10.40	25.74	1.68	6.6	2.25	5.5	7.1	서북서	293	2.4	1021.1	-	29	
2021-02-08 02:10:00	15.4	북서	307	10.42	26.14	1.64	6.7	1.99	8.5	7.1	서북서	293	2.3	1021.2	-	57	
2021-02-08 02:15:00	21.0	북서	310	10.49	26.27	1.74	6.0	2.51	6.0	6.5	서북서	288	2.1	1021.3	-	65	
2021-02-08 02:20:00	26.7	북서	310	10.49	26.28	1.31	6.5	1.59	4.0	6.6	서북서	292	2.2	1021.3	-	38	
2021-02-08 02:25:00	19.4	서북서	291	10.50	26.43	1.55	6.1	2.05	7.0	5.9	서북서	296	2.2	1021.3	-	11	
2021-02-08 02:30:00	23.6	북서	305	10.48	26.44	1.59	7.5	2.12	8.5	6.3	서북서	299	2.2	1021.4	-	60	
2021-02-08 02:35:00	19.7	북서	318	10.54	26.30	1.61	6.4	2.31	6.0	5.7	서북서	291	2.1	1021.5	-	52	
2021-02-08 02:40:00	24.1	북북서	335	10.52	26.29	1.64	6.3	2.16	6.0	5.8	서북서	292	1.7	1021.4	-	48	
2021-02-08 02:45:00	24.9	북북서	331	10.55	26.34	1.39	5.9	1.91	6.0	6.1	서북서	294	1.6	1021.3	-	357	
2021-02-08 02:50:00	21.4	북북서	329	10.58	26.35	1.35	6.4	1.97	7.0	6.0	서북서	297	1.7	1021.3	-	4	
2021-02-08 02:55:00	22.5	북서	324	10.60	26.29	1.48	6.5	1.81	6.5	6.1	서북서	293	1.6	1021.4	-	44	
2021-02-08 03:00:00	17.7	북북서	333	10.59	26.29	1.47	6.5	2.21	6.5	4.7	서북서	300	1.7	1021.4	-	38	
2021-02-08 03:05:00	19.7	북	349	10.54	26.25	1.40	6.7	1.94	5.5	4.5	서북서	288	1.7	1021.5	-	60	
2021-02-08 03:10:00	12.5	서북서	288	10.50	26.28	1.43	6.2	2.14	6.5	4.4	서	263	1.7	1021.6	-	52	
2021-02-08 03:15:00	18.8	서북서	295	10.51	26.34	1.60	5.8	2.33	5.5	4.0	서남서	249	1.3	1021.6	-	45	
2021-02-08 03:20:00	15.3	북서	322	10.47	26.86	1.43	6.0	2.27	6.0	3.8	서남서	256	1.4	1021.6	-	25	
2021-02-08 03:25:00	13.3	북서	322	10.48	26.39	1.65	6.1	2.63	6.0	4.6	서	259	1.6	1021.6	-	34	
2021-02-08 03:30:00	12.2	북서	314	10.54	26.66	1.45	6.5	2.04	7.5	4.7	서남서	258	1.8	1021.6	-	41	
2021-02-08 03:35:00	21.4	북북서	327	10.56	26.63	1.38	6.3	2.08	7.0	3.7	서남서	238	1.9	1021.6	-	30	
2021-02-08 03:40:00	21.3	북서	322	10.59	26.27	0.96	6.0	1.21	7.0	2.9	서남서	252	1.8	1021.6	-	13	
2021-02-08 03:45:00	14.0	북서	312	10.59	26.08	1.20	7.0	1.51	6.5	2.4	서남서	254	1.6	1021.5	-	60	
2021-02-08 03:50:00	19.5	서북서	286	10.61	26.91	1.29	6.1	1.73	6.5	2.0	서남서	254	1.6	1021.5	-	6	
2021-02-08 03:55:00	16.6	북서	307	10.64	27.15	1.12	6.1	1.59	6.5	1.5	남서	223	1.4	1021.5	-	11	
2021-02-08 04:00:00	6.8	서	268	10.66	26.56	1.36	6.5	2.01	6.5	2.3	서남서	242	1.2	1021.5	-	46	
2021-02-08 04:05:00	13.7	서남서	248	10.64	26.54	1.33	6.3	2.13	5.5	2.9	서남서	239	1.0	1021.4	-	53	
2021-02-08 04:10:00	4.0	북북동	20	10.62	27.51	1.70	6.1	2.12	6.5	3.2	서남서	251	1.0	1021.4	-	20	
2021-02-08 04:15:00	9.5	서북서	289	10.63	26.25	1.03	6.3	1.33	6.5	3.7	서	259	1.0	1021.4	-	65	
2021-02-08 04:20:00	11.2	북서	326	10.59	26.17	1.41	6.0	2.52	6.0	4.2	서	263	1.1	1021.5	-	17	
2021-02-08 04:25:00	13.0	서	266	10.58	26.04	1.27	6.5	1.51	7.0	4.1	서	261	1.1	1021.5	-	353	
2021-02-08 04:30:00	10.6	북	11	10.60	25.69	1.44	6.7	1.83	7.0	3.8	서남서	250	1.0	1021.5	-	17	
2021-02-08 04:35:00	18.1	북서	311	10.54	25.77	1.31	6.8	1.93	7.5	3.9	서남서	250	0.9	1021.5	-	63	
2021-02-08 04:40:00	8.3	북동	54	10.53	26.69	1.39	6.0	2.04	6.5	3.6	서남서	242	0.9	1021.5	-	51	
2021-02-08 04:45:00	9.6	북	356	10.47	26.45	1.22	6.3	1.72	5.5	4.2	서남서	248	0.8	1021.5	-	49	
2021-02-08 04:50:00	9.8	서	260	10.47	26.85	1.19	6.5	1.73	6.0	3.9	서남서	252	0.7	1021.5	-	58	
2021-02-08 04:55:00	8.5	북서	309	10.42	26.95	1.37	6.2	1.76	6.0	3.5	서남서	248	0.6	1021.6	-	17	
2021-02-08 05:00:00	7.4	북서	316	10.40	26.58	1.54	6.6	2.08	6.5	3.5	서남서	248	0.7	1021.6	-	51	
2021-02-08 05:05:00	13.2	서북서	287	10.32	26.50	1.36	6.8	1.79	7.0	3.5	서남서	241	0.5	1021.6	-	51	
2021-02-08 05:10:00	22.3	북	360	10.26	26.43	1.24	6.0	1.71	7.0	3.3	서남서	252	0.5	1021.6	-	62	
2021-02-08 05:15:00	15.9	북북서	329	10.26	26.57	1.09	6.2	1.55	6.0	3.7	서남서	247	0.4	1021.6	-	54	
2021-02-08 05:20:00	8.9	북동	45	10.22	26.41	1.24	6.4	1.61	6.5	3.2	서남서	253	0.3	1021.6	-	25	
2021-02-08 05:25:00	4.9	북서	324	10.21	27.20	1.23	5.9	1.53	6.0	3.7	서남서	248	0.2	1021.6	-	53	
2021-02-08 05:30:00	6.9	북동	34	10.16	26.33	1.01	6.8	1.30	6.5	3.3	서남서	249	0.4	1021.6	-	57	
2021-02-08 05:35:00	12.0	북	11	10.12	26.40	1.26	6.0	1.81	6.5	2.9	서남서	252	0.4	1021.7	-	42	
2021-02-08 05:40:00	25.2	북	358	10.08	26.41	1.24	6.8	1.48	6.0	3.1	서남서	246	0.3	1021.6	-	45	
2021-02-08 05:45:00	15.0	북북동	24	10.04	26.40	1.22	6.3	1.89	5.5	3.9	남서	236	0.2	1021.6	-	35	
2021-02-08 05:50:00	39.3	북	9	10.00	25.86	1.22	6.3	1.70	6.0	4.0	남서	236	0.1	1021.6	-	47	
2021-02-08 05:55:00	17.6	북	356	9.97	25.85	1.21	6.9	1.84	6.5	3.3	서남서	244	0.0	1021.5	-	32	
2021-02-08 06:00:00	14.3	북북서	334	9.95	25.80	1.32	6.5	1.91	7.0	3.0	서남서	255	0.0	1021.5	-	49	
2021-02-08 06:05:00	13.0	북동	41	9.90	25.77	1.27	6.4	1.80	6.5	3.0	서	263	0.1	1021.5	-	36	
2021-02-08 06:10:00	3.8	동북동	70	9.86	25.77	1.25	6.5	1.62	6.0	3.3	서	269	0.3	1021.5	-	28	
2021-02-08 06:15:00	18.8	북	2	9.80	26.04	1.29	6.5	1.62	6.0	5.3	북서	306	0.8	1021.5	-	13	
2021-02-08 06:20:00	9.2	서북서	292	9.75	25.68	1.24	6.3	1.85	6.5	6.0	북서	308	1.0	1021.5	-	49	
2021-02-08 06:25:00	16.5	북	9	9.73	25.93	1.08	6.3	1.54	9.0	6.3	북서	309	1.1	1021.5	-	54	
2021-02-08 06:30:00	7.4	서북서	286	9.70	26.11	1.23	6.0	1.87	6.0	6.0	북서	309	0.9	1021.5	-	26	
2021-02-08 06:35:00	7.4	북서	306	9.69	26.15	1.17	6.1	1.48	6.0	5.8	북서	304	1.0	1021.6	-	8	
2021-02-08 06:40:00	2.6	서북서	284	9.65	26.11	1.21	6.7	1.55	7.0	5.7	서북서	301	0.8	1021.7	-	45	
2021-02-08 06:45:00	8.4	서북서	300	9.66	26.37	1.22	6.5	1.46	8.5	5.7	서북서	293	0.9	1021.7	-	34	
2021-02-08 06:50:00	5.3	서북서	297	9.64	26.27	1.06	6.5	1.77	6.5	5.4	서북서	302	1.0	1021.8	-	9	
2021-02-08 06:55:00	10.9	서북서	291	9.65	25.91	1.23	6.8	1.65	5.5	5.3	북서	307	1.0	1021.8	-	9	
2021-02-08 07:00:00	14.9	북북서	336	9.65	25.82	1.28	6.5	1.76	7.0	5.4	북서	309	1.0	1021.9	-	39	
2021-02-08 07:05:00	11.7	북서	311	9.63	25.78	1.37	7.0	1.61	5.5	4.9	북서	317	1.0	1022.0	-	45	
2021-02-08 07:10:00	13.6	북서	325	9.70	25.85	1.52	6.5	1.87	5.0	6.3	북서	324	1.0	1022.1	-	53	
2021-02-08 07:15:00	14.3	서북서	290	9.70	25.82	1.23	6.7	1.43	6.0	5.9	북서	322	1.1	1022.1	-	48	
2021-02-08 07:20:00	16.0	서북서	289	9.74	25.75	1.35	6.1	2.05	6.5	6.1	북서	323	0.9	1022.2	-	25	
2021-02-08 07:25:00	15.4	서남서	253	9.93	25.74	1.28	5.8	1.63	5.5	5.7	북서	309	0.9	1022.4	-	3	
2021-02-08 07:30:00	12.8	서북서	285	9.98	26.02	1.14	5.6	1.50	6.0	5.1	북북서	327	0.7	1022.4	-	4	
2021-02-08 07:35:00	13.0	북북서	336	9.98	25.61	1.36	6.1	1.78	6.0	5.0	북서	319	0.7	1022.5	-	41	
2021-02-08 07:40:00	11.7	북서	304	10.00	25.61	1.36	6.0	1.68	6.0	4.8	북서	322	0.8	1022.5	-	54	
2021-02-08 07:45:00	21.7	서	270	9.98	25.66	1.15	6.0	1.76	6.0	4.2	서북서	302	0.8	1022.7	-	39	
2021-02-08 07:50:00	11.8	북	352	9.98	25.59	1.42	6.3	2.06	5.5	5.3	북서	308	0.7	1022.7	-	28	
2021-02-08 07:55:00	9.9	북서	317	9.95	25.61	1.11	6.5	1.58	6.0	4.8	북서	304	0.5	1022.7	-	32	
2021-02-08 08:00:00	5.1	남서	234	9.94	25.51	1.26	6.1	2.02	6.0	4.8	서북서	298	0.5	1022.8	-	4	
2021-02-08 08:05:00	12.6	북서	317	9.92	25.56	1.07	6.0	1.64	5.5	5.1	북서	312	0.7	1022.9	-	103	
2021-02-08 08:10:00	13.7	북서	322	9.88	25.56	1.10	6.8	1.61	5.5	4.8	서북서	299	0.7	1023.0	-	43	
2021-02-08 08:15:00	17.1	서북서	290	9.88	25.57	1.23	5.9	1.73	6.0	4.6	서북서	289	0.5	1023.0	-	34	
2021-02-08 08:20:00	17.0	서북서	291	9.89	25.58	1.10	6.1	1.48	4.5	4.4	서북서	291	0.5	1023.0	-	40	
2021-02-08 08:25:00	1.9	북	355	9.89	25.63	1.25	6.1	1.93	5.0	4.7	서북서	300	0.6	1023.1	-	36	
2021-02-08 08:30:00	14.5	북북서	328	9.87	25.58	1.15	6.4	1.46	6.5	4.5	서북서	290	0.5	1023.2	-	34	
2021-02-08 08:35:00	21.2	북북서	348	9.84	25.55	1.02	6.2	1.28	5.5	4.0	서북서	291	0.5	1023.1	-	45	
2021-02-08 08:40:00	23.2	서북서	303	9.82	25.55	1.19	6.3	1.39	5.5	4.1	서북서	299	0.6	1023.2	-	23	
2021-02-08 08:45:00	8.3	북	5	9.97	25.60	1.10	5.8	1.80	5.5	4.9	서북서	292	0.8	1023.2	-	358	
2021-02-08 08:50:00	20.8	북북서	333	10.02	26.57	1.30	6.2	1.85	7.0	5.7	서북서	294	0.9	1023.2	-	47	
2021-02-08 08:55:00	19.4	북서	312	9.92	26.47	1.19	6.5	1.85	6.5	6.2	서북서	301	1.0	1023.3	-	75	
2021-02-08 09:00:00	25.7	북북서	343	9.94	26.22	1.15	5.6	1.49	6.0	7.3	서북서	295	1.0	1023.2	-	20	
2021-02-08 09:05:00	25.2	북	358	9.85	26.62	1.12	5.8	1.94	6.0	7.1	서북서	297	1.1	1023.3	-	52	
2021-02-08 09:10:00	10.0	북북서	335	9.84	26.66	1.21	6.4	1.72	6.5	6.9	서북서	299	1.2	1023.4	-	15	
2021-02-08 09:15:00	19.6	북	351	9.84	26.47	1.19	6.6	1.64	7.5	6.8	서북서	303	1.2	1023.4	-	25	
2021-02-08 09:20:00	14.7	북북서	335	9.83	26.25	1.17	5.9	1.49	6.0	6.7	서북서	298	1.2	1023.5	-	14	
2021-02-08 09:25:00	9.2	북북서	336	9.84	25.83	1.22	6.4	1.49	7.5	7.1	서북서	294	1.3	1023.6	-	66	
2021-02-08 09:30:00	11.1	북	3	9.83	26.39	1.20	6.6	1.73	6.0	6.9	북서	307	1.3	1023.7	-	38	
2021-02-08 09:35:00	16.9	북동	37	9.84	25.79	1.28	6.0	1.99	6.5	5.8	북서	305	1.3	1023.7	-	1	
2021-02-08 09:40:00	8.7	북북동	15	9.84	25.85	1.18	6.3	1.60	5.5	5.5	서북서	294	1.3	1023.6	-	46	
2021-02-08 09:45:00	14.1	서북서	300	9.81	25.78	1.14	6.9	1.55	6.5	4.9	서북서	299	1.4	1023.6	-	30	
2021-02-08 09:50:00	15.7	북동	43	9.80	25.36	1.22	6.3	1.59	6.5	5.2	서북서	290	1.5	1023.6	-	35	
2021-02-08 09:55:00	20.7	북	6	9.77	25.83	1.27	6.3	1.79	5.5	6.0	서북서	303	1.4	1023.5	-	46	
2021-02-08 10:00:00	9.1	북동	46	9.74	25.87	1.17	6.1	1.43	6.0	7.0	북서	311	1.5	1023.6	-	16	
2021-02-08 10:05:00	11.2	북북동	12	9.69	25.61	1.20	6.0	1.56	5.5	6.8	북서	319	1.6	1023.6	-	52	
2021-02-08 10:10:00	16.7	북	11	9.71	25.65	1.19	6.2	1.44	5.5	6.8	북서	320	1.5	1023.7	-	41	
2021-02-08 10:15:00	8.7	북동	35	9.74	25.74	1.28	6.1	1.94	6.0	7.5	북서	324	1.6	1023.6	-	33	
2021-02-08 10:20:00	11.6	북북동	17	9.71	25.80	1.06	6.5	1.45	5.0	5.9	북서	322	1.6	1023.8	-	41	
2021-02-08 10:25:00	1.0	남동	135	9.66	25.96	1.25	6.4	1.60	5.5	5.5	북북서	338	1.7	1023.8	-	39	
2021-02-08 10:30:00	6.7	동북동	57	9.64	25.87	1.30	6.0	1.68	6.0	7.1	북서	320	1.9	1023.7	-	11	
2021-02-08 10:35:00	5.5	동북동	70	9.62	25.91	1.28	6.3	1.78	5.5	8.1	북북서	336	1.6	1023.8	-	13	
2021-02-08 10:40:00	10.0	동남동	104	9.60	25.64	1.10	5.7	1.62	6.0	6.1	북	349	1.4	1024.0	-	3	
2021-02-08 10:45:00	4.9	동북동	68	9.58	25.82	1.18	5.5	1.55	5.0	7.3	북북서	338	1.5	1024.0	-	33	
2021-02-08 10:50:00	6.4	동북동	78	9.53	25.85	1.15	6.3	1.84	5.5	8.4	북북서	348	1.4	1024.0	-	40	
2021-02-08 10:55:00	2.5	북동	41	9.52	25.88	1.24	6.5	1.80	6.5	8.8	북	355	1.5	1024.0	-	21	
2021-02-08 11:00:00	8.1	동남동	108	9.50	25.82	1.17	6.1	1.84	6.5	8.1	북	351	1.4	1024.0	-	25	
2021-02-08 11:05:00	1.1	동북동	60	9.48	25.87	1.33	6.4	2.17	7.0	8.7	북북서	347	1.4	1024.0	-	35	
2021-02-08 11:10:00	7.2	서북서	292	9.45	25.79	1.17	5.3	1.57	4.5	8.1	북	351	1.4	1024.0	-	21	
2021-02-08 11:15:00	3.4	남남동	169	9.44	25.85	1.23	6.3	1.70	6.5	8.2	북	0	1.2	1024.1	-	42	
2021-02-08 11:20:00	9.5	서북서	287	9.48	25.81	1.39	6.1	1.87	5.0	8.4	북	350	1.2	1024.2	-	14	
2021-02-08 11:25:00	6.5	남남서	196	9.51	25.90	1.42	6.2	1.96	5.0	8.9	북	350	1.3	1024.1	-	15	
2021-02-08 11:30:00	12.1	남남서	212	9.60	25.93	1.30	5.8	2.15	5.5	9.3	북	352	1.3	1024.2	-	28	
2021-02-08 11:35:00	12.4	서남서	243	9.67	25.82	1.22	6.2	1.80	6.0	8.5	북	2	1.2	1024.2	-	22	
2021-02-08 11:40:00	9.2	남서	232	9.70	25.72	1.31	5.4	1.80	6.5	9.1	북	357	1.4	1024.2	-	26	
2021-02-08 11:45:00	11.1	서	273	9.68	25.81	1.28	6.1	1.92	6.0	9.1	북	1	1.3	1024.2	-	20	
2021-02-08 11:50:00	17.0	서남서	246	9.65	25.82	1.22	5.9	1.85	6.5	9.0	북북동	15	1.2	1024.1	-	25	
2021-02-08 11:55:00	18.1	서남서	241	10.04	25.94	1.32	5.9	1.69	5.5	8.2	북북동	13	1.3	1024.1	-	7	
2021-02-08 12:00:00	17.2	서북서	284	10.30	25.71	1.41	5.9	1.99	6.0	8.6	북	6	1.3	1024.1	-	28	
2021-02-08 12:05:00	17.7	서북서	287	10.40	25.81	1.36	5.7	1.95	7.0	8.7	북	7	1.3	1024.0	-	4	
2021-02-08 12:10:00	8.9	서	269	10.48	25.69	1.16	5.4	1.42	5.0	8.2	북	9	1.3	1024.0	-	36	
2021-02-08 12:15:00	11.0	남서	223	10.49	25.82	1.38	6.3	1.89	6.0	8.1	북	7	1.3	1023.9	-	358	
2021-02-08 12:20:00	9.0	서	270	10.49	25.81	1.36	5.8	2.05	5.5	8.0	북	3	1.6	1023.9	-	24	
2021-02-08 12:25:00	18.9	북서	305	10.55	26.07	1.55	6.6	2.25	6.5	7.5	북북동	14	1.4	1023.9	-	14	
2021-02-08 12:30:00	8.4	서남서	237	10.60	25.85	1.25	5.8	1.70	6.0	8.4	북	10	1.3	1023.9	-	18	
2021-02-08 12:35:00	12.7	서	266	10.64	25.94	1.35	6.4	2.05	6.5	8.4	북	5	1.1	1023.9	-	31	
2021-02-08 12:40:00	4.7	남남서	192	10.66	25.82	1.57	6.3	2.20	6.0	8.6	북북동	13	1.4	1023.8	-	5	
2021-02-08 12:45:00	17.4	서	268	10.69	25.92	1.44	5.6	1.65	5.0	7.9	북북동	12	1.4	1023.8	-	358	
2021-02-08 12:50:00	2.4	북북동	23	10.70	26.01	1.76	6.0	2.62	5.5	8.6	북북동	16	1.7	1023.7	-	34	
2021-02-08 12:55:00	14.9	서	278	10.70	26.03	1.58	6.1	2.41	5.0	9.1	북북동	16	1.6	1023.7	-	43	
2021-02-08 13:00:00	5.9	남서	215	10.70	25.82	1.69	6.1	2.39	6.5	8.0	북	6	1.4	1023.8	-	18	
2021-02-08 13:05:00	14.6	북서	314	10.71	25.94	1.50	5.9	2.41	5.5	8.3	북	8	1.3	1023.8	-	33	
2021-02-08 13:10:00	6.0	서남서	254	10.74	25.83	1.37	6.0	2.05	5.5	9.1	북	6	1.3	1023.7	-	34	
2021-02-08 13:15:00	5.0	서남서	249	10.74	25.90	1.59	5.9	2.22	7.0	8.8	북	4	1.6	1023.7	-	37	
2021-02-08 13:20:00	4.9	서북서	283	10.75	25.97	1.28	6.0	1.62	5.5	9.5	북북동	13	1.7	1023.7	-	18	
2021-02-08 13:25:00	12.3	서북서	290	10.75	25.99	1.32	6.1	1.85	6.5	9.8	북	6	1.4	1023.7	-	28	
2021-02-08 13:30:00	9.5	서남서	252	10.74	25.98	1.81	6.3	2.78	6.5	9.8	북	8	1.4	1023.6	-	44	
2021-02-08 13:35:00	10.4	서북서	291	10.74	25.72	1.78	6.4	2.58	6.5	9.5	북	8	1.4	1023.6	-	18	
2021-02-08 13:40:00	13.1	서남서	253	10.72	25.84	1.44	5.8	1.89	6.0	10.7	북	6	1.3	1023.6	-	71	
2021-02-08 13:45:00	9.0	서남서	253	10.71	26.47	1.37	6.3	1.86	5.5	10.1	북	8	0.9	1023.7	-	11	
2021-02-08 13:50:00	16.6	서	265	10.69	26.34	1.41	5.8	1.89	6.5	10.1	북북동	12	1.0	1023.6	-	12	
2021-02-08 13:55:00	16.3	서남서	241	10.62	26.27	1.79	6.1	2.34	6.0	10.5	북	4	0.9	1023.6	-	20	
2021-02-08 14:00:00	12.9	서남서	243	10.56	26.19	1.84	5.8	2.51	6.5	10.1	북	358	0.8	1023.7	-	26	
2021-02-08 14:05:00	11.2	서남서	254	10.51	26.44	1.60	5.5	2.56	6.5	11.1	북	6	0.9	1023.7	-	350	
2021-02-08 14:10:00	8.5	서남서	253	10.47	26.36	1.51	5.5	1.99	6.0	10.3	북	2	0.7	1023.7	-	353	
2021-02-08 14:15:00	5.4	서남서	255	10.45	26.57	1.87	6.4	2.63	7.5	10.3	북	2	0.8	1023.7	-	358	
2021-02-08 14:20:00	7.8	서남서	252	10.47	26.15	1.37	6.0	2.12	6.0	10.0	북	351	0.9	1023.8	-	347	
2021-02-08 14:25:00	8.5	서남서	240	10.46	26.23	1.91	6.2	2.82	6.0	10.0	북	354	0.9	1023.8	-	20	
2021-02-08 14:30:00	12.5	남남서	202	10.38	26.14	1.42	6.2	1.70	6.5	10.3	북	10	0.9	1023.7	-	23	
2021-02-08 14:35:00	6.2	남서	229	10.38	26.35	1.79	6.1	2.34	5.5	9.4	북	357	1.2	1023.7	-	10	
2021-02-08 14:40:00	11.3	서남서	246	10.37	26.25	1.64	6.0	2.01	7.0	9.2	북	357	1.3	1023.6	-	6	
2021-02-08 14:45:00	9.2	남서	224	10.35	26.66	1.77	6.7	2.88	5.5	9.6	북	0	1.2	1023.6	-	18	
2021-02-08 14:50:00	7.5	서남서	237	10.35	26.42	1.93	6.3	2.47	6.0	9.2	북	356	1.3	1023.6	-	6	
2021-02-08 14:55:00	1.3	남	170	10.35	26.35	1.71	5.9	2.31	6.0	10.0	북	358	1.1	1023.6	-	3	
2021-02-08 15:00:00	8.4	서남서	250	10.36	26.31	1.78	5.8	2.43	5.5	10.4	북	356	1.0	1023.6	-	354	
2021-02-08 15:05:00	7.2	서	264	10.39	26.35	1.67	6.2	2.50	6.0	9.9	북	358	1.2	1023.7	-	351	
2021-02-08 15:10:00	7.9	남남동	166	10.42	26.03	1.69	6.1	2.31	6.5	9.9	북북서	347	1.3	1023.6	-	347	
2021-02-08 15:15:00	8.1	남남동	163	10.54	26.62	1.68	5.8	2.34	6.0	8.9	북	1	1.5	1023.6	-	353	
2021-02-08 15:20:00	10.6	서남서	255	10.58	26.31	2.09	6.5	2.52	6.0	9.0	북	349	1.6	1023.7	-	8	
2021-02-08 15:25:00	8.3	남남서	206	10.59	26.34	1.69	5.9	2.64	5.5	8.7	북	349	1.6	1023.8	-	7	
2021-02-08 15:30:00	7.4	서남서	242	10.58	26.36	1.75	5.8	2.43	7.0	9.2	북	354	1.4	1023.7	-	356	
2021-02-08 15:35:00	8.3	서	265	10.60	26.31	1.80	6.2	2.39	6.0	8.4	북	350	1.4	1023.8	-	17	
2021-02-08 15:40:00	3.8	남서	214	10.60	26.18	1.63	6.3	2.46	7.0	9.0	북북서	347	1.5	1023.8	-	9	
2021-02-08 15:45:00	9.4	서남서	252	10.59	26.66	1.79	6.4	2.52	6.0	9.0	북북서	343	1.5	1023.9	-	19	
2021-02-08 15:50:00	8.0	서남서	238	10.57	26.27	1.62	5.8	2.05	6.0	8.7	북	350	1.6	1023.9	-	350	
2021-02-08 15:55:00	4.8	동북동	58	10.58	26.25	1.59	6.4	2.05	6.5	8.3	북북서	341	1.6	1024.0	-	11	
2021-02-08 16:00:00	4.8	서남서	242	10.55	26.05	1.56	6.6	2.19	6.5	8.3	북북서	338	1.5	1024.1	-	13	
2021-02-08 16:05:00	4.2	남남동	159	10.55	26.21	1.70	5.4	2.29	6.0	8.1	북북서	345	1.5	1024.1	-	1	
2021-02-08 16:10:00	6.6	남서	227	10.55	26.62	1.90	6.5	2.40	6.5	7.6	북	357	1.8	1024.0	-	4	
2021-02-08 16:15:00	9.4	남서	224	10.60	26.30	1.78	6.5	2.05	5.0	8.4	북북서	344	1.8	1023.9	-	4	
2021-02-08 16:20:00	8.4	서남서	257	10.62	26.25	1.86	6.5	2.81	6.0	7.5	북북서	345	1.7	1024.0	-	5	
2021-02-08 16:25:00	9.7	남	182	10.62	26.26	1.57	5.9	2.07	6.5	6.8	북북서	347	1.7	1024.1	-	344	
2021-02-08 16:30:00	13.6	남	171	10.62	26.12	1.95	5.8	2.87	5.5	7.0	북	356	1.6	1024.1	-	354	
2021-02-08 16:35:00	6.5	남서	216	10.60	26.33	1.69	6.1	2.16	6.0	7.4	북	355	2.0	1024.0	-	357	
2021-02-08 16:40:00	11.8	서	277	10.60	26.31	1.99	6.3	2.61	6.5	7.0	북북서	345	1.8	1024.1	-	10	
2021-02-08 16:45:00	8.1	서	275	10.59	26.26	1.45	6.1	1.85	6.5	7.0	북	349	1.7	1024.0	-	20	
2021-02-08 16:50:00	6.8	서북서	300	10.59	26.36	1.52	6.1	1.75	6.0	7.1	북북서	342	1.7	1024.0	-	353	
2021-02-08 16:55:00	3.9	남서	220	10.59	26.32	1.65	6.6	2.56	6.5	7.8	북북서	346	1.7	1023.9	-	357	
2021-02-08 17:00:00	3.3	북북동	17	10.59	26.21	1.78	6.7	2.54	7.0	6.8	북북서	347	1.9	1023.9	-	342	
2021-02-08 17:05:00	1.5	서남서	237	10.58	26.21	1.82	6.3	2.25	5.5	6.9	북	359	1.9	1024.0	-	354	
2021-02-08 17:10:00	5.7	남	180	10.62	26.27	1.60	6.5	2.19	6.5	7.4	북북서	341	1.9	1024.0	-	343	
2021-02-08 17:15:00	5.5	서남서	239	10.64	26.29	1.71	6.6	2.19	6.0	6.3	북북서	348	1.7	1024.0	-	339	
2021-02-08 17:20:00	2.1	남동	146	10.64	26.33	1.66	6.4	2.09	6.5	6.0	북북서	344	1.8	1024.1	-	333	
2021-02-08 17:25:00	4.5	남남동	157	10.65	26.21	1.88	6.1	2.59	6.0	6.1	북서	320	1.9	1024.1	-	6	
2021-02-08 17:30:00	7.0	남남서	213	10.66	26.28	1.88	6.5	2.37	6.5	5.2	북서	317	2.0	1024.1	-	339	
2021-02-08 17:35:00	5.0	북북동	33	10.66	26.17	1.70	6.5	2.00	6.5	5.9	북서	320	2.1	1024.1	-	2	
2021-02-08 17:40:00	8.9	남서	231	10.67	26.06	1.54	6.4	1.93	7.0	5.9	북서	322	1.9	1024.1	-	346	
2021-02-08 17:45:00	3.6	서남서	247	10.67	26.14	1.72	6.5	2.15	7.5	5.0	북서	318	1.8	1024.1	-	339	
2021-02-08 17:50:00	0.2	북동	38	10.70	25.61	1.80	6.7	2.26	6.5	5.3	북서	317	1.8	1024.1	-	9	
2021-02-08 17:55:00	8.0	북	350	10.73	26.39	1.68	6.6	2.60	6.5	5.2	북서	315	1.9	1024.2	-	359	
2021-02-08 18:00:00	6.0	남서	225	10.73	26.26	1.68	6.3	2.07	6.0	6.0	북서	311	1.9	1024.3	-	348	
2021-02-08 18:05:00	3.0	북서	317	10.74	26.20	1.62	6.6	2.05	6.0	5.4	북서	311	1.8	1024.4	-	357	
2021-02-08 18:10:00	8.6	서	269	10.74	26.67	1.71	6.5	1.91	7.0	5.2	북서	306	1.8	1024.4	-	7	
2021-02-08 18:15:00	3.2	서	264	10.73	26.64	1.61	6.4	1.92	6.0	5.3	서북서	283	1.6	1024.3	-	351	
2021-02-08 18:20:00	8.2	서	279	10.73	26.52	1.59	6.6	2.14	6.5	4.7	북서	304	1.5	1024.4	-	356	
2021-02-08 18:25:00	5.5	서남서	239	10.72	26.31	1.67	7.3	2.35	6.0	4.5	서북서	293	1.8	1024.4	-	29	
2021-02-08 18:30:00	10.6	서북서	294	10.72	26.15	1.73	6.8	2.24	6.5	5.1	서북서	297	1.9	1024.4	-	351	
2021-02-08 18:35:00	12.3	서	272	10.73	26.79	1.41	6.4	1.82	7.0	5.1	서	279	1.8	1024.5	-	334	
2021-02-08 18:40:00	11.7	서	260	10.72	26.43	1.58	7.0	2.27	6.0	4.9	서	279	1.6	1024.5	-	3	
2021-02-08 18:45:00	11.6	서북서	285	10.73	26.47	1.61	7.0	2.15	6.5	5.6	서	277	1.6	1024.6	-	3	
2021-02-08 18:50:00	12.0	서북서	289	10.72	26.26	1.57	7.0	2.07	7.5	4.4	서남서	249	1.2	1024.6	-	16	
2021-02-08 18:55:00	11.0	북북서	330	10.72	26.64	1.69	6.8	2.42	7.0	3.7	서남서	253	1.0	1024.6	-	349	
2021-02-08 19:00:00	10.5	서북서	302	10.72	26.91	1.90	7.4	2.56	6.5	3.8	남서	229	0.9	1024.7	-	3	
2021-02-08 19:05:00	14.2	북서	308	10.73	26.26	1.54	7.7	1.78	7.5	4.4	남서	231	0.6	1024.7	-	32	
2021-02-08 19:10:00	20.1	서북서	303	10.73	26.60	1.86	6.9	2.99	6.5	3.3	서남서	243	0.6	1024.8	-	1	
2021-02-08 19:15:00	7.5	서	267	10.73	27.01	1.60	6.5	2.34	7.0	2.9	서남서	239	0.5	1024.8	-	45	
2021-02-08 19:20:00	13.3	북북서	330	10.73	26.16	2.00	7.3	2.40	8.0	3.1	남서	234	0.6	1024.9	-	24	
2021-02-08 19:25:00	6.7	북북서	330	10.72	26.13	2.02	7.3	2.49	7.0	2.9	남서	229	0.6	1024.9	-	19	
2021-02-08 19:30:00	29.3	서	273	10.72	25.93	1.68	7.2	1.83	7.5	2.8	서남서	240	0.6	1025.0	-	27	
2021-02-08 19:35:00	14.1	서북서	292	10.71	26.08	1.71	7.5	2.40	6.5	3.0	서남서	239	0.7	1025.0	-	347	
2021-02-08 19:40:00	11.1	서	263	10.71	26.92	1.59	7.2	2.17	6.5	2.7	서남서	248	0.6	1025.2	-	10	
2021-02-08 19:45:00	21.5	서	275	10.70	26.29	1.62	7.0	2.15	7.0	2.4	서남서	245	0.6	1025.2	-	13	
2021-02-08 19:50:00	10.3	북서	313	10.69	26.29	1.89	7.7	3.14	7.0	3.5	서남서	246	0.6	1025.2	-	31	
2021-02-08 19:55:00	14.1	서	262	10.69	26.44	1.66	7.0	2.10	6.0	4.0	서남서	246	0.7	1025.3	-	345	
2021-02-08 20:00:00	17.4	북북서	328	10.68	27.08	1.64	7.3	2.52	7.5	4.9	서남서	244	0.6	1025.3	-	39	
2021-02-08 20:05:00	10.6	북서	319	10.68	26.67	1.56	6.9	2.09	7.0	4.7	서남서	250	0.8	1025.3	-	4	
2021-02-08 20:10:00	14.8	북서	322	10.67	26.53	1.69	7.4	2.06	7.5	4.5	서남서	250	0.8	1025.4	-	30	
2021-02-08 20:15:00	16.5	북서	318	10.66	26.75	1.54	6.1	1.91	6.0	4.4	서남서	249	0.8	1025.4	-	359	
2021-02-08 20:20:00	16.3	서북서	284	10.65	25.55	1.70	7.0	2.08	7.0	4.5	서남서	246	0.7	1025.4	-	356	
2021-02-08 20:25:00	20.8	서남서	251	10.64	26.03	1.70	6.9	2.35	7.0	4.2	서남서	240	0.7	1025.4	-	21	
2021-02-08 20:30:00	15.4	북서	313	10.64	26.82	1.79	6.8	2.25	6.5	4.4	서남서	242	0.7	1025.3	-	10	
2021-02-08 20:35:00	8.1	서	271	10.64	26.91	1.31	6.9	1.56	6.0	4.7	서남서	257	0.8	1025.3	-	18	
2021-02-08 20:40:00	14.1	북북서	334	10.64	26.74	1.54	6.7	2.01	6.0	5.6	서	263	0.7	1025.3	-	0	
2021-02-08 20:45:00	18.5	북	353	10.61	26.99	1.38	6.7	2.22	6.0	6.0	서	271	0.9	1025.2	-	8	
2021-02-08 20:50:00	13.0	북북서	344	10.60	26.95	1.21	7.0	1.46	7.0	6.0	서	268	0.9	1025.2	-	29	
2021-02-08 20:55:00	21.5	북서	321	10.59	26.61	1.37	7.2	1.97	7.0	6.3	서	275	0.9	1025.3	-	14	
2021-02-08 21:00:00	26.6	북북서	347	10.56	26.55	1.33	6.3	1.95	6.0	6.3	서	273	0.8	1025.3	-	22	
2021-02-08 21:05:00	17.7	서북서	290	10.55	26.39	1.56	7.3	2.57	6.5	6.3	서	268	0.8	1025.3	-	358	
2021-02-08 21:10:00	17.1	북북서	338	10.57	26.29	1.27	7.3	1.75	7.5	5.6	서	267	0.8	1025.3	-	31	
2021-02-08 21:15:00	14.3	북서	312	10.63	26.36	1.52	7.0	1.87	7.0	5.6	서	269	0.7	1025.2	-	2	
2021-02-08 21:20:00	19.8	북서	316	10.66	26.36	1.34	7.4	2.09	8.0	4.6	서	272	0.8	1025.4	-	50	
2021-02-08 21:25:00	19.1	북서	307	10.66	26.37	1.51	6.7	2.65	6.0	4.3	서	268	0.8	1025.5	-	22	
2021-02-08 21:30:00	15.6	서북서	301	10.66	26.39	1.09	6.5	1.51	7.0	4.2	서	272	0.6	1025.6	-	48	
2021-02-08 21:35:00	15.5	북서	323	10.66	26.52	1.60	7.4	2.47	7.0	3.9	서	271	0.6	1025.6	-	14	
2021-02-08 21:40:00	16.5	북서	314	10.65	26.26	1.40	7.2	2.75	7.5	2.9	서	260	0.5	1025.7	-	15	
2021-02-08 21:45:00	12.0	북서	325	10.64	26.60	1.29	5.9	1.95	6.0	3.3	서	259	0.6	1025.8	-	12	
2021-02-08 21:50:00	16.6	북북서	326	10.62	26.79	1.23	6.8	1.65	7.5	4.0	서	271	0.6	1025.8	-	5	
2021-02-08 21:55:00	10.5	서북서	302	10.59	26.34	1.22	6.9	1.58	7.0	4.2	서	273	0.6	1025.8	-	4	
2021-02-08 22:00:00	20.9	북북서	327	10.57	26.29	1.28	6.8	1.60	7.0	4.2	서	261	0.5	1025.8	-	31	
2021-02-08 22:05:00	12.8	북북동	16	10.57	26.71	1.45	6.8	1.83	6.0	4.6	서남서	256	0.4	1025.9	-	7	
2021-02-08 22:10:00	23.2	북서	311	10.56	26.64	1.25	7.9	2.01	7.0	5.6	서	270	0.5	1025.9	-	59	
2021-02-08 22:15:00	19.4	북북서	332	10.54	26.59	1.63	7.2	2.20	7.0	5.0	서	281	0.5	1025.8	-	20	
2021-02-08 22:20:00	1.6	남	190	10.54	26.80	1.24	7.2	1.71	8.0	5.7	서북서	287	0.5	1025.8	-	46	
2021-02-08 22:25:00	15.2	북서	317	10.53	26.30	1.37	7.0	1.53	6.0	5.8	서	280	0.6	1025.7	-	5	
2021-02-08 22:30:00	10.6	북북서	339	10.50	26.23	1.37	6.7	1.98	5.5	6.0	서	275	0.6	1025.7	-	9	
2021-02-08 22:35:00	7.5	북동	37	10.47	26.22	1.29	6.4	2.14	6.0	5.8	서	281	0.5	1025.7	-	2	
2021-02-08 22:40:00	12.7	북서	307	10.43	26.44	1.16	6.8	1.45	7.5	5.2	서	276	0.4	1025.8	-	31	
2021-02-08 22:45:00	6.6	북동	46	10.39	26.30	1.26	6.8	1.68	6.5	5.1	서	270	0.3	1025.9	-	15	
2021-02-08 22:50:00	9.8	북	360	10.41	26.34	1.22	6.9	1.63	7.0	4.9	서	264	0.4	1025.8	-	59	
2021-02-08 22:55:00	12.8	북북동	21	10.40	26.33	1.15	6.6	1.31	6.5	4.6	서	262	0.3	1025.8	-	63	
2021-02-08 23:00:00	11.3	북	8	10.40	26.38	1.36	7.4	1.72	6.5	4.4	서남서	242	0.1	1025.7	-	38	
2021-02-08 23:05:00	6.5	북동	46	10.39	26.33	1.35	6.4	1.98	7.5	4.7	서남서	243	-0.2	1025.7	-	68	
2021-02-08 23:10:00	15.1	북북동	22	10.38	26.41	1.04	7.2	1.61	6.5	5.0	서남서	244	-0.2	1025.6	-	77	
2021-02-08 23:15:00	10.1	북	355	10.41	26.37	1.56	7.0	2.09	6.0	4.5	서남서	242	-0.4	1025.6	-	354	
2021-02-08 23:20:00	3.2	북서	310	10.41	26.65	1.35	7.3	1.89	7.0	4.8	서남서	245	-0.4	1025.5	-	4	
2021-02-08 23:25:00	12.1	서북서	291	10.43	26.88	1.12	6.6	1.39	6.0	4.3	서남서	255	-0.2	1025.5	-	4	
2021-02-08 23:30:00	12.5	북동	50	10.46	26.85	1.05	7.3	1.90	6.5	4.2	서남서	248	-0.4	1025.4	-	64	
2021-02-08 23:35:00	1.0	남서	224	10.46	25.72	1.08	6.8	1.33	8.0	4.5	서남서	250	-0.3	1025.4	-	356	
2021-02-08 23:40:00	20.8	북	0	10.47	25.93	1.11	6.3	1.68	7.0	3.9	서남서	245	-0.5	1025.3	-	32	
2021-02-08 23:45:00	19.2	북북서	334	10.48	26.33	1.29	6.4	2.12	6.5	3.0	서남서	243	-0.4	1025.3	-	10	
2021-02-08 23:50:00	28.0	북	349	10.47	26.34	1.39	7.3	2.00	7.0	3.6	서남서	239	-0.5	1025.3	-	56	
2021-02-08 23:55:00	22.4	북	359	10.47	26.41	1.38	7.0	1.71	7.5	3.7	남서	225	-0.7	1025.4	-	36	
2021-02-09 00:00:00	7.8	북서	323	10.45	26.38	1.31	6.8	1.84	6.5	3.8	남서	229	-0.7	1025.5	-	9	
2021-02-09 00:05:00	9.4	서	279	10.44	26.27	1.06	7.3	1.48	7.0	3.7	서남서	238	-0.8	1025.5	-	47	
2021-02-09 00:10:00	10.2	남동	142	10.43	25.73	1.00	6.9	1.17	8.0	4.2	남서	231	-0.9	1025.5	-	18	
2021-02-09 00:15:00	29.6	북북동	19	10.42	26.50	1.31	7.0	1.66	6.5	3.9	남서	226	-0.8	1025.6	-	49	
2021-02-09 00:20:00	14.6	북	6	10.39	26.66	1.14	7.3	1.80	6.5	3.5	남서	235	-0.8	1025.7	-	33	
2021-02-09 00:25:00	30.4	북북서	347	10.39	26.75	1.29	7.0	1.65	5.5	3.5	서남서	243	-0.8	1025.8	-	35	
2021-02-09 00:30:00	21.2	북동	43	10.37	26.47	1.19	6.4	1.76	6.0	3.5	남서	236	-0.8	1025.9	-	17	
2021-02-09 00:35:00	14.6	북서	319	10.37	26.21	1.25	7.3	1.84	6.0	3.1	서남서	247	-0.9	1025.9	-	38	
2021-02-09 00:40:00	11.7	북북동	30	10.35	26.57	1.28	7.0	1.53	6.5	2.4	남서	236	-1.0	1025.8	-	12	
2021-02-09 00:45:00	5.5	북북동	16	10.35	27.54	1.27	6.9	2.20	7.0	2.2	남남서	212	-1.0	1025.8	-	23	
2021-02-09 00:50:00	8.2	동북동	61	10.34	26.20	1.12	6.9	1.29	6.0	2.1	남서	217	-0.9	1025.7	-	30	
2021-02-09 00:55:00	6.3	북북서	345	10.33	26.18	1.06	6.8	1.37	6.0	2.7	남서	220	-0.8	1025.7	-	15	
2021-02-09 01:00:00	20.5	북동	39	10.32	26.25	1.21	6.5	1.76	6.5	3.1	남서	214	-0.8	1025.7	-	18	
2021-02-09 01:05:00	7.5	북	7	10.31	26.23	1.34	7.4	1.76	6.0	3.1	남서	215	-0.9	1025.7	-	49	
2021-02-09 01:10:00	7.8	북동	52	10.29	26.55	1.20	7.0	2.05	6.5	3.6	남서	214	-1.1	1025.7	-	18	
2021-02-09 01:15:00	8.7	북	349	10.27	26.68	1.13	7.0	1.60	6.0	2.9	남서	223	-1.1	1025.6	-	358	
2021-02-09 01:20:00	13.1	북	350	10.25	26.55	1.45	6.4	2.01	6.0	3.0	남서	215	-1.1	1025.6	-	35	
2021-02-09 01:25:00	11.0	북북동	16	10.23	26.63	1.02	7.3	1.25	5.0	2.8	남서	220	-1.1	1025.5	-	13	
2021-02-09 01:30:00	12.3	북북동	13	10.24	26.60	1.24	7.0	1.84	8.0	2.7	남서	235	-1.0	1025.5	-	5	
2021-02-09 01:35:00	5.1	북북서	333	10.25	26.77	1.00	6.2	1.56	6.0	2.6	남서	230	-1.0	1025.5	-	29	
2021-02-09 01:40:00	7.3	북북동	28	10.22	26.15	1.28	6.8	1.85	7.0	2.7	남서	227	-1.1	1025.6	-	8	
2021-02-09 01:45:00	13.0	북	10	10.20	26.23	1.17	7.0	1.51	5.5	1.9	남서	236	-1.2	1025.6	-	358	
2021-02-09 01:50:00	6.1	북	352	10.20	26.10	1.21	7.0	1.77	6.0	2.1	서남서	243	-1.2	1025.6	-	34	
2021-02-09 01:55:00	3.7	북북서	348	10.18	26.24	1.19	6.4	1.64	5.5	1.8	남서	230	-1.3	1025.6	-	357	
2021-02-09 02:00:00	6.3	북북서	326	10.17	26.17	1.05	7.1	1.44	7.0	2.5	남서	220	-1.2	1025.5	-	14	
2021-02-09 02:05:00	5.9	남남동	146	10.17	26.68	1.08	6.5	1.73	6.0	3.3	남남서	213	-1.3	1025.4	-	59	
2021-02-09 02:10:00	14.6	서북서	299	10.15	26.14	1.01	6.4	1.37	6.0	2.8	남남서	210	-1.3	1025.5	-	60	
2021-02-09 02:15:00	3.8	북	354	10.14	26.16	1.06	7.0	1.75	7.5	2.5	남서	214	-1.2	1025.5	-	36	
2021-02-09 02:20:00	1.8	서북서	296	10.13	26.35	1.08	7.1	1.32	6.5	2.8	남서	231	-1.2	1025.5	-	33	
2021-02-09 02:25:00	7.8	북북서	334	10.12	26.39	0.96	6.5	1.30	6.0	2.0	남서	218	-1.3	1025.5	-	26	
2021-02-09 02:30:00	2.7	서남서	249	10.12	26.27	1.10	7.2	1.58	6.5	2.6	서남서	239	-1.4	1025.6	-	62	
2021-02-09 02:35:00	5.0	서북서	301	10.11	26.75	1.11	6.8	1.63	6.5	2.1	서남서	245	-1.4	1025.6	-	7	
2021-02-09 02:40:00	3.7	북	351	10.11	25.75	1.09	7.2	1.43	7.0	2.6	서남서	240	-1.3	1025.5	-	52	
2021-02-09 02:45:00	1.7	북북동	25	10.10	25.84	1.24	7.0	1.85	6.5	3.9	서남서	240	-1.4	1025.5	-	50	
2021-02-09 02:50:00	3.5	서	279	10.07	26.35	1.19	6.9	1.79	6.5	4.2	서남서	240	-1.1	1025.5	-	60	
2021-02-09 02:55:00	3.7	남서	232	10.06	26.49	1.14	6.7	2.12	6.5	4.1	서남서	246	-1.3	1025.6	-	29	
2021-02-09 03:00:00	8.9	북북서	335	10.06	26.42	1.16	7.3	1.61	7.0	5.0	남서	234	-1.2	1025.5	-	11	
2021-02-09 03:05:00	2.7	서남서	246	10.05	26.49	1.13	6.5	1.71	6.5	5.4	남서	234	-1.4	1025.5	-	1	
2021-02-09 03:10:00	2.9	남서	215	10.03	26.50	1.19	7.2	1.31	6.5	4.9	남서	226	-1.3	1025.5	-	76	
2021-02-09 03:15:00	3.5	서북서	298	10.02	26.39	1.14	6.8	1.48	8.0	5.0	남서	220	-1.4	1025.6	-	41	
2021-02-09 03:20:00	3.2	서	262	10.01	26.37	0.99	7.0	1.61	6.5	4.7	남서	234	-1.5	1025.6	-	9	
2021-02-09 03:25:00	4.7	서	275	10.01	26.33	1.15	6.8	1.44	7.0	4.8	남서	230	-1.5	1025.6	-	20	
2021-02-09 03:30:00	2.3	서	279	10.00	26.20	1.20	6.5	1.57	7.0	4.7	남서	233	-1.6	1025.6	-	29	
2021-02-09 03:35:00	5.4	서남서	258	9.98	26.16	1.04	6.6	1.35	6.5	4.9	남서	231	-1.5	1025.5	-	356	
2021-02-09 03:40:00	2.7	서	279	9.98	26.55	1.01	6.2	1.38	6.0	4.6	남서	236	-1.4	1025.5	-	351	
2021-02-09 03:45:00	2.0	북	3	9.98	26.25	1.09	6.5	1.60	6.5	4.7	서남서	237	-1.4	1025.4	-	31	
2021-02-09 03:50:00	5.6	서	272	9.98	25.91	1.15	7.1	1.35	6.5	3.4	서남서	247	-1.5	1025.4	-	46	
2021-02-09 03:55:00	5.5	북서	325	9.96	26.59	1.10	6.0	1.45	6.0	3.9	서남서	237	-1.6	1025.4	-	8	
2021-02-09 04:00:00	6.6	서남서	241	9.95	27.00	1.25	6.8	1.60	6.5	4.1	서남서	237	-1.3	1025.4	-	50	
2021-02-09 04:05:00	2.9	동남동	122	9.94	27.01	1.07	6.7	1.37	6.0	4.1	남서	229	-1.4	1025.4	-	346	
2021-02-09 04:10:00	7.8	서북서	301	9.93	26.69	1.23	6.7	1.86	6.0	3.5	서남서	237	-1.5	1025.4	-	20	
2021-02-09 04:15:00	8.1	서남서	249	9.96	26.52	1.08	6.6	1.41	6.5	3.6	서남서	240	-1.5	1025.4	-	1	
2021-02-09 04:20:00	4.9	서북서	290	9.97	26.75	1.13	7.0	1.57	7.0	3.8	남서	224	-1.5	1025.4	-	24	
2021-02-09 04:25:00	3.6	북서	310	9.97	26.57	1.05	7.4	1.50	7.0	3.3	남서	228	-1.7	1025.4	-	48	
2021-02-09 04:30:00	9.4	서북서	300	9.99	26.48	1.08	7.1	1.52	6.0	4.1	남서	230	-1.5	1025.3	-	351	
2021-02-09 04:35:00	7.5	서북서	284	10.00	26.51	1.12	6.4	1.72	7.0	4.1	남서	233	-1.4	1025.3	-	39	
2021-02-09 04:40:00	8.8	북서	305	10.00	26.65	1.15	6.9	1.71	7.5	4.1	남서	231	-1.6	1025.3	-	354	
2021-02-09 04:45:00	8.5	서	267	10.00	26.98	1.19	6.3	1.72	6.0	4.1	남서	230	-1.6	1025.3	-	34	
2021-02-09 04:50:00	4.4	서북서	290	10.02	26.55	1.13	6.6	1.30	7.0	4.0	남서	231	-1.8	1025.3	-	8	
2021-02-09 04:55:00	10.8	남서	229	10.02	26.62	1.17	7.3	1.81	7.0	3.2	서남서	238	-1.9	1025.3	-	66	
2021-02-09 05:00:00	6.9	서남서	250	10.03	26.49	1.19	7.3	1.76	7.5	4.3	서남서	237	-1.7	1025.3	-	17	
2021-02-09 05:05:00	4.5	남서	236	10.04	26.39	1.14	6.7	1.45	6.0	4.5	남서	230	-1.6	1025.3	-	31	
2021-02-09 05:10:00	7.7	남서	220	10.04	26.48	1.19	6.8	1.88	6.5	5.1	남서	228	-1.7	1025.3	-	5	
2021-02-09 05:15:00	6.7	서남서	240	10.05	25.49	1.23	7.5	1.88	6.5	5.1	남서	228	-1.8	1025.4	-	52	
2021-02-09 05:20:00	1.7	남남서	197	10.05	26.60	1.11	6.5	1.43	6.5	5.8	남서	220	-1.5	1025.3	-	20	
2021-02-09 05:25:00	9.0	북서	305	10.02	26.82	1.21	7.2	2.01	8.0	5.8	남서	222	-1.7	1025.3	-	18	
2021-02-09 05:30:00	11.3	북북서	335	10.01	26.67	1.23	6.8	1.53	7.0	4.9	남서	230	-1.8	1025.3	-	35	
2021-02-09 05:35:00	6.0	서	269	10.01	26.52	1.17	6.9	1.57	6.0	5.2	남서	229	-1.8	1025.3	-	44	
2021-02-09 05:40:00	6.5	북서	311	10.00	26.47	1.21	6.7	1.48	6.5	5.1	남서	222	-1.8	1025.3	-	12	
2021-02-09 05:45:00	6.7	서	268	10.02	26.55	1.23	6.5	1.87	6.0	5.5	남서	222	-1.9	1025.3	-	48	
2021-02-09 05:50:00	2.3	서남서	257	10.02	26.67	1.15	6.4	1.45	6.0	4.7	남서	224	-2.0	1025.4	-	5	
2021-02-09 05:55:00	3.2	서북서	301	10.04	26.82	1.08	7.0	1.59	6.5	4.9	남서	231	-1.9	1025.4	-	345	
2021-02-09 06:00:00	3.7	서	267	10.04	25.62	1.07	6.7	1.40	6.5	5.3	남서	233	-1.9	1025.4	-	17	
2021-02-09 06:05:00	5.6	북서	326	10.03	25.58	1.18	6.5	1.65	6.5	4.1	남서	234	-1.9	1025.4	-	346	
2021-02-09 06:10:00	6.2	서남서	240	10.03	25.57	0.94	6.2	1.25	6.0	4.2	서남서	237	-2.0	1025.3	-	30	
2021-02-09 06:15:00	3.2	남	185	10.05	25.55	1.21	6.5	1.48	7.0	4.3	남서	233	-1.9	1025.4	-	357	
2021-02-09 06:20:00	5.3	남	186	10.04	25.65	0.91	6.2	1.36	6.0	4.3	남서	232	-2.0	1025.4	-	43	
2021-02-09 06:25:00	8.6	서	271	10.04	25.67	0.98	6.9	1.30	7.0	4.1	남서	232	-2.0	1025.4	-	8	
2021-02-09 06:30:00	6.7	서북서	288	10.03	25.55	1.17	7.2	1.52	6.0	4.0	서남서	243	-1.8	1025.4	-	45	
2021-02-09 06:35:00	1.9	남서	234	10.02	25.98	1.05	6.3	1.29	6.0	4.2	서남서	237	-1.8	1025.3	-	21	
2021-02-09 06:40:00	6.0	남남서	207	9.98	25.32	1.01	6.5	1.20	5.5	4.8	남서	228	-1.8	1025.2	-	335	
2021-02-09 06:45:00	1.0	북동	48	10.10	25.37	1.06	6.9	1.38	7.5	3.9	남서	229	-1.9	1025.2	-	24	
2021-02-09 06:50:00	5.5	서북서	302	10.05	25.77	1.07	6.7	1.91	6.0	3.7	남서	223	-1.8	1025.3	-	343	
2021-02-09 06:55:00	5.3	서	280	10.07	25.44	1.16	6.7	1.52	7.0	3.9	남서	235	-1.9	1025.3	-	31	
2021-02-09 07:00:00	2.1	서	266	10.05	25.53	1.21	6.6	1.62	6.5	4.4	남서	219	-1.8	1025.2	-	29	
2021-02-09 07:05:00	8.2	서북서	302	10.11	25.58	1.10	6.4	1.62	6.0	4.5	남서	235	-1.7	1025.2	-	2	
2021-02-09 07:10:00	3.5	남서	233	10.12	25.52	0.96	7.5	1.16	8.5	5.2	남서	236	-1.6	1025.2	-	54	
2021-02-09 07:15:00	7.7	북서	305	10.17	25.66	1.15	6.5	1.56	6.0	4.5	남서	233	-1.6	1025.2	-	355	
2021-02-09 07:20:00	8.2	서남서	255	10.17	25.60	1.18	6.2	1.45	5.5	4.1	남서	218	-1.7	1025.3	-	326	
2021-02-09 07:25:00	4.2	북	359	10.16	25.51	1.12	6.0	1.40	5.5	4.3	남서	218	-1.7	1025.3	-	344	
2021-02-09 07:30:00	6.2	남남동	164	10.11	25.50	1.14	6.4	1.35	7.0	4.3	남서	223	-1.7	1025.5	-	47	
2021-02-09 07:35:00	5.3	남	170	10.03	25.63	1.14	6.8	1.41	7.0	3.9	남서	228	-1.6	1025.5	-	332	
2021-02-09 07:40:00	15.5	북서	307	10.02	25.53	1.06	6.4	1.35	8.0	3.6	남서	231	-1.4	1025.6	-	5	
2021-02-09 07:45:00	8.6	서북서	294	10.00	26.54	1.10	6.2	1.45	5.5	4.1	남서	226	-1.4	1025.7	-	355	
2021-02-09 07:50:00	10.4	북동	34	9.96	26.47	1.14	6.5	1.60	7.0	4.4	남서	230	-1.4	1025.7	-	5	
2021-02-09 07:55:00	6.0	북서	314	9.95	26.32	1.10	6.6	1.49	6.0	5.5	남서	231	-1.2	1025.8	-	356	
2021-02-09 08:00:00	9.4	북북서	337	9.91	26.34	1.38	6.5	1.88	6.5	5.2	남서	230	-1.2	1025.8	-	13	
2021-02-09 08:05:00	22.4	북서	321	9.91	26.32	1.14	6.1	1.45	6.5	4.7	남서	228	-1.2	1025.8	-	9	
2021-02-09 08:10:00	10.6	북북서	337	9.94	26.47	0.97	6.2	1.29	6.0	3.7	남서	224	-1.3	1025.9	-	348	
2021-02-09 08:15:00	6.7	북북서	332	9.95	26.32	1.14	6.1	1.57	6.5	3.3	남서	218	-1.2	1025.9	-	346	
2021-02-09 08:20:00	19.8	북서	312	9.96	26.40	1.01	6.4	1.22	7.5	4.0	남서	220	-1.1	1026.0	-	6	
2021-02-09 08:25:00	10.5	북북동	25	9.95	26.41	1.05	6.3	1.41	5.5	4.4	남서	220	-1.0	1025.9	-	348	
2021-02-09 08:30:00	1.3	서북서	286	9.95	26.27	1.05	6.1	1.56	6.5	4.9	남서	220	-0.9	1025.9	-	359	
2021-02-09 08:35:00	1.9	서	264	9.93	25.73	1.17	6.0	1.78	6.5	4.6	남서	219	-0.9	1025.9	-	356	
2021-02-09 08:40:00	1.8	서남서	258	9.94	25.99	0.92	6.8	1.13	6.0	4.8	남서	222	-0.8	1025.9	-	335	
2021-02-09 08:45:00	4.7	남서	232	9.95	26.62	0.99	6.1	1.66	6.0	4.3	남서	227	-0.6	1025.9	-	2	
2021-02-09 08:50:00	5.9	북북서	341	9.92	26.51	1.11	6.3	1.63	6.0	4.7	남서	222	-0.3	1025.9	-	2	
2021-02-09 08:55:00	4.9	북북서	347	9.92	26.47	1.00	6.0	1.40	6.0	4.8	남서	231	-0.2	1025.9	-	63	
2021-02-09 09:00:00	0.5	동남동	106	9.90	25.66	1.05	6.2	1.25	6.0	4.9	남서	233	-0.1	1025.8	-	10	
2021-02-09 09:05:00	1.4	서	266	9.88	25.91	0.92	6.2	1.36	5.0	3.8	남서	233	0.2	1025.9	-	335	
2021-02-09 09:10:00	5.1	북	359	9.87	25.94	1.16	6.3	1.55	6.5	3.5	남남서	212	0.2	1026.0	-	39	
2021-02-09 09:15:00	1.6	동남동	122	9.88	25.92	1.05	6.6	1.38	7.0	3.8	남서	227	0.2	1026.1	-	357	
2021-02-09 09:20:00	4.2	서	274	9.89	25.71	0.91	6.2	1.33	5.5	3.9	남서	231	0.4	1026.0	-	10	
2021-02-09 09:25:00	4.5	북	350	9.90	25.87	1.02	6.0	1.64	7.0	4.0	서남서	237	0.5	1026.1	-	13	
2021-02-09 09:30:00	4.3	북동	34	9.91	25.95	0.91	6.5	1.36	6.0	3.4	남서	223	0.4	1026.1	-	64	
2021-02-09 09:35:00	1.0	서남서	248	9.91	25.89	0.98	6.1	1.46	6.0	3.1	남서	219	0.7	1026.0	-	21	
2021-02-09 09:40:00	7.1	남서	228	9.91	25.92	1.03	6.8	1.49	7.5	2.7	남남서	211	1.0	1026.0	-	19	
2021-02-09 09:45:00	3.2	북	0	9.91	25.88	0.88	5.9	1.49	6.0	2.0	남서	222	1.3	1026.0	-	0	
2021-02-09 09:50:00	4.4	북	9	9.92	26.39	0.96	7.2	1.53	7.5	1.1	남서	223	1.3	1026.0	-	52	
2021-02-09 09:55:00	1.2	동남동	102	9.92	26.27	1.04	6.1	1.41	6.0	1.1	남서	228	1.4	1026.0	-	23	
2021-02-09 10:00:00	2.2	동북동	77	9.91	26.32	0.99	6.3	1.66	6.5	0.8	서남서	240	1.9	1025.9	-	345	
2021-02-09 10:05:00	1.0	북북서	331	9.91	26.28	0.98	5.5	1.47	5.5	1.6	남서	229	1.9	1026.0	-	23	
2021-02-09 10:10:00	7.4	북	350	9.91	26.27	0.95	5.9	1.33	5.5	1.0	서남서	245	1.7	1026.1	-	348	
2021-02-09 10:15:00	2.7	북	355	9.93	26.30	0.77	5.8	1.26	6.0	0.8	서북서	282	2.2	1026.1	-	12	
2021-02-09 10:20:00	2.6	남서	228	9.93	26.30	0.89	5.7	1.09	6.0	0.9	남	191	2.3	1026.1	-	12	
2021-02-09 10:25:00	4.2	북	3	9.93	26.27	1.10	5.8	1.75	5.5	0.8	남	187	2.3	1026.1	-	9	
2021-02-09 10:30:00	4.3	서북서	290	9.94	26.24	1.12	6.6	1.54	6.5	1.0	남	186	2.5	1026.1	-	36	
2021-02-09 10:35:00	23.1	북북동	20	9.94	26.23	0.98	5.8	1.28	6.0	0.5	남	180	2.7	1026.1	-	20	
2021-02-09 10:40:00	2.3	북북서	339	9.94	26.30	0.91	6.2	1.21	6.5	0.0	북	6	2.9	1026.1	-	2	
2021-02-09 10:45:00	2.0	북북동	15	9.95	26.17	1.02	6.7	1.42	7.0	0.7	북동	39	2.7	1026.1	-	16	
2021-02-09 10:50:00	9.2	북	0	9.95	25.82	0.83	5.9	1.30	6.5	0.5	북동	42	2.9	1026.1	-	354	
2021-02-09 10:55:00	2.7	서	264	9.95	26.12	1.01	5.6	1.45	6.5	1.2	북동	40	2.6	1026.1	-	337	
2021-02-09 11:00:00	5.8	북	357	9.95	26.26	0.86	6.6	1.16	6.0	1.0	동북동	59	2.8	1026.0	-	60	
2021-02-09 11:05:00	4.9	북서	320	9.96	26.31	0.84	6.3	1.04	5.5	0.9	동	87	2.9	1026.0	-	47	
2021-02-09 11:10:00	3.3	서남서	258	9.96	26.33	0.98	6.4	1.27	6.5	0.8	동	83	2.8	1026.0	-	47	
2021-02-09 11:15:00	3.7	북북서	331	9.96	26.32	0.92	6.6	1.29	6.5	0.9	동북동	73	2.9	1026.0	-	18	
2021-02-09 11:20:00	3.0	서남서	259	9.96	26.18	0.90	6.1	1.18	4.5	1.2	동북동	61	3.0	1026.0	-	13	
2021-02-09 11:25:00	3.8	남	180	9.96	26.31	0.97	6.2	1.09	5.5	1.1	북동	50	3.0	1026.0	-	7	
2021-02-09 11:30:00	7.5	서북서	295	9.97	26.23	0.91	6.6	1.10	7.0	1.3	북동	44	2.8	1026.0	-	23	
2021-02-09 11:35:00	9.1	북북서	340	9.96	26.16	0.94	6.1	1.15	5.0	0.7	동북동	57	3.0	1025.9	-	35	
2021-02-09 11:40:00	3.5	서남서	257	9.96	26.21	0.99	5.9	1.30	5.5	0.2	동	87	3.6	1025.9	-	12	
2021-02-09 11:45:00	4.1	남서	221	9.98	25.98	0.82	6.1	1.25	6.0	0.2	동남동	107	3.7	1025.8	-	25	
2021-02-09 11:50:00	2.1	북북서	334	9.97	26.29	0.96	6.0	1.35	5.5	1.0	동남동	118	3.8	1025.8	-	17	
2021-02-09 11:55:00	6.5	북북서	337	9.98	26.29	0.93	6.3	1.29	6.5	1.5	동	97	3.5	1025.7	-	16	
2021-02-09 12:00:00	4.9	서북서	292	9.98	26.25	0.90	6.3	1.22	5.0	1.6	동북동	71	3.3	1025.6	-	6	
2021-02-09 12:05:00	1.9	서북서	299	10.00	26.26	1.00	6.4	1.65	6.5	1.8	동북동	59	3.3	1025.5	-	4	
2021-02-09 12:10:00	9.0	동	92	10.01	26.26	0.91	5.7	1.13	5.0	1.4	북동	36	3.5	1025.3	-	18	
2021-02-09 12:15:00	6.3	북	357	10.00	26.30	0.86	6.0	1.14	7.0	1.7	북동	46	3.6	1025.2	-	27	
2021-02-09 12:20:00	6.3	북동	36	10.00	26.23	0.86	6.0	1.17	5.0	1.6	동북동	60	3.6	1025.1	-	29	
2021-02-09 12:25:00	5.3	남	180	10.00	26.28	0.78	5.7	1.09	6.0	2.2	동북동	75	3.7	1025.0	-	328	
2021-02-09 12:30:00	5.5	동북동	71	10.01	26.24	0.89	6.1	1.15	6.0	2.4	동	79	3.8	1024.9	-	36	
2021-02-09 12:35:00	7.7	동북동	60	10.04	26.26	0.81	6.9	1.01	6.5	2.0	동	87	3.7	1024.8	-	39	
2021-02-09 12:40:00	11.9	남서	222	10.03	26.14	0.91	6.3	1.11	5.0	2.4	동북동	69	3.6	1024.6	-	6	
2021-02-09 12:45:00	7.9	북서	316	10.03	26.07	0.90	6.4	1.38	6.0	1.9	동북동	63	3.7	1024.5	-	36	
2021-02-09 12:50:00	2.1	북서	314	10.04	26.21	0.97	6.6	1.40	6.0	2.3	동북동	63	3.9	1024.4	-	18	
2021-02-09 12:55:00	5.0	남동	126	10.05	26.24	0.88	5.8	1.09	7.0	2.7	동북동	67	4.1	1024.3	-	19	
2021-02-09 13:00:00	3.9	남서	222	10.06	26.22	0.81	5.9	1.02	8.0	3.2	동북동	59	4.3	1024.2	-	24	
2021-02-09 13:05:00	2.0	남동	143	10.06	26.19	0.92	5.9	1.55	5.5	3.4	동북동	57	4.1	1024.2	-	17	
2021-02-09 13:10:00	6.0	남남동	162	10.05	26.12	0.90	6.2	1.31	7.0	3.3	북동	51	4.3	1024.1	-	23	
2021-02-09 13:15:00	4.2	북동	41	10.06	26.17	0.80	6.1	1.22	5.0	3.1	북동	47	4.5	1023.9	-	337	
2021-02-09 13:20:00	1.2	동	101	10.06	26.20	0.83	6.1	1.03	7.0	3.1	북동	46	4.7	1023.9	-	23	
2021-02-09 13:25:00	10.4	동북동	68	10.05	26.19	0.88	6.5	1.30	7.0	2.9	북동	47	5.1	1023.8	-	64	
2021-02-09 13:30:00	4.5	북북서	332	10.02	26.21	0.80	6.0	1.23	5.0	2.8	북동	53	5.2	1023.7	-	10	
2021-02-09 13:35:00	8.8	북북동	16	10.00	26.25	0.73	5.7	1.13	5.5	2.6	동북동	71	5.0	1023.7	-	41	
2021-02-09 13:40:00	4.7	서남서	251	10.01	26.24	0.82	6.0	1.05	4.5	2.4	동남동	109	5.2	1023.6	-	43	
2021-02-09 13:45:00	10.3	남남동	165	10.00	26.29	0.77	6.3	1.13	6.5	4.3	남동	131	4.9	1023.5	-	35	
2021-02-09 13:50:00	3.5	동남동	121	10.00	26.53	0.86	6.1	1.41	7.0	3.7	남동	128	4.8	1023.4	-	47	
2021-02-09 13:55:00	4.8	남남서	194	9.99	25.79	0.78	6.1	1.13	6.0	3.2	동남동	117	4.9	1023.4	-	40	
2021-02-09 14:00:00	5.8	남서	219	9.98	25.69	0.79	6.2	1.01	4.5	4.1	남동	128	4.9	1023.3	-	25	
2021-02-09 14:05:00	2.2	서북서	286	9.99	25.61	0.86	6.7	1.07	6.5	4.3	남동	130	4.9	1023.2	-	14	
2021-02-09 14:10:00	2.1	북서	320	10.01	25.77	0.73	5.9	0.94	7.5	4.3	남동	127	5.0	1023.1	-	28	
2021-02-09 14:15:00	6.1	남서	216	10.03	25.55	0.74	5.4	1.03	6.0	3.2	남동	124	5.2	1023.1	-	350	
2021-02-09 14:20:00	6.3	남동	125	10.06	25.65	0.77	5.4	1.01	5.5	3.4	남동	135	5.5	1023.0	-	28	
2021-02-09 14:25:00	6.3	남서	230	10.16	25.70	0.77	6.6	1.02	7.5	3.7	남동	138	5.4	1023.0	-	41	
2021-02-09 14:30:00	6.2	서남서	251	10.20	25.70	0.97	6.0	1.33	6.5	3.9	남동	139	5.5	1023.0	-	10	
2021-02-09 14:35:00	5.5	서남서	243	10.20	25.65	0.88	6.0	1.09	6.0	4.5	남동	142	5.5	1023.0	-	3	
2021-02-09 14:40:00	5.9	북북서	333	10.24	26.67	0.91	5.9	1.19	5.5	4.8	남동	135	5.5	1022.9	-	2	
2021-02-09 14:45:00	3.7	남	184	10.26	26.54	0.85	5.4	1.06	7.0	5.1	남동	129	5.4	1022.8	-	75	
2021-02-09 14:50:00	0.9	북북서	336	10.27	26.35	0.78	5.8	1.16	6.5	5.0	남동	127	5.3	1022.8	-	50	
2021-02-09 14:55:00	9.8	북서	319	10.28	26.55	0.76	5.9	0.93	6.5	5.0	남동	137	5.3	1022.8	-	2	
2021-02-09 15:00:00	4.6	서	267	10.29	26.47	0.89	5.9	1.18	5.0	5.4	남동	134	5.3	1022.7	-	48	
2021-02-09 15:05:00	3.8	북북서	344	10.29	26.28	0.98	5.9	1.78	6.5	5.4	남동	134	5.5	1022.8	-	42	
2021-02-09 15:10:00	9.0	서남서	245	10.29	26.18	0.84	5.8	1.22	5.0	5.5	남동	134	5.4	1022.8	-	179	
2021-02-09 15:15:00	3.2	북	355	10.28	26.72	0.79	5.6	1.13	5.0	5.9	남동	142	5.5	1022.8	-	71	
2021-02-09 15:20:00	1.9	남남서	196	10.28	26.86	0.78	5.3	1.05	5.0	5.9	남동	138	5.5	1022.8	-	24	
2021-02-09 15:25:00	8.8	남	180	10.27	26.41	0.88	5.4	1.24	5.0	5.8	남동	141	5.6	1022.8	-	24	
2021-02-09 15:30:00	4.6	남동	135	10.26	26.74	0.75	5.1	1.08	4.5	5.1	남남동	148	5.6	1022.8	-	53	
2021-02-09 15:35:00	3.6	남	180	10.26	26.60	0.79	5.4	1.30	6.0	5.3	남동	139	5.8	1022.8	-	3	
2021-02-09 15:40:00	5.9	북북서	347	10.26	26.62	0.83	5.9	1.11	5.5	5.5	남동	140	5.7	1022.8	-	54	
2021-02-09 15:45:00	4.6	북북서	333	10.26	26.21	0.93	6.6	1.48	5.5	5.4	남동	140	5.8	1022.8	-	20	
2021-02-09 15:50:00	5.5	동남동	121	10.26	26.05	0.96	6.3	1.21	6.5	4.6	남동	137	5.9	1022.8	-	42	
2021-02-09 15:55:00	3.4	북	0	10.26	26.02	0.79	5.9	1.03	3.5	4.5	남동	144	5.9	1022.8	-	71	
2021-02-09 16:00:00	3.2	북	10	10.26	25.93	0.84	5.6	1.20	6.5	4.6	남동	144	6.1	1022.7	-	200	
2021-02-09 16:05:00	3.1	남동	137	10.26	26.26	0.78	5.8	1.06	6.5	4.2	남동	139	6.1	1022.7	-	37	
2021-02-09 16:10:00	1.3	북북동	13	10.26	26.41	0.89	6.1	1.29	6.0	4.0	남남동	149	6.2	1022.7	-	52	
2021-02-09 16:15:00	0.5	북북동	14	10.26	26.36	0.78	6.0	0.97	5.5	4.8	남남동	148	6.1	1022.7	-	76	
2021-02-09 16:20:00	4.0	북북동	33	10.26	26.30	0.82	5.7	1.09	4.5	5.4	남남동	148	6.1	1022.6	-	49	
2021-02-09 16:25:00	4.6	남	184	10.25	26.55	0.83	6.0	1.20	5.0	3.8	남동	143	6.2	1022.6	-	155	
2021-02-09 16:30:00	4.7	북동	55	10.25	26.44	0.79	5.8	1.32	6.0	2.0	남동	124	6.5	1022.6	-	4	
2021-02-09 16:35:00	1.0	북북서	349	10.26	26.07	0.84	5.9	1.48	5.0	1.3	동남동	120	6.6	1022.5	-	57	
2021-02-09 16:40:00	7.3	북서	312	10.26	26.28	0.81	5.7	1.06	7.0	0.9	서	279	7.3	1022.4	-	27	
2021-02-09 16:45:00	6.1	북동	49	10.26	26.36	0.76	6.5	1.01	8.0	0.8	서	278	7.5	1022.4	-	59	
2021-02-09 16:50:00	1.4	서남서	249	10.26	26.33	0.79	6.3	1.36	6.0	1.8	서	281	7.5	1022.4	-	56	
2021-02-09 16:55:00	3.4	남남동	148	10.26	26.40	0.78	6.5	0.95	7.0	2.7	서북서	299	7.4	1022.4	-	57	
2021-02-09 17:00:00	8.1	서	276	10.25	26.64	0.86	6.3	1.23	7.5	2.0	서북서	298	7.4	1022.4	-	44	
2021-02-09 17:05:00	1.8	남서	234	10.25	26.57	0.84	6.6	1.18	6.5	2.3	서	268	7.4	1022.4	-	57	
2021-02-09 17:10:00	7.1	남남서	209	10.25	26.85	0.73	5.7	1.04	7.0	5.2	서남서	253	7.4	1022.3	-	56	
2021-02-09 17:15:00	4.1	남서	230	10.25	26.46	0.77	6.8	0.91	6.5	6.1	서남서	244	7.1	1022.2	-	79	
2021-02-09 17:20:00	3.0	북동	43	10.24	26.53	0.86	6.1	1.13	6.0	6.1	서남서	237	6.8	1022.2	-	18	
2021-02-09 17:25:00	3.2	남	184	10.24	26.53	0.69	7.4	0.95	6.0	6.7	남서	235	6.6	1022.2	-	66	
2021-02-09 17:30:00	2.4	남	174	10.23	26.45	0.82	6.8	1.09	6.0	6.0	남서	234	6.6	1022.3	-	76	
2021-02-09 17:35:00	2.2	서남서	243	10.21	26.32	0.74	6.5	1.13	6.0	6.3	남서	233	6.5	1022.3	-	46	
2021-02-09 17:40:00	3.1	서남서	241	10.22	26.43	0.71	6.4	0.95	5.5	5.6	남서	228	6.4	1022.3	-	73	
2021-02-09 17:45:00	3.1	남	185	10.21	26.37	0.69	5.5	0.93	8.0	5.1	남서	230	6.3	1022.3	-	357	
2021-02-09 17:50:00	1.4	동	96	10.21	26.31	0.62	6.0	0.82	8.0	5.2	남서	234	6.2	1022.4	-	53	
2021-02-09 17:55:00	5.1	남남동	161	10.21	26.41	0.63	6.5	0.84	7.5	4.7	남서	231	6.1	1022.4	-	66	
2021-02-09 18:00:00	0.3	북북동	28	10.21	26.33	0.72	6.4	0.84	6.0	5.5	남서	227	5.9	1022.3	-	87	
2021-02-09 18:05:00	2.0	남동	127	10.19	26.35	0.71	6.7	0.86	6.0	6.0	남서	226	5.9	1022.4	-	77	
2021-02-09 18:10:00	1.8	남동	132	10.19	26.37	0.71	5.9	0.99	7.5	5.1	남서	221	5.8	1022.4	-	36	
2021-02-09 18:15:00	2.0	남	190	10.19	26.33	0.71	6.5	1.02	6.5	5.8	남서	232	5.8	1022.4	-	36	
2021-02-09 18:20:00	2.8	남남서	192	10.20	26.38	0.55	5.8	0.76	6.0	6.4	남서	226	5.8	1022.4	-	35	
2021-02-09 18:25:00	2.7	남남서	210	10.20	26.39	0.67	6.7	0.90	7.0	6.9	남서	232	5.8	1022.5	-	41	
2021-02-09 18:30:00	3.8	북북서	337	10.20	26.31	0.62	6.4	0.79	7.0	6.4	남서	235	5.8	1022.5	-	66	
2021-02-09 18:35:00	2.9	서북서	292	10.21	26.37	0.66	7.1	1.02	7.0	6.7	남서	235	5.7	1022.5	-	88	
2021-02-09 18:40:00	2.0	남동	140	10.22	26.35	0.61	7.0	0.80	6.5	7.0	서남서	238	5.6	1022.4	-	51	
2021-02-09 18:45:00	1.1	북	354	10.21	26.23	0.56	6.0	0.69	5.5	7.0	남서	235	5.6	1022.4	-	38	
2021-02-09 18:50:00	2.6	북북서	331	10.20	26.40	0.62	7.0	0.83	8.5	7.0	서남서	238	5.5	1022.4	-	58	
2021-02-09 18:55:00	2.1	북북서	343	10.20	26.41	0.56	6.7	0.83	6.5	7.3	남서	236	5.5	1022.3	-	64	
2021-02-09 19:00:00	4.9	서	276	10.19	26.62	0.67	7.2	0.99	7.5	7.8	서남서	242	5.5	1022.3	-	81	
2021-02-09 19:05:00	3.2	북동	56	10.19	26.69	0.59	7.0	0.85	6.5	7.5	서남서	237	5.5	1022.3	-	62	
2021-02-09 19:10:00	3.4	동	99	10.18	26.77	0.45	7.5	0.59	6.0	7.7	서남서	237	5.6	1022.3	-	84	
2021-02-09 19:15:00	3.4	서남서	247	10.17	26.62	0.54	6.9	0.64	8.0	7.8	서남서	241	5.4	1022.3	-	52	
2021-02-09 19:20:00	5.1	서남서	248	10.17	26.53	0.59	6.6	0.87	6.0	7.8	서남서	243	5.4	1022.4	-	49	
2021-02-09 19:25:00	2.3	서북서	301	10.19	26.73	0.66	7.3	0.85	7.0	7.0	서남서	243	5.2	1022.4	-	75	
2021-02-09 19:30:00	3.5	서남서	258	10.19	27.35	0.67	6.9	0.94	7.5	7.0	서남서	242	5.2	1022.4	-	79	
2021-02-09 19:35:00	3.6	남서	225	10.18	26.70	0.58	6.7	0.81	7.0	6.8	서남서	241	5.1	1022.4	-	64	
2021-02-09 19:40:00	3.5	북	356	10.18	26.77	0.56	6.8	0.88	8.0	6.5	서남서	241	5.1	1022.4	-	89	
2021-02-09 19:45:00	4.3	동남동	123	10.16	26.76	0.60	7.1	0.72	8.0	6.5	서남서	238	4.8	1022.4	-	58	
2021-02-09 19:50:00	6.3	서	260	10.17	26.89	0.57	7.1	0.70	7.5	6.4	남서	235	4.8	1022.4	-	65	
2021-02-09 19:55:00	3.2	서북서	301	10.17	26.81	0.56	6.8	0.78	5.5	5.9	남서	236	4.7	1022.4	-	68	
2021-02-09 20:00:00	3.7	북동	51	10.16	26.88	0.63	7.2	1.11	6.5	6.2	서남서	238	4.7	1022.4	-	88	
2021-02-09 20:05:00	4.1	서북서	284	10.16	26.60	0.67	7.1	0.90	7.0	6.9	서남서	237	4.5	1022.4	-	92	
2021-02-09 20:10:00	5.4	동북동	72	10.15	26.70	0.61	7.0	0.77	6.0	6.9	남서	236	4.6	1022.4	-	58	
2021-02-09 20:15:00	2.2	북북서	327	10.15	26.68	0.69	7.1	0.92	6.0	7.0	남서	235	4.5	1022.3	-	68	
2021-02-09 20:20:00	9.4	북북서	338	10.16	26.47	0.68	7.4	0.95	6.5	6.4	서남서	241	4.5	1022.3	-	63	
2021-02-09 20:25:00	4.9	북동	43	10.15	26.46	0.60	7.0	0.73	7.5	6.6	서남서	238	4.5	1022.3	-	81	
2021-02-09 20:30:00	5.0	북동	52	10.14	26.64	0.54	6.8	0.67	7.5	6.3	서남서	239	4.5	1022.3	-	74	
2021-02-09 20:35:00	3.4	북북서	334	10.13	26.69	0.48	6.7	0.67	6.0	6.5	서남서	239	4.4	1022.4	-	68	
2021-02-09 20:40:00	7.1	남	189	10.13	26.58	0.57	6.7	0.82	6.0	6.8	남서	234	4.4	1022.5	-	69	
2021-02-09 20:45:00	3.8	동남동	106	10.12	26.41	0.60	7.1	1.15	8.0	6.6	서남서	237	4.3	1022.6	-	53	
2021-02-09 20:50:00	3.2	남서	236	10.13	26.57	0.65	7.1	1.07	7.5	7.5	서남서	241	4.3	1022.6	-	78	
2021-02-09 20:55:00	0.0	서	263	10.13	26.53	0.55	6.9	0.76	6.0	6.7	서남서	239	4.3	1022.7	-	92	
2021-02-09 21:00:00	2.2	북동	44	10.13	26.59	0.54	6.8	0.65	6.0	5.4	서남서	237	4.3	1022.8	-	38	
2021-02-09 21:05:00	4.3	남동	127	10.13	26.23	0.53	7.4	0.83	8.0	5.6	서남서	238	4.3	1022.7	-	58	
2021-02-09 21:10:00	4.6	서	271	10.13	26.29	0.54	7.1	0.74	7.0	6.6	서남서	239	4.3	1022.7	-	96	
2021-02-09 21:15:00	9.0	북북동	28	10.12	26.69	0.56	7.3	0.90	7.0	6.8	서남서	237	4.3	1022.7	-	78	
2021-02-09 21:20:00	6.6	북북서	339	10.11	26.72	0.50	6.3	0.67	5.5	6.1	남서	236	4.3	1022.8	-	38	
2021-02-09 21:25:00	1.5	북서	305	10.11	26.56	0.52	6.4	0.64	6.0	5.9	남서	235	4.2	1022.8	-	47	
2021-02-09 21:30:00	4.0	북서	312	10.11	26.60	0.49	7.0	0.62	7.0	6.4	남서	232	4.2	1022.8	-	32	
2021-02-09 21:35:00	6.8	동북동	65	10.11	26.57	0.60	6.8	0.81	6.5	6.3	서남서	243	4.1	1022.8	-	90	
2021-02-09 21:40:00	2.3	동북동	68	10.10	26.57	0.64	6.6	0.83	6.0	6.5	서남서	238	4.2	1022.8	-	90	
2021-02-09 21:45:00	2.0	남서	233	10.10	26.86	0.56	7.7	0.68	6.5	7.0	서남서	237	4.1	1022.7	-	73	
2021-02-09 21:50:00	3.9	북동	45	10.10	27.27	0.58	7.2	0.80	6.5	6.5	서남서	242	4.2	1022.8	-	94	
2021-02-09 21:55:00	4.8	북북동	34	10.10	27.40	0.53	7.0	0.66	7.0	6.4	서남서	239	4.2	1022.8	-	62	
2021-02-09 22:00:00	7.6	북서	321	10.10	26.80	0.55	6.4	0.72	6.0	5.9	남서	236	4.2	1022.9	-	63	
2021-02-09 22:05:00	7.3	북북서	329	10.09	26.71	0.71	6.5	1.16	6.5	5.8	남서	233	4.1	1022.8	-	62	
2021-02-09 22:10:00	5.1	북동	36	10.08	26.01	0.64	7.3	0.93	6.5	6.1	서남서	238	4.2	1022.8	-	57	
2021-02-09 22:15:00	4.5	북북서	335	10.09	26.35	0.52	6.7	0.66	7.0	5.9	남서	235	4.2	1022.8	-	48	
2021-02-09 22:20:00	3.1	남남동	156	10.08	26.73	0.60	6.9	0.79	8.5	5.8	남서	235	4.2	1022.7	-	80	
2021-02-09 22:25:00	4.7	북서	322	10.08	27.14	0.59	7.0	0.84	6.5	5.2	남서	234	4.2	1022.7	-	84	
2021-02-09 22:30:00	1.8	남남동	154	10.08	26.43	0.53	6.8	0.79	5.5	6.5	남서	232	4.1	1022.7	-	24	
2021-02-09 22:35:00	0.6	북북서	346	10.07	26.39	0.67	7.0	0.82	6.0	5.7	남서	234	4.2	1022.7	-	61	
2021-02-09 22:40:00	0.7	북북동	21	10.07	26.39	0.65	6.6	0.88	7.5	5.6	남서	228	4.2	1022.7	-	61	
2021-02-09 22:45:00	1.5	서	274	10.06	26.46	0.58	6.7	0.79	8.5	5.3	남서	232	4.2	1022.7	-	44	
2021-02-09 22:50:00	4.9	동북동	58	10.05	26.49	0.69	6.9	1.03	6.5	5.8	남서	231	4.1	1022.8	-	51	
2021-02-09 22:55:00	5.7	북	11	10.05	26.49	0.64	7.1	0.85	7.0	5.5	남서	231	4.0	1022.8	-	62	
2021-02-09 23:00:00	6.1	북서	312	10.05	26.72	0.52	6.3	0.93	7.0	5.4	남서	235	4.0	1022.8	-	41	
2021-02-09 23:05:00	7.2	북서	304	10.05	26.58	0.55	6.8	0.78	7.5	5.8	남서	236	4.1	1022.7	-	72	
2021-02-09 23:10:00	2.7	서남서	242	10.04	26.57	0.58	6.4	0.75	6.5	6.5	남서	230	4.1	1022.6	-	68	
2021-02-09 23:15:00	7.6	북북서	344	10.03	26.54	0.60	6.4	0.97	6.5	5.7	남서	232	4.0	1022.7	-	61	
2021-02-09 23:20:00	1.2	북북서	348	10.03	26.64	0.64	6.5	1.09	6.5	5.5	남서	232	4.0	1022.8	-	16	
2021-02-09 23:25:00	2.3	동북동	77	10.03	26.64	0.54	7.2	0.63	6.0	5.6	남서	232	3.9	1022.8	-	62	
2021-02-09 23:30:00	1.1	서	263	10.02	26.67	0.61	6.8	0.79	8.0	6.2	남서	234	3.8	1022.8	-	49	
2021-02-09 23:35:00	2.7	북북서	338	10.02	26.86	0.59	7.3	0.78	7.5	6.6	남서	233	3.9	1022.7	-	65	
2021-02-09 23:40:00	2.7	북	10	10.02	26.72	0.54	6.2	0.73	5.0	6.8	서남서	239	3.9	1022.8	-	70	
2021-02-09 23:45:00	1.7	북동	41	10.02	26.70	0.54	6.6	0.66	6.5	7.6	남서	232	3.8	1022.8	-	40	
2021-02-09 23:50:00	1.7	남서	227	10.02	27.03	0.62	6.9	0.82	7.0	7.2	남서	231	3.7	1022.9	-	78	
2021-02-09 23:55:00	8.2	북북동	23	10.01	26.32	0.60	7.0	0.72	7.0	7.5	남서	236	3.7	1022.8	-	68	
2021-02-10 00:00:00	5.1	북동	39	10.00	26.39	0.44	6.6	0.71	4.5	7.5	남서	236	3.6	1022.7	-	31	
2021-02-10 00:05:00	4.2	북	4	9.99	26.48	0.57	6.9	0.80	7.5	7.8	서남서	239	3.7	1022.7	-	62	
2021-02-10 00:10:00	8.0	북동	45	9.98	26.72	0.58	6.5	0.72	6.5	7.2	서남서	239	3.7	1022.7	-	64	
2021-02-10 00:15:00	2.7	동	92	9.97	26.81	0.65	7.3	0.83	6.5	7.4	남서	235	3.8	1022.8	-	53	
2021-02-10 00:20:00	4.0	북북서	348	9.97	26.90	0.49	5.7	0.79	5.5	7.0	서남서	239	3.8	1022.9	-	43	
2021-02-10 00:25:00	12.1	동북동	58	9.96	26.96	0.62	6.8	0.97	6.5	6.9	서남서	238	3.8	1022.9	-	51	
2021-02-10 00:30:00	4.5	남동	135	9.95	26.83	0.54	6.9	0.89	7.5	7.8	서남서	237	3.7	1022.9	-	46	
2021-02-10 00:35:00	0.9	북	349	9.95	26.90	0.56	6.1	0.71	6.0	7.2	서남서	238	3.7	1023.0	-	25	
2021-02-10 00:40:00	6.8	동북동	67	9.94	26.29	0.56	6.9	0.68	5.5	7.0	서남서	240	3.6	1023.1	-	64	
2021-02-10 00:45:00	14.9	서북서	302	9.94	26.51	0.50	6.1	0.61	5.5	7.6	서남서	237	3.5	1023.1	-	60	
2021-02-10 00:50:00	4.6	북북동	27	9.94	26.48	0.47	7.1	0.62	8.0	7.5	남서	236	3.4	1023.1	-	86	
2021-02-10 00:55:00	3.8	동	97	9.92	26.48	0.54	6.6	0.64	8.5	7.6	남서	236	3.4	1023.1	-	54	
2021-02-10 01:00:00	2.7	서	272	9.92	26.46	0.48	7.0	0.71	9.5	7.7	남서	234	3.2	1023.0	-	106	
2021-02-10 01:05:00	14.4	서북서	294	9.94	26.49	0.61	7.2	0.85	7.5	6.8	남서	231	3.3	1023.1	-	64	
2021-02-10 01:10:00	3.1	북북서	327	9.95	26.50	0.51	6.9	0.76	8.0	7.3	남서	229	3.3	1023.0	-	46	
2021-02-10 01:15:00	3.7	동북동	79	9.94	26.40	0.52	6.2	0.80	6.0	6.8	남서	233	3.2	1023.0	-	34	
2021-02-10 01:20:00	9.2	서남서	243	9.94	26.42	0.43	6.2	0.61	8.5	7.0	남서	234	3.3	1023.0	-	19	
2021-02-10 01:25:00	9.2	북동	38	9.93	26.55	0.50	7.4	0.63	7.5	6.6	서남서	240	3.5	1023.0	-	61	
2021-02-10 01:30:00	4.9	남남동	151	9.92	26.63	0.48	7.2	0.65	6.5	6.7	서남서	239	3.5	1023.1	-	76	
2021-02-10 01:35:00	2.5	동	86	9.92	26.56	0.52	5.9	0.85	5.5	6.0	남서	234	3.5	1023.1	-	66	
2021-02-10 01:40:00	1.7	북	7	9.91	26.49	0.51	6.3	0.66	8.5	6.0	남서	236	3.5	1023.1	-	37	
2021-02-10 01:45:00	11.1	북북동	31	9.91	26.46	0.49	6.5	0.73	7.5	5.3	남서	234	3.6	1023.2	-	73	
2021-02-10 01:50:00	9.2	남남동	147	9.89	26.84	0.48	7.0	0.67	6.0	5.8	남서	234	3.8	1023.2	-	31	
2021-02-10 01:55:00	7.6	남남동	163	9.90	26.91	0.51	6.1	0.81	8.0	6.1	서남서	241	3.9	1023.2	-	77	
2021-02-10 02:00:00	24.8	북	6	9.90	26.37	0.49	6.9	0.74	8.5	6.0	남서	235	3.8	1023.2	-	93	
2021-02-10 02:05:00	5.3	북북동	19	9.89	26.38	0.60	7.4	0.93	6.0	6.1	남서	235	3.8	1023.1	-	61	
2021-02-10 02:10:00	4.4	남남동	151	9.89	26.38	0.54	5.8	0.87	5.5	5.6	서남서	241	3.8	1023.2	-	14	
2021-02-10 02:15:00	20.7	북북동	13	9.88	26.65	0.48	6.2	0.74	8.5	5.6	서남서	237	3.8	1023.1	-	52	
2021-02-10 02:20:00	20.9	동북동	68	9.87	26.89	0.54	6.1	0.70	5.5	5.7	서남서	238	3.7	1023.1	-	30	
2021-02-10 02:25:00	3.8	북북동	28	9.85	27.46	0.53	6.1	0.88	5.5	5.6	서남서	240	3.8	1023.0	-	69	
2021-02-10 02:30:00	10.4	북	2	9.84	27.06	0.54	6.8	0.78	5.0	6.8	남서	236	3.9	1022.9	-	52	
2021-02-10 02:35:00	11.9	동남동	117	9.82	27.69	0.50	6.3	0.70	6.5	5.8	남서	236	3.8	1023.0	-	65	
2021-02-10 02:40:00	11.5	동	85	9.82	26.43	0.49	6.5	0.72	7.0	5.6	서남서	243	3.8	1023.1	-	56	
2021-02-10 02:45:00	10.2	북북동	16	9.82	26.64	0.43	5.6	0.64	6.5	5.3	서남서	237	3.9	1023.0	-	93	
2021-02-10 02:50:00	5.8	동남동	121	9.82	26.60	0.53	7.4	0.71	7.0	4.4	남서	231	3.7	1023.0	-	84	
2021-02-10 02:55:00	6.6	동북동	60	9.81	26.57	0.48	5.4	0.63	5.5	3.8	남서	227	3.7	1023.0	-	28	
2021-02-10 03:00:00	3.8	동북동	61	9.81	26.66	0.50	6.7	0.78	7.0	6.1	남서	234	3.9	1022.8	-	32	
2021-02-10 03:05:00	4.5	동	89	9.81	26.73	0.49	6.5	0.72	5.5	5.9	서남서	238	3.8	1022.6	-	73	
2021-02-10 03:10:00	13.1	북북동	18	9.80	26.70	0.42	6.3	0.63	7.5	4.5	서남서	249	3.7	1022.5	-	59	
2021-02-10 03:15:00	3.6	동남동	114	9.79	26.69	0.54	6.3	0.68	5.5	4.2	서남서	240	3.7	1022.5	-	27	
2021-02-10 03:20:00	2.9	남남동	166	9.79	26.78	0.51	6.6	0.76	5.0	5.8	서남서	237	3.8	1022.5	-	21	
2021-02-10 03:25:00	3.7	동남동	102	9.79	26.97	0.54	6.6	0.76	6.0	5.9	남서	234	3.8	1022.4	-	57	
2021-02-10 03:30:00	4.5	동	94	9.80	27.03	0.49	6.4	0.69	6.0	6.5	서남서	240	3.9	1022.4	-	354	
2021-02-10 03:35:00	5.3	동	86	9.78	27.07	0.48	6.2	0.65	6.5	5.4	남서	236	3.8	1022.4	-	12	
2021-02-10 03:40:00	9.0	북동	48	9.77	26.95	0.48	5.4	0.63	6.0	5.5	남서	235	3.7	1022.3	-	2	
2021-02-10 03:45:00	3.6	북북동	31	9.76	26.89	0.52	5.4	0.76	5.0	4.6	남서	234	3.8	1022.3	-	232	
2021-02-10 03:50:00	6.6	남	183	9.76	26.78	0.51	5.8	0.80	5.5	4.4	남서	230	4.0	1022.3	-	77	
2021-02-10 03:55:00	4.0	동	101	9.76	26.72	0.45	6.0	0.61	6.0	4.2	남서	227	4.1	1022.1	-	91	
2021-02-10 04:00:00	6.1	동북동	70	9.75	26.92	0.47	7.0	0.57	8.0	4.2	남서	229	4.1	1022.1	-	67	
2021-02-10 04:05:00	6.1	북동	56	9.75	26.96	0.48	6.4	0.61	5.0	3.6	서남서	238	3.8	1022.2	-	45	
2021-02-10 04:10:00	8.4	동	97	9.74	27.08	0.53	5.8	0.74	6.5	2.3	서남서	248	3.6	1022.2	-	171	
2021-02-10 04:15:00	0.7	동북동	71	9.72	27.12	0.48	6.3	0.64	5.5	2.3	서남서	252	3.6	1022.2	-	357	
2021-02-10 04:20:00	16.6	동남동	109	9.72	27.07	0.46	6.2	0.71	5.0	3.3	서남서	248	3.8	1022.0	-	27	
2021-02-10 04:25:00	4.4	북동	54	9.72	27.10	0.50	5.8	0.69	6.5	4.0	서	269	4.2	1021.9	-	35	
2021-02-10 04:30:00	5.2	동남동	117	9.70	27.13	0.43	5.4	0.68	5.5	3.4	서남서	238	4.3	1022.0	-	351	
2021-02-10 04:35:00	5.3	북동	51	9.70	27.23	0.50	6.4	0.63	5.5	3.8	남서	230	4.0	1021.9	-	27	
2021-02-10 04:40:00	5.9	북동	54	9.69	26.08	0.44	5.3	0.74	6.5	4.2	서	263	4.6	1021.9	-	2	
2021-02-10 04:45:00	1.2	남남서	211	9.68	26.00	0.49	5.5	0.71	6.5	3.2	서	261	5.0	1022.0	-	0	
2021-02-10 04:50:00	10.2	동	86	9.68	26.74	0.51	6.0	0.92	7.5	4.5	서남서	248	4.9	1022.0	-	50	
2021-02-10 04:55:00	6.1	동	83	9.67	25.99	0.52	5.1	0.75	4.5	4.8	서남서	247	4.4	1022.2	-	335	
2021-02-10 05:00:00	6.2	동	93	9.67	26.00	0.56	5.8	0.78	6.0	4.1	서남서	256	4.8	1022.1	-	34	
2021-02-10 05:05:00	7.8	남동	140	9.66	26.01	0.59	5.8	0.79	6.0	5.3	서	261	4.9	1022.3	-	54	
2021-02-10 05:10:00	6.8	북동	56	9.65	25.99	0.51	5.5	0.69	4.5	4.9	서남서	251	4.7	1022.3	-	61	
2021-02-10 05:15:00	3.7	남동	144	9.64	25.85	0.63	6.6	0.83	7.0	4.7	서	265	4.9	1022.2	-	39	
2021-02-10 05:20:00	3.4	남남동	163	9.65	25.90	0.54	5.3	0.82	7.0	5.3	서남서	244	5.0	1022.1	-	58	
2021-02-10 05:25:00	14.3	동북동	67	9.65	25.96	0.48	5.4	0.64	5.0	5.9	서남서	249	4.9	1022.2	-	50	
2021-02-10 05:30:00	5.7	동	95	9.64	25.93	0.49	4.8	0.66	5.0	5.1	서남서	253	5.1	1022.0	-	337	
2021-02-10 05:35:00	10.9	동	100	9.64	25.85	0.54	5.5	0.69	6.0	4.9	서	261	4.9	1022.0	-	53	
2021-02-10 05:40:00	6.0	동남동	116	9.63	25.88	0.44	6.6	0.64	5.0	5.6	남서	233	4.6	1021.9	-	36	
2021-02-10 05:45:00	3.7	동	83	9.61	25.88	0.58	5.6	0.82	6.0	4.6	서남서	241	4.6	1021.9	-	338	
2021-02-10 05:50:00	6.7	동북동	63	9.59	25.86	0.45	4.8	0.71	4.5	5.3	서남서	242	4.3	1021.8	-	344	
2021-02-10 05:55:00	8.1	동북동	58	9.58	25.96	0.49	6.2	0.71	7.5	5.4	남서	231	3.8	1021.8	-	62	
2021-02-10 06:00:00	14.9	동남동	102	9.57	25.96	0.57	6.0	0.87	6.0	5.1	서남서	244	3.9	1021.9	-	56	
2021-02-10 06:05:00	16.0	동남동	112	9.57	25.99	0.49	5.8	0.73	6.0	5.1	서남서	245	3.6	1021.9	-	324	
2021-02-10 06:10:00	12.1	동	100	9.56	27.14	0.52	5.8	0.64	7.0	5.5	서남서	252	3.1	1022.0	-	35	
2021-02-10 06:15:00	14.2	동남동	106	9.56	27.16	0.55	6.1	0.75	5.5	5.8	서남서	245	3.1	1021.9	-	32	
2021-02-10 06:20:00	19.8	동	79	9.55	27.10	0.44	6.1	0.65	6.5	6.6	서남서	243	3.4	1021.9	-	74	
2021-02-10 06:25:00	9.1	동남동	103	9.54	27.09	0.49	6.1	0.59	7.5	6.6	서남서	240	3.5	1021.9	-	27	
2021-02-10 06:30:00	6.8	북북동	15	9.54	27.02	0.44	5.8	0.63	4.0	6.8	남서	236	4.0	1021.9	-	203	
2021-02-10 06:35:00	0.2	서남서	246	9.53	27.04	0.49	6.3	0.64	5.5	7.1	남서	235	4.0	1021.9	-	61	
2021-02-10 06:40:00	8.4	남동	144	9.52	27.10	0.46	5.0	0.74	6.5	7.1	서남서	239	4.0	1021.9	-	24	
2021-02-10 06:45:00	5.0	동북동	65	9.51	27.09	0.50	5.5	0.78	4.5	6.8	남서	235	4.0	1021.9	-	27	
2021-02-10 06:50:00	4.5	남동	126	9.51	27.05	0.47	7.0	0.65	6.5	7.0	남서	234	3.9	1021.8	-	33	
2021-02-10 06:55:00	2.3	북북동	30	9.50	27.06	0.54	7.4	0.65	8.5	6.5	남서	234	3.6	1022.0	-	83	
2021-02-10 07:00:00	2.7	북	5	9.50	26.85	0.47	5.8	0.76	7.0	7.4	남서	231	3.8	1021.9	-	26	
2021-02-10 07:05:00	1.1	남서	228	9.49	26.35	0.46	6.5	0.63	6.0	6.8	남서	233	3.8	1022.0	-	46	
2021-02-10 07:10:00	2.7	북동	37	9.48	25.85	0.42	6.8	0.48	8.0	6.8	남서	233	3.8	1022.0	-	65	
2021-02-10 07:15:00	2.8	동	90	9.48	25.90	0.47	6.6	0.55	6.0	7.4	남서	234	3.9	1022.0	-	49	
2021-02-10 07:20:00	1.8	북북동	15	9.48	25.99	0.41	6.5	0.49	8.0	6.6	남서	229	4.0	1022.1	-	71	
2021-02-10 07:25:00	2.1	남동	140	9.47	25.99	0.46	6.5	0.64	7.0	6.9	남서	232	4.1	1022.1	-	28	
2021-02-10 07:30:00	5.4	북북서	334	9.47	25.95	0.41	6.1	0.56	7.5	7.1	남서	230	4.0	1022.2	-	33	
2021-02-10 07:35:00	3.3	동	92	9.47	25.96	0.39	6.3	0.52	6.0	6.8	남서	231	3.9	1022.2	-	68	
2021-02-10 07:40:00	3.5	북서	318	9.46	25.94	0.42	5.6	0.60	5.5	6.2	남서	229	3.8	1022.3	-	50	
2021-02-10 07:45:00	2.1	북북서	347	9.45	25.98	0.40	6.4	0.58	6.5	5.9	남서	230	3.9	1022.3	-	19	
2021-02-10 07:50:00	2.8	북서	313	9.44	25.89	0.40	5.8	0.60	7.5	5.7	남서	232	3.9	1022.3	-	5	
2021-02-10 07:55:00	3.3	동북동	57	9.44	25.90	0.41	5.7	0.59	4.5	6.2	남서	232	4.1	1022.3	-	5	
2021-02-10 08:00:00	3.1	서북서	284	9.43	25.87	0.35	6.7	0.55	6.5	5.7	남서	235	4.1	1022.3	-	192	
2021-02-10 08:05:00	1.6	북북동	17	9.42	25.95	0.36	6.2	0.51	6.0	6.3	남서	232	4.1	1022.3	-	44	
2021-02-10 08:10:00	4.7	북북서	342	9.41	25.90	0.37	6.2	0.60	5.0	5.5	남서	232	4.1	1022.3	-	28	
2021-02-10 08:15:00	2.3	남남서	204	9.41	25.91	0.34	6.5	0.45	6.5	5.8	남서	235	4.3	1022.3	-	83	
2021-02-10 08:20:00	5.8	서북서	285	9.40	25.88	0.41	7.0	0.56	6.0	5.9	남서	234	4.3	1022.3	-	7	
2021-02-10 08:25:00	4.3	서북서	295	9.40	26.01	0.40	6.9	0.61	8.0	6.3	남서	233	4.4	1022.3	-	76	
2021-02-10 08:30:00	3.3	북동	38	9.40	26.63	0.42	6.3	0.57	8.0	6.6	남서	236	4.5	1022.2	-	78	
2021-02-10 08:35:00	1.5	남서	236	9.39	26.69	0.39	6.2	0.53	5.0	6.6	남서	233	4.5	1022.0	-	22	
2021-02-10 08:40:00	1.1	남남동	156	9.40	26.73	0.35	6.7	0.50	7.0	5.8	남서	231	4.6	1021.9	-	91	
2021-02-10 08:45:00	0.9	남동	130	9.40	26.72	0.36	6.8	0.50	6.5	6.1	남서	232	4.7	1021.9	-	356	
2021-02-10 08:50:00	0.4	서	278	9.40	25.94	0.34	5.7	0.59	5.5	5.3	남서	233	4.8	1022.0	-	25	
2021-02-10 08:55:00	5.9	북서	320	9.40	25.93	0.33	6.7	0.44	7.0	5.0	남서	231	4.9	1022.0	-	56	
2021-02-10 09:00:00	0.8	남남서	196	9.39	25.90	0.33	5.8	0.46	7.0	5.3	남서	230	4.9	1022.0	-	39	
2021-02-10 09:05:00	2.4	서	273	9.38	25.94	0.38	7.0	0.55	6.5	4.6	서남서	238	5.0	1022.0	-	93	
2021-02-10 09:10:00	0.8	북북서	348	9.38	25.92	0.36	6.3	0.46	6.0	4.9	남서	230	5.2	1021.9	-	20	
2021-02-10 09:15:00	5.3	북서	315	9.38	26.00	0.42	5.7	0.53	4.5	5.0	남서	233	5.2	1021.8	-	38	
2021-02-10 09:20:00	8.0	북서	305	9.39	25.97	0.37	6.0	0.44	7.0	3.8	남서	229	5.3	1021.8	-	51	
2021-02-10 09:25:00	7.9	북서	305	9.40	26.01	0.35	5.7	0.44	7.0	4.9	남서	230	5.4	1021.7	-	208	
2021-02-10 09:30:00	7.1	북서	305	9.40	26.03	0.40	7.2	0.53	6.0	5.1	남서	222	5.6	1021.8	-	38	
2021-02-10 09:35:00	2.6	남서	232	9.41	25.96	0.38	6.2	0.66	6.5	4.5	남서	223	5.7	1021.7	-	68	
2021-02-10 09:40:00	6.6	북서	320	9.41	25.93	0.41	6.3	0.48	6.0	3.9	남서	218	5.8	1021.7	-	6	
2021-02-10 09:45:00	4.6	서	269	9.41	25.93	0.36	6.7	0.48	6.0	4.7	남남서	211	6.0	1021.7	-	67	
2021-02-10 09:50:00	2.2	북북서	337	9.41	25.94	0.36	6.2	0.46	5.0	3.4	남서	222	6.1	1021.8	-	78	
2021-02-10 09:55:00	6.7	북서	320	9.40	25.93	0.37	6.2	0.45	7.5	3.4	남서	224	6.4	1021.7	-	32	
2021-02-10 10:00:00	6.8	서북서	290	9.39	25.99	0.41	6.4	0.64	5.5	3.5	남서	221	6.4	1021.7	-	41	
2021-02-10 10:05:00	8.1	북서	311	9.39	26.26	0.39	5.8	0.44	5.5	3.5	남서	221	6.6	1021.6	-	105	
2021-02-10 10:10:00	3.6	북서	306	9.38	26.91	0.42	7.2	0.57	7.5	3.7	남서	225	6.6	1021.7	-	86	
2021-02-10 10:15:00	7.7	북서	321	9.38	26.75	0.42	7.5	0.60	7.0	4.2	남서	232	6.6	1021.7	-	40	
2021-02-10 10:20:00	7.5	서북서	289	9.39	26.73	0.42	6.2	0.61	7.0	4.0	남서	228	6.6	1021.6	-	30	
2021-02-10 10:25:00	3.3	북서	305	9.39	26.70	0.42	6.6	0.52	5.5	4.0	남서	232	6.7	1021.5	-	30	
2021-02-10 10:30:00	9.3	북서	321	9.40	26.88	0.45	5.9	0.60	7.0	4.3	서남서	240	6.8	1021.5	-	21	
2021-02-10 10:35:00	14.3	북북서	348	9.39	26.81	0.43	6.3	0.59	6.0	4.2	남서	235	6.9	1021.6	-	59	
2021-02-10 10:40:00	5.9	서북서	288	9.38	26.82	0.44	6.6	0.63	5.5	3.4	남서	235	6.9	1021.5	-	53	
2021-02-10 10:45:00	10.2	북서	323	9.36	26.72	0.43	6.1	0.62	6.5	5.1	남서	233	6.9	1021.4	-	34	
2021-02-10 10:50:00	6.8	북북서	339	9.32	26.37	0.39	6.0	0.59	5.5	4.7	남서	232	6.9	1021.5	-	63	
2021-02-10 10:55:00	9.4	북서	310	9.34	26.02	0.46	5.9	0.66	6.0	4.3	남서	214	7.0	1021.4	-	32	
2021-02-10 11:00:00	9.4	북서	312	9.35	26.04	0.41	5.9	0.59	6.0	4.4	남서	225	7.0	1021.5	-	69	
2021-02-10 11:05:00	13.1	북북서	327	9.36	26.06	0.44	5.7	0.55	7.0	3.4	남서	224	7.1	1021.6	-	34	
2021-02-10 11:10:00	8.4	북서	304	9.37	26.41	0.46	6.5	0.60	6.0	3.9	서남서	240	7.2	1021.6	-	37	
2021-02-10 11:15:00	11.4	북	350	9.37	26.47	0.45	6.4	0.52	7.0	4.4	남서	229	7.2	1021.6	-	31	
2021-02-10 11:20:00	12.6	북서	313	9.37	26.75	0.45	6.0	0.65	6.5	5.2	남서	221	7.2	1021.6	-	39	
2021-02-10 11:25:00	4.7	서남서	256	9.38	26.75	0.45	6.6	0.73	5.0	5.6	남서	218	7.2	1021.6	-	57	
2021-02-10 11:30:00	10.6	북서	319	9.38	26.59	0.35	6.2	0.46	6.0	5.7	남서	230	7.2	1021.6	-	341	
2021-02-10 11:35:00	8.3	북서	316	9.39	26.59	0.37	6.6	0.68	5.0	4.8	남서	233	7.3	1021.5	-	23	
2021-02-10 11:40:00	7.8	서북서	294	9.40	26.60	0.44	6.1	0.51	6.0	5.7	남서	230	7.5	1021.5	-	132	
2021-02-10 11:45:00	10.1	북북서	327	9.40	26.62	0.41	5.9	0.63	5.0	5.8	남서	228	7.6	1021.4	-	46	
2021-02-10 11:50:00	8.5	북북서	334	9.39	26.69	0.41	5.8	0.57	8.0	6.9	서남서	239	7.7	1021.4	-	70	
2021-02-10 11:55:00	12.8	북	352	9.40	26.63	0.39	5.9	0.66	4.5	7.2	남서	233	7.8	1021.3	-	66	
2021-02-10 12:00:00	6.4	북	358	9.41	26.73	0.42	6.1	0.60	8.0	6.7	서남서	240	7.8	1021.3	-	43	
2021-02-10 12:05:00	14.1	북북서	347	9.40	26.73	0.44	5.9	0.56	5.0	6.9	서남서	241	7.9	1021.3	-	9	
2021-02-10 12:10:00	3.1	북	359	9.40	26.57	0.43	5.5	0.62	4.5	6.4	서남서	247	8.0	1021.3	-	55	
2021-02-10 12:15:00	1.8	서북서	297	9.41	26.54	0.45	6.1	0.61	5.0	6.6	서남서	248	8.2	1021.3	-	7	
2021-02-10 12:20:00	7.0	북북서	328	9.41	26.66	0.43	5.9	0.67	6.5	5.3	서	272	8.2	1021.3	-	4	
2021-02-10 12:25:00	4.3	북서	311	9.41	26.68	0.44	6.2	0.59	6.5	5.6	서남서	243	8.3	1021.1	-	44	
2021-02-10 12:30:00	5.0	북	9	9.41	26.64	0.46	5.0	0.66	4.0	5.5	서남서	251	8.4	1021.1	-	333	
2021-02-10 12:35:00	12.3	북	10	9.41	26.61	0.48	5.7	0.64	6.0	5.1	서남서	250	8.5	1021.1	-	12	
2021-02-10 12:40:00	7.6	북북동	12	9.42	26.64	0.48	5.8	0.73	5.0	3.7	북북서	336	8.4	1021.1	-	13	
2021-02-10 12:45:00	11.3	북북서	330	9.41	26.71	0.46	5.5	0.60	5.0	1.6	북북서	333	8.3	1021.1	-	32	
2021-02-10 12:50:00	6.4	북서	323	9.42	26.74	0.50	5.6	0.74	5.5	1.0	북서	324	8.8	1021.0	-	57	
2021-02-10 12:55:00	7.0	북북동	16	9.42	26.64	0.45	5.8	0.56	6.5	2.2	북북서	334	8.9	1021.0	-	26	
2021-02-10 13:00:00	6.1	북서	313	9.42	26.54	0.45	5.6	0.62	5.5	1.2	북서	310	8.9	1021.0	-	348	
2021-02-10 13:05:00	15.0	북	357	9.43	26.68	0.50	6.2	0.71	5.5	0.8	북서	323	9.1	1020.9	-	3	
2021-02-10 13:10:00	4.1	북	349	9.41	26.74	0.46	5.9	0.55	5.5	1.0	북북서	340	9.4	1020.9	-	36	
2021-02-10 13:15:00	1.8	남남동	152	9.41	26.66	0.50	5.5	0.63	6.0	0.6	남남동	157	9.6	1020.9	-	26	
2021-02-10 13:20:00	2.4	서	277	9.37	26.65	0.50	6.0	0.66	7.5	3.7	서남서	239	9.2	1020.8	-	18	
2021-02-10 13:25:00	6.6	서북서	295	9.39	26.65	0.49	5.7	0.75	7.0	5.2	남서	224	9.0	1020.5	-	27	
2021-02-10 13:30:00	5.5	북서	326	9.40	26.60	0.41	5.4	0.54	5.0	5.9	남서	227	8.8	1020.2	-	317	
2021-02-10 13:35:00	4.6	북동	39	9.41	26.78	0.48	5.4	0.62	5.0	5.9	남서	214	8.9	1020.1	-	5	
2021-02-10 13:40:00	18.4	북서	310	9.84	26.89	0.47	5.3	0.68	3.5	4.6	남서	220	9.0	1020.1	-	128	
2021-02-10 13:45:00	6.7	서	270	9.93	26.71	0.49	4.9	0.92	5.5	4.1	남서	228	9.1	1020.1	-	193	
2021-02-10 13:50:00	8.9	서남서	258	10.00	26.73	0.49	4.6	0.74	4.0	4.3	서남서	248	9.2	1019.9	-	319	
2021-02-10 13:55:00	18.0	북	6	10.01	26.79	0.46	5.1	0.64	4.5	1.6	서	266	9.4	1019.8	-	134	
2021-02-10 14:00:00	11.8	북	10	9.99	26.73	0.54	4.9	0.67	3.5	1.7	서남서	251	9.8	1019.8	-	43	
2021-02-10 14:05:00	9.9	서	268	10.00	26.63	0.51	6.0	0.82	6.0	4.5	서남서	250	9.6	1019.8	-	24	
2021-02-10 14:10:00	11.0	북서	318	9.99	26.69	0.48	5.1	0.69	5.0	4.2	서남서	250	9.4	1019.8	-	121	
2021-02-10 14:15:00	13.3	북북서	331	9.98	26.56	0.48	4.4	0.77	5.0	2.0	서북서	289	9.5	1019.7	-	341	
2021-02-10 14:20:00	14.2	북북서	337	9.96	26.87	0.51	4.7	0.75	4.5	0.9	서	272	9.9	1019.6	-	166	
2021-02-10 14:25:00	11.7	서북서	300	9.96	27.03	0.48	4.1	0.70	5.5	0.7	북	356	10.3	1019.5	-	330	
2021-02-10 14:30:00	2.2	서	267	9.95	26.84	0.50	5.1	0.80	4.0	2.8	서북서	300	10.1	1019.4	-	46	
2021-02-10 14:35:00	8.5	북서	317	9.96	26.82	0.55	4.8	0.67	3.5	1.3	남남서	209	10.0	1019.4	-	41	
2021-02-10 14:40:00	3.1	북	350	9.95	26.30	0.52	4.9	0.79	8.0	0.9	남남동	150	10.4	1019.4	-	169	
2021-02-10 14:45:00	15.0	북북서	348	9.94	27.37	0.51	5.3	0.72	8.5	0.6	남	172	10.6	1019.4	-	28	
2021-02-10 14:50:00	10.3	북서	312	9.95	26.18	0.56	4.9	0.82	5.0	0.7	동남동	115	10.5	1019.4	-	126	
2021-02-10 14:55:00	6.4	서북서	291	9.95	26.46	0.50	4.9	0.67	5.0	2.9	남서	221	10.4	1019.5	-	30	
2021-02-10 15:00:00	17.5	북북서	346	9.95	27.56	0.50	4.5	0.63	4.0	4.7	남남서	213	9.8	1019.6	-	158	
2021-02-10 15:05:00	13.5	북서	317	9.96	26.88	0.51	4.8	0.83	4.0	7.0	남서	216	9.7	1019.5	-	110	
2021-02-10 15:10:00	14.7	북서	316	9.98	26.75	0.45	4.2	0.67	6.5	5.5	남서	222	9.7	1019.5	-	154	
2021-02-10 15:15:00	8.8	서	278	9.97	27.59	0.42	5.1	0.50	3.5	4.7	남남서	210	9.9	1019.7	-	279	
2021-02-10 15:20:00	5.4	북서	321	9.96	26.96	0.49	4.6	0.70	4.0	4.4	남서	223	9.8	1019.8	-	40	
2021-02-10 15:25:00	7.1	북북서	336	9.92	26.81	0.45	5.8	0.60	7.5	5.1	남남서	210	9.9	1019.7	-	21	
2021-02-10 15:30:00	3.0	북북동	24	9.91	27.76	0.50	4.4	0.68	4.0	4.9	남남서	205	9.9	1019.7	-	148	
2021-02-10 15:35:00	5.0	북북동	28	9.93	26.67	0.51	4.6	0.77	6.0	5.7	남남서	204	9.8	1019.7	-	343	
2021-02-10 15:40:00	6.6	북북동	14	9.92	26.50	0.49	4.9	0.59	4.5	5.4	남남서	198	9.7	1019.7	-	184	
2021-02-10 15:45:00	10.3	북북서	341	9.91	26.47	0.43	4.5	0.61	4.5	5.2	남남서	202	9.8	1019.7	-	161	
2021-02-10 15:50:00	2.7	북북서	348	9.90	26.49	0.43	4.8	0.56	6.0	4.2	남남서	206	10.0	1019.8	-	170	
2021-02-10 15:55:00	16.1	북	353	9.88	26.43	0.47	5.1	0.69	6.5	6.2	남남서	192	9.8	1019.7	-	149	
2021-02-10 16:00:00	15.8	북북서	335	9.86	26.41	0.46	4.6	0.68	6.0	5.2	남남서	198	10.0	1019.7	-	134	
2021-02-10 16:05:00	16.5	북	352	9.85	27.17	0.48	5.5	0.82	6.5	5.9	남남서	201	9.9	1019.7	-	140	
2021-02-10 16:10:00	3.8	북북서	327	9.82	27.15	0.53	4.8	0.74	3.5	6.2	남남서	200	9.8	1019.7	-	164	
2021-02-10 16:15:00	9.1	북서	308	9.81	26.91	0.47	4.4	0.71	4.0	5.7	남남서	202	9.7	1019.7	-	156	
2021-02-10 16:20:00	5.2	북서	321	9.79	27.77	0.47	4.8	0.63	4.0	3.7	남남서	195	10.0	1019.8	-	169	
2021-02-10 16:25:00	17.8	북	350	9.76	26.60	0.46	5.2	0.69	5.5	3.8	남	188	10.1	1019.8	-	198	
2021-02-10 16:30:00	12.2	북북서	333	9.73	27.03	0.45	4.7	0.66	8.5	3.6	남남서	201	10.0	1019.8	-	108	
2021-02-10 16:35:00	8.2	북북서	329	9.72	27.26	0.53	4.4	0.74	4.0	2.1	남남서	202	10.1	1019.9	-	173	
2021-02-10 16:40:00	9.1	북북서	335	9.69	27.24	0.47	4.4	0.90	6.0	2.8	남	187	10.1	1019.9	-	153	
2021-02-10 16:45:00	12.2	북북서	329	9.68	27.23	0.54	4.6	0.88	5.5	2.0	남	185	9.9	1019.9	-	155	
2021-02-10 16:50:00	10.6	북서	313	9.66	27.09	0.44	4.6	0.64	5.5	3.1	서남서	240	10.1	1019.9	-	168	
2021-02-10 16:55:00	11.4	북서	321	9.66	26.98	0.53	4.8	0.83	4.0	4.2	서남서	239	9.8	1019.7	-	164	
2021-02-10 17:00:00	15.4	북북서	338	9.66	27.55	0.47	5.0	0.62	3.5	5.0	남서	227	9.5	1019.6	-	84	
2021-02-10 17:05:00	12.9	북북서	337	9.66	27.05	0.47	4.4	0.62	4.5	5.4	남서	228	9.5	1019.5	-	190	
2021-02-10 17:10:00	14.4	북북서	342	9.65	27.13	0.44	5.6	0.62	7.5	7.9	남서	233	9.0	1019.4	-	170	
2021-02-10 17:15:00	11.1	북서	323	9.62	27.05	0.45	4.3	0.66	3.5	7.4	남서	230	8.8	1019.4	-	30	
2021-02-10 17:20:00	2.5	서북서	290	9.54	26.98	0.47	5.2	0.70	6.0	7.8	남서	228	8.6	1019.4	-	170	
2021-02-10 17:25:00	1.2	남남서	192	9.49	26.79	0.45	4.4	0.66	7.5	8.6	남서	228	8.4	1019.5	-	153	
2021-02-10 17:30:00	3.4	북북서	344	9.48	27.33	0.41	4.3	0.65	5.0	8.1	남서	231	8.2	1019.5	-	183	
2021-02-10 17:35:00	9.5	북북서	346	9.49	27.06	0.46	5.3	0.72	4.5	8.5	남서	234	8.0	1019.4	-	77	
2021-02-10 17:40:00	5.4	북	354	9.49	27.07	0.44	5.2	0.74	4.5	8.4	남서	231	7.9	1019.5	-	130	
2021-02-10 17:45:00	5.5	북서	316	9.45	26.46	0.43	4.9	0.65	5.0	7.7	남서	232	7.8	1019.6	-	193	
2021-02-10 17:50:00	8.7	북북서	347	9.41	26.81	0.46	4.7	0.58	4.0	7.9	남서	236	7.7	1019.8	-	158	
2021-02-10 17:55:00	11.7	북	351	9.41	26.81	0.43	4.6	0.68	4.5	8.3	남서	216	7.7	1019.8	-	16	
2021-02-10 18:00:00	11.6	북북서	338	9.43	26.92	0.42	5.2	0.61	4.5	7.9	남남서	210	7.7	1019.8	-	32	
2021-02-10 18:05:00	10.6	서북서	297	9.43	26.96	0.43	5.0	0.53	4.0	6.2	남남서	209	7.7	1020.0	-	177	
2021-02-10 18:10:00	12.5	북	353	9.43	26.92	0.41	4.4	0.59	4.5	6.0	남남서	202	7.8	1020.1	-	155	
2021-02-10 18:15:00	8.2	서북서	295	9.43	26.99	0.43	5.0	0.62	6.0	5.6	남남서	205	7.7	1020.3	-	23	
2021-02-10 18:20:00	6.7	북북동	25	9.43	27.60	0.40	5.1	0.56	5.5	7.1	남남서	201	7.6	1020.3	-	168	
2021-02-10 18:25:00	2.3	북동	50	9.44	27.04	0.40	4.7	0.51	3.5	6.3	남남서	196	7.5	1020.4	-	167	
2021-02-10 18:30:00	11.6	북	356	9.44	27.68	0.37	4.8	0.46	7.0	7.1	남남서	209	7.5	1020.5	-	77	
2021-02-10 18:35:00	14.5	북북서	337	9.44	27.05	0.38	5.2	0.66	4.5	6.8	남남서	204	7.4	1020.4	-	58	
2021-02-10 18:40:00	11.5	서북서	284	9.43	26.79	0.42	5.2	0.60	4.5	7.1	남서	217	7.4	1020.4	-	26	
2021-02-10 18:45:00	6.3	북서	311	9.43	27.66	0.45	5.0	0.60	4.5	5.5	남서	219	7.4	1020.6	-	75	
2021-02-10 18:50:00	9.1	북	351	9.43	27.29	0.42	5.5	0.52	8.5	6.3	남서	228	7.4	1020.7	-	162	
2021-02-10 18:55:00	3.5	북	1	9.41	27.29	0.38	5.0	0.52	5.5	6.8	남서	230	7.4	1020.7	-	32	
2021-02-10 19:00:00	3.2	서북서	288	9.40	28.02	0.38	5.0	0.56	8.0	6.4	남서	230	7.5	1021.0	-	191	
2021-02-10 19:05:00	6.8	서북서	289	9.38	26.73	0.41	5.1	0.58	4.5	6.3	남서	234	7.4	1021.0	-	176	
2021-02-10 19:10:00	5.0	서북서	289	9.36	26.71	0.34	4.9	0.59	4.5	6.0	서남서	241	7.4	1021.1	-	166	
2021-02-10 19:15:00	7.5	북북동	17	9.33	26.90	0.38	5.1	0.50	4.0	7.9	남서	236	7.4	1021.1	-	31	
2021-02-10 19:20:00	11.7	북	9	9.32	27.28	0.33	5.2	0.50	5.0	7.7	남서	229	7.3	1021.1	-	167	
2021-02-10 19:25:00	17.0	북	2	9.28	26.70	0.37	5.3	0.50	5.0	7.6	남서	231	7.3	1021.0	-	205	
2021-02-10 19:30:00	12.3	북	1	9.26	26.85	0.40	5.0	0.54	4.5	7.1	남서	234	7.2	1021.0	-	153	
2021-02-10 19:35:00	27.8	북	356	9.23	27.04	0.31	4.5	0.46	5.5	6.7	서남서	237	7.1	1021.2	-	7	
2021-02-10 19:40:00	7.7	북북서	347	9.20	26.63	0.38	5.3	0.58	7.0	7.4	서남서	238	7.2	1021.2	-	157	
2021-02-10 19:45:00	14.3	북	357	9.18	26.60	0.39	4.8	0.58	5.5	7.4	서남서	237	7.1	1021.1	-	214	
2021-02-10 19:50:00	4.7	북북서	347	9.17	26.66	0.41	4.6	0.55	4.0	8.2	서남서	242	7.1	1021.1	-	14	
2021-02-10 19:55:00	12.0	북북동	16	9.13	26.96	0.40	4.8	0.52	4.0	7.1	서남서	240	7.1	1021.2	-	153	
2021-02-10 20:00:00	14.2	북	360	9.08	26.95	0.44	5.0	0.58	4.5	7.6	서남서	241	7.0	1021.2	-	336	
2021-02-10 20:05:00	21.7	북	8	9.04	26.83	0.43	5.2	0.52	5.5	7.6	서남서	239	7.0	1021.4	-	10	
2021-02-10 20:10:00	13.2	북	6	9.01	27.06	0.48	5.5	0.70	6.0	5.9	서남서	241	7.0	1021.5	-	359	
2021-02-10 20:15:00	11.4	북북동	29	9.01	27.05	0.46	5.0	0.66	4.0	5.9	서남서	237	7.0	1021.5	-	142	
2021-02-10 20:20:00	10.0	북북동	29	8.99	27.73	0.45	5.1	0.60	5.0	6.2	남서	230	7.0	1021.5	-	28	
2021-02-10 20:25:00	7.8	북	6	8.99	26.71	0.46	4.7	0.67	7.5	4.9	남서	231	6.9	1021.6	-	67	
2021-02-10 20:30:00	17.7	북서	323	9.00	26.74	0.44	4.4	0.62	4.5	4.9	서남서	239	7.0	1021.7	-	312	
2021-02-10 20:35:00	7.9	북북동	16	9.00	26.60	0.45	4.7	0.59	8.0	4.6	서남서	241	7.2	1021.7	-	177	
2021-02-10 20:40:00	13.7	북북서	339	9.01	27.74	0.43	5.1	0.64	4.0	5.6	서남서	239	7.2	1021.7	-	26	
2021-02-10 20:45:00	3.8	남남동	157	9.01	26.93	0.40	4.6	0.52	5.0	5.1	남서	235	7.2	1021.7	-	30	
2021-02-10 20:50:00	10.5	북북서	338	9.00	27.49	0.42	5.1	0.60	4.0	5.0	서남서	241	7.3	1021.7	-	169	
2021-02-10 20:55:00	11.5	북북서	335	9.01	26.92	0.43	5.0	0.72	5.0	5.0	서남서	242	7.2	1021.6	-	37	
2021-02-10 21:00:00	12.0	북서	314	9.00	26.89	0.38	4.8	0.56	5.0	4.6	서남서	245	7.1	1021.7	-	44	
2021-02-10 21:05:00	10.3	북북서	328	8.99	26.87	0.33	4.3	0.56	5.5	4.9	서남서	250	7.0	1021.6	-	171	
2021-02-10 21:10:00	11.0	북서	324	8.97	26.92	0.33	4.5	0.51	6.0	4.5	서남서	242	7.2	1021.6	-	105	
2021-02-10 21:15:00	20.1	북북서	347	8.95	26.91	0.36	5.2	0.49	4.0	4.1	서남서	255	7.3	1021.6	-	3	
2021-02-10 21:20:00	14.2	북	358	8.95	26.90	0.35	4.5	0.43	5.0	3.8	서남서	254	7.1	1021.7	-	276	
2021-02-10 21:25:00	14.5	남서	226	8.93	26.91	0.38	4.9	0.62	5.5	3.8	서	261	7.0	1021.8	-	36	
2021-02-10 21:30:00	15.7	북	358	8.91	26.95	0.34	4.5	0.47	4.5	3.5	서남서	242	7.0	1021.7	-	203	
2021-02-10 21:35:00	3.4	북북서	327	8.89	26.93	0.32	4.5	0.50	3.5	3.8	서남서	247	6.9	1021.7	-	164	
2021-02-10 21:40:00	1.4	서북서	293	8.88	26.95	0.37	4.8	0.53	4.5	4.0	서남서	249	6.9	1021.6	-	34	
2021-02-10 21:45:00	11.2	북서	305	8.86	26.95	0.40	5.0	0.49	5.0	3.4	서남서	249	7.0	1021.7	-	12	
2021-02-10 21:50:00	22.6	서북서	299	8.84	26.95	0.34	4.7	0.52	5.5	3.5	서	261	6.9	1021.9	-	143	
2021-02-10 21:55:00	15.5	북서	312	8.83	26.96	0.34	5.3	0.43	5.5	3.5	서남서	256	6.7	1022.0	-	28	
2021-02-10 22:00:00	6.6	북북서	335	8.81	26.88	0.32	5.4	0.53	3.5	3.3	서남서	246	6.7	1022.0	-	9	
2021-02-10 22:05:00	10.4	서북서	303	8.82	26.79	0.35	4.6	0.59	5.0	3.8	서남서	248	6.8	1021.9	-	15	
2021-02-10 22:10:00	2.7	동북동	62	8.80	27.02	0.33	4.6	0.43	5.0	4.6	서남서	238	6.9	1021.7	-	0	
2021-02-10 22:15:00	2.1	북북동	18	8.79	26.74	0.33	4.7	0.45	4.0	4.7	서남서	243	6.9	1021.6	-	168	
2021-02-10 22:20:00	4.6	서북서	286	8.78	27.19	0.35	4.3	0.49	3.0	3.8	서남서	238	6.8	1021.6	-	4	
2021-02-10 22:25:00	13.8	북북서	336	8.76	27.26	0.32	4.4	0.45	4.0	3.7	서남서	246	6.8	1021.7	-	24	
2021-02-10 22:30:00	8.3	서	279	8.74	27.06	0.36	4.5	0.61	6.5	3.9	서남서	250	6.7	1021.7	-	13	
2021-02-10 22:35:00	20.6	북서	320	8.75	27.09	0.35	4.3	0.46	8.5	3.8	서남서	243	6.7	1021.8	-	338	
2021-02-10 22:40:00	19.5	북북서	346	8.75	27.12	0.39	4.8	0.48	8.0	3.5	남서	232	6.8	1021.9	-	333	
2021-02-10 22:45:00	5.3	북북동	34	8.74	27.07	0.34	4.7	0.43	2.5	3.4	남서	229	6.8	1022.0	-	355	
2021-02-10 22:50:00	6.2	북북서	335	8.69	27.05	0.34	4.7	0.40	5.0	3.5	서남서	237	6.8	1022.1	-	342	
2021-02-10 22:55:00	19.2	북북서	333	8.69	26.95	0.37	4.5	0.53	3.5	3.5	서남서	246	6.9	1022.4	-	177	
2021-02-10 23:00:00	9.4	서북서	297	8.65	27.20	0.35	4.1	0.53	3.5	2.9	서남서	248	6.8	1022.2	-	170	
2021-02-10 23:05:00	15.6	북북서	345	8.65	27.07	0.34	5.0	0.61	4.0	2.2	서남서	248	6.7	1022.2	-	217	
2021-02-10 23:10:00	37.2	북	356	8.64	27.09	0.31	4.9	0.41	4.0	2.0	서남서	256	6.8	1022.3	-	173	
2021-02-10 23:15:00	24.2	북	354	8.61	27.04	0.38	4.6	0.50	5.0	1.7	서남서	255	6.8	1022.3	-	7	
2021-02-10 23:20:00	7.2	서북서	304	8.58	27.29	0.32	4.3	0.44	5.5	1.8	서남서	238	6.8	1022.3	-	28	
2021-02-10 23:25:00	20.2	북북서	341	8.62	27.04	0.40	4.3	0.57	5.0	2.2	남서	236	6.7	1022.2	-	170	
2021-02-10 23:30:00	20.8	서북서	284	8.61	26.55	0.37	4.8	0.47	5.0	2.3	남서	229	6.8	1022.3	-	158	
2021-02-10 23:35:00	6.3	북서	320	8.61	27.18	0.35	4.6	0.47	4.0	2.2	남서	234	6.8	1022.4	-	185	
2021-02-10 23:40:00	12.8	북	359	8.56	27.34	0.38	4.0	0.50	3.0	3.1	남서	226	6.9	1022.3	-	187	
2021-02-10 23:45:00	8.9	북서	315	8.55	27.06	0.36	4.3	0.54	4.5	2.9	남서	229	6.8	1022.5	-	175	
2021-02-10 23:50:00	6.6	서	281	8.50	26.92	0.38	4.0	0.54	4.0	3.1	서남서	239	6.7	1022.6	-	181	
2021-02-10 23:55:00	24.3	북북동	18	8.52	26.90	0.39	4.1	0.52	4.5	2.7	서남서	238	6.8	1022.6	-	332	
2021-02-11 00:00:00	4.9	남서	227	8.50	26.90	0.35	4.8	0.58	5.0	1.9	서	269	6.6	1022.5	-	195	
2021-02-11 00:05:00	8.6	북서	306	8.53	27.44	0.35	4.1	0.60	4.5	2.4	서남서	248	6.6	1022.6	-	20	
2021-02-11 00:10:00	8.7	서북서	302	8.53	26.78	0.35	4.0	0.47	7.5	2.1	서남서	254	6.4	1022.6	-	13	
2021-02-11 00:15:00	16.5	서	269	8.52	26.87	0.36	3.9	0.48	3.5	1.9	남서	228	6.5	1022.7	-	174	
2021-02-11 00:20:00	17.6	서	279	8.52	27.00	0.37	4.3	0.66	4.0	2.4	남서	236	6.6	1022.7	-	327	
2021-02-11 00:25:00	13.7	서북서	289	8.54	27.78	0.35	4.2	0.48	3.0	3.1	남서	226	6.6	1022.8	-	4	
2021-02-11 00:30:00	23.1	서북서	286	8.51	26.63	0.39	4.1	0.58	5.5	2.1	남서	231	6.5	1022.8	-	190	
2021-02-11 00:35:00	32.9	서북서	300	8.52	26.58	0.35	4.1	0.52	4.5	2.7	남서	218	6.4	1022.8	-	334	
2021-02-11 00:40:00	12.6	서북서	290	8.54	26.28	0.35	4.3	0.45	4.5	3.2	남서	232	6.5	1022.9	-	334	
2021-02-11 00:45:00	23.9	북서	310	8.55	26.74	0.34	4.4	0.42	7.0	3.4	서남서	245	6.5	1023.0	-	175	
2021-02-11 00:50:00	29.4	서북서	299	8.55	26.61	0.39	4.0	0.58	6.0	3.5	서남서	240	6.4	1023.1	-	165	
2021-02-11 00:55:00	14.6	서북서	293	8.51	26.60	0.34	4.1	0.48	3.5	3.3	서남서	247	6.3	1023.1	-	335	
2021-02-11 01:00:00	19.2	서	271	8.47	26.64	0.36	4.0	0.63	4.0	3.7	서남서	251	6.3	1023.1	-	348	
2021-02-11 01:05:00	15.3	북서	305	8.45	26.92	0.35	4.8	0.47	9.0	3.9	서남서	250	6.2	1023.1	-	162	
2021-02-11 01:10:00	13.0	서	278	8.45	27.06	0.38	4.1	0.50	4.0	3.6	서남서	255	6.1	1023.1	-	207	
2021-02-11 01:15:00	17.0	북서	310	8.45	26.86	0.33	4.2	0.50	4.5	3.8	서남서	249	6.2	1023.1	-	34	
2021-02-11 01:20:00	6.0	서북서	296	8.44	26.82	0.35	4.8	0.50	3.0	3.8	남서	234	6.3	1023.2	-	336	
2021-02-11 01:25:00	14.3	서남서	254	8.44	26.78	0.36	4.9	0.49	4.5	3.8	남서	231	6.2	1023.1	-	336	
2021-02-11 01:30:00	14.4	북서	312	8.44	26.78	0.38	4.5	0.53	4.5	4.1	서남서	243	6.2	1023.1	-	196	
2021-02-11 01:35:00	12.1	서북서	292	8.45	26.70	0.33	4.0	0.50	4.0	4.1	서남서	243	6.2	1023.2	-	124	
2021-02-11 01:40:00	12.2	서북서	288	8.45	26.70	0.33	4.8	0.47	4.5	4.6	서남서	237	6.4	1023.3	-	172	
2021-02-11 01:45:00	16.6	서북서	286	8.46	26.67	0.36	4.9	0.62	5.0	5.0	남서	234	6.4	1023.3	-	10	
2021-02-11 01:50:00	12.0	서북서	303	8.46	26.76	0.34	4.6	0.50	6.0	4.6	남서	233	6.3	1023.3	-	190	
2021-02-11 01:55:00	13.8	서	278	8.47	26.87	0.39	4.8	0.60	5.0	4.9	남서	236	6.3	1023.4	-	292	
2021-02-11 02:00:00	13.9	서	271	8.47	26.28	0.33	5.2	0.46	4.0	5.1	남서	232	6.4	1023.4	-	167	
2021-02-11 02:05:00	11.3	서북서	288	8.47	27.05	0.38	4.8	0.55	5.0	5.5	남서	232	6.5	1023.3	-	152	
2021-02-11 02:10:00	10.7	북서	311	8.47	27.21	0.37	4.5	0.47	5.5	5.7	서남서	237	6.6	1023.3	-	334	
2021-02-11 02:15:00	7.9	서북서	302	8.47	27.04	0.40	5.6	0.57	6.0	5.5	서남서	238	6.7	1023.4	-	181	
2021-02-11 02:20:00	20.8	서북서	292	8.48	26.89	0.37	4.7	0.51	5.0	5.7	서남서	238	6.6	1023.4	-	7	
2021-02-11 02:25:00	10.7	북서	323	8.60	27.15	0.34	5.1	0.44	5.5	5.4	서남서	242	6.5	1023.5	-	15	
2021-02-11 02:30:00	6.6	북북서	327	8.76	26.80	0.40	5.4	0.55	5.0	5.1	서남서	238	6.5	1023.5	-	252	
2021-02-11 02:35:00	12.6	북북서	343	8.81	26.76	0.40	5.4	0.55	4.0	4.7	서남서	241	6.5	1023.5	-	5	
2021-02-11 02:40:00	14.6	북서	309	8.84	26.74	0.36	5.1	0.48	4.0	5.2	서남서	247	6.5	1023.5	-	205	
2021-02-11 02:45:00	11.2	북서	323	8.86	27.08	0.37	5.0	0.58	3.5	5.3	서남서	243	6.5	1023.5	-	347	
2021-02-11 02:50:00	8.9	북북서	332	8.85	27.35	0.38	5.3	0.53	5.0	5.2	서남서	246	6.3	1023.5	-	105	
2021-02-11 02:55:00	5.4	서북서	292	8.89	27.06	0.37	5.6	0.55	4.5	5.9	서남서	242	6.4	1023.5	-	354	
2021-02-11 03:00:00	13.2	서북서	303	8.83	27.05	0.40	5.4	0.52	5.5	5.6	서남서	242	6.4	1023.4	-	343	
2021-02-11 03:05:00	13.0	북북서	340	8.81	27.03	0.39	5.1	0.62	5.0	5.2	서남서	245	6.3	1023.4	-	345	
2021-02-11 03:10:00	11.7	서북서	291	8.79	27.11	0.42	5.3	0.56	5.5	5.7	서남서	242	6.4	1023.3	-	0	
2021-02-11 03:15:00	10.1	북북서	332	8.77	27.11	0.39	5.4	0.59	5.5	5.4	서남서	240	6.3	1023.2	-	354	
2021-02-11 03:20:00	5.6	서	281	8.73	27.29	0.40	5.0	0.50	6.5	5.2	서남서	241	6.3	1023.2	-	348	
2021-02-11 03:25:00	9.9	북서	319	8.70	27.20	0.46	5.1	0.53	4.0	5.1	서남서	237	6.3	1023.3	-	353	
2021-02-11 03:30:00	7.8	북서	309	8.68	27.10	0.40	4.9	0.53	5.0	5.0	서남서	240	6.3	1023.3	-	142	
2021-02-11 03:35:00	4.3	북북서	328	8.67	27.15	0.35	4.5	0.52	5.5	5.4	서남서	237	6.3	1023.2	-	42	
2021-02-11 03:40:00	5.0	북북서	347	8.65	26.66	0.47	5.0	0.65	5.0	5.9	남서	234	6.4	1023.2	-	16	
2021-02-11 03:45:00	2.9	북북동	16	8.65	26.35	0.40	5.0	0.66	5.0	6.1	남서	234	6.3	1023.3	-	343	
2021-02-11 03:50:00	7.5	북북동	18	8.64	26.59	0.38	4.9	0.54	5.0	6.3	남서	235	6.2	1023.4	-	253	
2021-02-11 03:55:00	3.5	북	11	8.63	26.59	0.38	5.3	0.47	4.0	5.8	남서	235	6.2	1023.4	-	5	
2021-02-11 04:00:00	5.3	북북서	328	8.61	26.63	0.47	5.1	0.75	4.5	5.7	남서	232	6.2	1023.4	-	314	
2021-02-11 04:05:00	4.2	서	263	8.60	26.68	0.39	4.7	0.56	4.5	5.5	남서	233	6.2	1023.4	-	41	
2021-02-11 04:10:00	11.8	북서	316	8.59	26.60	0.41	4.9	0.51	4.5	5.7	남서	234	6.2	1023.3	-	148	
2021-02-11 04:15:00	15.5	북서	311	8.99	26.76	0.40	4.9	0.62	5.0	6.2	남서	236	6.2	1023.3	-	343	
2021-02-11 04:20:00	16.4	북서	312	9.16	26.83	0.37	4.7	0.64	5.0	6.4	서남서	239	6.2	1023.2	-	235	
2021-02-11 04:25:00	15.8	북서	304	9.21	26.97	0.36	5.8	0.52	8.0	6.4	서남서	240	6.1	1023.3	-	181	
2021-02-11 04:30:00	23.7	북서	313	9.23	27.03	0.39	5.3	0.55	5.5	6.4	서남서	240	6.1	1023.3	-	357	
2021-02-11 04:35:00	10.6	북서	308	9.20	26.63	0.43	5.4	0.54	5.5	6.6	서남서	237	6.1	1023.4	-	12	
2021-02-11 04:40:00	5.3	서	277	9.21	26.71	0.37	5.9	0.51	5.5	6.2	남서	232	6.0	1023.3	-	156	
2021-02-11 04:45:00	13.2	서북서	297	9.21	26.70	0.34	5.3	0.48	5.0	5.9	남서	233	6.0	1023.4	-	313	
2021-02-11 04:50:00	6.3	북서	315	9.20	26.74	0.37	5.6	0.54	5.0	6.1	남서	232	6.0	1023.4	-	197	
2021-02-11 04:55:00	10.1	북서	311	9.20	26.73	0.34	5.3	0.51	5.0	6.2	남서	234	6.0	1023.4	-	175	
2021-02-11 05:00:00	12.0	서남서	254	9.20	26.70	0.40	5.8	0.53	5.5	5.9	서남서	237	6.1	1023.4	-	4	
2021-02-11 05:05:00	4.6	북북서	331	9.22	26.79	0.36	5.8	0.57	6.0	5.8	서남서	238	6.1	1023.5	-	319	
2021-02-11 05:10:00	8.9	북서	315	9.29	26.63	0.38	5.9	0.46	4.0	6.2	남서	235	6.1	1023.6	-	254	
2021-02-11 05:15:00	10.9	북서	321	9.25	26.60	0.43	5.5	0.72	5.5	5.7	서남서	238	6.0	1023.6	-	23	
2021-02-11 05:20:00	10.7	북북서	335	9.23	26.66	0.39	5.7	0.46	5.0	6.0	서남서	238	6.1	1023.6	-	11	
2021-02-11 05:25:00	14.7	북북서	342	9.19	26.69	0.39	5.4	0.57	5.0	6.1	남서	235	6.0	1023.6	-	359	
2021-02-11 05:30:00	9.5	북북서	327	9.11	26.72	0.41	5.2	0.52	4.5	6.2	서남서	240	5.9	1023.6	-	357	
2021-02-11 05:35:00	8.6	북서	322	9.10	26.68	0.41	5.4	0.55	6.0	6.4	서남서	241	5.9	1023.6	-	2	
2021-02-11 05:40:00	12.5	북북서	332	9.05	26.63	0.40	6.6	0.57	5.0	6.2	서남서	247	5.8	1023.6	-	20	
2021-02-11 05:45:00	12.9	북북서	349	9.07	26.69	0.43	5.9	0.58	5.5	6.8	서남서	242	5.8	1023.6	-	356	
2021-02-11 05:50:00	14.2	북	355	8.97	26.70	0.41	6.0	0.67	5.0	6.5	서남서	242	5.8	1023.7	-	9	
2021-02-11 05:55:00	4.8	북	359	8.92	26.53	0.41	5.8	0.65	6.5	5.4	서남서	238	5.8	1023.8	-	6	
2021-02-11 06:00:00	6.8	북북동	24	8.89	26.53	0.37	5.3	0.67	5.0	5.4	남서	231	5.9	1023.9	-	357	
2021-02-11 06:05:00	2.3	북북서	331	8.86	26.58	0.43	5.4	0.67	5.0	5.7	남서	231	5.7	1023.9	-	9	
2021-02-11 06:10:00	4.5	북북서	330	8.83	26.54	0.41	5.8	0.55	5.0	5.9	서남서	237	5.8	1023.9	-	18	
2021-02-11 06:15:00	5.9	북북동	13	8.80	26.61	0.39	5.6	0.53	6.0	5.9	서남서	237	5.8	1023.9	-	22	
2021-02-11 06:20:00	8.6	북북서	346	8.78	26.64	0.42	5.9	0.65	5.0	5.8	남서	235	5.7	1023.9	-	350	
2021-02-11 06:25:00	8.8	북	5	8.78	26.59	0.43	6.0	0.57	5.0	5.5	남서	234	5.6	1024.0	-	346	
2021-02-11 06:30:00	8.7	북	10	8.75	26.55	0.38	6.1	0.52	6.0	5.1	남서	231	5.6	1024.0	-	1	
2021-02-11 06:35:00	9.2	북북서	348	8.71	26.95	0.40	5.8	0.57	6.5	5.0	서남서	238	5.6	1024.0	-	11	
2021-02-11 06:40:00	7.5	북북동	22	8.68	26.55	0.39	5.7	0.54	5.0	5.8	서남서	241	5.5	1024.0	-	11	
2021-02-11 06:45:00	11.6	북	360	8.63	26.51	0.42	6.0	0.56	6.5	6.1	서남서	242	5.4	1024.1	-	347	
2021-02-11 06:50:00	1.9	북동	35	8.60	26.58	0.37	5.4	0.60	5.0	5.9	서남서	239	5.3	1024.1	-	340	
2021-02-11 06:55:00	6.0	북서	309	8.58	26.56	0.43	6.4	0.61	7.0	5.5	남서	232	5.4	1024.1	-	4	
2021-02-11 07:00:00	11.0	북서	312	9.03	26.82	0.40	5.4	0.66	6.0	5.0	남서	233	5.3	1024.2	-	1	
2021-02-11 07:05:00	10.9	서북서	296	9.23	26.67	0.50	6.8	0.83	6.0	5.4	남서	232	5.4	1024.2	-	342	
2021-02-11 07:10:00	5.4	서	263	9.14	26.53	0.48	6.2	0.68	6.0	4.7	남서	229	5.1	1024.2	-	8	
2021-02-11 07:15:00	5.5	서남서	249	9.12	26.63	0.46	5.9	0.64	6.0	4.6	남서	223	4.9	1024.3	-	18	
2021-02-11 07:20:00	15.5	북서	309	9.15	26.70	0.51	6.2	0.72	7.0	4.7	남서	227	4.9	1024.3	-	6	
2021-02-11 07:25:00	7.3	북서	306	9.36	26.68	0.53	5.9	0.70	6.0	4.6	남서	226	4.9	1024.2	-	354	
2021-02-11 07:30:00	20.5	북서	311	9.53	26.57	0.47	6.4	0.64	6.0	4.6	남서	226	4.9	1024.3	-	7	
2021-02-11 07:35:00	9.8	북북서	332	9.56	26.57	0.47	6.1	0.77	7.0	4.6	남서	225	5.0	1024.3	-	7	
2021-02-11 07:40:00	3.3	서	275	9.61	26.59	0.52	6.2	0.67	5.5	4.9	남서	226	5.0	1024.3	-	343	
2021-02-11 07:45:00	10.5	서	277	9.64	26.46	0.46	6.0	0.60	5.5	4.4	남서	224	4.9	1024.3	-	4	
2021-02-11 07:50:00	5.9	북북서	335	9.46	26.64	0.48	6.3	0.68	5.5	4.6	남서	228	4.9	1024.4	-	29	
2021-02-11 07:55:00	1.4	북북서	328	9.47	26.61	0.47	5.4	0.76	6.5	4.7	서남서	240	5.1	1024.4	-	14	
2021-02-11 08:00:00	18.0	남서	233	9.46	26.56	0.47	5.8	0.60	5.0	5.2	서남서	239	5.1	1024.5	-	0	
2021-02-11 08:05:00	6.8	서	265	9.44	26.57	0.50	5.8	0.72	5.0	5.2	남서	227	5.1	1024.6	-	355	
2021-02-11 08:10:00	5.3	서	275	9.43	26.54	0.52	5.7	0.64	5.5	5.2	남서	227	5.2	1024.7	-	6	
2021-02-11 08:15:00	6.9	서	277	9.39	26.48	0.46	5.6	0.66	5.5	5.3	남서	228	5.1	1024.7	-	4	
2021-02-11 08:20:00	1.5	북북서	327	9.36	26.55	0.48	5.9	0.64	5.5	4.5	남서	222	5.3	1024.8	-	15	
2021-02-11 08:25:00	7.8	북북서	331	9.33	26.59	0.54	5.8	0.75	5.0	3.9	남서	219	5.2	1024.9	-	11	
2021-02-11 08:30:00	4.7	북북서	337	9.30	26.53	0.51	5.5	0.64	6.5	3.7	남서	228	5.3	1025.0	-	6	
2021-02-11 08:35:00	4.5	서북서	300	9.28	26.55	0.49	5.7	0.63	5.0	3.8	남서	227	5.4	1025.1	-	22	
2021-02-11 08:40:00	17.8	북북서	331	9.34	26.71	0.58	6.1	0.78	6.0	3.9	남서	227	5.6	1025.1	-	12	
2021-02-11 08:45:00	17.9	북서	305	9.50	26.63	0.48	5.6	0.64	5.5	3.9	남서	228	5.8	1025.3	-	17	
2021-02-11 08:50:00	9.6	북서	318	9.58	26.55	0.49	5.5	0.61	6.0	4.1	남서	230	5.8	1025.3	-	7	
2021-02-11 08:55:00	13.4	북서	322	9.57	26.57	0.58	5.2	0.92	5.5	3.7	남서	227	5.9	1025.3	-	2	
2021-02-11 09:00:00	18.0	북서	306	9.47	26.54	0.60	5.7	1.02	5.5	3.5	남서	227	6.2	1025.3	-	7	
2021-02-11 09:05:00	15.1	북서	313	9.35	26.56	0.46	5.7	0.73	6.0	3.2	남서	227	6.2	1025.2	-	54	
2021-02-11 09:10:00	8.1	북서	318	9.15	26.38	0.47	5.2	0.63	4.5	3.2	남서	226	6.4	1025.3	-	21	
2021-02-11 09:15:00	6.1	북북서	338	9.25	26.53	0.56	5.8	0.94	6.0	2.9	남서	235	6.4	1025.4	-	17	
2021-02-11 09:20:00	11.1	북북서	329	9.34	26.50	0.58	5.9	0.92	6.0	2.8	남서	230	6.7	1025.3	-	3	
2021-02-11 09:25:00	25.1	북북서	347	9.38	26.50	0.47	5.2	0.63	5.5	3.0	남서	235	6.8	1025.4	-	12	
2021-02-11 09:30:00	10.0	북서	309	9.39	26.49	0.52	5.7	0.78	5.0	2.6	서남서	241	7.2	1025.3	-	7	
2021-02-11 09:35:00	13.5	북북서	337	9.35	26.58	0.53	5.7	0.83	6.0	2.7	서남서	239	7.3	1025.3	-	19	
2021-02-11 09:40:00	21.5	북북서	335	9.21	26.41	0.51	5.3	0.65	5.5	2.1	남서	232	7.4	1025.4	-	14	
2021-02-11 09:45:00	16.3	북북서	345	9.18	26.35	0.53	5.5	0.69	5.5	2.2	남서	224	7.6	1025.5	-	19	
2021-02-11 09:50:00	12.9	북서	326	8.94	26.52	0.47	5.6	0.64	6.5	1.9	남서	215	7.7	1025.5	-	3	
2021-02-11 09:55:00	26.8	북서	326	9.41	26.95	0.55	5.3	0.86	5.5	1.6	남남서	201	7.9	1025.6	-	23	
2021-02-11 10:00:00	11.3	북서	324	9.61	26.68	0.52	5.8	0.69	5.0	1.5	남	179	8.1	1025.6	-	5	
2021-02-11 10:05:00	17.2	서북서	299	9.60	26.78	0.45	5.3	0.57	5.5	1.5	남	176	8.2	1025.6	-	28	
2021-02-11 10:10:00	34.3	북서	318	9.92	26.61	0.62	5.3	0.87	5.5	1.2	남	169	8.5	1025.5	-	3	
2021-02-11 10:15:00	27.7	북서	316	10.13	26.73	0.46	5.2	0.66	5.5	1.1	남남동	165	8.7	1025.7	-	8	
2021-02-11 10:20:00	7.5	동북동	65	10.44	26.78	0.59	5.6	0.83	6.0	0.9	남남동	147	9.0	1025.9	-	24	
2021-02-11 10:25:00	17.9	서북서	293	10.50	26.28	0.64	5.4	0.86	5.5	1.1	남동	139	9.1	1025.9	-	335	
2021-02-11 10:30:00	21.3	북서	307	10.49	26.30	0.70	5.8	0.83	5.5	0.8	남동	136	9.1	1025.9	-	25	
2021-02-11 10:35:00	5.9	남서	236	10.36	25.56	0.57	5.7	0.88	6.0	1.2	남동	129	9.1	1025.9	-	32	
2021-02-11 10:40:00	26.2	서북서	300	10.43	27.00	0.69	5.6	1.00	5.0	1.5	남동	130	9.0	1025.9	-	6	
2021-02-11 10:45:00	25.9	북서	309	10.62	26.76	0.75	5.3	1.07	5.5	1.5	남동	129	8.9	1026.0	-	13	
2021-02-11 10:50:00	25.5	북서	324	10.55	27.23	0.69	5.2	1.11	5.0	1.6	남동	131	9.1	1026.0	-	29	
2021-02-11 10:55:00	7.0	서북서	287	10.66	26.43	0.62	5.3	0.93	5.0	4.5	남동	134	9.3	1026.0	-	40	
2021-02-11 11:00:00	14.4	북북서	338	10.76	26.44	0.63	5.3	0.78	5.5	5.6	남동	128	9.4	1026.0	-	15	
2021-02-11 11:05:00	7.3	북	353	10.96	26.59	0.64	5.3	1.11	5.5	5.9	남동	126	9.3	1026.0	-	126	
2021-02-11 11:10:00	29.3	북서	325	11.08	26.28	0.62	4.8	0.81	5.5	6.1	남동	124	9.4	1025.9	-	134	
2021-02-11 11:15:00	20.1	서북서	295	11.10	26.63	0.58	5.1	0.85	6.0	6.5	남동	129	9.4	1026.0	-	30	
2021-02-11 11:20:00	14.5	북북서	328	11.11	26.53	0.57	5.1	0.73	5.0	6.5	남동	130	9.3	1026.1	-	41	
2021-02-11 11:25:00	12.7	북서	320	11.02	26.95	0.50	4.9	0.70	5.0	6.5	남동	126	9.4	1026.0	-	15	
2021-02-11 11:30:00	16.1	서북서	290	10.82	26.14	0.54	5.1	0.74	5.0	6.5	남동	125	9.4	1025.8	-	66	
2021-02-11 11:35:00	8.1	서북서	285	10.65	26.16	0.55	5.3	0.74	5.5	6.6	남동	125	9.4	1025.7	-	21	
2021-02-11 11:40:00	14.7	북서	319	10.59	26.21	0.61	5.1	1.01	5.0	6.6	남동	124	9.4	1025.8	-	41	
2021-02-11 11:45:00	35.0	북서	314	10.52	25.94	0.68	4.9	0.96	5.5	6.7	남동	126	9.4	1025.7	-	27	
2021-02-11 11:50:00	14.7	북북서	335	10.23	26.67	0.61	4.6	0.86	5.0	6.9	남동	125	9.4	1025.5	-	6	
2021-02-11 11:55:00	12.4	북서	310	10.03	26.67	0.59	4.9	0.88	5.5	6.9	남동	126	9.4	1025.4	-	26	
2021-02-11 12:00:00	15.5	북	1	9.82	26.78	0.67	5.1	0.84	7.0	7.0	동남동	123	9.4	1025.2	-	40	
2021-02-11 12:05:00	21.5	북북서	341	9.68	27.66	0.58	4.5	0.79	6.0	6.7	남동	125	9.3	1025.2	-	223	
2021-02-11 12:10:00	21.8	북북서	339	9.57	26.07	0.59	5.4	0.75	5.0	6.6	동남동	120	9.4	1025.1	-	41	
2021-02-11 12:15:00	19.7	북북서	335	9.46	26.16	0.64	5.2	0.87	5.0	6.6	동남동	122	9.4	1025.1	-	29	
2021-02-11 12:20:00	7.0	북북서	347	9.35	26.12	0.60	4.8	0.86	5.0	6.7	동남동	121	9.5	1025.1	-	52	
2021-02-11 12:25:00	26.0	북북서	332	9.31	26.16	0.61	5.0	0.74	4.5	6.4	동남동	119	9.5	1025.0	-	46	
2021-02-11 12:30:00	18.2	북서	317	9.35	26.19	0.59	4.7	0.77	5.0	6.6	동남동	120	9.6	1024.9	-	141	
2021-02-11 12:35:00	25.1	북	353	9.33	26.15	0.64	5.6	0.82	6.0	6.5	동남동	120	9.6	1024.9	-	46	
2021-02-11 12:40:00	29.3	북북서	339	9.30	26.21	0.72	5.0	1.06	5.0	6.6	동남동	120	9.6	1024.9	-	13	
2021-02-11 12:45:00	28.1	북북서	341	9.26	26.17	0.69	5.2	0.85	6.0	7.0	동남동	123	9.7	1024.8	-	29	
2021-02-11 12:50:00	34.5	북북서	338	9.28	26.13	0.69	5.1	0.87	5.5	6.8	동남동	122	9.6	1024.7	-	60	
2021-02-11 12:55:00	23.1	북	353	9.32	25.98	0.69	5.5	1.04	5.0	6.9	남동	127	9.7	1024.6	-	25	
2021-02-11 13:00:00	24.2	북북서	332	9.27	26.94	0.61	5.2	0.82	5.0	6.8	동남동	123	9.8	1024.4	-	38	
2021-02-11 13:05:00	18.5	북북서	339	9.21	26.56	0.62	5.1	0.97	5.5	7.2	남동	128	9.7	1024.4	-	16	
2021-02-11 13:10:00	16.5	북북서	333	9.23	26.42	0.69	5.3	0.82	5.0	7.1	남동	125	9.8	1024.3	-	31	
2021-02-11 13:15:00	28.8	북북서	339	9.25	27.08	0.62	5.1	0.93	5.5	7.4	남동	126	9.8	1024.3	-	19	
2021-02-11 13:20:00	23.8	북	353	9.21	26.96	0.64	4.4	0.78	5.5	7.4	남동	124	9.8	1024.3	-	9	
2021-02-11 13:25:00	30.8	북북서	345	9.18	26.85	0.57	4.1	0.74	3.0	7.6	남동	131	9.8	1024.3	-	89	
2021-02-11 13:30:00	20.8	북북서	336	9.20	26.71	0.58	4.7	0.97	5.0	7.6	남동	134	9.8	1024.3	-	38	
2021-02-11 13:35:00	26.5	북북서	347	9.20	27.10	0.66	4.2	0.89	5.0	7.9	남동	129	9.9	1024.1	-	110	
2021-02-11 13:40:00	28.4	북북서	337	9.19	27.60	0.67	4.8	1.07	5.0	7.8	남동	133	9.8	1024.1	-	31	
2021-02-11 13:45:00	23.4	북북서	338	9.20	26.41	0.51	3.5	0.61	3.0	7.6	남동	126	9.9	1024.0	-	30	
2021-02-11 13:50:00	20.3	북북서	327	9.15	26.22	0.55	4.2	0.79	5.5	7.5	남동	133	10.0	1024.0	-	16	
2021-02-11 13:55:00	32.7	북북서	330	9.56	26.71	0.62	3.9	0.77	3.5	8.0	남동	131	10.0	1023.9	-	19	
2021-02-11 14:00:00	12.7	북서	306	10.07	26.67	0.62	4.3	0.96	3.5	8.2	남동	131	10.0	1023.7	-	100	
2021-02-11 14:05:00	46.7	북북서	339	10.06	26.83	0.64	4.3	0.97	5.5	8.0	남동	128	10.1	1023.6	-	36	
2021-02-11 14:10:00	32.4	북북서	348	9.96	26.44	0.58	3.6	0.80	2.5	8.3	남동	128	10.1	1023.4	-	158	
2021-02-11 14:15:00	42.8	북북서	337	9.91	27.23	0.67	3.9	0.87	5.0	8.1	남동	129	10.2	1023.3	-	111	
2021-02-11 14:20:00	33.5	북북서	327	9.96	26.40	0.58	3.4	0.75	3.0	8.4	남동	130	10.1	1023.2	-	89	
2021-02-11 14:25:00	41.6	북북서	330	10.05	26.63	0.63	4.4	0.93	3.5	8.0	남동	129	10.2	1023.0	-	128	
2021-02-11 14:30:00	36.1	북북서	335	10.26	26.91	0.64	3.8	1.03	3.0	8.2	남동	129	10.2	1022.8	-	149	
2021-02-11 14:35:00	30.3	북북서	330	10.35	26.69	0.64	3.8	1.09	5.0	8.5	남동	129	10.2	1022.8	-	113	
2021-02-11 14:40:00	22.3	북북서	342	10.48	26.15	0.64	3.9	0.89	4.0	8.7	남동	129	10.2	1022.6	-	142	
2021-02-11 14:45:00	31.8	북서	326	10.58	26.40	0.69	3.7	1.52	4.0	8.4	남동	126	10.3	1022.5	-	115	
2021-02-11 14:50:00	31.4	북북서	337	10.63	26.87	0.77	3.8	1.12	3.0	8.7	남동	127	10.3	1022.5	-	96	
2021-02-11 14:55:00	27.6	북북서	334	10.58	26.15	0.64	3.5	0.90	3.5	8.5	남동	132	10.3	1022.5	-	187	
2021-02-11 15:00:00	23.1	북북서	338	10.43	26.19	0.59	3.6	0.77	3.0	8.8	남동	129	10.3	1022.4	-	128	
2021-02-11 15:05:00	28.6	북북서	334	10.32	26.12	0.62	3.8	0.82	3.5	9.0	남동	127	10.3	1022.3	-	94	
2021-02-11 15:10:00	31.6	북북서	339	10.33	26.08	0.71	3.9	1.12	3.5	9.1	남동	129	10.3	1022.3	-	92	
2021-02-11 15:15:00	30.8	북북서	347	10.26	26.15	0.68	3.8	0.86	3.0	9.4	남동	127	10.3	1022.2	-	123	
2021-02-11 15:20:00	36.5	북북서	340	10.27	26.06	0.76	4.0	1.10	3.0	9.4	남동	129	10.3	1022.2	-	111	
2021-02-11 15:25:00	28.6	북북서	339	10.18	26.01	0.71	3.8	1.18	4.0	9.1	남동	130	10.3	1022.3	-	112	
2021-02-11 15:30:00	25.9	북북서	341	10.09	26.00	0.73	3.4	1.22	3.0	9.7	남동	137	10.3	1022.3	-	109	
2021-02-11 15:35:00	36.1	북북서	337	10.03	26.07	0.65	3.5	0.88	3.5	9.4	남동	133	10.4	1022.3	-	133	
2021-02-11 15:40:00	40.3	북북서	331	9.99	26.18	0.65	3.7	0.90	3.0	9.7	남동	137	10.3	1022.2	-	121	
2021-02-11 15:45:00	36.6	북북서	338	10.02	26.30	0.65	3.7	0.90	3.0	10.4	남동	140	10.3	1022.1	-	125	
2021-02-11 15:50:00	41.9	북북서	327	10.06	27.37	0.66	3.5	0.92	3.5	10.6	남동	139	10.3	1022.0	-	120	
2021-02-11 15:55:00	25.4	북북서	330	10.27	26.44	0.67	3.8	0.89	3.5	10.9	남동	137	10.3	1021.9	-	111	
2021-02-11 16:00:00	39.0	북북서	334	10.29	26.17	0.72	3.5	0.96	3.0	10.6	남동	136	10.3	1021.8	-	121	
2021-02-11 16:05:00	35.2	북서	322	10.26	27.15	0.76	3.5	1.04	4.0	11.1	남동	135	10.4	1021.8	-	72	
2021-02-11 16:10:00	32.7	북북서	330	10.18	26.97	0.64	3.5	0.99	3.5	11.0	남동	138	10.3	1021.7	-	156	
2021-02-11 16:15:00	26.7	북	6	10.03	26.34	0.75	3.7	1.07	5.0	10.9	남동	140	10.3	1021.7	-	93	
2021-02-11 16:20:00	38.1	북북서	337	10.00	26.61	0.76	3.8	1.13	3.0	11.3	남동	140	10.2	1021.7	-	113	
2021-02-11 16:25:00	39.6	북북서	339	10.00	26.04	0.84	3.3	1.18	3.0	10.6	남동	140	10.2	1021.7	-	349	
2021-02-11 16:30:00	29.6	북북서	339	9.95	26.09	0.71	3.6	1.09	3.5	10.6	남동	140	10.2	1021.7	-	116	
2021-02-11 16:35:00	32.6	북북서	338	9.92	26.04	0.74	3.4	0.99	3.5	10.9	남동	137	10.2	1021.6	-	286	
2021-02-11 16:40:00	33.7	북북서	330	9.85	26.20	0.76	3.5	1.03	3.0	10.5	남동	142	10.2	1021.7	-	349	
2021-02-11 16:45:00	14.7	북북서	347	9.82	26.01	0.77	3.4	1.13	3.5	11.0	남동	139	10.1	1021.6	-	88	
2021-02-11 16:50:00	29.2	북북서	342	9.73	26.01	0.84	3.7	1.15	3.0	10.3	남동	140	10.1	1021.7	-	283	
2021-02-11 16:55:00	26.4	북북서	338	9.66	26.01	0.78	3.4	1.04	3.5	9.8	남동	141	10.1	1021.8	-	326	
2021-02-11 17:00:00	24.8	북북서	337	9.62	26.46	0.71	3.5	1.14	3.0	10.3	남동	138	10.1	1021.6	-	120	
2021-02-11 17:05:00	21.7	북북서	339	9.52	26.49	0.78	3.5	1.18	3.5	9.8	남동	143	10.1	1021.7	-	154	
2021-02-11 17:10:00	20.2	북북서	334	9.47	26.16	0.70	3.5	0.89	3.0	9.6	남동	139	10.1	1021.8	-	56	
2021-02-11 17:15:00	23.3	북북서	337	9.42	26.13	0.69	3.6	0.97	3.5	8.8	남동	142	10.1	1021.8	-	282	
2021-02-11 17:20:00	18.9	북북서	342	9.40	25.98	0.74	3.4	0.97	3.0	9.3	남동	137	10.1	1021.8	-	275	
2021-02-11 17:25:00	16.0	북북서	345	9.30	26.01	0.65	3.6	0.82	3.5	9.0	남동	137	10.1	1021.7	-	10	
2021-02-11 17:30:00	20.1	북북서	344	9.20	26.38	0.65	3.3	1.04	3.5	9.1	남동	141	10.1	1021.8	-	267	
2021-02-11 17:35:00	23.9	북북서	334	9.26	26.11	0.72	3.4	0.93	3.0	9.1	남동	138	10.1	1021.7	-	310	
2021-02-11 17:40:00	26.6	북북서	342	9.30	25.98	0.74	3.3	1.03	3.0	8.8	남동	137	10.1	1021.7	-	99	
2021-02-11 17:45:00	34.1	북북서	329	9.36	25.97	0.77	3.6	1.03	3.0	9.1	남동	138	10.1	1021.6	-	294	
2021-02-11 17:50:00	33.1	북북서	342	9.36	26.75	0.74	3.6	0.95	3.5	9.2	남동	142	10.0	1021.7	-	110	
2021-02-11 17:55:00	32.8	북북서	327	9.37	26.18	0.69	3.5	0.86	3.0	9.2	남동	140	10.0	1021.7	-	222	
2021-02-11 18:00:00	27.0	북북서	341	9.41	26.04	0.76	3.4	1.15	3.5	9.3	남동	142	10.0	1021.7	-	113	
2021-02-11 18:05:00	30.9	북서	319	9.42	27.03	0.75	3.4	1.18	3.5	9.1	남동	138	10.0	1021.7	-	316	
2021-02-11 18:10:00	40.0	북북서	330	9.39	26.24	0.72	3.3	1.02	3.5	9.1	남동	141	9.9	1021.7	-	120	
2021-02-11 18:15:00	25.0	북북서	341	9.44	26.08	0.74	3.4	1.05	3.5	8.9	남동	141	10.0	1021.7	-	315	
2021-02-11 18:20:00	43.9	북북서	328	9.37	26.79	0.69	3.4	0.98	4.0	9.3	남동	140	10.0	1021.8	-	94	
2021-02-11 18:25:00	28.1	북북서	331	9.33	26.59	0.74	3.5	1.04	3.5	8.4	남동	141	10.0	1021.9	-	252	
2021-02-11 18:30:00	20.1	북	353	9.32	26.97	0.76	3.4	1.02	4.5	7.9	남동	145	10.0	1021.9	-	110	
2021-02-11 18:35:00	22.8	북북서	333	9.30	26.89	0.71	3.5	1.01	3.5	7.9	남동	144	9.9	1021.8	-	303	
2021-02-11 18:40:00	35.5	북서	322	9.31	26.88	0.73	3.4	1.13	3.5	7.7	남남동	147	9.9	1021.9	-	105	
2021-02-11 18:45:00	35.8	북서	316	9.31	27.06	0.87	3.7	1.25	3.5	7.5	남동	146	9.9	1021.9	-	316	
2021-02-11 18:50:00	15.0	북북서	337	9.31	26.65	0.75	3.6	1.10	3.5	7.1	남동	146	9.9	1022.0	-	298	
2021-02-11 18:55:00	14.3	북서	323	9.28	26.28	0.72	3.7	1.08	3.5	6.9	남남동	149	9.9	1022.1	-	305	
2021-02-11 19:00:00	19.6	북북서	343	9.24	26.06	0.70	3.8	1.28	3.5	6.9	남남동	148	10.0	1022.2	-	5	
2021-02-11 19:05:00	26.7	북서	321	9.35	27.01	0.70	3.7	0.92	3.5	6.8	남남동	149	9.9	1022.3	-	319	
2021-02-11 19:10:00	3.4	남	171	9.43	27.74	0.69	3.6	0.99	4.0	6.7	남남동	156	10.0	1022.4	-	277	
2021-02-11 19:15:00	12.5	서북서	297	9.46	26.11	0.64	3.6	0.96	5.5	6.0	남남동	155	10.0	1022.3	-	125	
2021-02-11 19:20:00	20.9	북북서	327	9.49	26.40	0.78	3.8	1.17	4.0	6.5	남남동	150	9.9	1022.1	-	359	
2021-02-11 19:25:00	21.2	북서	322	9.58	26.21	0.74	3.9	1.18	4.0	5.9	남남동	153	10.0	1022.1	-	319	
2021-02-11 19:30:00	21.5	북북서	346	9.68	27.09	0.78	3.8	0.96	4.0	5.6	남남동	152	9.9	1022.1	-	300	
2021-02-11 19:35:00	13.7	서남서	257	9.68	26.21	0.78	4.1	1.11	4.0	2.9	남	187	9.6	1022.1	-	307	
2021-02-11 19:40:00	1.7	서남서	249	9.65	26.27	0.78	4.0	1.57	4.0	2.0	남서	215	9.0	1022.1	-	95	
2021-02-11 19:45:00	5.5	남남서	197	9.68	25.88	0.73	4.1	1.00	4.5	1.9	남서	222	8.9	1022.1	-	350	
2021-02-11 19:50:00	11.3	북서	316	9.70	26.30	0.72	4.0	1.10	4.0	2.1	남서	226	8.9	1022.3	-	265	
2021-02-11 19:55:00	6.2	서남서	256	9.74	26.61	0.66	3.8	1.07	4.0	2.2	남서	228	8.6	1022.3	-	217	
2021-02-11 20:00:00	9.6	서북서	299	9.79	26.74	0.72	4.0	1.17	4.0	1.9	서남서	242	8.3	1022.2	-	162	
2021-02-11 20:05:00	7.5	남서	227	9.78	27.26	0.73	4.0	1.01	3.5	1.6	서남서	249	8.0	1022.2	-	336	
2021-02-11 20:10:00	16.4	서북서	303	9.73	26.65	0.77	3.9	1.24	4.0	1.9	서	268	7.7	1022.3	-	150	
2021-02-11 20:15:00	6.3	북북서	326	9.69	27.01	0.69	4.0	1.36	3.5	1.1	서	264	7.6	1022.3	-	101	
2021-02-11 20:20:00	9.3	남남서	194	9.76	26.70	0.70	4.2	1.24	4.0	0.5	서남서	257	7.6	1022.2	-	314	
2021-02-11 20:25:00	13.4	서북서	293	9.76	26.45	0.75	4.1	1.14	5.5	1.1	서남서	254	7.8	1022.2	-	296	
2021-02-11 20:30:00	7.9	서	267	9.79	26.45	0.67	4.0	1.08	4.5	1.4	서남서	243	7.7	1022.3	-	148	
2021-02-11 20:35:00	9.4	남서	228	9.78	26.45	0.74	4.4	0.99	4.0	0.7	서북서	287	7.5	1022.2	-	82	
2021-02-11 20:40:00	12.5	서북서	292	9.78	26.36	0.68	4.1	1.10	4.5	0.3	서	270	7.7	1022.2	-	138	
2021-02-11 20:45:00	20.5	북	0	9.74	26.88	0.70	3.9	1.09	4.0	0.4	남서	226	7.5	1022.1	-	122	
2021-02-11 20:50:00	15.9	북	11	9.72	27.19	0.67	4.5	1.02	4.0	1.4	남남서	207	7.4	1022.2	-	96	
2021-02-11 20:55:00	2.1	북북동	20	9.75	26.61	0.74	4.3	1.11	4.0	0.9	남서	228	7.3	1022.1	-	307	
2021-02-11 21:00:00	1.0	동남동	119	9.73	26.83	0.68	4.3	1.07	4.5	0.6	서남서	243	7.2	1022.2	-	117	
2021-02-11 21:05:00	3.2	서북서	298	9.70	26.70	0.68	4.5	1.00	4.0	1.0	서남서	238	7.2	1022.3	-	285	
2021-02-11 21:10:00	7.3	북서	325	9.70	26.67	0.68	4.3	1.03	4.0	0.1	남남서	198	7.3	1022.3	-	317	
2021-02-11 21:15:00	7.9	북동	49	9.68	26.81	0.74	4.3	1.05	4.0	0.2	남	183	7.4	1022.3	-	110	
2021-02-11 21:20:00	1.0	동북동	67	9.69	26.88	0.68	4.3	0.91	4.0	0.0	남남동	151	7.3	1022.4	-	31	
2021-02-11 21:25:00	12.8	남서	225	9.68	26.76	0.68	4.4	1.06	4.5	0.0	남동	139	7.3	1022.4	-	119	
2021-02-11 21:30:00	7.5	남동	124	9.69	26.70	0.70	4.3	0.92	4.5	0.0	서북서	284	7.3	1022.5	-	353	
2021-02-11 21:35:00	15.1	북서	309	9.71	26.66	0.71	4.5	0.95	4.0	0.2	남남동	168	7.4	1022.6	-	135	
2021-02-11 21:40:00	8.7	서	264	9.70	26.65	0.66	4.5	1.02	4.5	0.2	남남동	150	7.7	1022.6	-	127	
2021-02-11 21:45:00	17.7	서	261	9.73	26.60	0.69	4.2	0.97	4.0	0.2	남남서	205	7.7	1022.7	-	150	
2021-02-11 21:50:00	12.9	북북서	335	9.73	26.55	0.70	4.4	1.18	4.5	1.6	서남서	240	7.6	1022.8	-	148	
2021-02-11 21:55:00	21.2	남서	215	9.74	26.80	0.68	4.4	0.95	5.0	1.3	서남서	243	7.0	1022.7	-	316	
2021-02-11 22:00:00	37.7	서	263	9.83	27.13	0.74	4.5	1.08	4.0	1.0	남서	225	7.0	1022.7	-	130	
2021-02-11 22:05:00	6.2	북	349	9.77	27.17	0.71	4.5	1.16	4.0	2.6	서	279	6.6	1022.7	-	128	
2021-02-11 22:10:00	10.0	남남동	162	9.74	26.83	0.68	4.3	0.95	4.0	1.9	서북서	292	6.4	1022.8	-	6	
2021-02-11 22:15:00	22.7	남남동	161	9.77	26.80	0.57	4.4	0.89	4.5	1.7	서북서	300	6.5	1022.7	-	149	
2021-02-11 22:20:00	19.8	남서	235	9.83	26.78	0.62	4.8	1.04	7.0	1.4	서북서	286	6.7	1022.6	-	312	
2021-02-11 22:25:00	13.3	서남서	253	9.88	27.03	0.62	4.6	0.81	4.0	1.6	서	273	6.5	1022.7	-	140	
2021-02-11 22:30:00	7.6	서남서	242	9.84	26.85	0.58	4.4	0.76	5.5	1.3	서	275	6.4	1022.7	-	73	
2021-02-11 22:35:00	4.5	남서	216	9.86	27.44	0.61	4.4	0.83	4.5	1.3	서	279	6.5	1022.6	-	120	
2021-02-11 22:40:00	8.4	동북동	59	9.78	26.95	0.59	4.2	0.82	4.0	1.8	서	275	6.8	1022.6	-	135	
2021-02-11 22:45:00	7.6	북동	42	9.83	26.95	0.60	4.6	0.84	4.0	1.5	서	270	6.1	1022.5	-	268	
2021-02-11 22:50:00	12.5	남남서	192	9.88	26.82	0.67	4.3	0.99	5.0	0.9	서북서	284	6.0	1022.5	-	131	
2021-02-11 22:55:00	14.7	남	187	9.89	26.75	0.60	4.4	0.97	3.0	1.0	서북서	303	6.1	1022.4	-	317	
2021-02-11 23:00:00	6.5	동	83	9.94	26.87	0.55	4.3	0.75	3.0	1.5	북서	309	6.2	1022.4	-	322	
2021-02-11 23:05:00	6.8	서	267	9.85	27.09	0.56	4.6	0.89	4.5	1.9	서	281	6.0	1022.4	-	172	
2021-02-11 23:10:00	15.9	남서	217	9.99	26.77	0.65	4.5	1.18	6.0	2.1	서	268	5.7	1022.3	-	141	
2021-02-11 23:15:00	10.7	서남서	248	9.98	26.95	0.59	4.4	0.82	4.0	1.6	서	266	5.7	1022.3	-	157	
2021-02-11 23:20:00	6.4	동남동	109	10.01	27.00	0.49	4.5	0.62	4.5	2.2	서	274	5.7	1022.2	-	103	
2021-02-11 23:25:00	6.9	북서	322	9.98	26.91	0.57	4.9	0.69	6.0	2.7	서	262	5.8	1022.2	-	136	
2021-02-11 23:30:00	11.9	남서	223	10.00	27.71	0.57	4.8	0.82	5.5	2.3	서남서	253	5.4	1022.2	-	129	
2021-02-11 23:35:00	7.0	북동	47	10.01	26.80	0.57	4.4	0.89	4.5	2.4	서남서	245	5.5	1022.2	-	128	
2021-02-11 23:40:00	11.5	남남서	198	10.02	26.93	0.65	4.4	1.00	4.5	1.7	서남서	251	5.7	1022.2	-	132	
2021-02-11 23:45:00	8.7	북북동	18	10.00	27.76	0.54	4.1	0.66	3.0	1.5	서남서	238	6.0	1022.1	-	91	
2021-02-11 23:50:00	19.3	서북서	289	10.00	27.27	0.54	4.4	0.89	4.0	2.5	서남서	254	6.0	1022.1	-	313	
2021-02-11 23:55:00	28.2	서북서	286	10.04	26.94	0.62	4.3	1.21	5.0	3.5	서남서	254	5.2	1022.1	-	131	
2021-02-12 00:00:00	2.8	서	262	9.98	26.91	0.53	4.4	0.87	3.0	2.8	서남서	257	5.0	1022.2	-	151	
2021-02-12 00:05:00	0.8	북북서	330	9.95	27.06	0.62	4.5	0.80	4.5	2.2	서	267	5.6	1022.3	-	115	
2021-02-12 00:10:00	4.9	북북서	330	9.96	27.18	0.50	4.7	0.69	5.5	1.9	서남서	249	5.8	1022.2	-	115	
2021-02-12 00:15:00	29.5	남남동	166	10.04	27.18	0.53	4.5	0.83	5.0	1.9	남서	236	6.0	1022.2	-	119	
2021-02-12 00:20:00	7.1	남동	146	10.08	27.06	0.60	4.8	0.93	4.5	1.9	남서	229	6.4	1022.1	-	118	
2021-02-12 00:25:00	12.4	남남서	193	10.09	27.02	0.48	4.4	0.64	5.0	1.7	남서	232	6.5	1022.1	-	300	
2021-02-12 00:30:00	8.2	북서	326	10.07	27.15	0.55	4.6	0.96	4.5	1.6	서남서	245	6.9	1022.1	-	118	
2021-02-12 00:35:00	9.1	서남서	244	10.06	27.12	0.48	4.6	0.67	5.0	2.1	서	270	6.9	1022.1	-	118	
2021-02-12 00:40:00	9.8	서북서	292	10.09	27.04	0.50	4.4	0.77	5.0	1.9	서남서	249	5.7	1022.1	-	130	
2021-02-12 00:45:00	21.2	남서	220	10.11	26.98	0.48	4.6	0.66	4.0	1.6	서남서	253	5.5	1022.1	-	112	
2021-02-12 00:50:00	9.1	서	259	10.10	26.97	0.50	4.6	0.66	3.5	2.3	서	259	5.3	1022.1	-	104	
2021-02-12 00:55:00	9.3	남남서	192	10.11	27.16	0.51	4.0	0.70	4.0	2.4	서	263	5.4	1022.1	-	320	
2021-02-12 01:00:00	14.2	서북서	291	10.14	28.06	0.44	4.4	0.68	3.0	1.0	서	270	5.8	1022.0	-	120	
2021-02-12 01:05:00	21.5	남남서	197	10.14	27.28	0.47	4.3	0.62	6.5	0.0	서남서	243	5.7	1021.9	-	90	
2021-02-12 01:10:00	18.4	남	187	10.15	27.13	0.48	4.5	0.62	5.5	0.1	남동	133	5.8	1021.9	-	121	
2021-02-12 01:15:00	3.7	남	181	10.15	27.31	0.49	4.5	0.80	4.5	0.4	동남동	117	6.0	1021.9	-	122	
2021-02-12 01:20:00	23.5	남남서	213	10.16	27.04	0.49	4.3	0.78	4.0	0.4	남동	137	6.0	1021.8	-	119	
2021-02-12 01:25:00	15.6	남동	127	10.18	26.95	0.47	4.6	0.71	4.5	0.9	남동	125	6.4	1021.8	-	124	
2021-02-12 01:30:00	17.5	남서	224	10.20	26.96	0.47	4.7	0.60	4.0	1.4	남동	135	7.3	1021.7	-	105	
2021-02-12 01:35:00	8.4	동	90	10.22	27.00	0.39	4.9	0.56	5.0	0.8	남남동	147	7.6	1021.7	-	107	
2021-02-12 01:40:00	6.5	남동	129	10.23	27.20	0.40	4.8	0.51	4.5	0.3	남동	140	7.7	1021.7	-	118	
2021-02-12 01:45:00	6.2	남	171	10.25	27.31	0.45	4.4	0.56	3.5	1.2	남남서	211	7.8	1021.7	-	123	
2021-02-12 01:50:00	1.9	북서	304	10.20	27.36	0.43	4.7	0.58	4.5	1.3	남서	224	7.8	1021.7	-	166	
2021-02-12 01:55:00	23.1	서	270	10.22	27.39	0.44	4.5	0.73	4.5	1.1	남서	230	7.4	1021.7	-	247	
2021-02-12 02:00:00	15.7	남남서	204	10.21	26.82	0.46	4.7	0.76	5.5	1.0	서남서	248	7.2	1021.6	-	248	
2021-02-12 02:05:00	3.5	남	170	10.23	26.81	0.45	4.5	0.63	4.5	1.0	남서	224	7.3	1021.6	-	140	
2021-02-12 02:10:00	8.3	동북동	71	10.24	26.87	0.48	4.4	0.71	4.0	1.2	남남서	203	7.6	1021.6	-	295	
2021-02-12 02:15:00	3.3	동남동	107	10.28	26.91	0.47	4.7	0.83	4.5	0.7	남남서	212	7.5	1021.7	-	126	
2021-02-12 02:20:00	0.9	북북서	330	10.25	27.20	0.49	4.0	0.75	4.0	1.0	남남서	208	7.5	1021.7	-	108	
2021-02-12 02:25:00	2.3	남남동	166	10.29	27.16	0.46	4.3	0.76	4.0	1.2	남서	217	7.7	1021.7	-	88	
2021-02-12 02:30:00	1.3	남동	134	10.32	27.05	0.43	4.1	0.60	4.0	1.0	남서	227	7.7	1021.7	-	125	
2021-02-12 02:35:00	11.4	남	180	10.35	26.93	0.41	4.2	0.65	4.0	1.1	남서	222	7.2	1021.7	-	244	
2021-02-12 02:40:00	13.8	남서	223	10.37	26.89	0.38	4.7	0.52	5.0	1.4	남남서	194	7.0	1021.7	-	348	
2021-02-12 02:45:00	12.7	남남서	211	10.35	26.86	0.46	4.5	0.77	4.0	1.1	남남서	195	7.3	1021.7	-	270	
2021-02-12 02:50:00	4.1	북북동	26	10.31	26.80	0.38	5.0	0.56	5.5	1.0	남남서	201	7.5	1021.7	-	92	
2021-02-12 02:55:00	6.6	북북동	31	10.26	27.00	0.45	4.3	0.72	4.0	1.1	남서	236	7.5	1021.7	-	99	
2021-02-12 03:00:00	4.7	북동	54	10.24	26.85	0.43	4.3	0.73	4.0	1.0	서남서	250	7.1	1021.7	-	112	
2021-02-12 03:05:00	6.7	남	178	10.22	26.87	0.37	4.4	0.44	4.5	0.6	서남서	251	6.7	1021.6	-	305	
2021-02-12 03:10:00	5.8	서북서	288	10.13	26.87	0.41	4.5	0.54	5.0	0.2	남남서	213	6.7	1021.6	-	86	
2021-02-12 03:15:00	6.7	남서	215	10.13	26.19	0.40	4.3	0.50	4.0	0.2	남남서	193	7.0	1021.6	-	91	
2021-02-12 03:20:00	11.0	서남서	241	10.07	26.86	0.39	4.4	0.48	4.0	1.5	서	275	6.8	1021.6	-	328	
2021-02-12 03:25:00	10.4	남서	234	10.04	27.55	0.43	4.6	0.61	5.0	2.3	북서	305	6.6	1021.6	-	220	
2021-02-12 03:30:00	4.3	동북동	61	9.99	26.90	0.37	5.0	0.46	5.0	2.7	북서	320	5.9	1021.5	-	123	
2021-02-12 03:35:00	18.9	남남서	211	9.90	26.91	0.37	4.4	0.58	4.0	2.7	북서	318	6.1	1021.5	-	154	
2021-02-12 03:40:00	8.8	남남서	196	9.90	27.03	0.38	4.6	0.60	4.0	2.5	북서	324	6.5	1021.6	-	131	
2021-02-12 03:45:00	16.0	북북동	30	9.93	26.89	0.38	4.8	0.46	4.0	2.3	북서	325	7.0	1021.6	-	138	
2021-02-12 03:50:00	2.9	남	188	9.94	27.44	0.36	4.6	0.53	4.0	2.4	북서	317	6.6	1021.6	-	112	
2021-02-12 03:55:00	9.8	남	181	9.92	26.76	0.35	4.0	0.64	4.0	2.4	북서	306	6.4	1021.7	-	260	
2021-02-12 04:00:00	2.9	서북서	295	9.94	26.88	0.33	4.5	0.57	3.0	2.7	북서	307	6.3	1021.7	-	87	
2021-02-12 04:05:00	7.8	남서	224	10.04	26.82	0.41	4.3	0.69	4.5	2.6	북서	312	6.1	1021.8	-	249	
2021-02-12 04:10:00	4.6	서	272	10.03	26.77	0.36	5.2	0.49	5.5	2.8	북서	314	6.1	1021.9	-	300	
2021-02-12 04:15:00	24.3	북동	50	10.06	26.92	0.39	4.9	0.54	4.0	3.0	북서	311	6.0	1021.9	-	114	
2021-02-12 04:20:00	7.2	서남서	237	10.12	26.87	0.36	4.6	0.53	4.5	2.7	북서	318	6.3	1021.9	-	81	
2021-02-12 04:25:00	5.0	동남동	118	10.15	26.82	0.35	5.2	0.52	3.5	2.2	북서	308	6.6	1021.9	-	320	
2021-02-12 04:30:00	21.4	동	81	10.17	26.77	0.33	4.5	0.52	5.5	2.4	서북서	302	6.9	1021.9	-	282	
2021-02-12 04:35:00	2.4	남	187	10.18	26.98	0.34	4.5	0.42	5.0	2.3	북서	304	6.7	1021.9	-	136	
2021-02-12 04:40:00	11.2	남남동	151	10.18	26.86	0.32	5.0	0.41	4.0	2.2	서	278	6.5	1022.0	-	81	
2021-02-12 04:45:00	8.1	서	266	10.18	26.85	0.36	4.5	0.62	6.0	2.1	서	274	6.0	1022.1	-	140	
2021-02-12 04:50:00	9.0	서남서	244	10.18	26.98	0.37	5.7	0.46	5.0	2.3	서	276	6.0	1022.1	-	318	
2021-02-12 04:55:00	2.9	서	267	10.18	26.88	0.34	4.7	0.44	5.5	2.3	서	273	6.7	1022.1	-	289	
2021-02-12 05:00:00	13.2	남서	214	10.20	26.95	0.30	4.4	0.48	4.5	2.8	서남서	256	6.2	1022.1	-	314	
2021-02-12 05:05:00	9.2	서	269	10.22	26.87	0.36	4.5	0.42	5.0	2.6	서남서	247	6.4	1022.1	-	234	
2021-02-12 05:10:00	10.4	남남서	196	10.23	26.87	0.32	5.2	0.42	5.0	2.5	서남서	242	6.4	1022.2	-	145	
2021-02-12 05:15:00	13.9	남남서	198	10.25	27.07	0.36	4.4	0.47	4.5	2.2	서남서	251	6.7	1022.2	-	199	
2021-02-12 05:20:00	8.1	남서	216	10.25	27.04	0.30	4.3	0.42	4.0	1.8	서남서	242	6.7	1022.2	-	261	
2021-02-12 05:25:00	11.6	서남서	239	10.24	27.06	0.30	4.7	0.59	5.0	1.3	서남서	249	6.8	1022.2	-	105	
2021-02-12 05:30:00	3.8	서남서	245	10.24	26.92	0.33	4.5	0.51	4.5	1.1	남서	232	6.7	1022.2	-	224	
2021-02-12 05:35:00	2.9	북북서	331	10.24	26.99	0.34	4.6	0.50	4.0	1.2	남서	228	6.8	1022.2	-	268	
2021-02-12 05:40:00	11.6	남남서	193	10.24	27.11	0.34	4.9	0.45	5.0	0.9	남서	236	7.0	1022.1	-	72	
2021-02-12 05:45:00	6.3	북북동	12	10.23	27.32	0.29	4.1	0.42	3.5	1.0	남서	214	7.3	1022.1	-	138	
2021-02-12 05:50:00	23.6	서남서	244	10.21	26.89	0.33	4.8	0.48	7.0	2.2	남남서	210	9.0	1022.0	-	113	
2021-02-12 05:55:00	9.5	서	278	10.19	26.93	0.31	4.7	0.52	3.0	1.5	남서	230	9.9	1022.0	-	60	
2021-02-12 06:00:00	15.6	남서	231	10.21	26.95	0.30	5.8	0.43	6.0	1.4	남서	234	9.7	1022.0	-	115	
2021-02-12 06:05:00	40.3	남서	221	10.27	27.03	0.32	4.9	0.47	5.5	1.3	남서	229	9.9	1022.0	-	87	
2021-02-12 06:10:00	12.8	남남동	157	10.30	27.02	0.30	5.2	0.38	3.5	1.3	남서	232	9.6	1022.0	-	100	
2021-02-12 06:15:00	13.1	서	266	10.31	26.94	0.29	4.9	0.37	4.0	1.2	남서	232	9.3	1022.0	-	181	
2021-02-12 06:20:00	18.1	남	187	10.33	26.96	0.32	4.8	0.44	4.0	1.3	서남서	252	9.0	1022.0	-	192	
2021-02-12 06:25:00	10.5	남서	236	10.36	27.03	0.30	4.5	0.38	4.5	1.4	서남서	254	8.7	1021.9	-	106	
2021-02-12 06:30:00	16.8	남	186	10.37	26.99	0.33	4.8	0.48	4.0	1.3	서	260	8.0	1021.9	-	287	
2021-02-12 06:35:00	15.3	남남서	200	10.38	27.04	0.34	4.9	0.40	4.5	0.7	서남서	243	6.9	1021.8	-	277	
2021-02-12 06:40:00	14.8	남남서	209	10.38	26.97	0.33	4.5	0.39	4.0	0.5	서	279	7.0	1021.8	-	139	
2021-02-12 06:45:00	10.1	남서	235	10.38	27.03	0.30	4.9	0.47	5.5	0.7	서	261	6.9	1021.9	-	207	
2021-02-12 06:50:00	11.5	남남서	211	10.37	27.23	0.35	4.4	0.45	4.5	0.7	서	262	7.2	1021.9	-	75	
2021-02-12 06:55:00	13.9	남서	222	10.37	27.12	0.32	4.8	0.49	4.5	0.6	서	276	7.6	1022.0	-	61	
2021-02-12 07:00:00	4.5	남남서	197	10.37	27.21	0.35	4.8	0.53	4.0	0.7	남남서	206	7.6	1022.0	-	186	
2021-02-12 07:05:00	9.4	남남서	198	10.36	26.23	0.32	5.0	0.53	5.5	1.2	남남동	159	7.9	1022.0	-	124	
2021-02-12 07:10:00	17.1	남	188	10.36	26.99	0.32	4.5	0.50	4.5	2.7	남남동	161	8.6	1022.1	-	277	
2021-02-12 07:15:00	14.1	남서	219	10.36	26.84	0.31	4.6	0.43	6.5	2.3	남	175	8.7	1022.2	-	285	
2021-02-12 07:20:00	7.0	서남서	236	10.35	26.82	0.36	4.5	0.63	5.0	1.9	남남서	197	8.8	1022.2	-	138	
2021-02-12 07:25:00	9.9	동북동	68	10.34	26.57	0.38	4.9	0.52	6.5	1.8	남남서	204	8.9	1022.3	-	197	
2021-02-12 07:30:00	3.7	남남동	163	10.32	26.09	0.37	5.0	0.58	5.5	2.0	남서	216	8.8	1022.3	-	313	
2021-02-12 07:35:00	23.0	서남서	239	10.29	26.30	0.35	5.0	0.47	6.0	1.9	남서	219	8.5	1022.4	-	288	
2021-02-12 07:40:00	13.0	남	177	10.27	26.75	0.34	5.3	0.65	4.5	1.9	남서	233	8.1	1022.4	-	90	
2021-02-12 07:45:00	14.8	남남서	200	10.26	26.71	0.33	4.5	0.50	5.0	1.9	남서	227	8.1	1022.5	-	199	
2021-02-12 07:50:00	5.7	남서	232	10.25	26.57	0.36	4.8	0.47	5.0	2.1	남서	215	8.5	1022.5	-	106	
2021-02-12 07:55:00	11.2	서남서	241	10.25	26.67	0.32	4.7	0.44	5.0	2.1	남서	227	8.6	1022.6	-	124	
2021-02-12 08:00:00	11.2	서남서	245	10.22	26.66	0.30	5.5	0.39	6.0	1.5	남서	224	8.7	1022.6	-	243	
2021-02-12 08:05:00	8.1	서북서	284	10.18	26.73	0.39	4.9	0.52	5.0	1.1	서남서	245	8.5	1022.7	-	266	
2021-02-12 08:10:00	1.6	남남동	157	10.12	26.67	0.39	4.9	0.46	5.5	1.1	남서	224	7.9	1022.7	-	181	
2021-02-12 08:15:00	1.9	북서	308	10.05	26.58	0.34	4.4	0.52	3.5	1.8	남서	216	8.4	1022.8	-	82	
2021-02-12 08:20:00	2.9	북북동	16	10.02	26.66	0.41	5.0	0.61	5.0	2.5	남남서	210	8.5	1022.7	-	255	
2021-02-12 08:25:00	3.4	북북서	336	10.03	26.66	0.34	4.3	0.52	5.5	2.6	남서	215	8.5	1022.7	-	167	
2021-02-12 08:30:00	3.1	북서	307	10.07	26.64	0.36	4.8	0.58	4.5	2.2	남서	219	8.4	1022.7	-	251	
2021-02-12 08:35:00	5.8	북북서	328	10.06	26.44	0.36	5.2	0.56	4.5	2.1	남서	226	8.4	1022.7	-	85	
2021-02-12 08:40:00	4.8	동	80	10.02	26.66	0.37	5.0	0.53	5.5	2.1	남서	231	8.6	1022.7	-	262	
2021-02-12 08:45:00	1.7	동	80	10.00	26.60	0.41	5.0	0.50	4.5	1.7	남서	226	9.0	1022.7	-	95	
2021-02-12 08:50:00	7.4	서북서	294	9.99	26.69	0.34	4.8	0.47	5.0	1.5	남서	234	9.1	1022.8	-	218	
2021-02-12 08:55:00	2.4	북북서	328	9.98	26.73	0.36	4.3	0.59	6.5	1.8	서	262	9.4	1022.8	-	280	
2021-02-12 09:00:00	6.4	북북동	33	9.99	26.64	0.34	5.0	0.50	4.5	1.8	서	268	9.2	1022.9	-	100	
2021-02-12 09:05:00	20.9	북서	325	9.99	26.58	0.37	4.7	0.59	4.5	1.7	서남서	258	9.7	1022.8	-	70	
2021-02-12 09:10:00	1.5	남남동	148	10.05	26.57	0.33	4.6	0.45	3.0	1.6	서남서	255	10.2	1022.8	-	79	
2021-02-12 09:15:00	4.8	동북동	58	10.03	26.71	0.33	4.2	0.51	4.0	1.3	서	261	10.6	1022.7	-	97	
2021-02-12 09:20:00	8.4	북북서	329	9.90	26.64	0.36	5.0	0.49	5.0	1.6	서남서	257	10.3	1022.7	-	208	
2021-02-12 09:25:00	10.5	북북서	344	10.03	26.63	0.36	4.8	0.50	4.0	1.7	서남서	253	10.3	1022.7	-	349	
2021-02-12 09:30:00	15.3	북북서	337	10.04	26.52	0.32	5.2	0.41	5.5	1.7	서남서	251	10.8	1022.7	-	80	
2021-02-12 09:35:00	20.0	북서	324	10.10	26.58	0.32	4.7	0.36	5.5	2.1	서남서	257	10.7	1022.8	-	78	
2021-02-12 09:40:00	2.4	남	178	10.05	26.50	0.34	4.7	0.48	4.0	1.9	서남서	253	10.5	1022.7	-	92	
2021-02-12 09:45:00	5.4	남서	230	10.00	26.48	0.36	5.1	0.49	5.5	1.3	서남서	255	10.6	1022.6	-	248	
2021-02-12 09:50:00	4.6	서남서	240	10.05	26.60	0.35	4.9	0.44	5.0	1.1	서	265	10.9	1022.6	-	31	
2021-02-12 09:55:00	2.4	남	176	10.12	26.68	0.34	4.6	0.51	4.0	1.0	서남서	239	10.9	1022.5	-	112	
2021-02-12 10:00:00	4.8	남서	234	10.05	26.60	0.30	5.1	0.45	4.5	0.4	남서	218	11.1	1022.5	-	91	
2021-02-12 10:05:00	7.3	북북동	18	10.05	26.56	0.31	4.4	0.50	4.0	0.5	서남서	237	11.2	1022.5	-	255	
2021-02-12 10:10:00	4.0	서북서	299	9.84	26.43	0.31	4.5	0.51	6.0	0.0	서남서	237	11.9	1022.6	-	350	
2021-02-12 10:15:00	7.6	남남서	213	9.80	26.49	0.35	4.6	0.44	4.0	0.0	북북동	16	13.2	1022.6	-	287	
2021-02-12 10:20:00	21.3	서북서	301	9.73	26.58	0.36	4.6	0.55	3.5	0.6	북	2	12.6	1022.6	-	92	
2021-02-12 10:25:00	3.4	남동	141	9.56	26.38	0.34	4.5	0.46	5.5	1.2	북북동	14	11.4	1022.6	-	169	
2021-02-12 10:30:00	4.0	남남서	203	9.47	26.39	0.37	5.0	0.47	5.5	0.9	북북동	21	11.4	1022.6	-	68	
2021-02-12 10:35:00	13.4	서북서	299	9.36	26.44	0.32	4.8	0.44	6.5	0.5	북동	48	11.5	1022.6	-	320	
2021-02-12 10:40:00	19.0	북북서	335	9.30	26.38	0.34	4.7	0.48	3.5	0.9	동북동	75	12.0	1022.6	-	85	
2021-02-12 10:45:00	21.4	북북서	346	9.26	26.37	0.36	4.9	0.50	6.5	1.5	동남동	103	11.9	1022.6	-	77	
2021-02-12 10:50:00	14.2	북북서	347	9.25	26.42	0.32	4.8	0.49	6.0	1.6	동남동	110	11.3	1022.6	-	57	
2021-02-12 10:55:00	25.6	북	355	9.17	26.38	0.32	5.0	0.46	6.5	1.8	동남동	110	11.3	1022.7	-	287	
2021-02-12 11:00:00	11.8	서남서	236	9.17	26.52	0.35	5.1	0.48	6.0	2.2	동남동	113	11.0	1022.7	-	75	
2021-02-12 11:05:00	28.5	남남서	213	9.09	26.38	0.35	4.6	0.49	4.0	2.6	동남동	118	10.9	1022.6	-	80	
2021-02-12 11:10:00	27.5	북북서	342	9.02	26.44	0.37	5.5	0.57	7.0	2.5	동남동	116	11.0	1022.7	-	94	
2021-02-12 11:15:00	23.4	서	278	9.03	26.39	0.34	4.7	0.55	4.0	2.5	동남동	109	11.1	1022.7	-	241	
2021-02-12 11:20:00	3.8	남남서	199	9.05	26.48	0.35	4.9	0.43	5.0	2.2	동남동	103	11.2	1022.8	-	89	
2021-02-12 11:25:00	26.8	북북서	345	9.07	26.48	0.33	4.8	0.46	4.0	2.1	동남동	103	11.2	1022.8	-	223	
2021-02-12 11:30:00	20.1	북북동	24	9.01	26.51	0.33	4.6	0.50	7.0	2.2	동	99	11.3	1022.8	-	83	
2021-02-12 11:35:00	13.2	서남서	255	8.96	26.27	0.38	5.1	0.53	5.5	2.2	동	100	11.4	1022.8	-	107	
2021-02-12 11:40:00	33.6	북서	306	9.72	26.91	0.35	5.2	0.51	5.0	2.2	동남동	103	11.4	1022.7	-	86	
2021-02-12 11:45:00	32.4	남남동	161	9.56	26.45	0.36	4.9	0.60	4.5	2.5	동	100	11.2	1022.7	-	315	
2021-02-12 11:50:00	16.5	북	3	9.15	26.26	0.36	4.9	0.51	3.0	2.6	동	90	11.3	1022.6	-	130	
2021-02-12 11:55:00	4.3	동북동	58	8.94	26.59	0.43	4.5	0.64	4.5	2.3	동	91	11.6	1022.6	-	229	
2021-02-12 12:00:00	7.9	서남서	243	9.52	26.69	0.37	4.6	0.55	4.5	2.7	동	91	11.5	1022.6	-	289	
2021-02-12 12:05:00	16.1	북동	39	9.48	26.54	0.33	4.8	0.50	4.5	2.7	동	93	11.4	1022.6	-	27	
2021-02-12 12:10:00	8.7	북동	52	9.34	26.56	0.36	4.8	0.56	4.0	2.8	동	95	11.4	1022.5	-	340	
2021-02-12 12:15:00	14.9	북서	305	9.43	26.48	0.40	5.0	0.55	4.0	2.9	동	96	11.5	1022.5	-	302	
2021-02-12 12:20:00	19.5	남서	217	9.41	26.23	0.39	4.8	0.62	5.0	3.0	동	98	11.5	1022.4	-	301	
2021-02-12 12:25:00	23.1	남	187	9.57	26.76	0.40	4.7	0.57	3.0	3.5	동	100	11.5	1022.3	-	284	
2021-02-12 12:30:00	8.0	남서	224	9.64	26.52	0.44	4.8	0.56	4.5	3.7	동	101	11.5	1022.3	-	164	
2021-02-12 12:35:00	3.4	남남동	150	9.66	26.39	0.41	5.3	0.61	5.5	3.8	동	99	11.4	1022.2	-	93	
2021-02-12 12:40:00	14.3	서	269	9.64	26.59	0.40	4.8	0.58	5.0	3.8	동	97	11.3	1022.2	-	95	
2021-02-12 12:45:00	14.6	동북동	65	9.94	26.31	0.38	5.0	0.54	5.0	4.2	동	96	11.2	1022.1	-	121	
2021-02-12 12:50:00	9.7	북동	54	10.28	26.29	0.38	4.6	0.47	5.0	4.1	동	96	11.1	1022.1	-	188	
2021-02-12 12:55:00	12.0	남남서	193	10.10	26.60	0.39	5.6	0.49	4.5	3.9	동	94	11.1	1022.1	-	89	
2021-02-12 13:00:00	13.9	북	5	10.06	26.62	0.41	4.4	0.63	4.0	3.8	동	94	11.2	1022.0	-	311	
2021-02-12 13:05:00	2.8	서북서	301	10.07	26.62	0.39	4.8	0.66	5.5	4.0	동	90	11.3	1022.0	-	81	
2021-02-12 13:10:00	36.6	남동	132	10.18	26.82	0.40	4.5	0.64	4.0	3.8	동	92	11.3	1022.0	-	281	
2021-02-12 13:15:00	5.8	남남서	198	10.22	26.45	0.34	5.2	0.54	5.0	4.1	동	94	11.2	1021.9	-	236	
2021-02-12 13:20:00	16.2	북서	311	10.39	26.18	0.35	4.9	0.41	4.0	3.9	동	98	11.2	1021.9	-	74	
2021-02-12 13:25:00	5.6	서남서	244	10.39	26.16	0.36	4.7	0.55	4.0	4.1	동남동	104	11.2	1021.9	-	315	
2021-02-12 13:30:00	10.7	서북서	296	10.39	26.36	0.37	4.9	0.49	6.0	4.3	동남동	103	11.2	1021.9	-	104	
2021-02-12 13:35:00	11.0	북서	325	10.38	27.24	0.42	4.1	0.75	4.0	4.2	동남동	103	11.1	1021.9	-	257	
2021-02-12 13:40:00	13.4	북	358	10.28	26.56	0.39	4.9	0.62	4.5	3.8	동남동	103	11.2	1021.9	-	7	
2021-02-12 13:45:00	12.4	서	281	10.30	26.38	0.39	4.6	0.51	6.0	4.1	동	91	11.4	1021.9	-	162	
2021-02-12 13:50:00	22.0	서	275	10.24	26.16	0.37	5.2	0.56	4.5	4.2	동	91	11.2	1021.9	-	225	
2021-02-12 13:55:00	22.2	북	350	10.21	26.31	0.38	5.1	0.52	3.5	4.3	동	95	11.2	1021.8	-	62	
2021-02-12 14:00:00	5.0	북서	323	10.17	26.14	0.34	4.7	0.52	4.0	4.1	동	96	11.1	1021.7	-	331	
2021-02-12 14:05:00	33.5	남남동	161	10.15	26.44	0.31	4.9	0.44	4.0	4.2	동	95	11.1	1021.7	-	62	
2021-02-12 14:10:00	2.5	북서	323	10.17	26.49	0.38	4.9	0.61	5.5	4.1	동남동	102	11.2	1021.7	-	300	
2021-02-12 14:15:00	15.3	북서	311	10.31	27.24	0.41	5.2	0.57	5.0	4.1	동남동	102	11.1	1021.7	-	151	
2021-02-12 14:20:00	11.4	남	182	10.34	26.48	0.41	4.8	0.68	4.0	3.9	동남동	104	11.2	1021.7	-	43	
2021-02-12 14:25:00	13.2	동	89	10.39	26.01	0.41	4.3	0.67	4.5	4.0	동	99	11.3	1021.6	-	33	
2021-02-12 14:30:00	10.5	북	4	10.41	26.26	0.39	4.8	0.54	5.0	3.7	동	100	11.3	1021.6	-	94	
2021-02-12 14:35:00	1.8	북북동	27	10.30	26.25	0.35	4.8	0.50	5.0	3.6	동남동	105	11.3	1021.7	-	250	
2021-02-12 14:40:00	15.6	북서	307	10.39	26.49	0.34	4.4	0.47	2.5	3.5	동남동	108	11.3	1021.7	-	116	
2021-02-12 14:45:00	4.2	남남서	195	10.38	26.19	0.33	5.1	0.45	6.0	3.5	동남동	112	11.3	1021.7	-	193	
2021-02-12 14:50:00	6.7	북	360	10.34	26.17	0.33	4.5	0.47	4.0	3.5	동남동	110	11.3	1021.7	-	171	
2021-02-12 14:55:00	3.5	동	97	10.31	26.39	0.38	5.3	0.62	5.5	3.6	동남동	113	11.3	1021.6	-	102	
2021-02-12 15:00:00	7.0	서북서	301	10.23	27.01	0.34	4.9	0.39	5.0	3.8	동남동	116	11.3	1021.6	-	87	
2021-02-12 15:05:00	10.0	북북서	328	10.12	26.93	0.36	5.0	0.44	4.5	3.6	동남동	122	11.3	1021.7	-	288	
2021-02-12 15:10:00	14.3	북북서	347	10.11	26.75	0.34	4.5	0.50	5.0	3.6	남동	124	11.2	1021.7	-	71	
2021-02-12 15:15:00	7.8	서북서	297	10.06	26.60	0.40	5.8	0.55	7.5	3.2	남동	129	11.3	1021.7	-	87	
2021-02-12 15:20:00	9.1	북북서	337	10.01	26.88	0.35	4.9	0.52	6.5	3.6	남동	131	11.2	1021.7	-	76	
2021-02-12 15:25:00	8.8	북서	323	9.97	26.49	0.34	5.3	0.57	6.0	3.3	남동	126	11.3	1021.7	-	89	
2021-02-12 15:30:00	6.3	북북동	21	9.92	26.96	0.34	4.5	0.47	4.0	3.1	남동	127	11.3	1021.7	-	109	
2021-02-12 15:35:00	8.5	남동	146	9.86	26.71	0.35	4.2	0.54	4.0	3.0	남동	127	11.2	1021.7	-	317	
2021-02-12 15:40:00	13.0	남서	224	9.84	26.76	0.35	5.0	0.46	6.5	3.0	남동	130	11.3	1021.7	-	85	
2021-02-12 15:45:00	17.9	북서	324	9.82	26.70	0.34	4.6	0.48	5.0	3.0	남동	132	11.2	1021.8	-	88	
2021-02-12 15:50:00	4.7	서	265	9.82	26.28	0.37	4.5	0.54	5.5	2.8	남동	132	11.2	1021.8	-	107	
2021-02-12 15:55:00	8.4	서	280	9.77	26.48	0.38	4.9	0.54	4.5	2.7	남동	130	11.2	1021.7	-	100	
2021-02-12 16:00:00	13.3	서	275	9.83	26.14	0.36	4.9	0.49	5.0	2.8	남동	133	11.2	1021.7	-	330	
2021-02-12 16:05:00	19.0	남	170	9.87	26.59	0.32	4.8	0.45	5.5	2.7	남동	134	11.2	1021.6	-	290	
2021-02-12 16:10:00	7.2	남남동	164	9.83	26.62	0.34	4.9	0.50	6.5	2.5	남동	136	11.2	1021.6	-	83	
2021-02-12 16:15:00	13.4	북북서	341	9.74	26.57	0.34	5.6	0.45	7.5	2.6	남동	140	11.1	1021.6	-	82	
2021-02-12 16:20:00	17.1	북북서	346	9.57	26.61	0.37	5.7	0.55	5.0	2.7	남동	136	11.1	1021.6	-	96	
2021-02-12 16:25:00	10.8	서북서	299	9.70	26.56	0.42	5.4	0.57	4.5	2.7	남동	138	11.1	1021.6	-	193	
2021-02-12 16:30:00	14.2	서북서	303	9.66	26.49	0.39	4.8	0.49	5.5	2.6	남동	132	11.1	1021.6	-	88	
2021-02-12 16:35:00	16.2	북북서	343	9.59	26.51	0.33	5.0	0.55	7.5	2.0	남동	133	11.1	1021.7	-	92	
2021-02-12 16:40:00	23.6	북서	309	9.58	26.67	0.35	5.1	0.47	5.5	1.8	남동	134	11.0	1021.8	-	88	
2021-02-12 16:45:00	29.2	남남동	158	9.58	26.64	0.36	5.6	0.45	6.0	1.6	남동	130	11.0	1021.8	-	79	
2021-02-12 16:50:00	15.0	서북서	297	9.54	26.58	0.38	4.8	0.50	6.5	1.8	남동	128	10.9	1021.8	-	124	
2021-02-12 16:55:00	15.0	남남동	166	9.49	26.32	0.34	5.0	0.52	5.0	1.8	남동	128	10.9	1021.9	-	80	
2021-02-12 17:00:00	17.6	북북서	344	9.46	26.46	0.38	5.2	0.56	4.5	1.9	남동	128	10.8	1021.9	-	99	
2021-02-12 17:05:00	4.2	서북서	289	9.45	26.63	0.32	4.4	0.42	3.5	1.7	동남동	117	10.8	1021.9	-	5	
2021-02-12 17:10:00	11.0	북서	317	9.44	26.58	0.34	4.9	0.55	5.0	1.2	동남동	109	10.8	1021.9	-	98	
2021-02-12 17:15:00	5.7	남남서	204	9.41	26.54	0.34	4.6	0.51	4.0	1.2	남동	135	10.8	1021.9	-	115	
2021-02-12 17:20:00	11.9	북	3	9.38	26.55	0.37	4.9	0.54	4.0	1.6	남동	141	10.7	1022.0	-	94	
2021-02-12 17:25:00	3.7	북동	50	9.37	26.58	0.38	5.6	0.52	3.5	2.2	남동	142	10.6	1022.0	-	107	
2021-02-12 17:30:00	3.5	북북동	24	9.35	26.50	0.39	5.1	0.61	5.0	2.4	남동	133	10.5	1022.0	-	41	
2021-02-12 17:35:00	5.0	동북동	58	9.33	26.47	0.39	4.8	0.58	5.5	2.5	남동	130	10.5	1022.1	-	301	
2021-02-12 17:40:00	3.2	동북동	57	9.29	26.66	0.35	4.7	0.45	3.5	2.5	남동	131	10.5	1022.1	-	216	
2021-02-12 17:45:00	6.2	북동	42	9.32	26.67	0.37	4.9	0.49	5.0	2.6	남동	128	10.5	1022.1	-	76	
2021-02-12 17:50:00	4.0	북동	40	9.30	26.68	0.40	5.3	0.59	5.5	2.0	동남동	123	10.5	1022.2	-	68	
2021-02-12 17:55:00	1.7	북동	56	9.32	26.73	0.34	4.5	0.60	4.5	2.0	남동	127	10.4	1022.2	-	105	
2021-02-12 18:00:00	4.6	북동	35	9.30	26.72	0.39	4.7	0.61	4.5	2.4	남동	132	10.4	1022.2	-	92	
2021-02-12 18:05:00	3.5	북북동	29	9.25	26.72	0.37	4.7	0.50	3.5	2.7	남동	138	10.4	1022.2	-	280	
2021-02-12 18:10:00	0.5	서	273	9.26	26.75	0.34	4.7	0.45	4.5	2.2	남동	142	10.3	1022.2	-	314	
2021-02-12 18:15:00	5.8	동북동	66	9.28	26.87	0.44	5.6	0.60	4.5	1.5	남남동	147	10.2	1022.4	-	272	
2021-02-12 18:20:00	1.0	서	278	9.27	26.90	0.37	4.7	0.69	4.5	1.8	남동	143	10.0	1022.4	-	53	
2021-02-12 18:25:00	4.3	남남동	148	9.39	26.95	0.44	5.2	0.67	6.5	1.5	남남동	149	10.1	1022.4	-	85	
2021-02-12 18:30:00	6.4	남남서	197	9.41	26.92	0.37	5.2	0.43	5.5	1.5	남남동	168	10.2	1022.5	-	265	
2021-02-12 18:35:00	1.5	북북동	19	9.45	26.81	0.32	5.0	0.47	4.0	1.4	남	180	10.1	1022.6	-	269	
2021-02-12 18:40:00	8.6	남동	138	9.39	27.03	0.38	5.1	0.55	5.5	1.7	남	171	10.1	1022.6	-	123	
2021-02-12 18:45:00	6.7	서북서	287	9.40	26.81	0.33	5.3	0.44	4.0	1.8	남남동	161	10.1	1022.7	-	74	
2021-02-12 18:50:00	3.8	북서	326	9.38	26.55	0.36	5.4	0.47	5.0	1.1	남남동	152	10.1	1022.7	-	157	
2021-02-12 18:55:00	21.9	북서	305	9.31	27.14	0.35	5.2	0.45	5.5	0.4	남남서	193	9.9	1022.8	-	327	
2021-02-12 19:00:00	25.6	북	351	9.27	26.93	0.31	5.1	0.46	5.0	0.0	남서	230	9.7	1022.8	-	73	
2021-02-12 19:05:00	12.0	북서	307	9.23	27.02	0.31	5.3	0.43	5.5	0.0	서	270	9.6	1022.9	-	95	
2021-02-12 19:10:00	10.6	북	8	9.19	27.88	0.33	5.4	0.53	7.0	1.1	남서	233	9.2	1022.9	-	84	
2021-02-12 19:15:00	1.6	서	281	9.24	27.21	0.31	5.4	0.43	4.0	1.7	남서	220	8.6	1023.0	-	107	
2021-02-12 19:20:00	11.3	서북서	293	9.17	27.00	0.31	5.7	0.45	5.5	1.9	남서	229	8.5	1023.1	-	257	
2021-02-12 19:25:00	2.2	북북서	339	9.22	27.13	0.33	5.2	0.45	6.0	1.7	서남서	238	8.6	1023.1	-	102	
2021-02-12 19:30:00	14.9	북북서	326	9.18	27.19	0.37	4.9	0.48	4.5	2.0	서남서	245	8.5	1023.2	-	218	
2021-02-12 19:35:00	12.6	서북서	289	9.21	27.61	0.35	5.4	0.61	5.0	2.1	서남서	249	8.5	1023.2	-	102	
2021-02-12 19:40:00	3.1	남서	223	9.20	26.94	0.35	5.6	0.41	5.0	1.5	서남서	244	8.7	1023.3	-	156	
2021-02-12 19:45:00	6.3	남남동	163	9.16	26.95	0.34	5.5	0.43	4.5	1.7	서남서	238	8.7	1023.3	-	90	
2021-02-12 19:50:00	8.5	서남서	243	9.16	27.38	0.33	5.4	0.48	5.0	1.2	서남서	248	8.8	1023.3	-	64	
2021-02-12 19:55:00	8.1	북북서	339	9.15	26.56	0.34	5.2	0.41	5.5	0.9	서남서	239	8.5	1023.3	-	307	
2021-02-12 20:00:00	34.0	남서	216	9.15	27.37	0.37	4.8	0.49	4.0	1.0	남서	226	8.5	1023.4	-	291	
2021-02-12 20:05:00	13.4	서북서	287	9.16	27.16	0.35	5.6	0.46	6.0	0.8	남서	229	8.2	1023.4	-	143	
2021-02-12 20:10:00	32.7	서북서	282	9.10	27.59	0.34	5.1	0.45	6.0	0.5	서	265	8.2	1023.4	-	142	
2021-02-12 20:15:00	14.4	남남서	192	9.07	27.23	0.33	5.4	0.47	5.0	0.5	남서	234	8.0	1023.4	-	84	
2021-02-12 20:20:00	13.6	서	273	9.08	27.34	0.36	4.9	0.45	3.0	0.2	남	178	8.0	1023.4	-	250	
2021-02-12 20:25:00	6.3	서북서	290	9.07	26.97	0.39	5.1	0.62	5.0	0.2	남남서	207	8.1	1023.3	-	265	
2021-02-12 20:30:00	18.5	북북동	13	9.06	27.03	0.37	5.5	0.54	5.5	1.0	서남서	256	8.0	1023.3	-	73	
2021-02-12 20:35:00	18.0	북서	312	9.06	26.95	0.35	5.1	0.50	5.5	2.1	서	262	7.5	1023.3	-	112	
2021-02-12 20:40:00	5.5	북북서	334	9.04	26.87	0.39	4.9	0.54	5.5	1.6	서	268	7.1	1023.3	-	164	
2021-02-12 20:45:00	9.3	서북서	299	9.02	26.51	0.36	4.8	0.51	5.0	0.8	서	271	7.2	1023.2	-	273	
2021-02-12 20:50:00	7.3	서남서	247	9.01	27.32	0.35	5.1	0.51	4.0	0.8	남남서	209	7.3	1023.2	-	283	
2021-02-12 20:55:00	2.9	서북서	287	9.01	27.17	0.37	5.0	0.60	4.5	0.9	남남서	203	7.1	1023.2	-	204	
2021-02-12 21:00:00	4.7	남	175	9.02	27.19	0.38	5.2	0.53	6.0	1.9	남	187	7.1	1023.1	-	81	
2021-02-12 21:05:00	30.3	남서	216	9.03	27.07	0.39	5.4	0.57	4.5	2.0	남남서	200	7.2	1023.1	-	74	
2021-02-12 21:10:00	18.0	서남서	237	9.04	27.25	0.40	4.9	0.61	5.0	1.4	남남서	207	7.3	1023.2	-	78	
2021-02-12 21:15:00	19.5	남남서	206	9.05	27.35	0.34	5.5	0.47	5.5	1.4	남남서	197	7.2	1023.2	-	82	
2021-02-12 21:20:00	16.2	남	191	9.06	27.48	0.32	5.2	0.41	5.5	1.8	남	181	7.4	1023.3	-	84	
2021-02-12 21:25:00	9.7	남	177	9.04	27.55	0.36	5.4	0.51	4.0	1.8	남	171	7.7	1023.3	-	70	
2021-02-12 21:30:00	18.7	서	275	9.05	27.04	0.33	5.4	0.46	6.0	1.7	남	169	8.1	1023.3	-	243	
2021-02-12 21:35:00	14.0	남남동	163	9.08	26.99	0.39	5.6	0.59	4.5	1.8	남	181	7.8	1023.4	-	78	
2021-02-12 21:40:00	38.3	서	264	9.07	27.00	0.34	5.3	0.45	5.5	2.0	남남서	203	7.7	1023.5	-	70	
2021-02-12 21:45:00	26.3	북서	320	9.09	27.05	0.34	4.5	0.45	4.5	2.5	서	271	7.2	1023.5	-	216	
2021-02-12 21:50:00	16.7	북서	316	9.10	27.07	0.37	4.7	0.57	4.5	2.4	서북서	290	6.6	1023.6	-	275	
2021-02-12 21:55:00	37.5	북서	321	9.10	26.42	0.34	5.9	0.42	5.5	2.2	북서	306	7.0	1023.6	-	116	
2021-02-12 22:00:00	6.8	서북서	295	9.09	26.78	0.38	5.7	0.55	7.0	1.4	북서	315	7.2	1023.7	-	84	
2021-02-12 22:05:00	8.2	동	82	9.08	26.89	0.37	5.9	0.45	5.0	1.0	북서	317	7.2	1023.7	-	87	
2021-02-12 22:10:00	12.9	북서	314	9.08	26.81	0.33	5.6	0.48	4.0	0.7	서북서	287	7.0	1023.7	-	76	
2021-02-12 22:15:00	17.6	서북서	283	9.08	26.91	0.36	5.4	0.43	4.0	0.8	서	270	6.9	1023.7	-	129	
2021-02-12 22:20:00	1.4	북서	323	9.08	27.03	0.38	5.7	0.61	4.0	1.4	서	270	6.6	1023.7	-	82	
2021-02-12 22:25:00	7.1	북	1	9.07	26.78	0.40	5.0	0.53	5.5	1.8	서남서	258	6.9	1023.7	-	92	
2021-02-12 22:30:00	2.7	서북서	302	9.08	26.84	0.36	5.4	0.54	6.5	1.9	남서	233	6.5	1023.7	-	87	
2021-02-12 22:35:00	16.0	북서	314	9.07	26.80	0.34	5.4	0.52	5.0	1.2	서남서	244	6.3	1023.7	-	153	
2021-02-12 22:40:00	10.6	서	264	9.07	26.83	0.32	5.1	0.49	4.0	2.0	서남서	241	6.2	1023.6	-	203	
2021-02-12 22:45:00	14.5	북북동	32	9.07	26.79	0.36	5.3	0.53	5.0	1.7	서	261	6.0	1023.7	-	90	
2021-02-12 22:50:00	7.0	북서	323	9.08	26.75	0.37	5.1	0.61	5.5	1.9	서	265	6.1	1023.7	-	278	
2021-02-12 22:55:00	1.7	북북동	27	9.08	27.11	0.39	5.4	0.51	5.5	2.1	서북서	290	5.8	1023.7	-	101	
2021-02-12 23:00:00	39.4	북서	305	9.07	27.05	0.38	5.3	0.48	5.0	1.0	서북서	295	6.3	1023.8	-	338	
2021-02-12 23:05:00	9.6	북서	313	9.07	26.28	0.36	5.3	0.52	4.5	1.1	북서	308	6.8	1023.8	-	103	
2021-02-12 23:10:00	25.6	서	277	9.06	27.04	0.39	5.4	0.54	5.0	0.8	서북서	298	7.0	1023.8	-	158	
2021-02-12 23:15:00	3.1	서남서	256	9.05	27.16	0.37	5.0	0.51	4.0	0.7	북서	308	7.1	1023.8	-	297	
2021-02-12 23:20:00	5.7	북서	320	9.05	27.00	0.37	5.2	0.46	4.5	1.0	서남서	258	7.1	1023.8	-	65	
2021-02-12 23:25:00	6.4	북	350	9.04	27.20	0.31	4.7	0.45	6.0	1.0	서남서	254	7.1	1023.9	-	315	
2021-02-12 23:30:00	3.7	북북동	19	9.03	27.29	0.34	4.9	0.45	4.0	0.5	서	275	7.0	1023.8	-	293	
2021-02-12 23:35:00	0.8	남서	236	9.03	27.38	0.37	5.1	0.47	7.0	0.8	남서	228	6.9	1023.8	-	115	
2021-02-12 23:40:00	9.9	서북서	303	9.02	27.19	0.35	4.7	0.58	5.0	0.9	남서	230	6.8	1023.8	-	88	
2021-02-12 23:45:00	10.1	서남서	254	9.01	27.02	0.36	5.5	0.54	6.0	1.6	남서	216	6.6	1023.8	-	93	
2021-02-12 23:50:00	6.6	북북서	334	9.01	27.13	0.36	4.7	0.56	5.0	1.9	남서	220	6.3	1023.9	-	334	
2021-02-12 23:55:00	4.8	서북서	286	8.99	27.27	0.39	5.5	0.58	4.5	2.2	남서	220	6.4	1023.9	-	78	
2021-02-13 00:00:00	10.1	서	271	8.99	27.41	0.34	5.3	0.44	6.0	2.7	남서	227	6.8	1023.9	-	71	
2021-02-13 00:05:00	13.4	북서	313	8.98	27.27	0.36	4.8	0.51	5.5	2.7	남서	228	6.8	1023.9	-	289	
2021-02-13 00:10:00	4.7	남동	142	8.97	27.39	0.38	5.2	0.57	4.0	2.3	남서	227	6.7	1023.9	-	118	
2021-02-13 00:15:00	15.4	북서	313	8.96	27.07	0.43	5.4	0.56	5.5	2.5	서남서	242	6.8	1024.0	-	54	
2021-02-13 00:20:00	4.4	서	272	8.97	27.03	0.36	5.7	0.52	5.0	2.4	남서	235	6.9	1023.9	-	65	
2021-02-13 00:25:00	3.2	서남서	238	8.96	27.05	0.36	5.4	0.55	4.0	2.1	남서	215	7.1	1023.9	-	147	
2021-02-13 00:30:00	6.4	서북서	297	8.96	27.06	0.37	5.1	0.52	3.5	2.2	남남서	206	6.9	1023.9	-	337	
2021-02-13 00:35:00	4.3	서남서	253	8.96	27.14	0.37	5.4	0.45	5.5	2.1	남남서	207	7.0	1023.9	-	83	
2021-02-13 00:40:00	7.0	남서	227	8.95	27.28	0.37	5.3	0.59	5.5	2.4	남서	215	7.2	1023.9	-	100	
2021-02-13 00:45:00	15.1	북북서	341	8.94	27.34	0.45	4.7	0.63	5.5	2.1	남서	230	7.4	1023.9	-	300	
2021-02-13 00:50:00	13.6	북북서	338	8.93	27.30	0.33	5.2	0.44	7.0	2.2	서	275	7.4	1023.9	-	9	
2021-02-13 00:55:00	9.4	북서	313	8.92	27.69	0.40	5.9	0.52	7.5	1.1	서	268	6.8	1023.9	-	77	
2021-02-13 01:00:00	16.9	북북서	345	8.92	26.19	0.41	5.3	0.56	5.0	1.8	서남서	246	7.2	1023.9	-	93	
2021-02-13 01:05:00	4.3	서남서	243	8.90	26.09	0.37	5.6	0.60	4.5	3.5	서남서	248	8.1	1023.8	-	83	
2021-02-13 01:10:00	11.2	북북서	327	8.90	26.09	0.38	5.0	0.51	5.0	3.4	서	270	8.5	1023.8	-	70	
2021-02-13 01:15:00	8.8	북서	319	8.89	26.08	0.33	4.9	0.47	5.0	2.6	서	279	7.9	1023.9	-	195	
2021-02-13 01:20:00	11.3	서북서	281	8.89	27.14	0.34	5.0	0.42	6.5	2.7	서	264	7.8	1023.8	-	281	
2021-02-13 01:25:00	3.7	서	281	8.91	27.19	0.32	5.0	0.43	5.5	3.1	서	263	7.8	1023.8	-	84	
2021-02-13 01:30:00	6.1	북북서	346	8.91	27.27	0.37	6.1	0.49	6.0	4.2	서남서	249	8.3	1023.7	-	78	
2021-02-13 01:35:00	7.9	북서	322	8.91	27.43	0.37	5.1	0.55	4.0	4.8	서남서	245	8.7	1023.7	-	239	
2021-02-13 01:40:00	23.0	서남서	255	8.91	27.27	0.36	5.4	0.53	4.5	5.0	서남서	246	8.9	1023.7	-	235	
2021-02-13 01:45:00	11.1	북서	323	8.92	27.34	0.33	4.5	0.49	4.0	4.9	서남서	244	8.9	1023.7	-	253	
2021-02-13 01:50:00	9.5	서남서	240	8.93	27.91	0.38	5.0	0.53	6.0	5.0	서남서	247	8.8	1023.7	-	66	
2021-02-13 01:55:00	11.8	서북서	289	8.91	27.05	0.38	4.8	0.78	4.5	4.8	서남서	248	8.8	1023.7	-	138	
2021-02-13 02:00:00	14.6	북북서	336	8.92	25.95	0.36	5.1	0.52	5.5	4.5	서남서	250	8.6	1023.8	-	59	
2021-02-13 02:05:00	8.2	북북서	328	8.93	26.06	0.41	5.0	0.59	3.5	4.4	서남서	246	8.5	1023.8	-	31	
2021-02-13 02:10:00	11.2	북서	306	8.94	26.91	0.41	4.9	0.60	4.5	4.8	서남서	244	8.6	1023.8	-	245	
2021-02-13 02:15:00	6.3	서북서	296	8.97	27.06	0.44	5.3	0.56	5.5	5.1	서남서	246	8.6	1023.8	-	92	
2021-02-13 02:20:00	13.8	북북서	341	8.95	26.97	0.37	5.2	0.56	5.5	5.0	서남서	246	8.6	1023.8	-	77	
2021-02-13 02:25:00	8.4	북서	321	8.95	26.84	0.40	5.4	0.51	5.5	4.9	서남서	242	8.6	1023.9	-	92	
2021-02-13 02:30:00	2.5	서북서	297	8.93	26.32	0.36	4.9	0.46	6.5	4.9	서남서	242	8.6	1023.9	-	82	
2021-02-13 02:35:00	1.1	서	269	8.94	27.23	0.35	4.9	0.51	5.0	4.8	서남서	242	8.6	1023.9	-	121	
2021-02-13 02:40:00	6.2	북동	49	8.94	27.29	0.42	4.7	0.52	4.5	4.2	남서	236	8.7	1023.9	-	311	
2021-02-13 02:45:00	1.1	북동	41	8.96	27.29	0.43	5.1	0.59	5.0	3.9	남서	234	8.6	1023.8	-	95	
2021-02-13 02:50:00	9.1	북북서	328	8.97	27.33	0.39	5.1	0.56	5.0	4.5	서남서	239	8.6	1023.8	-	89	
2021-02-13 02:55:00	6.4	북	349	8.97	27.18	0.38	4.9	0.63	4.5	4.5	서남서	241	8.6	1023.9	-	315	
2021-02-13 03:00:00	11.5	북서	307	8.97	26.98	0.39	5.1	0.57	6.0	4.5	서남서	245	8.6	1023.9	-	104	
2021-02-13 03:05:00	6.3	서	263	8.96	26.98	0.39	5.6	0.52	5.5	4.6	서남서	245	8.6	1023.8	-	95	
2021-02-13 03:10:00	9.4	북서	310	8.95	26.98	0.35	5.0	0.45	4.0	4.5	서남서	246	8.5	1023.8	-	94	
2021-02-13 03:15:00	6.2	북북서	334	8.93	26.99	0.36	5.0	0.46	7.5	4.1	서남서	251	8.5	1023.9	-	86	
2021-02-13 03:20:00	19.7	서	270	8.92	26.08	0.35	5.2	0.50	5.0	3.1	서	259	8.4	1023.9	-	74	
2021-02-13 03:25:00	12.5	북북동	32	8.89	26.08	0.41	5.7	0.68	5.5	2.2	서	267	8.3	1023.9	-	91	
2021-02-13 03:30:00	11.5	북서	325	8.86	26.88	0.39	5.9	0.51	5.0	1.8	서	266	8.3	1023.9	-	104	
2021-02-13 03:35:00	15.6	북북동	18	8.85	26.93	0.39	5.5	0.71	5.5	2.3	서남서	248	8.3	1023.9	-	244	
2021-02-13 03:40:00	8.1	남남동	156	8.83	27.04	0.38	5.4	0.51	5.0	1.7	남서	228	8.3	1023.9	-	239	
2021-02-13 03:45:00	3.1	서	279	8.83	27.03	0.40	5.1	0.59	4.5	2.0	남서	214	8.2	1023.9	-	77	
2021-02-13 03:50:00	3.5	북	350	8.82	27.06	0.39	4.9	0.68	5.5	2.8	남남서	212	8.0	1023.9	-	21	
2021-02-13 03:55:00	2.8	북북동	32	8.82	26.78	0.38	4.7	0.48	5.5	2.7	남남서	210	7.9	1023.8	-	282	
2021-02-13 04:00:00	17.8	서	278	8.81	26.49	0.38	4.9	0.56	4.5	2.6	남서	218	7.9	1023.8	-	304	
2021-02-13 04:05:00	4.8	북북동	25	8.79	26.76	0.38	5.1	0.50	5.5	3.4	남서	235	8.2	1023.8	-	78	
2021-02-13 04:10:00	11.2	서북서	302	8.78	26.55	0.36	4.7	0.50	5.5	4.1	서남서	243	8.4	1023.8	-	241	
2021-02-13 04:15:00	1.2	동북동	62	8.77	26.70	0.44	5.0	0.66	5.0	3.2	서남서	253	8.4	1023.9	-	87	
2021-02-13 04:20:00	11.3	북북동	30	8.77	26.86	0.45	5.1	0.59	5.5	2.6	서	266	8.2	1024.0	-	68	
2021-02-13 04:25:00	30.8	북	5	8.76	27.03	0.44	5.6	0.59	5.0	1.6	서	271	8.1	1024.0	-	81	
2021-02-13 04:30:00	15.6	북	353	8.76	26.88	0.41	5.4	0.76	5.0	1.0	서북서	283	8.1	1023.9	-	65	
2021-02-13 04:35:00	5.9	북북서	346	8.75	26.78	0.40	5.3	0.60	5.5	0.9	서	278	8.0	1023.9	-	21	
2021-02-13 04:40:00	11.1	북	357	8.73	26.74	0.43	5.3	0.62	5.5	1.6	서남서	252	8.1	1024.0	-	96	
2021-02-13 04:45:00	9.4	북	2	8.72	26.76	0.41	6.1	0.56	6.0	2.4	서남서	258	8.2	1023.9	-	87	
2021-02-13 04:50:00	4.6	동남동	102	8.71	26.83	0.37	4.6	0.65	5.5	2.2	서북서	294	8.1	1023.9	-	308	
2021-02-13 04:55:00	18.4	동북동	65	8.69	26.82	0.35	5.4	0.46	5.5	2.7	북서	326	7.8	1023.9	-	67	
2021-02-13 05:00:00	7.2	북	360	8.69	26.90	0.44	5.2	0.74	5.5	2.2	북서	314	6.6	1023.9	-	71	
2021-02-13 05:05:00	8.0	북서	322	8.67	26.69	0.38	4.9	0.58	5.0	2.9	북서	315	6.8	1023.9	-	89	
2021-02-13 05:10:00	7.1	동	81	8.66	26.68	0.37	5.0	0.52	5.5	3.0	북서	305	7.2	1024.0	-	74	
2021-02-13 05:15:00	6.9	북동	41	8.64	26.65	0.38	5.3	0.59	5.0	3.4	서북서	301	7.2	1024.0	-	84	
2021-02-13 05:20:00	17.3	동	79	8.61	26.89	0.42	5.2	0.60	6.0	3.0	서북서	290	6.6	1024.0	-	89	
2021-02-13 05:25:00	6.2	서북서	294	8.57	27.11	0.39	5.8	0.57	6.5	3.4	서북서	296	7.2	1024.0	-	85	
2021-02-13 05:30:00	16.2	북북동	20	8.53	26.83	0.39	5.3	0.79	4.5	3.6	서북서	296	7.4	1024.0	-	70	
2021-02-13 05:35:00	7.4	북북동	27	8.52	26.74	0.44	5.9	0.60	6.5	3.7	서북서	296	7.3	1024.1	-	92	
2021-02-13 05:40:00	2.6	남남서	201	8.50	26.96	0.36	5.4	0.56	5.0	3.5	서북서	297	7.1	1024.1	-	53	
2021-02-13 05:45:00	14.8	북동	54	8.49	27.24	0.39	5.6	0.57	6.5	3.4	서북서	293	7.2	1024.2	-	61	
2021-02-13 05:50:00	15.4	동북동	75	8.48	26.67	0.41	5.6	0.57	6.0	3.4	서북서	294	7.3	1024.2	-	74	
2021-02-13 05:55:00	5.6	북북동	28	8.48	26.55	0.39	5.1	0.58	6.0	3.2	서북서	295	7.4	1024.2	-	48	
2021-02-13 06:00:00	9.2	북북서	339	8.48	26.51	0.34	5.4	0.51	5.0	3.4	서북서	296	7.4	1024.2	-	72	
2021-02-13 06:05:00	12.1	동북동	60	8.47	26.49	0.38	5.3	0.54	5.0	3.0	서	279	7.2	1024.3	-	70	
2021-02-13 06:10:00	14.2	동북동	71	8.47	26.50	0.36	5.3	0.57	5.5	2.6	서	264	6.5	1024.3	-	77	
2021-02-13 06:15:00	11.0	북북동	32	8.46	26.43	0.43	5.1	0.53	5.0	3.0	서남서	257	5.7	1024.3	-	68	
2021-02-13 06:20:00	4.9	서	274	8.44	26.57	0.32	5.9	0.41	6.0	3.3	서남서	248	5.7	1024.4	-	85	
2021-02-13 06:25:00	6.4	남동	137	8.42	26.68	0.41	5.5	0.69	5.0	3.2	서남서	243	5.8	1024.4	-	79	
2021-02-13 06:30:00	7.7	동남동	107	8.41	27.05	0.34	5.4	0.42	5.0	3.2	서남서	245	5.9	1024.4	-	131	
2021-02-13 06:35:00	5.1	동	97	8.38	26.80	0.41	5.5	0.56	5.5	3.3	서남서	244	5.7	1024.4	-	87	
2021-02-13 06:40:00	7.4	서	273	8.36	26.80	0.39	5.7	0.70	4.5	2.9	서남서	246	5.9	1024.3	-	96	
2021-02-13 06:45:00	3.5	북동	51	8.34	26.83	0.34	4.9	0.42	6.5	2.8	서남서	250	6.1	1024.4	-	85	
2021-02-13 06:50:00	9.2	동북동	64	8.33	26.84	0.39	5.9	0.45	6.5	2.8	서남서	253	6.2	1024.4	-	70	
2021-02-13 06:55:00	7.9	북동	46	8.30	26.82	0.38	5.8	0.56	5.0	2.7	서남서	257	6.0	1024.3	-	87	
2021-02-13 07:00:00	12.4	북북동	32	8.28	26.79	0.32	4.9	0.53	5.0	2.7	서남서	246	5.9	1024.3	-	96	
2021-02-13 07:05:00	10.2	남서	232	8.28	26.48	0.41	5.7	0.68	5.5	2.5	서	262	6.2	1024.3	-	90	
2021-02-13 07:10:00	7.3	동	96	8.27	26.42	0.41	5.6	0.52	5.0	3.0	서	259	6.2	1024.3	-	77	
2021-02-13 07:15:00	5.9	동북동	79	8.27	26.47	0.34	5.3	0.47	5.5	3.3	서남서	258	5.3	1024.3	-	116	
2021-02-13 07:20:00	9.4	동북동	67	8.27	26.46	0.35	5.6	0.72	5.5	3.0	서남서	254	5.3	1024.4	-	96	
2021-02-13 07:25:00	16.5	동	84	8.26	26.44	0.42	5.2	0.57	5.5	2.7	서남서	251	5.3	1024.5	-	90	
2021-02-13 07:30:00	3.2	서	275	8.26	26.40	0.41	5.7	0.57	6.0	3.2	서남서	248	5.7	1024.5	-	93	
2021-02-13 07:35:00	2.7	남남동	153	8.26	26.40	0.37	6.1	0.52	5.5	3.6	서남서	244	5.6	1024.5	-	95	
2021-02-13 07:40:00	4.0	북서	320	8.25	26.54	0.36	5.5	0.56	5.0	3.3	서남서	250	5.8	1024.6	-	87	
2021-02-13 07:45:00	9.6	동남동	112	8.24	26.58	0.34	5.3	0.48	6.0	4.0	서남서	249	5.9	1024.7	-	92	
2021-02-13 07:50:00	7.7	서북서	292	8.24	26.57	0.39	5.3	0.52	5.0	3.9	서남서	251	5.7	1024.8	-	85	
2021-02-13 07:55:00	1.6	동남동	118	8.23	26.57	0.41	5.5	0.70	4.0	3.6	서남서	243	6.2	1024.8	-	112	
2021-02-13 08:00:00	8.4	동북동	63	8.22	26.44	0.43	5.6	0.66	6.0	3.6	서남서	247	7.0	1024.9	-	99	
2021-02-13 08:05:00	3.9	남동	128	8.22	26.57	0.39	5.6	0.55	5.0	3.7	서남서	252	7.2	1025.2	-	74	
2021-02-13 08:10:00	7.6	서북서	302	8.21	26.56	0.38	5.3	0.47	6.0	3.2	서	260	6.6	1025.3	-	262	
2021-02-13 08:15:00	2.4	서	262	8.21	26.56	0.44	6.1	0.54	7.0	3.1	서북서	290	6.8	1025.4	-	76	
2021-02-13 08:20:00	2.6	서북서	282	8.20	26.69	0.40	5.3	0.63	5.5	3.3	북서	321	6.1	1025.5	-	130	
2021-02-13 08:25:00	6.6	북동	41	8.19	26.65	0.36	5.5	0.56	5.0	3.3	북서	316	5.5	1025.6	-	257	
2021-02-13 08:30:00	2.1	동북동	74	8.18	26.58	0.36	5.5	0.47	5.5	3.0	북서	312	5.9	1025.6	-	94	
2021-02-13 08:35:00	4.0	서	276	8.17	25.81	0.35	5.4	0.48	4.5	3.1	서북서	299	5.7	1025.7	-	67	
2021-02-13 08:40:00	16.1	북	11	8.17	26.03	0.39	5.4	0.52	5.0	2.9	서북서	299	5.6	1025.7	-	287	
2021-02-13 08:45:00	0.5	동북동	75	8.17	26.03	0.39	5.7	0.58	6.0	3.0	서북서	294	5.8	1025.7	-	76	
2021-02-13 08:50:00	0.2	남남서	208	8.18	26.44	0.37	5.5	0.45	6.5	3.3	서북서	288	6.1	1025.7	-	71	
2021-02-13 08:55:00	9.1	북북동	22	8.18	26.42	0.36	5.6	0.49	6.0	3.0	서북서	284	6.5	1025.8	-	112	
2021-02-13 09:00:00	14.3	북동	36	8.18	26.42	0.35	6.0	0.57	6.5	2.7	서	278	7.0	1025.7	-	94	
2021-02-13 09:05:00	4.8	남동	125	8.18	26.57	0.37	5.9	0.48	5.5	2.8	서북서	295	7.1	1025.7	-	79	
2021-02-13 09:10:00	4.4	동남동	106	8.20	26.56	0.39	5.7	0.72	5.5	3.1	북서	304	7.1	1025.7	-	50	
2021-02-13 09:15:00	6.2	남남서	202	8.21	26.60	0.42	5.3	0.57	5.0	3.5	북서	308	7.1	1025.7	-	48	
2021-02-13 09:20:00	9.7	남	172	8.24	26.28	0.41	5.3	0.59	6.5	3.6	북서	314	7.0	1025.7	-	250	
2021-02-13 09:25:00	6.7	남	176	8.26	26.38	0.40	5.4	0.56	5.5	3.6	북서	312	7.0	1025.6	-	72	
2021-02-13 09:30:00	21.0	동남동	114	8.27	26.55	0.39	5.2	0.71	5.0	3.6	북서	312	7.0	1025.6	-	84	
2021-02-13 09:35:00	4.0	북북서	328	8.28	26.55	0.34	5.5	0.56	5.5	3.7	북서	305	7.1	1025.5	-	92	
2021-02-13 09:40:00	5.0	북동	34	8.30	26.50	0.37	5.5	0.60	5.0	3.4	북서	305	7.2	1025.5	-	81	
2021-02-13 09:45:00	5.6	남동	145	8.31	26.48	0.40	5.1	0.57	5.5	3.1	북서	304	7.3	1025.5	-	76	
2021-02-13 09:50:00	9.1	북북동	23	8.33	26.44	0.38	5.5	0.51	5.5	2.9	북서	305	7.3	1025.5	-	90	
2021-02-13 09:55:00	3.4	남남동	158	8.34	27.03	0.33	5.1	0.45	4.5	2.6	북서	310	7.5	1025.5	-	19	
2021-02-13 10:00:00	25.8	북북동	20	8.35	26.36	0.39	5.5	0.55	6.5	2.7	북서	316	7.5	1025.5	-	72	
2021-02-13 10:05:00	12.6	동북동	77	8.35	26.36	0.34	4.8	0.52	5.0	2.6	북서	315	7.5	1025.4	-	148	
2021-02-13 10:10:00	4.8	남남동	159	8.35	26.40	0.35	5.3	0.59	5.0	2.8	북서	314	7.4	1025.4	-	158	
2021-02-13 10:15:00	5.9	동북동	75	8.36	26.38	0.33	5.9	0.44	5.0	2.7	북서	316	7.4	1025.4	-	58	
2021-02-13 10:20:00	8.1	남서	223	8.35	26.40	0.35	6.1	0.44	5.0	2.4	북북서	328	7.6	1025.3	-	73	
2021-02-13 10:25:00	8.2	서	275	8.35	26.41	0.35	6.1	0.52	6.5	2.3	북북서	329	7.7	1025.3	-	71	
2021-02-13 10:30:00	11.2	남동	129	8.36	26.67	0.38	5.9	0.51	7.5	2.0	북북서	333	7.8	1025.2	-	62	
2021-02-13 10:35:00	4.8	남남서	192	8.38	26.45	0.38	5.8	0.59	5.5	1.9	북북서	332	7.8	1025.1	-	72	
2021-02-13 10:40:00	18.7	동북동	74	8.39	26.46	0.38	5.3	0.58	6.0	1.7	북북서	341	7.8	1025.1	-	72	
2021-02-13 10:45:00	7.0	동	91	8.41	26.49	0.39	5.3	0.46	5.0	1.9	북북서	346	7.9	1025.1	-	56	
2021-02-13 10:50:00	5.0	서	263	8.42	26.58	0.44	5.6	0.58	6.0	2.5	북	356	8.0	1025.1	-	86	
2021-02-13 10:55:00	6.9	남남서	197	8.44	26.72	0.35	5.5	0.48	6.5	2.8	북	359	8.2	1025.1	-	79	
2021-02-13 11:00:00	5.0	남서	231	8.46	26.55	0.37	5.4	0.50	5.0	2.9	북북동	12	8.2	1025.1	-	85	
2021-02-13 11:05:00	6.1	남동	141	8.47	26.68	0.40	5.3	0.57	6.0	3.0	북북동	14	8.4	1025.0	-	86	
2021-02-13 11:10:00	2.0	북	351	8.46	26.58	0.35	5.7	0.49	6.0	2.7	북북동	16	8.5	1025.0	-	75	
2021-02-13 11:15:00	5.4	서	264	8.48	26.61	0.38	5.3	0.60	5.5	2.8	북북동	16	8.5	1025.0	-	33	
2021-02-13 11:20:00	5.4	서	262	8.53	26.55	0.33	5.3	0.50	5.5	2.6	북	11	8.6	1025.0	-	64	
2021-02-13 11:25:00	8.6	서북서	290	8.57	26.22	0.34	5.4	0.49	6.0	2.8	북	8	8.5	1025.0	-	267	
2021-02-13 11:30:00	1.0	남서	220	8.58	26.20	0.39	5.2	0.62	5.0	2.9	북	8	8.4	1025.0	-	1	
2021-02-13 11:35:00	2.6	서	275	8.61	26.78	0.35	4.9	0.47	5.5	2.8	북	9	8.4	1024.9	-	99	
2021-02-13 11:40:00	2.9	동	81	8.62	26.73	0.43	5.6	0.65	5.0	2.8	북	8	8.4	1024.9	-	305	
2021-02-13 11:45:00	10.2	남서	232	8.58	26.51	0.40	5.5	0.64	5.0	2.8	북	10	8.4	1024.8	-	67	
2021-02-13 11:50:00	6.3	동남동	104	8.61	26.62	0.38	5.7	0.50	5.5	3.0	북	7	8.5	1024.7	-	100	
2021-02-13 11:55:00	3.0	남서	224	8.60	26.73	0.37	5.0	0.54	5.0	3.2	북	5	8.5	1024.7	-	70	
2021-02-13 12:00:00	12.0	서북서	284	8.63	26.43	0.38	5.2	0.44	5.5	3.0	북	6	8.5	1024.6	-	59	
2021-02-13 12:05:00	4.9	동북동	62	8.59	26.37	0.38	5.7	0.49	5.5	2.8	북	0	8.6	1024.6	-	74	
2021-02-13 12:10:00	7.2	북	359	8.54	26.39	0.38	4.6	0.63	4.0	2.9	북	359	8.6	1024.6	-	243	
2021-02-13 12:15:00	10.5	북북동	27	8.54	26.75	0.36	4.9	0.55	5.0	2.8	북	3	8.6	1024.4	-	120	
2021-02-13 12:20:00	1.8	남남동	155	8.49	26.57	0.40	5.3	0.61	4.5	2.6	북	6	8.7	1024.3	-	66	
2021-02-13 12:25:00	9.8	북	8	8.45	26.60	0.42	5.5	0.57	6.0	2.5	북	5	8.7	1024.3	-	79	
2021-02-13 12:30:00	13.4	북북서	345	8.43	26.48	0.38	5.3	0.64	6.5	2.0	북	4	8.8	1024.1	-	77	
2021-02-13 12:35:00	4.8	북	349	8.45	26.53	0.41	5.2	0.55	5.0	1.7	북	4	8.8	1024.1	-	76	
2021-02-13 12:40:00	8.7	북서	324	8.43	26.49	0.41	5.6	0.56	4.5	2.2	북	0	8.8	1024.0	-	77	
2021-02-13 12:45:00	16.7	북동	35	8.33	26.78	0.41	5.0	0.53	5.0	2.1	북	358	8.9	1023.9	-	152	
2021-02-13 12:50:00	0.4	서	259	8.47	26.83	0.39	5.1	0.58	5.5	2.0	북	1	8.8	1023.8	-	74	
2021-02-13 12:55:00	6.5	북북서	336	8.49	26.75	0.39	5.3	0.49	5.5	1.8	북	359	8.8	1023.8	-	76	
2021-02-13 13:00:00	7.3	북서	320	8.53	26.89	0.37	5.1	0.46	5.0	1.8	북	1	8.9	1023.7	-	268	
2021-02-13 13:05:00	5.0	서남서	258	8.57	27.03	0.37	5.2	0.55	5.0	1.6	북	1	9.0	1023.7	-	81	
2021-02-13 13:10:00	1.7	서남서	257	8.61	26.62	0.41	5.1	0.56	4.0	1.4	북	359	9.1	1023.6	-	65	
2021-02-13 13:15:00	10.4	남남서	197	8.62	26.50	0.39	5.3	0.60	6.0	1.3	북	5	9.3	1023.5	-	84	
2021-02-13 13:20:00	8.1	서남서	242	8.67	26.68	0.39	5.4	0.57	5.5	1.4	북북동	13	9.4	1023.4	-	66	
2021-02-13 13:25:00	3.3	서북서	282	8.72	26.70	0.45	5.2	0.59	4.0	1.3	북북동	20	9.2	1023.3	-	58	
2021-02-13 13:30:00	3.1	서	270	8.69	26.74	0.42	5.4	0.58	5.5	1.5	북북동	20	9.2	1023.2	-	265	
2021-02-13 13:35:00	5.1	서남서	240	8.69	26.58	0.37	4.1	0.54	3.5	1.8	북북동	17	9.2	1023.2	-	281	
2021-02-13 13:40:00	5.0	서	270	8.72	26.56	0.39	5.6	0.64	5.5	1.8	북북동	13	9.2	1023.2	-	106	
2021-02-13 13:45:00	7.3	북서	321	8.73	26.68	0.43	5.3	0.62	5.5	1.9	북북동	16	9.1	1023.1	-	63	
2021-02-13 13:50:00	1.6	북서	317	8.69	26.86	0.39	5.7	0.54	4.5	1.7	북북동	23	9.2	1023.1	-	68	
2021-02-13 13:55:00	6.0	서북서	291	8.66	26.76	0.43	5.1	0.56	6.5	1.9	북북동	23	9.2	1023.0	-	68	
2021-02-13 14:00:00	7.1	북서	324	8.80	26.82	0.45	5.5	0.73	5.5	1.8	북북동	22	9.2	1022.9	-	67	
2021-02-13 14:05:00	2.5	남	184	8.74	26.79	0.35	4.5	0.44	5.0	2.1	북북동	14	9.2	1022.9	-	40	
2021-02-13 14:10:00	1.4	동	87	8.71	26.76	0.39	5.0	0.71	5.5	2.3	북북동	16	9.3	1022.8	-	291	
2021-02-13 14:15:00	9.4	남서	234	8.66	26.79	0.40	5.0	0.63	6.5	1.9	북북동	18	9.5	1022.8	-	60	
2021-02-13 14:20:00	3.9	남서	233	8.61	26.68	0.45	5.3	0.61	5.0	1.6	북북동	23	9.3	1022.7	-	58	
2021-02-13 14:25:00	2.9	북동	46	8.57	26.64	0.44	5.7	0.63	5.5	1.6	북북동	26	9.5	1022.7	-	66	
2021-02-13 14:30:00	1.2	남남동	162	8.59	26.69	0.40	5.2	0.58	5.5	1.5	북북동	23	9.5	1022.7	-	36	
2021-02-13 14:35:00	7.0	남	180	8.59	26.52	0.39	5.3	0.49	5.5	1.2	북북동	33	9.5	1022.6	-	204	
2021-02-13 14:40:00	4.9	북북동	26	8.60	26.79	0.39	5.3	0.50	7.0	1.1	북동	38	9.4	1022.5	-	137	
2021-02-13 14:45:00	12.1	북	3	8.67	26.62	0.42	5.3	0.58	5.0	1.2	북동	49	9.5	1022.5	-	75	
2021-02-13 14:50:00	9.4	북북동	34	8.74	26.68	0.37	4.8	0.57	5.0	1.2	동북동	69	9.6	1022.4	-	63	
2021-02-13 14:55:00	3.5	북	5	8.69	26.52	0.40	5.0	0.56	4.5	1.3	동북동	67	9.5	1022.4	-	52	
2021-02-13 15:00:00	6.0	남동	143	8.63	26.77	0.39	5.2	0.59	5.5	1.1	동북동	60	9.5	1022.4	-	58	
2021-02-13 15:05:00	3.7	북	359	8.59	26.73	0.44	4.8	0.58	4.5	1.3	동북동	63	9.6	1022.4	-	79	
2021-02-13 15:10:00	12.7	북북서	337	8.54	26.90	0.38	5.3	0.50	5.5	1.5	동북동	78	9.6	1022.4	-	70	
2021-02-13 15:15:00	3.6	북서	305	8.51	26.68	0.41	5.5	0.50	6.5	1.6	동북동	77	9.6	1022.4	-	65	
2021-02-13 15:20:00	3.9	남	179	8.47	27.22	0.40	5.6	0.67	5.0	1.5	동북동	78	9.4	1022.4	-	81	
2021-02-13 15:25:00	7.5	동북동	78	8.46	26.18	0.42	4.8	0.54	6.0	1.4	동북동	70	9.5	1022.4	-	329	
2021-02-13 15:30:00	6.8	북북서	334	8.45	26.94	0.41	5.4	0.49	6.5	1.9	북동	36	9.7	1022.4	-	74	
2021-02-13 15:35:00	15.5	남서	228	8.42	26.90	0.42	5.2	0.55	6.5	2.4	북북동	30	9.8	1022.5	-	69	
2021-02-13 15:40:00	2.4	북동	47	8.42	26.86	0.40	5.2	0.63	5.5	2.5	북북동	26	9.9	1022.6	-	39	
2021-02-13 15:45:00	11.4	북	6	8.36	26.90	0.40	5.2	0.51	6.5	2.4	북북동	24	9.9	1022.6	-	301	
2021-02-13 15:50:00	7.7	남동	124	8.35	26.87	0.44	5.4	0.65	6.0	2.5	북북동	21	9.9	1022.5	-	86	
2021-02-13 15:55:00	13.1	북서	323	8.29	26.57	0.52	5.2	0.76	6.0	3.0	북북동	13	9.9	1022.6	-	120	
2021-02-13 16:00:00	3.4	동	88	8.26	26.37	0.41	4.6	0.70	6.0	3.1	북북동	15	9.9	1022.6	-	80	
2021-02-13 16:05:00	2.7	북북동	25	8.25	26.93	0.45	4.9	0.65	5.5	3.4	북	4	9.7	1022.7	-	50	
2021-02-13 16:10:00	2.0	북북서	330	8.71	26.47	0.38	4.6	0.51	3.5	4.0	북	0	9.7	1022.8	-	68	
2021-02-13 16:15:00	2.0	북서	308	8.99	26.76	0.42	5.0	0.51	5.5	4.2	북	356	9.6	1022.9	-	89	
2021-02-13 16:20:00	1.9	동북동	71	9.05	27.01	0.39	5.3	0.63	4.0	4.5	북	353	9.5	1022.9	-	73	
2021-02-13 16:25:00	1.2	서남서	246	9.21	26.49	0.38	5.4	0.57	4.0	4.7	북	350	9.2	1022.9	-	97	
2021-02-13 16:30:00	5.1	북서	306	9.30	26.63	0.41	5.5	0.53	5.5	4.8	북	352	9.0	1022.9	-	78	
2021-02-13 16:35:00	4.0	서	273	9.33	26.71	0.42	5.0	0.67	5.0	4.4	북	352	8.9	1022.9	-	166	
2021-02-13 16:40:00	2.9	북북서	337	9.43	26.81	0.44	5.1	0.67	4.0	4.6	북	357	8.8	1023.0	-	91	
2021-02-13 16:45:00	4.2	북북서	348	9.61	26.58	0.42	4.7	0.51	5.5	4.5	북	357	8.5	1023.0	-	69	
2021-02-13 16:50:00	5.4	북북서	347	9.64	26.72	0.44	5.0	0.83	5.5	4.1	북북서	348	8.4	1023.0	-	167	
2021-02-13 16:55:00	6.7	북	9	9.77	26.86	0.38	5.1	0.49	3.5	4.1	북	352	8.2	1023.0	-	67	
2021-02-13 17:00:00	0.8	북	350	9.80	26.76	0.44	4.8	0.55	3.5	3.6	북	358	8.1	1023.0	-	59	
2021-02-13 17:05:00	3.7	북북서	348	9.82	26.69	0.42	4.7	0.73	6.0	3.0	북	358	8.0	1023.0	-	269	
2021-02-13 17:10:00	4.1	북서	313	9.71	26.56	0.37	4.7	0.57	5.5	3.1	북	349	7.9	1023.1	-	69	
2021-02-13 17:15:00	5.5	북북동	14	9.67	27.14	0.46	5.1	0.56	6.0	3.9	북	355	8.0	1023.1	-	63	
2021-02-13 17:20:00	7.2	북	6	9.57	26.84	0.47	5.4	0.65	5.5	3.6	북	352	7.7	1023.1	-	68	
2021-02-13 17:25:00	16.9	북북동	16	9.53	26.67	0.43	4.5	0.59	4.0	3.3	북	350	7.6	1023.0	-	278	
2021-02-13 17:30:00	10.4	북동	53	9.44	26.68	0.45	5.1	0.60	4.5	3.1	북북서	348	7.5	1023.0	-	70	
2021-02-13 17:35:00	6.6	동북동	78	9.36	26.75	0.43	4.6	0.63	5.0	2.9	북북서	341	7.4	1023.0	-	25	
2021-02-13 17:40:00	2.9	북동	48	9.28	26.78	0.42	4.4	0.65	5.5	2.7	북북서	344	7.3	1023.0	-	317	
2021-02-13 17:45:00	55.0	서남서	243	9.42	26.71	0.40	5.4	0.54	4.5	2.5	북북서	342	7.2	1023.0	-	92	
2021-02-13 17:50:00	15.9	북서	312	9.81	27.10	0.43	4.8	0.72	5.0	3.0	북북서	342	7.2	1023.0	-	69	
2021-02-13 17:55:00	6.6	북	7	10.12	26.83	0.40	5.0	0.59	4.5	2.7	북북서	341	7.1	1023.0	-	71	
2021-02-13 18:00:00	4.8	동북동	64	9.93	26.65	0.37	4.7	0.52	6.5	3.0	북북서	339	7.1	1023.1	-	156	
2021-02-13 18:05:00	5.1	동북동	58	9.99	26.79	0.40	5.2	0.59	5.5	2.6	북북서	343	7.2	1023.0	-	78	
2021-02-13 18:10:00	8.4	남남동	164	9.90	26.79	0.38	4.9	0.55	4.5	2.6	북북서	333	7.1	1023.1	-	89	
2021-02-13 18:15:00	16.2	서	265	9.92	26.87	0.42	4.6	0.58	5.0	2.6	북북서	329	7.0	1023.1	-	87	
2021-02-13 18:20:00	14.1	남남서	212	9.85	26.79	0.41	5.1	0.63	7.0	2.5	북북서	333	7.1	1023.1	-	75	
2021-02-13 18:25:00	18.9	서남서	255	9.98	26.77	0.38	4.6	0.52	4.0	2.3	북북서	327	7.0	1023.1	-	80	
2021-02-13 18:30:00	9.0	남남서	203	9.91	26.76	0.42	4.7	0.62	5.5	1.8	북서	318	7.0	1023.1	-	62	
2021-02-13 18:35:00	2.5	서북서	302	9.80	26.53	0.40	4.9	0.50	4.5	1.8	북서	323	7.0	1023.1	-	211	
2021-02-13 18:40:00	10.8	서북서	282	9.84	26.74	0.39	4.9	0.63	4.5	1.5	북북서	340	7.0	1023.1	-	94	
2021-02-13 18:45:00	13.2	서	279	9.78	26.75	0.38	5.0	0.54	6.0	1.8	북서	325	7.0	1023.2	-	79	
2021-02-13 18:50:00	0.5	북북서	332	9.81	26.83	0.37	4.9	0.50	5.5	1.8	북북서	333	7.0	1023.2	-	109	
2021-02-13 18:55:00	13.8	북북동	24	9.85	26.77	0.37	5.0	0.51	6.0	1.7	북북서	336	7.0	1023.2	-	76	
2021-02-13 19:00:00	3.3	북서	319	9.70	26.79	0.36	4.4	0.47	4.0	1.3	북북서	334	7.0	1023.2	-	92	
2021-02-13 19:05:00	8.5	서	266	9.52	26.77	0.40	4.5	0.62	6.5	1.5	북북서	334	7.0	1023.1	-	72	
2021-02-13 19:10:00	4.4	서	274	9.47	26.91	0.40	4.5	0.51	6.0	1.5	북북서	334	7.0	1023.2	-	109	
2021-02-13 19:15:00	37.0	북서	307	9.40	26.68	0.38	5.4	0.47	5.0	1.1	북서	322	7.0	1023.1	-	70	
2021-02-13 19:20:00	12.1	북북서	334	9.36	26.52	0.35	4.8	0.45	6.0	1.0	북서	326	7.0	1023.1	-	65	
2021-02-13 19:25:00	10.3	북북동	14	9.30	26.53	0.35	5.2	0.46	6.0	0.6	북북서	334	7.0	1023.0	-	85	
2021-02-13 19:30:00	13.4	북서	319	9.24	26.52	0.37	4.8	0.52	4.0	0.2	북서	308	6.9	1022.9	-	82	
2021-02-13 19:35:00	1.4	북	350	9.23	26.64	0.36	4.7	0.55	5.0	0.2	서북서	284	6.9	1022.8	-	83	
2021-02-13 19:40:00	15.8	북북서	348	9.20	26.62	0.38	4.7	0.50	5.5	0.9	남서	234	6.9	1022.8	-	62	
2021-02-13 19:45:00	11.3	북북서	349	9.18	26.65	0.37	4.7	0.51	3.5	1.1	서남서	239	6.9	1022.8	-	65	
2021-02-13 19:50:00	36.7	북	354	9.16	26.81	0.33	5.0	0.47	4.0	1.5	서남서	240	6.8	1022.7	-	61	
2021-02-13 19:55:00	8.1	서	262	9.17	26.83	0.37	4.9	0.48	5.5	1.4	서남서	238	6.6	1022.7	-	88	
2021-02-13 20:00:00	10.0	남남서	209	9.11	26.70	0.30	4.5	0.37	5.0	1.9	서남서	239	6.5	1022.7	-	196	
2021-02-13 20:05:00	7.7	서	273	9.08	26.79	0.36	4.9	0.49	5.0	1.6	남서	233	6.5	1022.7	-	224	
2021-02-13 20:10:00	19.5	서남서	253	9.05	26.78	0.34	5.1	0.45	5.0	1.8	서남서	242	6.4	1022.7	-	31	
2021-02-13 20:15:00	1.5	북	360	9.05	26.60	0.35	5.2	0.47	5.5	1.4	서남서	243	6.3	1022.7	-	69	
2021-02-13 20:20:00	6.5	북북동	21	9.02	26.53	0.35	5.0	0.55	4.5	1.8	서남서	256	6.1	1022.7	-	72	
2021-02-13 20:25:00	20.9	북북동	14	8.99	26.54	0.35	4.4	0.50	4.5	1.7	서남서	254	6.1	1022.7	-	76	
2021-02-13 20:30:00	7.9	북	5	8.96	26.41	0.35	4.8	0.45	3.5	1.5	서	261	6.1	1022.8	-	74	
2021-02-13 20:35:00	6.9	북동	47	8.92	26.45	0.36	5.1	0.51	4.0	1.2	서남서	243	6.2	1022.7	-	87	
2021-02-13 20:40:00	3.7	북서	306	8.89	26.51	0.32	4.5	0.44	5.0	1.0	서남서	245	6.3	1022.7	-	100	
2021-02-13 20:45:00	10.4	남남서	203	8.86	26.45	0.41	4.3	0.54	3.5	1.0	남서	220	6.4	1022.7	-	22	
2021-02-13 20:50:00	8.0	남	181	8.85	26.49	0.38	4.7	0.68	5.5	0.9	남서	215	6.4	1022.7	-	90	
2021-02-13 20:55:00	7.8	북북서	336	8.83	26.65	0.38	4.5	0.56	3.5	1.3	남서	228	6.2	1022.7	-	80	
2021-02-13 21:00:00	9.0	동북동	69	8.81	26.69	0.32	4.5	0.46	5.5	1.6	서남서	247	6.1	1022.7	-	78	
2021-02-13 21:05:00	22.1	북동	37	8.80	26.82	0.34	4.6	0.43	6.0	2.1	서남서	248	6.0	1022.7	-	67	
2021-02-13 21:10:00	5.3	동남동	111	8.79	26.80	0.39	5.1	0.47	6.5	2.7	서남서	251	5.8	1022.7	-	80	
2021-02-13 21:15:00	1.7	북북서	342	8.79	27.13	0.35	4.6	0.49	6.0	3.0	서남서	248	5.7	1022.8	-	90	
2021-02-13 21:20:00	11.3	남동	132	8.78	26.80	0.36	4.7	0.51	4.5	3.1	서남서	240	5.6	1022.8	-	284	
2021-02-13 21:25:00	7.6	북서	309	8.78	26.80	0.37	5.4	0.51	6.0	2.8	서남서	245	5.6	1022.8	-	64	
2021-02-13 21:30:00	10.6	동	82	8.78	26.72	0.35	5.0	0.47	4.0	2.5	서남서	243	5.6	1022.8	-	107	
2021-02-13 21:35:00	9.6	북동	42	8.77	26.78	0.40	4.6	0.60	5.0	2.6	서남서	246	5.6	1022.8	-	81	
2021-02-13 21:40:00	12.0	북동	36	8.77	26.84	0.34	4.5	0.43	5.5	2.9	서남서	239	5.5	1022.7	-	81	
2021-02-13 21:45:00	2.6	서남서	256	8.77	26.64	0.34	4.4	0.49	4.5	2.7	남서	235	5.5	1022.7	-	344	
2021-02-13 21:50:00	4.0	북	356	8.78	26.68	0.34	4.6	0.54	5.5	2.0	남서	236	5.7	1022.6	-	87	
2021-02-13 21:55:00	19.3	동남동	102	8.78	26.70	0.34	4.5	0.51	5.0	2.0	남서	225	5.7	1022.5	-	98	
2021-02-13 22:00:00	18.0	동	92	8.78	26.74	0.34	4.6	0.46	5.0	2.4	남서	220	5.6	1022.4	-	80	
2021-02-13 22:05:00	6.7	동	99	8.79	26.76	0.35	4.4	0.56	5.5	2.0	남서	222	5.4	1022.3	-	41	
2021-02-13 22:10:00	10.7	남남동	147	8.79	27.19	0.37	5.3	0.46	7.0	1.9	남서	220	5.3	1022.2	-	54	
2021-02-13 22:15:00	9.2	북북동	26	8.79	27.30	0.34	4.6	0.60	4.0	1.9	남서	228	5.2	1022.2	-	164	
2021-02-13 22:20:00	4.3	동	90	8.79	26.63	0.36	5.2	0.56	5.5	2.1	남서	221	5.2	1022.1	-	214	
2021-02-13 22:25:00	10.4	동북동	69	8.78	26.60	0.41	5.3	0.56	4.0	1.6	남서	225	5.3	1022.1	-	86	
2021-02-13 22:30:00	13.8	남동	132	8.77	26.58	0.39	4.9	0.50	5.0	1.8	남서	231	5.4	1022.0	-	110	
2021-02-13 22:35:00	6.2	동남동	121	8.75	26.64	0.33	4.7	0.44	3.0	2.0	남서	236	5.4	1021.9	-	31	
2021-02-13 22:40:00	4.1	동남동	105	8.74	26.67	0.33	4.7	0.47	4.5	2.1	남서	233	5.4	1021.9	-	35	
2021-02-13 22:45:00	7.3	동남동	112	8.72	26.77	0.33	5.1	0.42	4.5	2.2	남서	233	5.3	1021.9	-	48	
2021-02-13 22:50:00	15.9	남	173	8.68	26.83	0.35	4.5	0.59	4.5	2.0	남서	232	5.3	1021.8	-	72	
2021-02-13 22:55:00	9.1	남동	131	8.66	26.99	0.35	5.2	0.43	5.0	1.7	남서	232	5.4	1021.7	-	55	
2021-02-13 23:00:00	9.1	동	91	8.62	27.03	0.39	5.0	0.59	4.5	1.2	서남서	248	5.5	1021.7	-	91	
2021-02-13 23:05:00	7.7	동남동	102	8.61	26.47	0.31	4.5	0.41	5.0	1.7	서남서	251	5.4	1021.7	-	21	
2021-02-13 23:10:00	4.7	동북동	74	8.62	26.45	0.32	4.4	0.49	4.0	2.0	서남서	241	5.4	1021.6	-	333	
2021-02-13 23:15:00	7.7	동남동	105	8.61	26.38	0.36	5.1	0.44	5.0	2.0	남서	225	5.3	1021.7	-	63	
2021-02-13 23:20:00	1.4	남동	138	8.60	26.30	0.38	4.7	0.58	5.5	1.7	남서	214	5.2	1021.6	-	87	
2021-02-13 23:25:00	8.9	동	100	8.60	26.45	0.34	4.5	0.43	5.0	1.4	남서	228	5.2	1021.6	-	99	
2021-02-13 23:30:00	6.8	북	10	8.58	26.30	0.30	4.4	0.44	5.0	1.6	서남서	248	5.2	1021.5	-	83	
2021-02-13 23:35:00	3.0	남서	222	8.57	26.27	0.31	4.6	0.43	4.0	1.9	서남서	258	5.1	1021.4	-	319	
2021-02-13 23:40:00	17.3	동남동	121	8.54	26.28	0.29	4.9	0.35	7.0	1.6	서	266	5.3	1021.4	-	306	
2021-02-13 23:45:00	6.5	남동	128	8.51	26.29	0.31	4.1	0.40	3.0	2.1	서북서	282	5.2	1021.4	-	83	
2021-02-13 23:50:00	7.0	남동	125	8.48	26.38	0.34	5.1	0.46	3.5	2.3	서	274	4.9	1021.4	-	83	
2021-02-13 23:55:00	8.8	동남동	115	8.43	25.98	0.33	5.0	0.51	6.5	2.0	서	262	4.7	1021.3	-	83	
2021-02-14 00:00:00	2.1	남동	129	8.37	26.67	0.32	5.2	0.44	6.0	1.8	서	261	4.8	1021.3	-	99	
2021-02-14 00:05:00	5.8	동남동	107	8.37	26.62	0.33	5.3	0.46	4.5	1.8	서	267	4.9	1021.2	-	73	
2021-02-14 00:10:00	10.9	동	98	8.37	26.62	0.32	4.7	0.52	5.5	1.7	서	270	4.7	1021.1	-	82	
2021-02-14 00:15:00	7.6	남동	128	8.38	26.60	0.30	4.8	0.37	5.5	2.0	서	260	4.6	1021.1	-	63	
2021-02-14 00:20:00	9.9	동	97	8.39	26.63	0.35	5.1	0.49	5.5	1.9	서남서	248	4.6	1021.0	-	113	
2021-02-14 00:25:00	10.0	동	90	8.40	26.89	0.33	5.2	0.49	6.0	1.4	서남서	243	4.8	1020.9	-	82	
2021-02-14 00:30:00	10.6	동남동	123	8.41	26.64	0.33	5.0	0.51	6.0	1.3	서남서	241	5.0	1020.9	-	82	
2021-02-14 00:35:00	15.5	남동	130	8.41	26.66	0.29	4.8	0.47	5.0	0.9	남서	219	5.1	1020.8	-	44	
2021-02-14 00:40:00	2.1	서남서	254	8.39	26.71	0.30	4.5	0.48	4.0	1.0	남남서	201	5.1	1020.9	-	76	
2021-02-14 00:45:00	4.6	북동	46	8.39	26.73	0.31	5.2	0.45	5.0	0.9	남남서	202	5.1	1020.8	-	44	
2021-02-14 00:50:00	9.2	동남동	106	8.34	26.75	0.29	5.4	0.37	6.0	1.4	남서	224	5.2	1020.8	-	44	
2021-02-14 00:55:00	15.6	남동	124	8.39	26.82	0.31	4.7	0.39	4.0	1.5	남서	223	5.1	1020.7	-	68	
2021-02-14 01:00:00	10.8	동남동	103	8.38	26.83	0.27	5.3	0.34	4.0	1.1	남서	218	5.0	1020.6	-	70	
2021-02-14 01:05:00	7.3	동남동	116	8.38	26.83	0.28	5.1	0.40	4.5	0.8	서남서	243	5.0	1020.5	-	90	
2021-02-14 01:10:00	11.9	남동	136	8.35	26.96	0.32	5.1	0.42	6.5	0.8	서남서	245	4.9	1020.5	-	80	
2021-02-14 01:15:00	3.6	동남동	107	8.35	26.72	0.34	4.7	0.49	5.0	0.6	남서	229	4.9	1020.5	-	57	
2021-02-14 01:20:00	17.4	남동	132	8.33	27.01	0.33	5.3	0.46	6.0	0.4	남남서	201	4.9	1020.5	-	155	
2021-02-14 01:25:00	6.3	남남동	147	8.26	26.67	0.29	6.0	0.37	6.5	0.4	남	179	4.9	1020.5	-	94	
2021-02-14 01:30:00	4.0	북동	41	8.28	26.69	0.28	4.8	0.43	6.5	0.4	남남서	203	4.9	1020.4	-	32	
2021-02-14 01:35:00	5.7	남남동	147	8.24	26.68	0.25	4.4	0.37	3.5	0.6	남남서	203	4.8	1020.4	-	81	
2021-02-14 01:40:00	1.1	남	182	8.27	26.96	0.30	4.8	0.54	4.5	1.0	남서	223	4.9	1020.3	-	105	
2021-02-14 01:45:00	10.5	동남동	111	8.30	26.80	0.29	5.3	0.41	5.5	1.0	남서	228	4.7	1020.3	-	65	
2021-02-14 01:50:00	8.6	남동	133	8.31	26.79	0.33	4.9	0.52	5.5	1.5	서남서	252	4.7	1020.2	-	80	
2021-02-14 01:55:00	5.5	남남동	149	8.28	26.77	0.32	4.5	0.44	4.0	1.9	서남서	252	4.7	1020.2	-	74	
2021-02-14 02:00:00	5.6	동남동	117	8.26	26.75	0.34	5.4	0.46	6.0	1.7	서남서	246	4.7	1020.2	-	86	
2021-02-14 02:05:00	13.0	동남동	122	8.25	26.93	0.29	5.3	0.38	4.5	1.5	서남서	246	4.7	1020.1	-	93	
2021-02-14 02:10:00	8.0	남동	142	8.21	26.95	0.31	4.8	0.48	5.5	2.0	서남서	243	4.7	1020.1	-	113	
2021-02-14 02:15:00	6.4	남동	125	8.20	27.25	0.32	5.3	0.52	6.0	1.9	서남서	243	4.8	1020.0	-	58	
2021-02-14 02:20:00	2.6	남남동	155	8.26	26.97	0.27	5.8	0.35	6.5	1.5	서남서	244	5.0	1020.0	-	51	
2021-02-14 02:25:00	9.6	남동	138	8.27	26.89	0.28	5.1	0.40	4.5	2.0	서남서	247	5.0	1019.9	-	126	
2021-02-14 02:30:00	5.4	동북동	58	8.28	26.90	0.28	5.0	0.39	6.0	2.2	서남서	250	4.9	1019.9	-	51	
2021-02-14 02:35:00	6.7	남동	138	8.31	27.09	0.28	5.3	0.43	6.0	2.0	서남서	255	4.9	1019.9	-	63	
2021-02-14 02:40:00	4.7	남동	137	8.28	26.99	0.30	5.0	0.39	5.0	1.8	서남서	246	5.0	1019.8	-	80	
2021-02-14 02:45:00	5.7	남남동	161	8.29	26.98	0.25	4.8	0.37	4.5	1.8	서남서	252	4.9	1019.7	-	179	
2021-02-14 02:50:00	7.8	남남동	148	8.33	26.98	0.31	5.3	0.48	5.0	1.4	서남서	249	5.1	1019.6	-	43	
2021-02-14 02:55:00	15.0	남남동	164	8.35	26.90	0.25	5.3	0.36	6.5	1.8	서	272	5.1	1019.5	-	69	
2021-02-14 03:00:00	9.3	남동	141	8.35	27.10	0.29	5.5	0.36	4.5	1.5	서	274	5.1	1019.5	-	57	
2021-02-14 03:05:00	9.8	남동	133	8.37	26.93	0.26	5.1	0.43	5.5	1.8	서	274	5.1	1019.5	-	60	
2021-02-14 03:10:00	7.1	남동	142	8.37	26.93	0.31	5.1	0.59	5.0	1.3	서남서	251	5.1	1019.5	-	15	
2021-02-14 03:15:00	6.5	남남동	149	8.28	26.91	0.28	4.9	0.43	5.0	0.8	남서	234	5.2	1019.3	-	251	
2021-02-14 03:20:00	9.3	남남동	147	8.26	27.01	0.26	4.6	0.41	5.0	1.0	서남서	250	5.3	1019.3	-	58	
2021-02-14 03:25:00	4.1	남남동	154	8.23	27.03	0.26	4.8	0.37	4.5	1.1	남서	224	5.2	1019.2	-	53	
2021-02-14 03:30:00	4.5	남남동	156	8.17	26.96	0.26	5.2	0.37	4.5	0.9	남서	233	5.1	1019.0	-	105	
2021-02-14 03:35:00	7.3	남남동	158	8.09	26.93	0.26	5.6	0.35	5.5	0.9	서	279	5.2	1019.0	-	51	
2021-02-14 03:40:00	3.7	남남동	162	8.02	26.95	0.31	5.3	0.47	5.0	1.0	서	276	5.1	1018.9	-	64	
2021-02-14 03:45:00	9.0	남남동	160	8.00	27.07	0.26	5.1	0.33	3.0	1.3	서남서	256	5.0	1018.8	-	85	
2021-02-14 03:50:00	7.0	남동	135	7.97	26.88	0.27	5.1	0.39	5.5	1.3	서남서	247	5.0	1018.7	-	111	
2021-02-14 03:55:00	11.3	남동	135	7.92	27.03	0.29	5.4	0.39	5.0	1.5	서남서	242	5.1	1018.7	-	67	
2021-02-14 04:00:00	2.9	남남동	161	7.93	26.94	0.25	4.8	0.32	5.5	1.1	남서	226	5.1	1018.5	-	98	
2021-02-14 04:05:00	9.9	남남동	154	7.94	26.93	0.28	5.0	0.39	4.5	1.0	남남서	196	5.1	1018.4	-	349	
2021-02-14 04:10:00	3.6	남남서	204	7.92	26.92	0.28	5.1	0.39	5.0	0.9	남남서	197	5.0	1018.4	-	76	
2021-02-14 04:15:00	12.3	남남동	147	7.92	26.94	0.25	5.1	0.35	5.0	1.5	남	178	5.0	1018.3	-	88	
2021-02-14 04:20:00	3.7	남남동	168	7.91	26.90	0.28	5.1	0.36	6.5	0.9	남	180	4.9	1018.3	-	101	
2021-02-14 04:25:00	9.8	남남동	154	7.90	26.79	0.31	4.9	0.39	6.0	1.2	남남동	159	5.4	1018.2	-	76	
2021-02-14 04:30:00	4.2	남	179	7.91	26.79	0.36	4.6	0.46	5.5	1.1	남남동	149	5.6	1018.2	-	77	
2021-02-14 04:35:00	11.3	남동	137	7.91	26.77	0.28	4.9	0.43	5.0	1.6	남동	142	5.9	1018.0	-	79	
2021-02-14 04:40:00	3.3	동남동	122	7.98	26.89	0.30	5.0	0.47	5.0	1.8	남동	141	6.3	1018.0	-	211	
2021-02-14 04:45:00	4.3	남남동	157	8.10	26.92	0.28	5.1	0.32	5.0	1.2	남남동	167	6.3	1018.0	-	20	
2021-02-14 04:50:00	8.4	남남동	162	8.20	26.85	0.30	5.2	0.41	5.5	1.5	남남동	161	6.4	1018.0	-	66	
2021-02-14 04:55:00	4.9	남남동	168	8.23	26.81	0.26	4.7	0.38	5.0	1.7	남남동	159	6.5	1018.0	-	108	
2021-02-14 05:00:00	5.0	북	9	8.26	27.12	0.24	4.5	0.44	5.0	1.4	남남동	166	6.1	1018.0	-	357	
2021-02-14 05:05:00	7.2	남남동	155	8.29	26.75	0.30	5.0	0.38	4.0	1.6	남	184	6.1	1017.9	-	14	
2021-02-14 05:10:00	12.3	남동	146	8.35	26.66	0.25	5.1	0.36	5.0	1.4	남남서	193	6.2	1017.9	-	83	
2021-02-14 05:15:00	6.1	동북동	72	8.38	26.54	0.27	4.6	0.36	5.5	1.1	남남서	207	6.2	1017.8	-	45	
2021-02-14 05:20:00	10.8	남동	128	8.41	26.67	0.29	4.3	0.48	4.5	1.5	남서	225	6.0	1017.8	-	65	
2021-02-14 05:25:00	19.3	남동	143	8.36	26.90	0.29	4.5	0.44	5.5	1.2	남서	234	5.9	1017.7	-	69	
2021-02-14 05:30:00	6.1	동남동	119	8.40	26.85	0.25	4.6	0.39	5.5	1.0	남서	235	6.1	1017.7	-	84	
2021-02-14 05:35:00	11.3	남동	124	8.39	26.94	0.29	4.4	0.40	4.5	1.3	서남서	238	6.1	1017.7	-	106	
2021-02-14 05:40:00	2.3	동북동	75	8.39	27.09	0.28	4.8	0.47	4.5	1.5	남서	232	6.2	1017.6	-	46	
2021-02-14 05:45:00	8.4	남동	137	8.41	25.98	0.24	5.3	0.29	5.0	1.4	남서	222	6.2	1017.6	-	95	
2021-02-14 05:50:00	11.1	동남동	121	8.41	26.83	0.29	4.7	0.42	5.5	1.4	남남서	212	6.2	1017.6	-	65	
2021-02-14 05:55:00	10.6	남동	141	8.41	27.39	0.27	5.0	0.42	5.0	1.5	남	181	6.5	1017.5	-	75	
2021-02-14 06:00:00	8.1	동남동	109	8.41	26.77	0.26	5.1	0.38	5.5	1.9	남	175	7.0	1017.4	-	20	
2021-02-14 06:05:00	13.2	남	181	8.43	26.97	0.24	5.2	0.35	4.5	1.9	남	181	7.5	1017.4	-	247	
2021-02-14 06:10:00	10.8	남동	139	8.45	26.84	0.24	4.2	0.31	3.0	2.2	남남서	193	7.6	1017.4	-	324	
2021-02-14 06:15:00	14.4	남남동	164	8.56	26.99	0.28	5.1	0.39	5.5	1.9	남남서	205	7.6	1017.4	-	264	
2021-02-14 06:20:00	11.0	남남동	166	8.65	26.90	0.28	5.0	0.34	5.5	1.4	남서	228	7.3	1017.4	-	313	
2021-02-14 06:25:00	1.3	남동	132	8.69	27.04	0.26	4.7	0.40	4.5	0.7	남남서	212	7.1	1017.3	-	297	
2021-02-14 06:30:00	4.5	남동	138	8.72	26.77	0.23	5.2	0.34	5.0	0.7	남서	225	7.2	1017.3	-	54	
2021-02-14 06:35:00	18.7	북동	54	8.73	27.31	0.27	4.9	0.46	5.0	1.2	서	273	7.4	1017.3	-	49	
2021-02-14 06:40:00	20.7	남	176	8.75	26.64	0.29	4.5	0.44	4.0	1.6	서	272	6.8	1017.3	-	46	
2021-02-14 06:45:00	6.7	남남동	166	8.74	27.42	0.26	4.3	0.34	3.5	1.8	서	275	6.4	1017.3	-	255	
2021-02-14 06:50:00	5.1	동	90	8.75	26.89	0.26	5.0	0.40	4.5	1.0	서남서	250	6.3	1017.2	-	39	
2021-02-14 06:55:00	15.4	남동	129	8.76	26.68	0.32	5.0	0.48	4.5	1.4	남서	235	6.1	1017.2	-	59	
2021-02-14 07:00:00	7.1	남동	138	8.82	26.68	0.24	4.8	0.36	5.0	1.4	남서	219	6.2	1017.2	-	141	
2021-02-14 07:05:00	4.5	동남동	120	8.82	27.49	0.25	5.3	0.33	5.0	1.2	남서	219	6.4	1017.1	-	246	
2021-02-14 07:10:00	10.2	남동	135	8.82	26.69	0.26	4.8	0.37	4.5	1.6	남	191	6.6	1017.1	-	70	
2021-02-14 07:15:00	9.6	남	185	8.80	26.65	0.29	5.3	0.48	5.5	1.6	남남동	158	6.9	1017.1	-	40	
2021-02-14 07:20:00	20.7	남서	215	8.79	26.98	0.27	5.0	0.37	5.5	1.7	남	187	7.1	1017.1	-	202	
2021-02-14 07:25:00	22.3	서	270	8.79	26.55	0.30	5.0	0.48	4.5	2.2	남	181	7.2	1017.2	-	245	
2021-02-14 07:30:00	7.5	남남서	205	8.80	25.85	0.31	4.7	0.46	4.5	1.6	남	170	7.0	1017.2	-	261	
2021-02-14 07:35:00	5.0	남서	232	8.80	27.05	0.30	4.7	0.44	3.0	2.6	남	177	6.9	1017.2	-	38	
2021-02-14 07:40:00	11.6	남남서	205	8.80	26.75	0.27	4.7	0.41	4.5	2.1	남동	145	7.2	1017.1	-	244	
2021-02-14 07:45:00	2.3	남동	134	8.81	26.79	0.29	4.8	0.41	4.0	2.0	남동	142	7.7	1017.0	-	83	
2021-02-14 07:50:00	6.7	서남서	255	8.81	26.77	0.28	4.6	0.36	5.5	2.9	남남동	157	7.9	1017.1	-	238	
2021-02-14 07:55:00	17.8	서	262	8.81	26.78	0.32	4.4	0.53	5.0	2.7	남	174	8.0	1017.1	-	248	
2021-02-14 08:00:00	20.0	서	261	8.81	26.64	0.32	5.1	0.47	4.0	2.9	남	172	8.0	1017.1	-	175	
2021-02-14 08:05:00	10.8	서남서	238	8.81	26.63	0.29	4.1	0.44	4.5	2.8	남	174	7.7	1017.3	-	53	
2021-02-14 08:10:00	23.1	서북서	292	8.80	26.57	0.29	4.4	0.37	3.5	2.7	남남동	151	7.7	1017.3	-	211	
2021-02-14 08:15:00	8.9	동남동	113	8.80	26.69	0.31	4.6	0.47	5.0	3.0	남동	142	7.7	1017.2	-	135	
2021-02-14 08:20:00	9.3	남	189	8.80	26.64	0.34	4.2	0.44	3.5	3.0	남남동	158	8.0	1017.1	-	238	
2021-02-14 08:25:00	21.6	서남서	255	8.80	26.43	0.28	4.8	0.43	6.0	3.0	남	183	8.1	1017.2	-	54	
2021-02-14 08:30:00	19.8	서	261	8.81	26.28	0.27	4.7	0.39	4.0	2.5	남남서	195	8.2	1017.3	-	62	
2021-02-14 08:35:00	8.1	남	170	8.81	25.99	0.28	4.4	0.38	5.0	0.8	남	187	8.4	1017.2	-	67	
2021-02-14 08:40:00	10.5	남동	145	8.80	26.16	0.34	4.0	0.61	4.0	0.1	남남서	210	8.5	1017.1	-	173	
2021-02-14 08:45:00	15.5	동	86	8.80	26.59	0.28	4.8	0.38	4.0	0.6	남남서	196	8.6	1017.0	-	62	
2021-02-14 08:50:00	2.2	동	94	8.80	26.44	0.25	4.4	0.38	4.5	1.4	남남동	166	8.7	1016.9	-	282	
2021-02-14 08:55:00	7.0	북동	46	8.80	26.41	0.25	4.6	0.31	5.5	2.1	남남동	155	9.2	1016.8	-	284	
2021-02-14 09:00:00	15.0	북동	54	8.80	26.36	0.29	4.8	0.40	3.5	2.3	남	170	9.4	1016.9	-	265	
2021-02-14 09:05:00	4.3	북	2	8.80	26.39	0.26	4.9	0.33	4.0	1.2	남남서	199	9.5	1017.0	-	64	
2021-02-14 09:10:00	11.4	남동	146	8.80	26.33	0.26	4.9	0.36	5.5	1.4	서북서	288	8.9	1017.1	-	186	
2021-02-14 09:15:00	8.0	북북서	343	8.79	26.32	0.23	4.9	0.34	4.0	0.5	서북서	289	8.5	1017.1	-	329	
2021-02-14 09:20:00	4.0	남남동	159	8.79	26.31	0.28	4.9	0.38	5.0	0.3	북서	312	8.7	1017.0	-	242	
2021-02-14 09:25:00	11.1	남	179	8.79	26.33	0.27	4.5	0.36	5.0	1.1	서북서	303	8.8	1017.0	-	320	
2021-02-14 09:30:00	2.0	동남동	104	8.79	26.39	0.26	4.1	0.32	5.0	0.2	서북서	286	9.1	1016.9	-	158	
2021-02-14 09:35:00	3.6	동북동	64	8.79	26.33	0.27	4.5	0.42	5.5	0.1	서북서	294	9.5	1016.9	-	248	
2021-02-14 09:40:00	34.5	서남서	243	8.80	26.36	0.26	4.5	0.38	4.5	0.1	서북서	287	9.3	1016.9	-	121	
2021-02-14 09:45:00	3.2	북북서	328	8.78	26.36	0.26	4.6	0.40	3.5	0.0	남동	140	9.4	1016.8	-	70	
2021-02-14 09:50:00	17.6	남서	230	8.73	26.60	0.30	4.8	0.39	5.5	0.7	서남서	253	9.5	1016.8	-	77	
2021-02-14 09:55:00	9.3	남남서	207	8.70	26.61	0.27	4.3	0.36	6.0	0.4	서북서	291	9.0	1016.7	-	269	
2021-02-14 10:00:00	21.3	동남동	105	8.69	26.51	0.27	4.6	0.37	5.5	0.8	북서	314	8.9	1016.7	-	67	
2021-02-14 10:05:00	25.8	남남서	213	8.68	26.52	0.27	5.0	0.52	4.0	0.5	북서	317	8.9	1016.7	-	90	
2021-02-14 10:10:00	39.6	남	183	8.64	26.52	0.29	4.3	0.47	4.0	0.7	북	2	9.0	1016.7	-	338	
2021-02-14 10:15:00	53.2	북북서	329	8.68	26.57	0.23	3.8	0.36	4.0	0.5	북동	36	9.1	1016.6	-	191	
2021-02-14 10:20:00	49.4	동	96	8.65	26.51	0.28	4.6	0.37	4.0	0.6	동	92	9.1	1016.6	-	230	
2021-02-14 10:25:00	26.3	서북서	285	8.60	26.53	0.28	4.8	0.49	5.0	1.0	북북동	23	9.3	1016.5	-	50	
2021-02-14 10:30:00	10.3	북	7	8.54	26.55	0.30	4.0	0.46	3.0	0.5	북동	42	9.3	1016.3	-	273	
2021-02-14 10:35:00	6.1	동남동	109	8.53	26.47	0.27	4.1	0.36	5.0	1.3	북	350	9.4	1016.2	-	58	
2021-02-14 10:40:00	13.2	북북동	13	8.51	26.54	0.27	4.3	0.36	4.0	1.8	북	355	9.3	1016.2	-	204	
2021-02-14 10:45:00	22.1	북북서	327	8.55	26.61	0.29	3.9	0.39	3.0	2.2	북	357	9.4	1016.1	-	272	
2021-02-14 10:50:00	5.4	동북동	65	8.59	26.56	0.28	4.3	0.54	4.0	2.1	북	1	9.2	1016.0	-	66	
2021-02-14 10:55:00	5.7	동남동	113	8.68	26.55	0.25	4.5	0.41	5.0	1.8	북북동	26	9.2	1015.9	-	62	
2021-02-14 11:00:00	24.8	북북서	336	8.68	26.50	0.26	4.7	0.39	5.0	1.6	북	8	9.3	1015.8	-	1	
2021-02-14 11:05:00	28.9	북	2	8.68	26.47	0.29	4.8	0.52	4.0	1.8	북북동	23	9.4	1015.7	-	236	
2021-02-14 11:10:00	40.0	남남서	201	8.71	26.43	0.24	4.2	0.39	5.0	1.9	북	7	9.4	1015.7	-	294	
2021-02-14 11:15:00	49.3	남남동	147	8.73	26.49	0.32	4.5	0.43	3.0	2.2	북북동	19	9.6	1015.6	-	46	
2021-02-14 11:20:00	43.8	남남동	151	8.76	26.37	0.27	4.0	0.36	3.5	2.7	북북동	31	9.8	1015.6	-	207	
2021-02-14 11:25:00	25.5	북북동	22	8.77	26.55	0.29	4.5	0.49	3.5	2.0	북	359	10.0	1015.6	-	282	
2021-02-14 11:30:00	30.6	북동	46	8.78	26.54	0.26	4.1	0.36	5.0	2.1	북북동	19	9.9	1015.6	-	272	
2021-02-14 11:35:00	20.0	동남동	113	8.79	26.59	0.26	4.2	0.34	5.5	1.8	북북동	31	10.0	1015.5	-	252	
2021-02-14 11:40:00	13.4	동	99	8.82	26.50	0.26	4.6	0.42	4.0	1.0	동북동	67	10.2	1015.4	-	70	
2021-02-14 11:45:00	6.7	동	100	8.86	26.59	0.32	4.5	0.47	6.5	2.9	북동	51	10.3	1015.2	-	25	
2021-02-14 11:50:00	8.0	동	100	8.86	26.52	0.26	4.7	0.37	3.5	3.2	북동	56	10.4	1015.1	-	67	
2021-02-14 11:55:00	4.8	동	87	8.83	26.59	0.26	4.2	0.36	3.5	2.3	동북동	72	10.6	1015.0	-	99	
2021-02-14 12:00:00	10.4	남동	134	8.82	26.29	0.27	4.5	0.45	3.5	1.9	동북동	63	10.7	1014.9	-	132	
2021-02-14 12:05:00	4.6	남동	134	8.81	26.38	0.25	4.3	0.41	4.0	2.1	동북동	64	11.1	1014.7	-	78	
2021-02-14 12:10:00	7.0	동	91	8.79	26.60	0.24	4.4	0.36	4.5	3.1	남동	128	11.1	1014.6	-	68	
2021-02-14 12:15:00	9.2	남동	127	8.80	26.63	0.29	4.6	0.40	4.0	3.6	남동	127	11.5	1014.5	-	192	
2021-02-14 12:20:00	11.6	남동	137	8.77	26.64	0.29	4.1	0.47	3.5	3.1	동남동	122	11.2	1014.5	-	241	
2021-02-14 12:25:00	11.4	동남동	119	8.81	26.66	0.29	4.1	0.42	4.5	3.3	동남동	122	11.0	1014.4	-	179	
2021-02-14 12:30:00	6.4	동북동	60	8.82	26.65	0.27	4.5	0.40	4.5	2.9	남동	127	11.0	1014.3	-	79	
2021-02-14 12:35:00	2.1	남서	216	8.88	26.54	0.28	3.9	0.43	3.0	2.4	남동	134	11.0	1014.2	-	123	
2021-02-14 12:40:00	4.6	남	170	8.82	26.57	0.30	4.0	0.39	4.5	2.4	남동	140	11.0	1014.2	-	111	
2021-02-14 12:45:00	3.7	남	179	8.81	26.60	0.32	4.0	0.43	3.5	1.8	남동	142	11.0	1014.1	-	191	
2021-02-14 12:50:00	10.1	북북동	33	8.81	26.63	0.32	4.0	0.46	4.0	2.0	남동	144	10.9	1014.0	-	70	
2021-02-14 12:55:00	8.9	동	93	8.81	26.64	0.29	3.9	0.40	4.0	1.3	남남동	155	11.0	1013.9	-	343	
2021-02-14 13:00:00	7.8	서북서	301	8.83	26.60	0.29	3.8	0.43	4.5	0.5	남서	217	11.0	1013.8	-	102	
2021-02-14 13:05:00	1.9	동북동	73	8.85	26.63	0.26	3.9	0.37	4.0	1.1	남남동	153	10.9	1013.7	-	300	
2021-02-14 13:10:00	11.5	동	100	8.84	26.46	0.31	4.3	0.47	3.5	3.1	남동	132	11.2	1013.7	-	255	
2021-02-14 13:15:00	9.1	남동	138	8.82	26.54	0.27	4.3	0.41	4.0	2.6	남동	135	11.3	1013.5	-	319	
2021-02-14 13:20:00	3.6	남남동	157	8.86	26.63	0.30	4.1	0.49	5.0	3.3	동남동	121	11.3	1013.4	-	282	
2021-02-14 13:25:00	4.5	남	170	8.88	26.67	0.28	4.1	0.44	4.5	1.7	남동	138	11.2	1013.4	-	281	
2021-02-14 13:30:00	9.1	동	81	8.89	26.70	0.26	4.1	0.34	3.5	1.7	서북서	287	11.0	1013.2	-	61	
2021-02-14 13:35:00	9.1	동	87	8.91	26.31	0.28	4.3	0.35	4.0	1.6	남동	140	11.4	1013.1	-	96	
2021-02-14 13:40:00	1.9	남동	131	8.93	26.38	0.22	4.4	0.33	4.5	2.8	동남동	109	11.7	1012.9	-	39	
2021-02-14 13:45:00	2.1	북동	50	8.93	26.73	0.28	4.4	0.45	4.5	1.9	북	351	11.9	1012.8	-	139	
2021-02-14 13:50:00	5.2	동남동	110	8.90	26.67	0.27	4.3	0.58	3.5	1.4	북	10	11.6	1012.7	-	313	
2021-02-14 13:55:00	5.9	동	80	8.94	26.70	0.24	4.2	0.34	4.5	1.0	동북동	59	11.5	1012.5	-	170	
2021-02-14 14:00:00	9.8	북동	34	8.93	26.71	0.24	4.3	0.39	4.5	0.7	북북동	26	11.5	1012.5	-	259	
2021-02-14 14:05:00	7.3	동남동	123	8.92	26.67	0.24	4.2	0.35	3.5	1.4	북북동	31	11.7	1012.3	-	287	
2021-02-14 14:10:00	4.3	동남동	105	8.91	26.58	0.25	4.5	0.37	4.0	1.8	동북동	71	11.8	1012.3	-	261	
2021-02-14 14:15:00	9.2	동	99	8.90	26.56	0.28	4.5	0.36	4.0	1.5	북	354	11.6	1012.3	-	278	
2021-02-14 14:20:00	2.4	동북동	60	8.90	26.59	0.25	4.2	0.36	4.5	2.3	북	4	11.5	1012.4	-	46	
2021-02-14 14:25:00	9.6	동남동	103	8.90	26.61	0.23	4.2	0.35	2.5	2.1	북	352	11.1	1012.4	-	261	
2021-02-14 14:30:00	10.0	동	81	8.91	26.62	0.25	4.4	0.35	3.5	2.3	북북서	343	10.9	1012.3	-	49	
2021-02-14 14:35:00	9.9	북	7	8.92	26.63	0.23	4.3	0.31	4.5	2.5	북북서	340	10.8	1012.3	-	185	
2021-02-14 14:40:00	14.8	동	101	8.92	26.15	0.23	4.5	0.34	4.5	2.0	북	2	10.8	1012.2	-	59	
2021-02-14 14:45:00	14.9	동남동	109	9.00	26.88	0.24	4.5	0.33	5.0	1.8	북	358	10.6	1012.2	-	70	
2021-02-14 14:50:00	9.5	동	89	9.05	26.03	0.21	4.0	0.31	4.0	1.3	북	355	10.6	1012.2	-	275	
2021-02-14 14:55:00	3.6	동	100	9.15	26.40	0.25	4.3	0.31	4.5	2.0	북	0	10.5	1012.2	-	262	
2021-02-14 15:00:00	5.8	동	86	9.11	26.60	0.22	4.6	0.34	4.5	1.3	북	4	10.6	1012.2	-	10	
2021-02-14 15:05:00	6.9	동	87	9.11	26.63	0.24	4.2	0.41	4.0	1.9	북북서	342	10.5	1012.0	-	252	
2021-02-14 15:10:00	2.2	북북동	33	9.09	26.65	0.23	4.2	0.28	5.0	2.2	북북서	339	10.6	1012.0	-	121	
2021-02-14 15:15:00	9.8	남남동	159	9.06	26.74	0.22	4.4	0.35	6.0	2.1	북서	312	10.5	1012.1	-	62	
2021-02-14 15:20:00	11.5	남남동	162	9.04	26.38	0.22	4.3	0.33	4.5	3.5	북서	314	10.5	1012.2	-	231	
2021-02-14 15:25:00	10.6	남남동	148	8.98	26.75	0.27	3.9	0.37	4.0	2.5	북	351	10.5	1012.1	-	279	
2021-02-14 15:30:00	9.2	동	89	8.99	26.96	0.26	3.9	0.48	3.5	2.3	북	2	10.7	1012.0	-	216	
2021-02-14 15:35:00	13.9	동남동	120	8.97	27.19	0.23	4.6	0.40	4.5	1.8	북서	326	10.8	1012.0	-	246	
2021-02-14 15:40:00	6.3	남남동	163	8.98	26.89	0.23	4.5	0.38	5.0	2.1	북서	308	10.6	1012.0	-	283	
2021-02-14 15:45:00	12.2	동북동	71	8.98	26.51	0.23	4.5	0.40	4.5	2.0	북서	323	10.6	1012.0	-	41	
2021-02-14 15:50:00	8.8	동북동	66	8.97	25.92	0.22	4.2	0.34	3.0	2.0	북북서	327	10.5	1012.0	-	188	
2021-02-14 15:55:00	3.6	동	100	8.93	26.61	0.23	4.3	0.33	3.5	2.4	북서	324	10.4	1012.0	-	74	
2021-02-14 16:00:00	18.2	동	89	8.94	26.61	0.24	3.7	0.39	3.5	2.1	북서	317	10.4	1011.9	-	254	
2021-02-14 16:05:00	8.6	동	81	8.97	26.63	0.24	4.2	0.34	5.0	2.0	북서	324	10.2	1011.9	-	280	
2021-02-14 16:10:00	11.1	동남동	109	8.99	26.68	0.28	4.6	0.41	4.0	2.3	북서	321	10.4	1011.9	-	53	
2021-02-14 16:15:00	3.5	동북동	59	9.11	26.70	0.25	4.3	0.41	5.5	2.5	북서	325	10.4	1011.8	-	84	
2021-02-14 16:20:00	11.3	북	8	9.06	26.60	0.26	4.0	0.33	3.5	2.7	북서	325	10.5	1011.8	-	234	
2021-02-14 16:25:00	13.0	북	352	9.03	26.59	0.25	4.3	0.32	4.0	2.4	북서	313	10.5	1011.8	-	43	
2021-02-14 16:30:00	-	-	-	-	-	-	-	-	-	-	-	-	-	-	-	-	
2021-02-14 16:35:00	0.2	동북동	68	9.05	26.66	0.18	3.1	0.36	3.1	2.2	북북서	328	10.5	1011.8	-	280	
2021-02-14 16:40:00	3.6	동북동	61	9.10	26.68	0.22	4.0	0.34	3.5	2.2	북서	326	10.5	1011.7	-	253	
2021-02-14 16:45:00	3.7	북	360	9.12	26.52	0.23	4.5	0.35	4.0	2.3	북북서	328	10.4	1011.7	-	259	
2021-02-14 16:50:00	6.9	북동	36	9.09	26.66	0.25	4.2	0.36	3.0	2.7	북북서	331	10.4	1011.6	-	271	
2021-02-14 16:55:00	1.9	서북서	284	9.09	26.65	0.27	4.0	0.41	4.0	3.1	북북서	339	10.4	1011.6	-	236	
2021-02-14 17:00:00	0.7	북	9	9.06	26.67	0.23	4.1	0.31	3.5	3.8	북북서	332	10.3	1011.6	-	279	
2021-02-14 17:05:00	4.4	북서	305	9.05	26.67	0.24	4.4	0.39	4.0	5.0	북북서	334	10.1	1011.7	-	253	
2021-02-14 17:10:00	5.6	북동	47	9.02	26.81	0.26	4.6	0.35	3.5	5.1	북북서	335	9.8	1011.7	-	12	
2021-02-14 17:15:00	3.5	남남서	202	9.01	26.98	0.25	4.2	0.36	3.5	5.7	북북서	335	9.6	1011.6	-	288	
2021-02-14 17:20:00	2.1	북	351	8.96	27.02	0.23	4.2	0.34	4.5	5.8	북북서	338	9.6	1011.6	-	191	
2021-02-14 17:25:00	8.3	동남동	113	9.00	26.73	0.23	4.3	0.39	4.5	5.8	북북서	340	9.5	1011.6	-	180	
2021-02-14 17:30:00	12.3	동	85	8.98	26.92	0.20	4.5	0.25	3.5	5.8	북북서	342	9.4	1011.7	-	164	
2021-02-14 17:35:00	25.5	북동	55	8.98	27.11	0.25	3.8	0.34	4.0	5.6	북북서	343	9.4	1011.7	-	251	
2021-02-14 17:40:00	37.4	동북동	57	8.97	26.92	0.24	4.2	0.39	4.0	6.3	북북서	341	9.4	1011.8	-	296	
2021-02-14 17:45:00	16.0	동남동	122	8.98	26.84	0.26	4.0	0.36	4.5	6.7	북북서	341	9.4	1011.8	-	195	
2021-02-14 17:50:00	7.4	동	93	8.91	26.68	0.28	4.6	0.38	4.5	6.2	북북서	341	9.4	1011.8	-	313	
2021-02-14 17:55:00	4.8	동	97	8.89	26.88	0.29	3.5	0.39	2.5	6.6	북북서	339	9.4	1011.8	-	17	
2021-02-14 18:00:00	9.5	남동	140	8.84	26.77	0.37	3.1	0.49	2.5	6.9	북북서	348	9.2	1011.7	-	340	
2021-02-14 18:05:00	12.1	동남동	120	8.84	26.78	0.29	3.1	0.45	3.0	6.8	북북서	344	9.1	1011.8	-	347	
2021-02-14 18:10:00	14.8	남동	126	8.82	26.66	0.39	3.1	0.63	2.5	7.4	북북서	340	9.1	1011.9	-	332	
2021-02-14 18:15:00	16.3	동남동	108	8.80	26.55	0.38	3.0	0.55	3.5	7.8	북북서	336	8.9	1012.0	-	339	
2021-02-14 18:20:00	11.9	남남동	159	8.77	26.65	0.42	2.8	0.58	2.5	7.5	북북서	340	8.9	1012.0	-	334	
2021-02-14 18:25:00	9.0	남동	139	8.77	26.62	0.46	2.9	0.70	3.0	7.7	북북서	336	8.8	1012.2	-	346	
2021-02-14 18:30:00	7.3	동남동	115	8.72	26.59	0.44	2.9	0.63	3.5	7.1	북북서	339	8.8	1012.2	-	356	
2021-02-14 18:35:00	11.1	남동	138	8.71	26.60	0.47	3.0	0.66	3.0	7.7	북북서	342	8.8	1012.2	-	327	
2021-02-14 18:40:00	8.6	북동	42	8.68	26.60	0.40	2.9	0.59	3.0	7.1	북북서	343	8.7	1012.2	-	319	
2021-02-14 18:45:00	15.7	동남동	122	8.65	26.61	0.45	3.1	0.60	3.5	6.2	북북서	344	8.8	1012.2	-	333	
2021-02-14 18:50:00	17.9	동남동	115	8.59	26.43	0.45	3.0	0.71	3.0	5.7	북북서	345	8.8	1012.3	-	333	
2021-02-14 18:55:00	22.0	동남동	107	8.54	26.42	0.48	3.0	0.87	3.0	6.0	북북서	338	8.7	1012.4	-	342	
2021-02-14 19:00:00	34.8	동남동	112	8.47	26.64	0.40	3.2	0.56	3.5	5.9	북북서	344	8.8	1012.4	-	340	
2021-02-14 19:05:00	23.3	남동	143	8.40	26.79	0.46	3.0	0.63	3.0	5.9	북북서	338	8.7	1012.4	-	331	
2021-02-14 19:10:00	21.2	남	183	8.55	26.40	0.42	3.3	0.58	3.0	5.6	북북서	342	8.7	1012.4	-	334	
2021-02-14 19:15:00	16.0	남남서	212	8.63	26.86	0.44	3.4	0.62	3.0	5.0	북북서	341	8.7	1012.5	-	348	
2021-02-14 19:20:00	10.0	남남서	197	8.62	27.53	0.42	3.5	0.63	3.0	5.0	북북서	342	8.7	1012.5	-	39	
2021-02-14 19:25:00	17.1	남동	141	8.61	26.76	0.42	3.4	0.59	4.0	5.1	북북서	345	8.7	1012.5	-	351	
2021-02-14 19:30:00	13.0	남남동	152	8.63	26.76	0.39	3.4	0.57	3.0	4.9	북북서	347	8.7	1012.4	-	284	
2021-02-14 19:35:00	13.5	서	268	8.63	26.94	0.40	3.3	0.59	3.0	5.2	북	349	8.7	1012.3	-	10	
2021-02-14 19:40:00	8.8	서북서	303	8.65	27.41	0.42	3.4	0.59	3.0	5.2	북북서	347	8.7	1012.4	-	325	
2021-02-14 19:45:00	14.3	동	96	8.72	26.96	0.42	3.2	0.60	3.0	4.7	북북서	344	8.7	1012.3	-	328	
2021-02-14 19:50:00	11.3	남	183	8.68	26.99	0.35	3.3	0.50	2.5	4.3	북북서	341	8.7	1012.3	-	343	
2021-02-14 19:55:00	13.2	북북서	330	8.68	25.72	0.37	3.2	0.53	2.5	5.1	북북서	337	8.7	1012.3	-	325	
2021-02-14 20:00:00	6.9	서북서	291	8.72	26.45	0.37	3.1	0.58	3.0	4.7	북북서	332	8.7	1012.3	-	312	
2021-02-14 20:05:00	10.2	서남서	256	8.76	26.71	0.39	3.7	0.59	4.0	5.1	북북서	336	8.8	1012.2	-	322	
2021-02-14 20:10:00	9.8	남남서	200	8.78	26.73	0.41	3.2	0.64	3.0	5.4	북북서	336	8.8	1012.2	-	356	
2021-02-14 20:15:00	1.7	남남동	150	8.77	26.69	0.46	3.5	0.70	2.5	4.9	북북서	333	8.7	1012.2	-	290	
2021-02-14 20:20:00	12.1	남남서	199	8.77	26.62	0.47	3.2	0.61	3.0	4.6	북북서	333	8.6	1012.1	-	314	
2021-02-14 20:25:00	9.3	남	182	8.79	26.66	0.41	3.2	0.54	3.0	5.3	북북서	333	8.5	1012.0	-	327	
2021-02-14 20:30:00	4.8	남남동	148	8.81	26.91	0.46	3.2	0.70	3.5	5.5	북북서	340	8.5	1011.9	-	335	
2021-02-14 20:35:00	13.3	남	174	8.81	26.67	0.47	3.1	0.71	3.0	4.9	북북서	343	8.6	1011.7	-	332	
2021-02-14 20:40:00	8.9	남	184	8.82	26.65	0.48	3.2	0.73	3.0	5.2	북북서	335	8.5	1011.8	-	346	
2021-02-14 20:45:00	9.0	남남동	154	8.81	26.71	0.39	3.4	0.67	3.0	4.7	북북서	328	8.5	1011.8	-	329	
2021-02-14 20:50:00	5.7	남남서	205	8.80	26.72	0.46	3.1	0.62	3.0	4.7	북북서	334	8.5	1011.7	-	336	
2021-02-14 20:55:00	11.3	북북서	342	8.80	26.74	0.45	3.1	0.67	4.5	4.9	북북서	337	8.5	1011.7	-	330	
2021-02-14 21:00:00	7.2	남남동	167	8.80	26.74	0.46	3.2	0.78	3.0	5.7	북북서	338	8.4	1011.5	-	329	
2021-02-14 21:05:00	7.6	남남동	155	8.80	26.87	0.47	3.1	0.75	3.0	5.6	북북서	340	8.3	1011.5	-	319	
2021-02-14 21:10:00	19.5	남남동	150	8.80	26.72	0.47	3.2	0.76	4.0	4.9	북북서	329	8.4	1011.6	-	347	
2021-02-14 21:15:00	12.8	남남동	157	8.79	27.20	0.45	3.2	0.76	3.0	5.1	북북서	332	8.4	1011.6	-	302	
2021-02-14 21:20:00	16.7	남동	141	8.77	26.88	0.51	3.4	0.71	3.0	5.3	북북서	334	8.4	1011.5	-	337	
2021-02-14 21:25:00	14.5	동남동	123	8.77	26.67	0.41	3.2	0.60	3.0	5.7	북북서	336	8.3	1011.5	-	315	
2021-02-14 21:30:00	3.9	남동	130	8.77	26.64	0.48	3.2	0.64	3.0	5.7	북북서	328	8.3	1011.4	-	357	
2021-02-14 21:35:00	15.3	남남동	150	8.77	26.96	0.43	3.0	0.70	4.0	5.8	북북서	330	8.4	1011.3	-	341	
2021-02-14 21:40:00	11.4	남동	138	8.77	27.02	0.47	3.3	0.67	3.0	5.0	북북서	331	8.3	1011.2	-	327	
2021-02-14 21:45:00	11.1	동남동	108	8.77	26.18	0.41	3.1	0.60	3.0	5.1	북북서	330	8.3	1011.2	-	331	
2021-02-14 21:50:00	4.9	남남동	150	8.75	26.53	0.45	3.0	0.70	3.5	4.7	북서	320	8.3	1011.2	-	328	
2021-02-14 21:55:00	6.7	남동	141	8.75	26.61	0.42	3.4	0.60	3.0	4.6	북서	314	8.2	1011.3	-	357	
2021-02-14 22:00:00	7.1	동	84	8.75	26.65	0.47	3.1	0.69	3.0	3.7	북서	313	8.2	1011.4	-	340	
2021-02-14 22:05:00	11.4	동남동	108	8.74	26.77	0.46	3.1	0.66	3.5	3.8	북서	312	8.1	1011.4	-	334	
2021-02-14 22:10:00	4.6	동남동	110	8.73	26.80	0.44	3.1	0.60	3.0	3.9	북서	311	8.1	1011.3	-	311	
2021-02-14 22:15:00	18.2	남	176	8.72	26.99	0.41	3.1	0.58	3.0	3.8	북서	314	8.0	1011.2	-	337	
2021-02-14 22:20:00	25.2	북동	36	8.72	26.73	0.42	3.3	0.67	3.5	4.0	북서	320	8.0	1011.1	-	318	
2021-02-14 22:25:00	20.0	동남동	102	8.73	26.65	0.40	3.2	0.69	3.0	4.0	북서	321	8.0	1011.2	-	348	
2021-02-14 22:30:00	10.3	남	175	8.74	26.60	0.42	3.3	0.60	3.0	4.5	북서	324	8.0	1011.1	-	348	
2021-02-14 22:35:00	13.8	남남서	201	8.81	26.81	0.40	3.2	0.61	3.0	4.5	북서	321	8.0	1011.0	-	329	
2021-02-14 22:40:00	6.6	남	176	9.10	26.74	0.39	3.1	0.57	3.0	3.9	북서	314	8.0	1011.1	-	325	
2021-02-14 22:45:00	11.3	남남동	164	9.09	26.45	0.34	3.2	0.53	3.5	4.1	북서	312	7.9	1011.1	-	347	
2021-02-14 22:50:00	5.3	남남동	153	9.07	26.52	0.36	3.1	0.58	3.0	4.1	북서	321	8.0	1011.0	-	332	
2021-02-14 22:55:00	10.2	동	85	9.05	26.38	0.36	3.1	0.48	3.0	4.5	북서	321	7.9	1010.9	-	352	
2021-02-14 23:00:00	7.1	남남서	208	9.01	26.51	0.34	3.2	0.48	3.0	4.4	북서	320	8.0	1010.9	-	299	
2021-02-14 23:05:00	13.1	남남서	202	8.99	26.31	0.34	3.2	0.52	3.0	4.0	북북서	328	8.0	1011.0	-	24	
2021-02-14 23:10:00	9.2	남남동	169	8.99	26.62	0.36	3.1	0.50	3.0	4.4	북북서	331	8.0	1011.0	-	330	
2021-02-14 23:15:00	7.1	남	173	9.23	26.90	0.34	3.3	0.47	3.5	4.6	북북서	330	8.0	1010.9	-	326	
2021-02-14 23:20:00	3.1	서북서	293	9.44	26.93	0.36	3.2	0.58	3.0	5.1	북북서	334	8.0	1010.9	-	330	
2021-02-14 23:25:00	9.2	남서	225	9.50	26.77	0.35	3.0	0.50	3.0	5.1	북북서	329	8.0	1010.8	-	340	
2021-02-14 23:30:00	11.6	북서	308	9.51	26.59	0.38	3.2	0.51	3.0	5.1	북북서	334	8.1	1010.7	-	1	
2021-02-14 23:35:00	4.4	서북서	285	9.51	26.53	0.35	3.4	0.62	4.0	5.2	북북서	330	8.0	1010.6	-	335	
2021-02-14 23:40:00	1.5	남동	127	9.50	26.80	0.40	3.1	0.71	3.0	5.5	북북서	336	8.0	1010.5	-	77	
2021-02-14 23:45:00	7.4	남남서	213	9.49	26.76	0.40	3.3	0.59	4.5	5.7	북북서	332	8.0	1010.4	-	338	
2021-02-14 23:50:00	15.9	서	278	9.49	26.68	0.35	3.3	0.45	3.0	5.7	북북서	334	8.0	1010.4	-	3	
2021-02-14 23:55:00	0.3	북동	43	9.49	26.66	0.40	3.1	0.81	3.0	5.3	북북서	329	8.1	1010.5	-	337	
2021-02-15 00:00:00	7.3	남서	217	9.49	26.28	0.40	3.2	0.53	3.0	5.5	북북서	331	8.0	1010.4	-	343	
2021-02-15 00:05:00	21.4	북서	322	9.49	26.96	0.37	3.2	0.54	3.0	5.9	북북서	332	8.0	1010.3	-	338	
2021-02-15 00:10:00	2.0	남남서	198	9.50	28.12	0.41	3.1	0.57	3.5	5.8	북북서	340	7.9	1010.3	-	310	
2021-02-15 00:15:00	20.0	남남서	202	9.52	26.78	0.44	3.1	0.64	3.0	6.2	북북서	339	7.8	1010.3	-	322	
2021-02-15 00:20:00	15.2	서	278	9.51	26.77	0.43	3.0	0.72	3.0	5.7	북북서	338	7.9	1010.3	-	331	
2021-02-15 00:25:00	10.3	서	266	9.51	26.76	0.41	3.2	0.57	3.0	5.6	북북서	336	8.0	1010.3	-	291	
2021-02-15 00:30:00	7.8	서남서	253	9.49	26.83	0.44	3.2	0.64	4.0	5.8	북북서	338	8.0	1010.3	-	7	
2021-02-15 00:35:00	1.8	서	262	9.48	26.87	0.44	3.0	0.69	3.0	5.9	북북서	336	7.9	1010.3	-	330	
2021-02-15 00:40:00	5.3	서	263	9.48	26.81	0.41	2.9	0.64	3.0	6.1	북북서	333	7.9	1010.3	-	357	
2021-02-15 00:45:00	4.8	서	267	9.46	26.84	0.39	3.1	0.58	3.0	5.9	북북서	338	7.9	1010.2	-	348	
2021-02-15 00:50:00	12.9	남서	227	9.45	26.77	0.42	3.2	0.69	3.5	5.9	북북서	348	7.9	1010.2	-	342	
2021-02-15 00:55:00	4.7	북서	323	9.46	27.07	0.45	3.2	0.66	3.5	6.2	북북서	340	7.9	1010.1	-	350	
2021-02-15 01:00:00	2.6	서남서	249	9.48	26.91	0.48	3.3	0.68	3.0	6.6	북북서	341	7.9	1010.1	-	326	
2021-02-15 01:05:00	7.5	서	267	9.46	26.60	0.40	3.1	0.61	3.0	6.3	북북서	339	7.9	1010.1	-	329	
2021-02-15 01:10:00	2.3	서남서	237	9.45	26.61	0.45	3.0	0.66	3.0	6.8	북북서	339	7.9	1010.0	-	341	
2021-02-15 01:15:00	2.6	북서	310	9.44	26.86	0.47	3.2	0.85	3.5	6.9	북북서	341	7.8	1009.8	-	11	
2021-02-15 01:20:00	0.6	남남서	203	9.42	27.15	0.45	3.2	0.66	3.0	6.6	북북서	340	7.7	1009.8	-	351	
2021-02-15 01:25:00	1.2	동북동	64	9.40	26.48	0.51	3.1	0.68	3.5	6.6	북북서	336	7.7	1009.7	-	352	
2021-02-15 01:30:00	3.9	남서	229	9.40	26.49	0.47	3.1	0.70	3.5	7.2	북북서	341	7.7	1009.6	-	354	
2021-02-15 01:35:00	3.4	남서	215	9.41	26.29	0.47	3.1	0.71	3.0	7.1	북북서	341	7.6	1009.5	-	341	
2021-02-15 01:40:00	3.9	남남동	161	9.39	26.55	0.45	3.0	0.61	3.0	7.2	북북서	343	7.5	1009.6	-	341	
2021-02-15 01:45:00	4.9	동북동	67	9.38	26.89	0.53	3.2	0.84	3.5	6.1	북북서	340	7.5	1009.6	-	162	
2021-02-15 01:50:00	3.6	남동	141	9.40	26.63	0.49	3.3	0.85	3.5	6.1	북북서	340	7.4	1009.6	-	13	
2021-02-15 01:55:00	3.2	남동	137	9.39	26.88	0.50	3.1	0.70	3.5	5.6	북북서	333	7.4	1009.7	-	330	
2021-02-15 02:00:00	3.9	남	184	9.39	26.37	0.49	3.2	0.67	3.0	5.3	북북서	338	7.5	1009.7	-	354	
2021-02-15 02:05:00	9.5	남동	138	9.40	26.33	0.49	3.2	0.65	3.5	5.9	북북서	336	7.4	1009.6	-	323	
2021-02-15 02:10:00	3.2	동북동	57	9.39	26.36	0.50	3.3	0.78	3.5	5.9	북북서	337	7.4	1009.4	-	209	
2021-02-15 02:15:00	2.5	남남동	163	9.38	26.36	0.51	3.4	0.71	3.5	5.6	북북서	337	7.4	1009.3	-	97	
2021-02-15 02:20:00	8.8	남남동	162	9.39	26.89	0.51	3.3	0.70	3.5	5.7	북북서	339	7.3	1009.2	-	141	
2021-02-15 02:25:00	10.9	남남동	154	9.39	26.91	0.50	3.1	0.71	3.0	5.0	북북서	339	7.3	1009.3	-	336	
2021-02-15 02:30:00	8.0	남남동	159	9.39	27.07	0.46	3.4	0.63	3.0	5.5	북북서	337	7.3	1009.2	-	193	
2021-02-15 02:35:00	9.4	남서	220	9.38	26.75	0.51	3.2	0.79	3.5	5.3	북북서	344	7.3	1009.2	-	106	
2021-02-15 02:40:00	10.3	남남동	150	9.38	26.75	0.52	3.4	0.76	3.0	4.9	북북서	347	7.2	1009.1	-	252	
2021-02-15 02:45:00	14.6	남남동	156	9.39	27.40	0.53	3.4	0.78	3.5	5.5	북북서	340	7.2	1009.0	-	23	
2021-02-15 02:50:00	7.8	남동	133	9.40	26.66	0.52	3.4	0.67	3.5	5.0	북북서	335	7.1	1008.9	-	149	
2021-02-15 02:55:00	11.0	동남동	107	9.41	26.95	0.51	3.3	0.78	3.5	5.4	북북서	333	7.1	1008.8	-	330	
2021-02-15 03:00:00	12.3	남동	127	9.44	27.93	0.52	3.4	0.75	3.0	4.7	북북서	337	7.1	1008.7	-	180	
2021-02-15 03:05:00	7.0	남동	130	9.44	26.68	0.51	3.3	0.88	3.5	5.1	북북서	336	7.1	1008.6	-	4	
2021-02-15 03:10:00	13.5	남동	143	9.46	26.66	0.55	3.4	0.71	3.5	4.8	북북서	345	7.1	1008.4	-	18	
2021-02-15 03:15:00	10.7	남동	124	9.47	26.63	0.48	3.5	0.63	3.0	5.3	북북서	334	7.1	1008.3	-	150	
2021-02-15 03:20:00	17.6	남남동	153	9.48	26.69	0.53	3.5	0.77	3.5	5.2	북북서	337	7.0	1008.2	-	178	
2021-02-15 03:25:00	25.0	남동	129	9.49	26.78	0.57	3.7	0.94	3.5	4.9	북북서	338	7.0	1008.1	-	155	
2021-02-15 03:30:00	25.2	남남동	151	9.50	27.27	0.51	3.6	0.83	3.5	4.7	북북서	340	7.0	1008.0	-	80	
2021-02-15 03:35:00	13.5	동남동	122	9.49	26.85	0.52	3.4	0.71	3.5	4.3	북북서	344	7.0	1008.0	-	351	
2021-02-15 03:40:00	14.8	남동	146	9.48	26.81	0.49	3.3	0.69	3.5	5.0	북북서	334	7.0	1007.9	-	348	
2021-02-15 03:45:00	1.8	남	183	9.40	26.72	0.56	3.5	0.76	3.5	4.5	북북서	338	7.0	1007.8	-	187	
2021-02-15 03:50:00	15.3	남남동	155	9.41	27.91	0.49	3.4	0.77	3.5	4.8	북북서	337	6.9	1007.7	-	160	
2021-02-15 03:55:00	20.2	남동	133	9.45	26.88	0.55	3.7	0.76	3.5	4.8	북북서	333	7.0	1007.6	-	197	
2021-02-15 04:00:00	6.9	남동	139	9.50	27.69	0.48	3.4	0.76	3.0	4.9	북북서	344	7.0	1007.4	-	263	
2021-02-15 04:05:00	9.8	남동	124	9.52	26.52	0.49	3.5	0.68	3.0	4.8	북	352	6.9	1007.3	-	218	
2021-02-15 04:10:00	12.3	동남동	110	9.55	27.62	0.48	3.4	0.66	3.5	4.2	북	352	6.9	1007.2	-	161	
2021-02-15 04:15:00	15.2	남	169	9.57	26.62	0.43	3.5	0.56	3.0	4.0	북북서	337	7.0	1007.2	-	282	
2021-02-15 04:20:00	10.8	동남동	115	9.59	26.66	0.52	3.5	0.94	3.0	4.0	북	349	6.9	1007.1	-	344	
2021-02-15 04:25:00	7.2	동남동	101	9.60	26.61	0.50	3.4	0.67	3.0	3.8	북북서	347	6.9	1007.0	-	143	
2021-02-15 04:30:00	7.7	동남동	120	9.60	26.75	0.53	3.4	0.76	3.0	3.6	북북서	341	6.9	1006.9	-	163	
2021-02-15 04:35:00	9.9	동남동	121	9.59	27.30	0.52	3.8	0.74	4.0	3.5	북북서	331	7.0	1006.7	-	200	
2021-02-15 04:40:00	10.5	동남동	115	9.56	26.49	0.52	3.9	0.84	4.5	3.1	북서	310	7.0	1006.6	-	158	
2021-02-15 04:45:00	19.8	북동	53	9.48	26.46	0.50	3.5	0.80	3.5	2.9	북서	309	6.9	1006.5	-	207	
2021-02-15 04:50:00	4.0	남	173	9.42	26.49	0.48	3.6	0.78	3.0	3.2	서북서	300	6.8	1006.4	-	181	
2021-02-15 04:55:00	14.2	동	90	9.42	26.50	0.45	3.6	0.76	3.5	3.1	서북서	296	6.7	1006.3	-	164	
2021-02-15 05:00:00	21.7	남남동	159	9.43	26.61	0.47	3.9	0.71	3.5	3.0	서북서	298	6.6	1006.2	-	200	
2021-02-15 05:05:00	8.2	서북서	287	9.43	26.62	0.44	3.6	0.74	3.5	2.6	서북서	301	6.6	1006.1	-	190	
2021-02-15 05:10:00	7.4	남남서	212	9.42	26.57	0.43	3.9	0.57	3.5	2.9	북서	313	6.6	1006.0	-	167	
2021-02-15 05:15:00	9.1	남	177	9.40	26.56	0.40	3.5	0.55	3.5	2.1	북서	319	6.5	1005.9	-	178	
2021-02-15 05:20:00	8.6	동	95	9.36	26.54	0.45	3.7	0.61	3.5	2.3	북서	312	6.5	1005.8	-	183	
2021-02-15 05:25:00	16.0	남남동	157	9.33	26.49	0.46	3.8	0.75	3.5	2.5	북서	311	6.5	1005.7	-	173	
2021-02-15 05:30:00	16.6	남	180	9.32	26.61	0.49	4.0	0.66	3.5	2.7	북서	306	6.5	1005.6	-	168	
2021-02-15 05:35:00	9.6	남	171	9.30	26.54	0.43	4.0	0.71	3.5	3.0	북서	315	6.5	1005.5	-	115	
2021-02-15 05:40:00	2.1	동	80	9.29	27.29	0.43	3.9	0.75	4.0	2.4	북서	311	6.5	1005.4	-	188	
2021-02-15 05:45:00	7.5	동북동	78	9.28	26.90	0.38	3.9	0.56	3.0	2.1	서북서	293	6.5	1005.3	-	334	
2021-02-15 05:50:00	17.9	남동	128	9.25	26.84	0.46	4.2	0.60	3.5	2.6	서북서	297	6.5	1005.4	-	231	
2021-02-15 05:55:00	13.8	남남서	197	9.19	26.79	0.45	4.0	0.81	4.0	2.9	서북서	292	6.4	1005.4	-	182	
2021-02-15 06:00:00	16.3	남	177	9.27	26.79	0.44	3.8	0.65	3.5	2.9	서북서	300	6.5	1005.3	-	181	
2021-02-15 06:05:00	6.3	남남동	168	9.30	26.69	0.41	4.0	0.63	3.5	2.6	서북서	301	6.4	1005.2	-	194	
2021-02-15 06:10:00	10.8	남남동	149	9.31	26.65	0.46	4.0	0.77	4.5	2.5	서북서	298	6.4	1005.1	-	195	
2021-02-15 06:15:00	20.1	남남동	162	9.34	26.69	0.36	4.1	0.52	4.5	2.5	서북서	300	6.4	1005.1	-	139	
2021-02-15 06:20:00	26.9	남남동	163	9.34	26.96	0.41	4.0	0.61	4.0	2.4	북서	314	6.4	1005.1	-	193	
2021-02-15 06:25:00	17.4	남남동	168	9.32	26.97	0.40	4.1	0.61	4.0	3.1	북서	306	6.4	1005.2	-	182	
2021-02-15 06:30:00	8.3	남남서	209	9.32	26.89	0.39	4.0	0.51	4.5	2.9	북서	305	6.5	1005.2	-	221	
2021-02-15 06:35:00	7.8	동남동	104	9.32	26.93	0.41	4.0	0.60	3.5	2.8	북서	310	6.5	1005.2	-	159	
2021-02-15 06:40:00	22.6	남동	142	9.33	26.68	0.38	3.8	0.58	4.0	2.2	북서	311	6.4	1005.0	-	179	
2021-02-15 06:45:00	15.4	남동	131	9.35	26.63	0.45	4.0	0.71	4.0	2.1	북서	309	6.4	1004.9	-	188	
2021-02-15 06:50:00	16.1	동남동	109	9.36	26.71	0.47	3.9	0.60	4.0	2.3	북서	314	6.4	1004.8	-	172	
2021-02-15 06:55:00	30.2	남남동	165	9.35	26.79	0.38	3.9	0.56	3.5	2.6	북서	313	6.4	1004.7	-	243	
2021-02-15 07:00:00	12.4	남남동	167	9.31	26.76	0.41	3.9	0.64	4.0	3.1	북서	325	6.4	1004.6	-	208	
2021-02-15 07:05:00	8.6	동남동	106	9.36	26.87	0.41	3.9	0.60	3.5	3.1	북북서	336	6.5	1004.6	-	194	
2021-02-15 07:10:00	16.8	남	174	9.38	26.63	0.40	4.0	0.58	4.5	3.2	북북서	334	6.7	1004.6	-	14	
2021-02-15 07:15:00	13.1	남	169	9.43	26.35	0.39	3.8	0.68	3.5	3.1	북북서	334	6.6	1004.5	-	194	
2021-02-15 07:20:00	4.4	동북동	69	9.44	26.81	0.35	4.0	0.57	4.0	2.8	북북서	337	6.7	1004.5	-	45	
2021-02-15 07:25:00	8.9	남	173	9.44	26.90	0.44	4.1	0.63	4.0	2.9	북북서	339	6.7	1004.5	-	216	
2021-02-15 07:30:00	8.5	남동	146	9.42	26.33	0.36	4.3	0.62	4.0	2.6	북북서	329	6.8	1004.5	-	265	
2021-02-15 07:35:00	6.5	남	172	9.48	26.33	0.35	4.0	0.41	5.0	2.5	북북서	335	6.8	1004.4	-	209	
2021-02-15 07:40:00	8.0	남	183	9.48	26.31	0.42	4.1	0.60	3.0	3.2	북북서	327	6.9	1004.4	-	93	
2021-02-15 07:45:00	9.9	북서	324	9.48	26.31	0.41	3.9	0.61	4.5	3.5	북북서	339	6.9	1004.4	-	12	
2021-02-15 07:50:00	4.9	남동	131	9.45	25.81	0.36	3.9	0.56	3.5	3.1	북북서	340	7.0	1004.5	-	254	
2021-02-15 07:55:00	6.7	동북동	57	9.44	26.40	0.39	4.2	0.60	3.5	2.6	북	351	7.0	1004.5	-	8	
2021-02-15 08:00:00	4.2	남남서	192	9.45	26.36	0.33	3.7	0.50	3.5	2.5	북	355	7.1	1004.4	-	117	
2021-02-15 08:05:00	14.2	남서	220	9.45	26.48	0.43	4.1	0.63	4.5	2.6	북	5	7.2	1004.3	-	201	
2021-02-15 08:10:00	1.8	북북동	28	9.45	26.27	0.36	3.9	0.56	4.0	2.1	북	351	7.2	1004.2	-	212	
2021-02-15 08:15:00	10.1	동남동	107	9.46	26.57	0.35	4.0	0.47	3.5	1.3	북	354	7.2	1004.1	-	197	
2021-02-15 08:20:00	5.3	동북동	78	9.47	26.44	0.42	4.4	0.65	4.0	1.5	북	10	7.0	1004.1	-	14	
2021-02-15 08:25:00	14.3	북동	51	9.49	26.53	0.35	4.2	0.51	4.5	2.1	북북동	22	7.2	1004.0	-	357	
2021-02-15 08:30:00	35.9	남동	136	9.53	26.72	0.42	4.1	0.66	4.5	2.2	북동	36	7.4	1003.9	-	153	
2021-02-15 08:35:00	34.8	남동	127	9.55	26.44	0.43	4.2	0.66	4.0	1.5	북동	50	7.6	1003.7	-	301	
2021-02-15 08:40:00	14.4	동남동	103	9.56	26.48	0.47	4.2	0.68	4.0	1.3	동	84	7.7	1003.5	-	346	
2021-02-15 08:45:00	29.1	동북동	79	9.60	26.40	0.33	4.0	0.44	5.0	0.4	남	189	7.9	1003.6	-	29	
2021-02-15 08:50:00	3.2	동	89	9.64	25.98	0.40	4.2	0.68	4.5	1.0	북북서	333	8.3	1003.7	-	167	
2021-02-15 08:55:00	5.6	북	6	9.66	26.02	0.39	4.4	0.57	4.0	1.3	서북서	287	8.1	1003.7	-	66	
2021-02-15 09:00:00	12.5	동	93	9.67	26.44	0.45	4.5	0.65	4.0	1.6	서북서	297	8.3	1003.7	-	12	
2021-02-15 09:05:00	73.5	동남동	103	9.69	26.51	0.34	4.2	0.56	4.0	2.1	서북서	292	8.3	1003.8	-	32	
2021-02-15 09:10:00	25.9	동북동	72	9.68	26.52	0.41	4.4	0.59	4.0	2.3	서	280	8.5	1003.6	-	1	
2021-02-15 09:15:00	24.7	동남동	111	9.67	26.65	0.41	4.2	0.70	4.5	1.9	서북서	287	8.5	1003.5	-	198	
2021-02-15 09:20:00	20.7	동	91	9.67	26.71	0.39	4.1	0.55	4.5	2.6	서북서	295	8.6	1003.5	-	191	
2021-02-15 09:25:00	6.7	북북동	31	9.69	26.56	0.45	4.2	0.67	4.0	1.9	북서	323	8.6	1003.4	-	281	
2021-02-15 09:30:00	19.8	동남동	116	9.70	26.56	0.41	4.3	0.62	4.5	2.3	서북서	295	8.8	1003.6	-	357	
2021-02-15 09:35:00	48.0	동남동	102	9.71	26.56	0.41	4.4	0.57	4.5	1.1	북서	317	8.8	1003.6	-	17	
2021-02-15 09:40:00	22.5	동	80	9.72	26.48	0.43	4.3	0.55	4.0	1.0	북북서	336	8.9	1003.5	-	137	
2021-02-15 09:45:00	15.0	북동	40	9.72	26.58	0.45	4.2	0.61	4.5	1.0	북서	315	8.9	1003.5	-	79	
2021-02-15 09:50:00	9.4	동남동	117	9.73	26.45	0.46	4.4	0.63	4.5	1.8	서	265	9.0	1003.4	-	160	
2021-02-15 09:55:00	12.8	동	87	9.73	26.53	0.44	4.2	0.70	4.5	1.4	북북서	337	9.1	1003.3	-	6	
2021-02-15 10:00:00	8.2	동	93	9.74	26.55	0.44	4.4	0.68	4.0	1.7	북	351	9.0	1003.4	-	180	
2021-02-15 10:05:00	8.2	서	272	9.74	26.61	0.39	4.0	0.60	4.5	0.1	서	277	9.1	1003.3	-	8	
2021-02-15 10:10:00	9.6	북	349	9.74	26.53	0.42	4.2	0.64	4.5	1.2	북	4	9.2	1003.1	-	338	
2021-02-15 10:15:00	8.3	동남동	111	9.74	26.61	0.41	4.1	0.55	4.5	1.9	서	278	9.1	1003.0	-	228	
2021-02-15 10:20:00	6.9	남서	236	9.74	26.51	0.43	4.3	0.74	4.5	1.4	서	277	9.4	1002.9	-	89	
2021-02-15 10:25:00	1.8	북서	317	9.74	26.57	0.41	4.2	0.58	4.0	1.9	서	272	9.4	1002.8	-	224	
2021-02-15 10:30:00	6.7	북동	47	9.74	26.52	0.43	4.2	0.76	4.0	2.9	서남서	249	9.7	1002.5	-	2	
2021-02-15 10:35:00	4.8	남동	139	9.74	26.55	0.40	4.3	0.49	3.0	2.2	서	281	9.9	1002.4	-	31	
2021-02-15 10:40:00	8.6	남동	132	9.75	26.54	0.49	4.2	0.65	4.0	4.9	서남서	245	9.7	1002.3	-	213	
2021-02-15 10:45:00	0.5	남	173	9.75	26.49	0.43	4.4	0.58	4.5	4.9	남서	232	9.6	1002.1	-	180	
2021-02-15 10:50:00	8.6	동남동	122	9.75	26.50	0.48	4.2	0.66	4.5	6.1	남서	232	9.5	1002.0	-	9	
2021-02-15 10:55:00	5.8	남	182	9.76	26.45	0.45	4.5	0.74	4.0	7.4	남서	225	9.1	1001.8	-	238	
2021-02-15 11:00:00	12.2	남	178	9.78	26.34	0.45	4.5	0.67	4.0	8.5	남서	222	9.0	1001.8	-	218	
2021-02-15 11:05:00	5.9	남남동	155	9.78	26.48	0.48	4.5	0.82	4.0	8.7	남서	223	9.0	1001.8	-	200	
2021-02-15 11:10:00	7.8	남남동	161	9.77	26.48	0.50	4.1	0.73	4.0	8.7	남서	222	9.0	1001.8	-	354	
2021-02-15 11:15:00	5.1	동	83	9.77	26.52	0.50	4.7	0.64	4.5	8.0	남서	224	9.0	1001.8	-	352	
2021-02-15 11:20:00	4.5	동북동	72	9.76	26.51	0.48	4.5	0.79	4.5	8.2	남서	230	8.9	1001.9	-	71	
2021-02-15 11:25:00	8.7	남남동	154	9.76	26.49	0.42	4.6	0.74	4.5	7.0	서남서	238	8.9	1002.0	-	312	
2021-02-15 11:30:00	4.9	남남동	157	9.75	26.51	0.52	4.5	0.75	4.5	5.6	남서	235	8.9	1001.9	-	333	
2021-02-15 11:35:00	14.3	남서	225	9.75	26.67	0.43	4.5	0.56	4.5	6.9	남서	226	9.1	1001.8	-	338	
2021-02-15 11:40:00	0.9	북서	322	9.75	26.56	0.46	4.7	0.61	5.0	6.7	남서	222	9.0	1001.7	-	359	
2021-02-15 11:45:00	4.4	남남동	153	9.76	26.62	0.50	4.3	0.76	4.5	5.6	남서	225	9.2	1001.5	-	28	
2021-02-15 11:50:00	1.5	북서	306	9.76	26.57	0.44	4.5	0.68	4.5	5.5	남남서	213	9.1	1001.3	-	3	
2021-02-15 11:55:00	8.0	남	190	9.78	26.60	0.50	4.7	0.73	4.5	4.7	남서	230	9.3	1001.3	-	28	
2021-02-15 12:00:00	2.9	남남서	213	9.78	26.37	0.51	5.1	0.79	4.5	4.6	남서	227	9.4	1001.2	-	358	
2021-02-15 12:05:00	3.2	남남동	161	9.79	26.33	0.53	4.8	0.76	4.0	7.8	서	259	9.5	1001.1	-	227	
2021-02-15 12:10:00	4.7	남서	226	9.79	26.47	0.51	5.0	0.75	5.5	8.1	서남서	252	9.7	1001.0	-	0	
2021-02-15 12:15:00	6.4	남동	125	9.78	26.58	0.50	4.5	0.85	4.0	10.6	서남서	250	9.7	1000.8	-	187	
2021-02-15 12:20:00	7.9	남동	140	9.78	26.49	0.54	5.0	0.78	5.0	7.8	서	266	9.6	1001.0	-	6	
2021-02-15 12:25:00	9.7	남남동	159	9.79	26.49	0.55	5.2	0.85	4.5	7.0	서	267	9.6	1000.9	-	345	
2021-02-15 12:30:00	5.7	남동	139	9.79	26.53	0.55	4.8	0.81	4.5	7.8	서남서	243	9.5	1000.9	-	354	
2021-02-15 12:35:00	5.8	남남동	167	9.81	26.55	0.61	4.8	1.03	4.5	10.3	남서	231	9.1	1000.7	-	351	
2021-02-15 12:40:00	8.7	남	169	9.82	26.46	0.64	5.0	0.98	5.0	11.3	서남서	238	8.6	1000.7	-	328	
2021-02-15 12:45:00	5.5	동북동	58	9.82	26.57	0.62	4.9	0.99	5.0	11.4	서남서	244	8.3	1000.8	-	350	
2021-02-15 12:50:00	11.6	남남동	158	9.82	26.50	0.59	4.6	0.73	4.5	9.3	서남서	251	8.2	1001.0	-	340	
2021-02-15 12:55:00	11.8	동남동	122	9.81	26.50	0.57	5.0	0.79	5.5	10.0	서남서	257	8.2	1000.8	-	351	
2021-02-15 13:00:00	8.5	동남동	116	9.80	26.56	0.54	5.0	0.67	5.0	10.6	서	260	8.1	1000.8	-	354	
2021-02-15 13:05:00	10.3	남동	140	9.78	26.21	0.55	4.8	0.95	4.5	10.9	서남서	258	8.2	1000.9	-	11	
2021-02-15 13:10:00	10.4	남동	134	9.76	27.09	0.58	5.5	0.89	5.5	11.3	서남서	254	8.2	1000.8	-	349	
2021-02-15 13:15:00	14.2	남	175	9.72	26.86	0.68	5.1	1.27	5.0	11.4	서남서	257	8.1	1000.8	-	340	
2021-02-15 13:20:00	10.8	남동	133	9.75	26.81	0.47	4.8	0.70	5.5	13.6	서남서	252	8.2	1000.7	-	356	
2021-02-15 13:25:00	10.3	동	99	9.73	26.78	0.60	4.9	0.87	5.0	12.8	서남서	257	8.0	1000.8	-	42	
2021-02-15 13:30:00	10.2	남동	132	9.71	26.39	0.50	4.5	0.71	5.0	11.3	서남서	240	7.9	1000.8	-	358	
2021-02-15 13:35:00	15.9	남남동	160	9.70	26.35	0.57	4.6	0.71	5.0	10.9	서남서	241	7.7	1000.8	-	7	
2021-02-15 13:40:00	12.4	남동	130	9.70	26.49	0.52	5.1	0.63	5.5	10.8	서남서	243	7.5	1000.9	-	6	
2021-02-15 13:45:00	14.1	남동	124	9.67	26.60	0.60	5.2	0.80	6.0	11.0	서남서	245	7.3	1000.9	-	352	
2021-02-15 13:50:00	9.2	남동	124	9.68	26.62	0.53	5.3	0.65	5.0	9.9	서남서	254	7.7	1000.9	-	338	
2021-02-15 13:55:00	11.1	남동	134	9.66	26.53	0.48	5.5	0.63	5.5	10.2	서	261	7.7	1000.9	-	355	
2021-02-15 14:00:00	14.0	남동	124	9.65	26.24	0.51	5.1	0.60	5.0	12.2	서남서	258	7.4	1001.0	-	18	
2021-02-15 14:05:00	10.5	동남동	116	9.65	27.17	0.60	5.1	0.89	5.5	13.7	서남서	254	7.3	1000.9	-	346	
2021-02-15 14:10:00	8.8	남동	139	9.63	26.30	0.58	4.4	0.93	5.5	11.2	서	262	7.3	1001.1	-	350	
2021-02-15 14:15:00	13.4	남동	131	9.62	26.26	0.59	4.6	0.78	4.5	11.5	서남서	253	7.2	1001.2	-	344	
2021-02-15 14:20:00	15.9	동남동	120	9.60	26.06	0.64	4.6	0.89	5.0	10.2	서	266	7.2	1001.2	-	20	
2021-02-15 14:25:00	12.9	남동	138	9.59	26.09	0.65	4.8	0.87	5.5	10.2	서남서	250	7.1	1001.2	-	354	
2021-02-15 14:30:00	13.1	동	91	9.59	26.01	0.50	4.2	0.67	3.5	9.7	서	259	7.0	1001.2	-	1	
2021-02-15 14:35:00	11.2	동남동	123	9.57	26.02	0.65	4.5	0.91	6.0	9.8	서	261	7.0	1001.3	-	349	
2021-02-15 14:40:00	16.7	동남동	116	9.52	26.00	0.65	4.3	0.80	4.5	13.2	서	276	6.7	1001.2	-	334	
2021-02-15 14:45:00	19.3	동남동	119	9.54	26.02	0.64	4.6	0.91	5.0	10.1	서	276	6.7	1001.6	-	181	
2021-02-15 14:50:00	13.8	남동	126	9.56	25.75	0.63	4.3	1.00	4.0	12.3	서	259	6.4	1001.7	-	353	
2021-02-15 14:55:00	16.6	남동	125	9.52	26.07	0.69	4.2	1.01	5.0	12.6	서남서	247	6.2	1001.8	-	331	
2021-02-15 15:00:00	18.2	동남동	121	9.48	26.26	0.66	4.3	1.00	4.5	8.6	서	263	6.2	1002.0	-	135	
2021-02-15 15:05:00	16.1	동남동	122	9.47	26.08	0.56	3.9	1.00	3.5	9.5	서	259	6.3	1002.1	-	348	
2021-02-15 15:10:00	16.4	남동	133	9.46	26.05	0.64	4.5	0.81	4.5	11.0	서남서	253	6.1	1002.0	-	356	
2021-02-15 15:15:00	18.4	동남동	117	9.44	27.02	0.56	4.2	0.78	3.0	8.2	서	260	6.2	1002.2	-	150	
2021-02-15 15:20:00	16.5	동남동	121	9.41	26.32	0.59	4.7	0.73	4.0	8.4	서남서	258	6.2	1002.2	-	359	
2021-02-15 15:25:00	12.6	동남동	122	9.38	26.31	0.63	4.4	0.91	3.5	10.3	서남서	258	6.0	1002.0	-	19	
2021-02-15 15:30:00	14.6	동남동	118	9.36	26.28	0.70	4.8	0.95	5.5	10.8	서	272	5.9	1002.1	-	329	
2021-02-15 15:35:00	16.9	동남동	120	9.34	26.30	0.57	3.9	0.77	3.5	9.9	서	260	5.8	1002.0	-	150	
2021-02-15 15:40:00	12.8	동남동	122	9.32	27.43	0.55	4.3	0.75	5.0	12.0	서남서	258	5.8	1001.8	-	15	
2021-02-15 15:45:00	19.9	동남동	121	9.30	26.25	0.62	3.8	0.99	3.5	13.2	서남서	245	5.6	1001.6	-	186	
2021-02-15 15:50:00	15.7	동남동	121	9.29	26.13	0.54	3.7	0.82	3.5	12.1	서	262	5.8	1001.6	-	211	
2021-02-15 15:55:00	15.3	동남동	112	9.28	26.36	0.60	4.1	0.78	4.5	14.7	서남서	250	5.7	1001.3	-	346	
2021-02-15 16:00:00	20.7	동	98	9.28	27.02	0.64	4.0	0.93	3.5	14.5	서남서	252	5.3	1001.2	-	186	
2021-02-15 16:05:00	21.2	동남동	107	9.27	26.03	0.65	3.3	1.05	3.5	14.1	서남서	247	5.3	1001.2	-	249	
2021-02-15 16:10:00	18.5	동남동	116	9.25	25.87	0.63	3.5	0.95	3.0	14.5	서남서	251	5.3	1001.3	-	233	
2021-02-15 16:15:00	20.0	동남동	118	9.25	25.81	0.64	3.6	0.88	4.5	14.6	서남서	249	5.3	1001.2	-	285	
2021-02-15 16:20:00	14.7	동남동	105	9.21	25.79	0.71	3.3	1.07	3.0	14.9	서남서	251	5.2	1001.3	-	304	
2021-02-15 16:25:00	17.0	동남동	123	9.20	26.08	0.72	3.3	1.06	3.0	13.7	서남서	254	5.1	1001.6	-	248	
2021-02-15 16:30:00	20.7	동남동	116	9.17	25.73	0.62	3.6	0.89	5.0	13.9	서	260	4.9	1001.6	-	285	
2021-02-15 16:35:00	21.1	동남동	110	9.13	25.72	0.65	3.6	1.00	4.5	13.2	서남서	257	5.0	1001.8	-	350	
2021-02-15 16:40:00	15.7	동남동	117	9.09	25.73	0.65	3.8	1.00	5.0	12.3	서	263	4.9	1001.9	-	171	
2021-02-15 16:45:00	17.5	동남동	122	9.05	25.68	0.61	3.5	0.89	3.5	10.1	서남서	258	4.9	1002.2	-	265	
2021-02-15 16:50:00	18.6	동남동	114	9.02	26.27	0.58	3.8	0.79	5.0	10.5	서	262	4.9	1002.2	-	352	
2021-02-15 16:55:00	17.5	동남동	116	9.00	25.89	0.59	3.9	0.83	5.0	10.9	서	265	4.8	1002.5	-	166	
2021-02-15 17:00:00	15.5	남동	131	8.98	25.82	0.60	4.5	0.91	4.5	8.5	서	267	4.8	1002.8	-	1	
2021-02-15 17:05:00	16.5	남동	131	8.97	26.28	0.57	4.2	0.86	4.0	8.9	서	273	4.7	1002.9	-	175	
2021-02-15 17:10:00	20.2	동남동	117	8.99	26.98	0.61	4.2	0.87	4.5	8.2	서	271	4.6	1003.1	-	357	
2021-02-15 17:15:00	12.6	남동	130	8.98	26.25	0.53	3.9	0.83	4.5	7.4	서	274	4.5	1003.2	-	163	
2021-02-15 17:20:00	16.2	남동	127	8.96	26.04	0.61	3.7	0.87	3.5	7.6	서	270	4.5	1003.2	-	187	
2021-02-15 17:25:00	19.3	동남동	119	8.96	26.23	0.55	3.9	0.78	3.5	4.8	서	268	4.2	1003.5	-	181	
2021-02-15 17:30:00	19.2	남동	125	8.95	27.03	0.57	3.8	0.93	4.0	8.1	서	260	4.1	1003.3	-	157	
2021-02-15 17:35:00	19.6	동남동	114	9.00	26.22	0.53	3.9	0.76	4.0	6.5	서	260	4.2	1003.3	-	328	
2021-02-15 17:40:00	8.4	남동	143	9.00	26.06	0.56	4.1	0.87	4.5	4.6	서	278	4.0	1003.4	-	144	
2021-02-15 17:45:00	15.6	남동	127	9.05	25.96	0.55	3.7	1.00	4.0	5.8	서	267	3.9	1003.4	-	356	
2021-02-15 17:50:00	13.6	동남동	113	9.05	26.13	0.58	4.5	0.79	4.0	2.3	서	272	3.7	1003.5	-	3	
2021-02-15 17:55:00	19.3	남동	132	9.08	27.36	0.59	4.5	0.90	4.5	4.1	서	277	3.7	1003.6	-	350	
2021-02-15 18:00:00	18.1	남동	134	9.09	26.42	0.63	4.5	1.05	4.5	4.6	서남서	258	3.6	1003.7	-	5	
2021-02-15 18:05:00	20.0	남동	141	9.10	26.23	0.60	4.6	0.91	4.0	5.0	서	265	3.7	1003.8	-	351	
2021-02-15 18:10:00	18.1	남동	142	9.11	27.05	0.59	5.1	0.82	4.5	4.5	서	280	3.5	1004.1	-	347	
2021-02-15 18:15:00	20.0	남동	141	9.10	26.10	0.60	4.2	0.88	5.0	7.5	서	275	3.6	1004.2	-	359	
2021-02-15 18:20:00	18.3	남동	131	9.10	26.21	0.63	4.5	1.12	5.5	6.1	서	279	3.6	1004.4	-	2	
2021-02-15 18:25:00	14.6	남동	138	9.11	26.16	0.61	4.4	0.84	4.0	6.5	서	279	3.6	1004.6	-	344	
2021-02-15 18:30:00	14.5	남남동	147	9.10	26.00	0.65	4.5	0.85	6.0	6.2	서	272	3.5	1004.8	-	358	
2021-02-15 18:35:00	18.6	남동	139	9.10	25.92	0.70	4.8	0.98	4.0	5.9	서북서	282	3.4	1005.0	-	348	
2021-02-15 18:40:00	15.7	남동	141	9.09	26.72	0.71	4.9	0.97	6.0	7.8	서북서	287	3.3	1005.0	-	4	
2021-02-15 18:45:00	16.1	남동	142	9.09	26.38	0.63	4.2	0.90	4.5	7.6	서북서	285	3.2	1005.1	-	352	
2021-02-15 18:50:00	12.8	남남동	151	9.09	26.16	0.68	4.4	1.03	5.0	7.8	서북서	296	3.3	1005.2	-	351	
2021-02-15 18:55:00	14.0	남동	142	9.07	26.40	0.77	4.7	1.06	5.5	7.0	서북서	296	3.2	1005.2	-	285	
2021-02-15 19:00:00	16.9	남남동	149	9.04	26.28	0.82	4.6	1.28	4.0	8.4	서북서	284	3.2	1005.2	-	345	
2021-02-15 19:05:00	22.9	남동	140	9.05	26.67	0.76	4.6	0.85	4.5	9.7	서북서	294	3.2	1005.3	-	345	
2021-02-15 19:10:00	21.3	남동	137	9.04	26.39	0.74	4.4	1.17	5.5	8.6	서북서	291	3.2	1005.5	-	281	
2021-02-15 19:15:00	13.8	남동	142	9.03	26.45	0.74	4.6	0.90	5.5	8.2	서북서	290	3.1	1005.5	-	356	
2021-02-15 19:20:00	17.6	남동	141	9.05	26.49	0.77	4.5	1.06	5.5	8.6	서북서	284	3.0	1005.5	-	344	
2021-02-15 19:25:00	20.8	남동	142	9.03	26.09	0.81	4.5	1.11	6.0	7.9	서	280	3.0	1005.7	-	349	
2021-02-15 19:30:00	21.5	남남동	150	9.06	26.06	0.76	4.8	1.01	4.0	7.9	서	279	2.9	1005.8	-	328	
2021-02-15 19:35:00	16.4	남남동	150	9.04	25.99	0.71	4.6	0.95	5.0	6.9	서	278	2.8	1005.9	-	326	
2021-02-15 19:40:00	12.9	남남동	154	9.04	26.03	0.81	4.7	1.08	4.5	7.0	서	276	2.8	1005.9	-	337	
2021-02-15 19:45:00	15.7	남남동	155	9.07	26.47	0.80	4.6	1.15	5.5	8.1	서	272	2.6	1005.9	-	341	
2021-02-15 19:50:00	14.3	남남동	152	9.10	26.46	0.81	4.6	0.99	5.5	9.2	서	276	2.7	1005.9	-	339	
2021-02-15 19:55:00	21.2	남동	143	9.08	26.65	0.84	5.0	1.02	5.0	8.7	서	268	2.8	1006.0	-	358	
2021-02-15 20:00:00	18.5	남남동	148	9.11	26.27	0.79	5.0	1.09	6.5	8.0	서	278	2.7	1006.2	-	342	
2021-02-15 20:05:00	22.8	남동	142	9.10	26.16	0.88	4.8	1.35	4.5	7.2	서	275	2.6	1006.4	-	337	
2021-02-15 20:10:00	19.1	남남동	161	9.11	26.10	0.88	4.8	1.16	4.5	6.8	서	269	2.6	1006.5	-	348	
2021-02-15 20:15:00	9.2	남남동	164	9.12	26.51	0.76	4.6	1.25	4.0	5.6	서	279	2.4	1006.7	-	258	
2021-02-15 20:20:00	19.7	남동	142	9.13	26.74	0.91	5.1	1.47	5.0	6.3	서	276	2.5	1006.7	-	337	
2021-02-15 20:25:00	16.8	남남동	155	9.15	26.99	0.93	4.8	1.46	5.0	6.2	서	280	2.4	1007.0	-	329	
2021-02-15 20:30:00	14.7	남남동	160	9.16	26.52	0.86	4.7	1.15	5.0	7.0	서	281	2.4	1007.1	-	342	
2021-02-15 20:35:00	18.2	남남동	154	9.18	26.41	0.80	5.2	1.35	4.5	7.5	서북서	282	2.2	1007.3	-	337	
2021-02-15 20:40:00	21.2	남동	141	9.16	26.58	0.75	4.6	1.02	4.5	9.5	서북서	298	2.5	1007.4	-	317	
2021-02-15 20:45:00	15.5	남남동	150	9.18	26.53	0.79	4.6	1.21	5.0	9.1	서북서	299	2.3	1007.6	-	337	
2021-02-15 20:50:00	10.8	남남동	149	9.17	26.83	0.70	4.4	0.94	6.0	9.8	서북서	301	2.1	1007.5	-	336	
2021-02-15 20:55:00	18.2	남동	134	9.17	26.37	0.75	4.6	1.05	5.0	8.1	북서	306	1.9	1007.7	-	334	
2021-02-15 21:00:00	18.6	남동	143	9.17	26.28	0.86	4.9	1.17	5.5	9.1	북서	305	1.8	1007.7	-	345	
2021-02-15 21:05:00	16.3	남동	146	9.15	26.29	0.68	4.7	1.10	5.0	9.3	서북서	302	1.9	1007.7	-	155	
2021-02-15 21:10:00	24.0	남남동	147	9.13	26.36	0.80	4.8	1.14	5.0	9.5	북서	309	1.8	1007.9	-	346	
2021-02-15 21:15:00	18.8	남남동	154	9.12	26.65	0.84	4.6	1.30	5.5	8.1	북서	311	1.7	1008.0	-	313	
2021-02-15 21:20:00	21.7	남남동	148	9.11	26.89	0.81	5.0	1.19	7.0	7.5	서북서	300	1.8	1008.2	-	344	
2021-02-15 21:25:00	23.5	남남동	153	9.10	26.20	0.82	5.1	1.28	4.5	8.0	서북서	295	1.6	1008.1	-	351	
2021-02-15 21:30:00	19.6	남동	142	9.09	26.03	0.71	4.9	0.86	4.5	6.9	서	272	1.7	1008.1	-	344	
2021-02-15 21:35:00	24.7	남남동	149	9.09	26.43	0.72	5.6	0.87	4.5	5.8	서남서	256	1.4	1008.1	-	16	
2021-02-15 21:40:00	23.6	남남동	153	9.11	26.69	0.79	4.8	0.95	5.5	5.3	서	276	1.5	1008.3	-	234	
2021-02-15 21:45:00	27.1	남남동	148	9.11	27.17	0.76	5.1	1.04	5.0	6.5	서	270	1.3	1008.4	-	338	
2021-02-15 21:50:00	24.5	남남동	149	9.10	26.31	0.69	5.5	0.89	5.5	5.9	서남서	256	1.2	1008.5	-	1	
2021-02-15 21:55:00	19.9	남동	140	9.09	26.15	0.83	5.5	1.03	6.5	5.4	서	267	1.1	1008.6	-	16	
2021-02-15 22:00:00	22.2	남동	145	9.08	26.55	0.83	5.1	1.29	5.0	5.4	서	276	1.1	1008.6	-	328	
2021-02-15 22:05:00	16.2	남남동	148	9.06	26.45	0.86	5.4	1.27	4.0	5.7	서	263	1.1	1008.7	-	26	
2021-02-15 22:10:00	19.8	남남동	148	9.05	25.70	0.87	5.4	1.33	5.5	6.4	서	267	1.0	1008.8	-	345	
2021-02-15 22:15:00	14.5	남남동	153	9.03	26.93	0.87	5.7	1.15	6.0	6.2	서	265	1.1	1008.8	-	14	
2021-02-15 22:20:00	22.2	남동	145	9.02	26.46	0.98	5.7	1.36	5.5	6.7	서	272	1.1	1008.9	-	346	
2021-02-15 22:25:00	20.6	남남동	149	9.01	26.36	0.92	5.8	1.36	6.5	7.1	서	263	1.0	1009.0	-	9	
2021-02-15 22:30:00	20.5	남동	145	8.99	25.87	0.91	5.8	1.18	6.5	5.7	서	274	0.8	1009.2	-	341	
2021-02-15 22:35:00	17.8	남동	140	8.98	25.97	1.00	6.4	1.55	5.0	6.5	서	280	0.9	1009.4	-	120	
2021-02-15 22:40:00	20.5	남동	143	8.98	26.18	1.04	6.6	1.32	7.0	7.9	서	276	1.1	1009.3	-	7	
2021-02-15 22:45:00	21.3	남동	142	8.98	25.99	1.11	6.9	1.44	7.5	7.4	서	261	0.9	1009.4	-	20	
2021-02-15 22:50:00	16.7	남동	145	8.98	25.77	0.96	7.1	1.25	7.5	6.8	서	271	0.8	1009.5	-	14	
2021-02-15 22:55:00	19.8	남동	143	8.99	26.34	1.19	6.5	1.53	7.0	8.0	서	280	0.8	1009.5	-	11	
2021-02-15 23:00:00	22.9	남남동	148	8.99	26.30	1.17	7.2	1.31	8.5	10.1	서북서	291	1.1	1009.5	-	10	
2021-02-15 23:05:00	19.4	남동	132	8.97	26.31	1.24	6.8	1.52	5.5	10.1	서북서	286	0.9	1009.5	-	12	
2021-02-15 23:10:00	20.7	남남동	154	8.96	26.38	1.12	6.9	1.52	6.0	10.7	서	276	1.0	1009.5	-	9	
2021-02-15 23:15:00	20.3	남동	134	8.98	26.29	1.15	6.5	1.48	8.0	11.6	서	277	1.0	1009.7	-	20	
2021-02-15 23:20:00	18.6	남동	145	8.98	25.81	1.25	6.9	1.60	6.5	9.4	서	262	0.9	1009.7	-	10	
2021-02-15 23:25:00	19.1	남동	135	8.98	26.35	1.17	6.9	1.65	7.0	10.3	서	272	0.8	1009.9	-	2	
2021-02-15 23:30:00	25.1	남동	132	8.98	26.44	1.35	7.1	1.68	8.0	9.5	서북서	284	0.6	1010.0	-	24	
2021-02-15 23:35:00	20.4	남남동	149	8.98	26.26	1.51	7.9	1.87	7.5	9.2	서북서	286	0.7	1010.2	-	10	
2021-02-15 23:40:00	20.9	남남동	147	8.97	26.85	1.26	7.3	1.49	8.0	9.0	서	280	0.5	1010.3	-	19	
2021-02-15 23:45:00	21.0	남남동	147	8.98	26.35	1.66	7.8	2.10	6.5	10.5	서북서	292	0.7	1010.2	-	14	
2021-02-15 23:50:00	20.8	남동	143	8.95	26.04	1.52	8.4	2.38	9.0	11.7	서북서	300	0.7	1010.2	-	29	
2021-02-15 23:55:00	21.7	남동	131	8.95	25.98	1.54	8.0	1.91	9.0	13.1	서북서	302	0.7	1010.2	-	29	
2021-02-16 00:00:00	26.1	남동	137	8.94	25.84	1.45	8.5	1.82	7.5	11.8	서북서	295	0.7	1010.2	-	27	
2021-02-16 00:05:00	22.3	남동	141	8.91	26.54	1.68	8.4	1.99	9.0	12.5	서북서	301	0.5	1010.3	-	28	
2021-02-16 00:10:00	24.8	남동	145	8.89	27.35	1.41	8.2	2.12	7.5	10.9	서북서	294	0.5	1010.4	-	37	
2021-02-16 00:15:00	22.3	남동	138	8.88	26.26	1.35	8.1	1.62	8.5	11.6	서북서	291	0.5	1010.5	-	21	
2021-02-16 00:20:00	20.7	남동	137	8.89	25.99	1.57	8.8	1.99	9.5	11.0	서북서	285	0.3	1010.7	-	41	
2021-02-16 00:25:00	19.4	남동	140	8.88	25.88	1.40	8.4	1.93	7.0	12.0	서북서	295	0.4	1010.6	-	41	
2021-02-16 00:30:00	21.2	남동	134	8.87	26.66	1.55	8.8	2.00	8.0	11.1	서북서	292	0.4	1010.6	-	17	
2021-02-16 00:35:00	18.5	남동	137	8.86	25.59	1.40	7.9	1.61	8.0	12.1	서북서	298	0.4	1010.7	-	30	
2021-02-16 00:40:00	22.7	남동	135	8.84	26.47	1.97	8.7	2.18	9.0	11.2	서북서	300	0.2	1010.8	-	34	
2021-02-16 00:45:00	19.7	남동	141	8.82	26.85	1.64	8.8	2.62	8.5	12.1	서북서	301	0.1	1010.8	-	34	
2021-02-16 00:50:00	21.1	남동	126	8.81	25.92	1.97	8.9	2.18	7.0	13.3	북서	305	0.3	1010.9	-	29	
2021-02-16 00:55:00	20.5	남동	144	8.80	25.71	1.89	9.0	2.57	7.5	12.1	북서	305	0.3	1011.0	-	23	
2021-02-16 01:00:00	20.1	남동	128	8.81	26.33	1.61	9.1	1.83	8.0	11.6	서북서	297	0.2	1011.0	-	23	
2021-02-16 01:05:00	18.8	남동	143	8.80	26.31	1.66	9.0	2.12	10.0	11.9	서북서	296	0.1	1011.0	-	28	
2021-02-16 01:10:00	23.0	남동	146	8.80	26.24	1.81	9.5	2.67	9.0	12.4	서북서	300	0.2	1011.1	-	43	
2021-02-16 01:15:00	22.9	남동	134	8.82	26.26	1.51	9.3	2.13	9.0	12.7	북서	305	0.2	1011.1	-	33	
2021-02-16 01:20:00	25.1	남동	130	8.81	26.29	1.59	8.2	2.06	7.0	13.1	북서	308	0.1	1011.1	-	51	
2021-02-16 01:25:00	21.7	남남동	149	8.81	26.37	1.70	9.9	2.18	10.5	13.6	북서	305	0.2	1011.1	-	41	
2021-02-16 01:30:00	17.2	남동	143	8.80	25.65	2.13	9.2	2.99	10.0	13.4	서북서	297	0.0	1011.2	-	29	
2021-02-16 01:35:00	17.3	남동	141	8.77	26.21	2.18	9.2	2.62	9.0	12.2	서북서	289	-0.1	1011.5	-	24	
2021-02-16 01:40:00	20.5	동남동	122	8.75	26.06	1.75	9.1	2.33	11.0	11.7	서북서	284	-0.3	1011.5	-	15	
2021-02-16 01:45:00	17.4	남동	146	8.76	25.84	1.61	9.5	1.86	8.5	10.8	서북서	291	-0.3	1011.9	-	15	
2021-02-16 01:50:00	16.6	남동	129	8.76	26.25	1.79	9.1	2.13	8.5	11.7	서	279	-0.3	1011.9	-	27	
2021-02-16 01:55:00	19.3	남동	135	8.75	26.33	1.92	8.6	2.41	9.5	11.5	서북서	288	-0.4	1011.9	-	27	
2021-02-16 02:00:00	22.7	남동	136	8.77	26.07	1.91	10.0	2.35	11.0	13.3	서북서	300	-0.3	1011.8	-	47	
2021-02-16 02:05:00	17.4	남동	135	8.76	25.94	1.72	9.7	2.24	9.0	13.6	서북서	297	-0.3	1011.8	-	28	
2021-02-16 02:10:00	20.9	남동	142	8.77	26.65	2.46	9.9	3.02	10.5	12.7	서북서	295	-0.4	1011.8	-	27	
2021-02-16 02:15:00	19.6	남동	129	8.77	26.19	1.95	9.4	2.31	10.0	13.1	서북서	301	-0.4	1011.8	-	19	
2021-02-16 02:20:00	18.3	남동	132	8.77	26.65	1.69	9.8	2.28	11.0	11.8	서북서	296	-0.2	1011.8	-	22	
2021-02-16 02:25:00	16.2	남남동	154	8.76	26.29	1.91	9.3	2.67	9.5	12.7	서북서	296	-0.4	1011.8	-	29	
2021-02-16 02:30:00	13.0	남동	146	8.75	26.34	2.53	10.1	2.99	10.5	13.8	서북서	299	-0.3	1011.7	-	29	
2021-02-16 02:35:00	12.5	남동	129	8.73	26.51	1.73	9.3	2.29	8.5	13.0	서북서	298	-0.3	1011.7	-	28	
2021-02-16 02:40:00	19.8	남동	141	8.72	26.29	1.97	9.6	2.71	10.0	13.3	서북서	296	-0.4	1011.9	-	19	
2021-02-16 02:45:00	13.3	남동	131	8.71	27.26	1.94	8.6	2.31	9.5	13.7	서북서	300	-0.1	1011.9	-	36	
2021-02-16 02:50:00	13.0	남동	141	8.70	26.29	1.88	9.7	2.34	10.5	13.2	서북서	297	-0.4	1012.0	-	54	
2021-02-16 02:55:00	17.3	남동	130	8.68	26.31	2.15	10.3	2.86	9.5	13.7	서북서	292	-0.4	1011.9	-	34	
2021-02-16 03:00:00	17.1	동남동	122	8.68	26.13	2.00	10.3	2.61	9.5	14.3	서북서	299	-0.5	1012.1	-	30	
2021-02-16 03:05:00	14.8	남남동	149	8.65	26.20	2.20	10.1	3.29	11.0	12.7	서북서	300	-0.6	1012.3	-	33	
2021-02-16 03:10:00	16.7	남남동	149	8.63	26.27	2.17	9.5	2.52	8.5	12.4	서북서	300	-0.4	1012.5	-	23	
2021-02-16 03:15:00	9.0	남동	128	8.62	27.51	1.99	9.6	2.53	8.5	13.8	북서	305	-0.5	1012.4	-	24	
2021-02-16 03:20:00	23.6	남동	142	8.58	26.45	1.69	9.0	2.22	10.5	13.7	서북서	303	-0.4	1012.3	-	22	
2021-02-16 03:25:00	20.6	남동	140	8.56	26.69	2.10	9.3	2.64	9.0	14.1	서북서	299	-0.5	1012.4	-	36	
2021-02-16 03:30:00	24.8	남동	137	8.59	26.12	1.93	9.6	2.48	8.5	14.8	서북서	303	-0.7	1012.5	-	35	
2021-02-16 03:35:00	20.6	남남동	148	8.57	26.14	2.28	10.3	2.52	10.5	14.2	서북서	301	-0.7	1012.5	-	37	
2021-02-16 03:40:00	15.5	남남동	149	8.57	26.00	2.40	10.1	2.80	10.5	14.0	서북서	300	-1.0	1012.6	-	37	
2021-02-16 03:45:00	20.8	남동	138	8.56	26.06	1.92	9.4	2.77	9.0	13.6	서북서	301	-0.7	1012.6	-	25	
2021-02-16 03:50:00	18.4	남남동	147	8.53	25.89	2.06	8.4	2.80	8.5	13.1	서북서	298	-0.9	1012.6	-	16	
2021-02-16 03:55:00	20.4	남동	141	8.53	26.35	2.25	10.3	2.69	9.5	12.5	서북서	301	-1.1	1012.6	-	44	
2021-02-16 04:00:00	17.9	남동	141	8.51	26.07	1.91	9.4	2.43	9.0	11.9	서북서	293	-1.1	1012.7	-	24	
2021-02-16 04:05:00	19.5	남동	141	8.49	26.28	1.56	9.9	1.75	11.0	11.6	서북서	290	-1.2	1012.7	-	38	
2021-02-16 04:10:00	15.1	남동	134	8.48	26.89	1.74	9.9	2.40	9.5	11.8	서북서	287	-1.2	1012.8	-	38	
2021-02-16 04:15:00	19.1	남동	144	8.46	26.33	1.74	9.3	2.22	10.5	9.5	서북서	286	-1.0	1012.8	-	18	
2021-02-16 04:20:00	11.7	남남동	150	8.46	26.27	1.99	10.1	2.52	10.0	9.0	서북서	288	-1.1	1013.0	-	30	
2021-02-16 04:25:00	16.5	남동	140	8.44	26.30	1.71	9.6	2.42	10.5	8.9	서북서	289	-0.9	1013.0	-	28	
2021-02-16 04:30:00	14.3	남남동	150	8.41	26.24	2.02	10.6	3.05	9.0	8.7	서북서	293	-1.0	1013.2	-	31	
2021-02-16 04:35:00	17.0	남동	137	8.40	26.73	1.93	10.2	2.33	10.0	7.2	서북서	282	-1.0	1013.2	-	34	
2021-02-16 04:40:00	16.6	남동	144	8.40	26.30	1.81	10.1	2.22	10.0	6.2	서북서	297	-1.0	1013.3	-	28	
2021-02-16 04:45:00	11.6	남동	146	8.38	26.37	2.03	10.3	2.30	10.5	6.1	서북서	291	-1.1	1013.4	-	38	
2021-02-16 04:50:00	11.8	남동	142	8.39	27.19	2.17	9.6	2.69	9.5	6.1	북서	316	-0.8	1013.4	-	29	
2021-02-16 04:55:00	12.1	남동	142	8.38	26.36	2.07	10.4	3.01	10.5	8.7	북서	323	-0.9	1013.3	-	30	
2021-02-16 05:00:00	16.0	남동	144	8.35	26.50	1.85	9.8	2.40	9.5	8.5	북북서	329	-0.6	1013.3	-	22	
2021-02-16 05:05:00	16.3	남남동	154	8.35	26.18	2.00	9.4	2.27	11.0	8.4	북북서	333	-0.7	1013.3	-	34	
2021-02-16 05:10:00	16.4	남남동	151	8.33	27.11	2.04	10.1	2.65	9.0	8.2	북서	325	-1.0	1013.3	-	29	
2021-02-16 05:15:00	18.8	남남동	153	8.33	26.03	2.24	9.7	3.10	9.5	8.4	북북서	340	-0.9	1013.4	-	32	
2021-02-16 05:20:00	14.5	남남동	158	8.33	25.92	2.08	9.5	2.49	9.5	8.0	북북서	344	-1.1	1013.3	-	45	
2021-02-16 05:25:00	14.6	남남동	158	8.32	25.99	2.29	9.9	2.64	10.0	4.3	서	277	-1.1	1013.3	-	33	
2021-02-16 05:30:00	15.2	남동	142	8.32	26.03	2.01	8.9	3.30	9.0	3.8	서	274	-1.3	1013.3	-	26	
2021-02-16 05:35:00	19.1	남남동	149	8.33	26.31	1.99	10.1	2.80	8.5	3.8	서북서	289	-1.4	1013.2	-	47	
2021-02-16 05:40:00	15.3	남남동	150	8.33	26.27	2.06	9.8	3.07	9.0	4.2	북서	304	-1.2	1013.1	-	36	
2021-02-16 05:45:00	11.8	남동	145	8.32	27.05	2.13	9.3	2.88	8.5	4.4	북북서	327	-1.2	1013.0	-	23	
2021-02-16 05:50:00	10.4	남남동	147	8.31	26.24	2.37	10.0	2.84	10.0	4.5	북서	315	-1.2	1013.0	-	48	
2021-02-16 05:55:00	13.1	남동	131	8.30	26.15	2.36	10.4	3.34	9.0	3.4	북서	305	-1.2	1012.9	-	45	
2021-02-16 06:00:00	15.0	남동	129	8.30	26.12	2.25	9.7	3.66	9.0	3.2	서북서	300	-1.2	1012.9	-	35	
2021-02-16 06:05:00	13.0	남동	137	8.30	27.51	1.64	8.9	2.09	9.0	2.5	서북서	289	-1.3	1012.7	-	49	
2021-02-16 06:10:00	11.5	남동	143	8.29	26.15	2.05	9.2	3.10	8.5	2.5	서북서	287	-1.3	1012.5	-	37	
2021-02-16 06:15:00	16.4	남남동	152	8.29	26.15	1.86	9.9	2.40	8.5	3.3	서북서	296	-1.4	1012.3	-	37	
2021-02-16 06:20:00	12.0	남남동	153	8.29	26.04	2.07	10.1	2.88	9.5	3.9	서북서	302	-1.3	1012.3	-	29	
2021-02-16 06:25:00	11.8	남남동	153	8.28	26.04	2.34	10.1	3.17	10.0	3.7	북서	313	-1.2	1012.3	-	31	
2021-02-16 06:30:00	12.1	남남동	149	8.28	26.15	1.62	9.5	2.04	8.5	3.8	서남서	249	-1.5	1012.3	-	46	
2021-02-16 06:35:00	9.0	남남동	164	8.29	26.08	2.14	9.9	3.04	10.0	3.3	남남서	208	-2.1	1012.3	-	29	
2021-02-16 06:40:00	13.2	남남동	155	8.31	26.03	2.14	10.2	2.73	9.5	3.9	남서	218	-2.1	1012.4	-	45	
2021-02-16 06:45:00	8.6	남	173	8.32	26.03	2.20	9.8	2.33	9.0	4.0	남서	222	-2.3	1012.4	-	41	
2021-02-16 06:50:00	7.5	남	171	8.31	27.26	2.02	10.2	2.32	11.0	3.9	남서	214	-2.1	1012.5	-	46	
2021-02-16 06:55:00	14.3	남남동	159	8.34	26.48	2.03	9.9	2.48	8.5	3.5	남서	219	-2.1	1012.5	-	23	
2021-02-16 07:00:00	7.1	남남동	153	8.30	26.31	2.42	10.1	2.73	10.5	2.0	서	268	-2.1	1012.6	-	25	
2021-02-16 07:05:00	12.1	남남동	156	8.35	26.35	1.83	10.4	2.43	10.0	3.2	서	277	-1.6	1012.7	-	40	
2021-02-16 07:10:00	11.7	남남동	163	8.35	26.07	1.57	9.5	1.88	11.0	4.1	서	273	-1.5	1012.8	-	28	
2021-02-16 07:15:00	11.0	남남동	156	8.37	26.13	1.97	9.1	2.60	10.0	4.7	서북서	290	-1.2	1012.8	-	25	
2021-02-16 07:20:00	13.5	남남동	150	8.32	25.98	2.22	10.3	2.51	9.5	4.6	서북서	286	-1.2	1012.9	-	29	
2021-02-16 07:25:00	7.8	남남동	155	8.29	25.97	2.35	9.5	2.91	9.0	4.7	서북서	297	-1.2	1012.9	-	38	
2021-02-16 07:30:00	5.9	남남동	148	8.29	26.01	1.77	9.7	2.78	9.5	4.2	서북서	299	-1.2	1013.0	-	50	
2021-02-16 07:35:00	8.5	남남동	158	8.29	25.96	2.07	9.4	2.83	9.0	5.2	서북서	296	-1.3	1013.0	-	38	
2021-02-16 07:40:00	10.6	남남동	154	8.30	25.93	1.80	10.6	2.21	9.0	5.7	북서	308	-1.3	1013.1	-	44	
2021-02-16 07:45:00	10.8	남남동	151	8.29	25.92	1.74	9.9	2.14	9.5	7.2	북서	318	-1.2	1013.1	-	35	
2021-02-16 07:50:00	10.9	남	187	8.45	25.96	2.13	9.6	2.63	9.5	8.6	북서	318	-0.9	1013.0	-	44	
2021-02-16 07:55:00	15.3	남남동	160	8.60	25.81	2.33	10.5	3.08	10.0	8.7	북서	310	-1.1	1013.0	-	37	
2021-02-16 08:00:00	18.5	남남동	160	8.40	25.95	1.42	9.2	1.77	8.5	7.4	북서	314	-1.1	1013.2	-	54	
2021-02-16 08:05:00	13.1	남남동	151	8.69	26.33	2.23	10.2	3.00	9.5	6.8	북서	321	-1.2	1013.3	-	31	
2021-02-16 08:10:00	16.5	남	170	8.70	25.83	2.03	10.1	2.86	9.0	6.3	북서	317	-1.2	1013.3	-	34	
2021-02-16 08:15:00	15.9	남남동	157	8.68	25.87	2.31	9.6	3.23	9.5	6.6	북서	319	-1.2	1013.3	-	43	
2021-02-16 08:20:00	15.3	남	169	8.68	25.78	1.68	9.9	2.34	9.5	7.6	북서	321	-1.2	1013.5	-	51	
2021-02-16 08:25:00	19.3	남남동	160	8.68	25.75	2.30	9.8	3.25	9.5	7.9	북서	318	-1.1	1013.5	-	28	
2021-02-16 08:30:00	16.8	남	169	8.68	25.72	2.06	9.8	2.92	9.5	8.3	북서	319	-1.0	1013.4	-	26	
2021-02-16 08:35:00	16.4	남남동	160	8.66	25.80	2.15	10.1	2.77	8.0	8.9	북서	319	-0.9	1013.3	-	50	
2021-02-16 08:40:00	20.1	남남동	160	8.67	25.81	1.94	9.8	2.40	9.5	10.4	북서	306	-0.7	1013.2	-	36	
2021-02-16 08:45:00	17.1	남남동	168	8.70	25.83	1.69	9.5	2.83	8.0	9.6	서북서	303	-0.5	1013.4	-	39	
2021-02-16 08:50:00	19.6	남남동	165	8.67	26.02	1.96	9.8	2.23	10.5	9.6	북서	304	-0.5	1013.4	-	25	
2021-02-16 08:55:00	15.6	남남동	163	8.67	26.03	1.80	8.8	2.45	10.5	9.0	북서	306	-0.5	1013.5	-	33	
2021-02-16 09:00:00	18.0	남남동	153	8.67	26.33	1.62	9.8	2.25	9.5	9.0	북서	305	-0.5	1013.7	-	29	
2021-02-16 09:05:00	15.0	남남동	154	8.68	26.53	2.18	9.3	2.50	10.0	9.1	서북서	299	-0.7	1013.8	-	43	
2021-02-16 09:10:00	15.1	남남동	162	8.68	26.34	1.82	9.1	2.94	8.0	10.5	서북서	302	-0.6	1013.8	-	30	
2021-02-16 09:15:00	13.0	남남동	167	8.68	26.30	1.89	10.1	2.28	8.0	9.3	북서	305	-0.7	1013.8	-	34	
2021-02-16 09:20:00	12.6	남남동	166	8.68	26.16	1.53	8.3	2.69	8.5	11.1	서북서	299	-0.7	1013.9	-	28	
2021-02-16 09:25:00	13.0	남남동	156	8.68	26.67	1.70	8.3	2.14	10.0	12.2	서북서	296	-0.5	1014.0	-	41	
2021-02-16 09:30:00	15.1	남남동	159	8.68	26.22	1.71	9.9	2.05	8.0	11.8	서북서	290	-0.5	1013.9	-	29	
2021-02-16 09:35:00	13.9	남동	140	8.68	25.98	2.05	9.2	2.49	9.5	11.7	서북서	287	-0.7	1013.8	-	35	
2021-02-16 09:40:00	20.4	남남동	157	8.68	26.05	1.66	9.7	2.42	10.0	12.2	서북서	288	-0.8	1013.8	-	22	
2021-02-16 09:45:00	19.1	남동	146	8.68	26.01	2.26	9.9	2.84	10.5	11.8	서북서	288	-0.9	1013.8	-	42	
2021-02-16 09:50:00	20.7	남남동	157	8.69	26.00	2.01	9.2	3.28	8.0	13.0	서북서	285	-1.0	1013.7	-	52	
2021-02-16 09:55:00	15.7	남남동	161	8.69	25.93	1.87	10.0	2.47	11.0	12.6	서북서	287	-0.7	1013.7	-	43	
2021-02-16 10:00:00	14.1	남남동	158	8.68	25.97	1.88	9.5	2.54	8.5	12.5	서북서	286	-0.9	1013.6	-	38	
2021-02-16 10:05:00	13.7	동남동	121	8.69	25.96	1.94	9.3	2.56	7.0	11.8	서북서	285	-0.8	1013.8	-	47	
2021-02-16 10:10:00	17.7	남남동	163	8.69	25.91	1.60	8.6	2.88	9.5	11.2	서북서	286	-0.7	1013.6	-	40	
2021-02-16 10:15:00	21.5	남남동	161	8.69	25.90	2.10	9.4	2.60	8.0	11.0	서	276	-0.4	1013.6	-	36	
2021-02-16 10:20:00	13.4	남남동	156	8.69	26.12	2.65	10.2	2.81	10.5	11.5	서북서	286	-0.6	1013.6	-	36	
2021-02-16 10:25:00	12.6	남동	146	8.69	25.88	1.93	9.0	2.40	9.5	11.7	서	278	-0.6	1013.6	-	30	
2021-02-16 10:30:00	15.7	남남동	160	8.69	25.84	1.73	9.3	2.10	8.0	10.7	서	272	-0.4	1013.5	-	35	
2021-02-16 10:35:00	16.6	남동	146	8.69	25.83	1.93	9.7	2.39	9.5	9.6	서	276	-0.3	1013.4	-	54	
2021-02-16 10:40:00	15.5	남남동	165	8.70	25.86	1.87	9.7	2.19	10.0	11.0	서	274	-0.3	1013.5	-	40	
2021-02-16 10:45:00	15.0	남동	143	8.69	25.76	1.65	9.5	2.04	9.0	10.9	서	275	-0.3	1013.5	-	36	
2021-02-16 10:50:00	15.2	남남동	157	8.70	25.91	1.65	9.1	1.99	9.0	10.9	서	272	-0.2	1013.4	-	28	
2021-02-16 10:55:00	12.0	남	169	8.70	25.98	1.71	9.3	2.50	8.0	11.2	서	275	-0.2	1013.5	-	39	
2021-02-16 11:00:00	13.8	남남동	148	8.69	25.90	1.79	9.7	2.43	9.5	9.5	서북서	294	-0.2	1013.5	-	36	
2021-02-16 11:05:00	14.9	남남동	152	8.71	25.88	1.74	9.5	2.45	10.5	9.2	서	278	-0.1	1013.4	-	36	
2021-02-16 11:10:00	17.4	남남동	149	8.71	26.53	1.99	10.0	2.44	11.0	11.0	서	272	-0.1	1013.4	-	35	
2021-02-16 11:15:00	17.8	남남동	148	8.72	25.64	2.29	10.2	3.03	11.0	10.6	서북서	282	-0.2	1013.3	-	41	
2021-02-16 11:20:00	16.0	남남동	158	8.74	26.39	1.88	9.5	2.50	9.0	11.1	서	281	-0.1	1013.3	-	31	
2021-02-16 11:25:00	18.9	남남동	157	8.75	26.37	1.44	9.8	2.06	10.0	9.7	서	279	0.0	1013.4	-	63	
2021-02-16 11:30:00	14.4	남남동	148	8.77	26.08	1.90	9.5	2.47	9.0	8.5	서	273	0.1	1013.3	-	50	
2021-02-16 11:35:00	18.5	남남동	162	8.79	26.03	1.94	9.8	2.40	8.5	10.9	서	278	0.2	1013.2	-	38	
2021-02-16 11:40:00	16.9	남남동	152	8.81	25.95	1.94	9.0	2.79	10.0	9.8	서	276	0.1	1013.1	-	41	
2021-02-16 11:45:00	16.9	남남동	154	8.82	26.50	2.23	10.1	2.84	11.0	10.5	서	277	0.2	1013.0	-	40	
2021-02-16 11:50:00	18.0	남남동	164	8.82	26.09	1.55	9.3	2.41	9.5	11.3	서	270	0.3	1012.9	-	24	
2021-02-16 11:55:00	15.2	남동	141	8.83	26.01	2.04	9.4	2.25	9.5	10.9	서	273	0.2	1012.9	-	36	
2021-02-16 12:00:00	15.2	남남동	163	8.84	26.02	1.98	10.1	2.39	9.5	10.2	서	278	0.4	1012.9	-	53	
2021-02-16 12:05:00	18.5	남동	143	8.84	25.90	1.64	10.0	1.99	10.0	11.3	서	272	0.4	1012.7	-	47	
2021-02-16 12:10:00	18.0	남남동	151	8.84	25.83	1.64	8.9	1.99	8.5	9.6	서	281	0.1	1012.6	-	53	
2021-02-16 12:15:00	16.3	남동	142	8.85	25.44	1.51	9.0	1.96	8.5	9.8	서북서	284	0.3	1012.5	-	26	
2021-02-16 12:20:00	16.7	남남동	167	8.87	25.85	1.73	9.5	2.24	8.5	10.7	서	269	0.4	1012.3	-	35	
2021-02-16 12:25:00	16.8	남남동	148	8.88	26.30	2.28	10.2	2.93	9.5	9.0	서	280	0.5	1012.4	-	48	
2021-02-16 12:30:00	13.2	남남동	156	8.91	26.18	1.88	9.8	2.34	9.0	10.1	서	271	0.3	1012.3	-	39	
2021-02-16 12:35:00	18.0	남남동	153	8.91	25.49	1.79	9.3	2.49	8.5	10.7	서	266	0.3	1012.1	-	18	
2021-02-16 12:40:00	18.1	남동	139	8.92	26.29	2.32	9.9	3.23	9.5	10.7	서북서	284	0.4	1012.1	-	45	
2021-02-16 12:45:00	16.6	남동	137	8.92	26.51	2.05	9.9	2.71	10.0	9.6	서	267	0.5	1012.0	-	32	
2021-02-16 12:50:00	17.2	남동	137	8.92	26.60	1.45	8.8	2.07	9.0	10.2	서남서	257	0.5	1011.8	-	45	
2021-02-16 12:55:00	13.9	남동	146	8.92	26.40	1.96	9.5	2.67	10.0	10.4	서	265	0.7	1011.8	-	38	
2021-02-16 13:00:00	13.1	남남동	155	8.93	26.44	1.61	8.8	2.43	8.5	8.6	서	266	0.6	1011.7	-	32	
2021-02-16 13:05:00	14.1	남남동	150	8.93	26.04	1.61	9.3	2.10	10.0	8.1	서	281	0.5	1011.6	-	28	
2021-02-16 13:10:00	15.4	남남동	150	8.93	27.10	1.80	9.4	2.44	9.0	9.1	서북서	284	0.7	1011.5	-	41	
2021-02-16 13:15:00	20.1	남남동	155	8.93	25.91	1.97	9.8	2.42	9.5	8.0	서북서	284	0.8	1011.4	-	40	
2021-02-16 13:20:00	16.4	남동	142	8.92	25.96	2.35	9.8	2.51	10.0	8.1	서북서	283	0.9	1011.4	-	47	
2021-02-16 13:25:00	14.8	남	175	8.94	25.93	1.38	8.6	1.72	9.0	8.1	서북서	286	0.7	1011.5	-	35	
2021-02-16 13:30:00	14.9	남남동	155	8.95	25.82	1.48	8.7	2.03	9.5	8.5	서북서	289	0.9	1011.4	-	31	
2021-02-16 13:35:00	15.9	남남동	155	8.95	26.51	1.83	9.1	3.11	10.5	7.4	서	281	0.9	1011.4	-	21	
2021-02-16 13:40:00	16.6	남남동	162	8.94	26.65	1.97	9.1	2.42	7.5	6.3	서북서	285	0.6	1011.4	-	43	
2021-02-16 13:45:00	14.2	남동	140	8.94	26.11	1.75	9.2	2.21	9.0	8.0	서	278	0.9	1011.2	-	48	
2021-02-16 13:50:00	12.4	남남동	166	8.94	26.02	1.73	10.1	2.25	9.0	7.5	서	276	0.5	1011.2	-	32	
2021-02-16 13:55:00	16.6	남동	143	8.94	25.90	1.67	9.1	1.89	10.5	8.1	서북서	285	0.8	1011.2	-	35	
2021-02-16 14:00:00	16.0	남남동	156	8.95	25.85	1.73	8.6	2.29	10.0	6.3	서북서	284	0.8	1011.2	-	29	
2021-02-16 14:05:00	15.6	남남동	148	8.95	26.33	1.75	9.6	2.59	8.5	6.9	서	278	0.8	1011.1	-	41	
2021-02-16 14:10:00	11.9	남남동	162	8.95	25.80	1.98	9.7	2.32	10.5	6.1	서북서	283	0.5	1011.1	-	37	
2021-02-16 14:15:00	11.4	남남동	163	8.95	26.38	1.61	9.0	2.24	8.5	6.9	서	276	0.6	1011.0	-	28	
2021-02-16 14:20:00	12.3	남남동	157	8.94	26.42	1.82	9.3	2.45	9.5	7.6	서	260	0.5	1011.0	-	40	
2021-02-16 14:25:00	15.3	남남동	154	8.95	26.36	2.00	8.5	2.28	9.0	7.7	서	272	0.6	1011.0	-	44	
2021-02-16 14:30:00	11.9	남동	130	8.94	26.32	1.87	9.5	2.13	10.5	8.8	서	267	0.6	1011.1	-	34	
2021-02-16 14:35:00	11.9	남동	136	8.94	26.20	1.76	9.3	2.02	9.5	8.0	서	280	0.4	1011.0	-	38	
2021-02-16 14:40:00	9.4	동남동	119	8.94	26.28	1.58	8.6	2.06	8.5	6.5	서북서	288	0.6	1011.2	-	42	
2021-02-16 14:45:00	12.9	남동	142	8.94	26.27	1.77	9.4	2.08	10.5	6.4	서	270	0.5	1011.2	-	37	
2021-02-16 14:50:00	15.2	남동	145	8.95	26.68	1.72	8.9	2.26	9.0	7.2	서	271	0.5	1011.1	-	39	
2021-02-16 14:55:00	10.7	남남동	146	8.96	26.68	2.02	8.6	2.39	9.0	7.7	서	270	0.4	1011.2	-	40	
2021-02-16 15:00:00	12.7	남남동	156	8.96	26.19	2.09	9.2	2.43	9.5	8.5	서	263	0.2	1011.2	-	21	
2021-02-16 15:05:00	13.8	남남동	163	8.94	26.88	1.77	9.1	2.20	10.0	9.3	서	281	0.2	1011.3	-	42	
2021-02-16 15:10:00	12.0	남	175	8.96	26.27	1.73	8.9	2.29	9.5	9.3	서	278	0.5	1011.3	-	51	
2021-02-16 15:15:00	12.2	남동	146	8.96	26.30	2.14	9.4	2.50	10.0	10.2	서북서	291	0.3	1011.4	-	28	
2021-02-16 15:20:00	8.4	남남동	157	8.96	26.34	1.60	9.3	2.04	9.0	8.4	서	278	0.3	1011.4	-	42	
2021-02-16 15:25:00	11.5	남동	146	8.98	26.45	1.73	8.8	2.91	8.5	8.1	서	275	0.1	1011.5	-	46	
2021-02-16 15:30:00	12.0	남동	140	8.99	26.89	1.63	8.9	2.11	8.0	9.1	서북서	293	-0.2	1011.5	-	30	
2021-02-16 15:35:00	16.7	남남동	161	9.00	26.19	1.83	10.0	2.07	8.0	9.8	서북서	288	-0.2	1011.6	-	49	
2021-02-16 15:40:00	7.9	남동	126	8.98	26.26	2.11	9.6	2.73	9.0	9.9	서	274	-0.5	1011.7	-	42	
2021-02-16 15:45:00	13.5	남남동	147	8.98	26.23	1.84	9.8	2.69	10.0	9.3	서	276	-0.5	1011.8	-	35	
2021-02-16 15:50:00	9.2	남남동	151	8.99	26.86	1.87	8.9	2.36	8.0	8.7	서북서	290	-0.6	1011.8	-	35	
2021-02-16 15:55:00	10.1	남	173	8.97	27.00	1.83	10.1	2.20	10.5	7.7	서	277	-0.5	1011.8	-	38	
2021-02-16 16:00:00	10.7	남남동	153	8.99	26.21	1.80	9.8	2.64	10.0	8.7	서	269	-0.6	1011.8	-	37	
2021-02-16 16:05:00	11.5	남남동	163	8.99	26.28	1.67	9.2	2.11	8.5	7.5	서	277	-0.8	1011.7	-	22	
2021-02-16 16:10:00	14.5	남남동	151	8.99	26.23	2.09	9.6	2.52	8.5	7.3	서	265	-0.6	1011.6	-	46	
2021-02-16 16:15:00	7.9	남남동	152	8.99	26.54	1.64	8.6	1.93	7.5	6.2	서	262	-0.7	1011.6	-	55	
2021-02-16 16:20:00	5.2	동남동	120	8.99	26.28	1.25	7.9	1.89	8.0	7.2	서남서	239	-0.7	1011.6	-	45	
2021-02-16 16:25:00	5.5	남동	135	8.97	26.27	1.79	9.6	2.36	9.0	6.7	서남서	243	-0.7	1011.5	-	38	
2021-02-16 16:30:00	10.1	남남동	163	8.98	26.28	1.51	8.8	2.26	9.5	6.8	서남서	256	-0.7	1011.4	-	31	
2021-02-16 16:35:00	14.7	남남동	162	8.97	26.01	1.43	8.3	1.96	8.0	7.4	서남서	251	-0.6	1011.3	-	24	
2021-02-16 16:40:00	8.3	남	170	8.99	26.16	1.76	8.5	2.25	9.5	7.3	남서	234	-0.6	1011.3	-	31	
2021-02-16 16:45:00	7.9	남남동	148	9.00	26.33	1.55	9.5	2.04	8.5	5.6	남서	231	-0.9	1011.3	-	18	
2021-02-16 16:50:00	8.2	남동	142	9.01	26.10	1.61	8.7	2.16	8.5	5.7	남서	230	-0.7	1011.1	-	20	
2021-02-16 16:55:00	10.3	남남동	153	9.01	26.15	1.42	7.4	2.18	7.0	5.4	서남서	237	-0.5	1011.1	-	21	
2021-02-16 17:00:00	6.5	남동	144	9.02	26.23	1.32	9.1	1.80	10.0	7.2	남서	221	-0.8	1011.0	-	26	
2021-02-16 17:05:00	7.7	남남동	152	9.01	26.57	1.49	9.2	2.06	7.5	7.1	남서	221	-0.9	1011.0	-	22	
2021-02-16 17:10:00	14.0	남남동	155	9.01	26.37	1.35	9.0	2.01	8.5	7.6	남서	228	-1.2	1010.9	-	34	
2021-02-16 17:15:00	4.8	남	172	9.05	26.10	1.47	8.4	2.06	7.5	7.3	남서	225	-1.2	1010.9	-	39	
2021-02-16 17:20:00	9.4	남	177	9.06	26.57	1.36	8.3	2.48	8.5	6.8	남서	229	-1.2	1010.9	-	25	
2021-02-16 17:25:00	6.4	남동	139	9.05	26.38	1.44	8.8	1.81	9.0	6.2	서남서	237	-1.2	1011.0	-	54	
2021-02-16 17:30:00	7.6	남남서	200	9.06	26.34	1.39	8.4	1.84	8.5	6.7	서남서	239	-1.2	1010.9	-	22	
2021-02-16 17:35:00	8.0	남	178	9.08	26.27	1.59	8.9	1.94	8.5	5.7	서남서	237	-1.2	1010.9	-	34	
2021-02-16 17:40:00	6.4	남	181	9.06	26.45	1.36	8.0	1.90	8.0	6.4	남서	231	-1.3	1010.9	-	34	
2021-02-16 17:45:00	4.8	남	176	9.06	26.21	1.40	8.5	2.07	7.5	5.2	남서	227	-1.3	1010.9	-	29	
2021-02-16 17:50:00	4.8	남서	229	9.06	26.45	1.33	8.8	2.34	7.5	5.6	남서	234	-1.3	1010.9	-	31	
2021-02-16 17:55:00	8.0	남	173	9.05	26.44	1.37	8.8	1.71	8.5	5.1	서남서	237	-1.2	1010.9	-	39	
2021-02-16 18:00:00	4.3	남	188	9.05	26.37	1.38	9.0	1.87	7.5	5.4	남서	236	-1.2	1011.0	-	16	
2021-02-16 18:05:00	5.9	남	181	9.07	26.32	1.67	9.2	2.16	9.0	5.2	서남서	238	-1.2	1011.0	-	48	
2021-02-16 18:10:00	3.3	남동	144	9.07	26.39	1.38	9.7	1.81	10.0	4.5	서남서	245	-1.3	1011.1	-	40	
2021-02-16 18:15:00	6.2	남남동	167	9.08	26.54	1.49	7.9	2.01	6.0	4.2	서	268	-1.0	1011.0	-	36	
2021-02-16 18:20:00	0.9	서북서	298	9.09	26.45	1.21	8.5	1.79	7.5	5.5	서	260	-0.8	1010.9	-	4	
2021-02-16 18:25:00	11.5	남	172	9.09	26.53	1.20	8.3	1.54	7.5	4.3	서남서	249	-0.9	1011.0	-	5	
2021-02-16 18:30:00	6.0	남남서	202	9.07	26.56	1.32	8.5	1.48	10.0	4.6	서남서	253	-0.9	1011.0	-	26	
2021-02-16 18:35:00	4.8	남남서	208	9.06	26.59	1.21	8.6	1.44	8.0	5.7	서	265	-0.7	1011.1	-	46	
2021-02-16 18:40:00	5.7	남	182	9.05	26.57	1.27	8.4	1.57	9.0	4.8	서	264	-0.8	1011.2	-	32	
2021-02-16 18:45:00	2.3	남동	133	9.04	26.79	1.26	8.8	2.02	8.0	4.9	서	259	-0.7	1011.2	-	58	
2021-02-16 18:50:00	2.2	남	189	9.05	27.00	1.30	8.2	1.55	9.5	4.3	서남서	254	-0.9	1011.3	-	21	
2021-02-16 18:55:00	3.3	남	181	9.05	26.48	1.38	9.0	2.01	8.5	5.4	서	261	-1.0	1011.2	-	52	
2021-02-16 19:00:00	4.0	남동	143	9.05	26.31	1.42	8.3	2.25	8.5	5.2	서	275	-0.8	1011.2	-	5	
2021-02-16 19:05:00	7.0	남	178	9.05	26.38	1.47	8.6	1.88	8.0	5.2	서남서	246	-0.9	1011.2	-	46	
2021-02-16 19:10:00	2.6	동	88	9.07	26.39	1.33	8.8	1.50	8.5	4.3	서남서	244	-1.2	1011.2	-	24	
2021-02-16 19:15:00	2.8	서	279	9.07	26.51	1.27	7.6	1.81	6.0	4.7	서남서	240	-1.2	1011.2	-	352	
2021-02-16 19:20:00	1.7	동남동	115	9.07	26.76	1.58	8.8	2.37	9.0	4.8	남서	222	-1.2	1011.2	-	34	
2021-02-16 19:25:00	1.9	남남서	212	9.07	26.55	1.38	8.5	1.94	9.0	5.0	남서	230	-1.5	1011.3	-	34	
2021-02-16 19:30:00	4.8	남서	223	9.07	26.41	1.29	9.0	1.48	8.5	4.8	남서	232	-1.5	1011.3	-	35	
2021-02-16 19:35:00	3.6	서북서	303	9.07	26.13	1.32	8.9	1.74	9.5	6.0	서남서	237	-1.5	1011.3	-	357	
2021-02-16 19:40:00	4.5	남서	222	9.06	26.30	1.65	9.5	2.27	9.0	5.5	서남서	240	-1.7	1011.3	-	30	
2021-02-16 19:45:00	3.3	남	169	9.07	26.42	1.59	9.3	2.15	8.0	5.3	서남서	239	-1.7	1011.4	-	39	
2021-02-16 19:50:00	4.7	남서	220	9.07	26.36	1.49	8.3	2.09	9.5	5.6	서남서	245	-1.7	1011.3	-	12	
2021-02-16 19:55:00	8.0	남남서	201	9.08	26.48	1.59	9.0	1.91	9.5	5.4	서남서	244	-1.6	1011.3	-	26	
2021-02-16 20:00:00	1.7	남서	222	9.08	26.65	1.15	7.6	1.77	7.0	6.1	서남서	239	-1.7	1011.2	-	10	
2021-02-16 20:05:00	5.1	남남서	194	9.09	26.40	1.42	8.4	1.83	8.5	5.9	서남서	247	-1.7	1011.3	-	31	
2021-02-16 20:10:00	8.3	남	173	9.09	27.40	1.20	7.9	1.70	7.5	5.4	서남서	244	-1.7	1011.3	-	24	
2021-02-16 20:15:00	3.7	서남서	239	9.08	26.61	1.25	8.1	2.14	7.5	5.0	서	259	-1.6	1011.3	-	353	
2021-02-16 20:20:00	2.2	동남동	103	9.08	26.60	1.27	8.2	1.90	7.5	6.1	서남서	244	-1.6	1011.3	-	47	
2021-02-16 20:25:00	5.3	남서	225	9.09	26.44	1.37	8.6	1.90	10.5	6.2	서	266	-1.6	1011.4	-	38	
2021-02-16 20:30:00	0.7	북동	39	9.08	26.58	1.43	9.1	1.79	8.5	9.0	서	281	-0.8	1011.2	-	45	
2021-02-16 20:35:00	4.0	서남서	240	9.08	26.54	1.23	8.5	1.61	9.0	8.0	서북서	291	-0.7	1011.3	-	22	
2021-02-16 20:40:00	5.7	남남서	199	9.07	26.49	1.17	7.1	1.51	8.5	7.9	서	281	-1.0	1011.4	-	9	
2021-02-16 20:45:00	3.7	서남서	258	9.06	26.44	1.73	9.0	2.23	9.0	7.2	서	280	-0.9	1011.4	-	33	
2021-02-16 20:50:00	6.1	남서	235	9.05	27.00	1.33	8.7	1.85	6.5	8.8	서북서	287	-1.0	1011.4	-	358	
2021-02-16 20:55:00	2.6	남동	142	9.03	26.60	1.44	8.3	1.77	7.5	10.3	서북서	291	-0.9	1011.4	-	24	
2021-02-16 21:00:00	4.0	남	175	9.03	26.49	1.33	7.6	2.30	8.0	8.6	서북서	286	-1.2	1011.5	-	356	
2021-02-16 21:05:00	1.4	남	188	9.03	26.43	1.42	9.0	1.67	9.5	7.4	서	273	-1.3	1011.4	-	44	
2021-02-16 21:10:00	5.3	남남동	169	9.04	26.48	1.50	8.5	1.92	9.5	8.8	서	280	-1.3	1011.4	-	33	
2021-02-16 21:15:00	3.3	남동	139	9.03	26.49	1.29	7.7	1.75	9.0	9.4	서북서	283	-1.2	1011.3	-	340	
2021-02-16 21:20:00	8.3	남남서	208	9.03	26.78	1.39	8.0	2.24	8.0	9.9	서북서	289	-1.3	1011.3	-	33	
2021-02-16 21:25:00	2.5	남남서	197	9.04	26.42	1.43	8.7	1.64	7.5	8.4	서	277	-1.3	1011.4	-	39	
2021-02-16 21:30:00	2.3	동북동	79	9.04	26.43	1.45	8.8	1.83	10.5	8.8	서	281	-1.3	1011.5	-	61	
2021-02-16 21:35:00	6.3	남동	133	9.03	26.30	1.15	7.4	1.91	6.5	11.1	서	269	-1.2	1011.4	-	23	
2021-02-16 21:40:00	4.2	남	172	9.02	26.26	1.36	7.6	1.78	9.0	10.0	서	268	-1.5	1011.6	-	57	
2021-02-16 21:45:00	5.3	동남동	120	9.02	26.54	1.14	7.7	1.46	7.0	9.1	서	278	-1.6	1011.6	-	347	
2021-02-16 21:50:00	0.6	서	276	9.02	26.48	1.35	7.8	1.91	8.0	9.8	서북서	288	-1.4	1011.6	-	39	
2021-02-16 21:55:00	2.9	남	173	9.01	26.34	1.36	7.8	1.82	6.5	6.9	서	281	-1.7	1011.8	-	39	
2021-02-16 22:00:00	3.8	남남서	193	9.01	26.33	1.44	8.8	1.99	9.0	6.5	서	279	-1.9	1011.8	-	32	
2021-02-16 22:05:00	5.5	남남동	153	9.02	26.33	1.43	8.0	1.75	6.5	10.4	서북서	297	-1.8	1011.7	-	10	
2021-02-16 22:10:00	7.0	남동	144	9.01	26.26	1.26	8.0	1.49	7.5	8.0	서	281	-1.8	1011.8	-	49	
2021-02-16 22:15:00	5.4	남	185	9.01	26.42	1.25	7.3	1.71	7.0	8.2	서북서	282	-2.0	1011.8	-	37	
2021-02-16 22:20:00	6.1	남남서	193	9.01	26.30	1.37	7.3	2.20	7.0	6.9	서북서	282	-2.1	1011.9	-	35	
2021-02-16 22:25:00	3.8	남	179	9.02	26.36	1.27	8.0	1.54	7.0	8.8	서북서	299	-2.1	1011.8	-	22	
2021-02-16 22:30:00	6.5	남동	139	9.01	26.67	1.39	8.1	1.88	8.0	9.1	북서	304	-2.1	1011.9	-	40	
2021-02-16 22:35:00	3.4	동	101	9.00	26.54	1.43	8.2	1.82	6.5	8.3	북서	310	-2.1	1011.9	-	36	
2021-02-16 22:40:00	2.1	남남동	154	8.99	26.79	1.55	8.4	2.46	9.5	7.3	서북서	294	-2.2	1012.0	-	37	
2021-02-16 22:45:00	6.2	남	182	8.99	26.52	1.38	7.7	1.96	7.5	7.7	서북서	289	-2.4	1012.0	-	34	
2021-02-16 22:50:00	6.6	남	173	8.98	26.53	1.32	7.4	1.84	8.5	8.0	서북서	301	-2.5	1011.9	-	31	
2021-02-16 22:55:00	2.9	남동	129	8.99	26.53	1.13	7.1	1.45	6.0	9.0	북서	309	-2.4	1011.9	-	48	
2021-02-16 23:00:00	5.5	남서	232	8.98	26.53	1.56	7.9	2.01	7.0	7.8	북서	304	-2.5	1011.9	-	7	
2021-02-16 23:05:00	3.8	남서	230	8.97	26.41	1.29	7.5	1.75	8.0	6.7	서북서	291	-2.7	1011.9	-	42	
2021-02-16 23:10:00	0.9	서북서	294	8.97	26.48	1.60	8.4	2.47	6.5	5.5	서북서	292	-2.7	1011.9	-	31	
2021-02-16 23:15:00	1.8	북서	326	8.97	26.33	1.33	8.8	1.63	8.0	6.5	북서	314	-2.8	1011.9	-	34	
2021-02-16 23:20:00	1.6	서	266	8.96	26.38	1.27	8.6	1.55	9.0	5.4	북서	305	-2.9	1012.0	-	16	
2021-02-16 23:25:00	2.5	남남서	203	8.95	26.42	1.12	6.3	1.45	10.0	6.0	서북서	303	-2.9	1012.0	-	41	
2021-02-16 23:30:00	1.8	남남서	204	8.95	26.46	1.26	9.0	1.59	11.0	5.0	서북서	302	-3.0	1012.1	-	32	
2021-02-16 23:35:00	2.9	남남서	203	8.95	26.38	1.15	8.3	1.64	9.0	6.8	북서	314	-2.9	1012.0	-	23	
2021-02-16 23:40:00	2.2	남남서	213	8.94	26.36	1.61	8.7	1.93	9.5	7.7	북서	312	-2.9	1012.0	-	51	
2021-02-16 23:45:00	6.5	남남동	160	8.93	26.48	1.23	8.8	1.74	8.5	8.6	북서	306	-2.9	1011.9	-	58	
2021-02-16 23:50:00	1.9	동	97	8.92	26.49	1.54	8.7	1.87	8.5	9.1	서북서	296	-2.9	1011.8	-	48	
2021-02-16 23:55:00	4.9	남남서	194	8.91	26.34	1.43	8.8	1.93	8.5	9.9	서북서	296	-2.7	1011.7	-	57	
2021-02-17 00:00:00	5.5	남남동	148	8.90	26.33	1.57	8.7	1.94	8.0	10.8	서북서	290	-2.6	1011.8	-	39	
2021-02-17 00:05:00	1.2	남남동	159	8.90	26.25	1.41	8.5	1.79	8.5	10.1	서북서	303	-3.1	1011.8	-	39	
2021-02-17 00:10:00	6.3	남	176	8.89	26.32	1.19	8.2	1.82	9.5	10.0	서북서	300	-2.8	1011.8	-	58	
2021-02-17 00:15:00	4.0	남남서	210	8.87	26.34	1.32	8.0	1.83	8.0	9.8	서북서	294	-3.1	1011.8	-	38	
2021-02-17 00:20:00	3.0	남동	146	8.87	26.38	1.42	8.5	1.58	9.5	9.8	북서	307	-2.9	1011.9	-	42	
2021-02-17 00:25:00	1.5	남남동	164	8.85	26.39	1.46	8.5	1.71	7.5	9.7	서북서	301	-3.1	1011.9	-	15	
2021-02-17 00:30:00	5.1	남남동	157	8.84	26.50	1.42	7.7	1.66	9.5	8.6	서북서	297	-3.4	1011.9	-	42	
2021-02-17 00:35:00	4.4	남동	141	8.85	26.45	1.46	9.5	1.96	8.5	5.2	서	267	-3.6	1012.0	-	40	
2021-02-17 00:40:00	1.5	북북서	339	8.82	26.59	1.46	8.6	2.07	9.5	4.9	서	263	-3.8	1012.1	-	32	
2021-02-17 00:45:00	5.9	서남서	244	8.80	26.25	1.37	8.2	1.68	8.5	6.0	서	274	-3.8	1012.1	-	38	
2021-02-17 00:50:00	2.2	동남동	102	8.80	26.24	1.26	8.6	1.61	8.0	7.1	서	280	-3.8	1012.2	-	46	
2021-02-17 00:55:00	3.3	남남서	196	8.77	26.30	1.45	8.5	1.80	11.5	5.2	서북서	294	-3.9	1012.3	-	11	
2021-02-17 01:00:00	7.1	남남서	202	8.75	26.30	1.29	8.0	1.63	8.5	3.9	서북서	284	-4.2	1012.3	-	13	
2021-02-17 01:05:00	3.3	서북서	301	8.74	26.36	1.24	8.6	1.62	10.5	3.5	서북서	293	-4.2	1012.3	-	19	
2021-02-17 01:10:00	2.8	북서	306	8.73	26.41	1.07	7.5	1.60	11.0	5.2	서북서	288	-4.1	1012.3	-	353	
2021-02-17 01:15:00	2.4	서북서	290	8.72	26.27	1.32	7.6	2.09	6.0	4.9	서북서	293	-4.1	1012.4	-	35	
2021-02-17 01:20:00	4.5	남서	218	8.71	26.45	1.11	7.9	2.00	8.5	3.2	서	279	-4.2	1012.5	-	22	
2021-02-17 01:25:00	3.5	북북서	333	8.70	26.49	1.30	9.2	1.52	8.0	2.9	서	267	-4.4	1012.5	-	32	
2021-02-17 01:30:00	5.6	남남서	202	8.70	26.31	1.43	8.1	1.98	6.5	4.7	서	265	-4.3	1012.4	-	39	
2021-02-17 01:35:00	5.0	남동	137	8.69	26.47	1.27	9.2	1.56	8.5	5.8	서	269	-4.4	1012.3	-	32	
2021-02-17 01:40:00	9.4	남남서	196	8.69	26.36	1.25	8.9	1.76	8.5	5.4	서북서	286	-4.4	1012.3	-	36	
2021-02-17 01:45:00	6.0	남남동	162	8.68	26.70	1.22	8.3	1.83	6.5	4.8	서남서	257	-4.6	1012.2	-	52	
2021-02-17 01:50:00	1.0	남	171	8.69	26.23	1.26	9.1	1.48	8.5	4.3	서	260	-4.6	1012.1	-	8	
2021-02-17 01:55:00	4.3	남	173	8.68	26.17	1.17	9.2	1.44	10.0	5.4	서	275	-4.6	1012.0	-	24	
2021-02-17 02:00:00	9.2	남	170	8.68	26.78	1.20	7.7	1.85	7.5	4.8	서	265	-4.6	1012.0	-	29	
2021-02-17 02:05:00	7.7	동남동	119	8.71	26.72	1.30	8.8	1.93	10.0	5.8	서남서	239	-4.6	1012.0	-	21	
2021-02-17 02:10:00	9.9	남남동	167	8.72	26.67	1.16	7.3	1.42	7.0	6.4	서남서	246	-4.5	1012.0	-	21	
2021-02-17 02:15:00	9.4	남동	132	8.71	27.17	1.21	7.9	1.44	6.5	5.5	서	261	-4.7	1012.1	-	14	
2021-02-17 02:20:00	1.5	동	90	8.72	26.27	1.06	7.6	1.65	8.5	4.6	서북서	298	-4.8	1012.1	-	12	
2021-02-17 02:25:00	9.8	남남동	155	8.75	26.10	1.17	9.0	1.60	8.0	4.6	서북서	297	-4.6	1012.1	-	47	
2021-02-17 02:30:00	10.8	남	172	8.77	25.94	1.10	8.3	1.28	9.0	4.6	서	279	-4.7	1012.1	-	24	
2021-02-17 02:35:00	6.6	남	173	8.76	26.10	1.16	9.0	1.54	9.0	4.4	서남서	256	-4.7	1012.1	-	29	
2021-02-17 02:40:00	3.3	남	171	8.77	26.69	1.06	8.6	1.41	9.0	3.4	서	263	-4.8	1012.1	-	49	
2021-02-17 02:45:00	6.4	동남동	122	8.77	26.53	1.09	9.2	1.25	7.5	3.2	서	277	-4.9	1012.1	-	19	
2021-02-17 02:50:00	10.8	남남동	163	8.78	27.44	1.11	8.0	1.43	8.0	2.9	서	278	-4.9	1012.1	-	25	
2021-02-17 02:55:00	10.0	남	183	8.78	26.43	1.27	8.0	1.53	9.0	4.5	서남서	248	-4.9	1012.0	-	32	
2021-02-17 03:00:00	4.5	동	90	8.79	26.56	1.20	8.0	1.64	9.5	4.4	서남서	252	-5.1	1011.9	-	26	
2021-02-17 03:05:00	7.1	동남동	109	8.78	26.42	1.20	8.8	1.40	8.5	4.2	서남서	241	-5.1	1011.9	-	23	
2021-02-17 03:10:00	3.1	서	263	8.77	26.37	1.27	9.0	2.00	9.0	5.1	서남서	253	-5.2	1011.8	-	53	
2021-02-17 03:15:00	3.7	남	170	8.76	26.46	1.55	8.6	1.84	10.0	5.7	서남서	253	-5.2	1011.8	-	60	
2021-02-17 03:20:00	7.9	남남동	155	8.76	26.38	1.31	8.8	1.86	9.0	5.4	서남서	243	-5.2	1011.7	-	34	
2021-02-17 03:25:00	3.9	동남동	116	8.75	26.41	1.11	8.1	1.84	7.0	5.2	남서	233	-5.1	1011.7	-	58	
2021-02-17 03:30:00	12.5	남	170	8.74	26.52	1.19	7.4	2.32	9.0	3.9	서남서	252	-5.4	1011.8	-	18	
2021-02-17 03:35:00	5.5	남	169	8.74	26.58	1.31	10.0	1.74	10.5	3.6	서남서	253	-5.5	1011.8	-	35	
2021-02-17 03:40:00	8.8	남남동	164	8.72	26.54	1.19	8.1	1.98	8.0	3.8	서남서	244	-5.6	1011.8	-	24	
2021-02-17 03:45:00	5.6	북동	51	8.72	27.31	1.34	8.8	2.36	9.0	3.0	서	265	-5.7	1011.7	-	45	
2021-02-17 03:50:00	7.5	남남서	210	8.73	26.49	1.28	8.4	1.58	6.0	3.4	서남서	254	-5.6	1011.7	-	38	
2021-02-17 03:55:00	6.0	남남동	161	8.72	26.52	1.02	8.3	1.36	8.5	4.8	서남서	238	-5.8	1011.5	-	15	
2021-02-17 04:00:00	2.8	남	187	8.71	27.27	1.36	8.6	1.71	9.0	5.1	남서	234	-5.7	1011.5	-	36	
2021-02-17 04:05:00	8.2	남남동	153	8.72	26.62	1.18	8.9	1.47	8.0	5.8	서남서	245	-5.7	1011.4	-	16	
2021-02-17 04:10:00	1.0	남동	125	8.71	26.54	1.36	8.7	1.85	8.5	6.0	서남서	247	-5.4	1011.4	-	12	
2021-02-17 04:15:00	8.2	남동	143	8.72	26.49	1.42	8.2	1.88	8.0	6.6	서남서	251	-5.3	1011.2	-	36	
2021-02-17 04:20:00	2.0	남서	234	8.71	26.34	1.42	7.7	1.82	7.0	5.3	서	272	-5.5	1011.3	-	9	
2021-02-17 04:25:00	7.8	북	352	8.74	26.35	1.38	9.9	1.68	9.5	6.1	서남서	251	-5.7	1011.1	-	34	
2021-02-17 04:30:00	5.0	남남서	195	8.74	26.28	1.37	8.3	1.54	9.5	8.5	서북서	285	-5.2	1010.9	-	67	
2021-02-17 04:35:00	8.8	남남동	164	8.72	26.26	1.52	8.2	2.13	7.0	9.0	서북서	294	-5.3	1011.0	-	50	
2021-02-17 04:40:00	11.3	남	176	8.71	26.16	1.53	9.3	2.21	9.0	9.8	서북서	298	-5.2	1011.0	-	28	
2021-02-17 04:45:00	2.2	남남동	152	8.71	26.15	1.33	8.6	1.81	10.0	10.4	서북서	297	-5.4	1011.0	-	30	
2021-02-17 04:50:00	6.5	남남서	210	8.71	26.19	1.48	9.6	1.94	7.0	10.8	북서	305	-5.4	1011.0	-	36	
2021-02-17 04:55:00	11.8	남	173	8.71	26.19	1.31	8.3	1.61	9.5	10.8	서북서	302	-5.1	1010.8	-	24	
2021-02-17 05:00:00	8.2	남남동	157	8.71	27.13	1.28	8.7	1.67	9.0	11.9	서북서	299	-5.3	1010.9	-	24	
2021-02-17 05:05:00	14.1	남동	133	8.68	26.20	1.54	9.2	2.24	10.5	12.1	서북서	295	-5.3	1010.8	-	24	
2021-02-17 05:10:00	12.9	남남동	159	8.69	26.11	1.27	8.0	1.80	9.0	11.2	서북서	288	-5.3	1010.9	-	8	
2021-02-17 05:15:00	12.0	남동	145	8.67	26.20	1.49	8.9	2.18	8.5	11.1	서북서	288	-5.4	1010.9	-	15	
2021-02-17 05:20:00	11.4	남동	128	8.66	26.53	1.38	8.3	1.60	9.0	10.5	서북서	286	-5.4	1011.0	-	51	
2021-02-17 05:25:00	17.3	남동	145	8.65	26.31	1.27	8.0	1.58	11.5	10.2	서북서	288	-5.6	1011.0	-	18	
2021-02-17 05:30:00	11.1	남	174	8.65	27.30	1.21	9.2	1.53	10.0	8.0	서	274	-5.7	1011.0	-	39	
2021-02-17 05:35:00	10.9	남남동	161	8.65	26.47	1.31	8.5	1.81	10.5	8.4	서	274	-5.8	1010.9	-	52	
2021-02-17 05:40:00	9.8	남	173	8.65	26.39	1.36	9.1	1.60	7.0	8.9	서	277	-6.1	1010.9	-	33	
2021-02-17 05:45:00	13.4	남남동	155	8.65	27.95	1.43	9.2	1.92	8.5	7.4	서	273	-5.9	1011.0	-	22	
2021-02-17 05:50:00	4.5	남	172	8.65	26.43	1.26	8.4	1.54	10.0	6.9	서	273	-6.2	1011.2	-	7	
2021-02-17 05:55:00	10.2	남남동	150	8.64	26.58	1.23	9.3	1.46	9.0	6.7	서	278	-6.4	1011.5	-	6	
2021-02-17 06:00:00	6.8	동	99	8.65	26.41	1.41	8.8	1.72	9.0	5.1	서	268	-6.4	1011.6	-	57	
2021-02-17 06:05:00	7.7	남동	145	8.65	27.25	1.51	9.0	1.76	10.0	5.7	서	277	-6.5	1011.5	-	29	
2021-02-17 06:10:00	5.6	남남동	154	8.65	26.50	1.39	7.9	1.72	8.0	8.2	서북서	290	-6.1	1011.5	-	20	
2021-02-17 06:15:00	10.0	남남동	158	8.65	26.48	1.55	10.1	1.99	9.5	8.5	서북서	295	-6.0	1011.6	-	59	
2021-02-17 06:20:00	12.6	남남동	151	8.63	26.54	1.31	8.5	1.70	7.5	8.2	서북서	293	-6.2	1011.5	-	74	
2021-02-17 06:25:00	12.2	동남동	106	8.63	26.43	1.39	8.5	1.78	8.0	8.7	북서	308	-6.1	1011.6	-	11	
2021-02-17 06:30:00	11.5	남남동	155	8.63	26.48	1.33	8.2	2.08	10.0	8.6	북서	312	-6.2	1011.7	-	59	
2021-02-17 06:35:00	10.8	남동	143	8.63	26.72	1.42	9.0	1.60	9.5	8.9	북서	309	-6.4	1011.9	-	47	
2021-02-17 06:40:00	9.7	남남동	159	8.63	27.42	1.39	9.0	1.60	8.5	8.7	북서	309	-6.4	1012.0	-	38	
2021-02-17 06:45:00	9.3	남남동	160	8.62	26.46	1.22	8.9	1.60	6.5	8.1	북서	304	-6.1	1012.1	-	16	
2021-02-17 06:50:00	5.3	남남동	158	8.65	26.67	1.67	9.7	2.26	10.5	9.4	북서	304	-6.5	1012.1	-	49	
2021-02-17 06:55:00	10.0	남	178	8.65	26.95	1.35	7.6	1.84	8.5	8.2	서북서	291	-6.6	1012.1	-	1	
2021-02-17 07:00:00	7.4	남동	144	8.64	26.57	1.52	8.7	1.84	8.5	8.2	북서	306	-6.7	1012.1	-	7	
2021-02-17 07:05:00	15.5	남동	133	8.65	26.95	1.24	8.2	1.62	8.5	7.7	북서	307	-6.4	1012.2	-	27	
2021-02-17 07:10:00	11.5	남남동	161	8.65	26.61	1.37	8.2	1.80	8.0	8.4	북서	308	-6.7	1012.3	-	39	
2021-02-17 07:15:00	10.9	남	171	8.65	26.58	1.36	8.8	1.99	9.5	6.8	서북서	301	-6.9	1012.3	-	30	
2021-02-17 07:20:00	6.2	남	176	8.65	26.58	1.36	8.2	1.71	9.5	7.5	서북서	300	-7.0	1012.4	-	32	
2021-02-17 07:25:00	11.4	남남동	164	8.65	26.50	1.39	9.5	1.65	8.5	7.5	서북서	292	-6.8	1012.4	-	33	
2021-02-17 07:30:00	8.4	남	184	8.66	26.44	1.34	7.9	1.65	9.0	8.8	서북서	288	-6.7	1012.4	-	5	
2021-02-17 07:35:00	13.5	남남동	166	8.64	26.08	1.28	8.8	1.44	10.0	7.1	서	277	-6.9	1012.4	-	43	
2021-02-17 07:40:00	1.8	남	169	8.63	26.06	1.24	7.1	1.44	4.0	4.5	서남서	245	-7.2	1012.4	-	20	
2021-02-17 07:45:00	6.1	남동	144	8.64	26.10	1.26	7.0	1.69	9.0	4.2	서남서	242	-7.0	1012.4	-	23	
2021-02-17 07:50:00	11.5	남남동	154	8.64	26.08	1.28	8.8	1.86	10.5	4.0	서남서	239	-7.1	1012.6	-	46	
2021-02-17 07:55:00	5.6	남서	227	8.63	26.02	1.26	8.0	1.50	6.0	2.5	서	268	-7.0	1012.7	-	7	
2021-02-17 08:00:00	6.4	남	177	8.61	26.00	1.31	8.3	1.96	6.5	3.7	서남서	252	-7.2	1012.8	-	16	
2021-02-17 08:05:00	5.8	남남서	200	8.59	26.03	1.20	7.5	2.00	8.0	4.1	서남서	249	-7.1	1012.8	-	12	
2021-02-17 08:10:00	5.0	북북동	20	8.60	26.05	1.45	8.4	1.77	11.5	2.2	서남서	237	-7.3	1012.9	-	58	
2021-02-17 08:15:00	3.6	동북동	77	8.60	26.53	1.46	8.8	1.98	8.5	2.1	서남서	257	-6.9	1012.9	-	10	
2021-02-17 08:20:00	8.0	남동	129	8.60	27.04	1.47	8.6	1.83	13.0	4.2	서남서	242	-7.0	1012.8	-	34	
2021-02-17 08:25:00	4.2	남남동	154	8.60	26.30	1.41	8.1	2.42	6.5	3.3	서	263	-7.0	1012.7	-	352	
2021-02-17 08:30:00	4.3	남남동	154	8.59	26.06	1.58	8.6	2.00	7.0	4.3	서	266	-6.9	1012.7	-	16	
2021-02-17 08:35:00	5.2	남동	130	8.58	26.02	1.42	9.4	1.62	8.5	5.5	서남서	253	-6.9	1012.6	-	43	
2021-02-17 08:40:00	9.6	남	171	8.58	26.39	1.35	8.0	1.89	9.0	5.7	서남서	251	-7.0	1012.7	-	356	
2021-02-17 08:45:00	9.0	남동	139	8.56	26.14	1.54	9.1	2.00	6.5	5.5	서남서	247	-6.9	1012.6	-	69	
2021-02-17 08:50:00	4.1	동북동	57	8.56	26.02	1.21	8.3	1.55	7.5	6.5	서남서	247	-6.6	1012.5	-	52	
2021-02-17 08:55:00	14.3	남	172	8.55	25.90	1.25	8.3	1.42	8.0	5.9	서남서	245	-6.8	1012.6	-	2	
2021-02-17 09:00:00	2.6	동남동	122	8.55	25.85	1.14	9.4	1.49	10.5	3.7	서남서	247	-6.6	1012.6	-	36	
2021-02-17 09:05:00	7.8	남동	131	8.55	26.14	1.49	8.3	1.78	8.5	4.2	서남서	237	-6.4	1012.5	-	18	
2021-02-17 09:10:00	4.7	남서	226	8.54	26.22	1.39	8.2	1.69	8.0	4.1	서남서	258	-6.4	1012.4	-	20	
2021-02-17 09:15:00	6.1	남동	140	8.54	26.04	1.24	7.0	1.47	8.0	5.4	서북서	303	-6.4	1012.4	-	353	
2021-02-17 09:20:00	7.6	남	175	8.53	26.01	1.21	7.4	1.54	7.0	8.0	북서	312	-6.5	1012.3	-	352	
2021-02-17 09:25:00	15.3	남남동	154	8.53	25.89	1.36	8.0	1.74	8.0	8.8	북서	309	-6.5	1012.3	-	32	
2021-02-17 09:30:00	7.1	남남동	163	8.54	26.32	1.33	8.7	2.05	9.5	8.5	북서	306	-6.5	1012.3	-	358	
2021-02-17 09:35:00	3.6	남남서	191	8.53	26.27	1.30	7.2	1.55	9.0	8.8	서북서	298	-6.5	1012.3	-	60	
2021-02-17 09:40:00	8.9	남	185	8.54	26.21	1.21	7.8	1.69	7.0	8.9	서북서	299	-6.2	1012.3	-	17	
2021-02-17 09:45:00	3.5	남남서	201	8.55	26.09	1.12	7.8	1.72	6.0	9.4	북서	306	-6.4	1012.3	-	354	
2021-02-17 09:50:00	8.3	남남동	158	8.55	26.08	1.18	7.6	1.48	8.0	8.3	서북서	286	-6.1	1012.3	-	357	
2021-02-17 09:55:00	8.1	남	190	8.54	26.01	1.52	7.3	1.89	7.5	7.6	서북서	296	-6.5	1012.4	-	31	
2021-02-17 10:00:00	3.9	남남동	162	8.53	26.00	1.42	9.3	1.94	9.5	8.3	북서	305	-6.4	1012.3	-	53	
2021-02-17 10:05:00	4.5	남남서	199	8.53	25.22	1.52	10.1	2.02	10.0	10.1	북서	306	-6.1	1012.2	-	48	
2021-02-17 10:10:00	12.4	남동	135	8.51	26.08	1.52	8.2	2.00	8.0	9.8	북서	308	-5.9	1012.3	-	13	
2021-02-17 10:15:00	6.7	남남동	162	8.51	26.01	1.49	7.9	2.52	8.5	9.3	북서	306	-6.2	1012.3	-	3	
2021-02-17 10:20:00	8.8	남	171	8.50	26.21	1.45	7.5	1.78	8.0	9.3	서북서	303	-6.0	1012.2	-	26	
2021-02-17 10:25:00	9.0	남남동	150	8.50	26.04	1.35	8.9	2.09	7.0	10.6	북서	312	-5.9	1012.1	-	48	
2021-02-17 10:30:00	11.3	남남동	147	8.49	26.00	1.23	8.3	1.52	7.5	10.6	북서	309	-5.9	1012.0	-	8	
2021-02-17 10:35:00	6.8	남남동	165	8.48	25.97	1.45	9.0	1.75	10.5	9.2	북서	304	-6.1	1012.1	-	356	
2021-02-17 10:40:00	8.2	남동	142	8.48	25.60	1.40	9.9	1.68	7.5	10.7	북서	309	-5.9	1012.0	-	61	
2021-02-17 10:45:00	9.3	남동	133	8.48	25.58	1.62	9.9	2.02	11.0	9.1	북서	314	-6.0	1012.0	-	61	
2021-02-17 10:50:00	8.8	남남동	161	8.48	26.40	1.45	9.8	1.94	8.0	9.4	북서	314	-5.9	1012.0	-	2	
2021-02-17 10:55:00	4.7	남남서	208	8.47	26.18	1.34	10.0	1.56	12.0	8.3	서북서	301	-5.9	1012.0	-	48	
2021-02-17 11:00:00	12.1	남동	144	8.46	26.28	1.41	9.8	2.17	9.0	9.9	북서	312	-5.9	1012.0	-	51	
2021-02-17 11:05:00	13.0	남남동	151	8.46	26.31	1.47	9.1	1.99	10.0	8.5	서북서	296	-5.8	1012.0	-	38	
2021-02-17 11:10:00	7.7	남남동	166	8.46	26.29	1.50	9.7	1.78	7.0	10.7	북서	312	-5.4	1011.8	-	47	
2021-02-17 11:15:00	13.8	남동	140	8.45	26.30	1.32	8.7	1.85	10.5	10.6	북서	307	-5.4	1011.8	-	355	
2021-02-17 11:20:00	13.9	남남동	150	8.45	26.17	1.30	8.6	2.30	11.0	10.4	북서	307	-5.3	1011.8	-	47	
2021-02-17 11:25:00	18.4	남동	139	8.44	26.11	1.33	8.3	1.99	8.5	9.6	서북서	299	-5.6	1011.9	-	354	
2021-02-17 11:30:00	13.3	남동	137	8.44	26.04	1.55	8.6	1.84	9.5	9.6	북서	304	-5.4	1011.9	-	44	
2021-02-17 11:35:00	10.0	남남동	160	8.44	26.18	1.57	8.8	2.06	10.5	10.8	북서	311	-5.4	1011.9	-	3	
2021-02-17 11:40:00	9.2	남동	144	8.43	26.40	1.34	7.4	1.86	9.5	10.4	북서	309	-5.3	1011.8	-	8	
2021-02-17 11:45:00	15.2	남남동	161	8.42	26.25	1.35	8.7	1.60	8.5	9.6	북서	307	-5.3	1011.9	-	44	
2021-02-17 11:50:00	10.0	남동	140	8.42	26.24	1.62	8.6	2.11	10.5	10.0	북서	311	-5.1	1011.7	-	6	
2021-02-17 11:55:00	14.6	남남동	148	8.42	26.26	1.51	9.4	1.98	9.0	11.3	북서	309	-5.0	1011.6	-	56	
2021-02-17 12:00:00	13.2	남동	138	8.41	26.24	1.44	10.8	1.97	8.0	9.8	북서	318	-5.4	1011.7	-	64	
2021-02-17 12:05:00	13.8	남동	144	8.41	26.13	1.37	8.1	1.77	6.5	9.2	북서	315	-5.3	1011.7	-	50	
2021-02-17 12:10:00	12.3	남남동	157	8.41	26.27	1.33	8.5	1.95	9.0	9.4	북서	315	-5.3	1011.6	-	52	
2021-02-17 12:15:00	14.1	남남동	156	8.42	26.24	1.39	9.2	1.65	8.0	10.7	북서	315	-4.9	1011.5	-	62	
2021-02-17 12:20:00	9.9	남남동	158	8.42	26.41	1.39	10.2	1.69	11.0	10.8	북서	312	-5.1	1011.4	-	49	
2021-02-17 12:25:00	15.0	남남동	161	8.42	25.99	1.30	8.7	1.52	9.5	11.0	북서	317	-4.9	1011.4	-	53	
2021-02-17 12:30:00	14.1	남남동	154	8.42	26.31	1.43	9.0	1.74	14.0	10.7	북서	308	-4.8	1011.2	-	353	
2021-02-17 12:35:00	16.3	남남동	153	8.42	26.11	1.44	8.0	1.95	9.5	9.3	북서	308	-5.0	1011.3	-	0	
2021-02-17 12:40:00	14.9	남남동	155	8.43	26.01	1.58	9.8	1.91	9.0	9.4	북서	305	-4.5	1011.2	-	62	
2021-02-17 12:45:00	14.5	남남동	152	8.43	26.04	1.46	8.3	1.80	8.5	8.8	북서	312	-4.8	1011.0	-	67	
2021-02-17 12:50:00	10.7	남남동	164	8.43	26.08	1.25	8.3	1.72	10.0	9.2	북서	309	-4.7	1011.1	-	39	
2021-02-17 12:55:00	8.6	남	170	8.44	25.88	1.36	8.5	2.19	8.0	9.6	북서	305	-4.6	1011.0	-	357	
2021-02-17 13:00:00	10.3	남	172	8.43	26.14	1.35	7.8	1.80	7.0	9.2	서북서	295	-4.5	1010.9	-	28	
2021-02-17 13:05:00	15.9	남남동	163	8.42	26.01	1.18	8.3	1.42	9.5	8.8	서북서	289	-4.7	1011.0	-	47	
2021-02-17 13:10:00	8.9	남남동	160	8.42	26.10	1.60	8.9	1.93	8.5	10.6	북서	304	-4.5	1010.9	-	1	
2021-02-17 13:15:00	7.2	남남동	157	8.42	26.03	1.41	9.3	1.75	8.0	8.4	서북서	297	-4.5	1010.8	-	4	
2021-02-17 13:20:00	9.1	남남동	160	8.41	26.17	1.51	8.7	1.85	9.0	11.0	북서	314	-4.2	1010.6	-	13	
2021-02-17 13:25:00	4.1	남	169	8.40	26.16	1.40	7.8	1.92	7.5	9.2	북서	308	-4.3	1010.7	-	14	
2021-02-17 13:30:00	3.3	남남서	207	8.40	26.18	1.37	8.6	1.85	6.5	10.8	북서	308	-4.3	1010.7	-	39	
2021-02-17 13:35:00	7.6	남남동	149	8.40	26.24	1.34	8.1	1.66	8.0	9.8	북서	312	-4.2	1010.7	-	356	
2021-02-17 13:40:00	11.4	남남동	159	8.40	26.08	1.37	8.1	1.93	8.5	10.2	북서	307	-4.1	1010.7	-	20	
2021-02-17 13:45:00	12.8	남남동	164	8.40	26.12	1.44	8.5	1.67	7.0	11.0	서북서	301	-4.0	1010.7	-	7	
2021-02-17 13:50:00	5.8	남남동	149	8.40	26.14	1.58	10.0	2.15	13.5	10.7	북서	313	-4.0	1010.7	-	7	
2021-02-17 13:55:00	8.8	남동	137	8.40	26.07	1.30	8.2	1.94	11.5	11.2	북서	309	-4.1	1010.7	-	34	
2021-02-17 14:00:00	14.6	남남동	154	8.39	26.24	1.43	8.0	1.75	7.0	10.0	서북서	302	-4.1	1010.7	-	8	
2021-02-17 14:05:00	8.0	남남동	161	8.39	26.24	1.32	8.3	1.51	9.0	11.0	서북서	299	-3.9	1010.7	-	11	
2021-02-17 14:10:00	3.7	남동	135	8.38	26.24	1.14	9.1	1.48	10.5	9.5	서북서	300	-4.1	1010.7	-	84	
2021-02-17 14:15:00	4.7	남	174	8.39	26.26	1.44	8.6	1.79	9.5	11.9	북서	315	-3.8	1010.5	-	3	
2021-02-17 14:20:00	7.1	동남동	120	8.38	26.22	1.32	8.7	1.60	9.0	11.1	북서	308	-3.9	1010.6	-	49	
2021-02-17 14:25:00	10.2	남남동	159	8.38	26.23	1.53	8.5	1.91	9.5	9.7	북서	304	-3.9	1010.6	-	32	
2021-02-17 14:30:00	12.4	남남동	151	8.38	26.06	1.47	8.5	2.09	8.5	11.0	서북서	296	-3.7	1010.6	-	15	
2021-02-17 14:35:00	11.8	남동	146	8.38	26.04	1.41	8.9	1.67	9.0	11.4	북서	315	-3.6	1010.6	-	26	
2021-02-17 14:40:00	12.4	남남동	154	8.37	25.93	1.18	8.1	1.65	7.5	11.3	북서	306	-3.4	1010.6	-	64	
2021-02-17 14:45:00	4.5	남동	137	8.36	26.21	1.25	6.9	2.06	8.5	11.3	북서	307	-3.4	1010.5	-	30	
2021-02-17 14:50:00	16.7	남동	136	8.33	26.19	1.10	7.8	1.32	11.0	10.9	북서	311	-3.6	1010.6	-	33	
2021-02-17 14:55:00	15.5	남동	134	8.31	26.35	1.34	8.5	1.92	8.5	11.5	북서	305	-3.5	1010.7	-	1	
2021-02-17 15:00:00	20.4	남동	142	8.30	25.95	1.25	8.3	2.05	8.5	12.0	북서	304	-3.2	1010.6	-	16	
2021-02-17 15:05:00	19.9	남동	134	8.27	26.07	1.32	9.3	1.57	9.0	11.5	북서	312	-3.2	1010.7	-	54	
2021-02-17 15:10:00	22.6	남동	142	8.28	26.18	1.32	9.0	1.72	9.5	11.0	북서	310	-3.5	1010.7	-	53	
2021-02-17 15:15:00	16.4	남동	144	8.28	26.20	1.22	8.5	1.46	6.5	12.0	서북서	299	-3.3	1010.6	-	34	
2021-02-17 15:20:00	14.7	남남동	148	8.29	26.28	1.24	8.3	1.75	9.0	11.1	북서	308	-3.2	1010.6	-	41	
2021-02-17 15:25:00	15.2	남남동	148	8.31	26.25	1.11	8.5	1.38	10.5	11.1	서북서	302	-3.2	1010.7	-	10	
2021-02-17 15:30:00	16.2	남남동	147	8.31	26.35	1.23	7.3	1.56	7.0	9.6	서북서	295	-3.0	1010.8	-	9	
2021-02-17 15:35:00	18.6	남남동	150	8.32	25.82	1.41	8.0	2.03	9.0	11.0	서북서	303	-3.3	1010.8	-	6	
2021-02-17 15:40:00	17.1	남동	143	8.32	25.89	1.29	7.8	1.57	10.5	11.9	북서	304	-3.2	1010.9	-	1	
2021-02-17 15:45:00	12.9	남남동	166	8.33	26.32	1.32	8.2	1.67	9.0	9.2	서북서	292	-3.3	1010.9	-	14	
2021-02-17 15:50:00	18.4	남남동	147	8.33	26.33	1.35	7.8	1.78	7.5	9.9	서북서	303	-3.2	1010.9	-	12	
2021-02-17 15:55:00	13.6	남동	137	8.32	26.30	1.50	9.3	2.11	9.5	10.4	서북서	300	-2.9	1011.0	-	34	
2021-02-17 16:00:00	18.4	남남동	146	8.31	25.91	1.26	7.6	1.85	8.5	10.7	서북서	300	-2.9	1011.0	-	333	
2021-02-17 16:05:00	18.7	남동	142	8.31	26.14	1.28	9.7	1.68	12.0	11.3	북서	306	-3.0	1011.0	-	48	
2021-02-17 16:10:00	17.7	남동	141	8.31	26.50	1.43	8.5	1.85	8.0	11.7	북서	304	-3.0	1010.9	-	25	
2021-02-17 16:15:00	18.8	남동	140	8.30	26.50	1.33	7.9	1.83	9.0	10.8	북서	304	-3.3	1011.0	-	67	
2021-02-17 16:20:00	22.2	남남동	151	8.30	26.45	1.43	8.4	2.00	8.0	11.7	서북서	300	-3.1	1011.1	-	356	
2021-02-17 16:25:00	14.4	남남동	165	8.29	26.71	1.43	7.8	1.82	9.0	11.3	북서	305	-3.3	1011.0	-	15	
2021-02-17 16:30:00	16.6	남동	136	8.29	26.36	1.43	8.4	1.85	7.0	10.9	북서	306	-3.1	1011.0	-	3	
2021-02-17 16:35:00	16.9	남남동	149	8.28	26.38	1.52	8.3	1.71	8.0	10.8	서북서	297	-3.0	1011.0	-	354	
2021-02-17 16:40:00	9.4	남남동	167	8.27	26.45	1.27	7.7	1.56	10.0	9.1	서북서	291	-3.4	1011.2	-	25	
2021-02-17 16:45:00	12.5	남남동	155	8.27	26.57	1.59	8.1	1.86	10.0	9.9	서북서	297	-3.4	1011.3	-	350	
2021-02-17 16:50:00	8.7	남남동	165	8.26	26.27	1.22	7.8	1.58	6.5	9.8	북서	304	-3.2	1011.3	-	358	
2021-02-17 16:55:00	16.8	남남동	148	8.25	26.35	1.26	8.7	1.72	9.0	11.2	북서	308	-3.3	1011.3	-	12	
2021-02-17 17:00:00	21.7	남동	146	8.24	25.79	1.18	7.8	1.75	8.5	10.5	북서	307	-3.1	1011.3	-	48	
2021-02-17 17:05:00	12.3	남남동	163	8.23	26.12	1.34	8.3	1.96	8.0	10.3	서북서	298	-3.2	1011.5	-	11	
2021-02-17 17:10:00	14.1	남남동	151	8.23	26.00	1.18	7.4	1.54	9.5	10.8	서북서	302	-3.0	1011.5	-	12	
2021-02-17 17:15:00	19.5	남동	133	8.19	26.04	1.43	8.3	1.89	9.0	11.9	서북서	300	-3.1	1011.6	-	19	
2021-02-17 17:20:00	18.7	남동	141	8.19	26.00	1.38	8.6	1.69	9.0	10.8	서북서	301	-3.2	1011.6	-	349	
2021-02-17 17:25:00	18.6	남동	145	8.18	26.35	1.38	7.9	1.86	9.0	10.6	북서	304	-3.4	1011.7	-	19	
2021-02-17 17:30:00	17.6	남동	138	8.17	26.30	1.20	7.5	1.72	8.0	10.6	서북서	301	-3.2	1011.8	-	0	
2021-02-17 17:35:00	17.2	남동	144	8.18	26.23	1.40	7.6	1.86	8.0	10.8	서북서	293	-3.3	1012.0	-	2	
2021-02-17 17:40:00	17.1	남남동	151	8.18	26.32	0.97	8.2	1.22	8.5	10.7	서북서	303	-3.5	1012.0	-	46	
2021-02-17 17:45:00	18.6	남동	127	8.16	26.30	1.29	8.6	1.66	7.5	10.9	북서	307	-3.6	1012.0	-	350	
2021-02-17 17:50:00	17.5	남동	134	8.16	26.45	1.13	8.5	1.94	8.0	9.9	서북서	301	-3.4	1012.1	-	13	
2021-02-17 17:55:00	16.5	남동	140	8.14	26.54	1.19	8.0	1.50	7.5	10.1	서북서	296	-3.6	1012.2	-	2	
2021-02-17 18:00:00	17.2	남동	140	8.12	26.54	1.31	7.5	1.75	9.0	9.0	서북서	297	-3.6	1012.3	-	4	
2021-02-17 18:05:00	10.9	남동	138	8.13	26.47	1.21	7.2	1.71	8.0	8.0	서북서	296	-3.7	1012.4	-	37	
2021-02-17 18:10:00	16.5	남남동	155	8.13	26.29	1.19	8.2	2.01	8.0	8.1	서북서	296	-3.7	1012.6	-	2	
2021-02-17 18:15:00	13.8	남남동	156	8.14	26.11	1.36	7.7	1.85	7.5	8.4	서북서	299	-3.6	1012.7	-	36	
2021-02-17 18:20:00	15.4	남남동	167	8.14	26.41	1.30	7.8	2.20	6.0	8.7	서북서	290	-3.8	1012.8	-	2	
2021-02-17 18:25:00	17.7	남남동	164	8.14	26.32	1.35	7.8	1.72	8.0	7.4	서북서	285	-3.7	1012.8	-	61	
2021-02-17 18:30:00	17.5	남남동	164	8.13	26.32	1.34	8.6	1.72	8.0	9.4	서북서	291	-3.9	1012.8	-	356	
2021-02-17 18:35:00	15.1	남남동	152	8.09	26.21	1.25	8.0	1.59	8.0	8.6	서북서	295	-3.9	1012.8	-	27	
2021-02-17 18:40:00	18.9	남동	143	8.09	26.53	1.30	8.5	1.83	8.5	9.6	서북서	299	-3.7	1012.8	-	6	
2021-02-17 18:45:00	15.3	남남동	160	8.11	26.78	1.18	7.2	1.61	7.5	10.9	서북서	287	-3.6	1012.8	-	47	
2021-02-17 18:50:00	14.9	남남동	163	8.10	26.05	1.31	8.0	1.95	9.5	9.8	서북서	284	-3.9	1013.0	-	7	
2021-02-17 18:55:00	10.6	남	173	8.10	26.41	1.24	8.0	1.61	9.0	10.1	서북서	292	-3.7	1013.1	-	54	
2021-02-17 19:00:00	14.1	남남동	148	8.08	26.39	1.28	8.2	1.65	7.0	9.5	서북서	288	-3.5	1013.2	-	7	
2021-02-17 19:05:00	9.1	남남동	147	8.08	25.84	1.33	7.5	1.88	7.5	10.6	서북서	290	-4.0	1013.1	-	345	
2021-02-17 19:10:00	18.2	동남동	124	8.05	26.66	1.25	9.0	1.76	9.0	9.9	서	273	-3.7	1013.3	-	38	
2021-02-17 19:15:00	14.3	남동	146	8.06	26.96	1.31	7.5	1.78	8.5	8.8	서북서	282	-4.1	1013.4	-	13	
2021-02-17 19:20:00	16.5	남남동	155	8.07	25.90	1.26	8.3	1.73	9.0	9.2	서	277	-4.2	1013.5	-	38	
2021-02-17 19:25:00	11.6	남남동	160	8.05	27.18	1.12	7.7	1.58	8.5	8.8	서북서	283	-4.0	1013.5	-	33	
2021-02-17 19:30:00	12.9	남동	126	8.05	26.68	1.21	8.8	1.69	9.0	8.8	서북서	287	-4.1	1013.6	-	1	
2021-02-17 19:35:00	13.6	남동	128	8.05	26.55	1.20	8.0	1.58	5.5	9.2	서	278	-4.1	1013.7	-	9	
2021-02-17 19:40:00	13.1	남동	135	8.02	26.91	1.25	7.3	1.56	7.5	9.0	서북서	282	-4.2	1013.8	-	346	
2021-02-17 19:45:00	15.7	남동	135	8.02	27.45	1.31	8.5	1.73	7.0	9.2	서	278	-4.3	1013.8	-	36	
2021-02-17 19:50:00	11.8	남동	141	8.02	25.76	1.08	8.1	1.31	10.0	8.6	서북서	287	-4.2	1013.9	-	359	
2021-02-17 19:55:00	12.9	남남동	165	8.00	26.53	1.14	7.4	1.36	7.5	8.1	서	276	-4.4	1013.9	-	39	
2021-02-17 20:00:00	17.8	남남동	156	8.00	26.66	1.42	8.1	1.83	8.0	9.1	서북서	286	-4.2	1013.9	-	357	
2021-02-17 20:05:00	18.2	남동	137	7.99	26.65	1.10	7.6	1.46	6.5	8.2	서북서	283	-4.4	1014.0	-	20	
2021-02-17 20:10:00	15.4	남남동	155	8.01	26.46	1.35	7.4	1.84	7.5	7.5	서	279	-4.5	1014.1	-	5	
2021-02-17 20:15:00	17.7	남남동	152	8.01	27.05	1.44	8.8	1.82	7.0	7.3	서	277	-4.4	1014.0	-	358	
2021-02-17 20:20:00	14.4	남남동	154	8.04	26.55	1.09	8.2	1.35	11.0	6.7	서	280	-4.7	1014.1	-	22	
2021-02-17 20:25:00	15.6	남남동	149	8.09	26.47	1.04	7.6	1.32	10.0	7.4	서	281	-4.6	1014.0	-	29	
2021-02-17 20:30:00	22.0	남남동	150	8.15	26.92	1.26	8.0	1.62	7.0	6.8	서	278	-4.5	1014.0	-	3	
2021-02-17 20:35:00	20.0	남남동	147	8.19	26.48	1.03	8.2	1.25	7.0	7.1	서	272	-4.7	1014.1	-	10	
2021-02-17 20:40:00	18.7	남남동	158	8.20	26.47	1.14	8.2	1.52	7.0	7.5	서	275	-4.6	1014.2	-	38	
2021-02-17 20:45:00	20.9	남남동	159	8.24	27.41	1.12	8.0	1.36	6.5	7.2	서북서	283	-4.7	1014.3	-	42	
2021-02-17 20:50:00	15.8	남남동	154	8.27	26.45	1.22	7.8	1.85	8.0	6.8	서북서	284	-5.0	1014.4	-	9	
2021-02-17 20:55:00	16.3	남남동	158	8.33	26.25	1.32	7.2	1.87	7.0	6.5	서	279	-4.8	1014.5	-	5	
2021-02-17 21:00:00	16.7	남남동	164	8.34	27.11	1.14	8.0	1.40	7.0	6.4	서	277	-4.9	1014.6	-	21	
2021-02-17 21:05:00	12.8	남	182	8.38	26.47	1.07	8.4	1.52	8.5	5.9	서	279	-4.8	1014.7	-	48	
2021-02-17 21:10:00	7.9	남	169	8.41	26.30	1.35	7.7	1.73	7.5	7.1	서북서	283	-4.7	1014.7	-	3	
2021-02-17 21:15:00	15.5	남남동	167	8.43	26.39	1.22	8.0	1.52	7.0	7.1	서북서	283	-4.8	1014.8	-	343	
2021-02-17 21:20:00	15.1	남	180	8.44	26.58	1.09	8.9	1.46	8.5	7.3	서북서	282	-4.8	1014.8	-	36	
2021-02-17 21:25:00	17.6	남남동	158	8.45	26.41	1.46	8.7	1.74	9.0	7.5	서북서	288	-4.8	1014.9	-	355	
2021-02-17 21:30:00	7.1	남남서	197	8.50	26.51	1.10	7.7	1.65	8.0	7.2	서북서	282	-4.9	1015.0	-	29	
2021-02-17 21:35:00	11.9	남남동	156	8.48	26.77	1.24	8.3	1.70	7.5	7.2	서	280	-5.0	1015.1	-	59	
2021-02-17 21:40:00	9.6	남	179	8.50	27.51	1.22	8.9	1.90	8.5	5.8	서	280	-5.1	1015.1	-	355	
2021-02-17 21:45:00	11.4	남남동	150	8.53	26.49	1.23	7.6	1.64	7.5	6.1	서북서	283	-5.1	1015.2	-	13	
2021-02-17 21:50:00	10.8	남	175	8.60	26.32	1.11	8.0	1.54	11.5	5.6	서	275	-5.3	1015.2	-	9	
2021-02-17 21:55:00	7.0	남	189	8.61	26.43	1.13	9.3	1.51	9.5	6.0	서	279	-5.4	1015.3	-	36	
2021-02-17 22:00:00	17.2	남동	146	8.63	26.79	1.07	7.5	1.44	6.5	6.2	서	270	-5.3	1015.3	-	51	
2021-02-17 22:05:00	15.0	남	176	8.64	26.78	0.93	7.5	1.15	10.0	6.9	서	274	-5.3	1015.3	-	34	
2021-02-17 22:10:00	15.4	남	172	8.63	27.13	1.30	8.4	1.51	8.0	5.8	서	274	-5.4	1015.4	-	30	
2021-02-17 22:15:00	14.8	남남동	157	8.65	26.42	1.30	9.5	1.61	12.0	6.3	서	274	-5.4	1015.4	-	8	
2021-02-17 22:20:00	14.8	남남동	168	8.67	26.38	1.05	7.7	1.30	8.0	6.1	서	273	-5.5	1015.4	-	358	
2021-02-17 22:25:00	11.9	남남동	168	8.66	26.39	0.93	7.6	1.12	8.5	5.7	서	270	-5.6	1015.4	-	28	
2021-02-17 22:30:00	12.0	남남동	162	8.65	26.49	1.38	9.0	2.08	8.0	5.5	서	271	-5.7	1015.5	-	356	
2021-02-17 22:35:00	7.1	남	179	8.66	26.51	1.25	8.9	1.56	6.0	6.0	서	277	-5.5	1015.5	-	39	
2021-02-17 22:40:00	9.9	남남동	158	8.64	26.84	1.26	7.7	1.94	9.0	5.9	서	269	-5.7	1015.6	-	16	
2021-02-17 22:45:00	12.5	남동	145	8.66	26.91	1.04	7.9	1.53	8.5	6.1	서	278	-5.6	1015.7	-	8	
2021-02-17 22:50:00	11.4	남남동	162	8.66	26.81	1.21	7.7	1.65	8.5	6.0	서	279	-5.6	1015.7	-	5	
2021-02-17 22:55:00	10.7	남남동	168	8.65	26.52	1.10	8.0	1.38	9.0	4.8	서	264	-5.6	1015.8	-	22	
2021-02-17 23:00:00	1.1	서	275	8.63	26.46	0.97	7.3	1.63	8.0	4.5	서남서	256	-5.9	1015.8	-	2	
2021-02-17 23:05:00	7.2	북	353	8.66	26.48	1.18	7.9	1.44	5.5	4.4	서	267	-6.0	1015.9	-	15	
2021-02-17 23:10:00	6.1	남남서	196	8.75	26.68	1.02	7.5	1.37	10.5	4.6	서	267	-6.0	1015.9	-	25	
2021-02-17 23:15:00	13.0	남	182	8.74	25.81	1.03	7.9	1.48	8.0	5.1	서	261	-5.9	1015.9	-	6	
2021-02-17 23:20:00	12.5	남	169	8.78	26.37	1.07	8.6	1.41	8.0	5.1	서	263	-6.0	1015.9	-	4	
2021-02-17 23:25:00	12.6	남남서	192	8.76	26.42	0.97	7.3	1.23	8.0	5.4	서	259	-6.1	1015.9	-	345	
2021-02-17 23:30:00	12.9	남	181	8.77	26.45	1.06	7.5	1.26	10.0	5.3	서	260	-6.0	1015.9	-	3	
2021-02-17 23:35:00	18.0	남남동	160	8.79	26.38	1.31	9.8	1.78	9.5	5.1	서	260	-6.1	1015.9	-	48	
2021-02-17 23:40:00	13.9	남남동	162	8.80	26.46	1.06	7.9	1.28	7.5	5.7	서남서	254	-6.2	1015.9	-	357	
2021-02-17 23:45:00	12.5	남남동	163	8.84	26.40	0.89	7.9	1.36	8.5	5.8	서	262	-6.1	1015.9	-	4	
2021-02-17 23:50:00	12.9	남남동	165	8.94	26.37	1.03	7.5	1.23	8.5	5.3	서	260	-6.1	1015.9	-	34	
2021-02-17 23:55:00	14.4	남	178	8.98	26.36	1.04	8.1	1.33	11.5	5.2	서	261	-6.2	1015.9	-	42	
2021-02-18 00:00:00	10.6	남남서	211	9.04	26.28	1.01	8.1	1.26	10.5	5.1	서남서	256	-6.2	1015.8	-	29	
2021-02-18 00:05:00	7.0	남동	143	9.05	26.32	0.95	8.8	1.26	8.0	4.5	서	261	-6.2	1015.8	-	66	
2021-02-18 00:10:00	0.6	북서	321	9.06	26.30	0.94	7.9	1.19	7.5	5.1	서남서	239	-6.4	1015.9	-	5	
2021-02-18 00:15:00	17.3	남	183	9.07	26.22	1.07	8.0	1.28	6.5	5.6	서남서	242	-6.7	1016.0	-	359	
2021-02-18 00:20:00	2.1	동북동	78	9.07	26.50	1.09	8.5	1.37	8.0	5.6	서남서	247	-6.6	1016.0	-	12	
2021-02-18 00:25:00	3.4	북북동	20	9.07	26.34	1.15	8.7	1.67	8.5	5.7	서남서	250	-6.6	1016.0	-	41	
2021-02-18 00:30:00	3.2	서남서	257	9.08	26.34	1.08	7.1	1.33	8.5	5.3	서남서	254	-6.7	1016.1	-	10	
2021-02-18 00:35:00	4.5	동남동	116	9.08	26.54	1.03	8.3	1.84	7.5	5.1	서남서	252	-6.6	1016.1	-	21	
2021-02-18 00:40:00	4.4	북	354	9.08	26.73	1.05	8.5	1.52	7.5	5.0	서남서	252	-6.6	1016.1	-	358	
2021-02-18 00:45:00	7.4	동남동	122	9.21	26.65	0.99	7.5	1.35	8.0	4.7	서남서	255	-6.6	1016.1	-	359	
2021-02-18 00:50:00	1.5	북서	308	9.23	26.62	1.18	7.7	1.80	7.0	4.6	서남서	252	-6.5	1016.1	-	353	
2021-02-18 00:55:00	4.5	북북서	326	9.25	26.75	1.15	8.0	1.34	7.0	4.7	서남서	248	-6.6	1016.1	-	5	
2021-02-18 01:00:00	3.6	북	1	9.28	26.15	0.95	7.0	1.69	7.0	4.4	서남서	243	-6.7	1016.2	-	358	
2021-02-18 01:05:00	4.0	서	267	9.28	26.73	1.03	7.1	1.41	9.5	5.4	서남서	244	-6.6	1016.2	-	8	
2021-02-18 01:10:00	5.2	북북서	327	9.27	26.74	1.25	7.9	1.84	7.0	5.3	서남서	242	-6.8	1016.2	-	3	
2021-02-18 01:15:00	2.0	서	272	9.25	26.12	1.14	8.4	1.42	6.0	5.5	서남서	243	-6.9	1016.1	-	21	
2021-02-18 01:20:00	2.2	북서	318	9.24	27.16	1.25	7.7	2.11	9.5	5.4	서남서	242	-7.0	1016.1	-	5	
2021-02-18 01:25:00	9.6	서	280	9.22	27.14	0.98	8.3	1.64	8.0	5.3	서남서	238	-7.0	1015.9	-	12	
2021-02-18 01:30:00	2.4	남	186	9.35	26.83	1.04	7.4	1.44	7.0	5.6	서남서	238	-7.1	1015.8	-	2	
2021-02-18 01:35:00	10.4	서북서	302	9.44	26.77	1.22	7.7	1.60	9.5	5.5	남서	231	-7.1	1015.7	-	15	
2021-02-18 01:40:00	10.8	북북서	341	9.44	27.00	0.91	7.6	1.24	8.0	5.5	서남서	240	-7.2	1015.7	-	347	
2021-02-18 01:45:00	6.4	북북서	342	9.45	27.31	1.03	8.5	1.54	10.0	5.7	서남서	240	-7.0	1015.6	-	12	
2021-02-18 01:50:00	6.9	북북서	329	9.46	26.67	0.97	7.3	1.36	10.5	6.1	서남서	239	-7.0	1015.7	-	52	
2021-02-18 01:55:00	6.3	북서	305	9.46	26.71	0.97	8.6	1.60	8.5	6.0	서남서	243	-7.1	1015.7	-	350	
2021-02-18 02:00:00	4.7	남남서	202	9.48	27.52	1.10	7.1	1.51	10.0	6.4	서남서	241	-6.9	1015.8	-	356	
2021-02-18 02:05:00	4.8	북북서	331	9.48	26.83	1.13	9.0	1.41	9.5	6.7	남서	233	-7.1	1015.8	-	357	
2021-02-18 02:10:00	7.6	서북서	297	9.51	26.81	1.11	8.3	1.48	9.0	6.9	남서	230	-7.1	1015.8	-	0	
2021-02-18 02:15:00	8.6	서북서	298	9.52	26.73	1.02	7.6	1.45	9.0	6.2	남서	232	-7.2	1015.9	-	343	
2021-02-18 02:20:00	2.2	북서	305	9.52	26.55	1.03	7.7	1.29	7.5	6.0	남서	236	-7.2	1015.9	-	4	
2021-02-18 02:25:00	1.5	서	270	9.52	26.53	1.01	8.6	1.37	8.0	6.4	서남서	244	-7.1	1016.0	-	358	
2021-02-18 02:30:00	7.5	서남서	243	9.52	26.62	1.28	8.1	1.64	9.0	6.3	서남서	250	-7.2	1015.9	-	3	
2021-02-18 02:35:00	4.2	북서	320	9.51	27.13	1.16	8.6	1.45	11.0	6.2	서남서	241	-7.1	1016.0	-	5	
2021-02-18 02:40:00	4.7	북서	320	9.50	26.71	1.21	7.3	1.71	8.0	5.9	남서	236	-7.3	1016.0	-	3	
2021-02-18 02:45:00	4.3	남서	216	9.50	26.84	1.16	7.7	1.51	8.5	6.3	남서	230	-7.4	1016.0	-	356	
2021-02-18 02:50:00	7.3	북북서	343	9.49	26.82	1.15	8.9	1.39	9.0	7.5	남서	234	-7.2	1016.0	-	356	
2021-02-18 02:55:00	6.7	북북서	329	9.49	26.94	1.09	7.6	1.44	7.5	6.5	서남서	243	-7.5	1016.0	-	13	
2021-02-18 03:00:00	10.2	북	1	9.48	26.92	1.10	8.2	1.51	8.0	6.0	서남서	242	-7.3	1016.0	-	349	
2021-02-18 03:05:00	5.0	북서	307	9.48	26.67	1.41	8.7	1.99	9.0	6.1	서남서	247	-7.2	1016.1	-	6	
2021-02-18 03:10:00	4.4	서북서	298	9.49	26.77	1.33	8.3	1.76	7.5	5.6	남서	235	-7.5	1016.2	-	5	
2021-02-18 03:15:00	12.3	서북서	291	9.47	26.69	1.28	7.6	1.48	6.5	5.4	남서	231	-7.4	1016.2	-	353	
2021-02-18 03:20:00	3.9	서	268	9.51	26.89	1.08	8.4	1.34	8.0	5.8	서남서	240	-7.5	1016.1	-	14	
2021-02-18 03:25:00	4.5	서	273	9.53	26.77	1.29	8.0	1.63	7.5	7.0	서남서	242	-7.2	1016.1	-	358	
2021-02-18 03:30:00	6.5	서	275	9.55	26.82	1.17	7.3	1.40	6.0	6.4	서남서	240	-7.3	1016.2	-	17	
2021-02-18 03:35:00	5.0	북서	308	9.56	26.96	1.14	7.9	1.55	8.5	6.4	남서	233	-7.2	1016.2	-	6	
2021-02-18 03:40:00	3.6	서북서	297	9.57	26.93	1.31	8.8	1.53	9.0	6.3	서남서	238	-7.5	1016.2	-	347	
2021-02-18 03:45:00	2.8	북북서	329	9.56	27.14	1.18	7.4	1.43	7.0	6.0	서남서	237	-7.5	1016.2	-	345	
2021-02-18 03:50:00	7.3	북	359	9.56	27.42	1.21	7.9	1.64	8.0	6.2	서남서	246	-7.6	1016.2	-	354	
2021-02-18 03:55:00	5.4	서	259	9.56	26.74	1.37	7.7	1.95	8.5	6.8	서남서	238	-7.6	1016.2	-	349	
2021-02-18 04:00:00	4.1	서	275	9.56	26.72	1.26	9.1	1.75	8.0	6.6	서남서	239	-7.4	1016.3	-	353	
2021-02-18 04:05:00	7.7	서북서	290	9.56	26.66	1.26	7.7	1.74	9.0	6.5	남서	236	-7.6	1016.3	-	9	
2021-02-18 04:10:00	7.3	북서	324	9.55	26.61	1.30	8.1	1.61	10.5	6.1	남서	231	-7.6	1016.4	-	346	
2021-02-18 04:15:00	6.2	서	273	9.55	26.57	1.24	8.4	1.44	6.0	6.3	남서	236	-7.8	1016.4	-	3	
2021-02-18 04:20:00	10.1	서남서	253	9.60	27.32	1.12	8.1	1.51	8.5	6.6	남서	235	-7.7	1016.4	-	343	
2021-02-18 04:25:00	7.1	북서	308	9.73	26.80	1.22	9.8	1.52	11.5	6.2	남서	234	-7.7	1016.5	-	2	
2021-02-18 04:30:00	2.5	서	279	9.75	26.90	1.19	8.8	1.48	7.0	5.8	서남서	237	-7.7	1016.6	-	342	
2021-02-18 04:35:00	10.2	서북서	290	9.75	26.56	1.22	7.5	1.53	6.5	5.4	남서	232	-7.6	1016.6	-	7	
2021-02-18 04:40:00	6.8	서북서	284	9.76	26.57	1.19	8.7	1.55	9.0	4.9	서남서	238	-7.5	1016.6	-	350	
2021-02-18 04:45:00	8.2	서	279	9.76	26.56	1.25	8.1	1.55	8.5	5.3	서남서	237	-7.7	1016.6	-	6	
2021-02-18 04:50:00	5.9	북서	308	9.75	26.63	1.16	9.0	1.72	9.5	5.5	서남서	237	-7.8	1016.6	-	359	
2021-02-18 04:55:00	7.0	서북서	292	9.74	26.57	1.21	8.4	1.68	8.0	5.8	서남서	241	-7.6	1016.6	-	3	
2021-02-18 05:00:00	2.6	남서	229	9.73	26.41	1.24	7.4	1.96	8.5	5.5	서남서	240	-7.5	1016.6	-	1	
2021-02-18 05:05:00	8.8	북서	307	9.72	26.60	1.36	8.2	1.92	8.0	5.5	서남서	245	-7.2	1016.6	-	5	
2021-02-18 05:10:00	12.4	북서	306	9.72	26.61	1.16	8.3	1.57	8.5	5.9	서남서	240	-7.5	1016.6	-	14	
2021-02-18 05:15:00	8.7	남남동	152	9.76	26.91	1.23	8.7	1.58	10.5	5.9	남서	227	-7.7	1016.6	-	354	
2021-02-18 05:20:00	3.7	남남서	200	9.77	26.66	1.09	8.0	1.47	8.5	6.0	남서	227	-7.6	1016.7	-	4	
2021-02-18 05:25:00	5.3	동남동	122	9.79	26.75	1.11	9.0	1.48	8.5	6.2	남서	226	-7.7	1016.7	-	63	
2021-02-18 05:30:00	6.9	남남동	150	9.80	26.66	1.10	8.3	1.43	10.0	5.9	남서	230	-7.7	1016.7	-	351	
2021-02-18 05:35:00	12.2	남동	124	9.80	26.80	1.38	8.1	1.86	6.5	6.1	남서	236	-7.6	1016.7	-	14	
2021-02-18 05:40:00	7.7	북	356	9.79	26.77	1.25	7.6	1.57	7.0	6.5	남서	230	-7.5	1016.7	-	2	
2021-02-18 05:45:00	6.0	남남동	162	9.77	26.76	1.25	7.9	1.52	7.5	6.5	남서	234	-7.6	1016.7	-	0	
2021-02-18 05:50:00	5.5	동북동	61	9.77	26.70	1.15	7.9	1.49	7.0	6.1	남서	233	-7.5	1016.8	-	0	
2021-02-18 05:55:00	5.2	남동	145	9.76	26.76	1.24	8.2	1.46	7.0	6.3	남서	235	-7.5	1016.8	-	356	
2021-02-18 06:00:00	4.3	남동	136	9.77	26.95	1.19	8.4	1.66	9.5	5.8	서남서	238	-7.7	1016.9	-	349	
2021-02-18 06:05:00	10.3	남	170	9.75	26.76	1.21	8.0	1.47	6.5	6.5	서남서	244	-7.6	1016.8	-	348	
2021-02-18 06:10:00	7.8	남남동	164	9.75	26.53	1.13	7.4	1.45	9.5	6.4	서남서	248	-7.6	1016.8	-	22	
2021-02-18 06:15:00	1.3	남동	125	9.74	26.55	1.22	7.8	1.51	10.0	6.2	서남서	244	-7.7	1016.8	-	11	
2021-02-18 06:20:00	7.0	남남동	160	9.73	26.55	1.20	7.7	1.67	7.0	5.7	서남서	237	-7.7	1016.8	-	350	
2021-02-18 06:25:00	7.5	남동	139	9.74	26.71	1.06	9.9	1.24	9.5	5.7	남서	233	-7.7	1016.8	-	52	
2021-02-18 06:30:00	9.2	남남동	159	9.74	26.41	1.43	8.9	1.88	10.0	5.6	남서	233	-7.8	1016.9	-	357	
2021-02-18 06:35:00	12.5	남	171	9.74	26.59	1.27	8.9	1.70	12.0	5.5	서남서	237	-7.7	1017.0	-	356	
2021-02-18 06:40:00	7.5	남남동	155	9.71	26.64	1.19	8.2	1.51	10.5	5.3	남서	235	-7.7	1017.0	-	354	
2021-02-18 06:45:00	1.5	북	0	9.71	26.61	1.27	9.5	1.57	12.0	5.4	서남서	237	-7.6	1017.2	-	53	
2021-02-18 06:50:00	3.6	동북동	68	9.72	26.54	1.11	8.5	1.45	8.5	5.5	남서	235	-7.7	1017.2	-	354	
2021-02-18 06:55:00	5.5	남동	131	9.71	26.52	1.22	10.0	1.53	9.5	5.0	남서	228	-7.7	1017.3	-	56	
2021-02-18 07:00:00	1.8	동남동	123	9.69	25.73	1.34	9.7	1.92	6.5	5.5	남서	233	-7.6	1017.3	-	59	
2021-02-18 07:05:00	11.1	남남동	148	9.70	26.70	1.29	8.5	1.84	9.0	5.8	남서	233	-7.7	1017.3	-	8	
2021-02-18 07:10:00	16.2	남	171	9.67	26.64	1.33	8.2	1.90	7.5	5.5	서남서	237	-7.6	1017.4	-	359	
2021-02-18 07:15:00	3.2	북북동	32	9.68	26.24	1.24	8.8	1.70	10.0	5.4	서남서	238	-7.3	1017.4	-	52	
2021-02-18 07:20:00	8.9	남남동	167	9.66	26.86	1.10	8.0	1.52	7.0	5.4	남서	236	-7.2	1017.5	-	24	
2021-02-18 07:25:00	1.0	남	189	9.65	26.72	1.06	9.0	1.46	10.0	6.4	남서	235	-7.3	1017.6	-	356	
2021-02-18 07:30:00	1.1	남동	142	9.70	26.72	1.37	8.4	1.67	8.5	5.8	서남서	238	-7.4	1017.7	-	350	
2021-02-18 07:35:00	6.5	남동	137	9.72	25.99	0.99	8.3	1.65	10.5	6.1	서남서	244	-7.5	1017.7	-	350	
2021-02-18 07:40:00	6.3	북북동	32	9.74	26.62	1.17	8.6	1.51	10.0	6.4	서남서	245	-7.5	1017.7	-	355	
2021-02-18 07:45:00	5.5	남서	223	9.75	26.57	1.17	9.6	1.51	10.5	6.0	서남서	243	-7.4	1017.8	-	66	
2021-02-18 07:50:00	14.5	북북서	329	9.76	26.50	1.19	9.2	1.78	11.0	6.0	서남서	238	-7.3	1017.8	-	10	
2021-02-18 07:55:00	5.6	남서	236	9.79	26.55	1.18	8.5	1.70	7.5	6.8	서남서	243	-7.1	1017.8	-	23	
2021-02-18 08:00:00	8.6	북북서	330	9.80	26.36	1.30	8.9	1.65	9.0	6.7	서남서	243	-7.0	1017.8	-	7	
2021-02-18 08:05:00	9.8	서남서	251	9.81	26.33	1.23	9.1	1.47	9.5	6.1	서남서	243	-6.9	1018.0	-	53	
2021-02-18 08:10:00	8.0	서북서	304	9.80	26.37	1.21	9.5	1.66	9.5	6.0	서남서	242	-7.0	1018.1	-	69	
2021-02-18 08:15:00	6.8	북서	308	9.79	26.43	1.26	8.5	1.71	7.5	5.6	서남서	250	-6.9	1018.1	-	61	
2021-02-18 08:20:00	6.6	서	263	9.79	26.42	1.24	10.3	1.63	9.5	5.8	서남서	245	-6.8	1018.2	-	67	
2021-02-18 08:25:00	1.1	서남서	252	9.78	26.37	1.25	8.2	1.72	7.5	5.6	남서	233	-6.7	1018.2	-	5	
2021-02-18 08:30:00	8.3	남	172	9.77	26.50	1.02	9.2	1.29	8.5	6.6	남서	236	-6.8	1018.1	-	12	
2021-02-18 08:35:00	6.2	서	274	9.80	26.49	1.13	7.8	1.54	8.0	6.1	서남서	240	-6.5	1018.1	-	21	
2021-02-18 08:40:00	14.0	북서	320	9.80	26.39	1.41	9.0	2.12	8.0	6.2	서남서	243	-6.5	1018.2	-	23	
2021-02-18 08:45:00	13.4	북북서	338	9.77	26.39	1.13	8.8	1.39	12.0	5.8	서남서	241	-6.4	1018.2	-	60	
2021-02-18 08:50:00	9.0	서북서	291	9.78	26.40	1.25	8.1	1.52	8.5	5.8	서남서	241	-6.3	1018.2	-	354	
2021-02-18 08:55:00	7.0	서남서	249	9.79	26.45	1.31	8.2	1.62	6.0	5.9	남서	230	-6.2	1018.2	-	10	
2021-02-18 09:00:00	5.0	북북서	338	9.80	26.40	1.19	8.9	1.45	8.0	6.4	남서	234	-6.0	1018.2	-	37	
2021-02-18 09:05:00	1.2	서남서	257	9.79	26.28	1.14	9.0	1.55	10.5	5.4	서남서	243	-5.9	1018.1	-	48	
2021-02-18 09:10:00	8.7	서북서	294	9.77	26.39	1.15	9.9	1.38	11.5	5.8	서남서	239	-5.7	1018.1	-	59	
2021-02-18 09:15:00	11.0	북서	310	9.78	26.19	1.16	8.7	1.45	6.5	5.0	남서	236	-5.6	1018.2	-	44	
2021-02-18 09:20:00	6.1	서남서	244	9.78	26.31	1.36	9.8	1.53	9.5	5.2	남서	232	-5.4	1018.2	-	68	
2021-02-18 09:25:00	6.8	남남동	168	9.77	26.33	1.30	9.3	1.90	10.0	4.7	남서	233	-5.5	1018.2	-	43	
2021-02-18 09:30:00	9.4	남동	144	9.76	26.31	1.18	9.3	1.49	8.0	3.8	서남서	238	-5.3	1018.3	-	20	
2021-02-18 09:35:00	5.0	서북서	288	9.76	26.42	1.39	9.1	1.93	9.5	4.1	남서	236	-5.2	1018.2	-	39	
2021-02-18 09:40:00	12.2	서북서	293	9.77	26.38	1.26	8.6	1.84	9.5	4.4	남서	234	-5.1	1018.1	-	43	
2021-02-18 09:45:00	9.0	북북서	330	9.77	26.41	1.38	10.1	1.80	8.0	5.1	남서	231	-5.0	1018.1	-	64	
2021-02-18 09:50:00	9.1	서	271	9.75	26.40	1.38	8.7	1.75	8.5	3.8	남서	232	-4.9	1018.2	-	19	
2021-02-18 09:55:00	9.0	북북서	333	9.74	26.44	1.00	8.3	1.50	8.5	4.3	남서	232	-4.7	1018.1	-	19	
2021-02-18 10:00:00	3.9	북동	42	9.73	26.24	1.45	10.4	1.70	10.5	3.8	서남서	239	-4.6	1018.1	-	48	
2021-02-18 10:05:00	16.8	북북동	12	9.73	26.34	1.18	9.6	1.57	10.0	4.1	남서	229	-4.4	1018.0	-	48	
2021-02-18 10:10:00	31.2	북북서	339	9.72	26.30	1.18	8.3	1.56	11.0	3.7	남서	215	-4.3	1017.9	-	39	
2021-02-18 10:15:00	9.2	서남서	248	9.77	26.46	1.36	9.0	1.77	10.5	3.9	남서	225	-4.0	1017.9	-	26	
2021-02-18 10:20:00	12.9	북	358	9.78	26.44	1.44	8.7	1.87	10.0	3.3	서남서	250	-3.7	1017.9	-	31	
2021-02-18 10:25:00	11.0	서북서	297	9.78	26.57	1.32	9.3	2.11	9.0	3.7	북서	307	-3.6	1018.0	-	44	
2021-02-18 10:30:00	3.8	남서	232	9.82	26.57	1.24	9.5	1.69	10.5	3.6	북서	319	-3.3	1017.9	-	44	
2021-02-18 10:35:00	3.7	서북서	282	9.84	26.58	1.42	9.5	2.13	9.5	4.6	서북서	289	-3.2	1017.8	-	56	
2021-02-18 10:40:00	10.9	서	278	9.87	26.50	1.23	8.7	1.96	9.5	3.4	서북서	284	-3.1	1017.9	-	40	
2021-02-18 10:45:00	25.8	북북동	26	9.88	26.48	1.23	9.5	2.24	9.0	3.4	북북서	329	-2.9	1017.7	-	22	
2021-02-18 10:50:00	11.5	북서	305	9.87	26.46	1.23	10.3	1.51	10.0	2.6	북북서	338	-2.9	1017.8	-	69	
2021-02-18 10:55:00	12.6	북북동	29	9.89	26.42	1.47	9.5	1.74	8.5	3.7	북북서	338	-2.3	1017.8	-	49	
2021-02-18 11:00:00	5.4	북서	322	9.92	26.41	1.27	9.6	1.64	8.5	3.0	북북서	345	-2.3	1018.0	-	56	
2021-02-18 11:05:00	6.5	서	264	9.92	26.39	1.52	9.5	2.54	10.0	3.2	북	355	-2.3	1018.0	-	47	
2021-02-18 11:10:00	9.9	남서	222	9.92	26.37	1.63	9.6	1.99	9.5	2.5	북	9	-2.3	1018.2	-	47	
2021-02-18 11:15:00	10.5	서북서	303	9.92	26.46	1.38	9.1	1.72	7.0	2.1	북	354	-2.2	1018.2	-	8	
2021-02-18 11:20:00	12.6	서	265	9.92	26.06	1.35	9.2	1.52	9.0	2.1	북북동	14	-2.3	1018.3	-	68	
2021-02-18 11:25:00	21.7	북서	321	9.92	26.27	1.44	9.8	1.74	9.0	3.8	북동	34	-2.0	1018.3	-	65	
2021-02-18 11:30:00	9.2	서북서	283	9.91	26.15	1.44	10.0	1.99	8.5	4.0	북북동	22	-2.0	1018.3	-	27	
2021-02-18 11:35:00	7.4	서	259	9.91	26.41	1.40	9.3	1.99	9.0	4.4	북북동	23	-2.0	1018.4	-	35	
2021-02-18 11:40:00	4.4	북서	315	9.90	26.35	1.45	10.4	1.85	10.5	4.7	북북동	12	-1.8	1018.4	-	58	
2021-02-18 11:45:00	9.3	서북서	294	9.89	26.33	1.43	9.1	1.94	9.5	5.3	북북동	32	-2.0	1018.5	-	40	
2021-02-18 11:50:00	11.0	서북서	297	9.89	25.95	1.45	8.1	1.78	8.5	5.6	북북동	20	-2.0	1018.4	-	57	
2021-02-18 11:55:00	-	-	-	9.91	26.29	0.00	0.0	0.00	0.0	6.0	북북동	13	-1.5	1018.4	-	38	
2021-02-18 12:00:00	10.8	서	273	9.90	26.32	1.46	10.3	2.09	10.5	5.4	북북동	15	-1.9	1018.4	-	35	
2021-02-18 12:05:00	2.1	동남동	122	9.89	26.47	1.66	9.7	2.07	9.5	4.8	북	355	-2.0	1018.4	-	32	
2021-02-18 12:10:00	7.1	서북서	295	9.89	26.38	1.40	9.3	1.74	9.5	5.6	북	351	-2.0	1018.3	-	46	
2021-02-18 12:15:00	0.1	북북서	329	9.89	26.23	1.52	9.6	1.97	10.5	4.3	북북서	346	-2.0	1018.4	-	35	
2021-02-18 12:20:00	13.6	북서	308	9.89	26.79	1.56	10.5	2.17	9.5	4.2	북	9	-2.0	1018.4	-	38	
2021-02-18 12:25:00	4.9	북	1	9.88	26.69	1.48	9.4	1.90	7.0	4.0	북	2	-2.1	1018.4	-	28	
2021-02-18 12:30:00	22.0	서북서	296	9.88	26.20	1.52	9.2	1.88	9.0	3.7	북	358	-1.8	1018.3	-	59	
2021-02-18 12:35:00	17.0	북북서	332	9.88	25.97	1.49	9.1	1.91	9.0	4.1	북북서	333	-1.7	1018.3	-	41	
2021-02-18 12:40:00	11.5	북서	316	9.88	26.73	1.64	9.9	1.84	10.0	2.9	북	355	-1.5	1018.2	-	46	
2021-02-18 12:45:00	7.9	북북서	329	9.88	27.02	1.31	10.0	1.64	7.5	3.4	북북서	347	-1.6	1018.1	-	38	
2021-02-18 12:50:00	5.9	북서	305	9.87	26.24	1.86	9.1	2.33	9.0	2.6	북	349	-1.5	1018.0	-	39	
2021-02-18 12:55:00	18.2	서북서	294	9.87	26.21	1.71	9.6	2.45	8.5	2.7	북북동	21	-1.3	1017.9	-	32	
2021-02-18 13:00:00	12.5	북북서	334	9.86	26.44	1.80	9.2	2.43	8.5	3.4	북북동	21	-1.3	1017.8	-	35	
2021-02-18 13:05:00	12.2	서북서	283	9.86	26.83	1.42	9.5	1.87	8.0	3.2	북북동	18	-1.3	1017.8	-	38	
2021-02-18 13:10:00	6.6	북북서	343	9.85	26.74	1.61	10.3	2.09	9.5	2.2	북	0	-1.3	1017.7	-	38	
2021-02-18 13:15:00	9.7	서	279	9.84	26.20	1.58	9.9	2.09	9.0	1.8	북북서	342	-1.4	1017.7	-	40	
2021-02-18 13:20:00	7.7	북서	318	9.84	26.11	1.59	9.8	1.95	10.0	2.0	북북동	16	-1.2	1017.7	-	33	
2021-02-18 13:25:00	7.6	서북서	298	9.85	26.26	1.24	8.4	1.85	10.0	2.0	북	5	-1.3	1017.8	-	29	
2021-02-18 13:30:00	15.0	북북서	330	9.84	26.36	1.79	9.3	2.38	10.0	2.1	북북서	337	-1.1	1017.8	-	47	
2021-02-18 13:35:00	24.9	북동	43	9.85	27.55	1.72	9.8	2.04	10.0	2.5	북북동	17	-1.3	1017.7	-	29	
2021-02-18 13:40:00	2.7	북	9	9.85	26.52	1.78	9.8	2.53	10.0	2.3	북북동	12	-1.2	1017.6	-	34	
2021-02-18 13:45:00	15.5	서북서	298	9.85	26.17	1.64	9.8	2.50	9.0	1.9	북	0	-1.0	1017.6	-	37	
2021-02-18 13:50:00	5.4	북동	37	9.85	26.13	1.38	9.9	1.87	10.0	2.5	북북서	334	-0.9	1017.5	-	39	
2021-02-18 13:55:00	9.4	북북서	335	9.85	26.04	1.49	10.1	1.99	9.5	1.5	북	1	-1.3	1017.5	-	43	
2021-02-18 14:00:00	11.3	북서	314	9.85	26.73	1.63	10.1	2.05	10.0	0.8	북북서	343	-0.9	1017.5	-	38	
2021-02-18 14:05:00	6.6	북	6	9.86	25.89	1.43	9.5	1.70	11.5	1.5	북	354	-0.5	1017.4	-	30	
2021-02-18 14:10:00	20.0	북북동	13	9.86	26.77	1.62	10.2	2.09	9.5	1.6	북	9	-0.7	1017.3	-	41	
2021-02-18 14:15:00	18.4	북북서	334	9.85	27.07	1.53	10.5	1.86	10.5	1.6	북	357	-0.8	1017.3	-	30	
2021-02-18 14:20:00	13.4	북북동	26	9.85	26.64	1.65	9.0	2.16	8.5	1.7	북북동	14	-0.7	1017.3	-	46	
2021-02-18 14:25:00	2.8	서남서	253	9.84	26.74	1.61	9.4	2.01	10.0	2.1	북북동	24	-0.7	1017.3	-	41	
2021-02-18 14:30:00	-	-	-	-	-	-	-	-	-	-	-	-	-	-	-	-	
2021-02-18 14:35:00	-	-	-	9.82	26.40	0.00	0.0	0.00	0.0	2.3	북북서	342	-0.4	1017.3	-	61	
2021-02-18 14:40:00	5.6	북서	321	9.80	26.39	1.60	11.0	1.97	11.0	2.2	북북동	13	-0.4	1017.2	-	61	
2021-02-18 14:45:00	9.6	북	351	9.80	26.40	1.65	9.6	1.95	9.5	1.6	북	9	-0.3	1017.2	-	34	
2021-02-18 14:50:00	13.2	북서	311	9.80	26.37	1.50	9.8	2.29	11.0	2.2	북	350	0.0	1017.1	-	35	
2021-02-18 14:55:00	14.5	북동	51	9.80	26.38	1.61	10.1	2.02	10.5	2.6	북북서	343	0.1	1017.2	-	57	
2021-02-18 15:00:00	9.4	북북서	332	9.80	26.47	1.25	9.0	1.53	8.0	2.8	북	6	-0.2	1017.2	-	29	
2021-02-18 15:05:00	19.0	북	354	9.78	26.19	1.31	8.1	1.94	9.0	2.7	북	1	0.0	1017.2	-	31	
2021-02-18 15:10:00	14.5	북북서	339	9.76	26.37	1.55	11.2	1.64	9.0	2.8	북북동	17	0.2	1017.2	-	33	
2021-02-18 15:15:00	8.4	북	355	9.75	26.62	1.44	10.3	2.46	9.0	2.9	북북동	14	0.4	1017.1	-	46	
2021-02-18 15:20:00	6.6	북동	46	9.77	26.12	1.60	9.8	1.84	9.0	2.5	북북동	12	0.5	1017.2	-	49	
2021-02-18 15:25:00	9.7	서	275	9.79	26.89	1.40	9.5	1.77	13.0	2.3	북	5	0.7	1017.2	-	50	
2021-02-18 15:30:00	6.6	북서	316	9.80	26.54	1.54	9.0	2.04	10.5	1.9	북북동	16	0.9	1017.3	-	16	
2021-02-18 15:35:00	6.8	서	270	9.80	26.56	1.44	9.6	1.76	9.5	2.0	북	358	1.1	1017.3	-	43	
2021-02-18 15:40:00	3.7	동북동	61	9.80	26.51	1.21	8.7	1.60	10.0	1.5	북	355	1.2	1017.3	-	34	
2021-02-18 15:45:00	10.9	북서	325	9.81	26.51	1.39	10.7	1.70	12.0	0.5	북북서	340	1.4	1017.4	-	45	
2021-02-18 15:50:00	5.8	북동	46	9.81	26.60	1.44	9.5	2.32	10.0	0.5	북	5	1.9	1017.3	-	33	
2021-02-18 15:55:00	5.9	북서	312	9.81	26.66	1.35	10.3	1.70	8.5	0.4	북	355	1.9	1017.4	-	25	
2021-02-18 16:00:00	6.0	북	8	9.81	26.78	1.51	8.2	2.77	10.5	0.9	북북동	13	2.2	1017.3	-	28	
2021-02-18 16:05:00	5.0	서	276	9.81	26.61	1.66	10.3	1.93	9.5	0.3	서	272	2.1	1017.3	-	48	
2021-02-18 16:10:00	10.9	서북서	284	9.82	26.54	1.46	9.5	1.80	10.0	1.8	남서	223	2.3	1017.3	-	38	
2021-02-18 16:15:00	5.1	서북서	287	9.83	26.53	1.31	8.3	1.88	8.5	2.3	서	260	1.9	1017.2	-	43	
2021-02-18 16:20:00	12.7	북	353	9.82	26.60	1.37	9.1	1.78	9.0	1.7	서남서	240	1.9	1017.2	-	48	
2021-02-18 16:25:00	8.6	북북서	333	9.82	26.42	1.31	8.9	1.71	10.5	0.7	남	183	2.3	1017.3	-	45	
2021-02-18 16:30:00	5.2	북	357	9.81	25.66	1.38	9.5	1.65	9.5	2.6	남남서	204	2.4	1017.3	-	34	
2021-02-18 16:35:00	10.9	북서	308	9.82	26.69	1.54	10.8	2.18	9.5	3.3	남서	229	2.2	1017.3	-	53	
2021-02-18 16:40:00	8.7	북북서	330	9.82	26.25	1.39	9.8	1.76	9.5	2.2	남남서	209	2.2	1017.4	-	73	
2021-02-18 16:45:00	3.9	북동	40	9.81	26.21	1.24	9.0	1.35	8.0	1.6	남남서	205	2.2	1017.4	-	52	
2021-02-18 16:50:00	6.5	북서	318	9.81	26.33	1.40	9.3	1.76	10.0	1.5	남남서	197	2.3	1017.5	-	63	
2021-02-18 16:55:00	5.4	북	4	9.81	26.00	1.31	9.5	1.81	10.0	3.2	남서	233	2.3	1017.5	-	24	
2021-02-18 17:00:00	8.6	북서	320	9.81	25.99	1.13	8.4	1.39	9.0	3.3	서남서	239	2.4	1017.5	-	40	
2021-02-18 17:05:00	11.6	북북서	342	9.80	26.05	1.44	9.5	2.02	11.0	2.9	남서	218	2.2	1017.6	-	23	
2021-02-18 17:10:00	4.9	동남동	103	9.79	26.19	1.41	10.4	1.58	11.0	3.0	서남서	242	2.2	1017.6	-	9	
2021-02-18 17:15:00	3.9	북서	317	9.79	26.32	1.22	8.1	1.58	6.0	3.0	서남서	251	2.2	1017.6	-	63	
2021-02-18 17:20:00	1.5	서남서	258	9.79	26.83	1.49	9.3	2.07	7.5	3.5	서남서	246	2.1	1017.6	-	47	
2021-02-18 17:25:00	4.3	북동	42	9.77	26.44	1.37	10.3	1.93	11.0	3.2	서남서	239	2.0	1017.6	-	52	
2021-02-18 17:30:00	7.8	북	350	9.77	26.28	1.29	10.4	1.73	9.5	3.5	서남서	237	2.1	1017.7	-	43	
2021-02-18 17:35:00	7.2	북	3	9.76	25.81	1.32	10.5	1.97	10.5	3.8	남서	234	1.9	1017.8	-	26	
2021-02-18 17:40:00	6.4	남남서	204	9.75	25.75	1.43	9.5	1.75	13.5	5.5	남서	227	1.7	1017.7	-	44	
2021-02-18 17:45:00	6.3	북서	315	9.75	26.16	1.27	10.5	1.59	11.0	5.0	남서	232	1.4	1017.8	-	25	
2021-02-18 17:50:00	9.0	북서	320	9.73	26.16	1.44	9.8	1.62	10.0	5.6	남서	232	1.2	1017.9	-	44	
2021-02-18 17:55:00	7.8	서북서	288	9.72	26.30	1.22	11.2	1.32	9.0	5.4	남서	233	1.1	1017.9	-	47	
2021-02-18 18:00:00	10.0	북서	318	9.73	26.45	1.47	9.0	1.98	8.5	5.7	남서	230	1.0	1018.0	-	34	
2021-02-18 18:05:00	9.0	북북서	345	9.72	26.75	1.30	9.2	1.43	8.0	5.6	남서	234	0.9	1018.0	-	38	
2021-02-18 18:10:00	5.5	북북동	16	9.71	26.68	1.36	10.6	1.74	10.0	5.7	서남서	238	0.9	1018.1	-	72	
2021-02-18 18:15:00	8.4	북북서	343	9.72	26.69	1.44	10.6	1.72	10.0	5.5	서남서	237	0.8	1018.1	-	45	
2021-02-18 18:20:00	11.4	남서	228	9.72	26.83	1.16	10.3	1.43	10.5	5.8	남서	232	0.7	1018.2	-	67	
2021-02-18 18:25:00	4.4	북서	319	9.72	26.75	1.46	10.1	1.76	10.5	5.9	남서	233	0.6	1018.3	-	57	
2021-02-18 18:30:00	8.6	북	3	9.70	26.66	1.88	11.5	2.31	9.5	5.6	남서	226	0.5	1018.3	-	58	
2021-02-18 18:35:00	18.0	북	2	9.69	26.62	1.28	10.5	1.55	10.0	5.8	남서	229	0.5	1018.2	-	63	
2021-02-18 18:40:00	13.3	북	8	9.68	26.99	1.45	10.5	2.08	11.5	5.3	남서	225	0.4	1018.3	-	74	
2021-02-18 18:45:00	2.4	북북동	16	9.69	27.00	1.34	9.6	1.67	10.0	5.7	남서	227	0.5	1018.2	-	56	
2021-02-18 18:50:00	6.9	동북동	74	9.68	26.96	1.06	8.8	1.43	9.5	5.7	남서	223	0.2	1018.3	-	22	
2021-02-18 18:55:00	8.2	북북동	32	9.68	27.16	1.31	10.8	1.62	12.0	5.6	남서	222	0.2	1018.3	-	31	
2021-02-18 19:00:00	8.9	북북동	21	9.70	27.01	1.41	10.1	1.77	9.5	5.4	남서	227	0.2	1018.3	-	54	
2021-02-18 19:05:00	1.4	북북동	16	9.69	26.97	1.39	9.9	1.65	12.5	5.4	남서	223	0.1	1018.3	-	60	
2021-02-18 19:10:00	6.3	북북동	12	9.66	27.11	1.35	9.1	1.91	8.0	5.1	남서	217	0.3	1018.3	-	32	
2021-02-18 19:15:00	4.5	동북동	66	9.65	26.84	1.27	10.7	1.86	9.5	5.6	남서	219	0.1	1018.3	-	75	
2021-02-18 19:20:00	6.3	북북동	30	9.64	27.10	1.44	9.3	1.67	8.0	5.6	남서	221	0.0	1018.3	-	38	
2021-02-18 19:25:00	4.3	북동	47	9.64	26.95	1.56	10.6	2.11	8.0	6.2	남서	226	0.0	1018.2	-	33	
2021-02-18 19:30:00	7.6	동북동	67	9.67	27.25	1.43	9.9	1.99	10.0	6.5	남서	228	0.0	1018.2	-	57	
2021-02-18 19:35:00	3.5	동	97	9.66	26.86	1.25	10.5	1.68	9.5	6.5	남서	228	0.0	1018.1	-	73	
2021-02-18 19:40:00	7.5	북동	54	9.66	26.93	1.47	11.9	2.05	11.5	6.0	남서	232	-0.1	1018.1	-	68	
2021-02-18 19:45:00	8.0	북북동	26	9.65	26.06	1.48	9.4	2.13	11.5	6.3	남서	229	-0.1	1018.1	-	68	
2021-02-18 19:50:00	7.0	동북동	57	9.62	26.55	1.19	10.2	1.67	10.0	6.1	남서	225	-0.1	1018.2	-	51	
2021-02-18 19:55:00	4.3	동남동	122	9.57	26.65	1.16	9.1	1.69	8.5	6.4	남서	230	-0.2	1018.2	-	61	
2021-02-18 20:00:00	7.2	동북동	77	9.56	26.49	1.61	11.6	2.42	8.5	6.5	남서	229	-0.1	1018.3	-	52	
2021-02-18 20:05:00	6.4	동북동	75	9.56	26.51	1.02	9.4	1.34	11.5	6.4	남서	229	0.0	1018.4	-	59	
2021-02-18 20:10:00	6.2	북동	46	9.56	26.61	1.14	9.4	1.30	10.0	7.0	남서	229	-0.2	1018.4	-	42	
2021-02-18 20:15:00	5.0	동	100	9.56	26.38	1.30	9.4	1.70	11.5	7.1	남서	226	-0.1	1018.4	-	58	
2021-02-18 20:20:00	2.8	동	95	9.56	26.73	1.32	10.7	1.85	11.5	6.7	남서	230	0.0	1018.4	-	68	
2021-02-18 20:25:00	6.6	북동	52	9.56	26.90	1.24	10.6	1.64	13.0	7.4	남서	230	-0.1	1018.4	-	70	
2021-02-18 20:30:00	1.6	동	84	9.54	26.69	1.33	9.2	1.83	10.5	7.4	남서	231	-0.1	1018.4	-	18	
2021-02-18 20:35:00	6.9	남동	145	9.53	26.57	1.22	9.8	1.63	8.5	7.7	남서	229	-0.1	1018.3	-	75	
2021-02-18 20:40:00	4.9	동남동	103	9.54	26.54	1.13	9.1	1.91	10.0	6.9	남서	230	0.1	1018.5	-	56	
2021-02-18 20:45:00	5.2	동남동	114	9.55	26.60	1.10	9.9	1.38	8.5	6.9	남서	233	-0.1	1018.5	-	44	
2021-02-18 20:50:00	6.5	동남동	122	9.56	26.62	1.09	9.6	1.42	7.0	7.0	남서	234	0.0	1018.4	-	79	
2021-02-18 20:55:00	3.7	동남동	107	9.57	26.50	1.39	10.3	1.67	12.5	7.1	남서	235	0.0	1018.5	-	59	
2021-02-18 21:00:00	7.1	동남동	109	9.55	26.47	1.24	8.8	1.51	10.0	7.2	남서	228	0.0	1018.4	-	57	
2021-02-18 21:05:00	3.8	남	174	9.56	26.44	1.30	9.2	1.85	10.5	7.1	남서	230	0.1	1018.4	-	38	
2021-02-18 21:10:00	2.2	남남동	159	9.55	26.51	1.15	9.3	1.67	11.5	7.1	남서	230	-0.1	1018.3	-	52	
2021-02-18 21:15:00	4.2	동남동	105	9.56	26.51	1.29	10.3	1.47	11.0	7.2	남서	228	-0.1	1018.3	-	63	
2021-02-18 21:20:00	7.8	남남동	159	9.56	26.54	1.19	11.2	1.72	8.5	7.3	남서	228	-0.2	1018.4	-	66	
2021-02-18 21:25:00	3.1	남남동	163	9.54	26.50	1.06	11.8	1.55	12.0	7.1	남서	233	0.0	1018.5	-	57	
2021-02-18 21:30:00	3.5	북동	50	9.54	26.61	1.32	10.7	1.97	14.0	7.7	남서	235	-0.2	1018.6	-	57	
2021-02-18 21:35:00	1.5	동남동	107	9.55	26.52	1.33	11.2	1.93	7.5	7.6	남서	235	-0.1	1018.7	-	48	
2021-02-18 21:40:00	5.5	남남동	150	9.53	26.55	1.21	10.1	1.90	9.5	7.7	남서	235	-0.1	1018.6	-	66	
2021-02-18 21:45:00	4.8	남동	136	9.53	26.51	1.19	12.0	1.49	12.5	8.0	남서	231	-0.2	1018.6	-	57	
2021-02-18 21:50:00	3.3	남남동	166	9.53	26.48	1.09	8.0	1.44	8.0	8.3	남서	227	-0.2	1018.4	-	19	
2021-02-18 21:55:00	1.4	남동	142	9.54	26.47	1.16	11.6	1.89	10.0	7.7	남서	228	-0.2	1018.3	-	50	
2021-02-18 22:00:00	1.8	남남동	160	9.52	26.49	1.27	10.0	2.20	10.0	7.4	남서	226	-0.1	1018.3	-	49	
2021-02-18 22:05:00	2.0	동	82	9.51	26.52	1.13	9.9	1.60	10.5	7.1	남서	232	-0.1	1018.3	-	75	
2021-02-18 22:10:00	3.1	남	170	9.50	26.62	1.22	11.1	1.47	11.5	7.8	남서	232	-0.2	1018.2	-	78	
2021-02-18 22:15:00	1.2	남	180	9.50	26.51	1.17	10.8	1.42	8.5	7.5	남서	229	0.0	1018.1	-	62	
2021-02-18 22:20:00	2.2	북동	55	9.48	26.52	1.24	10.1	1.45	12.0	7.8	남서	226	-0.1	1018.1	-	59	
2021-02-18 22:25:00	1.0	북	2	9.47	26.55	1.25	9.6	1.70	6.5	7.9	남서	229	-0.1	1018.0	-	54	
2021-02-18 22:30:00	2.1	남서	230	9.47	26.47	1.22	9.8	1.64	13.0	8.5	남서	231	-0.2	1017.9	-	66	
2021-02-18 22:35:00	3.8	북북동	15	9.46	25.99	1.33	10.3	1.84	9.0	7.9	남서	227	-0.1	1017.8	-	61	
2021-02-18 22:40:00	7.6	남	175	9.46	27.18	1.28	9.8	1.92	9.0	8.3	남서	230	-0.1	1017.8	-	45	
2021-02-18 22:45:00	3.8	동남동	103	9.44	26.89	1.14	9.9	1.46	11.0	9.0	남서	228	-0.2	1017.6	-	49	
2021-02-18 22:50:00	0.9	남남동	152	9.44	26.96	1.04	10.3	1.44	8.0	9.2	남서	230	-0.1	1017.6	-	64	
2021-02-18 22:55:00	2.2	남남동	160	9.44	26.69	1.45	10.5	1.87	10.5	9.1	남서	228	-0.1	1017.5	-	50	
2021-02-18 23:00:00	4.7	남	172	9.44	26.74	1.50	11.7	2.06	10.5	8.9	남서	226	-0.2	1017.4	-	59	
2021-02-18 23:05:00	1.3	동북동	79	9.44	26.74	1.27	11.0	1.71	9.0	10.1	남서	227	-0.1	1017.3	-	55	
2021-02-18 23:10:00	3.5	동북동	78	9.43	26.73	1.23	9.5	1.77	10.5	9.2	남서	227	-0.1	1017.3	-	59	
2021-02-18 23:15:00	3.1	동북동	61	9.41	26.42	1.20	11.3	1.84	11.0	9.1	남서	228	0.0	1017.3	-	46	
2021-02-18 23:20:00	3.2	동남동	102	9.42	27.18	1.29	10.0	1.93	9.5	9.2	남서	224	-0.1	1017.2	-	58	
2021-02-18 23:25:00	3.2	동	97	9.43	27.13	1.46	11.0	2.23	9.5	9.4	남서	226	0.0	1017.2	-	47	
2021-02-18 23:30:00	2.7	동남동	109	9.44	27.09	1.37	11.4	1.65	12.5	8.4	남서	228	0.1	1017.2	-	41	
2021-02-18 23:35:00	0.7	남남동	163	9.44	26.92	1.05	9.3	1.53	10.0	8.7	남서	231	0.1	1017.2	-	51	
2021-02-18 23:40:00	3.9	남동	137	9.44	26.90	1.47	10.2	1.86	9.5	8.7	남서	234	0.0	1017.2	-	45	
2021-02-18 23:45:00	2.1	남	178	9.45	26.88	1.02	11.7	1.29	11.0	8.8	서남서	237	-0.2	1017.1	-	63	
2021-02-18 23:50:00	1.4	동	92	9.44	27.29	1.29	11.2	2.12	11.0	8.5	남서	233	-0.1	1017.2	-	61	
2021-02-18 23:55:00	0.7	서	276	9.43	26.81	1.24	10.8	1.58	10.5	8.7	남서	234	-0.2	1017.2	-	56	
2021-02-19 00:00:00	3.5	동북동	59	9.43	26.79	1.21	9.8	1.50	8.5	9.3	남서	232	-0.2	1017.2	-	60	
2021-02-19 00:05:00	2.2	북	356	9.42	26.79	1.22	10.1	1.78	10.0	9.3	남서	228	-0.3	1017.2	-	62	
2021-02-19 00:10:00	4.0	남동	139	9.40	26.79	1.33	10.8	1.72	11.5	8.7	남서	236	-0.2	1017.2	-	57	
2021-02-19 00:15:00	1.2	동북동	71	9.39	26.73	1.25	10.4	1.59	9.0	8.7	남서	231	-0.2	1017.2	-	58	
2021-02-19 00:20:00	2.8	북동	43	9.38	26.90	1.44	10.4	2.21	10.0	8.5	남서	230	-0.3	1017.2	-	50	
2021-02-19 00:25:00	2.1	동남동	111	9.38	26.93	1.42	12.1	1.94	11.5	8.1	남서	230	-0.2	1017.1	-	57	
2021-02-19 00:30:00	3.2	동북동	69	9.38	26.95	1.30	11.7	1.80	10.0	8.3	남서	235	-0.1	1017.1	-	49	
2021-02-19 00:35:00	0.9	동북동	75	9.38	26.99	1.51	11.0	2.11	13.0	8.2	남서	232	-0.3	1017.1	-	48	
2021-02-19 00:40:00	5.8	북북동	25	9.38	27.66	1.39	10.6	1.51	10.5	8.1	남서	230	-0.2	1017.1	-	56	
2021-02-19 00:45:00	1.8	북서	318	9.38	27.40	1.29	11.3	1.89	12.0	8.7	남서	234	-0.1	1017.0	-	58	
2021-02-19 00:50:00	2.3	서	269	9.36	26.88	1.15	10.8	1.67	11.0	7.3	남서	230	0.0	1017.0	-	45	
2021-02-19 00:55:00	2.4	동	84	9.36	26.92	1.28	11.2	1.56	11.0	8.4	남서	228	-0.2	1016.9	-	45	
2021-02-19 01:00:00	3.6	북북서	337	9.36	26.90	1.28	10.9	1.50	9.0	8.9	남서	231	-0.1	1016.8	-	87	
2021-02-19 01:05:00	4.3	북서	318	9.39	26.81	1.28	11.2	1.48	9.5	9.5	남서	229	-0.1	1016.9	-	73	
2021-02-19 01:10:00	2.5	서북서	295	9.40	26.73	1.29	12.1	1.59	10.0	9.4	남서	229	0.0	1016.8	-	49	
2021-02-19 01:15:00	5.3	북북동	15	9.38	26.76	1.06	10.4	1.54	8.5	9.5	남서	231	-0.1	1016.8	-	60	
2021-02-19 01:20:00	6.4	북서	322	9.38	26.84	1.26	10.6	1.37	12.5	9.7	남서	227	-0.2	1016.8	-	35	
2021-02-19 01:25:00	3.5	북동	55	9.39	26.91	1.23	10.8	1.62	13.5	9.4	남서	233	-0.1	1016.8	-	61	
2021-02-19 01:30:00	5.2	북북서	328	9.39	26.92	1.39	11.3	1.73	13.0	8.8	남서	234	-0.1	1016.8	-	58	
2021-02-19 01:35:00	4.5	서	274	9.39	26.83	1.37	11.6	1.91	12.5	8.9	서남서	239	-0.2	1016.8	-	63	
2021-02-19 01:40:00	4.3	북	350	9.39	26.88	1.15	10.4	1.40	9.0	9.2	남서	235	-0.1	1016.7	-	48	
2021-02-19 01:45:00	6.3	북서	323	9.40	26.64	1.37	12.6	1.71	10.0	9.0	남서	232	-0.2	1016.7	-	62	
2021-02-19 01:50:00	2.4	북서	317	9.40	26.86	1.25	11.9	1.49	12.5	8.6	남서	233	0.0	1016.8	-	58	
2021-02-19 01:55:00	4.7	북	9	9.39	26.99	1.18	10.5	1.45	9.0	8.2	남서	233	-0.1	1016.7	-	77	
2021-02-19 02:00:00	4.6	북북서	345	9.38	26.81	1.24	10.3	1.38	9.5	8.2	남서	235	-0.1	1016.6	-	64	
2021-02-19 02:05:00	2.4	북서	304	9.36	27.02	1.23	10.8	1.48	11.5	8.1	남서	233	0.0	1016.6	-	69	
2021-02-19 02:10:00	5.3	북북동	14	9.36	26.85	1.11	11.8	1.45	11.0	8.3	서남서	237	-0.1	1016.6	-	46	
2021-02-19 02:15:00	6.3	북서	320	9.39	27.18	1.32	11.4	1.69	13.0	8.2	남서	234	0.0	1016.5	-	73	
2021-02-19 02:20:00	-	-	-	-	-	-	-	-	-	-	-	-	-	-	-	-	
2021-02-19 02:25:00	4.3	서북서	302	9.43	26.66	1.08	7.5	2.16	7.5	8.6	남서	231	0.0	1016.4	-	66	
2021-02-19 02:30:00	4.1	서북서	303	9.44	26.57	1.48	10.3	1.87	12.0	8.1	남서	233	0.1	1016.4	-	51	
2021-02-19 02:35:00	8.9	북	349	9.45	26.68	1.39	10.9	1.65	11.5	8.0	남서	234	0.1	1016.4	-	53	
2021-02-19 02:40:00	9.0	북북서	341	9.44	26.77	1.30	13.4	1.68	13.5	8.0	남서	235	0.1	1016.3	-	56	
2021-02-19 02:45:00	9.9	북북서	332	9.47	26.79	1.28	11.2	1.58	10.5	8.4	남서	235	0.1	1016.3	-	66	
2021-02-19 02:50:00	11.4	북서	316	9.50	26.62	1.28	12.2	1.83	10.5	8.0	서남서	237	0.2	1016.3	-	46	
2021-02-19 02:55:00	10.1	북서	311	9.50	26.71	1.24	11.6	1.96	10.5	7.4	남서	236	0.1	1016.3	-	47	
2021-02-19 03:00:00	6.6	북서	324	9.52	27.20	1.05	10.0	1.52	11.5	7.2	남서	236	0.0	1016.2	-	44	
2021-02-19 03:05:00	7.6	북	350	9.52	27.32	1.21	9.7	1.56	9.0	7.3	남서	229	0.1	1016.0	-	57	
2021-02-19 03:10:00	3.8	북북서	344	9.51	27.14	1.32	12.7	1.86	12.0	7.3	남서	233	0.2	1016.0	-	47	
2021-02-19 03:15:00	5.3	북서	307	9.48	26.70	1.30	11.6	1.51	11.5	7.0	남서	231	0.2	1016.0	-	50	
2021-02-19 03:20:00	2.5	북	1	9.46	26.64	1.12	9.9	1.22	10.5	8.1	남서	230	0.3	1016.0	-	62	
2021-02-19 03:25:00	3.8	북	8	9.46	25.54	1.66	11.5	2.08	12.5	7.2	남서	233	0.4	1016.0	-	57	
2021-02-19 03:30:00	8.6	북서	323	9.46	26.56	1.21	10.6	1.50	9.0	7.6	남서	231	0.5	1016.0	-	33	
2021-02-19 03:35:00	7.3	북북서	335	9.46	26.54	1.05	11.6	1.27	12.5	8.3	남서	229	0.4	1016.0	-	67	
2021-02-19 03:40:00	4.3	북서	308	9.45	26.57	1.40	10.9	1.80	10.0	7.7	남서	231	0.5	1015.9	-	71	
2021-02-19 03:45:00	5.7	서북서	287	9.44	26.58	1.40	12.9	1.63	10.5	7.8	남서	227	0.4	1015.8	-	57	
2021-02-19 03:50:00	5.8	북북서	340	9.42	26.55	1.49	13.4	1.67	15.0	7.1	남서	230	0.3	1015.8	-	59	
2021-02-19 03:55:00	5.2	북북서	334	9.40	26.55	1.07	10.1	1.72	12.0	7.0	남서	231	0.4	1015.7	-	62	
2021-02-19 04:00:00	5.0	북서	313	9.40	26.59	1.29	11.8	1.52	10.5	6.7	남서	228	0.4	1015.6	-	59	
2021-02-19 04:05:00	3.7	북북서	339	9.40	26.51	1.03	11.1	1.84	9.5	6.4	남서	232	0.5	1015.6	-	76	
2021-02-19 04:10:00	6.1	북북서	337	9.39	26.60	1.33	12.5	1.57	12.5	6.3	남서	228	0.5	1015.5	-	57	
2021-02-19 04:15:00	6.7	북북서	345	9.38	26.54	1.36	13.6	2.29	13.0	7.0	남서	233	0.6	1015.5	-	46	
2021-02-19 04:20:00	5.0	북북서	346	9.38	26.54	1.11	11.0	1.40	10.5	7.0	남서	230	0.8	1015.5	-	51	
2021-02-19 04:25:00	1.4	북북동	14	9.37	26.55	1.36	10.9	1.63	12.0	7.0	남서	228	0.8	1015.4	-	56	
2021-02-19 04:30:00	3.1	북	358	9.37	26.77	1.26	11.2	1.89	11.0	7.2	남서	230	1.0	1015.5	-	48	
2021-02-19 04:35:00	7.1	북	356	9.37	26.61	1.24	10.7	1.75	10.5	6.6	남서	228	0.9	1015.5	-	69	
2021-02-19 04:40:00	3.7	북북서	348	9.36	26.67	1.26	12.2	1.55	11.5	7.0	남서	230	1.0	1015.5	-	47	
2021-02-19 04:45:00	-	-	-	-	-	-	-	-	-	-	-	-	-	-	-	-	
2021-02-19 04:50:00	5.5	북북서	334	9.36	26.57	0.00	0.0	0.00	0.0	7.8	남서	233	0.9	1015.5	-	57	
2021-02-19 04:55:00	5.1	북북서	339	9.35	26.60	1.11	11.7	1.30	12.0	7.9	남서	228	0.8	1015.5	-	42	
2021-02-19 05:00:00	-	-	-	-	-	0.00	0.0	0.00	0.0	7.0	남서	230	1.0	-	-	0	
2021-02-19 05:05:00	4.9	북북서	336	9.34	26.60	1.16	9.6	1.71	10.5	7.2	남서	235	0.9	1015.4	-	64	
2021-02-19 05:10:00	2.5	동남동	121	9.33	26.40	1.16	11.8	1.50	13.0	6.9	서남서	239	0.9	1015.3	-	64	
2021-02-19 05:15:00	0.8	남남동	168	9.33	26.64	1.33	12.7	1.52	11.0	6.8	남서	233	0.9	1015.2	-	53	
2021-02-19 05:20:00	0.7	북동	53	9.32	26.58	1.29	12.2	1.55	13.5	6.5	남서	234	0.9	1015.2	-	63	
2021-02-19 05:25:00	4.3	북동	49	9.31	26.74	1.26	12.9	1.50	15.0	6.2	남서	229	1.0	1015.1	-	54	
2021-02-19 05:30:00	1.5	동	98	9.30	26.64	1.33	12.1	1.56	12.0	6.0	남서	228	1.2	1015.0	-	45	
2021-02-19 05:35:00	3.6	북동	45	9.29	26.57	1.24	12.1	1.79	12.5	4.9	남서	226	1.3	1015.1	-	48	
2021-02-19 05:40:00	4.0	북북서	331	9.28	26.49	1.33	13.0	1.66	11.0	6.8	남서	236	1.6	1014.9	-	52	
2021-02-19 05:45:00	4.2	북	10	9.26	26.46	1.27	10.9	1.69	12.0	7.4	남서	235	1.8	1014.9	-	75	
2021-02-19 05:50:00	4.7	북북동	27	9.24	26.44	1.34	11.4	2.42	12.5	6.8	남서	232	1.7	1014.9	-	50	
2021-02-19 05:55:00	6.5	북동	41	9.23	26.43	1.25	13.1	1.43	12.0	7.2	남서	228	1.7	1014.9	-	44	
2021-02-19 06:00:00	4.7	북	11	9.22	26.55	1.42	11.2	1.64	11.5	6.4	남서	229	1.7	1014.9	-	48	
2021-02-19 06:05:00	6.3	북동	35	9.22	26.62	1.07	10.7	1.58	10.0	7.4	남서	232	1.7	1014.9	-	64	
2021-02-19 06:10:00	6.6	북	8	9.22	26.67	1.48	11.7	1.93	12.0	7.4	남서	230	1.8	1014.8	-	50	
2021-02-19 06:15:00	4.6	북북동	19	9.22	26.71	1.39	12.8	1.54	14.5	7.6	남서	230	1.7	1014.8	-	68	
2021-02-19 06:20:00	7.2	북동	39	9.21	26.68	1.50	13.3	1.68	12.5	8.1	남서	228	1.7	1014.7	-	51	
2021-02-19 06:25:00	10.8	북	3	9.21	26.47	1.41	12.4	2.07	14.5	8.6	남서	228	1.9	1014.8	-	50	
2021-02-19 06:30:00	7.7	북북동	30	9.19	26.58	1.31	12.1	1.56	10.0	7.0	남서	229	2.0	1014.8	-	55	
2021-02-19 06:35:00	6.7	북	5	9.19	26.66	1.24	12.3	1.46	11.0	7.5	남서	230	2.1	1014.8	-	44	
2021-02-19 06:40:00	5.5	북북동	34	9.18	26.62	1.40	12.1	1.67	10.0	7.4	남서	223	2.0	1014.7	-	59	
2021-02-19 06:45:00	10.4	북	11	9.18	26.64	1.30	12.0	1.70	15.5	8.3	남서	227	2.0	1014.7	-	66	
2021-02-19 06:50:00	7.2	북북동	30	9.17	26.65	1.46	12.1	1.92	12.5	8.2	남서	228	1.8	1014.6	-	43	
2021-02-19 06:55:00	5.8	북	6	9.17	26.73	1.17	12.9	1.39	13.5	7.6	남서	223	1.8	1014.6	-	65	
2021-02-19 07:00:00	3.5	북	7	9.16	26.69	1.52	12.4	1.93	12.0	7.8	남서	223	1.8	1014.5	-	44	
2021-02-19 07:05:00	9.1	북	6	9.15	26.74	1.19	11.8	1.66	11.0	7.8	남서	225	1.9	1014.4	-	56	
2021-02-19 07:10:00	6.9	북	3	9.15	26.74	1.40	12.6	1.77	10.5	8.1	남서	231	2.3	1014.4	-	54	
2021-02-19 07:15:00	10.3	북북동	15	9.14	26.27	1.48	10.8	1.82	12.5	7.5	남서	230	2.4	1014.4	-	77	
2021-02-19 07:20:00	8.9	북	356	9.13	26.67	0.97	9.4	1.24	9.0	7.2	서남서	239	2.5	1014.4	-	72	
2021-02-19 07:25:00	10.2	북북동	16	9.13	26.48	1.17	10.6	1.65	10.5	8.4	남서	225	2.4	1014.2	-	64	
2021-02-19 07:30:00	12.7	북	360	9.12	26.59	1.34	10.4	1.57	10.0	8.0	남서	228	2.4	1014.2	-	57	
2021-02-19 07:35:00	10.8	북	5	9.13	26.60	1.09	11.6	1.35	13.0	7.2	남서	233	2.2	1014.2	-	51	
2021-02-19 07:40:00	7.0	북	5	9.11	26.51	1.35	12.9	1.64	12.0	7.0	남서	229	2.1	1014.4	-	47	
2021-02-19 07:45:00	6.3	북북서	346	9.10	26.56	1.30	11.4	1.52	10.0	7.9	남서	232	2.2	1014.3	-	58	
2021-02-19 07:50:00	9.6	북	3	9.09	26.61	1.15	10.9	1.77	11.0	8.5	서남서	243	2.5	1014.2	-	71	
2021-02-19 07:55:00	8.1	북	0	9.08	26.52	1.48	11.2	2.32	13.0	10.0	서남서	243	2.7	1014.0	-	60	
2021-02-19 08:00:00	15.1	북북동	15	9.07	26.69	1.18	11.0	1.38	11.0	10.2	남서	234	2.9	1013.9	-	49	
2021-02-19 08:05:00	9.7	북북동	20	9.05	26.49	1.16	11.7	1.50	9.5	10.0	서남서	241	2.8	1014.0	-	56	
2021-02-19 08:10:00	10.5	북	353	9.01	26.94	1.20	12.4	1.48	11.0	10.6	남서	231	2.9	1014.0	-	53	
2021-02-19 08:15:00	17.5	북북동	15	8.99	26.25	1.26	12.2	1.63	13.0	9.5	서남서	240	2.9	1014.1	-	55	
2021-02-19 08:20:00	13.6	북북동	12	8.97	26.58	1.21	13.3	1.50	14.5	9.7	서남서	249	3.0	1014.3	-	54	
2021-02-19 08:25:00	5.9	북북동	16	8.95	26.49	1.15	10.9	1.63	10.5	9.4	서남서	240	3.0	1014.2	-	61	
2021-02-19 08:30:00	11.8	북북동	23	8.94	26.47	1.15	11.9	1.34	12.5	10.8	서남서	241	2.8	1014.1	-	62	
2021-02-19 08:35:00	15.1	북	9	8.93	26.81	1.47	12.9	2.23	13.5	10.6	서남서	237	2.6	1014.1	-	54	
2021-02-19 08:40:00	6.6	북북동	16	8.90	26.60	1.26	11.1	1.59	8.5	9.7	서남서	237	2.9	1014.2	-	47	
2021-02-19 08:45:00	9.4	북북동	12	8.88	26.02	1.06	11.7	1.50	11.5	10.7	서남서	237	3.0	1014.1	-	63	
2021-02-19 08:50:00	15.0	북북동	23	8.90	26.43	1.32	13.3	1.59	14.0	9.8	남서	233	2.8	1014.2	-	43	
2021-02-19 08:55:00	10.8	북북동	13	8.88	25.93	1.03	13.9	1.34	12.5	8.9	서남서	238	2.9	1014.4	-	58	
2021-02-19 09:00:00	11.5	북북동	30	8.86	26.70	1.23	11.2	1.87	9.5	10.8	서남서	240	2.9	1014.2	-	53	
2021-02-19 09:05:00	15.1	북북동	21	8.85	26.67	1.02	10.4	1.22	9.5	9.7	서남서	240	3.0	1014.2	-	51	
2021-02-19 09:10:00	11.0	북북동	23	8.86	26.89	1.07	11.5	1.18	12.0	10.9	서남서	238	3.1	1014.0	-	55	
2021-02-19 09:15:00	16.3	북북동	16	8.79	26.79	1.47	13.1	1.87	13.0	10.4	서남서	238	3.4	1013.9	-	50	
2021-02-19 09:20:00	14.5	북	9	8.75	25.79	1.34	13.4	1.76	13.0	11.5	서남서	241	3.6	1013.7	-	57	
2021-02-19 09:25:00	12.0	북	9	8.67	25.82	1.13	10.6	1.54	11.0	10.8	서남서	242	3.9	1013.7	-	74	
2021-02-19 09:30:00	11.2	북	359	8.57	26.24	0.98	9.7	1.17	10.0	10.8	서남서	240	4.1	1013.6	-	64	
2021-02-19 09:35:00	9.8	북	10	8.43	26.38	1.38	12.1	1.87	12.5	10.3	서남서	240	4.3	1013.7	-	53	
2021-02-19 09:40:00	8.8	북북동	16	8.45	26.41	1.03	12.9	1.11	10.0	8.7	서남서	243	4.4	1013.8	-	53	
2021-02-19 09:45:00	11.0	북	359	8.42	25.84	1.02	12.4	1.27	12.0	10.1	남서	233	4.6	1013.6	-	60	
2021-02-19 09:50:00	10.9	북북동	15	8.44	26.48	1.00	11.5	1.53	11.0	8.7	남서	235	4.8	1013.6	-	71	
2021-02-19 09:55:00	12.7	북북동	22	8.45	25.78	1.36	12.9	1.62	14.0	8.6	남서	232	4.9	1013.6	-	60	
2021-02-19 10:00:00	7.9	북북동	22	8.56	26.95	1.04	11.7	1.51	12.5	7.4	남서	234	5.1	1013.6	-	46	
2021-02-19 10:05:00	11.1	북북동	13	8.62	26.95	1.31	13.1	2.13	12.0	7.7	남서	234	5.2	1013.6	-	62	
2021-02-19 10:10:00	12.0	북	4	8.58	26.23	1.35	13.4	1.73	12.0	7.7	서남서	240	5.3	1013.5	-	51	
2021-02-19 10:15:00	10.4	북	1	8.57	26.23	1.17	12.7	1.98	13.0	7.4	서남서	239	5.4	1013.4	-	65	
2021-02-19 10:20:00	9.2	북북동	26	8.57	25.85	1.15	11.3	1.86	11.5	7.6	남서	235	5.5	1013.4	-	67	
2021-02-19 10:25:00	7.7	북	4	8.58	26.77	1.27	12.5	1.70	13.0	7.5	남서	231	5.8	1013.3	-	60	
2021-02-19 10:30:00	5.5	북	8	8.59	26.78	1.03	11.5	1.32	11.5	6.2	서남서	253	6.0	1013.4	-	74	
2021-02-19 10:35:00	5.6	북	6	8.59	26.10	1.25	11.8	1.68	10.5	7.7	남서	230	6.2	1013.2	-	63	
2021-02-19 10:40:00	7.2	북북동	16	8.60	26.01	1.04	10.8	1.23	10.5	8.0	남서	224	6.5	1013.0	-	60	
2021-02-19 10:45:00	9.0	북	8	8.62	25.83	1.52	11.3	2.42	13.0	7.4	남서	224	6.7	1012.9	-	55	
2021-02-19 10:50:00	11.0	북북동	14	8.64	26.08	1.08	12.1	1.30	12.0	6.8	서남서	239	6.9	1012.8	-	59	
2021-02-19 10:55:00	12.9	북	3	8.64	26.66	1.08	12.8	1.34	14.0	7.0	남서	226	7.1	1012.7	-	34	
2021-02-19 11:00:00	11.2	북	5	8.64	26.42	1.39	11.5	1.56	12.0	6.7	남서	232	7.2	1012.7	-	54	
2021-02-19 11:05:00	12.1	북	10	8.66	26.57	1.41	14.0	1.48	13.0	6.7	남서	221	7.3	1012.6	-	50	
2021-02-19 11:10:00	12.3	북	3	8.65	26.42	1.35	10.1	1.97	11.0	6.2	남서	226	7.5	1012.6	-	71	
2021-02-19 11:15:00	10.7	북	10	8.63	26.20	1.24	11.9	1.74	11.5	5.6	남서	224	7.6	1012.6	-	69	
2021-02-19 11:20:00	11.4	북	6	8.61	26.53	1.28	12.6	1.58	16.5	5.1	남서	217	7.7	1012.6	-	67	
2021-02-19 11:25:00	4.1	북	354	8.61	26.41	1.32	11.4	1.54	12.0	5.1	남서	224	7.7	1012.5	-	62	
2021-02-19 11:30:00	13.3	북	5	8.61	26.25	1.17	10.9	1.35	10.5	5.0	남서	222	7.9	1012.4	-	66	
2021-02-19 11:35:00	11.2	북북동	13	8.60	26.91	1.22	12.4	1.60	12.0	4.8	남서	236	8.1	1012.3	-	54	
2021-02-19 11:40:00	12.6	북	1	8.57	26.77	1.08	12.3	1.33	12.0	4.2	남서	235	8.3	1012.2	-	52	
2021-02-19 11:45:00	3.3	동북동	60	8.57	26.87	1.22	12.3	1.52	14.5	6.0	남서	222	8.4	1012.1	-	61	
2021-02-19 11:50:00	3.2	북북서	340	8.56	26.38	1.75	12.8	1.98	11.5	7.2	남서	230	8.3	1012.0	-	54	
2021-02-19 11:55:00	8.6	북	2	8.58	26.25	1.20	11.1	1.53	13.0	7.2	남서	230	8.3	1011.8	-	59	
2021-02-19 12:00:00	11.5	북	4	8.60	26.09	1.04	10.4	1.29	9.0	7.6	남서	228	8.5	1011.7	-	58	
2021-02-19 12:05:00	12.3	북	8	8.60	25.95	1.18	12.3	1.39	12.0	7.6	남서	227	8.6	1011.6	-	45	
2021-02-19 12:10:00	13.2	북	8	8.60	26.06	1.48	12.3	1.77	10.5	7.2	남서	223	8.6	1011.5	-	55	
2021-02-19 12:15:00	9.7	북	2	8.60	26.32	1.16	12.1	1.81	11.0	7.2	남남서	207	8.6	1011.4	-	42	
2021-02-19 12:20:00	14.1	북	356	8.59	26.44	1.32	11.6	1.56	11.0	7.7	남서	214	8.6	1011.3	-	55	
2021-02-19 12:25:00	15.8	북	10	8.60	26.57	1.32	12.1	1.60	12.0	8.8	남남서	212	8.7	1011.1	-	49	
2021-02-19 12:30:00	6.8	북북동	26	8.57	27.06	1.22	10.9	1.61	10.5	8.7	남서	214	8.7	1011.0	-	52	
2021-02-19 12:35:00	6.7	북북동	23	8.56	27.07	1.29	10.7	1.77	11.0	7.6	남남서	209	8.8	1010.9	-	58	
2021-02-19 12:40:00	12.6	북북동	19	8.54	27.19	1.36	11.3	1.89	11.5	7.6	남서	219	8.8	1010.7	-	52	
2021-02-19 12:45:00	14.8	북북동	24	8.52	27.06	1.30	11.8	1.40	13.0	7.6	남서	219	8.9	1010.5	-	60	
2021-02-19 12:50:00	13.8	북	7	8.50	26.77	1.03	11.3	1.13	13.5	8.4	남서	220	9.0	1010.3	-	56	
2021-02-19 12:55:00	10.2	북북동	23	8.49	25.75	1.04	10.4	1.36	10.5	7.4	남서	216	9.2	1010.2	-	66	
2021-02-19 13:00:00	12.8	북북동	14	8.46	26.67	1.26	11.5	1.63	10.0	7.7	남서	215	9.2	1010.0	-	66	
2021-02-19 13:05:00	10.7	북동	37	8.44	26.87	1.19	11.8	1.59	11.0	8.7	남서	215	9.3	1009.9	-	50	
2021-02-19 13:10:00	14.0	북북동	25	8.43	27.17	1.13	12.0	1.57	11.5	9.1	남서	223	9.3	1009.6	-	52	
2021-02-19 13:15:00	16.1	북북동	25	8.43	26.88	1.22	12.6	1.61	12.0	8.3	남서	231	9.4	1009.6	-	45	
2021-02-19 13:20:00	10.3	북북동	20	8.42	26.79	0.88	11.2	1.52	13.5	8.2	남서	228	9.6	1009.6	-	66	
2021-02-19 13:25:00	13.3	북북동	21	8.40	26.93	1.04	11.0	1.29	13.0	8.5	남서	227	9.6	1009.6	-	52	
2021-02-19 13:30:00	12.1	북북동	12	8.38	26.84	1.33	11.4	1.82	12.0	6.9	남서	230	9.7	1009.5	-	57	
2021-02-19 13:35:00	14.9	북북동	27	8.36	26.78	1.21	11.3	1.86	10.5	8.6	남서	223	9.8	1009.4	-	54	
2021-02-19 13:40:00	13.0	북북동	13	8.35	26.70	1.15	11.9	1.44	9.5	7.4	남서	216	9.9	1009.3	-	57	
2021-02-19 13:45:00	17.5	북	8	8.34	26.75	0.98	11.5	1.40	12.5	6.9	남서	225	10.0	1009.2	-	58	
2021-02-19 13:50:00	14.9	북북동	11	8.33	26.59	1.03	11.3	1.25	14.5	7.0	남서	222	10.0	1009.2	-	50	
2021-02-19 13:55:00	16.5	북	5	8.33	26.75	1.25	11.6	1.56	13.0	6.8	남서	228	10.1	1009.0	-	60	
2021-02-19 14:00:00	15.8	북북동	23	8.33	26.80	1.07	12.1	1.42	14.0	5.7	남서	219	10.2	1009.1	-	50	
2021-02-19 14:05:00	12.1	북	8	8.32	26.90	1.35	12.8	1.53	13.5	5.2	남서	222	10.4	1009.0	-	57	
2021-02-19 14:10:00	9.5	북북동	13	8.31	27.13	1.13	11.7	1.59	9.5	4.4	남서	234	10.6	1009.1	-	75	
2021-02-19 14:15:00	10.9	북	11	8.30	26.98	1.42	11.9	2.00	12.0	2.3	남서	234	11.0	1009.1	-	52	
2021-02-19 14:20:00	8.3	북북동	12	8.28	26.84	1.16	10.9	1.37	10.5	3.4	남남서	200	10.9	1008.9	-	54	
2021-02-19 14:25:00	15.3	북	357	8.24	26.67	0.90	11.0	1.64	11.5	6.4	남남서	202	10.7	1008.8	-	52	
2021-02-19 14:30:00	12.5	북	10	8.21	26.52	1.26	11.6	1.51	10.5	8.3	남남서	200	9.9	1008.6	-	57	
2021-02-19 14:35:00	14.9	북북동	13	8.21	26.29	1.07	10.6	1.43	11.0	7.7	남남서	207	9.9	1008.7	-	73	
2021-02-19 14:40:00	5.2	북북서	344	8.21	26.48	1.49	12.8	1.83	13.0	5.8	남서	228	10.7	1008.7	-	48	
2021-02-19 14:45:00	5.7	북	357	8.21	26.72	0.85	9.6	1.31	13.0	3.8	남남서	206	10.6	1008.6	-	70	
2021-02-19 14:50:00	5.7	북	4	8.21	27.51	1.10	10.2	1.71	11.5	6.3	서남서	237	10.6	1008.4	-	62	
2021-02-19 14:55:00	12.9	북북동	22	8.20	26.25	1.21	11.5	1.50	12.0	5.7	남남서	211	10.6	1008.6	-	65	
2021-02-19 15:00:00	8.5	남서	222	8.17	26.39	1.28	12.7	1.72	10.5	6.3	서남서	239	10.4	1008.6	-	55	
2021-02-19 15:05:00	7.2	북	7	8.16	26.39	1.40	11.1	1.63	12.0	7.4	서남서	240	10.8	1008.5	-	75	
2021-02-19 15:10:00	7.4	북	349	8.14	26.34	1.22	11.1	1.80	11.0	5.7	남서	230	10.7	1008.4	-	54	
2021-02-19 15:15:00	7.3	북동	54	8.10	26.33	0.96	11.9	1.15	15.0	10.6	남서	224	10.2	1008.2	-	56	
2021-02-19 15:20:00	4.0	북	352	8.11	26.33	1.27	12.2	1.85	12.5	10.2	남서	228	9.8	1008.1	-	55	
2021-02-19 15:25:00	7.0	북북동	20	8.08	26.17	1.31	11.5	1.94	11.5	11.1	남서	235	9.6	1008.1	-	55	
2021-02-19 15:30:00	8.7	북	9	8.03	26.12	1.26	11.4	1.52	11.5	10.8	남서	229	9.5	1008.2	-	63	
2021-02-19 15:35:00	3.3	서	260	8.03	26.05	1.51	12.0	1.83	11.5	9.4	남서	232	9.4	1008.4	-	46	
2021-02-19 15:40:00	13.6	북북동	20	8.02	26.16	0.89	10.8	1.04	7.5	9.4	남서	233	9.7	1008.2	-	53	
2021-02-19 15:45:00	5.1	서	262	8.01	26.48	1.45	11.8	1.69	12.0	8.4	서남서	237	9.4	1008.0	-	45	
2021-02-19 15:50:00	13.3	북북동	19	7.99	26.23	0.92	11.1	1.44	12.5	8.9	남서	236	9.5	1008.0	-	64	
2021-02-19 15:55:00	-	-	-	-	-	-	-	-	-	-	-	-	-	-	-	-	
2021-02-19 16:00:00	-	-	-	7.91	26.11	0.00	0.0	0.00	0.0	7.1	남서	231	9.7	1007.8	-	70	
2021-02-19 16:05:00	-	-	-	7.89	26.12	0.81	10.3	1.15	11.0	9.7	남서	235	9.7	1007.7	-	69	
2021-02-19 16:10:00	-	-	-	7.85	26.42	1.23	12.5	1.55	13.0	11.6	남서	220	9.7	1007.7	-	59	
2021-02-19 16:15:00	-	-	-	7.83	26.72	1.19	12.3	1.54	12.0	10.2	남서	219	9.7	1007.8	-	51	
2021-02-19 16:20:00	-	-	-	7.81	26.64	1.18	11.6	1.62	10.5	11.1	남서	215	9.8	1007.5	-	61	
2021-02-19 16:25:00	-	-	-	7.76	26.44	1.21	11.5	1.61	10.0	10.4	남서	217	9.7	1007.5	-	61	
2021-02-19 16:30:00	-	-	-	7.75	26.50	1.08	10.9	1.60	11.5	9.9	남서	217	9.8	1007.7	-	45	
2021-02-19 16:35:00	-	-	-	7.72	26.40	1.46	11.2	2.09	11.5	9.4	남남서	213	9.7	1007.7	-	57	
2021-02-19 16:40:00	-	-	-	7.69	25.90	1.00	11.2	1.31	10.5	10.3	남서	217	9.7	1007.7	-	49	
2021-02-19 16:45:00	-	-	-	7.67	26.61	0.94	10.5	1.32	11.5	7.9	남서	218	9.8	1007.9	-	40	
2021-02-19 16:50:00	-	-	-	7.65	26.86	1.12	11.3	1.43	12.0	7.9	남서	223	9.9	1007.9	-	58	
2021-02-19 16:55:00	-	-	-	7.63	26.50	1.05	12.0	1.44	12.0	9.9	남서	224	9.8	1007.7	-	54	
2021-02-19 17:00:00	-	-	-	7.62	26.52	0.92	10.6	1.44	11.0	11.7	남서	231	9.4	1007.5	-	68	
2021-02-19 17:05:00	-	-	-	7.58	26.75	0.95	11.2	1.21	13.0	10.0	남서	231	9.5	1007.5	-	74	
2021-02-19 17:10:00	-	-	-	7.59	26.74	0.94	10.1	1.12	10.5	10.8	남서	232	9.3	1007.4	-	47	
2021-02-19 17:15:00	-	-	-	7.58	27.28	1.13	11.9	1.39	11.0	12.8	남서	234	9.2	1007.0	-	53	
2021-02-19 17:20:00	-	-	-	7.56	27.22	1.07	11.6	1.29	11.5	13.0	남서	235	8.9	1006.9	-	38	
2021-02-19 17:25:00	-	-	-	7.53	26.68	0.97	11.4	1.33	10.5	16.8	남서	236	8.8	1006.6	-	55	
2021-02-19 17:30:00	-	-	-	7.52	26.67	0.56	3.0	1.13	3.0	17.5	남서	228	8.6	1006.0	-	62	
2021-02-19 17:35:00	-	-	-	7.49	26.71	1.26	10.4	1.82	12.0	17.0	서남서	237	8.6	1006.0	-	50	
2021-02-19 17:40:00	-	북북동	33	7.46	26.54	1.12	10.6	1.70	13.0	18.2	남서	233	8.4	1005.6	-	58	
2021-02-19 17:45:00	8.6	북북동	14	7.44	27.36	1.14	11.1	1.33	10.0	17.8	남서	235	8.3	1005.3	-	62	
2021-02-19 17:50:00	15.4	북북동	20	7.44	26.83	0.95	9.2	1.22	6.5	19.0	남서	234	8.3	1004.8	-	77	
2021-02-19 17:55:00	16.0	북동	36	7.44	26.67	1.28	10.2	1.71	10.0	18.7	남서	236	7.6	1004.6	-	52	
2021-02-19 18:00:00	11.2	북북동	25	7.43	26.48	1.09	8.0	1.72	10.0	19.0	남서	232	8.4	1004.9	-	43	
2021-02-19 18:05:00	13.6	북동	53	7.41	26.51	1.14	7.8	1.64	11.5	18.5	남서	230	8.5	1004.8	-	57	
2021-02-19 18:10:00	11.4	북북동	33	7.36	26.37	0.99	6.7	1.22	4.0	20.2	남서	232	8.5	1004.7	-	48	
2021-02-19 18:15:00	24.1	북북동	28	7.37	26.32	1.15	10.0	1.38	12.0	19.8	남서	232	8.6	1004.7	-	57	
2021-02-19 18:20:00	15.6	북동	39	7.37	26.02	1.16	8.6	1.44	7.5	18.0	남서	229	8.6	1005.0	-	56	
2021-02-19 18:25:00	11.2	북북서	344	7.33	26.04	1.15	8.2	1.63	12.0	17.6	남서	228	8.6	1005.4	-	53	
2021-02-19 18:30:00	2.0	북서	325	7.30	26.13	1.30	10.5	1.68	13.0	14.2	남서	228	8.6	1006.0	-	59	
2021-02-19 18:35:00	11.8	북북서	336	7.32	26.60	1.27	11.2	1.58	11.5	13.1	남서	229	8.6	1006.4	-	60	
2021-02-19 18:40:00	16.9	북	359	7.30	26.63	0.96	8.6	1.42	12.0	13.2	남서	226	8.6	1006.3	-	33	
2021-02-19 18:45:00	9.5	북북서	327	7.29	26.31	1.03	10.9	1.29	11.5	12.1	남서	233	8.6	1006.2	-	47	
2021-02-19 18:50:00	19.2	북	349	7.29	26.35	0.76	9.0	1.17	10.0	12.2	서남서	238	8.8	1006.2	-	56	
2021-02-19 18:55:00	7.1	북북서	332	7.28	26.41	0.96	11.2	1.34	12.5	11.0	남서	235	9.0	1006.1	-	53	
2021-02-19 19:00:00	3.6	북서	323	7.28	26.69	0.88	11.9	1.15	12.0	11.2	서남서	237	8.8	1006.0	-	63	
2021-02-19 19:05:00	8.6	서북서	301	7.28	26.83	1.02	11.9	1.29	12.5	11.5	남서	235	8.8	1006.1	-	61	
2021-02-19 19:10:00	7.3	북서	324	7.27	26.81	0.84	11.5	1.10	12.5	11.9	남서	231	9.2	1006.2	-	63	
2021-02-19 19:15:00	12.4	북	1	7.26	27.04	0.90	10.6	1.33	12.5	12.1	서남서	238	9.0	1006.1	-	77	
2021-02-19 19:20:00	5.7	북북동	25	7.25	26.83	0.87	9.6	1.28	11.0	11.5	남서	230	9.1	1006.2	-	64	
2021-02-19 19:25:00	7.5	북북동	27	7.25	27.05	0.85	11.6	1.20	11.0	12.2	남서	231	9.0	1006.2	-	64	
2021-02-19 19:30:00	13.4	북	356	7.25	26.62	0.68	9.6	0.95	9.5	10.9	남서	230	9.3	1006.4	-	84	
2021-02-19 19:35:00	12.6	북북서	336	7.24	26.37	0.79	11.0	0.95	10.0	9.9	남서	227	9.2	1006.6	-	86	
2021-02-19 19:40:00	14.3	북북서	345	7.23	26.37	0.89	11.0	1.14	11.5	10.2	남서	235	9.4	1006.6	-	51	
2021-02-19 19:45:00	12.6	북	358	7.23	26.58	0.80	11.8	1.02	11.5	10.7	남서	229	9.3	1006.5	-	41	
2021-02-19 19:50:00	15.0	북북서	345	7.23	27.32	0.73	10.0	0.94	12.5	10.1	남서	229	9.4	1006.4	-	48	
2021-02-19 19:55:00	10.1	북	5	7.23	26.67	1.07	11.3	1.39	11.5	9.6	남서	231	9.3	1006.4	-	50	
2021-02-19 20:00:00	6.9	북북서	346	7.23	26.34	0.79	11.8	0.97	12.5	9.2	서남서	237	9.4	1006.5	-	61	
2021-02-19 20:05:00	9.6	서북서	297	7.23	26.62	0.64	10.9	0.86	10.0	8.9	남서	233	9.4	1006.6	-	56	
2021-02-19 20:10:00	13.8	북	360	7.23	26.66	0.82	11.4	1.12	12.5	10.0	서남서	237	9.4	1006.7	-	78	
2021-02-19 20:15:00	11.2	북북서	338	7.23	26.64	0.75	10.9	0.98	10.5	10.0	남서	234	9.4	1006.7	-	61	
2021-02-19 20:20:00	5.2	북북서	346	7.23	26.79	0.90	11.5	1.10	12.5	9.3	남서	230	9.4	1006.8	-	58	
2021-02-19 20:25:00	14.4	북	3	7.22	27.42	0.64	11.8	0.73	14.0	10.2	남서	232	9.3	1006.7	-	76	
2021-02-19 20:30:00	23.7	북	354	7.22	26.74	0.59	11.0	0.72	11.0	9.9	남서	225	9.5	1006.7	-	43	
2021-02-19 20:35:00	11.6	북북서	328	7.22	26.99	0.68	10.0	0.87	10.5	8.3	남서	236	9.3	1007.0	-	50	
2021-02-19 20:40:00	7.2	북	360	7.21	26.71	0.68	12.3	0.80	10.5	7.7	서남서	237	9.2	1007.2	-	80	
2021-02-19 20:45:00	4.9	북	6	7.20	26.78	0.84	11.3	1.21	11.5	6.5	남서	223	9.2	1007.2	-	70	
2021-02-19 20:50:00	6.4	북북서	332	7.20	26.84	0.94	11.8	1.59	12.0	4.8	남서	228	9.2	1007.1	-	63	
2021-02-19 20:55:00	7.2	북	349	7.19	26.83	0.69	11.8	0.83	11.0	7.5	남서	235	9.2	1007.0	-	61	
2021-02-19 21:00:00	10.1	북	352	7.19	26.74	0.93	12.0	1.25	11.0	8.6	남서	225	9.3	1006.9	-	60	
2021-02-19 21:05:00	6.1	북서	323	7.18	26.78	0.53	10.5	0.67	11.0	9.9	남서	229	9.3	1006.8	-	57	
2021-02-19 21:10:00	5.1	북서	308	7.18	26.66	0.78	11.7	1.06	12.0	11.7	남서	229	9.4	1006.5	-	54	
2021-02-19 21:15:00	7.7	북	355	7.17	26.89	0.87	11.7	1.22	11.5	10.7	남서	233	9.2	1006.5	-	55	
2021-02-19 21:20:00	9.8	북	353	7.17	26.97	0.72	10.8	0.95	10.5	11.4	남서	229	9.2	1006.4	-	81	
2021-02-19 21:25:00	7.4	북북동	13	7.16	27.38	0.63	9.8	0.85	13.0	12.7	남서	228	9.1	1006.3	-	65	
2021-02-19 21:30:00	8.9	북북서	345	7.15	26.46	0.89	10.9	1.06	12.0	12.4	남서	229	9.1	1006.5	-	64	
2021-02-19 21:35:00	5.4	북북서	340	7.15	26.54	0.59	8.0	0.83	10.5	12.0	남서	225	9.2	1006.5	-	56	
2021-02-19 21:40:00	10.0	북	349	7.15	26.66	0.66	9.6	0.95	12.0	11.6	남서	228	9.1	1006.4	-	55	
2021-02-19 21:45:00	13.8	북북동	23	7.14	27.43	0.73	10.8	1.12	12.0	13.2	남서	233	9.2	1006.0	-	56	
2021-02-19 21:50:00	11.9	북북서	344	7.13	27.00	0.62	9.7	0.82	10.0	15.2	남서	235	9.2	1005.6	-	39	
2021-02-19 21:55:00	9.2	북북동	23	7.13	27.42	0.88	11.4	1.08	12.0	16.2	서남서	242	9.3	1005.4	-	74	
2021-02-19 22:00:00	8.8	북북동	30	7.12	26.63	0.83	8.4	1.13	11.5	15.9	남서	232	9.3	1006.0	-	90	
2021-02-19 22:05:00	10.1	북	2	7.12	26.46	0.83	8.7	1.11	11.0	13.5	남서	230	9.3	1006.6	-	107	
2021-02-19 22:10:00	8.9	서북서	298	7.11	26.88	0.87	8.5	1.21	10.5	11.6	남서	231	9.2	1007.0	-	50	
2021-02-19 22:15:00	13.9	북북서	343	7.10	27.03	0.68	7.7	0.96	11.0	10.9	남서	225	9.2	1007.1	-	54	
2021-02-19 22:20:00	10.0	북북서	348	7.09	27.12	0.79	12.0	1.07	10.0	10.5	남서	227	9.2	1007.1	-	46	
2021-02-19 22:25:00	11.1	북	2	7.09	27.12	0.76	11.2	1.03	12.0	11.0	남서	231	9.1	1006.9	-	57	
2021-02-19 22:30:00	9.1	북북동	14	7.08	27.25	0.57	10.3	0.78	9.5	11.6	남서	231	9.2	1006.8	-	83	
2021-02-19 22:35:00	10.0	북북서	344	7.07	27.28	0.78	10.9	0.95	11.5	10.4	남서	236	9.0	1006.9	-	81	
2021-02-19 22:40:00	12.3	북	6	7.06	27.37	0.56	10.5	0.86	8.0	11.9	남서	235	9.0	1006.8	-	64	
2021-02-19 22:45:00	13.2	북	349	7.05	27.56	0.78	12.1	1.03	11.5	12.3	남서	236	8.9	1006.7	-	65	
2021-02-19 22:50:00	10.0	북북동	20	7.04	26.62	0.54	9.9	0.75	11.5	13.8	서남서	238	8.9	1006.4	-	73	
2021-02-19 22:55:00	6.8	북북서	344	7.03	26.83	0.74	10.9	1.03	11.0	13.7	서남서	240	8.8	1006.2	-	70	
2021-02-19 23:00:00	13.5	북북동	21	7.02	26.63	0.69	7.9	1.05	10.0	14.1	서남서	239	8.8	1006.1	-	76	
2021-02-19 23:05:00	13.5	북	4	7.01	26.55	0.78	8.2	1.03	13.0	14.5	남서	236	8.8	1006.0	-	47	
2021-02-19 23:10:00	14.5	북	7	7.01	26.53	0.71	6.3	1.14	11.0	14.1	서남서	238	8.9	1006.1	-	69	
2021-02-19 23:15:00	13.1	북	5	7.01	26.64	0.78	10.1	1.08	10.0	14.4	남서	236	8.9	1006.3	-	67	
2021-02-19 23:20:00	12.2	북	351	7.00	26.61	0.83	9.2	1.01	9.5	13.1	서남서	238	8.9	1006.4	-	59	
2021-02-19 23:25:00	14.5	북북동	11	7.00	26.45	0.71	8.6	1.20	11.0	12.8	남서	232	8.9	1006.4	-	37	
2021-02-19 23:30:00	14.9	북북서	345	7.00	26.75	0.72	8.5	1.08	11.5	12.5	남서	229	9.0	1006.5	-	69	
2021-02-19 23:35:00	12.4	북북서	337	7.00	26.59	0.67	9.7	0.92	11.5	12.7	남서	228	9.0	1006.4	-	50	
2021-02-19 23:40:00	13.1	북북동	17	7.00	26.73	0.72	11.2	1.12	11.0	12.7	남서	223	9.0	1006.3	-	59	
2021-02-19 23:45:00	6.6	북서	320	7.00	26.62	0.71	10.7	1.06	10.5	11.8	남서	227	8.9	1006.3	-	47	
2021-02-19 23:50:00	6.3	북서	311	6.98	26.68	0.62	11.2	0.92	11.5	12.5	남서	226	8.9	1006.1	-	38	
2021-02-19 23:55:00	13.7	북북서	344	6.96	26.64	0.56	8.6	0.73	11.0	12.8	남서	227	8.9	1006.3	-	61	
2021-02-20 00:00:00	16.3	북	350	6.95	26.90	0.58	7.6	0.87	10.0	11.9	남서	234	8.9	1006.2	-	56	
2021-02-20 00:05:00	10.8	북	358	6.93	25.61	0.66	9.5	0.95	11.5	11.5	남서	231	8.8	1006.3	-	72	
2021-02-20 00:10:00	8.5	북북동	29	6.93	26.38	0.60	9.2	1.04	11.0	11.3	남서	230	9.0	1006.2	-	70	
2021-02-20 00:15:00	15.9	북	1	6.92	26.50	0.78	11.4	0.94	11.5	11.2	남서	231	8.9	1006.2	-	54	
2021-02-20 00:20:00	7.9	북	7	6.89	26.33	0.63	9.5	0.97	12.0	10.8	서남서	237	8.8	1006.1	-	62	
2021-02-20 00:25:00	3.0	북북동	21	6.90	26.32	0.69	11.7	0.97	11.5	10.3	남서	234	8.9	1006.2	-	64	
2021-02-20 00:30:00	15.9	북북동	16	6.90	26.30	0.66	12.2	1.05	11.0	10.9	남서	226	9.0	1006.2	-	58	
2021-02-20 00:35:00	17.8	북	2	6.89	26.22	0.73	11.4	1.04	12.0	11.2	남서	228	9.1	1006.1	-	63	
2021-02-20 00:40:00	13.4	북북동	14	6.86	26.32	0.65	10.7	0.99	11.0	11.2	남서	229	9.1	1006.0	-	79	
2021-02-20 00:45:00	12.9	북북동	13	6.86	26.29	0.46	8.6	0.65	10.5	11.2	남서	224	9.1	1006.0	-	56	
2021-02-20 00:50:00	12.6	북	5	6.85	26.36	0.58	10.0	0.72	11.5	11.0	남서	227	9.1	1006.0	-	66	
2021-02-20 00:55:00	10.5	북	3	6.84	26.37	0.70	10.9	0.94	11.0	10.6	남서	226	9.2	1005.9	-	55	
2021-02-20 01:00:00	7.9	북북서	330	6.82	26.36	0.69	11.0	1.06	10.5	10.4	남서	225	9.2	1005.8	-	53	
2021-02-20 01:05:00	10.2	북북동	17	6.80	26.39	0.56	11.2	0.74	9.5	10.6	남서	219	9.2	1005.7	-	52	
2021-02-20 01:10:00	7.1	북	357	6.82	26.40	0.63	10.0	0.77	11.0	11.0	남서	219	9.2	1005.5	-	73	
2021-02-20 01:15:00	19.3	북북동	13	6.81	26.35	0.69	11.5	0.86	11.0	10.9	남서	216	9.3	1005.6	-	57	
2021-02-20 01:20:00	14.5	북	10	6.82	26.30	0.63	8.5	0.85	9.5	10.2	남서	217	9.3	1005.7	-	57	
2021-02-20 01:25:00	12.5	북	353	6.82	26.45	0.66	11.0	1.07	11.5	11.6	남서	214	9.1	1005.6	-	62	
2021-02-20 01:30:00	16.3	북	352	6.80	26.48	0.53	9.1	0.75	10.5	9.8	남서	216	9.2	1005.8	-	73	
2021-02-20 01:35:00	9.8	북서	322	6.79	26.45	0.53	9.4	0.72	10.0	9.7	남서	215	9.3	1005.9	-	63	
2021-02-20 01:40:00	10.0	북북동	15	6.78	26.31	0.53	9.1	0.75	12.0	9.6	남서	214	9.3	1006.0	-	73	
2021-02-20 01:45:00	8.1	북북동	17	6.76	26.31	0.62	11.0	0.81	11.0	10.6	남서	216	9.2	1005.9	-	47	
2021-02-20 01:50:00	15.0	북북서	345	6.73	26.23	0.68	11.6	0.75	11.0	10.4	남남서	212	9.3	1005.8	-	69	
2021-02-20 01:55:00	12.5	북	357	6.72	26.21	0.54	10.0	0.73	9.0	9.9	남서	214	9.3	1005.8	-	71	
2021-02-20 02:00:00	8.7	북	356	6.70	26.31	0.68	10.1	0.85	11.0	10.1	남서	218	9.4	1006.0	-	71	
2021-02-20 02:05:00	10.6	북북서	348	6.70	26.26	0.49	8.9	0.61	12.5	9.1	남서	214	9.4	1005.9	-	64	
2021-02-20 02:10:00	6.9	북	355	6.70	26.04	0.66	11.3	0.88	12.5	8.5	남서	215	9.4	1005.9	-	65	
2021-02-20 02:15:00	13.1	북북동	22	6.69	26.19	0.55	10.4	0.71	9.5	9.5	남서	216	9.4	1005.8	-	69	
2021-02-20 02:20:00	13.9	북	359	6.69	26.37	0.45	9.2	0.69	10.0	10.0	남남서	211	9.4	1005.6	-	80	
2021-02-20 02:25:00	9.4	북북서	343	6.68	26.28	0.48	11.1	0.68	12.5	10.3	남남서	212	9.4	1005.4	-	46	
2021-02-20 02:30:00	11.3	북북서	345	6.68	25.78	0.60	11.0	0.73	10.5	10.5	남서	215	9.3	1005.3	-	64	
2021-02-20 02:35:00	15.6	북북서	344	6.69	26.94	0.49	9.7	0.66	11.0	11.0	남남서	213	9.4	1005.0	-	96	
2021-02-20 02:40:00	12.4	북	5	6.68	27.25	0.47	9.8	0.61	13.0	10.6	남남서	209	9.3	1005.0	-	53	
2021-02-20 02:45:00	15.6	북북동	15	6.67	26.59	0.47	8.1	0.67	8.5	10.9	남남서	204	9.3	1004.8	-	61	
2021-02-20 02:50:00	17.2	북	357	6.67	26.82	0.51	8.8	0.65	10.0	10.1	남남서	209	9.3	1004.9	-	355	
2021-02-20 02:55:00	13.9	북	351	6.65	27.04	0.58	10.0	0.83	11.0	8.4	남남서	205	9.3	1004.8	-	67	
2021-02-20 03:00:00	15.6	북북서	346	6.66	27.49	0.55	10.9	0.75	12.0	9.8	남남서	206	9.4	1004.7	-	54	
2021-02-20 03:05:00	16.5	북	354	6.65	26.59	0.57	11.0	0.84	13.0	8.9	남남서	211	9.5	1004.7	-	67	
2021-02-20 03:10:00	15.8	북	4	6.65	26.51	0.47	9.0	0.78	12.0	9.0	남남서	206	9.5	1004.7	-	63	
2021-02-20 03:15:00	16.0	북	1	6.64	26.44	0.55	10.9	0.75	10.5	9.1	남남서	209	9.5	1004.6	-	64	
2021-02-20 03:20:00	11.2	북	354	6.64	26.51	0.48	11.0	0.62	11.5	8.6	남남서	209	9.4	1004.5	-	75	
2021-02-20 03:25:00	16.7	북	350	6.63	26.50	0.48	10.3	0.69	10.5	7.3	남남서	210	9.5	1004.6	-	46	
2021-02-20 03:30:00	15.8	북	355	6.63	26.51	0.43	9.6	0.57	10.5	7.2	남남서	210	9.5	1004.6	-	43	
2021-02-20 03:35:00	18.6	북	354	6.62	26.48	0.48	11.2	0.64	13.0	7.5	남남서	213	9.5	1004.6	-	55	
2021-02-20 03:40:00	11.9	북	5	6.62	26.47	0.49	10.3	0.83	11.0	5.3	남남서	213	9.6	1004.6	-	68	
2021-02-20 03:45:00	13.9	북	2	6.62	26.45	0.49	9.2	0.68	8.5	6.0	남남서	212	9.6	1004.6	-	58	
2021-02-20 03:50:00	9.8	북북서	343	6.62	26.57	0.38	8.8	0.50	12.5	4.1	남서	219	9.6	1004.6	-	68	
2021-02-20 03:55:00	14.5	북	8	6.61	26.57	0.51	9.6	0.76	10.5	4.1	남남서	205	9.6	1004.5	-	62	
2021-02-20 04:00:00	16.2	북북서	337	6.61	26.75	0.44	8.9	0.61	8.0	5.1	남남서	208	9.8	1004.5	-	65	
2021-02-20 04:05:00	14.3	북	350	6.61	26.80	0.50	9.8	0.86	12.0	6.9	남남서	206	9.8	1004.4	-	74	
2021-02-20 04:10:00	20.7	북	350	6.60	26.93	0.50	9.5	0.59	8.5	6.1	남남서	206	9.9	1004.5	-	74	
2021-02-20 04:15:00	15.0	북	356	6.59	26.82	0.59	10.4	0.79	9.0	5.5	남남서	195	9.9	1004.5	-	80	
2021-02-20 04:20:00	16.9	북	358	6.60	26.80	0.42	9.3	0.51	12.0	4.5	남	174	9.8	1004.4	-	69	
2021-02-20 04:25:00	15.2	북	358	6.60	26.78	0.49	8.5	0.57	11.0	5.9	남남서	192	9.4	1004.4	-	57	
2021-02-20 04:30:00	17.7	북북서	344	6.60	26.88	0.41	7.0	0.61	11.0	5.8	남남서	194	9.7	1004.5	-	70	
2021-02-20 04:35:00	13.7	북	359	6.60	26.88	0.47	8.0	0.64	6.0	5.9	남남서	200	9.6	1004.5	-	40	
2021-02-20 04:40:00	13.1	북	358	6.60	26.87	0.41	7.5	0.54	9.0	6.1	남	190	9.7	1004.7	-	69	
2021-02-20 04:45:00	12.9	북	350	6.59	26.85	0.43	8.5	0.68	9.0	5.0	남	171	9.8	1004.7	-	79	
2021-02-20 04:50:00	8.6	북	352	6.59	27.07	0.51	11.0	0.64	9.5	4.8	남	175	9.7	1004.7	-	82	
2021-02-20 04:55:00	11.9	북	353	6.58	27.03	0.64	10.1	0.81	11.0	5.1	남	179	9.4	1004.5	-	50	
2021-02-20 05:00:00	13.7	북북서	341	6.58	27.41	0.51	9.0	0.70	10.0	4.2	남남동	168	9.6	1004.6	-	56	
2021-02-20 05:05:00	14.5	북	358	6.57	27.10	0.50	9.1	0.63	9.5	5.7	남	185	9.6	1004.5	-	62	
2021-02-20 05:10:00	11.6	북북서	338	6.58	27.07	0.48	7.7	0.63	7.0	5.5	남	182	9.6	1004.6	-	85	
2021-02-20 05:15:00	15.0	북	356	6.58	26.97	0.69	11.1	0.81	11.5	3.2	남	180	9.7	1004.5	-	55	
2021-02-20 05:20:00	6.7	북북서	329	6.58	26.98	0.51	7.9	0.70	11.0	4.1	남남서	196	9.6	1004.6	-	61	
2021-02-20 05:25:00	13.9	북북서	341	6.58	26.96	0.58	9.0	0.74	6.0	4.9	남남서	204	9.7	1004.5	-	65	
2021-02-20 05:30:00	11.8	북	3	6.58	26.99	0.45	7.2	0.74	9.0	4.9	남남서	204	9.7	1004.5	-	24	
2021-02-20 05:35:00	11.1	북	1	6.59	27.13	0.51	10.2	0.96	10.5	2.7	남	184	9.9	1004.5	-	59	
2021-02-20 05:40:00	8.9	북	355	6.60	26.91	0.52	8.3	0.77	9.5	3.1	남	186	9.6	1004.5	-	58	
2021-02-20 05:45:00	12.3	북	357	6.60	26.32	0.56	8.7	0.65	12.0	4.1	남남서	203	9.5	1004.4	-	127	
2021-02-20 05:50:00	16.1	북북서	348	6.60	26.32	0.62	10.0	0.82	10.5	7.3	남남서	210	9.6	1004.3	-	50	
2021-02-20 05:55:00	13.5	북북서	348	6.59	26.72	0.52	6.8	0.66	5.0	6.7	남남서	211	9.7	1004.4	-	48	
2021-02-20 06:00:00	15.0	북북서	338	6.59	26.70	0.55	8.8	0.88	11.0	6.8	남서	219	9.8	1004.4	-	45	
2021-02-20 06:05:00	14.6	북	355	6.58	26.78	0.53	9.1	0.93	7.0	7.2	남서	215	9.8	1004.4	-	47	
2021-02-20 06:10:00	18.3	북	359	6.58	26.93	0.54	6.7	0.66	6.5	6.5	남남서	212	9.7	1004.4	-	51	
2021-02-20 06:15:00	15.5	북	356	6.58	26.95	0.55	7.6	0.76	8.5	7.9	남서	215	9.7	1004.4	-	65	
2021-02-20 06:20:00	19.5	북	356	6.57	27.16	0.51	7.7	0.83	11.0	7.6	남서	216	9.8	1004.5	-	61	
2021-02-20 06:25:00	12.9	북	7	6.55	27.15	0.47	6.7	0.63	7.5	7.0	남서	215	9.8	1004.5	-	51	
2021-02-20 06:30:00	15.1	북	5	6.53	27.13	0.53	7.6	0.80	8.5	7.8	남서	218	9.8	1004.5	-	43	
2021-02-20 06:35:00	11.9	북	359	6.53	26.85	0.62	9.7	0.79	11.5	7.8	남서	214	9.8	1004.4	-	58	
2021-02-20 06:40:00	17.0	북	360	6.53	26.83	0.55	9.5	0.76	12.5	7.8	남남서	211	9.8	1004.5	-	62	
2021-02-20 06:45:00	8.1	북	354	6.52	26.83	0.63	10.1	0.84	11.5	7.9	남서	215	9.7	1004.4	-	73	
2021-02-20 06:50:00	10.8	북	353	6.50	27.29	0.54	8.6	0.80	10.0	7.4	남남서	212	9.8	1004.5	-	41	
2021-02-20 06:55:00	15.6	북	353	6.49	27.00	0.54	6.9	0.89	6.5	7.0	남서	216	9.8	1004.4	-	145	
2021-02-20 07:00:00	14.1	북	2	6.49	26.71	0.52	7.4	0.88	6.0	8.0	남서	218	9.8	1004.3	-	103	
2021-02-20 07:05:00	9.2	북	8	6.49	26.75	0.60	8.5	0.86	5.0	8.5	남서	215	9.8	1004.3	-	50	
2021-02-20 07:10:00	19.4	북	1	6.48	26.72	0.55	8.7	0.67	5.5	7.9	남남서	210	9.8	1004.3	-	74	
2021-02-20 07:15:00	11.5	북북서	347	6.48	26.19	0.52	6.5	0.62	6.0	8.6	남서	214	9.7	1004.2	-	55	
2021-02-20 07:20:00	11.2	북북동	13	6.48	26.16	0.56	7.3	0.81	12.5	8.9	남서	219	9.7	1004.2	-	61	
2021-02-20 07:25:00	16.3	북	2	6.47	26.16	0.52	7.2	0.70	5.0	9.0	남남서	213	9.7	1004.2	-	35	
2021-02-20 07:30:00	7.8	북	7	6.47	25.99	0.53	7.2	0.67	6.5	8.4	남서	215	9.7	1004.3	-	27	
2021-02-20 07:35:00	13.6	북	359	6.47	26.24	0.50	6.2	0.85	6.0	8.3	남남서	213	9.7	1004.3	-	127	
2021-02-20 07:40:00	13.3	북	359	6.48	26.62	0.52	6.5	0.70	4.5	9.2	남남서	210	9.7	1004.3	-	137	
2021-02-20 07:45:00	14.2	북	350	6.48	26.54	0.51	9.2	0.65	9.5	7.6	남남서	212	9.7	1004.4	-	53	
2021-02-20 07:50:00	12.0	북서	326	6.49	26.52	0.50	6.0	0.78	7.0	7.1	남남서	212	9.7	1004.5	-	111	
2021-02-20 07:55:00	16.0	북북서	345	6.50	26.33	0.50	8.4	0.69	10.5	7.2	남남서	205	9.7	1004.6	-	76	
2021-02-20 08:00:00	14.1	북북서	346	6.56	27.18	0.51	8.0	0.71	6.0	7.2	남남서	212	9.7	1004.6	-	70	
2021-02-20 08:05:00	18.7	북북서	333	7.11	26.89	0.54	8.3	0.71	6.0	7.7	남남서	210	9.8	1004.7	-	43	
2021-02-20 08:10:00	7.8	서북서	294	7.27	26.89	0.49	8.0	0.67	11.0	5.8	남남서	202	9.9	1004.8	-	135	
2021-02-20 08:15:00	9.5	북서	323	7.27	26.60	0.48	6.7	0.76	7.0	6.9	남남서	208	9.9	1004.8	-	73	
2021-02-20 08:20:00	14.0	북북서	336	7.27	26.73	0.51	7.2	0.70	8.5	5.3	남남서	200	10.1	1004.8	-	68	
2021-02-20 08:25:00	12.6	북서	324	7.21	26.56	0.57	7.5	0.79	9.5	5.6	남남서	212	10.1	1004.9	-	76	
2021-02-20 08:30:00	8.9	북서	319	7.09	26.30	0.48	6.6	0.69	6.5	5.5	남남서	212	10.2	1005.0	-	112	
2021-02-20 08:35:00	8.7	북서	317	7.11	26.74	0.57	7.0	0.74	6.0	5.1	남남서	210	10.2	1005.1	-	87	
2021-02-20 08:40:00	4.5	북북서	342	7.16	26.70	0.64	7.2	0.81	7.5	6.4	남서	217	10.2	1005.2	-	117	
2021-02-20 08:45:00	4.3	북북서	336	7.21	26.50	0.64	8.0	0.71	8.5	5.7	남남서	212	10.3	1005.3	-	48	
2021-02-20 08:50:00	7.7	북북동	27	7.23	26.52	0.56	7.9	0.78	7.5	6.0	남서	215	10.3	1005.2	-	70	
2021-02-20 08:55:00	10.4	북	7	7.28	26.49	0.65	6.7	0.89	6.0	5.5	남남서	202	10.3	1005.2	-	118	
2021-02-20 09:00:00	11.7	북	7	7.37	27.16	0.63	7.7	0.82	6.5	5.1	남남서	210	10.4	1005.1	-	62	
2021-02-20 09:05:00	21.0	북북서	333	7.55	26.61	0.56	7.4	0.72	6.5	6.3	남남서	211	10.5	1005.0	-	48	
2021-02-20 09:10:00	22.9	북북서	329	7.68	26.45	0.56	6.1	0.71	6.0	6.2	남서	214	10.6	1004.9	-	145	
2021-02-20 09:15:00	24.1	북북서	343	7.84	27.30	0.55	6.3	0.63	8.0	5.6	남남서	205	10.5	1005.0	-	67	
2021-02-20 09:20:00	19.7	북	350	7.88	26.34	0.60	7.4	0.75	10.0	5.8	남남서	202	10.6	1004.8	-	62	
2021-02-20 09:25:00	10.4	북북서	339	7.95	26.09	0.69	7.7	0.83	10.5	4.7	남서	217	10.8	1005.0	-	71	
2021-02-20 09:30:00	11.3	북북서	341	7.97	26.52	0.63	6.8	0.80	8.5	5.7	남서	224	11.0	1005.0	-	116	
2021-02-20 09:35:00	8.3	북	355	7.99	26.38	0.70	6.8	1.11	6.0	5.8	남서	226	11.0	1005.0	-	109	
2021-02-20 09:40:00	4.9	북북서	345	8.03	26.32	0.66	7.0	0.98	7.5	6.0	남서	217	11.0	1005.0	-	129	
2021-02-20 09:45:00	26.2	북북서	345	8.07	26.06	0.62	6.6	0.82	5.5	5.3	남남서	213	10.9	1005.0	-	125	
2021-02-20 09:50:00	12.8	북북서	336	8.10	26.04	0.57	6.6	0.96	6.0	5.1	남남서	200	11.0	1005.0	-	64	
2021-02-20 09:55:00	17.5	북	352	8.16	26.99	0.58	7.8	1.11	7.0	5.2	남남서	206	10.9	1005.0	-	68	
2021-02-20 10:00:00	8.5	북	355	8.17	26.90	0.54	6.1	0.77	8.0	3.8	남서	215	11.1	1005.1	-	66	
2021-02-20 10:05:00	14.4	북	351	8.16	26.70	0.63	7.4	0.82	9.5	3.8	남남서	207	11.5	1005.0	-	70	
2021-02-20 10:10:00	6.0	북	358	8.13	26.52	0.53	7.1	0.69	4.5	3.7	남남서	202	11.5	1004.8	-	59	
2021-02-20 10:15:00	13.1	북북서	339	8.07	26.56	0.63	8.0	0.84	6.5	4.1	남서	216	11.6	1004.9	-	61	
2021-02-20 10:20:00	15.1	북	350	8.09	26.72	0.59	7.8	0.83	10.5	2.9	남서	233	12.2	1005.0	-	63	
2021-02-20 10:25:00	17.6	북북서	344	8.13	27.12	0.53	6.4	0.78	5.0	0.8	남남서	204	12.7	1005.1	-	102	
2021-02-20 10:30:00	16.8	북북서	347	8.20	27.09	0.51	6.0	0.57	7.5	1.0	북북서	342	12.9	1005.4	-	124	
2021-02-20 10:35:00	14.8	북	353	8.29	26.87	0.45	6.8	0.55	4.5	4.2	북북서	338	12.7	1005.3	-	67	
2021-02-20 10:40:00	21.7	북북서	330	8.38	26.61	0.54	6.5	0.86	6.5	5.5	북서	322	12.4	1005.2	-	138	
2021-02-20 10:45:00	15.1	북북서	342	8.36	26.94	0.58	7.2	0.79	7.5	8.5	북서	309	12.5	1004.7	-	121	
2021-02-20 10:50:00	20.9	북북서	342	8.39	26.52	0.58	6.5	0.86	5.5	10.6	북서	304	12.8	1004.4	-	100	
2021-02-20 10:55:00	25.6	북	354	8.45	26.55	0.54	7.7	0.73	9.0	9.5	서북서	288	12.5	1004.5	-	68	
2021-02-20 11:00:00	24.4	북북서	347	8.47	26.88	0.67	6.8	1.01	6.0	8.3	서북서	283	12.5	1004.7	-	50	
2021-02-20 11:05:00	28.5	북북서	349	8.45	26.50	0.62	5.5	0.84	8.0	8.0	서	270	12.7	1004.7	-	131	
2021-02-20 11:10:00	21.6	북	350	8.44	26.85	0.59	5.7	0.89	8.0	5.6	서남서	256	13.2	1004.7	-	128	
2021-02-20 11:15:00	30.3	북	355	8.43	26.08	0.66	5.6	0.93	7.0	6.1	서	266	13.6	1004.8	-	54	
2021-02-20 11:20:00	29.3	북	359	8.49	26.63	0.64	5.6	0.83	6.0	8.3	서북서	283	13.4	1004.7	-	80	
2021-02-20 11:25:00	23.4	북	349	8.51	26.98	0.61	6.0	0.83	10.5	10.3	서북서	289	13.7	1004.6	-	30	
2021-02-20 11:30:00	25.5	북	353	8.49	26.84	0.58	5.4	0.80	6.0	10.2	서북서	291	14.0	1004.6	-	78	
2021-02-20 11:35:00	26.0	북	354	8.50	26.83	0.60	5.9	0.78	9.5	10.6	서북서	295	14.3	1004.6	-	144	
2021-02-20 11:40:00	27.5	북	353	8.54	26.84	0.66	5.8	0.81	3.5	11.3	서북서	295	14.0	1004.6	-	127	
2021-02-20 11:45:00	24.8	북	2	8.53	26.74	0.68	6.3	1.09	8.5	11.7	서북서	296	14.2	1004.5	-	125	
2021-02-20 11:50:00	20.9	북	357	8.52	26.76	0.75	6.9	0.92	9.5	11.4	서북서	300	14.0	1004.4	-	78	
2021-02-20 11:55:00	25.4	북	2	8.47	26.82	0.64	5.3	0.82	6.5	11.8	서북서	303	14.4	1004.5	-	124	
2021-02-20 12:00:00	21.2	북	4	8.49	27.00	0.71	5.9	0.92	7.5	12.8	서북서	298	14.3	1004.4	-	65	
2021-02-20 12:05:00	13.4	북	6	8.45	26.50	0.71	5.8	0.88	7.5	11.2	서북서	296	14.7	1004.5	-	75	
2021-02-20 12:10:00	16.2	북	1	8.40	26.41	0.76	4.8	1.02	9.5	11.5	서북서	299	14.5	1004.4	-	321	
2021-02-20 12:15:00	18.1	북북동	13	8.19	26.50	0.67	6.2	0.90	6.0	10.9	서북서	302	14.3	1004.4	-	129	
2021-02-20 12:20:00	15.2	북북동	18	8.19	27.16	0.66	6.7	1.08	7.5	10.7	서북서	302	14.5	1004.4	-	65	
2021-02-20 12:25:00	16.3	북북동	22	8.13	26.33	0.70	5.8	0.86	9.5	11.7	서북서	302	14.7	1004.4	-	106	
2021-02-20 12:30:00	16.1	북	357	8.05	26.36	0.67	5.7	0.87	6.0	12.7	서북서	302	14.7	1004.4	-	131	
2021-02-20 12:35:00	6.2	북	350	8.00	26.34	0.70	5.9	0.91	4.5	12.3	북서	308	14.6	1004.4	-	64	
2021-02-20 12:40:00	14.2	북북동	29	7.98	26.50	0.65	5.2	0.84	7.5	12.2	서북서	301	14.6	1004.4	-	75	
2021-02-20 12:45:00	13.7	북	352	7.94	27.00	0.64	6.1	0.88	8.0	11.6	북서	307	14.6	1004.3	-	45	
2021-02-20 12:50:00	16.9	북	4	7.90	26.74	0.70	5.3	1.00	6.0	11.7	북서	309	14.5	1004.2	-	129	
2021-02-20 12:55:00	11.3	북	352	7.90	26.75	0.64	5.7	0.76	5.5	13.1	북서	305	14.6	1004.0	-	138	
2021-02-20 13:00:00	15.2	북북동	11	7.85	27.38	0.75	6.4	1.07	6.0	12.9	서북서	300	14.6	1004.2	-	60	
2021-02-20 13:05:00	13.3	북	355	7.87	26.58	0.76	5.3	1.21	7.0	12.1	서북서	299	14.8	1004.3	-	125	
2021-02-20 13:10:00	15.7	북	11	7.84	26.59	0.62	5.3	0.93	6.5	14.2	서북서	296	15.1	1003.9	-	54	
2021-02-20 13:15:00	13.2	북북동	15	7.83	26.82	0.66	4.8	0.82	3.0	12.6	서북서	286	14.9	1004.0	-	113	
2021-02-20 13:20:00	11.4	북	6	7.75	26.54	0.75	5.1	1.04	3.5	12.5	서북서	286	15.0	1004.0	-	298	
2021-02-20 13:25:00	6.7	북북동	21	7.76	26.42	0.68	4.4	0.88	4.0	14.0	서북서	288	15.0	1003.8	-	295	
2021-02-20 13:30:00	10.2	북북동	13	7.70	26.37	0.78	5.1	1.09	3.5	13.4	서북서	282	15.3	1003.9	-	184	
2021-02-20 13:35:00	9.4	북동	48	7.69	27.04	0.75	4.9	1.07	11.0	13.3	서북서	288	15.3	1004.2	-	72	
2021-02-20 13:40:00	6.9	북북동	30	7.67	26.28	0.72	5.0	0.93	5.0	13.5	서북서	294	15.5	1004.3	-	218	
2021-02-20 13:45:00	7.9	북동	40	7.63	26.25	0.76	4.6	1.11	3.5	11.4	서북서	298	15.3	1004.4	-	170	
2021-02-20 13:50:00	10.7	북북동	20	7.61	26.18	0.67	5.1	1.18	6.0	12.5	서북서	301	15.1	1004.4	-	152	
2021-02-20 13:55:00	8.8	북북동	32	7.57	26.13	0.81	5.1	1.07	5.0	10.1	서북서	297	14.8	1004.6	-	44	
2021-02-20 14:00:00	8.1	북북동	32	7.56	25.97	0.74	4.1	1.12	4.5	11.0	서북서	297	14.8	1004.5	-	187	
2021-02-20 14:05:00	12.0	북	5	7.51	25.72	0.72	6.1	1.11	9.0	10.5	서북서	300	14.9	1004.8	-	68	
2021-02-20 14:10:00	6.2	북북동	26	7.50	26.05	0.71	5.5	0.90	5.0	9.4	서북서	300	14.7	1004.9	-	215	
2021-02-20 14:15:00	4.7	북북동	17	7.50	26.05	0.69	4.4	0.90	4.5	8.5	서북서	301	14.4	1005.0	-	211	
2021-02-20 14:20:00	9.7	북동	43	7.52	26.05	0.74	5.3	1.15	7.0	9.3	서북서	295	15.0	1005.1	-	74	
2021-02-20 14:25:00	9.9	북동	51	7.50	26.07	0.72	6.0	0.93	9.0	9.3	서북서	294	14.6	1005.1	-	55	
2021-02-20 14:30:00	6.0	서북서	300	7.48	26.03	0.78	5.9	1.06	5.0	8.1	서북서	290	14.4	1005.1	-	106	
2021-02-20 14:35:00	7.7	북	350	7.44	26.49	0.71	5.2	0.84	4.5	8.5	서북서	284	14.8	1005.1	-	283	
2021-02-20 14:40:00	8.1	북동	43	7.43	26.45	0.78	4.9	0.94	4.0	7.7	서	273	15.1	1005.2	-	330	
2021-02-20 14:45:00	11.8	북북동	17	7.43	26.43	0.69	5.4	0.81	5.5	7.3	서북서	284	14.7	1005.1	-	336	
2021-02-20 14:50:00	10.9	북동	56	7.43	26.49	0.68	4.6	0.94	4.5	7.1	서북서	283	15.0	1005.1	-	93	
2021-02-20 14:55:00	8.9	북동	42	7.44	27.24	0.70	4.6	0.91	4.0	5.2	서	268	15.4	1005.2	-	161	
2021-02-20 15:00:00	13.7	북동	41	7.44	26.30	0.73	5.5	1.29	5.0	6.0	서	279	15.6	1005.3	-	155	
2021-02-20 15:05:00	6.5	북서	325	7.45	26.49	0.66	4.9	0.81	3.5	4.9	서북서	283	15.3	1005.4	-	161	
2021-02-20 15:10:00	5.4	북북서	329	7.41	26.55	0.76	6.4	1.06	4.5	4.1	서	280	15.3	1005.5	-	76	
2021-02-20 15:15:00	7.8	북동	35	7.38	26.70	0.78	5.7	1.10	3.5	5.6	서북서	295	15.6	1005.5	-	138	
2021-02-20 15:20:00	2.3	북북서	338	7.40	26.13	0.74	5.8	0.94	3.5	7.7	서북서	293	15.4	1005.4	-	173	
2021-02-20 15:25:00	8.1	북북동	20	7.43	26.06	0.72	5.1	0.89	4.0	7.1	서북서	290	15.6	1005.5	-	143	
2021-02-20 15:30:00	14.7	북북동	27	7.45	26.09	0.77	5.0	1.15	4.0	7.2	서북서	294	15.5	1005.5	-	187	
2021-02-20 15:35:00	7.1	동북동	78	7.43	26.11	0.75	5.0	1.09	4.5	5.5	서북서	299	15.2	1005.4	-	328	
2021-02-20 15:40:00	4.7	남남서	211	7.44	26.07	0.70	4.9	0.99	4.0	5.9	서북서	296	15.6	1005.3	-	72	
2021-02-20 15:45:00	1.3	남	187	7.46	26.07	0.76	4.9	1.00	4.0	4.8	서남서	254	15.8	1005.3	-	101	
2021-02-20 15:50:00	5.5	동	96	7.47	26.68	0.81	5.9	0.96	6.0	3.4	서남서	249	16.3	1005.4	-	51	
2021-02-20 15:55:00	4.9	북북동	28	7.46	26.42	0.72	5.5	1.09	4.5	3.7	북서	306	16.3	1005.5	-	327	
2021-02-20 16:00:00	4.8	북서	315	7.47	26.43	0.79	6.1	1.15	6.5	5.0	서북서	303	16.3	1005.5	-	82	
2021-02-20 16:05:00	6.2	북서	321	7.49	26.30	0.79	5.6	1.05	6.0	6.2	서북서	286	16.1	1005.6	-	71	
2021-02-20 16:10:00	2.0	동북동	64	7.48	26.42	0.82	5.9	1.10	4.5	4.7	서북서	292	16.4	1005.8	-	173	
2021-02-20 16:15:00	11.5	북서	325	7.50	26.60	0.72	5.4	1.10	5.0	6.3	서북서	303	15.2	1005.8	-	123	
2021-02-20 16:20:00	2.3	남서	228	7.49	26.75	0.74	5.0	0.93	4.0	7.4	북서	305	15.7	1005.9	-	177	
2021-02-20 16:25:00	4.3	북	2	7.49	27.13	0.79	5.4	1.09	5.0	5.7	북서	316	15.5	1006.1	-	111	
2021-02-20 16:30:00	7.7	북북서	329	7.49	26.38	0.80	5.8	1.07	6.5	4.8	북서	318	15.1	1006.1	-	4	
2021-02-20 16:35:00	2.9	북동	46	7.49	26.32	0.85	6.5	1.12	4.0	4.8	북서	304	15.2	1006.1	-	22	
2021-02-20 16:40:00	4.5	서북서	292	7.49	26.29	0.65	5.6	0.89	5.5	5.5	서북서	290	15.6	1006.2	-	130	
2021-02-20 16:45:00	3.6	북서	317	7.49	26.32	0.68	6.3	1.05	6.0	5.2	서북서	291	15.3	1006.2	-	131	
2021-02-20 16:50:00	5.8	북서	312	7.49	26.34	0.73	6.2	1.01	8.0	4.0	서북서	296	15.3	1006.2	-	125	
2021-02-20 16:55:00	5.0	북북서	328	7.49	26.55	0.71	6.1	1.01	5.5	4.9	북서	309	15.6	1006.3	-	67	
2021-02-20 17:00:00	5.0	북서	314	7.50	26.45	0.75	5.7	1.23	6.0	5.1	북서	317	14.8	1006.3	-	163	
2021-02-20 17:05:00	8.5	서북서	301	7.50	26.43	0.68	5.1	1.11	4.5	3.9	북북서	327	14.6	1006.3	-	49	
2021-02-20 17:10:00	8.9	북북동	26	7.50	26.14	0.77	6.0	1.11	7.0	4.7	북북서	333	13.6	1006.3	-	132	
2021-02-20 17:15:00	1.9	남서	235	7.51	27.13	0.75	6.1	0.96	6.5	3.7	북서	326	14.4	1006.3	-	171	
2021-02-20 17:20:00	5.4	서	270	7.51	26.33	0.70	5.8	0.89	4.5	2.7	북서	314	14.2	1006.3	-	108	
2021-02-20 17:25:00	6.2	서남서	243	7.51	26.18	0.91	6.5	1.14	8.0	3.0	서	260	14.2	1006.4	-	37	
2021-02-20 17:30:00	10.9	남서	222	7.51	27.24	0.80	6.1	1.43	5.5	2.4	서	270	14.8	1006.5	-	114	
2021-02-20 17:35:00	3.2	북동	35	7.51	26.19	0.83	5.9	1.01	4.5	2.2	동남동	111	14.5	1006.7	-	116	
2021-02-20 17:40:00	5.5	북북동	30	7.51	26.36	0.79	5.9	1.08	5.0	3.0	남동	124	11.9	1006.7	-	113	
2021-02-20 17:45:00	3.5	동남동	121	7.51	26.62	0.76	5.6	1.15	5.0	5.1	동남동	114	11.1	1006.6	-	123	
2021-02-20 17:50:00	2.6	북서	306	7.52	26.66	0.78	5.3	0.99	5.5	3.8	동남동	123	10.8	1006.6	-	115	
2021-02-20 17:55:00	2.3	북서	310	7.51	27.00	0.75	5.6	1.10	6.0	4.1	동남동	121	10.6	1006.6	-	116	
2021-02-20 18:00:00	2.8	남	189	7.51	27.11	0.77	5.5	1.03	5.5	3.1	동남동	122	10.6	1006.6	-	133	
2021-02-20 18:05:00	3.1	동북동	68	7.51	27.14	0.80	5.9	1.27	4.5	3.3	남동	127	10.6	1006.6	-	113	
2021-02-20 18:10:00	2.9	남남동	152	7.52	26.33	0.78	6.0	1.25	5.0	3.5	남동	128	10.7	1006.6	-	96	
2021-02-20 18:15:00	10.7	서남서	251	7.54	26.45	0.79	6.4	0.99	7.5	3.2	동남동	123	11.0	1006.7	-	104	
2021-02-20 18:20:00	22.4	남서	216	7.89	27.50	0.78	6.0	0.99	6.5	3.0	남	187	11.6	1006.7	-	110	
2021-02-20 18:25:00	18.2	서남서	242	8.02	26.44	0.67	5.9	0.91	6.5	7.2	남서	225	14.2	1006.5	-	106	
2021-02-20 18:30:00	21.3	서	267	8.18	26.33	0.69	5.9	0.83	6.5	7.7	남서	230	14.7	1006.5	-	150	
2021-02-20 18:35:00	14.2	서남서	255	8.28	26.70	0.68	5.2	0.94	5.0	5.8	남서	229	14.3	1006.5	-	320	
2021-02-20 18:40:00	16.1	서남서	252	8.36	26.71	0.68	5.6	0.82	5.5	7.9	남서	227	14.5	1006.5	-	97	
2021-02-20 18:45:00	11.4	서	274	8.41	26.65	0.68	6.5	1.12	6.0	7.5	남서	223	14.6	1006.5	-	105	
2021-02-20 18:50:00	17.5	남서	233	8.44	26.62	0.70	5.4	0.95	5.5	8.2	남서	226	14.5	1006.6	-	125	
2021-02-20 18:55:00	15.9	서	270	8.43	26.90	0.70	6.9	0.92	6.0	7.4	남서	229	14.6	1006.6	-	74	
2021-02-20 19:00:00	13.5	서남서	254	8.40	26.92	0.72	6.5	0.96	9.5	8.0	남서	222	14.5	1006.5	-	73	
2021-02-20 19:05:00	18.7	서북서	303	8.40	27.00	0.65	5.9	0.80	8.5	7.6	남서	234	14.6	1006.7	-	93	
2021-02-20 19:10:00	13.7	서북서	281	8.44	26.12	0.75	7.0	1.04	5.0	7.2	남서	229	14.6	1006.8	-	124	
2021-02-20 19:15:00	13.0	서북서	297	8.49	27.12	0.64	5.8	1.32	6.0	7.1	남서	227	14.6	1006.9	-	142	
2021-02-20 19:20:00	14.0	서	280	8.51	27.38	0.78	6.5	1.19	5.0	8.2	남서	220	14.5	1006.9	-	259	
2021-02-20 19:25:00	9.0	서북서	291	8.53	26.60	0.67	6.1	0.95	8.5	6.6	남서	225	14.4	1007.0	-	57	
2021-02-20 19:30:00	11.5	서	269	8.55	25.61	0.71	6.4	1.10	5.0	5.7	남서	235	14.3	1007.0	-	59	
2021-02-20 19:35:00	11.4	서	265	8.56	26.40	0.68	5.8	0.91	5.0	5.8	남서	232	14.3	1007.0	-	95	
2021-02-20 19:40:00	5.7	서북서	283	8.58	26.52	0.63	6.0	0.83	6.5	6.9	남서	226	14.3	1007.0	-	94	
2021-02-20 19:45:00	16.4	북서	307	8.60	26.43	0.64	6.8	0.95	9.0	6.0	남서	232	14.1	1007.2	-	68	
2021-02-20 19:50:00	11.8	서북서	285	8.61	26.41	0.73	6.2	1.11	5.0	5.2	서남서	247	14.2	1007.3	-	124	
2021-02-20 19:55:00	7.9	서	272	8.63	26.52	0.67	6.0	0.96	5.5	4.5	남서	234	14.1	1007.3	-	62	
2021-02-20 20:00:00	11.2	서북서	295	8.65	26.57	0.66	6.0	0.98	5.5	4.6	서남서	237	14.3	1007.3	-	100	
2021-02-20 20:05:00	7.9	서	271	8.66	26.53	0.72	6.6	1.05	5.5	4.9	남서	222	14.3	1007.3	-	126	
2021-02-20 20:10:00	2.3	북서	316	8.65	26.43	0.72	6.0	1.06	5.0	5.1	남서	219	14.2	1007.2	-	38	
2021-02-20 20:15:00	5.9	서북서	296	8.65	26.24	0.64	5.6	1.12	5.5	5.4	남서	220	14.0	1007.2	-	102	
2021-02-20 20:20:00	12.3	북서	314	8.65	27.12	0.64	7.5	0.88	6.5	5.9	남서	225	14.0	1007.2	-	44	
2021-02-20 20:25:00	8.3	서	268	8.65	26.77	0.70	6.5	1.02	7.0	5.3	남서	226	13.9	1007.2	-	80	
2021-02-20 20:30:00	6.0	서	279	8.65	26.67	0.65	6.0	0.82	5.5	5.9	남서	221	14.1	1007.1	-	118	
2021-02-20 20:35:00	6.9	서	266	8.64	27.32	0.73	6.0	1.05	6.0	5.7	남서	222	14.0	1007.1	-	101	
2021-02-20 20:40:00	8.5	서북서	288	8.64	27.30	0.79	6.2	1.07	6.0	6.1	남서	229	13.9	1007.1	-	75	
2021-02-20 20:45:00	5.7	서	272	8.62	26.66	0.77	5.8	1.08	6.5	6.2	남서	228	13.8	1007.0	-	118	
2021-02-20 20:50:00	2.6	남남서	193	8.59	26.53	0.73	7.2	1.06	5.5	6.3	남서	232	13.8	1006.9	-	133	
2021-02-20 20:55:00	3.3	서	262	8.56	26.71	0.69	6.5	0.95	7.0	6.7	남서	230	13.8	1006.9	-	97	
2021-02-20 21:00:00	7.6	북서	310	8.52	26.49	0.61	6.1	0.78	6.5	7.8	남서	234	13.9	1006.7	-	65	
2021-02-20 21:05:00	4.6	북서	316	8.49	27.05	0.76	5.9	0.95	6.5	7.9	남서	221	14.0	1006.7	-	103	
2021-02-20 21:10:00	3.6	북서	305	8.45	26.97	0.70	5.6	1.05	6.0	7.1	남서	224	13.9	1006.7	-	356	
2021-02-20 21:15:00	4.7	서남서	254	8.43	26.79	0.65	5.8	0.85	6.0	6.6	남서	229	13.7	1006.7	-	59	
2021-02-20 21:20:00	6.7	남서	231	8.39	26.75	0.65	7.1	0.77	6.0	7.1	남서	225	13.9	1006.8	-	85	
2021-02-20 21:25:00	8.5	서	269	8.36	26.21	0.69	5.7	1.12	6.0	6.2	남서	220	13.9	1006.8	-	111	
2021-02-20 21:30:00	7.7	북서	320	8.35	25.89	0.58	5.7	0.92	6.5	5.2	남서	218	13.9	1006.8	-	345	
2021-02-20 21:35:00	10.4	서남서	255	8.33	26.57	0.70	6.2	0.91	6.0	5.2	서남서	237	13.7	1006.8	-	110	
2021-02-20 21:40:00	13.4	서남서	255	8.33	26.53	0.64	6.2	0.87	4.5	5.7	서남서	238	14.1	1006.8	-	0	
2021-02-20 21:45:00	12.1	서	266	8.30	26.47	0.67	6.8	0.89	5.0	4.2	남서	232	13.9	1006.9	-	95	
2021-02-20 21:50:00	23.3	서	280	8.27	26.62	0.64	6.8	0.81	6.5	3.6	남서	224	13.8	1006.9	-	346	
2021-02-20 21:55:00	9.1	북서	308	8.25	26.75	0.61	6.9	0.92	6.0	3.3	남서	236	13.9	1007.0	-	25	
2021-02-20 22:00:00	26.6	북서	316	8.23	26.84	0.65	6.3	0.95	6.0	3.2	서남서	257	14.1	1007.1	-	110	
2021-02-20 22:05:00	26.8	북북동	20	8.21	26.78	0.64	6.0	0.79	7.5	2.7	서남서	251	14.1	1007.1	-	42	
2021-02-20 22:10:00	14.2	북서	320	8.19	26.49	0.63	6.1	0.88	5.0	2.0	서남서	253	14.2	1007.2	-	110	
2021-02-20 22:15:00	14.7	북서	317	8.17	26.41	0.59	5.9	0.88	5.5	2.4	서	268	14.0	1007.3	-	5	
2021-02-20 22:20:00	3.3	북동	47	8.16	26.50	0.59	6.2	0.78	6.0	3.5	서남서	243	13.9	1007.3	-	56	
2021-02-20 22:25:00	14.4	서북서	288	8.16	26.53	0.60	6.2	0.76	7.0	2.7	서남서	247	13.8	1007.3	-	18	
2021-02-20 22:30:00	5.7	서북서	292	8.15	26.56	0.49	6.7	0.70	9.0	2.6	서남서	250	13.6	1007.4	-	78	
2021-02-20 22:35:00	18.1	서	268	8.14	26.77	0.59	6.6	0.86	5.5	2.5	서남서	256	13.7	1007.5	-	349	
2021-02-20 22:40:00	26.6	서	266	8.13	26.78	0.63	6.1	0.93	6.5	3.2	서남서	258	13.8	1007.5	-	77	
2021-02-20 22:45:00	16.4	남서	227	8.14	26.78	0.58	6.1	0.94	6.5	4.5	서남서	243	14.0	1007.5	-	88	
2021-02-20 22:50:00	19.6	서	274	8.15	26.42	0.53	6.5	0.75	6.0	4.4	서남서	245	13.8	1007.7	-	67	
2021-02-20 22:55:00	17.1	서남서	256	8.14	26.40	0.64	5.8	0.82	5.5	5.5	남서	235	13.8	1007.7	-	346	
2021-02-20 23:00:00	11.2	남서	218	8.15	26.49	0.57	5.8	0.75	6.0	5.4	서남서	238	14.2	1007.8	-	56	
2021-02-20 23:05:00	3.8	남서	219	8.16	26.53	0.50	6.0	0.79	6.0	5.4	남서	235	14.2	1007.9	-	121	
2021-02-20 23:10:00	11.2	남남서	192	8.17	26.52	0.68	5.6	1.04	5.5	6.1	남서	228	14.0	1007.9	-	1	
2021-02-20 23:15:00	6.2	서남서	238	8.18	26.38	0.52	6.6	0.74	7.0	7.7	남서	224	14.1	1007.8	-	340	
2021-02-20 23:20:00	4.2	남남동	153	8.17	26.39	0.61	5.6	0.96	5.5	7.6	남서	217	14.1	1007.8	-	8	
2021-02-20 23:25:00	9.6	남남서	194	8.16	26.33	0.63	6.5	0.99	7.0	7.4	남남서	213	14.0	1007.7	-	106	
2021-02-20 23:30:00	9.1	서남서	253	8.15	26.79	0.58	6.3	0.83	6.5	7.7	남남서	212	13.9	1007.7	-	81	
2021-02-20 23:35:00	2.1	서남서	254	8.15	27.03	0.66	5.8	1.13	6.0	7.3	남서	215	13.8	1007.8	-	332	
2021-02-20 23:40:00	6.2	서북서	292	8.14	27.17	0.61	6.4	0.75	6.0	8.8	남서	221	13.8	1007.7	-	107	
2021-02-20 23:45:00	8.1	서	273	8.14	27.23	0.67	6.3	0.94	5.5	7.8	남서	215	13.7	1007.8	-	71	
2021-02-20 23:50:00	7.1	북서	307	8.15	27.25	0.56	6.4	0.83	9.5	8.9	남서	222	14.0	1007.8	-	354	
2021-02-20 23:55:00	7.2	남서	235	8.15	27.24	0.55	5.9	0.78	5.5	8.7	남서	224	13.9	1007.7	-	61	
2021-02-21 00:00:00	7.3	북북서	332	8.14	27.29	0.48	6.4	0.81	9.5	8.7	남서	222	13.9	1007.7	-	79	
2021-02-21 00:05:00	20.3	서	261	8.17	27.31	0.55	6.8	0.74	6.5	7.1	남서	225	13.8	1007.7	-	50	
2021-02-21 00:10:00	10.1	남남서	211	8.17	27.01	0.48	6.3	0.74	4.5	7.7	남서	227	14.0	1007.6	-	71	
2021-02-21 00:15:00	7.6	서	262	8.18	27.01	0.47	6.3	0.62	6.0	8.5	남서	228	14.1	1007.6	-	125	
2021-02-21 00:20:00	14.9	서	269	8.21	26.53	0.46	5.4	0.64	6.0	6.7	남서	228	13.9	1007.7	-	296	
2021-02-21 00:25:00	10.1	서	276	8.22	26.50	0.53	6.4	0.78	6.0	7.1	남서	225	13.9	1007.7	-	352	
2021-02-21 00:30:00	5.2	서남서	246	8.21	26.45	0.56	7.7	0.71	6.0	7.8	남서	229	13.9	1007.7	-	68	
2021-02-21 00:35:00	12.6	서	265	8.21	26.57	0.50	7.0	0.60	6.0	7.3	남서	223	13.9	1007.8	-	74	
2021-02-21 00:40:00	12.7	서남서	252	8.22	26.53	0.46	6.1	0.60	5.5	6.3	남서	228	13.6	1007.8	-	40	
2021-02-21 00:45:00	7.0	서	277	8.24	26.55	0.48	7.5	0.59	9.0	7.3	남서	228	14.0	1007.7	-	12	
2021-02-21 00:50:00	9.2	서	260	8.29	27.09	0.50	6.3	0.76	6.0	6.8	남서	230	13.8	1007.7	-	4	
2021-02-21 00:55:00	6.4	남	182	8.31	27.00	0.48	5.5	0.63	5.0	6.9	남서	222	14.2	1007.6	-	330	
2021-02-21 01:00:00	6.7	서남서	240	8.30	27.06	0.50	6.8	0.70	10.0	7.2	남서	223	14.3	1007.5	-	86	
2021-02-21 01:05:00	9.1	서남서	244	8.31	27.02	0.53	6.4	0.73	7.5	7.2	남서	219	14.3	1007.5	-	311	
2021-02-21 01:10:00	11.8	남남서	192	8.29	26.78	0.47	6.1	0.76	6.0	7.9	남서	220	14.3	1007.5	-	80	
2021-02-21 01:15:00	11.0	남서	234	8.29	27.02	0.46	6.7	0.69	7.5	6.8	남서	218	14.4	1007.5	-	89	
2021-02-21 01:20:00	8.1	서남서	239	8.28	27.03	0.46	6.9	0.56	7.5	7.0	남서	226	14.3	1007.6	-	67	
2021-02-21 01:25:00	4.5	북서	319	8.24	26.82	0.44	5.5	0.66	8.5	7.3	남서	219	14.4	1007.5	-	75	
2021-02-21 01:30:00	10.7	서	268	8.25	26.78	0.56	6.6	0.80	7.0	7.1	남서	223	14.1	1007.5	-	122	
2021-02-21 01:35:00	8.3	서북서	283	8.29	27.02	0.44	5.5	0.63	5.5	6.5	남서	228	14.3	1007.6	-	330	
2021-02-21 01:40:00	10.6	서남서	250	8.31	26.86	0.48	6.4	0.76	5.5	7.0	남서	225	14.1	1007.7	-	79	
2021-02-21 01:45:00	9.9	서북서	290	8.30	26.83	0.61	5.4	0.91	5.5	7.3	남서	230	14.1	1007.7	-	93	
2021-02-21 01:50:00	2.0	남	190	8.28	27.16	0.51	7.1	0.63	6.0	7.5	남서	229	13.8	1007.7	-	69	
2021-02-21 01:55:00	8.7	서남서	241	8.28	27.07	0.42	5.4	0.70	4.5	9.2	남서	233	14.0	1007.7	-	31	
2021-02-21 02:00:00	4.1	서북서	297	8.29	27.05	0.47	6.6	0.74	7.0	9.1	남서	232	13.9	1007.7	-	77	
2021-02-21 02:05:00	7.7	북	10	8.29	27.01	0.48	6.1	0.59	4.5	9.1	남서	232	14.0	1007.7	-	92	
2021-02-21 02:10:00	3.8	북북서	345	8.28	27.51	0.45	6.5	0.71	6.0	8.7	남서	236	13.9	1007.7	-	71	
2021-02-21 02:15:00	5.8	북	4	8.26	26.86	0.46	6.2	0.66	6.5	9.2	남서	236	14.1	1007.7	-	122	
2021-02-21 02:20:00	12.2	북	358	8.23	26.87	0.41	6.0	0.66	5.5	8.8	서남서	242	14.0	1007.6	-	344	
2021-02-21 02:25:00	8.0	서	272	8.21	26.97	0.46	7.1	0.54	6.5	8.0	서남서	244	13.7	1007.7	-	65	
2021-02-21 02:30:00	22.0	서북서	304	8.19	26.96	0.42	7.4	0.60	7.5	7.9	서남서	247	13.9	1007.7	-	85	
2021-02-21 02:35:00	25.7	서북서	285	8.19	26.98	0.43	6.2	0.54	4.5	7.2	서남서	245	13.9	1007.8	-	96	
2021-02-21 02:40:00	15.6	서	280	8.17	26.94	0.45	5.7	0.59	6.0	6.5	서남서	251	13.9	1007.8	-	113	
2021-02-21 02:45:00	13.0	서북서	301	8.17	27.11	0.40	6.8	0.49	5.0	7.4	서	261	13.8	1007.8	-	344	
2021-02-21 02:50:00	18.4	서북서	303	8.18	26.63	0.50	6.1	0.62	6.5	7.2	서	260	13.9	1007.9	-	322	
2021-02-21 02:55:00	25.3	북서	305	8.18	26.89	0.46	7.3	0.68	8.5	8.2	서	259	14.0	1007.9	-	81	
2021-02-21 03:00:00	9.7	서	276	8.18	26.96	0.41	7.0	0.51	6.0	7.5	서남서	256	13.9	1008.0	-	54	
2021-02-21 03:05:00	19.4	서	264	8.16	26.80	0.38	6.2	0.49	8.0	8.0	서남서	258	13.8	1007.9	-	24	
2021-02-21 03:10:00	12.1	서북서	300	8.14	26.77	0.45	6.5	0.66	8.0	7.0	서	263	13.7	1007.9	-	91	
2021-02-21 03:15:00	17.8	서북서	292	8.12	26.73	0.42	6.8	0.60	7.5	8.1	서	262	13.7	1007.8	-	72	
2021-02-21 03:20:00	10.2	북	358	8.09	26.42	0.44	7.3	0.55	9.0	9.0	서	260	13.6	1007.7	-	70	
2021-02-21 03:25:00	11.2	북북동	15	8.06	26.92	0.45	5.7	0.63	5.5	9.8	서	263	13.5	1007.6	-	38	
2021-02-21 03:30:00	15.2	북	6	7.99	26.97	0.39	5.9	0.63	8.5	9.4	서	261	13.3	1007.4	-	81	
2021-02-21 03:35:00	10.9	북	3	7.96	26.69	0.43	6.1	0.58	7.5	9.3	서남서	255	13.2	1007.2	-	66	
2021-02-21 03:40:00	10.1	북북동	15	7.93	26.81	0.42	6.4	0.52	8.5	9.9	서남서	251	13.0	1007.0	-	92	
2021-02-21 03:45:00	15.4	북북동	32	7.87	26.81	0.41	5.4	0.67	6.0	10.8	서남서	245	12.8	1006.9	-	359	
2021-02-21 03:50:00	14.4	북북동	29	7.82	27.25	0.49	6.5	0.67	8.0	12.2	서남서	246	12.9	1006.7	-	85	
2021-02-21 03:55:00	12.7	북북동	24	7.73	26.44	0.42	6.8	0.54	8.0	12.1	서남서	245	12.9	1006.7	-	77	
2021-02-21 04:00:00	16.5	북북동	33	7.66	27.15	0.51	6.0	0.62	5.0	12.3	서남서	244	12.9	1006.6	-	150	
2021-02-21 04:05:00	14.8	북북동	17	7.59	27.00	0.47	5.0	0.63	11.5	11.9	서남서	248	12.9	1006.6	-	69	
2021-02-21 04:10:00	11.2	북서	326	7.51	26.54	0.51	5.8	0.74	5.0	11.5	서남서	251	12.8	1006.6	-	53	
2021-02-21 04:15:00	17.2	북	356	7.48	26.63	0.41	5.1	0.60	5.0	11.6	서남서	249	12.9	1006.6	-	37	
2021-02-21 04:20:00	15.2	북	5	7.44	26.68	0.46	6.5	0.63	7.0	11.8	서남서	251	12.9	1006.6	-	93	
2021-02-21 04:25:00	15.8	북북동	19	7.43	26.82	0.50	6.4	0.82	7.5	11.5	서남서	250	12.9	1006.6	-	41	
2021-02-21 04:30:00	14.5	북	10	7.41	27.13	0.42	5.4	0.62	8.0	11.4	서남서	244	12.8	1006.6	-	73	
2021-02-21 04:35:00	16.5	북	11	7.41	26.42	0.37	5.6	0.47	6.0	11.4	서남서	242	12.8	1006.6	-	101	
2021-02-21 04:40:00	17.8	북북동	13	7.44	26.41	0.38	6.8	0.50	7.0	12.6	남서	236	12.9	1006.5	-	44	
2021-02-21 04:45:00	16.6	북	355	7.45	26.42	0.47	6.9	0.71	7.5	12.8	남서	233	12.9	1006.4	-	133	
2021-02-21 04:50:00	14.9	북	3	7.49	26.68	0.36	5.5	0.52	7.0	11.9	남서	233	12.7	1006.5	-	58	
2021-02-21 04:55:00	16.8	북서	323	7.48	26.59	0.42	7.3	0.56	10.0	11.5	남서	232	12.7	1006.4	-	112	
2021-02-21 05:00:00	18.2	북서	321	7.50	26.64	0.43	7.4	0.53	7.0	12.7	남서	232	12.7	1006.4	-	82	
2021-02-21 05:05:00	11.2	북서	320	7.52	26.80	0.44	5.2	0.65	6.0	10.7	남서	231	12.6	1006.6	-	59	
2021-02-21 05:10:00	17.4	북서	318	7.62	26.85	0.43	5.9	0.72	8.0	12.0	남서	232	12.6	1006.5	-	91	
2021-02-21 05:15:00	13.7	북서	316	7.59	26.50	0.43	6.0	0.60	5.5	12.6	서남서	238	12.7	1006.4	-	108	
2021-02-21 05:20:00	20.1	북북서	335	7.58	26.59	0.46	5.7	0.56	7.5	13.6	서남서	239	12.8	1006.4	-	73	
2021-02-21 05:25:00	15.4	북북서	348	7.64	26.56	0.50	5.6	0.67	5.0	12.8	남서	234	12.6	1006.5	-	220	
2021-02-21 05:30:00	15.3	북북서	329	7.71	26.55	0.48	3.5	0.65	3.0	13.6	서남서	239	12.5	1006.4	-	233	
2021-02-21 05:35:00	14.9	북북동	12	7.72	27.01	0.50	5.7	0.63	8.5	13.3	서남서	239	12.4	1006.4	-	63	
2021-02-21 05:40:00	10.5	북북서	337	7.64	26.31	0.60	4.9	0.81	5.0	13.2	서남서	239	12.3	1006.5	-	230	
2021-02-21 05:45:00	15.5	북	352	7.55	26.31	0.53	4.5	0.82	7.0	13.2	서남서	237	12.2	1006.5	-	68	
2021-02-21 05:50:00	7.9	북	359	7.50	26.15	0.52	4.7	0.76	6.0	13.4	남서	236	12.1	1006.4	-	236	
2021-02-21 05:55:00	6.2	북북동	24	7.49	26.12	0.51	4.5	0.77	5.0	12.5	서남서	237	12.0	1006.5	-	230	
2021-02-21 06:00:00	12.8	북북동	17	7.51	26.25	0.50	4.9	0.66	6.5	12.9	서남서	239	12.0	1006.5	-	222	
2021-02-21 06:05:00	15.1	북북동	17	7.53	26.08	0.58	6.1	0.83	7.5	13.3	서남서	240	12.1	1006.5	-	62	
2021-02-21 06:10:00	14.9	북북동	13	7.52	26.38	0.51	4.5	0.70	7.0	13.3	서남서	240	12.1	1006.4	-	246	
2021-02-21 06:15:00	7.0	북	349	7.49	27.43	0.46	4.0	0.73	5.5	13.6	남서	236	12.1	1006.3	-	242	
2021-02-21 06:20:00	16.2	북	6	7.47	26.33	0.51	4.0	0.68	3.0	13.3	서남서	239	12.1	1006.3	-	241	
2021-02-21 06:25:00	10.9	북	6	7.47	26.36	0.46	4.2	0.69	5.0	14.6	남서	236	12.2	1006.4	-	222	
2021-02-21 06:30:00	18.8	북	2	7.50	26.27	0.54	4.9	0.80	6.0	13.4	남서	236	12.1	1006.3	-	250	
2021-02-21 06:35:00	14.2	북북서	348	7.53	26.54	0.58	5.2	0.85	6.5	13.9	서남서	238	12.0	1006.3	-	243	
2021-02-21 06:40:00	12.7	북북서	335	7.58	26.70	0.55	5.0	0.71	7.0	13.4	남서	236	12.2	1006.4	-	216	
2021-02-21 06:45:00	13.7	북	356	7.55	27.24	0.50	4.8	0.71	5.0	13.4	서남서	237	12.2	1006.5	-	230	
2021-02-21 06:50:00	16.9	북	1	7.58	26.48	0.48	4.1	0.77	5.0	12.7	서남서	237	12.3	1006.6	-	74	
2021-02-21 06:55:00	18.2	북	350	7.63	26.55	0.46	5.3	0.69	6.0	12.6	남서	235	12.3	1006.7	-	233	
2021-02-21 07:00:00	12.4	북	2	7.67	26.50	0.45	6.7	0.68	9.0	11.8	남서	236	12.3	1006.8	-	74	
2021-02-21 07:05:00	18.8	북	7	7.60	26.29	0.48	6.8	0.66	9.0	11.3	남서	235	12.3	1007.0	-	81	
2021-02-21 07:10:00	11.1	북	351	7.64	26.47	0.45	6.7	0.55	7.5	11.0	남서	233	12.3	1007.1	-	71	
2021-02-21 07:15:00	14.0	북	355	7.60	26.59	0.40	7.1	0.49	9.0	10.7	남서	235	12.4	1007.2	-	100	
2021-02-21 07:20:00	9.7	북북서	340	7.65	26.65	0.33	7.2	0.55	8.5	11.8	남서	235	12.5	1007.2	-	85	
2021-02-21 07:25:00	15.8	북	7	7.65	26.33	0.39	6.5	0.61	6.5	11.1	남서	233	12.5	1007.3	-	113	
2021-02-21 07:30:00	11.9	서북서	299	7.66	26.62	0.34	6.7	0.43	6.5	10.8	남서	235	12.7	1007.4	-	88	
2021-02-21 07:35:00	10.2	북북서	330	7.66	26.52	0.31	6.8	0.38	7.0	10.6	남서	234	12.6	1007.4	-	81	
2021-02-21 07:40:00	12.5	북북서	335	7.73	26.36	0.36	7.1	0.43	8.5	10.9	남서	235	12.6	1007.5	-	72	
2021-02-21 07:45:00	18.2	북북서	327	7.89	26.43	0.33	7.1	0.46	8.0	10.1	남서	235	12.7	1007.7	-	81	
2021-02-21 07:50:00	21.2	북서	310	8.15	26.52	0.48	8.2	0.69	9.5	10.3	서남서	238	12.7	1007.7	-	75	
2021-02-21 07:55:00	19.9	북북서	339	8.28	26.50	0.31	7.0	0.45	6.5	10.3	남서	236	12.8	1007.8	-	107	
2021-02-21 08:00:00	16.3	북서	318	8.33	26.37	0.40	7.7	0.66	7.5	10.7	남서	234	12.9	1007.8	-	71	
2021-02-21 08:05:00	16.2	북북서	337	8.21	26.33	0.29	7.5	0.38	6.0	11.1	남서	236	13.0	1007.8	-	65	
2021-02-21 08:10:00	19.2	북북서	345	8.22	26.36	0.31	6.7	0.47	8.0	10.5	남서	234	12.9	1007.9	-	94	
2021-02-21 08:15:00	19.2	북북서	328	8.24	26.35	0.37	6.9	0.52	8.0	9.6	남서	230	12.8	1008.0	-	59	
2021-02-21 08:20:00	13.5	북북서	341	8.25	26.41	0.35	7.1	0.52	7.0	10.2	남서	231	12.7	1007.9	-	82	
2021-02-21 08:25:00	16.1	북북서	343	8.24	26.39	0.39	7.6	0.68	9.0	10.3	남서	232	12.8	1007.9	-	94	
2021-02-21 08:30:00	13.9	북서	310	8.24	26.41	0.38	7.4	0.48	6.0	9.6	남서	233	12.8	1008.0	-	106	
2021-02-21 08:35:00	8.3	북북서	331	8.21	26.37	0.32	7.3	0.49	7.5	10.2	남서	231	12.9	1008.1	-	110	
2021-02-21 08:40:00	3.9	북서	322	8.18	26.36	0.41	8.4	0.55	8.5	10.1	남서	234	13.1	1008.1	-	67	
2021-02-21 08:45:00	13.8	북서	309	8.20	26.41	0.43	7.6	0.65	7.5	10.3	남서	231	13.0	1008.1	-	88	
2021-02-21 08:50:00	16.3	북북서	343	8.21	26.38	0.36	7.6	0.49	8.0	10.9	남서	229	13.1	1008.2	-	108	
2021-02-21 08:55:00	8.4	북북서	339	8.20	26.38	0.39	7.6	0.62	8.5	10.4	남서	233	13.3	1008.2	-	82	
2021-02-21 09:00:00	13.4	북북서	337	8.16	26.38	0.37	7.7	0.64	8.0	10.9	남서	230	13.2	1008.2	-	93	
2021-02-21 09:05:00	12.9	북북서	346	8.12	26.39	0.42	7.8	0.61	7.0	10.5	남서	232	13.3	1008.3	-	94	
2021-02-21 09:10:00	16.7	북북서	346	8.12	26.48	0.39	7.8	0.56	8.0	11.3	남서	230	13.4	1008.2	-	74	
2021-02-21 09:15:00	11.8	북북서	336	8.11	26.56	0.32	7.7	0.43	7.5	10.6	남서	234	13.4	1008.1	-	122	
2021-02-21 09:20:00	11.0	북북서	335	8.09	26.50	0.42	7.7	0.49	6.0	10.7	남서	232	13.4	1008.1	-	75	
2021-02-21 09:25:00	9.0	북	359	8.08	26.52	0.40	7.3	0.57	8.5	11.0	남서	233	13.5	1008.1	-	68	
2021-02-21 09:30:00	16.6	북북서	338	8.05	26.81	0.36	7.2	0.42	8.5	10.7	남서	236	13.7	1008.1	-	104	
2021-02-21 09:35:00	15.4	북북서	344	8.02	26.42	0.34	6.2	0.42	6.0	11.1	남서	235	13.8	1008.0	-	64	
2021-02-21 09:40:00	12.8	북북서	344	7.97	26.81	0.35	7.5	0.50	8.5	10.6	남서	235	13.8	1008.0	-	105	
2021-02-21 09:45:00	17.7	북북서	333	8.00	26.55	0.37	8.1	0.47	7.5	10.3	남서	235	13.7	1007.9	-	93	
2021-02-21 09:50:00	17.7	북북서	336	8.07	26.78	0.35	6.2	0.51	7.0	11.3	남서	234	13.9	1007.8	-	112	
2021-02-21 09:55:00	22.4	북북서	343	8.14	26.54	0.37	7.2	0.51	7.0	11.1	남서	233	14.1	1007.8	-	102	
2021-02-21 10:00:00	19.0	북북서	333	8.16	26.56	0.36	6.0	0.56	6.5	10.5	남서	235	14.1	1007.8	-	57	
2021-02-21 10:05:00	20.1	북북서	327	8.19	26.60	0.43	7.3	0.54	9.5	10.4	남서	234	14.0	1007.8	-	106	
2021-02-21 10:10:00	19.9	북서	325	8.28	26.52	0.47	6.4	0.62	7.5	11.2	남서	229	14.4	1007.7	-	100	
2021-02-21 10:15:00	22.0	북북서	326	8.40	26.56	0.40	7.1	0.57	8.0	10.8	남서	229	14.4	1007.8	-	117	
2021-02-21 10:20:00	21.3	북북서	327	8.50	26.44	0.41	6.6	0.57	8.0	9.6	남서	232	14.5	1007.9	-	73	
2021-02-21 10:25:00	20.4	북서	319	8.51	26.43	0.51	8.2	0.66	8.5	10.1	남서	234	14.7	1007.8	-	71	
2021-02-21 10:30:00	27.1	북북서	328	8.56	26.47	0.40	7.3	0.54	6.5	8.8	남서	235	14.7	1007.9	-	102	
2021-02-21 10:35:00	19.0	북서	318	8.62	26.50	0.47	7.7	0.51	7.0	8.8	남서	230	14.9	1007.9	-	95	
2021-02-21 10:40:00	16.4	북서	323	8.66	26.45	0.40	7.3	0.54	8.5	8.9	남서	230	15.2	1007.9	-	97	
2021-02-21 10:45:00	17.2	북서	317	8.79	26.48	0.39	7.6	0.49	7.5	8.4	남서	229	15.2	1007.9	-	73	
2021-02-21 10:50:00	-	-	-	-	-	0.00	0.0	0.00	0.0	6.9	남서	231	15.6	-	-	0	
2021-02-21 10:55:00	18.3	북북서	327	8.96	26.53	0.43	5.5	0.87	5.5	6.5	남서	233	15.6	1007.9	-	121	
2021-02-21 11:00:00	11.6	남남서	206	8.99	26.62	0.39	6.9	0.65	8.0	6.7	남서	231	16.1	1007.9	-	74	
2021-02-21 11:05:00	6.4	서남서	253	9.10	26.61	0.34	6.5	0.40	8.5	5.6	남서	228	15.7	1008.0	-	109	
2021-02-21 11:10:00	8.3	서	270	9.15	26.60	0.45	7.8	0.63	6.5	6.1	남서	230	16.1	1007.9	-	68	
2021-02-21 11:15:00	9.8	북서	322	9.19	26.55	0.48	7.1	0.64	7.5	5.2	남서	230	16.7	1007.9	-	97	
2021-02-21 11:20:00	10.6	서북서	301	9.26	26.48	0.49	7.5	0.62	7.5	4.1	서	264	16.6	1008.1	-	102	
2021-02-21 11:25:00	3.1	남서	235	9.30	26.43	0.45	7.1	0.66	8.0	2.9	북	357	14.3	1008.1	-	79	
2021-02-21 11:30:00	5.9	북북동	15	9.29	26.25	0.42	7.1	0.64	7.0	3.7	북	4	13.6	1008.1	-	89	
2021-02-21 11:35:00	2.0	서남서	239	9.28	26.60	0.44	6.4	0.54	7.0	5.2	북북동	32	13.2	1007.9	-	64	
2021-02-21 11:40:00	4.7	남	183	9.31	26.51	0.42	6.4	0.59	7.0	6.1	북북동	32	12.5	1007.9	-	86	
2021-02-21 11:45:00	6.0	서남서	251	9.34	26.05	0.40	6.2	0.59	6.5	5.0	북동	35	12.3	1007.9	-	96	
2021-02-21 11:50:00	6.5	서	276	9.41	26.37	0.44	7.0	0.64	7.5	5.5	북동	47	12.3	1007.9	-	62	
2021-02-21 11:55:00	3.4	남남서	200	9.44	26.74	0.42	6.4	0.60	7.0	4.5	북동	39	12.5	1007.9	-	78	
2021-02-21 12:00:00	2.9	서북서	298	9.31	26.91	0.43	7.1	0.61	8.0	5.2	북동	41	12.6	1007.8	-	81	
2021-02-21 12:05:00	5.0	서남서	254	9.48	26.97	0.40	6.1	0.51	5.5	4.3	북동	38	12.5	1008.0	-	291	
2021-02-21 12:10:00	4.3	서북서	296	9.56	26.85	0.43	6.7	0.67	7.5	3.2	북북동	21	12.4	1008.1	-	70	
2021-02-21 12:15:00	2.0	북북서	347	9.51	27.02	0.46	7.3	0.66	8.5	3.4	북북동	19	12.3	1008.1	-	68	
2021-02-21 12:20:00	10.3	북서	323	9.45	26.99	0.39	6.7	0.61	6.5	3.0	북	7	12.2	1008.2	-	80	
2021-02-21 12:25:00	12.4	서	279	9.45	27.23	0.53	6.8	0.69	7.5	2.6	북	1	12.2	1008.2	-	102	
2021-02-21 12:30:00	5.6	남남서	197	9.42	27.14	0.56	7.3	0.77	8.5	3.9	북서	326	11.9	1008.3	-	60	
2021-02-21 12:35:00	17.4	북북서	343	9.25	26.97	0.51	7.7	0.78	8.0	5.2	북서	321	11.0	1008.2	-	65	
2021-02-21 12:40:00	15.5	북	354	9.27	25.74	0.44	7.2	0.52	6.0	6.0	북서	325	10.2	1008.2	-	58	
2021-02-21 12:45:00	19.5	북북서	327	9.29	26.35	0.47	7.0	0.65	8.5	6.2	북북서	335	9.7	1008.1	-	83	
2021-02-21 12:50:00	13.0	북북서	339	9.48	26.54	0.47	7.6	0.58	7.0	6.1	북서	321	9.6	1008.1	-	50	
2021-02-21 12:55:00	12.2	북북서	345	9.46	26.90	0.40	5.8	0.59	6.5	6.7	북서	322	9.2	1008.1	-	51	
2021-02-21 13:00:00	12.3	북서	311	9.55	26.61	0.41	6.1	0.58	7.5	6.2	북서	325	8.9	1008.0	-	63	
2021-02-21 13:05:00	11.9	북	350	9.64	26.39	0.47	6.6	0.72	8.0	6.5	북북서	333	8.7	1007.9	-	69	
2021-02-21 13:10:00	15.7	북북동	27	9.67	26.23	0.51	7.3	1.02	8.0	7.0	북북서	333	8.7	1007.8	-	68	
2021-02-21 13:15:00	17.0	북북서	333	9.73	26.21	0.48	6.6	0.70	6.0	7.5	북북서	332	8.5	1007.8	-	37	
2021-02-21 13:20:00	12.2	북북서	339	9.76	26.19	0.52	6.5	0.71	6.5	7.2	북북서	336	8.4	1007.7	-	61	
2021-02-21 13:25:00	10.8	북서	323	9.80	26.67	0.54	5.7	0.76	7.0	7.1	북북서	331	8.4	1007.7	-	37	
2021-02-21 13:30:00	15.4	북북서	342	9.82	26.02	0.51	6.1	0.77	8.0	6.9	북북서	336	8.4	1007.7	-	121	
2021-02-21 13:35:00	11.0	북북서	347	9.81	25.86	0.46	4.7	0.72	7.0	7.7	북북서	335	8.3	1007.7	-	343	
2021-02-21 13:40:00	14.4	북	353	9.79	25.79	0.56	6.6	0.74	8.0	7.2	북북서	339	8.2	1007.6	-	48	
2021-02-21 13:45:00	16.7	북북서	340	9.82	26.58	0.50	5.3	0.64	7.0	7.5	북북서	338	8.2	1007.5	-	333	
2021-02-21 13:50:00	14.2	북북서	345	9.78	26.90	0.52	5.2	0.81	5.0	8.2	북북서	337	8.1	1007.4	-	331	
2021-02-21 13:55:00	15.6	북북서	345	9.78	26.84	0.62	5.6	0.91	6.5	8.0	북북서	331	8.2	1007.5	-	35	
2021-02-21 14:00:00	8.3	서북서	287	9.79	27.05	0.59	5.9	0.79	5.5	7.7	북북서	333	8.0	1007.5	-	55	
2021-02-21 14:05:00	3.7	서	262	9.76	28.01	0.66	6.6	0.84	7.5	7.7	북북서	334	8.0	1007.5	-	40	
2021-02-21 14:10:00	10.5	북북서	341	9.74	26.51	0.56	4.9	0.75	3.0	8.0	북북서	331	8.0	1007.6	-	349	
2021-02-21 14:15:00	9.5	북서	324	9.77	26.48	0.65	5.9	1.02	5.5	7.9	북북서	334	7.9	1007.6	-	29	
2021-02-21 14:20:00	5.5	서북서	303	9.75	26.38	0.57	5.1	0.74	4.0	7.2	북북서	340	7.9	1007.5	-	343	
2021-02-21 14:25:00	2.6	남남서	205	9.73	26.22	0.67	5.0	1.09	7.0	7.8	북북서	335	8.0	1007.6	-	68	
2021-02-21 14:30:00	0.3	남서	224	9.69	26.32	0.62	4.9	0.89	8.5	7.7	북북서	331	7.9	1007.7	-	34	
2021-02-21 14:35:00	3.5	서북서	286	9.68	26.72	0.66	5.1	0.92	6.0	7.7	북북서	332	7.8	1007.5	-	78	
2021-02-21 14:40:00	9.7	서	280	9.68	26.72	0.67	5.4	0.93	3.0	7.6	북북서	333	7.8	1007.4	-	325	
2021-02-21 14:45:00	14.5	북북서	330	9.66	26.84	0.67	5.4	1.03	6.5	8.7	북북서	339	7.8	1007.3	-	259	
2021-02-21 14:50:00	14.2	북북서	331	9.68	26.40	0.70	5.3	0.96	6.0	8.2	북북서	331	7.8	1007.4	-	84	
2021-02-21 14:55:00	6.6	북서	321	9.73	26.40	0.71	5.2	1.01	4.0	8.3	북북서	340	7.8	1007.3	-	82	
2021-02-21 15:00:00	15.6	북서	310	9.76	26.23	0.66	5.1	0.97	5.5	8.3	북북서	338	7.8	1007.3	-	30	
2021-02-21 15:05:00	10.5	북서	316	9.79	26.17	0.66	4.8	1.03	4.5	8.5	북북서	341	7.7	1007.3	-	121	
2021-02-21 15:10:00	3.6	북북서	331	9.82	26.14	0.71	4.4	0.96	5.0	8.7	북북서	331	7.7	1007.3	-	287	
2021-02-21 15:15:00	8.1	서	278	9.85	26.11	0.67	4.8	0.98	5.5	7.8	북북서	328	7.7	1007.5	-	154	
2021-02-21 15:20:00	6.2	서	262	9.88	26.49	0.75	5.4	1.06	7.5	8.2	북북서	335	7.7	1007.5	-	61	
2021-02-21 15:25:00	10.8	북서	308	9.91	26.30	0.75	5.1	0.87	5.0	7.8	북북서	332	7.7	1007.6	-	160	
2021-02-21 15:30:00	13.4	북북서	343	9.94	26.09	0.72	5.6	1.06	5.5	7.6	북북서	337	7.7	1007.6	-	87	
2021-02-21 15:35:00	20.7	북서	322	9.96	26.13	0.81	5.4	1.10	6.5	7.9	북북서	335	7.6	1007.5	-	71	
2021-02-21 15:40:00	6.4	서	280	9.98	26.37	0.83	6.3	1.10	7.0	7.8	북북서	337	7.7	1007.5	-	23	
2021-02-21 15:45:00	15.3	서	278	10.21	26.59	0.84	4.9	1.29	4.0	7.5	북북서	331	7.6	1007.8	-	34	
2021-02-21 15:50:00	21.5	북서	320	10.57	27.18	0.72	4.8	0.95	4.0	7.1	북북서	334	7.5	1007.8	-	261	
2021-02-21 15:55:00	20.0	북서	325	10.62	26.62	0.74	5.4	1.07	6.0	7.2	북북서	328	7.6	1007.9	-	73	
2021-02-21 16:00:00	17.2	서북서	303	10.63	26.51	0.67	5.1	0.85	8.0	7.0	북북서	328	7.6	1007.9	-	124	
2021-02-21 16:05:00	15.8	북서	317	10.61	26.38	0.70	5.1	0.97	7.0	6.8	북북서	333	7.5	1007.8	-	337	
2021-02-21 16:10:00	11.3	북서	326	10.57	26.11	0.71	5.3	0.95	6.0	7.4	북서	326	7.5	1007.8	-	40	
2021-02-21 16:15:00	12.5	서북서	297	10.71	26.45	0.78	5.5	1.04	4.5	7.2	북서	324	7.3	1007.8	-	40	
2021-02-21 16:20:00	18.6	북서	312	10.75	26.53	0.72	4.4	1.05	5.0	6.8	북북서	327	7.3	1007.8	-	128	
2021-02-21 16:25:00	13.3	서북서	297	10.78	26.57	0.69	5.2	1.00	4.0	6.4	북서	320	7.4	1007.9	-	82	
2021-02-21 16:30:00	13.3	북서	316	10.73	26.47	0.66	4.7	0.87	4.0	6.7	북서	325	7.3	1008.0	-	143	
2021-02-21 16:35:00	16.1	북서	315	10.63	26.45	0.66	4.8	0.83	4.0	6.0	북서	323	7.3	1008.0	-	7	
2021-02-21 16:40:00	19.0	북	2	10.67	26.49	0.63	5.0	0.85	4.0	6.9	북서	325	7.4	1008.1	-	128	
2021-02-21 16:45:00	11.1	북북서	326	10.77	26.16	0.76	4.8	0.95	4.0	7.0	북북서	330	7.2	1008.0	-	208	
2021-02-21 16:50:00	14.8	북북서	343	10.76	26.41	0.74	5.4	1.09	4.0	7.3	북북서	328	7.0	1008.1	-	353	
2021-02-21 16:55:00	12.5	서북서	282	10.77	26.33	0.77	4.8	1.13	4.5	8.0	북북서	328	7.0	1008.1	-	153	
2021-02-21 17:00:00	5.8	북북동	12	10.77	26.48	0.82	5.0	1.30	5.0	8.1	북북서	329	7.0	1008.0	-	194	
2021-02-21 17:05:00	13.4	북북서	329	10.76	26.42	0.79	4.3	1.24	5.0	7.8	북북서	330	7.2	1008.1	-	116	
2021-02-21 17:10:00	15.8	북서	306	10.73	26.59	0.98	5.1	1.32	3.5	8.0	북북서	333	7.2	1008.2	-	74	
2021-02-21 17:15:00	5.0	서	262	10.68	26.38	0.78	5.8	1.14	5.0	8.5	북북서	332	7.2	1008.2	-	150	
2021-02-21 17:20:00	13.5	북서	306	10.68	26.42	0.76	4.6	0.98	4.0	8.6	북북서	332	7.0	1008.2	-	151	
2021-02-21 17:25:00	10.3	북서	313	10.69	26.29	0.73	4.9	1.06	4.0	8.1	북북서	340	7.0	1008.2	-	141	
2021-02-21 17:30:00	21.3	서북서	293	10.68	26.18	0.72	5.6	0.88	3.0	7.7	북북서	334	6.8	1008.3	-	18	
2021-02-21 17:35:00	10.7	서	279	10.69	27.39	0.74	5.1	1.04	5.5	8.3	북북서	335	6.8	1008.3	-	26	
2021-02-21 17:40:00	12.7	서	267	10.68	26.55	0.74	4.7	1.29	4.0	7.5	북북서	334	6.7	1008.3	-	45	
2021-02-21 17:45:00	2.2	북북서	346	10.67	26.31	0.89	4.9	1.20	5.5	7.4	북북서	341	6.9	1008.4	-	145	
2021-02-21 17:50:00	10.5	서	268	10.66	26.29	0.86	5.1	1.42	5.0	7.4	북북서	334	6.6	1008.5	-	131	
2021-02-21 17:55:00	5.8	남	183	10.64	26.73	0.80	5.2	1.05	8.0	7.6	북북서	332	6.5	1008.5	-	151	
2021-02-21 18:00:00	4.4	서북서	287	10.61	27.26	0.79	4.6	1.17	3.5	7.4	북북서	338	6.6	1008.6	-	141	
2021-02-21 18:05:00	2.5	서	260	10.57	26.61	0.79	4.8	1.09	4.0	7.1	북북서	336	6.6	1008.6	-	25	
2021-02-21 18:10:00	3.9	북북서	327	10.53	26.54	0.89	4.9	1.22	4.0	7.0	북북서	332	6.5	1008.6	-	183	
2021-02-21 18:15:00	2.4	서남서	242	10.51	27.63	0.82	4.9	1.05	4.0	7.0	북북서	335	6.5	1008.6	-	160	
2021-02-21 18:20:00	1.5	서북서	300	10.52	26.56	0.90	5.4	1.24	4.5	6.4	북북서	329	6.4	1008.6	-	138	
2021-02-21 18:25:00	5.5	북서	311	10.55	26.48	0.84	5.4	1.24	6.5	6.3	북북서	333	6.5	1008.7	-	293	
2021-02-21 18:30:00	4.1	북서	309	10.58	26.46	0.80	5.0	1.11	6.5	6.2	북북서	332	6.6	1008.7	-	36	
2021-02-21 18:35:00	4.8	서북서	281	10.65	26.39	0.74	5.4	1.02	3.0	6.1	북북서	333	6.5	1008.7	-	166	
2021-02-21 18:40:00	8.3	북서	318	10.69	26.37	0.86	4.9	1.13	3.0	6.0	북북서	332	6.3	1008.7	-	37	
2021-02-21 18:45:00	7.5	북서	311	10.85	26.68	0.80	5.3	1.18	5.5	6.1	북서	321	6.3	1008.7	-	43	
2021-02-21 18:50:00	7.4	북서	326	10.82	26.15	0.76	5.3	1.10	7.0	6.3	북북서	329	6.3	1008.8	-	302	
2021-02-21 18:55:00	5.1	북북서	335	10.88	27.13	0.81	5.6	1.17	5.0	6.3	북서	323	6.4	1008.9	-	184	
2021-02-21 19:00:00	10.0	북북서	327	10.85	26.89	0.74	5.5	1.10	6.0	6.6	북북서	328	6.3	1008.8	-	33	
2021-02-21 19:05:00	5.5	북북서	342	10.78	25.59	0.80	5.7	1.22	5.0	6.0	북북서	331	6.3	1008.9	-	89	
2021-02-21 19:10:00	11.2	북북서	338	10.73	26.44	0.75	5.5	1.07	5.0	6.5	북북서	328	6.2	1008.9	-	105	
2021-02-21 19:15:00	9.4	북서	308	10.68	26.29	0.81	6.3	1.50	5.0	6.8	북북서	335	6.1	1008.9	-	62	
2021-02-21 19:20:00	6.0	북북서	340	10.74	26.41	0.80	4.7	1.14	4.0	6.2	북북서	337	6.1	1009.0	-	250	
2021-02-21 19:25:00	3.9	북	350	10.70	26.25	0.92	5.2	1.26	5.0	5.7	북서	324	6.1	1009.0	-	140	
2021-02-21 19:30:00	15.1	북북서	328	10.64	26.76	0.87	5.7	1.26	5.0	5.8	북북서	329	6.0	1008.8	-	47	
2021-02-21 19:35:00	9.8	북북서	339	10.57	26.80	0.73	5.1	1.06	5.0	5.6	북서	326	6.1	1008.7	-	157	
2021-02-21 19:40:00	15.3	북서	318	10.51	26.64	0.76	5.2	0.91	5.0	5.3	북북서	329	6.1	1008.7	-	180	
2021-02-21 19:45:00	7.5	북서	326	10.47	26.57	0.81	5.6	1.22	4.5	4.5	북서	322	6.1	1008.8	-	26	
2021-02-21 19:50:00	16.0	북서	312	10.44	26.56	0.77	5.8	0.96	6.0	4.5	북서	321	6.1	1008.9	-	2	
2021-02-21 19:55:00	13.1	서북서	303	10.41	27.49	0.85	5.1	1.03	4.0	5.4	북북서	331	6.0	1008.9	-	47	
2021-02-21 20:00:00	15.0	북	3	10.32	26.43	0.89	5.4	1.25	6.0	6.1	북북서	331	6.0	1008.9	-	172	
2021-02-21 20:05:00	21.2	북북서	336	10.24	26.82	0.88	5.3	1.16	4.5	6.3	북북서	338	6.0	1008.9	-	200	
2021-02-21 20:10:00	19.9	북북서	339	10.17	27.65	0.75	5.4	1.02	5.0	6.3	북북서	331	6.1	1009.0	-	61	
2021-02-21 20:15:00	19.3	북	349	10.13	26.50	0.78	6.0	0.90	8.0	6.9	북북서	333	6.1	1009.0	-	358	
2021-02-21 20:20:00	20.4	북북서	340	10.09	26.59	0.81	5.2	1.07	7.0	7.0	북북서	330	6.1	1008.9	-	284	
2021-02-21 20:25:00	22.4	북북서	337	10.03	26.56	0.84	5.7	1.12	6.0	6.7	북서	324	6.0	1009.1	-	47	
2021-02-21 20:30:00	31.6	북북서	347	10.10	26.49	0.88	5.2	1.23	4.0	5.5	북서	321	6.0	1009.1	-	240	
2021-02-21 20:35:00	21.7	북북서	329	10.07	27.79	0.92	5.4	1.16	6.5	4.6	북서	320	5.9	1009.2	-	341	
2021-02-21 20:40:00	20.1	서	279	10.03	26.47	0.78	5.4	0.96	5.5	4.3	북서	307	5.8	1009.2	-	26	
2021-02-21 20:45:00	28.2	서	271	10.08	26.31	0.84	5.9	1.16	6.0	2.9	서	274	5.6	1009.2	-	19	
2021-02-21 20:50:00	24.5	서	274	10.11	26.34	0.89	6.0	1.34	5.5	2.9	서남서	250	5.3	1009.1	-	24	
2021-02-21 20:55:00	28.6	서	261	10.08	26.29	0.72	5.6	1.14	5.5	2.9	서	265	5.3	1009.2	-	144	
2021-02-21 21:00:00	30.0	서	276	10.02	26.89	0.87	5.5	1.38	6.0	2.9	서	280	5.3	1009.3	-	12	
2021-02-21 21:05:00	23.6	서	278	10.06	26.27	0.85	6.0	1.10	5.0	2.9	서	276	5.3	1009.2	-	317	
2021-02-21 21:10:00	26.9	서	264	10.03	26.36	0.86	5.7	1.19	6.5	2.6	서	278	5.2	1009.2	-	3	
2021-02-21 21:15:00	23.5	서남서	244	10.00	27.00	0.96	5.4	1.14	5.5	2.2	서북서	293	5.3	1009.2	-	148	
2021-02-21 21:20:00	36.5	서	263	9.97	26.56	0.96	6.3	1.26	7.5	2.1	서북서	293	5.4	1009.3	-	39	
2021-02-21 21:25:00	18.5	남서	235	9.89	26.44	0.89	5.8	1.47	5.5	2.9	북서	313	5.5	1009.4	-	6	
2021-02-21 21:30:00	30.5	서	263	9.85	26.21	0.93	5.8	1.28	6.0	4.3	북북서	328	5.7	1009.4	-	350	
2021-02-21 21:35:00	10.0	남	179	9.79	27.53	0.92	6.0	1.20	6.5	5.1	북북서	343	5.8	1009.4	-	358	
2021-02-21 21:40:00	13.8	서남서	237	9.76	26.39	0.93	5.8	1.24	4.5	5.8	북북서	341	5.9	1009.4	-	14	
2021-02-21 21:45:00	26.8	북북동	31	9.75	26.60	0.87	5.5	1.14	6.5	5.8	북북서	342	5.9	1009.6	-	291	
2021-02-21 21:50:00	21.9	북	357	9.75	26.73	0.87	5.7	1.27	6.5	5.9	북북서	341	5.9	1009.5	-	4	
2021-02-21 21:55:00	6.4	북서	312	9.74	26.35	1.03	6.1	1.33	5.5	5.9	북북서	345	5.9	1009.7	-	339	
2021-02-21 22:00:00	19.8	서북서	286	9.72	26.76	0.89	5.8	1.38	7.0	6.0	북북서	346	5.9	1009.7	-	47	
2021-02-21 22:05:00	9.6	서북서	281	9.74	26.38	0.99	5.2	1.68	6.0	5.6	북북서	346	5.9	1009.8	-	18	
2021-02-21 22:10:00	16.3	서북서	301	9.78	25.84	1.03	6.3	1.39	6.0	6.3	북북서	342	5.7	1009.8	-	10	
2021-02-21 22:15:00	17.7	서북서	298	9.78	25.62	1.05	5.6	1.39	5.5	6.0	북북서	337	5.8	1009.9	-	7	
2021-02-21 22:20:00	33.2	북	351	9.78	26.28	1.06	5.4	1.74	6.0	5.7	북북서	332	5.7	1010.0	-	1	
2021-02-21 22:25:00	21.5	북	359	9.77	26.27	1.01	6.0	1.47	5.5	5.6	북북서	329	5.7	1010.0	-	4	
2021-02-21 22:30:00	9.7	서남서	241	9.80	26.21	0.95	5.9	1.44	5.5	5.6	북북서	339	5.8	1010.0	-	337	
2021-02-21 22:35:00	12.5	북서	305	9.86	26.16	1.04	6.2	1.44	6.0	5.4	북북서	331	5.7	1010.0	-	5	
2021-02-21 22:40:00	45.4	북북서	339	9.93	26.47	0.96	5.7	1.14	5.5	5.0	북서	322	5.7	1010.0	-	259	
2021-02-21 22:45:00	37.4	북북서	344	10.00	25.81	1.06	5.7	1.79	5.5	5.7	북서	321	5.7	1010.1	-	15	
2021-02-21 22:50:00	15.4	북북서	327	9.98	26.69	1.11	5.7	1.44	5.5	5.2	북서	322	5.8	1010.1	-	1	
2021-02-21 22:55:00	16.6	북북서	338	9.98	26.72	1.07	5.8	1.33	4.5	5.7	북서	326	5.7	1010.0	-	29	
2021-02-21 23:00:00	22.4	북북서	346	9.98	26.95	1.01	5.6	1.43	5.5	5.6	북북서	328	5.7	1010.1	-	10	
2021-02-21 23:05:00	21.1	북북서	342	9.97	26.59	1.05	6.0	1.41	4.5	5.4	북서	317	5.7	1009.9	-	359	
2021-02-21 23:10:00	16.2	서남서	240	9.98	26.59	1.05	5.5	1.43	6.0	4.8	북서	309	5.8	1009.8	-	357	
2021-02-21 23:15:00	16.5	서	261	9.97	26.53	0.96	5.7	1.56	4.5	3.8	서북서	285	5.4	1009.8	-	41	
2021-02-21 23:20:00	14.7	서북서	288	9.98	26.37	1.01	5.5	1.14	5.5	3.5	서	275	5.1	1009.9	-	25	
2021-02-21 23:25:00	17.6	서	270	9.99	26.18	1.06	5.7	1.38	5.0	2.9	서북서	298	5.2	1009.9	-	262	
2021-02-21 23:30:00	17.8	서북서	297	9.99	26.52	0.98	5.8	1.22	5.0	3.3	서	277	5.1	1009.9	-	22	
2021-02-21 23:35:00	23.8	서	280	10.00	26.16	1.04	5.8	1.39	6.0	3.4	서	281	5.0	1009.9	-	23	
2021-02-21 23:40:00	7.0	북	4	9.99	25.72	1.06	5.5	1.48	5.5	4.6	북서	325	5.3	1009.8	-	0	
2021-02-21 23:45:00	30.4	서남서	250	9.99	26.35	0.95	4.9	1.39	4.5	5.9	북북서	338	5.6	1009.8	-	236	
2021-02-21 23:50:00	14.5	북북서	345	9.98	26.33	1.09	5.5	1.32	4.5	6.9	북북서	340	5.6	1009.7	-	2	
2021-02-21 23:55:00	9.3	북북서	339	9.97	26.23	1.05	5.5	1.44	5.0	7.3	북북서	342	5.8	1009.7	-	29	
2021-02-22 00:00:00	18.3	북	0	9.96	26.39	0.92	5.5	1.17	5.0	8.0	북북서	338	5.8	1009.7	-	323	
2021-02-22 00:05:00	24.4	북	354	9.94	26.23	0.99	5.7	1.35	5.5	8.3	북북서	340	5.7	1009.6	-	345	
2021-02-22 00:10:00	25.7	북북서	327	9.93	26.22	0.98	5.3	1.37	5.5	9.2	북북서	343	5.6	1009.5	-	6	
2021-02-22 00:15:00	14.1	북북서	337	9.92	26.24	0.97	5.7	1.33	5.0	9.1	북북서	341	5.7	1009.6	-	25	
2021-02-22 00:20:00	19.2	북	349	9.92	26.27	0.88	5.5	1.17	5.0	9.4	북북서	340	5.7	1009.6	-	61	
2021-02-22 00:25:00	13.7	북북서	327	9.91	26.33	1.07	5.6	1.40	5.5	9.3	북북서	334	5.7	1009.8	-	39	
2021-02-22 00:30:00	20.0	북북서	334	9.90	26.19	0.98	5.4	1.44	6.0	9.0	북북서	343	5.7	1009.7	-	17	
2021-02-22 00:35:00	25.8	북북서	329	9.89	26.30	0.91	5.2	1.18	5.0	8.4	북북서	343	5.7	1009.8	-	170	
2021-02-22 00:40:00	28.1	북	353	9.89	26.20	1.02	5.3	1.34	4.0	8.4	북북서	343	5.8	1010.0	-	107	
2021-02-22 00:45:00	5.7	북북동	28	9.89	26.34	1.00	5.1	1.42	6.0	7.4	북북서	334	5.6	1010.1	-	36	
2021-02-22 00:50:00	13.0	북북서	340	9.89	26.37	1.09	5.4	1.30	6.5	6.8	북북서	337	5.6	1010.3	-	122	
2021-02-22 00:55:00	36.0	북북동	13	9.89	26.23	1.23	5.7	1.53	5.0	7.3	북북서	342	5.7	1010.2	-	246	
2021-02-22 01:00:00	18.0	북서	319	9.89	26.30	1.03	5.2	1.37	5.5	7.0	북	352	5.6	1010.1	-	134	
2021-02-22 01:05:00	16.0	서	278	9.88	26.29	1.04	5.2	1.38	4.5	6.5	북	353	5.5	1010.1	-	306	
2021-02-22 01:10:00	14.0	서	267	9.88	26.32	1.11	5.3	1.45	5.5	6.5	북	350	5.5	1010.2	-	34	
2021-02-22 01:15:00	23.2	북	354	9.87	26.24	1.06	5.1	1.65	5.0	6.3	북북서	346	5.4	1010.4	-	100	
2021-02-22 01:20:00	30.1	북북동	14	9.87	26.44	0.98	5.6	1.19	5.0	6.1	북	349	5.4	1010.4	-	0	
2021-02-22 01:25:00	10.2	서북서	286	9.86	26.26	1.00	4.9	1.38	6.5	5.9	북북서	348	5.4	1010.4	-	12	
2021-02-22 01:30:00	21.3	북북동	32	9.86	26.25	1.02	5.5	1.38	5.5	5.6	북	351	5.4	1010.5	-	13	
2021-02-22 01:35:00	31.4	북북동	20	9.86	26.21	0.86	5.0	1.07	8.0	5.9	북	353	5.4	1010.5	-	232	
2021-02-22 01:40:00	32.0	북북서	332	9.86	26.16	0.98	5.5	1.22	4.5	4.7	북	349	5.3	1010.5	-	318	
2021-02-22 01:45:00	26.0	북	349	9.85	26.45	0.97	5.2	1.34	5.0	4.7	북	353	5.3	1010.7	-	13	
2021-02-22 01:50:00	22.9	북북동	20	9.84	26.33	0.95	5.7	1.33	7.0	4.9	북	352	5.4	1010.7	-	15	
2021-02-22 01:55:00	7.2	북북서	340	9.83	26.27	0.97	5.1	1.40	5.0	3.6	북	355	5.3	1010.7	-	278	
2021-02-22 02:00:00	17.9	북서	313	9.81	26.31	0.91	4.7	1.31	5.0	3.7	북	351	5.4	1010.6	-	84	
2021-02-22 02:05:00	1.8	북북서	332	9.79	26.29	0.95	4.9	1.26	4.5	3.1	북북서	341	5.2	1010.6	-	128	
2021-02-22 02:10:00	33.3	북	353	9.78	26.36	0.92	5.1	1.33	4.0	2.9	북	5	5.2	1010.6	-	20	
2021-02-22 02:15:00	11.4	북	356	9.89	26.08	0.84	4.9	1.02	5.0	2.2	북	0	5.3	1010.6	-	3	
2021-02-22 02:20:00	18.7	북북서	349	9.94	26.41	0.96	5.4	1.14	8.5	1.0	북	352	5.3	1010.5	-	156	
2021-02-22 02:25:00	7.2	북서	312	9.98	26.44	0.84	5.0	1.22	5.0	1.5	북북서	341	5.3	1010.6	-	183	
2021-02-22 02:30:00	7.6	동	82	10.04	26.92	1.02	5.6	1.38	5.0	2.2	북북서	341	5.5	1010.7	-	25	
2021-02-22 02:35:00	13.1	북서	310	10.07	26.34	0.92	5.2	1.32	5.0	2.8	북북서	335	5.4	1010.7	-	268	
2021-02-22 02:40:00	16.1	서남서	245	10.06	25.88	0.84	4.8	1.20	5.0	2.7	북	354	5.4	1010.6	-	0	
2021-02-22 02:45:00	11.7	서남서	242	10.08	26.91	0.83	5.5	1.07	5.5	2.8	북	354	5.4	1010.5	-	184	
2021-02-22 02:50:00	6.3	남서	219	10.10	27.64	1.09	5.5	1.38	6.5	3.3	북	355	5.4	1010.5	-	162	
2021-02-22 02:55:00	24.5	서	280	10.08	26.36	0.82	5.3	1.00	5.5	2.4	북	1	5.4	1010.5	-	20	
2021-02-22 03:00:00	26.4	북동	37	10.08	26.68	0.89	5.3	1.28	4.0	3.7	북북서	344	5.4	1010.5	-	41	
2021-02-22 03:05:00	17.4	서북서	303	10.11	27.00	0.87	5.1	1.31	5.0	3.4	북북서	338	5.5	1010.6	-	17	
2021-02-22 03:10:00	30.0	서	266	10.11	26.86	0.83	5.5	1.30	4.5	3.1	북북서	338	5.5	1010.6	-	209	
2021-02-22 03:15:00	1.8	서북서	287	10.09	26.49	0.88	5.2	1.22	5.5	2.5	서북서	289	5.3	1010.6	-	355	
2021-02-22 03:20:00	44.1	북북서	341	10.12	26.63	0.81	5.2	1.37	5.0	3.7	서북서	303	5.1	1010.6	-	16	
2021-02-22 03:25:00	16.3	북서	308	10.11	26.68	0.80	5.6	1.19	4.5	3.4	서북서	303	5.0	1010.7	-	112	
2021-02-22 03:30:00	11.5	서	271	10.12	26.33	0.85	5.1	1.27	5.0	3.8	북서	307	5.0	1010.7	-	4	
2021-02-22 03:35:00	3.4	북동	56	10.13	26.31	0.81	5.0	1.34	5.0	4.5	북서	304	4.9	1010.8	-	202	
2021-02-22 03:40:00	16.0	북북서	333	10.11	26.22	0.80	5.5	1.12	6.0	4.5	북서	307	4.9	1010.8	-	34	
2021-02-22 03:45:00	9.0	북북동	31	10.11	26.11	0.85	5.3	1.13	6.5	4.5	북서	315	5.0	1010.9	-	7	
2021-02-22 03:50:00	39.1	북서	312	10.13	26.17	0.89	5.5	1.04	4.5	4.5	북서	317	5.0	1010.9	-	4	
2021-02-22 03:55:00	51.4	북북서	336	10.13	25.61	0.73	5.8	0.89	5.5	4.7	북서	312	5.0	1011.0	-	37	
2021-02-22 04:00:00	19.1	북서	310	10.12	26.27	0.73	5.4	0.80	5.0	4.9	북서	310	4.9	1011.0	-	29	
2021-02-22 04:05:00	11.7	북북동	16	10.13	26.33	0.77	5.0	1.25	4.5	4.9	북서	309	4.8	1011.0	-	187	
2021-02-22 04:10:00	10.6	서북서	294	10.12	26.68	0.79	5.1	1.11	6.0	4.4	북서	305	4.8	1011.0	-	24	
2021-02-22 04:15:00	7.7	북서	323	10.10	26.20	0.80	5.3	1.05	5.0	4.1	서북서	297	4.9	1011.0	-	16	
2021-02-22 04:20:00	3.1	남남서	205	10.10	26.13	0.79	5.2	1.24	4.5	3.9	서북서	297	4.8	1010.9	-	324	
2021-02-22 04:25:00	24.3	북서	312	10.07	26.66	0.83	5.0	1.12	5.5	4.0	서북서	296	4.8	1010.8	-	129	
2021-02-22 04:30:00	20.7	서북서	286	10.06	27.31	0.71	5.2	0.90	4.5	4.3	서북서	285	4.8	1010.8	-	180	
2021-02-22 04:35:00	39.2	북북서	332	10.05	27.13	0.81	5.4	1.03	5.0	4.1	서북서	284	4.7	1010.8	-	30	
2021-02-22 04:40:00	2.4	서북서	301	10.04	26.87	0.74	5.1	1.23	5.0	3.9	서북서	282	4.7	1010.8	-	352	
2021-02-22 04:45:00	6.4	북	7	10.03	26.85	0.73	4.8	0.93	6.0	3.8	서	276	4.7	1010.8	-	338	
2021-02-22 04:50:00	34.1	서북서	290	10.03	26.75	0.72	5.0	0.98	4.5	3.3	서	278	4.7	1010.8	-	148	
2021-02-22 04:55:00	14.2	북서	307	10.03	26.77	0.73	5.6	0.99	6.0	3.6	서	269	4.7	1010.8	-	69	
2021-02-22 05:00:00	7.0	서북서	285	10.02	27.11	0.67	5.3	0.86	5.0	3.9	서	272	4.7	1010.7	-	56	
2021-02-22 05:05:00	45.9	서	268	10.02	25.47	0.73	5.2	0.98	5.0	3.5	서	266	4.7	1010.7	-	47	
2021-02-22 05:10:00	25.9	북	10	10.01	26.42	0.76	5.6	0.99	6.5	3.2	서	274	4.8	1010.7	-	50	
2021-02-22 05:15:00	19.7	북	5	10.01	26.21	0.83	5.3	1.13	4.5	3.3	서북서	283	4.8	1010.7	-	3	
2021-02-22 05:20:00	23.7	서	272	10.01	26.23	0.73	5.9	0.89	6.0	3.1	서북서	287	4.8	1010.6	-	27	
2021-02-22 05:25:00	15.4	서북서	301	10.01	26.23	0.67	5.5	0.91	4.0	3.0	서북서	282	4.8	1010.6	-	229	
2021-02-22 05:30:00	18.9	북북서	332	10.01	26.41	0.74	5.6	0.91	6.0	3.0	서	273	4.7	1010.6	-	47	
2021-02-22 05:35:00	15.2	서북서	292	10.01	25.76	0.80	5.1	1.04	4.0	2.4	서	281	4.7	1010.6	-	87	
2021-02-22 05:40:00	18.9	북북서	333	10.00	27.70	0.75	5.4	1.20	5.0	2.4	서	281	4.7	1010.6	-	356	
2021-02-22 05:45:00	10.5	서	263	10.00	26.92	0.69	5.1	1.08	5.0	2.6	서	280	4.7	1010.6	-	94	
2021-02-22 05:50:00	12.1	서북서	292	10.00	27.35	0.76	5.6	1.07	7.0	2.3	서	265	4.8	1010.5	-	30	
2021-02-22 05:55:00	16.7	남서	229	10.00	25.97	0.68	5.1	0.84	5.0	2.0	서	268	4.7	1010.5	-	273	
2021-02-22 06:00:00	17.8	북서	310	10.00	26.27	0.72	5.6	1.06	5.5	1.8	서	275	4.7	1010.5	-	53	
2021-02-22 06:05:00	9.8	서	275	10.00	26.44	0.70	5.1	0.93	5.5	1.5	서	281	4.7	1010.6	-	295	
2021-02-22 06:10:00	7.0	서	263	10.00	26.42	0.86	4.9	1.10	5.0	1.7	서	265	4.7	1010.6	-	141	
2021-02-22 06:15:00	10.1	남서	233	10.02	26.51	0.75	5.4	1.05	4.5	1.6	서남서	254	4.7	1010.6	-	325	
2021-02-22 06:20:00	7.2	북북서	336	10.02	26.51	0.71	5.4	0.96	5.0	0.9	서	264	4.6	1010.6	-	344	
2021-02-22 06:25:00	3.6	북	7	10.03	26.50	0.65	5.9	1.02	5.0	1.3	남서	235	4.7	1010.6	-	30	
2021-02-22 06:30:00	24.8	남남서	193	10.04	26.66	0.74	5.7	0.87	6.0	1.4	서남서	249	4.7	1010.7	-	18	
2021-02-22 06:35:00	12.4	북서	311	10.04	26.83	0.74	5.4	1.35	6.5	1.4	서	263	4.6	1010.7	-	33	
2021-02-22 06:40:00	14.4	서북서	302	10.04	26.89	0.70	5.4	1.18	6.5	1.4	서남서	254	4.7	1010.7	-	13	
2021-02-22 06:45:00	17.6	북동	36	10.05	26.38	0.82	5.3	1.25	5.0	1.7	서남서	246	4.7	1010.7	-	23	
2021-02-22 06:50:00	13.7	서북서	296	10.05	26.38	0.66	5.4	0.96	5.5	1.7	서남서	252	4.7	1010.7	-	359	
2021-02-22 06:55:00	7.2	동남동	114	10.05	26.31	0.69	5.9	0.97	6.5	1.6	서남서	255	4.6	1010.7	-	26	
2021-02-22 07:00:00	5.9	서	267	10.04	26.08	0.69	5.4	0.96	5.5	2.0	서	264	4.6	1010.8	-	38	
2021-02-22 07:05:00	11.6	북북서	345	10.04	26.82	0.74	5.7	1.25	5.5	1.7	서	272	4.6	1010.9	-	127	
2021-02-22 07:10:00	6.1	서	265	10.04	26.96	0.65	5.3	0.94	4.5	1.8	서	266	4.7	1010.8	-	141	
2021-02-22 07:15:00	3.9	동북동	61	10.02	26.85	0.72	6.2	0.94	5.5	2.3	서	259	4.6	1010.8	-	58	
2021-02-22 07:20:00	14.7	서남서	257	10.01	26.90	0.74	5.2	0.93	6.0	2.2	서남서	247	4.6	1010.8	-	131	
2021-02-22 07:25:00	16.2	서남서	248	10.04	27.07	0.68	5.2	0.81	5.5	2.1	서남서	249	4.6	1010.9	-	49	
2021-02-22 07:30:00	24.5	남서	230	10.05	26.89	0.77	5.8	1.18	4.5	2.6	서남서	238	4.6	1011.0	-	46	
2021-02-22 07:35:00	16.0	남	190	10.06	26.57	0.68	5.8	0.89	5.5	2.8	남서	235	4.6	1011.1	-	50	
2021-02-22 07:40:00	31.6	서	280	10.06	26.25	0.74	6.0	1.08	5.5	3.0	남서	232	4.6	1011.1	-	40	
2021-02-22 07:45:00	16.4	서남서	238	10.05	26.25	0.73	5.4	1.06	4.0	3.0	서남서	237	4.7	1011.1	-	54	
2021-02-22 07:50:00	13.6	서북서	285	10.04	26.15	0.76	5.7	1.02	5.5	3.0	서남서	237	4.6	1011.1	-	76	
2021-02-22 07:55:00	11.9	서	274	10.04	25.65	0.66	5.6	1.07	5.5	3.3	남서	234	4.6	1011.0	-	74	
2021-02-22 08:00:00	38.2	서	266	10.04	26.10	0.75	5.6	0.92	6.0	3.3	남서	231	4.6	1011.1	-	9	
2021-02-22 08:05:00	9.8	서남서	251	10.03	26.48	0.82	5.8	1.19	6.5	3.3	남서	233	4.6	1011.1	-	43	
2021-02-22 08:10:00	16.9	서북서	300	10.03	25.65	0.69	5.4	0.93	4.5	3.0	남서	231	4.7	1011.1	-	32	
2021-02-22 08:15:00	9.9	서북서	283	10.04	26.32	0.73	5.8	1.02	6.5	2.7	서남서	245	4.6	1011.2	-	41	
2021-02-22 08:20:00	5.4	북서	304	10.03	26.54	0.65	5.5	0.84	5.5	2.4	서남서	248	4.7	1011.4	-	216	
2021-02-22 08:25:00	9.6	서북서	289	10.02	26.33	0.74	6.0	1.03	6.0	2.0	남서	234	4.7	1011.4	-	49	
2021-02-22 08:30:00	10.0	서남서	249	10.00	26.24	0.77	5.8	1.01	5.0	1.5	남서	236	4.8	1011.4	-	51	
2021-02-22 08:35:00	9.7	남남서	193	9.99	26.20	0.75	6.1	0.95	5.5	1.3	남서	225	4.8	1011.5	-	20	
2021-02-22 08:40:00	15.8	북서	326	9.98	26.13	0.83	5.7	1.17	4.5	1.3	서남서	238	4.9	1011.6	-	43	
2021-02-22 08:45:00	10.8	서남서	255	9.96	26.11	0.68	5.6	0.89	4.5	0.9	서남서	243	4.9	1011.7	-	15	
2021-02-22 08:50:00	18.4	남서	219	9.94	26.12	0.71	6.1	1.03	5.5	1.0	북서	304	5.0	1011.8	-	64	
2021-02-22 08:55:00	10.9	서북서	289	9.92	26.12	0.71	5.5	0.82	4.5	1.5	서북서	300	5.0	1011.9	-	34	
2021-02-22 09:00:00	21.3	남남서	208	9.92	26.21	0.72	5.9	0.97	5.5	1.0	북서	308	5.0	1011.8	-	50	
2021-02-22 09:05:00	28.0	남서	217	9.91	26.19	0.61	5.6	0.84	4.5	2.0	북서	305	5.1	1011.9	-	89	
2021-02-22 09:10:00	7.0	남남서	192	9.90	26.41	0.68	5.7	1.01	5.5	2.9	북서	318	5.1	1012.0	-	62	
2021-02-22 09:15:00	9.2	서북서	287	9.89	26.17	0.76	5.2	1.16	6.0	3.3	북서	315	5.1	1012.0	-	54	
2021-02-22 09:20:00	13.2	서	265	9.88	26.14	0.68	5.9	0.89	7.0	2.9	북서	315	5.2	1011.9	-	22	
2021-02-22 09:25:00	16.4	북	1	9.87	26.06	0.72	5.6	1.27	7.0	3.0	서북서	294	5.2	1011.9	-	38	
2021-02-22 09:30:00	6.6	북북서	340	9.86	26.23	0.64	5.4	0.92	6.0	3.0	서북서	294	5.3	1011.8	-	33	
2021-02-22 09:35:00	23.6	서북서	289	9.84	26.22	0.80	5.8	1.00	6.0	3.2	서북서	300	5.3	1011.9	-	61	
2021-02-22 09:40:00	1.9	서북서	299	9.84	26.14	0.70	5.7	0.97	5.5	3.5	북서	318	5.3	1012.0	-	153	
2021-02-22 09:45:00	4.1	남서	236	9.82	26.21	0.73	6.1	1.09	7.0	3.7	북서	311	5.3	1011.9	-	46	
2021-02-22 09:50:00	24.3	북북서	336	9.82	26.28	0.81	6.1	0.93	6.0	4.1	북서	313	5.3	1012.0	-	36	
2021-02-22 09:55:00	25.1	북서	316	9.82	26.17	0.58	5.3	0.80	5.5	4.1	북서	306	5.4	1011.9	-	18	
2021-02-22 10:00:00	27.5	북서	307	9.81	26.16	0.68	5.8	0.99	6.5	3.6	북서	310	5.5	1011.9	-	57	
2021-02-22 10:05:00	41.8	북	355	9.81	26.19	0.68	5.7	1.04	6.5	4.2	북서	315	5.5	1012.0	-	48	
2021-02-22 10:10:00	22.3	북	358	9.81	26.25	0.69	6.0	0.98	5.0	4.0	북서	316	5.7	1012.0	-	63	
2021-02-22 10:15:00	47.2	북북서	343	9.80	26.33	0.65	5.9	0.83	6.0	3.8	북서	312	5.7	1011.9	-	43	
2021-02-22 10:20:00	60.9	북	8	9.80	26.27	0.64	6.0	0.86	5.5	3.9	북서	308	5.7	1011.9	-	28	
2021-02-22 10:25:00	28.3	북	358	9.80	26.29	0.62	5.6	1.01	5.5	3.9	서북서	301	5.7	1011.9	-	39	
2021-02-22 10:30:00	23.7	북북서	340	9.79	26.28	0.70	6.0	1.02	5.5	3.4	북서	307	5.8	1011.9	-	43	
2021-02-22 10:35:00	45.9	북서	304	9.79	26.26	0.58	5.8	0.77	6.0	2.9	서북서	303	5.9	1011.9	-	35	
2021-02-22 10:40:00	6.0	서남서	246	9.79	26.27	0.65	5.6	0.99	5.0	2.8	서북서	294	5.8	1011.9	-	84	
2021-02-22 10:45:00	9.7	북동	34	9.78	26.12	0.73	6.0	0.97	7.0	2.5	서북서	300	5.9	1012.0	-	39	
2021-02-22 10:50:00	15.5	북	8	9.77	26.21	0.70	5.7	0.94	4.5	2.7	북서	305	5.9	1012.0	-	49	
2021-02-22 10:55:00	14.5	북북동	16	9.76	26.23	0.70	6.0	0.96	5.0	2.9	북서	307	5.9	1011.9	-	35	
2021-02-22 11:00:00	16.6	북	9	9.76	26.24	0.77	5.6	1.09	6.0	2.7	북서	307	6.0	1011.9	-	27	
2021-02-22 11:05:00	9.0	서남서	257	9.75	26.28	0.68	5.7	0.84	4.5	2.8	서북서	299	6.0	1011.8	-	48	
2021-02-22 11:10:00	16.3	서북서	284	9.75	26.28	0.76	5.9	0.95	6.5	2.0	서북서	294	6.0	1011.7	-	73	
2021-02-22 11:15:00	11.7	남남서	213	9.75	26.28	0.70	5.7	1.15	5.5	1.9	서북서	287	6.0	1011.7	-	315	
2021-02-22 11:20:00	23.3	남서	231	9.74	26.19	0.77	5.6	1.05	6.5	1.1	북서	306	6.1	1011.6	-	53	
2021-02-22 11:25:00	28.0	북서	306	9.74	26.36	0.65	5.6	0.94	6.5	1.8	서북서	286	6.2	1011.6	-	14	
2021-02-22 11:30:00	25.2	서	267	9.74	26.16	0.73	5.4	0.87	5.0	1.8	서	265	6.1	1011.6	-	27	
2021-02-22 11:35:00	18.4	서	261	9.74	26.15	0.72	6.1	0.91	6.0	1.3	북서	317	6.1	1011.6	-	34	
2021-02-22 11:40:00	14.1	서북서	283	9.74	26.18	0.74	5.9	0.93	6.0	0.4	북북서	330	6.2	1011.5	-	29	
2021-02-22 11:45:00	8.6	서북서	289	9.74	26.15	0.69	5.4	1.05	6.0	0.2	북서	326	6.4	1011.5	-	66	
2021-02-22 11:50:00	17.6	서	262	9.72	26.19	0.69	5.9	0.92	5.0	1.2	북서	315	6.4	1011.6	-	28	
2021-02-22 11:55:00	18.5	남남동	168	9.70	26.19	0.61	5.4	1.04	6.0	1.3	북서	325	6.3	1011.7	-	270	
2021-02-22 12:00:00	16.4	남서	230	9.67	25.94	0.74	5.8	1.21	6.5	1.2	북북서	331	6.4	1011.5	-	48	
2021-02-22 12:05:00	9.1	동북동	76	9.65	26.35	0.67	5.5	0.91	6.5	1.4	북북서	334	6.3	1011.5	-	14	
2021-02-22 12:10:00	13.8	서	265	9.65	26.35	0.67	5.8	0.86	5.5	0.7	남서	228	6.4	1011.4	-	42	
2021-02-22 12:15:00	13.7	남남서	210	9.65	26.25	0.70	5.6	0.98	6.5	1.0	남남서	200	6.5	1011.2	-	57	
2021-02-22 12:20:00	8.9	서	275	9.64	26.17	0.77	5.6	1.05	6.5	1.1	남남동	157	6.6	1010.9	-	53	
2021-02-22 12:25:00	7.9	서북서	300	9.64	26.15	0.74	5.8	1.01	6.0	1.1	동남동	108	6.7	1011.0	-	50	
2021-02-22 12:30:00	9.2	북동	46	9.64	26.20	0.69	5.7	0.91	5.5	1.1	남동	127	6.6	1010.9	-	46	
2021-02-22 12:35:00	10.6	북서	305	9.66	26.26	0.65	5.7	0.98	4.5	0.4	동남동	113	7.0	1010.8	-	59	
2021-02-22 12:40:00	12.2	북서	311	9.66	26.29	0.68	5.4	1.04	5.5	0.6	북동	51	7.2	1010.7	-	49	
2021-02-22 12:45:00	-	-	-	-	-	-	-	-	-	-	-	-	-	-	-	-	
2021-02-22 12:50:00	12.8	북서	314	9.69	25.88	0.54	3.9	1.09	3.9	1.5	동	91	7.1	1010.3	-	83	
2021-02-22 12:55:00	24.2	서북서	288	9.67	26.20	0.67	5.6	0.90	4.0	3.0	동남동	121	7.0	1010.0	-	14	
2021-02-22 13:00:00	4.4	북북서	331	9.67	25.89	0.63	5.3	0.79	6.0	2.5	동남동	123	6.9	1009.9	-	28	
2021-02-22 13:05:00	10.2	북북동	28	9.67	26.26	0.75	5.5	1.00	4.5	3.3	동	98	6.9	1009.8	-	351	
2021-02-22 13:10:00	9.8	북	360	9.67	26.18	0.66	5.1	1.13	5.0	3.6	동	79	6.9	1009.7	-	246	
2021-02-22 13:15:00	18.6	서북서	296	9.67	26.19	0.67	5.3	1.00	6.5	3.1	동북동	78	6.9	1009.7	-	93	
2021-02-22 13:20:00	10.3	북서	318	9.70	26.25	0.64	5.9	1.04	5.5	3.3	북동	54	7.1	1009.9	-	25	
2021-02-22 13:25:00	8.0	남남서	204	9.68	26.16	0.77	5.5	1.25	5.5	3.6	북동	44	7.4	1009.8	-	28	
2021-02-22 13:30:00	2.4	서	277	9.66	26.11	0.55	5.6	0.71	6.0	3.6	북동	55	7.5	1009.7	-	70	
2021-02-22 13:35:00	6.9	북서	312	9.66	26.95	0.68	5.6	0.92	5.0	3.4	북동	49	7.6	1009.6	-	110	
2021-02-22 13:40:00	11.0	서북서	294	9.71	26.94	0.67	6.0	1.07	5.5	3.9	북동	40	7.5	1009.6	-	82	
2021-02-22 13:45:00	7.4	남남서	204	9.72	26.85	0.66	5.6	0.96	5.5	3.8	북동	49	7.6	1009.5	-	35	
2021-02-22 13:50:00	10.6	서	278	9.70	26.86	0.81	5.8	1.32	5.0	3.1	북북동	33	7.6	1009.7	-	32	
2021-02-22 13:55:00	9.1	서	270	9.73	26.79	0.83	6.0	1.16	6.0	4.6	북북동	29	7.7	1009.9	-	56	
2021-02-22 14:00:00	14.5	서북서	286	9.74	26.50	0.64	5.6	0.80	6.0	5.0	북북동	27	7.7	1010.1	-	51	
2021-02-22 14:05:00	6.2	북북동	27	9.74	26.86	0.63	5.5	1.01	6.0	5.5	북북동	14	7.6	1010.3	-	46	
2021-02-22 14:10:00	6.8	북	9	9.71	26.62	0.65	5.3	0.96	5.0	6.3	북	8	7.4	1010.3	-	38	
2021-02-22 14:15:00	8.2	북	11	9.71	26.69	0.80	6.0	1.00	6.0	5.5	북	2	7.3	1010.3	-	61	
2021-02-22 14:20:00	6.1	북서	315	9.69	26.70	0.70	5.2	0.96	7.0	5.2	북	356	7.4	1010.5	-	45	
2021-02-22 14:25:00	5.9	북	4	9.68	25.76	0.67	5.3	0.96	7.0	5.3	북	3	7.3	1010.5	-	52	
2021-02-22 14:30:00	12.0	북	9	9.68	26.34	0.75	5.7	0.98	6.0	5.4	북	2	7.4	1010.6	-	49	
2021-02-22 14:35:00	10.8	북	11	9.72	26.45	0.61	5.4	0.91	6.0	5.5	북	358	7.4	1010.6	-	60	
2021-02-22 14:40:00	10.7	북	4	9.71	26.29	0.74	5.3	1.03	4.5	6.1	북	352	7.3	1010.7	-	119	
2021-02-22 14:45:00	9.5	북북동	17	9.67	26.38	0.78	5.8	1.03	6.0	6.2	북	353	7.2	1010.6	-	82	
2021-02-22 14:50:00	12.1	북북동	17	9.68	26.32	0.83	5.6	1.24	6.0	6.7	북북서	348	7.1	1010.7	-	60	
2021-02-22 14:55:00	15.9	북북동	21	9.68	26.33	0.66	5.4	1.11	5.5	7.6	북북서	344	7.1	1010.7	-	69	
2021-02-22 15:00:00	16.7	북	358	9.67	26.33	0.72	5.6	1.06	5.0	7.7	북북서	341	7.0	1010.8	-	97	
2021-02-22 15:05:00	19.4	북북서	334	9.68	26.39	0.81	5.8	1.05	5.5	7.5	북북서	341	6.9	1010.9	-	29	
2021-02-22 15:10:00	4.7	북서	310	9.68	26.10	0.81	5.3	1.03	4.0	6.6	북북서	348	6.8	1010.8	-	37	
2021-02-22 15:15:00	7.7	북북서	348	9.69	26.18	0.80	4.9	1.11	4.0	6.1	북북서	347	6.8	1010.7	-	17	
2021-02-22 15:20:00	7.3	북북동	26	9.69	26.35	0.83	5.7	1.10	6.0	5.4	북북서	347	6.8	1010.8	-	40	
2021-02-22 15:25:00	7.6	북북동	25	9.69	26.23	0.73	4.9	1.05	4.5	4.7	북북서	344	6.8	1010.9	-	59	
2021-02-22 15:30:00	15.7	서북서	285	9.69	26.27	0.84	5.3	1.08	6.0	4.3	북	349	6.7	1011.0	-	15	
2021-02-22 15:35:00	14.2	북서	320	9.76	26.28	0.62	4.6	0.83	4.5	4.9	북북서	343	6.7	1011.1	-	61	
2021-02-22 15:40:00	7.1	남남동	160	9.77	26.37	0.70	4.8	0.94	4.5	4.1	북	350	6.8	1011.0	-	5	
2021-02-22 15:45:00	12.9	북서	320	9.74	26.36	0.70	5.6	0.95	4.0	4.3	북북서	346	6.8	1011.0	-	214	
2021-02-22 15:50:00	22.2	북북서	348	9.72	26.32	0.67	5.6	1.10	5.5	4.9	북북서	344	6.8	1011.1	-	0	
2021-02-22 15:55:00	15.5	북	349	9.74	26.29	0.65	5.8	0.84	7.5	5.2	북	359	6.9	1011.0	-	53	
2021-02-22 16:00:00	6.6	동남동	109	9.72	26.18	0.74	5.6	0.97	6.5	5.1	북	356	7.0	1011.2	-	60	
2021-02-22 16:05:00	20.8	북서	313	9.74	26.23	0.70	5.6	0.95	6.5	5.3	북	351	7.0	1011.2	-	60	
2021-02-22 16:10:00	25.4	북	356	9.74	26.31	0.79	5.7	1.09	5.0	5.8	북	350	7.1	1011.3	-	46	
2021-02-22 16:15:00	21.2	북	3	9.72	26.28	0.78	5.3	1.06	5.0	5.0	북북서	347	7.0	1011.4	-	68	
2021-02-22 16:20:00	12.6	북북서	343	9.72	26.22	0.66	5.1	1.08	7.0	5.0	북북서	338	6.9	1011.5	-	38	
2021-02-22 16:25:00	11.7	서북서	286	9.73	26.28	0.65	5.7	0.89	6.0	4.6	북북서	348	7.0	1011.5	-	41	
2021-02-22 16:30:00	35.3	북	354	9.71	26.19	0.66	5.3	0.86	5.5	4.2	북	350	7.0	1011.6	-	52	
2021-02-22 16:35:00	29.3	북서	304	9.70	26.18	0.66	5.6	0.97	5.0	4.5	북북서	346	7.0	1011.6	-	66	
2021-02-22 16:40:00	15.0	남동	135	9.71	26.11	0.78	5.7	1.13	6.5	4.3	북북서	348	7.0	1011.7	-	61	
2021-02-22 16:45:00	12.4	북	351	9.71	26.32	0.65	5.3	0.87	4.5	4.0	북북서	344	7.0	1011.7	-	22	
2021-02-22 16:50:00	13.5	서남서	245	9.73	25.72	0.74	4.9	1.08	3.5	4.0	북북서	348	7.0	1011.8	-	53	
2021-02-22 16:55:00	17.2	서북서	290	9.80	26.75	0.66	4.7	0.87	5.0	3.2	북	0	7.3	1011.8	-	319	
2021-02-22 17:00:00	5.3	서북서	289	9.80	26.53	0.72	5.6	0.96	5.5	4.0	북북서	342	7.2	1011.8	-	50	
2021-02-22 17:05:00	10.2	북	351	9.94	26.64	0.78	5.3	1.15	4.5	4.8	북북서	337	7.1	1011.8	-	48	
2021-02-22 17:10:00	18.3	서남서	247	10.47	26.27	0.72	5.3	1.19	5.5	4.9	북서	322	7.0	1012.0	-	35	
2021-02-22 17:15:00	10.0	서남서	245	10.71	25.87	0.74	4.9	1.12	6.0	4.8	북북서	333	7.1	1012.0	-	54	
2021-02-22 17:20:00	11.8	서북서	285	11.10	26.36	0.77	5.3	1.24	5.5	4.7	북북서	327	7.0	1012.1	-	56	
2021-02-22 17:25:00	8.2	북서	317	11.19	27.36	0.65	5.4	0.79	5.0	5.0	북북서	333	7.1	1012.2	-	13	
2021-02-22 17:30:00	8.7	북서	323	11.17	26.41	0.69	4.8	0.95	4.0	5.0	북북서	327	7.0	1012.3	-	22	
2021-02-22 17:35:00	3.4	남	181	11.10	25.23	0.74	5.5	0.90	5.0	4.5	북북서	332	7.1	1012.3	-	61	
2021-02-22 17:40:00	5.4	서북서	295	11.00	25.46	0.66	5.5	1.07	4.0	3.9	북서	322	7.0	1012.4	-	53	
2021-02-22 17:45:00	7.2	서북서	291	10.93	26.14	0.71	5.4	0.98	5.5	4.2	북북서	334	7.0	1012.5	-	357	
2021-02-22 17:50:00	6.3	북	356	10.95	25.77	0.74	5.4	0.98	5.0	4.4	북북서	330	7.0	1012.5	-	43	
2021-02-22 17:55:00	9.0	서북서	285	10.91	26.00	0.74	5.7	1.12	4.0	5.0	북북서	337	7.2	1012.6	-	40	
2021-02-22 18:00:00	9.1	북북서	328	10.94	26.63	0.78	4.8	1.11	5.0	6.0	북북서	342	7.2	1012.7	-	23	
2021-02-22 18:05:00	17.1	북	353	10.88	26.56	0.66	5.6	0.86	4.5	6.0	북북서	340	7.1	1012.8	-	315	
2021-02-22 18:10:00	16.5	북북서	332	10.95	26.24	0.64	5.6	0.91	7.0	5.1	북북서	329	7.0	1012.9	-	30	
2021-02-22 18:15:00	12.7	북서	310	11.07	26.99	0.66	4.9	0.97	4.5	5.3	북북서	331	7.0	1013.0	-	267	
2021-02-22 18:20:00	18.0	북북서	335	10.69	26.70	0.72	5.9	0.97	5.5	5.0	북북서	329	7.0	1013.1	-	39	
2021-02-22 18:25:00	28.3	북북서	338	10.60	26.05	0.72	5.1	1.08	5.0	5.5	북북서	330	7.1	1013.2	-	56	
2021-02-22 18:30:00	27.1	북	351	10.40	26.20	0.65	5.3	0.84	7.0	5.6	북북서	330	7.1	1013.3	-	21	
2021-02-22 18:35:00	28.7	북북서	346	10.44	26.07	0.64	5.7	0.88	6.0	5.1	북북서	333	7.1	1013.3	-	63	
2021-02-22 18:40:00	29.1	북북서	346	10.35	26.88	0.59	5.7	0.80	7.0	4.5	북서	325	7.0	1013.4	-	334	
2021-02-22 18:45:00	28.3	북북서	339	10.47	27.01	0.66	5.9	0.99	6.5	4.0	북서	312	7.0	1013.5	-	41	
2021-02-22 18:50:00	36.5	북	350	10.52	26.63	0.67	5.3	0.97	4.5	4.3	북서	312	7.1	1013.7	-	78	
2021-02-22 18:55:00	31.4	북북서	338	10.60	26.55	0.69	5.3	1.01	6.0	4.2	북서	317	7.0	1013.8	-	48	
2021-02-22 19:00:00	24.6	북북서	327	10.63	26.59	0.66	5.6	1.10	5.0	4.1	북서	306	6.9	1013.7	-	34	
2021-02-22 19:05:00	24.8	북서	318	10.64	26.53	0.74	5.8	1.16	5.0	4.0	서북서	293	6.9	1013.7	-	33	
2021-02-22 19:10:00	27.5	북북서	333	10.64	26.92	0.60	5.8	0.90	5.5	4.1	북서	305	6.9	1013.7	-	6	
2021-02-22 19:15:00	27.1	북서	314	10.66	26.38	0.66	4.7	0.85	4.5	3.9	북서	307	6.9	1013.9	-	25	
2021-02-22 19:20:00	22.4	북북서	334	10.64	26.76	0.67	5.5	0.98	5.0	4.5	서북서	303	6.9	1013.9	-	62	
2021-02-22 19:25:00	26.4	북서	325	10.61	26.91	0.70	5.8	1.42	5.0	3.8	서북서	302	6.9	1013.9	-	23	
2021-02-22 19:30:00	24.1	북서	321	10.60	26.67	0.75	5.4	1.11	5.5	3.9	서북서	295	6.8	1013.9	-	44	
2021-02-22 19:35:00	28.4	북북서	327	10.62	27.07	0.71	5.3	1.02	5.0	3.7	서북서	299	6.8	1014.0	-	88	
2021-02-22 19:40:00	-	-	-	-	-	-	-	-	-	-	-	-	-	-	-	-	
2021-02-22 19:45:00	12.5	북서	315	10.63	26.56	0.41	4.1	0.82	4.1	4.1	서북서	302	6.7	1014.1	-	33	
2021-02-22 19:50:00	19.8	북	355	10.60	26.59	0.66	5.4	0.86	4.0	4.8	서북서	301	6.7	1014.2	-	358	
2021-02-22 19:55:00	22.6	북서	321	10.58	27.10	0.62	5.2	0.83	5.5	4.6	서북서	303	6.7	1014.3	-	74	
2021-02-22 20:00:00	22.5	북서	314	10.67	26.88	0.61	5.2	0.68	8.0	4.4	서북서	299	6.6	1014.3	-	49	
2021-02-22 20:05:00	24.9	북북서	337	10.75	27.00	0.63	4.8	1.01	4.0	4.2	서북서	288	6.6	1014.4	-	225	
2021-02-22 20:10:00	19.3	북서	317	11.03	26.69	0.68	5.2	0.99	6.0	4.1	서북서	294	6.6	1014.5	-	59	
2021-02-22 20:15:00	17.4	북서	317	11.17	26.33	0.64	5.4	0.88	8.0	4.6	서북서	298	6.5	1014.7	-	96	
2021-02-22 20:20:00	17.8	북서	319	11.07	26.47	0.74	5.3	0.91	4.5	4.5	서북서	297	6.5	1014.9	-	36	
2021-02-22 20:25:00	17.9	북서	323	11.14	26.77	0.63	5.6	0.82	5.5	5.0	서북서	293	6.4	1015.0	-	50	
2021-02-22 20:30:00	14.3	북서	321	11.17	26.79	0.71	5.4	1.04	5.5	4.7	서북서	296	6.4	1015.1	-	36	
2021-02-22 20:35:00	19.5	북서	308	11.21	26.98	0.63	5.1	0.81	5.5	4.8	서북서	295	6.3	1015.3	-	177	
2021-02-22 20:40:00	15.4	북북서	328	11.13	27.02	0.70	4.9	0.97	5.0	5.3	서북서	295	6.4	1015.3	-	28	
2021-02-22 20:45:00	19.4	북북서	337	11.18	26.99	0.68	5.3	0.92	4.5	5.8	북서	305	6.5	1015.5	-	89	
2021-02-22 20:50:00	28.2	북서	321	11.43	27.03	0.66	5.2	1.04	5.0	6.1	북서	311	6.6	1015.7	-	34	
2021-02-22 20:55:00	25.0	북북서	334	11.53	27.07	0.60	5.2	0.90	5.0	6.9	북서	313	6.5	1015.8	-	28	
2021-02-22 21:00:00	25.8	북서	311	11.50	27.01	0.62	5.7	0.78	3.5	6.6	북서	315	6.6	1015.9	-	10	
2021-02-22 21:05:00	18.8	서북서	298	11.49	27.06	0.75	5.4	1.07	5.5	6.9	북서	317	6.8	1015.9	-	30	
2021-02-22 21:10:00	30.5	북북서	344	11.53	26.78	0.80	5.8	1.35	4.0	8.2	북북서	330	7.0	1016.1	-	10	
2021-02-22 21:15:00	26.9	북북서	334	11.55	26.86	0.57	5.5	0.85	6.5	7.8	북북서	339	7.4	1016.2	-	357	
2021-02-22 21:20:00	30.5	북북서	337	11.56	26.95	0.67	5.2	0.96	6.0	9.2	북북서	348	7.4	1016.3	-	57	
2021-02-22 21:25:00	31.5	북북서	328	11.54	27.10	0.60	4.7	0.86	4.0	9.1	북	349	7.4	1016.4	-	17	
2021-02-22 21:30:00	25.5	북북서	345	11.53	26.78	0.70	5.2	0.89	3.5	9.2	북북서	346	7.3	1016.6	-	14	
2021-02-22 21:35:00	27.1	북북서	331	11.50	27.12	0.73	5.3	0.93	6.5	8.0	북	352	7.4	1016.9	-	109	
2021-02-22 21:40:00	26.1	북북서	338	11.45	26.54	0.79	5.3	1.24	5.0	7.5	북	350	7.2	1017.0	-	32	
2021-02-22 21:45:00	21.0	북서	319	11.51	26.65	0.78	5.1	1.21	5.0	7.8	북	351	7.1	1017.0	-	35	
2021-02-22 21:50:00	33.0	북서	317	11.55	26.95	0.78	4.6	0.97	5.5	8.1	북	357	7.0	1017.2	-	133	
2021-02-22 21:55:00	22.5	북서	312	11.60	26.28	0.78	4.7	1.10	5.5	8.3	북	354	6.9	1017.3	-	231	
2021-02-22 22:00:00	17.1	북서	313	11.61	26.81	0.84	5.1	1.17	4.0	8.5	북	1	7.0	1017.4	-	82	
2021-02-22 22:05:00	27.6	북서	323	11.64	25.58	0.86	4.8	1.31	5.0	8.7	북	357	6.8	1017.5	-	154	
2021-02-22 22:10:00	30.0	북북서	328	11.67	26.31	0.88	4.8	1.15	4.0	8.3	북	359	6.8	1017.6	-	49	
2021-02-22 22:15:00	12.3	서북서	301	11.70	26.08	0.95	5.4	1.60	5.5	8.3	북	353	6.8	1017.9	-	144	
2021-02-22 22:20:00	16.0	북북서	334	11.71	25.89	0.89	4.8	1.31	4.0	7.6	북	352	6.7	1018.1	-	209	
2021-02-22 22:25:00	30.7	북서	317	11.71	26.28	0.91	5.1	1.25	4.5	8.7	북북서	347	6.8	1018.1	-	7	
2021-02-22 22:30:00	21.7	북서	319	11.71	26.32	0.89	4.4	1.35	5.0	9.2	북	1	6.6	1018.2	-	207	
2021-02-22 22:35:00	14.5	서	276	11.70	25.90	1.02	4.6	1.74	4.5	8.9	북	8	6.6	1018.4	-	50	
2021-02-22 22:40:00	15.1	북북서	329	11.69	26.73	1.02	4.5	1.83	4.5	8.9	북	2	6.5	1018.5	-	164	
2021-02-22 22:45:00	13.2	북서	321	11.67	26.11	0.97	4.7	1.38	5.0	8.1	북	353	6.4	1018.6	-	42	
2021-02-22 22:50:00	16.3	북북서	333	11.62	26.28	0.96	4.8	1.19	4.5	8.2	북	359	6.5	1018.7	-	302	
2021-02-22 22:55:00	22.6	북북서	343	11.59	27.44	1.04	5.0	1.62	5.5	8.1	북북서	347	6.4	1018.9	-	1	
2021-02-22 23:00:00	35.1	북서	322	11.55	26.97	1.10	4.9	1.43	5.0	8.1	북북서	338	6.4	1019.1	-	349	
2021-02-22 23:05:00	22.6	북서	325	11.48	26.95	0.88	5.2	1.17	4.5	8.2	북북서	341	6.5	1019.0	-	317	
2021-02-22 23:10:00	25.7	북북서	339	11.47	26.89	0.93	4.9	1.45	5.0	9.0	북북서	340	6.4	1019.0	-	234	
2021-02-22 23:15:00	19.0	북북서	342	11.57	27.00	1.09	4.8	1.39	4.5	8.7	북북서	341	6.4	1019.0	-	88	
2021-02-22 23:20:00	29.9	북서	315	11.58	27.40	1.10	4.9	1.67	5.0	7.7	북북서	328	6.3	1019.1	-	358	
2021-02-22 23:25:00	28.0	북서	307	11.60	26.51	0.94	5.3	1.33	4.5	7.9	북서	326	6.1	1019.1	-	10	
2021-02-22 23:30:00	33.6	북북서	331	11.59	26.81	1.15	4.7	1.72	5.0	8.1	북북서	337	6.0	1019.1	-	164	
2021-02-22 23:35:00	22.6	북서	324	11.57	26.62	0.96	4.6	1.77	5.0	8.4	북북서	336	6.2	1019.2	-	42	
2021-02-22 23:40:00	9.8	북서	316	11.50	26.11	0.95	4.9	1.49	4.5	7.7	북서	320	6.2	1019.2	-	345	
2021-02-22 23:45:00	21.2	북서	322	11.44	26.65	1.26	4.9	1.98	5.0	6.2	서북서	302	5.9	1019.3	-	53	
2021-02-22 23:50:00	15.3	북서	307	11.41	26.62	0.99	4.8	1.25	5.0	6.0	북서	307	5.8	1019.4	-	58	
2021-02-22 23:55:00	8.0	북	351	11.42	26.58	1.08	4.8	1.85	4.5	5.6	북서	310	5.8	1019.4	-	7	
2021-02-23 00:00:00	13.1	북북서	343	11.42	26.26	1.04	5.1	1.52	5.0	7.2	북북서	344	5.8	1019.4	-	26	
2021-02-23 00:05:00	7.1	북서	319	11.42	26.42	1.00	4.9	1.41	4.5	7.1	북북서	333	5.9	1019.4	-	331	
2021-02-23 00:10:00	8.7	북북서	339	11.40	26.43	1.23	5.1	2.09	5.0	6.7	북북서	328	6.1	1019.4	-	349	
2021-02-23 00:15:00	17.9	북북서	339	11.37	26.04	1.08	5.3	1.58	6.0	6.0	북서	309	5.9	1019.4	-	355	
2021-02-23 00:20:00	11.8	북서	310	11.41	26.69	1.17	5.1	1.59	5.0	6.2	북서	312	5.5	1019.6	-	355	
2021-02-23 00:25:00	16.8	북서	305	11.47	26.45	1.21	4.8	1.61	4.5	6.4	북북서	334	5.8	1019.6	-	342	
2021-02-23 00:30:00	8.2	서북서	285	11.55	26.32	1.10	5.0	1.53	4.5	7.3	북북서	328	5.9	1019.6	-	352	
2021-02-23 00:35:00	13.2	북북서	342	11.57	26.91	1.16	5.0	1.49	5.5	6.3	북서	324	5.8	1019.8	-	1	
2021-02-23 00:40:00	8.1	북서	312	11.59	26.51	1.17	5.0	1.69	5.5	6.9	북서	322	5.7	1019.8	-	15	
2021-02-23 00:45:00	12.9	북북서	341	11.59	26.64	1.38	5.0	1.96	5.0	6.2	북서	318	5.5	1019.7	-	350	
2021-02-23 00:50:00	15.4	북북서	342	11.57	26.40	1.21	5.0	1.56	5.5	6.6	북서	320	5.5	1019.8	-	38	
2021-02-23 00:55:00	16.0	북북서	334	11.56	27.40	1.25	5.2	1.53	6.0	6.6	북서	323	5.5	1020.1	-	357	
2021-02-23 01:00:00	24.5	북서	321	11.56	26.42	1.18	5.0	1.56	5.5	7.1	북서	322	5.5	1020.2	-	20	
2021-02-23 01:05:00	15.2	북서	312	11.56	27.00	1.17	5.3	1.96	5.0	6.7	북서	320	5.4	1020.3	-	22	
2021-02-23 01:10:00	8.3	북	353	11.58	26.46	1.13	4.9	1.71	5.0	6.8	북서	323	5.5	1020.4	-	343	
2021-02-23 01:15:00	7.6	북서	326	11.56	26.51	1.09	4.7	1.59	5.0	6.5	북서	312	5.4	1020.6	-	60	
2021-02-23 01:20:00	15.0	북서	308	11.57	26.46	1.17	5.3	1.41	4.5	6.3	북서	312	5.3	1020.6	-	8	
2021-02-23 01:25:00	16.2	서북서	300	11.60	26.40	1.31	5.0	1.66	5.0	6.6	북서	318	5.1	1020.7	-	22	
2021-02-23 01:30:00	20.0	북북서	338	11.62	26.32	1.25	5.0	1.62	4.5	6.2	북서	313	5.1	1020.8	-	354	
2021-02-23 01:35:00	4.4	서북서	293	11.64	26.17	1.32	5.2	1.78	5.0	5.7	북서	323	5.3	1020.9	-	342	
2021-02-23 01:40:00	14.3	북	360	11.65	25.99	1.46	5.1	1.85	5.0	5.8	북북서	329	5.1	1020.8	-	338	
2021-02-23 01:45:00	13.4	북서	316	11.66	25.74	1.47	4.9	2.30	5.0	5.9	북서	320	4.9	1020.8	-	2	
2021-02-23 01:50:00	9.8	서	281	11.68	26.14	1.24	5.3	1.86	5.5	5.9	북서	319	5.0	1020.8	-	349	
2021-02-23 01:55:00	9.1	서북서	289	11.68	26.24	1.34	5.0	1.85	5.0	5.5	북서	325	4.9	1020.8	-	17	
2021-02-23 02:00:00	10.8	서북서	297	11.69	27.29	1.29	5.2	1.85	5.0	5.0	북서	323	5.0	1020.8	-	25	
2021-02-23 02:05:00	15.0	서북서	303	11.69	26.05	1.29	4.9	2.01	5.0	5.2	북서	323	5.0	1020.9	-	359	
2021-02-23 02:10:00	11.6	서	271	11.69	26.07	1.25	5.0	1.85	5.0	5.3	북서	316	5.0	1020.9	-	346	
2021-02-23 02:15:00	6.7	북서	319	11.70	25.88	1.55	5.4	1.98	5.5	5.3	북서	309	4.6	1020.9	-	24	
2021-02-23 02:20:00	20.1	북서	315	11.69	26.44	1.47	5.4	1.87	5.0	5.5	북서	310	4.6	1020.9	-	333	
2021-02-23 02:25:00	14.0	북서	321	11.68	26.02	1.42	5.3	2.18	5.0	5.5	북서	309	4.6	1020.9	-	0	
2021-02-23 02:30:00	7.4	북서	312	11.66	26.55	1.16	5.0	1.69	5.5	5.7	북서	308	4.5	1021.0	-	36	
2021-02-23 02:35:00	23.1	북서	308	11.66	26.86	1.24	5.1	1.72	5.0	5.8	서북서	303	4.4	1021.2	-	46	
2021-02-23 02:40:00	11.1	서북서	300	11.66	26.32	1.28	5.3	1.75	5.5	5.9	북서	310	4.6	1021.3	-	350	
2021-02-23 02:45:00	18.4	북서	312	11.65	26.25	1.49	5.4	2.33	5.5	5.4	북서	309	4.6	1021.4	-	12	
2021-02-23 02:50:00	19.7	북서	318	11.66	27.44	1.42	5.2	2.21	5.5	5.9	북서	318	4.7	1021.4	-	358	
2021-02-23 02:55:00	10.1	서	278	11.65	26.22	1.27	5.1	1.55	5.5	5.9	북서	314	4.6	1021.6	-	4	
2021-02-23 03:00:00	10.5	북서	319	11.66	25.90	1.25	5.4	1.62	5.0	5.6	북서	318	4.7	1021.6	-	349	
2021-02-23 03:05:00	23.8	북서	311	11.68	25.85	1.36	5.4	1.92	6.0	5.6	북서	324	4.5	1021.7	-	19	
2021-02-23 03:10:00	24.7	북서	308	11.70	26.50	1.57	5.5	2.24	5.5	6.0	북서	322	4.6	1021.7	-	11	
2021-02-23 03:15:00	13.9	서북서	293	11.72	26.79	1.19	5.1	1.53	5.0	6.0	북서	317	4.6	1021.6	-	22	
2021-02-23 03:20:00	17.9	북서	317	11.72	26.93	1.48	5.3	2.43	6.0	8.1	북북서	328	4.8	1021.6	-	354	
2021-02-23 03:25:00	12.7	서북서	295	11.72	26.28	1.32	5.3	1.94	5.0	6.1	북서	326	4.8	1021.6	-	340	
2021-02-23 03:30:00	14.4	북서	315	11.72	25.76	1.42	5.3	2.34	5.5	7.0	북북서	335	4.8	1021.5	-	3	
2021-02-23 03:35:00	18.3	북북서	337	11.73	26.11	1.61	5.4	1.87	5.0	7.3	북북서	348	4.8	1021.6	-	6	
2021-02-23 03:40:00	19.2	북북서	327	11.72	26.46	1.29	5.3	1.69	5.0	7.5	북	0	5.1	1021.6	-	332	
2021-02-23 03:45:00	20.8	북북서	326	11.73	25.79	1.51	5.3	1.83	5.5	7.9	북	0	5.2	1021.6	-	10	
2021-02-23 03:50:00	12.5	북서	305	11.73	25.99	1.49	5.7	2.08	5.5	9.0	북	5	5.1	1021.6	-	342	
2021-02-23 03:55:00	11.8	북북서	342	11.74	25.68	1.43	5.4	1.82	6.0	8.9	북	2	5.0	1021.6	-	351	
2021-02-23 04:00:00	8.5	북북서	334	11.73	25.69	1.60	5.4	3.04	5.5	9.1	북	2	5.0	1021.7	-	352	
2021-02-23 04:05:00	13.2	서북서	297	11.74	25.67	1.47	5.5	1.86	5.5	8.9	북	10	5.2	1022.0	-	29	
2021-02-23 04:10:00	10.9	북서	308	11.74	25.60	1.61	5.6	2.32	5.5	9.8	북북동	14	5.0	1022.0	-	5	
2021-02-23 04:15:00	9.3	북북서	339	11.74	25.99	1.52	5.7	2.00	5.5	9.8	북	5	5.0	1022.1	-	348	
2021-02-23 04:20:00	8.5	북서	321	11.73	26.39	1.83	5.5	2.62	6.0	8.7	북북동	13	5.0	1022.2	-	9	
2021-02-23 04:25:00	19.5	북서	320	11.73	26.92	1.57	5.6	2.29	4.5	9.1	북북동	14	4.9	1022.3	-	350	
2021-02-23 04:30:00	12.7	북북서	329	11.73	26.47	1.51	5.9	1.89	6.5	7.9	북	11	4.8	1022.4	-	10	
2021-02-23 04:35:00	3.1	북	6	11.73	25.78	1.67	5.9	2.78	5.5	8.2	북	1	4.8	1022.5	-	4	
2021-02-23 04:40:00	10.3	북북서	346	11.72	25.61	1.76	5.7	2.29	5.5	9.0	북	359	4.8	1022.6	-	6	
2021-02-23 04:45:00	17.2	북서	318	11.72	25.86	1.66	5.9	2.04	5.0	7.1	북서	325	4.7	1022.7	-	12	
2021-02-23 04:50:00	12.6	북서	326	11.72	25.70	1.92	6.1	3.27	6.0	6.8	북북서	335	4.5	1022.8	-	359	
2021-02-23 04:55:00	23.7	북서	314	11.70	25.69	1.60	5.6	2.24	6.0	6.8	북북서	337	4.5	1022.8	-	16	
2021-02-23 05:00:00	14.5	북북서	338	11.71	26.10	1.76	5.9	2.29	6.0	8.1	북	354	4.9	1022.7	-	6	
2021-02-23 05:05:00	16.8	북서	319	11.70	25.37	1.39	5.5	1.69	6.0	8.7	북	356	4.6	1022.6	-	23	
2021-02-23 05:10:00	16.6	북서	308	11.70	26.31	1.66	6.2	2.03	6.0	8.6	북	353	4.7	1022.7	-	2	
2021-02-23 05:15:00	13.2	서북서	299	11.69	26.24	1.61	6.0	1.96	7.0	7.2	북서	322	4.5	1022.8	-	8	
2021-02-23 05:20:00	9.3	서북서	298	11.70	26.05	1.81	5.9	2.43	6.0	5.9	북서	311	4.3	1023.0	-	11	
2021-02-23 05:25:00	9.6	서	270	11.69	26.22	1.36	5.6	1.91	5.0	6.0	북서	306	4.2	1023.0	-	2	
2021-02-23 05:30:00	3.8	북서	320	11.70	26.21	2.00	6.4	2.59	6.5	5.6	서북서	303	3.7	1023.0	-	5	
2021-02-23 05:35:00	8.2	서북서	303	11.70	26.21	2.04	5.7	2.73	6.0	5.7	서북서	296	3.4	1022.9	-	357	
2021-02-23 05:40:00	10.8	북북서	326	11.70	26.17	1.77	5.7	2.75	6.0	6.0	서북서	299	3.5	1022.9	-	353	
2021-02-23 05:45:00	17.0	서북서	302	11.70	26.60	1.56	6.0	2.39	6.0	6.0	북서	305	3.6	1022.8	-	23	
2021-02-23 05:50:00	13.0	북서	310	11.70	26.27	1.85	6.3	2.54	6.5	5.3	서북서	296	3.5	1022.8	-	356	
2021-02-23 05:55:00	14.9	서북서	288	11.69	26.05	2.00	6.3	3.15	6.0	5.5	서북서	302	3.5	1022.8	-	347	
2021-02-23 06:00:00	9.2	북서	306	11.69	26.02	2.15	6.4	3.11	6.5	5.5	북서	312	3.5	1022.9	-	6	
2021-02-23 06:05:00	10.8	북서	304	11.69	26.12	1.37	5.8	2.57	6.5	4.8	북서	320	3.6	1023.0	-	55	
2021-02-23 06:10:00	8.1	북북서	330	11.68	26.15	1.65	6.2	2.09	6.0	5.1	북서	320	3.8	1022.9	-	17	
2021-02-23 06:15:00	6.3	북북서	332	11.68	25.87	1.70	6.3	2.22	6.5	5.7	서북서	301	3.4	1022.9	-	21	
2021-02-23 06:20:00	10.0	북서	317	11.69	25.80	1.87	6.6	2.83	6.5	4.6	북서	314	3.2	1023.0	-	15	
2021-02-23 06:25:00	18.4	북서	311	11.67	25.74	1.95	6.3	2.64	6.5	5.4	북서	313	3.3	1023.0	-	25	
2021-02-23 06:30:00	18.0	서북서	302	11.66	25.87	1.91	6.4	2.94	6.5	5.6	북서	304	3.3	1023.0	-	6	
2021-02-23 06:35:00	11.0	북서	313	11.66	25.79	1.59	6.5	2.08	6.5	5.6	서북서	303	3.1	1023.1	-	16	
2021-02-23 06:40:00	4.3	서북서	302	11.65	25.80	1.69	6.7	2.71	6.0	6.0	북북서	333	3.5	1023.0	-	10	
2021-02-23 06:45:00	6.5	서북서	290	11.64	25.99	2.40	6.6	3.18	6.5	5.7	서북서	295	3.2	1023.1	-	16	
2021-02-23 06:50:00	12.2	서북서	282	11.63	26.09	1.55	5.9	2.05	5.0	5.4	서북서	300	3.0	1023.1	-	8	
2021-02-23 06:55:00	13.7	북서	314	11.62	25.88	1.58	6.2	1.90	6.5	5.3	서북서	289	2.8	1023.1	-	28	
2021-02-23 07:00:00	10.1	북북서	331	11.63	26.28	1.71	6.3	2.24	6.0	5.5	서북서	296	2.8	1023.1	-	347	
2021-02-23 07:05:00	8.5	서북서	297	11.63	25.89	1.91	6.5	2.41	6.0	5.3	서북서	298	2.8	1023.2	-	3	
2021-02-23 07:10:00	11.1	북서	317	11.61	25.90	1.68	6.6	2.28	7.0	5.7	서북서	295	2.7	1023.3	-	8	
2021-02-23 07:15:00	10.1	북서	322	11.60	26.23	1.74	6.3	2.37	6.5	5.6	서북서	288	2.7	1023.3	-	356	
2021-02-23 07:20:00	19.7	북서	315	11.60	26.26	1.72	6.2	2.62	6.5	5.4	서북서	293	2.7	1023.4	-	4	
2021-02-23 07:25:00	4.6	서	266	11.60	26.15	1.50	6.7	2.13	5.5	6.0	서북서	295	2.8	1023.3	-	30	
2021-02-23 07:30:00	9.2	북서	321	11.59	26.14	1.88	6.5	2.45	6.5	5.7	서북서	292	2.6	1023.3	-	27	
2021-02-23 07:35:00	17.2	북서	317	11.59	25.85	1.86	6.2	2.44	6.0	5.6	서북서	290	2.6	1023.3	-	1	
2021-02-23 07:40:00	14.0	북북서	339	11.59	25.94	1.51	6.3	2.16	5.5	5.5	서북서	285	2.8	1023.4	-	10	
2021-02-23 07:45:00	15.8	북	352	11.57	26.43	1.66	6.2	2.50	5.5	5.5	서북서	290	2.8	1023.5	-	21	
2021-02-23 07:50:00	15.2	서북서	291	11.58	26.42	1.55	6.4	2.47	6.5	5.7	서북서	287	2.6	1023.6	-	5	
2021-02-23 07:55:00	19.9	북북서	327	11.58	26.47	1.56	6.4	2.13	7.0	5.4	서북서	290	2.7	1023.7	-	355	
2021-02-23 08:00:00	9.9	서북서	297	11.57	26.41	1.75	6.4	2.50	6.0	5.1	서북서	289	2.9	1023.7	-	28	
2021-02-23 08:05:00	13.6	북서	315	11.59	26.21	1.38	6.6	1.64	6.5	5.4	서북서	283	2.7	1023.8	-	4	
2021-02-23 08:10:00	12.3	북북서	327	11.58	25.99	1.49	6.3	2.49	6.5	5.3	서북서	286	2.8	1023.8	-	1	
2021-02-23 08:15:00	4.9	북북서	344	11.58	26.02	1.47	6.5	2.19	6.5	5.1	서북서	290	2.8	1023.9	-	14	
2021-02-23 08:20:00	9.2	북서	305	11.58	26.58	1.71	6.3	2.39	6.0	5.3	서북서	285	2.9	1023.9	-	46	
2021-02-23 08:25:00	10.8	북서	317	11.57	26.48	1.34	6.1	2.01	6.0	5.6	서북서	285	3.0	1023.9	-	350	
2021-02-23 08:30:00	7.4	북북서	344	11.57	26.09	1.24	6.1	2.10	5.0	5.9	서북서	291	3.0	1024.0	-	2	
2021-02-23 08:35:00	8.8	북	1	11.56	26.26	1.30	6.9	1.96	6.5	5.4	서북서	296	3.0	1024.1	-	48	
2021-02-23 08:40:00	10.4	북북서	341	11.55	25.78	1.68	7.0	2.24	6.5	5.4	서북서	296	3.0	1024.1	-	39	
2021-02-23 08:45:00	9.5	북서	319	11.55	25.86	1.37	6.3	1.60	7.0	5.5	북서	306	3.1	1024.2	-	15	
2021-02-23 08:50:00	8.5	북서	304	11.55	25.99	1.79	7.0	2.64	6.5	5.4	북서	308	3.3	1024.2	-	28	
2021-02-23 08:55:00	6.4	북서	311	11.54	25.80	1.33	6.3	1.85	6.0	5.4	북서	309	3.2	1024.3	-	52	
2021-02-23 09:00:00	10.1	북북서	327	11.54	25.85	1.43	6.0	1.87	5.5	5.2	북서	309	3.3	1024.4	-	357	
2021-02-23 09:05:00	5.4	북서	316	11.54	25.80	1.35	6.6	1.66	6.5	5.0	북서	306	3.2	1024.4	-	28	
2021-02-23 09:10:00	20.4	북북서	331	11.54	25.47	1.29	6.4	1.66	6.5	4.7	북서	305	3.4	1024.5	-	354	
2021-02-23 09:15:00	3.5	북	4	11.53	26.46	1.41	6.6	1.81	6.0	4.9	서북서	302	3.5	1024.5	-	9	
2021-02-23 09:20:00	21.9	북북서	340	11.53	26.58	1.20	6.4	1.90	7.0	4.6	서북서	302	3.5	1024.5	-	53	
2021-02-23 09:25:00	5.9	남	178	11.53	26.71	1.23	6.5	1.64	6.5	4.3	서북서	302	3.4	1024.5	-	48	
2021-02-23 09:30:00	13.4	북서	309	11.53	26.41	1.42	6.5	2.02	6.0	4.3	북북서	329	3.6	1024.5	-	44	
2021-02-23 09:35:00	5.0	북북동	33	11.53	26.05	1.28	6.5	1.73	6.5	3.8	북서	320	3.6	1024.5	-	37	
2021-02-23 09:40:00	13.4	서	270	11.53	25.75	1.23	6.5	1.74	7.0	4.1	북서	318	3.8	1024.5	-	57	
2021-02-23 09:45:00	5.9	북북서	338	11.53	25.55	1.53	7.1	1.71	7.0	4.1	북북서	330	3.7	1024.5	-	22	
2021-02-23 09:50:00	11.0	서	279	11.53	25.62	1.36	6.8	2.02	6.5	4.2	북북서	337	3.9	1024.5	-	50	
2021-02-23 09:55:00	21.0	북서	324	11.53	25.80	1.60	6.3	2.02	6.5	3.8	북	354	4.0	1024.6	-	29	
2021-02-23 10:00:00	14.9	북북서	337	11.53	26.92	1.28	6.1	1.71	5.5	3.7	북서	320	3.9	1024.6	-	36	
2021-02-23 10:05:00	9.6	남서	223	11.53	25.95	1.40	7.0	2.16	7.0	5.3	북북서	332	3.9	1024.5	-	35	
2021-02-23 10:10:00	19.3	북북서	335	11.52	25.49	1.40	6.6	2.55	6.5	4.6	북	354	3.8	1024.5	-	35	
2021-02-23 10:15:00	15.4	북북서	343	11.52	25.43	1.56	6.6	2.20	6.0	4.4	북	351	4.0	1024.5	-	48	
2021-02-23 10:20:00	15.5	서북서	291	11.52	26.15	1.62	6.5	2.15	6.5	4.0	북	349	3.8	1024.5	-	19	
2021-02-23 10:25:00	8.1	북서	312	11.52	26.03	1.45	7.1	1.85	6.5	3.3	북	7	4.1	1024.4	-	17	
2021-02-23 10:30:00	9.0	남서	235	11.52	25.64	1.47	6.7	2.02	7.0	4.4	북	359	4.1	1024.3	-	22	
2021-02-23 10:35:00	25.3	북북서	331	11.51	25.68	1.52	6.6	2.04	7.5	4.8	북	353	4.1	1024.3	-	36	
2021-02-23 10:40:00	13.7	서북서	292	11.51	25.57	1.46	6.8	1.71	7.5	3.9	북북동	13	3.9	1024.2	-	47	
2021-02-23 10:45:00	4.2	남남서	192	11.50	25.47	1.37	6.5	1.72	5.5	4.6	북	11	4.3	1024.2	-	52	
2021-02-23 10:50:00	1.2	남	186	11.49	25.65	1.61	6.7	2.27	7.5	4.8	북북동	14	4.2	1024.1	-	66	
2021-02-23 10:55:00	6.2	북서	325	11.47	26.31	1.54	6.3	2.16	6.5	4.3	북북동	14	4.2	1024.1	-	36	
2021-02-23 11:00:00	11.0	북북서	334	11.46	25.60	1.45	7.1	2.12	7.5	3.9	북	8	4.2	1024.1	-	56	
2021-02-23 11:05:00	8.9	서북서	287	11.46	25.25	1.59	7.0	2.07	6.5	4.3	북	357	4.3	1024.1	-	54	
2021-02-23 11:10:00	5.6	서남서	250	11.46	26.16	1.50	7.1	1.75	8.0	3.7	북	0	4.2	1024.1	-	57	
2021-02-23 11:15:00	5.8	남	170	11.46	25.81	1.92	7.5	2.41	8.0	3.3	북북동	23	4.1	1024.1	-	49	
2021-02-23 11:20:00	14.0	서남서	249	11.46	25.90	1.50	7.5	1.90	7.5	3.2	북북동	22	4.3	1024.1	-	59	
2021-02-23 11:25:00	8.5	서	269	11.46	25.99	1.45	7.4	2.01	9.0	3.9	북북동	25	4.3	1024.1	-	65	
2021-02-23 11:30:00	9.9	북북동	16	11.46	26.34	1.37	7.2	2.17	8.0	3.9	북	359	4.4	1024.1	-	77	
2021-02-23 11:35:00	1.7	북	355	11.47	26.33	1.57	8.1	1.91	7.5	3.6	북북서	341	4.0	1024.1	-	59	
2021-02-23 11:40:00	13.4	북북서	331	11.47	26.70	1.52	7.4	2.04	7.5	4.0	북	4	4.1	1024.0	-	58	
2021-02-23 11:45:00	11.7	북서	326	11.48	25.75	1.53	7.7	1.84	6.5	4.4	북	353	4.4	1024.0	-	16	
2021-02-23 11:50:00	19.3	서북서	294	11.48	25.63	1.81	8.3	2.23	9.0	3.9	북	10	4.2	1023.9	-	52	
2021-02-23 11:55:00	26.8	북서	311	11.47	25.63	1.79	7.5	2.69	7.5	4.0	북	5	4.1	1023.8	-	58	
2021-02-23 12:00:00	23.4	북서	324	11.48	26.24	1.71	8.6	2.14	8.0	5.0	북	1	4.2	1023.7	-	69	
2021-02-23 12:05:00	21.6	북서	313	11.49	26.26	1.90	8.5	2.44	8.5	4.6	북북동	12	4.1	1023.6	-	62	
2021-02-23 12:10:00	15.9	북서	315	11.49	26.22	1.81	8.4	2.47	7.5	4.5	북	6	4.1	1023.5	-	54	
2021-02-23 12:15:00	4.4	북서	305	11.49	26.54	1.96	8.2	2.68	8.5	3.7	북북동	15	4.1	1023.4	-	55	
2021-02-23 12:20:00	23.7	북서	316	11.50	26.67	1.80	9.1	2.21	7.5	4.0	북	11	4.3	1023.3	-	46	
2021-02-23 12:25:00	13.8	서남서	255	11.50	26.17	1.83	9.4	2.18	8.5	3.7	북북동	22	4.3	1023.3	-	47	
2021-02-23 12:30:00	18.1	서북서	283	11.50	26.50	1.87	9.2	2.50	8.5	3.9	북북동	21	4.3	1023.2	-	50	
2021-02-23 12:35:00	6.4	서	262	11.51	26.66	1.84	9.0	2.66	9.0	4.6	북	4	4.3	1023.1	-	65	
2021-02-23 12:40:00	15.8	북서	319	11.51	26.29	1.91	8.5	2.36	9.0	4.1	북	0	4.2	1023.1	-	55	
2021-02-23 12:45:00	15.2	남서	231	11.51	26.12	1.72	9.2	2.20	6.5	3.3	북	5	4.2	1023.1	-	46	
2021-02-23 12:50:00	35.0	북서	307	11.51	26.28	1.85	8.7	2.77	6.5	4.3	북	3	4.3	1023.0	-	41	
2021-02-23 12:55:00	17.8	서	279	11.52	26.29	2.04	8.6	2.83	7.5	4.1	북북동	17	4.1	1022.9	-	50	
2021-02-23 13:00:00	15.4	북북서	335	11.52	26.30	2.01	8.2	2.38	7.5	4.0	북북동	24	4.3	1022.9	-	46	
2021-02-23 13:05:00	19.8	서북서	295	11.53	26.23	1.73	8.2	2.00	6.5	3.8	북북동	21	4.3	1022.8	-	53	
2021-02-23 13:10:00	18.6	서북서	299	11.53	26.46	1.85	8.4	2.39	8.5	4.2	북북동	16	4.4	1022.7	-	53	
2021-02-23 13:15:00	8.0	서북서	292	11.53	26.46	1.98	7.8	2.82	7.5	3.7	북북동	28	4.3	1022.7	-	47	
2021-02-23 13:20:00	0.8	남	181	11.54	26.35	2.00	8.9	2.77	8.0	4.3	북	5	4.3	1022.7	-	42	
2021-02-23 13:25:00	21.2	북서	323	11.54	26.29	2.32	9.6	3.11	9.0	2.8	북북동	14	4.3	1022.7	-	53	
2021-02-23 13:30:00	31.1	북북서	340	11.54	26.01	1.83	8.3	2.12	8.5	3.6	북북동	16	4.4	1022.6	-	49	
2021-02-23 13:35:00	14.1	북서	315	11.54	26.43	1.85	8.7	2.90	8.5	3.3	북	3	4.3	1022.6	-	42	
2021-02-23 13:40:00	6.1	북서	322	11.54	26.82	1.99	9.2	2.39	8.5	3.7	북	358	4.4	1022.6	-	42	
2021-02-23 13:45:00	15.0	북서	310	11.55	25.68	2.23	9.4	2.75	9.5	3.5	북	2	4.3	1022.5	-	58	
2021-02-23 13:50:00	6.8	서남서	255	11.55	25.77	1.35	8.7	1.68	10.5	3.5	북	3	4.4	1022.5	-	45	
2021-02-23 13:55:00	8.8	서북서	300	11.55	26.44	2.18	8.8	3.20	9.0	4.1	북북동	18	4.3	1022.4	-	50	
2021-02-23 14:00:00	25.7	북서	324	11.55	26.34	1.81	8.0	2.19	6.5	3.2	북동	37	4.2	1022.4	-	49	
2021-02-23 14:05:00	11.4	서북서	290	11.55	25.58	1.57	8.7	1.94	8.5	3.5	북북동	16	4.3	1022.4	-	49	
2021-02-23 14:10:00	19.5	북서	315	11.56	25.53	1.99	8.0	2.36	6.5	2.8	북	3	4.4	1022.3	-	33	
2021-02-23 14:15:00	24.0	북서	317	11.56	25.45	2.11	8.5	2.65	8.0	3.5	북북동	15	4.4	1022.3	-	46	
2021-02-23 14:20:00	13.4	북서	315	11.56	26.44	1.61	9.0	2.06	8.5	4.1	북북동	18	4.4	1022.2	-	51	
2021-02-23 14:25:00	9.3	서북서	286	11.56	26.36	2.07	8.2	2.82	7.5	2.7	북북동	14	4.4	1022.2	-	46	
2021-02-23 14:30:00	12.8	북서	316	11.56	27.03	1.69	7.9	2.22	7.5	3.1	북북동	17	4.4	1022.2	-	43	
2021-02-23 14:35:00	9.3	서북서	288	11.56	26.04	2.12	8.6	3.22	8.5	3.6	북북동	14	4.4	1022.3	-	46	
2021-02-23 14:40:00	11.8	서북서	302	11.56	26.56	2.05	9.0	3.04	8.5	3.5	북	10	4.4	1022.3	-	50	
2021-02-23 14:45:00	19.7	서북서	285	11.57	26.17	1.89	8.0	2.42	6.5	2.7	북	0	4.3	1022.4	-	40	
2021-02-23 14:50:00	6.7	서북서	300	11.56	27.22	1.61	7.8	2.02	8.0	3.7	북	8	4.4	1022.3	-	34	
2021-02-23 14:55:00	11.9	북북서	332	11.57	24.92	1.79	9.1	2.25	8.5	3.7	북북동	14	4.5	1022.2	-	39	
2021-02-23 15:00:00	22.5	북서	313	11.57	26.37	1.70	8.5	2.30	8.0	4.1	북동	43	4.4	1022.2	-	47	
2021-02-23 15:05:00	7.9	북서	314	11.58	26.55	2.20	8.3	3.36	7.0	3.2	북북동	33	4.3	1022.2	-	43	
2021-02-23 15:10:00	5.9	북서	317	11.58	26.45	1.95	9.1	2.16	8.5	4.3	북동	38	4.4	1022.2	-	52	
2021-02-23 15:15:00	13.8	서북서	294	11.59	25.35	1.96	7.6	2.79	8.0	2.9	북동	47	4.3	1022.3	-	49	
2021-02-23 15:20:00	20.2	북서	305	11.59	26.81	2.01	7.6	2.66	7.5	3.0	북북동	22	4.4	1022.4	-	41	
2021-02-23 15:25:00	17.9	북서	305	11.60	26.36	1.87	7.8	2.25	7.0	2.6	북동	35	4.5	1022.4	-	41	
2021-02-23 15:30:00	7.4	북서	308	11.60	25.43	1.68	8.4	2.35	8.0	2.7	북동	47	4.5	1022.4	-	42	
2021-02-23 15:35:00	6.0	서북서	298	11.60	26.23	1.93	8.0	3.02	8.0	3.3	북북동	29	4.4	1022.3	-	45	
2021-02-23 15:40:00	15.5	서북서	303	11.61	26.05	2.00	8.4	2.50	7.5	3.0	북동	52	4.5	1022.3	-	43	
2021-02-23 15:45:00	6.6	서북서	285	11.61	26.20	1.75	7.4	2.29	7.0	2.8	북동	39	4.4	1022.3	-	50	
2021-02-23 15:50:00	11.0	서북서	296	11.61	26.04	1.61	8.5	1.73	9.5	3.0	북동	37	4.5	1022.4	-	43	
2021-02-23 15:55:00	15.1	서	273	11.61	26.58	1.63	7.7	2.58	7.5	2.7	북	9	4.5	1022.5	-	26	
2021-02-23 16:00:00	9.1	서북서	300	11.61	26.11	2.09	8.5	2.69	8.0	2.2	북	10	4.4	1022.4	-	46	
2021-02-23 16:05:00	-	-	-	-	-	-	-	-	-	-	-	-	-	-	-	-	
2021-02-23 16:10:00	-	-	-	11.62	26.13	1.12	5.5	2.25	5.5	1.8	북동	47	4.6	1022.4	-	44	
2021-02-23 16:15:00	-	-	-	11.60	26.05	1.56	7.4	1.97	7.0	2.1	북동	36	4.5	1022.4	-	41	
2021-02-23 16:20:00	-	-	-	11.60	26.16	1.57	7.6	2.49	8.5	2.7	동북동	62	4.6	1022.4	-	49	
2021-02-23 16:25:00	6.6	서	275	11.60	25.77	1.68	6.5	1.99	7.0	2.2	북동	53	4.4	1022.4	-	40	
2021-02-23 16:30:00	6.3	서	274	11.59	26.25	1.86	7.5	2.62	7.5	2.1	북동	36	4.4	1022.4	-	50	
2021-02-23 16:35:00	6.9	북서	326	11.59	26.20	1.59	6.8	1.97	6.5	1.5	동북동	77	4.5	1022.4	-	45	
2021-02-23 16:40:00	5.9	서북서	301	11.59	26.14	1.66	7.7	2.21	10.5	1.3	북북동	32	4.6	1022.4	-	31	
2021-02-23 16:45:00	7.4	북서	305	11.59	26.22	2.01	7.4	2.83	8.0	1.4	북북동	24	4.7	1022.4	-	43	
2021-02-23 16:50:00	4.4	북서	326	11.59	26.18	1.58	7.5	2.64	7.0	1.7	북북동	16	4.7	1022.4	-	12	
2021-02-23 16:55:00	7.6	북북서	334	11.58	26.13	1.56	8.3	1.87	7.0	1.9	북동	37	4.6	1022.4	-	48	
2021-02-23 17:00:00	9.6	서북서	291	11.59	26.19	1.78	7.5	2.20	8.5	2.8	북북동	30	4.6	1022.4	-	39	
2021-02-23 17:05:00	9.8	북북동	16	11.59	26.04	1.65	7.9	1.98	7.5	2.4	북동	37	4.5	1022.4	-	18	
2021-02-23 17:10:00	6.6	서북서	295	11.60	26.07	1.92	7.5	2.37	7.0	1.9	북동	56	4.4	1022.4	-	58	
2021-02-23 17:15:00	12.6	서	261	11.60	26.12	1.52	7.7	1.85	7.5	1.0	북동	37	4.5	1022.5	-	49	
2021-02-23 17:20:00	18.7	서북서	295	11.60	26.21	1.62	8.0	2.43	9.0	0.6	북동	40	4.7	1022.5	-	48	
2021-02-23 17:25:00	23.9	북서	312	11.60	26.10	1.70	7.2	2.48	8.5	1.2	북북서	347	4.6	1022.6	-	43	
2021-02-23 17:30:00	17.7	서북서	301	11.60	26.15	1.70	8.0	2.11	8.0	1.9	북북동	18	4.5	1022.7	-	39	
2021-02-23 17:35:00	7.5	서북서	289	11.60	26.45	1.58	7.5	2.22	7.5	2.0	북동	51	4.4	1022.6	-	39	
2021-02-23 17:40:00	7.5	북북서	339	11.60	26.20	1.53	7.3	2.14	6.5	1.3	북북동	16	4.3	1022.7	-	56	
2021-02-23 17:45:00	4.9	북북동	29	11.60	26.19	1.59	7.4	1.80	6.5	2.2	북	7	4.2	1022.8	-	48	
2021-02-23 17:50:00	4.3	서북서	293	11.59	26.18	1.76	7.1	2.54	6.0	1.6	북북동	28	4.0	1022.8	-	38	
2021-02-23 17:55:00	15.7	북	359	11.58	26.02	1.69	7.3	1.99	7.0	1.8	북동	53	4.1	1022.8	-	39	
2021-02-23 18:00:00	16.4	북북동	28	11.58	26.10	1.60	7.1	2.13	7.0	1.4	북북동	31	3.9	1022.8	-	35	
2021-02-23 18:05:00	6.2	북동	46	11.57	26.16	1.72	7.6	2.39	6.5	1.0	북동	49	3.9	1022.8	-	37	
2021-02-23 18:10:00	11.6	북북동	22	11.56	26.20	1.68	7.7	1.98	7.5	2.3	북북동	21	4.0	1022.9	-	45	
2021-02-23 18:15:00	3.0	서북서	289	11.54	26.01	1.86	7.4	2.40	7.5	1.5	북	6	3.9	1023.0	-	28	
2021-02-23 18:20:00	10.4	북북동	18	11.52	26.14	1.58	7.5	2.37	7.5	1.4	북	6	3.9	1023.1	-	31	
2021-02-23 18:25:00	4.5	동북동	61	11.51	26.07	1.86	7.2	2.77	8.0	1.7	북북동	23	3.9	1023.0	-	34	
2021-02-23 18:30:00	10.7	북	359	11.52	26.40	1.53	7.5	1.84	6.5	0.5	북동	39	3.8	1023.1	-	57	
2021-02-23 18:35:00	7.1	북북동	15	11.52	26.09	1.62	6.5	2.39	7.0	1.4	북북동	27	3.8	1023.2	-	27	
2021-02-23 18:40:00	10.0	북	1	11.51	26.14	1.76	7.0	2.19	6.5	2.9	북	352	3.8	1023.2	-	52	
2021-02-23 18:45:00	12.6	북	359	11.48	26.43	1.62	7.3	1.97	6.0	1.9	북	352	3.9	1023.3	-	42	
2021-02-23 18:50:00	3.8	북동	55	11.46	26.24	1.61	7.3	1.87	7.5	2.5	북북동	32	3.9	1023.4	-	31	
2021-02-23 18:55:00	3.0	북북서	335	11.43	25.84	1.43	6.8	2.01	7.0	3.0	북북동	28	3.8	1023.4	-	40	
2021-02-23 19:00:00	3.9	서남서	244	11.41	26.11	1.50	6.7	1.94	7.5	1.8	북동	52	3.7	1023.5	-	13	
2021-02-23 19:05:00	2.5	서북서	285	11.41	26.31	1.47	7.3	1.94	7.5	1.9	동북동	65	3.8	1023.6	-	34	
2021-02-23 19:10:00	2.2	북북서	343	11.40	26.31	1.55	6.7	2.16	6.0	2.7	동북동	57	3.8	1023.6	-	10	
2021-02-23 19:15:00	13.4	북북서	334	11.38	26.24	1.59	7.0	1.84	6.0	1.9	동북동	63	3.7	1023.7	-	23	
2021-02-23 19:20:00	3.4	북북동	22	11.37	26.13	1.38	7.1	1.67	8.5	1.2	동북동	59	3.8	1023.7	-	37	
2021-02-23 19:25:00	2.0	동북동	76	11.34	26.17	1.55	7.3	2.16	7.0	1.1	북동	47	3.7	1023.7	-	41	
2021-02-23 19:30:00	6.7	북	4	11.34	25.62	1.51	7.3	2.38	6.5	1.1	동남동	102	3.7	1023.7	-	26	
2021-02-23 19:35:00	0.7	서	272	11.32	26.24	1.46	7.1	2.27	6.5	0.9	동북동	66	3.7	1023.8	-	26	
2021-02-23 19:40:00	3.3	북서	310	11.32	25.92	1.54	6.8	2.15	6.0	1.2	북북동	21	3.7	1023.8	-	30	
2021-02-23 19:45:00	6.5	북서	307	11.35	25.98	1.30	7.3	1.90	7.0	1.2	북북동	23	3.7	1023.8	-	53	
2021-02-23 19:50:00	10.7	북	6	11.38	26.04	1.42	7.0	2.11	6.0	0.9	북서	309	3.7	1023.8	-	24	
2021-02-23 19:55:00	13.3	북	8	11.37	25.82	1.33	7.1	1.48	5.5	2.8	서북서	297	3.6	1023.9	-	43	
2021-02-23 20:00:00	6.6	북서	307	11.39	25.80	1.47	7.0	1.71	7.0	3.4	서북서	293	3.6	1023.9	-	39	
2021-02-23 20:05:00	7.1	북서	304	11.40	26.73	1.40	6.3	2.57	5.5	3.4	서북서	283	3.4	1023.9	-	341	
2021-02-23 20:10:00	5.6	북서	314	11.40	26.84	1.45	7.2	1.89	7.5	3.2	서	268	3.3	1023.7	-	58	
2021-02-23 20:15:00	4.5	북서	309	11.40	26.93	1.31	7.0	1.51	7.0	3.4	서	274	3.1	1023.8	-	22	
2021-02-23 20:20:00	7.9	북북동	29	11.40	27.08	1.31	6.3	1.92	7.0	3.1	서북서	294	3.1	1023.9	-	26	
2021-02-23 20:25:00	7.3	서북서	293	11.40	26.78	1.40	6.7	1.90	7.0	3.0	서북서	286	3.2	1023.9	-	53	
2021-02-23 20:30:00	7.7	북서	304	11.40	25.99	1.37	7.2	1.68	7.5	2.7	서북서	291	3.2	1023.9	-	34	
2021-02-23 20:35:00	4.6	북북서	343	11.42	27.16	1.30	7.6	1.59	7.0	2.5	서북서	295	3.3	1023.9	-	40	
2021-02-23 20:40:00	8.7	서	281	11.43	26.75	1.42	7.2	1.91	6.5	2.6	서	278	3.3	1024.0	-	57	
2021-02-23 20:45:00	7.4	북서	315	11.43	26.83	1.03	6.1	1.29	7.0	2.5	서	272	3.0	1024.0	-	5	
2021-02-23 20:50:00	8.4	서북서	293	11.43	26.34	1.42	6.9	2.76	7.0	2.4	서	279	2.9	1024.1	-	48	
2021-02-23 20:55:00	8.3	서북서	301	11.44	26.55	1.37	6.7	2.03	6.5	2.6	서	266	2.9	1024.2	-	27	
2021-02-23 21:00:00	4.7	서북서	299	11.45	25.83	1.39	7.3	1.98	6.5	2.7	서	263	2.8	1024.3	-	52	
2021-02-23 21:05:00	4.3	서	274	11.48	27.45	1.34	6.7	2.05	6.5	2.7	서남서	254	2.8	1024.3	-	41	
2021-02-23 21:10:00	9.4	북서	306	11.48	26.25	1.25	7.1	1.56	6.5	3.1	서남서	242	2.6	1024.4	-	35	
2021-02-23 21:15:00	8.8	서	280	11.49	26.75	1.51	7.0	2.09	6.5	2.6	서남서	251	2.5	1024.4	-	35	
2021-02-23 21:20:00	5.3	북서	326	11.50	26.33	1.60	6.9	2.19	6.0	2.2	서남서	257	2.5	1024.3	-	40	
2021-02-23 21:25:00	6.2	서북서	301	11.50	25.90	1.33	7.0	1.75	6.5	2.5	서남서	253	2.5	1024.3	-	30	
2021-02-23 21:30:00	9.2	북서	321	11.49	26.15	1.44	6.7	1.63	5.5	2.5	서남서	254	2.5	1024.4	-	37	
2021-02-23 21:35:00	8.7	서북서	296	11.50	27.37	1.29	6.6	1.70	6.5	2.7	서남서	251	2.5	1024.6	-	46	
2021-02-23 21:40:00	11.3	서	280	11.50	26.23	1.46	7.3	1.84	7.5	3.0	서남서	244	2.4	1024.7	-	53	
2021-02-23 21:45:00	10.4	서	267	11.50	25.98	1.43	7.1	2.20	6.5	3.2	서남서	240	2.2	1024.7	-	43	
2021-02-23 21:50:00	7.4	북서	305	11.51	26.26	1.39	6.3	1.67	5.5	2.6	서남서	243	2.2	1024.7	-	326	
2021-02-23 21:55:00	15.3	북서	310	11.50	27.20	1.37	6.9	1.67	7.0	2.8	서남서	244	2.2	1024.7	-	48	
2021-02-23 22:00:00	9.4	서북서	288	11.50	26.16	1.42	6.7	2.03	7.0	2.8	서남서	242	2.2	1024.7	-	27	
2021-02-23 22:05:00	10.1	서	267	11.50	26.05	1.43	6.8	2.16	5.5	2.9	남서	235	2.1	1024.7	-	63	
2021-02-23 22:10:00	9.4	서	280	11.49	26.13	1.50	7.4	2.03	6.5	3.4	남서	221	1.9	1024.7	-	22	
2021-02-23 22:15:00	9.4	서남서	258	11.48	26.02	1.53	7.2	2.34	7.0	3.3	남서	228	1.8	1024.7	-	24	
2021-02-23 22:20:00	14.3	서북서	287	11.48	27.23	1.33	6.9	1.87	7.5	3.0	서남서	237	2.1	1024.8	-	47	
2021-02-23 22:25:00	16.3	서북서	285	11.47	26.20	1.28	6.6	1.79	6.5	3.0	남서	231	2.2	1024.8	-	59	
2021-02-23 22:30:00	14.7	서	270	11.47	27.24	1.67	7.1	2.14	7.0	3.4	남서	223	1.8	1024.7	-	6	
2021-02-23 22:35:00	11.4	북서	305	11.47	26.22	1.39	6.6	2.10	7.0	3.6	남서	223	1.4	1024.7	-	67	
2021-02-23 22:40:00	8.1	서북서	295	11.45	26.20	1.36	6.9	1.74	6.5	3.5	남서	225	1.4	1024.8	-	39	
2021-02-23 22:45:00	10.3	서남서	252	11.45	26.07	1.17	6.8	1.42	6.0	3.2	남서	233	1.5	1024.8	-	51	
2021-02-23 22:50:00	10.1	서남서	249	11.45	26.29	1.28	6.4	1.63	6.5	3.3	남서	228	1.6	1024.8	-	41	
2021-02-23 22:55:00	6.6	서북서	297	11.46	26.15	1.47	6.7	2.16	6.0	3.1	남서	225	1.5	1024.8	-	38	
2021-02-23 23:00:00	19.5	서남서	238	11.44	25.83	1.30	6.6	1.61	6.5	3.2	남서	227	1.4	1024.7	-	52	
2021-02-23 23:05:00	19.7	북서	314	11.42	26.02	1.40	7.5	2.18	6.5	2.9	남서	233	1.6	1024.7	-	43	
2021-02-23 23:10:00	15.2	서북서	282	11.36	25.89	1.10	6.8	1.32	8.0	2.9	남서	229	1.7	1024.8	-	14	
2021-02-23 23:15:00	18.5	서북서	294	11.35	26.75	1.15	6.9	1.45	8.0	3.0	남서	225	1.6	1024.7	-	36	
2021-02-23 23:20:00	18.3	북서	307	11.37	27.11	1.33	7.4	1.72	8.0	2.6	서남서	238	1.6	1024.6	-	44	
2021-02-23 23:25:00	11.6	서	265	11.37	25.95	1.29	7.1	1.78	7.0	2.6	서남서	245	1.7	1024.6	-	41	
2021-02-23 23:30:00	16.9	서북서	297	11.37	26.46	1.08	6.8	1.87	6.5	2.7	서남서	245	1.8	1024.6	-	40	
2021-02-23 23:35:00	13.1	북	11	11.36	26.71	1.17	6.9	1.75	7.5	2.9	서남서	243	1.8	1024.6	-	26	
2021-02-23 23:40:00	8.3	서북서	301	11.35	26.69	1.28	6.7	1.62	7.0	2.5	남서	228	1.7	1024.7	-	36	
2021-02-23 23:45:00	9.1	남동	135	11.34	27.22	1.18	6.8	1.70	6.5	2.5	남서	224	1.5	1024.6	-	22	
2021-02-23 23:50:00	16.8	북서	306	11.30	26.84	1.14	6.6	1.57	5.5	2.5	서남서	238	1.5	1024.6	-	49	
2021-02-23 23:55:00	24.2	북북서	342	11.34	27.14	1.25	6.8	1.72	7.0	2.2	서남서	244	1.5	1024.6	-	47	
2021-02-24 00:00:00	9.7	서남서	239	11.36	26.84	1.33	7.0	1.84	8.5	2.6	남서	234	1.5	1024.6	-	36	
2021-02-24 00:05:00	12.0	서	281	11.38	26.74	1.17	6.7	1.79	6.5	3.2	서남서	237	1.2	1024.6	-	51	
2021-02-24 00:10:00	13.8	서북서	283	11.39	26.92	1.12	6.5	1.54	7.0	3.1	남서	228	1.1	1024.5	-	9	
2021-02-24 00:15:00	20.4	북서	307	11.38	26.73	1.14	6.1	1.43	6.5	3.2	남서	227	1.2	1024.6	-	37	
2021-02-24 00:20:00	19.8	서	272	11.40	26.99	1.14	6.9	1.47	6.0	2.8	남서	231	1.2	1024.6	-	55	
2021-02-24 00:25:00	16.2	북북서	328	11.42	27.44	1.19	6.8	1.81	6.5	2.7	서남서	249	1.6	1024.7	-	45	
2021-02-24 00:30:00	17.2	북서	312	11.41	26.68	1.40	6.6	1.94	6.5	2.8	서남서	246	1.5	1024.8	-	32	
2021-02-24 00:35:00	16.5	서	268	11.42	26.79	1.25	7.4	1.76	6.5	2.5	서남서	239	1.4	1024.8	-	359	
2021-02-24 00:40:00	4.7	서	262	11.42	26.74	1.16	6.8	1.60	6.5	2.9	서남서	241	1.4	1024.9	-	34	
2021-02-24 00:45:00	8.5	서	262	11.42	26.71	1.07	6.5	2.03	7.0	2.9	서남서	240	1.2	1024.9	-	14	
2021-02-24 00:50:00	18.4	서북서	293	11.41	26.74	1.12	6.8	1.73	6.0	3.1	서남서	242	1.3	1025.1	-	58	
2021-02-24 00:55:00	18.1	북서	310	11.40	27.08	1.27	6.8	1.70	6.5	3.6	서남서	243	1.2	1025.1	-	32	
2021-02-24 01:00:00	18.9	북서	308	11.40	26.62	1.14	6.5	1.76	6.5	3.3	서남서	246	1.3	1025.2	-	51	
2021-02-24 01:05:00	15.5	서북서	289	11.39	26.24	1.00	6.5	1.36	7.0	3.2	서남서	243	1.2	1025.2	-	356	
2021-02-24 01:10:00	19.0	서	267	11.40	26.14	1.05	7.0	1.44	7.0	3.1	서남서	242	1.3	1025.3	-	51	
2021-02-24 01:15:00	15.8	서북서	300	11.39	25.82	1.08	6.9	1.32	6.5	3.0	서남서	242	1.4	1025.3	-	37	
2021-02-24 01:20:00	14.5	서남서	244	11.38	25.79	0.95	6.6	1.45	8.5	3.2	서남서	243	1.5	1025.3	-	29	
2021-02-24 01:25:00	16.4	서	273	11.38	25.92	1.04	6.1	1.41	6.0	3.3	서남서	243	1.6	1025.4	-	65	
2021-02-24 01:30:00	13.3	북서	311	11.37	25.79	1.17	6.2	1.66	7.0	3.5	서남서	244	1.5	1025.5	-	0	
2021-02-24 01:35:00	18.2	북북서	340	11.38	25.84	1.01	6.7	1.35	7.5	3.6	서남서	252	1.5	1025.6	-	6	
2021-02-24 01:40:00	8.1	북동	54	11.38	25.87	1.12	7.0	1.50	6.0	3.8	서남서	243	1.4	1025.7	-	47	
2021-02-24 01:45:00	17.3	북서	311	11.36	25.84	1.27	7.4	1.75	6.5	3.9	서남서	248	1.4	1025.7	-	51	
2021-02-24 01:50:00	16.5	서북서	301	11.36	26.05	0.95	6.8	1.27	5.5	3.7	서남서	252	1.7	1025.8	-	50	
2021-02-24 01:55:00	21.2	서북서	302	11.34	25.95	0.96	6.9	1.26	6.5	4.1	서남서	247	1.4	1025.8	-	20	
2021-02-24 02:00:00	11.0	서	274	11.34	26.72	0.96	6.7	1.30	6.5	4.2	서남서	242	1.3	1025.9	-	33	
2021-02-24 02:05:00	17.7	북북서	338	11.34	27.01	0.96	7.3	1.19	7.0	3.9	서남서	245	1.4	1025.8	-	44	
2021-02-24 02:10:00	19.6	북서	307	11.32	27.04	0.87	6.4	1.14	5.0	3.7	서남서	249	1.4	1025.8	-	37	
2021-02-24 02:15:00	13.4	서북서	291	11.32	27.12	0.93	6.3	1.27	6.5	4.0	서남서	245	1.3	1025.7	-	26	
2021-02-24 02:20:00	15.9	북	355	11.31	26.57	1.08	6.2	1.53	5.5	4.2	서남서	240	1.3	1025.7	-	26	
2021-02-24 02:25:00	13.6	북북서	343	11.30	26.56	1.02	7.0	1.38	7.0	4.1	서남서	240	1.4	1025.8	-	58	
2021-02-24 02:30:00	16.1	북서	315	11.30	26.60	1.07	7.0	1.39	8.5	4.3	서남서	244	1.3	1025.9	-	37	
2021-02-24 02:35:00	17.8	서북서	301	11.31	26.45	0.98	7.0	1.18	7.0	4.7	서남서	242	1.0	1025.9	-	69	
2021-02-24 02:40:00	25.1	서북서	302	11.32	26.35	0.88	6.6	1.29	6.5	4.6	서남서	239	1.1	1025.9	-	21	
2021-02-24 02:45:00	19.3	북서	310	11.33	26.63	0.89	5.9	1.57	6.5	4.8	서남서	241	1.2	1025.9	-	69	
2021-02-24 02:50:00	22.9	북서	312	11.33	26.89	1.05	6.5	1.62	5.0	4.6	남서	236	1.3	1025.9	-	51	
2021-02-24 02:55:00	24.1	북서	320	11.35	26.04	1.02	6.5	1.35	5.5	4.6	서남서	243	1.3	1026.0	-	59	
2021-02-24 03:00:00	20.8	서북서	294	11.35	25.93	1.00	6.5	1.36	6.5	4.8	서남서	242	1.3	1025.9	-	67	
2021-02-24 03:05:00	19.8	북서	312	11.35	25.84	0.90	6.7	1.08	8.0	5.0	서남서	241	1.3	1025.9	-	45	
2021-02-24 03:10:00	28.1	북북서	332	11.36	26.02	0.88	6.5	1.08	7.0	4.5	서남서	244	1.2	1025.9	-	43	
2021-02-24 03:15:00	18.8	북	350	11.35	26.64	0.97	6.4	1.21	5.5	4.7	서남서	241	1.2	1025.9	-	60	
2021-02-24 03:20:00	19.1	서북서	295	11.36	26.81	0.94	6.6	1.39	5.5	4.8	서남서	239	1.1	1025.9	-	71	
2021-02-24 03:25:00	24.8	북서	314	11.35	26.92	0.90	6.8	1.12	7.0	4.6	서남서	245	1.3	1026.0	-	92	
2021-02-24 03:30:00	18.2	서북서	295	11.34	27.05	0.87	6.2	1.11	5.5	4.6	서남서	242	1.3	1026.0	-	76	
2021-02-24 03:35:00	20.1	북서	325	11.37	26.85	0.82	6.5	1.45	5.5	4.6	서남서	246	1.2	1025.9	-	350	
2021-02-24 03:40:00	19.4	북서	306	11.36	26.47	0.86	6.0	1.27	6.5	4.6	서남서	244	1.1	1025.9	-	51	
2021-02-24 03:45:00	21.5	북북서	328	11.36	27.31	0.88	6.6	1.19	6.5	4.2	서남서	246	1.3	1025.9	-	61	
2021-02-24 03:50:00	26.5	서북서	294	11.36	26.50	0.83	5.8	1.32	6.0	4.2	서남서	241	1.4	1026.0	-	26	
2021-02-24 03:55:00	17.8	북서	311	11.35	26.39	0.79	6.4	1.08	5.0	4.5	서남서	244	1.4	1026.0	-	60	
2021-02-24 04:00:00	29.3	북서	304	11.36	26.70	0.72	6.5	0.98	4.5	4.5	서남서	241	1.5	1025.9	-	72	
2021-02-24 04:05:00	18.1	서북서	283	11.36	26.64	0.78	6.5	1.02	8.5	4.4	서남서	247	1.5	1025.8	-	64	
2021-02-24 04:10:00	25.0	서북서	299	11.37	27.24	0.75	6.4	0.93	8.5	4.5	서남서	248	1.3	1025.9	-	29	
2021-02-24 04:15:00	13.2	북서	307	11.37	26.44	0.77	6.7	0.98	6.5	4.6	서남서	247	1.4	1025.9	-	67	
2021-02-24 04:20:00	19.1	서북서	303	11.38	26.51	0.86	6.4	1.24	6.0	4.6	서남서	247	1.4	1025.9	-	27	
2021-02-24 04:25:00	30.3	서북서	292	11.38	26.94	0.87	5.9	1.23	8.5	4.5	서남서	248	1.4	1026.0	-	11	
2021-02-24 04:30:00	38.1	북서	324	11.37	26.45	1.00	7.1	1.64	6.0	4.5	서남서	249	1.4	1026.0	-	77	
2021-02-24 04:35:00	29.2	서북서	300	11.36	26.49	0.89	6.7	1.14	5.5	4.4	서남서	249	1.5	1026.0	-	34	
2021-02-24 04:40:00	21.9	북서	325	11.34	26.43	0.78	6.5	1.04	5.0	4.2	서남서	252	1.4	1026.1	-	31	
2021-02-24 04:45:00	18.7	서북서	292	11.35	27.01	0.79	6.3	1.12	7.0	3.8	서남서	252	1.4	1026.1	-	30	
2021-02-24 04:50:00	22.5	서북서	298	11.36	27.38	0.82	6.5	0.97	7.5	3.7	서남서	257	1.6	1026.1	-	69	
2021-02-24 04:55:00	12.6	북서	319	11.35	26.60	0.81	6.5	0.98	7.5	4.1	서남서	256	1.4	1026.2	-	5	
2021-02-24 05:00:00	12.5	북서	316	11.34	26.61	0.74	6.4	1.05	6.0	4.1	서남서	253	1.4	1026.1	-	45	
2021-02-24 05:05:00	12.5	서북서	301	11.34	26.99	0.86	6.9	1.01	6.0	3.7	서남서	254	1.7	1026.2	-	85	
2021-02-24 05:10:00	16.4	북북서	334	11.34	27.05	0.63	5.6	0.88	6.0	4.7	서남서	239	1.6	1026.3	-	57	
2021-02-24 05:15:00	11.4	북서	319	11.33	26.25	0.81	7.1	0.98	7.0	4.7	서남서	242	1.5	1026.2	-	51	
2021-02-24 05:20:00	17.3	북북서	331	11.33	26.16	0.84	6.6	1.10	6.5	4.3	서남서	253	1.6	1026.2	-	38	
2021-02-24 05:25:00	10.5	북	4	11.32	26.16	0.79	7.1	1.10	8.0	3.8	서남서	247	1.8	1026.2	-	58	
2021-02-24 05:30:00	14.5	서북서	287	11.31	26.32	0.91	6.3	1.15	6.5	4.0	서남서	247	1.7	1026.2	-	72	
2021-02-24 05:35:00	15.0	북북서	346	11.30	26.12	0.92	6.7	1.22	7.0	4.1	서남서	249	1.6	1026.2	-	38	
2021-02-24 05:40:00	18.9	서북서	296	11.29	26.44	0.80	6.4	1.09	7.0	4.0	서남서	241	1.4	1026.2	-	50	
2021-02-24 05:45:00	19.4	북북서	340	11.28	26.40	0.86	5.7	1.04	5.5	3.6	서남서	250	1.4	1026.3	-	47	
2021-02-24 05:50:00	18.1	서북서	282	11.29	26.34	1.03	6.3	1.95	6.5	3.7	서남서	244	1.3	1026.3	-	51	
2021-02-24 05:55:00	14.9	북서	312	11.29	26.13	0.80	6.5	1.39	7.0	3.9	서남서	238	1.3	1026.3	-	54	
2021-02-24 06:00:00	12.5	서북서	303	11.28	26.27	0.81	7.2	1.06	7.5	4.2	서남서	243	1.4	1026.3	-	41	
2021-02-24 06:05:00	12.9	북서	313	11.27	26.14	0.89	6.9	1.14	5.5	4.4	서남서	246	1.3	1026.3	-	53	
2021-02-24 06:10:00	13.9	북서	325	11.27	26.13	1.01	6.5	1.16	6.5	4.3	서남서	248	1.3	1026.3	-	40	
2021-02-24 06:15:00	18.5	서북서	298	11.27	26.05	0.87	7.0	1.19	6.0	4.3	서남서	247	1.3	1026.3	-	50	
2021-02-24 06:20:00	18.6	서북서	302	11.28	26.99	0.84	6.1	1.24	6.5	4.6	서남서	247	1.4	1026.3	-	49	
2021-02-24 06:25:00	16.2	북서	307	11.27	26.66	0.90	6.4	1.11	6.5	4.3	서남서	249	1.4	1026.3	-	49	
2021-02-24 06:30:00	13.5	북서	313	11.27	25.85	0.78	6.3	1.06	7.0	4.1	서남서	246	1.6	1026.3	-	70	
2021-02-24 06:35:00	25.7	서북서	302	11.27	25.85	0.99	6.1	1.62	6.0	4.2	서남서	252	1.6	1026.2	-	28	
2021-02-24 06:40:00	28.3	북북서	345	11.29	25.94	0.91	6.8	1.06	8.0	3.6	서	269	1.7	1026.3	-	62	
2021-02-24 06:45:00	29.8	북	359	11.30	26.66	0.98	6.6	1.22	6.0	3.4	서	280	1.7	1026.3	-	52	
2021-02-24 06:50:00	20.4	서	278	11.34	26.44	0.95	6.9	1.35	7.5	3.0	서	273	1.5	1026.3	-	29	
2021-02-24 06:55:00	36.8	서	265	11.34	25.59	1.03	6.9	1.33	6.0	2.6	서북서	282	1.5	1026.4	-	45	
2021-02-24 07:00:00	46.2	서북서	294	11.34	25.69	1.02	6.7	1.30	8.0	3.1	서	280	1.4	1026.4	-	47	
2021-02-24 07:05:00	27.2	북서	307	11.35	26.29	1.01	6.7	1.27	7.5	3.1	서	273	1.4	1026.4	-	33	
2021-02-24 07:10:00	25.1	북서	325	11.34	26.26	1.01	6.3	1.35	5.5	3.2	서	271	1.3	1026.4	-	25	
2021-02-24 07:15:00	28.7	서북서	294	11.34	26.18	1.15	6.2	1.88	6.5	3.4	서	266	1.6	1026.5	-	10	
2021-02-24 07:20:00	44.2	북서	313	11.34	26.26	0.87	6.4	1.55	5.5	2.8	서남서	258	1.7	1026.6	-	9	
2021-02-24 07:25:00	24.3	서	271	11.35	26.10	1.04	6.0	1.35	6.5	2.9	서남서	252	1.7	1026.6	-	19	
2021-02-24 07:30:00	16.4	서남서	253	11.36	26.20	1.05	6.5	1.52	6.0	3.3	서남서	251	1.7	1026.6	-	40	
2021-02-24 07:35:00	40.2	북서	323	11.34	26.15	1.16	6.5	1.68	6.0	2.9	서	276	1.9	1026.7	-	24	
2021-02-24 07:40:00	11.2	서북서	287	11.35	26.28	0.94	6.1	1.26	5.5	2.9	서	270	2.0	1026.8	-	26	
2021-02-24 07:45:00	14.7	서	272	11.37	26.06	0.89	5.7	1.12	5.5	2.9	서	280	1.9	1026.9	-	26	
2021-02-24 07:50:00	14.6	북서	306	11.37	26.10	0.99	6.0	1.27	6.5	3.3	서북서	289	1.9	1027.0	-	168	
2021-02-24 07:55:00	26.1	서북서	290	11.37	26.16	1.08	6.4	1.29	5.5	3.6	서	279	2.0	1027.0	-	10	
2021-02-24 08:00:00	12.3	북	10	11.36	26.10	1.03	6.0	1.87	6.5	3.3	서	278	2.1	1027.1	-	16	
2021-02-24 08:05:00	12.8	북	350	11.36	26.18	0.99	6.3	1.47	6.5	3.5	서북서	283	2.0	1027.2	-	357	
2021-02-24 08:10:00	13.8	서북서	294	11.36	26.17	0.95	6.0	1.15	6.5	3.6	서	281	2.1	1027.3	-	2	
2021-02-24 08:15:00	31.4	서북서	302	11.36	26.11	1.03	6.5	1.56	6.5	3.6	서	278	1.9	1027.4	-	13	
2021-02-24 08:20:00	39.6	북북서	328	11.37	26.09	1.04	6.1	1.55	6.0	3.7	서	277	2.0	1027.4	-	21	
2021-02-24 08:25:00	19.0	북	9	11.38	26.20	0.96	6.0	1.27	6.0	4.0	서북서	291	2.3	1027.4	-	5	
2021-02-24 08:30:00	17.1	북	350	11.38	26.11	0.98	6.1	1.45	6.0	4.4	서북서	294	2.3	1027.4	-	358	
2021-02-24 08:35:00	23.8	서북서	303	11.36	26.07	0.92	6.0	1.05	5.5	4.4	서북서	292	2.4	1027.4	-	25	
2021-02-24 08:40:00	7.1	서	265	11.36	26.18	0.93	5.8	1.15	6.0	4.3	서북서	293	2.5	1027.4	-	356	
2021-02-24 08:45:00	6.5	북북동	20	11.36	26.07	1.00	6.0	1.40	6.5	4.3	서북서	302	2.7	1027.4	-	14	
2021-02-24 08:50:00	13.6	서남서	249	11.35	25.83	1.12	6.4	1.63	6.5	4.8	북서	309	2.5	1027.5	-	39	
2021-02-24 08:55:00	34.3	북북서	332	11.36	26.07	1.03	5.7	1.28	6.5	5.1	북서	309	2.7	1027.6	-	25	
2021-02-24 09:00:00	11.2	북북동	22	11.35	26.05	1.00	6.5	1.55	6.5	4.8	북서	311	2.8	1027.7	-	48	
2021-02-24 09:05:00	13.4	북동	40	11.35	26.09	0.89	6.3	1.27	5.5	5.1	북서	318	2.7	1027.7	-	22	
2021-02-24 09:10:00	6.4	서	261	11.34	26.18	0.86	6.4	1.22	7.0	5.0	북서	312	2.6	1027.7	-	17	
2021-02-24 09:15:00	5.9	서북서	282	11.34	26.01	0.94	5.9	1.39	6.5	5.0	북서	314	2.7	1027.7	-	53	
2021-02-24 09:20:00	6.1	서북서	284	11.34	26.11	0.91	5.7	1.37	6.5	5.1	북서	319	2.9	1027.6	-	37	
2021-02-24 09:25:00	7.9	북서	314	11.35	26.24	1.14	6.6	1.77	6.0	4.5	북서	309	3.0	1027.7	-	28	
2021-02-24 09:30:00	2.5	서북서	288	11.35	26.32	1.03	5.7	1.53	6.5	4.3	북서	314	3.0	1027.7	-	32	
2021-02-24 09:35:00	8.0	서	280	11.35	25.55	1.10	5.6	1.41	6.5	4.3	서북서	302	3.0	1027.7	-	46	
2021-02-24 09:40:00	7.3	서북서	288	11.35	26.04	0.83	6.3	1.05	7.0	4.8	북서	304	3.1	1027.7	-	60	
2021-02-24 09:45:00	10.1	서북서	292	11.35	25.93	1.01	6.0	1.19	5.5	4.5	서북서	298	3.2	1027.7	-	359	
2021-02-24 09:50:00	13.2	서북서	287	11.35	26.68	0.97	6.7	1.36	5.5	4.4	북서	309	3.2	1027.8	-	51	
2021-02-24 09:55:00	6.1	서북서	297	11.35	25.92	0.94	6.3	1.31	7.0	4.3	북서	308	3.4	1027.8	-	36	
2021-02-24 10:00:00	6.2	북북서	332	11.36	25.79	0.96	5.9	1.38	6.0	4.4	북서	324	3.7	1027.9	-	19	
2021-02-24 10:05:00	4.4	북북서	339	11.36	25.79	0.82	5.7	1.39	7.0	4.5	북서	326	3.7	1027.9	-	52	
2021-02-24 10:10:00	5.6	서북서	286	11.36	25.70	0.80	6.4	1.13	6.0	4.2	북북서	338	3.8	1027.9	-	55	
2021-02-24 10:15:00	3.3	서북서	295	11.36	26.54	0.87	5.9	1.40	5.0	4.0	북북서	328	3.8	1027.9	-	1	
2021-02-24 10:20:00	5.5	북북서	339	11.37	26.71	0.90	6.1	1.35	5.5	4.4	북북서	327	3.9	1027.8	-	22	
2021-02-24 10:25:00	7.5	북북동	21	11.37	26.39	0.90	6.0	1.32	6.5	4.0	북북서	342	4.1	1027.8	-	40	
2021-02-24 10:30:00	2.2	동남동	113	11.37	26.66	0.87	5.7	1.29	5.5	3.9	북서	318	3.9	1027.9	-	19	
2021-02-24 10:35:00	4.6	서	275	11.37	25.80	0.92	6.2	1.38	7.5	4.2	북서	322	3.8	1027.9	-	66	
2021-02-24 10:40:00	4.6	서	262	11.37	26.35	0.90	5.9	1.14	6.5	3.9	북북서	336	3.9	1027.9	-	24	
2021-02-24 10:45:00	4.4	서	266	11.36	26.72	0.86	5.8	1.32	5.5	3.9	북북서	338	3.9	1027.8	-	71	
2021-02-24 10:50:00	7.8	서북서	287	11.37	26.27	0.87	5.9	1.20	5.5	4.4	북북서	338	3.9	1027.9	-	56	
2021-02-24 10:55:00	1.8	서북서	291	11.38	26.58	0.79	5.7	1.11	6.5	3.7	북북서	328	3.8	1027.9	-	105	
2021-02-24 11:00:00	3.8	북서	322	11.38	26.83	0.85	6.1	1.18	6.5	3.3	북서	313	3.9	1027.8	-	87	
2021-02-24 11:05:00	5.4	북서	320	11.36	25.96	0.80	6.0	1.06	5.5	3.3	북북서	335	4.1	1027.8	-	55	
2021-02-24 11:10:00	11.2	북서	304	11.36	25.87	0.85	6.1	1.23	7.0	3.5	북북서	334	4.3	1027.8	-	61	
2021-02-24 11:15:00	6.9	서남서	242	11.37	26.35	0.93	5.8	1.38	4.5	3.4	북북서	334	4.3	1027.8	-	18	
2021-02-24 11:20:00	11.7	서	265	11.38	26.35	0.78	5.2	1.25	6.5	4.2	북북서	330	4.0	1027.8	-	80	
2021-02-24 11:25:00	16.5	북	360	11.38	26.65	0.83	6.8	1.20	6.0	3.7	북북서	344	4.4	1027.8	-	63	
2021-02-24 11:30:00	23.3	북서	315	11.38	26.94	0.93	6.0	1.27	5.5	3.3	북북서	345	4.5	1027.7	-	48	
2021-02-24 11:35:00	6.0	북서	321	11.38	26.14	0.98	5.9	1.61	6.0	3.0	북북서	338	4.4	1027.6	-	49	
2021-02-24 11:40:00	16.0	북	352	11.38	26.37	1.03	6.0	1.49	6.5	2.8	북	357	4.4	1027.5	-	10	
2021-02-24 11:45:00	23.1	서남서	247	11.39	25.99	1.01	6.6	1.51	5.5	2.5	북북서	348	4.5	1027.5	-	85	
2021-02-24 11:50:00	11.0	서북서	290	11.39	26.12	0.82	6.0	0.94	6.5	2.9	북서	325	4.5	1027.5	-	61	
2021-02-24 11:55:00	17.3	서북서	300	11.41	26.47	0.80	6.0	1.12	5.5	2.7	북북서	344	4.4	1027.4	-	37	
2021-02-24 12:00:00	14.8	북서	305	11.42	26.12	0.82	6.0	1.27	7.5	3.1	북북서	346	4.5	1027.3	-	72	
2021-02-24 12:05:00	14.6	북서	324	11.42	26.57	0.81	5.4	1.16	5.5	3.0	북	356	4.3	1027.3	-	17	
2021-02-24 12:10:00	11.1	북	351	11.42	25.88	0.83	5.6	1.10	6.0	3.3	북	7	4.8	1027.2	-	357	
2021-02-24 12:15:00	20.9	서남서	254	11.44	25.78	0.88	6.5	1.12	7.0	3.7	북	3	4.8	1027.2	-	66	
2021-02-24 12:20:00	17.4	서남서	253	11.44	25.99	0.88	6.0	1.19	6.0	3.5	북	6	4.7	1027.1	-	61	
2021-02-24 12:25:00	16.1	서북서	304	11.46	25.40	0.89	5.7	1.16	4.0	3.1	북	7	4.8	1027.0	-	67	
2021-02-24 12:30:00	5.0	남남동	166	11.50	25.65	0.79	5.4	1.14	5.5	4.2	북북동	22	4.9	1026.9	-	86	
2021-02-24 12:35:00	20.0	서	264	11.51	25.68	0.98	6.3	1.17	7.5	3.2	북북동	22	4.8	1026.9	-	84	
2021-02-24 12:40:00	31.3	서북서	300	11.51	26.64	0.78	5.1	1.37	6.0	3.6	북	8	4.9	1026.8	-	47	
2021-02-24 12:45:00	10.5	남	169	11.51	26.32	0.87	5.2	1.13	5.5	3.6	북북동	19	4.8	1026.8	-	75	
2021-02-24 12:50:00	4.2	동남동	111	11.52	25.69	0.88	6.0	1.17	6.5	3.5	북북동	15	4.9	1026.7	-	72	
2021-02-24 12:55:00	3.8	서	259	11.53	26.31	0.90	6.0	1.20	5.5	4.0	북북동	32	4.9	1026.7	-	83	
2021-02-24 13:00:00	10.6	서북서	289	11.55	25.87	0.83	5.5	1.16	4.5	3.7	북	4	4.9	1026.8	-	54	
2021-02-24 13:05:00	15.6	남남동	150	11.55	26.00	0.84	5.5	1.42	6.0	4.1	북	3	5.0	1026.7	-	64	
2021-02-24 13:10:00	24.9	남서	223	11.57	25.94	0.85	5.6	1.19	5.0	3.6	북	11	4.8	1026.7	-	78	
2021-02-24 13:15:00	15.3	서북서	289	11.57	26.14	0.84	6.7	1.07	6.5	3.3	북북동	17	4.9	1026.6	-	64	
2021-02-24 13:20:00	5.4	서남서	243	11.57	26.77	0.76	6.3	1.02	6.5	3.0	북	7	4.9	1026.6	-	62	
2021-02-24 13:25:00	22.2	서	270	11.57	25.87	0.88	5.9	1.26	7.0	2.7	북	4	5.0	1026.5	-	47	
2021-02-24 13:30:00	10.1	남서	222	11.58	26.74	0.76	5.9	1.10	6.5	3.7	북북동	28	5.2	1026.4	-	78	
2021-02-24 13:35:00	27.2	남서	228	11.58	26.40	0.80	5.2	0.96	6.0	3.4	북동	45	4.8	1026.4	-	48	
2021-02-24 13:40:00	21.6	서북서	296	11.60	25.85	0.84	5.7	1.21	6.5	3.8	북동	37	5.0	1026.4	-	75	
2021-02-24 13:45:00	3.1	서북서	286	11.60	27.15	0.94	6.4	1.27	7.0	4.4	북북동	20	4.9	1026.3	-	65	
2021-02-24 13:50:00	15.7	서남서	258	11.60	26.61	0.78	6.8	0.92	6.5	3.1	북북동	19	4.9	1026.4	-	80	
2021-02-24 13:55:00	18.7	서	259	11.60	26.66	0.83	6.6	1.10	7.5	3.3	북북동	20	5.1	1026.5	-	86	
2021-02-24 14:00:00	18.0	남남서	202	11.60	26.42	0.93	6.2	1.25	6.5	3.1	북북동	24	5.1	1026.5	-	61	
2021-02-24 14:05:00	12.6	남남동	167	11.61	26.03	0.86	6.4	1.07	7.0	2.4	북	7	5.0	1026.6	-	79	
2021-02-24 14:10:00	15.5	서북서	282	11.61	26.77	0.92	6.2	1.44	7.5	2.9	북동	38	5.3	1026.7	-	69	
2021-02-24 14:15:00	14.5	북북서	335	11.61	26.13	0.91	6.5	1.13	6.0	3.0	북동	46	5.2	1026.6	-	64	
2021-02-24 14:20:00	25.3	남서	222	11.61	25.91	0.83	6.5	1.27	8.0	2.9	북북동	32	4.9	1026.6	-	77	
2021-02-24 14:25:00	5.9	남	185	11.62	26.23	0.88	5.7	1.43	6.0	2.6	북동	44	4.9	1026.6	-	25	
2021-02-24 14:30:00	11.6	남서	225	11.61	26.04	0.83	6.0	1.20	5.0	2.6	북북동	32	5.0	1026.6	-	80	
2021-02-24 14:35:00	16.0	서북서	283	11.59	26.30	0.81	6.8	1.14	7.5	2.2	북북동	17	5.3	1026.5	-	71	
2021-02-24 14:40:00	4.0	남남서	203	11.57	26.42	0.77	6.4	1.38	6.5	2.6	북북동	15	5.2	1026.4	-	91	
2021-02-24 14:45:00	5.4	북	352	11.61	25.79	0.76	6.7	1.00	6.5	2.9	북북동	26	5.2	1026.3	-	69	
2021-02-24 14:50:00	20.2	서	280	11.62	25.99	0.76	6.6	1.04	5.5	2.3	북북동	26	5.2	1026.3	-	68	
2021-02-24 14:55:00	12.1	서남서	253	11.62	26.33	0.90	6.3	1.32	6.0	2.3	북북동	21	5.2	1026.3	-	47	
2021-02-24 15:00:00	9.1	남남서	205	11.63	27.11	0.85	6.0	1.19	5.5	2.9	북동	42	5.2	1026.2	-	74	
2021-02-24 15:05:00	15.9	서북서	290	11.65	25.80	0.83	5.9	1.28	5.0	2.2	동북동	63	5.0	1026.2	-	81	
2021-02-24 15:10:00	11.0	북	355	11.65	25.56	0.84	6.1	1.16	5.5	2.5	동북동	59	5.0	1026.2	-	73	
2021-02-24 15:15:00	9.4	서남서	248	11.64	25.44	0.93	6.4	1.27	8.0	3.5	동북동	59	5.1	1026.2	-	78	
2021-02-24 15:20:00	18.7	서북서	281	11.63	26.03	0.70	5.6	0.97	5.0	2.6	동북동	64	5.1	1026.2	-	39	
2021-02-24 15:25:00	0.6	북	7	11.64	26.29	0.75	6.5	0.95	5.5	2.5	동	81	5.0	1026.2	-	80	
2021-02-24 15:30:00	19.8	서북서	283	11.60	26.22	0.74	6.4	1.02	7.5	2.7	동	81	5.0	1026.1	-	71	
2021-02-24 15:35:00	19.6	북북서	329	11.55	25.99	0.80	6.5	1.01	5.5	2.7	동	82	5.0	1026.0	-	80	
2021-02-24 15:40:00	14.1	서북서	297	11.60	26.64	0.83	5.8	1.15	5.5	3.0	동	86	5.1	1025.9	-	68	
2021-02-24 15:45:00	18.7	서북서	287	11.61	26.40	0.88	6.3	1.33	7.0	3.1	동	96	4.9	1025.9	-	70	
2021-02-24 15:50:00	8.9	서남서	238	11.62	25.79	0.85	6.4	1.23	6.5	3.9	동북동	69	4.8	1025.9	-	75	
2021-02-24 15:55:00	7.6	서	268	11.64	25.85	0.72	5.9	0.90	6.5	3.1	동북동	78	4.9	1026.1	-	55	
2021-02-24 16:00:00	10.1	남남동	160	11.63	25.73	0.72	6.1	0.84	5.0	2.6	동북동	69	4.9	1026.1	-	56	
2021-02-24 16:05:00	10.3	서	280	11.63	26.11	0.79	6.3	0.97	6.0	1.8	동북동	78	5.0	1026.0	-	64	
2021-02-24 16:10:00	11.0	북북동	33	11.63	26.01	0.74	6.4	1.15	6.5	3.4	동	84	4.9	1026.0	-	19	
2021-02-24 16:15:00	13.1	북북서	345	11.61	25.62	0.90	6.5	1.17	6.5	4.0	동	92	4.8	1026.0	-	56	
2021-02-24 16:20:00	22.0	서북서	296	11.61	26.04	0.78	6.0	1.07	5.0	2.7	동	94	5.0	1025.8	-	76	
2021-02-24 16:25:00	8.5	북북서	341	11.62	25.67	0.87	6.2	1.33	6.0	2.8	동남동	103	5.0	1025.8	-	72	
2021-02-24 16:30:00	14.0	북북동	30	11.62	25.45	0.78	5.8	1.05	5.0	3.5	동	86	4.9	1025.7	-	29	
2021-02-24 16:35:00	12.4	서북서	292	11.61	26.04	0.81	6.5	0.92	6.5	3.2	동	98	4.8	1025.7	-	72	
2021-02-24 16:40:00	16.6	북서	322	11.60	25.92	0.94	5.9	1.18	6.0	4.5	동	99	5.0	1025.5	-	29	
2021-02-24 16:45:00	7.6	북북서	337	11.59	26.64	0.85	6.2	1.24	7.0	3.7	동남동	118	4.9	1025.7	-	12	
2021-02-24 16:50:00	10.2	북북서	348	11.57	26.08	0.86	6.4	1.23	6.0	3.2	동남동	119	4.8	1025.7	-	33	
2021-02-24 16:55:00	11.7	북북서	344	11.59	26.48	0.77	6.3	1.09	4.5	3.3	동남동	114	4.8	1025.7	-	57	
2021-02-24 17:00:00	8.7	북북동	19	11.60	26.05	0.82	6.0	1.14	6.0	4.2	동남동	111	4.8	1025.6	-	72	
2021-02-24 17:05:00	8.9	북	6	11.59	25.88	0.79	5.8	1.01	6.5	3.8	동남동	110	4.9	1025.5	-	22	
2021-02-24 17:10:00	11.9	북북동	32	11.60	26.20	0.76	6.6	1.08	6.0	4.3	동남동	109	5.0	1025.6	-	75	
2021-02-24 17:15:00	13.8	북	10	11.60	25.73	0.74	5.9	1.05	6.0	3.8	동남동	115	4.9	1025.6	-	83	
2021-02-24 17:20:00	9.2	서	276	11.60	26.32	0.82	6.4	1.08	6.0	3.9	남남동	147	4.8	1025.7	-	65	
2021-02-24 17:25:00	10.0	북북서	347	11.59	26.59	0.82	5.8	1.12	6.5	3.9	동남동	111	4.8	1025.5	-	57	
2021-02-24 17:30:00	6.1	북북동	13	11.59	26.48	0.80	6.4	1.01	7.0	3.6	동남동	119	4.8	1025.4	-	21	
2021-02-24 17:35:00	7.3	북	353	11.58	26.17	0.87	6.8	1.01	7.0	4.5	동남동	110	4.8	1025.4	-	72	
2021-02-24 17:40:00	11.2	북	6	11.58	26.33	0.74	6.3	1.00	6.0	3.1	동남동	121	4.7	1025.5	-	65	
2021-02-24 17:45:00	8.0	북북동	18	11.58	26.12	0.87	6.4	1.20	6.5	4.5	동남동	120	4.6	1025.4	-	43	
2021-02-24 17:50:00	7.7	북북동	22	11.57	26.20	0.83	7.2	1.06	6.5	3.3	남동	128	4.5	1025.3	-	73	
2021-02-24 17:55:00	6.4	북북동	17	11.57	26.35	0.83	5.8	1.13	5.5	4.1	남동	132	4.6	1025.3	-	61	
2021-02-24 18:00:00	8.0	북	2	11.56	26.11	0.79	5.9	1.27	6.0	4.5	남동	128	4.7	1025.3	-	29	
2021-02-24 18:05:00	5.8	북북서	347	11.56	26.58	0.71	6.3	0.99	8.0	3.6	남동	126	4.5	1025.3	-	57	
2021-02-24 18:10:00	8.5	북	0	11.55	27.10	0.73	6.0	0.94	7.0	3.8	남동	124	4.6	1025.3	-	50	
2021-02-24 18:15:00	6.1	북북서	344	11.55	25.56	0.71	6.2	0.95	7.0	3.8	동남동	117	4.6	1025.4	-	57	
2021-02-24 18:20:00	4.6	북동	44	11.54	26.12	0.78	6.1	1.22	6.0	3.2	동남동	105	4.6	1025.4	-	24	
2021-02-24 18:25:00	6.3	서북서	300	11.54	25.56	0.85	6.2	1.18	6.5	3.8	남동	142	4.6	1025.4	-	56	
2021-02-24 18:30:00	4.1	북북서	331	11.54	26.88	0.75	6.6	1.05	6.0	4.1	남동	136	4.8	1025.4	-	80	
2021-02-24 18:35:00	5.1	북북서	327	11.53	26.59	0.73	7.0	0.97	6.0	3.1	남동	143	4.7	1025.4	-	55	
2021-02-24 18:40:00	5.1	북	359	11.53	26.14	0.74	6.4	1.00	6.0	3.8	남동	129	4.7	1025.4	-	59	
2021-02-24 18:45:00	2.9	서북서	297	11.53	27.01	0.77	6.1	0.96	7.0	3.6	남동	128	4.7	1025.4	-	72	
2021-02-24 18:50:00	3.4	북서	319	11.53	26.61	0.82	6.6	1.16	6.0	3.7	동남동	121	4.8	1025.4	-	7	
2021-02-24 18:55:00	6.1	서북서	293	11.52	27.08	0.73	5.7	1.00	6.0	4.3	남동	133	4.8	1025.4	-	56	
2021-02-24 19:00:00	5.6	북북서	337	11.52	27.55	0.81	6.5	0.97	5.5	3.8	동남동	120	4.8	1025.4	-	81	
2021-02-24 19:05:00	5.0	북북서	330	11.51	26.81	0.79	6.7	1.21	6.5	3.7	남동	128	4.8	1025.4	-	62	
2021-02-24 19:10:00	4.2	북	351	11.50	26.66	0.88	6.7	1.33	6.0	4.0	남동	126	4.8	1025.5	-	61	
2021-02-24 19:15:00	7.2	북북서	341	11.49	26.66	0.76	6.8	1.01	5.5	3.4	남동	126	4.9	1025.6	-	51	
2021-02-24 19:20:00	1.7	북서	308	11.50	27.28	0.64	6.0	0.88	5.5	3.7	남남동	158	5.0	1025.6	-	46	
2021-02-24 19:25:00	2.9	남서	214	11.49	26.25	0.85	5.8	1.05	6.0	4.2	남동	145	5.0	1025.7	-	53	
2021-02-24 19:30:00	4.2	서남서	245	11.48	26.68	0.75	6.9	1.02	7.0	3.6	남동	137	4.8	1025.7	-	60	
2021-02-24 19:35:00	5.2	북서	314	11.47	26.86	0.83	6.3	1.21	6.5	3.4	남	179	4.9	1025.7	-	66	
2021-02-24 19:40:00	4.5	북	351	11.47	26.47	0.77	6.2	1.06	7.0	3.5	남남서	196	4.7	1025.7	-	57	
2021-02-24 19:45:00	4.8	서북서	294	11.47	26.53	0.69	6.3	0.98	5.5	3.3	남남서	196	4.5	1025.7	-	73	
2021-02-24 19:50:00	6.5	서북서	282	11.45	26.47	0.67	6.3	0.97	5.5	3.4	남	191	4.6	1025.7	-	58	
2021-02-24 19:55:00	6.0	서북서	287	11.44	25.50	0.81	6.2	1.16	7.0	3.7	남남서	196	4.5	1025.7	-	56	
2021-02-24 20:00:00	8.8	북서	314	11.43	26.43	0.66	6.6	0.94	7.0	3.4	남남서	200	4.4	1025.7	-	86	
2021-02-24 20:05:00	4.0	남남동	155	11.42	26.98	0.74	6.3	0.99	5.5	3.2	남남서	201	4.3	1025.7	-	52	
2021-02-24 20:10:00	9.7	서	263	11.42	27.39	0.76	6.1	1.08	6.5	3.3	남남서	199	4.3	1025.8	-	357	
2021-02-24 20:15:00	9.4	서	261	11.42	26.51	0.78	6.5	1.11	6.0	3.4	남남서	202	4.3	1025.8	-	57	
2021-02-24 20:20:00	8.7	서남서	241	11.42	26.39	0.93	7.2	1.35	8.0	3.3	남남서	204	4.4	1025.8	-	40	
2021-02-24 20:25:00	9.5	남서	230	11.42	26.58	0.73	5.7	1.34	6.5	3.7	남남서	211	4.2	1025.8	-	32	
2021-02-24 20:30:00	13.5	서남서	256	11.42	26.82	0.88	7.1	1.29	6.5	3.2	남서	222	4.0	1025.8	-	72	
2021-02-24 20:35:00	15.2	서남서	256	11.42	26.99	0.82	7.2	1.06	8.5	2.9	남서	226	3.8	1025.7	-	74	
2021-02-24 20:40:00	12.7	서	259	11.41	26.87	0.87	6.9	1.17	6.5	3.1	남서	222	3.7	1025.7	-	63	
2021-02-24 20:45:00	20.2	서북서	302	11.42	27.25	0.95	6.9	1.29	6.5	3.1	남서	227	3.5	1025.7	-	63	
2021-02-24 20:50:00	18.3	서	263	11.43	26.69	0.88	6.9	1.28	6.0	3.1	남서	231	3.2	1025.6	-	64	
2021-02-24 20:55:00	17.9	서	276	11.44	27.22	0.80	6.5	1.11	6.5	2.7	남서	235	3.3	1025.6	-	51	
2021-02-24 21:00:00	21.4	서	272	11.44	26.91	0.80	7.2	1.15	7.5	2.9	서남서	240	3.1	1025.7	-	63	
2021-02-24 21:05:00	18.3	서남서	247	11.44	26.73	0.77	6.7	1.11	7.0	3.1	서남서	242	3.0	1025.6	-	94	
2021-02-24 21:10:00	18.5	서남서	256	11.44	26.52	0.78	6.8	1.48	6.0	3.4	서남서	247	2.8	1025.7	-	80	
2021-02-24 21:15:00	24.6	서남서	259	11.44	26.40	0.77	6.9	1.30	7.0	3.5	서남서	248	2.8	1025.8	-	63	
2021-02-24 21:20:00	18.1	서	263	11.45	26.87	0.95	6.4	1.38	6.5	3.8	서남서	248	2.8	1025.7	-	51	
2021-02-24 21:25:00	19.8	서	268	11.45	26.81	0.78	7.3	0.95	8.0	3.7	서남서	244	2.8	1025.8	-	62	
2021-02-24 21:30:00	39.1	서북서	285	11.44	26.86	0.84	6.6	1.31	7.0	4.2	서남서	243	2.8	1025.8	-	66	
2021-02-24 21:35:00	21.1	서	278	11.44	26.82	0.83	7.0	1.04	6.5	3.9	서남서	245	2.8	1025.8	-	67	
2021-02-24 21:40:00	11.9	서	261	11.44	26.91	0.81	7.5	1.27	6.5	3.6	서남서	248	2.7	1025.9	-	51	
2021-02-24 21:45:00	26.5	서	270	11.43	26.83	0.85	5.9	1.06	7.0	3.1	서남서	245	2.6	1025.9	-	50	
2021-02-24 21:50:00	20.7	서북서	300	11.42	26.75	0.62	6.6	0.71	7.0	3.1	서남서	247	2.6	1026.0	-	53	
2021-02-24 21:55:00	12.9	서남서	249	11.40	26.81	0.83	6.2	0.98	6.5	3.2	서남서	244	2.5	1025.9	-	66	
2021-02-24 22:00:00	27.5	서남서	246	11.39	26.86	0.75	6.2	0.99	4.5	3.1	서남서	240	2.6	1025.9	-	53	
2021-02-24 22:05:00	17.5	서북서	297	11.38	26.70	0.68	6.6	0.83	6.0	3.5	서남서	240	2.8	1025.8	-	57	
2021-02-24 22:10:00	13.4	서	270	11.37	26.57	0.74	6.8	1.06	8.0	3.0	서남서	240	2.7	1025.8	-	60	
2021-02-24 22:15:00	14.2	서남서	253	11.37	27.31	0.85	7.0	1.23	7.0	2.8	남서	226	2.7	1025.8	-	48	
2021-02-24 22:20:00	19.0	서북서	281	11.36	26.90	0.76	6.8	1.17	7.5	2.8	서남서	239	2.5	1025.8	-	92	
2021-02-24 22:25:00	28.8	서	273	11.36	26.75	0.77	7.3	1.28	7.5	2.9	서남서	247	2.4	1025.8	-	63	
2021-02-24 22:30:00	30.1	남서	234	11.36	26.48	0.88	7.0	1.18	6.5	2.9	서남서	245	2.4	1025.8	-	42	
2021-02-24 22:35:00	30.4	북서	307	11.34	26.99	0.79	6.3	1.10	7.5	3.2	서남서	242	2.5	1025.7	-	66	
2021-02-24 22:40:00	48.1	서북서	300	11.34	26.53	0.73	6.8	1.02	6.5	3.4	서남서	243	2.6	1025.7	-	3	
2021-02-24 22:45:00	29.1	남서	228	11.34	26.68	0.81	6.2	1.20	7.0	3.2	남서	227	2.6	1025.7	-	39	
2021-02-24 22:50:00	29.0	서남서	243	11.33	27.00	0.97	7.2	1.28	7.0	3.2	남서	221	2.2	1025.7	-	64	
2021-02-24 22:55:00	37.7	서	261	11.32	26.91	0.79	6.8	1.00	7.5	2.9	남서	231	2.2	1025.7	-	57	
2021-02-24 23:00:00	33.3	서북서	281	11.32	27.43	0.74	6.3	1.12	7.0	3.0	서남서	247	2.3	1025.6	-	68	
2021-02-24 23:05:00	43.7	서남서	241	11.30	26.93	0.94	6.7	1.35	6.5	2.6	서남서	239	2.3	1025.6	-	53	
2021-02-24 23:10:00	40.2	서	273	11.29	26.64	0.81	7.1	1.15	7.0	2.6	남서	234	2.3	1025.5	-	62	
2021-02-24 23:15:00	40.5	서북서	282	11.28	26.48	0.76	6.3	0.97	7.0	2.9	남서	230	2.3	1025.3	-	70	
2021-02-24 23:20:00	19.6	서북서	293	11.29	26.90	0.87	6.8	1.40	6.0	2.9	남서	227	2.1	1025.3	-	73	
2021-02-24 23:25:00	18.1	서북서	286	11.29	26.46	0.89	6.9	1.07	6.5	2.6	남서	226	2.0	1025.3	-	69	
2021-02-24 23:30:00	8.3	남서	236	11.29	26.71	0.83	6.5	1.24	6.0	2.5	남서	222	2.2	1025.3	-	39	
2021-02-24 23:35:00	8.8	남서	223	11.30	28.12	0.91	7.1	1.53	7.0	2.3	서남서	238	2.2	1025.2	-	72	
2021-02-24 23:40:00	31.3	서남서	244	11.29	27.02	0.83	6.7	1.01	6.5	2.5	남서	233	2.3	1025.2	-	77	
2021-02-24 23:45:00	18.6	서	272	11.29	26.92	0.79	6.4	1.11	7.0	2.5	서남서	244	2.2	1025.2	-	46	
2021-02-24 23:50:00	14.7	서	271	11.29	27.07	0.81	7.0	1.13	7.5	2.4	남서	233	2.2	1025.1	-	52	
2021-02-24 23:55:00	17.7	서	277	11.29	26.54	0.80	7.0	1.10	7.0	2.3	남서	229	2.1	1025.1	-	61	
2021-02-25 00:00:00	20.0	북북서	339	11.29	26.47	0.78	6.3	1.21	6.5	2.2	서남서	240	2.2	1025.0	-	74	
2021-02-25 00:05:00	21.1	북북서	343	11.29	26.92	0.86	7.1	1.27	6.0	2.5	남서	234	2.0	1025.0	-	64	
2021-02-25 00:10:00	5.5	남서	214	11.29	27.58	0.78	6.8	1.06	7.0	2.2	서남서	240	2.0	1025.0	-	59	
2021-02-25 00:15:00	13.0	서	271	11.27	26.96	0.87	7.2	1.21	7.0	2.5	서남서	247	2.0	1024.9	-	81	
2021-02-25 00:20:00	19.8	서	268	11.26	27.07	0.74	6.4	0.89	6.0	2.6	서남서	241	2.0	1024.9	-	63	
2021-02-25 00:25:00	39.6	북	350	11.25	26.54	0.85	7.1	1.05	6.0	2.8	서남서	243	2.1	1024.8	-	72	
2021-02-25 00:30:00	20.9	서남서	248	11.24	26.58	0.91	6.5	1.48	6.5	3.0	서남서	238	2.1	1024.8	-	61	
2021-02-25 00:35:00	21.8	북서	304	11.24	26.49	0.87	6.7	1.28	7.0	3.7	서남서	243	2.2	1024.7	-	54	
2021-02-25 00:40:00	30.7	서북서	289	11.23	26.60	0.88	6.3	1.17	7.0	3.9	서남서	247	2.0	1024.7	-	60	
2021-02-25 00:45:00	35.6	서북서	289	11.22	26.98	0.73	6.1	1.03	6.5	3.8	서남서	244	2.1	1024.6	-	47	
2021-02-25 00:50:00	16.4	북북서	332	11.20	26.44	0.89	6.9	1.64	6.5	4.2	서남서	243	2.3	1024.5	-	53	
2021-02-25 00:55:00	31.2	서	267	11.21	26.94	1.01	7.2	1.35	7.0	3.6	서남서	248	2.5	1024.5	-	68	
2021-02-25 01:00:00	26.4	서북서	294	11.19	26.55	0.96	6.9	1.09	7.0	3.6	서남서	246	2.4	1024.4	-	91	
2021-02-25 01:05:00	18.9	북서	313	11.16	26.76	0.83	6.4	0.95	6.5	3.6	남서	231	2.4	1024.5	-	96	
2021-02-25 01:10:00	29.1	북북서	329	11.17	27.44	1.05	7.0	1.40	7.0	3.1	남서	221	2.3	1024.6	-	66	
2021-02-25 01:15:00	12.7	서남서	244	11.17	26.59	0.95	6.9	1.37	6.0	2.7	남서	216	2.1	1024.6	-	77	
2021-02-25 01:20:00	12.5	서	260	11.19	26.46	0.86	6.8	1.30	6.5	2.6	남서	233	2.5	1024.5	-	77	
2021-02-25 01:25:00	29.4	북서	314	11.20	26.54	0.93	7.5	1.33	6.5	2.8	서남서	240	2.6	1024.5	-	74	
2021-02-25 01:30:00	25.6	서	263	11.22	26.71	1.03	7.0	1.50	6.5	3.6	서남서	238	2.5	1024.5	-	74	
2021-02-25 01:35:00	23.2	서	269	11.23	26.82	0.79	6.9	1.07	6.0	3.9	서남서	238	2.3	1024.5	-	36	
2021-02-25 01:40:00	19.2	서북서	284	11.24	26.40	0.85	7.4	1.19	7.0	3.4	남서	235	2.4	1024.4	-	66	
2021-02-25 01:45:00	11.5	서	279	11.24	26.42	0.96	6.8	1.51	6.5	3.3	서남서	237	2.3	1024.3	-	83	
2021-02-25 01:50:00	20.2	서남서	251	11.25	26.36	0.91	6.7	1.15	5.5	3.6	서남서	244	2.4	1024.3	-	76	
2021-02-25 01:55:00	14.2	서북서	286	11.24	26.47	0.98	7.5	1.34	5.5	3.0	남서	221	2.5	1024.3	-	74	
2021-02-25 02:00:00	14.0	서남서	244	11.24	25.80	1.05	7.1	1.39	7.0	3.8	남서	222	2.3	1024.2	-	70	
2021-02-25 02:05:00	4.0	서북서	281	11.25	26.56	0.93	7.0	1.34	7.0	3.5	남서	217	2.2	1024.2	-	60	
2021-02-25 02:10:00	10.9	남남서	197	11.24	27.38	0.98	6.8	1.70	6.5	4.1	남서	220	2.2	1024.2	-	69	
2021-02-25 02:15:00	17.8	북서	313	11.24	26.67	0.81	6.8	1.05	7.0	4.2	남서	217	2.4	1024.1	-	64	
2021-02-25 02:20:00	37.2	서남서	258	11.24	26.70	0.98	6.5	1.48	7.0	4.0	남서	217	2.6	1024.0	-	69	
2021-02-25 02:25:00	12.2	남서	225	11.25	26.84	0.85	7.1	1.22	6.0	3.1	남서	221	2.7	1024.0	-	75	
2021-02-25 02:30:00	18.5	남서	222	11.26	27.21	0.82	6.2	1.12	7.5	2.8	남서	222	2.7	1024.0	-	61	
2021-02-25 02:35:00	22.2	남	186	11.25	26.74	0.81	6.8	1.06	5.5	2.7	남서	228	2.8	1023.9	-	69	
2021-02-25 02:40:00	17.0	서북서	284	11.25	27.18	0.97	6.9	1.42	7.0	2.0	남서	236	2.8	1023.9	-	90	
2021-02-25 02:45:00	10.6	서북서	287	11.25	26.96	0.98	7.5	1.18	8.0	1.1	남서	229	3.1	1023.8	-	60	
2021-02-25 02:50:00	35.6	북서	312	11.25	26.64	1.10	7.0	1.70	6.5	1.5	남남서	194	3.4	1023.8	-	44	
2021-02-25 02:55:00	14.5	남서	223	11.25	26.55	0.91	6.5	1.41	6.5	2.9	남	190	3.6	1023.7	-	45	
2021-02-25 03:00:00	13.4	남서	224	11.25	26.70	0.99	7.6	1.30	6.5	2.7	남남서	192	3.3	1023.7	-	77	
2021-02-25 03:05:00	14.1	서남서	240	11.25	27.54	0.71	6.5	0.95	5.0	2.5	남남서	196	3.2	1023.6	-	55	
2021-02-25 03:10:00	14.3	북서	317	11.24	26.90	0.91	6.8	1.29	6.5	2.1	남	185	3.2	1023.7	-	87	
2021-02-25 03:15:00	5.8	남서	222	11.24	26.55	0.76	6.8	0.90	5.5	1.9	남	176	3.3	1023.6	-	43	
2021-02-25 03:20:00	25.7	남남서	208	11.23	27.12	0.85	6.7	1.03	6.5	1.6	남남동	162	3.3	1023.6	-	58	
2021-02-25 03:25:00	5.2	남남서	211	11.24	26.91	0.79	7.5	1.23	7.5	1.4	남남동	155	3.4	1023.6	-	79	
2021-02-25 03:30:00	27.5	남서	215	11.23	26.43	0.92	6.7	1.13	6.5	1.3	남동	146	3.5	1023.5	-	59	
2021-02-25 03:35:00	14.5	서	275	11.23	26.40	0.92	7.1	1.42	6.0	1.8	남남동	163	3.5	1023.4	-	74	
2021-02-25 03:40:00	16.4	남	178	11.22	26.33	0.94	7.5	1.20	7.0	1.2	남	169	3.6	1023.3	-	76	
2021-02-25 03:45:00	21.5	남남서	197	11.23	25.86	1.00	7.0	1.38	7.0	0.7	남	180	3.7	1023.2	-	66	
2021-02-25 03:50:00	25.2	서	274	11.23	25.99	0.92	7.3	1.26	7.0	0.3	남남서	195	3.8	1023.2	-	62	
2021-02-25 03:55:00	24.1	남남서	204	11.21	26.74	0.98	6.7	1.18	6.5	0.7	남서	220	3.9	1023.2	-	81	
2021-02-25 04:00:00	14.4	서남서	255	11.21	26.72	0.92	6.9	1.18	6.0	0.9	남	177	4.0	1023.2	-	69	
2021-02-25 04:05:00	12.2	남	189	11.20	26.99	0.85	6.8	1.38	6.5	2.0	남남동	162	3.6	1023.2	-	65	
2021-02-25 04:10:00	58.7	서북서	281	11.20	26.96	0.90	6.7	1.28	6.5	1.2	남	172	3.4	1023.1	-	67	
2021-02-25 04:15:00	11.8	서남서	257	11.20	26.50	0.87	7.4	1.15	7.0	0.3	남	190	3.5	1023.1	-	38	
2021-02-25 04:20:00	18.8	남남서	207	11.21	26.69	0.83	7.3	0.94	7.5	0.2	남남동	151	3.5	1023.1	-	79	
2021-02-25 04:25:00	37.8	북	355	11.20	27.09	0.93	6.5	1.21	6.5	0.7	서	277	3.7	1023.0	-	74	
2021-02-25 04:30:00	33.8	서남서	239	11.19	26.93	0.90	7.8	1.17	7.5	1.1	서북서	288	3.6	1023.0	-	71	
2021-02-25 04:35:00	26.4	남남동	168	11.19	26.96	0.86	7.3	1.17	6.5	0.8	서북서	287	3.5	1022.9	-	55	
2021-02-25 04:40:00	36.2	남서	234	11.19	26.39	0.86	7.3	1.17	6.5	1.6	북서	305	3.6	1022.9	-	55	
2021-02-25 04:45:00	37.5	북북서	329	11.19	27.24	0.81	7.1	1.08	7.5	2.2	북서	319	3.6	1022.9	-	84	
2021-02-25 04:50:00	62.8	북	351	11.19	26.73	1.06	7.9	1.27	8.5	2.3	북서	307	3.2	1022.9	-	71	
2021-02-25 04:55:00	24.2	북서	309	11.18	26.67	0.82	6.8	1.12	6.0	2.0	서북서	303	3.2	1022.9	-	61	
2021-02-25 05:00:00	37.0	북서	318	11.17	26.69	0.89	6.8	1.10	7.5	2.1	서북서	302	3.2	1022.9	-	45	
2021-02-25 05:05:00	30.6	북북서	336	11.17	27.28	1.06	7.4	1.18	7.5	2.1	서북서	303	3.2	1022.9	-	73	
2021-02-25 05:10:00	18.5	북서	316	11.17	26.52	0.88	7.8	1.24	7.0	1.9	북서	308	3.1	1022.8	-	74	
2021-02-25 05:15:00	21.1	서	280	11.17	26.54	0.76	6.8	0.96	6.5	2.1	서북서	296	3.1	1022.8	-	44	
2021-02-25 05:20:00	19.4	북	353	11.17	27.20	0.86	7.5	1.08	8.0	2.9	북서	304	3.0	1022.8	-	77	
2021-02-25 05:25:00	23.4	북	5	11.17	26.53	0.86	8.0	1.14	8.0	2.6	서북서	301	3.2	1022.8	-	80	
2021-02-25 05:30:00	24.2	북	7	11.16	26.81	0.86	7.0	1.15	6.5	3.0	서북서	300	3.1	1022.8	-	76	
2021-02-25 05:35:00	66.8	북북동	22	11.16	26.90	0.96	7.2	1.25	6.5	3.6	서북서	300	3.1	1022.9	-	55	
2021-02-25 05:40:00	37.0	북서	319	11.16	27.02	0.92	7.6	1.19	8.0	2.9	북서	305	3.3	1022.8	-	67	
2021-02-25 05:45:00	46.9	북	7	11.16	27.34	0.84	7.1	1.01	8.0	3.3	북서	310	3.6	1022.8	-	68	
2021-02-25 05:50:00	35.1	북북서	343	11.14	26.99	0.76	7.5	1.13	7.0	3.4	서북서	303	3.5	1022.9	-	87	
2021-02-25 05:55:00	37.5	북서	323	11.14	26.50	0.82	7.2	1.28	9.0	3.8	서북서	297	3.6	1022.9	-	76	
2021-02-25 06:00:00	27.2	북북서	347	11.14	26.55	1.08	8.1	1.26	8.5	4.1	서북서	294	3.8	1023.0	-	90	
2021-02-25 06:05:00	46.2	북서	325	11.13	27.29	0.79	7.0	1.14	7.0	4.5	서북서	288	3.7	1023.2	-	73	
2021-02-25 06:10:00	46.9	북	4	11.13	26.87	0.89	8.0	1.06	8.0	4.2	서북서	291	3.7	1023.3	-	103	
2021-02-25 06:15:00	30.8	북북서	336	11.12	26.63	0.98	7.4	1.24	7.5	4.2	서북서	302	3.7	1023.3	-	79	
2021-02-25 06:20:00	16.6	북북동	29	11.12	26.69	0.91	8.0	1.14	8.0	4.7	북서	304	3.8	1023.3	-	87	
2021-02-25 06:25:00	25.5	북	3	11.10	26.65	0.98	7.9	1.34	8.0	4.9	북서	308	4.0	1023.3	-	82	
2021-02-25 06:30:00	20.3	북북동	15	11.10	26.83	0.79	6.5	1.11	6.0	4.7	북서	310	4.2	1023.3	-	54	
2021-02-25 06:35:00	14.9	북	354	11.09	26.96	0.88	7.2	1.21	8.0	4.6	북서	308	4.1	1023.3	-	86	
2021-02-25 06:40:00	11.9	북	359	11.08	27.05	0.97	7.8	1.18	6.5	4.5	북서	306	4.0	1023.4	-	81	
2021-02-25 06:45:00	21.6	북	353	11.07	27.00	0.67	7.3	1.06	9.0	4.9	북서	308	4.0	1023.4	-	74	
2021-02-25 06:50:00	28.2	북	0	11.06	27.31	0.83	7.2	1.19	6.5	4.7	북서	307	3.8	1023.4	-	82	
2021-02-25 06:55:00	19.7	북북서	343	11.05	27.18	0.88	8.2	1.24	7.0	4.8	서북서	298	3.8	1023.5	-	84	
2021-02-25 07:00:00	38.7	북서	314	11.05	26.46	0.87	8.2	1.08	7.5	4.7	서북서	299	3.8	1023.6	-	70	
2021-02-25 07:05:00	14.8	북북서	336	11.06	26.57	0.94	8.3	1.30	6.5	4.8	서북서	291	3.6	1023.7	-	70	
2021-02-25 07:10:00	37.9	북	349	11.05	26.53	0.75	7.3	0.91	7.5	4.7	서북서	294	3.7	1023.7	-	37	
2021-02-25 07:15:00	33.3	북서	321	11.06	26.57	0.87	7.6	1.13	7.0	4.5	서북서	299	3.7	1023.7	-	79	
2021-02-25 07:20:00	30.9	북서	320	11.07	26.67	0.84	7.4	1.16	9.0	4.5	북서	304	3.8	1023.6	-	102	
2021-02-25 07:25:00	25.7	북서	322	11.07	27.02	0.85	7.5	1.00	8.5	4.8	북서	312	3.9	1023.6	-	86	
2021-02-25 07:30:00	18.9	북	358	11.08	27.15	0.71	7.5	0.98	7.0	5.1	북서	312	3.9	1023.7	-	75	
2021-02-25 07:35:00	24.2	북	358	11.09	26.38	0.83	7.8	1.25	8.0	5.5	북서	312	4.0	1023.6	-	88	
2021-02-25 07:40:00	29.7	북	3	11.09	26.41	0.84	7.3	1.06	8.5	5.6	북서	313	4.0	1023.6	-	71	
2021-02-25 07:45:00	34.9	북북서	335	11.10	26.13	0.78	7.7	1.36	7.0	5.2	북서	310	4.0	1023.7	-	87	
2021-02-25 07:50:00	12.2	북북서	337	11.09	26.87	0.78	7.4	1.10	8.0	5.4	북서	312	3.9	1023.7	-	84	
2021-02-25 07:55:00	13.0	북	6	11.07	26.43	0.81	7.5	1.06	6.0	5.5	북서	311	3.9	1023.8	-	67	
2021-02-25 08:00:00	25.5	북북서	339	11.06	26.37	0.85	7.6	1.11	9.0	5.2	북서	314	3.8	1023.8	-	89	
2021-02-25 08:05:00	18.5	북서	304	11.06	26.49	0.81	7.7	0.98	7.5	5.2	북서	308	3.8	1023.9	-	60	
2021-02-25 08:10:00	17.9	북북서	337	11.06	26.27	0.82	7.6	1.20	8.0	5.1	북서	311	3.9	1023.9	-	40	
2021-02-25 08:15:00	15.7	북서	326	11.05	25.91	0.89	7.8	1.16	9.5	5.4	북서	311	3.9	1024.0	-	75	
2021-02-25 08:20:00	30.1	북	353	11.04	26.12	0.73	7.8	0.88	8.0	5.5	북서	307	3.8	1024.1	-	62	
2021-02-25 08:25:00	16.2	북서	323	11.04	26.14	0.73	6.1	0.90	5.5	5.1	서북서	302	3.9	1024.1	-	25	
2021-02-25 08:30:00	19.4	북서	321	11.02	26.09	0.82	7.6	0.98	9.0	4.7	서북서	301	4.1	1024.2	-	72	
2021-02-25 08:35:00	16.0	북	8	11.04	26.08	0.89	7.7	1.19	8.0	4.4	서북서	303	4.3	1024.2	-	88	
2021-02-25 08:40:00	20.0	북서	311	11.05	26.25	0.86	7.4	1.03	7.0	3.7	서북서	301	4.2	1024.3	-	69	
2021-02-25 08:45:00	23.7	북북서	347	11.06	26.07	0.82	7.0	0.99	7.5	3.5	서북서	293	4.4	1024.3	-	62	
2021-02-25 08:50:00	17.2	서북서	298	11.06	26.03	0.69	6.1	0.90	6.5	3.5	서북서	285	4.3	1024.4	-	54	
2021-02-25 08:55:00	24.3	북서	317	11.07	26.15	0.86	7.4	1.43	7.5	3.3	서북서	285	4.3	1024.3	-	55	
2021-02-25 09:00:00	17.8	북	5	11.06	26.19	0.81	7.0	0.95	9.0	3.3	서북서	292	4.4	1024.3	-	93	
2021-02-25 09:05:00	16.0	북	349	11.06	26.07	0.86	7.4	1.18	7.0	2.3	서북서	287	4.6	1024.4	-	45	
2021-02-25 09:10:00	13.8	북북서	342	11.07	26.07	0.65	6.0	1.00	6.5	2.5	서북서	288	4.4	1024.3	-	54	
2021-02-25 09:15:00	16.5	북서	315	11.08	26.12	0.81	6.9	1.03	7.0	3.1	서북서	297	4.5	1024.2	-	62	
2021-02-25 09:20:00	20.2	북북서	332	11.09	26.03	0.78	6.9	0.98	7.0	3.7	서북서	299	4.6	1024.1	-	68	
2021-02-25 09:25:00	9.9	북	1	11.09	25.75	0.73	7.3	0.90	9.0	3.5	북서	304	4.6	1024.2	-	48	
2021-02-25 09:30:00	32.6	북북서	330	11.10	25.89	0.79	6.7	1.21	7.5	4.0	북서	306	4.7	1024.1	-	67	
2021-02-25 09:35:00	21.9	북북서	349	11.11	26.10	0.79	7.7	1.03	7.5	3.8	북서	311	4.8	1024.2	-	72	
2021-02-25 09:40:00	4.4	동북동	76	11.11	26.00	0.83	7.0	1.21	7.0	3.8	북서	308	4.7	1024.2	-	44	
2021-02-25 09:45:00	7.7	북	350	11.11	26.02	0.80	7.3	1.12	8.0	3.8	북서	309	4.7	1024.2	-	65	
2021-02-25 09:50:00	21.8	북북서	328	11.10	26.08	0.76	6.5	0.99	7.0	3.6	북서	311	4.8	1024.2	-	25	
2021-02-25 09:55:00	15.5	북서	312	11.10	25.95	0.77	7.4	1.02	8.0	3.3	북서	309	4.9	1024.2	-	79	
2021-02-25 10:00:00	26.9	북북서	345	11.10	26.01	0.71	6.5	0.88	6.5	3.2	북서	307	4.9	1024.2	-	20	
2021-02-25 10:05:00	18.0	북북서	347	11.10	26.07	0.75	7.9	1.08	7.5	2.9	서북서	298	5.2	1024.2	-	42	
2021-02-25 10:10:00	16.2	서북서	297	11.12	26.08	0.87	7.6	1.32	8.5	2.8	북서	308	5.1	1024.3	-	30	
2021-02-25 10:15:00	8.0	북	2	11.13	26.00	0.74	7.5	1.00	6.5	2.6	서북서	303	5.3	1024.3	-	60	
2021-02-25 10:20:00	13.2	서	262	11.13	26.00	0.83	5.8	1.01	6.5	2.8	서북서	295	5.5	1024.2	-	1	
2021-02-25 10:25:00	10.1	북서	307	11.13	25.97	0.84	6.9	1.36	6.5	2.5	서북서	299	5.4	1024.2	-	50	
2021-02-25 10:30:00	8.1	북북서	343	11.14	25.88	0.70	6.7	0.94	8.0	2.3	서북서	295	5.5	1024.2	-	12	
2021-02-25 10:35:00	12.3	북서	325	11.15	26.11	0.68	7.0	0.98	7.0	2.1	북서	310	5.7	1024.2	-	70	
2021-02-25 10:40:00	17.7	북서	317	11.15	26.09	0.78	6.6	1.04	6.5	1.8	북서	317	5.7	1024.1	-	55	
2021-02-25 10:45:00	5.4	서북서	292	11.15	26.06	0.76	7.1	1.14	5.5	1.9	북북서	330	5.7	1024.1	-	74	
2021-02-25 10:50:00	9.6	북	350	11.16	26.03	0.82	7.7	1.04	6.5	1.4	북서	307	5.9	1024.1	-	99	
2021-02-25 10:55:00	12.7	서	271	11.16	26.05	0.78	7.6	1.29	7.5	1.1	서북서	289	5.9	1024.2	-	56	
2021-02-25 11:00:00	7.0	북	357	11.17	26.12	0.69	6.8	1.02	8.0	1.0	서북서	291	6.0	1024.1	-	76	
2021-02-25 11:05:00	8.5	서북서	288	11.17	26.03	0.79	7.9	0.99	7.0	0.8	서	262	6.1	1024.1	-	62	
2021-02-25 11:10:00	5.1	서북서	300	11.18	25.88	0.70	6.1	0.87	6.5	0.5	서남서	258	6.2	1024.1	-	346	
2021-02-25 11:15:00	10.8	북북서	337	11.18	25.96	0.74	8.2	1.01	8.0	0.5	서북서	284	6.1	1024.1	-	52	
2021-02-25 11:20:00	7.0	서	280	11.19	27.60	0.75	6.8	1.08	7.5	0.4	북	353	6.4	1024.1	-	86	
2021-02-25 11:25:00	6.9	서남서	243	11.21	26.78	0.70	8.0	1.07	8.0	0.0	동북동	69	6.5	1024.1	-	79	
2021-02-25 11:30:00	3.3	북서	308	11.21	26.53	0.75	7.3	1.21	7.5	0.0	남동	146	6.6	1024.1	-	74	
2021-02-25 11:35:00	3.1	북서	317	11.21	26.46	0.74	7.5	0.91	8.0	0.0	동남동	106	6.6	1024.1	-	66	
2021-02-25 11:40:00	4.1	북서	306	11.21	27.65	0.73	6.9	0.94	6.5	0.2	북북동	22	6.6	1024.0	-	4	
2021-02-25 11:45:00	5.3	북	2	11.21	27.05	0.69	6.9	0.82	8.0	1.1	북북동	29	6.6	1024.0	-	88	
2021-02-25 11:50:00	2.9	남남서	210	11.22	26.24	0.77	8.3	1.23	7.5	0.5	북동	51	6.6	1024.0	-	72	
2021-02-25 11:55:00	0.7	서	279	11.22	26.29	0.78	6.9	1.03	6.5	0.6	북동	55	6.6	1024.0	-	42	
2021-02-25 12:00:00	4.7	서북서	283	11.22	26.38	0.73	7.8	0.92	8.0	0.4	북동	45	6.6	1023.9	-	100	
2021-02-25 12:05:00	2.5	동	80	11.22	26.43	0.69	6.5	1.05	5.0	0.6	북동	35	6.7	1023.8	-	82	
2021-02-25 12:10:00	3.5	북	3	11.22	25.95	0.76	6.9	1.07	8.0	0.7	북동	41	6.7	1023.7	-	98	
2021-02-25 12:15:00	4.1	북서	318	11.22	26.35	0.84	7.8	1.33	8.0	1.4	북동	48	6.7	1023.6	-	104	
2021-02-25 12:20:00	1.6	서	269	11.22	26.27	0.78	7.2	0.84	6.5	1.8	북동	35	6.7	1023.5	-	30	
2021-02-25 12:25:00	2.9	서북서	303	11.22	26.54	0.68	7.2	0.80	7.5	1.3	북	356	6.7	1023.6	-	71	
2021-02-25 12:30:00	2.4	북서	326	11.22	26.41	0.74	8.2	0.93	7.0	1.5	북북동	21	6.9	1023.5	-	72	
2021-02-25 12:35:00	3.8	북서	321	11.21	26.25	0.71	6.8	0.96	6.5	1.2	북북동	21	7.0	1023.5	-	42	
2021-02-25 12:40:00	3.3	서남서	250	11.21	26.07	0.74	7.2	0.98	7.0	0.8	북북동	21	7.0	1023.4	-	88	
2021-02-25 12:45:00	5.1	서북서	289	11.21	25.97	0.78	7.9	0.89	10.0	1.7	북북동	19	7.0	1023.4	-	89	
2021-02-25 12:50:00	2.9	북동	35	11.20	25.81	0.68	7.2	0.91	7.0	1.4	북동	48	7.0	1023.3	-	81	
2021-02-25 12:55:00	2.9	서	262	11.20	25.72	0.57	7.6	0.83	7.5	1.9	북북동	21	7.0	1023.3	-	79	
2021-02-25 13:00:00	5.4	북서	315	11.19	25.98	0.63	7.0	0.92	9.0	1.9	북북동	23	7.0	1023.3	-	52	
2021-02-25 13:05:00	4.2	북	9	11.19	25.67	0.71	7.5	0.89	7.5	1.7	북북동	14	7.0	1023.3	-	88	
2021-02-25 13:10:00	4.8	동북동	65	11.19	25.73	0.66	6.9	0.81	9.0	1.6	북북동	23	7.1	1023.2	-	66	
2021-02-25 13:15:00	3.7	북	3	11.19	26.38	0.66	7.3	0.89	7.0	2.2	북	9	7.2	1023.1	-	76	
2021-02-25 13:20:00	4.3	북북서	332	11.19	26.19	0.61	6.5	0.73	6.5	1.8	북북동	17	7.2	1023.1	-	68	
2021-02-25 13:25:00	5.7	북서	309	11.19	26.25	0.73	7.2	1.00	8.0	0.9	동북동	66	7.2	1023.0	-	80	
2021-02-25 13:30:00	4.9	북북동	23	11.19	26.19	0.67	7.6	1.05	8.0	1.0	북동	51	7.3	1022.9	-	66	
2021-02-25 13:35:00	9.8	북서	321	11.19	26.42	0.66	7.5	0.85	8.0	1.1	동북동	67	7.2	1022.9	-	71	
2021-02-25 13:40:00	3.8	북서	306	11.20	26.10	0.77	7.0	1.33	7.5	0.8	북동	48	7.3	1022.9	-	76	
2021-02-25 13:45:00	7.0	북북서	337	11.20	26.02	0.67	7.6	0.91	10.0	0.4	북동	34	7.5	1022.8	-	79	
2021-02-25 13:50:00	2.8	북	349	11.21	26.00	0.68	7.4	0.88	7.5	0.9	동	93	7.5	1022.8	-	74	
2021-02-25 13:55:00	4.7	북북동	22	11.21	25.90	0.73	8.0	0.96	8.0	0.9	동남동	112	7.4	1022.6	-	83	
2021-02-25 14:00:00	4.1	서북서	304	11.21	25.96	0.80	8.1	1.10	8.0	0.7	동남동	109	7.5	1022.6	-	74	
2021-02-25 14:05:00	2.2	동	96	11.21	25.98	0.60	6.5	0.86	6.0	1.5	남동	130	7.5	1022.4	-	92	
2021-02-25 14:10:00	2.9	동남동	119	11.22	26.26	0.64	6.9	0.92	6.5	1.3	남동	133	7.6	1022.3	-	58	
2021-02-25 14:15:00	0.3	남남서	207	11.27	25.75	0.60	7.0	0.72	8.0	1.8	남남동	159	7.5	1022.2	-	76	
2021-02-25 14:20:00	6.5	북북서	333	11.30	26.75	0.71	7.8	0.95	9.5	0.9	남남동	153	7.5	1022.2	-	96	
2021-02-25 14:25:00	3.5	남	181	11.30	27.62	0.68	8.2	1.05	8.5	1.5	동남동	104	7.6	1022.2	-	72	
2021-02-25 14:30:00	4.1	서북서	303	11.30	26.72	0.66	7.6	0.81	5.5	1.6	동	81	7.6	1022.3	-	92	
2021-02-25 14:35:00	4.3	서남서	251	11.33	26.25	0.73	6.9	0.92	8.5	1.2	북동	50	7.9	1022.3	-	101	
2021-02-25 14:40:00	3.6	북북동	26	11.34	27.00	0.74	7.7	1.04	7.5	1.4	동북동	57	7.8	1022.2	-	74	
2021-02-25 14:45:00	8.3	서북서	283	11.35	26.77	0.71	8.0	0.95	10.0	2.1	북동	47	7.8	1022.2	-	80	
2021-02-25 14:50:00	1.5	북북서	340	11.35	26.38	0.68	7.8	0.89	7.0	2.0	북동	50	7.8	1022.2	-	65	
2021-02-25 14:55:00	8.0	서	265	11.35	26.35	0.59	6.9	1.01	9.0	2.4	북동	44	7.9	1022.2	-	67	
2021-02-25 15:00:00	2.0	북동	50	11.34	26.09	0.59	7.3	0.81	4.5	3.1	북동	54	8.0	1022.3	-	70	
2021-02-25 15:05:00	9.6	북서	316	11.31	26.56	0.73	7.8	0.95	6.5	2.7	북동	36	8.0	1022.3	-	77	
2021-02-25 15:10:00	8.9	서남서	251	11.32	26.36	0.70	8.5	0.84	7.5	1.8	북동	42	8.0	1022.3	-	67	
2021-02-25 15:15:00	3.6	북서	321	11.34	26.30	0.59	7.3	0.75	5.5	2.0	북동	34	8.1	1022.3	-	102	
2021-02-25 15:20:00	2.8	서	272	11.34	26.40	0.67	7.8	1.09	6.5	2.6	북동	36	8.1	1022.3	-	67	
2021-02-25 15:25:00	2.9	북서	313	11.35	26.83	0.61	7.3	0.81	6.0	1.6	북동	36	8.1	1022.3	-	70	
2021-02-25 15:30:00	3.9	북북서	338	11.35	26.25	0.67	7.5	0.84	6.5	1.0	동북동	65	8.1	1022.4	-	62	
2021-02-25 15:35:00	5.3	서	279	11.35	26.23	0.56	6.3	0.87	7.0	0.5	북북동	27	8.1	1022.4	-	74	
2021-02-25 15:40:00	3.3	북동	49	11.36	26.14	0.62	7.2	0.99	7.5	0.2	북	8	8.2	1022.4	-	84	
2021-02-25 15:45:00	5.9	동	97	11.36	26.46	0.62	8.1	0.85	8.0	1.2	북동	54	8.2	1022.3	-	64	
2021-02-25 15:50:00	2.6	동북동	61	11.36	26.47	0.57	7.4	0.72	7.5	1.0	북북동	24	8.2	1022.4	-	74	
2021-02-25 15:55:00	3.3	동	92	11.36	26.52	0.62	7.5	0.82	7.0	1.0	북북동	32	8.2	1022.3	-	75	
2021-02-25 16:00:00	2.5	동남동	123	11.36	26.42	0.55	7.4	0.81	6.5	1.0	북동	50	8.2	1022.3	-	85	
2021-02-25 16:05:00	2.9	북북서	335	11.36	26.26	0.68	7.8	1.17	8.0	0.9	동	101	8.1	1022.3	-	80	
2021-02-25 16:10:00	5.1	남서	232	11.36	26.41	0.54	7.6	0.68	7.0	0.5	동남동	119	8.1	1022.2	-	84	
2021-02-25 16:15:00	4.1	서	278	11.36	26.23	0.57	7.7	0.70	5.0	0.8	남동	132	8.1	1022.2	-	74	
2021-02-25 16:20:00	1.6	남서	221	11.36	26.85	0.54	8.2	0.75	8.0	1.2	남남동	149	8.1	1022.2	-	84	
2021-02-25 16:25:00	3.1	남서	235	11.36	26.45	0.58	8.3	0.77	8.0	1.2	남동	127	8.1	1022.2	-	78	
2021-02-25 16:30:00	1.7	남동	127	11.36	26.49	0.64	8.4	0.79	9.5	0.4	동남동	104	8.1	1022.3	-	80	
2021-02-25 16:35:00	5.8	서북서	303	11.35	26.70	0.69	9.1	0.84	8.5	0.7	남동	132	8.2	1022.3	-	70	
2021-02-25 16:40:00	2.7	서북서	294	11.35	26.57	0.52	7.3	0.73	9.5	0.8	동북동	74	8.2	1022.3	-	64	
2021-02-25 16:45:00	4.4	북서	312	11.34	26.53	0.60	7.2	0.85	9.0	1.4	북북동	33	8.2	1022.4	-	79	
2021-02-25 16:50:00	2.7	동북동	73	11.34	26.34	0.63	8.0	0.87	8.0	1.6	북북동	14	8.2	1022.5	-	81	
2021-02-25 16:55:00	4.9	서남서	252	11.34	26.03	0.65	7.4	0.93	7.5	0.8	북북동	31	8.1	1022.4	-	91	
2021-02-25 17:00:00	1.4	서남서	241	11.34	26.56	0.61	7.6	0.85	8.5	0.4	북북동	30	8.1	1022.3	-	80	
2021-02-25 17:05:00	0.9	동	100	11.34	26.41	0.52	7.0	0.81	6.5	0.4	동북동	60	8.1	1022.2	-	86	
2021-02-25 17:10:00	4.6	서북서	284	11.35	26.34	0.68	8.1	0.77	6.5	0.0	남남동	159	8.1	1022.2	-	86	
2021-02-25 17:15:00	0.6	서	276	11.34	26.34	0.51	7.6	0.71	7.5	0.4	동	87	8.1	1022.2	-	78	
2021-02-25 17:20:00	1.1	남서	217	11.34	26.34	0.50	6.1	0.82	7.0	0.8	동남동	115	8.1	1022.2	-	80	
2021-02-25 17:25:00	2.4	동북동	70	11.35	26.33	0.64	8.4	0.86	9.5	0.7	남동	140	8.1	1022.2	-	97	
2021-02-25 17:30:00	8.9	서북서	299	11.35	26.25	0.65	7.7	0.83	8.5	0.0	동북동	72	8.2	1022.2	-	80	
2021-02-25 17:35:00	3.7	서	274	11.36	26.60	0.58	7.8	0.80	8.5	0.4	남	170	8.1	1022.1	-	90	
2021-02-25 17:40:00	3.7	서남서	241	11.35	26.71	0.53	7.0	0.70	6.5	0.8	동남동	108	8.1	1022.1	-	61	
2021-02-25 17:45:00	3.6	서북서	292	11.35	26.21	0.62	8.6	0.92	9.5	1.0	동남동	114	8.1	1022.1	-	83	
2021-02-25 17:50:00	1.9	북동	35	11.35	25.23	0.56	6.8	0.80	8.0	1.9	남동	125	8.1	1022.1	-	102	
2021-02-25 17:55:00	0.8	동남동	104	11.36	26.21	0.55	7.4	0.68	4.5	1.5	남동	144	8.1	1022.2	-	69	
2021-02-25 18:00:00	3.4	북동	49	11.36	27.03	0.61	7.5	0.80	8.5	1.5	동남동	113	8.1	1022.3	-	71	
2021-02-25 18:05:00	4.6	동북동	73	11.36	26.59	0.56	8.1	0.77	8.0	2.2	동	96	8.0	1022.3	-	62	
2021-02-25 18:10:00	3.2	남남동	163	11.36	26.23	0.68	8.5	0.92	9.5	1.4	동남동	115	8.0	1022.3	-	74	
2021-02-25 18:15:00	4.8	북	11	11.35	26.51	0.51	6.9	0.65	8.0	2.3	남남동	168	8.0	1022.3	-	79	
2021-02-25 18:20:00	3.2	북동	49	11.36	26.31	0.58	6.8	0.79	8.0	2.5	남	172	8.2	1022.4	-	84	
2021-02-25 18:25:00	2.3	동북동	61	11.36	26.48	0.55	7.6	0.75	7.0	2.2	남	179	8.1	1022.4	-	72	
2021-02-25 18:30:00	3.2	북북동	33	11.36	26.86	0.54	7.2	0.78	9.0	2.4	남남동	166	8.2	1022.4	-	71	
2021-02-25 18:35:00	6.2	북동	35	11.37	26.56	0.49	6.1	0.67	9.5	2.6	남	174	8.3	1022.4	-	81	
2021-02-25 18:40:00	2.9	북	358	11.37	26.25	0.56	6.5	0.77	6.5	2.5	남남동	157	8.2	1022.4	-	70	
2021-02-25 18:45:00	4.6	서	276	11.37	26.24	0.48	7.0	0.70	8.0	2.5	남남동	158	8.2	1022.4	-	68	
2021-02-25 18:50:00	6.0	남	182	11.37	26.91	0.53	6.5	0.73	7.5	2.7	남남동	163	8.2	1022.5	-	83	
2021-02-25 18:55:00	1.2	남남서	197	11.38	26.63	0.50	7.4	0.67	9.0	2.3	남	187	8.2	1022.6	-	84	
2021-02-25 19:00:00	4.7	서북서	297	11.38	26.56	0.58	7.9	0.69	8.0	3.0	남	184	8.1	1022.5	-	53	
2021-02-25 19:05:00	1.5	남남서	210	11.38	26.97	0.63	8.4	0.78	9.0	2.5	남	178	8.1	1022.6	-	85	
2021-02-25 19:10:00	3.2	서	280	11.38	26.59	0.48	6.3	0.77	9.0	2.6	남	170	8.2	1022.6	-	75	
2021-02-25 19:15:00	1.1	동북동	78	11.38	26.97	0.56	7.2	0.66	8.5	3.1	남	172	8.2	1022.7	-	79	
2021-02-25 19:20:00	3.6	북북동	30	11.38	26.61	0.66	9.3	0.84	9.5	2.9	남남동	161	8.2	1022.7	-	88	
2021-02-25 19:25:00	3.6	북북서	345	11.38	26.72	0.58	7.3	0.72	7.0	3.1	남남동	166	8.3	1022.7	-	88	
2021-02-25 19:30:00	4.8	동북동	63	11.38	25.95	0.57	7.8	0.93	8.0	3.5	남남동	163	8.2	1022.8	-	48	
2021-02-25 19:35:00	5.2	북북동	31	11.38	26.07	0.53	6.9	0.83	6.0	3.4	남남동	166	8.3	1022.7	-	89	
2021-02-25 19:40:00	2.1	북북동	17	11.38	26.53	0.54	7.5	0.87	7.5	3.7	남남동	147	8.3	1022.7	-	94	
2021-02-25 19:45:00	1.6	남서	236	11.38	26.31	0.56	8.2	0.67	8.0	4.0	남동	136	8.3	1022.8	-	90	
2021-02-25 19:50:00	5.0	남서	234	11.38	26.91	0.53	6.8	0.79	7.0	4.1	남동	133	8.3	1022.8	-	82	
2021-02-25 19:55:00	6.4	북북서	327	11.38	26.26	0.57	7.4	0.70	6.5	4.2	남동	127	8.3	1022.8	-	69	
2021-02-25 20:00:00	11.1	서남서	240	11.37	26.22	0.71	8.5	0.88	8.0	4.3	남동	133	8.3	1022.8	-	90	
2021-02-25 20:05:00	4.3	서북서	288	11.37	26.58	0.55	7.4	0.75	7.5	4.3	남동	131	8.4	1022.9	-	76	
2021-02-25 20:10:00	3.9	북북동	26	11.36	26.33	0.57	7.9	0.75	8.0	3.9	남동	124	8.3	1023.0	-	83	
2021-02-25 20:15:00	0.8	동남동	123	11.37	26.47	0.54	7.4	0.67	8.0	3.8	남동	131	8.3	1023.0	-	76	
2021-02-25 20:20:00	17.0	북	5	11.37	26.97	0.60	8.4	0.76	9.0	4.3	남동	133	8.4	1023.0	-	71	
2021-02-25 20:25:00	5.1	북북서	339	11.37	26.44	0.51	7.3	0.88	7.5	4.1	남동	134	8.4	1023.0	-	84	
2021-02-25 20:30:00	3.0	서	271	11.36	26.65	0.47	7.0	0.59	8.0	4.1	남동	128	8.3	1023.2	-	69	
2021-02-25 20:35:00	2.5	남서	236	11.36	27.02	0.54	6.8	0.73	4.0	3.7	남동	131	8.4	1023.2	-	89	
2021-02-25 20:40:00	5.1	남서	217	11.36	26.50	0.55	7.9	0.70	7.5	3.9	남동	140	8.4	1023.3	-	72	
2021-02-25 20:45:00	4.5	북동	49	11.36	26.68	0.56	7.2	0.79	9.0	4.2	남동	134	8.4	1023.3	-	95	
2021-02-25 20:50:00	5.6	남남동	153	11.37	26.44	0.56	6.9	0.89	7.5	4.0	남남동	153	8.5	1023.3	-	84	
2021-02-25 20:55:00	1.9	남남서	203	11.37	26.64	0.55	6.5	0.79	5.5	3.7	남남동	160	8.5	1023.3	-	92	
2021-02-25 21:00:00	2.8	동북동	74	11.38	26.71	0.55	7.3	0.81	6.5	3.3	남	176	8.4	1023.3	-	78	
2021-02-25 21:05:00	2.7	북	352	11.38	27.47	0.51	7.2	0.76	8.0	2.7	남	191	7.9	1023.4	-	97	
2021-02-25 21:10:00	4.6	남남동	158	11.38	26.15	0.54	6.7	0.71	7.0	2.3	남남서	200	7.7	1023.4	-	83	
2021-02-25 21:15:00	9.4	서남서	254	11.37	26.05	0.63	8.5	0.93	8.0	1.7	남남서	208	7.6	1023.4	-	76	
2021-02-25 21:20:00	5.5	서	263	11.37	26.43	0.56	7.1	0.80	6.5	1.6	남서	227	7.4	1023.5	-	84	
2021-02-25 21:25:00	8.7	남서	225	11.37	26.19	0.64	8.3	0.99	8.0	1.6	남서	224	7.2	1023.6	-	78	
2021-02-25 21:30:00	6.6	북서	305	11.37	26.37	0.55	7.5	0.90	8.5	1.7	남서	229	7.0	1023.7	-	88	
2021-02-25 21:35:00	3.1	남남서	213	11.37	26.26	0.51	7.1	0.67	5.5	1.5	남서	222	6.7	1023.7	-	89	
2021-02-25 21:40:00	8.7	남남서	196	11.37	25.97	0.50	7.0	0.69	8.0	1.6	남서	228	6.5	1023.7	-	70	
2021-02-25 21:45:00	-	-	-	-	-	0.00	0.0	0.00	0.0	2.3	남서	219	6.4	-	-	0	
2021-02-25 21:50:00	2.8	북서	309	11.38	25.96	0.56	6.8	0.86	8.0	2.5	남서	224	6.3	1023.8	-	75	
2021-02-25 21:55:00	5.4	남남서	206	11.38	27.46	0.51	7.9	0.63	10.0	2.4	남서	223	6.0	1023.8	-	104	
2021-02-25 22:00:00	8.5	서	275	11.37	27.10	0.52	7.8	0.63	7.0	2.1	남서	222	6.0	1023.8	-	83	
2021-02-25 22:05:00	7.2	서남서	247	11.37	26.60	0.59	8.0	0.70	8.0	2.2	남서	225	6.0	1023.8	-	73	
2021-02-25 22:10:00	7.7	서	267	11.37	26.60	0.53	6.4	0.77	8.0	2.2	남서	231	6.1	1023.8	-	71	
2021-02-25 22:15:00	7.5	서남서	246	11.37	26.43	0.60	7.9	0.96	8.5	2.4	남서	223	6.0	1023.8	-	89	
2021-02-25 22:20:00	4.1	서남서	237	11.37	26.86	0.55	7.1	0.86	9.0	2.5	남서	231	5.8	1023.9	-	81	
2021-02-25 22:25:00	3.6	서	277	11.36	27.13	0.51	6.5	0.77	7.5	2.6	남서	227	5.7	1023.9	-	96	
2021-02-25 22:30:00	9.5	남서	218	11.36	26.36	0.60	8.9	0.75	9.0	2.3	남서	228	5.7	1024.0	-	81	
2021-02-25 22:35:00	11.0	서남서	248	11.36	26.49	0.51	6.9	0.58	7.0	2.5	남서	232	5.5	1023.9	-	75	
2021-02-25 22:40:00	10.5	서남서	253	11.36	26.41	0.49	7.5	0.67	9.0	2.9	남서	226	5.1	1023.9	-	64	
2021-02-25 22:45:00	10.0	서남서	246	11.36	26.57	0.47	7.0	0.69	8.5	2.5	남서	234	4.9	1023.9	-	95	
2021-02-25 22:50:00	12.4	서남서	237	11.36	26.83	0.46	6.3	0.63	9.0	2.4	남서	228	5.1	1024.0	-	71	
2021-02-25 22:55:00	10.6	서남서	258	11.36	26.62	0.52	8.4	0.67	8.0	2.6	남서	231	5.1	1024.0	-	88	
2021-02-25 23:00:00	10.5	서남서	258	11.36	26.66	0.54	7.8	0.74	8.0	2.7	남서	233	5.0	1023.9	-	67	
2021-02-25 23:05:00	5.4	남남서	194	11.36	26.91	0.55	7.8	0.72	8.5	2.4	남서	234	5.0	1023.9	-	56	
2021-02-25 23:10:00	5.6	서남서	241	11.36	26.56	0.51	8.3	0.72	7.0	2.1	남서	236	5.1	1023.9	-	92	
2021-02-25 23:15:00	6.3	서남서	256	11.35	26.55	0.48	7.4	0.58	7.5	2.1	서남서	246	5.1	1023.9	-	90	
2021-02-25 23:20:00	9.8	서남서	251	11.35	26.38	0.45	7.3	0.62	8.5	1.8	서남서	254	5.0	1023.9	-	89	
2021-02-25 23:25:00	15.1	서남서	241	11.35	26.36	0.51	7.1	0.92	8.5	1.5	서	274	5.0	1023.9	-	74	
2021-02-25 23:30:00	13.6	남서	229	11.34	26.79	0.51	7.8	0.64	6.0	2.1	서	273	4.8	1023.9	-	71	
2021-02-25 23:35:00	11.9	서	267	11.34	26.86	0.46	7.0	0.61	7.0	2.3	서남서	257	4.9	1023.8	-	47	
2021-02-25 23:40:00	26.9	서남서	239	11.34	26.88	0.56	7.8	0.77	7.5	2.3	서남서	258	5.0	1023.8	-	94	
2021-02-25 23:45:00	1.3	북서	306	11.34	26.61	0.44	7.4	0.63	8.5	2.0	서북서	286	5.1	1023.9	-	74	
2021-02-25 23:50:00	20.2	서	278	11.34	26.51	0.56	6.1	0.73	5.5	1.8	서북서	283	5.4	1023.8	-	87	
2021-02-25 23:55:00	9.6	서	261	11.34	26.23	0.51	7.9	0.65	9.0	1.7	서	278	5.5	1023.8	-	60	
2021-02-26 00:00:00	10.5	남서	228	11.34	25.96	0.58	8.6	0.78	9.0	1.2	서	272	5.7	1023.8	-	90	
2021-02-26 00:05:00	6.6	남남동	165	11.33	25.80	0.54	7.9	0.76	8.5	1.4	북서	318	6.3	1023.8	-	74	
2021-02-26 00:10:00	1.4	동	95	11.32	25.78	0.43	6.8	0.71	8.5	1.3	북서	321	6.0	1023.8	-	80	
2021-02-26 00:15:00	12.7	서	273	11.32	26.07	0.55	7.2	0.72	7.0	1.1	북서	323	5.8	1023.7	-	64	
2021-02-26 00:20:00	3.8	북북서	339	11.31	26.20	0.48	6.7	0.78	8.0	1.3	서북서	285	5.7	1023.7	-	77	
2021-02-26 00:25:00	10.5	서	261	11.32	25.99	0.47	6.7	0.72	7.0	1.4	서북서	288	5.6	1023.6	-	73	
2021-02-26 00:30:00	10.8	서남서	256	11.31	26.02	0.52	7.2	0.75	8.0	1.6	서	262	5.5	1023.7	-	61	
2021-02-26 00:35:00	35.0	서남서	254	11.30	26.70	0.58	8.2	0.80	8.0	1.6	서남서	254	5.5	1023.7	-	87	
2021-02-26 00:40:00	5.1	서남서	247	11.29	26.67	0.45	7.4	0.65	7.5	1.7	서남서	245	5.3	1023.7	-	94	
2021-02-26 00:45:00	11.6	서북서	282	11.29	26.02	0.49	7.9	0.69	8.5	2.2	남서	234	4.9	1023.7	-	84	
2021-02-26 00:50:00	13.9	남서	228	11.29	26.38	0.44	7.5	0.60	7.0	2.1	남서	228	4.7	1023.6	-	96	
2021-02-26 00:55:00	11.1	서	273	11.26	25.99	0.49	7.6	0.60	8.0	2.1	남서	230	4.9	1023.6	-	96	
2021-02-26 01:00:00	4.6	남서	217	11.25	26.04	0.50	7.2	0.65	7.0	2.2	남서	228	5.0	1023.6	-	85	
2021-02-26 01:05:00	3.3	북서	305	11.25	26.16	0.54	8.2	0.77	8.0	2.6	남서	233	4.9	1023.7	-	61	
2021-02-26 01:10:00	25.3	서	276	11.25	26.15	0.48	8.0	0.71	8.5	2.8	서남서	244	4.9	1023.7	-	85	
2021-02-26 01:15:00	26.6	서남서	257	11.25	26.09	0.51	7.6	0.79	8.5	2.7	서남서	245	4.5	1023.8	-	66	
2021-02-26 01:20:00	17.8	서	270	11.26	26.05	0.51	7.6	0.61	5.0	3.1	서남서	242	4.5	1023.8	-	87	
2021-02-26 01:25:00	19.9	서	259	11.27	26.08	0.44	7.9	0.58	7.0	3.2	서남서	246	4.4	1023.7	-	79	
2021-02-26 01:30:00	12.1	서	276	11.27	26.19	0.45	6.6	0.61	7.0	3.3	서남서	247	4.2	1023.8	-	63	
2021-02-26 01:35:00	5.2	서북서	300	11.28	25.48	0.47	7.9	0.59	9.5	3.1	서남서	243	4.2	1023.8	-	92	
2021-02-26 01:40:00	19.6	서남서	255	11.28	26.54	0.49	8.0	0.65	8.0	2.7	서남서	239	4.3	1023.8	-	78	
2021-02-26 01:45:00	6.0	남남서	204	11.29	26.93	0.55	7.8	0.76	8.5	2.3	남서	229	4.2	1023.9	-	61	
2021-02-26 01:50:00	14.2	서남서	253	11.29	27.93	0.51	8.1	0.75	7.0	2.4	남서	233	3.9	1023.9	-	76	
2021-02-26 01:55:00	23.6	서남서	253	11.30	26.78	0.53	8.4	0.68	8.5	2.0	남서	236	4.0	1023.9	-	72	
2021-02-26 02:00:00	5.7	북서	321	11.29	26.78	0.41	7.7	0.56	8.0	2.0	서남서	239	4.2	1024.0	-	78	
2021-02-26 02:05:00	23.7	서	267	11.30	26.92	0.43	7.6	0.57	8.0	2.2	서남서	245	4.1	1023.9	-	59	
2021-02-26 02:10:00	73.1	서	273	11.30	26.91	0.46	7.3	0.57	7.5	2.7	서남서	246	4.2	1023.9	-	98	
2021-02-26 02:15:00	31.8	서	262	11.30	26.47	0.46	7.1	0.61	7.0	3.1	서남서	252	4.2	1023.9	-	83	
2021-02-26 02:20:00	3.5	서	271	11.30	26.73	0.45	7.9	0.77	8.0	3.1	서남서	247	4.3	1023.9	-	49	
2021-02-26 02:25:00	7.7	서	277	11.30	27.43	0.52	8.1	0.69	9.5	3.1	서남서	250	4.3	1023.9	-	99	
2021-02-26 02:30:00	21.5	서남서	251	11.29	26.46	0.52	8.1	0.64	7.0	3.4	서남서	245	4.3	1023.9	-	83	
2021-02-26 02:35:00	39.7	서	264	11.29	26.35	0.46	8.4	0.62	8.0	3.2	서남서	248	4.5	1023.9	-	86	
2021-02-26 02:40:00	12.8	서	272	11.29	25.59	0.53	7.5	0.81	8.0	3.0	서남서	253	4.2	1024.0	-	78	
2021-02-26 02:45:00	45.6	서	279	11.28	26.63	0.49	8.2	0.77	8.5	2.7	서남서	258	4.0	1023.9	-	77	
2021-02-26 02:50:00	-	-	-	-	-	-	-	-	-	-	-	-	-	-	-	-	
2021-02-26 02:55:00	-	-	-	-	-	-	-	-	-	-	-	-	-	-	-	-	
2021-02-26 03:00:00	-	-	-	-	-	-	-	-	-	-	-	-	-	-	-	-	
2021-02-26 03:05:00	7.5	서	266	11.29	26.48	0.31	4.8	0.62	4.8	2.3	남서	235	3.9	1024.0	-	72	
2021-02-26 03:10:00	8.5	남남서	207	11.28	26.56	0.45	7.4	0.56	7.0	2.4	남서	235	3.9	1023.9	-	87	
2021-02-26 03:15:00	20.7	서남서	257	11.27	26.45	0.47	7.2	0.61	8.5	2.6	남서	222	3.9	1024.0	-	76	
2021-02-26 03:20:00	24.3	서	262	11.27	26.46	0.42	7.0	0.75	6.5	2.8	남서	223	3.7	1023.9	-	95	
2021-02-26 03:25:00	39.3	서남서	258	11.26	26.87	0.51	8.0	0.78	8.5	2.6	남서	227	3.9	1023.9	-	66	
2021-02-26 03:30:00	18.4	남서	223	11.25	26.56	0.41	7.3	0.49	8.5	2.5	남서	224	4.1	1023.9	-	66	
2021-02-26 03:35:00	17.9	서남서	243	11.25	26.52	0.53	8.0	0.74	8.5	2.5	남서	232	4.1	1023.9	-	80	
2021-02-26 03:40:00	19.1	서남서	241	11.25	26.85	0.41	6.3	0.47	7.5	2.4	서남서	238	4.1	1023.8	-	87	
2021-02-26 03:45:00	46.8	서	274	11.25	26.75	0.55	8.5	0.71	8.5	2.5	서남서	245	3.9	1023.8	-	73	
2021-02-26 03:50:00	36.2	서	261	11.25	26.94	0.51	8.0	0.62	9.0	3.1	남서	233	3.9	1023.8	-	72	
2021-02-26 03:55:00	69.1	남서	231	11.25	26.59	0.44	7.3	0.58	6.5	2.7	남서	225	4.0	1023.8	-	87	
2021-02-26 04:00:00	11.0	서남서	246	11.25	26.54	0.45	7.9	0.62	8.0	2.5	남서	224	3.9	1023.8	-	77	
2021-02-26 04:05:00	45.2	서	275	11.25	26.44	0.47	7.6	0.74	8.0	2.8	서남서	252	3.7	1023.8	-	77	
2021-02-26 04:10:00	77.1	서	272	11.25	26.68	0.41	6.7	0.55	9.5	3.5	서	259	3.8	1023.8	-	67	
2021-02-26 04:15:00	22.2	서북서	286	11.25	26.68	0.55	8.3	0.62	7.0	2.9	서	263	4.0	1023.8	-	86	
2021-02-26 04:20:00	34.9	서북서	283	11.23	26.14	0.46	8.1	0.60	8.5	2.9	서	259	3.8	1023.9	-	65	
2021-02-26 04:25:00	16.7	서북서	288	11.23	26.06	0.46	7.3	0.58	8.5	2.7	서	262	3.7	1023.9	-	79	
2021-02-26 04:30:00	29.2	북북서	327	11.23	26.78	0.39	6.4	0.51	7.0	2.8	서	261	3.9	1023.9	-	79	
2021-02-26 04:35:00	9.7	서	281	11.23	26.94	0.41	6.4	0.58	8.0	2.8	서남서	258	4.0	1024.0	-	91	
2021-02-26 04:40:00	6.6	서	268	11.23	27.13	0.40	6.7	0.55	8.0	3.0	서남서	251	3.9	1024.0	-	73	
2021-02-26 04:45:00	24.1	서남서	248	11.23	27.01	0.41	6.8	0.57	7.5	3.2	서남서	239	3.9	1024.1	-	69	
2021-02-26 04:50:00	66.2	서	265	11.22	27.02	0.46	7.2	0.55	7.5	2.9	서남서	239	4.0	1024.1	-	91	
2021-02-26 04:55:00	17.4	서	271	11.22	27.10	0.42	7.8	0.50	7.5	2.7	서남서	240	4.0	1024.2	-	74	
2021-02-26 05:00:00	17.8	북서	304	11.22	26.61	0.55	8.4	0.59	8.5	2.5	서남서	248	4.0	1024.3	-	75	
2021-02-26 05:05:00	5.1	남서	230	11.22	26.51	0.44	6.5	0.62	5.5	2.5	서남서	251	4.1	1024.4	-	67	
2021-02-26 05:10:00	22.4	북서	307	11.23	26.49	0.45	6.7	0.71	7.0	2.7	서남서	252	4.1	1024.5	-	75	
2021-02-26 05:15:00	42.7	서	280	11.23	26.90	0.47	7.7	0.57	9.0	2.8	서남서	253	4.1	1024.5	-	52	
2021-02-26 05:20:00	66.5	서	268	11.22	26.60	0.43	6.7	0.60	8.5	2.9	서남서	251	4.0	1024.6	-	81	
2021-02-26 05:25:00	14.6	서북서	298	11.22	26.60	0.51	7.8	0.65	6.5	2.9	서남서	254	3.8	1024.7	-	75	
2021-02-26 05:30:00	26.1	서북서	283	11.22	26.57	0.39	7.0	0.50	7.5	2.7	서	260	3.7	1024.7	-	84	
2021-02-26 05:35:00	41.8	서북서	303	11.22	26.86	0.48	7.8	0.71	8.5	2.9	서남서	258	3.5	1024.9	-	73	
2021-02-26 05:40:00	44.7	서북서	293	11.21	26.96	0.45	6.0	0.72	7.0	3.2	서남서	255	3.6	1024.9	-	107	
2021-02-26 05:45:00	27.4	서북서	283	11.21	26.75	0.48	7.0	0.73	7.0	3.0	서남서	249	3.5	1024.9	-	100	
2021-02-26 05:50:00	7.4	서북서	286	11.21	26.96	0.48	6.7	0.76	8.5	2.8	서남서	251	3.6	1025.0	-	74	
2021-02-26 05:55:00	26.1	북서	307	11.20	27.22	0.44	7.6	0.56	8.0	2.8	서남서	252	3.7	1025.1	-	86	
2021-02-26 06:00:00	20.4	서북서	296	11.21	26.90	0.45	7.4	0.83	8.0	3.3	서남서	247	3.8	1025.1	-	59	
2021-02-26 06:05:00	12.8	서	277	11.21	26.83	0.35	7.5	0.52	8.0	3.3	서남서	243	3.9	1025.2	-	279	
2021-02-26 06:10:00	46.3	서북서	284	11.20	26.78	0.45	7.4	0.57	7.5	3.6	서남서	242	4.0	1025.3	-	88	
2021-02-26 06:15:00	27.1	서남서	256	11.19	26.34	0.46	8.0	0.58	8.0	3.4	서남서	244	4.0	1025.5	-	71	
2021-02-26 06:20:00	45.5	서	275	11.19	25.88	0.47	8.3	0.61	9.0	3.4	서남서	247	4.1	1025.5	-	69	
2021-02-26 06:25:00	18.4	서	273	11.20	25.96	0.45	7.4	0.68	7.5	3.3	서남서	251	4.3	1025.6	-	81	
2021-02-26 06:30:00	40.6	서	277	11.19	25.88	0.49	8.1	0.67	8.5	3.4	서남서	247	4.3	1025.7	-	75	
2021-02-26 06:35:00	18.4	서	279	11.19	25.88	0.41	6.5	0.56	6.0	3.2	서남서	248	4.3	1025.7	-	100	
2021-02-26 06:40:00	6.5	서북서	294	11.19	26.55	0.50	7.1	0.70	9.0	2.9	서남서	248	4.3	1025.8	-	66	
2021-02-26 06:45:00	51.6	서	279	11.20	26.55	0.40	6.6	0.61	7.5	2.8	서남서	254	4.4	1025.8	-	88	
2021-02-26 06:50:00	10.7	서	262	11.20	26.55	0.49	6.9	0.62	6.5	2.7	서남서	253	4.6	1025.9	-	85	
2021-02-26 06:55:00	64.2	서	270	11.20	26.77	0.43	6.0	0.57	6.5	2.7	서남서	258	4.6	1025.9	-	74	
2021-02-26 07:00:00	31.4	서	281	11.20	25.96	0.48	7.1	0.73	8.0	2.5	서	276	4.8	1026.0	-	79	
2021-02-26 07:05:00	61.7	서	278	11.19	26.03	0.47	8.0	0.58	8.0	2.9	서북서	294	5.1	1026.1	-	70	
2021-02-26 07:10:00	37.3	북	358	11.19	26.12	0.42	5.8	0.58	7.5	4.1	서북서	299	5.3	1026.2	-	63	
2021-02-26 07:15:00	25.6	북북서	333	11.19	26.10	0.51	8.5	0.70	8.5	4.8	북서	307	5.5	1026.3	-	85	
2021-02-26 07:20:00	19.2	북서	321	11.19	26.08	0.45	6.9	0.59	9.0	4.5	서북서	301	5.3	1026.3	-	61	
2021-02-26 07:25:00	6.0	서북서	303	11.19	26.07	0.41	7.6	0.56	7.0	4.3	서북서	297	5.3	1026.3	-	65	
2021-02-26 07:30:00	52.2	북북서	329	11.20	25.99	0.41	6.5	0.53	6.5	4.3	서북서	293	5.1	1026.4	-	79	
2021-02-26 07:35:00	35.8	북북서	334	11.20	25.90	0.46	7.2	0.59	7.5	4.1	서북서	293	5.0	1026.3	-	80	
2021-02-26 07:40:00	28.6	서북서	290	11.20	25.98	0.42	7.6	0.53	8.5	3.6	서	275	5.3	1026.2	-	72	
2021-02-26 07:45:00	24.8	북북서	336	11.20	26.04	0.41	5.8	0.70	6.5	3.6	서	264	5.2	1026.2	-	69	
2021-02-26 07:50:00	26.2	서북서	301	11.20	25.89	0.43	7.0	0.64	7.0	3.2	서	261	4.8	1026.2	-	102	
2021-02-26 07:55:00	11.8	북북서	330	11.19	25.99	0.41	6.4	0.62	6.5	3.2	서	259	4.5	1026.3	-	89	
2021-02-26 08:00:00	16.2	북서	325	11.19	26.02	0.58	7.6	0.84	8.0	2.9	서남서	253	4.3	1026.4	-	98	
2021-02-26 08:05:00	13.3	서북서	291	11.19	25.97	0.47	6.1	0.70	6.0	2.6	서남서	256	4.4	1026.5	-	109	
2021-02-26 08:10:00	32.8	서	274	11.19	25.99	0.45	5.5	0.67	8.5	2.2	서남서	253	4.7	1026.5	-	87	
2021-02-26 08:15:00	24.5	서북서	293	11.20	26.02	0.42	6.3	0.67	4.0	2.3	서남서	253	4.9	1026.5	-	74	
2021-02-26 08:20:00	18.4	서	261	11.21	26.01	0.49	6.8	0.63	7.0	2.2	서남서	256	5.2	1026.6	-	81	
2021-02-26 08:25:00	13.4	서	276	11.22	26.01	0.50	4.8	0.72	6.0	2.2	서남서	255	5.4	1026.6	-	75	
2021-02-26 08:30:00	4.9	북서	319	11.22	26.08	0.46	5.0	0.57	6.5	2.1	서남서	254	5.4	1026.6	-	104	
2021-02-26 08:35:00	5.6	서북서	295	11.22	26.07	0.48	6.2	0.65	3.5	2.1	서남서	249	5.4	1026.7	-	79	
2021-02-26 08:40:00	5.6	서북서	300	11.22	26.06	0.45	5.1	0.63	8.0	2.2	서	264	5.4	1026.8	-	69	
2021-02-26 08:45:00	2.3	북	1	11.23	26.10	0.45	5.0	0.67	6.0	2.2	서	263	5.4	1026.9	-	66	
2021-02-26 08:50:00	13.1	북북서	344	11.23	25.73	0.42	5.4	0.50	9.0	2.0	서	278	5.5	1026.9	-	67	
2021-02-26 08:55:00	13.1	서북서	287	11.22	26.03	0.44	5.1	0.60	7.5	2.3	서	277	5.8	1026.9	-	45	
2021-02-26 09:00:00	6.0	북북서	348	11.23	26.01	0.54	5.3	0.77	8.0	2.6	서북서	301	6.0	1027.0	-	58	
2021-02-26 09:05:00	7.6	북북동	27	11.23	26.45	0.48	6.0	0.80	8.5	3.4	서북서	299	6.3	1027.0	-	77	
2021-02-26 09:10:00	6.1	남남동	150	11.23	26.47	0.48	4.9	0.57	6.0	3.6	북서	309	6.6	1027.0	-	68	
2021-02-26 09:15:00	0.9	북서	322	11.23	25.22	0.49	5.0	0.65	3.0	4.1	북서	317	6.8	1027.0	-	39	
2021-02-26 09:20:00	5.0	북북서	343	11.23	26.08	0.49	4.7	0.72	9.0	4.0	북서	314	6.9	1027.0	-	74	
2021-02-26 09:25:00	6.1	서북서	296	11.23	25.97	0.45	5.7	0.62	2.5	4.1	북서	317	7.1	1027.0	-	54	
2021-02-26 09:30:00	4.6	북북동	21	11.23	26.38	0.55	4.6	0.73	6.5	4.2	북서	317	7.1	1027.1	-	7	
2021-02-26 09:35:00	7.4	서북서	291	11.23	26.48	0.51	4.4	0.62	3.0	4.5	북서	322	7.4	1027.2	-	83	
2021-02-26 09:40:00	4.5	북	5	11.23	25.86	0.56	5.7	0.72	3.5	4.9	북북서	336	7.3	1027.3	-	89	
2021-02-26 09:45:00	3.3	북	9	11.23	25.78	0.53	5.8	0.86	8.5	5.8	북북서	345	7.5	1027.3	-	73	
2021-02-26 09:50:00	1.4	북북동	14	11.22	25.99	0.51	5.8	0.74	8.0	5.3	북북서	343	7.6	1027.2	-	70	
2021-02-26 09:55:00	2.0	북	9	11.22	25.98	0.51	5.3	0.69	3.0	5.5	북북서	348	7.5	1027.2	-	72	
2021-02-26 10:00:00	8.2	북북서	335	11.22	26.08	0.48	4.6	0.64	3.5	5.2	북	351	7.4	1027.2	-	26	
2021-02-26 10:05:00	1.8	남동	130	11.21	26.39	0.50	4.7	0.67	6.5	4.7	북	355	7.5	1027.2	-	53	
2021-02-26 10:10:00	3.3	남	181	11.21	26.04	0.55	4.8	0.83	7.5	5.2	북북서	348	7.5	1027.2	-	77	
2021-02-26 10:15:00	5.1	북서	316	11.21	26.01	0.53	5.3	0.81	4.0	5.6	북북서	341	7.5	1027.3	-	71	
2021-02-26 10:20:00	3.5	서남서	239	11.21	25.96	0.52	4.9	0.79	3.5	5.5	북북서	344	7.5	1027.2	-	34	
2021-02-26 10:25:00	1.7	서북서	291	11.21	25.77	0.57	6.1	0.69	8.0	4.6	북북서	343	7.5	1027.2	-	71	
2021-02-26 10:30:00	2.5	서남서	243	11.21	25.99	0.52	4.1	0.73	3.5	4.2	북	354	7.6	1027.1	-	65	
2021-02-26 10:35:00	2.1	북북서	346	11.21	25.89	0.57	4.9	0.91	3.5	4.3	북	356	7.7	1027.1	-	93	
2021-02-26 10:40:00	8.4	서북서	284	11.21	25.97	0.52	3.8	0.83	4.0	5.0	북북서	343	7.5	1027.0	-	347	
2021-02-26 10:45:00	5.2	북	359	11.21	26.03	0.57	4.0	0.72	3.0	4.7	북북서	348	7.4	1027.1	-	352	
2021-02-26 10:50:00	5.4	북북서	347	11.21	26.01	0.51	4.5	0.91	6.0	4.8	북	351	7.5	1027.1	-	30	
2021-02-26 10:55:00	3.2	남	190	11.21	25.94	0.59	4.5	0.86	3.5	3.6	북	354	7.5	1027.2	-	75	
2021-02-26 11:00:00	9.1	서남서	250	11.22	25.95	0.55	4.4	0.69	3.5	3.5	북북서	345	7.8	1027.2	-	323	
2021-02-26 11:05:00	2.3	남남동	155	11.22	25.98	0.57	5.0	0.73	3.5	4.7	북북서	344	7.9	1027.2	-	87	
2021-02-26 11:10:00	3.9	서남서	248	11.23	26.06	0.51	5.0	0.70	7.5	3.8	북	349	7.8	1027.2	-	18	
2021-02-26 11:15:00	5.4	북북서	329	11.23	26.09	0.49	4.2	0.83	6.5	4.2	북	350	7.6	1027.1	-	17	
2021-02-26 11:20:00	5.2	남서	234	11.23	26.08	0.57	3.8	0.82	3.5	3.7	북북서	340	7.8	1027.1	-	3	
2021-02-26 11:25:00	3.4	서	277	11.24	26.02	0.52	4.5	0.79	4.0	3.6	북	349	8.1	1027.1	-	81	
2021-02-26 11:30:00	4.2	북북동	19	11.25	25.84	0.60	4.5	0.78	4.0	3.8	북	352	8.0	1027.1	-	7	
2021-02-26 11:35:00	6.6	북북서	328	11.26	25.98	0.54	4.0	0.74	3.0	2.5	북북동	14	7.8	1027.1	-	277	
2021-02-26 11:40:00	4.7	남남서	203	11.27	25.96	0.61	4.5	0.87	3.5	3.1	북	8	8.2	1027.2	-	29	
2021-02-26 11:45:00	14.7	동남동	115	11.28	25.91	0.59	4.2	0.80	4.0	3.1	북북동	18	8.1	1027.2	-	16	
2021-02-26 11:50:00	11.8	남남동	167	11.30	25.88	0.58	4.3	0.97	3.5	2.1	북북동	13	8.0	1027.1	-	144	
2021-02-26 11:55:00	5.3	서남서	255	11.30	25.84	0.56	3.8	0.77	3.5	2.7	북동	46	8.1	1027.1	-	274	
2021-02-26 12:00:00	6.8	동남동	108	11.30	25.82	0.60	4.8	0.73	3.5	2.4	북동	36	8.0	1027.0	-	71	
2021-02-26 12:05:00	6.9	서남서	250	11.31	25.96	0.60	5.1	0.79	4.0	2.8	북동	39	7.9	1027.0	-	56	
2021-02-26 12:10:00	4.1	남남동	163	11.30	25.99	0.59	4.6	0.80	3.5	2.8	북동	39	7.9	1027.1	-	108	
2021-02-26 12:15:00	16.9	서	263	11.30	26.00	0.57	4.6	1.04	5.5	3.3	동북동	60	8.1	1027.1	-	69	
2021-02-26 12:20:00	9.7	서북서	291	11.30	25.94	0.65	4.7	0.94	3.5	3.2	북동	52	8.2	1027.0	-	64	
2021-02-26 12:25:00	10.8	남남서	191	11.31	25.94	0.62	4.8	0.90	3.5	4.2	북동	52	8.2	1026.9	-	171	
2021-02-26 12:30:00	6.1	북서	312	11.32	26.03	0.55	4.7	0.67	3.5	3.2	북동	42	8.2	1026.8	-	72	
2021-02-26 12:35:00	31.5	서남서	246	11.31	26.18	0.63	4.3	0.96	3.5	3.6	북동	36	8.2	1026.7	-	132	
2021-02-26 12:40:00	14.4	북서	314	11.30	25.98	0.66	4.5	0.84	4.0	3.8	북동	40	8.2	1026.6	-	122	
2021-02-26 12:45:00	13.7	동북동	62	11.31	26.05	0.62	4.1	0.98	4.0	3.3	북동	48	8.3	1026.5	-	296	
2021-02-26 12:50:00	7.1	서	261	11.32	26.25	0.71	4.9	1.00	5.0	3.5	북동	40	8.3	1026.4	-	236	
2021-02-26 12:55:00	6.4	남남동	154	11.33	25.92	0.69	4.7	1.06	3.5	3.0	북동	39	8.4	1026.3	-	256	
2021-02-26 13:00:00	17.9	서북서	296	11.35	26.12	0.79	4.3	1.18	4.0	3.3	동북동	65	8.3	1026.3	-	90	
2021-02-26 13:05:00	11.4	서북서	301	11.34	26.09	0.62	4.3	1.02	4.0	2.8	동북동	61	8.4	1026.2	-	180	
2021-02-26 13:10:00	14.0	북북서	346	11.35	26.20	0.65	4.3	0.80	4.0	2.7	동북동	64	8.3	1026.2	-	223	
2021-02-26 13:15:00	11.2	북서	319	11.35	26.14	0.59	4.7	0.81	4.5	2.8	동북동	60	8.5	1026.1	-	164	
2021-02-26 13:20:00	13.2	서남서	258	11.36	26.19	0.63	4.6	0.87	5.5	2.2	동북동	75	8.5	1025.9	-	212	
2021-02-26 13:25:00	16.6	서	277	11.38	26.22	0.63	5.1	0.80	6.5	2.0	동	85	8.5	1025.8	-	66	
2021-02-26 13:30:00	13.6	북북동	13	11.41	26.19	0.63	3.9	0.76	3.5	3.2	동	80	8.4	1025.7	-	291	
2021-02-26 13:35:00	10.9	북서	317	11.43	26.41	0.65	4.2	0.84	4.5	3.2	동	91	8.6	1025.6	-	147	
2021-02-26 13:40:00	20.0	북	357	11.43	26.39	0.58	4.8	0.91	4.0	3.1	동	80	8.5	1025.6	-	295	
2021-02-26 13:45:00	4.3	서북서	303	11.43	26.48	0.71	4.1	1.18	4.0	2.9	동북동	65	8.5	1025.5	-	275	
2021-02-26 13:50:00	9.2	서	264	11.42	26.46	0.64	4.6	0.94	3.5	2.5	동	95	8.6	1025.4	-	248	
2021-02-26 13:55:00	13.2	서북서	299	11.41	25.66	0.71	4.3	1.16	3.5	2.2	동남동	104	8.6	1025.4	-	125	
2021-02-26 14:00:00	12.9	서북서	298	11.43	25.74	0.58	4.3	0.85	5.5	2.5	동	91	8.6	1025.3	-	276	
2021-02-26 14:05:00	9.8	북서	324	11.40	26.14	0.66	4.8	0.94	6.0	2.3	동북동	78	8.5	1025.2	-	175	
2021-02-26 14:10:00	5.1	서	270	11.44	26.01	0.76	4.5	0.99	4.5	2.1	동북동	71	8.6	1025.2	-	280	
2021-02-26 14:15:00	6.7	서북서	293	11.49	26.62	0.65	4.4	1.00	4.5	2.7	동	93	8.7	1025.2	-	198	
2021-02-26 14:20:00	8.2	동남동	123	11.46	26.39	0.59	4.4	0.81	5.0	2.0	동	82	8.7	1025.1	-	235	
2021-02-26 14:25:00	12.0	남동	141	11.48	25.98	0.62	4.6	0.92	5.0	3.2	동	97	8.7	1025.1	-	308	
2021-02-26 14:30:00	10.7	서남서	245	11.53	25.81	0.69	5.0	0.95	4.0	2.1	동	87	8.6	1025.0	-	248	
2021-02-26 14:35:00	8.0	남	170	11.49	26.13	0.74	4.6	1.27	4.5	3.1	동남동	121	8.6	1025.0	-	156	
2021-02-26 14:40:00	14.6	북서	314	11.53	26.08	0.63	4.8	0.96	4.0	2.7	동남동	110	8.6	1025.0	-	144	
2021-02-26 14:45:00	19.0	남남서	205	11.51	26.31	0.64	4.6	0.93	4.5	2.0	동남동	111	8.6	1025.0	-	219	
2021-02-26 14:50:00	11.5	북북서	332	11.55	25.86	0.69	4.3	0.89	4.5	1.7	동남동	104	8.6	1025.1	-	302	
2021-02-26 14:55:00	9.4	북	356	11.60	26.11	0.65	4.4	0.76	4.0	1.9	동	88	8.8	1025.1	-	270	
2021-02-26 15:00:00	12.5	서북서	300	11.62	25.74	0.65	4.4	0.98	3.5	2.4	동	79	8.7	1025.1	-	130	
2021-02-26 15:05:00	23.0	서북서	298	11.61	25.58	0.70	4.5	0.95	4.0	2.3	동	81	8.7	1025.1	-	274	
2021-02-26 15:10:00	10.9	북북서	343	11.60	26.11	0.69	4.8	0.89	4.0	2.4	동	92	8.7	1025.1	-	172	
2021-02-26 15:15:00	10.3	북서	311	11.58	26.16	0.68	4.8	0.97	4.5	1.8	동	83	8.8	1025.1	-	106	
2021-02-26 15:20:00	26.3	서북서	290	11.57	26.10	0.63	4.5	0.87	4.5	2.1	동북동	70	8.9	1025.2	-	91	
2021-02-26 15:25:00	6.8	서북서	290	11.61	25.61	0.70	4.6	1.20	4.0	2.2	동	96	8.8	1025.2	-	290	
2021-02-26 15:30:00	16.4	서북서	295	11.63	25.74	0.73	4.4	1.03	6.5	1.7	동북동	68	8.9	1025.3	-	112	
2021-02-26 15:35:00	13.3	북북서	336	11.64	25.66	0.71	4.4	1.06	4.5	2.4	동북동	73	8.9	1025.3	-	132	
2021-02-26 15:40:00	25.3	서남서	247	11.67	25.68	0.68	4.3	0.95	4.0	2.0	동북동	76	8.9	1025.3	-	146	
2021-02-26 15:45:00	29.3	서북서	288	11.68	26.79	0.68	5.2	0.85	8.0	1.5	북동	55	9.0	1025.3	-	44	
2021-02-26 15:50:00	23.3	서남서	240	11.67	25.94	0.75	4.4	1.02	4.0	2.0	북동	56	9.1	1025.3	-	167	
2021-02-26 15:55:00	20.2	북	349	11.67	25.68	0.62	4.8	0.88	4.0	2.5	북동	54	9.0	1025.3	-	216	
2021-02-26 16:00:00	15.4	북서	307	11.67	25.85	0.64	4.6	0.91	5.0	1.8	북동	35	9.1	1025.3	-	201	
2021-02-26 16:05:00	13.2	남남서	205	11.75	26.07	0.67	4.4	0.85	5.0	2.2	북동	46	9.2	1025.4	-	189	
2021-02-26 16:10:00	21.5	남	187	11.76	25.62	0.64	4.4	1.00	4.5	2.0	북동	44	9.2	1025.4	-	50	
2021-02-26 16:15:00	10.0	서남서	243	11.75	25.47	0.60	5.1	1.08	4.5	1.6	북북동	23	9.2	1025.5	-	352	
2021-02-26 16:20:00	12.7	서	270	11.73	25.42	0.63	4.4	0.78	5.0	1.1	북북동	33	9.2	1025.5	-	140	
2021-02-26 16:25:00	17.2	남서	220	11.74	25.46	0.70	4.5	0.96	3.5	1.5	북동	40	9.5	1025.4	-	57	
2021-02-26 16:30:00	10.4	서	264	11.77	25.80	0.67	4.7	1.02	6.5	2.6	북동	44	9.3	1025.4	-	207	
2021-02-26 16:35:00	20.9	서북서	303	11.81	25.64	0.74	5.3	1.00	5.0	1.7	북동	35	9.1	1025.4	-	67	
2021-02-26 16:40:00	3.3	서	264	11.79	26.40	0.62	4.7	0.76	4.5	1.3	북북동	17	9.3	1025.5	-	52	
2021-02-26 16:45:00	34.6	서북서	303	11.78	26.16	0.64	4.5	0.92	5.0	0.5	북북동	16	9.4	1025.5	-	278	
2021-02-26 16:50:00	32.0	북서	312	11.76	25.10	0.66	4.7	0.95	4.5	1.8	북북동	17	9.3	1025.5	-	149	
2021-02-26 16:55:00	32.0	북서	316	11.73	25.84	0.59	4.9	0.78	4.0	2.1	북북동	19	9.0	1025.5	-	46	
2021-02-26 17:00:00	23.8	북서	325	11.74	25.82	0.57	4.9	0.65	4.0	2.1	북북동	13	8.9	1025.6	-	302	
2021-02-26 17:05:00	26.0	서북서	303	11.72	25.56	0.62	4.7	1.02	4.5	2.3	북북동	17	8.9	1025.6	-	39	
2021-02-26 17:10:00	20.1	북서	319	11.70	26.31	0.65	5.4	0.79	4.5	3.2	북북동	15	8.9	1025.6	-	213	
2021-02-26 17:15:00	7.4	북서	306	11.73	25.79	0.63	4.9	1.07	5.0	3.8	북북동	33	8.8	1025.7	-	255	
2021-02-26 17:20:00	11.3	북서	321	11.72	26.02	0.65	4.6	0.93	4.5	4.0	북북동	24	8.6	1025.8	-	107	
2021-02-26 17:25:00	4.8	북북동	26	11.70	25.79	0.77	4.8	1.25	5.0	4.0	북북동	23	8.7	1025.7	-	40	
2021-02-26 17:30:00	3.7	북동	38	11.68	26.32	0.56	4.4	0.83	4.0	4.4	북북동	17	8.4	1025.7	-	286	
2021-02-26 17:35:00	5.0	동북동	58	11.66	25.75	0.65	4.1	1.03	4.0	4.8	북북동	23	8.3	1025.9	-	221	
2021-02-26 17:40:00	5.0	북북동	28	11.65	25.76	0.61	4.4	1.17	5.0	4.3	북북동	25	8.2	1026.0	-	191	
2021-02-26 17:45:00	7.8	북북동	22	11.62	25.91	0.66	4.3	0.86	4.5	4.1	북북동	13	8.2	1026.0	-	346	
2021-02-26 17:50:00	10.2	북	8	11.61	25.77	0.71	4.8	1.06	4.5	4.2	북북동	15	8.2	1026.0	-	82	
2021-02-26 17:55:00	19.0	북북서	347	11.59	26.42	0.69	5.0	1.13	4.5	4.0	북북동	16	8.2	1026.1	-	98	
2021-02-26 18:00:00	17.1	북동	47	11.57	25.76	0.71	4.4	0.99	4.0	4.5	북북동	16	8.1	1026.1	-	109	
2021-02-26 18:05:00	8.3	동북동	59	11.55	26.31	0.65	4.6	0.87	4.0	4.1	북북동	23	8.1	1026.2	-	84	
2021-02-26 18:10:00	16.3	북서	324	11.54	25.92	0.68	4.5	0.83	4.5	3.2	북북동	23	8.1	1026.3	-	46	
2021-02-26 18:15:00	11.6	북	5	11.52	26.38	0.73	4.8	1.22	5.0	3.0	북북동	23	8.0	1026.4	-	89	
2021-02-26 18:20:00	5.4	북북동	21	11.51	26.06	0.70	5.0	0.83	5.5	3.7	북	2	8.0	1026.5	-	96	
2021-02-26 18:25:00	5.0	북북동	19	11.49	26.73	0.71	4.9	1.08	5.0	3.6	북	6	8.1	1026.5	-	85	
2021-02-26 18:30:00	4.8	북동	43	11.47	25.84	0.72	5.1	1.08	4.0	4.2	북북동	25	8.1	1026.6	-	174	
2021-02-26 18:35:00	1.2	동북동	61	11.46	26.45	0.64	4.7	0.82	6.0	4.7	북	8	8.1	1026.7	-	129	
2021-02-26 18:40:00	1.7	동남동	103	11.45	26.23	0.76	5.0	1.15	4.5	4.6	북	11	8.0	1026.7	-	101	
2021-02-26 18:45:00	4.6	북	3	11.44	25.96	0.74	5.1	1.01	5.5	4.0	북	3	8.1	1026.7	-	199	
2021-02-26 18:50:00	2.4	북	1	11.42	27.10	0.72	4.6	1.16	4.5	4.4	북	8	8.0	1026.8	-	169	
2021-02-26 18:55:00	3.6	북동	44	11.41	26.11	0.71	4.5	1.57	4.5	4.8	북	11	8.1	1026.8	-	316	
2021-02-26 19:00:00	7.9	북	359	11.40	26.01	0.79	4.6	1.06	3.5	4.3	북북동	13	8.0	1026.9	-	52	
2021-02-26 19:05:00	8.8	북북서	347	11.39	26.08	0.78	4.5	1.13	5.0	4.1	북	359	8.1	1026.9	-	321	
2021-02-26 19:10:00	1.8	북	0	11.38	26.72	0.88	4.9	1.27	4.5	4.0	북	349	8.1	1027.0	-	348	
2021-02-26 19:15:00	7.6	북	351	11.36	27.20	0.68	4.5	0.97	5.0	3.9	북	2	8.0	1027.0	-	179	
2021-02-26 19:20:00	7.2	북북서	348	11.35	26.00	0.79	5.1	1.18	4.5	3.6	북	4	8.0	1027.0	-	23	
2021-02-26 19:25:00	3.8	북북서	343	11.34	26.30	0.87	5.2	1.27	5.0	3.1	북북서	334	8.1	1027.1	-	30	
2021-02-26 19:30:00	5.5	서북서	303	11.34	26.44	0.81	4.6	1.17	4.5	4.0	북북서	327	8.1	1027.2	-	206	
2021-02-26 19:35:00	4.6	북서	318	11.33	26.40	0.75	4.8	1.03	5.5	5.1	북서	316	7.7	1027.3	-	177	
2021-02-26 19:40:00	1.6	서북서	301	11.32	26.32	0.85	5.0	1.35	5.5	5.2	서북서	299	7.5	1027.3	-	94	
2021-02-26 19:45:00	6.0	북	3	11.31	27.12	0.83	5.3	1.22	5.5	5.1	서북서	299	7.5	1027.3	-	60	
2021-02-26 19:50:00	4.7	북서	315	11.31	26.48	0.73	5.3	1.26	5.0	5.4	서북서	295	7.2	1027.4	-	124	
2021-02-26 19:55:00	1.7	북북서	338	11.30	26.72	0.69	5.0	0.98	5.0	5.2	서북서	299	7.2	1027.4	-	246	
2021-02-26 20:00:00	4.3	서북서	301	11.30	26.51	0.80	5.1	1.13	4.5	4.9	서북서	294	7.3	1027.4	-	106	
2021-02-26 20:05:00	5.7	북서	312	11.30	26.63	0.82	5.4	1.03	5.0	5.3	서북서	296	7.2	1027.4	-	42	
2021-02-26 20:10:00	5.0	북	356	11.29	26.50	0.78	5.0	1.13	4.5	6.0	서북서	297	7.2	1027.4	-	108	
2021-02-26 20:15:00	6.8	북	6	11.28	26.62	0.83	4.9	1.09	4.5	6.5	서북서	297	7.2	1027.4	-	82	
2021-02-26 20:20:00	5.8	북서	316	11.27	26.79	0.81	5.1	1.23	5.5	6.0	서북서	298	7.2	1027.5	-	115	
2021-02-26 20:25:00	4.8	북	351	11.27	26.13	0.79	5.3	1.11	5.0	6.6	북서	314	7.5	1027.4	-	41	
2021-02-26 20:30:00	0.8	동남동	118	11.27	26.26	0.91	5.0	1.79	5.0	6.7	북	8	8.0	1027.5	-	87	
2021-02-26 20:35:00	4.7	북북동	17	11.26	26.05	0.85	5.0	1.38	4.5	7.2	북	8	7.9	1027.6	-	47	
2021-02-26 20:40:00	2.0	동	98	11.27	26.14	0.92	5.1	1.35	5.5	7.6	북북동	21	8.0	1027.6	-	48	
2021-02-26 20:45:00	4.7	북동	35	11.26	25.86	1.03	5.4	1.43	5.5	7.5	북북동	20	7.9	1027.7	-	81	
2021-02-26 20:50:00	4.5	북동	55	11.26	26.08	0.95	5.3	1.25	5.5	8.0	북북동	30	7.8	1027.8	-	50	
2021-02-26 20:55:00	4.0	북동	46	11.25	26.46	1.10	5.0	1.49	6.0	7.8	북북동	30	7.8	1027.8	-	69	
2021-02-26 21:00:00	5.7	북동	54	11.24	26.50	1.18	5.1	1.70	4.5	7.3	북북동	30	7.8	1027.8	-	68	
2021-02-26 21:05:00	4.0	북동	35	11.24	26.47	1.04	5.4	1.61	5.0	6.8	북북동	28	7.8	1027.8	-	76	
2021-02-26 21:10:00	6.1	북	350	11.23	26.53	1.04	5.2	1.28	6.0	6.8	북동	35	7.8	1027.9	-	42	
2021-02-26 21:15:00	2.8	서북서	303	11.22	26.13	1.00	5.1	1.26	5.0	6.8	북북동	29	7.8	1028.0	-	86	
2021-02-26 21:20:00	1.6	북북서	336	11.23	25.98	1.06	5.2	1.48	5.5	6.3	북동	39	7.8	1028.1	-	118	
2021-02-26 21:25:00	2.3	북북서	328	11.22	26.28	1.13	5.4	1.61	5.5	6.2	북동	36	7.9	1028.1	-	74	
2021-02-26 21:30:00	4.5	북서	326	11.22	26.46	0.98	4.5	1.46	5.5	6.4	북동	34	7.8	1028.2	-	217	
2021-02-26 21:35:00	3.8	동남동	113	11.21	26.34	1.18	5.0	2.00	5.0	5.6	북북동	33	7.8	1028.3	-	73	
2021-02-26 21:40:00	6.0	동남동	105	11.22	26.34	1.29	5.4	1.85	3.5	5.4	북북동	25	7.8	1028.5	-	183	
2021-02-26 21:45:00	5.4	북	2	11.22	26.65	1.07	5.4	1.63	5.0	5.6	북북동	30	7.8	1028.4	-	51	
2021-02-26 21:50:00	2.4	남남서	203	11.22	26.16	1.19	5.6	1.97	6.0	5.9	북북서	337	7.5	1028.6	-	76	
2021-02-26 21:55:00	1.5	북북동	24	11.21	26.06	1.11	5.4	1.48	5.0	3.8	북북서	344	6.6	1028.6	-	62	
2021-02-26 22:00:00	3.7	서북서	289	11.21	26.10	1.11	5.5	1.49	5.5	2.8	북	11	6.7	1028.6	-	56	
2021-02-26 22:05:00	6.5	남동	128	11.20	26.16	1.29	4.8	2.04	6.5	5.6	북북동	22	7.6	1028.7	-	174	
2021-02-26 22:10:00	9.3	서북서	292	11.20	26.01	1.15	5.2	1.78	5.5	4.7	북북서	337	7.0	1028.8	-	230	
2021-02-26 22:15:00	1.2	동	89	11.20	26.46	1.25	5.6	1.90	6.5	5.2	북북서	347	7.0	1028.8	-	75	
2021-02-26 22:20:00	6.3	남서	228	11.20	27.22	1.12	5.5	1.47	5.0	5.1	북	350	7.0	1028.8	-	65	
2021-02-26 22:25:00	7.7	서	278	11.20	26.18	1.32	5.2	1.73	6.0	6.8	북북서	344	7.3	1029.0	-	31	
2021-02-26 22:30:00	17.3	서북서	286	11.20	25.96	1.36	5.8	1.79	5.5	6.9	북북서	330	6.7	1029.1	-	60	
2021-02-26 22:35:00	12.9	남동	126	11.20	25.90	1.19	5.4	1.66	5.0	8.1	북북서	328	6.7	1029.0	-	66	
2021-02-26 22:40:00	6.3	남서	214	11.20	25.41	1.35	5.4	2.09	5.5	7.1	북북서	331	6.6	1029.1	-	62	
2021-02-26 22:45:00	8.8	동북동	60	11.19	26.37	1.38	5.5	2.37	5.0	6.6	북서	318	6.6	1029.0	-	296	
2021-02-26 22:50:00	6.0	남	184	11.19	26.49	1.41	5.3	1.68	5.0	6.3	북서	320	6.7	1029.1	-	49	
2021-02-26 22:55:00	8.0	남남동	159	11.19	25.91	1.20	5.1	1.78	4.5	5.9	북서	308	6.7	1029.0	-	10	
2021-02-26 23:00:00	5.4	남동	141	11.18	26.07	1.50	5.7	2.03	6.5	5.9	북북서	339	7.1	1029.1	-	77	
2021-02-26 23:05:00	5.7	남남서	192	11.18	25.98	1.20	5.2	1.68	5.0	5.2	북동	36	7.5	1029.1	-	33	
2021-02-26 23:10:00	8.1	남	189	11.18	26.05	1.25	5.3	1.67	4.0	6.4	북동	43	7.7	1029.1	-	75	
2021-02-26 23:15:00	10.2	남남서	204	11.18	25.52	1.46	5.3	1.91	4.5	5.9	북동	35	7.9	1029.1	-	43	
2021-02-26 23:20:00	4.7	서남서	243	11.17	26.25	1.41	5.3	2.15	5.0	5.2	북동	35	7.8	1029.2	-	53	
2021-02-26 23:25:00	3.5	남	185	11.17	25.97	1.39	4.6	2.18	5.0	4.7	북북동	19	7.8	1029.2	-	292	
2021-02-26 23:30:00	8.9	남	187	11.17	26.56	1.66	5.3	2.31	5.5	3.2	북	5	6.9	1029.3	-	68	
2021-02-26 23:35:00	2.2	남남동	161	11.17	27.05	1.35	5.4	2.06	5.0	5.7	북북동	33	7.6	1029.2	-	60	
2021-02-26 23:40:00	7.6	서남서	237	11.17	25.83	1.37	5.9	1.95	6.5	5.4	북북서	341	7.4	1029.2	-	79	
2021-02-26 23:45:00	2.4	남남서	194	11.17	25.84	1.31	5.3	1.73	5.0	5.5	북북서	345	7.1	1029.2	-	24	
2021-02-26 23:50:00	3.2	북북서	346	11.16	26.18	1.40	5.8	1.90	6.5	5.0	북북서	342	7.0	1029.2	-	62	
2021-02-26 23:55:00	5.3	동	95	11.16	25.99	1.38	5.5	1.73	5.5	7.1	북서	324	6.9	1029.1	-	66	
2021-02-27 00:00:00	5.2	동남동	112	11.16	25.84	1.26	5.8	1.98	5.5	6.7	북북서	328	6.8	1029.3	-	62	
2021-02-27 00:05:00	3.8	동	86	11.15	26.13	1.36	6.0	2.01	5.0	7.9	북북서	331	6.8	1029.2	-	41	
2021-02-27 00:10:00	0.6	북서	326	11.16	27.07	1.44	5.8	1.85	5.0	8.6	북서	325	6.5	1029.2	-	50	
2021-02-27 00:15:00	4.8	남동	129	11.15	25.83	1.24	5.8	2.13	5.5	8.6	북서	321	6.4	1029.2	-	29	
2021-02-27 00:20:00	6.8	남남서	204	11.15	25.85	1.51	5.7	2.03	5.5	8.7	북서	312	6.3	1029.2	-	68	
2021-02-27 00:25:00	4.1	서	263	11.15	25.76	1.66	5.4	2.42	5.5	8.5	북서	312	6.3	1029.3	-	78	
2021-02-27 00:30:00	1.4	서	267	11.14	25.68	1.52	5.7	1.89	7.0	9.1	북서	318	6.4	1029.3	-	3	
2021-02-27 00:35:00	10.1	남남서	205	11.14	26.45	1.38	5.8	2.08	6.0	8.9	북서	320	6.3	1029.4	-	67	
2021-02-27 00:40:00	3.9	남남서	208	11.13	26.89	1.52	6.0	2.30	5.0	9.1	북서	325	6.1	1029.3	-	59	
2021-02-27 00:45:00	11.4	남남동	152	11.13	26.10	1.57	5.8	2.12	6.5	9.5	북서	323	6.2	1029.4	-	48	
2021-02-27 00:50:00	11.4	남	174	11.13	25.77	1.41	5.4	1.95	5.5	8.7	북서	321	6.2	1029.5	-	37	
2021-02-27 00:55:00	8.3	남남동	166	11.12	25.89	1.43	6.0	2.24	5.5	8.9	북서	319	6.1	1029.6	-	26	
2021-02-27 01:00:00	7.8	남남서	206	11.12	26.34	1.46	6.0	1.86	5.5	8.8	북서	320	6.0	1029.6	-	20	
2021-02-27 01:05:00	13.3	남동	142	11.11	26.04	1.24	5.5	1.59	5.0	8.3	북서	323	5.9	1029.7	-	349	
2021-02-27 01:10:00	6.6	남남동	153	11.10	26.50	1.29	5.4	1.91	5.0	8.1	북서	322	5.8	1029.7	-	75	
2021-02-27 01:15:00	10.7	남동	140	11.10	25.87	1.42	5.9	1.75	6.5	8.8	북서	322	5.8	1029.7	-	48	
2021-02-27 01:20:00	4.2	남남서	202	11.10	25.93	1.16	5.7	1.54	5.5	8.1	북서	319	5.6	1029.8	-	82	
2021-02-27 01:25:00	5.5	남	175	11.10	26.02	1.35	6.0	2.11	6.5	7.9	북서	318	5.6	1029.8	-	46	
2021-02-27 01:30:00	7.2	남남동	156	11.10	25.92	1.18	5.5	1.33	5.5	7.2	북서	317	5.8	1029.9	-	16	
2021-02-27 01:35:00	3.7	남남서	199	11.10	26.10	1.41	5.8	2.28	6.0	7.1	북서	312	5.6	1030.0	-	75	
2021-02-27 01:40:00	18.5	남동	135	11.10	26.06	1.30	6.0	1.79	5.0	7.4	북서	307	5.5	1029.9	-	40	
2021-02-27 01:45:00	8.3	남동	140	11.09	25.85	1.24	6.1	1.81	6.0	7.0	북서	309	5.5	1030.0	-	71	
2021-02-27 01:50:00	23.1	남동	140	11.09	26.08	1.33	5.9	1.71	6.5	6.9	북서	310	5.4	1030.0	-	72	
2021-02-27 01:55:00	6.5	남동	142	11.09	25.98	1.33	5.6	1.81	6.0	7.1	북서	308	5.6	1030.0	-	21	
2021-02-27 02:00:00	9.5	남동	137	11.09	25.57	1.24	5.7	1.67	6.5	7.1	북서	315	5.3	1030.1	-	83	
2021-02-27 02:05:00	11.9	남남동	153	11.09	25.79	1.18	5.1	1.57	5.5	6.9	북서	315	5.5	1030.1	-	339	
2021-02-27 02:10:00	8.8	남	172	11.09	25.75	1.19	5.8	1.75	5.5	7.0	북서	316	5.5	1030.2	-	37	
2021-02-27 02:15:00	18.0	남남동	162	11.10	25.76	1.38	6.1	1.67	5.5	6.5	서북서	301	5.4	1030.1	-	27	
2021-02-27 02:20:00	7.2	동	85	11.10	25.12	1.41	5.6	2.14	5.5	6.0	서북서	302	5.2	1030.1	-	55	
2021-02-27 02:25:00	16.0	남남동	168	11.09	26.45	1.30	5.5	1.58	3.5	7.4	북서	320	5.5	1030.1	-	72	
2021-02-27 02:30:00	5.9	남남서	200	11.10	26.26	1.39	5.9	1.78	6.0	7.6	북북서	333	5.8	1030.2	-	39	
2021-02-27 02:35:00	15.2	남	184	11.10	26.04	1.20	5.8	1.74	5.0	6.9	북북서	336	5.8	1030.2	-	35	
2021-02-27 02:40:00	17.9	남동	138	11.10	26.94	1.25	5.3	1.91	5.5	7.4	북북서	330	5.9	1030.2	-	9	
2021-02-27 02:45:00	6.2	남	175	11.11	25.99	1.27	5.4	1.65	5.0	7.5	북서	322	5.7	1030.2	-	57	
2021-02-27 02:50:00	24.5	남	172	11.11	26.01	1.26	5.9	2.48	5.5	7.7	북서	320	5.5	1030.1	-	97	
2021-02-27 02:55:00	5.8	남	180	11.11	25.92	1.46	6.2	1.66	6.5	7.2	북서	319	5.5	1030.2	-	59	
2021-02-27 03:00:00	19.1	남	184	11.10	26.76	1.15	6.0	1.53	5.5	7.8	북서	315	5.6	1030.1	-	50	
2021-02-27 03:05:00	20.4	남남동	153	11.10	25.89	1.23	5.6	1.55	6.5	6.8	북서	309	5.3	1030.2	-	248	
2021-02-27 03:10:00	14.7	남서	224	11.11	25.92	1.25	5.6	1.54	6.0	6.7	북서	308	5.1	1030.2	-	50	
2021-02-27 03:15:00	20.3	남남서	206	11.12	25.94	1.28	5.4	1.71	5.0	6.4	북서	312	5.0	1030.1	-	354	
2021-02-27 03:20:00	6.4	남남서	200	11.12	25.98	1.31	5.5	1.61	4.0	7.0	북서	310	5.1	1030.2	-	44	
2021-02-27 03:25:00	8.1	동남동	109	11.12	25.92	1.29	5.5	1.69	6.0	7.5	북서	309	5.1	1030.1	-	324	
2021-02-27 03:30:00	9.3	남동	135	11.12	25.95	1.35	5.7	1.67	6.0	7.6	북서	305	5.2	1030.1	-	80	
2021-02-27 03:35:00	11.4	남남동	150	11.11	26.70	1.30	5.5	1.61	5.0	8.0	북서	312	5.1	1030.0	-	7	
2021-02-27 03:40:00	28.1	남	189	11.12	25.68	1.43	6.0	1.83	7.0	7.8	북서	313	5.2	1030.1	-	51	
2021-02-27 03:45:00	6.5	남동	146	11.12	25.78	1.35	5.7	1.83	5.5	6.8	북서	313	5.1	1030.1	-	72	
2021-02-27 03:50:00	10.8	남동	142	11.12	25.99	1.45	5.3	1.97	6.0	7.1	북서	313	5.0	1030.1	-	350	
2021-02-27 03:55:00	9.6	남남동	148	11.12	25.83	1.31	5.6	1.89	5.0	7.1	북서	316	4.9	1030.1	-	73	
2021-02-27 04:00:00	10.1	남남동	159	11.12	25.71	1.35	5.8	1.97	5.0	6.4	북서	315	4.9	1030.1	-	50	
2021-02-27 04:05:00	16.4	남	173	11.12	25.88	1.54	5.9	2.17	5.0	6.8	북서	318	4.9	1030.0	-	76	
2021-02-27 04:10:00	22.3	남남서	194	11.12	26.36	1.41	5.6	1.74	4.5	6.0	북서	316	5.0	1030.1	-	343	
2021-02-27 04:15:00	12.3	남동	136	11.12	25.80	1.43	5.7	2.32	5.5	7.1	북서	314	5.1	1030.1	-	26	
2021-02-27 04:20:00	8.0	남동	143	11.12	25.91	1.29	5.9	1.61	6.0	6.2	북서	311	5.1	1030.3	-	59	
2021-02-27 04:25:00	15.1	남동	142	11.12	25.93	1.37	6.0	2.11	6.0	5.7	서북서	299	4.9	1030.3	-	53	
2021-02-27 04:30:00	12.7	남동	130	11.12	25.93	1.32	5.6	1.63	5.0	5.9	서북서	298	4.6	1030.5	-	56	
2021-02-27 04:35:00	12.9	남남서	194	11.12	25.82	1.28	5.5	1.95	5.0	4.9	서북서	295	4.7	1030.6	-	81	
2021-02-27 04:40:00	20.7	남남동	153	11.12	25.74	1.35	5.6	1.95	6.5	4.9	서북서	295	4.8	1030.6	-	88	
2021-02-27 04:45:00	31.4	남남동	166	11.12	25.60	1.14	5.7	1.56	4.5	4.8	서북서	301	4.7	1030.7	-	66	
2021-02-27 04:50:00	11.3	남동	125	11.13	25.74	1.22	5.5	1.73	6.0	4.7	서북서	301	4.8	1030.8	-	317	
2021-02-27 04:55:00	8.7	남서	218	11.13	25.71	1.15	6.0	1.72	6.0	5.3	서북서	299	5.0	1030.8	-	31	
2021-02-27 05:00:00	16.1	남남동	152	11.13	25.94	1.20	5.5	1.94	6.0	4.9	서북서	296	4.9	1030.9	-	16	
2021-02-27 05:05:00	9.6	서남서	251	11.14	25.83	1.32	6.0	1.76	5.5	4.3	서북서	283	4.8	1030.9	-	41	
2021-02-27 05:10:00	27.8	동남동	117	11.14	25.72	1.12	5.7	1.49	6.5	4.2	서	278	4.8	1031.0	-	91	
2021-02-27 05:15:00	9.9	동	100	11.15	25.79	1.22	5.9	1.78	5.0	4.2	서	272	4.8	1031.1	-	54	
2021-02-27 05:20:00	14.6	남남동	156	11.15	25.67	1.44	6.3	2.01	6.0	4.3	서	281	4.7	1031.1	-	70	
2021-02-27 05:25:00	19.7	서북서	288	11.15	25.76	1.20	6.1	1.66	6.0	3.9	서	267	4.6	1031.1	-	36	
2021-02-27 05:30:00	0.5	서북서	301	11.15	25.82	1.25	5.6	1.79	6.0	5.0	서북서	292	4.9	1031.2	-	67	
2021-02-27 05:35:00	6.6	동북동	76	11.16	25.80	1.24	6.4	1.79	5.5	5.1	서북서	290	5.0	1031.2	-	104	
2021-02-27 05:40:00	8.4	동남동	121	11.17	25.88	1.37	6.3	1.68	6.5	5.8	북서	304	5.1	1031.2	-	70	
2021-02-27 05:45:00	10.1	남동	137	11.16	26.29	1.23	5.6	1.71	5.5	5.0	북서	307	5.1	1031.3	-	60	
2021-02-27 05:50:00	23.9	남남동	161	11.17	26.02	1.22	5.4	1.50	4.5	5.4	북서	308	5.3	1031.4	-	27	
2021-02-27 05:55:00	9.3	동남동	112	11.17	27.00	1.30	5.3	1.59	4.5	5.3	북서	307	5.2	1031.4	-	62	
2021-02-27 06:00:00	10.9	동남동	110	11.17	26.16	1.18	5.8	1.62	5.0	4.3	서	281	5.1	1031.4	-	28	
2021-02-27 06:05:00	22.6	남동	140	11.18	26.26	1.16	5.8	1.76	6.0	4.4	서북서	302	5.4	1031.5	-	68	
2021-02-27 06:10:00	21.3	동	87	11.19	26.24	1.19	6.3	1.53	6.5	4.2	서	272	5.4	1031.5	-	30	
2021-02-27 06:15:00	12.7	동남동	119	11.19	25.94	1.07	5.4	1.43	7.0	3.1	남서	218	4.9	1031.6	-	48	
2021-02-27 06:20:00	7.7	동	84	11.19	25.95	1.31	5.9	1.52	5.5	3.3	서북서	282	4.9	1031.5	-	64	
2021-02-27 06:25:00	9.1	남서	236	11.19	26.84	1.17	5.5	1.79	5.0	3.0	서	279	5.0	1031.6	-	186	
2021-02-27 06:30:00	31.2	동남동	111	11.19	26.38	1.26	6.1	1.77	6.5	2.3	서	265	5.0	1031.7	-	72	
2021-02-27 06:35:00	-	-	-	-	-	-	-	-	-	-	-	-	-	-	-	-	
2021-02-27 06:40:00	3.9	동남동	120	11.22	26.47	0.00	0.0	0.00	0.0	2.8	서	268	5.0	1031.8	-	69	
2021-02-27 06:45:00	3.8	서북서	283	11.22	26.43	1.33	6.4	1.68	5.5	2.8	서북서	285	4.9	1031.8	-	77	
2021-02-27 06:50:00	11.8	남	173	11.22	27.18	1.22	6.2	1.63	6.0	3.1	서북서	283	5.0	1031.9	-	53	
2021-02-27 06:55:00	4.3	남동	143	11.23	26.43	1.20	5.9	1.49	8.0	3.2	서	277	5.0	1032.0	-	40	
2021-02-27 07:00:00	4.6	남남서	194	11.24	26.08	1.33	6.1	1.73	6.0	3.2	서	280	5.0	1032.0	-	90	
2021-02-27 07:05:00	7.3	남서	218	11.25	26.02	1.31	6.2	2.06	6.0	2.9	서북서	292	5.0	1032.1	-	87	
2021-02-27 07:10:00	15.5	남남동	165	11.25	25.95	1.48	6.0	2.64	5.5	2.7	서북서	286	5.1	1032.1	-	61	
2021-02-27 07:15:00	11.5	남동	132	11.25	25.91	1.15	5.8	1.64	5.5	2.9	서북서	287	5.1	1032.2	-	90	
2021-02-27 07:20:00	6.4	남남서	206	11.25	25.91	1.26	5.8	1.72	5.5	2.7	서북서	290	5.2	1032.3	-	76	
2021-02-27 07:25:00	3.4	북서	313	11.25	26.15	1.39	5.8	1.98	5.5	2.6	서북서	282	5.2	1032.3	-	90	
2021-02-27 07:30:00	13.2	서	264	11.26	26.68	1.21	5.9	1.57	6.0	2.7	서북서	286	5.2	1032.4	-	29	
2021-02-27 07:35:00	13.2	남남서	191	11.27	26.35	1.32	5.7	1.94	5.5	2.5	서	270	5.2	1032.4	-	83	
2021-02-27 07:40:00	13.8	동남동	120	11.28	26.30	1.30	6.2	1.68	6.5	2.2	서	274	5.1	1032.5	-	60	
2021-02-27 07:45:00	6.3	북서	322	11.28	26.19	1.23	5.7	1.77	5.0	2.0	서	277	5.2	1032.5	-	80	
2021-02-27 07:50:00	11.3	서북서	284	11.30	26.36	1.27	5.8	1.58	5.0	2.3	서	281	5.2	1032.6	-	84	
2021-02-27 07:55:00	9.7	남서	226	11.32	26.18	1.37	5.9	2.02	6.0	2.1	서북서	283	5.3	1032.6	-	79	
2021-02-27 08:00:00	13.9	남남동	166	11.32	26.04	1.16	5.1	1.65	5.0	2.0	서	273	5.3	1032.7	-	44	
2021-02-27 08:05:00	6.8	남남서	196	11.32	26.01	1.24	6.0	1.64	5.5	2.2	서	271	5.3	1032.7	-	49	
2021-02-27 08:10:00	-	-	-	-	-	-	-	-	-	-	-	-	-	-	-	-	
2021-02-27 08:15:00	6.3	남남동	160	11.34	26.15	0.00	0.0	0.00	0.0	2.1	서	275	5.3	1032.8	-	213	
2021-02-27 08:20:00	13.0	서북서	289	11.33	25.01	1.43	5.6	2.15	6.5	2.2	서	264	5.2	1032.9	-	49	
2021-02-27 08:25:00	3.0	북북동	22	11.32	26.12	1.25	6.0	1.61	5.5	2.3	남서	235	5.2	1033.0	-	27	
2021-02-27 08:30:00	4.4	동북동	74	11.32	25.92	1.30	5.2	1.80	5.5	2.4	서남서	253	5.1	1033.0	-	67	
2021-02-27 08:35:00	16.6	서북서	282	11.32	25.76	1.20	6.1	1.54	5.5	2.3	서남서	248	5.1	1033.1	-	27	
2021-02-27 08:40:00	15.8	서	275	11.32	25.94	1.23	6.3	1.44	7.0	2.9	서남서	248	5.1	1033.1	-	56	
2021-02-27 08:45:00	6.2	남	188	11.32	26.24	1.33	6.0	1.98	6.0	2.8	서남서	248	5.3	1033.3	-	58	
2021-02-27 08:50:00	21.1	서남서	251	11.33	25.99	1.31	5.5	1.90	6.0	2.4	남서	232	5.3	1033.3	-	65	
2021-02-27 08:55:00	10.8	서남서	237	11.33	25.96	1.19	5.7	1.67	5.5	2.6	남서	234	5.3	1033.4	-	57	
2021-02-27 09:00:00	13.8	북서	325	11.33	26.06	1.35	5.6	1.67	5.5	2.7	서남서	239	5.3	1033.5	-	52	
2021-02-27 09:05:00	10.1	서남서	248	11.32	25.92	1.28	6.1	1.68	5.5	3.6	서남서	240	5.3	1033.4	-	70	
2021-02-27 09:10:00	16.1	남	173	11.33	25.98	1.21	5.8	1.38	6.0	1.5	남서	221	5.3	1033.5	-	83	
2021-02-27 09:15:00	-	-	-	-	-	0.00	0.0	0.00	0.0	2.5	남서	225	5.9	-	-	0	
2021-02-27 09:20:00	12.7	남남서	196	11.34	25.92	1.19	5.1	1.82	4.5	1.5	남서	215	5.9	1033.5	-	161	
2021-02-27 09:25:00	8.9	북북서	345	11.32	25.89	1.33	5.9	1.72	6.5	1.6	남서	223	5.9	1033.5	-	67	
2021-02-27 09:30:00	13.2	남	172	11.32	25.82	1.17	5.8	1.62	5.5	3.3	동남동	113	6.0	1033.5	-	89	
2021-02-27 09:35:00	16.0	서남서	259	11.32	25.87	1.15	5.6	1.97	5.0	7.1	동남동	117	6.7	1033.3	-	68	
2021-02-27 09:40:00	18.8	서북서	293	11.32	25.90	1.43	5.8	2.08	6.0	6.7	동남동	123	7.0	1033.4	-	81	
2021-02-27 09:45:00	10.5	남	179	11.31	26.10	1.25	5.5	2.07	6.0	6.3	동남동	118	7.2	1033.3	-	47	
2021-02-27 09:50:00	11.5	서	281	11.31	25.69	1.37	5.3	1.87	6.5	7.1	동남동	111	7.0	1033.3	-	87	
2021-02-27 09:55:00	6.3	북동	43	11.30	25.78	1.36	5.4	1.97	4.5	7.4	동남동	111	7.1	1033.2	-	64	
2021-02-27 10:00:00	8.0	서남서	252	11.29	25.67	1.38	5.3	1.93	4.5	7.8	동남동	113	7.2	1033.3	-	289	
2021-02-27 10:05:00	11.9	남서	229	11.29	25.81	1.16	5.1	1.47	5.5	7.3	동남동	109	7.0	1033.2	-	84	
2021-02-27 10:10:00	1.4	동남동	110	11.28	25.77	1.15	5.7	1.91	4.5	7.9	동남동	119	7.1	1033.2	-	84	
2021-02-27 10:15:00	17.7	북동	47	11.28	25.87	1.45	6.1	2.02	6.0	8.0	동남동	116	7.0	1033.3	-	54	
2021-02-27 10:20:00	6.6	서북서	291	11.27	25.97	1.23	5.5	1.82	4.5	7.7	동남동	118	7.1	1033.2	-	26	
2021-02-27 10:25:00	6.8	남서	216	11.27	25.80	1.27	5.8	2.00	6.0	8.1	동남동	117	7.2	1033.2	-	40	
2021-02-27 10:30:00	7.3	남서	228	11.27	25.10	1.24	5.1	1.64	5.5	7.9	동남동	120	7.1	1033.3	-	78	
2021-02-27 10:35:00	0.3	서남서	253	11.27	26.22	1.24	5.8	1.50	6.0	7.5	동남동	119	7.1	1033.3	-	51	
2021-02-27 10:40:00	8.9	남	178	11.26	25.97	1.23	5.5	1.59	5.5	8.1	동남동	117	7.2	1033.3	-	103	
2021-02-27 10:45:00	5.4	남	175	11.26	26.18	1.45	5.7	2.03	5.0	7.9	동남동	120	7.0	1033.4	-	87	
2021-02-27 10:50:00	11.6	남	186	11.25	26.27	1.30	6.1	1.86	6.5	7.9	동남동	123	7.1	1033.4	-	84	
2021-02-27 10:55:00	4.4	동남동	116	11.25	25.27	1.41	5.4	1.97	5.5	7.8	동남동	117	7.1	1033.3	-	67	
2021-02-27 11:00:00	28.1	북	4	11.25	25.76	1.21	5.2	1.82	5.5	7.9	동남동	119	7.3	1033.3	-	47	
2021-02-27 11:05:00	8.3	서남서	251	11.25	26.50	1.48	5.7	2.08	6.5	8.0	동남동	118	7.2	1033.4	-	65	
2021-02-27 11:10:00	7.4	북북서	348	11.25	26.10	1.32	5.9	1.73	6.0	8.0	동남동	122	7.1	1033.4	-	63	
2021-02-27 11:15:00	9.0	서	275	11.25	26.16	1.15	5.3	1.54	6.0	7.2	남동	124	7.2	1033.4	-	45	
2021-02-27 11:20:00	14.7	서북서	292	11.25	25.81	1.33	5.9	2.08	5.5	8.1	남동	128	7.2	1033.4	-	78	
2021-02-27 11:25:00	8.5	북서	318	11.25	26.15	1.28	5.4	2.00	5.5	7.4	남동	126	7.2	1033.4	-	68	
2021-02-27 11:30:00	3.5	남남서	203	11.24	26.01	1.35	5.1	1.79	6.5	7.4	남동	131	7.2	1033.5	-	29	
2021-02-27 11:35:00	4.5	남남서	203	11.24	27.03	1.34	5.6	1.98	5.5	8.3	남동	126	7.1	1033.5	-	62	
2021-02-27 11:40:00	8.5	서	259	11.24	26.20	1.33	5.5	2.09	5.0	8.0	남동	128	7.1	1033.4	-	63	
2021-02-27 11:45:00	0.9	남	189	11.24	25.96	1.47	5.9	2.36	6.0	8.3	남동	133	7.2	1033.3	-	63	
2021-02-27 11:50:00	1.4	북북동	19	11.23	25.88	1.49	5.6	2.32	5.5	8.5	남동	125	7.1	1033.3	-	85	
2021-02-27 11:55:00	8.2	북서	321	11.23	25.76	1.35	5.9	1.63	6.5	8.8	남동	127	7.1	1033.3	-	105	
2021-02-27 12:00:00	3.2	서북서	296	11.23	25.65	1.44	5.3	1.89	5.0	8.3	남동	137	7.1	1033.3	-	58	
2021-02-27 12:05:00	3.7	남남서	207	11.22	25.69	1.12	5.8	1.52	8.0	8.3	남동	135	7.1	1033.4	-	24	
2021-02-27 12:10:00	3.9	북서	306	11.22	26.57	1.23	5.6	1.97	6.0	8.2	남동	139	7.1	1033.4	-	84	
2021-02-27 12:15:00	10.4	서	279	11.22	26.09	1.33	5.5	1.70	6.0	8.6	남동	141	7.1	1033.3	-	81	
2021-02-27 12:20:00	10.4	서남서	255	11.21	25.69	1.37	5.4	1.77	5.5	7.8	남동	139	7.1	1033.3	-	79	
2021-02-27 12:25:00	8.9	서북서	296	11.21	25.85	1.20	5.0	1.93	4.5	8.0	남동	138	7.2	1033.3	-	78	
2021-02-27 12:30:00	4.0	서북서	285	11.20	26.06	1.63	5.8	2.08	6.5	7.6	남남동	150	7.1	1033.3	-	70	
2021-02-27 12:35:00	5.7	서남서	257	11.20	25.55	1.37	5.8	1.65	7.0	7.3	남동	141	7.2	1033.3	-	78	
2021-02-27 12:40:00	7.2	북서	307	11.20	25.74	1.33	5.9	1.90	5.0	8.0	남동	141	7.0	1033.2	-	111	
2021-02-27 12:45:00	8.9	서	262	11.19	25.66	1.55	5.7	2.37	5.5	7.7	남동	139	7.0	1033.1	-	65	
2021-02-27 12:50:00	13.5	서	273	11.19	26.68	1.42	5.8	2.26	5.0	7.6	남동	141	7.2	1033.1	-	73	
2021-02-27 12:55:00	10.0	서	267	11.18	26.29	1.31	5.9	1.55	7.0	7.5	남동	136	7.0	1033.1	-	78	
2021-02-27 13:00:00	10.2	서	280	11.18	25.79	1.34	5.4	1.72	5.5	7.0	남남동	147	7.0	1033.1	-	79	
2021-02-27 13:05:00	-	-	-	-	-	0.00	0.0	0.00	0.0	7.5	남동	141	7.0	-	-	0	
2021-02-27 13:10:00	6.3	서북서	290	11.18	25.66	1.42	5.6	1.84	5.0	7.6	남동	140	7.1	1032.9	-	75	
2021-02-27 13:15:00	9.1	서남서	255	11.17	25.66	1.42	5.2	2.20	5.5	7.6	남동	144	7.0	1032.8	-	90	
2021-02-27 13:20:00	6.2	서남서	258	11.17	25.70	1.44	5.9	1.95	6.0	6.8	남남동	148	7.0	1032.8	-	79	
2021-02-27 13:25:00	8.0	서	263	11.17	25.85	1.39	5.8	2.33	5.0	7.7	남남동	151	7.0	1032.6	-	72	
2021-02-27 13:30:00	10.7	서북서	288	11.16	24.90	1.12	5.7	1.54	5.5	7.1	남남동	152	6.9	1032.6	-	89	
2021-02-27 13:35:00	2.4	동남동	110	11.16	26.00	1.26	5.5	1.60	4.5	6.3	남남동	150	7.0	1032.5	-	84	
2021-02-27 13:40:00	6.2	서	268	11.16	26.05	1.32	5.5	1.70	4.5	6.2	남동	145	7.0	1032.5	-	53	
2021-02-27 13:45:00	4.8	서	267	11.15	26.29	1.44	5.4	2.53	5.5	7.1	남동	145	7.0	1032.3	-	54	
2021-02-27 13:50:00	4.9	서	276	11.15	25.86	1.28	5.9	2.03	5.5	7.3	남동	139	7.0	1032.3	-	61	
2021-02-27 13:55:00	9.1	서남서	238	11.14	25.70	1.25	5.8	1.59	4.5	6.5	남동	136	7.0	1032.2	-	64	
2021-02-27 14:00:00	3.6	서북서	285	11.14	25.91	1.30	5.7	1.76	5.5	7.4	남동	138	7.0	1032.2	-	74	
2021-02-27 14:05:00	12.6	서	276	11.14	25.75	1.49	5.5	2.15	6.5	7.4	남동	142	7.1	1032.1	-	85	
2021-02-27 14:10:00	6.6	북서	320	11.13	26.14	1.32	5.6	1.81	5.5	7.4	남남동	147	7.1	1032.1	-	82	
2021-02-27 14:15:00	4.4	서	260	11.13	26.82	1.24	6.2	1.55	6.0	6.9	남동	142	7.0	1032.1	-	80	
2021-02-27 14:20:00	9.2	서남서	252	11.13	26.11	1.40	5.4	1.59	5.5	7.1	남동	144	6.9	1032.0	-	87	
2021-02-27 14:25:00	6.0	서	265	11.13	25.97	1.22	5.5	1.61	6.5	7.1	남남동	152	6.9	1032.0	-	104	
2021-02-27 14:30:00	13.0	북북동	12	11.12	26.81	1.25	5.4	1.48	5.0	6.6	남남동	149	7.0	1031.9	-	81	
2021-02-27 14:35:00	9.8	서남서	239	11.12	26.08	1.14	5.3	1.77	5.0	7.4	남남동	151	7.0	1032.0	-	64	
2021-02-27 14:40:00	9.4	서	271	11.12	25.75	1.25	5.5	2.12	5.5	6.3	남남동	147	6.9	1032.0	-	87	
2021-02-27 14:45:00	7.9	서북서	290	11.12	26.48	1.22	5.8	2.04	5.5	7.0	남동	140	6.9	1032.0	-	85	
2021-02-27 14:50:00	7.6	북서	305	11.11	26.16	1.22	5.7	1.63	6.5	6.9	남남동	152	6.9	1031.9	-	109	
2021-02-27 14:55:00	3.1	북북서	338	11.11	26.06	1.25	5.4	1.76	5.0	6.5	남남동	147	7.0	1031.9	-	76	
2021-02-27 15:00:00	7.0	북서	323	11.11	26.58	1.15	6.0	1.45	4.5	6.7	남남동	150	7.0	1031.8	-	69	
2021-02-27 15:05:00	6.7	북서	311	11.10	26.57	1.23	5.8	1.58	5.0	7.0	남남동	150	7.0	1031.7	-	66	
2021-02-27 15:10:00	6.7	서	262	11.10	25.92	1.51	5.8	2.23	6.0	7.1	남남동	149	7.0	1031.7	-	69	
2021-02-27 15:15:00	13.4	북서	325	11.10	25.78	1.24	5.8	1.68	5.5	7.6	남남동	149	7.1	1031.7	-	78	
2021-02-27 15:20:00	3.1	북북서	337	11.10	25.59	1.18	5.1	1.56	5.0	7.6	남남동	150	6.9	1031.8	-	111	
2021-02-27 15:25:00	6.7	서북서	288	11.10	25.67	1.14	5.6	1.81	6.0	7.4	남남동	148	7.0	1031.8	-	95	
2021-02-27 15:30:00	6.6	서북서	282	11.10	25.65	1.23	5.5	1.70	4.5	7.3	남동	142	7.1	1031.8	-	98	
2021-02-27 15:35:00	10.2	서북서	288	11.09	26.41	1.34	5.8	1.59	5.0	7.5	남동	142	7.1	1031.8	-	59	
2021-02-27 15:40:00	5.5	북서	324	11.09	25.48	1.25	5.8	1.65	6.5	8.0	남동	143	7.2	1031.7	-	85	
2021-02-27 15:45:00	7.5	서북서	286	11.09	26.08	1.28	5.5	1.90	6.0	7.0	남동	135	7.2	1031.7	-	68	
2021-02-27 15:50:00	6.8	북북서	328	11.09	26.08	1.24	5.5	1.59	5.5	7.8	남동	137	7.2	1031.7	-	81	
2021-02-27 15:55:00	4.7	서북서	285	11.09	26.11	1.09	6.0	1.40	8.0	8.0	남동	133	7.1	1031.6	-	103	
2021-02-27 16:00:00	7.4	서북서	282	11.08	25.84	1.18	5.9	1.45	6.5	7.8	남동	141	7.1	1031.6	-	90	
2021-02-27 16:05:00	8.6	서	273	11.07	26.54	1.17	5.7	1.55	7.0	7.9	남동	142	7.0	1031.7	-	78	
2021-02-27 16:10:00	8.3	북서	317	11.07	25.83	1.32	5.6	1.68	6.0	7.6	남남동	147	7.2	1031.7	-	67	
2021-02-27 16:15:00	7.6	북서	317	11.07	25.87	1.17	5.7	1.57	6.0	7.9	남동	139	7.1	1031.7	-	94	
2021-02-27 16:20:00	8.3	북	351	11.07	25.93	1.28	5.8	1.94	5.0	7.3	남동	146	7.1	1031.7	-	75	
2021-02-27 16:25:00	8.7	북서	316	11.06	25.89	1.12	5.2	1.68	5.5	8.0	남남동	148	7.1	1031.7	-	79	
2021-02-27 16:30:00	16.3	서북서	286	11.06	25.75	1.28	5.3	2.04	5.5	6.9	남동	144	7.1	1031.7	-	98	
2021-02-27 16:35:00	5.1	북서	304	11.06	25.71	1.26	5.7	1.69	5.5	7.3	남남동	147	7.0	1031.7	-	98	
2021-02-27 16:40:00	5.2	북북서	326	11.05	25.73	1.09	5.1	1.29	5.5	7.6	남동	143	7.1	1031.7	-	27	
2021-02-27 16:45:00	7.3	서북서	291	11.05	25.89	1.23	5.8	1.91	6.0	7.5	남동	145	7.1	1031.6	-	69	
2021-02-27 16:50:00	10.4	서	264	11.05	25.95	1.16	6.0	1.47	5.5	7.8	남동	142	7.1	1031.7	-	76	
2021-02-27 16:55:00	11.5	북북동	21	11.04	25.90	1.23	5.8	1.60	5.5	7.0	남남동	152	7.0	1031.7	-	104	
2021-02-27 17:00:00	12.7	서북서	290	11.04	25.85	1.22	5.7	1.48	5.0	7.5	남남동	147	7.1	1031.7	-	116	
2021-02-27 17:05:00	9.2	서	278	11.04	25.85	1.19	5.6	1.82	5.0	7.6	남동	146	7.0	1031.7	-	85	
2021-02-27 17:10:00	7.1	북	356	11.04	25.87	1.20	5.8	1.65	5.5	7.3	남남동	147	7.1	1031.6	-	81	
2021-02-27 17:15:00	12.9	북서	319	11.03	25.87	1.45	5.8	1.86	6.0	8.0	남남동	151	7.1	1031.5	-	78	
2021-02-27 17:20:00	13.2	북북서	339	11.03	25.84	1.10	5.4	1.63	6.0	7.1	남남동	154	7.0	1031.6	-	96	
2021-02-27 17:25:00	15.6	북서	306	11.02	25.83	1.14	5.4	2.12	5.0	7.4	남남동	151	7.2	1031.6	-	62	
2021-02-27 17:30:00	12.4	북북서	330	11.02	25.82	1.19	5.7	1.60	5.5	7.7	남남동	152	7.1	1031.6	-	109	
2021-02-27 17:35:00	6.3	서	268	11.02	25.71	1.27	6.0	1.57	6.0	7.5	남동	143	7.0	1031.6	-	104	
2021-02-27 17:40:00	6.6	북서	323	11.02	25.68	1.26	5.6	1.81	6.0	7.6	남남동	153	7.3	1031.6	-	83	
2021-02-27 17:45:00	17.2	서북서	301	11.01	25.77	1.33	5.7	1.87	5.5	7.5	남남동	161	7.2	1031.7	-	96	
2021-02-27 17:50:00	11.8	북북서	327	11.01	25.78	1.11	5.2	1.79	5.0	7.7	남	169	7.1	1031.7	-	53	
2021-02-27 17:55:00	12.3	북북서	347	11.00	25.85	1.17	5.7	1.63	5.0	6.9	남남동	161	7.2	1031.8	-	88	
2021-02-27 18:00:00	3.1	북	360	11.00	25.59	1.28	5.5	1.95	5.5	6.8	남남동	166	7.2	1031.8	-	91	
2021-02-27 18:05:00	8.4	북동	49	11.00	25.97	1.29	5.5	1.66	4.0	6.7	남남동	168	7.1	1031.9	-	83	
2021-02-27 18:10:00	10.6	북북서	337	10.99	26.15	1.16	5.7	1.50	6.0	6.9	남남동	157	7.2	1032.0	-	96	
2021-02-27 18:15:00	1.4	남남동	148	11.00	25.77	1.10	5.4	1.36	5.0	5.9	남남동	162	7.1	1032.0	-	58	
2021-02-27 18:20:00	11.3	북서	324	10.99	26.16	1.09	5.6	1.33	5.5	6.9	남남동	160	7.2	1032.0	-	71	
2021-02-27 18:25:00	6.2	서북서	283	10.99	26.03	1.40	5.6	1.89	5.0	5.8	남남동	160	7.0	1032.0	-	73	
2021-02-27 18:30:00	7.9	서	275	10.98	26.19	1.14	5.7	1.61	5.5	5.7	남남동	164	7.1	1032.0	-	48	
2021-02-27 18:35:00	2.5	북동	36	10.98	26.87	1.20	5.9	1.46	7.0	6.4	남남동	162	7.1	1032.1	-	76	
2021-02-27 18:40:00	4.7	서북서	283	10.96	26.34	1.09	5.6	1.65	6.0	6.2	남남동	161	7.1	1032.2	-	66	
2021-02-27 18:45:00	3.2	서남서	241	10.96	26.22	1.26	5.8	2.13	5.5	6.4	남남동	156	7.1	1032.2	-	68	
2021-02-27 18:50:00	5.4	북서	313	10.96	26.03	1.21	5.1	1.61	5.0	6.7	남남동	160	7.0	1032.2	-	91	
2021-02-27 18:55:00	12.1	북북동	14	10.95	26.22	1.00	5.6	1.48	7.0	7.2	남남동	160	7.1	1032.2	-	34	
2021-02-27 19:00:00	4.4	동북동	72	10.93	26.31	1.30	5.8	1.71	5.5	7.3	남남동	166	7.1	1032.3	-	106	
2021-02-27 19:05:00	4.4	서남서	244	10.93	26.06	1.17	5.6	1.59	5.0	6.7	남남동	163	7.1	1032.4	-	78	
2021-02-27 19:10:00	4.8	북북동	20	10.92	26.24	1.03	5.8	1.49	6.0	6.5	남	170	7.1	1032.4	-	84	
2021-02-27 19:15:00	1.8	북서	315	10.92	26.95	1.02	5.2	1.28	5.0	6.8	남남동	167	7.1	1032.4	-	80	
2021-02-27 19:20:00	3.5	동	89	10.92	25.91	1.03	5.8	1.22	5.5	6.5	남남동	166	7.0	1032.4	-	75	
2021-02-27 19:25:00	1.8	동북동	79	10.91	26.35	1.17	5.5	1.85	5.0	6.8	남남동	166	7.0	1032.4	-	66	
2021-02-27 19:30:00	2.8	동북동	58	10.91	26.03	1.11	5.7	1.52	5.0	6.2	남남동	167	6.9	1032.4	-	88	
2021-02-27 19:35:00	5.9	동북동	59	10.90	26.64	1.08	5.2	1.44	4.5	6.4	남남동	165	6.9	1032.4	-	79	
2021-02-27 19:40:00	20.2	서남서	258	10.91	25.96	0.99	5.4	1.23	6.5	6.1	남남동	166	7.0	1032.4	-	101	
2021-02-27 19:45:00	7.4	북북서	346	10.91	25.90	0.98	5.1	1.26	4.0	6.4	남남동	166	6.9	1032.4	-	99	
2021-02-27 19:50:00	7.3	북북서	327	10.90	26.02	1.32	5.8	1.68	5.5	6.6	남	170	7.0	1032.4	-	91	
2021-02-27 19:55:00	6.0	남	185	10.90	27.06	1.13	5.8	1.49	6.0	6.1	남	170	6.8	1032.4	-	213	
2021-02-27 20:00:00	4.9	서	266	10.89	25.94	1.32	5.3	1.82	5.0	6.1	남	171	6.8	1032.4	-	90	
2021-02-27 20:05:00	0.4	동남동	122	10.89	25.47	1.03	5.3	1.53	5.5	6.2	남	169	6.8	1032.3	-	87	
2021-02-27 20:10:00	19.3	북서	314	10.89	26.05	1.20	5.8	1.80	6.5	6.1	남	169	6.7	1032.3	-	83	
2021-02-27 20:15:00	5.3	북	9	10.89	25.97	1.04	5.4	1.77	5.0	6.0	남	173	6.7	1032.3	-	216	
2021-02-27 20:20:00	12.3	남남서	207	10.88	26.20	1.10	5.8	1.70	6.0	6.5	남	173	6.7	1032.2	-	83	
2021-02-27 20:25:00	7.8	북북서	345	10.87	26.16	1.09	5.5	1.55	5.5	6.5	남	171	6.7	1032.2	-	109	
2021-02-27 20:30:00	19.1	서북서	299	10.87	26.03	0.96	5.6	1.25	5.5	6.6	남	174	6.7	1032.1	-	95	
2021-02-27 20:35:00	10.0	북	7	10.86	25.80	1.03	6.0	1.50	7.0	6.6	남	169	6.7	1032.0	-	90	
2021-02-27 20:40:00	4.8	남서	235	10.86	25.99	1.05	5.2	1.51	5.5	6.5	남	176	6.8	1031.9	-	100	
2021-02-27 20:45:00	7.2	북	349	10.85	26.13	1.03	5.4	1.34	5.5	6.9	남	172	6.7	1031.9	-	75	
2021-02-27 20:50:00	5.9	서남서	250	10.85	26.17	1.02	5.8	1.31	7.0	7.5	남남동	168	6.7	1031.8	-	54	
2021-02-27 20:55:00	10.1	북서	309	10.85	26.04	1.04	5.1	1.48	5.5	7.3	남	170	6.6	1031.8	-	79	
2021-02-27 21:00:00	4.5	동	85	10.84	26.18	1.03	5.4	1.30	6.0	7.4	남	172	6.5	1031.7	-	94	
2021-02-27 21:05:00	1.6	북북동	24	10.84	26.32	1.08	5.8	1.37	5.0	7.6	남남동	167	6.5	1031.7	-	86	
2021-02-27 21:10:00	7.1	북동	50	10.83	26.38	1.04	5.3	1.24	5.5	8.0	남남동	167	6.5	1031.6	-	90	
2021-02-27 21:15:00	2.0	남남동	167	10.82	26.30	1.02	5.8	1.49	6.0	7.5	남	171	6.6	1031.6	-	89	
2021-02-27 21:20:00	9.8	북서	318	10.82	26.24	1.00	5.7	1.40	5.0	7.4	남	170	6.4	1031.6	-	101	
2021-02-27 21:25:00	10.4	북서	325	10.81	26.13	0.84	5.7	1.27	6.0	6.9	남남동	168	6.4	1031.7	-	97	
2021-02-27 21:30:00	4.9	북서	316	10.80	25.87	1.28	5.5	1.70	7.0	7.1	남	170	6.4	1031.7	-	96	
2021-02-27 21:35:00	2.7	서북서	292	10.79	26.06	1.01	6.1	1.43	6.5	7.2	남	169	6.3	1031.8	-	79	
2021-02-27 21:40:00	8.3	북북서	332	10.78	25.75	0.91	5.7	1.21	4.5	7.0	남	172	6.4	1031.8	-	122	
2021-02-27 21:45:00	7.2	북	351	10.74	25.89	0.98	6.1	1.31	5.5	6.7	남	170	6.4	1031.9	-	91	
2021-02-27 21:50:00	12.0	북	354	10.71	26.78	1.00	5.6	1.57	6.0	6.3	남남동	168	6.2	1031.9	-	96	
2021-02-27 21:55:00	2.5	서북서	291	10.69	26.28	0.94	5.9	1.10	6.0	6.9	남	172	6.3	1031.9	-	112	
2021-02-27 22:00:00	5.1	북서	311	10.68	26.28	1.05	5.2	1.60	5.5	7.2	남	171	6.3	1031.8	-	326	
2021-02-27 22:05:00	5.1	북동	40	10.66	26.15	1.01	5.7	1.30	5.0	7.0	남	169	6.3	1031.8	-	81	
2021-02-27 22:10:00	11.1	북서	306	10.66	26.35	0.91	5.6	1.25	5.5	6.8	남	169	6.4	1031.9	-	81	
2021-02-27 22:15:00	6.7	북북서	345	10.65	26.31	0.89	5.4	1.35	6.0	6.8	남남동	165	6.3	1031.9	-	175	
2021-02-27 22:20:00	10.4	북서	307	10.65	26.48	1.03	5.7	1.48	6.0	6.6	남남동	162	6.3	1031.8	-	86	
2021-02-27 22:25:00	1.0	서북서	303	10.63	26.59	0.90	5.9	1.30	5.0	6.7	남	169	6.2	1031.8	-	95	
2021-02-27 22:30:00	2.1	서	279	10.62	26.21	0.96	5.7	1.33	6.0	6.8	남	170	6.2	1031.8	-	86	
2021-02-27 22:35:00	10.5	북북서	345	10.61	26.38	0.98	5.8	1.35	5.0	6.7	남남동	168	6.1	1031.9	-	62	
2021-02-27 22:40:00	6.1	북서	321	10.61	25.93	0.93	5.8	1.43	5.0	7.0	남	169	6.1	1031.8	-	96	
2021-02-27 22:45:00	4.6	북동	39	10.60	26.04	1.03	5.6	1.81	5.5	6.7	남남동	166	6.2	1031.8	-	66	
2021-02-27 22:50:00	5.2	북동	44	10.60	25.74	0.96	5.4	1.21	5.5	6.5	남	173	6.2	1031.7	-	308	
2021-02-27 22:55:00	9.7	서북서	300	10.59	25.63	0.91	5.5	1.26	4.0	5.4	남	183	6.0	1031.7	-	71	
2021-02-27 23:00:00	5.3	북북서	338	10.58	25.50	0.95	5.1	1.20	4.0	3.6	남	190	5.5	1031.7	-	81	
2021-02-27 23:05:00	6.5	동	100	10.59	25.52	0.90	5.2	1.44	5.0	3.1	남서	218	5.2	1031.7	-	107	
2021-02-27 23:10:00	13.9	서남서	242	10.58	26.06	0.86	5.5	1.22	5.5	2.9	남남서	210	4.9	1031.6	-	52	
2021-02-27 23:15:00	19.4	서	263	10.58	25.93	1.01	5.8	1.29	6.0	2.8	남남서	202	5.0	1031.5	-	56	
2021-02-27 23:20:00	14.0	서남서	253	10.59	26.80	0.82	5.9	1.09	6.0	3.0	남	191	5.1	1031.5	-	85	
2021-02-27 23:25:00	7.0	남동	140	10.58	25.87	0.91	5.6	1.43	5.5	2.8	남남서	198	5.1	1031.5	-	88	
2021-02-27 23:30:00	4.0	서북서	283	10.59	25.94	0.85	5.7	1.27	6.5	3.3	남남서	208	5.0	1031.5	-	76	
2021-02-27 23:35:00	7.0	남남동	166	10.59	25.89	0.97	5.5	1.28	5.5	2.9	남서	220	4.8	1031.5	-	87	
2021-02-27 23:40:00	7.2	남서	218	10.58	25.89	0.82	5.6	1.23	5.5	2.5	남서	218	4.6	1031.5	-	98	
2021-02-27 23:45:00	34.7	북	355	10.57	25.89	0.90	5.2	1.13	6.0	2.3	남서	227	4.6	1031.5	-	52	
2021-02-27 23:50:00	26.2	서북서	301	10.58	25.92	1.02	6.0	1.41	6.0	2.3	서남서	237	4.3	1031.5	-	95	
2021-02-27 23:55:00	14.1	동	92	10.58	25.93	0.92	5.5	1.14	6.5	2.7	서남서	246	3.9	1031.5	-	78	
2021-02-28 00:00:00	2.6	서	260	10.57	26.04	0.93	5.2	1.11	5.5	2.4	서남서	248	3.6	1031.5	-	330	
2021-02-28 00:05:00	3.3	남남동	167	10.57	26.20	1.01	5.6	1.59	5.5	2.0	서남서	252	3.7	1031.4	-	84	
2021-02-28 00:10:00	2.7	동북동	61	10.57	26.01	0.92	5.7	1.28	5.5	2.0	서남서	254	3.8	1031.4	-	89	
2021-02-28 00:15:00	5.4	북북서	346	10.57	25.92	0.81	5.5	1.14	5.5	2.3	서남서	243	3.7	1031.5	-	73	
2021-02-28 00:20:00	9.1	동북동	68	10.58	26.38	0.90	5.5	1.36	4.5	2.4	남서	236	3.3	1031.4	-	79	
2021-02-28 00:25:00	13.2	남서	229	10.57	26.27	0.99	5.7	1.43	6.0	2.0	남서	233	3.2	1031.4	-	98	
2021-02-28 00:30:00	14.5	남	188	10.57	26.17	0.89	5.9	1.14	4.5	2.2	서남서	240	3.1	1031.4	-	100	
2021-02-28 00:35:00	4.9	동북동	63	10.57	26.15	0.89	5.2	1.38	5.0	2.7	남서	232	2.9	1031.4	-	97	
2021-02-28 00:40:00	6.2	동북동	62	10.57	26.34	0.89	5.6	1.15	5.5	2.7	서남서	250	2.7	1031.3	-	71	
2021-02-28 00:45:00	13.2	서북서	283	10.58	26.21	0.83	5.4	1.01	5.5	2.7	서남서	244	2.6	1031.4	-	94	
2021-02-28 00:50:00	10.7	남서	215	10.59	26.09	1.00	5.7	1.47	5.5	2.8	서남서	246	2.6	1031.3	-	76	
2021-02-28 00:55:00	21.4	북서	321	10.60	25.97	0.94	5.9	1.32	5.0	2.8	서남서	240	2.4	1031.3	-	101	
2021-02-28 01:00:00	6.2	서북서	289	10.60	26.12	0.96	5.9	1.41	4.5	2.4	남서	218	2.4	1031.3	-	74	
2021-02-28 01:05:00	9.9	서	273	10.61	26.37	0.86	5.6	1.22	5.5	1.7	남서	218	2.5	1031.2	-	94	
2021-02-28 01:10:00	7.3	북	355	10.60	25.98	0.92	5.5	1.27	6.0	1.5	남서	235	2.5	1031.2	-	92	
2021-02-28 01:15:00	4.9	서북서	289	10.60	26.03	0.83	5.4	1.05	4.5	1.5	서남서	249	2.3	1031.3	-	133	
2021-02-28 01:20:00	11.2	서북서	288	10.61	26.46	0.98	6.3	1.43	5.5	1.7	서남서	243	2.2	1031.2	-	86	
2021-02-28 01:25:00	7.7	서남서	249	10.63	26.03	0.97	5.5	1.24	4.5	1.9	서남서	246	2.1	1031.2	-	105	
2021-02-28 01:30:00	6.7	남	186	10.63	26.13	0.87	5.7	1.21	6.0	2.0	서남서	240	2.2	1031.2	-	85	
2021-02-28 01:35:00	10.5	북	349	10.62	25.75	1.05	6.0	1.33	5.0	2.0	서남서	242	2.3	1031.2	-	88	
2021-02-28 01:40:00	6.8	남서	232	10.61	25.71	0.89	5.3	1.22	4.5	1.8	서남서	237	2.4	1031.2	-	85	
2021-02-28 01:45:00	14.3	남남동	168	10.62	25.54	0.93	5.6	1.41	5.5	1.8	서남서	249	2.4	1031.2	-	80	
2021-02-28 01:50:00	11.7	서남서	253	10.62	25.70	0.77	5.8	1.03	5.5	1.8	서남서	252	2.1	1031.1	-	87	
2021-02-28 01:55:00	11.4	서	265	10.60	25.70	0.78	5.3	1.22	5.5	2.6	서	267	2.2	1031.1	-	31	
2021-02-28 02:00:00	2.3	남	179	10.60	25.73	0.85	5.6	1.11	5.5	2.7	서남서	255	2.0	1031.1	-	98	
2021-02-28 02:05:00	10.3	북북서	331	10.60	25.74	0.93	5.9	1.25	5.0	2.4	서남서	252	2.0	1031.2	-	93	
2021-02-28 02:10:00	23.6	서	271	10.61	25.74	0.95	5.5	1.53	5.5	2.2	서남서	246	2.3	1031.2	-	107	
2021-02-28 02:15:00	10.3	북서	309	10.62	25.76	0.87	5.6	1.31	5.5	2.3	서남서	251	2.3	1031.2	-	78	
2021-02-28 02:20:00	4.8	북북동	30	10.64	25.48	0.96	6.2	1.28	5.5	2.7	서	268	2.2	1031.2	-	93	
2021-02-28 02:25:00	10.0	북서	310	10.65	25.52	0.88	6.0	1.27	6.0	3.2	서	263	2.1	1031.2	-	84	
2021-02-28 02:30:00	11.9	서남서	248	10.65	25.48	0.91	6.0	1.34	7.0	3.1	서남서	257	2.1	1031.1	-	96	
2021-02-28 02:35:00	15.8	북서	323	10.65	25.51	0.86	5.6	1.28	7.0	2.3	서남서	258	2.1	1031.0	-	100	
2021-02-28 02:40:00	5.3	동남동	123	10.65	25.60	0.94	5.6	1.31	6.0	2.0	서	260	2.2	1030.9	-	59	
2021-02-28 02:45:00	7.5	북북서	347	10.63	25.62	0.83	5.9	1.23	5.5	1.8	서남서	249	2.6	1030.8	-	89	
2021-02-28 02:50:00	5.8	북	356	10.65	25.61	0.84	5.8	1.45	5.5	1.9	남서	235	2.8	1030.7	-	72	
2021-02-28 02:55:00	12.2	북서	310	10.65	25.63	0.79	5.8	1.19	5.5	1.4	남서	224	2.5	1030.7	-	90	
2021-02-28 03:00:00	4.8	동북동	66	10.67	25.78	0.90	5.9	1.37	7.5	1.2	서남서	248	2.5	1030.6	-	52	
2021-02-28 03:05:00	14.2	북북동	19	10.68	26.12	0.92	6.1	1.18	5.5	1.9	서남서	254	2.4	1030.5	-	85	
2021-02-28 03:10:00	12.5	남서	218	10.69	25.63	0.94	5.7	1.35	6.0	1.8	남서	231	2.1	1030.5	-	87	
2021-02-28 03:15:00	19.3	남서	230	10.69	25.74	0.93	5.6	1.48	6.5	1.1	남서	225	2.0	1030.3	-	108	
2021-02-28 03:20:00	11.8	북서	326	10.69	25.82	0.89	5.7	1.38	5.5	1.0	남남서	210	2.0	1030.1	-	95	
2021-02-28 03:25:00	13.7	북	355	10.70	25.87	0.88	6.2	1.33	6.0	0.8	남서	227	1.9	1030.0	-	83	
2021-02-28 03:30:00	17.2	북북서	347	10.70	25.80	0.91	6.2	1.19	5.5	1.3	서남서	239	2.2	1030.1	-	84	
2021-02-28 03:35:00	12.4	서남서	250	10.70	25.86	0.87	6.0	1.00	7.0	3.1	서남서	255	2.1	1030.1	-	349	
2021-02-28 03:40:00	14.1	북서	326	10.70	25.82	1.01	6.0	1.44	6.5	3.7	서남서	249	1.7	1030.1	-	80	
2021-02-28 03:45:00	5.5	북	349	10.71	25.77	0.82	5.4	1.06	6.0	3.6	서남서	242	1.4	1030.2	-	105	
2021-02-28 03:50:00	16.7	북서	314	10.71	25.74	0.91	5.9	1.22	5.5	3.7	서남서	243	1.7	1030.2	-	93	
2021-02-28 03:55:00	28.8	북북동	30	10.70	25.65	0.89	6.4	1.23	5.5	4.2	서남서	243	1.8	1030.3	-	109	
2021-02-28 04:00:00	17.8	북	351	10.69	25.65	0.94	6.0	1.59	5.5	3.7	서남서	244	1.6	1030.3	-	103	
2021-02-28 04:05:00	18.2	북서	317	10.70	25.84	0.96	6.2	1.36	6.5	2.4	남서	222	1.5	1030.2	-	104	
2021-02-28 04:10:00	12.2	북	351	10.69	25.69	0.88	5.3	1.07	6.0	2.0	서남서	237	1.6	1030.1	-	97	
2021-02-28 04:15:00	5.7	북동	53	10.69	25.61	0.91	5.9	1.31	7.0	2.6	서남서	237	1.8	1030.1	-	75	
2021-02-28 04:20:00	6.5	북	354	10.67	25.69	1.00	6.4	1.42	6.5	2.2	남서	229	2.0	1030.1	-	96	
2021-02-28 04:25:00	17.5	북동	35	10.69	26.19	0.94	6.2	1.21	5.0	2.6	남서	228	2.2	1030.1	-	85	
2021-02-28 04:30:00	8.8	동	83	10.69	26.10	0.86	6.0	1.23	7.0	1.4	남서	222	1.8	1030.1	-	89	
2021-02-28 04:35:00	13.8	서	264	10.69	27.02	0.88	5.1	1.29	5.0	2.1	남서	231	1.7	1030.1	-	86	
2021-02-28 04:40:00	11.2	서	263	10.67	26.17	0.90	6.2	1.14	5.5	2.0	서남서	241	2.0	1030.1	-	72	
2021-02-28 04:45:00	10.4	북서	307	10.67	26.13	0.79	5.8	1.14	6.0	2.2	남서	223	2.1	1030.0	-	98	
2021-02-28 04:50:00	11.5	서남서	246	10.66	26.18	0.99	5.8	1.28	6.0	2.4	남서	219	1.8	1030.0	-	84	
2021-02-28 04:55:00	12.1	북	10	10.66	26.59	0.82	6.1	1.02	4.5	2.4	남서	224	1.8	1030.0	-	75	
2021-02-28 05:00:00	2.1	북	350	10.65	25.98	0.83	5.8	1.11	8.0	2.4	남남서	206	2.0	1030.0	-	91	
2021-02-28 05:05:00	13.9	북동	43	10.64	26.79	1.00	6.5	1.35	5.0	2.0	남서	214	1.9	1029.8	-	84	
2021-02-28 05:10:00	24.3	서	274	10.63	26.51	0.97	6.5	1.24	7.5	2.0	서남서	239	1.9	1029.8	-	96	
2021-02-28 05:15:00	5.9	북북서	349	10.63	26.03	0.99	6.2	1.53	6.5	2.2	남서	228	1.9	1029.7	-	105	
2021-02-28 05:20:00	2.2	북서	311	10.63	26.09	0.84	6.2	1.10	6.0	2.7	남서	234	1.8	1029.6	-	83	
2021-02-28 05:25:00	5.8	남남서	199	10.64	26.57	0.81	6.1	1.06	6.0	3.1	남서	236	1.7	1029.5	-	88	
2021-02-28 05:30:00	3.4	서남서	250	10.63	26.37	0.85	6.2	1.22	6.0	3.1	남서	228	1.9	1029.6	-	89	
2021-02-28 05:35:00	19.7	북동	44	10.63	26.02	0.83	5.5	1.17	5.0	3.4	남서	231	1.8	1029.6	-	84	
2021-02-28 05:40:00	12.6	동북동	63	10.61	26.25	0.90	5.9	1.27	4.5	2.6	남남서	211	1.9	1029.6	-	82	
2021-02-28 05:45:00	4.2	동남동	120	10.60	25.99	0.90	6.1	1.44	5.5	2.6	남서	232	1.8	1029.6	-	97	
2021-02-28 05:50:00	8.2	남남서	197	10.60	26.12	0.95	6.0	1.45	6.0	3.2	서남서	241	1.9	1029.6	-	105	
2021-02-28 05:55:00	3.5	북서	315	10.59	26.11	0.87	5.7	1.18	6.5	2.9	남서	231	1.9	1029.6	-	81	
2021-02-28 06:00:00	8.6	북북서	348	10.58	26.11	0.81	5.7	1.20	5.5	2.8	남서	223	1.7	1029.6	-	90	
2021-02-28 06:05:00	1.4	동남동	122	10.57	26.07	0.86	6.0	1.34	6.5	2.0	서남서	247	1.8	1029.6	-	90	
2021-02-28 06:10:00	1.8	서남서	256	10.57	26.04	0.86	5.5	1.29	4.5	2.9	서	268	1.6	1029.6	-	89	
2021-02-28 06:15:00	8.8	남	178	10.58	26.03	0.79	6.4	1.04	7.5	2.2	서	263	1.8	1029.6	-	99	
2021-02-28 06:20:00	3.6	서	268	10.58	26.04	0.92	7.0	1.17	7.0	2.8	서남서	254	2.0	1029.5	-	87	
2021-02-28 06:25:00	3.8	북서	308	10.57	26.36	0.80	5.9	1.06	7.5	2.2	서	272	1.9	1029.5	-	106	
2021-02-28 06:30:00	7.6	서북서	302	10.59	26.52	0.76	6.0	1.07	5.5	1.6	서	263	2.1	1029.4	-	89	
2021-02-28 06:35:00	6.7	서	274	10.59	26.29	0.84	6.5	1.31	6.5	2.4	남남서	212	2.1	1029.4	-	75	
2021-02-28 06:40:00	5.3	북서	311	10.59	25.95	0.82	6.3	1.09	6.5	3.6	남남서	213	1.2	1029.3	-	90	
2021-02-28 06:45:00	10.6	서북서	292	10.59	25.98	1.10	6.2	1.60	6.0	2.5	남서	215	1.2	1029.3	-	81	
2021-02-28 06:50:00	7.4	남남동	149	10.59	26.62	0.90	6.0	1.41	6.0	1.9	남남서	210	1.6	1029.2	-	96	
2021-02-28 06:55:00	10.4	북북동	25	10.58	26.00	0.87	6.4	1.34	6.5	2.3	남서	218	1.9	1029.1	-	105	
2021-02-28 07:00:00	6.9	동	98	10.57	25.87	0.76	5.8	1.20	6.0	2.9	남서	226	1.8	1029.1	-	87	
2021-02-28 07:05:00	6.8	북	6	10.57	25.83	0.90	5.8	1.21	5.5	2.9	남남서	213	1.6	1029.0	-	87	
2021-02-28 07:10:00	9.4	남서	233	10.57	26.44	0.79	5.1	1.00	7.0	2.9	남서	229	1.3	1028.8	-	87	
2021-02-28 07:15:00	4.7	서북서	282	10.57	25.98	0.84	6.1	1.34	6.0	2.8	서남서	238	1.3	1028.7	-	106	
2021-02-28 07:20:00	5.6	동남동	120	10.56	25.96	0.90	6.3	1.39	6.5	2.9	서남서	242	1.4	1028.7	-	83	
2021-02-28 07:25:00	5.4	남서	235	10.56	25.89	0.75	6.5	1.14	7.0	2.0	남서	229	1.6	1028.7	-	88	
2021-02-28 07:30:00	8.1	남서	228	10.55	25.86	0.77	6.0	1.12	5.5	2.4	남서	236	1.8	1028.7	-	84	
2021-02-28 07:35:00	0.6	동	82	10.54	25.80	0.79	6.2	1.09	6.0	3.2	남서	234	1.9	1028.7	-	99	
2021-02-28 07:40:00	4.7	동남동	115	10.53	25.79	0.73	6.1	0.95	7.5	3.2	서남서	237	1.7	1028.7	-	91	
2021-02-28 07:45:00	12.8	북서	306	10.53	25.88	0.75	5.8	1.13	7.0	2.9	남서	234	2.0	1028.6	-	209	
2021-02-28 07:50:00	24.0	서남서	243	10.52	26.79	0.74	5.8	1.00	6.0	3.3	남서	236	2.1	1028.6	-	100	
2021-02-28 07:55:00	38.5	동	86	10.52	26.16	0.96	6.6	1.41	7.0	2.8	서남서	240	2.3	1028.5	-	64	
2021-02-28 08:00:00	8.4	남서	230	10.51	26.03	0.85	6.4	1.12	6.0	2.9	서남서	240	2.5	1028.5	-	77	
2021-02-28 08:05:00	7.0	북동	38	10.50	25.08	0.79	6.2	1.00	5.5	2.6	서남서	247	2.8	1028.5	-	91	
2021-02-28 08:10:00	4.6	남	191	10.50	25.05	0.97	6.2	1.22	6.5	2.5	서남서	246	2.8	1028.5	-	102	
2021-02-28 08:15:00	13.0	서	269	10.50	25.85	0.70	5.4	1.23	6.0	2.7	서남서	247	2.8	1028.4	-	88	
2021-02-28 08:20:00	2.0	북동	51	10.49	25.71	0.79	5.8	1.05	7.5	2.3	서남서	238	3.1	1028.3	-	94	
2021-02-28 08:25:00	33.4	북서	316	10.49	24.85	0.75	5.4	1.15	7.5	2.3	서남서	245	3.1	1028.2	-	88	
2021-02-28 08:30:00	18.9	북북서	339	10.49	25.91	0.97	6.6	1.58	6.5	2.5	서남서	251	3.1	1028.1	-	93	
2021-02-28 08:35:00	3.3	남남동	160	10.49	25.91	0.82	6.4	1.26	5.5	2.8	서남서	253	3.4	1028.1	-	91	
2021-02-28 08:40:00	6.8	남	169	10.50	25.73	0.90	5.8	1.61	7.0	3.3	서남서	258	3.4	1028.1	-	96	
2021-02-28 08:45:00	19.9	동	101	10.50	24.92	0.79	5.9	1.11	5.5	2.9	서	261	3.8	1028.0	-	99	
2021-02-28 08:50:00	5.8	북서	323	10.50	25.86	0.68	5.4	0.97	6.0	2.2	서	279	4.0	1028.1	-	61	
2021-02-28 08:55:00	5.6	동	81	10.51	24.92	0.80	6.3	1.09	6.5	1.7	북서	312	4.4	1028.0	-	82	
2021-02-28 09:00:00	3.0	남남동	150	10.51	25.83	0.68	5.8	0.80	4.5	1.2	북서	312	4.6	1027.8	-	89	
2021-02-28 09:05:00	6.5	동	101	10.52	24.99	0.76	5.6	0.99	6.0	1.1	북서	316	4.9	1027.8	-	89	
2021-02-28 09:10:00	7.2	북	359	10.53	25.63	0.72	5.5	0.96	5.5	0.9	서북서	298	4.9	1027.6	-	81	
2021-02-28 09:15:00	10.7	동북동	78	10.54	24.82	0.77	5.3	1.00	5.0	0.9	서북서	298	5.0	1027.5	-	96	
2021-02-28 09:20:00	13.4	북북서	336	10.57	25.31	0.74	5.4	1.13	6.5	0.7	서북서	291	5.1	1027.4	-	79	
2021-02-28 09:25:00	3.1	북	11	10.58	25.43	0.73	5.8	0.93	6.0	0.7	서	277	5.3	1027.4	-	261	
2021-02-28 09:30:00	1.1	북	2	10.59	24.99	0.78	5.4	1.11	5.5	1.0	서북서	293	5.3	1027.3	-	294	
2021-02-28 09:35:00	9.7	서	274	10.59	26.08	0.91	5.3	1.80	5.0	1.8	서북서	285	5.5	1027.4	-	72	
2021-02-28 09:40:00	4.8	남남서	196	10.59	24.99	0.86	5.4	1.35	5.5	1.7	북서	306	5.5	1027.4	-	84	
2021-02-28 09:45:00	1.5	남남동	163	10.60	25.86	0.85	5.9	1.16	5.0	1.8	서북서	300	5.5	1027.2	-	113	
2021-02-28 09:50:00	7.5	남	191	10.60	24.94	0.80	5.1	1.42	5.5	1.7	북서	309	5.5	1027.1	-	263	
2021-02-28 09:55:00	5.5	서	277	10.60	25.84	0.87	5.0	1.35	5.0	1.4	북서	307	6.1	1027.0	-	281	
2021-02-28 10:00:00	3.7	남동	126	10.60	25.39	0.78	5.9	1.16	6.0	1.2	북서	316	6.3	1026.9	-	69	
2021-02-28 10:05:00	4.5	서남서	243	10.61	25.75	0.72	5.9	0.99	6.0	1.0	북서	309	6.2	1026.9	-	88	
2021-02-28 10:10:00	4.1	북북동	15	10.61	24.95	0.95	5.2	1.66	4.5	0.5	서북서	289	6.3	1026.8	-	350	
2021-02-28 10:15:00	4.0	북북동	13	10.62	26.10	0.89	5.1	1.17	4.5	0.0	서북서	288	6.8	1026.7	-	122	
2021-02-28 10:20:00	4.0	동남동	103	10.61	25.75	0.89	5.7	1.10	6.5	0.2	동남동	111	7.2	1026.6	-	78	
2021-02-28 10:25:00	4.4	동	81	10.61	25.14	0.80	5.5	1.34	6.0	0.8	남	175	7.0	1026.6	-	94	
2021-02-28 10:30:00	14.5	남서	225	10.62	25.80	0.81	5.4	1.22	4.5	0.8	남	184	6.9	1026.6	-	61	
2021-02-28 10:35:00	18.1	북	357	10.63	25.34	0.82	4.9	1.32	5.0	1.0	남	185	6.8	1026.5	-	114	
2021-02-28 10:40:00	1.6	북북동	21	10.64	26.12	0.74	5.3	0.86	5.5	1.0	남남동	157	6.9	1026.4	-	90	
2021-02-28 10:45:00	9.6	북	11	10.64	25.26	0.92	5.4	1.24	5.0	0.7	남남동	166	6.9	1026.3	-	98	
2021-02-28 10:50:00	8.9	북북서	339	10.66	26.06	0.85	5.6	1.10	6.5	0.5	남남동	149	7.1	1026.2	-	87	
2021-02-28 10:55:00	20.1	서남서	249	10.66	25.25	1.03	5.1	1.39	6.0	0.2	남남동	165	7.4	1026.2	-	90	
2021-02-28 11:00:00	45.9	서남서	251	10.70	26.37	0.90	5.0	1.33	5.5	0.3	남동	144	7.5	1026.1	-	307	
2021-02-28 11:05:00	10.4	서	272	10.72	25.14	0.85	5.0	1.28	5.5	0.2	남남동	151	7.7	1025.9	-	100	
2021-02-28 11:10:00	5.0	북동	50	10.68	25.29	0.81	5.0	1.17	4.5	0.3	남동	129	8.0	1025.8	-	115	
2021-02-28 11:15:00	7.4	서	269	10.64	25.52	0.88	4.8	1.10	5.0	0.3	남동	141	8.0	1025.7	-	328	
2021-02-28 11:20:00	4.6	동북동	60	10.61	26.05	0.95	5.2	1.23	4.5	0.2	남동	146	8.2	1025.6	-	106	
2021-02-28 11:25:00	6.5	북동	47	10.61	26.10	0.99	5.6	1.21	6.5	0.1	남남동	151	8.4	1025.6	-	95	
2021-02-28 11:30:00	12.1	서남서	249	10.62	25.85	1.11	5.3	1.60	5.5	0.3	남서	232	8.6	1025.6	-	115	
2021-02-28 11:35:00	1.1	북북서	337	10.61	26.03	0.89	5.3	1.08	6.5	0.3	남동	138	8.6	1025.5	-	107	
2021-02-28 11:40:00	11.0	남서	218	10.62	26.03	0.99	5.1	1.52	5.5	0.7	서북서	289	8.9	1025.5	-	83	
2021-02-28 11:45:00	6.4	동	90	10.62	25.20	1.01	5.4	1.54	4.5	0.7	서북서	296	8.6	1025.5	-	138	
2021-02-28 11:50:00	8.7	남남서	194	10.63	26.05	0.95	5.0	1.30	4.5	0.3	서북서	295	9.1	1025.4	-	82	
2021-02-28 11:55:00	11.0	북북서	333	10.64	26.31	0.97	5.3	1.35	5.5	0.1	서	271	9.3	1025.4	-	105	
2021-02-28 12:00:00	7.4	서북서	300	10.65	26.41	0.90	5.2	1.07	5.0	0.2	동남동	112	9.5	1025.4	-	114	
2021-02-28 12:05:00	9.5	서	259	10.66	26.15	0.81	5.0	1.25	5.0	0.6	남동	137	9.5	1025.3	-	328	
2021-02-28 12:10:00	3.7	북	357	10.65	26.20	0.99	5.0	1.25	5.0	0.6	남	172	9.5	1025.4	-	123	
2021-02-28 12:15:00	7.3	북	357	10.65	25.79	1.05	5.1	1.67	4.5	0.2	남동	145	9.6	1025.4	-	118	
2021-02-28 12:20:00	3.2	북서	308	10.68	26.41	1.07	5.1	1.53	4.0	0.1	동	85	10.0	1025.3	-	132	
2021-02-28 12:25:00	3.3	동남동	102	10.72	25.85	0.90	5.2	1.33	5.5	0.7	동남동	118	9.8	1025.2	-	103	
2021-02-28 12:30:00	3.2	남	171	10.74	25.89	0.93	4.9	1.17	6.0	1.7	남동	125	9.9	1025.0	-	103	
2021-02-28 12:35:00	8.3	북동	41	10.72	25.74	0.93	4.9	1.22	4.0	1.9	동남동	122	9.8	1024.8	-	176	
2021-02-28 12:40:00	3.2	서남서	245	10.70	25.86	1.00	5.5	1.30	5.5	1.0	남동	127	9.9	1024.8	-	220	
2021-02-28 12:45:00	3.7	북서	317	10.70	25.59	0.99	5.3	1.62	5.0	1.6	남동	133	10.1	1024.6	-	87	
2021-02-28 12:50:00	4.8	북북서	349	10.73	25.49	1.09	5.1	1.50	4.5	1.7	남동	126	10.1	1024.6	-	99	
2021-02-28 12:55:00	10.4	북북서	330	10.75	25.66	1.14	5.2	1.66	6.0	2.3	남동	128	10.1	1024.4	-	132	
2021-02-28 13:00:00	4.4	북	4	10.77	25.91	0.95	5.8	1.27	6.5	2.7	남동	132	10.0	1024.2	-	77	
2021-02-28 13:05:00	2.9	북	356	10.75	26.05	0.96	5.6	1.25	5.5	2.3	남동	131	10.1	1024.1	-	92	
2021-02-28 13:10:00	2.2	북	10	10.79	25.71	0.92	5.1	1.20	4.5	2.1	남동	139	10.2	1024.0	-	298	
2021-02-28 13:15:00	13.6	서북서	301	10.82	25.79	1.02	5.4	1.74	6.5	1.5	남남동	151	10.3	1024.0	-	117	
2021-02-28 13:20:00	5.7	서북서	289	10.80	25.70	1.10	5.1	1.43	4.5	2.7	남동	145	10.5	1023.9	-	102	
2021-02-28 13:25:00	8.1	남서	214	10.78	25.81	1.02	5.2	1.28	6.0	2.2	남동	128	10.5	1023.8	-	114	
2021-02-28 13:30:00	2.8	남서	219	10.91	25.67	1.15	5.7	1.51	5.5	2.2	남동	138	10.6	1023.9	-	92	
2021-02-28 13:35:00	22.9	남서	230	10.95	25.78	1.09	5.5	1.55	5.0	1.4	남남동	150	10.7	1024.0	-	85	
2021-02-28 13:40:00	8.0	서북서	282	10.92	25.75	1.00	5.3	1.22	4.5	1.1	남남동	149	10.8	1024.1	-	105	
2021-02-28 13:45:00	10.0	서북서	287	10.95	25.82	0.93	5.1	1.26	5.5	0.1	남	188	11.2	1024.2	-	112	
2021-02-28 13:50:00	3.1	동북동	57	10.95	25.83	1.11	5.3	1.78	5.5	0.9	남동	137	11.3	1024.1	-	146	
2021-02-28 13:55:00	7.3	남서	218	10.96	25.89	0.94	5.4	1.35	4.5	1.5	남동	143	10.9	1023.9	-	96	
2021-02-28 14:00:00	7.1	북동	48	10.99	25.91	1.22	5.3	1.62	5.0	1.0	동남동	112	11.0	1023.9	-	307	
2021-02-28 14:05:00	6.5	서	263	10.96	25.79	0.99	5.6	1.47	5.5	1.1	동	95	11.0	1023.7	-	106	
2021-02-28 14:10:00	15.6	서북서	303	11.02	25.67	1.11	5.2	1.79	5.0	1.8	동남동	115	11.0	1023.6	-	112	
2021-02-28 14:15:00	8.6	서북서	290	11.06	25.70	1.03	5.6	2.13	7.0	1.2	남동	138	11.0	1023.6	-	107	
2021-02-28 14:20:00	12.5	북북서	344	11.09	25.75	0.98	6.2	1.22	6.5	1.1	남남동	149	11.2	1023.6	-	102	
2021-02-28 14:25:00	9.7	서남서	244	11.10	25.65	1.07	5.3	1.86	5.5	1.1	남동	146	11.4	1023.7	-	356	
2021-02-28 14:30:00	8.4	북	9	11.05	25.66	1.10	5.4	1.44	5.5	1.2	남동	140	11.6	1023.7	-	109	
2021-02-28 14:35:00	9.9	북서	324	11.01	25.71	1.15	5.7	1.68	6.5	1.7	남동	137	11.4	1023.7	-	93	
2021-02-28 14:40:00	3.4	북북서	329	11.02	25.59	1.06	5.4	1.44	5.5	2.4	남남동	152	11.5	1023.7	-	99	
2021-02-28 14:45:00	8.4	북서	318	11.04	25.51	0.96	5.4	1.18	5.0	2.5	남동	145	11.4	1023.7	-	106	
2021-02-28 14:50:00	7.9	북북서	337	11.07	25.75	1.05	5.5	1.43	5.0	3.3	남동	141	11.4	1023.6	-	126	
2021-02-28 14:55:00	8.3	북	357	11.06	25.55	0.98	4.9	1.26	6.0	4.0	남동	140	11.3	1023.5	-	101	
2021-02-28 15:00:00	9.3	동	83	11.06	25.82	1.04	5.8	1.27	5.0	3.6	남남동	148	11.1	1023.6	-	124	
2021-02-28 15:05:00	1.2	남남서	203	11.02	25.68	1.03	5.3	1.56	6.5	2.2	남남동	162	11.1	1023.7	-	131	
2021-02-28 15:10:00	9.4	동북동	66	11.06	26.15	1.15	5.1	1.58	5.5	1.0	남	180	11.4	1023.8	-	111	
2021-02-28 15:15:00	8.2	북	358	11.08	25.80	0.93	5.4	1.41	5.0	2.3	서북서	297	11.3	1023.8	-	113	
2021-02-28 15:20:00	9.2	북북동	31	11.01	25.64	1.14	5.4	1.81	5.5	2.9	북서	319	11.2	1023.8	-	134	
2021-02-28 15:25:00	9.2	북북동	28	11.05	25.78	1.13	5.4	1.53	5.0	2.3	북서	313	11.3	1023.7	-	109	
2021-02-28 15:30:00	7.2	동	79	11.04	25.62	0.97	5.4	1.58	5.0	2.5	북서	315	11.6	1023.8	-	88	
2021-02-28 15:35:00	13.7	북북서	334	11.01	25.67	1.04	5.9	1.54	5.0	3.5	북서	322	11.4	1023.9	-	125	
2021-02-28 15:40:00	12.6	북북서	338	11.01	25.72	0.99	5.6	1.25	6.0	2.7	북서	319	11.2	1024.0	-	118	
2021-02-28 15:45:00	8.3	북북동	11	10.98	25.73	1.01	5.5	1.53	5.5	2.6	북서	316	11.0	1024.1	-	127	
2021-02-28 15:50:00	13.8	북서	312	11.03	25.74	1.08	5.5	1.50	5.5	3.1	북서	319	10.9	1024.1	-	126	
2021-02-28 15:55:00	4.7	북서	313	11.05	25.80	1.01	6.0	1.22	7.0	3.2	북서	320	10.8	1024.0	-	85	
2021-02-28 16:00:00	17.4	북	354	11.02	26.04	0.95	5.6	1.65	6.0	3.2	북서	323	10.8	1023.9	-	116	
2021-02-28 16:05:00	16.4	북북동	25	11.00	26.34	1.02	5.4	1.49	5.5	3.1	북	350	10.8	1023.7	-	106	
2021-02-28 16:10:00	7.2	북서	305	10.99	25.80	0.99	5.6	1.38	5.0	3.1	북	349	10.7	1023.6	-	94	
2021-02-28 16:15:00	9.9	북서	309	11.04	25.85	1.00	5.5	1.29	5.5	3.3	북	352	10.7	1023.7	-	111	
2021-02-28 16:20:00	5.1	북서	318	11.00	25.70	1.08	5.4	1.83	5.5	3.4	북	353	10.3	1023.6	-	125	
2021-02-28 16:25:00	7.2	북북서	345	10.97	25.70	0.88	5.8	1.39	5.0	2.9	북북서	348	10.1	1023.7	-	85	
2021-02-28 16:30:00	9.1	동북동	77	10.95	25.84	1.07	5.8	1.69	5.5	3.2	북북서	332	10.1	1023.7	-	105	
2021-02-28 16:35:00	6.2	북동	50	10.95	26.09	0.90	5.9	1.28	4.5	2.8	북북서	337	10.0	1023.5	-	90	
2021-02-28 16:40:00	6.8	북서	310	10.96	26.09	0.86	5.7	1.11	6.0	2.5	북북서	328	10.1	1023.5	-	102	
2021-02-28 16:45:00	9.2	북북동	20	11.02	25.85	0.99	5.7	1.71	5.5	2.2	북서	326	10.1	1023.4	-	107	
2021-02-28 16:50:00	5.8	북북서	336	11.05	25.84	1.02	5.6	1.57	6.0	2.0	북서	311	10.1	1023.3	-	105	
2021-02-28 16:55:00	6.5	북서	325	11.06	25.78	1.03	6.0	1.74	6.0	1.2	북서	312	10.3	1023.0	-	119	
2021-02-28 17:00:00	4.7	서남서	250	11.07	25.03	0.95	5.7	1.21	7.0	0.1	서북서	293	10.4	1022.4	-	80	
2021-02-28 17:05:00	7.4	남동	132	11.06	26.26	0.98	5.5	1.30	5.5	1.0	서북서	288	10.3	1022.5	-	110	
2021-02-28 17:10:00	6.2	서	275	11.01	26.88	1.08	5.6	1.53	5.5	0.8	서북서	283	10.1	1022.4	-	123	
2021-02-28 17:15:00	2.7	남서	224	11.02	26.56	0.83	5.8	1.02	6.0	1.0	서북서	291	10.2	1022.5	-	101	
2021-02-28 17:20:00	5.3	북동	34	11.00	26.10	0.97	6.0	1.79	6.0	0.9	서	281	10.1	1022.5	-	98	
2021-02-28 17:25:00	2.1	북동	36	10.98	26.56	1.07	5.8	1.47	6.5	0.4	북서	312	10.0	1022.5	-	102	
2021-02-28 17:30:00	0.7	북	2	11.01	26.05	1.01	5.8	1.36	5.5	1.1	북서	324	10.1	1022.5	-	111	
2021-02-28 17:35:00	0.7	서남서	256	11.03	25.49	0.92	5.8	1.58	6.0	1.2	북서	314	10.1	1022.7	-	40	
2021-02-28 17:40:00	2.5	북북서	340	10.99	26.46	0.87	5.9	1.16	5.5	1.1	북서	315	10.1	1022.7	-	116	
2021-02-28 17:45:00	2.1	북북서	346	10.99	26.08	0.96	5.4	1.37	6.0	1.5	북서	316	10.1	1022.8	-	115	
2021-02-28 17:50:00	3.9	북북서	328	10.99	26.84	0.92	5.9	1.22	6.5	1.6	북서	315	10.2	1022.9	-	99	
2021-02-28 17:55:00	5.8	북	8	10.98	26.17	1.02	5.4	1.34	5.5	1.9	북서	326	10.1	1023.0	-	116	
2021-02-28 18:00:00	4.4	북북동	13	10.98	26.12	0.75	5.6	1.20	5.5	2.0	북북서	331	10.1	1023.0	-	145	
2021-02-28 18:05:00	5.7	북서	318	10.97	26.08	0.82	5.7	1.49	5.0	1.9	북북서	337	10.1	1023.0	-	113	
2021-02-28 18:10:00	0.6	남남동	163	10.91	26.36	0.86	5.7	1.24	6.0	1.9	북북서	346	10.1	1023.1	-	102	
2021-02-28 18:15:00	4.2	동남동	106	10.90	26.42	0.98	5.7	1.20	6.0	2.2	북북서	332	10.2	1023.3	-	121	
2021-02-28 18:20:00	3.6	서	269	10.91	26.45	0.81	5.3	1.21	6.0	2.5	북북서	332	10.2	1023.5	-	85	
2021-02-28 18:25:00	7.8	서	273	10.91	25.73	0.93	6.4	1.16	6.5	1.9	북북서	327	10.1	1023.6	-	91	
2021-02-28 18:30:00	3.0	남서	215	10.93	26.37	0.80	5.7	1.03	5.0	1.1	북서	314	10.1	1023.7	-	96	
2021-02-28 18:35:00	8.0	북	352	10.91	26.91	0.93	5.9	1.33	6.5	0.8	서북서	300	10.2	1023.7	-	122	
2021-02-28 18:40:00	1.2	서	273	10.91	27.01	0.79	6.3	1.07	6.5	1.1	서북서	293	10.2	1023.6	-	78	
2021-02-28 18:45:00	8.5	동북동	60	10.93	27.29	1.00	6.1	1.38	6.0	1.1	서	273	10.2	1023.4	-	113	
2021-02-28 18:50:00	11.6	서	270	10.92	25.27	0.83	5.8	1.19	5.5	1.0	남서	217	10.2	1023.3	-	130	
2021-02-28 18:55:00	12.3	남남동	149	10.96	25.96	1.01	6.1	1.26	6.5	1.6	남남서	208	10.1	1023.4	-	113	
2021-02-28 19:00:00	8.3	남남서	213	10.92	25.83	0.97	5.9	1.30	6.5	1.9	남남서	198	10.2	1023.8	-	131	
2021-02-28 19:05:00	15.6	서	264	10.92	25.87	0.88	5.7	1.33	5.0	1.2	남남서	200	10.1	1024.1	-	113	
2021-02-28 19:10:00	8.6	동	88	10.91	26.03	0.98	5.7	1.33	6.0	1.3	남남서	205	10.2	1024.0	-	105	
2021-02-28 19:15:00	2.9	남남서	206	10.92	26.18	0.98	5.8	1.23	6.0	0.9	남서	225	10.2	1024.0	-	116	
2021-02-28 19:20:00	6.1	북북동	17	10.91	25.73	0.69	5.8	0.80	6.0	0.8	서	273	10.2	1024.1	-	120	
2021-02-28 19:25:00	3.5	서	271	10.88	25.81	0.89	6.3	1.15	6.0	0.6	서남서	250	10.2	1024.2	-	112	
2021-02-28 19:30:00	2.7	북	351	10.86	26.16	0.79	5.8	1.11	5.5	0.6	서남서	250	10.3	1024.2	-	128	
2021-02-28 19:35:00	4.6	북	357	10.89	26.17	0.73	6.1	0.87	6.0	1.1	서남서	249	10.2	1024.2	-	115	
2021-02-28 19:40:00	6.3	동	98	10.89	25.83	0.83	5.9	1.04	6.5	1.7	서남서	250	10.1	1024.2	-	124	
2021-02-28 19:45:00	5.3	북북동	20	10.91	25.79	0.74	6.3	1.06	5.0	1.7	서남서	248	10.3	1024.2	-	112	
2021-02-28 19:50:00	4.1	북북동	32	10.89	26.96	0.77	5.9	1.00	6.5	1.4	남서	229	10.3	1024.2	-	105	
2021-02-28 19:55:00	2.2	동북동	74	10.89	26.03	0.85	5.7	1.13	5.5	1.7	남	180	10.3	1024.1	-	131	
2021-02-28 20:00:00	6.3	동	79	10.91	26.15	0.83	5.9	1.16	6.0	2.9	남남동	165	10.3	1024.0	-	119	
2021-02-28 20:05:00	3.0	남	176	10.93	26.19	0.81	5.6	1.26	5.5	3.1	남	179	10.5	1023.9	-	100	
2021-02-28 20:10:00	9.3	남	172	10.92	25.69	0.83	6.4	1.12	6.5	4.2	남	190	11.2	1023.7	-	113	
2021-02-28 20:15:00	8.3	남남서	202	10.95	25.73	0.94	5.9	1.34	5.5	4.1	남남서	197	11.8	1023.5	-	126	
2021-02-28 20:20:00	1.1	북북동	25	10.98	26.04	0.75	5.6	1.05	4.5	2.6	남남서	202	11.7	1023.5	-	107	
2021-02-28 20:25:00	8.0	서북서	302	10.93	25.81	0.76	6.2	0.86	6.5	2.5	남서	217	12.0	1023.2	-	103	
2021-02-28 20:30:00	0.0	남서	229	10.91	25.69	0.77	5.6	1.00	6.0	4.0	남서	223	12.0	1022.9	-	99	
2021-02-28 20:35:00	8.3	남서	223	10.89	25.76	0.94	5.4	1.21	6.0	6.9	남서	229	12.3	1022.8	-	118	
2021-02-28 20:40:00	5.7	남남서	201	10.87	25.89	0.78	5.9	0.99	5.0	7.7	남서	231	12.6	1022.4	-	119	
2021-02-28 20:45:00	5.4	서	273	10.88	26.12	0.67	5.2	1.00	5.5	7.1	남서	232	12.6	1022.2	-	98	
2021-02-28 20:50:00	26.2	서남서	254	10.91	25.86	0.85	5.5	1.23	5.5	6.7	남서	231	12.8	1022.1	-	107	
2021-02-28 20:55:00	10.6	서북서	284	10.93	25.74	0.73	5.8	1.12	6.0	6.2	남서	227	12.8	1022.4	-	117	
2021-02-28 21:00:00	11.4	서	277	10.92	25.89	0.88	5.9	1.12	5.5	6.4	남서	222	12.8	1022.3	-	122	
2021-02-28 21:05:00	3.3	서북서	297	10.92	26.36	0.79	5.4	1.17	6.0	6.2	남남서	213	12.9	1022.2	-	116	
2021-02-28 21:10:00	2.8	남동	128	10.92	25.70	0.79	5.8	0.98	6.0	6.3	남남서	211	12.9	1021.9	-	131	
2021-02-28 21:15:00	2.1	북북동	24	10.91	25.63	0.85	6.2	1.06	6.5	6.1	남남서	204	12.9	1021.8	-	109	
2021-02-28 21:20:00	4.7	동	88	10.92	25.57	0.86	5.8	1.15	7.5	5.8	남남서	204	12.6	1021.8	-	111	
2021-02-28 21:25:00	1.4	북동	54	10.91	25.96	0.64	5.7	0.89	7.0	6.5	남남서	209	12.7	1021.7	-	78	
2021-02-28 21:30:00	2.1	북북동	28	10.91	25.79	0.92	5.9	1.24	5.0	5.6	남남서	209	12.7	1021.6	-	91	
2021-02-28 21:35:00	2.6	북동	56	10.91	25.68	0.71	5.6	0.92	5.5	4.5	남남서	202	12.5	1021.6	-	120	
2021-02-28 21:40:00	1.4	동북동	62	10.90	25.56	0.78	6.5	1.20	5.5	4.2	남남서	206	12.5	1021.5	-	230	
2021-02-28 21:45:00	1.5	서남서	250	10.88	25.67	0.73	6.1	1.02	5.5	5.0	남서	215	12.7	1021.4	-	115	
2021-02-28 21:50:00	3.4	남서	231	10.87	25.66	0.73	6.2	0.91	5.0	5.9	남서	228	13.1	1021.5	-	119	
2021-02-28 21:55:00	1.8	서북서	295	10.87	25.61	0.70	5.7	1.01	6.5	7.3	남서	226	13.1	1021.3	-	114	
2021-02-28 22:00:00	0.5	동북동	73	10.86	25.48	0.75	6.0	1.31	6.0	6.9	남서	228	13.1	1021.3	-	125	
2021-02-28 22:05:00	5.0	동북동	74	10.86	25.66	0.74	6.1	0.96	5.5	6.7	남서	224	13.0	1021.3	-	108	
2021-02-28 22:10:00	2.5	동북동	76	10.86	25.62	0.71	5.7	1.00	6.0	6.3	남서	224	13.0	1021.3	-	120	
2021-02-28 22:15:00	1.0	북동	36	10.85	25.91	0.69	6.1	0.99	5.5	6.0	남서	231	13.1	1021.5	-	109	
2021-02-28 22:20:00	2.3	동	96	10.85	25.69	0.74	6.0	1.06	5.5	5.4	남서	229	13.1	1021.4	-	113	
2021-02-28 22:25:00	2.6	동북동	66	10.84	25.90	0.78	6.3	1.14	6.0	6.6	남서	231	13.2	1021.5	-	117	
2021-02-28 22:30:00	7.6	동	80	10.84	25.81	0.67	5.3	1.02	5.5	5.7	남서	231	13.2	1021.6	-	122	
2021-02-28 22:35:00	4.4	동	100	10.83	25.85	0.79	6.1	1.18	6.0	5.8	서남서	238	13.0	1021.7	-	113	
2021-02-28 22:40:00	2.0	동북동	71	10.82	25.78	0.75	5.8	0.88	7.0	5.5	남서	233	12.9	1021.7	-	80	
2021-02-28 22:45:00	4.3	동북동	57	10.81	25.76	0.80	6.1	1.30	5.0	6.0	남서	228	12.9	1021.6	-	88	
2021-02-28 22:50:00	3.1	동	89	10.80	25.78	0.95	6.5	1.29	6.0	4.6	남서	227	12.8	1021.7	-	105	
2021-02-28 22:55:00	3.9	동북동	76	10.79	25.81	0.74	5.8	1.14	5.5	4.2	남서	228	12.7	1021.7	-	100	
2021-02-28 23:00:00	3.2	동북동	68	10.78	25.64	0.78	5.7	1.26	5.5	4.9	남서	233	12.7	1021.6	-	102	
2021-02-28 23:05:00	3.5	동북동	73	10.77	25.57	0.82	5.9	1.39	5.5	5.2	남서	235	12.9	1021.4	-	100	
2021-02-28 23:10:00	5.5	동북동	63	10.76	25.56	0.84	5.8	1.06	6.0	4.9	남서	223	12.8	1021.4	-	113	
2021-02-28 23:15:00	2.4	북북동	31	10.75	25.53	0.78	5.4	1.04	5.5	4.8	남서	227	12.8	1021.4	-	113	
2021-02-28 23:20:00	0.9	남남서	209	10.75	26.13	0.70	6.0	0.96	7.0	4.0	남서	229	12.7	1021.4	-	119	
2021-02-28 23:25:00	5.6	동북동	60	10.74	25.53	0.76	5.8	0.94	4.5	3.8	남서	236	12.7	1021.3	-	116	
2021-02-28 23:30:00	5.5	동	83	10.74	25.70	0.70	6.0	0.94	6.0	4.3	남서	226	12.6	1021.3	-	103	
2021-02-28 23:35:00	2.3	남동	126	10.73	26.01	0.79	5.8	0.95	4.5	4.8	남서	223	12.6	1021.3	-	129	
2021-02-28 23:40:00	3.3	동북동	74	10.73	25.83	0.77	5.3	0.97	5.5	4.8	남서	222	12.6	1021.4	-	119	
2021-02-28 23:45:00	3.2	동남동	107	10.72	25.73	0.73	5.9	0.88	5.0	4.7	남서	221	12.6	1021.2	-	118	
2021-02-28 23:50:00	4.3	동북동	65	10.72	25.87	0.75	5.5	1.00	5.0	5.7	남서	224	12.7	1021.1	-	337	
2021-02-28 23:55:00	7.5	동	81	10.71	26.00	0.78	6.5	1.02	6.0	5.9	남서	220	12.8	1021.0	-	75	
