관측소명:경포대해수욕장
위도:37.808972
경도:128.931889
관측시간	유속(cm/s)	유향(16points)	유향(deg)	수온(℃)	염분(PSU)	유의파고(m)	유의파주기(sec)	최대파고(m)	최대파주기(sec)	풍속(m/s)	풍향(16points)	풍향(deg)	기온(℃)	기압(hPa)	시정(m)	파향(deg)	
2020-11-01 00:00:00	7.3	북북서	333	16.84	29.32	0.62	8.9	0.75	10.0	2.7	서남서	242	15.8	1020.9	-	59	
2020-11-01 00:05:00	6.8	북서	323	16.85	29.32	0.79	9.0	1.20	10.0	2.8	서남서	245	15.7	1020.9	-	76	
2020-11-01 00:10:00	7.0	북서	308	16.87	29.31	0.66	8.7	0.86	5.0	2.9	남서	235	15.7	1020.8	-	70	
2020-11-01 00:15:00	8.0	북서	324	16.88	29.26	0.65	8.1	0.97	5.5	2.4	서남서	241	15.6	1020.7	-	68	
2020-11-01 00:20:00	6.2	서북서	302	16.89	29.20	0.69	8.9	0.81	8.5	2.8	서남서	256	15.6	1020.6	-	92	
2020-11-01 00:25:00	7.1	북서	312	16.90	29.21	0.61	8.4	0.86	9.5	2.7	서남서	243	15.6	1020.6	-	117	
2020-11-01 00:30:00	7.9	북서	310	16.90	29.25	0.61	7.8	0.79	6.5	3.2	서남서	249	15.6	1020.6	-	44	
2020-11-01 00:35:00	7.9	북북서	327	16.89	29.28	0.52	6.9	0.60	5.0	3.1	서남서	242	15.6	1020.6	-	46	
2020-11-01 00:40:00	6.4	북서	304	16.88	29.28	0.76	8.7	0.88	10.0	2.7	남서	220	15.5	1020.5	-	73	
2020-11-01 00:45:00	5.4	북서	309	16.87	29.17	0.61	8.2	0.85	10.0	3.0	남남서	192	14.9	1020.5	-	53	
2020-11-01 00:50:00	6.6	서북서	298	16.88	29.26	0.61	8.5	1.06	8.5	2.9	남남서	199	14.7	1020.4	-	62	
2020-11-01 00:55:00	7.3	서북서	292	16.91	29.22	0.64	7.8	0.98	9.0	3.3	남남서	207	14.5	1020.4	-	66	
2020-11-01 01:00:00	8.3	서북서	300	16.90	29.22	0.51	8.6	0.66	9.5	2.5	남서	224	14.5	1020.4	-	72	
2020-11-01 01:05:00	7.6	서북서	301	16.91	29.28	0.79	9.4	1.00	9.0	2.3	남서	231	14.8	1020.4	-	63	
2020-11-01 01:10:00	10.2	서북서	298	16.92	29.30	0.53	7.8	0.64	8.0	2.3	남서	231	15.0	1020.5	-	72	
2020-11-01 01:15:00	8.8	서북서	292	16.94	29.31	0.63	9.5	0.80	7.5	2.7	남서	218	15.0	1020.6	-	75	
2020-11-01 01:20:00	8.3	서북서	298	16.96	29.26	0.62	9.4	0.91	10.5	3.1	남서	221	15.1	1020.6	-	70	
2020-11-01 01:25:00	8.4	서북서	288	16.95	29.21	0.59	8.0	0.81	8.5	2.6	남서	216	15.3	1020.5	-	64	
2020-11-01 01:30:00	9.5	서북서	300	16.96	29.20	0.58	7.3	0.93	9.5	3.2	남서	223	15.4	1020.4	-	77	
2020-11-01 01:35:00	9.8	서북서	296	16.97	29.23	0.66	8.6	0.86	9.0	3.0	남남서	212	15.5	1020.4	-	83	
2020-11-01 01:40:00	7.8	북서	304	16.97	29.27	0.65	8.3	0.75	9.5	3.4	남남서	211	15.4	1020.4	-	64	
2020-11-01 01:45:00	10.0	서북서	290	16.98	29.28	0.59	8.7	1.10	8.5	4.2	남남서	196	15.0	1020.3	-	83	
2020-11-01 01:50:00	21.5	북서	308	17.36	29.39	0.63	9.0	0.91	8.5	4.2	남남서	207	15.0	1020.3	-	69	
2020-11-01 01:55:00	21.8	북서	305	17.48	29.28	0.72	9.0	0.91	9.0	4.0	남남서	205	15.1	1020.3	-	59	
2020-11-01 02:00:00	22.8	북서	308	17.54	29.25	0.75	9.0	1.00	9.0	5.1	남남서	212	15.4	1020.2	-	75	
2020-11-01 02:05:00	23.3	북서	309	17.56	29.28	0.60	7.8	0.89	8.5	4.6	남서	218	15.9	1020.3	-	56	
2020-11-01 02:10:00	21.8	북서	310	17.57	29.28	0.52	7.5	0.75	10.0	4.7	남남서	213	16.0	1020.3	-	66	
2020-11-01 02:15:00	20.1	북서	307	17.57	29.25	0.51	8.0	0.63	9.5	5.2	남서	220	16.0	1020.2	-	61	
2020-11-01 02:20:00	20.7	북서	309	17.57	29.20	0.61	8.8	0.88	9.0	5.4	남서	223	16.5	1020.2	-	64	
2020-11-01 02:25:00	19.0	북서	312	17.55	29.20	0.59	8.7	0.71	9.0	5.7	남서	219	16.6	1020.2	-	66	
2020-11-01 02:30:00	15.9	북서	312	17.52	29.24	0.61	8.0	0.77	8.5	5.7	남서	214	16.7	1020.1	-	80	
2020-11-01 02:35:00	15.1	북서	312	17.51	29.22	0.63	9.0	0.74	8.5	5.4	남서	219	16.6	1020.1	-	76	
2020-11-01 02:40:00	13.5	북서	311	17.45	29.19	0.54	8.1	0.81	9.0	5.9	남서	216	16.7	1020.0	-	59	
2020-11-01 02:45:00	11.0	북서	318	17.41	29.16	0.70	9.3	0.81	9.5	6.3	남남서	212	16.7	1020.1	-	49	
2020-11-01 02:50:00	12.3	북서	323	17.38	29.20	0.65	9.3	0.93	8.5	6.3	남서	214	16.6	1020.0	-	70	
2020-11-01 02:55:00	13.0	북서	318	17.38	29.23	0.51	6.9	0.70	8.5	6.0	남서	215	16.6	1020.0	-	45	
2020-11-01 03:00:00	9.1	북서	326	17.33	29.24	0.68	8.8	0.73	9.0	5.2	남남서	212	16.6	1019.9	-	63	
2020-11-01 03:05:00	10.9	북북서	339	17.33	29.22	0.47	7.4	0.78	8.5	5.7	남남서	213	16.5	1019.9	-	73	
2020-11-01 03:10:00	12.3	북서	320	17.33	29.21	0.52	8.2	0.67	8.0	5.8	남서	217	16.6	1019.8	-	58	
2020-11-01 03:15:00	9.8	북북서	337	17.35	29.17	0.55	8.7	0.74	10.0	5.9	남남서	208	16.6	1019.8	-	68	
2020-11-01 03:20:00	9.1	북서	326	17.37	29.18	0.52	8.4	0.68	8.5	4.6	남남서	203	16.4	1019.8	-	73	
2020-11-01 03:25:00	11.8	북북서	328	17.39	29.24	0.59	8.5	0.80	8.5	4.9	남남서	206	16.4	1019.7	-	72	
2020-11-01 03:30:00	11.0	북서	313	17.41	29.25	0.61	9.3	0.90	9.5	5.3	남남서	207	16.4	1019.7	-	64	
2020-11-01 03:35:00	12.4	북서	313	17.44	29.22	0.51	8.2	0.58	8.5	5.3	남남서	210	16.4	1019.6	-	63	
2020-11-01 03:40:00	13.1	북서	315	17.45	29.19	0.59	8.5	0.79	7.5	5.7	남남서	207	16.4	1019.4	-	65	
2020-11-01 03:45:00	11.2	북서	319	17.45	29.16	0.62	8.8	0.91	8.5	6.3	남남서	203	16.4	1019.3	-	56	
2020-11-01 03:50:00	12.5	북서	317	17.46	29.16	0.54	9.1	0.72	9.5	5.6	남남서	204	16.3	1019.3	-	77	
2020-11-01 03:55:00	10.9	북북서	332	17.45	29.22	0.61	8.5	0.80	8.5	5.4	남남서	201	16.4	1019.3	-	67	
2020-11-01 04:00:00	11.3	북북서	337	17.45	29.23	0.50	7.3	0.66	6.0	5.8	남남서	209	16.4	1019.2	-	44	
2020-11-01 04:05:00	8.8	북북서	335	17.45	29.21	0.49	8.2	0.78	9.5	6.5	남서	214	16.6	1019.0	-	61	
2020-11-01 04:10:00	7.0	북북서	332	17.44	29.18	0.43	6.8	0.55	7.5	6.3	남남서	209	16.6	1018.9	-	69	
2020-11-01 04:15:00	7.7	북북서	345	17.44	29.15	0.52	7.5	0.69	9.0	6.5	남서	214	16.6	1018.8	-	63	
2020-11-01 04:20:00	7.6	북	353	17.43	29.18	0.56	8.2	0.70	8.5	5.9	남서	219	16.7	1018.8	-	68	
2020-11-01 04:25:00	6.7	북	351	17.42	29.23	0.47	7.0	0.70	9.5	5.1	남서	224	16.7	1018.9	-	72	
2020-11-01 04:30:00	8.1	북북서	347	17.42	29.21	0.55	8.5	0.67	7.0	3.2	남남서	213	16.8	1019.0	-	70	
2020-11-01 04:35:00	9.0	북북서	347	17.41	29.20	0.52	8.2	0.72	9.5	3.7	남남서	207	16.8	1019.1	-	47	
2020-11-01 04:40:00	6.6	북북서	345	17.41	29.15	0.51	7.6	0.80	8.0	3.1	남남서	195	16.9	1019.0	-	81	
2020-11-01 04:45:00	7.7	북북서	339	17.40	29.17	0.48	7.2	0.65	7.0	4.2	남	177	16.9	1018.9	-	68	
2020-11-01 04:50:00	7.5	북북서	344	17.40	29.20	0.54	7.4	0.75	9.0	3.7	남	182	16.8	1018.9	-	81	
2020-11-01 04:55:00	7.2	북북서	332	17.39	29.23	0.64	8.6	0.83	8.5	3.9	남	183	16.8	1018.9	-	57	
2020-11-01 05:00:00	7.5	북	354	17.39	29.24	0.58	8.8	0.85	8.5	3.4	남남서	199	16.9	1018.9	-	86	
2020-11-01 05:05:00	5.3	북	356	17.39	29.20	0.59	8.6	0.81	10.0	2.2	남남서	196	16.9	1018.9	-	67	
2020-11-01 05:10:00	4.3	북북서	345	17.38	29.18	0.53	7.7	0.59	9.0	1.4	남남서	195	16.8	1018.9	-	78	
2020-11-01 05:15:00	2.9	북북동	21	17.37	29.20	0.50	7.1	0.65	9.0	1.4	남남서	194	16.7	1018.9	-	100	
2020-11-01 05:20:00	3.6	북북동	27	17.37	29.27	0.54	8.3	0.75	9.5	3.1	남	190	16.8	1018.8	-	70	
2020-11-01 05:25:00	3.9	북북동	22	17.36	29.28	0.50	8.1	0.72	9.5	3.1	남	189	16.9	1018.8	-	67	
2020-11-01 05:30:00	4.4	북북서	343	17.35	29.27	0.52	7.9	0.68	8.5	2.0	남남서	200	16.9	1018.8	-	62	
2020-11-01 05:35:00	2.5	북서	317	17.35	29.22	0.59	7.9	0.83	9.5	2.0	남서	218	17.0	1018.8	-	57	
2020-11-01 05:40:00	4.2	북	354	17.34	29.22	0.50	7.9	0.71	8.5	1.4	남	174	16.9	1018.8	-	33	
2020-11-01 05:45:00	3.5	북서	316	17.33	29.26	0.53	8.0	0.89	9.5	1.4	남남동	167	16.9	1018.7	-	55	
2020-11-01 05:50:00	5.1	북동	43	17.33	29.28	0.55	7.6	0.75	8.5	2.3	서남서	238	17.0	1018.7	-	55	
2020-11-01 05:55:00	0.1	북	4	17.33	29.28	0.55	7.5	0.74	8.5	1.6	서남서	251	16.9	1018.7	-	66	
2020-11-01 06:00:00	1.6	남서	230	17.32	29.25	0.46	6.5	0.69	8.0	2.4	남	189	16.9	1018.6	-	43	
2020-11-01 06:05:00	1.6	서	267	17.32	29.23	0.54	7.4	0.69	7.5	3.0	남남서	192	17.0	1018.6	-	61	
2020-11-01 06:10:00	1.8	서북서	292	17.32	29.26	0.55	8.1	0.74	9.0	2.5	남남서	204	16.9	1018.8	-	70	
2020-11-01 06:15:00	1.7	서	274	17.32	29.29	0.66	8.3	0.93	9.5	2.9	남서	220	16.8	1018.8	-	69	
2020-11-01 06:20:00	1.3	서	259	17.32	29.27	0.50	6.9	0.75	8.5	3.4	남서	219	16.7	1018.8	-	56	
2020-11-01 06:25:00	1.7	서	270	17.31	29.25	0.48	7.4	0.71	8.0	3.3	남남서	213	16.6	1018.8	-	48	
2020-11-01 06:30:00	3.0	서	263	17.30	29.22	0.60	8.8	0.71	9.0	3.1	남남서	210	16.6	1018.9	-	87	
2020-11-01 06:35:00	2.1	서	280	17.30	29.24	0.45	6.7	0.59	5.0	3.9	남서	222	16.6	1019.0	-	71	
2020-11-01 06:40:00	1.7	서북서	295	17.30	29.25	0.45	6.6	0.63	8.0	4.0	남남서	213	16.6	1018.8	-	99	
2020-11-01 06:45:00	2.2	서남서	250	17.30	29.26	0.52	6.6	0.65	7.0	5.2	남서	228	16.7	1018.8	-	62	
2020-11-01 06:50:00	4.6	서남서	254	17.30	29.23	0.45	7.2	0.62	8.5	5.6	남서	230	16.6	1018.9	-	55	
2020-11-01 06:55:00	2.0	서남서	237	17.30	29.22	0.47	8.1	0.62	9.5	7.2	남서	229	16.7	1018.7	-	62	
2020-11-01 07:00:00	2.2	서북서	281	17.29	29.21	0.52	8.3	0.72	9.0	8.5	남서	219	16.7	1018.4	-	77	
2020-11-01 07:05:00	0.9	남동	127	17.29	29.21	0.44	7.0	0.66	6.5	9.6	남서	223	16.9	1018.3	-	58	
2020-11-01 07:10:00	3.8	서북서	290	17.28	29.21	0.44	7.7	0.64	8.0	9.0	남서	227	16.9	1018.1	-	55	
2020-11-01 07:15:00	0.7	동	88	17.28	29.20	0.41	6.6	0.61	8.5	9.2	남서	227	17.0	1018.0	-	95	
2020-11-01 07:20:00	2.3	북동	45	17.27	29.20	0.45	8.3	0.65	9.5	9.1	남서	231	16.9	1018.0	-	75	
2020-11-01 07:25:00	1.5	동	91	17.26	29.18	0.36	7.1	0.45	9.5	8.9	남서	223	17.1	1017.8	-	53	
2020-11-01 07:30:00	2.4	북	6	17.26	29.18	0.46	8.8	0.52	8.5	9.1	남서	220	17.2	1017.8	-	60	
2020-11-01 07:35:00	8.6	북동	55	17.26	29.26	0.54	9.4	0.75	9.5	8.1	남서	229	17.3	1017.9	-	67	
2020-11-01 07:40:00	0.9	북북서	334	17.24	29.28	0.49	8.4	0.55	7.0	7.3	남서	234	17.3	1018.1	-	71	
2020-11-01 07:45:00	2.0	남서	221	17.23	29.31	0.46	8.3	0.69	9.5	8.2	남서	235	17.1	1018.1	-	67	
2020-11-01 07:50:00	2.4	북북서	338	17.23	29.29	0.39	7.9	0.54	7.5	10.1	남서	234	17.1	1018.0	-	51	
2020-11-01 07:55:00	1.1	동	96	17.22	29.28	0.40	7.6	0.53	6.5	9.9	남서	226	17.2	1018.1	-	57	
2020-11-01 08:00:00	0.6	동남동	115	17.22	29.27	0.42	7.2	0.70	8.5	7.5	남서	225	17.2	1018.3	-	237	
2020-11-01 08:05:00	2.0	북동	47	17.22	29.26	0.44	7.9	0.65	9.0	6.5	남서	218	17.2	1018.3	-	76	
2020-11-01 08:10:00	1.1	북북동	22	17.21	29.26	0.51	9.0	0.77	9.5	6.4	남서	219	17.3	1018.4	-	68	
2020-11-01 08:15:00	2.5	남남동	147	17.21	29.26	0.41	8.0	0.62	8.0	6.0	남남서	211	17.3	1018.3	-	75	
2020-11-01 08:20:00	2.4	북북서	344	17.21	29.26	0.39	8.0	0.58	9.0	6.9	남남서	206	17.2	1018.3	-	57	
2020-11-01 08:25:00	0.9	북	3	17.20	29.29	0.56	9.1	0.78	10.0	7.1	남남서	210	17.2	1018.4	-	83	
2020-11-01 08:30:00	0.5	남남서	195	17.20	29.28	0.52	8.0	0.66	9.0	6.5	남남서	213	17.0	1018.4	-	57	
2020-11-01 08:35:00	1.1	북북동	23	17.20	29.27	0.46	6.8	0.55	6.0	7.2	남서	217	17.0	1018.5	-	65	
2020-11-01 08:40:00	3.0	동북동	71	17.20	29.27	0.50	9.0	0.62	9.0	6.0	남남서	211	17.0	1018.5	-	78	
2020-11-01 08:45:00	4.0	북동	44	17.19	29.28	0.44	7.4	0.60	8.5	6.4	남서	215	17.1	1018.5	-	56	
2020-11-01 08:50:00	1.8	북동	35	17.19	29.28	0.47	8.9	0.71	9.5	5.6	남서	224	17.2	1018.5	-	51	
2020-11-01 08:55:00	3.1	북동	38	17.18	29.29	0.46	7.1	0.73	7.5	6.0	남서	219	17.2	1018.4	-	73	
2020-11-01 09:00:00	6.7	동북동	59	17.18	29.28	0.36	6.5	0.48	7.5	5.7	남서	223	17.2	1018.4	-	93	
2020-11-01 09:05:00	6.8	북동	54	17.18	29.27	0.58	8.9	0.71	8.5	7.2	남서	216	17.3	1018.3	-	54	
2020-11-01 09:10:00	7.5	북동	46	17.18	29.30	0.53	8.7	0.67	9.0	6.5	남서	226	17.1	1018.4	-	64	
2020-11-01 09:15:00	1.2	동	82	17.17	29.29	0.45	6.2	0.75	8.5	8.3	남서	231	17.1	1018.5	-	73	
2020-11-01 09:20:00	3.3	북동	40	17.16	29.30	0.43	6.8	0.60	4.0	7.7	남서	227	16.9	1018.6	-	80	
2020-11-01 09:25:00	4.2	동	85	17.16	29.29	0.50	8.3	0.75	9.0	7.8	남서	231	16.8	1018.7	-	52	
2020-11-01 09:30:00	2.8	북북동	12	17.16	29.29	0.42	7.6	0.67	7.5	7.0	남서	235	16.8	1018.8	-	90	
2020-11-01 09:35:00	7.9	동북동	64	17.15	29.28	0.51	8.8	0.68	10.0	4.7	남서	231	16.7	1018.7	-	53	
2020-11-01 09:40:00	4.5	북동	55	17.15	29.26	0.37	7.1	0.50	9.0	2.8	서남서	243	16.7	1018.7	-	74	
2020-11-01 09:45:00	8.4	북동	45	17.15	29.26	0.39	6.9	0.53	10.5	2.7	서남서	250	16.6	1018.7	-	85	
2020-11-01 09:50:00	8.2	동북동	57	17.14	29.28	0.37	7.0	0.58	8.5	3.8	서남서	250	16.6	1018.6	-	52	
2020-11-01 09:55:00	7.6	동북동	65	17.14	29.31	0.45	7.8	0.81	9.0	3.1	서남서	239	16.6	1018.5	-	66	
2020-11-01 10:00:00	7.2	북동	47	17.14	29.30	0.42	7.3	0.54	8.5	3.8	서남서	246	16.6	1018.4	-	65	
2020-11-01 10:05:00	6.2	북동	51	17.13	29.30	0.37	6.6	0.46	8.0	4.0	서남서	238	16.7	1018.3	-	73	
2020-11-01 10:10:00	4.9	동북동	75	17.12	29.28	0.48	8.0	0.60	9.0	4.2	남서	219	16.6	1018.2	-	60	
2020-11-01 10:15:00	7.1	동북동	72	17.12	29.24	0.50	8.4	0.60	7.0	4.0	남서	231	16.4	1018.1	-	68	
2020-11-01 10:20:00	5.0	동북동	69	17.10	29.22	0.39	5.7	0.46	5.0	4.1	남서	234	16.4	1018.0	-	281	
2020-11-01 10:25:00	5.7	북동	41	17.09	29.29	0.52	9.1	0.61	7.5	4.5	서남서	243	16.3	1017.9	-	70	
2020-11-01 10:30:00	8.1	동북동	69	17.08	29.31	0.47	7.0	0.61	8.0	4.3	서남서	237	16.3	1017.8	-	66	
2020-11-01 10:35:00	5.4	동북동	74	17.07	29.30	0.41	7.9	0.64	9.5	4.4	서남서	241	16.4	1017.8	-	66	
2020-11-01 10:40:00	8.7	동북동	64	17.06	29.30	0.51	8.6	0.65	8.5	6.4	서남서	242	16.5	1017.7	-	59	
2020-11-01 10:45:00	8.9	동북동	60	17.05	29.26	0.39	6.1	0.64	6.0	4.2	남서	235	16.4	1017.7	-	121	
2020-11-01 10:50:00	7.6	동북동	73	17.04	29.25	0.47	7.2	0.61	7.0	4.3	남서	235	16.4	1017.6	-	85	
2020-11-01 10:55:00	10.8	동북동	73	17.02	29.23	0.45	7.2	0.81	9.0	6.4	남서	230	16.4	1017.6	-	65	
2020-11-01 11:00:00	9.9	동북동	67	16.96	29.21	0.39	6.1	0.63	8.0	7.6	서남서	239	16.4	1017.5	-	77	
2020-11-01 11:05:00	11.2	동북동	68	16.88	29.12	0.43	6.4	0.76	7.5	8.3	서남서	241	16.4	1017.4	-	72	
2020-11-01 11:10:00	10.0	동북동	61	16.79	29.18	0.44	6.7	0.63	7.0	9.3	서남서	241	16.4	1017.3	-	72	
2020-11-01 11:15:00	5.8	동북동	63	16.77	29.17	0.44	7.3	0.70	10.0	10.1	서남서	242	16.5	1017.2	-	69	
2020-11-01 11:20:00	9.0	동북동	57	16.77	29.20	0.49	7.4	0.78	7.5	10.2	서남서	240	16.5	1017.4	-	63	
2020-11-01 11:25:00	10.8	동북동	67	16.77	29.15	0.46	5.8	0.57	4.5	9.8	서남서	244	16.4	1017.6	-	68	
2020-11-01 11:30:00	9.4	동북동	73	16.75	29.20	0.46	6.4	0.85	6.0	9.2	서남서	250	16.4	1017.7	-	65	
2020-11-01 11:35:00	11.5	동북동	71	16.74	29.14	0.41	6.5	0.64	8.0	8.2	서남서	256	16.3	1017.9	-	61	
2020-11-01 11:40:00	8.4	동북동	66	16.76	29.17	0.47	8.7	0.70	9.5	6.7	서남서	255	16.3	1018.0	-	70	
2020-11-01 11:45:00	8.4	동북동	72	16.75	29.19	0.33	6.3	0.46	9.0	5.4	서남서	249	16.3	1017.9	-	89	
2020-11-01 11:50:00	5.4	북동	43	16.76	29.19	0.42	7.9	0.59	7.5	4.7	서남서	256	16.2	1017.9	-	72	
2020-11-01 11:55:00	3.7	동북동	62	16.77	29.20	0.50	6.8	0.64	7.5	4.5	서남서	255	16.2	1017.8	-	91	
2020-11-01 12:00:00	4.8	동	83	16.78	29.19	0.45	8.0	0.57	9.5	4.8	서남서	253	16.2	1018.0	-	63	
2020-11-01 12:05:00	3.4	북동	55	16.80	29.23	0.40	6.3	0.51	8.5	4.2	서남서	254	16.2	1018.0	-	54	
2020-11-01 12:10:00	5.1	동북동	76	16.79	29.22	0.40	6.5	0.49	5.5	3.3	서남서	245	16.2	1017.9	-	58	
2020-11-01 12:15:00	3.6	동	79	16.80	29.21	0.38	6.3	0.52	8.0	3.8	서남서	242	16.2	1017.9	-	74	
2020-11-01 12:20:00	3.3	동북동	67	16.79	29.20	0.40	6.5	0.67	8.5	3.7	서남서	242	16.2	1017.9	-	59	
2020-11-01 12:25:00	2.6	북북동	17	16.79	29.18	0.42	6.4	0.55	9.0	4.3	남서	228	16.1	1017.8	-	76	
2020-11-01 12:30:00	1.7	북	5	16.79	29.17	0.46	8.0	0.60	7.0	4.6	남서	228	16.1	1017.7	-	58	
2020-11-01 12:35:00	1.1	북북서	340	16.79	29.15	0.43	6.4	0.61	7.0	4.6	남서	222	16.0	1017.6	-	70	
2020-11-01 12:40:00	3.9	북동	35	16.80	29.18	0.43	7.5	0.49	7.5	4.0	남남서	207	16.0	1017.4	-	57	
2020-11-01 12:45:00	2.0	북북동	20	16.79	29.19	0.40	7.1	0.55	9.5	5.1	남남서	213	16.0	1017.4	-	67	
2020-11-01 12:50:00	1.1	서남서	251	16.79	29.23	0.43	7.2	0.57	8.0	5.7	남남서	205	16.0	1017.3	-	70	
2020-11-01 12:55:00	2.0	동북동	70	16.79	29.24	0.51	8.0	0.72	9.5	7.1	남남서	212	16.0	1017.1	-	67	
2020-11-01 13:00:00	2.3	동북동	67	16.78	29.22	0.46	7.0	0.60	6.5	8.0	남서	219	16.1	1017.0	-	62	
2020-11-01 13:05:00	6.2	북동	43	16.77	29.21	0.45	6.8	0.61	8.5	7.0	남서	218	16.1	1016.9	-	53	
2020-11-01 13:10:00	5.1	북동	56	16.78	29.19	0.47	6.9	0.60	6.5	7.3	남서	225	16.0	1016.8	-	78	
2020-11-01 13:15:00	2.3	북	0	16.79	29.18	0.40	6.7	0.61	8.5	8.1	남서	228	16.1	1016.6	-	75	
2020-11-01 13:20:00	3.7	북동	41	16.79	29.16	0.49	8.3	0.65	7.0	7.9	남서	229	16.2	1016.6	-	71	
2020-11-01 13:25:00	3.4	북북동	13	16.79	29.15	0.41	6.5	0.60	8.5	7.6	남서	220	16.2	1016.5	-	57	
2020-11-01 13:30:00	3.8	북동	39	16.79	29.16	0.48	7.2	0.59	9.0	5.2	남남서	207	16.2	1016.5	-	82	
2020-11-01 13:35:00	2.7	북북동	14	16.80	29.20	0.45	7.4	0.64	7.0	6.3	남남서	206	16.2	1016.5	-	48	
2020-11-01 13:40:00	2.9	북북서	337	16.80	29.20	0.41	7.3	0.52	9.5	6.8	남남서	211	16.3	1016.5	-	70	
2020-11-01 13:45:00	3.7	서북서	297	16.81	29.21	0.45	7.2	0.61	7.5	6.7	남남서	195	16.3	1016.3	-	58	
2020-11-01 13:50:00	1.8	북북서	331	16.82	29.21	0.42	6.9	0.60	8.5	8.0	남남서	212	16.3	1016.3	-	72	
2020-11-01 13:55:00	5.5	북북서	327	16.82	29.21	0.39	7.0	0.57	4.5	9.5	남서	214	16.4	1016.2	-	47	
2020-11-01 14:00:00	7.5	북북서	343	16.82	29.21	0.34	6.1	0.40	4.5	10.7	남서	221	16.5	1016.2	-	60	
2020-11-01 14:05:00	4.5	북북동	14	16.82	29.21	0.42	6.2	0.52	8.5	9.4	남서	219	16.4	1016.1	-	72	
2020-11-01 14:10:00	3.0	북북서	327	16.82	29.23	0.43	6.9	0.65	9.0	9.8	남서	223	16.5	1015.9	-	67	
2020-11-01 14:15:00	3.2	북북서	328	16.82	29.29	0.36	5.9	0.51	9.5	8.5	남서	216	16.5	1015.8	-	78	
2020-11-01 14:20:00	3.0	북북서	335	16.82	29.30	0.38	6.5	0.48	3.0	9.4	남서	221	16.6	1015.7	-	66	
2020-11-01 14:25:00	5.9	북북서	346	16.83	29.32	0.43	5.0	0.65	4.0	8.6	남서	221	16.6	1015.8	-	238	
2020-11-01 14:30:00	5.1	북서	318	16.82	29.33	0.40	5.0	0.58	3.5	8.7	남서	222	16.7	1015.6	-	45	
2020-11-01 14:35:00	8.4	북북서	346	16.81	29.38	0.40	6.0	0.56	7.0	9.4	남서	223	16.8	1015.5	-	72	
2020-11-01 14:40:00	3.7	북	9	16.80	29.37	0.47	5.1	0.57	3.5	10.8	남서	223	16.8	1015.4	-	60	
2020-11-01 14:45:00	4.9	북	357	16.79	29.36	0.42	5.6	0.50	7.5	9.7	남서	219	16.8	1015.5	-	255	
2020-11-01 14:50:00	7.2	북	1	16.77	29.33	0.40	4.9	0.62	4.5	9.8	남서	223	16.9	1015.4	-	69	
2020-11-01 14:55:00	3.1	북북서	331	16.76	29.35	0.41	4.9	0.55	4.5	9.8	남서	218	17.0	1015.5	-	84	
2020-11-01 15:00:00	6.2	북동	41	16.74	29.32	0.37	4.6	0.46	6.0	8.9	남서	222	17.2	1015.5	-	78	
2020-11-01 15:05:00	5.3	북북동	27	16.72	29.35	0.42	5.9	0.61	6.5	10.1	남서	224	17.3	1015.6	-	44	
2020-11-01 15:10:00	7.4	북동	42	16.70	29.35	0.39	5.1	0.59	3.5	9.1	남서	231	17.3	1015.7	-	56	
2020-11-01 15:15:00	13.4	북북동	29	16.68	29.33	0.40	6.8	0.56	8.0	9.6	남서	229	17.1	1015.7	-	51	
2020-11-01 15:20:00	4.0	북서	311	16.68	29.31	0.48	7.1	0.69	8.0	9.4	남서	218	17.3	1015.7	-	67	
2020-11-01 15:25:00	3.2	북북동	24	16.68	29.28	0.41	5.1	0.60	7.0	10.1	남서	228	17.3	1015.7	-	61	
2020-11-01 15:30:00	7.7	북북동	22	16.67	29.34	0.40	5.1	0.70	8.5	9.9	남서	225	17.1	1015.8	-	67	
2020-11-01 15:35:00	5.9	북	10	16.67	29.37	0.37	5.9	0.56	9.0	9.9	남서	222	17.2	1015.8	-	77	
2020-11-01 15:40:00	4.5	북	4	16.67	29.36	0.33	5.1	0.52	6.0	8.1	남서	224	17.4	1015.9	-	61	
2020-11-01 15:45:00	6.5	북	5	16.66	29.35	0.40	6.6	0.52	7.0	8.1	남서	222	17.5	1015.9	-	59	
2020-11-01 15:50:00	6.5	북북동	11	16.66	29.30	0.43	7.8	0.61	8.0	7.9	남서	227	17.4	1015.9	-	66	
2020-11-01 15:55:00	3.8	북	359	16.65	29.26	0.39	7.6	0.52	8.5	8.0	남서	227	17.3	1016.0	-	74	
2020-11-01 16:00:00	4.3	북북동	15	16.66	29.25	0.32	5.8	0.44	8.0	7.7	남서	227	17.1	1015.9	-	81	
2020-11-01 16:05:00	3.8	북	10	16.65	29.28	0.33	5.4	0.52	4.5	7.8	남서	229	17.1	1015.8	-	62	
2020-11-01 16:10:00	3.8	북동	38	16.64	29.31	0.30	5.7	0.36	7.0	8.5	서남서	239	17.0	1015.7	-	72	
2020-11-01 16:15:00	3.7	북북동	16	16.65	29.32	0.34	5.9	0.43	4.5	9.5	서남서	242	17.0	1015.9	-	50	
2020-11-01 16:20:00	3.6	북북동	17	16.65	29.30	0.34	5.4	0.43	4.5	8.2	서남서	237	16.9	1015.8	-	148	
2020-11-01 16:25:00	3.6	북동	48	16.65	29.26	0.34	5.2	0.48	7.0	7.1	남서	233	16.9	1015.7	-	227	
2020-11-01 16:30:00	5.1	북동	35	16.65	29.26	0.35	6.3	0.45	7.5	7.7	남서	227	16.9	1015.7	-	64	
2020-11-01 16:35:00	6.9	북동	37	16.67	29.25	0.36	6.5	0.60	7.5	8.2	서남서	239	16.9	1015.6	-	57	
2020-11-01 16:40:00	5.0	북	356	16.67	29.27	0.36	6.3	0.45	6.0	8.8	남서	234	16.8	1015.6	-	69	
2020-11-01 16:45:00	2.7	서북서	297	16.68	29.29	0.34	4.8	0.49	4.0	8.8	남서	231	16.7	1015.5	-	210	
2020-11-01 16:50:00	2.3	동	79	16.68	29.30	0.41	7.4	0.50	8.0	9.1	서남서	239	16.6	1015.4	-	57	
2020-11-01 16:55:00	2.7	동	82	16.67	29.31	0.33	5.7	0.52	7.5	8.6	서남서	241	16.7	1015.5	-	102	
2020-11-01 17:00:00	2.3	북동	47	16.66	29.30	0.38	7.8	0.54	9.5	7.7	서남서	238	16.7	1015.6	-	60	
2020-11-01 17:05:00	5.1	북북동	22	16.66	29.28	0.34	6.5	0.48	7.0	6.9	서남서	243	16.7	1015.6	-	66	
2020-11-01 17:10:00	0.8	북북서	344	16.66	29.26	0.34	5.6	0.48	7.5	6.9	서남서	237	16.6	1015.6	-	66	
2020-11-01 17:15:00	5.7	북	2	16.69	29.32	0.32	6.5	0.41	6.5	6.8	남서	233	16.6	1015.5	-	53	
2020-11-01 17:20:00	5.4	북북서	337	16.76	29.32	0.40	7.4	0.52	8.5	6.3	서남서	238	16.6	1015.5	-	54	
2020-11-01 17:25:00	5.5	북서	319	16.79	29.34	0.35	5.2	0.47	5.0	5.9	남서	232	16.6	1015.4	-	79	
2020-11-01 17:30:00	7.6	북서	317	16.79	29.33	0.33	6.4	0.61	8.0	6.5	남서	231	16.5	1015.4	-	81	
2020-11-01 17:35:00	8.2	북서	310	16.82	29.37	0.31	6.4	0.51	6.0	6.8	남서	231	16.5	1015.4	-	98	
2020-11-01 17:40:00	7.1	북서	321	16.83	29.34	0.29	5.8	0.44	7.5	7.7	남서	222	16.4	1015.4	-	63	
2020-11-01 17:45:00	8.2	북서	314	16.83	29.30	0.34	6.8	0.44	8.5	8.1	남서	228	16.4	1015.4	-	60	
2020-11-01 17:50:00	7.7	북북서	330	16.83	29.29	0.35	6.6	0.45	6.0	6.9	남서	228	16.4	1015.5	-	61	
2020-11-01 17:55:00	7.7	북북서	338	16.82	29.28	0.28	6.4	0.45	8.0	7.9	남서	227	16.4	1015.4	-	66	
2020-11-01 18:00:00	6.8	북북서	338	16.83	29.28	0.29	6.9	0.40	7.5	8.4	남서	235	16.4	1015.5	-	81	
2020-11-01 18:05:00	7.6	북북서	343	16.85	29.29	0.29	6.0	0.41	6.0	7.8	남서	235	16.4	1015.6	-	63	
2020-11-01 18:10:00	9.6	북북서	339	16.87	29.30	0.26	5.4	0.41	5.5	7.5	남서	226	16.4	1015.5	-	54	
2020-11-01 18:15:00	8.5	북북서	337	16.89	29.30	0.30	7.1	0.45	7.0	7.4	남서	235	16.4	1015.7	-	61	
2020-11-01 18:20:00	9.1	북서	305	16.90	29.29	0.26	6.6	0.40	8.0	6.5	서남서	243	16.3	1015.8	-	99	
2020-11-01 18:25:00	7.1	북북서	334	16.90	29.30	0.27	6.6	0.39	8.0	8.2	서남서	238	16.3	1015.8	-	77	
2020-11-01 18:30:00	5.9	북북서	333	16.91	29.28	0.26	5.8	0.36	3.0	8.6	남서	231	16.3	1015.9	-	81	
2020-11-01 18:35:00	8.3	북북서	348	16.90	29.26	0.28	7.3	0.38	7.0	8.0	서남서	238	16.2	1016.0	-	89	
2020-11-01 18:40:00	8.6	북	351	16.89	29.26	0.28	7.1	0.38	8.5	8.5	남서	234	16.1	1016.1	-	52	
2020-11-01 18:45:00	6.0	북서	320	16.90	29.25	0.25	7.3	0.38	7.0	7.8	서남서	240	16.1	1016.1	-	54	
2020-11-01 18:50:00	8.6	북북서	345	16.91	29.25	0.26	7.6	0.40	7.5	7.0	서남서	240	16.1	1016.2	-	86	
2020-11-01 18:55:00	6.8	북북서	344	16.91	29.26	0.23	7.0	0.31	9.5	7.4	서남서	241	16.1	1016.2	-	55	
2020-11-01 19:00:00	7.2	북북서	329	16.91	29.25	0.28	8.0	0.35	7.0	7.0	서남서	241	16.1	1016.1	-	64	
2020-11-01 19:05:00	6.1	북북서	342	16.91	29.25	0.27	7.1	0.35	6.0	7.7	서남서	237	16.1	1016.1	-	59	
2020-11-01 19:10:00	7.5	북서	321	16.90	29.26	0.21	6.2	0.29	8.5	8.5	남서	236	16.1	1016.1	-	55	
2020-11-01 19:15:00	5.4	북북서	336	16.89	29.26	0.28	7.9	0.35	6.0	7.8	서남서	241	16.1	1016.3	-	65	
2020-11-01 19:20:00	7.0	북북서	327	16.89	29.25	0.24	6.5	0.31	7.0	7.2	서남서	238	16.1	1016.3	-	87	
2020-11-01 19:25:00	5.0	북북서	329	16.89	29.23	0.27	8.5	0.35	8.5	6.7	남서	235	16.0	1016.1	-	83	
2020-11-01 19:30:00	5.4	북북서	338	16.89	29.22	0.19	6.2	0.30	8.5	7.8	서남서	239	16.1	1016.0	-	65	
2020-11-01 19:35:00	4.3	북북서	347	16.88	29.21	0.26	8.0	0.40	9.0	6.7	서남서	238	16.2	1016.2	-	54	
2020-11-01 19:40:00	4.1	북서	310	16.88	29.20	0.24	7.8	0.32	8.5	5.4	서남서	247	16.3	1016.3	-	65	
2020-11-01 19:45:00	4.2	북북서	327	16.88	29.19	0.22	7.8	0.28	8.0	5.2	서남서	243	16.2	1016.4	-	61	
2020-11-01 19:50:00	4.2	서북서	283	16.88	29.19	0.22	7.8	0.31	7.5	5.6	남서	228	16.4	1016.3	-	94	
2020-11-01 19:55:00	1.7	북서	309	16.88	29.18	0.27	8.0	0.35	8.0	4.6	서남서	247	16.3	1016.3	-	72	
2020-11-01 20:00:00	3.6	북서	304	16.89	29.18	0.22	6.3	0.29	6.5	4.1	서남서	247	16.1	1016.3	-	69	
2020-11-01 20:05:00	2.8	북북서	333	16.88	29.17	0.21	7.5	0.39	5.5	3.9	서남서	243	16.1	1016.4	-	93	
2020-11-01 20:10:00	3.6	서북서	304	16.87	29.18	0.28	7.8	0.34	7.5	4.4	서남서	237	16.2	1016.4	-	85	
2020-11-01 20:15:00	4.9	북서	312	16.86	29.19	0.23	8.1	0.32	9.0	4.9	남서	227	16.3	1016.3	-	68	
2020-11-01 20:20:00	2.6	북서	322	16.86	29.19	0.25	7.5	0.34	7.5	5.2	남서	236	16.3	1016.3	-	74	
2020-11-01 20:25:00	3.8	북서	320	16.86	29.19	0.26	7.8	0.32	6.5	4.6	서남서	238	16.3	1016.4	-	56	
2020-11-01 20:30:00	5.2	북서	317	16.86	29.19	0.23	7.7	0.35	7.0	5.5	서남서	237	16.4	1016.3	-	59	
2020-11-01 20:35:00	4.3	북서	312	16.85	29.18	0.24	8.0	0.38	6.5	6.3	남서	236	16.4	1016.4	-	88	
2020-11-01 20:40:00	3.4	북서	319	16.86	29.19	0.21	7.2	0.27	6.5	6.3	남서	229	16.5	1016.4	-	52	
2020-11-01 20:45:00	2.1	북북서	331	16.86	29.20	0.21	6.7	0.27	7.0	5.7	남서	235	16.4	1016.5	-	106	
2020-11-01 20:50:00	3.5	북북서	328	16.86	29.19	0.25	7.3	0.34	8.5	5.3	남서	232	16.3	1016.5	-	88	
2020-11-01 20:55:00	3.4	서북서	286	16.86	29.19	0.25	7.5	0.31	8.0	5.0	남서	228	16.4	1016.5	-	68	
2020-11-01 21:00:00	4.4	북서	306	16.86	29.19	0.23	6.6	0.32	5.5	4.6	남서	230	16.4	1016.4	-	41	
2020-11-01 21:05:00	3.2	북서	315	16.86	29.18	0.25	7.4	0.32	5.0	4.4	남서	225	16.5	1016.5	-	65	
2020-11-01 21:10:00	2.3	서	279	16.86	29.18	0.28	8.1	0.32	8.0	4.1	남서	234	16.4	1016.5	-	76	
2020-11-01 21:15:00	5.0	북서	309	16.86	29.17	0.21	7.9	0.24	10.0	3.8	남서	233	16.3	1016.6	-	70	
2020-11-01 21:20:00	4.4	북서	312	16.86	29.18	0.21	6.6	0.24	8.5	3.5	서남서	237	16.3	1016.6	-	68	
2020-11-01 21:25:00	7.6	북	356	16.91	29.19	0.25	7.0	0.38	7.5	3.4	남서	234	16.3	1016.7	-	71	
2020-11-01 21:30:00	10.4	북	4	16.95	29.17	0.22	7.1	0.29	6.5	3.7	남서	227	16.3	1016.7	-	85	
2020-11-01 21:35:00	10.8	북	7	16.98	29.18	0.22	7.1	0.25	7.0	4.3	남서	236	16.3	1016.7	-	62	
2020-11-01 21:40:00	10.7	북	355	17.01	29.15	0.21	6.9	0.35	7.5	3.8	남서	232	16.3	1016.6	-	66	
2020-11-01 21:45:00	7.4	북	359	17.00	29.16	0.24	7.4	0.30	8.0	3.6	남서	234	16.3	1016.9	-	99	
2020-11-01 21:50:00	10.3	북	2	16.99	29.17	0.26	8.0	0.33	8.5	4.5	서남서	237	16.3	1017.0	-	58	
2020-11-01 21:55:00	10.7	북	0	16.98	29.18	0.22	7.4	0.28	7.0	4.0	남서	232	16.3	1016.9	-	58	
2020-11-01 22:00:00	13.6	북	4	17.08	29.22	0.23	8.0	0.31	8.0	4.9	서남서	241	16.2	1016.9	-	69	
2020-11-01 22:05:00	14.9	북	357	17.13	29.24	0.22	6.8	0.29	4.5	3.9	서남서	244	16.2	1016.8	-	89	
2020-11-01 22:10:00	14.9	북	359	17.18	29.23	0.24	6.9	0.31	6.0	4.1	서남서	241	16.1	1016.8	-	99	
2020-11-01 22:15:00	15.2	북	11	17.19	29.19	0.22	7.2	0.31	7.5	3.7	서남서	253	16.1	1017.0	-	51	
2020-11-01 22:20:00	12.8	북	6	17.19	29.21	0.26	7.9	0.36	8.5	4.0	서	259	16.1	1017.2	-	78	
2020-11-01 22:25:00	17.5	북북동	21	17.17	29.24	0.19	6.2	0.22	8.5	3.8	서남서	257	16.0	1017.2	-	93	
2020-11-01 22:30:00	16.4	북북동	21	17.16	29.25	0.20	7.0	0.24	6.5	4.0	서남서	243	16.0	1017.1	-	77	
2020-11-01 22:35:00	14.0	북북동	24	17.15	29.31	0.22	6.9	0.27	8.5	4.4	서남서	243	16.3	1017.2	-	63	
2020-11-01 22:40:00	11.7	북북동	17	17.16	29.30	0.21	5.7	0.32	6.5	3.1	서남서	243	16.2	1017.2	-	77	
2020-11-01 22:45:00	16.5	북북동	26	17.14	29.31	0.20	6.8	0.26	7.5	2.5	서남서	247	16.0	1017.1	-	61	
2020-11-01 22:50:00	12.8	북북동	22	17.16	29.31	0.22	5.6	0.30	6.0	2.5	서남서	253	15.9	1017.2	-	80	
2020-11-01 22:55:00	13.5	북북동	26	17.14	29.31	0.22	6.8	0.29	7.0	3.2	서남서	243	15.9	1017.2	-	83	
2020-11-01 23:00:00	16.8	북북동	21	17.16	29.35	0.23	7.2	0.29	8.0	2.3	서남서	256	15.9	1017.2	-	50	
2020-11-01 23:05:00	15.0	북북동	25	17.16	29.36	0.21	5.9	0.26	6.5	3.3	남서	228	15.9	1017.1	-	58	
2020-11-01 23:10:00	12.0	북북동	21	17.16	29.36	0.21	6.2	0.28	7.5	3.4	남서	231	15.9	1017.1	-	109	
2020-11-01 23:15:00	12.2	북북동	12	17.15	29.38	0.26	7.2	0.31	7.5	3.0	서남서	239	15.8	1017.2	-	64	
2020-11-01 23:20:00	12.2	북북동	27	17.13	29.36	0.25	6.2	0.32	8.5	2.9	서남서	241	15.8	1017.2	-	57	
2020-11-01 23:25:00	12.3	북북동	27	17.13	29.36	0.22	6.1	0.33	5.0	2.9	서남서	257	15.7	1017.3	-	80	
2020-11-01 23:30:00	10.4	북북동	26	17.11	29.40	0.24	5.4	0.28	3.5	3.3	서남서	251	15.6	1017.2	-	189	
2020-11-01 23:35:00	9.9	북북동	21	17.09	29.41	0.24	4.9	0.36	5.0	2.3	서	259	15.7	1017.2	-	100	
2020-11-01 23:40:00	10.4	북북동	21	17.08	29.43	0.22	5.3	0.36	7.0	4.1	서남서	252	15.7	1017.2	-	336	
2020-11-01 23:45:00	8.6	북북동	30	17.07	29.42	0.21	5.7	0.27	4.0	3.7	서남서	250	15.6	1017.2	-	69	
2020-11-01 23:50:00	8.7	북북동	27	17.05	29.44	0.24	4.9	0.43	4.5	3.8	서남서	244	15.6	1017.3	-	67	
2020-11-01 23:55:00	9.6	북북동	27	17.02	29.44	0.24	5.4	0.33	3.5	3.5	남서	236	15.6	1017.4	-	224	
2020-11-02 00:00:00	11.1	북북동	26	17.01	29.46	0.23	4.9	0.31	7.0	4.5	남서	235	15.5	1017.4	-	56	
2020-11-02 00:05:00	10.7	북북동	28	17.01	29.47	0.26	5.6	0.38	6.5	3.9	남서	232	15.7	1017.4	-	65	
2020-11-02 00:10:00	11.2	북북동	27	17.00	29.47	0.27	5.5	0.44	6.0	3.5	남서	229	15.8	1017.5	-	74	
2020-11-02 00:15:00	9.6	북동	36	16.99	29.50	0.23	4.2	0.32	7.0	3.3	남서	228	15.6	1017.6	-	352	
2020-11-02 00:20:00	10.1	북북동	28	16.98	29.51	0.28	5.4	0.42	3.5	3.5	남서	236	15.4	1017.5	-	186	
2020-11-02 00:25:00	10.7	북북동	34	16.99	29.54	0.27	4.7	0.36	4.0	4.1	남서	227	15.5	1017.5	-	159	
2020-11-02 00:30:00	11.1	북북동	26	17.00	29.56	0.28	4.7	0.39	7.5	3.2	남서	235	15.5	1017.5	-	191	
2020-11-02 00:35:00	9.6	북동	34	17.01	29.55	0.30	4.5	0.55	5.0	3.2	서남서	257	15.5	1017.5	-	159	
2020-11-02 00:40:00	9.1	북북동	24	17.00	29.56	0.26	5.1	0.38	5.5	2.8	서남서	238	15.4	1017.5	-	206	
2020-11-02 00:45:00	8.0	북북동	27	16.99	29.58	0.29	4.2	0.44	4.0	3.5	남서	232	15.4	1017.4	-	71	
2020-11-02 00:50:00	10.2	북북동	33	16.98	29.56	0.29	4.5	0.40	6.5	3.5	서남서	251	15.4	1017.5	-	175	
2020-11-02 00:55:00	7.5	북동	55	16.97	29.57	0.30	4.5	0.50	6.0	2.4	서남서	241	15.3	1017.5	-	196	
2020-11-02 01:00:00	7.3	북동	44	16.97	29.55	0.26	5.1	0.39	5.5	1.9	서남서	240	15.3	1017.6	-	67	
2020-11-02 01:05:00	8.2	동북동	59	16.95	29.56	0.29	4.4	0.36	4.0	2.7	남서	236	15.3	1017.6	-	73	
2020-11-02 01:10:00	7.8	북동	46	16.96	29.58	0.28	4.4	0.37	6.0	2.9	남서	225	15.3	1017.6	-	189	
2020-11-02 01:15:00	9.2	북북동	30	16.95	29.57	0.29	4.1	0.46	4.0	4.3	남서	223	15.4	1017.6	-	209	
2020-11-02 01:20:00	8.0	북북동	26	16.93	29.49	0.27	4.1	0.35	4.5	4.2	남서	228	15.4	1017.7	-	257	
2020-11-02 01:25:00	6.6	북북동	30	16.88	29.56	0.30	4.3	0.52	4.5	4.2	남서	229	15.3	1017.7	-	177	
2020-11-02 01:30:00	9.0	북동	36	16.85	29.54	0.28	4.1	0.41	4.0	3.0	남남서	211	15.5	1017.7	-	173	
2020-11-02 01:35:00	7.5	북동	35	16.84	29.52	0.27	4.3	0.42	3.5	1.7	서남서	243	15.4	1017.9	-	79	
2020-11-02 01:40:00	6.2	북동	41	16.82	29.52	0.27	5.0	0.36	3.5	2.3	남서	231	15.3	1018.0	-	154	
2020-11-02 01:45:00	10.6	북동	34	16.82	29.63	0.29	4.3	0.46	4.0	2.2	서남서	258	15.2	1018.0	-	200	
2020-11-02 01:50:00	9.1	북동	55	16.83	29.62	0.29	4.4	0.38	3.5	1.8	서	280	15.1	1018.2	-	159	
2020-11-02 01:55:00	9.2	북동	44	16.83	29.70	0.36	4.0	0.50	4.0	1.9	서북서	283	15.0	1018.3	-	174	
2020-11-02 02:00:00	9.1	북동	40	16.83	29.69	0.32	3.7	0.45	3.5	2.1	서	265	15.0	1018.3	-	125	
2020-11-02 02:05:00	9.9	북동	45	16.84	29.70	0.31	4.1	0.47	7.0	1.8	서남서	247	15.0	1018.2	-	165	
2020-11-02 02:10:00	7.7	북동	48	16.83	29.69	0.32	4.6	0.52	4.0	1.8	남서	236	14.9	1018.3	-	215	
2020-11-02 02:15:00	7.7	북동	51	16.82	29.70	0.28	4.2	0.45	4.0	2.5	서	262	15.0	1018.3	-	118	
2020-11-02 02:20:00	9.1	북동	55	16.80	29.69	0.29	4.2	0.42	3.0	2.0	서남서	244	14.9	1018.3	-	179	
2020-11-02 02:25:00	8.3	동북동	58	16.80	29.70	0.32	4.2	0.48	3.5	2.5	서	260	14.9	1018.4	-	133	
2020-11-02 02:30:00	7.0	북동	51	16.79	29.70	0.36	4.0	0.59	4.0	2.6	서남서	254	14.7	1018.4	-	153	
2020-11-02 02:35:00	7.9	북동	54	16.78	29.69	0.35	4.4	0.49	7.0	3.0	서남서	238	14.8	1018.5	-	166	
2020-11-02 02:40:00	6.2	동북동	78	16.77	29.71	0.31	3.9	0.42	3.5	2.7	남서	236	14.7	1018.5	-	221	
2020-11-02 02:45:00	7.2	동북동	77	16.77	29.66	0.32	3.9	0.57	3.5	2.7	남서	230	14.5	1018.5	-	161	
2020-11-02 02:50:00	9.4	동북동	67	16.75	29.69	0.34	4.0	0.49	5.0	2.6	서남서	248	14.5	1018.6	-	184	
2020-11-02 02:55:00	4.3	동북동	65	16.76	29.69	0.34	4.0	0.54	3.5	2.8	서	262	14.4	1018.6	-	147	
2020-11-02 03:00:00	8.0	동북동	71	16.75	29.67	0.37	4.3	0.48	3.5	2.7	서남서	251	14.5	1018.6	-	158	
2020-11-02 03:05:00	10.5	동	88	16.72	29.65	0.31	4.0	0.50	3.5	2.9	서남서	255	14.4	1018.6	-	147	
2020-11-02 03:10:00	7.8	동	81	16.70	29.71	0.35	3.8	0.51	3.5	2.9	서	267	14.2	1018.6	-	178	
2020-11-02 03:15:00	7.6	동	100	16.69	29.67	0.34	4.0	0.50	4.0	3.3	서	274	14.3	1018.7	-	161	
2020-11-02 03:20:00	4.2	동	85	16.68	29.67	0.33	4.0	0.50	4.0	3.7	서북서	282	14.2	1018.7	-	207	
2020-11-02 03:25:00	7.8	동	83	16.67	29.68	0.37	4.3	0.48	4.0	3.2	서	278	14.2	1018.7	-	176	
2020-11-02 03:30:00	6.0	동	92	16.67	29.69	0.36	4.2	0.56	4.0	3.3	서	266	14.2	1018.7	-	162	
2020-11-02 03:35:00	4.9	남동	140	16.67	29.67	0.41	4.1	0.59	4.5	3.2	서	272	14.2	1018.7	-	187	
2020-11-02 03:40:00	4.9	동남동	118	16.67	29.68	0.48	4.1	0.96	4.0	3.1	서	273	14.2	1018.7	-	162	
2020-11-02 03:45:00	3.6	남동	143	16.65	29.72	0.45	4.0	0.64	4.0	3.2	서	274	14.0	1018.8	-	138	
2020-11-02 03:50:00	4.1	남동	137	16.66	29.72	0.49	4.0	0.79	4.5	3.2	서	275	13.8	1018.8	-	182	
2020-11-02 03:55:00	1.8	동	87	16.66	29.74	0.49	3.8	0.66	4.0	3.2	서	273	13.7	1018.9	-	149	
2020-11-02 04:00:00	2.5	동	99	16.66	29.73	0.51	4.0	0.70	4.5	3.5	서	281	13.7	1018.9	-	160	
2020-11-02 04:05:00	5.5	동남동	120	16.64	29.76	0.47	3.9	0.61	4.5	3.7	서북서	285	13.8	1018.9	-	166	
2020-11-02 04:10:00	2.6	북	356	16.65	29.74	0.42	3.8	0.66	3.5	4.0	서	278	13.7	1019.0	-	155	
2020-11-02 04:15:00	0.8	남남서	195	16.64	29.77	0.47	3.9	0.62	4.0	3.7	서	279	13.8	1018.9	-	149	
2020-11-02 04:20:00	2.3	남동	144	16.63	29.76	0.49	4.0	0.66	4.0	4.3	서북서	286	13.7	1018.9	-	249	
2020-11-02 04:25:00	3.6	남동	145	16.62	29.76	0.51	4.2	0.76	4.5	4.8	서북서	296	13.7	1019.0	-	140	
2020-11-02 04:30:00	4.9	남남동	157	16.63	29.83	0.55	4.3	0.74	3.5	5.5	서북서	303	14.0	1019.0	-	144	
2020-11-02 04:35:00	5.5	남동	144	16.64	29.81	0.63	4.0	0.84	4.5	5.3	서북서	292	14.0	1019.0	-	159	
2020-11-02 04:40:00	2.6	남	172	16.63	29.77	0.58	4.2	0.88	4.5	4.6	서북서	299	13.7	1019.0	-	313	
2020-11-02 04:45:00	1.2	북서	305	16.85	29.89	0.52	4.2	0.75	4.5	5.0	서북서	299	13.9	1019.0	-	286	
2020-11-02 04:50:00	0.8	동북동	75	17.06	29.78	0.61	4.5	0.99	4.0	4.5	서북서	292	13.7	1019.1	-	150	
2020-11-02 04:55:00	4.5	북서	304	17.04	29.75	0.53	4.0	0.81	4.5	4.4	북서	304	13.8	1019.0	-	160	
2020-11-02 05:00:00	2.6	서북서	299	17.02	29.76	0.62	4.5	0.91	4.5	4.5	서북서	302	13.8	1019.1	-	176	
2020-11-02 05:05:00	4.0	북북서	340	17.05	29.83	0.61	4.4	0.86	3.5	4.7	서북서	303	13.7	1019.1	-	56	
2020-11-02 05:10:00	4.1	서	271	17.07	29.73	0.56	4.3	0.90	4.0	4.3	서북서	303	13.8	1019.2	-	166	
2020-11-02 05:15:00	1.6	서북서	304	17.02	29.69	0.46	4.4	0.73	4.5	3.8	서	280	13.7	1019.2	-	354	
2020-11-02 05:20:00	3.0	서남서	248	17.00	29.82	0.52	4.2	0.65	4.5	3.4	서	267	13.4	1019.3	-	126	
2020-11-02 05:25:00	3.5	서북서	292	17.06	29.78	0.53	4.5	0.69	4.0	3.3	서	267	13.2	1019.2	-	241	
2020-11-02 05:30:00	1.7	동	84	17.03	29.74	0.45	4.2	0.60	4.5	3.4	서	272	13.2	1019.2	-	189	
2020-11-02 05:35:00	2.1	북북서	345	17.02	29.77	0.56	4.6	0.87	4.0	3.3	서	265	13.4	1019.3	-	42	
2020-11-02 05:40:00	1.6	서	272	16.99	29.74	0.51	4.7	0.73	4.5	3.3	서남서	240	13.2	1019.3	-	326	
2020-11-02 05:45:00	3.1	서	263	16.97	29.69	0.50	4.6	0.73	5.0	3.6	서남서	249	12.8	1019.3	-	323	
2020-11-02 05:50:00	3.5	남남동	157	16.95	29.75	0.46	5.1	0.64	4.5	3.5	서남서	254	13.0	1019.3	-	7	
2020-11-02 05:55:00	0.7	남	186	16.93	29.77	0.50	4.9	0.72	5.5	3.3	서남서	248	13.1	1019.3	-	133	
2020-11-02 06:00:00	1.3	남	182	16.91	29.74	0.47	6.0	0.78	5.5	3.0	서남서	242	13.0	1019.3	-	357	
2020-11-02 06:05:00	6.4	남남동	162	16.84	29.78	0.65	5.2	0.81	6.5	3.1	서남서	250	12.9	1019.3	-	357	
2020-11-02 06:10:00	0.9	서북서	287	16.82	29.77	0.59	5.6	1.11	5.0	3.0	서남서	249	12.9	1019.2	-	348	
2020-11-02 06:15:00	10.3	남	173	16.75	29.72	0.62	5.7	0.89	7.0	3.3	서남서	243	12.8	1019.2	-	350	
2020-11-02 06:20:00	13.8	남남동	164	16.70	29.77	0.65	5.7	0.82	6.5	3.3	서남서	237	12.6	1019.2	-	355	
2020-11-02 06:25:00	13.7	남남동	164	16.69	29.79	0.59	5.6	0.85	6.0	3.3	서남서	241	12.4	1019.2	-	358	
2020-11-02 06:30:00	9.2	남남동	164	16.69	29.79	0.60	5.8	0.85	5.5	3.1	서남서	248	12.1	1019.1	-	357	
2020-11-02 06:35:00	13.9	남	171	16.69	29.81	0.68	5.9	0.86	5.0	3.6	서남서	247	12.2	1019.1	-	348	
2020-11-02 06:40:00	9.2	남남동	164	16.69	29.81	0.72	6.0	0.91	6.0	3.8	남서	236	12.2	1019.2	-	353	
2020-11-02 06:45:00	9.9	남남동	164	16.68	29.78	0.83	5.9	1.17	6.0	3.0	서남서	239	12.2	1019.2	-	353	
2020-11-02 06:50:00	7.6	남	170	16.68	29.82	0.67	6.2	0.95	7.0	2.2	서남서	252	12.2	1019.2	-	353	
2020-11-02 06:55:00	10.8	남남동	166	16.66	29.83	0.66	6.0	0.83	5.0	3.3	서남서	248	12.3	1019.2	-	355	
2020-11-02 07:00:00	11.8	남남동	162	16.65	29.83	0.76	5.6	1.21	6.0	3.8	서남서	242	12.3	1019.1	-	341	
2020-11-02 07:05:00	14.1	남남동	158	16.66	29.86	0.68	6.0	0.98	6.5	3.6	남서	236	12.3	1019.1	-	350	
2020-11-02 07:10:00	16.3	남남동	169	16.66	29.86	0.73	6.3	1.18	5.5	4.3	서남서	243	12.5	1019.1	-	343	
2020-11-02 07:15:00	14.6	남남동	162	16.68	29.85	0.69	6.2	1.11	5.5	3.8	서남서	250	12.4	1019.2	-	355	
2020-11-02 07:20:00	18.3	남남동	168	16.69	29.85	0.67	5.4	0.83	6.0	4.1	서남서	249	12.3	1019.2	-	345	
2020-11-02 07:25:00	14.4	남	174	16.69	29.86	0.72	5.6	1.04	5.5	4.0	서남서	242	12.1	1019.2	-	340	
2020-11-02 07:30:00	14.5	남	173	16.70	29.87	0.71	5.9	0.97	5.0	3.7	서남서	254	11.9	1019.2	-	338	
2020-11-02 07:35:00	14.0	남	179	16.72	29.86	0.70	5.5	0.83	5.5	3.6	서남서	242	11.8	1019.3	-	349	
2020-11-02 07:40:00	11.8	남	169	16.74	29.89	0.69	5.7	1.00	5.0	3.3	서남서	237	11.8	1019.3	-	355	
2020-11-02 07:45:00	12.8	남	174	16.75	29.91	0.71	5.9	1.09	5.5	3.2	서남서	239	11.7	1019.4	-	345	
2020-11-02 07:50:00	10.6	남	173	16.76	29.89	0.76	6.0	1.21	5.5	2.7	서남서	242	11.7	1019.5	-	356	
2020-11-02 07:55:00	15.3	남	179	16.76	29.91	0.68	5.7	0.95	6.0	2.6	남서	233	11.9	1019.5	-	355	
2020-11-02 08:00:00	11.7	남	170	16.75	29.91	0.80	5.9	0.97	5.5	2.7	서남서	242	12.1	1019.6	-	355	
2020-11-02 08:05:00	12.0	남남동	165	16.76	29.92	0.68	5.1	0.94	5.0	2.3	서남서	246	12.3	1019.7	-	336	
2020-11-02 08:10:00	11.2	남	174	16.76	29.93	0.67	5.2	0.95	7.0	3.2	남서	234	12.5	1019.8	-	356	
2020-11-02 08:15:00	9.2	남남동	165	16.78	29.93	0.70	5.8	1.01	6.5	3.5	서남서	240	12.8	1019.8	-	328	
2020-11-02 08:20:00	13.9	남	171	16.79	29.93	0.73	5.7	0.97	5.0	3.3	서남서	249	13.0	1019.9	-	343	
2020-11-02 08:25:00	13.5	남	174	16.79	29.97	0.56	5.1	0.65	6.0	2.7	서	270	12.9	1019.9	-	337	
2020-11-02 08:30:00	9.5	남남동	169	16.80	29.96	0.67	5.4	0.81	6.0	2.4	서북서	282	12.9	1020.0	-	349	
2020-11-02 08:35:00	11.3	남	176	16.82	29.99	0.74	5.4	1.14	5.5	2.4	서북서	292	13.0	1020.1	-	1	
2020-11-02 08:40:00	9.8	남	174	16.83	29.98	0.67	5.4	0.85	4.5	2.3	서북서	286	13.0	1020.2	-	0	
2020-11-02 08:45:00	11.6	남	176	16.83	29.99	0.59	5.3	0.81	6.0	2.5	서북서	282	13.3	1020.2	-	358	
2020-11-02 08:50:00	11.1	남	177	16.84	30.00	0.68	5.6	0.90	5.5	2.7	서북서	301	13.3	1020.3	-	352	
2020-11-02 08:55:00	12.1	남	172	16.84	30.01	0.65	5.2	0.86	4.5	2.8	서북서	296	13.5	1020.3	-	356	
2020-11-02 09:00:00	8.6	남서	222	16.85	30.01	0.67	5.3	0.93	5.5	2.5	서북서	295	13.5	1020.3	-	358	
2020-11-02 09:05:00	6.7	남서	230	16.88	30.04	0.69	5.4	1.15	6.0	2.6	서북서	293	13.7	1020.3	-	12	
2020-11-02 09:10:00	5.7	남서	232	16.88	30.01	0.69	5.6	0.93	5.5	2.6	서북서	297	13.9	1020.3	-	330	
2020-11-02 09:15:00	8.1	남서	222	16.89	30.01	0.73	5.3	0.96	6.0	2.8	서북서	288	14.2	1020.3	-	339	
2020-11-02 09:20:00	5.4	남남서	206	16.89	30.01	0.67	5.3	0.94	5.5	2.8	서북서	291	14.0	1020.3	-	356	
2020-11-02 09:25:00	9.3	남남서	208	16.89	30.04	0.65	5.3	0.78	4.5	2.8	서북서	291	14.0	1020.3	-	2	
2020-11-02 09:30:00	4.8	남서	222	16.89	30.02	0.69	5.0	1.09	5.0	2.7	서북서	297	14.1	1020.3	-	333	
2020-11-02 09:35:00	2.0	남	188	16.89	30.04	0.63	5.1	0.99	5.0	2.8	북서	310	14.3	1020.3	-	334	
2020-11-02 09:40:00	8.0	남남서	201	16.89	30.05	0.67	4.7	0.82	5.0	2.7	북서	313	14.3	1020.3	-	120	
2020-11-02 09:45:00	4.6	남남서	202	16.89	30.04	0.78	4.8	1.29	4.5	2.5	북서	321	14.3	1020.3	-	353	
2020-11-02 09:50:00	2.2	남남서	194	16.89	30.05	0.63	4.9	0.94	5.0	1.9	북북서	329	14.5	1020.3	-	130	
2020-11-02 09:55:00	4.8	남동	137	16.88	30.06	0.66	5.0	0.88	4.0	2.0	북북서	348	14.6	1020.2	-	352	
2020-11-02 10:00:00	2.5	남남동	158	16.88	30.07	0.59	4.6	0.85	4.5	1.3	북북서	335	14.6	1020.2	-	357	
2020-11-02 10:05:00	2.9	남서	225	16.88	30.09	0.65	4.8	0.88	4.5	1.9	북북서	346	14.6	1020.1	-	317	
2020-11-02 10:10:00	0.9	남남서	207	16.87	30.07	0.68	4.9	0.98	5.5	1.8	북북서	338	14.7	1020.1	-	337	
2020-11-02 10:15:00	0.9	동	101	16.87	30.08	0.65	4.9	1.01	4.5	4.6	북북서	339	14.7	1019.9	-	26	
2020-11-02 10:20:00	1.1	남남서	208	16.87	30.07	0.67	4.8	0.86	5.0	5.1	북북서	348	14.8	1019.8	-	15	
2020-11-02 10:25:00	2.5	남동	140	16.86	30.13	0.69	5.0	0.91	4.0	5.3	북북서	344	14.7	1019.7	-	348	
2020-11-02 10:30:00	1.9	남남동	155	16.87	30.09	0.69	5.0	0.99	5.5	4.5	북	356	14.7	1019.7	-	336	
2020-11-02 10:35:00	6.0	남동	133	16.87	30.08	0.63	5.0	0.85	4.0	4.6	북북서	347	14.7	1019.6	-	221	
2020-11-02 10:40:00	4.9	남동	144	16.88	30.13	0.61	5.2	0.82	4.5	4.8	북	356	14.7	1019.6	-	167	
2020-11-02 10:45:00	3.7	남동	136	16.90	30.12	0.73	5.0	1.03	5.0	4.7	북북동	13	14.8	1019.6	-	348	
2020-11-02 10:50:00	5.9	남	190	16.91	30.17	0.59	4.4	0.92	4.5	4.6	북북동	24	14.6	1019.6	-	354	
2020-11-02 10:55:00	5.5	남남서	192	16.91	30.12	0.65	5.1	1.11	6.5	4.5	북	3	14.8	1019.5	-	10	
2020-11-02 11:00:00	6.3	남	185	16.91	30.14	0.72	5.3	1.36	5.0	4.9	북	1	14.8	1019.5	-	349	
2020-11-02 11:05:00	4.2	남남서	192	16.91	30.13	0.66	4.8	1.03	5.5	4.4	북북동	26	14.6	1019.5	-	0	
2020-11-02 11:10:00	7.1	남남서	194	16.91	30.14	0.69	4.9	1.07	5.0	4.2	북동	34	14.6	1019.4	-	333	
2020-11-02 11:15:00	3.0	남남서	206	16.91	30.14	0.68	4.6	1.07	4.5	4.4	북북동	24	14.6	1019.3	-	352	
2020-11-02 11:20:00	6.6	서남서	241	16.96	30.15	0.80	5.0	1.16	4.5	4.8	북북동	32	14.6	1019.3	-	0	
2020-11-02 11:25:00	4.3	서남서	240	17.08	30.12	0.77	5.0	0.98	4.0	4.7	북북동	32	14.6	1019.2	-	350	
2020-11-02 11:30:00	7.4	서	269	17.15	30.11	0.74	5.2	0.94	4.5	4.5	북북동	29	14.5	1019.2	-	347	
2020-11-02 11:35:00	9.2	서	261	17.18	30.14	0.71	4.9	0.90	6.0	5.1	북북동	27	14.6	1019.2	-	351	
2020-11-02 11:40:00	8.3	서남서	250	17.25	30.16	0.73	4.8	1.42	5.0	4.3	북북동	27	14.4	1019.1	-	5	
2020-11-02 11:45:00	6.8	서북서	283	17.21	30.16	0.72	5.0	1.06	5.0	5.3	북동	37	14.5	1019.0	-	335	
2020-11-02 11:50:00	5.8	서북서	296	17.26	30.14	0.61	4.9	0.83	5.0	5.0	북동	46	14.4	1018.9	-	354	
2020-11-02 11:55:00	5.7	서	279	17.21	30.16	0.83	4.9	1.15	5.5	5.0	북동	54	14.5	1018.9	-	359	
2020-11-02 12:00:00	7.1	서	261	17.23	30.16	0.73	4.9	1.01	5.5	5.0	북동	51	14.5	1018.9	-	262	
2020-11-02 12:05:00	6.5	서북서	300	17.26	30.14	0.79	4.6	1.12	4.0	3.9	동북동	64	14.5	1018.9	-	349	
2020-11-02 12:10:00	3.9	서	280	17.23	30.14	0.74	5.0	0.93	4.5	4.1	동북동	59	14.6	1018.8	-	359	
2020-11-02 12:15:00	6.8	서북서	289	17.22	30.16	0.67	4.8	0.94	4.0	3.6	동북동	62	14.5	1018.8	-	340	
2020-11-02 12:20:00	4.5	서	280	17.24	30.18	0.75	4.8	1.00	4.0	3.9	동북동	70	14.6	1018.6	-	11	
2020-11-02 12:25:00	4.4	북서	313	17.25	30.17	0.78	5.1	1.09	4.0	3.8	북동	50	14.6	1018.6	-	0	
2020-11-02 12:30:00	4.1	남서	229	17.26	30.13	0.83	5.3	1.21	5.0	3.8	동북동	60	14.6	1018.5	-	356	
2020-11-02 12:35:00	4.5	서북서	301	17.25	30.17	0.81	5.3	1.17	4.5	3.6	북동	53	14.7	1018.5	-	350	
2020-11-02 12:40:00	4.4	서북서	300	17.28	30.18	0.82	5.1	1.23	4.5	4.4	북동	54	14.6	1018.5	-	354	
2020-11-02 12:45:00	3.7	서북서	286	17.28	30.15	0.89	5.5	1.30	5.0	4.4	북동	54	14.7	1018.4	-	1	
2020-11-02 12:50:00	3.4	서	263	17.29	30.15	0.80	4.8	1.05	4.5	4.7	동북동	58	14.7	1018.3	-	223	
2020-11-02 12:55:00	6.3	서	268	17.26	30.16	0.98	5.2	1.30	5.0	3.4	동북동	59	14.7	1018.3	-	357	
2020-11-02 13:00:00	6.1	북서	304	17.27	30.16	0.85	5.3	0.98	4.0	4.1	동북동	65	14.8	1018.3	-	348	
2020-11-02 13:05:00	13.2	서북서	282	17.36	30.23	0.86	5.2	1.32	5.5	4.5	동북동	65	14.7	1018.2	-	349	
2020-11-02 13:10:00	6.0	서	264	17.38	30.09	0.97	5.4	1.33	4.5	2.9	동북동	72	14.7	1018.1	-	340	
2020-11-02 13:15:00	-	-	-	-	-	-	-	-	-	-	-	-	-	-	-	-	
2020-11-02 13:20:00	5.2	서북서	289	17.33	30.14	0.51	4.1	1.02	4.1	3.1	동북동	76	14.9	1017.9	-	344	
2020-11-02 13:25:00	7.4	서북서	303	17.30	30.19	0.82	5.2	1.27	5.5	3.9	동북동	58	14.9	1017.8	-	358	
2020-11-02 13:30:00	6.5	북서	313	17.32	30.13	0.79	5.1	1.23	4.5	4.5	동북동	60	15.0	1017.7	-	354	
2020-11-02 13:35:00	11.2	서북서	294	17.35	30.20	0.99	5.3	1.37	5.5	4.3	동북동	69	15.1	1017.6	-	349	
2020-11-02 13:40:00	7.1	서북서	288	17.41	30.17	0.86	5.2	1.11	5.0	4.2	동북동	65	15.1	1017.5	-	111	
2020-11-02 13:45:00	5.0	북북서	343	17.39	30.14	0.82	4.9	1.14	4.5	3.8	동북동	73	15.0	1017.6	-	8	
2020-11-02 13:50:00	9.6	북서	309	17.38	30.20	0.94	5.3	1.26	5.0	4.2	동북동	65	14.9	1017.5	-	344	
2020-11-02 13:55:00	2.9	서	278	17.41	30.18	0.80	5.1	1.19	5.0	4.5	동북동	58	14.9	1017.5	-	6	
2020-11-02 14:00:00	3.4	서북서	286	17.38	30.19	0.76	5.2	1.26	5.0	5.2	동북동	58	14.8	1017.4	-	2	
2020-11-02 14:05:00	2.4	북서	315	17.39	30.19	0.90	5.7	1.10	5.5	5.3	동북동	61	14.6	1017.4	-	3	
2020-11-02 14:10:00	4.9	서	274	17.38	30.21	1.07	5.6	1.86	6.0	4.4	동북동	71	14.7	1017.4	-	2	
2020-11-02 14:15:00	4.8	서북서	290	17.38	30.18	0.95	5.4	1.36	6.0	3.2	동북동	72	14.8	1017.4	-	352	
2020-11-02 14:20:00	3.0	서남서	247	17.36	30.22	0.84	5.3	1.30	5.0	4.7	북동	53	14.9	1017.5	-	352	
2020-11-02 14:25:00	8.7	서북서	289	17.38	30.22	0.99	5.6	1.33	6.0	4.9	동북동	62	14.6	1017.4	-	19	
2020-11-02 14:30:00	6.3	북서	304	17.41	30.19	1.02	5.7	1.39	6.5	3.7	동북동	65	14.7	1017.5	-	358	
2020-11-02 14:35:00	2.4	서	271	17.42	30.20	0.91	5.8	1.27	5.0	4.0	동북동	77	14.8	1017.5	-	357	
2020-11-02 14:40:00	7.1	서북서	285	17.43	30.20	1.10	5.8	1.47	5.5	4.2	동북동	69	15.0	1017.4	-	9	
2020-11-02 14:45:00	5.1	서북서	288	17.43	30.19	0.94	5.6	1.34	5.5	4.7	동북동	74	14.8	1017.4	-	351	
2020-11-02 14:50:00	5.8	서북서	285	17.43	30.20	1.02	5.9	1.41	5.5	5.2	동북동	64	14.7	1017.4	-	0	
2020-11-02 14:55:00	8.6	북서	310	17.43	30.19	0.97	5.4	1.38	5.5	4.7	동북동	67	14.7	1017.4	-	356	
2020-11-02 15:00:00	4.9	서북서	291	17.43	30.21	1.02	5.6	1.35	5.0	4.5	동북동	62	14.8	1017.5	-	6	
2020-11-02 15:05:00	7.4	북북서	336	17.43	30.19	1.12	5.9	1.66	6.0	3.9	동북동	74	14.8	1017.5	-	354	
2020-11-02 15:10:00	2.0	북서	312	17.42	30.19	0.89	5.8	1.21	6.0	3.9	동북동	69	15.0	1017.5	-	3	
2020-11-02 15:15:00	5.6	북서	325	17.42	30.22	1.06	6.0	1.55	6.0	4.2	동북동	69	15.3	1017.5	-	1	
2020-11-02 15:20:00	6.1	서북서	298	17.42	30.18	0.99	6.2	1.53	6.0	4.5	동북동	74	15.1	1017.4	-	358	
2020-11-02 15:25:00	5.9	서북서	295	17.42	30.21	1.02	5.9	2.41	5.5	4.0	동북동	68	14.9	1017.5	-	355	
2020-11-02 15:30:00	5.8	서북서	291	17.43	30.23	0.86	5.5	1.13	6.0	2.6	동북동	78	15.0	1017.6	-	349	
2020-11-02 15:35:00	8.7	북북서	333	17.43	30.19	1.07	6.0	1.52	5.5	1.9	동남동	106	15.1	1017.6	-	353	
2020-11-02 15:40:00	7.0	서북서	289	17.43	30.21	0.97	5.8	1.62	6.0	2.2	동	81	15.1	1017.5	-	359	
2020-11-02 15:45:00	8.0	서북서	303	17.43	30.19	1.12	5.7	1.46	6.0	2.0	남동	127	15.2	1017.5	-	357	
2020-11-02 15:50:00	8.2	서북서	298	17.44	30.18	1.22	6.1	1.78	6.0	2.1	동남동	112	15.2	1017.5	-	354	
2020-11-02 15:55:00	10.2	서북서	300	17.45	30.18	1.39	6.2	2.12	5.5	1.5	동	91	15.0	1017.5	-	357	
2020-11-02 16:00:00	14.4	서북서	300	17.47	30.18	1.08	6.1	1.44	6.0	1.6	동	92	15.2	1017.5	-	354	
2020-11-02 16:05:00	12.1	서북서	301	17.51	30.15	1.04	5.8	1.50	5.5	1.6	남동	131	15.1	1017.5	-	352	
2020-11-02 16:10:00	11.2	서북서	285	17.53	30.15	1.11	6.4	1.40	5.5	2.1	남동	129	15.1	1017.4	-	0	
2020-11-02 16:15:00	14.2	서북서	296	17.56	30.17	1.01	5.9	1.47	5.5	1.6	남동	130	15.2	1017.4	-	353	
2020-11-02 16:20:00	11.2	북서	310	17.57	30.16	0.88	5.4	1.31	6.0	1.4	동남동	115	15.3	1017.4	-	355	
2020-11-02 16:25:00	11.5	서북서	293	17.58	30.12	1.11	6.1	1.48	5.5	2.5	동남동	117	15.1	1017.4	-	356	
2020-11-02 16:30:00	9.8	북서	304	17.59	30.14	1.01	6.1	1.35	5.5	0.7	동	91	15.2	1017.5	-	0	
2020-11-02 16:35:00	10.0	북서	321	17.58	30.12	1.08	5.9	1.38	6.0	1.7	남동	135	15.2	1017.4	-	357	
2020-11-02 16:40:00	13.3	서북서	300	17.59	30.10	0.99	5.9	1.25	6.0	2.6	남남동	148	15.1	1017.5	-	345	
2020-11-02 16:45:00	13.2	서북서	296	17.60	30.07	1.01	6.1	1.68	6.5	2.9	남동	146	15.0	1017.4	-	1	
2020-11-02 16:50:00	17.3	서북서	302	17.59	30.10	1.06	6.2	1.41	6.5	1.9	남	169	15.0	1017.5	-	354	
2020-11-02 16:55:00	11.1	서북서	302	17.60	30.08	0.98	5.8	1.65	6.0	2.8	남남동	150	15.0	1017.4	-	356	
2020-11-02 17:00:00	12.6	북서	313	17.61	30.10	1.36	6.4	2.01	6.5	3.0	남남동	164	14.9	1017.4	-	355	
2020-11-02 17:05:00	9.4	북서	314	17.60	30.08	0.98	6.1	1.63	5.5	2.9	남남동	153	14.9	1017.5	-	339	
2020-11-02 17:10:00	12.4	북서	305	17.60	30.08	1.32	6.2	1.98	6.0	3.4	남남동	156	14.8	1017.5	-	357	
2020-11-02 17:15:00	8.4	북서	306	17.60	30.05	1.30	6.5	1.99	6.5	3.7	남남동	165	14.7	1017.4	-	0	
2020-11-02 17:20:00	8.2	북서	312	17.60	30.06	0.93	5.8	1.17	6.5	3.8	남남동	168	14.7	1017.5	-	17	
2020-11-02 17:25:00	10.0	북북서	340	17.58	30.07	1.09	6.0	1.62	6.0	3.5	남남동	165	14.6	1017.5	-	2	
2020-11-02 17:30:00	9.7	북북서	336	17.58	30.03	1.14	6.3	1.62	6.5	3.6	남남동	153	14.6	1017.4	-	0	
2020-11-02 17:35:00	7.8	북	4	17.57	30.02	0.89	6.0	1.44	5.5	4.0	남	172	14.6	1017.4	-	343	
2020-11-02 17:40:00	8.0	북북동	15	17.55	30.04	1.01	5.9	1.33	5.0	3.8	남	175	14.5	1017.5	-	0	
2020-11-02 17:45:00	6.5	북	10	17.53	30.03	1.08	5.8	1.35	5.5	3.0	남	176	14.5	1017.6	-	356	
2020-11-02 17:50:00	5.9	북북동	28	17.51	30.03	1.07	6.6	1.66	6.5	3.5	남	185	14.3	1017.6	-	1	
2020-11-02 17:55:00	7.7	북북동	19	17.51	30.01	0.94	6.3	1.37	4.5	3.6	남	184	14.2	1017.6	-	359	
2020-11-02 18:00:00	8.0	북	6	17.50	30.02	0.93	6.5	1.60	6.5	3.1	남	180	14.2	1017.6	-	7	
2020-11-02 18:05:00	5.9	북북서	343	17.49	30.02	0.98	6.3	1.38	6.5	3.3	남남서	198	14.1	1017.7	-	352	
2020-11-02 18:10:00	7.2	북북서	338	17.48	30.06	1.01	6.2	1.30	6.5	3.3	남남서	194	13.9	1017.6	-	16	
2020-11-02 18:15:00	7.4	북북서	340	17.48	30.02	1.02	6.0	1.25	6.0	2.6	남남서	207	13.7	1017.6	-	345	
2020-11-02 18:20:00	6.5	북서	319	17.48	30.01	1.30	6.4	2.28	6.0	2.8	남서	224	13.5	1017.6	-	8	
2020-11-02 18:25:00	5.3	북서	312	17.47	30.02	0.93	6.0	1.26	6.5	3.5	서남서	238	13.8	1017.6	-	345	
2020-11-02 18:30:00	10.8	북서	312	17.47	30.03	1.14	6.7	1.52	6.5	4.2	남서	230	13.6	1017.6	-	350	
2020-11-02 18:35:00	6.1	북서	326	17.47	30.03	1.03	6.0	1.56	6.5	4.8	서남서	245	13.7	1017.7	-	341	
2020-11-02 18:40:00	8.8	북북서	327	17.47	30.04	1.20	6.6	1.45	6.0	5.6	서남서	251	14.1	1017.8	-	3	
2020-11-02 18:45:00	8.7	북북서	332	17.46	30.02	1.12	6.5	1.91	6.5	5.9	서남서	257	14.4	1017.9	-	344	
2020-11-02 18:50:00	9.7	북북서	341	17.46	30.05	1.09	6.3	1.41	6.0	5.8	서남서	257	14.7	1017.9	-	7	
2020-11-02 18:55:00	8.0	북북서	330	17.48	30.02	1.01	6.4	1.31	7.0	5.0	서남서	249	14.3	1018.0	-	352	
2020-11-02 19:00:00	6.8	북북서	328	17.47	30.04	1.01	6.3	1.52	6.0	4.9	서남서	251	14.1	1018.1	-	25	
2020-11-02 19:05:00	6.4	북북서	338	17.47	30.06	1.11	6.7	1.40	6.5	5.0	서남서	253	14.1	1018.1	-	355	
2020-11-02 19:10:00	7.0	북북서	336	17.43	30.05	1.03	6.4	1.40	5.5	5.5	서남서	255	14.2	1018.1	-	349	
2020-11-02 19:15:00	4.8	북북서	328	17.43	30.05	1.42	6.9	2.19	6.5	5.8	서남서	256	14.2	1018.1	-	5	
2020-11-02 19:20:00	5.7	북서	325	17.41	30.05	1.41	6.8	1.75	6.0	6.0	서남서	258	14.2	1018.2	-	349	
2020-11-02 19:25:00	4.6	북	3	17.41	30.07	1.08	6.6	1.78	6.0	6.0	서	268	14.2	1018.3	-	355	
2020-11-02 19:30:00	1.1	북북서	338	17.41	30.07	1.19	6.6	1.51	6.5	5.1	서	272	13.9	1018.3	-	3	
2020-11-02 19:35:00	3.0	북북동	28	17.41	30.07	1.14	6.7	1.55	6.0	5.3	서	263	14.1	1018.3	-	355	
2020-11-02 19:40:00	3.7	북	4	17.41	30.07	1.11	6.4	1.81	6.0	4.8	서	273	14.2	1018.4	-	7	
2020-11-02 19:45:00	2.9	북동	40	17.40	30.09	1.16	6.5	1.48	6.5	4.6	서	267	14.0	1018.4	-	356	
2020-11-02 19:50:00	4.3	북동	55	17.38	30.05	1.01	6.5	1.58	6.0	4.3	서	270	14.0	1018.4	-	24	
2020-11-02 19:55:00	4.1	북북서	342	17.37	30.05	0.86	6.7	0.98	7.0	4.3	서	269	14.1	1018.4	-	8	
2020-11-02 20:00:00	2.8	북북서	336	17.36	30.09	1.07	6.7	1.32	6.0	4.2	서남서	258	14.3	1018.3	-	355	
2020-11-02 20:05:00	1.7	남남동	157	17.36	30.09	0.91	6.5	1.13	6.5	4.0	서	265	14.3	1018.3	-	349	
2020-11-02 20:10:00	2.5	북북동	27	17.36	30.12	0.92	5.8	1.25	5.5	3.8	서	273	14.1	1018.2	-	351	
2020-11-02 20:15:00	4.1	서북서	292	17.36	30.11	1.24	6.6	2.38	7.5	4.0	남서	231	13.7	1018.2	-	352	
2020-11-02 20:20:00	4.3	서북서	303	17.36	30.09	0.95	6.6	1.32	6.0	3.6	남서	220	12.8	1018.2	-	19	
2020-11-02 20:25:00	2.6	서북서	302	17.34	30.10	1.13	6.5	1.53	6.5	3.6	남서	220	12.7	1018.2	-	30	
2020-11-02 20:30:00	1.0	북북서	327	17.33	30.13	0.99	6.6	1.26	6.5	3.9	남서	215	12.6	1018.1	-	358	
2020-11-02 20:35:00	2.4	북북서	331	17.34	30.11	0.98	6.4	1.29	6.0	3.6	남서	220	12.6	1018.1	-	359	
2020-11-02 20:40:00	4.6	남서	224	17.35	30.14	0.96	6.3	1.46	7.0	4.0	남서	226	12.6	1018.1	-	359	
2020-11-02 20:45:00	4.3	서남서	244	17.35	30.11	1.02	6.9	1.57	7.0	3.5	남서	222	12.3	1018.1	-	0	
2020-11-02 20:50:00	3.7	서	275	17.37	30.15	0.85	6.5	1.23	6.0	3.9	남서	230	12.2	1018.1	-	347	
2020-11-02 20:55:00	2.4	서	269	17.36	30.12	0.82	6.2	1.18	6.0	3.8	남서	221	11.9	1018.1	-	335	
2020-11-02 21:00:00	2.1	북동	50	17.36	30.11	0.79	6.4	1.12	5.5	3.2	남서	218	11.8	1018.0	-	358	
2020-11-02 21:05:00	2.1	북북서	327	17.35	30.14	0.76	5.9	1.00	6.5	3.6	남서	221	11.9	1018.0	-	350	
2020-11-02 21:10:00	1.8	북	7	17.35	30.13	0.93	6.2	1.51	5.5	4.2	남서	222	12.1	1018.0	-	4	
2020-11-02 21:15:00	3.5	북북서	335	17.34	30.13	0.81	6.5	1.57	5.5	4.1	남남서	212	12.0	1018.0	-	25	
2020-11-02 21:20:00	-	-	-	-	-	0.00	0.0	0.00	0.0	4.1	남서	222	11.9	1018.1	-	0	
2020-11-02 21:25:00	1.6	남	185	17.34	30.12	0.96	6.1	1.58	6.5	3.5	남남서	204	12.0	1018.0	-	1	
2020-11-02 21:30:00	3.9	서	277	17.32	30.15	0.92	6.4	1.24	6.0	3.8	남서	223	12.1	1018.0	-	32	
2020-11-02 21:35:00	3.7	서	276	17.32	30.12	0.80	6.4	1.03	5.0	4.2	남서	229	12.3	1018.1	-	12	
2020-11-02 21:40:00	6.2	서	273	17.32	30.16	1.05	6.4	1.65	6.0	4.8	서남서	239	12.6	1018.1	-	348	
2020-11-02 21:45:00	2.8	서북서	287	17.33	30.18	1.09	6.3	1.86	5.5	5.0	서남서	241	12.6	1018.1	-	346	
2020-11-02 21:50:00	7.6	서북서	300	17.37	30.14	1.05	5.9	1.25	5.5	4.3	서남서	244	12.6	1018.1	-	352	
2020-11-02 21:55:00	6.1	북	349	17.38	30.14	0.94	6.0	1.25	6.0	4.5	서남서	239	12.6	1018.1	-	10	
2020-11-02 22:00:00	3.5	북북동	27	17.36	30.13	0.85	6.1	1.10	6.5	4.1	남서	224	12.3	1017.9	-	11	
2020-11-02 22:05:00	5.5	북북동	22	17.35	30.13	0.87	5.8	1.22	6.5	3.9	남서	220	12.0	1017.9	-	342	
2020-11-02 22:10:00	5.2	북북동	31	17.34	30.12	0.85	5.7	1.27	6.0	3.7	남서	227	11.9	1017.8	-	5	
2020-11-02 22:15:00	2.5	북	10	17.32	30.13	0.75	5.8	0.98	5.5	3.5	남서	221	12.2	1017.7	-	1	
2020-11-02 22:20:00	4.8	북북서	345	17.31	30.15	0.97	6.0	1.17	6.0	3.6	남서	226	12.4	1017.7	-	351	
2020-11-02 22:25:00	1.1	북	11	17.30	30.13	0.64	5.5	0.80	5.0	3.8	남서	227	12.3	1017.6	-	63	
2020-11-02 22:30:00	3.2	북서	316	17.29	30.13	0.93	6.0	1.12	6.5	3.5	남서	228	12.1	1017.6	-	355	
2020-11-02 22:35:00	2.5	서남서	252	17.28	30.14	0.84	5.8	1.62	5.5	3.6	남서	232	12.3	1017.6	-	4	
2020-11-02 22:40:00	3.4	서북서	296	17.28	30.15	0.94	6.1	1.36	6.0	4.4	서남서	240	12.5	1017.5	-	344	
2020-11-02 22:45:00	5.8	서북서	299	17.27	30.17	0.81	5.8	1.10	6.0	5.1	서남서	238	12.8	1017.4	-	344	
2020-11-02 22:50:00	4.8	서남서	253	17.28	30.15	0.75	5.7	0.95	5.5	4.7	서남서	243	12.8	1017.4	-	348	
2020-11-02 22:55:00	4.2	서북서	296	17.28	30.17	0.67	5.7	0.91	6.5	4.6	서남서	246	12.4	1017.4	-	30	
2020-11-02 23:00:00	4.0	서북서	282	17.28	30.15	0.83	6.3	1.10	6.5	4.1	서남서	246	12.1	1017.4	-	10	
2020-11-02 23:05:00	4.6	북북동	14	17.28	30.16	0.73	5.8	0.97	6.5	3.9	서남서	250	12.0	1017.4	-	5	
2020-11-02 23:10:00	3.8	북	356	17.26	30.17	0.94	5.9	1.17	5.5	3.5	서남서	246	11.8	1017.4	-	14	
2020-11-02 23:15:00	5.4	북북동	28	17.24	30.16	0.84	6.2	1.07	5.5	3.8	서남서	244	11.7	1017.2	-	1	
2020-11-02 23:20:00	4.4	북	1	17.22	30.16	0.82	5.9	1.20	6.0	3.9	남서	229	11.7	1017.2	-	27	
2020-11-02 23:25:00	2.8	북	356	17.22	30.16	0.87	6.4	1.34	7.0	4.1	남서	233	11.6	1017.2	-	359	
2020-11-02 23:30:00	4.7	북북동	13	17.21	30.15	0.74	5.7	1.28	6.5	4.0	서남서	249	11.9	1017.2	-	338	
2020-11-02 23:35:00	3.0	북	357	17.19	30.17	0.76	5.7	1.04	5.5	3.8	서남서	257	11.5	1017.1	-	340	
2020-11-02 23:40:00	2.5	북	357	17.18	30.17	0.66	5.8	0.94	5.5	3.5	서남서	250	11.2	1016.9	-	18	
2020-11-02 23:45:00	3.5	북북동	23	17.18	30.17	0.79	5.8	1.01	5.0	3.7	남서	236	11.7	1016.9	-	5	
2020-11-02 23:50:00	2.6	북동	51	17.17	30.18	0.68	6.0	0.94	5.0	4.2	서남서	248	11.9	1016.9	-	350	
2020-11-02 23:55:00	4.7	동북동	75	17.16	30.18	0.66	5.9	0.87	6.5	5.1	서남서	238	12.0	1017.0	-	352	
2020-11-03 00:00:00	4.2	북동	42	17.16	30.18	0.71	5.8	1.12	6.0	5.7	서남서	242	12.4	1017.0	-	18	
2020-11-03 00:05:00	5.2	북동	52	17.14	30.19	0.81	6.0	0.96	6.0	5.6	서남서	239	11.9	1017.0	-	351	
2020-11-03 00:10:00	6.3	동북동	63	17.13	30.19	0.72	5.9	0.91	6.0	5.8	남서	232	12.1	1017.0	-	32	
2020-11-03 00:15:00	4.7	북동	41	17.12	30.20	0.66	5.8	0.88	5.5	6.1	남서	235	12.1	1017.0	-	357	
2020-11-03 00:20:00	5.2	북동	46	17.12	30.16	0.70	5.8	0.98	6.0	6.1	서남서	237	12.4	1017.0	-	20	
2020-11-03 00:25:00	-	-	-	-	-	-	-	-	-	-	-	-	-	-	-	-	
2020-11-03 00:30:00	5.7	동북동	57	17.10	30.18	0.21	4.0	0.42	4.0	7.3	남서	236	12.2	1017.1	-	332	
2020-11-03 00:35:00	5.8	동북동	58	17.06	30.18	0.63	6.0	0.86	5.0	7.5	남서	234	12.0	1017.1	-	340	
2020-11-03 00:40:00	3.6	동북동	70	17.06	30.20	0.67	5.8	0.92	6.0	7.6	남서	236	12.2	1017.0	-	329	
2020-11-03 00:45:00	8.6	동북동	70	17.03	30.20	0.59	6.3	0.87	6.0	7.2	남서	231	12.2	1016.9	-	51	
2020-11-03 00:50:00	7.3	동북동	75	17.02	30.19	0.63	5.9	0.82	6.0	6.0	남서	230	12.0	1016.9	-	343	
2020-11-03 00:55:00	6.1	북동	52	17.00	30.20	0.71	6.1	0.94	7.0	6.9	남서	227	11.9	1016.8	-	346	
2020-11-03 01:00:00	5.2	북동	54	17.00	30.21	0.62	6.2	0.95	5.5	6.9	남서	229	11.7	1016.9	-	28	
2020-11-03 01:05:00	6.3	동	94	16.97	30.22	0.54	5.8	0.66	6.0	6.2	남서	228	11.7	1016.9	-	28	
2020-11-03 01:10:00	4.6	동	79	16.94	30.22	0.62	6.0	0.74	4.5	5.7	남서	232	11.5	1016.9	-	42	
2020-11-03 01:15:00	5.5	동	100	16.94	30.22	0.68	6.2	1.24	6.0	6.2	남서	233	11.5	1016.8	-	355	
2020-11-03 01:20:00	4.3	동북동	75	16.92	30.22	0.68	5.9	0.90	6.0	5.7	남서	230	11.4	1016.6	-	26	
2020-11-03 01:25:00	5.0	동남동	110	16.92	30.24	0.75	6.2	1.23	6.0	6.1	남서	225	11.6	1016.5	-	351	
2020-11-03 01:30:00	4.4	남동	133	16.91	30.24	0.74	5.9	1.05	6.5	6.4	남서	221	11.6	1016.5	-	9	
2020-11-03 01:35:00	5.7	동	79	16.90	30.21	0.71	6.1	0.94	6.5	6.7	남서	228	11.6	1016.5	-	6	
2020-11-03 01:40:00	5.0	동북동	76	16.88	30.21	0.69	6.0	1.03	5.5	8.1	남서	236	11.6	1016.5	-	344	
2020-11-03 01:45:00	5.3	동	81	16.85	30.24	0.59	6.4	0.75	6.0	7.1	남서	236	11.6	1016.7	-	13	
2020-11-03 01:50:00	8.3	동북동	73	16.84	30.24	0.55	5.8	0.69	5.5	7.3	남서	235	11.5	1016.7	-	11	
2020-11-03 01:55:00	5.2	동	80	16.85	30.25	0.60	6.2	0.83	5.5	7.5	남서	233	11.5	1016.7	-	336	
2020-11-03 02:00:00	3.7	동	96	16.82	30.22	0.60	5.4	0.72	5.5	7.7	남서	231	11.4	1016.7	-	346	
2020-11-03 02:05:00	6.0	동	84	16.78	30.19	0.75	6.0	1.05	6.0	6.9	남서	235	11.3	1016.8	-	350	
2020-11-03 02:10:00	8.9	동남동	102	16.74	30.18	0.75	5.9	0.96	6.0	6.6	남서	234	11.3	1016.8	-	346	
2020-11-03 02:15:00	4.9	동남동	118	16.74	30.22	0.71	5.9	1.02	6.0	6.3	서남서	243	11.2	1016.9	-	349	
2020-11-03 02:20:00	9.4	동남동	112	16.71	30.23	0.70	5.9	0.86	5.0	7.0	서남서	237	11.0	1016.9	-	1	
2020-11-03 02:25:00	8.4	동남동	105	16.69	30.16	0.74	6.3	0.95	6.0	7.5	서남서	238	10.9	1017.0	-	357	
2020-11-03 02:30:00	7.9	동	95	16.65	30.15	0.68	6.1	0.97	6.5	7.3	서남서	239	10.7	1017.0	-	339	
2020-11-03 02:35:00	11.2	동	93	16.58	30.17	0.64	6.2	0.79	6.5	7.4	서남서	239	10.5	1016.9	-	347	
2020-11-03 02:40:00	10.0	동	88	16.56	30.24	0.91	5.9	1.16	6.0	6.6	서남서	239	10.4	1016.9	-	349	
2020-11-03 02:45:00	11.7	동	94	16.54	30.21	0.76	6.3	0.97	6.5	6.1	남서	232	10.3	1016.9	-	339	
2020-11-03 02:50:00	11.7	동	92	16.63	30.26	0.73	6.3	0.96	6.0	5.9	남서	234	10.3	1016.8	-	340	
2020-11-03 02:55:00	10.8	동남동	112	16.67	30.26	0.71	5.8	0.94	6.0	5.0	남서	233	10.2	1016.8	-	341	
2020-11-03 03:00:00	9.2	동남동	111	16.69	30.26	0.63	5.9	0.75	5.5	5.1	남서	228	10.1	1016.9	-	338	
2020-11-03 03:05:00	10.6	동남동	113	16.68	30.25	0.75	6.0	1.16	6.0	6.1	남서	233	10.1	1016.9	-	352	
2020-11-03 03:10:00	11.2	남동	124	16.67	30.26	0.58	5.9	0.78	6.5	5.4	남서	235	10.1	1016.9	-	11	
2020-11-03 03:15:00	11.8	동	98	16.66	30.24	0.68	5.6	0.93	5.0	5.5	남서	230	10.1	1016.7	-	359	
2020-11-03 03:20:00	9.5	남동	127	16.67	30.25	0.69	5.8	0.88	6.5	4.7	남서	231	10.0	1016.6	-	6	
2020-11-03 03:25:00	11.3	동남동	119	16.66	30.26	0.57	5.7	0.82	5.5	4.5	남서	227	10.1	1016.5	-	357	
2020-11-03 03:30:00	11.3	동남동	117	16.67	30.27	0.69	5.8	0.98	5.5	5.0	남서	233	10.1	1016.6	-	350	
2020-11-03 03:35:00	12.7	남동	127	16.67	30.28	0.65	5.9	0.88	5.5	5.0	서남서	237	10.1	1016.6	-	349	
2020-11-03 03:40:00	11.6	남동	130	16.68	30.26	0.76	6.0	1.03	6.5	4.3	남서	234	10.0	1016.5	-	9	
2020-11-03 03:45:00	9.5	남동	140	16.68	30.24	0.75	6.1	0.97	6.0	3.6	남서	227	10.1	1016.5	-	341	
2020-11-03 03:50:00	10.9	동남동	121	16.67	30.26	0.59	5.7	0.82	5.5	4.6	남서	224	10.2	1016.4	-	347	
2020-11-03 03:55:00	8.3	동남동	110	16.67	30.25	0.86	6.0	1.25	5.5	4.1	남서	219	10.2	1016.3	-	345	
2020-11-03 04:00:00	10.6	동남동	124	16.66	30.26	0.67	5.9	0.85	6.0	4.9	남서	224	10.3	1016.4	-	6	
2020-11-03 04:05:00	8.6	남동	129	16.66	30.26	0.72	6.4	0.84	6.0	3.9	서남서	240	10.2	1016.5	-	8	
2020-11-03 04:10:00	10.2	동남동	121	16.65	30.25	0.78	5.8	0.95	6.0	4.3	남서	226	10.2	1016.4	-	350	
2020-11-03 04:15:00	11.1	남남동	149	16.64	30.27	0.64	5.8	0.99	6.0	4.3	남서	216	10.1	1016.2	-	331	
2020-11-03 04:20:00	9.3	남동	126	16.63	30.27	0.83	6.0	1.04	5.5	3.6	남서	219	10.1	1016.3	-	9	
2020-11-03 04:25:00	6.4	남동	132	16.63	30.26	0.70	5.9	0.95	6.0	3.8	남서	215	10.4	1016.4	-	353	
2020-11-03 04:30:00	8.6	남동	131	16.63	30.28	0.61	5.9	0.71	5.5	4.6	남남서	210	10.2	1016.3	-	351	
2020-11-03 04:35:00	10.2	남동	140	16.62	30.29	0.69	5.9	0.97	6.0	3.2	남남서	213	10.2	1016.4	-	359	
2020-11-03 04:40:00	10.2	남동	145	16.62	30.32	0.74	5.7	0.86	5.0	2.6	남서	218	10.3	1016.4	-	346	
2020-11-03 04:45:00	5.6	남동	132	16.63	30.29	0.92	5.7	1.35	5.5	2.5	서	261	10.2	1016.4	-	349	
2020-11-03 04:50:00	6.5	남남동	157	16.62	30.28	0.79	5.7	1.10	5.5	3.1	서북서	284	10.5	1016.4	-	353	
2020-11-03 04:55:00	10.0	남동	125	16.61	30.27	0.94	5.9	1.17	5.5	4.5	서	265	10.4	1016.3	-	359	
2020-11-03 05:00:00	10.1	남동	134	16.60	30.28	0.87	5.9	1.17	6.5	5.0	서북서	293	10.6	1016.3	-	357	
2020-11-03 05:05:00	8.7	남동	132	16.56	30.30	0.86	5.7	1.25	5.0	7.4	서북서	298	10.9	1016.1	-	351	
2020-11-03 05:10:00	8.3	남동	131	16.58	30.29	0.80	5.6	1.43	5.5	7.0	서북서	298	10.9	1016.2	-	349	
2020-11-03 05:15:00	9.2	남동	138	16.57	30.30	0.82	6.0	1.13	5.5	5.0	북서	305	10.8	1016.2	-	356	
2020-11-03 05:20:00	8.6	남남동	149	16.57	30.32	0.73	5.6	0.94	5.5	4.4	북서	304	10.6	1016.2	-	352	
2020-11-03 05:25:00	10.0	남동	143	16.57	30.32	0.86	5.6	1.20	5.5	5.4	북서	313	10.6	1016.2	-	351	
2020-11-03 05:30:00	5.1	남남동	154	16.58	30.32	0.94	5.8	1.22	6.0	7.2	북서	318	10.8	1016.1	-	359	
2020-11-03 05:35:00	6.7	남남동	158	16.58	30.33	0.88	5.4	1.54	5.0	8.1	북서	320	10.9	1016.2	-	348	
2020-11-03 05:40:00	8.2	남남동	152	16.57	30.32	0.91	5.4	1.17	5.0	8.4	북서	321	10.9	1016.2	-	4	
2020-11-03 05:45:00	9.7	남남동	148	16.56	30.33	0.96	5.7	1.25	6.0	9.5	북북서	330	10.8	1016.3	-	1	
2020-11-03 05:50:00	4.7	남	179	16.57	30.35	0.95	5.6	1.35	5.5	7.9	북북서	327	10.6	1016.4	-	353	
2020-11-03 05:55:00	8.9	남동	142	16.56	30.38	0.92	5.2	1.42	6.0	7.6	북서	321	10.4	1016.5	-	338	
2020-11-03 06:00:00	6.8	남동	144	16.56	30.35	0.96	5.9	1.57	5.5	7.0	북서	324	10.4	1016.6	-	3	
2020-11-03 06:05:00	7.5	남동	139	16.56	30.38	1.05	5.4	1.58	5.5	6.9	북서	324	10.1	1016.7	-	354	
2020-11-03 06:10:00	8.3	남동	140	16.56	30.39	0.92	5.0	1.30	6.0	6.3	북서	310	10.2	1016.9	-	61	
2020-11-03 06:15:00	6.6	남남동	164	16.56	30.38	1.00	5.3	1.27	5.5	6.2	북서	313	10.1	1016.9	-	359	
2020-11-03 06:20:00	2.1	남남동	149	16.57	30.40	0.90	5.3	1.21	5.5	6.8	북서	308	9.9	1017.0	-	355	
2020-11-03 06:25:00	11.3	남남동	164	16.57	30.38	0.97	5.2	1.22	5.5	7.3	서북서	303	9.9	1017.0	-	304	
2020-11-03 06:30:00	6.1	동남동	121	16.57	30.39	1.03	5.4	1.28	5.5	7.3	북서	316	9.6	1017.1	-	347	
2020-11-03 06:35:00	3.9	남남동	149	16.57	30.39	1.13	5.1	1.48	4.5	7.2	북서	307	9.6	1017.1	-	2	
2020-11-03 06:40:00	3.0	남	176	16.56	30.41	1.11	5.4	1.55	5.5	7.5	북서	318	9.8	1017.2	-	351	
2020-11-03 06:45:00	8.3	남남동	168	16.57	30.45	1.05	5.3	1.38	4.5	7.0	북서	307	9.5	1017.2	-	356	
2020-11-03 06:50:00	5.7	남남동	165	16.57	30.43	0.86	5.2	1.10	4.5	7.4	서북서	296	9.4	1017.1	-	150	
2020-11-03 06:55:00	4.4	남남서	202	16.57	30.40	1.04	5.3	1.29	4.5	7.7	서북서	298	9.2	1017.1	-	343	
2020-11-03 07:00:00	5.1	남	181	16.56	30.40	1.14	5.4	1.66	5.0	7.1	서북서	302	9.2	1017.1	-	348	
2020-11-03 07:05:00	7.1	남동	128	16.54	30.46	1.01	5.3	1.34	6.0	6.9	북서	307	9.0	1017.1	-	7	
2020-11-03 07:10:00	9.3	남남동	160	16.55	30.41	1.02	5.3	1.24	5.0	7.2	서북서	289	9.1	1017.2	-	345	
2020-11-03 07:15:00	9.4	남남동	159	16.54	30.42	1.05	5.6	1.44	6.5	6.7	서북서	284	9.0	1017.1	-	232	
2020-11-03 07:20:00	10.9	남동	135	16.54	30.42	0.98	5.6	1.24	6.0	6.7	서북서	300	9.1	1017.1	-	351	
2020-11-03 07:25:00	7.5	남동	145	16.54	30.42	0.95	5.1	1.30	5.5	5.8	서	266	9.0	1017.2	-	355	
2020-11-03 07:30:00	8.8	남남동	156	16.53	30.43	1.02	5.9	1.52	6.0	5.9	서	268	8.9	1017.3	-	354	
2020-11-03 07:35:00	9.2	남남동	150	16.53	30.41	1.08	5.9	1.45	4.5	6.7	서	265	8.9	1017.3	-	350	
2020-11-03 07:40:00	7.5	남	187	16.54	30.41	0.90	5.6	1.18	5.0	6.9	서	260	8.8	1017.2	-	347	
2020-11-03 07:45:00	6.4	남남동	147	16.53	30.39	0.90	5.4	1.23	5.5	6.8	서	269	8.8	1017.3	-	347	
2020-11-03 07:50:00	7.5	남남동	154	16.53	30.41	0.91	5.4	1.20	6.0	7.4	서	268	8.8	1017.3	-	350	
2020-11-03 07:55:00	8.8	남남동	147	16.53	30.40	0.92	5.8	1.24	5.0	6.6	서	266	8.8	1017.4	-	350	
2020-11-03 08:00:00	8.8	남남동	151	16.54	30.42	0.82	5.3	1.16	5.0	6.0	서	267	8.7	1017.5	-	336	
2020-11-03 08:05:00	9.5	남남동	161	16.53	30.44	0.98	5.6	1.16	6.0	6.8	서	279	9.0	1017.5	-	351	
2020-11-03 08:10:00	7.0	남남동	160	16.54	30.42	0.86	5.6	1.13	5.5	6.2	서	279	8.8	1017.6	-	349	
2020-11-03 08:15:00	5.1	남남동	152	16.52	30.43	0.92	5.5	1.16	6.0	5.7	서북서	286	8.6	1017.6	-	341	
2020-11-03 08:20:00	5.7	남남동	158	16.53	30.39	0.76	5.3	1.08	4.5	6.0	서북서	286	8.6	1017.6	-	353	
2020-11-03 08:25:00	5.3	남남동	154	16.53	30.41	0.89	5.9	1.34	6.0	6.3	서북서	291	8.6	1017.7	-	345	
2020-11-03 08:30:00	7.4	남동	138	16.52	30.40	0.90	5.5	1.32	5.5	7.6	서북서	287	8.6	1017.6	-	354	
2020-11-03 08:35:00	6.1	남남동	163	16.53	30.39	0.79	5.5	0.99	5.0	7.3	서북서	282	8.7	1017.6	-	353	
2020-11-03 08:40:00	7.3	남동	144	16.52	30.41	0.87	5.7	1.19	6.0	8.9	서	280	8.7	1017.6	-	345	
2020-11-03 08:45:00	4.0	동남동	111	16.52	30.42	0.91	5.4	1.23	5.0	10.1	서북서	289	8.8	1017.6	-	356	
2020-11-03 08:50:00	2.7	남남동	162	16.52	30.43	1.07	4.9	1.40	5.5	11.0	서북서	300	8.9	1017.5	-	351	
2020-11-03 08:55:00	5.8	남남동	168	16.53	30.43	0.93	5.5	1.45	5.5	10.5	서북서	293	8.7	1017.5	-	355	
2020-11-03 09:00:00	8.7	동남동	119	16.52	30.39	0.98	5.9	1.40	4.5	9.9	서북서	296	8.8	1017.5	-	355	
2020-11-03 09:05:00	5.1	남남동	156	16.53	30.42	0.84	5.2	1.06	6.0	10.1	서북서	297	8.8	1017.5	-	353	
2020-11-03 09:10:00	9.4	남남동	146	16.53	30.43	0.89	5.0	1.26	6.0	11.3	북서	308	8.8	1017.4	-	358	
2020-11-03 09:15:00	8.9	남남동	158	16.52	30.43	1.03	5.4	1.57	5.0	11.5	서북서	302	8.9	1017.4	-	348	
2020-11-03 09:20:00	9.6	남동	133	16.51	30.45	0.84	5.7	1.25	5.5	11.3	서북서	300	9.0	1017.5	-	353	
2020-11-03 09:25:00	3.8	동남동	108	16.51	30.42	0.92	5.1	1.69	5.0	12.5	북서	311	9.2	1017.4	-	354	
2020-11-03 09:30:00	11.7	남동	138	16.52	30.43	0.86	5.3	1.41	4.5	12.5	북서	311	8.9	1017.4	-	2	
2020-11-03 09:35:00	3.8	동남동	118	16.52	30.45	0.96	5.4	1.15	5.0	11.1	북서	309	8.9	1017.5	-	352	
2020-11-03 09:40:00	7.7	남남동	167	16.52	30.44	1.05	5.0	1.49	5.0	12.5	북서	308	9.1	1017.4	-	340	
2020-11-03 09:45:00	10.6	남남동	165	16.52	30.44	1.09	5.5	1.27	6.5	11.5	북서	305	8.9	1017.3	-	340	
2020-11-03 09:50:00	7.0	남남동	150	16.52	30.42	0.91	4.6	1.41	4.5	9.9	북서	309	8.9	1017.4	-	345	
2020-11-03 09:55:00	7.1	남동	145	16.52	30.44	1.03	4.6	1.49	4.5	9.6	북서	305	8.9	1017.3	-	344	
2020-11-03 10:00:00	5.7	남남동	149	16.52	30.45	1.05	5.0	1.38	5.5	10.0	북서	311	8.9	1017.3	-	351	
2020-11-03 10:05:00	6.5	남남동	149	16.52	30.46	0.96	5.8	1.25	5.0	9.6	북서	311	9.1	1017.3	-	352	
2020-11-03 10:10:00	10.0	남남동	151	16.51	30.45	1.00	5.1	1.62	5.0	8.4	서북서	303	9.0	1017.4	-	357	
2020-11-03 10:15:00	11.0	남동	138	16.51	30.44	1.16	5.6	1.47	6.5	6.9	서북서	282	9.0	1017.3	-	4	
2020-11-03 10:20:00	3.7	남남동	150	16.51	30.44	0.98	5.4	1.28	5.0	7.3	서	271	9.2	1017.3	-	349	
2020-11-03 10:25:00	8.2	남동	136	16.51	30.45	0.97	5.1	1.50	5.5	8.2	서	261	9.1	1017.3	-	355	
2020-11-03 10:30:00	5.6	남남동	156	16.52	30.46	0.87	5.4	1.21	5.5	6.2	서	274	9.2	1017.3	-	358	
2020-11-03 10:35:00	10.3	남남동	158	16.51	30.45	1.04	5.2	1.81	5.5	8.5	서	281	9.2	1017.3	-	355	
2020-11-03 10:40:00	6.0	남남동	164	16.51	30.44	1.00	5.5	1.32	5.5	8.9	서	275	9.2	1017.2	-	345	
2020-11-03 10:45:00	9.3	남동	131	16.51	30.44	1.04	5.5	1.47	5.0	7.8	서북서	289	9.2	1017.2	-	346	
2020-11-03 10:50:00	9.7	남남동	151	16.51	30.43	1.03	5.3	1.43	5.5	9.4	서	268	9.1	1017.1	-	343	
2020-11-03 10:55:00	8.1	남동	144	16.50	30.44	1.02	5.7	1.43	6.0	7.1	서북서	288	9.1	1017.2	-	358	
2020-11-03 11:00:00	9.9	남남동	151	16.50	30.42	0.99	5.4	1.59	5.5	7.5	서북서	286	9.3	1017.1	-	347	
2020-11-03 11:05:00	9.0	남동	134	16.51	30.44	0.99	5.5	1.26	5.5	8.3	서북서	283	9.2	1017.1	-	358	
2020-11-03 11:10:00	5.5	동남동	117	16.50	30.47	1.13	5.5	1.41	5.5	9.0	서북서	284	9.2	1017.0	-	344	
2020-11-03 11:15:00	9.2	남남동	148	16.50	30.47	1.10	6.0	1.54	5.5	9.3	서북서	285	9.2	1016.9	-	357	
2020-11-03 11:20:00	11.5	남남동	150	16.50	30.45	1.11	5.7	1.44	5.0	7.4	서북서	289	9.2	1016.8	-	341	
2020-11-03 11:25:00	11.6	남남동	147	16.52	30.43	1.15	5.8	1.51	6.5	9.8	서	272	9.5	1016.7	-	348	
2020-11-03 11:30:00	12.0	남남동	148	16.51	30.44	0.93	5.7	1.45	5.0	8.2	서	274	9.5	1016.8	-	358	
2020-11-03 11:35:00	11.7	남동	136	16.51	30.45	1.02	5.6	1.46	5.0	9.6	서	277	9.5	1016.6	-	350	
2020-11-03 11:40:00	12.1	남동	141	16.52	30.43	1.20	5.7	1.71	6.0	11.8	서	277	9.6	1016.5	-	339	
2020-11-03 11:45:00	7.1	남남동	165	16.52	30.44	1.03	6.2	1.46	5.5	9.7	서	270	9.6	1016.6	-	347	
2020-11-03 11:50:00	12.9	남남동	150	16.52	30.43	1.00	5.7	1.25	5.0	9.8	서	275	9.7	1016.6	-	345	
2020-11-03 11:55:00	15.9	남남동	157	16.52	30.46	1.04	5.7	1.47	5.0	12.5	서	263	9.5	1016.3	-	348	
2020-11-03 12:00:00	16.0	남동	141	16.51	30.44	1.12	6.5	1.55	6.0	13.2	서	263	9.5	1016.4	-	350	
2020-11-03 12:05:00	14.2	남남동	156	16.52	30.43	1.39	6.3	1.91	6.0	12.8	서	264	9.6	1016.3	-	355	
2020-11-03 12:10:00	11.2	남남동	162	16.52	30.43	1.38	5.9	1.88	5.5	13.2	서	266	9.5	1016.3	-	354	
2020-11-03 12:15:00	12.7	남동	139	16.53	30.46	1.30	6.5	1.65	6.0	14.2	서	265	9.5	1016.2	-	344	
2020-11-03 12:20:00	17.6	남동	126	16.52	30.43	1.26	6.3	1.76	6.5	12.7	서	277	9.8	1016.2	-	343	
2020-11-03 12:25:00	14.4	남동	133	16.52	30.43	1.10	5.7	1.72	5.5	13.9	서	271	9.6	1016.1	-	351	
2020-11-03 12:30:00	14.6	남동	129	16.53	30.44	1.40	6.2	1.67	6.0	12.3	서	275	9.6	1016.0	-	353	
2020-11-03 12:35:00	10.1	남동	145	16.53	30.45	1.23	6.2	1.59	6.5	13.1	서	273	9.9	1015.8	-	346	
2020-11-03 12:40:00	15.1	남남동	151	16.52	30.43	1.18	5.6	1.88	6.5	12.2	서	267	10.0	1015.7	-	343	
2020-11-03 12:45:00	10.7	남동	137	16.54	30.44	1.33	6.0	2.49	5.5	13.0	서	259	9.7	1015.6	-	344	
2020-11-03 12:50:00	10.7	남동	136	16.53	30.43	1.29	6.4	1.80	6.5	11.9	서	262	9.8	1015.5	-	343	
2020-11-03 12:55:00	15.2	남동	130	16.53	30.49	1.29	6.4	1.49	5.5	13.0	서	281	9.8	1015.4	-	346	
2020-11-03 13:00:00	22.1	남동	143	16.53	30.46	1.40	6.2	1.83	6.5	13.7	서	281	10.0	1015.4	-	350	
2020-11-03 13:05:00	17.8	남남동	148	16.53	30.44	1.21	5.9	1.72	6.5	12.8	서	273	9.8	1015.6	-	351	
2020-11-03 13:10:00	7.7	남	172	16.54	30.45	1.21	6.1	1.47	5.5	10.2	서	271	9.7	1015.7	-	347	
2020-11-03 13:15:00	12.8	남동	137	16.54	30.44	1.38	6.0	1.95	6.0	12.1	서	280	9.9	1015.7	-	349	
2020-11-03 13:20:00	17.7	남동	137	16.54	30.47	1.29	6.3	1.71	6.0	11.6	서북서	285	9.7	1015.7	-	5	
2020-11-03 13:25:00	17.3	남동	136	16.54	30.43	1.22	6.0	1.53	6.0	12.1	서북서	282	9.8	1015.7	-	348	
2020-11-03 13:30:00	17.9	남동	133	16.53	30.43	1.21	6.2	1.69	6.0	12.8	서북서	287	9.8	1015.6	-	336	
2020-11-03 13:35:00	13.3	남남동	149	16.54	30.39	1.30	6.3	1.88	6.5	12.2	서북서	286	9.9	1015.6	-	352	
2020-11-03 13:40:00	19.6	남동	146	16.54	30.41	1.58	6.4	1.98	6.5	11.1	서북서	284	9.9	1015.6	-	3	
2020-11-03 13:45:00	16.8	남동	145	16.53	30.41	1.35	6.8	2.24	6.5	13.5	서북서	284	9.9	1015.4	-	357	
2020-11-03 13:50:00	10.4	남남동	150	16.53	30.41	1.19	6.0	1.63	6.5	12.0	서북서	282	9.8	1015.5	-	347	
2020-11-03 13:55:00	14.9	남동	127	16.53	30.42	1.29	6.3	1.55	6.0	12.5	서	279	10.0	1015.4	-	346	
2020-11-03 14:00:00	11.2	남남동	148	16.53	30.40	1.18	6.4	1.62	6.5	12.5	서	281	10.0	1015.5	-	358	
2020-11-03 14:05:00	11.7	남동	141	16.52	30.44	1.30	6.9	1.64	6.5	11.2	서	273	9.9	1015.4	-	354	
2020-11-03 14:10:00	11.7	남남동	152	16.54	30.40	1.46	6.2	1.90	6.0	11.7	서	279	10.0	1015.3	-	355	
2020-11-03 14:15:00	15.5	남동	145	16.53	30.42	1.11	5.7	1.53	5.5	11.8	서	271	9.9	1015.2	-	3	
2020-11-03 14:20:00	13.8	남동	133	16.52	30.42	1.29	6.4	1.92	7.5	11.3	서	274	9.8	1015.1	-	339	
2020-11-03 14:25:00	6.9	남남동	150	16.53	30.42	1.28	6.4	2.11	6.5	11.8	서	273	10.2	1015.1	-	358	
2020-11-03 14:30:00	13.4	남동	133	16.53	30.40	1.20	6.3	1.49	6.5	10.7	서	273	10.0	1015.3	-	4	
2020-11-03 14:35:00	8.2	남남동	155	16.54	30.38	1.28	6.7	1.96	5.5	9.0	서북서	289	10.2	1015.5	-	4	
2020-11-03 14:40:00	12.4	남동	137	16.54	30.42	1.10	6.8	1.62	5.5	9.8	서북서	283	10.2	1015.3	-	346	
2020-11-03 14:45:00	16.1	남남동	151	16.55	30.40	1.20	6.4	1.64	7.0	11.1	서북서	286	10.2	1015.3	-	352	
2020-11-03 14:50:00	8.9	남남동	151	16.57	30.41	1.03	5.7	1.56	6.0	7.5	서북서	284	10.0	1015.4	-	344	
2020-11-03 14:55:00	14.9	남남동	160	16.59	30.39	1.22	6.1	1.97	6.0	8.5	서북서	289	10.0	1015.4	-	358	
2020-11-03 15:00:00	13.6	남남동	149	16.60	30.42	1.18	5.9	2.23	6.0	7.5	서북서	295	10.1	1015.3	-	330	
2020-11-03 15:05:00	12.6	남남동	161	16.61	30.44	1.29	6.5	1.69	6.5	7.1	서	278	10.1	1015.4	-	353	
2020-11-03 15:10:00	12.0	남남동	152	16.61	30.44	1.38	6.4	2.02	7.0	9.4	서북서	286	10.1	1015.3	-	345	
2020-11-03 15:15:00	9.1	남동	140	16.62	30.41	1.11	6.1	1.49	6.0	10.3	서북서	285	10.3	1015.2	-	343	
2020-11-03 15:20:00	11.6	남동	137	16.63	30.41	1.21	6.3	1.48	5.5	9.2	서북서	291	10.3	1015.5	-	2	
2020-11-03 15:25:00	10.1	남남동	148	16.64	30.40	1.08	7.0	1.51	6.0	8.2	서북서	300	10.3	1015.7	-	356	
2020-11-03 15:30:00	14.5	남동	145	16.62	30.41	1.39	6.5	1.69	6.5	8.6	서북서	295	10.2	1015.7	-	352	
2020-11-03 15:35:00	11.5	남남동	157	16.63	30.42	1.31	6.3	1.71	7.0	7.7	서북서	291	10.3	1015.7	-	349	
2020-11-03 15:40:00	11.7	남남동	147	16.64	30.41	1.10	6.3	1.45	7.5	8.2	서북서	282	10.2	1015.8	-	346	
2020-11-03 15:45:00	13.9	남동	134	16.64	30.42	1.12	6.5	1.31	7.0	10.7	서북서	300	10.1	1015.7	-	335	
2020-11-03 15:50:00	9.2	남남동	158	16.66	30.41	1.36	6.8	1.83	7.5	10.9	북서	308	10.2	1015.6	-	358	
2020-11-03 15:55:00	8.4	남남동	156	16.65	30.41	1.31	7.1	1.74	7.5	11.7	서북서	302	10.3	1015.7	-	350	
2020-11-03 16:00:00	12.1	남동	138	16.66	30.41	1.14	6.1	1.55	6.0	10.5	서북서	291	10.3	1015.8	-	341	
2020-11-03 16:05:00	8.2	남	190	16.67	30.39	1.26	6.9	1.71	6.5	10.3	서북서	285	10.2	1015.9	-	358	
2020-11-03 16:10:00	9.8	남남동	147	16.66	30.41	1.23	6.8	1.62	6.0	10.8	서북서	292	10.1	1015.9	-	351	
2020-11-03 16:15:00	7.5	동남동	111	16.66	30.41	1.25	6.6	1.59	7.5	10.6	서북서	291	10.1	1016.0	-	349	
2020-11-03 16:20:00	7.3	남남동	151	16.66	30.41	1.49	7.0	2.08	6.5	9.7	서북서	285	10.1	1016.1	-	351	
2020-11-03 16:25:00	8.6	남동	142	16.67	30.41	1.31	6.5	1.85	7.0	8.2	서북서	294	10.0	1016.2	-	351	
2020-11-03 16:30:00	11.0	동남동	113	16.67	30.40	1.34	7.3	2.05	7.0	8.3	서북서	294	10.1	1016.3	-	353	
2020-11-03 16:35:00	8.5	남동	145	16.66	30.38	1.22	6.4	1.66	7.0	6.9	서북서	293	9.8	1016.4	-	337	
2020-11-03 16:40:00	6.5	남동	125	16.67	30.41	1.27	6.3	1.55	6.0	3.2	서	279	9.8	1016.6	-	356	
2020-11-03 16:45:00	9.3	남남동	155	16.68	30.38	1.29	7.5	1.71	7.0	3.4	서남서	253	9.9	1016.6	-	338	
2020-11-03 16:50:00	8.3	남동	146	16.66	30.41	1.49	6.6	1.98	7.5	2.8	서	274	9.9	1016.6	-	351	
2020-11-03 16:55:00	9.2	남동	144	16.69	30.40	1.30	7.0	1.96	6.5	4.1	서남서	247	9.7	1016.6	-	341	
2020-11-03 17:00:00	13.1	남남동	160	16.68	30.38	1.22	6.4	1.65	6.0	5.5	서	259	9.4	1016.5	-	340	
2020-11-03 17:05:00	5.3	남동	142	16.68	30.39	1.37	7.1	1.76	6.0	5.9	서	263	9.4	1016.6	-	341	
2020-11-03 17:10:00	2.4	동남동	118	16.67	30.37	1.19	6.8	1.66	6.5	5.0	서	273	9.1	1016.5	-	353	
2020-11-03 17:15:00	9.6	남동	146	16.67	30.39	1.45	8.0	2.05	7.0	6.0	서	279	9.0	1016.5	-	0	
2020-11-03 17:20:00	10.4	남남동	148	16.68	30.38	1.21	6.8	1.63	6.5	6.6	서	281	9.1	1016.4	-	343	
2020-11-03 17:25:00	10.2	남동	145	16.68	30.38	1.51	7.2	2.05	7.0	7.3	서	271	9.1	1016.3	-	352	
2020-11-03 17:30:00	8.9	동남동	119	16.68	30.38	1.31	7.4	2.07	6.5	7.6	서	268	9.2	1016.2	-	350	
2020-11-03 17:35:00	7.3	남남동	159	16.68	30.36	1.04	6.4	1.93	6.5	6.2	서	268	9.1	1016.3	-	348	
2020-11-03 17:40:00	6.5	남남동	155	16.68	30.36	1.29	7.3	1.93	7.0	6.4	서	266	9.0	1016.3	-	351	
2020-11-03 17:45:00	11.1	남동	140	16.68	30.41	1.21	7.0	1.75	7.0	6.3	서	266	9.0	1016.4	-	353	
2020-11-03 17:50:00	10.2	남동	142	16.68	30.37	1.07	6.8	1.50	7.0	7.4	서남서	256	9.0	1016.5	-	0	
2020-11-03 17:55:00	7.4	남동	145	16.69	30.37	1.10	6.2	1.50	6.5	5.9	서	270	8.8	1016.7	-	343	
2020-11-03 18:00:00	7.5	남동	142	16.69	30.35	1.04	6.4	1.49	6.5	7.5	서	262	8.9	1016.8	-	331	
2020-11-03 18:05:00	8.6	남남동	150	16.70	30.38	1.18	7.3	1.56	7.0	6.1	서	269	8.6	1016.9	-	351	
2020-11-03 18:10:00	8.9	남남동	153	16.69	30.36	1.12	6.4	1.98	7.0	5.2	서	259	8.6	1017.0	-	352	
2020-11-03 18:15:00	9.7	남동	144	16.70	30.35	1.15	6.1	1.51	6.5	5.5	서남서	237	8.4	1017.1	-	355	
2020-11-03 18:20:00	9.4	남동	139	16.69	30.35	1.03	6.7	1.30	6.0	4.9	서남서	240	8.3	1017.2	-	340	
2020-11-03 18:25:00	11.3	남남동	157	16.68	30.36	1.03	6.9	1.48	7.0	4.0	서남서	247	8.1	1017.3	-	356	
2020-11-03 18:30:00	10.9	남남동	162	16.70	30.38	0.91	6.4	1.36	6.5	4.7	남서	232	8.2	1017.3	-	354	
2020-11-03 18:35:00	10.3	남동	146	16.71	30.37	1.11	6.8	1.45	5.5	5.3	남서	232	8.0	1017.3	-	340	
2020-11-03 18:40:00	10.8	남동	143	16.70	30.34	1.23	7.1	1.92	7.0	5.2	남서	236	7.9	1017.3	-	353	
2020-11-03 18:45:00	10.0	남남동	149	16.70	30.38	1.07	6.6	1.34	5.5	6.0	서남서	239	8.0	1017.3	-	1	
2020-11-03 18:50:00	6.4	남동	144	16.71	30.33	1.22	6.9	1.49	6.5	6.1	서남서	237	8.0	1017.4	-	346	
2020-11-03 18:55:00	9.4	남동	144	16.71	30.35	1.27	6.7	1.52	7.0	6.1	서남서	239	8.0	1017.6	-	343	
2020-11-03 19:00:00	5.7	남남동	164	16.70	30.36	1.16	6.8	1.60	6.5	7.0	서남서	239	8.0	1017.5	-	347	
2020-11-03 19:05:00	6.1	남남동	164	16.70	30.36	1.13	6.8	1.50	6.5	7.8	서남서	247	7.9	1017.4	-	357	
2020-11-03 19:10:00	7.4	동남동	124	16.68	30.34	1.23	7.1	1.83	7.0	8.0	서남서	250	8.1	1017.3	-	354	
2020-11-03 19:15:00	8.5	남동	125	16.69	30.34	1.22	6.8	1.46	6.0	8.4	서남서	247	8.0	1017.2	-	353	
2020-11-03 19:20:00	3.0	남동	141	16.69	30.36	1.08	6.8	1.34	8.5	7.7	서남서	252	8.0	1017.3	-	352	
2020-11-03 19:25:00	3.6	남남동	152	16.70	30.35	1.19	7.2	1.62	7.0	7.5	서남서	252	7.9	1017.4	-	342	
2020-11-03 19:30:00	8.1	남남동	149	16.69	30.34	1.06	6.8	1.44	5.5	7.6	서남서	249	7.8	1017.4	-	345	
2020-11-03 19:35:00	7.0	남동	143	16.68	30.36	1.08	7.4	1.71	6.5	7.9	서남서	243	7.7	1017.4	-	346	
2020-11-03 19:40:00	9.0	남	176	16.69	30.35	1.19	6.9	1.45	7.0	7.1	서남서	237	7.6	1017.5	-	346	
2020-11-03 19:45:00	6.9	남동	143	16.70	30.35	1.28	7.1	1.81	6.5	6.3	남서	230	7.5	1017.7	-	348	
2020-11-03 19:50:00	7.9	남	174	16.70	30.35	0.97	6.3	1.51	6.5	6.3	남서	235	7.4	1017.7	-	341	
2020-11-03 19:55:00	7.9	남동	142	16.70	30.35	1.11	6.7	1.64	7.0	6.4	서남서	237	7.4	1017.7	-	355	
2020-11-03 20:00:00	7.5	남남동	153	16.70	30.34	1.09	6.9	1.67	7.0	5.7	서남서	245	7.6	1017.7	-	346	
2020-11-03 20:05:00	3.9	남동	135	16.70	30.33	1.03	6.3	1.52	6.5	6.2	서남서	245	7.5	1017.7	-	349	
2020-11-03 20:10:00	3.7	남남동	150	16.69	30.34	0.87	7.2	1.22	6.0	5.9	서남서	243	7.4	1017.8	-	352	
2020-11-03 20:15:00	5.3	남동	141	16.70	30.33	0.96	6.4	1.07	6.5	5.3	서남서	246	7.5	1017.9	-	342	
2020-11-03 20:20:00	6.7	남남동	165	16.69	30.33	1.14	6.8	1.48	6.5	5.5	서남서	244	7.3	1018.0	-	357	
2020-11-03 20:25:00	4.4	남동	131	16.69	30.34	0.96	6.5	1.74	7.0	4.6	서남서	247	7.2	1018.0	-	351	
2020-11-03 20:30:00	0.4	동북동	57	16.69	30.34	0.96	6.9	1.23	7.5	4.9	서남서	237	7.2	1018.1	-	354	
2020-11-03 20:35:00	4.7	남남동	154	16.69	30.35	1.17	7.0	1.56	6.5	4.4	남서	230	7.0	1018.1	-	357	
2020-11-03 20:40:00	1.1	남동	129	16.70	30.34	1.07	6.6	1.37	7.5	5.5	남서	227	7.0	1018.2	-	351	
2020-11-03 20:45:00	0.9	서남서	258	16.69	30.34	0.96	6.8	1.21	7.5	5.5	남서	228	6.8	1018.3	-	357	
2020-11-03 20:50:00	1.1	남남서	200	16.69	30.34	1.10	6.6	1.53	6.5	4.5	서남서	247	7.0	1018.4	-	346	
2020-11-03 20:55:00	0.6	남서	232	16.68	30.34	0.99	7.0	1.38	7.5	4.0	서남서	249	7.1	1018.4	-	348	
2020-11-03 21:00:00	1.3	남남동	167	16.69	30.34	1.05	7.2	1.42	7.0	6.3	서남서	246	7.1	1018.4	-	356	
2020-11-03 21:05:00	2.0	동	98	16.69	30.34	1.01	6.8	1.21	7.0	7.2	서남서	242	7.1	1018.4	-	356	
2020-11-03 21:10:00	3.0	북북동	13	16.69	30.34	1.08	6.8	1.41	6.5	7.5	서남서	241	7.0	1018.4	-	350	
2020-11-03 21:15:00	4.2	남	176	16.68	30.35	1.15	6.7	1.69	7.0	7.6	서남서	239	6.9	1018.5	-	355	
2020-11-03 21:20:00	2.8	남	175	16.68	30.33	1.22	6.4	1.71	6.5	7.6	남서	234	6.9	1018.6	-	355	
2020-11-03 21:25:00	2.6	남남동	162	16.67	30.33	1.06	6.5	1.41	7.5	7.2	남서	233	6.8	1018.7	-	341	
2020-11-03 21:30:00	1.3	남서	223	16.68	30.35	0.98	6.3	1.28	7.0	7.1	남서	236	6.8	1018.7	-	351	
2020-11-03 21:35:00	3.6	남	182	16.69	30.34	0.91	7.0	1.14	6.5	8.1	남서	235	6.8	1018.8	-	341	
2020-11-03 21:40:00	4.6	남남동	165	16.68	30.33	1.10	6.4	1.35	7.5	8.0	남서	236	6.7	1018.8	-	346	
2020-11-03 21:45:00	2.2	남	184	16.68	30.34	1.19	6.3	1.72	7.0	8.9	서남서	238	6.7	1018.8	-	340	
2020-11-03 21:50:00	1.2	서북서	297	16.68	30.35	0.94	6.5	1.68	7.0	8.6	서남서	238	6.7	1018.8	-	351	
2020-11-03 21:55:00	2.1	남남동	166	16.67	30.34	0.98	6.9	1.38	6.5	8.1	남서	232	6.7	1018.8	-	354	
2020-11-03 22:00:00	1.1	북북동	24	16.67	30.35	1.17	6.3	1.82	6.5	8.9	남서	236	6.7	1018.9	-	343	
2020-11-03 22:05:00	2.9	남남동	159	16.68	30.33	1.05	6.8	1.51	6.5	7.7	남서	233	6.5	1019.0	-	352	
2020-11-03 22:10:00	1.9	남서	220	16.67	30.36	1.00	5.7	1.38	6.5	7.9	남서	233	6.7	1019.0	-	347	
2020-11-03 22:15:00	1.3	서북서	301	16.67	30.35	0.96	6.6	1.44	6.5	7.8	서남서	237	6.6	1019.1	-	343	
2020-11-03 22:20:00	1.8	남	189	16.67	30.35	1.00	6.5	1.38	6.5	7.5	남서	230	6.7	1019.1	-	348	
2020-11-03 22:25:00	1.9	동남동	115	16.68	30.34	0.97	6.9	1.31	7.0	8.5	남서	228	6.4	1019.1	-	349	
2020-11-03 22:30:00	2.9	남서	233	16.68	30.35	1.10	6.4	1.28	6.0	8.3	남서	228	6.4	1019.1	-	350	
2020-11-03 22:35:00	2.6	남남동	151	16.68	30.33	1.12	6.8	1.55	6.5	8.1	남서	222	6.5	1019.1	-	1	
2020-11-03 22:40:00	2.2	동북동	59	16.65	30.34	1.01	7.3	1.30	6.5	7.5	남서	223	6.3	1019.2	-	349	
2020-11-03 22:45:00	3.1	북서	324	16.66	30.35	0.86	6.8	1.26	7.5	7.9	남서	223	6.3	1019.1	-	354	
2020-11-03 22:50:00	2.5	남서	216	16.67	30.34	1.06	6.9	1.37	7.0	8.1	남서	225	6.4	1019.2	-	353	
2020-11-03 22:55:00	0.6	서남서	257	16.66	30.35	0.95	6.9	1.29	7.0	8.2	남서	224	6.3	1019.2	-	5	
2020-11-03 23:00:00	5.6	동북동	60	16.65	30.34	0.85	6.2	1.29	6.0	7.4	남서	222	6.2	1019.2	-	351	
2020-11-03 23:05:00	3.0	북	3	16.65	30.32	0.99	6.9	1.36	7.0	7.1	남서	226	6.2	1019.2	-	12	
2020-11-03 23:10:00	1.0	남서	223	16.65	30.34	0.85	6.5	1.21	7.0	6.7	남서	228	6.2	1019.1	-	338	
2020-11-03 23:15:00	2.0	서북서	287	16.66	30.33	1.03	6.7	1.30	6.5	6.9	남서	228	6.2	1019.0	-	341	
2020-11-03 23:20:00	0.5	북서	320	16.65	30.33	0.96	7.5	1.22	6.5	6.6	남서	226	6.2	1019.0	-	345	
2020-11-03 23:25:00	3.2	서남서	257	16.65	30.33	1.08	6.4	1.51	6.5	6.1	남서	236	6.1	1019.0	-	343	
2020-11-03 23:30:00	2.7	북서	321	16.64	30.34	0.91	6.2	1.21	6.0	6.0	서남서	240	6.1	1019.1	-	345	
2020-11-03 23:35:00	3.4	북서	314	16.64	30.33	0.95	7.0	1.26	7.0	6.1	서남서	239	6.0	1019.1	-	2	
2020-11-03 23:40:00	1.6	서	262	16.65	30.32	0.84	6.0	1.10	5.5	6.0	서남서	241	6.0	1019.1	-	348	
2020-11-03 23:45:00	1.5	북	357	16.64	30.30	0.90	6.9	1.23	6.0	5.5	서남서	237	5.8	1019.2	-	353	
2020-11-03 23:50:00	1.8	서	266	16.63	30.33	0.90	6.6	1.16	6.0	6.5	남서	236	5.8	1019.2	-	15	
2020-11-03 23:55:00	1.8	북	11	16.62	30.32	0.84	6.6	1.38	6.5	5.9	서남서	241	5.9	1019.2	-	352	
2020-11-04 00:00:00	0.9	동남동	115	16.62	30.31	0.92	7.3	1.51	6.5	6.0	서남서	245	6.0	1019.2	-	348	
2020-11-04 00:05:00	-	-	-	-	-	-	-	-	-	-	-	-	-	-	-	-	
2020-11-04 00:10:00	2.2	북서	323	16.61	30.31	0.95	6.4	1.27	6.5	4.7	서남서	251	5.8	1019.3	-	353	
2020-11-04 00:15:00	4.8	북북서	339	16.62	30.32	0.83	6.6	1.05	6.5	4.2	서남서	246	5.7	1019.3	-	359	
2020-11-04 00:20:00	4.0	북북서	332	16.62	30.30	0.90	6.8	1.16	6.5	4.5	서남서	237	5.7	1019.4	-	356	
2020-11-04 00:25:00	2.2	북서	326	16.60	30.30	0.84	6.7	1.04	6.5	3.5	서남서	248	5.6	1019.5	-	348	
2020-11-04 00:30:00	2.1	북서	306	16.60	30.30	0.88	6.5	1.18	6.0	4.2	서남서	242	5.9	1019.5	-	359	
2020-11-04 00:35:00	2.7	북	9	16.60	30.31	1.00	6.9	1.19	6.5	4.7	남서	234	5.8	1019.5	-	350	
2020-11-04 00:40:00	2.9	서북서	284	16.61	30.30	0.90	6.5	1.49	7.0	4.7	남서	233	5.8	1019.5	-	339	
2020-11-04 00:45:00	3.6	서	279	16.61	30.30	0.93	6.6	1.11	6.0	4.3	남서	233	5.8	1019.5	-	354	
2020-11-04 00:50:00	0.9	북서	321	16.61	30.30	0.90	6.6	1.18	7.0	4.1	남서	233	5.6	1019.5	-	0	
2020-11-04 00:55:00	1.2	북	354	16.60	30.28	0.89	6.7	1.42	7.0	3.9	남서	230	5.7	1019.6	-	345	
2020-11-04 01:00:00	4.2	북북서	337	16.59	30.31	1.03	7.1	1.63	6.0	4.8	남서	230	5.5	1019.5	-	18	
2020-11-04 01:05:00	2.3	북서	317	16.59	30.30	0.92	6.6	1.44	6.5	5.1	남서	224	5.5	1019.5	-	359	
2020-11-04 01:10:00	5.6	서	266	16.65	30.38	1.02	7.1	1.47	7.0	5.3	남서	228	5.4	1019.5	-	0	
2020-11-04 01:15:00	1.8	서	280	16.72	30.32	1.02	6.8	1.27	7.0	6.6	남서	230	5.4	1019.4	-	0	
2020-11-04 01:20:00	5.5	서남서	255	16.72	30.30	0.87	7.1	1.09	7.0	5.1	남서	232	5.3	1019.5	-	0	
2020-11-04 01:25:00	3.5	남서	227	16.72	30.31	0.85	6.0	1.12	7.0	5.0	남서	227	5.3	1019.5	-	4	
2020-11-04 01:30:00	3.5	북서	315	16.70	30.31	0.96	7.4	1.32	6.0	4.7	남서	229	5.4	1019.6	-	7	
2020-11-04 01:35:00	2.6	서북서	286	16.72	30.32	0.98	6.3	1.39	6.5	4.3	남서	235	5.3	1019.7	-	338	
2020-11-04 01:40:00	5.3	서	267	16.72	30.30	0.88	6.4	1.24	6.0	4.2	남서	231	5.3	1019.8	-	11	
2020-11-04 01:45:00	5.4	서남서	249	16.72	30.27	1.04	6.9	1.43	6.5	3.7	남서	236	5.3	1019.9	-	343	
2020-11-04 01:50:00	3.3	남남서	203	16.71	30.31	1.00	6.5	1.23	6.5	4.1	남서	222	5.3	1019.9	-	332	
2020-11-04 01:55:00	2.2	서남서	246	16.72	30.29	0.94	6.8	1.12	7.0	5.3	남서	229	5.2	1019.9	-	347	
2020-11-04 02:00:00	5.3	남서	229	16.71	30.30	0.98	6.5	1.15	6.0	5.3	남서	235	5.2	1019.8	-	19	
2020-11-04 02:05:00	4.9	남서	224	16.70	30.28	1.17	6.7	1.51	6.0	5.4	서남서	238	5.0	1019.8	-	338	
2020-11-04 02:10:00	5.1	서북서	292	16.70	30.26	0.91	6.7	1.27	6.0	5.8	서남서	248	5.1	1019.8	-	349	
2020-11-04 02:15:00	6.4	서남서	255	16.71	30.30	0.93	6.5	1.40	6.5	5.3	서남서	240	5.0	1019.7	-	359	
2020-11-04 02:20:00	3.6	서	276	16.71	30.29	0.86	6.6	1.24	6.0	5.4	서남서	246	5.1	1019.9	-	351	
2020-11-04 02:25:00	2.0	서	264	16.70	30.28	0.89	6.5	1.17	6.5	5.8	서남서	237	5.1	1020.0	-	335	
2020-11-04 02:30:00	2.7	남남서	192	16.70	30.25	0.84	6.2	0.97	8.0	5.3	서남서	240	4.9	1020.1	-	347	
2020-11-04 02:35:00	2.3	남남서	208	16.70	30.27	0.84	6.7	1.25	7.0	5.2	남서	236	4.9	1020.2	-	347	
2020-11-04 02:40:00	3.3	남서	232	16.69	30.28	0.89	6.8	1.15	6.5	5.0	남서	232	4.8	1020.2	-	347	
2020-11-04 02:45:00	2.2	북서	311	16.70	30.29	0.91	6.2	1.40	6.5	5.2	남서	228	4.8	1020.2	-	346	
2020-11-04 02:50:00	2.9	북서	312	16.70	30.27	0.93	7.1	1.41	6.0	6.0	남서	233	5.0	1020.1	-	346	
2020-11-04 02:55:00	2.6	남남서	212	16.70	30.28	0.87	7.0	1.29	7.0	5.5	남서	235	5.1	1020.1	-	346	
2020-11-04 03:00:00	0.8	남	176	16.68	30.28	0.82	6.4	1.11	8.0	5.1	남서	235	5.0	1020.2	-	3	
2020-11-04 03:05:00	2.8	서	281	16.68	30.29	0.94	6.7	1.41	7.0	4.6	남서	233	4.8	1020.1	-	356	
2020-11-04 03:10:00	2.3	서	268	16.69	30.29	0.93	7.1	1.43	6.0	4.4	남서	234	4.8	1020.1	-	0	
2020-11-04 03:15:00	1.5	서	264	16.68	30.28	0.94	6.8	1.24	6.0	4.4	서남서	244	4.7	1020.1	-	3	
2020-11-04 03:20:00	2.1	서남서	257	16.68	30.27	1.22	7.3	1.57	7.0	4.5	남서	234	4.9	1020.1	-	347	
2020-11-04 03:25:00	1.7	서	266	16.66	30.27	1.00	7.2	1.54	7.0	4.9	남서	236	4.8	1020.1	-	331	
2020-11-04 03:30:00	2.8	서남서	251	16.67	30.30	1.00	6.9	1.29	7.0	4.7	서남서	246	4.5	1020.1	-	355	
2020-11-04 03:35:00	2.2	서	271	16.67	30.29	1.05	7.0	1.32	8.0	4.6	서남서	238	4.3	1020.2	-	349	
2020-11-04 03:40:00	2.9	서	259	16.68	30.28	0.99	6.8	1.21	6.0	4.4	서남서	240	4.4	1020.3	-	352	
2020-11-04 03:45:00	2.2	서북서	293	16.68	30.29	1.06	6.6	1.76	6.0	3.7	남서	229	4.3	1020.3	-	352	
2020-11-04 03:50:00	2.1	남남동	152	16.67	30.27	0.93	6.6	1.22	7.0	4.7	남서	230	4.4	1020.2	-	348	
2020-11-04 03:55:00	2.5	서남서	259	16.66	30.26	0.98	7.0	1.27	7.0	4.8	서남서	237	4.6	1020.3	-	4	
2020-11-04 04:00:00	2.5	서	267	16.66	30.27	0.84	6.4	1.05	7.0	4.9	남서	236	4.5	1020.2	-	355	
2020-11-04 04:05:00	0.8	동	80	16.65	30.28	0.83	6.8	1.21	7.0	4.4	남서	231	4.5	1020.1	-	348	
2020-11-04 04:10:00	3.9	서북서	295	16.66	30.28	0.99	7.2	1.48	7.0	4.9	서남서	237	4.5	1020.0	-	352	
2020-11-04 04:15:00	3.1	서남서	258	16.67	30.27	0.92	6.9	1.12	7.5	4.8	서남서	242	4.6	1020.0	-	343	
2020-11-04 04:20:00	3.0	서	265	16.66	30.27	1.08	6.9	1.43	6.5	4.6	서남서	245	4.7	1020.0	-	355	
2020-11-04 04:25:00	4.6	서	261	16.67	30.29	1.11	6.5	2.04	6.5	4.7	남서	228	4.6	1020.1	-	346	
2020-11-04 04:30:00	4.0	서북서	294	16.66	30.25	0.96	6.1	1.30	6.5	4.8	남서	233	4.5	1020.1	-	348	
2020-11-04 04:35:00	2.4	남서	234	16.70	30.28	1.11	6.9	1.60	7.0	4.6	남서	229	4.4	1020.1	-	4	
2020-11-04 04:40:00	7.3	서북서	288	16.71	30.28	1.20	7.2	1.51	7.5	3.9	남서	216	4.5	1020.1	-	358	
2020-11-04 04:45:00	6.6	서북서	290	16.71	30.27	0.91	6.7	1.53	6.5	2.7	남서	215	4.4	1020.2	-	349	
2020-11-04 04:50:00	3.9	서북서	287	16.71	30.27	0.96	6.4	1.52	6.5	2.0	남서	217	4.5	1020.2	-	345	
2020-11-04 04:55:00	4.3	서	260	16.70	30.26	1.07	6.8	1.50	7.0	2.1	남남서	212	4.6	1020.3	-	2	
2020-11-04 05:00:00	3.0	서북서	296	16.70	30.26	1.07	6.8	1.52	6.0	2.8	남서	234	4.5	1020.3	-	350	
2020-11-04 05:05:00	4.4	서남서	256	16.70	30.28	0.87	7.2	1.20	7.0	3.0	남서	229	4.5	1020.3	-	354	
2020-11-04 05:10:00	3.8	서북서	299	16.70	30.26	1.06	6.9	1.68	7.0	3.2	서남서	245	4.5	1020.4	-	350	
2020-11-04 05:15:00	6.2	서남서	258	16.69	30.26	0.94	6.8	1.16	6.5	3.7	서남서	249	4.4	1020.4	-	9	
2020-11-04 05:20:00	4.4	서	268	16.71	30.26	1.02	7.3	1.34	7.0	3.6	서남서	237	4.6	1020.4	-	339	
2020-11-04 05:25:00	2.5	서북서	298	16.70	30.26	0.96	6.4	1.37	6.5	4.0	남서	230	4.6	1020.3	-	12	
2020-11-04 05:30:00	3.0	북서	318	16.69	30.25	0.80	6.5	1.37	6.0	2.9	남서	225	4.7	1020.4	-	14	
2020-11-04 05:35:00	5.6	서	266	16.69	30.28	1.05	6.7	1.76	6.0	3.1	남남서	200	4.8	1020.5	-	31	
2020-11-04 05:40:00	6.3	서	272	16.70	30.26	0.92	6.5	1.64	6.5	4.1	남남서	207	4.5	1020.5	-	350	
2020-11-04 05:45:00	4.1	서북서	284	16.69	30.24	0.90	6.4	1.13	6.5	4.4	남서	219	4.6	1020.6	-	346	
2020-11-04 05:50:00	4.5	서	262	16.70	30.27	1.09	6.3	1.63	6.0	4.8	남서	223	4.6	1020.7	-	342	
2020-11-04 05:55:00	4.9	서북서	290	16.71	30.26	0.86	6.5	1.07	6.0	5.6	남서	233	4.6	1020.7	-	349	
2020-11-04 06:00:00	3.2	서	271	16.71	30.25	0.96	6.2	1.28	7.0	6.1	서남서	238	4.9	1020.6	-	348	
2020-11-04 06:05:00	2.8	남남서	200	16.71	30.25	0.97	6.9	1.34	7.0	6.2	서남서	246	4.9	1020.6	-	351	
2020-11-04 06:10:00	2.6	남서	233	16.70	30.25	0.98	6.4	1.27	6.5	7.4	남서	235	5.1	1020.7	-	351	
2020-11-04 06:15:00	3.6	서북서	294	16.70	30.24	0.98	6.5	1.64	6.0	6.8	남서	233	4.7	1020.8	-	347	
2020-11-04 06:20:00	4.3	서	265	16.70	30.26	0.99	7.4	1.43	7.0	6.0	남서	235	4.5	1021.0	-	1	
2020-11-04 06:25:00	2.2	서남서	236	16.70	30.26	0.97	6.4	1.27	6.5	6.1	남서	226	4.3	1021.1	-	353	
2020-11-04 06:30:00	2.3	서	277	16.71	30.24	0.94	6.2	1.30	6.5	5.9	남서	226	4.3	1021.1	-	5	
2020-11-04 06:35:00	3.8	서	263	16.68	30.25	1.21	6.8	1.79	7.0	5.8	남서	227	4.2	1021.1	-	347	
2020-11-04 06:40:00	1.6	서	265	16.68	30.24	1.06	6.9	1.42	6.5	5.9	남서	226	4.3	1021.2	-	355	
2020-11-04 06:45:00	4.3	서남서	251	16.69	30.24	0.91	7.1	1.10	7.0	5.7	남서	233	4.3	1021.2	-	349	
2020-11-04 06:50:00	3.7	서	278	16.69	30.26	1.00	6.4	1.36	6.5	5.9	서남서	237	4.1	1021.2	-	344	
2020-11-04 06:55:00	3.8	서남서	244	16.70	30.26	1.07	6.6	1.28	6.5	6.1	남서	230	4.4	1021.3	-	356	
2020-11-04 07:00:00	3.6	서	260	16.68	30.26	1.17	6.5	1.85	6.5	5.3	남서	224	4.3	1021.5	-	350	
2020-11-04 07:05:00	2.5	서	259	16.68	30.24	0.93	7.0	1.24	6.0	5.4	남서	225	4.4	1021.5	-	348	
2020-11-04 07:10:00	1.8	서북서	285	16.69	30.25	1.22	6.4	1.75	6.5	5.3	남서	221	4.4	1021.5	-	2	
2020-11-04 07:15:00	4.7	남서	231	16.68	30.26	1.07	6.5	1.36	6.5	5.4	남서	226	4.3	1021.6	-	351	
2020-11-04 07:20:00	6.2	서북서	288	16.68	30.26	1.17	6.8	1.48	7.0	5.2	남서	218	4.4	1021.7	-	356	
2020-11-04 07:25:00	4.9	서	280	16.69	30.25	0.96	6.1	1.40	6.5	5.1	남서	224	4.5	1021.8	-	358	
2020-11-04 07:30:00	4.3	서	279	16.70	30.26	0.98	7.1	1.28	7.5	4.8	남서	235	4.4	1021.9	-	337	
2020-11-04 07:35:00	2.0	서북서	293	16.70	30.26	1.01	6.6	1.52	6.0	4.8	남서	235	4.5	1021.9	-	348	
2020-11-04 07:40:00	1.4	서남서	258	16.70	30.26	1.05	6.7	1.34	6.5	5.1	서남서	237	4.6	1021.9	-	350	
2020-11-04 07:45:00	4.7	서	279	16.70	30.26	0.77	6.1	1.09	7.5	4.4	서남서	240	4.6	1021.9	-	358	
2020-11-04 07:50:00	2.4	서북서	291	16.71	30.25	1.05	6.5	1.20	6.0	5.0	남서	229	4.5	1022.0	-	353	
2020-11-04 07:55:00	6.6	서	261	16.71	30.26	0.89	6.5	1.19	6.5	4.3	남서	231	4.5	1022.2	-	348	
2020-11-04 08:00:00	1.7	서	277	16.70	30.25	0.91	6.5	1.13	7.0	4.0	남서	233	4.8	1022.3	-	359	
2020-11-04 08:05:00	5.6	서북서	291	16.70	30.26	0.85	6.1	1.19	5.5	3.9	서남서	237	4.8	1022.3	-	2	
2020-11-04 08:10:00	4.1	서남서	246	16.70	30.26	0.84	6.5	1.12	6.0	4.4	남서	232	5.0	1022.3	-	10	
2020-11-04 08:15:00	3.4	서남서	238	16.69	30.25	1.08	6.2	1.57	6.5	3.4	서남서	241	5.0	1022.3	-	344	
2020-11-04 08:20:00	3.2	서남서	259	16.68	30.25	0.93	6.3	1.28	6.0	3.1	남서	235	5.3	1022.4	-	350	
2020-11-04 08:25:00	4.8	서	274	16.69	30.26	0.87	6.6	1.10	7.0	3.5	남서	229	5.4	1022.4	-	4	
2020-11-04 08:30:00	4.7	서	263	16.71	30.26	1.03	6.2	1.21	5.5	3.7	남서	214	5.4	1022.4	-	346	
2020-11-04 08:35:00	4.6	서북서	300	16.70	30.26	1.08	6.5	1.38	7.0	3.5	남서	226	5.4	1022.5	-	7	
2020-11-04 08:40:00	5.6	서	267	16.70	30.27	0.86	6.1	1.04	6.0	4.2	남서	224	5.5	1022.5	-	348	
2020-11-04 08:45:00	4.6	서	281	16.70	30.27	1.00	6.4	1.27	6.5	4.4	남서	222	5.6	1022.4	-	356	
2020-11-04 08:50:00	6.6	서북서	297	16.71	30.26	1.00	6.1	1.34	5.5	4.5	남서	220	5.7	1022.5	-	0	
2020-11-04 08:55:00	3.6	서북서	284	16.71	30.25	0.96	6.7	1.34	6.5	4.6	남서	221	5.7	1022.6	-	7	
2020-11-04 09:00:00	4.6	남서	232	16.70	30.25	0.87	6.3	1.04	7.0	4.2	남서	227	5.8	1022.6	-	353	
2020-11-04 09:05:00	4.6	서남서	245	16.71	30.26	0.81	6.3	1.02	7.0	2.9	남서	225	6.1	1022.6	-	358	
2020-11-04 09:10:00	3.9	서	269	16.72	30.25	0.85	6.0	1.04	7.0	3.6	남서	229	6.5	1022.6	-	3	
2020-11-04 09:15:00	7.0	서남서	250	16.70	30.28	0.81	6.2	1.12	6.5	2.9	남서	216	6.5	1022.5	-	14	
2020-11-04 09:20:00	5.5	서북서	283	16.71	30.26	0.87	5.9	1.07	5.5	2.8	남남서	212	6.7	1022.5	-	8	
2020-11-04 09:25:00	5.5	서	275	16.72	30.27	0.85	6.7	1.36	5.5	3.1	남서	219	6.9	1022.5	-	14	
2020-11-04 09:30:00	6.7	서북서	287	16.72	30.27	0.87	6.6	1.38	6.5	2.9	서남서	238	6.9	1022.5	-	7	
2020-11-04 09:35:00	5.9	서북서	293	16.72	30.25	0.79	6.0	1.01	6.5	3.0	남서	228	7.2	1022.5	-	24	
2020-11-04 09:40:00	2.5	서	272	16.72	30.25	0.93	6.6	1.51	5.5	3.8	남서	226	7.4	1022.5	-	5	
2020-11-04 09:45:00	6.3	서북서	291	16.73	30.25	0.97	6.2	1.44	6.0	3.1	남남서	204	7.3	1022.5	-	0	
2020-11-04 09:50:00	7.9	서	278	16.74	30.26	0.82	6.1	1.22	6.5	3.3	남남서	211	7.4	1022.4	-	351	
2020-11-04 09:55:00	5.8	서	266	16.74	30.25	0.94	6.2	1.06	6.5	3.5	남남서	206	7.5	1022.4	-	355	
2020-11-04 10:00:00	6.6	서	262	16.75	30.24	0.83	6.0	1.04	6.5	4.3	남남서	209	7.6	1022.3	-	357	
2020-11-04 10:05:00	-	-	-	-	-	-	-	-	-	-	-	-	-	-	-	-	
2020-11-04 10:10:00	4.4	서	281	16.74	30.25	1.09	6.1	1.41	6.5	3.6	남남서	209	7.9	1022.4	-	0	
2020-11-04 10:15:00	1.7	북북서	337	16.74	30.24	0.93	6.5	1.18	6.5	3.6	남남서	207	7.9	1022.4	-	354	
2020-11-04 10:20:00	6.2	서남서	255	16.74	30.24	0.70	5.6	0.94	5.5	2.5	남남서	205	8.0	1022.4	-	11	
2020-11-04 10:25:00	5.2	서북서	282	16.75	30.25	0.80	6.3	1.00	7.5	2.4	남	180	8.2	1022.3	-	24	
2020-11-04 10:30:00	7.1	서	273	16.75	30.26	0.78	5.5	1.35	5.5	1.9	남동	146	8.3	1022.3	-	0	
2020-11-04 10:35:00	5.2	서	275	16.76	30.25	0.84	6.0	1.14	4.5	1.7	남동	125	8.4	1022.3	-	0	
2020-11-04 10:40:00	4.6	서	267	16.76	30.25	0.98	6.8	1.18	6.5	1.0	남남동	150	8.5	1022.3	-	352	
2020-11-04 10:45:00	5.5	서	265	16.76	30.24	0.89	6.1	1.20	6.0	1.1	남	181	9.0	1022.3	-	0	
2020-11-04 10:50:00	3.9	서남서	242	16.76	30.25	0.82	6.2	1.03	6.0	2.4	남동	141	8.8	1022.3	-	336	
2020-11-04 10:55:00	4.1	서	269	16.77	30.25	0.79	5.9	1.20	6.0	1.3	남남동	167	8.8	1022.3	-	357	
2020-11-04 11:00:00	2.5	서	264	16.77	30.25	0.83	6.2	1.05	5.5	1.3	남동	146	8.9	1022.3	-	350	
2020-11-04 11:05:00	5.6	서남서	242	16.77	30.25	1.03	5.9	1.46	6.0	1.2	남동	139	9.0	1022.3	-	348	
2020-11-04 11:10:00	3.1	서남서	245	16.77	30.25	0.74	5.3	0.91	6.0	2.0	남	181	9.0	1022.3	-	20	
2020-11-04 11:15:00	3.2	서남서	238	16.78	30.25	0.87	6.1	1.20	6.5	2.2	남동	144	9.2	1022.2	-	359	
2020-11-04 11:20:00	3.9	서남서	238	16.78	30.25	0.84	6.1	1.11	5.0	1.5	남동	127	9.2	1022.2	-	353	
2020-11-04 11:25:00	4.3	서남서	257	16.79	30.26	0.94	6.2	1.23	6.5	1.3	동남동	110	9.3	1022.1	-	358	
2020-11-04 11:30:00	4.9	서남서	241	16.79	30.25	0.80	5.7	1.27	5.5	1.5	동	99	9.3	1022.0	-	344	
2020-11-04 11:35:00	3.3	남서	226	16.79	30.26	1.08	6.7	1.46	7.0	2.3	동남동	104	9.3	1021.9	-	357	
2020-11-04 11:40:00	6.4	남서	226	16.80	30.25	0.87	5.6	1.44	5.0	2.3	동남동	107	9.3	1021.8	-	352	
2020-11-04 11:45:00	5.1	남서	225	16.80	30.25	0.86	5.5	1.10	5.5	1.5	동남동	111	9.5	1021.8	-	3	
2020-11-04 11:50:00	3.7	서남서	243	16.80	30.27	0.95	6.1	1.40	6.0	1.1	동북동	69	9.7	1021.8	-	5	
2020-11-04 11:55:00	6.8	남서	219	16.81	30.27	0.99	6.2	1.27	6.0	2.0	동	90	9.7	1021.7	-	38	
2020-11-04 12:00:00	3.8	남서	221	16.81	30.27	0.77	5.9	1.21	6.5	1.0	동	90	9.6	1021.7	-	14	
2020-11-04 12:05:00	3.2	남서	235	16.82	30.27	1.03	6.0	1.36	5.5	1.1	동	98	10.2	1021.7	-	355	
2020-11-04 12:10:00	2.5	남서	221	16.82	30.28	0.81	5.6	1.24	5.0	0.7	동	88	10.0	1021.6	-	338	
2020-11-04 12:15:00	4.2	남서	222	16.82	30.26	1.02	6.2	1.29	6.0	2.1	동	99	10.2	1021.6	-	4	
2020-11-04 12:20:00	6.2	남남서	197	16.82	30.27	0.77	5.7	1.07	4.5	3.1	동	87	9.7	1021.5	-	2	
2020-11-04 12:25:00	4.9	남서	216	16.82	30.26	1.00	6.1	1.68	6.0	2.9	동	99	9.7	1021.4	-	357	
2020-11-04 12:30:00	2.9	서	264	16.83	30.26	0.87	6.1	1.27	6.0	2.6	동	96	9.7	1021.3	-	5	
2020-11-04 12:35:00	1.5	남서	226	16.83	30.26	0.89	6.4	1.14	6.5	2.8	동	87	9.9	1021.3	-	4	
2020-11-04 12:40:00	2.0	서북서	281	16.83	30.27	0.89	5.9	1.29	6.0	2.8	동	80	9.9	1021.3	-	3	
2020-11-04 12:45:00	5.2	서	278	16.83	30.29	0.92	5.5	1.42	5.5	3.0	동북동	70	9.9	1021.2	-	351	
2020-11-04 12:50:00	5.0	남서	218	16.84	30.27	0.99	6.1	1.25	5.0	3.1	동북동	61	9.9	1021.1	-	354	
2020-11-04 12:55:00	3.2	서	262	16.84	30.28	0.86	6.3	1.12	6.0	3.0	북동	54	10.0	1021.1	-	351	
2020-11-04 13:00:00	2.6	남남서	208	16.84	30.27	0.93	6.4	1.16	6.0	2.5	동북동	68	10.0	1021.1	-	5	
2020-11-04 13:05:00	6.8	남남서	205	16.84	30.29	0.80	5.8	1.30	6.5	2.2	동북동	72	10.2	1021.1	-	12	
2020-11-04 13:10:00	1.9	남서	235	16.85	30.27	0.98	6.3	1.25	6.5	1.5	동북동	77	10.4	1021.1	-	355	
2020-11-04 13:15:00	4.3	남남서	207	16.85	30.28	0.78	5.4	1.09	4.5	2.1	동북동	72	10.3	1021.0	-	249	
2020-11-04 13:20:00	0.8	남	188	16.86	30.28	0.93	5.9	1.36	5.5	2.7	동북동	59	10.3	1020.9	-	347	
2020-11-04 13:25:00	2.9	남서	231	16.86	30.28	1.00	5.8	1.26	5.5	3.1	북동	51	10.3	1020.9	-	32	
2020-11-04 13:30:00	3.7	남남서	204	16.85	30.29	0.90	5.9	1.17	6.0	3.6	북동	35	10.4	1020.9	-	0	
2020-11-04 13:35:00	2.8	남남서	193	16.86	30.28	1.01	6.0	1.55	5.5	3.9	북북동	31	10.5	1020.8	-	352	
2020-11-04 13:40:00	2.2	남서	214	16.87	30.28	0.94	5.9	1.33	5.0	3.3	북동	34	10.6	1020.8	-	338	
2020-11-04 13:45:00	6.0	남남서	204	16.88	30.28	0.91	5.9	1.27	5.5	3.5	북동	46	10.6	1020.7	-	14	
2020-11-04 13:50:00	3.9	남남서	209	16.88	30.29	0.93	6.1	1.17	7.0	3.2	동북동	73	10.6	1020.6	-	346	
2020-11-04 13:55:00	4.1	남서	220	16.88	30.28	1.05	6.1	1.60	6.0	3.3	동북동	57	10.6	1020.6	-	351	
2020-11-04 14:00:00	7.3	남남서	207	16.88	30.29	0.91	5.9	1.32	6.0	2.8	북동	55	10.7	1020.5	-	7	
2020-11-04 14:05:00	5.7	남서	220	16.88	30.28	0.97	6.3	1.24	6.0	2.9	북동	56	10.7	1020.5	-	1	
2020-11-04 14:10:00	4.1	남남서	192	16.88	30.27	0.84	5.8	1.32	4.5	2.9	북동	42	10.7	1020.5	-	28	
2020-11-04 14:15:00	4.9	남남서	202	16.88	30.28	0.97	6.3	1.16	5.5	2.4	북동	54	10.8	1020.5	-	4	
2020-11-04 14:20:00	3.4	남서	221	16.88	30.27	0.97	6.2	1.17	5.5	2.0	동북동	71	10.9	1020.6	-	353	
2020-11-04 14:25:00	7.0	남남서	203	16.88	30.28	0.86	6.2	1.26	6.0	2.4	동	95	11.0	1020.6	-	12	
2020-11-04 14:30:00	3.5	남서	225	16.88	30.27	1.06	5.9	1.21	5.0	2.4	동북동	71	11.1	1020.6	-	7	
2020-11-04 14:35:00	7.7	남남서	210	16.88	30.27	0.98	5.8	1.58	6.0	2.6	동	85	11.2	1020.7	-	8	
2020-11-04 14:40:00	7.1	남남서	203	16.88	30.27	1.12	6.0	1.40	6.0	2.0	동남동	103	11.2	1020.6	-	0	
2020-11-04 14:45:00	3.3	남서	223	16.88	30.27	0.90	6.0	1.33	6.5	2.3	동북동	72	11.1	1020.7	-	5	
2020-11-04 14:50:00	6.7	남남서	210	16.88	30.27	0.86	6.5	1.06	5.5	1.5	동남동	106	11.1	1020.7	-	6	
2020-11-04 14:55:00	6.5	남남서	205	16.89	30.27	0.91	6.3	1.45	6.0	1.9	동남동	111	11.2	1020.7	-	346	
2020-11-04 15:00:00	6.2	남	186	16.90	30.27	0.98	6.3	1.39	5.0	1.4	남남동	147	11.2	1020.8	-	356	
2020-11-04 15:05:00	8.1	남	188	16.90	30.26	0.97	6.0	1.35	5.0	1.0	남동	136	11.5	1020.8	-	6	
2020-11-04 15:10:00	4.2	남남서	203	16.90	30.26	0.94	6.1	1.19	6.0	1.8	동남동	117	11.3	1020.8	-	4	
2020-11-04 15:15:00	8.9	남남서	195	16.90	30.26	0.99	6.1	1.44	6.0	2.4	동남동	123	11.3	1020.7	-	6	
2020-11-04 15:20:00	6.3	남남서	197	16.90	30.23	0.89	5.9	1.71	6.0	1.8	남동	130	11.3	1020.7	-	356	
2020-11-04 15:25:00	8.4	남남서	205	16.90	30.23	0.99	5.8	1.49	6.5	2.4	남동	131	11.4	1020.7	-	19	
2020-11-04 15:30:00	7.7	남남서	201	16.89	30.23	0.96	6.1	1.39	7.0	2.1	남남동	152	11.4	1020.7	-	341	
2020-11-04 15:35:00	7.3	남	182	16.90	30.22	1.11	6.1	1.51	6.0	1.6	남남동	153	11.5	1020.8	-	359	
2020-11-04 15:40:00	9.3	남남서	196	16.90	30.23	0.98	5.8	1.22	5.5	2.5	남남동	153	11.6	1020.8	-	1	
2020-11-04 15:45:00	9.2	남	187	16.89	30.23	0.95	5.7	1.25	5.5	2.5	남동	146	11.6	1020.8	-	351	
2020-11-04 15:50:00	9.0	남남서	198	16.89	30.23	0.96	5.8	1.32	6.5	2.7	남남동	152	11.6	1020.8	-	349	
2020-11-04 15:55:00	5.6	남남서	203	16.90	30.23	1.08	6.2	1.39	5.5	2.5	남동	143	11.6	1020.8	-	358	
2020-11-04 16:00:00	7.2	남서	215	16.91	30.23	0.88	6.1	1.26	6.0	2.1	동남동	121	11.5	1020.8	-	335	
2020-11-04 16:05:00	10.6	남	188	16.91	30.22	0.89	6.2	1.19	6.5	3.1	동남동	117	11.6	1020.9	-	356	
2020-11-04 16:10:00	10.8	남남서	200	16.92	30.22	0.90	6.4	1.29	6.0	3.3	동남동	120	11.5	1020.9	-	330	
2020-11-04 16:15:00	8.9	남남서	195	16.92	30.22	0.86	6.3	1.16	6.5	3.2	동남동	119	11.5	1020.8	-	8	
2020-11-04 16:20:00	11.9	남남서	197	16.93	30.19	0.98	6.6	1.36	5.5	3.0	남동	132	11.4	1020.7	-	25	
2020-11-04 16:25:00	8.9	남남서	192	16.93	30.19	0.91	6.3	1.10	6.5	3.1	동남동	121	11.6	1020.7	-	356	
2020-11-04 16:30:00	12.1	남	187	16.92	30.20	0.89	6.3	1.19	5.5	3.5	동남동	123	11.6	1020.8	-	8	
2020-11-04 16:35:00	9.8	남남서	197	16.92	30.20	0.83	6.8	1.09	7.5	3.5	동남동	114	11.7	1020.8	-	23	
2020-11-04 16:40:00	11.6	남남서	196	16.91	30.19	0.96	6.6	1.28	6.5	3.4	남동	139	11.6	1020.8	-	358	
2020-11-04 16:45:00	12.0	남남서	193	16.91	30.19	0.92	6.4	1.09	7.0	4.5	남동	126	11.6	1020.8	-	355	
2020-11-04 16:50:00	12.2	남남서	200	16.91	30.19	0.95	6.6	1.52	6.5	4.6	남동	128	11.6	1020.8	-	351	
2020-11-04 16:55:00	8.9	남남서	204	16.90	30.19	0.84	6.1	1.40	6.5	4.3	남동	125	11.7	1020.9	-	4	
2020-11-04 17:00:00	10.4	남	191	16.89	30.18	0.94	6.4	1.16	6.0	3.8	남동	138	11.7	1020.9	-	2	
2020-11-04 17:05:00	9.4	남남서	196	16.88	30.23	0.83	6.3	1.03	6.0	3.3	남동	139	11.6	1020.9	-	8	
2020-11-04 17:10:00	10.2	남남서	192	16.89	30.19	1.01	6.6	1.28	6.0	2.7	남동	129	11.7	1021.0	-	16	
2020-11-04 17:15:00	10.2	남	188	16.89	30.18	0.89	6.4	1.46	5.0	0.9	동	94	11.6	1021.0	-	3	
2020-11-04 17:20:00	11.6	남	189	16.89	30.17	0.98	6.2	1.29	6.0	1.1	남남동	161	11.6	1021.1	-	358	
2020-11-04 17:25:00	10.7	남	182	16.89	30.17	0.85	6.2	1.28	6.5	2.2	남남동	158	11.8	1021.1	-	354	
2020-11-04 17:30:00	11.3	남	189	16.89	30.15	0.87	6.5	1.05	5.5	1.7	남남서	195	11.9	1021.2	-	354	
2020-11-04 17:35:00	9.8	남남서	194	16.88	30.10	0.98	6.7	1.82	6.0	3.5	서남서	240	11.9	1021.1	-	31	
2020-11-04 17:40:00	8.1	남	182	16.87	30.09	0.97	6.6	1.20	7.0	3.6	서남서	242	11.7	1021.2	-	7	
2020-11-04 17:45:00	8.5	남	188	16.86	30.10	0.76	6.1	0.95	6.5	3.9	서남서	252	11.7	1021.2	-	5	
2020-11-04 17:50:00	11.2	남	176	16.84	30.12	0.77	6.5	1.41	6.0	4.3	서남서	241	11.6	1021.2	-	343	
2020-11-04 17:55:00	10.9	남	176	16.86	30.09	0.69	6.8	0.96	5.5	4.7	서남서	238	11.3	1021.3	-	21	
2020-11-04 18:00:00	10.3	남	174	16.85	30.15	0.79	7.0	1.15	6.5	4.1	서남서	237	11.2	1021.4	-	15	
2020-11-04 18:05:00	9.0	남	182	16.85	30.19	0.90	6.2	1.20	6.5	4.5	남서	225	11.0	1021.4	-	345	
2020-11-04 18:10:00	9.1	남남동	165	16.86	30.19	0.89	6.5	1.24	6.5	4.6	남서	231	10.6	1021.5	-	24	
2020-11-04 18:15:00	9.5	남남서	194	16.87	30.20	0.70	6.3	0.84	6.5	3.5	남서	228	10.2	1021.5	-	19	
2020-11-04 18:20:00	8.6	남	169	16.86	30.19	0.76	6.0	1.05	6.0	3.7	남서	233	10.1	1021.7	-	9	
2020-11-04 18:25:00	7.9	남	180	16.87	30.19	0.87	6.2	1.35	5.5	3.6	서남서	243	10.2	1021.8	-	347	
2020-11-04 18:30:00	8.3	남	187	16.87	30.20	0.84	6.3	1.22	6.5	4.2	서남서	245	10.2	1021.8	-	16	
2020-11-04 18:35:00	6.9	남	175	16.87	30.19	0.66	5.9	0.84	6.5	4.7	서남서	247	10.2	1021.8	-	1	
2020-11-04 18:40:00	7.8	남	188	16.87	30.20	0.83	6.2	1.06	4.5	4.4	서남서	239	10.3	1021.8	-	14	
2020-11-04 18:45:00	10.2	남	176	16.88	30.19	0.68	6.4	0.89	6.5	5.4	서남서	246	10.4	1021.9	-	6	
2020-11-04 18:50:00	9.7	남	179	16.88	30.17	0.79	6.4	1.04	7.0	5.2	남서	236	10.0	1022.0	-	3	
2020-11-04 18:55:00	9.3	남	174	16.88	30.18	0.73	6.0	1.25	6.5	4.4	남서	232	10.0	1022.1	-	12	
2020-11-04 19:00:00	11.1	남	186	16.88	30.17	0.69	6.0	0.93	4.5	4.6	남서	227	9.8	1022.2	-	354	
2020-11-04 19:05:00	8.4	남	183	16.88	30.17	0.72	6.8	0.91	6.0	4.2	남서	230	9.8	1022.2	-	351	
2020-11-04 19:10:00	9.9	남	181	16.87	30.17	0.79	6.5	1.34	6.5	4.0	남서	225	9.8	1022.2	-	22	
2020-11-04 19:15:00	9.5	남	181	16.87	30.18	0.71	6.4	1.13	6.0	4.8	서남서	239	9.9	1022.3	-	351	
2020-11-04 19:20:00	8.5	남	191	16.87	30.17	0.67	6.6	0.87	7.0	5.5	서남서	238	10.0	1022.4	-	26	
2020-11-04 19:25:00	9.2	남남동	168	16.86	30.14	0.85	6.5	1.21	6.5	5.1	남서	234	10.0	1022.4	-	0	
2020-11-04 19:30:00	8.8	남	182	16.85	30.17	0.74	6.6	1.16	6.5	5.1	남서	230	9.9	1022.4	-	0	
2020-11-04 19:35:00	7.6	남	171	16.85	30.17	0.83	6.6	1.29	7.0	5.7	남서	235	9.8	1022.4	-	355	
2020-11-04 19:40:00	7.4	남	187	16.84	30.17	0.82	6.1	1.12	6.5	4.9	남서	232	9.8	1022.5	-	357	
2020-11-04 19:45:00	7.3	남	189	16.83	30.19	0.62	5.9	0.82	5.5	5.3	남서	235	9.7	1022.5	-	17	
2020-11-04 19:50:00	9.4	남	178	16.82	30.19	0.80	6.3	1.16	6.0	5.5	남서	226	9.7	1022.6	-	20	
2020-11-04 19:55:00	6.4	남남동	156	16.82	30.16	0.70	5.9	1.05	6.0	5.4	남서	229	9.6	1022.5	-	18	
2020-11-04 20:00:00	7.3	남	171	16.82	30.18	0.62	6.4	0.81	6.0	5.5	남서	234	9.6	1022.5	-	348	
2020-11-04 20:05:00	7.9	남	178	16.81	30.20	0.70	6.4	0.95	6.5	5.5	남서	233	9.6	1022.4	-	7	
2020-11-04 20:10:00	8.6	남남동	165	16.82	30.17	0.81	6.5	1.06	6.5	5.2	남서	234	9.5	1022.4	-	352	
2020-11-04 20:15:00	12.6	남	170	16.82	30.18	0.58	6.2	0.76	6.0	5.0	남서	235	9.5	1022.4	-	17	
2020-11-04 20:20:00	8.8	남남동	164	16.82	30.19	0.67	6.2	0.88	6.5	4.9	남서	231	9.4	1022.4	-	345	
2020-11-04 20:25:00	8.8	남	169	16.82	30.17	0.64	6.5	0.90	6.5	4.9	남서	227	9.5	1022.4	-	11	
2020-11-04 20:30:00	10.5	남	174	16.82	30.18	0.58	5.8	0.85	5.5	4.8	남서	228	9.6	1022.4	-	332	
2020-11-04 20:35:00	8.9	남남동	165	16.82	30.17	0.59	6.4	0.71	6.5	5.2	남서	232	9.5	1022.4	-	355	
2020-11-04 20:40:00	9.6	남남동	161	16.81	30.19	0.73	6.5	1.05	6.0	4.9	남서	234	9.5	1022.3	-	13	
2020-11-04 20:45:00	10.5	남	172	16.80	30.19	0.72	7.0	1.05	6.0	5.0	남서	235	9.5	1022.2	-	17	
2020-11-04 20:50:00	9.9	남남동	164	16.80	30.20	0.71	6.6	1.28	6.0	4.9	남서	232	9.4	1022.3	-	349	
2020-11-04 20:55:00	9.3	남남동	168	16.80	30.20	0.66	6.3	1.04	6.5	5.1	남서	235	9.4	1022.3	-	350	
2020-11-04 21:00:00	9.7	남남동	161	16.80	30.19	0.71	6.3	1.07	6.5	4.5	남서	229	9.2	1022.3	-	22	
2020-11-04 21:05:00	11.8	남	171	16.80	30.19	0.62	6.0	1.00	7.0	4.4	남서	226	9.2	1022.3	-	351	
2020-11-04 21:10:00	9.6	남남동	164	16.79	30.19	0.54	5.9	0.97	6.5	4.8	남서	231	9.2	1022.3	-	352	
2020-11-04 21:15:00	9.5	남남동	161	16.79	30.19	0.74	6.0	1.09	6.5	4.9	서남서	237	9.2	1022.3	-	8	
2020-11-04 21:20:00	13.2	남남동	164	16.79	30.19	0.67	6.6	0.93	6.5	5.9	서남서	238	9.3	1022.2	-	354	
2020-11-04 21:25:00	10.0	남남동	165	16.79	30.17	0.64	5.9	0.89	5.5	5.4	남서	236	9.5	1022.3	-	334	
2020-11-04 21:30:00	13.3	남	176	16.78	30.19	0.72	6.2	1.01	6.5	5.6	남서	233	9.5	1022.4	-	0	
2020-11-04 21:35:00	11.1	남	173	16.78	30.20	0.73	6.8	0.97	6.5	5.8	서남서	239	9.5	1022.3	-	0	
2020-11-04 21:40:00	12.7	남	171	16.78	30.19	0.78	6.7	1.09	7.0	5.9	서남서	240	9.4	1022.3	-	345	
2020-11-04 21:45:00	14.6	남남동	163	16.78	30.19	0.61	6.6	0.82	6.0	5.8	서남서	240	9.5	1022.3	-	16	
2020-11-04 21:50:00	14.3	남	176	16.77	30.20	0.66	6.5	0.84	6.5	5.8	서남서	242	9.6	1022.5	-	13	
2020-11-04 21:55:00	13.7	남남동	165	16.78	30.19	0.66	6.3	0.87	7.0	5.4	서남서	239	9.6	1022.6	-	26	
2020-11-04 22:00:00	14.2	남	171	16.77	30.19	0.80	6.5	1.26	6.0	5.7	남서	235	9.5	1022.6	-	0	
2020-11-04 22:05:00	12.6	남	178	16.78	30.19	0.67	6.6	0.90	6.5	5.0	서남서	237	9.6	1022.6	-	13	
2020-11-04 22:10:00	13.3	남	174	16.78	30.19	0.81	6.3	1.30	6.0	5.5	서남서	245	9.8	1022.6	-	14	
2020-11-04 22:15:00	13.1	남	174	16.78	30.20	0.90	7.1	1.34	7.0	5.6	서남서	240	9.8	1022.7	-	358	
2020-11-04 22:20:00	12.8	남	171	16.78	30.19	0.63	6.3	0.88	6.5	6.2	서남서	238	10.0	1022.6	-	349	
2020-11-04 22:25:00	9.7	남	172	16.78	30.19	0.80	6.9	1.03	6.5	7.0	서남서	240	10.0	1022.6	-	352	
2020-11-04 22:30:00	10.7	남남동	164	16.77	30.18	0.65	6.5	0.96	6.5	6.7	서남서	243	10.0	1022.7	-	3	
2020-11-04 22:35:00	10.5	남	183	16.76	30.18	0.72	6.7	1.09	6.5	6.1	서남서	243	10.0	1022.8	-	357	
2020-11-04 22:40:00	11.4	남	173	16.76	30.20	0.67	6.3	0.81	5.5	6.5	서남서	242	10.0	1022.8	-	333	
2020-11-04 22:45:00	11.6	남	185	16.77	30.19	0.71	6.4	0.96	5.5	5.7	서남서	237	9.8	1023.0	-	346	
2020-11-04 22:50:00	9.7	남남동	168	16.76	30.18	0.73	6.8	1.12	7.0	5.3	서남서	242	9.8	1023.2	-	10	
2020-11-04 22:55:00	12.8	남	173	16.76	30.18	0.62	6.4	0.91	6.0	5.4	서남서	242	9.8	1023.2	-	353	
2020-11-04 23:00:00	11.1	남	171	16.76	30.18	0.70	6.4	0.99	6.5	6.3	서남서	243	9.9	1023.2	-	345	
2020-11-04 23:05:00	9.2	남	177	16.76	30.18	0.65	6.4	0.89	8.0	6.9	서남서	244	9.8	1023.1	-	339	
2020-11-04 23:10:00	11.8	남	179	16.75	30.19	0.78	6.1	1.14	5.0	6.0	서남서	243	10.0	1023.3	-	353	
2020-11-04 23:15:00	6.3	남남동	164	16.75	30.18	0.76	6.0	0.98	6.5	5.2	서남서	237	9.9	1023.4	-	2	
2020-11-04 23:20:00	10.4	남	186	16.76	30.18	0.82	6.4	1.19	7.0	5.2	남서	225	9.8	1023.4	-	357	
2020-11-04 23:25:00	9.8	남	177	16.76	30.17	0.72	6.5	1.03	6.0	5.6	남서	234	9.6	1023.4	-	346	
2020-11-04 23:30:00	13.3	남	175	16.75	30.18	0.68	6.0	1.25	6.0	6.7	서남서	239	9.7	1023.4	-	331	
2020-11-04 23:35:00	10.4	남	183	16.76	30.18	0.77	6.2	1.25	6.5	7.0	서남서	237	9.9	1023.4	-	333	
2020-11-04 23:40:00	12.6	남	189	16.76	30.18	0.77	6.3	1.19	6.0	6.8	남서	233	9.9	1023.4	-	2	
2020-11-04 23:45:00	9.3	남	170	16.76	30.18	0.70	6.6	1.00	7.0	7.5	남서	235	9.9	1023.5	-	1	
2020-11-04 23:50:00	8.4	남	185	16.75	30.19	0.69	6.0	0.99	7.0	7.5	서남서	239	9.9	1023.4	-	5	
2020-11-04 23:55:00	8.6	남	180	16.74	30.19	0.81	6.5	1.05	6.0	7.2	서남서	240	9.8	1023.4	-	14	
2020-11-05 00:00:00	11.7	남남서	192	16.75	30.19	0.82	6.4	1.04	6.5	6.7	남서	235	9.7	1023.5	-	337	
2020-11-05 00:05:00	9.7	남남서	193	16.75	30.18	0.74	6.3	0.96	6.0	6.4	남서	234	9.6	1023.5	-	3	
2020-11-05 00:10:00	9.1	남	185	16.75	30.18	0.71	6.4	0.86	6.0	7.0	남서	232	9.7	1023.5	-	0	
2020-11-05 00:15:00	9.1	남	188	16.74	30.19	0.74	6.3	0.88	7.0	6.6	남서	231	9.6	1023.4	-	25	
2020-11-05 00:20:00	7.3	남	186	16.74	30.18	0.72	6.4	0.98	6.5	6.3	남서	232	9.7	1023.5	-	354	
2020-11-05 00:25:00	6.3	남	183	16.74	30.17	0.75	6.0	1.00	6.0	6.1	남서	234	9.6	1023.4	-	357	
2020-11-05 00:30:00	5.7	남남서	192	16.74	30.18	0.82	6.5	1.22	6.5	5.8	남서	231	9.6	1023.5	-	356	
2020-11-05 00:35:00	8.8	남남서	197	16.73	30.18	0.69	6.1	0.91	7.5	5.5	남서	231	9.6	1023.6	-	345	
2020-11-05 00:40:00	4.6	남	186	16.73	30.19	0.69	6.3	1.21	6.0	6.2	남서	236	9.6	1023.7	-	7	
2020-11-05 00:45:00	5.9	남	182	16.73	30.18	0.76	6.5	1.16	6.0	7.3	서남서	238	9.8	1023.6	-	337	
2020-11-05 00:50:00	5.3	남남서	199	16.72	30.20	0.76	6.4	1.09	6.0	7.5	서남서	239	9.9	1023.6	-	351	
2020-11-05 00:55:00	6.8	남남서	192	16.72	30.20	0.66	6.2	0.87	6.0	6.9	서남서	242	9.9	1023.8	-	2	
2020-11-05 01:00:00	8.0	남남서	203	16.71	30.19	0.76	6.0	1.01	6.0	5.8	서남서	238	9.8	1024.1	-	346	
2020-11-05 01:05:00	5.0	남	188	16.72	30.20	0.77	6.2	1.16	6.0	6.2	서남서	242	9.7	1024.1	-	354	
2020-11-05 01:10:00	4.9	남남동	164	16.70	30.18	0.63	6.6	0.77	5.5	7.7	서남서	243	9.5	1023.9	-	340	
2020-11-05 01:15:00	3.3	남	187	16.70	30.19	0.70	6.0	1.04	6.5	8.3	서남서	250	9.5	1023.8	-	356	
2020-11-05 01:20:00	3.4	남남서	212	16.69	30.19	0.65	6.2	0.88	6.0	7.1	서남서	246	9.4	1023.7	-	352	
2020-11-05 01:25:00	4.0	남남서	201	16.70	30.18	0.91	6.4	1.56	6.5	6.1	서남서	241	9.5	1023.9	-	346	
2020-11-05 01:30:00	6.1	남남서	206	16.70	30.19	0.65	6.5	0.85	6.0	5.6	남서	235	9.4	1024.0	-	342	
2020-11-05 01:35:00	4.5	남남서	212	16.70	30.19	0.81	6.3	1.04	6.5	6.1	서남서	239	9.4	1023.9	-	352	
2020-11-05 01:40:00	5.1	남서	217	16.69	30.16	0.66	6.5	0.92	6.5	7.2	서남서	250	9.3	1023.9	-	345	
2020-11-05 01:45:00	2.9	남서	235	16.69	30.19	0.77	6.3	1.08	6.0	7.3	서남서	253	9.4	1023.9	-	350	
2020-11-05 01:50:00	4.4	남	183	16.68	30.18	0.85	6.7	1.12	6.0	7.4	서남서	248	9.3	1024.0	-	340	
2020-11-05 01:55:00	4.2	남남서	213	16.68	30.18	0.83	6.3	0.98	5.5	6.5	서남서	238	9.3	1024.3	-	353	
2020-11-05 02:00:00	3.6	남남서	200	16.68	30.18	0.80	5.9	0.94	5.5	5.9	남서	228	9.2	1024.4	-	352	
2020-11-05 02:05:00	1.7	남서	228	16.69	30.19	0.73	6.4	1.17	6.5	5.8	남서	234	9.1	1024.3	-	332	
2020-11-05 02:10:00	1.3	서북서	299	16.69	30.19	0.84	6.6	1.29	6.0	6.3	서남서	243	9.2	1024.2	-	348	
2020-11-05 02:15:00	3.2	남서	216	16.69	30.18	0.86	6.8	1.11	6.0	6.0	서남서	250	9.3	1024.1	-	348	
2020-11-05 02:20:00	5.0	남서	236	16.68	30.18	0.89	6.5	1.34	6.5	6.3	서남서	247	9.3	1024.2	-	342	
2020-11-05 02:25:00	5.2	남남서	201	16.68	30.19	0.83	6.4	1.17	7.0	5.6	남서	235	9.3	1024.2	-	348	
2020-11-05 02:30:00	4.6	남서	225	16.68	30.18	0.75	6.7	1.12	6.0	5.1	남서	232	9.2	1024.3	-	332	
2020-11-05 02:35:00	1.5	남남동	167	16.68	30.19	0.67	6.2	1.03	6.0	4.8	남서	227	9.0	1024.3	-	7	
2020-11-05 02:40:00	6.5	남서	217	16.67	30.19	0.92	6.6	1.37	6.0	4.7	남서	231	9.3	1024.4	-	353	
2020-11-05 02:45:00	0.8	남	188	16.67	30.18	0.85	6.4	1.01	6.5	4.8	남서	236	9.4	1024.3	-	350	
2020-11-05 02:50:00	3.3	서	260	16.67	30.18	0.91	6.2	1.29	6.0	5.1	서남서	239	9.4	1024.3	-	359	
2020-11-05 02:55:00	1.7	서	269	16.66	30.17	0.80	6.1	0.94	6.5	5.4	서남서	238	9.5	1024.4	-	350	
2020-11-05 03:00:00	3.3	서남서	246	16.65	30.19	0.63	6.1	0.77	6.0	6.0	남서	232	9.4	1024.4	-	348	
2020-11-05 03:05:00	2.2	남서	228	16.66	30.19	0.83	5.9	1.26	6.5	5.3	남서	234	9.4	1024.4	-	349	
2020-11-05 03:10:00	2.6	서북서	285	16.66	30.20	0.70	6.3	1.26	5.5	5.4	남서	224	9.6	1024.4	-	355	
2020-11-05 03:15:00	3.7	서	260	16.67	30.19	0.97	6.4	1.24	6.0	5.1	남서	232	9.8	1024.4	-	7	
2020-11-05 03:20:00	5.4	서남서	257	16.66	30.20	0.75	6.2	1.03	6.5	6.0	남서	236	9.8	1024.4	-	345	
2020-11-05 03:25:00	3.9	남서	230	16.66	30.20	0.97	6.7	1.36	5.5	6.1	서남서	239	9.7	1024.3	-	339	
2020-11-05 03:30:00	5.3	서북서	288	16.66	30.18	0.81	6.3	1.07	6.5	5.5	남서	236	9.9	1024.3	-	350	
2020-11-05 03:35:00	3.5	서북서	290	16.66	30.19	0.89	6.6	1.51	7.0	5.4	남서	236	9.7	1024.2	-	7	
2020-11-05 03:40:00	4.8	서북서	289	16.66	30.18	0.68	6.1	1.16	6.5	5.4	남서	231	9.5	1024.3	-	349	
2020-11-05 03:45:00	3.1	서북서	289	16.66	30.20	0.76	5.8	1.14	6.5	4.7	남서	231	9.5	1024.3	-	10	
2020-11-05 03:50:00	6.4	서북서	303	16.65	30.18	1.06	6.2	1.56	6.0	4.6	남서	230	9.5	1024.2	-	356	
2020-11-05 03:55:00	6.2	북서	308	16.66	30.19	0.93	6.5	1.14	6.5	4.7	남서	232	9.6	1024.2	-	3	
2020-11-05 04:00:00	3.8	북서	305	16.65	30.19	0.72	6.2	1.13	5.5	5.3	남서	236	9.8	1024.3	-	348	
2020-11-05 04:05:00	2.6	서	277	16.66	30.19	1.11	6.3	1.50	6.5	5.8	서남서	243	9.8	1024.3	-	355	
2020-11-05 04:10:00	3.6	서북서	295	16.66	30.19	0.88	6.2	1.31	6.0	5.3	서남서	244	9.8	1024.4	-	357	
2020-11-05 04:15:00	4.0	북북서	329	16.66	30.18	0.77	6.4	1.04	6.0	5.5	남서	233	9.8	1024.5	-	354	
2020-11-05 04:20:00	6.5	서북서	285	16.66	30.19	0.97	6.3	1.31	6.5	5.2	남서	232	9.7	1024.6	-	342	
2020-11-05 04:25:00	5.9	북북서	329	16.66	30.17	0.84	6.0	1.47	5.5	5.3	남서	233	9.6	1024.6	-	359	
2020-11-05 04:30:00	4.6	북서	313	16.66	30.17	0.80	6.2	1.15	6.0	4.8	남서	234	9.7	1024.5	-	355	
2020-11-05 04:35:00	1.7	서북서	300	16.66	30.19	0.65	6.4	0.99	6.5	5.3	남서	235	9.7	1024.5	-	340	
2020-11-05 04:40:00	4.9	북서	320	16.66	30.19	0.87	6.1	1.07	5.0	5.5	남서	234	9.7	1024.5	-	349	
2020-11-05 04:45:00	5.0	서남서	256	16.66	30.19	0.83	6.3	1.30	6.0	6.0	남서	232	9.7	1024.5	-	354	
2020-11-05 04:50:00	3.9	서북서	285	16.66	30.18	0.72	5.9	0.96	6.0	5.5	남서	234	9.8	1024.6	-	352	
2020-11-05 04:55:00	2.7	서	266	16.66	30.19	0.91	6.3	1.37	6.0	6.0	남서	229	9.9	1024.6	-	351	
2020-11-05 05:00:00	3.5	서북서	304	16.65	30.18	0.87	6.5	1.03	6.0	5.8	남서	230	9.8	1024.6	-	340	
2020-11-05 05:05:00	2.6	북서	312	16.64	30.18	0.83	6.0	1.22	6.0	6.3	남서	228	9.8	1024.7	-	347	
2020-11-05 05:10:00	5.8	북서	309	16.65	30.18	0.75	6.2	0.96	5.5	5.1	남서	233	9.6	1024.7	-	353	
2020-11-05 05:15:00	3.9	서북서	282	16.66	30.20	0.80	5.8	1.27	5.5	5.0	남서	236	9.7	1024.8	-	354	
2020-11-05 05:20:00	3.5	서	280	16.68	30.18	0.87	6.2	1.45	5.5	4.8	남서	234	9.8	1024.7	-	354	
2020-11-05 05:25:00	1.8	북북서	347	16.67	30.20	0.88	6.0	1.01	5.5	4.9	남서	235	9.7	1024.7	-	5	
2020-11-05 05:30:00	3.8	서북서	282	16.67	30.20	0.81	6.0	0.96	6.0	5.6	남서	232	9.8	1024.6	-	1	
2020-11-05 05:35:00	0.6	남남동	152	16.67	30.17	0.90	5.9	1.29	5.5	5.5	남서	233	9.8	1024.7	-	4	
2020-11-05 05:40:00	2.1	서북서	292	16.65	30.18	0.75	5.8	1.02	5.5	5.4	남서	233	9.8	1024.7	-	12	
2020-11-05 05:45:00	3.8	서북서	295	16.66	30.20	0.87	5.8	1.21	6.0	5.4	남서	231	9.7	1024.8	-	350	
2020-11-05 05:50:00	3.5	서남서	255	16.67	30.18	0.87	6.1	1.05	5.5	6.0	남서	235	9.8	1024.7	-	346	
2020-11-05 05:55:00	1.2	남서	231	16.67	30.20	0.75	5.7	0.96	6.0	6.4	남서	235	9.8	1024.8	-	345	
2020-11-05 06:00:00	2.1	남남서	192	16.67	30.19	0.79	6.6	1.06	5.5	6.0	서남서	238	9.7	1024.9	-	357	
2020-11-05 06:05:00	2.9	서	266	16.66	30.19	0.74	6.0	1.04	5.5	5.9	서남서	238	9.8	1024.9	-	346	
2020-11-05 06:10:00	2.9	서남서	242	16.67	30.19	1.00	6.3	1.39	6.0	5.3	서남서	246	9.7	1024.9	-	349	
2020-11-05 06:15:00	3.8	남서	217	16.67	30.18	0.65	6.0	0.82	6.5	5.9	남서	234	9.9	1025.0	-	338	
2020-11-05 06:20:00	0.9	남남서	196	16.66	30.19	0.84	5.8	1.08	6.0	5.8	남서	233	9.7	1025.1	-	351	
2020-11-05 06:25:00	2.3	남서	229	16.67	30.19	0.73	6.1	0.85	6.0	5.3	남서	234	9.6	1025.2	-	356	
2020-11-05 06:30:00	0.8	서남서	256	16.66	30.20	0.65	6.0	0.83	6.0	6.2	서남서	237	9.7	1025.1	-	343	
2020-11-05 06:35:00	-	-	-	-	-	-	-	-	-	-	-	-	-	-	-	-	
2020-11-05 06:40:00	0.3	남남서	198	16.65	30.19	0.00	0.0	0.00	0.0	5.9	남서	232	9.6	1025.1	-	14	
2020-11-05 06:45:00	0.4	북북서	346	16.65	30.17	0.63	5.9	0.89	6.5	5.7	남서	230	9.4	1025.1	-	343	
2020-11-05 06:50:00	0.4	남남동	166	16.64	30.18	0.80	5.6	1.14	5.5	5.7	남서	230	9.6	1025.0	-	7	
2020-11-05 06:55:00	1.0	남서	228	16.63	30.20	0.83	5.9	1.01	5.5	6.3	남서	232	9.7	1025.1	-	355	
2020-11-05 07:00:00	1.4	서남서	258	16.64	30.19	0.79	6.0	0.95	6.0	6.0	남서	236	9.6	1025.1	-	350	
2020-11-05 07:05:00	1.6	서남서	239	16.63	30.20	0.75	5.9	0.96	6.0	6.5	남서	231	9.7	1025.1	-	342	
2020-11-05 07:10:00	2.7	서남서	256	16.63	30.20	0.74	5.8	1.34	6.0	6.2	남서	229	9.7	1025.1	-	353	
2020-11-05 07:15:00	1.5	북서	324	16.64	30.19	0.83	6.0	1.13	6.5	6.0	남서	231	9.8	1025.2	-	359	
2020-11-05 07:20:00	0.5	북동	52	16.64	30.19	0.63	5.5	0.77	5.5	5.9	서남서	238	9.9	1025.3	-	352	
2020-11-05 07:25:00	2.4	북북동	16	16.64	30.19	0.67	5.9	0.93	6.0	5.8	남서	236	9.9	1025.4	-	344	
2020-11-05 07:30:00	2.4	남서	216	16.63	30.20	0.76	6.2	0.98	5.5	4.9	서남서	240	9.9	1025.6	-	340	
2020-11-05 07:35:00	0.4	서남서	249	16.62	30.20	0.75	5.8	1.09	6.0	4.5	남서	228	9.8	1025.7	-	339	
2020-11-05 07:40:00	2.6	북북동	20	16.61	30.19	0.74	6.0	1.12	5.5	4.7	남서	229	9.8	1025.7	-	357	
2020-11-05 07:45:00	0.8	남동	128	16.61	30.20	0.67	6.1	0.91	6.5	5.7	남서	234	9.9	1025.7	-	339	
2020-11-05 07:50:00	0.6	남남서	205	16.61	30.19	0.78	5.6	1.09	6.0	6.4	남서	228	10.1	1025.7	-	342	
2020-11-05 07:55:00	1.1	북동	54	16.60	30.20	0.79	5.7	1.04	6.0	6.9	남서	225	10.1	1025.7	-	345	
2020-11-05 08:00:00	0.4	동북동	72	16.60	30.20	0.73	5.9	1.15	6.5	6.6	남서	230	10.3	1025.7	-	358	
2020-11-05 08:05:00	1.7	서	269	16.62	30.21	0.69	6.1	1.00	5.5	6.9	남서	230	10.4	1025.7	-	351	
2020-11-05 08:10:00	1.4	남남서	194	16.62	30.19	0.77	6.2	1.34	6.0	6.8	남서	233	10.4	1025.8	-	354	
2020-11-05 08:15:00	1.6	북	352	16.61	30.21	0.75	5.6	0.99	6.0	6.1	남서	232	10.7	1026.1	-	348	
2020-11-05 08:20:00	0.5	북북서	347	16.61	30.20	0.75	5.9	0.92	6.0	5.8	남서	231	10.8	1026.2	-	0	
2020-11-05 08:25:00	1.6	서	266	16.60	30.22	0.67	6.0	0.88	7.0	4.8	남서	227	10.9	1026.3	-	355	
2020-11-05 08:30:00	1.9	서남서	257	16.62	30.20	0.79	6.0	1.08	5.5	4.6	남서	222	11.0	1026.4	-	4	
2020-11-05 08:35:00	0.7	서남서	239	16.61	30.20	0.69	5.6	0.94	5.0	4.9	남서	224	11.2	1026.4	-	11	
2020-11-05 08:40:00	3.2	서북서	292	16.60	30.21	0.69	6.0	0.83	4.0	3.9	남서	221	11.3	1026.5	-	353	
2020-11-05 08:45:00	3.3	북	2	16.60	30.21	0.67	6.2	1.02	6.5	4.4	남서	225	11.4	1026.5	-	12	
2020-11-05 08:50:00	1.4	북	359	16.61	30.21	0.69	6.0	0.86	4.5	3.8	남서	226	11.6	1026.7	-	348	
2020-11-05 08:55:00	2.6	남남동	149	16.61	30.20	0.64	6.1	0.80	5.5	4.2	남서	226	11.7	1026.7	-	13	
2020-11-05 09:00:00	1.5	서북서	291	16.62	30.21	0.84	5.8	1.09	5.5	3.8	남서	230	11.9	1026.8	-	345	
2020-11-05 09:05:00	3.7	북서	318	16.62	30.20	0.77	5.5	1.11	6.0	4.0	남서	235	12.0	1026.8	-	352	
2020-11-05 09:10:00	1.9	남동	132	16.62	30.20	0.75	6.3	0.99	6.5	3.4	서남서	237	12.1	1026.8	-	345	
2020-11-05 09:15:00	3.8	북서	320	16.61	30.20	0.71	5.6	1.00	6.0	4.7	남서	229	12.2	1026.7	-	4	
2020-11-05 09:20:00	2.9	북서	322	16.62	30.20	0.81	6.0	1.18	6.5	4.1	남서	227	12.3	1026.7	-	342	
2020-11-05 09:25:00	1.9	북	0	16.62	30.19	0.87	5.8	1.38	5.5	3.8	남서	228	12.5	1026.8	-	359	
2020-11-05 09:30:00	3.8	북서	316	16.62	30.21	0.63	6.2	0.95	5.5	3.9	남서	228	12.7	1026.9	-	348	
2020-11-05 09:35:00	3.8	서남서	254	16.63	30.20	0.78	5.8	1.15	6.0	3.7	서남서	242	12.8	1027.0	-	351	
2020-11-05 09:40:00	4.1	서북서	289	16.64	30.21	0.77	6.0	1.08	6.0	3.6	서남서	239	12.9	1026.9	-	351	
2020-11-05 09:45:00	3.3	서북서	302	16.64	30.21	0.66	5.4	1.06	5.5	3.4	서남서	240	12.9	1026.9	-	355	
2020-11-05 09:50:00	5.8	북북서	343	16.64	30.21	0.66	6.3	0.86	6.0	2.1	남서	235	13.1	1026.9	-	358	
2020-11-05 09:55:00	2.5	북동	46	16.64	30.21	0.70	5.9	1.18	6.5	3.1	남서	228	13.3	1026.9	-	358	
2020-11-05 10:00:00	5.0	서북서	296	16.65	30.22	0.75	5.8	0.98	5.5	3.7	남서	225	13.4	1026.7	-	352	
2020-11-05 10:05:00	2.8	서	273	16.65	30.22	0.80	6.1	1.31	6.5	3.6	남서	222	13.5	1026.7	-	9	
2020-11-05 10:10:00	7.2	북서	324	16.65	30.22	0.70	5.5	1.15	5.5	2.7	남서	231	13.6	1026.7	-	351	
2020-11-05 10:15:00	4.2	서북서	292	16.66	30.20	0.67	5.7	1.06	5.0	3.4	남서	219	13.8	1026.7	-	4	
2020-11-05 10:20:00	3.8	서북서	295	16.66	30.20	0.68	5.9	0.90	5.0	3.2	남남서	211	14.0	1026.7	-	344	
2020-11-05 10:25:00	5.2	북서	314	16.66	30.22	0.81	5.9	1.15	6.0	3.3	남남서	204	14.1	1026.7	-	9	
2020-11-05 10:30:00	5.0	북서	326	16.66	30.21	0.72	5.8	1.01	6.0	2.9	남남서	206	14.2	1026.6	-	3	
2020-11-05 10:35:00	4.5	서	273	16.66	30.22	0.68	6.0	1.00	6.0	2.5	남남서	209	14.3	1026.5	-	349	
2020-11-05 10:40:00	2.5	북서	319	16.67	30.21	0.71	5.8	0.86	5.0	1.9	남남서	208	14.5	1026.4	-	2	
2020-11-05 10:45:00	8.1	북북서	339	16.67	30.22	0.52	5.3	0.76	6.0	1.6	남남서	198	14.6	1026.3	-	356	
2020-11-05 10:50:00	5.4	서북서	289	16.67	30.22	0.72	5.7	0.91	5.5	0.9	남남서	204	14.9	1026.2	-	355	
2020-11-05 10:55:00	5.7	북서	308	16.67	30.23	0.77	5.9	1.00	6.0	1.4	남	177	15.0	1026.2	-	351	
2020-11-05 11:00:00	5.2	북서	322	16.68	30.23	0.76	6.0	0.99	6.5	1.6	남남서	195	15.0	1026.2	-	18	
2020-11-05 11:05:00	7.6	북북서	336	16.69	30.21	0.62	6.0	0.96	6.0	1.9	남	178	15.0	1026.2	-	351	
2020-11-05 11:10:00	2.2	북북동	13	16.69	30.21	0.77	6.0	1.05	5.5	1.8	남남동	155	15.0	1026.1	-	355	
2020-11-05 11:15:00	4.1	북북서	326	16.68	30.22	0.72	5.7	1.22	5.5	1.7	남동	129	15.1	1026.0	-	352	
2020-11-05 11:20:00	3.9	서북서	282	16.68	30.22	0.53	5.6	0.65	5.5	1.4	남동	130	15.2	1025.9	-	5	
2020-11-05 11:25:00	3.8	북	351	16.69	30.22	0.66	5.8	0.82	6.0	2.2	남동	127	15.2	1025.8	-	9	
2020-11-05 11:30:00	3.5	북서	310	16.70	30.22	0.58	5.8	0.71	6.0	4.2	남동	130	14.7	1025.7	-	350	
2020-11-05 11:35:00	5.0	북북서	341	16.70	30.23	0.71	5.7	1.02	5.5	4.2	남동	126	14.4	1025.7	-	7	
2020-11-05 11:40:00	3.4	북북서	328	16.71	30.22	0.58	5.7	0.95	6.0	4.7	남동	131	14.4	1025.7	-	5	
2020-11-05 11:45:00	8.3	북북서	331	16.71	30.23	0.69	5.9	0.90	5.5	4.8	남동	125	14.3	1025.6	-	4	
2020-11-05 11:50:00	4.1	서북서	300	16.71	30.22	0.63	5.6	0.89	6.0	4.6	남동	124	14.3	1025.5	-	6	
2020-11-05 11:55:00	6.6	북서	321	16.71	30.22	0.57	5.6	0.81	6.0	4.7	남동	125	14.3	1025.5	-	349	
2020-11-05 12:00:00	4.3	북	349	16.71	30.23	0.53	5.6	0.77	5.5	4.9	동남동	122	14.4	1025.5	-	349	
2020-11-05 12:05:00	7.2	북서	306	16.71	30.24	0.71	5.8	0.88	5.5	4.6	동남동	114	14.6	1025.4	-	354	
2020-11-05 12:10:00	6.4	북서	311	16.71	30.23	0.61	5.7	0.91	4.5	4.7	동남동	105	14.7	1025.3	-	7	
2020-11-05 12:15:00	7.1	북북서	332	16.71	30.24	0.67	5.5	0.86	6.0	4.8	동남동	114	14.7	1025.3	-	13	
2020-11-05 12:20:00	5.4	북북서	335	16.71	30.24	0.59	5.8	0.81	6.0	5.0	동남동	110	14.8	1025.2	-	3	
2020-11-05 12:25:00	8.7	북북서	335	16.71	30.23	0.74	5.6	0.92	6.0	5.2	동남동	116	14.8	1025.2	-	7	
2020-11-05 12:30:00	10.2	북서	305	16.71	30.23	0.57	5.5	0.82	5.5	5.2	동남동	120	14.8	1025.1	-	15	
2020-11-05 12:35:00	9.8	북북서	329	16.71	30.24	0.64	5.5	0.91	5.5	5.6	동남동	121	14.8	1025.0	-	19	
2020-11-05 12:40:00	7.4	북서	313	16.71	30.24	0.65	5.8	0.86	5.5	5.2	동남동	122	14.7	1024.9	-	12	
2020-11-05 12:45:00	8.7	북서	311	16.71	30.24	0.62	5.4	1.05	5.5	5.5	동남동	118	14.7	1024.8	-	13	
2020-11-05 12:50:00	12.0	북서	316	16.72	30.23	0.62	5.3	1.10	5.0	5.9	동남동	121	14.7	1024.8	-	350	
2020-11-05 12:55:00	11.4	북서	321	16.71	30.24	0.58	5.5	0.75	5.5	5.9	남동	124	14.7	1024.8	-	22	
2020-11-05 13:00:00	13.6	북북서	331	16.71	30.23	0.56	5.6	0.75	6.0	5.7	동남동	118	14.6	1024.6	-	355	
2020-11-05 13:05:00	14.3	북서	308	16.70	30.23	0.56	6.1	0.84	5.0	5.7	남동	126	14.6	1024.5	-	18	
2020-11-05 13:10:00	8.4	서북서	303	16.69	30.24	0.64	5.6	1.04	5.0	6.1	남동	129	14.6	1024.5	-	18	
2020-11-05 13:15:00	11.0	북북서	330	16.68	30.23	0.64	5.3	0.93	5.5	5.9	남동	129	14.6	1024.4	-	13	
2020-11-05 13:20:00	14.8	북서	322	16.67	30.23	0.67	5.3	1.08	5.5	6.3	남동	125	14.6	1024.3	-	17	
2020-11-05 13:25:00	14.6	북서	324	16.67	30.23	0.61	5.8	0.79	6.0	5.8	남동	128	14.7	1024.3	-	17	
2020-11-05 13:30:00	17.0	북서	325	16.66	30.22	0.54	5.3	0.75	5.0	6.6	남동	134	14.7	1024.3	-	19	
2020-11-05 13:35:00	26.9	북북서	349	16.64	30.21	0.60	5.8	0.89	6.0	6.6	남동	135	14.7	1024.2	-	16	
2020-11-05 13:40:00	24.1	북북서	346	16.66	30.19	0.74	5.8	1.29	5.5	6.5	남동	129	14.7	1024.1	-	10	
2020-11-05 13:45:00	29.0	북북서	341	16.73	30.23	0.56	5.6	0.69	6.5	6.8	남동	132	14.7	1024.0	-	348	
2020-11-05 13:50:00	36.5	북북서	341	16.89	30.08	0.60	5.8	0.80	6.0	6.5	남동	138	14.7	1023.9	-	7	
2020-11-05 13:55:00	38.5	북북서	342	16.93	30.06	0.57	5.3	0.84	6.0	7.1	남동	136	14.7	1023.9	-	348	
2020-11-05 14:00:00	40.8	북북서	338	16.96	30.03	0.64	5.3	0.83	5.0	6.7	남동	136	14.9	1024.0	-	356	
2020-11-05 14:05:00	37.6	북북서	336	16.95	30.06	0.64	5.3	0.85	5.5	6.8	남동	134	15.0	1023.9	-	33	
2020-11-05 14:10:00	38.5	북북서	339	16.97	30.04	0.64	5.7	0.88	4.5	7.2	남동	134	15.1	1023.8	-	0	
2020-11-05 14:15:00	39.9	북북서	337	16.97	30.08	0.64	5.3	0.94	5.5	7.4	남동	131	15.2	1023.7	-	357	
2020-11-05 14:20:00	32.9	북북서	343	16.94	30.11	0.64	5.5	0.75	6.5	7.5	남동	134	15.4	1023.6	-	6	
2020-11-05 14:25:00	36.4	북북서	339	16.97	30.18	0.60	5.0	0.93	5.0	7.7	남동	135	15.4	1023.7	-	355	
2020-11-05 14:30:00	45.3	북북서	341	17.09	30.07	0.63	4.7	0.90	6.0	7.6	남동	134	15.6	1023.7	-	11	
2020-11-05 14:35:00	40.5	북북서	338	17.10	30.11	0.58	5.0	0.82	5.5	8.1	남동	130	15.6	1023.7	-	45	
2020-11-05 14:40:00	42.2	북북서	338	17.10	30.10	0.55	4.4	0.63	3.0	8.3	남동	135	15.6	1023.6	-	359	
2020-11-05 14:45:00	45.4	북북서	336	17.14	30.11	0.60	4.2	0.97	5.5	8.2	남동	131	15.7	1023.5	-	346	
2020-11-05 14:50:00	43.5	북북서	336	17.18	30.11	0.59	4.8	0.72	6.0	8.6	남동	133	15.7	1023.5	-	160	
2020-11-05 14:55:00	45.1	북북서	338	17.23	30.07	0.61	4.6	0.82	5.5	8.5	남동	131	15.6	1023.4	-	115	
2020-11-05 15:00:00	48.1	북북서	337	17.24	30.09	0.62	4.2	0.87	6.5	8.6	남동	131	15.6	1023.4	-	85	
2020-11-05 15:05:00	40.4	북북서	334	17.23	30.06	0.62	4.3	0.93	5.5	8.4	남동	134	15.7	1023.4	-	41	
2020-11-05 15:10:00	46.8	북북서	335	17.24	30.10	0.68	3.9	0.93	4.5	8.6	남동	135	15.7	1023.4	-	127	
2020-11-05 15:15:00	50.4	북북서	332	17.26	30.06	0.73	4.8	1.07	5.5	8.5	남동	137	15.6	1023.4	-	10	
2020-11-05 15:20:00	44.9	북북서	335	17.23	30.08	0.92	4.7	1.13	4.0	8.3	남동	139	15.5	1023.5	-	8	
2020-11-05 15:25:00	46.7	북북서	334	17.23	30.08	0.71	4.4	1.18	5.5	8.1	남동	139	15.6	1023.5	-	134	
2020-11-05 15:30:00	46.6	북북서	333	17.24	30.10	0.76	4.4	1.08	5.5	8.2	남동	140	15.7	1023.4	-	25	
2020-11-05 15:35:00	47.7	북북서	334	17.22	30.10	0.72	4.4	0.97	5.0	8.3	남동	136	15.6	1023.2	-	5	
2020-11-05 15:40:00	44.8	북북서	337	17.19	30.07	0.63	4.2	0.96	4.5	8.4	남동	136	15.7	1023.2	-	102	
2020-11-05 15:45:00	42.0	북북서	338	17.14	30.05	0.65	4.1	0.89	5.5	8.8	남동	139	15.7	1023.2	-	110	
2020-11-05 15:50:00	52.3	북북서	334	17.19	30.07	0.65	4.2	0.84	5.0	8.8	남동	142	15.8	1023.1	-	1	
2020-11-05 15:55:00	49.2	북북서	332	17.30	30.08	0.70	4.0	0.93	5.0	8.7	남동	143	15.8	1023.1	-	121	
2020-11-05 16:00:00	51.6	북북서	330	17.33	30.05	0.69	4.2	0.91	3.5	9.0	남동	142	16.0	1023.1	-	130	
2020-11-05 16:05:00	48.5	북북서	332	17.35	30.06	0.80	4.9	1.17	4.5	8.6	남동	143	15.9	1023.0	-	356	
2020-11-05 16:10:00	47.2	북북서	332	17.35	30.06	0.64	4.1	0.84	5.5	8.5	남남동	149	16.0	1023.0	-	1	
2020-11-05 16:15:00	46.1	북북서	329	17.37	30.06	0.63	4.6	0.86	6.5	8.6	남남동	147	16.0	1023.0	-	16	
2020-11-05 16:20:00	44.7	북북서	333	17.38	30.05	0.75	4.3	1.06	3.0	8.4	남동	144	16.0	1023.0	-	139	
2020-11-05 16:25:00	43.8	북북서	334	17.37	30.04	0.66	3.9	1.04	3.0	8.3	남동	144	16.0	1023.0	-	94	
2020-11-05 16:30:00	45.3	북북서	336	17.39	30.02	0.64	4.5	0.93	5.0	8.0	남동	143	16.1	1022.9	-	356	
2020-11-05 16:35:00	46.3	북북서	336	17.39	29.99	0.67	3.9	1.00	4.0	7.7	남동	145	16.0	1023.0	-	109	
2020-11-05 16:40:00	48.3	북북서	332	17.39	30.06	0.61	3.8	0.75	5.5	7.1	남동	144	15.9	1023.0	-	356	
2020-11-05 16:45:00	49.7	북북서	335	17.39	30.05	0.61	4.0	0.95	5.5	7.8	남동	145	15.9	1023.0	-	11	
2020-11-05 16:50:00	47.8	북북서	336	17.39	30.06	0.60	4.1	0.85	6.5	7.5	남동	143	15.9	1022.9	-	5	
2020-11-05 16:55:00	48.1	북북서	335	17.39	30.04	0.70	3.9	0.91	3.5	7.1	남동	146	16.0	1022.8	-	115	
2020-11-05 17:00:00	47.2	북북서	335	17.39	30.00	0.60	4.4	0.74	5.0	6.6	남동	140	16.0	1022.8	-	116	
2020-11-05 17:05:00	48.9	북북서	333	17.38	30.05	0.63	4.8	0.92	5.5	6.9	남동	145	15.9	1022.9	-	101	
2020-11-05 17:10:00	47.4	북북서	330	17.39	30.03	0.60	4.2	0.82	3.5	6.4	남동	143	15.9	1022.9	-	12	
2020-11-05 17:15:00	46.9	북북서	333	17.39	30.01	0.62	4.4	0.86	5.0	6.6	남남동	148	15.9	1023.0	-	22	
2020-11-05 17:20:00	45.0	북북서	332	17.39	30.00	0.67	4.1	0.92	3.5	6.8	남남동	148	15.9	1022.9	-	223	
2020-11-05 17:25:00	44.5	북북서	333	17.38	30.03	0.62	3.9	0.76	3.5	6.4	남남동	148	16.0	1022.9	-	32	
2020-11-05 17:30:00	47.3	북북서	334	17.38	30.03	0.66	4.7	1.13	5.0	6.0	남남동	149	16.0	1022.9	-	25	
2020-11-05 17:35:00	41.9	북북서	335	17.38	30.01	0.58	4.3	0.71	3.0	5.6	남남동	151	16.0	1022.9	-	313	
2020-11-05 17:40:00	43.6	북북서	336	17.38	30.02	0.60	4.4	0.75	3.5	5.4	남남동	154	15.9	1022.9	-	357	
2020-11-05 17:45:00	43.3	북북서	337	17.38	30.02	0.61	4.1	0.80	4.0	4.7	남남동	167	15.8	1022.9	-	294	
2020-11-05 17:50:00	41.7	북북서	337	17.38	30.00	0.61	4.7	0.87	3.5	4.3	남	178	15.4	1023.0	-	120	
2020-11-05 17:55:00	45.0	북북서	337	17.38	30.02	0.61	4.2	0.88	4.5	4.1	남남서	194	15.4	1023.1	-	197	
2020-11-05 18:00:00	40.5	북북서	337	17.37	30.01	0.60	4.3	0.88	4.5	3.9	남	181	15.4	1023.1	-	325	
2020-11-05 18:05:00	44.3	북북서	332	17.36	30.01	0.58	4.0	0.82	4.0	5.1	남	181	15.5	1023.2	-	184	
2020-11-05 18:10:00	47.0	북북서	336	17.37	30.02	0.64	4.2	1.03	4.5	4.9	남남서	199	15.4	1023.2	-	318	
2020-11-05 18:15:00	45.9	북북서	333	17.37	30.00	0.60	4.3	0.79	4.5	4.8	남남서	211	14.9	1023.2	-	326	
2020-11-05 18:20:00	45.2	북북서	339	17.36	30.03	0.59	4.3	0.85	4.5	4.4	남서	216	14.6	1023.3	-	314	
2020-11-05 18:25:00	43.6	북북서	337	17.35	30.01	0.60	4.6	1.02	4.0	4.0	남서	219	14.8	1023.3	-	140	
2020-11-05 18:30:00	45.8	북북서	335	17.35	30.01	0.73	4.8	1.20	4.0	4.1	남서	215	14.9	1023.4	-	105	
2020-11-05 18:35:00	41.4	북북서	340	17.36	30.01	0.64	4.6	1.09	4.5	3.6	남서	223	14.8	1023.5	-	170	
2020-11-05 18:40:00	42.2	북북서	339	17.36	30.01	0.67	4.4	1.08	4.5	2.4	남서	235	14.8	1023.5	-	39	
2020-11-05 18:45:00	40.7	북북서	339	17.35	29.99	0.65	4.4	0.82	4.0	2.0	서북서	283	14.6	1023.6	-	9	
2020-11-05 18:50:00	41.7	북북서	335	17.34	29.97	0.70	4.7	0.84	5.0	3.1	서북서	295	14.1	1023.6	-	65	
2020-11-05 18:55:00	39.4	북북서	339	17.34	30.01	0.68	4.3	0.98	4.0	3.2	서북서	291	13.8	1023.6	-	347	
2020-11-05 19:00:00	40.9	북북서	338	17.34	30.01	0.69	4.6	1.09	4.5	2.2	서북서	300	14.2	1023.6	-	106	
2020-11-05 19:05:00	40.0	북북서	338	17.32	30.01	0.66	4.7	1.38	4.0	2.6	북서	312	14.4	1023.6	-	132	
2020-11-05 19:10:00	37.8	북북서	340	17.33	30.01	0.74	4.5	1.05	5.5	2.9	서	280	14.8	1023.7	-	125	
2020-11-05 19:15:00	38.9	북북서	338	17.34	30.01	0.62	4.8	1.00	5.0	3.0	서	262	15.1	1023.8	-	108	
2020-11-05 19:20:00	35.6	북북서	342	17.32	30.01	0.60	4.2	0.75	3.5	3.2	서	261	15.4	1023.8	-	0	
2020-11-05 19:25:00	37.0	북북서	341	17.33	30.02	0.69	4.7	0.87	4.5	2.8	서남서	256	15.3	1023.7	-	119	
2020-11-05 19:30:00	34.4	북북서	343	17.34	30.01	0.63	4.7	0.82	4.5	2.8	서남서	256	15.2	1023.6	-	306	
2020-11-05 19:35:00	36.7	북북서	343	17.34	30.02	0.69	5.0	0.95	4.0	3.1	서남서	254	15.3	1023.6	-	133	
2020-11-05 19:40:00	36.6	북북서	344	17.34	29.94	0.56	4.5	0.80	5.0	3.1	서	260	15.3	1023.7	-	147	
2020-11-05 19:45:00	35.5	북북서	343	17.35	29.94	0.58	4.7	0.88	5.0	2.8	서	263	15.0	1023.8	-	98	
2020-11-05 19:50:00	34.9	북북서	343	17.35	29.87	0.60	4.9	0.87	5.5	2.1	서	269	15.0	1023.9	-	128	
2020-11-05 19:55:00	33.1	북북서	341	17.35	29.90	0.73	4.6	1.06	5.0	2.8	서	260	15.0	1023.9	-	126	
2020-11-05 20:00:00	30.9	북북서	344	17.35	29.92	0.59	4.7	0.92	5.0	2.8	서	260	15.1	1023.9	-	107	
2020-11-05 20:05:00	31.2	북북서	338	17.34	29.91	0.56	4.7	0.73	4.0	3.4	서	263	15.2	1024.0	-	17	
2020-11-05 20:10:00	29.8	북북서	343	17.34	29.90	0.67	4.8	0.84	5.0	3.5	서	263	15.4	1024.1	-	113	
2020-11-05 20:15:00	31.4	북북서	343	17.32	29.91	0.60	5.1	0.99	4.5	4.2	서남서	258	15.8	1024.2	-	113	
2020-11-05 20:20:00	28.8	북북서	347	17.32	29.94	0.61	5.2	0.98	4.5	4.2	서남서	252	16.0	1024.1	-	77	
2020-11-05 20:25:00	28.0	북	349	17.33	29.94	0.66	4.7	1.01	4.5	4.0	서남서	249	15.9	1024.1	-	134	
2020-11-05 20:30:00	26.7	북북서	344	17.32	29.95	0.65	4.6	1.07	4.5	3.5	서남서	250	15.8	1024.1	-	122	
2020-11-05 20:35:00	27.0	북북서	346	17.32	29.90	0.58	4.6	0.89	4.5	3.2	서남서	254	15.8	1024.1	-	271	
2020-11-05 20:40:00	27.6	북북서	344	17.32	29.90	0.48	4.7	0.59	3.5	3.1	서남서	254	15.9	1024.0	-	147	
2020-11-05 20:45:00	25.9	북북서	348	17.32	29.91	0.59	4.9	0.89	4.5	3.7	서	259	15.8	1024.1	-	113	
2020-11-05 20:50:00	25.4	북북서	347	17.31	29.89	0.51	4.8	0.76	4.5	3.8	서	262	16.0	1024.0	-	107	
2020-11-05 20:55:00	25.2	북북서	341	17.30	29.90	0.50	4.7	0.66	5.0	3.4	서남서	251	16.1	1023.9	-	92	
2020-11-05 21:00:00	23.1	북북서	341	17.29	29.87	0.59	4.6	0.95	4.5	3.6	서남서	246	16.2	1024.1	-	359	
2020-11-05 21:05:00	22.5	북북서	344	17.28	29.87	0.63	4.8	0.96	5.0	3.4	서남서	255	16.0	1024.2	-	131	
2020-11-05 21:10:00	21.9	북	350	17.27	29.86	0.52	4.5	0.86	4.0	3.8	서남서	250	16.0	1024.3	-	77	
2020-11-05 21:15:00	22.2	북	350	17.26	29.86	0.55	4.6	0.93	4.0	3.9	서남서	241	16.1	1024.2	-	117	
2020-11-05 21:20:00	19.5	북북서	346	17.25	29.85	0.47	4.7	0.72	4.5	4.2	남서	236	16.3	1024.1	-	314	
2020-11-05 21:25:00	19.2	북북서	348	17.23	29.87	0.50	4.5	0.87	4.0	4.1	서남서	237	16.4	1024.2	-	324	
2020-11-05 21:30:00	21.5	북북서	347	17.23	29.86	0.48	5.0	0.64	5.5	3.3	서남서	247	16.3	1024.3	-	169	
2020-11-05 21:35:00	19.6	북	351	17.20	29.86	0.59	4.6	0.87	4.5	3.8	남서	235	16.2	1024.4	-	128	
2020-11-05 21:40:00	18.1	북북서	343	17.20	29.85	0.48	4.7	0.64	5.5	4.2	서남서	241	16.3	1024.5	-	123	
2020-11-05 21:45:00	16.6	북북서	344	17.18	29.88	0.58	4.3	0.84	4.0	4.3	서남서	240	16.4	1024.5	-	194	
2020-11-05 21:50:00	18.2	북북서	347	17.18	29.87	0.47	4.8	0.59	4.5	4.7	남서	235	16.4	1024.6	-	97	
2020-11-05 21:55:00	17.4	북	357	17.16	29.88	0.49	4.7	0.73	4.0	4.9	남서	234	16.4	1024.8	-	136	
2020-11-05 22:00:00	16.1	북북서	347	17.15	29.88	0.54	4.9	0.66	4.0	5.1	남서	234	16.4	1024.8	-	215	
2020-11-05 22:05:00	17.3	북북서	346	17.14	29.88	0.45	4.6	0.55	4.5	4.9	서남서	238	16.5	1024.8	-	119	
2020-11-05 22:10:00	17.8	북북서	347	17.14	29.87	0.52	4.9	0.88	5.0	3.6	서남서	249	16.5	1024.7	-	119	
2020-11-05 22:15:00	14.0	북북서	344	17.12	29.87	0.50	4.7	0.62	4.0	3.5	서남서	246	16.4	1024.7	-	186	
2020-11-05 22:20:00	15.2	북	351	17.11	29.86	0.45	4.9	0.60	4.0	3.5	서남서	245	16.4	1024.7	-	322	
2020-11-05 22:25:00	14.0	북	351	17.11	29.88	0.54	4.3	0.72	4.0	2.9	남서	234	16.4	1024.7	-	103	
2020-11-05 22:30:00	11.0	북	352	17.10	29.90	0.48	4.6	0.72	4.5	3.9	남서	226	16.4	1024.6	-	114	
2020-11-05 22:35:00	11.0	북	352	17.12	29.92	0.49	4.5	0.79	4.5	3.1	남남서	210	16.3	1024.6	-	303	
2020-11-05 22:40:00	11.9	북북서	344	17.10	29.95	0.45	4.7	0.58	4.5	2.7	남남서	207	16.3	1024.7	-	120	
2020-11-05 22:45:00	11.3	북북서	340	17.10	29.98	0.51	4.5	0.71	4.0	3.7	남남서	211	16.6	1024.7	-	95	
2020-11-05 22:50:00	12.5	북북서	339	17.10	29.94	0.45	4.5	0.66	3.5	2.4	남서	234	16.7	1024.6	-	85	
2020-11-05 22:55:00	10.7	북북서	331	17.07	29.96	0.42	4.5	0.62	4.0	1.9	서남서	241	16.6	1024.5	-	162	
2020-11-05 23:00:00	11.0	북북서	328	17.08	29.90	0.46	4.5	0.86	4.5	1.8	서남서	243	16.6	1024.6	-	322	
2020-11-05 23:05:00	13.3	북서	323	17.06	29.89	0.44	4.7	0.59	4.5	2.3	서남서	242	16.4	1024.7	-	74	
2020-11-05 23:10:00	8.8	북북서	339	17.06	29.87	0.53	4.3	0.74	4.5	1.8	서남서	252	16.3	1024.8	-	299	
2020-11-05 23:15:00	12.1	북북서	329	17.08	29.89	0.45	4.7	0.65	5.0	1.5	서남서	255	16.2	1024.9	-	200	
2020-11-05 23:20:00	10.7	북북서	328	17.07	29.88	0.56	4.6	0.80	4.5	1.8	서	280	16.1	1024.9	-	120	
2020-11-05 23:25:00	8.8	북북서	330	17.06	29.90	0.52	4.7	0.79	4.5	2.9	북서	324	15.7	1024.6	-	129	
2020-11-05 23:30:00	10.9	북북서	342	17.05	29.94	0.51	4.6	0.75	4.5	1.5	북북서	327	15.3	1024.5	-	332	
2020-11-05 23:35:00	10.7	북북서	345	17.05	29.96	0.43	4.5	0.56	4.0	1.3	북서	324	15.2	1024.4	-	317	
2020-11-05 23:40:00	9.4	북북서	335	17.03	29.96	0.53	4.5	0.87	4.5	1.1	서북서	283	15.3	1024.2	-	348	
2020-11-05 23:45:00	10.0	북북서	330	17.04	29.99	0.50	4.6	0.70	4.0	1.3	서북서	286	15.1	1024.2	-	301	
2020-11-05 23:50:00	10.6	북서	318	17.04	30.04	0.44	4.4	0.63	4.5	1.4	북서	317	14.8	1024.2	-	202	
2020-11-05 23:55:00	11.9	북북서	328	17.06	30.05	0.50	4.6	0.78	4.5	1.9	서북서	285	14.7	1024.1	-	137	
2020-11-06 00:00:00	12.9	북서	312	17.09	30.05	0.50	5.0	0.63	4.5	2.2	서북서	285	14.7	1024.1	-	125	
2020-11-06 00:05:00	11.2	북북서	329	17.08	30.00	0.46	4.3	0.63	4.5	2.8	서	270	14.9	1024.2	-	314	
2020-11-06 00:10:00	11.0	북서	324	17.08	30.04	0.46	4.4	0.63	4.0	2.2	서	276	15.2	1024.1	-	137	
2020-11-06 00:15:00	13.5	북북서	327	17.10	30.05	0.45	4.7	0.76	4.0	2.3	서	263	15.6	1024.1	-	336	
2020-11-06 00:20:00	11.2	북북서	328	17.11	30.03	0.39	4.7	0.65	5.0	2.2	서	275	15.9	1023.8	-	216	
2020-11-06 00:25:00	12.7	북서	317	17.09	30.05	0.44	4.4	0.57	4.5	2.1	서	265	16.1	1023.9	-	322	
2020-11-06 00:30:00	13.4	북서	311	17.09	30.05	0.43	4.3	0.57	4.5	2.1	서남서	244	16.1	1023.8	-	298	
2020-11-06 00:35:00	11.4	북서	310	17.12	30.04	0.43	4.6	0.62	4.0	1.9	서남서	249	15.8	1023.8	-	326	
2020-11-06 00:40:00	13.8	북서	309	17.12	30.03	0.42	4.6	0.61	3.5	3.1	서남서	238	15.8	1023.8	-	339	
2020-11-06 00:45:00	12.0	북서	312	17.13	30.04	0.41	4.1	0.54	4.0	3.8	남서	216	16.1	1023.7	-	56	
2020-11-06 00:50:00	11.7	북서	310	17.13	30.04	0.41	4.4	0.58	4.0	3.6	남남서	210	16.6	1023.7	-	216	
2020-11-06 00:55:00	12.7	북서	316	17.13	30.04	0.40	4.5	0.61	3.5	3.7	남남서	204	16.5	1023.6	-	282	
2020-11-06 01:00:00	13.7	북서	310	17.13	30.05	0.41	4.3	0.53	4.0	3.3	남남서	213	16.4	1023.5	-	133	
2020-11-06 01:05:00	13.0	북서	322	17.14	30.05	0.39	4.3	0.52	3.0	3.3	남서	219	16.5	1023.4	-	322	
2020-11-06 01:10:00	12.7	북북서	331	17.13	30.05	0.44	4.5	0.77	5.0	1.8	남서	223	16.4	1023.4	-	317	
2020-11-06 01:15:00	11.7	북서	326	17.12	30.05	0.40	4.4	0.77	4.0	1.3	남서	217	16.3	1023.3	-	179	
2020-11-06 01:20:00	11.4	북북서	328	17.13	30.05	0.37	4.1	0.51	3.5	1.3	남남서	207	16.3	1023.4	-	277	
2020-11-06 01:25:00	13.3	북서	326	17.14	30.05	0.40	4.6	0.58	4.0	1.5	남서	227	16.2	1023.4	-	133	
2020-11-06 01:30:00	12.4	북서	324	17.15	30.04	0.40	4.0	0.53	4.5	1.1	남서	234	16.0	1023.4	-	294	
2020-11-06 01:35:00	15.3	북서	312	17.16	30.04	0.33	4.5	0.51	3.5	0.7	서남서	249	15.9	1023.2	-	124	
2020-11-06 01:40:00	16.8	북서	306	17.18	30.05	0.35	4.2	0.56	3.5	0.6	서북서	286	15.8	1023.1	-	107	
2020-11-06 01:45:00	18.0	북서	310	17.20	30.04	0.33	4.4	0.58	3.5	0.0	북	0	15.7	1023.1	-	217	
2020-11-06 01:50:00	16.3	북서	315	17.22	30.05	0.33	4.4	0.50	4.5	0.3	남동	129	15.7	1023.0	-	312	
2020-11-06 01:55:00	18.5	북서	315	17.23	30.02	0.34	4.7	0.48	3.5	1.2	남	183	15.8	1023.1	-	325	
2020-11-06 02:00:00	14.1	북서	311	17.23	30.03	0.35	4.6	0.47	8.5	2.2	남남서	209	15.8	1023.1	-	26	
2020-11-06 02:05:00	17.2	북서	317	17.24	30.03	0.40	4.3	0.53	3.5	1.8	남남서	212	15.8	1023.1	-	107	
2020-11-06 02:10:00	17.5	북서	313	17.26	30.04	0.31	4.2	0.41	3.0	2.6	남남서	209	15.6	1023.1	-	240	
2020-11-06 02:15:00	16.7	북서	321	17.29	30.04	0.32	4.8	0.48	4.5	3.1	남남서	204	15.5	1023.1	-	130	
2020-11-06 02:20:00	17.3	북서	322	17.29	30.04	0.29	3.9	0.42	3.5	3.0	남	190	15.4	1023.1	-	249	
2020-11-06 02:25:00	17.2	북서	322	17.30	30.05	0.33	4.2	0.43	5.0	3.2	남	178	15.4	1023.1	-	281	
2020-11-06 02:30:00	16.7	북서	320	17.29	30.04	0.31	4.4	0.41	3.5	3.1	남	189	15.5	1023.1	-	124	
2020-11-06 02:35:00	16.0	북서	314	17.28	30.03	0.27	4.8	0.43	4.0	3.6	남	184	15.6	1022.9	-	150	
2020-11-06 02:40:00	21.3	북서	320	17.29	30.04	0.31	4.8	0.46	4.5	3.5	남	177	15.4	1022.9	-	208	
2020-11-06 02:45:00	20.7	북서	317	17.32	30.04	0.30	4.9	0.46	5.5	4.0	남	173	15.6	1023.0	-	244	
2020-11-06 02:50:00	19.4	북서	317	17.33	30.04	0.30	4.6	0.46	4.0	5.0	남남동	167	16.1	1023.0	-	290	
2020-11-06 02:55:00	21.2	북서	319	17.34	30.03	0.28	4.5	0.43	4.5	5.1	남남동	167	16.0	1022.9	-	103	
2020-11-06 03:00:00	21.9	북서	318	17.34	30.02	0.27	4.9	0.38	4.0	4.3	남	180	15.9	1022.8	-	99	
2020-11-06 03:05:00	19.9	북서	317	17.33	30.03	0.30	4.8	0.44	4.0	4.1	남	180	15.9	1022.7	-	280	
2020-11-06 03:10:00	20.4	북서	316	17.34	29.99	0.25	5.2	0.36	4.0	3.7	남	179	16.2	1022.4	-	145	
2020-11-06 03:15:00	22.4	북서	317	17.34	29.95	0.32	4.3	0.49	4.0	3.3	남	176	16.3	1022.4	-	132	
2020-11-06 03:20:00	22.1	북서	319	17.34	29.97	0.29	4.7	0.38	4.0	3.5	남남동	147	16.0	1022.3	-	175	
2020-11-06 03:25:00	21.1	북서	319	17.34	29.96	0.30	5.0	0.48	6.0	3.3	남남동	151	15.9	1022.3	-	112	
2020-11-06 03:30:00	20.4	북서	319	17.34	29.96	0.29	4.8	0.43	4.5	3.1	남남동	165	16.1	1022.4	-	182	
2020-11-06 03:35:00	20.8	북서	320	17.34	29.96	0.31	4.5	0.47	4.5	3.1	남	190	16.5	1022.3	-	146	
2020-11-06 03:40:00	23.0	북서	319	17.34	29.96	0.28	5.4	0.44	6.5	2.6	남남서	209	16.8	1022.3	-	90	
2020-11-06 03:45:00	22.5	북서	320	17.35	29.98	0.28	4.6	0.39	6.0	1.7	남서	223	16.7	1022.3	-	253	
2020-11-06 03:50:00	20.5	북서	319	17.38	30.02	0.25	5.1	0.31	3.0	1.8	북서	318	16.0	1022.3	-	189	
2020-11-06 03:55:00	19.4	북서	316	17.41	29.95	0.31	4.6	0.43	4.5	1.7	북서	326	15.1	1022.3	-	289	
2020-11-06 04:00:00	22.9	북서	323	17.41	29.94	0.29	4.1	0.46	4.5	2.1	북서	323	15.0	1022.3	-	293	
2020-11-06 04:05:00	18.3	북서	317	17.40	30.00	0.25	4.3	0.38	4.5	1.7	북북서	328	14.6	1022.3	-	333	
2020-11-06 04:10:00	18.2	북서	322	17.38	30.03	0.30	5.0	0.38	3.0	2.1	북서	316	14.3	1022.2	-	109	
2020-11-06 04:15:00	20.2	북서	320	17.39	30.08	0.35	4.3	0.49	3.5	2.5	북서	325	14.4	1022.2	-	210	
2020-11-06 04:20:00	21.8	북서	322	17.40	30.11	0.29	4.3	0.37	3.5	2.5	북서	320	14.7	1022.1	-	101	
2020-11-06 04:25:00	22.1	북서	326	17.44	30.09	0.30	5.2	0.41	3.5	2.8	북서	312	14.8	1022.1	-	61	
2020-11-06 04:30:00	23.5	북서	324	17.42	30.07	0.29	4.3	0.39	6.5	1.9	서북서	303	14.6	1022.0	-	330	
2020-11-06 04:35:00	23.8	북북서	327	17.40	30.06	0.29	4.4	0.42	6.5	1.3	북서	305	14.7	1022.1	-	270	
2020-11-06 04:40:00	23.3	북북서	328	17.40	30.10	0.26	4.5	0.46	8.0	2.2	북서	308	14.9	1022.1	-	203	
2020-11-06 04:45:00	22.9	북북서	327	17.43	30.10	0.30	4.5	0.43	7.5	1.9	서북서	302	14.8	1021.9	-	255	
2020-11-06 04:50:00	20.3	북북서	337	17.44	30.08	0.33	4.8	0.40	4.5	1.6	서북서	287	14.8	1021.7	-	249	
2020-11-06 04:55:00	21.4	북북서	328	17.43	30.08	0.30	4.4	0.42	5.0	1.9	서북서	299	15.0	1021.6	-	238	
2020-11-06 05:00:00	20.4	북서	322	17.43	30.08	0.30	3.8	0.46	4.0	2.6	북서	310	14.9	1021.7	-	106	
2020-11-06 05:05:00	19.9	북서	324	17.43	30.11	0.29	4.8	0.44	3.0	2.3	북서	313	14.9	1021.7	-	231	
2020-11-06 05:10:00	22.3	북서	321	17.43	30.08	0.30	4.1	0.47	3.5	3.1	북서	324	14.8	1021.8	-	334	
2020-11-06 05:15:00	20.6	북북서	328	17.41	30.06	0.30	4.3	0.48	4.0	3.3	서북서	296	14.2	1021.9	-	175	
2020-11-06 05:20:00	21.5	북서	325	17.38	30.05	0.38	3.9	0.56	5.5	3.3	서	280	13.7	1021.9	-	106	
2020-11-06 05:25:00	22.0	북북서	331	17.36	30.04	0.30	4.2	0.43	3.5	2.8	서	279	13.2	1021.8	-	313	
2020-11-06 05:30:00	21.5	북서	322	17.35	30.08	0.27	4.5	0.37	3.5	2.3	북서	309	13.5	1021.7	-	5	
2020-11-06 05:35:00	22.0	북북서	328	17.37	30.10	0.29	4.2	0.42	5.0	2.4	서	273	14.3	1021.6	-	110	
2020-11-06 05:40:00	20.8	북북서	330	17.40	30.07	0.29	4.5	0.53	7.0	1.6	서	260	14.5	1021.7	-	135	
2020-11-06 05:45:00	22.5	북북서	331	17.42	30.10	0.29	4.8	0.41	3.5	2.3	서남서	238	14.4	1021.8	-	155	
2020-11-06 05:50:00	19.8	북북서	328	17.43	30.08	0.28	4.4	0.37	5.0	2.3	남서	220	14.3	1021.7	-	293	
2020-11-06 05:55:00	20.8	북서	326	17.43	30.09	0.34	4.0	0.44	3.5	2.5	남서	218	14.6	1021.5	-	105	
2020-11-06 06:00:00	21.1	북서	326	17.43	30.09	0.26	4.3	0.38	5.5	3.3	남남서	205	14.4	1021.6	-	325	
2020-11-06 06:05:00	22.9	북북서	331	17.43	30.10	0.29	4.5	0.40	5.0	3.2	남남서	203	15.1	1021.5	-	275	
2020-11-06 06:10:00	21.1	북서	324	17.43	30.08	0.28	3.9	0.35	5.0	2.6	남서	215	15.2	1021.5	-	216	
2020-11-06 06:15:00	23.4	북북서	330	17.43	30.10	0.26	4.8	0.41	5.5	2.0	남서	218	15.2	1021.5	-	299	
2020-11-06 06:20:00	21.6	북북서	327	17.45	30.11	0.28	4.4	0.38	8.0	2.4	남서	233	15.4	1021.6	-	139	
2020-11-06 06:25:00	23.6	북북서	327	17.47	30.11	0.30	4.5	0.42	3.5	1.7	서	274	15.2	1021.8	-	100	
2020-11-06 06:30:00	23.4	북북서	331	17.48	30.11	0.30	4.1	0.48	3.0	2.2	북서	326	14.9	1021.8	-	119	
2020-11-06 06:35:00	24.8	북북서	333	17.47	30.09	0.28	4.1	0.42	3.5	1.5	북북동	22	15.0	1021.9	-	233	
2020-11-06 06:40:00	24.4	북북서	331	17.48	30.10	0.26	4.7	0.40	5.5	2.6	북북동	23	15.2	1021.7	-	63	
2020-11-06 06:45:00	23.8	북서	323	17.48	30.12	0.30	4.9	0.42	5.5	3.0	북북동	14	15.0	1021.6	-	72	
2020-11-06 06:50:00	23.1	북서	326	17.50	30.11	0.28	4.4	0.42	4.0	3.4	북	354	14.9	1021.5	-	318	
2020-11-06 06:55:00	18.3	북북서	328	17.50	30.11	0.30	5.3	0.42	4.0	2.3	북북서	344	15.0	1021.6	-	324	
2020-11-06 07:00:00	21.0	북서	325	17.50	30.09	0.30	4.0	0.48	4.0	2.1	북	1	15.2	1021.6	-	86	
2020-11-06 07:05:00	22.6	북서	325	17.49	30.12	0.29	4.3	0.44	4.5	1.6	북북동	15	15.4	1021.6	-	43	
2020-11-06 07:10:00	20.4	북북서	327	17.50	30.11	0.31	4.8	0.47	3.5	1.4	북북동	21	15.5	1021.7	-	319	
2020-11-06 07:15:00	24.3	북서	322	17.50	30.11	0.32	5.4	0.50	5.5	0.8	북북동	25	15.6	1021.8	-	274	
2020-11-06 07:20:00	24.1	북북서	327	17.49	30.11	0.28	4.6	0.35	4.5	0.6	북	355	15.7	1021.9	-	356	
2020-11-06 07:25:00	23.0	북서	326	17.51	30.11	0.29	4.8	0.36	5.5	0.6	동북동	57	15.8	1021.8	-	5	
2020-11-06 07:30:00	23.0	북북서	331	17.51	30.11	0.30	4.7	0.40	5.0	0.7	남남동	151	15.8	1021.9	-	236	
2020-11-06 07:35:00	22.7	북서	322	17.50	30.11	0.29	4.1	0.40	4.5	0.9	서남서	255	15.2	1021.8	-	39	
2020-11-06 07:40:00	24.1	북북서	326	17.50	30.12	0.28	4.5	0.36	4.0	1.4	서	272	14.7	1021.6	-	340	
2020-11-06 07:45:00	22.2	북북서	328	17.50	30.12	0.27	4.0	0.41	3.5	0.6	남서	229	14.6	1021.5	-	8	
2020-11-06 07:50:00	23.2	북서	326	17.50	30.12	0.32	4.6	0.46	5.0	1.2	서남서	254	14.5	1021.5	-	35	
2020-11-06 07:55:00	24.0	북북서	327	17.51	30.13	0.29	4.7	0.45	3.5	1.6	남서	233	14.6	1021.4	-	159	
2020-11-06 08:00:00	23.2	북서	325	17.51	30.12	0.30	5.0	0.47	4.5	1.4	남서	227	14.9	1021.4	-	105	
2020-11-06 08:05:00	24.2	북북서	328	17.51	30.12	0.29	4.0	0.41	5.0	2.4	남서	222	15.0	1021.4	-	103	
2020-11-06 08:10:00	26.6	북북서	329	17.51	30.12	0.30	4.6	0.38	5.0	3.0	남서	216	15.0	1021.5	-	46	
2020-11-06 08:15:00	24.1	북서	324	17.51	30.13	0.31	4.8	0.47	3.5	2.3	남서	229	14.4	1021.4	-	353	
2020-11-06 08:20:00	21.7	북북서	327	17.50	30.11	0.33	4.3	0.53	3.5	2.2	남서	225	14.5	1021.4	-	317	
2020-11-06 08:25:00	23.3	북서	321	17.50	30.11	0.30	4.1	0.43	4.5	1.4	남서	228	14.4	1021.4	-	349	
2020-11-06 08:30:00	24.2	북북서	328	17.51	30.12	0.33	4.4	0.46	3.5	1.4	남서	233	14.3	1021.4	-	346	
2020-11-06 08:35:00	22.8	북서	326	17.50	30.10	0.35	4.5	0.50	7.0	0.9	남서	235	14.3	1021.1	-	358	
2020-11-06 08:40:00	24.2	북서	324	17.50	30.12	0.33	4.7	0.43	5.0	1.5	남서	222	14.4	1021.2	-	329	
2020-11-06 08:45:00	24.4	북서	325	17.50	30.13	0.36	4.1	0.43	7.5	1.3	남서	227	14.5	1021.3	-	335	
2020-11-06 08:50:00	23.5	북서	324	17.50	30.13	0.36	4.6	0.53	6.5	1.7	남서	228	14.9	1021.4	-	15	
2020-11-06 08:55:00	23.0	북북서	328	17.49	30.12	0.31	4.1	0.46	4.0	2.3	남남서	204	15.5	1021.4	-	355	
2020-11-06 09:00:00	24.7	북북서	326	17.50	30.12	0.35	4.8	0.46	4.5	2.3	남남서	194	15.4	1021.5	-	15	
2020-11-06 09:05:00	24.2	북서	325	17.48	30.11	0.32	4.3	0.47	3.5	1.7	남남서	212	15.1	1021.5	-	127	
2020-11-06 09:10:00	25.1	북서	324	17.48	30.12	0.32	4.1	0.55	4.0	1.2	서남서	246	15.1	1021.6	-	93	
2020-11-06 09:15:00	22.2	북서	322	17.46	30.10	0.39	4.7	0.50	3.5	0.1	서남서	256	15.3	1021.7	-	330	
2020-11-06 09:20:00	24.8	북북서	329	17.41	30.16	0.32	4.6	0.41	4.0	0.1	남남서	210	15.6	1021.6	-	344	
2020-11-06 09:25:00	26.0	북서	322	17.45	30.13	0.34	4.3	0.44	4.0	1.1	남동	144	16.0	1021.6	-	311	
2020-11-06 09:30:00	23.5	북서	320	17.49	30.16	0.32	4.4	0.46	4.5	1.2	남	169	16.2	1021.5	-	225	
2020-11-06 09:35:00	27.3	북북서	327	17.50	30.13	0.32	4.6	0.48	5.5	1.5	남	170	16.2	1021.3	-	327	
2020-11-06 09:40:00	24.9	북북서	336	17.49	30.09	0.33	4.7	0.46	4.0	1.0	남남동	164	16.3	1021.3	-	184	
2020-11-06 09:45:00	26.0	북북서	331	17.47	30.10	0.32	4.5	0.42	4.5	3.2	남	184	16.8	1021.3	-	48	
2020-11-06 09:50:00	26.4	북북서	332	17.45	30.10	0.31	4.7	0.47	4.0	3.3	남	179	17.2	1021.1	-	324	
2020-11-06 09:55:00	23.4	북북서	332	17.46	30.08	0.33	4.6	0.54	4.0	3.4	남	172	16.9	1021.1	-	323	
2020-11-06 10:00:00	27.7	북북서	337	17.42	30.08	0.29	4.5	0.43	3.5	3.2	남	180	17.1	1021.1	-	284	
2020-11-06 10:05:00	23.6	북북서	328	17.45	30.14	0.36	4.7	0.49	4.5	2.7	남	188	17.3	1021.0	-	255	
2020-11-06 10:10:00	24.5	북북서	333	17.49	30.14	0.34	4.6	0.43	4.5	3.0	남남서	194	17.3	1021.0	-	111	
2020-11-06 10:15:00	25.5	북북서	330	17.50	30.13	0.30	4.7	0.39	5.5	2.7	남남서	210	17.3	1020.9	-	344	
2020-11-06 10:20:00	26.0	북북서	330	17.50	30.13	0.29	4.6	0.37	4.5	2.8	남서	231	17.4	1020.9	-	139	
2020-11-06 10:25:00	27.3	북북서	330	17.50	30.12	0.32	4.5	0.44	4.5	2.3	서남서	249	17.4	1020.9	-	239	
2020-11-06 10:30:00	22.2	북북서	335	17.49	30.12	0.29	5.1	0.42	5.0	2.1	서남서	252	17.2	1020.9	-	315	
2020-11-06 10:35:00	24.7	북북서	329	17.50	30.12	0.35	4.2	0.58	4.0	1.9	서	265	17.3	1020.9	-	199	
2020-11-06 10:40:00	28.4	북북서	334	17.49	30.12	0.31	4.5	0.40	5.5	2.2	서남서	247	17.1	1020.9	-	322	
2020-11-06 10:45:00	23.8	북북서	335	17.49	30.13	0.27	4.1	0.34	4.0	1.1	서남서	237	17.4	1020.6	-	309	
2020-11-06 10:50:00	26.9	북북서	332	17.49	30.12	0.32	4.4	0.44	3.5	1.5	남남서	213	17.8	1020.5	-	207	
2020-11-06 10:55:00	26.5	북북서	339	17.49	30.14	0.36	4.2	0.56	4.0	1.2	남서	216	17.7	1020.5	-	266	
2020-11-06 11:00:00	24.0	북북서	336	17.48	30.14	0.31	5.1	0.41	5.0	1.8	서남서	252	17.6	1020.5	-	90	
2020-11-06 11:05:00	24.5	북서	325	17.48	30.14	0.28	4.4	0.38	4.0	2.2	서북서	291	17.3	1020.4	-	179	
2020-11-06 11:10:00	26.8	북북서	336	17.48	30.12	0.29	4.2	0.41	4.5	1.8	북북서	330	17.0	1020.4	-	264	
2020-11-06 11:15:00	27.5	북북서	333	17.48	30.13	0.29	4.7	0.54	4.0	1.6	북서	320	17.3	1020.4	-	23	
2020-11-06 11:20:00	35.6	북북서	347	17.48	30.12	0.29	4.3	0.39	5.0	2.7	북서	308	18.3	1020.3	-	145	
2020-11-06 11:25:00	24.9	북북서	327	17.49	30.13	0.30	4.4	0.41	4.5	3.9	북북동	13	17.8	1020.2	-	354	
2020-11-06 11:30:00	34.1	북북서	341	17.49	30.13	0.30	4.2	0.37	4.5	3.4	북	0	17.5	1020.3	-	166	
2020-11-06 11:35:00	25.5	북북서	335	17.49	30.14	0.31	4.5	0.44	4.5	3.1	북서	318	17.7	1020.2	-	269	
2020-11-06 11:40:00	28.3	북북서	332	17.50	30.13	0.35	4.6	0.46	4.5	3.0	서북서	291	18.8	1020.1	-	246	
2020-11-06 11:45:00	27.3	북북서	336	17.50	30.10	0.28	4.3	0.39	4.5	4.3	서	276	19.0	1020.0	-	258	
2020-11-06 11:50:00	26.1	북북서	336	17.50	30.12	0.31	4.7	0.49	3.5	6.4	서북서	288	19.2	1019.8	-	145	
2020-11-06 11:55:00	25.3	북북서	337	17.50	30.12	0.33	4.4	0.50	4.5	4.1	서북서	291	19.3	1019.8	-	314	
2020-11-06 12:00:00	25.9	북북서	334	17.50	30.12	0.27	4.5	0.35	4.0	4.5	서북서	299	19.3	1019.7	-	88	
2020-11-06 12:05:00	28.1	북북서	336	17.50	30.13	0.31	4.0	0.43	3.5	3.8	북서	304	19.5	1019.6	-	192	
2020-11-06 12:10:00	22.4	북북서	338	17.49	30.13	0.28	5.2	0.40	6.0	2.0	남	185	19.6	1019.6	-	179	
2020-11-06 12:15:00	27.4	북북서	332	17.49	30.12	0.28	5.0	0.39	5.0	1.5	남	175	19.5	1019.4	-	255	
2020-11-06 12:20:00	27.4	북북서	332	17.48	30.12	0.31	4.6	0.40	3.0	1.5	남서	217	19.6	1019.2	-	199	
2020-11-06 12:25:00	22.9	북북서	330	17.48	30.12	0.30	4.0	0.39	5.0	1.0	북	358	19.6	1019.0	-	294	
2020-11-06 12:30:00	15.6	북북서	335	17.46	30.10	0.29	4.4	0.39	4.0	1.3	북북동	20	19.6	1018.9	-	214	
2020-11-06 12:35:00	19.1	북북서	330	17.48	30.16	0.30	4.5	0.42	3.0	2.7	북북동	26	19.2	1018.9	-	289	
2020-11-06 12:40:00	16.9	북서	325	17.51	30.14	0.29	4.4	0.44	3.5	1.8	북동	45	19.0	1018.8	-	307	
2020-11-06 12:45:00	15.9	북서	321	17.52	30.14	0.28	4.1	0.43	4.5	2.6	북동	47	18.6	1018.7	-	222	
2020-11-06 12:50:00	11.8	북서	326	17.52	30.14	0.29	3.8	0.46	3.5	2.0	북동	48	18.3	1018.7	-	132	
2020-11-06 12:55:00	26.2	북북서	330	17.52	30.14	0.28	3.7	0.37	4.0	1.4	동	85	18.4	1018.6	-	340	
2020-11-06 13:00:00	7.0	북서	309	17.53	30.14	0.33	4.1	0.66	4.0	1.6	동	86	18.8	1018.6	-	241	
2020-11-06 13:05:00	11.5	북북서	327	17.53	30.14	0.32	4.5	0.43	3.5	1.7	동북동	77	18.9	1018.5	-	210	
2020-11-06 13:10:00	13.7	북서	322	17.53	30.13	0.31	4.2	0.46	4.0	4.5	동북동	67	18.5	1018.4	-	196	
2020-11-06 13:15:00	19.2	북북서	332	17.53	30.15	0.30	4.3	0.43	4.0	5.9	동북동	66	18.1	1018.2	-	208	
2020-11-06 13:20:00	24.3	북북서	337	17.54	30.14	0.28	3.8	0.40	4.0	5.5	동	81	18.0	1018.1	-	173	
2020-11-06 13:25:00	23.9	북서	325	17.55	30.15	0.32	4.2	0.48	3.0	4.9	동	83	17.9	1018.2	-	256	
2020-11-06 13:30:00	30.3	북서	323	17.56	30.15	0.30	4.8	0.39	5.5	4.7	동	89	17.8	1018.2	-	169	
2020-11-06 13:35:00	25.6	북북서	327	17.57	30.12	0.27	4.7	0.35	4.0	5.5	동북동	75	17.8	1018.0	-	179	
2020-11-06 13:40:00	27.2	북서	323	17.57	30.13	0.27	4.6	0.36	4.5	5.4	동북동	71	17.9	1017.9	-	218	
2020-11-06 13:45:00	24.3	북북서	332	17.57	30.13	0.28	4.4	0.41	5.0	5.0	동북동	67	17.9	1017.8	-	313	
2020-11-06 13:50:00	13.6	북북서	336	17.56	30.14	0.26	4.2	0.36	4.0	4.9	동북동	71	17.8	1017.8	-	273	
2020-11-06 13:55:00	15.0	북북서	333	17.54	30.11	0.27	4.4	0.42	4.5	4.5	동북동	71	17.6	1017.7	-	300	
2020-11-06 14:00:00	26.4	북서	324	17.53	30.13	0.28	4.4	0.48	5.0	4.7	동북동	71	17.6	1017.6	-	225	
2020-11-06 14:05:00	22.6	북서	319	17.52	30.14	0.26	4.7	0.40	5.5	4.7	동북동	67	18.0	1017.5	-	103	
2020-11-06 14:10:00	21.1	북서	324	17.53	30.14	0.28	4.5	0.36	3.0	4.4	북동	54	17.9	1017.5	-	202	
2020-11-06 14:15:00	16.3	북서	315	17.53	30.15	0.28	5.2	0.33	6.0	4.8	북동	46	17.7	1017.4	-	85	
2020-11-06 14:20:00	18.6	북서	322	17.56	30.16	0.28	4.4	0.35	4.5	4.2	북동	39	17.7	1017.5	-	225	
2020-11-06 14:25:00	20.0	북서	321	17.57	30.14	0.32	4.0	0.46	2.5	4.1	북동	35	17.5	1017.4	-	63	
2020-11-06 14:30:00	26.2	북서	322	17.55	30.13	0.29	4.0	0.47	3.5	3.0	북북동	31	17.6	1017.6	-	55	
2020-11-06 14:35:00	23.1	북북서	327	17.55	30.13	0.33	4.0	0.55	3.5	2.7	북동	44	17.7	1017.5	-	235	
2020-11-06 14:40:00	30.6	북북서	330	17.55	30.13	0.32	3.5	0.43	4.0	3.0	북동	35	17.7	1017.4	-	98	
2020-11-06 14:45:00	28.3	북서	318	17.56	30.13	0.29	4.3	0.40	3.5	2.1	북북동	27	17.8	1017.5	-	127	
2020-11-06 14:50:00	22.8	북서	315	17.56	30.12	0.27	4.1	0.33	3.5	3.1	북동	40	17.8	1017.4	-	89	
2020-11-06 14:55:00	26.7	북서	325	17.55	30.12	0.29	4.0	0.37	3.5	2.8	북동	55	18.0	1017.4	-	340	
2020-11-06 15:00:00	28.0	북서	325	17.53	30.13	0.27	4.2	0.37	4.0	1.4	북동	42	18.2	1017.4	-	277	
2020-11-06 15:05:00	29.7	북서	324	17.52	30.12	0.29	4.6	0.42	3.5	2.0	북동	52	18.7	1017.5	-	198	
2020-11-06 15:10:00	28.2	북북서	328	17.51	30.12	0.32	4.2	0.44	3.5	1.0	동남동	105	19.0	1017.6	-	234	
2020-11-06 15:15:00	31.5	북서	322	17.51	30.11	0.32	4.1	0.48	3.5	0.9	동북동	62	19.7	1017.5	-	195	
2020-11-06 15:20:00	28.9	북서	323	17.49	30.07	0.39	3.5	0.60	4.0	1.8	남남서	192	19.5	1017.5	-	103	
2020-11-06 15:25:00	26.7	북서	325	17.46	30.05	0.39	4.0	0.54	3.5	2.4	남남서	196	19.2	1017.5	-	258	
2020-11-06 15:30:00	22.5	북북서	330	17.47	30.09	0.31	4.5	0.43	4.5	5.8	서남서	240	19.5	1017.4	-	277	
2020-11-06 15:35:00	24.5	북북서	332	17.46	30.06	0.34	3.8	0.51	3.5	7.8	서남서	239	19.5	1017.2	-	238	
2020-11-06 15:40:00	26.2	북북서	328	17.46	30.05	0.27	3.8	0.36	4.0	8.6	서남서	239	19.4	1017.1	-	152	
2020-11-06 15:45:00	27.0	북북서	330	17.47	30.08	0.29	4.3	0.43	3.5	8.7	서남서	237	19.2	1016.9	-	255	
2020-11-06 15:50:00	28.3	북북서	335	17.48	30.08	0.31	4.3	0.51	6.5	7.9	남서	236	19.3	1016.9	-	187	
2020-11-06 15:55:00	27.9	북북서	330	17.51	30.10	0.33	4.4	0.44	3.5	8.4	서남서	239	19.2	1016.8	-	153	
2020-11-06 16:00:00	26.6	북북서	338	17.51	30.10	0.31	4.4	0.50	4.0	8.1	남서	234	19.2	1016.9	-	180	
2020-11-06 16:05:00	27.8	북북서	334	17.52	30.10	0.33	3.9	0.51	4.5	9.3	남서	231	19.1	1016.7	-	131	
2020-11-06 16:10:00	26.5	북북서	336	17.53	30.11	0.31	4.1	0.43	4.5	8.4	남서	232	19.1	1016.8	-	70	
2020-11-06 16:15:00	27.0	북북서	340	17.53	30.11	0.33	4.3	0.45	3.5	7.5	남서	229	19.1	1016.8	-	136	
2020-11-06 16:20:00	28.0	북북서	336	17.52	30.11	0.34	4.3	0.43	4.5	7.2	서남서	237	19.0	1016.9	-	140	
2020-11-06 16:25:00	25.7	북북서	338	17.53	30.12	0.27	4.2	0.52	3.5	7.6	남서	230	19.0	1017.0	-	246	
2020-11-06 16:30:00	26.5	북북서	336	17.53	30.11	0.27	4.4	0.37	3.5	7.5	서남서	237	19.0	1017.0	-	149	
2020-11-06 16:35:00	24.0	북북서	344	17.52	30.11	0.26	4.6	0.41	5.5	7.0	남서	233	18.9	1016.9	-	5	
2020-11-06 16:40:00	24.7	북북서	337	17.52	30.12	0.33	4.0	0.49	4.0	7.3	남서	227	18.8	1016.8	-	154	
2020-11-06 16:45:00	27.9	북북서	338	17.51	30.11	0.29	4.2	0.38	4.5	7.2	남서	232	18.7	1016.8	-	144	
2020-11-06 16:50:00	27.8	북북서	343	17.51	30.11	0.28	4.8	0.53	5.0	8.0	남서	232	18.5	1016.8	-	174	
2020-11-06 16:55:00	30.2	북북서	341	17.51	30.11	0.27	4.8	0.41	4.5	8.2	남서	228	18.5	1016.8	-	284	
2020-11-06 17:00:00	31.5	북북서	338	17.50	30.12	0.29	4.4	0.43	4.0	7.8	남서	225	18.4	1016.7	-	222	
2020-11-06 17:05:00	29.9	북북서	344	17.50	30.13	0.26	4.5	0.40	3.5	7.9	남서	228	18.3	1016.6	-	190	
2020-11-06 17:10:00	31.2	북북서	339	17.50	30.13	0.25	4.7	0.46	4.0	7.5	남서	229	18.3	1016.6	-	140	
2020-11-06 17:15:00	27.4	북북서	343	17.50	30.13	0.32	4.5	0.41	3.5	8.3	남서	229	18.2	1016.5	-	13	
2020-11-06 17:20:00	30.4	북북서	344	17.50	30.13	0.31	4.2	0.46	4.0	8.4	남서	230	18.1	1016.5	-	259	
2020-11-06 17:25:00	31.0	북북서	337	17.50	30.13	0.31	4.3	0.47	4.0	7.9	남서	235	18.1	1016.6	-	164	
2020-11-06 17:30:00	34.8	북북서	342	17.50	30.13	0.29	4.2	0.52	4.0	7.6	남서	231	18.1	1016.5	-	149	
2020-11-06 17:35:00	33.2	북북서	342	17.51	30.12	0.29	4.4	0.46	4.0	7.4	남서	230	18.1	1016.5	-	188	
2020-11-06 17:40:00	31.5	북북서	336	17.50	30.13	0.27	4.2	0.44	4.0	8.3	남서	231	18.0	1016.4	-	174	
2020-11-06 17:45:00	33.7	북북서	337	17.51	30.13	0.26	4.4	0.38	4.5	8.5	남서	231	18.1	1016.4	-	175	
2020-11-06 17:50:00	31.0	북북서	329	17.51	30.14	0.26	4.2	0.34	5.5	8.1	남서	229	18.0	1016.5	-	196	
2020-11-06 17:55:00	31.2	북북서	335	17.51	30.13	0.29	4.1	0.46	3.5	7.4	남서	227	17.9	1016.5	-	151	
2020-11-06 18:00:00	32.1	북북서	336	17.51	30.13	0.28	4.5	0.45	5.0	6.6	남서	227	17.9	1016.6	-	306	
2020-11-06 18:05:00	32.9	북북서	335	17.51	30.13	0.29	4.5	0.42	4.5	6.3	남서	230	17.8	1016.7	-	303	
2020-11-06 18:10:00	30.7	북북서	337	17.51	30.14	0.27	4.6	0.39	4.5	6.5	남서	224	17.8	1016.7	-	156	
2020-11-06 18:15:00	30.2	북북서	334	17.51	30.12	0.23	4.1	0.34	4.0	5.8	남서	220	17.8	1016.7	-	194	
2020-11-06 18:20:00	33.0	북북서	333	17.50	30.13	0.21	4.7	0.26	5.5	6.1	남서	218	17.8	1016.7	-	156	
2020-11-06 18:25:00	29.7	북북서	338	17.50	30.12	0.22	4.7	0.30	4.5	7.1	남서	214	17.8	1016.7	-	278	
2020-11-06 18:30:00	30.7	북북서	334	17.50	30.13	0.25	4.3	0.34	4.0	7.0	남서	224	17.8	1016.8	-	262	
2020-11-06 18:35:00	31.4	북북서	333	17.51	30.13	0.24	4.2	0.31	4.0	6.3	남서	223	17.7	1016.9	-	217	
2020-11-06 18:40:00	32.5	북북서	335	17.51	30.11	0.24	4.8	0.41	4.0	7.0	남서	220	17.7	1017.0	-	191	
2020-11-06 18:45:00	33.8	북북서	336	17.50	30.13	0.19	4.8	0.29	4.0	6.4	남서	222	17.6	1017.1	-	112	
2020-11-06 18:50:00	33.1	북북서	339	17.50	30.12	0.24	4.3	0.31	4.0	4.3	남서	223	17.6	1017.2	-	341	
2020-11-06 18:55:00	32.3	북북서	331	17.50	30.12	0.22	4.8	0.28	4.5	4.8	남서	222	17.6	1017.2	-	330	
2020-11-06 19:00:00	33.3	북북서	336	17.50	30.11	0.22	4.4	0.30	4.5	4.5	남남서	209	17.7	1017.3	-	99	
2020-11-06 19:05:00	32.9	북북서	336	17.51	30.11	0.20	4.9	0.27	7.5	5.3	남서	217	17.7	1017.2	-	89	
2020-11-06 19:10:00	31.0	북북서	338	17.51	30.13	0.22	4.5	0.32	4.0	5.4	남서	214	17.6	1017.1	-	326	
2020-11-06 19:15:00	29.0	북북서	338	17.51	30.13	0.22	4.8	0.30	5.0	5.4	남남서	212	17.7	1017.1	-	63	
2020-11-06 19:20:00	33.0	북북서	342	17.51	30.13	0.23	4.7	0.30	5.0	5.8	남서	214	17.7	1017.1	-	218	
2020-11-06 19:25:00	31.4	북북서	340	17.52	30.12	0.23	4.7	0.33	4.0	5.7	남서	215	17.7	1017.1	-	272	
2020-11-06 19:30:00	30.4	북북서	339	17.52	30.12	0.22	4.7	0.35	4.0	5.7	남서	215	17.6	1017.1	-	159	
2020-11-06 19:35:00	31.5	북북서	341	17.52	30.12	0.23	4.6	0.34	4.0	4.9	남서	217	17.6	1017.1	-	144	
2020-11-06 19:40:00	29.6	북북서	337	17.52	30.11	0.21	5.0	0.27	4.0	5.4	남남서	211	17.6	1017.1	-	78	
2020-11-06 19:45:00	28.9	북북서	337	17.51	30.11	0.22	4.7	0.29	4.0	5.5	남남서	211	17.6	1017.0	-	153	
2020-11-06 19:50:00	30.3	북북서	335	17.51	30.11	0.28	3.9	0.50	3.0	5.7	남남서	205	17.6	1017.0	-	219	
2020-11-06 19:55:00	28.7	북북서	340	17.51	30.11	0.20	4.8	0.26	4.0	6.3	남남서	210	17.6	1016.9	-	346	
2020-11-06 20:00:00	29.9	북북서	338	17.51	30.12	0.19	4.8	0.33	3.5	6.5	남남서	206	17.6	1016.9	-	110	
2020-11-06 20:05:00	28.4	북북서	340	17.52	30.12	0.20	4.8	0.27	3.5	6.5	남남서	209	17.6	1016.8	-	68	
2020-11-06 20:10:00	28.8	북북서	336	17.52	30.11	0.19	5.1	0.26	5.0	7.0	남남서	210	17.6	1016.8	-	125	
2020-11-06 20:15:00	27.8	북북서	338	17.51	30.10	0.22	4.2	0.34	3.5	7.4	남서	217	17.6	1016.7	-	122	
2020-11-06 20:20:00	29.5	북북서	340	17.51	30.09	0.19	4.5	0.30	4.5	7.0	남서	217	17.6	1016.7	-	172	
2020-11-06 20:25:00	27.7	북북서	341	17.50	30.08	0.20	5.3	0.23	7.0	7.2	남서	221	17.6	1016.6	-	134	
2020-11-06 20:30:00	25.6	북북서	337	17.50	30.08	0.19	4.9	0.28	5.0	7.1	남서	223	17.6	1016.5	-	191	
2020-11-06 20:35:00	28.5	북북서	343	17.50	30.08	0.22	4.5	0.35	3.5	6.7	남서	228	17.6	1016.5	-	168	
2020-11-06 20:40:00	25.4	북북서	344	17.50	30.08	0.19	5.1	0.33	5.0	6.1	남서	227	17.5	1016.6	-	71	
2020-11-06 20:45:00	27.8	북북서	333	17.50	30.07	0.19	5.1	0.27	4.0	5.3	남서	228	17.5	1016.7	-	171	
2020-11-06 20:50:00	25.8	북북서	332	17.50	30.08	0.19	4.4	0.32	5.0	5.5	남서	219	17.6	1016.7	-	326	
2020-11-06 20:55:00	27.2	북북서	333	17.50	30.08	0.21	5.3	0.29	4.5	6.3	남서	221	17.6	1016.7	-	138	
2020-11-06 21:00:00	26.8	북북서	336	17.50	30.08	0.19	4.8	0.33	8.0	5.3	남서	226	17.6	1016.7	-	166	
2020-11-06 21:05:00	25.1	북북서	332	17.50	30.08	0.20	4.4	0.26	4.5	5.4	남서	230	17.6	1016.8	-	172	
2020-11-06 21:10:00	23.9	북북서	337	17.50	30.07	0.20	5.1	0.29	4.5	5.0	남서	233	17.5	1016.8	-	142	
2020-11-06 21:15:00	24.6	북북서	339	17.51	30.08	0.21	4.5	0.32	3.0	3.9	서남서	251	17.4	1016.9	-	216	
2020-11-06 21:20:00	27.4	북북서	337	17.51	30.08	0.23	5.1	0.34	5.5	2.0	서	280	16.6	1016.9	-	131	
2020-11-06 21:25:00	24.8	북북서	337	17.52	30.06	0.22	4.8	0.37	4.0	2.5	북서	311	16.4	1016.9	-	133	
2020-11-06 21:30:00	26.6	북북서	336	17.53	30.08	0.22	4.9	0.32	3.5	1.9	북서	304	15.8	1016.8	-	152	
2020-11-06 21:35:00	26.0	북북서	334	17.53	30.07	0.22	4.8	0.35	5.0	2.4	북서	324	15.8	1016.9	-	135	
2020-11-06 21:40:00	26.4	북북서	336	17.53	30.07	0.20	4.6	0.28	5.5	2.1	북북서	333	15.9	1016.9	-	125	
2020-11-06 21:45:00	24.1	북북서	338	17.53	30.07	0.20	4.4	0.31	4.0	1.5	북북서	335	16.1	1017.0	-	24	
2020-11-06 21:50:00	23.1	북북서	343	17.53	30.08	0.22	5.6	0.34	4.5	0.9	북	357	16.2	1016.9	-	311	
2020-11-06 21:55:00	22.0	북북서	342	17.53	30.08	0.23	4.4	0.32	4.0	0.7	북북서	328	16.3	1017.0	-	310	
2020-11-06 22:00:00	22.9	북북서	339	17.53	30.09	0.23	5.2	0.35	5.0	1.0	북북서	338	16.5	1017.0	-	228	
2020-11-06 22:05:00	22.9	북북서	337	17.53	30.09	0.19	4.7	0.33	4.0	0.6	북서	318	16.5	1017.0	-	213	
2020-11-06 22:10:00	23.5	북북서	336	17.53	30.08	0.21	4.5	0.26	5.0	1.6	남남서	207	16.7	1016.9	-	88	
2020-11-06 22:15:00	21.5	북북서	332	17.53	30.07	0.21	4.8	0.29	4.0	0.9	서북서	293	16.9	1016.8	-	239	
2020-11-06 22:20:00	22.7	북북서	333	17.53	30.09	0.20	4.7	0.29	4.5	2.0	서남서	254	16.8	1016.8	-	122	
2020-11-06 22:25:00	20.4	북북서	331	17.53	30.08	0.19	5.1	0.32	4.0	3.3	서남서	243	16.9	1016.7	-	148	
2020-11-06 22:30:00	20.8	북북서	337	17.53	30.07	0.22	4.7	0.32	4.0	4.3	서	259	17.2	1016.7	-	110	
2020-11-06 22:35:00	21.7	북북서	338	17.53	30.06	0.22	4.2	0.27	3.0	4.0	서	276	16.9	1016.7	-	133	
2020-11-06 22:40:00	21.0	북북서	335	17.53	30.07	0.22	4.5	0.33	5.5	3.2	서북서	301	16.0	1016.8	-	138	
2020-11-06 22:45:00	20.0	북북서	333	17.53	30.07	0.19	4.7	0.29	4.0	2.8	서북서	289	15.8	1016.8	-	51	
2020-11-06 22:50:00	20.4	북북서	330	17.53	30.06	0.21	4.8	0.30	4.5	3.0	서북서	286	15.6	1016.8	-	40	
2020-11-06 22:55:00	19.5	북북서	330	17.53	30.09	0.20	4.7	0.27	5.5	2.6	서	267	15.5	1016.7	-	279	
2020-11-06 23:00:00	20.5	북북서	333	17.52	30.09	0.21	4.5	0.26	3.5	2.3	서남서	248	16.0	1016.6	-	107	
2020-11-06 23:05:00	17.9	북북서	330	17.53	30.07	0.20	4.7	0.31	3.0	3.5	서남서	250	16.3	1016.7	-	131	
2020-11-06 23:10:00	18.7	북북서	334	17.52	30.08	0.20	4.6	0.25	4.5	3.4	서	267	16.8	1016.7	-	37	
2020-11-06 23:15:00	19.0	북북서	328	17.52	30.09	0.20	4.7	0.28	4.5	2.4	서남서	249	16.7	1016.6	-	230	
2020-11-06 23:20:00	18.5	북서	322	17.52	30.07	0.19	4.8	0.26	3.5	1.6	남서	227	16.6	1016.6	-	321	
2020-11-06 23:25:00	16.8	북서	324	17.52	30.08	0.17	4.3	0.24	4.5	1.8	남남서	212	16.7	1016.6	-	201	
2020-11-06 23:30:00	18.2	북북서	333	17.52	30.08	0.20	5.1	0.27	5.0	1.7	남서	225	16.8	1016.6	-	152	
2020-11-06 23:35:00	17.9	북북서	329	17.51	30.08	0.21	4.6	0.28	4.5	2.4	서남서	242	16.9	1016.5	-	105	
2020-11-06 23:40:00	17.1	북서	324	17.52	30.08	0.18	5.5	0.30	4.0	1.9	남서	232	17.0	1016.5	-	88	
2020-11-06 23:45:00	16.8	북서	314	17.52	30.12	0.22	4.9	0.30	5.0	1.8	남서	227	16.8	1016.5	-	137	
2020-11-06 23:50:00	16.5	북서	325	17.52	30.10	0.19	4.7	0.26	8.0	0.4	남	178	16.7	1016.5	-	133	
2020-11-06 23:55:00	16.0	북서	324	17.52	30.09	0.21	4.9	0.27	7.0	1.3	남남동	158	16.9	1016.6	-	120	
2020-11-07 00:00:00	17.1	북서	316	17.55	30.14	0.23	5.3	0.31	4.5	1.8	남	180	16.9	1016.5	-	80	
2020-11-07 00:05:00	19.6	북서	323	17.55	30.12	0.24	4.5	0.39	3.5	3.2	남서	217	17.2	1016.4	-	10	
2020-11-07 00:10:00	17.0	북서	315	17.56	30.12	0.22	4.4	0.29	4.5	2.8	남서	229	17.3	1016.3	-	243	
2020-11-07 00:15:00	17.7	북서	324	17.58	30.16	0.23	4.8	0.31	3.5	2.2	남서	224	17.1	1016.3	-	326	
2020-11-07 00:20:00	18.9	북서	321	17.56	30.11	0.22	4.4	0.37	4.0	3.0	남서	227	17.0	1016.3	-	295	
2020-11-07 00:25:00	16.6	북서	323	17.58	30.12	0.25	4.7	0.41	5.0	3.1	서남서	240	17.0	1016.3	-	208	
2020-11-07 00:30:00	20.9	북서	318	17.60	30.14	0.20	4.6	0.24	3.5	2.6	서남서	242	16.9	1016.3	-	151	
2020-11-07 00:35:00	19.4	북서	311	17.60	30.10	0.22	4.3	0.33	6.0	4.2	서남서	245	17.0	1016.3	-	308	
2020-11-07 00:40:00	20.5	북서	318	17.64	30.17	0.23	4.4	0.29	4.0	5.4	서남서	240	17.1	1016.1	-	317	
2020-11-07 00:45:00	18.0	북서	325	17.68	30.14	0.21	4.5	0.39	6.0	6.2	남서	234	17.1	1016.0	-	124	
2020-11-07 00:50:00	17.9	북서	319	17.66	30.15	0.20	4.5	0.27	5.0	6.1	남서	234	17.1	1016.1	-	359	
2020-11-07 00:55:00	17.4	북서	320	17.73	30.18	0.23	4.5	0.30	3.5	6.5	남서	232	17.1	1016.0	-	215	
2020-11-07 01:00:00	19.3	북서	323	17.76	30.15	0.21	4.8	0.34	4.0	5.9	남서	233	17.1	1016.0	-	312	
2020-11-07 01:05:00	18.0	북북서	331	17.73	30.14	0.21	4.2	0.28	3.5	6.9	남서	236	17.2	1016.0	-	335	
2020-11-07 01:10:00	19.4	북서	317	17.74	30.18	0.22	4.5	0.31	6.0	7.3	서남서	240	17.2	1016.0	-	265	
2020-11-07 01:15:00	18.9	북서	318	17.74	30.14	0.24	4.3	0.34	5.0	6.7	서남서	237	17.3	1016.0	-	78	
2020-11-07 01:20:00	19.0	북서	320	17.73	30.12	0.22	4.2	0.40	4.0	7.7	서남서	238	17.3	1015.9	-	187	
2020-11-07 01:25:00	18.7	북서	323	17.71	30.14	0.21	4.5	0.30	3.0	7.3	서남서	241	17.3	1015.9	-	335	
2020-11-07 01:30:00	19.1	북북서	329	17.69	30.11	0.21	4.8	0.37	3.5	6.6	서남서	243	17.3	1015.9	-	199	
2020-11-07 01:35:00	19.0	북북서	333	17.65	30.08	0.21	4.6	0.27	3.5	7.0	서남서	241	17.3	1015.9	-	202	
2020-11-07 01:40:00	19.6	북서	322	17.60	30.10	0.20	4.0	0.28	4.0	5.9	서남서	247	17.2	1016.0	-	115	
2020-11-07 01:45:00	20.6	북서	318	17.67	30.19	0.20	4.7	0.29	4.0	6.3	서남서	247	17.2	1016.1	-	248	
2020-11-07 01:50:00	20.2	북서	325	17.68	30.19	0.22	4.2	0.30	3.0	5.0	서남서	254	17.2	1016.1	-	147	
2020-11-07 01:55:00	19.9	북북서	326	17.69	30.16	0.20	4.5	0.27	6.5	4.9	서남서	256	17.2	1016.2	-	236	
2020-11-07 02:00:00	18.6	북북서	332	17.70	30.15	0.18	4.8	0.26	6.0	4.4	서남서	254	17.2	1016.2	-	116	
2020-11-07 02:05:00	18.5	북서	326	17.71	30.16	0.20	4.6	0.29	3.5	4.7	서남서	250	17.1	1016.2	-	226	
2020-11-07 02:10:00	18.2	북북서	327	17.71	30.14	0.20	4.3	0.30	4.0	5.6	서남서	247	17.1	1016.2	-	237	
2020-11-07 02:15:00	18.2	북북서	327	17.71	30.12	0.21	4.6	0.37	4.0	6.0	서남서	243	17.1	1016.1	-	263	
2020-11-07 02:20:00	15.5	북북서	336	17.68	30.14	0.19	4.3	0.26	3.5	6.6	서남서	243	17.2	1016.0	-	16	
2020-11-07 02:25:00	16.7	북서	325	17.70	30.15	0.19	4.4	0.26	4.0	7.0	서남서	247	17.1	1015.9	-	185	
2020-11-07 02:30:00	17.0	북서	323	17.70	30.15	0.22	4.3	0.32	3.5	6.4	서남서	240	17.2	1015.9	-	89	
2020-11-07 02:35:00	17.5	북북서	338	17.68	30.15	0.19	4.9	0.26	3.5	7.0	서남서	245	17.2	1015.8	-	133	
2020-11-07 02:40:00	17.3	북북서	328	17.68	30.15	0.21	4.3	0.27	3.5	6.8	서남서	240	17.2	1015.8	-	235	
2020-11-07 02:45:00	16.9	북북서	331	17.69	30.15	0.19	4.5	0.36	4.0	5.2	서남서	240	17.2	1015.9	-	259	
2020-11-07 02:50:00	18.3	북북서	328	17.66	30.14	0.19	4.7	0.23	3.0	5.5	서남서	241	17.2	1015.9	-	307	
2020-11-07 02:55:00	17.1	북서	324	17.66	30.15	0.21	4.2	0.32	3.5	4.8	서남서	241	17.2	1015.9	-	197	
2020-11-07 03:00:00	18.2	북북서	328	17.66	30.17	0.22	4.9	0.33	4.5	3.5	남서	227	17.2	1015.9	-	46	
2020-11-07 03:05:00	17.5	북북서	330	17.66	30.15	0.20	4.5	0.27	3.5	3.2	남서	222	17.2	1016.0	-	354	
2020-11-07 03:10:00	16.7	북북서	331	17.64	30.15	0.22	4.3	0.32	6.0	2.5	남남서	212	17.1	1016.0	-	145	
2020-11-07 03:15:00	16.0	북북서	329	17.65	30.16	0.19	4.5	0.24	4.0	2.8	남남서	199	17.1	1015.9	-	306	
2020-11-07 03:20:00	15.5	북북서	333	17.67	30.09	0.21	4.5	0.28	3.5	2.5	남서	214	17.0	1015.9	-	69	
2020-11-07 03:25:00	17.3	북북서	328	17.69	30.16	0.20	4.1	0.28	3.5	2.1	남서	219	16.9	1015.9	-	183	
2020-11-07 03:30:00	18.7	북서	326	17.67	30.11	0.19	4.6	0.31	5.0	2.1	남서	215	16.9	1015.9	-	47	
2020-11-07 03:35:00	14.2	북서	326	17.66	30.16	0.21	4.5	0.27	5.0	1.8	남남서	209	16.8	1015.9	-	125	
2020-11-07 03:40:00	15.4	북북서	330	17.67	30.16	0.19	4.3	0.25	4.5	1.4	남서	215	16.7	1015.9	-	139	
2020-11-07 03:45:00	16.2	북북서	333	17.63	30.14	0.20	4.8	0.32	7.5	0.6	남남서	194	16.8	1015.8	-	149	
2020-11-07 03:50:00	17.1	북북서	331	17.64	30.18	0.21	4.0	0.29	4.5	0.5	남남동	164	16.8	1015.8	-	350	
2020-11-07 03:55:00	17.8	북서	322	17.67	30.14	0.19	4.8	0.32	4.5	0.6	남	179	16.8	1015.8	-	124	
2020-11-07 04:00:00	16.6	북서	326	17.67	30.15	0.23	4.6	0.35	3.5	0.9	서북서	299	16.9	1015.8	-	198	
2020-11-07 04:05:00	17.6	북북서	330	17.67	30.14	0.18	4.2	0.26	4.0	1.3	남	191	17.1	1015.8	-	330	
2020-11-07 04:10:00	16.4	북서	323	17.66	30.15	0.20	4.4	0.25	3.5	1.7	남남서	211	17.1	1015.7	-	53	
2020-11-07 04:15:00	16.4	북서	318	17.67	30.16	0.21	3.7	0.33	3.5	1.3	남	177	17.1	1015.8	-	189	
2020-11-07 04:20:00	19.9	북북서	329	17.67	30.16	0.26	4.6	0.36	3.5	2.0	남	185	17.0	1015.7	-	300	
2020-11-07 04:25:00	17.8	북서	325	17.67	30.14	0.20	4.0	0.28	5.5	2.0	남남서	200	17.0	1015.7	-	325	
2020-11-07 04:30:00	18.1	북서	326	17.68	30.16	0.23	4.0	0.31	4.0	1.2	남	186	16.9	1015.5	-	300	
2020-11-07 04:35:00	16.9	북서	324	17.68	30.16	0.24	4.3	0.41	4.0	1.2	남서	232	16.9	1015.5	-	288	
2020-11-07 04:40:00	17.8	북북서	331	17.69	30.16	0.21	4.2	0.29	4.0	4.4	남서	230	17.4	1015.4	-	309	
2020-11-07 04:45:00	19.2	북서	325	17.69	30.16	0.22	4.4	0.32	5.0	5.3	남서	222	17.5	1015.2	-	324	
2020-11-07 04:50:00	19.1	북북서	328	17.69	30.16	0.21	4.1	0.33	3.5	5.5	남서	228	17.6	1015.2	-	322	
2020-11-07 04:55:00	19.8	북북서	329	17.69	30.14	0.23	4.2	0.36	5.0	5.8	남서	228	17.6	1015.1	-	228	
2020-11-07 05:00:00	17.4	북북서	328	17.68	30.04	0.21	4.1	0.25	4.0	5.8	남서	226	17.6	1015.1	-	329	
2020-11-07 05:05:00	18.5	북북서	331	17.66	30.03	0.21	4.4	0.28	4.0	6.9	남서	226	17.6	1015.0	-	298	
2020-11-07 05:10:00	18.9	북북서	328	17.67	30.04	0.22	3.9	0.41	4.5	7.1	남서	216	17.6	1014.9	-	54	
2020-11-07 05:15:00	19.3	북서	326	17.66	30.14	0.26	4.0	0.33	4.0	7.1	남서	221	17.7	1014.8	-	223	
2020-11-07 05:20:00	20.2	북북서	337	17.66	30.15	0.22	4.0	0.30	3.5	6.5	남서	221	17.6	1014.9	-	52	
2020-11-07 05:25:00	19.4	북북서	328	17.65	30.18	0.24	4.3	0.36	5.0	5.6	남서	226	17.5	1015.0	-	136	
2020-11-07 05:30:00	18.7	북북서	329	17.66	30.14	0.28	4.3	0.42	4.0	6.0	남서	225	17.5	1015.1	-	134	
2020-11-07 05:35:00	17.6	북북서	340	17.65	30.16	0.27	4.0	0.44	4.0	5.8	남서	228	17.5	1015.2	-	339	
2020-11-07 05:40:00	16.9	북북서	330	17.64	30.16	0.24	4.1	0.42	4.5	4.9	남서	234	17.5	1015.2	-	272	
2020-11-07 05:45:00	19.6	북북서	327	17.64	30.17	0.27	4.5	0.36	4.0	4.7	남서	228	17.4	1015.2	-	105	
2020-11-07 05:50:00	19.9	북북서	334	17.61	30.15	0.28	4.5	0.38	3.5	5.3	남서	229	17.5	1015.1	-	131	
2020-11-07 05:55:00	18.8	북서	322	17.61	30.16	0.31	4.2	0.41	3.0	4.9	남서	229	17.6	1015.1	-	112	
2020-11-07 06:00:00	17.9	북북서	338	17.59	30.17	0.24	4.6	0.33	3.5	5.4	남서	232	17.6	1015.0	-	167	
2020-11-07 06:05:00	19.4	북서	323	17.60	30.15	0.25	4.3	0.32	4.0	5.0	남서	222	17.6	1015.1	-	326	
2020-11-07 06:10:00	21.1	북북서	335	17.55	30.14	0.28	4.6	0.38	4.5	4.4	남서	228	17.6	1015.1	-	53	
2020-11-07 06:15:00	19.0	북북서	331	17.55	30.12	0.25	4.2	0.36	4.5	3.7	남서	224	17.4	1015.0	-	341	
2020-11-07 06:20:00	21.5	북북서	333	17.53	30.16	0.23	4.0	0.30	4.0	3.6	남서	218	17.4	1014.9	-	287	
2020-11-07 06:25:00	20.6	북북서	347	17.54	30.13	0.30	4.3	0.39	3.0	3.3	남남서	209	17.5	1014.9	-	32	
2020-11-07 06:30:00	21.2	북북서	340	17.51	30.12	0.25	4.4	0.32	4.5	2.9	남남서	211	17.6	1014.9	-	167	
2020-11-07 06:35:00	18.8	북북서	340	17.49	30.13	0.26	4.5	0.40	5.0	3.5	남남서	201	17.6	1014.8	-	358	
2020-11-07 06:40:00	18.0	북북서	346	17.48	30.13	0.29	4.3	0.39	5.0	3.1	남남서	204	17.6	1014.8	-	22	
2020-11-07 06:45:00	19.1	북북서	344	17.46	30.13	0.28	4.3	0.41	4.5	3.3	남	191	17.6	1014.7	-	331	
2020-11-07 06:50:00	17.3	북북서	335	17.45	30.13	0.29	4.3	0.45	4.0	3.2	남남서	198	17.6	1014.7	-	343	
2020-11-07 06:55:00	16.9	북북서	341	17.43	30.14	0.28	4.1	0.39	3.5	3.1	남남서	201	17.7	1014.7	-	297	
2020-11-07 07:00:00	21.0	북북서	332	17.43	30.16	0.27	4.3	0.35	4.0	4.0	남서	216	17.8	1014.6	-	189	
2020-11-07 07:05:00	19.8	북북서	333	17.43	30.15	0.28	4.2	0.43	4.0	4.0	남남서	213	17.7	1014.7	-	215	
2020-11-07 07:10:00	20.0	북북서	342	17.41	30.14	0.27	4.2	0.36	4.5	3.7	남서	216	17.6	1014.7	-	178	
2020-11-07 07:15:00	21.4	북북서	334	17.40	30.17	0.30	4.4	0.39	5.0	4.7	남서	222	17.6	1014.7	-	13	
2020-11-07 07:20:00	19.6	북북서	339	17.40	30.15	0.28	4.3	0.36	5.0	4.4	서남서	237	17.6	1014.7	-	5	
2020-11-07 07:25:00	17.1	북북서	337	17.39	30.16	0.27	4.4	0.39	5.0	4.0	서남서	245	17.1	1014.8	-	180	
2020-11-07 07:30:00	19.9	북북서	336	17.37	30.15	0.25	4.5	0.44	4.5	3.1	남서	224	17.1	1014.9	-	5	
2020-11-07 07:35:00	19.8	북북서	340	17.36	30.16	0.25	4.9	0.36	4.0	3.8	남남서	211	17.3	1014.9	-	246	
2020-11-07 07:40:00	19.2	북북서	337	17.36	30.16	0.28	4.1	0.41	4.0	3.9	남서	219	17.5	1014.9	-	335	
2020-11-07 07:45:00	18.0	북북서	328	17.36	30.15	0.23	4.2	0.32	3.0	4.4	남서	235	17.6	1014.9	-	348	
2020-11-07 07:50:00	22.0	북북서	334	17.36	30.16	0.28	4.1	0.43	4.5	3.6	서남서	237	17.7	1014.9	-	324	
2020-11-07 07:55:00	22.8	북북서	333	17.37	30.17	0.27	3.9	0.41	4.0	4.7	남서	233	17.6	1014.9	-	291	
2020-11-07 08:00:00	20.1	북북서	330	17.38	30.16	0.27	4.3	0.39	4.5	3.7	남서	224	17.6	1014.9	-	193	
2020-11-07 08:05:00	20.1	북북서	329	17.37	30.15	0.31	4.3	0.52	4.0	4.1	남서	236	17.6	1014.9	-	325	
2020-11-07 08:10:00	23.4	북북서	343	17.37	30.15	0.25	4.3	0.38	5.0	4.8	남서	232	17.6	1014.9	-	168	
2020-11-07 08:15:00	21.9	북북서	333	17.37	30.15	0.30	4.4	0.52	4.0	4.4	남서	233	17.5	1015.0	-	244	
2020-11-07 08:20:00	20.0	북북서	328	17.37	30.15	0.29	4.2	0.41	4.5	6.3	남서	223	17.6	1014.8	-	149	
2020-11-07 08:25:00	21.3	북북서	342	17.37	30.16	0.28	4.2	0.39	4.0	6.5	남서	221	17.6	1014.8	-	266	
2020-11-07 08:30:00	22.1	북북서	330	17.37	30.17	0.28	4.3	0.46	4.0	5.7	남서	225	17.6	1014.8	-	284	
2020-11-07 08:35:00	20.7	북북서	333	17.38	30.17	0.30	4.2	0.45	3.5	4.7	남서	227	17.5	1014.9	-	338	
2020-11-07 08:40:00	22.9	북북서	331	17.38	30.17	0.26	4.1	0.37	4.0	4.4	남서	231	17.6	1015.0	-	221	
2020-11-07 08:45:00	30.5	북북서	340	17.38	30.16	0.26	4.1	0.39	4.5	5.9	남서	234	17.9	1014.8	-	194	
2020-11-07 08:50:00	44.4	북북서	328	17.38	30.15	0.28	4.4	0.38	3.5	5.3	남서	232	18.0	1014.8	-	174	
2020-11-07 08:55:00	23.2	북서	326	17.37	30.16	0.26	4.2	0.32	4.0	3.7	남서	230	17.9	1014.8	-	357	
2020-11-07 09:00:00	17.1	북서	319	17.37	30.16	0.24	4.3	0.44	4.0	4.1	남서	224	18.0	1014.7	-	350	
2020-11-07 09:05:00	24.8	북북서	328	17.37	30.17	0.26	4.2	0.34	4.0	4.3	남서	220	18.1	1014.7	-	247	
2020-11-07 09:10:00	26.2	북북서	339	17.38	30.17	0.24	4.2	0.35	3.5	3.9	남서	233	18.1	1014.6	-	212	
2020-11-07 09:15:00	82.3	북북서	347	17.38	30.16	0.21	4.3	0.32	4.0	4.4	남서	231	18.2	1014.5	-	291	
2020-11-07 09:20:00	87.5	북	351	17.37	30.15	0.22	4.3	0.30	5.0	5.8	서남서	250	18.3	1014.4	-	226	
2020-11-07 09:25:00	44.2	북북서	334	17.36	30.16	0.23	4.0	0.36	4.0	5.2	서남서	247	18.3	1014.4	-	131	
2020-11-07 09:30:00	35.4	북	354	17.31	30.12	0.23	4.5	0.33	4.0	6.8	서남서	238	18.3	1014.3	-	244	
2020-11-07 09:35:00	33.4	북북서	343	17.30	30.15	0.21	4.2	0.29	4.0	4.8	서남서	242	18.3	1014.2	-	198	
2020-11-07 09:40:00	95.4	북	354	17.31	30.17	0.21	4.3	0.29	4.5	5.6	서남서	240	18.4	1014.1	-	201	
2020-11-07 09:45:00	32.0	북북서	349	17.33	30.18	0.24	4.2	0.32	3.5	5.7	서남서	245	18.6	1014.0	-	26	
2020-11-07 09:50:00	39.7	북	351	17.35	30.17	0.22	4.5	0.30	4.5	6.8	서남서	248	18.8	1013.9	-	213	
2020-11-07 09:55:00	19.9	북북서	342	17.36	30.17	0.21	4.2	0.26	4.5	7.6	남서	236	18.9	1013.8	-	304	
2020-11-07 10:00:00	18.2	북북서	336	17.35	30.14	0.20	4.7	0.34	4.0	8.2	서남서	245	19.1	1013.8	-	251	
2020-11-07 10:05:00	22.4	북서	326	17.35	30.15	0.23	4.4	0.31	3.5	7.3	서남서	241	19.1	1013.7	-	230	
2020-11-07 10:10:00	16.1	북북서	349	17.37	30.16	0.26	4.0	0.42	4.5	8.7	남서	236	18.9	1013.7	-	243	
2020-11-07 10:15:00	17.4	북북서	346	17.39	30.17	0.28	3.6	0.53	3.0	8.4	서남서	239	19.0	1013.6	-	271	
2020-11-07 10:20:00	12.3	북북서	338	17.40	30.17	0.24	4.0	0.34	4.5	8.4	서남서	237	19.1	1013.6	-	178	
2020-11-07 10:25:00	11.8	북북서	331	17.41	30.18	0.20	4.5	0.30	4.0	8.5	남서	235	19.1	1013.4	-	331	
2020-11-07 10:30:00	14.1	북북서	348	17.41	30.18	0.21	4.5	0.27	4.5	8.4	서남서	251	19.2	1013.4	-	23	
2020-11-07 10:35:00	13.2	북북서	336	17.42	30.19	0.21	4.3	0.32	4.5	7.3	서남서	244	19.3	1013.5	-	132	
2020-11-07 10:40:00	8.3	북북서	346	17.43	30.17	0.23	4.7	0.31	3.5	7.1	남서	233	19.3	1013.4	-	275	
2020-11-07 10:45:00	13.0	북북서	327	17.44	30.19	0.23	4.8	0.32	5.0	5.1	서남서	240	19.4	1013.6	-	184	
2020-11-07 10:50:00	12.5	북북서	343	17.44	30.18	0.22	4.4	0.31	4.5	5.5	서남서	244	19.3	1013.5	-	114	
2020-11-07 10:55:00	18.3	북북서	327	17.45	30.19	0.19	4.5	0.25	4.0	5.8	남서	229	19.4	1013.5	-	152	
2020-11-07 11:00:00	17.7	북북서	344	17.45	30.19	0.24	4.2	0.31	4.0	4.5	서남서	248	19.6	1013.5	-	289	
2020-11-07 11:05:00	15.7	북북서	342	17.45	30.20	0.24	4.2	0.34	3.5	4.9	서남서	253	19.7	1013.5	-	223	
2020-11-07 11:10:00	9.0	북	3	17.45	30.20	0.21	4.5	0.26	5.0	4.7	서	281	19.9	1013.4	-	286	
2020-11-07 11:15:00	11.3	북북동	29	17.45	30.19	0.21	4.6	0.27	4.0	2.6	북북서	336	19.8	1013.5	-	292	
2020-11-07 11:20:00	13.0	북	6	17.44	30.19	0.21	4.5	0.40	4.0	2.1	북북서	347	19.4	1013.5	-	359	
2020-11-07 11:25:00	10.4	북	360	17.45	30.19	0.23	4.2	0.35	4.0	0.8	북동	51	19.4	1013.5	-	198	
2020-11-07 11:30:00	5.1	북북동	19	17.45	30.19	0.24	4.1	0.36	4.0	0.9	북북서	347	19.8	1013.4	-	352	
2020-11-07 11:35:00	11.0	북	356	17.46	30.19	0.21	4.5	0.37	4.0	0.7	남남서	208	20.1	1013.4	-	261	
2020-11-07 11:40:00	7.4	북북서	329	17.46	30.19	0.19	4.2	0.25	4.0	2.2	서	264	20.1	1013.3	-	228	
2020-11-07 11:45:00	7.3	북북서	342	17.46	30.19	0.20	4.3	0.31	5.0	5.2	남서	227	20.1	1013.2	-	191	
2020-11-07 11:50:00	8.7	북북서	347	17.46	30.20	0.23	4.2	0.35	5.5	6.4	서	265	20.1	1013.0	-	288	
2020-11-07 11:55:00	9.9	북	359	17.46	30.21	0.24	4.0	0.35	3.0	5.2	서	269	20.1	1013.0	-	356	
2020-11-07 12:00:00	9.3	북	2	17.47	30.20	0.21	4.3	0.30	3.0	5.0	서북서	284	20.2	1013.0	-	341	
2020-11-07 12:05:00	9.6	북	360	17.48	30.22	0.24	4.2	0.35	3.5	3.2	서남서	244	20.3	1013.0	-	23	
2020-11-07 12:10:00	8.0	북	350	17.50	30.19	0.27	4.1	0.53	4.0	5.7	서남서	237	20.2	1012.9	-	182	
2020-11-07 12:15:00	5.8	북북서	335	17.50	30.20	0.24	4.0	0.34	4.0	5.5	서남서	241	20.0	1012.8	-	182	
2020-11-07 12:20:00	4.7	북북서	336	17.49	30.20	0.27	4.1	0.41	3.5	6.0	서남서	237	20.2	1012.7	-	228	
2020-11-07 12:25:00	4.9	북	7	17.50	30.21	0.23	3.7	0.35	3.5	6.5	남서	234	20.2	1012.7	-	328	
2020-11-07 12:30:00	3.4	북북서	345	17.50	30.21	0.27	3.8	0.36	3.0	7.1	남서	235	20.1	1012.6	-	322	
2020-11-07 12:35:00	5.9	북	350	17.49	30.21	0.26	3.9	0.35	3.0	6.7	남서	233	20.1	1012.6	-	272	
2020-11-07 12:40:00	5.2	북북서	346	17.49	30.20	0.28	3.6	0.49	3.5	5.6	서남서	239	20.4	1012.6	-	6	
2020-11-07 12:45:00	4.5	북	354	17.49	30.21	0.30	3.4	0.50	3.0	5.5	서남서	244	20.3	1012.6	-	330	
2020-11-07 12:50:00	6.3	북	3	17.50	30.20	0.25	3.6	0.38	3.0	6.3	서남서	254	20.3	1012.5	-	319	
2020-11-07 12:55:00	5.8	북서	315	17.50	30.21	0.27	4.0	0.44	3.5	4.7	서	265	20.4	1012.6	-	185	
2020-11-07 13:00:00	5.8	북	352	17.50	30.20	0.24	3.4	0.35	3.5	5.4	서남서	257	20.4	1012.5	-	330	
2020-11-07 13:05:00	5.6	북북동	14	17.51	30.22	0.29	3.9	0.41	3.0	6.7	서남서	244	20.4	1012.3	-	337	
2020-11-07 13:10:00	5.6	북	359	17.51	30.22	0.28	3.9	0.42	3.0	5.5	서남서	250	20.4	1012.3	-	136	
2020-11-07 13:15:00	1.9	북북서	339	17.51	30.22	0.29	3.6	0.60	3.0	4.9	서남서	239	20.5	1012.3	-	149	
2020-11-07 13:20:00	3.8	북북동	30	17.51	30.20	0.33	4.0	0.49	6.0	7.0	서	260	20.4	1012.2	-	326	
2020-11-07 13:25:00	4.6	북	349	17.51	30.20	0.32	3.6	0.50	5.0	7.1	서	268	20.6	1012.1	-	341	
2020-11-07 13:30:00	7.1	북북동	14	17.51	30.20	0.34	3.4	0.62	3.5	7.6	서	268	20.5	1012.0	-	174	
2020-11-07 13:35:00	6.7	북	354	17.50	30.20	0.32	3.3	0.52	3.5	8.0	서	259	20.5	1012.0	-	321	
2020-11-07 13:40:00	2.1	북동	54	17.50	30.20	0.32	3.4	0.48	3.0	5.8	서남서	247	20.6	1012.1	-	321	
2020-11-07 13:45:00	7.0	북북서	340	17.49	30.21	0.33	3.6	0.56	3.5	7.2	서남서	247	20.4	1012.2	-	330	
2020-11-07 13:50:00	4.1	북	357	17.48	30.20	0.30	3.6	0.44	3.5	7.7	서남서	256	20.5	1012.2	-	338	
2020-11-07 13:55:00	3.8	북서	318	17.48	30.20	0.31	3.8	0.49	3.0	6.3	서남서	249	20.5	1012.1	-	322	
2020-11-07 14:00:00	5.0	북북동	14	17.46	30.20	0.30	3.6	0.41	3.5	7.8	서	269	20.6	1012.1	-	331	
2020-11-07 14:05:00	4.1	북	10	17.46	30.19	0.31	3.6	0.41	2.5	7.7	서	263	20.6	1012.1	-	333	
2020-11-07 14:10:00	4.9	북북서	332	17.44	30.19	0.32	3.1	0.56	3.0	5.3	서남서	255	20.6	1012.1	-	327	
2020-11-07 14:15:00	7.5	북	1	17.44	30.17	0.32	3.4	0.41	4.5	8.1	서남서	256	20.5	1012.0	-	333	
2020-11-07 14:20:00	6.4	북북서	334	17.42	30.19	0.33	3.5	0.55	3.5	8.5	서남서	255	20.5	1012.0	-	141	
2020-11-07 14:25:00	7.4	북북동	25	17.41	30.18	0.37	3.8	0.53	5.0	9.1	서	265	20.5	1012.0	-	169	
2020-11-07 14:30:00	8.4	북동	56	17.39	30.16	0.33	3.4	0.53	4.5	9.1	서	270	20.6	1012.0	-	330	
2020-11-07 14:35:00	4.6	북서	321	17.38	30.16	0.34	3.4	0.49	3.0	6.3	서남서	253	20.5	1012.1	-	0	
2020-11-07 14:40:00	2.0	동북동	62	17.38	30.16	0.29	3.7	0.60	3.0	6.2	서남서	248	20.4	1012.1	-	258	
2020-11-07 14:45:00	3.9	북북동	22	17.37	30.16	0.34	3.5	0.48	3.0	7.2	서남서	246	20.3	1012.1	-	328	
2020-11-07 14:50:00	4.4	북서	316	17.37	30.18	0.33	3.8	0.56	3.0	8.2	서남서	250	20.2	1012.0	-	335	
2020-11-07 14:55:00	6.3	북북동	13	17.37	30.18	0.29	3.6	0.45	3.5	9.5	서남서	241	20.2	1011.9	-	184	
2020-11-07 15:00:00	6.1	북북서	340	17.37	30.19	0.27	3.6	0.34	3.0	9.4	서남서	245	20.1	1012.0	-	316	
2020-11-07 15:05:00	8.7	북북동	15	17.37	30.19	0.31	3.5	0.49	3.5	9.3	서남서	237	20.1	1012.0	-	276	
2020-11-07 15:10:00	3.2	북동	45	17.37	30.17	0.34	3.7	0.49	4.0	8.5	서남서	242	20.0	1011.9	-	278	
2020-11-07 15:15:00	3.9	북	8	17.37	30.17	0.32	3.6	0.42	3.5	8.5	서남서	242	20.0	1012.0	-	131	
2020-11-07 15:20:00	5.9	북	7	17.38	30.16	0.31	3.8	0.53	4.0	8.8	서남서	242	20.0	1012.0	-	106	
2020-11-07 15:25:00	4.2	북	350	17.37	30.21	0.32	3.8	0.45	3.5	8.7	서남서	239	20.1	1012.1	-	165	
2020-11-07 15:30:00	4.5	북동	44	17.37	30.16	0.34	3.7	0.54	3.0	8.5	서남서	238	20.0	1012.1	-	196	
2020-11-07 15:35:00	4.8	북	10	17.37	30.15	0.32	3.8	0.48	3.0	8.8	서남서	241	20.0	1012.2	-	113	
2020-11-07 15:40:00	4.1	북북동	34	17.36	30.17	0.32	3.6	0.47	3.5	8.6	서남서	244	20.0	1012.3	-	184	
2020-11-07 15:45:00	2.8	북북동	11	17.38	30.20	0.29	3.7	0.47	4.0	7.9	서남서	241	20.1	1012.4	-	150	
2020-11-07 15:50:00	3.2	북북서	346	17.39	30.19	0.34	3.5	0.49	3.5	7.6	서남서	248	20.0	1012.4	-	132	
2020-11-07 15:55:00	5.2	북북동	21	17.38	30.16	0.36	3.5	0.49	3.5	8.3	서남서	237	19.9	1012.4	-	141	
2020-11-07 16:00:00	5.1	북	10	17.38	30.18	0.37	3.8	0.54	3.5	8.8	서남서	241	19.9	1012.4	-	172	
2020-11-07 16:05:00	2.1	북북서	344	17.37	30.18	0.29	3.7	0.36	3.0	8.4	남서	235	19.9	1012.5	-	166	
2020-11-07 16:10:00	4.4	동북동	57	17.36	30.18	0.31	3.7	0.47	3.0	7.8	서남서	238	19.8	1012.6	-	181	
2020-11-07 16:15:00	1.9	북북동	25	17.37	30.16	0.28	3.6	0.41	3.0	8.1	서남서	237	19.8	1012.5	-	43	
2020-11-07 16:20:00	5.0	북	10	17.36	30.16	0.31	3.7	0.53	3.0	8.5	서남서	239	19.7	1012.6	-	170	
2020-11-07 16:25:00	1.9	서남서	240	17.36	30.18	0.32	3.8	0.56	4.0	8.8	남서	236	19.7	1012.7	-	175	
2020-11-07 16:30:00	1.9	북동	52	17.36	30.18	0.32	3.8	0.46	3.5	8.5	서남서	237	19.5	1012.8	-	306	
2020-11-07 16:35:00	3.9	북서	324	17.35	30.19	0.33	3.7	0.52	4.0	8.3	서남서	237	19.5	1012.9	-	196	
2020-11-07 16:40:00	8.5	북	352	17.35	30.20	0.36	3.9	0.48	3.5	8.0	서남서	242	19.4	1013.0	-	167	
2020-11-07 16:45:00	4.9	북동	35	17.35	30.16	0.33	3.6	0.45	3.0	7.4	서남서	242	19.2	1013.1	-	198	
2020-11-07 16:50:00	9.6	북	349	17.36	30.20	0.40	3.6	0.61	4.0	7.1	서남서	247	19.1	1013.1	-	168	
2020-11-07 16:55:00	5.6	서북서	293	17.36	30.18	0.33	3.7	0.46	3.0	7.4	서남서	247	19.0	1013.2	-	148	
2020-11-07 17:00:00	6.5	북	353	17.38	30.24	0.36	3.7	0.50	3.5	7.6	서남서	250	18.9	1013.2	-	177	
2020-11-07 17:05:00	8.7	북북서	346	17.41	30.23	0.37	3.7	0.56	4.0	9.4	서남서	245	18.9	1013.0	-	155	
2020-11-07 17:10:00	8.8	북북서	331	17.42	30.22	0.36	3.5	0.57	4.0	9.0	서남서	244	18.9	1013.1	-	191	
2020-11-07 17:15:00	6.4	북북서	332	17.42	30.21	0.37	3.6	0.61	4.0	8.2	서남서	252	18.7	1013.3	-	174	
2020-11-07 17:20:00	8.5	북북동	13	17.39	30.21	0.35	3.9	0.47	3.5	7.3	서남서	253	18.5	1013.4	-	151	
2020-11-07 17:25:00	5.7	북	354	17.38	30.20	0.37	3.6	0.55	3.5	8.3	서남서	246	18.6	1013.4	-	174	
2020-11-07 17:30:00	11.2	북북서	348	17.39	30.22	0.33	3.7	0.47	4.0	8.6	서	259	18.6	1013.4	-	142	
2020-11-07 17:35:00	10.7	북	350	17.39	30.22	0.37	3.8	0.60	3.5	7.8	서남서	258	18.6	1013.5	-	175	
2020-11-07 17:40:00	11.5	북	354	17.40	30.23	0.41	3.7	0.61	4.0	7.2	서	260	18.3	1013.7	-	261	
2020-11-07 17:45:00	14.8	북북동	19	17.40	30.23	0.35	3.7	0.67	3.5	6.9	서남서	258	18.4	1013.8	-	195	
2020-11-07 17:50:00	10.8	북북동	17	17.39	30.22	0.32	3.7	0.42	3.5	7.1	서	261	18.3	1014.0	-	154	
2020-11-07 17:55:00	9.5	북	6	17.40	30.20	0.35	3.7	0.52	4.0	5.9	서남서	251	18.3	1014.1	-	268	
2020-11-07 18:00:00	12.0	북	2	17.39	30.22	0.39	3.6	0.53	3.5	5.1	서남서	258	18.2	1014.2	-	165	
2020-11-07 18:05:00	6.1	북	11	17.38	30.22	0.37	3.8	0.50	3.5	4.4	서	259	18.1	1014.3	-	180	
2020-11-07 18:10:00	11.6	북	349	17.39	30.22	0.36	3.9	0.46	3.0	4.7	서남서	253	17.9	1014.4	-	143	
2020-11-07 18:15:00	4.6	서	270	17.40	30.22	0.39	3.7	0.58	3.5	5.9	서남서	250	18.0	1014.4	-	150	
2020-11-07 18:20:00	5.9	북서	314	17.38	30.22	0.38	3.7	0.59	3.5	5.6	서남서	251	18.0	1014.4	-	151	
2020-11-07 18:25:00	5.0	북서	325	17.39	30.22	0.43	4.0	0.56	4.5	5.9	서남서	254	17.9	1014.6	-	171	
2020-11-07 18:30:00	9.9	북	353	17.39	30.22	0.43	4.1	0.69	4.0	4.6	서남서	253	17.8	1014.8	-	61	
2020-11-07 18:35:00	4.2	서북서	302	17.39	30.22	0.40	4.0	0.52	3.5	6.7	서남서	258	17.9	1014.8	-	178	
2020-11-07 18:40:00	3.2	북북서	326	17.40	30.23	0.38	3.9	0.61	4.5	5.7	서남서	257	17.9	1015.0	-	182	
2020-11-07 18:45:00	6.0	북서	316	17.39	30.23	0.39	4.2	0.56	3.5	3.8	서남서	252	17.8	1015.1	-	211	
2020-11-07 18:50:00	5.3	서북서	300	17.40	30.23	0.41	4.0	0.57	4.0	4.1	서남서	246	17.6	1015.1	-	168	
2020-11-07 18:55:00	3.5	북서	307	17.40	30.23	0.49	4.4	0.73	3.5	5.2	서남서	252	17.6	1015.2	-	162	
2020-11-07 19:00:00	4.7	북북서	330	17.40	30.21	0.46	4.2	0.66	3.5	4.3	서남서	247	17.5	1015.3	-	19	
2020-11-07 19:05:00	6.9	북서	325	17.40	30.23	0.44	4.4	0.59	4.5	4.1	남서	231	17.4	1015.3	-	21	
2020-11-07 19:10:00	4.7	북서	320	17.40	30.23	0.51	5.4	0.66	4.5	3.9	남서	233	17.2	1015.4	-	3	
2020-11-07 19:15:00	3.3	북	6	17.41	30.22	0.46	5.4	0.61	5.0	4.1	남서	233	17.2	1015.5	-	31	
2020-11-07 19:20:00	7.0	북북서	343	17.41	30.22	0.48	5.2	0.75	5.0	3.6	남서	236	17.2	1015.5	-	10	
2020-11-07 19:25:00	8.4	북북서	331	17.41	30.22	0.55	5.2	0.76	5.5	4.2	남서	227	17.1	1015.5	-	359	
2020-11-07 19:30:00	5.9	북북서	333	17.40	30.24	0.50	4.9	0.75	5.0	3.3	남서	220	16.9	1015.5	-	11	
2020-11-07 19:35:00	4.7	북서	317	17.42	30.23	0.59	5.3	0.92	5.0	3.5	남서	219	17.0	1015.6	-	3	
2020-11-07 19:40:00	5.9	북서	318	17.41	30.22	0.49	5.3	0.62	4.5	3.2	남남서	208	17.0	1015.7	-	36	
2020-11-07 19:45:00	8.2	북서	319	17.41	30.23	0.53	5.1	0.72	4.5	3.2	남남서	213	17.0	1015.7	-	354	
2020-11-07 19:50:00	9.6	서북서	297	17.41	30.24	0.57	4.8	0.68	4.5	3.2	남남서	212	17.0	1015.7	-	26	
2020-11-07 19:55:00	9.4	북서	312	17.40	30.24	0.66	4.9	1.01	5.0	4.0	남서	214	17.0	1015.8	-	4	
2020-11-07 20:00:00	7.0	서	262	17.41	30.23	0.59	4.9	0.93	4.5	3.1	남서	218	17.0	1015.8	-	10	
2020-11-07 20:05:00	3.7	북서	308	17.41	30.24	0.53	5.1	0.81	4.5	3.6	남서	214	16.9	1015.8	-	14	
2020-11-07 20:10:00	5.2	서북서	292	17.41	30.22	0.55	5.2	0.85	5.5	3.9	남남서	210	16.9	1015.8	-	15	
2020-11-07 20:15:00	3.1	북서	308	17.41	30.22	0.66	4.9	0.88	5.0	3.8	남서	220	16.8	1015.7	-	13	
2020-11-07 20:20:00	3.3	서북서	290	17.41	30.22	0.52	4.6	0.69	4.0	3.9	남서	220	16.8	1015.7	-	13	
2020-11-07 20:25:00	4.7	서	278	17.42	30.22	0.58	4.9	0.87	4.5	3.9	남서	224	16.7	1015.8	-	351	
2020-11-07 20:30:00	3.0	서남서	248	17.40	30.23	0.56	5.2	0.86	4.5	3.7	남서	232	16.7	1015.9	-	356	
2020-11-07 20:35:00	3.0	서북서	298	17.40	30.24	0.53	5.0	0.68	4.5	2.1	서남서	237	16.6	1015.8	-	359	
2020-11-07 20:40:00	3.9	서북서	289	17.41	30.23	0.56	5.0	0.79	5.0	1.9	서남서	238	16.5	1015.9	-	124	
2020-11-07 20:45:00	3.2	서북서	284	17.39	30.23	0.55	5.0	0.76	6.0	2.0	남서	218	16.4	1015.8	-	12	
2020-11-07 20:50:00	5.3	서북서	290	17.39	30.22	0.56	5.0	0.67	5.5	2.4	남남서	194	16.4	1015.8	-	1	
2020-11-07 20:55:00	4.2	북서	310	17.40	30.23	0.59	4.8	0.88	4.0	2.8	남남서	211	16.4	1015.8	-	354	
2020-11-07 21:00:00	3.2	북서	312	17.40	30.23	0.51	5.1	0.84	5.5	2.7	남남서	206	16.3	1015.7	-	15	
2020-11-07 21:05:00	8.6	북서	318	17.39	30.23	0.60	5.0	0.92	4.5	2.6	남남서	213	16.4	1015.8	-	342	
2020-11-07 21:10:00	7.4	북서	304	17.39	30.22	0.57	5.1	0.97	5.0	1.8	남	186	16.3	1015.8	-	21	
2020-11-07 21:15:00	6.0	서북서	289	17.40	30.23	0.64	5.5	0.80	5.5	2.4	남	184	16.4	1015.7	-	9	
2020-11-07 21:20:00	4.6	북서	319	17.40	30.23	0.67	5.6	0.89	5.5	2.4	남	186	16.2	1015.9	-	12	
2020-11-07 21:25:00	8.0	서북서	291	17.39	30.24	0.52	5.7	0.68	5.5	2.3	남	171	16.2	1015.9	-	14	
2020-11-07 21:30:00	7.6	북서	304	17.39	30.24	0.61	5.3	0.82	5.0	2.3	남	173	16.2	1016.0	-	13	
2020-11-07 21:35:00	6.0	북서	312	17.38	30.24	0.69	6.0	0.87	5.5	2.3	남	178	16.2	1016.0	-	16	
2020-11-07 21:40:00	5.7	서북서	303	17.39	30.23	0.60	5.5	0.83	5.0	2.6	남남서	207	16.3	1016.0	-	348	
2020-11-07 21:45:00	8.6	북서	314	17.38	30.24	0.58	5.3	0.84	5.0	1.8	남남서	195	16.3	1016.1	-	6	
2020-11-07 21:50:00	6.5	북서	318	17.39	30.23	0.68	5.8	0.94	5.5	2.4	남	185	16.2	1016.0	-	8	
2020-11-07 21:55:00	5.4	북서	325	17.40	30.23	0.60	5.2	0.81	5.5	2.6	남	182	16.1	1016.0	-	15	
2020-11-07 22:00:00	7.6	서북서	299	17.39	30.25	0.56	5.3	0.73	5.0	2.5	남	174	16.0	1016.0	-	355	
2020-11-07 22:05:00	7.2	서북서	302	17.40	30.24	0.63	5.6	0.96	5.5	2.7	남	178	15.8	1016.0	-	6	
2020-11-07 22:10:00	7.1	서북서	297	17.40	30.24	0.67	5.6	0.89	6.0	3.1	남	183	15.8	1016.1	-	3	
2020-11-07 22:15:00	8.1	북서	314	17.41	30.24	0.69	5.2	1.01	4.5	2.9	남	184	15.9	1016.1	-	354	
2020-11-07 22:20:00	6.7	북서	310	17.40	30.23	0.52	4.8	0.75	5.0	3.0	남남동	165	15.8	1016.1	-	314	
2020-11-07 22:25:00	7.3	북서	313	17.39	30.22	0.55	5.3	0.70	5.5	2.6	남남동	160	16.0	1016.1	-	1	
2020-11-07 22:30:00	6.8	북서	315	17.39	30.24	0.57	5.1	0.82	5.0	2.0	남	176	16.1	1016.2	-	15	
2020-11-07 22:35:00	6.4	북서	325	17.40	30.25	0.64	5.3	0.82	5.0	3.0	남남동	164	16.2	1016.2	-	2	
2020-11-07 22:40:00	5.6	북서	324	17.40	30.25	0.59	5.2	0.77	5.5	4.2	남남동	164	16.0	1016.2	-	0	
2020-11-07 22:45:00	6.8	북서	318	17.41	30.24	0.56	4.9	0.90	5.5	4.1	남	178	16.0	1016.2	-	7	
2020-11-07 22:50:00	6.7	북서	323	17.40	30.23	0.58	5.6	0.83	5.0	3.6	남	185	15.8	1016.3	-	6	
2020-11-07 22:55:00	8.5	북북서	336	17.38	30.22	0.64	5.0	0.91	5.0	3.6	남남동	168	15.7	1016.2	-	22	
2020-11-07 23:00:00	7.6	북서	319	17.38	30.23	0.58	5.2	0.81	5.0	4.5	남	183	15.7	1016.2	-	9	
2020-11-07 23:05:00	8.3	북북서	328	17.36	30.24	0.64	5.4	1.04	5.0	4.9	남	178	15.7	1016.1	-	353	
2020-11-07 23:10:00	8.5	북서	319	17.37	30.24	0.49	5.2	0.69	4.5	5.1	남	179	15.8	1016.1	-	2	
2020-11-07 23:15:00	4.6	북서	317	17.36	30.25	0.56	4.9	0.82	5.0	4.5	남	187	15.8	1016.2	-	357	
2020-11-07 23:20:00	5.3	북북서	335	17.37	30.24	0.47	5.1	0.61	5.0	4.4	남	187	15.8	1016.2	-	337	
2020-11-07 23:25:00	9.5	북서	324	17.36	30.25	0.58	4.8	0.71	4.5	3.3	남남서	202	15.8	1016.2	-	359	
2020-11-07 23:30:00	9.7	북서	325	17.36	30.25	0.47	5.3	0.83	6.0	3.8	남남서	193	15.9	1016.2	-	346	
2020-11-07 23:35:00	7.1	북서	310	17.36	30.21	0.50	4.8	0.64	4.0	2.7	남	180	15.9	1016.2	-	359	
2020-11-07 23:40:00	7.6	북북서	332	17.34	30.24	0.51	4.8	0.64	4.5	4.3	남남동	161	15.9	1016.1	-	9	
2020-11-07 23:45:00	7.2	북서	309	17.34	30.22	0.58	5.1	0.88	5.5	3.3	남남동	156	15.9	1016.1	-	353	
2020-11-07 23:50:00	11.3	북서	326	17.34	30.21	0.61	5.6	0.76	5.5	4.1	남	176	15.9	1016.1	-	1	
2020-11-07 23:55:00	9.1	북서	316	17.35	30.23	0.61	5.0	0.84	5.0	2.5	남서	215	15.7	1016.3	-	355	
2020-11-08 00:00:00	6.9	북서	312	17.33	30.21	0.54	5.2	0.89	5.0	1.8	남남서	207	15.4	1016.3	-	341	
2020-11-08 00:05:00	9.5	북서	322	17.32	30.18	0.65	5.1	1.02	5.5	2.4	남서	221	15.4	1016.3	-	10	
2020-11-08 00:10:00	13.2	북서	321	17.30	30.18	0.62	5.1	0.76	5.0	2.1	서북서	291	15.8	1016.4	-	345	
2020-11-08 00:15:00	8.0	서북서	299	17.30	30.15	0.53	4.9	0.82	4.5	3.2	북서	309	15.8	1016.4	-	5	
2020-11-08 00:20:00	8.2	북북서	344	17.29	30.15	0.60	5.2	0.94	5.0	2.0	북북서	331	15.8	1016.4	-	357	
2020-11-08 00:25:00	7.5	북서	318	17.28	30.15	0.51	4.9	0.71	4.0	3.3	북서	314	15.8	1016.4	-	344	
2020-11-08 00:30:00	8.7	북서	320	17.25	30.17	0.49	4.9	0.70	4.5	4.3	서북서	300	15.7	1016.5	-	359	
2020-11-08 00:35:00	9.2	북서	316	17.26	30.16	0.51	4.8	0.72	4.5	4.4	서	268	15.4	1016.6	-	353	
2020-11-08 00:40:00	7.1	북북서	338	17.27	30.15	0.49	4.4	0.64	4.5	4.1	서	265	15.0	1016.6	-	239	
2020-11-08 00:45:00	7.8	서북서	303	17.25	30.18	0.50	4.5	0.67	4.0	3.6	서	270	15.2	1016.6	-	7	
2020-11-08 00:50:00	4.0	북서	318	17.25	30.19	0.52	4.8	0.69	5.0	4.1	서남서	258	15.2	1016.6	-	340	
2020-11-08 00:55:00	8.7	북북서	335	17.24	30.20	0.52	4.8	0.62	4.5	4.7	서남서	254	15.2	1016.6	-	357	
2020-11-08 01:00:00	8.3	북북서	331	17.25	30.19	0.45	4.2	0.73	5.0	4.0	서북서	295	15.2	1016.7	-	52	
2020-11-08 01:05:00	5.9	북서	324	17.25	30.21	0.50	4.6	0.73	5.5	4.8	서	278	15.2	1016.7	-	31	
2020-11-08 01:10:00	7.0	북북서	335	17.26	30.20	0.57	4.3	0.78	4.5	4.6	서북서	284	15.1	1016.7	-	357	
2020-11-08 01:15:00	5.2	북	1	17.27	30.19	0.47	4.1	0.63	5.0	4.7	서북서	284	15.1	1016.7	-	356	
2020-11-08 01:20:00	6.2	북북서	337	17.25	30.21	0.55	4.2	0.81	4.0	4.9	서	280	15.0	1016.7	-	323	
2020-11-08 01:25:00	3.5	서북서	297	17.25	30.21	0.54	4.6	0.74	5.0	4.3	서북서	297	14.9	1016.7	-	348	
2020-11-08 01:30:00	4.0	서북서	281	17.26	30.19	0.47	4.1	0.68	4.0	5.8	서북서	287	14.9	1016.7	-	177	
2020-11-08 01:35:00	3.2	북서	310	17.26	30.19	0.53	4.5	0.76	5.0	4.9	서북서	283	14.8	1016.7	-	340	
2020-11-08 01:40:00	3.2	서북서	284	17.27	30.20	0.57	4.5	0.71	5.0	4.7	서	276	14.3	1016.8	-	337	
2020-11-08 01:45:00	5.8	북북서	326	17.26	30.19	0.49	3.9	0.61	3.5	7.0	서북서	301	14.8	1016.7	-	189	
2020-11-08 01:50:00	4.7	북서	322	17.25	30.19	0.55	3.9	0.92	3.5	8.0	북서	305	15.2	1016.7	-	159	
2020-11-08 01:55:00	1.8	북서	322	17.25	30.21	0.55	4.3	0.78	4.0	7.2	서북서	300	15.1	1016.7	-	320	
2020-11-08 02:00:00	3.7	북북서	343	17.25	30.18	0.54	4.5	0.88	4.0	6.2	서북서	301	15.0	1016.8	-	344	
2020-11-08 02:05:00	5.1	북북서	327	17.25	30.20	0.54	4.0	0.81	5.0	6.5	서북서	300	15.0	1016.9	-	254	
2020-11-08 02:10:00	1.8	북동	37	17.23	30.20	0.52	4.2	0.65	4.5	6.5	북서	308	15.0	1017.0	-	91	
2020-11-08 02:15:00	3.3	북북서	338	17.24	30.20	0.53	4.3	0.81	5.0	5.7	북서	309	15.1	1016.9	-	343	
2020-11-08 02:20:00	4.5	북	356	17.24	30.20	0.57	4.0	0.76	4.5	5.6	서북서	298	15.0	1017.0	-	348	
2020-11-08 02:25:00	3.2	북	355	17.23	30.20	0.53	4.4	0.80	4.5	5.3	서북서	290	14.9	1017.0	-	164	
2020-11-08 02:30:00	3.2	북북서	344	17.24	30.21	0.56	4.6	0.70	4.0	4.7	서북서	287	14.8	1017.0	-	14	
2020-11-08 02:35:00	1.7	서북서	294	17.23	30.21	0.54	4.3	0.91	4.0	3.2	서	259	14.0	1017.0	-	19	
2020-11-08 02:40:00	3.0	북	359	17.24	30.22	0.52	4.4	0.75	4.0	3.2	서남서	251	13.8	1017.0	-	1	
2020-11-08 02:45:00	1.0	북동	48	17.22	30.22	0.60	4.6	0.94	4.0	2.8	서남서	250	14.0	1017.0	-	326	
2020-11-08 02:50:00	1.8	북북동	25	17.23	30.22	0.67	4.8	0.88	5.0	3.4	서남서	243	13.9	1017.0	-	0	
2020-11-08 02:55:00	2.3	북북서	343	17.23	30.17	0.62	4.7	0.86	5.0	3.1	서남서	246	13.6	1017.0	-	6	
2020-11-08 03:00:00	0.5	북	354	17.22	30.17	0.50	4.3	0.64	4.0	2.5	서남서	256	13.7	1017.1	-	16	
2020-11-08 03:05:00	0.3	북북서	331	17.21	30.21	0.59	4.6	0.86	4.5	2.7	서	259	13.7	1017.1	-	149	
2020-11-08 03:10:00	1.2	북동	39	17.21	30.21	0.60	4.6	0.96	4.5	3.9	서남서	241	13.4	1017.0	-	265	
2020-11-08 03:15:00	1.5	북서	307	17.21	30.22	0.61	4.7	0.95	5.0	3.5	서남서	246	13.3	1016.9	-	22	
2020-11-08 03:20:00	1.0	북서	325	17.20	30.21	0.63	4.8	1.00	5.5	3.1	서남서	250	13.7	1016.8	-	354	
2020-11-08 03:25:00	1.6	북서	304	17.20	30.22	0.70	4.6	1.12	4.5	3.4	서남서	243	13.6	1016.8	-	157	
2020-11-08 03:30:00	2.1	남동	141	17.21	30.21	0.65	4.6	1.06	5.0	2.9	서남서	251	13.5	1016.9	-	25	
2020-11-08 03:35:00	2.7	서북서	291	17.20	30.21	0.65	4.8	0.83	4.5	3.4	서남서	246	13.3	1016.8	-	2	
2020-11-08 03:40:00	1.2	북동	50	17.20	30.22	0.57	4.5	0.81	4.5	3.0	서남서	248	13.4	1016.9	-	150	
2020-11-08 03:45:00	1.8	동북동	64	17.20	30.23	0.56	4.5	0.72	3.5	3.4	서남서	240	13.4	1016.9	-	4	
2020-11-08 03:50:00	1.4	북동	36	17.21	30.21	0.69	4.4	0.89	5.0	3.3	남서	231	13.4	1016.8	-	359	
2020-11-08 03:55:00	2.8	남남동	153	17.20	30.23	0.67	5.0	0.94	4.5	3.8	남서	228	13.5	1016.8	-	341	
2020-11-08 04:00:00	4.5	남동	127	17.20	30.20	0.63	4.8	0.98	4.5	3.8	남서	229	13.5	1016.8	-	132	
2020-11-08 04:05:00	1.1	북	10	17.19	30.24	0.67	4.6	1.12	6.0	3.7	남서	226	13.4	1016.8	-	306	
2020-11-08 04:10:00	2.9	남남서	213	17.18	30.22	0.63	4.5	0.94	6.0	3.7	남서	226	13.3	1016.8	-	125	
2020-11-08 04:15:00	1.0	남남동	166	17.18	30.22	0.62	5.0	0.84	5.5	3.2	남서	222	13.0	1016.8	-	1	
2020-11-08 04:20:00	2.1	서북서	282	17.20	30.21	0.61	5.1	0.87	5.0	3.4	남서	216	13.1	1016.8	-	13	
2020-11-08 04:25:00	2.5	남동	143	17.17	30.20	0.66	4.8	1.05	5.5	3.5	남서	225	13.2	1016.8	-	4	
2020-11-08 04:30:00	0.6	서	271	17.19	30.12	0.60	4.9	0.83	5.0	3.9	남서	217	13.0	1016.8	-	307	
2020-11-08 04:35:00	2.5	북북서	331	17.18	30.07	0.58	4.9	0.80	5.0	3.6	남서	216	13.1	1016.7	-	187	
2020-11-08 04:40:00	3.2	북	3	17.18	30.10	0.57	5.0	0.90	5.5	3.4	남서	219	13.2	1016.8	-	344	
2020-11-08 04:45:00	4.5	북서	323	17.18	30.13	0.57	4.7	0.83	4.5	3.4	남서	222	13.1	1016.8	-	2	
2020-11-08 04:50:00	1.9	서남서	240	17.17	30.13	0.60	4.8	0.79	4.5	4.0	남서	223	13.1	1016.8	-	16	
2020-11-08 04:55:00	2.1	남남동	152	17.18	30.18	0.71	5.3	1.07	5.0	3.8	남서	220	13.0	1016.9	-	4	
2020-11-08 05:00:00	0.5	남서	222	17.18	30.04	0.62	4.8	0.95	4.0	3.9	남서	220	13.0	1016.9	-	341	
2020-11-08 05:05:00	7.4	북북서	335	17.19	30.21	0.66	4.5	0.94	5.0	3.9	남서	228	12.8	1017.0	-	135	
2020-11-08 05:10:00	1.3	남동	134	17.19	30.21	0.55	4.8	0.83	4.5	4.0	남서	217	12.7	1016.9	-	355	
2020-11-08 05:15:00	3.0	북	352	17.18	30.22	0.66	5.4	0.87	5.5	4.2	남남서	211	12.9	1017.0	-	3	
2020-11-08 05:20:00	2.6	서남서	244	17.19	30.25	0.73	5.3	1.02	5.5	4.3	남서	217	12.8	1017.1	-	8	
2020-11-08 05:25:00	2.3	남	178	17.19	30.23	0.79	4.8	1.16	5.0	4.0	남서	214	12.9	1017.1	-	3	
2020-11-08 05:30:00	2.8	북동	35	17.19	30.20	0.75	5.0	1.08	5.5	3.0	남서	216	13.3	1017.1	-	339	
2020-11-08 05:35:00	2.0	남서	235	17.19	30.22	0.71	5.6	0.87	4.5	4.0	남서	216	13.5	1017.1	-	16	
2020-11-08 05:40:00	2.2	남남서	194	17.18	30.21	0.70	5.2	0.88	5.0	4.0	남남서	200	13.1	1017.1	-	357	
2020-11-08 05:45:00	4.0	남동	146	17.16	30.22	0.75	4.8	1.07	5.0	3.9	남남서	205	13.1	1017.1	-	2	
2020-11-08 05:50:00	3.0	북	358	17.14	30.22	0.67	4.9	0.93	5.0	2.6	남서	229	13.3	1017.2	-	2	
2020-11-08 05:55:00	4.7	서남서	237	17.14	30.25	0.68	5.7	1.02	5.5	2.4	남서	217	13.2	1017.2	-	5	
2020-11-08 06:00:00	5.3	남서	216	17.17	30.24	0.75	5.5	0.97	6.0	3.0	남서	226	13.4	1017.2	-	2	
2020-11-08 06:05:00	3.0	남	186	17.18	30.23	0.71	5.2	0.93	5.0	2.8	남서	228	13.0	1017.3	-	359	
2020-11-08 06:10:00	2.6	서	272	17.19	30.22	0.71	6.0	1.00	6.0	2.7	남서	228	12.7	1017.3	-	9	
2020-11-08 06:15:00	1.0	남남서	194	17.19	30.22	0.77	5.6	1.04	6.0	2.4	남서	219	13.0	1017.4	-	359	
2020-11-08 06:20:00	3.0	남서	229	17.19	30.20	0.71	5.8	0.99	5.0	1.7	남서	223	12.4	1017.5	-	22	
2020-11-08 06:25:00	2.0	남서	236	17.19	30.22	0.67	5.6	1.07	5.5	1.9	남서	236	12.2	1017.5	-	7	
2020-11-08 06:30:00	2.9	서남서	252	17.19	30.23	0.77	5.6	1.05	6.0	2.2	남남서	206	12.2	1017.6	-	1	
2020-11-08 06:35:00	5.0	서북서	289	17.19	30.22	0.76	5.5	1.05	6.0	3.2	남남서	206	12.3	1017.6	-	0	
2020-11-08 06:40:00	1.9	서	262	17.19	30.23	0.77	5.9	0.99	6.0	3.0	남남서	193	12.2	1017.5	-	14	
2020-11-08 06:45:00	6.5	서	261	17.19	30.23	0.60	5.5	0.84	6.0	2.9	남남서	206	12.4	1017.5	-	356	
2020-11-08 06:50:00	3.6	북서	305	17.18	30.22	0.83	5.4	1.28	5.5	3.1	남서	219	12.1	1017.5	-	353	
2020-11-08 06:55:00	4.9	북북서	330	17.18	30.22	0.82	5.8	1.14	5.0	3.0	남서	218	12.0	1017.5	-	351	
2020-11-08 07:00:00	6.8	서남서	254	17.18	30.22	0.82	5.6	1.11	5.0	3.1	남서	222	12.1	1017.6	-	3	
2020-11-08 07:05:00	0.9	서남서	239	17.18	30.21	0.74	5.6	0.95	5.0	2.6	남서	214	12.0	1017.6	-	4	
2020-11-08 07:10:00	1.6	남남서	196	17.17	30.23	0.75	5.6	1.16	6.5	3.4	남서	218	12.1	1017.6	-	359	
2020-11-08 07:15:00	2.3	서	260	17.16	30.21	0.81	5.8	1.25	6.0	2.6	남서	223	11.9	1017.5	-	1	
2020-11-08 07:20:00	3.8	서북서	283	17.17	30.23	0.77	5.7	1.07	6.0	2.2	남남서	211	12.1	1017.5	-	4	
2020-11-08 07:25:00	5.0	서북서	301	17.16	30.23	0.70	5.8	0.91	6.0	2.5	남서	216	12.1	1017.5	-	20	
2020-11-08 07:30:00	3.1	서남서	256	17.17	30.22	0.79	6.0	0.90	6.5	3.1	남남서	211	11.7	1017.5	-	7	
2020-11-08 07:35:00	3.4	북북서	338	17.17	30.20	0.83	5.8	1.24	5.5	2.9	남남서	205	11.7	1017.6	-	1	
2020-11-08 07:40:00	5.1	서	270	17.18	30.21	0.86	5.7	1.34	5.0	3.1	남서	214	11.9	1017.6	-	356	
2020-11-08 07:45:00	3.7	남서	231	17.18	30.20	0.76	5.7	1.03	5.5	3.9	남서	214	11.9	1017.7	-	4	
2020-11-08 07:50:00	4.1	서남서	244	17.18	30.23	0.77	5.8	0.88	6.5	3.0	남서	222	12.1	1017.7	-	350	
2020-11-08 07:55:00	2.9	서	264	17.17	30.23	0.68	5.4	0.98	4.5	3.6	서남서	239	12.6	1017.7	-	2	
2020-11-08 08:00:00	3.8	북북서	345	17.18	30.25	0.67	5.8	0.83	5.0	3.8	서남서	238	12.6	1017.8	-	0	
2020-11-08 08:05:00	4.0	서남서	256	17.18	30.23	0.60	5.7	0.84	5.5	4.1	서남서	238	12.5	1017.8	-	9	
2020-11-08 08:10:00	2.6	서북서	284	17.18	30.22	0.73	5.8	1.08	6.0	3.4	서남서	242	12.7	1017.8	-	12	
2020-11-08 08:15:00	7.2	북북서	326	17.18	30.23	0.77	6.0	0.90	5.0	4.1	서남서	247	12.6	1017.9	-	1	
2020-11-08 08:20:00	4.0	서	268	17.18	30.22	0.70	5.7	0.90	6.5	3.7	서남서	244	12.6	1017.9	-	4	
2020-11-08 08:25:00	4.0	북서	321	17.18	30.23	0.68	5.4	1.01	5.5	4.2	서남서	244	12.7	1018.0	-	1	
2020-11-08 08:30:00	2.5	서북서	294	17.18	30.24	0.77	5.8	1.06	5.5	4.4	서남서	242	12.8	1018.0	-	3	
2020-11-08 08:35:00	2.4	북북서	330	17.19	30.23	0.66	5.3	0.90	6.0	4.2	서남서	249	13.3	1018.0	-	357	
2020-11-08 08:40:00	1.6	북서	311	17.18	30.22	0.60	5.6	0.99	4.5	3.6	서남서	256	13.5	1018.0	-	2	
2020-11-08 08:45:00	6.3	남서	234	17.18	30.21	0.68	5.9	0.91	6.0	3.6	서	279	14.0	1018.1	-	15	
2020-11-08 08:50:00	3.0	북서	314	17.17	30.24	0.66	5.5	0.91	5.5	4.2	서북서	293	14.5	1018.1	-	355	
2020-11-08 08:55:00	4.9	북서	326	17.18	30.23	0.69	5.4	0.85	6.0	4.9	서북서	298	14.6	1018.1	-	356	
2020-11-08 09:00:00	2.9	서북서	288	17.18	30.23	0.80	5.8	1.19	6.0	5.0	서북서	295	14.8	1018.1	-	3	
2020-11-08 09:05:00	3.3	서북서	297	17.18	30.23	0.60	5.1	1.12	6.0	5.1	서북서	292	14.7	1018.1	-	354	
2020-11-08 09:10:00	2.8	북서	317	17.18	30.24	0.74	6.0	1.21	6.0	5.1	서북서	297	14.6	1018.0	-	355	
2020-11-08 09:15:00	2.9	서북서	297	17.18	30.25	0.60	5.8	0.90	6.5	5.1	서북서	300	14.6	1018.0	-	7	
2020-11-08 09:20:00	5.5	북서	322	17.19	30.23	0.62	5.7	0.94	6.0	5.1	북서	304	14.6	1018.0	-	354	
2020-11-08 09:25:00	1.5	북북서	329	17.19	30.23	0.66	5.6	0.77	6.0	4.7	북서	311	14.7	1018.1	-	0	
2020-11-08 09:30:00	2.7	남서	230	17.19	30.24	0.65	5.7	0.83	5.0	4.5	북서	320	14.6	1018.0	-	354	
2020-11-08 09:35:00	1.9	서	262	17.19	30.25	0.68	5.7	1.04	6.0	4.1	북북서	335	14.6	1018.0	-	5	
2020-11-08 09:40:00	4.8	서남서	251	17.20	30.24	0.74	5.5	0.99	5.5	4.2	북북서	344	14.7	1018.0	-	2	
2020-11-08 09:45:00	3.6	서남서	252	17.21	30.24	0.68	5.1	1.04	5.0	4.2	북	353	14.7	1018.0	-	354	
2020-11-08 09:50:00	3.6	북서	306	17.21	30.24	0.56	4.9	0.79	5.5	5.1	북	354	14.7	1018.0	-	350	
2020-11-08 09:55:00	1.7	서남서	249	17.21	30.23	0.67	5.1	0.83	5.5	5.3	북	351	14.7	1018.0	-	7	
2020-11-08 10:00:00	1.8	북서	307	17.21	30.23	0.69	5.5	0.85	6.0	5.7	북북서	343	14.7	1018.1	-	1	
2020-11-08 10:05:00	3.8	서	273	17.21	30.23	0.64	5.4	0.85	6.5	5.1	북북서	340	14.8	1018.0	-	356	
2020-11-08 10:10:00	1.6	남남서	209	17.20	30.24	0.68	5.5	0.90	5.5	4.6	북북서	338	14.9	1018.1	-	3	
2020-11-08 10:15:00	2.6	북서	324	17.20	30.24	0.69	5.4	0.93	4.5	4.4	북북서	338	14.9	1018.0	-	345	
2020-11-08 10:20:00	1.7	남서	216	17.20	30.24	0.68	5.8	0.94	6.0	6.2	북북서	339	15.0	1018.0	-	2	
2020-11-08 10:25:00	3.5	서남서	237	17.20	30.25	0.69	5.2	0.97	5.0	4.9	북북서	348	15.1	1018.0	-	353	
2020-11-08 10:30:00	3.6	남서	229	17.21	30.23	0.68	4.9	0.91	5.0	6.5	북북서	344	15.2	1018.0	-	7	
2020-11-08 10:35:00	4.8	서	278	17.21	30.22	0.77	4.6	1.22	5.0	5.2	북북서	336	15.1	1018.0	-	339	
2020-11-08 10:40:00	4.0	남남서	214	17.21	30.21	0.77	4.8	1.20	5.0	5.4	북북서	341	15.1	1018.0	-	350	
2020-11-08 10:45:00	3.0	서	263	17.21	30.21	0.72	4.9	0.97	6.0	7.6	북북서	335	15.2	1017.9	-	8	
2020-11-08 10:50:00	1.8	동	86	17.21	30.21	0.71	5.0	0.92	5.5	8.1	북	9	14.7	1017.9	-	0	
2020-11-08 10:55:00	2.0	남서	233	17.20	30.22	0.86	5.3	1.35	5.5	11.3	북	10	13.3	1017.8	-	353	
2020-11-08 11:00:00	4.0	남남동	165	17.20	30.24	0.91	5.1	1.26	6.0	10.0	북	3	13.4	1017.8	-	359	
2020-11-08 11:05:00	0.7	서북서	285	17.19	30.24	0.86	4.3	1.28	5.0	9.3	북	1	13.4	1017.8	-	130	
2020-11-08 11:10:00	2.9	남동	135	17.19	30.24	0.88	4.9	1.12	5.0	8.1	북	355	13.4	1017.8	-	117	
2020-11-08 11:15:00	6.9	남	190	17.19	30.25	0.90	4.5	1.31	4.5	9.5	북	359	13.6	1017.8	-	137	
2020-11-08 11:20:00	5.5	남남서	206	17.19	30.25	0.97	4.9	1.39	5.0	11.3	북북동	16	13.5	1017.8	-	159	
2020-11-08 11:25:00	7.2	남	189	17.19	30.23	1.09	4.8	1.69	4.0	11.7	북북동	14	13.2	1017.8	-	354	
2020-11-08 11:30:00	3.4	남	181	17.19	30.21	1.10	4.8	1.43	6.5	11.6	북북동	13	13.0	1017.8	-	355	
2020-11-08 11:35:00	4.5	남서	231	17.19	30.23	1.00	5.1	1.32	6.0	11.8	북북동	14	13.0	1017.7	-	7	
2020-11-08 11:40:00	6.6	남남서	201	17.19	30.24	1.06	4.9	1.60	4.5	11.9	북	9	12.9	1017.7	-	358	
2020-11-08 11:45:00	8.5	남서	214	17.19	30.25	1.16	5.3	1.94	5.0	11.1	북	2	13.0	1017.6	-	357	
2020-11-08 11:50:00	13.2	남남서	207	17.19	30.24	1.18	4.9	1.53	4.5	11.1	북	6	13.1	1017.6	-	359	
2020-11-08 11:55:00	3.5	동남동	108	17.19	30.24	1.25	5.1	1.67	5.0	10.9	북	8	13.1	1017.7	-	190	
2020-11-08 12:00:00	4.0	남서	216	17.18	30.23	1.30	5.5	1.77	5.0	10.8	북	3	13.1	1017.8	-	12	
2020-11-08 12:05:00	6.4	남남동	163	17.18	30.24	1.45	5.4	1.91	5.0	11.3	북	6	13.0	1017.8	-	4	
2020-11-08 12:10:00	4.0	남남동	156	17.18	30.25	1.38	5.7	1.66	7.0	10.3	북	11	12.9	1017.9	-	18	
2020-11-08 12:15:00	13.0	남남서	193	17.18	30.25	1.54	5.6	2.09	5.5	9.7	북	6	12.9	1018.0	-	14	
2020-11-08 12:20:00	10.9	남	173	17.19	30.26	1.52	5.3	2.31	5.0	9.6	북북동	15	12.9	1018.0	-	356	
2020-11-08 12:25:00	3.4	남서	214	17.19	30.25	1.55	5.4	2.42	5.0	9.3	북북동	12	13.0	1018.0	-	353	
2020-11-08 12:30:00	4.6	남남동	150	17.18	30.24	1.28	5.6	1.78	5.5	9.5	북북동	18	12.8	1018.1	-	1	
2020-11-08 12:35:00	2.7	남	188	17.19	30.26	1.61	5.5	1.89	5.5	8.8	북	11	12.9	1018.1	-	358	
2020-11-08 12:40:00	9.3	남남동	167	17.19	30.24	1.66	5.8	2.74	5.5	9.2	북북동	17	12.7	1018.1	-	2	
2020-11-08 12:45:00	6.9	남	181	17.19	30.25	1.50	5.9	1.86	7.0	9.3	북북동	20	12.7	1018.0	-	357	
2020-11-08 12:50:00	6.4	남	188	17.19	30.23	1.54	6.0	2.94	6.0	8.6	북북동	16	12.9	1018.1	-	23	
2020-11-08 12:55:00	5.0	남	174	17.19	30.24	1.67	6.1	2.03	4.5	8.2	북북동	16	12.9	1018.1	-	346	
2020-11-08 13:00:00	3.8	남남서	195	17.19	30.26	1.58	5.5	2.34	7.0	8.8	북북동	20	12.8	1018.1	-	1	
2020-11-08 13:05:00	6.9	남	170	17.19	30.25	1.93	6.1	2.75	6.0	8.1	북북동	17	12.7	1018.1	-	6	
2020-11-08 13:10:00	4.4	남남동	166	17.19	30.26	1.63	6.0	2.27	7.0	8.0	북북동	21	12.8	1018.1	-	343	
2020-11-08 13:15:00	7.4	남	191	17.20	30.26	1.66	6.8	2.65	6.5	8.6	북북동	17	12.7	1018.1	-	2	
2020-11-08 13:20:00	3.2	동남동	114	17.19	30.24	1.66	6.0	2.13	5.0	8.2	북북동	13	12.7	1018.1	-	10	
2020-11-08 13:25:00	9.5	남	171	17.19	30.27	1.77	6.1	2.37	5.5	8.5	북북동	20	12.6	1018.0	-	1	
2020-11-08 13:30:00	4.8	남남동	151	17.19	30.25	1.50	5.6	1.94	5.5	8.1	북북동	17	12.6	1018.0	-	354	
2020-11-08 13:35:00	5.1	남	187	17.20	30.26	1.90	6.2	3.16	6.5	7.9	북북동	16	12.5	1018.0	-	2	
2020-11-08 13:40:00	4.6	남	188	17.20	30.25	1.77	6.3	2.08	6.5	8.3	북북동	23	12.5	1017.9	-	1	
2020-11-08 13:45:00	2.7	남서	236	17.20	30.27	1.67	6.4	2.44	7.0	8.7	북북동	23	12.6	1017.9	-	342	
2020-11-08 13:50:00	5.1	남	183	17.20	30.26	1.43	5.8	1.86	5.5	7.3	북북동	27	12.5	1018.0	-	7	
2020-11-08 13:55:00	7.8	남남동	163	17.20	30.26	1.66	6.5	2.54	6.5	6.9	북북동	26	12.6	1018.0	-	359	
2020-11-08 14:00:00	6.5	남남서	205	17.19	30.26	1.61	6.2	2.33	5.0	7.5	북북동	22	12.5	1018.0	-	4	
2020-11-08 14:05:00	8.7	남	174	17.19	30.28	1.82	6.6	2.71	6.5	7.3	북북동	13	12.6	1018.0	-	357	
2020-11-08 14:10:00	6.6	남	189	17.19	30.30	2.04	7.1	2.45	6.5	6.8	북	11	12.6	1018.0	-	350	
2020-11-08 14:15:00	5.0	남	184	17.19	30.28	1.60	6.0	2.45	7.0	6.8	북북동	12	12.7	1018.0	-	8	
2020-11-08 14:20:00	6.2	남남서	197	17.19	30.27	1.77	6.2	2.19	6.0	6.5	북	11	12.8	1018.0	-	6	
2020-11-08 14:25:00	5.5	남남동	161	17.19	30.26	1.85	6.0	2.59	6.0	6.7	북북동	22	12.8	1018.0	-	343	
2020-11-08 14:30:00	6.8	남남서	208	17.19	30.28	1.71	6.2	2.61	5.5	6.5	북북동	28	12.7	1018.0	-	340	
2020-11-08 14:35:00	6.6	남	188	17.19	30.27	1.79	6.9	2.40	7.5	5.7	북북동	19	12.8	1018.1	-	5	
2020-11-08 14:40:00	6.6	남	189	17.19	30.27	1.99	6.7	2.44	6.0	6.4	북북동	24	12.8	1018.1	-	345	
2020-11-08 14:45:00	3.4	남남동	157	17.19	30.28	1.83	6.5	2.14	6.0	6.0	북북동	16	12.8	1018.1	-	355	
2020-11-08 14:50:00	7.4	남남서	196	17.19	30.26	1.81	6.6	2.17	6.0	6.1	북	11	12.8	1018.0	-	358	
2020-11-08 14:55:00	4.5	남남서	204	17.19	30.26	1.60	6.5	2.41	5.0	6.1	북북동	14	12.8	1018.1	-	6	
2020-11-08 15:00:00	8.4	남남서	201	17.19	30.27	2.10	6.8	2.72	7.0	5.3	북	2	12.8	1018.1	-	356	
2020-11-08 15:05:00	6.6	남동	144	17.19	30.28	1.88	6.3	2.24	6.0	5.9	북북동	13	12.7	1018.1	-	358	
2020-11-08 15:10:00	7.6	남	173	17.18	30.27	1.66	6.3	2.38	7.0	6.0	북북동	18	12.7	1018.1	-	352	
2020-11-08 15:15:00	8.4	남남동	167	17.18	30.28	1.84	6.0	2.59	6.5	5.9	북북동	20	12.7	1018.1	-	10	
2020-11-08 15:20:00	3.9	남서	214	17.18	30.28	1.57	6.2	2.68	6.0	5.4	북북동	14	12.7	1018.2	-	346	
2020-11-08 15:25:00	7.2	남남동	163	17.17	30.30	1.49	6.0	2.37	7.0	4.9	북북동	20	12.7	1018.2	-	11	
2020-11-08 15:30:00	2.0	남남서	199	17.18	30.28	1.36	5.7	2.19	5.5	5.2	북북동	15	12.9	1018.2	-	12	
2020-11-08 15:35:00	5.6	남동	134	17.18	30.27	1.79	6.5	2.55	7.5	4.2	북동	34	12.7	1018.2	-	359	
2020-11-08 15:40:00	6.6	남	173	17.17	30.27	1.63	6.2	1.96	6.5	4.9	북북동	26	12.7	1018.2	-	357	
2020-11-08 15:45:00	9.1	남남서	208	17.17	30.28	1.43	6.1	2.06	5.5	4.2	북북동	25	12.7	1018.2	-	9	
2020-11-08 15:50:00	7.1	남동	139	17.17	30.26	1.62	6.3	2.15	6.0	4.1	북북동	14	12.8	1018.3	-	3	
2020-11-08 15:55:00	0.7	남남동	168	17.17	30.26	1.53	5.9	1.92	6.5	3.5	북북동	22	12.7	1018.3	-	358	
2020-11-08 16:00:00	2.4	남남서	193	17.16	30.28	1.52	6.9	2.10	7.0	3.7	북북동	32	12.9	1018.3	-	342	
2020-11-08 16:05:00	4.4	남남서	194	17.16	30.25	1.44	6.6	1.89	6.5	3.6	북북동	22	13.0	1018.3	-	356	
2020-11-08 16:10:00	1.8	남	175	17.17	30.25	1.48	6.0	2.07	5.5	2.6	북	359	12.9	1018.4	-	344	
2020-11-08 16:15:00	5.3	남	170	17.16	30.27	1.53	6.2	1.83	7.5	3.4	북	1	12.8	1018.4	-	351	
2020-11-08 16:20:00	2.3	남남서	200	17.16	30.25	1.29	6.5	1.79	6.0	2.0	북북동	24	12.8	1018.4	-	342	
2020-11-08 16:25:00	7.7	남동	137	17.16	30.27	1.40	6.4	1.73	6.0	2.6	북동	42	12.8	1018.4	-	352	
2020-11-08 16:30:00	8.2	남	169	17.16	30.25	1.37	6.6	1.98	7.5	2.6	북북동	33	12.7	1018.5	-	342	
2020-11-08 16:35:00	4.6	남동	145	17.16	30.27	1.41	6.0	1.68	6.5	3.1	북북동	23	12.8	1018.5	-	343	
2020-11-08 16:40:00	2.5	동	91	17.16	30.26	1.48	5.7	2.14	6.5	2.3	북북동	12	12.8	1018.5	-	347	
2020-11-08 16:45:00	-	-	-	-	-	0.00	0.0	0.00	0.0	0.2	동북동	71	12.9	1018.5	-	0	
2020-11-08 16:50:00	2.0	남남서	200	17.15	30.28	1.29	5.8	2.14	6.0	1.2	북북동	29	12.9	1018.5	-	4	
2020-11-08 16:55:00	2.8	남	172	17.15	30.27	1.22	5.8	1.57	6.5	1.0	동북동	64	12.8	1018.5	-	341	
2020-11-08 17:00:00	4.6	서남서	242	17.15	30.28	1.30	6.0	2.08	6.0	0.5	북북동	12	12.6	1018.5	-	337	
2020-11-08 17:05:00	2.4	남	169	17.15	30.27	1.26	5.8	1.75	6.0	0.3	서남서	243	12.4	1018.6	-	344	
2020-11-08 17:10:00	1.8	남동	131	17.16	30.28	1.23	6.4	1.76	7.0	0.7	남서	236	12.4	1018.6	-	348	
2020-11-08 17:15:00	2.6	남남서	198	17.15	30.26	1.23	6.0	1.68	5.5	0.8	남남서	210	12.4	1018.6	-	355	
2020-11-08 17:20:00	0.4	북	356	17.16	30.26	1.30	5.4	1.59	5.5	1.4	남남서	197	12.5	1018.6	-	353	
2020-11-08 17:25:00	5.0	남남동	164	17.16	30.29	1.20	6.2	1.81	6.0	2.1	남남서	212	12.5	1018.6	-	346	
2020-11-08 17:30:00	3.2	남	178	17.17	30.28	1.22	6.1	1.71	6.0	1.8	남서	214	12.5	1018.7	-	356	
2020-11-08 17:35:00	1.2	남동	126	17.17	30.27	1.34	5.5	1.66	6.0	2.2	남서	225	12.5	1018.7	-	2	
2020-11-08 17:40:00	3.4	남남동	148	17.17	30.29	1.10	6.4	1.66	7.5	2.8	남서	236	12.5	1018.8	-	344	
2020-11-08 17:45:00	2.7	남남서	196	17.17	30.27	1.19	6.3	1.79	6.0	2.7	서남서	237	12.4	1018.8	-	339	
2020-11-08 17:50:00	3.4	서남서	257	17.17	30.25	1.05	5.9	1.58	5.5	4.1	서남서	247	12.5	1018.9	-	9	
2020-11-08 17:55:00	2.9	남	178	17.17	30.26	1.26	6.0	1.79	6.5	4.6	서남서	248	11.7	1018.9	-	348	
2020-11-08 18:00:00	2.2	남동	131	17.17	30.26	1.30	6.0	1.68	6.5	3.6	서남서	247	11.6	1019.0	-	349	
2020-11-08 18:05:00	2.4	남남동	154	17.16	30.26	1.16	5.9	1.48	6.5	4.4	서남서	241	12.0	1019.0	-	347	
2020-11-08 18:10:00	1.9	동남동	107	17.16	30.27	1.26	6.1	1.76	6.5	5.7	서남서	253	12.1	1019.1	-	342	
2020-11-08 18:15:00	1.0	남동	136	17.16	30.07	1.14	6.3	1.92	6.5	6.5	서남서	254	12.3	1019.1	-	350	
2020-11-08 18:20:00	1.3	남동	137	17.15	30.12	1.12	6.4	1.60	6.0	7.0	서남서	258	12.5	1019.2	-	348	
2020-11-08 18:25:00	5.3	서	261	17.15	30.14	1.11	6.3	1.73	5.5	6.3	서	263	12.6	1019.2	-	349	
2020-11-08 18:30:00	0.5	남동	136	17.15	30.14	0.83	5.6	1.19	7.5	6.3	서남서	255	12.5	1019.3	-	338	
2020-11-08 18:35:00	1.3	동남동	109	17.13	30.16	1.04	6.0	1.29	7.5	6.5	서남서	255	12.3	1019.3	-	345	
2020-11-08 18:40:00	2.4	서북서	287	17.13	30.17	0.93	6.1	1.23	5.5	6.4	서	259	12.5	1019.4	-	347	
2020-11-08 18:45:00	1.8	북북서	345	17.13	30.12	0.97	5.9	1.18	6.0	6.7	서	261	12.5	1019.4	-	355	
2020-11-08 18:50:00	2.3	서	265	17.14	30.21	0.91	6.0	1.16	5.5	6.7	서	259	12.4	1019.5	-	0	
2020-11-08 18:55:00	1.8	서	266	17.14	30.21	1.02	6.3	1.43	6.5	6.8	서남서	256	12.4	1019.5	-	359	
2020-11-08 19:00:00	0.8	북북동	27	17.14	30.16	1.05	6.3	1.51	6.0	6.2	서	261	12.4	1019.6	-	1	
2020-11-08 19:05:00	3.0	남동	135	17.14	30.15	0.89	5.9	1.17	5.5	5.8	서남서	256	12.2	1019.7	-	343	
2020-11-08 19:10:00	1.8	동남동	117	17.14	30.13	0.90	5.8	1.31	5.5	5.0	서	275	12.1	1019.8	-	6	
2020-11-08 19:15:00	6.1	남남서	203	17.14	30.14	0.97	6.0	1.58	5.5	4.4	서	278	12.1	1019.8	-	356	
2020-11-08 19:20:00	1.6	북북동	18	17.14	30.05	0.81	5.6	1.26	5.5	3.7	서	270	12.0	1019.8	-	344	
2020-11-08 19:25:00	0.6	북	349	17.14	30.18	0.81	5.9	1.19	6.0	3.9	서	276	12.1	1019.8	-	345	
2020-11-08 19:30:00	3.3	남남서	192	17.14	30.21	0.80	5.5	1.25	6.0	5.4	서북서	291	12.2	1019.8	-	2	
2020-11-08 19:35:00	7.3	남남서	204	17.13	30.21	1.11	6.5	1.44	7.0	4.5	북서	307	12.2	1019.9	-	1	
2020-11-08 19:40:00	2.7	남	190	17.13	30.18	0.94	6.8	1.24	6.0	4.9	서북서	292	12.2	1019.8	-	359	
2020-11-08 19:45:00	1.7	서북서	293	17.13	30.16	0.89	6.0	1.42	6.5	5.3	서북서	295	12.1	1019.7	-	353	
2020-11-08 19:50:00	2.9	남남서	208	17.12	30.14	0.81	5.8	1.67	6.0	5.2	서북서	284	12.1	1019.7	-	353	
2020-11-08 19:55:00	2.6	서남서	256	17.12	30.15	0.96	6.5	1.41	5.0	6.8	서북서	296	12.1	1019.7	-	346	
2020-11-08 20:00:00	5.9	동	84	17.10	30.19	0.82	5.7	0.98	5.5	4.7	서	278	12.0	1019.7	-	0	
2020-11-08 20:05:00	2.4	남서	236	17.11	30.21	0.83	6.1	1.13	6.5	5.5	북서	304	12.0	1019.8	-	349	
2020-11-08 20:10:00	0.6	북동	40	17.11	30.24	0.88	6.0	1.36	5.5	4.6	북서	304	11.9	1019.9	-	347	
2020-11-08 20:15:00	12.8	남남동	165	17.10	30.17	0.86	5.8	1.16	6.5	4.4	서북서	296	11.9	1020.0	-	2	
2020-11-08 20:20:00	5.2	남	186	17.11	30.09	0.85	5.7	1.15	5.0	4.3	북서	314	11.8	1020.1	-	343	
2020-11-08 20:25:00	3.5	남남서	209	17.11	30.14	0.92	6.1	1.28	7.0	4.6	서북서	301	11.7	1020.2	-	338	
2020-11-08 20:30:00	2.6	동북동	61	17.11	30.15	0.93	6.3	1.37	6.0	4.5	북서	307	11.5	1020.2	-	348	
2020-11-08 20:35:00	3.2	남남동	157	17.11	30.22	0.94	5.9	1.20	5.5	5.9	북서	304	11.5	1020.3	-	10	
2020-11-08 20:40:00	2.7	남	169	17.12	30.24	0.86	6.0	1.15	6.5	5.0	서북서	301	11.6	1020.3	-	0	
2020-11-08 20:45:00	1.6	남남서	206	17.12	30.25	0.75	5.8	1.29	6.5	6.8	서북서	297	11.5	1020.3	-	343	
2020-11-08 20:50:00	5.4	동남동	118	17.11	30.26	1.01	6.2	1.57	6.0	6.2	북서	304	11.3	1020.4	-	349	
2020-11-08 20:55:00	4.1	남동	140	17.10	30.25	0.86	6.1	1.04	5.5	6.2	서북서	295	11.2	1020.4	-	336	
2020-11-08 21:00:00	6.6	남남서	206	17.09	30.27	0.98	6.6	1.20	6.0	7.0	서북서	289	11.2	1020.4	-	353	
2020-11-08 21:05:00	3.7	남	179	17.08	30.28	0.81	6.1	1.11	6.5	6.9	서북서	287	11.1	1020.3	-	346	
2020-11-08 21:10:00	2.5	남남동	148	17.09	30.18	1.01	6.4	1.38	6.0	7.1	서북서	283	11.1	1020.4	-	340	
2020-11-08 21:15:00	6.1	남동	139	17.08	30.12	0.98	6.3	1.53	6.0	7.3	서	268	11.0	1020.5	-	343	
2020-11-08 21:20:00	3.0	북동	48	17.08	30.12	0.90	6.8	1.16	7.0	5.2	서	279	10.8	1020.7	-	344	
2020-11-08 21:25:00	5.9	남동	140	17.09	30.11	0.85	5.7	1.14	6.0	4.4	서	273	10.5	1020.9	-	345	
2020-11-08 21:30:00	2.9	동북동	73	17.09	30.09	0.98	6.3	1.36	6.0	4.6	서북서	283	10.6	1020.9	-	335	
2020-11-08 21:35:00	3.6	남동	136	17.08	30.10	1.01	6.0	1.16	4.5	3.7	서북서	283	10.6	1021.1	-	349	
2020-11-08 21:40:00	4.2	남남서	209	17.09	30.10	0.91	5.6	1.25	6.0	3.7	서	279	10.5	1021.1	-	354	
2020-11-08 21:45:00	5.2	남남동	154	17.09	30.11	0.86	6.2	1.14	6.0	4.1	서	263	10.4	1021.1	-	335	
2020-11-08 21:50:00	2.2	남동	142	17.08	30.11	0.95	6.3	1.30	7.0	2.7	서남서	241	10.2	1021.1	-	351	
2020-11-08 21:55:00	5.3	남	187	17.09	30.09	0.79	5.6	1.03	6.5	2.1	서남서	255	10.1	1021.3	-	338	
2020-11-08 22:00:00	4.3	남남서	194	17.08	30.07	0.88	5.8	1.31	6.5	2.6	서북서	284	10.0	1021.4	-	348	
2020-11-08 22:05:00	6.6	남	186	17.08	30.00	0.90	6.5	1.13	5.5	3.3	서	264	9.8	1021.4	-	1	
2020-11-08 22:10:00	3.3	남	189	17.08	30.06	0.89	5.4	1.32	6.0	2.9	서	269	9.9	1021.5	-	108	
2020-11-08 22:15:00	5.4	남남동	163	17.08	30.12	1.01	6.1	1.25	6.5	3.0	서	259	9.9	1021.6	-	352	
2020-11-08 22:20:00	3.9	남남동	164	17.08	30.12	0.93	6.3	1.37	5.5	1.8	서	275	9.8	1021.7	-	347	
2020-11-08 22:25:00	2.9	남남서	211	17.07	30.10	0.75	6.0	1.07	6.5	1.4	서	279	9.7	1021.8	-	330	
2020-11-08 22:30:00	4.5	남	191	17.07	30.11	1.01	6.5	1.42	6.5	2.6	서남서	249	9.6	1021.8	-	352	
2020-11-08 22:35:00	4.5	남남서	192	17.08	30.12	0.74	5.6	1.08	5.0	2.8	서남서	246	9.5	1021.8	-	6	
2020-11-08 22:40:00	3.4	남남동	163	17.07	30.11	0.87	6.1	1.34	6.5	2.7	서남서	255	9.5	1021.8	-	359	
2020-11-08 22:45:00	6.1	남	171	17.07	30.17	0.90	6.3	1.20	5.5	3.4	서남서	249	9.4	1021.8	-	358	
2020-11-08 22:50:00	2.9	남서	225	17.06	30.13	0.97	6.1	1.46	6.5	3.2	서남서	247	9.1	1021.9	-	357	
2020-11-08 22:55:00	2.4	남	188	17.06	30.11	0.89	5.8	1.10	6.5	2.6	서남서	254	8.9	1022.0	-	339	
2020-11-08 23:00:00	4.1	남	170	17.06	30.13	1.05	6.5	1.34	6.5	3.3	서남서	246	8.7	1022.0	-	357	
2020-11-08 23:05:00	6.0	남	171	17.07	30.10	0.83	6.3	1.04	6.0	3.4	서남서	238	8.6	1022.0	-	350	
2020-11-08 23:10:00	4.6	남	183	17.07	30.13	0.91	6.5	1.40	6.5	3.1	서남서	243	8.6	1022.1	-	359	
2020-11-08 23:15:00	5.6	남남동	160	17.07	30.20	0.86	6.0	1.25	5.5	3.5	서남서	255	8.3	1022.2	-	350	
2020-11-08 23:20:00	2.6	서남서	243	17.07	30.25	0.86	6.1	1.31	7.5	4.3	서남서	241	8.4	1022.1	-	359	
2020-11-08 23:25:00	2.7	남남서	210	17.06	30.22	0.98	6.4	1.12	6.0	4.1	서남서	248	8.4	1022.2	-	341	
2020-11-08 23:30:00	4.3	남	172	17.05	30.17	0.83	6.2	1.11	6.0	4.4	서남서	258	8.3	1022.2	-	352	
2020-11-08 23:35:00	5.3	남남동	159	17.05	30.15	0.88	6.6	1.41	6.5	4.2	서남서	253	8.1	1022.2	-	358	
2020-11-08 23:40:00	6.2	남동	138	17.07	30.13	1.01	6.7	1.61	7.0	3.5	서남서	254	8.2	1022.2	-	351	
2020-11-08 23:45:00	6.6	남	173	17.07	30.14	0.90	6.5	1.16	7.0	4.4	서	261	8.4	1022.2	-	345	
2020-11-08 23:50:00	3.7	남남동	160	17.06	30.15	0.90	7.0	1.29	5.5	4.1	서남서	256	8.5	1022.2	-	351	
2020-11-08 23:55:00	1.8	동북동	66	17.07	30.18	1.11	6.9	1.48	7.5	4.1	서남서	243	8.2	1022.3	-	352	
2020-11-09 00:00:00	6.6	남	177	17.07	30.20	1.09	6.8	1.40	7.5	4.0	서남서	237	8.0	1022.3	-	347	
2020-11-09 00:05:00	2.0	남남동	167	17.06	30.24	1.16	6.6	1.88	6.5	3.4	남서	231	7.9	1022.4	-	350	
2020-11-09 00:10:00	4.9	남남동	149	17.06	30.24	1.03	6.9	1.34	6.5	3.8	서남서	252	8.0	1022.4	-	335	
2020-11-09 00:15:00	4.6	남	172	17.07	30.13	1.00	6.9	1.35	7.5	4.1	서남서	252	8.1	1022.4	-	342	
2020-11-09 00:20:00	5.7	남남동	159	17.07	30.17	1.02	6.5	1.29	7.0	4.1	서남서	255	8.1	1022.4	-	349	
2020-11-09 00:25:00	3.0	남	177	17.07	30.19	1.00	6.2	1.31	7.0	4.2	서남서	253	7.9	1022.4	-	358	
2020-11-09 00:30:00	5.5	남남동	157	17.06	30.14	0.90	6.0	1.44	6.0	3.7	서남서	250	7.7	1022.5	-	352	
2020-11-09 00:35:00	4.9	남	172	17.06	30.13	0.91	6.9	1.41	7.0	3.9	서남서	243	7.5	1022.5	-	351	
2020-11-09 00:40:00	3.8	남	188	17.06	30.16	1.09	6.8	1.53	7.0	3.7	서남서	242	7.5	1022.5	-	6	
2020-11-09 00:45:00	3.1	남	188	17.05	30.16	1.01	6.4	1.35	5.5	3.4	서남서	245	7.4	1022.5	-	12	
2020-11-09 00:50:00	5.3	남	189	17.06	30.16	1.04	6.7	1.37	6.5	4.2	서남서	250	7.6	1022.4	-	351	
2020-11-09 00:55:00	6.7	남동	145	17.07	30.17	1.05	7.2	1.26	5.5	4.5	서남서	249	7.6	1022.5	-	345	
2020-11-09 01:00:00	0.5	북북서	344	17.06	30.12	1.15	6.6	1.47	8.5	3.9	서남서	251	7.4	1022.5	-	349	
2020-11-09 01:05:00	8.3	남	177	17.05	30.19	0.89	6.0	1.61	6.5	3.2	서남서	250	7.2	1022.5	-	4	
2020-11-09 01:10:00	3.4	남남동	151	17.07	30.16	0.96	6.4	1.56	7.0	3.7	서남서	254	7.1	1022.6	-	355	
2020-11-09 01:15:00	4.5	남	173	17.07	30.15	1.07	7.1	1.32	6.0	3.9	서남서	250	7.1	1022.6	-	3	
2020-11-09 01:20:00	2.9	남동	124	17.05	30.17	0.89	6.6	1.13	4.5	3.7	서남서	250	7.0	1022.6	-	8	
2020-11-09 01:25:00	3.4	남남서	191	17.06	30.13	1.09	6.5	1.35	8.0	4.7	서남서	252	7.1	1022.6	-	349	
2020-11-09 01:30:00	5.9	남남동	164	17.06	30.15	1.08	6.9	1.51	7.0	4.5	서남서	251	7.0	1022.6	-	345	
2020-11-09 01:35:00	1.1	남	175	17.06	30.14	1.01	6.2	1.36	6.5	4.2	서남서	252	6.9	1022.6	-	3	
2020-11-09 01:40:00	9.6	남남서	198	17.06	30.16	1.07	6.7	1.33	7.0	4.4	서남서	249	6.9	1022.7	-	338	
2020-11-09 01:45:00	7.6	남남서	193	17.06	30.15	1.25	7.1	1.80	7.0	4.4	서남서	248	6.8	1022.7	-	354	
2020-11-09 01:50:00	7.1	남	176	17.06	30.16	1.12	6.9	1.50	6.5	4.7	서남서	245	6.8	1022.7	-	1	
2020-11-09 01:55:00	7.8	남남동	155	17.05	30.20	1.01	6.8	1.46	6.5	4.6	서남서	246	6.6	1022.7	-	320	
2020-11-09 02:00:00	5.3	남	184	17.06	30.20	1.03	7.4	1.33	7.0	4.6	서남서	248	6.4	1022.8	-	353	
2020-11-09 02:05:00	1.3	남남서	199	17.03	30.17	1.23	7.0	1.68	7.0	4.8	서남서	247	6.3	1022.8	-	37	
2020-11-09 02:10:00	7.0	남	188	17.05	30.19	1.11	7.4	1.44	8.0	4.9	서남서	249	6.4	1022.8	-	0	
2020-11-09 02:15:00	7.8	남	187	17.04	30.17	1.01	6.6	1.22	7.0	4.6	서남서	253	6.2	1022.8	-	358	
2020-11-09 02:20:00	6.9	남남서	202	17.04	30.16	1.09	6.3	1.76	6.5	5.1	서남서	249	6.2	1022.9	-	352	
2020-11-09 02:25:00	6.5	남남서	205	17.03	30.17	1.30	6.4	1.90	7.0	5.2	서남서	244	6.2	1022.9	-	357	
2020-11-09 02:30:00	5.9	남	174	17.02	30.19	1.24	7.1	1.78	6.5	5.4	서남서	247	6.1	1022.9	-	354	
2020-11-09 02:35:00	6.9	남	180	17.02	30.17	1.04	6.1	1.53	6.5	5.1	서남서	244	5.9	1022.9	-	354	
2020-11-09 02:40:00	8.9	남	187	17.02	30.15	1.00	6.4	1.41	7.0	5.1	서남서	244	5.8	1022.9	-	17	
2020-11-09 02:45:00	2.5	서남서	257	17.02	30.19	1.00	6.3	1.47	5.5	5.3	서남서	248	5.7	1022.9	-	357	
2020-11-09 02:50:00	4.8	남남서	213	17.02	30.17	1.03	7.0	1.33	6.0	5.3	서남서	244	5.7	1022.9	-	330	
2020-11-09 02:55:00	4.0	남	184	17.00	30.15	0.97	6.8	1.36	7.0	5.3	서남서	245	5.9	1022.9	-	3	
2020-11-09 03:00:00	2.1	남남동	153	16.97	30.27	1.01	6.5	1.44	7.5	5.1	서남서	250	5.8	1022.9	-	19	
2020-11-09 03:05:00	9.9	남	189	17.01	30.29	0.98	6.3	1.33	6.0	5.1	서남서	239	5.9	1022.9	-	2	
2020-11-09 03:10:00	7.1	남서	230	17.03	30.28	1.24	7.0	1.98	7.0	5.1	남서	234	6.0	1022.9	-	6	
2020-11-09 03:15:00	10.1	남남서	209	17.03	30.26	0.95	6.5	1.31	6.5	4.9	남서	236	5.9	1022.9	-	18	
2020-11-09 03:20:00	2.5	서	281	17.01	30.27	1.12	6.7	1.46	6.5	4.6	서남서	245	6.1	1022.9	-	353	
2020-11-09 03:25:00	1.8	남	191	17.01	30.16	1.04	6.1	1.43	6.0	4.9	서남서	250	5.8	1022.9	-	355	
2020-11-09 03:30:00	7.3	남남서	197	17.01	30.20	1.20	7.0	1.70	7.0	5.1	서남서	247	5.8	1022.8	-	0	
2020-11-09 03:35:00	4.7	남	188	17.01	30.21	1.05	6.5	1.47	7.0	4.7	서남서	244	5.6	1022.8	-	359	
2020-11-09 03:40:00	4.7	남	182	17.01	30.24	1.04	6.6	1.44	7.0	5.2	서남서	245	5.7	1022.8	-	341	
2020-11-09 03:45:00	5.3	남남서	195	16.99	30.24	1.05	7.0	1.44	7.5	4.6	서남서	246	5.7	1022.9	-	13	
2020-11-09 03:50:00	4.3	남남동	165	17.00	30.27	0.98	6.6	1.31	6.0	4.2	서남서	248	5.6	1022.8	-	355	
2020-11-09 03:55:00	4.1	남남동	162	17.00	30.27	0.92	6.7	1.40	6.5	4.2	서남서	248	5.5	1022.7	-	7	
2020-11-09 04:00:00	7.7	남남서	203	17.00	30.29	0.97	6.9	1.35	7.5	4.8	서남서	250	5.7	1022.7	-	8	
2020-11-09 04:05:00	10.9	남남동	154	17.00	30.30	1.24	6.5	1.73	6.5	5.0	서남서	253	5.8	1022.7	-	0	
2020-11-09 04:10:00	4.5	남남서	201	17.01	30.30	0.98	6.6	1.20	6.5	5.8	서남서	249	5.7	1022.7	-	11	
2020-11-09 04:15:00	4.4	남남동	150	17.00	30.30	1.14	7.1	1.62	6.5	5.4	서남서	237	5.7	1022.7	-	358	
2020-11-09 04:20:00	5.1	남남서	200	17.00	30.28	0.82	5.9	1.25	6.0	6.1	남서	234	5.9	1022.6	-	20	
2020-11-09 04:25:00	2.7	남남동	168	16.99	30.30	1.00	6.5	1.31	5.5	6.3	남서	234	5.8	1022.6	-	354	
2020-11-09 04:30:00	3.1	남	171	16.98	30.33	1.03	6.7	1.44	7.5	5.1	남서	235	5.7	1022.6	-	359	
2020-11-09 04:35:00	2.3	남동	141	16.99	30.30	0.89	6.0	1.14	6.0	5.4	남서	234	5.4	1022.5	-	13	
2020-11-09 04:40:00	8.6	남남동	167	16.96	30.29	1.03	6.4	1.45	5.5	5.3	서남서	242	5.5	1022.6	-	355	
2020-11-09 04:45:00	6.0	남남동	166	16.96	30.32	0.94	6.3	1.48	5.5	5.1	서남서	248	5.6	1022.7	-	357	
2020-11-09 04:50:00	6.5	남남서	209	16.97	30.30	0.94	6.2	1.30	6.0	4.9	서남서	239	5.6	1022.7	-	2	
2020-11-09 04:55:00	3.2	남동	127	16.98	30.32	1.10	6.7	1.46	7.0	4.8	서남서	241	5.8	1022.7	-	0	
2020-11-09 05:00:00	2.3	남서	219	16.98	30.30	0.93	6.1	1.22	5.0	4.9	서남서	246	5.6	1022.7	-	356	
2020-11-09 05:05:00	6.1	남남서	200	16.99	30.29	0.90	5.8	1.23	6.0	4.5	서남서	248	5.4	1022.7	-	3	
2020-11-09 05:10:00	5.8	남남동	148	16.98	30.30	1.05	6.6	1.41	6.5	4.2	남서	231	5.5	1022.7	-	358	
2020-11-09 05:15:00	8.9	남	173	16.98	30.31	0.84	6.3	1.12	7.0	4.4	남서	233	5.4	1022.6	-	342	
2020-11-09 05:20:00	7.8	남	182	16.98	30.30	0.93	6.6	1.21	6.0	4.3	남서	231	5.4	1022.6	-	3	
2020-11-09 05:25:00	9.5	남	178	16.98	30.29	1.08	6.1	1.53	6.5	4.5	서남서	237	5.3	1022.6	-	3	
2020-11-09 05:30:00	8.9	남	183	16.99	30.29	0.94	5.9	1.44	6.0	4.1	남서	227	5.3	1022.6	-	9	
2020-11-09 05:35:00	3.4	남남동	161	16.98	30.29	0.81	6.7	0.96	6.5	4.6	남서	230	5.4	1022.6	-	0	
2020-11-09 05:40:00	5.5	남남동	149	16.98	30.30	0.81	6.2	1.07	6.0	4.2	남서	232	5.3	1022.6	-	0	
2020-11-09 05:45:00	5.3	동남동	121	16.98	30.29	0.93	6.4	1.18	6.0	3.9	남서	231	5.3	1022.6	-	11	
2020-11-09 05:50:00	5.1	남	191	16.97	30.30	0.91	6.0	1.24	6.0	4.0	남서	233	5.4	1022.6	-	3	
2020-11-09 05:55:00	4.8	남서	216	16.97	30.30	0.87	6.5	1.50	5.5	3.8	서남서	251	5.5	1022.6	-	346	
2020-11-09 06:00:00	11.0	남	172	16.96	30.31	0.93	6.6	1.34	6.5	3.9	서남서	241	5.5	1022.5	-	347	
2020-11-09 06:05:00	5.6	남	173	16.95	30.31	1.01	6.5	1.25	5.0	3.7	서남서	240	5.4	1022.6	-	359	
2020-11-09 06:10:00	2.5	남서	215	16.96	30.32	1.07	5.8	1.38	5.5	3.4	서남서	242	5.5	1022.6	-	1	
2020-11-09 06:15:00	7.0	남남동	157	16.97	30.29	1.02	5.9	1.35	4.5	3.5	남서	233	5.5	1022.6	-	340	
2020-11-09 06:20:00	3.3	남남동	151	16.96	30.32	0.96	5.9	1.29	6.5	3.5	남서	227	5.3	1022.6	-	355	
2020-11-09 06:25:00	10.0	남남서	202	16.97	30.32	0.77	6.6	1.19	6.0	4.5	남서	231	5.4	1022.6	-	20	
2020-11-09 06:30:00	4.9	남	172	16.98	30.32	0.91	5.9	1.15	6.5	4.3	서남서	238	5.6	1022.5	-	12	
2020-11-09 06:35:00	6.9	남	176	16.95	30.32	0.84	6.0	1.19	5.0	4.1	서남서	245	5.5	1022.5	-	21	
2020-11-09 06:40:00	5.9	남	186	16.96	30.30	0.75	5.5	0.91	6.5	4.1	서남서	248	5.4	1022.5	-	350	
2020-11-09 06:45:00	2.0	남동	141	16.95	30.32	0.89	6.0	1.49	6.0	3.9	서남서	250	5.4	1022.5	-	9	
2020-11-09 06:50:00	7.4	남남서	193	16.95	30.32	0.90	6.0	1.24	6.0	4.0	서남서	242	5.5	1022.4	-	11	
2020-11-09 06:55:00	6.2	남	169	16.96	30.33	0.86	6.7	1.18	6.0	4.2	서남서	252	5.5	1022.4	-	27	
2020-11-09 07:00:00	8.6	남	182	16.96	30.33	0.79	6.1	1.17	6.0	3.8	서남서	251	5.1	1022.4	-	4	
2020-11-09 07:05:00	3.6	남서	214	16.97	30.33	0.90	6.1	1.16	6.5	4.2	서남서	254	5.1	1022.4	-	343	
2020-11-09 07:10:00	1.9	남남동	159	16.96	30.30	0.79	5.8	1.05	6.0	4.9	서남서	253	5.2	1022.4	-	26	
2020-11-09 07:15:00	4.9	남남서	196	16.95	30.31	0.92	6.3	1.16	5.5	5.1	서남서	247	5.5	1022.4	-	2	
2020-11-09 07:20:00	6.3	남남서	206	16.96	30.33	0.85	6.5	1.42	6.0	5.4	서남서	250	5.5	1022.4	-	359	
2020-11-09 07:25:00	2.3	남서	214	16.95	30.32	1.00	6.4	1.23	6.5	5.4	서남서	246	5.6	1022.5	-	12	
2020-11-09 07:30:00	4.8	서남서	240	16.93	30.32	0.77	6.0	1.16	6.5	5.2	서남서	245	5.8	1022.6	-	15	
2020-11-09 07:35:00	2.8	남서	226	16.93	30.31	0.84	6.6	1.17	6.5	5.0	서남서	244	5.8	1022.7	-	19	
2020-11-09 07:40:00	2.0	남	169	16.92	30.30	0.82	6.4	1.10	7.0	4.4	서남서	243	5.8	1022.7	-	1	
2020-11-09 07:45:00	6.5	남	183	16.93	30.30	0.91	6.5	1.07	7.0	4.0	서남서	243	6.2	1022.6	-	6	
2020-11-09 07:50:00	2.3	남서	223	16.91	30.32	0.76	5.8	0.95	7.0	3.8	서남서	246	6.3	1022.6	-	347	
2020-11-09 07:55:00	5.1	남	186	16.93	30.30	0.95	6.5	1.44	6.5	3.5	서남서	247	6.1	1022.7	-	11	
2020-11-09 08:00:00	6.3	서	263	16.92	30.32	0.83	5.7	1.15	5.5	4.0	서	262	6.8	1022.6	-	16	
2020-11-09 08:05:00	2.4	남남동	160	16.91	30.31	0.96	6.4	1.27	5.5	3.9	서남서	251	6.8	1022.8	-	356	
2020-11-09 08:10:00	5.4	남남서	211	16.91	30.32	0.88	6.2	1.19	6.5	4.3	서	259	6.8	1022.8	-	16	
2020-11-09 08:15:00	5.3	서	259	16.91	30.31	0.97	6.4	1.36	6.0	5.1	서남서	251	6.6	1022.8	-	26	
2020-11-09 08:20:00	4.1	남서	229	16.90	30.31	0.92	6.2	1.26	6.5	4.2	서남서	249	7.1	1022.8	-	1	
2020-11-09 08:25:00	3.5	남남동	148	16.91	30.30	0.89	6.0	1.34	6.0	3.8	서	263	7.7	1023.0	-	14	
2020-11-09 08:30:00	3.6	남	174	16.91	30.31	0.90	6.6	1.18	6.5	4.4	서북서	283	7.8	1023.0	-	8	
2020-11-09 08:35:00	5.6	남	190	16.90	30.32	1.02	6.5	1.46	6.5	4.9	서	267	7.7	1023.0	-	357	
2020-11-09 08:40:00	1.6	서	267	16.90	30.30	1.00	6.8	1.49	6.0	3.8	서	265	8.0	1023.0	-	2	
2020-11-09 08:45:00	4.8	남	186	16.89	30.30	0.93	6.8	1.24	6.0	4.2	서	276	7.9	1023.1	-	11	
2020-11-09 08:50:00	5.8	남서	224	16.89	30.31	1.00	6.4	1.38	6.0	4.2	서북서	284	8.0	1023.1	-	4	
2020-11-09 08:55:00	7.5	남남서	194	16.89	30.30	0.99	6.3	1.22	7.0	4.2	서북서	288	8.4	1023.0	-	12	
2020-11-09 09:00:00	1.4	남	188	16.89	30.31	0.88	6.0	1.14	6.0	4.2	서북서	295	8.5	1022.9	-	8	
2020-11-09 09:05:00	3.1	남	180	16.89	30.32	1.14	6.4	1.80	6.5	3.6	서북서	297	8.5	1022.9	-	358	
2020-11-09 09:10:00	3.4	동북동	71	16.89	30.31	0.92	6.9	1.30	7.0	4.1	서북서	294	8.5	1022.9	-	22	
2020-11-09 09:15:00	6.3	남남동	168	16.89	30.28	1.11	6.9	1.87	7.0	3.0	북서	307	8.6	1023.0	-	24	
2020-11-09 09:20:00	3.7	남남동	154	16.89	30.31	1.20	7.0	1.47	6.0	2.7	서북서	301	8.7	1022.9	-	0	
2020-11-09 09:25:00	4.3	남남동	151	16.89	30.31	1.02	6.6	1.34	5.0	2.4	서북서	290	8.7	1022.9	-	19	
2020-11-09 09:30:00	4.8	남	174	16.90	30.31	1.05	6.8	1.53	7.5	1.5	서북서	287	8.6	1023.0	-	12	
2020-11-09 09:35:00	6.0	남	179	16.91	30.31	1.29	7.0	1.94	6.5	1.1	서	278	8.9	1023.0	-	23	
2020-11-09 09:40:00	2.8	남남서	210	16.91	30.31	1.29	6.3	1.82	9.0	1.3	서	272	9.5	1023.0	-	17	
2020-11-09 09:45:00	4.7	남	183	16.91	30.29	1.12	7.1	1.36	6.0	1.6	서	273	9.1	1022.9	-	347	
2020-11-09 09:50:00	4.5	남	191	16.91	30.30	1.06	7.1	1.34	7.0	1.0	북서	316	9.2	1022.9	-	11	
2020-11-09 09:55:00	4.5	남남서	214	16.91	30.29	1.10	6.9	1.52	6.5	1.7	서	272	9.3	1022.8	-	11	
2020-11-09 10:00:00	5.5	남남동	146	16.91	30.29	1.09	6.8	1.52	8.0	3.4	서북서	303	9.4	1022.7	-	10	
2020-11-09 10:05:00	3.2	남남동	151	16.90	30.31	1.29	6.4	1.99	8.0	3.7	북서	305	9.6	1022.7	-	30	
2020-11-09 10:10:00	2.2	서남서	250	16.90	30.30	1.13	7.0	1.28	7.0	6.1	북서	320	9.6	1022.7	-	15	
2020-11-09 10:15:00	2.3	남남서	201	16.90	30.30	1.14	7.1	1.44	6.0	6.5	북서	325	9.8	1022.6	-	16	
2020-11-09 10:20:00	7.4	남남동	168	16.91	30.30	1.29	7.1	1.70	7.5	6.6	북서	325	10.2	1022.5	-	355	
2020-11-09 10:25:00	4.6	남남서	196	16.90	30.31	1.12	7.2	1.40	7.0	6.8	북북서	333	10.0	1022.5	-	24	
2020-11-09 10:30:00	3.5	남남동	148	16.91	30.30	1.12	7.8	1.34	6.0	7.3	북북서	332	10.0	1022.5	-	13	
2020-11-09 10:35:00	6.3	남남동	161	16.92	30.31	1.26	7.3	1.79	7.0	6.7	북서	321	10.0	1022.5	-	21	
2020-11-09 10:40:00	6.1	남	175	16.93	30.33	1.11	6.9	1.49	6.5	6.8	북서	324	10.2	1022.5	-	20	
2020-11-09 10:45:00	6.8	남서	220	16.93	30.30	1.10	6.9	1.70	6.5	6.6	북서	314	10.1	1022.5	-	350	
2020-11-09 10:50:00	5.1	남남동	159	16.93	30.30	1.20	6.9	1.77	7.5	5.9	북서	310	10.3	1022.5	-	28	
2020-11-09 10:55:00	11.8	남남동	162	16.94	30.32	1.05	6.6	1.43	7.5	6.6	북서	326	10.3	1022.5	-	357	
2020-11-09 11:00:00	6.4	남남동	168	16.94	30.31	1.19	7.4	1.55	6.5	7.1	북북서	330	10.3	1022.4	-	18	
2020-11-09 11:05:00	7.0	남	173	16.94	30.31	1.16	7.3	1.59	6.5	6.6	북서	308	10.4	1022.4	-	21	
2020-11-09 11:10:00	5.6	남남동	167	16.94	30.33	1.22	6.8	1.61	6.0	6.0	서북서	303	10.5	1022.4	-	21	
2020-11-09 11:15:00	4.7	남남서	194	16.94	30.33	1.10	6.8	1.32	7.0	6.9	서북서	291	10.4	1022.4	-	18	
2020-11-09 11:20:00	6.3	남동	130	16.94	30.33	1.11	7.0	1.52	8.0	6.7	서북서	291	10.8	1022.4	-	2	
2020-11-09 11:25:00	7.9	남동	144	16.94	30.33	0.95	7.1	1.27	8.5	7.7	북서	320	10.7	1022.3	-	2	
2020-11-09 11:30:00	4.6	남남동	159	16.94	30.32	1.10	6.4	1.65	6.5	8.2	북서	321	10.5	1022.2	-	4	
2020-11-09 11:35:00	5.3	남동	139	16.94	30.33	1.14	6.9	1.58	7.0	7.3	북서	321	10.6	1022.2	-	16	
2020-11-09 11:40:00	5.8	남	177	16.94	30.34	1.04	6.7	1.35	7.0	8.8	북서	306	10.8	1022.2	-	33	
2020-11-09 11:45:00	4.8	남남동	166	16.93	30.34	0.93	6.4	1.39	6.5	7.7	북서	313	10.7	1022.3	-	37	
2020-11-09 11:50:00	3.3	남	172	16.94	30.33	0.98	6.5	1.24	8.0	7.9	북서	315	10.7	1022.2	-	28	
2020-11-09 11:55:00	4.1	남동	127	16.94	30.33	1.09	6.3	1.51	4.5	7.6	북서	304	10.7	1022.2	-	0	
2020-11-09 12:00:00	6.1	남남동	165	16.94	30.32	1.04	6.8	1.65	7.0	7.6	서북서	300	10.6	1022.2	-	20	
2020-11-09 12:05:00	4.9	남	175	16.94	30.34	1.05	7.0	1.36	7.5	6.6	북서	304	10.6	1022.2	-	26	
2020-11-09 12:10:00	5.9	남남동	148	16.94	30.34	1.02	7.0	1.18	7.0	7.4	북서	319	10.8	1022.1	-	6	
2020-11-09 12:15:00	6.3	남	171	16.95	30.34	0.96	6.5	1.42	6.5	6.2	북서	324	10.8	1022.0	-	7	
2020-11-09 12:20:00	8.9	남	181	16.95	30.36	0.95	6.3	1.24	7.0	6.2	북북서	336	10.7	1022.0	-	21	
2020-11-09 12:25:00	8.1	남	179	16.95	30.34	0.96	6.5	1.20	6.0	7.3	북북서	330	10.8	1021.9	-	30	
2020-11-09 12:30:00	4.7	남남동	155	16.95	30.37	0.97	6.4	1.48	7.5	8.2	북북서	329	10.9	1021.9	-	20	
2020-11-09 12:35:00	9.5	남남동	159	16.95	30.36	0.89	6.4	1.25	6.0	8.5	북서	316	11.2	1021.8	-	17	
2020-11-09 12:40:00	7.4	남	185	16.96	30.35	1.06	7.0	1.34	8.0	8.1	북서	321	11.1	1021.8	-	13	
2020-11-09 12:45:00	6.3	남동	136	16.96	30.38	0.92	6.1	1.18	6.0	7.0	북서	319	11.1	1021.7	-	15	
2020-11-09 12:50:00	8.6	남남서	197	16.97	30.35	0.79	6.6	1.05	6.0	9.4	북서	324	11.2	1021.5	-	19	
2020-11-09 12:55:00	3.1	동남동	109	16.97	30.36	1.03	6.3	1.35	7.0	8.5	북서	318	11.3	1021.5	-	17	
2020-11-09 13:00:00	8.9	남남동	157	16.97	30.35	0.87	6.4	1.11	7.0	7.3	북서	325	11.3	1021.5	-	357	
2020-11-09 13:05:00	9.7	남	184	16.96	30.33	0.91	5.7	1.19	4.5	9.4	북서	322	11.4	1021.4	-	22	
2020-11-09 13:10:00	4.4	남남동	162	16.95	30.34	0.90	6.2	1.17	5.5	7.9	북서	319	11.2	1021.5	-	3	
2020-11-09 13:15:00	8.2	남동	136	16.94	30.34	0.90	5.7	1.19	5.0	8.6	북서	319	11.3	1021.4	-	43	
2020-11-09 13:20:00	8.4	남남동	167	16.93	30.34	0.85	5.9	1.04	5.5	6.7	북서	320	11.3	1021.4	-	14	
2020-11-09 13:25:00	3.2	남	173	16.93	30.34	0.90	5.4	1.10	6.0	7.9	북서	313	11.7	1021.3	-	8	
2020-11-09 13:30:00	7.5	남	171	16.91	30.33	0.94	5.9	1.26	4.0	9.0	북서	318	11.7	1021.2	-	23	
2020-11-09 13:35:00	9.8	남	180	16.91	30.34	0.83	6.5	0.91	7.5	8.5	북서	322	11.7	1021.2	-	17	
2020-11-09 13:40:00	7.1	남	171	16.91	30.34	1.00	6.0	1.28	6.0	9.4	북서	320	11.8	1021.1	-	14	
2020-11-09 13:45:00	0.4	서북서	300	16.90	30.33	0.89	5.9	1.28	5.5	8.4	북서	322	11.7	1021.0	-	12	
2020-11-09 13:50:00	4.0	남	188	16.90	30.33	0.97	7.0	1.16	7.0	8.2	북서	318	11.9	1021.0	-	5	
2020-11-09 13:55:00	10.9	남	173	16.89	30.33	0.97	5.8	1.24	6.5	8.2	북서	317	11.9	1021.0	-	5	
2020-11-09 14:00:00	3.2	남	181	16.89	30.32	0.97	6.7	1.36	8.0	8.5	북서	305	12.0	1021.0	-	36	
2020-11-09 14:05:00	6.9	남동	140	16.87	30.32	1.01	5.9	1.68	5.5	8.3	북서	324	11.9	1020.9	-	4	
2020-11-09 14:10:00	5.5	남남동	167	16.86	30.33	0.92	5.6	1.30	6.5	7.9	북서	320	12.1	1020.9	-	357	
2020-11-09 14:15:00	6.6	남	173	16.85	30.33	0.98	5.8	1.36	6.0	7.3	북서	318	12.1	1020.9	-	1	
2020-11-09 14:20:00	7.8	남	179	16.85	30.31	0.98	6.0	1.38	6.5	7.9	북서	309	12.2	1020.8	-	357	
2020-11-09 14:25:00	9.9	남	176	16.84	30.32	0.88	5.7	1.18	6.0	7.6	북서	305	12.2	1020.7	-	9	
2020-11-09 14:30:00	6.8	남남동	151	16.84	30.32	0.85	5.3	1.09	5.0	6.3	서북서	301	12.2	1020.8	-	354	
2020-11-09 14:35:00	4.6	남남서	195	16.84	30.30	0.84	6.2	1.00	6.5	6.5	북서	307	12.2	1020.8	-	11	
2020-11-09 14:40:00	4.7	남남동	156	16.84	30.29	0.81	5.4	1.14	7.5	6.0	북서	304	12.3	1020.8	-	4	
2020-11-09 14:45:00	2.8	남	178	16.83	30.27	0.91	5.7	1.22	6.0	5.9	서북서	293	12.4	1020.8	-	353	
2020-11-09 14:50:00	1.5	동남동	113	16.82	30.30	0.91	5.5	1.12	7.0	4.2	서북서	301	12.3	1020.7	-	36	
2020-11-09 14:55:00	5.9	남	189	16.82	30.30	0.87	5.1	1.14	6.0	5.4	서북서	293	12.5	1020.7	-	9	
2020-11-09 15:00:00	6.8	남	182	16.82	30.30	1.11	6.1	1.54	6.5	5.6	서	278	12.4	1020.7	-	10	
2020-11-09 15:05:00	5.2	남남서	194	16.82	30.32	0.88	6.0	1.13	7.0	6.2	북서	305	12.4	1020.7	-	26	
2020-11-09 15:10:00	2.3	서	266	16.81	30.28	0.98	6.4	1.49	5.0	5.6	서북서	294	12.5	1020.7	-	358	
2020-11-09 15:15:00	2.5	남	176	16.80	30.29	0.96	6.4	1.30	7.5	4.4	서	278	12.5	1020.8	-	6	
2020-11-09 15:20:00	2.5	남	175	16.79	30.28	0.99	6.3	1.25	5.5	4.8	북서	320	12.4	1020.9	-	21	
2020-11-09 15:25:00	2.9	남남서	198	16.79	30.30	1.00	5.7	1.29	6.5	5.4	서북서	294	12.4	1020.9	-	14	
2020-11-09 15:30:00	1.3	남서	229	16.79	30.28	1.01	6.3	1.45	6.5	3.9	서북서	298	12.4	1020.9	-	12	
2020-11-09 15:35:00	1.5	서북서	296	16.79	30.30	0.90	5.8	1.36	7.0	5.5	서북서	292	12.4	1020.9	-	355	
2020-11-09 15:40:00	2.5	남서	216	16.79	30.30	1.02	6.2	1.47	6.0	5.0	서북서	290	12.5	1020.9	-	24	
2020-11-09 15:45:00	4.9	남남서	196	16.81	30.28	0.87	6.0	1.07	6.5	6.8	서북서	297	12.5	1020.9	-	348	
2020-11-09 15:50:00	2.4	북북동	20	16.80	30.24	0.97	6.1	1.33	6.0	5.4	서북서	301	12.6	1021.0	-	349	
2020-11-09 15:55:00	3.3	동남동	117	16.80	30.27	0.92	5.8	1.29	5.5	6.8	북서	310	12.3	1020.9	-	14	
2020-11-09 16:00:00	3.1	남서	228	16.80	30.28	1.01	6.5	1.54	7.5	6.8	북서	309	12.3	1020.8	-	354	
2020-11-09 16:05:00	2.3	남	185	16.80	30.28	0.96	5.7	1.35	6.5	5.8	북서	304	12.2	1020.9	-	335	
2020-11-09 16:10:00	1.4	남남서	209	16.82	30.28	0.97	5.5	1.20	4.5	6.0	북서	311	12.1	1020.9	-	343	
2020-11-09 16:15:00	3.6	남남서	199	16.82	30.28	1.08	6.1	1.40	5.0	5.2	서북서	303	12.2	1020.9	-	14	
2020-11-09 16:20:00	0.7	남서	225	16.82	30.28	1.00	6.4	1.38	6.0	5.5	북서	317	12.3	1020.8	-	2	
2020-11-09 16:25:00	2.5	남	183	16.82	30.26	1.08	6.2	1.26	7.0	5.5	북서	317	12.1	1020.8	-	2	
2020-11-09 16:30:00	4.2	남남서	208	16.88	30.27	1.21	6.4	1.79	6.5	6.0	북서	319	12.3	1020.8	-	358	
2020-11-09 16:35:00	6.2	서남서	251	16.89	30.24	1.17	6.2	1.36	6.0	5.6	북서	310	12.3	1020.9	-	352	
2020-11-09 16:40:00	1.1	남남동	167	16.89	30.26	0.99	6.4	1.35	4.5	5.3	북서	316	12.3	1020.9	-	355	
2020-11-09 16:45:00	9.9	남남서	204	16.89	30.23	1.28	6.6	1.51	6.5	4.9	북서	311	12.2	1020.9	-	0	
2020-11-09 16:50:00	5.8	서남서	238	16.88	30.26	1.41	6.1	1.80	5.5	6.1	서북서	290	12.3	1020.9	-	18	
2020-11-09 16:55:00	7.0	서남서	247	16.89	30.27	0.99	6.2	1.55	6.5	6.0	서북서	288	12.2	1020.9	-	0	
2020-11-09 17:00:00	3.5	서남서	242	16.89	30.26	1.25	7.0	2.07	6.5	6.8	서북서	292	12.1	1020.9	-	353	
2020-11-09 17:05:00	6.1	남남서	205	16.88	30.26	1.17	6.7	2.06	6.5	6.2	서북서	287	12.0	1020.8	-	350	
2020-11-09 17:10:00	2.3	남서	233	16.88	30.27	1.15	6.3	1.57	7.5	6.5	서북서	285	12.0	1020.8	-	349	
2020-11-09 17:15:00	6.4	서	267	16.89	30.28	1.01	7.2	1.39	7.0	5.4	서	271	12.0	1020.9	-	11	
2020-11-09 17:20:00	4.3	서남서	245	16.88	30.27	1.06	6.4	1.56	7.0	6.3	서	278	11.8	1020.9	-	353	
2020-11-09 17:25:00	8.4	서남서	237	16.89	30.28	1.17	6.2	1.51	7.0	4.9	서	265	11.7	1021.0	-	0	
2020-11-09 17:30:00	0.7	남남서	191	16.88	30.23	0.99	5.9	1.29	5.0	4.0	서남서	249	11.5	1021.1	-	15	
2020-11-09 17:35:00	2.5	남남동	157	16.88	30.27	1.10	6.5	1.43	7.0	3.7	서남서	251	11.3	1021.2	-	359	
2020-11-09 17:40:00	0.6	동북동	62	16.87	30.27	1.18	6.5	1.59	6.5	3.8	서남서	253	11.3	1021.2	-	351	
2020-11-09 17:45:00	0.3	동남동	110	16.87	30.26	0.91	6.3	1.24	7.0	3.8	서남서	245	11.3	1021.3	-	7	
2020-11-09 17:50:00	2.4	남남서	205	16.87	30.27	1.03	6.2	1.26	5.5	3.7	서남서	252	11.2	1021.3	-	349	
2020-11-09 17:55:00	4.3	북서	305	16.86	30.29	1.18	6.8	1.43	6.5	3.8	서남서	255	11.2	1021.4	-	26	
2020-11-09 18:00:00	0.9	북서	307	16.87	30.26	1.16	6.6	1.46	6.5	3.7	서남서	253	11.1	1021.4	-	359	
2020-11-09 18:05:00	3.6	서	270	16.86	30.26	1.04	6.7	1.29	6.0	3.7	서남서	256	11.1	1021.5	-	1	
2020-11-09 18:10:00	1.7	남남서	196	16.86	30.27	1.26	6.7	1.97	7.0	4.2	서남서	254	11.2	1021.6	-	1	
2020-11-09 18:15:00	1.5	북북동	29	16.86	30.26	1.07	6.6	1.59	6.0	2.7	서	281	11.0	1021.7	-	353	
2020-11-09 18:20:00	1.4	동	92	16.86	30.25	1.18	6.8	1.57	7.0	4.2	북서	305	11.1	1021.6	-	3	
2020-11-09 18:25:00	0.4	남남동	159	16.87	30.26	1.09	6.4	1.79	6.5	4.4	서	277	11.1	1021.7	-	8	
2020-11-09 18:30:00	3.8	남서	219	16.86	30.27	1.35	6.9	1.60	7.0	3.5	서	263	10.7	1021.7	-	357	
2020-11-09 18:35:00	1.5	동	86	16.86	30.27	1.13	6.7	1.81	6.0	2.7	서남서	258	10.9	1021.8	-	0	
2020-11-09 18:40:00	2.8	서북서	295	16.86	30.27	0.93	6.3	1.24	7.0	2.5	서남서	258	10.8	1021.9	-	351	
2020-11-09 18:45:00	1.2	동북동	78	16.86	30.25	1.11	6.7	1.91	6.0	2.7	서남서	241	10.6	1021.9	-	7	
2020-11-09 18:50:00	2.5	남서	218	16.85	30.27	1.20	6.8	1.58	7.0	3.3	서남서	250	10.5	1021.9	-	2	
2020-11-09 18:55:00	2.9	남	175	16.85	30.26	1.20	6.6	1.76	6.0	3.2	서남서	253	10.5	1021.9	-	3	
2020-11-09 19:00:00	4.3	남서	234	16.85	30.16	1.07	6.1	1.41	6.5	3.3	서남서	246	10.6	1021.9	-	15	
2020-11-09 19:05:00	3.5	남동	146	16.85	30.11	1.15	6.7	1.74	6.5	2.0	서남서	244	10.4	1022.0	-	24	
2020-11-09 19:10:00	1.4	동북동	64	16.83	30.15	0.96	6.4	1.16	5.5	2.6	남서	234	10.5	1022.0	-	26	
2020-11-09 19:15:00	1.9	남서	228	16.83	30.17	1.11	6.7	1.36	6.5	1.5	서남서	239	10.3	1022.1	-	10	
2020-11-09 19:20:00	3.2	남남동	168	16.82	30.17	1.19	6.6	1.59	6.5	2.1	서북서	291	10.3	1022.2	-	350	
2020-11-09 19:25:00	3.5	남남동	162	16.83	30.15	1.14	6.9	1.43	7.5	2.6	서남서	257	10.3	1022.2	-	353	
2020-11-09 19:30:00	3.7	남서	220	16.83	30.17	1.23	6.5	1.67	6.5	1.6	남서	227	10.2	1022.3	-	11	
2020-11-09 19:35:00	4.0	남남서	204	16.83	30.23	1.19	6.3	1.81	7.5	3.4	서남서	247	10.3	1022.4	-	11	
2020-11-09 19:40:00	3.2	남	185	16.82	30.22	1.18	6.7	1.70	6.5	2.4	서남서	250	10.3	1022.4	-	346	
2020-11-09 19:45:00	3.0	남	183	16.82	30.21	1.08	7.0	1.46	6.5	2.1	서남서	257	10.5	1022.5	-	4	
2020-11-09 19:50:00	1.1	북	359	16.82	30.23	1.23	6.9	1.72	6.5	2.8	서	267	10.4	1022.5	-	348	
2020-11-09 19:55:00	3.0	남	183	16.83	30.21	1.03	6.6	1.34	6.5	3.3	서남서	255	10.4	1022.7	-	13	
2020-11-09 20:00:00	2.5	서남서	247	16.82	30.04	1.16	6.1	1.73	6.5	3.3	서	263	10.4	1022.7	-	11	
2020-11-09 20:05:00	0.2	북북서	327	16.81	30.24	1.09	6.3	1.45	7.0	3.4	서	275	10.4	1022.7	-	357	
2020-11-09 20:10:00	3.7	남남동	148	16.80	30.27	1.03	6.2	1.46	6.0	4.2	서북서	293	10.6	1022.7	-	21	
2020-11-09 20:15:00	1.5	북북서	341	16.81	30.26	1.09	6.1	1.40	6.5	6.8	서북서	303	10.8	1022.7	-	1	
2020-11-09 20:20:00	3.4	남	184	16.81	30.27	1.13	6.8	1.74	6.5	6.6	북서	309	10.9	1022.7	-	354	
2020-11-09 20:25:00	2.1	남남서	197	16.78	30.25	0.98	6.2	1.15	6.5	5.9	북서	307	10.8	1022.8	-	351	
2020-11-09 20:30:00	4.2	남남서	196	16.78	30.25	1.01	6.1	1.50	6.5	3.3	서	267	10.5	1022.8	-	354	
2020-11-09 20:35:00	4.8	남남동	154	16.77	30.26	1.04	6.3	1.35	5.5	3.6	서남서	252	10.0	1022.8	-	5	
2020-11-09 20:40:00	3.0	남서	217	16.77	30.25	1.10	6.4	1.45	6.0	4.3	남서	230	9.9	1022.8	-	0	
2020-11-09 20:45:00	1.6	남	180	16.77	30.25	0.88	6.1	1.34	6.0	2.3	서남서	247	9.8	1022.9	-	10	
2020-11-09 20:50:00	2.0	남남동	153	16.77	30.25	0.95	6.4	1.15	7.0	1.7	남서	221	9.7	1023.0	-	3	
2020-11-09 20:55:00	2.7	남서	225	16.77	30.24	1.20	6.3	1.48	5.0	1.6	남서	220	9.7	1023.0	-	3	
2020-11-09 21:00:00	3.4	남동	145	16.76	30.27	0.90	6.1	1.30	6.5	2.0	남서	234	9.7	1023.0	-	30	
2020-11-09 21:05:00	0.9	남동	137	16.76	30.24	1.01	6.5	1.26	7.0	2.2	서남서	256	9.7	1023.0	-	27	
2020-11-09 21:10:00	0.4	남	172	16.77	30.24	1.26	6.1	1.50	6.0	0.5	서	273	9.9	1023.0	-	7	
2020-11-09 21:15:00	4.4	남동	126	16.77	30.24	0.97	5.8	1.39	7.0	1.9	서	270	10.1	1023.1	-	20	
2020-11-09 21:20:00	2.7	동	93	16.76	30.24	1.19	6.1	1.68	6.5	2.2	서	281	10.1	1023.1	-	8	
2020-11-09 21:25:00	5.3	남서	217	16.75	30.24	0.92	5.5	1.28	6.0	3.4	서	275	10.2	1023.2	-	11	
2020-11-09 21:30:00	0.6	남서	228	16.75	30.23	1.03	5.7	1.66	5.0	3.5	서	275	10.1	1023.2	-	4	
2020-11-09 21:35:00	2.4	남남서	198	16.74	30.24	0.97	6.4	1.23	6.5	3.8	서	272	10.1	1023.2	-	18	
2020-11-09 21:40:00	5.9	남	180	16.74	30.23	0.86	6.3	1.13	6.0	5.1	서	279	10.1	1023.2	-	345	
2020-11-09 21:45:00	2.3	서	273	16.74	30.22	0.88	5.7	1.27	6.5	4.9	서	269	9.9	1023.2	-	2	
2020-11-09 21:50:00	1.0	남동	124	16.74	30.22	0.84	5.9	1.20	6.0	4.7	서	267	9.7	1023.3	-	6	
2020-11-09 21:55:00	4.7	남	189	16.73	30.22	0.99	6.0	1.43	6.5	4.4	서	273	9.8	1023.3	-	44	
2020-11-09 22:00:00	0.4	남남서	214	16.71	30.21	1.01	6.0	1.33	7.0	4.4	서	279	9.8	1023.4	-	22	
2020-11-09 22:05:00	4.7	남동	141	16.68	30.23	1.13	6.5	1.73	7.0	4.8	서	267	9.8	1023.5	-	19	
2020-11-09 22:10:00	5.1	남동	133	16.62	30.20	0.99	5.9	1.53	7.0	3.4	서	265	9.7	1023.5	-	359	
2020-11-09 22:15:00	6.2	남남동	160	16.59	30.21	0.96	6.1	1.20	5.5	2.9	서	266	9.3	1023.6	-	12	
2020-11-09 22:20:00	6.1	남남서	196	16.59	30.20	1.04	6.8	1.60	6.0	2.4	서북서	285	9.3	1023.7	-	17	
2020-11-09 22:25:00	4.5	남	178	16.60	30.20	1.01	6.3	1.36	5.0	3.2	서북서	297	9.6	1023.8	-	24	
2020-11-09 22:30:00	6.3	남남동	146	16.60	30.18	1.05	6.2	1.39	6.0	2.6	서	274	9.5	1023.8	-	27	
2020-11-09 22:35:00	2.1	남서	233	16.60	30.18	0.95	6.4	1.21	5.5	1.4	서북서	287	9.2	1023.9	-	22	
2020-11-09 22:40:00	2.1	남남서	206	16.60	30.19	0.92	6.0	1.59	7.0	1.0	서	280	9.2	1024.0	-	29	
2020-11-09 22:45:00	5.5	남	172	16.57	30.17	0.96	6.0	1.41	6.0	1.5	서북서	297	9.2	1024.0	-	9	
2020-11-09 22:50:00	3.5	남남동	160	16.56	30.19	1.03	5.9	1.33	6.0	1.5	서북서	293	9.2	1024.0	-	17	
2020-11-09 22:55:00	7.3	동남동	120	16.56	30.15	0.92	6.0	1.30	6.0	2.6	서북서	297	9.2	1024.0	-	22	
2020-11-09 23:00:00	5.0	남동	127	16.54	30.17	1.00	6.2	1.35	5.5	2.5	북서	304	9.3	1024.0	-	17	
2020-11-09 23:05:00	1.9	동	99	16.54	30.18	1.13	6.2	1.49	7.5	3.6	서북서	291	9.4	1023.9	-	353	
2020-11-09 23:10:00	4.1	남동	129	16.54	30.15	1.08	6.1	1.36	6.0	5.1	서	266	9.5	1023.8	-	18	
2020-11-09 23:15:00	2.2	남	170	16.53	30.07	0.91	5.9	1.25	5.5	4.8	서	264	9.1	1023.8	-	15	
2020-11-09 23:20:00	5.7	동남동	117	16.53	30.07	0.90	6.3	1.21	6.5	4.9	서	270	9.2	1023.8	-	351	
2020-11-09 23:25:00	4.0	동남동	106	16.54	30.10	0.84	6.3	1.21	6.5	5.4	서	271	9.3	1023.7	-	10	
2020-11-09 23:30:00	7.1	남	173	16.53	30.12	0.91	6.2	1.27	7.0	6.2	서	280	9.5	1023.6	-	6	
2020-11-09 23:35:00	6.5	남남동	152	16.55	30.14	0.73	5.6	1.16	7.0	6.0	서	277	9.6	1023.7	-	355	
2020-11-09 23:40:00	4.6	남남동	149	16.57	30.16	0.90	6.0	1.33	6.5	5.8	서	276	9.6	1023.7	-	35	
2020-11-09 23:45:00	3.8	남	182	16.58	30.15	0.89	6.4	1.18	6.0	5.4	서북서	286	9.5	1023.8	-	23	
2020-11-09 23:50:00	4.9	동남동	111	16.58	30.16	0.85	5.9	1.13	5.5	6.1	서북서	285	9.8	1023.8	-	357	
2020-11-09 23:55:00	5.7	남동	128	16.58	30.16	0.82	6.1	1.07	6.0	6.4	서	279	9.9	1023.8	-	38	
2020-11-10 00:00:00	4.4	남	178	16.58	30.14	0.92	6.1	1.31	5.0	4.5	서	281	9.8	1023.9	-	25	
2020-11-10 00:05:00	4.0	남	169	16.58	30.16	0.91	6.5	1.20	8.0	4.2	서	280	9.7	1024.0	-	24	
2020-11-10 00:10:00	1.9	서남서	259	16.58	30.15	1.09	6.4	1.84	6.5	5.3	서	269	9.7	1024.0	-	11	
2020-11-10 00:15:00	4.2	동남동	120	16.58	30.16	0.95	6.2	1.26	6.0	4.3	서	275	9.6	1024.0	-	357	
2020-11-10 00:20:00	3.5	남	171	16.58	30.15	0.80	6.0	1.13	6.0	4.4	서	263	9.6	1024.0	-	1	
2020-11-10 00:25:00	4.7	남남동	169	16.58	30.16	1.06	6.4	1.63	6.5	4.3	서남서	237	9.4	1023.9	-	22	
2020-11-10 00:30:00	4.3	남	187	16.58	30.16	0.86	6.3	1.16	6.0	3.0	남서	219	8.9	1024.0	-	17	
2020-11-10 00:35:00	3.3	남남서	192	16.57	30.02	0.84	5.7	1.25	5.0	2.9	남남서	200	8.8	1024.1	-	5	
2020-11-10 00:40:00	1.0	서	261	16.57	30.12	1.10	5.9	1.98	5.5	2.6	남서	218	8.8	1024.2	-	355	
2020-11-10 00:45:00	2.4	남	186	16.56	30.18	0.86	5.8	1.22	6.5	2.1	서남서	251	9.0	1024.2	-	354	
2020-11-10 00:50:00	2.6	남	181	16.55	30.18	0.90	6.6	1.25	7.0	3.2	서남서	254	9.0	1024.0	-	3	
2020-11-10 00:55:00	2.9	동남동	111	16.54	30.18	0.86	5.7	1.34	6.5	3.0	서남서	246	8.7	1024.2	-	4	
2020-11-10 01:00:00	3.6	서남서	238	16.54	30.19	1.17	6.5	1.67	6.5	2.5	서남서	252	8.5	1024.2	-	11	
2020-11-10 01:05:00	2.5	남남동	149	16.54	30.18	0.97	6.4	1.26	7.0	2.3	서	259	8.6	1024.2	-	9	
2020-11-10 01:10:00	2.6	남	182	16.54	30.20	0.97	5.9	1.31	5.5	2.3	남서	233	8.7	1024.3	-	358	
2020-11-10 01:15:00	0.9	동남동	103	16.55	30.20	0.85	6.0	1.10	6.0	2.5	남서	235	8.6	1024.3	-	5	
2020-11-10 01:20:00	2.8	남	182	16.56	30.19	1.09	6.3	1.54	5.5	2.4	서남서	248	8.4	1024.4	-	2	
2020-11-10 01:25:00	1.3	남서	218	16.56	30.18	0.78	6.2	1.16	6.0	2.5	서남서	249	8.5	1024.4	-	346	
2020-11-10 01:30:00	1.2	서	274	16.56	30.19	0.94	5.9	1.49	6.5	2.5	서남서	247	8.4	1024.4	-	13	
2020-11-10 01:35:00	2.3	남서	225	16.55	30.18	1.21	6.5	1.55	6.5	2.7	서남서	253	8.2	1024.4	-	2	
2020-11-10 01:40:00	2.3	남남동	154	16.55	30.18	1.01	6.4	1.37	7.0	3.4	서남서	240	8.1	1024.5	-	358	
2020-11-10 01:45:00	1.5	남동	124	16.55	30.18	1.00	6.3	1.31	6.0	3.2	남서	231	7.9	1024.6	-	357	
2020-11-10 01:50:00	2.9	남	183	16.55	30.17	1.11	6.3	1.38	6.5	3.4	남서	229	7.8	1024.7	-	359	
2020-11-10 01:55:00	3.2	남동	142	16.54	30.18	1.23	6.2	1.53	7.5	3.5	남서	226	7.6	1024.7	-	12	
2020-11-10 02:00:00	1.3	남남서	199	16.53	30.18	1.08	6.3	1.25	6.5	2.8	남서	221	7.5	1024.8	-	348	
2020-11-10 02:05:00	3.6	남남동	151	16.53	30.18	1.11	6.8	1.63	6.0	2.9	남서	230	7.4	1024.9	-	5	
2020-11-10 02:10:00	2.5	남	171	16.53	30.18	1.08	6.3	1.39	5.5	2.5	남서	233	7.6	1024.9	-	351	
2020-11-10 02:15:00	4.1	남	169	16.53	30.17	1.14	6.9	1.66	6.5	2.7	서남서	238	8.0	1024.9	-	3	
2020-11-10 02:20:00	0.5	서북서	285	16.53	30.18	0.99	6.3	1.26	6.5	2.4	서남서	242	7.9	1025.0	-	358	
2020-11-10 02:25:00	3.8	남동	144	16.53	30.17	0.99	6.5	1.19	5.0	2.6	서남서	247	8.0	1025.0	-	5	
2020-11-10 02:30:00	0.9	서남서	245	16.53	30.18	1.22	6.2	1.97	6.5	2.9	서남서	249	7.9	1025.0	-	358	
2020-11-10 02:35:00	2.7	남남동	163	16.54	30.18	1.11	6.8	1.64	6.5	3.1	서남서	256	8.1	1025.1	-	7	
2020-11-10 02:40:00	4.1	남	184	16.54	30.17	1.11	6.2	1.86	6.0	3.4	서남서	257	7.8	1025.2	-	355	
2020-11-10 02:45:00	1.5	남동	131	16.53	30.14	0.97	6.7	1.19	6.5	3.5	서남서	255	7.7	1025.3	-	354	
2020-11-10 02:50:00	1.2	서북서	291	16.53	30.16	0.84	6.3	1.17	7.0	3.4	서남서	249	7.6	1025.3	-	357	
2020-11-10 02:55:00	1.7	북동	56	16.53	30.17	0.97	6.0	1.50	6.5	3.5	서남서	246	7.6	1025.3	-	354	
2020-11-10 03:00:00	5.1	남동	130	16.52	30.17	1.06	6.5	1.29	6.5	3.4	서남서	252	7.5	1025.4	-	2	
2020-11-10 03:05:00	4.7	남동	133	16.51	30.18	0.98	6.2	1.37	6.5	3.5	서남서	250	7.3	1025.4	-	23	
2020-11-10 03:10:00	4.6	남동	145	16.52	30.17	0.98	6.4	1.24	6.5	3.7	서남서	251	7.3	1025.3	-	352	
2020-11-10 03:15:00	2.9	남	173	16.52	30.20	0.97	6.0	1.32	6.0	3.8	서남서	256	7.2	1025.3	-	12	
2020-11-10 03:20:00	2.7	남동	134	16.52	30.18	1.11	6.4	1.45	6.0	4.0	서남서	249	7.2	1025.3	-	5	
2020-11-10 03:25:00	4.2	남동	132	16.52	30.17	0.92	6.2	1.08	6.5	3.7	서남서	245	7.2	1025.4	-	22	
2020-11-10 03:30:00	4.4	남	186	16.52	30.18	0.99	6.6	1.33	6.5	4.0	서남서	245	7.2	1025.3	-	352	
2020-11-10 03:35:00	6.5	남	169	16.52	30.18	1.02	6.4	1.37	5.0	4.5	서남서	244	7.1	1025.3	-	7	
2020-11-10 03:40:00	4.7	남	176	16.52	30.17	1.02	6.9	1.35	7.0	4.5	서남서	243	6.9	1025.4	-	349	
2020-11-10 03:45:00	4.6	남남서	196	16.52	30.18	0.92	6.4	1.40	6.5	4.4	서남서	242	6.9	1025.4	-	17	
2020-11-10 03:50:00	1.5	남남동	154	16.52	30.17	0.92	6.3	1.27	5.5	4.2	서남서	242	6.9	1025.5	-	356	
2020-11-10 03:55:00	3.5	남남서	204	16.51	30.18	0.99	6.5	1.35	6.5	3.7	서남서	240	6.9	1025.5	-	346	
2020-11-10 04:00:00	5.3	남	190	16.51	30.19	1.07	6.8	1.33	6.0	3.5	서남서	250	7.1	1025.5	-	347	
2020-11-10 04:05:00	0.9	북북서	341	16.49	30.17	1.03	6.8	1.49	6.5	3.7	서남서	244	7.1	1025.4	-	350	
2020-11-10 04:10:00	2.8	서남서	244	16.49	30.16	1.07	6.5	1.30	6.5	3.9	서남서	249	7.0	1025.3	-	7	
2020-11-10 04:15:00	4.1	동북동	76	16.48	30.16	0.85	6.0	1.46	5.5	4.0	서남서	253	6.7	1025.3	-	6	
2020-11-10 04:20:00	1.3	서북서	294	16.48	30.17	0.98	6.4	1.17	7.0	4.1	서남서	250	6.6	1025.3	-	0	
2020-11-10 04:25:00	3.4	북북동	14	16.49	30.17	1.05	6.1	1.31	6.5	4.1	서남서	247	6.6	1025.4	-	1	
2020-11-10 04:30:00	0.6	북서	315	16.49	30.17	0.93	6.4	1.57	6.5	4.1	서남서	252	6.6	1025.4	-	359	
2020-11-10 04:35:00	2.5	서남서	237	16.48	30.18	1.13	7.0	1.43	7.0	4.3	서남서	247	6.6	1025.4	-	3	
2020-11-10 04:40:00	4.5	남동	138	16.49	30.18	1.08	6.7	1.49	6.5	4.8	서남서	253	6.5	1025.4	-	351	
2020-11-10 04:45:00	0.9	남남동	167	16.48	30.17	0.90	6.3	1.27	7.5	4.5	서남서	250	6.6	1025.4	-	359	
2020-11-10 04:50:00	1.6	남남서	192	16.48	30.15	1.04	6.0	1.27	7.0	4.5	서남서	249	6.7	1025.5	-	356	
2020-11-10 04:55:00	0.5	남	183	16.48	30.17	0.93	6.8	1.49	6.5	4.1	서남서	239	6.6	1025.5	-	359	
2020-11-10 05:00:00	6.4	남	182	16.48	30.17	0.98	6.3	1.31	6.5	4.1	남서	232	6.6	1025.5	-	354	
2020-11-10 05:05:00	3.5	남남서	191	16.49	30.18	0.93	6.0	1.43	7.0	3.7	서남서	239	6.7	1025.6	-	342	
2020-11-10 05:10:00	4.6	남	175	16.49	30.17	0.93	6.7	1.31	5.5	3.7	서남서	240	6.7	1025.6	-	3	
2020-11-10 05:15:00	3.2	남	173	16.49	30.17	0.98	6.4	1.17	6.5	4.1	서남서	249	6.6	1025.6	-	359	
2020-11-10 05:20:00	4.5	동남동	121	16.48	30.17	1.01	6.5	1.40	6.0	3.9	서남서	245	6.5	1025.6	-	355	
2020-11-10 05:25:00	1.1	남서	232	16.48	30.17	1.09	6.6	1.48	6.0	3.6	서남서	245	6.5	1025.7	-	352	
2020-11-10 05:30:00	3.3	남동	143	16.49	30.15	0.84	6.2	1.09	4.5	4.1	서남서	247	6.6	1025.7	-	358	
2020-11-10 05:35:00	2.7	남	181	16.48	30.17	0.85	5.6	1.13	5.5	4.7	서남서	249	6.4	1025.6	-	342	
2020-11-10 05:40:00	2.7	북북동	33	16.49	30.16	0.89	6.2	1.20	6.0	4.7	서남서	252	6.2	1025.6	-	354	
2020-11-10 05:45:00	1.8	북서	325	16.49	30.17	0.79	5.7	1.04	5.5	4.9	서남서	246	6.2	1025.7	-	344	
2020-11-10 05:50:00	3.3	남서	217	16.49	30.17	0.80	6.0	1.13	6.5	4.8	서남서	247	6.1	1025.7	-	357	
2020-11-10 05:55:00	3.5	남	177	16.47	30.16	0.79	6.3	1.58	6.0	4.9	서남서	245	6.0	1025.8	-	358	
2020-11-10 06:00:00	4.4	남남서	206	16.47	30.17	0.82	5.9	1.09	5.0	4.9	서남서	248	6.0	1025.7	-	344	
2020-11-10 06:05:00	4.6	남	177	16.46	30.19	0.93	5.8	1.18	6.5	5.4	서남서	254	6.0	1025.7	-	357	
2020-11-10 06:10:00	1.6	남남동	154	16.48	30.17	0.98	5.9	1.74	6.0	5.2	서남서	248	6.0	1025.7	-	354	
2020-11-10 06:15:00	3.0	남남동	150	16.47	30.17	0.78	6.0	1.19	6.0	5.2	서남서	238	6.0	1025.8	-	341	
2020-11-10 06:20:00	1.5	남	184	16.47	30.17	1.01	6.3	1.46	6.0	4.8	서남서	240	6.1	1025.9	-	352	
2020-11-10 06:25:00	1.0	남남서	205	16.47	30.17	0.86	6.1	1.26	5.5	4.9	서남서	244	6.1	1026.0	-	341	
2020-11-10 06:30:00	2.4	북서	317	16.46	30.18	0.76	6.2	0.93	6.0	5.1	서남서	245	6.1	1026.0	-	7	
2020-11-10 06:35:00	2.3	북서	320	16.44	30.17	0.72	5.8	0.94	5.5	5.1	서남서	244	5.9	1026.0	-	347	
2020-11-10 06:40:00	4.3	남남서	207	16.47	30.16	0.72	5.8	1.06	6.5	5.1	서남서	246	6.0	1026.1	-	352	
2020-11-10 06:45:00	1.5	북서	311	16.47	30.17	0.71	6.2	0.85	6.0	4.9	서남서	245	6.1	1026.2	-	349	
2020-11-10 06:50:00	1.7	서남서	237	16.46	30.18	0.75	6.0	1.09	6.5	5.3	서남서	250	6.2	1026.2	-	4	
2020-11-10 06:55:00	1.2	북	355	16.45	30.18	0.75	6.0	1.04	6.5	5.3	서남서	247	6.1	1026.2	-	0	
2020-11-10 07:00:00	1.1	서	273	16.46	30.19	0.80	5.8	1.05	7.0	5.3	서남서	244	6.2	1026.2	-	353	
2020-11-10 07:05:00	3.6	북북서	347	16.45	30.20	0.77	5.8	0.98	4.5	5.0	서남서	245	6.1	1026.2	-	357	
2020-11-10 07:10:00	1.6	북서	323	16.44	30.21	0.92	6.2	1.19	6.5	4.8	서남서	248	6.0	1026.3	-	335	
2020-11-10 07:15:00	1.1	남남서	194	16.44	30.18	0.81	6.1	1.06	6.0	4.3	서남서	245	6.2	1026.4	-	342	
2020-11-10 07:20:00	3.2	북서	309	16.45	30.19	0.82	6.4	1.32	5.5	4.5	서	259	6.2	1026.4	-	10	
2020-11-10 07:25:00	3.1	서	274	16.45	30.19	0.81	6.1	1.27	6.0	4.8	서남서	254	6.2	1026.4	-	354	
2020-11-10 07:30:00	2.2	서	267	16.45	30.20	0.72	5.7	0.87	5.0	4.3	서남서	246	6.2	1026.5	-	343	
2020-11-10 07:35:00	0.8	남서	222	16.44	30.21	0.77	6.3	1.01	5.0	4.5	서남서	241	6.4	1026.5	-	344	
2020-11-10 07:40:00	3.6	북서	305	16.44	30.19	0.60	5.5	0.89	6.5	4.5	서남서	238	6.7	1026.6	-	359	
2020-11-10 07:45:00	2.7	서남서	250	16.44	30.18	0.70	6.0	0.97	5.5	4.3	서남서	246	6.8	1026.6	-	356	
2020-11-10 07:50:00	1.7	서남서	247	16.45	30.20	0.76	6.2	0.94	6.5	4.7	서남서	249	6.7	1026.6	-	343	
2020-11-10 07:55:00	2.0	북서	317	16.45	30.19	0.81	5.8	1.01	5.5	5.0	서남서	246	6.7	1026.7	-	344	
2020-11-10 08:00:00	2.4	서	269	16.44	30.21	0.83	6.4	1.12	6.5	4.5	서남서	244	6.7	1026.8	-	352	
2020-11-10 08:05:00	2.9	북서	307	16.47	30.19	0.81	6.0	1.09	5.5	4.2	서남서	248	6.9	1026.9	-	345	
2020-11-10 08:10:00	3.5	서북서	285	16.47	30.20	0.77	5.5	1.07	7.0	4.3	서남서	239	7.0	1026.9	-	352	
2020-11-10 08:15:00	0.8	동북동	75	16.45	30.18	0.83	6.3	1.11	6.0	4.1	서남서	249	7.2	1027.0	-	337	
2020-11-10 08:20:00	3.0	북북동	11	16.44	30.19	0.69	5.8	0.91	6.0	4.2	서남서	256	7.1	1027.0	-	8	
2020-11-10 08:25:00	4.8	북북서	346	16.45	30.20	0.75	6.1	1.27	6.0	4.0	서남서	252	7.2	1027.1	-	16	
2020-11-10 08:30:00	2.3	서	266	16.46	30.18	0.73	5.9	1.06	5.5	3.7	서남서	254	7.4	1027.1	-	0	
2020-11-10 08:35:00	6.4	북서	311	16.47	30.20	0.89	5.8	1.34	6.0	3.6	서남서	241	7.5	1027.2	-	350	
2020-11-10 08:40:00	2.2	북서	319	16.47	30.19	0.69	5.9	0.90	6.0	3.8	서남서	246	7.7	1027.2	-	348	
2020-11-10 08:45:00	3.3	북서	317	16.47	30.18	0.81	6.2	1.12	6.0	3.7	서남서	248	7.9	1027.3	-	355	
2020-11-10 08:50:00	3.6	서	264	16.47	30.20	0.64	5.7	0.98	5.5	3.8	서남서	244	8.0	1027.3	-	8	
2020-11-10 08:55:00	5.4	서남서	250	16.47	30.20	0.71	5.9	0.97	5.5	4.1	서남서	256	8.3	1027.3	-	22	
2020-11-10 09:00:00	2.6	남서	226	16.47	30.20	0.63	5.7	0.86	6.0	4.0	서남서	246	8.2	1027.3	-	20	
2020-11-10 09:05:00	4.5	서남서	247	16.47	30.20	0.67	6.0	0.90	5.5	4.1	서남서	247	8.3	1027.3	-	7	
2020-11-10 09:10:00	2.8	서남서	259	16.47	30.20	0.67	6.4	0.85	7.0	3.5	서남서	255	8.4	1027.4	-	351	
2020-11-10 09:15:00	1.7	남남서	194	16.47	30.20	0.66	6.0	1.03	5.5	3.6	서남서	248	8.5	1027.4	-	351	
2020-11-10 09:20:00	2.1	남서	214	16.47	30.19	0.76	5.9	1.12	5.5	3.1	서남서	238	8.7	1027.4	-	353	
2020-11-10 09:25:00	1.5	서남서	237	16.48	30.19	0.68	6.0	0.97	5.0	3.2	서남서	246	8.8	1027.3	-	16	
2020-11-10 09:30:00	1.4	서	261	16.48	30.19	0.73	5.6	0.99	5.5	3.0	서남서	246	8.9	1027.3	-	351	
2020-11-10 09:35:00	3.3	서남서	253	16.47	30.20	0.75	6.1	1.04	7.0	2.8	서남서	245	9.1	1027.3	-	357	
2020-11-10 09:40:00	2.7	서남서	242	16.48	30.18	0.63	5.5	1.21	6.0	2.3	서남서	245	9.4	1027.4	-	354	
2020-11-10 09:45:00	2.4	서북서	288	16.48	30.19	0.63	5.4	1.06	5.5	2.2	서남서	240	9.8	1027.3	-	347	
2020-11-10 09:50:00	1.7	서남서	242	16.48	30.18	0.74	5.2	0.99	4.5	2.2	서남서	246	9.8	1027.2	-	4	
2020-11-10 09:55:00	3.4	서	266	16.48	30.19	0.75	6.2	1.11	6.0	3.1	서남서	251	9.9	1027.2	-	3	
2020-11-10 10:00:00	1.9	남서	233	16.48	30.20	0.70	5.9	0.99	6.0	1.8	서남서	245	9.7	1027.3	-	347	
2020-11-10 10:05:00	1.2	북	6	16.48	30.20	0.81	5.9	1.15	6.0	1.4	서남서	239	10.0	1027.4	-	12	
2020-11-10 10:10:00	5.6	서남서	252	16.49	30.19	0.71	5.8	1.02	5.5	1.0	서	268	10.1	1027.3	-	13	
2020-11-10 10:15:00	3.0	북북서	348	16.49	30.19	0.71	5.7	1.01	6.0	2.2	서북서	284	9.9	1027.3	-	352	
2020-11-10 10:20:00	2.4	서북서	284	16.50	30.19	0.69	5.9	1.01	6.0	0.9	서	276	10.0	1027.3	-	3	
2020-11-10 10:25:00	2.9	서	263	16.50	30.19	0.62	5.5	0.85	5.5	0.9	북서	319	10.0	1027.3	-	15	
2020-11-10 10:30:00	1.7	남	182	16.50	30.17	0.64	5.7	1.05	6.0	1.6	북서	326	9.9	1027.3	-	6	
2020-11-10 10:35:00	2.5	서남서	249	16.51	30.18	0.62	5.5	0.79	4.0	0.8	북북서	332	9.9	1027.2	-	28	
2020-11-10 10:40:00	2.8	남서	219	16.51	30.19	0.65	5.6	0.87	5.5	0.5	북서	315	10.0	1027.2	-	41	
2020-11-10 10:45:00	3.8	남서	225	16.51	30.19	0.67	6.0	0.98	6.5	0.2	북	353	10.9	1027.2	-	22	
2020-11-10 10:50:00	1.2	서남서	247	16.52	30.17	0.61	5.1	0.87	6.0	0.4	북북동	19	10.6	1027.2	-	11	
2020-11-10 10:55:00	4.5	서남서	246	16.52	30.18	0.58	5.8	0.76	5.5	0.1	북	9	10.5	1027.2	-	345	
2020-11-10 11:00:00	2.2	북	9	16.50	30.18	0.66	6.2	1.18	6.5	0.2	북북동	13	10.9	1027.2	-	358	
2020-11-10 11:05:00	1.7	남동	137	16.50	30.19	0.66	5.5	0.90	5.5	0.4	북북동	12	11.2	1027.1	-	5	
2020-11-10 11:10:00	1.4	남	190	16.51	30.17	0.67	6.0	1.17	4.5	0.4	북북동	14	11.0	1027.1	-	7	
2020-11-10 11:15:00	1.0	북동	46	16.50	30.17	0.70	5.5	0.99	6.0	1.0	남남동	150	10.8	1027.1	-	31	
2020-11-10 11:20:00	2.5	동북동	68	16.50	30.16	0.78	6.1	1.15	6.0	1.3	남	188	10.6	1027.0	-	355	
2020-11-10 11:25:00	0.9	남동	136	16.51	30.17	0.68	6.0	0.88	5.5	1.0	남남동	158	10.5	1027.0	-	358	
2020-11-10 11:30:00	1.5	서	262	16.51	30.17	0.68	6.0	0.93	5.5	1.1	동	100	10.4	1027.0	-	6	
2020-11-10 11:35:00	2.0	북	356	16.52	30.19	0.60	5.5	1.11	6.0	1.4	동북동	77	10.3	1026.9	-	64	
2020-11-10 11:40:00	1.1	북북서	330	16.52	30.18	0.77	5.8	1.43	6.0	1.6	북동	56	10.1	1026.9	-	3	
2020-11-10 11:45:00	2.9	남남서	199	16.52	30.20	0.68	5.7	0.94	6.0	1.0	동	83	10.2	1026.8	-	352	
2020-11-10 11:50:00	1.3	서북서	297	16.53	30.19	0.73	5.4	0.95	5.5	1.3	북동	35	10.5	1026.8	-	344	
2020-11-10 11:55:00	2.2	서남서	239	16.54	30.19	0.70	5.9	0.90	6.5	1.7	북동	35	10.2	1026.8	-	11	
2020-11-10 12:00:00	2.4	서	260	16.53	30.20	0.72	5.5	0.89	6.5	1.9	북북동	28	10.2	1026.6	-	358	
2020-11-10 12:05:00	3.3	서	267	16.55	30.20	0.69	6.0	0.79	5.5	2.0	북북동	25	10.2	1026.5	-	357	
2020-11-10 12:10:00	2.1	서남서	255	16.57	30.19	0.72	5.2	1.19	5.0	3.1	동북동	61	10.2	1026.4	-	347	
2020-11-10 12:15:00	1.3	서남서	249	16.58	30.19	0.66	5.4	0.83	5.5	2.2	동북동	57	10.2	1026.4	-	347	
2020-11-10 12:20:00	2.2	남서	229	16.58	30.19	0.62	5.7	0.93	4.5	2.4	동북동	63	10.3	1026.4	-	351	
2020-11-10 12:25:00	1.2	남동	125	16.59	30.17	0.63	5.2	0.81	4.5	2.3	동북동	57	10.4	1026.3	-	0	
2020-11-10 12:30:00	1.2	서북서	303	16.60	30.20	0.70	5.3	1.16	5.0	3.3	동북동	75	10.4	1026.2	-	20	
2020-11-10 12:35:00	1.1	북	5	16.60	30.20	0.69	5.7	0.89	6.5	3.2	동북동	63	10.3	1026.2	-	0	
2020-11-10 12:40:00	3.1	서	263	16.60	30.19	0.66	5.5	0.97	5.5	3.0	동북동	57	10.5	1026.0	-	49	
2020-11-10 12:45:00	1.0	북동	37	16.60	30.18	0.66	5.8	1.12	5.5	3.2	북동	41	10.6	1026.0	-	13	
2020-11-10 12:50:00	1.4	서북서	301	16.60	30.18	0.67	5.3	0.80	5.0	3.7	북동	38	10.4	1026.0	-	357	
2020-11-10 12:55:00	2.8	북서	322	16.59	30.17	0.69	5.5	0.98	6.0	3.5	북동	53	10.4	1025.9	-	6	
2020-11-10 13:00:00	1.4	서	263	16.59	30.17	0.66	5.9	0.98	7.0	3.5	북동	43	10.3	1025.9	-	43	
2020-11-10 13:05:00	0.7	서북서	290	16.58	30.19	0.62	5.7	0.74	3.5	3.7	북동	42	10.5	1025.8	-	8	
2020-11-10 13:10:00	1.9	서	269	16.57	30.17	0.56	5.8	0.81	8.0	3.9	북동	50	10.5	1025.8	-	346	
2020-11-10 13:15:00	0.6	남남서	214	16.57	30.17	0.70	5.7	0.94	7.5	3.7	북동	41	10.4	1025.8	-	1	
2020-11-10 13:20:00	1.3	남	185	16.56	30.17	0.69	5.7	0.92	5.0	4.2	북동	48	10.5	1025.8	-	47	
2020-11-10 13:25:00	2.4	서남서	238	16.56	30.16	0.64	6.0	0.88	5.5	3.1	북동	53	10.5	1025.7	-	16	
2020-11-10 13:30:00	0.5	서북서	293	16.57	30.15	0.69	5.8	0.94	6.0	3.0	북동	53	10.7	1025.7	-	5	
2020-11-10 13:35:00	4.6	서북서	295	16.59	30.19	0.66	5.7	1.01	5.5	3.3	북동	55	10.6	1025.7	-	1	
2020-11-10 13:40:00	5.0	북서	320	16.62	30.16	0.61	5.9	0.79	5.0	3.2	동북동	59	10.6	1025.6	-	28	
2020-11-10 13:45:00	6.8	북서	317	16.62	30.19	0.69	5.7	0.91	5.0	2.4	동북동	59	10.5	1025.6	-	22	
2020-11-10 13:50:00	5.7	북북서	333	16.65	30.16	0.62	5.2	0.89	5.0	2.0	북동	46	10.7	1025.6	-	96	
2020-11-10 13:55:00	1.8	북북서	332	16.66	30.17	0.72	5.6	1.21	6.0	2.0	동북동	59	10.7	1025.6	-	354	
2020-11-10 14:00:00	6.0	서북서	298	16.67	30.17	0.77	5.5	1.00	5.5	2.2	북동	43	11.1	1025.6	-	11	
2020-11-10 14:05:00	3.9	북서	314	16.68	30.17	0.72	5.8	0.96	4.5	2.1	동북동	65	11.1	1025.5	-	17	
2020-11-10 14:10:00	5.2	북북서	327	16.69	30.17	0.72	5.4	1.10	4.5	2.4	동	86	10.9	1025.6	-	356	
2020-11-10 14:15:00	5.2	북	2	16.69	30.17	0.67	6.1	1.07	6.5	2.6	동	82	10.8	1025.6	-	61	
2020-11-10 14:20:00	4.1	북서	317	16.69	30.18	0.67	5.8	0.93	6.0	2.4	동	81	10.9	1025.6	-	41	
2020-11-10 14:25:00	6.0	서북서	302	16.69	30.18	0.69	6.0	1.25	5.5	1.8	동북동	60	10.8	1025.6	-	13	
2020-11-10 14:30:00	8.2	북북서	340	16.70	30.17	0.72	5.7	1.04	5.5	2.5	동남동	104	10.8	1025.6	-	25	
2020-11-10 14:35:00	-	-	-	-	-	0.00	0.0	0.00	0.0	2.5	동남동	112	11.1	-	-	0	
2020-11-10 14:40:00	4.2	북서	326	16.71	30.16	0.66	5.8	0.95	6.5	2.6	동	93	11.1	1025.6	-	0	
2020-11-10 14:45:00	2.4	북북동	18	16.70	30.17	0.62	5.5	0.88	5.5	2.3	동남동	110	11.0	1025.6	-	19	
2020-11-10 14:50:00	4.6	북서	312	16.70	30.14	0.68	5.6	0.83	5.0	2.5	동남동	103	11.0	1025.6	-	11	
2020-11-10 14:55:00	6.1	북북서	337	16.70	30.17	0.65	5.6	1.00	6.0	2.4	동남동	114	11.0	1025.6	-	10	
2020-11-10 15:00:00	5.3	북서	308	16.71	30.18	0.72	5.3	1.11	5.0	3.3	동남동	111	11.0	1025.6	-	35	
2020-11-10 15:05:00	3.1	서	276	16.71	30.18	0.65	5.8	1.05	5.5	2.3	동남동	120	11.0	1025.7	-	34	
2020-11-10 15:10:00	1.8	북북서	345	16.71	30.18	0.64	5.5	0.86	6.0	2.4	동	95	11.1	1025.7	-	33	
2020-11-10 15:15:00	3.8	북서	319	16.71	30.18	0.67	5.7	0.90	5.0	2.3	동남동	106	11.1	1025.7	-	5	
2020-11-10 15:20:00	3.9	북서	315	16.72	30.17	0.61	5.5	0.78	6.0	2.9	동남동	104	11.2	1025.7	-	357	
2020-11-10 15:25:00	5.1	서북서	298	16.71	30.18	0.67	5.3	1.11	5.5	2.3	동남동	119	11.1	1025.7	-	347	
2020-11-10 15:30:00	6.5	북북서	330	16.71	30.17	0.62	5.4	0.92	6.0	2.6	동남동	111	11.2	1025.7	-	16	
2020-11-10 15:35:00	4.3	북북서	340	16.71	30.18	0.57	6.0	0.74	5.5	2.5	동남동	110	11.3	1025.7	-	11	
2020-11-10 15:40:00	4.1	서북서	296	16.71	30.18	0.66	5.6	0.90	5.5	3.2	동남동	102	11.5	1025.8	-	48	
2020-11-10 15:45:00	3.4	서북서	299	16.72	30.16	0.60	5.7	0.82	7.0	2.7	동	101	11.2	1025.8	-	21	
2020-11-10 15:50:00	6.3	북서	309	16.73	30.17	0.64	5.5	0.81	5.5	3.1	남동	124	11.3	1025.8	-	358	
2020-11-10 15:55:00	4.1	북북서	326	16.74	30.16	0.58	5.4	0.73	6.0	2.5	남동	126	11.3	1025.9	-	30	
2020-11-10 16:00:00	4.1	북서	305	16.73	30.16	0.56	5.8	0.72	6.5	2.7	동남동	116	11.3	1025.9	-	41	
2020-11-10 16:05:00	4.1	북북서	328	16.74	30.17	0.60	5.9	0.78	6.5	2.9	동	99	11.3	1026.0	-	338	
2020-11-10 16:10:00	3.8	북서	309	16.73	30.16	0.68	5.9	0.87	7.0	3.3	남동	133	11.3	1026.1	-	15	
2020-11-10 16:15:00	4.6	북북서	328	16.72	30.17	0.73	5.8	1.17	6.0	2.3	남동	134	11.3	1026.1	-	29	
2020-11-10 16:20:00	4.1	서	273	16.72	30.16	0.61	5.6	0.90	5.5	2.9	남동	130	11.4	1026.2	-	11	
2020-11-10 16:25:00	4.9	북서	326	16.72	30.15	0.65	5.8	0.86	6.0	3.3	동남동	119	11.5	1026.2	-	28	
2020-11-10 16:30:00	4.9	북북서	329	16.70	30.16	0.58	5.9	0.71	7.0	3.4	동남동	109	11.3	1026.3	-	34	
2020-11-10 16:35:00	4.5	북서	308	16.69	30.16	0.57	5.8	0.73	5.0	3.7	동남동	122	11.4	1026.3	-	58	
2020-11-10 16:40:00	4.9	북서	324	16.68	30.18	0.66	5.9	0.93	5.0	3.1	남동	126	11.3	1026.3	-	6	
2020-11-10 16:45:00	5.4	북서	314	16.70	30.18	0.69	6.1	0.87	6.0	3.2	남동	128	11.4	1026.3	-	358	
2020-11-10 16:50:00	4.8	북북서	337	16.70	30.17	0.73	5.5	1.08	6.0	3.1	남남동	151	11.5	1026.3	-	32	
2020-11-10 16:55:00	5.6	북서	304	16.69	30.18	0.77	5.8	1.13	5.5	3.6	남동	132	11.4	1026.4	-	330	
2020-11-10 17:00:00	4.4	서북서	301	16.69	30.17	0.64	6.1	0.82	4.5	3.2	남동	142	11.2	1026.4	-	49	
2020-11-10 17:05:00	2.4	북서	310	16.68	30.18	0.69	6.0	1.08	5.0	3.3	남동	139	11.2	1026.4	-	49	
2020-11-10 17:10:00	0.3	남	181	16.67	30.18	0.78	5.6	1.16	5.5	3.8	남동	139	11.3	1026.4	-	48	
2020-11-10 17:15:00	4.5	북서	313	16.66	30.19	0.79	6.2	0.86	6.0	4.5	남남동	147	11.4	1026.4	-	5	
2020-11-10 17:20:00	1.5	서	266	16.67	30.18	0.77	6.0	0.93	5.5	4.0	남동	138	11.4	1026.4	-	22	
2020-11-10 17:25:00	3.3	북서	307	16.66	30.17	0.70	5.6	1.00	6.0	4.7	남남동	159	11.4	1026.4	-	47	
2020-11-10 17:30:00	1.6	북북동	33	16.66	30.16	0.85	5.9	1.07	6.5	4.8	남남동	165	11.4	1026.4	-	18	
2020-11-10 17:35:00	5.3	북서	320	16.66	30.16	0.80	6.1	1.23	5.0	4.7	남남동	159	11.4	1026.5	-	28	
2020-11-10 17:40:00	5.8	북	350	16.65	30.17	0.88	6.1	1.29	6.0	4.3	남남동	153	11.4	1026.6	-	29	
2020-11-10 17:45:00	5.8	북북서	334	16.65	30.19	0.85	5.9	1.38	6.5	4.4	남남동	158	11.4	1026.6	-	44	
2020-11-10 17:50:00	2.7	서북서	292	16.64	30.18	0.81	6.0	1.10	5.5	4.8	남남동	155	11.3	1026.6	-	34	
2020-11-10 17:55:00	3.8	북	5	16.64	30.19	0.70	6.0	1.16	5.5	4.3	남남동	165	11.3	1026.6	-	36	
2020-11-10 18:00:00	3.7	북서	321	16.65	30.19	0.74	6.0	1.04	6.0	4.4	남	170	11.1	1026.6	-	14	
2020-11-10 18:05:00	6.2	북서	318	16.65	30.17	0.92	6.2	1.31	5.5	4.5	남남동	163	10.9	1026.6	-	32	
2020-11-10 18:10:00	6.1	북북서	346	16.64	30.17	0.73	6.0	1.00	6.0	4.6	남	172	10.8	1026.7	-	30	
2020-11-10 18:15:00	5.4	북북서	331	16.64	30.15	0.79	6.1	1.16	6.0	4.3	남	180	10.6	1026.7	-	31	
2020-11-10 18:20:00	8.3	북북서	336	16.64	30.11	0.81	6.0	1.26	6.5	3.9	남	184	10.4	1026.8	-	20	
2020-11-10 18:25:00	8.2	북북서	337	16.64	30.15	0.71	6.0	0.98	5.5	3.4	남	187	10.1	1026.9	-	48	
2020-11-10 18:30:00	6.6	북북서	344	16.64	30.18	0.68	6.4	0.87	8.5	3.6	남남서	193	10.1	1026.9	-	20	
2020-11-10 18:35:00	5.7	북북서	345	16.63	30.17	0.68	6.5	1.09	5.5	3.7	남남서	197	9.7	1026.9	-	58	
2020-11-10 18:40:00	4.9	북서	310	16.62	30.05	0.88	6.1	1.19	6.5	3.8	남남서	203	9.6	1027.0	-	50	
2020-11-10 18:45:00	5.2	북	1	16.63	30.15	0.79	6.3	1.11	6.0	3.2	남남서	211	9.5	1027.0	-	35	
2020-11-10 18:50:00	4.4	북북서	331	16.62	30.15	0.72	6.0	0.87	6.0	3.2	남서	214	9.0	1027.1	-	64	
2020-11-10 18:55:00	2.3	북서	320	16.60	30.16	0.81	6.4	1.13	5.0	3.3	남남서	210	8.8	1027.1	-	43	
2020-11-10 19:00:00	4.9	북북서	347	16.60	30.16	0.73	6.3	0.98	6.0	3.2	남서	215	8.7	1027.1	-	48	
2020-11-10 19:05:00	4.6	북서	305	16.61	30.14	0.77	5.8	1.09	5.5	2.4	남서	215	9.0	1027.2	-	15	
2020-11-10 19:10:00	2.6	북서	325	16.59	30.16	0.90	5.9	1.20	6.5	2.4	남서	227	8.8	1027.2	-	38	
2020-11-10 19:15:00	5.1	북북서	333	16.59	30.17	0.79	6.7	1.20	7.5	2.1	남서	229	8.7	1027.2	-	50	
2020-11-10 19:20:00	6.7	북북서	336	16.58	30.14	0.88	6.2	1.31	7.0	2.2	남서	226	8.9	1027.3	-	30	
2020-11-10 19:25:00	6.2	북북서	332	16.58	30.16	0.78	7.4	1.01	6.0	2.3	남서	227	8.9	1027.4	-	32	
2020-11-10 19:30:00	7.5	북서	326	16.57	30.17	0.90	6.7	1.12	7.0	2.2	남서	232	9.0	1027.5	-	29	
2020-11-10 19:35:00	4.9	북서	323	16.57	30.15	0.83	6.1	1.08	6.0	2.4	남서	232	8.9	1027.5	-	44	
2020-11-10 19:40:00	5.9	북	355	16.55	30.17	0.82	6.7	1.29	7.0	2.0	남남서	211	8.6	1027.6	-	28	
2020-11-10 19:45:00	6.3	북서	325	16.56	30.15	0.90	6.8	1.25	6.5	2.0	남남서	206	8.5	1027.7	-	21	
2020-11-10 19:50:00	4.3	북북동	18	16.55	30.18	0.78	6.7	0.95	7.0	1.9	남남서	202	8.5	1027.6	-	28	
2020-11-10 19:55:00	2.9	북	358	16.56	30.17	0.82	7.0	0.99	7.0	1.5	남서	227	8.5	1027.7	-	6	
2020-11-10 20:00:00	4.2	북서	307	16.55	30.16	0.86	6.7	1.39	6.0	2.4	남서	229	8.2	1027.7	-	33	
2020-11-10 20:05:00	5.1	북서	315	16.56	30.16	0.96	6.8	1.25	6.0	2.1	남서	234	8.1	1027.7	-	45	
2020-11-10 20:10:00	4.0	북서	305	16.55	30.16	0.87	6.3	1.15	6.5	2.5	서남서	242	8.3	1027.7	-	32	
2020-11-10 20:15:00	4.2	북서	325	16.54	30.15	0.83	7.1	1.30	6.5	2.6	서남서	237	8.1	1027.7	-	36	
2020-11-10 20:20:00	3.1	북북서	341	16.54	30.16	0.99	6.5	1.38	7.0	2.8	서남서	243	8.3	1027.7	-	25	
2020-11-10 20:25:00	4.2	서북서	295	16.54	30.16	0.91	6.8	1.09	6.5	2.8	서남서	251	8.2	1027.7	-	26	
2020-11-10 20:30:00	2.6	북	4	16.54	30.14	0.96	7.0	1.34	6.5	3.2	서남서	251	7.9	1027.7	-	27	
2020-11-10 20:35:00	5.6	서북서	303	16.53	30.15	1.04	7.0	1.61	7.0	3.2	서남서	246	7.8	1027.7	-	15	
2020-11-10 20:40:00	5.7	북서	321	16.53	30.16	0.85	6.8	1.29	6.5	3.2	남서	230	8.0	1027.7	-	28	
2020-11-10 20:45:00	5.6	북	354	16.52	30.16	0.83	6.5	1.07	6.0	2.7	남서	232	7.8	1027.7	-	32	
2020-11-10 20:50:00	5.9	북북서	328	16.52	30.16	1.00	7.0	1.49	7.5	2.4	남서	225	7.9	1027.8	-	7	
2020-11-10 20:55:00	5.7	북북서	330	16.52	30.18	1.15	6.9	1.63	6.5	2.5	남서	223	7.8	1027.8	-	18	
2020-11-10 21:00:00	3.8	북서	325	16.52	30.16	0.92	6.8	1.16	6.5	1.9	남서	231	7.9	1027.8	-	28	
2020-11-10 21:05:00	4.9	북북서	332	16.52	30.15	0.85	7.1	1.06	7.5	1.1	서	262	7.7	1027.9	-	41	
2020-11-10 21:10:00	5.3	북	356	16.52	30.17	1.14	6.8	1.49	7.0	1.7	서남서	239	8.0	1027.9	-	30	
2020-11-10 21:15:00	3.5	북북서	333	16.52	30.17	0.86	6.5	1.22	6.5	2.3	남서	229	7.9	1028.0	-	57	
2020-11-10 21:20:00	5.2	북서	312	16.52	30.16	1.14	6.7	1.47	7.0	2.7	남서	229	8.1	1027.9	-	23	
2020-11-10 21:25:00	5.8	북북서	339	16.50	30.16	0.83	6.9	1.19	6.5	3.2	남서	224	8.2	1027.9	-	6	
2020-11-10 21:30:00	7.1	북서	305	16.51	30.17	1.02	6.6	1.60	7.0	3.4	남서	225	8.2	1027.9	-	37	
2020-11-10 21:35:00	5.8	북북서	346	16.50	30.16	0.94	6.7	1.09	7.5	3.5	남서	222	8.3	1027.9	-	23	
2020-11-10 21:40:00	2.5	북북서	332	16.51	30.17	0.98	7.0	1.48	6.5	3.8	남서	223	8.5	1027.9	-	26	
2020-11-10 21:45:00	5.9	북북서	333	16.51	30.16	0.83	6.5	1.21	6.5	4.3	남서	220	8.9	1027.9	-	40	
2020-11-10 21:50:00	3.7	북북서	327	16.51	30.16	0.77	6.2	1.21	6.5	4.3	남서	228	9.5	1027.8	-	22	
2020-11-10 21:55:00	8.3	북서	315	16.49	30.15	0.90	6.8	1.08	6.5	4.1	서남서	240	9.4	1027.9	-	26	
2020-11-10 22:00:00	5.4	북서	305	16.50	30.17	0.92	6.7	1.25	7.5	3.7	서남서	239	9.1	1028.0	-	38	
2020-11-10 22:05:00	5.7	북서	308	16.50	30.14	0.72	6.1	1.05	6.5	3.3	서남서	238	9.1	1028.1	-	45	
2020-11-10 22:10:00	5.4	북서	309	16.49	30.15	0.83	6.5	1.16	6.0	3.5	서남서	243	9.4	1028.1	-	20	
2020-11-10 22:15:00	8.2	북북서	330	16.48	30.14	0.80	6.4	1.07	6.5	3.6	서남서	242	9.4	1028.1	-	42	
2020-11-10 22:20:00	7.5	북북서	326	16.48	30.14	0.92	6.9	1.21	7.0	4.0	서남서	245	9.4	1028.1	-	17	
2020-11-10 22:25:00	6.7	북서	312	16.48	30.15	0.89	6.6	1.19	7.0	4.0	서남서	243	9.3	1028.0	-	28	
2020-11-10 22:30:00	6.8	북서	324	16.49	30.16	0.88	7.0	1.39	6.5	4.1	서남서	249	9.4	1028.0	-	27	
2020-11-10 22:35:00	6.2	북서	321	16.48	30.15	0.89	6.8	1.15	7.0	3.7	서남서	246	9.5	1028.0	-	27	
2020-11-10 22:40:00	9.2	북북서	340	16.48	30.15	0.83	7.3	1.12	7.0	3.3	서남서	242	9.4	1028.1	-	61	
2020-11-10 22:45:00	5.8	북북서	341	16.48	30.16	0.72	6.9	1.32	6.5	3.6	서남서	239	9.3	1028.1	-	37	
2020-11-10 22:50:00	5.8	북서	309	16.48	30.15	0.89	7.5	1.37	7.0	3.7	서남서	241	9.5	1028.1	-	34	
2020-11-10 22:55:00	8.1	북북서	330	16.48	30.17	0.98	6.5	1.29	6.5	3.2	남서	231	9.8	1028.2	-	24	
2020-11-10 23:00:00	6.0	북북서	333	16.49	30.16	0.81	6.8	1.22	6.5	3.6	남서	223	9.3	1028.2	-	2	
2020-11-10 23:05:00	4.4	북서	322	16.49	30.15	0.85	6.7	1.13	5.5	3.4	남서	221	9.3	1028.2	-	34	
2020-11-10 23:10:00	4.9	북북서	341	16.49	30.17	0.72	6.7	1.08	5.5	3.7	서남서	242	9.8	1028.2	-	7	
2020-11-10 23:15:00	5.0	북	353	16.49	30.17	0.76	6.9	1.25	7.0	3.4	서남서	245	9.6	1028.2	-	27	
2020-11-10 23:20:00	7.0	북서	325	16.49	30.17	0.83	6.1	1.15	7.0	3.5	서남서	243	9.4	1028.2	-	43	
2020-11-10 23:25:00	7.0	북북서	330	16.50	30.16	0.78	6.6	1.03	6.0	3.7	서남서	241	9.5	1028.1	-	62	
2020-11-10 23:30:00	6.2	서북서	302	16.50	30.16	0.79	7.1	1.12	7.0	3.4	서남서	243	9.6	1028.0	-	25	
2020-11-10 23:35:00	6.2	서북서	286	16.51	30.17	0.77	5.9	1.07	5.0	4.1	서남서	237	9.8	1028.0	-	51	
2020-11-10 23:40:00	4.3	서	273	16.50	30.17	0.86	7.0	1.09	6.5	4.4	남서	230	10.1	1028.0	-	40	
2020-11-10 23:45:00	5.8	서북서	302	16.50	30.16	0.79	6.9	0.97	6.5	3.8	남서	222	10.1	1028.1	-	38	
2020-11-10 23:50:00	4.7	서북서	289	16.49	30.15	0.89	6.9	1.33	6.5	3.9	남서	229	9.7	1028.1	-	64	
2020-11-10 23:55:00	3.4	서	277	16.50	30.17	0.76	6.4	1.08	7.5	4.3	남서	230	9.9	1028.0	-	39	
2020-11-11 00:00:00	3.0	서북서	300	16.49	30.16	0.70	6.9	0.92	6.5	4.5	남서	234	10.1	1028.1	-	2	
2020-11-11 00:05:00	4.2	서북서	285	16.49	30.16	0.81	6.6	1.02	6.5	5.2	남서	226	10.1	1028.1	-	23	
2020-11-11 00:10:00	4.4	서북서	290	16.48	30.16	0.80	6.8	1.03	6.5	4.7	남서	229	10.2	1028.1	-	23	
2020-11-11 00:15:00	2.6	서	268	16.48	30.17	0.85	6.8	1.23	6.5	5.0	남서	229	10.1	1028.1	-	47	
2020-11-11 00:20:00	3.6	서북서	287	16.47	30.14	0.80	7.3	1.07	7.0	4.8	남서	227	10.1	1028.2	-	45	
2020-11-11 00:25:00	5.7	북북서	333	16.46	30.16	0.66	6.5	1.05	5.0	4.7	남서	228	10.1	1028.2	-	38	
2020-11-11 00:30:00	7.9	북서	317	16.47	30.17	0.66	6.3	0.94	7.5	5.0	남서	230	10.2	1028.2	-	37	
2020-11-11 00:35:00	6.4	북북서	345	16.47	30.16	0.86	7.3	1.22	7.0	5.1	남서	236	10.3	1028.2	-	37	
2020-11-11 00:40:00	4.3	북서	309	16.47	30.16	0.82	7.2	1.11	6.5	5.2	남서	235	10.3	1028.3	-	31	
2020-11-11 00:45:00	5.2	북북서	327	16.46	30.17	0.68	6.7	0.81	8.0	4.6	남서	234	10.4	1028.5	-	56	
2020-11-11 00:50:00	5.7	서북서	299	16.47	30.16	0.69	6.7	0.84	7.0	4.4	남서	236	10.2	1028.5	-	31	
2020-11-11 00:55:00	3.9	서	276	16.47	30.16	0.75	6.8	1.17	7.5	4.1	남서	235	10.0	1028.5	-	71	
2020-11-11 01:00:00	3.0	서	279	16.47	30.17	0.72	7.5	0.94	7.0	4.6	서남서	239	10.3	1028.5	-	36	
2020-11-11 01:05:00	6.3	북북서	344	16.45	30.18	0.75	7.2	1.00	7.0	4.9	남서	235	10.4	1028.5	-	49	
2020-11-11 01:10:00	6.2	북북서	336	16.46	30.18	0.90	6.7	1.08	5.5	4.5	남서	226	10.3	1028.5	-	41	
2020-11-11 01:15:00	4.4	북서	321	16.47	30.19	0.69	6.7	0.99	8.5	4.5	남서	225	10.0	1028.6	-	54	
2020-11-11 01:20:00	4.0	북북서	347	16.47	30.16	0.62	6.7	0.82	6.0	4.2	남서	228	9.8	1028.6	-	27	
2020-11-11 01:25:00	3.0	북서	314	16.47	30.14	0.76	7.0	1.12	7.0	4.3	남서	231	10.0	1028.6	-	53	
2020-11-11 01:30:00	4.6	북서	318	16.47	30.15	0.66	7.3	0.86	7.0	4.6	서남서	241	10.1	1028.6	-	55	
2020-11-11 01:35:00	5.6	북서	312	16.46	30.17	0.63	6.6	0.83	6.5	4.5	서남서	246	10.0	1028.6	-	36	
2020-11-11 01:40:00	5.1	북북서	327	16.46	30.17	0.72	7.1	1.03	7.5	4.5	서남서	250	9.8	1028.7	-	42	
2020-11-11 01:45:00	3.5	서북서	299	16.45	30.18	0.71	7.0	0.86	7.5	5.0	서남서	248	9.7	1028.7	-	68	
2020-11-11 01:50:00	6.6	북서	313	16.46	30.15	0.65	6.6	0.84	6.0	5.0	서남서	248	9.7	1028.7	-	44	
2020-11-11 01:55:00	6.1	북북서	330	16.46	30.18	0.67	6.5	0.96	7.0	4.9	서남서	245	9.8	1028.7	-	30	
2020-11-11 02:00:00	4.2	북	350	16.46	30.19	0.59	6.8	0.82	7.0	4.8	서남서	242	9.7	1028.7	-	48	
2020-11-11 02:05:00	7.4	북북서	347	16.46	30.18	0.76	6.6	1.38	7.5	4.4	서남서	241	9.6	1028.8	-	55	
2020-11-11 02:10:00	6.0	북북서	336	16.47	30.18	0.70	6.0	0.91	5.5	4.0	서남서	238	9.9	1028.9	-	51	
2020-11-11 02:15:00	6.2	북북서	341	16.47	30.17	0.68	5.9	1.02	5.5	4.4	서남서	244	9.9	1029.0	-	31	
2020-11-11 02:20:00	6.5	북북서	337	16.46	30.18	0.57	6.8	0.73	7.0	4.4	서남서	244	9.6	1029.0	-	73	
2020-11-11 02:25:00	6.5	북북서	346	16.47	30.17	0.62	6.6	0.94	6.5	4.3	서남서	245	9.5	1029.0	-	52	
2020-11-11 02:30:00	7.7	북	353	16.46	30.18	0.59	7.2	0.77	7.5	5.0	서남서	245	9.5	1029.0	-	30	
2020-11-11 02:35:00	7.4	북북서	327	16.47	30.17	0.63	6.6	0.83	7.0	4.3	서남서	246	9.5	1029.1	-	59	
2020-11-11 02:40:00	5.1	북북서	341	16.46	30.18	0.60	7.1	0.82	8.0	4.9	서남서	244	9.5	1029.0	-	43	
2020-11-11 02:45:00	4.1	서북서	300	16.46	30.17	0.61	7.2	0.84	7.5	4.4	서남서	246	9.5	1029.1	-	58	
2020-11-11 02:50:00	7.6	북북서	328	16.45	30.18	0.64	6.7	0.76	6.0	5.6	서남서	250	9.6	1029.0	-	66	
2020-11-11 02:55:00	6.0	북서	314	16.45	30.18	0.58	7.3	0.95	7.0	5.1	서남서	244	9.5	1029.0	-	39	
2020-11-11 03:00:00	5.0	북북서	338	16.45	30.18	0.55	7.3	0.72	8.0	5.6	서남서	244	9.4	1029.0	-	48	
2020-11-11 03:05:00	4.6	북북서	337	16.44	30.18	0.67	7.3	0.95	7.0	4.8	서남서	239	9.5	1029.1	-	74	
2020-11-11 03:10:00	8.7	북서	325	16.44	30.19	0.60	6.8	0.83	6.5	5.0	남서	231	9.7	1029.1	-	40	
2020-11-11 03:15:00	6.6	북북서	345	16.44	30.19	0.55	7.1	0.71	6.5	4.4	남서	228	9.4	1029.2	-	82	
2020-11-11 03:20:00	10.1	북북서	335	16.45	30.18	0.57	6.5	0.79	7.5	4.5	남서	232	9.3	1029.2	-	39	
2020-11-11 03:25:00	8.8	북북서	329	16.45	30.19	0.60	6.9	0.72	5.5	4.8	남서	231	9.4	1029.2	-	74	
2020-11-11 03:30:00	6.9	북북서	333	16.45	30.19	0.68	6.5	0.98	7.0	4.2	남서	228	9.4	1029.2	-	52	
2020-11-11 03:35:00	7.9	북서	313	16.44	30.20	0.59	6.7	0.82	7.0	3.6	남서	224	9.3	1029.2	-	41	
2020-11-11 03:40:00	8.3	북	352	16.44	30.18	0.61	7.0	0.89	7.0	3.7	남서	230	9.3	1029.2	-	53	
2020-11-11 03:45:00	5.0	북북서	340	16.44	30.18	0.51	7.5	0.91	6.5	3.9	남서	231	9.2	1029.2	-	70	
2020-11-11 03:50:00	7.5	북북서	348	16.44	30.19	0.72	7.1	1.06	7.5	3.9	남서	228	9.2	1029.2	-	47	
2020-11-11 03:55:00	7.1	북	6	16.45	30.18	0.51	7.0	0.69	7.5	4.5	남서	228	9.2	1029.2	-	71	
2020-11-11 04:00:00	6.5	북	351	16.45	30.20	0.55	6.6	0.70	8.0	4.7	남서	230	9.3	1029.1	-	70	
2020-11-11 04:05:00	4.0	북북서	346	16.45	30.18	0.65	7.4	0.90	6.5	5.0	남서	235	9.4	1029.1	-	48	
2020-11-11 04:10:00	6.6	북	356	16.45	30.19	0.60	7.0	0.80	6.0	4.9	남서	230	9.4	1029.2	-	49	
2020-11-11 04:15:00	4.4	북	9	16.45	30.19	0.67	6.9	0.85	6.0	4.6	남서	227	9.3	1029.2	-	62	
2020-11-11 04:20:00	3.4	북북서	342	16.46	30.19	0.67	6.9	1.08	7.0	4.5	남서	227	9.2	1029.2	-	64	
2020-11-11 04:25:00	5.4	북북동	17	16.46	30.19	0.67	7.2	0.91	8.0	5.0	남서	230	9.3	1029.2	-	70	
2020-11-11 04:30:00	4.9	북	351	16.45	30.20	0.66	7.1	0.99	7.5	5.2	남서	228	9.0	1029.3	-	83	
2020-11-11 04:35:00	5.8	북북서	331	16.45	30.21	0.70	7.3	1.00	6.0	4.7	남서	225	8.7	1029.4	-	56	
2020-11-11 04:40:00	6.9	북북서	340	16.45	30.20	0.58	7.0	0.97	6.5	4.1	남서	227	8.7	1029.4	-	43	
2020-11-11 04:45:00	4.3	북	355	16.46	30.19	0.56	7.2	0.77	7.0	4.0	남서	228	8.6	1029.4	-	80	
2020-11-11 04:50:00	3.7	북북동	30	16.46	30.17	0.68	7.2	0.99	7.0	3.9	남서	223	8.6	1029.5	-	54	
2020-11-11 04:55:00	6.5	북	350	16.47	30.20	0.51	6.7	0.61	7.0	4.4	남서	227	8.8	1029.5	-	31	
2020-11-11 05:00:00	6.6	북	351	16.47	30.20	0.55	6.8	0.86	8.5	4.7	서남서	237	8.9	1029.5	-	52	
2020-11-11 05:05:00	6.2	북	350	16.47	30.20	0.59	6.6	0.78	6.0	5.0	서남서	242	9.1	1029.5	-	59	
2020-11-11 05:10:00	3.7	북	357	16.47	30.19	0.73	7.3	0.96	6.5	5.2	서남서	237	9.1	1029.5	-	70	
2020-11-11 05:15:00	4.1	북북서	343	16.47	30.20	0.49	7.1	0.63	6.5	5.4	서남서	240	9.1	1029.5	-	58	
2020-11-11 05:20:00	5.2	북	4	16.47	30.20	0.60	7.2	0.89	7.5	5.6	서남서	237	9.1	1029.5	-	64	
2020-11-11 05:25:00	4.1	북북서	327	16.47	30.20	0.52	7.1	0.70	6.0	5.8	서남서	246	9.1	1029.5	-	79	
2020-11-11 05:30:00	4.6	북북서	327	16.46	30.20	0.53	7.1	0.75	8.0	5.8	서남서	246	8.9	1029.5	-	48	
2020-11-11 05:35:00	7.5	북북서	327	16.46	30.22	0.56	7.0	0.80	7.5	5.7	서남서	244	8.9	1029.6	-	57	
2020-11-11 05:40:00	5.7	북북서	334	16.47	30.21	0.56	7.3	0.66	9.0	5.5	서남서	248	8.9	1029.6	-	69	
2020-11-11 05:45:00	4.3	북북서	344	16.46	30.22	0.52	6.8	0.72	8.0	5.8	서남서	243	8.9	1029.7	-	44	
2020-11-11 05:50:00	2.7	북북동	27	16.47	30.20	0.55	7.5	0.85	8.5	5.3	서남서	247	8.9	1029.7	-	75	
2020-11-11 05:55:00	2.5	북동	47	16.46	30.21	0.59	7.0	0.88	6.5	5.2	서남서	247	9.1	1029.8	-	37	
2020-11-11 06:00:00	1.1	동북동	60	16.45	30.21	0.55	6.6	0.72	6.5	5.4	서남서	242	9.0	1029.8	-	63	
2020-11-11 06:05:00	5.2	북북동	17	16.44	30.22	0.52	7.5	0.63	7.0	5.0	남서	231	9.3	1029.9	-	48	
2020-11-11 06:10:00	5.2	북서	317	16.45	30.23	0.55	7.1	0.84	7.0	4.9	남서	223	9.0	1029.9	-	46	
2020-11-11 06:15:00	4.1	북서	317	16.46	30.22	0.55	6.8	0.68	6.0	4.6	남서	220	8.7	1030.0	-	69	
2020-11-11 06:20:00	5.4	북서	322	16.45	30.21	0.54	7.3	0.79	7.0	4.8	남서	225	8.8	1030.0	-	64	
2020-11-11 06:25:00	2.0	북서	305	16.44	30.22	0.47	6.8	0.62	6.5	4.9	남서	227	8.9	1030.1	-	59	
2020-11-11 06:30:00	5.3	북북서	338	16.44	30.23	0.59	7.8	0.92	7.0	5.1	남서	228	9.2	1030.1	-	75	
2020-11-11 06:35:00	7.4	북	356	16.46	30.23	0.63	7.0	0.87	7.0	4.9	남서	227	9.0	1030.1	-	65	
2020-11-11 06:40:00	7.1	북서	323	16.45	30.22	0.57	7.3	0.75	6.0	4.8	서남서	240	9.2	1030.2	-	61	
2020-11-11 06:45:00	6.0	북북서	348	16.45	30.22	0.59	6.8	0.75	6.5	5.3	서남서	243	8.8	1030.1	-	42	
2020-11-11 06:50:00	2.9	북	4	16.46	30.20	0.61	7.7	0.89	7.5	5.7	서남서	243	8.6	1030.2	-	68	
2020-11-11 06:55:00	6.7	북	8	16.46	30.19	0.60	7.4	0.72	7.5	5.9	서남서	246	8.6	1030.2	-	61	
2020-11-11 07:00:00	2.6	북	1	16.45	30.21	0.55	7.2	0.69	5.5	5.6	서남서	245	8.7	1030.3	-	91	
2020-11-11 07:05:00	8.0	북	360	16.45	30.21	0.66	7.2	0.86	6.5	5.5	서남서	243	8.8	1030.3	-	53	
2020-11-11 07:10:00	5.2	북	352	16.45	30.21	0.63	7.0	0.80	7.0	5.5	서남서	245	8.8	1030.4	-	81	
2020-11-11 07:15:00	7.8	북	8	16.45	30.20	0.64	7.3	0.90	6.5	5.6	서남서	243	8.7	1030.5	-	57	
2020-11-11 07:20:00	5.1	북서	310	16.45	30.23	0.62	7.5	0.89	7.5	5.5	서남서	239	8.7	1030.6	-	60	
2020-11-11 07:25:00	5.0	북서	321	16.45	30.22	0.57	6.9	1.05	7.5	5.4	서남서	239	8.7	1030.7	-	76	
2020-11-11 07:30:00	3.6	북북서	338	16.46	30.22	0.61	7.5	0.84	7.0	5.8	서남서	245	8.8	1030.8	-	65	
2020-11-11 07:35:00	3.6	서북서	293	16.45	30.21	0.57	7.0	0.71	6.5	6.0	서남서	245	8.8	1031.0	-	77	
2020-11-11 07:40:00	4.4	북동	35	16.44	30.22	0.67	8.0	0.92	7.0	6.1	서남서	244	8.7	1031.1	-	80	
2020-11-11 07:45:00	0.3	남서	221	16.45	30.21	0.62	7.5	0.86	7.5	6.0	서남서	245	8.8	1031.2	-	62	
2020-11-11 07:50:00	0.4	북	351	16.44	30.22	0.58	7.3	0.66	6.5	5.8	서남서	246	8.9	1031.2	-	58	
2020-11-11 07:55:00	5.2	북서	318	16.45	30.22	0.55	7.4	0.82	5.5	5.6	서남서	245	8.9	1031.3	-	51	
2020-11-11 08:00:00	-	-	-	-	-	-	-	-	-	-	-	-	-	-	-	-	
2020-11-11 08:05:00	-	-	-	16.48	30.20	0.47	6.4	0.94	6.4	5.5	서남서	243	9.1	1031.5	-	48	
2020-11-11 08:10:00	-	-	-	16.46	30.21	0.60	7.4	0.82	7.0	5.5	서남서	243	9.2	1031.5	-	87	
2020-11-11 08:15:00	10.8	북	353	16.45	30.22	0.69	7.4	1.06	8.0	5.3	서남서	243	9.2	1031.6	-	49	
2020-11-11 08:20:00	3.9	북북동	20	16.46	30.22	0.62	6.9	0.74	8.0	5.2	서남서	244	9.3	1031.7	-	62	
2020-11-11 08:25:00	2.9	북	352	16.47	30.21	0.61	7.2	0.91	7.5	4.7	서남서	241	9.4	1031.8	-	82	
2020-11-11 08:30:00	4.1	북북서	341	16.47	30.21	0.69	7.1	0.88	6.5	4.3	서남서	241	9.5	1031.8	-	66	
2020-11-11 08:35:00	4.5	북	11	16.47	30.21	0.58	7.0	0.84	6.0	4.5	서남서	240	9.6	1031.9	-	88	
2020-11-11 08:40:00	3.6	북북동	12	16.47	30.22	0.67	7.1	0.94	7.0	4.5	서남서	241	9.6	1031.9	-	72	
2020-11-11 08:45:00	1.7	북서	320	16.47	30.22	0.61	8.0	0.78	7.5	4.3	서남서	241	9.9	1031.9	-	88	
2020-11-11 08:50:00	2.2	서북서	304	16.47	30.22	0.51	7.1	0.71	6.0	4.6	서남서	243	10.1	1032.0	-	60	
2020-11-11 08:55:00	4.8	북서	309	16.47	30.21	0.57	6.8	0.70	7.5	4.8	서남서	242	10.1	1032.0	-	77	
2020-11-11 09:00:00	4.9	북	3	16.46	30.22	0.69	7.4	0.88	8.0	4.3	서남서	239	10.4	1032.1	-	76	
2020-11-11 09:05:00	6.6	북북서	347	16.46	30.22	0.64	7.3	1.02	6.0	4.3	서남서	238	10.6	1032.2	-	65	
2020-11-11 09:10:00	5.2	북	350	16.46	30.23	0.78	7.7	1.55	6.5	3.7	서남서	246	10.7	1032.2	-	35	
2020-11-11 09:15:00	3.8	북북서	341	16.46	30.23	0.66	7.5	0.84	7.5	3.2	서남서	241	10.8	1032.3	-	59	
2020-11-11 09:20:00	3.3	북북서	327	16.47	30.23	0.62	6.9	1.00	7.5	2.9	서남서	237	11.0	1032.3	-	64	
2020-11-11 09:25:00	3.6	북북동	20	16.47	30.22	0.62	7.5	0.75	6.5	2.7	남서	233	11.2	1032.3	-	69	
2020-11-11 09:30:00	2.5	북북동	19	16.47	30.22	0.61	6.8	0.79	6.0	2.8	남서	216	11.4	1032.3	-	58	
2020-11-11 09:35:00	3.2	북	10	16.47	30.24	0.62	7.0	0.98	7.0	2.6	남서	226	11.5	1032.3	-	77	
2020-11-11 09:40:00	4.3	북북서	330	16.48	30.23	0.59	6.1	0.75	5.0	2.5	남서	226	11.7	1032.3	-	76	
2020-11-11 09:45:00	3.8	북	351	16.48	30.22	0.67	6.8	0.80	5.5	2.3	남서	221	11.9	1032.3	-	87	
2020-11-11 09:50:00	2.6	북북서	335	16.47	30.24	0.63	7.5	0.81	7.0	2.1	남서	221	12.0	1032.4	-	72	
2020-11-11 09:55:00	5.6	북서	322	16.48	30.21	0.85	7.1	1.08	8.0	1.9	남서	222	12.2	1032.5	-	78	
2020-11-11 10:00:00	2.9	북동	44	16.48	30.22	0.79	7.5	1.04	7.0	1.8	남서	223	12.5	1032.5	-	70	
2020-11-11 10:05:00	5.7	북	355	16.48	30.23	0.76	7.2	1.00	7.5	1.6	남서	226	12.7	1032.5	-	63	
2020-11-11 10:10:00	4.7	북북서	332	16.48	30.24	0.64	6.7	1.03	7.0	1.3	남서	231	12.8	1032.5	-	54	
2020-11-11 10:15:00	3.2	서	268	16.48	30.24	0.77	6.8	1.08	6.0	0.6	남서	218	13.0	1032.5	-	76	
2020-11-11 10:20:00	6.1	북	4	16.49	30.24	0.62	6.7	1.01	7.0	0.2	서	272	13.4	1032.5	-	69	
2020-11-11 10:25:00	4.4	북서	320	16.49	30.23	0.78	7.2	1.08	6.5	0.0	남	189	14.0	1032.4	-	106	
2020-11-11 10:30:00	4.9	북북동	14	16.49	30.23	0.76	6.9	1.07	6.5	0.1	남	189	14.2	1032.5	-	41	
2020-11-11 10:35:00	1.6	북북서	342	16.50	30.23	0.67	7.0	1.01	6.0	0.1	동	92	14.6	1032.5	-	74	
2020-11-11 10:40:00	3.6	북서	319	16.50	30.24	0.80	7.1	1.04	7.5	0.2	동남동	105	14.5	1032.4	-	81	
2020-11-11 10:45:00	3.8	북	354	16.50	30.22	0.65	6.8	0.75	7.5	0.5	동	87	14.3	1032.4	-	51	
2020-11-11 10:50:00	5.3	북북서	329	16.51	30.23	0.65	6.3	0.95	6.0	1.0	동남동	105	13.8	1032.5	-	50	
2020-11-11 10:55:00	3.9	북	1	16.51	30.23	0.82	7.0	1.18	6.5	0.8	동남동	105	13.7	1032.5	-	67	
2020-11-11 11:00:00	3.9	북서	313	16.52	30.23	0.63	6.8	0.78	5.5	1.1	동남동	117	13.9	1032.4	-	59	
2020-11-11 11:05:00	5.6	서북서	301	16.52	30.23	0.72	7.0	0.90	7.5	1.5	동	86	13.8	1032.4	-	67	
2020-11-11 11:10:00	4.3	북북서	327	16.52	30.24	0.77	7.4	1.03	7.0	1.2	동	88	14.0	1032.4	-	83	
2020-11-11 11:15:00	6.1	북북서	335	16.53	30.24	0.69	6.6	0.92	6.0	2.1	동	87	14.0	1032.4	-	70	
2020-11-11 11:20:00	7.8	북	1	16.55	30.24	0.73	6.8	1.12	7.0	2.2	동	92	13.8	1032.3	-	63	
2020-11-11 11:25:00	4.0	북북서	339	16.54	30.25	0.71	6.7	0.92	6.0	2.5	동	96	13.8	1032.3	-	70	
2020-11-11 11:30:00	5.0	북서	322	16.55	30.24	0.85	6.8	1.06	6.5	3.0	동남동	108	14.0	1032.2	-	59	
2020-11-11 11:35:00	6.1	북북서	329	16.56	30.22	0.70	6.8	0.82	8.5	3.1	동남동	104	14.0	1032.2	-	78	
2020-11-11 11:40:00	5.9	북	352	16.56	30.23	0.60	6.7	1.06	6.5	3.0	동남동	104	14.0	1032.2	-	76	
2020-11-11 11:45:00	7.5	북북서	347	16.56	30.23	0.71	7.3	0.84	6.5	3.0	동	97	14.1	1032.1	-	48	
2020-11-11 11:50:00	4.1	북	357	16.56	30.23	0.89	7.1	1.09	6.5	3.1	동	94	14.1	1032.0	-	62	
2020-11-11 11:55:00	8.2	북북서	348	16.58	30.23	0.62	6.5	0.84	6.0	3.3	동남동	105	13.8	1031.9	-	90	
2020-11-11 12:00:00	4.2	북북서	341	16.60	30.24	0.79	7.2	1.27	6.5	3.5	동남동	108	13.7	1031.9	-	78	
2020-11-11 12:05:00	8.1	북서	324	16.60	30.24	0.66	6.3	0.84	6.5	3.5	동남동	110	13.8	1031.8	-	32	
2020-11-11 12:10:00	9.3	북	352	16.61	30.24	0.68	6.8	0.96	8.0	3.5	동	95	13.8	1031.8	-	66	
2020-11-11 12:15:00	10.8	북	350	16.62	30.23	0.87	7.0	1.08	7.0	3.7	동남동	102	13.9	1031.7	-	84	
2020-11-11 12:20:00	9.5	북	353	16.62	30.24	0.63	6.4	0.77	6.5	3.9	동	101	13.8	1031.7	-	37	
2020-11-11 12:25:00	9.9	북북서	339	16.63	30.24	0.67	6.7	0.97	5.0	3.8	동남동	102	13.9	1031.7	-	50	
2020-11-11 12:30:00	9.6	북북서	338	16.63	30.23	0.70	6.5	0.81	6.0	4.0	동남동	103	13.8	1031.7	-	63	
2020-11-11 12:35:00	8.5	북북서	339	16.63	30.24	0.73	6.8	0.98	7.0	3.7	동남동	105	13.9	1031.6	-	52	
2020-11-11 12:40:00	11.0	북서	322	16.65	30.24	0.75	7.0	1.13	7.5	3.9	동	99	13.8	1031.5	-	80	
2020-11-11 12:45:00	9.7	북북서	338	16.65	30.24	0.77	6.4	0.98	5.5	4.0	동남동	105	13.9	1031.6	-	39	
2020-11-11 12:50:00	9.2	북북서	343	16.64	30.24	0.76	6.6	0.96	7.0	3.5	동	100	13.9	1031.5	-	62	
2020-11-11 12:55:00	10.6	북	352	16.64	30.25	0.89	7.1	1.19	7.5	3.5	동남동	102	13.8	1031.4	-	71	
2020-11-11 13:00:00	8.6	북북서	337	16.65	30.24	0.72	6.7	1.00	6.5	3.3	동	101	13.9	1031.4	-	40	
2020-11-11 13:05:00	10.4	북서	325	16.65	30.25	0.64	6.3	1.05	6.5	3.1	동	100	14.0	1031.3	-	55	
2020-11-11 13:10:00	11.5	북북서	342	16.64	30.25	0.91	7.0	1.32	6.0	3.1	동남동	103	14.0	1031.3	-	72	
2020-11-11 13:15:00	8.7	북북서	344	16.65	30.24	0.69	6.6	0.88	7.0	3.1	동남동	106	14.0	1031.2	-	59	
2020-11-11 13:20:00	12.1	북북서	336	16.66	30.25	0.72	6.7	1.05	6.0	3.2	동남동	105	14.0	1031.2	-	56	
2020-11-11 13:25:00	12.7	북북서	335	16.66	30.25	0.72	6.3	1.05	5.5	3.3	동남동	105	14.0	1031.1	-	48	
2020-11-11 13:30:00	11.3	북북서	342	16.67	30.24	0.78	6.1	0.98	5.5	2.9	동남동	122	14.1	1031.2	-	50	
2020-11-11 13:35:00	11.3	북북서	338	16.67	30.25	0.83	6.5	1.03	6.5	3.2	동남동	111	14.2	1031.1	-	40	
2020-11-11 13:40:00	11.4	북북서	336	16.68	30.24	0.71	6.6	1.02	7.5	3.0	동남동	114	14.2	1031.1	-	74	
2020-11-11 13:45:00	13.8	북북서	343	16.69	30.24	0.70	7.2	0.81	6.0	3.2	동남동	111	14.2	1031.0	-	75	
2020-11-11 13:50:00	12.9	북북서	337	16.68	30.24	0.75	6.1	1.03	5.5	3.3	동남동	106	14.3	1031.0	-	70	
2020-11-11 13:55:00	12.1	북북서	348	16.69	30.26	0.81	6.4	1.13	7.0	3.8	동남동	114	14.1	1030.9	-	61	
2020-11-11 14:00:00	14.7	북북서	344	16.69	30.25	0.62	6.2	0.86	6.0	3.9	동남동	117	14.2	1030.9	-	53	
2020-11-11 14:05:00	12.9	북북서	337	16.69	30.25	0.79	7.0	1.17	6.5	3.9	동남동	115	14.3	1030.9	-	77	
2020-11-11 14:10:00	10.1	북북서	337	16.70	30.26	0.78	6.9	1.02	5.5	4.2	동남동	115	14.2	1030.9	-	46	
2020-11-11 14:15:00	11.3	북북서	339	16.71	30.22	0.77	6.9	1.03	7.5	4.0	동남동	117	14.3	1030.9	-	77	
2020-11-11 14:20:00	11.3	북북서	343	16.70	30.24	0.77	6.3	1.14	6.0	4.5	남동	124	14.3	1030.9	-	76	
2020-11-11 14:25:00	16.9	북북서	337	16.70	30.23	0.81	6.9	1.03	7.0	4.6	동남동	112	14.2	1030.8	-	42	
2020-11-11 14:30:00	11.1	북북서	345	16.70	30.23	0.77	6.5	1.20	7.5	4.7	동남동	122	14.2	1030.8	-	53	
2020-11-11 14:35:00	10.5	북북서	340	16.70	30.24	0.68	6.4	1.00	6.0	5.0	동남동	123	14.3	1030.8	-	75	
2020-11-11 14:40:00	16.8	북북서	332	16.70	30.24	0.77	6.6	0.99	6.5	4.5	남동	125	14.3	1030.8	-	63	
2020-11-11 14:45:00	11.6	북북서	342	16.70	30.24	0.66	6.3	0.98	7.0	4.6	동남동	121	14.4	1030.8	-	61	
2020-11-11 14:50:00	15.1	북북서	346	16.71	30.24	0.71	5.7	0.85	5.5	5.1	동남동	121	14.4	1030.8	-	40	
2020-11-11 14:55:00	16.4	북북서	341	16.71	30.24	0.79	6.1	1.01	6.5	4.8	동남동	120	14.4	1030.8	-	61	
2020-11-11 15:00:00	18.7	북북서	341	16.70	30.23	0.71	6.5	0.85	6.5	4.9	동남동	122	14.4	1030.8	-	62	
2020-11-11 15:05:00	14.4	북북서	336	16.71	30.24	0.70	6.3	0.94	6.5	5.0	동남동	120	14.5	1030.7	-	107	
2020-11-11 15:10:00	11.1	북북서	332	16.71	30.26	0.75	7.1	0.90	6.0	4.9	남동	125	14.5	1030.7	-	85	
2020-11-11 15:15:00	16.0	북북서	336	16.71	30.22	0.77	6.9	1.03	8.5	5.6	동남동	119	14.5	1030.7	-	73	
2020-11-11 15:20:00	15.2	북서	326	16.72	30.24	0.78	6.1	0.92	5.5	5.6	남동	129	14.5	1030.8	-	60	
2020-11-11 15:25:00	10.9	북	350	16.71	30.23	0.77	7.0	1.35	5.5	5.4	남동	127	14.7	1030.8	-	51	
2020-11-11 15:30:00	10.7	북북서	340	16.72	30.24	0.68	5.8	0.91	6.5	5.3	남동	126	14.7	1030.8	-	73	
2020-11-11 15:35:00	11.8	북북서	333	16.72	30.23	0.72	6.5	0.92	7.5	5.2	남동	126	14.8	1030.8	-	78	
2020-11-11 15:40:00	16.3	북북서	338	16.71	30.24	0.72	6.7	1.15	6.0	5.6	남동	132	14.8	1030.8	-	50	
2020-11-11 15:45:00	17.0	북북서	327	16.71	30.24	0.69	6.5	0.83	6.5	5.7	남동	133	14.8	1030.8	-	77	
2020-11-11 15:50:00	14.5	북북서	334	16.71	30.23	0.68	6.6	1.00	6.5	5.7	남동	130	14.7	1030.8	-	74	
2020-11-11 15:55:00	14.0	북북서	345	16.71	30.24	0.69	6.4	1.00	7.5	5.1	남동	138	14.8	1030.9	-	50	
2020-11-11 16:00:00	17.9	북북서	330	16.71	30.24	0.67	6.1	1.07	6.0	5.6	남동	127	14.8	1030.9	-	59	
2020-11-11 16:05:00	19.2	북북서	333	16.71	30.24	0.64	6.6	0.81	4.0	5.6	남동	126	14.8	1030.8	-	74	
2020-11-11 16:10:00	18.8	북북서	331	16.71	30.25	0.65	6.2	0.82	6.5	5.5	남동	131	14.9	1030.9	-	69	
2020-11-11 16:15:00	13.8	북서	326	16.71	30.25	0.72	6.4	1.19	6.0	5.7	남동	136	14.9	1030.8	-	47	
2020-11-11 16:20:00	18.0	북북서	326	16.71	30.24	0.67	6.1	0.87	6.0	5.6	남동	134	14.9	1030.8	-	59	
2020-11-11 16:25:00	17.8	북북서	331	16.71	30.24	0.63	6.8	0.90	7.0	5.8	남동	137	14.8	1030.8	-	40	
2020-11-11 16:30:00	24.5	북북서	327	16.71	30.25	0.71	6.3	0.98	6.5	6.0	남동	135	14.8	1030.8	-	67	
2020-11-11 16:35:00	17.6	북북서	332	16.72	30.24	0.78	5.9	0.97	5.5	6.1	남동	139	14.8	1030.8	-	40	
2020-11-11 16:40:00	18.5	북북서	333	16.72	30.26	0.77	6.1	1.07	6.5	6.3	남동	144	14.8	1030.9	-	54	
2020-11-11 16:45:00	17.7	북북서	333	16.73	30.23	0.76	6.7	0.93	6.0	6.3	남남동	150	14.8	1030.9	-	73	
2020-11-11 16:50:00	17.5	북북서	333	16.73	30.23	0.75	6.4	0.97	6.5	5.8	남남동	147	14.8	1030.9	-	71	
2020-11-11 16:55:00	17.9	북북서	334	16.73	30.24	0.73	6.3	1.08	7.0	6.2	남남동	147	14.8	1030.9	-	66	
2020-11-11 17:00:00	15.0	북북서	333	16.72	30.23	0.68	5.9	0.97	5.5	6.4	남남동	156	14.6	1030.9	-	69	
2020-11-11 17:05:00	18.1	북북서	342	16.72	30.25	0.73	7.0	1.07	6.0	6.2	남남동	153	14.6	1030.9	-	60	
2020-11-11 17:10:00	17.6	북북서	339	16.70	30.23	0.70	5.9	0.99	5.0	6.2	남남동	154	14.6	1030.9	-	71	
2020-11-11 17:15:00	17.0	북북서	339	16.70	30.26	0.75	6.0	1.00	5.5	6.3	남남동	153	14.5	1030.9	-	65	
2020-11-11 17:20:00	16.2	북북서	334	16.70	30.25	0.63	5.4	0.99	7.0	6.3	남남동	157	14.6	1030.9	-	67	
2020-11-11 17:25:00	16.0	북북서	336	16.70	30.25	0.68	6.1	1.03	6.0	6.0	남남동	153	14.6	1030.9	-	67	
2020-11-11 17:30:00	16.6	북북서	334	16.70	30.25	0.68	6.7	0.86	6.0	5.9	남남동	155	14.6	1030.9	-	65	
2020-11-11 17:35:00	16.4	북북서	334	16.70	30.26	0.69	6.1	0.96	7.5	5.8	남남동	158	14.6	1030.9	-	64	
2020-11-11 17:40:00	-	-	-	-	-	0.00	0.0	0.00	0.0	5.7	남남동	156	14.5	1031.1	-	0	
2020-11-11 17:45:00	18.6	북북서	339	16.70	30.25	0.64	6.6	0.92	6.0	5.2	남남동	165	14.5	1031.1	-	71	
2020-11-11 17:50:00	16.8	북북서	336	16.70	30.26	0.66	6.1	0.84	7.5	4.6	남남동	166	14.5	1031.1	-	74	
2020-11-11 17:55:00	15.9	북북서	340	16.70	30.26	0.69	6.5	0.84	5.5	4.0	남	175	14.4	1031.1	-	74	
2020-11-11 18:00:00	15.4	북서	324	16.69	30.26	0.70	6.6	0.95	8.0	3.9	남	178	14.2	1031.2	-	69	
2020-11-11 18:05:00	14.5	북북서	339	16.70	30.26	0.63	5.6	0.84	7.5	3.8	남	184	14.1	1031.2	-	82	
2020-11-11 18:10:00	16.2	북북서	329	16.68	30.26	0.65	6.2	0.92	7.0	3.7	남	181	14.0	1031.2	-	70	
2020-11-11 18:15:00	11.4	북북서	334	16.69	30.26	0.64	6.0	0.97	6.0	3.9	남	178	13.9	1031.2	-	29	
2020-11-11 18:20:00	16.4	북북서	330	16.68	30.27	0.65	7.1	0.85	6.5	3.7	남	181	14.0	1031.2	-	74	
2020-11-11 18:25:00	12.5	북북서	336	16.69	30.26	0.66	7.0	0.86	7.0	3.7	남	184	14.0	1031.2	-	73	
2020-11-11 18:30:00	11.7	북북서	338	16.68	30.26	0.60	6.3	0.75	6.0	4.0	남남서	195	13.7	1031.3	-	36	
2020-11-11 18:35:00	11.2	북서	325	16.68	30.27	0.58	6.0	0.89	7.0	3.7	남남서	206	13.3	1031.3	-	49	
2020-11-11 18:40:00	12.9	북서	324	16.68	30.25	0.57	6.2	0.69	5.0	2.5	서남서	237	12.9	1031.3	-	67	
2020-11-11 18:45:00	11.7	북북서	332	16.67	30.25	0.68	6.6	1.01	6.5	3.0	서남서	241	12.5	1031.3	-	73	
2020-11-11 18:50:00	13.5	북북서	332	16.66	30.26	0.69	6.5	0.84	6.5	3.0	서남서	247	12.2	1031.4	-	48	
2020-11-11 18:55:00	13.8	북북서	334	16.65	30.28	0.68	6.6	0.91	7.0	2.9	서남서	247	11.9	1031.4	-	69	
2020-11-11 19:00:00	11.5	북북서	341	16.66	30.28	0.53	6.4	0.72	9.0	2.7	서남서	240	11.8	1031.4	-	61	
2020-11-11 19:05:00	12.0	북북서	328	16.66	30.28	0.53	5.9	0.67	5.0	2.6	남서	231	11.6	1031.4	-	69	
2020-11-11 19:10:00	9.2	북서	326	16.66	30.26	0.63	6.3	0.83	5.5	2.6	남서	233	11.3	1031.4	-	72	
2020-11-11 19:15:00	14.1	북북서	336	16.67	30.28	0.61	6.3	0.81	8.0	2.0	서남서	238	11.3	1031.4	-	79	
2020-11-11 19:20:00	10.7	북서	324	16.67	30.29	0.50	6.1	0.73	6.5	2.6	서남서	254	11.3	1031.4	-	80	
2020-11-11 19:25:00	16.1	북북서	336	16.67	30.28	0.58	6.9	0.74	6.0	3.5	서남서	255	11.1	1031.5	-	80	
2020-11-11 19:30:00	12.5	북서	313	16.66	30.29	0.65	6.5	0.83	6.5	3.3	서남서	247	10.9	1031.5	-	63	
2020-11-11 19:35:00	12.7	북서	323	16.68	30.27	0.56	6.7	0.70	6.0	2.9	서남서	253	10.9	1031.4	-	46	
2020-11-11 19:40:00	16.1	북북서	332	16.68	30.27	0.66	6.8	0.95	7.0	3.1	서남서	257	11.1	1031.4	-	81	
2020-11-11 19:45:00	10.1	북서	317	16.67	30.28	0.60	5.8	0.79	6.5	3.2	서남서	253	11.2	1031.5	-	48	
2020-11-11 19:50:00	10.8	북북서	332	16.66	30.27	0.57	6.2	0.82	6.5	3.1	서	262	11.2	1031.5	-	74	
2020-11-11 19:55:00	15.5	북서	320	16.66	30.28	0.50	6.4	0.68	8.0	2.7	서	267	11.3	1031.4	-	69	
2020-11-11 20:00:00	14.2	북북서	337	16.65	30.28	0.59	6.2	0.87	5.0	2.3	서	262	11.2	1031.5	-	94	
2020-11-11 20:05:00	11.4	북서	317	16.64	30.29	0.55	6.8	0.84	6.5	2.2	서	261	11.1	1031.5	-	77	
2020-11-11 20:10:00	16.7	북서	323	16.65	30.28	0.57	5.9	0.82	5.5	2.4	서남서	242	11.0	1031.4	-	61	
2020-11-11 20:15:00	9.6	북서	325	16.66	30.27	0.53	5.6	0.69	7.5	2.7	남서	232	11.0	1031.4	-	61	
2020-11-11 20:20:00	9.3	북북서	338	16.65	30.27	0.51	5.4	0.66	5.5	2.4	남서	229	11.1	1031.3	-	52	
2020-11-11 20:25:00	10.8	북북서	328	16.64	30.26	0.60	6.8	0.77	6.5	2.4	남서	220	10.9	1031.3	-	61	
2020-11-11 20:30:00	8.1	북서	321	16.63	30.28	0.50	5.7	0.78	6.5	2.7	남서	226	10.9	1031.2	-	97	
2020-11-11 20:35:00	9.1	북서	313	16.63	30.27	0.60	6.4	0.92	7.0	2.7	남서	226	10.9	1031.1	-	78	
2020-11-11 20:40:00	10.1	북서	322	16.63	30.26	0.63	6.7	0.75	6.0	2.7	남서	218	11.0	1031.1	-	94	
2020-11-11 20:45:00	10.3	북서	317	16.62	30.27	0.61	7.3	0.82	8.0	2.3	남서	219	10.9	1031.1	-	77	
2020-11-11 20:50:00	12.2	북서	324	16.62	30.27	0.60	5.9	0.78	6.5	1.8	남서	222	10.9	1031.1	-	62	
2020-11-11 20:55:00	13.7	북서	321	16.61	30.27	0.60	5.9	0.71	6.5	1.3	남서	217	10.9	1031.1	-	90	
2020-11-11 21:00:00	11.8	북서	318	16.63	30.27	0.59	6.1	0.84	5.0	0.9	남남서	209	10.9	1031.1	-	68	
2020-11-11 21:05:00	10.8	북서	317	16.61	30.26	0.54	6.3	0.66	7.5	0.9	남서	225	10.9	1031.1	-	77	
2020-11-11 21:10:00	13.5	북서	324	16.60	30.26	0.55	6.0	0.70	5.5	1.2	남서	235	10.8	1031.1	-	52	
2020-11-11 21:15:00	16.8	북북서	345	16.43	30.16	0.56	5.8	0.77	4.5	1.5	남서	219	10.9	1031.2	-	86	
2020-11-11 21:20:00	15.4	북북서	343	16.40	30.16	0.59	6.7	0.88	6.5	1.4	남서	222	10.8	1031.2	-	71	
2020-11-11 21:25:00	12.7	북북서	341	16.38	30.18	0.63	6.3	0.92	7.5	1.5	남서	229	10.8	1031.1	-	69	
2020-11-11 21:30:00	15.6	북북서	334	16.40	30.17	0.55	5.9	0.68	5.5	1.8	남서	219	10.7	1031.0	-	76	
2020-11-11 21:35:00	15.2	북북서	348	16.39	30.16	0.51	4.8	0.74	4.0	1.7	남서	235	10.7	1031.0	-	287	
2020-11-11 21:40:00	16.5	북북서	337	16.38	30.19	0.55	6.2	0.87	8.0	1.7	서남서	238	10.6	1031.0	-	81	
2020-11-11 21:45:00	16.9	북북서	335	16.39	30.17	0.61	6.4	0.75	5.5	2.3	남서	225	10.6	1031.0	-	79	
2020-11-11 21:50:00	15.6	북북서	337	16.39	30.19	0.50	5.6	0.61	6.5	2.3	남서	217	10.6	1031.0	-	78	
2020-11-11 21:55:00	15.2	북북서	337	16.40	30.20	0.51	5.1	0.73	3.5	2.0	남서	217	10.7	1031.0	-	57	
2020-11-11 22:00:00	14.1	북북서	338	16.42	30.20	0.56	5.5	0.69	5.5	1.6	남서	229	10.6	1031.0	-	61	
2020-11-11 22:05:00	15.0	북북서	327	16.43	30.19	0.52	5.7	0.70	6.0	1.3	남남서	207	10.4	1031.0	-	77	
2020-11-11 22:10:00	15.0	북북서	331	16.42	30.19	0.53	5.9	0.71	3.5	1.2	서남서	243	10.6	1030.9	-	63	
2020-11-11 22:15:00	12.4	북북서	333	16.42	30.18	0.60	4.8	0.95	6.0	1.8	남서	221	10.4	1030.9	-	344	
2020-11-11 22:20:00	14.4	북북서	337	16.44	30.18	0.52	4.9	0.64	3.5	2.0	남서	221	10.4	1030.8	-	170	
2020-11-11 22:25:00	15.8	북북서	334	16.43	30.20	0.58	6.3	0.77	6.5	1.6	남서	228	10.7	1030.8	-	70	
2020-11-11 22:30:00	16.6	북북서	327	16.44	30.20	0.55	5.9	0.70	7.5	2.0	남서	227	10.8	1030.8	-	60	
2020-11-11 22:35:00	14.0	북북서	327	16.44	30.21	0.54	5.8	0.75	5.5	2.2	남서	226	11.0	1030.8	-	73	
2020-11-11 22:40:00	16.0	북북서	327	16.44	30.20	0.59	5.9	0.84	5.0	2.4	남서	220	11.1	1030.8	-	63	
2020-11-11 22:45:00	15.2	북북서	328	16.44	30.19	0.54	5.2	0.68	7.5	2.0	남서	233	10.9	1030.8	-	59	
2020-11-11 22:50:00	16.0	북북서	329	16.45	30.18	0.52	5.2	0.63	3.0	1.7	남서	222	10.8	1030.8	-	84	
2020-11-11 22:55:00	13.9	북서	326	16.44	30.19	0.56	5.9	0.93	6.0	2.3	남서	228	11.0	1030.8	-	76	
2020-11-11 23:00:00	13.7	북북서	328	16.45	30.18	0.47	5.9	0.58	8.5	2.5	남서	231	11.1	1030.8	-	80	
2020-11-11 23:05:00	15.1	북서	323	16.44	30.20	0.51	5.9	0.66	7.5	2.0	남서	229	11.1	1030.7	-	64	
2020-11-11 23:10:00	17.2	북북서	334	16.46	30.19	0.46	5.7	0.54	5.0	1.3	남서	224	11.3	1030.7	-	60	
2020-11-11 23:15:00	17.4	북북서	333	16.44	30.20	0.53	5.3	0.76	5.5	1.1	남서	224	11.4	1030.7	-	145	
2020-11-11 23:20:00	17.0	북북서	336	16.46	30.20	0.56	6.1	0.77	7.0	1.1	남남서	209	11.0	1030.7	-	62	
2020-11-11 23:25:00	17.4	북북서	334	16.47	30.21	0.47	5.4	0.65	7.5	1.1	남남서	212	10.7	1030.6	-	64	
2020-11-11 23:30:00	14.4	북북서	332	16.48	30.21	0.48	5.1	0.72	5.5	1.2	남서	216	10.6	1030.6	-	64	
2020-11-11 23:35:00	14.3	북북서	338	16.48	30.21	0.46	5.4	0.69	6.5	1.3	남서	218	10.5	1030.4	-	110	
2020-11-11 23:40:00	13.9	북북서	334	16.48	30.22	0.53	6.5	0.76	7.5	1.6	남서	236	10.6	1030.4	-	86	
2020-11-11 23:45:00	16.4	북북서	336	16.48	30.21	0.48	5.7	0.85	7.5	1.3	남서	225	10.8	1030.3	-	64	
2020-11-11 23:50:00	15.7	북북서	336	16.48	30.20	0.45	5.7	0.64	6.0	2.2	남남서	198	10.7	1030.3	-	53	
2020-11-11 23:55:00	14.8	북북서	326	16.47	30.21	0.56	5.1	0.94	4.5	2.6	남남서	197	10.3	1030.3	-	72	
2020-11-12 00:00:00	-	-	-	-	-	0.00	0.0	0.00	0.0	1.7	남	186	10.5	1030.3	-	0	
2020-11-12 00:05:00	14.5	북북서	334	16.47	30.20	0.50	6.0	0.64	7.5	2.0	남남서	204	10.5	1030.3	-	71	
2020-11-12 00:10:00	13.7	북서	324	16.46	30.20	0.48	5.2	0.59	4.5	2.0	남	178	10.5	1030.4	-	80	
2020-11-12 00:15:00	13.9	북북서	328	16.45	30.22	0.53	6.0	0.69	6.5	2.0	남	190	10.5	1030.4	-	59	
2020-11-12 00:20:00	16.2	북북서	332	16.46	30.19	0.48	5.5	0.67	5.5	2.2	남	174	10.6	1030.3	-	56	
2020-11-12 00:25:00	14.3	북북서	334	16.45	30.20	0.51	6.2	0.64	7.0	2.2	남	175	10.6	1030.3	-	80	
2020-11-12 00:30:00	14.3	북북서	327	16.46	30.21	0.49	5.9	0.69	5.0	1.9	남	177	10.6	1030.3	-	79	
2020-11-12 00:35:00	14.2	북북서	334	16.46	30.20	0.50	4.6	0.76	4.0	1.9	남	175	10.6	1030.3	-	67	
2020-11-12 00:40:00	14.9	북북서	336	16.45	30.21	0.57	6.0	0.94	4.5	2.3	남	184	10.7	1030.3	-	89	
2020-11-12 00:45:00	14.0	북북서	327	16.46	30.21	0.50	5.4	0.62	4.5	2.6	남	184	10.8	1030.3	-	103	
2020-11-12 00:50:00	13.4	북북서	335	16.45	30.20	0.48	4.8	0.62	5.5	2.6	남	181	11.0	1030.3	-	111	
2020-11-12 00:55:00	13.6	북서	322	16.46	30.20	0.50	5.0	0.79	4.5	2.5	남	185	11.3	1030.2	-	76	
2020-11-12 01:00:00	15.1	북서	326	16.45	30.22	0.47	5.3	0.74	6.5	2.2	남	187	11.3	1030.2	-	75	
2020-11-12 01:05:00	11.5	북북서	327	16.46	30.21	0.49	5.2	0.66	5.0	2.3	남	187	11.3	1030.3	-	262	
2020-11-12 01:10:00	13.5	북서	319	16.46	30.22	0.51	5.2	0.68	7.0	2.5	남남서	193	11.2	1030.3	-	67	
2020-11-12 01:15:00	12.1	북북서	330	16.47	30.22	0.49	5.6	0.75	6.5	2.5	남남서	194	11.2	1030.3	-	79	
2020-11-12 01:20:00	12.1	북북서	328	16.47	30.21	0.52	6.0	0.76	3.5	2.1	남남서	194	11.2	1030.3	-	74	
2020-11-12 01:25:00	11.7	북북서	331	16.48	30.21	0.47	5.9	0.76	6.0	2.1	남	186	11.1	1030.3	-	69	
2020-11-12 01:30:00	12.0	북서	322	16.47	30.23	0.46	6.5	0.63	5.0	2.0	남남서	192	11.1	1030.4	-	77	
2020-11-12 01:35:00	13.6	북북서	330	16.47	30.22	0.43	4.8	0.63	6.5	2.3	남	191	11.1	1030.4	-	321	
2020-11-12 01:40:00	12.7	북북서	329	16.46	30.23	0.54	5.5	0.94	5.5	2.2	남남서	199	11.1	1030.4	-	96	
2020-11-12 01:45:00	13.4	북북서	331	16.45	30.24	0.49	5.7	0.56	4.5	2.3	남남서	193	11.2	1030.4	-	77	
2020-11-12 01:50:00	12.6	북북서	329	16.46	30.24	0.47	4.8	0.64	4.5	2.5	남	190	11.3	1030.3	-	199	
2020-11-12 01:55:00	13.8	북북서	328	16.47	30.24	0.50	5.4	0.59	5.0	1.9	남남서	200	11.1	1030.3	-	95	
2020-11-12 02:00:00	13.3	북서	326	16.47	30.24	0.52	5.3	0.84	4.5	1.9	남남서	202	11.1	1030.4	-	87	
2020-11-12 02:05:00	13.9	북북서	328	16.47	30.22	0.54	5.2	0.76	5.0	2.2	남남서	210	11.3	1030.4	-	289	
2020-11-12 02:10:00	11.1	북북서	329	16.47	30.24	0.46	5.6	0.61	4.5	2.8	남남서	211	11.6	1030.3	-	80	
2020-11-12 02:15:00	10.8	북북서	333	16.45	30.23	0.50	5.1	0.70	6.0	3.2	남서	219	12.0	1030.2	-	75	
2020-11-12 02:20:00	12.1	북북서	332	16.45	30.24	0.52	4.9	0.76	4.5	4.0	서남서	239	12.3	1030.2	-	291	
2020-11-12 02:25:00	13.5	북북서	338	16.44	30.24	0.56	6.0	0.77	5.5	4.8	서남서	246	12.2	1030.2	-	75	
2020-11-12 02:30:00	13.3	북북서	328	16.44	30.23	0.51	5.2	0.69	7.0	4.8	서남서	246	12.2	1030.1	-	71	
2020-11-12 02:35:00	13.3	북서	324	16.43	30.23	0.52	5.3	0.70	5.5	5.0	서남서	247	12.4	1030.1	-	82	
2020-11-12 02:40:00	13.8	북북서	340	16.42	30.22	0.59	5.9	0.74	8.5	4.6	서남서	248	12.4	1030.0	-	62	
2020-11-12 02:45:00	12.8	북북서	336	16.41	30.24	0.57	5.5	0.87	7.0	4.6	서남서	245	12.3	1030.0	-	81	
2020-11-12 02:50:00	13.6	북북서	346	16.41	30.22	0.59	5.3	0.94	6.5	4.7	서남서	245	12.5	1030.0	-	309	
2020-11-12 02:55:00	13.4	북북서	330	16.41	30.23	0.51	5.6	0.74	4.0	5.0	서남서	246	12.5	1030.0	-	69	
2020-11-12 03:00:00	13.7	북북서	329	16.42	30.22	0.47	4.4	0.75	6.5	5.2	서남서	245	12.4	1030.0	-	97	
2020-11-12 03:05:00	13.0	북서	324	16.42	30.23	0.47	5.3	0.73	6.5	4.9	서남서	245	12.5	1030.0	-	68	
2020-11-12 03:10:00	13.4	북서	323	16.43	30.24	0.49	5.6	0.67	7.0	4.8	서남서	247	12.4	1030.0	-	337	
2020-11-12 03:15:00	13.9	북북서	329	16.43	30.23	0.49	5.1	0.72	4.0	5.1	서남서	246	12.5	1030.0	-	99	
2020-11-12 03:20:00	13.7	북북서	334	16.43	30.24	0.50	5.7	0.93	5.0	5.1	서남서	248	12.5	1029.9	-	93	
2020-11-12 03:25:00	12.9	북북서	331	16.42	30.24	0.48	5.1	0.65	7.5	5.2	서남서	245	12.5	1029.9	-	67	
2020-11-12 03:30:00	11.4	북북서	328	16.43	30.23	0.50	5.2	0.88	6.0	5.1	서남서	247	12.6	1029.9	-	70	
2020-11-12 03:35:00	10.5	북북서	327	16.44	30.25	0.53	5.4	0.70	4.0	5.0	서남서	247	12.6	1029.9	-	300	
2020-11-12 03:40:00	11.7	북북서	336	16.44	30.24	0.57	5.3	0.81	5.5	4.9	서남서	245	12.6	1029.9	-	51	
2020-11-12 03:45:00	10.4	북북서	328	16.43	30.24	0.47	5.3	0.59	4.0	5.3	서남서	243	12.7	1029.8	-	87	
2020-11-12 03:50:00	12.9	북북서	332	16.43	30.24	0.46	4.7	0.60	6.0	5.4	서남서	239	12.9	1029.8	-	327	
2020-11-12 03:55:00	12.6	북서	321	16.43	30.24	0.51	5.2	0.81	4.0	5.3	서남서	241	12.7	1029.8	-	271	
2020-11-12 04:00:00	11.6	북서	320	16.43	30.27	0.47	4.2	0.74	4.5	5.3	서남서	242	12.7	1029.7	-	282	
2020-11-12 04:05:00	9.9	북서	324	16.43	30.26	0.48	5.1	0.69	4.5	5.1	서남서	244	12.8	1029.7	-	111	
2020-11-12 04:10:00	14.7	북서	320	16.42	30.23	0.51	4.8	0.72	4.5	4.9	남서	232	12.9	1029.7	-	9	
2020-11-12 04:15:00	11.5	북서	326	16.42	30.22	0.53	4.9	0.80	4.5	4.6	남서	229	12.9	1029.7	-	321	
2020-11-12 04:20:00	12.6	북서	321	16.42	30.24	0.54	5.6	0.64	4.0	4.8	남서	228	12.8	1029.7	-	81	
2020-11-12 04:25:00	9.1	북북서	334	16.41	30.25	0.55	4.9	0.70	6.5	4.6	남서	233	12.8	1029.7	-	90	
2020-11-12 04:30:00	10.8	북북서	327	16.42	30.25	0.48	5.1	0.80	5.0	4.6	남서	231	12.7	1029.7	-	313	
2020-11-12 04:35:00	11.5	북서	321	16.42	30.24	0.43	4.9	0.61	5.0	4.6	남서	228	12.9	1029.7	-	72	
2020-11-12 04:40:00	12.6	북북서	331	16.41	30.25	0.51	6.0	0.66	7.0	4.6	남서	233	13.0	1029.7	-	85	
2020-11-12 04:45:00	12.4	북서	324	16.41	30.25	0.50	5.9	0.64	7.0	4.4	서남서	242	12.8	1029.7	-	7	
2020-11-12 04:50:00	11.1	북서	318	16.41	30.24	0.47	5.6	0.65	4.5	4.6	남서	234	12.9	1029.6	-	85	
2020-11-12 04:55:00	12.3	북서	323	16.40	30.24	0.43	5.6	0.58	5.0	4.6	남서	231	13.0	1029.6	-	75	
2020-11-12 05:00:00	12.1	북서	322	16.40	30.24	0.48	6.1	0.68	7.0	4.3	남서	225	12.8	1029.6	-	63	
2020-11-12 05:05:00	10.4	북서	315	16.39	30.24	0.43	5.6	0.58	4.5	4.0	남서	222	12.4	1029.6	-	91	
2020-11-12 05:10:00	10.2	북서	321	16.38	30.25	0.44	5.7	0.67	6.0	3.9	남서	222	12.2	1029.6	-	59	
2020-11-12 05:15:00	9.4	북북서	336	16.38	30.23	0.47	5.1	0.70	4.0	3.7	남서	225	12.2	1029.6	-	76	
2020-11-12 05:20:00	11.4	북북서	328	16.38	30.23	0.51	6.1	0.68	4.0	3.7	남서	227	12.3	1029.6	-	70	
2020-11-12 05:25:00	9.4	북서	323	16.37	30.23	0.42	4.8	0.75	5.0	3.7	남서	227	12.5	1029.6	-	282	
2020-11-12 05:30:00	15.0	북서	326	16.37	30.24	0.45	5.0	0.65	4.5	3.5	남서	228	12.7	1029.6	-	116	
2020-11-12 05:35:00	13.4	북서	313	16.37	30.24	0.45	5.5	0.63	3.5	4.9	남서	228	13.0	1029.6	-	72	
2020-11-12 05:40:00	11.7	북서	325	16.37	30.23	0.46	5.4	0.60	6.0	4.8	남서	226	12.8	1029.5	-	75	
2020-11-12 05:45:00	12.6	북북서	327	16.36	30.23	0.50	5.1	0.60	4.5	4.8	남서	232	12.6	1029.6	-	346	
2020-11-12 05:50:00	13.1	북서	323	16.36	30.24	0.44	4.6	0.56	7.0	4.8	남서	229	12.8	1029.6	-	335	
2020-11-12 05:55:00	12.6	북북서	329	16.34	30.23	0.44	5.4	0.57	4.5	4.7	남서	228	12.6	1029.6	-	81	
2020-11-12 06:00:00	13.4	북북서	333	16.34	30.24	0.44	4.7	0.60	4.0	5.0	서남서	237	12.6	1029.6	-	68	
2020-11-12 06:05:00	13.7	북북서	330	16.35	30.24	0.42	4.9	0.54	5.5	5.2	서남서	242	12.9	1029.6	-	78	
2020-11-12 06:10:00	11.5	북서	326	16.34	30.24	0.44	5.4	0.61	6.5	4.8	남서	233	12.8	1029.5	-	78	
2020-11-12 06:15:00	12.6	북북서	327	16.35	30.23	0.48	6.0	0.65	5.5	4.6	남서	230	12.5	1029.5	-	71	
2020-11-12 06:20:00	13.9	북서	318	16.34	30.24	0.40	5.9	0.52	6.0	4.7	남서	234	12.3	1029.5	-	84	
2020-11-12 06:25:00	12.7	북서	323	16.33	30.23	0.49	5.2	0.68	4.0	4.6	남서	236	12.7	1029.5	-	79	
2020-11-12 06:30:00	13.8	북북서	332	16.34	30.23	0.45	5.5	0.69	5.0	5.0	남서	236	12.6	1029.5	-	73	
2020-11-12 06:35:00	12.7	북북서	329	16.33	30.22	0.43	6.0	0.64	5.0	5.3	남서	233	12.8	1029.4	-	93	
2020-11-12 06:40:00	13.7	북서	324	16.32	30.22	0.48	5.8	0.59	4.5	4.8	남서	234	12.7	1029.4	-	93	
2020-11-12 06:45:00	15.2	북서	325	16.32	30.24	0.48	5.9	0.58	7.0	5.0	남서	231	12.7	1029.4	-	77	
2020-11-12 06:50:00	13.1	북서	319	16.32	30.23	0.46	5.4	0.59	6.5	4.9	남서	231	12.6	1029.4	-	82	
2020-11-12 06:55:00	14.8	북북서	326	16.31	30.23	0.47	4.8	0.63	4.0	4.9	남서	228	12.5	1029.4	-	90	
2020-11-12 07:00:00	14.8	북북서	330	16.30	30.23	0.37	5.0	0.53	6.5	4.8	남서	227	12.3	1029.3	-	78	
2020-11-12 07:05:00	14.9	북북서	330	16.30	30.23	0.40	4.8	0.55	8.0	4.9	남서	232	12.3	1029.3	-	100	
2020-11-12 07:10:00	12.1	북북서	331	16.30	30.23	0.46	5.8	0.58	5.5	4.6	남서	235	12.5	1029.3	-	81	
2020-11-12 07:15:00	12.4	북서	326	16.30	30.22	0.42	5.9	0.72	5.5	4.5	서남서	240	12.8	1029.4	-	74	
2020-11-12 07:20:00	13.5	북북서	337	16.30	30.23	0.45	6.1	0.73	4.5	4.8	서남서	244	12.7	1029.4	-	67	
2020-11-12 07:25:00	12.7	북북서	332	16.28	30.23	0.46	5.4	0.66	5.0	4.8	서남서	237	12.8	1029.3	-	77	
2020-11-12 07:30:00	12.9	북서	321	16.28	30.24	0.43	4.9	0.59	7.0	5.0	남서	230	12.8	1029.3	-	76	
2020-11-12 07:35:00	13.4	북북서	329	16.29	30.24	0.41	5.4	0.58	5.5	4.8	남서	227	12.5	1029.3	-	84	
2020-11-12 07:40:00	11.2	북서	322	16.29	30.23	0.47	5.8	0.56	4.0	4.8	남서	228	12.5	1029.4	-	67	
2020-11-12 07:45:00	16.1	북북서	330	16.29	30.22	0.45	5.7	0.57	7.0	5.2	남서	229	12.7	1029.4	-	76	
2020-11-12 07:50:00	11.9	북북서	332	16.28	30.23	0.39	5.6	0.58	3.5	5.6	남서	229	13.0	1029.4	-	63	
2020-11-12 07:55:00	12.7	북서	317	16.27	30.23	0.50	5.6	0.64	2.5	5.9	남서	231	13.2	1029.5	-	61	
2020-11-12 08:00:00	9.9	북서	324	16.27	30.23	0.40	5.8	0.57	5.0	6.0	남서	232	13.1	1029.5	-	92	
2020-11-12 08:05:00	16.6	북북서	327	16.27	30.23	0.39	5.7	0.47	6.0	6.2	남서	231	13.3	1029.5	-	81	
2020-11-12 08:10:00	11.3	북북서	332	16.27	30.23	0.39	5.7	0.63	5.5	5.8	남서	233	13.4	1029.6	-	88	
2020-11-12 08:15:00	11.4	북북서	330	16.26	30.24	0.34	5.3	0.43	6.5	6.1	남서	232	13.4	1029.6	-	102	
2020-11-12 08:20:00	12.5	북북서	340	16.25	30.23	0.38	5.9	0.56	5.0	6.2	남서	231	13.6	1029.6	-	72	
2020-11-12 08:25:00	11.9	북북서	331	16.25	30.24	0.36	6.2	0.53	6.5	5.4	남서	228	13.6	1029.7	-	86	
2020-11-12 08:30:00	12.7	북북서	338	16.25	30.25	0.34	4.9	0.55	6.0	5.2	남서	227	13.6	1029.7	-	79	
2020-11-12 08:35:00	13.5	북북서	337	16.26	30.24	0.39	4.8	0.54	4.5	5.5	남서	228	13.7	1029.7	-	79	
2020-11-12 08:40:00	14.1	북	350	16.25	30.23	0.40	5.4	0.51	8.0	5.2	남서	227	13.8	1029.7	-	56	
2020-11-12 08:45:00	14.4	북북서	336	16.25	30.23	0.39	5.9	0.55	7.0	4.7	남서	235	14.0	1029.6	-	89	
2020-11-12 08:50:00	14.2	북북서	333	16.25	30.23	0.38	5.6	0.57	5.0	4.6	남서	235	14.2	1029.6	-	70	
2020-11-12 08:55:00	14.9	북북서	334	16.25	30.24	0.37	5.1	0.53	6.5	4.6	남서	231	14.3	1029.6	-	334	
2020-11-12 09:00:00	14.0	북북서	330	16.24	30.24	0.37	5.6	0.54	6.0	4.5	남서	234	14.4	1029.5	-	55	
2020-11-12 09:05:00	14.2	북북서	338	16.24	30.24	0.40	5.6	0.67	5.0	5.2	남서	235	14.6	1029.4	-	60	
2020-11-12 09:10:00	14.5	북북서	331	16.24	30.23	0.36	5.3	0.49	4.0	5.1	남서	236	14.7	1029.4	-	104	
2020-11-12 09:15:00	17.0	북북서	333	16.24	30.24	0.39	5.2	0.58	4.0	4.7	서남서	239	14.8	1029.5	-	211	
2020-11-12 09:20:00	14.7	북북서	331	16.23	30.24	0.45	5.6	0.59	4.0	4.3	남서	234	14.9	1029.5	-	92	
2020-11-12 09:25:00	12.7	북북서	328	16.24	30.24	0.39	5.4	0.52	6.5	4.1	남서	235	15.1	1029.5	-	88	
2020-11-12 09:30:00	14.0	북서	322	16.24	30.23	0.35	4.8	0.58	4.0	3.8	남서	234	15.3	1029.5	-	277	
2020-11-12 09:35:00	17.7	북북서	328	16.26	30.23	0.41	5.0	0.58	4.0	4.0	서남서	237	15.4	1029.5	-	290	
2020-11-12 09:40:00	19.3	북북서	329	16.27	30.23	0.41	5.3	0.62	6.0	3.6	서남서	237	15.5	1029.5	-	106	
2020-11-12 09:45:00	17.9	북서	326	16.29	30.25	0.31	5.7	0.39	7.5	3.6	남서	236	15.7	1029.4	-	81	
2020-11-12 09:50:00	17.8	북북서	328	16.30	30.24	0.34	5.5	0.68	6.0	3.5	남서	233	15.9	1029.4	-	64	
2020-11-12 09:55:00	18.6	북북서	331	16.32	30.23	0.38	5.8	0.74	5.5	3.3	남서	234	16.0	1029.4	-	84	
2020-11-12 10:00:00	17.9	북북서	327	16.32	30.25	0.36	5.0	0.46	7.0	3.1	남서	235	16.2	1029.3	-	285	
2020-11-12 10:05:00	17.8	북북서	327	16.34	30.24	0.39	6.8	0.48	6.0	3.2	서남서	238	16.3	1029.2	-	71	
2020-11-12 10:10:00	17.2	북북서	332	16.34	30.25	0.41	5.4	0.49	5.0	3.4	서남서	239	16.5	1029.2	-	136	
2020-11-12 10:15:00	16.3	북서	326	16.37	30.24	0.36	5.0	0.53	4.5	2.9	서남서	240	16.7	1029.1	-	86	
2020-11-12 10:20:00	15.4	북북서	326	16.40	30.28	0.39	4.8	0.54	6.5	2.9	남서	235	16.8	1029.1	-	317	
2020-11-12 10:25:00	13.3	북북서	331	16.43	30.27	0.42	6.3	0.56	7.5	3.3	남서	220	17.0	1029.0	-	76	
2020-11-12 10:30:00	15.3	북북서	333	16.43	30.26	0.34	4.9	0.45	6.0	2.6	남서	223	17.0	1028.9	-	95	
2020-11-12 10:35:00	13.1	북북서	334	16.41	30.25	0.36	4.8	0.54	4.5	3.1	남서	215	17.2	1028.9	-	90	
2020-11-12 10:40:00	14.7	북북서	346	16.39	30.20	0.41	5.4	0.55	5.5	2.8	남서	214	17.3	1028.8	-	80	
2020-11-12 10:45:00	14.3	북북서	349	16.36	30.21	0.39	6.2	0.51	6.0	1.9	남서	217	17.5	1028.8	-	87	
2020-11-12 10:50:00	11.8	북북서	333	16.34	30.22	0.37	4.9	0.63	5.0	2.1	남서	227	17.6	1028.8	-	79	
2020-11-12 10:55:00	13.8	북북서	345	16.35	30.23	0.36	4.9	0.62	5.0	2.8	남남서	199	17.6	1028.7	-	84	
2020-11-12 11:00:00	13.5	북북서	334	16.35	30.23	0.34	6.2	0.47	5.0	2.0	남	187	17.8	1028.7	-	85	
2020-11-12 11:05:00	15.8	북북서	337	16.35	30.23	0.36	5.4	0.44	6.5	1.6	남남서	210	17.8	1028.7	-	53	
2020-11-12 11:10:00	14.5	북북서	338	16.39	30.27	0.35	6.1	0.51	4.5	1.9	남동	146	17.8	1028.6	-	96	
2020-11-12 11:15:00	16.3	북북서	336	16.42	30.26	0.40	5.8	0.61	6.0	2.7	남동	133	17.5	1028.5	-	72	
2020-11-12 11:20:00	15.1	북북서	339	16.44	30.25	0.34	5.0	0.48	6.5	3.2	남동	128	17.0	1028.4	-	90	
2020-11-12 11:25:00	22.6	북북서	343	16.47	30.25	0.38	6.0	0.44	6.5	3.2	남동	129	16.7	1028.3	-	66	
2020-11-12 11:30:00	20.1	북북서	335	16.51	30.26	0.38	5.8	0.68	5.5	3.6	남동	127	16.7	1028.2	-	85	
2020-11-12 11:35:00	20.2	북북서	328	16.52	30.21	0.36	6.0	0.51	8.0	3.8	동남동	117	16.5	1028.2	-	70	
2020-11-12 11:40:00	18.3	북북서	334	16.52	30.24	0.40	6.3	0.55	7.5	4.1	동남동	109	16.4	1028.2	-	84	
2020-11-12 11:45:00	21.0	북북서	328	16.52	30.21	0.36	6.3	0.49	6.0	4.2	동남동	109	16.2	1028.1	-	76	
2020-11-12 11:50:00	20.3	북서	326	16.50	30.24	0.42	6.3	0.55	5.0	4.1	동남동	102	16.1	1027.9	-	71	
2020-11-12 11:55:00	18.9	북북서	327	16.52	30.21	0.32	5.3	0.44	8.0	3.9	동남동	102	16.1	1027.9	-	74	
2020-11-12 12:00:00	21.1	북북서	327	16.53	30.25	0.35	5.6	0.47	6.0	4.0	동남동	104	16.1	1027.8	-	85	
2020-11-12 12:05:00	21.0	북서	326	16.55	30.23	0.30	5.3	0.39	4.5	3.9	동남동	105	16.1	1027.7	-	86	
2020-11-12 12:10:00	19.9	북북서	330	16.55	30.24	0.37	5.5	0.53	7.0	4.1	동남동	106	16.1	1027.6	-	63	
2020-11-12 12:15:00	21.3	북북서	326	16.58	30.26	0.39	6.8	0.62	5.5	4.3	동남동	106	16.1	1027.5	-	87	
2020-11-12 12:20:00	18.6	북서	318	16.61	30.25	0.37	6.5	0.55	7.5	4.1	동남동	109	16.1	1027.4	-	86	
2020-11-12 12:25:00	18.8	북서	324	16.63	30.25	0.31	4.6	0.44	5.0	3.9	동남동	109	16.1	1027.3	-	94	
2020-11-12 12:30:00	22.2	북북서	328	16.63	30.25	0.35	4.9	0.52	6.5	4.2	동남동	108	16.1	1027.3	-	86	
2020-11-12 12:35:00	20.7	북북서	326	16.60	30.22	0.34	5.4	0.61	5.5	4.0	동남동	104	16.2	1027.2	-	91	
2020-11-12 12:40:00	22.3	북북서	327	16.60	30.26	0.41	5.7	0.58	5.5	4.2	동남동	103	16.2	1027.2	-	76	
2020-11-12 12:45:00	20.7	북서	324	16.65	30.33	0.33	5.3	0.46	7.0	4.1	동남동	103	16.3	1027.1	-	80	
2020-11-12 12:50:00	21.6	북서	321	16.75	30.30	0.35	5.4	0.43	5.5	4.2	동남동	105	16.4	1027.0	-	76	
2020-11-12 12:55:00	19.4	북서	323	16.77	30.34	0.35	5.5	0.45	5.5	4.1	동남동	103	16.6	1026.9	-	63	
2020-11-12 13:00:00	21.0	북서	326	16.80	30.33	0.30	5.6	0.38	6.0	4.5	동남동	107	16.8	1026.8	-	82	
2020-11-12 13:05:00	18.5	북서	324	16.78	30.23	0.32	6.3	0.46	6.0	4.6	동남동	110	16.8	1026.7	-	80	
2020-11-12 13:10:00	19.0	북북서	327	16.73	30.27	0.35	4.8	0.47	5.5	4.6	동남동	113	16.7	1026.7	-	118	
2020-11-12 13:15:00	20.7	북북서	327	16.74	30.30	0.34	5.4	0.53	6.0	4.7	동남동	114	16.8	1026.6	-	92	
2020-11-12 13:20:00	20.8	북북서	327	16.73	30.28	0.35	5.2	0.68	6.0	4.7	남동	124	16.9	1026.5	-	83	
2020-11-12 13:25:00	20.9	북서	321	16.76	30.28	0.33	5.0	0.49	6.5	4.6	남동	127	17.0	1026.4	-	99	
2020-11-12 13:30:00	24.6	북북서	327	16.80	30.28	0.28	5.3	0.35	3.5	4.8	남동	131	17.0	1026.4	-	79	
2020-11-12 13:35:00	21.1	북북서	327	16.82	30.28	0.36	5.3	0.45	3.5	5.6	남동	129	16.9	1026.4	-	68	
2020-11-12 13:40:00	19.5	북북서	329	16.84	30.29	0.37	5.5	0.59	8.0	5.2	남동	129	16.8	1026.4	-	92	
2020-11-12 13:45:00	20.6	북서	324	16.85	30.30	0.32	5.6	0.49	4.0	5.7	남동	129	16.8	1026.3	-	70	
2020-11-12 13:50:00	20.9	북서	323	16.87	30.30	0.28	5.1	0.37	6.5	5.5	남동	126	16.8	1026.3	-	67	
2020-11-12 13:55:00	22.2	북북서	329	16.88	30.30	0.39	5.6	0.52	5.0	5.7	남동	128	16.9	1026.2	-	80	
2020-11-12 14:00:00	20.4	북서	324	16.88	30.29	0.34	5.5	0.46	7.0	6.2	동남동	123	16.9	1026.1	-	91	
2020-11-12 14:05:00	22.9	북서	324	16.88	30.30	0.32	4.7	0.42	7.0	6.2	남동	128	16.9	1026.1	-	99	
2020-11-12 14:10:00	22.0	북서	320	16.88	30.30	0.40	5.4	0.49	6.0	6.2	남동	125	16.9	1026.0	-	57	
2020-11-12 14:15:00	22.9	북서	325	16.89	30.30	0.38	4.9	0.48	5.5	6.1	동남동	121	16.9	1026.0	-	86	
2020-11-12 14:20:00	20.9	북서	323	16.89	30.31	0.40	5.4	0.54	6.5	6.5	동남동	121	16.9	1026.0	-	93	
2020-11-12 14:25:00	21.5	북서	319	16.90	30.31	0.47	5.5	0.72	6.0	6.2	동남동	120	16.9	1026.0	-	63	
2020-11-12 14:30:00	18.9	북서	321	16.91	30.32	0.38	4.3	0.61	5.0	6.3	동남동	122	16.9	1026.0	-	86	
2020-11-12 14:35:00	23.5	북서	324	16.91	30.32	0.45	3.9	0.72	3.0	6.1	남동	124	17.0	1025.9	-	87	
2020-11-12 14:40:00	23.2	북서	320	16.93	30.31	0.49	3.4	0.64	6.0	6.4	동남동	123	17.0	1025.9	-	116	
2020-11-12 14:45:00	23.6	북서	325	16.92	30.31	0.47	3.7	0.60	5.0	6.4	남동	128	17.0	1025.9	-	118	
2020-11-12 14:50:00	21.9	북서	324	16.92	30.33	0.46	4.0	0.64	5.5	6.6	남동	126	17.0	1025.9	-	120	
2020-11-12 14:55:00	20.3	북서	324	16.93	30.34	0.52	4.1	0.70	3.0	6.7	남동	128	17.0	1025.9	-	152	
2020-11-12 15:00:00	20.8	북서	324	16.94	30.34	0.47	3.5	0.67	3.0	6.7	남동	127	17.0	1025.9	-	122	
2020-11-12 15:05:00	25.3	북서	321	16.95	30.34	0.50	3.5	0.66	3.0	7.0	남동	130	16.9	1025.8	-	107	
2020-11-12 15:10:00	23.0	북북서	327	16.94	30.35	0.47	3.4	0.70	7.5	7.2	남동	135	17.0	1025.8	-	146	
2020-11-12 15:15:00	16.9	북서	325	16.94	30.35	0.55	3.5	0.78	3.5	7.4	남동	133	17.0	1025.8	-	113	
2020-11-12 15:20:00	24.1	북서	325	16.95	30.36	0.54	3.9	0.74	3.0	7.2	남동	131	17.0	1025.8	-	115	
2020-11-12 15:25:00	22.6	북북서	327	16.96	30.35	0.48	3.6	0.70	3.0	6.8	남동	130	17.0	1025.8	-	123	
2020-11-12 15:30:00	21.5	북서	323	16.96	30.36	0.51	3.3	0.65	3.0	7.1	남동	130	17.0	1025.8	-	135	
2020-11-12 15:35:00	22.9	북북서	331	16.98	30.36	0.53	3.6	0.79	5.5	6.6	남동	129	17.1	1025.8	-	128	
2020-11-12 15:40:00	21.0	북북서	331	16.97	30.36	0.51	3.3	0.66	5.5	6.4	남동	132	17.2	1025.8	-	123	
2020-11-12 15:45:00	20.7	북북서	333	16.97	30.34	0.51	3.5	0.82	3.0	6.3	남동	134	17.2	1025.7	-	117	
2020-11-12 15:50:00	17.4	북북서	336	16.94	30.35	0.54	3.6	0.68	3.0	6.4	남동	135	17.2	1025.7	-	128	
2020-11-12 15:55:00	21.1	북북서	336	16.92	30.35	0.50	3.4	0.76	3.5	6.1	남동	134	17.3	1025.7	-	128	
2020-11-12 16:00:00	14.8	북북서	347	16.89	30.32	0.49	4.4	0.62	3.0	6.4	남동	127	17.3	1025.7	-	78	
2020-11-12 16:05:00	18.2	북북서	330	16.83	30.33	0.57	3.6	0.74	3.5	6.5	남동	131	17.3	1025.7	-	117	
2020-11-12 16:10:00	18.9	북북서	330	16.83	30.35	0.52	4.0	0.69	6.5	6.2	남동	134	17.3	1025.7	-	125	
2020-11-12 16:15:00	18.1	북북서	339	16.85	30.36	0.55	3.7	0.82	7.0	6.2	남동	138	17.3	1025.7	-	131	
2020-11-12 16:20:00	18.6	북북서	333	16.86	30.36	0.54	3.4	0.71	5.0	5.9	남동	136	17.3	1025.6	-	133	
2020-11-12 16:25:00	19.9	북북서	332	16.86	30.35	0.48	3.6	0.65	3.0	5.3	남동	139	17.3	1025.6	-	98	
2020-11-12 16:30:00	19.3	북북서	331	16.87	30.37	0.52	3.7	0.64	5.5	5.0	남동	146	17.5	1025.7	-	128	
2020-11-12 16:35:00	21.3	북북서	335	16.86	30.37	0.53	3.6	0.70	3.5	5.0	남남동	152	17.4	1025.7	-	130	
2020-11-12 16:40:00	19.6	북서	326	16.87	30.35	0.52	3.3	0.71	3.0	4.3	남남동	152	17.5	1025.7	-	124	
2020-11-12 16:45:00	21.2	북북서	335	16.86	30.34	0.42	4.1	0.71	3.5	4.4	남남동	149	17.5	1025.8	-	114	
2020-11-12 16:50:00	17.2	북북서	336	16.86	30.36	0.50	3.4	0.63	3.0	3.3	남남동	153	17.4	1025.7	-	120	
2020-11-12 16:55:00	22.5	북북서	331	16.87	30.37	0.48	4.0	0.72	3.0	3.4	남	175	17.7	1025.7	-	126	
2020-11-12 17:00:00	18.5	북북서	328	16.89	30.34	0.44	4.9	0.59	5.5	2.6	남	190	17.6	1025.7	-	105	
2020-11-12 17:05:00	21.8	북북서	332	16.87	30.36	0.47	4.2	0.61	3.0	2.0	남서	215	17.6	1025.7	-	121	
2020-11-12 17:10:00	21.9	북북서	327	16.89	30.36	0.44	3.9	0.65	3.0	2.3	서남서	238	17.5	1025.7	-	130	
2020-11-12 17:15:00	19.9	북서	325	16.90	30.39	0.45	3.8	0.73	3.0	3.1	서남서	243	17.6	1025.6	-	124	
2020-11-12 17:20:00	18.5	북북서	329	16.91	30.36	0.44	3.4	0.66	3.0	3.0	서남서	252	17.0	1025.7	-	105	
2020-11-12 17:25:00	22.7	북북서	326	16.92	30.37	0.43	3.8	0.58	7.5	3.2	서남서	243	16.8	1025.7	-	116	
2020-11-12 17:30:00	21.7	북북서	334	16.92	30.37	0.45	5.0	0.61	2.5	3.6	남서	230	17.5	1025.6	-	92	
2020-11-12 17:35:00	20.1	북북서	333	16.93	30.36	0.40	5.3	0.67	8.0	3.2	남서	234	17.4	1025.7	-	144	
2020-11-12 17:40:00	19.8	북서	326	16.92	30.37	0.42	4.5	0.65	6.0	3.3	남서	229	17.3	1025.6	-	123	
2020-11-12 17:45:00	19.8	북북서	330	16.92	30.36	0.41	4.9	0.58	8.0	4.0	남서	218	17.5	1025.6	-	95	
2020-11-12 17:50:00	23.3	북북서	330	16.92	30.37	0.37	5.2	0.50	6.5	5.2	남서	214	18.2	1025.6	-	83	
2020-11-12 17:55:00	25.4	북북서	328	16.93	30.38	0.42	6.2	0.55	6.5	5.4	남서	219	18.2	1025.5	-	80	
2020-11-12 18:00:00	21.9	북북서	328	16.93	30.38	0.39	5.4	0.51	7.5	5.5	남서	225	17.9	1025.5	-	72	
2020-11-12 18:05:00	23.4	북북서	336	16.92	30.39	0.40	4.6	0.63	4.0	5.2	남서	221	18.0	1025.5	-	66	
2020-11-12 18:10:00	18.7	북북서	337	16.92	30.40	0.40	5.3	0.51	3.5	5.1	남서	223	17.9	1025.5	-	79	
2020-11-12 18:15:00	19.2	북북서	331	16.92	30.37	0.33	4.6	0.44	6.0	5.4	남서	230	17.9	1025.5	-	75	
2020-11-12 18:20:00	21.3	북북서	335	16.92	30.38	0.39	4.5	0.60	8.5	5.5	남서	231	17.8	1025.5	-	112	
2020-11-12 18:25:00	19.8	북북서	334	16.91	30.39	0.36	4.5	0.55	3.5	5.3	남서	228	17.8	1025.6	-	77	
2020-11-12 18:30:00	18.6	북북서	330	16.91	30.41	0.39	4.3	0.61	6.5	4.6	남서	231	17.7	1025.6	-	128	
2020-11-12 18:35:00	19.4	북북서	333	16.91	30.40	0.38	4.3	0.51	7.0	5.1	남서	235	17.5	1025.7	-	75	
2020-11-12 18:40:00	17.5	북북서	333	16.90	30.40	0.39	4.9	0.54	6.5	4.7	서남서	238	17.5	1025.8	-	109	
2020-11-12 18:45:00	16.5	북북서	333	16.89	30.40	0.33	4.0	0.46	3.5	4.4	서남서	245	17.5	1025.8	-	80	
2020-11-12 18:50:00	18.0	북북서	331	16.89	30.38	0.37	5.2	0.52	9.0	4.5	남서	234	17.3	1025.8	-	85	
2020-11-12 18:55:00	16.4	북북서	338	16.88	30.36	0.40	4.2	0.56	4.0	4.3	남서	234	17.0	1025.8	-	133	
2020-11-12 19:00:00	15.5	북북서	336	16.82	30.39	0.39	4.3	0.48	2.5	4.3	서남서	237	16.9	1025.8	-	128	
2020-11-12 19:05:00	16.2	북북서	331	16.80	30.39	0.35	4.4	0.47	3.0	3.9	남서	236	17.0	1025.8	-	74	
2020-11-12 19:10:00	16.5	북서	321	16.80	30.38	0.39	4.8	0.53	7.0	4.5	남서	229	17.0	1025.8	-	116	
2020-11-12 19:15:00	13.8	북서	325	16.78	30.40	0.32	4.0	0.43	3.5	3.7	남서	232	16.9	1025.8	-	90	
2020-11-12 19:20:00	13.7	북북서	329	16.79	30.36	0.34	4.4	0.50	3.5	4.1	남서	230	16.8	1025.8	-	87	
2020-11-12 19:25:00	13.9	북서	326	16.77	30.37	0.34	4.6	0.45	3.0	4.1	남서	229	16.8	1025.8	-	82	
2020-11-12 19:30:00	14.3	북서	325	16.77	30.37	0.35	4.2	0.42	5.5	3.8	남서	226	16.8	1025.9	-	70	
2020-11-12 19:35:00	12.5	북서	326	16.78	30.38	0.39	4.7	0.54	3.0	3.6	남서	221	16.9	1025.9	-	89	
2020-11-12 19:40:00	13.1	북북서	328	16.75	30.35	0.41	6.0	0.51	6.5	3.3	남서	214	16.9	1025.9	-	84	
2020-11-12 19:45:00	13.7	북북서	327	16.77	30.37	0.34	4.8	0.49	6.0	3.2	남서	222	16.9	1025.9	-	65	
2020-11-12 19:50:00	15.5	북북서	331	16.74	30.35	0.34	4.8	0.41	8.0	4.3	남서	226	16.8	1025.8	-	120	
2020-11-12 19:55:00	14.0	북북서	327	16.74	30.36	0.31	4.3	0.39	3.5	5.2	남서	234	16.8	1025.7	-	111	
2020-11-12 20:00:00	14.5	북서	323	16.72	30.36	0.39	5.0	0.53	6.0	4.7	서남서	238	16.6	1025.7	-	73	
2020-11-12 20:05:00	12.8	북북서	328	16.69	30.35	0.35	5.7	0.45	7.5	4.8	남서	235	16.9	1025.7	-	80	
2020-11-12 20:10:00	13.8	북북서	329	16.69	30.37	0.33	3.8	0.52	3.5	4.6	남서	232	16.7	1025.8	-	123	
2020-11-12 20:15:00	12.9	북북서	341	16.66	30.35	0.34	5.6	0.41	7.0	4.4	남서	225	16.6	1025.8	-	96	
2020-11-12 20:20:00	13.4	북북서	332	16.64	30.33	0.35	4.7	0.46	7.0	4.0	남서	226	16.2	1025.8	-	101	
2020-11-12 20:25:00	13.5	북북서	335	16.61	30.33	0.36	3.9	0.56	3.5	4.3	서남서	237	16.1	1025.8	-	111	
2020-11-12 20:30:00	16.2	북북서	338	16.59	30.35	0.35	4.7	0.48	3.0	4.1	남서	233	16.0	1025.9	-	107	
2020-11-12 20:35:00	15.1	북북서	336	16.58	30.35	0.35	4.5	0.47	6.0	3.7	서남서	239	15.9	1025.9	-	97	
2020-11-12 20:40:00	13.8	북북서	333	16.58	30.35	0.41	4.7	0.58	6.5	4.1	서남서	249	15.8	1025.9	-	76	
2020-11-12 20:45:00	14.6	북북서	334	16.58	30.34	0.35	5.4	0.48	3.5	4.2	서남서	246	15.7	1025.9	-	92	
2020-11-12 20:50:00	15.5	북북서	329	16.59	30.35	0.35	5.1	0.46	6.5	4.3	서남서	248	15.8	1025.9	-	91	
2020-11-12 20:55:00	13.4	북북서	328	16.59	30.34	0.37	4.9	0.51	6.5	4.3	서남서	250	15.8	1026.0	-	70	
2020-11-12 21:00:00	13.5	북북서	336	16.59	30.35	0.37	5.2	0.49	4.5	3.6	서남서	239	15.7	1026.0	-	86	
2020-11-12 21:05:00	13.8	북북서	336	16.59	30.35	0.37	4.9	0.54	4.0	3.6	남서	221	15.6	1026.0	-	120	
2020-11-12 21:10:00	13.9	북북서	329	16.59	30.34	0.30	4.4	0.40	7.5	3.4	남서	216	15.2	1026.0	-	73	
2020-11-12 21:15:00	13.4	북서	320	16.59	30.34	0.34	4.7	0.45	5.0	2.6	남서	221	15.3	1025.9	-	77	
2020-11-12 21:20:00	13.8	북북서	338	16.58	30.35	0.34	4.6	0.43	3.5	2.1	남서	226	15.3	1026.0	-	70	
2020-11-12 21:25:00	13.3	북북서	327	16.59	30.33	0.34	5.2	0.56	6.5	2.6	남서	231	15.6	1026.0	-	62	
2020-11-12 21:30:00	13.3	북서	322	16.59	30.34	0.32	3.6	0.47	3.5	2.7	남서	229	15.6	1026.0	-	128	
2020-11-12 21:35:00	12.3	북서	323	16.60	30.34	0.33	5.2	0.50	4.0	2.9	남서	232	15.5	1026.0	-	71	
2020-11-12 21:40:00	11.7	북서	326	16.59	30.34	0.33	5.2	0.44	5.0	2.8	남서	228	15.5	1025.9	-	102	
2020-11-12 21:45:00	13.9	북서	321	16.59	30.35	0.34	5.0	0.48	7.0	3.0	남서	236	15.6	1025.9	-	72	
2020-11-12 21:50:00	10.5	북서	320	16.60	30.34	0.38	6.1	0.47	8.0	3.1	남서	230	15.6	1026.0	-	79	
2020-11-12 21:55:00	11.7	북서	323	16.60	30.34	0.34	6.1	0.57	5.0	2.9	남서	220	15.5	1026.0	-	82	
2020-11-12 22:00:00	11.6	북서	325	16.60	30.34	0.40	5.6	0.59	6.5	2.4	남서	228	15.3	1026.0	-	107	
2020-11-12 22:05:00	13.5	북서	325	16.59	30.36	0.40	5.2	0.56	5.0	2.5	남서	232	15.3	1026.0	-	76	
2020-11-12 22:10:00	12.1	북서	320	16.59	30.36	0.40	5.1	0.65	6.5	3.6	서남서	247	15.4	1026.1	-	70	
2020-11-12 22:15:00	10.8	북북서	335	16.59	30.35	0.38	6.0	0.61	8.0	4.5	서남서	250	15.7	1026.0	-	71	
2020-11-12 22:20:00	10.9	북북서	338	16.58	30.36	0.39	5.5	0.55	5.5	5.1	서남서	245	15.7	1026.0	-	76	
2020-11-12 22:25:00	10.7	북북서	328	16.59	30.36	0.33	5.1	0.40	5.5	4.6	서남서	239	15.8	1026.0	-	92	
2020-11-12 22:30:00	11.2	북북서	332	16.58	30.35	0.41	5.3	0.50	5.5	4.1	서남서	244	15.9	1026.0	-	77	
2020-11-12 22:35:00	9.8	북서	324	16.58	30.37	0.37	5.2	0.61	6.0	3.6	서남서	240	15.8	1026.0	-	80	
2020-11-12 22:40:00	10.5	북서	319	16.57	30.37	0.41	5.9	0.67	6.0	4.2	남서	234	15.8	1025.9	-	65	
2020-11-12 22:45:00	9.6	북북서	331	16.59	30.37	0.37	5.3	0.49	5.5	4.2	남서	228	15.9	1025.8	-	284	
2020-11-12 22:50:00	7.7	북서	323	16.58	30.39	0.38	5.0	0.52	5.0	3.7	남서	235	15.7	1025.8	-	251	
2020-11-12 22:55:00	11.3	북서	324	16.59	30.40	0.40	4.9	0.49	5.5	4.5	서남서	243	15.9	1025.8	-	321	
2020-11-12 23:00:00	8.9	북서	323	16.59	30.37	0.41	5.7	0.67	7.5	4.6	남서	233	16.0	1025.8	-	93	
2020-11-12 23:05:00	10.8	북서	321	16.59	30.38	0.36	5.2	0.44	4.5	4.5	서남서	244	15.9	1025.9	-	97	
2020-11-12 23:10:00	11.0	북서	314	16.59	30.39	0.35	4.9	0.59	6.5	4.1	서남서	251	15.8	1026.0	-	295	
2020-11-12 23:15:00	10.7	북북서	327	16.59	30.40	0.41	5.9	0.55	5.5	3.7	서남서	242	15.7	1026.0	-	68	
2020-11-12 23:20:00	11.4	북서	315	16.60	30.40	0.37	5.3	0.52	5.5	3.8	남서	235	15.9	1026.0	-	316	
2020-11-12 23:25:00	8.9	북서	323	16.60	30.39	0.34	5.1	0.50	5.0	3.8	남서	232	16.0	1025.9	-	70	
2020-11-12 23:30:00	10.2	북서	316	16.60	30.40	0.39	5.4	0.49	5.0	3.8	남서	232	15.8	1025.9	-	131	
2020-11-12 23:35:00	9.8	북북서	334	16.61	30.40	0.40	5.8	0.59	5.5	4.2	남서	230	15.8	1025.9	-	149	
2020-11-12 23:40:00	9.0	북서	313	16.62	30.41	0.34	5.4	0.46	4.0	4.5	남서	236	15.9	1025.9	-	84	
2020-11-12 23:45:00	8.6	북서	318	16.62	30.42	0.38	5.3	0.54	4.5	4.5	서남서	239	16.1	1026.0	-	107	
2020-11-12 23:50:00	8.3	북서	312	16.63	30.41	0.36	5.2	0.45	5.0	4.1	서남서	247	16.0	1026.0	-	159	
2020-11-12 23:55:00	7.4	북서	324	16.64	30.41	0.38	5.0	0.52	5.0	4.1	서남서	247	15.8	1026.0	-	284	
2020-11-13 00:00:00	7.9	북북서	331	16.62	30.41	0.39	5.2	0.55	4.0	4.6	서남서	248	15.7	1026.0	-	143	
2020-11-13 00:05:00	9.6	북북서	336	16.63	30.42	0.31	5.2	0.45	5.5	4.7	서남서	248	15.7	1026.0	-	84	
2020-11-13 00:10:00	7.1	북북서	332	16.63	30.43	0.38	5.2	0.51	5.0	4.7	서남서	246	15.8	1026.0	-	142	
2020-11-13 00:15:00	7.2	북서	318	16.62	30.42	0.35	5.5	0.44	5.0	5.0	서남서	241	15.9	1026.1	-	115	
2020-11-13 00:20:00	8.4	북서	313	16.63	30.44	0.38	5.7	0.49	5.0	5.2	서남서	241	15.8	1026.1	-	141	
2020-11-13 00:25:00	7.3	북서	323	16.64	30.45	0.34	5.0	0.54	4.5	4.8	서남서	243	15.8	1026.1	-	103	
2020-11-13 00:30:00	6.1	북서	309	16.65	30.44	0.36	5.3	0.46	5.5	4.8	서남서	240	15.8	1026.1	-	138	
2020-11-13 00:35:00	7.2	북서	312	16.64	30.44	0.38	5.6	0.48	5.0	5.1	서남서	244	15.8	1026.1	-	114	
2020-11-13 00:40:00	5.7	북서	317	16.64	30.43	0.39	5.6	0.53	7.0	4.8	서남서	245	15.7	1026.1	-	142	
2020-11-13 00:45:00	5.7	북서	326	16.65	30.43	0.39	5.1	0.52	5.0	4.8	서남서	246	15.7	1026.1	-	147	
2020-11-13 00:50:00	6.6	북서	319	16.65	30.43	0.39	4.9	0.53	5.5	4.9	서남서	244	15.8	1026.1	-	134	
2020-11-13 00:55:00	5.9	북북서	335	16.65	30.44	0.33	5.1	0.56	4.5	4.8	서남서	240	15.8	1026.1	-	130	
2020-11-13 01:00:00	7.2	북북서	327	16.65	30.44	0.32	5.4	0.45	5.0	4.9	서남서	241	15.8	1026.1	-	120	
2020-11-13 01:05:00	6.3	북서	314	16.64	30.45	0.36	5.1	0.48	7.0	4.9	남서	234	16.0	1026.1	-	116	
2020-11-13 01:10:00	6.2	북서	319	16.66	30.45	0.37	5.3	0.54	3.5	4.7	서남서	238	15.9	1026.1	-	13	
2020-11-13 01:15:00	4.8	북서	318	16.66	30.43	0.41	5.3	0.71	5.0	5.1	남서	233	15.8	1026.1	-	131	
2020-11-13 01:20:00	6.2	북북서	339	16.65	30.45	0.29	5.0	0.47	5.5	5.0	남서	230	15.8	1026.1	-	130	
2020-11-13 01:25:00	2.9	북서	312	16.65	30.45	0.32	5.4	0.46	5.0	5.3	남서	233	15.8	1026.1	-	96	
2020-11-13 01:30:00	5.1	북서	315	16.66	30.46	0.30	5.3	0.38	6.0	5.7	남서	236	15.8	1026.1	-	76	
2020-11-13 01:35:00	5.5	북서	323	16.66	30.45	0.37	5.4	0.52	5.5	6.1	서남서	239	15.8	1026.0	-	135	
2020-11-13 01:40:00	6.1	북북서	329	16.65	30.45	0.39	5.9	0.58	5.5	5.9	서남서	240	15.9	1026.1	-	77	
2020-11-13 01:45:00	8.7	북서	307	16.65	30.47	0.33	5.7	0.45	6.5	5.5	남서	236	15.9	1026.1	-	187	
2020-11-13 01:50:00	6.9	북서	305	16.66	30.47	0.37	5.4	0.48	6.0	5.1	남서	235	15.8	1026.2	-	95	
2020-11-13 01:55:00	5.9	북서	304	16.67	30.47	0.34	5.6	0.42	3.5	4.9	서남서	237	15.9	1026.2	-	83	
2020-11-13 02:00:00	3.7	서북서	289	16.66	30.47	0.31	5.3	0.41	4.5	4.8	서남서	239	15.8	1026.2	-	103	
2020-11-13 02:05:00	6.1	북북서	332	16.65	30.47	0.34	5.3	0.49	7.0	5.7	서남서	239	15.9	1026.2	-	106	
2020-11-13 02:10:00	4.9	서북서	304	16.66	30.47	0.35	5.8	0.47	5.0	5.0	서남서	246	15.9	1026.2	-	99	
2020-11-13 02:15:00	4.5	북서	314	16.66	30.47	0.34	5.5	0.48	6.5	5.3	서남서	242	15.7	1026.2	-	78	
2020-11-13 02:20:00	5.2	서북서	298	16.66	30.47	0.38	5.9	0.56	5.5	5.0	서남서	238	15.8	1026.2	-	126	
2020-11-13 02:25:00	4.9	서북서	299	16.66	30.47	0.31	5.0	0.47	5.5	5.1	남서	231	15.8	1026.1	-	142	
2020-11-13 02:30:00	5.3	서북서	289	16.66	30.47	0.28	5.5	0.43	5.0	5.0	남서	230	15.7	1026.1	-	101	
2020-11-13 02:35:00	3.5	서북서	303	16.65	30.48	0.30	5.0	0.46	5.5	5.6	남서	234	15.6	1026.0	-	88	
2020-11-13 02:40:00	6.0	서북서	300	16.65	30.47	0.32	5.8	0.49	6.5	5.5	남서	233	15.6	1026.0	-	84	
2020-11-13 02:45:00	5.8	북서	318	16.64	30.47	0.33	5.4	0.58	6.0	5.2	남서	236	15.6	1026.1	-	32	
2020-11-13 02:50:00	4.9	북서	317	16.63	30.46	0.31	5.0	0.52	4.0	4.8	서남서	243	15.6	1026.1	-	151	
2020-11-13 02:55:00	4.9	북서	317	16.62	30.47	0.29	5.4	0.46	5.0	5.4	서남서	242	15.5	1026.0	-	139	
2020-11-13 03:00:00	5.1	북서	325	16.62	30.47	0.29	5.3	0.47	6.0	5.1	서남서	244	15.4	1026.1	-	284	
2020-11-13 03:05:00	3.7	북서	320	16.60	30.48	0.29	5.2	0.49	6.0	5.4	서남서	247	15.3	1026.1	-	58	
2020-11-13 03:10:00	6.5	북서	323	16.59	30.47	0.33	6.1	0.42	4.5	5.1	서남서	244	15.3	1026.1	-	126	
2020-11-13 03:15:00	3.6	북	353	16.59	30.45	0.28	5.4	0.40	6.0	4.8	서남서	237	15.3	1026.1	-	302	
2020-11-13 03:20:00	4.9	북	354	16.58	30.47	0.32	6.2	0.41	7.0	4.9	서남서	238	15.3	1026.1	-	59	
2020-11-13 03:25:00	4.4	북	349	16.58	30.46	0.33	5.4	0.44	4.5	5.4	남서	235	15.2	1026.0	-	67	
2020-11-13 03:30:00	3.9	북	349	16.57	30.47	0.31	4.6	0.49	4.5	5.4	남서	234	15.1	1026.0	-	71	
2020-11-13 03:35:00	4.9	북서	325	16.57	30.46	0.31	5.0	0.52	6.0	5.0	남서	229	15.1	1025.9	-	52	
2020-11-13 03:40:00	4.7	북서	314	16.57	30.47	0.32	6.2	0.43	5.5	5.0	남서	231	15.0	1025.8	-	76	
2020-11-13 03:45:00	4.7	북서	320	16.56	30.46	0.29	5.1	0.42	5.5	4.6	남서	234	15.0	1025.8	-	84	
2020-11-13 03:50:00	5.4	북서	320	16.55	30.47	0.30	4.9	0.39	7.0	4.7	남서	235	15.0	1025.8	-	67	
2020-11-13 03:55:00	3.9	북북서	345	16.55	30.46	0.31	5.3	0.40	4.0	5.1	남서	233	15.1	1025.7	-	104	
2020-11-13 04:00:00	5.3	북서	319	16.54	30.47	0.30	5.2	0.37	5.0	5.4	서남서	240	15.3	1025.7	-	99	
2020-11-13 04:05:00	4.6	북서	322	16.54	30.47	0.28	4.9	0.47	4.0	5.0	서남서	244	15.3	1025.7	-	86	
2020-11-13 04:10:00	4.5	북서	312	16.53	30.46	0.31	5.5	0.44	5.5	5.2	서남서	244	15.2	1025.7	-	78	
2020-11-13 04:15:00	6.6	서북서	301	16.53	30.45	0.26	4.5	0.38	5.5	4.3	서남서	247	15.3	1025.8	-	11	
2020-11-13 04:20:00	6.5	북	359	16.53	30.48	0.32	4.8	0.53	5.0	3.5	서남서	244	15.1	1025.9	-	89	
2020-11-13 04:25:00	2.5	북서	321	16.54	30.48	0.29	4.1	0.35	5.0	4.1	남서	235	15.1	1026.0	-	146	
2020-11-13 04:30:00	3.7	북서	316	16.53	30.46	0.32	5.3	0.47	4.5	3.8	서남서	238	15.0	1026.0	-	71	
2020-11-13 04:35:00	4.3	북서	313	16.53	30.45	0.28	4.8	0.38	4.5	3.9	서남서	240	15.0	1026.0	-	64	
2020-11-13 04:40:00	4.0	북북서	336	16.53	30.47	0.26	4.4	0.33	4.5	4.1	서남서	238	14.9	1025.9	-	74	
2020-11-13 04:45:00	4.9	북서	310	16.53	30.46	0.29	6.0	0.40	8.0	3.8	남서	233	14.9	1025.9	-	72	
2020-11-13 04:50:00	4.4	북	352	16.53	30.46	0.32	5.3	0.42	5.0	3.5	남서	233	14.7	1025.9	-	60	
2020-11-13 04:55:00	5.1	북	0	16.52	30.45	0.30	5.3	0.48	7.5	3.5	서남서	250	14.6	1026.0	-	73	
2020-11-13 05:00:00	3.4	북	352	16.50	30.45	0.29	5.4	0.42	5.0	3.0	서남서	249	14.6	1026.1	-	69	
2020-11-13 05:05:00	4.1	북북서	328	16.49	30.46	0.29	4.9	0.35	4.0	2.8	남서	234	14.5	1026.1	-	107	
2020-11-13 05:10:00	4.7	북서	313	16.49	30.47	0.27	5.2	0.40	5.5	3.0	남서	233	14.4	1026.1	-	43	
2020-11-13 05:15:00	5.5	북북서	328	16.48	30.45	0.27	5.3	0.39	6.0	4.3	남서	227	14.4	1026.0	-	61	
2020-11-13 05:20:00	5.9	북서	317	16.47	30.46	0.30	4.9	0.49	3.0	4.6	남서	224	14.4	1025.9	-	85	
2020-11-13 05:25:00	5.6	북서	325	16.47	30.45	0.27	5.1	0.43	6.5	4.4	남서	221	14.3	1025.9	-	88	
2020-11-13 05:30:00	2.7	북서	321	16.46	30.45	0.27	4.7	0.39	3.0	4.3	남서	222	14.2	1026.0	-	70	
2020-11-13 05:35:00	7.1	북북서	332	16.45	30.44	0.32	4.7	0.53	3.0	3.8	남서	227	14.2	1026.0	-	82	
2020-11-13 05:40:00	8.3	북북서	336	16.45	30.44	0.31	4.9	0.43	5.5	4.0	서남서	247	13.5	1026.0	-	80	
2020-11-13 05:45:00	6.8	북	350	16.45	30.44	0.27	4.5	0.39	3.5	3.9	서남서	247	13.2	1026.0	-	77	
2020-11-13 05:50:00	6.3	북북서	340	16.45	30.42	0.28	4.9	0.42	5.0	3.9	서남서	250	13.3	1026.1	-	74	
2020-11-13 05:55:00	5.4	북서	314	16.46	30.44	0.28	3.8	0.43	5.5	5.7	서북서	297	14.9	1026.1	-	28	
2020-11-13 06:00:00	5.4	북북서	335	16.46	30.43	0.28	4.6	0.50	6.5	6.4	북서	304	15.4	1026.2	-	323	
2020-11-13 06:05:00	7.4	북서	319	16.46	30.45	0.25	3.8	0.35	4.5	6.3	북서	304	15.4	1026.2	-	322	
2020-11-13 06:10:00	4.4	북북서	341	16.47	30.43	0.30	5.2	0.43	3.5	6.0	서북서	284	14.7	1026.2	-	68	
2020-11-13 06:15:00	6.9	북	352	16.46	30.44	0.26	5.1	0.34	2.5	5.6	서북서	285	14.2	1026.3	-	94	
2020-11-13 06:20:00	5.6	북서	313	16.46	30.45	0.28	5.1	0.39	3.5	6.0	서북서	289	14.1	1026.2	-	48	
2020-11-13 06:25:00	2.8	북북서	345	16.48	30.43	0.26	5.7	0.33	3.0	7.4	서북서	290	14.5	1026.1	-	49	
2020-11-13 06:30:00	4.5	북북서	328	16.47	30.44	0.31	5.1	0.51	5.5	7.5	서북서	287	14.5	1026.1	-	49	
2020-11-13 06:35:00	4.1	북북서	338	16.46	30.43	0.28	4.7	0.46	6.5	7.8	서북서	290	14.8	1026.1	-	68	
2020-11-13 06:40:00	7.2	북북서	329	16.46	30.39	0.29	4.0	0.40	3.0	9.2	서북서	291	15.0	1026.1	-	326	
2020-11-13 06:45:00	4.6	북북동	12	16.44	30.42	0.27	4.5	0.42	6.5	8.0	북서	305	15.0	1026.2	-	30	
2020-11-13 06:50:00	5.2	북서	310	16.43	30.42	0.33	4.0	0.46	3.0	6.3	서	270	14.6	1026.3	-	343	
2020-11-13 06:55:00	7.3	북북서	335	16.42	30.42	0.35	4.1	0.54	3.5	5.6	서	269	14.0	1026.4	-	340	
2020-11-13 07:00:00	7.2	북북서	341	16.41	30.42	0.35	3.8	0.46	6.5	6.0	서	267	14.6	1026.4	-	339	
2020-11-13 07:05:00	3.9	북	355	16.39	30.43	0.34	4.5	0.43	6.5	5.4	서남서	256	14.5	1026.5	-	172	
2020-11-13 07:10:00	6.5	북	351	16.38	30.42	0.35	3.7	0.59	4.0	4.3	서남서	255	14.2	1026.6	-	153	
2020-11-13 07:15:00	8.7	북북서	342	16.37	30.44	0.37	4.2	0.65	4.5	5.0	남서	236	14.1	1026.5	-	207	
2020-11-13 07:20:00	6.2	북서	323	16.36	30.44	0.38	4.0	0.55	3.0	4.4	남서	227	13.0	1026.5	-	134	
2020-11-13 07:25:00	8.6	북서	326	16.37	30.44	0.38	4.9	0.56	6.5	5.0	서남서	247	12.7	1026.5	-	51	
2020-11-13 07:30:00	6.7	북북서	332	16.38	30.45	0.36	4.7	0.58	4.0	5.1	서남서	247	12.9	1026.6	-	336	
2020-11-13 07:35:00	7.2	북서	311	16.38	30.45	0.38	4.7	0.47	5.0	4.9	서남서	246	13.1	1026.6	-	81	
2020-11-13 07:40:00	8.1	북북서	328	16.39	30.44	0.42	5.1	0.56	6.0	4.9	서남서	239	13.6	1026.7	-	5	
2020-11-13 07:45:00	4.2	북북서	327	16.37	30.44	0.39	5.0	0.56	6.0	4.5	남서	233	13.5	1026.8	-	180	
2020-11-13 07:50:00	7.0	북서	317	16.37	30.46	0.46	5.1	0.65	6.0	4.9	남서	234	13.2	1026.8	-	10	
2020-11-13 07:55:00	7.6	북북서	333	16.37	30.44	0.47	4.9	0.74	7.0	4.9	서남서	247	13.3	1026.8	-	0	
2020-11-13 08:00:00	5.6	북서	307	16.38	30.45	0.45	5.6	0.63	5.5	5.2	서남서	243	13.6	1026.9	-	8	
2020-11-13 08:05:00	7.4	북서	317	16.38	30.45	0.45	5.3	0.63	4.5	5.3	서남서	240	13.6	1026.9	-	6	
2020-11-13 08:10:00	5.7	북서	325	16.39	30.44	0.47	5.4	0.82	5.0	4.5	서남서	239	13.8	1027.0	-	1	
2020-11-13 08:15:00	6.7	북서	321	16.38	30.45	0.49	5.5	0.71	5.0	4.1	서남서	239	13.8	1027.1	-	353	
2020-11-13 08:20:00	7.6	북서	306	16.39	30.46	0.57	5.6	0.77	5.5	4.0	남서	236	13.9	1027.1	-	1	
2020-11-13 08:25:00	7.3	북서	314	16.39	30.45	0.49	4.7	0.75	5.0	4.4	남서	227	14.0	1027.0	-	10	
2020-11-13 08:30:00	8.0	북서	307	16.37	30.45	0.62	5.5	0.87	5.5	3.5	남서	230	14.2	1027.1	-	4	
2020-11-13 08:35:00	9.9	서북서	302	16.38	30.43	0.58	5.4	0.79	5.5	3.3	남서	229	14.3	1027.2	-	352	
2020-11-13 08:40:00	5.4	서북서	295	16.38	30.44	0.58	5.3	0.80	6.0	3.8	남서	226	14.5	1027.1	-	16	
2020-11-13 08:45:00	4.3	서북서	303	16.37	30.44	0.59	5.3	0.74	6.0	4.3	남서	219	14.6	1027.0	-	3	
2020-11-13 08:50:00	6.8	서북서	301	16.37	30.44	0.65	5.2	1.01	5.0	3.3	남남서	203	14.7	1027.2	-	359	
2020-11-13 08:55:00	9.3	북서	311	16.36	30.43	0.53	4.7	0.80	5.5	2.5	남남서	192	15.2	1027.3	-	13	
2020-11-13 09:00:00	8.6	북서	315	16.37	30.44	0.59	5.4	0.74	5.0	2.7	남남서	203	15.2	1027.3	-	6	
2020-11-13 09:05:00	8.8	서북서	300	16.39	30.43	0.61	5.4	0.98	5.0	2.3	남남서	202	15.4	1027.4	-	15	
2020-11-13 09:10:00	7.2	서북서	294	16.39	30.44	0.56	5.0	0.88	5.0	2.7	남남서	206	15.4	1027.4	-	356	
2020-11-13 09:15:00	6.2	서북서	300	16.39	30.40	0.60	5.4	0.87	5.5	3.3	남서	217	15.4	1027.2	-	1	
2020-11-13 09:20:00	6.2	북서	314	16.39	30.40	0.65	5.3	0.93	5.5	3.1	남서	219	15.5	1027.2	-	346	
2020-11-13 09:25:00	8.3	북서	315	16.38	30.43	0.62	5.5	0.95	5.0	3.0	남서	219	15.6	1027.3	-	13	
2020-11-13 09:30:00	8.8	북서	324	16.39	30.43	0.54	5.1	0.77	4.0	3.3	남서	226	15.8	1027.1	-	345	
2020-11-13 09:35:00	7.8	북서	308	16.39	30.43	0.56	5.1	0.84	5.5	3.1	서남서	241	15.9	1027.1	-	14	
2020-11-13 09:40:00	8.4	북서	307	16.39	30.43	0.62	5.4	0.96	4.5	2.7	서남서	237	16.1	1027.1	-	8	
2020-11-13 09:45:00	8.9	북서	324	16.39	30.42	0.50	5.0	0.80	5.5	2.7	남서	236	16.4	1027.1	-	4	
2020-11-13 09:50:00	5.8	북서	319	16.39	30.44	0.51	5.0	0.71	5.5	2.6	서남서	239	16.5	1027.1	-	358	
2020-11-13 09:55:00	6.9	북북서	329	16.39	30.43	0.51	5.1	0.59	5.0	1.8	서남서	245	16.6	1027.1	-	337	
2020-11-13 10:00:00	8.8	북서	306	16.39	30.42	0.60	5.4	0.73	5.0	2.1	서	262	16.7	1027.1	-	352	
2020-11-13 10:05:00	6.7	서북서	289	16.39	30.42	0.54	5.3	0.73	5.5	3.4	서	264	16.8	1027.0	-	342	
2020-11-13 10:10:00	7.5	북서	320	16.39	30.43	0.50	5.1	0.64	4.5	4.6	서북서	289	17.0	1027.0	-	347	
2020-11-13 10:15:00	8.5	북북서	327	16.40	30.43	0.64	5.4	0.98	5.0	2.9	서	262	16.9	1027.0	-	8	
2020-11-13 10:20:00	6.8	북서	309	16.40	30.43	0.52	5.5	0.70	6.0	3.5	서	278	17.0	1027.1	-	2	
2020-11-13 10:25:00	5.9	북서	306	16.40	30.42	0.54	5.1	0.84	5.0	5.0	서북서	291	17.2	1027.0	-	355	
2020-11-13 10:30:00	5.8	북서	308	16.40	30.44	0.53	4.9	0.77	5.0	4.6	서	281	17.2	1027.0	-	345	
2020-11-13 10:35:00	8.2	북서	319	16.40	30.43	0.61	5.2	0.81	5.0	3.9	서	270	17.3	1026.9	-	3	
2020-11-13 10:40:00	7.2	북서	317	16.40	30.43	0.63	5.0	1.05	5.0	3.1	서	270	17.3	1026.9	-	339	
2020-11-13 10:45:00	6.6	북서	319	16.40	30.44	0.51	5.1	0.78	5.0	2.8	서북서	287	17.4	1026.9	-	349	
2020-11-13 10:50:00	10.7	북서	325	16.40	30.40	0.57	4.9	0.86	5.5	2.9	서북서	297	17.4	1026.8	-	14	
2020-11-13 10:55:00	3.5	북서	320	16.41	30.43	0.49	5.0	0.62	6.0	2.3	서북서	303	17.5	1026.8	-	0	
2020-11-13 11:00:00	7.8	북서	307	16.41	30.43	0.50	5.0	0.71	5.5	3.0	북서	321	17.4	1026.8	-	23	
2020-11-13 11:05:00	10.9	북서	312	16.42	30.43	0.48	5.3	0.75	5.0	2.7	북서	319	17.5	1026.8	-	2	
2020-11-13 11:10:00	7.3	북서	322	16.43	30.42	0.53	5.0	0.73	5.0	2.6	북서	319	17.5	1026.7	-	356	
2020-11-13 11:15:00	9.0	북북서	330	16.43	30.42	0.50	5.1	0.71	5.0	2.2	북서	322	17.6	1026.7	-	352	
2020-11-13 11:20:00	9.9	북북서	330	16.44	30.42	0.59	4.9	0.87	5.5	2.0	북북서	335	17.6	1026.7	-	359	
2020-11-13 11:25:00	10.5	북서	320	16.45	30.44	0.57	5.4	0.75	5.0	2.2	북	352	17.7	1026.7	-	4	
2020-11-13 11:30:00	8.4	북서	323	16.46	30.41	0.51	5.0	0.67	5.5	3.6	북	3	17.6	1026.7	-	356	
2020-11-13 11:35:00	7.2	북서	325	16.47	30.43	0.50	5.1	0.76	5.0	4.1	북북동	19	17.2	1026.7	-	12	
2020-11-13 11:40:00	6.9	북서	315	16.48	30.44	0.47	4.7	0.63	5.5	4.5	북북동	27	17.2	1026.6	-	10	
2020-11-13 11:45:00	8.9	북서	316	16.49	30.43	0.55	5.1	0.86	4.5	3.9	북북동	27	17.2	1026.6	-	10	
2020-11-13 11:50:00	8.8	북북서	330	16.49	30.41	0.54	4.8	0.79	5.0	4.0	북동	36	17.2	1026.6	-	215	
2020-11-13 11:55:00	9.5	북서	318	16.50	30.42	0.56	4.8	0.72	5.5	4.5	북동	42	17.2	1026.6	-	346	
2020-11-13 12:00:00	9.7	북서	312	16.50	30.43	0.59	5.0	0.80	4.5	4.9	북동	45	17.2	1026.5	-	340	
2020-11-13 12:05:00	9.7	서북서	302	16.51	30.43	0.53	5.0	0.69	5.0	5.3	북동	46	17.2	1026.5	-	21	
2020-11-13 12:10:00	9.7	서북서	303	16.52	30.43	0.53	4.7	0.80	5.0	4.8	북동	44	17.2	1026.5	-	10	
2020-11-13 12:15:00	9.7	북서	315	16.51	30.42	0.54	5.1	0.87	4.5	4.7	북동	42	17.2	1026.4	-	336	
2020-11-13 12:20:00	10.7	북서	313	16.50	30.42	0.49	4.9	0.66	5.0	4.5	북동	50	17.2	1026.4	-	353	
2020-11-13 12:25:00	10.3	북서	315	16.50	30.42	0.46	4.8	0.74	5.0	4.7	북동	54	17.2	1026.4	-	330	
2020-11-13 12:30:00	9.8	서북서	294	16.51	30.44	0.54	4.8	0.84	4.5	4.7	북동	49	17.2	1026.3	-	6	
2020-11-13 12:35:00	9.4	서북서	302	16.53	30.43	0.51	4.9	0.77	5.0	4.9	북동	54	17.1	1026.3	-	14	
2020-11-13 12:40:00	10.2	서북서	302	16.54	30.44	0.44	4.6	0.59	4.5	5.3	북동	52	17.1	1026.3	-	59	
2020-11-13 12:45:00	10.0	서북서	300	16.58	30.44	0.50	4.9	0.62	5.0	5.2	북동	48	17.1	1026.3	-	312	
2020-11-13 12:50:00	11.1	서북서	295	16.61	30.46	0.42	4.5	0.57	3.5	4.6	북동	47	17.1	1026.2	-	357	
2020-11-13 12:55:00	11.9	북서	312	16.63	30.43	0.39	4.7	0.57	4.5	4.3	북동	50	17.1	1026.3	-	352	
2020-11-13 13:00:00	12.0	북서	306	16.67	30.43	0.58	4.9	0.90	5.0	4.3	북동	53	17.1	1026.3	-	335	
2020-11-13 13:05:00	13.9	북서	305	16.70	30.44	0.49	4.6	0.72	4.5	4.5	북동	51	17.1	1026.2	-	359	
2020-11-13 13:10:00	15.2	북서	312	16.72	30.46	0.52	4.7	0.75	4.5	4.5	북동	50	17.1	1026.2	-	349	
2020-11-13 13:15:00	13.3	북서	308	16.75	30.44	0.48	4.7	0.63	4.5	4.4	북동	47	17.1	1026.2	-	1	
2020-11-13 13:20:00	12.1	북서	305	16.76	30.45	0.51	4.9	0.77	5.5	4.8	북동	45	17.1	1026.2	-	4	
2020-11-13 13:25:00	12.5	북서	307	16.77	30.47	0.56	4.6	0.84	4.5	4.8	북동	45	17.1	1026.2	-	10	
2020-11-13 13:30:00	12.6	북서	307	16.78	30.45	0.53	4.7	0.78	4.5	4.1	북동	34	17.1	1026.2	-	359	
2020-11-13 13:35:00	13.6	북서	307	16.80	30.45	0.45	4.7	0.61	4.0	4.4	북동	36	17.1	1026.2	-	18	
2020-11-13 13:40:00	12.2	서북서	303	16.80	30.46	0.45	4.6	0.63	4.5	5.2	북동	44	17.1	1026.2	-	1	
2020-11-13 13:45:00	12.7	서북서	303	16.81	30.45	0.49	4.6	0.72	5.0	4.7	북동	37	17.0	1026.1	-	2	
2020-11-13 13:50:00	13.2	서북서	303	16.81	30.46	0.56	5.0	0.77	5.0	5.0	북동	38	17.0	1026.2	-	358	
2020-11-13 13:55:00	14.0	북서	306	16.81	30.45	0.56	4.6	0.88	4.0	5.1	북북동	33	16.9	1026.2	-	11	
2020-11-13 14:00:00	13.4	북서	306	16.80	30.47	0.46	4.3	0.75	4.5	5.4	북동	37	16.9	1026.2	-	323	
2020-11-13 14:05:00	11.4	북서	307	16.80	30.46	0.50	4.6	0.71	4.0	5.3	북북동	33	16.8	1026.1	-	351	
2020-11-13 14:10:00	12.5	북서	311	16.79	30.46	0.45	4.2	0.66	5.0	5.4	북북동	33	16.8	1026.2	-	317	
2020-11-13 14:15:00	9.4	서북서	304	16.80	30.47	0.51	4.4	0.77	5.5	5.4	북북동	33	16.8	1026.2	-	11	
2020-11-13 14:20:00	11.3	서북서	293	16.80	30.46	0.51	4.6	0.68	4.5	5.1	북동	35	16.7	1026.1	-	352	
2020-11-13 14:25:00	11.0	서북서	302	16.79	30.45	0.48	4.2	0.63	4.5	5.2	북동	41	16.6	1026.1	-	203	
2020-11-13 14:30:00	11.3	서북서	304	16.79	30.46	0.48	4.4	0.84	4.5	5.4	북동	36	16.6	1026.0	-	354	
2020-11-13 14:35:00	13.7	서북서	303	16.78	30.47	0.48	4.4	0.55	5.0	5.5	북북동	28	16.6	1026.1	-	8	
2020-11-13 14:40:00	12.4	서북서	289	16.78	30.47	0.54	4.3	0.71	3.5	4.8	북북동	23	16.6	1026.2	-	4	
2020-11-13 14:45:00	11.8	서북서	297	16.79	30.44	0.54	4.3	0.82	3.5	4.5	북북동	32	16.5	1026.2	-	267	
2020-11-13 14:50:00	10.0	서북서	295	16.78	30.45	0.42	4.0	0.64	5.5	4.4	북동	34	16.5	1026.3	-	16	
2020-11-13 14:55:00	13.9	북서	307	16.77	30.46	0.49	4.1	0.74	3.5	4.4	북동	36	16.4	1026.4	-	105	
2020-11-13 15:00:00	11.3	서북서	300	16.77	30.45	0.51	3.7	0.69	3.0	4.1	북동	35	16.4	1026.4	-	20	
2020-11-13 15:05:00	11.7	서북서	301	16.76	30.44	0.57	4.3	0.76	4.5	4.4	북동	36	16.4	1026.5	-	174	
2020-11-13 15:10:00	12.6	서북서	296	16.78	30.45	0.46	3.6	0.61	3.5	4.3	북동	40	16.3	1026.6	-	354	
2020-11-13 15:15:00	11.1	서북서	288	16.78	30.45	0.52	3.9	0.72	3.5	4.1	북북동	18	16.4	1026.6	-	6	
2020-11-13 15:20:00	10.5	서북서	297	16.77	30.47	0.48	3.9	0.62	3.0	4.7	북북동	25	16.2	1026.7	-	139	
2020-11-13 15:25:00	12.7	서북서	295	16.78	30.46	0.48	4.0	0.79	5.0	4.9	북북동	20	16.2	1026.8	-	356	
2020-11-13 15:30:00	9.5	서북서	296	16.79	30.46	0.43	4.1	0.68	3.0	4.5	북북동	17	16.1	1026.9	-	342	
2020-11-13 15:35:00	9.7	서북서	291	16.79	30.47	0.48	4.2	0.70	3.0	4.3	북	6	16.1	1026.9	-	357	
2020-11-13 15:40:00	11.0	서북서	297	16.79	30.47	0.52	4.3	0.73	5.0	4.4	북북동	21	16.1	1027.0	-	358	
2020-11-13 15:45:00	10.1	서북서	289	16.79	30.46	0.55	4.5	0.92	3.5	4.4	북북동	25	16.0	1027.0	-	356	
2020-11-13 15:50:00	11.1	서북서	288	16.78	30.45	0.42	4.2	0.53	5.5	4.2	북	3	16.0	1027.0	-	351	
2020-11-13 15:55:00	9.5	서북서	286	16.79	30.45	0.49	3.6	0.64	5.0	3.7	북북동	13	16.1	1027.1	-	5	
2020-11-13 16:00:00	8.3	서북서	283	16.78	30.44	0.55	4.4	0.83	5.0	4.0	북	0	16.0	1027.0	-	349	
2020-11-13 16:05:00	10.0	서북서	288	16.77	30.45	0.52	4.0	0.86	3.5	3.5	북	5	16.1	1027.1	-	357	
2020-11-13 16:10:00	10.0	서북서	294	16.77	30.45	0.55	4.3	0.67	4.5	3.8	북	357	16.0	1027.1	-	349	
2020-11-13 16:15:00	10.2	서북서	296	16.76	30.45	0.48	4.5	0.72	4.0	3.8	북	7	16.1	1027.2	-	31	
2020-11-13 16:20:00	9.9	서북서	299	16.76	30.46	0.53	4.0	0.88	5.0	3.6	북	353	16.1	1027.2	-	13	
2020-11-13 16:25:00	9.9	서북서	298	16.76	30.45	0.48	4.0	0.79	4.0	3.5	북	1	16.1	1027.2	-	344	
2020-11-13 16:30:00	8.6	서북서	290	16.76	30.43	0.52	4.2	0.70	4.0	3.6	북	354	16.0	1027.2	-	5	
2020-11-13 16:35:00	10.5	서북서	290	16.75	30.45	0.46	4.0	0.74	4.0	3.3	북	352	15.9	1027.2	-	22	
2020-11-13 16:40:00	12.8	서북서	300	16.75	30.49	0.57	4.6	0.73	6.0	3.5	북	357	15.9	1027.3	-	8	
2020-11-13 16:45:00	13.6	서북서	303	16.85	30.50	0.54	4.4	0.81	5.0	3.6	북	351	15.8	1027.3	-	356	
2020-11-13 16:50:00	13.3	서북서	301	16.91	30.52	0.59	4.9	0.67	5.5	4.0	북	356	15.7	1027.3	-	354	
2020-11-13 16:55:00	16.6	서북서	296	17.07	30.55	0.53	4.5	0.69	4.0	3.9	북	357	15.7	1027.3	-	325	
2020-11-13 17:00:00	20.5	북서	314	17.20	30.61	0.63	4.6	0.76	4.0	3.3	북	357	15.6	1027.3	-	32	
2020-11-13 17:05:00	20.8	북서	305	17.25	30.52	0.65	4.7	1.04	4.5	3.4	북	358	15.7	1027.2	-	3	
2020-11-13 17:10:00	18.9	서북서	299	17.23	30.49	0.64	4.3	1.01	4.5	3.5	북	3	15.6	1027.3	-	330	
2020-11-13 17:15:00	19.0	북서	315	17.21	30.50	0.64	4.4	1.08	4.0	2.9	북	6	15.6	1027.3	-	346	
2020-11-13 17:20:00	21.3	북서	312	17.18	30.48	0.58	4.0	0.76	5.5	3.3	북	353	15.5	1027.3	-	22	
2020-11-13 17:25:00	19.8	북서	312	17.16	30.49	0.76	4.2	1.23	4.0	3.3	북	349	15.5	1027.4	-	98	
2020-11-13 17:30:00	21.0	북서	310	17.16	30.46	0.72	4.7	0.98	4.5	3.3	북	4	15.5	1027.5	-	4	
2020-11-13 17:35:00	18.3	서북서	301	17.11	30.46	0.56	4.2	0.89	4.0	3.3	북	357	15.6	1027.5	-	21	
2020-11-13 17:40:00	21.4	서북서	302	17.12	30.47	0.56	4.4	0.71	5.0	3.7	북	353	15.5	1027.6	-	272	
2020-11-13 17:45:00	22.4	서북서	302	17.17	30.47	0.75	4.6	1.16	5.0	3.2	북	5	15.5	1027.7	-	357	
2020-11-13 17:50:00	20.4	서북서	304	17.16	30.51	0.59	4.4	0.83	4.5	3.4	북	10	15.5	1027.7	-	354	
2020-11-13 17:55:00	20.6	서북서	299	17.14	30.46	0.63	3.9	0.90	4.0	2.9	북	1	15.5	1027.7	-	348	
2020-11-13 18:00:00	22.1	북서	308	17.11	30.51	0.62	4.6	0.82	4.0	2.8	북북동	12	15.5	1027.7	-	0	
2020-11-13 18:05:00	20.8	북서	309	17.11	30.48	0.62	4.4	0.88	4.5	2.5	북북동	25	15.4	1027.7	-	4	
2020-11-13 18:10:00	20.3	북서	306	17.08	30.47	0.53	4.3	0.86	3.5	2.8	북	359	15.4	1027.8	-	0	
2020-11-13 18:15:00	19.5	북서	311	17.07	30.46	0.60	4.2	0.84	4.0	2.4	북	355	15.3	1027.8	-	4	
2020-11-13 18:20:00	19.1	북서	311	17.06	30.45	0.59	4.6	0.79	4.5	1.9	북	5	15.4	1027.9	-	343	
2020-11-13 18:25:00	18.1	서북서	303	17.02	30.48	0.60	4.2	0.77	4.5	2.5	북	2	15.3	1028.0	-	349	
2020-11-13 18:30:00	18.8	서북서	303	17.05	30.45	0.49	4.5	0.68	4.5	1.8	북북서	344	15.3	1028.0	-	350	
2020-11-13 18:35:00	20.8	북서	310	17.05	30.50	0.60	4.5	1.08	4.5	2.4	서	261	14.6	1028.1	-	357	
2020-11-13 18:40:00	20.2	서북서	298	17.07	30.46	0.59	4.7	1.10	4.5	2.5	서남서	254	14.0	1028.2	-	76	
2020-11-13 18:45:00	21.9	북서	306	17.03	30.49	0.60	4.4	0.84	4.5	2.6	서	263	13.8	1028.2	-	342	
2020-11-13 18:50:00	18.3	북서	307	17.02	30.45	0.61	4.2	0.80	5.5	2.3	서	265	13.7	1028.3	-	357	
2020-11-13 18:55:00	19.1	북서	306	16.99	30.47	0.58	4.7	0.77	5.0	2.0	서남서	253	13.6	1028.4	-	337	
2020-11-13 19:00:00	18.1	서북서	303	16.98	30.48	0.59	4.6	0.91	4.0	2.1	서남서	246	13.5	1028.5	-	6	
2020-11-13 19:05:00	18.9	북서	311	16.96	30.45	0.65	4.7	0.89	5.0	2.3	서남서	257	13.4	1028.5	-	337	
2020-11-13 19:10:00	17.3	북서	313	16.93	30.45	0.56	4.3	0.71	4.5	2.1	서남서	242	13.4	1028.6	-	346	
2020-11-13 19:15:00	17.7	북서	318	16.94	30.44	0.55	4.5	0.83	4.5	2.3	서남서	249	13.4	1028.7	-	357	
2020-11-13 19:20:00	14.0	서북서	297	16.92	30.43	0.53	4.5	0.78	4.5	2.2	서	259	13.4	1028.7	-	32	
2020-11-13 19:25:00	16.1	북서	310	16.93	30.48	0.54	4.3	0.85	4.5	2.5	서남서	250	13.5	1028.7	-	345	
2020-11-13 19:30:00	13.0	북서	314	16.94	30.45	0.61	4.8	0.76	5.0	2.7	서남서	242	13.4	1028.8	-	326	
2020-11-13 19:35:00	11.1	서북서	303	16.92	30.40	0.57	4.4	0.80	4.5	3.3	남서	228	13.3	1028.8	-	291	
2020-11-13 19:40:00	15.1	북서	315	16.95	30.50	0.63	4.6	0.99	5.0	2.9	남서	223	12.9	1028.8	-	4	
2020-11-13 19:45:00	13.5	북서	321	16.96	30.48	0.63	4.8	1.11	4.0	2.4	남서	232	12.9	1028.9	-	351	
2020-11-13 19:50:00	12.5	서북서	303	16.93	30.44	0.63	4.8	0.86	4.0	2.3	남서	223	12.6	1029.0	-	352	
2020-11-13 19:55:00	14.6	북서	318	16.93	30.49	0.61	4.8	0.97	4.5	2.3	남서	230	12.5	1029.1	-	352	
2020-11-13 20:00:00	10.6	북서	305	16.94	30.44	0.64	4.8	1.03	5.0	2.0	서남서	239	12.5	1029.1	-	208	
2020-11-13 20:05:00	13.5	북서	316	16.94	30.48	0.50	4.5	0.69	5.0	1.7	서남서	252	12.6	1029.1	-	340	
2020-11-13 20:10:00	11.0	북서	316	16.92	30.48	0.63	4.5	0.96	4.5	2.2	서남서	238	12.8	1029.1	-	343	
2020-11-13 20:15:00	14.9	북서	313	16.93	30.49	0.45	4.8	0.54	5.5	2.5	남서	230	12.7	1029.1	-	358	
2020-11-13 20:20:00	13.0	북서	315	16.96	30.48	0.49	4.7	0.63	5.5	2.0	남서	226	12.6	1029.2	-	3	
2020-11-13 20:25:00	13.2	북서	312	16.98	30.50	0.66	4.8	0.76	4.5	2.4	남서	231	12.6	1029.2	-	21	
2020-11-13 20:30:00	13.0	북서	306	16.99	30.48	0.63	4.8	0.88	5.0	2.7	남서	231	12.3	1029.2	-	2	
2020-11-13 20:35:00	15.2	서북서	302	17.00	30.49	0.59	4.6	0.78	5.0	2.5	남서	231	12.2	1029.3	-	317	
2020-11-13 20:40:00	16.3	북서	314	17.01	30.48	0.53	4.6	0.72	4.5	2.3	남서	228	12.2	1029.3	-	0	
2020-11-13 20:45:00	15.3	서북서	303	17.03	30.49	0.61	4.5	0.72	4.0	2.5	남서	232	12.2	1029.2	-	4	
2020-11-13 20:50:00	16.3	서북서	300	17.04	30.46	0.51	4.4	0.69	4.5	2.9	남서	230	12.2	1029.2	-	329	
2020-11-13 20:55:00	17.0	서북서	294	17.04	30.50	0.56	4.6	0.78	4.5	3.1	남서	221	12.2	1029.2	-	16	
2020-11-13 21:00:00	18.9	북서	305	17.05	30.48	0.67	5.0	0.85	5.0	3.3	남서	222	12.0	1029.2	-	358	
2020-11-13 21:05:00	19.3	북서	310	17.08	30.49	0.56	4.7	0.74	4.5	2.9	남서	230	11.7	1029.2	-	338	
2020-11-13 21:10:00	18.5	북서	308	17.08	30.51	0.51	4.5	0.76	5.0	2.5	남서	229	11.6	1029.3	-	23	
2020-11-13 21:15:00	19.7	서북서	302	17.10	30.49	0.54	4.7	0.91	3.5	2.3	남서	230	11.7	1029.3	-	357	
2020-11-13 21:20:00	20.6	북서	308	17.11	30.49	0.57	4.9	0.90	4.5	2.2	남서	226	11.9	1029.4	-	341	
2020-11-13 21:25:00	21.4	북서	313	17.12	30.48	0.58	4.6	0.76	5.0	2.4	남서	218	11.8	1029.4	-	314	
2020-11-13 21:30:00	21.7	북서	307	17.12	30.49	0.44	4.8	0.61	4.0	2.5	남서	219	11.8	1029.5	-	327	
2020-11-13 21:35:00	22.9	북서	305	17.11	30.46	0.54	4.5	0.80	5.0	2.6	남서	227	11.6	1029.5	-	6	
2020-11-13 21:40:00	19.7	서북서	299	17.11	30.48	0.58	4.6	0.76	4.0	2.9	남서	222	11.5	1029.4	-	357	
2020-11-13 21:45:00	17.1	북서	308	17.10	30.45	0.51	4.6	0.69	4.5	2.7	남서	224	11.6	1029.5	-	37	
2020-11-13 21:50:00	15.9	북서	315	17.07	30.46	0.55	4.5	0.74	4.5	3.2	남서	220	11.6	1029.5	-	285	
2020-11-13 21:55:00	15.2	북서	308	17.05	30.46	0.49	4.6	0.60	4.5	3.5	남서	218	11.5	1029.5	-	25	
2020-11-13 22:00:00	16.7	북서	314	17.04	30.46	0.55	5.0	0.91	5.0	3.3	남서	216	11.4	1029.5	-	338	
2020-11-13 22:05:00	18.5	북서	309	17.04	30.49	0.44	4.3	0.56	4.5	3.4	남서	219	11.6	1029.5	-	336	
2020-11-13 22:10:00	17.3	북서	304	17.04	30.46	0.56	4.8	0.72	5.5	3.1	서남서	237	11.7	1029.6	-	357	
2020-11-13 22:15:00	17.2	북서	311	17.03	30.47	0.41	4.7	0.61	4.0	3.6	서남서	245	11.7	1029.5	-	358	
2020-11-13 22:20:00	20.2	북서	308	17.02	30.48	0.48	4.8	0.57	5.0	3.9	서남서	237	11.7	1029.5	-	307	
2020-11-13 22:25:00	16.2	북서	305	17.01	30.46	0.45	4.9	0.56	5.0	3.9	서남서	243	11.8	1029.5	-	326	
2020-11-13 22:30:00	14.4	북서	307	17.00	30.47	0.43	4.6	0.79	5.0	4.1	서남서	241	11.6	1029.5	-	340	
2020-11-13 22:35:00	15.8	북서	307	16.98	30.46	0.49	4.9	0.60	4.5	3.7	서남서	241	11.7	1029.5	-	353	
2020-11-13 22:40:00	14.0	북서	307	16.96	30.46	0.50	4.7	0.69	4.5	3.6	서남서	239	11.7	1029.5	-	326	
2020-11-13 22:45:00	13.8	서북서	303	16.95	30.45	0.50	4.6	0.80	4.5	3.4	남서	233	12.0	1029.5	-	326	
2020-11-13 22:50:00	15.6	북서	310	16.94	30.48	0.41	4.6	0.67	4.0	3.5	남서	222	11.9	1029.5	-	230	
2020-11-13 22:55:00	14.6	북서	306	16.93	30.46	0.46	4.8	0.53	4.5	3.1	남서	220	11.6	1029.5	-	134	
2020-11-13 23:00:00	15.8	서북서	297	16.91	30.46	0.47	4.8	0.65	4.5	3.1	남서	218	11.6	1029.5	-	341	
2020-11-13 23:05:00	12.0	서북서	302	16.91	30.47	0.47	4.8	0.76	4.0	3.0	남서	221	11.9	1029.5	-	345	
2020-11-13 23:10:00	14.1	서북서	299	16.89	30.47	0.52	5.1	0.72	5.0	3.3	남서	218	12.0	1029.5	-	344	
2020-11-13 23:15:00	12.8	서북서	295	16.87	30.43	0.44	5.1	0.60	5.0	3.2	남서	220	11.9	1029.5	-	335	
2020-11-13 23:20:00	14.7	서북서	292	16.86	30.46	0.47	4.9	0.79	4.5	3.4	남서	236	11.9	1029.5	-	356	
2020-11-13 23:25:00	12.8	북서	305	16.84	30.45	0.48	4.7	0.60	4.5	3.8	서남서	237	11.8	1029.5	-	356	
2020-11-13 23:30:00	12.6	서북서	299	16.83	30.46	0.41	4.8	0.56	5.0	3.7	서남서	240	11.8	1029.4	-	345	
2020-11-13 23:35:00	12.4	서북서	300	16.82	30.47	0.46	4.7	0.79	4.0	3.9	서남서	240	11.7	1029.4	-	52	
2020-11-13 23:40:00	11.2	북서	310	16.79	30.44	0.45	4.8	0.64	5.0	4.1	서남서	238	11.6	1029.4	-	30	
2020-11-13 23:45:00	9.7	서북서	292	16.77	30.47	0.43	4.8	0.72	5.5	4.0	서남서	241	11.5	1029.3	-	285	
2020-11-13 23:50:00	9.2	서북서	287	16.77	30.48	0.39	4.8	0.66	4.0	3.7	남서	229	11.6	1029.4	-	328	
2020-11-13 23:55:00	8.3	서북서	292	16.75	30.46	0.42	4.6	0.66	4.5	3.5	남서	229	11.3	1029.3	-	331	
2020-11-14 00:00:00	10.2	서북서	301	16.74	30.46	0.38	4.6	0.57	4.0	3.6	남서	227	11.2	1029.2	-	324	
2020-11-14 00:05:00	9.6	서북서	290	16.73	30.46	0.36	5.4	0.49	6.5	3.7	남서	230	11.2	1029.3	-	2	
2020-11-14 00:10:00	9.5	서북서	287	16.72	30.46	0.38	4.9	0.56	4.5	3.7	남서	227	11.4	1029.3	-	333	
2020-11-14 00:15:00	6.2	서북서	287	16.70	30.45	0.40	4.6	0.56	4.5	3.6	남서	228	11.7	1029.3	-	353	
2020-11-14 00:20:00	8.3	서북서	283	16.71	30.47	0.44	5.0	0.72	4.5	3.9	남서	223	11.3	1029.4	-	346	
2020-11-14 00:25:00	7.3	서북서	286	16.70	30.49	0.37	4.7	0.59	4.0	3.7	남서	233	11.3	1029.4	-	128	
2020-11-14 00:30:00	6.3	서	270	16.71	30.47	0.39	5.0	0.51	6.5	3.9	서남서	243	11.5	1029.4	-	17	
2020-11-14 00:35:00	5.8	서	265	16.71	30.46	0.38	4.6	0.53	4.0	3.7	서남서	241	11.5	1029.4	-	208	
2020-11-14 00:40:00	8.5	서	264	16.70	30.47	0.42	5.1	0.60	4.0	3.9	서남서	244	11.7	1029.4	-	75	
2020-11-14 00:45:00	7.6	서	272	16.70	30.46	0.34	4.9	0.50	6.0	3.7	서남서	240	11.6	1029.5	-	341	
2020-11-14 00:50:00	6.5	서	269	16.69	30.47	0.36	5.1	0.53	5.5	3.9	서남서	247	11.6	1029.5	-	52	
2020-11-14 00:55:00	6.9	서남서	248	16.68	30.47	0.43	5.6	0.57	4.5	3.8	서남서	244	11.5	1029.5	-	202	
2020-11-14 01:00:00	6.8	서남서	251	16.69	30.49	0.33	4.7	0.50	3.5	3.6	서남서	245	11.5	1029.5	-	8	
2020-11-14 01:05:00	6.4	서	266	16.69	30.47	0.35	5.5	0.47	5.5	3.3	남서	231	11.6	1029.6	-	17	
2020-11-14 01:10:00	6.0	서남서	239	16.68	30.49	0.34	4.8	0.46	5.5	3.3	남서	221	11.4	1029.6	-	351	
2020-11-14 01:15:00	6.8	서남서	256	16.67	30.47	0.35	5.4	0.44	8.5	3.5	남서	220	11.2	1029.7	-	1	
2020-11-14 01:20:00	5.8	서남서	251	16.66	30.49	0.39	5.2	0.51	6.5	3.3	남서	218	11.1	1029.7	-	348	
2020-11-14 01:25:00	8.6	서남서	240	16.65	30.48	0.37	5.3	0.57	4.5	3.1	남서	220	11.1	1029.7	-	20	
2020-11-14 01:30:00	9.3	서남서	247	16.65	30.46	0.41	5.8	0.51	4.5	2.7	남서	229	11.2	1029.7	-	3	
2020-11-14 01:35:00	8.0	남서	233	16.65	30.47	0.42	5.2	0.60	4.5	2.0	남서	224	11.3	1029.7	-	337	
2020-11-14 01:40:00	6.7	서남서	248	16.65	30.47	0.39	5.8	0.65	5.0	1.8	남서	228	11.3	1029.7	-	15	
2020-11-14 01:45:00	8.5	서	261	16.64	30.47	0.40	6.1	0.53	5.0	1.7	서남서	238	11.2	1029.7	-	31	
2020-11-14 01:50:00	8.3	서남서	258	16.64	30.46	0.38	6.2	0.53	4.5	1.7	남서	231	11.3	1029.8	-	36	
2020-11-14 01:55:00	10.1	서남서	246	16.64	30.46	0.38	6.5	0.60	7.5	1.2	서남서	249	11.1	1029.8	-	32	
2020-11-14 02:00:00	10.6	서남서	258	16.62	30.45	0.40	6.2	0.59	7.0	1.3	서남서	249	11.0	1029.8	-	38	
2020-11-14 02:05:00	9.4	서남서	259	16.62	30.44	0.40	6.1	0.51	7.5	1.9	서남서	258	11.1	1029.8	-	43	
2020-11-14 02:10:00	11.5	서	263	16.60	30.45	0.42	6.8	0.59	8.0	2.0	서	264	11.1	1029.8	-	22	
2020-11-14 02:15:00	10.6	서남서	250	16.59	30.45	0.44	6.5	0.56	9.5	2.0	서	259	11.0	1029.8	-	42	
2020-11-14 02:20:00	10.5	서	266	16.57	30.46	0.51	9.0	0.63	8.5	1.8	서	259	10.9	1029.8	-	21	
2020-11-14 02:25:00	11.3	서	262	16.55	30.45	0.47	8.5	0.54	8.5	1.8	서남서	258	10.9	1029.8	-	24	
2020-11-14 02:30:00	12.4	서	259	16.53	30.45	0.43	6.5	0.53	6.5	1.6	서남서	249	11.1	1029.8	-	21	
2020-11-14 02:35:00	13.5	서	263	16.52	30.44	0.39	6.6	0.54	7.5	1.7	서남서	251	11.1	1029.8	-	21	
2020-11-14 02:40:00	8.1	서	281	16.47	30.44	0.44	7.5	0.66	5.0	1.6	서	266	11.1	1029.9	-	26	
2020-11-14 02:45:00	9.4	서	272	16.44	30.45	0.41	6.5	0.53	8.0	1.6	서남서	258	11.0	1029.9	-	31	
2020-11-14 02:50:00	10.2	서	276	16.42	30.45	0.41	7.3	0.48	8.5	2.2	서남서	254	11.0	1029.9	-	31	
2020-11-14 02:55:00	8.3	서	281	16.41	30.46	0.38	5.3	0.49	4.0	2.7	서남서	249	11.0	1029.9	-	11	
2020-11-14 03:00:00	7.8	서	276	16.40	30.45	0.54	7.2	0.68	5.5	2.4	서남서	238	10.9	1029.9	-	25	
2020-11-14 03:05:00	7.0	서	265	16.40	30.47	0.38	6.0	0.47	10.0	2.2	서남서	245	10.7	1029.9	-	67	
2020-11-14 03:10:00	7.1	북서	305	16.41	30.46	0.50	8.3	0.61	9.0	2.2	서남서	241	10.6	1029.8	-	32	
2020-11-14 03:15:00	5.6	서북서	292	16.41	30.47	0.44	8.3	0.54	9.5	2.6	서남서	247	10.6	1029.8	-	39	
2020-11-14 03:20:00	5.9	서북서	284	16.41	30.48	0.48	6.6	0.65	8.0	2.9	서남서	243	10.5	1029.7	-	29	
2020-11-14 03:25:00	6.7	서	265	16.42	30.48	0.39	6.4	0.52	9.0	2.5	서남서	239	10.5	1029.7	-	15	
2020-11-14 03:30:00	4.9	서북서	290	16.41	30.47	0.47	7.8	0.61	9.0	2.5	서남서	241	10.5	1029.6	-	34	
2020-11-14 03:35:00	2.7	서	281	16.41	30.47	0.39	7.3	0.51	6.0	3.0	서남서	243	10.4	1029.6	-	19	
2020-11-14 03:40:00	2.2	서	280	16.41	30.46	0.41	6.4	0.59	4.0	3.6	남서	235	10.5	1029.6	-	1	
2020-11-14 03:45:00	3.6	서북서	304	16.39	30.46	0.55	8.2	0.89	8.0	3.7	서남서	237	10.5	1029.6	-	28	
2020-11-14 03:50:00	6.3	서북서	296	16.38	30.46	0.37	6.5	0.44	8.0	3.4	남서	218	10.6	1029.6	-	20	
2020-11-14 03:55:00	5.9	서	278	16.37	30.45	0.48	6.7	0.73	7.5	3.6	남서	216	10.1	1029.6	-	25	
2020-11-14 04:00:00	5.8	서	279	16.35	30.47	0.51	7.9	0.67	8.0	3.3	남서	227	10.0	1029.6	-	33	
2020-11-14 04:05:00	4.9	서	275	16.34	30.48	0.49	7.1	0.70	8.0	2.5	남서	225	10.2	1029.6	-	27	
2020-11-14 04:10:00	4.5	서북서	284	16.33	30.47	0.42	6.0	0.51	5.5	2.1	서남서	242	10.3	1029.6	-	30	
2020-11-14 04:15:00	4.4	북서	307	16.33	30.46	0.45	7.3	0.61	6.5	2.2	서	261	10.4	1029.6	-	27	
2020-11-14 04:20:00	5.2	북서	310	16.32	30.46	0.49	7.2	0.57	4.5	2.9	서남서	258	10.4	1029.6	-	43	
2020-11-14 04:25:00	4.3	북서	305	16.32	30.47	0.42	6.2	0.62	7.5	3.6	서남서	255	10.2	1029.6	-	21	
2020-11-14 04:30:00	4.7	북서	310	16.32	30.47	0.44	6.4	0.59	4.5	3.5	서	260	10.2	1029.6	-	15	
2020-11-14 04:35:00	6.3	북서	316	16.31	30.46	0.64	7.3	0.89	8.0	3.1	서	263	10.3	1029.6	-	31	
2020-11-14 04:40:00	5.3	북서	318	16.32	30.46	0.46	6.3	0.67	5.5	3.1	서남서	254	10.5	1029.7	-	37	
2020-11-14 04:45:00	4.9	북서	307	16.30	30.46	0.50	7.8	0.73	7.0	3.0	서남서	246	10.5	1029.7	-	18	
2020-11-14 04:50:00	6.0	북북서	331	16.30	30.45	0.63	6.5	0.84	7.5	3.3	서남서	253	10.5	1029.7	-	28	
2020-11-14 04:55:00	2.7	북북서	335	16.30	30.45	0.45	6.0	0.62	5.0	3.1	서남서	254	10.3	1029.8	-	29	
2020-11-14 05:00:00	2.6	북북서	343	16.30	30.43	0.55	5.6	0.79	8.0	3.5	서남서	243	10.4	1029.9	-	22	
2020-11-14 05:05:00	5.5	북북서	334	16.29	30.46	0.58	7.2	0.73	7.5	3.3	서남서	241	10.4	1029.9	-	34	
2020-11-14 05:10:00	4.9	북서	305	16.28	30.45	0.50	5.9	0.69	5.0	2.9	남서	232	10.4	1030.0	-	21	
2020-11-14 05:15:00	4.1	서북서	290	16.28	30.45	0.51	6.0	0.80	5.5	3.0	남서	215	10.2	1030.0	-	28	
2020-11-14 05:20:00	5.1	서북서	285	16.28	30.46	0.57	5.9	0.86	7.0	1.9	남남서	211	10.1	1030.0	-	30	
2020-11-14 05:25:00	3.3	서북서	288	16.28	30.45	0.66	5.9	0.92	6.5	1.2	남남서	209	10.3	1030.0	-	23	
2020-11-14 05:30:00	2.8	서북서	294	16.28	30.44	0.65	6.3	0.85	4.5	1.1	남	187	10.4	1030.0	-	33	
2020-11-14 05:35:00	6.2	서북서	288	16.27	30.43	0.59	5.3	0.77	6.0	1.2	남	181	10.4	1030.0	-	49	
2020-11-14 05:40:00	4.0	북서	305	16.27	30.43	0.52	6.3	0.69	4.0	1.1	남서	216	10.6	1030.0	-	39	
2020-11-14 05:45:00	6.9	북서	306	16.27	30.42	0.67	6.4	1.10	5.5	1.4	남서	220	10.6	1030.0	-	40	
2020-11-14 05:50:00	8.1	서북서	287	16.26	30.39	0.64	6.0	0.85	5.5	2.0	남서	215	10.4	1029.9	-	58	
2020-11-14 05:55:00	7.3	서북서	299	16.26	30.43	0.61	6.0	0.84	6.5	2.7	남서	228	10.6	1030.0	-	39	
2020-11-14 06:00:00	6.8	서북서	298	16.26	30.39	0.65	5.5	1.00	7.0	2.5	남서	231	10.7	1030.0	-	26	
2020-11-14 06:05:00	7.9	서북서	300	16.26	30.43	0.65	5.8	0.82	6.5	2.9	남서	235	10.8	1030.1	-	45	
2020-11-14 06:10:00	4.8	북서	317	16.25	30.43	0.62	5.6	0.95	5.5	3.1	남서	221	10.6	1030.2	-	34	
2020-11-14 06:15:00	7.5	북서	311	16.25	30.45	0.62	5.5	0.84	5.5	2.9	남서	222	10.4	1030.3	-	30	
2020-11-14 06:20:00	7.6	북북서	329	16.28	30.44	0.62	5.7	0.87	5.5	2.9	남서	229	10.3	1030.3	-	42	
2020-11-14 06:25:00	9.0	북서	321	16.29	30.39	0.59	5.5	0.83	7.0	2.6	남서	236	10.4	1030.4	-	19	
2020-11-14 06:30:00	8.4	북서	324	16.30	30.42	0.62	6.3	0.90	5.5	2.7	서	268	10.5	1030.5	-	26	
2020-11-14 06:35:00	9.1	북서	321	16.30	30.42	0.63	6.0	0.90	6.5	2.9	서	272	10.2	1030.5	-	46	
2020-11-14 06:40:00	8.8	북북서	332	16.30	30.42	0.71	5.8	0.89	5.5	3.2	서	265	10.1	1030.5	-	50	
2020-11-14 06:45:00	8.4	북서	320	16.30	30.42	0.73	5.7	0.93	5.0	2.7	서	270	10.4	1030.6	-	53	
2020-11-14 06:50:00	6.4	서북서	302	16.30	30.43	0.61	5.8	0.86	6.5	2.1	서	276	10.7	1030.6	-	41	
2020-11-14 06:55:00	7.3	서북서	299	16.29	30.41	0.61	6.3	0.90	6.0	2.5	서	271	10.6	1030.7	-	46	
2020-11-14 07:00:00	8.7	서북서	290	16.26	30.42	0.59	5.6	0.73	5.0	2.8	서	271	10.7	1030.7	-	14	
2020-11-14 07:05:00	2.9	북서	323	16.24	30.44	0.69	6.3	0.88	5.0	2.6	서	265	10.7	1030.8	-	24	
2020-11-14 07:10:00	2.5	북서	319	16.24	30.43	0.62	5.8	0.87	5.0	2.9	서	266	10.8	1030.8	-	36	
2020-11-14 07:15:00	1.5	북	350	16.24	30.41	0.77	5.6	1.17	5.5	2.8	서	272	10.8	1030.9	-	34	
2020-11-14 07:20:00	2.5	북동	36	16.24	30.45	0.58	5.5	0.72	5.5	3.2	서	273	11.0	1030.9	-	35	
2020-11-14 07:25:00	3.0	서북서	296	16.25	30.45	0.64	5.6	1.03	5.5	4.0	서	263	11.2	1031.0	-	34	
2020-11-14 07:30:00	3.8	북서	311	16.25	30.44	0.68	5.9	0.87	7.0	4.0	서	266	11.2	1031.1	-	29	
2020-11-14 07:35:00	4.2	북서	321	16.25	30.44	0.73	6.1	0.89	6.5	4.0	서남서	257	11.3	1031.1	-	35	
2020-11-14 07:40:00	3.7	북서	320	16.25	30.43	0.68	6.3	0.97	7.0	4.2	서남서	249	11.3	1031.2	-	51	
2020-11-14 07:45:00	3.9	북서	323	16.26	30.43	0.63	5.9	0.89	5.0	4.0	서남서	252	11.5	1031.3	-	26	
2020-11-14 07:50:00	0.6	남남동	160	16.26	30.42	0.82	6.1	1.02	5.0	3.8	서남서	254	11.7	1031.4	-	32	
2020-11-14 07:55:00	5.0	북북서	331	16.27	30.41	0.70	5.4	1.09	5.0	3.5	서남서	255	11.8	1031.5	-	48	
2020-11-14 08:00:00	3.4	서북서	301	16.28	30.41	0.85	5.9	1.11	5.5	2.7	서남서	256	11.9	1031.6	-	30	
2020-11-14 08:05:00	3.6	북서	317	16.28	30.42	0.61	5.3	0.81	6.5	3.0	서남서	252	11.7	1031.6	-	72	
2020-11-14 08:10:00	2.2	북북서	336	16.27	30.42	0.66	5.4	0.98	5.5	2.9	서남서	258	11.5	1031.7	-	47	
2020-11-14 08:15:00	2.5	서북서	292	16.28	30.42	0.63	6.0	0.90	6.0	2.7	서남서	254	11.4	1031.7	-	35	
2020-11-14 08:20:00	6.0	북서	324	16.27	30.43	0.61	5.4	0.96	5.0	2.3	서	259	11.3	1031.8	-	17	
2020-11-14 08:25:00	4.8	서북서	297	16.28	30.41	0.65	5.5	0.84	5.5	2.6	서	259	11.4	1031.8	-	30	
2020-11-14 08:30:00	5.0	북	355	16.28	30.43	0.72	5.9	1.05	6.0	2.8	서남서	244	11.3	1031.9	-	37	
2020-11-14 08:35:00	5.2	북북서	329	16.28	30.40	0.66	6.0	0.88	6.0	2.6	서남서	254	11.4	1031.9	-	35	
2020-11-14 08:40:00	2.1	북북서	328	16.29	30.42	0.59	5.7	0.85	5.5	2.5	서남서	255	11.5	1032.0	-	48	
2020-11-14 08:45:00	4.9	북북서	347	16.28	30.43	0.79	5.8	0.99	6.0	2.0	서	259	11.5	1032.1	-	49	
2020-11-14 08:50:00	4.3	북서	323	16.29	30.43	0.66	5.4	0.94	5.5	1.8	서	270	11.8	1032.0	-	27	
2020-11-14 08:55:00	4.4	북북서	345	16.29	30.43	0.67	5.9	0.79	5.5	1.6	서북서	289	11.8	1032.1	-	49	
2020-11-14 09:00:00	2.1	북북서	343	16.30	30.42	0.57	5.8	0.68	3.5	1.9	서북서	299	12.0	1032.1	-	24	
2020-11-14 09:05:00	3.7	북북서	330	16.30	30.41	0.68	6.2	0.83	7.0	1.7	서	273	12.2	1032.1	-	45	
2020-11-14 09:10:00	4.1	북	350	16.30	30.42	0.56	5.6	0.89	5.5	2.1	남서	225	12.1	1032.2	-	57	
2020-11-14 09:15:00	4.1	북북서	345	16.30	30.43	0.63	5.6	0.98	4.5	1.7	서남서	255	11.9	1032.2	-	38	
2020-11-14 09:20:00	7.1	북북서	329	16.32	30.42	0.79	6.0	1.09	5.0	2.8	서남서	244	12.0	1032.2	-	17	
2020-11-14 09:25:00	6.9	북북서	340	16.33	30.43	0.62	5.9	0.74	7.0	1.9	서남서	243	12.0	1032.2	-	48	
2020-11-14 09:30:00	4.1	북북서	349	16.34	30.44	0.65	5.4	0.88	6.0	1.8	서남서	245	12.2	1032.2	-	26	
2020-11-14 09:35:00	6.4	북서	307	16.35	30.43	0.63	5.5	0.91	5.5	2.1	서남서	243	12.3	1032.2	-	99	
2020-11-14 09:40:00	7.8	북서	305	16.35	30.42	0.61	5.9	1.04	6.0	2.1	서남서	255	12.4	1032.2	-	45	
2020-11-14 09:45:00	6.2	북북서	331	16.36	30.43	0.70	5.3	1.02	4.0	2.3	서남서	255	12.4	1032.3	-	37	
2020-11-14 09:50:00	3.9	북북서	330	16.36	30.43	0.52	5.8	0.74	6.0	2.0	서	261	12.5	1032.3	-	13	
2020-11-14 09:55:00	5.7	북북서	336	16.37	30.44	0.57	5.9	0.74	6.5	1.7	서	261	12.7	1032.3	-	49	
2020-11-14 10:00:00	8.1	북서	318	16.37	30.44	0.64	5.7	1.16	5.5	1.8	서	272	12.8	1032.2	-	94	
2020-11-14 10:05:00	6.0	북북서	331	16.38	30.44	0.81	6.1	1.12	5.0	2.1	서북서	296	13.0	1032.2	-	31	
2020-11-14 10:10:00	6.6	북	354	16.38	30.44	0.71	6.1	0.99	5.0	1.9	서북서	292	13.1	1032.2	-	67	
2020-11-14 10:15:00	7.4	북서	325	16.39	30.44	0.77	5.7	0.96	6.5	1.6	서	269	13.3	1032.1	-	43	
2020-11-14 10:20:00	6.2	북북서	343	16.39	30.43	0.60	5.7	0.90	5.5	1.6	서	269	13.2	1032.1	-	34	
2020-11-14 10:25:00	5.2	북서	323	16.39	30.44	0.62	5.9	1.07	5.0	1.1	서남서	258	13.3	1032.1	-	71	
2020-11-14 10:30:00	9.3	북북서	331	16.40	30.41	0.54	5.4	0.77	6.0	1.5	서	281	13.5	1032.1	-	56	
2020-11-14 10:35:00	4.7	북북서	327	16.40	30.42	0.62	5.7	1.00	7.0	1.7	서북서	293	13.6	1032.2	-	19	
2020-11-14 10:40:00	5.7	북북서	336	16.41	30.44	0.66	5.7	0.86	4.5	2.0	북서	305	13.6	1032.1	-	85	
2020-11-14 10:45:00	5.9	북북서	341	16.42	30.45	0.58	5.3	0.81	7.5	1.8	서북서	303	13.7	1032.1	-	49	
2020-11-14 10:50:00	8.3	북북서	338	16.43	30.44	0.70	5.6	0.87	5.5	1.8	북서	319	13.7	1032.1	-	33	
2020-11-14 10:55:00	7.0	북북서	346	16.43	30.43	0.59	5.3	0.79	5.5	1.9	북서	325	14.1	1032.1	-	37	
2020-11-14 11:00:00	6.3	북북서	333	16.43	30.43	0.65	5.9	1.00	7.5	1.7	북서	324	13.9	1032.1	-	41	
2020-11-14 11:05:00	4.6	북북서	337	16.44	30.43	0.66	5.4	1.06	6.0	1.8	북서	313	13.8	1032.0	-	46	
2020-11-14 11:10:00	5.8	북	357	16.44	30.43	0.70	5.7	1.07	5.0	1.6	북서	322	14.0	1031.9	-	86	
2020-11-14 11:15:00	4.4	북	358	16.44	30.43	0.62	5.3	0.97	5.0	1.8	북북서	331	14.0	1031.8	-	51	
2020-11-14 11:20:00	6.7	북북서	333	16.45	30.43	0.61	5.9	0.90	5.5	1.8	북북서	340	14.3	1031.7	-	75	
2020-11-14 11:25:00	6.3	북북동	15	16.45	30.43	0.61	5.3	1.15	5.5	1.7	북북서	331	14.3	1031.6	-	22	
2020-11-14 11:30:00	6.1	북	3	16.47	30.46	0.60	5.1	0.97	4.0	2.0	북북서	344	14.3	1031.5	-	46	
2020-11-14 11:35:00	3.0	북북서	328	16.47	30.44	0.65	6.0	0.90	6.5	1.5	북북서	344	14.2	1031.5	-	38	
2020-11-14 11:40:00	3.9	북	352	16.47	30.44	0.63	5.6	0.89	6.0	2.1	북북서	348	14.2	1031.4	-	73	
2020-11-14 11:45:00	6.9	북	350	16.48	30.42	0.62	5.5	0.97	6.0	2.0	북	11	14.2	1031.3	-	66	
2020-11-14 11:50:00	5.4	북	355	16.48	30.41	0.66	5.9	0.85	4.0	1.8	북	0	14.3	1031.2	-	26	
2020-11-14 11:55:00	4.0	북북서	336	16.49	30.42	0.58	5.7	0.79	5.5	1.5	북	3	14.5	1031.1	-	51	
2020-11-14 12:00:00	3.7	북서	323	16.48	30.45	0.71	5.3	0.88	5.5	1.4	북	11	14.4	1031.1	-	47	
2020-11-14 12:05:00	4.2	북북서	342	16.48	30.41	0.70	5.3	0.97	5.0	1.7	북북동	13	14.3	1031.1	-	36	
2020-11-14 12:10:00	-	-	-	-	-	-	-	-	-	-	-	-	-	-	-	-	
2020-11-14 12:15:00	5.6	북북서	330	16.51	30.39	0.57	4.6	1.15	4.6	1.4	북북동	29	14.6	1030.8	-	60	
2020-11-14 12:20:00	3.4	북서	326	16.50	30.41	0.70	5.9	1.28	5.5	2.0	북동	40	14.7	1030.7	-	57	
2020-11-14 12:25:00	6.0	북북서	330	16.50	30.42	0.68	5.4	0.90	5.5	2.1	북동	36	14.9	1030.6	-	45	
2020-11-14 12:30:00	4.1	북북서	339	16.50	30.40	0.68	5.9	1.31	5.0	1.6	북동	40	14.8	1030.5	-	41	
2020-11-14 12:35:00	6.6	북북서	344	16.51	30.41	0.69	5.0	0.83	3.5	2.4	북동	43	15.1	1030.5	-	47	
2020-11-14 12:40:00	6.0	북	4	16.52	30.40	0.67	5.4	0.88	5.5	1.3	동북동	60	15.0	1030.4	-	29	
2020-11-14 12:45:00	4.0	북북서	333	16.52	30.41	0.71	5.6	1.01	5.0	2.0	동북동	70	15.0	1030.3	-	58	
2020-11-14 12:50:00	6.6	북북서	332	16.52	30.41	0.63	5.2	1.05	5.0	2.5	동	87	14.9	1030.2	-	73	
2020-11-14 12:55:00	6.2	북북서	339	16.52	30.42	0.73	5.4	0.89	5.5	2.9	동	99	15.1	1030.1	-	43	
2020-11-14 13:00:00	5.7	북북서	331	16.53	30.38	0.76	5.6	1.02	6.0	2.7	동남동	114	15.2	1030.0	-	53	
2020-11-14 13:05:00	7.4	북서	313	16.54	30.39	0.60	5.9	0.76	6.0	3.4	동	96	15.1	1030.0	-	55	
2020-11-14 13:10:00	5.2	북북서	340	16.54	30.40	0.69	5.1	0.90	4.5	2.7	동남동	115	15.0	1030.0	-	50	
2020-11-14 13:15:00	8.0	북서	317	16.55	30.41	0.73	5.1	0.92	5.5	3.1	동남동	111	15.2	1029.9	-	57	
2020-11-14 13:20:00	5.8	북북서	330	16.56	30.43	0.71	5.7	0.97	5.0	3.4	동남동	110	15.3	1029.9	-	56	
2020-11-14 13:25:00	5.6	북서	319	16.59	30.39	0.73	5.5	0.88	5.5	4.2	동남동	122	15.4	1029.9	-	30	
2020-11-14 13:30:00	4.6	북북서	331	16.60	30.42	0.71	5.6	1.00	5.5	4.3	남동	132	15.3	1029.8	-	55	
2020-11-14 13:35:00	4.4	북서	308	16.60	30.42	0.61	5.4	0.90	5.5	4.5	동남동	122	15.3	1029.7	-	19	
2020-11-14 13:40:00	5.7	북서	309	16.60	30.40	0.64	5.7	0.75	5.0	5.1	남동	129	15.3	1029.7	-	59	
2020-11-14 13:45:00	6.3	북서	312	16.60	30.36	0.67	5.3	0.98	4.5	5.2	남동	129	15.4	1029.6	-	79	
2020-11-14 13:50:00	7.2	북서	304	16.60	30.39	0.74	5.4	0.92	5.5	6.0	남동	131	15.4	1029.5	-	39	
2020-11-14 13:55:00	7.3	북서	311	16.59	30.39	0.76	5.5	1.01	5.5	6.3	동남동	120	15.6	1029.3	-	45	
2020-11-14 14:00:00	9.9	서북서	302	16.59	30.38	0.70	5.0	0.99	5.0	7.1	남동	132	15.6	1029.3	-	46	
2020-11-14 14:05:00	16.3	북서	304	16.60	30.36	0.73	5.6	0.99	6.0	7.6	남동	137	15.7	1029.2	-	73	
2020-11-14 14:10:00	13.9	북서	314	16.60	30.36	0.73	5.1	0.93	6.0	8.0	남동	140	15.7	1029.2	-	61	
2020-11-14 14:15:00	13.8	북서	309	16.59	30.36	0.61	5.1	0.74	4.5	8.3	남동	139	15.7	1029.2	-	59	
2020-11-14 14:20:00	15.3	북서	307	16.59	30.35	0.67	5.1	1.21	5.5	8.2	남동	136	15.8	1029.3	-	59	
2020-11-14 14:25:00	15.0	북서	308	16.58	30.35	0.73	5.1	0.97	4.5	8.2	남동	136	15.8	1029.3	-	33	
2020-11-14 14:30:00	14.7	북서	322	16.57	30.33	0.80	5.3	1.08	6.5	8.4	남동	141	15.8	1029.3	-	55	
2020-11-14 14:35:00	18.0	북서	310	16.58	30.32	0.75	5.2	1.01	4.5	8.4	남동	141	15.8	1029.2	-	51	
2020-11-14 14:40:00	14.3	북서	311	16.57	30.32	0.79	4.8	1.20	6.0	8.5	남동	139	15.7	1029.2	-	85	
2020-11-14 14:45:00	14.8	북북서	337	16.57	30.31	0.87	5.0	1.11	5.5	8.3	남동	136	15.7	1029.1	-	70	
2020-11-14 14:50:00	15.3	북북서	338	16.56	30.30	0.71	5.2	1.08	4.0	8.6	남동	137	15.8	1029.1	-	257	
2020-11-14 14:55:00	9.8	북북서	341	16.55	30.32	0.90	5.6	1.18	6.5	8.5	남동	135	15.7	1029.0	-	68	
2020-11-14 15:00:00	12.8	북북서	336	16.55	30.26	0.83	5.4	1.15	4.0	8.2	남동	136	15.8	1029.0	-	52	
2020-11-14 15:05:00	10.8	북서	326	16.54	30.27	0.82	4.8	1.00	4.0	8.2	남동	141	15.8	1029.0	-	69	
2020-11-14 15:10:00	14.2	북북서	346	16.53	30.26	0.80	4.5	1.14	3.5	8.6	남동	142	15.8	1029.1	-	64	
2020-11-14 15:15:00	8.8	북북서	344	16.52	30.25	0.76	4.7	1.20	4.5	9.0	남동	141	15.8	1029.1	-	15	
2020-11-14 15:20:00	12.9	북북서	344	16.52	30.27	0.77	4.7	1.11	5.0	9.1	남동	143	15.7	1029.0	-	63	
2020-11-14 15:25:00	15.1	북서	321	16.51	30.22	0.82	4.8	1.42	5.5	8.9	남동	146	15.7	1029.1	-	64	
2020-11-14 15:30:00	10.0	북북서	339	16.50	30.22	0.90	5.1	1.08	4.0	9.0	남동	143	15.8	1029.1	-	57	
2020-11-14 15:35:00	10.8	북서	319	16.49	30.18	0.79	4.6	1.18	5.0	9.0	남남동	150	15.7	1029.0	-	61	
2020-11-14 15:40:00	15.8	북서	315	16.48	30.20	0.85	4.4	1.12	5.0	9.5	남동	144	15.7	1029.0	-	54	
2020-11-14 15:45:00	-	-	-	-	-	-	-	-	-	-	-	-	-	-	-	-	
2020-11-14 15:50:00	12.2	북서	325	16.47	30.14	0.85	4.6	1.26	4.0	8.7	남남동	149	15.6	1028.9	-	66	
2020-11-14 15:55:00	14.3	북서	319	16.46	30.18	0.88	5.1	1.36	6.0	8.8	남동	146	15.6	1028.9	-	62	
2020-11-14 16:00:00	11.0	북북서	331	16.45	30.13	0.83	4.7	1.13	6.5	9.6	남남동	147	15.6	1028.8	-	258	
2020-11-14 16:05:00	10.9	북북서	327	16.43	30.19	0.84	5.0	1.09	6.5	9.3	남동	146	15.7	1028.8	-	63	
2020-11-14 16:10:00	14.0	북북서	328	16.43	30.17	0.83	4.6	1.32	5.0	9.6	남동	146	15.5	1028.8	-	180	
2020-11-14 16:15:00	14.7	북북서	338	16.42	30.16	0.92	4.6	1.14	4.5	9.6	남남동	152	15.6	1028.8	-	54	
2020-11-14 16:20:00	13.8	북북서	330	16.42	30.18	0.92	4.9	1.26	3.5	9.6	남남동	149	15.6	1028.8	-	68	
2020-11-14 16:25:00	14.0	북북서	340	16.41	30.18	0.95	4.5	1.40	5.0	10.3	남남동	150	15.5	1028.7	-	38	
2020-11-14 16:30:00	13.5	북북서	330	16.41	30.16	0.84	4.5	1.11	5.5	9.3	남남동	149	15.6	1028.8	-	115	
2020-11-14 16:35:00	12.4	북북서	332	16.40	30.14	0.95	4.7	1.22	6.5	9.8	남남동	149	15.5	1028.6	-	33	
2020-11-14 16:40:00	10.6	북서	324	16.39	30.15	0.84	4.3	1.10	5.5	9.9	남남동	155	15.5	1028.6	-	146	
2020-11-14 16:45:00	18.2	북북서	328	16.37	30.18	0.87	4.2	1.18	4.5	10.5	남남동	151	15.4	1028.5	-	78	
2020-11-14 16:50:00	13.7	북북서	330	16.38	30.17	0.89	4.8	1.12	5.5	9.9	남남동	150	15.4	1028.5	-	128	
2020-11-14 16:55:00	8.3	북북서	347	16.38	30.18	0.89	5.0	1.15	3.5	9.4	남남동	153	15.3	1028.5	-	294	
2020-11-14 17:00:00	16.2	북북서	336	16.36	30.17	0.83	4.5	1.04	4.0	8.8	남남동	154	15.3	1028.5	-	311	
2020-11-14 17:05:00	10.0	북북서	340	16.36	30.17	0.87	4.7	1.42	4.0	8.8	남남동	154	15.3	1028.4	-	47	
2020-11-14 17:10:00	6.5	북서	315	16.37	30.20	0.78	4.6	1.02	3.5	8.9	남남동	158	15.3	1028.4	-	84	
2020-11-14 17:15:00	14.9	북북서	342	16.37	30.18	0.88	4.3	1.10	4.5	9.0	남남동	154	15.3	1028.4	-	300	
2020-11-14 17:20:00	13.1	북북서	335	16.37	30.20	0.90	4.5	1.13	4.5	9.8	남남동	151	15.2	1028.3	-	302	
2020-11-14 17:25:00	15.8	북북서	327	16.36	30.24	0.84	4.2	1.29	3.5	9.2	남남동	156	15.3	1028.3	-	286	
2020-11-14 17:30:00	13.7	북서	315	16.35	30.19	0.85	4.6	1.10	6.0	8.5	남남동	153	15.3	1028.4	-	316	
2020-11-14 17:35:00	12.8	북북서	333	16.34	30.22	0.89	4.5	1.15	4.0	8.5	남남동	154	15.2	1028.4	-	313	
2020-11-14 17:40:00	16.1	북북서	340	16.34	30.19	0.85	4.1	1.33	4.0	8.6	남남동	156	15.2	1028.4	-	286	
2020-11-14 17:45:00	13.9	북북서	343	16.34	30.20	0.99	4.2	1.61	4.5	8.2	남남동	158	15.2	1028.5	-	305	
2020-11-14 17:50:00	-	-	-	-	-	-	-	-	-	-	-	-	-	-	-	-	
2020-11-14 17:55:00	16.9	북서	325	16.34	30.17	0.53	3.7	1.06	3.7	6.9	남남동	160	15.1	1028.5	-	338	
2020-11-14 18:00:00	12.8	북북서	334	16.32	30.20	0.92	4.1	1.36	4.0	6.5	남남동	160	15.1	1028.5	-	311	
2020-11-14 18:05:00	16.0	북북서	330	16.31	30.20	0.92	5.1	1.17	5.0	6.2	남남동	163	15.0	1028.5	-	84	
2020-11-14 18:10:00	12.0	북서	325	16.32	30.08	0.94	5.1	1.39	4.5	5.7	남남동	165	14.9	1028.6	-	58	
2020-11-14 18:15:00	12.0	북북서	344	16.30	30.22	0.83	4.7	0.95	5.5	5.4	남	170	15.0	1028.6	-	68	
2020-11-14 18:20:00	14.2	북북서	335	16.31	30.20	0.85	4.3	1.22	4.5	5.1	남남동	165	15.0	1028.5	-	336	
2020-11-14 18:25:00	18.6	북북서	328	16.30	30.21	0.93	5.1	1.30	5.5	5.2	남남동	166	14.9	1028.5	-	296	
2020-11-14 18:30:00	12.9	북북서	341	16.30	30.22	0.90	4.9	1.25	6.5	5.2	남남동	164	14.9	1028.5	-	103	
2020-11-14 18:35:00	14.6	북북서	340	16.30	30.19	0.89	4.5	1.43	4.0	5.2	남	169	14.9	1028.6	-	299	
2020-11-14 18:40:00	15.3	북북서	348	16.28	30.18	0.78	4.7	1.07	4.5	4.9	남남동	164	14.9	1028.6	-	53	
2020-11-14 18:45:00	14.8	북북서	337	16.29	30.22	0.89	4.9	1.37	4.5	4.7	남남동	166	14.9	1028.6	-	75	
2020-11-14 18:50:00	15.0	북북서	338	16.29	30.19	0.94	4.7	1.40	5.0	5.2	남남동	158	14.9	1028.6	-	316	
2020-11-14 18:55:00	11.2	북북서	328	16.29	30.19	0.87	4.9	1.12	5.0	5.3	남남동	158	15.0	1028.7	-	175	
2020-11-14 19:00:00	12.2	북북서	337	16.28	30.20	0.78	5.3	1.42	4.0	5.2	남남동	159	14.9	1028.7	-	47	
2020-11-14 19:05:00	12.9	북북서	329	16.27	30.23	0.89	4.4	1.26	4.0	4.9	남남동	158	14.9	1028.6	-	53	
2020-11-14 19:10:00	11.4	북북서	330	16.26	30.24	0.85	4.9	1.34	4.5	4.7	남남동	156	15.0	1028.6	-	25	
2020-11-14 19:15:00	14.1	북북서	337	16.27	30.22	0.80	4.8	1.10	7.0	4.8	남남동	156	14.9	1028.6	-	298	
2020-11-14 19:20:00	14.1	북북서	339	16.27	30.24	0.80	4.7	1.09	4.0	4.5	남	173	14.8	1028.6	-	323	
2020-11-14 19:25:00	15.3	북북서	336	16.28	30.23	0.85	4.6	1.08	3.5	3.5	남	187	14.6	1028.6	-	316	
2020-11-14 19:30:00	13.6	북북서	343	16.28	30.19	0.87	5.2	1.13	5.5	2.4	남서	231	14.2	1028.7	-	298	
2020-11-14 19:35:00	13.8	북북서	334	16.28	30.21	0.85	4.5	1.34	4.5	2.5	서남서	249	13.3	1028.8	-	115	
2020-11-14 19:40:00	15.6	북북서	337	16.29	30.20	0.89	5.1	1.29	6.0	2.0	서남서	247	12.9	1028.9	-	321	
2020-11-14 19:45:00	9.4	북	350	16.29	30.19	0.92	5.0	1.35	5.5	2.0	서남서	249	12.8	1028.9	-	296	
2020-11-14 19:50:00	11.9	북북서	347	16.29	30.21	0.83	4.9	1.14	5.0	2.0	서남서	248	12.5	1028.9	-	329	
2020-11-14 19:55:00	12.1	북북서	335	16.29	30.20	0.87	5.2	1.21	6.0	1.4	서남서	244	12.5	1028.9	-	56	
2020-11-14 20:00:00	12.6	북북서	337	16.29	30.20	0.75	4.5	1.15	5.0	1.5	서남서	253	12.6	1028.9	-	119	
2020-11-14 20:05:00	12.3	북서	321	16.29	30.20	0.84	4.9	1.28	4.5	1.2	서남서	251	12.5	1028.8	-	331	
2020-11-14 20:10:00	10.0	북북서	340	16.29	30.21	0.82	5.2	1.09	4.5	1.1	서남서	243	12.4	1028.8	-	20	
2020-11-14 20:15:00	7.8	북북서	328	16.29	30.20	0.78	5.0	1.14	3.5	1.3	남서	224	12.5	1028.7	-	281	
2020-11-14 20:20:00	5.9	북북서	336	16.28	30.21	0.79	4.2	1.01	5.5	1.2	서남서	243	12.3	1028.7	-	77	
2020-11-14 20:25:00	8.4	북북서	332	16.28	30.22	0.85	4.6	1.18	4.5	1.5	서	270	12.2	1028.7	-	337	
2020-11-14 20:30:00	7.3	북북서	337	16.29	30.19	0.95	4.8	1.22	4.5	1.6	서	267	12.3	1028.7	-	66	
2020-11-14 20:35:00	11.1	북북서	326	16.29	30.22	0.80	5.3	1.14	7.0	1.7	서	259	12.3	1028.6	-	102	
2020-11-14 20:40:00	8.6	북북서	339	16.28	30.22	0.84	4.4	1.36	5.0	2.4	서	262	12.2	1028.7	-	74	
2020-11-14 20:45:00	8.6	북북서	331	16.28	30.23	0.79	4.3	1.18	4.0	2.8	서	264	12.0	1028.8	-	309	
2020-11-14 20:50:00	9.3	북북서	330	16.29	30.24	0.77	5.0	1.01	4.0	3.3	서남서	258	11.9	1028.8	-	36	
2020-11-14 20:55:00	7.8	북북서	328	16.29	30.24	0.74	4.9	1.17	4.0	2.4	서남서	258	11.7	1028.8	-	61	
2020-11-14 21:00:00	5.7	북북서	338	16.29	30.23	0.78	4.4	1.04	5.0	2.2	서남서	241	11.8	1028.8	-	342	
2020-11-14 21:05:00	5.9	북서	311	16.28	30.24	0.84	4.6	1.32	3.5	2.2	남서	229	11.6	1028.8	-	289	
2020-11-14 21:10:00	7.8	북북서	335	16.28	30.24	0.94	5.3	1.59	4.5	1.7	서남서	249	11.7	1028.8	-	61	
2020-11-14 21:15:00	8.0	북서	309	16.28	30.23	0.80	5.0	1.04	7.5	1.8	남서	232	11.8	1028.9	-	81	
2020-11-14 21:20:00	7.0	북서	325	16.27	30.21	0.69	4.6	1.00	3.5	1.8	서남서	240	11.7	1028.9	-	82	
2020-11-14 21:25:00	9.4	북북서	330	16.26	30.21	0.72	4.3	1.11	3.5	2.3	서남서	241	11.5	1029.0	-	296	
2020-11-14 21:30:00	9.4	북북서	338	16.27	30.22	0.73	4.4	1.05	4.0	2.3	남서	234	11.4	1029.0	-	319	
2020-11-14 21:35:00	8.5	북서	323	16.27	30.24	0.73	4.4	1.09	3.0	2.2	남서	234	11.6	1028.9	-	294	
2020-11-14 21:40:00	9.3	북북서	333	16.27	30.23	0.76	4.4	0.99	5.0	1.9	남서	230	11.6	1028.9	-	297	
2020-11-14 21:45:00	8.0	북북서	346	16.27	30.23	0.78	4.9	1.00	4.5	1.7	남서	225	11.5	1028.9	-	321	
2020-11-14 21:50:00	10.7	북북서	339	16.28	30.22	0.73	4.5	0.97	4.5	1.8	남서	215	11.6	1028.8	-	81	
2020-11-14 21:55:00	8.1	북북서	332	16.28	30.22	0.78	4.5	1.11	4.5	1.6	남남서	208	11.9	1028.9	-	291	
2020-11-14 22:00:00	4.8	북	351	16.27	30.23	0.60	4.8	1.07	4.0	2.2	남서	216	11.8	1028.9	-	99	
2020-11-14 22:05:00	6.3	북북서	331	16.27	30.24	0.69	4.1	1.06	4.5	2.5	남서	219	11.8	1028.9	-	301	
2020-11-14 22:10:00	6.2	북북서	330	16.28	30.24	0.79	4.8	1.18	5.5	2.1	남서	225	11.7	1028.9	-	305	
2020-11-14 22:15:00	7.4	북서	309	16.28	30.26	0.73	4.5	1.03	5.0	2.0	남서	217	11.5	1028.8	-	119	
2020-11-14 22:20:00	6.3	북서	317	16.28	30.24	0.81	5.0	1.08	5.0	2.2	남서	219	11.2	1028.9	-	35	
2020-11-14 22:25:00	5.6	북서	317	16.30	30.27	0.63	4.5	0.83	3.0	1.9	남서	228	10.9	1028.9	-	14	
2020-11-14 22:30:00	6.5	북서	310	16.31	30.26	0.75	4.4	1.09	4.0	2.0	남서	228	11.0	1028.9	-	91	
2020-11-14 22:35:00	7.2	북서	320	16.30	30.26	0.71	4.5	1.22	4.5	2.0	남서	223	10.9	1028.9	-	91	
2020-11-14 22:40:00	5.2	북북서	329	16.30	30.29	0.72	4.6	1.00	4.0	2.2	남서	218	11.0	1028.8	-	304	
2020-11-14 22:45:00	8.4	서북서	291	16.31	30.27	0.73	5.0	1.00	4.5	2.7	남서	229	11.1	1028.8	-	92	
2020-11-14 22:50:00	6.4	북서	311	16.32	30.31	0.77	4.4	1.24	4.0	3.2	남서	222	10.7	1028.7	-	4	
2020-11-14 22:55:00	6.0	서북서	302	16.31	30.33	0.64	5.3	0.87	5.0	2.6	남서	222	10.8	1028.7	-	32	
2020-11-14 23:00:00	5.7	북서	306	16.32	30.33	0.77	5.0	1.05	6.5	2.7	남서	215	11.0	1028.6	-	50	
2020-11-14 23:05:00	5.9	북북서	330	16.32	30.28	0.71	5.1	0.86	4.5	2.8	남서	231	10.8	1028.5	-	47	
2020-11-14 23:10:00	5.6	북서	315	16.32	30.29	0.68	4.8	0.96	6.0	2.8	남서	224	10.9	1028.6	-	69	
2020-11-14 23:15:00	6.6	북북서	343	16.32	30.31	0.70	4.8	0.93	5.0	2.8	남서	221	11.2	1028.6	-	352	
2020-11-14 23:20:00	7.6	북북서	337	16.31	30.32	0.58	4.6	0.75	4.0	2.7	남서	215	11.1	1028.5	-	7	
2020-11-14 23:25:00	7.6	북북서	330	16.35	30.36	0.63	4.6	0.89	4.0	2.3	남서	216	10.9	1028.4	-	102	
2020-11-14 23:30:00	10.1	북서	305	16.37	30.34	0.60	5.1	0.71	5.5	2.3	남서	223	11.1	1028.3	-	77	
2020-11-14 23:35:00	9.6	북북서	331	16.38	30.34	0.66	4.9	0.83	6.0	3.3	남서	230	11.4	1028.2	-	81	
2020-11-14 23:40:00	7.3	북서	319	16.40	30.35	0.74	4.9	1.16	5.5	3.0	남서	223	11.6	1028.2	-	103	
2020-11-14 23:45:00	11.3	북북서	328	16.40	30.35	0.63	5.4	0.76	6.0	2.6	남남서	208	11.6	1028.2	-	116	
2020-11-14 23:50:00	7.5	북서	323	16.40	30.34	0.55	4.8	0.72	4.0	2.5	남	179	11.3	1028.1	-	294	
2020-11-14 23:55:00	8.9	북북서	337	16.41	30.37	0.65	4.6	0.95	5.0	2.5	남	186	10.9	1028.1	-	158	
2020-11-15 00:00:00	9.0	북북서	328	16.41	30.38	0.57	4.9	0.83	4.5	2.3	남남서	205	10.9	1028.1	-	202	
2020-11-15 00:05:00	8.0	북북서	328	16.42	30.39	0.61	5.4	0.75	4.5	2.1	남서	220	11.0	1028.1	-	127	
2020-11-15 00:10:00	9.5	북서	326	16.43	30.39	0.66	4.7	0.81	6.0	1.7	서남서	242	11.0	1028.1	-	291	
2020-11-15 00:15:00	7.4	북북서	333	16.44	30.38	0.72	4.7	0.95	4.5	1.4	남서	224	10.7	1028.0	-	110	
2020-11-15 00:20:00	9.1	북서	325	16.44	30.37	0.53	5.2	0.98	5.0	2.2	남남서	203	10.7	1027.9	-	47	
2020-11-15 00:25:00	9.1	북북서	327	16.45	30.38	0.59	5.2	0.79	4.5	2.1	남남서	200	10.8	1027.9	-	57	
2020-11-15 00:30:00	6.4	북서	321	16.45	30.38	0.67	4.8	0.95	4.5	2.5	서남서	250	10.7	1028.0	-	315	
2020-11-15 00:35:00	9.2	북북서	335	16.45	30.38	0.60	4.9	1.10	6.5	2.6	서	275	10.4	1028.0	-	66	
2020-11-15 00:40:00	7.0	북북서	348	16.45	30.38	0.61	5.6	0.85	4.5	2.7	서	269	10.3	1027.9	-	328	
2020-11-15 00:45:00	9.2	북북서	335	16.44	30.38	0.55	5.2	0.84	6.0	2.5	서남서	253	10.6	1027.9	-	73	
2020-11-15 00:50:00	6.7	북서	319	16.45	30.38	0.60	4.4	0.85	4.0	2.9	서남서	243	10.8	1027.9	-	41	
2020-11-15 00:55:00	7.3	북북서	331	16.45	30.38	0.62	5.3	0.88	5.0	3.7	서남서	248	11.1	1027.9	-	295	
2020-11-15 01:00:00	9.4	북서	321	16.45	30.38	0.56	5.3	0.66	4.5	3.5	서남서	252	11.0	1027.8	-	76	
2020-11-15 01:05:00	7.3	북서	326	16.47	30.39	0.65	5.0	0.83	5.5	3.5	서남서	239	11.3	1027.8	-	59	
2020-11-15 01:10:00	7.2	북북서	333	16.48	30.39	0.55	4.5	0.81	3.5	3.0	남서	234	11.6	1027.8	-	271	
2020-11-15 01:15:00	7.2	북북서	348	16.48	30.38	0.62	5.1	0.75	5.5	3.3	남서	236	11.9	1027.8	-	55	
2020-11-15 01:20:00	9.8	북북서	342	16.48	30.38	0.63	5.5	0.83	7.0	2.8	남서	218	11.9	1027.8	-	45	
2020-11-15 01:25:00	6.0	북북서	330	16.50	30.39	0.59	5.3	0.79	4.5	3.0	남서	222	11.5	1027.8	-	318	
2020-11-15 01:30:00	7.6	북북서	333	16.50	30.42	0.55	4.8	0.73	5.0	2.6	남서	218	11.4	1027.7	-	339	
2020-11-15 01:35:00	6.6	북서	314	16.50	30.39	0.56	4.9	0.75	4.5	2.9	남서	219	11.4	1027.8	-	246	
2020-11-15 01:40:00	4.6	북서	321	16.51	30.40	0.58	5.3	0.78	4.5	2.6	남남서	210	11.6	1027.7	-	150	
2020-11-15 01:45:00	7.8	서북서	302	16.52	30.43	0.59	5.4	0.81	6.0	2.4	남서	221	11.6	1027.7	-	43	
2020-11-15 01:50:00	8.8	북서	324	16.52	30.42	0.61	5.0	0.84	4.5	2.1	남서	219	11.6	1027.7	-	220	
2020-11-15 01:55:00	5.8	북북서	339	16.53	30.43	0.59	5.3	0.80	4.0	2.1	남남서	212	11.7	1027.7	-	22	
2020-11-15 02:00:00	4.3	북서	315	16.53	30.43	0.60	4.6	0.85	4.0	2.9	남서	214	11.8	1027.6	-	19	
2020-11-15 02:05:00	6.1	북북서	337	16.53	30.42	0.59	5.0	0.87	5.0	3.4	남남서	192	11.9	1027.5	-	341	
2020-11-15 02:10:00	5.5	북서	323	16.52	30.41	0.56	5.4	0.80	5.5	3.3	남	182	11.8	1027.5	-	27	
2020-11-15 02:15:00	5.5	북북서	333	16.52	30.42	0.48	4.9	0.79	4.0	3.2	남	185	11.6	1027.4	-	44	
2020-11-15 02:20:00	6.4	북서	323	16.51	30.42	0.61	5.5	0.98	5.5	3.6	남	181	11.4	1027.4	-	299	
2020-11-15 02:25:00	6.6	북북서	335	16.51	30.42	0.63	4.9	1.04	4.5	3.6	남	185	11.5	1027.4	-	34	
2020-11-15 02:30:00	6.0	북서	324	16.52	30.42	0.60	5.3	0.73	3.5	3.4	남	181	11.7	1027.3	-	38	
2020-11-15 02:35:00	6.9	북북서	329	16.51	30.42	0.63	5.2	0.89	5.0	3.5	남	186	11.7	1027.3	-	63	
2020-11-15 02:40:00	5.2	북북서	330	16.51	30.42	0.59	5.2	0.89	5.0	3.5	남	188	11.8	1027.3	-	64	
2020-11-15 02:45:00	5.2	북서	324	16.51	30.42	0.64	5.1	0.75	5.0	3.5	남	180	11.7	1027.2	-	70	
2020-11-15 02:50:00	7.1	서북서	303	16.51	30.42	0.51	5.0	0.71	5.0	3.4	남	178	11.4	1027.2	-	60	
2020-11-15 02:55:00	3.1	북	2	16.50	30.42	0.59	5.4	0.84	5.0	3.5	남	187	11.3	1027.2	-	83	
2020-11-15 03:00:00	4.5	북	351	16.50	30.42	0.54	5.1	0.61	4.5	3.5	남남서	192	11.3	1027.1	-	217	
2020-11-15 03:05:00	0.6	북북서	331	16.49	30.43	0.56	5.2	0.82	5.5	3.1	남남서	196	11.5	1027.1	-	29	
2020-11-15 03:10:00	2.1	서남서	244	16.50	30.43	0.66	4.9	0.86	4.0	2.3	남남서	208	11.5	1027.1	-	94	
2020-11-15 03:15:00	1.2	북북서	333	16.50	30.42	0.52	4.8	0.72	4.5	2.1	남남서	213	11.6	1027.1	-	69	
2020-11-15 03:20:00	0.1	동북동	67	16.49	30.42	0.62	5.5	0.85	5.0	1.3	남서	236	11.5	1027.2	-	62	
2020-11-15 03:25:00	2.1	서북서	286	16.49	30.41	0.62	5.0	0.82	4.0	1.1	서북서	292	11.4	1027.1	-	22	
2020-11-15 03:30:00	1.4	남동	127	16.49	30.42	0.58	4.8	0.73	5.0	0.5	서	266	11.4	1027.0	-	320	
2020-11-15 03:35:00	0.2	북북서	336	16.49	30.43	0.56	5.0	0.82	6.0	0.7	서남서	244	11.5	1027.0	-	37	
2020-11-15 03:40:00	0.8	북북서	341	16.49	30.38	0.63	5.0	0.91	5.5	1.2	남남서	205	11.6	1027.0	-	342	
2020-11-15 03:45:00	1.4	서	281	16.49	30.44	0.57	4.6	0.86	4.5	1.8	남남서	197	11.8	1026.9	-	41	
2020-11-15 03:50:00	2.3	서남서	243	16.48	30.41	0.64	5.0	0.97	5.0	2.0	남서	214	11.8	1026.8	-	300	
2020-11-15 03:55:00	1.4	남남동	148	16.48	30.42	0.58	4.7	0.79	3.0	2.6	남서	230	11.9	1026.8	-	277	
2020-11-15 04:00:00	1.0	동남동	111	16.48	30.44	0.57	5.0	0.78	5.0	2.9	남서	222	12.2	1026.8	-	96	
2020-11-15 04:05:00	0.7	남	180	16.49	30.42	0.58	5.4	0.91	5.0	2.2	남서	231	12.0	1026.8	-	41	
2020-11-15 04:10:00	2.1	남남서	194	16.49	30.42	0.50	4.5	0.76	3.0	2.0	서남서	255	12.0	1026.8	-	306	
2020-11-15 04:15:00	1.8	남동	140	16.48	30.40	0.60	5.2	0.82	6.0	2.5	서	263	11.8	1026.8	-	35	
2020-11-15 04:20:00	2.8	남동	141	16.48	30.43	0.55	5.2	0.98	5.0	1.7	서남서	252	11.6	1026.8	-	57	
2020-11-15 04:25:00	2.9	남남동	165	16.47	30.43	0.56	5.4	0.76	5.0	2.0	서남서	243	11.6	1026.7	-	32	
2020-11-15 04:30:00	3.9	남	173	16.48	30.44	0.61	5.0	1.02	5.5	2.4	서남서	246	11.6	1026.7	-	60	
2020-11-15 04:35:00	2.2	남	190	16.48	30.41	0.52	5.3	0.76	6.0	2.4	서남서	248	11.6	1026.7	-	53	
2020-11-15 04:40:00	5.3	남남서	199	16.47	30.45	0.58	4.8	0.74	4.0	1.8	서남서	245	11.6	1026.7	-	261	
2020-11-15 04:45:00	4.4	남	187	16.47	30.44	0.54	5.2	0.75	6.0	1.9	남서	230	11.5	1026.7	-	35	
2020-11-15 04:50:00	6.1	남남서	211	16.46	30.45	0.54	5.3	0.68	5.5	1.8	남서	223	11.3	1026.7	-	334	
2020-11-15 04:55:00	5.4	남	191	16.46	30.42	0.45	4.6	0.63	3.5	1.6	남서	230	11.1	1026.7	-	301	
2020-11-15 05:00:00	6.0	남	177	16.46	30.43	0.62	5.0	0.80	5.0	1.0	남서	220	11.0	1026.7	-	66	
2020-11-15 05:05:00	6.0	남	183	16.47	30.44	0.51	5.1	0.63	6.0	1.2	남서	218	11.1	1026.7	-	61	
2020-11-15 05:10:00	4.9	남	187	16.46	30.43	0.60	5.5	0.97	5.0	1.2	남서	215	11.3	1026.7	-	92	
2020-11-15 05:15:00	5.1	남남서	192	16.46	30.43	0.57	5.6	0.74	6.0	1.3	서남서	249	11.4	1026.7	-	61	
2020-11-15 05:20:00	5.0	남	185	16.46	30.44	0.50	4.9	0.70	5.5	1.0	남서	221	11.4	1026.7	-	43	
2020-11-15 05:25:00	5.1	남	190	16.46	30.43	0.56	4.9	0.70	5.0	2.1	남서	227	11.4	1026.7	-	45	
2020-11-15 05:30:00	5.9	남	189	16.46	30.41	0.57	5.1	0.73	6.0	2.5	남남서	205	11.4	1026.7	-	14	
2020-11-15 05:35:00	3.4	남	187	16.46	30.41	0.49	4.9	0.72	4.5	2.8	남서	218	11.5	1026.6	-	39	
2020-11-15 05:40:00	4.5	남서	217	16.46	30.40	0.53	4.7	0.89	5.0	2.7	남서	235	11.6	1026.6	-	93	
2020-11-15 05:45:00	4.1	남	170	16.45	30.40	0.54	5.4	0.71	6.5	2.5	남서	220	11.6	1026.6	-	82	
2020-11-15 05:50:00	3.5	남남동	161	16.44	30.42	0.42	4.8	0.58	4.5	2.2	남서	227	11.6	1026.6	-	36	
2020-11-15 05:55:00	5.6	남남동	158	16.44	30.41	0.53	5.4	0.72	5.5	1.9	서남서	242	11.7	1026.6	-	43	
2020-11-15 06:00:00	5.0	남남서	197	16.45	30.41	0.50	5.2	0.77	5.0	1.8	서남서	255	11.6	1026.6	-	60	
2020-11-15 06:05:00	4.4	남	184	16.44	30.41	0.47	4.7	0.71	4.0	2.2	서남서	257	11.7	1026.6	-	36	
2020-11-15 06:10:00	5.5	남남서	197	16.45	30.43	0.50	4.9	0.64	5.5	2.9	서	268	11.9	1026.6	-	136	
2020-11-15 06:15:00	6.2	남남서	208	16.45	30.43	0.58	4.7	0.75	5.0	2.6	서	278	11.7	1026.6	-	256	
2020-11-15 06:20:00	6.0	남남서	213	16.46	30.41	0.53	5.0	0.72	5.0	3.2	서	266	11.6	1026.6	-	79	
2020-11-15 06:25:00	2.4	남	187	16.45	30.43	0.50	4.8	0.70	5.5	2.8	서	261	11.6	1026.6	-	117	
2020-11-15 06:30:00	3.4	남남서	205	16.45	30.41	0.57	4.8	0.79	4.0	3.1	서	263	11.7	1026.6	-	141	
2020-11-15 06:35:00	4.0	남남동	159	16.45	30.41	0.46	5.0	0.74	5.5	3.3	서	268	11.7	1026.5	-	25	
2020-11-15 06:40:00	3.5	남	183	16.44	30.41	0.48	5.2	0.60	5.0	3.0	서	263	12.0	1026.5	-	42	
2020-11-15 06:45:00	5.1	남남서	198	16.44	30.41	0.47	4.6	0.72	5.0	3.8	서남서	258	11.9	1026.5	-	94	
2020-11-15 06:50:00	5.4	남서	216	16.44	30.41	0.49	4.8	0.61	5.0	3.6	서남서	257	11.9	1026.5	-	25	
2020-11-15 06:55:00	5.5	남남서	203	16.44	30.36	0.53	4.8	0.97	5.0	3.1	서	259	11.9	1026.6	-	78	
2020-11-15 07:00:00	0.8	남남동	161	16.45	30.40	0.48	4.9	0.65	5.0	2.9	서	259	11.9	1026.6	-	93	
2020-11-15 07:05:00	3.3	남서	215	16.44	30.37	0.43	5.0	0.64	5.0	2.0	서	261	11.8	1026.6	-	35	
2020-11-15 07:10:00	3.7	서남서	248	16.44	30.38	0.48	5.3	0.83	5.0	1.6	서	273	11.8	1026.7	-	67	
2020-11-15 07:15:00	3.2	남남서	213	16.42	30.40	0.50	4.8	0.76	5.0	1.7	서남서	254	11.7	1026.6	-	70	
2020-11-15 07:20:00	2.8	남	189	16.43	30.39	0.51	5.3	0.69	5.5	1.8	서남서	240	11.9	1026.6	-	65	
2020-11-15 07:25:00	5.0	남서	233	16.43	30.39	0.52	5.3	0.79	5.5	2.0	남서	236	11.9	1026.6	-	59	
2020-11-15 07:30:00	2.2	남남서	197	16.43	30.37	0.49	5.2	0.81	5.0	2.1	서남서	244	12.1	1026.6	-	109	
2020-11-15 07:35:00	2.7	서남서	236	16.41	30.38	0.53	4.4	0.73	6.0	1.3	서	263	12.0	1026.7	-	200	
2020-11-15 07:40:00	3.7	남서	223	16.41	30.39	0.58	4.4	0.85	4.5	1.2	서남서	250	12.0	1026.7	-	157	
2020-11-15 07:45:00	2.3	남남동	164	16.41	30.39	0.54	4.8	0.73	4.0	1.6	서남서	239	12.0	1026.7	-	334	
2020-11-15 07:50:00	2.3	동남동	121	16.41	30.35	0.60	5.2	0.87	4.0	2.3	남서	219	12.0	1026.7	-	132	
2020-11-15 07:55:00	3.8	남	179	16.40	30.39	0.53	4.8	0.73	4.5	2.7	남서	230	11.8	1026.7	-	59	
2020-11-15 08:00:00	1.8	동	88	16.39	30.39	0.46	4.6	0.72	5.0	2.9	남서	232	11.9	1026.7	-	114	
2020-11-15 08:05:00	1.0	남남서	205	16.38	30.39	0.49	4.9	0.69	5.5	2.6	남서	232	12.2	1026.7	-	16	
2020-11-15 08:10:00	3.0	동남동	113	16.36	30.38	0.51	4.9	0.73	5.0	3.1	남서	224	12.4	1026.7	-	47	
2020-11-15 08:15:00	1.9	남남동	160	16.35	30.38	0.54	5.0	0.80	4.0	3.2	남서	223	12.8	1026.7	-	71	
2020-11-15 08:20:00	4.2	남남동	159	16.34	30.38	0.53	5.1	0.78	5.5	3.7	남서	220	13.0	1026.8	-	67	
2020-11-15 08:25:00	2.1	남동	137	16.33	30.39	0.54	4.6	0.76	5.0	4.0	남서	226	13.3	1026.8	-	77	
2020-11-15 08:30:00	2.7	동	99	16.33	30.38	0.54	5.0	0.76	5.0	4.0	남서	232	13.4	1026.8	-	68	
2020-11-15 08:35:00	5.2	남동	143	16.33	30.37	0.55	4.7	0.82	4.5	4.0	남서	228	13.5	1026.8	-	44	
2020-11-15 08:40:00	1.3	동북동	68	16.33	30.40	0.50	5.2	0.76	5.0	4.2	남서	228	13.7	1026.8	-	61	
2020-11-15 08:45:00	3.8	남	190	16.33	30.39	0.49	4.9	0.62	4.0	3.9	남서	229	13.8	1026.8	-	121	
2020-11-15 08:50:00	2.3	동남동	113	16.32	30.40	0.49	4.9	0.76	5.0	4.1	남서	226	13.8	1026.7	-	51	
2020-11-15 08:55:00	0.8	서	278	16.32	30.39	0.49	4.8	0.62	4.5	3.9	남서	225	13.9	1026.7	-	309	
2020-11-15 09:00:00	1.2	남남동	154	16.32	30.38	0.52	4.7	0.73	5.5	3.9	남서	228	13.9	1026.7	-	79	
2020-11-15 09:05:00	0.3	동	95	16.31	30.39	0.48	5.0	0.82	5.5	4.1	남서	228	14.1	1026.6	-	57	
2020-11-15 09:10:00	4.6	동남동	124	16.30	30.39	0.42	4.4	0.57	4.0	4.0	서남서	237	14.5	1026.6	-	43	
2020-11-15 09:15:00	0.8	남남동	160	16.30	30.37	0.45	5.2	0.63	5.0	4.4	남서	228	14.7	1026.6	-	74	
2020-11-15 09:20:00	2.2	남	181	16.29	30.36	0.37	4.8	0.54	4.5	4.2	남서	225	14.7	1026.5	-	3	
2020-11-15 09:25:00	4.2	남동	137	16.28	30.37	0.49	4.9	0.65	4.0	4.0	남서	228	14.9	1026.4	-	108	
2020-11-15 09:30:00	3.0	동남동	116	16.28	30.35	0.47	5.3	0.67	6.0	3.9	남서	229	15.1	1026.4	-	340	
2020-11-15 09:35:00	3.3	남	178	16.28	30.36	0.45	4.8	0.55	6.5	3.6	남서	235	15.4	1026.3	-	80	
2020-11-15 09:40:00	1.7	남	179	16.27	30.37	0.43	4.6	0.66	4.5	3.3	남서	236	15.7	1026.3	-	310	
2020-11-15 09:45:00	5.7	남남동	156	16.27	30.37	0.43	4.9	0.59	4.5	2.8	남서	232	15.9	1026.3	-	68	
2020-11-15 09:50:00	4.2	남	184	16.26	30.38	0.45	4.9	0.60	5.0	2.5	서남서	238	16.0	1026.3	-	42	
2020-11-15 09:55:00	2.8	남	170	16.25	30.39	0.41	5.1	0.58	4.0	2.3	서남서	239	16.2	1026.2	-	116	
2020-11-15 10:00:00	4.8	남	169	16.25	30.39	0.42	5.0	0.56	5.0	1.9	서남서	240	16.3	1026.2	-	63	
2020-11-15 10:05:00	3.0	남남동	152	16.25	30.39	0.37	4.9	0.63	5.0	1.7	남서	232	16.5	1026.1	-	72	
2020-11-15 10:10:00	4.0	남	191	16.26	30.39	0.39	5.0	0.49	4.5	1.6	서남서	255	17.0	1026.1	-	110	
2020-11-15 10:15:00	5.9	남남서	193	16.28	30.41	0.38	5.5	0.64	4.0	1.6	서남서	252	17.2	1026.0	-	98	
2020-11-15 10:20:00	5.5	남	181	16.29	30.41	0.35	5.4	0.49	3.5	1.7	서남서	249	17.4	1025.9	-	57	
2020-11-15 10:25:00	6.9	남남서	198	16.30	30.40	0.37	4.9	0.55	5.0	1.5	서남서	258	17.5	1025.8	-	107	
2020-11-15 10:30:00	6.8	남	189	16.30	30.41	0.39	5.7	0.60	5.0	2.1	서	267	17.4	1025.8	-	43	
2020-11-15 10:35:00	7.5	남	180	16.32	30.41	0.35	5.3	0.47	6.0	1.5	서북서	290	17.7	1025.7	-	84	
2020-11-15 10:40:00	7.3	남남서	199	16.34	30.42	0.42	5.6	0.52	6.0	0.8	북서	326	17.4	1025.7	-	66	
2020-11-15 10:45:00	7.5	남	186	16.34	30.42	0.41	5.3	0.60	4.5	0.7	동북동	60	17.5	1025.6	-	44	
2020-11-15 10:50:00	5.2	남	182	16.35	30.40	0.38	5.6	0.52	6.5	1.6	북동	47	17.3	1025.5	-	104	
2020-11-15 10:55:00	6.4	남	185	16.35	30.40	0.35	4.9	0.47	6.0	1.9	북북동	26	16.9	1025.5	-	69	
2020-11-15 11:00:00	7.1	남	176	16.37	30.43	0.41	5.3	0.65	5.5	2.0	북북동	26	16.8	1025.4	-	35	
2020-11-15 11:05:00	5.7	남서	215	16.40	30.43	0.41	4.7	0.61	5.5	2.1	북북동	26	16.8	1025.4	-	298	
2020-11-15 11:10:00	8.6	남서	225	16.44	30.43	0.40	5.2	0.54	4.5	2.2	북동	56	16.8	1025.3	-	122	
2020-11-15 11:15:00	5.0	남서	227	16.47	30.44	0.41	5.8	0.63	5.5	2.5	동북동	74	16.7	1025.2	-	62	
2020-11-15 11:20:00	5.9	서남서	237	16.49	30.42	0.32	5.2	0.56	5.5	2.4	동북동	76	16.7	1025.2	-	85	
2020-11-15 11:25:00	6.9	남서	232	16.49	30.41	0.36	5.3	0.53	5.0	2.0	동북동	59	16.8	1025.2	-	106	
2020-11-15 11:30:00	4.9	남서	230	16.48	30.41	0.36	5.1	0.49	6.0	2.3	북동	46	16.8	1025.1	-	92	
2020-11-15 11:35:00	7.3	남서	235	16.48	30.44	0.34	5.2	0.52	4.5	2.9	동북동	59	16.7	1024.9	-	25	
2020-11-15 11:40:00	7.3	남서	223	16.48	30.43	0.38	5.2	0.49	5.0	3.3	동북동	65	16.7	1024.7	-	357	
2020-11-15 11:45:00	5.1	남서	222	16.51	30.42	0.33	5.4	0.39	4.5	2.9	동북동	63	16.8	1024.6	-	355	
2020-11-15 11:50:00	4.7	남서	222	16.53	30.44	0.36	5.3	0.52	6.0	2.6	동북동	63	16.9	1024.5	-	58	
2020-11-15 11:55:00	4.3	남서	231	16.52	30.43	0.38	5.5	0.65	5.5	2.9	동북동	60	17.1	1024.4	-	57	
2020-11-15 12:00:00	6.9	남서	230	16.54	30.45	0.36	5.3	0.51	6.0	3.4	동북동	57	16.8	1024.4	-	36	
2020-11-15 12:05:00	5.2	서남서	244	16.55	30.43	0.32	5.1	0.47	5.5	3.0	동북동	66	17.0	1024.3	-	90	
2020-11-15 12:10:00	6.1	서남서	238	16.55	30.44	0.35	5.2	0.50	5.5	3.0	동북동	67	17.0	1024.2	-	23	
2020-11-15 12:15:00	6.7	남서	232	16.53	30.43	0.39	5.1	0.53	4.5	2.9	동북동	63	17.0	1024.1	-	335	
2020-11-15 12:20:00	6.0	남남서	212	16.53	30.43	0.38	5.5	0.53	6.5	1.6	동북동	69	17.2	1023.9	-	73	
2020-11-15 12:25:00	5.2	남서	214	16.52	30.43	0.40	5.1	0.56	5.0	1.9	동북동	63	17.4	1023.9	-	93	
2020-11-15 12:30:00	3.7	남서	232	16.54	30.45	0.38	5.5	0.47	4.5	2.7	동북동	65	17.3	1023.8	-	10	
2020-11-15 12:35:00	4.9	남남서	199	16.56	30.41	0.39	5.3	0.49	4.5	2.4	동북동	68	17.3	1023.7	-	82	
2020-11-15 12:40:00	3.9	남서	226	16.53	30.43	0.35	5.1	0.53	6.0	2.1	동	79	17.9	1023.6	-	57	
2020-11-15 12:45:00	3.5	남서	226	16.54	30.46	0.42	5.3	0.64	5.0	2.8	동북동	59	17.4	1023.5	-	50	
2020-11-15 12:50:00	2.2	남남서	207	16.53	30.46	0.35	5.2	0.60	5.5	2.9	동북동	69	17.4	1023.4	-	96	
2020-11-15 12:55:00	3.1	남남서	209	16.59	30.46	0.38	5.1	0.61	5.0	3.4	동북동	67	17.0	1023.3	-	104	
2020-11-15 13:00:00	3.3	남서	218	16.59	30.43	0.34	5.3	0.48	5.5	2.6	동북동	66	17.1	1023.2	-	80	
2020-11-15 13:05:00	4.1	남서	220	16.59	30.43	0.36	5.6	0.46	5.0	2.9	동북동	68	17.3	1023.1	-	96	
2020-11-15 13:10:00	2.2	남남서	205	16.52	30.42	0.36	5.2	0.52	6.0	2.4	동북동	67	17.4	1023.1	-	63	
2020-11-15 13:15:00	5.4	남	186	16.53	30.49	0.34	5.3	0.55	5.5	1.6	북동	53	17.6	1023.1	-	133	
2020-11-15 13:20:00	4.1	서남서	237	16.58	30.44	0.34	5.1	0.48	7.0	2.4	동북동	64	17.5	1023.0	-	93	
2020-11-15 13:25:00	4.0	남남서	212	16.57	30.46	0.32	5.2	0.45	5.5	1.4	동북동	76	17.5	1022.9	-	47	
2020-11-15 13:30:00	3.5	남	183	16.60	30.43	0.36	5.3	0.45	5.5	1.7	북서	312	18.0	1022.8	-	93	
2020-11-15 13:35:00	3.9	남서	219	16.56	30.44	0.38	5.4	0.64	5.5	1.9	북서	326	18.3	1022.9	-	70	
2020-11-15 13:40:00	3.2	남남서	199	16.55	30.40	0.34	5.3	0.45	6.5	1.5	북북서	333	18.4	1022.9	-	130	
2020-11-15 13:45:00	2.6	남	176	16.51	30.44	0.34	5.2	0.55	6.0	1.2	북동	46	17.8	1022.8	-	128	
2020-11-15 13:50:00	3.9	남	190	16.53	30.44	0.34	5.2	0.50	6.5	0.1	북북동	13	17.9	1022.6	-	81	
2020-11-15 13:55:00	1.6	남	190	16.50	30.42	0.32	4.8	0.51	6.0	0.4	서북서	290	18.3	1022.6	-	71	
2020-11-15 14:00:00	2.8	남	169	16.48	30.42	0.35	5.5	0.41	5.0	0.8	남서	232	18.5	1022.6	-	82	
2020-11-15 14:05:00	3.4	남	181	16.48	30.42	0.39	5.3	0.53	6.0	0.9	서남서	257	18.6	1022.6	-	84	
2020-11-15 14:10:00	4.2	남남동	154	16.48	30.44	0.37	5.6	0.53	5.5	0.5	서남서	258	18.9	1022.6	-	75	
2020-11-15 14:15:00	4.9	남남동	166	16.48	30.43	0.40	5.6	0.61	5.5	1.0	북서	310	19.3	1022.5	-	98	
2020-11-15 14:20:00	5.6	남동	136	16.48	30.43	0.37	5.7	0.55	5.0	1.0	북	350	18.2	1022.5	-	61	
2020-11-15 14:25:00	3.7	남남동	155	16.49	30.45	0.44	5.4	0.52	4.5	0.5	북	350	18.7	1022.5	-	113	
2020-11-15 14:30:00	3.5	남동	143	16.52	30.43	0.35	5.4	0.50	5.5	1.2	북	5	18.7	1022.5	-	90	
2020-11-15 14:35:00	5.7	남남동	159	16.53	30.43	0.38	5.8	0.67	5.0	2.6	북북동	20	18.0	1022.6	-	86	
2020-11-15 14:40:00	3.1	남남동	156	16.52	30.43	0.38	5.0	0.48	5.0	3.6	북북동	23	17.5	1022.6	-	130	
2020-11-15 14:45:00	3.6	남동	145	16.52	30.43	0.37	5.6	0.50	6.5	3.2	북북동	17	17.5	1022.7	-	91	
2020-11-15 14:50:00	3.0	남남동	154	16.53	30.43	0.36	5.3	0.59	5.5	3.9	북북동	31	17.4	1022.7	-	94	
2020-11-15 14:55:00	3.7	남동	143	16.52	30.43	0.37	5.3	0.50	4.5	4.1	북동	40	17.3	1022.7	-	146	
2020-11-15 15:00:00	4.8	남남동	148	16.53	30.44	0.40	5.2	0.50	5.0	3.0	북동	47	17.2	1022.6	-	72	
2020-11-15 15:05:00	5.6	남동	138	16.53	30.44	0.30	5.7	0.46	5.5	2.3	북동	49	17.3	1022.5	-	27	
2020-11-15 15:10:00	3.9	남	173	16.55	30.45	0.40	5.9	0.68	5.0	3.0	북동	48	17.2	1022.5	-	90	
2020-11-15 15:15:00	4.4	남남동	156	16.57	30.45	0.31	5.8	0.49	5.5	3.4	북동	52	17.2	1022.5	-	87	
2020-11-15 15:20:00	5.3	남남동	162	16.60	30.43	0.30	5.4	0.55	5.5	3.0	동북동	65	17.3	1022.5	-	70	
2020-11-15 15:25:00	4.3	남남동	155	16.58	30.43	0.38	5.1	0.53	4.5	2.1	동	79	17.4	1022.6	-	107	
2020-11-15 15:30:00	3.6	남동	133	16.59	30.38	0.45	5.3	0.63	5.0	2.3	동북동	68	17.4	1022.6	-	95	
2020-11-15 15:35:00	5.7	남남동	154	16.57	30.45	0.34	5.3	0.58	4.5	2.8	동북동	63	17.3	1022.7	-	96	
2020-11-15 15:40:00	6.3	남남동	148	16.58	30.44	0.35	5.6	0.58	5.5	2.8	동북동	62	17.2	1022.7	-	93	
2020-11-15 15:45:00	6.3	남남동	159	16.58	30.44	0.41	5.5	0.63	5.0	2.0	동북동	68	17.4	1022.6	-	94	
2020-11-15 15:50:00	5.5	남	175	16.59	30.43	0.40	5.6	0.58	5.0	1.6	동	86	17.3	1022.7	-	114	
2020-11-15 15:55:00	6.1	남남동	162	16.60	30.43	0.36	5.4	0.50	5.5	1.2	동	93	17.4	1022.6	-	110	
2020-11-15 16:00:00	5.3	남	177	16.60	30.44	0.35	5.4	0.54	5.5	0.9	남	176	17.5	1022.7	-	84	
2020-11-15 16:05:00	7.4	남	182	16.60	30.44	0.41	5.4	0.54	7.0	1.7	남남서	206	18.4	1022.7	-	128	
2020-11-15 16:10:00	5.5	남	178	16.59	30.43	0.34	4.9	0.45	5.0	2.3	남남서	205	18.7	1022.7	-	80	
2020-11-15 16:15:00	5.4	남	180	16.58	30.43	0.40	5.7	0.83	5.0	2.4	남남서	200	18.6	1022.7	-	94	
2020-11-15 16:20:00	5.1	남	170	16.55	30.44	0.35	5.5	0.44	7.0	2.4	남남서	201	18.9	1022.7	-	73	
2020-11-15 16:25:00	6.6	남남동	159	16.52	30.43	0.37	5.4	0.46	3.0	2.0	서남서	242	18.9	1022.6	-	81	
2020-11-15 16:30:00	6.4	남남동	156	16.51	30.42	0.38	5.2	0.44	4.5	2.0	서남서	245	18.8	1022.7	-	58	
2020-11-15 16:35:00	6.3	남남동	160	16.51	30.42	0.34	4.9	0.48	5.0	2.7	서남서	237	18.6	1022.7	-	123	
2020-11-15 16:40:00	6.5	남남동	157	16.50	30.42	0.36	5.7	0.53	5.0	2.1	서남서	251	18.5	1022.7	-	106	
2020-11-15 16:45:00	5.6	남남동	150	16.49	30.43	0.36	5.5	0.48	5.5	3.7	서남서	239	18.5	1022.7	-	174	
2020-11-15 16:50:00	7.1	남남동	157	16.48	30.40	0.38	4.9	0.48	5.0	3.9	남서	236	18.2	1022.7	-	71	
2020-11-15 16:55:00	5.8	남동	139	16.47	30.42	0.41	5.4	0.59	4.5	5.9	남서	230	18.0	1022.7	-	90	
2020-11-15 17:00:00	5.6	남동	140	16.46	30.40	0.40	5.0	0.82	5.5	6.9	남서	236	17.9	1022.6	-	105	
2020-11-15 17:05:00	6.2	남남동	160	16.44	30.42	0.44	5.3	0.57	5.0	7.2	남서	233	17.8	1022.6	-	100	
2020-11-15 17:10:00	5.6	동남동	123	16.43	30.43	0.43	5.1	0.56	4.5	7.3	남서	233	17.6	1022.6	-	113	
2020-11-15 17:15:00	6.2	남동	136	16.43	30.43	0.40	5.1	0.62	5.5	6.6	남서	234	17.5	1022.6	-	50	
2020-11-15 17:20:00	4.8	남동	130	16.42	30.42	0.34	5.1	0.45	6.0	5.6	남서	229	17.5	1022.8	-	118	
2020-11-15 17:25:00	6.2	남동	126	16.42	30.43	0.35	5.1	0.46	4.5	4.6	남서	229	17.3	1022.8	-	109	
2020-11-15 17:30:00	8.4	남	183	16.41	30.43	0.37	5.3	0.44	5.5	5.2	남서	234	17.2	1022.8	-	226	
2020-11-15 17:35:00	4.8	남동	143	16.41	30.43	0.40	5.1	0.52	4.0	5.4	남서	230	17.3	1022.8	-	17	
2020-11-15 17:40:00	5.6	남동	134	16.40	30.44	0.33	5.5	0.46	6.0	5.3	남서	228	17.2	1022.8	-	108	
2020-11-15 17:45:00	6.2	남동	128	16.40	30.45	0.39	5.1	0.55	2.5	5.2	남서	229	17.2	1022.7	-	59	
2020-11-15 17:50:00	4.3	동남동	120	16.39	30.45	0.36	5.2	0.54	6.0	5.3	남서	231	17.2	1022.8	-	118	
2020-11-15 17:55:00	5.8	동남동	121	16.38	30.45	0.42	5.4	0.55	6.0	5.0	남서	229	17.2	1022.9	-	79	
2020-11-15 18:00:00	6.9	동남동	119	16.36	30.44	0.38	5.2	0.53	5.5	5.8	남서	231	17.2	1022.8	-	104	
2020-11-15 18:05:00	5.4	동남동	122	16.35	30.43	0.34	5.2	0.46	5.5	6.1	서남서	237	17.1	1022.9	-	93	
2020-11-15 18:10:00	8.0	남동	127	16.35	30.43	0.35	5.4	0.47	5.5	6.3	남서	231	17.1	1022.8	-	115	
2020-11-15 18:15:00	5.7	남동	131	16.34	30.43	0.31	5.4	0.40	6.0	6.1	남서	231	17.0	1022.8	-	123	
2020-11-15 18:20:00	6.5	남동	127	16.32	30.45	0.30	5.6	0.41	6.5	5.2	남서	234	16.9	1022.8	-	69	
2020-11-15 18:25:00	4.7	남동	129	16.32	30.45	0.32	5.6	0.39	4.5	5.6	남서	231	16.9	1022.8	-	107	
2020-11-15 18:30:00	4.7	남남동	146	16.31	30.46	0.31	5.8	0.45	5.5	5.0	남서	231	16.9	1022.8	-	99	
2020-11-15 18:35:00	7.2	남동	124	16.31	30.46	0.32	5.2	0.41	4.0	5.1	남서	236	16.8	1022.8	-	144	
2020-11-15 18:40:00	5.2	남동	137	16.31	30.47	0.30	5.2	0.37	5.5	4.4	남서	231	16.7	1022.9	-	115	
2020-11-15 18:45:00	6.3	남동	144	16.31	30.46	0.36	5.4	0.46	5.5	4.4	남서	236	16.7	1023.0	-	128	
2020-11-15 18:50:00	7.5	남남동	152	16.31	30.46	0.31	5.3	0.57	6.0	4.3	서남서	238	16.7	1023.1	-	85	
2020-11-15 18:55:00	6.5	남남동	150	16.31	30.47	0.30	5.8	0.42	6.0	4.4	남서	236	16.7	1023.1	-	122	
2020-11-15 19:00:00	7.5	남남동	151	16.32	30.47	0.31	5.1	0.42	5.5	4.0	서남서	239	16.6	1023.0	-	81	
2020-11-15 19:05:00	7.1	남동	145	16.32	30.48	0.36	5.5	0.55	5.5	5.4	서남서	237	16.6	1022.9	-	81	
2020-11-15 19:10:00	7.4	남남동	159	16.32	30.49	0.27	5.4	0.39	5.5	6.2	남서	235	16.7	1022.8	-	133	
2020-11-15 19:15:00	7.1	남동	141	16.33	30.50	0.31	5.0	0.55	5.5	6.1	서남서	238	16.8	1022.9	-	183	
2020-11-15 19:20:00	7.6	남동	144	16.33	30.51	0.32	5.8	0.50	6.0	5.3	남서	234	16.7	1022.9	-	115	
2020-11-15 19:25:00	9.2	남남동	147	16.34	30.50	0.36	5.5	0.50	5.5	4.1	남서	223	16.6	1023.0	-	88	
2020-11-15 19:30:00	10.0	남동	133	16.34	30.51	0.33	5.9	0.46	6.0	3.2	남서	218	16.5	1023.1	-	110	
2020-11-15 19:35:00	5.5	남남동	149	16.35	30.51	0.32	4.9	0.45	6.5	3.7	남서	218	16.5	1023.0	-	113	
2020-11-15 19:40:00	8.3	남동	130	16.34	30.52	0.29	5.3	0.38	5.0	3.9	남서	220	16.6	1023.1	-	115	
2020-11-15 19:45:00	10.2	동남동	118	16.35	30.52	0.32	5.3	0.46	4.5	3.9	남서	223	16.5	1023.1	-	123	
2020-11-15 19:50:00	10.6	동남동	121	16.36	30.51	0.32	5.8	0.46	5.5	4.8	남서	222	16.5	1023.1	-	90	
2020-11-15 19:55:00	9.5	남동	124	16.36	30.52	0.33	5.4	0.40	5.0	5.0	남서	226	16.5	1023.1	-	106	
2020-11-15 20:00:00	10.7	남동	132	16.37	30.53	0.30	5.1	0.42	5.5	5.0	남서	229	16.4	1023.1	-	116	
2020-11-15 20:05:00	9.7	남동	131	16.37	30.53	0.32	5.5	0.48	5.0	3.8	남서	226	16.3	1023.2	-	113	
2020-11-15 20:10:00	10.4	남남동	152	16.38	30.53	0.35	5.9	0.43	5.5	5.0	남서	233	16.3	1023.2	-	107	
2020-11-15 20:15:00	9.6	남동	135	16.38	30.53	0.28	5.7	0.40	5.0	5.4	남서	236	16.4	1023.1	-	107	
2020-11-15 20:20:00	10.5	남동	134	16.37	30.52	0.30	5.2	0.43	5.5	6.4	서남서	240	16.3	1023.1	-	104	
2020-11-15 20:25:00	9.6	남동	131	16.35	30.54	0.34	5.7	0.56	5.5	6.3	서남서	240	16.4	1023.1	-	105	
2020-11-15 20:30:00	11.5	동남동	113	16.34	30.54	0.32	5.7	0.39	6.0	6.2	서남서	239	16.3	1023.0	-	124	
2020-11-15 20:35:00	9.8	동남동	123	16.32	30.55	0.29	6.1	0.39	6.0	6.3	서남서	238	16.2	1023.0	-	111	
2020-11-15 20:40:00	13.4	남동	131	16.29	30.53	0.31	6.0	0.44	5.0	6.2	서남서	237	16.2	1023.0	-	138	
2020-11-15 20:45:00	13.6	남동	131	16.25	30.55	0.34	5.5	0.53	6.0	6.2	남서	232	16.3	1022.9	-	109	
2020-11-15 20:50:00	12.8	남동	130	16.24	30.56	0.35	5.8	0.45	5.0	5.7	남서	234	16.3	1022.9	-	114	
2020-11-15 20:55:00	10.6	남동	124	16.23	30.57	0.30	5.8	0.38	6.0	5.0	남서	235	16.3	1023.1	-	117	
2020-11-15 21:00:00	12.7	남동	131	16.22	30.57	0.27	5.7	0.35	4.0	5.7	남서	234	16.3	1023.0	-	127	
2020-11-15 21:05:00	13.2	남동	135	16.20	30.56	0.30	6.4	0.39	5.0	6.4	서남서	240	16.3	1022.9	-	147	
2020-11-15 21:10:00	14.4	남동	135	16.19	30.57	0.30	5.5	0.66	6.0	7.0	서남서	240	16.2	1022.8	-	123	
2020-11-15 21:15:00	14.8	남동	132	16.18	30.56	0.28	5.8	0.38	5.5	7.6	서남서	241	16.3	1022.7	-	129	
2020-11-15 21:20:00	14.6	남동	134	16.18	30.56	0.27	5.7	0.31	5.5	7.5	서남서	237	16.2	1022.6	-	78	
2020-11-15 21:25:00	14.0	남동	130	16.17	30.57	0.32	6.1	0.47	6.0	7.6	남서	235	16.3	1022.5	-	121	
2020-11-15 21:30:00	17.3	남동	134	16.16	30.57	0.31	6.0	0.44	6.0	7.3	남서	235	16.2	1022.6	-	122	
2020-11-15 21:35:00	19.6	남동	137	16.15	30.57	0.26	5.8	0.35	5.5	7.7	남서	234	16.2	1022.6	-	128	
2020-11-15 21:40:00	17.3	남동	137	16.15	30.58	0.31	5.6	0.45	5.0	7.6	남서	233	16.2	1022.5	-	120	
2020-11-15 21:45:00	17.7	남동	131	16.15	30.57	0.28	5.4	0.36	6.0	7.2	남서	232	16.2	1022.6	-	135	
2020-11-15 21:50:00	16.2	남동	125	16.15	30.58	0.31	5.8	0.64	6.5	7.0	남서	228	16.1	1022.6	-	125	
2020-11-15 21:55:00	16.0	남동	125	16.15	30.57	0.26	5.9	0.36	5.5	6.7	남서	231	16.1	1022.7	-	131	
2020-11-15 22:00:00	14.8	남동	144	16.15	30.58	0.29	5.6	0.45	6.5	6.6	남서	229	16.1	1022.8	-	130	
2020-11-15 22:05:00	14.6	남동	144	16.16	30.58	0.32	5.6	0.48	5.5	7.2	남서	231	16.1	1022.8	-	112	
2020-11-15 22:10:00	14.9	남동	146	16.16	30.58	0.37	5.6	0.47	5.5	7.5	서남서	237	16.1	1022.8	-	108	
2020-11-15 22:15:00	13.9	남남동	151	16.17	30.59	0.30	5.5	0.44	6.0	7.3	서남서	238	16.1	1022.8	-	127	
2020-11-15 22:20:00	13.9	남동	144	16.17	30.59	0.34	5.8	0.45	4.5	7.5	서남서	238	16.1	1022.7	-	112	
2020-11-15 22:25:00	15.7	남남동	155	16.18	30.59	0.27	6.2	0.37	6.5	7.3	남서	235	16.1	1022.7	-	135	
2020-11-15 22:30:00	15.4	남남동	155	16.18	30.59	0.27	5.6	0.35	5.0	7.4	서남서	237	16.1	1022.7	-	118	
2020-11-15 22:35:00	14.4	남남동	148	16.18	30.58	0.37	5.7	0.59	5.5	6.8	서남서	237	16.1	1022.9	-	102	
2020-11-15 22:40:00	15.6	남남동	154	16.18	30.58	0.37	5.5	0.54	6.0	7.3	서남서	238	16.0	1022.9	-	112	
2020-11-15 22:45:00	15.9	남남동	156	16.18	30.58	0.35	5.9	0.46	5.0	7.5	서남서	240	16.0	1022.8	-	112	
2020-11-15 22:50:00	15.8	남남동	167	16.18	30.59	0.35	5.4	0.56	5.5	6.5	서남서	239	16.1	1022.8	-	124	
2020-11-15 22:55:00	14.1	남남동	163	16.19	30.58	0.27	5.4	0.40	5.5	5.5	서남서	242	15.9	1022.9	-	121	
2020-11-15 23:00:00	16.2	남남동	165	16.19	30.58	0.34	5.7	0.43	5.5	4.7	남서	236	15.9	1023.0	-	121	
2020-11-15 23:05:00	18.7	남남동	166	16.19	30.57	0.28	5.7	0.39	5.5	4.9	남서	228	16.0	1023.1	-	113	
2020-11-15 23:10:00	18.5	남남동	163	16.18	30.56	0.29	6.0	0.44	6.0	5.2	남서	228	15.9	1023.1	-	126	
2020-11-15 23:15:00	18.4	남남동	165	16.18	30.55	0.28	5.5	0.40	5.0	5.0	남서	228	15.9	1023.2	-	118	
2020-11-15 23:20:00	17.6	남	170	16.19	30.56	0.31	5.5	0.46	5.0	6.1	남서	234	15.8	1023.2	-	116	
2020-11-15 23:25:00	17.7	남남동	163	16.19	30.55	0.27	5.9	0.37	5.5	7.6	남서	235	15.8	1023.2	-	130	
2020-11-15 23:30:00	18.3	남남동	160	16.20	30.56	0.30	5.1	0.45	5.0	7.3	서남서	237	15.8	1023.2	-	67	
2020-11-15 23:35:00	19.1	남남동	168	16.21	30.56	0.29	5.7	0.37	5.5	5.8	남서	236	15.8	1023.4	-	105	
2020-11-15 23:40:00	19.3	남남동	167	16.22	30.57	0.27	5.8	0.35	5.5	6.0	서남서	242	15.7	1023.4	-	99	
2020-11-15 23:45:00	18.4	남남동	163	16.24	30.56	0.26	5.5	0.32	5.5	6.5	서남서	241	15.7	1023.3	-	111	
2020-11-15 23:50:00	18.0	남남동	164	16.26	30.55	0.30	6.1	0.38	5.5	6.3	서남서	238	15.7	1023.3	-	122	
2020-11-15 23:55:00	19.9	남	169	16.26	30.56	0.30	5.1	0.41	5.5	6.4	서남서	245	15.8	1023.4	-	161	
2020-11-16 00:00:00	19.2	남남동	161	16.27	30.56	0.30	5.5	0.53	5.0	6.6	서남서	243	15.6	1023.4	-	118	
2020-11-16 00:05:00	19.3	남남동	167	16.28	30.57	0.32	5.7	0.40	5.5	6.5	서남서	247	15.6	1023.4	-	134	
2020-11-16 00:10:00	20.5	남남동	162	16.30	30.58	0.30	5.5	0.50	5.5	5.7	서남서	246	15.6	1023.4	-	126	
2020-11-16 00:15:00	19.4	남남동	162	16.34	30.60	0.27	5.6	0.39	6.0	5.3	서남서	246	15.4	1023.5	-	87	
2020-11-16 00:20:00	22.7	남남동	161	16.37	30.61	0.24	5.5	0.29	5.0	5.9	남서	236	15.5	1023.4	-	93	
2020-11-16 00:25:00	20.8	남남동	164	16.40	30.60	0.31	5.9	0.41	6.5	5.9	서남서	241	15.5	1023.5	-	132	
2020-11-16 00:30:00	22.2	남남동	161	16.42	30.61	0.29	6.1	0.43	6.5	6.2	서남서	242	15.4	1023.5	-	103	
2020-11-16 00:35:00	22.3	남남동	162	16.44	30.61	0.30	5.7	0.36	5.5	6.1	서남서	242	15.3	1023.5	-	125	
2020-11-16 00:40:00	21.0	남남동	161	16.45	30.62	0.31	5.8	0.45	5.5	6.2	서남서	241	15.4	1023.6	-	163	
2020-11-16 00:45:00	21.5	남남동	154	16.45	30.61	0.28	5.5	0.38	4.5	6.2	서남서	239	15.4	1023.6	-	113	
2020-11-16 00:50:00	20.7	남남동	160	16.45	30.61	0.24	6.4	0.32	6.5	6.0	남서	229	15.2	1023.5	-	57	
2020-11-16 00:55:00	21.5	남남동	159	16.45	30.59	0.26	5.9	0.38	5.5	5.6	남서	224	15.1	1023.5	-	159	
2020-11-16 01:00:00	24.0	남남동	159	16.44	30.60	0.28	5.9	0.33	8.0	5.2	남서	224	15.1	1023.6	-	104	
2020-11-16 01:05:00	23.9	남남동	158	16.44	30.61	0.30	5.8	0.38	5.5	5.4	남서	228	15.1	1023.6	-	120	
2020-11-16 01:10:00	21.7	남남동	160	16.45	30.62	0.26	5.6	0.39	6.0	4.2	서남서	237	15.1	1023.6	-	130	
2020-11-16 01:15:00	21.8	남남동	158	16.46	30.60	0.26	6.0	0.35	5.5	4.4	서남서	241	15.1	1023.6	-	130	
2020-11-16 01:20:00	21.2	남남동	157	16.46	30.60	0.31	5.4	0.48	5.5	4.3	서남서	238	15.2	1023.7	-	119	
2020-11-16 01:25:00	21.2	남남동	158	16.46	30.61	0.24	5.9	0.34	4.5	4.5	남서	236	15.1	1023.7	-	8	
2020-11-16 01:30:00	22.1	남남동	156	16.46	30.61	0.29	6.0	0.39	5.5	5.0	서남서	243	15.1	1023.7	-	102	
2020-11-16 01:35:00	22.1	남남동	157	16.46	30.60	0.26	6.0	0.39	5.5	5.6	서남서	242	15.1	1023.7	-	118	
2020-11-16 01:40:00	22.7	남남동	155	16.47	30.60	0.25	6.1	0.30	7.0	5.7	서남서	247	15.2	1023.7	-	90	
2020-11-16 01:45:00	22.2	남남동	154	16.46	30.59	0.27	6.2	0.40	5.5	5.5	서남서	249	15.2	1023.8	-	111	
2020-11-16 01:50:00	21.8	남남동	154	16.46	30.60	0.28	5.7	0.40	5.0	5.4	서남서	240	15.1	1023.8	-	101	
2020-11-16 01:55:00	21.2	남남동	161	16.45	30.62	0.26	5.9	0.34	6.0	5.5	서남서	243	15.2	1023.8	-	251	
2020-11-16 02:00:00	22.5	남남동	157	16.44	30.61	0.24	6.4	0.36	5.0	5.1	서남서	246	15.2	1023.7	-	159	
2020-11-16 02:05:00	21.5	남남동	157	16.44	30.60	0.26	6.0	0.42	6.5	5.5	서남서	241	15.3	1023.7	-	123	
2020-11-16 02:10:00	22.5	남남동	154	16.43	30.61	0.27	5.7	0.33	5.0	5.7	남서	235	15.3	1023.7	-	129	
2020-11-16 02:15:00	23.0	남남동	156	16.44	30.61	0.24	5.6	0.32	8.5	6.1	남서	231	15.3	1023.7	-	20	
2020-11-16 02:20:00	22.5	남남동	155	16.44	30.61	0.24	6.1	0.29	5.0	5.3	남서	235	15.2	1023.9	-	68	
2020-11-16 02:25:00	22.3	남남동	152	16.44	30.62	0.26	5.8	0.30	8.0	4.4	서남서	252	15.2	1024.0	-	76	
2020-11-16 02:30:00	24.4	남남동	155	16.44	30.60	0.25	6.5	0.39	6.0	4.1	서남서	246	15.0	1023.9	-	96	
2020-11-16 02:35:00	23.3	남남동	152	16.44	30.61	0.23	5.5	0.32	6.5	4.4	서남서	244	15.1	1023.8	-	121	
2020-11-16 02:40:00	24.5	남남동	156	16.43	30.60	0.23	5.4	0.29	5.5	4.4	남서	236	15.2	1023.8	-	80	
2020-11-16 02:45:00	23.0	남남동	153	16.43	30.59	0.27	5.5	0.39	6.0	4.0	서남서	239	15.0	1023.8	-	105	
2020-11-16 02:50:00	22.8	남남동	154	16.43	30.59	0.24	6.5	0.36	6.5	3.7	서남서	245	15.0	1023.8	-	135	
2020-11-16 02:55:00	23.4	남남동	157	16.42	30.60	0.30	5.9	0.36	6.0	3.4	서남서	241	14.9	1023.7	-	95	
2020-11-16 03:00:00	24.4	남남동	150	16.42	30.60	0.28	5.6	0.36	6.0	3.1	서남서	242	14.9	1023.8	-	79	
2020-11-16 03:05:00	23.4	남남동	154	16.42	30.59	0.25	5.6	0.35	4.5	3.4	서남서	238	14.8	1023.8	-	62	
2020-11-16 03:10:00	23.0	남남동	157	16.42	30.59	0.26	5.6	0.36	5.0	2.8	남서	233	14.8	1023.8	-	104	
2020-11-16 03:15:00	23.4	남남동	158	16.42	30.59	0.29	6.2	0.43	6.0	2.9	서남서	241	14.7	1023.8	-	99	
2020-11-16 03:20:00	23.6	남남동	158	16.43	30.59	0.28	6.1	0.37	5.5	2.8	서남서	238	14.7	1023.7	-	94	
2020-11-16 03:25:00	23.3	남남동	155	16.44	30.57	0.28	6.4	0.46	6.5	2.9	서남서	241	14.6	1023.7	-	70	
2020-11-16 03:30:00	22.1	남남동	161	16.43	30.60	0.28	5.8	0.37	6.5	3.7	서남서	239	14.7	1023.7	-	69	
2020-11-16 03:35:00	23.7	남남동	156	16.43	30.59	0.28	6.2	0.41	5.5	4.7	서남서	238	14.9	1023.6	-	118	
2020-11-16 03:40:00	20.5	남남동	162	16.44	30.61	0.28	5.6	0.43	5.5	4.0	서남서	241	14.9	1023.7	-	85	
2020-11-16 03:45:00	23.2	남남동	158	16.44	30.59	0.27	6.2	0.31	6.5	3.8	서남서	243	14.8	1023.8	-	86	
2020-11-16 03:50:00	20.7	남남동	159	16.44	30.61	0.26	5.4	0.34	6.0	4.2	서남서	245	14.6	1023.8	-	47	
2020-11-16 03:55:00	23.3	남남동	159	16.44	30.60	0.29	6.4	0.37	5.0	3.4	서남서	243	14.4	1023.8	-	52	
2020-11-16 04:00:00	21.7	남남동	159	16.44	30.59	0.29	5.6	0.39	5.0	2.5	서남서	247	14.4	1023.9	-	28	
2020-11-16 04:05:00	21.8	남남동	163	16.44	30.58	0.32	6.1	0.43	9.0	2.6	서남서	237	14.6	1023.9	-	41	
2020-11-16 04:10:00	21.6	남남동	159	16.45	30.59	0.28	5.6	0.40	6.5	2.7	서남서	238	14.7	1023.9	-	86	
2020-11-16 04:15:00	18.0	남남동	162	16.45	30.60	0.29	4.9	0.38	6.5	3.2	남서	227	14.7	1023.9	-	67	
2020-11-16 04:20:00	20.1	남남동	158	16.45	30.59	0.32	5.8	0.44	5.5	2.1	남서	234	14.8	1023.9	-	101	
2020-11-16 04:25:00	19.9	남남동	162	16.47	30.59	0.30	5.6	0.51	5.5	1.9	서남서	247	14.7	1023.9	-	48	
2020-11-16 04:30:00	20.3	남남동	161	16.45	30.59	0.32	5.3	0.43	7.5	1.2	서남서	242	14.5	1024.0	-	65	
2020-11-16 04:35:00	20.9	남남동	159	16.45	30.59	0.36	5.5	0.54	5.5	1.1	서남서	246	14.5	1024.1	-	108	
2020-11-16 04:40:00	17.4	남남동	159	16.45	30.61	0.34	5.3	0.56	5.5	1.9	서남서	254	14.4	1024.3	-	39	
2020-11-16 04:45:00	19.3	남남동	164	16.46	30.59	0.36	5.6	0.48	5.5	2.4	서남서	241	14.1	1024.4	-	33	
2020-11-16 04:50:00	17.7	남남동	165	16.46	30.59	0.31	5.3	0.58	5.0	3.1	서남서	238	14.0	1024.3	-	68	
2020-11-16 04:55:00	19.6	남남동	163	16.46	30.60	0.35	5.2	0.54	5.5	3.6	서남서	249	14.0	1024.4	-	36	
2020-11-16 05:00:00	18.7	남남동	163	16.45	30.60	0.38	5.9	0.57	6.0	3.6	서남서	252	14.1	1024.5	-	7	
2020-11-16 05:05:00	18.3	남남동	162	16.46	30.60	0.37	5.9	0.57	6.5	4.6	서남서	250	13.9	1024.5	-	30	
2020-11-16 05:10:00	18.8	남남동	163	16.45	30.60	0.40	6.0	0.68	5.5	4.8	서남서	247	13.8	1024.5	-	2	
2020-11-16 05:15:00	19.2	남남동	161	16.45	30.62	0.44	5.7	0.56	7.5	4.8	서남서	248	13.8	1024.6	-	345	
2020-11-16 05:20:00	20.2	남남동	164	16.45	30.59	0.42	5.1	0.59	7.5	4.9	서남서	249	13.7	1024.7	-	341	
2020-11-16 05:25:00	17.2	남남동	164	16.45	30.59	0.49	5.8	0.78	5.5	5.1	서남서	248	13.6	1024.8	-	355	
2020-11-16 05:30:00	16.9	남남동	163	16.45	30.59	0.46	5.7	0.69	4.5	5.2	서남서	248	13.5	1024.8	-	346	
2020-11-16 05:35:00	17.2	남남동	159	16.44	30.59	0.53	5.6	0.92	6.5	5.4	서남서	247	13.5	1024.8	-	353	
2020-11-16 05:40:00	19.1	남남동	159	16.44	30.62	0.47	5.1	0.68	7.0	5.2	서남서	250	13.5	1024.8	-	347	
2020-11-16 05:45:00	17.4	남남동	157	16.44	30.60	0.54	6.2	0.70	5.5	5.3	서남서	249	13.4	1024.8	-	351	
2020-11-16 05:50:00	16.7	남남동	157	16.44	30.60	0.50	5.4	0.72	4.5	5.4	서남서	251	13.4	1024.9	-	359	
2020-11-16 05:55:00	16.9	남남동	153	16.44	30.59	0.59	5.8	0.77	6.5	4.8	서남서	254	13.3	1025.0	-	357	
2020-11-16 06:00:00	18.9	남남동	162	16.43	30.59	0.54	5.3	0.84	5.5	4.8	서남서	248	13.4	1025.0	-	341	
2020-11-16 06:05:00	15.7	남남동	158	16.44	30.60	0.68	6.2	0.92	6.0	5.0	서남서	249	13.4	1025.1	-	357	
2020-11-16 06:10:00	17.2	남남동	157	16.44	30.60	0.53	5.5	0.82	5.0	5.0	서남서	255	13.4	1025.1	-	351	
2020-11-16 06:15:00	18.0	남남동	157	16.44	30.59	0.50	6.3	0.60	5.5	5.2	서남서	245	13.4	1025.1	-	353	
2020-11-16 06:20:00	15.8	남남동	158	16.44	30.60	0.50	5.7	0.77	5.5	5.1	서남서	246	13.4	1025.2	-	357	
2020-11-16 06:25:00	18.3	남남동	155	16.43	30.59	0.60	5.4	0.78	5.5	5.4	서남서	245	13.4	1025.1	-	347	
2020-11-16 06:30:00	17.0	남남동	154	16.42	30.60	0.54	5.4	1.04	5.5	5.2	서남서	245	13.4	1025.1	-	1	
2020-11-16 06:35:00	17.2	남남동	159	16.41	30.58	0.60	6.3	0.74	6.5	5.1	서남서	240	13.6	1025.2	-	342	
2020-11-16 06:40:00	14.3	남남동	154	16.41	30.60	0.51	6.1	0.71	5.5	5.1	서남서	238	13.7	1025.1	-	354	
2020-11-16 06:45:00	16.4	남남동	158	16.41	30.60	0.60	5.8	0.78	5.5	4.9	서남서	244	13.6	1025.0	-	347	
2020-11-16 06:50:00	15.0	남남동	161	16.42	30.59	0.53	5.8	0.77	6.0	4.9	서남서	249	13.5	1025.1	-	351	
2020-11-16 06:55:00	14.6	남남동	158	16.40	30.59	0.49	5.5	0.79	6.0	4.8	서남서	241	13.6	1025.1	-	346	
2020-11-16 07:00:00	15.4	남남동	158	16.40	30.59	0.45	5.9	0.62	5.5	4.6	서남서	245	13.6	1025.2	-	348	
2020-11-16 07:05:00	13.3	남남동	156	16.40	30.59	0.60	5.9	0.83	6.5	4.8	서남서	251	13.5	1025.3	-	0	
2020-11-16 07:10:00	13.3	남남동	155	16.39	30.59	0.51	5.9	0.62	7.0	4.8	서남서	245	13.4	1025.3	-	343	
2020-11-16 07:15:00	16.5	남남동	154	16.39	30.59	0.43	5.4	0.61	6.5	4.8	서남서	243	13.4	1025.4	-	351	
2020-11-16 07:20:00	14.6	남동	145	16.39	30.59	0.62	5.7	0.89	5.5	5.0	서남서	246	13.4	1025.4	-	356	
2020-11-16 07:25:00	12.8	남남동	157	16.39	30.59	0.55	5.7	0.83	6.0	5.2	서남서	251	13.4	1025.5	-	347	
2020-11-16 07:30:00	16.6	남남동	158	16.38	30.59	0.64	6.1	0.95	5.5	5.2	서남서	252	13.3	1025.6	-	357	
2020-11-16 07:35:00	13.5	남남동	156	16.39	30.58	0.51	6.5	0.69	5.5	5.3	서남서	254	13.3	1025.8	-	346	
2020-11-16 07:40:00	15.1	남동	143	16.38	30.58	0.65	5.8	0.78	5.5	5.3	서남서	253	13.3	1025.8	-	350	
2020-11-16 07:45:00	14.0	남남동	155	16.38	30.58	0.47	5.4	0.79	6.0	5.5	서남서	248	13.3	1025.8	-	344	
2020-11-16 07:50:00	11.9	남남동	153	16.38	30.58	0.53	5.7	0.63	5.5	5.5	서남서	249	13.3	1025.9	-	354	
2020-11-16 07:55:00	14.6	남남동	150	16.38	30.58	0.52	5.6	0.72	5.5	5.2	서남서	246	13.3	1026.0	-	1	
2020-11-16 08:00:00	12.2	남동	143	16.38	30.57	0.49	6.1	0.69	5.5	5.1	서남서	251	13.3	1026.1	-	357	
2020-11-16 08:05:00	13.8	남남동	156	16.37	30.57	0.47	5.6	0.58	5.0	5.0	서남서	252	13.4	1026.1	-	355	
2020-11-16 08:10:00	14.2	남남동	148	16.37	30.57	0.54	6.0	0.70	6.0	4.9	서남서	250	13.4	1026.2	-	342	
2020-11-16 08:15:00	13.2	남동	146	16.37	30.57	0.55	5.8	0.66	5.0	4.7	서남서	248	13.5	1026.3	-	354	
2020-11-16 08:20:00	13.9	남남동	152	16.37	30.57	0.51	5.6	0.83	6.0	4.9	서남서	250	13.5	1026.3	-	346	
2020-11-16 08:25:00	11.9	남남동	148	16.37	30.57	0.53	6.0	0.66	7.0	5.1	서남서	247	13.6	1026.2	-	350	
2020-11-16 08:30:00	11.0	남남동	151	16.36	30.58	0.45	5.4	0.68	5.0	4.4	서남서	250	13.8	1026.4	-	342	
2020-11-16 08:35:00	11.2	남동	143	16.36	30.57	0.48	6.2	0.68	6.0	4.3	서남서	254	13.9	1026.5	-	354	
2020-11-16 08:40:00	13.8	남남동	157	16.36	30.58	0.45	5.2	0.77	6.0	4.2	서남서	257	14.1	1026.5	-	349	
2020-11-16 08:45:00	11.5	남남동	154	16.36	30.59	0.50	5.6	0.69	6.0	4.0	서남서	255	14.0	1026.6	-	356	
2020-11-16 08:50:00	12.6	남남동	153	16.36	30.59	0.46	5.7	0.60	6.5	3.7	서남서	245	14.0	1026.6	-	11	
2020-11-16 08:55:00	11.3	남남동	152	16.37	30.59	0.56	5.3	0.77	5.5	3.6	서남서	249	14.3	1026.6	-	355	
2020-11-16 09:00:00	11.4	남남동	157	16.37	30.58	0.52	5.8	0.69	6.0	3.3	서남서	255	14.4	1026.8	-	4	
2020-11-16 09:05:00	14.3	남남동	153	16.37	30.58	0.49	5.9	0.69	5.5	2.9	서남서	257	14.5	1026.8	-	348	
2020-11-16 09:10:00	13.2	남동	141	16.37	30.60	0.48	5.6	0.70	5.0	3.1	서	260	14.8	1026.8	-	337	
2020-11-16 09:15:00	11.8	남남동	156	16.37	30.59	0.48	5.9	0.69	5.5	2.5	서	269	14.9	1026.9	-	350	
2020-11-16 09:20:00	12.3	남남동	154	16.37	30.58	0.46	5.4	0.63	5.0	2.3	서북서	293	15.1	1027.0	-	3	
2020-11-16 09:25:00	10.8	남남동	149	16.37	30.58	0.46	5.6	0.59	6.5	3.8	북서	306	15.5	1027.0	-	351	
2020-11-16 09:30:00	11.0	남남동	148	16.37	30.58	0.46	5.4	0.59	4.5	3.9	서북서	302	15.8	1026.9	-	6	
2020-11-16 09:35:00	11.9	남남동	167	16.38	30.58	0.45	5.1	0.59	6.5	4.2	서북서	296	15.7	1026.9	-	342	
2020-11-16 09:40:00	13.5	남남동	154	16.38	30.58	0.42	6.0	0.63	5.5	4.3	서북서	299	15.7	1027.0	-	354	
2020-11-16 09:45:00	11.5	남남동	153	16.39	30.58	0.41	5.9	0.57	5.5	4.2	북서	311	15.9	1027.0	-	3	
2020-11-16 09:50:00	12.1	남남동	153	16.39	30.59	0.45	5.7	0.56	5.5	4.0	서북서	301	16.0	1027.1	-	346	
2020-11-16 09:55:00	12.3	남남동	158	16.39	30.59	0.47	5.3	0.74	6.0	4.4	북서	319	16.1	1027.0	-	343	
2020-11-16 10:00:00	12.7	남남동	154	16.39	30.59	0.49	5.8	0.64	6.0	4.9	북서	324	16.3	1027.0	-	358	
2020-11-16 10:05:00	11.5	남남동	152	16.39	30.59	0.48	5.9	0.62	7.0	5.6	북북서	341	16.4	1027.0	-	349	
2020-11-16 10:10:00	12.4	남남동	162	16.41	30.60	0.52	5.5	0.61	6.0	6.3	북북서	344	16.5	1027.0	-	4	
2020-11-16 10:15:00	13.0	남남동	166	16.42	30.60	0.52	5.5	0.66	5.5	6.0	북북서	342	16.4	1027.0	-	343	
2020-11-16 10:20:00	15.6	남남동	159	16.42	30.59	0.51	5.6	0.71	6.0	6.3	북북서	336	16.5	1027.1	-	359	
2020-11-16 10:25:00	15.3	남남동	159	16.42	30.60	0.48	5.7	0.78	5.0	7.2	북북서	342	16.4	1026.9	-	346	
2020-11-16 10:30:00	12.9	남남동	163	16.42	30.59	0.52	5.2	0.71	5.5	6.6	북북서	346	16.4	1027.0	-	351	
2020-11-16 10:35:00	11.4	남남동	165	16.42	30.59	0.55	5.5	0.76	6.0	6.6	북북서	341	16.3	1027.0	-	359	
2020-11-16 10:40:00	15.6	남남동	158	16.43	30.59	0.51	5.5	0.73	5.5	6.1	북북서	338	16.4	1027.0	-	351	
2020-11-16 10:45:00	12.0	남남동	161	16.43	30.59	0.52	5.0	0.68	5.5	6.5	북북서	339	16.3	1027.1	-	203	
2020-11-16 10:50:00	15.2	남남동	164	16.44	30.59	0.49	5.4	0.66	5.0	6.4	북북서	336	16.3	1027.1	-	3	
2020-11-16 10:55:00	12.9	남	175	16.44	30.59	0.56	5.3	0.78	6.0	6.3	북북서	338	16.3	1027.2	-	356	
2020-11-16 11:00:00	15.4	남남동	166	16.44	30.58	0.58	4.8	1.00	5.5	6.4	북북서	336	16.2	1027.1	-	348	
2020-11-16 11:05:00	15.3	남남동	167	16.45	30.60	0.51	5.0	0.70	5.5	5.7	북북서	335	16.3	1027.1	-	3	
2020-11-16 11:10:00	15.0	남남동	160	16.46	30.59	0.53	4.5	0.68	5.5	5.7	북북서	331	16.3	1027.2	-	324	
2020-11-16 11:15:00	13.3	남남동	163	16.47	30.59	0.62	5.1	0.76	5.0	6.7	북북서	329	16.3	1027.1	-	352	
2020-11-16 11:20:00	17.2	남남동	168	16.46	30.57	0.49	5.3	0.71	4.0	6.7	북북서	329	16.2	1027.1	-	359	
2020-11-16 11:25:00	14.7	남남동	169	16.45	30.57	0.53	4.8	0.78	5.0	7.0	북북서	327	16.2	1027.1	-	349	
2020-11-16 11:30:00	13.5	남남동	167	16.45	30.56	0.55	4.4	0.70	5.0	7.1	북서	324	16.2	1027.1	-	340	
2020-11-16 11:35:00	13.4	남남동	161	16.45	30.52	0.58	4.4	0.83	3.5	7.4	북북서	329	16.2	1027.0	-	338	
2020-11-16 11:40:00	15.6	남남동	163	16.45	30.53	0.60	4.7	0.82	6.0	7.2	북북서	330	16.3	1027.0	-	359	
2020-11-16 11:45:00	14.0	남남동	158	16.45	30.46	0.68	4.7	0.82	3.5	7.1	북북서	332	16.4	1027.0	-	18	
2020-11-16 11:50:00	14.9	남남동	167	16.45	30.49	0.60	4.0	0.95	3.5	7.4	북북서	334	16.4	1027.0	-	334	
2020-11-16 11:55:00	14.9	남남동	169	16.45	30.49	0.59	4.7	0.81	5.5	7.4	북북서	334	16.4	1027.0	-	357	
2020-11-16 12:00:00	12.8	남	171	16.45	30.50	0.59	4.8	0.79	5.5	7.8	북북서	333	16.4	1026.9	-	353	
2020-11-16 12:05:00	17.2	남남동	161	16.45	30.49	0.57	4.1	0.80	5.5	7.3	북북서	335	16.4	1026.9	-	346	
2020-11-16 12:10:00	15.9	남남동	166	16.45	30.49	0.58	4.4	0.93	4.5	6.8	북북서	337	16.5	1026.9	-	1	
2020-11-16 12:15:00	12.9	남남동	160	16.46	30.50	0.54	4.0	0.75	3.0	6.4	북북동	15	16.5	1026.9	-	9	
2020-11-16 12:20:00	13.9	남	171	16.45	30.50	0.62	4.5	0.81	3.0	5.5	북북동	15	16.6	1027.0	-	324	
2020-11-16 12:25:00	12.4	남	170	16.45	30.51	0.61	4.5	0.94	4.0	5.4	북북동	20	16.5	1027.0	-	352	
2020-11-16 12:30:00	13.2	남남동	167	16.45	30.51	0.54	4.2	0.73	4.5	4.8	북북동	13	16.5	1027.0	-	356	
2020-11-16 12:35:00	15.8	남	172	16.46	30.48	0.53	4.6	0.74	5.5	4.8	북북동	13	16.5	1027.0	-	11	
2020-11-16 12:40:00	12.9	남남동	166	16.46	30.49	0.56	4.8	0.76	4.0	4.1	북	9	16.5	1027.0	-	340	
2020-11-16 12:45:00	13.7	남남동	160	16.46	30.48	0.54	4.8	0.83	4.0	4.0	북	5	16.5	1027.0	-	352	
2020-11-16 12:50:00	14.3	남	169	16.46	30.46	0.57	4.6	0.77	5.5	4.2	북	8	16.4	1026.9	-	128	
2020-11-16 12:55:00	15.4	남남동	167	16.47	30.47	0.56	3.9	0.74	3.0	3.7	북	8	16.4	1026.9	-	324	
2020-11-16 13:00:00	12.9	남	171	16.47	30.45	0.58	4.6	0.79	5.0	3.6	북북동	13	16.5	1026.8	-	4	
2020-11-16 13:05:00	17.0	남	170	16.46	30.45	0.56	4.1	0.77	3.0	3.3	북	4	16.5	1026.8	-	321	
2020-11-16 13:10:00	15.6	남남동	168	16.47	30.46	0.62	4.2	1.02	3.5	3.5	북	0	16.4	1026.8	-	336	
2020-11-16 13:15:00	15.6	남남동	165	16.47	30.47	0.61	4.3	0.84	4.5	3.7	북	4	16.4	1026.8	-	354	
2020-11-16 13:20:00	11.4	남남동	168	16.48	30.46	0.52	4.8	0.68	4.5	3.4	북	6	16.4	1026.8	-	341	
2020-11-16 13:25:00	14.6	남남동	168	16.48	30.46	0.58	4.8	0.80	3.5	3.9	북	356	16.4	1026.8	-	232	
2020-11-16 13:30:00	14.0	남남동	163	16.45	30.44	0.52	4.0	0.73	4.0	3.4	북	353	16.3	1026.8	-	19	
2020-11-16 13:35:00	16.7	남남동	166	16.43	30.43	0.51	4.3	0.70	4.0	3.5	북	352	16.3	1026.8	-	352	
2020-11-16 13:40:00	14.5	남	170	16.42	30.42	0.53	4.0	0.69	5.5	3.2	북	357	16.3	1026.8	-	176	
2020-11-16 13:45:00	15.4	남	174	16.41	30.41	0.57	5.2	0.80	6.5	3.2	북	350	16.3	1026.8	-	338	
2020-11-16 13:50:00	15.5	남	170	16.40	30.42	0.56	5.0	0.76	3.0	2.9	북	351	16.4	1026.7	-	347	
2020-11-16 13:55:00	15.1	남	181	16.40	30.40	0.59	5.0	0.90	5.5	3.3	북	0	16.3	1026.8	-	359	
2020-11-16 14:00:00	14.9	남	178	16.39	30.40	0.60	4.8	0.86	3.5	2.9	북	356	16.4	1026.8	-	9	
2020-11-16 14:05:00	15.9	남	181	16.39	30.41	0.53	4.1	0.80	4.5	3.1	북	355	16.3	1026.8	-	263	
2020-11-16 14:10:00	15.6	남	177	16.39	30.41	0.55	4.5	0.77	5.0	3.2	북	359	16.3	1026.8	-	348	
2020-11-16 14:15:00	17.0	남	175	16.39	30.41	0.62	5.2	0.88	5.5	2.7	북	1	16.3	1026.9	-	335	
2020-11-16 14:20:00	14.8	남	176	16.39	30.38	0.52	4.8	0.71	5.0	3.0	북	1	16.4	1026.9	-	351	
2020-11-16 14:25:00	14.7	남	175	16.39	30.40	0.59	4.6	0.91	4.0	2.9	북	1	16.3	1027.0	-	352	
2020-11-16 14:30:00	16.6	남	179	16.39	30.39	0.44	4.6	0.54	3.5	2.9	북	4	16.3	1027.1	-	8	
2020-11-16 14:35:00	16.7	남	180	16.39	30.40	0.50	4.4	0.62	4.0	3.1	북	7	16.2	1027.1	-	323	
2020-11-16 14:40:00	15.0	남남동	168	16.38	30.39	0.46	4.5	0.62	6.5	3.2	북북동	12	16.2	1027.1	-	9	
2020-11-16 14:45:00	15.5	남	175	16.38	30.41	0.55	4.9	0.72	6.0	3.3	북북동	12	16.3	1027.1	-	3	
2020-11-16 14:50:00	16.6	남	177	16.38	30.39	0.56	4.5	0.79	4.0	3.3	북북동	14	16.3	1027.1	-	303	
2020-11-16 14:55:00	12.7	남	173	16.38	30.39	0.53	5.1	0.71	4.0	3.8	북북동	16	16.2	1027.2	-	3	
2020-11-16 15:00:00	14.8	남	178	16.38	30.39	0.53	4.6	0.75	5.0	3.5	북북동	13	16.2	1027.2	-	355	
2020-11-16 15:05:00	13.7	남	172	16.38	30.39	0.51	4.6	0.83	4.5	3.7	북북동	19	16.2	1027.2	-	211	
2020-11-16 15:10:00	15.8	남	176	16.38	30.39	0.56	4.8	0.75	5.5	3.5	북북동	17	16.1	1027.2	-	315	
2020-11-16 15:15:00	14.2	남남동	163	16.38	30.39	0.61	4.6	0.76	4.0	3.4	북	9	16.1	1027.3	-	329	
2020-11-16 15:20:00	16.4	남	172	16.39	30.36	0.54	4.7	0.72	4.5	3.9	북	11	16.1	1027.3	-	333	
2020-11-16 15:25:00	14.4	남	173	16.39	30.41	0.53	4.4	0.69	4.0	3.7	북북동	12	16.0	1027.4	-	20	
2020-11-16 15:30:00	12.2	남	173	16.39	30.40	0.48	4.4	0.76	5.0	3.3	북북동	12	15.9	1027.4	-	18	
2020-11-16 15:35:00	13.9	남남동	167	16.39	30.40	0.53	4.5	0.74	4.5	3.4	북	5	15.9	1027.3	-	46	
2020-11-16 15:40:00	14.6	남	170	16.39	30.40	0.50	4.3	0.79	4.0	3.2	북	11	15.9	1027.4	-	301	
2020-11-16 15:45:00	14.0	남	173	16.38	30.39	0.51	4.9	0.65	3.0	3.0	북	1	15.9	1027.4	-	286	
2020-11-16 15:50:00	13.4	남	174	16.37	30.39	0.51	4.3	0.78	4.0	3.1	북	8	15.9	1027.4	-	155	
2020-11-16 15:55:00	13.3	남	172	16.37	30.42	0.48	4.6	0.85	4.5	3.1	북	2	15.9	1027.4	-	339	
2020-11-16 16:00:00	17.6	남	170	16.36	30.41	0.50	4.4	0.64	4.0	3.2	북	1	15.9	1027.4	-	52	
2020-11-16 16:05:00	13.3	남남동	163	16.35	30.36	0.47	4.7	0.60	5.0	3.4	북	8	15.8	1027.4	-	14	
2020-11-16 16:10:00	15.2	남남동	165	16.34	30.39	0.46	4.6	0.64	4.5	2.7	북	1	15.8	1027.4	-	327	
2020-11-16 16:15:00	15.8	남남동	165	16.32	30.38	0.47	4.3	0.61	3.5	2.6	북	359	15.8	1027.4	-	35	
2020-11-16 16:20:00	13.7	남남동	153	16.31	30.41	0.47	4.5	0.63	5.0	2.6	북	4	15.7	1027.5	-	48	
2020-11-16 16:25:00	12.0	남남동	157	16.31	30.42	0.47	4.5	0.76	4.5	2.8	북	350	15.7	1027.4	-	203	
2020-11-16 16:30:00	12.7	남남동	162	16.35	30.44	0.48	4.0	0.65	3.5	2.7	북	353	15.7	1027.5	-	128	
2020-11-16 16:35:00	13.7	남남동	168	16.41	30.43	0.47	4.5	0.68	4.0	2.6	북	355	15.7	1027.5	-	359	
2020-11-16 16:40:00	15.8	남남동	160	16.42	30.43	0.49	4.5	0.79	5.0	2.9	북	355	15.7	1027.5	-	156	
2020-11-16 16:45:00	10.6	남남동	155	16.41	30.42	0.52	4.4	0.76	3.5	2.9	북	359	15.6	1027.5	-	137	
2020-11-16 16:50:00	8.5	남남동	155	16.39	30.40	0.48	4.7	0.76	4.0	2.6	북	5	15.6	1027.6	-	148	
2020-11-16 16:55:00	10.2	남남동	165	16.38	30.44	0.45	5.0	0.60	4.0	2.1	북	2	15.6	1027.5	-	341	
2020-11-16 17:00:00	10.4	남남동	148	16.36	30.41	0.47	4.9	0.61	5.0	1.8	북	353	15.6	1027.6	-	7	
2020-11-16 17:05:00	11.5	남남동	154	16.37	30.43	0.50	4.3	0.73	4.0	2.2	북북서	339	15.6	1027.5	-	163	
2020-11-16 17:10:00	13.6	남남동	161	16.37	30.44	0.42	4.3	0.71	3.5	2.3	북북서	339	15.6	1027.5	-	344	
2020-11-16 17:15:00	11.1	남남동	156	16.38	30.45	0.42	4.0	0.59	3.5	1.8	북북서	348	15.6	1027.6	-	235	
2020-11-16 17:20:00	14.0	남	169	16.39	30.46	0.48	4.6	0.63	3.5	1.2	북북서	335	15.6	1027.6	-	310	
2020-11-16 17:25:00	9.5	남동	145	16.39	30.46	0.46	3.9	0.80	4.0	1.2	북서	320	15.5	1027.6	-	166	
2020-11-16 17:30:00	10.8	남	173	16.40	30.51	0.46	4.3	0.66	4.0	1.5	북서	315	15.6	1027.6	-	197	
2020-11-16 17:35:00	13.3	남남동	164	16.45	30.51	0.45	4.0	0.64	3.5	1.6	북서	311	15.5	1027.6	-	204	
2020-11-16 17:40:00	9.9	남남동	169	16.46	30.49	0.46	4.1	0.66	3.5	1.6	북서	315	15.5	1027.6	-	146	
2020-11-16 17:45:00	11.2	남남동	165	16.45	30.49	0.44	4.6	0.83	4.0	1.5	북서	320	15.5	1027.6	-	318	
2020-11-16 17:50:00	11.0	남남동	163	16.46	30.48	0.43	5.2	0.85	4.5	1.4	북서	311	15.5	1027.6	-	254	
2020-11-16 17:55:00	11.5	남	173	16.46	30.51	0.42	4.1	0.58	5.0	1.8	북서	309	15.5	1027.6	-	348	
2020-11-16 18:00:00	11.5	남	179	16.47	30.53	0.46	5.0	0.82	4.0	1.5	북서	307	15.5	1027.6	-	206	
2020-11-16 18:05:00	14.9	남	184	16.48	30.47	0.42	4.0	0.72	4.0	1.8	서북서	292	15.5	1027.7	-	178	
2020-11-16 18:10:00	14.9	남	186	16.49	30.52	0.47	4.2	0.62	3.5	1.9	서북서	295	15.5	1027.7	-	116	
2020-11-16 18:15:00	13.9	남	172	16.51	30.49	0.46	4.2	0.72	4.0	1.9	서북서	287	15.4	1027.7	-	3	
2020-11-16 18:20:00	12.6	남	188	16.51	30.51	0.45	3.8	0.64	4.5	2.0	서북서	293	15.4	1027.8	-	83	
2020-11-16 18:25:00	12.6	남	178	16.51	30.47	0.46	4.0	0.62	5.0	1.6	서북서	286	15.5	1027.8	-	93	
2020-11-16 18:30:00	11.0	남	172	16.51	30.51	0.46	4.5	0.66	4.0	2.0	서	277	15.4	1027.8	-	33	
2020-11-16 18:35:00	12.5	남	176	16.51	30.54	0.45	4.5	0.62	5.5	2.0	서북서	293	15.3	1027.9	-	220	
2020-11-16 18:40:00	10.7	남	177	16.51	30.54	0.42	4.5	0.60	4.0	2.0	서북서	294	15.3	1027.9	-	83	
2020-11-16 18:45:00	8.4	남	175	16.51	30.50	0.41	4.4	0.69	3.5	1.8	서북서	302	15.4	1027.9	-	150	
2020-11-16 18:50:00	11.5	남	180	16.50	30.48	0.57	5.0	0.71	3.5	1.6	서북서	291	15.3	1028.0	-	357	
2020-11-16 18:55:00	9.3	남남서	192	16.48	30.50	0.45	3.8	0.61	4.0	1.6	서남서	251	15.2	1028.1	-	23	
2020-11-16 19:00:00	9.9	남	177	16.49	30.52	0.49	4.3	0.67	3.5	1.2	서남서	248	15.1	1028.2	-	171	
2020-11-16 19:05:00	7.7	남	177	16.48	30.51	0.58	4.5	0.81	4.5	1.2	서남서	250	15.0	1028.2	-	80	
2020-11-16 19:10:00	7.3	남	171	16.46	30.51	0.53	4.2	0.61	4.5	2.0	서남서	238	14.9	1028.2	-	238	
2020-11-16 19:15:00	8.2	남	182	16.46	30.50	0.67	4.5	1.04	4.5	1.7	서남서	247	14.9	1028.3	-	60	
2020-11-16 19:20:00	8.6	남	190	16.49	30.50	0.59	4.4	0.82	3.5	1.8	서남서	257	14.9	1028.3	-	319	
2020-11-16 19:25:00	10.7	남남서	201	16.50	30.48	0.64	3.9	0.92	4.0	2.7	서	264	15.0	1028.2	-	313	
2020-11-16 19:30:00	9.7	남	179	16.48	30.44	0.60	4.4	0.75	4.5	2.7	서남서	245	14.9	1028.3	-	59	
2020-11-16 19:35:00	8.0	남	190	16.47	30.45	0.66	4.0	0.95	4.5	1.7	서남서	250	14.9	1028.3	-	253	
2020-11-16 19:40:00	8.4	남	189	16.46	30.45	0.65	4.4	1.04	4.5	1.1	서북서	283	14.8	1028.4	-	114	
2020-11-16 19:45:00	9.5	남	171	16.45	30.44	0.64	4.3	0.90	4.0	1.4	서	277	14.8	1028.3	-	67	
2020-11-16 19:50:00	8.3	남남동	152	16.44	30.43	0.67	4.6	0.85	4.5	1.2	서남서	247	14.9	1028.3	-	92	
2020-11-16 19:55:00	7.0	남남서	202	16.44	30.43	0.78	4.4	1.00	4.5	1.6	남서	230	14.9	1028.3	-	91	
2020-11-16 20:00:00	6.6	남	187	16.43	30.43	0.78	4.7	1.11	5.0	1.5	남서	233	14.9	1028.3	-	109	
2020-11-16 20:05:00	6.7	남	176	16.44	30.40	0.82	4.5	1.21	4.5	2.3	남서	216	14.8	1028.3	-	221	
2020-11-16 20:10:00	6.3	남동	134	16.43	30.41	0.78	4.3	1.15	4.0	4.3	남동	144	15.0	1028.3	-	15	
2020-11-16 20:15:00	10.0	남	181	16.43	30.42	0.86	4.7	1.29	5.0	7.4	동남동	114	15.7	1028.2	-	40	
2020-11-16 20:20:00	6.4	남	189	16.42	30.42	0.99	4.5	1.39	4.5	8.3	동남동	116	15.8	1028.1	-	94	
2020-11-16 20:25:00	5.3	남서	216	16.41	30.39	0.93	4.2	1.55	4.5	8.4	동남동	112	15.8	1028.1	-	3	
2020-11-16 20:30:00	6.7	남남서	212	16.41	30.37	1.00	4.7	1.31	4.5	8.7	동남동	110	15.8	1028.1	-	60	
2020-11-16 20:35:00	6.9	남남서	204	16.41	30.38	1.01	4.7	1.52	5.0	9.5	동남동	103	15.8	1028.0	-	29	
2020-11-16 20:40:00	5.7	남	189	16.40	30.35	0.98	4.5	1.27	5.0	9.5	동남동	107	15.7	1028.0	-	74	
2020-11-16 20:45:00	5.5	서남서	238	16.40	30.34	1.04	4.8	1.63	4.5	9.3	동남동	107	15.8	1028.0	-	273	
2020-11-16 20:50:00	7.6	서남서	244	16.39	30.26	1.09	4.8	1.62	5.0	9.5	동남동	106	15.7	1028.0	-	43	
2020-11-16 20:55:00	6.2	서	264	16.37	30.28	1.24	5.1	1.77	5.5	9.0	동남동	110	15.8	1028.1	-	73	
2020-11-16 21:00:00	7.6	남서	231	16.38	30.19	1.18	5.1	1.80	6.0	9.0	동남동	112	15.7	1028.2	-	69	
2020-11-16 21:05:00	5.5	남남서	209	16.37	30.25	1.38	4.9	1.69	5.0	9.4	동남동	110	15.7	1028.2	-	70	
2020-11-16 21:10:00	7.7	남서	224	16.36	30.25	1.18	4.9	1.95	5.0	9.1	동남동	109	15.7	1028.3	-	242	
2020-11-16 21:15:00	7.9	남남서	209	16.35	30.22	1.74	5.3	2.24	5.0	9.1	동남동	113	15.7	1028.3	-	86	
2020-11-16 21:20:00	5.3	서남서	247	16.35	30.23	1.52	5.3	2.05	5.5	9.0	동남동	117	15.7	1028.4	-	69	
2020-11-16 21:25:00	8.2	서남서	242	16.35	30.23	1.52	5.2	2.02	5.5	9.6	동남동	114	15.7	1028.4	-	80	
2020-11-16 21:30:00	6.1	서남서	243	16.35	30.23	1.60	5.5	2.24	5.5	8.9	동남동	117	15.7	1028.4	-	76	
2020-11-16 21:35:00	8.0	서남서	238	16.35	30.23	1.26	5.2	1.90	4.5	9.1	동남동	117	15.7	1028.5	-	71	
2020-11-16 21:40:00	3.3	남남서	209	16.35	30.20	1.25	5.2	1.79	4.5	9.2	남동	124	15.7	1028.5	-	65	
2020-11-16 21:45:00	1.6	남서	227	16.35	30.18	1.44	5.5	2.09	6.0	9.0	동남동	122	15.7	1028.6	-	71	
2020-11-16 21:50:00	5.3	서북서	285	16.35	30.22	1.50	5.4	2.58	5.0	9.0	동남동	122	15.7	1028.6	-	78	
2020-11-16 21:55:00	5.2	남서	235	16.35	30.20	1.46	5.2	1.86	5.0	8.6	동남동	123	15.7	1028.7	-	70	
2020-11-16 22:00:00	6.2	서	274	16.35	30.19	1.45	5.4	1.78	6.0	9.0	동남동	123	15.6	1028.7	-	102	
2020-11-16 22:05:00	6.6	서남서	247	16.35	30.23	1.41	5.2	1.94	5.0	9.0	동남동	121	15.8	1028.6	-	78	
2020-11-16 22:10:00	4.5	서	261	16.34	30.22	1.51	5.1	2.04	5.0	8.4	남동	131	15.8	1028.7	-	75	
2020-11-16 22:15:00	0.1	남	176	16.35	30.22	1.43	5.3	2.04	5.0	8.7	남동	127	15.7	1028.7	-	66	
2020-11-16 22:20:00	5.7	남남동	151	16.35	30.20	1.59	5.5	2.37	5.5	8.8	남동	125	15.7	1028.7	-	67	
2020-11-16 22:25:00	9.6	서	271	16.35	30.17	1.44	5.6	2.01	5.0	8.7	남동	126	15.7	1028.8	-	70	
2020-11-16 22:30:00	3.7	남남동	156	16.35	30.24	1.49	5.6	2.04	5.0	8.5	남동	125	15.8	1028.8	-	57	
2020-11-16 22:35:00	1.9	동	95	16.35	30.21	1.47	5.2	2.45	5.0	8.4	남동	131	15.8	1028.7	-	106	
2020-11-16 22:40:00	0.5	남	182	16.35	30.21	1.60	5.7	2.09	5.5	8.6	남동	130	15.7	1028.8	-	85	
2020-11-16 22:45:00	8.3	남서	236	16.35	30.20	1.74	6.0	2.31	5.5	8.4	남동	127	15.7	1028.7	-	72	
2020-11-16 22:50:00	6.1	북동	39	16.35	30.26	1.52	6.0	2.42	5.5	8.1	남동	134	15.7	1028.7	-	66	
2020-11-16 22:55:00	2.8	동북동	57	16.35	30.24	1.48	5.5	1.90	5.0	8.1	남동	136	15.8	1028.7	-	83	
2020-11-16 23:00:00	4.3	서북서	290	16.35	30.25	1.66	6.0	2.39	6.0	8.5	남동	133	15.7	1028.7	-	75	
2020-11-16 23:05:00	4.5	남	178	16.35	30.23	1.40	5.7	1.83	6.5	7.9	남동	139	15.7	1028.7	-	65	
2020-11-16 23:10:00	3.9	북서	318	16.35	30.25	1.67	5.8	2.36	6.0	8.2	남동	135	15.7	1028.6	-	70	
2020-11-16 23:15:00	1.8	남서	215	16.35	30.24	1.56	5.8	1.89	5.5	7.7	남동	134	15.8	1028.6	-	90	
2020-11-16 23:20:00	3.8	서	275	16.36	30.21	1.42	5.6	2.29	6.0	7.6	남동	131	15.8	1028.5	-	71	
2020-11-16 23:25:00	5.0	남서	235	16.36	30.24	1.67	5.5	3.18	5.5	8.0	남동	134	15.7	1028.5	-	63	
2020-11-16 23:30:00	5.0	서남서	256	16.36	30.23	1.54	6.3	1.83	5.5	8.0	남동	137	15.8	1028.5	-	63	
2020-11-16 23:35:00	2.8	남남서	194	16.35	30.27	1.71	6.0	2.05	5.5	7.9	남동	136	15.7	1028.5	-	57	
2020-11-16 23:40:00	1.0	북북동	25	16.35	30.25	1.53	5.7	2.33	6.0	8.0	남동	142	15.7	1028.4	-	142	
2020-11-16 23:45:00	3.7	북서	322	16.35	30.26	1.42	5.7	1.95	6.5	7.6	남동	140	15.7	1028.5	-	64	
2020-11-16 23:50:00	2.0	서	269	16.35	30.29	1.67	6.3	2.41	6.5	7.7	남동	135	15.7	1028.5	-	59	
2020-11-16 23:55:00	5.5	남서	235	16.35	30.24	1.68	6.4	2.34	5.0	7.2	남동	140	15.7	1028.4	-	72	
2020-11-17 00:00:00	4.0	서북서	287	16.35	30.24	1.55	5.5	2.06	6.0	7.3	남동	140	15.7	1028.4	-	73	
2020-11-17 00:05:00	1.1	남남서	191	16.35	30.23	1.57	5.9	2.26	5.5	7.6	남동	136	15.7	1028.4	-	51	
2020-11-17 00:10:00	1.1	서북서	290	16.35	30.25	1.54	5.7	1.95	5.5	7.7	남동	137	15.7	1028.3	-	23	
2020-11-17 00:15:00	5.6	서남서	237	16.35	30.20	1.23	5.1	1.67	6.0	7.6	남동	133	15.7	1028.3	-	65	
2020-11-17 00:20:00	5.2	서남서	256	16.35	30.25	1.81	6.0	2.24	6.5	8.0	남동	130	15.7	1028.3	-	75	
2020-11-17 00:25:00	3.0	서	279	16.34	30.26	1.51	6.6	2.11	6.5	8.1	남동	131	15.7	1028.2	-	63	
2020-11-17 00:30:00	5.0	서	281	16.34	30.23	1.66	6.1	2.34	6.0	7.8	남동	136	15.7	1028.2	-	65	
2020-11-17 00:35:00	3.5	서남서	245	16.34	30.24	1.69	6.2	2.08	6.5	7.5	남동	135	15.7	1028.2	-	84	
2020-11-17 00:40:00	1.9	북	356	16.34	30.24	1.44	5.9	2.06	5.0	7.2	남동	137	15.7	1028.2	-	46	
2020-11-17 00:45:00	4.0	서	274	16.34	30.22	1.52	6.0	1.85	7.0	7.5	남동	138	15.7	1028.1	-	62	
2020-11-17 00:50:00	1.2	서북서	282	16.34	30.23	1.53	6.1	1.94	6.0	7.4	남동	135	15.7	1028.1	-	79	
2020-11-17 00:55:00	5.8	서	275	16.34	30.27	1.82	6.0	2.46	5.5	8.0	남동	135	15.7	1028.1	-	66	
2020-11-17 01:00:00	5.1	서남서	252	16.34	30.25	1.46	6.0	1.82	5.5	7.9	남동	142	15.7	1028.1	-	70	
2020-11-17 01:05:00	3.5	북서	313	16.34	30.22	1.61	6.5	1.80	7.0	8.1	남남동	149	15.7	1028.1	-	68	
2020-11-17 01:10:00	7.1	서	266	16.34	30.25	1.19	6.2	1.74	6.5	6.4	남	169	15.4	1028.2	-	53	
2020-11-17 01:15:00	6.3	서남서	257	16.34	30.25	1.58	6.2	2.22	6.5	7.3	남남동	161	15.3	1028.2	-	72	
2020-11-17 01:20:00	6.3	서	276	16.33	30.26	1.64	6.0	1.97	5.5	6.0	남남동	164	15.1	1028.2	-	78	
2020-11-17 01:25:00	4.6	북북서	332	16.34	30.24	1.84	6.0	3.09	6.0	6.3	남남동	154	15.3	1028.1	-	67	
2020-11-17 01:30:00	5.7	서북서	297	16.33	30.24	1.51	5.9	2.06	5.5	6.2	남남동	161	15.3	1028.1	-	50	
2020-11-17 01:35:00	11.6	서북서	289	16.33	30.25	1.56	6.5	2.67	6.5	6.1	남남동	156	15.3	1028.1	-	61	
2020-11-17 01:40:00	6.5	서북서	289	16.33	30.25	1.63	6.1	2.53	5.5	5.7	남남동	157	15.2	1028.1	-	76	
2020-11-17 01:45:00	5.0	서북서	288	16.33	30.26	1.34	5.6	1.94	6.0	6.4	남남동	155	15.3	1028.0	-	81	
2020-11-17 01:50:00	3.0	북서	315	16.33	30.24	1.47	5.8	2.44	6.0	5.5	남남동	153	15.3	1028.0	-	71	
2020-11-17 01:55:00	4.9	북서	325	16.33	30.22	1.43	6.3	1.85	5.0	4.8	남	176	15.4	1028.0	-	61	
2020-11-17 02:00:00	7.6	서북서	297	16.34	30.25	1.45	6.3	1.91	5.5	3.2	남남서	194	15.1	1028.1	-	72	
2020-11-17 02:05:00	8.8	북서	321	16.34	30.23	1.33	6.1	2.38	6.5	3.5	남	187	14.9	1028.0	-	60	
2020-11-17 02:10:00	10.5	북서	316	16.35	30.29	1.58	6.6	1.89	7.5	5.2	남남동	166	15.0	1028.0	-	76	
2020-11-17 02:15:00	5.1	북북서	333	16.36	30.24	1.50	6.1	1.84	6.0	6.0	남남동	158	15.4	1028.0	-	68	
2020-11-17 02:20:00	12.9	북서	309	16.37	30.27	1.43	6.3	1.75	6.0	5.5	남남동	152	15.6	1028.0	-	75	
2020-11-17 02:25:00	6.1	북서	306	16.37	30.26	1.24	5.7	1.88	7.0	5.6	남남동	163	15.6	1028.0	-	67	
2020-11-17 02:30:00	9.7	북서	310	16.37	30.25	1.63	6.4	2.11	6.0	5.7	남남동	149	15.5	1028.0	-	25	
2020-11-17 02:35:00	4.4	북서	323	16.38	30.26	1.42	6.1	2.26	6.0	6.1	남남동	160	15.6	1027.8	-	61	
2020-11-17 02:40:00	6.3	서	272	16.38	30.23	1.49	5.6	2.10	5.5	6.0	남남동	153	15.7	1027.8	-	82	
2020-11-17 02:45:00	9.0	북서	312	16.38	30.26	1.23	5.5	1.96	5.0	5.3	남남동	168	15.5	1027.8	-	81	
2020-11-17 02:50:00	10.9	북서	311	16.39	30.26	1.79	6.3	2.20	6.5	4.9	남	170	15.6	1027.8	-	69	
2020-11-17 02:55:00	9.8	북서	318	16.38	30.26	1.66	6.1	2.19	5.5	3.8	남	185	15.3	1027.7	-	79	
2020-11-17 03:00:00	5.4	북서	326	16.39	30.29	1.72	6.3	2.20	6.0	4.4	남	173	15.3	1027.7	-	71	
2020-11-17 03:05:00	4.2	북북서	338	16.39	30.26	1.72	6.1	2.13	6.0	5.0	남남동	168	15.5	1027.7	-	72	
2020-11-17 03:10:00	11.2	북서	316	16.39	30.26	1.57	6.5	2.64	6.0	4.5	남남동	166	15.4	1027.7	-	75	
2020-11-17 03:15:00	6.7	북서	321	16.39	30.29	1.29	5.8	1.70	6.0	4.4	남남동	167	15.4	1027.6	-	68	
2020-11-17 03:20:00	2.4	북서	306	16.39	30.26	1.50	5.8	1.77	5.5	4.6	남남동	166	15.4	1027.5	-	63	
2020-11-17 03:25:00	7.9	북서	316	16.39	30.26	1.42	6.4	1.93	5.5	4.8	남남동	159	15.6	1027.5	-	60	
2020-11-17 03:30:00	7.6	북북서	332	16.39	30.26	1.71	6.1	2.26	6.5	6.1	남남동	153	15.6	1027.5	-	71	
2020-11-17 03:35:00	8.1	북북서	328	16.39	30.24	1.52	6.1	2.01	5.5	5.7	남남동	148	15.6	1027.4	-	79	
2020-11-17 03:40:00	6.3	북서	318	16.38	30.27	1.51	6.0	2.06	5.5	5.6	남남동	157	15.7	1027.3	-	74	
2020-11-17 03:45:00	7.9	북서	317	16.38	30.32	1.51	6.2	2.12	5.5	5.9	남남동	160	15.7	1027.3	-	67	
2020-11-17 03:50:00	10.0	서북서	293	16.38	30.29	1.33	6.1	1.78	6.5	5.6	남남동	162	15.6	1027.2	-	72	
2020-11-17 03:55:00	5.0	북서	312	16.38	30.33	1.48	6.3	1.79	7.0	5.5	남남동	168	15.5	1027.2	-	64	
2020-11-17 04:00:00	9.0	북서	314	16.38	30.33	1.52	6.4	2.49	6.0	4.2	남	170	15.5	1027.1	-	68	
2020-11-17 04:05:00	6.5	북서	315	16.38	30.31	1.20	5.6	1.49	6.0	4.1	남	177	15.4	1027.1	-	53	
2020-11-17 04:10:00	6.1	북서	314	16.38	30.32	1.48	6.3	2.02	6.0	3.8	남	182	15.4	1027.0	-	71	
2020-11-17 04:15:00	4.4	북북서	335	16.38	30.31	1.49	6.3	2.05	6.0	3.8	남	182	15.4	1027.0	-	73	
2020-11-17 04:20:00	9.0	서북서	290	16.37	30.31	1.74	6.1	1.93	6.0	3.8	남	179	15.3	1026.9	-	61	
2020-11-17 04:25:00	7.0	북서	313	16.37	30.29	1.49	6.0	2.10	6.0	3.6	남	174	15.4	1026.8	-	67	
2020-11-17 04:30:00	7.0	북서	311	16.37	30.30	1.37	6.7	2.01	6.0	3.5	남	170	15.3	1026.8	-	55	
2020-11-17 04:35:00	8.1	북	352	16.37	30.29	1.43	5.9	2.00	5.5	3.2	남	178	15.3	1026.7	-	75	
2020-11-17 04:40:00	8.0	북서	322	16.37	30.29	1.38	6.4	1.81	6.5	3.5	남	183	15.2	1026.7	-	76	
2020-11-17 04:45:00	8.0	북서	324	16.37	30.26	1.28	5.9	1.77	6.0	3.2	남남서	199	15.2	1026.7	-	67	
2020-11-17 04:50:00	2.3	북북서	333	16.36	30.27	1.63	6.5	2.86	6.5	2.3	남서	214	15.1	1026.7	-	80	
2020-11-17 04:55:00	5.8	북북서	335	16.37	30.25	1.46	6.7	1.87	6.0	1.6	남서	222	15.0	1026.7	-	66	
2020-11-17 05:00:00	10.7	북서	306	16.36	30.26	1.47	6.5	2.15	6.5	2.1	서남서	249	14.8	1026.7	-	71	
2020-11-17 05:05:00	7.6	북북서	339	16.36	30.29	1.43	5.7	1.95	5.5	1.7	남서	235	14.5	1026.6	-	67	
2020-11-17 05:10:00	5.8	북북서	340	16.36	30.30	1.28	6.7	1.74	6.0	1.5	남서	223	14.4	1026.6	-	48	
2020-11-17 05:15:00	6.8	북서	316	16.35	30.28	1.48	6.2	1.96	7.0	1.7	남서	214	14.5	1026.6	-	65	
2020-11-17 05:20:00	8.5	북서	326	16.35	30.29	1.39	5.9	1.86	5.0	1.7	남서	226	14.5	1026.6	-	48	
2020-11-17 05:25:00	4.4	북북서	336	16.34	30.28	1.32	6.3	1.96	5.5	1.5	남서	234	14.4	1026.5	-	37	
2020-11-17 05:30:00	6.1	북	359	16.34	30.29	1.51	6.4	2.10	6.0	1.3	남서	229	14.3	1026.5	-	83	
2020-11-17 05:35:00	5.8	북	9	16.32	30.29	1.53	6.5	2.06	8.5	1.7	남서	228	14.3	1026.5	-	74	
2020-11-17 05:40:00	8.4	북	355	16.32	30.32	1.67	6.8	2.23	7.5	1.5	남서	215	14.1	1026.5	-	72	
2020-11-17 05:45:00	7.6	북북동	21	16.32	30.28	1.50	6.7	2.11	6.5	1.5	남서	224	14.1	1026.5	-	71	
2020-11-17 05:50:00	9.0	북	11	16.32	30.25	1.42	6.8	1.81	6.5	1.8	남서	232	14.0	1026.5	-	54	
2020-11-17 05:55:00	7.8	북	357	16.31	30.26	1.51	6.9	2.04	7.0	1.3	남남서	199	13.9	1026.5	-	72	
2020-11-17 06:00:00	6.3	북	350	16.31	30.26	1.50	6.3	2.07	6.0	1.9	남남서	198	14.0	1026.5	-	67	
2020-11-17 06:05:00	5.8	북	360	16.31	30.26	1.46	6.8	2.28	5.5	1.9	남남서	204	14.0	1026.4	-	73	
2020-11-17 06:10:00	4.7	북서	314	16.30	30.27	1.58	7.2	2.11	8.0	1.9	남서	222	13.9	1026.4	-	29	
2020-11-17 06:15:00	3.5	서북서	300	16.29	30.25	1.51	6.9	1.95	8.5	2.0	남남서	202	13.9	1026.4	-	20	
2020-11-17 06:20:00	4.6	북북서	338	16.29	30.28	1.27	5.6	1.59	6.5	1.6	남서	220	13.8	1026.4	-	89	
2020-11-17 06:25:00	5.7	북서	305	16.29	30.25	1.59	6.9	2.29	7.0	1.6	남서	227	13.7	1026.5	-	69	
2020-11-17 06:30:00	2.2	북서	311	16.28	30.24	1.65	7.0	2.16	5.5	1.7	남서	234	13.7	1026.5	-	48	
2020-11-17 06:35:00	3.2	북북서	349	16.28	30.24	1.39	6.3	2.08	6.5	1.2	서남서	247	13.6	1026.5	-	64	
2020-11-17 06:40:00	4.1	서북서	303	16.28	30.25	1.74	7.3	2.32	7.0	1.3	남서	236	13.5	1026.5	-	25	
2020-11-17 06:45:00	3.5	서북서	286	16.26	30.24	1.38	6.4	2.16	6.5	1.6	남서	223	13.5	1026.5	-	66	
2020-11-17 06:50:00	3.1	북서	307	16.25	30.21	1.69	6.1	2.29	6.5	1.5	남서	226	13.4	1026.5	-	68	
2020-11-17 06:55:00	3.1	서북서	290	16.24	30.23	1.86	7.5	2.56	7.0	2.1	서남서	243	13.3	1026.6	-	34	
2020-11-17 07:00:00	6.3	북서	324	16.24	30.23	1.51	6.4	1.77	7.0	1.8	서남서	245	13.4	1026.6	-	65	
2020-11-17 07:05:00	6.0	북	8	16.23	30.23	1.70	7.4	2.04	6.5	2.1	서남서	249	13.3	1026.6	-	48	
2020-11-17 07:10:00	4.4	북북서	328	16.23	30.20	1.40	7.1	1.99	7.0	1.9	서남서	245	13.0	1026.6	-	39	
2020-11-17 07:15:00	7.4	북서	325	16.22	30.22	1.89	6.8	2.40	7.0	2.1	남서	225	12.9	1026.6	-	69	
2020-11-17 07:20:00	5.6	북서	313	16.22	30.23	1.93	7.0	2.52	6.0	2.5	남서	221	12.8	1026.6	-	76	
2020-11-17 07:25:00	3.6	북북서	333	16.20	30.23	1.76	6.9	2.38	6.5	2.4	남서	220	12.7	1026.6	-	43	
2020-11-17 07:30:00	6.6	북	4	16.20	30.22	1.62	6.6	1.94	6.0	2.4	남서	222	12.8	1026.6	-	55	
2020-11-17 07:35:00	4.0	북	353	16.19	30.22	1.51	6.7	2.01	6.5	2.5	남서	221	12.8	1026.6	-	70	
2020-11-17 07:40:00	6.4	북북서	333	16.20	30.16	1.54	6.6	1.84	6.0	2.3	남서	230	12.7	1026.6	-	80	
2020-11-17 07:45:00	7.3	북서	313	16.19	30.18	1.59	6.8	2.19	7.0	2.1	서남서	238	12.7	1026.6	-	66	
2020-11-17 07:50:00	5.3	북	355	16.19	30.22	1.68	7.3	3.09	7.5	2.2	남서	234	12.6	1026.6	-	71	
2020-11-17 07:55:00	11.4	북북서	340	16.20	30.21	1.65	6.5	2.31	6.0	2.0	서남서	240	12.7	1026.6	-	39	
2020-11-17 08:00:00	7.8	북북서	333	16.20	30.21	1.45	6.7	2.67	6.5	1.7	남서	232	12.8	1026.7	-	78	
2020-11-17 08:05:00	7.2	북북서	343	16.22	30.18	1.35	6.2	1.78	5.5	1.4	남서	232	12.9	1026.7	-	39	
2020-11-17 08:10:00	6.7	북	353	16.22	30.22	1.31	5.9	1.64	6.5	1.3	남서	224	13.0	1026.7	-	43	
2020-11-17 08:15:00	9.2	북	8	16.21	30.25	1.50	6.0	2.12	6.0	0.9	남서	235	13.0	1026.7	-	48	
2020-11-17 08:20:00	7.7	북	4	16.22	30.25	1.43	6.9	2.18	6.0	1.8	남남서	202	13.1	1026.7	-	43	
2020-11-17 08:25:00	7.1	북북동	15	16.24	30.25	1.51	6.5	2.19	6.0	1.9	남남서	210	13.3	1026.7	-	35	
2020-11-17 08:30:00	4.7	북서	323	16.25	30.27	1.43	7.0	1.80	7.0	2.6	남남서	199	13.3	1026.6	-	38	
2020-11-17 08:35:00	7.0	북북서	342	16.25	30.27	1.33	6.2	1.76	7.0	2.4	남남서	192	13.4	1026.6	-	52	
2020-11-17 08:40:00	7.5	북	351	16.23	30.22	1.45	7.0	1.92	7.0	2.4	남남서	200	13.4	1026.6	-	42	
2020-11-17 08:45:00	10.8	북북서	344	16.21	30.24	1.37	6.2	2.19	6.5	2.3	남남서	198	13.5	1026.5	-	62	
2020-11-17 08:50:00	11.1	북북서	335	16.21	30.18	1.44	6.6	1.89	6.0	2.5	남	184	13.9	1026.5	-	58	
2020-11-17 08:55:00	11.2	북북동	17	16.20	30.17	1.47	6.9	2.16	6.5	2.4	남	183	14.4	1026.5	-	38	
2020-11-17 09:00:00	9.8	북	350	16.20	30.19	1.36	6.4	1.89	6.5	3.5	남	180	14.7	1026.5	-	55	
2020-11-17 09:05:00	9.0	북서	318	16.21	30.24	1.43	7.0	1.79	6.0	4.4	남	172	15.3	1026.5	-	89	
2020-11-17 09:10:00	10.1	북	353	16.22	30.22	1.65	6.3	2.11	7.5	4.7	남남동	166	15.4	1026.5	-	78	
2020-11-17 09:15:00	9.3	북북서	332	16.22	30.18	1.26	6.6	1.59	7.0	5.1	남남동	165	15.7	1026.4	-	56	
2020-11-17 09:20:00	9.8	북북서	347	16.22	30.19	1.50	6.2	1.96	5.5	5.6	남남동	159	15.8	1026.3	-	60	
2020-11-17 09:25:00	8.6	북북서	336	16.23	30.20	1.59	6.8	2.09	6.5	5.8	남남동	151	15.9	1026.3	-	53	
2020-11-17 09:30:00	11.4	북북서	340	16.24	30.22	1.53	6.1	2.44	6.5	6.5	남남동	152	15.9	1026.2	-	82	
2020-11-17 09:35:00	6.8	북북서	342	16.24	30.24	1.32	5.8	1.76	6.0	6.7	남동	145	16.1	1026.1	-	62	
2020-11-17 09:40:00	9.9	북북서	334	16.25	30.24	1.26	6.2	1.53	5.0	6.6	남동	144	16.1	1026.1	-	21	
2020-11-17 09:45:00	9.1	북북서	348	16.26	30.22	1.38	6.3	1.97	7.0	6.4	남동	142	16.1	1026.0	-	45	
2020-11-17 09:50:00	11.2	북북서	335	16.26	30.23	1.49	6.8	2.29	7.5	6.8	남동	144	16.2	1026.0	-	47	
2020-11-17 09:55:00	11.7	북북서	334	16.26	30.19	1.55	6.1	2.05	5.5	7.2	남동	141	16.2	1025.9	-	84	
2020-11-17 10:00:00	9.1	북	0	16.27	30.23	1.26	6.1	1.62	5.0	7.0	남동	135	16.2	1025.7	-	74	
2020-11-17 10:05:00	9.1	북	1	16.28	30.20	1.42	6.6	1.81	7.0	7.1	남동	136	16.2	1025.7	-	23	
2020-11-17 10:10:00	10.5	북서	326	16.29	30.24	1.25	6.4	1.61	9.0	7.2	남동	142	16.2	1025.6	-	32	
2020-11-17 10:15:00	8.2	북	356	16.29	30.24	1.28	6.4	1.59	6.0	7.3	남동	139	16.2	1025.6	-	52	
2020-11-17 10:20:00	7.7	북서	322	16.29	30.23	1.47	6.0	1.78	7.0	7.9	남동	139	16.2	1025.5	-	25	
2020-11-17 10:25:00	8.2	북서	318	16.29	30.18	1.49	6.0	1.98	5.5	7.6	남동	140	16.2	1025.4	-	63	
2020-11-17 10:30:00	12.0	북서	311	16.29	30.16	1.31	6.0	1.57	7.5	7.0	남동	142	16.2	1025.4	-	70	
2020-11-17 10:35:00	11.2	북북서	327	16.28	30.17	1.62	6.3	2.23	6.5	7.1	남동	140	16.2	1025.3	-	52	
2020-11-17 10:40:00	10.1	북	349	16.28	30.18	1.38	6.0	2.08	6.0	7.0	남동	142	16.2	1025.2	-	77	
2020-11-17 10:45:00	16.2	북서	325	16.30	30.15	1.32	6.4	1.62	8.0	6.9	남동	135	16.2	1025.2	-	70	
2020-11-17 10:50:00	10.4	북서	318	16.31	30.18	1.25	6.6	1.50	6.0	6.5	남동	133	16.2	1025.2	-	33	
2020-11-17 10:55:00	13.2	북북서	329	16.31	30.20	1.24	6.5	1.56	7.0	6.7	남동	133	16.3	1025.1	-	52	
2020-11-17 11:00:00	11.7	북서	319	16.32	30.21	1.45	6.5	1.82	8.0	6.6	남동	137	16.5	1025.0	-	40	
2020-11-17 11:05:00	12.5	북서	320	16.32	30.21	1.38	6.4	1.79	7.0	6.3	남동	135	16.5	1024.9	-	61	
2020-11-17 11:10:00	11.3	북서	323	16.31	30.19	1.36	6.2	1.98	6.5	6.6	남동	131	16.5	1024.8	-	107	
2020-11-17 11:15:00	16.5	북서	325	16.31	30.20	1.21	5.7	1.57	5.0	6.7	남동	132	16.5	1024.8	-	69	
2020-11-17 11:20:00	14.5	북서	325	16.32	30.22	1.27	6.3	1.55	6.0	6.3	남동	130	16.6	1024.6	-	49	
2020-11-17 11:25:00	13.7	북서	321	16.33	30.22	1.49	7.1	2.19	6.5	6.7	남동	135	16.6	1024.5	-	43	
2020-11-17 11:30:00	12.6	북북서	333	16.32	30.21	1.26	6.4	1.71	6.0	7.7	남동	140	16.5	1024.4	-	42	
2020-11-17 11:35:00	13.8	북서	308	16.33	30.20	1.32	6.4	1.68	7.5	7.4	남동	135	16.6	1024.4	-	33	
2020-11-17 11:40:00	14.5	북서	324	16.34	30.22	1.39	6.4	1.97	6.5	7.7	남동	136	16.5	1024.3	-	20	
2020-11-17 11:45:00	16.9	북서	326	16.35	30.20	1.31	5.7	1.84	6.0	7.5	남동	138	16.6	1024.2	-	50	
2020-11-17 11:50:00	13.0	북서	320	16.36	30.22	1.17	6.3	1.37	6.5	7.4	남동	136	16.7	1024.2	-	100	
2020-11-17 11:55:00	19.0	북서	317	16.37	30.21	1.24	6.2	1.76	6.0	7.7	남동	132	16.7	1024.1	-	70	
2020-11-17 12:00:00	16.1	북서	312	16.38	30.18	1.17	5.6	1.75	5.5	7.9	남동	137	16.7	1024.0	-	40	
2020-11-17 12:05:00	13.0	북서	312	16.38	30.17	1.29	6.2	1.82	6.0	7.9	남동	134	16.7	1023.9	-	89	
2020-11-17 12:10:00	18.2	북서	318	16.38	30.21	1.31	6.2	1.87	4.5	7.0	남동	134	16.7	1023.7	-	50	
2020-11-17 12:15:00	17.5	북서	319	16.38	30.20	1.16	6.2	1.47	6.0	7.3	남동	138	16.7	1023.7	-	68	
2020-11-17 12:20:00	15.7	북서	321	16.38	30.20	1.24	6.1	1.55	6.5	8.2	남동	139	16.6	1023.5	-	43	
2020-11-17 12:25:00	20.0	북서	310	16.39	30.19	1.34	7.1	1.81	6.0	7.8	남동	134	16.7	1023.4	-	83	
2020-11-17 12:30:00	18.4	북서	312	16.38	30.19	1.20	6.2	1.96	6.5	8.2	남동	138	16.7	1023.3	-	56	
2020-11-17 12:35:00	20.6	북서	314	16.38	30.19	1.14	5.8	1.54	7.0	8.4	남동	138	16.5	1023.2	-	101	
2020-11-17 12:40:00	19.4	북서	308	16.38	30.18	1.26	6.7	1.56	6.0	8.3	남동	138	16.6	1023.0	-	41	
2020-11-17 12:45:00	20.8	북서	318	16.38	30.18	1.31	5.8	1.75	5.5	8.2	남동	134	16.7	1022.9	-	37	
2020-11-17 12:50:00	21.0	북서	321	16.40	30.19	1.36	6.3	1.83	7.0	8.2	남동	136	16.9	1022.8	-	45	
2020-11-17 12:55:00	19.8	북서	321	16.40	30.18	1.23	6.3	1.73	5.0	8.6	남동	132	16.9	1022.7	-	38	
2020-11-17 13:00:00	19.0	북서	326	16.40	30.19	1.14	5.9	1.73	6.0	8.2	남동	133	16.9	1022.7	-	33	
2020-11-17 13:05:00	19.7	북서	319	16.40	30.18	1.20	6.4	2.02	5.5	7.9	남동	134	16.8	1022.7	-	35	
2020-11-17 13:10:00	21.0	북서	319	16.41	30.19	1.23	5.3	1.71	4.5	7.7	남동	132	16.9	1022.6	-	70	
2020-11-17 13:15:00	18.8	북서	326	16.42	30.16	1.27	5.7	1.59	5.5	7.7	남동	132	16.8	1022.5	-	53	
2020-11-17 13:20:00	18.3	북서	324	16.43	30.19	1.20	6.1	1.84	5.5	8.0	남동	128	16.8	1022.3	-	43	
2020-11-17 13:25:00	19.6	북서	321	16.43	30.17	1.09	5.7	1.56	5.5	7.3	남동	125	16.8	1022.2	-	45	
2020-11-17 13:30:00	21.6	북서	324	16.43	30.14	1.20	5.4	1.62	6.0	7.5	남동	129	16.8	1022.2	-	86	
2020-11-17 13:35:00	22.7	북서	324	16.42	30.17	1.22	5.8	1.85	5.5	7.3	남동	129	16.9	1022.2	-	42	
2020-11-17 13:40:00	20.9	북북서	328	16.42	30.18	1.10	6.2	2.10	5.5	6.4	동남동	122	16.9	1022.2	-	72	
2020-11-17 13:45:00	23.8	북서	321	16.42	30.16	1.18	5.7	1.64	5.5	7.1	동남동	121	17.0	1022.0	-	34	
2020-11-17 13:50:00	23.1	북서	323	16.42	30.16	1.17	5.9	1.70	5.5	7.0	남동	131	17.1	1021.9	-	49	
2020-11-17 13:55:00	25.1	북북서	333	16.43	30.17	1.20	5.4	1.60	4.0	7.9	남동	131	17.1	1021.9	-	33	
2020-11-17 14:00:00	27.5	북서	325	16.43	30.16	1.11	5.9	1.43	6.5	8.3	남동	136	17.0	1021.9	-	29	
2020-11-17 14:05:00	30.9	북서	320	16.44	30.08	1.29	6.1	1.69	6.0	8.2	남동	135	17.0	1021.9	-	49	
2020-11-17 14:10:00	28.4	북북서	331	16.43	30.10	1.08	5.8	1.43	6.5	8.0	남동	138	17.0	1021.8	-	77	
2020-11-17 14:15:00	28.5	북북서	327	16.43	30.04	1.09	5.9	1.47	5.5	8.5	남동	140	17.0	1021.7	-	73	
2020-11-17 14:20:00	27.6	북북서	332	16.43	30.06	1.11	5.3	1.37	4.5	8.5	남동	140	17.1	1021.6	-	64	
2020-11-17 14:25:00	29.2	북북서	327	16.43	30.09	1.23	5.7	1.73	7.0	8.4	남동	138	17.0	1021.5	-	73	
2020-11-17 14:30:00	28.4	북서	324	16.42	30.10	1.04	5.8	1.47	6.0	8.4	남동	138	17.0	1021.5	-	88	
2020-11-17 14:35:00	22.4	북북서	335	16.42	30.10	1.18	5.4	1.55	4.5	7.9	남동	137	17.0	1021.5	-	90	
2020-11-17 14:40:00	21.7	북북서	332	16.41	30.09	1.10	5.5	1.65	5.5	7.7	남동	136	17.0	1021.6	-	48	
2020-11-17 14:45:00	23.9	북북서	330	16.41	30.09	1.29	6.2	1.79	6.5	7.0	남동	134	17.0	1021.6	-	62	
2020-11-17 14:50:00	20.6	북서	325	16.40	30.14	1.26	5.7	1.59	5.5	6.6	남동	138	17.0	1021.6	-	61	
2020-11-17 14:55:00	20.7	북북서	330	16.40	30.09	1.20	5.5	1.53	4.0	7.1	남동	142	17.0	1021.6	-	27	
2020-11-17 15:00:00	19.7	북서	321	16.39	30.15	1.27	5.7	1.72	5.5	6.9	남동	145	16.9	1021.5	-	91	
2020-11-17 15:05:00	23.6	북서	324	16.40	30.13	1.35	6.2	1.96	6.5	7.0	남남동	147	16.9	1021.6	-	48	
2020-11-17 15:10:00	27.6	북서	321	16.40	30.15	1.09	5.4	1.54	6.5	7.2	남남동	149	16.9	1021.7	-	81	
2020-11-17 15:15:00	23.8	북서	323	16.40	30.15	1.13	5.9	1.51	5.0	6.5	남남동	150	16.9	1021.7	-	62	
2020-11-17 15:20:00	19.0	북서	322	16.39	30.18	1.15	5.7	1.59	4.0	6.2	남남동	151	16.9	1021.7	-	51	
2020-11-17 15:25:00	18.0	북북서	329	16.39	30.17	1.19	6.0	1.66	5.5	5.3	남남동	153	16.9	1021.7	-	38	
2020-11-17 15:30:00	24.8	북서	323	16.39	30.19	0.95	4.9	1.23	5.5	4.9	남남동	151	17.0	1021.8	-	0	
2020-11-17 15:35:00	16.5	북서	322	16.38	30.18	1.29	6.1	1.67	6.0	3.5	남남동	158	17.1	1021.7	-	91	
2020-11-17 15:40:00	21.2	북북서	327	16.38	30.17	1.01	5.4	1.39	6.0	3.5	남남동	147	17.3	1021.7	-	110	
2020-11-17 15:45:00	19.1	북서	320	16.38	30.18	1.19	5.6	1.39	6.0	4.1	남남동	149	17.3	1021.8	-	46	
2020-11-17 15:50:00	20.1	북서	320	16.38	30.20	1.16	5.7	1.47	5.0	3.7	남남동	156	17.2	1021.8	-	35	
2020-11-17 15:55:00	17.6	북서	318	16.38	30.19	0.95	5.4	1.21	5.5	3.0	남남동	148	17.2	1021.8	-	41	
2020-11-17 16:00:00	16.4	북서	321	16.38	30.21	0.97	5.5	1.34	6.0	2.5	남남동	153	17.4	1021.7	-	43	
2020-11-17 16:05:00	15.7	북서	321	16.38	30.20	1.29	5.9	1.64	5.0	1.7	남남동	155	17.3	1021.7	-	57	
2020-11-17 16:10:00	21.0	북북서	328	16.38	30.19	0.96	5.1	1.22	6.0	1.4	남동	140	17.5	1021.6	-	40	
2020-11-17 16:15:00	15.1	북북서	333	16.38	30.18	1.00	5.4	1.36	6.0	2.2	남동	139	17.4	1021.6	-	46	
2020-11-17 16:20:00	17.7	북서	325	16.38	30.19	0.90	5.7	1.35	7.0	1.4	남남동	152	17.3	1021.6	-	65	
2020-11-17 16:25:00	16.1	북북서	327	16.38	30.19	1.06	5.2	2.10	5.0	1.0	남남동	162	17.5	1021.7	-	53	
2020-11-17 16:30:00	17.2	북서	321	16.37	30.18	0.96	5.4	1.53	5.5	0.7	남	170	17.6	1021.7	-	24	
2020-11-17 16:35:00	15.7	북북서	332	16.37	30.18	1.11	4.9	1.59	4.5	1.0	남남서	212	17.6	1021.8	-	73	
2020-11-17 16:40:00	14.8	북북서	347	16.37	30.18	1.11	5.4	1.46	6.0	0.8	서	263	17.6	1021.8	-	76	
2020-11-17 16:45:00	15.8	북북서	344	16.37	30.18	0.96	5.1	1.21	5.0	1.0	서북서	284	17.7	1021.9	-	33	
2020-11-17 16:50:00	16.4	북서	323	16.37	30.18	1.10	5.5	1.59	5.0	0.9	서북서	298	17.6	1021.9	-	41	
2020-11-17 16:55:00	15.3	북북서	345	16.37	30.19	1.10	5.5	1.44	6.0	1.1	서북서	297	17.6	1022.0	-	48	
2020-11-17 17:00:00	11.9	북북서	348	16.37	30.19	0.93	5.5	1.51	5.5	1.0	북서	305	17.4	1021.9	-	56	
2020-11-17 17:05:00	15.8	북	352	16.36	30.19	0.95	5.6	1.31	5.0	1.2	북서	316	17.4	1021.9	-	93	
2020-11-17 17:10:00	7.9	북	349	16.36	30.22	0.91	5.1	1.28	5.5	2.1	북서	323	17.4	1021.9	-	106	
2020-11-17 17:15:00	12.6	북북서	345	16.35	30.22	0.96	5.8	1.38	6.5	1.9	북서	315	17.4	1021.9	-	60	
2020-11-17 17:20:00	13.2	북북서	344	16.35	30.19	0.80	5.5	0.98	5.5	2.3	북서	325	17.3	1021.9	-	41	
2020-11-17 17:25:00	11.5	북북서	336	16.34	30.22	0.87	5.5	1.25	6.5	2.3	북북서	327	17.3	1021.9	-	74	
2020-11-17 17:30:00	11.7	북북서	340	16.33	30.23	1.09	5.3	1.48	5.0	2.5	북서	320	17.2	1021.9	-	72	
2020-11-17 17:35:00	8.5	북서	304	16.32	30.21	0.97	5.4	1.37	6.5	4.0	북북서	336	17.1	1021.9	-	56	
2020-11-17 17:40:00	11.9	북북서	332	16.31	30.24	0.85	4.8	1.16	4.5	4.6	북북서	338	16.6	1021.9	-	93	
2020-11-17 17:45:00	10.9	북북서	343	16.30	30.25	0.99	5.5	1.44	5.5	4.9	북북서	335	16.3	1022.0	-	43	
2020-11-17 17:50:00	6.6	북	349	16.29	30.25	0.86	5.6	1.51	6.0	4.5	북북서	337	16.2	1021.9	-	79	
2020-11-17 17:55:00	9.7	북북서	344	16.28	30.25	0.80	5.3	1.03	5.5	4.4	북북서	339	16.1	1022.0	-	59	
2020-11-17 18:00:00	10.8	북북서	346	16.27	30.26	0.99	5.5	1.45	5.0	4.3	북북서	334	16.0	1022.0	-	60	
2020-11-17 18:05:00	7.7	북북서	330	16.27	30.28	0.95	5.8	1.31	5.5	3.7	북서	326	15.9	1022.1	-	28	
2020-11-17 18:10:00	5.8	북북서	341	16.26	30.26	1.11	5.7	1.54	5.0	3.6	북북서	330	15.9	1022.0	-	72	
2020-11-17 18:15:00	10.4	북북서	342	16.25	30.26	1.04	5.4	1.71	6.0	3.8	북북서	339	15.9	1022.0	-	78	
2020-11-17 18:20:00	11.7	북북서	342	16.25	30.30	1.04	5.6	1.57	5.0	3.6	북북서	329	15.9	1022.1	-	85	
2020-11-17 18:25:00	6.8	북서	311	16.24	30.32	1.02	5.5	1.62	5.5	3.4	북서	326	15.9	1022.2	-	66	
2020-11-17 18:30:00	6.9	북서	310	16.24	30.32	1.14	5.4	1.61	5.0	3.5	북북서	329	15.9	1022.3	-	34	
2020-11-17 18:35:00	5.6	북서	320	16.24	30.28	1.05	5.6	1.61	6.0	3.4	북북서	333	15.9	1022.3	-	62	
2020-11-17 18:40:00	7.3	북서	323	16.23	30.29	0.97	5.2	1.22	4.5	4.0	북북서	331	15.9	1022.3	-	35	
2020-11-17 18:45:00	7.5	북서	311	16.23	30.33	1.09	5.2	1.60	5.0	4.1	북북서	329	15.8	1022.4	-	96	
2020-11-17 18:50:00	8.0	북북서	327	16.23	30.31	0.86	5.0	1.23	5.0	3.9	북북서	330	15.8	1022.4	-	55	
2020-11-17 18:55:00	6.5	서북서	290	16.23	30.28	1.02	5.6	1.49	5.0	4.1	북북서	341	15.8	1022.3	-	54	
2020-11-17 19:00:00	7.2	북북서	330	16.23	30.27	0.93	5.3	1.43	5.5	3.5	북북서	343	15.8	1022.3	-	91	
2020-11-17 19:05:00	5.1	북북서	338	16.23	30.31	0.90	5.4	1.19	5.0	3.2	북북서	339	15.9	1022.3	-	94	
2020-11-17 19:10:00	4.2	북	350	16.23	30.30	0.98	5.4	1.57	4.5	3.1	북북서	342	15.8	1022.4	-	96	
2020-11-17 19:15:00	5.9	북북서	328	16.23	30.30	0.85	5.0	1.08	5.0	3.6	북북서	333	15.9	1022.5	-	65	
2020-11-17 19:20:00	6.7	북북서	335	16.23	30.28	0.85	4.8	1.30	5.5	3.4	북북서	342	15.9	1022.4	-	308	
2020-11-17 19:25:00	3.5	북서	317	16.23	30.29	0.96	5.5	1.37	5.0	3.3	북북서	332	15.9	1022.4	-	75	
2020-11-17 19:30:00	7.4	북서	322	16.23	30.27	0.83	4.9	1.03	5.0	3.2	북북서	338	15.9	1022.4	-	49	
2020-11-17 19:35:00	5.8	북서	308	16.23	30.26	0.91	5.3	1.28	5.0	2.6	북북서	335	16.0	1022.5	-	61	
2020-11-17 19:40:00	5.3	서북서	299	16.23	30.31	0.95	5.5	1.15	6.0	2.4	북북서	338	15.9	1022.5	-	97	
2020-11-17 19:45:00	6.1	북북서	342	16.23	30.32	0.84	5.2	1.17	5.5	2.6	북북서	335	15.9	1022.4	-	105	
2020-11-17 19:50:00	1.6	북북서	343	16.23	30.31	0.94	5.5	1.38	5.0	3.0	북	349	15.8	1022.3	-	18	
2020-11-17 19:55:00	6.4	북북서	327	16.23	30.27	1.05	5.3	1.47	5.5	2.7	북북서	348	15.8	1022.2	-	89	
2020-11-17 20:00:00	3.5	북서	314	16.23	30.29	0.99	5.2	1.54	5.0	2.4	북북서	345	15.8	1022.1	-	80	
2020-11-17 20:05:00	5.3	북서	321	16.23	30.29	1.07	5.6	1.63	5.0	2.6	북북서	344	15.7	1022.2	-	66	
2020-11-17 20:10:00	6.6	북서	312	16.23	30.30	0.94	5.3	1.36	5.5	2.2	북북서	337	15.7	1022.3	-	96	
2020-11-17 20:15:00	2.0	북북서	342	16.23	30.29	0.83	5.4	1.33	5.0	2.0	북북서	331	15.7	1022.3	-	65	
2020-11-17 20:20:00	5.6	북서	324	16.23	30.26	0.93	5.5	1.25	6.0	2.1	북북서	328	15.7	1022.3	-	54	
2020-11-17 20:25:00	4.3	서북서	303	16.22	30.27	0.90	5.1	1.44	4.5	2.2	북북서	332	15.7	1022.2	-	84	
2020-11-17 20:30:00	5.0	북서	307	16.23	30.27	0.95	5.6	1.06	5.5	2.2	북북서	335	15.8	1022.2	-	67	
2020-11-17 20:35:00	9.1	서북서	289	16.23	30.28	0.88	5.4	1.21	5.0	2.0	북서	316	15.8	1022.2	-	72	
2020-11-17 20:40:00	6.5	서북서	285	16.23	30.28	0.88	5.3	1.25	5.0	1.1	서북서	301	15.7	1022.2	-	118	
2020-11-17 20:45:00	9.2	서북서	296	16.23	30.29	0.93	5.3	1.37	5.0	0.9	서	268	15.6	1022.2	-	96	
2020-11-17 20:50:00	8.6	서북서	285	16.23	30.28	0.91	5.4	1.38	5.0	0.8	남남서	209	15.4	1022.1	-	51	
2020-11-17 20:55:00	7.2	서북서	304	16.23	30.28	0.91	5.4	1.59	5.5	1.5	남서	216	15.4	1022.2	-	62	
2020-11-17 21:00:00	9.0	서북서	289	16.23	30.29	0.83	5.4	1.10	5.0	1.8	남남서	194	15.4	1022.2	-	94	
2020-11-17 21:05:00	7.7	서북서	288	16.23	30.28	0.93	5.3	1.41	5.0	1.8	남	177	15.5	1022.2	-	26	
2020-11-17 21:10:00	-	-	-	-	-	0.00	0.0	0.00	0.0	0.6	남	179	15.4	-	-	0	
2020-11-17 21:15:00	6.3	북북서	329	16.23	30.30	0.89	5.4	1.25	5.5	0.4	남남서	192	15.3	1022.2	-	92	
2020-11-17 21:20:00	10.8	북서	323	16.21	30.29	0.87	4.7	1.26	5.5	0.1	서남서	250	15.3	1022.3	-	151	
2020-11-17 21:25:00	9.4	북서	319	16.21	30.30	0.83	5.1	1.29	5.0	0.5	남	190	15.3	1022.3	-	89	
2020-11-17 21:30:00	8.0	서북서	303	16.20	30.30	0.86	5.4	1.20	5.0	0.6	남남서	206	15.3	1022.3	-	58	
2020-11-17 21:35:00	7.1	북서	313	16.20	30.29	0.81	5.1	1.24	4.5	0.7	서남서	240	15.1	1022.3	-	86	
2020-11-17 21:40:00	11.2	북서	311	16.19	30.29	0.81	5.2	1.19	5.0	0.3	남남서	212	15.1	1022.3	-	64	
2020-11-17 21:45:00	8.9	북서	314	16.19	30.28	0.84	5.1	1.15	5.0	0.4	서북서	301	15.1	1022.4	-	68	
2020-11-17 21:50:00	9.2	서북서	294	16.18	30.30	0.87	5.1	1.21	5.5	0.1	북	356	15.1	1022.4	-	125	
2020-11-17 21:55:00	6.6	북서	319	16.17	30.29	0.80	5.3	1.00	4.5	0.5	북북동	26	15.1	1022.3	-	51	
2020-11-17 22:00:00	11.7	서북서	295	16.17	30.32	0.93	5.1	1.19	5.0	0.2	북북동	13	15.1	1022.2	-	95	
2020-11-17 22:05:00	7.7	북서	315	16.16	30.33	0.84	5.3	1.29	5.5	0.4	북북동	23	15.1	1022.4	-	80	
2020-11-17 22:10:00	9.0	북서	307	16.16	30.32	0.83	5.0	1.13	5.0	0.0	북동	55	15.1	1022.5	-	86	
2020-11-17 22:15:00	7.9	북서	304	16.17	30.32	0.77	5.0	1.05	5.0	0.0	동	79	15.2	1022.5	-	106	
2020-11-17 22:20:00	5.8	북서	310	16.17	30.33	0.84	5.0	1.22	5.0	0.4	남서	236	15.1	1022.5	-	95	
2020-11-17 22:25:00	5.8	북서	320	16.17	30.30	0.83	5.1	1.16	5.5	1.1	남남서	212	15.0	1022.5	-	76	
2020-11-17 22:30:00	8.3	북서	313	16.17	30.26	0.86	4.9	1.03	5.0	0.9	남서	234	15.0	1022.6	-	59	
2020-11-17 22:35:00	7.0	북서	305	16.17	30.29	0.79	5.1	1.30	4.5	1.6	서남서	255	14.9	1022.7	-	86	
2020-11-17 22:40:00	7.3	북서	305	16.17	30.31	0.81	5.1	1.31	5.0	1.9	서남서	247	14.6	1022.8	-	95	
2020-11-17 22:45:00	7.6	북서	325	16.17	30.32	0.95	5.1	1.54	4.5	1.2	서남서	239	14.6	1022.7	-	97	
2020-11-17 22:50:00	6.9	북서	314	16.17	30.32	0.79	5.0	1.18	5.0	0.9	서남서	253	14.6	1022.7	-	78	
2020-11-17 22:55:00	6.4	북서	315	16.17	30.31	0.87	5.5	1.39	5.5	1.1	서북서	284	14.7	1022.7	-	98	
2020-11-17 23:00:00	6.3	북서	312	16.17	30.31	1.01	5.0	1.26	4.5	1.2	서북서	287	14.8	1022.7	-	76	
2020-11-17 23:05:00	6.7	북서	316	16.16	30.32	0.83	5.2	1.08	6.0	0.8	서	270	14.8	1022.6	-	95	
2020-11-17 23:10:00	6.9	북북서	328	16.17	30.31	0.83	5.1	1.01	5.0	0.8	서	279	14.7	1022.5	-	40	
2020-11-17 23:15:00	9.0	북서	320	16.17	30.33	0.78	5.3	0.92	4.5	0.8	서	262	14.6	1022.4	-	68	
2020-11-17 23:20:00	7.4	북북서	339	16.18	30.35	0.79	5.1	0.97	4.5	1.1	서	271	14.6	1022.4	-	94	
2020-11-17 23:25:00	6.2	북서	318	16.18	30.34	0.73	5.4	1.03	5.5	1.4	서	278	14.5	1022.3	-	44	
2020-11-17 23:30:00	7.5	북북서	346	16.18	30.34	0.73	5.1	1.07	4.5	1.6	서	268	14.5	1022.3	-	98	
2020-11-17 23:35:00	6.3	북북서	343	16.17	30.34	0.79	5.5	1.01	5.0	1.4	서	261	14.4	1022.2	-	94	
2020-11-17 23:40:00	7.6	북북서	330	16.17	30.33	0.92	5.4	1.28	4.5	1.4	서남서	258	14.1	1022.2	-	70	
2020-11-17 23:45:00	7.0	북	356	16.17	30.34	0.79	5.3	1.18	4.5	1.5	서남서	241	14.0	1022.0	-	68	
2020-11-17 23:50:00	5.7	북북서	334	16.17	30.35	0.69	5.0	0.95	5.0	2.6	남서	234	14.1	1022.1	-	103	
2020-11-17 23:55:00	8.0	북북서	330	16.16	30.34	0.73	4.9	0.96	5.5	2.3	서남서	238	14.1	1022.1	-	116	
2020-11-18 00:00:00	6.1	북북서	346	16.15	30.36	1.01	5.2	1.37	5.0	2.5	서남서	242	14.1	1022.1	-	93	
2020-11-18 00:05:00	5.9	북북서	334	16.16	30.35	0.71	5.1	0.98	5.0	2.5	남서	227	14.2	1022.1	-	116	
2020-11-18 00:10:00	7.5	북북서	332	16.15	30.36	0.81	5.0	1.11	4.5	2.1	남서	222	14.2	1021.9	-	116	
2020-11-18 00:15:00	7.7	북북서	330	16.14	30.37	0.70	5.3	0.90	4.0	1.9	남서	221	14.2	1021.8	-	93	
2020-11-18 00:20:00	8.1	북북서	329	16.14	30.35	0.72	5.1	0.95	5.0	1.1	남서	222	14.3	1021.6	-	107	
2020-11-18 00:25:00	7.7	북북서	333	16.13	30.34	0.88	5.1	1.22	4.5	1.1	남서	225	14.4	1021.6	-	86	
2020-11-18 00:30:00	6.6	북북서	335	16.14	30.39	0.80	5.3	1.24	5.5	1.3	남서	234	14.5	1021.6	-	97	
2020-11-18 00:35:00	4.3	북	5	16.14	30.35	0.82	5.0	1.37	4.5	1.5	서남서	250	14.5	1021.5	-	74	
2020-11-18 00:40:00	5.2	북	360	16.15	30.36	0.68	5.2	0.98	4.5	0.6	서	260	14.5	1021.4	-	101	
2020-11-18 00:45:00	3.4	북북서	349	16.14	30.37	0.62	4.8	0.88	6.0	0.7	서	268	14.6	1021.4	-	61	
2020-11-18 00:50:00	3.3	북서	309	16.14	30.37	0.84	5.4	1.15	5.0	0.3	남남서	209	14.5	1021.3	-	94	
2020-11-18 00:55:00	5.6	북서	320	16.14	30.37	0.73	4.9	1.04	5.0	1.3	남	171	14.6	1021.2	-	98	
2020-11-18 01:00:00	7.2	북북서	328	16.14	30.35	0.68	4.9	1.08	5.5	1.3	남남동	166	14.7	1021.1	-	104	
2020-11-18 01:05:00	6.0	북북서	339	16.14	30.38	0.77	5.0	1.15	5.0	1.0	남남동	166	14.7	1021.2	-	101	
2020-11-18 01:10:00	7.7	북서	313	16.14	30.37	0.68	5.1	0.89	5.5	0.8	남남서	207	14.7	1021.2	-	106	
2020-11-18 01:15:00	4.0	북서	316	16.13	30.38	0.69	5.3	1.05	6.0	1.3	남	176	14.8	1021.1	-	60	
2020-11-18 01:20:00	6.0	북서	325	16.13	30.37	0.68	5.2	0.86	5.5	1.5	남	175	14.6	1021.1	-	109	
2020-11-18 01:25:00	3.9	북서	314	16.12	30.37	0.64	4.8	0.77	5.0	1.7	남남서	204	14.8	1021.1	-	63	
2020-11-18 01:30:00	7.8	북서	315	16.12	30.36	0.67	5.3	0.85	5.5	1.1	서남서	238	14.7	1021.0	-	129	
2020-11-18 01:35:00	8.1	북서	316	16.11	30.36	0.76	5.0	1.38	5.0	0.9	남서	226	14.7	1020.9	-	93	
2020-11-18 01:40:00	7.8	서북서	300	16.11	30.36	0.61	4.9	0.78	5.5	1.1	남서	234	14.7	1020.9	-	67	
2020-11-18 01:45:00	7.5	북서	313	16.11	30.38	0.76	5.2	1.04	5.0	1.7	남남서	204	14.8	1021.0	-	94	
2020-11-18 01:50:00	7.4	북서	310	16.11	30.38	0.61	5.0	0.80	5.0	1.4	남	191	14.9	1020.9	-	105	
2020-11-18 01:55:00	10.5	북서	304	16.12	30.38	0.71	5.3	1.06	5.0	0.9	남남서	197	14.9	1020.8	-	89	
2020-11-18 02:00:00	8.8	서북서	300	16.12	30.39	0.69	5.1	0.93	5.0	1.1	남남서	197	14.8	1020.6	-	84	
2020-11-18 02:05:00	9.7	서북서	294	16.11	30.38	0.61	5.2	1.04	5.0	1.3	남남서	195	14.9	1020.5	-	111	
2020-11-18 02:10:00	9.5	북서	307	16.11	30.39	0.67	5.5	0.87	6.0	1.1	남남서	194	14.9	1020.3	-	36	
2020-11-18 02:15:00	9.0	북서	306	16.12	30.37	0.64	5.1	0.95	5.0	2.3	남	182	15.0	1020.2	-	120	
2020-11-18 02:20:00	11.6	서북서	300	16.12	30.38	0.64	5.1	0.97	5.5	2.4	남	174	15.0	1020.0	-	97	
2020-11-18 02:25:00	7.3	서북서	301	16.13	30.38	0.58	4.9	0.81	5.0	2.8	남	179	15.1	1019.9	-	120	
2020-11-18 02:30:00	9.6	서북서	300	16.13	30.38	0.59	4.7	0.74	5.0	2.3	남남서	195	15.1	1019.9	-	89	
2020-11-18 02:35:00	8.8	북서	306	16.13	30.37	0.62	4.9	0.86	5.0	1.6	남서	219	15.1	1020.0	-	106	
2020-11-18 02:40:00	9.0	서북서	303	16.13	30.39	0.61	5.1	0.88	5.0	1.5	서남서	239	15.0	1020.0	-	110	
2020-11-18 02:45:00	5.7	서북서	298	16.13	30.37	0.71	5.4	1.06	5.0	1.2	서남서	241	15.1	1019.9	-	92	
2020-11-18 02:50:00	8.7	북서	308	16.13	30.38	0.66	5.2	0.96	5.0	1.1	남서	214	15.1	1019.9	-	57	
2020-11-18 02:55:00	8.0	서북서	292	16.13	30.38	0.69	5.6	0.87	6.5	1.4	남	174	15.2	1019.8	-	93	
2020-11-18 03:00:00	7.4	서북서	301	16.13	30.38	0.65	5.1	0.90	4.5	1.9	남	180	15.3	1019.8	-	161	
2020-11-18 03:05:00	8.6	서북서	298	16.13	30.37	0.59	5.0	0.87	5.0	2.6	남	180	15.4	1019.7	-	92	
2020-11-18 03:10:00	3.7	서북서	287	16.13	30.36	0.68	4.8	1.04	5.0	2.2	남	182	15.4	1019.6	-	87	
2020-11-18 03:15:00	5.1	북서	323	16.13	30.38	0.69	5.1	1.01	5.5	2.4	남	182	15.5	1019.7	-	67	
2020-11-18 03:20:00	4.9	북서	306	16.16	30.41	0.72	5.2	1.11	5.0	1.9	남	178	15.5	1019.7	-	90	
2020-11-18 03:25:00	5.5	서북서	289	16.17	30.38	0.63	4.7	0.91	4.5	1.2	남남동	168	15.6	1019.8	-	60	
2020-11-18 03:30:00	7.5	서북서	291	16.18	30.38	0.63	5.4	0.76	5.5	1.2	남	175	15.7	1019.8	-	84	
2020-11-18 03:35:00	4.4	서북서	283	16.17	30.35	0.58	4.7	0.74	4.5	0.9	남서	219	15.7	1020.0	-	325	
2020-11-18 03:40:00	4.8	서북서	301	16.17	30.38	0.62	4.7	0.89	4.5	1.4	남서	235	15.7	1020.2	-	103	
2020-11-18 03:45:00	6.4	서북서	299	16.17	30.36	0.60	5.2	0.88	4.5	1.2	남남서	200	15.4	1020.1	-	319	
2020-11-18 03:50:00	3.2	북서	310	16.17	30.39	0.70	5.1	1.02	5.0	1.1	남	183	15.5	1020.0	-	102	
2020-11-18 03:55:00	3.7	서북서	298	16.17	30.38	0.66	5.1	1.03	5.0	1.0	남남동	158	15.6	1019.9	-	70	
2020-11-18 04:00:00	2.6	북북서	334	16.16	30.39	0.66	5.2	1.17	4.5	0.6	남남동	158	15.6	1019.9	-	78	
2020-11-18 04:05:00	5.4	서북서	290	16.16	30.38	0.59	4.8	0.81	4.5	0.3	북북서	348	15.7	1019.8	-	68	
2020-11-18 04:10:00	3.5	서	277	16.16	30.38	0.59	5.1	0.86	5.0	0.6	남동	126	15.7	1019.8	-	95	
2020-11-18 04:15:00	3.0	서	281	16.16	30.38	0.61	4.9	0.94	5.5	2.2	남동	142	15.7	1019.7	-	42	
2020-11-18 04:20:00	2.0	서북서	287	16.16	30.38	0.72	5.0	1.17	5.0	2.3	남남동	151	15.9	1019.7	-	122	
2020-11-18 04:25:00	5.6	서	276	16.16	30.39	0.59	5.4	0.84	5.5	3.0	남남동	147	15.9	1019.6	-	94	
2020-11-18 04:30:00	5.0	서	271	16.16	30.40	0.63	5.1	0.81	4.5	3.5	남남동	150	15.6	1019.6	-	240	
2020-11-18 04:35:00	4.5	서	277	16.15	30.39	0.62	4.7	1.08	4.5	4.6	남동	137	15.6	1019.5	-	138	
2020-11-18 04:40:00	3.8	서북서	294	16.15	30.39	0.59	5.7	0.77	5.5	4.3	남동	146	15.5	1019.5	-	85	
2020-11-18 04:45:00	4.2	서	269	16.17	30.41	0.69	5.1	0.99	5.5	2.9	남동	143	15.6	1019.4	-	160	
2020-11-18 04:50:00	5.2	서북서	285	16.18	30.39	0.53	5.3	0.80	5.5	3.6	남남동	149	15.9	1019.4	-	67	
2020-11-18 04:55:00	5.4	서북서	291	16.18	30.37	0.64	5.2	0.91	6.0	3.6	남동	145	15.9	1019.4	-	120	
2020-11-18 05:00:00	6.4	서북서	290	16.18	30.39	0.48	5.0	0.56	4.0	3.7	남동	145	15.9	1019.3	-	88	
2020-11-18 05:05:00	6.3	서북서	296	16.17	30.39	0.65	5.0	0.96	4.5	2.4	남	173	16.0	1019.4	-	321	
2020-11-18 05:10:00	4.9	서북서	284	16.18	30.38	0.61	4.9	0.88	4.0	2.3	남	191	15.9	1019.5	-	20	
2020-11-18 05:15:00	3.4	서북서	296	16.18	30.38	0.63	4.8	0.91	4.5	2.9	남남동	158	15.7	1019.3	-	58	
2020-11-18 05:20:00	5.8	서북서	288	16.17	30.40	0.76	5.4	0.90	4.5	3.6	남남동	155	15.9	1019.4	-	70	
2020-11-18 05:25:00	7.4	서북서	292	16.18	30.38	0.57	5.1	0.80	5.5	2.7	남남동	153	16.1	1019.4	-	115	
2020-11-18 05:30:00	6.5	서북서	283	16.18	30.39	0.56	4.5	0.68	5.0	2.6	남서	216	16.0	1019.4	-	100	
2020-11-18 05:35:00	6.5	서북서	295	16.19	30.41	0.66	5.1	0.84	6.0	2.8	남	173	15.9	1019.4	-	110	
2020-11-18 05:40:00	6.4	서북서	282	16.18	30.41	0.59	5.1	0.95	5.0	2.4	남남서	207	16.0	1019.4	-	74	
2020-11-18 05:45:00	6.3	서	274	16.18	30.42	0.68	4.9	1.12	4.5	2.2	남남서	207	16.4	1019.3	-	340	
2020-11-18 05:50:00	7.5	서북서	287	16.19	30.40	0.51	4.9	0.77	5.5	2.6	남남서	199	16.5	1019.3	-	293	
2020-11-18 05:55:00	6.5	서북서	296	16.19	30.40	0.50	4.9	0.71	5.5	2.8	남서	217	16.5	1019.3	-	114	
2020-11-18 06:00:00	6.4	서북서	295	16.19	30.37	0.52	5.0	0.77	5.0	1.8	남	178	16.4	1019.4	-	13	
2020-11-18 06:05:00	4.7	서북서	287	16.20	30.40	0.54	5.3	0.75	5.5	1.6	남남동	167	16.4	1019.3	-	93	
2020-11-18 06:10:00	7.2	서북서	298	16.20	30.40	0.53	4.9	0.83	5.0	1.0	남서	226	16.4	1019.2	-	93	
2020-11-18 06:15:00	6.3	북서	307	16.20	30.42	0.59	4.9	0.83	5.0	2.0	남	172	16.3	1019.1	-	218	
2020-11-18 06:20:00	5.5	북서	314	16.19	30.42	0.46	5.0	0.72	4.5	2.7	남	183	16.3	1019.0	-	50	
2020-11-18 06:25:00	5.9	북서	325	16.19	30.42	0.57	4.8	0.70	5.5	3.1	남남서	193	16.5	1018.9	-	315	
2020-11-18 06:30:00	4.8	북북서	335	16.18	30.42	0.51	4.9	0.64	4.0	2.7	남남동	158	17.6	1018.8	-	99	
2020-11-18 06:35:00	6.8	북	360	16.19	30.42	0.50	4.6	0.60	5.5	2.1	남남동	167	17.3	1018.9	-	307	
2020-11-18 06:40:00	4.2	서북서	303	16.19	30.41	0.62	4.8	0.84	4.0	2.2	남동	128	17.1	1019.0	-	88	
2020-11-18 06:45:00	4.9	북	354	16.19	30.37	0.56	4.6	0.71	5.0	2.3	남남동	163	16.7	1019.0	-	271	
2020-11-18 06:50:00	6.8	북	358	16.18	30.41	0.50	4.7	0.85	4.0	2.9	남남동	149	16.6	1019.0	-	315	
2020-11-18 06:55:00	6.1	북	9	16.18	30.35	0.59	5.2	0.83	4.5	3.0	남남동	165	16.7	1019.1	-	91	
2020-11-18 07:00:00	6.2	북북동	21	16.18	30.35	0.55	4.7	0.91	5.5	2.6	남	170	16.5	1019.2	-	98	
2020-11-18 07:05:00	5.2	북	353	16.19	30.35	0.52	4.5	0.79	6.0	3.0	남남동	152	16.3	1019.1	-	72	
2020-11-18 07:10:00	2.8	북서	324	16.19	30.35	0.55	5.1	0.85	5.0	3.1	남	185	16.1	1019.1	-	48	
2020-11-18 07:15:00	2.1	북북서	338	16.19	30.36	0.50	4.8	0.61	4.0	2.6	남남동	157	15.7	1019.0	-	322	
2020-11-18 07:20:00	3.9	북	1	16.19	30.37	0.48	5.0	0.65	4.5	1.8	남남동	154	16.0	1019.0	-	63	
2020-11-18 07:25:00	3.0	북서	307	16.19	30.37	0.53	4.8	0.86	5.5	2.0	남남동	159	16.0	1019.1	-	34	
2020-11-18 07:30:00	3.4	북서	304	16.20	30.35	0.49	5.1	0.72	5.0	1.3	남	180	16.0	1019.2	-	97	
2020-11-18 07:35:00	4.7	북서	318	16.20	30.34	0.54	4.7	0.87	5.5	1.5	남남동	154	16.1	1019.3	-	43	
2020-11-18 07:40:00	3.3	북서	311	16.20	30.37	0.52	4.8	0.68	5.5	1.3	남동	142	16.2	1019.3	-	150	
2020-11-18 07:45:00	4.9	북서	311	16.20	30.36	0.54	5.0	0.78	4.0	1.6	남남동	150	16.2	1019.2	-	76	
2020-11-18 07:50:00	3.9	북서	311	16.20	30.36	0.59	5.3	0.93	4.5	1.0	남서	218	16.5	1019.2	-	123	
2020-11-18 07:55:00	4.8	북서	316	16.20	30.35	0.52	5.1	0.70	5.5	1.9	남남서	194	16.3	1019.1	-	47	
2020-11-18 08:00:00	5.4	북서	314	16.20	30.37	0.55	4.8	0.73	4.0	1.3	남남서	199	16.6	1019.2	-	66	
2020-11-18 08:05:00	6.9	북북서	343	16.21	30.37	0.49	4.4	0.59	3.5	1.3	동남동	119	16.6	1019.2	-	245	
2020-11-18 08:10:00	3.4	북북서	337	16.22	30.37	0.48	4.5	0.77	3.5	1.2	남남동	155	16.7	1019.3	-	45	
2020-11-18 08:15:00	5.7	서북서	301	16.22	30.39	0.49	4.7	0.62	4.5	1.8	남	186	16.9	1019.3	-	56	
2020-11-18 08:20:00	4.6	북북서	347	16.22	30.37	0.52	5.3	0.74	6.0	2.9	남남동	159	18.9	1019.2	-	81	
2020-11-18 08:25:00	4.9	북북서	332	16.22	30.37	0.46	4.8	0.63	5.0	2.5	남동	135	19.5	1019.2	-	58	
2020-11-18 08:30:00	5.5	북	351	16.22	30.34	0.52	5.0	0.74	5.5	1.9	남	179	19.1	1019.2	-	89	
2020-11-18 08:35:00	5.2	북서	326	16.23	30.38	0.52	4.6	0.69	4.5	2.2	남	178	18.4	1019.2	-	165	
2020-11-18 08:40:00	7.7	서북서	296	16.23	30.39	0.54	5.3	0.69	5.5	2.2	남남동	149	18.1	1019.2	-	64	
2020-11-18 08:45:00	5.6	북서	310	16.23	30.38	0.44	5.0	0.63	4.0	2.3	남동	143	18.0	1019.1	-	86	
2020-11-18 08:50:00	7.1	서북서	299	16.23	30.38	0.47	4.6	0.71	4.0	1.6	남남동	162	18.0	1019.2	-	112	
2020-11-18 08:55:00	7.2	서북서	297	16.24	30.36	0.44	4.9	0.64	3.5	0.6	서남서	246	17.9	1019.2	-	266	
2020-11-18 09:00:00	6.2	서북서	296	16.25	30.39	0.52	4.8	0.73	6.0	1.0	동남동	115	17.9	1019.2	-	71	
2020-11-18 09:05:00	10.8	서북서	287	16.26	30.38	0.53	4.9	0.76	5.5	1.0	남동	129	17.9	1019.2	-	97	
2020-11-18 09:10:00	9.5	북서	323	16.23	30.35	0.54	4.3	0.75	6.0	2.2	서남서	251	17.7	1019.2	-	71	
2020-11-18 09:15:00	8.0	북북서	342	16.21	30.35	0.49	5.0	0.76	5.5	0.3	남	190	17.7	1019.2	-	98	
2020-11-18 09:20:00	7.8	북북서	340	16.15	30.33	0.52	5.0	0.86	5.0	0.5	남남동	166	18.1	1019.1	-	35	
2020-11-18 09:25:00	5.4	북북서	336	16.14	30.34	0.52	4.9	0.69	4.5	1.3	동남동	113	18.2	1019.0	-	54	
2020-11-18 09:30:00	5.3	북북서	327	16.14	30.37	0.46	4.9	0.66	4.0	0.8	남남서	209	18.1	1019.0	-	49	
2020-11-18 09:35:00	7.0	북서	311	16.14	30.35	0.55	4.9	0.92	4.0	1.0	서남서	250	17.9	1019.0	-	28	
2020-11-18 09:40:00	8.5	서북서	300	16.14	30.36	0.48	4.8	0.75	5.5	0.4	남	181	18.4	1018.9	-	77	
2020-11-18 09:45:00	11.1	서북서	302	16.14	30.37	0.51	5.0	0.72	4.0	0.8	남동	128	18.7	1018.8	-	44	
2020-11-18 09:50:00	12.2	서북서	300	16.13	30.34	0.48	4.5	0.77	4.5	0.9	동남동	108	18.6	1018.8	-	314	
2020-11-18 09:55:00	13.2	서북서	303	16.16	30.37	0.53	4.8	0.80	4.0	0.4	남동	135	18.5	1018.8	-	32	
2020-11-18 10:00:00	8.1	북서	305	16.18	30.35	0.52	4.5	0.67	5.5	0.3	동남동	110	18.6	1018.6	-	84	
2020-11-18 10:05:00	7.0	북서	320	16.15	30.33	0.43	4.6	0.56	4.0	0.2	동남동	116	18.7	1018.5	-	201	
2020-11-18 10:10:00	8.5	북북서	334	16.12	30.32	0.48	4.8	0.86	4.5	0.0	남동	139	19.1	1018.4	-	113	
2020-11-18 10:15:00	8.9	서북서	300	16.13	30.34	0.45	4.6	0.72	4.5	1.1	남동	140	19.2	1018.3	-	90	
2020-11-18 10:20:00	8.3	북서	304	16.11	30.34	0.45	4.4	0.57	4.5	3.3	남남동	161	19.4	1018.2	-	64	
2020-11-18 10:25:00	11.5	북서	313	16.10	30.36	0.48	4.5	0.69	4.5	4.8	남남동	154	19.4	1018.1	-	119	
2020-11-18 10:30:00	10.2	북서	309	16.11	30.35	0.45	4.9	0.61	6.0	5.8	남남동	150	19.5	1018.0	-	100	
2020-11-18 10:35:00	9.0	북서	315	16.11	30.34	0.47	4.5	0.67	5.5	5.8	남동	146	19.4	1018.0	-	69	
2020-11-18 10:40:00	11.8	북북서	332	16.11	30.36	0.46	4.3	0.64	4.0	5.3	남동	144	19.3	1018.0	-	344	
2020-11-18 10:45:00	12.6	북	353	16.11	30.38	0.48	4.5	0.77	4.5	5.5	남동	134	19.2	1017.9	-	63	
2020-11-18 10:50:00	11.4	북	1	16.10	30.36	0.51	4.7	0.65	5.0	5.5	남동	136	19.1	1017.9	-	343	
2020-11-18 10:55:00	8.7	북	356	16.12	30.39	0.46	4.3	0.66	6.0	5.1	남동	135	19.1	1017.8	-	93	
2020-11-18 11:00:00	10.9	북북서	335	16.13	30.36	0.48	4.5	0.72	3.5	5.3	남동	135	19.2	1017.8	-	73	
2020-11-18 11:05:00	8.0	북북서	329	16.16	30.36	0.46	4.4	0.60	6.5	5.1	남동	131	19.1	1017.6	-	99	
2020-11-18 11:10:00	8.7	북북서	328	16.18	30.33	0.50	4.4	0.75	4.5	5.3	남동	128	18.9	1017.6	-	115	
2020-11-18 11:15:00	9.3	북북서	332	16.20	30.33	0.50	4.6	0.64	5.5	5.0	남동	129	18.8	1017.5	-	92	
2020-11-18 11:20:00	14.1	북서	323	16.19	30.31	0.47	4.1	0.70	3.5	5.4	남동	130	18.9	1017.5	-	127	
2020-11-18 11:25:00	13.1	북서	324	16.17	30.29	0.53	4.2	0.74	4.5	5.0	남동	124	18.7	1017.5	-	73	
2020-11-18 11:30:00	13.2	북북서	329	16.16	30.31	0.52	4.4	0.70	4.0	4.8	남동	126	18.5	1017.3	-	86	
2020-11-18 11:35:00	13.4	북북서	326	16.16	30.30	0.54	4.3	0.93	5.0	5.6	남동	137	18.6	1017.2	-	39	
2020-11-18 11:40:00	10.2	북북서	331	16.15	30.31	0.50	4.5	0.68	5.0	5.7	남동	139	18.6	1017.1	-	132	
2020-11-18 11:45:00	13.8	북북서	336	16.16	30.30	0.54	4.5	0.79	3.5	5.8	남동	141	18.6	1016.9	-	86	
2020-11-18 11:50:00	11.3	북북서	339	16.16	30.32	0.54	3.9	0.77	4.0	6.5	남동	138	18.7	1016.9	-	103	
2020-11-18 11:55:00	15.5	북북서	329	16.16	30.33	0.62	4.6	0.82	4.5	7.0	남동	140	18.7	1016.8	-	124	
2020-11-18 12:00:00	14.9	북북서	328	16.17	30.31	0.54	4.0	0.75	5.5	5.9	남동	141	19.0	1016.9	-	300	
2020-11-18 12:05:00	12.7	북북서	328	16.17	30.33	0.57	4.0	0.79	5.5	6.1	남남동	148	18.9	1016.7	-	103	
2020-11-18 12:10:00	17.5	북서	323	16.19	30.31	0.49	4.2	0.71	4.0	6.5	남동	145	18.7	1016.5	-	99	
2020-11-18 12:15:00	17.9	북서	312	16.20	30.29	0.55	4.8	0.85	5.0	6.6	남남동	149	18.6	1016.4	-	85	
2020-11-18 12:20:00	17.2	북서	326	16.24	30.34	0.49	4.0	0.65	5.0	6.3	남남동	156	18.7	1016.3	-	130	
2020-11-18 12:25:00	16.2	북북서	327	16.33	30.38	0.57	4.4	0.90	3.5	6.5	남남동	155	19.3	1016.2	-	106	
2020-11-18 12:30:00	19.1	북서	318	16.37	30.38	0.53	3.5	0.79	3.5	6.3	남남동	166	19.8	1016.0	-	115	
2020-11-18 12:35:00	18.7	북서	318	16.36	30.36	0.50	4.1	0.68	3.0	7.0	남남동	164	19.6	1015.9	-	126	
2020-11-18 12:40:00	17.9	북북서	327	16.31	30.36	0.55	4.0	0.73	3.0	6.6	남남동	166	19.2	1015.9	-	110	
2020-11-18 12:45:00	20.2	북북서	328	16.30	30.38	0.56	4.1	0.79	4.5	7.3	남남동	156	18.8	1015.9	-	115	
2020-11-18 12:50:00	20.1	북북서	334	16.30	30.39	0.52	4.7	0.69	5.0	6.8	남남동	157	18.5	1015.8	-	73	
2020-11-18 12:55:00	21.2	북북서	328	16.29	30.38	0.55	4.3	0.86	5.5	6.9	남남동	156	18.6	1015.9	-	110	
2020-11-18 13:00:00	16.5	북북서	338	16.27	30.36	0.54	3.9	0.78	5.0	7.1	남남동	153	18.6	1015.8	-	127	
2020-11-18 13:05:00	16.4	북북서	333	16.25	30.36	0.52	4.4	0.78	3.5	6.3	남남동	149	18.4	1015.7	-	77	
2020-11-18 13:10:00	18.5	북북서	336	16.24	30.35	0.54	4.2	0.75	4.5	6.3	남남동	149	18.7	1015.6	-	82	
2020-11-18 13:15:00	18.9	북북서	335	16.23	30.35	0.49	3.7	0.82	5.5	6.8	남남동	148	19.1	1015.6	-	105	
2020-11-18 13:20:00	16.7	북북서	336	16.22	30.37	0.57	4.3	0.79	4.0	7.2	남동	145	18.6	1015.5	-	96	
2020-11-18 13:25:00	17.1	북북서	335	16.23	30.38	0.55	4.3	0.78	4.0	6.6	남동	146	18.7	1015.4	-	89	
2020-11-18 13:30:00	19.7	북북서	335	16.24	30.36	0.53	4.0	0.69	3.5	6.5	남동	146	18.5	1015.4	-	127	
2020-11-18 13:35:00	19.2	북북서	336	16.25	30.35	0.54	4.4	0.82	3.5	6.5	남남동	148	18.4	1015.5	-	306	
2020-11-18 13:40:00	20.2	북북서	342	16.25	30.33	0.53	4.3	0.81	3.5	6.1	남남동	149	18.6	1015.5	-	116	
2020-11-18 13:45:00	21.0	북북서	332	16.26	30.35	0.59	4.3	0.82	3.5	5.6	남남동	148	18.6	1015.5	-	104	
2020-11-18 13:50:00	18.5	북북서	335	16.26	30.36	0.55	4.2	0.75	3.5	5.3	남남동	151	19.2	1015.6	-	299	
2020-11-18 13:55:00	19.5	북북서	338	16.26	30.35	0.58	4.5	0.90	3.5	4.9	남동	140	20.2	1015.6	-	139	
2020-11-18 14:00:00	19.7	북북서	337	16.25	30.35	0.51	4.0	0.70	3.5	3.9	남동	143	19.7	1015.7	-	251	
2020-11-18 14:05:00	19.1	북북서	338	16.25	30.35	0.48	4.3	0.68	3.5	3.4	남남동	150	20.4	1015.7	-	210	
2020-11-18 14:10:00	15.8	북북서	342	16.25	30.35	0.52	3.9	0.79	4.5	2.6	남남동	153	21.0	1015.6	-	102	
2020-11-18 14:15:00	18.3	북북서	340	16.25	30.35	0.52	4.3	0.75	3.0	4.2	남남동	151	20.7	1015.5	-	357	
2020-11-18 14:20:00	22.3	북북서	331	16.25	30.35	0.60	3.9	0.79	3.5	4.8	남동	146	20.6	1015.5	-	256	
2020-11-18 14:25:00	22.7	북북서	339	16.35	30.31	0.60	4.1	0.94	4.5	3.5	남남동	147	20.7	1015.5	-	228	
2020-11-18 14:30:00	24.7	북북서	344	16.36	30.30	0.54	3.9	0.84	4.5	2.8	남남동	160	20.2	1015.5	-	68	
2020-11-18 14:35:00	24.0	북북서	343	16.42	30.24	0.63	4.3	0.93	6.0	4.1	남	189	20.6	1015.5	-	252	
2020-11-18 14:40:00	21.9	북북서	339	16.43	30.23	0.60	4.6	0.75	4.0	4.0	남남서	192	21.3	1015.4	-	99	
2020-11-18 14:45:00	20.6	북북서	347	16.43	30.23	0.54	4.0	0.81	3.5	4.5	남	188	21.4	1015.4	-	129	
2020-11-18 14:50:00	23.5	북북서	341	16.45	30.23	0.57	4.7	0.73	7.5	4.6	남	183	21.3	1015.4	-	118	
2020-11-18 14:55:00	24.7	북북서	341	16.48	30.27	0.59	4.3	0.88	4.0	4.2	남남동	155	20.3	1015.2	-	327	
2020-11-18 15:00:00	24.4	북북서	339	16.53	30.25	0.58	4.5	0.75	4.5	4.2	남남동	157	19.5	1015.2	-	90	
2020-11-18 15:05:00	24.8	북북서	338	16.53	30.26	0.59	4.4	1.25	4.5	4.2	남남동	166	20.3	1015.2	-	265	
2020-11-18 15:10:00	21.0	북북서	341	16.54	30.26	0.65	4.1	1.02	4.5	4.7	남	173	21.0	1015.2	-	312	
2020-11-18 15:15:00	18.9	북북서	339	16.53	30.22	0.67	4.6	0.89	4.5	4.3	남	173	21.3	1015.2	-	92	
2020-11-18 15:20:00	19.5	북북서	347	16.50	30.22	0.73	4.9	0.95	4.5	4.3	남	172	21.2	1015.2	-	134	
2020-11-18 15:25:00	17.8	북북서	344	16.47	30.24	0.70	4.5	1.06	4.0	4.1	남	176	21.0	1015.3	-	129	
2020-11-18 15:30:00	15.8	북	350	16.44	30.27	0.76	4.8	0.97	4.5	3.6	남	189	21.3	1015.4	-	51	
2020-11-18 15:35:00	19.8	북북서	347	16.47	30.33	0.64	4.8	0.86	4.5	2.8	남남서	194	21.0	1015.3	-	312	
2020-11-18 15:40:00	18.8	북북서	338	16.51	30.30	0.77	4.6	1.17	4.5	3.3	남	174	20.5	1015.3	-	150	
2020-11-18 15:45:00	16.2	북	350	16.52	30.31	0.75	4.6	1.01	4.0	3.1	남	186	21.2	1015.3	-	310	
2020-11-18 15:50:00	15.8	북북서	346	16.53	30.30	0.71	4.5	0.90	5.5	3.7	남	176	20.7	1015.2	-	350	
2020-11-18 15:55:00	19.2	북북서	349	16.53	30.30	0.60	4.5	0.89	4.0	3.8	남남동	167	21.0	1015.1	-	79	
2020-11-18 16:00:00	17.1	북	349	16.53	30.28	0.87	4.8	1.37	4.5	3.4	남남동	167	21.3	1015.1	-	121	
2020-11-18 16:05:00	16.3	북북서	345	16.54	30.29	0.76	4.6	1.27	4.5	2.2	남남동	167	21.1	1015.0	-	109	
2020-11-18 16:10:00	16.6	북북서	337	16.54	30.32	0.72	4.6	1.17	4.0	2.4	남남동	163	20.3	1014.9	-	57	
2020-11-18 16:15:00	18.1	북북서	347	16.51	30.23	0.68	4.5	1.01	4.5	3.2	남남동	165	20.1	1014.9	-	44	
2020-11-18 16:20:00	13.5	북북서	341	16.50	30.29	0.70	4.3	1.07	5.5	3.3	남남동	161	20.2	1014.9	-	123	
2020-11-18 16:25:00	16.0	북	352	16.50	30.27	0.69	4.3	0.94	4.5	3.6	남남동	163	19.9	1015.0	-	126	
2020-11-18 16:30:00	16.2	북북서	344	16.48	30.30	0.71	4.6	0.90	5.0	4.2	남동	143	19.4	1015.0	-	44	
2020-11-18 16:35:00	14.6	북	352	16.53	30.31	0.76	4.7	0.96	4.5	3.8	남동	144	19.4	1014.9	-	136	
2020-11-18 16:40:00	13.9	북북서	340	16.52	30.35	0.74	4.5	1.21	4.0	3.7	남동	138	19.3	1014.8	-	345	
2020-11-18 16:45:00	13.2	북	351	16.55	30.34	0.65	4.7	1.00	3.5	3.7	남동	145	19.1	1014.9	-	98	
2020-11-18 16:50:00	14.6	북	352	16.53	30.35	0.67	4.9	0.83	5.5	3.5	남동	146	19.0	1014.8	-	59	
2020-11-18 16:55:00	14.4	북	351	16.44	30.24	0.67	4.6	1.00	4.5	3.2	남	182	18.9	1014.8	-	298	
2020-11-18 17:00:00	15.1	북	350	16.44	30.26	0.65	4.4	1.05	4.0	3.8	남남서	199	19.8	1014.6	-	324	
2020-11-18 17:05:00	11.9	북	355	16.45	30.29	0.77	4.5	1.05	4.5	4.1	남남서	200	20.5	1014.5	-	141	
2020-11-18 17:10:00	14.8	북북서	339	16.46	30.31	0.69	4.6	1.10	4.5	3.9	남	182	20.5	1014.3	-	160	
2020-11-18 17:15:00	13.3	북북서	346	16.46	30.27	0.78	4.5	1.28	4.0	5.3	남	182	20.5	1014.2	-	137	
2020-11-18 17:20:00	12.9	북북서	345	16.48	30.32	0.74	4.6	1.20	4.5	5.5	남	191	20.5	1014.2	-	130	
2020-11-18 17:25:00	13.7	북북서	344	16.48	30.28	0.66	4.2	1.05	4.0	5.4	남	186	20.6	1014.2	-	108	
2020-11-18 17:30:00	13.4	북	351	16.46	30.26	0.69	4.5	1.01	4.0	5.9	남남서	193	20.9	1014.2	-	328	
2020-11-18 17:35:00	12.9	북북서	345	16.47	30.35	0.66	4.4	1.22	4.5	4.7	남남서	197	20.7	1014.1	-	185	
2020-11-18 17:40:00	16.3	북북서	343	16.49	30.25	0.67	4.4	1.17	4.5	4.5	남남서	195	20.5	1013.9	-	149	
2020-11-18 17:45:00	11.4	북북서	337	16.48	30.34	0.62	4.1	1.03	3.5	4.2	남남서	206	20.4	1013.9	-	289	
2020-11-18 17:50:00	12.8	북북서	345	16.48	30.31	0.68	4.2	0.89	5.0	4.0	남남서	209	20.5	1014.0	-	62	
2020-11-18 17:55:00	12.0	북	352	16.49	30.32	0.68	4.4	0.89	5.0	3.8	남남서	202	20.4	1014.0	-	152	
2020-11-18 18:00:00	11.8	북	351	16.48	30.34	0.65	4.5	1.08	4.5	3.0	남남서	206	20.4	1014.1	-	346	
2020-11-18 18:05:00	9.3	북	2	16.46	30.33	0.64	4.5	0.95	4.5	2.2	남서	220	20.0	1014.1	-	142	
2020-11-18 18:10:00	11.8	북	355	16.48	30.37	0.71	4.3	1.05	3.5	2.5	서북서	296	19.5	1014.1	-	102	
2020-11-18 18:15:00	10.4	북	359	16.48	30.38	0.63	4.4	0.90	5.0	3.8	북북서	340	18.8	1014.2	-	86	
2020-11-18 18:20:00	12.8	북	11	16.47	30.39	0.60	4.4	0.76	4.0	3.6	북	359	17.8	1014.2	-	263	
2020-11-18 18:25:00	11.1	북	354	16.48	30.36	0.69	4.6	0.90	4.0	4.0	북	11	17.3	1014.1	-	287	
2020-11-18 18:30:00	10.7	북북동	14	16.42	30.32	0.66	4.2	0.89	4.5	3.4	북	353	17.0	1014.0	-	126	
2020-11-18 18:35:00	4.5	북	9	16.43	30.40	0.74	4.4	1.30	4.0	3.0	북	351	16.9	1014.0	-	317	
2020-11-18 18:40:00	7.6	북	356	16.41	30.36	0.69	4.3	1.01	4.0	3.2	북북서	335	16.8	1014.0	-	311	
2020-11-18 18:45:00	4.8	북북서	330	16.44	30.40	0.58	4.6	0.98	4.0	3.8	북북서	344	16.7	1014.0	-	263	
2020-11-18 18:50:00	5.4	북북서	346	16.45	30.37	0.58	4.6	0.89	4.5	3.4	북	354	16.7	1013.9	-	157	
2020-11-18 18:55:00	3.7	북북서	341	16.46	30.38	0.68	4.4	1.11	4.5	3.4	북	357	16.7	1013.7	-	288	
2020-11-18 19:00:00	4.7	북	356	16.45	30.35	0.60	4.3	0.85	4.5	2.4	북	358	16.7	1013.8	-	327	
2020-11-18 19:05:00	4.3	북북서	332	16.39	30.34	0.58	4.7	0.84	4.5	2.0	북북서	328	16.7	1013.8	-	125	
2020-11-18 19:10:00	3.6	북	4	16.34	30.30	0.57	4.5	0.95	4.5	2.4	북북서	333	16.6	1013.8	-	239	
2020-11-18 19:15:00	0.6	북북서	341	16.32	30.31	0.59	4.5	0.91	4.0	2.1	북서	322	16.6	1013.8	-	291	
2020-11-18 19:20:00	1.4	북	349	16.30	30.33	0.73	4.4	1.01	4.5	1.6	북북서	346	16.5	1013.7	-	231	
2020-11-18 19:25:00	2.9	북	11	16.28	30.36	0.61	4.4	0.89	4.0	2.3	북북서	347	16.6	1013.7	-	111	
2020-11-18 19:30:00	2.5	서북서	301	16.29	30.31	0.64	4.4	0.96	4.5	2.5	북북서	339	16.5	1013.7	-	259	
2020-11-18 19:35:00	2.9	북북동	19	16.29	30.36	0.65	4.6	0.93	3.5	2.6	북북서	337	16.5	1013.8	-	308	
2020-11-18 19:40:00	2.9	북북동	22	16.28	30.36	0.55	4.0	0.73	3.5	2.2	북북서	346	16.5	1013.7	-	165	
2020-11-18 19:45:00	4.8	북북동	34	16.32	30.40	0.57	4.5	0.74	4.0	2.9	북서	317	16.5	1013.8	-	271	
2020-11-18 19:50:00	7.1	동북동	57	16.37	30.50	0.65	4.4	0.81	4.5	2.9	북북서	329	16.4	1013.7	-	119	
2020-11-18 19:55:00	5.4	북동	49	16.40	30.42	0.57	4.4	0.78	4.5	3.5	북서	326	16.3	1013.6	-	216	
2020-11-18 20:00:00	6.1	북동	49	16.45	30.45	0.54	4.3	0.77	4.5	2.8	북북서	336	16.2	1013.6	-	294	
2020-11-18 20:05:00	7.6	동북동	57	16.43	30.43	0.58	4.8	0.79	4.0	2.7	북북서	336	16.2	1013.6	-	257	
2020-11-18 20:10:00	7.0	동북동	58	16.45	30.53	0.57	4.2	0.74	5.5	2.7	북북서	341	16.2	1013.5	-	321	
2020-11-18 20:15:00	9.5	동북동	65	16.48	30.39	0.57	4.3	0.80	3.5	2.3	북	355	16.2	1013.3	-	326	
2020-11-18 20:20:00	8.9	북동	50	16.48	30.53	0.59	4.0	0.83	4.0	2.6	북북서	337	16.2	1013.4	-	305	
2020-11-18 20:25:00	8.9	북동	55	16.56	30.54	0.56	4.1	0.94	4.5	2.7	북북서	327	16.2	1013.4	-	67	
2020-11-18 20:30:00	9.3	동북동	63	16.57	30.51	0.58	4.2	1.12	4.0	1.9	북서	325	16.2	1013.2	-	0	
2020-11-18 20:35:00	8.5	동북동	74	16.52	30.41	0.60	4.1	0.81	4.0	1.4	북서	321	16.2	1013.1	-	286	
2020-11-18 20:40:00	5.5	동북동	76	16.53	30.49	0.59	4.4	0.91	3.5	2.3	북북서	329	16.2	1013.0	-	132	
2020-11-18 20:45:00	8.0	동북동	63	16.51	30.36	0.51	4.0	0.78	4.0	2.6	북북서	327	16.2	1013.0	-	278	
2020-11-18 20:50:00	6.0	동북동	77	16.42	30.50	0.55	4.0	0.72	5.0	1.8	북북서	334	16.2	1012.8	-	337	
2020-11-18 20:55:00	5.4	동북동	76	16.44	30.43	0.63	4.1	1.02	5.0	1.9	북	6	16.1	1012.7	-	299	
2020-11-18 21:00:00	6.7	동	95	16.39	30.39	0.54	4.1	0.99	4.0	1.9	북서	319	16.2	1012.9	-	94	
2020-11-18 21:05:00	2.3	동북동	67	16.38	30.42	0.55	4.2	0.78	4.0	1.4	북북서	348	16.2	1012.9	-	323	
2020-11-18 21:10:00	5.9	동	83	16.34	30.37	0.48	4.0	0.87	4.0	1.1	북북서	329	16.3	1012.9	-	358	
2020-11-18 21:15:00	2.9	남동	145	16.30	30.35	0.50	4.0	0.64	5.0	1.7	북서	319	16.2	1013.0	-	254	
2020-11-18 21:20:00	4.7	동남동	108	16.28	30.38	0.51	4.2	0.76	5.0	2.1	북서	312	16.2	1013.0	-	274	
2020-11-18 21:25:00	5.8	남동	129	16.26	30.35	0.52	4.4	0.73	4.0	2.0	북서	318	16.2	1013.0	-	317	
2020-11-18 21:30:00	4.2	남동	137	16.24	30.33	0.51	4.2	0.76	4.5	1.1	북	3	16.2	1012.7	-	306	
2020-11-18 21:35:00	7.1	남남동	147	16.23	30.35	0.52	4.4	0.71	4.0	0.7	북서	319	16.2	1012.7	-	223	
2020-11-18 21:40:00	4.2	남동	142	16.22	30.35	0.53	4.1	0.77	3.5	0.3	동	88	16.2	1012.6	-	255	
2020-11-18 21:45:00	8.1	남남동	162	16.21	30.35	0.54	4.4	0.91	4.0	0.6	북서	312	16.2	1012.5	-	182	
2020-11-18 21:50:00	7.5	남	179	16.22	30.37	0.55	4.6	0.76	3.0	0.7	북서	321	16.2	1012.6	-	127	
2020-11-18 21:55:00	7.2	남남서	194	16.22	30.36	0.56	4.3	1.02	4.5	2.2	북서	314	16.3	1012.6	-	242	
2020-11-18 22:00:00	8.4	남남동	158	16.22	30.35	0.56	4.2	0.82	4.5	0.7	서북서	284	16.3	1012.4	-	295	
2020-11-18 22:05:00	6.0	남남서	211	16.23	30.36	0.60	4.2	0.91	3.5	0.9	북북서	327	16.2	1012.3	-	304	
2020-11-18 22:10:00	8.4	남남서	208	16.24	30.36	0.55	4.4	0.70	3.5	1.2	서북서	295	16.2	1012.3	-	164	
2020-11-18 22:15:00	7.1	남남서	214	16.24	30.35	0.56	4.1	0.75	4.5	0.8	서북서	294	16.1	1012.2	-	115	
2020-11-18 22:20:00	4.4	남	184	16.25	30.33	0.61	4.0	0.91	4.0	1.0	서북서	303	16.1	1012.3	-	118	
2020-11-18 22:25:00	9.4	남	191	16.26	30.35	0.52	4.0	0.92	4.0	1.7	서북서	299	16.0	1012.2	-	273	
2020-11-18 22:30:00	7.0	남남서	208	16.26	30.39	0.57	4.2	0.92	4.5	1.1	서북서	288	16.0	1012.2	-	276	
2020-11-18 22:35:00	4.1	남남서	203	16.28	30.37	0.56	4.3	0.77	4.0	1.0	서	279	16.0	1012.0	-	316	
2020-11-18 22:40:00	3.7	남남서	201	16.28	30.37	0.59	3.9	0.79	4.5	1.7	남동	141	16.1	1011.7	-	304	
2020-11-18 22:45:00	5.4	남남서	208	16.29	30.39	0.55	4.4	0.94	4.0	4.5	남남동	148	16.8	1011.5	-	291	
2020-11-18 22:50:00	3.2	남남서	210	16.29	30.39	0.57	4.2	0.86	3.0	6.0	남동	143	17.3	1011.1	-	335	
2020-11-18 22:55:00	4.2	남서	218	16.29	30.37	0.62	4.0	0.90	3.5	6.2	남동	142	17.5	1011.0	-	300	
2020-11-18 23:00:00	7.2	남서	226	16.30	30.35	0.63	4.2	0.91	4.0	6.1	남동	139	17.6	1011.0	-	241	
2020-11-18 23:05:00	5.8	남서	235	16.32	30.40	0.56	4.2	0.67	4.5	6.5	남동	132	17.8	1010.8	-	126	
2020-11-18 23:10:00	5.3	서남서	245	16.32	30.37	0.60	4.0	0.88	4.0	6.6	남동	128	18.2	1010.7	-	147	
2020-11-18 23:15:00	3.7	서남서	252	16.32	30.44	0.51	3.9	0.85	4.0	6.5	남남동	154	18.7	1010.3	-	150	
2020-11-18 23:20:00	5.0	남서	234	16.34	30.41	0.62	4.4	0.90	4.0	7.9	남	169	20.7	1009.7	-	43	
2020-11-18 23:25:00	5.9	서	281	16.36	30.37	0.55	4.4	0.72	3.5	9.5	남	183	21.3	1009.3	-	77	
2020-11-18 23:30:00	3.0	서남서	250	16.38	30.39	0.59	3.9	0.99	5.0	10.0	남	185	21.6	1009.1	-	200	
2020-11-18 23:35:00	5.7	북서	319	16.39	30.38	0.55	4.2	0.90	4.5	10.8	남	185	21.6	1008.9	-	309	
2020-11-18 23:40:00	4.6	서	275	16.41	30.42	0.63	3.8	0.92	4.5	11.5	남남서	192	21.8	1008.7	-	214	
2020-11-18 23:45:00	4.4	북서	316	16.46	30.41	0.63	3.7	0.86	4.5	10.4	남남서	197	21.8	1008.9	-	45	
2020-11-18 23:50:00	5.3	북북동	24	16.46	30.39	0.66	3.9	0.99	4.0	11.0	남남서	196	22.1	1009.1	-	300	
2020-11-18 23:55:00	1.2	서북서	288	16.49	30.43	0.66	3.8	0.98	3.0	8.8	남	190	21.8	1009.4	-	306	
2020-11-19 00:00:00	4.3	서북서	283	16.51	30.38	0.72	3.8	1.06	4.5	8.3	남	186	21.6	1009.3	-	137	
2020-11-19 00:05:00	6.0	북서	309	16.53	30.44	0.62	3.9	1.00	4.0	8.9	남	186	21.5	1008.8	-	165	
2020-11-19 00:10:00	7.1	서북서	302	16.52	30.43	0.63	3.7	0.93	3.5	9.2	남	175	21.6	1008.4	-	316	
2020-11-19 00:15:00	4.7	북서	318	16.54	30.41	0.54	3.9	0.79	3.5	9.4	남	173	21.5	1008.5	-	2	
2020-11-19 00:20:00	7.1	북서	323	16.55	30.43	0.60	4.0	0.84	3.5	8.4	남	170	21.2	1008.7	-	302	
2020-11-19 00:25:00	4.9	북서	311	16.57	30.42	0.63	4.0	0.97	3.5	8.7	남	177	21.1	1008.7	-	15	
2020-11-19 00:30:00	7.3	서북서	292	16.59	30.43	0.71	4.2	0.97	4.0	7.5	남	175	20.7	1008.7	-	322	
2020-11-19 00:35:00	5.8	서북서	292	16.60	30.42	0.68	3.9	0.98	3.5	8.9	남남동	160	20.2	1008.3	-	320	
2020-11-19 00:40:00	6.2	북서	321	16.60	30.43	0.62	4.1	0.75	5.0	8.2	남남동	158	20.3	1008.4	-	135	
2020-11-19 00:45:00	3.1	북북서	345	16.61	30.37	0.70	4.1	1.00	4.5	8.2	남남동	158	20.3	1008.1	-	118	
2020-11-19 00:50:00	5.2	북서	318	16.62	30.39	0.67	4.1	0.93	4.5	8.1	남남동	168	20.4	1007.9	-	301	
2020-11-19 00:55:00	5.7	북북서	333	16.62	30.42	0.70	3.8	0.94	3.5	8.8	남남동	157	20.1	1007.9	-	231	
2020-11-19 01:00:00	7.8	북서	307	16.62	30.41	0.69	4.2	0.89	4.0	7.9	남남동	168	20.1	1008.1	-	156	
2020-11-19 01:05:00	7.0	북북서	330	16.62	30.45	0.69	4.3	1.06	4.0	8.4	남남동	160	20.2	1008.1	-	59	
2020-11-19 01:10:00	7.0	북서	314	16.63	30.42	0.69	4.2	0.88	3.5	7.9	남남동	164	20.6	1008.1	-	293	
2020-11-19 01:15:00	5.0	북서	325	16.64	30.43	0.71	4.2	0.96	3.5	7.7	남남동	167	20.3	1008.2	-	121	
2020-11-19 01:20:00	11.0	북서	323	16.65	30.47	0.69	4.2	1.20	4.0	7.3	남남동	160	20.6	1008.2	-	133	
2020-11-19 01:25:00	8.6	북북서	330	16.65	30.41	0.72	3.9	1.35	4.0	6.9	남남동	162	21.0	1008.3	-	291	
2020-11-19 01:30:00	8.0	북북서	336	16.66	30.43	0.74	4.6	0.88	4.0	7.4	남남동	156	20.6	1008.3	-	259	
2020-11-19 01:35:00	4.7	북북서	336	16.66	30.40	0.73	4.5	1.04	5.5	6.8	남남동	155	20.3	1008.3	-	271	
2020-11-19 01:40:00	7.0	북북서	334	16.65	30.40	0.85	4.5	1.25	4.5	7.3	남남동	150	21.0	1008.3	-	133	
2020-11-19 01:45:00	8.0	북서	311	16.65	30.39	0.79	4.7	1.28	4.5	7.9	남남동	149	20.5	1008.3	-	302	
2020-11-19 01:50:00	8.2	북북서	333	16.66	30.41	0.69	4.7	0.93	4.5	8.2	남동	145	20.1	1008.2	-	143	
2020-11-19 01:55:00	8.5	북서	311	16.65	30.41	0.74	4.7	1.22	5.0	8.4	남남동	148	20.0	1008.0	-	355	
2020-11-19 02:00:00	6.9	북서	309	16.65	30.44	0.82	4.7	1.16	5.0	7.9	남동	145	19.6	1007.6	-	114	
2020-11-19 02:05:00	12.7	북서	319	16.65	30.42	0.90	4.7	1.30	5.5	9.6	남남동	151	19.3	1007.4	-	131	
2020-11-19 02:10:00	9.8	북서	318	16.64	30.41	0.76	5.0	1.17	5.0	10.2	남남동	147	19.2	1007.2	-	160	
2020-11-19 02:15:00	14.1	북서	311	16.64	30.40	0.96	5.0	1.28	4.5	10.5	남남동	157	19.8	1007.0	-	134	
2020-11-19 02:20:00	12.5	북서	316	16.64	30.40	0.92	4.5	1.23	4.0	9.8	남남동	158	19.1	1007.1	-	130	
2020-11-19 02:25:00	10.4	북서	312	16.63	30.39	0.89	4.7	1.41	4.5	10.1	남남동	151	20.3	1006.9	-	109	
2020-11-19 02:30:00	12.8	북서	324	16.63	30.39	1.07	5.1	1.43	5.5	11.1	남남동	151	20.1	1006.9	-	118	
2020-11-19 02:35:00	10.0	북서	308	16.64	30.36	1.07	5.0	1.58	5.0	10.6	남남동	148	19.6	1006.8	-	97	
2020-11-19 02:40:00	15.8	북서	315	16.64	30.36	1.07	4.6	1.52	4.5	9.9	남동	145	19.6	1006.5	-	139	
2020-11-19 02:45:00	10.0	서북서	292	16.64	30.37	1.07	4.8	1.50	7.5	9.7	남남동	153	20.0	1006.6	-	117	
2020-11-19 02:50:00	11.5	북서	325	16.64	30.37	0.95	4.8	1.17	5.5	9.3	남남동	155	19.7	1006.9	-	125	
2020-11-19 02:55:00	13.9	북서	318	16.64	30.35	0.85	4.6	1.43	4.0	9.5	남남동	149	19.5	1006.8	-	135	
2020-11-19 03:00:00	8.7	북서	317	16.65	30.34	0.96	4.8	1.37	4.5	7.6	남남동	154	19.3	1006.8	-	108	
2020-11-19 03:05:00	9.1	북서	317	16.65	30.41	1.00	4.9	1.18	4.5	8.4	남남동	150	19.8	1006.7	-	96	
2020-11-19 03:10:00	8.2	북북서	333	16.65	30.28	0.97	4.8	1.29	4.5	8.9	남남동	147	19.3	1006.5	-	337	
2020-11-19 03:15:00	8.4	북서	307	16.64	30.38	0.99	4.8	1.49	4.5	9.2	남동	145	19.8	1006.2	-	330	
2020-11-19 03:20:00	12.8	북서	309	16.64	30.39	0.94	4.8	1.36	5.0	10.0	남남동	148	19.3	1006.0	-	106	
2020-11-19 03:25:00	12.3	북서	322	16.64	30.39	1.12	4.8	1.46	4.5	9.2	남남동	148	18.8	1006.1	-	118	
2020-11-19 03:30:00	11.7	북서	311	16.64	30.37	1.16	4.9	1.51	5.0	9.1	남남동	157	18.7	1006.0	-	121	
2020-11-19 03:35:00	6.8	북서	322	16.64	30.28	1.05	5.4	1.51	5.0	10.0	남남동	150	19.1	1005.8	-	129	
2020-11-19 03:40:00	12.2	북서	311	16.64	30.36	1.05	4.7	1.48	5.0	9.9	남남동	149	18.6	1005.7	-	307	
2020-11-19 03:45:00	10.6	북서	313	16.64	30.37	1.17	5.0	1.57	5.0	9.2	남남동	152	18.8	1005.9	-	110	
2020-11-19 03:50:00	9.4	북서	320	16.64	30.37	1.11	5.2	1.31	5.0	8.9	남남동	148	18.7	1005.9	-	133	
2020-11-19 03:55:00	8.1	북서	319	16.64	30.34	1.22	5.0	1.55	4.5	7.8	남남동	153	18.6	1005.7	-	144	
2020-11-19 04:00:00	8.3	북북서	337	16.63	30.35	1.18	4.9	2.18	4.5	7.5	남남동	154	19.0	1005.5	-	128	
2020-11-19 04:05:00	10.3	북서	317	16.62	30.36	1.26	5.2	1.94	5.0	9.2	남남동	150	19.3	1005.2	-	128	
2020-11-19 04:10:00	10.3	북북서	344	16.61	30.35	1.22	5.2	2.20	5.0	9.3	남남동	152	19.2	1004.7	-	115	
2020-11-19 04:15:00	10.4	북서	325	16.60	30.34	1.13	5.0	1.68	5.0	9.6	남남동	149	19.6	1004.3	-	125	
2020-11-19 04:20:00	10.4	북북서	348	16.59	30.34	1.09	5.1	1.39	5.0	8.4	남남동	151	19.4	1004.6	-	183	
2020-11-19 04:25:00	7.0	북북서	343	16.59	30.33	1.26	5.1	1.71	4.5	7.3	남남동	151	19.7	1005.1	-	131	
2020-11-19 04:30:00	7.1	북북서	348	16.59	30.35	1.14	4.9	1.57	4.5	6.1	남남동	156	19.5	1005.0	-	115	
2020-11-19 04:35:00	9.7	북북서	341	16.58	30.39	1.25	5.5	1.96	5.0	6.6	남동	139	20.6	1004.5	-	116	
2020-11-19 04:40:00	2.6	북	354	16.58	30.35	1.23	5.0	1.82	5.5	7.0	남남동	153	21.6	1004.5	-	127	
2020-11-19 04:45:00	5.9	북서	319	16.58	30.35	1.00	4.9	1.45	5.0	6.2	남	175	22.7	1004.6	-	123	
2020-11-19 04:50:00	4.7	북서	321	16.57	30.35	1.08	5.5	1.37	6.5	6.2	남남동	151	21.5	1004.6	-	121	
2020-11-19 04:55:00	9.5	북서	316	16.57	30.36	1.19	5.3	1.44	5.5	6.1	남남동	164	22.1	1004.6	-	124	
2020-11-19 05:00:00	1.8	북	359	16.57	30.36	1.24	5.6	1.66	6.0	8.0	남남동	167	22.1	1004.6	-	112	
2020-11-19 05:05:00	5.4	북북서	338	16.56	30.37	1.11	5.3	1.93	5.0	7.2	남동	140	21.7	1004.5	-	119	
2020-11-19 05:10:00	5.6	서북서	290	16.56	30.35	1.20	5.3	1.92	5.0	8.6	남동	139	21.1	1004.5	-	117	
2020-11-19 05:15:00	12.2	북서	325	16.56	30.33	1.04	5.5	1.42	5.0	7.6	남남동	160	20.7	1004.6	-	129	
2020-11-19 05:20:00	8.4	북서	323	16.56	30.37	1.12	4.9	1.70	5.0	8.5	남동	143	20.5	1004.3	-	128	
2020-11-19 05:25:00	9.6	북서	313	16.56	30.37	1.20	5.2	1.49	5.5	8.9	남동	145	20.7	1004.1	-	118	
2020-11-19 05:30:00	8.2	북북서	330	16.55	30.38	1.24	5.5	1.88	5.5	9.6	남동	146	20.2	1003.9	-	121	
2020-11-19 05:35:00	5.4	북북동	15	16.55	30.38	1.30	5.6	1.71	5.5	9.3	남남동	147	20.0	1003.8	-	124	
2020-11-19 05:40:00	5.6	북북서	331	16.54	30.36	1.10	5.3	1.61	5.0	9.0	남남동	152	19.8	1003.5	-	125	
2020-11-19 05:45:00	6.1	북	11	16.54	30.37	1.08	5.3	1.62	5.5	9.4	남남동	147	19.8	1003.4	-	120	
2020-11-19 05:50:00	3.6	북북서	345	16.54	30.38	1.17	5.1	1.53	5.5	10.2	남남동	158	21.6	1003.5	-	110	
2020-11-19 05:55:00	4.9	북	8	16.53	30.37	1.15	5.6	1.41	5.0	8.8	남동	146	21.0	1003.8	-	124	
2020-11-19 06:00:00	4.1	서북서	303	16.52	30.34	1.11	5.2	1.86	5.0	8.4	남남동	149	20.3	1003.8	-	113	
2020-11-19 06:05:00	3.5	북북서	334	16.52	30.34	1.23	5.1	1.71	4.0	8.9	남남동	156	21.9	1003.7	-	144	
2020-11-19 06:10:00	6.4	북북동	15	16.50	30.35	1.27	5.5	1.89	5.5	9.2	남동	145	21.0	1003.4	-	118	
2020-11-19 06:15:00	1.0	북	356	16.48	30.37	1.25	5.6	1.71	5.5	9.2	남남동	152	21.0	1003.1	-	123	
2020-11-19 06:20:00	6.7	북북서	347	16.47	30.33	1.34	5.5	2.12	6.0	8.3	남남동	161	21.7	1003.3	-	124	
2020-11-19 06:25:00	11.0	북북서	336	16.46	30.34	1.14	5.5	1.82	5.5	9.4	남남동	162	22.4	1003.5	-	121	
2020-11-19 06:30:00	5.7	서	278	16.44	30.33	1.50	5.6	2.04	5.5	8.9	남	177	22.7	1003.2	-	124	
2020-11-19 06:35:00	2.5	서북서	300	16.44	30.34	1.18	5.5	1.64	5.5	8.9	남남동	162	23.2	1002.8	-	118	
2020-11-19 06:40:00	1.6	남서	233	16.42	30.32	1.23	5.7	1.73	6.0	8.3	남남동	167	22.7	1003.1	-	122	
2020-11-19 06:45:00	3.3	북서	320	16.42	30.34	1.34	5.7	1.74	6.0	7.3	남남동	161	22.6	1003.3	-	114	
2020-11-19 06:50:00	5.1	북서	321	16.41	30.32	1.29	5.8	1.44	5.5	7.3	남남동	152	21.6	1003.3	-	126	
2020-11-19 06:55:00	9.7	북	2	16.40	30.31	1.37	5.5	1.68	6.0	8.3	남남동	152	20.9	1003.3	-	123	
2020-11-19 07:00:00	7.1	북	351	16.37	30.33	1.26	5.4	1.47	5.0	8.8	남남동	153	20.9	1003.2	-	118	
2020-11-19 07:05:00	8.8	북서	319	16.35	30.30	1.21	5.4	1.53	5.5	9.9	남남동	155	21.6	1002.9	-	121	
2020-11-19 07:10:00	8.4	북북서	336	16.32	30.26	1.29	5.6	1.76	5.0	9.9	남남동	156	21.7	1002.8	-	141	
2020-11-19 07:15:00	5.1	북북서	348	16.31	30.29	1.19	5.3	1.50	5.0	9.5	남남동	159	21.8	1002.8	-	130	
2020-11-19 07:20:00	7.7	북북서	333	16.27	30.28	1.24	5.4	1.97	5.0	8.8	남남동	168	21.9	1002.5	-	124	
2020-11-19 07:25:00	6.7	북북서	331	16.26	30.26	1.35	5.4	1.64	5.5	9.0	남	172	22.9	1002.4	-	123	
2020-11-19 07:30:00	14.6	북서	326	16.23	30.24	1.27	5.6	1.62	5.5	7.6	남남동	167	23.0	1002.4	-	128	
2020-11-19 07:35:00	9.0	북북서	349	16.22	30.19	1.14	5.5	1.44	6.0	8.3	남	170	23.1	1002.3	-	126	
2020-11-19 07:40:00	9.6	북서	305	16.21	30.22	1.26	5.8	1.84	5.5	7.8	남남동	161	23.2	1002.6	-	131	
2020-11-19 07:45:00	5.7	북북서	340	16.21	30.25	1.39	5.7	2.38	6.0	10.4	남동	135	20.9	1002.4	-	224	
2020-11-19 07:50:00	11.8	북북서	341	16.20	30.24	1.21	5.6	1.93	5.5	9.0	남동	133	19.3	1002.5	-	127	
2020-11-19 07:55:00	9.5	북북서	338	16.18	30.22	1.51	5.5	2.04	5.5	9.8	남동	141	19.2	1002.6	-	118	
2020-11-19 08:00:00	10.6	북북서	338	16.17	30.22	1.26	6.0	1.69	5.5	9.4	남동	145	19.2	1002.5	-	130	
2020-11-19 08:05:00	5.2	북서	307	16.16	30.21	1.52	6.2	2.05	6.0	11.0	남동	144	19.4	1002.3	-	120	
2020-11-19 08:10:00	8.7	북	352	16.17	30.21	1.54	5.7	2.38	5.5	9.8	남동	145	19.4	1002.2	-	114	
2020-11-19 08:15:00	11.8	북북서	334	16.15	30.19	1.65	6.0	2.64	6.0	9.9	남동	140	19.4	1002.0	-	118	
2020-11-19 08:20:00	8.8	북	353	16.15	30.20	1.56	5.8	2.08	5.5	9.9	남동	144	19.5	1002.0	-	127	
2020-11-19 08:25:00	14.0	북북서	326	16.16	30.21	1.35	5.4	1.84	6.5	10.3	남동	138	19.1	1002.0	-	127	
2020-11-19 08:30:00	15.0	북북서	334	16.17	30.21	1.53	5.8	1.88	6.0	9.4	남동	140	19.0	1001.9	-	122	
2020-11-19 08:35:00	9.5	북북서	329	16.18	30.22	1.72	6.1	2.18	6.0	8.8	남동	142	19.0	1002.0	-	124	
2020-11-19 08:40:00	17.1	북북서	331	16.18	30.23	1.77	6.2	2.23	5.5	7.6	남동	144	19.5	1001.8	-	118	
2020-11-19 08:45:00	13.7	북북서	333	16.17	30.23	1.50	5.9	1.80	5.5	7.8	남동	143	20.5	1002.1	-	120	
2020-11-19 08:50:00	12.6	북북서	332	16.17	30.22	1.69	6.4	2.20	5.5	8.5	남동	136	19.5	1002.1	-	122	
2020-11-19 08:55:00	13.0	북북서	334	16.17	30.24	1.40	5.9	2.06	5.5	9.5	남동	129	19.4	1002.2	-	127	
2020-11-19 09:00:00	12.4	북북서	337	16.17	30.23	1.67	6.3	2.14	5.5	11.2	남동	128	19.0	1002.0	-	120	
2020-11-19 09:05:00	11.9	북북서	346	16.17	30.21	1.59	6.2	2.40	6.0	9.1	남동	129	18.9	1002.0	-	119	
2020-11-19 09:10:00	11.8	북북서	333	16.16	30.24	1.34	5.9	1.76	6.0	9.7	남동	135	18.9	1002.1	-	124	
2020-11-19 09:15:00	9.5	북북서	336	16.16	30.25	1.83	5.9	2.23	6.0	9.2	남동	129	18.8	1002.1	-	119	
2020-11-19 09:20:00	17.1	북북서	329	16.16	30.20	1.61	5.6	2.21	5.5	7.5	남동	138	19.6	1002.1	-	115	
2020-11-19 09:25:00	8.0	북북서	342	16.15	30.24	1.58	5.8	2.14	6.5	8.7	남동	136	20.1	1001.9	-	125	
2020-11-19 09:30:00	7.6	북북서	339	16.15	30.23	1.38	5.2	1.94	6.0	9.7	남동	132	19.4	1001.6	-	119	
2020-11-19 09:35:00	12.8	북서	323	16.15	30.22	1.62	6.2	2.11	6.0	8.9	남동	134	19.5	1001.4	-	125	
2020-11-19 09:40:00	7.6	북서	326	16.16	30.24	1.60	6.0	2.31	5.5	8.9	남동	134	19.9	1001.3	-	125	
2020-11-19 09:45:00	9.5	북북서	334	16.16	30.27	1.74	6.1	2.38	5.5	10.4	남동	134	19.9	1001.2	-	117	
2020-11-19 09:50:00	12.1	북서	324	16.17	30.25	1.73	6.2	2.43	5.5	9.1	남동	137	19.5	1001.2	-	120	
2020-11-19 09:55:00	9.6	북서	318	16.17	30.26	1.53	6.2	1.85	5.5	9.5	남동	134	20.0	1001.1	-	125	
2020-11-19 10:00:00	12.9	북서	308	16.17	30.22	1.57	6.0	2.66	6.0	9.8	남동	134	19.5	1001.1	-	119	
2020-11-19 10:05:00	10.1	북서	321	16.17	30.26	1.62	6.2	2.27	6.5	9.4	남동	139	19.3	1001.3	-	114	
2020-11-19 10:10:00	11.2	북북서	337	16.18	30.28	1.71	6.1	2.17	5.5	9.8	남동	134	19.0	1001.2	-	122	
2020-11-19 10:15:00	13.8	북서	318	16.17	30.27	1.66	6.3	1.96	7.0	9.6	남동	138	18.9	1001.1	-	124	
2020-11-19 10:20:00	11.9	북북서	339	16.17	30.18	1.55	5.8	1.99	6.5	9.6	남동	129	18.5	1000.9	-	121	
2020-11-19 10:25:00	15.2	북서	318	16.16	30.27	1.69	6.1	2.70	5.0	9.4	남동	133	18.7	1001.1	-	130	
2020-11-19 10:30:00	10.5	북서	321	16.15	30.30	1.81	5.9	2.58	6.0	9.8	남동	129	18.7	1000.9	-	120	
2020-11-19 10:35:00	14.2	북북서	331	16.15	30.26	1.96	6.0	2.73	6.0	8.4	남동	141	18.9	1001.1	-	121	
2020-11-19 10:40:00	12.8	북북서	327	16.14	30.29	1.37	5.3	1.72	5.0	9.9	남동	133	18.9	1001.1	-	127	
2020-11-19 10:45:00	15.1	북북서	329	16.14	30.27	1.65	6.2	2.15	6.5	8.4	남동	128	18.4	1000.9	-	120	
2020-11-19 10:50:00	10.9	북서	319	16.13	30.30	1.80	6.0	2.09	7.0	8.6	남동	138	18.4	1001.0	-	116	
2020-11-19 10:55:00	11.1	북서	321	16.13	30.30	1.81	5.9	2.32	6.0	7.9	남동	137	18.9	1000.7	-	115	
2020-11-19 11:00:00	9.6	북북서	326	16.13	30.28	1.71	6.1	2.35	5.5	5.7	남동	137	19.4	1000.6	-	116	
2020-11-19 11:05:00	14.2	북서	320	16.13	30.29	1.62	5.8	1.98	5.5	2.7	남남동	160	19.8	1000.7	-	123	
2020-11-19 11:10:00	12.1	북북서	327	16.12	30.30	1.52	6.0	2.29	6.5	1.6	남동	130	20.4	1001.2	-	109	
2020-11-19 11:15:00	17.6	북북서	332	16.12	30.26	1.71	6.2	2.58	6.5	1.1	북동	55	20.0	1001.7	-	119	
2020-11-19 11:20:00	14.7	북북서	331	16.11	30.30	1.70	6.3	2.00	7.0	2.6	북북서	347	19.8	1002.0	-	126	
2020-11-19 11:25:00	13.1	북북서	332	16.11	30.24	1.61	6.3	2.32	6.0	3.5	북서	304	19.3	1002.6	-	118	
2020-11-19 11:30:00	11.7	북	349	16.10	30.29	1.54	6.2	2.00	6.0	3.0	서	270	19.2	1002.7	-	127	
2020-11-19 11:35:00	9.6	북서	320	16.10	30.26	1.60	6.3	2.19	6.0	2.1	서북서	291	19.1	1002.2	-	119	
2020-11-19 11:40:00	15.5	북북서	334	16.10	30.30	1.58	6.1	2.15	6.0	1.2	남남서	213	19.1	1001.8	-	118	
2020-11-19 11:45:00	9.9	북북서	331	16.09	30.29	1.50	6.1	2.68	6.0	2.5	동	96	19.0	1000.7	-	122	
2020-11-19 11:50:00	12.1	북북서	332	16.09	30.28	1.62	6.3	2.10	7.0	2.1	남동	137	18.4	1001.1	-	122	
2020-11-19 11:55:00	10.5	북서	325	16.09	30.29	1.68	6.1	2.15	5.5	2.0	남남동	160	18.3	1001.4	-	120	
2020-11-19 12:00:00	9.0	북북서	339	16.09	30.32	1.50	7.9	2.13	6.0	3.1	남남서	199	18.5	1001.7	-	123	
2020-11-19 12:05:00	11.1	북북서	329	16.09	30.29	1.32	11.4	1.86	14.0	4.4	남남서	208	19.3	1002.0	-	132	
2020-11-19 12:10:00	7.4	북서	324	16.09	30.25	1.33	6.9	2.10	6.0	5.0	남서	214	19.9	1002.0	-	120	
2020-11-19 12:15:00	8.1	북서	316	16.10	30.34	1.56	6.0	2.36	6.5	5.8	남서	224	20.4	1002.0	-	120	
2020-11-19 12:20:00	9.7	북북서	343	16.11	30.31	1.28	6.2	1.93	6.0	5.3	남남서	208	20.6	1002.0	-	115	
2020-11-19 12:25:00	9.3	북북서	330	16.11	30.33	1.30	6.2	1.86	6.0	3.4	남	184	20.1	1001.7	-	119	
2020-11-19 12:30:00	9.5	북서	323	16.11	30.33	1.46	6.4	1.76	7.0	2.8	남	176	19.8	1001.0	-	126	
2020-11-19 12:35:00	9.4	북북서	328	16.11	30.33	1.35	6.1	1.93	6.5	4.2	남동	145	19.6	1000.6	-	114	
2020-11-19 12:40:00	7.7	북	352	16.10	30.30	1.62	6.4	2.24	6.0	5.2	남남동	153	19.5	1000.4	-	112	
2020-11-19 12:45:00	7.4	서북서	302	16.10	30.32	1.49	6.4	1.89	6.5	5.7	남남동	147	19.2	1000.2	-	112	
2020-11-19 12:50:00	5.5	북서	319	16.10	30.30	1.36	6.6	1.90	7.5	6.1	남남동	147	18.7	1000.7	-	115	
2020-11-19 12:55:00	9.2	북북서	347	16.09	30.29	1.38	6.3	1.97	6.0	6.2	남동	133	18.4	1000.8	-	118	
2020-11-19 13:00:00	9.1	북북서	347	16.09	30.28	1.46	7.2	1.75	7.0	5.4	남동	139	18.3	1001.0	-	117	
2020-11-19 13:05:00	9.6	북북서	330	16.09	30.28	1.56	6.4	1.91	6.0	6.4	남동	139	18.4	1000.8	-	119	
2020-11-19 13:10:00	9.2	북북동	20	16.08	30.29	1.40	5.9	2.27	7.0	6.0	남동	141	18.4	1000.9	-	103	
2020-11-19 13:15:00	-	-	-	-	-	0.00	0.0	0.00	0.0	7.9	남동	133	18.3	-	-	0	
2020-11-19 13:20:00	8.2	북북동	16	16.09	30.29	1.32	7.1	2.06	6.5	7.4	남동	129	18.1	1000.5	-	122	
2020-11-19 13:25:00	9.6	북	350	16.07	30.29	1.46	6.6	2.11	7.0	6.1	남동	129	18.0	1000.7	-	117	
2020-11-19 13:30:00	8.0	북북동	14	16.06	30.32	1.45	6.9	2.05	6.5	6.0	남동	128	18.2	1000.4	-	110	
2020-11-19 13:35:00	7.6	북북서	341	16.06	30.26	1.33	6.3	2.04	7.5	5.1	동남동	123	18.2	1000.1	-	114	
2020-11-19 13:40:00	5.1	북북서	343	16.06	30.32	1.47	6.9	2.02	6.0	5.1	남동	126	18.2	1000.0	-	122	
2020-11-19 13:45:00	2.9	북북서	347	16.05	30.34	1.23	5.9	2.07	6.0	5.9	동남동	115	18.1	998.8	-	122	
2020-11-19 13:50:00	8.0	북북서	328	16.06	30.33	1.49	6.9	2.08	6.5	4.5	동남동	120	18.1	999.2	-	117	
2020-11-19 13:55:00	6.9	북서	307	16.06	30.32	1.43	6.2	1.87	6.5	4.1	남동	126	18.1	999.6	-	130	
2020-11-19 14:00:00	6.4	북서	310	16.08	30.32	1.17	6.5	1.53	6.5	4.0	동남동	119	18.0	999.9	-	120	
2020-11-19 14:05:00	5.1	북북서	343	16.08	30.33	1.30	6.9	2.15	6.5	4.0	동남동	118	17.9	999.9	-	57	
2020-11-19 14:10:00	3.5	북	350	16.08	30.35	1.23	6.2	1.54	6.5	3.2	동남동	104	17.9	999.9	-	126	
2020-11-19 14:15:00	5.7	북북서	337	16.09	30.34	1.08	6.0	1.58	5.5	3.2	동남동	109	17.9	1000.2	-	129	
2020-11-19 14:20:00	5.9	북북서	345	16.09	30.32	1.31	6.7	2.03	6.5	3.5	동남동	102	17.9	1000.3	-	110	
2020-11-19 14:25:00	8.0	북북동	18	16.09	30.33	1.25	6.3	1.57	6.5	2.8	동남동	119	18.0	1000.2	-	114	
2020-11-19 14:30:00	7.7	북	7	16.09	30.32	1.29	6.6	1.88	6.5	2.8	남남동	152	18.9	1000.1	-	97	
2020-11-19 14:35:00	4.9	북	10	16.10	30.30	1.16	6.8	2.18	6.5	2.7	남남서	192	20.3	1000.0	-	123	
2020-11-19 14:40:00	8.7	북북동	23	16.09	30.32	1.31	6.9	1.63	7.0	3.0	남	178	21.4	999.8	-	70	
2020-11-19 14:45:00	8.0	북	359	16.10	30.31	1.16	6.2	1.35	6.0	3.2	남	171	21.9	999.8	-	126	
2020-11-19 14:50:00	7.8	북	350	16.10	30.31	1.36	6.8	1.75	6.0	3.8	남	184	21.7	1000.0	-	118	
2020-11-19 14:55:00	5.4	북북서	339	16.09	30.30	1.22	6.3	1.60	5.5	4.6	남남서	208	21.9	1000.1	-	116	
2020-11-19 15:00:00	3.9	북북서	347	16.09	30.31	1.21	6.4	1.95	7.5	7.6	남서	236	22.6	999.9	-	122	
2020-11-19 15:05:00	4.7	북	359	16.10	30.33	1.18	7.4	1.47	7.5	9.8	남서	223	22.3	999.7	-	93	
2020-11-19 15:10:00	4.2	북북동	13	16.11	30.32	1.33	6.7	1.63	7.5	9.9	남서	225	21.8	999.8	-	110	
2020-11-19 15:15:00	7.4	북북동	22	16.11	30.32	1.30	6.8	2.30	5.5	10.7	남서	228	21.5	999.7	-	107	
2020-11-19 15:20:00	8.2	북북동	13	16.10	30.33	1.09	7.3	1.50	6.5	10.1	남서	234	21.6	999.7	-	77	
2020-11-19 15:25:00	7.1	북	9	16.09	30.31	1.09	7.3	1.49	6.5	10.4	남서	230	21.3	999.6	-	108	
2020-11-19 15:30:00	3.5	북북동	17	16.08	30.33	1.18	7.2	1.54	7.0	11.6	남서	227	21.0	999.7	-	81	
2020-11-19 15:35:00	9.6	북동	36	16.07	30.34	1.21	7.9	1.67	7.0	10.7	남서	225	20.8	999.9	-	64	
2020-11-19 15:40:00	5.7	북북동	24	16.06	30.34	1.05	7.7	1.16	6.0	10.5	남서	225	20.5	1000.0	-	27	
2020-11-19 15:45:00	7.5	북북동	20	16.05	30.35	1.45	7.5	1.70	7.0	10.0	남서	226	20.5	1000.0	-	46	
2020-11-19 15:50:00	6.3	북북동	19	16.04	30.37	1.14	7.2	1.57	7.5	11.4	남서	221	20.5	1000.0	-	111	
2020-11-19 15:55:00	6.2	북동	44	16.04	30.37	1.07	7.7	1.37	7.0	10.8	남서	226	20.2	1000.1	-	119	
2020-11-19 16:00:00	11.0	북북동	23	16.03	30.37	1.14	7.4	1.77	7.5	11.9	남서	224	20.1	1000.2	-	125	
2020-11-19 16:05:00	5.2	북동	34	16.01	30.42	1.30	7.9	1.77	6.5	11.0	남서	226	20.1	1000.4	-	101	
2020-11-19 16:10:00	7.7	북북동	18	16.00	30.43	1.07	7.2	1.34	7.0	10.7	남서	227	20.0	1000.5	-	129	
2020-11-19 16:15:00	8.1	북동	48	15.98	30.43	1.29	7.8	1.74	7.0	11.6	서남서	240	20.1	1000.5	-	74	
2020-11-19 16:20:00	11.4	북동	51	15.97	30.43	1.11	6.7	1.59	7.0	10.0	서남서	244	20.3	1000.7	-	62	
2020-11-19 16:25:00	9.2	동북동	62	15.96	30.44	1.46	7.6	1.83	6.5	10.3	서남서	237	20.0	1000.7	-	112	
2020-11-19 16:30:00	10.2	동북동	76	15.95	30.45	1.27	8.0	1.57	7.5	12.0	남서	231	20.1	1000.5	-	70	
2020-11-19 16:35:00	12.7	동북동	75	15.94	30.47	1.20	7.9	1.64	8.0	12.0	남서	223	19.9	1000.4	-	99	
2020-11-19 16:40:00	12.4	동	84	15.93	30.46	1.23	7.5	1.86	7.0	9.0	서남서	245	19.8	1000.8	-	42	
2020-11-19 16:45:00	11.0	동	89	15.93	30.45	1.13	7.5	1.48	7.5	7.3	서남서	242	19.7	1000.9	-	89	
2020-11-19 16:50:00	6.1	동남동	113	15.93	30.46	1.15	7.6	1.32	9.0	6.7	남서	229	19.9	1000.9	-	43	
2020-11-19 16:55:00	9.6	동북동	65	15.94	30.44	1.35	7.7	1.88	7.0	6.7	남서	229	19.7	1000.9	-	68	
2020-11-19 17:00:00	13.3	동	86	15.95	30.42	1.15	7.9	1.47	7.5	5.8	서남서	237	19.4	1001.0	-	83	
2020-11-19 17:05:00	11.3	동	88	15.95	30.42	1.12	7.8	1.62	8.0	6.2	서남서	251	19.6	1001.0	-	109	
2020-11-19 17:10:00	9.7	동	101	15.94	30.42	1.21	7.7	1.74	7.0	7.1	서남서	252	19.3	1001.1	-	28	
2020-11-19 17:15:00	14.3	동	88	15.93	30.43	1.14	7.6	1.75	7.5	6.6	서남서	247	19.5	1001.1	-	45	
2020-11-19 17:20:00	10.0	동남동	104	15.92	30.46	1.39	7.5	2.16	6.5	7.6	서남서	242	19.2	1001.2	-	120	
2020-11-19 17:25:00	13.8	동남동	104	15.88	30.46	1.35	7.8	1.68	8.0	6.4	서남서	240	19.5	1001.2	-	72	
2020-11-19 17:30:00	6.3	동남동	112	15.86	30.50	1.19	8.0	2.00	7.0	5.6	서남서	244	19.4	1001.3	-	91	
2020-11-19 17:35:00	8.3	동	89	15.82	30.50	1.12	7.9	1.79	7.5	8.5	서	277	19.4	1001.3	-	61	
2020-11-19 17:40:00	8.6	동남동	109	15.80	30.52	1.07	7.1	1.47	7.0	10.4	서	275	19.4	1001.3	-	39	
2020-11-19 17:45:00	13.6	동남동	111	15.76	30.52	0.99	7.3	1.37	8.5	10.3	서북서	282	19.5	1001.3	-	73	
2020-11-19 17:50:00	11.1	동남동	116	15.76	30.55	1.00	7.1	1.35	6.5	7.6	서남서	255	19.5	1001.5	-	38	
2020-11-19 17:55:00	12.3	남동	126	15.74	30.55	1.09	7.7	1.76	7.0	12.2	서남서	253	19.3	1001.5	-	68	
2020-11-19 18:00:00	12.5	남동	130	15.71	30.55	0.99	7.5	1.52	7.5	11.2	서	263	19.1	1001.3	-	76	
2020-11-19 18:05:00	18.1	동남동	121	15.70	30.55	1.12	7.6	1.49	7.5	13.0	서북서	286	18.8	1000.9	-	14	
2020-11-19 18:10:00	19.2	동남동	111	15.70	30.55	1.12	7.8	1.51	7.0	12.0	서북서	282	18.9	1001.3	-	114	
2020-11-19 18:15:00	20.2	동남동	119	15.71	30.55	0.95	8.0	1.35	7.5	10.1	서북서	292	18.9	1001.4	-	56	
2020-11-19 18:20:00	17.4	동남동	123	15.71	30.54	1.07	7.4	1.40	7.0	10.3	서	279	18.8	1001.8	-	68	
2020-11-19 18:25:00	21.4	남동	127	15.71	30.54	1.16	7.6	1.67	8.0	8.2	서	271	19.0	1001.9	-	56	
2020-11-19 18:30:00	21.1	남동	127	15.71	30.55	1.22	7.8	1.77	7.5	8.7	서남서	241	18.4	1001.9	-	122	
2020-11-19 18:35:00	20.4	남동	127	15.70	30.55	0.96	8.5	1.11	8.0	9.1	서	270	18.8	1002.0	-	103	
2020-11-19 18:40:00	21.2	남동	134	15.70	30.56	1.07	7.5	1.30	8.0	8.6	서	259	18.4	1002.1	-	46	
2020-11-19 18:45:00	21.9	남동	126	15.71	30.54	1.00	7.7	1.21	7.5	9.6	서남서	250	18.3	1002.1	-	102	
2020-11-19 18:50:00	21.0	남동	133	15.71	30.53	1.11	8.0	1.39	8.0	9.0	서남서	256	18.3	1002.2	-	121	
2020-11-19 18:55:00	19.9	남동	139	15.71	30.55	0.98	7.5	1.64	7.5	8.9	서남서	251	18.5	1002.0	-	107	
2020-11-19 19:00:00	22.4	남남동	148	15.72	30.54	1.10	8.0	1.56	8.5	9.1	서남서	240	18.0	1002.0	-	88	
2020-11-19 19:05:00	24.0	남동	135	15.71	30.53	1.03	7.6	1.37	7.5	10.4	서남서	238	18.0	1002.0	-	92	
2020-11-19 19:10:00	22.3	남동	128	15.71	30.50	1.15	7.7	1.59	8.0	11.1	서남서	255	18.2	1002.0	-	91	
2020-11-19 19:15:00	-	-	-	-	-	-	-	-	-	-	-	-	-	-	-	-	
2020-11-19 19:20:00	26.8	남동	126	15.71	30.45	0.00	0.0	0.00	0.0	12.1	서남서	257	18.3	1002.0	-	118	
2020-11-19 19:25:00	30.4	동남동	124	15.69	30.51	1.08	7.3	1.45	7.5	12.2	서	259	18.2	1002.1	-	121	
2020-11-19 19:30:00	18.8	남동	128	15.65	30.53	1.08	8.0	1.59	8.0	12.8	서	268	18.0	1002.2	-	117	
2020-11-19 19:35:00	28.2	남동	130	15.60	30.51	1.14	7.7	1.44	7.0	13.2	서	264	17.8	1002.2	-	120	
2020-11-19 19:40:00	29.2	동남동	119	15.56	30.53	0.92	7.2	1.19	7.5	10.9	서남서	257	17.5	1002.4	-	122	
2020-11-19 19:45:00	33.2	남동	125	15.51	30.55	0.78	6.8	1.11	7.5	10.1	서남서	239	16.5	1002.4	-	100	
2020-11-19 19:50:00	32.0	동남동	123	15.47	30.54	0.96	7.8	1.34	7.5	11.0	서남서	246	16.4	1002.4	-	89	
2020-11-19 19:55:00	31.2	남동	127	15.42	30.55	1.00	8.5	1.26	9.0	12.1	서남서	256	17.6	1002.4	-	86	
2020-11-19 20:00:00	32.4	남동	124	15.40	30.55	1.07	8.5	1.42	8.0	9.7	서남서	254	17.2	1002.6	-	122	
2020-11-19 20:05:00	32.7	남동	128	15.40	30.59	0.95	7.4	1.12	7.5	8.5	서남서	252	17.3	1002.8	-	114	
2020-11-19 20:10:00	34.0	남동	124	15.40	30.58	1.03	7.5	1.18	7.0	9.4	서남서	253	17.0	1002.5	-	99	
2020-11-19 20:15:00	33.3	남동	125	15.38	30.58	1.11	7.4	1.65	6.5	10.6	서남서	252	17.0	1002.4	-	106	
2020-11-19 20:20:00	34.3	남동	126	15.42	30.56	0.95	7.8	1.76	8.0	9.9	서남서	249	17.3	1002.4	-	104	
2020-11-19 20:25:00	33.5	남동	128	15.39	30.55	0.85	6.9	1.21	7.5	9.6	남서	227	15.9	1002.5	-	5	
2020-11-19 20:30:00	30.5	남동	133	15.42	30.55	0.99	7.6	1.28	6.5	9.5	남서	234	15.5	1002.4	-	108	
2020-11-19 20:35:00	34.2	남동	136	15.41	30.55	0.83	7.0	0.96	7.5	10.1	남서	231	15.4	1002.4	-	109	
2020-11-19 20:40:00	32.2	남동	131	15.43	30.51	1.00	8.0	1.56	7.5	10.0	남서	233	15.2	1002.5	-	123	
2020-11-19 20:45:00	32.0	남동	135	15.37	30.55	1.10	7.9	1.29	7.0	9.8	남서	230	15.1	1002.6	-	114	
2020-11-19 20:50:00	31.2	남동	134	15.41	30.53	1.11	7.9	1.36	7.0	9.2	남서	231	14.7	1002.8	-	77	
2020-11-19 20:55:00	30.7	남동	138	15.44	30.52	1.04	7.8	1.33	8.0	6.9	남서	221	14.7	1003.1	-	117	
2020-11-19 21:00:00	32.4	남동	141	15.43	30.53	1.19	7.5	1.65	7.0	8.0	서남서	238	14.8	1003.2	-	115	
2020-11-19 21:05:00	38.3	남동	141	15.42	30.53	0.90	7.0	1.14	7.0	7.3	서남서	238	14.7	1003.3	-	119	
2020-11-19 21:10:00	30.4	남동	143	15.43	30.55	0.98	7.7	1.25	8.0	3.5	서남서	254	14.7	1003.5	-	109	
2020-11-19 21:15:00	34.3	남동	141	15.43	30.55	1.16	7.7	1.62	7.5	2.4	북북동	24	15.1	1003.5	-	94	
2020-11-19 21:20:00	34.7	남동	141	15.46	30.52	1.39	7.7	1.93	8.0	2.6	동	99	15.3	1003.6	-	118	
2020-11-19 21:25:00	35.9	남남동	148	15.50	30.50	0.82	7.0	1.23	7.5	1.9	동남동	114	15.2	1003.7	-	73	
2020-11-19 21:30:00	33.1	남남동	154	15.51	30.50	1.19	7.7	1.74	7.0	0.7	동북동	72	15.1	1003.8	-	115	
2020-11-19 21:35:00	38.8	남남동	158	15.50	30.52	1.19	7.8	1.49	8.0	1.9	북	9	15.1	1003.7	-	107	
2020-11-19 21:40:00	39.4	남	178	15.70	30.45	0.98	7.6	1.28	7.0	1.8	북	8	15.1	1003.9	-	101	
2020-11-19 21:45:00	40.6	남	176	15.78	30.41	0.94	6.8	1.51	7.0	3.6	남남동	160	15.0	1003.8	-	47	
2020-11-19 21:50:00	37.1	남	182	15.85	30.41	0.99	6.8	1.49	7.5	3.0	남	188	14.9	1003.9	-	111	
2020-11-19 21:55:00	33.8	남	181	15.90	30.39	1.06	8.1	1.67	8.0	3.1	남	190	14.9	1004.0	-	104	
2020-11-19 22:00:00	35.2	남	181	15.93	30.41	0.89	7.6	1.16	6.5	2.3	남남서	204	14.9	1004.0	-	113	
2020-11-19 22:05:00	32.0	남	186	15.97	30.38	1.13	7.8	1.39	8.5	1.6	남남동	168	14.9	1004.1	-	87	
2020-11-19 22:10:00	30.0	남	177	15.96	30.37	0.82	7.5	1.30	8.5	3.2	남남동	165	15.0	1004.0	-	103	
2020-11-19 22:15:00	30.0	남	177	15.97	30.38	0.87	8.5	1.10	8.0	4.1	남	179	14.5	1004.1	-	103	
2020-11-19 22:20:00	28.2	남	186	15.99	30.35	1.07	7.0	1.47	7.5	3.5	남	177	14.4	1004.2	-	80	
2020-11-19 22:25:00	28.3	남	186	15.99	30.38	0.87	6.8	1.30	8.5	1.9	남동	138	14.8	1004.2	-	114	
2020-11-19 22:30:00	25.9	남	185	16.00	30.38	1.08	8.1	1.74	8.0	1.9	북북서	329	15.0	1004.1	-	106	
2020-11-19 22:35:00	26.5	남남서	192	16.02	30.39	1.05	7.4	1.69	8.0	3.2	서남서	251	14.8	1004.4	-	110	
2020-11-19 22:40:00	23.2	남	183	16.03	30.36	0.87	7.4	1.29	7.5	3.2	북서	314	14.4	1004.5	-	90	
2020-11-19 22:45:00	25.1	남	184	16.04	30.37	1.06	7.0	1.57	8.0	3.0	북북서	329	14.1	1004.5	-	94	
2020-11-19 22:50:00	22.6	남	183	16.03	30.37	0.96	7.5	1.85	7.5	3.8	동북동	61	14.2	1004.5	-	115	
2020-11-19 22:55:00	24.3	남	183	16.04	30.34	1.14	7.8	1.54	7.5	3.7	동	79	14.5	1004.5	-	111	
2020-11-19 23:00:00	23.1	남	190	16.06	30.35	1.16	7.4	1.69	6.5	1.9	북	10	14.4	1004.6	-	118	
2020-11-19 23:05:00	21.8	남	189	16.07	30.37	1.03	7.3	1.35	6.5	3.1	북북서	333	14.6	1004.7	-	106	
2020-11-19 23:10:00	22.4	남	185	16.08	30.41	1.15	8.3	1.53	8.0	1.1	동	86	14.6	1004.5	-	75	
2020-11-19 23:15:00	22.5	남	185	16.11	30.44	0.94	6.6	1.30	7.0	1.0	북북동	24	14.7	1004.7	-	82	
2020-11-19 23:20:00	20.9	남	190	16.16	30.47	0.90	7.7	1.15	8.0	2.4	남서	222	14.3	1004.7	-	83	
2020-11-19 23:25:00	20.0	남남서	195	16.30	30.45	0.93	7.1	1.49	8.0	3.2	남남동	164	14.0	1004.8	-	108	
2020-11-19 23:30:00	22.3	남남서	194	16.32	30.43	0.93	7.2	1.15	8.0	3.9	남	174	13.5	1004.7	-	51	
2020-11-19 23:35:00	20.6	남남서	195	16.33	30.40	0.93	7.3	1.21	6.5	4.3	남서	216	13.5	1004.7	-	96	
2020-11-19 23:40:00	19.1	남남서	199	16.32	30.40	0.79	6.7	0.96	6.0	1.8	남남서	211	13.4	1004.8	-	96	
2020-11-19 23:45:00	17.0	남남서	199	16.32	30.44	0.89	6.9	1.29	7.5	3.1	동남동	118	13.4	1004.7	-	122	
2020-11-19 23:50:00	17.9	남남서	193	16.33	30.45	0.97	7.1	1.14	7.5	2.3	남동	132	13.5	1004.7	-	95	
2020-11-19 23:55:00	15.3	남남서	199	16.32	30.45	1.02	7.7	1.20	7.5	3.1	남동	142	13.7	1004.7	-	105	
2020-11-20 00:00:00	16.7	남남서	193	16.32	30.40	0.88	7.6	1.11	8.0	2.5	남동	137	13.8	1004.7	-	84	
2020-11-20 00:05:00	16.4	남남서	193	16.32	30.44	1.07	8.4	1.35	7.5	2.8	남	191	13.8	1004.8	-	60	
2020-11-20 00:10:00	15.0	남	189	16.32	30.44	0.97	7.7	1.26	7.0	2.3	남남서	199	13.5	1004.8	-	88	
2020-11-20 00:15:00	14.0	남	191	16.33	30.46	0.81	7.5	0.98	7.0	1.4	남남서	202	13.3	1004.6	-	109	
2020-11-20 00:20:00	14.5	남	181	16.32	30.45	1.04	7.4	1.71	7.0	0.5	동남동	104	13.5	1004.6	-	91	
2020-11-20 00:25:00	14.1	남	186	16.33	30.42	1.01	7.6	1.37	8.0	1.7	서남서	244	13.8	1004.6	-	104	
2020-11-20 00:30:00	12.8	남	190	16.33	30.46	0.91	7.7	1.19	8.5	2.7	남	183	13.6	1004.6	-	84	
2020-11-20 00:35:00	15.9	남	190	16.33	30.45	0.99	7.5	1.27	7.5	1.6	남남서	203	13.5	1004.8	-	118	
2020-11-20 00:40:00	13.2	남남서	195	16.33	30.42	0.98	7.3	1.83	7.5	2.1	남서	227	13.4	1004.7	-	103	
2020-11-20 00:45:00	13.3	남	188	16.32	30.44	0.70	6.6	0.95	8.5	4.5	서남서	237	13.4	1004.7	-	104	
2020-11-20 00:50:00	12.0	남	187	16.32	30.45	0.89	8.0	1.19	8.5	4.7	남남서	213	13.6	1004.7	-	117	
2020-11-20 00:55:00	14.9	남	190	16.31	30.43	0.80	7.5	0.95	7.5	5.5	남서	226	13.5	1004.7	-	78	
2020-11-20 01:00:00	13.8	남	189	16.32	30.45	0.94	7.3	1.29	7.5	5.5	남서	219	13.5	1004.6	-	91	
2020-11-20 01:05:00	12.5	남남서	196	16.32	30.43	0.83	6.8	1.05	7.0	5.4	남서	218	13.4	1004.7	-	94	
2020-11-20 01:10:00	15.5	남남서	193	16.32	30.45	0.83	7.7	1.46	8.0	5.3	남남서	211	13.4	1004.7	-	105	
2020-11-20 01:15:00	15.4	남남서	192	16.31	30.45	0.75	7.8	0.93	9.5	6.0	남남서	207	13.2	1004.8	-	47	
2020-11-20 01:20:00	11.0	남남서	201	16.32	30.45	0.77	7.3	1.13	8.0	6.4	남서	216	13.0	1004.9	-	83	
2020-11-20 01:25:00	13.4	남	189	16.33	30.45	0.85	7.5	1.05	8.0	4.5	남서	233	12.9	1004.9	-	90	
2020-11-20 01:30:00	15.5	남남서	201	16.33	30.44	0.66	6.9	0.94	7.5	6.5	남서	226	12.7	1004.9	-	114	
2020-11-20 01:35:00	13.3	남남서	196	16.32	30.46	0.80	8.1	1.11	8.0	5.9	남서	233	12.8	1004.9	-	84	
2020-11-20 01:40:00	13.5	남남서	202	16.33	30.46	0.89	7.7	1.11	8.0	8.2	남서	220	12.7	1004.8	-	90	
2020-11-20 01:45:00	8.7	남	188	16.32	30.47	0.73	7.6	1.14	7.5	7.9	남서	232	12.7	1004.9	-	106	
2020-11-20 01:50:00	10.8	남	189	16.31	30.53	0.76	7.8	0.94	7.0	5.9	서남서	237	12.6	1005.1	-	80	
2020-11-20 01:55:00	12.2	남남서	207	16.31	30.53	0.76	8.1	1.14	8.0	8.1	서남서	242	12.4	1005.0	-	97	
2020-11-20 02:00:00	9.7	남남서	201	16.32	30.53	0.80	8.4	1.15	8.5	8.8	남서	231	12.3	1005.1	-	93	
2020-11-20 02:05:00	8.4	남	190	16.30	30.55	0.74	7.8	0.91	7.5	9.5	남서	236	12.4	1005.0	-	93	
2020-11-20 02:10:00	10.0	남	183	16.31	30.55	0.78	7.1	1.17	8.0	8.0	남서	236	12.4	1005.1	-	36	
2020-11-20 02:15:00	11.5	남	181	16.31	30.54	0.84	7.9	1.01	9.0	8.4	남서	231	12.2	1005.2	-	58	
2020-11-20 02:20:00	13.6	남남서	195	16.31	30.56	0.78	7.4	0.96	6.0	6.7	남서	222	12.2	1005.3	-	121	
2020-11-20 02:25:00	11.2	남	188	16.32	30.57	0.83	8.2	1.13	7.5	5.4	남서	224	12.1	1005.3	-	91	
2020-11-20 02:30:00	15.6	남남서	200	16.32	30.53	0.85	8.0	1.26	7.5	5.2	남서	231	12.0	1005.4	-	71	
2020-11-20 02:35:00	15.8	남남서	195	16.32	30.53	0.82	7.2	1.04	7.5	6.9	남서	236	12.2	1005.4	-	73	
2020-11-20 02:40:00	10.0	남	181	16.30	30.51	0.76	7.0	1.17	7.0	7.5	남서	233	12.0	1005.4	-	50	
2020-11-20 02:45:00	13.1	남남서	192	16.28	30.54	0.73	6.6	1.06	7.5	8.3	남서	229	12.1	1005.5	-	113	
2020-11-20 02:50:00	10.1	남	174	16.26	30.55	0.83	7.9	1.02	8.5	7.7	남서	230	11.9	1005.6	-	59	
2020-11-20 02:55:00	11.0	남	173	16.24	30.54	0.77	8.0	1.15	7.0	8.1	서남서	237	11.9	1005.5	-	70	
2020-11-20 03:00:00	10.2	남	169	16.25	30.53	0.96	7.8	1.33	9.0	8.5	남서	235	11.9	1005.6	-	72	
2020-11-20 03:05:00	8.1	남남동	160	16.24	30.52	0.75	8.3	0.97	7.5	8.1	남서	231	11.9	1005.7	-	25	
2020-11-20 03:10:00	10.2	남동	145	16.15	30.46	0.65	7.6	0.89	8.5	7.1	남서	228	11.8	1005.9	-	46	
2020-11-20 03:15:00	13.7	남남동	166	16.13	30.53	0.67	6.8	0.76	6.0	9.0	서남서	238	11.8	1006.0	-	85	
2020-11-20 03:20:00	10.8	남남동	155	16.13	30.48	0.76	7.8	0.91	7.0	6.7	서남서	237	11.7	1006.1	-	90	
2020-11-20 03:25:00	12.9	남남동	162	16.12	30.47	0.75	8.3	0.96	8.5	7.7	서남서	238	11.8	1006.1	-	55	
2020-11-20 03:30:00	11.9	남남동	155	16.11	30.48	0.75	7.5	1.18	8.0	7.3	서남서	237	11.8	1006.2	-	35	
2020-11-20 03:35:00	14.4	남남동	157	16.10	30.47	0.73	8.5	0.96	8.5	9.3	서남서	238	11.6	1006.1	-	44	
2020-11-20 03:40:00	13.3	남동	146	16.11	30.46	0.85	7.9	1.21	11.0	7.7	남서	232	11.5	1006.3	-	26	
2020-11-20 03:45:00	12.8	남남동	151	16.10	30.49	0.74	7.9	1.17	8.0	6.3	남서	233	11.5	1006.4	-	94	
2020-11-20 03:50:00	12.3	남남동	159	16.11	30.49	0.79	7.8	1.04	6.0	6.0	남서	231	11.6	1006.3	-	50	
2020-11-20 03:55:00	12.0	남남동	151	16.11	30.49	0.67	6.7	1.07	7.0	6.4	서남서	240	11.5	1006.5	-	27	
2020-11-20 04:00:00	12.4	남남동	147	16.11	30.48	0.88	8.1	1.05	6.0	6.9	서남서	237	11.5	1006.5	-	79	
2020-11-20 04:05:00	13.3	남남동	147	16.11	30.49	0.74	7.7	1.32	8.5	7.2	남서	231	11.6	1006.6	-	126	
2020-11-20 04:10:00	11.1	남남동	153	16.10	30.49	0.90	7.4	1.21	7.5	5.9	남서	227	11.4	1006.7	-	88	
2020-11-20 04:15:00	12.7	남동	142	16.11	30.49	0.64	7.4	0.85	6.5	6.0	남서	232	11.4	1006.8	-	48	
2020-11-20 04:20:00	11.0	남동	139	16.11	30.46	0.83	7.6	1.11	8.0	5.6	남서	231	11.3	1006.9	-	41	
2020-11-20 04:25:00	13.3	남남동	160	16.11	30.50	0.83	8.4	1.05	8.5	6.6	남서	233	11.3	1007.0	-	45	
2020-11-20 04:30:00	12.1	남남동	159	16.12	30.51	0.83	8.5	1.01	8.0	7.3	서남서	240	11.4	1007.0	-	48	
2020-11-20 04:35:00	12.4	남남동	156	16.11	30.50	0.77	8.9	0.98	9.5	6.6	남서	233	11.3	1007.0	-	25	
2020-11-20 04:40:00	14.0	남동	144	16.11	30.49	0.66	7.5	0.80	6.0	6.8	남서	232	11.2	1007.0	-	5	
2020-11-20 04:45:00	11.5	남남동	148	16.11	30.49	0.73	7.5	0.86	6.0	7.1	남서	230	11.3	1007.1	-	39	
2020-11-20 04:50:00	12.6	남동	138	16.11	30.50	0.69	7.3	0.94	7.0	7.2	남서	232	11.3	1007.1	-	29	
2020-11-20 04:55:00	11.8	남동	134	16.11	30.48	0.77	8.3	1.03	10.0	6.8	남서	225	11.2	1007.0	-	34	
2020-11-20 05:00:00	15.9	남동	139	16.09	30.48	0.91	9.0	1.13	8.5	6.8	남서	235	11.1	1007.2	-	52	
2020-11-20 05:05:00	11.8	남동	134	16.09	30.48	0.71	7.0	0.95	6.5	5.9	남서	229	11.1	1007.3	-	77	
2020-11-20 05:10:00	14.6	남동	131	16.08	30.45	0.79	8.0	1.00	7.5	5.9	남서	224	11.1	1007.4	-	34	
2020-11-20 05:15:00	14.5	남동	128	16.04	30.46	0.66	7.6	0.78	5.5	6.3	남서	232	11.1	1007.4	-	34	
2020-11-20 05:20:00	15.9	남동	134	16.02	30.44	0.67	7.5	0.90	6.0	7.4	남서	232	11.0	1007.4	-	55	
2020-11-20 05:25:00	15.8	남동	136	16.00	30.46	0.85	8.4	1.18	10.0	6.5	남서	231	10.9	1007.4	-	40	
2020-11-20 05:30:00	18.5	남남동	146	16.01	30.45	0.68	7.6	0.83	5.0	7.6	남서	231	11.0	1007.5	-	47	
2020-11-20 05:35:00	13.5	남동	137	16.00	30.44	0.81	8.3	1.05	10.0	7.1	남서	233	10.8	1007.6	-	45	
2020-11-20 05:40:00	15.8	남동	132	15.99	30.45	0.82	9.0	1.04	11.0	6.8	남서	225	10.8	1007.7	-	38	
2020-11-20 05:45:00	14.6	동남동	122	15.97	30.44	0.71	8.4	0.98	10.0	6.2	남서	224	10.7	1007.8	-	33	
2020-11-20 05:50:00	13.3	동남동	123	15.95	30.45	0.66	7.2	0.82	7.5	6.3	남서	234	10.7	1007.9	-	92	
2020-11-20 05:55:00	16.3	남동	130	15.93	30.46	0.68	7.3	0.85	7.5	5.5	남서	223	10.9	1007.9	-	75	
2020-11-20 06:00:00	18.0	남동	134	15.92	30.43	0.67	7.6	0.94	5.5	6.4	남서	229	10.8	1008.0	-	34	
2020-11-20 06:05:00	11.3	남동	137	15.89	30.42	0.64	7.5	1.03	7.5	7.0	남서	229	10.8	1008.0	-	68	
2020-11-20 06:10:00	16.8	남동	133	15.86	30.41	0.74	8.4	1.03	8.5	7.3	남서	224	10.7	1008.1	-	51	
2020-11-20 06:15:00	19.8	남동	139	15.83	30.47	0.72	7.7	1.05	7.0	6.8	남서	223	10.6	1008.2	-	27	
2020-11-20 06:20:00	17.2	남동	126	15.82	30.42	0.68	7.5	0.87	9.0	6.2	남서	221	10.6	1008.3	-	32	
2020-11-20 06:25:00	16.2	남동	129	15.78	30.48	0.63	7.8	0.78	7.0	7.4	남서	229	10.5	1008.4	-	53	
2020-11-20 06:30:00	18.4	남동	140	15.84	30.47	0.73	7.8	0.93	8.0	6.5	남서	227	10.6	1008.5	-	23	
2020-11-20 06:35:00	19.0	남동	131	15.84	30.45	0.62	7.1	1.07	7.0	6.5	남서	231	10.5	1008.6	-	41	
2020-11-20 06:40:00	17.8	남동	140	15.85	30.47	0.67	7.7	0.91	8.0	7.1	남서	229	10.5	1008.6	-	40	
2020-11-20 06:45:00	17.6	남남동	146	15.85	30.47	0.76	8.8	1.15	10.5	6.4	남서	224	10.5	1008.7	-	46	
2020-11-20 06:50:00	18.8	남남동	148	15.85	30.41	0.62	7.8	0.77	7.0	6.9	남서	220	10.6	1008.7	-	40	
2020-11-20 06:55:00	18.1	남동	141	15.83	30.40	0.70	7.7	1.00	9.5	7.0	남서	219	10.5	1008.8	-	21	
2020-11-20 07:00:00	20.6	남동	132	15.81	30.39	0.57	7.9	0.85	7.5	7.0	남서	226	10.4	1009.0	-	35	
2020-11-20 07:05:00	20.1	남동	144	15.81	30.40	0.63	8.0	0.81	10.0	5.9	남서	226	10.3	1009.1	-	40	
2020-11-20 07:10:00	21.0	남동	146	15.81	30.38	0.67	8.1	0.99	9.0	7.0	남서	227	10.4	1009.1	-	30	
2020-11-20 07:15:00	20.5	남동	145	15.80	30.33	0.68	7.1	0.90	7.5	7.7	남서	229	10.5	1009.0	-	76	
2020-11-20 07:20:00	22.2	남동	142	15.77	30.34	0.68	8.7	0.97	10.0	7.9	남서	231	10.4	1009.0	-	30	
2020-11-20 07:25:00	22.5	남동	146	15.78	30.35	0.64	6.4	0.86	7.5	8.6	남서	236	10.4	1009.0	-	53	
2020-11-20 07:30:00	23.0	남남동	155	15.80	30.36	0.86	8.7	1.16	6.5	8.8	남서	234	10.4	1009.1	-	29	
2020-11-20 07:35:00	24.8	남남동	152	15.80	30.36	0.71	7.7	1.14	8.0	9.0	남서	236	10.4	1009.2	-	76	
2020-11-20 07:40:00	21.8	남남동	154	15.81	30.34	0.66	6.7	1.05	7.5	8.8	서남서	242	10.5	1009.3	-	28	
2020-11-20 07:45:00	22.4	남남동	149	15.81	30.32	0.78	7.0	1.09	7.0	8.5	서남서	239	10.4	1009.5	-	54	
2020-11-20 07:50:00	23.6	남남동	151	15.79	30.33	0.68	7.8	0.83	8.5	7.3	서남서	238	10.2	1009.6	-	14	
2020-11-20 07:55:00	25.3	남남동	154	15.80	30.36	0.72	6.2	1.04	6.0	8.8	서남서	237	10.4	1009.6	-	44	
2020-11-20 08:00:00	26.0	남남동	148	15.79	30.36	0.80	7.0	1.12	7.5	7.5	남서	235	10.4	1009.8	-	78	
2020-11-20 08:05:00	21.6	남남동	150	15.82	30.34	0.72	6.2	1.11	7.5	7.3	남서	234	10.3	1009.9	-	52	
2020-11-20 08:10:00	25.0	남남동	151	15.83	30.33	0.70	6.8	1.07	8.0	7.1	서남서	238	10.3	1010.0	-	38	
2020-11-20 08:15:00	23.1	남남동	153	15.80	30.37	0.75	6.2	1.07	6.0	7.5	남서	234	10.4	1009.9	-	27	
2020-11-20 08:20:00	24.1	남동	144	15.79	30.33	0.81	7.3	1.29	8.5	7.6	남서	234	10.5	1010.0	-	21	
2020-11-20 08:25:00	26.7	남남동	151	15.83	30.33	0.72	6.6	0.88	5.0	7.6	남서	234	10.5	1010.1	-	43	
2020-11-20 08:30:00	21.4	남남동	149	15.82	30.32	0.85	8.5	1.19	9.5	7.6	서남서	238	10.3	1010.2	-	42	
2020-11-20 08:35:00	25.3	남남동	148	15.81	30.34	0.76	7.1	0.99	5.5	7.1	남서	230	10.4	1010.3	-	48	
2020-11-20 08:40:00	21.3	남남동	152	15.81	30.31	0.69	6.9	1.01	9.0	7.1	남서	228	10.4	1010.4	-	31	
2020-11-20 08:45:00	23.0	남동	146	15.74	30.30	0.78	8.5	1.15	8.5	7.0	남서	234	10.5	1010.5	-	26	
2020-11-20 08:50:00	22.9	남남동	153	15.79	30.36	0.73	6.3	1.10	6.5	6.7	남서	234	10.3	1010.6	-	18	
2020-11-20 08:55:00	21.7	남남동	150	15.84	30.36	0.71	7.6	1.00	9.0	7.4	남서	229	10.4	1010.7	-	27	
2020-11-20 09:00:00	21.8	남남동	149	15.84	30.29	0.79	8.1	1.19	8.5	7.4	남서	234	10.3	1010.8	-	27	
2020-11-20 09:05:00	24.3	남남동	150	15.78	30.35	0.72	7.4	1.00	6.5	8.3	남서	229	10.4	1010.8	-	34	
2020-11-20 09:10:00	25.6	남동	145	15.77	30.34	0.70	7.3	0.98	6.5	7.4	남서	226	10.4	1010.8	-	23	
2020-11-20 09:15:00	23.2	남남동	153	15.79	30.34	0.72	6.8	1.12	8.0	7.7	남서	225	10.4	1010.8	-	352	
2020-11-20 09:20:00	20.0	남남동	150	15.82	30.32	0.62	7.8	0.83	8.5	7.5	남서	228	10.4	1010.9	-	30	
2020-11-20 09:25:00	22.4	남동	145	15.83	30.33	0.81	8.1	1.17	7.5	8.0	남서	227	10.4	1010.9	-	45	
2020-11-20 09:30:00	23.6	남동	145	15.82	30.30	0.77	7.5	1.01	8.0	7.5	남서	223	10.4	1011.0	-	8	
2020-11-20 09:35:00	23.7	남동	143	15.83	30.32	0.68	6.9	1.09	7.0	7.5	남서	226	10.4	1011.1	-	33	
2020-11-20 09:40:00	20.1	남남동	151	15.84	30.31	0.66	7.5	0.86	6.5	7.2	남서	230	10.4	1011.1	-	35	
2020-11-20 09:45:00	21.0	남남동	151	15.84	30.33	0.80	7.4	1.00	6.5	8.9	남서	228	10.4	1011.0	-	22	
2020-11-20 09:50:00	20.5	남남동	153	15.84	30.34	0.66	7.6	1.07	8.5	7.9	남서	228	10.3	1011.2	-	2	
2020-11-20 09:55:00	18.9	남남동	149	15.85	30.34	0.69	7.7	0.93	10.0	8.1	남서	219	10.3	1011.3	-	350	
2020-11-20 10:00:00	20.9	남남동	148	15.85	30.31	0.69	8.4	0.97	8.0	8.0	남서	220	10.4	1011.3	-	27	
2020-11-20 10:05:00	22.4	남남동	149	15.87	30.34	0.72	7.4	1.01	7.0	8.2	남서	224	10.4	1011.4	-	11	
2020-11-20 10:10:00	22.4	남남동	155	15.89	30.33	0.66	7.8	0.98	8.5	8.1	남서	229	10.4	1011.4	-	25	
2020-11-20 10:15:00	19.3	남동	146	15.92	30.33	0.70	7.5	0.96	8.0	8.7	남서	227	10.4	1011.4	-	68	
2020-11-20 10:20:00	21.6	남동	145	15.93	30.34	0.71	8.3	0.92	7.5	8.2	남서	234	10.4	1011.4	-	23	
2020-11-20 10:25:00	20.8	남동	144	15.92	30.35	0.75	8.6	0.92	7.5	8.4	남서	233	10.4	1011.5	-	2	
2020-11-20 10:30:00	23.0	남동	141	15.95	30.35	0.61	7.6	0.83	7.5	8.6	남서	233	10.5	1011.6	-	59	
2020-11-20 10:35:00	21.7	남동	145	15.94	30.38	0.71	8.3	0.82	7.5	7.9	남서	234	10.5	1011.8	-	19	
2020-11-20 10:40:00	22.4	남동	140	15.95	30.36	0.77	8.0	0.86	8.0	8.3	남서	226	10.5	1011.8	-	14	
2020-11-20 10:45:00	22.1	남동	141	15.95	30.37	0.69	8.7	0.84	8.0	8.9	남서	227	10.5	1011.8	-	38	
2020-11-20 10:50:00	21.7	남동	136	15.95	30.36	0.74	7.1	1.22	9.5	8.0	남서	229	10.4	1011.9	-	20	
2020-11-20 10:55:00	24.0	남동	133	15.95	30.36	0.82	7.6	1.02	8.0	9.5	남서	233	10.1	1011.9	-	8	
2020-11-20 11:00:00	21.9	남동	133	15.96	30.35	0.89	7.8	1.17	7.0	10.1	남서	231	9.9	1011.8	-	354	
2020-11-20 11:05:00	22.9	남남동	147	15.97	30.35	0.79	7.6	0.98	9.0	9.3	남서	233	10.0	1011.9	-	3	
2020-11-20 11:10:00	25.1	남동	142	15.97	30.35	0.89	7.5	1.06	7.5	9.8	남서	232	9.9	1011.8	-	7	
2020-11-20 11:15:00	21.2	남동	140	15.97	30.34	0.85	8.1	1.14	8.5	9.5	남서	233	9.9	1011.7	-	17	
2020-11-20 11:20:00	22.9	남동	143	15.98	30.35	0.94	7.5	1.07	8.5	9.1	남서	233	10.0	1011.7	-	21	
2020-11-20 11:25:00	25.2	남동	139	15.96	30.36	0.84	8.5	0.99	7.5	8.8	서남서	243	9.9	1011.8	-	2	
2020-11-20 11:30:00	23.8	남동	130	15.98	30.35	0.76	6.9	1.37	7.0	9.0	서남서	238	9.9	1011.9	-	348	
2020-11-20 11:35:00	23.7	남동	141	15.97	30.35	0.85	8.0	1.25	8.5	9.2	남서	236	9.9	1011.8	-	26	
2020-11-20 11:40:00	22.9	남동	139	15.93	30.41	1.04	7.6	1.40	8.5	8.8	남서	236	9.9	1011.7	-	4	
2020-11-20 11:45:00	23.9	남동	138	15.94	30.36	0.84	7.2	1.09	6.5	9.6	남서	226	9.7	1011.7	-	349	
2020-11-20 11:50:00	21.3	남동	135	15.94	30.36	0.91	7.8	1.22	8.0	10.3	남서	230	9.6	1011.8	-	23	
2020-11-20 11:55:00	25.0	남동	139	15.94	30.34	0.77	7.4	0.86	8.5	10.2	남서	230	9.6	1011.8	-	358	
2020-11-20 12:00:00	23.3	남동	139	15.91	30.35	0.89	8.4	1.41	7.5	10.7	남서	230	9.6	1011.8	-	32	
2020-11-20 12:05:00	25.3	남동	141	15.89	30.32	0.80	8.3	1.19	8.5	9.2	남서	234	9.5	1011.9	-	24	
2020-11-20 12:10:00	27.5	남동	137	15.90	30.32	1.03	7.8	1.29	9.0	9.0	남서	230	9.8	1011.8	-	4	
2020-11-20 12:15:00	27.4	남동	130	15.90	30.33	0.80	7.3	1.25	8.0	8.9	남서	233	9.7	1011.8	-	9	
2020-11-20 12:20:00	25.5	남동	139	15.89	30.32	0.90	7.5	1.24	6.5	8.8	서남서	237	9.7	1011.9	-	0	
2020-11-20 12:25:00	27.4	남동	131	15.90	30.31	0.98	7.8	1.20	7.5	8.5	남서	233	9.8	1011.8	-	6	
2020-11-20 12:30:00	29.8	남동	129	15.89	30.31	0.84	8.6	1.30	7.0	9.2	남서	230	9.9	1011.8	-	28	
2020-11-20 12:35:00	29.1	남동	137	15.89	30.33	0.96	9.0	1.51	8.5	8.0	남서	230	9.8	1011.9	-	52	
2020-11-20 12:40:00	29.2	남동	124	15.91	30.32	1.18	8.0	1.59	7.0	8.3	남서	231	9.7	1011.9	-	6	
2020-11-20 12:45:00	28.9	남동	136	15.93	30.33	0.97	7.7	1.17	6.5	7.6	남서	235	9.8	1012.0	-	352	
2020-11-20 12:50:00	28.1	남동	128	15.94	30.31	1.16	8.6	1.94	9.0	8.4	남서	234	9.8	1012.0	-	37	
2020-11-20 12:55:00	28.2	남동	135	15.95	30.30	1.14	7.8	1.66	7.5	8.8	남서	236	9.7	1012.0	-	9	
2020-11-20 13:00:00	27.1	남동	133	15.92	30.32	1.00	7.8	1.36	7.5	8.0	서남서	237	9.7	1012.1	-	32	
2020-11-20 13:05:00	30.0	남동	137	15.94	30.30	1.07	8.0	1.28	9.0	8.8	남서	231	9.9	1012.1	-	14	
2020-11-20 13:10:00	27.5	남동	135	15.96	30.30	1.07	7.4	1.68	7.0	9.2	남서	233	9.7	1012.1	-	1	
2020-11-20 13:15:00	29.1	남동	132	15.96	30.33	0.97	7.8	1.22	10.0	8.4	남서	231	9.8	1012.1	-	36	
2020-11-20 13:20:00	29.8	남동	139	15.98	30.34	1.04	8.7	1.50	10.5	8.2	서남서	238	9.9	1012.3	-	28	
2020-11-20 13:25:00	30.7	남동	143	15.99	30.36	1.18	9.6	1.52	8.0	8.0	서남서	237	9.8	1012.3	-	33	
2020-11-20 13:30:00	29.0	남동	144	15.99	30.35	1.12	7.4	1.72	6.5	8.1	남서	232	9.9	1012.4	-	32	
2020-11-20 13:35:00	30.4	남동	145	16.00	30.32	1.09	9.0	1.69	8.0	8.6	남서	234	9.9	1012.5	-	47	
2020-11-20 13:40:00	30.5	남동	144	16.00	30.35	1.24	8.5	1.67	11.5	8.7	남서	235	9.8	1012.5	-	34	
2020-11-20 13:45:00	33.2	남남동	147	16.01	30.35	1.21	8.8	1.56	9.0	9.0	남서	235	9.8	1012.5	-	51	
2020-11-20 13:50:00	31.5	남동	141	16.01	30.33	1.23	9.2	1.45	11.5	8.3	서남서	237	9.8	1012.6	-	44	
2020-11-20 13:55:00	30.6	남동	144	16.01	30.28	1.25	9.0	1.55	9.5	8.2	서남서	238	9.9	1012.7	-	44	
2020-11-20 14:00:00	32.3	남동	142	16.02	30.29	1.39	9.6	1.68	10.5	8.3	남서	236	9.9	1012.8	-	51	
2020-11-20 14:05:00	30.3	남남동	149	16.00	30.26	1.14	8.3	1.43	10.0	8.7	서남서	240	9.7	1012.8	-	38	
2020-11-20 14:10:00	28.5	남동	142	16.00	30.29	1.27	8.4	1.85	10.0	7.9	남서	235	9.8	1012.9	-	34	
2020-11-20 14:15:00	32.1	남남동	154	15.99	30.27	1.38	10.5	1.81	10.5	8.1	남서	235	9.9	1013.0	-	41	
2020-11-20 14:20:00	28.4	남남동	151	15.98	30.31	1.41	10.2	1.81	11.0	8.8	서남서	238	9.7	1013.0	-	47	
2020-11-20 14:25:00	31.2	남남동	152	15.98	30.29	1.38	9.9	1.80	12.5	8.0	서남서	237	9.7	1013.2	-	30	
2020-11-20 14:30:00	28.6	남동	144	15.98	30.28	1.33	9.8	1.66	10.5	8.8	남서	234	9.7	1013.2	-	36	
2020-11-20 14:35:00	28.4	남남동	147	15.98	30.31	1.67	10.3	2.38	9.5	7.8	남서	235	9.7	1013.3	-	44	
2020-11-20 14:40:00	31.5	남남동	152	15.97	30.33	1.16	9.4	1.57	10.5	7.4	서남서	241	9.8	1013.3	-	49	
2020-11-20 14:45:00	28.7	남남동	155	15.97	30.33	1.36	9.7	1.61	9.0	7.3	서남서	243	9.9	1013.4	-	32	
2020-11-20 14:50:00	30.4	남남동	149	15.97	30.34	1.46	10.0	1.67	11.5	8.4	서남서	238	9.7	1013.5	-	38	
2020-11-20 14:55:00	30.9	남남동	153	15.96	30.34	1.40	10.8	1.86	9.0	7.6	서남서	237	9.6	1013.6	-	37	
2020-11-20 15:00:00	31.9	남남동	149	15.96	30.32	1.14	8.6	1.58	10.0	7.9	서남서	243	9.7	1013.6	-	53	
2020-11-20 15:05:00	29.5	남남동	155	15.96	30.30	1.64	10.2	1.92	11.5	7.3	서남서	242	9.5	1013.7	-	39	
2020-11-20 15:10:00	31.0	남남동	154	15.95	30.29	1.94	10.7	2.20	10.0	7.3	서남서	239	9.6	1013.7	-	37	
2020-11-20 15:15:00	28.9	남동	144	15.96	30.28	1.65	9.7	2.03	12.5	7.3	서남서	242	9.5	1013.8	-	30	
2020-11-20 15:20:00	30.4	남남동	155	15.96	30.31	1.68	10.1	1.94	11.0	7.0	남서	232	9.6	1013.8	-	44	
2020-11-20 15:25:00	28.3	남남동	149	15.96	30.25	1.49	10.5	1.94	11.0	6.4	남서	236	9.4	1013.9	-	45	
2020-11-20 15:30:00	32.5	남남동	153	15.96	30.19	1.46	9.7	2.14	10.5	6.2	서남서	242	9.4	1014.0	-	35	
2020-11-20 15:35:00	35.3	남남동	151	15.96	30.22	1.47	8.7	1.99	9.0	6.6	남서	235	9.6	1014.0	-	57	
2020-11-20 15:40:00	26.6	남남동	150	15.95	30.18	1.98	10.3	2.33	8.5	6.7	남서	229	9.7	1014.2	-	37	
2020-11-20 15:45:00	27.9	남남동	155	15.96	30.18	1.44	8.4	1.68	6.5	5.8	남서	225	9.5	1014.3	-	33	
2020-11-20 15:50:00	31.5	남남동	154	15.96	30.16	1.67	10.4	2.25	9.5	5.5	남서	226	9.4	1014.4	-	26	
2020-11-20 15:55:00	31.9	남남동	162	15.99	30.18	1.66	10.3	2.25	10.0	4.2	남서	225	9.6	1014.5	-	49	
2020-11-20 16:00:00	25.9	남남동	162	16.01	30.13	1.85	11.1	2.24	10.0	5.0	남서	228	9.7	1014.5	-	39	
2020-11-20 16:05:00	31.1	남남동	159	16.02	30.15	1.78	10.6	2.72	8.0	4.1	남서	231	9.6	1014.9	-	37	
2020-11-20 16:10:00	30.5	남남동	157	16.02	30.13	1.74	9.6	2.10	9.5	4.2	남서	228	9.7	1015.0	-	35	
2020-11-20 16:15:00	23.5	남남동	160	16.02	30.14	1.57	10.2	2.15	12.5	5.5	남서	228	9.7	1015.1	-	37	
2020-11-20 16:20:00	30.0	남남동	152	16.01	30.11	1.87	11.0	2.05	9.0	5.1	남서	229	9.6	1015.3	-	39	
2020-11-20 16:25:00	29.0	남남동	160	16.02	30.11	1.69	9.9	2.24	7.0	5.2	남서	231	9.4	1015.4	-	29	
2020-11-20 16:30:00	31.0	남	170	16.08	30.10	1.31	9.5	1.47	8.5	5.0	남서	233	9.4	1015.6	-	26	
2020-11-20 16:35:00	26.9	남남동	162	16.12	30.10	1.56	9.5	2.05	10.5	4.9	서남서	237	9.3	1015.7	-	42	
2020-11-20 16:40:00	29.5	남	169	16.14	30.14	1.83	10.7	2.35	11.0	4.5	서남서	238	9.3	1015.8	-	25	
2020-11-20 16:45:00	30.0	남남동	166	16.13	30.04	1.87	10.7	2.19	10.5	5.3	서남서	246	9.1	1015.8	-	40	
2020-11-20 16:50:00	28.0	남남동	166	16.14	30.17	1.67	10.4	2.12	9.0	5.4	서남서	242	8.9	1015.9	-	28	
2020-11-20 16:55:00	23.3	남남동	167	16.16	30.13	1.78	10.5	2.40	10.5	4.9	서남서	241	8.6	1016.1	-	43	
2020-11-20 17:00:00	20.6	남	171	16.17	30.12	1.47	10.8	1.72	10.0	4.9	남서	233	8.5	1016.1	-	48	
2020-11-20 17:05:00	27.0	남	170	16.25	30.14	1.70	10.4	2.11	10.5	4.8	남서	235	8.4	1016.3	-	38	
2020-11-20 17:10:00	27.2	남남동	169	16.26	30.15	1.72	9.4	2.17	9.0	4.0	서남서	244	8.3	1016.4	-	41	
2020-11-20 17:15:00	22.4	남	173	16.25	30.12	1.73	10.6	2.18	9.5	5.3	서남서	249	8.4	1016.4	-	36	
2020-11-20 17:20:00	25.4	남	169	16.22	30.13	1.78	10.4	2.07	10.0	4.3	서남서	247	8.3	1016.5	-	43	
2020-11-20 17:25:00	21.1	남	173	16.25	30.09	1.83	10.3	2.26	9.5	4.6	서남서	249	8.5	1016.7	-	40	
2020-11-20 17:30:00	24.6	남남동	169	16.26	30.16	2.10	10.9	2.49	10.0	4.6	서남서	242	8.3	1016.8	-	38	
2020-11-20 17:35:00	23.0	남남동	167	16.26	30.14	1.92	10.2	2.21	10.0	4.2	서남서	237	8.2	1016.9	-	36	
2020-11-20 17:40:00	18.9	남	171	16.27	30.18	1.95	10.6	2.42	11.5	4.9	남서	232	8.2	1017.0	-	42	
2020-11-20 17:45:00	21.4	남	172	16.29	30.18	1.98	9.9	2.69	10.0	4.1	남서	231	8.1	1017.1	-	48	
2020-11-20 17:50:00	25.1	남남동	168	16.28	30.22	1.93	9.9	2.32	10.5	4.4	남서	218	7.9	1017.2	-	37	
2020-11-20 17:55:00	25.4	남남동	166	16.27	30.23	1.55	10.0	2.24	11.5	4.1	남서	224	7.9	1017.3	-	44	
2020-11-20 18:00:00	24.9	남남동	164	16.25	30.24	1.65	10.2	2.08	9.0	4.7	남서	233	7.7	1017.4	-	50	
2020-11-20 18:05:00	22.3	남남동	167	16.25	30.27	2.29	10.8	2.54	10.5	4.2	서남서	237	7.7	1017.5	-	42	
2020-11-20 18:10:00	25.8	남남동	168	16.28	30.25	1.95	10.0	2.32	9.5	4.6	남서	232	7.7	1017.7	-	33	
2020-11-20 18:15:00	24.6	남	178	16.28	30.29	1.40	9.7	2.03	9.5	4.3	서남서	237	7.7	1017.8	-	29	
2020-11-20 18:20:00	25.0	남남동	162	16.27	30.29	2.00	10.4	2.62	10.5	4.9	서남서	238	7.9	1018.0	-	38	
2020-11-20 18:25:00	25.3	남남동	163	16.28	30.29	1.32	9.8	1.73	11.0	4.0	서남서	243	7.9	1018.2	-	31	
2020-11-20 18:30:00	20.7	남남동	162	16.26	30.28	1.63	9.6	2.25	10.5	4.4	서남서	250	7.7	1018.3	-	25	
2020-11-20 18:35:00	25.7	남	171	16.26	30.29	1.86	10.9	2.31	10.5	3.7	서남서	247	7.6	1018.5	-	44	
2020-11-20 18:40:00	26.1	남남동	168	16.26	30.28	1.82	9.8	2.22	9.5	4.1	서남서	252	7.6	1018.6	-	37	
2020-11-20 18:45:00	28.1	남남동	166	16.25	30.28	1.67	9.9	2.08	9.0	3.6	서남서	244	7.6	1018.6	-	31	
2020-11-20 18:50:00	23.0	남	170	16.25	30.29	1.61	9.4	2.00	10.0	3.5	서남서	245	7.6	1018.7	-	20	
2020-11-20 18:55:00	23.4	남남동	165	16.26	30.27	1.59	9.3	2.05	11.0	3.3	서남서	244	7.7	1018.8	-	47	
2020-11-20 19:00:00	24.1	남남동	167	16.27	30.24	1.62	9.3	2.13	10.5	3.8	서남서	247	7.6	1018.9	-	40	
2020-11-20 19:05:00	24.6	남	171	16.27	30.24	1.80	10.6	2.04	9.5	3.7	서남서	253	7.6	1019.1	-	35	
2020-11-20 19:10:00	20.8	남	169	16.26	30.27	1.73	11.0	2.15	8.5	3.9	서남서	246	7.9	1019.2	-	39	
2020-11-20 19:15:00	21.3	남	177	16.26	30.25	1.66	10.1	1.94	10.0	3.4	서	274	7.9	1019.3	-	46	
2020-11-20 19:20:00	27.4	남남동	167	16.24	30.27	1.80	10.2	2.14	10.0	3.5	서남서	243	8.0	1019.4	-	39	
2020-11-20 19:25:00	22.3	남	175	16.25	30.28	1.88	9.5	2.16	9.0	3.8	남서	235	7.6	1019.4	-	46	
2020-11-20 19:30:00	21.0	남	174	16.25	30.28	1.89	10.0	2.41	10.0	4.0	남서	236	7.6	1019.5	-	45	
2020-11-20 19:35:00	22.8	남남동	168	16.25	30.21	1.65	9.3	2.23	8.0	3.7	서남서	238	7.5	1019.6	-	43	
2020-11-20 19:40:00	20.3	남	176	16.24	30.27	1.80	9.8	2.43	10.5	3.8	서남서	249	7.4	1019.7	-	27	
2020-11-20 19:45:00	19.7	남남동	166	16.24	30.23	1.80	10.3	2.10	10.0	3.6	서	269	7.6	1019.8	-	37	
2020-11-20 19:50:00	22.6	남남동	168	16.23	30.21	2.20	10.6	2.88	9.5	4.2	서	276	7.6	1019.9	-	37	
2020-11-20 19:55:00	20.3	남	179	16.23	30.24	2.02	9.3	3.50	10.0	4.6	서	267	7.7	1019.9	-	48	
2020-11-20 20:00:00	20.2	남	174	16.23	30.26	1.80	9.3	1.95	10.5	4.5	서남서	255	7.3	1019.9	-	46	
2020-11-20 20:05:00	22.1	남	171	16.23	30.30	2.15	11.0	3.21	10.0	4.1	서	263	7.0	1020.0	-	43	
2020-11-20 20:10:00	20.8	남	169	16.24	30.25	1.98	10.9	2.30	9.0	4.4	서	260	6.9	1020.1	-	40	
2020-11-20 20:15:00	15.9	남	173	16.24	30.26	1.69	10.3	2.33	10.0	4.2	서남서	245	6.9	1020.2	-	39	
2020-11-20 20:20:00	20.6	남남동	167	16.23	30.26	2.05	10.5	2.46	12.0	4.2	서남서	245	6.8	1020.2	-	36	
2020-11-20 20:25:00	19.4	남	169	16.24	30.26	1.95	10.1	2.17	11.0	4.3	서남서	249	6.7	1020.3	-	50	
2020-11-20 20:30:00	22.7	남남동	163	16.24	30.26	2.01	10.3	3.02	9.0	4.4	서남서	244	6.6	1020.4	-	42	
2020-11-20 20:35:00	21.1	남	170	16.22	30.25	1.78	10.3	2.23	10.0	3.9	서남서	252	6.6	1020.4	-	46	
2020-11-20 20:40:00	14.7	남	170	16.23	30.28	1.92	10.1	3.12	10.0	4.1	서남서	253	6.7	1020.4	-	41	
2020-11-20 20:45:00	18.1	남	175	16.23	30.28	2.06	9.6	2.64	10.0	4.8	서	269	6.7	1020.5	-	39	
2020-11-20 20:50:00	16.7	남	177	16.22	30.27	1.71	10.3	2.24	8.5	5.1	서	264	6.6	1020.7	-	40	
2020-11-20 20:55:00	16.6	남	169	16.22	30.28	1.85	9.6	2.31	10.5	5.5	서	270	6.6	1020.8	-	39	
2020-11-20 21:00:00	12.8	남	177	16.22	30.25	1.64	9.8	1.94	10.5	5.1	서	271	6.7	1020.8	-	36	
2020-11-20 21:05:00	16.9	남	171	16.21	30.23	1.92	9.4	2.20	9.5	4.5	서	259	6.6	1020.9	-	38	
2020-11-20 21:10:00	14.1	남	175	16.18	30.28	1.91	9.8	2.39	9.5	4.3	서남서	244	6.6	1021.0	-	40	
2020-11-20 21:15:00	13.9	남남동	156	16.18	30.31	1.87	11.0	2.19	10.5	4.2	서남서	241	6.4	1021.0	-	44	
2020-11-20 21:20:00	13.9	남	173	16.19	30.25	2.23	10.8	2.87	11.0	4.3	서남서	243	6.4	1021.1	-	50	
2020-11-20 21:25:00	11.2	남남동	164	16.15	30.29	1.65	11.4	2.33	11.5	4.3	서남서	247	6.3	1021.2	-	36	
2020-11-20 21:30:00	14.0	남남동	164	16.14	30.25	2.19	10.0	2.60	8.0	5.0	서남서	246	6.1	1021.3	-	42	
2020-11-20 21:35:00	17.8	남남동	169	16.15	30.24	2.01	10.3	2.27	9.0	4.9	서남서	244	6.3	1021.4	-	43	
2020-11-20 21:40:00	15.9	남남동	167	16.16	30.27	1.61	10.1	2.13	9.5	4.9	서남서	239	6.4	1021.5	-	29	
2020-11-20 21:45:00	12.4	남	170	16.15	30.25	2.08	10.6	2.35	10.5	5.1	남서	236	6.3	1021.5	-	43	
2020-11-20 21:50:00	15.4	남남동	163	16.13	30.25	1.80	10.0	2.31	10.0	5.1	서남서	244	6.3	1021.5	-	39	
2020-11-20 21:55:00	18.7	남남동	166	16.13	30.24	1.99	9.1	2.46	8.5	5.3	서남서	243	6.2	1021.5	-	34	
2020-11-20 22:00:00	12.3	남	171	16.13	30.30	2.20	10.0	3.11	9.5	5.1	서남서	241	6.3	1021.5	-	44	
2020-11-20 22:05:00	12.6	남남동	163	16.11	30.26	1.73	8.9	2.31	10.0	4.4	남서	234	6.2	1021.6	-	37	
2020-11-20 22:10:00	13.7	남남동	164	16.07	30.28	2.18	10.2	2.53	11.0	4.3	남서	234	6.2	1021.5	-	45	
2020-11-20 22:15:00	11.5	남남동	163	16.07	30.28	2.00	9.6	3.22	10.0	3.8	서남서	240	6.3	1021.5	-	51	
2020-11-20 22:20:00	14.1	남남동	156	16.05	30.30	2.15	10.9	2.89	12.5	4.1	서남서	239	6.3	1021.6	-	40	
2020-11-20 22:25:00	13.7	남남동	165	16.08	30.26	1.85	10.3	2.78	12.0	4.3	서남서	244	6.3	1021.7	-	46	
2020-11-20 22:30:00	14.4	남	174	16.10	30.29	2.15	9.8	2.92	10.0	4.7	서남서	239	6.3	1021.8	-	48	
2020-11-20 22:35:00	10.7	남	180	16.06	30.29	2.18	10.3	2.40	10.0	4.5	서남서	240	6.3	1021.8	-	45	
2020-11-20 22:40:00	14.9	남남동	165	16.07	30.27	2.03	10.3	2.85	9.0	4.4	서남서	245	6.2	1021.8	-	55	
2020-11-20 22:45:00	14.1	남남동	168	16.03	30.29	2.58	11.0	3.36	10.0	5.0	서남서	239	6.3	1022.0	-	48	
2020-11-20 22:50:00	14.2	남남동	155	16.02	30.28	2.16	11.7	2.93	10.0	5.1	서남서	242	6.2	1022.1	-	47	
2020-11-20 22:55:00	13.5	남남동	161	16.01	30.29	2.13	10.4	3.33	10.0	5.0	서남서	245	6.0	1022.0	-	41	
2020-11-20 23:00:00	14.9	남남동	151	16.01	30.29	2.47	11.3	3.65	10.0	4.6	서남서	243	6.0	1022.0	-	45	
2020-11-20 23:05:00	12.3	남남동	161	16.00	30.25	1.75	10.4	2.43	10.5	5.0	서남서	243	6.0	1022.1	-	41	
2020-11-20 23:10:00	11.9	남남동	154	15.99	30.31	2.30	10.9	2.96	11.5	4.9	서남서	243	6.0	1022.2	-	37	
2020-11-20 23:15:00	16.1	남남동	161	15.99	30.30	2.18	10.4	3.44	10.0	4.9	서남서	242	6.0	1022.2	-	54	
2020-11-20 23:20:00	11.4	남남동	151	15.99	30.30	2.31	10.4	3.17	9.0	4.5	서남서	246	5.9	1022.3	-	48	
2020-11-20 23:25:00	8.2	남남동	159	15.96	30.30	2.11	9.9	2.79	11.5	4.6	서남서	242	5.9	1022.3	-	37	
2020-11-20 23:30:00	9.1	남남동	162	15.96	30.31	1.81	10.7	2.08	10.5	4.3	서남서	244	6.0	1022.3	-	40	
2020-11-20 23:35:00	12.7	남남동	152	15.96	30.30	2.54	10.5	3.40	10.5	4.2	서남서	245	6.0	1022.4	-	43	
2020-11-20 23:40:00	13.9	남남동	147	15.97	30.28	1.62	9.0	2.59	8.0	4.1	서남서	240	6.2	1022.5	-	39	
2020-11-20 23:45:00	7.2	남	178	15.98	30.31	2.08	10.4	2.78	10.0	4.4	서남서	243	6.3	1022.7	-	41	
2020-11-20 23:50:00	11.6	남남동	153	15.96	30.30	2.10	9.5	2.46	10.5	4.9	서남서	242	6.3	1022.9	-	34	
2020-11-20 23:55:00	11.9	남남동	158	15.95	30.28	2.28	11.1	2.65	13.5	5.0	서남서	242	6.1	1023.0	-	46	
2020-11-21 00:00:00	12.0	남남동	148	15.94	30.31	2.28	9.6	3.06	9.5	4.8	서남서	239	5.9	1022.9	-	42	
2020-11-21 00:05:00	10.3	남남동	161	15.95	30.32	1.95	10.3	2.50	10.0	4.4	서남서	242	6.0	1022.9	-	44	
2020-11-21 00:10:00	10.2	남남동	152	15.95	30.31	1.93	9.1	2.84	8.5	4.0	서남서	245	6.3	1022.9	-	39	
2020-11-21 00:15:00	7.2	남남동	154	15.93	30.28	2.05	10.7	2.56	11.0	4.1	서	266	6.5	1023.0	-	40	
2020-11-21 00:20:00	8.3	남남동	157	15.95	30.29	2.03	9.6	2.68	11.0	4.1	서	259	6.6	1023.0	-	34	
2020-11-21 00:25:00	10.2	남	182	15.96	30.32	2.00	10.1	2.46	9.0	4.3	서남서	245	6.7	1023.0	-	46	
2020-11-21 00:30:00	7.0	남남동	165	15.94	30.30	2.02	10.5	2.79	12.5	5.4	서남서	240	6.1	1023.2	-	51	
2020-11-21 00:35:00	8.2	남남동	158	15.93	30.32	2.17	10.3	2.43	10.5	5.6	서남서	242	6.1	1023.3	-	45	
2020-11-21 00:40:00	8.9	남남동	165	15.94	30.30	2.21	10.6	3.30	10.0	4.9	서남서	249	6.0	1023.3	-	39	
2020-11-21 00:45:00	5.3	남남동	149	15.92	30.30	2.50	10.7	2.80	10.0	4.6	서남서	250	6.1	1023.3	-	38	
2020-11-21 00:50:00	7.4	남남동	160	15.95	30.32	2.29	10.5	3.58	10.5	4.6	서남서	246	6.1	1023.4	-	39	
2020-11-21 00:55:00	3.2	남서	215	15.92	30.33	2.33	10.8	2.75	10.0	4.4	서남서	243	6.2	1023.4	-	44	
2020-11-21 01:00:00	6.7	남	185	15.92	30.30	2.07	10.0	2.42	10.0	4.8	남서	236	6.0	1023.4	-	49	
2020-11-21 01:05:00	3.8	남	175	15.93	30.31	1.94	10.6	2.66	10.5	4.4	남서	236	6.0	1023.4	-	49	
2020-11-21 01:10:00	8.3	남남동	157	15.91	30.31	2.24	10.7	2.51	10.0	4.3	서남서	242	6.0	1023.4	-	31	
2020-11-21 01:15:00	7.3	남	169	15.93	30.31	2.59	10.8	3.46	11.0	4.8	서남서	249	6.1	1023.4	-	44	
2020-11-21 01:20:00	5.5	남	180	15.92	30.30	2.01	10.0	2.94	10.0	4.8	서남서	244	6.0	1023.3	-	36	
2020-11-21 01:25:00	5.3	남남서	195	15.92	30.35	2.24	11.1	2.59	10.5	4.9	서남서	244	6.1	1023.3	-	33	
2020-11-21 01:30:00	5.9	남남동	167	15.94	30.34	2.12	10.4	2.53	9.0	5.0	서남서	241	6.0	1023.4	-	48	
2020-11-21 01:35:00	2.5	동남동	111	15.90	30.32	1.76	10.4	2.61	9.5	5.1	서남서	241	5.9	1023.4	-	40	
2020-11-21 01:40:00	5.9	남남동	163	15.90	30.36	2.16	10.8	2.94	11.0	5.3	서남서	240	5.8	1023.4	-	53	
2020-11-21 01:45:00	4.8	남	186	15.93	30.31	1.83	10.8	2.08	11.0	5.9	서남서	239	5.6	1023.3	-	49	
2020-11-21 01:50:00	2.4	남남서	202	15.92	30.33	2.30	10.7	3.80	11.5	5.4	서남서	244	5.6	1023.4	-	37	
2020-11-21 01:55:00	6.7	남동	136	15.91	30.33	2.04	11.1	2.56	11.5	5.8	서남서	244	5.5	1023.5	-	39	
2020-11-21 02:00:00	5.3	남남동	167	15.90	30.32	2.12	10.4	2.31	12.0	6.0	서남서	239	5.5	1023.6	-	37	
2020-11-21 02:05:00	3.6	남	191	15.92	30.32	1.94	10.9	2.44	10.0	5.5	서남서	241	5.6	1023.5	-	43	
2020-11-21 02:10:00	4.0	남남동	157	15.92	30.32	1.74	10.8	1.95	9.0	6.1	서남서	240	5.5	1023.6	-	45	
2020-11-21 02:15:00	3.4	남남동	168	15.92	30.33	1.91	10.8	2.61	12.0	6.3	서남서	244	5.4	1023.7	-	39	
2020-11-21 02:20:00	4.9	남	181	15.92	30.33	2.49	10.8	3.05	10.0	6.4	서남서	244	5.4	1023.7	-	47	
2020-11-21 02:25:00	4.9	남남서	197	15.92	30.31	2.61	10.2	2.92	9.5	6.7	서남서	247	5.4	1023.9	-	51	
2020-11-21 02:30:00	2.3	서남서	247	15.92	30.32	2.14	11.0	2.67	10.5	6.8	서남서	245	5.3	1023.9	-	52	
2020-11-21 02:35:00	2.7	남남동	153	15.92	30.28	3.02	10.6	4.10	11.0	6.7	서남서	246	5.5	1023.9	-	45	
2020-11-21 02:40:00	2.1	남남동	149	15.89	30.31	2.40	10.5	3.13	10.5	6.3	서남서	245	5.7	1024.0	-	39	
2020-11-21 02:45:00	4.6	남남동	163	15.91	30.30	2.13	10.9	3.21	10.5	5.8	서남서	243	5.9	1024.0	-	43	
2020-11-21 02:50:00	5.7	남남동	148	15.90	30.32	2.54	11.6	3.28	11.5	5.9	서남서	247	6.1	1024.1	-	48	
2020-11-21 02:55:00	3.3	남남서	213	15.93	30.33	1.94	10.3	2.28	10.5	5.9	서남서	245	6.0	1024.1	-	35	
2020-11-21 03:00:00	4.4	남남동	158	15.93	30.28	2.10	9.8	2.50	11.0	5.9	서남서	245	6.0	1024.1	-	41	
2020-11-21 03:05:00	3.6	동남동	115	15.91	30.28	1.89	11.1	2.45	11.5	5.8	서남서	244	6.1	1024.2	-	37	
2020-11-21 03:10:00	6.1	남동	137	15.88	30.30	1.94	10.9	2.63	8.5	5.6	서남서	244	6.2	1024.2	-	39	
2020-11-21 03:15:00	5.0	남남서	193	15.91	30.29	1.85	10.1	2.00	12.0	6.2	서남서	240	6.1	1024.2	-	36	
2020-11-21 03:20:00	6.2	남	178	15.91	30.29	2.06	10.6	2.88	10.5	6.1	서남서	239	6.1	1024.1	-	51	
2020-11-21 03:25:00	4.6	남남동	166	15.88	30.31	2.48	10.9	3.50	12.0	5.4	서남서	252	6.2	1024.1	-	48	
2020-11-21 03:30:00	4.2	남동	134	15.89	30.31	2.80	11.3	3.48	11.0	5.5	서남서	241	6.2	1024.0	-	47	
2020-11-21 03:35:00	3.3	남서	223	15.91	30.32	1.98	9.9	2.54	8.5	5.5	서남서	239	6.6	1024.1	-	37	
2020-11-21 03:40:00	2.4	남남서	204	15.91	30.29	2.14	10.4	2.53	12.0	6.9	서남서	248	6.5	1024.2	-	35	
2020-11-21 03:45:00	7.0	서남서	248	15.91	30.35	1.83	9.7	2.37	10.5	6.3	서남서	248	6.5	1024.2	-	40	
2020-11-21 03:50:00	4.7	남	186	15.91	30.33	2.79	11.9	3.24	11.5	5.8	서남서	243	6.7	1024.3	-	45	
2020-11-21 03:55:00	3.8	남남서	205	15.89	30.34	2.77	10.8	3.24	11.0	6.1	남서	235	6.8	1024.3	-	45	
2020-11-21 04:00:00	2.8	동	94	15.87	30.32	2.10	10.5	2.87	10.0	6.0	서남서	244	6.8	1024.4	-	26	
2020-11-21 04:05:00	4.8	동	85	15.87	30.31	1.81	10.8	3.11	9.5	6.0	서남서	244	6.6	1024.4	-	26	
2020-11-21 04:10:00	1.1	남	171	15.88	30.32	2.14	10.6	2.60	11.5	5.7	서남서	241	6.8	1024.6	-	49	
2020-11-21 04:15:00	3.2	남남서	196	15.87	30.31	1.88	11.2	2.10	13.0	5.9	서남서	247	6.7	1024.5	-	50	
2020-11-21 04:20:00	1.4	남동	128	15.85	30.32	2.46	10.8	3.58	10.0	5.5	서남서	247	6.9	1024.5	-	44	
2020-11-21 04:25:00	5.2	동	101	15.85	30.32	2.16	9.8	2.64	9.0	5.0	서남서	241	6.7	1024.5	-	41	
2020-11-21 04:30:00	1.5	동북동	58	15.85	30.34	2.07	10.7	2.50	9.5	5.6	서남서	245	6.8	1024.5	-	43	
2020-11-21 04:35:00	3.2	남서	235	15.86	30.33	2.75	10.9	3.47	11.0	5.4	서남서	242	6.9	1024.5	-	40	
2020-11-21 04:40:00	1.0	남동	146	15.87	30.29	2.28	11.6	3.26	10.0	6.1	서남서	249	6.7	1024.5	-	58	
2020-11-21 04:45:00	1.8	북	11	15.86	30.30	2.22	10.2	2.57	10.5	5.3	서남서	248	6.6	1024.6	-	44	
2020-11-21 04:50:00	1.9	동남동	124	15.86	30.31	1.85	9.8	2.47	10.0	4.5	서남서	252	6.9	1024.6	-	47	
2020-11-21 04:55:00	2.9	남동	142	15.87	30.29	1.84	10.8	2.13	10.0	4.0	서남서	253	6.7	1024.5	-	59	
2020-11-21 05:00:00	1.8	남남동	153	15.87	30.32	1.81	9.9	2.26	10.0	3.8	서남서	256	7.0	1024.5	-	41	
2020-11-21 05:05:00	3.7	남	177	15.88	30.32	1.90	10.4	2.11	10.5	3.4	서	263	7.1	1024.5	-	46	
2020-11-21 05:10:00	2.6	남서	218	15.90	30.30	1.92	9.8	2.27	9.0	3.9	서남서	254	7.1	1024.4	-	41	
2020-11-21 05:15:00	3.0	남서	233	15.91	30.33	2.55	10.0	3.55	9.0	3.7	서남서	253	7.1	1024.4	-	48	
2020-11-21 05:20:00	1.0	북	11	15.90	30.29	2.67	10.4	3.53	10.5	4.2	서남서	258	7.2	1024.5	-	42	
2020-11-21 05:25:00	3.1	동	87	15.89	30.30	2.12	9.6	2.80	10.0	4.2	서남서	255	7.2	1024.6	-	37	
2020-11-21 05:30:00	2.7	북북동	25	15.88	30.29	2.58	10.8	2.90	9.5	3.8	서남서	254	7.5	1024.6	-	42	
2020-11-21 05:35:00	1.2	남	172	15.87	30.30	1.98	10.7	2.28	12.0	4.1	서남서	250	7.4	1024.7	-	47	
2020-11-21 05:40:00	3.0	동남동	118	15.86	30.28	1.79	9.3	2.46	11.0	4.2	서남서	254	7.2	1024.7	-	35	
2020-11-21 05:45:00	2.7	동남동	118	15.86	30.28	1.76	10.4	2.00	8.5	4.0	서남서	249	7.5	1024.8	-	53	
2020-11-21 05:50:00	4.7	남남동	153	15.86	30.31	1.93	10.8	2.27	10.0	4.0	서남서	253	7.5	1024.8	-	41	
2020-11-21 05:55:00	2.7	남남동	159	15.85	30.29	1.79	10.6	2.47	9.0	3.3	서남서	253	7.4	1024.9	-	45	
2020-11-21 06:00:00	2.4	동남동	112	15.85	30.28	2.09	9.8	2.79	9.0	2.7	서	261	7.4	1025.0	-	37	
2020-11-21 06:05:00	3.5	남	190	15.87	30.30	1.93	11.4	2.52	11.0	3.0	서	259	7.6	1025.0	-	49	
2020-11-21 06:10:00	6.1	남남서	199	15.87	30.31	1.77	9.4	2.65	9.5	3.1	서	261	7.6	1025.0	-	51	
2020-11-21 06:15:00	2.9	남	184	15.88	30.30	2.95	10.9	3.59	10.5	2.8	서	263	7.7	1025.1	-	46	
2020-11-21 06:20:00	4.3	남서	227	15.88	30.29	1.65	9.2	2.15	9.5	2.8	서남서	255	7.8	1025.2	-	47	
2020-11-21 06:25:00	4.0	남	180	15.89	30.27	1.84	9.9	2.05	9.5	3.4	서남서	248	7.8	1025.3	-	32	
2020-11-21 06:30:00	3.8	남남서	205	15.88	30.30	2.19	10.5	3.01	11.0	2.4	서남서	248	7.7	1025.4	-	53	
2020-11-21 06:35:00	4.0	남	189	15.90	30.29	1.76	9.8	2.29	9.5	2.9	서남서	256	7.8	1025.5	-	59	
2020-11-21 06:40:00	1.7	남남서	198	15.90	30.28	1.83	10.7	2.23	11.5	3.0	서남서	256	7.6	1025.5	-	47	
2020-11-21 06:45:00	3.1	서북서	284	15.90	30.29	1.73	9.9	2.13	10.0	2.8	서남서	256	7.5	1025.5	-	42	
2020-11-21 06:50:00	3.9	남남서	206	15.89	30.30	2.28	11.1	2.60	11.0	2.4	서남서	256	7.8	1025.5	-	45	
2020-11-21 06:55:00	1.4	남남동	156	15.88	30.29	1.91	9.8	2.74	10.0	2.7	서	264	7.9	1025.5	-	47	
2020-11-21 07:00:00	2.9	남동	134	15.86	30.25	2.04	9.6	2.32	11.0	2.3	서	259	8.0	1025.5	-	49	
2020-11-21 07:05:00	2.9	남남동	167	15.87	30.28	2.29	9.9	2.77	10.0	2.3	서	269	8.0	1025.4	-	54	
2020-11-21 07:10:00	0.7	북북서	333	15.87	30.25	2.59	10.7	3.54	11.0	2.8	서남서	244	8.0	1025.5	-	44	
2020-11-21 07:15:00	1.0	북서	313	15.86	30.26	1.97	10.4	2.42	10.0	3.3	서남서	246	7.9	1025.6	-	38	
2020-11-21 07:20:00	3.0	남서	226	15.85	30.24	2.06	9.9	2.64	10.5	3.2	서남서	246	7.9	1025.6	-	38	
2020-11-21 07:25:00	2.8	동북동	62	15.85	30.25	1.91	9.5	2.39	9.5	3.2	서남서	250	7.8	1025.7	-	27	
2020-11-21 07:30:00	2.0	서남서	245	15.85	30.23	2.11	9.6	3.67	9.5	3.7	서남서	248	7.6	1025.7	-	45	
2020-11-21 07:35:00	4.7	서북서	284	15.86	30.24	2.50	10.3	2.86	10.0	4.2	서남서	248	7.4	1025.8	-	42	
2020-11-21 07:40:00	-	-	-	-	-	0.00	0.0	0.00	0.0	4.9	서남서	247	7.4	1025.8	-	0	
2020-11-21 07:45:00	2.1	북동	35	15.85	30.20	2.09	10.6	2.53	9.0	4.3	서남서	240	7.4	1025.9	-	45	
2020-11-21 07:50:00	1.5	동	85	15.82	30.22	1.97	9.7	2.33	10.0	4.0	서남서	245	7.3	1025.9	-	41	
2020-11-21 07:55:00	2.2	동남동	107	15.83	30.20	2.14	9.7	2.51	9.5	3.6	서남서	250	7.4	1025.8	-	50	
2020-11-21 08:00:00	2.6	남서	227	15.82	30.24	1.98	10.1	2.34	10.5	3.4	서남서	243	7.5	1025.8	-	45	
2020-11-21 08:05:00	3.2	동	90	15.82	30.18	2.44	11.6	2.89	10.5	3.7	서남서	242	7.6	1025.9	-	50	
2020-11-21 08:10:00	3.8	동북동	59	15.82	30.21	2.56	10.6	3.07	11.5	3.8	서남서	244	7.7	1026.0	-	51	
2020-11-21 08:15:00	2.3	남	184	15.82	30.24	2.05	10.7	2.35	11.0	3.8	서남서	240	8.1	1026.0	-	45	
2020-11-21 08:20:00	2.0	북서	317	15.82	30.22	2.17	10.5	2.66	10.0	3.7	서남서	242	7.8	1026.0	-	38	
2020-11-21 08:25:00	1.3	남동	142	15.81	30.24	1.95	10.7	2.73	11.5	3.6	서남서	247	7.9	1026.0	-	48	
2020-11-21 08:30:00	3.0	북북동	27	15.82	30.25	1.73	9.8	2.05	10.0	3.8	서남서	244	8.1	1026.0	-	48	
2020-11-21 08:35:00	1.8	동북동	69	15.82	30.22	2.18	9.7	3.07	11.5	3.6	서남서	240	8.2	1026.1	-	43	
2020-11-21 08:40:00	2.1	동	83	15.83	30.24	1.79	10.2	2.52	9.5	3.5	서남서	244	8.2	1026.2	-	44	
2020-11-21 08:45:00	2.4	동남동	111	15.83	30.24	2.37	11.0	2.70	9.5	3.3	서남서	248	8.3	1026.2	-	52	
2020-11-21 08:50:00	0.4	동북동	75	15.82	30.22	2.07	10.4	2.87	9.5	3.3	서남서	251	8.3	1026.2	-	57	
2020-11-21 08:55:00	2.4	남남서	208	15.82	30.22	2.07	9.6	2.71	9.5	3.5	서남서	251	8.5	1026.2	-	53	
2020-11-21 09:00:00	2.2	남서	231	15.83	30.24	2.03	9.8	3.01	9.5	2.7	서남서	245	8.6	1026.2	-	45	
2020-11-21 09:05:00	2.5	북서	313	15.82	30.23	2.57	9.9	3.75	10.5	2.7	서남서	242	8.7	1026.3	-	46	
2020-11-21 09:10:00	0.2	남남동	149	15.83	30.21	2.47	10.3	2.98	10.0	2.7	남서	229	8.7	1026.4	-	49	
2020-11-21 09:15:00	2.4	북	7	15.83	30.22	2.14	9.8	3.26	10.5	3.2	남서	215	8.6	1026.4	-	51	
2020-11-21 09:20:00	3.6	북북서	336	15.83	30.23	1.92	9.8	2.62	9.0	2.8	남남서	210	8.4	1026.5	-	60	
2020-11-21 09:25:00	2.3	북북서	330	15.82	30.22	2.05	9.7	2.54	7.5	2.6	남서	225	8.7	1026.5	-	54	
2020-11-21 09:30:00	1.7	서북서	283	15.82	30.24	2.11	10.1	2.74	9.5	2.4	남서	225	8.9	1026.5	-	54	
2020-11-21 09:35:00	1.6	북서	305	15.83	30.23	2.03	10.1	2.39	9.5	2.5	남서	233	9.1	1026.5	-	40	
2020-11-21 09:40:00	4.3	서남서	250	15.82	30.22	2.21	9.0	2.77	10.5	2.4	남서	229	9.2	1026.5	-	51	
2020-11-21 09:45:00	5.1	북서	312	15.83	30.23	1.71	10.3	2.21	8.5	2.2	남서	230	9.4	1026.5	-	62	
2020-11-21 09:50:00	0.5	남서	231	15.82	30.24	2.53	10.4	3.08	8.0	2.2	서남서	245	9.4	1026.5	-	53	
2020-11-21 09:55:00	2.3	서남서	245	15.83	30.22	1.90	10.0	2.27	9.5	1.8	남서	230	9.4	1026.5	-	44	
2020-11-21 10:00:00	2.9	서	273	15.83	30.23	1.98	9.7	2.53	11.0	2.0	남서	228	9.4	1026.5	-	46	
2020-11-21 10:05:00	3.0	서남서	257	15.83	30.23	2.25	10.4	2.51	9.5	2.0	남서	230	9.5	1026.5	-	50	
2020-11-21 10:10:00	5.5	북서	324	15.83	30.22	1.87	9.7	2.46	10.0	2.2	남서	225	9.5	1026.5	-	42	
2020-11-21 10:15:00	1.9	북북서	326	15.83	30.23	2.12	9.8	2.64	9.0	2.1	남남서	209	9.6	1026.5	-	46	
2020-11-21 10:20:00	4.2	북서	321	15.83	30.24	2.37	10.5	2.80	9.5	2.1	남서	219	9.8	1026.5	-	50	
2020-11-21 10:25:00	3.1	서	279	15.83	30.24	1.94	9.5	2.39	11.0	1.9	서남서	242	9.9	1026.5	-	67	
2020-11-21 10:30:00	3.1	북	351	15.84	30.21	2.17	9.8	2.85	10.0	2.0	서남서	246	10.0	1026.5	-	53	
2020-11-21 10:35:00	4.3	북서	312	15.84	30.21	1.87	10.9	2.23	7.5	2.0	서남서	243	9.8	1026.5	-	45	
2020-11-21 10:40:00	2.7	북서	314	15.84	30.23	2.01	9.1	2.56	10.0	2.1	서남서	243	9.9	1026.5	-	54	
2020-11-21 10:45:00	4.6	서	280	15.83	30.19	2.16	10.3	2.72	11.5	1.3	서남서	246	9.8	1026.5	-	43	
2020-11-21 10:50:00	1.6	서	265	15.84	30.15	2.05	9.6	2.43	9.5	1.9	서	261	10.0	1026.5	-	61	
2020-11-21 10:55:00	4.4	북서	308	15.84	30.19	2.38	9.2	2.79	8.0	1.5	서	273	10.0	1026.4	-	54	
2020-11-21 11:00:00	6.9	북서	305	15.84	30.19	1.82	9.5	2.36	11.0	1.4	서남서	250	10.0	1026.4	-	50	
2020-11-21 11:05:00	4.3	북서	308	15.84	30.19	2.22	9.2	2.93	9.0	1.3	서남서	241	10.0	1026.4	-	55	
2020-11-21 11:10:00	3.8	북	351	15.84	30.16	2.18	9.1	2.78	8.5	0.8	남남서	205	10.0	1026.3	-	50	
2020-11-21 11:15:00	3.3	북북서	330	15.85	30.20	2.31	10.5	3.33	9.5	1.5	남	182	10.1	1026.2	-	56	
2020-11-21 11:20:00	3.4	북서	304	15.86	30.17	1.95	8.8	2.45	8.5	1.1	남서	228	10.0	1026.1	-	50	
2020-11-21 11:25:00	6.8	서	280	15.86	30.16	2.23	10.4	2.83	10.5	0.8	서	274	10.1	1026.0	-	46	
2020-11-21 11:30:00	8.3	서	277	15.86	30.16	2.17	10.8	2.69	10.0	0.2	서북서	298	10.2	1026.0	-	48	
2020-11-21 11:35:00	6.7	서	267	15.86	30.18	2.32	10.5	2.74	10.5	1.3	남서	224	10.2	1025.9	-	46	
2020-11-21 11:40:00	4.8	서	276	15.86	30.18	2.38	9.9	3.18	10.0	0.2	남서	224	10.1	1025.8	-	50	
2020-11-21 11:45:00	4.5	서북서	289	15.86	30.18	2.15	9.9	2.86	10.5	1.2	남서	218	10.2	1025.7	-	49	
2020-11-21 11:50:00	6.8	서북서	286	15.85	30.19	2.32	9.6	3.28	9.0	0.6	서남서	238	10.2	1025.6	-	43	
2020-11-21 11:55:00	3.9	서북서	298	15.86	30.16	2.15	9.3	2.51	10.0	1.3	서	274	10.2	1025.6	-	48	
2020-11-21 12:00:00	4.1	서북서	301	15.86	30.14	2.21	9.8	3.17	9.5	1.0	서	265	10.3	1025.6	-	42	
2020-11-21 12:05:00	4.0	서북서	282	15.86	30.14	1.98	9.7	3.11	11.0	0.9	남	175	10.4	1025.6	-	46	
2020-11-21 12:10:00	3.6	서	272	15.87	30.15	2.73	10.9	3.30	10.5	0.9	동북동	76	10.3	1025.5	-	50	
2020-11-21 12:15:00	8.9	서북서	294	15.86	30.20	2.14	10.7	3.23	11.5	0.5	남남서	199	10.3	1025.4	-	45	
2020-11-21 12:20:00	3.8	북서	313	15.86	30.17	2.04	10.1	2.44	11.5	1.8	남	185	10.3	1025.3	-	52	
2020-11-21 12:25:00	7.5	서	279	15.84	30.19	1.78	8.6	2.18	9.5	2.5	남	176	10.4	1025.2	-	55	
2020-11-21 12:30:00	8.1	서북서	296	15.85	30.16	2.40	11.3	3.17	11.5	1.6	남	186	10.2	1025.1	-	56	
2020-11-21 12:35:00	7.0	북북서	327	15.81	30.18	2.40	10.0	2.90	9.5	1.0	남남동	152	10.2	1024.9	-	56	
2020-11-21 12:40:00	7.2	북서	318	15.82	30.15	1.94	9.4	2.44	8.5	1.4	남남동	148	10.2	1024.9	-	52	
2020-11-21 12:45:00	7.2	서북서	286	15.81	30.19	1.93	9.5	2.41	9.0	2.1	남남동	166	10.3	1024.9	-	51	
2020-11-21 12:50:00	4.3	북서	309	15.82	30.17	2.16	10.4	2.77	8.0	3.4	남남동	149	10.4	1024.7	-	48	
2020-11-21 12:55:00	3.9	북서	322	15.82	30.17	2.37	10.3	3.46	11.5	2.4	동남동	120	10.3	1024.6	-	58	
2020-11-21 13:00:00	6.3	서북서	291	15.81	30.16	1.84	9.9	2.46	11.5	2.1	동남동	119	10.2	1024.6	-	49	
2020-11-21 13:05:00	5.2	서북서	282	15.81	30.14	1.97	10.5	3.56	10.0	2.8	남동	137	10.3	1024.6	-	52	
2020-11-21 13:10:00	9.9	북서	311	15.81	30.17	1.76	9.7	2.21	9.5	2.8	남남동	148	10.3	1024.5	-	64	
2020-11-21 13:15:00	6.2	서	277	15.84	30.16	1.74	9.1	2.31	9.5	3.0	남	171	10.2	1024.3	-	63	
2020-11-21 13:20:00	7.3	북서	311	15.85	30.16	2.03	10.5	2.39	10.5	2.8	남	170	10.3	1024.2	-	47	
2020-11-21 13:25:00	7.8	서북서	292	15.86	30.18	1.77	10.5	2.78	8.5	3.0	남남동	151	10.4	1024.2	-	52	
2020-11-21 13:30:00	4.3	서	280	15.85	30.16	2.18	10.4	2.98	10.5	3.6	남동	140	10.5	1024.3	-	52	
2020-11-21 13:35:00	8.5	서북서	291	15.85	30.16	2.13	9.7	2.86	9.5	4.2	남동	133	10.4	1024.3	-	51	
2020-11-21 13:40:00	7.1	서북서	290	15.85	30.18	1.86	9.5	2.38	9.5	3.9	남동	132	10.3	1024.2	-	59	
2020-11-21 13:45:00	7.4	서북서	303	15.85	30.19	1.93	8.3	2.89	8.5	4.1	남남동	150	10.4	1024.2	-	57	
2020-11-21 13:50:00	7.4	북서	310	15.84	30.18	1.89	9.3	2.42	9.0	4.1	남남동	151	10.4	1024.0	-	45	
2020-11-21 13:55:00	10.2	서북서	295	15.86	30.19	1.71	9.9	2.07	9.5	3.0	남	184	10.3	1023.9	-	46	
2020-11-21 14:00:00	7.8	북서	314	15.87	30.16	2.05	10.1	2.41	9.5	3.3	남남동	167	10.4	1023.8	-	52	
2020-11-21 14:05:00	8.6	서북서	293	15.87	30.18	1.88	9.0	2.40	8.5	4.9	남남동	158	10.5	1023.7	-	51	
2020-11-21 14:10:00	9.6	서북서	289	15.88	30.19	1.80	9.9	2.37	10.0	6.0	남동	133	10.6	1023.6	-	48	
2020-11-21 14:15:00	10.1	서북서	300	15.88	30.20	1.86	9.6	2.44	8.5	6.2	남동	130	10.7	1023.5	-	56	
2020-11-21 14:20:00	11.0	북서	305	15.87	30.17	1.78	9.7	2.29	10.5	6.1	남동	136	10.7	1023.5	-	46	
2020-11-21 14:25:00	9.9	서북서	300	15.88	30.16	2.12	10.1	2.50	10.5	5.4	남남동	155	10.7	1023.5	-	56	
2020-11-21 14:30:00	6.7	북서	312	15.88	30.18	1.79	9.8	2.59	9.0	5.4	남동	146	10.7	1023.5	-	62	
2020-11-21 14:35:00	10.4	서북서	293	15.88	30.17	1.87	9.7	2.61	8.5	5.9	남동	141	10.7	1023.5	-	57	
2020-11-21 14:40:00	12.4	북서	305	15.89	30.17	2.00	8.5	2.30	7.5	5.5	남남동	160	10.9	1023.5	-	54	
2020-11-21 14:45:00	12.2	서	280	15.89	30.17	1.65	11.0	2.02	12.5	4.3	남남서	192	10.8	1023.5	-	58	
2020-11-21 14:50:00	10.6	북서	312	15.87	30.19	1.86	9.6	2.93	9.5	4.4	남	184	10.6	1023.6	-	50	
2020-11-21 14:55:00	11.0	북서	316	15.88	30.19	1.63	9.1	2.73	10.0	4.9	남남서	194	10.7	1023.5	-	56	
2020-11-21 15:00:00	12.2	북서	309	15.88	30.18	1.58	8.8	1.96	11.0	4.9	남	179	10.6	1023.5	-	49	
2020-11-21 15:05:00	10.6	북서	313	15.88	30.20	1.81	9.7	2.17	10.0	4.3	남	187	10.6	1023.4	-	51	
2020-11-21 15:10:00	9.8	북서	310	15.87	30.15	1.38	8.9	2.16	8.0	4.9	남	173	10.7	1023.4	-	42	
2020-11-21 15:15:00	8.0	북서	318	15.88	30.19	1.90	10.6	2.35	9.5	4.5	남	180	10.7	1023.4	-	46	
2020-11-21 15:20:00	7.8	북북서	335	15.86	30.19	1.72	9.4	2.27	10.5	4.4	남	184	10.7	1023.4	-	48	
2020-11-21 15:25:00	5.9	북북서	327	15.86	30.17	1.76	10.5	2.48	10.5	4.6	남	181	10.8	1023.4	-	50	
2020-11-21 15:30:00	11.0	북서	310	15.85	30.19	1.60	9.1	2.16	9.0	4.9	남	174	10.8	1023.4	-	53	
2020-11-21 15:35:00	8.6	북서	321	15.84	30.17	1.99	9.4	2.50	8.5	4.7	남	173	10.9	1023.5	-	44	
2020-11-21 15:40:00	12.3	북북서	331	15.84	30.19	1.71	9.9	2.42	9.5	4.7	남남동	167	11.0	1023.4	-	50	
2020-11-21 15:45:00	11.4	북서	316	15.84	30.17	1.83	10.1	2.02	11.0	5.1	남남동	163	11.0	1023.4	-	50	
2020-11-21 15:50:00	9.4	서북서	297	15.85	30.16	1.78	8.8	2.18	10.0	4.7	남	174	11.1	1023.5	-	56	
2020-11-21 15:55:00	7.6	북서	313	15.84	30.19	1.75	9.5	2.52	8.5	3.7	남남동	161	11.1	1023.6	-	58	
2020-11-21 16:00:00	9.7	북서	322	15.85	30.19	1.72	9.0	2.23	8.5	3.5	남남동	159	11.0	1023.6	-	49	
2020-11-21 16:05:00	8.0	북북서	330	15.85	30.16	1.74	9.8	2.19	10.0	3.5	남남동	156	11.0	1023.7	-	60	
2020-11-21 16:10:00	7.9	북북서	332	15.85	30.19	2.06	9.9	2.99	10.0	3.8	남남동	152	10.9	1023.7	-	48	
2020-11-21 16:15:00	6.6	서북서	301	15.85	30.17	1.51	8.8	1.95	7.5	4.7	남남동	159	11.0	1023.7	-	75	
2020-11-21 16:20:00	7.6	북서	322	15.85	30.14	1.53	8.2	2.27	8.5	4.1	남남동	158	10.9	1023.9	-	54	
2020-11-21 16:25:00	9.3	서북서	303	15.85	30.16	1.33	7.9	2.07	9.5	4.5	남동	141	10.9	1023.9	-	46	
2020-11-21 16:30:00	7.3	북서	319	15.85	30.19	1.56	9.3	1.97	9.5	5.6	남남동	153	11.0	1023.8	-	55	
2020-11-21 16:35:00	9.6	북서	314	15.85	30.18	1.63	9.4	2.44	8.5	5.7	남동	143	11.1	1023.8	-	50	
2020-11-21 16:40:00	6.1	서북서	292	15.85	30.17	1.46	9.9	1.81	9.0	6.1	남동	142	11.1	1023.7	-	43	
2020-11-21 16:45:00	9.2	북서	316	15.84	30.15	1.55	9.4	2.11	11.0	6.2	남남동	152	11.2	1023.7	-	60	
2020-11-21 16:50:00	7.6	북북서	332	15.84	30.18	1.57	9.3	2.19	8.5	6.0	남남동	155	11.1	1023.7	-	57	
2020-11-21 16:55:00	10.2	서북서	299	15.85	30.20	1.61	8.8	2.29	9.0	6.1	남남동	156	11.2	1023.7	-	40	
2020-11-21 17:00:00	7.7	북북서	327	15.85	30.11	1.30	8.0	1.62	9.0	5.9	남남동	152	11.3	1023.7	-	57	
2020-11-21 17:05:00	9.4	북서	316	15.85	30.16	1.76	9.9	2.10	9.5	6.1	남남동	148	11.3	1023.7	-	53	
2020-11-21 17:10:00	4.0	북북서	341	15.85	30.17	1.58	10.0	2.04	9.5	5.6	남남동	158	11.2	1023.7	-	52	
2020-11-21 17:15:00	6.2	북북서	334	15.85	30.18	1.78	10.3	2.68	8.5	5.9	남남동	161	11.0	1023.7	-	46	
2020-11-21 17:20:00	8.4	북북서	334	15.86	30.18	1.78	8.6	2.18	8.5	5.2	남남동	161	11.2	1023.7	-	46	
2020-11-21 17:25:00	12.0	북서	307	15.84	30.17	1.67	8.6	1.91	9.0	5.4	남	170	11.1	1023.7	-	58	
2020-11-21 17:30:00	10.3	북북서	334	15.84	30.18	1.49	8.5	2.15	7.5	5.2	남	173	11.0	1023.8	-	57	
2020-11-21 17:35:00	11.0	북북서	335	15.83	30.17	1.56	10.5	1.99	7.5	5.0	남	178	11.1	1023.8	-	54	
2020-11-21 17:40:00	11.4	북북서	329	15.83	30.19	1.68	10.2	2.21	10.5	5.1	남	172	11.0	1023.8	-	45	
2020-11-21 17:45:00	9.9	북북서	346	15.83	30.15	1.45	9.7	1.86	8.5	5.1	남	181	11.0	1023.8	-	56	
2020-11-21 17:50:00	11.4	북북서	335	15.82	30.19	1.68	8.8	2.51	10.0	4.1	남	170	11.0	1023.7	-	54	
2020-11-21 17:55:00	8.4	북북서	330	15.82	30.20	1.78	9.6	2.01	9.0	4.3	남	177	11.0	1023.7	-	47	
2020-11-21 18:00:00	10.1	북북서	329	15.82	30.23	1.73	9.7	2.36	9.0	4.6	남	181	10.8	1023.6	-	52	
2020-11-21 18:05:00	9.8	북북서	332	15.83	30.23	1.78	10.1	2.84	9.5	4.5	남	178	10.7	1023.5	-	54	
2020-11-21 18:10:00	8.3	북북서	329	15.84	30.23	1.63	10.4	1.95	11.5	4.3	남	177	10.7	1023.5	-	58	
2020-11-21 18:15:00	9.4	북북서	336	15.84	30.25	1.62	9.5	2.13	10.0	4.2	남	181	10.7	1023.5	-	44	
2020-11-21 18:20:00	9.2	북북서	344	15.84	30.21	1.82	10.1	2.35	9.5	4.5	남	186	10.7	1023.6	-	61	
2020-11-21 18:25:00	11.0	북	354	15.84	30.28	1.50	9.6	2.00	9.5	4.6	남	182	10.6	1023.4	-	54	
2020-11-21 18:30:00	9.4	북북서	345	15.84	30.26	1.67	11.2	1.86	12.5	4.5	남	174	10.7	1023.2	-	51	
2020-11-21 18:35:00	10.1	북북서	337	15.85	30.28	1.87	9.9	2.23	10.5	4.8	남	173	10.7	1023.3	-	51	
2020-11-21 18:40:00	12.9	북북서	336	15.85	30.27	1.60	9.6	2.28	9.0	4.7	남	176	10.7	1023.3	-	74	
2020-11-21 18:45:00	9.4	북	354	15.86	30.26	1.53	10.1	2.06	10.5	4.2	남	184	10.7	1023.3	-	52	
2020-11-21 18:50:00	10.8	북북서	343	15.84	30.29	1.75	10.0	2.00	11.0	4.5	남	182	10.7	1023.3	-	43	
2020-11-21 18:55:00	13.4	북북서	348	15.84	30.29	1.52	9.5	1.78	9.5	4.5	남	179	10.6	1023.2	-	38	
2020-11-21 19:00:00	12.6	북	356	15.84	30.30	1.69	10.3	1.90	10.0	4.1	남	191	10.5	1023.2	-	46	
2020-11-21 19:05:00	11.7	북북서	338	15.83	30.27	1.37	10.4	1.67	10.0	3.9	남남서	199	10.5	1023.2	-	55	
2020-11-21 19:10:00	9.4	북	356	15.84	30.32	1.88	10.1	2.43	10.0	3.6	남남서	195	10.5	1023.2	-	48	
2020-11-21 19:15:00	6.7	북북서	333	15.85	30.33	1.83	10.6	2.36	11.0	3.6	남남서	199	10.4	1023.2	-	45	
2020-11-21 19:20:00	8.8	북북서	334	15.84	30.32	1.10	9.8	1.38	10.5	3.1	남남서	197	10.4	1023.0	-	49	
2020-11-21 19:25:00	11.7	북	1	15.84	30.36	1.78	9.8	2.23	9.5	3.0	남	188	10.3	1022.8	-	55	
2020-11-21 19:30:00	9.1	북북서	340	15.86	30.35	1.36	9.4	1.67	9.0	2.6	남	189	10.3	1022.6	-	60	
2020-11-21 19:35:00	12.0	북북서	348	15.86	30.35	1.89	10.4	2.25	8.0	2.9	남	191	10.2	1022.4	-	57	
2020-11-21 19:40:00	8.9	북북서	341	15.87	30.36	1.36	9.3	1.63	8.0	3.2	남남서	194	10.3	1022.1	-	73	
2020-11-21 19:45:00	8.6	북	350	15.87	30.36	1.56	8.8	1.83	8.0	3.3	남	185	10.4	1021.7	-	54	
2020-11-21 19:50:00	12.2	북	349	15.88	30.36	1.60	9.8	2.17	10.0	3.7	남	183	10.2	1021.7	-	52	
2020-11-21 19:55:00	10.4	북북서	348	15.88	30.37	1.77	10.1	2.55	8.0	3.3	남	191	10.2	1021.8	-	44	
2020-11-21 20:00:00	9.9	북	5	15.88	30.36	1.85	9.9	2.35	11.0	3.0	남남서	198	10.3	1022.0	-	56	
2020-11-21 20:05:00	11.4	북북서	335	15.88	30.34	1.39	9.9	1.72	11.5	3.1	남서	220	10.0	1022.4	-	64	
2020-11-21 20:10:00	8.1	북북서	342	15.88	30.36	1.71	10.8	2.13	10.0	2.1	남서	227	10.1	1022.4	-	46	
2020-11-21 20:15:00	9.2	북북서	343	15.86	30.28	1.73	9.7	2.12	8.5	2.7	서남서	249	10.0	1022.6	-	57	
2020-11-21 20:20:00	9.6	북북서	348	15.86	30.35	1.37	9.9	1.66	10.5	3.7	서	264	9.9	1023.0	-	41	
2020-11-21 20:25:00	9.8	북북서	343	15.86	30.35	1.62	10.8	2.05	10.5	3.2	서북서	286	9.4	1022.9	-	48	
2020-11-21 20:30:00	8.9	북	350	15.84	30.36	1.74	9.7	2.31	9.5	1.6	북서	311	9.4	1022.8	-	47	
2020-11-21 20:35:00	10.0	북	349	15.81	30.32	1.57	9.7	1.84	10.5	1.1	북서	316	9.7	1022.7	-	53	
2020-11-21 20:40:00	11.1	북북서	328	15.81	30.36	1.51	10.6	2.34	10.5	1.0	북서	310	9.6	1022.6	-	47	
2020-11-21 20:45:00	6.5	북	353	15.81	30.36	1.51	10.1	1.81	10.0	1.7	서북서	299	9.6	1022.6	-	66	
2020-11-21 20:50:00	9.3	북북서	340	15.81	30.38	1.26	9.3	1.69	12.0	1.5	서	278	9.5	1022.8	-	62	
2020-11-21 20:55:00	8.0	북북서	343	15.82	30.35	1.63	9.7	1.89	8.0	1.5	서	271	9.6	1022.9	-	47	
2020-11-21 21:00:00	11.0	북북서	341	15.82	30.31	2.02	11.1	2.24	12.0	1.8	남서	234	9.7	1023.0	-	57	
2020-11-21 21:05:00	9.6	북북서	340	15.82	30.32	1.80	10.9	2.65	11.5	1.4	서남서	241	9.6	1023.0	-	60	
2020-11-21 21:10:00	5.7	북	358	15.83	30.26	1.62	9.6	2.72	8.5	1.7	남서	233	9.5	1023.0	-	52	
2020-11-21 21:15:00	9.9	북북서	339	15.82	30.32	1.73	10.6	2.14	10.5	1.8	서남서	238	9.6	1023.0	-	54	
2020-11-21 21:20:00	10.5	북북서	329	15.84	30.33	1.49	8.8	2.21	10.0	2.0	남서	234	9.5	1023.1	-	56	
2020-11-21 21:25:00	10.8	북북서	340	15.83	30.34	1.49	9.8	1.90	8.0	1.9	남서	232	9.5	1023.1	-	45	
2020-11-21 21:30:00	8.2	북	356	15.84	30.34	1.75	10.7	2.32	11.0	1.0	남	188	9.5	1022.6	-	49	
2020-11-21 21:35:00	8.6	북북서	337	15.86	30.33	1.24	9.0	2.02	8.0	1.9	남서	215	9.5	1022.8	-	47	
2020-11-21 21:40:00	8.5	북북서	347	15.88	30.33	1.80	10.9	2.21	9.5	2.4	남서	226	9.6	1022.8	-	56	
2020-11-21 21:45:00	8.4	북북서	341	15.88	30.33	1.94	10.5	2.84	10.0	1.8	남서	216	9.4	1022.8	-	58	
2020-11-21 21:50:00	6.6	북북서	330	15.85	30.32	1.91	11.5	2.33	10.5	1.5	남서	227	9.4	1022.8	-	44	
2020-11-21 21:55:00	6.9	북북서	348	15.85	30.31	1.62	9.8	1.96	10.5	1.9	남서	224	9.4	1022.7	-	45	
2020-11-21 22:00:00	7.4	북북서	329	15.85	30.32	1.64	10.1	2.21	10.0	2.0	서남서	251	9.4	1022.7	-	52	
2020-11-21 22:05:00	7.8	북북서	338	15.83	30.32	1.42	9.6	1.75	11.0	2.4	서남서	250	9.5	1022.6	-	66	
2020-11-21 22:10:00	9.0	북북서	335	15.83	30.33	1.77	10.9	2.08	11.5	1.5	서남서	238	9.4	1022.5	-	52	
2020-11-21 22:15:00	5.1	북북서	343	15.83	30.32	1.55	9.6	2.36	11.0	1.5	남서	232	9.5	1022.5	-	49	
2020-11-21 22:20:00	10.4	북북서	347	15.83	30.31	1.62	9.7	2.31	9.5	1.2	남남서	208	9.4	1022.4	-	46	
2020-11-21 22:25:00	6.8	북북서	339	15.82	30.33	1.36	9.9	2.08	10.0	1.6	남서	231	9.3	1022.3	-	39	
2020-11-21 22:30:00	7.7	북	353	15.83	30.38	1.60	10.6	1.91	10.0	1.6	남서	214	9.5	1022.1	-	41	
2020-11-21 22:35:00	6.2	북북서	348	15.83	30.35	1.66	9.3	2.09	10.5	1.7	남서	219	9.6	1022.1	-	51	
2020-11-21 22:40:00	8.0	북북서	337	15.85	30.36	1.92	10.4	2.98	9.5	1.2	남남서	208	9.6	1021.8	-	52	
2020-11-21 22:45:00	8.4	북서	323	15.83	30.36	1.41	9.4	1.72	10.0	1.9	남	172	9.7	1021.5	-	45	
2020-11-21 22:50:00	5.9	북	353	15.83	30.36	1.94	10.5	2.66	12.0	2.5	남남서	192	9.9	1021.6	-	59	
2020-11-21 22:55:00	7.3	북	358	15.81	30.36	1.83	9.6	2.21	9.5	2.1	남	182	10.0	1021.5	-	51	
2020-11-21 23:00:00	7.0	북북서	348	15.80	30.34	1.94	11.3	2.22	10.0	1.6	남	188	10.1	1021.5	-	51	
2020-11-21 23:05:00	8.2	북북서	349	15.80	30.34	1.90	10.0	2.98	9.0	1.4	남	184	10.1	1021.3	-	61	
2020-11-21 23:10:00	6.2	북북서	342	15.81	30.36	1.73	10.6	2.03	10.5	1.2	남	178	10.1	1021.2	-	57	
2020-11-21 23:15:00	7.6	북	351	15.80	30.36	1.68	9.6	2.59	10.0	1.2	남남동	166	10.2	1021.0	-	51	
2020-11-21 23:20:00	8.6	북	1	15.80	30.37	1.37	9.8	1.67	11.0	1.9	남남동	164	10.2	1021.0	-	54	
2020-11-21 23:25:00	9.6	북북서	344	15.78	30.31	1.74	10.4	2.08	7.5	3.5	남남동	160	10.1	1021.0	-	64	
2020-11-21 23:30:00	7.9	북북서	337	15.78	30.36	1.69	10.2	2.19	9.0	3.0	남	171	10.0	1021.0	-	36	
2020-11-21 23:35:00	8.5	북	0	15.77	30.34	2.08	10.4	2.94	10.0	2.9	남남동	165	10.0	1020.9	-	55	
2020-11-21 23:40:00	8.0	북	350	15.77	30.34	1.56	10.0	1.82	9.5	3.0	남	177	10.2	1020.8	-	44	
2020-11-21 23:45:00	7.7	북	0	15.76	30.37	1.57	10.9	1.96	10.5	3.2	남	182	10.2	1020.8	-	59	
2020-11-21 23:50:00	7.3	북	352	15.74	30.32	1.91	11.2	2.35	10.0	2.9	남	176	10.1	1020.7	-	55	
2020-11-21 23:55:00	5.8	북북서	334	15.75	30.28	1.88	9.8	2.65	9.0	2.9	남	179	10.0	1020.6	-	54	
2020-11-22 00:00:00	5.5	북	4	15.75	30.34	1.81	9.9	2.24	10.0	2.2	남남서	197	9.9	1020.6	-	48	
2020-11-22 00:05:00	7.1	북북서	344	15.75	30.34	1.59	10.4	2.11	11.0	1.8	남	177	10.1	1020.5	-	68	
2020-11-22 00:10:00	8.7	북북동	19	15.73	30.35	1.52	9.2	1.79	8.5	2.1	남	182	10.0	1020.4	-	46	
2020-11-22 00:15:00	6.2	북북서	341	15.73	30.35	1.43	10.3	1.71	10.0	2.1	남	171	10.0	1020.3	-	40	
2020-11-22 00:20:00	6.8	북북서	342	15.73	30.31	1.66	9.4	2.08	10.0	2.2	남남동	168	10.0	1020.2	-	55	
2020-11-22 00:25:00	8.3	북북서	346	15.70	30.34	1.72	10.9	1.93	9.5	2.2	남	172	10.1	1020.2	-	47	
2020-11-22 00:30:00	8.0	북	356	15.70	30.36	1.78	10.1	2.25	8.5	2.3	남	178	10.1	1020.2	-	59	
2020-11-22 00:35:00	8.7	북	359	15.72	30.36	1.65	10.8	2.11	10.5	2.4	남	185	10.2	1020.0	-	53	
2020-11-22 00:40:00	7.7	북북서	347	15.73	30.33	1.92	10.4	2.55	8.5	2.4	남	191	10.1	1020.0	-	48	
2020-11-22 00:45:00	6.4	북	1	15.68	30.31	1.63	9.7	2.20	9.0	3.2	남남서	201	10.3	1020.1	-	51	
2020-11-22 00:50:00	6.4	북	358	15.69	30.35	1.43	9.0	1.98	10.5	2.9	남남서	196	10.5	1020.0	-	49	
2020-11-22 00:55:00	7.4	북북서	335	15.69	30.36	1.72	10.3	2.09	10.5	2.9	남남서	193	10.5	1019.9	-	32	
2020-11-22 01:00:00	9.0	북	8	15.72	30.43	1.42	9.6	1.63	10.5	3.0	남	181	10.5	1019.9	-	50	
2020-11-22 01:05:00	9.2	북북동	20	15.73	30.49	1.49	9.3	2.09	8.5	3.2	남	190	10.5	1019.8	-	56	
2020-11-22 01:10:00	10.9	북	359	15.73	30.33	1.56	9.4	2.16	7.5	3.7	남남서	198	10.8	1019.7	-	52	
2020-11-22 01:15:00	8.3	북북동	20	15.70	30.34	1.56	10.0	2.03	8.5	4.4	남남서	204	10.9	1019.5	-	69	
2020-11-22 01:20:00	8.4	북북동	22	15.70	30.38	2.07	11.1	2.60	10.5	4.6	남남서	206	11.0	1019.5	-	69	
2020-11-22 01:25:00	7.2	북북동	12	15.72	30.38	1.59	9.9	1.99	8.5	5.3	남남서	202	11.1	1019.4	-	62	
2020-11-22 01:30:00	10.1	북북동	13	15.70	30.39	1.73	10.9	2.49	10.5	5.3	남남서	204	11.3	1019.2	-	59	
2020-11-22 01:35:00	11.0	북	7	15.73	30.47	1.88	10.8	2.71	10.0	4.6	남남서	202	11.3	1019.2	-	67	
2020-11-22 01:40:00	7.5	북	9	15.74	30.40	1.38	9.3	1.70	8.5	4.4	남남서	197	11.1	1019.0	-	63	
2020-11-22 01:45:00	11.0	북북동	22	15.70	30.38	1.47	11.3	1.95	10.0	5.2	남남서	202	11.2	1018.9	-	52	
2020-11-22 01:50:00	9.0	북	3	15.71	30.43	1.67	11.3	1.87	11.0	5.0	남남서	205	11.4	1018.9	-	59	
2020-11-22 01:55:00	8.2	북북동	12	15.74	30.39	1.66	9.9	1.93	11.0	5.0	남남서	199	11.7	1018.9	-	53	
2020-11-22 02:00:00	10.3	북북동	19	15.73	30.40	1.48	9.7	1.83	9.0	4.8	남남서	202	11.6	1019.1	-	65	
2020-11-22 02:05:00	10.4	북북동	31	15.75	30.40	1.49	9.8	1.95	8.0	5.2	남남서	202	11.6	1019.1	-	44	
2020-11-22 02:10:00	12.7	북북동	16	15.74	30.46	1.28	9.3	1.76	10.5	5.3	남남서	203	11.7	1019.1	-	68	
2020-11-22 02:15:00	11.6	북북동	23	15.74	30.44	1.57	9.8	2.23	11.0	5.3	남남서	204	12.0	1019.1	-	55	
2020-11-22 02:20:00	8.5	북	5	15.73	30.52	1.65	10.1	1.92	11.0	5.8	남남서	200	11.6	1019.1	-	52	
2020-11-22 02:25:00	10.0	북	10	15.73	30.45	1.57	10.2	1.99	10.5	5.5	남남서	197	11.6	1019.1	-	56	
2020-11-22 02:30:00	7.5	북	9	15.74	30.51	1.65	9.6	2.28	8.5	5.6	남남서	205	11.6	1019.0	-	70	
2020-11-22 02:35:00	7.3	북	8	15.75	30.50	1.51	9.3	2.10	9.5	5.5	남남서	206	11.4	1019.0	-	52	
2020-11-22 02:40:00	7.8	북	7	15.75	30.46	1.59	9.9	1.89	10.5	5.1	남남서	213	11.3	1018.9	-	57	
2020-11-22 02:45:00	8.8	북북동	16	15.74	30.46	1.66	10.6	2.31	11.5	4.9	남서	222	11.3	1018.9	-	41	
2020-11-22 02:50:00	9.4	북	8	15.75	30.46	1.52	9.1	1.84	9.5	5.6	남남서	212	11.7	1018.9	-	33	
2020-11-22 02:55:00	8.8	북북동	11	15.74	30.47	1.80	9.5	2.24	9.5	5.8	남남서	212	11.8	1018.8	-	55	
2020-11-22 03:00:00	11.1	북	7	15.73	30.47	1.19	8.8	1.81	8.5	4.9	남서	221	11.8	1018.8	-	53	
2020-11-22 03:05:00	7.4	북	9	15.73	30.49	1.28	10.0	1.68	9.0	3.7	서남서	240	11.7	1018.7	-	48	
2020-11-22 03:10:00	8.8	북	3	15.72	30.46	1.73	10.5	2.38	10.5	3.4	남서	236	11.7	1018.6	-	54	
2020-11-22 03:15:00	10.9	북	9	15.70	30.47	1.60	10.8	1.96	11.0	3.8	남서	236	11.8	1018.6	-	60	
2020-11-22 03:20:00	9.8	북	4	15.69	30.49	1.85	10.1	2.39	10.5	3.0	서남서	251	11.6	1018.7	-	65	
2020-11-22 03:25:00	9.3	북북동	13	15.69	30.49	1.75	9.9	2.32	11.0	3.1	서	262	11.6	1018.8	-	63	
2020-11-22 03:30:00	9.0	북	2	15.70	30.47	1.71	9.3	2.03	10.0	3.7	서	281	11.5	1018.8	-	53	
2020-11-22 03:35:00	9.2	북	358	15.70	30.49	1.77	9.8	2.27	9.5	2.8	서	272	11.3	1018.7	-	58	
2020-11-22 03:40:00	11.3	북	2	15.69	30.48	1.41	10.1	1.74	9.5	2.2	서북서	288	10.9	1018.5	-	52	
2020-11-22 03:45:00	11.2	북	3	15.69	30.49	1.67	9.2	2.08	9.0	2.4	서북서	285	11.0	1018.6	-	55	
2020-11-22 03:50:00	10.1	북	0	15.69	30.49	1.65	10.1	2.76	10.0	2.1	서북서	289	11.0	1018.6	-	61	
2020-11-22 03:55:00	10.3	북	354	15.70	30.50	1.31	9.8	1.93	9.0	2.1	서북서	298	11.0	1018.5	-	61	
2020-11-22 04:00:00	9.4	북북서	348	15.71	30.49	1.47	9.8	1.80	9.0	1.9	서	278	11.1	1018.5	-	61	
2020-11-22 04:05:00	7.5	북북서	342	15.71	30.51	1.43	10.3	1.84	9.0	1.6	서	260	11.1	1018.5	-	54	
2020-11-22 04:10:00	8.4	북	353	15.72	30.52	2.16	10.9	2.69	9.5	2.1	서남서	242	11.6	1018.4	-	55	
2020-11-22 04:15:00	10.6	북	6	15.71	30.51	1.14	9.6	1.63	11.0	1.9	서남서	252	11.7	1018.2	-	44	
2020-11-22 04:20:00	8.3	북	357	15.71	30.51	1.35	9.3	1.66	9.0	3.0	서남서	244	11.9	1018.2	-	59	
2020-11-22 04:25:00	8.0	북	3	15.72	30.52	1.52	10.8	1.96	10.0	3.3	서남서	250	12.1	1018.2	-	53	
2020-11-22 04:30:00	9.7	북북동	12	15.71	30.51	1.33	9.1	1.68	8.0	3.5	서	259	12.1	1018.2	-	46	
2020-11-22 04:35:00	6.7	북	7	15.71	30.52	1.69	9.5	2.16	10.0	3.1	서남서	240	12.1	1018.2	-	60	
2020-11-22 04:40:00	8.5	북	7	15.70	30.50	1.32	9.6	1.68	10.0	3.7	서남서	253	12.0	1018.2	-	61	
2020-11-22 04:45:00	9.5	북	359	15.69	30.51	1.45	9.6	2.23	8.5	4.0	서남서	241	12.0	1018.0	-	59	
2020-11-22 04:50:00	9.0	북	2	15.68	30.49	1.56	8.9	2.08	9.5	2.9	서남서	250	11.9	1017.9	-	61	
2020-11-22 04:55:00	9.5	북북서	346	15.67	30.51	1.20	9.2	1.45	9.0	2.2	서남서	249	12.0	1017.7	-	47	
2020-11-22 05:00:00	6.8	북	356	15.65	30.53	1.46	10.4	2.34	10.0	3.7	서남서	240	12.1	1017.7	-	45	
2020-11-22 05:05:00	7.2	북서	325	15.65	30.53	1.52	10.5	1.81	10.5	4.0	서남서	246	12.1	1017.9	-	56	
2020-11-22 05:10:00	8.2	북	5	15.63	30.51	1.59	10.4	2.19	8.5	4.2	서남서	249	12.1	1017.9	-	60	
2020-11-22 05:15:00	6.9	북	9	15.61	30.53	1.29	9.5	1.68	10.0	4.4	서남서	250	12.1	1018.0	-	62	
2020-11-22 05:20:00	7.4	북	10	15.62	30.54	1.13	9.3	1.64	9.5	4.2	서남서	252	12.0	1018.0	-	46	
2020-11-22 05:25:00	7.6	북	2	15.62	30.54	1.40	9.4	1.78	9.0	3.7	서남서	249	12.0	1018.0	-	62	
2020-11-22 05:30:00	9.1	북북동	22	15.61	30.54	1.52	8.9	1.83	9.0	3.5	서	267	11.9	1018.0	-	69	
2020-11-22 05:35:00	7.2	북북동	13	15.60	30.54	1.41	9.8	1.98	10.0	3.2	서남서	248	11.8	1018.0	-	51	
2020-11-22 05:40:00	6.9	북북동	19	15.61	30.55	1.33	9.3	1.58	9.5	3.5	서남서	251	11.8	1018.0	-	54	
2020-11-22 05:45:00	6.5	북	2	15.61	30.55	1.60	9.7	2.45	10.5	3.3	서남서	248	11.9	1018.1	-	55	
2020-11-22 05:50:00	8.7	북	3	15.60	30.56	1.62	10.4	1.97	11.5	3.7	서남서	246	11.8	1018.2	-	55	
2020-11-22 05:55:00	8.5	북	1	15.57	30.53	1.31	8.9	1.89	7.0	3.1	서	260	11.9	1018.1	-	63	
2020-11-22 06:00:00	9.0	북	360	15.54	30.56	1.57	10.1	2.07	10.0	1.6	서	262	11.8	1018.1	-	62	
2020-11-22 06:05:00	8.1	북북서	346	15.56	30.56	1.36	9.3	1.66	10.0	2.0	서	260	11.8	1018.0	-	41	
2020-11-22 06:10:00	6.3	북	1	15.59	30.56	1.23	9.0	1.87	9.5	2.0	서남서	256	11.8	1018.0	-	55	
2020-11-22 06:15:00	9.6	북북서	337	15.61	30.63	1.44	9.7	1.82	9.0	3.0	서	260	11.7	1017.9	-	50	
2020-11-22 06:20:00	7.7	북	351	15.64	30.58	1.69	9.8	2.43	10.5	2.8	서남서	241	11.7	1017.9	-	62	
2020-11-22 06:25:00	9.3	북	355	15.63	30.60	1.46	9.8	1.98	10.5	4.1	서남서	242	11.8	1018.0	-	59	
2020-11-22 06:30:00	7.6	북북서	343	15.62	30.59	1.37	9.5	1.72	10.0	4.2	남서	235	11.8	1018.0	-	60	
2020-11-22 06:35:00	7.2	북	9	15.59	30.55	1.63	9.9	1.97	8.5	2.8	남서	222	11.7	1018.1	-	61	
2020-11-22 06:40:00	7.8	북북서	345	15.59	30.58	1.30	9.8	1.40	10.5	4.0	남서	230	11.7	1018.1	-	52	
2020-11-22 06:45:00	5.2	북	8	15.57	30.60	1.81	9.8	2.61	9.0	3.4	남서	230	11.7	1018.0	-	55	
2020-11-22 06:50:00	7.7	북	353	15.60	30.60	1.43	9.8	2.13	9.5	4.2	남서	224	11.7	1018.0	-	50	
2020-11-22 06:55:00	8.1	북북서	348	15.60	30.60	1.36	8.5	1.74	9.5	3.2	남서	220	11.7	1018.0	-	57	
2020-11-22 07:00:00	10.0	북	352	15.62	30.57	1.35	9.5	1.76	8.5	3.7	서남서	237	11.7	1018.1	-	70	
2020-11-22 07:05:00	9.2	북북서	348	15.62	30.58	1.16	9.2	1.51	9.0	3.4	남서	226	11.8	1018.1	-	56	
2020-11-22 07:10:00	6.2	북북서	334	15.61	30.56	1.24	9.6	1.67	10.0	3.5	남서	230	11.7	1018.0	-	61	
2020-11-22 07:15:00	6.9	북북서	340	15.61	30.54	1.29	9.7	1.57	11.0	3.6	남서	235	11.7	1018.1	-	50	
2020-11-22 07:20:00	6.6	북북서	347	15.60	30.55	1.04	8.4	1.33	8.0	3.5	서남서	237	11.6	1018.1	-	37	
2020-11-22 07:25:00	6.8	북	4	15.57	30.54	1.42	9.7	1.86	10.5	3.6	남서	226	11.5	1018.1	-	48	
2020-11-22 07:30:00	8.0	북	0	15.57	30.55	1.22	9.4	1.56	8.5	3.5	남서	226	11.5	1018.1	-	55	
2020-11-22 07:35:00	5.8	북북서	341	15.57	30.56	1.18	9.6	1.60	9.0	4.2	남서	228	11.5	1018.3	-	72	
2020-11-22 07:40:00	7.3	북북서	343	15.57	30.55	1.49	9.1	2.02	10.0	4.1	남서	232	11.5	1018.3	-	46	
2020-11-22 07:45:00	8.2	북북서	347	15.57	30.58	1.32	9.8	2.05	9.5	3.9	남서	236	11.5	1018.3	-	61	
2020-11-22 07:50:00	7.7	북북서	336	15.58	30.59	1.51	9.5	1.85	8.5	2.7	남서	226	11.5	1018.4	-	53	
2020-11-22 07:55:00	6.6	북	352	15.59	30.57	1.47	9.9	1.87	8.5	3.7	남서	229	11.5	1018.4	-	77	
2020-11-22 08:00:00	8.4	북북서	334	15.59	30.60	1.40	9.4	1.67	10.0	4.0	남서	233	11.5	1018.4	-	55	
2020-11-22 08:05:00	10.6	북	349	15.60	30.57	1.14	9.4	1.67	8.5	3.9	남서	232	11.4	1018.4	-	73	
2020-11-22 08:10:00	7.5	북북서	341	15.58	30.56	1.44	9.2	1.74	9.0	2.9	남서	226	11.3	1018.4	-	56	
2020-11-22 08:15:00	9.7	북북서	336	15.59	30.56	1.58	9.3	2.28	9.0	3.3	남서	230	11.3	1018.4	-	59	
2020-11-22 08:20:00	8.3	북	350	15.59	30.57	1.61	8.9	1.91	8.5	3.6	남서	233	11.3	1018.5	-	62	
2020-11-22 08:25:00	8.4	북북서	332	15.60	30.57	1.19	8.5	1.58	8.0	3.4	남서	224	11.3	1018.5	-	55	
2020-11-22 08:30:00	7.0	북북서	340	15.59	30.56	1.16	8.7	1.39	9.5	3.7	남서	217	11.3	1018.4	-	57	
2020-11-22 08:35:00	8.0	북북서	338	15.58	30.56	1.41	8.5	1.68	10.0	3.6	남서	221	11.2	1018.3	-	49	
2020-11-22 08:40:00	6.3	북북서	337	15.57	30.56	1.13	9.5	1.66	10.0	4.5	남서	228	11.2	1018.5	-	72	
2020-11-22 08:45:00	7.6	북북서	334	15.56	30.54	1.49	9.8	1.85	9.5	4.0	남서	226	11.2	1018.5	-	63	
2020-11-22 08:50:00	8.7	북	355	15.55	30.56	1.43	9.3	1.90	10.0	3.6	남서	224	11.1	1018.4	-	68	
2020-11-22 08:55:00	12.1	북북서	327	15.56	30.56	1.57	10.5	2.09	9.5	2.8	남서	232	11.1	1018.3	-	64	
2020-11-22 09:00:00	11.3	북북서	329	15.57	30.53	1.48	8.3	2.47	8.5	3.0	서남서	240	11.1	1018.2	-	57	
2020-11-22 09:05:00	9.4	북서	322	15.57	30.53	1.30	10.0	1.82	9.0	2.9	남서	235	11.1	1018.1	-	66	
2020-11-22 09:10:00	12.1	북서	326	15.56	30.54	1.64	9.7	2.04	9.0	2.7	서남서	241	11.1	1018.1	-	54	
2020-11-22 09:15:00	10.0	북서	316	15.57	30.56	1.19	8.7	2.06	7.5	3.1	서남서	239	11.1	1018.0	-	57	
2020-11-22 09:20:00	10.9	북북서	333	15.55	30.54	1.50	10.1	1.90	10.0	3.4	서남서	254	11.2	1018.1	-	61	
2020-11-22 09:25:00	10.0	북북서	331	15.55	30.54	1.47	9.8	1.74	9.0	3.4	서	261	11.3	1018.3	-	48	
2020-11-22 09:30:00	10.0	북서	319	15.56	30.52	1.56	9.3	2.05	8.5	3.2	서남서	252	11.3	1018.3	-	59	
2020-11-22 09:35:00	8.8	북서	321	15.56	30.55	1.55	9.6	2.05	9.5	2.8	서	263	11.3	1018.3	-	52	
2020-11-22 09:40:00	11.2	북서	323	15.58	30.53	1.48	9.5	2.31	10.5	3.2	서	273	11.4	1018.5	-	57	
2020-11-22 09:45:00	10.1	북북서	330	15.58	30.54	1.21	9.1	1.78	9.5	4.1	서	270	11.4	1018.7	-	59	
2020-11-22 09:50:00	12.1	북서	326	15.58	30.50	1.12	8.7	1.61	7.5	3.4	서	271	11.3	1018.7	-	58	
2020-11-22 09:55:00	10.4	북북서	330	15.57	30.53	1.23	9.1	1.56	8.5	3.5	서	269	11.3	1018.8	-	61	
2020-11-22 10:00:00	12.0	북북서	331	15.55	30.53	1.39	8.4	1.98	9.5	3.4	서	274	11.3	1019.0	-	50	
2020-11-22 10:05:00	11.4	북북서	329	15.55	30.54	1.06	9.3	1.16	8.0	3.2	서	274	11.3	1019.1	-	69	
2020-11-22 10:10:00	8.3	북서	325	15.55	30.53	1.08	8.8	1.94	9.5	3.4	서	276	11.3	1019.2	-	57	
2020-11-22 10:15:00	9.8	북북서	329	15.55	30.52	1.58	9.9	1.99	10.0	3.1	서북서	282	11.3	1019.2	-	57	
2020-11-22 10:20:00	10.2	북북서	329	15.54	30.53	1.06	9.0	1.22	10.0	2.4	서	271	11.3	1019.0	-	57	
2020-11-22 10:25:00	10.4	북	349	15.53	30.50	1.28	9.6	1.87	9.5	1.6	서	260	11.3	1018.8	-	63	
2020-11-22 10:30:00	9.0	북북서	342	15.53	30.53	1.15	9.5	1.38	8.5	1.6	서남서	238	11.3	1018.8	-	37	
2020-11-22 10:35:00	9.8	북북서	337	15.54	30.54	1.20	9.8	1.47	9.5	1.5	서남서	249	11.4	1018.7	-	54	
2020-11-22 10:40:00	9.6	북북서	341	15.53	30.52	1.12	9.3	1.46	9.5	1.6	남서	231	11.4	1018.7	-	42	
2020-11-22 10:45:00	7.4	북북서	342	15.52	30.55	1.21	8.8	1.82	9.0	1.4	서남서	245	11.4	1018.7	-	53	
2020-11-22 10:50:00	11.0	북북서	340	15.55	30.54	1.16	9.0	1.43	7.0	1.5	서	267	11.4	1018.7	-	42	
2020-11-22 10:55:00	9.5	북북서	348	15.57	30.55	1.13	9.3	1.92	8.0	2.1	서남서	249	11.5	1018.7	-	55	
2020-11-22 11:00:00	13.8	북북서	331	15.57	30.52	1.41	8.2	1.81	8.0	2.8	서남서	254	11.5	1018.6	-	58	
2020-11-22 11:05:00	7.8	북서	325	15.57	30.54	1.57	9.3	2.01	10.0	3.0	서남서	247	11.5	1018.5	-	66	
2020-11-22 11:10:00	10.4	북북서	340	15.57	30.55	1.28	8.8	2.09	7.5	3.4	서남서	240	11.6	1018.4	-	49	
2020-11-22 11:15:00	10.1	북북서	329	15.58	30.54	1.35	9.2	1.85	9.0	3.9	서남서	252	11.5	1018.4	-	61	
2020-11-22 11:20:00	10.1	북서	322	15.57	30.53	1.23	8.8	2.61	8.5	3.5	서남서	237	11.5	1018.4	-	65	
2020-11-22 11:25:00	7.0	북북서	339	15.57	30.53	1.24	9.2	1.63	9.0	2.8	남서	233	11.6	1018.3	-	59	
2020-11-22 11:30:00	7.7	북북서	340	15.57	30.53	1.26	9.3	1.73	9.0	2.7	남서	230	11.6	1018.1	-	55	
2020-11-22 11:35:00	9.3	북서	323	15.57	30.53	1.31	9.6	1.87	9.0	2.8	서남서	242	11.6	1018.1	-	64	
2020-11-22 11:40:00	11.8	북북서	331	15.57	30.53	1.53	10.2	2.34	8.5	2.4	남서	230	11.7	1018.1	-	54	
2020-11-22 11:45:00	9.7	북서	315	15.56	30.53	1.05	9.8	1.30	9.0	3.6	남서	234	11.8	1018.1	-	48	
2020-11-22 11:50:00	13.6	북북서	331	15.56	30.49	1.28	10.3	1.62	12.5	3.8	서남서	240	11.7	1018.1	-	58	
2020-11-22 11:55:00	6.1	북서	325	15.55	30.51	1.03	9.9	1.38	8.5	4.6	남서	236	11.7	1018.0	-	50	
2020-11-22 12:00:00	10.7	북북서	344	15.56	30.51	1.39	9.5	1.67	9.5	4.8	남서	235	11.6	1017.9	-	55	
2020-11-22 12:05:00	11.4	북북서	344	15.57	30.46	1.58	9.6	1.94	8.5	4.2	남서	229	11.5	1017.8	-	49	
2020-11-22 12:10:00	11.6	북북서	329	15.57	30.52	1.40	9.3	1.89	9.5	4.3	남서	234	11.6	1017.7	-	50	
2020-11-22 12:15:00	10.5	북북서	329	15.58	30.49	1.13	8.3	1.57	8.5	5.1	서남서	242	11.5	1017.7	-	64	
2020-11-22 12:20:00	12.5	북북서	336	15.58	30.49	1.39	8.8	1.78	9.0	4.7	서남서	245	11.5	1017.7	-	65	
2020-11-22 12:25:00	12.2	북서	322	15.58	30.50	1.45	9.5	2.24	10.5	4.9	서남서	256	11.5	1017.8	-	52	
2020-11-22 12:30:00	13.3	북서	325	15.59	30.49	1.20	9.5	1.57	9.5	4.4	서남서	256	11.4	1017.9	-	67	
2020-11-22 12:35:00	12.8	북북서	330	15.59	30.47	1.16	9.3	1.46	10.5	4.3	서남서	254	11.4	1017.9	-	63	
2020-11-22 12:40:00	11.5	북서	322	15.59	30.49	1.03	8.7	1.41	8.5	4.1	서남서	255	11.4	1017.8	-	77	
2020-11-22 12:45:00	12.3	북북서	330	15.57	30.46	1.29	10.3	1.83	9.5	3.6	서	279	11.4	1017.8	-	50	
2020-11-22 12:50:00	10.9	북서	325	15.55	30.51	1.15	9.0	1.40	9.5	6.1	서북서	300	11.6	1017.7	-	55	
2020-11-22 12:55:00	9.5	북서	318	15.58	30.46	1.25	8.4	2.13	7.5	6.5	북서	304	11.6	1017.7	-	59	
2020-11-22 13:00:00	6.4	북서	308	15.59	30.49	1.45	9.9	1.76	8.5	6.2	서북서	299	11.6	1017.7	-	58	
2020-11-22 13:05:00	7.7	북북서	333	15.58	30.48	1.30	8.5	1.74	8.5	6.7	서북서	302	11.7	1017.7	-	60	
2020-11-22 13:10:00	6.8	북북서	339	15.57	30.45	1.17	8.7	1.77	10.0	6.6	서북서	287	11.7	1017.7	-	52	
2020-11-22 13:15:00	10.7	북북서	337	15.57	30.38	1.09	9.5	1.52	8.0	6.9	서북서	286	11.7	1017.5	-	62	
2020-11-22 13:20:00	5.8	북북서	336	15.59	30.40	1.06	9.0	1.24	9.5	6.5	서	271	11.6	1017.5	-	62	
2020-11-22 13:25:00	8.4	북서	318	15.59	30.47	1.21	9.1	1.48	8.5	6.6	서	281	11.5	1017.6	-	53	
2020-11-22 13:30:00	10.3	북북서	330	15.59	30.47	1.23	9.9	1.47	9.5	6.6	서	277	11.5	1017.6	-	59	
2020-11-22 13:35:00	3.6	북북서	330	15.58	30.46	1.31	8.9	1.64	9.0	6.2	서	274	11.6	1017.7	-	51	
2020-11-22 13:40:00	4.8	북북서	330	15.58	30.46	1.15	8.3	1.47	8.0	4.4	서	276	11.3	1017.9	-	58	
2020-11-22 13:45:00	8.6	북북서	327	15.57	30.49	1.10	8.8	1.64	9.0	4.1	서북서	294	10.9	1017.9	-	62	
2020-11-22 13:50:00	6.4	북서	313	15.58	30.45	1.14	9.8	1.35	10.5	7.7	북서	307	11.6	1017.8	-	57	
2020-11-22 13:55:00	4.5	북서	308	15.57	30.45	1.12	8.6	1.34	8.0	6.3	서북서	283	11.6	1017.9	-	76	
2020-11-22 14:00:00	3.1	서	276	15.57	30.45	1.09	8.5	1.80	9.5	3.9	서	264	11.1	1017.9	-	55	
2020-11-22 14:05:00	5.9	북서	325	15.57	30.44	1.26	9.5	1.57	10.0	4.6	서	264	10.9	1017.9	-	68	
2020-11-22 14:10:00	4.8	북	352	15.58	30.42	1.11	8.1	1.45	8.0	3.8	서	262	10.8	1017.9	-	50	
2020-11-22 14:15:00	3.6	북북서	345	15.57	30.40	1.09	10.0	1.31	9.5	3.8	서남서	253	10.8	1017.8	-	57	
2020-11-22 14:20:00	3.8	북	0	15.54	30.40	1.30	9.1	1.97	10.0	4.0	서남서	238	10.8	1017.7	-	63	
2020-11-22 14:25:00	7.0	북	356	15.53	30.43	1.27	9.1	1.83	8.5	2.8	서남서	249	10.8	1017.6	-	55	
2020-11-22 14:30:00	2.8	북	7	15.54	30.44	1.12	9.1	2.06	8.0	2.2	서남서	253	10.9	1017.5	-	64	
2020-11-22 14:35:00	4.6	북	2	15.55	30.44	1.17	9.3	1.66	9.0	2.2	서	264	11.1	1017.5	-	54	
2020-11-22 14:40:00	7.2	북북서	336	15.57	30.46	1.12	9.4	1.56	9.5	2.0	서북서	293	11.5	1017.5	-	57	
2020-11-22 14:45:00	7.7	북	8	15.59	30.43	1.16	8.1	1.31	9.5	2.3	남서	224	11.4	1017.5	-	71	
2020-11-22 14:50:00	6.6	북북동	20	15.59	30.43	1.29	9.0	1.68	8.5	1.3	서북서	289	11.2	1017.5	-	62	
2020-11-22 14:55:00	9.9	북북동	13	15.58	30.39	1.21	10.0	1.51	10.0	1.3	서남서	254	11.3	1017.5	-	66	
2020-11-22 15:00:00	5.2	북	350	15.58	30.45	1.27	8.6	1.66	9.0	2.9	서북서	303	11.4	1017.4	-	70	
2020-11-22 15:05:00	7.5	북북동	24	15.58	30.35	1.31	9.2	1.52	9.5	4.2	북북서	333	11.5	1017.3	-	47	
2020-11-22 15:10:00	4.0	북북동	31	15.58	30.43	1.20	8.9	1.83	9.5	4.1	북북서	328	11.4	1017.3	-	60	
2020-11-22 15:15:00	3.2	북동	47	15.58	30.42	1.31	9.5	1.63	11.0	4.6	북서	305	11.5	1017.3	-	60	
2020-11-22 15:20:00	4.7	북	6	15.60	30.43	1.22	9.6	1.38	10.0	5.3	서북서	282	11.5	1017.3	-	62	
2020-11-22 15:25:00	7.2	북	351	15.60	30.35	1.35	9.5	1.78	10.0	5.2	서북서	301	11.6	1017.3	-	47	
2020-11-22 15:30:00	3.5	북북동	19	15.59	30.43	1.09	10.0	1.77	8.5	5.5	북서	305	11.5	1017.4	-	63	
2020-11-22 15:35:00	3.6	북북서	343	15.57	30.40	1.03	8.3	1.85	8.0	5.7	북서	307	11.5	1017.4	-	51	
2020-11-22 15:40:00	4.1	북북동	33	15.56	30.40	1.50	9.5	1.76	10.5	6.3	서북서	295	11.5	1017.4	-	48	
2020-11-22 15:45:00	2.2	북동	52	15.54	30.36	1.13	9.1	1.48	8.5	6.6	서북서	285	11.5	1017.5	-	54	
2020-11-22 15:50:00	3.6	동북동	74	15.54	30.38	1.17	9.7	1.43	9.5	6.9	서북서	296	11.5	1017.4	-	59	
2020-11-22 15:55:00	2.6	북북동	31	15.53	30.41	1.30	9.6	1.71	9.0	7.5	서북서	293	11.6	1017.5	-	37	
2020-11-22 16:00:00	3.7	북동	35	15.52	30.40	1.06	8.5	1.46	7.5	7.4	서북서	298	11.6	1017.5	-	85	
2020-11-22 16:05:00	3.5	북	353	15.52	30.40	1.35	9.7	1.58	10.5	6.6	서북서	297	11.9	1017.5	-	42	
2020-11-22 16:10:00	5.1	북북동	33	15.53	30.41	1.36	9.3	1.69	9.5	7.3	서북서	296	11.9	1017.6	-	63	
2020-11-22 16:15:00	5.2	동북동	65	15.53	30.41	1.33	9.1	1.92	9.0	8.0	서북서	297	11.6	1017.6	-	70	
2020-11-22 16:20:00	2.9	동북동	57	15.53	30.41	1.63	10.2	2.02	9.5	7.5	북서	304	11.6	1017.6	-	51	
2020-11-22 16:25:00	5.8	북북동	28	15.54	30.41	1.49	10.1	1.77	9.5	7.0	북서	306	11.6	1017.7	-	56	
2020-11-22 16:30:00	4.8	북동	53	15.54	30.42	1.28	8.9	1.89	9.0	7.4	북서	308	11.6	1017.9	-	65	
2020-11-22 16:35:00	3.4	동북동	62	15.54	30.40	1.42	9.8	1.66	9.0	8.2	북서	309	11.6	1017.9	-	51	
2020-11-22 16:40:00	0.4	북북서	331	15.53	30.42	1.23	9.9	1.52	10.0	8.5	북서	305	11.6	1017.9	-	52	
2020-11-22 16:45:00	0.2	북	355	15.53	30.42	1.25	9.1	1.83	10.5	9.1	북서	306	11.4	1017.9	-	72	
2020-11-22 16:50:00	1.2	북동	38	15.54	30.44	1.11	8.8	1.79	9.5	8.5	북서	309	11.3	1017.9	-	82	
2020-11-22 16:55:00	3.9	동북동	73	15.52	30.43	1.18	9.6	1.40	10.0	9.1	북서	304	11.5	1018.0	-	55	
2020-11-22 17:00:00	2.8	동	84	15.53	30.42	1.20	8.7	1.50	8.0	8.8	서북서	297	11.4	1018.1	-	71	
2020-11-22 17:05:00	2.3	동	97	15.53	30.43	1.08	8.6	1.44	8.0	8.7	서북서	296	11.2	1018.2	-	82	
2020-11-22 17:10:00	3.5	동	92	15.53	30.44	1.38	10.0	1.74	10.0	7.9	서북서	284	11.0	1018.4	-	65	
2020-11-22 17:15:00	2.5	동남동	122	15.52	30.42	1.15	8.6	1.45	8.5	5.6	서	266	10.8	1018.5	-	67	
2020-11-22 17:20:00	5.4	동	93	15.52	30.45	1.23	9.7	1.79	10.0	4.6	서	261	10.6	1018.5	-	79	
2020-11-22 17:25:00	2.1	북서	325	15.52	30.44	1.26	9.8	1.73	10.5	5.1	서남서	252	10.4	1018.6	-	52	
2020-11-22 17:30:00	1.8	동남동	115	15.51	30.41	1.43	9.7	2.06	9.5	4.9	서	266	10.3	1018.7	-	38	
2020-11-22 17:35:00	0.7	서남서	247	15.51	30.45	1.14	9.2	1.30	10.0	5.6	서북서	290	10.2	1018.8	-	77	
2020-11-22 17:40:00	2.5	남남동	162	15.50	30.44	1.32	9.6	1.65	9.0	5.6	서북서	294	10.2	1018.9	-	53	
2020-11-22 17:45:00	2.9	동북동	66	15.49	30.41	1.30	9.2	1.43	9.5	5.0	서북서	285	10.2	1019.0	-	61	
2020-11-22 17:50:00	9.5	동남동	122	15.50	30.43	1.21	8.6	1.82	8.0	4.6	서북서	286	10.2	1019.1	-	77	
2020-11-22 17:55:00	7.4	동남동	118	15.51	30.45	1.48	9.3	1.72	10.5	3.7	서	273	10.0	1019.3	-	51	
2020-11-22 18:00:00	6.8	동남동	102	15.51	30.44	1.30	9.4	1.48	8.5	4.0	서남서	255	10.0	1019.3	-	53	
2020-11-22 18:05:00	8.5	동남동	110	15.49	30.44	1.11	8.4	1.62	10.0	3.9	서	268	9.9	1019.3	-	54	
2020-11-22 18:10:00	9.0	동	100	15.48	30.39	1.22	10.0	1.52	10.0	3.7	서남서	257	9.8	1019.4	-	60	
2020-11-22 18:15:00	9.0	동남동	107	15.47	30.39	1.07	8.7	1.76	9.0	3.2	서	266	9.7	1019.6	-	48	
2020-11-22 18:20:00	9.4	동남동	122	15.46	30.37	1.15	9.5	1.50	9.5	3.3	서	278	9.6	1019.7	-	51	
2020-11-22 18:25:00	4.3	동남동	107	15.46	30.42	1.08	9.0	1.36	8.5	3.4	서	272	9.7	1019.7	-	74	
2020-11-22 18:30:00	3.5	동남동	107	15.46	30.40	1.03	8.0	1.77	8.0	4.2	서	272	9.7	1019.8	-	61	
2020-11-22 18:35:00	2.9	동남동	104	15.47	30.38	1.18	9.7	1.34	10.0	4.4	서	262	9.6	1019.9	-	56	
2020-11-22 18:40:00	5.7	남동	140	15.46	30.41	1.27	8.5	1.88	10.0	4.5	서남서	255	9.4	1020.0	-	61	
2020-11-22 18:45:00	2.9	남남서	198	15.44	30.34	1.26	9.2	1.59	9.0	4.1	서남서	255	9.5	1020.1	-	76	
2020-11-22 18:50:00	5.3	동남동	105	15.43	30.45	1.37	9.8	2.13	9.0	4.2	서남서	257	9.5	1020.2	-	80	
2020-11-22 18:55:00	5.9	남동	140	15.42	30.46	1.20	10.1	1.45	10.0	5.1	서	280	9.5	1020.2	-	78	
2020-11-22 19:00:00	5.5	남동	125	15.42	30.40	1.08	9.2	1.52	8.5	7.2	서북서	291	9.7	1020.2	-	59	
2020-11-22 19:05:00	7.3	동	99	15.41	30.45	1.06	8.7	1.50	8.5	8.1	서북서	294	9.8	1020.2	-	65	
2020-11-22 19:10:00	3.9	동남동	102	15.42	30.45	1.10	8.7	1.45	9.0	7.2	서북서	289	9.7	1020.3	-	47	
2020-11-22 19:15:00	5.6	동	84	15.41	30.49	1.27	10.0	1.86	9.0	6.9	서북서	291	9.8	1020.4	-	71	
2020-11-22 19:20:00	6.1	남동	135	15.40	30.48	1.18	8.7	1.66	10.0	6.3	서북서	285	9.6	1020.5	-	64	
2020-11-22 19:25:00	4.6	동남동	111	15.39	30.48	1.07	8.8	1.63	10.0	5.7	서북서	286	9.7	1020.6	-	76	
2020-11-22 19:30:00	4.8	남	169	15.37	30.44	1.05	9.0	1.36	8.5	6.2	서북서	297	9.5	1020.7	-	53	
2020-11-22 19:35:00	4.0	남남동	169	15.36	30.45	0.94	9.0	1.14	9.0	4.7	서북서	296	9.5	1020.8	-	70	
2020-11-22 19:40:00	4.9	동	83	15.35	30.46	1.21	9.5	1.84	9.0	4.8	서북서	297	9.5	1020.9	-	58	
2020-11-22 19:45:00	5.4	남동	126	15.34	30.48	1.10	9.0	1.53	9.0	3.6	서	276	9.2	1020.9	-	59	
2020-11-22 19:50:00	4.3	남남동	155	15.33	30.49	0.96	8.8	1.37	9.0	3.3	서북서	286	9.2	1020.8	-	79	
2020-11-22 19:55:00	3.3	남남동	148	15.33	30.52	0.94	7.6	1.29	9.0	3.2	서	273	9.0	1020.7	-	59	
2020-11-22 20:00:00	4.9	남남동	147	15.34	30.49	1.24	9.0	1.88	10.0	3.9	서	271	9.0	1020.6	-	66	
2020-11-22 20:05:00	6.2	남남동	157	15.31	30.50	1.01	8.4	1.37	8.0	5.0	서	275	9.0	1020.6	-	61	
2020-11-22 20:10:00	5.6	남동	134	15.31	30.47	1.09	9.5	1.46	8.5	6.2	서	275	9.1	1020.6	-	67	
2020-11-22 20:15:00	5.3	남남동	162	15.33	30.53	1.28	9.0	1.58	9.0	5.1	서	265	9.0	1020.6	-	40	
2020-11-22 20:20:00	5.4	남동	138	15.33	30.51	1.25	8.9	1.53	10.0	3.3	서남서	255	8.7	1020.6	-	55	
2020-11-22 20:25:00	5.0	남동	143	15.34	30.52	1.20	8.9	1.65	8.5	3.6	서	270	8.8	1020.5	-	36	
2020-11-22 20:30:00	1.5	동남동	118	15.34	30.52	0.87	8.2	1.03	8.0	7.7	서	272	9.2	1020.4	-	85	
2020-11-22 20:35:00	6.8	남동	145	15.33	30.51	1.21	8.6	2.13	8.0	7.5	서	273	9.4	1020.3	-	34	
2020-11-22 20:40:00	4.3	남동	142	15.32	30.52	0.96	7.6	1.23	9.5	8.2	서	269	9.1	1020.2	-	55	
2020-11-22 20:45:00	6.9	남남동	148	15.30	30.51	1.11	7.4	1.57	8.5	9.8	서	269	9.4	1020.1	-	46	
2020-11-22 20:50:00	3.0	동남동	110	15.26	30.54	1.39	8.4	1.91	8.5	10.5	서	275	9.7	1020.2	-	49	
2020-11-22 20:55:00	3.3	남동	135	15.26	30.54	1.40	8.5	1.81	8.5	9.9	서	273	9.7	1020.4	-	24	
2020-11-22 21:00:00	7.7	남남동	153	15.28	30.53	1.62	8.6	2.28	8.5	7.3	서	272	9.5	1020.7	-	53	
2020-11-22 21:05:00	7.7	남남동	149	15.28	30.55	1.46	8.5	1.66	8.0	6.6	서	263	9.5	1020.6	-	42	
2020-11-22 21:10:00	7.2	남남동	169	15.29	30.45	1.26	8.4	1.83	9.5	8.0	서남서	255	9.5	1020.4	-	42	
2020-11-22 21:15:00	8.9	남남동	155	15.30	30.55	1.42	8.6	1.69	8.0	7.5	서남서	248	9.4	1020.2	-	45	
2020-11-22 21:20:00	5.5	남남동	148	15.30	30.57	1.36	8.1	1.76	8.0	7.0	남서	233	9.3	1020.2	-	29	
2020-11-22 21:25:00	3.8	남남동	156	15.32	30.56	1.40	8.4	1.86	9.0	6.4	남서	236	9.2	1020.1	-	55	
2020-11-22 21:30:00	4.4	남남동	159	15.32	30.53	1.45	8.6	2.25	10.0	4.7	서남서	244	9.2	1020.2	-	35	
2020-11-22 21:35:00	3.4	남남동	166	15.30	30.56	1.73	8.3	2.09	8.5	3.6	서남서	248	9.1	1020.3	-	41	
2020-11-22 21:40:00	5.1	남	184	15.32	30.55	1.58	8.2	1.92	7.5	3.6	서	260	9.1	1020.3	-	64	
2020-11-22 21:45:00	3.2	남	179	15.33	30.57	1.25	7.8	1.73	7.5	3.6	서남서	249	9.2	1020.3	-	37	
2020-11-22 21:50:00	2.6	남서	227	15.34	30.57	1.31	7.1	1.86	6.0	2.8	남서	226	9.0	1020.3	-	42	
2020-11-22 21:55:00	1.4	남서	216	15.34	30.55	1.66	8.8	2.27	8.5	2.9	남서	227	8.9	1020.3	-	32	
2020-11-22 22:00:00	3.2	남	190	15.34	30.56	1.71	8.3	2.39	8.5	1.6	남서	235	8.9	1020.3	-	37	
2020-11-22 22:05:00	0.6	서북서	298	15.33	30.52	1.40	8.4	2.10	7.0	1.0	남서	230	9.0	1020.4	-	45	
2020-11-22 22:10:00	3.6	남동	143	15.34	30.54	1.29	9.0	1.90	8.5	0.9	남남서	205	8.9	1020.5	-	35	
2020-11-22 22:15:00	2.3	남서	220	15.33	30.55	1.78	8.6	2.23	9.0	0.6	남남서	201	8.9	1020.6	-	37	
2020-11-22 22:20:00	3.4	남	177	15.34	30.52	1.66	7.7	2.21	8.0	1.3	서남서	239	8.9	1020.6	-	44	
2020-11-22 22:25:00	1.4	동	90	15.33	30.53	1.67	8.4	2.70	7.5	2.1	서	272	9.0	1020.5	-	18	
2020-11-22 22:30:00	0.4	북북서	338	15.33	30.56	2.00	9.0	2.61	8.5	3.4	서북서	300	9.2	1020.6	-	26	
2020-11-22 22:35:00	3.4	남남서	208	15.33	30.54	1.61	8.4	2.13	8.5	5.4	서북서	295	9.3	1020.5	-	25	
2020-11-22 22:40:00	2.4	남서	229	15.32	30.55	1.57	8.0	2.02	9.0	5.8	서북서	292	9.4	1020.5	-	24	
2020-11-22 22:45:00	7.1	남서	214	15.32	30.55	1.63	8.0	2.21	8.0	6.0	북서	307	9.4	1020.6	-	26	
2020-11-22 22:50:00	6.2	남남서	207	15.32	30.54	1.73	8.5	2.12	8.5	6.8	북서	307	9.5	1020.6	-	31	
2020-11-22 22:55:00	3.2	남서	218	15.32	30.54	1.83	8.8	2.14	8.5	7.0	서북서	300	9.3	1020.7	-	41	
2020-11-22 23:00:00	1.5	남남동	168	15.32	30.53	1.92	8.5	2.43	9.0	6.7	북서	304	9.3	1020.8	-	32	
2020-11-22 23:05:00	3.3	동	81	15.32	30.56	1.70	8.7	2.38	7.5	7.3	서북서	298	9.4	1021.0	-	54	
2020-11-22 23:10:00	3.2	남남서	194	15.31	30.54	1.59	7.6	1.87	8.5	7.1	서북서	297	9.4	1021.1	-	31	
2020-11-22 23:15:00	4.6	남	176	15.30	30.54	1.72	8.5	2.07	8.5	6.4	서북서	301	9.2	1021.2	-	24	
2020-11-22 23:20:00	2.4	남남서	196	15.30	30.55	1.79	8.9	2.38	8.0	6.4	서북서	297	9.3	1021.2	-	21	
2020-11-22 23:25:00	4.7	남남동	169	15.30	30.54	1.81	8.7	2.74	8.0	6.6	서북서	294	9.3	1021.3	-	41	
2020-11-22 23:30:00	4.8	남서	218	15.31	30.54	1.87	8.6	2.64	8.5	6.0	서북서	293	9.0	1021.4	-	57	
2020-11-22 23:35:00	4.4	남	174	15.30	30.52	1.67	8.0	2.72	8.5	5.5	서북서	285	9.0	1021.5	-	49	
2020-11-22 23:40:00	2.5	남서	224	15.30	30.55	1.71	8.5	2.30	9.0	4.8	서북서	293	8.9	1021.6	-	61	
2020-11-22 23:45:00	4.8	남남서	205	15.31	30.54	1.73	8.3	2.22	8.0	4.8	서북서	294	8.8	1021.7	-	27	
2020-11-22 23:50:00	2.7	남동	140	15.31	30.51	1.76	8.0	2.13	8.5	5.0	서북서	290	8.9	1021.7	-	36	
2020-11-22 23:55:00	4.4	남	187	15.30	30.56	1.39	7.8	1.66	8.0	5.3	서북서	287	8.9	1021.7	-	20	
2020-11-23 00:00:00	5.1	남	177	15.30	30.53	1.51	8.0	1.71	8.5	5.7	서북서	286	8.8	1021.7	-	31	
2020-11-23 00:05:00	4.4	남	178	15.29	30.55	1.83	8.4	3.13	8.5	5.7	서북서	289	8.7	1021.8	-	30	
2020-11-23 00:10:00	5.8	남남동	154	15.29	30.57	1.76	8.6	2.30	8.5	5.5	서북서	284	8.6	1021.8	-	35	
2020-11-23 00:15:00	2.5	남남서	201	15.28	30.55	2.03	8.3	2.66	7.0	5.9	서북서	289	8.5	1021.9	-	35	
2020-11-23 00:20:00	4.2	남남동	164	15.26	30.51	1.69	8.0	2.26	8.5	6.9	서북서	290	8.5	1021.9	-	42	
2020-11-23 00:25:00	6.8	남	187	15.25	30.50	2.28	8.1	3.50	8.0	7.4	서북서	292	8.6	1022.0	-	40	
2020-11-23 00:30:00	6.2	남남서	194	15.26	30.54	1.57	8.7	2.00	9.0	6.7	서북서	288	8.6	1022.1	-	40	
2020-11-23 00:35:00	6.6	남	177	15.25	30.53	1.39	8.1	2.19	8.0	6.4	서북서	289	8.5	1022.1	-	58	
2020-11-23 00:40:00	3.8	남남서	207	15.26	30.58	1.89	8.2	2.67	7.5	6.7	서북서	285	8.5	1022.1	-	29	
2020-11-23 00:45:00	6.5	남남동	152	15.26	30.55	1.75	8.3	2.33	8.5	6.8	서북서	290	8.4	1022.1	-	36	
2020-11-23 00:50:00	9.6	남	187	15.27	30.53	1.88	8.4	2.66	7.5	6.3	서북서	292	8.4	1022.1	-	49	
2020-11-23 00:55:00	8.1	남남서	192	15.28	30.53	2.26	8.3	2.78	8.0	5.5	서북서	286	8.6	1022.1	-	61	
2020-11-23 01:00:00	5.3	남	176	15.28	30.52	1.97	8.0	2.36	8.5	5.7	서북서	287	8.4	1022.1	-	45	
2020-11-23 01:05:00	7.5	남남서	209	15.27	30.52	1.67	7.9	2.50	7.5	5.9	서북서	295	8.3	1022.1	-	35	
2020-11-23 01:10:00	8.6	남남서	193	15.27	30.51	2.34	8.7	2.74	8.5	5.8	서북서	291	8.2	1022.2	-	34	
2020-11-23 01:15:00	6.3	남남서	201	15.27	30.54	2.32	8.7	3.30	8.0	5.2	서북서	287	8.3	1022.2	-	32	
2020-11-23 01:20:00	7.3	남	190	15.27	30.55	1.82	8.0	2.46	8.0	5.7	서북서	286	8.2	1022.2	-	42	
2020-11-23 01:25:00	3.9	남	176	15.24	30.56	1.58	8.8	2.35	8.5	5.6	서	276	8.2	1022.3	-	63	
2020-11-23 01:30:00	7.0	남남동	156	15.22	30.56	1.75	7.9	2.40	8.5	4.4	서	268	7.8	1022.4	-	36	
2020-11-23 01:35:00	7.4	남남동	163	15.20	30.58	1.67	8.2	2.28	8.5	3.9	서	267	7.6	1022.6	-	37	
2020-11-23 01:40:00	6.1	남남서	200	15.20	30.59	1.78	8.1	2.26	7.5	4.2	서	279	7.6	1022.7	-	51	
2020-11-23 01:45:00	6.2	남동	132	15.19	30.56	1.81	7.9	2.09	7.5	4.2	서	279	7.6	1022.7	-	41	
2020-11-23 01:50:00	5.9	남	180	15.18	30.59	1.71	7.4	2.12	7.5	3.6	서	271	7.7	1022.8	-	24	
2020-11-23 01:55:00	11.6	남동	141	15.15	30.59	1.91	8.2	2.36	8.0	3.4	서	273	7.6	1022.8	-	34	
2020-11-23 02:00:00	13.0	남남동	166	15.18	30.62	1.73	7.9	2.26	7.0	4.2	서북서	284	7.6	1022.9	-	35	
2020-11-23 02:05:00	16.1	남남동	169	15.20	30.60	2.27	8.7	2.84	8.5	4.2	서북서	287	7.7	1023.0	-	33	
2020-11-23 02:10:00	13.7	남	176	15.20	30.61	1.79	8.1	2.09	8.0	4.0	서	276	7.6	1023.1	-	48	
2020-11-23 02:15:00	12.6	남	177	15.21	30.62	1.67	7.7	1.98	7.0	4.5	서	268	7.7	1023.1	-	37	
2020-11-23 02:20:00	12.4	남남동	168	15.23	30.61	1.67	8.5	2.56	8.0	3.9	서	266	7.5	1023.2	-	52	
2020-11-23 02:25:00	11.0	남	181	15.23	30.59	1.68	8.8	2.22	8.0	3.7	서	267	7.4	1023.3	-	48	
2020-11-23 02:30:00	17.6	남	179	15.22	30.58	1.93	8.5	2.52	8.0	4.0	서	271	7.2	1023.3	-	41	
2020-11-23 02:35:00	17.4	남	184	15.22	30.59	1.66	7.6	2.52	7.5	3.9	서	275	7.1	1023.3	-	28	
2020-11-23 02:40:00	14.5	남	184	15.23	30.57	1.88	8.1	2.40	8.0	4.2	서	272	7.0	1023.3	-	32	
2020-11-23 02:45:00	10.2	남	183	15.20	30.56	2.22	8.4	2.55	8.0	4.4	서	268	7.2	1023.3	-	38	
2020-11-23 02:50:00	9.9	남	186	15.21	30.57	2.02	8.0	2.56	7.5	4.5	서	274	7.4	1023.4	-	38	
2020-11-23 02:55:00	12.4	남	187	15.23	30.55	1.75	8.5	1.97	8.5	4.2	서북서	285	7.2	1023.4	-	49	
2020-11-23 03:00:00	14.0	남	185	15.24	30.54	1.66	7.7	1.94	8.5	3.9	서	268	7.1	1023.5	-	34	
2020-11-23 03:05:00	7.0	남	174	15.22	30.56	2.02	8.5	2.61	8.0	3.6	서남서	251	6.9	1023.5	-	56	
2020-11-23 03:10:00	10.8	남	187	15.23	30.54	1.67	7.5	2.26	7.0	3.2	서남서	257	6.7	1023.6	-	45	
2020-11-23 03:15:00	8.6	남	190	15.22	30.52	1.51	7.3	2.01	7.0	3.1	서남서	250	6.5	1023.6	-	22	
2020-11-23 03:20:00	12.3	남	190	15.23	30.50	2.28	8.3	3.17	8.0	3.4	서남서	254	6.5	1023.5	-	50	
2020-11-23 03:25:00	8.1	남남서	199	15.21	30.49	1.45	7.0	1.82	7.5	3.5	서남서	248	6.2	1023.5	-	72	
2020-11-23 03:30:00	12.3	남남서	209	15.21	30.50	2.18	8.4	2.68	8.5	3.4	서남서	244	6.2	1023.6	-	44	
2020-11-23 03:35:00	10.5	남	183	15.21	30.53	1.74	8.0	2.18	7.5	3.7	서남서	250	6.2	1023.7	-	44	
2020-11-23 03:40:00	5.3	남남서	192	15.19	30.51	2.02	7.8	2.94	7.5	4.1	남서	233	6.2	1023.7	-	43	
2020-11-23 03:45:00	3.2	남	185	15.21	30.42	2.00	7.6	3.36	8.0	4.6	서남서	246	6.1	1023.7	-	25	
2020-11-23 03:50:00	8.6	남남서	196	15.20	30.51	1.97	8.1	2.58	8.5	4.7	서남서	247	6.1	1023.7	-	34	
2020-11-23 03:55:00	7.8	남	178	15.20	30.50	1.78	7.5	2.07	9.0	4.3	서남서	249	5.9	1023.7	-	34	
2020-11-23 04:00:00	5.1	남	181	15.20	30.51	1.80	8.2	2.56	8.0	4.5	서남서	250	5.8	1023.6	-	42	
2020-11-23 04:05:00	7.4	남서	218	15.20	30.46	1.55	7.4	1.97	8.0	4.5	서남서	253	5.8	1023.7	-	31	
2020-11-23 04:10:00	4.2	남	180	15.20	30.52	1.93	7.1	2.87	7.5	4.2	서남서	241	5.8	1023.7	-	16	
2020-11-23 04:15:00	4.3	남	188	15.18	30.51	2.00	8.5	2.75	8.5	4.5	서남서	243	5.8	1023.6	-	42	
2020-11-23 04:20:00	9.4	남남서	192	15.19	30.50	1.89	8.3	2.40	9.0	4.4	서남서	252	5.8	1023.7	-	45	
2020-11-23 04:25:00	7.6	남남동	168	15.19	30.51	2.01	8.2	3.08	7.0	4.6	남서	234	5.9	1023.7	-	39	
2020-11-23 04:30:00	4.1	서	270	15.18	30.47	1.70	8.0	2.30	7.0	4.6	남서	235	5.8	1023.6	-	42	
2020-11-23 04:35:00	8.1	남서	219	15.19	30.52	1.84	7.4	2.72	8.0	4.3	서남서	237	5.7	1023.7	-	30	
2020-11-23 04:40:00	9.3	남남서	205	15.18	30.51	1.94	7.7	2.95	7.5	4.8	남서	232	5.8	1023.6	-	46	
2020-11-23 04:45:00	7.4	남남서	205	15.18	30.49	2.00	8.2	3.13	7.0	4.7	남서	229	5.6	1023.5	-	40	
2020-11-23 04:50:00	4.2	남남서	201	15.19	30.51	2.04	7.9	2.65	8.0	5.1	남서	235	5.6	1023.6	-	52	
2020-11-23 04:55:00	3.3	남남서	204	15.18	30.47	1.76	7.7	2.38	8.0	4.9	남서	236	5.7	1023.6	-	24	
2020-11-23 05:00:00	2.9	남남서	195	15.17	30.50	2.15	8.4	2.82	8.0	5.3	남서	233	5.7	1023.6	-	46	
2020-11-23 05:05:00	2.9	남서	227	15.16	30.47	1.66	6.7	2.29	7.5	5.1	남서	233	5.5	1023.6	-	30	
2020-11-23 05:10:00	5.5	남남서	203	15.16	30.51	1.67	7.6	2.24	7.0	5.0	남서	235	5.5	1023.5	-	35	
2020-11-23 05:15:00	4.7	서	260	15.17	30.50	2.05	8.0	2.52	9.5	4.8	남서	233	5.3	1023.6	-	56	
2020-11-23 05:20:00	5.9	남	187	15.18	30.52	1.62	7.7	2.08	7.0	5.2	남서	229	5.5	1023.6	-	58	
2020-11-23 05:25:00	3.5	남서	234	15.16	30.51	1.80	7.0	3.10	7.0	5.4	남서	233	5.4	1023.6	-	38	
2020-11-23 05:30:00	4.4	남남서	211	15.17	30.52	1.59	7.5	2.29	7.0	4.9	서남서	238	5.6	1023.6	-	49	
2020-11-23 05:35:00	2.6	서남서	237	15.17	30.49	1.49	7.1	2.34	6.5	5.0	서남서	237	5.5	1023.7	-	44	
2020-11-23 05:40:00	1.2	남동	139	15.16	30.50	1.66	7.5	2.51	10.0	4.6	서남서	237	5.5	1023.8	-	50	
2020-11-23 05:45:00	4.0	남남서	203	15.17	30.53	1.44	7.5	1.90	7.5	4.7	서남서	240	5.6	1023.8	-	17	
2020-11-23 05:50:00	2.7	남남서	213	15.17	30.52	1.61	7.2	2.41	7.5	5.1	서남서	241	5.5	1023.8	-	42	
2020-11-23 05:55:00	2.1	남남동	156	15.17	30.50	1.68	7.9	2.07	8.0	5.0	서남서	242	5.5	1023.8	-	47	
2020-11-23 06:00:00	5.0	남	183	15.17	30.53	1.49	7.3	2.00	7.5	4.8	서남서	242	5.4	1023.9	-	50	
2020-11-23 06:05:00	2.4	남남동	166	15.16	30.52	1.63	8.1	2.51	8.0	5.5	남서	236	5.4	1024.0	-	40	
2020-11-23 06:10:00	2.9	동남동	110	15.15	30.54	2.10	7.8	2.51	7.5	5.7	서남서	237	5.5	1024.0	-	37	
2020-11-23 06:15:00	3.1	남서	217	15.15	30.52	1.64	7.0	2.42	7.0	5.6	서남서	240	5.4	1024.1	-	27	
2020-11-23 06:20:00	1.6	북서	312	15.14	30.58	1.60	7.1	2.09	7.0	5.8	서남서	237	5.6	1024.1	-	28	
2020-11-23 06:25:00	2.5	동북동	61	15.11	30.49	1.63	7.9	2.04	7.0	6.1	서남서	237	5.5	1024.1	-	40	
2020-11-23 06:30:00	1.6	남동	145	15.10	30.54	1.83	7.5	2.66	7.5	5.2	남서	233	5.6	1024.1	-	23	
2020-11-23 06:35:00	2.2	동	93	15.11	30.51	1.53	7.6	2.24	8.0	5.4	남서	235	5.4	1024.1	-	41	
2020-11-23 06:40:00	1.7	남남동	162	15.10	30.49	1.53	7.0	2.17	7.5	5.6	남서	236	5.4	1024.2	-	69	
2020-11-23 06:45:00	1.9	북북동	14	15.10	30.48	1.85	8.6	2.17	8.5	5.8	남서	236	5.3	1024.1	-	44	
2020-11-23 06:50:00	0.8	동북동	78	15.10	30.54	1.57	7.8	1.99	7.0	6.1	서남서	239	5.2	1024.1	-	24	
2020-11-23 06:55:00	3.3	남	181	15.08	30.52	1.46	7.0	2.39	7.0	5.9	서남서	238	5.4	1024.1	-	42	
2020-11-23 07:00:00	5.5	남	177	15.09	30.53	1.67	7.7	2.31	6.5	5.8	서남서	238	5.4	1024.1	-	8	
2020-11-23 07:05:00	5.0	남동	127	15.06	30.48	1.46	7.2	1.97	7.0	6.3	남서	236	5.4	1024.1	-	34	
2020-11-23 07:10:00	2.7	남남동	158	15.07	30.51	1.56	7.3	2.61	7.5	6.2	남서	231	5.3	1024.1	-	25	
2020-11-23 07:15:00	6.1	남동	146	15.08	30.49	1.59	6.8	2.05	5.5	5.3	남서	236	5.4	1024.2	-	36	
2020-11-23 07:20:00	6.5	남남서	207	15.10	30.49	1.58	7.3	1.90	8.5	6.3	서남서	237	5.4	1024.3	-	49	
2020-11-23 07:25:00	3.2	남남서	208	15.12	30.49	1.73	8.0	1.96	8.0	6.2	남서	236	5.3	1024.4	-	52	
2020-11-23 07:30:00	3.1	남남서	197	15.12	30.52	1.54	6.7	2.23	7.0	6.3	남서	235	5.4	1024.4	-	60	
2020-11-23 07:35:00	2.9	남남서	199	15.11	30.51	1.85	8.0	2.69	7.0	7.0	남서	230	5.5	1024.4	-	56	
2020-11-23 07:40:00	8.2	남남동	163	15.08	30.49	1.85	7.2	2.42	6.5	6.9	남서	234	5.4	1024.5	-	22	
2020-11-23 07:45:00	11.4	남동	134	15.03	30.49	1.64	7.9	2.02	6.5	6.8	남서	228	5.6	1024.5	-	32	
2020-11-23 07:50:00	9.0	남	176	15.04	30.52	1.63	7.5	3.48	7.0	7.2	남서	235	5.3	1024.5	-	30	
2020-11-23 07:55:00	10.1	남남동	151	15.04	30.54	1.69	7.8	2.17	7.5	6.6	남서	231	5.3	1024.6	-	42	
2020-11-23 08:00:00	11.1	남남동	157	15.05	30.52	1.79	8.2	2.34	8.5	6.7	남서	233	5.3	1024.6	-	36	
2020-11-23 08:05:00	11.9	남동	139	15.04	30.47	1.61	7.2	2.06	7.5	7.1	남서	227	5.4	1024.6	-	42	
2020-11-23 08:10:00	11.2	남남동	147	15.02	30.49	1.53	7.2	2.12	7.5	7.4	남서	229	5.4	1024.7	-	55	
2020-11-23 08:15:00	13.9	남동	143	15.02	30.51	1.62	7.6	2.10	8.0	6.7	남서	226	5.6	1024.7	-	47	
2020-11-23 08:20:00	13.4	남동	139	15.02	30.52	1.67	7.5	2.11	7.0	7.2	남서	220	5.6	1024.7	-	28	
2020-11-23 08:25:00	15.0	남동	132	15.03	30.53	1.75	7.6	2.40	8.0	6.5	남서	225	5.6	1024.8	-	49	
2020-11-23 08:30:00	12.1	남동	143	15.02	30.47	1.58	7.5	2.27	7.0	6.3	남서	226	5.8	1024.7	-	43	
2020-11-23 08:35:00	14.0	남동	140	15.03	30.50	1.53	7.5	1.94	7.5	6.5	남서	228	6.0	1024.8	-	55	
2020-11-23 08:40:00	14.6	동남동	122	15.03	30.49	1.84	7.8	2.56	7.5	6.1	남서	230	6.2	1024.8	-	51	
2020-11-23 08:45:00	11.4	남동	132	15.03	30.50	1.67	7.5	2.13	7.0	7.0	남서	233	6.3	1024.8	-	31	
2020-11-23 08:50:00	17.1	동남동	123	15.03	30.50	1.49	7.9	1.70	8.0	7.0	남서	235	6.2	1024.8	-	42	
2020-11-23 08:55:00	13.7	남동	135	15.03	30.49	1.62	7.3	2.36	7.0	6.9	남서	233	6.3	1024.8	-	38	
2020-11-23 09:00:00	15.9	동남동	121	15.04	30.46	1.75	7.5	2.34	7.5	6.8	서남서	239	6.4	1024.8	-	37	
2020-11-23 09:05:00	14.5	남동	131	15.04	30.47	1.51	7.1	2.04	8.5	6.4	남서	236	6.4	1024.8	-	40	
2020-11-23 09:10:00	14.1	남동	135	15.05	30.47	1.49	8.2	1.98	7.5	5.9	남서	236	6.5	1024.7	-	36	
2020-11-23 09:15:00	10.7	남동	139	15.05	30.43	1.43	7.6	1.71	6.5	5.9	남서	227	6.6	1024.7	-	27	
2020-11-23 09:20:00	15.4	남동	129	15.04	30.47	1.71	7.5	2.19	7.5	5.5	남서	221	6.7	1024.8	-	54	
2020-11-23 09:25:00	16.5	남동	132	15.04	30.47	1.38	7.5	1.62	7.5	5.5	남서	226	6.9	1024.7	-	42	
2020-11-23 09:30:00	11.4	남동	138	15.04	30.47	1.56	7.4	1.79	7.0	5.5	남서	234	7.0	1024.7	-	41	
2020-11-23 09:35:00	14.8	남동	135	15.05	30.46	1.54	7.2	2.46	8.0	5.5	남서	235	7.0	1024.7	-	29	
2020-11-23 09:40:00	9.2	남동	141	15.04	30.47	1.55	7.6	2.16	7.0	4.7	남서	233	7.2	1024.7	-	36	
2020-11-23 09:45:00	13.5	남동	130	15.04	30.47	1.64	7.5	2.27	7.0	5.1	남서	233	7.3	1024.7	-	55	
2020-11-23 09:50:00	13.3	남동	133	15.04	30.47	1.82	7.6	2.36	7.0	5.0	남서	235	7.4	1024.7	-	43	
2020-11-23 09:55:00	13.2	남동	142	15.04	30.47	1.37	6.9	2.05	6.5	4.5	남서	232	7.4	1024.8	-	23	
2020-11-23 10:00:00	14.4	남동	131	15.04	30.47	1.78	7.8	2.19	7.5	4.1	남서	229	7.4	1024.8	-	51	
2020-11-23 10:05:00	12.7	남동	133	15.04	30.47	1.38	7.2	1.66	8.5	3.6	남서	232	7.2	1024.7	-	58	
2020-11-23 10:10:00	12.9	동남동	122	15.04	30.50	1.34	7.7	1.74	6.0	3.4	남서	228	7.6	1024.5	-	45	
2020-11-23 10:15:00	15.7	남동	128	15.05	30.50	1.46	7.6	1.72	6.5	2.6	남서	236	7.9	1024.6	-	57	
2020-11-23 10:20:00	10.4	남동	125	15.05	30.48	1.70	8.2	2.70	7.5	2.7	남서	232	8.0	1024.5	-	49	
2020-11-23 10:25:00	13.2	남동	139	15.05	30.49	1.38	7.4	1.84	6.0	2.2	남서	217	8.1	1024.5	-	57	
2020-11-23 10:30:00	10.2	남남동	152	15.06	30.48	1.68	7.4	2.79	8.0	2.5	남서	220	8.1	1024.4	-	42	
2020-11-23 10:35:00	11.4	남동	141	15.06	30.49	1.56	7.8	1.91	7.5	2.0	서남서	239	8.0	1024.5	-	35	
2020-11-23 10:40:00	11.8	남남동	148	15.07	30.47	1.41	7.5	1.94	8.0	0.9	서남서	245	8.1	1024.5	-	35	
2020-11-23 10:45:00	11.9	남남동	164	15.07	30.51	1.45	7.5	2.29	7.0	1.8	남서	223	8.3	1024.5	-	34	
2020-11-23 10:50:00	11.6	남동	141	15.07	30.51	1.78	7.9	2.33	7.0	0.4	서남서	257	8.1	1024.5	-	33	
2020-11-23 10:55:00	12.5	남동	134	15.08	30.51	1.53	7.4	1.86	8.0	0.7	북	2	8.2	1024.4	-	48	
2020-11-23 11:00:00	10.7	남동	134	15.08	30.41	1.56	8.2	2.17	8.0	0.9	북	9	8.2	1024.5	-	43	
2020-11-23 11:05:00	8.8	남남동	161	15.09	30.49	1.61	7.5	2.12	7.5	1.0	북	349	8.2	1024.4	-	56	
2020-11-23 11:10:00	10.5	남동	144	15.09	30.52	1.51	7.4	2.27	7.0	0.7	북북동	28	8.2	1024.4	-	54	
2020-11-23 11:15:00	11.4	남동	145	15.09	30.49	1.56	7.7	2.11	7.5	1.6	북	4	8.2	1024.3	-	36	
2020-11-23 11:20:00	12.6	남동	144	15.09	30.47	1.65	6.9	2.03	7.0	1.9	북	10	8.2	1024.3	-	54	
2020-11-23 11:25:00	7.3	남남동	162	15.09	30.46	1.43	6.7	1.99	6.5	2.5	북북동	19	8.2	1024.3	-	46	
2020-11-23 11:30:00	12.7	남남동	149	15.10	30.47	1.69	7.8	2.34	8.0	2.0	북북동	30	8.1	1024.3	-	47	
2020-11-23 11:35:00	12.4	남남동	156	15.10	30.48	1.64	7.5	2.11	8.5	2.4	북동	42	8.1	1024.3	-	46	
2020-11-23 11:40:00	11.3	남남동	147	15.10	30.48	1.50	7.3	1.89	7.0	2.8	북북동	22	8.1	1024.2	-	49	
2020-11-23 11:45:00	10.5	남동	143	15.10	30.46	1.35	7.4	1.65	6.5	2.5	북북동	23	8.0	1024.2	-	40	
2020-11-23 11:50:00	10.7	남동	144	15.11	30.48	1.63	7.0	2.15	7.0	2.6	북북동	29	8.1	1024.0	-	31	
2020-11-23 11:55:00	10.0	남동	133	15.11	30.47	1.72	8.0	2.45	7.5	2.5	북북동	15	8.2	1024.0	-	19	
2020-11-23 12:00:00	10.9	남남동	159	15.12	30.47	1.40	8.0	1.78	7.5	2.9	북북동	32	8.2	1024.0	-	46	
2020-11-23 12:05:00	6.9	남동	146	15.12	30.48	1.64	8.3	2.19	7.0	3.3	북북동	22	8.1	1023.7	-	33	
2020-11-23 12:10:00	7.4	남남동	151	15.13	30.47	1.31	6.9	1.66	7.0	3.1	북북동	26	8.2	1023.7	-	30	
2020-11-23 12:15:00	7.1	남동	144	15.14	30.49	1.48	7.6	2.10	7.5	3.2	북북동	14	8.3	1023.7	-	1	
2020-11-23 12:20:00	8.8	남	176	15.16	30.51	1.52	7.2	2.27	7.5	3.5	북	9	8.4	1023.7	-	45	
2020-11-23 12:25:00	4.1	남남동	164	15.17	30.48	1.66	8.0	2.28	7.5	4.0	북북동	14	8.4	1023.6	-	41	
2020-11-23 12:30:00	8.2	남남동	149	15.17	30.47	1.56	7.4	2.24	6.5	4.0	북북동	13	8.4	1023.5	-	39	
2020-11-23 12:35:00	8.8	남남동	160	15.17	30.49	1.43	7.4	2.38	7.5	4.7	북북동	19	8.4	1023.4	-	14	
2020-11-23 12:40:00	9.2	남남동	164	15.17	30.47	1.40	7.6	1.82	6.5	4.1	북	9	8.4	1023.3	-	28	
2020-11-23 12:45:00	5.3	남남동	158	15.16	30.50	1.55	7.5	2.11	7.0	3.4	북	5	8.4	1023.3	-	23	
2020-11-23 12:50:00	5.9	남남동	149	15.16	30.47	1.59	7.7	1.97	7.0	4.1	북	2	8.4	1023.2	-	36	
2020-11-23 12:55:00	6.1	남남동	153	15.16	30.51	1.61	7.8	2.47	7.5	3.6	북	5	8.5	1023.2	-	38	
2020-11-23 13:00:00	6.8	남	170	15.17	30.51	1.29	7.0	1.86	7.5	4.1	북	9	8.4	1023.1	-	57	
2020-11-23 13:05:00	6.8	남	190	15.18	30.52	1.39	7.5	1.79	7.5	3.7	북북동	14	8.3	1023.0	-	36	
2020-11-23 13:10:00	7.6	남	171	15.18	30.51	1.40	7.3	1.69	7.5	3.6	북북동	21	8.4	1023.0	-	30	
2020-11-23 13:15:00	8.5	남남서	192	15.19	30.52	1.51	7.5	2.21	7.5	4.3	북	6	8.6	1022.9	-	57	
2020-11-23 13:20:00	8.8	남	188	15.17	30.46	1.61	7.7	2.01	8.0	4.1	북	2	8.5	1023.0	-	31	
2020-11-23 13:25:00	8.9	남	170	15.16	30.52	1.42	7.0	2.07	7.5	4.3	북	6	8.6	1023.0	-	38	
2020-11-23 13:30:00	9.5	남	170	15.17	30.51	1.35	7.1	1.82	9.5	4.5	북	5	8.6	1023.0	-	29	
2020-11-23 13:35:00	6.3	남남동	158	15.16	30.50	1.23	7.3	1.44	8.5	4.3	북	7	8.7	1023.0	-	36	
2020-11-23 13:40:00	6.7	남남동	164	15.16	30.50	1.57	7.8	2.13	6.5	4.2	북	10	8.8	1023.1	-	15	
2020-11-23 13:45:00	10.0	남	175	15.14	30.49	1.73	7.9	2.50	7.5	4.4	북	357	8.9	1023.1	-	31	
2020-11-23 13:50:00	10.7	남남동	165	15.14	30.49	1.71	7.7	2.19	7.0	4.7	북	0	9.0	1023.0	-	34	
2020-11-23 13:55:00	5.2	남남동	160	15.14	30.50	1.65	7.5	2.75	7.5	4.4	북	10	9.0	1023.0	-	28	
2020-11-23 14:00:00	11.0	남남동	158	15.13	30.49	1.71	7.4	2.53	7.5	3.6	북북동	12	8.9	1022.9	-	37	
2020-11-23 14:05:00	10.2	남	171	15.12	30.48	1.11	7.4	1.50	7.5	4.0	북북동	21	9.0	1022.8	-	21	
2020-11-23 14:10:00	11.3	남	172	15.12	30.48	1.32	7.6	1.64	7.5	3.9	북북동	16	8.9	1022.7	-	41	
2020-11-23 14:15:00	7.2	남	172	15.12	30.46	1.29	7.1	2.06	7.5	3.4	북북동	21	9.0	1022.7	-	36	
2020-11-23 14:20:00	8.1	남	179	15.11	30.49	1.32	7.5	1.90	7.0	3.1	북북동	26	9.0	1022.7	-	33	
2020-11-23 14:25:00	8.1	남	170	15.12	30.48	1.41	7.9	1.64	8.0	2.9	북동	39	9.1	1022.6	-	38	
2020-11-23 14:30:00	7.9	남남동	165	15.11	30.48	1.30	7.8	1.81	8.0	3.0	북동	41	9.2	1022.7	-	37	
2020-11-23 14:35:00	8.0	남	171	15.12	30.50	1.42	7.8	2.07	8.5	2.6	북북동	31	9.2	1022.6	-	17	
2020-11-23 14:40:00	7.8	남남동	165	15.12	30.48	1.66	7.9	2.30	7.5	3.4	북동	55	9.4	1022.6	-	47	
2020-11-23 14:45:00	8.3	남남동	161	15.11	30.48	1.21	7.4	1.55	7.5	3.6	동북동	62	9.4	1022.5	-	45	
2020-11-23 14:50:00	5.6	남	179	15.11	30.47	1.23	8.0	1.56	7.5	3.4	동북동	63	9.5	1022.5	-	20	
2020-11-23 14:55:00	10.5	남남동	166	15.10	30.50	1.19	8.2	1.59	7.5	3.3	동	80	9.5	1022.6	-	31	
2020-11-23 15:00:00	9.3	남남동	166	15.10	30.49	1.36	7.5	1.95	7.0	3.5	동북동	73	9.5	1022.6	-	20	
2020-11-23 15:05:00	8.1	남남동	156	15.10	30.46	1.41	8.1	2.03	7.0	3.7	동북동	73	9.5	1022.5	-	56	
2020-11-23 15:10:00	11.0	남남동	164	15.10	30.48	1.39	7.2	2.09	8.0	2.7	동	89	9.5	1022.5	-	44	
2020-11-23 15:15:00	10.0	남남동	167	15.10	30.48	1.26	7.1	1.57	6.0	2.1	동	97	9.7	1022.6	-	41	
2020-11-23 15:20:00	8.9	남남동	156	15.10	30.48	1.27	7.3	1.79	6.0	1.8	동남동	111	9.8	1022.6	-	47	
2020-11-23 15:25:00	10.4	남남동	168	15.10	30.48	1.36	7.5	1.68	8.0	1.7	동	85	10.0	1022.6	-	27	
2020-11-23 15:30:00	8.4	남남동	155	15.10	30.47	1.52	7.8	2.06	7.0	1.6	동	83	9.9	1022.7	-	18	
2020-11-23 15:35:00	8.2	남	170	15.09	30.47	1.35	8.5	1.83	8.5	1.9	동남동	116	10.0	1022.7	-	23	
2020-11-23 15:40:00	10.1	남남동	160	15.09	30.49	1.23	7.5	1.61	8.0	2.2	남	186	10.2	1022.8	-	28	
2020-11-23 15:45:00	9.6	남남동	164	15.09	30.49	1.22	7.7	1.76	7.0	2.5	남서	215	10.5	1022.8	-	37	
2020-11-23 15:50:00	7.9	남남동	163	15.09	30.47	1.49	7.8	1.99	8.0	3.2	남서	229	10.5	1022.8	-	29	
2020-11-23 15:55:00	7.9	남남동	159	15.09	30.47	1.44	7.3	1.94	7.5	3.5	남서	230	10.5	1022.8	-	37	
2020-11-23 16:00:00	10.3	남	174	15.09	30.49	1.24	7.3	1.48	6.5	5.0	서남서	239	10.5	1022.8	-	21	
2020-11-23 16:05:00	5.6	남남동	158	15.08	30.48	1.42	7.9	1.94	7.0	4.4	남서	232	10.5	1022.8	-	50	
2020-11-23 16:10:00	8.0	남	171	15.08	30.49	1.45	7.8	1.73	8.0	5.3	서남서	243	10.4	1022.8	-	44	
2020-11-23 16:15:00	9.3	남남동	157	15.07	30.49	1.16	7.1	1.41	8.0	4.7	남서	221	10.3	1022.9	-	16	
2020-11-23 16:20:00	6.6	남	179	15.07	30.48	1.08	7.4	1.65	7.5	5.3	남서	227	10.2	1022.9	-	25	
2020-11-23 16:25:00	6.9	남	171	15.08	30.47	1.41	7.7	2.00	7.5	5.7	서남서	237	10.0	1022.9	-	20	
2020-11-23 16:30:00	10.5	남	170	15.07	30.49	1.38	7.6	1.73	7.5	5.5	서남서	242	9.8	1023.0	-	34	
2020-11-23 16:35:00	9.4	남남동	163	15.08	30.48	1.22	7.8	1.71	7.5	5.8	남서	236	9.7	1023.0	-	20	
2020-11-23 16:40:00	9.7	남남동	156	15.07	30.51	1.27	7.7	1.79	7.5	6.9	남서	235	9.7	1023.0	-	24	
2020-11-23 16:45:00	8.4	남남동	154	15.07	30.48	1.20	7.1	1.56	7.5	6.7	서남서	239	9.4	1023.1	-	23	
2020-11-23 16:50:00	10.5	남남동	154	15.06	30.49	1.23	7.4	2.02	7.5	6.6	서남서	237	9.2	1023.2	-	38	
2020-11-23 16:55:00	12.3	남남동	156	15.06	30.48	1.22	7.7	1.69	8.0	6.0	남서	236	9.1	1023.3	-	13	
2020-11-23 17:00:00	10.2	남남동	163	15.05	30.50	1.69	7.8	2.35	7.5	5.9	서남서	242	9.0	1023.4	-	20	
2020-11-23 17:05:00	10.9	남남동	150	15.05	30.49	1.06	8.4	1.23	8.5	5.3	서남서	237	8.8	1023.4	-	39	
2020-11-23 17:10:00	11.7	남남동	158	15.06	30.49	1.51	7.6	1.84	7.0	5.2	서남서	242	8.9	1023.5	-	33	
2020-11-23 17:15:00	10.2	남남동	151	15.06	30.50	1.47	8.3	2.22	8.0	5.0	서남서	242	8.7	1023.5	-	35	
2020-11-23 17:20:00	9.4	남	171	15.06	30.50	1.33	8.1	1.74	8.5	5.1	서남서	253	8.9	1023.6	-	29	
2020-11-23 17:25:00	12.6	남남동	167	15.05	30.51	1.05	6.8	1.49	6.5	4.8	서남서	247	8.9	1023.6	-	26	
2020-11-23 17:30:00	10.8	남남동	151	15.06	30.52	1.23	7.2	1.58	8.5	5.1	서남서	239	8.7	1023.7	-	33	
2020-11-23 17:35:00	9.4	남동	142	15.05	30.51	1.32	7.5	1.47	7.0	4.6	서남서	246	8.6	1023.8	-	35	
2020-11-23 17:40:00	12.4	남동	141	15.06	30.54	1.19	7.6	1.69	7.5	4.2	서남서	250	8.5	1023.9	-	16	
2020-11-23 17:45:00	7.9	남남동	155	15.07	30.54	1.17	7.5	1.44	8.5	4.2	서남서	241	8.3	1023.9	-	34	
2020-11-23 17:50:00	13.6	남남동	158	15.05	30.56	1.42	8.0	2.19	7.0	5.3	서남서	239	8.2	1023.9	-	35	
2020-11-23 17:55:00	11.7	남남동	148	15.05	30.51	1.36	7.9	1.95	7.5	4.2	서남서	239	8.1	1023.9	-	33	
2020-11-23 18:00:00	13.2	남남동	150	15.06	30.53	1.44	7.6	2.00	8.0	4.2	서남서	251	8.0	1024.0	-	33	
2020-11-23 18:05:00	14.7	남남동	155	15.07	30.54	1.22	8.1	1.54	8.5	4.6	서남서	255	7.9	1024.0	-	25	
2020-11-23 18:10:00	14.6	남남동	149	15.07	30.51	1.38	7.5	1.87	7.0	4.6	서남서	253	7.7	1024.1	-	26	
2020-11-23 18:15:00	15.5	남남동	153	15.07	30.54	1.26	7.3	1.69	6.0	4.5	서남서	250	7.7	1024.1	-	42	
2020-11-23 18:20:00	15.8	남동	146	15.06	30.58	1.26	7.5	1.83	7.0	4.4	서남서	249	7.6	1024.2	-	13	
2020-11-23 18:25:00	16.5	남동	140	15.07	30.56	1.24	7.6	1.98	8.0	4.6	서남서	248	7.6	1024.3	-	28	
2020-11-23 18:30:00	15.4	남동	140	15.08	30.55	1.33	7.5	1.89	7.5	4.8	서남서	239	7.6	1024.3	-	36	
2020-11-23 18:35:00	18.2	남남동	154	15.08	30.60	1.03	7.2	1.37	7.5	5.4	서남서	240	7.4	1024.4	-	37	
2020-11-23 18:40:00	18.4	남남동	151	15.08	30.55	1.31	7.7	2.07	7.5	5.6	서남서	238	7.4	1024.4	-	47	
2020-11-23 18:45:00	19.7	남동	145	15.09	30.56	1.35	8.1	1.97	7.5	5.5	서남서	239	7.3	1024.5	-	30	
2020-11-23 18:50:00	18.7	남남동	147	15.09	30.58	1.23	7.8	1.57	7.5	4.8	서남서	240	7.2	1024.5	-	35	
2020-11-23 18:55:00	18.8	남남동	150	15.09	30.55	1.34	8.0	1.86	8.0	5.2	서남서	240	7.3	1024.4	-	36	
2020-11-23 19:00:00	15.5	남남동	155	15.09	30.57	1.00	7.6	1.67	7.5	5.4	서남서	237	7.3	1024.4	-	55	
2020-11-23 19:05:00	19.0	남남동	153	15.10	30.58	1.25	7.7	1.64	7.5	5.1	서남서	239	7.3	1024.4	-	45	
2020-11-23 19:10:00	20.7	남남동	157	15.09	30.59	1.06	7.3	1.38	6.0	5.4	남서	234	7.3	1024.4	-	40	
2020-11-23 19:15:00	20.3	남동	145	15.10	30.57	1.04	7.6	1.37	6.5	5.2	남서	234	7.4	1024.5	-	35	
2020-11-23 19:20:00	20.7	남동	144	15.10	30.57	1.21	7.1	1.55	7.0	4.7	남서	234	7.2	1024.5	-	40	
2020-11-23 19:25:00	18.2	남동	140	15.09	30.59	1.16	7.4	1.45	9.0	5.3	남서	233	7.2	1024.4	-	36	
2020-11-23 19:30:00	18.2	남동	142	15.09	30.53	0.89	7.1	1.37	7.5	5.5	서남서	239	7.1	1024.4	-	40	
2020-11-23 19:35:00	20.6	남동	145	15.09	30.58	0.87	7.0	1.63	7.0	5.8	서남서	242	7.2	1024.4	-	38	
2020-11-23 19:40:00	20.1	남동	146	15.09	30.56	1.04	8.0	1.35	8.0	5.5	서남서	243	7.1	1024.5	-	39	
2020-11-23 19:45:00	18.5	남동	141	15.08	30.57	1.08	7.3	1.75	7.5	5.7	남서	236	7.1	1024.5	-	27	
2020-11-23 19:50:00	21.4	남동	143	15.08	30.58	0.94	7.9	1.31	7.5	5.6	남서	234	7.2	1024.5	-	32	
2020-11-23 19:55:00	19.6	남동	145	15.08	30.59	0.97	7.3	1.48	8.0	6.1	남서	233	7.1	1024.6	-	44	
2020-11-23 20:00:00	20.4	남동	141	15.09	30.55	0.91	7.8	1.25	6.5	5.8	남서	236	7.1	1024.7	-	41	
2020-11-23 20:05:00	20.7	남동	142	15.07	30.55	0.85	7.3	1.30	8.0	5.7	서남서	240	7.1	1024.7	-	25	
2020-11-23 20:10:00	21.7	남동	144	15.07	30.57	1.04	8.0	1.28	8.0	5.4	서남서	239	7.0	1024.7	-	28	
2020-11-23 20:15:00	22.1	남동	141	15.08	30.56	1.21	7.8	1.78	8.0	4.9	서남서	241	6.9	1024.7	-	25	
2020-11-23 20:20:00	22.7	남동	144	15.08	30.56	1.15	7.4	1.84	6.5	5.2	서남서	238	7.0	1024.7	-	45	
2020-11-23 20:25:00	19.8	남남동	148	15.07	30.54	1.20	7.3	1.90	7.5	6.0	서남서	244	7.0	1024.7	-	40	
2020-11-23 20:30:00	19.2	남동	145	15.07	30.54	1.16	7.3	1.72	8.0	5.3	서남서	237	7.0	1024.8	-	19	
2020-11-23 20:35:00	20.7	남동	139	15.07	30.54	1.04	7.5	1.68	7.0	5.3	서남서	243	6.9	1024.9	-	25	
2020-11-23 20:40:00	19.6	남동	138	15.07	30.52	0.95	7.3	1.18	7.0	5.4	서남서	243	6.9	1024.9	-	53	
2020-11-23 20:45:00	18.5	남동	142	15.07	30.52	1.12	7.3	1.32	7.0	5.9	서남서	240	7.0	1024.9	-	29	
2020-11-23 20:50:00	16.0	남동	145	15.07	30.56	1.03	7.4	1.45	7.0	5.5	서남서	238	6.8	1024.9	-	29	
2020-11-23 20:55:00	17.2	남동	141	15.05	30.55	1.09	7.2	1.33	8.0	5.7	서남서	242	6.9	1024.9	-	37	
2020-11-23 21:00:00	20.6	남동	142	15.03	30.55	1.10	7.2	1.73	6.0	6.5	서남서	245	6.9	1024.8	-	35	
2020-11-23 21:05:00	20.1	남남동	154	15.05	30.57	1.19	7.1	1.47	6.5	6.3	남서	236	6.9	1024.8	-	37	
2020-11-23 21:10:00	21.7	남남동	147	15.03	30.58	0.84	7.2	1.37	6.0	6.0	서남서	237	6.8	1024.9	-	32	
2020-11-23 21:15:00	22.5	남남동	151	15.04	30.59	1.19	7.2	1.63	7.0	5.6	서남서	241	6.7	1024.8	-	49	
2020-11-23 21:20:00	20.8	남남동	147	15.05	30.57	1.15	7.0	1.39	6.5	5.7	서남서	239	6.8	1024.9	-	31	
2020-11-23 21:25:00	20.9	남남동	149	15.04	30.57	1.06	7.2	1.58	7.0	6.2	남서	236	6.7	1024.9	-	35	
2020-11-23 21:30:00	21.6	남남동	149	15.03	30.57	0.94	7.5	1.53	7.5	6.5	서남서	239	6.6	1024.9	-	32	
2020-11-23 21:35:00	20.2	남남동	148	15.03	30.56	0.96	6.9	1.41	7.0	6.3	서남서	240	6.6	1024.9	-	50	
2020-11-23 21:40:00	19.8	남남동	148	15.03	30.57	1.20	7.4	1.57	7.5	5.9	남서	236	6.7	1024.9	-	48	
2020-11-23 21:45:00	18.3	남남동	150	15.02	30.56	1.08	7.3	1.62	7.5	6.2	남서	235	6.5	1025.0	-	27	
2020-11-23 21:50:00	18.2	남남동	155	15.02	30.57	1.00	7.1	1.45	7.0	6.4	서남서	239	6.6	1025.0	-	40	
2020-11-23 21:55:00	19.0	남동	146	15.03	30.59	0.90	7.0	1.29	7.5	6.4	서남서	237	6.6	1024.9	-	43	
2020-11-23 22:00:00	16.0	남동	145	15.03	30.57	0.93	7.3	1.20	6.0	6.2	남서	235	6.6	1025.0	-	41	
2020-11-23 22:05:00	20.0	남남동	151	15.03	30.58	0.98	7.2	1.13	7.0	6.0	서남서	237	6.6	1025.1	-	46	
2020-11-23 22:10:00	16.4	남남동	151	15.04	30.56	1.04	7.0	1.47	6.5	6.0	남서	235	6.4	1025.2	-	41	
2020-11-23 22:15:00	17.4	남남동	154	15.04	30.56	1.01	7.6	1.36	8.5	5.9	서남서	241	6.4	1025.1	-	39	
2020-11-23 22:20:00	17.0	남동	144	15.04	30.59	0.78	7.3	1.06	7.0	6.5	서남서	237	6.5	1025.1	-	44	
2020-11-23 22:25:00	17.6	남동	144	15.03	30.58	0.86	7.5	1.17	7.5	6.2	남서	234	6.4	1025.2	-	41	
2020-11-23 22:30:00	17.3	남동	141	15.04	30.56	1.01	7.1	1.53	6.5	6.2	남서	232	6.3	1025.2	-	31	
2020-11-23 22:35:00	18.0	남동	141	15.04	30.57	0.96	7.1	1.54	7.0	6.8	서남서	241	6.5	1025.0	-	43	
2020-11-23 22:40:00	15.9	남동	134	15.04	30.59	0.95	7.0	1.34	7.0	7.1	서남서	242	6.5	1025.0	-	29	
2020-11-23 22:45:00	14.3	남동	144	15.05	30.57	0.91	6.8	1.19	7.0	6.2	남서	233	6.5	1025.2	-	21	
2020-11-23 22:50:00	15.7	남동	144	15.05	30.59	0.97	7.2	1.19	7.5	6.1	서남서	237	6.4	1025.2	-	40	
2020-11-23 22:55:00	18.7	남남동	149	15.05	30.59	0.95	7.1	1.47	7.0	7.1	서남서	242	6.4	1025.1	-	41	
2020-11-23 23:00:00	16.9	남동	142	15.05	30.62	0.85	6.8	1.14	7.5	6.8	남서	233	6.5	1025.3	-	65	
2020-11-23 23:05:00	15.2	남남동	158	15.05	30.60	0.83	6.6	1.08	6.0	6.5	남서	233	6.4	1025.3	-	36	
2020-11-23 23:10:00	15.7	남남동	158	15.04	30.60	0.89	7.7	1.28	7.0	7.2	서남서	242	6.4	1025.2	-	43	
2020-11-23 23:15:00	14.9	남남동	150	15.05	30.63	1.12	7.1	1.56	8.0	6.5	남서	234	6.5	1025.3	-	39	
2020-11-23 23:20:00	13.6	남동	145	15.05	30.60	0.80	7.0	1.00	8.5	6.3	남서	231	6.3	1025.4	-	10	
2020-11-23 23:25:00	15.3	남동	142	15.05	30.62	0.94	7.5	1.26	6.5	6.1	서남서	238	6.5	1025.3	-	39	
2020-11-23 23:30:00	10.4	남동	146	15.06	30.62	0.96	7.3	1.21	8.0	6.3	서남서	238	6.5	1025.3	-	34	
2020-11-23 23:35:00	14.3	남동	144	15.05	30.65	0.91	7.3	1.31	7.5	6.2	남서	230	6.4	1025.4	-	34	
2020-11-23 23:40:00	14.8	남남동	161	15.04	30.60	0.97	7.2	1.59	7.0	6.0	남서	234	6.4	1025.5	-	35	
2020-11-23 23:45:00	10.5	남남동	150	15.05	30.64	0.90	7.2	1.14	5.5	6.2	서남서	241	6.5	1025.5	-	39	
2020-11-23 23:50:00	12.5	남남동	157	15.06	30.62	1.07	7.0	1.37	7.5	6.2	서남서	239	6.4	1025.6	-	33	
2020-11-23 23:55:00	13.7	남남동	147	15.03	30.61	0.89	7.2	1.08	8.0	6.2	서남서	237	6.5	1025.7	-	40	
2020-11-24 00:00:00	12.1	남남동	146	15.03	30.63	0.93	7.0	1.34	7.0	6.8	서남서	245	6.4	1025.6	-	28	
2020-11-24 00:05:00	12.6	남남동	151	15.02	30.64	0.84	7.0	1.13	7.0	6.7	서남서	242	6.4	1025.6	-	36	
2020-11-24 00:10:00	12.0	남동	141	15.04	30.64	0.88	7.0	1.18	7.5	6.5	서남서	243	6.4	1025.7	-	27	
2020-11-24 00:15:00	12.7	남동	144	15.03	30.63	0.68	6.8	1.22	7.0	6.5	서남서	237	6.3	1025.7	-	30	
2020-11-24 00:20:00	12.1	남남동	150	15.06	30.63	0.79	6.6	1.18	6.5	6.4	서남서	237	6.2	1025.8	-	31	
2020-11-24 00:25:00	11.5	남동	145	15.04	30.63	0.72	6.7	0.99	6.5	6.7	서남서	241	6.1	1025.9	-	37	
2020-11-24 00:30:00	11.8	남남동	154	15.05	30.64	0.73	6.5	0.96	7.5	6.6	서남서	242	6.1	1025.9	-	45	
2020-11-24 00:35:00	11.6	남동	143	15.04	30.64	0.78	7.3	1.17	7.0	6.6	서남서	238	6.2	1026.0	-	41	
2020-11-24 00:40:00	10.1	남동	144	15.05	30.63	0.78	6.3	1.18	6.0	6.6	남서	236	6.0	1026.0	-	72	
2020-11-24 00:45:00	11.6	남남동	153	15.07	30.63	0.76	7.1	1.22	7.0	6.3	서남서	240	6.0	1026.0	-	15	
2020-11-24 00:50:00	8.2	남남동	157	15.06	30.63	0.75	7.3	1.18	7.5	6.3	서남서	239	6.1	1025.9	-	41	
2020-11-24 00:55:00	9.1	남남동	161	15.06	30.63	0.83	7.5	1.07	7.5	6.3	서남서	240	6.1	1025.9	-	26	
2020-11-24 01:00:00	9.0	남남동	148	15.05	30.64	0.77	6.4	1.14	5.5	6.5	서남서	240	6.1	1026.0	-	35	
2020-11-24 01:05:00	8.9	남동	145	15.06	30.65	0.80	6.8	1.03	8.0	6.5	서남서	240	6.2	1026.0	-	66	
2020-11-24 01:10:00	10.9	남동	133	15.04	30.62	0.81	7.0	1.10	6.5	6.4	서남서	241	6.2	1025.9	-	47	
2020-11-24 01:15:00	10.6	남남동	157	15.06	30.65	0.68	7.2	0.84	7.5	6.4	서남서	247	6.3	1025.9	-	22	
2020-11-24 01:20:00	10.6	남남동	161	15.05	30.65	0.78	7.1	1.03	6.5	6.5	서남서	247	6.1	1026.0	-	44	
2020-11-24 01:25:00	9.4	남동	141	15.03	30.65	0.77	6.8	0.93	7.0	6.2	서남서	247	6.0	1025.9	-	34	
2020-11-24 01:30:00	8.5	남남동	155	15.05	30.65	0.76	7.1	0.91	7.0	5.7	서남서	247	6.0	1025.9	-	33	
2020-11-24 01:35:00	8.4	남남동	153	15.04	30.61	0.63	6.9	0.91	6.5	6.3	서남서	241	5.9	1025.9	-	34	
2020-11-24 01:40:00	7.5	남남동	150	15.05	30.62	0.91	7.2	1.25	7.5	5.7	서남서	249	5.9	1025.8	-	31	
2020-11-24 01:45:00	7.3	남동	142	15.04	30.64	0.80	7.4	1.10	6.0	5.9	서남서	245	5.9	1025.8	-	30	
2020-11-24 01:50:00	7.0	남동	130	15.04	30.67	0.72	6.7	1.03	6.0	5.3	서남서	244	6.1	1026.0	-	54	
2020-11-24 01:55:00	6.8	남남동	154	15.04	30.64	0.62	6.4	0.79	5.5	5.2	서남서	242	5.8	1025.9	-	176	
2020-11-24 02:00:00	7.2	남남동	157	15.04	30.66	0.84	7.2	1.18	6.5	5.4	서남서	241	5.8	1026.1	-	38	
2020-11-24 02:05:00	5.6	남	173	15.04	30.66	0.81	6.5	1.17	6.5	5.1	서남서	245	5.7	1026.2	-	45	
2020-11-24 02:10:00	8.9	남동	131	15.04	30.66	0.78	7.2	1.04	8.0	5.7	서남서	244	5.7	1026.2	-	32	
2020-11-24 02:15:00	7.3	남동	139	15.05	30.65	0.64	6.4	0.99	6.5	5.5	서남서	250	5.7	1026.3	-	32	
2020-11-24 02:20:00	6.8	남동	144	15.05	30.65	0.64	6.5	1.07	6.0	5.3	서남서	250	5.6	1026.4	-	36	
2020-11-24 02:25:00	7.9	남동	133	15.04	30.65	0.73	6.4	1.17	6.5	5.2	서남서	249	5.7	1026.3	-	46	
2020-11-24 02:30:00	5.5	남동	145	15.04	30.66	0.73	6.8	1.04	7.0	5.5	서남서	251	5.8	1026.2	-	22	
2020-11-24 02:35:00	6.2	동남동	122	15.03	30.65	0.76	6.8	1.12	6.0	5.3	서남서	250	5.7	1026.4	-	39	
2020-11-24 02:40:00	7.2	남동	146	15.03	30.66	0.75	6.7	1.19	6.5	5.7	서남서	252	5.7	1026.4	-	30	
2020-11-24 02:45:00	4.4	동남동	123	15.04	30.65	0.58	6.1	0.81	7.0	5.6	서남서	247	5.7	1026.4	-	27	
2020-11-24 02:50:00	7.6	남남동	150	15.03	30.66	0.55	6.9	0.75	6.5	4.9	서남서	251	5.7	1026.4	-	59	
2020-11-24 02:55:00	5.4	남동	129	15.05	30.64	0.54	5.7	0.71	7.0	5.6	서남서	247	5.8	1026.4	-	49	
2020-11-24 03:00:00	4.9	남동	143	15.04	30.66	0.58	6.1	0.77	6.0	5.1	서남서	251	5.8	1026.3	-	43	
2020-11-24 03:05:00	8.7	남남동	150	15.03	30.66	0.63	6.8	0.93	6.0	5.6	서남서	246	5.9	1026.3	-	44	
2020-11-24 03:10:00	6.1	남동	129	15.03	30.67	0.58	6.8	0.71	6.5	5.3	서남서	246	6.0	1026.3	-	30	
2020-11-24 03:15:00	8.4	남남동	150	15.04	30.67	0.77	6.6	1.01	5.5	5.2	서남서	247	6.1	1026.2	-	55	
2020-11-24 03:20:00	5.8	남동	136	15.03	30.68	0.67	6.5	0.83	4.5	4.9	서남서	244	6.0	1026.3	-	25	
2020-11-24 03:25:00	6.7	동남동	120	15.04	30.67	0.66	6.6	0.90	6.0	4.8	서남서	243	6.0	1026.2	-	34	
2020-11-24 03:30:00	5.6	남남동	150	15.05	30.66	0.61	6.5	0.79	6.5	4.3	서남서	244	6.1	1026.3	-	40	
2020-11-24 03:35:00	2.2	남남동	155	15.04	30.65	0.73	6.7	0.98	8.0	4.9	서남서	240	6.2	1026.2	-	37	
2020-11-24 03:40:00	4.1	남동	130	15.03	30.63	0.57	6.5	0.77	6.5	4.5	서남서	244	6.1	1026.3	-	55	
2020-11-24 03:45:00	4.1	남동	141	15.03	30.67	0.67	6.6	1.09	5.5	5.5	서남서	247	6.0	1026.2	-	42	
2020-11-24 03:50:00	4.1	남남동	151	15.02	30.67	0.60	6.4	0.98	6.5	5.3	서남서	247	5.9	1026.2	-	81	
2020-11-24 03:55:00	4.9	남동	139	15.03	30.68	0.49	6.1	0.66	8.0	5.3	서남서	254	6.0	1026.1	-	32	
2020-11-24 04:00:00	4.8	남동	144	15.03	30.66	0.61	6.3	0.95	6.5	4.8	서남서	251	5.8	1026.3	-	21	
2020-11-24 04:05:00	5.0	남동	140	15.03	30.66	0.61	6.8	0.86	5.5	5.1	서남서	246	5.8	1026.2	-	37	
2020-11-24 04:10:00	3.7	남남동	149	15.04	30.66	0.55	5.8	0.84	5.0	5.6	서남서	240	5.7	1026.4	-	66	
2020-11-24 04:15:00	2.5	남남동	163	15.03	30.67	0.62	6.3	0.79	6.0	5.8	서남서	245	5.8	1026.4	-	48	
2020-11-24 04:20:00	2.1	동남동	106	15.03	30.66	0.51	6.1	0.62	6.0	5.9	서남서	251	5.8	1026.5	-	60	
2020-11-24 04:25:00	2.1	동남동	118	15.02	30.65	0.55	6.0	0.74	6.0	5.7	서남서	250	5.7	1026.5	-	66	
2020-11-24 04:30:00	3.1	남남동	166	15.03	30.66	0.56	6.5	0.82	6.5	5.4	서남서	249	5.8	1026.4	-	36	
2020-11-24 04:35:00	1.2	동	91	15.03	30.67	0.56	6.3	0.79	6.0	5.1	서남서	248	5.9	1026.4	-	57	
2020-11-24 04:40:00	3.7	동남동	123	15.03	30.67	0.64	6.4	0.95	6.5	5.5	서남서	249	6.0	1026.4	-	54	
2020-11-24 04:45:00	1.7	북동	53	15.03	30.67	0.58	5.9	0.84	6.5	5.1	서남서	251	5.9	1026.5	-	22	
2020-11-24 04:50:00	1.1	동북동	64	15.02	30.68	0.59	6.1	0.74	6.0	5.0	서남서	251	5.9	1026.4	-	354	
2020-11-24 04:55:00	1.5	동남동	120	15.02	30.67	0.60	6.1	0.81	6.5	5.1	서남서	251	5.7	1026.5	-	66	
2020-11-24 05:00:00	1.4	남남동	152	15.02	30.65	0.52	5.9	0.65	6.0	5.5	서남서	247	5.8	1026.6	-	37	
2020-11-24 05:05:00	2.0	동남동	116	15.02	30.67	0.64	6.7	0.87	6.5	5.5	서남서	254	5.7	1026.7	-	28	
2020-11-24 05:10:00	2.2	동남동	108	15.02	30.67	0.61	6.3	1.01	6.0	5.8	서남서	242	5.5	1026.7	-	68	
2020-11-24 05:15:00	4.0	동남동	119	15.01	30.67	0.67	6.3	0.93	6.0	5.9	서남서	242	5.6	1026.8	-	44	
2020-11-24 05:20:00	5.0	남동	138	15.02	30.64	0.55	6.6	0.69	6.5	6.2	서남서	245	5.6	1026.8	-	58	
2020-11-24 05:25:00	2.3	동남동	117	15.02	30.69	0.66	6.3	0.99	5.5	5.9	서남서	246	5.6	1026.9	-	38	
2020-11-24 05:30:00	5.2	남남동	156	15.02	30.66	0.52	6.0	0.67	5.5	5.5	서남서	244	5.5	1026.9	-	42	
2020-11-24 05:35:00	2.3	남	170	14.99	30.68	0.52	6.0	0.79	7.0	5.5	서남서	246	5.6	1026.9	-	70	
2020-11-24 05:40:00	2.1	남	169	15.01	30.69	0.48	5.9	0.70	5.5	5.9	서남서	244	5.6	1027.0	-	42	
2020-11-24 05:45:00	0.6	남동	128	14.98	30.64	0.56	6.5	0.79	7.0	5.8	서남서	247	5.6	1026.9	-	52	
2020-11-24 05:50:00	2.8	동	85	14.97	30.65	0.56	6.7	0.73	6.5	5.3	서남서	244	5.6	1026.8	-	33	
2020-11-24 05:55:00	4.1	남남동	153	15.00	30.68	0.65	6.6	0.95	5.0	4.8	서남서	247	5.7	1026.8	-	40	
2020-11-24 06:00:00	1.2	남남동	157	15.01	30.65	0.65	5.9	1.02	6.0	4.9	서남서	241	5.7	1026.9	-	54	
2020-11-24 06:05:00	2.6	동남동	102	15.00	30.66	0.69	6.4	1.23	6.0	5.0	서남서	243	5.7	1026.8	-	55	
2020-11-24 06:10:00	4.6	남남동	151	15.00	30.66	0.59	6.1	0.89	6.0	4.3	서남서	255	5.7	1026.9	-	64	
2020-11-24 06:15:00	3.4	남동	146	15.01	30.66	0.50	6.4	0.81	6.5	5.0	서남서	250	5.7	1026.9	-	26	
2020-11-24 06:20:00	3.4	남남동	155	15.03	30.66	0.55	5.8	0.81	6.5	5.3	서남서	241	5.8	1026.8	-	31	
2020-11-24 06:25:00	3.1	남동	125	15.01	30.64	0.56	6.1	0.95	6.5	4.8	서남서	243	5.7	1026.9	-	23	
2020-11-24 06:30:00	2.7	남남서	195	15.02	30.67	0.57	5.9	0.85	5.5	4.7	서남서	244	5.7	1026.8	-	34	
2020-11-24 06:35:00	4.6	남	175	15.03	30.65	0.65	6.4	0.95	5.0	5.0	서남서	245	5.9	1026.9	-	53	
2020-11-24 06:40:00	2.6	남동	125	15.02	30.65	0.59	6.2	0.74	6.0	5.2	서남서	246	5.8	1026.9	-	48	
2020-11-24 06:45:00	2.3	동남동	111	15.01	30.63	0.55	6.1	0.71	6.0	4.4	서남서	247	5.7	1026.9	-	20	
2020-11-24 06:50:00	3.7	동남동	116	14.99	30.61	0.63	6.2	0.89	6.0	4.7	서남서	245	5.8	1026.9	-	16	
2020-11-24 06:55:00	1.0	남	171	14.99	30.62	0.55	6.0	0.79	5.5	4.8	서남서	239	5.8	1027.0	-	58	
2020-11-24 07:00:00	2.0	남동	126	14.99	30.63	0.65	6.1	1.07	6.5	4.6	서남서	242	5.7	1027.1	-	27	
2020-11-24 07:05:00	2.2	남	169	14.99	30.63	0.60	6.6	0.87	7.0	4.7	서남서	240	5.9	1027.1	-	52	
2020-11-24 07:10:00	1.5	동	89	14.99	30.61	0.52	6.0	0.70	7.0	4.7	남서	235	5.9	1027.3	-	63	
2020-11-24 07:15:00	0.7	북북동	18	14.98	30.61	0.50	5.8	0.74	5.0	4.9	서남서	244	6.0	1027.3	-	45	
2020-11-24 07:20:00	1.1	동	96	14.98	30.62	0.57	6.5	0.78	6.5	5.2	서남서	247	5.9	1027.5	-	70	
2020-11-24 07:25:00	4.6	동	99	14.97	30.62	0.51	5.8	0.69	6.0	4.7	서남서	246	6.1	1027.7	-	18	
2020-11-24 07:30:00	2.3	남동	139	14.97	30.63	0.47	6.1	0.75	8.0	4.8	서남서	241	6.0	1027.7	-	27	
2020-11-24 07:35:00	3.3	동남동	120	14.97	30.60	0.48	6.1	0.63	6.0	5.2	서남서	241	5.9	1027.9	-	44	
2020-11-24 07:40:00	2.7	남동	128	14.97	30.60	0.57	6.2	0.92	6.5	5.1	서남서	242	6.0	1028.1	-	58	
2020-11-24 07:45:00	2.8	남동	131	14.96	30.60	0.60	6.6	0.82	5.5	5.5	서남서	241	6.1	1028.2	-	35	
2020-11-24 07:50:00	2.3	남동	136	14.97	30.60	0.44	6.2	0.58	5.0	4.7	서남서	239	6.3	1028.2	-	28	
2020-11-24 07:55:00	3.6	남남동	167	14.97	30.60	0.54	6.2	0.71	6.0	4.9	서남서	247	6.4	1028.3	-	52	
2020-11-24 08:00:00	0.8	남	191	14.97	30.59	0.58	6.4	0.85	6.5	5.0	서남서	247	6.3	1028.3	-	58	
2020-11-24 08:05:00	3.1	남남동	161	14.95	30.58	0.55	6.3	0.70	5.5	5.1	서남서	249	6.3	1028.4	-	4	
2020-11-24 08:10:00	4.6	남남동	163	14.96	30.61	0.59	6.4	0.75	8.0	5.2	서남서	247	6.3	1028.4	-	25	
2020-11-24 08:15:00	3.0	남	171	14.96	30.61	0.56	6.3	0.67	5.5	5.4	서남서	249	6.3	1028.6	-	357	
2020-11-24 08:20:00	2.9	동남동	110	14.96	30.61	0.59	6.3	0.81	6.5	5.5	서남서	246	6.5	1028.6	-	33	
2020-11-24 08:25:00	2.6	남남동	163	14.96	30.61	0.55	6.4	0.76	6.5	5.3	서남서	244	6.6	1028.7	-	43	
2020-11-24 08:30:00	6.1	남남동	161	14.96	30.61	0.60	6.0	0.76	6.0	5.5	서남서	249	6.6	1028.8	-	69	
2020-11-24 08:35:00	3.6	남동	136	14.97	30.60	0.58	6.2	0.88	6.5	4.8	서남서	246	6.7	1028.8	-	50	
2020-11-24 08:40:00	3.9	남남동	167	14.98	30.62	0.49	5.8	0.65	6.5	4.6	서남서	244	6.7	1028.7	-	28	
2020-11-24 08:45:00	5.1	남동	133	14.96	30.60	0.51	6.5	0.61	6.0	3.9	서남서	247	6.6	1028.6	-	51	
2020-11-24 08:50:00	6.5	남남서	202	14.97	30.58	0.53	6.4	0.74	7.5	3.9	서남서	246	6.8	1028.6	-	8	
2020-11-24 08:55:00	3.0	남	181	14.98	30.61	0.52	6.0	0.66	6.0	4.3	서남서	243	6.8	1028.6	-	25	
2020-11-24 09:00:00	2.2	남남동	169	14.98	30.61	0.45	5.8	0.58	6.0	4.2	서남서	251	6.8	1028.7	-	14	
2020-11-24 09:05:00	3.3	남서	215	14.97	30.62	0.58	5.9	1.01	6.0	3.4	서남서	249	6.9	1028.6	-	59	
2020-11-24 09:10:00	3.0	남	173	14.96	30.62	0.53	6.5	0.64	6.5	3.3	서남서	249	7.0	1028.6	-	45	
2020-11-24 09:15:00	4.7	남남동	157	14.96	30.64	0.52	6.1	0.71	7.0	3.0	서남서	247	7.2	1028.6	-	32	
2020-11-24 09:20:00	6.1	남	171	14.97	30.63	0.44	6.0	0.60	5.5	3.5	서남서	244	7.3	1028.6	-	22	
2020-11-24 09:25:00	8.1	남남동	158	14.98	30.64	0.53	5.6	0.75	5.0	4.3	서남서	244	7.2	1028.6	-	12	
2020-11-24 09:30:00	4.8	남	179	14.98	30.61	0.57	5.7	0.83	6.5	4.1	서남서	249	7.1	1028.6	-	35	
2020-11-24 09:35:00	4.8	남남동	147	14.97	30.60	0.55	6.0	0.80	6.0	3.8	서남서	248	7.0	1028.5	-	62	
2020-11-24 09:40:00	3.2	남남동	168	14.98	30.63	0.60	6.1	0.84	6.5	3.1	서남서	240	7.3	1028.5	-	41	
2020-11-24 09:45:00	4.6	남	176	14.99	30.63	0.57	6.3	0.73	6.5	2.9	서남서	241	7.5	1028.5	-	50	
2020-11-24 09:50:00	5.4	남	172	14.99	30.63	0.52	5.3	0.72	4.0	3.7	남서	233	7.6	1028.4	-	13	
2020-11-24 09:55:00	2.8	남남서	196	15.00	30.63	0.51	6.2	0.69	6.5	4.4	남서	224	7.3	1028.5	-	71	
2020-11-24 10:00:00	3.8	남	173	15.01	30.61	0.57	5.7	0.72	6.0	4.0	남서	224	7.2	1028.5	-	63	
2020-11-24 10:05:00	3.8	남동	144	15.01	30.62	0.59	5.6	0.85	5.5	4.2	남서	232	7.4	1028.4	-	78	
2020-11-24 10:10:00	6.1	남남동	148	15.02	30.62	0.57	5.3	0.85	6.5	4.2	남서	231	7.6	1028.4	-	18	
2020-11-24 10:15:00	3.1	남	172	15.03	30.60	0.53	5.1	0.73	6.0	3.6	남서	230	7.7	1028.3	-	64	
2020-11-24 10:20:00	3.4	남동	144	15.03	30.61	0.56	6.0	0.73	5.0	2.6	서남서	257	8.0	1028.3	-	58	
2020-11-24 10:25:00	5.1	남남동	161	15.03	30.63	0.51	6.1	0.72	7.5	2.7	서	270	8.1	1028.1	-	37	
2020-11-24 10:30:00	2.8	남남서	207	15.03	30.61	0.51	5.2	0.82	6.0	2.9	서	262	8.3	1028.0	-	38	
2020-11-24 10:35:00	3.1	남	191	15.04	30.62	0.59	6.1	0.90	5.0	3.0	서	265	8.4	1028.0	-	83	
2020-11-24 10:40:00	4.7	남	169	15.05	30.61	0.52	6.3	0.81	5.5	2.7	서	280	8.7	1027.9	-	58	
2020-11-24 10:45:00	3.2	남남서	197	15.05	30.62	0.55	5.5	0.71	6.5	2.9	서북서	282	8.8	1027.9	-	33	
2020-11-24 10:50:00	2.4	남남동	153	15.04	30.63	0.56	5.5	0.79	6.0	2.9	서북서	298	9.0	1027.8	-	313	
2020-11-24 10:55:00	2.1	동남동	105	15.05	30.59	0.52	5.6	0.77	6.5	2.7	서북서	291	8.9	1027.8	-	40	
2020-11-24 11:00:00	3.2	남	188	15.06	30.63	0.53	5.3	0.76	5.5	2.8	서북서	301	8.8	1027.8	-	56	
2020-11-24 11:05:00	1.3	남남동	152	15.06	30.64	0.57	6.3	0.70	5.5	1.9	서북서	296	8.8	1027.8	-	80	
2020-11-24 11:10:00	3.5	남남서	202	15.06	30.62	0.53	5.4	0.74	4.5	2.4	서북서	295	8.9	1027.7	-	21	
2020-11-24 11:15:00	4.5	남남동	149	15.07	30.61	0.57	5.2	0.77	5.0	1.5	서북서	295	8.9	1027.7	-	45	
2020-11-24 11:20:00	1.1	남서	227	15.08	30.60	0.60	6.0	0.79	5.5	1.8	서	279	9.0	1027.7	-	70	
2020-11-24 11:25:00	2.0	남동	127	15.09	30.60	0.62	6.6	0.75	6.5	2.2	서	269	9.0	1027.6	-	38	
2020-11-24 11:30:00	0.8	남	177	15.10	30.60	0.55	5.1	0.68	7.0	1.8	북서	316	9.1	1027.5	-	118	
2020-11-24 11:35:00	4.9	남	179	15.10	30.62	0.54	5.9	0.85	5.5	1.4	북서	307	9.1	1027.5	-	77	
2020-11-24 11:40:00	1.6	남동	145	15.10	30.60	0.55	6.2	0.79	6.5	2.3	북북서	327	9.1	1027.4	-	43	
2020-11-24 11:45:00	3.4	남남서	211	15.10	30.61	0.55	6.1	0.90	7.0	1.7	북서	318	9.1	1027.3	-	32	
2020-11-24 11:50:00	1.0	남동	142	15.09	30.61	0.53	5.7	0.66	5.5	1.6	북서	325	9.1	1027.2	-	29	
2020-11-24 11:55:00	1.3	남남서	208	15.09	30.61	0.49	6.0	0.72	6.0	2.1	북북서	328	9.1	1027.2	-	32	
2020-11-24 12:00:00	4.6	남동	137	15.09	30.62	0.55	6.4	0.83	5.0	1.1	북북서	348	9.1	1027.1	-	62	
2020-11-24 12:05:00	4.1	남남동	150	15.10	30.62	0.56	5.8	0.72	5.5	1.5	북북서	343	9.1	1027.0	-	36	
2020-11-24 12:10:00	4.9	남남동	165	15.10	30.59	0.64	6.7	0.77	7.0	1.5	북	355	9.1	1026.9	-	62	
2020-11-24 12:15:00	2.7	남서	220	15.10	30.61	0.54	6.4	0.91	8.0	2.0	북	350	9.1	1026.9	-	62	
2020-11-24 12:20:00	4.7	남남동	151	15.10	30.62	0.54	5.8	0.76	6.0	1.9	북	352	9.2	1026.8	-	70	
2020-11-24 12:25:00	2.8	남남동	151	15.11	30.62	0.48	5.5	0.71	5.5	1.4	북	352	9.2	1026.7	-	16	
2020-11-24 12:30:00	3.6	남동	131	15.11	30.61	0.52	5.4	0.68	4.0	2.5	북북동	18	9.3	1026.6	-	67	
2020-11-24 12:35:00	4.0	남남동	167	15.11	30.61	0.55	5.6	0.82	4.5	1.0	북북동	23	9.4	1026.5	-	84	
2020-11-24 12:40:00	2.7	남남동	160	15.11	30.60	0.58	5.9	0.75	5.5	2.1	북북서	338	9.3	1026.5	-	40	
2020-11-24 12:45:00	4.3	남동	127	15.12	30.59	0.55	6.2	0.73	5.5	2.1	북북동	12	9.2	1026.5	-	61	
2020-11-24 12:50:00	3.6	남동	138	15.12	30.59	0.53	6.1	0.79	6.0	1.2	북	7	9.2	1026.5	-	59	
2020-11-24 12:55:00	4.1	남동	146	15.09	30.58	0.52	6.3	0.66	6.5	1.7	북북동	25	9.3	1026.5	-	32	
2020-11-24 13:00:00	4.4	남남동	148	15.07	30.55	0.56	6.1	0.75	6.5	1.5	북북동	18	9.3	1026.5	-	34	
2020-11-24 13:05:00	4.5	남남동	148	15.06	30.58	0.58	6.6	0.80	6.0	1.1	북	11	9.3	1026.5	-	44	
2020-11-24 13:10:00	4.7	남남동	156	15.05	30.58	0.62	5.9	0.81	6.0	1.8	북동	45	9.3	1026.5	-	73	
2020-11-24 13:15:00	4.5	남남동	166	15.06	30.58	0.48	5.8	0.67	6.5	0.9	북북동	25	9.3	1026.5	-	4	
2020-11-24 13:20:00	4.9	동남동	118	15.05	30.60	0.56	5.9	0.78	6.0	0.6	동	87	9.3	1026.4	-	52	
2020-11-24 13:25:00	4.8	남동	145	15.05	30.60	0.50	5.4	0.64	6.0	1.2	동	79	9.3	1026.3	-	53	
2020-11-24 13:30:00	2.7	남동	141	15.06	30.59	0.63	6.1	0.87	6.5	1.3	북동	39	9.3	1026.2	-	57	
2020-11-24 13:35:00	4.4	남동	141	15.06	30.58	0.60	6.3	0.88	6.0	1.8	북북동	22	9.4	1026.2	-	30	
2020-11-24 13:40:00	2.2	남동	140	15.06	30.58	0.51	5.6	0.78	5.5	1.5	북북동	19	9.4	1026.1	-	16	
2020-11-24 13:45:00	2.8	남동	135	15.06	30.55	0.53	5.7	0.83	6.0	1.6	북북동	16	9.4	1026.0	-	31	
2020-11-24 13:50:00	2.8	남동	131	15.07	30.59	0.57	5.9	0.76	5.0	1.4	북동	48	9.4	1025.9	-	16	
2020-11-24 13:55:00	2.2	남동	130	15.07	30.59	0.56	5.7	0.89	6.0	1.1	동북동	59	9.4	1025.9	-	50	
2020-11-24 14:00:00	4.1	남동	139	15.08	30.58	0.56	5.9	0.76	6.0	0.5	동남동	111	9.4	1025.9	-	45	
2020-11-24 14:05:00	6.2	남동	127	15.08	30.61	0.49	5.3	0.65	5.5	1.1	북북동	25	9.7	1025.9	-	58	
2020-11-24 14:10:00	4.3	동남동	121	15.08	30.60	0.50	6.2	0.81	6.0	1.2	북북동	27	9.5	1025.9	-	52	
2020-11-24 14:15:00	4.1	남남동	160	15.08	30.60	0.58	5.4	0.76	6.5	0.4	북북동	14	9.6	1025.9	-	24	
2020-11-24 14:20:00	5.4	동남동	121	15.08	30.59	0.65	6.3	1.20	6.0	1.6	북	357	9.7	1025.8	-	43	
2020-11-24 14:25:00	3.2	동남동	111	15.09	30.59	0.57	6.3	0.89	6.5	1.7	북북동	30	9.6	1025.8	-	31	
2020-11-24 14:30:00	5.0	동남동	123	15.09	30.58	0.50	5.9	0.59	6.5	1.8	북동	34	9.6	1025.8	-	23	
2020-11-24 14:35:00	3.3	남	175	15.09	30.59	0.50	5.4	0.70	7.0	1.5	북북동	30	9.6	1025.8	-	52	
2020-11-24 14:40:00	2.7	남동	142	15.09	30.59	0.58	5.9	0.85	6.0	2.2	북	0	9.8	1025.8	-	57	
2020-11-24 14:45:00	3.7	남동	134	15.09	30.60	0.56	6.8	0.76	6.0	1.5	북북서	329	9.6	1025.9	-	82	
2020-11-24 14:50:00	4.0	남남동	154	15.09	30.60	0.45	5.9	0.66	7.0	1.9	북북동	21	9.6	1025.9	-	22	
2020-11-24 14:55:00	4.2	동남동	123	15.09	30.59	0.51	6.0	0.79	5.5	1.7	북	11	9.6	1026.0	-	33	
2020-11-24 15:00:00	2.9	남	169	15.09	30.59	0.46	6.5	0.61	6.0	2.0	북동	37	9.6	1025.9	-	79	
2020-11-24 15:05:00	2.3	남동	145	15.09	30.59	0.50	5.8	0.64	6.0	1.3	북북동	21	9.5	1025.9	-	47	
2020-11-24 15:10:00	1.8	남	169	15.09	30.59	0.63	6.1	0.79	6.0	1.4	북북동	29	9.7	1025.9	-	36	
2020-11-24 15:15:00	2.5	남남동	165	15.09	30.58	0.57	6.4	0.81	6.5	0.8	북동	46	9.7	1025.9	-	76	
2020-11-24 15:20:00	3.1	남동	137	15.10	30.59	0.58	6.1	0.72	5.5	1.1	북	3	9.7	1025.9	-	49	
2020-11-24 15:25:00	2.7	남남동	155	15.10	30.59	0.52	5.6	0.76	5.0	1.5	북	352	9.7	1025.9	-	38	
2020-11-24 15:30:00	2.2	남동	125	15.10	30.60	0.55	6.1	0.79	6.5	1.7	북	357	9.6	1025.9	-	77	
2020-11-24 15:35:00	2.0	남동	131	15.10	30.58	0.53	6.4	0.82	6.0	0.6	북북서	330	9.5	1025.9	-	65	
2020-11-24 15:40:00	1.1	동북동	57	15.09	30.59	0.51	6.2	0.69	7.0	1.1	북북서	339	9.5	1025.9	-	346	
2020-11-24 15:45:00	1.6	남남서	199	15.09	30.57	0.54	6.0	0.76	6.0	1.4	북서	325	9.6	1025.9	-	55	
2020-11-24 15:50:00	2.2	동남동	120	15.09	30.59	0.54	5.3	0.73	6.0	1.7	북서	314	9.6	1026.0	-	15	
2020-11-24 15:55:00	1.4	동남동	120	15.09	30.57	0.57	6.3	0.85	7.0	1.5	북북서	338	9.6	1025.9	-	66	
2020-11-24 16:00:00	0.9	동	96	15.09	30.57	0.60	6.2	0.82	6.0	1.0	북	6	9.5	1026.0	-	58	
2020-11-24 16:05:00	1.4	동	85	15.09	30.57	0.57	5.8	0.94	5.5	1.0	북	351	9.6	1026.0	-	44	
2020-11-24 16:10:00	1.4	남남서	211	15.08	30.58	0.59	5.8	0.77	6.0	0.6	북북동	15	9.7	1026.0	-	76	
2020-11-24 16:15:00	0.9	동	97	15.09	30.55	0.61	6.0	0.80	5.5	0.8	북	8	9.7	1025.9	-	52	
2020-11-24 16:20:00	2.6	동	99	15.09	30.55	0.57	5.8	0.83	6.0	0.7	북	11	9.6	1025.9	-	62	
2020-11-24 16:25:00	0.6	동남동	103	15.09	30.56	0.61	6.5	0.82	5.0	0.6	북	349	9.7	1026.0	-	40	
2020-11-24 16:30:00	3.0	남남동	165	15.09	30.56	0.64	6.3	0.78	6.0	0.7	북	352	9.6	1026.0	-	19	
2020-11-24 16:35:00	1.3	남남동	161	15.09	30.56	0.61	6.3	0.87	5.5	1.1	북북동	13	9.7	1026.0	-	52	
2020-11-24 16:40:00	2.2	남동	139	15.09	30.53	0.48	6.1	0.66	6.0	0.7	북북동	12	9.7	1026.1	-	83	
2020-11-24 16:45:00	1.1	동북동	67	15.08	30.54	0.52	6.1	0.71	6.5	0.2	북동	46	9.6	1026.1	-	48	
2020-11-24 16:50:00	1.1	북북동	13	15.08	30.58	0.52	5.6	0.78	6.0	0.2	북	354	9.6	1026.1	-	37	
2020-11-24 16:55:00	2.2	북북서	336	15.08	30.60	0.54	6.2	0.82	6.0	1.1	북	350	9.6	1026.1	-	11	
2020-11-24 17:00:00	1.3	북북동	31	15.08	30.59	0.53	6.0	0.66	5.5	0.9	북	353	9.6	1026.1	-	45	
2020-11-24 17:05:00	1.2	남동	128	15.09	30.60	0.57	6.2	0.80	6.0	0.7	북	349	9.6	1026.1	-	30	
2020-11-24 17:10:00	0.6	남동	135	15.08	30.59	0.55	5.6	0.76	6.0	0.3	북북서	346	9.6	1026.0	-	60	
2020-11-24 17:15:00	2.1	동남동	110	15.08	30.58	0.52	6.0	0.70	7.5	0.2	서	278	9.6	1025.9	-	15	
2020-11-24 17:20:00	0.4	남동	128	15.08	30.59	0.50	5.9	0.71	6.0	0.1	서북서	289	9.6	1025.8	-	61	
2020-11-24 17:25:00	1.7	동남동	117	15.08	30.61	0.49	6.2	0.79	5.5	0.5	서	279	9.6	1025.9	-	47	
2020-11-24 17:30:00	0.6	동남동	117	15.08	30.63	0.59	5.9	0.79	6.0	1.0	남서	223	9.8	1025.8	-	56	
2020-11-24 17:35:00	0.6	북북동	29	15.08	30.64	0.44	6.3	0.65	7.0	0.9	서북서	292	9.8	1025.9	-	64	
2020-11-24 17:40:00	1.0	동남동	107	15.08	30.65	0.58	6.0	0.80	6.0	2.0	서	264	9.7	1025.9	-	75	
2020-11-24 17:45:00	0.7	동남동	117	15.09	30.66	0.49	5.7	0.84	5.5	2.4	서	259	9.6	1025.9	-	183	
2020-11-24 17:50:00	1.2	서	276	15.08	30.68	0.55	6.2	0.64	5.5	2.3	서남서	249	9.6	1026.0	-	36	
2020-11-24 17:55:00	-	-	-	-	-	-	-	-	-	-	-	-	-	-	-	-	
2020-11-24 18:00:00	0.4	동북동	59	15.08	30.68	0.56	6.6	0.72	7.0	2.2	남서	232	9.5	1026.0	-	80	
2020-11-24 18:05:00	1.5	동남동	112	15.08	30.70	0.51	5.9	0.79	6.0	2.3	서남서	238	9.4	1026.1	-	66	
2020-11-24 18:10:00	0.1	북	3	15.07	30.71	0.49	6.1	0.70	6.5	2.2	서남서	243	9.4	1026.1	-	46	
2020-11-24 18:15:00	1.0	북서	308	15.08	30.69	0.49	6.7	0.64	6.0	2.5	서	259	9.4	1026.1	-	52	
2020-11-24 18:20:00	1.4	서남서	255	15.08	30.71	0.59	5.8	0.91	6.5	2.4	서	268	9.3	1026.1	-	64	
2020-11-24 18:25:00	1.0	남남동	152	15.08	30.73	0.54	6.6	0.73	8.0	2.3	서	263	9.4	1026.2	-	70	
2020-11-24 18:30:00	2.5	남남동	160	15.07	30.71	0.54	5.8	0.82	5.5	2.4	서	272	9.3	1026.2	-	56	
2020-11-24 18:35:00	2.9	남남동	155	15.08	30.72	0.49	5.5	0.70	6.0	2.7	서북서	283	9.4	1026.3	-	55	
2020-11-24 18:40:00	1.5	북동	44	15.08	30.71	0.49	6.3	0.70	7.5	2.8	서	273	9.4	1026.3	-	52	
2020-11-24 18:45:00	3.2	남남동	169	15.08	30.74	0.53	5.9	0.74	6.5	2.6	서	260	9.5	1026.2	-	64	
2020-11-24 18:50:00	2.1	남	175	15.09	30.72	0.52	6.2	0.66	6.0	2.4	서남서	255	9.4	1026.1	-	71	
2020-11-24 18:55:00	0.9	남동	143	15.09	30.73	0.60	6.6	0.75	7.0	2.6	서	269	9.2	1026.1	-	42	
2020-11-24 19:00:00	3.3	남동	141	15.09	30.73	0.48	6.3	0.59	7.5	2.3	서	260	9.1	1026.1	-	33	
2020-11-24 19:05:00	2.4	남	177	15.08	30.73	0.57	6.9	0.90	7.5	1.9	서남서	244	9.0	1026.0	-	39	
2020-11-24 19:10:00	1.2	남동	140	15.09	30.71	0.54	6.1	0.84	6.5	2.1	서남서	254	8.8	1026.0	-	73	
2020-11-24 19:15:00	2.3	남동	138	15.09	30.73	0.57	6.3	0.89	6.5	2.3	서남서	249	8.8	1026.1	-	67	
2020-11-24 19:20:00	1.8	남	186	15.09	30.74	0.55	7.1	0.79	6.0	2.4	서남서	247	8.7	1026.1	-	51	
2020-11-24 19:25:00	2.0	남남동	166	15.08	30.72	0.66	7.2	0.75	8.5	2.6	서남서	246	8.5	1026.0	-	52	
2020-11-24 19:30:00	3.0	동	87	15.08	30.74	0.61	7.0	0.78	6.5	2.9	서남서	238	8.4	1026.0	-	20	
2020-11-24 19:35:00	1.8	동	99	15.09	30.72	0.61	6.7	1.19	6.5	3.0	서남서	241	8.5	1026.1	-	46	
2020-11-24 19:40:00	0.4	서남서	241	15.08	30.75	0.66	7.0	0.90	7.5	3.1	남서	230	8.6	1026.2	-	36	
2020-11-24 19:45:00	1.3	동	91	15.09	30.75	0.66	7.4	0.90	7.5	3.0	남서	233	8.2	1026.3	-	48	
2020-11-24 19:50:00	1.1	북북동	20	15.09	30.73	0.67	6.8	0.90	6.0	2.8	서남서	241	8.2	1026.3	-	17	
2020-11-24 19:55:00	0.3	남남동	165	15.07	30.74	0.59	7.1	1.03	6.5	2.6	서남서	240	8.0	1026.3	-	11	
2020-11-24 20:00:00	1.6	동남동	114	15.07	30.75	0.75	6.7	1.01	6.5	2.5	남서	226	8.0	1026.3	-	60	
2020-11-24 20:05:00	2.4	동남동	102	15.07	30.74	0.66	7.3	0.90	6.5	2.4	남서	224	7.9	1026.3	-	36	
2020-11-24 20:10:00	3.0	동남동	121	15.09	30.74	0.60	6.5	0.89	7.5	2.2	서남서	237	7.9	1026.3	-	12	
2020-11-24 20:15:00	1.6	남동	128	15.08	30.72	0.68	7.5	0.85	7.0	2.6	서남서	254	7.9	1026.3	-	40	
2020-11-24 20:20:00	1.5	남동	146	15.07	30.75	0.65	7.6	0.86	9.0	3.5	서남서	255	7.7	1026.2	-	28	
2020-11-24 20:25:00	2.5	남동	146	15.07	30.73	0.91	7.2	1.36	6.5	3.8	서남서	255	7.5	1026.2	-	38	
2020-11-24 20:30:00	4.3	동	98	15.06	30.75	0.69	7.1	0.86	7.0	3.6	서	262	7.6	1026.2	-	44	
2020-11-24 20:35:00	1.9	남남동	164	15.06	30.75	0.70	7.2	0.81	8.0	3.0	서	279	7.7	1026.3	-	30	
2020-11-24 20:40:00	0.9	남남서	203	15.06	30.75	0.75	7.6	1.13	8.0	3.3	서북서	293	7.8	1026.3	-	23	
2020-11-24 20:45:00	2.9	남동	144	15.06	30.75	0.76	7.9	1.12	7.5	3.9	서북서	292	7.6	1026.4	-	27	
2020-11-24 20:50:00	2.5	남남동	158	15.05	30.74	0.67	7.3	0.92	7.0	3.4	서	276	7.2	1026.4	-	25	
2020-11-24 20:55:00	3.4	남동	127	15.05	30.75	0.73	7.7	0.93	6.5	3.3	서	280	7.6	1026.3	-	34	
2020-11-24 21:00:00	4.2	동남동	105	15.06	30.76	0.80	7.2	1.14	7.5	3.2	서	279	7.5	1026.3	-	21	
2020-11-24 21:05:00	5.0	남남동	157	15.05	30.75	0.82	7.2	1.10	6.0	3.0	서	275	7.5	1026.3	-	34	
2020-11-24 21:10:00	2.8	남	189	15.05	30.74	0.66	7.0	0.89	6.5	3.0	서	266	7.6	1026.4	-	27	
2020-11-24 21:15:00	5.0	남남동	153	15.05	30.74	0.63	7.5	0.86	6.5	3.1	서	261	7.5	1026.4	-	20	
2020-11-24 21:20:00	3.0	남	178	15.04	30.74	0.84	7.5	1.17	6.5	3.1	서남서	255	7.2	1026.5	-	10	
2020-11-24 21:25:00	1.9	남남서	192	15.04	30.74	0.67	7.4	0.88	7.0	2.8	서	262	7.1	1026.4	-	37	
2020-11-24 21:30:00	2.9	남	179	15.05	30.75	0.87	7.5	1.11	7.5	3.2	서남서	253	7.3	1026.4	-	34	
2020-11-24 21:35:00	3.2	남남동	149	15.03	30.74	0.86	7.8	1.03	6.0	3.1	서남서	247	6.9	1026.4	-	29	
2020-11-24 21:40:00	3.3	남남동	163	15.03	30.75	0.80	7.2	1.06	9.0	3.2	서남서	251	6.9	1026.4	-	25	
2020-11-24 21:45:00	2.4	남동	124	15.03	30.76	0.71	7.3	0.84	6.5	3.0	서남서	248	7.1	1026.4	-	39	
2020-11-24 21:50:00	6.4	남남동	147	15.05	30.74	0.77	7.5	1.01	7.5	3.2	서남서	243	7.1	1026.4	-	36	
2020-11-24 21:55:00	3.5	남남동	157	15.05	30.75	0.82	7.3	1.12	7.0	3.1	남서	232	7.3	1026.4	-	24	
2020-11-24 22:00:00	2.7	남동	126	15.04	30.75	0.76	7.0	1.15	6.5	3.1	남서	221	7.2	1026.4	-	25	
2020-11-24 22:05:00	3.7	남	180	15.03	30.75	0.77	7.0	0.98	8.0	3.3	남서	219	7.0	1026.5	-	31	
2020-11-24 22:10:00	2.6	남	190	15.03	30.74	0.90	6.8	1.33	6.0	3.3	남서	223	6.7	1026.5	-	42	
2020-11-24 22:15:00	2.7	동남동	111	15.01	30.73	0.70	6.5	0.95	7.0	2.9	남서	221	6.5	1026.6	-	24	
2020-11-24 22:20:00	4.7	남동	142	15.01	30.72	0.85	7.1	1.13	6.0	2.5	남서	225	6.5	1026.6	-	36	
2020-11-24 22:25:00	2.7	남남동	146	15.01	30.74	0.91	7.0	1.61	7.0	2.9	남서	229	6.4	1026.6	-	35	
2020-11-24 22:30:00	5.1	남남동	162	15.02	30.74	0.86	7.0	1.27	7.0	2.9	남서	235	6.4	1026.6	-	16	
2020-11-24 22:35:00	2.2	남남동	153	15.02	30.73	0.79	6.7	0.96	6.5	3.5	남서	229	6.3	1026.7	-	54	
2020-11-24 22:40:00	5.3	남남동	162	15.01	30.74	0.79	6.7	1.03	6.5	3.3	남서	223	6.2	1026.7	-	18	
2020-11-24 22:45:00	3.3	남남동	153	15.01	30.72	0.83	7.0	1.12	6.5	2.6	남서	231	6.1	1026.6	-	34	
2020-11-24 22:50:00	2.0	동남동	116	15.01	30.73	0.67	6.9	1.16	7.0	3.2	남서	236	6.0	1026.6	-	34	
2020-11-24 22:55:00	4.4	남	169	15.03	30.72	0.75	6.7	1.02	6.0	3.5	남서	224	6.5	1026.5	-	43	
2020-11-24 23:00:00	3.3	남남동	157	15.02	30.71	0.85	6.9	1.50	7.0	4.3	남서	230	7.1	1026.5	-	26	
2020-11-24 23:05:00	4.5	남	177	15.02	30.72	0.73	6.5	0.97	6.5	4.2	남서	233	7.2	1026.5	-	21	
2020-11-24 23:10:00	4.3	남남동	150	15.04	30.73	0.93	6.8	1.51	6.0	4.3	남서	231	7.4	1026.5	-	47	
2020-11-24 23:15:00	5.4	남	178	15.05	30.74	0.81	7.2	1.07	7.5	4.0	남서	235	7.6	1026.5	-	43	
2020-11-24 23:20:00	3.9	남남동	150	15.04	30.73	0.80	7.0	1.20	6.5	4.7	남서	235	7.5	1026.4	-	44	
2020-11-24 23:25:00	3.9	남	172	15.05	30.74	0.82	7.1	1.18	6.5	4.6	남서	229	7.4	1026.5	-	55	
2020-11-24 23:30:00	2.7	남남동	156	15.06	30.77	0.82	7.1	1.30	7.5	4.7	남서	231	7.3	1026.5	-	22	
2020-11-24 23:35:00	6.4	남남동	149	15.06	30.76	0.79	6.9	1.12	6.5	4.6	남서	228	7.5	1026.4	-	24	
2020-11-24 23:40:00	4.8	남	179	15.07	30.74	0.86	6.3	1.29	7.0	4.1	남서	226	7.4	1026.3	-	26	
2020-11-24 23:45:00	2.4	남동	137	15.07	30.74	0.78	6.3	1.07	6.5	4.4	남서	228	7.5	1026.3	-	52	
2020-11-24 23:50:00	6.6	남	176	15.07	30.76	0.95	6.8	1.67	7.0	4.0	서남서	241	7.6	1026.1	-	44	
2020-11-24 23:55:00	1.2	남남동	157	15.08	30.75	0.76	6.4	1.15	7.0	4.2	서남서	237	7.5	1026.1	-	45	
2020-11-25 00:00:00	3.5	동남동	123	15.08	30.76	0.89	7.5	1.34	7.0	4.3	서남서	244	7.7	1026.1	-	45	
2020-11-25 00:05:00	1.8	동	100	15.08	30.77	0.93	6.9	1.19	7.0	4.3	서	271	7.4	1026.0	-	29	
2020-11-25 00:10:00	2.4	동남동	124	15.07	30.77	0.82	6.7	1.12	6.0	4.3	서	274	6.9	1026.0	-	22	
2020-11-25 00:15:00	2.5	동남동	105	15.06	30.76	0.80	7.0	1.04	7.5	3.8	서	263	6.9	1026.0	-	42	
2020-11-25 00:20:00	3.9	남남동	156	15.08	30.77	0.73	6.3	1.08	6.5	3.9	서남서	253	6.9	1026.0	-	67	
2020-11-25 00:25:00	2.9	남남동	154	15.07	30.77	0.74	6.4	0.84	6.5	4.0	서남서	247	6.9	1026.0	-	46	
2020-11-25 00:30:00	0.8	동남동	112	15.07	30.76	0.70	6.5	1.01	7.0	3.9	서남서	247	6.9	1026.0	-	28	
2020-11-25 00:35:00	3.6	남동	136	15.08	30.79	0.65	6.5	0.98	6.0	3.7	서남서	247	7.0	1026.0	-	16	
2020-11-25 00:40:00	6.6	남	173	15.09	30.79	0.73	6.5	0.99	6.5	4.1	서남서	246	7.1	1025.9	-	41	
2020-11-25 00:45:00	4.2	남	187	15.10	30.79	0.75	6.5	1.26	6.0	4.6	서남서	242	7.0	1025.8	-	13	
2020-11-25 00:50:00	1.9	남동	145	15.09	30.78	0.84	6.2	1.29	5.5	4.9	서남서	247	6.9	1025.7	-	52	
2020-11-25 00:55:00	4.9	남	177	15.09	30.79	0.97	6.9	1.47	7.0	4.8	서남서	249	7.3	1025.6	-	43	
2020-11-25 01:00:00	3.2	남남서	194	15.10	30.79	0.87	6.3	1.09	6.5	4.7	서남서	250	7.3	1025.6	-	33	
2020-11-25 01:05:00	2.9	남	183	15.09	30.79	0.77	7.0	0.99	6.5	4.8	서남서	247	7.2	1025.5	-	47	
2020-11-25 01:10:00	4.0	남서	214	15.10	30.79	0.90	6.4	1.21	6.5	4.5	서남서	246	7.2	1025.5	-	43	
2020-11-25 01:15:00	3.0	남	185	15.09	30.78	0.77	6.5	1.10	6.0	4.3	서남서	245	7.1	1025.3	-	49	
2020-11-25 01:20:00	3.7	남남서	195	15.09	30.81	0.80	7.1	1.07	6.5	4.1	서남서	238	7.1	1025.3	-	10	
2020-11-25 01:25:00	2.0	남서	222	15.09	30.78	0.80	6.0	1.04	6.0	4.3	남서	228	7.1	1025.3	-	54	
2020-11-25 01:30:00	3.2	남남서	194	15.08	30.79	0.85	6.5	1.31	6.5	4.2	남서	232	6.6	1025.3	-	41	
2020-11-25 01:35:00	2.7	남남서	193	15.07	30.80	0.72	6.3	1.02	5.5	4.8	서남서	240	7.1	1025.3	-	356	
2020-11-25 01:40:00	2.8	남남서	208	15.09	30.78	0.85	6.6	1.31	6.0	4.4	남서	236	7.3	1025.2	-	35	
2020-11-25 01:45:00	0.8	남남서	211	15.09	30.77	0.78	6.3	1.04	6.0	4.4	서남서	240	7.3	1025.3	-	35	
2020-11-25 01:50:00	2.0	남	185	15.09	30.78	0.90	6.4	1.32	7.0	4.8	남서	231	7.2	1025.2	-	46	
2020-11-25 01:55:00	3.1	남	172	15.07	30.79	0.74	6.5	0.96	7.0	4.4	남서	233	7.1	1025.2	-	42	
2020-11-25 02:00:00	1.4	남남동	164	15.07	30.79	0.84	6.6	1.36	5.5	4.1	서남서	245	7.0	1025.2	-	58	
2020-11-25 02:05:00	2.7	남남동	148	15.06	30.80	0.73	6.5	0.95	7.0	3.9	서남서	247	6.9	1025.2	-	24	
2020-11-25 02:10:00	2.9	남남동	149	15.07	30.80	0.95	7.0	1.48	6.5	4.3	서남서	244	6.9	1025.2	-	49	
2020-11-25 02:15:00	0.5	남동	134	15.07	30.79	0.75	6.5	0.85	6.5	4.6	남서	224	7.0	1025.2	-	37	
2020-11-25 02:20:00	3.1	동남동	123	15.08	30.79	0.85	6.2	1.19	6.0	4.0	남서	226	6.6	1025.2	-	22	
2020-11-25 02:25:00	3.0	남남동	156	15.06	30.80	0.69	6.2	0.85	6.5	4.0	남서	230	6.5	1025.2	-	57	
2020-11-25 02:30:00	3.4	남동	144	15.05	30.80	0.80	6.5	1.01	7.0	3.8	남서	227	6.5	1025.2	-	30	
2020-11-25 02:35:00	2.0	남서	215	15.05	30.80	0.83	6.2	1.21	6.5	3.7	남서	230	6.7	1025.2	-	54	
2020-11-25 02:40:00	3.0	남남동	153	15.05	30.79	0.69	6.1	0.96	6.0	4.5	남서	232	7.1	1025.3	-	48	
2020-11-25 02:45:00	1.0	남	171	15.05	30.80	0.85	6.1	1.13	5.5	4.9	남서	234	7.2	1025.2	-	33	
2020-11-25 02:50:00	3.2	남동	134	15.05	30.81	0.80	6.6	1.12	6.0	4.8	남서	236	7.3	1025.1	-	41	
2020-11-25 02:55:00	2.9	남	184	15.06	30.82	0.80	6.2	1.06	6.0	5.0	서남서	243	7.6	1025.1	-	50	
2020-11-25 03:00:00	0.2	동남동	102	15.06	30.82	0.66	6.3	0.99	6.0	5.2	남서	229	7.6	1025.2	-	20	
2020-11-25 03:05:00	2.0	남남서	199	15.07	30.80	0.79	5.7	1.01	6.0	5.0	남서	234	7.5	1025.1	-	53	
2020-11-25 03:10:00	1.4	남남서	196	15.07	30.81	0.80	6.1	0.89	7.0	5.1	남서	234	7.6	1025.1	-	48	
2020-11-25 03:15:00	1.2	남서	223	15.07	30.80	0.74	6.0	1.22	6.5	5.1	서남서	237	7.8	1025.0	-	60	
2020-11-25 03:20:00	1.3	북북서	333	15.07	30.81	0.73	6.8	0.87	6.5	5.3	서남서	237	7.9	1024.9	-	41	
2020-11-25 03:25:00	1.5	서북서	298	15.07	30.81	0.78	6.3	1.01	7.0	4.7	서남서	246	7.7	1024.9	-	41	
2020-11-25 03:30:00	2.5	남서	220	15.07	30.80	0.64	6.8	0.96	7.0	4.5	서남서	251	7.7	1024.9	-	57	
2020-11-25 03:35:00	3.3	남남동	148	15.07	30.80	0.65	6.2	0.88	5.5	3.8	서남서	249	7.5	1024.9	-	46	
2020-11-25 03:40:00	-	-	-	-	-	-	-	-	-	-	-	-	-	-	-	-	
2020-11-25 03:45:00	1.1	서북서	302	15.07	30.81	0.70	6.0	0.95	5.5	3.4	남서	236	7.4	1024.8	-	56	
2020-11-25 03:50:00	1.7	남	178	15.07	30.80	0.65	5.9	0.94	6.5	3.8	서남서	239	7.5	1024.7	-	76	
2020-11-25 03:55:00	2.2	서북서	296	15.07	30.82	0.69	6.3	1.03	5.5	4.5	남서	233	7.4	1024.6	-	45	
2020-11-25 04:00:00	0.1	북북동	29	15.07	30.82	0.58	6.2	0.76	7.0	4.9	남서	224	7.2	1024.6	-	43	
2020-11-25 04:05:00	1.6	남서	226	15.07	30.79	0.60	6.1	0.78	6.5	4.8	남서	224	7.1	1024.6	-	26	
2020-11-25 04:10:00	2.2	서남서	258	15.06	30.80	0.65	6.3	0.83	6.0	4.5	남서	232	7.1	1024.6	-	45	
2020-11-25 04:15:00	1.4	남남서	209	15.06	30.81	0.72	6.1	0.90	5.5	4.4	남서	234	7.2	1024.6	-	54	
2020-11-25 04:20:00	1.1	서남서	257	15.05	30.80	0.58	6.4	0.78	5.5	3.8	서남서	247	7.2	1024.6	-	39	
2020-11-25 04:25:00	1.7	남남서	209	15.03	30.82	0.70	6.3	0.91	7.0	3.6	서남서	250	7.0	1024.6	-	34	
2020-11-25 04:30:00	1.3	남서	219	15.05	30.82	0.64	6.1	0.75	4.5	3.7	서남서	258	7.1	1024.6	-	74	
2020-11-25 04:35:00	3.2	서북서	283	15.06	30.83	0.59	6.4	0.85	6.5	3.9	서	267	7.1	1024.6	-	91	
2020-11-25 04:40:00	1.6	남서	224	15.06	30.81	0.56	6.2	0.82	5.0	3.7	서	272	6.9	1024.6	-	55	
2020-11-25 04:45:00	1.0	남서	222	15.05	30.81	0.69	6.1	0.93	5.0	3.5	서남서	254	7.1	1024.6	-	45	
2020-11-25 04:50:00	2.3	서북서	283	15.05	30.82	0.61	6.3	0.86	6.0	3.7	서남서	248	7.2	1024.7	-	42	
2020-11-25 04:55:00	1.2	서	278	15.04	30.82	0.76	6.8	0.99	7.0	3.8	서남서	244	7.4	1024.7	-	43	
2020-11-25 05:00:00	0.6	남동	137	15.03	30.80	0.56	6.4	0.91	6.0	3.6	서남서	247	7.5	1024.7	-	29	
2020-11-25 05:05:00	0.4	남동	141	15.04	30.81	0.72	6.0	1.09	5.5	4.3	남서	235	7.7	1024.7	-	43	
2020-11-25 05:10:00	0.6	동북동	76	15.03	30.80	0.67	6.3	0.89	5.5	4.7	남서	235	7.7	1024.7	-	35	
2020-11-25 05:15:00	2.3	남동	126	15.03	30.82	0.65	6.3	0.79	6.0	4.7	남서	234	7.7	1024.7	-	57	
2020-11-25 05:20:00	1.2	동남동	116	15.03	30.81	0.71	6.2	1.17	6.0	4.6	남서	235	7.9	1024.6	-	44	
2020-11-25 05:25:00	0.6	동	80	15.02	30.80	0.66	6.1	1.09	6.0	4.6	서남서	245	7.9	1024.6	-	35	
2020-11-25 05:30:00	1.4	남남동	147	15.03	30.80	0.53	6.3	0.76	6.5	4.3	서남서	246	7.6	1024.6	-	26	
2020-11-25 05:35:00	0.4	서	270	15.02	30.80	0.70	6.1	1.15	6.5	4.1	서남서	244	7.6	1024.6	-	33	
2020-11-25 05:40:00	2.3	남남서	196	15.02	30.80	0.63	6.7	1.09	6.0	4.0	서남서	246	7.6	1024.5	-	51	
2020-11-25 05:45:00	2.9	남남동	148	15.02	30.78	0.56	5.8	0.75	5.5	4.4	서남서	239	7.7	1024.5	-	29	
2020-11-25 05:50:00	0.7	서남서	244	15.02	30.78	0.61	6.2	1.03	6.5	4.4	서남서	237	7.6	1024.5	-	24	
2020-11-25 05:55:00	2.4	동남동	121	15.02	30.80	0.50	6.3	0.85	7.0	3.9	서남서	240	7.5	1024.4	-	64	
2020-11-25 06:00:00	2.1	남남동	155	15.02	30.81	0.66	5.9	0.81	6.0	4.3	서남서	242	7.6	1024.4	-	60	
2020-11-25 06:05:00	2.5	남남서	192	15.02	30.77	0.52	6.1	0.68	6.0	4.4	서남서	238	7.7	1024.5	-	58	
2020-11-25 06:10:00	2.1	남남동	147	15.03	30.79	0.63	6.1	0.77	6.5	4.1	남서	234	7.5	1024.6	-	43	
2020-11-25 06:15:00	1.7	남남서	212	15.03	30.80	0.52	5.8	0.91	6.0	4.1	서남서	243	7.6	1024.6	-	68	
2020-11-25 06:20:00	0.9	남남서	198	15.03	30.80	0.47	5.4	0.67	6.0	4.1	서남서	237	7.5	1024.6	-	50	
2020-11-25 06:25:00	1.6	남남서	195	15.03	30.80	0.56	5.9	0.71	6.5	3.5	서남서	238	7.6	1024.5	-	44	
2020-11-25 06:30:00	2.7	남남서	212	15.03	30.78	0.52	5.7	0.72	6.5	3.7	서남서	242	7.6	1024.6	-	46	
2020-11-25 06:35:00	1.5	남	190	15.02	30.78	0.58	5.7	0.88	5.5	4.0	서남서	244	7.6	1024.6	-	3	
2020-11-25 06:40:00	2.3	남남동	163	15.02	30.79	0.53	6.4	0.71	5.5	4.6	서남서	247	7.5	1024.7	-	49	
2020-11-25 06:45:00	2.8	남남서	209	15.02	30.76	0.50	5.8	0.64	6.0	4.7	서남서	244	7.3	1024.7	-	90	
2020-11-25 06:50:00	0.8	남남서	194	15.01	30.75	0.56	6.0	0.96	5.5	4.9	남서	235	7.5	1024.7	-	48	
2020-11-25 06:55:00	3.2	동남동	123	14.99	30.75	0.69	6.6	0.93	6.5	5.0	남서	232	7.3	1024.8	-	44	
2020-11-25 07:00:00	2.6	남	191	14.99	30.74	0.49	5.7	0.88	4.5	5.1	남서	234	7.4	1024.9	-	58	
2020-11-25 07:05:00	3.7	남동	137	14.99	30.76	0.56	5.8	0.76	5.0	5.1	남서	236	7.3	1024.9	-	41	
2020-11-25 07:10:00	3.4	남동	141	15.00	30.75	0.52	5.5	0.68	6.5	5.5	서남서	238	7.4	1024.9	-	65	
2020-11-25 07:15:00	1.7	남동	133	15.00	30.77	0.61	6.4	0.74	6.0	5.8	남서	236	7.4	1025.0	-	37	
2020-11-25 07:20:00	1.5	남	174	15.01	30.76	0.55	6.4	0.95	6.5	5.4	남서	232	7.6	1025.0	-	66	
2020-11-25 07:25:00	2.0	동남동	121	15.01	30.77	0.57	6.1	1.34	6.0	5.2	남서	231	7.4	1025.1	-	49	
2020-11-25 07:30:00	2.3	동남동	110	14.99	30.76	0.45	5.9	0.57	5.5	5.6	서남서	238	7.6	1025.3	-	30	
2020-11-25 07:35:00	1.5	남남서	198	15.00	30.75	0.48	5.7	0.70	6.0	5.7	서남서	244	7.8	1025.4	-	59	
2020-11-25 07:40:00	1.4	남남서	197	15.00	30.76	0.46	5.6	0.65	5.5	4.9	서남서	254	7.6	1025.5	-	37	
2020-11-25 07:45:00	1.3	서북서	302	15.00	30.76	0.43	5.5	0.71	6.0	4.7	서남서	255	7.5	1025.6	-	13	
2020-11-25 07:50:00	0.8	북서	313	15.01	30.75	0.48	5.8	0.63	6.5	4.4	서남서	238	7.4	1025.6	-	58	
2020-11-25 07:55:00	2.1	남남서	197	15.00	30.75	0.48	6.1	0.68	6.0	4.6	남서	227	7.6	1025.6	-	29	
2020-11-25 08:00:00	3.2	남남동	162	15.00	30.75	0.53	5.4	0.75	6.5	4.9	남서	226	7.5	1025.5	-	78	
2020-11-25 08:05:00	1.5	북서	305	15.01	30.76	0.41	5.6	0.55	6.5	5.4	남서	221	7.7	1025.3	-	49	
2020-11-25 08:10:00	2.8	남남서	196	15.00	30.76	0.48	5.4	0.63	5.5	5.9	남서	226	7.8	1025.4	-	81	
2020-11-25 08:15:00	1.6	남남서	199	14.98	30.76	0.48	5.6	0.68	5.5	6.1	남서	233	8.0	1025.5	-	65	
2020-11-25 08:20:00	2.6	남남동	160	14.98	30.75	0.45	5.9	0.78	6.5	5.5	남서	235	8.0	1025.5	-	27	
2020-11-25 08:25:00	3.7	남서	236	14.99	30.77	0.51	6.1	0.78	5.5	5.3	남서	234	8.2	1025.5	-	50	
2020-11-25 08:30:00	3.3	남남서	195	14.98	30.75	0.49	5.9	0.59	6.0	5.5	서남서	241	8.2	1025.5	-	50	
2020-11-25 08:35:00	0.0	남	184	14.99	30.76	0.46	5.8	0.55	6.0	5.0	서남서	239	8.2	1025.4	-	37	
2020-11-25 08:40:00	1.6	서남서	237	15.00	30.77	0.50	5.4	0.62	4.0	4.7	남서	236	8.4	1025.4	-	50	
2020-11-25 08:45:00	0.5	동남동	105	14.99	30.76	0.49	6.0	0.73	6.5	4.3	서남서	240	8.4	1025.4	-	60	
2020-11-25 08:50:00	4.3	남	185	14.99	30.76	0.52	5.8	0.63	6.5	4.3	서남서	237	8.4	1025.4	-	63	
2020-11-25 08:55:00	3.2	남	189	14.98	30.76	0.50	5.8	0.63	6.5	5.0	서남서	244	8.2	1025.3	-	32	
2020-11-25 09:00:00	4.6	남남동	167	14.98	30.78	0.46	5.9	0.63	5.0	5.2	서남서	243	8.2	1025.4	-	59	
2020-11-25 09:05:00	2.5	남남동	151	14.99	30.77	0.47	5.9	0.54	5.5	5.5	서남서	239	8.3	1025.4	-	49	
2020-11-25 09:10:00	4.3	남남서	198	15.01	30.78	0.45	5.4	0.73	6.0	5.2	서남서	238	8.4	1025.5	-	63	
2020-11-25 09:15:00	1.8	남남서	196	15.00	30.77	0.42	6.2	0.57	4.5	5.5	서남서	239	8.7	1025.5	-	60	
2020-11-25 09:20:00	2.7	남	189	15.00	30.77	0.50	5.9	0.74	6.5	5.3	서남서	241	8.8	1025.5	-	69	
2020-11-25 09:25:00	3.6	남서	216	15.00	30.78	0.46	6.2	0.56	6.0	4.9	서남서	238	9.0	1025.5	-	66	
2020-11-25 09:30:00	1.3	남남동	156	14.99	30.77	0.53	5.8	0.71	5.5	5.0	남서	231	8.8	1025.5	-	40	
2020-11-25 09:35:00	1.9	남동	131	14.98	30.77	0.47	6.4	0.69	7.5	4.4	남서	224	8.9	1025.5	-	38	
2020-11-25 09:40:00	3.2	남	183	14.98	30.77	0.46	5.7	0.65	5.5	3.9	남서	220	8.9	1025.5	-	31	
2020-11-25 09:45:00	2.4	남서	218	14.98	30.79	0.49	6.2	0.72	5.5	3.7	남서	219	9.0	1025.4	-	37	
2020-11-25 09:50:00	1.4	남동	142	14.98	30.77	0.45	5.6	0.59	6.0	4.0	남서	230	9.2	1025.3	-	30	
2020-11-25 09:55:00	1.4	남동	138	14.98	30.78	0.42	5.7	0.62	7.0	4.3	서남서	239	9.2	1025.3	-	60	
2020-11-25 10:00:00	2.9	서남서	239	14.98	30.77	0.43	6.2	0.57	5.5	4.0	남서	235	9.4	1025.3	-	33	
2020-11-25 10:05:00	1.1	남남동	165	14.98	30.79	0.37	5.6	0.61	5.0	3.7	남서	236	9.5	1025.4	-	56	
2020-11-25 10:10:00	2.1	남동	137	14.96	30.80	0.47	5.8	0.60	6.0	3.7	서남서	238	9.5	1025.3	-	24	
2020-11-25 10:15:00	3.2	남남동	159	14.96	30.79	0.42	5.9	0.56	6.0	3.4	서남서	243	9.6	1025.2	-	64	
2020-11-25 10:20:00	5.6	남남동	155	14.96	30.81	0.38	5.9	0.55	5.0	3.7	서남서	245	9.6	1025.2	-	30	
2020-11-25 10:25:00	6.6	남남동	165	14.97	30.81	0.42	6.1	0.69	5.5	3.9	서남서	248	9.7	1025.2	-	40	
2020-11-25 10:30:00	6.1	남남동	162	14.97	30.81	0.39	5.7	0.66	5.5	3.8	서남서	245	9.7	1025.3	-	42	
2020-11-25 10:35:00	3.9	남남동	160	14.97	30.81	0.42	6.0	0.60	6.0	3.0	서남서	251	9.9	1025.2	-	61	
2020-11-25 10:40:00	7.0	남동	142	14.98	30.82	0.46	5.9	0.64	6.0	3.3	서남서	246	10.0	1025.1	-	49	
2020-11-25 10:45:00	8.7	남남동	155	14.99	30.83	0.43	6.5	0.75	6.0	3.3	서남서	249	10.1	1025.1	-	48	
2020-11-25 10:50:00	6.4	남	171	15.00	30.81	0.40	6.0	0.66	6.0	2.1	서	261	10.2	1025.2	-	25	
2020-11-25 10:55:00	8.3	남남동	153	15.00	30.82	0.46	5.7	0.59	6.0	2.5	서남서	237	10.2	1025.2	-	36	
2020-11-25 11:00:00	7.4	남남동	165	15.00	30.81	0.38	5.7	0.48	6.5	2.1	서남서	249	10.5	1025.1	-	38	
2020-11-25 11:05:00	6.7	남남동	148	15.01	30.80	0.38	5.7	0.49	6.5	1.4	서남서	252	11.2	1025.0	-	72	
2020-11-25 11:10:00	3.5	남남동	161	15.01	30.81	0.40	5.7	0.50	7.5	1.7	서남서	253	11.4	1024.9	-	54	
2020-11-25 11:15:00	7.1	남남동	163	15.02	30.80	0.44	5.7	0.57	6.5	2.6	서남서	258	11.3	1024.8	-	17	
2020-11-25 11:20:00	6.7	남남동	163	15.02	30.81	0.45	5.8	0.63	6.0	2.4	서남서	255	11.5	1024.7	-	36	
2020-11-25 11:25:00	7.2	남남동	155	15.03	30.81	0.33	5.3	0.47	6.0	6.9	북서	306	11.7	1024.6	-	3	
2020-11-25 11:30:00	8.4	남동	146	15.02	30.80	0.46	6.1	0.57	5.5	7.3	서북서	302	11.8	1024.4	-	55	
2020-11-25 11:35:00	5.7	남남동	157	15.02	30.81	0.44	5.3	0.68	5.0	7.8	서북서	296	11.7	1024.4	-	49	
2020-11-25 11:40:00	7.7	남동	143	15.02	30.82	0.53	5.7	0.68	6.0	8.1	서북서	300	11.7	1024.3	-	38	
2020-11-25 11:45:00	4.4	남남동	154	15.01	30.80	0.41	4.8	0.50	4.5	7.5	서북서	297	11.7	1024.3	-	40	
2020-11-25 11:50:00	6.3	남남동	153	15.01	30.81	0.46	5.3	0.78	5.5	6.9	북서	307	11.7	1024.3	-	37	
2020-11-25 11:55:00	7.5	남남동	160	15.01	30.78	0.50	5.8	0.70	5.0	6.7	서북서	292	11.8	1024.2	-	35	
2020-11-25 12:00:00	8.5	남동	143	15.01	30.79	0.45	4.6	0.83	5.5	7.0	북서	310	11.7	1024.2	-	47	
2020-11-25 12:05:00	13.1	남동	133	14.99	30.78	0.49	5.2	0.63	4.5	6.1	북서	314	11.7	1024.2	-	28	
2020-11-25 12:10:00	10.8	남남동	148	14.99	30.76	0.49	6.1	0.69	6.5	6.5	서북서	299	11.7	1024.1	-	99	
2020-11-25 12:15:00	8.8	남동	139	14.99	30.76	0.49	4.9	0.65	5.5	6.1	북서	307	11.8	1024.0	-	44	
2020-11-25 12:20:00	13.4	남동	145	14.98	30.73	0.47	4.4	0.73	6.5	6.3	북서	307	11.8	1023.9	-	47	
2020-11-25 12:25:00	12.1	남동	138	14.98	30.74	0.50	4.4	0.67	6.5	7.0	북서	304	11.8	1023.8	-	331	
2020-11-25 12:30:00	12.3	남동	139	14.98	30.73	0.52	4.5	0.89	5.0	7.0	북서	307	11.6	1023.7	-	25	
2020-11-25 12:35:00	13.3	남동	135	14.98	30.73	0.49	4.9	0.81	4.5	6.9	북서	313	11.7	1023.6	-	47	
2020-11-25 12:40:00	9.4	남동	142	14.98	30.75	0.50	4.3	0.79	5.0	7.5	북서	317	11.7	1023.4	-	17	
2020-11-25 12:45:00	14.9	남동	146	14.98	30.74	0.47	4.3	0.63	5.5	7.7	북서	317	11.7	1023.3	-	51	
2020-11-25 12:50:00	16.0	남동	132	14.97	30.74	0.53	4.2	0.71	3.0	7.1	북서	313	11.7	1023.3	-	343	
2020-11-25 12:55:00	13.1	남동	142	14.97	30.71	0.47	4.4	0.69	5.5	6.7	북서	315	11.6	1023.2	-	347	
2020-11-25 13:00:00	10.4	남동	133	14.96	30.69	0.55	4.9	0.74	5.5	6.4	북서	312	11.6	1023.3	-	25	
2020-11-25 13:05:00	12.2	남남동	148	14.94	30.71	0.58	4.8	0.79	7.0	6.8	북서	309	11.6	1023.4	-	56	
2020-11-25 13:10:00	14.2	남동	144	14.94	30.68	0.52	4.2	0.76	5.0	6.6	북서	309	11.4	1023.4	-	352	
2020-11-25 13:15:00	14.5	남남동	154	14.94	30.68	0.45	4.4	0.73	3.5	8.5	서북서	302	11.3	1023.3	-	47	
2020-11-25 13:20:00	11.0	남남동	147	14.94	30.64	0.54	5.0	0.86	5.5	8.6	북서	307	11.4	1023.2	-	32	
2020-11-25 13:25:00	12.1	남남동	159	14.94	30.67	0.52	4.1	0.74	3.5	8.0	북서	306	11.4	1023.2	-	347	
2020-11-25 13:30:00	10.6	남남동	159	14.95	30.63	0.50	4.2	0.68	3.0	7.4	서북서	300	11.5	1023.2	-	23	
2020-11-25 13:35:00	8.9	남남동	149	14.95	30.63	0.49	3.9	0.72	3.5	8.4	서북서	301	11.5	1023.2	-	349	
2020-11-25 13:40:00	9.0	남남동	154	14.95	30.59	0.50	4.1	0.62	5.5	7.5	북서	311	11.4	1023.3	-	333	
2020-11-25 13:45:00	12.9	남남동	157	14.97	30.59	0.48	4.1	0.68	3.0	6.7	서북서	301	11.5	1023.3	-	349	
2020-11-25 13:50:00	16.4	남남동	155	14.97	30.56	0.63	4.0	0.95	3.5	6.9	서북서	296	11.5	1023.3	-	3	
2020-11-25 13:55:00	13.6	남남동	149	14.97	30.56	0.50	4.5	0.71	3.5	5.6	서	277	11.6	1023.2	-	355	
2020-11-25 14:00:00	10.8	남남동	158	14.98	30.50	0.52	4.2	0.73	4.5	5.0	서북서	284	11.6	1023.1	-	42	
2020-11-25 14:05:00	12.1	남동	146	14.97	30.51	0.53	4.1	0.69	6.0	4.3	서	274	11.6	1023.1	-	349	
2020-11-25 14:10:00	13.4	남남동	163	14.97	30.54	0.49	3.8	0.64	4.0	7.2	서북서	303	11.6	1022.9	-	2	
2020-11-25 14:15:00	11.8	남동	146	14.98	30.54	0.54	3.7	0.80	5.5	7.6	북서	306	11.5	1022.9	-	343	
2020-11-25 14:20:00	10.5	남남동	148	14.97	30.56	0.50	4.4	0.66	3.5	7.0	서북서	298	11.4	1023.1	-	87	
2020-11-25 14:25:00	11.3	남남동	158	14.97	30.55	0.49	4.5	0.63	7.0	7.0	서북서	289	11.4	1023.2	-	79	
2020-11-25 14:30:00	9.1	남남동	166	14.97	30.52	0.48	4.1	0.67	3.5	8.4	서	279	11.4	1023.2	-	51	
2020-11-25 14:35:00	10.1	남동	140	14.97	30.51	0.53	4.3	0.72	5.5	7.5	서북서	294	11.4	1023.1	-	328	
2020-11-25 14:40:00	10.1	남동	140	14.97	30.53	0.49	3.7	0.63	3.0	8.8	북서	305	11.4	1023.0	-	333	
2020-11-25 14:45:00	14.2	남동	146	14.97	30.50	0.51	4.8	0.71	7.0	6.3	서북서	300	11.4	1023.1	-	44	
2020-11-25 14:50:00	13.9	남남동	151	14.97	30.52	0.52	4.1	0.72	3.5	6.7	북서	322	11.2	1023.0	-	315	
2020-11-25 14:55:00	11.0	남남동	154	14.97	30.55	0.43	4.4	0.74	5.5	4.6	북서	308	11.3	1023.0	-	329	
2020-11-25 15:00:00	11.0	남남동	151	14.97	30.57	0.51	4.2	0.65	6.0	4.1	서북서	289	11.5	1023.0	-	69	
2020-11-25 15:05:00	11.9	남남동	151	14.96	30.57	0.48	4.4	0.86	5.0	3.2	서북서	294	11.6	1023.1	-	57	
2020-11-25 15:10:00	11.4	남남동	149	14.96	30.56	0.45	3.8	0.57	3.0	3.7	서북서	294	11.8	1023.2	-	345	
2020-11-25 15:15:00	8.6	남남동	163	14.96	30.57	0.44	3.9	0.67	5.5	3.7	서북서	299	11.7	1023.1	-	348	
2020-11-25 15:20:00	10.1	남남동	153	14.96	30.56	0.47	4.1	0.70	4.5	5.5	북서	305	11.5	1023.1	-	352	
2020-11-25 15:25:00	12.4	남남동	150	14.95	30.57	0.46	4.3	0.59	5.5	4.9	서북서	297	11.6	1023.1	-	330	
2020-11-25 15:30:00	11.5	남동	141	14.95	30.56	0.49	4.2	0.66	4.0	5.4	서북서	298	11.6	1023.1	-	337	
2020-11-25 15:35:00	8.2	남남동	158	14.96	30.59	0.46	4.8	0.65	5.5	5.5	서북서	301	11.6	1023.1	-	350	
2020-11-25 15:40:00	7.4	남동	144	14.96	30.58	0.46	4.5	0.63	5.0	5.1	서북서	301	11.6	1023.2	-	83	
2020-11-25 15:45:00	7.2	남동	142	14.96	30.54	0.45	3.8	0.73	5.5	4.5	서북서	288	11.7	1023.1	-	49	
2020-11-25 15:50:00	6.9	남남동	153	14.96	30.57	0.43	4.4	0.56	3.5	5.6	서	280	11.7	1023.1	-	36	
2020-11-25 15:55:00	8.0	남남동	158	14.96	30.60	0.46	4.6	0.63	5.5	4.1	서남서	247	11.6	1023.2	-	51	
2020-11-25 16:00:00	6.3	남남동	154	14.96	30.61	0.43	4.0	0.62	3.5	4.9	서남서	241	11.6	1023.2	-	329	
2020-11-25 16:05:00	7.5	남동	139	14.95	30.60	0.48	4.0	0.73	3.0	4.6	서남서	238	11.5	1023.2	-	337	
2020-11-25 16:10:00	8.1	남남동	150	14.94	30.61	0.45	4.1	0.70	3.5	4.9	서남서	238	11.4	1023.2	-	320	
2020-11-25 16:15:00	7.0	동남동	115	14.94	30.60	0.46	4.1	0.68	3.5	4.4	서남서	246	11.3	1023.4	-	38	
2020-11-25 16:20:00	4.0	남동	142	14.94	30.59	0.40	3.9	0.62	6.0	4.8	서남서	242	11.2	1023.4	-	350	
2020-11-25 16:25:00	7.1	동남동	111	14.94	30.59	0.37	4.9	0.55	6.5	4.2	서남서	244	11.0	1023.4	-	332	
2020-11-25 16:30:00	4.2	남동	133	14.94	30.62	0.43	5.3	0.52	7.0	4.8	서남서	242	10.9	1023.5	-	53	
2020-11-25 16:35:00	4.6	남남동	161	14.94	30.63	0.43	4.9	0.58	6.0	4.2	서남서	247	10.8	1023.6	-	61	
2020-11-25 16:40:00	6.1	남남동	153	14.93	30.64	0.42	4.8	0.58	5.5	5.1	서남서	248	10.7	1023.7	-	32	
2020-11-25 16:45:00	7.5	남동	137	14.92	30.65	0.42	4.5	0.61	5.0	4.2	서	265	10.5	1023.7	-	39	
2020-11-25 16:50:00	3.5	남남동	161	14.94	30.65	0.43	4.6	0.53	5.0	3.8	서	269	10.3	1023.8	-	326	
2020-11-25 16:55:00	4.1	남남동	146	14.92	30.66	0.40	4.8	0.62	6.0	4.1	서	260	10.2	1023.9	-	42	
2020-11-25 17:00:00	5.9	남동	129	14.92	30.66	0.42	5.0	0.57	5.0	3.6	서남서	252	10.2	1023.9	-	29	
2020-11-25 17:05:00	3.2	남동	146	14.91	30.63	0.44	4.5	0.55	5.0	2.7	서	262	10.2	1023.9	-	24	
2020-11-25 17:10:00	6.4	남동	131	14.92	30.67	0.43	5.2	0.63	6.0	4.2	남서	223	10.0	1023.7	-	74	
2020-11-25 17:15:00	4.3	남동	129	14.94	30.66	0.48	4.7	0.62	5.5	1.4	남서	227	9.9	1023.7	-	44	
2020-11-25 17:20:00	3.1	남동	139	14.92	30.69	0.48	5.0	0.65	3.5	3.4	남서	228	9.9	1023.6	-	34	
2020-11-25 17:25:00	4.2	남동	141	14.92	30.69	0.40	5.3	0.56	5.5	3.0	서남서	238	9.7	1023.7	-	347	
2020-11-25 17:30:00	4.7	동남동	108	14.92	30.67	0.43	5.6	0.57	5.5	4.5	서남서	243	9.7	1023.7	-	6	
2020-11-25 17:35:00	3.9	동남동	124	14.91	30.69	0.53	5.5	0.84	5.5	4.8	서남서	242	9.6	1023.8	-	12	
2020-11-25 17:40:00	6.5	남동	141	14.91	30.65	0.51	5.5	0.72	6.0	5.2	서남서	248	9.6	1023.7	-	44	
2020-11-25 17:45:00	3.0	동남동	121	14.92	30.70	0.54	5.4	0.82	5.5	5.0	서남서	257	9.4	1023.7	-	353	
2020-11-25 17:50:00	4.2	동남동	122	14.91	30.70	0.56	5.6	0.78	5.5	3.5	서	266	9.3	1023.8	-	35	
2020-11-25 17:55:00	4.1	남남동	159	14.92	30.67	0.48	5.7	0.62	5.0	2.9	서	272	9.2	1023.9	-	7	
2020-11-25 18:00:00	4.9	남	184	14.92	30.70	0.52	5.2	0.70	6.0	4.1	서남서	246	9.1	1023.7	-	3	
2020-11-25 18:05:00	1.3	남남동	157	14.92	30.69	0.58	5.9	0.70	6.0	5.0	서남서	239	9.2	1023.7	-	1	
2020-11-25 18:10:00	2.8	남남서	207	14.91	30.70	0.46	5.3	0.70	5.0	4.9	남서	234	9.2	1023.7	-	21	
2020-11-25 18:15:00	1.7	동남동	106	14.90	30.73	0.52	5.5	0.67	6.0	4.2	남서	230	9.2	1023.7	-	25	
2020-11-25 18:20:00	5.5	남남동	167	14.91	30.74	0.57	5.4	0.85	6.0	4.4	남서	228	9.2	1023.6	-	15	
2020-11-25 18:25:00	2.5	남	176	14.91	30.67	0.52	5.2	0.80	6.0	4.8	남서	234	9.2	1023.6	-	348	
2020-11-25 18:30:00	3.8	남남동	153	14.91	30.69	0.46	5.2	0.66	5.0	5.3	남서	231	9.1	1023.5	-	355	
2020-11-25 18:35:00	1.6	남	177	14.92	30.69	0.52	5.8	0.77	5.5	5.0	남서	229	9.0	1023.4	-	19	
2020-11-25 18:40:00	0.4	북북서	342	14.92	30.69	0.50	5.2	0.70	6.0	4.4	남서	229	9.1	1023.4	-	3	
2020-11-25 18:45:00	2.1	남동	127	14.91	30.71	0.47	5.7	0.67	6.0	4.2	남서	229	9.1	1023.4	-	16	
2020-11-25 18:50:00	3.4	남	175	14.92	30.71	0.43	5.3	0.55	5.5	4.9	남서	234	9.0	1023.4	-	10	
2020-11-25 18:55:00	0.3	동남동	114	14.92	30.68	0.56	5.7	0.68	6.5	5.2	남서	234	9.2	1023.4	-	34	
2020-11-25 19:00:00	0.5	남남서	200	14.92	30.72	0.48	5.1	0.80	6.0	4.7	남서	232	9.1	1023.5	-	0	
2020-11-25 19:05:00	3.1	남남동	168	14.91	30.73	0.42	5.3	0.55	5.5	5.2	남서	236	9.0	1023.5	-	9	
2020-11-25 19:10:00	1.0	남서	222	14.92	30.73	0.48	5.6	0.65	5.5	5.6	서남서	241	9.0	1023.4	-	0	
2020-11-25 19:15:00	2.4	동남동	114	14.92	30.71	0.45	5.2	0.56	5.5	5.8	남서	236	9.0	1023.4	-	4	
2020-11-25 19:20:00	2.0	남남동	166	14.91	30.73	0.36	5.3	0.69	6.0	5.5	남서	235	9.0	1023.3	-	16	
2020-11-25 19:25:00	3.9	남남동	160	14.91	30.73	0.42	5.6	0.49	5.5	4.9	남서	235	8.9	1023.4	-	350	
2020-11-25 19:30:00	5.0	남남동	168	14.91	30.74	0.45	5.1	0.68	5.5	4.9	남서	231	8.9	1023.4	-	358	
2020-11-25 19:35:00	5.1	남남동	166	14.91	30.72	0.37	5.5	0.66	5.5	5.5	남서	234	9.1	1023.4	-	41	
2020-11-25 19:40:00	1.3	남	186	14.90	30.74	0.41	5.3	0.53	5.0	5.8	남서	230	9.0	1023.4	-	14	
2020-11-25 19:45:00	4.0	남남서	192	14.90	30.72	0.38	5.5	0.48	6.0	5.8	남서	229	9.1	1023.5	-	47	
2020-11-25 19:50:00	4.5	남남동	166	14.91	30.73	0.42	5.3	0.61	5.0	6.0	남서	228	9.0	1023.4	-	358	
2020-11-25 19:55:00	2.5	남남동	160	14.91	30.72	0.36	5.0	0.56	5.0	6.1	남서	231	9.0	1023.4	-	20	
2020-11-25 20:00:00	3.8	남동	142	14.88	30.71	0.41	4.9	0.58	4.5	6.8	남서	232	9.0	1023.4	-	127	
2020-11-25 20:05:00	3.2	남남동	165	14.89	30.77	0.34	5.4	0.48	6.0	6.5	남서	231	9.1	1023.3	-	12	
2020-11-25 20:10:00	0.9	남	172	14.91	30.78	0.40	5.2	0.59	5.0	6.4	남서	224	9.1	1023.3	-	52	
2020-11-25 20:15:00	3.0	남남동	150	14.90	30.76	0.43	5.5	0.56	6.0	5.4	남서	223	9.1	1023.3	-	25	
2020-11-25 20:20:00	4.3	남남동	158	14.88	30.78	0.42	5.8	0.63	5.0	5.3	남서	221	9.1	1023.3	-	35	
2020-11-25 20:25:00	3.0	남남서	196	14.89	30.77	0.33	5.2	0.45	5.5	5.6	남서	227	9.1	1023.2	-	351	
2020-11-25 20:30:00	1.0	남남서	197	14.89	30.79	0.36	5.1	0.52	4.5	5.3	남서	225	9.2	1023.2	-	13	
2020-11-25 20:35:00	1.1	남남서	202	14.90	30.77	0.34	5.6	0.42	5.5	5.2	남서	227	9.2	1023.1	-	57	
2020-11-25 20:40:00	5.5	남동	140	14.89	30.81	0.34	5.2	0.46	6.0	5.4	남서	227	9.3	1023.2	-	14	
2020-11-25 20:45:00	4.7	남동	144	14.89	30.78	0.39	5.7	0.51	6.0	5.0	남서	232	9.2	1023.2	-	21	
2020-11-25 20:50:00	2.6	남남동	150	14.88	30.81	0.28	5.2	0.35	4.5	5.8	남서	231	9.1	1023.2	-	187	
2020-11-25 20:55:00	2.7	남동	141	14.88	30.82	0.32	4.9	0.57	4.5	6.5	남서	235	9.0	1023.2	-	128	
2020-11-25 21:00:00	4.9	남남동	155	14.87	30.81	0.28	5.3	0.35	6.0	5.7	남서	234	9.1	1023.3	-	9	
2020-11-25 21:05:00	4.7	남동	140	14.87	30.81	0.32	5.4	0.48	5.0	5.3	남서	233	9.1	1023.5	-	193	
2020-11-25 21:10:00	3.4	남동	140	14.87	30.82	0.29	5.3	0.51	4.0	5.0	남서	229	8.9	1023.7	-	53	
2020-11-25 21:15:00	5.1	남동	128	14.87	30.82	0.33	5.3	0.43	6.0	5.9	남서	234	8.8	1023.6	-	36	
2020-11-25 21:20:00	6.3	남남동	169	14.87	30.82	0.32	5.1	0.40	3.5	4.9	서남서	244	9.0	1023.7	-	84	
2020-11-25 21:25:00	3.7	남	170	14.87	30.83	0.31	5.6	0.45	6.0	4.7	서남서	238	9.2	1023.9	-	21	
2020-11-25 21:30:00	8.2	남남동	153	14.86	30.84	0.26	5.5	0.37	5.0	5.3	서남서	239	9.1	1023.8	-	141	
2020-11-25 21:35:00	7.5	남남동	151	14.87	30.85	0.32	5.3	0.41	5.0	4.7	서남서	246	9.2	1023.9	-	216	
2020-11-25 21:40:00	5.1	남남동	156	14.87	30.86	0.35	5.4	0.56	5.5	4.4	서남서	243	9.0	1024.0	-	319	
2020-11-25 21:45:00	4.9	남동	141	14.87	30.86	0.33	5.0	0.41	5.5	4.9	남서	234	9.0	1023.8	-	350	
2020-11-25 21:50:00	6.1	남남동	152	14.86	30.87	0.31	5.8	0.46	5.5	4.2	남서	232	8.8	1023.9	-	6	
2020-11-25 21:55:00	5.2	남남동	151	14.86	30.87	0.31	5.1	0.37	5.0	4.8	남서	230	8.8	1024.0	-	349	
2020-11-25 22:00:00	6.0	남남동	155	14.86	30.86	0.34	5.4	0.57	4.5	4.7	남서	234	8.9	1024.1	-	134	
2020-11-25 22:05:00	3.9	남	169	14.86	30.88	0.30	5.6	0.37	4.5	3.8	서남서	237	8.8	1024.1	-	183	
2020-11-25 22:10:00	5.1	남남동	154	14.84	30.86	0.27	5.1	0.38	5.0	4.8	남서	234	8.8	1024.0	-	110	
2020-11-25 22:15:00	4.9	남동	140	14.84	30.86	0.31	4.8	0.48	5.0	4.8	남서	232	8.8	1024.0	-	198	
2020-11-25 22:20:00	6.9	남동	137	14.83	30.88	0.31	5.0	0.52	5.0	4.9	남서	228	8.7	1023.9	-	14	
2020-11-25 22:25:00	6.4	남남동	151	14.83	30.86	0.32	5.2	0.56	5.5	5.3	남서	233	8.6	1023.9	-	153	
2020-11-25 22:30:00	7.5	남남동	149	14.83	30.87	0.28	5.9	0.39	9.0	4.4	서남서	238	8.7	1024.0	-	26	
2020-11-25 22:35:00	7.5	남동	146	14.84	30.86	0.27	5.0	0.37	5.0	4.2	서남서	238	8.7	1024.1	-	50	
2020-11-25 22:40:00	7.2	남동	143	14.84	30.86	0.29	5.3	0.43	4.5	4.7	서남서	237	8.7	1024.0	-	64	
2020-11-25 22:45:00	8.1	남남동	151	14.84	30.86	0.28	5.5	0.35	5.0	4.6	남서	235	8.7	1024.0	-	351	
2020-11-25 22:50:00	6.8	남남동	153	14.84	30.86	0.32	5.1	0.46	5.0	4.6	남서	235	8.6	1024.0	-	52	
2020-11-25 22:55:00	5.2	남동	143	14.84	30.85	0.25	5.9	0.34	6.0	4.7	서남서	241	8.6	1023.9	-	75	
2020-11-25 23:00:00	3.6	남남동	150	14.84	30.86	0.32	5.2	0.45	5.0	5.6	서남서	239	8.7	1024.0	-	21	
2020-11-25 23:05:00	3.7	남동	133	14.83	30.85	0.33	5.8	0.44	6.5	5.2	서남서	237	8.6	1024.0	-	39	
2020-11-25 23:10:00	6.1	남동	138	14.81	30.87	0.29	5.3	0.41	6.0	5.4	남서	236	8.5	1023.9	-	87	
2020-11-25 23:15:00	7.1	동남동	124	14.81	30.87	0.34	5.8	0.55	5.5	6.6	남서	233	8.6	1023.8	-	347	
2020-11-25 23:20:00	4.4	남동	143	14.82	30.87	0.27	5.3	0.39	7.5	6.2	서남서	238	8.6	1023.9	-	19	
2020-11-25 23:25:00	6.8	동	99	14.80	30.89	0.29	6.1	0.39	5.0	6.8	남서	236	8.6	1024.0	-	40	
2020-11-25 23:30:00	8.5	동남동	123	14.80	30.84	0.28	5.9	0.38	5.5	6.9	남서	234	8.6	1024.1	-	84	
2020-11-25 23:35:00	3.9	남동	131	14.80	30.81	0.28	5.6	0.41	5.0	6.2	서남서	238	8.5	1024.0	-	73	
2020-11-25 23:40:00	7.4	남남동	146	14.80	30.82	0.30	6.0	0.45	4.0	6.6	남서	234	8.5	1024.0	-	21	
2020-11-25 23:45:00	3.1	남남동	149	14.81	30.80	0.27	5.3	0.37	5.0	6.1	남서	236	8.5	1024.0	-	176	
2020-11-25 23:50:00	4.8	남동	125	14.80	30.79	0.28	6.3	0.38	7.5	5.6	남서	230	8.5	1024.0	-	39	
2020-11-25 23:55:00	4.4	남동	140	14.78	30.80	0.30	5.5	0.39	6.0	5.4	남서	236	8.5	1024.0	-	37	
2020-11-26 00:00:00	7.6	남동	130	14.78	30.81	0.28	5.6	0.42	6.0	6.5	남서	233	8.4	1024.1	-	25	
2020-11-26 00:05:00	5.6	남남동	149	14.79	30.81	0.30	5.4	0.46	5.0	6.0	남서	232	8.5	1024.2	-	351	
2020-11-26 00:10:00	4.5	남	172	14.78	30.82	0.27	5.6	0.37	5.0	6.5	남서	235	8.5	1024.5	-	91	
2020-11-26 00:15:00	7.1	남동	139	14.79	30.81	0.25	5.7	0.34	7.0	5.8	남서	235	8.4	1024.3	-	161	
2020-11-26 00:20:00	6.9	남동	137	14.77	30.80	0.28	6.1	0.43	6.0	5.5	남서	233	8.3	1024.3	-	353	
2020-11-26 00:25:00	6.2	남동	144	14.78	30.81	0.30	5.3	0.39	7.0	5.6	남서	228	8.2	1024.3	-	31	
2020-11-26 00:30:00	4.9	남남동	168	14.79	30.81	0.31	5.7	0.46	6.0	6.0	남서	228	8.2	1024.2	-	83	
2020-11-26 00:35:00	5.0	남동	131	14.77	30.80	0.26	5.6	0.33	5.0	5.8	남서	230	8.2	1024.2	-	51	
2020-11-26 00:40:00	7.0	남남동	155	14.76	30.81	0.29	5.8	0.41	5.0	5.8	남서	235	8.3	1024.3	-	57	
2020-11-26 00:45:00	6.6	남남동	154	14.77	30.81	0.30	6.3	0.44	5.0	5.6	남서	232	8.2	1024.3	-	27	
2020-11-26 00:50:00	7.5	남남동	156	14.77	30.81	0.29	5.4	0.38	4.5	6.0	남서	232	8.2	1024.3	-	58	
2020-11-26 00:55:00	5.8	남남동	166	14.77	30.81	0.29	6.1	0.43	7.0	6.1	남서	236	8.3	1024.3	-	47	
2020-11-26 01:00:00	7.7	남동	136	14.74	30.87	0.27	5.4	0.34	5.0	6.1	서남서	237	8.3	1024.3	-	33	
2020-11-26 01:05:00	6.0	남남동	150	14.74	30.88	0.29	5.7	0.37	6.0	5.8	남서	236	8.4	1024.3	-	345	
2020-11-26 01:10:00	7.1	남남동	159	14.75	30.88	0.30	5.4	0.42	5.5	5.9	남서	235	8.4	1024.2	-	359	
2020-11-26 01:15:00	6.5	남남동	150	14.75	30.87	0.34	5.6	0.49	5.0	5.6	서남서	237	8.3	1024.2	-	32	
2020-11-26 01:20:00	9.7	남남동	167	14.75	30.86	0.26	5.2	0.37	5.5	5.8	서남서	246	8.3	1024.2	-	25	
2020-11-26 01:25:00	5.6	남남동	165	14.75	30.86	0.28	5.4	0.36	5.0	5.6	서남서	242	8.2	1024.1	-	340	
2020-11-26 01:30:00	9.7	남남동	153	14.72	30.85	0.30	5.3	0.54	5.5	5.6	서남서	238	8.1	1024.2	-	343	
2020-11-26 01:35:00	8.4	남남동	160	14.73	30.84	0.32	5.9	0.41	7.0	6.0	남서	235	8.1	1024.2	-	343	
2020-11-26 01:40:00	6.8	남남동	148	14.72	30.84	0.30	6.3	0.42	5.0	5.8	서남서	241	8.1	1024.1	-	34	
2020-11-26 01:45:00	8.7	남남동	160	14.70	30.85	0.29	5.6	0.41	6.0	5.6	서남서	239	8.3	1024.2	-	355	
2020-11-26 01:50:00	11.0	남동	141	14.70	30.87	0.27	5.7	0.41	6.5	5.8	서남서	241	8.2	1024.2	-	351	
2020-11-26 01:55:00	8.4	남동	133	14.71	30.87	0.35	5.4	0.45	4.5	5.4	남서	234	8.1	1024.2	-	338	
2020-11-26 02:00:00	7.3	남동	145	14.71	30.86	0.31	5.3	0.42	5.5	5.6	남서	231	8.0	1024.3	-	45	
2020-11-26 02:05:00	10.9	남동	146	14.70	30.86	0.33	5.4	0.46	5.5	5.7	서남서	237	8.0	1024.3	-	358	
2020-11-26 02:10:00	8.8	남남동	157	14.70	30.86	0.30	5.7	0.50	5.5	5.6	남서	235	8.2	1024.4	-	43	
2020-11-26 02:15:00	9.1	남동	145	14.70	30.86	0.32	5.8	0.47	5.5	5.4	남서	233	8.0	1024.4	-	7	
2020-11-26 02:20:00	11.2	남남동	165	14.70	30.87	0.30	5.4	0.54	5.0	4.8	남서	235	8.0	1024.3	-	66	
2020-11-26 02:25:00	6.1	남남동	151	14.71	30.87	0.29	6.2	0.45	5.5	4.3	서남서	237	7.9	1024.3	-	219	
2020-11-26 02:30:00	7.4	남남동	149	14.69	30.86	0.26	5.4	0.41	6.0	5.4	서남서	238	8.0	1024.2	-	278	
2020-11-26 02:35:00	8.3	남남동	165	14.69	30.87	0.29	5.6	0.44	6.0	4.0	서남서	241	7.8	1024.4	-	7	
2020-11-26 02:40:00	9.8	남남동	167	14.69	30.87	0.32	5.3	0.53	5.0	4.9	서남서	246	7.9	1024.5	-	204	
2020-11-26 02:45:00	7.9	남남동	153	14.70	30.86	0.29	5.3	0.40	5.0	4.4	서남서	248	7.8	1024.6	-	318	
2020-11-26 02:50:00	7.3	남남동	162	14.69	30.86	0.35	5.8	0.47	6.0	4.3	서남서	250	7.8	1024.6	-	25	
2020-11-26 02:55:00	8.7	남남동	162	14.70	30.86	0.29	5.1	0.42	7.0	5.0	서남서	252	7.8	1024.7	-	338	
2020-11-26 03:00:00	6.5	남	176	14.70	30.85	0.36	5.6	0.51	4.5	5.2	서남서	247	7.8	1024.8	-	343	
2020-11-26 03:05:00	9.3	남	169	14.69	30.88	0.26	5.5	0.38	5.5	5.3	서남서	247	7.7	1025.0	-	19	
2020-11-26 03:10:00	10.0	남남동	159	14.69	30.87	0.32	5.4	0.44	5.5	5.5	서남서	243	7.7	1025.0	-	33	
2020-11-26 03:15:00	5.7	남	173	14.69	30.85	0.31	5.1	0.41	5.0	5.6	서남서	243	7.9	1025.0	-	167	
2020-11-26 03:20:00	9.1	남남동	161	14.68	30.85	0.34	5.4	0.41	6.0	5.5	서남서	243	7.9	1025.0	-	19	
2020-11-26 03:25:00	6.1	남	170	14.68	30.87	0.34	5.3	0.51	5.0	5.4	남서	231	7.7	1025.1	-	336	
2020-11-26 03:30:00	8.5	남남동	158	14.66	30.85	0.34	5.6	0.42	5.0	5.4	남서	232	7.7	1025.0	-	15	
2020-11-26 03:35:00	7.3	남남동	155	14.66	30.87	0.32	5.4	0.47	5.0	5.7	남서	232	7.7	1025.0	-	14	
2020-11-26 03:40:00	9.9	남남동	152	14.65	30.87	0.29	5.3	0.40	3.0	5.8	남서	233	7.8	1025.0	-	344	
2020-11-26 03:45:00	10.1	남남동	146	14.66	30.85	0.32	5.5	0.43	5.5	5.8	남서	236	7.6	1025.0	-	39	
2020-11-26 03:50:00	8.5	남남동	153	14.66	30.85	0.34	5.5	0.50	5.5	5.8	서남서	237	7.7	1025.1	-	352	
2020-11-26 03:55:00	7.2	남남동	155	14.66	30.85	0.31	5.7	0.45	6.0	5.7	서남서	237	7.7	1025.2	-	355	
2020-11-26 04:00:00	7.3	남남동	148	14.63	30.86	0.34	6.0	0.48	6.0	5.4	남서	234	7.8	1025.3	-	45	
2020-11-26 04:05:00	7.8	남남동	163	14.63	30.85	0.29	5.9	0.39	4.5	5.2	남서	236	7.7	1025.2	-	3	
2020-11-26 04:10:00	10.6	남남동	152	14.62	30.85	0.33	5.7	0.48	5.5	5.3	남서	233	7.7	1025.3	-	349	
2020-11-26 04:15:00	9.4	남동	142	14.61	30.85	0.35	5.8	0.49	7.0	5.4	남서	232	7.7	1025.2	-	11	
2020-11-26 04:20:00	7.7	남동	142	14.62	30.86	0.36	5.8	0.62	8.0	5.3	남서	235	7.7	1025.2	-	24	
2020-11-26 04:25:00	8.0	남동	143	14.61	30.86	0.36	5.1	0.50	5.0	5.7	남서	232	7.7	1025.3	-	16	
2020-11-26 04:30:00	8.2	남남동	159	14.62	30.86	0.35	6.3	0.61	7.0	5.9	남서	236	7.7	1025.2	-	31	
2020-11-26 04:35:00	6.7	남동	126	14.60	30.84	0.34	6.1	0.46	6.5	5.4	남서	236	7.7	1025.2	-	346	
2020-11-26 04:40:00	11.6	남남동	153	14.62	30.86	0.36	5.1	0.45	5.5	5.5	남서	234	7.7	1025.3	-	25	
2020-11-26 04:45:00	6.1	남동	139	14.62	30.84	0.36	5.6	0.67	6.5	5.7	남서	231	7.5	1025.3	-	357	
2020-11-26 04:50:00	9.1	남동	139	14.61	30.84	0.37	6.2	0.47	7.5	5.5	남서	231	7.5	1025.3	-	349	
2020-11-26 04:55:00	9.6	남동	142	14.61	30.83	0.37	5.9	0.57	7.0	5.2	남서	228	7.3	1025.3	-	37	
2020-11-26 05:00:00	8.7	남동	138	14.61	30.85	0.32	5.6	0.43	5.5	5.5	남서	231	7.3	1025.4	-	345	
2020-11-26 05:05:00	8.1	남동	136	14.61	30.84	0.33	5.7	0.55	7.0	5.7	서남서	240	7.4	1025.4	-	351	
2020-11-26 05:10:00	6.2	남동	137	14.60	30.85	0.35	5.9	0.46	7.0	5.5	서남서	243	7.5	1025.5	-	16	
2020-11-26 05:15:00	4.4	남남동	147	14.59	30.84	0.41	6.2	0.56	5.0	5.2	서남서	243	7.5	1025.6	-	354	
2020-11-26 05:20:00	5.8	남동	139	14.57	30.84	0.45	6.2	0.61	6.5	5.6	서남서	240	7.5	1025.6	-	9	
2020-11-26 05:25:00	9.1	남동	141	14.58	30.85	0.43	6.4	0.63	6.5	5.1	서남서	241	7.3	1025.7	-	38	
2020-11-26 05:30:00	9.3	남동	138	14.57	30.85	0.40	6.5	0.56	7.0	5.2	서남서	242	7.6	1025.8	-	352	
2020-11-26 05:35:00	9.6	남동	134	14.57	30.85	0.40	6.0	0.48	6.0	4.8	서남서	248	7.3	1025.9	-	345	
2020-11-26 05:40:00	11.1	남동	145	14.57	30.87	0.43	6.5	0.64	6.0	5.4	서남서	245	7.2	1025.8	-	33	
2020-11-26 05:45:00	8.5	남남동	154	14.58	30.86	0.44	6.9	0.59	7.0	5.3	서남서	249	7.1	1025.8	-	341	
2020-11-26 05:50:00	8.0	남동	145	14.56	30.83	0.39	6.9	0.58	7.5	4.5	서남서	250	6.9	1025.8	-	356	
2020-11-26 05:55:00	9.5	남남동	149	14.56	30.86	0.41	6.6	0.66	7.0	4.8	서남서	248	6.9	1025.8	-	20	
2020-11-26 06:00:00	6.5	남남동	164	14.58	30.88	0.42	6.2	0.62	5.0	5.2	서남서	249	6.9	1025.8	-	349	
2020-11-26 06:05:00	8.5	남남동	148	14.60	30.84	0.38	6.1	0.49	7.5	5.4	서남서	252	7.0	1025.9	-	11	
2020-11-26 06:10:00	7.1	남남동	160	14.61	30.86	0.44	6.4	0.52	6.5	5.7	서남서	247	6.9	1025.9	-	356	
2020-11-26 06:15:00	8.1	남남동	167	14.61	30.87	0.39	6.3	0.54	7.0	5.7	서남서	244	6.9	1026.0	-	0	
2020-11-26 06:20:00	6.3	남남동	152	14.61	30.87	0.41	5.8	0.61	6.5	5.7	서남서	243	6.8	1026.0	-	5	
2020-11-26 06:25:00	7.8	남남동	153	14.59	30.86	0.43	6.0	0.67	6.5	6.0	서남서	246	6.9	1026.1	-	4	
2020-11-26 06:30:00	7.8	남남동	160	14.60	30.86	0.43	6.2	0.72	5.0	6.1	서남서	244	6.8	1026.1	-	341	
2020-11-26 06:35:00	5.2	남남동	147	14.60	30.85	0.49	6.4	0.71	6.5	5.8	서남서	241	6.8	1026.1	-	354	
2020-11-26 06:40:00	5.5	남동	144	14.59	30.85	0.50	6.0	0.86	6.5	5.9	서남서	245	6.8	1026.2	-	0	
2020-11-26 06:45:00	5.2	남남동	163	14.57	30.82	0.45	6.0	0.59	5.5	5.6	서남서	244	6.9	1026.3	-	5	
2020-11-26 06:50:00	6.2	남남동	149	14.57	30.82	0.48	5.9	0.76	5.5	5.4	서남서	244	6.9	1026.4	-	3	
2020-11-26 06:55:00	4.3	남남동	163	14.58	30.82	0.48	6.4	0.64	6.5	5.8	서남서	243	6.8	1026.4	-	353	
2020-11-26 07:00:00	6.2	남남동	155	14.58	30.77	0.38	6.5	0.57	6.0	5.2	서남서	241	6.8	1026.5	-	359	
2020-11-26 07:05:00	4.5	남동	131	14.60	30.76	0.52	5.9	0.65	5.0	5.5	서남서	245	6.9	1026.5	-	358	
2020-11-26 07:10:00	5.0	남남동	150	14.60	30.75	0.49	5.9	0.71	5.5	5.2	서남서	245	7.0	1026.6	-	344	
2020-11-26 07:15:00	2.2	남남동	160	14.60	30.75	0.41	6.3	0.51	6.0	5.2	서남서	247	7.0	1026.6	-	1	
2020-11-26 07:20:00	1.5	남남동	164	14.59	30.75	0.48	6.8	0.62	6.5	5.3	서남서	248	7.1	1026.7	-	354	
2020-11-26 07:25:00	5.9	남	173	14.60	30.75	0.56	6.6	0.74	6.0	5.5	서남서	251	7.1	1026.9	-	0	
2020-11-26 07:30:00	4.6	남남동	161	14.60	30.71	0.57	5.7	0.70	5.0	5.3	서남서	247	7.0	1027.0	-	359	
2020-11-26 07:35:00	2.3	남남동	159	14.60	30.72	0.57	5.9	0.91	6.0	5.1	서남서	248	7.1	1027.1	-	356	
2020-11-26 07:40:00	0.5	동	79	14.60	30.73	0.55	6.0	0.85	6.0	4.8	서남서	245	7.0	1027.2	-	11	
2020-11-26 07:45:00	1.5	북	5	14.59	30.74	0.57	6.2	0.80	5.5	4.6	서남서	242	7.0	1027.2	-	355	
2020-11-26 07:50:00	0.5	북북서	343	14.59	30.74	0.49	5.7	0.62	7.5	4.8	서남서	246	6.9	1027.2	-	7	
2020-11-26 07:55:00	1.7	남동	130	14.59	30.73	0.47	5.8	0.72	7.0	4.6	서남서	247	7.0	1027.3	-	15	
2020-11-26 08:00:00	1.9	남남서	196	14.59	30.74	0.47	6.0	0.59	6.0	4.6	서남서	244	7.0	1027.4	-	28	
2020-11-26 08:05:00	2.1	남남동	165	14.58	30.72	0.50	5.6	0.63	6.0	4.7	서남서	242	6.9	1027.5	-	338	
2020-11-26 08:10:00	1.2	동	94	14.57	30.73	0.55	5.8	0.67	6.0	4.9	서남서	241	7.0	1027.5	-	2	
2020-11-26 08:15:00	4.1	남	178	14.57	30.73	0.53	5.5	0.67	5.5	5.2	서남서	245	7.0	1027.6	-	1	
2020-11-26 08:20:00	2.5	남	179	14.57	30.74	0.47	5.9	0.86	5.0	5.4	서남서	245	6.9	1027.6	-	1	
2020-11-26 08:25:00	2.0	남	169	14.57	30.74	0.48	6.0	0.62	6.0	5.1	서남서	244	6.9	1027.6	-	1	
2020-11-26 08:30:00	1.2	동남동	118	14.56	30.73	0.53	5.5	0.70	6.0	5.5	서남서	244	7.1	1027.7	-	352	
2020-11-26 08:35:00	0.1	동	81	14.57	30.74	0.52	5.6	0.68	7.0	5.0	서남서	244	7.2	1027.7	-	354	
2020-11-26 08:40:00	1.4	남남서	204	14.57	30.74	0.48	6.2	0.75	5.0	4.6	서남서	244	7.1	1027.7	-	353	
2020-11-26 08:45:00	0.1	남	183	14.57	30.72	0.56	5.9	0.73	6.0	4.5	서남서	245	7.3	1027.8	-	355	
2020-11-26 08:50:00	1.8	남남동	155	14.57	30.71	0.47	5.6	0.63	5.5	4.2	서남서	250	7.4	1027.8	-	16	
2020-11-26 08:55:00	1.0	동	92	14.56	30.73	0.56	5.9	0.74	6.5	3.7	서남서	244	7.5	1027.8	-	13	
2020-11-26 09:00:00	0.7	북	359	14.56	30.73	0.47	5.3	0.64	5.0	3.7	서남서	247	7.7	1027.9	-	190	
2020-11-26 09:05:00	1.0	남동	133	14.56	30.72	0.47	5.8	0.61	6.0	3.7	서남서	251	7.8	1027.9	-	348	
2020-11-26 09:10:00	-	-	-	-	-	0.00	0.0	0.00	0.0	4.0	서	259	8.0	1028.0	-	0	
2020-11-26 09:15:00	0.9	남서	224	14.56	30.71	0.54	5.7	0.68	4.5	3.7	서	265	8.1	1027.9	-	358	
2020-11-26 09:20:00	0.9	북서	307	14.56	30.70	0.57	5.6	0.88	5.5	3.9	서	279	8.4	1027.9	-	349	
2020-11-26 09:25:00	4.0	남서	231	14.57	30.69	0.53	5.4	0.65	4.5	4.5	서북서	295	8.7	1027.9	-	216	
2020-11-26 09:30:00	2.5	서남서	244	14.57	30.66	0.49	5.6	0.67	5.0	4.8	서북서	295	8.7	1027.8	-	22	
2020-11-26 09:35:00	1.8	북서	321	14.57	30.70	0.54	5.2	0.71	5.5	4.7	서북서	298	8.9	1027.8	-	350	
2020-11-26 09:40:00	1.5	남남서	192	14.57	30.69	0.57	5.8	0.69	6.0	4.8	서북서	300	9.0	1027.7	-	345	
2020-11-26 09:45:00	2.2	북북서	348	14.56	30.71	0.61	5.7	0.96	5.5	4.8	서북서	301	9.0	1027.8	-	359	
2020-11-26 09:50:00	3.7	서남서	259	14.56	30.70	0.66	5.0	0.92	5.0	4.9	서북서	300	9.0	1027.8	-	4	
2020-11-26 09:55:00	0.3	북동	36	14.57	30.70	0.68	5.6	0.94	5.5	5.0	서북서	303	8.9	1027.8	-	17	
2020-11-26 10:00:00	2.0	남남서	203	14.57	30.68	0.60	4.8	0.82	5.0	4.6	서북서	301	9.3	1027.7	-	354	
2020-11-26 10:05:00	2.2	북북서	337	14.57	30.67	0.66	5.1	1.11	4.0	4.6	북서	304	9.3	1027.7	-	27	
2020-11-26 10:10:00	2.1	북서	307	14.56	30.65	0.65	5.2	0.80	5.5	4.7	북서	312	9.1	1027.6	-	38	
2020-11-26 10:15:00	1.3	서	268	14.56	30.64	0.67	5.1	0.90	5.0	4.6	북서	306	9.0	1027.5	-	151	
2020-11-26 10:20:00	2.1	북서	314	14.55	30.65	0.68	4.9	0.98	5.5	4.9	북서	320	9.2	1027.5	-	1	
2020-11-26 10:25:00	1.6	남서	226	14.55	30.60	0.68	5.2	0.99	5.0	4.8	북서	316	9.2	1027.5	-	20	
2020-11-26 10:30:00	0.2	동북동	58	14.55	30.62	0.65	5.3	0.96	5.5	4.8	북서	318	9.5	1027.5	-	5	
2020-11-26 10:35:00	1.5	동북동	73	14.55	30.60	0.71	4.4	1.03	4.0	5.4	북서	315	9.7	1027.5	-	114	
2020-11-26 10:40:00	1.8	서남서	238	14.54	30.57	0.67	4.7	0.87	5.5	5.3	북서	321	9.8	1027.5	-	355	
2020-11-26 10:45:00	1.7	북동	48	14.54	30.56	0.63	5.2	1.09	5.0	5.5	북북서	328	9.8	1027.5	-	200	
2020-11-26 10:50:00	1.1	동남동	123	14.54	30.53	0.67	4.7	0.91	4.0	4.8	북북서	330	9.8	1027.5	-	47	
2020-11-26 10:55:00	2.3	서	264	14.54	30.52	0.74	4.7	1.04	4.5	5.2	북북서	333	9.7	1027.5	-	10	
2020-11-26 11:00:00	3.6	남남서	213	14.54	30.52	0.68	4.9	0.95	6.5	5.3	북북서	331	9.8	1027.5	-	352	
2020-11-26 11:05:00	3.6	서남서	247	14.55	30.50	0.80	4.8	1.12	4.0	5.6	북북서	339	9.9	1027.5	-	197	
2020-11-26 11:10:00	3.0	서	269	14.54	30.48	0.65	4.8	0.95	4.5	5.5	북북서	330	9.9	1027.4	-	113	
2020-11-26 11:15:00	2.0	남남서	202	14.54	30.48	0.66	4.8	0.94	6.0	4.9	북북서	331	9.9	1027.4	-	238	
2020-11-26 11:20:00	2.7	북북서	341	14.54	30.49	0.65	4.8	0.95	4.5	5.1	북북서	331	10.0	1027.4	-	343	
2020-11-26 11:25:00	2.6	북북서	340	14.53	30.48	0.64	5.1	1.02	5.5	4.6	북북서	335	9.9	1027.4	-	6	
2020-11-26 11:30:00	1.6	북	357	14.53	30.46	0.64	4.9	0.88	4.5	5.3	북북서	342	10.1	1027.3	-	25	
2020-11-26 11:35:00	2.0	북북서	335	14.54	30.48	0.73	5.0	0.97	4.5	5.6	북북서	346	10.0	1027.3	-	342	
2020-11-26 11:40:00	0.7	서	274	14.54	30.51	0.61	5.0	0.84	5.5	5.0	북북서	335	10.0	1027.3	-	349	
2020-11-26 11:45:00	2.2	북동	41	14.54	30.50	0.59	4.4	0.83	6.0	5.3	북북서	336	10.1	1027.2	-	173	
2020-11-26 11:50:00	1.4	남동	146	14.54	30.50	0.69	5.0	1.00	4.5	5.2	북북서	344	10.1	1027.0	-	4	
2020-11-26 11:55:00	2.1	남남서	201	14.57	30.50	0.52	4.8	0.86	5.0	5.5	북북서	345	10.1	1027.0	-	6	
2020-11-26 12:00:00	0.6	서북서	297	14.59	30.50	0.65	4.8	0.92	4.5	5.7	북북서	343	10.0	1027.0	-	2	
2020-11-26 12:05:00	0.1	서북서	289	14.60	30.48	0.67	4.7	1.26	4.0	6.1	북북서	344	10.0	1027.0	-	30	
2020-11-26 12:10:00	1.0	동북동	78	14.59	30.49	0.70	4.8	1.08	7.0	5.9	북북서	343	10.0	1027.0	-	301	
2020-11-26 12:15:00	2.4	남남서	208	14.59	30.44	0.64	4.6	0.89	3.5	5.9	북북서	337	10.0	1027.0	-	187	
2020-11-26 12:20:00	2.3	남	187	14.59	30.45	0.73	4.5	0.95	4.5	5.8	북북서	344	9.9	1026.8	-	80	
2020-11-26 12:25:00	0.9	남남서	201	14.59	30.37	0.68	4.5	0.92	5.0	5.5	북북서	338	10.1	1026.8	-	157	
2020-11-26 12:30:00	1.8	남남서	194	14.59	30.40	0.74	4.8	1.10	4.5	5.2	북북서	344	10.1	1026.6	-	335	
2020-11-26 12:35:00	2.2	서남서	236	14.61	30.38	0.67	4.6	0.96	5.0	5.4	북북서	341	10.1	1026.6	-	145	
2020-11-26 12:40:00	2.4	남남동	165	14.61	30.37	0.69	4.4	1.13	5.5	5.6	북북서	340	10.1	1026.5	-	346	
2020-11-26 12:45:00	0.8	북동	37	14.61	30.35	0.64	4.8	1.02	4.5	5.5	북북서	337	10.2	1026.4	-	252	
2020-11-26 12:50:00	5.1	남	177	14.61	30.31	0.58	4.5	0.78	5.0	5.8	북북서	342	10.0	1026.3	-	111	
2020-11-26 12:55:00	4.1	남	181	14.61	30.39	0.72	4.3	0.96	4.5	5.3	북북서	333	10.1	1026.3	-	20	
2020-11-26 13:00:00	2.1	남동	146	14.61	30.38	0.60	4.3	0.93	5.0	5.3	북북서	337	10.3	1026.2	-	20	
2020-11-26 13:05:00	2.9	남	174	14.62	30.34	0.62	4.8	0.78	4.0	5.5	북	351	10.3	1026.2	-	191	
2020-11-26 13:10:00	1.8	남남서	198	14.62	30.34	0.71	4.9	0.96	5.5	5.2	북북서	345	10.2	1026.1	-	17	
2020-11-26 13:15:00	5.8	남남동	167	14.62	30.30	0.78	4.4	1.12	4.5	5.7	북북서	338	10.3	1026.1	-	187	
2020-11-26 13:20:00	5.6	남남서	192	14.62	30.28	0.66	4.0	1.02	4.5	6.1	북북서	330	10.4	1026.0	-	168	
2020-11-26 13:25:00	2.7	남	179	14.63	30.32	0.68	4.5	0.90	3.5	5.7	북북서	343	10.4	1026.0	-	348	
2020-11-26 13:30:00	6.3	남	177	14.62	30.32	0.63	5.0	0.82	4.5	6.1	북북서	341	10.4	1025.9	-	10	
2020-11-26 13:35:00	7.6	남남동	158	14.63	30.29	0.69	4.9	0.91	4.5	6.2	북북서	346	10.4	1025.9	-	195	
2020-11-26 13:40:00	0.8	남남동	160	14.63	30.28	0.75	4.9	1.03	4.5	6.2	북	350	10.4	1025.9	-	44	
2020-11-26 13:45:00	6.6	남	177	14.63	30.30	0.70	4.9	1.00	5.0	6.3	북북서	348	10.4	1025.9	-	350	
2020-11-26 13:50:00	5.1	남남동	168	14.62	30.26	0.64	4.5	1.17	5.0	6.1	북북서	345	10.5	1025.8	-	229	
2020-11-26 13:55:00	7.0	남남동	166	14.62	30.25	0.68	4.9	0.99	4.5	6.1	북북서	343	10.6	1025.8	-	354	
2020-11-26 14:00:00	7.4	남	172	14.61	30.29	0.73	5.1	0.99	5.5	6.1	북북서	328	10.6	1025.8	-	30	
2020-11-26 14:05:00	7.8	남남동	159	14.62	30.26	0.64	4.2	0.86	6.0	5.9	북북서	342	10.6	1025.8	-	34	
2020-11-26 14:10:00	8.2	남남동	153	14.61	30.27	0.82	5.0	1.22	5.0	6.0	북북서	344	10.7	1025.8	-	19	
2020-11-26 14:15:00	6.9	남남동	155	14.62	30.29	0.68	4.9	1.07	5.5	5.8	북북서	330	10.7	1025.8	-	153	
2020-11-26 14:20:00	8.1	남남동	168	14.73	30.32	0.68	4.5	0.95	6.0	5.8	북북서	330	10.7	1025.7	-	19	
2020-11-26 14:25:00	10.1	남	174	14.77	30.30	0.70	4.4	0.89	4.0	6.1	북북서	342	10.7	1025.7	-	359	
2020-11-26 14:30:00	10.4	남남동	165	14.80	30.30	0.67	4.6	0.91	4.0	5.7	북북서	343	10.7	1025.6	-	352	
2020-11-26 14:35:00	9.5	남	176	14.81	30.32	0.68	4.8	0.85	5.0	5.7	북북서	336	10.7	1025.5	-	8	
2020-11-26 14:40:00	11.0	남남동	161	14.82	30.33	0.70	4.8	1.02	5.5	5.8	북북서	341	10.8	1025.4	-	6	
2020-11-26 14:45:00	9.7	남남동	167	14.83	30.32	0.67	4.5	0.85	4.5	5.7	북북서	337	10.9	1025.4	-	4	
2020-11-26 14:50:00	9.5	남남동	154	14.83	30.26	0.70	4.8	0.90	4.0	6.0	북북서	338	10.9	1025.3	-	44	
2020-11-26 14:55:00	7.3	남	188	14.83	30.32	0.63	4.5	0.92	4.5	5.6	북북서	340	10.9	1025.3	-	17	
2020-11-26 15:00:00	7.9	남	173	14.84	30.33	0.73	4.5	0.97	5.5	6.3	북북서	342	10.9	1025.4	-	241	
2020-11-26 15:05:00	9.4	남남동	164	14.85	30.29	0.69	4.9	0.91	4.0	6.1	북북서	338	10.8	1025.4	-	157	
2020-11-26 15:10:00	9.6	남남동	164	14.86	30.32	0.69	4.5	0.95	4.0	5.5	북북서	335	10.9	1025.4	-	357	
2020-11-26 15:15:00	13.1	남	173	14.86	30.31	0.70	4.5	1.03	5.5	6.3	북북서	339	10.9	1025.3	-	186	
2020-11-26 15:20:00	10.9	남	179	14.88	30.23	0.62	4.8	0.85	5.5	6.1	북	349	11.0	1025.3	-	43	
2020-11-26 15:25:00	13.8	남	179	14.88	30.31	0.72	4.4	1.01	4.5	6.7	북북서	341	11.0	1025.3	-	181	
2020-11-26 15:30:00	8.7	남	169	14.89	30.31	0.71	5.0	0.93	3.5	6.4	북북서	338	11.1	1025.3	-	32	
2020-11-26 15:35:00	13.6	남	171	14.90	30.33	0.66	4.8	1.04	4.0	5.6	북북서	342	11.0	1025.3	-	5	
2020-11-26 15:40:00	13.7	남	180	14.91	30.33	0.71	4.4	1.39	4.5	5.8	북북서	335	11.1	1025.3	-	191	
2020-11-26 15:45:00	12.1	남	180	14.91	30.35	0.66	4.4	1.10	4.0	6.2	북북서	341	11.1	1025.4	-	212	
2020-11-26 15:50:00	13.8	남	169	14.90	30.36	0.65	4.7	0.88	5.5	6.0	북북서	342	11.0	1025.4	-	156	
2020-11-26 15:55:00	11.8	남남동	164	14.90	30.30	0.72	4.5	1.10	4.0	5.9	북북서	338	11.0	1025.4	-	11	
2020-11-26 16:00:00	13.3	남	172	14.90	30.32	0.62	4.3	1.06	5.0	5.7	북북서	328	11.0	1025.4	-	43	
2020-11-26 16:05:00	14.1	남남동	165	14.90	30.33	0.68	4.9	0.99	6.0	6.5	북북서	330	11.0	1025.5	-	33	
2020-11-26 16:10:00	12.9	남	172	14.91	30.29	0.59	4.5	0.91	4.0	6.8	북북서	331	11.0	1025.5	-	22	
2020-11-26 16:15:00	10.6	남	178	14.91	30.34	0.67	4.4	0.83	5.0	6.8	북북서	336	11.0	1025.5	-	22	
2020-11-26 16:20:00	10.0	남남동	161	14.90	30.33	0.63	4.4	0.85	3.5	6.3	북북서	336	10.9	1025.6	-	62	
2020-11-26 16:25:00	12.7	남	172	14.91	30.22	0.65	4.8	0.95	4.5	6.5	북북서	336	10.9	1025.6	-	224	
2020-11-26 16:30:00	10.4	남남동	164	14.91	30.31	0.64	4.4	1.14	5.0	6.1	북북서	334	10.9	1025.6	-	225	
2020-11-26 16:35:00	5.2	남남동	164	14.91	30.23	0.69	4.4	1.21	4.5	6.3	북북서	332	10.8	1025.7	-	180	
2020-11-26 16:40:00	10.6	남	173	14.92	30.25	0.68	4.4	0.83	3.5	6.3	북북서	328	10.9	1025.8	-	213	
2020-11-26 16:45:00	13.1	남	171	14.91	30.24	0.67	4.2	0.95	4.0	7.2	북북서	331	10.9	1025.9	-	36	
2020-11-26 16:50:00	19.2	남	172	14.91	30.29	0.64	4.5	0.83	5.0	7.0	북북서	333	10.8	1025.9	-	14	
2020-11-26 16:55:00	9.1	남	175	14.90	30.15	0.65	4.5	1.01	5.5	7.0	북서	326	10.8	1025.9	-	289	
2020-11-26 17:00:00	11.7	남남동	166	14.90	30.25	0.74	4.2	1.10	5.0	7.4	북북서	329	10.8	1025.9	-	24	
2020-11-26 17:05:00	8.8	남남동	163	14.90	30.24	0.66	3.9	1.18	4.0	6.9	북서	323	10.8	1026.0	-	8	
2020-11-26 17:10:00	9.1	남	174	14.90	30.16	0.73	4.3	1.17	5.5	5.8	서북서	299	10.6	1026.0	-	161	
2020-11-26 17:15:00	11.6	남남동	166	14.90	30.23	0.70	4.2	0.96	5.0	5.9	서북서	294	10.4	1026.0	-	18	
2020-11-26 17:20:00	5.3	남남동	165	14.90	30.22	0.69	4.2	1.01	4.0	5.8	서북서	289	10.3	1026.1	-	359	
2020-11-26 17:25:00	7.7	남남동	167	14.90	30.20	0.74	4.2	1.35	3.5	5.6	서북서	295	10.2	1026.2	-	321	
2020-11-26 17:30:00	8.6	남남동	167	14.90	30.25	0.61	4.3	0.97	5.0	5.5	서북서	297	10.2	1026.2	-	256	
2020-11-26 17:35:00	8.5	남	183	14.89	30.25	0.69	4.2	1.22	5.0	5.3	서북서	294	10.0	1026.1	-	20	
2020-11-26 17:40:00	7.2	남남동	165	14.89	30.29	0.71	4.4	1.26	4.5	5.6	서북서	299	10.1	1026.2	-	176	
2020-11-26 17:45:00	6.0	남	181	14.88	30.34	0.88	4.9	1.09	5.0	6.5	북서	309	10.1	1026.2	-	355	
2020-11-26 17:50:00	4.3	남	189	14.89	30.38	0.70	4.8	1.25	5.0	6.5	서북서	303	10.0	1026.1	-	38	
2020-11-26 17:55:00	8.7	남	173	14.88	30.23	0.80	4.9	1.17	4.5	7.1	북서	309	10.0	1026.1	-	14	
2020-11-26 18:00:00	7.6	남남동	165	14.88	30.42	0.78	4.8	1.15	4.5	7.5	북서	315	10.3	1026.0	-	4	
2020-11-26 18:05:00	10.9	남남동	167	14.88	30.41	0.82	4.8	1.10	4.5	7.7	북서	315	10.1	1026.0	-	341	
2020-11-26 18:10:00	7.3	남남서	204	14.87	30.39	0.90	4.5	1.28	6.0	7.6	북서	314	10.1	1026.0	-	13	
2020-11-26 18:15:00	12.8	남남동	157	14.88	30.26	0.91	4.7	1.27	4.5	7.6	북서	315	10.1	1026.0	-	339	
2020-11-26 18:20:00	7.7	남	190	14.88	30.24	1.01	4.9	1.64	5.0	7.4	북서	308	9.9	1026.1	-	347	
2020-11-26 18:25:00	6.0	남	191	14.88	30.21	0.85	4.7	1.39	4.5	6.6	서북서	298	9.8	1026.2	-	6	
2020-11-26 18:30:00	10.2	남	177	14.88	30.11	1.17	5.2	1.85	5.5	7.7	서북서	303	9.7	1026.1	-	20	
2020-11-26 18:35:00	9.0	남남동	162	14.89	30.23	1.10	5.2	1.46	5.0	7.5	북서	307	9.6	1026.1	-	17	
2020-11-26 18:40:00	8.3	남	182	14.88	30.24	1.16	5.4	1.60	5.5	7.1	북서	310	9.6	1026.1	-	12	
2020-11-26 18:45:00	8.1	남남서	193	14.88	30.25	1.03	4.9	1.27	5.5	6.4	북서	305	9.6	1026.2	-	19	
2020-11-26 18:50:00	7.2	남남동	167	14.89	30.30	1.31	5.7	1.70	6.0	6.0	서북서	303	9.5	1026.3	-	32	
2020-11-26 18:55:00	7.5	남동	138	14.90	30.19	1.17	5.6	1.55	5.5	6.2	서북서	295	9.4	1026.3	-	23	
2020-11-26 19:00:00	8.0	남동	142	14.90	30.27	1.32	5.6	1.83	6.0	6.0	서북서	297	9.1	1026.4	-	20	
2020-11-26 19:05:00	9.5	남	172	14.89	30.29	1.44	5.9	1.85	6.0	6.2	서북서	291	9.0	1026.4	-	22	
2020-11-26 19:10:00	13.1	남남동	167	14.90	30.31	1.20	5.9	1.74	6.0	5.7	서북서	289	9.1	1026.5	-	30	
2020-11-26 19:15:00	6.5	남	178	14.90	30.26	1.38	6.0	1.72	6.0	5.9	서북서	289	8.9	1026.6	-	30	
2020-11-26 19:20:00	4.8	남남동	168	14.90	30.27	1.07	5.9	1.36	5.0	5.6	서북서	289	8.9	1026.7	-	37	
2020-11-26 19:25:00	5.6	남	189	14.90	30.25	1.37	6.2	1.63	7.0	5.6	서북서	289	9.0	1026.8	-	20	
2020-11-26 19:30:00	6.7	남동	140	14.92	30.27	1.26	6.6	1.55	6.0	5.1	서북서	284	8.9	1026.8	-	33	
2020-11-26 19:35:00	9.5	남남동	154	14.93	30.30	1.58	6.4	2.08	6.0	5.5	서북서	291	9.0	1026.8	-	28	
2020-11-26 19:40:00	3.6	남동	127	14.93	30.27	1.21	6.4	1.61	6.5	6.0	서북서	288	9.1	1026.8	-	34	
2020-11-26 19:45:00	7.1	남	187	14.94	30.28	1.56	6.9	1.93	7.5	5.6	서북서	285	9.3	1026.8	-	31	
2020-11-26 19:50:00	6.7	남	173	14.95	30.27	1.39	6.7	1.85	7.0	5.6	서북서	283	9.3	1026.8	-	42	
2020-11-26 19:55:00	4.1	남동	141	14.96	30.30	1.36	6.7	1.90	6.0	5.0	서북서	291	9.4	1026.8	-	29	
2020-11-26 20:00:00	10.2	남남동	167	14.97	30.30	1.48	6.7	1.80	6.0	5.4	서북서	293	9.2	1026.8	-	36	
2020-11-26 20:05:00	11.8	남	181	14.98	30.29	1.50	6.6	1.93	6.5	4.9	서북서	286	9.3	1026.7	-	39	
2020-11-26 20:10:00	8.1	남	188	14.98	30.32	1.18	6.5	1.32	6.5	5.2	서북서	288	9.4	1026.6	-	40	
2020-11-26 20:15:00	7.3	남남동	165	14.98	30.30	1.32	6.5	1.87	5.0	5.0	서북서	283	9.4	1026.5	-	30	
2020-11-26 20:20:00	7.5	남	182	14.98	30.28	1.40	6.8	1.83	6.5	4.8	서북서	283	9.4	1026.6	-	22	
2020-11-26 20:25:00	7.8	남	174	14.97	30.30	1.54	7.1	2.14	7.0	3.5	서	259	9.4	1026.5	-	35	
2020-11-26 20:30:00	6.5	남	174	14.98	30.28	1.50	6.5	1.92	6.5	3.4	서남서	241	8.8	1026.5	-	17	
2020-11-26 20:35:00	7.7	남동	143	14.98	30.29	1.26	6.7	1.57	7.5	3.1	서남서	249	8.7	1026.5	-	30	
2020-11-26 20:40:00	14.5	남남동	154	14.97	30.18	1.21	7.0	1.42	6.5	3.1	서남서	240	8.7	1026.4	-	32	
2020-11-26 20:45:00	8.7	남남동	167	14.97	30.33	1.59	7.1	2.57	7.0	3.6	서남서	240	8.6	1026.4	-	28	
2020-11-26 20:50:00	7.5	남	178	14.97	30.28	1.54	7.0	1.90	7.5	3.9	서남서	245	8.5	1026.4	-	35	
2020-11-26 20:55:00	9.6	남	174	14.97	30.31	1.51	7.1	2.32	7.0	4.1	서남서	248	8.3	1026.4	-	35	
2020-11-26 21:00:00	6.6	남남서	198	14.99	30.31	1.33	7.3	1.71	6.5	4.3	서남서	249	7.9	1026.4	-	42	
2020-11-26 21:05:00	6.8	남남동	157	14.99	30.20	1.91	7.5	2.41	7.5	3.9	서남서	249	8.1	1026.4	-	30	
2020-11-26 21:10:00	9.2	남남동	166	14.97	30.29	1.32	7.1	1.82	7.0	3.9	서남서	251	7.9	1026.4	-	20	
2020-11-26 21:15:00	8.4	남남동	163	14.99	30.28	1.77	7.3	2.03	7.0	3.7	서남서	253	7.9	1026.4	-	29	
2020-11-26 21:20:00	7.9	남남동	157	14.98	30.30	1.90	7.7	2.54	7.5	3.4	서남서	249	7.7	1026.4	-	28	
2020-11-26 21:25:00	10.9	남남동	167	14.96	30.24	1.46	7.5	1.97	7.0	4.2	서남서	245	7.7	1026.4	-	21	
2020-11-26 21:30:00	7.7	남남동	159	14.97	30.31	1.82	7.9	2.94	6.5	4.3	서남서	249	7.8	1026.4	-	5	
2020-11-26 21:35:00	5.7	남	173	14.96	30.26	1.66	7.6	2.39	8.0	3.7	서남서	251	7.8	1026.3	-	20	
2020-11-26 21:40:00	12.5	남남동	159	14.94	30.24	1.96	7.7	2.55	8.5	3.3	서남서	254	8.3	1026.2	-	26	
2020-11-26 21:45:00	7.4	남남동	165	14.94	30.31	2.03	7.8	3.16	8.0	3.9	서남서	240	8.2	1026.2	-	29	
2020-11-26 21:50:00	10.6	남남동	159	14.95	30.30	1.88	7.8	2.61	7.0	3.8	서남서	247	8.2	1026.1	-	28	
2020-11-26 21:55:00	9.0	남	170	14.97	30.30	1.73	7.4	2.30	7.5	3.5	서남서	248	8.3	1026.1	-	36	
2020-11-26 22:00:00	7.3	남	170	14.95	30.21	1.97	7.7	2.34	8.5	3.2	서남서	240	8.5	1026.0	-	30	
2020-11-26 22:05:00	6.2	남	185	14.94	30.29	1.93	7.8	2.65	8.0	3.1	서남서	247	8.4	1026.0	-	33	
2020-11-26 22:10:00	7.4	남남동	155	14.94	30.19	1.81	7.4	2.53	8.0	2.9	서남서	250	8.4	1026.0	-	24	
2020-11-26 22:15:00	8.6	남남동	168	14.91	30.28	1.51	7.8	2.43	7.0	3.6	서남서	250	8.2	1025.8	-	42	
2020-11-26 22:20:00	4.9	남	181	14.90	30.26	1.79	7.5	2.95	7.5	3.9	서남서	248	8.1	1025.8	-	39	
2020-11-26 22:25:00	4.5	남남동	160	14.90	30.21	1.71	7.3	2.18	7.5	4.0	서남서	248	8.3	1025.7	-	33	
2020-11-26 22:30:00	6.2	남남서	193	14.90	30.26	1.56	7.7	2.02	7.5	4.5	서남서	249	8.0	1025.7	-	13	
2020-11-26 22:35:00	6.7	남남동	166	14.90	30.21	1.55	7.8	2.40	7.0	4.9	서남서	246	8.0	1025.7	-	39	
2020-11-26 22:40:00	5.9	남남동	162	14.89	30.15	1.55	7.8	1.99	9.0	5.2	서남서	247	7.9	1025.8	-	12	
2020-11-26 22:45:00	6.6	남	177	14.91	30.26	2.02	7.8	2.88	8.5	5.4	서남서	245	7.8	1025.8	-	35	
2020-11-26 22:50:00	7.2	남	169	14.88	30.27	1.70	6.9	2.22	7.0	5.4	서남서	245	7.8	1025.8	-	17	
2020-11-26 22:55:00	5.9	남남동	165	14.89	30.26	1.74	8.1	2.25	8.0	5.0	서남서	239	7.8	1025.7	-	35	
2020-11-26 23:00:00	5.8	남남동	159	14.86	30.27	1.67	7.9	2.15	8.0	4.5	남서	236	8.1	1025.7	-	25	
2020-11-26 23:05:00	8.6	남	184	14.90	30.25	1.94	7.5	2.54	7.0	3.9	남서	233	8.2	1025.7	-	17	
2020-11-26 23:10:00	7.4	남남동	161	14.91	30.20	1.78	7.7	2.53	7.5	3.8	남서	234	8.3	1025.6	-	39	
2020-11-26 23:15:00	2.2	남남동	157	14.92	30.25	2.00	7.1	2.51	7.0	3.4	남서	222	8.0	1025.5	-	27	
2020-11-26 23:20:00	6.7	남동	138	14.88	30.24	1.54	7.9	1.96	8.0	3.0	남서	235	7.9	1025.4	-	23	
2020-11-26 23:25:00	6.8	남	174	14.85	30.27	1.44	7.6	2.80	7.5	2.9	남서	232	8.2	1025.4	-	39	
2020-11-26 23:30:00	0.8	남남서	202	14.88	30.27	1.83	7.1	2.72	7.5	3.2	서남서	239	8.6	1025.4	-	22	
2020-11-26 23:35:00	3.8	남남동	159	14.87	30.25	1.55	7.0	1.85	7.0	4.0	남서	235	8.5	1025.4	-	32	
2020-11-26 23:40:00	3.2	남	178	14.88	30.31	1.44	7.4	1.89	6.5	4.3	서남서	242	8.4	1025.3	-	28	
2020-11-26 23:45:00	5.4	남남동	160	14.89	30.25	1.60	7.1	2.62	7.5	4.6	서남서	249	8.1	1025.2	-	34	
2020-11-26 23:50:00	6.4	남동	142	14.89	30.28	1.54	7.5	2.10	7.5	4.9	서남서	246	7.9	1025.2	-	29	
2020-11-26 23:55:00	5.3	남남동	147	14.87	30.30	1.44	6.8	1.66	6.5	4.3	서남서	239	8.2	1025.2	-	44	
2020-11-27 00:00:00	5.4	남남동	151	14.89	30.31	1.42	7.4	1.78	6.5	4.3	남서	223	8.1	1025.2	-	36	
2020-11-27 00:05:00	4.6	남남동	169	14.90	30.32	1.59	7.2	2.49	8.0	4.0	남서	233	7.7	1025.2	-	11	
2020-11-27 00:10:00	5.9	남	171	14.92	30.34	1.89	7.3	2.58	7.5	3.3	서남서	238	7.7	1025.2	-	33	
2020-11-27 00:15:00	5.3	남남동	149	14.93	30.27	1.75	7.5	2.38	7.5	2.8	남서	233	7.5	1025.2	-	33	
2020-11-27 00:20:00	4.2	남남서	197	14.90	30.27	1.47	7.5	1.97	7.0	2.4	남서	235	7.7	1025.2	-	41	
2020-11-27 00:25:00	4.4	남	180	14.91	30.27	1.64	7.5	2.06	7.5	2.2	남서	231	7.7	1025.2	-	20	
2020-11-27 00:30:00	3.3	남남동	159	14.90	30.29	1.29	7.4	1.58	8.5	2.4	남서	228	8.0	1025.0	-	45	
2020-11-27 00:35:00	2.1	남	172	14.89	30.28	1.64	7.4	2.10	7.5	2.7	서남서	245	8.3	1024.9	-	40	
2020-11-27 00:40:00	5.9	남	189	14.90	30.23	1.50	7.2	1.99	6.0	3.0	남서	235	8.3	1024.8	-	30	
2020-11-27 00:45:00	4.0	동남동	108	14.89	30.22	1.49	6.8	2.46	6.5	3.5	남서	231	8.4	1024.8	-	37	
2020-11-27 00:50:00	4.5	남남동	148	14.90	30.23	1.26	7.0	1.76	8.0	3.6	서남서	245	8.4	1024.9	-	31	
2020-11-27 00:55:00	5.2	남동	143	14.90	30.29	1.52	7.7	1.88	6.5	3.1	서남서	238	8.4	1024.9	-	32	
2020-11-27 01:00:00	10.0	남남동	159	14.91	30.24	1.41	7.4	2.22	6.0	3.0	남남서	208	8.4	1024.9	-	31	
2020-11-27 01:05:00	3.1	남남동	168	14.91	30.28	1.42	7.3	2.05	6.0	3.0	남남서	212	8.1	1024.8	-	46	
2020-11-27 01:10:00	5.2	남	174	14.90	30.34	1.62	7.4	2.02	7.5	3.2	남서	215	8.2	1024.8	-	32	
2020-11-27 01:15:00	4.4	남서	230	14.89	30.31	1.48	6.8	1.91	7.5	3.3	남남서	208	8.3	1024.8	-	37	
2020-11-27 01:20:00	2.6	남동	130	14.87	30.27	1.55	7.1	2.20	6.0	3.2	남남서	210	8.3	1024.8	-	40	
2020-11-27 01:25:00	5.2	동남동	119	14.89	30.34	1.28	6.8	1.49	6.5	2.8	남서	215	8.3	1024.8	-	35	
2020-11-27 01:30:00	5.2	동남동	119	14.89	30.25	1.37	7.3	1.85	7.0	2.5	남서	231	8.5	1024.8	-	32	
2020-11-27 01:35:00	5.4	남동	140	14.89	30.27	1.39	7.0	2.14	7.5	2.8	서남서	244	8.6	1024.8	-	33	
2020-11-27 01:40:00	4.4	남	184	14.92	30.32	1.49	6.7	2.37	6.5	3.7	서남서	251	8.7	1024.8	-	42	
2020-11-27 01:45:00	5.3	남	172	14.91	30.31	1.32	6.8	1.60	7.0	3.7	서남서	256	8.6	1024.7	-	33	
2020-11-27 01:50:00	8.7	남	182	14.89	30.26	1.34	7.1	1.88	7.5	3.3	서남서	253	8.4	1024.7	-	42	
2020-11-27 01:55:00	3.6	남남서	194	14.90	30.24	1.45	6.7	2.02	7.5	3.5	서남서	258	8.5	1024.7	-	38	
2020-11-27 02:00:00	4.7	남남동	163	14.90	30.26	1.47	7.5	1.97	7.5	3.5	서	273	8.6	1024.8	-	32	
2020-11-27 02:05:00	5.0	남남동	166	14.88	30.31	1.48	7.4	2.29	7.5	3.4	서	277	8.6	1024.8	-	29	
2020-11-27 02:10:00	4.8	남남동	166	14.87	30.30	1.56	7.2	2.31	6.0	3.0	서	274	8.7	1024.7	-	48	
2020-11-27 02:15:00	2.6	남	172	14.89	30.32	1.50	7.0	1.95	7.5	2.7	서	265	8.7	1024.6	-	41	
2020-11-27 02:20:00	5.5	남남동	164	14.88	30.21	1.08	6.3	1.52	5.5	3.0	서	269	8.7	1024.6	-	10	
2020-11-27 02:25:00	5.1	남남동	166	14.88	30.18	1.34	7.3	2.16	7.0	2.5	서	277	8.7	1024.6	-	54	
2020-11-27 02:30:00	7.5	남	175	14.84	30.19	1.27	7.3	1.91	7.0	2.0	서북서	283	8.7	1024.6	-	37	
2020-11-27 02:35:00	3.1	남동	141	14.81	30.18	1.37	6.4	1.71	6.0	2.3	서	276	8.6	1024.6	-	44	
2020-11-27 02:40:00	6.5	남남동	146	14.87	30.19	1.22	6.8	1.42	7.0	2.7	서	273	8.7	1024.5	-	42	
2020-11-27 02:45:00	7.2	남남서	200	14.91	30.22	1.10	7.0	1.49	7.0	2.8	서	263	8.7	1024.5	-	42	
2020-11-27 02:50:00	4.4	남남서	201	14.92	30.23	1.31	7.0	2.25	6.0	3.6	서	263	8.6	1024.4	-	33	
2020-11-27 02:55:00	2.0	남서	230	14.91	30.21	1.17	6.9	1.59	8.0	4.2	서	261	8.7	1024.4	-	13	
2020-11-27 03:00:00	5.1	남	190	14.91	30.26	1.37	7.3	1.72	6.5	4.2	서남서	238	9.0	1024.3	-	48	
2020-11-27 03:05:00	4.2	남	189	14.92	30.26	1.31	7.0	1.93	6.0	3.9	서남서	240	9.3	1024.3	-	36	
2020-11-27 03:10:00	4.3	남남동	162	14.91	30.32	1.37	7.2	1.73	7.0	3.1	서남서	242	9.1	1024.3	-	34	
2020-11-27 03:15:00	6.7	남남동	168	14.91	30.33	1.20	6.6	1.89	7.5	2.5	서남서	252	9.1	1024.3	-	55	
2020-11-27 03:20:00	4.5	남	181	14.93	30.32	1.22	7.4	1.86	5.5	2.6	서남서	254	9.2	1024.3	-	43	
2020-11-27 03:25:00	3.4	남남동	157	14.91	30.32	1.38	7.0	1.89	7.0	2.4	서남서	258	9.1	1024.3	-	35	
2020-11-27 03:30:00	3.9	남남동	166	14.90	30.33	1.10	6.3	1.53	6.0	1.5	서	281	9.4	1024.4	-	36	
2020-11-27 03:35:00	3.3	남동	137	14.87	30.20	1.33	6.5	1.99	7.5	1.9	서	279	9.5	1024.4	-	33	
2020-11-27 03:40:00	6.4	남남동	154	14.82	30.14	1.41	6.6	2.26	7.0	1.8	서북서	289	9.5	1024.4	-	33	
2020-11-27 03:45:00	1.6	남서	222	14.84	30.28	1.30	6.2	1.93	6.5	2.3	북서	309	9.4	1024.3	-	58	
2020-11-27 03:50:00	3.0	남서	227	14.83	30.27	1.18	6.4	1.60	6.5	2.6	북서	323	9.6	1024.1	-	44	
2020-11-27 03:55:00	1.4	남	186	14.81	30.30	1.45	7.2	1.68	7.0	2.6	북서	322	9.4	1024.0	-	33	
2020-11-27 04:00:00	4.9	남남동	165	14.79	30.13	1.18	6.5	1.76	7.0	2.2	북서	309	9.2	1023.8	-	64	
2020-11-27 04:05:00	4.0	남동	145	14.80	30.20	1.40	7.0	1.83	7.0	2.2	서북서	300	9.1	1023.9	-	36	
2020-11-27 04:10:00	3.0	남남동	150	14.78	30.23	1.18	6.7	2.03	6.5	2.2	서북서	291	9.2	1023.8	-	40	
2020-11-27 04:15:00	5.2	남동	127	14.78	30.20	1.33	6.4	1.56	6.5	2.4	서북서	286	9.0	1023.8	-	26	
2020-11-27 04:20:00	6.3	동남동	113	14.79	30.20	1.43	7.1	1.74	7.0	1.7	서	278	9.0	1023.8	-	20	
2020-11-27 04:25:00	4.6	남	170	14.79	30.13	1.25	6.7	1.92	6.5	1.6	북서	305	9.0	1023.7	-	36	
2020-11-27 04:30:00	3.7	남동	140	14.79	30.19	1.08	6.0	1.54	6.5	1.8	북서	305	9.0	1023.6	-	45	
2020-11-27 04:35:00	6.0	남동	142	14.80	30.20	1.21	6.4	1.56	7.0	2.2	북서	310	9.0	1023.5	-	44	
2020-11-27 04:40:00	5.9	남	169	14.82	30.20	1.18	6.5	1.66	7.0	2.1	북서	305	9.0	1023.4	-	47	
2020-11-27 04:45:00	2.7	남동	146	14.81	30.20	1.14	6.6	1.36	6.0	2.6	서	269	8.9	1023.4	-	28	
2020-11-27 04:50:00	3.2	남남동	159	14.81	30.18	1.17	6.5	1.72	6.5	2.7	서	262	8.5	1023.3	-	31	
2020-11-27 04:55:00	2.8	동남동	114	14.82	30.16	1.26	6.9	2.15	7.0	2.9	서남서	252	8.7	1023.3	-	30	
2020-11-27 05:00:00	4.3	남동	132	14.81	30.18	1.06	6.8	1.29	6.0	3.8	서남서	243	8.5	1023.3	-	30	
2020-11-27 05:05:00	0.5	서	262	14.81	30.17	1.07	6.9	1.56	7.5	3.2	서남서	241	8.3	1023.4	-	51	
2020-11-27 05:10:00	5.6	남남서	209	14.81	30.13	1.09	6.9	1.59	6.5	3.0	서남서	256	8.7	1023.4	-	54	
2020-11-27 05:15:00	1.7	남서	214	14.80	30.16	1.14	6.2	1.45	6.5	3.3	서남서	253	8.6	1023.4	-	28	
2020-11-27 05:20:00	1.2	남남서	192	14.79	30.15	1.05	6.8	1.24	6.5	3.2	서남서	254	8.6	1023.4	-	59	
2020-11-27 05:25:00	1.9	동	98	14.78	30.12	1.03	6.3	1.36	7.5	3.3	서남서	250	8.7	1023.4	-	33	
2020-11-27 05:30:00	2.7	남	180	14.79	30.19	1.15	6.4	1.35	6.5	3.2	서남서	250	8.9	1023.4	-	25	
2020-11-27 05:35:00	4.4	남동	124	14.79	30.09	1.07	6.6	1.49	8.0	2.7	서남서	250	9.0	1023.4	-	67	
2020-11-27 05:40:00	1.7	남동	141	14.78	30.14	1.19	6.5	1.74	7.0	2.3	서남서	246	9.1	1023.4	-	46	
2020-11-27 05:45:00	1.8	남동	139	14.77	30.16	1.28	6.6	1.83	6.5	2.8	서남서	242	8.8	1023.4	-	42	
2020-11-27 05:50:00	3.4	남	170	14.78	30.11	1.14	6.0	1.56	6.5	2.9	서남서	244	9.1	1023.5	-	46	
2020-11-27 05:55:00	0.4	서	268	14.77	30.10	1.21	6.5	1.55	5.0	2.9	남서	233	8.7	1023.5	-	37	
2020-11-27 06:00:00	2.4	동북동	59	14.77	30.15	1.31	7.1	1.74	7.0	2.2	남서	232	8.5	1023.5	-	59	
2020-11-27 06:05:00	2.3	서북서	294	14.78	30.12	1.23	6.1	1.75	6.0	1.8	남서	228	8.3	1023.5	-	63	
2020-11-27 06:10:00	1.0	동	84	14.77	30.17	1.18	6.2	1.47	6.0	1.4	서남서	245	8.2	1023.4	-	42	
2020-11-27 06:15:00	1.2	남	179	14.77	30.13	1.21	6.6	1.58	6.5	0.8	남서	217	8.5	1023.4	-	39	
2020-11-27 06:20:00	4.0	북북서	343	14.77	30.14	1.40	6.4	2.23	6.5	2.5	남남서	201	8.7	1023.3	-	36	
2020-11-27 06:25:00	3.2	북서	314	14.77	30.13	1.32	6.5	2.13	5.5	2.1	남	183	8.7	1023.2	-	47	
2020-11-27 06:30:00	0.9	동	84	14.77	30.12	1.16	6.4	2.12	6.5	1.6	남남서	193	8.8	1023.2	-	28	
2020-11-27 06:35:00	2.8	서	265	14.77	30.13	1.39	6.3	1.95	6.5	1.4	남남서	200	8.9	1023.1	-	64	
2020-11-27 06:40:00	1.6	북북서	339	14.79	30.11	1.42	6.9	2.04	7.0	2.6	남서	214	9.1	1023.0	-	37	
2020-11-27 06:45:00	2.3	북북서	348	14.80	30.13	1.30	6.4	2.49	7.0	2.1	남서	229	9.1	1022.9	-	56	
2020-11-27 06:50:00	3.1	북북서	342	14.80	30.09	1.23	6.6	1.63	7.5	3.5	남서	229	9.3	1022.8	-	42	
2020-11-27 06:55:00	3.9	서	279	14.80	30.07	1.26	6.4	1.58	6.5	4.0	남서	219	9.3	1022.8	-	38	
2020-11-27 07:00:00	6.4	서북서	303	14.79	30.13	1.16	6.3	1.74	5.5	4.7	남서	222	9.5	1022.7	-	50	
2020-11-27 07:05:00	3.1	서북서	295	14.78	30.09	1.35	6.4	1.80	6.0	4.4	남서	223	9.8	1022.5	-	47	
2020-11-27 07:10:00	5.8	서북서	286	14.77	30.08	1.50	6.8	2.04	7.0	5.5	남서	226	10.2	1022.5	-	37	
2020-11-27 07:15:00	5.6	서	263	14.76	30.07	1.29	6.6	1.74	6.0	5.1	남서	226	10.3	1022.5	-	43	
2020-11-27 07:20:00	2.8	북북서	328	14.76	30.07	1.59	6.7	2.15	7.5	6.2	남서	220	10.4	1022.5	-	21	
2020-11-27 07:25:00	4.1	북북서	328	14.73	30.10	1.07	6.2	1.37	5.0	6.1	남서	225	10.3	1022.5	-	47	
2020-11-27 07:30:00	3.6	북서	316	14.73	30.06	1.30	7.0	1.70	7.0	5.4	남서	231	10.2	1022.5	-	38	
2020-11-27 07:35:00	1.2	북동	56	14.72	29.98	1.14	6.3	1.69	6.0	6.2	남서	236	10.2	1022.5	-	42	
2020-11-27 07:40:00	2.4	서	278	14.74	30.08	1.18	7.1	1.44	7.0	5.4	서남서	239	10.3	1022.4	-	24	
2020-11-27 07:45:00	1.7	북서	313	14.73	30.07	1.43	6.8	1.87	6.5	5.5	서남서	239	10.1	1022.3	-	40	
2020-11-27 07:50:00	2.4	남	186	14.74	30.14	1.25	6.6	1.91	7.0	6.5	서남서	242	10.2	1022.3	-	49	
2020-11-27 07:55:00	2.6	북	350	14.73	30.12	1.09	6.9	1.46	6.5	6.6	서남서	240	10.3	1022.2	-	36	
2020-11-27 08:00:00	0.9	북북서	349	14.73	30.12	1.27	6.5	2.18	6.0	6.5	서남서	246	10.3	1022.2	-	36	
2020-11-27 08:05:00	1.2	동	93	14.73	30.10	1.06	6.5	1.71	6.0	7.0	서남서	253	10.3	1022.3	-	25	
2020-11-27 08:10:00	3.1	남남동	157	14.72	30.11	1.22	6.4	1.92	6.5	6.5	서남서	250	10.1	1022.3	-	69	
2020-11-27 08:15:00	2.0	북	354	14.73	30.12	1.20	6.8	1.85	6.0	5.8	서남서	248	10.1	1022.4	-	44	
2020-11-27 08:20:00	1.0	서	267	14.75	30.06	1.00	6.9	1.47	7.0	5.0	서남서	242	10.0	1022.4	-	21	
2020-11-27 08:25:00	2.1	남동	140	14.76	30.10	1.18	6.7	1.36	7.0	5.3	서남서	241	10.1	1022.3	-	46	
2020-11-27 08:30:00	0.3	서남서	247	14.73	30.11	1.09	6.8	1.63	6.5	5.5	남서	232	10.1	1022.2	-	42	
2020-11-27 08:35:00	0.7	남남서	197	14.72	30.09	1.02	6.4	1.28	7.0	5.5	서남서	238	10.0	1022.2	-	32	
2020-11-27 08:40:00	0.6	서남서	246	14.72	30.19	1.28	7.0	2.31	7.0	6.5	남서	236	9.9	1022.2	-	22	
2020-11-27 08:45:00	3.3	남남동	161	14.72	30.18	1.25	6.7	1.47	7.0	6.5	서남서	242	9.8	1022.3	-	34	
2020-11-27 08:50:00	2.4	서북서	301	14.72	30.13	1.38	7.3	1.87	7.0	5.6	서남서	245	9.7	1022.2	-	39	
2020-11-27 08:55:00	0.7	남남동	151	14.72	30.14	1.30	6.5	1.51	6.5	5.4	서남서	242	9.7	1022.3	-	43	
2020-11-27 09:00:00	1.0	서북서	282	14.74	30.15	1.12	6.8	1.73	6.5	5.1	서남서	252	9.7	1022.3	-	42	
2020-11-27 09:05:00	3.2	서북서	293	14.74	30.13	1.49	7.2	1.75	6.5	3.9	서	263	9.8	1022.4	-	52	
2020-11-27 09:10:00	2.6	북북서	338	14.74	30.09	1.15	6.8	1.56	6.0	4.1	서	269	9.7	1022.5	-	29	
2020-11-27 09:15:00	1.0	남	175	14.73	30.13	1.32	7.5	1.82	6.5	4.4	서	280	9.6	1022.6	-	40	
2020-11-27 09:20:00	1.5	동남동	106	14.72	30.15	1.27	6.8	1.88	7.0	4.1	서	265	9.6	1022.7	-	54	
2020-11-27 09:25:00	1.2	서북서	299	14.71	30.16	1.35	6.7	1.98	7.0	4.0	서	263	9.6	1022.8	-	36	
2020-11-27 09:30:00	3.1	서북서	282	14.72	30.17	1.20	6.8	1.53	7.5	3.4	서	259	9.5	1022.8	-	53	
2020-11-27 09:35:00	0.3	남남서	199	14.72	30.20	1.25	6.5	1.54	7.0	2.9	서남서	256	9.7	1022.8	-	47	
2020-11-27 09:40:00	2.1	서남서	240	14.72	30.17	1.23	7.4	1.91	7.0	2.8	서남서	248	9.6	1022.7	-	35	
2020-11-27 09:45:00	3.4	남서	224	14.72	30.22	1.30	6.4	1.81	7.0	3.2	남서	233	9.6	1022.6	-	29	
2020-11-27 09:50:00	2.2	남남서	196	14.72	30.18	1.21	7.0	1.44	6.5	3.8	남서	230	9.6	1022.4	-	39	
2020-11-27 09:55:00	3.2	남서	230	14.71	30.12	1.59	6.9	1.96	6.5	4.0	남서	230	9.6	1022.4	-	39	
2020-11-27 10:00:00	1.7	남	179	14.69	30.22	1.17	7.2	1.64	7.0	4.9	남서	236	9.6	1022.3	-	37	
2020-11-27 10:05:00	2.1	남서	221	14.69	30.14	1.14	6.9	1.64	6.5	4.3	서남서	238	9.6	1022.1	-	63	
2020-11-27 10:10:00	1.5	동	85	14.67	30.18	1.35	7.2	1.84	7.0	4.7	서남서	240	9.6	1022.0	-	33	
2020-11-27 10:15:00	1.2	동북동	60	14.68	30.17	1.33	7.1	1.51	7.0	4.9	남서	230	9.7	1022.0	-	38	
2020-11-27 10:20:00	0.9	남동	129	14.68	30.17	1.15	6.9	1.89	6.5	5.0	서남서	248	9.6	1022.1	-	41	
2020-11-27 10:25:00	3.6	남	185	14.68	30.15	1.27	7.1	1.96	7.0	5.5	서남서	247	9.5	1022.1	-	22	
2020-11-27 10:30:00	4.4	남남동	165	14.67	30.16	1.14	7.1	1.66	6.0	5.1	서남서	248	9.5	1022.1	-	57	
2020-11-27 10:35:00	4.2	남남동	165	14.68	30.15	1.40	6.9	1.76	7.0	4.5	서남서	244	9.5	1022.0	-	55	
2020-11-27 10:40:00	6.5	남	190	14.68	30.16	1.62	7.4	2.32	7.0	4.5	서남서	238	9.3	1021.8	-	45	
2020-11-27 10:45:00	3.4	남남서	201	14.68	30.16	1.09	7.2	1.53	7.5	4.3	남서	236	9.3	1021.8	-	29	
2020-11-27 10:50:00	3.2	남남서	211	14.67	30.17	1.31	7.3	1.82	7.5	4.5	서남서	247	9.2	1021.9	-	38	
2020-11-27 10:55:00	4.1	남남동	158	14.68	30.16	1.37	7.1	1.88	8.0	4.6	서남서	255	9.3	1021.9	-	39	
2020-11-27 11:00:00	2.8	남남서	197	14.69	30.17	1.17	6.5	1.40	6.5	4.6	서남서	243	9.3	1021.8	-	37	
2020-11-27 11:05:00	1.8	남남동	147	14.69	30.16	1.29	7.2	1.56	8.0	4.2	서남서	242	9.3	1021.7	-	38	
2020-11-27 11:10:00	2.5	남남동	167	14.68	30.15	0.97	6.9	1.31	7.0	5.1	서남서	239	9.3	1021.7	-	60	
2020-11-27 11:15:00	4.6	남	176	14.67	30.15	1.34	7.0	1.73	7.0	4.8	서남서	249	9.3	1021.6	-	40	
2020-11-27 11:20:00	1.9	남	170	14.67	30.26	1.22	6.9	1.89	7.0	3.8	서남서	245	9.3	1021.5	-	48	
2020-11-27 11:25:00	4.8	남남서	193	14.66	30.24	1.35	7.3	2.47	7.5	2.2	서남서	249	9.2	1021.4	-	41	
2020-11-27 11:30:00	4.0	남남서	192	14.66	30.30	1.17	6.8	1.47	7.5	2.0	서	263	9.3	1021.3	-	37	
2020-11-27 11:35:00	3.9	남남동	163	14.67	30.29	1.22	6.8	1.78	7.0	1.2	서	269	9.3	1021.3	-	44	
2020-11-27 11:40:00	3.4	남남서	202	14.68	30.27	1.31	7.6	1.88	7.0	1.8	서북서	294	9.4	1021.2	-	38	
2020-11-27 11:45:00	2.1	남	169	14.67	30.26	1.26	6.9	1.63	7.5	1.8	북서	305	9.4	1021.1	-	44	
2020-11-27 11:50:00	2.4	남동	131	14.66	30.26	1.16	7.4	1.93	7.0	2.4	서북서	288	9.5	1021.0	-	42	
2020-11-27 11:55:00	2.0	동남동	117	14.67	30.13	1.22	7.2	1.54	7.0	2.6	서북서	299	9.7	1020.8	-	45	
2020-11-27 12:00:00	4.7	남	183	14.67	30.12	1.31	6.9	2.46	7.0	2.1	서북서	296	9.7	1020.7	-	41	
2020-11-27 12:05:00	6.9	남	182	14.67	30.05	1.16	7.3	1.41	7.0	2.5	서	275	9.8	1020.6	-	47	
2020-11-27 12:10:00	7.3	남남서	195	14.69	30.10	1.31	7.5	1.90	7.5	2.8	서북서	290	9.9	1020.5	-	55	
2020-11-27 12:15:00	9.0	남	169	14.71	30.11	1.13	6.7	1.55	6.0	1.9	서북서	292	10.2	1020.4	-	43	
2020-11-27 12:20:00	5.7	남	174	14.72	30.11	1.07	7.3	1.34	7.0	1.5	북서	316	10.3	1020.3	-	28	
2020-11-27 12:25:00	5.7	남	169	14.71	30.05	1.13	7.5	1.52	7.0	1.6	북북서	345	10.4	1020.1	-	56	
2020-11-27 12:30:00	6.2	남남서	193	14.72	30.02	1.27	7.1	1.54	7.0	1.5	북북동	22	10.4	1020.0	-	59	
2020-11-27 12:35:00	8.1	남	180	14.74	30.02	1.27	7.3	1.68	7.0	1.2	북동	36	10.2	1020.0	-	44	
2020-11-27 12:40:00	7.1	남남동	154	14.77	30.00	1.28	7.4	1.67	7.5	0.2	북북동	19	10.4	1019.9	-	40	
2020-11-27 12:45:00	8.1	남	182	14.84	30.10	1.05	7.1	1.59	7.0	0.8	북북동	12	10.4	1019.8	-	50	
2020-11-27 12:50:00	9.8	남	175	14.85	29.98	1.08	7.3	1.40	7.0	0.9	서북서	297	10.3	1019.8	-	37	
2020-11-27 12:55:00	6.7	남남서	193	14.86	30.05	1.17	7.2	1.44	7.5	0.3	남남서	201	10.4	1019.8	-	46	
2020-11-27 13:00:00	5.3	남	190	14.87	30.04	1.38	7.2	1.78	7.0	0.7	남	184	10.7	1019.7	-	41	
2020-11-27 13:05:00	8.1	남	186	14.86	29.98	1.04	6.4	1.60	7.0	0.4	남	191	11.0	1019.6	-	59	
2020-11-27 13:10:00	6.6	남	188	14.87	29.90	1.17	6.9	1.61	6.0	0.5	서남서	252	11.2	1019.5	-	46	
2020-11-27 13:15:00	6.1	남남서	207	14.89	29.92	1.21	7.5	1.50	6.5	0.6	남	184	11.2	1019.4	-	49	
2020-11-27 13:20:00	8.8	남	184	14.90	29.96	1.55	7.5	1.94	7.5	0.4	북북서	329	11.3	1019.4	-	51	
2020-11-27 13:25:00	7.9	남남서	202	14.90	29.94	1.19	7.4	1.50	8.0	0.8	북북동	31	10.8	1019.4	-	41	
2020-11-27 13:30:00	7.3	남남서	205	14.91	29.91	1.11	7.2	1.52	7.5	1.2	북북동	22	10.7	1019.3	-	34	
2020-11-27 13:35:00	5.7	남	189	14.92	29.95	1.19	7.1	1.54	8.0	0.2	북북서	339	10.8	1019.2	-	50	
2020-11-27 13:40:00	3.9	남서	235	14.91	29.99	1.15	7.3	1.59	7.0	0.2	북동	50	11.2	1019.2	-	52	
2020-11-27 13:45:00	4.5	남남서	194	14.93	29.93	1.18	7.2	1.43	7.0	1.2	서북서	292	11.4	1019.1	-	53	
2020-11-27 13:50:00	5.0	남남서	193	14.93	29.96	1.17	7.0	1.56	6.5	3.3	남서	230	10.8	1019.0	-	46	
2020-11-27 13:55:00	6.1	남남서	212	14.95	29.83	1.38	7.3	1.90	8.0	2.5	서남서	251	10.7	1019.0	-	36	
2020-11-27 14:00:00	6.2	남남서	192	14.95	29.91	1.21	6.7	1.69	7.0	4.2	서	260	10.8	1018.9	-	51	
2020-11-27 14:05:00	6.2	남	183	14.96	29.92	1.25	7.1	1.99	6.5	4.5	서	268	10.6	1018.9	-	35	
2020-11-27 14:10:00	7.4	남남서	196	14.95	29.82	1.14	6.9	1.78	7.0	7.5	서북서	296	10.8	1018.7	-	50	
2020-11-27 14:15:00	7.1	남	181	14.95	29.91	1.20	7.6	1.90	7.5	5.0	서	263	10.6	1018.8	-	23	
2020-11-27 14:20:00	5.2	남남서	196	14.96	29.90	1.20	7.1	1.60	7.0	5.5	서북서	288	10.6	1018.8	-	45	
2020-11-27 14:25:00	4.4	남남동	167	14.96	29.89	1.21	7.2	1.55	7.0	2.8	서	275	10.4	1018.8	-	40	
2020-11-27 14:30:00	6.9	남남동	168	14.96	29.90	0.88	6.6	1.30	6.0	5.3	서북서	299	10.7	1018.8	-	43	
2020-11-27 14:35:00	3.5	남서	230	14.95	29.84	1.37	7.1	1.92	7.5	6.9	북서	319	10.8	1018.8	-	60	
2020-11-27 14:40:00	5.9	남남동	163	14.95	29.85	1.23	6.9	1.43	6.0	7.7	북서	310	10.8	1018.8	-	27	
2020-11-27 14:45:00	5.6	남남동	152	14.94	29.83	1.12	7.3	1.33	8.5	7.3	북서	309	10.9	1018.7	-	38	
2020-11-27 14:50:00	6.8	남	178	14.94	29.90	1.10	7.1	1.56	7.5	7.8	북서	315	10.8	1018.7	-	45	
2020-11-27 14:55:00	3.0	남남동	153	14.94	29.86	1.01	6.2	1.24	7.5	7.9	북서	314	10.7	1018.8	-	51	
2020-11-27 15:00:00	4.5	남남서	198	14.94	29.89	1.21	7.2	1.65	6.5	8.6	북서	311	10.7	1018.8	-	44	
2020-11-27 15:05:00	5.6	남	187	14.95	29.87	1.17	7.0	1.48	7.0	8.4	북서	315	10.7	1018.8	-	30	
2020-11-27 15:10:00	4.9	남	174	14.94	29.87	1.19	7.4	1.73	7.0	8.1	북서	320	10.5	1018.9	-	45	
2020-11-27 15:15:00	2.7	남남동	155	14.95	29.85	1.03	6.6	1.17	6.0	9.4	북서	310	10.5	1018.9	-	43	
2020-11-27 15:20:00	5.0	남남서	204	14.94	29.83	1.38	6.8	2.01	6.5	9.1	북서	306	10.4	1019.0	-	58	
2020-11-27 15:25:00	2.7	남남서	202	14.93	29.75	1.03	6.9	1.56	6.0	9.4	북서	305	10.4	1019.0	-	48	
2020-11-27 15:30:00	8.3	남남서	196	14.93	29.83	0.98	6.9	1.27	7.0	10.1	서북서	303	10.4	1019.1	-	32	
2020-11-27 15:35:00	5.7	남	171	14.93	29.81	1.27	6.6	1.73	6.5	10.5	서북서	296	10.3	1019.1	-	39	
2020-11-27 15:40:00	5.3	남남서	198	14.92	29.83	1.16	7.0	1.88	7.0	11.8	서북서	292	10.0	1019.0	-	32	
2020-11-27 15:45:00	7.3	남	170	14.92	29.80	1.30	6.7	1.73	6.0	12.0	서북서	291	9.9	1019.1	-	25	
2020-11-27 15:50:00	4.8	남남서	203	14.92	29.82	1.17	6.7	2.01	6.5	12.1	서북서	290	9.8	1019.2	-	37	
2020-11-27 15:55:00	4.5	남	182	14.91	29.77	1.06	6.6	1.48	8.0	11.6	서북서	291	9.8	1019.5	-	39	
2020-11-27 16:00:00	7.0	남남동	168	14.91	29.77	1.28	7.1	1.86	7.0	10.1	서북서	287	9.8	1019.5	-	52	
2020-11-27 16:05:00	7.7	남남동	164	14.90	29.74	1.25	7.0	1.62	8.0	9.6	서북서	285	9.6	1019.5	-	50	
2020-11-27 16:10:00	9.7	남	170	14.88	29.77	1.25	6.7	1.56	7.0	10.7	서북서	285	9.5	1019.4	-	58	
2020-11-27 16:15:00	4.6	남동	137	14.88	29.70	1.04	6.4	1.48	6.5	11.0	서북서	283	9.5	1019.2	-	33	
2020-11-27 16:20:00	9.7	남남동	149	14.88	29.71	1.08	6.7	1.51	6.0	8.8	서	278	9.4	1019.2	-	37	
2020-11-27 16:25:00	3.8	남	171	14.86	29.56	1.15	6.8	1.37	8.0	7.8	서	278	9.5	1019.4	-	56	
2020-11-27 16:30:00	6.4	남동	128	14.86	29.75	0.99	6.3	1.28	5.5	5.8	서북서	288	9.2	1019.4	-	29	
2020-11-27 16:35:00	9.6	남남동	154	14.87	29.72	1.35	6.7	1.80	7.0	5.9	서북서	284	9.2	1019.5	-	46	
2020-11-27 16:40:00	7.6	남동	135	14.86	29.73	1.18	6.7	1.84	6.5	6.0	서북서	296	9.2	1019.6	-	40	
2020-11-27 16:45:00	5.8	남남서	196	14.86	29.76	1.07	6.6	1.32	5.0	5.7	서북서	288	8.9	1019.6	-	58	
2020-11-27 16:50:00	3.0	남	186	14.86	29.68	1.17	6.7	1.43	6.5	5.0	서북서	284	8.9	1019.7	-	57	
2020-11-27 16:55:00	6.5	남	185	14.85	29.69	1.22	6.2	1.70	6.5	6.0	서북서	289	8.9	1019.8	-	35	
2020-11-27 17:00:00	4.5	남	172	14.84	29.76	1.15	6.8	1.70	7.0	8.0	북서	313	9.0	1019.9	-	57	
2020-11-27 17:05:00	4.2	남남서	199	14.85	29.76	1.34	6.8	1.85	6.5	9.3	서북서	302	8.9	1019.7	-	42	
2020-11-27 17:10:00	5.8	남	182	14.85	29.73	1.16	6.3	1.67	6.0	9.7	북서	304	8.8	1019.8	-	26	
2020-11-27 17:15:00	1.9	동	95	14.85	29.82	1.22	6.7	1.59	6.0	8.9	북서	307	8.8	1020.1	-	22	
2020-11-27 17:20:00	3.7	남	177	14.85	29.86	1.11	6.6	1.36	6.5	9.4	북서	305	8.6	1020.3	-	40	
2020-11-27 17:25:00	3.9	남	184	14.84	29.87	1.19	6.5	1.89	6.5	9.8	서북서	298	8.7	1020.4	-	25	
2020-11-27 17:30:00	6.1	남남서	195	14.81	29.87	1.21	6.7	1.59	6.5	9.7	서북서	298	8.7	1020.5	-	33	
2020-11-27 17:35:00	4.9	남남동	167	14.82	29.88	1.03	5.8	1.54	6.5	9.8	서북서	299	8.6	1020.6	-	340	
2020-11-27 17:40:00	7.2	남남동	162	14.82	29.80	1.23	6.6	1.77	6.5	9.2	서북서	299	8.7	1020.7	-	32	
2020-11-27 17:45:00	3.9	남남동	164	14.81	29.78	1.36	6.0	1.72	6.0	9.2	북서	305	8.6	1020.8	-	31	
2020-11-27 17:50:00	9.7	남남동	148	14.81	29.79	1.31	6.6	1.61	6.0	8.9	서북서	294	8.8	1020.9	-	38	
2020-11-27 17:55:00	4.7	남	172	14.81	29.88	1.22	6.4	1.58	5.0	8.7	서북서	295	8.6	1021.0	-	32	
2020-11-27 18:00:00	5.9	남남동	166	14.80	29.77	1.49	6.8	2.20	7.0	8.7	북서	304	8.4	1021.1	-	4	
2020-11-27 18:05:00	5.3	동남동	120	14.82	29.67	1.14	6.2	1.53	6.0	8.1	서북서	296	8.4	1021.1	-	33	
2020-11-27 18:10:00	5.4	남	176	14.83	29.72	1.30	6.3	1.53	5.5	8.6	서북서	295	8.3	1021.1	-	7	
2020-11-27 18:15:00	1.3	북서	307	14.82	29.80	1.23	6.3	2.37	6.5	8.9	서북서	302	8.3	1021.2	-	37	
2020-11-27 18:20:00	4.7	남동	126	14.81	29.74	1.30	6.6	1.66	6.5	8.7	북서	309	8.4	1021.2	-	39	
2020-11-27 18:25:00	8.3	남	175	14.80	29.77	1.54	6.7	1.96	7.0	8.3	북서	305	8.5	1021.3	-	24	
2020-11-27 18:30:00	6.2	남동	136	14.80	29.77	1.41	6.0	1.95	6.5	8.3	북서	309	8.5	1021.4	-	10	
2020-11-27 18:35:00	5.5	남남서	196	14.81	29.85	1.52	6.5	2.13	6.0	8.0	서북서	303	8.4	1021.4	-	31	
2020-11-27 18:40:00	3.7	남서	224	14.82	29.84	1.52	6.2	1.92	6.0	7.8	북서	307	8.3	1021.5	-	355	
2020-11-27 18:45:00	5.4	남남동	157	14.81	29.78	1.78	6.3	2.19	6.0	7.5	북서	304	8.4	1021.5	-	15	
2020-11-27 18:50:00	3.9	남남서	198	14.81	29.75	1.54	6.5	2.07	6.5	6.9	북서	310	8.4	1021.6	-	13	
2020-11-27 18:55:00	8.2	남	174	14.83	29.72	1.88	6.5	2.42	6.0	6.9	북서	307	8.2	1021.8	-	24	
2020-11-27 19:00:00	5.3	남동	141	14.83	29.70	1.97	6.5	2.64	6.5	7.5	북서	312	8.2	1021.8	-	39	
2020-11-27 19:05:00	9.4	남	179	14.83	29.46	1.84	6.3	2.21	6.0	7.7	북서	312	8.1	1021.9	-	358	
2020-11-27 19:10:00	5.5	남남서	201	14.82	29.56	2.00	6.5	2.83	6.0	7.0	북서	310	8.2	1021.9	-	22	
2020-11-27 19:15:00	3.6	남남동	159	14.82	29.53	1.74	6.3	2.38	6.0	7.3	북서	309	8.2	1022.0	-	0	
2020-11-27 19:20:00	5.2	남남서	194	14.82	29.73	1.65	6.0	2.27	6.0	7.6	북서	321	8.4	1022.2	-	6	
2020-11-27 19:25:00	9.6	남남동	164	14.82	29.60	1.92	6.7	2.45	6.0	7.2	북북서	330	8.3	1022.2	-	25	
2020-11-27 19:30:00	8.8	남	179	14.81	29.60	1.69	6.4	2.24	6.0	7.2	북북서	330	8.5	1022.3	-	13	
2020-11-27 19:35:00	4.3	남남서	211	14.81	29.61	1.93	6.3	2.63	6.0	7.2	북북서	329	8.3	1022.4	-	358	
2020-11-27 19:40:00	3.4	남동	143	14.80	29.58	1.97	6.4	2.34	5.5	6.8	북서	325	8.3	1022.5	-	29	
2020-11-27 19:45:00	12.6	남남동	158	14.80	29.53	1.80	6.4	2.29	6.0	7.0	북북서	328	8.1	1022.6	-	30	
2020-11-27 19:50:00	11.8	남	183	14.79	29.53	1.82	6.1	2.37	6.5	7.4	북서	324	8.2	1022.7	-	2	
2020-11-27 19:55:00	7.1	남남동	159	14.78	29.53	1.85	6.0	2.89	6.0	7.4	북북서	332	8.1	1022.7	-	358	
2020-11-27 20:00:00	6.0	남남동	166	14.79	29.51	1.98	6.3	2.61	5.5	6.3	북북서	335	8.1	1022.8	-	30	
2020-11-27 20:05:00	6.9	남	182	14.79	29.43	1.83	6.6	2.50	7.0	6.4	북북서	341	8.1	1022.8	-	11	
2020-11-27 20:10:00	7.0	남	171	14.79	29.51	1.79	6.6	2.51	7.0	5.9	북북서	334	8.0	1022.8	-	14	
2020-11-27 20:15:00	2.8	동남동	116	14.79	29.47	2.06	6.7	2.58	6.5	5.5	북북서	328	8.0	1022.8	-	17	
2020-11-27 20:20:00	13.0	남	176	14.78	29.49	1.99	7.0	2.92	6.5	5.8	북서	315	8.0	1022.9	-	24	
2020-11-27 20:25:00	13.2	남남동	154	14.78	29.49	2.03	6.4	2.73	6.0	5.4	북서	325	8.0	1022.9	-	357	
2020-11-27 20:30:00	2.4	남남서	206	14.79	29.42	2.26	6.6	2.82	7.0	4.8	북서	311	7.9	1022.9	-	36	
2020-11-27 20:35:00	5.6	남	180	14.79	29.48	2.06	6.9	2.43	6.0	4.6	북서	308	8.0	1023.0	-	15	
2020-11-27 20:40:00	5.1	남남서	209	14.79	29.47	2.14	6.5	2.68	7.0	4.3	서북서	297	7.9	1023.0	-	28	
2020-11-27 20:45:00	5.3	남남동	154	14.79	29.34	2.09	6.7	2.68	7.5	4.9	북서	305	7.8	1023.0	-	24	
2020-11-27 20:50:00	1.9	동북동	68	14.79	29.56	2.24	6.9	3.08	7.5	4.2	서북서	298	7.8	1023.0	-	43	
2020-11-27 20:55:00	8.8	남남동	162	14.80	29.47	1.58	6.0	1.77	8.0	4.9	서북서	297	7.8	1023.0	-	29	
2020-11-27 21:00:00	5.6	남동	136	14.80	29.42	2.20	7.7	3.23	7.5	5.4	서북서	302	7.7	1023.0	-	38	
2020-11-27 21:05:00	2.4	남남동	159	14.81	29.50	2.14	7.2	3.35	7.0	5.0	서북서	301	7.6	1023.0	-	37	
2020-11-27 21:10:00	6.1	남남동	165	14.81	29.45	1.98	7.3	2.52	7.0	5.0	북서	305	7.6	1023.1	-	36	
2020-11-27 21:15:00	0.7	북서	320	14.80	29.53	2.02	7.3	2.38	8.5	5.7	서북서	303	7.6	1023.0	-	50	
2020-11-27 21:20:00	5.4	남동	126	14.80	29.43	2.03	7.2	2.66	7.0	6.0	북서	309	7.5	1023.0	-	27	
2020-11-27 21:25:00	6.7	남	175	14.80	29.49	2.26	7.8	3.17	7.0	5.1	북서	310	7.5	1023.0	-	29	
2020-11-27 21:30:00	5.9	남	176	14.79	29.51	2.40	7.4	2.99	7.0	5.8	북서	309	7.6	1023.0	-	47	
2020-11-27 21:35:00	6.4	남	181	14.80	29.50	2.61	7.1	3.27	7.0	5.8	북서	304	7.6	1023.1	-	33	
2020-11-27 21:40:00	7.3	남서	233	14.79	29.48	2.42	8.1	3.74	8.0	5.8	서북서	298	7.6	1023.2	-	36	
2020-11-27 21:45:00	5.4	남	190	14.80	29.55	2.81	7.9	3.50	8.5	5.8	서북서	288	7.6	1023.2	-	47	
2020-11-27 21:50:00	6.1	남남동	167	14.80	29.48	2.39	8.1	2.89	9.0	5.2	서북서	298	7.7	1023.2	-	42	
2020-11-27 21:55:00	3.0	남	175	14.80	29.55	3.18	8.0	3.98	8.0	4.9	서북서	284	7.3	1023.3	-	40	
2020-11-27 22:00:00	6.9	남남서	202	14.80	29.55	2.89	8.5	3.95	8.5	4.6	서북서	287	7.1	1023.3	-	42	
2020-11-27 22:05:00	3.5	남	187	14.80	29.48	2.97	8.4	3.82	8.5	5.3	서북서	293	7.2	1023.3	-	43	
2020-11-27 22:10:00	7.0	남남서	194	14.78	29.51	2.79	8.1	3.45	8.0	5.6	서북서	293	7.3	1023.4	-	37	
2020-11-27 22:15:00	4.5	동남동	116	14.79	29.52	3.04	8.6	4.29	8.5	5.3	서북서	290	7.1	1023.4	-	51	
2020-11-27 22:20:00	4.3	남남서	203	14.79	29.48	2.93	9.4	3.26	11.5	5.4	서북서	299	7.0	1023.3	-	54	
2020-11-27 22:25:00	7.6	남	186	14.77	29.49	2.56	8.0	3.06	8.0	5.5	서북서	302	7.0	1023.3	-	35	
2020-11-27 22:30:00	1.2	남남서	209	14.79	29.49	2.71	8.7	3.90	9.5	5.5	서북서	298	6.9	1023.3	-	40	
2020-11-27 22:35:00	4.3	남남서	193	14.79	29.48	2.89	7.8	3.23	9.0	5.3	북서	305	6.8	1023.4	-	47	
2020-11-27 22:40:00	12.0	남남서	205	14.79	29.50	3.03	9.2	3.66	9.5	5.3	서북서	290	6.8	1023.4	-	46	
2020-11-27 22:45:00	8.8	남	179	14.79	29.49	3.09	8.8	4.06	8.5	4.8	서북서	300	6.6	1023.4	-	40	
2020-11-27 22:50:00	5.1	남남서	211	14.79	29.49	2.46	8.1	3.16	8.5	4.7	서북서	299	6.6	1023.5	-	54	
2020-11-27 22:55:00	5.2	남남동	168	14.80	29.46	2.40	9.2	3.02	8.0	4.6	서북서	287	6.6	1023.6	-	47	
2020-11-27 23:00:00	2.5	남남동	158	14.80	29.50	2.87	8.8	3.70	7.5	4.7	서북서	290	6.6	1023.7	-	49	
2020-11-27 23:05:00	1.5	동남동	121	14.80	29.52	3.10	9.1	4.54	9.5	4.3	서북서	283	6.6	1023.8	-	50	
2020-11-27 23:10:00	4.7	남남서	198	14.78	29.48	2.65	8.5	3.38	9.5	4.0	서북서	288	6.4	1023.8	-	47	
2020-11-27 23:15:00	5.3	남서	221	14.77	29.52	3.27	8.7	3.56	9.0	4.1	서	278	6.3	1023.9	-	55	
2020-11-27 23:20:00	3.7	서남서	240	14.78	29.52	3.01	9.1	3.73	8.5	3.8	서	267	6.2	1023.9	-	51	
2020-11-27 23:25:00	2.8	남서	226	14.77	29.49	2.87	8.3	3.54	8.5	4.1	서	275	6.1	1023.8	-	54	
2020-11-27 23:30:00	3.2	동남동	124	14.76	29.50	3.05	9.3	4.22	9.0	3.9	서	276	6.1	1023.8	-	60	
2020-11-27 23:35:00	5.1	남서	230	14.76	29.52	2.83	8.8	3.48	8.5	5.0	서	260	5.9	1023.7	-	39	
2020-11-27 23:40:00	4.0	남남동	166	14.77	29.52	2.81	8.9	3.57	9.0	4.4	서	261	5.8	1023.7	-	46	
2020-11-27 23:45:00	5.4	남동	139	14.77	29.55	3.14	8.5	3.73	9.5	3.4	서남서	255	5.7	1023.7	-	49	
2020-11-27 23:50:00	2.4	남동	135	14.76	29.46	2.65	8.6	3.03	8.0	3.6	서남서	251	5.7	1023.8	-	53	
2020-11-27 23:55:00	2.5	남남서	206	14.75	29.54	2.58	8.5	3.58	8.0	4.3	서남서	243	5.5	1023.9	-	58	
2020-11-28 00:00:00	5.7	남남서	202	14.75	29.54	3.43	9.1	4.35	9.0	4.9	서남서	237	5.4	1024.0	-	50	
2020-11-28 00:05:00	4.4	동남동	114	14.74	29.52	3.10	9.6	5.49	9.5	5.0	서남서	246	5.4	1023.9	-	48	
2020-11-28 00:10:00	3.4	남서	225	14.74	29.55	2.77	8.4	3.72	9.0	4.9	서남서	242	5.4	1023.9	-	50	
2020-11-28 00:15:00	1.4	남서	218	14.74	29.59	2.84	8.6	3.61	9.0	4.0	서남서	241	5.3	1023.9	-	57	
2020-11-28 00:20:00	1.5	남남동	159	14.73	29.59	2.65	8.7	3.37	8.5	5.1	서남서	252	5.3	1023.8	-	54	
2020-11-28 00:25:00	3.5	동	101	14.73	29.59	3.00	8.6	3.86	9.0	4.8	서남서	248	5.2	1023.8	-	51	
2020-11-28 00:30:00	1.4	남동	142	14.71	29.53	2.48	8.8	3.42	8.0	4.3	서남서	247	5.2	1023.8	-	48	
2020-11-28 00:35:00	2.3	남남동	162	14.72	29.50	3.08	8.5	3.91	9.0	5.4	서남서	250	5.2	1023.8	-	46	
2020-11-28 00:40:00	2.1	남동	131	14.73	29.58	2.90	8.8	3.78	9.0	5.3	서남서	246	5.2	1023.7	-	56	
2020-11-28 00:45:00	3.3	남남동	164	14.73	29.58	2.51	8.7	3.23	9.0	5.0	서남서	243	5.2	1023.8	-	60	
2020-11-28 00:50:00	2.8	남서	220	14.72	29.45	2.97	8.8	3.70	8.0	4.9	서남서	249	5.1	1023.7	-	57	
2020-11-28 00:55:00	2.7	남	169	14.71	29.53	3.41	8.9	4.52	9.0	4.7	서남서	245	5.0	1023.8	-	51	
2020-11-28 01:00:00	2.2	남남동	163	14.72	29.50	3.01	8.6	3.40	8.0	4.2	서남서	239	5.0	1023.8	-	50	
2020-11-28 01:05:00	2.0	서남서	248	14.72	29.42	2.72	8.6	3.40	8.0	4.9	서남서	239	5.0	1023.8	-	61	
2020-11-28 01:10:00	2.8	북서	311	14.71	29.56	2.93	8.6	4.17	9.5	5.3	서남서	240	4.9	1023.9	-	45	
2020-11-28 01:15:00	1.5	서	271	14.70	29.54	3.07	8.6	3.52	8.5	5.3	서남서	243	5.0	1023.9	-	43	
2020-11-28 01:20:00	4.6	서남서	258	14.72	29.53	2.64	7.9	3.64	7.5	3.6	서남서	243	5.0	1024.0	-	42	
2020-11-28 01:25:00	3.3	북서	323	14.72	29.51	3.02	9.1	4.04	9.0	4.6	서남서	251	5.0	1024.0	-	59	
2020-11-28 01:30:00	4.5	남서	230	14.70	29.50	3.21	8.7	3.96	8.5	4.3	서남서	240	4.9	1024.0	-	50	
2020-11-28 01:35:00	3.0	동북동	67	14.71	29.47	2.42	9.1	3.20	9.5	3.9	서남서	241	5.1	1023.9	-	63	
2020-11-28 01:40:00	0.8	서남서	255	14.72	29.58	2.63	9.3	3.03	9.0	4.5	서남서	239	5.0	1023.9	-	49	
2020-11-28 01:45:00	5.1	서남서	251	14.72	29.53	2.66	8.8	3.91	7.0	4.0	서남서	239	5.0	1024.0	-	31	
2020-11-28 01:50:00	2.0	남	170	14.72	29.54	2.76	9.0	4.17	8.5	5.0	서남서	241	4.8	1024.0	-	58	
2020-11-28 01:55:00	1.2	동북동	74	14.71	29.60	2.66	9.2	3.01	10.0	4.1	남서	231	4.8	1024.0	-	67	
2020-11-28 02:00:00	0.7	북서	305	14.70	29.61	2.68	9.0	2.96	9.0	5.0	남서	232	4.7	1023.9	-	49	
2020-11-28 02:05:00	3.7	남서	232	14.69	29.58	2.89	9.1	3.97	9.5	4.5	남서	231	4.7	1023.9	-	43	
2020-11-28 02:10:00	1.2	북동	55	14.70	29.64	2.86	8.9	3.54	9.5	4.8	남서	230	4.7	1023.9	-	58	
2020-11-28 02:15:00	2.0	남남동	159	14.70	29.64	2.29	8.6	2.92	9.5	5.3	서남서	241	4.7	1023.9	-	33	
2020-11-28 02:20:00	3.3	북동	46	14.69	29.62	2.67	9.4	3.51	9.5	4.9	남서	233	4.6	1023.9	-	50	
2020-11-28 02:25:00	4.4	북북서	346	14.67	29.62	3.07	9.5	3.82	9.5	4.8	남서	231	4.7	1024.0	-	61	
2020-11-28 02:30:00	2.8	남남서	207	14.68	29.57	2.68	8.8	3.26	9.0	4.9	남서	227	4.5	1024.0	-	44	
2020-11-28 02:35:00	2.9	서북서	296	14.66	29.50	2.90	9.4	4.28	9.5	4.6	남서	230	4.5	1024.0	-	55	
2020-11-28 02:40:00	2.2	북서	325	14.68	29.57	2.61	9.2	3.27	8.5	5.4	남서	233	4.5	1024.1	-	54	
2020-11-28 02:45:00	1.9	동북동	72	14.68	29.62	2.97	9.1	4.76	8.5	4.5	남서	228	4.4	1024.1	-	45	
2020-11-28 02:50:00	1.9	남남서	208	14.69	29.59	2.34	9.5	3.33	8.0	5.4	남서	225	4.5	1024.1	-	26	
2020-11-28 02:55:00	1.1	동북동	73	14.68	29.61	2.70	9.4	3.34	9.5	5.3	남서	231	4.4	1024.1	-	56	
2020-11-28 03:00:00	2.7	서	278	14.68	29.55	2.91	9.2	3.96	9.0	5.1	남서	231	4.4	1024.0	-	57	
2020-11-28 03:05:00	0.6	동북동	59	14.69	29.62	2.27	8.5	2.80	9.0	5.4	남서	227	4.4	1023.9	-	57	
2020-11-28 03:10:00	3.8	남남서	201	14.68	29.61	2.40	8.8	2.90	9.0	4.8	남서	232	4.4	1024.0	-	48	
2020-11-28 03:15:00	2.8	동	99	14.67	29.60	2.83	8.7	4.60	9.0	5.6	서남서	239	4.2	1024.0	-	46	
2020-11-28 03:20:00	4.6	동남동	105	14.66	29.59	2.80	9.1	3.28	9.5	5.7	남서	234	4.2	1024.2	-	50	
2020-11-28 03:25:00	3.5	남남서	201	14.65	29.67	2.91	10.0	5.01	9.5	5.4	남서	232	4.1	1024.3	-	52	
2020-11-28 03:30:00	3.5	남	171	14.64	29.67	2.87	8.8	3.47	8.5	5.7	서남서	239	4.2	1024.3	-	45	
2020-11-28 03:35:00	1.3	남	179	14.62	29.71	2.73	9.5	3.58	9.0	6.3	남서	231	4.0	1024.4	-	43	
2020-11-28 03:40:00	6.0	동	97	14.63	29.74	2.69	8.7	3.13	9.0	6.9	남서	233	3.9	1024.4	-	58	
2020-11-28 03:45:00	3.4	남동	143	14.63	29.71	2.61	9.3	3.75	9.5	6.9	남서	231	4.0	1024.4	-	70	
2020-11-28 03:50:00	4.3	남서	223	14.63	29.70	2.79	9.1	3.57	8.0	7.2	남서	233	3.9	1024.5	-	47	
2020-11-28 03:55:00	4.3	남동	135	14.61	29.70	3.12	9.1	4.19	9.0	7.2	남서	235	3.8	1024.5	-	56	
2020-11-28 04:00:00	2.2	남남동	157	14.61	29.69	2.73	9.1	3.59	9.5	6.5	서남서	241	3.7	1024.6	-	54	
2020-11-28 04:05:00	2.7	남남동	161	14.62	29.76	2.21	8.8	2.89	8.5	6.7	서남서	242	3.8	1024.7	-	74	
2020-11-28 04:10:00	9.8	동남동	117	14.59	29.68	2.91	9.2	3.22	9.0	6.2	서남서	239	3.6	1024.6	-	69	
2020-11-28 04:15:00	6.2	남동	127	14.57	29.73	2.10	8.5	2.95	9.5	7.0	남서	236	3.7	1024.5	-	49	
2020-11-28 04:20:00	5.2	남남동	147	14.56	29.77	2.71	9.3	3.28	10.0	6.2	서남서	246	3.5	1024.5	-	60	
2020-11-28 04:25:00	7.6	남동	144	14.56	29.78	2.24	8.5	2.68	8.5	6.3	서남서	246	3.5	1024.5	-	49	
2020-11-28 04:30:00	7.7	남남동	163	14.57	29.76	2.40	9.1	3.10	8.5	5.4	서남서	243	3.3	1024.5	-	62	
2020-11-28 04:35:00	6.0	남남동	155	14.55	29.77	2.49	8.8	3.47	9.0	5.9	서남서	245	3.4	1024.6	-	38	
2020-11-28 04:40:00	8.9	남동	125	14.54	29.78	2.30	8.9	2.77	8.0	6.1	서남서	246	3.5	1024.6	-	42	
2020-11-28 04:45:00	6.0	남남동	159	14.54	29.80	2.38	9.2	2.75	9.5	5.7	서남서	244	3.5	1024.7	-	55	
2020-11-28 04:50:00	9.8	남동	144	14.55	29.75	2.52	9.0	3.55	9.0	6.4	서남서	248	3.4	1024.7	-	52	
2020-11-28 04:55:00	8.9	남남동	147	14.53	29.76	2.15	9.4	2.37	9.0	5.3	서남서	245	3.3	1024.7	-	60	
2020-11-28 05:00:00	6.8	남남동	167	14.53	29.77	2.19	9.1	3.19	9.0	5.8	서남서	247	3.4	1024.7	-	51	
2020-11-28 05:05:00	4.7	남동	145	14.51	29.79	2.40	8.7	2.84	9.5	5.8	서남서	248	3.5	1024.8	-	59	
2020-11-28 05:10:00	9.2	남	171	14.52	29.80	2.06	8.3	3.06	8.0	6.4	서남서	242	3.3	1025.0	-	55	
2020-11-28 05:15:00	9.0	남동	140	14.50	29.79	2.38	8.8	3.90	8.5	5.7	서남서	242	3.4	1024.9	-	45	
2020-11-28 05:20:00	7.1	남남동	159	14.51	29.83	2.32	9.0	2.89	8.5	5.2	서남서	246	3.3	1024.9	-	54	
2020-11-28 05:25:00	10.2	남남동	157	14.52	29.82	2.04	8.9	2.55	8.5	5.3	서남서	251	3.4	1024.9	-	56	
2020-11-28 05:30:00	6.6	남남동	155	14.52	29.78	2.11	8.1	3.15	8.0	4.3	서	262	3.3	1024.9	-	42	
2020-11-28 05:35:00	11.2	남동	146	14.50	29.80	1.84	8.5	2.26	9.0	5.2	서	260	3.3	1024.9	-	73	
2020-11-28 05:40:00	8.8	남남동	156	14.50	29.81	2.14	8.3	2.82	9.0	4.8	서남서	250	3.5	1025.0	-	57	
2020-11-28 05:45:00	9.2	남남동	152	14.48	29.81	2.04	8.5	2.60	8.0	4.6	서남서	251	3.3	1025.0	-	42	
2020-11-28 05:50:00	9.4	남동	131	14.45	29.78	2.24	8.8	2.76	8.0	5.1	서남서	254	3.1	1025.0	-	35	
2020-11-28 05:55:00	12.0	남동	146	14.42	29.83	2.10	8.9	2.42	9.5	6.0	서남서	257	3.1	1025.0	-	52	
2020-11-28 06:00:00	16.5	남남동	147	14.43	29.87	2.17	9.1	2.92	9.0	5.5	서남서	250	3.2	1024.9	-	55	
2020-11-28 06:05:00	15.4	남동	139	14.45	29.89	2.71	8.4	3.39	8.0	6.8	서남서	246	3.1	1024.9	-	53	
2020-11-28 06:10:00	14.1	남동	143	14.45	29.89	1.53	8.8	1.77	10.0	7.0	서남서	249	3.2	1024.9	-	45	
2020-11-28 06:15:00	13.5	남동	145	14.43	29.87	2.00	9.1	2.51	10.0	8.0	서남서	247	3.4	1024.8	-	67	
2020-11-28 06:20:00	16.9	남동	133	14.42	29.87	1.78	8.3	2.27	8.0	8.0	서남서	243	3.3	1024.7	-	48	
2020-11-28 06:25:00	16.2	남동	133	14.44	29.84	1.80	8.8	2.18	8.5	8.2	서남서	242	3.3	1024.6	-	50	
2020-11-28 06:30:00	13.0	남동	133	14.43	29.85	2.42	8.8	3.67	8.5	7.9	서남서	250	3.3	1024.7	-	53	
2020-11-28 06:35:00	16.2	남남동	148	14.48	29.88	2.34	8.6	2.94	9.0	8.3	서남서	246	3.3	1024.7	-	47	
2020-11-28 06:40:00	15.5	남동	134	14.46	29.92	2.02	9.1	2.83	9.5	7.8	서남서	249	3.4	1024.6	-	41	
2020-11-28 06:45:00	16.7	남동	141	14.46	29.92	1.93	8.4	2.48	8.5	8.6	서남서	249	3.3	1024.7	-	54	
2020-11-28 06:50:00	18.5	남남동	152	14.50	29.88	2.02	8.5	3.61	9.0	8.3	서남서	245	3.3	1024.7	-	41	
2020-11-28 06:55:00	14.9	남동	146	14.48	29.89	1.41	8.6	1.78	9.0	7.4	서남서	249	3.3	1024.7	-	57	
2020-11-28 07:00:00	13.5	남동	128	14.41	29.77	1.50	8.1	1.85	7.5	7.2	서남서	256	3.3	1024.9	-	60	
2020-11-28 07:05:00	11.7	남남동	152	14.43	29.78	1.83	8.3	2.46	8.5	7.5	서남서	254	3.4	1024.9	-	53	
2020-11-28 07:10:00	10.6	동남동	121	14.30	29.66	2.36	8.9	2.65	9.0	6.7	서남서	249	3.1	1024.9	-	49	
2020-11-28 07:15:00	10.4	남	171	14.35	29.88	1.64	8.5	2.28	7.5	6.1	서남서	256	3.1	1024.8	-	64	
2020-11-28 07:20:00	13.3	남남동	162	14.43	29.88	1.88	8.5	2.17	8.5	6.0	서남서	256	3.1	1024.8	-	54	
2020-11-28 07:25:00	10.1	남남동	168	14.42	29.88	2.38	8.9	2.58	9.0	7.1	서	259	3.1	1024.7	-	55	
2020-11-28 07:30:00	13.8	남남동	156	14.43	29.93	1.90	8.8	2.47	8.5	7.1	서남서	256	2.9	1024.7	-	48	
2020-11-28 07:35:00	13.5	남남동	169	14.51	29.94	1.94	8.4	2.45	8.0	6.2	서남서	258	2.9	1024.8	-	65	
2020-11-28 07:40:00	11.9	남	170	14.54	30.01	1.50	8.4	2.05	8.0	7.2	서남서	245	3.0	1024.9	-	60	
2020-11-28 07:45:00	12.9	남	171	14.55	29.98	1.72	8.6	2.34	8.0	6.3	서남서	247	3.0	1024.9	-	67	
2020-11-28 07:50:00	11.9	남남동	159	14.54	29.90	1.42	8.2	1.78	8.5	6.1	서남서	249	3.1	1024.9	-	65	
2020-11-28 07:55:00	8.9	남남동	154	14.54	29.85	1.74	8.5	2.25	8.5	7.2	서남서	249	3.2	1025.0	-	65	
2020-11-28 08:00:00	8.1	남남동	155	14.52	29.83	1.56	9.0	1.88	9.0	5.8	서남서	246	3.1	1025.0	-	69	
2020-11-28 08:05:00	9.4	남남동	155	14.48	29.79	1.72	8.8	2.06	8.5	5.7	서남서	246	3.2	1024.9	-	54	
2020-11-28 08:10:00	9.4	남	169	14.48	29.74	1.58	8.3	2.05	8.0	6.2	서남서	243	3.3	1024.9	-	53	
2020-11-28 08:15:00	12.4	남	173	14.46	29.67	1.64	7.8	2.29	8.0	6.6	서남서	245	3.5	1025.0	-	58	
2020-11-28 08:20:00	9.5	남동	145	14.44	29.57	1.99	8.7	2.81	8.0	6.3	서남서	239	3.7	1025.1	-	43	
2020-11-28 08:25:00	11.5	남남동	149	14.42	29.66	1.89	9.5	2.16	8.5	6.2	서남서	238	3.6	1025.1	-	64	
2020-11-28 08:30:00	9.4	남남동	157	14.42	29.62	1.68	8.0	2.00	8.0	5.4	서남서	241	3.5	1025.1	-	67	
2020-11-28 08:35:00	11.9	남남동	153	14.40	29.66	1.82	8.8	2.22	8.5	4.9	서남서	244	3.7	1025.2	-	43	
2020-11-28 08:40:00	7.9	남남동	161	14.39	29.63	1.78	8.2	2.75	8.0	4.6	서남서	245	3.7	1025.3	-	38	
2020-11-28 08:45:00	8.8	남남동	161	14.36	29.60	1.86	8.2	2.36	8.5	4.6	서남서	240	3.8	1025.3	-	46	
2020-11-28 08:50:00	8.6	남동	142	14.34	29.67	1.46	8.3	1.98	8.5	3.7	서남서	237	3.8	1025.4	-	61	
2020-11-28 08:55:00	9.4	남남동	154	14.34	29.67	1.41	8.3	1.63	8.5	4.0	서남서	241	3.9	1025.4	-	57	
2020-11-28 09:00:00	8.8	남남동	157	14.27	29.57	1.58	8.3	1.94	7.5	4.7	서남서	245	3.6	1025.4	-	83	
2020-11-28 09:05:00	11.0	남동	137	14.26	29.63	1.57	8.1	1.97	8.5	4.7	서남서	246	3.6	1025.5	-	58	
2020-11-28 09:10:00	11.7	남동	144	14.24	29.66	1.59	8.0	1.95	8.5	4.5	서	260	4.1	1025.6	-	57	
2020-11-28 09:15:00	14.3	남동	133	14.23	29.68	1.92	8.3	2.82	8.5	4.4	서남서	245	4.3	1025.7	-	64	
2020-11-28 09:20:00	11.0	동남동	123	14.22	29.61	1.70	8.4	2.20	8.5	3.8	서	259	4.4	1025.8	-	71	
2020-11-28 09:25:00	12.0	남동	135	14.22	29.61	1.38	7.9	2.04	8.0	4.0	서남서	242	4.5	1025.7	-	49	
2020-11-28 09:30:00	12.6	남동	135	14.20	29.69	1.92	8.2	2.20	8.5	3.0	서남서	248	4.4	1025.8	-	71	
2020-11-28 09:35:00	13.2	남동	144	14.21	29.62	1.59	8.0	1.78	8.0	2.7	서남서	247	4.7	1025.8	-	44	
2020-11-28 09:40:00	12.5	남동	137	14.22	29.58	1.81	8.3	2.46	7.0	2.7	서	268	4.8	1025.8	-	56	
2020-11-28 09:45:00	12.9	남동	141	14.26	29.70	1.65	7.3	2.56	7.5	5.3	서북서	301	5.0	1025.8	-	47	
2020-11-28 09:50:00	9.5	남남동	160	14.31	29.65	1.72	8.0	2.07	7.0	5.4	서북서	303	5.0	1025.8	-	59	
2020-11-28 09:55:00	10.6	남남동	153	14.33	29.56	1.24	7.5	1.55	7.0	4.7	서북서	299	4.9	1025.8	-	52	
2020-11-28 10:00:00	10.8	남동	136	14.31	29.62	1.66	8.1	2.11	8.0	4.0	서북서	302	5.0	1025.8	-	52	
2020-11-28 10:05:00	11.6	남남동	164	14.37	29.58	1.87	8.3	2.35	8.0	4.1	북북서	331	5.1	1025.9	-	49	
2020-11-28 10:10:00	11.9	남남동	160	14.46	29.67	1.84	7.7	2.54	7.5	3.2	북서	321	5.1	1026.0	-	37	
2020-11-28 10:15:00	9.2	남	175	14.48	29.63	1.53	7.5	1.84	8.0	3.3	북서	304	5.3	1026.0	-	31	
2020-11-28 10:20:00	9.1	남	191	14.49	29.62	1.79	8.3	2.52	8.0	4.1	북서	318	5.4	1025.9	-	59	
2020-11-28 10:25:00	8.9	남남동	159	14.49	29.64	1.70	8.5	2.33	8.5	4.4	북북서	328	5.3	1025.9	-	60	
2020-11-28 10:30:00	11.3	남남동	165	14.49	29.64	1.56	7.5	2.42	7.5	4.4	북북서	343	5.3	1025.8	-	45	
2020-11-28 10:35:00	5.7	남	172	14.51	29.61	1.64	7.9	1.84	8.0	4.1	북북서	328	5.3	1025.8	-	50	
2020-11-28 10:40:00	7.3	남남동	160	14.51	29.57	1.59	7.5	1.82	7.5	4.2	북북서	332	5.3	1025.9	-	57	
2020-11-28 10:45:00	5.2	남	169	14.50	29.61	1.73	7.8	2.38	7.5	4.3	북북서	337	5.3	1026.0	-	38	
2020-11-28 10:50:00	8.3	남남동	165	14.50	29.62	1.49	8.0	1.98	8.0	3.7	북북서	344	5.3	1026.0	-	63	
2020-11-28 10:55:00	8.8	남남동	163	14.50	29.59	1.55	8.4	2.46	7.0	4.0	북북서	330	5.5	1026.0	-	44	
2020-11-28 11:00:00	8.9	남남동	167	14.50	29.60	1.40	7.5	2.22	7.0	7.3	북북서	334	5.6	1026.0	-	73	
2020-11-28 11:05:00	11.1	남남동	165	14.49	29.62	1.68	8.1	2.45	8.0	8.2	북북서	338	5.5	1026.0	-	53	
2020-11-28 11:10:00	12.2	남남동	159	14.49	29.58	1.46	7.5	1.69	8.0	7.3	북북서	339	5.5	1026.0	-	46	
2020-11-28 11:15:00	9.1	남	172	14.49	29.64	1.34	7.3	1.64	7.0	6.8	북북서	341	5.6	1026.0	-	64	
2020-11-28 11:20:00	11.0	남남동	169	14.48	29.53	1.54	8.3	2.01	9.5	6.6	북북서	341	5.5	1025.8	-	66	
2020-11-28 11:25:00	9.4	남남동	164	14.47	29.66	1.86	7.7	2.31	8.5	6.6	북북서	335	5.5	1025.6	-	42	
2020-11-28 11:30:00	9.7	남동	138	14.47	29.64	1.55	8.1	1.88	7.5	7.0	북북서	343	5.4	1025.5	-	57	
2020-11-28 11:35:00	5.3	남남동	167	14.46	29.59	1.41	6.7	1.93	6.5	7.0	북북서	343	5.6	1025.5	-	33	
2020-11-28 11:40:00	11.5	남	173	14.49	29.63	1.48	6.5	2.31	6.5	6.5	북	350	5.7	1025.5	-	34	
2020-11-28 11:45:00	13.6	남남동	155	14.52	29.62	1.82	7.5	2.51	6.5	5.4	북	358	5.5	1025.6	-	62	
2020-11-28 11:50:00	12.2	남남동	168	14.52	29.64	1.65	8.0	1.91	7.0	6.6	북	351	5.8	1025.5	-	52	
2020-11-28 11:55:00	13.2	남남동	163	14.54	29.60	1.52	7.5	2.19	7.5	6.4	북북서	346	5.7	1025.5	-	55	
2020-11-28 12:00:00	16.3	남남동	157	14.53	29.55	1.41	7.5	1.83	6.0	6.2	북	353	5.9	1025.5	-	53	
2020-11-28 12:05:00	12.9	남남동	167	14.54	29.62	1.48	7.3	1.85	8.5	6.4	북	351	5.6	1025.4	-	49	
2020-11-28 12:10:00	8.8	남	171	14.54	29.60	1.64	7.4	2.08	7.5	7.3	북북서	346	5.7	1025.3	-	63	
2020-11-28 12:15:00	12.7	남	170	14.54	29.64	1.51	7.7	1.79	7.5	7.0	북	352	5.7	1025.1	-	50	
2020-11-28 12:20:00	12.0	남남동	149	14.54	29.53	1.46	7.5	1.72	7.5	6.5	북	356	5.8	1025.1	-	69	
2020-11-28 12:25:00	7.5	남동	143	14.53	29.57	1.59	7.5	1.98	8.0	7.1	북	353	5.8	1024.9	-	71	
2020-11-28 12:30:00	6.1	남남동	168	14.48	29.51	1.87	7.9	2.51	7.0	8.5	북	3	5.8	1024.9	-	52	
2020-11-28 12:35:00	11.4	남남동	167	14.44	29.48	1.36	6.9	1.83	6.5	7.4	북	1	5.8	1024.9	-	32	
2020-11-28 12:40:00	12.5	남남동	159	14.40	29.44	1.83	7.8	2.40	8.0	6.8	북	2	5.7	1024.9	-	64	
2020-11-28 12:45:00	9.6	남남동	164	14.37	29.46	1.57	7.7	2.23	7.0	7.3	북	10	5.7	1024.8	-	58	
2020-11-28 12:50:00	9.4	남남동	164	14.35	29.46	1.44	7.0	1.98	6.0	7.2	북	11	5.7	1024.7	-	53	
2020-11-28 12:55:00	16.2	남남동	167	14.36	29.44	1.61	7.2	1.86	7.5	6.7	북	3	6.0	1024.6	-	59	
2020-11-28 13:00:00	9.0	남남동	162	14.35	29.50	1.39	7.5	1.65	7.0	6.9	북북동	13	6.0	1024.5	-	47	
2020-11-28 13:05:00	11.8	남남동	163	14.34	29.50	1.48	7.5	2.22	8.0	7.1	북북동	17	6.0	1024.6	-	37	
2020-11-28 13:10:00	12.1	남	169	14.35	29.45	1.58	7.6	2.29	7.5	5.6	북북동	19	5.9	1024.5	-	55	
2020-11-28 13:15:00	12.6	남남동	164	14.34	29.44	1.39	6.9	1.58	7.5	7.0	북북서	345	6.3	1024.4	-	53	
2020-11-28 13:20:00	8.1	남	172	14.33	29.41	1.76	7.5	2.59	7.5	6.5	북북서	343	6.1	1024.5	-	41	
2020-11-28 13:25:00	15.9	남남동	151	14.35	29.53	1.57	7.5	2.00	8.0	5.8	북	2	6.2	1024.7	-	58	
2020-11-28 13:30:00	10.6	남	175	14.43	29.44	1.42	6.9	1.92	6.5	6.9	북	354	6.3	1024.6	-	51	
2020-11-28 13:35:00	11.8	남남동	155	14.45	29.49	1.49	7.0	1.88	6.5	8.0	북	351	6.4	1024.5	-	46	
2020-11-28 13:40:00	16.3	남	171	14.46	29.48	1.24	6.9	1.46	6.5	8.3	북	354	6.4	1024.5	-	24	
2020-11-28 13:45:00	9.3	남남동	153	14.47	29.42	1.45	7.3	1.81	7.5	7.2	북	352	6.3	1024.5	-	53	
2020-11-28 13:50:00	14.5	남남동	160	14.46	29.47	1.55	7.0	2.23	8.0	7.9	북	349	6.5	1024.4	-	47	
2020-11-28 13:55:00	9.1	남	173	14.46	29.38	1.28	6.7	1.54	6.0	8.7	북	355	6.4	1024.4	-	16	
2020-11-28 14:00:00	16.0	남남동	166	14.46	29.40	1.53	7.4	1.93	7.0	7.5	북	2	6.4	1024.4	-	42	
2020-11-28 14:05:00	12.9	남남동	168	14.47	29.35	1.57	7.1	2.18	7.5	7.3	북	353	6.8	1024.4	-	47	
2020-11-28 14:10:00	13.6	남	180	14.47	29.41	1.30	6.6	1.80	7.0	7.6	북북서	343	6.8	1024.4	-	68	
2020-11-28 14:15:00	12.5	남	177	14.47	29.41	1.42	6.5	2.27	6.5	7.4	북북서	336	6.7	1024.5	-	54	
2020-11-28 14:20:00	12.7	남	171	14.48	29.32	1.47	6.9	1.93	6.5	8.6	북	351	6.6	1024.4	-	24	
2020-11-28 14:25:00	9.0	남	169	14.47	29.40	1.70	6.8	2.18	5.5	8.2	북북서	341	6.6	1024.5	-	63	
2020-11-28 14:30:00	5.8	남남동	159	14.48	29.25	1.46	6.8	2.17	6.5	7.1	북북서	341	6.5	1024.4	-	60	
2020-11-28 14:35:00	14.5	남남동	158	14.47	29.29	1.20	6.6	1.53	7.0	7.4	북	351	6.6	1024.3	-	54	
2020-11-28 14:40:00	11.8	남	173	14.46	29.31	1.48	7.5	1.79	7.5	8.3	북	351	6.5	1024.2	-	35	
2020-11-28 14:45:00	10.7	남남동	161	14.47	29.30	1.38	6.9	1.79	8.0	7.9	북	358	6.4	1024.1	-	41	
2020-11-28 14:50:00	16.2	남	171	14.48	29.25	1.21	6.7	1.43	7.5	7.3	북	6	6.2	1024.1	-	7	
2020-11-28 14:55:00	6.6	남	182	14.47	29.28	1.48	7.0	2.02	6.0	7.2	북	357	6.5	1024.2	-	39	
2020-11-28 15:00:00	12.0	남	171	14.47	29.32	1.53	6.6	2.12	7.0	8.1	북	357	6.6	1024.1	-	45	
2020-11-28 15:05:00	14.3	남	172	14.47	29.35	1.42	6.9	1.83	8.5	8.6	북	1	6.6	1024.1	-	50	
2020-11-28 15:10:00	19.5	남남동	160	14.47	29.33	1.88	7.0	2.89	7.0	8.3	북	355	6.5	1024.2	-	59	
2020-11-28 15:15:00	8.0	남	184	14.47	29.35	1.61	7.1	2.12	6.5	8.3	북	3	6.6	1024.1	-	41	
2020-11-28 15:20:00	13.8	남남동	165	14.46	29.52	1.20	6.2	1.70	6.0	7.8	북	358	6.5	1024.2	-	53	
2020-11-28 15:25:00	11.2	남	174	14.46	29.46	1.46	6.8	2.00	6.5	7.6	북	355	6.5	1024.2	-	44	
2020-11-28 15:30:00	11.2	남	173	14.45	29.53	1.31	6.5	1.59	4.5	7.3	북	356	6.6	1024.2	-	47	
2020-11-28 15:35:00	10.9	남	180	14.47	29.51	1.35	6.7	1.57	6.5	8.2	북	356	6.8	1024.2	-	4	
2020-11-28 15:40:00	10.4	남남동	167	14.47	29.53	1.39	6.8	1.79	6.0	8.4	북	352	6.7	1024.2	-	52	
2020-11-28 15:45:00	18.0	남남동	167	14.46	29.44	1.46	6.9	1.89	7.0	7.6	북	357	6.6	1024.3	-	38	
2020-11-28 15:50:00	12.5	남	181	14.45	29.49	1.31	6.8	1.76	6.5	7.4	북	354	6.6	1024.3	-	36	
2020-11-28 15:55:00	9.3	남	190	14.46	29.42	1.40	6.5	2.46	6.0	8.2	북	352	6.7	1024.3	-	56	
2020-11-28 16:00:00	12.6	남	182	14.46	29.48	1.37	6.3	1.87	7.0	8.0	북북서	341	6.7	1024.3	-	17	
2020-11-28 16:05:00	11.1	남	187	14.47	29.47	1.16	6.0	1.46	7.5	8.5	북	349	6.6	1024.4	-	66	
2020-11-28 16:10:00	13.5	남남서	194	14.46	29.49	1.22	6.4	1.62	7.0	9.1	북	352	6.6	1024.4	-	23	
2020-11-28 16:15:00	8.4	남	181	14.45	29.47	1.28	6.6	1.78	6.0	7.7	북북서	343	6.6	1024.5	-	13	
2020-11-28 16:20:00	13.3	남	190	14.45	29.38	1.33	7.1	2.13	6.5	7.4	북북서	347	6.6	1024.6	-	34	
2020-11-28 16:25:00	11.6	남	170	14.45	29.53	1.39	6.9	1.72	6.5	7.6	북북서	346	6.5	1024.7	-	42	
2020-11-28 16:30:00	14.9	남	178	14.44	29.51	1.30	6.3	1.62	6.5	7.4	북북서	338	6.6	1024.7	-	65	
2020-11-28 16:35:00	17.9	남남동	163	14.44	29.50	1.33	6.7	1.68	6.0	6.5	북북서	344	6.5	1024.9	-	4	
2020-11-28 16:40:00	14.3	남	169	14.45	29.50	1.13	7.0	1.36	7.5	6.8	북북서	337	6.5	1024.9	-	65	
2020-11-28 16:45:00	9.6	남	176	14.45	29.52	1.28	7.2	1.63	5.5	6.4	북	358	6.3	1025.0	-	54	
2020-11-28 16:50:00	9.0	남남동	165	14.45	29.36	1.54	7.0	1.79	5.5	6.3	북	353	6.1	1025.0	-	17	
2020-11-28 16:55:00	13.3	남	190	14.45	29.53	1.29	6.5	1.68	6.5	6.3	북	353	6.1	1025.1	-	36	
2020-11-28 17:00:00	11.8	남남동	162	14.46	29.50	1.23	7.4	1.96	7.5	5.7	북	350	5.8	1025.1	-	45	
2020-11-28 17:05:00	12.8	남	172	14.45	29.55	1.43	7.0	2.01	7.0	5.7	북북서	337	5.9	1025.1	-	35	
2020-11-28 17:10:00	10.1	남	176	14.46	29.58	1.47	6.7	2.12	7.0	6.8	북북서	333	5.9	1025.0	-	41	
2020-11-28 17:15:00	9.2	남	188	14.45	29.56	1.51	7.7	1.97	6.5	7.2	북북서	334	5.9	1024.9	-	40	
2020-11-28 17:20:00	14.3	남	179	14.45	29.57	1.21	6.4	1.72	5.5	6.7	북북서	330	6.0	1024.9	-	29	
2020-11-28 17:25:00	12.3	남남서	192	14.45	29.59	1.42	7.8	1.78	6.5	6.0	북북서	334	5.8	1025.0	-	34	
2020-11-28 17:30:00	11.8	남	178	14.46	29.49	1.27	6.9	1.73	8.5	6.7	북북서	329	5.9	1025.0	-	68	
2020-11-28 17:35:00	8.0	남남동	157	14.44	29.52	1.24	7.1	1.90	7.0	4.9	북북서	328	5.6	1025.0	-	37	
2020-11-28 17:40:00	14.1	남남동	163	14.44	29.57	1.34	7.1	1.83	6.5	6.9	북	358	5.8	1025.0	-	37	
2020-11-28 17:45:00	12.1	남	178	14.45	29.61	1.35	7.3	1.73	7.5	7.1	북북서	341	5.8	1025.0	-	40	
2020-11-28 17:50:00	14.5	남	184	14.45	29.59	1.17	6.2	1.65	7.5	6.2	북	349	5.7	1025.1	-	32	
2020-11-28 17:55:00	10.2	남	180	14.45	29.64	1.14	6.8	1.59	7.5	6.4	북북서	345	5.8	1025.1	-	49	
2020-11-28 18:00:00	11.9	남	177	14.46	29.74	1.29	7.5	2.05	6.5	6.1	서북서	300	6.1	1025.1	-	43	
2020-11-28 18:05:00	6.5	남	174	14.46	29.74	1.17	6.8	1.68	7.0	6.0	서북서	293	5.9	1025.1	-	49	
2020-11-28 18:10:00	9.7	남	179	14.46	29.74	1.30	8.0	1.83	7.5	6.1	북서	304	5.5	1025.2	-	33	
2020-11-28 18:15:00	10.9	남	181	14.45	29.71	1.16	7.9	1.32	10.0	5.8	서북서	299	5.5	1025.3	-	28	
2020-11-28 18:20:00	12.4	남	182	14.46	29.77	1.40	7.5	1.82	7.5	5.7	서북서	300	5.4	1025.5	-	38	
2020-11-28 18:25:00	9.3	남	176	14.45	29.73	1.38	6.8	1.97	6.0	5.3	서북서	298	5.5	1025.6	-	38	
2020-11-28 18:30:00	8.1	남남동	163	14.46	29.74	1.24	7.5	1.62	6.0	5.2	북서	304	5.3	1025.6	-	36	
2020-11-28 18:35:00	8.4	남	174	14.46	29.73	1.26	7.8	1.58	7.5	4.4	서북서	288	5.2	1025.7	-	24	
2020-11-28 18:40:00	9.6	남남동	165	14.46	29.77	1.15	8.1	1.78	7.0	3.7	서	268	5.0	1025.9	-	44	
2020-11-28 18:45:00	-	-	-	-	-	-	-	-	-	-	-	-	-	-	-	-	
2020-11-28 18:50:00	7.1	남남동	163	14.47	29.74	1.01	6.6	2.03	6.6	3.5	서	266	4.8	1026.2	-	27	
2020-11-28 18:55:00	7.7	남	173	14.46	29.74	1.10	6.4	1.38	6.0	2.8	서	266	4.4	1026.1	-	37	
2020-11-28 19:00:00	12.7	남남서	195	14.45	29.77	1.28	7.8	1.63	8.5	3.9	서	265	4.5	1026.2	-	33	
2020-11-28 19:05:00	4.3	남남서	192	14.44	29.73	1.30	8.1	1.51	9.0	3.6	서북서	291	4.4	1026.2	-	30	
2020-11-28 19:10:00	7.4	남	181	14.45	29.71	1.48	7.4	1.80	7.0	3.2	북서	304	4.5	1026.1	-	34	
2020-11-28 19:15:00	11.2	남	181	14.44	29.80	1.09	7.3	1.45	11.0	2.3	북서	309	4.4	1026.0	-	45	
2020-11-28 19:20:00	10.2	남남동	163	14.44	29.78	1.20	7.3	1.64	6.5	2.2	북서	318	4.4	1026.0	-	37	
2020-11-28 19:25:00	10.1	남남동	154	14.43	29.81	1.34	7.5	1.63	8.0	1.3	서	267	4.5	1026.0	-	38	
2020-11-28 19:30:00	10.1	남	173	14.43	29.72	1.30	7.5	1.76	8.0	2.2	남서	234	4.5	1026.0	-	39	
2020-11-28 19:35:00	7.7	남	170	14.43	29.82	1.29	7.3	1.79	6.0	2.9	남서	215	4.5	1025.9	-	25	
2020-11-28 19:40:00	10.1	남남동	164	14.42	29.81	1.58	8.6	1.84	9.5	3.4	남서	223	4.6	1025.8	-	21	
2020-11-28 19:45:00	7.7	남남동	156	14.41	29.88	1.28	7.8	1.75	8.0	3.4	남서	225	4.4	1025.9	-	38	
2020-11-28 19:50:00	8.2	남남동	163	14.42	29.90	1.51	8.5	1.72	9.0	2.9	서남서	237	4.2	1025.9	-	26	
2020-11-28 19:55:00	8.5	남남동	156	14.42	29.90	1.32	8.5	1.72	6.5	3.4	서남서	239	4.1	1025.9	-	36	
2020-11-28 20:00:00	10.7	남남동	164	14.41	29.88	1.30	8.1	2.36	7.5	3.4	서남서	257	4.0	1026.0	-	30	
2020-11-28 20:05:00	7.6	남남동	160	14.42	29.91	1.48	8.2	2.37	8.0	3.6	서남서	257	3.8	1026.0	-	32	
2020-11-28 20:10:00	10.5	남	180	14.42	29.90	1.22	8.4	1.42	9.0	2.8	서남서	258	3.9	1026.0	-	36	
2020-11-28 20:15:00	9.5	남남동	168	14.43	29.91	1.21	7.9	1.57	9.0	2.9	서	271	4.0	1025.9	-	25	
2020-11-28 20:20:00	7.1	남남동	161	14.43	29.91	1.29	8.1	1.66	8.0	2.9	남서	233	4.1	1026.0	-	26	
2020-11-28 20:25:00	9.1	남남동	165	14.43	29.91	1.30	8.6	1.77	8.5	3.0	남서	230	4.0	1025.9	-	42	
2020-11-28 20:30:00	8.3	남남동	153	14.43	29.93	1.06	7.5	1.31	7.5	2.9	남서	233	4.1	1025.9	-	34	
2020-11-28 20:35:00	7.6	남	174	14.44	29.92	1.07	8.0	1.51	8.0	3.0	서남서	237	4.0	1025.8	-	34	
2020-11-28 20:40:00	8.2	남동	146	14.45	29.96	1.25	8.5	1.50	9.5	3.0	서남서	246	4.0	1025.8	-	37	
2020-11-28 20:45:00	7.4	남	170	14.43	30.00	1.18	7.0	1.74	7.5	2.9	서남서	256	3.9	1025.9	-	20	
2020-11-28 20:50:00	7.0	남남동	159	14.44	30.00	1.34	8.8	1.65	8.5	3.4	서남서	250	3.8	1026.0	-	37	
2020-11-28 20:55:00	8.6	남	177	14.45	29.94	1.16	8.3	1.67	7.0	4.1	서남서	239	3.8	1026.1	-	27	
2020-11-28 21:00:00	6.5	남남동	156	14.43	29.97	1.30	7.8	1.78	9.0	3.3	서남서	248	3.8	1026.1	-	23	
2020-11-28 21:05:00	5.8	남남동	159	14.44	29.98	1.20	7.9	1.62	9.0	3.4	서남서	237	3.8	1026.1	-	21	
2020-11-28 21:10:00	3.2	남남동	161	14.44	29.98	1.35	8.2	1.65	9.5	3.2	서남서	248	3.7	1026.2	-	33	
2020-11-28 21:15:00	7.5	남	173	14.44	29.98	1.07	7.3	1.53	7.0	3.9	남서	225	3.7	1026.0	-	38	
2020-11-28 21:20:00	10.9	남남동	153	14.42	29.99	1.28	8.0	1.56	7.0	4.1	남서	226	3.8	1026.0	-	31	
2020-11-28 21:25:00	6.3	남남동	152	14.43	29.99	1.18	7.7	1.78	7.5	4.4	남서	221	3.6	1026.1	-	16	
2020-11-28 21:30:00	9.9	남동	134	14.44	29.98	1.24	7.6	1.81	6.5	4.2	남서	235	3.6	1026.4	-	29	
2020-11-28 21:35:00	8.6	남남동	159	14.44	30.01	1.24	8.7	1.48	8.5	4.5	남서	234	3.7	1026.5	-	38	
2020-11-28 21:40:00	6.8	남남동	148	14.44	29.99	1.16	8.3	1.58	8.0	4.2	남서	236	3.6	1026.5	-	26	
2020-11-28 21:45:00	5.5	남남동	161	14.43	30.00	1.04	7.8	1.52	7.5	4.7	남서	236	3.5	1026.5	-	19	
2020-11-28 21:50:00	6.2	남	173	14.44	30.02	1.20	8.2	1.55	8.0	5.1	서남서	239	3.4	1026.6	-	17	
2020-11-28 21:55:00	7.0	남	187	14.43	30.00	1.19	8.5	1.65	8.0	4.0	남서	230	3.3	1026.5	-	53	
2020-11-28 22:00:00	3.1	남남서	197	14.43	30.01	1.31	7.3	1.58	7.5	4.1	남서	235	3.0	1026.4	-	16	
2020-11-28 22:05:00	4.6	남	187	14.43	30.00	1.24	7.9	1.55	7.5	4.6	남서	231	3.1	1026.4	-	39	
2020-11-28 22:10:00	4.6	남남서	192	14.42	30.06	1.00	7.7	1.40	8.0	4.6	남서	230	3.1	1026.4	-	31	
2020-11-28 22:15:00	4.0	남남동	165	14.43	30.05	1.17	8.5	1.69	9.5	5.3	남서	229	3.3	1026.4	-	30	
2020-11-28 22:20:00	3.8	남남동	158	14.41	30.07	1.21	8.3	1.91	7.5	5.2	남서	230	3.2	1026.4	-	25	
2020-11-28 22:25:00	0.9	서남서	246	14.41	30.07	1.10	7.3	1.45	6.5	5.2	서남서	240	3.0	1026.3	-	41	
2020-11-28 22:30:00	5.6	남남동	158	14.41	30.07	1.03	8.0	1.34	6.5	5.8	서남서	242	2.9	1026.3	-	36	
2020-11-28 22:35:00	2.8	남남동	157	14.42	30.08	1.32	8.3	1.57	8.5	6.3	서남서	239	2.9	1026.4	-	32	
2020-11-28 22:40:00	3.9	남동	128	14.41	30.07	1.05	8.2	1.28	7.5	6.4	남서	236	3.0	1026.5	-	25	
2020-11-28 22:45:00	3.1	동남동	124	14.40	30.08	1.25	8.0	1.69	8.0	6.8	남서	233	2.9	1026.5	-	26	
2020-11-28 22:50:00	1.1	남동	136	14.40	30.12	0.97	7.3	1.80	7.0	6.5	남서	232	2.9	1026.4	-	25	
2020-11-28 22:55:00	4.4	남	169	14.40	30.06	0.98	7.4	1.31	7.5	6.8	남서	232	2.9	1026.5	-	31	
2020-11-28 23:00:00	0.4	남남서	208	14.39	30.05	1.22	8.1	1.67	8.0	6.6	남서	232	3.0	1026.5	-	30	
2020-11-28 23:05:00	5.5	남남동	153	14.38	30.03	1.24	7.3	1.58	7.5	6.4	서남서	238	2.8	1026.5	-	34	
2020-11-28 23:10:00	3.9	남남동	156	14.37	30.05	0.87	6.8	1.43	7.0	6.0	남서	236	2.7	1026.4	-	37	
2020-11-28 23:15:00	4.6	남	182	14.39	30.08	1.19	9.0	1.55	8.5	5.7	남서	233	2.6	1026.3	-	35	
2020-11-28 23:20:00	3.7	남	172	14.40	30.09	1.06	8.4	1.28	9.0	5.2	서남서	240	2.8	1026.3	-	42	
2020-11-28 23:25:00	1.8	남남서	196	14.39	30.10	1.21	8.2	1.60	7.5	5.2	서남서	237	2.7	1026.2	-	38	
2020-11-28 23:30:00	6.2	남남동	156	14.40	30.13	0.96	8.0	1.32	7.5	5.2	서남서	237	2.7	1026.2	-	37	
2020-11-28 23:35:00	4.4	남남동	152	14.41	30.12	0.85	7.5	1.14	7.0	5.5	남서	236	2.5	1026.2	-	19	
2020-11-28 23:40:00	3.2	남동	138	14.41	30.14	1.11	7.5	1.36	7.5	4.9	남서	227	2.5	1026.2	-	19	
2020-11-28 23:45:00	4.5	남	191	14.40	30.14	1.16	9.0	1.58	8.0	5.0	남서	236	2.5	1026.3	-	36	
2020-11-28 23:50:00	2.7	남	182	14.40	30.15	1.01	8.4	1.53	8.5	5.4	남서	232	2.6	1026.3	-	18	
2020-11-28 23:55:00	0.7	남	185	14.40	30.15	1.17	8.3	1.56	8.5	5.8	남서	234	2.6	1026.3	-	50	
2020-11-29 00:00:00	1.0	남서	232	14.39	30.13	0.92	7.6	1.16	8.5	5.4	서남서	238	2.6	1026.3	-	23	
2020-11-29 00:05:00	2.9	서남서	251	14.37	30.14	0.94	7.3	1.46	7.5	5.7	남서	236	2.6	1026.2	-	36	
2020-11-29 00:10:00	1.4	서	260	14.38	30.17	1.03	8.4	1.33	7.0	5.9	서남서	238	2.6	1026.2	-	33	
2020-11-29 00:15:00	1.3	서남서	259	14.38	30.15	0.97	8.3	1.27	7.5	5.1	서남서	240	2.7	1026.3	-	36	
2020-11-29 00:20:00	1.5	서남서	254	14.37	30.15	1.05	7.5	1.40	7.0	5.4	남서	230	2.9	1026.2	-	21	
2020-11-29 00:25:00	1.6	서남서	243	14.36	30.18	1.16	8.1	1.44	9.0	5.6	남서	234	2.8	1026.2	-	18	
2020-11-29 00:30:00	2.4	서북서	301	14.35	30.18	0.90	7.9	1.17	7.0	5.5	남서	229	2.7	1026.1	-	38	
2020-11-29 00:35:00	1.8	남서	230	14.35	30.18	1.09	8.0	1.47	7.5	5.3	남서	227	2.7	1026.0	-	25	
2020-11-29 00:40:00	2.1	남	177	14.33	30.20	0.91	8.2	1.09	7.5	5.3	남서	226	2.7	1026.0	-	54	
2020-11-29 00:45:00	4.8	남남동	167	14.33	30.17	1.23	8.3	1.81	7.5	5.7	남서	225	2.7	1025.9	-	38	
2020-11-29 00:50:00	2.4	남	180	14.32	30.21	1.06	7.9	1.45	7.5	6.0	남서	229	2.6	1025.8	-	35	
2020-11-29 00:55:00	1.7	남	190	14.34	30.19	1.02	8.5	1.22	10.0	5.6	남서	233	2.6	1025.8	-	37	
2020-11-29 01:00:00	1.9	동남동	122	14.32	30.18	1.14	7.5	1.43	8.5	5.4	남서	228	2.5	1025.8	-	48	
2020-11-29 01:05:00	3.8	남	171	14.31	30.20	0.98	8.1	1.29	7.5	5.3	남서	229	2.6	1025.7	-	27	
2020-11-29 01:10:00	3.9	남남동	167	14.32	30.21	0.83	7.8	1.24	8.0	6.1	남서	222	2.6	1025.7	-	30	
2020-11-29 01:15:00	3.3	남남동	168	14.36	30.26	1.10	8.0	1.40	7.0	5.6	남서	229	2.6	1025.7	-	36	
2020-11-29 01:20:00	5.2	남남동	167	14.37	30.29	0.87	8.7	1.06	8.5	5.8	남서	228	2.7	1025.6	-	39	
2020-11-29 01:25:00	1.3	남남서	200	14.37	30.21	0.89	7.3	1.39	7.0	6.3	남서	228	2.7	1025.6	-	31	
2020-11-29 01:30:00	2.2	남	174	14.36	30.22	1.09	8.5	1.29	7.5	6.3	남서	227	2.7	1025.5	-	62	
2020-11-29 01:35:00	4.8	남남동	154	14.36	30.26	0.94	7.3	1.26	7.5	5.8	남서	223	2.6	1025.5	-	31	
2020-11-29 01:40:00	4.0	남	170	14.38	30.25	0.95	7.3	1.21	8.0	6.7	남서	229	2.6	1025.4	-	69	
2020-11-29 01:45:00	2.3	남남서	198	14.38	30.22	0.95	8.0	1.26	8.0	6.3	남서	225	2.6	1025.4	-	34	
2020-11-29 01:50:00	0.5	남동	138	14.38	30.25	0.93	7.3	1.37	8.0	6.6	남서	225	2.7	1025.3	-	38	
2020-11-29 01:55:00	3.0	남남서	203	14.37	30.25	1.02	7.4	1.29	8.0	6.7	남서	223	2.5	1025.3	-	51	
2020-11-29 02:00:00	5.3	남동	141	14.37	30.25	1.00	7.4	1.48	7.0	6.5	남서	227	2.6	1025.4	-	19	
2020-11-29 02:05:00	3.7	남남서	195	14.36	30.28	0.83	7.5	0.95	7.5	6.5	남서	223	2.6	1025.4	-	15	
2020-11-29 02:10:00	5.5	남남서	198	14.37	30.27	0.90	7.6	1.30	6.5	7.1	남서	221	2.6	1025.4	-	53	
2020-11-29 02:15:00	4.6	남남동	152	14.38	30.25	0.94	7.2	1.37	7.0	6.7	남서	226	2.6	1025.4	-	44	
2020-11-29 02:20:00	2.2	남	177	14.38	30.29	0.88	7.6	1.10	6.0	7.4	남서	226	2.7	1025.4	-	23	
2020-11-29 02:25:00	4.9	남남동	162	14.36	30.28	1.10	7.6	1.55	8.5	6.9	남서	230	2.5	1025.5	-	22	
2020-11-29 02:30:00	3.2	남남동	165	14.37	30.30	0.98	8.0	1.21	8.5	6.5	남서	226	2.5	1025.5	-	32	
2020-11-29 02:35:00	4.5	남	189	14.37	30.30	0.99	8.1	1.39	6.5	6.8	남서	233	2.5	1025.5	-	38	
2020-11-29 02:40:00	3.4	남남서	191	14.37	30.26	0.90	7.5	1.40	7.5	6.9	남서	230	2.4	1025.6	-	41	
2020-11-29 02:45:00	7.4	남	178	14.37	30.29	0.98	7.0	1.32	8.5	6.5	남서	234	2.7	1025.7	-	32	
2020-11-29 02:50:00	3.1	동남동	109	14.37	30.29	1.06	8.0	1.46	7.5	6.3	남서	228	2.8	1025.9	-	30	
2020-11-29 02:55:00	1.0	남서	225	14.37	30.30	1.04	7.3	1.34	8.0	6.6	남서	230	2.7	1025.9	-	46	
2020-11-29 03:00:00	4.4	남	190	14.37	30.30	1.04	8.2	1.56	6.5	6.2	남서	231	2.8	1025.8	-	43	
2020-11-29 03:05:00	0.3	북북동	29	14.37	30.27	1.07	7.5	1.73	7.0	6.3	남서	231	2.6	1025.7	-	44	
2020-11-29 03:10:00	0.4	북동	39	14.36	30.29	0.92	7.5	1.16	6.5	5.8	남서	226	2.6	1025.7	-	28	
2020-11-29 03:15:00	1.2	동북동	65	14.35	30.33	0.86	7.9	1.34	7.5	6.0	남서	229	2.7	1025.7	-	44	
2020-11-29 03:20:00	0.4	남동	144	14.36	30.33	0.95	6.8	1.21	7.0	6.0	남서	226	2.6	1025.7	-	18	
2020-11-29 03:25:00	2.3	서	261	14.36	30.32	0.93	7.1	1.40	8.0	5.7	남서	226	2.6	1025.6	-	43	
2020-11-29 03:30:00	1.8	북	352	14.36	30.33	1.08	7.3	1.34	7.5	6.2	남서	224	2.5	1025.5	-	43	
2020-11-29 03:35:00	1.9	북북서	340	14.36	30.29	1.02	7.5	1.60	7.0	6.4	남서	226	2.6	1025.4	-	43	
2020-11-29 03:40:00	0.9	남동	125	14.35	30.32	1.03	7.3	1.40	7.5	6.3	남서	223	2.5	1025.3	-	35	
2020-11-29 03:45:00	2.5	남남동	165	14.34	30.32	0.94	6.8	1.44	7.5	6.5	남서	229	2.5	1025.3	-	26	
2020-11-29 03:50:00	2.1	남서	222	14.33	30.35	0.92	7.7	1.12	9.0	5.6	남서	233	2.5	1025.4	-	47	
2020-11-29 03:55:00	3.5	동북동	70	14.34	30.33	1.05	7.7	1.40	7.5	5.9	서남서	238	2.4	1025.4	-	40	
2020-11-29 04:00:00	3.1	남남동	162	14.34	30.36	0.96	8.0	1.36	8.0	5.9	남서	232	2.4	1025.3	-	59	
2020-11-29 04:05:00	2.1	남남동	148	14.35	30.38	1.06	7.9	1.48	7.0	5.9	남서	228	2.4	1025.2	-	34	
2020-11-29 04:10:00	1.4	남서	216	14.36	30.35	1.14	7.8	1.56	7.5	5.3	남서	228	2.4	1025.3	-	20	
2020-11-29 04:15:00	3.6	남	182	14.36	30.35	0.93	7.6	1.16	7.5	5.7	남서	235	2.4	1025.3	-	23	
2020-11-29 04:20:00	2.7	동	99	14.36	30.35	0.84	7.4	1.09	7.0	6.0	남서	232	2.5	1025.3	-	48	
2020-11-29 04:25:00	2.4	남남서	200	14.34	30.35	0.83	8.2	1.07	7.5	6.4	남서	236	2.3	1025.5	-	57	
2020-11-29 04:30:00	3.0	남남서	202	14.34	30.36	0.92	6.9	1.22	7.5	6.4	서남서	243	2.2	1025.5	-	24	
2020-11-29 04:35:00	0.4	남	176	14.34	30.36	0.88	7.5	1.50	7.0	5.9	남서	234	2.3	1025.5	-	27	
2020-11-29 04:40:00	4.8	남	179	14.34	30.35	0.96	6.8	1.18	6.5	6.0	남서	228	2.1	1025.5	-	60	
2020-11-29 04:45:00	2.1	남	184	14.34	30.35	0.80	6.9	1.22	6.0	5.9	남서	236	2.2	1025.6	-	51	
2020-11-29 04:50:00	2.1	남동	142	14.34	30.40	1.03	7.9	1.29	8.0	5.9	남서	228	2.2	1025.6	-	48	
2020-11-29 04:55:00	0.3	북북서	344	14.34	30.38	0.67	6.2	0.80	5.5	5.8	남서	235	2.2	1025.6	-	31	
2020-11-29 05:00:00	4.0	남남서	196	14.35	30.30	0.85	6.9	1.32	6.0	5.6	서남서	237	2.3	1025.6	-	33	
2020-11-29 05:05:00	2.1	서남서	247	14.37	30.30	0.86	6.8	1.20	7.0	5.3	남서	228	2.2	1025.5	-	69	
2020-11-29 05:10:00	2.9	남	178	14.37	30.31	0.88	7.6	1.19	8.5	5.6	남서	230	2.2	1025.5	-	68	
2020-11-29 05:15:00	0.8	북서	326	14.36	30.30	0.93	6.8	1.21	7.5	5.8	남서	226	2.2	1025.5	-	30	
2020-11-29 05:20:00	1.1	서	271	14.36	30.25	0.77	7.4	0.98	5.5	6.0	남서	226	2.2	1025.5	-	42	
2020-11-29 05:25:00	1.6	남	189	14.35	30.22	0.89	7.3	1.52	6.0	5.8	남서	226	2.3	1025.5	-	35	
2020-11-29 05:30:00	1.4	서	260	14.35	30.26	0.92	7.0	1.34	7.0	6.0	남서	225	2.2	1025.4	-	73	
2020-11-29 05:35:00	1.8	북서	325	14.34	30.24	0.71	7.3	1.02	7.0	5.5	남서	236	2.3	1025.5	-	65	
2020-11-29 05:40:00	1.5	서남서	243	14.34	30.20	0.82	7.1	1.62	7.5	6.0	남서	234	2.4	1025.5	-	56	
2020-11-29 05:45:00	1.7	남서	222	14.34	30.17	0.91	7.0	1.23	7.0	6.6	서남서	239	2.3	1025.4	-	53	
2020-11-29 05:50:00	1.5	서북서	302	14.34	30.13	0.94	6.9	1.47	6.0	6.4	서남서	241	2.1	1025.4	-	22	
2020-11-29 05:55:00	2.4	남서	234	14.34	30.16	0.83	7.1	1.09	7.0	6.6	서남서	239	2.2	1025.4	-	47	
2020-11-29 06:00:00	1.1	남서	217	14.34	30.19	0.94	7.0	1.15	7.0	6.3	서남서	239	2.3	1025.4	-	43	
2020-11-29 06:05:00	2.3	동남동	113	14.32	30.17	0.92	6.9	1.19	7.5	6.6	남서	234	2.2	1025.5	-	33	
2020-11-29 06:10:00	1.2	북북서	331	14.31	30.17	0.75	6.8	0.99	6.5	5.8	남서	231	2.3	1025.4	-	27	
2020-11-29 06:15:00	1.0	남남서	208	14.31	30.19	0.74	7.3	0.89	7.0	6.4	남서	233	2.2	1025.4	-	43	
2020-11-29 06:20:00	2.2	서남서	246	14.31	30.18	0.84	7.5	1.22	8.0	6.7	남서	234	2.4	1025.4	-	38	
2020-11-29 06:25:00	4.0	서	277	14.32	30.14	0.74	6.9	0.98	5.0	7.0	남서	233	2.2	1025.4	-	29	
2020-11-29 06:30:00	1.1	동남동	110	14.31	30.16	0.93	6.9	1.15	7.5	7.1	남서	233	2.3	1025.4	-	24	
2020-11-29 06:35:00	2.7	북서	314	14.30	30.19	0.88	7.3	1.41	7.5	6.6	남서	231	2.6	1025.4	-	44	
2020-11-29 06:40:00	2.6	동	93	14.30	30.21	0.73	7.1	0.93	6.0	7.0	서남서	237	2.4	1025.4	-	50	
2020-11-29 06:45:00	1.2	북	8	14.29	30.23	0.80	7.0	1.01	6.5	7.3	남서	235	2.5	1025.4	-	12	
2020-11-29 06:50:00	4.3	북서	311	14.33	30.22	1.14	7.1	1.48	8.0	7.5	남서	236	2.3	1025.6	-	48	
2020-11-29 06:55:00	3.1	북북서	342	14.36	30.22	0.78	7.5	1.08	7.0	6.9	서남서	237	2.4	1025.6	-	37	
2020-11-29 07:00:00	1.9	북북서	331	14.36	30.19	0.84	6.9	1.08	7.0	7.9	서남서	238	2.3	1025.8	-	48	
2020-11-29 07:05:00	3.5	서북서	291	14.35	30.18	0.72	6.8	0.89	6.5	7.6	서남서	238	2.2	1025.8	-	49	
2020-11-29 07:10:00	1.7	북북동	14	14.35	30.19	0.68	6.8	1.17	7.0	7.5	남서	236	2.1	1025.9	-	46	
2020-11-29 07:15:00	2.9	북북서	335	14.35	30.13	0.73	6.8	0.84	5.5	7.5	서남서	239	2.1	1025.9	-	30	
2020-11-29 07:20:00	0.7	북북동	11	14.35	30.13	0.82	6.8	1.07	6.0	7.5	서남서	237	2.2	1026.0	-	41	
2020-11-29 07:25:00	1.4	북서	326	14.34	30.15	0.82	6.8	1.20	6.5	8.1	서남서	240	2.1	1026.0	-	28	
2020-11-29 07:30:00	2.2	북서	317	14.33	30.15	0.84	7.1	1.33	6.5	7.5	남서	235	2.1	1026.0	-	62	
2020-11-29 07:35:00	1.1	남남서	201	14.31	30.13	0.70	7.2	0.92	8.0	8.1	남서	235	2.2	1026.0	-	92	
2020-11-29 07:40:00	1.7	서	281	14.32	30.10	0.80	6.9	1.11	7.0	8.2	남서	234	2.0	1026.0	-	38	
2020-11-29 07:45:00	1.5	서북서	282	14.35	30.08	0.81	6.8	1.12	7.0	6.9	남서	235	2.1	1026.0	-	42	
2020-11-29 07:50:00	0.4	북	356	14.34	30.10	0.67	6.6	0.85	6.0	7.8	서남서	238	2.1	1026.0	-	66	
2020-11-29 07:55:00	2.3	남서	218	14.33	30.10	0.83	7.1	1.02	7.5	7.2	남서	234	2.1	1026.0	-	54	
2020-11-29 08:00:00	0.4	북서	306	14.34	30.06	0.70	6.8	1.01	9.0	8.1	서남서	239	2.3	1026.0	-	34	
2020-11-29 08:05:00	2.4	서남서	254	14.34	30.00	0.73	7.0	1.12	6.5	8.3	남서	234	2.3	1026.1	-	39	
2020-11-29 08:10:00	2.4	동남동	116	14.32	30.02	0.73	6.9	0.91	7.5	7.6	서남서	238	2.4	1026.2	-	63	
2020-11-29 08:15:00	1.9	남	177	14.32	30.03	0.82	6.9	1.09	6.0	7.8	남서	236	2.5	1026.2	-	31	
2020-11-29 08:20:00	1.8	남	174	14.31	30.15	0.57	6.4	0.81	7.0	7.4	남서	234	2.3	1026.2	-	59	
2020-11-29 08:25:00	1.0	북서	318	14.31	30.16	0.80	6.8	0.96	6.5	6.8	서남서	239	2.4	1026.2	-	36	
2020-11-29 08:30:00	1.0	남동	126	14.29	30.19	0.72	6.8	0.97	7.0	6.4	남서	236	2.5	1026.1	-	41	
2020-11-29 08:35:00	1.8	동남동	120	14.29	30.22	0.82	6.7	1.12	6.5	5.9	서남서	237	2.5	1026.1	-	45	
2020-11-29 08:40:00	3.3	남남서	209	14.30	30.21	0.74	6.6	1.13	6.5	6.3	남서	235	2.5	1026.1	-	49	
2020-11-29 08:45:00	1.6	북북서	328	14.31	30.20	0.70	6.7	0.89	6.5	6.3	남서	232	2.4	1026.2	-	33	
2020-11-29 08:50:00	2.3	서남서	238	14.30	30.21	0.73	6.8	0.91	7.0	6.1	남서	232	2.7	1026.2	-	42	
2020-11-29 08:55:00	1.2	동	80	14.30	30.22	0.67	6.9	1.15	6.5	6.1	서남서	238	2.7	1026.1	-	29	
2020-11-29 09:00:00	1.5	남	170	14.30	30.22	0.59	6.7	0.83	5.5	6.4	남서	222	2.7	1026.1	-	29	
2020-11-29 09:05:00	2.6	남	177	14.30	30.21	0.66	6.4	0.83	7.5	6.0	남서	227	2.9	1026.0	-	71	
2020-11-29 09:10:00	0.7	동북동	57	14.29	30.25	0.86	6.5	1.17	6.0	6.0	남서	227	3.0	1026.0	-	35	
2020-11-29 09:15:00	3.2	남남서	195	14.30	30.24	0.74	7.1	0.98	6.0	5.5	남서	235	3.2	1026.0	-	40	
2020-11-29 09:20:00	2.1	동남동	123	14.31	30.22	0.73	7.0	1.07	7.5	5.9	남서	225	3.2	1025.9	-	59	
2020-11-29 09:25:00	1.5	남동	145	14.30	30.24	0.70	7.1	0.99	7.0	5.7	남서	233	3.3	1026.0	-	38	
2020-11-29 09:30:00	3.2	남	182	14.30	30.22	0.69	6.8	0.88	7.0	5.3	남서	234	3.6	1026.0	-	52	
2020-11-29 09:35:00	0.9	남서	229	14.30	30.22	0.74	7.2	1.07	6.5	5.1	남서	231	3.5	1026.0	-	47	
2020-11-29 09:40:00	0.7	북북동	33	14.30	30.23	0.66	6.8	0.81	7.0	6.7	남서	234	3.6	1026.0	-	45	
2020-11-29 09:45:00	0.9	남	182	14.30	30.21	0.68	6.8	0.90	7.5	5.4	서남서	241	3.6	1026.2	-	49	
2020-11-29 09:50:00	2.2	남	186	14.29	30.21	0.72	6.7	0.98	6.5	5.1	남서	233	3.9	1026.1	-	23	
2020-11-29 09:55:00	2.7	남	173	14.28	30.22	0.81	6.8	1.35	6.5	5.8	남서	233	3.8	1026.1	-	73	
2020-11-29 10:00:00	0.7	남남동	151	14.29	30.25	0.61	7.1	1.04	7.0	5.3	남서	233	3.8	1026.1	-	42	
2020-11-29 10:05:00	2.5	남서	221	14.29	30.26	0.65	6.6	0.88	6.5	4.9	남서	231	3.9	1026.1	-	287	
2020-11-29 10:10:00	3.5	남남서	198	14.28	30.23	0.58	7.0	0.93	6.5	4.6	남서	228	4.1	1026.2	-	81	
2020-11-29 10:15:00	1.5	남	184	14.28	30.22	0.65	6.3	0.82	6.0	4.5	남서	227	4.2	1026.2	-	37	
2020-11-29 10:20:00	1.6	서	280	14.29	30.11	0.63	6.8	0.77	8.0	4.0	남서	230	4.2	1026.3	-	51	
2020-11-29 10:25:00	1.7	남	186	14.29	30.10	0.56	6.6	0.75	6.0	3.6	서남서	247	4.3	1026.3	-	38	
2020-11-29 10:30:00	1.6	남서	222	14.28	30.11	0.62	6.9	0.74	7.0	3.8	서남서	237	4.6	1026.3	-	43	
2020-11-29 10:35:00	1.2	동	89	14.28	30.05	0.66	6.8	1.08	7.5	5.8	남서	233	4.5	1026.2	-	64	
2020-11-29 10:40:00	2.1	서남서	238	14.28	29.99	0.68	6.6	0.85	7.0	6.0	남서	228	4.5	1026.2	-	40	
2020-11-29 10:45:00	0.6	남남동	154	14.27	30.05	0.72	6.4	0.92	6.5	5.7	남서	229	4.6	1026.2	-	29	
2020-11-29 10:50:00	1.3	남	176	14.25	30.02	0.70	6.7	0.87	8.0	6.1	남서	224	4.9	1026.1	-	36	
2020-11-29 10:55:00	3.8	남남동	164	14.25	30.00	0.73	6.5	0.98	6.0	6.1	남서	214	4.9	1026.0	-	43	
2020-11-29 11:00:00	3.0	서	280	14.25	30.02	0.76	7.2	1.14	5.5	6.5	남서	218	4.8	1025.9	-	40	
2020-11-29 11:05:00	1.6	남	183	14.25	30.04	0.66	6.8	0.86	7.0	6.6	남서	220	4.9	1025.8	-	53	
2020-11-29 11:10:00	1.4	서	270	14.25	30.03	0.63	6.8	0.81	7.0	6.5	남서	221	5.0	1025.8	-	52	
2020-11-29 11:15:00	0.7	남동	125	14.24	30.03	0.63	6.7	0.76	6.0	6.6	남서	217	5.1	1025.8	-	40	
2020-11-29 11:20:00	0.7	서남서	250	14.24	30.04	0.57	7.2	1.02	7.5	6.1	남서	228	5.3	1025.8	-	54	
2020-11-29 11:25:00	0.9	동	100	14.25	30.04	0.76	6.8	1.03	6.5	6.0	남서	236	5.3	1025.8	-	38	
2020-11-29 11:30:00	1.2	남	178	14.24	30.07	0.68	6.8	1.04	6.5	5.2	남서	234	5.5	1025.8	-	39	
2020-11-29 11:35:00	2.8	남	185	14.26	30.06	0.61	6.2	0.87	6.0	5.3	남서	214	5.5	1025.6	-	356	
2020-11-29 11:40:00	2.5	남	170	14.27	30.07	0.74	6.7	1.02	6.5	5.2	서남서	237	5.6	1025.6	-	65	
2020-11-29 11:45:00	1.4	남	171	14.26	30.07	0.68	6.9	0.84	6.5	5.5	남서	233	5.6	1025.4	-	40	
2020-11-29 11:50:00	0.8	남서	232	14.26	30.07	0.68	7.2	0.87	7.0	5.9	남서	222	5.6	1025.3	-	30	
2020-11-29 11:55:00	2.7	서남서	239	14.25	30.09	0.64	6.4	0.90	5.5	3.9	남서	226	5.6	1025.4	-	50	
2020-11-29 12:00:00	1.6	남	190	14.24	30.09	0.67	6.9	0.98	8.0	3.9	남서	222	5.9	1025.3	-	47	
2020-11-29 12:05:00	3.2	서	260	14.24	30.01	0.68	6.8	1.10	7.0	2.6	남서	216	6.0	1025.3	-	18	
2020-11-29 12:10:00	2.6	남동	127	14.25	30.07	0.67	6.3	0.97	7.0	2.2	서남서	254	6.3	1025.2	-	26	
2020-11-29 12:15:00	1.4	서	276	14.24	30.12	0.78	6.4	1.35	5.5	1.9	서남서	255	6.8	1025.1	-	47	
2020-11-29 12:20:00	3.6	남남동	165	14.25	30.08	0.63	6.0	0.97	6.0	2.5	북서	305	6.5	1025.1	-	47	
2020-11-29 12:25:00	1.6	남남동	151	14.24	30.07	0.75	6.9	1.07	7.0	2.0	북	8	6.3	1025.0	-	58	
2020-11-29 12:30:00	1.0	남남동	150	14.24	30.06	0.61	6.1	0.65	6.5	2.6	북	358	6.2	1024.9	-	26	
2020-11-29 12:35:00	1.9	서북서	296	14.24	30.06	0.73	6.5	0.99	6.0	2.1	서북서	300	6.1	1024.9	-	33	
2020-11-29 12:40:00	1.6	남남서	197	14.25	30.04	0.71	7.0	0.99	6.5	3.0	서북서	283	6.2	1024.9	-	35	
2020-11-29 12:45:00	3.2	남	176	14.26	30.06	0.65	6.2	0.90	5.0	3.1	남서	227	6.7	1024.9	-	23	
2020-11-29 12:50:00	5.5	남남서	210	14.26	30.07	0.78	6.5	1.17	7.0	4.8	남서	231	6.7	1024.8	-	31	
2020-11-29 12:55:00	3.1	동남동	123	14.26	30.04	0.68	6.4	0.92	5.5	4.5	남서	236	6.5	1024.8	-	44	
2020-11-29 13:00:00	1.3	남남동	166	14.26	29.96	0.75	6.7	1.02	5.5	4.3	서남서	254	6.7	1024.8	-	53	
2020-11-29 13:05:00	2.0	동북동	65	14.26	29.92	0.67	5.6	0.89	7.0	3.4	남서	226	6.8	1024.8	-	44	
2020-11-29 13:10:00	1.3	북	354	14.26	30.01	0.71	6.6	1.10	6.5	4.0	서남서	248	6.9	1024.5	-	53	
2020-11-29 13:15:00	1.5	북북동	20	14.26	30.03	0.66	6.0	0.82	6.0	4.5	북북서	330	6.5	1024.6	-	64	
2020-11-29 13:20:00	0.9	남동	130	14.25	30.02	0.70	6.0	0.97	6.0	2.9	북북서	333	6.3	1024.6	-	20	
2020-11-29 13:25:00	1.3	남서	220	14.25	30.06	0.77	6.8	1.08	6.0	3.6	북	356	6.3	1024.5	-	68	
2020-11-29 13:30:00	1.2	남동	140	14.25	30.07	0.67	6.5	1.10	6.0	4.0	북북서	346	6.3	1024.5	-	39	
2020-11-29 13:35:00	1.3	서남서	254	14.25	30.08	0.63	6.8	1.04	6.0	4.3	북북서	339	6.6	1024.4	-	47	
2020-11-29 13:40:00	0.5	서	280	14.25	30.10	0.72	6.3	0.91	8.0	3.5	북	353	6.4	1024.5	-	43	
2020-11-29 13:45:00	1.6	서남서	254	14.24	30.08	0.73	6.5	0.89	9.0	2.8	북북동	20	6.3	1024.4	-	35	
2020-11-29 13:50:00	0.9	북동	41	14.24	30.05	0.60	5.4	0.82	7.0	2.5	북북동	19	6.4	1024.5	-	25	
2020-11-29 13:55:00	0.9	남	191	14.24	30.05	0.70	6.2	0.95	6.5	3.0	북북동	19	6.5	1024.5	-	27	
2020-11-29 14:00:00	1.1	북북동	20	14.24	30.04	0.64	6.2	0.87	6.0	2.0	북	7	6.6	1024.5	-	46	
2020-11-29 14:05:00	2.3	서	264	14.24	30.08	0.72	5.8	1.10	6.5	3.1	북북동	13	6.6	1024.4	-	46	
2020-11-29 14:10:00	2.0	남서	215	14.24	30.10	0.66	6.4	0.93	6.0	2.1	북북동	29	6.4	1024.5	-	62	
2020-11-29 14:15:00	3.8	남남서	206	14.24	30.10	0.64	6.4	1.06	6.0	2.2	북	7	6.6	1024.5	-	24	
2020-11-29 14:20:00	1.2	북북서	332	14.24	30.12	0.78	6.8	0.88	7.5	1.9	북북서	327	6.7	1024.4	-	32	
2020-11-29 14:25:00	6.8	남서	216	14.24	30.10	0.63	6.6	0.92	7.5	3.3	서남서	243	7.1	1024.4	-	49	
2020-11-29 14:30:00	0.4	서	261	14.24	30.11	0.66	6.5	0.84	7.5	5.8	서남서	241	7.1	1024.4	-	28	
2020-11-29 14:35:00	3.2	남서	222	14.24	30.11	0.75	6.6	0.95	6.5	7.2	남서	236	7.0	1024.3	-	39	
2020-11-29 14:40:00	0.8	남서	235	14.23	30.10	0.67	6.0	1.24	4.5	6.0	서남서	243	6.9	1024.3	-	31	
2020-11-29 14:45:00	1.8	남남동	160	14.22	30.11	0.74	7.0	0.98	7.0	5.7	서남서	247	7.0	1024.3	-	36	
2020-11-29 14:50:00	0.5	북동	39	14.23	30.11	0.63	6.9	1.01	6.5	6.8	서남서	246	7.0	1024.2	-	49	
2020-11-29 14:55:00	4.1	서남서	250	14.22	30.10	0.59	7.3	0.90	8.0	4.8	서남서	252	6.9	1024.4	-	26	
2020-11-29 15:00:00	0.4	북동	45	14.21	30.10	0.65	6.4	0.84	6.0	5.7	서남서	237	6.9	1024.4	-	42	
2020-11-29 15:05:00	2.2	남남서	199	14.21	30.10	0.74	6.3	1.02	7.0	6.5	서남서	239	7.0	1024.3	-	36	
2020-11-29 15:10:00	0.5	동	94	14.21	30.06	0.70	6.8	0.91	6.5	8.5	남서	230	6.7	1024.2	-	38	
2020-11-29 15:15:00	1.8	남동	129	14.19	30.07	0.67	6.6	0.80	6.5	7.7	남서	224	6.6	1024.2	-	13	
2020-11-29 15:20:00	0.7	북북동	14	14.19	30.04	0.77	6.8	1.10	7.0	7.5	남서	221	6.6	1024.3	-	32	
2020-11-29 15:25:00	0.2	북서	305	14.17	30.03	0.69	6.3	0.83	5.5	8.1	남서	221	6.5	1024.3	-	69	
2020-11-29 15:30:00	2.3	북북서	346	14.18	30.03	0.66	6.3	0.90	7.0	8.3	남서	217	6.4	1024.3	-	23	
2020-11-29 15:35:00	1.4	북북서	344	14.16	30.01	0.63	6.5	0.90	6.5	9.2	남남서	208	6.3	1024.3	-	9	
2020-11-29 15:40:00	1.9	북서	309	14.16	30.01	0.64	6.3	0.80	7.0	7.5	남서	219	6.1	1024.5	-	68	
2020-11-29 15:45:00	4.0	북동	40	14.14	30.02	0.50	4.8	0.75	5.5	8.0	남서	217	6.1	1024.6	-	88	
2020-11-29 15:50:00	3.2	북	9	14.14	30.03	0.60	6.0	0.99	4.5	8.3	남남서	212	6.1	1024.7	-	14	
2020-11-29 15:55:00	3.5	북	358	14.13	30.02	0.63	5.3	0.80	4.0	8.5	남남서	209	6.1	1024.7	-	88	
2020-11-29 16:00:00	2.3	북북동	33	14.12	30.03	0.62	6.3	0.90	8.0	8.0	남남서	205	6.1	1024.7	-	85	
2020-11-29 16:05:00	1.1	북북서	339	14.11	30.03	0.71	6.5	1.06	8.0	6.6	남남서	212	6.1	1024.8	-	49	
2020-11-29 16:10:00	4.6	북북서	347	14.11	30.04	0.77	6.4	1.03	7.0	6.4	남서	227	6.0	1024.9	-	36	
2020-11-29 16:15:00	3.4	북	353	14.11	30.04	0.66	6.7	0.94	5.5	5.6	남서	232	6.0	1025.0	-	53	
2020-11-29 16:20:00	2.2	북동	38	14.11	30.04	0.64	6.8	0.86	7.0	6.2	남서	215	5.8	1025.1	-	40	
2020-11-29 16:25:00	2.3	북서	321	14.10	30.05	0.55	6.1	0.71	5.5	5.0	남서	215	5.8	1025.3	-	30	
2020-11-29 16:30:00	1.2	남서	230	14.10	30.04	0.65	6.4	0.84	5.5	5.0	남남서	208	5.7	1025.4	-	41	
2020-11-29 16:35:00	4.2	북북동	14	14.09	30.08	0.66	6.5	1.02	6.5	4.9	남남서	208	5.7	1025.5	-	29	
2020-11-29 16:40:00	3.2	남남동	168	14.08	30.09	0.64	5.9	0.88	6.5	4.8	남서	224	5.6	1025.4	-	47	
2020-11-29 16:45:00	1.1	북북동	21	14.09	30.06	0.64	6.7	0.85	6.0	5.5	남남서	204	5.5	1025.4	-	64	
2020-11-29 16:50:00	2.0	북북서	341	14.07	30.14	0.72	6.4	0.99	7.0	4.5	남서	218	5.2	1025.4	-	30	
2020-11-29 16:55:00	1.3	남동	143	14.07	30.12	0.60	6.8	0.83	6.5	5.0	남서	226	5.2	1025.5	-	36	
2020-11-29 17:00:00	0.4	남서	235	14.07	30.11	0.62	6.7	1.04	7.5	5.5	남서	228	5.1	1025.5	-	44	
2020-11-29 17:05:00	1.0	서	271	14.06	30.11	0.60	6.4	1.06	6.5	6.5	남서	218	5.2	1025.6	-	34	
2020-11-29 17:10:00	1.8	북동	39	14.05	30.14	0.64	6.3	0.82	8.0	5.7	남서	227	5.0	1025.7	-	56	
2020-11-29 17:15:00	0.9	남동	132	14.04	30.18	0.62	6.3	0.96	6.5	6.3	남서	232	5.1	1025.7	-	40	
2020-11-29 17:20:00	0.6	남남서	199	14.01	30.21	0.58	6.4	0.76	6.5	6.0	서남서	241	4.9	1025.8	-	28	
2020-11-29 17:25:00	2.7	북북서	343	14.02	30.17	0.55	6.8	0.66	7.0	6.7	서남서	240	5.0	1025.8	-	42	
2020-11-29 17:30:00	0.6	남남서	202	14.00	30.22	0.65	6.5	0.99	6.5	7.4	서남서	240	5.0	1025.8	-	49	
2020-11-29 17:35:00	1.2	서	264	14.00	30.21	0.55	6.4	0.73	8.0	8.6	서남서	237	4.9	1025.6	-	24	
2020-11-29 17:40:00	1.3	남	183	13.99	30.22	0.66	6.5	0.96	6.5	9.0	서남서	241	4.9	1025.6	-	46	
2020-11-29 17:45:00	1.2	동북동	63	13.99	30.18	0.59	6.7	0.78	6.5	8.9	서남서	239	4.9	1025.5	-	30	
2020-11-29 17:50:00	0.3	남남서	202	13.99	30.28	0.59	6.5	0.90	8.0	9.2	서남서	245	5.1	1025.5	-	48	
2020-11-29 17:55:00	2.3	남남서	206	14.00	30.29	0.63	7.8	0.87	7.0	9.0	서남서	241	5.1	1025.6	-	27	
2020-11-29 18:00:00	2.5	동북동	75	13.97	30.31	0.67	6.0	1.06	6.0	9.6	남서	234	4.8	1025.6	-	42	
2020-11-29 18:05:00	0.4	남서	214	13.97	30.33	0.62	7.1	0.79	7.5	7.5	남서	233	4.7	1025.9	-	42	
2020-11-29 18:10:00	0.4	북	6	13.98	30.33	0.70	6.9	0.95	6.5	6.3	남서	230	4.7	1026.1	-	35	
2020-11-29 18:15:00	3.3	북북동	13	13.98	30.31	0.67	7.3	0.84	8.0	5.9	남서	235	4.5	1026.3	-	35	
2020-11-29 18:20:00	1.4	서	281	13.99	30.35	0.60	6.6	0.83	7.5	4.0	서남서	239	4.6	1026.5	-	19	
2020-11-29 18:25:00	1.0	남	190	13.98	30.36	0.59	6.2	0.79	8.0	4.1	서남서	241	4.3	1026.5	-	39	
2020-11-29 18:30:00	1.8	남서	223	13.99	30.34	0.56	5.9	0.74	5.0	4.3	서남서	237	4.4	1026.5	-	39	
2020-11-29 18:35:00	1.7	남	177	13.99	30.31	0.55	7.1	0.69	6.5	4.5	서남서	238	4.3	1026.5	-	23	
2020-11-29 18:40:00	1.3	서남서	256	13.99	30.32	0.59	6.0	0.76	7.5	5.1	서남서	246	4.3	1026.5	-	35	
2020-11-29 18:45:00	1.4	서북서	287	14.00	30.31	0.60	6.4	0.97	7.5	5.7	서남서	243	4.2	1026.4	-	30	
2020-11-29 18:50:00	2.7	남서	230	14.00	30.31	0.58	7.3	0.74	8.0	6.9	서남서	243	4.4	1026.4	-	41	
2020-11-29 18:55:00	1.9	북서	325	14.00	30.33	0.59	7.1	0.75	7.5	6.5	서남서	237	4.3	1026.5	-	40	
2020-11-29 19:00:00	1.7	서북서	298	14.01	30.33	0.57	7.4	0.84	7.5	5.7	남서	230	4.3	1026.5	-	62	
2020-11-29 19:05:00	2.5	서	264	13.98	30.35	0.52	6.6	0.68	6.0	5.4	서남서	238	4.4	1026.6	-	54	
2020-11-29 19:10:00	3.3	서	270	13.97	30.36	0.53	6.8	0.73	6.5	5.4	남서	225	4.4	1026.6	-	29	
2020-11-29 19:15:00	3.2	서북서	296	13.97	30.38	0.55	6.3	0.75	7.5	4.4	남서	217	4.3	1026.7	-	53	
2020-11-29 19:20:00	3.8	북서	318	13.97	30.40	0.56	7.3	0.66	7.5	5.0	남서	225	4.3	1026.7	-	36	
2020-11-29 19:25:00	2.4	서남서	255	13.98	30.39	0.57	7.4	0.77	6.0	4.5	남서	230	4.2	1026.8	-	47	
2020-11-29 19:30:00	4.3	북서	304	13.96	30.41	0.66	7.0	0.99	7.0	4.3	서남서	241	4.1	1026.8	-	55	
2020-11-29 19:35:00	4.6	서북서	301	13.97	30.42	0.69	7.3	0.89	8.0	4.7	서남서	240	4.1	1026.9	-	41	
2020-11-29 19:40:00	2.0	북서	325	13.97	30.44	0.65	7.7	0.90	7.5	5.8	서남서	243	4.2	1026.9	-	22	
2020-11-29 19:45:00	2.4	서	273	13.97	30.44	0.61	7.3	0.88	7.0	6.1	서남서	243	4.1	1026.9	-	25	
2020-11-29 19:50:00	3.3	서	265	13.97	30.42	0.82	7.2	1.10	7.0	6.5	서남서	243	4.1	1026.9	-	46	
2020-11-29 19:55:00	2.2	서남서	258	13.96	30.45	0.63	7.6	0.81	7.0	6.3	남서	235	4.0	1026.9	-	48	
2020-11-29 20:00:00	2.1	서북서	282	13.96	30.43	0.59	6.9	0.72	6.5	5.4	남서	236	4.0	1027.1	-	58	
2020-11-29 20:05:00	2.8	서북서	295	13.96	30.42	0.64	7.1	0.77	7.5	5.2	서남서	239	3.8	1027.3	-	52	
2020-11-29 20:10:00	5.3	북서	306	13.93	30.39	0.60	7.2	0.84	6.0	4.9	서남서	237	3.7	1027.3	-	34	
2020-11-29 20:15:00	4.0	서	281	13.96	30.43	0.62	7.0	0.97	7.5	5.4	서남서	243	3.7	1027.3	-	40	
2020-11-29 20:20:00	2.4	서남서	256	13.94	30.40	0.74	7.5	0.94	7.5	4.7	서남서	258	3.6	1027.4	-	42	
2020-11-29 20:25:00	4.3	서북서	294	13.91	30.39	0.58	7.3	0.78	8.0	5.0	서남서	251	3.6	1027.5	-	49	
2020-11-29 20:30:00	3.0	서북서	295	13.91	30.40	0.60	7.0	0.84	7.0	5.8	서남서	239	3.6	1027.5	-	53	
2020-11-29 20:35:00	2.7	북서	308	13.92	30.39	0.63	7.2	0.78	7.0	6.4	서남서	239	3.5	1027.5	-	25	
2020-11-29 20:40:00	4.5	북서	309	13.93	30.38	0.57	6.6	0.85	7.5	6.5	서남서	239	3.5	1027.5	-	60	
2020-11-29 20:45:00	3.9	서	280	13.92	30.39	0.62	7.0	0.98	7.5	6.9	서남서	241	3.5	1027.5	-	33	
2020-11-29 20:50:00	2.2	북북서	337	13.90	30.41	0.56	7.1	0.67	7.0	6.9	서남서	246	3.5	1027.6	-	53	
2020-11-29 20:55:00	5.1	서북서	298	13.91	30.43	0.54	6.9	0.71	7.0	7.0	서남서	239	3.4	1027.6	-	25	
2020-11-29 21:00:00	4.4	북북서	344	13.90	30.41	0.52	7.0	0.76	6.5	7.1	서남서	241	3.4	1027.6	-	54	
2020-11-29 21:05:00	4.2	북서	305	13.90	30.43	0.58	6.7	0.74	7.0	6.5	남서	236	3.0	1027.6	-	50	
2020-11-29 21:10:00	5.0	북서	322	13.91	30.41	0.66	6.2	1.00	8.0	6.0	서남서	240	3.3	1027.6	-	41	
2020-11-29 21:15:00	5.5	북북서	340	13.90	30.43	0.61	6.7	0.92	7.0	5.5	서남서	239	3.2	1027.7	-	30	
2020-11-29 21:20:00	6.3	북서	326	13.90	30.40	0.50	6.3	0.82	7.5	4.7	서남서	237	3.1	1027.8	-	26	
2020-11-29 21:25:00	8.9	북서	323	13.91	30.40	0.56	6.4	0.74	7.5	4.5	서남서	240	3.1	1027.9	-	56	
2020-11-29 21:30:00	4.9	북서	323	13.90	30.38	0.55	6.8	0.72	6.5	4.9	서남서	237	3.0	1027.8	-	27	
2020-11-29 21:35:00	9.7	북서	315	13.89	30.36	0.52	6.3	0.66	6.5	5.4	남서	233	3.2	1027.7	-	43	
2020-11-29 21:40:00	4.6	서북서	293	13.91	30.39	0.52	6.2	0.75	7.0	4.3	서남서	238	3.1	1027.9	-	8	
2020-11-29 21:45:00	4.8	북서	306	13.88	30.34	0.63	6.9	0.80	6.5	3.5	남서	226	3.1	1028.0	-	36	
2020-11-29 21:50:00	6.1	북서	322	13.88	30.38	0.52	6.3	0.76	6.0	2.8	남서	219	3.0	1028.1	-	8	
2020-11-29 21:55:00	8.1	북서	319	13.85	30.37	0.49	6.3	0.73	6.0	3.3	남서	220	3.1	1028.1	-	38	
2020-11-29 22:00:00	10.0	북서	314	13.84	30.37	0.55	6.9	0.71	8.0	4.1	남서	230	3.2	1027.9	-	60	
2020-11-29 22:05:00	7.3	북서	319	13.84	30.37	0.57	6.9	0.82	7.5	3.6	서남서	239	3.2	1028.1	-	37	
2020-11-29 22:10:00	10.2	북서	311	13.83	30.37	0.54	6.4	0.71	7.0	2.7	남서	235	3.3	1028.2	-	31	
2020-11-29 22:15:00	9.8	북서	320	13.81	30.38	0.62	7.3	0.86	7.5	2.9	남서	228	3.2	1028.3	-	43	
2020-11-29 22:20:00	8.7	북서	312	13.83	30.37	0.55	6.4	0.85	7.0	2.7	남서	227	3.2	1028.4	-	34	
2020-11-29 22:25:00	9.8	서북서	295	13.82	30.38	0.59	6.0	0.80	5.5	2.5	남서	233	3.0	1028.5	-	42	
2020-11-29 22:30:00	8.8	서북서	295	13.83	30.36	0.62	7.2	0.73	7.5	3.7	남서	227	3.1	1028.4	-	55	
2020-11-29 22:35:00	8.6	북서	315	13.83	30.34	0.62	6.0	0.86	7.0	4.8	남서	233	3.0	1028.4	-	52	
2020-11-29 22:40:00	11.5	서북서	296	13.81	30.32	0.62	6.9	0.82	6.5	4.8	남서	234	2.9	1028.5	-	34	
2020-11-29 22:45:00	9.8	북서	311	13.81	30.32	0.57	6.7	0.82	7.0	5.0	남서	234	3.0	1028.5	-	45	
2020-11-29 22:50:00	8.2	북서	314	13.81	30.33	0.60	6.9	0.89	6.5	5.3	남서	233	3.0	1028.6	-	44	
2020-11-29 22:55:00	9.6	북서	312	13.80	30.31	0.63	7.1	0.90	6.5	5.2	남서	226	2.9	1028.6	-	38	
2020-11-29 23:00:00	9.4	북서	315	13.80	30.32	0.64	6.7	0.83	6.5	5.4	남서	232	2.9	1028.7	-	34	
2020-11-29 23:05:00	10.7	북서	304	13.81	30.33	0.59	6.8	0.87	8.0	5.5	남서	229	2.9	1028.8	-	36	
2020-11-29 23:10:00	6.5	서북서	288	13.81	30.32	0.55	6.5	0.82	7.0	5.2	남서	235	2.9	1028.7	-	36	
2020-11-29 23:15:00	10.0	북북서	328	13.78	30.36	0.64	6.9	1.19	7.5	6.5	서남서	240	3.0	1028.7	-	42	
2020-11-29 23:20:00	9.4	북서	315	13.80	30.34	0.54	6.2	0.88	6.0	6.2	서남서	241	2.9	1028.7	-	30	
2020-11-29 23:25:00	13.6	북서	322	13.79	30.33	0.57	6.6	1.00	6.5	5.7	남서	234	2.8	1028.9	-	26	
2020-11-29 23:30:00	8.8	북서	312	13.79	30.34	0.54	6.8	0.64	6.0	5.6	남서	231	2.8	1028.9	-	38	
2020-11-29 23:35:00	9.3	북서	316	13.78	30.33	0.52	6.5	0.69	7.0	5.5	서남서	239	2.5	1028.8	-	41	
2020-11-29 23:40:00	7.4	서북서	299	13.79	30.35	0.56	6.0	0.72	7.0	6.2	서남서	246	2.7	1028.8	-	47	
2020-11-29 23:45:00	11.7	북서	316	13.79	30.36	0.48	5.8	0.60	7.0	5.6	서남서	244	2.8	1028.8	-	43	
2020-11-29 23:50:00	10.5	북서	310	13.79	30.39	0.62	6.6	0.80	6.5	5.4	서남서	237	2.7	1029.0	-	34	
2020-11-29 23:55:00	9.6	북북서	328	13.79	30.39	0.61	6.6	0.91	6.5	5.2	남서	233	2.5	1029.1	-	42	
2020-11-30 00:00:00	9.6	북서	315	13.79	30.40	0.50	7.1	0.63	7.5	5.3	서남서	240	2.5	1029.0	-	55	
2020-11-30 00:05:00	13.4	북서	321	13.80	30.41	0.50	5.9	0.80	6.0	6.0	서남서	244	2.5	1028.8	-	41	
2020-11-30 00:10:00	10.2	북서	306	13.80	30.39	0.49	6.3	0.73	6.0	5.9	서남서	250	2.5	1028.8	-	17	
2020-11-30 00:15:00	11.5	북서	307	13.80	30.41	0.56	6.9	0.83	5.0	5.1	남서	236	2.4	1029.1	-	24	
2020-11-30 00:20:00	11.0	북서	312	13.81	30.42	0.55	6.6	0.78	7.5	4.7	남서	227	2.6	1029.2	-	76	
2020-11-30 00:25:00	11.9	북서	320	13.81	30.43	0.58	6.7	0.69	7.5	5.8	남서	229	2.4	1029.0	-	35	
2020-11-30 00:30:00	12.5	북북서	327	13.82	30.44	0.51	6.0	0.74	5.5	6.4	남서	236	2.6	1028.9	-	20	
2020-11-30 00:35:00	11.2	서북서	300	13.83	30.42	0.53	6.1	0.73	6.0	6.4	서남서	240	2.6	1028.9	-	25	
2020-11-30 00:40:00	8.6	북서	308	13.84	30.41	0.63	6.7	0.84	6.5	6.7	남서	234	2.5	1028.9	-	42	
2020-11-30 00:45:00	5.7	서북서	285	13.84	30.41	0.52	6.1	0.77	6.5	5.9	남서	228	2.4	1029.0	-	19	
2020-11-30 00:50:00	10.2	북서	309	13.83	30.40	0.57	6.3	0.78	7.0	6.0	서남서	238	2.5	1028.9	-	12	
2020-11-30 00:55:00	6.6	북서	304	13.84	30.35	0.66	6.5	0.81	6.0	6.5	남서	236	2.6	1028.9	-	50	
2020-11-30 01:00:00	10.5	북서	320	13.84	30.35	0.53	6.5	0.84	6.5	6.9	남서	234	2.5	1028.9	-	60	
2020-11-30 01:05:00	8.8	서북서	303	13.83	30.36	0.50	5.9	0.80	6.5	6.8	남서	229	2.5	1028.9	-	51	
2020-11-30 01:10:00	9.7	북서	309	13.85	30.35	0.54	6.3	0.62	7.5	7.3	남서	229	2.5	1029.0	-	48	
2020-11-30 01:15:00	6.5	북서	316	13.86	30.33	0.64	6.4	1.06	7.0	6.5	남서	227	2.4	1029.0	-	38	
2020-11-30 01:20:00	7.2	북북서	331	13.86	30.30	0.48	6.1	0.61	6.0	6.2	남서	234	2.3	1029.0	-	21	
2020-11-30 01:25:00	7.9	북북서	335	13.85	30.34	0.62	6.4	0.75	5.0	5.0	남서	235	2.4	1029.0	-	58	
2020-11-30 01:30:00	8.5	서북서	301	13.86	30.31	0.61	6.5	0.86	7.0	5.8	남서	231	2.3	1029.0	-	33	
2020-11-30 01:35:00	8.6	북서	311	13.86	30.37	0.55	6.6	0.77	7.0	5.3	남서	228	2.2	1029.1	-	41	
2020-11-30 01:40:00	7.9	북서	304	13.87	30.37	0.57	6.0	0.78	6.0	5.7	남서	226	2.2	1029.2	-	26	
2020-11-30 01:45:00	7.2	북서	309	13.86	30.40	0.58	7.1	0.80	7.0	5.4	남서	232	2.3	1029.1	-	47	
2020-11-30 01:50:00	6.7	서북서	297	13.86	30.39	0.54	6.2	0.98	6.5	6.6	남서	234	2.2	1029.0	-	55	
2020-11-30 01:55:00	5.0	서남서	257	13.86	30.41	0.56	6.3	0.77	6.5	5.7	남서	236	2.2	1029.1	-	13	
2020-11-30 02:00:00	8.1	서북서	293	13.84	30.39	0.61	6.8	0.81	7.0	5.5	남서	232	2.2	1029.1	-	29	
2020-11-30 02:05:00	7.7	서북서	294	13.84	30.38	0.54	6.3	0.75	7.0	5.4	남서	225	2.0	1029.1	-	57	
2020-11-30 02:10:00	4.5	서	278	13.83	30.40	0.59	6.5	0.93	5.5	5.6	남서	232	2.1	1029.1	-	28	
2020-11-30 02:15:00	3.8	북서	309	13.83	30.44	0.63	6.5	0.79	5.5	6.4	서남서	238	2.3	1029.1	-	29	
2020-11-30 02:20:00	5.6	서북서	293	13.83	30.43	0.76	6.8	1.17	7.5	5.9	남서	233	2.3	1029.2	-	16	
2020-11-30 02:25:00	4.4	서북서	301	13.84	30.41	0.66	7.0	0.99	7.0	5.3	남서	232	2.2	1029.3	-	21	
2020-11-30 02:30:00	4.7	북서	309	13.82	30.44	0.56	5.8	0.68	5.5	5.0	남서	233	2.1	1029.3	-	31	
2020-11-30 02:35:00	5.8	서북서	292	13.82	30.46	0.52	6.4	0.60	6.0	4.8	남서	232	2.0	1029.3	-	21	
2020-11-30 02:40:00	6.0	북서	309	13.81	30.43	0.56	6.5	0.66	7.5	4.9	서남서	248	2.1	1029.3	-	47	
2020-11-30 02:45:00	4.5	북북서	338	13.81	30.47	0.55	6.2	0.79	6.5	5.0	서남서	238	2.1	1029.2	-	17	
2020-11-30 02:50:00	5.2	서북서	292	13.81	30.46	0.53	6.1	0.64	6.5	4.9	서남서	238	2.1	1029.3	-	39	
2020-11-30 02:55:00	5.7	서북서	297	13.81	30.45	0.49	5.9	0.83	7.0	4.7	남서	236	2.3	1029.4	-	31	
2020-11-30 03:00:00	4.6	북서	317	13.82	30.43	0.59	6.8	0.81	7.5	5.0	남서	236	2.2	1029.5	-	9	
2020-11-30 03:05:00	4.7	서북서	294	13.81	30.44	0.61	6.5	0.72	7.5	5.1	남서	235	2.2	1029.4	-	27	
2020-11-30 03:10:00	4.9	서북서	288	13.81	30.44	0.58	6.6	0.88	6.0	5.5	남서	231	2.1	1029.4	-	26	
2020-11-30 03:15:00	5.2	서북서	285	13.80	30.41	0.60	6.8	0.71	6.5	5.9	남서	227	2.0	1029.4	-	37	
2020-11-30 03:20:00	6.4	서남서	247	13.81	30.42	0.60	6.5	0.86	7.0	5.4	남서	225	2.1	1029.5	-	28	
2020-11-30 03:25:00	3.0	서북서	282	13.79	30.42	0.49	5.5	0.59	6.5	5.4	남서	224	1.9	1029.6	-	29	
2020-11-30 03:30:00	4.8	서	259	13.79	30.41	0.55	6.4	0.94	6.5	5.6	남서	221	1.9	1029.5	-	38	
2020-11-30 03:35:00	4.7	북서	311	13.78	30.39	0.60	7.0	0.74	6.0	6.3	남서	221	1.9	1029.5	-	45	
2020-11-30 03:40:00	4.6	서북서	285	13.77	30.35	0.66	7.5	1.02	7.5	6.1	남서	227	2.0	1029.6	-	43	
2020-11-30 03:45:00	2.6	서	270	13.77	30.39	0.61	6.8	0.86	6.5	5.9	남서	223	1.9	1029.6	-	16	
2020-11-30 03:50:00	2.3	남남서	197	13.78	30.40	0.60	6.7	0.71	6.0	6.4	남서	226	2.0	1029.7	-	15	
2020-11-30 03:55:00	1.2	북	3	13.78	30.39	0.58	6.9	0.68	8.5	5.9	남서	228	1.9	1029.7	-	18	
2020-11-30 04:00:00	2.5	서북서	287	13.78	30.40	0.61	6.2	0.85	6.0	6.0	남서	232	1.7	1029.6	-	34	
2020-11-30 04:05:00	5.7	남서	235	13.78	30.36	0.69	6.5	0.91	6.0	6.1	남서	223	1.9	1029.5	-	45	
2020-11-30 04:10:00	0.9	동남동	118	13.77	30.38	0.70	6.8	0.90	7.5	6.3	남서	226	1.8	1029.6	-	18	
2020-11-30 04:15:00	2.2	서남서	237	13.76	30.33	0.48	6.7	0.61	8.0	6.3	남서	232	1.9	1029.6	-	24	
2020-11-30 04:20:00	3.1	서	279	13.75	30.35	0.61	6.7	0.75	6.5	5.6	남서	233	1.8	1029.8	-	45	
2020-11-30 04:25:00	2.1	서북서	300	13.75	30.34	0.63	6.9	0.83	7.0	6.1	남서	227	1.6	1029.8	-	26	
2020-11-30 04:30:00	1.6	북북동	14	13.75	30.35	0.82	7.0	1.09	6.5	6.2	남서	232	1.7	1029.7	-	25	
2020-11-30 04:35:00	3.8	북	353	13.73	30.36	0.68	6.9	0.90	7.5	6.3	남서	236	1.8	1029.6	-	10	
2020-11-30 04:40:00	3.9	북북서	343	13.72	30.36	0.61	6.5	0.81	6.0	6.0	남서	234	1.6	1029.6	-	24	
2020-11-30 04:45:00	2.1	북서	312	13.72	30.40	0.65	6.9	0.88	8.0	5.5	남서	231	1.5	1029.6	-	15	
2020-11-30 04:50:00	2.8	북	4	13.72	30.36	0.61	6.1	1.12	6.5	5.7	남서	229	1.4	1029.7	-	46	
2020-11-30 04:55:00	0.2	북	358	13.72	30.36	0.67	6.7	1.11	7.0	5.7	남서	226	1.3	1029.6	-	15	
2020-11-30 05:00:00	4.1	북북서	334	13.72	30.36	0.64	6.7	0.89	5.5	5.8	남서	228	1.5	1029.6	-	18	
2020-11-30 05:05:00	4.1	북북서	332	13.72	30.36	0.58	6.7	0.73	6.5	6.3	남서	231	1.3	1029.7	-	29	
2020-11-30 05:10:00	1.1	북북동	17	13.73	30.36	0.60	6.1	0.73	6.5	5.4	서남서	238	1.3	1029.8	-	14	
2020-11-30 05:15:00	2.9	북	4	13.72	30.35	0.64	6.6	0.84	6.5	5.8	남서	235	1.2	1029.8	-	26	
2020-11-30 05:20:00	2.2	북북서	329	13.73	30.40	0.74	7.5	1.05	7.5	4.9	남서	231	1.3	1029.9	-	27	
2020-11-30 05:25:00	3.0	북서	318	13.72	30.38	0.55	6.8	0.83	6.5	4.8	서남서	242	1.2	1030.0	-	25	
2020-11-30 05:30:00	1.9	북서	311	13.71	30.37	0.65	6.6	0.95	6.0	5.5	서남서	241	1.2	1030.0	-	34	
2020-11-30 05:35:00	1.9	서	271	13.70	30.39	0.58	6.7	0.71	6.5	4.7	서남서	237	1.5	1030.0	-	32	
2020-11-30 05:40:00	2.5	북북서	335	13.70	30.40	0.61	6.7	1.00	7.0	5.3	서남서	237	1.4	1030.1	-	10	
2020-11-30 05:45:00	2.4	북북서	328	13.71	30.40	0.68	6.9	1.16	6.5	4.8	서남서	239	1.3	1030.2	-	17	
2020-11-30 05:50:00	1.4	서북서	296	13.72	30.33	0.69	6.4	0.87	6.5	5.0	남서	236	1.5	1030.1	-	17	
2020-11-30 05:55:00	1.5	북서	310	13.72	30.30	0.60	6.5	0.86	6.5	4.6	남서	234	1.6	1030.1	-	12	
2020-11-30 06:00:00	4.3	북서	311	13.69	30.33	0.61	6.3	0.91	6.5	4.6	서남서	242	1.6	1030.2	-	36	
2020-11-30 06:05:00	4.3	북서	319	13.70	30.32	0.70	6.6	0.89	6.5	4.0	서남서	240	1.3	1030.2	-	27	
2020-11-30 06:10:00	4.1	북북서	329	13.70	30.32	0.62	6.4	0.92	7.0	4.2	남서	235	1.3	1030.3	-	7	
2020-11-30 06:15:00	4.1	서	276	13.71	30.33	0.67	6.3	0.81	6.5	4.6	남서	226	1.3	1030.4	-	359	
2020-11-30 06:20:00	1.9	북북서	339	13.70	30.36	0.53	6.1	0.73	7.0	4.0	남서	232	1.2	1030.6	-	33	
2020-11-30 06:25:00	5.4	서북서	283	13.69	30.33	0.63	6.3	0.88	6.5	4.5	서남서	237	1.2	1030.6	-	30	
2020-11-30 06:30:00	4.6	북서	320	13.66	30.35	0.61	6.3	0.89	6.0	5.0	서남서	238	1.2	1030.5	-	15	
2020-11-30 06:35:00	5.8	북서	320	13.67	30.31	0.68	6.9	0.91	6.5	4.3	남서	234	1.3	1030.5	-	32	
2020-11-30 06:40:00	5.3	북서	317	13.66	30.28	0.56	7.1	0.64	5.0	3.7	남서	235	1.3	1030.5	-	25	
2020-11-30 06:45:00	4.5	북북서	343	13.67	30.24	0.61	6.0	0.84	5.0	3.1	남서	229	1.3	1030.6	-	18	
2020-11-30 06:50:00	4.1	북서	320	13.68	30.19	0.67	6.8	0.95	6.0	3.9	남서	233	1.3	1030.7	-	27	
2020-11-30 06:55:00	5.0	북북서	348	13.68	30.14	0.51	6.4	0.58	6.5	4.4	서남서	240	1.4	1030.7	-	15	
2020-11-30 07:00:00	1.7	북	355	13.68	30.10	0.53	6.3	0.77	5.5	3.7	남서	230	1.2	1030.7	-	10	
2020-11-30 07:05:00	8.7	북	6	13.67	30.10	0.59	6.4	0.80	5.0	3.4	남서	224	1.1	1030.7	-	13	
2020-11-30 07:10:00	7.3	북북서	330	13.67	30.02	0.53	5.6	0.84	5.0	4.2	남서	232	1.2	1030.8	-	0	
2020-11-30 07:15:00	5.6	북서	319	13.66	30.03	0.64	6.3	0.85	6.0	4.3	남서	228	1.2	1030.8	-	57	
2020-11-30 07:20:00	10.3	북북서	348	13.71	30.07	0.59	6.0	0.78	6.0	3.4	남서	232	1.2	1030.9	-	29	
2020-11-30 07:25:00	8.3	북북서	340	13.74	30.05	0.59	6.6	0.77	6.5	4.2	서남서	242	1.3	1030.9	-	37	
2020-11-30 07:30:00	7.3	북서	316	13.73	30.05	0.62	6.4	1.08	6.5	3.5	서남서	250	1.1	1030.9	-	32	
2020-11-30 07:35:00	-	-	-	-	-	-	-	-	-	-	-	-	-	-	-	-	
2020-11-30 07:40:00	12.6	북북서	345	13.68	30.02	0.57	6.3	0.97	6.0	5.8	남서	230	1.6	1031.0	-	21	
2020-11-30 07:45:00	12.3	북북서	344	13.68	30.03	0.58	5.7	0.86	5.5	5.5	서남서	242	1.8	1031.1	-	40	
2020-11-30 07:50:00	14.6	북북서	340	13.69	30.03	0.51	5.8	0.78	6.0	5.5	서남서	241	1.8	1031.2	-	19	
2020-11-30 07:55:00	14.3	북북서	345	13.70	30.01	0.53	5.5	0.85	6.5	6.2	남서	232	2.0	1031.2	-	14	
2020-11-30 08:00:00	14.8	북북서	333	13.72	30.17	0.63	6.7	0.90	7.0	6.3	남서	231	1.9	1031.1	-	10	
2020-11-30 08:05:00	13.8	북	350	13.71	30.17	0.55	5.7	0.72	6.0	6.1	남서	229	1.9	1031.2	-	34	
2020-11-30 08:10:00	14.5	북북서	340	13.73	30.13	0.58	6.4	0.82	6.5	5.6	남서	235	1.9	1031.3	-	17	
2020-11-30 08:15:00	14.1	북북서	344	13.72	30.09	0.57	6.2	0.68	6.0	5.1	남서	227	1.9	1031.4	-	36	
2020-11-30 08:20:00	11.4	북북서	336	13.74	30.10	0.64	6.3	0.76	5.5	5.6	남서	231	2.0	1031.4	-	33	
2020-11-30 08:25:00	14.5	북북서	344	13.72	30.09	0.63	5.9	0.94	5.5	5.8	서남서	237	2.0	1031.4	-	32	
2020-11-30 08:30:00	14.2	북북서	333	13.73	30.10	0.54	5.9	0.71	4.0	6.0	남서	234	2.1	1031.5	-	358	
2020-11-30 08:35:00	12.8	북북서	327	13.73	30.08	0.55	6.0	0.71	6.0	5.4	남서	233	2.2	1031.6	-	35	
2020-11-30 08:40:00	14.7	북북서	336	13.74	30.07	0.59	6.1	0.90	6.0	4.7	남서	229	2.4	1031.6	-	11	
2020-11-30 08:45:00	12.5	북북서	334	13.75	30.06	0.56	5.7	0.82	4.0	4.7	남서	234	2.4	1031.7	-	27	
2020-11-30 08:50:00	12.7	북북서	328	13.74	30.06	0.52	5.3	0.73	5.0	4.0	남서	232	2.6	1031.6	-	10	
2020-11-30 08:55:00	9.4	북북서	328	13.75	30.04	0.58	5.7	0.71	6.5	3.6	남서	226	2.5	1031.5	-	24	
2020-11-30 09:00:00	12.1	북서	313	13.76	30.04	0.59	6.3	0.90	6.5	3.8	남서	233	2.7	1031.6	-	31	
2020-11-30 09:05:00	12.6	북서	324	13.76	30.00	0.61	6.1	0.73	7.5	4.0	남서	231	2.7	1031.7	-	45	
2020-11-30 09:10:00	9.8	북북서	337	13.76	29.91	0.52	5.1	0.93	6.5	4.1	남서	229	2.8	1031.8	-	24	
2020-11-30 09:15:00	14.5	북북서	337	13.76	29.89	0.54	6.5	0.77	5.5	4.1	남서	236	3.0	1031.8	-	47	
2020-11-30 09:20:00	14.9	북북서	334	13.78	29.84	0.61	6.0	0.85	7.0	3.5	남서	231	3.0	1031.8	-	31	
2020-11-30 09:25:00	14.8	북북서	330	13.79	29.90	0.49	5.4	0.73	5.5	4.0	남서	229	3.2	1031.9	-	32	
2020-11-30 09:30:00	12.6	북북서	330	13.80	29.90	0.58	5.8	0.83	5.5	3.4	남서	226	3.4	1031.9	-	37	
2020-11-30 09:35:00	12.7	북서	320	13.80	29.92	0.52	5.7	0.71	6.0	3.3	남서	221	3.5	1031.8	-	34	
2020-11-30 09:40:00	12.1	북북서	327	13.81	29.89	0.52	5.6	0.68	6.5	3.4	남남서	212	3.6	1031.9	-	35	
2020-11-30 09:45:00	11.2	북북서	329	13.80	29.91	0.56	5.6	0.74	6.0	3.2	남남서	210	3.7	1031.9	-	11	
2020-11-30 09:50:00	12.0	북서	324	13.81	29.89	0.55	5.4	0.78	6.0	2.4	남남서	206	3.9	1031.9	-	34	
2020-11-30 09:55:00	13.7	북북서	328	13.81	29.90	0.57	5.8	0.70	6.0	2.7	남서	221	4.0	1032.0	-	32	
2020-11-30 10:00:00	14.4	북서	324	13.81	29.90	0.48	5.9	0.65	5.5	2.5	남서	231	3.9	1031.9	-	28	
2020-11-30 10:05:00	14.6	북북서	329	13.81	29.93	0.41	5.5	0.59	6.5	1.5	남남서	208	4.1	1031.9	-	55	
2020-11-30 10:10:00	12.8	북서	325	13.82	29.92	0.52	5.7	0.76	6.0	0.9	남남서	205	4.3	1031.8	-	37	
2020-11-30 10:15:00	15.1	북북서	329	13.83	29.91	0.57	6.0	0.95	6.5	1.5	남서	216	4.5	1031.7	-	31	
2020-11-30 10:20:00	14.8	북서	326	13.84	29.92	0.54	5.8	0.85	5.5	1.9	남남서	213	4.5	1031.7	-	32	
2020-11-30 10:25:00	13.6	북서	317	13.85	29.91	0.53	5.6	0.81	6.0	1.7	남남서	194	4.7	1031.7	-	8	
2020-11-30 10:30:00	11.0	북서	323	13.85	29.90	0.53	5.4	0.67	7.0	2.0	남서	229	4.8	1031.8	-	11	
2020-11-30 10:35:00	14.3	북북서	329	13.86	29.90	0.51	5.6	0.66	6.0	2.3	남남서	209	5.0	1031.9	-	15	
2020-11-30 10:40:00	14.1	북서	326	13.86	29.90	0.44	5.5	0.54	5.5	2.5	남서	233	5.1	1032.0	-	43	
2020-11-30 10:45:00	15.1	북북서	327	13.87	29.92	0.43	5.2	0.53	6.0	1.8	남서	234	5.0	1032.0	-	14	
2020-11-30 10:50:00	15.1	북서	325	13.87	29.91	0.50	6.5	0.76	5.5	1.3	남서	225	5.4	1031.9	-	22	
2020-11-30 10:55:00	11.9	북서	307	13.88	29.90	0.50	6.1	0.62	6.5	0.9	서	261	5.4	1031.8	-	13	
2020-11-30 11:00:00	13.6	북서	313	13.88	29.90	0.56	5.6	0.78	6.5	2.3	동북동	57	5.7	1031.7	-	19	
2020-11-30 11:05:00	13.0	북서	322	13.89	29.90	0.55	6.0	0.78	5.5	2.6	동북동	63	5.7	1031.7	-	53	
2020-11-30 11:10:00	13.6	북서	325	13.88	29.86	0.61	5.8	0.81	5.5	1.7	동	94	5.8	1031.6	-	3	
2020-11-30 11:15:00	15.3	북서	321	13.88	29.92	0.53	5.8	0.65	5.0	1.0	동	96	5.7	1031.5	-	36	
2020-11-30 11:20:00	12.7	북서	326	13.88	29.87	0.50	5.6	0.74	6.0	0.8	동	95	6.0	1031.5	-	35	
2020-11-30 11:25:00	13.4	북북서	331	13.87	29.90	0.55	5.8	0.74	5.5	0.9	동북동	77	6.1	1031.6	-	36	
2020-11-30 11:30:00	15.0	북서	321	13.87	29.92	0.57	5.8	0.85	6.0	0.8	동북동	70	6.1	1031.5	-	45	
2020-11-30 11:35:00	11.5	북서	312	13.86	29.88	0.60	5.7	0.91	6.0	1.2	동	90	6.0	1031.5	-	41	
2020-11-30 11:40:00	13.2	북서	323	13.86	29.90	0.61	5.6	0.95	6.5	0.3	남동	134	6.2	1031.4	-	30	
2020-11-30 11:45:00	13.5	북서	323	13.85	29.91	0.54	5.9	0.73	5.0	0.6	남동	131	6.6	1031.3	-	31	
2020-11-30 11:50:00	10.8	북서	319	13.85	29.92	0.50	5.2	0.60	4.0	0.2	동	89	6.5	1031.2	-	36	
2020-11-30 11:55:00	11.2	북서	322	13.85	29.90	0.49	5.0	0.63	6.0	0.7	남남동	155	6.5	1031.1	-	41	
2020-11-30 12:00:00	13.7	북서	321	13.85	29.85	0.57	5.2	0.78	7.0	1.2	남남동	154	6.4	1030.9	-	25	
2020-11-30 12:05:00	8.7	북북서	334	13.84	29.85	0.52	5.6	0.69	6.5	1.3	남남동	155	6.5	1030.9	-	30	
2020-11-30 12:10:00	6.7	북서	308	13.84	29.81	0.57	5.8	0.86	6.0	1.1	남남서	209	6.5	1030.9	-	37	
2020-11-30 12:15:00	11.3	북서	318	13.84	29.85	0.59	5.8	0.76	7.0	0.4	남남동	168	6.9	1030.9	-	28	
2020-11-30 12:20:00	9.8	북서	317	13.84	29.84	0.52	5.0	0.89	6.5	1.3	남서	219	6.7	1030.9	-	12	
2020-11-30 12:25:00	10.8	북서	314	13.84	29.83	0.68	6.1	0.99	6.0	0.4	서	272	6.6	1030.8	-	32	
2020-11-30 12:30:00	10.4	북서	323	13.84	29.80	0.65	6.0	0.86	5.5	0.6	남서	221	6.9	1030.8	-	8	
2020-11-30 12:35:00	11.0	북북서	327	13.83	29.81	0.60	5.7	0.77	5.5	0.2	남서	215	6.8	1030.7	-	15	
2020-11-30 12:40:00	11.3	북서	323	13.83	29.74	0.52	5.4	0.82	6.0	1.0	북동	44	7.3	1030.7	-	51	
2020-11-30 12:45:00	11.6	북서	326	13.83	29.80	0.67	5.9	0.82	6.5	2.8	북서	326	6.5	1030.7	-	34	
2020-11-30 12:50:00	11.8	북서	322	13.83	29.79	0.52	5.4	0.70	3.5	2.4	북	353	6.3	1030.6	-	31	
2020-11-30 12:55:00	12.4	북북서	328	13.85	29.80	0.61	5.4	0.78	7.0	3.0	북	357	6.4	1030.5	-	45	
2020-11-30 13:00:00	16.3	북서	326	13.94	29.82	0.54	6.0	0.74	6.0	3.4	북	350	6.5	1030.5	-	22	
2020-11-30 13:05:00	18.3	북북서	328	13.96	29.79	0.54	5.3	0.92	6.5	3.0	북북서	345	6.6	1030.5	-	44	
2020-11-30 13:10:00	19.0	북북서	333	14.01	29.84	0.54	6.2	0.77	8.0	2.5	북	350	6.6	1030.4	-	24	
2020-11-30 13:15:00	18.0	북서	321	14.02	29.82	0.65	5.5	0.83	4.0	2.6	북	355	6.7	1030.4	-	33	
2020-11-30 13:20:00	18.2	북서	321	14.02	29.77	0.61	6.0	0.85	6.5	3.0	북북동	14	6.8	1030.4	-	342	
2020-11-30 13:25:00	18.7	북서	323	14.00	29.77	0.73	6.0	1.09	6.5	2.9	북	2	6.9	1030.3	-	30	
2020-11-30 13:30:00	13.7	북북서	329	13.99	29.80	0.64	5.5	0.79	6.0	3.0	북북동	16	7.1	1030.2	-	43	
2020-11-30 13:35:00	17.8	북서	324	14.00	29.81	0.64	5.1	0.82	5.5	4.1	북북동	14	7.1	1030.2	-	359	
2020-11-30 13:40:00	18.1	북북서	327	14.00	29.78	0.67	5.7	0.93	5.5	3.1	북	8	7.1	1030.2	-	27	
2020-11-30 13:45:00	15.7	북서	320	13.99	29.76	0.61	6.0	0.92	6.0	0.5	북	9	7.5	1030.2	-	17	
2020-11-30 13:50:00	15.1	북북서	327	13.98	29.77	0.63	5.7	0.83	6.0	1.6	북	6	8.1	1030.1	-	39	
2020-11-30 13:55:00	16.8	북서	317	13.97	29.75	0.52	4.9	0.70	5.0	1.7	남	191	8.2	1030.1	-	49	
2020-11-30 14:00:00	16.4	북서	323	13.97	29.80	0.60	5.6	0.77	5.0	3.8	남	179	7.5	1030.1	-	29	
2020-11-30 14:05:00	17.3	북서	324	13.97	29.78	0.62	5.4	0.92	6.0	3.2	남	176	7.3	1030.1	-	34	
2020-11-30 14:10:00	17.3	북서	321	13.97	29.77	0.63	5.3	0.83	6.5	2.1	남	186	7.4	1030.1	-	30	
2020-11-30 14:15:00	16.8	북북서	327	13.97	29.80	0.51	5.1	0.69	3.5	1.5	남	181	7.6	1030.1	-	14	
2020-11-30 14:20:00	19.2	북북서	330	14.04	29.80	0.53	5.5	0.76	5.0	1.8	남동	136	7.7	1030.0	-	48	
2020-11-30 14:25:00	17.8	북북서	328	14.06	29.82	0.55	5.3	0.64	5.0	1.9	남남동	154	7.7	1030.0	-	33	
2020-11-30 14:30:00	19.0	북서	325	14.08	29.68	0.62	5.8	0.89	6.0	2.3	남남동	153	7.9	1030.0	-	37	
2020-11-30 14:35:00	13.2	북북서	329	14.08	29.71	0.55	5.3	0.74	5.5	2.5	남남동	157	7.8	1030.0	-	28	
2020-11-30 14:40:00	16.9	북서	326	14.08	29.78	0.59	5.5	0.77	5.5	2.5	남남동	152	7.9	1029.9	-	48	
2020-11-30 14:45:00	16.5	북북서	328	14.09	29.88	0.62	5.7	0.75	7.0	1.2	남	182	8.1	1029.9	-	38	
2020-11-30 14:50:00	16.6	북북서	327	14.09	29.82	0.57	5.3	0.74	5.0	1.7	서남서	254	8.3	1029.9	-	49	
2020-11-30 14:55:00	14.8	북북서	330	14.09	29.90	0.57	5.2	0.73	6.0	1.9	북북서	342	8.4	1030.0	-	24	
2020-11-30 15:00:00	16.2	북서	322	14.08	29.81	0.60	5.3	0.89	5.5	1.4	북서	311	8.3	1030.0	-	2	
2020-11-30 15:05:00	18.2	북서	320	14.07	29.79	0.61	5.3	1.01	5.0	0.9	남남동	163	8.5	1030.0	-	35	
2020-11-30 15:10:00	14.6	북서	318	14.07	29.91	0.58	5.3	0.73	7.0	0.7	북	2	8.9	1030.1	-	49	
2020-11-30 15:15:00	14.1	북서	315	14.08	29.96	0.66	5.2	0.96	5.0	4.2	북서	308	8.5	1030.0	-	21	
2020-11-30 15:20:00	10.6	북서	312	14.08	30.01	0.60	5.1	0.98	5.0	5.4	서북서	296	8.5	1030.0	-	199	
2020-11-30 15:25:00	12.4	북서	315	14.06	29.91	0.66	5.3	0.87	5.5	6.7	서북서	300	8.2	1029.9	-	28	
2020-11-30 15:30:00	13.0	북서	319	14.06	29.87	0.60	5.0	0.86	6.5	5.6	서북서	293	8.2	1030.0	-	20	
2020-11-30 15:35:00	14.6	북서	324	14.05	29.95	0.64	5.5	1.02	5.5	6.7	서북서	284	8.1	1030.0	-	31	
2020-11-30 15:40:00	10.3	북서	313	14.04	29.94	0.58	5.0	0.76	5.5	6.1	서북서	288	8.2	1030.1	-	0	
2020-11-30 15:45:00	16.4	북서	322	14.03	29.91	0.62	5.3	0.90	4.0	7.5	서북서	296	8.2	1030.0	-	13	
2020-11-30 15:50:00	12.3	북서	317	14.03	29.95	0.67	5.8	0.95	5.0	6.8	서북서	295	8.0	1030.1	-	0	
2020-11-30 15:55:00	12.3	북서	311	14.01	29.99	0.62	5.2	0.86	4.5	7.5	서북서	295	7.9	1030.2	-	12	
2020-11-30 16:00:00	12.3	북서	324	14.01	29.97	0.58	5.1	0.82	5.5	7.4	서북서	292	7.9	1030.2	-	34	
2020-11-30 16:05:00	12.7	북서	324	14.03	29.96	0.64	5.1	0.90	4.0	7.4	서북서	292	8.0	1030.2	-	7	
2020-11-30 16:10:00	12.7	북서	322	14.01	29.93	0.60	5.8	0.75	5.5	8.1	서북서	293	7.8	1030.3	-	355	
2020-11-30 16:15:00	8.8	북서	321	14.01	29.77	0.58	5.1	0.79	5.5	7.0	서북서	294	7.8	1030.4	-	7	
2020-11-30 16:20:00	11.6	북북서	332	14.00	29.90	0.59	5.0	0.84	6.5	7.3	서북서	289	7.7	1030.4	-	11	
2020-11-30 16:25:00	8.5	북서	320	14.00	29.96	0.65	5.3	1.01	6.0	6.5	서북서	286	7.7	1030.5	-	19	
2020-11-30 16:30:00	11.8	북서	309	14.01	29.95	0.63	5.3	0.85	5.5	5.7	서	281	7.6	1030.7	-	353	
2020-11-30 16:35:00	9.3	북서	317	14.02	29.86	0.75	5.8	0.90	5.0	5.3	서북서	283	7.4	1030.8	-	24	
2020-11-30 16:40:00	7.2	북서	314	14.01	29.87	0.61	5.2	0.81	4.5	5.5	서북서	291	7.3	1030.8	-	338	
2020-11-30 16:45:00	9.0	북북서	342	14.01	29.88	0.58	5.1	1.02	4.5	6.2	서북서	286	7.2	1030.9	-	17	
2020-11-30 16:50:00	7.3	북북서	331	14.00	29.90	0.60	5.0	0.79	6.0	5.2	서	273	6.9	1031.0	-	27	
2020-11-30 16:55:00	8.7	북서	315	14.00	29.94	0.68	5.6	0.90	5.5	4.2	서남서	251	6.8	1031.0	-	35	
2020-11-30 17:00:00	9.1	북서	311	14.01	29.95	0.66	5.0	0.91	4.0	4.3	서남서	248	6.6	1031.1	-	9	
2020-11-30 17:05:00	9.3	북서	309	14.01	29.98	0.67	5.0	0.97	5.5	3.9	서남서	243	6.4	1031.2	-	29	
2020-11-30 17:10:00	7.4	북서	324	14.00	30.04	0.66	5.1	1.04	5.5	2.7	서	270	6.5	1031.3	-	356	
2020-11-30 17:15:00	6.8	서북서	304	13.99	30.05	0.61	5.4	1.00	5.5	2.4	서	270	6.3	1031.4	-	10	
2020-11-30 17:20:00	5.3	북서	322	13.99	30.03	0.68	5.1	0.88	4.5	2.7	서	268	6.3	1031.5	-	67	
2020-11-30 17:25:00	8.4	북서	309	14.00	30.07	0.62	4.7	0.99	4.0	4.1	서	270	6.3	1031.5	-	191	
2020-11-30 17:30:00	10.8	북서	309	14.02	30.09	0.64	5.1	1.04	5.5	3.6	서남서	257	6.2	1031.5	-	54	
2020-11-30 17:35:00	9.1	북서	306	14.04	30.10	0.66	5.4	0.97	5.0	3.2	서남서	252	6.1	1031.6	-	18	
2020-11-30 17:40:00	8.4	북서	312	14.05	30.07	0.59	4.9	0.72	4.0	3.4	서남서	240	6.1	1031.6	-	45	
2020-11-30 17:45:00	10.4	북서	316	14.04	30.09	0.63	5.4	0.90	5.5	5.1	서남서	246	6.0	1031.5	-	36	
2020-11-30 17:50:00	9.0	북서	320	14.05	30.16	0.60	4.8	0.90	4.5	5.9	서남서	247	6.0	1031.6	-	22	
2020-11-30 17:55:00	6.1	북북서	332	14.03	30.15	0.67	5.4	1.21	4.0	5.6	서남서	249	5.8	1031.6	-	17	
2020-11-30 18:00:00	8.1	북서	321	14.03	30.16	0.65	5.9	0.90	6.5	5.7	서남서	238	5.7	1031.7	-	26	
2020-11-30 18:05:00	9.1	북북서	327	14.03	30.16	0.68	5.3	0.88	5.5	5.5	서남서	241	5.5	1031.8	-	2	
2020-11-30 18:10:00	6.6	서북서	296	14.02	30.19	0.62	5.3	0.79	6.0	5.0	서남서	237	5.5	1031.9	-	16	
2020-11-30 18:15:00	4.6	북서	315	14.02	30.14	0.66	5.3	0.87	6.0	5.8	남서	232	5.5	1031.9	-	6	
2020-11-30 18:20:00	7.1	북서	307	14.01	30.18	0.60	5.9	0.81	5.5	6.1	남서	236	5.4	1031.9	-	36	
2020-11-30 18:25:00	6.9	북서	305	14.01	30.13	0.59	5.2	0.73	5.5	6.2	남서	235	5.4	1032.0	-	11	
2020-11-30 18:30:00	4.6	서북서	302	14.02	30.14	0.49	5.2	0.69	6.5	5.7	남서	235	5.3	1032.1	-	349	
2020-11-30 18:35:00	5.5	북서	318	14.01	30.18	0.54	5.6	0.77	6.5	5.7	남서	236	5.3	1032.1	-	11	
2020-11-30 18:40:00	6.9	북북서	334	14.02	30.19	0.74	6.1	1.24	4.5	5.3	서남서	242	5.2	1032.1	-	17	
2020-11-30 18:45:00	7.3	북북서	334	14.00	30.20	0.51	6.1	0.87	7.0	5.3	서남서	245	5.2	1032.1	-	11	
2020-11-30 18:50:00	7.4	북북서	347	14.00	30.22	0.52	5.6	0.69	6.0	5.5	서남서	244	5.1	1032.1	-	16	
2020-11-30 18:55:00	5.3	북서	322	14.00	30.27	0.53	5.4	0.78	5.0	5.7	서남서	241	5.2	1032.1	-	43	
2020-11-30 19:00:00	6.7	서북서	302	14.00	30.29	0.57	5.5	0.74	4.5	5.7	서남서	240	5.2	1032.1	-	42	
2020-11-30 19:05:00	5.5	서북서	302	14.01	30.28	0.66	5.8	1.03	5.5	5.2	서남서	237	5.1	1032.2	-	34	
2020-11-30 19:10:00	7.9	서북서	301	14.00	30.29	0.70	5.9	0.98	6.5	5.4	서남서	239	5.0	1032.3	-	52	
2020-11-30 19:15:00	5.2	북북서	335	14.01	30.28	0.56	6.3	0.68	7.0	6.5	서남서	243	4.9	1032.3	-	37	
2020-11-30 19:20:00	5.1	북서	321	14.00	30.29	0.57	6.4	0.71	7.0	5.8	서남서	249	4.8	1032.3	-	17	
2020-11-30 19:25:00	4.1	서북서	288	13.99	30.29	0.55	6.3	0.64	6.5	5.5	서남서	253	4.8	1032.4	-	35	
2020-11-30 19:30:00	4.8	북북서	349	13.99	30.28	0.68	7.0	0.90	6.0	5.6	서남서	254	4.7	1032.5	-	30	
2020-11-30 19:35:00	4.3	북서	319	13.99	30.28	0.68	6.1	0.84	6.0	5.4	서남서	249	4.5	1032.4	-	29	
2020-11-30 19:40:00	4.4	북서	319	14.00	30.25	0.60	5.9	0.79	5.0	6.0	서남서	250	4.4	1032.4	-	32	
2020-11-30 19:45:00	7.5	북북서	346	13.97	30.27	0.68	6.2	0.94	6.5	5.6	서남서	242	4.4	1032.5	-	35	
2020-11-30 19:50:00	5.8	북북서	346	13.99	30.30	0.66	6.2	0.83	7.5	5.3	서남서	241	4.5	1032.6	-	37	
2020-11-30 19:55:00	3.5	북북서	334	13.98	30.31	0.64	6.4	0.76	6.0	5.3	남서	233	4.6	1032.7	-	33	
2020-11-30 20:00:00	4.4	북	4	13.98	30.29	0.56	6.7	0.75	7.0	5.0	남서	234	4.4	1032.8	-	36	
2020-11-30 20:05:00	1.4	북북서	327	13.97	30.31	0.71	6.6	1.04	7.0	5.6	남서	234	4.4	1032.8	-	13	
2020-11-30 20:10:00	1.6	북북서	342	13.96	30.31	0.71	6.2	0.98	6.0	5.5	남서	230	4.5	1032.9	-	38	
2020-11-30 20:15:00	4.3	북서	324	13.95	30.33	0.71	6.5	1.01	6.0	5.8	남서	227	4.5	1032.9	-	47	
2020-11-30 20:20:00	6.7	북북서	335	13.93	30.32	0.69	6.7	0.83	7.0	5.6	남서	232	4.5	1032.9	-	46	
2020-11-30 20:25:00	7.3	북북서	331	13.95	30.33	0.71	6.7	0.88	6.5	5.9	남서	228	4.5	1033.1	-	21	
2020-11-30 20:30:00	6.4	북서	322	13.95	30.35	0.66	6.2	1.08	5.5	6.3	남서	231	4.6	1033.0	-	22	
2020-11-30 20:35:00	5.5	북북서	329	13.93	30.36	0.75	6.6	0.89	7.0	5.5	서남서	241	4.8	1033.2	-	38	
2020-11-30 20:40:00	7.1	북서	320	13.94	30.32	0.75	6.5	1.06	6.0	5.5	남서	234	4.7	1033.3	-	28	
2020-11-30 20:45:00	7.1	북북서	330	13.94	30.33	0.77	6.6	1.04	7.0	5.0	서남서	240	4.7	1033.3	-	34	
2020-11-30 20:50:00	7.2	북서	309	13.95	30.34	0.71	6.0	0.92	5.5	5.7	서남서	245	4.7	1033.2	-	27	
2020-11-30 20:55:00	7.5	북서	316	13.94	30.36	0.75	6.5	1.07	6.5	5.1	남서	235	4.6	1033.3	-	48	
2020-11-30 21:00:00	6.1	북서	307	13.94	30.34	0.80	7.1	1.05	6.5	4.9	서남서	238	4.7	1033.4	-	27	
2020-11-30 21:05:00	8.2	북북서	327	13.93	30.30	0.64	6.8	0.85	6.0	5.2	서남서	241	4.6	1033.4	-	59	
2020-11-30 21:10:00	10.7	북북서	327	13.94	30.29	0.72	6.4	0.98	6.0	5.8	서남서	245	4.6	1033.2	-	30	
2020-11-30 21:15:00	10.6	북북서	330	13.94	30.32	0.97	6.5	1.34	6.5	6.1	서남서	245	4.5	1033.1	-	38	
2020-11-30 21:20:00	10.2	북서	315	13.94	30.31	0.72	6.2	1.00	5.0	5.4	서남서	252	4.6	1033.2	-	10	
2020-11-30 21:25:00	9.1	북서	324	13.95	30.29	0.86	6.1	1.05	6.5	5.9	서남서	247	4.5	1033.3	-	54	
2020-11-30 21:30:00	10.6	북서	326	13.94	30.23	0.67	5.9	0.92	6.5	6.0	서남서	246	4.5	1033.2	-	55	
2020-11-30 21:35:00	7.4	북서	320	13.94	30.25	0.90	6.4	1.27	7.0	5.8	서남서	239	4.4	1033.3	-	40	
2020-11-30 21:40:00	12.4	북서	309	13.94	30.24	0.91	6.3	1.38	6.0	5.3	서남서	248	4.4	1033.4	-	50	
2020-11-30 21:45:00	10.8	북서	322	13.93	30.23	0.81	5.9	1.23	6.0	5.3	서남서	248	4.4	1033.4	-	32	
2020-11-30 21:50:00	6.2	북서	311	13.93	30.26	0.65	6.3	1.02	6.0	5.6	서남서	249	4.3	1033.4	-	23	
2020-11-30 21:55:00	10.3	북서	315	13.93	30.27	0.85	6.5	1.06	6.5	5.1	서남서	242	4.2	1033.4	-	27	
2020-11-30 22:00:00	9.9	북서	315	13.94	30.28	0.78	6.3	1.00	7.0	4.7	남서	236	4.2	1033.5	-	42	
2020-11-30 22:05:00	8.4	북서	307	13.93	30.27	0.73	6.4	1.03	6.5	5.3	남서	234	4.2	1033.4	-	52	
2020-11-30 22:10:00	8.3	북서	319	13.92	30.28	0.80	6.4	1.04	5.5	5.3	남서	235	4.2	1033.4	-	32	
2020-11-30 22:15:00	6.8	북서	313	13.91	30.29	0.79	6.8	1.19	6.5	5.0	서남서	242	4.2	1033.4	-	45	
2020-11-30 22:20:00	9.3	북서	323	13.93	30.34	0.72	6.3	1.05	6.0	4.8	서남서	241	4.2	1033.5	-	38	
2020-11-30 22:25:00	9.8	북서	315	13.92	30.31	0.68	6.4	1.09	6.0	4.7	서남서	239	4.1	1033.7	-	32	
2020-11-30 22:30:00	7.7	북서	314	13.89	30.32	0.67	6.0	0.97	6.5	5.0	서남서	242	4.1	1033.7	-	53	
2020-11-30 22:35:00	9.4	북북서	328	13.88	30.34	0.68	6.4	0.99	7.0	4.7	서남서	240	4.1	1033.8	-	40	
2020-11-30 22:40:00	9.2	북서	325	13.89	30.33	0.82	6.1	1.24	6.0	4.4	서남서	247	3.9	1033.7	-	41	
2020-11-30 22:45:00	9.4	북북서	333	13.88	30.33	0.82	6.4	1.33	6.5	4.9	서남서	247	4.0	1033.6	-	35	
2020-11-30 22:50:00	8.3	북서	321	13.88	30.29	0.65	6.4	0.75	6.0	5.2	서남서	245	4.0	1033.7	-	49	
2020-11-30 22:55:00	10.5	북서	322	13.89	30.33	0.68	6.2	1.06	6.0	4.6	서남서	237	3.9	1033.9	-	38	
2020-11-30 23:00:00	9.1	북북서	333	13.87	30.33	0.71	6.5	1.36	6.0	4.6	서남서	237	3.8	1033.9	-	37	
2020-11-30 23:05:00	10.1	북서	310	13.88	30.33	0.69	6.5	1.00	6.0	5.4	서남서	242	3.8	1033.8	-	47	
2020-11-30 23:10:00	11.4	북서	313	13.88	30.37	0.71	6.4	0.90	6.5	4.9	남서	231	3.8	1033.8	-	24	
2020-11-30 23:15:00	6.4	북서	307	13.90	30.33	0.67	6.0	0.86	5.5	5.1	남서	235	3.8	1033.8	-	43	
2020-11-30 23:20:00	7.5	북북서	335	13.91	30.33	0.63	5.6	0.82	5.5	4.6	남서	235	3.7	1033.9	-	44	
2020-11-30 23:25:00	7.0	북서	320	13.88	30.32	0.56	5.9	0.71	5.5	4.1	남서	233	3.7	1034.0	-	35	
2020-11-30 23:30:00	8.2	북서	311	13.89	30.33	0.87	6.0	1.21	6.5	4.7	서남서	239	3.7	1034.0	-	30	
2020-11-30 23:35:00	8.9	북서	320	13.91	30.35	0.78	6.4	1.27	6.5	4.6	서남서	242	3.7	1034.0	-	40	
2020-11-30 23:40:00	6.5	북서	308	13.90	30.34	0.65	6.0	0.93	5.5	4.1	서남서	250	3.6	1034.1	-	29	
2020-11-30 23:45:00	3.6	북북서	329	13.90	30.30	0.66	6.2	0.80	8.0	4.3	서남서	240	3.6	1033.9	-	26	
2020-11-30 23:50:00	4.5	북북서	328	13.89	30.31	0.72	6.5	1.08	6.0	5.1	서남서	243	3.7	1033.8	-	73	
2020-11-30 23:55:00	6.5	북서	313	13.88	30.34	0.82	6.5	1.03	6.5	5.0	남서	235	3.7	1033.8	-	45	
