관측소명:경포대해수욕장
위도:37.808972
경도:128.931889
관측시간	유속(cm/s)	유향(16points)	유향(deg)	수온(℃)	유의파고(m)	유의파주기(sec)	최대파고(m)	최대파주기(sec)	풍속(m/s)	풍향(16points)	풍향(deg)	기온(℃)	기압(hPa)	시정(m)	파향(deg)	
2021-11-01 00:00:00	8.7	남동	144	20.19	0.31	6.6	0.43	6.0	3.4	서남서	240	15.4	1022.0	-	26	
2021-11-01 00:05:00	7.8	남남동	152	20.19	0.27	6.7	0.38	7.5	2.9	남서	236	15.6	1021.9	-	60	
2021-11-01 00:10:00	7.2	남남동	149	20.22	0.30	6.7	0.38	6.5	2.2	남서	227	16.0	1021.9	-	75	
2021-11-01 00:15:00	12.6	남남동	152	20.29	0.35	6.6	0.45	6.5	2.5	남서	222	16.3	1021.8	-	36	
2021-11-01 00:20:00	14.2	남남동	160	20.30	0.34	7.1	0.42	6.5	3.3	서남서	253	16.4	1021.8	-	67	
2021-11-01 00:25:00	14.2	남남동	159	20.39	0.33	7.0	0.44	7.5	3.4	서남서	247	15.8	1021.7	-	63	
2021-11-01 00:30:00	14.1	남	169	20.41	0.37	7.2	0.45	8.0	3.2	서남서	237	15.8	1021.7	-	42	
2021-11-01 00:35:00	13.8	남	169	20.41	0.34	6.3	0.50	7.0	2.9	남서	234	16.0	1021.7	-	53	
2021-11-01 00:40:00	13.0	남	172	20.42	0.29	6.8	0.38	7.5	3.3	남서	225	16.0	1021.6	-	53	
2021-11-01 00:45:00	12.3	남	173	20.43	0.33	7.6	0.47	6.0	3.2	남서	236	15.9	1021.6	-	59	
2021-11-01 00:50:00	12.2	남	169	20.47	0.32	6.7	0.45	6.5	3.4	남서	234	15.7	1021.6	-	51	
2021-11-01 00:55:00	11.8	남	170	20.49	0.30	7.2	0.37	7.0	3.1	남서	235	15.6	1021.6	-	18	
2021-11-01 01:00:00	10.5	남	169	20.49	0.30	6.2	0.43	6.0	3.7	서남서	238	15.5	1021.6	-	76	
2021-11-01 01:05:00	11.2	남	175	20.50	0.31	6.6	0.40	6.5	2.4	남서	227	15.1	1021.6	-	44	
2021-11-01 01:10:00	11.4	남	174	20.51	0.34	6.6	0.49	7.0	2.6	서남서	239	15.1	1021.6	-	80	
2021-11-01 01:15:00	9.4	남	182	20.51	0.28	6.0	0.48	5.5	1.9	남서	222	15.1	1021.6	-	64	
2021-11-01 01:20:00	11.3	남	170	20.52	0.28	7.0	0.31	6.0	1.4	서남서	246	15.3	1021.6	-	49	
2021-11-01 01:25:00	10.0	남	180	20.53	0.31	7.2	0.43	7.0	1.8	서남서	257	15.3	1021.6	-	90	
2021-11-01 01:30:00	9.0	남	178	20.53	0.30	6.9	0.51	7.0	1.8	서	259	15.3	1021.6	-	76	
2021-11-01 01:35:00	10.7	남	171	20.54	0.27	6.3	0.42	5.5	2.1	서	265	15.0	1021.5	-	72	
2021-11-01 01:40:00	9.9	남	171	20.53	0.36	7.3	0.47	7.5	3.0	서	260	15.2	1021.5	-	57	
2021-11-01 01:45:00	8.8	남남동	163	20.48	0.29	7.1	0.47	6.5	3.2	서	261	15.8	1021.5	-	69	
2021-11-01 01:50:00	11.3	남남동	157	20.54	0.32	7.1	0.38	7.0	2.4	서남서	255	15.8	1021.5	-	53	
2021-11-01 01:55:00	7.6	남	176	20.56	0.26	7.0	0.35	5.0	2.5	서남서	253	15.7	1021.4	-	25	
2021-11-01 02:00:00	7.5	남	175	20.55	0.34	7.0	0.49	6.5	2.4	서남서	251	16.0	1021.5	-	55	
2021-11-01 02:05:00	7.9	남남동	165	20.46	0.32	6.7	0.36	5.5	2.0	서	259	16.0	1021.5	-	69	
2021-11-01 02:10:00	8.8	남남동	163	20.44	0.27	7.2	0.46	6.0	2.5	서남서	250	15.8	1021.5	-	73	
2021-11-01 02:15:00	8.2	남	185	20.47	0.30	6.7	0.37	6.5	2.4	남서	232	15.7	1021.5	-	62	
2021-11-01 02:20:00	7.5	남	174	20.50	0.33	7.3	0.49	7.0	2.9	서남서	243	15.7	1021.5	-	53	
2021-11-01 02:25:00	5.1	남	182	20.48	0.25	6.7	0.30	6.5	2.9	서남서	238	15.4	1021.6	-	88	
2021-11-01 02:30:00	7.6	남	173	20.44	0.31	6.9	0.37	7.0	2.2	서남서	249	15.6	1021.6	-	45	
2021-11-01 02:35:00	6.5	남	171	20.42	0.25	6.8	0.37	7.5	2.3	서	268	15.6	1021.6	-	79	
2021-11-01 02:40:00	5.5	남남동	159	20.39	0.28	6.5	0.37	7.5	3.1	서	280	14.9	1021.7	-	53	
2021-11-01 02:45:00	5.4	남남동	152	20.35	0.32	7.1	0.40	6.5	2.5	서북서	286	14.8	1021.7	-	61	
2021-11-01 02:50:00	5.9	남동	142	20.35	0.34	6.8	0.47	7.5	2.1	서북서	284	14.9	1021.7	-	54	
2021-11-01 02:55:00	6.9	남남동	146	20.32	0.25	6.6	0.30	7.0	2.6	서북서	295	15.1	1021.8	-	28	
2021-11-01 03:00:00	5.4	동남동	115	20.23	0.26	6.1	0.34	5.5	2.4	서북서	301	14.8	1021.7	-	54	
2021-11-01 03:05:00	6.8	동남동	124	20.20	0.32	6.5	0.50	7.5	2.6	서북서	289	14.8	1021.7	-	67	
2021-11-01 03:10:00	7.8	동남동	112	20.17	0.25	5.9	0.36	5.0	1.6	서북서	286	15.4	1021.6	-	25	
2021-11-01 03:15:00	8.6	동남동	120	20.18	0.25	6.2	0.30	5.5	1.0	서북서	289	15.8	1021.5	-	91	
2021-11-01 03:20:00	6.6	남동	128	20.19	0.28	6.5	0.38	7.0	2.1	서남서	247	15.6	1021.5	-	51	
2021-11-01 03:25:00	5.9	동남동	106	20.19	0.28	6.8	0.45	6.0	2.0	서	274	15.2	1021.6	-	37	
2021-11-01 03:30:00	6.9	남동	127	20.19	0.28	7.2	0.35	6.0	1.9	서	265	15.7	1021.6	-	43	
2021-11-01 03:35:00	4.9	동남동	118	20.19	0.26	6.5	0.39	6.5	2.4	서남서	246	15.3	1021.5	-	96	
2021-11-01 03:40:00	5.6	남동	128	20.19	0.28	6.7	0.33	6.5	2.0	서남서	243	14.9	1021.6	-	75	
2021-11-01 03:45:00	4.6	동남동	108	20.19	0.27	6.5	0.51	6.5	1.6	남서	235	14.9	1021.6	-	86	
2021-11-01 03:50:00	4.9	동남동	117	20.19	0.33	7.0	0.47	6.5	1.0	서남서	246	15.3	1021.6	-	68	
2021-11-01 03:55:00	3.8	동	95	20.19	0.25	6.7	0.28	6.5	1.8	서남서	250	15.6	1021.5	-	68	
2021-11-01 04:00:00	5.4	남동	141	20.19	0.25	6.5	0.35	7.0	2.8	서남서	250	15.4	1021.5	-	83	
2021-11-01 04:05:00	3.6	동	91	20.19	0.24	6.7	0.37	4.5	2.9	서남서	241	14.9	1021.5	-	33	
2021-11-01 04:10:00	1.9	동	82	20.17	0.28	6.9	0.39	6.5	2.1	서남서	245	15.3	1021.5	-	66	
2021-11-01 04:15:00	4.9	남남동	153	20.18	0.23	6.8	0.29	7.0	2.4	서남서	244	15.5	1021.5	-	76	
2021-11-01 04:20:00	2.2	동	85	20.18	0.23	6.4	0.32	7.0	3.0	서남서	246	15.4	1021.6	-	44	
2021-11-01 04:25:00	3.5	남동	125	20.17	0.30	6.5	0.45	5.5	2.7	서남서	251	15.0	1021.6	-	96	
2021-11-01 04:30:00	2.8	동	98	20.18	0.26	6.9	0.35	6.0	2.0	서남서	248	15.1	1021.6	-	85	
2021-11-01 04:35:00	2.5	동남동	120	20.17	0.30	6.7	0.50	7.0	2.3	남서	236	15.2	1021.6	-	70	
2021-11-01 04:40:00	1.4	동	84	20.18	0.35	6.4	0.54	7.0	2.4	남서	236	15.6	1021.6	-	85	
2021-11-01 04:45:00	1.9	북동	54	20.18	0.25	6.5	0.42	6.0	3.7	서남서	240	15.4	1021.6	-	79	
2021-11-01 04:50:00	3.1	북동	49	20.19	0.29	6.4	0.41	6.5	3.9	서남서	245	15.2	1021.6	-	77	
2021-11-01 04:55:00	2.7	북동	40	20.19	0.30	6.7	0.41	6.5	3.5	서남서	237	15.3	1021.6	-	71	
2021-11-01 05:00:00	2.2	북북동	24	20.19	0.27	5.6	0.55	6.5	3.7	남서	234	15.0	1021.6	-	61	
2021-11-01 05:05:00	1.6	북북동	23	20.17	0.34	6.3	0.40	7.0	3.4	서남서	238	15.4	1021.6	-	63	
2021-11-01 05:10:00	1.5	북북동	20	20.19	0.26	5.9	0.37	6.5	2.8	남서	227	15.1	1021.6	-	30	
2021-11-01 05:15:00	2.6	북동	49	20.19	0.28	5.6	0.38	6.5	2.1	남서	217	14.7	1021.7	-	79	
2021-11-01 05:20:00	1.7	북북동	14	20.18	0.25	5.7	0.34	6.0	1.8	서남서	241	14.9	1021.7	-	51	
2021-11-01 05:25:00	1.5	북동	46	20.18	0.31	6.1	0.47	5.5	0.8	서	260	14.8	1021.7	-	70	
2021-11-01 05:30:00	4.5	북북서	331	20.18	0.29	6.1	0.37	5.5	0.7	서남서	238	14.7	1021.7	-	67	
2021-11-01 05:35:00	6.5	북	350	20.16	0.26	6.3	0.34	7.5	1.1	서남서	240	14.8	1021.6	-	80	
2021-11-01 05:40:00	8.1	북	355	20.17	0.29	6.1	0.46	5.5	1.4	서남서	237	14.8	1021.6	-	55	
2021-11-01 05:45:00	8.1	북	349	20.16	0.24	4.8	0.31	6.0	1.9	서남서	239	15.0	1021.6	-	54	
2021-11-01 05:50:00	5.7	북	2	20.17	0.25	5.4	0.31	5.5	2.0	서남서	251	14.9	1021.6	-	90	
2021-11-01 05:55:00	4.8	북북서	347	20.18	0.23	6.1	0.32	5.5	3.2	서	271	14.9	1021.6	-	38	
2021-11-01 06:00:00	5.8	북	353	20.16	0.30	6.1	0.40	7.0	3.2	서	261	14.5	1021.6	-	77	
2021-11-01 06:05:00	7.9	북	349	20.17	0.27	5.7	0.37	7.0	3.3	서남서	249	14.7	1021.6	-	69	
2021-11-01 06:10:00	9.7	북	359	20.15	0.25	6.0	0.36	7.5	3.2	서남서	244	14.9	1021.5	-	105	
2021-11-01 06:15:00	7.6	북	356	20.17	0.24	6.5	0.37	5.5	3.4	서남서	257	14.9	1021.5	-	74	
2021-11-01 06:20:00	8.0	북	354	20.16	0.26	6.8	0.37	7.0	3.1	서남서	258	14.7	1021.5	-	89	
2021-11-01 06:25:00	7.5	북	351	20.18	0.30	6.3	0.41	6.5	2.8	서남서	255	14.6	1021.6	-	97	
2021-11-01 06:30:00	6.2	북북서	345	20.20	0.26	6.2	0.38	6.5	2.6	서남서	250	14.5	1021.6	-	49	
2021-11-01 06:35:00	6.8	북북서	336	20.21	0.24	6.3	0.36	6.0	2.7	서남서	247	14.6	1021.6	-	99	
2021-11-01 06:40:00	6.4	북북서	346	20.13	0.20	5.3	0.29	6.5	3.6	서남서	247	14.5	1021.6	-	44	
2021-11-01 06:45:00	7.7	북북서	337	20.19	0.26	5.6	0.42	6.0	3.3	서남서	252	14.4	1021.7	-	71	
2021-11-01 06:50:00	7.5	북북서	346	20.19	0.23	5.8	0.35	6.0	3.8	서	265	14.5	1021.7	-	70	
2021-11-01 06:55:00	7.8	북	354	20.05	0.26	6.5	0.32	7.0	3.0	서남서	258	14.3	1021.8	-	63	
2021-11-01 07:00:00	9.5	북	349	19.98	0.26	5.7	0.39	6.0	3.5	서남서	252	14.5	1021.8	-	72	
2021-11-01 07:05:00	8.6	북북서	347	19.92	0.27	6.3	0.36	7.0	3.5	서남서	248	14.4	1021.8	-	75	
2021-11-01 07:10:00	8.6	북북서	345	19.95	0.24	5.9	0.31	7.0	3.1	서남서	239	14.4	1021.8	-	67	
2021-11-01 07:15:00	10.4	북북서	347	19.86	0.25	6.0	0.31	5.5	3.7	서남서	242	14.8	1021.8	-	91	
2021-11-01 07:20:00	7.6	북	355	19.72	0.20	6.0	0.29	6.5	3.5	남서	227	14.8	1021.8	-	92	
2021-11-01 07:25:00	11.7	북	358	20.02	0.24	5.6	0.29	6.5	3.8	남서	231	14.9	1021.9	-	74	
2021-11-01 07:30:00	13.2	북	352	20.02	0.26	6.4	0.33	5.5	3.7	서남서	238	14.8	1021.9	-	65	
2021-11-01 07:35:00	11.9	북북서	349	20.03	0.27	5.6	0.41	6.0	3.8	서남서	240	14.9	1022.0	-	58	
2021-11-01 07:40:00	13.2	북	357	20.11	0.22	5.8	0.30	6.5	3.0	남서	234	15.1	1022.0	-	64	
2021-11-01 07:45:00	12.6	북	0	20.14	0.26	6.3	0.41	6.5	3.7	남서	226	15.3	1022.1	-	69	
2021-11-01 07:50:00	10.9	북	354	20.13	0.22	6.3	0.28	5.0	2.9	남서	236	15.4	1022.2	-	82	
2021-11-01 07:55:00	11.7	북북서	345	20.15	0.26	5.3	0.39	4.5	2.9	서남서	253	15.6	1022.2	-	170	
2021-11-01 08:00:00	12.2	북	353	20.15	0.25	5.3	0.34	6.0	3.1	남서	217	15.6	1022.2	-	52	
2021-11-01 08:05:00	13.6	북북서	347	20.19	0.23	5.6	0.32	5.0	2.7	남남서	201	15.8	1022.2	-	29	
2021-11-01 08:10:00	14.3	북북서	346	20.21	0.26	5.1	0.52	5.0	2.6	남서	223	15.7	1022.2	-	57	
2021-11-01 08:15:00	12.1	북	350	20.23	0.26	4.3	0.39	6.5	1.5	남서	233	15.8	1022.3	-	57	
2021-11-01 08:20:00	11.1	북북서	348	20.21	0.29	5.7	0.39	6.5	1.3	남서	223	15.9	1022.3	-	71	
2021-11-01 08:25:00	10.7	북북서	345	20.23	0.28	6.0	0.33	5.0	1.6	남서	228	15.9	1022.3	-	76	
2021-11-01 08:30:00	12.2	북	354	20.25	0.27	4.8	0.38	5.0	1.5	남서	224	16.2	1022.3	-	68	
2021-11-01 08:35:00	11.5	북북서	348	20.26	0.29	5.4	0.44	7.0	2.0	서남서	237	16.2	1022.4	-	72	
2021-11-01 08:40:00	11.1	북북서	341	20.25	0.25	4.8	0.34	6.0	2.6	남서	235	16.1	1022.4	-	51	
2021-11-01 08:45:00	10.1	북북서	348	20.27	0.26	5.5	0.33	6.5	2.1	서남서	251	16.1	1022.4	-	67	
2021-11-01 08:50:00	10.5	북	351	20.28	0.33	4.7	0.48	3.5	1.2	서남서	253	16.1	1022.5	-	83	
2021-11-01 08:55:00	9.9	북북서	341	20.27	0.26	4.2	0.33	4.5	1.9	서남서	241	16.2	1022.5	-	52	
2021-11-01 09:00:00	12.1	북	350	20.30	0.27	4.8	0.39	5.0	2.6	남서	236	16.3	1022.5	-	4	
2021-11-01 09:05:00	10.6	북북서	340	20.32	0.29	4.8	0.40	6.5	2.5	남서	222	16.4	1022.5	-	71	
2021-11-01 09:10:00	10.3	북북서	332	20.32	0.28	4.5	0.38	5.5	2.4	남서	236	16.5	1022.5	-	74	
2021-11-01 09:15:00	10.1	북북서	338	20.34	0.30	5.2	0.40	6.5	2.2	남서	230	16.6	1022.5	-	98	
2021-11-01 09:20:00	12.1	북북서	342	20.36	0.25	4.3	0.32	6.5	2.1	서남서	238	16.6	1022.5	-	59	
2021-11-01 09:25:00	11.3	북북서	343	20.38	0.30	5.5	0.44	5.0	2.4	남서	226	16.7	1022.5	-	28	
2021-11-01 09:30:00	10.2	북북서	342	20.41	0.29	4.5	0.42	3.0	2.5	남서	227	16.7	1022.4	-	55	
2021-11-01 09:35:00	9.8	북북서	346	20.45	0.26	5.2	0.33	3.5	2.2	남서	219	16.7	1022.4	-	74	
2021-11-01 09:40:00	10.2	북북서	339	20.47	0.31	4.7	0.41	5.0	2.2	남서	223	16.8	1022.3	-	66	
2021-11-01 09:45:00	11.1	북북서	340	20.49	0.31	5.0	0.37	5.0	2.7	남서	235	16.9	1022.3	-	20	
2021-11-01 09:50:00	10.5	북북서	338	20.49	0.27	4.3	0.33	5.0	2.6	남서	228	16.9	1022.2	-	334	
2021-11-01 09:55:00	9.8	북	353	20.48	0.37	4.2	0.55	2.5	3.2	서	267	16.9	1022.2	-	1	
2021-11-01 10:00:00	10.0	북북서	340	20.47	0.31	5.3	0.41	4.5	2.8	서	273	16.8	1022.1	-	1	
2021-11-01 10:05:00	9.1	북	349	20.47	0.35	4.6	0.48	4.0	2.8	서북서	283	16.9	1022.1	-	17	
2021-11-01 10:10:00	9.6	북북서	349	20.43	0.33	4.6	0.49	5.5	3.7	서북서	292	16.8	1022.1	-	0	
2021-11-01 10:15:00	8.2	북북서	341	20.44	0.39	5.3	0.56	4.5	3.5	서	267	16.9	1022.1	-	0	
2021-11-01 10:20:00	8.2	북북서	338	20.43	0.31	4.4	0.50	5.5	3.5	서	279	17.0	1022.1	-	5	
2021-11-01 10:25:00	9.0	북북서	327	20.40	0.35	4.7	0.44	4.0	3.1	서	280	17.1	1022.1	-	205	
2021-11-01 10:30:00	9.1	북북서	339	20.36	0.43	4.3	0.62	3.0	3.6	서	265	17.1	1022.1	-	336	
2021-11-01 10:35:00	9.0	북북서	333	20.35	0.37	4.3	0.57	4.0	4.1	서	270	17.1	1022.1	-	26	
2021-11-01 10:40:00	8.3	북북서	341	20.38	0.41	4.8	0.60	4.5	2.6	서	262	17.2	1022.1	-	349	
2021-11-01 10:45:00	11.7	북	351	20.39	0.41	4.8	0.58	5.0	2.2	서	262	17.3	1022.0	-	330	
2021-11-01 10:50:00	12.9	북북서	344	20.30	0.39	4.8	0.50	3.5	3.0	서	275	17.4	1022.0	-	333	
2021-11-01 10:55:00	14.2	북	352	20.27	0.43	5.0	0.58	6.0	2.2	서	274	17.2	1021.9	-	58	
2021-11-01 11:00:00	13.4	북북서	347	20.28	0.45	4.5	0.77	3.5	1.4	서	269	17.5	1021.9	-	343	
2021-11-01 11:05:00	13.3	북북서	342	20.30	0.48	4.6	0.69	5.0	1.6	서남서	240	17.5	1021.8	-	146	
2021-11-01 11:10:00	13.4	북북서	335	20.32	0.45	4.1	0.79	4.5	2.4	남남서	211	17.5	1021.7	-	48	
2021-11-01 11:15:00	11.5	북북서	330	20.34	0.48	4.2	0.69	4.5	1.6	남	175	17.6	1021.7	-	351	
2021-11-01 11:20:00	10.8	북북서	330	20.37	0.48	4.8	0.74	4.5	0.5	남서	214	18.0	1021.6	-	116	
2021-11-01 11:25:00	11.9	북서	324	20.37	0.45	4.4	0.66	4.0	0.9	북서	316	18.2	1021.6	-	50	
2021-11-01 11:30:00	10.2	북서	310	20.36	0.50	4.2	0.77	4.0	1.7	북북서	333	18.2	1021.5	-	168	
2021-11-01 11:35:00	11.2	북서	321	20.32	0.54	4.6	0.65	4.5	1.9	북북서	337	18.3	1021.4	-	22	
2021-11-01 11:40:00	9.4	북서	324	20.37	0.54	4.5	0.82	5.5	1.0	북	349	18.4	1021.3	-	3	
2021-11-01 11:45:00	9.2	북서	305	20.38	0.49	4.5	0.65	6.0	1.3	북	353	18.5	1021.3	-	26	
2021-11-01 11:50:00	8.0	북서	318	20.37	0.43	4.1	0.58	4.0	0.7	북북서	340	18.4	1021.2	-	243	
2021-11-01 11:55:00	9.9	북서	312	20.22	0.51	4.6	0.69	4.0	1.1	북북서	342	18.7	1021.2	-	11	
2021-11-01 12:00:00	7.2	서북서	297	20.19	0.48	4.8	0.63	3.0	1.8	북북동	17	18.5	1021.1	-	36	
2021-11-01 12:05:00	7.5	서북서	295	20.21	0.52	4.7	0.70	4.5	2.5	북북동	14	18.5	1021.1	-	40	
2021-11-01 12:10:00	7.6	서북서	298	20.23	0.48	4.6	0.65	5.0	2.2	북북동	19	18.4	1021.0	-	30	
2021-11-01 12:15:00	9.2	서북서	299	20.20	0.50	4.8	0.84	5.0	1.8	북	9	18.4	1020.9	-	32	
2021-11-01 12:20:00	9.3	서북서	293	20.20	0.51	4.4	0.85	4.0	2.5	북	356	18.6	1020.9	-	356	
2021-11-01 12:25:00	7.7	서북서	296	20.22	0.49	4.4	0.73	4.0	2.4	북	11	18.3	1020.8	-	168	
2021-11-01 12:30:00	8.3	서북서	293	20.23	0.49	4.7	0.74	4.0	2.9	북	9	18.2	1020.7	-	146	
2021-11-01 12:35:00	8.9	서북서	285	20.22	0.46	4.4	0.68	3.5	3.4	북	8	18.5	1020.6	-	16	
2021-11-01 12:40:00	8.4	서	276	20.24	0.62	4.4	0.80	5.0	3.5	북	358	18.6	1020.5	-	26	
2021-11-01 12:45:00	9.8	서	274	20.27	0.58	4.4	0.98	4.0	4.5	북	0	18.7	1020.4	-	13	
2021-11-01 12:50:00	9.7	서북서	293	20.28	0.66	4.1	0.97	4.5	4.7	북	356	18.3	1020.4	-	4	
2021-11-01 12:55:00	11.6	서북서	302	20.28	0.53	4.5	0.81	4.0	6.5	북	358	18.3	1020.3	-	7	
2021-11-01 13:00:00	8.8	서북서	286	20.25	0.62	4.4	0.81	4.0	7.7	북	4	18.0	1020.3	-	45	
2021-11-01 13:05:00	9.4	서북서	289	20.23	0.60	4.4	1.13	4.0	8.3	북	11	17.9	1020.2	-	229	
2021-11-01 13:10:00	6.7	서북서	301	20.22	0.59	4.1	0.80	4.5	8.3	북북동	18	17.8	1020.2	-	351	
2021-11-01 13:15:00	9.2	서북서	285	20.21	0.70	4.2	0.92	4.0	7.5	북북동	12	17.9	1020.2	-	173	
2021-11-01 13:20:00	7.3	서북서	303	20.21	0.62	3.6	0.87	4.5	8.7	북	8	17.9	1020.1	-	324	
2021-11-01 13:25:00	10.1	북서	312	20.20	0.67	4.1	1.10	5.5	8.5	북북동	15	17.9	1020.0	-	7	
2021-11-01 13:30:00	11.8	북서	314	20.20	0.67	4.3	0.91	3.0	8.0	북북동	12	17.8	1020.0	-	35	
2021-11-01 13:35:00	9.5	북서	306	20.20	0.66	4.0	1.16	4.0	7.8	북	7	17.8	1020.0	-	156	
2021-11-01 13:40:00	9.7	서북서	298	20.20	0.79	4.1	1.09	4.5	7.5	북	5	17.8	1020.0	-	123	
2021-11-01 13:45:00	6.0	서북서	292	20.20	0.75	4.2	1.41	4.5	7.7	북	358	17.9	1020.0	-	174	
2021-11-01 13:50:00	11.9	북서	313	20.20	0.69	4.0	1.13	4.0	7.1	북	7	17.8	1020.1	-	239	
2021-11-01 13:55:00	6.4	서북서	293	20.20	0.67	3.9	1.03	4.0	7.2	북북동	12	17.7	1020.1	-	227	
2021-11-01 14:00:00	10.3	북서	315	20.20	0.72	4.1	1.04	4.0	7.2	북	11	17.5	1020.1	-	229	
2021-11-01 14:05:00	12.7	서북서	297	20.20	0.57	4.0	0.80	3.0	6.5	북	8	17.5	1020.2	-	31	
2021-11-01 14:10:00	12.4	북서	317	20.20	0.62	3.8	0.82	3.5	6.7	북	11	17.6	1020.2	-	295	
2021-11-01 14:15:00	15.8	북서	308	20.21	0.59	4.0	0.93	4.0	6.0	북북동	14	17.7	1020.2	-	45	
2021-11-01 14:20:00	14.3	북서	313	20.21	0.69	4.3	1.04	4.0	6.7	북북동	15	17.5	1020.3	-	243	
2021-11-01 14:25:00	13.8	서북서	301	20.19	0.65	4.2	0.97	4.0	7.0	북	10	17.5	1020.2	-	211	
2021-11-01 14:30:00	13.0	북서	307	20.18	0.64	4.2	0.87	4.5	7.0	북북동	14	17.5	1020.2	-	36	
2021-11-01 14:35:00	14.6	북서	316	20.18	0.61	3.7	0.89	3.5	5.9	북	4	17.6	1020.2	-	183	
2021-11-01 14:40:00	14.4	서북서	296	20.17	0.75	3.9	1.09	3.5	6.0	북북동	13	17.6	1020.2	-	337	
2021-11-01 14:45:00	17.0	북서	313	20.18	0.66	3.9	1.01	4.0	6.3	북북동	12	17.8	1020.2	-	176	
2021-11-01 14:50:00	19.2	북서	310	20.18	0.65	4.3	1.21	4.0	6.1	북북동	16	17.9	1020.2	-	156	
2021-11-01 14:55:00	17.6	북서	305	20.18	0.65	3.9	1.02	3.5	5.9	북	8	17.8	1020.3	-	252	
2021-11-01 15:00:00	16.5	북서	307	20.18	0.65	3.8	1.28	3.5	5.6	북	0	17.9	1020.3	-	109	
2021-11-01 15:05:00	20.7	북서	306	20.19	0.72	4.0	1.07	3.5	7.2	북	358	18.1	1020.2	-	150	
2021-11-01 15:10:00	19.7	북서	308	20.17	0.68	3.8	1.05	3.5	7.7	북	2	18.0	1020.3	-	157	
2021-11-01 15:15:00	16.9	서북서	299	20.19	0.71	3.8	1.03	3.5	7.1	북북동	12	17.7	1020.4	-	324	
2021-11-01 15:20:00	18.0	북서	311	20.20	0.70	4.2	0.91	4.5	7.4	북	8	17.8	1020.4	-	158	
2021-11-01 15:25:00	16.1	서북서	293	20.19	0.79	4.0	1.16	3.5	7.6	북북동	15	17.4	1020.5	-	198	
2021-11-01 15:30:00	18.4	서북서	297	20.21	0.67	3.7	0.92	4.5	8.0	북	10	17.1	1020.5	-	282	
2021-11-01 15:35:00	18.1	서북서	292	20.23	0.73	3.8	1.24	3.5	8.3	북	11	17.1	1020.5	-	221	
2021-11-01 15:40:00	14.0	서북서	289	20.23	0.77	3.9	1.29	3.5	7.2	북	6	17.0	1020.7	-	351	
2021-11-01 15:45:00	16.3	서북서	289	20.27	0.71	4.0	0.91	4.0	7.4	북	0	16.8	1020.7	-	83	
2021-11-01 15:50:00	19.4	서북서	303	20.27	0.75	3.9	1.46	4.0	7.3	북	10	16.8	1020.7	-	8	
2021-11-01 15:55:00	-	-	-	-	-	-	-	-	-	-	-	-	-	-	-	
2021-11-01 16:00:00	17.9	서북서	296	20.30	0.79	4.0	1.18	4.0	7.1	북	357	17.0	1020.8	-	324	
2021-11-01 16:05:00	18.1	북서	325	20.29	0.76	4.1	1.20	4.0	7.1	북	1	16.9	1020.7	-	160	
2021-11-01 16:10:00	18.6	서북서	295	20.30	0.73	3.8	0.91	3.5	6.6	북	2	17.0	1020.8	-	45	
2021-11-01 16:15:00	11.5	서북서	300	20.28	0.70	4.0	1.11	4.0	6.4	북	358	17.0	1020.8	-	127	
2021-11-01 16:20:00	12.7	서북서	292	20.29	0.75	3.7	1.00	3.5	7.2	북	357	16.9	1020.9	-	197	
2021-11-01 16:25:00	13.4	서북서	288	20.28	0.72	3.9	1.18	4.0	6.7	북	5	16.7	1020.9	-	191	
2021-11-01 16:30:00	17.7	북서	310	20.28	0.78	4.3	1.03	4.0	6.5	북	10	16.8	1020.9	-	24	
2021-11-01 16:35:00	17.5	서북서	293	20.28	0.82	4.4	1.51	4.5	7.4	북	356	16.8	1020.9	-	278	
2021-11-01 16:40:00	17.4	북서	304	20.29	0.78	4.4	1.16	4.0	6.9	북	5	16.8	1021.0	-	239	
2021-11-01 16:45:00	15.3	북서	310	20.29	0.84	4.4	1.25	4.5	6.2	북	1	16.8	1021.0	-	212	
2021-11-01 16:50:00	18.0	서북서	300	20.29	0.82	4.6	1.04	4.5	6.2	북	6	16.8	1021.1	-	108	
2021-11-01 16:55:00	16.1	북서	309	20.30	0.87	4.3	1.40	4.5	6.0	북	355	16.7	1021.2	-	351	
2021-11-01 17:00:00	16.5	서북서	301	20.29	0.80	4.5	1.15	4.0	5.5	북북서	348	16.6	1021.2	-	213	
2021-11-01 17:05:00	17.9	북서	304	20.28	0.93	4.7	1.32	4.0	5.9	북	355	16.7	1021.1	-	7	
2021-11-01 17:10:00	18.1	서북서	300	20.28	0.82	4.6	1.06	4.5	6.6	북	358	16.7	1021.1	-	197	
2021-11-01 17:15:00	10.9	서북서	299	20.29	0.89	4.5	1.82	4.5	5.6	북북서	343	16.6	1021.2	-	93	
2021-11-01 17:20:00	12.6	서북서	297	20.29	0.93	5.1	1.14	6.5	5.4	북북서	333	16.7	1021.3	-	356	
2021-11-01 17:25:00	14.3	서북서	304	20.29	0.97	4.6	1.35	4.0	5.8	북북서	339	16.6	1021.3	-	26	
2021-11-01 17:30:00	15.6	북서	307	20.26	0.93	4.4	1.54	5.0	6.2	북북서	337	16.5	1021.3	-	326	
2021-11-01 17:35:00	14.4	서	279	20.26	0.77	4.6	0.94	4.5	6.3	북	349	16.5	1021.3	-	20	
2021-11-01 17:40:00	18.0	서북서	293	20.33	0.99	4.8	1.59	5.0	5.9	북북서	346	16.6	1021.4	-	20	
2021-11-01 17:45:00	15.3	북서	306	20.32	0.95	5.0	1.35	5.5	6.5	북	349	16.6	1021.4	-	5	
2021-11-01 17:50:00	13.8	서북서	290	20.33	0.91	5.2	1.44	5.0	5.9	북	350	16.7	1021.4	-	358	
2021-11-01 17:55:00	10.9	서북서	302	20.35	1.08	4.6	1.43	5.0	6.8	북북서	346	16.6	1021.4	-	300	
2021-11-01 18:00:00	17.3	서북서	300	20.37	1.05	5.0	1.26	5.5	6.6	북북서	348	16.7	1021.5	-	9	
2021-11-01 18:05:00	13.4	서북서	292	20.38	1.10	5.2	1.49	5.0	5.9	북	351	16.7	1021.5	-	5	
2021-11-01 18:10:00	10.4	서북서	303	20.40	0.82	4.6	0.97	5.5	6.4	북북서	336	16.7	1021.5	-	45	
2021-11-01 18:15:00	16.2	서북서	298	20.40	0.98	4.6	1.34	5.0	6.1	북	349	16.8	1021.6	-	338	
2021-11-01 18:20:00	12.8	서북서	292	20.41	1.07	4.7	1.28	5.0	6.0	북북서	337	16.7	1021.7	-	19	
2021-11-01 18:25:00	16.4	북서	314	20.40	1.01	4.7	1.26	5.0	5.3	북북서	335	16.7	1021.8	-	13	
2021-11-01 18:30:00	9.2	서북서	297	20.39	0.91	4.8	1.28	5.0	5.3	북서	321	16.8	1021.8	-	199	
2021-11-01 18:35:00	6.9	북서	308	20.41	1.14	5.1	1.63	5.0	4.0	북서	305	16.3	1021.9	-	1	
2021-11-01 18:40:00	11.3	서북서	300	20.40	1.01	4.9	1.59	5.0	4.9	서	280	16.1	1021.9	-	13	
2021-11-01 18:45:00	9.3	서북서	295	20.38	0.94	4.6	1.35	5.0	5.1	서	275	16.1	1021.9	-	317	
2021-11-01 18:50:00	11.2	서북서	299	20.39	0.93	5.0	1.53	5.0	5.2	서	278	15.9	1022.0	-	6	
2021-11-01 18:55:00	7.6	서북서	295	20.39	0.97	5.0	1.30	5.0	5.1	서북서	284	15.7	1022.1	-	8	
2021-11-01 19:00:00	11.1	북서	318	20.39	0.99	5.3	1.46	5.5	5.3	서	279	15.6	1022.0	-	346	
2021-11-01 19:05:00	9.5	서	280	20.40	0.95	4.8	1.49	4.0	5.3	서북서	285	15.7	1022.1	-	6	
2021-11-01 19:10:00	10.3	북서	310	20.41	0.98	4.9	1.27	4.5	5.1	서북서	287	15.6	1022.2	-	2	
2021-11-01 19:15:00	9.9	서	274	20.42	0.84	4.9	1.08	5.0	4.9	서북서	286	15.6	1022.2	-	357	
2021-11-01 19:20:00	7.2	북서	308	20.40	0.82	4.8	1.00	5.0	4.9	서북서	291	15.6	1022.3	-	334	
2021-11-01 19:25:00	8.6	서북서	285	20.41	0.88	4.6	1.39	4.5	4.6	서북서	301	15.6	1022.3	-	4	
2021-11-01 19:30:00	7.1	서북서	286	20.41	0.95	4.9	1.39	5.5	4.3	서북서	291	15.5	1022.3	-	14	
2021-11-01 19:35:00	7.9	서	261	20.41	0.94	4.9	1.46	5.5	4.0	서북서	299	15.5	1022.3	-	6	
2021-11-01 19:40:00	4.3	서	269	20.40	1.04	5.1	1.40	5.0	4.4	서북서	301	15.4	1022.3	-	345	
2021-11-01 19:45:00	8.3	서북서	285	20.42	0.87	5.2	1.02	5.0	4.6	서북서	295	15.5	1022.2	-	344	
2021-11-01 19:50:00	7.0	서	268	20.40	0.74	5.4	0.99	5.0	5.0	서북서	297	15.5	1022.2	-	14	
2021-11-01 19:55:00	8.9	서	279	20.41	0.95	5.2	1.22	4.5	5.1	서북서	292	15.5	1022.2	-	354	
2021-11-01 20:00:00	5.7	서	280	20.42	0.88	4.9	1.62	5.0	4.9	서북서	291	15.5	1022.2	-	338	
2021-11-01 20:05:00	9.2	서	262	20.41	0.83	5.4	1.41	5.0	4.8	서북서	288	15.4	1022.2	-	12	
2021-11-01 20:10:00	8.5	서	266	20.41	0.87	5.3	1.16	5.0	4.7	서북서	290	15.4	1022.2	-	2	
2021-11-01 20:15:00	4.9	서	271	20.42	0.90	5.0	1.33	5.0	4.4	서북서	288	15.4	1022.2	-	337	
2021-11-01 20:20:00	7.8	서	264	20.45	0.80	5.3	1.23	5.5	4.6	서북서	282	15.3	1022.2	-	343	
2021-11-01 20:25:00	6.4	서남서	242	20.46	0.75	4.8	1.06	5.0	4.8	서북서	283	15.3	1022.2	-	327	
2021-11-01 20:30:00	6.3	서남서	256	20.44	0.86	5.1	1.25	5.5	4.6	서북서	287	15.2	1022.2	-	25	
2021-11-01 20:35:00	5.8	남서	217	20.43	0.97	4.9	1.32	5.0	4.4	서북서	283	15.2	1022.2	-	9	
2021-11-01 20:40:00	7.6	서남서	252	20.46	0.83	5.0	1.10	5.5	4.4	서	274	15.3	1022.2	-	17	
2021-11-01 20:45:00	4.6	서남서	239	20.45	0.84	5.0	1.25	5.0	4.2	서	272	15.2	1022.3	-	20	
2021-11-01 20:50:00	4.6	서남서	258	20.45	0.76	5.0	0.98	4.0	4.4	서	270	15.1	1022.3	-	284	
2021-11-01 20:55:00	6.6	서남서	252	20.45	0.94	5.5	1.18	5.5	5.0	서	264	15.0	1022.4	-	6	
2021-11-01 21:00:00	6.6	서남서	246	20.46	0.80	5.2	1.28	5.5	4.2	서남서	249	15.2	1022.4	-	5	
2021-11-01 21:05:00	5.9	서남서	236	20.46	0.82	5.4	1.32	5.0	4.1	서남서	239	14.6	1022.5	-	352	
2021-11-01 21:10:00	5.2	남서	219	20.46	0.82	5.5	1.31	4.5	4.0	서남서	239	14.3	1022.5	-	0	
2021-11-01 21:15:00	6.6	서남서	258	20.46	1.02	5.5	1.64	4.5	4.4	서남서	238	14.2	1022.6	-	0	
2021-11-01 21:20:00	2.8	남남서	207	20.45	0.75	5.0	0.89	4.5	4.6	서남서	241	14.1	1022.6	-	321	
2021-11-01 21:25:00	5.5	남남서	198	20.43	0.70	4.9	0.93	5.0	4.4	서남서	239	14.0	1022.6	-	8	
2021-11-01 21:30:00	2.6	서남서	239	20.43	0.89	5.8	1.26	6.5	4.0	서남서	247	14.2	1022.6	-	5	
2021-11-01 21:35:00	3.4	남서	235	20.44	0.92	5.1	1.36	5.0	4.2	서남서	241	14.0	1022.5	-	356	
2021-11-01 21:40:00	5.3	남남서	209	20.42	1.00	5.9	1.43	5.5	4.1	서남서	246	13.9	1022.5	-	26	
2021-11-01 21:45:00	5.2	남남서	211	20.44	1.01	5.8	1.52	5.5	4.4	남서	236	13.9	1022.6	-	6	
2021-11-01 21:50:00	8.4	남	181	20.43	0.92	5.5	1.25	5.5	4.3	서남서	238	13.9	1022.5	-	4	
2021-11-01 21:55:00	7.4	남	185	20.43	0.86	5.8	1.11	5.0	3.8	서남서	241	13.8	1022.5	-	2	
2021-11-01 22:00:00	6.2	남	181	20.43	0.91	6.0	1.34	5.5	3.5	서남서	244	13.9	1022.5	-	354	
2021-11-01 22:05:00	5.3	남	190	20.43	0.92	6.0	1.21	5.5	3.8	서남서	257	13.9	1022.4	-	6	
2021-11-01 22:10:00	9.8	남	188	20.42	0.93	5.5	1.11	5.5	3.9	서남서	252	13.7	1022.4	-	6	
2021-11-01 22:15:00	8.2	남남서	198	20.42	0.98	5.7	1.51	5.5	3.9	서남서	246	13.6	1022.5	-	4	
2021-11-01 22:20:00	6.1	남	184	20.41	1.06	6.0	1.51	6.0	4.0	서남서	248	13.6	1022.5	-	13	
2021-11-01 22:25:00	6.4	남	190	20.41	0.95	5.8	1.31	5.0	4.0	서남서	250	13.7	1022.4	-	347	
2021-11-01 22:30:00	7.4	남	177	20.40	0.92	5.7	1.25	5.5	4.0	서남서	253	13.8	1022.4	-	11	
2021-11-01 22:35:00	5.6	남남동	163	20.39	0.94	5.8	1.39	5.5	4.2	서남서	252	13.5	1022.4	-	17	
2021-11-01 22:40:00	7.5	남	181	20.44	1.00	6.1	1.38	6.0	4.2	서남서	247	13.4	1022.4	-	10	
2021-11-01 22:45:00	7.0	남	183	20.44	1.01	6.1	1.15	5.0	4.1	서남서	246	13.3	1022.4	-	10	
2021-11-01 22:50:00	5.2	남	172	20.42	0.92	5.8	1.12	5.5	3.9	서	266	13.5	1022.4	-	13	
2021-11-01 22:55:00	10.1	남	173	20.44	0.84	5.9	1.16	6.5	5.0	서북서	292	14.3	1022.4	-	5	
2021-11-01 23:00:00	8.9	남남동	155	20.45	1.02	6.1	1.28	6.0	5.7	서북서	303	14.6	1022.4	-	13	
2021-11-01 23:05:00	10.4	남남동	159	20.44	0.93	5.8	1.23	5.5	6.0	북서	304	14.6	1022.4	-	335	
2021-11-01 23:10:00	9.6	남	179	20.49	1.16	6.0	1.62	6.0	5.8	서북서	301	14.5	1022.4	-	7	
2021-11-01 23:15:00	13.2	남남동	166	20.45	1.14	6.1	1.62	6.0	6.1	서북서	301	14.5	1022.4	-	352	
2021-11-01 23:20:00	10.4	남남동	165	20.53	1.01	6.5	1.56	6.5	6.4	북서	305	14.6	1022.3	-	357	
2021-11-01 23:25:00	10.1	남남동	169	20.50	0.89	5.7	1.40	5.5	6.4	북서	310	14.6	1022.3	-	17	
2021-11-01 23:30:00	9.6	남남동	165	20.51	0.96	6.1	1.29	6.0	6.4	북서	312	14.6	1022.3	-	1	
2021-11-01 23:35:00	10.0	남	176	20.53	1.16	6.2	1.57	6.5	6.4	북서	308	14.6	1022.3	-	14	
2021-11-01 23:40:00	12.5	남남동	166	20.51	1.05	6.4	1.22	6.0	6.3	북서	313	14.5	1022.3	-	6	
2021-11-01 23:45:00	14.8	남	178	20.53	1.12	6.3	1.47	6.0	6.1	북서	310	14.5	1022.2	-	14	
2021-11-01 23:50:00	11.3	남남동	168	20.51	1.34	6.7	1.86	6.0	6.5	북서	307	14.4	1022.2	-	3	
2021-11-01 23:55:00	10.5	남남동	153	20.52	0.94	6.1	1.41	6.5	6.5	북서	305	14.2	1022.1	-	356	
2021-11-02 00:00:00	14.2	남남동	158	20.52	1.26	6.7	1.61	6.0	6.3	북서	304	14.2	1022.2	-	19	
2021-11-02 00:05:00	16.9	남남동	160	20.52	0.96	6.3	1.32	6.0	6.4	북서	304	14.0	1022.1	-	345	
2021-11-02 00:10:00	17.2	남남동	151	20.50	1.45	6.3	1.75	6.5	6.2	북서	310	14.1	1022.2	-	15	
2021-11-02 00:15:00	13.9	남남동	151	20.55	1.11	6.3	1.42	7.0	6.3	북서	307	14.0	1022.2	-	358	
2021-11-02 00:20:00	16.1	남남동	158	20.54	1.19	6.4	1.69	7.0	6.4	북서	311	14.0	1022.1	-	2	
2021-11-02 00:25:00	17.0	남남동	152	20.55	1.16	6.5	1.55	4.5	6.5	북서	314	14.2	1022.1	-	359	
2021-11-02 00:30:00	13.3	남남동	158	20.57	1.22	7.2	1.42	7.0	6.1	북서	313	14.1	1022.1	-	2	
2021-11-02 00:35:00	15.0	남남동	147	20.53	1.47	7.2	2.27	7.0	6.1	북서	306	13.9	1022.1	-	9	
2021-11-02 00:40:00	16.1	남남동	150	20.54	1.62	7.2	2.83	7.0	5.9	서북서	302	13.9	1022.1	-	8	
2021-11-02 00:45:00	19.5	남남동	150	20.57	1.55	7.0	2.00	7.0	6.1	서북서	303	13.8	1022.1	-	13	
2021-11-02 00:50:00	18.4	남동	145	20.55	1.31	7.4	1.89	7.0	6.0	서북서	298	13.8	1022.1	-	7	
2021-11-02 00:55:00	16.2	남동	144	20.57	1.35	7.2	1.61	6.5	5.9	서북서	302	13.6	1022.1	-	12	
2021-11-02 01:00:00	21.0	남남동	147	20.58	1.53	7.2	2.01	7.5	6.0	북서	304	13.5	1022.0	-	2	
2021-11-02 01:05:00	15.5	남남동	151	20.56	1.78	7.4	2.36	6.5	5.9	서북서	299	13.4	1022.0	-	6	
2021-11-02 01:10:00	22.3	남남동	147	20.53	1.29	7.3	1.58	8.5	6.0	서북서	298	13.3	1021.9	-	20	
2021-11-02 01:15:00	24.2	남남동	150	20.47	1.40	6.9	1.75	6.5	5.9	서북서	295	13.4	1021.9	-	10	
2021-11-02 01:20:00	19.0	남남동	147	20.46	1.70	7.8	2.63	8.5	6.3	서북서	297	13.4	1021.9	-	20	
2021-11-02 01:25:00	25.4	남남동	150	20.36	1.40	7.2	1.75	8.5	6.3	북서	305	13.5	1021.9	-	6	
2021-11-02 01:30:00	23.8	남남동	150	20.30	1.48	7.5	1.59	8.0	6.4	북서	311	13.4	1021.9	-	1	
2021-11-02 01:35:00	19.4	남남동	151	20.28	1.53	7.1	2.06	6.5	6.3	북서	311	13.3	1021.8	-	0	
2021-11-02 01:40:00	21.8	남동	144	20.28	1.68	8.3	2.18	7.5	6.2	북서	311	13.3	1021.8	-	16	
2021-11-02 01:45:00	24.3	남남동	147	20.25	1.47	7.0	1.71	6.0	6.1	북서	304	13.2	1021.8	-	18	
2021-11-02 01:50:00	22.7	남남동	150	20.28	1.43	7.6	1.87	7.5	6.1	북서	304	12.9	1021.8	-	23	
2021-11-02 01:55:00	26.1	남남동	151	20.27	1.63	8.0	2.50	8.5	5.9	서북서	301	12.8	1021.8	-	10	
2021-11-02 02:00:00	23.6	남동	145	20.27	1.67	8.0	2.39	7.0	6.1	서북서	300	12.9	1021.8	-	10	
2021-11-02 02:05:00	20.6	남동	142	20.27	1.63	8.5	1.93	8.5	5.8	서북서	298	13.0	1021.8	-	14	
2021-11-02 02:10:00	22.7	남동	143	20.26	1.56	8.2	1.81	7.0	5.7	서북서	295	13.0	1021.8	-	8	
2021-11-02 02:15:00	21.9	남동	146	20.25	1.62	8.5	2.39	8.0	5.6	서북서	287	13.1	1021.8	-	11	
2021-11-02 02:20:00	24.9	남남동	153	20.24	1.53	7.5	2.04	8.0	5.2	서북서	283	13.4	1021.8	-	11	
2021-11-02 02:25:00	20.9	남동	144	20.25	2.08	8.1	2.35	8.0	4.6	서	277	13.4	1021.8	-	16	
2021-11-02 02:30:00	19.5	남동	145	20.24	1.87	8.3	3.01	7.5	4.1	서	269	13.3	1021.8	-	17	
2021-11-02 02:35:00	21.5	남남동	147	20.23	1.76	7.6	2.49	9.0	3.9	서남서	254	12.8	1021.8	-	357	
2021-11-02 02:40:00	19.1	남동	140	20.21	2.04	8.3	2.77	8.5	4.4	서남서	256	12.6	1021.7	-	15	
2021-11-02 02:45:00	18.0	남동	139	20.21	2.08	8.7	2.66	9.0	3.9	서	263	12.8	1021.8	-	27	
2021-11-02 02:50:00	20.2	남남동	148	20.20	1.84	7.9	2.17	7.5	3.9	서남서	252	12.6	1021.8	-	14	
2021-11-02 02:55:00	20.7	남남동	147	20.21	2.00	8.1	2.67	8.0	4.2	서남서	255	12.5	1021.8	-	18	
2021-11-02 03:00:00	18.8	남동	141	20.20	1.98	7.6	2.74	8.0	4.5	서남서	247	12.5	1021.7	-	18	
2021-11-02 03:05:00	20.3	남남동	149	20.21	1.82	8.3	2.46	9.5	4.3	서남서	252	12.5	1021.6	-	23	
2021-11-02 03:10:00	19.4	남동	145	20.20	1.69	8.1	2.19	6.5	4.0	서남서	249	12.5	1021.6	-	353	
2021-11-02 03:15:00	22.0	남남동	155	20.20	2.13	8.5	2.74	8.0	3.9	서남서	256	12.5	1021.6	-	20	
2021-11-02 03:20:00	17.9	남동	143	20.21	2.17	8.6	3.11	8.5	4.6	서남서	246	12.4	1021.6	-	12	
2021-11-02 03:25:00	18.8	남동	145	20.20	1.98	8.3	2.46	8.0	5.0	서남서	246	12.1	1021.6	-	20	
2021-11-02 03:30:00	16.6	남동	135	20.18	1.57	7.6	1.85	7.0	4.7	서남서	245	12.0	1021.6	-	14	
2021-11-02 03:35:00	16.0	남동	137	20.18	2.15	8.4	2.62	7.5	4.6	서남서	244	12.1	1021.6	-	18	
2021-11-02 03:40:00	14.2	남동	129	20.17	1.90	8.6	2.22	9.0	4.9	서남서	246	12.1	1021.6	-	16	
2021-11-02 03:45:00	13.7	남남동	153	20.18	1.58	8.6	1.89	8.0	4.9	서남서	247	12.2	1021.6	-	6	
2021-11-02 03:50:00	16.5	남동	137	20.17	1.91	8.0	2.42	7.5	4.7	서남서	253	12.2	1021.6	-	23	
2021-11-02 03:55:00	15.0	남동	143	20.18	1.73	8.8	2.10	8.5	4.6	서남서	254	12.3	1021.5	-	2	
2021-11-02 04:00:00	11.0	남동	130	20.18	1.78	8.2	2.02	9.0	4.5	서남서	256	12.4	1021.5	-	8	
2021-11-02 04:05:00	12.4	남남동	147	20.18	1.63	8.9	1.98	9.0	5.0	서남서	252	12.5	1021.5	-	16	
2021-11-02 04:10:00	11.7	남동	136	20.17	1.70	8.1	2.48	8.0	4.7	서	259	12.5	1021.5	-	14	
2021-11-02 04:15:00	12.6	남동	134	20.16	1.60	7.5	2.03	7.0	4.8	서남서	257	12.5	1021.4	-	13	
2021-11-02 04:20:00	8.1	남남동	150	20.14	1.58	8.3	1.94	10.0	4.7	서남서	246	12.4	1021.5	-	13	
2021-11-02 04:25:00	11.6	남동	134	20.16	2.03	8.5	2.45	9.0	4.9	서남서	251	12.5	1021.4	-	11	
2021-11-02 04:30:00	13.6	남남동	147	20.15	1.92	8.1	2.97	7.0	4.9	서남서	250	12.4	1021.5	-	15	
2021-11-02 04:35:00	12.9	남남동	155	20.14	1.91	8.2	2.32	7.5	4.9	서남서	248	12.3	1021.5	-	7	
2021-11-02 04:40:00	13.2	남동	133	20.14	1.78	7.8	1.97	8.0	4.8	서남서	254	12.3	1021.4	-	6	
2021-11-02 04:45:00	15.5	남동	134	20.14	1.50	7.4	1.77	6.5	4.8	서남서	253	12.4	1021.4	-	27	
2021-11-02 04:50:00	10.9	남동	138	20.11	1.67	7.1	2.31	6.5	4.9	서남서	246	12.3	1021.3	-	10	
2021-11-02 04:55:00	16.5	남남동	158	20.13	2.13	8.6	2.62	8.5	5.3	서남서	244	11.9	1021.3	-	8	
2021-11-02 05:00:00	14.2	남동	136	20.13	2.12	7.3	2.55	7.5	4.8	서남서	244	12.0	1021.3	-	1	
2021-11-02 05:05:00	13.7	남남동	151	20.11	2.16	8.7	3.36	8.0	4.6	서남서	248	11.9	1021.4	-	12	
2021-11-02 05:10:00	9.6	남	176	20.13	1.55	8.5	2.03	7.0	4.8	서남서	241	11.8	1021.4	-	2	
2021-11-02 05:15:00	9.3	남남동	149	20.10	2.06	8.0	2.78	8.0	4.8	서남서	243	11.6	1021.4	-	10	
2021-11-02 05:20:00	10.4	남남동	162	20.11	1.99	8.1	2.96	7.0	4.7	서남서	247	11.5	1021.3	-	5	
2021-11-02 05:25:00	13.6	남동	146	20.07	2.08	8.0	2.99	8.0	4.0	서남서	246	11.5	1021.3	-	10	
2021-11-02 05:30:00	11.0	남남동	154	20.07	2.34	8.0	3.31	8.0	4.1	서남서	247	11.5	1021.3	-	19	
2021-11-02 05:35:00	13.1	남동	144	20.06	1.98	8.0	2.50	7.5	4.5	서남서	249	11.5	1021.3	-	15	
2021-11-02 05:40:00	15.3	남동	140	20.08	1.89	7.5	2.18	8.0	4.4	서남서	244	11.7	1021.3	-	14	
2021-11-02 05:45:00	11.6	남남동	156	20.08	1.57	7.5	1.79	7.5	5.0	서남서	242	11.6	1021.3	-	23	
2021-11-02 05:50:00	15.4	남남동	156	20.07	2.11	8.4	2.59	9.0	4.7	서남서	242	11.7	1021.2	-	22	
2021-11-02 05:55:00	7.9	남남동	159	20.06	2.40	8.5	3.35	8.5	4.7	서남서	246	11.6	1021.2	-	15	
2021-11-02 06:00:00	11.8	남동	131	19.98	1.88	7.5	2.22	7.0	4.7	서남서	248	11.4	1021.2	-	14	
2021-11-02 06:05:00	14.1	남남동	153	20.03	2.01	8.8	2.83	10.0	4.7	서남서	254	11.4	1021.2	-	21	
2021-11-02 06:10:00	11.8	남동	142	20.01	2.21	8.1	3.25	7.0	5.1	서남서	246	11.4	1021.2	-	17	
2021-11-02 06:15:00	11.6	남동	126	19.99	2.20	8.8	2.85	8.5	5.6	서남서	247	11.2	1021.2	-	15	
2021-11-02 06:20:00	20.0	남동	125	20.00	2.24	8.4	2.94	7.5	5.6	서남서	245	11.2	1021.2	-	15	
2021-11-02 06:25:00	16.8	남동	129	20.00	2.19	8.0	3.28	8.0	5.6	서남서	242	11.2	1021.2	-	12	
2021-11-02 06:30:00	11.3	남동	137	19.98	1.99	8.1	2.36	8.5	5.6	서남서	238	11.3	1021.3	-	12	
2021-11-02 06:35:00	12.8	남동	128	19.97	2.10	8.2	2.63	8.0	5.5	서남서	241	11.3	1021.2	-	16	
2021-11-02 06:40:00	11.5	남동	131	19.97	2.23	8.6	2.68	7.5	5.4	서남서	243	11.2	1021.2	-	22	
2021-11-02 06:45:00	12.2	동남동	117	19.97	2.21	9.0	2.87	9.0	5.1	서남서	251	11.4	1021.3	-	8	
2021-11-02 06:50:00	15.6	남동	125	19.96	2.21	7.8	2.77	7.5	4.5	서	264	11.6	1021.3	-	17	
2021-11-02 06:55:00	13.9	남동	127	19.97	2.06	7.5	2.79	7.0	3.6	서	263	11.6	1021.4	-	16	
2021-11-02 07:00:00	14.3	남동	128	19.97	2.51	8.8	3.66	8.5	3.2	서남서	248	11.8	1021.4	-	12	
2021-11-02 07:05:00	14.1	남동	131	19.96	2.33	8.5	2.83	9.0	3.1	서남서	250	11.6	1021.5	-	19	
2021-11-02 07:10:00	7.0	남동	124	19.97	2.33	8.3	2.97	8.0	3.6	서남서	256	11.5	1021.5	-	22	
2021-11-02 07:15:00	13.5	남남동	149	19.96	1.88	8.7	2.19	7.5	3.7	서남서	257	11.4	1021.5	-	33	
2021-11-02 07:20:00	13.8	남동	129	19.94	2.17	7.8	2.96	7.5	3.8	서남서	258	11.6	1021.6	-	23	
2021-11-02 07:25:00	6.8	남남동	161	19.97	1.90	7.5	2.15	7.5	4.3	서남서	242	12.0	1021.7	-	22	
2021-11-02 07:30:00	13.4	남동	146	19.94	2.02	8.8	2.91	10.0	4.0	서남서	248	12.1	1021.7	-	16	
2021-11-02 07:35:00	9.3	남동	142	19.95	2.44	8.3	3.32	8.5	4.6	서남서	249	12.0	1021.7	-	12	
2021-11-02 07:40:00	13.5	남동	143	19.94	2.66	8.1	3.03	8.5	4.0	서남서	254	12.3	1021.7	-	16	
2021-11-02 07:45:00	10.4	남남동	148	19.96	2.45	8.1	2.94	9.0	3.6	서남서	255	12.4	1021.8	-	15	
2021-11-02 07:50:00	11.8	동남동	120	19.95	2.23	7.7	3.79	7.5	3.9	서남서	257	12.7	1021.8	-	18	
2021-11-02 07:55:00	7.4	남동	128	19.96	1.74	8.3	2.23	7.5	3.9	서남서	248	12.5	1021.8	-	12	
2021-11-02 08:00:00	10.3	남동	136	19.94	2.18	7.6	2.82	8.0	3.8	서남서	253	12.7	1021.8	-	6	
2021-11-02 08:05:00	6.2	남남동	154	19.92	2.28	8.3	2.70	8.0	4.1	서남서	248	12.5	1021.8	-	4	
2021-11-02 08:10:00	9.5	남동	141	19.94	2.19	8.4	2.46	9.0	4.1	서남서	249	12.9	1021.9	-	13	
2021-11-02 08:15:00	5.0	남동	140	19.93	2.47	8.1	3.70	8.0	3.8	서남서	252	13.1	1021.9	-	14	
2021-11-02 08:20:00	6.6	남동	137	19.89	2.08	8.5	2.48	8.0	4.5	서남서	253	13.2	1021.9	-	14	
2021-11-02 08:25:00	7.7	동남동	123	19.88	2.29	7.4	3.27	8.0	4.2	서남서	252	13.4	1021.9	-	2	
2021-11-02 08:30:00	11.2	동남동	119	19.88	1.85	7.6	2.56	7.0	4.1	서남서	253	13.7	1022.0	-	9	
2021-11-02 08:35:00	7.8	남동	136	19.90	2.03	8.1	3.41	7.5	3.7	서남서	250	13.7	1022.0	-	18	
2021-11-02 08:40:00	13.4	남동	134	19.86	1.71	8.0	2.23	8.5	3.3	서북서	283	14.1	1022.0	-	4	
2021-11-02 08:45:00	9.1	동남동	114	19.87	2.08	7.0	3.26	7.0	4.7	서북서	301	14.5	1021.9	-	18	
2021-11-02 08:50:00	8.7	동남동	108	19.88	1.72	8.3	2.30	8.0	6.8	북서	308	14.6	1021.8	-	16	
2021-11-02 08:55:00	7.3	남동	127	19.89	2.05	8.5	3.20	7.0	6.6	북서	310	14.8	1021.8	-	17	
2021-11-02 09:00:00	9.5	남동	130	19.86	1.94	7.9	2.56	8.5	6.9	북서	310	14.9	1021.9	-	3	
2021-11-02 09:05:00	11.8	남동	127	19.86	2.18	8.7	2.84	7.0	6.9	북서	312	14.9	1021.9	-	24	
2021-11-02 09:10:00	11.7	동남동	108	19.87	1.77	8.3	2.13	8.0	7.2	북서	311	15.1	1021.9	-	26	
2021-11-02 09:15:00	7.7	남동	139	19.88	1.92	7.8	2.67	7.5	7.5	북서	311	15.1	1021.9	-	18	
2021-11-02 09:20:00	10.9	남동	130	19.88	2.34	8.5	2.69	8.5	8.1	북서	316	15.1	1021.8	-	20	
2021-11-02 09:25:00	5.5	동남동	118	19.89	1.88	8.3	2.31	8.5	8.8	북서	323	15.1	1021.8	-	22	
2021-11-02 09:30:00	11.5	남동	126	19.87	2.29	8.5	3.55	7.5	8.1	북서	318	15.0	1021.8	-	19	
2021-11-02 09:35:00	8.9	남동	137	19.88	2.25	8.0	3.70	8.5	7.8	북서	319	15.0	1021.8	-	9	
2021-11-02 09:40:00	9.9	남동	139	19.88	2.02	8.5	2.54	7.5	7.6	북서	320	15.0	1021.7	-	14	
2021-11-02 09:45:00	11.5	남동	133	19.89	2.18	9.0	2.62	8.5	7.7	북서	319	15.1	1021.7	-	22	
2021-11-02 09:50:00	11.8	남동	146	19.88	2.22	8.0	2.83	7.0	7.6	북서	322	15.1	1021.6	-	29	
2021-11-02 09:55:00	4.7	남남동	157	19.88	2.26	8.8	2.91	8.0	6.9	북서	320	15.2	1021.5	-	12	
2021-11-02 10:00:00	10.2	남남동	148	19.88	1.83	8.5	2.43	8.5	7.6	북북서	328	15.4	1021.5	-	12	
2021-11-02 10:05:00	9.7	남동	125	19.88	1.94	8.2	2.97	7.5	8.4	북북서	328	15.4	1021.5	-	36	
2021-11-02 10:10:00	3.6	남남동	166	19.88	2.15	8.0	2.89	7.5	8.7	북북서	331	15.5	1021.5	-	2	
2021-11-02 10:15:00	7.2	남남동	152	19.89	1.97	7.9	2.59	8.5	8.1	북북서	335	15.7	1021.5	-	21	
2021-11-02 10:20:00	7.1	남	191	19.89	2.09	8.3	2.88	8.5	8.3	북북서	329	15.8	1021.5	-	32	
2021-11-02 10:25:00	9.2	동남동	116	19.89	2.16	8.0	3.43	8.0	8.7	북북서	338	15.9	1021.5	-	20	
2021-11-02 10:30:00	12.5	남남동	147	19.89	2.43	8.5	3.01	9.0	9.3	북북서	335	15.8	1021.5	-	36	
2021-11-02 10:35:00	9.1	남동	130	19.89	2.28	8.3	2.76	8.5	9.1	북북서	337	15.6	1021.5	-	22	
2021-11-02 10:40:00	6.5	남동	132	19.89	2.10	8.5	2.81	7.5	9.9	북북서	337	15.5	1021.5	-	26	
2021-11-02 10:45:00	10.8	남동	127	19.87	1.79	7.5	2.53	7.0	10.2	북북서	336	15.4	1021.5	-	31	
2021-11-02 10:50:00	4.9	동남동	121	19.87	2.56	8.0	3.37	9.0	9.4	북북서	329	15.4	1021.5	-	14	
2021-11-02 10:55:00	6.0	동남동	122	19.88	2.07	7.7	2.77	8.5	9.5	북북서	330	15.4	1021.4	-	20	
2021-11-02 11:00:00	5.1	동북동	79	19.88	2.13	8.7	2.64	8.5	9.5	북북서	329	15.5	1021.4	-	34	
2021-11-02 11:05:00	9.5	남남동	157	19.88	2.41	8.5	3.78	8.0	9.8	북북서	332	15.4	1021.3	-	19	
2021-11-02 11:10:00	5.8	남동	140	19.87	1.99	8.4	3.03	8.5	10.0	북북서	336	15.3	1021.2	-	26	
2021-11-02 11:15:00	5.0	남	175	19.87	1.76	7.7	2.03	9.0	10.3	북북서	330	15.5	1021.2	-	7	
2021-11-02 11:20:00	6.9	동남동	106	19.87	1.85	7.4	2.55	7.5	10.3	북북서	328	15.5	1021.2	-	9	
2021-11-02 11:25:00	7.2	남남동	168	19.87	1.92	8.1	2.37	9.0	9.4	북북서	328	15.5	1021.2	-	22	
2021-11-02 11:30:00	7.8	남동	127	19.87	2.32	8.8	3.23	9.0	10.0	북북서	328	15.3	1021.1	-	23	
2021-11-02 11:35:00	8.6	남동	134	19.86	2.12	8.5	2.53	8.5	9.3	북북서	327	15.2	1021.1	-	22	
2021-11-02 11:40:00	7.8	동남동	110	19.86	1.96	8.3	2.43	8.0	9.7	북북서	329	15.2	1021.1	-	30	
2021-11-02 11:45:00	4.2	남동	139	19.86	2.16	8.2	2.70	8.5	9.0	북서	324	15.2	1021.0	-	13	
2021-11-02 11:50:00	6.9	남남동	161	19.86	2.23	8.0	2.94	7.0	8.5	북서	326	15.3	1020.9	-	16	
2021-11-02 11:55:00	4.5	동북동	79	19.86	1.94	8.1	2.81	7.5	8.7	북북서	331	15.4	1020.8	-	24	
2021-11-02 12:00:00	2.9	남남동	149	19.87	2.07	8.0	2.87	7.5	8.4	북북서	332	15.5	1020.8	-	6	
2021-11-02 12:05:00	2.5	남남서	205	19.87	2.02	7.0	2.83	6.0	8.5	북북서	332	15.5	1020.7	-	15	
2021-11-02 12:10:00	2.3	남	186	19.87	1.90	7.4	2.56	8.0	8.4	북북서	334	15.6	1020.6	-	2	
2021-11-02 12:15:00	3.9	남	175	19.86	2.16	8.2	3.39	9.0	8.7	북북서	334	15.3	1020.6	-	30	
2021-11-02 12:20:00	4.0	남남동	148	19.86	1.81	8.2	2.34	9.5	8.4	북북서	332	15.4	1020.6	-	29	
2021-11-02 12:25:00	3.3	동	98	19.86	1.73	8.0	2.00	8.5	8.2	북북서	338	15.4	1020.5	-	35	
2021-11-02 12:30:00	3.3	남남동	153	19.86	2.05	7.9	2.44	8.0	8.6	북북서	337	15.6	1020.4	-	36	
2021-11-02 12:35:00	2.4	남남동	168	19.86	1.68	8.0	2.27	8.0	8.8	북북서	332	15.6	1020.4	-	17	
2021-11-02 12:40:00	4.6	남남동	148	19.85	2.08	8.3	2.67	8.5	9.9	북북서	332	15.5	1020.4	-	32	
2021-11-02 12:45:00	1.1	남	185	19.86	2.14	7.8	2.89	7.0	10.4	북북서	331	15.4	1020.3	-	14	
2021-11-02 12:50:00	6.9	남동	135	19.86	2.10	8.5	2.74	8.0	10.3	북북서	332	15.4	1020.2	-	24	
2021-11-02 12:55:00	5.0	남남동	164	19.86	1.90	7.5	2.46	7.0	9.5	북북서	331	15.4	1020.2	-	29	
2021-11-02 13:00:00	9.2	남남동	161	19.86	2.13	8.4	3.34	8.0	9.0	북서	324	15.3	1020.1	-	30	
2021-11-02 13:05:00	10.3	남	171	19.86	1.81	8.3	2.05	8.5	8.8	북서	325	15.4	1020.0	-	59	
2021-11-02 13:10:00	3.6	남동	138	19.86	2.10	8.4	2.72	7.5	9.1	북서	324	15.4	1019.9	-	23	
2021-11-02 13:15:00	4.6	남동	142	19.85	2.32	8.1	3.17	8.0	9.7	북북서	332	15.4	1019.9	-	28	
2021-11-02 13:20:00	1.1	남	173	19.85	2.30	8.0	2.82	8.5	9.8	북북서	337	15.2	1019.9	-	42	
2021-11-02 13:25:00	8.2	남동	132	19.85	1.70	7.8	2.13	7.5	9.4	북북서	331	14.9	1019.9	-	24	
2021-11-02 13:30:00	4.5	남	174	19.84	1.94	7.8	2.94	8.0	10.3	북북서	333	14.7	1019.8	-	29	
2021-11-02 13:35:00	8.2	남동	143	19.84	2.09	7.9	3.37	8.5	9.5	북서	325	14.4	1019.8	-	32	
2021-11-02 13:40:00	8.8	남남동	159	19.84	2.17	8.5	2.75	8.0	8.7	북서	323	14.3	1019.8	-	29	
2021-11-02 13:45:00	4.2	남동	127	19.85	2.04	7.9	2.28	9.0	8.3	북서	316	14.7	1019.8	-	47	
2021-11-02 13:50:00	6.6	남동	130	19.85	1.80	7.6	2.66	8.5	8.6	북서	317	14.8	1019.7	-	44	
2021-11-02 13:55:00	3.8	남남동	165	19.85	1.73	7.8	2.10	8.5	8.1	북서	309	14.6	1019.7	-	15	
2021-11-02 14:00:00	7.7	남	179	19.85	1.83	8.0	1.99	8.5	8.1	북서	307	14.9	1019.6	-	34	
2021-11-02 14:05:00	7.0	남동	141	19.85	2.06	8.4	2.35	7.5	8.2	북서	310	14.6	1019.6	-	38	
2021-11-02 14:10:00	6.0	남	170	19.85	1.87	8.2	2.38	8.5	7.3	북서	312	14.1	1019.6	-	25	
2021-11-02 14:15:00	5.6	남	169	19.84	1.69	8.3	2.40	8.0	5.3	서북서	290	13.6	1019.6	-	28	
2021-11-02 14:20:00	4.0	남	183	19.85	1.97	8.6	2.76	8.0	4.5	서	271	13.8	1019.6	-	41	
2021-11-02 14:25:00	13.0	남	171	19.83	1.81	8.5	2.77	8.0	5.2	서	276	13.9	1019.5	-	54	
2021-11-02 14:30:00	8.0	남	175	19.85	1.96	8.2	2.85	7.5	5.6	서	264	14.2	1019.4	-	32	
2021-11-02 14:35:00	6.4	남남동	151	19.83	2.34	8.6	3.03	7.0	5.8	서	274	14.4	1019.5	-	44	
2021-11-02 14:40:00	9.9	남남동	152	19.83	2.43	8.8	2.98	8.5	5.8	서북서	294	14.8	1019.6	-	42	
2021-11-02 14:45:00	6.3	남남동	147	19.83	1.85	7.9	2.34	8.5	8.6	북북서	329	15.3	1019.6	-	24	
2021-11-02 14:50:00	8.3	남남동	161	19.84	1.90	8.4	2.71	8.5	9.0	북북서	332	15.5	1019.6	-	36	
2021-11-02 14:55:00	7.8	남	190	19.85	1.93	8.4	3.79	7.5	8.5	북북서	327	15.7	1019.6	-	31	
2021-11-02 15:00:00	9.4	남동	137	19.84	1.88	8.2	2.54	7.5	9.5	북북서	330	15.7	1019.7	-	25	
2021-11-02 15:05:00	6.8	남남동	160	19.86	1.84	7.8	2.25	8.0	9.1	북북서	328	15.7	1019.6	-	16	
2021-11-02 15:10:00	7.2	남	172	19.85	1.97	8.1	2.31	7.5	9.8	북북서	336	15.5	1019.6	-	31	
2021-11-02 15:15:00	12.8	남남동	157	19.86	1.81	8.1	2.77	7.0	9.2	북북서	331	15.6	1019.7	-	42	
2021-11-02 15:20:00	11.4	남남동	153	19.86	1.97	8.0	3.41	8.0	8.8	북서	325	15.6	1019.7	-	33	
2021-11-02 15:25:00	12.7	남동	136	19.86	2.02	8.1	2.89	8.5	9.0	북북서	329	15.4	1019.6	-	40	
2021-11-02 15:30:00	10.6	남동	143	19.87	1.64	8.0	2.30	7.0	8.8	북북서	332	15.4	1019.6	-	61	
2021-11-02 15:35:00	8.0	남남동	154	19.89	2.00	7.5	2.75	6.5	9.3	북북서	333	15.3	1019.7	-	34	
2021-11-02 15:40:00	15.3	남남동	155	19.90	2.02	8.0	2.41	7.5	9.4	북서	321	15.1	1019.6	-	40	
2021-11-02 15:45:00	13.6	남남동	168	19.90	1.96	8.4	2.30	9.5	9.0	북서	325	15.2	1019.7	-	30	
2021-11-02 15:50:00	12.0	남남동	164	19.92	2.00	8.8	2.40	9.0	9.1	북북서	328	15.3	1019.7	-	19	
2021-11-02 15:55:00	9.9	남남동	157	19.93	2.05	8.2	2.78	8.0	9.9	북북서	329	15.2	1019.7	-	41	
2021-11-02 16:00:00	13.4	남	176	19.92	1.85	9.0	2.51	8.5	9.4	북서	322	15.1	1019.7	-	39	
2021-11-02 16:05:00	15.7	남남동	164	19.92	1.99	7.9	2.90	8.5	9.8	북북서	330	15.0	1019.8	-	30	
2021-11-02 16:10:00	12.0	남	171	19.93	1.79	8.4	2.16	9.0	9.5	북서	324	14.9	1019.8	-	30	
2021-11-02 16:15:00	12.2	남남동	168	19.92	2.04	8.7	2.82	7.0	9.7	북서	323	14.8	1019.8	-	32	
2021-11-02 16:20:00	13.3	남	174	19.93	2.22	8.8	2.99	8.5	9.5	북서	320	14.8	1019.9	-	37	
2021-11-02 16:25:00	13.9	남	171	19.93	1.86	8.5	2.30	9.0	9.9	북북서	327	15.0	1019.8	-	28	
2021-11-02 16:30:00	14.0	남	171	19.92	1.79	8.5	2.63	8.5	9.2	북서	326	15.1	1019.9	-	42	
2021-11-02 16:35:00	13.7	남	177	19.92	1.81	8.1	2.67	8.0	9.7	북서	324	15.1	1020.0	-	31	
2021-11-02 16:40:00	11.0	남남동	161	19.91	2.01	8.1	2.47	7.0	8.9	북서	326	15.0	1020.0	-	32	
2021-11-02 16:45:00	16.7	남	175	19.91	1.65	8.6	2.02	9.0	8.2	북서	320	15.0	1020.0	-	41	
2021-11-02 16:50:00	16.5	남남동	167	19.90	2.07	8.1	2.80	8.5	8.3	북서	319	15.0	1019.9	-	42	
2021-11-02 16:55:00	14.2	남	176	19.91	1.78	8.0	2.10	9.5	7.6	북서	320	14.7	1020.0	-	21	
2021-11-02 17:00:00	12.5	남	171	19.91	2.15	7.9	2.86	8.5	7.3	북서	320	14.9	1019.9	-	45	
2021-11-02 17:05:00	15.5	남	171	19.89	1.96	9.1	2.48	9.5	7.4	북서	318	14.9	1019.9	-	51	
2021-11-02 17:10:00	15.5	남	176	19.89	1.65	8.3	2.17	8.0	8.4	북서	325	14.9	1019.9	-	43	
2021-11-02 17:15:00	15.2	남	169	19.90	1.60	7.5	2.11	7.0	8.1	북서	321	14.9	1019.9	-	29	
2021-11-02 17:20:00	16.8	남남동	155	19.88	2.21	8.0	3.10	8.5	8.0	북서	317	14.9	1020.0	-	35	
2021-11-02 17:25:00	18.4	남남동	167	19.88	1.74	7.6	2.27	7.5	7.5	북서	315	14.8	1020.0	-	37	
2021-11-02 17:30:00	17.3	남남동	169	19.88	2.06	7.9	2.40	6.5	7.9	북서	318	14.9	1020.1	-	51	
2021-11-02 17:35:00	15.7	남	169	19.88	2.03	8.0	2.48	8.5	7.1	북서	308	14.8	1020.1	-	46	
2021-11-02 17:40:00	17.9	남남동	160	19.88	2.13	8.3	2.88	8.5	7.6	북서	311	14.7	1020.2	-	47	
2021-11-02 17:45:00	16.7	남남동	160	19.86	2.23	8.5	2.67	8.0	7.5	북서	311	14.7	1020.2	-	38	
2021-11-02 17:50:00	16.9	남	174	19.88	1.86	8.3	2.23	8.5	8.3	북서	317	14.7	1020.1	-	40	
2021-11-02 17:55:00	14.8	남남동	165	19.90	1.76	8.2	2.25	8.5	7.7	북서	311	14.8	1020.2	-	46	
2021-11-02 18:00:00	14.2	남	182	19.91	2.04	8.5	2.91	8.5	7.6	북서	318	14.7	1020.2	-	44	
2021-11-02 18:05:00	14.7	남남동	163	19.92	1.96	7.3	2.25	6.5	7.4	북서	316	14.8	1020.1	-	27	
2021-11-02 18:10:00	14.3	남	169	19.91	1.88	8.5	2.72	7.5	8.0	북서	314	14.7	1020.2	-	29	
2021-11-02 18:15:00	11.1	남	180	19.92	1.84	8.1	2.47	8.5	8.3	북서	315	14.7	1020.2	-	47	
2021-11-02 18:20:00	16.4	남남동	165	19.91	1.83	7.7	2.39	7.5	8.3	북서	315	14.7	1020.2	-	35	
2021-11-02 18:25:00	14.6	남	173	19.91	2.02	8.1	2.78	8.0	7.9	북서	311	14.8	1020.3	-	50	
2021-11-02 18:30:00	12.4	남남동	167	19.93	2.27	8.8	3.34	8.5	8.2	북서	314	14.6	1020.3	-	41	
2021-11-02 18:35:00	11.2	남	181	19.94	1.99	8.3	2.61	6.0	7.4	북서	312	14.6	1020.3	-	40	
2021-11-02 18:40:00	14.6	남	173	19.91	2.16	8.6	2.44	9.0	7.3	북서	310	14.6	1020.4	-	33	
2021-11-02 18:45:00	12.5	남	178	19.93	2.07	8.0	3.04	7.5	7.6	북서	306	14.7	1020.4	-	34	
2021-11-02 18:50:00	13.2	남남동	167	19.92	1.95	8.7	2.38	9.5	8.1	북서	307	14.6	1020.5	-	42	
2021-11-02 18:55:00	15.2	남남동	161	19.89	1.60	8.0	2.08	8.0	7.9	북서	309	14.6	1020.5	-	50	
2021-11-02 19:00:00	14.8	남	177	19.89	1.98	8.3	2.48	6.5	7.8	북서	310	14.5	1020.5	-	48	
2021-11-02 19:05:00	14.8	남남동	160	19.91	1.80	7.4	2.16	7.5	7.5	북서	313	14.5	1020.6	-	24	
2021-11-02 19:10:00	13.8	남	185	19.91	2.19	8.6	3.22	8.5	7.5	북서	314	14.3	1020.6	-	43	
2021-11-02 19:15:00	14.9	남	172	19.90	2.29	8.3	2.81	8.5	7.6	북서	316	14.4	1020.7	-	38	
2021-11-02 19:20:00	15.3	남남동	164	19.91	1.86	8.1	2.36	7.0	8.1	북서	322	14.4	1020.7	-	48	
2021-11-02 19:25:00	14.2	남	177	19.93	1.96	9.2	2.40	7.5	7.0	북북서	335	14.1	1020.9	-	49	
2021-11-02 19:30:00	18.4	남	174	19.91	1.82	7.9	2.85	10.0	7.9	북북서	346	14.0	1020.9	-	47	
2021-11-02 19:35:00	13.7	남	178	19.87	2.52	8.5	3.19	7.5	7.6	북북서	340	13.9	1021.0	-	47	
2021-11-02 19:40:00	18.3	남	171	19.89	1.99	8.4	2.51	7.5	8.2	북북서	331	13.8	1020.9	-	52	
2021-11-02 19:45:00	18.5	남남동	166	19.87	2.09	8.6	2.85	8.5	7.7	북서	326	13.6	1020.9	-	44	
2021-11-02 19:50:00	10.9	남	183	19.89	2.05	7.9	2.31	7.0	8.0	북서	326	13.6	1020.9	-	35	
2021-11-02 19:55:00	18.4	남	175	19.87	2.16	8.1	2.50	6.5	7.1	북서	322	13.5	1020.9	-	40	
2021-11-02 20:00:00	15.6	남남동	167	19.87	2.24	9.2	2.62	9.5	7.2	북서	316	13.6	1021.0	-	49	
2021-11-02 20:05:00	17.5	남	169	19.87	2.00	8.1	2.50	10.0	7.2	북서	323	13.8	1021.0	-	31	
2021-11-02 20:10:00	17.8	남	177	19.86	1.97	9.0	2.23	8.5	7.3	북서	324	13.8	1020.9	-	53	
2021-11-02 20:15:00	16.6	남남동	162	19.87	2.41	8.3	3.11	8.5	6.6	북서	321	13.7	1021.0	-	48	
2021-11-02 20:20:00	20.1	남	176	19.86	1.96	8.0	2.50	9.0	4.9	북서	310	13.4	1021.0	-	35	
2021-11-02 20:25:00	14.3	남남동	166	19.83	2.15	8.5	3.01	8.0	4.5	북서	312	13.4	1021.0	-	48	
2021-11-02 20:30:00	14.4	남남동	166	19.86	2.11	8.3	2.88	8.0	4.9	서북서	298	13.4	1021.0	-	49	
2021-11-02 20:35:00	16.7	남남동	164	19.83	1.71	7.5	2.25	7.0	4.2	서북서	291	13.7	1021.0	-	54	
2021-11-02 20:40:00	15.5	남남동	168	19.89	1.75	7.6	2.45	7.5	4.4	서북서	286	13.4	1020.9	-	53	
2021-11-02 20:45:00	17.0	남	171	19.89	2.25	7.8	2.92	7.0	5.2	서북서	286	13.4	1020.9	-	25	
2021-11-02 20:50:00	17.7	남	170	19.89	2.39	8.8	3.81	8.5	5.4	서북서	297	13.4	1020.9	-	48	
2021-11-02 20:55:00	17.0	남남동	159	19.89	2.10	8.9	2.63	8.5	5.9	서북서	298	13.4	1021.0	-	32	
2021-11-02 21:00:00	16.6	남	176	19.88	2.03	8.6	2.91	8.5	5.7	북서	306	13.4	1021.0	-	51	
2021-11-02 21:05:00	19.2	남남동	166	19.88	2.47	8.5	2.84	8.5	6.7	서북서	301	13.4	1021.1	-	53	
2021-11-02 21:10:00	15.5	남남동	165	19.90	2.07	8.5	2.65	8.5	7.2	북서	307	13.3	1021.0	-	43	
2021-11-02 21:15:00	13.9	남	174	19.91	1.73	7.9	2.29	8.0	5.7	서북서	293	13.2	1021.1	-	69	
2021-11-02 21:20:00	14.1	남	176	19.90	2.34	8.5	3.24	8.5	5.5	서북서	293	13.0	1021.1	-	38	
2021-11-02 21:25:00	13.0	남남동	168	19.89	2.04	8.3	2.50	8.0	5.8	서북서	290	12.9	1021.0	-	59	
2021-11-02 21:30:00	15.3	남	176	19.87	2.02	9.0	2.83	8.5	5.9	서북서	291	13.0	1021.0	-	50	
2021-11-02 21:35:00	18.4	남	176	19.88	2.46	9.0	3.09	9.5	5.8	서북서	294	13.0	1021.0	-	56	
2021-11-02 21:40:00	15.7	남	177	19.87	2.22	9.0	3.02	9.0	6.9	서북서	283	12.9	1021.0	-	51	
2021-11-02 21:45:00	19.4	남	170	19.87	2.01	9.0	2.53	8.0	6.2	서	281	12.9	1021.0	-	60	
2021-11-02 21:50:00	12.6	남	178	19.88	1.93	8.8	2.63	9.5	5.7	서북서	282	13.1	1021.0	-	58	
2021-11-02 21:55:00	16.0	남남동	158	19.88	2.33	8.8	3.04	9.5	5.2	서북서	284	13.1	1020.9	-	51	
2021-11-02 22:00:00	19.8	남남동	164	19.86	1.74	8.9	1.97	8.0	5.4	서북서	293	13.0	1020.9	-	51	
2021-11-02 22:05:00	15.1	남남동	156	19.85	1.91	7.9	2.73	8.0	5.6	서북서	295	13.1	1020.9	-	40	
2021-11-02 22:10:00	13.3	남남동	156	19.85	2.35	9.0	3.44	10.0	5.4	서북서	302	13.1	1020.9	-	50	
2021-11-02 22:15:00	11.9	남남동	165	19.86	2.11	9.1	2.80	8.5	6.1	서북서	302	13.0	1020.9	-	51	
2021-11-02 22:20:00	14.8	남	172	19.86	1.87	8.2	2.37	8.0	6.2	서북서	288	12.9	1020.9	-	34	
2021-11-02 22:25:00	14.4	남남동	169	19.88	2.48	9.0	3.52	8.0	5.7	서북서	289	12.9	1021.0	-	57	
2021-11-02 22:30:00	16.7	남동	143	19.85	2.06	8.6	2.67	8.5	5.5	서북서	284	13.0	1021.0	-	55	
2021-11-02 22:35:00	14.2	남남동	159	19.85	2.27	9.2	2.89	9.0	5.5	서북서	283	13.0	1020.9	-	52	
2021-11-02 22:40:00	16.1	남남동	149	19.84	1.78	8.9	2.39	8.0	5.9	서	281	13.0	1020.9	-	43	
2021-11-02 22:45:00	16.2	남남동	151	19.82	2.05	9.0	2.75	8.0	5.8	서북서	285	13.1	1020.9	-	42	
2021-11-02 22:50:00	12.6	남남동	160	19.86	2.01	8.2	3.18	9.0	5.7	서	277	13.1	1020.8	-	46	
2021-11-02 22:55:00	18.2	남남동	152	19.83	1.35	7.7	1.74	6.0	6.0	서	279	13.0	1020.8	-	42	
2021-11-02 23:00:00	16.8	남남동	159	19.84	1.77	8.3	2.19	7.5	5.3	서	276	13.0	1020.7	-	42	
2021-11-02 23:05:00	17.1	남남동	159	19.84	1.88	8.1	2.66	8.5	5.4	서북서	283	12.9	1020.6	-	50	
2021-11-02 23:10:00	18.2	남동	146	19.83	2.11	8.6	2.57	8.5	4.6	서	278	12.9	1020.7	-	43	
2021-11-02 23:15:00	13.7	남남동	161	19.85	1.82	9.0	2.30	9.5	4.2	서북서	302	12.9	1020.9	-	42	
2021-11-02 23:20:00	15.3	남남동	156	19.85	1.72	8.5	2.23	7.0	4.5	북서	305	12.8	1021.0	-	46	
2021-11-02 23:25:00	18.5	남남동	154	19.84	1.88	8.3	2.90	7.0	2.1	북서	313	12.8	1021.0	-	39	
2021-11-02 23:30:00	16.4	남남동	148	19.85	2.04	7.8	2.64	8.0	3.0	북북동	28	13.2	1020.9	-	46	
2021-11-02 23:35:00	19.3	남남동	165	19.84	1.71	8.5	2.44	8.5	4.2	북북동	30	13.4	1020.8	-	53	
2021-11-02 23:40:00	17.5	남남동	157	19.82	1.88	7.6	2.62	9.0	4.7	북동	38	13.8	1020.7	-	45	
2021-11-02 23:45:00	16.5	남남동	160	19.82	1.87	8.6	2.57	8.5	4.8	북동	45	14.2	1020.6	-	50	
2021-11-02 23:50:00	15.6	남남동	152	19.83	1.83	7.9	2.46	8.0	4.8	북동	45	14.3	1020.6	-	35	
2021-11-02 23:55:00	20.2	남남동	163	19.82	1.78	8.5	2.09	8.0	4.6	동	79	14.3	1020.6	-	47	
2021-11-03 00:00:00	16.8	남남동	158	19.83	1.92	8.5	2.52	8.5	3.5	동남동	104	14.1	1020.6	-	42	
2021-11-03 00:05:00	17.1	남	173	19.85	2.45	9.3	3.01	9.0	2.3	동	101	14.1	1020.6	-	56	
2021-11-03 00:10:00	15.7	남남동	162	19.86	2.04	9.0	2.86	7.5	1.9	동	96	14.0	1020.6	-	48	
2021-11-03 00:15:00	13.3	남남동	163	19.87	1.72	8.4	2.17	8.5	2.5	서	281	13.8	1020.6	-	55	
2021-11-03 00:20:00	13.2	남남동	154	19.86	2.05	8.3	2.60	8.0	5.2	서북서	287	13.5	1020.5	-	42	
2021-11-03 00:25:00	16.4	남남동	167	19.86	1.55	8.3	1.95	7.0	4.1	서	276	13.4	1020.6	-	25	
2021-11-03 00:30:00	14.9	남	169	19.84	1.89	9.2	2.59	8.0	4.0	서	266	13.0	1020.6	-	43	
2021-11-03 00:35:00	17.2	남남동	156	19.86	1.52	6.8	2.34	7.5	3.6	서	273	12.9	1020.5	-	36	
2021-11-03 00:40:00	16.7	남남동	152	19.84	1.79	8.2	2.13	8.0	3.8	서	274	12.9	1020.5	-	38	
2021-11-03 00:45:00	19.4	남남동	159	19.85	1.82	8.0	2.62	6.5	4.3	서	266	12.9	1020.4	-	53	
2021-11-03 00:50:00	-	-	-	-	-	-	-	-	-	-	-	-	-	-	-	
2021-11-03 00:55:00	16.9	남남동	153	19.85	0.00	0.0	0.00	0.0	3.9	서	261	12.9	1020.3	-	28	
2021-11-03 01:00:00	17.6	남남동	154	19.84	1.87	8.6	2.30	8.0	3.7	서	265	13.0	1020.3	-	34	
2021-11-03 01:05:00	17.8	남남동	162	19.84	2.01	8.6	2.95	8.5	2.9	서남서	253	12.9	1020.3	-	50	
2021-11-03 01:10:00	13.4	남남동	153	19.84	1.97	8.8	2.23	9.5	3.5	서남서	251	12.9	1020.2	-	49	
2021-11-03 01:15:00	14.8	남남동	155	19.84	1.87	8.7	2.59	8.0	3.3	서남서	248	12.8	1020.2	-	43	
2021-11-03 01:20:00	12.7	남	172	19.84	1.57	8.1	2.10	9.5	3.1	서남서	244	12.8	1020.1	-	49	
2021-11-03 01:25:00	11.8	남남동	156	19.82	2.08	8.5	2.57	8.5	3.4	서남서	247	12.7	1020.1	-	57	
2021-11-03 01:30:00	12.1	남남동	164	19.82	2.22	8.3	3.32	8.5	3.8	서남서	243	12.7	1020.1	-	45	
2021-11-03 01:35:00	14.9	남남동	149	19.83	2.27	8.2	2.90	9.0	3.4	서	259	12.8	1020.2	-	54	
2021-11-03 01:40:00	13.6	남남동	162	19.82	1.91	8.3	2.91	7.0	3.1	서	265	12.8	1020.3	-	37	
2021-11-03 01:45:00	12.7	남남동	169	19.83	1.73	8.3	2.10	9.0	2.4	서	277	12.9	1020.2	-	51	
2021-11-03 01:50:00	14.8	남남동	151	19.81	2.01	7.4	3.40	8.0	2.5	서	264	12.8	1020.1	-	51	
2021-11-03 01:55:00	12.7	남남동	159	19.81	2.16	8.3	2.81	9.0	1.8	서	267	12.9	1020.0	-	50	
2021-11-03 02:00:00	15.8	남남동	155	19.82	2.24	9.0	2.97	8.5	1.9	서남서	252	12.9	1020.0	-	56	
2021-11-03 02:05:00	13.3	남남동	150	19.82	2.12	8.3	2.74	8.0	2.3	서남서	257	12.9	1020.0	-	34	
2021-11-03 02:10:00	16.3	남남동	150	19.82	1.80	8.1	2.08	8.0	2.8	서남서	242	13.0	1020.0	-	40	
2021-11-03 02:15:00	11.1	남동	145	19.82	1.77	8.2	2.03	7.0	2.6	서남서	255	12.9	1020.0	-	59	
2021-11-03 02:20:00	14.4	남동	139	19.80	1.61	8.3	2.30	9.5	2.4	서	259	13.0	1020.0	-	57	
2021-11-03 02:25:00	13.4	남남동	168	19.82	1.78	8.4	2.57	8.5	2.8	서남서	257	13.0	1019.9	-	43	
2021-11-03 02:30:00	10.1	남동	141	19.81	2.06	8.2	3.42	9.0	2.6	서남서	258	13.0	1019.9	-	52	
2021-11-03 02:35:00	11.2	남동	141	19.81	1.68	8.7	2.41	8.5	3.1	서	261	12.9	1019.9	-	58	
2021-11-03 02:40:00	11.1	남남동	163	19.82	1.86	8.6	2.82	8.0	3.3	서	269	12.9	1019.9	-	42	
2021-11-03 02:45:00	10.5	남남동	154	19.81	1.92	8.8	2.50	8.5	3.1	서	277	12.9	1019.8	-	53	
2021-11-03 02:50:00	9.3	남동	144	19.82	2.15	8.7	2.73	8.5	2.8	서	280	13.0	1019.8	-	46	
2021-11-03 02:55:00	9.1	남남동	157	19.81	1.89	8.6	2.71	9.0	2.9	서	278	13.1	1019.8	-	51	
2021-11-03 03:00:00	9.1	남동	128	19.79	2.10	8.5	2.56	9.0	3.2	서북서	291	13.3	1019.7	-	63	
2021-11-03 03:05:00	7.5	남동	139	19.79	1.81	8.3	2.26	8.0	3.5	서	280	13.2	1019.7	-	49	
2021-11-03 03:10:00	7.7	남동	131	19.80	1.88	9.1	2.35	9.5	4.1	서북서	282	13.1	1019.7	-	53	
2021-11-03 03:15:00	12.7	남동	137	19.81	1.60	8.2	2.08	8.0	4.1	서	280	13.1	1019.6	-	47	
2021-11-03 03:20:00	9.6	남남동	162	19.81	1.71	7.8	2.61	7.5	4.5	서북서	289	13.4	1019.6	-	62	
2021-11-03 03:25:00	7.3	동남동	119	19.79	1.86	8.7	2.32	10.0	4.4	서북서	292	13.4	1019.5	-	54	
2021-11-03 03:30:00	11.8	남남동	148	19.78	1.64	8.2	2.32	7.0	4.2	서북서	282	13.6	1019.5	-	57	
2021-11-03 03:35:00	11.5	남동	134	19.78	1.94	8.1	2.86	8.5	3.5	서	277	13.4	1019.4	-	39	
2021-11-03 03:40:00	12.2	남동	126	19.79	1.91	8.8	2.25	9.5	3.7	서	278	13.1	1019.4	-	47	
2021-11-03 03:45:00	9.6	남동	125	19.79	1.84	8.1	2.52	7.0	3.2	서	272	13.1	1019.5	-	46	
2021-11-03 03:50:00	12.7	남동	139	19.79	2.07	8.6	2.72	10.0	2.6	서	270	13.0	1019.5	-	56	
2021-11-03 03:55:00	12.2	남동	143	19.80	1.88	8.4	2.79	8.5	2.4	서남서	258	13.1	1019.4	-	57	
2021-11-03 04:00:00	12.8	남남동	150	19.79	2.09	8.6	3.70	9.0	2.8	서남서	245	12.8	1019.4	-	57	
2021-11-03 04:05:00	12.9	남동	125	19.80	1.84	8.0	2.40	8.0	2.5	서남서	239	12.8	1019.4	-	56	
2021-11-03 04:10:00	11.0	남동	131	19.80	2.01	7.7	2.58	8.0	2.3	서남서	245	12.7	1019.4	-	45	
2021-11-03 04:15:00	8.2	남동	139	19.80	1.82	8.2	2.22	7.5	3.0	서남서	244	12.7	1019.4	-	63	
2021-11-03 04:20:00	6.3	동남동	123	19.80	1.73	8.1	2.27	8.0	3.6	서남서	241	12.8	1019.4	-	48	
2021-11-03 04:25:00	7.0	남동	136	19.78	1.96	8.3	2.55	8.0	3.3	남서	227	13.1	1019.4	-	47	
2021-11-03 04:30:00	8.8	남남동	148	19.81	2.02	8.0	3.35	8.0	2.7	남서	214	13.1	1019.4	-	67	
2021-11-03 04:35:00	11.3	남남동	147	19.80	2.31	8.5	2.86	9.0	2.8	남서	226	13.2	1019.4	-	54	
2021-11-03 04:40:00	4.8	남남동	165	19.81	1.97	8.8	2.62	8.0	2.8	남서	232	13.2	1019.5	-	49	
2021-11-03 04:45:00	5.4	남동	136	19.80	2.47	8.8	3.02	8.5	2.6	남서	218	13.1	1019.5	-	55	
2021-11-03 04:50:00	9.7	남동	126	19.80	1.83	7.8	2.58	6.0	2.7	남서	215	12.9	1019.5	-	57	
2021-11-03 04:55:00	6.6	남남동	160	19.81	1.91	8.8	2.71	8.5	2.7	남서	231	13.0	1019.5	-	53	
2021-11-03 05:00:00	8.9	남동	131	19.80	2.23	8.5	2.67	8.0	2.3	남서	232	13.1	1019.5	-	66	
2021-11-03 05:05:00	9.0	남동	136	19.79	1.80	8.3	2.77	8.0	2.3	남서	229	13.0	1019.6	-	50	
2021-11-03 05:10:00	9.3	남동	135	19.81	2.08	8.1	3.05	8.0	1.3	남서	225	13.0	1019.6	-	46	
2021-11-03 05:15:00	9.5	남동	125	19.80	1.88	8.3	2.18	7.5	0.5	남남서	198	13.1	1019.7	-	52	
2021-11-03 05:20:00	9.5	남남동	156	19.80	1.87	8.1	2.30	8.5	0.9	남	180	13.1	1019.6	-	63	
2021-11-03 05:25:00	8.0	남남동	165	19.79	2.15	8.6	2.94	8.5	1.4	서남서	247	13.3	1019.5	-	66	
2021-11-03 05:30:00	9.7	남동	127	19.79	1.84	8.6	2.23	7.5	0.8	서	281	13.5	1019.4	-	68	
2021-11-03 05:35:00	12.3	남남동	158	19.77	2.03	8.4	2.77	9.0	1.6	서북서	286	13.7	1019.3	-	50	
2021-11-03 05:40:00	13.0	남동	137	19.77	2.14	8.1	2.52	8.0	1.3	서	268	13.8	1019.3	-	47	
2021-11-03 05:45:00	12.3	남동	136	19.73	1.97	7.5	2.30	7.5	1.4	서	259	13.8	1019.2	-	49	
2021-11-03 05:50:00	13.2	동남동	120	19.73	2.00	9.1	2.69	8.5	2.0	서남서	255	14.1	1019.2	-	53	
2021-11-03 05:55:00	11.6	남동	137	19.75	1.81	8.3	2.21	8.0	3.7	서남서	247	14.1	1019.2	-	52	
2021-11-03 06:00:00	12.5	남동	127	19.70	1.85	8.0	2.33	7.5	3.5	서남서	248	13.7	1019.1	-	44	
2021-11-03 06:05:00	12.4	남동	134	19.69	1.60	7.4	2.45	7.0	3.3	서남서	244	13.6	1019.1	-	42	
2021-11-03 06:10:00	13.9	동남동	124	19.67	2.09	8.4	2.83	7.5	4.2	서남서	245	13.4	1019.0	-	46	
2021-11-03 06:15:00	11.5	남동	138	19.69	1.46	8.0	1.81	8.0	4.4	서남서	243	13.0	1019.0	-	38	
2021-11-03 06:20:00	14.2	동남동	121	19.70	2.08	9.0	2.68	8.5	3.9	서남서	246	13.2	1019.0	-	48	
2021-11-03 06:25:00	12.0	동남동	110	19.68	1.71	7.6	2.11	7.5	4.3	서남서	250	13.1	1019.0	-	55	
2021-11-03 06:30:00	14.3	동남동	123	19.71	1.64	7.6	2.03	8.5	4.2	서남서	249	13.2	1019.0	-	51	
2021-11-03 06:35:00	13.3	남동	131	19.73	1.42	7.5	2.66	7.0	3.9	서남서	250	13.1	1019.0	-	48	
2021-11-03 06:40:00	9.7	동남동	124	19.73	2.00	8.3	3.28	8.5	4.1	서남서	242	13.1	1019.0	-	50	
2021-11-03 06:45:00	12.7	동남동	118	19.75	1.69	8.0	2.44	7.5	3.9	서남서	240	13.0	1019.0	-	53	
2021-11-03 06:50:00	11.4	동남동	116	19.74	1.96	8.5	2.67	7.5	3.7	서남서	245	13.2	1019.1	-	49	
2021-11-03 06:55:00	11.2	남동	132	19.74	1.95	8.0	2.51	7.0	3.2	서남서	245	13.2	1019.1	-	65	
2021-11-03 07:00:00	12.5	남동	136	19.74	2.08	8.0	2.76	7.5	3.4	서남서	239	13.1	1019.1	-	61	
2021-11-03 07:05:00	11.4	남동	132	19.74	2.03	8.5	2.83	8.5	3.3	서남서	237	13.3	1019.2	-	63	
2021-11-03 07:10:00	9.4	남동	138	19.72	1.35	7.5	1.86	7.5	3.2	남서	235	13.1	1019.2	-	63	
2021-11-03 07:15:00	5.6	남동	136	19.72	1.37	7.2	1.86	7.5	3.0	남서	236	13.1	1019.3	-	64	
2021-11-03 07:20:00	11.1	남남동	148	19.73	1.71	8.1	2.17	7.0	3.0	서남서	241	13.2	1019.3	-	51	
2021-11-03 07:25:00	7.0	남동	130	19.71	1.71	7.8	2.32	7.0	3.4	서남서	247	13.4	1019.3	-	54	
2021-11-03 07:30:00	11.2	남동	131	19.70	1.85	8.6	2.33	9.0	3.4	남서	229	13.4	1019.3	-	59	
2021-11-03 07:35:00	12.6	남동	124	19.69	1.97	8.0	2.63	8.0	3.2	남서	230	13.5	1019.3	-	52	
2021-11-03 07:40:00	9.6	동남동	118	19.69	2.21	8.6	2.94	8.0	3.5	남서	224	13.4	1019.4	-	57	
2021-11-03 07:45:00	9.9	동남동	123	19.71	1.48	7.7	1.90	8.5	2.9	서남서	238	13.3	1019.4	-	47	
2021-11-03 07:50:00	10.8	남동	134	19.71	2.04	8.4	2.24	7.5	3.7	서남서	241	13.5	1019.4	-	45	
2021-11-03 07:55:00	8.4	남동	128	19.71	2.03	8.2	2.44	8.0	3.7	서남서	254	13.9	1019.4	-	34	
2021-11-03 08:00:00	5.5	남동	135	19.72	1.77	8.6	2.39	8.5	4.3	서남서	253	13.8	1019.4	-	60	
2021-11-03 08:05:00	9.2	남남동	149	19.70	1.81	8.3	2.37	8.5	3.7	서남서	252	13.8	1019.5	-	58	
2021-11-03 08:10:00	8.3	남동	127	19.70	1.87	8.1	2.53	7.0	3.7	서남서	242	13.7	1019.5	-	51	
2021-11-03 08:15:00	9.1	남남동	158	19.71	1.49	8.1	1.91	8.0	3.7	서남서	244	13.6	1019.6	-	41	
2021-11-03 08:20:00	9.5	남남동	147	19.71	1.48	7.5	2.11	7.5	3.6	서남서	240	13.6	1019.6	-	42	
2021-11-03 08:25:00	6.2	남동	143	19.71	1.90	8.3	2.29	8.5	3.5	서남서	241	13.9	1019.6	-	59	
2021-11-03 08:30:00	8.2	남남동	157	19.69	1.63	8.4	2.47	8.5	4.2	서남서	251	13.9	1019.7	-	57	
2021-11-03 08:35:00	5.0	동남동	123	19.70	1.81	8.1	3.14	8.0	4.2	서남서	257	13.9	1019.7	-	56	
2021-11-03 08:40:00	9.1	남	177	19.70	1.69	7.9	2.24	8.0	3.9	서	263	14.1	1019.7	-	37	
2021-11-03 08:45:00	5.0	남남동	161	19.71	1.62	8.0	1.86	8.0	3.6	서	265	14.1	1019.7	-	53	
2021-11-03 08:50:00	5.9	남동	140	19.67	1.40	7.4	1.61	7.0	3.8	서	259	14.2	1019.7	-	50	
2021-11-03 08:55:00	7.8	남남동	149	19.67	1.80	8.0	2.82	7.5	3.4	서	271	14.4	1019.7	-	56	
2021-11-03 09:00:00	6.1	남동	141	19.67	1.43	7.4	1.95	7.0	3.2	서	274	14.2	1019.7	-	62	
2021-11-03 09:05:00	3.4	남	173	19.66	1.27	7.6	1.73	6.5	2.7	서	273	14.3	1019.7	-	69	
2021-11-03 09:10:00	5.6	남동	143	19.66	1.51	7.5	2.05	7.0	2.6	서북서	290	14.4	1019.7	-	64	
2021-11-03 09:15:00	2.2	남남동	150	19.65	1.89	8.2	2.22	8.0	2.8	서	280	14.6	1019.6	-	59	
2021-11-03 09:20:00	6.2	남	187	19.68	1.42	7.8	1.92	7.0	2.2	서북서	293	14.7	1019.6	-	58	
2021-11-03 09:25:00	4.1	남동	141	19.66	1.80	7.9	2.70	7.5	2.1	서북서	289	15.1	1019.6	-	58	
2021-11-03 09:30:00	2.2	남남동	148	19.64	1.61	7.9	2.53	8.0	2.0	서북서	286	15.4	1019.6	-	50	
2021-11-03 09:35:00	4.2	동남동	113	19.61	1.99	8.4	2.33	9.0	1.8	서북서	293	15.6	1019.7	-	66	
2021-11-03 09:40:00	3.3	남남동	167	19.61	1.28	7.1	1.60	7.5	1.9	서북서	295	15.4	1019.7	-	62	
2021-11-03 09:45:00	2.8	남	169	19.62	1.32	7.5	1.55	6.0	2.2	북서	304	15.3	1019.7	-	48	
2021-11-03 09:50:00	4.2	남남동	169	19.62	1.52	7.8	1.91	7.0	2.2	북서	323	15.6	1019.7	-	67	
2021-11-03 09:55:00	4.8	동남동	121	19.62	1.65	8.0	2.07	7.0	1.8	북서	308	15.5	1019.7	-	56	
2021-11-03 10:00:00	4.3	남남동	162	19.62	1.66	8.0	2.15	8.0	1.4	북서	315	15.7	1019.7	-	54	
2021-11-03 10:05:00	4.9	남남동	154	19.62	1.59	7.0	2.10	8.0	1.6	북서	325	16.0	1019.6	-	53	
2021-11-03 10:10:00	4.5	남남동	149	19.63	1.57	7.7	2.23	7.5	1.7	북북서	333	15.9	1019.6	-	46	
2021-11-03 10:15:00	1.4	동남동	106	19.62	1.62	7.4	2.18	8.0	1.8	북북서	336	15.9	1019.6	-	55	
2021-11-03 10:20:00	5.8	남남동	162	19.63	1.26	7.6	1.68	8.0	1.7	북북서	344	16.0	1019.6	-	75	
2021-11-03 10:25:00	1.8	남	184	19.63	1.29	7.9	1.86	9.0	1.7	북북서	342	16.1	1019.6	-	69	
2021-11-03 10:30:00	4.9	남남동	162	19.63	1.45	7.9	1.94	7.5	2.2	북북서	347	16.2	1019.6	-	50	
2021-11-03 10:35:00	2.0	남남동	161	19.62	1.41	7.8	1.63	6.5	2.2	북북서	345	16.3	1019.6	-	57	
2021-11-03 10:40:00	3.4	남남동	159	19.61	1.37	7.3	1.74	8.5	1.9	북	356	16.4	1019.5	-	41	
2021-11-03 10:45:00	1.0	서북서	286	19.61	1.55	7.5	1.89	9.0	1.7	북	350	16.3	1019.5	-	64	
2021-11-03 10:50:00	2.8	남	184	19.61	1.39	7.6	1.72	8.0	2.2	북북동	12	16.3	1019.4	-	46	
2021-11-03 10:55:00	2.1	남동	138	19.60	1.68	7.9	2.46	7.0	2.5	북북동	22	16.4	1019.4	-	56	
2021-11-03 11:00:00	2.6	동남동	120	19.60	1.53	8.3	1.96	8.0	2.6	북	8	16.2	1019.4	-	57	
2021-11-03 11:05:00	1.8	남남동	152	19.59	1.43	7.5	2.02	7.5	2.2	북	10	16.2	1019.3	-	69	
2021-11-03 11:10:00	2.2	동남동	109	19.59	1.66	8.4	2.20	7.0	2.6	북북동	15	16.3	1019.2	-	66	
2021-11-03 11:15:00	3.8	남동	129	19.59	1.56	8.0	1.96	7.0	2.7	북	1	16.3	1019.1	-	55	
2021-11-03 11:20:00	1.3	남동	124	19.59	1.17	7.9	1.47	6.5	2.5	북북동	18	16.4	1019.1	-	43	
2021-11-03 11:25:00	3.9	남남동	163	19.60	1.53	7.9	2.04	7.5	2.8	북북동	30	16.5	1019.0	-	37	
2021-11-03 11:30:00	2.3	남	186	19.61	1.35	8.1	1.75	8.0	2.7	북북동	28	16.6	1018.9	-	59	
2021-11-03 11:35:00	3.1	남	173	19.62	1.49	7.6	1.80	8.5	2.7	북동	34	16.7	1018.9	-	52	
2021-11-03 11:40:00	1.7	남남서	201	19.63	1.35	8.0	1.89	6.5	2.8	북동	34	16.6	1018.8	-	57	
2021-11-03 11:45:00	1.9	남남동	153	19.63	1.36	7.7	1.78	6.5	3.1	북북동	18	16.8	1018.7	-	64	
2021-11-03 11:50:00	3.3	남	174	19.63	1.35	7.9	1.72	7.5	3.3	북북동	21	16.4	1018.6	-	46	
2021-11-03 11:55:00	2.0	동남동	111	19.63	1.52	7.2	2.05	7.5	3.0	북북동	18	16.3	1018.6	-	54	
2021-11-03 12:00:00	4.2	남	174	19.62	1.70	8.5	2.30	8.0	3.1	북북동	15	16.3	1018.5	-	56	
2021-11-03 12:05:00	2.2	동남동	105	19.65	1.33	7.0	2.00	6.5	3.1	북북동	24	16.4	1018.4	-	45	
2021-11-03 12:10:00	0.5	서북서	297	19.63	1.30	7.0	2.02	7.0	3.4	북동	41	16.3	1018.2	-	66	
2021-11-03 12:15:00	2.4	남서	231	19.64	1.49	7.7	2.19	7.5	2.6	북동	46	16.3	1018.2	-	68	
2021-11-03 12:20:00	1.9	남서	227	19.64	1.24	8.5	1.53	9.0	3.2	북동	43	16.4	1018.2	-	71	
2021-11-03 12:25:00	3.9	서남서	257	19.66	1.12	7.3	1.65	6.5	2.5	북동	48	16.8	1018.1	-	66	
2021-11-03 12:30:00	2.2	동	101	19.67	1.51	7.1	1.89	7.5	3.1	동북동	59	16.9	1018.0	-	55	
2021-11-03 12:35:00	0.6	서남서	242	19.67	1.22	7.3	1.66	7.5	3.2	동북동	61	16.8	1017.9	-	57	
2021-11-03 12:40:00	1.0	서남서	250	19.67	1.35	7.4	1.82	9.0	2.7	북동	49	16.9	1017.8	-	49	
2021-11-03 12:45:00	2.0	서남서	250	19.68	1.38	7.2	1.85	7.5	3.0	북동	48	17.0	1017.8	-	56	
2021-11-03 12:50:00	1.4	남남동	158	19.68	1.33	8.3	1.54	7.5	2.9	북동	49	17.0	1017.8	-	56	
2021-11-03 12:55:00	2.5	서남서	237	19.69	1.33	7.3	1.99	7.5	3.2	북동	53	17.0	1017.7	-	60	
2021-11-03 13:00:00	2.2	서	259	19.70	1.18	7.7	1.55	7.5	3.1	북동	44	16.9	1017.6	-	52	
2021-11-03 13:05:00	2.3	서남서	244	19.70	1.47	8.0	1.86	7.0	2.1	동북동	62	16.9	1017.6	-	60	
2021-11-03 13:10:00	2.0	서	279	19.70	1.37	7.6	1.79	7.5	2.3	북동	51	17.3	1017.5	-	56	
2021-11-03 13:15:00	3.4	서북서	294	19.71	1.25	7.7	1.72	8.0	2.5	북동	51	17.3	1017.4	-	59	
2021-11-03 13:20:00	1.9	북서	307	19.71	1.38	7.4	1.91	8.0	2.5	동북동	60	17.2	1017.4	-	58	
2021-11-03 13:25:00	3.2	서	269	19.71	1.18	8.2	1.86	7.5	2.3	북동	56	17.0	1017.3	-	60	
2021-11-03 13:30:00	0.8	서	261	19.71	1.47	7.7	1.93	8.0	2.1	북동	51	17.4	1017.3	-	47	
2021-11-03 13:35:00	3.3	남서	227	19.71	1.29	7.7	1.61	8.0	1.1	북동	56	17.6	1017.3	-	65	
2021-11-03 13:40:00	5.0	서	274	19.72	1.49	7.9	1.80	7.5	1.7	동북동	67	17.6	1017.2	-	59	
2021-11-03 13:45:00	2.3	남서	228	19.71	1.41	8.3	1.75	7.5	1.8	북동	45	17.6	1017.1	-	53	
2021-11-03 13:50:00	6.1	서	275	19.72	1.39	7.0	1.66	6.5	2.1	북북동	32	17.3	1017.1	-	77	
2021-11-03 13:55:00	3.7	서북서	300	19.75	1.09	7.1	1.83	7.0	1.8	북북동	16	17.4	1017.1	-	61	
2021-11-03 14:00:00	3.9	서북서	292	19.74	1.29	7.4	2.09	6.5	1.9	북북동	30	17.2	1017.0	-	52	
2021-11-03 14:05:00	3.7	서	279	19.75	1.24	6.9	1.51	8.0	1.8	북동	35	17.1	1017.0	-	62	
2021-11-03 14:10:00	4.9	서	269	19.75	1.07	7.3	1.31	6.5	2.2	북북동	33	17.2	1017.0	-	65	
2021-11-03 14:15:00	7.1	서남서	255	19.77	1.26	7.8	1.61	7.5	2.2	북동	45	17.1	1017.0	-	62	
2021-11-03 14:20:00	5.6	서	264	19.76	1.27	7.5	1.71	7.5	2.2	북동	47	17.2	1017.0	-	56	
2021-11-03 14:25:00	6.2	서남서	242	19.77	1.27	6.8	1.66	6.0	2.1	동북동	72	17.2	1017.0	-	42	
2021-11-03 14:30:00	5.8	서	268	19.73	1.49	7.6	2.06	7.5	2.2	북동	49	17.0	1017.0	-	65	
2021-11-03 14:35:00	4.4	서	272	19.77	1.37	7.6	1.65	6.5	2.1	동북동	57	16.8	1017.0	-	68	
2021-11-03 14:40:00	6.6	서남서	255	19.79	1.27	7.0	1.50	6.5	1.5	동북동	58	16.8	1017.1	-	58	
2021-11-03 14:45:00	3.5	서	267	19.81	1.38	7.8	1.83	6.5	1.1	동	81	16.8	1017.1	-	49	
2021-11-03 14:50:00	6.1	서	280	19.80	1.07	7.4	1.36	7.5	1.8	동북동	67	16.9	1017.0	-	74	
2021-11-03 14:55:00	4.8	서북서	282	19.79	1.16	7.5	1.57	7.5	2.2	동북동	77	16.9	1017.0	-	60	
2021-11-03 15:00:00	5.6	서	279	19.76	1.22	7.2	1.75	7.0	2.0	동	80	16.8	1017.1	-	49	
2021-11-03 15:05:00	7.1	서	267	19.77	1.42	7.6	1.75	7.5	1.7	동	83	16.7	1017.0	-	51	
2021-11-03 15:10:00	6.2	서	260	19.78	1.37	7.3	1.74	6.5	1.9	동	94	16.8	1017.0	-	77	
2021-11-03 15:15:00	4.3	서	279	19.79	0.98	6.7	1.38	5.0	1.5	동	87	16.9	1016.9	-	60	
2021-11-03 15:20:00	6.2	서북서	288	19.80	1.20	6.5	1.50	6.5	1.5	동남동	122	17.2	1016.9	-	68	
2021-11-03 15:25:00	3.8	서북서	287	19.83	1.16	7.8	1.46	7.0	2.1	동남동	119	17.5	1016.9	-	70	
2021-11-03 15:30:00	5.4	서	274	19.85	1.13	7.3	1.64	6.0	2.1	남동	131	17.4	1016.8	-	57	
2021-11-03 15:35:00	6.6	서	278	19.87	1.15	8.0	1.33	8.0	1.8	동남동	110	17.5	1016.8	-	71	
2021-11-03 15:40:00	5.4	북서	309	19.85	1.08	7.0	1.48	7.0	2.3	동남동	114	17.4	1016.8	-	66	
2021-11-03 15:45:00	4.1	서	281	19.84	1.11	7.3	1.51	7.0	2.0	남동	126	17.3	1016.8	-	45	
2021-11-03 15:50:00	5.7	북서	307	19.85	1.20	7.5	1.53	7.0	0.8	동남동	113	17.4	1016.9	-	53	
2021-11-03 15:55:00	7.2	서북서	300	19.84	1.09	7.5	1.47	6.5	1.1	남남동	148	17.4	1016.9	-	58	
2021-11-03 16:00:00	6.4	서북서	296	19.85	1.23	7.1	1.66	5.5	1.6	남남동	150	17.1	1016.9	-	49	
2021-11-03 16:05:00	2.8	북북서	338	19.86	1.18	8.1	1.55	7.5	1.3	남동	130	16.9	1016.9	-	45	
2021-11-03 16:10:00	6.5	북서	317	19.87	1.26	8.0	1.73	7.0	1.6	남남동	149	16.9	1016.9	-	42	
2021-11-03 16:15:00	6.1	북서	316	19.85	1.25	8.1	1.53	7.5	1.7	남남동	152	16.8	1016.9	-	55	
2021-11-03 16:20:00	5.0	북서	320	19.86	1.33	7.5	2.01	7.5	1.3	남동	144	16.8	1016.9	-	52	
2021-11-03 16:25:00	7.2	서북서	301	19.87	1.16	7.0	1.62	6.5	0.9	남남동	162	16.8	1016.9	-	57	
2021-11-03 16:30:00	5.6	서북서	296	19.88	1.49	8.2	1.87	8.0	2.0	남동	130	16.8	1016.9	-	62	
2021-11-03 16:35:00	7.0	북서	313	19.88	1.19	7.3	2.09	8.5	1.5	남남동	147	16.9	1016.9	-	69	
2021-11-03 16:40:00	6.5	서북서	292	19.86	1.07	7.3	1.32	5.0	1.9	남동	126	17.2	1016.8	-	55	
2021-11-03 16:45:00	3.8	서북서	283	19.85	0.97	6.7	1.22	7.5	1.7	남남동	156	17.3	1016.8	-	67	
2021-11-03 16:50:00	7.0	북서	321	19.84	1.27	7.0	1.80	7.5	1.9	남	178	17.2	1016.8	-	64	
2021-11-03 16:55:00	5.6	북서	314	19.84	1.01	8.0	1.90	8.0	1.2	남남동	166	17.0	1016.9	-	73	
2021-11-03 17:00:00	6.0	서북서	293	19.84	0.98	6.8	1.34	7.5	1.8	남	176	16.9	1016.9	-	54	
2021-11-03 17:05:00	2.9	서북서	294	19.84	1.06	6.7	1.56	7.0	1.2	남	172	16.9	1016.9	-	53	
2021-11-03 17:10:00	10.6	북북서	337	19.70	1.01	7.6	1.29	9.5	1.5	남	179	16.8	1016.9	-	62	
2021-11-03 17:15:00	9.5	북서	321	19.72	1.03	7.5	1.52	6.0	2.1	남	187	16.8	1016.9	-	62	
2021-11-03 17:20:00	9.7	북북서	334	19.68	0.92	6.5	1.18	7.0	1.1	남	182	16.7	1016.8	-	67	
2021-11-03 17:25:00	12.3	북북서	334	19.68	1.00	6.5	1.37	5.5	1.4	남남서	197	16.7	1016.8	-	51	
2021-11-03 17:30:00	8.5	북서	320	19.69	1.10	7.5	1.67	7.5	2.6	남남서	211	16.7	1016.8	-	49	
2021-11-03 17:35:00	9.9	북서	319	19.68	1.31	7.7	1.58	6.5	2.7	남남서	206	16.5	1016.8	-	59	
2021-11-03 17:40:00	8.2	북서	320	19.70	1.34	7.7	1.66	7.5	2.7	남남서	200	16.5	1016.8	-	66	
2021-11-03 17:45:00	5.3	북서	309	19.73	1.20	6.8	1.48	7.5	2.9	남남서	199	16.4	1016.8	-	42	
2021-11-03 17:50:00	10.4	북서	324	19.76	1.22	7.7	1.88	8.0	2.6	남남서	201	16.4	1016.8	-	51	
2021-11-03 17:55:00	11.7	북서	309	19.82	1.25	7.5	1.60	8.0	3.1	남남서	197	16.3	1016.8	-	52	
2021-11-03 18:00:00	9.9	북서	316	19.82	1.39	7.6	1.76	8.0	3.2	남남서	204	16.3	1016.7	-	68	
2021-11-03 18:05:00	9.2	북북서	328	19.87	1.17	7.5	1.53	6.5	3.3	남남서	203	16.1	1016.7	-	58	
2021-11-03 18:10:00	10.6	북서	318	19.86	1.05	6.9	1.36	6.0	3.4	남남서	196	16.0	1016.7	-	71	
2021-11-03 18:15:00	12.9	북북서	335	19.87	1.20	6.7	1.60	7.0	3.1	남남서	197	15.9	1016.7	-	76	
2021-11-03 18:20:00	12.3	북북서	328	19.89	1.22	7.1	1.46	5.5	2.8	남남서	204	15.8	1016.7	-	43	
2021-11-03 18:25:00	12.6	북북서	341	19.90	1.18	7.9	1.36	8.0	3.2	남남서	207	15.7	1016.8	-	57	
2021-11-03 18:30:00	11.7	북북서	332	19.91	1.17	7.6	1.34	8.0	3.2	남남서	206	15.5	1016.8	-	61	
2021-11-03 18:35:00	10.4	북북서	341	19.91	1.24	7.5	1.80	8.0	2.6	남서	235	15.4	1016.8	-	73	
2021-11-03 18:40:00	9.1	북북서	339	19.92	1.22	7.5	1.68	7.5	2.8	서남서	242	15.3	1016.9	-	58	
2021-11-03 18:45:00	10.3	북북서	339	19.95	1.02	7.4	1.31	6.5	3.0	서남서	249	14.8	1016.8	-	54	
2021-11-03 18:50:00	10.0	북북서	334	19.95	1.14	7.0	1.52	7.0	2.9	서남서	237	14.7	1016.9	-	45	
2021-11-03 18:55:00	12.4	북	355	19.94	1.19	7.8	1.52	7.5	3.0	남서	236	14.6	1016.8	-	67	
2021-11-03 19:00:00	9.7	북북서	338	19.95	0.98	7.2	1.44	7.0	3.6	서남서	242	14.6	1016.9	-	53	
2021-11-03 19:05:00	10.9	북	352	19.96	1.15	7.2	1.76	8.5	3.6	서남서	246	14.5	1016.9	-	64	
2021-11-03 19:10:00	12.3	북북서	345	19.97	1.13	7.3	1.43	6.5	3.5	서남서	251	14.4	1016.9	-	60	
2021-11-03 19:15:00	8.2	북북서	335	19.98	1.00	7.2	1.47	6.5	3.5	서남서	251	14.2	1016.9	-	60	
2021-11-03 19:20:00	11.1	북북서	346	19.97	1.23	7.7	1.56	6.0	3.2	서남서	257	14.1	1016.9	-	72	
2021-11-03 19:25:00	6.2	북북서	342	19.98	1.17	7.0	1.33	7.5	2.6	서	274	14.3	1016.9	-	85	
2021-11-03 19:30:00	8.2	북북서	341	19.97	1.08	7.1	1.75	6.5	2.3	서	270	14.2	1017.0	-	52	
2021-11-03 19:35:00	9.8	북	350	19.97	0.98	8.0	1.39	7.0	2.7	서남서	257	14.3	1017.0	-	51	
2021-11-03 19:40:00	10.6	북	354	19.98	1.00	7.3	1.37	6.0	3.9	서남서	246	14.2	1017.0	-	61	
2021-11-03 19:45:00	10.2	북	358	19.97	1.16	7.7	1.47	8.0	4.1	서남서	241	14.5	1017.0	-	71	
2021-11-03 19:50:00	9.7	북북서	338	19.97	0.91	7.5	1.21	9.5	4.4	남서	225	14.2	1017.0	-	40	
2021-11-03 19:55:00	10.7	북	351	19.96	1.06	6.8	1.72	7.0	4.4	남서	230	14.0	1017.1	-	61	
2021-11-03 20:00:00	8.6	북	356	19.96	1.05	6.9	1.44	7.0	3.7	남서	225	14.1	1017.1	-	56	
2021-11-03 20:05:00	10.1	북	352	19.93	1.26	7.8	1.77	6.5	3.5	남서	217	13.8	1017.1	-	58	
2021-11-03 20:10:00	8.4	북	349	19.92	1.17	7.8	1.30	8.5	3.4	남서	219	13.9	1017.1	-	33	
2021-11-03 20:15:00	8.6	북북서	343	19.93	1.05	6.5	1.56	6.5	3.2	남서	221	13.9	1017.1	-	53	
2021-11-03 20:20:00	11.7	북	11	19.90	1.12	7.2	1.47	6.0	3.4	서남서	247	13.8	1017.2	-	69	
2021-11-03 20:25:00	9.2	북북서	343	19.90	1.06	7.3	1.65	7.5	2.8	서남서	242	13.4	1017.2	-	53	
2021-11-03 20:30:00	6.4	북	3	19.93	0.98	7.6	1.30	8.5	3.4	남서	234	13.4	1017.2	-	60	
2021-11-03 20:35:00	5.5	북	354	19.95	1.06	6.8	1.80	7.0	3.9	남서	225	13.5	1017.1	-	40	
2021-11-03 20:40:00	7.7	북북서	347	19.92	1.29	8.2	1.55	8.5	3.2	남서	229	13.5	1017.2	-	56	
2021-11-03 20:45:00	8.6	북	354	19.95	1.24	7.5	1.73	7.5	2.4	남서	219	13.4	1017.2	-	62	
2021-11-03 20:50:00	7.3	북	6	19.91	1.04	7.5	1.47	6.0	2.6	남서	225	13.4	1017.2	-	58	
2021-11-03 20:55:00	6.9	북	6	19.90	0.95	7.3	1.28	7.5	2.7	남서	232	13.2	1017.2	-	54	
2021-11-03 21:00:00	9.7	북	350	19.92	0.92	7.3	1.15	6.5	2.9	남서	235	13.2	1017.2	-	33	
2021-11-03 21:05:00	7.1	북	357	19.89	1.29	7.3	1.49	7.5	2.9	남서	230	13.1	1017.3	-	59	
2021-11-03 21:10:00	5.8	북북서	347	19.89	0.86	7.1	1.30	7.5	3.4	서남서	242	13.3	1017.3	-	46	
2021-11-03 21:15:00	9.0	북	351	19.93	0.96	7.1	1.29	6.0	3.7	서남서	242	13.2	1017.3	-	49	
2021-11-03 21:20:00	7.1	북	357	19.94	1.02	7.5	1.56	7.5	4.5	서남서	242	13.4	1017.2	-	54	
2021-11-03 21:25:00	6.7	북	351	19.92	0.95	7.4	1.15	7.5	4.1	서남서	244	13.5	1017.2	-	72	
2021-11-03 21:30:00	8.2	북	1	19.95	1.04	7.5	1.44	7.0	4.3	남서	232	13.9	1017.2	-	40	
2021-11-03 21:35:00	6.9	북	6	19.92	0.99	6.8	1.23	6.5	4.4	서남서	244	13.8	1017.2	-	58	
2021-11-03 21:40:00	5.5	북	7	19.93	0.97	6.7	1.31	7.0	4.3	서남서	240	13.7	1017.3	-	50	
2021-11-03 21:45:00	7.8	북	359	19.91	0.81	7.1	0.96	8.5	4.0	서남서	244	13.9	1017.3	-	47	
2021-11-03 21:50:00	7.6	북북동	13	19.92	0.86	7.5	1.25	7.5	4.2	서남서	248	13.9	1017.3	-	47	
2021-11-03 21:55:00	6.7	북	350	19.92	1.00	7.8	1.35	8.0	4.4	서남서	252	13.8	1017.4	-	63	
2021-11-03 22:00:00	6.2	북	356	19.91	1.03	7.7	1.32	8.0	4.5	서	259	13.5	1017.5	-	57	
2021-11-03 22:05:00	6.0	북	6	19.95	0.94	7.1	1.51	7.0	4.0	서	261	13.6	1017.5	-	57	
2021-11-03 22:10:00	7.0	북북동	24	19.93	0.90	7.0	1.22	7.5	3.9	서남서	256	13.7	1017.5	-	55	
2021-11-03 22:15:00	5.8	북	7	19.97	0.99	7.4	1.28	7.0	3.8	서남서	248	13.6	1017.5	-	59	
2021-11-03 22:20:00	6.2	북	355	19.95	0.86	7.4	1.13	7.0	4.0	서남서	238	13.6	1017.4	-	69	
2021-11-03 22:25:00	5.4	북북서	348	19.99	0.95	7.5	1.35	7.5	3.6	서남서	241	13.6	1017.4	-	68	
2021-11-03 22:30:00	5.6	북북동	24	19.96	0.99	7.4	1.23	7.0	3.3	남서	236	13.7	1017.5	-	65	
2021-11-03 22:35:00	5.9	북	5	20.01	1.02	7.3	1.43	7.5	3.4	서남서	243	13.9	1017.5	-	53	
2021-11-03 22:40:00	5.7	북	10	20.00	0.92	7.4	1.43	7.0	3.4	서남서	248	13.6	1017.6	-	74	
2021-11-03 22:45:00	6.6	북북동	22	20.02	1.06	7.2	1.67	7.0	3.4	서남서	245	13.5	1017.5	-	56	
2021-11-03 22:50:00	3.3	북	357	20.01	0.69	7.1	0.79	6.0	3.7	남서	233	13.8	1017.4	-	57	
2021-11-03 22:55:00	5.6	북북동	18	20.01	1.00	7.4	1.38	8.0	4.2	남서	224	14.2	1017.4	-	53	
2021-11-03 23:00:00	2.2	북	356	19.99	0.83	7.7	1.29	7.0	3.8	남서	229	13.7	1017.4	-	61	
2021-11-03 23:05:00	7.1	북	356	19.97	0.97	7.5	1.21	7.5	3.7	남서	235	13.6	1017.4	-	60	
2021-11-03 23:10:00	4.7	북	360	19.99	0.97	7.1	1.31	6.5	3.7	남서	224	13.8	1017.3	-	49	
2021-11-03 23:15:00	6.1	북	6	20.00	0.94	7.6	1.32	7.0	3.5	남서	224	14.0	1017.3	-	60	
2021-11-03 23:20:00	5.0	북	357	20.03	0.79	7.2	1.02	8.0	3.2	남서	228	14.2	1017.3	-	74	
2021-11-03 23:25:00	6.8	북	358	20.03	0.96	7.5	1.38	7.5	3.4	남서	235	14.5	1017.3	-	66	
2021-11-03 23:30:00	5.1	북	349	20.02	0.76	7.2	0.90	7.5	3.1	서남서	253	14.3	1017.4	-	62	
2021-11-03 23:35:00	5.9	북북서	344	20.04	0.87	8.1	1.03	6.5	2.7	서	268	14.0	1017.4	-	75	
2021-11-03 23:40:00	7.6	북	7	20.04	0.84	7.3	1.09	7.0	2.4	서	260	13.8	1017.4	-	55	
2021-11-03 23:45:00	5.8	북	356	20.04	0.93	7.3	1.39	7.0	2.9	서남서	253	13.8	1017.4	-	48	
2021-11-03 23:50:00	6.8	북	353	20.04	0.89	6.8	1.20	7.0	2.9	서	262	13.8	1017.4	-	74	
2021-11-03 23:55:00	6.7	북북서	342	20.04	0.95	7.6	1.25	7.5	2.9	서	266	13.8	1017.4	-	69	
2021-11-04 00:00:00	4.9	북북동	27	19.75	0.85	7.1	1.16	6.5	3.8	서남서	255	13.9	1017.4	-	66	
2021-11-04 00:05:00	6.2	북	350	19.97	0.96	7.5	1.16	7.5	4.3	서남서	249	13.9	1017.3	-	69	
2021-11-04 00:10:00	8.7	북	350	20.12	0.74	7.2	0.97	6.0	4.1	서남서	246	13.8	1017.4	-	67	
2021-11-04 00:15:00	7.6	북	6	19.98	0.85	7.5	1.05	8.5	4.0	서남서	243	13.8	1017.4	-	79	
2021-11-04 00:20:00	5.1	북북서	343	20.12	1.03	7.7	1.47	8.0	3.6	서남서	248	13.8	1017.5	-	56	
2021-11-04 00:25:00	4.0	북서	324	20.13	1.02	8.0	1.22	8.0	3.7	서남서	246	13.9	1017.5	-	70	
2021-11-04 00:30:00	5.7	북북서	329	20.14	0.79	7.1	0.95	7.0	3.2	서남서	242	13.7	1017.5	-	80	
2021-11-04 00:35:00	5.6	북서	317	20.14	0.75	7.2	0.99	6.5	2.9	서남서	244	13.9	1017.5	-	48	
2021-11-04 00:40:00	4.4	북북서	336	20.14	1.07	7.7	1.23	7.5	2.8	서남서	240	14.0	1017.4	-	64	
2021-11-04 00:45:00	4.3	북서	317	20.15	0.93	7.6	1.42	7.0	2.8	남서	231	14.1	1017.5	-	65	
2021-11-04 00:50:00	7.8	북서	315	20.15	0.77	7.5	0.93	8.5	2.5	남서	215	14.0	1017.6	-	82	
2021-11-04 00:55:00	7.9	북북서	333	20.14	0.83	7.8	1.02	8.0	2.0	남서	214	13.8	1017.6	-	53	
2021-11-04 01:00:00	6.3	북북서	327	20.14	1.06	7.5	1.48	7.5	2.3	남남서	210	13.9	1017.5	-	57	
2021-11-04 01:05:00	8.0	북북서	335	20.15	0.88	7.3	1.17	7.5	2.5	남서	225	13.8	1017.5	-	70	
2021-11-04 01:10:00	7.1	북	350	20.15	0.72	7.3	0.97	6.0	2.5	남서	224	13.5	1017.5	-	103	
2021-11-04 01:15:00	5.8	북	356	20.14	0.82	7.0	1.02	6.5	2.5	남서	220	13.5	1017.5	-	67	
2021-11-04 01:20:00	5.5	북북서	347	20.12	0.76	7.6	1.05	7.5	3.0	남서	233	14.0	1017.5	-	64	
2021-11-04 01:25:00	4.9	북서	322	20.13	0.74	6.7	1.12	7.0	3.2	남서	225	14.2	1017.5	-	61	
2021-11-04 01:30:00	8.9	북북서	338	20.14	0.71	7.1	0.90	7.5	2.9	남서	228	14.4	1017.4	-	53	
2021-11-04 01:35:00	7.2	북서	318	20.14	0.77	7.4	1.21	6.0	3.1	남서	228	14.4	1017.4	-	84	
2021-11-04 01:40:00	5.2	북서	325	20.14	0.76	6.8	1.25	7.0	3.3	남서	224	14.3	1017.4	-	80	
2021-11-04 01:45:00	6.8	북서	315	20.14	0.84	7.1	1.31	6.5	3.8	남서	227	14.3	1017.4	-	71	
2021-11-04 01:50:00	6.0	북서	323	20.15	0.72	6.8	1.09	7.0	3.8	남서	228	14.4	1017.4	-	79	
2021-11-04 01:55:00	6.3	북서	325	20.15	0.98	7.2	1.34	8.0	3.9	남서	231	14.4	1017.4	-	56	
2021-11-04 02:00:00	6.5	북	350	20.15	0.92	7.4	1.16	7.5	4.0	남서	231	14.4	1017.4	-	61	
2021-11-04 02:05:00	7.9	북북서	334	20.15	0.75	7.1	0.97	8.0	3.9	남서	231	14.4	1017.4	-	55	
2021-11-04 02:10:00	4.6	북서	314	20.16	0.77	7.3	0.99	7.5	4.3	남서	229	14.4	1017.4	-	50	
2021-11-04 02:15:00	5.0	북서	321	20.16	0.82	6.8	1.20	6.0	4.8	남서	226	14.3	1017.4	-	64	
2021-11-04 02:20:00	6.0	북북서	335	20.16	0.80	7.0	1.02	8.0	4.8	남서	231	14.3	1017.4	-	58	
2021-11-04 02:25:00	7.3	북북서	344	20.16	0.80	7.1	1.14	6.5	4.4	남서	233	14.3	1017.4	-	67	
2021-11-04 02:30:00	6.8	북북서	341	20.18	0.93	7.1	1.18	7.5	4.5	남서	232	14.3	1017.4	-	65	
2021-11-04 02:35:00	4.9	북북서	345	20.18	0.89	6.8	1.23	7.0	4.3	남서	232	14.1	1017.4	-	59	
2021-11-04 02:40:00	3.7	북북서	346	20.18	0.84	7.6	1.06	7.0	4.4	남서	234	14.0	1017.3	-	51	
2021-11-04 02:45:00	5.4	북서	324	20.17	0.75	6.8	1.05	7.0	4.2	남서	230	14.1	1017.2	-	63	
2021-11-04 02:50:00	4.1	북북서	329	20.18	0.78	7.1	1.08	6.5	4.4	남서	233	14.2	1017.2	-	60	
2021-11-04 02:55:00	7.6	북북서	340	20.17	0.71	7.5	1.09	7.5	4.6	남서	228	14.1	1017.1	-	78	
2021-11-04 03:00:00	6.9	북북서	339	20.19	0.69	7.5	0.82	7.5	4.5	서남서	237	14.0	1017.1	-	68	
2021-11-04 03:05:00	6.5	북북서	339	20.18	0.65	7.7	0.80	8.0	4.5	서남서	244	13.9	1017.0	-	71	
2021-11-04 03:10:00	3.2	북	350	20.18	0.66	7.6	0.80	8.0	4.8	서남서	245	13.8	1016.9	-	64	
2021-11-04 03:15:00	3.2	북북서	345	20.17	0.74	6.5	0.90	7.0	4.8	서남서	250	13.6	1016.9	-	75	
2021-11-04 03:20:00	3.6	북서	324	20.18	0.75	7.2	1.01	7.5	5.1	서남서	247	13.8	1016.9	-	75	
2021-11-04 03:25:00	1.9	북	6	20.19	0.59	6.9	0.76	6.5	4.8	서남서	247	13.9	1016.8	-	58	
2021-11-04 03:30:00	4.1	북북서	346	20.19	0.74	7.4	1.14	7.0	4.8	서남서	249	13.8	1016.8	-	49	
2021-11-04 03:35:00	2.2	북북서	335	20.20	0.67	7.0	1.00	7.5	4.6	서남서	245	13.8	1016.8	-	104	
2021-11-04 03:40:00	4.8	북	353	20.19	0.87	7.0	1.14	6.5	4.6	서남서	246	13.8	1016.8	-	67	
2021-11-04 03:45:00	5.9	북북서	335	20.19	0.55	6.5	0.80	6.5	4.3	서남서	242	13.8	1016.8	-	49	
2021-11-04 03:50:00	5.2	북북서	337	20.18	0.67	7.5	0.93	8.0	4.0	서남서	244	13.8	1016.8	-	50	
2021-11-04 03:55:00	4.1	북	350	20.19	0.81	8.0	1.15	7.5	3.1	서남서	243	13.8	1016.9	-	54	
2021-11-04 04:00:00	3.2	북북서	333	20.18	0.64	7.2	0.94	7.0	2.7	서남서	242	13.8	1016.9	-	65	
2021-11-04 04:05:00	3.9	북북서	346	20.19	0.65	7.2	0.86	7.5	2.8	남서	221	13.8	1016.9	-	58	
2021-11-04 04:10:00	7.0	북서	314	20.19	0.61	6.8	0.97	7.0	2.6	남서	215	13.5	1016.9	-	66	
2021-11-04 04:15:00	4.7	북북서	330	20.19	0.70	7.2	1.03	6.0	1.8	남서	219	13.4	1016.9	-	56	
2021-11-04 04:20:00	0.8	서	277	20.19	0.63	6.8	0.81	6.0	2.0	남서	214	13.4	1016.9	-	64	
2021-11-04 04:25:00	3.1	북서	310	20.19	0.83	7.0	1.16	7.0	2.3	남서	222	13.8	1016.9	-	42	
2021-11-04 04:30:00	3.0	북서	314	20.19	0.72	7.5	1.05	8.0	2.0	서남서	241	13.9	1017.0	-	53	
2021-11-04 04:35:00	3.1	북서	305	20.19	0.71	7.2	1.00	6.0	3.2	남서	236	13.9	1017.0	-	67	
2021-11-04 04:40:00	3.0	북북서	330	20.19	0.66	7.6	0.81	8.5	3.8	서남서	242	14.0	1016.9	-	36	
2021-11-04 04:45:00	4.1	북북서	331	20.19	0.65	6.9	1.09	7.0	4.0	서남서	245	14.1	1016.9	-	36	
2021-11-04 04:50:00	3.4	북북서	343	20.18	0.76	7.1	1.02	6.0	4.5	서남서	240	14.1	1016.9	-	25	
2021-11-04 04:55:00	3.0	북서	315	20.19	0.80	7.2	1.06	6.5	5.0	서남서	238	14.2	1017.0	-	59	
2021-11-04 05:00:00	2.4	북북서	339	20.20	0.72	7.3	0.94	7.5	4.7	서남서	244	14.0	1017.1	-	50	
2021-11-04 05:05:00	2.2	북북동	13	20.18	0.64	6.5	0.87	6.5	4.9	서남서	244	13.8	1017.1	-	54	
2021-11-04 05:10:00	2.3	북서	307	20.18	0.87	7.3	1.12	7.0	5.1	서남서	245	13.7	1017.2	-	64	
2021-11-04 05:15:00	1.5	남동	143	20.18	0.60	7.3	0.77	7.5	5.5	서남서	245	13.8	1017.2	-	66	
2021-11-04 05:20:00	1.4	북서	305	20.17	0.78	7.3	0.92	7.5	5.6	서남서	246	13.8	1017.3	-	63	
2021-11-04 05:25:00	5.2	북북동	14	20.17	0.58	7.1	1.03	8.0	5.7	서남서	248	13.9	1017.3	-	38	
2021-11-04 05:30:00	3.4	서북서	301	20.19	0.69	7.0	1.04	7.0	5.9	서남서	247	13.8	1017.4	-	79	
2021-11-04 05:35:00	2.5	동북동	61	20.19	0.88	7.5	1.13	7.5	5.5	서남서	258	13.8	1017.5	-	53	
2021-11-04 05:40:00	1.0	서북서	296	20.19	0.67	6.9	0.99	7.0	5.2	서남서	247	13.7	1017.5	-	57	
2021-11-04 05:45:00	0.3	서	265	20.18	0.83	7.0	1.06	7.5	4.6	서남서	244	13.6	1017.6	-	64	
2021-11-04 05:50:00	1.6	남	173	20.19	0.66	7.1	0.97	7.0	3.2	서	261	13.6	1017.8	-	68	
2021-11-04 05:55:00	1.6	서	271	20.19	0.66	6.8	0.80	7.0	3.3	서	263	13.6	1017.8	-	80	
2021-11-04 06:00:00	1.9	남남서	199	20.18	0.68	6.8	1.08	7.5	2.8	북서	313	13.6	1017.8	-	53	
2021-11-04 06:05:00	1.2	남남동	149	20.17	0.64	7.0	1.05	8.0	2.9	서	271	13.6	1017.8	-	45	
2021-11-04 06:10:00	1.2	북북서	327	20.17	0.70	7.6	0.82	7.5	3.4	서남서	256	13.6	1017.8	-	68	
2021-11-04 06:15:00	2.7	서북서	293	20.18	0.61	7.3	0.95	6.5	3.6	서	260	13.6	1017.7	-	31	
2021-11-04 06:20:00	0.8	서북서	294	20.19	0.74	7.5	0.96	7.5	3.5	서	259	13.6	1017.7	-	62	
2021-11-04 06:25:00	0.7	남	172	20.18	0.60	6.9	0.73	6.5	3.6	서	264	13.6	1017.7	-	47	
2021-11-04 06:30:00	1.1	남서	224	20.19	0.74	6.9	0.95	6.5	3.9	서	261	13.5	1017.7	-	56	
2021-11-04 06:35:00	1.0	서	270	20.19	0.76	7.2	1.22	7.5	4.0	서남서	257	13.4	1017.7	-	54	
2021-11-04 06:40:00	1.7	북북서	330	20.19	0.57	6.9	0.90	6.5	3.9	서남서	251	13.4	1017.7	-	60	
2021-11-04 06:45:00	1.7	남서	230	20.20	0.71	7.3	1.02	7.0	4.3	서남서	248	13.3	1017.6	-	68	
2021-11-04 06:50:00	0.2	북	353	20.19	0.74	6.8	1.24	7.0	4.3	서남서	251	13.2	1017.6	-	42	
2021-11-04 06:55:00	0.2	남남서	206	20.18	0.66	7.2	0.89	7.0	4.3	서남서	248	13.2	1017.6	-	66	
2021-11-04 07:00:00	0.9	북동	43	20.18	0.77	7.0	1.15	7.5	4.6	서남서	246	13.2	1017.6	-	58	
2021-11-04 07:05:00	1.7	북서	313	20.17	0.57	6.5	0.82	6.5	4.8	서남서	250	13.2	1017.7	-	61	
2021-11-04 07:10:00	2.8	북북동	25	20.17	0.68	7.1	0.85	6.0	5.4	남서	235	13.2	1017.7	-	69	
2021-11-04 07:15:00	2.2	북북동	21	20.16	0.61	7.8	0.81	7.5	4.8	서남서	237	13.2	1017.8	-	43	
2021-11-04 07:20:00	0.8	북서	308	20.17	0.74	6.9	1.03	6.5	4.9	서남서	238	13.2	1017.8	-	68	
2021-11-04 07:25:00	2.5	북북동	15	20.16	0.80	7.2	1.04	7.5	5.4	남서	231	13.5	1017.7	-	62	
2021-11-04 07:30:00	0.8	서남서	256	20.17	0.77	7.4	1.15	7.5	5.1	남서	231	13.6	1017.8	-	49	
2021-11-04 07:35:00	2.2	북동	56	20.17	0.66	7.3	0.93	6.0	5.3	남서	227	13.8	1017.8	-	49	
2021-11-04 07:40:00	2.4	북동	49	20.16	0.62	6.9	0.85	7.5	5.2	남서	229	13.7	1017.9	-	66	
2021-11-04 07:45:00	2.1	북동	54	20.15	0.66	7.2	0.91	7.0	5.2	남서	231	13.9	1018.0	-	58	
2021-11-04 07:50:00	1.3	동	86	20.16	0.59	6.3	0.77	6.5	5.1	남서	236	13.9	1018.0	-	67	
2021-11-04 07:55:00	0.7	북	352	20.15	0.66	6.9	0.81	6.5	5.5	서남서	245	14.0	1018.2	-	44	
2021-11-04 08:00:00	1.3	북	4	20.16	0.62	6.7	0.97	6.5	4.9	서남서	246	14.0	1018.3	-	56	
2021-11-04 08:05:00	1.3	북동	37	20.14	0.60	7.1	0.99	6.5	4.5	서남서	242	14.1	1018.3	-	73	
2021-11-04 08:10:00	3.7	남남서	193	20.15	0.65	6.7	1.00	7.0	4.3	남서	236	14.1	1018.4	-	71	
2021-11-04 08:15:00	2.4	남남동	162	20.18	0.57	6.9	0.78	6.5	4.4	남서	231	14.1	1018.4	-	57	
2021-11-04 08:20:00	2.2	서남서	249	20.18	0.59	6.4	0.86	7.0	4.4	서남서	244	14.3	1018.4	-	50	
2021-11-04 08:25:00	2.9	남	188	20.17	0.66	7.2	0.90	6.5	4.4	서남서	239	14.4	1018.5	-	56	
2021-11-04 08:30:00	3.4	남남서	199	20.16	0.49	6.5	0.64	7.0	4.9	서남서	243	14.6	1018.6	-	65	
2021-11-04 08:35:00	2.5	남서	215	20.15	0.68	7.4	0.86	7.0	4.9	서남서	250	14.5	1018.7	-	64	
2021-11-04 08:40:00	2.8	남동	144	20.16	0.53	7.4	0.72	6.5	4.8	서남서	250	14.5	1018.8	-	55	
2021-11-04 08:45:00	5.7	남	176	20.15	0.57	6.6	0.72	6.0	4.7	서남서	246	14.4	1018.8	-	30	
2021-11-04 08:50:00	2.8	동남동	110	20.14	0.64	7.0	1.02	6.0	4.4	서남서	246	14.5	1018.9	-	47	
2021-11-04 08:55:00	3.4	남남동	149	20.15	0.74	7.2	1.08	8.0	4.4	서남서	245	14.6	1018.9	-	47	
2021-11-04 09:00:00	5.5	동남동	108	20.14	0.66	7.3	0.92	7.0	4.2	서남서	248	14.8	1019.0	-	55	
2021-11-04 09:05:00	3.7	동남동	112	20.14	0.57	6.9	0.79	7.0	3.9	서남서	241	14.8	1019.0	-	58	
2021-11-04 09:10:00	3.8	남	177	20.15	0.63	7.0	0.84	7.5	3.5	남서	234	14.9	1019.0	-	68	
2021-11-04 09:15:00	4.5	남	187	20.16	0.59	7.2	0.75	5.0	2.8	남서	229	15.1	1019.0	-	61	
2021-11-04 09:20:00	3.0	남	172	20.16	0.58	6.1	0.88	7.5	3.1	서남서	240	15.3	1019.1	-	52	
2021-11-04 09:25:00	1.0	동북동	70	20.14	0.61	7.3	0.79	7.5	2.6	서남서	243	15.5	1019.1	-	63	
2021-11-04 09:30:00	4.4	남동	137	20.14	0.63	6.7	0.80	7.0	2.1	남서	214	15.6	1019.0	-	54	
2021-11-04 09:35:00	2.5	남남동	163	20.15	0.63	7.0	0.99	7.0	1.4	남남서	206	15.8	1019.0	-	63	
2021-11-04 09:40:00	2.5	남남동	155	20.15	0.80	7.4	1.03	8.0	1.3	남	184	16.1	1019.0	-	63	
2021-11-04 09:45:00	2.8	남남동	150	20.15	0.65	7.1	0.91	7.0	1.6	남	190	16.1	1019.0	-	82	
2021-11-04 09:50:00	3.1	남	177	20.15	0.59	6.4	0.84	7.0	1.6	남남서	209	16.1	1019.0	-	76	
2021-11-04 09:55:00	3.5	남남서	206	20.15	0.65	7.3	0.85	7.0	2.1	남서	220	16.2	1019.0	-	73	
2021-11-04 10:00:00	2.7	남남동	151	20.15	0.65	7.1	0.79	6.0	1.8	남서	232	16.1	1019.0	-	70	
2021-11-04 10:05:00	3.6	동	84	20.15	0.66	7.0	1.01	5.5	1.0	서남서	239	16.2	1019.0	-	78	
2021-11-04 10:10:00	2.7	동남동	118	20.16	0.60	7.1	0.74	6.0	1.4	남서	224	16.6	1019.0	-	64	
2021-11-04 10:15:00	2.2	남동	136	20.16	0.66	7.0	0.86	5.5	2.0	남서	231	16.7	1018.9	-	57	
2021-11-04 10:20:00	3.6	동남동	105	20.16	0.62	6.5	0.83	6.0	1.7	서남서	246	16.9	1018.9	-	58	
2021-11-04 10:25:00	4.9	남남동	148	20.15	0.60	6.9	0.88	7.0	1.3	남서	228	17.2	1018.9	-	52	
2021-11-04 10:30:00	3.3	남동	143	20.16	0.58	6.7	0.73	7.5	0.5	남서	230	17.2	1018.9	-	49	
2021-11-04 10:35:00	4.5	남동	133	20.15	0.61	6.9	0.83	7.5	0.6	북북서	341	17.2	1018.9	-	51	
2021-11-04 10:40:00	4.3	동남동	121	20.16	0.74	6.8	1.06	6.5	0.6	북북동	14	17.0	1018.9	-	45	
2021-11-04 10:45:00	3.2	동남동	118	20.16	0.63	6.8	0.86	6.5	0.8	동	82	17.0	1018.8	-	60	
2021-11-04 10:50:00	4.0	남남동	160	20.16	0.56	6.8	0.86	6.5	0.6	동남동	121	17.1	1018.8	-	58	
2021-11-04 10:55:00	3.7	남동	141	20.16	0.60	6.5	0.86	6.5	0.1	동	97	17.5	1018.8	-	26	
2021-11-04 11:00:00	2.1	남동	143	20.16	0.73	7.5	0.96	6.0	0.1	동	93	17.8	1018.8	-	52	
2021-11-04 11:05:00	4.4	동남동	116	20.18	0.62	7.4	0.81	7.0	0.3	남동	129	17.8	1018.8	-	48	
2021-11-04 11:10:00	4.1	동남동	107	20.17	0.74	7.0	0.90	7.5	0.6	동	99	17.7	1018.7	-	60	
2021-11-04 11:15:00	6.9	동남동	117	20.17	0.59	6.1	0.80	6.5	0.8	동남동	108	17.3	1018.7	-	44	
2021-11-04 11:20:00	5.5	동	94	20.17	0.70	6.8	1.07	6.5	1.1	동	97	17.2	1018.7	-	42	
2021-11-04 11:25:00	5.5	남동	126	20.18	0.70	6.9	0.92	6.5	1.6	동	84	17.0	1018.6	-	55	
2021-11-04 11:30:00	4.8	동남동	111	20.18	0.71	6.7	1.00	7.0	1.6	동북동	78	16.8	1018.6	-	49	
2021-11-04 11:35:00	5.4	동남동	111	20.15	0.65	6.9	0.84	6.0	1.2	동	93	17.2	1018.5	-	44	
2021-11-04 11:40:00	5.7	남동	138	20.06	0.59	6.9	0.78	7.5	1.2	동남동	102	17.1	1018.5	-	42	
2021-11-04 11:45:00	5.2	남동	143	19.97	0.60	6.6	0.79	6.0	1.1	동	101	17.4	1018.4	-	52	
2021-11-04 11:50:00	6.3	남남동	154	19.99	0.76	7.1	0.95	7.0	1.2	동	86	17.3	1018.4	-	37	
2021-11-04 11:55:00	6.5	남남동	150	20.01	0.77	7.3	0.98	7.0	1.4	동남동	116	17.3	1018.4	-	47	
2021-11-04 12:00:00	6.4	남남동	163	20.00	0.61	6.0	0.82	6.5	1.3	동	99	17.5	1018.4	-	50	
2021-11-04 12:05:00	4.8	남	181	20.01	0.76	6.7	1.27	6.5	1.5	동	101	17.6	1018.4	-	37	
2021-11-04 12:10:00	5.6	남동	134	20.01	0.59	6.1	0.86	6.0	1.4	동남동	109	17.4	1018.4	-	80	
2021-11-04 12:15:00	4.8	남남동	152	20.01	0.56	6.1	0.65	8.0	1.0	동남동	106	17.7	1018.3	-	55	
2021-11-04 12:20:00	5.2	남남동	158	20.01	0.66	7.0	0.72	7.0	0.6	동	87	17.8	1018.3	-	47	
2021-11-04 12:25:00	5.6	남남동	149	20.00	0.60	6.9	0.90	7.0	0.5	동북동	57	18.0	1018.2	-	48	
2021-11-04 12:30:00	4.8	남동	131	20.00	0.74	6.6	0.94	6.0	0.7	동북동	60	17.8	1018.2	-	28	
2021-11-04 12:35:00	4.9	남남동	166	19.99	0.65	6.5	1.06	7.0	0.6	동	82	17.5	1018.1	-	64	
2021-11-04 12:40:00	5.8	남동	145	19.99	0.61	6.7	0.78	7.0	0.8	동남동	118	17.5	1018.1	-	17	
2021-11-04 12:45:00	3.3	남남동	166	19.98	0.66	6.4	0.72	6.0	1.3	남동	138	17.3	1018.1	-	27	
2021-11-04 12:50:00	4.9	남동	142	19.98	0.67	6.7	0.80	7.0	1.3	남동	140	17.5	1018.0	-	45	
2021-11-04 12:55:00	4.1	남	171	19.97	0.69	6.7	0.90	7.5	0.9	남동	139	17.7	1018.0	-	63	
2021-11-04 13:00:00	5.5	남동	145	19.97	0.70	6.1	1.03	5.5	0.7	남동	138	18.0	1018.0	-	49	
2021-11-04 13:05:00	6.7	남남동	166	19.97	0.56	6.6	0.95	5.5	0.6	남동	128	17.7	1018.0	-	41	
2021-11-04 13:10:00	6.6	남동	130	19.99	0.75	6.8	1.06	6.0	0.4	동	92	17.4	1017.9	-	59	
2021-11-04 13:15:00	5.1	남남동	157	19.98	0.65	6.3	0.90	6.0	0.5	동	83	17.4	1017.8	-	55	
2021-11-04 13:20:00	8.9	남남동	160	20.05	0.75	6.5	1.33	6.5	0.6	동북동	73	17.3	1017.7	-	64	
2021-11-04 13:25:00	5.6	남남동	152	20.04	0.62	6.8	0.78	6.0	0.7	북동	41	17.4	1017.7	-	36	
2021-11-04 13:30:00	6.6	남남동	159	20.05	0.72	6.8	0.88	6.0	0.7	북북동	32	17.3	1017.7	-	52	
2021-11-04 13:35:00	7.9	남	170	20.04	0.54	6.1	0.68	7.0	0.9	북동	52	17.4	1017.6	-	28	
2021-11-04 13:40:00	8.7	남	171	19.90	0.58	6.0	0.82	6.0	0.9	동북동	77	17.6	1017.6	-	14	
2021-11-04 13:45:00	8.1	남	172	19.77	0.67	6.6	0.99	6.5	0.4	동남동	115	17.5	1017.5	-	34	
2021-11-04 13:50:00	7.4	남	177	19.73	0.61	5.8	0.94	6.5	0.4	남	177	17.9	1017.5	-	65	
2021-11-04 13:55:00	7.8	남	182	19.70	0.71	6.7	0.90	7.0	1.2	남	191	18.4	1017.5	-	34	
2021-11-04 14:00:00	6.0	남	184	19.69	0.71	6.7	0.98	6.0	2.2	남	188	18.0	1017.5	-	68	
2021-11-04 14:05:00	7.9	남	188	19.70	0.63	6.5	0.84	6.5	2.5	남남서	194	17.8	1017.5	-	35	
2021-11-04 14:10:00	6.8	남	175	19.67	0.70	6.8	0.94	5.5	2.2	남	188	17.7	1017.5	-	52	
2021-11-04 14:15:00	7.8	남	179	19.68	0.67	6.1	0.89	7.5	1.9	남	185	17.7	1017.5	-	60	
2021-11-04 14:20:00	6.9	남	170	19.68	0.62	6.4	0.83	5.5	2.0	남	182	17.8	1017.5	-	8	
2021-11-04 14:25:00	6.3	남남서	195	19.71	0.63	6.9	0.80	7.5	1.7	남	180	18.0	1017.4	-	57	
2021-11-04 14:30:00	5.0	남	177	19.70	0.72	6.5	0.93	7.0	1.5	남	175	18.2	1017.4	-	57	
2021-11-04 14:35:00	5.8	남남서	198	19.69	0.73	7.0	1.07	6.0	0.6	남	169	18.4	1017.4	-	56	
2021-11-04 14:40:00	5.1	남남동	168	19.70	0.70	6.0	1.11	5.0	0.6	남남동	148	18.9	1017.4	-	30	
2021-11-04 14:45:00	8.0	남남동	168	19.70	0.59	6.3	0.82	5.5	0.8	남남동	154	18.9	1017.4	-	50	
2021-11-04 14:50:00	3.4	남남동	168	19.72	0.65	6.6	0.89	7.0	0.7	남남동	163	18.5	1017.4	-	51	
2021-11-04 14:55:00	6.8	남남동	168	19.71	0.71	6.8	0.93	7.5	0.6	남	173	18.5	1017.4	-	53	
2021-11-04 15:00:00	3.0	남	180	19.70	0.52	6.1	0.72	7.0	0.7	남	183	18.4	1017.5	-	60	
2021-11-04 15:05:00	7.8	남	174	19.68	0.62	6.3	0.91	6.0	0.4	남남동	168	18.5	1017.5	-	56	
2021-11-04 15:10:00	5.8	남	172	19.69	0.60	6.5	0.74	8.0	0.2	남동	137	18.7	1017.4	-	63	
2021-11-04 15:15:00	6.4	남남동	156	19.69	0.75	6.9	1.04	7.0	0.3	동	90	18.6	1017.4	-	54	
2021-11-04 15:20:00	4.8	남남동	168	19.68	0.64	6.6	0.85	7.5	1.2	동북동	76	18.4	1017.4	-	54	
2021-11-04 15:25:00	8.4	남남동	165	19.70	0.73	7.2	0.88	8.0	1.6	동북동	67	18.4	1017.4	-	49	
2021-11-04 15:30:00	6.1	남남동	165	19.70	0.64	6.6	0.86	7.0	1.4	동북동	71	18.5	1017.5	-	51	
2021-11-04 15:35:00	5.8	남남동	165	19.70	0.59	6.6	0.82	6.5	1.4	동북동	63	18.6	1017.5	-	71	
2021-11-04 15:40:00	5.7	남동	137	19.70	0.67	6.9	0.93	7.5	0.8	동	92	18.4	1017.5	-	50	
2021-11-04 15:45:00	6.4	남	171	19.69	0.71	7.1	1.02	7.0	0.7	남동	125	18.4	1017.6	-	57	
2021-11-04 15:50:00	6.6	남	176	19.69	0.69	6.7	0.76	6.0	0.8	남남동	161	18.4	1017.6	-	45	
2021-11-04 15:55:00	3.9	남	181	19.69	0.79	7.0	1.34	7.0	0.9	남남서	196	18.5	1017.6	-	45	
2021-11-04 16:00:00	6.2	남	173	19.69	0.66	6.9	0.84	7.0	0.8	남남서	199	19.0	1017.6	-	54	
2021-11-04 16:05:00	4.6	남남동	154	19.68	0.50	5.9	0.83	7.0	0.6	남남서	196	19.2	1017.6	-	52	
2021-11-04 16:10:00	5.8	남남동	160	19.69	0.54	6.5	0.65	6.0	0.2	남	178	19.3	1017.6	-	46	
2021-11-04 16:15:00	5.4	남남동	160	19.69	0.70	7.0	1.04	6.0	0.0	북서	321	19.3	1017.6	-	55	
2021-11-04 16:20:00	3.9	남남동	159	19.71	0.64	6.6	0.98	5.5	0.0	북북서	333	19.3	1017.6	-	51	
2021-11-04 16:25:00	4.5	남	174	19.72	0.53	6.5	0.85	7.5	0.3	서	274	19.3	1017.6	-	61	
2021-11-04 16:30:00	4.9	남남동	164	19.74	0.59	7.2	0.75	7.0	0.5	서	279	18.9	1017.6	-	57	
2021-11-04 16:35:00	6.4	남	172	19.75	0.55	6.5	0.79	6.5	0.3	서남서	250	18.7	1017.6	-	20	
2021-11-04 16:40:00	4.5	남	171	19.77	0.54	6.6	0.83	7.0	0.5	서남서	254	18.8	1017.6	-	57	
2021-11-04 16:45:00	5.7	남남동	165	19.77	0.59	6.5	1.00	7.0	0.1	서남서	255	18.8	1017.7	-	51	
2021-11-04 16:50:00	7.5	남	185	19.76	0.58	6.6	0.86	6.0	0.3	남서	227	18.9	1017.8	-	51	
2021-11-04 16:55:00	5.6	남	190	19.74	0.70	6.7	1.02	7.0	0.8	남남서	199	18.8	1017.8	-	60	
2021-11-04 17:00:00	6.8	남	188	19.74	0.53	6.6	0.77	6.0	1.6	남	189	18.5	1017.8	-	74	
2021-11-04 17:05:00	6.3	남	175	19.73	0.51	6.0	0.67	6.0	2.3	남	175	18.1	1017.8	-	21	
2021-11-04 17:10:00	4.9	남남서	209	19.73	0.53	6.3	0.79	7.5	2.5	남	189	17.8	1017.8	-	68	
2021-11-04 17:15:00	5.5	남남서	201	19.72	0.53	6.5	0.77	6.0	2.8	남	189	17.8	1017.7	-	43	
2021-11-04 17:20:00	4.4	남	181	19.70	0.52	5.7	0.85	5.5	2.5	남	179	17.7	1017.8	-	65	
2021-11-04 17:25:00	6.8	남남서	195	19.70	0.50	6.8	0.61	9.0	2.3	남남서	202	17.7	1017.8	-	77	
2021-11-04 17:30:00	5.7	남	185	19.70	0.53	5.9	0.65	6.0	2.4	남서	228	17.5	1017.9	-	70	
2021-11-04 17:35:00	3.6	남	177	19.70	0.56	6.3	0.72	7.5	2.4	남서	233	17.3	1018.0	-	46	
2021-11-04 17:40:00	3.2	남남동	166	19.66	0.56	6.7	0.67	7.5	2.9	남서	221	17.1	1018.0	-	40	
2021-11-04 17:45:00	5.7	남	175	19.69	0.64	6.5	1.03	7.5	2.6	남서	217	16.8	1018.1	-	55	
2021-11-04 17:50:00	5.8	남	187	19.70	0.52	6.5	0.70	6.0	2.2	남서	234	16.5	1018.1	-	1	
2021-11-04 17:55:00	5.2	남	171	19.71	0.53	6.3	0.93	6.0	2.3	서남서	242	16.3	1018.2	-	49	
2021-11-04 18:00:00	3.5	남	174	19.72	0.56	6.6	0.79	6.0	2.3	서남서	241	16.3	1018.2	-	55	
2021-11-04 18:05:00	3.7	남남동	162	19.72	0.60	7.0	0.88	6.5	1.7	서남서	249	16.3	1018.3	-	65	
2021-11-04 18:10:00	4.3	남	172	19.72	0.66	7.2	0.81	7.0	2.1	서	265	16.0	1018.4	-	42	
2021-11-04 18:15:00	4.4	남	172	19.72	0.59	6.9	0.83	7.5	2.3	서북서	289	15.6	1018.4	-	54	
2021-11-04 18:20:00	4.8	남	181	19.73	0.49	6.6	0.64	8.5	2.0	서	277	15.6	1018.5	-	65	
2021-11-04 18:25:00	4.4	남남서	195	19.72	0.47	6.0	0.55	6.0	1.5	서	265	15.8	1018.5	-	32	
2021-11-04 18:30:00	3.0	남남서	194	19.71	0.52	6.8	0.80	6.5	1.6	서	275	16.0	1018.5	-	46	
2021-11-04 18:35:00	5.0	남	179	19.72	0.45	6.3	0.65	7.0	1.8	서	281	16.3	1018.5	-	30	
2021-11-04 18:40:00	2.1	남	186	19.73	0.57	6.5	0.76	7.0	2.3	서	271	16.1	1018.6	-	46	
2021-11-04 18:45:00	3.8	남	183	19.72	0.58	6.7	0.80	8.0	2.1	서	280	16.1	1018.6	-	64	
2021-11-04 18:50:00	4.7	남	180	19.75	0.61	7.3	0.87	6.5	1.8	서	262	16.0	1018.7	-	48	
2021-11-04 18:55:00	3.1	남	183	19.73	0.50	6.7	0.61	7.0	2.1	서	273	16.1	1018.7	-	25	
2021-11-04 19:00:00	3.3	남	183	19.74	0.51	7.2	0.69	7.5	1.8	서	277	16.2	1018.8	-	56	
2021-11-04 19:05:00	3.7	남남동	164	19.75	0.53	6.6	0.72	6.5	2.2	서남서	251	15.7	1018.8	-	50	
2021-11-04 19:10:00	3.2	남남동	161	19.74	0.51	6.4	0.76	6.5	2.8	서남서	244	15.0	1018.9	-	71	
2021-11-04 19:15:00	2.5	남	173	19.74	0.54	7.1	0.70	7.5	3.4	서남서	244	14.5	1019.0	-	49	
2021-11-04 19:20:00	3.2	남남서	197	19.73	0.64	7.0	1.00	7.0	3.0	서남서	237	14.4	1019.1	-	58	
2021-11-04 19:25:00	3.0	남남동	158	19.74	0.55	7.0	0.70	6.5	3.2	남서	229	14.6	1019.2	-	54	
2021-11-04 19:30:00	2.3	남	169	19.73	0.59	6.5	0.90	6.5	3.3	남서	227	14.9	1019.2	-	38	
2021-11-04 19:35:00	1.3	동	80	19.72	0.60	7.2	0.88	7.0	3.4	남서	232	15.1	1019.2	-	54	
2021-11-04 19:40:00	2.1	남남서	199	19.71	0.56	7.0	1.04	6.5	3.5	남서	236	15.1	1019.3	-	57	
2021-11-04 19:45:00	2.8	남	185	19.71	0.55	7.0	0.86	7.0	3.8	서남서	238	15.3	1019.3	-	69	
2021-11-04 19:50:00	3.1	남남서	201	19.68	0.52	6.5	0.68	7.5	4.3	서남서	242	15.2	1019.3	-	62	
2021-11-04 19:55:00	2.6	남남서	213	19.70	0.60	6.8	0.79	7.5	4.2	서남서	246	15.3	1019.4	-	66	
2021-11-04 20:00:00	3.3	남남서	201	19.68	0.72	7.2	0.90	6.5	3.9	서남서	243	14.9	1019.4	-	48	
2021-11-04 20:05:00	2.0	남	190	19.67	0.52	6.6	0.66	7.0	3.9	서남서	248	14.8	1019.4	-	43	
2021-11-04 20:10:00	3.3	남	185	19.67	0.54	7.1	0.74	6.5	4.0	서남서	250	14.8	1019.5	-	32	
2021-11-04 20:15:00	3.0	남남서	200	19.68	0.73	7.3	1.09	7.0	3.9	서남서	248	14.7	1019.5	-	58	
2021-11-04 20:20:00	1.3	남남서	204	19.66	0.58	7.0	0.91	6.5	3.9	서남서	244	14.9	1019.5	-	64	
2021-11-04 20:25:00	3.5	남남서	207	19.68	0.52	7.1	0.73	6.5	3.5	서남서	242	14.8	1019.6	-	49	
2021-11-04 20:30:00	3.2	남	173	19.66	0.58	6.9	0.92	7.0	3.7	서남서	238	14.9	1019.6	-	56	
2021-11-04 20:35:00	1.2	남서	235	19.65	0.51	7.2	0.71	7.0	3.7	서남서	238	14.8	1019.7	-	49	
2021-11-04 20:40:00	1.9	남	183	19.66	0.57	6.9	0.73	7.5	3.5	서남서	244	14.9	1019.7	-	68	
2021-11-04 20:45:00	2.8	남동	145	19.65	0.48	6.6	0.63	6.5	3.8	서남서	248	14.7	1019.8	-	48	
2021-11-04 20:50:00	1.1	남서	222	19.65	0.55	7.0	0.84	7.0	3.7	서남서	245	14.7	1019.8	-	65	
2021-11-04 20:55:00	1.9	남동	127	19.64	0.74	6.8	1.11	7.0	3.2	서남서	242	14.6	1019.9	-	55	
2021-11-04 21:00:00	2.2	남	176	19.62	0.52	6.7	0.69	6.5	3.3	서남서	243	14.7	1019.9	-	60	
2021-11-04 21:05:00	1.0	남동	136	19.64	0.53	7.1	0.73	6.5	3.8	서남서	240	14.8	1019.9	-	45	
2021-11-04 21:10:00	0.1	남남동	158	19.64	0.56	6.9	0.71	6.0	3.9	서남서	243	14.6	1020.0	-	57	
2021-11-04 21:15:00	2.6	남남서	200	19.63	0.53	7.0	0.66	6.5	4.0	서남서	245	14.5	1020.0	-	84	
2021-11-04 21:20:00	1.0	남남서	212	19.64	0.53	6.8	0.71	6.5	3.7	서남서	241	14.5	1020.1	-	87	
2021-11-04 21:25:00	1.1	서남서	250	19.63	0.51	7.2	0.88	7.0	3.6	서남서	240	14.5	1020.1	-	42	
2021-11-04 21:30:00	1.0	남	191	19.63	0.56	6.7	0.98	6.5	3.7	서남서	245	14.5	1020.2	-	36	
2021-11-04 21:35:00	1.5	남서	230	19.64	0.48	6.8	0.57	7.0	4.0	서남서	243	14.6	1020.2	-	47	
2021-11-04 21:40:00	3.0	남남동	168	19.63	0.59	6.9	0.81	7.5	4.4	서남서	246	14.5	1020.2	-	45	
2021-11-04 21:45:00	1.2	남남서	194	19.63	0.56	6.9	0.65	7.0	4.4	서남서	245	14.4	1020.3	-	74	
2021-11-04 21:50:00	0.7	서남서	243	19.62	0.46	6.9	0.61	8.0	4.1	서남서	242	14.5	1020.4	-	56	
2021-11-04 21:55:00	1.2	남남동	164	19.63	0.50	6.7	0.80	7.0	4.5	서남서	249	14.6	1020.4	-	36	
2021-11-04 22:00:00	2.5	남	177	19.60	0.59	6.5	0.82	7.0	4.2	서남서	246	14.4	1020.5	-	42	
2021-11-04 22:05:00	1.6	동북동	71	19.59	0.65	7.2	0.99	7.0	4.3	서남서	246	14.4	1020.6	-	50	
2021-11-04 22:10:00	2.6	남남동	159	19.59	0.56	7.2	0.80	7.0	4.2	서남서	246	14.4	1020.6	-	56	
2021-11-04 22:15:00	3.5	남남서	206	19.58	0.55	7.0	0.71	6.5	3.9	서남서	242	14.5	1020.7	-	71	
2021-11-04 22:20:00	3.1	남	185	19.60	0.58	7.1	0.79	7.0	4.1	서남서	247	14.5	1020.7	-	58	
2021-11-04 22:25:00	3.8	남	169	19.60	0.49	6.5	0.71	7.0	4.0	서남서	244	14.5	1020.8	-	50	
2021-11-04 22:30:00	1.1	남동	142	19.59	0.48	6.5	0.68	6.0	3.8	서남서	239	14.5	1020.8	-	38	
2021-11-04 22:35:00	4.1	남남서	198	19.59	0.49	6.7	0.63	7.5	3.4	서남서	239	14.4	1020.9	-	46	
2021-11-04 22:40:00	3.6	남남서	212	19.59	0.49	7.5	0.62	7.0	3.5	남서	231	14.5	1020.9	-	79	
2021-11-04 22:45:00	2.4	남	184	19.59	0.55	6.8	0.67	7.0	4.0	남서	229	14.5	1021.0	-	81	
2021-11-04 22:50:00	3.4	남서	218	19.59	0.64	7.3	0.87	7.5	3.9	남서	228	14.4	1021.0	-	59	
2021-11-04 22:55:00	1.3	남남서	201	19.60	0.53	6.4	0.69	7.5	3.8	남서	234	14.3	1021.0	-	57	
2021-11-04 23:00:00	0.7	북서	326	19.59	0.46	6.4	0.56	5.0	3.9	서남서	240	14.3	1021.0	-	55	
2021-11-04 23:05:00	1.6	남남서	204	19.59	0.50	6.8	0.79	6.0	4.1	서남서	238	14.3	1021.0	-	88	
2021-11-04 23:10:00	0.9	서	275	19.58	0.54	6.9	0.69	7.0	4.2	남서	235	14.4	1021.0	-	50	
2021-11-04 23:15:00	1.5	남서	217	19.59	0.44	5.9	0.61	6.5	4.1	서남서	237	14.3	1020.9	-	63	
2021-11-04 23:20:00	1.4	남	176	19.59	0.61	7.3	0.89	7.0	3.9	서남서	241	14.2	1021.0	-	74	
2021-11-04 23:25:00	0.5	남서	223	19.59	0.62	7.0	0.80	6.5	3.7	서남서	239	14.2	1021.0	-	86	
2021-11-04 23:30:00	2.3	서남서	258	19.57	0.63	6.8	0.98	7.0	4.0	서남서	241	14.3	1021.0	-	61	
2021-11-04 23:35:00	0.9	남남동	152	19.58	0.63	6.7	0.78	6.5	4.5	서남서	243	14.1	1020.9	-	73	
2021-11-04 23:40:00	2.9	남남서	213	19.58	0.60	7.1	0.81	6.5	4.9	서남서	244	14.0	1020.9	-	83	
2021-11-04 23:45:00	2.5	남서	233	19.59	0.57	7.0	0.76	6.5	4.9	서남서	243	14.0	1020.9	-	60	
2021-11-04 23:50:00	0.4	남남동	157	19.59	0.61	7.3	0.88	6.0	4.9	서남서	243	13.8	1020.9	-	59	
2021-11-04 23:55:00	0.8	북서	311	19.58	0.55	6.8	0.80	6.0	5.0	서남서	243	13.9	1020.9	-	56	
2021-11-05 00:00:00	1.1	남서	235	19.57	0.52	6.6	0.75	5.5	5.1	서남서	244	13.7	1020.9	-	65	
2021-11-05 00:05:00	0.8	남서	221	19.57	0.56	6.9	0.76	6.0	5.3	서남서	243	13.8	1020.9	-	77	
2021-11-05 00:10:00	0.7	동남동	109	19.56	0.44	6.5	0.53	6.0	5.5	서남서	238	13.8	1020.9	-	72	
2021-11-05 00:15:00	0.9	북북동	32	19.56	0.55	6.8	0.95	6.5	5.4	서남서	241	13.8	1020.9	-	33	
2021-11-05 00:20:00	1.7	북	349	19.56	0.49	6.3	0.87	6.5	5.6	서남서	244	13.7	1020.9	-	82	
2021-11-05 00:25:00	1.5	북북서	345	19.55	0.52	7.0	0.60	7.5	5.6	서남서	242	13.8	1020.9	-	49	
2021-11-05 00:30:00	1.3	북서	324	19.56	0.51	7.0	0.74	7.5	5.8	서남서	241	13.9	1021.0	-	72	
2021-11-05 00:35:00	0.6	북동	35	19.55	0.47	6.7	0.55	6.0	5.5	서남서	237	14.1	1021.0	-	72	
2021-11-05 00:40:00	2.1	서북서	303	19.55	0.53	6.8	0.81	6.5	5.5	서남서	238	14.2	1021.0	-	55	
2021-11-05 00:45:00	1.7	북서	312	19.55	0.40	6.2	0.58	6.0	4.9	남서	229	14.2	1021.0	-	52	
2021-11-05 00:50:00	2.6	북	353	19.55	0.58	7.0	0.91	7.0	4.2	남서	224	13.8	1021.0	-	68	
2021-11-05 00:55:00	2.5	북북서	328	19.55	0.48	6.3	0.54	6.5	4.5	남서	229	13.9	1021.1	-	46	
2021-11-05 01:00:00	1.7	북북서	333	19.54	0.50	6.7	0.78	7.5	4.9	남서	234	14.2	1021.1	-	78	
2021-11-05 01:05:00	2.5	서	271	19.52	0.49	7.0	0.64	7.0	5.3	남서	229	14.2	1021.1	-	61	
2021-11-05 01:10:00	3.2	서북서	297	19.53	0.39	6.3	0.64	7.0	5.1	남서	228	14.1	1021.1	-	28	
2021-11-05 01:15:00	2.0	서북서	282	19.53	0.52	7.3	0.65	6.0	5.0	남서	230	14.2	1021.1	-	72	
2021-11-05 01:20:00	2.0	서북서	295	19.54	0.57	7.3	0.76	7.5	5.0	남서	230	14.3	1021.1	-	52	
2021-11-05 01:25:00	2.6	서북서	301	19.54	0.46	6.7	0.57	6.0	5.3	남서	232	14.2	1021.0	-	84	
2021-11-05 01:30:00	2.1	서북서	282	19.54	0.49	6.9	0.71	6.5	5.2	서남서	241	14.4	1021.0	-	61	
2021-11-05 01:35:00	3.0	북서	306	19.54	0.63	6.0	0.80	7.5	5.3	서남서	245	14.2	1021.0	-	70	
2021-11-05 01:40:00	1.9	서북서	283	19.54	0.43	6.8	0.68	7.0	5.6	서남서	242	14.2	1021.0	-	67	
2021-11-05 01:45:00	3.4	서북서	286	19.55	0.56	7.0	0.83	7.5	5.8	서남서	242	14.2	1021.0	-	70	
2021-11-05 01:50:00	1.8	서남서	257	19.55	0.53	6.8	0.69	6.0	6.0	서남서	245	14.1	1021.0	-	67	
2021-11-05 01:55:00	0.7	동	79	19.54	0.60	7.5	0.90	7.0	6.3	서남서	244	13.9	1021.0	-	54	
2021-11-05 02:00:00	1.4	서남서	257	19.52	0.54	7.2	0.89	7.0	6.1	서남서	245	13.7	1021.0	-	51	
2021-11-05 02:05:00	2.3	서남서	241	19.52	0.49	6.5	0.83	6.0	6.1	서남서	244	13.8	1021.0	-	55	
2021-11-05 02:10:00	2.1	북서	318	19.53	0.68	7.1	0.90	7.0	6.0	서남서	242	13.7	1021.0	-	74	
2021-11-05 02:15:00	3.6	서	265	19.53	0.39	5.9	0.51	4.5	5.7	서남서	245	13.6	1021.0	-	73	
2021-11-05 02:20:00	2.3	서남서	245	19.54	0.49	6.8	0.63	8.0	5.6	서남서	243	13.6	1021.0	-	69	
2021-11-05 02:25:00	1.5	서남서	237	19.54	0.48	6.8	0.57	7.0	5.4	서남서	242	13.6	1021.0	-	72	
2021-11-05 02:30:00	1.6	남서	222	19.54	0.52	7.0	0.75	6.0	5.7	서남서	240	13.6	1021.0	-	47	
2021-11-05 02:35:00	2.0	남서	214	19.53	0.45	7.0	0.75	7.5	5.5	서남서	241	13.6	1021.0	-	78	
2021-11-05 02:40:00	2.2	남서	214	19.53	0.45	6.5	0.54	5.5	5.4	서남서	243	13.5	1021.0	-	44	
2021-11-05 02:45:00	3.6	남	169	19.52	0.51	6.4	0.61	7.5	5.3	서남서	244	13.5	1021.0	-	83	
2021-11-05 02:50:00	2.1	남남서	193	19.52	0.46	6.5	0.65	6.5	5.8	서남서	244	13.4	1021.0	-	91	
2021-11-05 02:55:00	3.0	남남서	214	19.50	0.48	6.3	0.59	6.5	5.5	서남서	241	13.4	1021.0	-	62	
2021-11-05 03:00:00	2.7	남남서	213	19.51	0.42	6.8	0.56	7.5	5.6	서남서	242	13.3	1021.0	-	94	
2021-11-05 03:05:00	1.8	남	187	19.48	0.47	6.7	0.75	6.5	5.5	서남서	241	13.3	1020.9	-	34	
2021-11-05 03:10:00	1.4	서남서	239	19.49	0.52	6.9	0.76	7.0	5.7	서남서	241	13.3	1020.9	-	60	
2021-11-05 03:15:00	1.6	남남서	213	19.48	0.49	7.0	0.72	6.5	5.0	서남서	242	13.3	1021.0	-	80	
2021-11-05 03:20:00	1.5	남남서	210	19.48	0.44	6.7	0.71	6.5	5.0	서남서	241	13.3	1021.0	-	99	
2021-11-05 03:25:00	1.8	북동	44	19.49	0.55	6.7	0.70	6.5	4.6	서남서	237	13.5	1021.0	-	44	
2021-11-05 03:30:00	4.8	북	3	19.44	0.54	6.9	0.70	6.5	4.8	남서	235	13.4	1020.9	-	65	
2021-11-05 03:35:00	2.1	북서	322	19.43	0.53	6.8	0.63	6.5	4.6	서남서	244	13.5	1020.9	-	44	
2021-11-05 03:40:00	2.8	북	352	19.43	0.51	6.5	0.65	6.5	5.0	서남서	246	13.2	1020.9	-	51	
2021-11-05 03:45:00	2.7	북	359	19.44	0.44	6.4	0.56	6.5	5.4	서남서	247	13.3	1020.8	-	52	
2021-11-05 03:50:00	2.1	북북동	19	19.44	0.48	6.9	0.64	7.0	5.0	서남서	247	13.2	1020.8	-	33	
2021-11-05 03:55:00	1.0	서	279	19.45	0.51	6.7	0.64	7.0	4.8	서남서	242	13.3	1020.7	-	38	
2021-11-05 04:00:00	2.5	서북서	287	19.44	0.40	6.5	0.47	6.0	4.3	서남서	245	13.4	1020.7	-	68	
2021-11-05 04:05:00	2.8	북	360	19.43	0.58	7.4	0.73	7.5	4.4	서남서	247	13.3	1020.7	-	44	
2021-11-05 04:10:00	4.7	북	4	19.43	0.48	6.8	0.67	7.0	4.7	서남서	247	13.3	1020.7	-	33	
2021-11-05 04:15:00	5.4	북북서	342	19.44	0.63	7.3	0.91	7.0	5.5	서남서	242	13.3	1020.7	-	40	
2021-11-05 04:20:00	4.1	북	352	19.44	0.53	6.8	0.73	6.0	5.9	서남서	240	13.1	1020.7	-	64	
2021-11-05 04:25:00	1.4	북	6	19.45	0.45	6.9	0.70	7.5	5.7	서남서	239	13.1	1020.7	-	35	
2021-11-05 04:30:00	1.3	북	3	19.43	0.49	6.8	0.80	7.0	5.9	서남서	242	13.1	1020.8	-	66	
2021-11-05 04:35:00	2.3	북	352	19.44	0.46	6.7	0.67	6.5	6.2	서남서	243	13.2	1020.8	-	88	
2021-11-05 04:40:00	4.0	북	6	19.43	0.38	6.9	0.47	8.0	5.9	서남서	244	13.2	1020.8	-	44	
2021-11-05 04:45:00	3.4	북	351	19.43	0.42	6.6	0.54	5.0	6.0	서남서	243	13.2	1020.8	-	27	
2021-11-05 04:50:00	4.8	북북서	336	19.43	0.52	6.7	0.64	6.5	5.9	서남서	240	13.3	1020.8	-	44	
2021-11-05 04:55:00	6.2	북서	312	19.42	0.45	6.8	0.54	6.5	6.1	서남서	242	13.2	1020.8	-	48	
2021-11-05 05:00:00	3.7	북서	325	19.45	0.42	6.3	0.55	5.5	5.8	서남서	242	13.2	1020.8	-	86	
2021-11-05 05:05:00	3.0	북서	312	19.44	0.54	6.8	0.71	7.0	5.4	서남서	237	13.4	1020.8	-	42	
2021-11-05 05:10:00	2.6	서북서	289	19.44	0.43	6.6	0.53	6.5	5.8	남서	236	13.6	1020.8	-	56	
2021-11-05 05:15:00	3.8	북북서	344	19.42	0.48	6.4	0.60	6.0	5.7	서남서	245	13.4	1020.8	-	88	
2021-11-05 05:20:00	3.1	북북서	327	19.43	0.49	7.0	0.58	6.5	6.0	서남서	246	13.4	1020.8	-	47	
2021-11-05 05:25:00	1.5	북북서	332	19.44	0.49	7.1	0.58	7.0	5.9	서남서	244	13.4	1020.8	-	55	
2021-11-05 05:30:00	1.8	북서	318	19.44	0.41	6.5	0.66	5.5	5.5	서남서	237	13.4	1020.9	-	60	
2021-11-05 05:35:00	3.5	북북서	337	19.43	0.39	6.2	0.47	6.5	5.3	남서	229	13.6	1020.9	-	63	
2021-11-05 05:40:00	4.8	북북서	329	19.47	0.48	6.4	0.88	6.5	5.1	남서	223	13.3	1020.9	-	61	
2021-11-05 05:45:00	3.7	북북서	344	19.46	0.51	6.3	0.74	6.5	4.8	남서	223	13.3	1020.9	-	58	
2021-11-05 05:50:00	5.2	북서	316	19.46	0.44	6.4	0.66	6.5	4.9	남서	221	13.3	1020.9	-	352	
2021-11-05 05:55:00	4.6	북	354	19.47	0.53	6.8	0.66	7.5	4.9	남서	224	13.1	1020.9	-	50	
2021-11-05 06:00:00	6.0	북북서	334	19.45	0.50	6.4	0.68	6.0	4.6	남서	222	13.0	1020.9	-	46	
2021-11-05 06:05:00	3.3	북북서	338	19.45	0.50	6.5	0.61	6.5	5.1	남서	223	12.9	1020.9	-	65	
2021-11-05 06:10:00	4.4	북북서	340	19.47	0.39	7.0	0.52	6.0	5.5	남서	226	13.1	1020.9	-	84	
2021-11-05 06:15:00	3.6	북북서	339	19.47	0.44	6.8	0.65	6.5	5.8	남서	230	13.2	1021.0	-	60	
2021-11-05 06:20:00	3.5	북북서	337	19.48	0.48	6.4	0.66	6.0	5.9	남서	231	13.2	1021.0	-	82	
2021-11-05 06:25:00	5.9	북북서	329	19.48	0.61	6.7	0.81	7.0	5.9	남서	230	13.1	1021.0	-	58	
2021-11-05 06:30:00	4.3	북서	313	19.49	0.61	7.0	0.77	7.5	6.0	남서	233	13.1	1021.0	-	30	
2021-11-05 06:35:00	4.7	북북서	339	19.48	0.47	6.6	0.66	6.5	5.7	남서	232	13.1	1021.0	-	48	
2021-11-05 06:40:00	3.7	북서	307	19.49	0.40	6.0	0.59	6.0	5.7	서남서	239	13.3	1021.0	-	65	
2021-11-05 06:45:00	6.3	북서	316	19.49	0.37	5.9	0.54	5.5	5.5	서남서	241	13.6	1021.0	-	63	
2021-11-05 06:50:00	4.7	북서	318	19.50	0.48	6.8	0.67	7.0	5.8	서남서	240	13.6	1021.0	-	36	
2021-11-05 06:55:00	3.5	서북서	301	19.49	0.46	6.2	0.63	6.0	5.9	서남서	245	13.5	1021.0	-	64	
2021-11-05 07:00:00	2.6	북서	314	19.48	0.50	7.1	0.65	7.0	5.9	서남서	245	13.3	1021.1	-	27	
2021-11-05 07:05:00	5.6	서북서	294	19.49	0.44	6.3	0.55	6.0	5.6	서남서	239	13.3	1021.1	-	46	
2021-11-05 07:10:00	4.4	서북서	284	19.48	0.43	6.8	0.64	6.5	5.3	서남서	244	13.4	1021.2	-	56	
2021-11-05 07:15:00	4.7	서	271	19.50	0.36	5.6	0.45	5.5	5.1	서남서	242	13.5	1021.2	-	31	
2021-11-05 07:20:00	4.3	북서	315	19.47	0.53	7.0	0.66	7.0	5.3	서남서	245	13.3	1021.2	-	86	
2021-11-05 07:25:00	3.8	북북서	348	19.48	0.51	6.5	0.69	7.5	6.2	서남서	245	13.2	1021.3	-	44	
2021-11-05 07:30:00	3.0	북북서	343	19.48	0.45	6.4	0.54	6.0	6.1	서남서	244	13.2	1021.3	-	42	
2021-11-05 07:35:00	4.4	북북서	335	19.46	0.45	6.2	0.64	5.5	6.1	서남서	243	13.2	1021.3	-	59	
2021-11-05 07:40:00	7.2	북북서	336	19.48	0.51	6.2	0.72	7.0	5.9	서남서	243	13.3	1021.4	-	67	
2021-11-05 07:45:00	6.7	북북서	347	19.48	0.53	6.6	0.68	6.5	6.1	서남서	243	13.3	1021.5	-	30	
2021-11-05 07:50:00	6.5	북북서	327	19.46	0.65	6.5	0.89	6.0	6.0	서남서	241	13.5	1021.6	-	63	
2021-11-05 07:55:00	5.2	북서	312	19.48	0.45	6.7	0.67	6.0	5.6	서남서	239	13.7	1021.7	-	47	
2021-11-05 08:00:00	5.8	북서	325	19.47	0.54	6.1	0.67	5.0	5.4	서남서	238	14.0	1021.8	-	47	
2021-11-05 08:05:00	5.0	북북서	336	19.48	0.46	6.4	0.58	6.5	5.4	서남서	240	14.1	1021.9	-	69	
2021-11-05 08:10:00	4.9	북서	304	19.48	0.48	6.4	0.68	6.0	5.5	서남서	240	14.0	1022.0	-	73	
2021-11-05 08:15:00	3.2	북북서	342	19.47	0.56	5.9	0.88	7.0	4.7	남서	233	14.2	1022.0	-	59	
2021-11-05 08:20:00	3.7	북북서	335	19.48	0.61	6.4	0.85	6.0	4.7	남서	229	14.4	1022.1	-	63	
2021-11-05 08:25:00	2.1	서북서	283	19.48	0.54	6.7	0.66	6.0	4.9	서남서	238	14.4	1022.2	-	59	
2021-11-05 08:30:00	3.5	북북서	341	19.46	0.55	6.7	0.70	6.5	5.2	서남서	243	14.4	1022.3	-	39	
2021-11-05 08:35:00	4.5	북북서	330	19.46	0.57	6.8	0.79	6.5	5.3	서남서	242	14.4	1022.3	-	36	
2021-11-05 08:40:00	5.4	북북서	338	19.46	0.51	6.3	0.65	5.0	5.3	서남서	245	14.5	1022.3	-	51	
2021-11-05 08:45:00	4.8	서북서	296	19.47	0.44	6.1	0.63	6.0	4.8	서남서	244	14.6	1022.3	-	54	
2021-11-05 08:50:00	3.7	북서	316	19.47	0.44	6.3	0.64	6.0	5.2	서남서	245	14.7	1022.4	-	54	
2021-11-05 08:55:00	3.0	북서	326	19.48	0.50	6.1	0.59	6.0	4.5	서남서	242	14.8	1022.3	-	44	
2021-11-05 09:00:00	6.4	북북서	337	19.48	0.42	5.8	0.63	6.5	4.3	서남서	243	15.0	1022.3	-	64	
2021-11-05 09:05:00	4.1	서북서	282	19.48	0.49	6.2	0.61	6.0	4.2	서남서	244	15.1	1022.4	-	18	
2021-11-05 09:10:00	4.0	북서	313	19.48	0.57	5.9	1.02	5.5	4.2	서남서	243	15.2	1022.5	-	30	
2021-11-05 09:15:00	4.1	북서	317	19.49	0.50	5.9	0.68	6.5	3.7	서남서	240	15.4	1022.4	-	45	
2021-11-05 09:20:00	3.6	북북서	331	19.49	0.50	6.8	0.65	6.0	2.9	서남서	238	15.6	1022.3	-	75	
2021-11-05 09:25:00	3.5	북	5	19.49	0.54	6.1	0.77	6.0	2.5	남서	230	15.8	1022.3	-	32	
2021-11-05 09:30:00	5.6	북북서	340	19.48	0.53	6.2	0.63	6.5	2.1	남서	231	15.9	1022.3	-	33	
2021-11-05 09:35:00	2.7	서	281	19.49	0.46	5.9	0.60	5.5	2.0	서남서	240	16.0	1022.3	-	41	
2021-11-05 09:40:00	1.4	서	265	19.49	0.55	6.5	0.85	6.5	2.0	서남서	248	16.2	1022.2	-	57	
2021-11-05 09:45:00	3.6	북서	320	19.49	0.48	6.0	0.74	5.5	2.6	서남서	244	16.3	1022.3	-	67	
2021-11-05 09:50:00	4.5	북서	324	19.48	0.51	5.9	0.81	5.0	3.1	서남서	247	16.4	1022.3	-	43	
2021-11-05 09:55:00	3.1	북북서	340	19.49	0.45	6.0	0.66	6.0	3.0	서남서	252	16.7	1022.4	-	36	
2021-11-05 10:00:00	3.1	북북서	340	19.49	0.54	6.0	0.84	6.5	2.7	서남서	243	16.7	1022.3	-	10	
2021-11-05 10:05:00	3.7	서북서	301	19.49	0.62	6.1	0.96	6.0	2.2	서남서	252	16.9	1022.3	-	71	
2021-11-05 10:10:00	3.7	북북서	330	19.50	0.62	6.4	1.02	6.0	1.8	서	262	17.0	1022.4	-	69	
2021-11-05 10:15:00	4.0	북서	324	19.50	0.55	6.0	0.71	5.5	1.6	서	269	17.2	1022.4	-	52	
2021-11-05 10:20:00	3.3	북서	321	19.50	0.53	5.9	0.65	6.0	1.0	서북서	299	17.2	1022.3	-	33	
2021-11-05 10:25:00	4.7	북서	313	19.51	0.62	5.9	0.78	5.0	0.7	북북서	328	17.3	1022.3	-	69	
2021-11-05 10:30:00	5.1	북서	314	19.52	0.50	5.7	0.65	5.5	0.8	북북서	339	17.7	1022.3	-	48	
2021-11-05 10:35:00	3.5	서북서	286	19.53	0.52	5.8	0.74	6.0	0.6	북북서	331	17.7	1022.3	-	29	
2021-11-05 10:40:00	4.0	서북서	288	19.52	0.51	5.8	0.75	6.0	0.4	북	1	18.0	1022.2	-	58	
2021-11-05 10:45:00	3.3	북서	310	19.53	0.64	6.1	0.79	6.5	0.4	북	6	18.1	1022.2	-	53	
2021-11-05 10:50:00	1.5	북서	308	19.54	0.63	5.8	0.87	5.5	0.9	북북동	17	17.9	1022.1	-	174	
2021-11-05 10:55:00	4.8	서북서	303	19.56	0.56	6.0	0.86	6.5	0.8	북북동	13	17.8	1022.1	-	42	
2021-11-05 11:00:00	3.9	북서	322	19.56	0.42	6.0	0.62	6.0	0.8	북	352	18.2	1022.1	-	40	
2021-11-05 11:05:00	2.4	북북서	328	19.57	0.54	5.8	0.67	5.5	0.6	북	3	18.1	1022.1	-	44	
2021-11-05 11:10:00	4.5	서북서	301	19.57	0.56	6.0	0.68	6.0	0.8	북북서	346	17.9	1022.0	-	65	
2021-11-05 11:15:00	4.1	북북서	332	19.58	0.50	5.7	0.61	5.5	1.2	북	5	18.0	1022.0	-	58	
2021-11-05 11:20:00	3.8	북서	312	19.58	0.54	5.9	0.66	3.5	1.3	북	350	18.3	1021.9	-	78	
2021-11-05 11:25:00	4.9	서북서	301	19.57	0.56	6.0	0.67	6.0	1.6	북	4	18.2	1021.9	-	37	
2021-11-05 11:30:00	3.5	북서	305	19.58	0.56	5.8	0.91	5.5	1.7	북	1	18.3	1021.8	-	61	
2021-11-05 11:35:00	4.0	서북서	299	19.59	0.51	5.8	0.79	6.0	1.3	북	7	18.5	1021.7	-	47	
2021-11-05 11:40:00	2.5	서	277	19.50	0.61	6.0	0.70	6.5	1.5	북북동	12	18.6	1021.7	-	58	
2021-11-05 11:45:00	2.1	동	88	19.50	0.57	5.8	0.89	5.5	1.6	북북동	14	18.4	1021.6	-	76	
2021-11-05 11:50:00	0.6	남서	228	19.51	0.49	6.2	0.61	5.5	1.7	북북동	30	18.0	1021.5	-	62	
2021-11-05 11:55:00	0.8	서남서	241	19.52	0.69	6.4	0.86	6.5	1.9	북북동	27	18.0	1021.5	-	53	
2021-11-05 12:00:00	1.8	북서	323	19.53	0.59	6.4	0.82	5.0	2.0	북북동	24	18.0	1021.4	-	47	
2021-11-05 12:05:00	1.8	북서	308	19.55	0.50	6.3	0.73	6.0	1.8	북동	42	18.0	1021.3	-	63	
2021-11-05 12:10:00	0.3	남서	221	19.60	0.52	6.4	0.64	7.0	2.0	북동	37	18.0	1021.3	-	64	
2021-11-05 12:15:00	1.4	서남서	243	19.59	0.62	6.3	0.82	6.0	1.8	북동	41	18.1	1021.2	-	49	
2021-11-05 12:20:00	1.9	남서	223	19.62	0.66	6.0	0.91	5.0	1.8	북동	44	18.1	1021.1	-	54	
2021-11-05 12:25:00	2.4	서북서	300	19.63	0.64	5.9	0.89	5.5	1.9	북동	54	18.1	1021.0	-	56	
2021-11-05 12:30:00	2.6	서북서	301	19.65	0.44	5.5	0.58	5.0	2.0	북동	47	18.2	1020.9	-	21	
2021-11-05 12:35:00	3.4	서	272	19.66	0.64	6.0	0.88	6.0	2.1	북동	50	18.1	1020.9	-	31	
2021-11-05 12:40:00	1.7	서북서	294	19.66	0.41	5.6	0.62	5.5	1.5	동북동	68	18.2	1020.9	-	53	
2021-11-05 12:45:00	3.1	북서	313	19.68	0.58	6.0	0.82	6.5	1.7	동	93	18.3	1020.8	-	54	
2021-11-05 12:50:00	2.2	북북서	333	19.69	0.51	6.3	0.76	6.0	1.8	동	85	18.3	1020.7	-	44	
2021-11-05 12:55:00	5.1	서	271	19.70	0.54	5.9	0.85	6.0	2.3	동	95	18.2	1020.6	-	49	
2021-11-05 13:00:00	3.3	서	278	19.71	0.55	6.2	0.76	5.5	2.3	동	86	18.3	1020.5	-	57	
2021-11-05 13:05:00	3.9	서	274	19.75	0.58	6.0	0.83	6.0	2.8	동	100	18.3	1020.4	-	73	
2021-11-05 13:10:00	3.8	서	279	19.75	0.55	5.9	0.82	6.5	2.6	동	88	18.3	1020.4	-	54	
2021-11-05 13:15:00	4.9	서	270	19.76	0.51	6.6	0.87	6.0	2.5	동	98	18.3	1020.4	-	50	
2021-11-05 13:20:00	4.2	서북서	297	19.77	0.55	6.1	0.87	6.0	2.7	동	93	18.3	1020.2	-	31	
2021-11-05 13:25:00	5.5	서	275	19.77	0.63	6.1	0.85	6.0	3.2	동	100	18.3	1020.2	-	45	
2021-11-05 13:30:00	5.4	서북서	287	19.77	0.49	5.9	0.78	6.5	2.7	동남동	105	18.3	1020.2	-	44	
2021-11-05 13:35:00	3.3	서	280	19.75	0.53	5.9	0.63	6.5	2.8	동	94	18.3	1020.2	-	57	
2021-11-05 13:40:00	6.8	서	269	19.77	0.51	5.9	0.72	6.0	2.8	동남동	104	18.3	1020.1	-	52	
2021-11-05 13:45:00	5.6	서	281	19.78	0.58	5.8	0.80	6.0	2.9	동	101	18.3	1020.1	-	54	
2021-11-05 13:50:00	6.8	서북서	294	19.76	0.53	6.7	0.80	6.5	2.8	동남동	115	18.3	1020.2	-	69	
2021-11-05 13:55:00	6.5	서북서	300	19.82	0.53	6.1	0.77	6.0	2.8	동남동	107	18.3	1020.1	-	42	
2021-11-05 14:00:00	6.8	서북서	284	19.86	0.43	5.9	0.61	5.0	3.1	동남동	116	18.4	1020.1	-	15	
2021-11-05 14:05:00	7.8	서	279	19.86	0.49	6.0	0.63	6.0	3.3	동남동	111	18.4	1020.0	-	66	
2021-11-05 14:10:00	9.5	서북서	283	19.84	0.60	6.2	0.79	7.0	3.5	동남동	116	18.4	1020.0	-	55	
2021-11-05 14:15:00	10.3	서북서	294	19.83	0.58	6.5	0.82	6.5	3.6	동남동	113	18.4	1020.1	-	50	
2021-11-05 14:20:00	9.3	서북서	296	19.84	0.55	5.9	0.78	7.0	3.5	남동	126	18.5	1020.1	-	32	
2021-11-05 14:25:00	8.2	북서	306	19.87	0.53	5.9	0.73	6.0	3.4	동남동	120	18.5	1020.1	-	57	
2021-11-05 14:30:00	6.0	서	279	19.88	0.51	6.3	0.69	6.5	3.5	동남동	117	18.5	1020.1	-	47	
2021-11-05 14:35:00	5.5	북서	321	19.88	0.58	6.0	0.87	6.0	3.8	동남동	120	18.5	1020.0	-	34	
2021-11-05 14:40:00	6.8	북북서	334	19.82	0.54	5.6	0.67	6.0	3.1	동남동	122	18.6	1020.0	-	31	
2021-11-05 14:45:00	7.9	북북서	345	19.81	0.55	5.8	0.78	5.5	3.3	동남동	123	18.8	1019.9	-	44	
2021-11-05 14:50:00	9.3	북	350	19.86	0.43	5.4	0.60	6.0	3.7	동남동	121	18.8	1019.9	-	57	
2021-11-05 14:55:00	10.4	북북서	345	19.98	0.58	6.6	0.82	5.5	3.5	남동	125	18.8	1019.9	-	41	
2021-11-05 15:00:00	12.2	북북서	347	20.07	0.55	6.1	0.72	6.0	3.9	남동	129	18.8	1019.8	-	49	
2021-11-05 15:05:00	12.1	북북서	340	20.15	0.61	6.2	0.74	5.0	3.8	동남동	123	18.9	1019.9	-	30	
2021-11-05 15:10:00	12.4	북	350	20.22	0.56	5.9	0.66	5.0	4.0	남동	126	18.9	1019.9	-	69	
2021-11-05 15:15:00	10.6	북북서	348	20.25	0.49	5.6	0.67	5.0	3.7	동남동	118	18.9	1019.9	-	62	
2021-11-05 15:20:00	7.9	북	351	20.28	0.49	6.1	0.86	5.0	3.7	동남동	123	18.9	1019.9	-	55	
2021-11-05 15:25:00	11.5	북	352	20.32	0.61	5.9	0.85	6.0	4.1	남동	127	18.9	1019.9	-	54	
2021-11-05 15:30:00	11.0	북	349	20.32	0.55	5.8	0.75	5.0	4.1	남동	127	18.8	1019.9	-	50	
2021-11-05 15:35:00	10.5	북	353	20.33	0.48	6.1	0.59	6.0	4.2	남동	127	18.9	1019.9	-	49	
2021-11-05 15:40:00	11.9	북북서	343	20.32	0.55	5.9	0.74	5.5	4.1	남동	127	18.9	1019.9	-	52	
2021-11-05 15:45:00	9.4	북	354	20.31	0.55	5.9	0.85	5.5	4.3	남동	126	19.0	1019.8	-	38	
2021-11-05 15:50:00	12.2	북	353	20.30	0.47	6.0	0.68	6.0	4.1	남동	126	19.0	1019.8	-	35	
2021-11-05 15:55:00	12.7	북	350	20.29	0.55	6.0	0.79	5.5	4.1	남동	125	18.9	1019.9	-	60	
2021-11-05 16:00:00	11.5	북북서	348	20.28	0.54	6.0	0.81	6.0	4.1	남동	138	18.9	1019.8	-	36	
2021-11-05 16:05:00	11.2	북북서	341	20.29	0.63	5.9	0.90	6.5	4.2	남동	138	19.0	1019.9	-	65	
2021-11-05 16:10:00	10.6	북	2	20.28	0.52	5.8	0.86	5.5	4.4	남동	143	18.9	1019.9	-	38	
2021-11-05 16:15:00	8.6	북북서	345	20.27	0.54	6.1	0.72	6.0	4.3	남동	144	19.0	1019.9	-	56	
2021-11-05 16:20:00	9.6	북	351	20.25	0.49	5.7	0.73	6.5	4.3	남동	144	19.0	1019.9	-	81	
2021-11-05 16:25:00	9.6	북북서	342	20.24	0.49	5.9	0.65	5.0	4.4	남동	140	18.9	1019.9	-	52	
2021-11-05 16:30:00	9.6	북북서	344	20.24	0.53	5.9	0.79	5.5	4.5	남동	146	18.9	1019.9	-	37	
2021-11-05 16:35:00	9.6	북	358	20.23	0.47	5.7	0.64	6.0	4.4	남동	140	18.9	1019.9	-	59	
2021-11-05 16:40:00	10.6	북북서	343	20.22	0.54	6.0	0.78	5.5	4.0	남동	144	18.8	1019.9	-	49	
2021-11-05 16:45:00	9.8	북북서	347	20.22	0.51	5.6	0.67	6.0	4.0	남남동	156	18.8	1019.9	-	60	
2021-11-05 16:50:00	8.7	북	3	20.22	0.49	6.3	0.57	7.0	4.2	남남동	152	18.8	1019.9	-	85	
2021-11-05 16:55:00	9.2	북북서	334	20.21	0.44	5.5	0.61	5.5	4.6	남남동	159	18.7	1019.9	-	44	
2021-11-05 17:00:00	9.0	북	354	20.22	0.38	5.7	0.46	6.5	4.3	남남동	160	18.6	1019.9	-	23	
2021-11-05 17:05:00	7.6	북	357	20.22	0.55	5.5	0.71	6.0	4.6	남남동	154	18.6	1019.9	-	28	
2021-11-05 17:10:00	8.6	북	358	20.22	0.54	5.9	0.76	5.0	4.6	남남동	161	18.6	1020.0	-	56	
2021-11-05 17:15:00	10.7	북	360	20.23	0.46	5.6	0.64	5.5	4.7	남남동	158	18.6	1020.0	-	59	
2021-11-05 17:20:00	9.7	북	351	20.24	0.47	6.0	0.66	6.0	4.4	남남동	162	18.6	1020.0	-	59	
2021-11-05 17:25:00	9.8	북	357	20.24	0.43	5.9	0.64	6.0	4.2	남	171	18.5	1020.1	-	58	
2021-11-05 17:30:00	8.2	북북서	344	20.24	0.52	5.8	0.67	6.5	3.5	남남동	168	18.4	1020.0	-	68	
2021-11-05 17:35:00	7.1	북북서	335	20.24	0.50	6.1	0.71	5.5	3.0	남	181	18.3	1020.1	-	41	
2021-11-05 17:40:00	6.1	북서	326	20.23	0.44	5.4	0.55	7.0	2.6	남	187	18.1	1020.1	-	47	
2021-11-05 17:45:00	8.0	북북서	343	20.21	0.61	5.4	0.75	5.5	2.1	남	191	18.0	1020.1	-	30	
2021-11-05 17:50:00	6.6	북	355	20.21	0.51	5.7	0.77	5.5	2.4	남	185	17.8	1020.2	-	33	
2021-11-05 17:55:00	9.6	북	358	20.21	0.45	5.6	0.54	7.0	2.8	남	178	17.8	1020.2	-	13	
2021-11-05 18:00:00	6.8	북	360	20.20	0.46	5.8	0.56	6.0	3.0	남	175	17.9	1020.1	-	59	
2021-11-05 18:05:00	7.1	북북서	347	20.20	0.50	6.1	0.69	6.5	2.9	남	183	17.9	1020.1	-	63	
2021-11-05 18:10:00	5.6	북북서	339	20.20	0.44	6.0	0.60	6.0	2.8	남	189	17.9	1020.2	-	70	
2021-11-05 18:15:00	5.2	북	351	20.20	0.49	5.7	0.66	5.5	2.7	남남서	210	17.8	1020.2	-	39	
2021-11-05 18:20:00	9.3	북북서	345	20.18	0.46	5.6	0.77	5.5	2.5	남서	230	17.2	1020.2	-	32	
2021-11-05 18:25:00	8.1	북	355	20.18	0.41	5.2	0.52	5.0	2.4	남서	232	16.8	1020.3	-	53	
2021-11-05 18:30:00	7.8	북	353	20.18	0.49	5.8	0.66	6.5	2.5	서남서	248	16.3	1020.3	-	56	
2021-11-05 18:35:00	7.2	북북서	347	20.17	0.55	5.8	0.79	6.0	2.2	서남서	241	16.1	1020.3	-	35	
2021-11-05 18:40:00	7.4	북북서	347	20.17	0.47	6.1	0.63	6.0	2.5	남서	235	15.9	1020.3	-	51	
2021-11-05 18:45:00	7.6	북	355	20.17	0.45	5.9	0.66	6.0	2.6	서남서	251	15.6	1020.4	-	67	
2021-11-05 18:50:00	8.5	북	356	20.16	0.48	6.1	0.67	5.5	2.8	서남서	253	15.6	1020.4	-	63	
2021-11-05 18:55:00	7.3	북북서	347	20.15	0.46	6.6	0.70	5.0	2.7	서남서	252	15.3	1020.4	-	63	
2021-11-05 19:00:00	9.4	북	357	20.14	0.55	6.2	0.91	6.0	3.0	서남서	247	14.9	1020.4	-	56	
2021-11-05 19:05:00	7.3	북	358	20.14	0.52	6.2	0.72	6.0	2.9	서남서	241	14.9	1020.4	-	55	
2021-11-05 19:10:00	8.2	북	349	20.13	0.47	6.2	0.67	6.5	2.4	서남서	239	15.0	1020.5	-	44	
2021-11-05 19:15:00	5.6	북	350	20.13	0.47	6.1	0.65	6.5	2.4	서남서	239	15.0	1020.5	-	69	
2021-11-05 19:20:00	6.4	북북서	345	20.12	0.49	6.7	0.67	6.5	2.6	남서	229	15.0	1020.5	-	61	
2021-11-05 19:25:00	7.5	북	359	20.12	0.43	6.1	0.61	6.0	2.8	남서	231	15.0	1020.5	-	82	
2021-11-05 19:30:00	7.2	북북서	346	20.11	0.45	5.9	0.65	5.5	3.1	남서	230	14.9	1020.5	-	55	
2021-11-05 19:35:00	6.0	북북서	336	20.09	0.40	5.6	0.69	5.5	3.0	남서	235	15.1	1020.5	-	4	
2021-11-05 19:40:00	5.7	북북서	344	20.11	0.53	6.2	0.69	5.5	3.0	서남서	238	15.0	1020.5	-	66	
2021-11-05 19:45:00	6.9	북북서	346	20.10	0.45	5.6	0.61	6.5	3.0	서남서	242	14.8	1020.6	-	56	
2021-11-05 19:50:00	7.6	북북서	348	20.10	0.46	5.9	0.65	6.0	3.2	서남서	240	14.7	1020.6	-	41	
2021-11-05 19:55:00	7.9	북	353	20.11	0.43	6.0	0.55	6.5	3.4	서남서	239	14.8	1020.6	-	37	
2021-11-05 20:00:00	5.5	북북서	345	20.11	0.48	6.2	0.58	6.0	3.6	서남서	245	14.8	1020.6	-	68	
2021-11-05 20:05:00	4.2	북	359	20.11	0.44	5.8	0.60	5.0	3.7	서남서	247	14.8	1020.6	-	27	
2021-11-05 20:10:00	6.2	북	355	20.09	0.52	6.0	0.73	5.5	3.9	서남서	244	14.8	1020.6	-	61	
2021-11-05 20:15:00	7.9	북	352	20.09	0.43	5.7	0.63	5.5	4.2	서남서	241	14.8	1020.6	-	34	
2021-11-05 20:20:00	7.2	북	357	20.08	0.41	5.4	0.65	5.5	4.6	서남서	242	14.8	1020.6	-	69	
2021-11-05 20:25:00	7.4	북북서	345	20.08	0.43	5.5	0.61	5.5	4.6	서남서	243	14.8	1020.6	-	57	
2021-11-05 20:30:00	7.1	북북서	349	20.08	0.46	5.6	0.78	6.5	4.5	서남서	246	14.8	1020.6	-	59	
2021-11-05 20:35:00	4.7	북	351	20.08	0.33	5.1	0.40	4.5	4.2	서남서	249	14.7	1020.7	-	72	
2021-11-05 20:40:00	8.0	북북서	345	20.06	0.39	5.2	0.58	5.5	4.0	서남서	245	14.6	1020.7	-	54	
2021-11-05 20:45:00	7.5	북	353	20.05	0.41	5.7	0.60	7.0	3.8	서남서	239	14.7	1020.7	-	57	
2021-11-05 20:50:00	7.6	북	350	20.04	0.44	5.9	0.60	6.5	3.8	서남서	246	14.6	1020.8	-	56	
2021-11-05 20:55:00	6.3	북북서	339	20.04	0.49	6.1	0.60	6.5	3.7	서남서	252	14.7	1020.8	-	51	
2021-11-05 21:00:00	6.5	북북서	330	20.04	0.46	6.2	0.72	5.0	3.4	서남서	251	14.7	1020.8	-	53	
2021-11-05 21:05:00	4.8	북북서	343	20.04	0.44	6.0	0.67	6.5	3.1	서남서	251	14.7	1020.8	-	57	
2021-11-05 21:10:00	6.9	북	358	20.03	0.44	5.9	0.65	7.0	3.0	서남서	249	14.7	1020.8	-	59	
2021-11-05 21:15:00	5.4	북서	326	20.03	0.46	5.9	0.58	5.5	2.7	서	260	14.8	1020.9	-	63	
2021-11-05 21:20:00	8.1	북북서	342	20.03	0.47	5.7	0.63	5.0	2.7	서	261	14.8	1020.9	-	29	
2021-11-05 21:25:00	6.5	북	359	20.03	0.42	6.0	0.49	5.0	2.5	서남서	255	14.8	1021.0	-	37	
2021-11-05 21:30:00	6.4	북북서	329	20.02	0.40	5.7	0.68	4.5	2.5	서남서	249	14.8	1021.0	-	61	
2021-11-05 21:35:00	7.3	북	351	20.01	0.36	5.7	0.48	3.0	2.9	서남서	252	14.5	1021.1	-	89	
2021-11-05 21:40:00	6.7	북북서	329	20.01	0.44	6.1	0.56	5.5	2.6	서남서	240	14.3	1021.1	-	59	
2021-11-05 21:45:00	6.3	북북서	334	20.01	0.48	6.1	0.67	5.5	2.4	남서	233	14.2	1021.1	-	62	
2021-11-05 21:50:00	7.7	북북서	329	20.01	0.44	5.4	0.69	6.5	2.0	서남서	243	14.0	1021.2	-	63	
2021-11-05 21:55:00	6.3	북북서	327	20.00	0.41	5.7	0.56	5.5	1.8	서남서	253	14.1	1021.2	-	68	
2021-11-05 22:00:00	8.2	북북서	340	19.99	0.42	5.3	0.47	5.5	2.0	서	260	14.1	1021.1	-	54	
2021-11-05 22:05:00	7.0	북북서	337	20.00	0.43	6.1	0.57	6.5	2.2	서	267	14.0	1021.2	-	74	
2021-11-05 22:10:00	5.9	북서	321	19.98	0.43	5.5	0.56	5.5	1.7	서남서	254	13.9	1021.2	-	94	
2021-11-05 22:15:00	6.6	북북서	331	20.00	0.41	5.6	0.54	7.5	1.8	서	260	13.9	1021.1	-	19	
2021-11-05 22:20:00	6.6	북북서	329	19.99	0.49	6.2	0.64	6.5	2.1	서	261	14.0	1021.2	-	65	
2021-11-05 22:25:00	9.7	북북서	330	19.99	0.43	5.7	0.52	5.5	2.2	서남서	250	14.0	1021.2	-	68	
2021-11-05 22:30:00	6.4	북북서	331	19.99	0.44	5.9	0.61	6.0	2.1	서남서	249	13.9	1021.2	-	46	
2021-11-05 22:35:00	6.8	북북서	343	19.98	0.41	6.2	0.65	6.5	3.0	서	260	13.6	1021.2	-	62	
2021-11-05 22:40:00	6.8	북	353	19.97	0.42	5.5	0.52	6.0	3.0	서	267	13.7	1021.2	-	78	
2021-11-05 22:45:00	9.2	북북서	334	19.98	0.40	5.7	0.58	6.0	2.6	서	265	13.6	1021.3	-	21	
2021-11-05 22:50:00	6.3	북북서	344	19.98	0.50	6.3	0.78	5.5	2.5	서	260	13.6	1021.4	-	70	
2021-11-05 22:55:00	6.3	북북서	333	19.98	0.37	5.6	0.57	5.5	2.7	서	272	13.6	1021.4	-	104	
2021-11-05 23:00:00	8.9	북서	313	19.98	0.43	5.9	0.54	5.5	2.3	서	264	13.6	1021.3	-	65	
2021-11-05 23:05:00	8.6	북서	313	19.96	0.46	5.9	0.77	6.5	2.2	서남서	250	13.7	1021.3	-	48	
2021-11-05 23:10:00	7.1	북북서	339	19.96	0.47	5.8	0.65	6.0	2.2	서	273	13.8	1021.3	-	76	
2021-11-05 23:15:00	8.9	북북서	345	19.98	0.41	5.0	0.51	5.0	2.9	서	271	13.7	1021.3	-	61	
2021-11-05 23:20:00	9.0	북북서	338	19.98	0.42	5.7	0.50	6.0	2.8	서남서	253	13.7	1021.2	-	81	
2021-11-05 23:25:00	8.3	북북서	338	19.97	0.41	5.7	0.51	6.0	2.8	서남서	249	13.7	1021.2	-	66	
2021-11-05 23:30:00	10.9	북북서	330	19.97	0.38	5.7	0.49	6.0	3.3	남서	233	13.6	1021.2	-	98	
2021-11-05 23:35:00	10.4	북서	323	19.96	0.55	6.1	0.74	6.0	3.6	서남서	244	14.3	1021.1	-	52	
2021-11-05 23:40:00	8.6	북북서	338	19.97	0.53	5.6	0.68	5.0	3.6	서남서	238	14.3	1021.1	-	73	
2021-11-05 23:45:00	11.8	북북서	339	19.98	0.44	5.9	0.63	5.5	3.7	남서	236	14.1	1021.1	-	66	
2021-11-05 23:50:00	8.7	북북서	329	19.98	0.41	5.5	0.53	5.0	4.0	서남서	240	14.0	1021.0	-	88	
2021-11-05 23:55:00	12.0	북북서	333	19.97	0.42	5.2	0.65	6.0	3.9	서남서	240	14.0	1021.1	-	42	
2021-11-06 00:00:00	10.3	북북서	336	19.97	0.50	5.4	0.74	5.5	3.5	서남서	237	13.9	1021.1	-	70	
2021-11-06 00:05:00	12.4	북북서	331	19.98	0.58	6.4	0.93	5.0	3.3	서남서	238	13.9	1021.1	-	68	
2021-11-06 00:10:00	10.2	북북서	336	20.01	0.45	5.6	0.62	5.0	3.5	서남서	245	13.9	1021.1	-	118	
2021-11-06 00:15:00	10.2	북북서	343	20.01	0.52	5.6	0.84	6.0	3.6	서남서	244	13.6	1021.1	-	65	
2021-11-06 00:20:00	12.6	북북서	336	20.01	0.47	6.0	0.71	6.0	3.4	남서	226	13.7	1021.1	-	85	
2021-11-06 00:25:00	12.9	북북서	336	20.00	0.48	5.7	0.66	5.0	3.4	남서	216	13.4	1021.0	-	80	
2021-11-06 00:30:00	12.3	북북서	338	20.02	0.39	5.7	0.58	6.5	3.3	남서	222	13.1	1021.1	-	50	
2021-11-06 00:35:00	12.2	북서	325	20.02	0.45	6.0	0.57	6.5	3.0	남서	220	13.0	1021.1	-	27	
2021-11-06 00:40:00	12.4	북북서	329	20.03	0.50	6.0	0.67	6.0	2.8	남서	224	13.3	1021.1	-	49	
2021-11-06 00:45:00	11.5	북북서	340	20.02	0.49	6.1	0.55	5.5	2.7	남서	226	13.5	1021.1	-	80	
2021-11-06 00:50:00	12.8	북북서	340	20.02	0.49	6.2	0.73	6.5	2.8	남서	234	13.7	1021.1	-	52	
2021-11-06 00:55:00	14.2	북북서	333	20.04	0.52	6.2	0.60	5.5	2.9	남서	226	13.7	1021.1	-	60	
2021-11-06 01:00:00	14.6	북북서	341	20.04	0.49	6.1	0.67	6.0	3.6	남서	229	13.7	1021.1	-	56	
2021-11-06 01:05:00	14.9	북북서	331	20.05	0.47	5.8	0.56	5.0	3.9	서남서	238	13.8	1021.0	-	80	
2021-11-06 01:10:00	14.0	북북서	336	20.05	0.51	6.4	0.65	6.5	4.0	서남서	244	13.8	1021.0	-	80	
2021-11-06 01:15:00	13.8	북북서	333	20.05	0.49	6.0	0.80	6.0	4.1	서남서	242	13.7	1021.0	-	53	
2021-11-06 01:20:00	12.8	북북서	337	20.07	0.50	5.9	0.64	6.5	4.4	서남서	239	13.7	1021.0	-	75	
2021-11-06 01:25:00	13.6	북북서	337	20.07	0.41	5.6	0.60	6.5	4.6	서남서	242	13.7	1021.0	-	46	
2021-11-06 01:30:00	14.4	북북서	347	20.07	0.41	6.1	0.63	5.5	4.6	서남서	249	13.7	1020.9	-	65	
2021-11-06 01:35:00	13.2	북북서	336	20.07	0.52	5.9	0.75	6.0	5.0	서남서	248	13.8	1020.9	-	50	
2021-11-06 01:40:00	13.2	북북서	339	20.08	0.50	6.2	0.73	6.0	4.5	서남서	251	13.9	1020.8	-	54	
2021-11-06 01:45:00	15.4	북북서	337	20.08	0.58	5.8	0.85	5.5	4.6	서남서	250	13.9	1020.8	-	77	
2021-11-06 01:50:00	14.9	북북서	332	20.08	0.53	6.3	0.78	5.5	3.4	서	267	13.8	1020.9	-	78	
2021-11-06 01:55:00	16.1	북북서	330	20.09	0.48	5.9	0.63	6.0	3.4	서	264	13.6	1020.9	-	83	
2021-11-06 02:00:00	14.3	북북서	333	20.09	0.46	5.2	0.66	5.5	3.1	서	274	13.4	1021.0	-	75	
2021-11-06 02:05:00	15.8	북북서	339	20.09	0.42	5.6	0.53	5.0	2.5	서	272	13.3	1021.1	-	79	
2021-11-06 02:10:00	13.6	북북서	336	20.09	0.53	6.1	0.94	6.0	2.7	서	276	13.4	1021.0	-	51	
2021-11-06 02:15:00	18.1	북북서	332	20.11	0.49	5.9	0.74	6.0	2.8	서	260	13.4	1021.0	-	81	
2021-11-06 02:20:00	17.2	북북서	337	20.10	0.52	6.1	0.78	6.5	4.4	서남서	256	13.7	1021.0	-	78	
2021-11-06 02:25:00	17.0	북북서	334	20.11	0.50	6.1	0.64	5.0	4.1	서남서	258	13.9	1020.9	-	51	
2021-11-06 02:30:00	17.6	북북서	334	20.11	0.57	6.4	0.89	7.0	4.2	서남서	252	14.0	1020.9	-	62	
2021-11-06 02:35:00	17.0	북북서	328	20.11	0.49	5.8	0.79	6.0	4.0	서남서	248	14.0	1020.9	-	83	
2021-11-06 02:40:00	17.0	북북서	328	20.11	0.51	5.8	0.76	6.0	4.3	서남서	248	13.8	1020.9	-	69	
2021-11-06 02:45:00	19.9	북서	326	20.12	0.54	6.3	0.74	6.0	4.1	서남서	252	13.6	1020.8	-	73	
2021-11-06 02:50:00	21.4	북북서	333	20.12	0.43	5.5	0.73	7.0	3.9	서남서	253	13.7	1020.8	-	71	
2021-11-06 02:55:00	19.6	북북서	339	20.12	0.51	6.4	0.72	6.0	3.9	서남서	254	13.5	1020.9	-	60	
2021-11-06 03:00:00	17.5	북북서	330	20.15	0.45	5.9	0.64	5.5	3.9	서남서	245	13.6	1020.8	-	79	
2021-11-06 03:05:00	20.2	북북서	331	20.15	0.47	6.2	0.71	6.0	4.0	서남서	243	13.8	1020.8	-	64	
2021-11-06 03:10:00	19.7	북북서	331	20.15	0.40	5.9	0.66	5.0	4.2	서남서	242	13.9	1020.7	-	66	
2021-11-06 03:15:00	20.9	북북서	336	20.17	0.51	5.7	0.87	5.5	4.5	서남서	242	13.8	1020.8	-	81	
2021-11-06 03:20:00	21.8	북북서	332	20.17	0.44	5.6	0.67	6.0	4.6	서남서	244	13.8	1020.7	-	85	
2021-11-06 03:25:00	22.6	북북서	330	20.17	0.47	5.8	0.68	4.5	5.0	서남서	246	13.6	1020.7	-	52	
2021-11-06 03:30:00	20.7	북북서	329	20.18	0.50	5.7	0.76	4.5	5.1	서남서	242	13.6	1020.6	-	32	
2021-11-06 03:35:00	22.4	북북서	328	20.20	0.50	5.0	0.61	5.0	4.6	서남서	242	13.5	1020.6	-	86	
2021-11-06 03:40:00	20.5	북북서	332	20.21	0.45	6.0	0.63	5.0	4.2	서남서	241	13.6	1020.6	-	56	
2021-11-06 03:45:00	22.2	북북서	332	20.23	0.42	5.6	0.65	5.0	4.4	서남서	243	13.7	1020.7	-	93	
2021-11-06 03:50:00	22.0	북북서	331	20.26	0.48	5.7	0.58	6.5	4.6	서남서	243	13.6	1020.7	-	95	
2021-11-06 03:55:00	22.7	북북서	331	20.29	0.52	6.2	0.68	5.5	4.6	서남서	241	13.5	1020.7	-	56	
2021-11-06 04:00:00	22.0	북북서	332	20.33	0.51	6.3	0.58	7.0	4.2	서남서	240	13.6	1020.7	-	52	
2021-11-06 04:05:00	23.5	북북서	331	20.37	0.44	6.0	0.60	6.5	4.1	서남서	241	13.6	1020.7	-	38	
2021-11-06 04:10:00	23.5	북북서	328	20.37	0.45	5.5	0.70	6.0	4.0	서남서	240	13.6	1020.7	-	32	
2021-11-06 04:15:00	23.4	북북서	331	20.38	0.41	5.7	0.52	5.5	4.1	서남서	241	13.6	1020.7	-	50	
2021-11-06 04:20:00	22.0	북북서	328	20.38	0.50	6.0	0.75	6.5	4.3	서남서	239	13.7	1020.6	-	52	
2021-11-06 04:25:00	24.8	북북서	328	20.38	0.58	6.5	0.79	6.0	4.7	서남서	237	13.7	1020.7	-	49	
2021-11-06 04:30:00	26.7	북북서	328	20.38	0.48	5.8	0.69	6.0	4.0	서남서	240	13.7	1020.7	-	62	
2021-11-06 04:35:00	23.9	북서	324	20.36	0.46	5.9	0.64	6.5	3.9	서남서	241	13.7	1020.8	-	68	
2021-11-06 04:40:00	25.6	북서	326	20.28	0.53	5.6	0.83	5.5	4.2	서남서	239	13.6	1020.8	-	53	
2021-11-06 04:45:00	24.4	북서	326	20.23	0.44	5.2	0.65	6.5	3.9	서남서	241	13.6	1020.8	-	62	
2021-11-06 04:50:00	25.0	북북서	331	20.15	0.38	5.1	0.53	6.0	4.1	서남서	244	13.6	1020.8	-	55	
2021-11-06 04:55:00	25.7	북북서	328	20.09	0.44	6.0	0.63	6.0	4.2	서남서	240	13.4	1020.8	-	63	
2021-11-06 05:00:00	25.1	북북서	328	20.07	0.47	5.6	0.79	6.0	4.5	서남서	242	13.4	1020.8	-	44	
2021-11-06 05:05:00	26.3	북서	326	20.09	0.46	5.6	0.67	6.0	4.9	서남서	247	13.3	1020.7	-	33	
2021-11-06 05:10:00	26.8	북서	326	20.06	0.48	5.8	0.69	6.0	4.9	서남서	241	13.4	1020.8	-	69	
2021-11-06 05:15:00	24.9	북서	325	20.06	0.46	5.7	0.78	5.0	5.3	서남서	240	13.3	1020.8	-	61	
2021-11-06 05:20:00	27.1	북서	326	20.03	0.48	5.9	0.60	6.0	5.1	서남서	240	13.3	1020.8	-	51	
2021-11-06 05:25:00	26.7	북북서	329	19.98	0.50	6.0	0.64	6.0	5.1	서남서	238	13.3	1020.8	-	45	
2021-11-06 05:30:00	27.6	북북서	329	19.99	0.49	6.2	0.67	6.0	5.1	서남서	238	13.1	1020.7	-	43	
2021-11-06 05:35:00	27.8	북북서	329	20.04	0.44	6.0	0.68	5.5	5.1	남서	236	13.1	1020.7	-	51	
2021-11-06 05:40:00	27.0	북북서	331	20.04	0.45	5.9	0.68	5.0	5.2	서남서	239	13.1	1020.8	-	70	
2021-11-06 05:45:00	26.5	북북서	333	20.06	0.42	5.5	0.58	6.0	5.0	서남서	238	13.1	1020.8	-	49	
2021-11-06 05:50:00	28.8	북북서	329	20.06	0.45	5.7	0.73	6.0	5.3	서남서	238	13.0	1020.8	-	55	
2021-11-06 05:55:00	26.9	북북서	328	20.04	0.40	5.3	0.52	6.0	5.1	서남서	239	12.9	1020.8	-	83	
2021-11-06 06:00:00	27.4	북북서	334	20.07	0.45	6.2	0.58	6.0	5.2	서남서	238	13.0	1020.7	-	55	
2021-11-06 06:05:00	25.8	북북서	329	20.06	0.45	5.8	0.77	5.5	4.9	남서	234	13.1	1020.8	-	80	
2021-11-06 06:10:00	28.9	북북서	329	20.03	0.50	5.9	0.76	6.5	4.4	서남서	237	13.1	1020.8	-	63	
2021-11-06 06:15:00	26.8	북북서	334	20.02	0.50	5.7	0.85	6.0	4.3	서남서	237	13.1	1020.8	-	59	
2021-11-06 06:20:00	27.0	북북서	334	20.05	0.51	5.8	0.62	5.0	4.3	남서	232	13.0	1020.8	-	61	
2021-11-06 06:25:00	26.2	북북서	341	20.04	0.46	5.6	0.72	5.0	4.2	남서	224	13.1	1020.8	-	54	
2021-11-06 06:30:00	27.1	북북서	330	20.09	0.54	6.2	0.75	6.0	4.2	남서	229	12.7	1020.9	-	61	
2021-11-06 06:35:00	28.7	북북서	330	20.04	0.38	5.9	0.50	6.0	4.6	서남서	238	12.8	1020.9	-	24	
2021-11-06 06:40:00	28.5	북북서	333	20.01	0.47	5.3	0.77	5.0	4.8	서남서	239	12.8	1020.9	-	68	
2021-11-06 06:45:00	28.1	북북서	334	20.07	0.43	5.6	0.57	6.0	5.3	서남서	237	12.8	1020.9	-	69	
2021-11-06 06:50:00	26.5	북북서	332	20.09	0.45	5.6	0.73	5.0	5.1	남서	235	12.9	1020.9	-	85	
2021-11-06 06:55:00	26.1	북북서	335	20.14	0.47	5.8	0.65	7.0	4.8	남서	232	12.9	1021.0	-	92	
2021-11-06 07:00:00	27.9	북북서	335	20.19	0.49	6.3	0.64	6.0	4.5	남서	236	13.0	1021.0	-	70	
2021-11-06 07:05:00	25.7	북북서	335	20.23	0.46	6.0	0.61	6.0	4.7	서남서	240	12.9	1021.1	-	51	
2021-11-06 07:10:00	25.7	북북서	333	20.27	0.45	5.7	0.60	7.0	4.9	서남서	240	13.0	1021.1	-	44	
2021-11-06 07:15:00	24.5	북북서	334	20.28	0.43	6.0	0.59	5.0	4.8	서남서	239	13.1	1021.2	-	18	
2021-11-06 07:20:00	25.6	북북서	333	20.33	0.46	5.6	0.65	5.5	4.8	서남서	241	13.3	1021.3	-	52	
2021-11-06 07:25:00	26.3	북북서	334	20.32	0.42	5.7	0.64	6.0	4.7	서남서	238	13.5	1021.4	-	45	
2021-11-06 07:30:00	25.4	북북서	330	20.33	0.48	5.8	0.71	5.5	4.3	서남서	237	13.4	1021.4	-	66	
2021-11-06 07:35:00	27.0	북북서	329	20.38	0.47	6.0	0.64	5.5	4.1	서남서	239	13.5	1021.5	-	63	
2021-11-06 07:40:00	27.2	북북서	328	20.38	0.46	5.7	0.60	5.5	4.0	서남서	237	13.5	1021.6	-	77	
2021-11-06 07:45:00	27.6	북북서	330	20.40	0.43	5.8	0.52	5.0	4.1	남서	232	13.5	1021.7	-	43	
2021-11-06 07:50:00	27.4	북북서	328	20.40	0.43	6.3	0.58	6.5	4.4	남서	234	13.5	1021.8	-	50	
2021-11-06 07:55:00	26.4	북북서	333	20.42	0.49	5.6	0.74	5.0	4.5	남서	236	13.6	1021.8	-	50	
2021-11-06 08:00:00	26.4	북북서	327	20.44	0.42	5.9	0.60	6.0	4.3	서남서	237	13.7	1022.0	-	53	
2021-11-06 08:05:00	25.3	북북서	330	20.46	0.50	5.3	0.59	6.0	4.4	서남서	237	13.8	1022.0	-	67	
2021-11-06 08:10:00	26.2	북북서	328	20.47	0.41	5.6	0.52	7.0	4.4	남서	234	13.9	1022.0	-	57	
2021-11-06 08:15:00	25.2	북북서	327	20.44	0.42	5.2	0.62	5.0	4.2	남서	235	14.1	1022.0	-	45	
2021-11-06 08:20:00	24.6	북서	322	20.37	0.49	5.8	0.69	6.5	4.4	서남서	238	14.1	1022.0	-	51	
2021-11-06 08:25:00	25.9	북서	323	20.34	0.48	6.1	0.61	5.0	4.2	서남서	238	14.2	1021.9	-	53	
2021-11-06 08:30:00	25.2	북서	326	20.31	0.47	5.7	0.81	5.5	4.4	서남서	238	14.2	1021.8	-	55	
2021-11-06 08:35:00	25.2	북서	324	20.31	0.49	6.0	0.77	6.0	4.3	서남서	237	14.3	1021.8	-	30	
2021-11-06 08:40:00	24.2	북북서	328	20.23	0.47	6.4	0.58	7.0	3.8	서남서	237	14.4	1021.9	-	78	
2021-11-06 08:45:00	26.2	북서	323	20.14	0.46	5.5	0.58	5.5	3.2	서남서	242	14.7	1022.0	-	49	
2021-11-06 08:50:00	26.4	북북서	329	20.12	0.43	4.4	0.61	5.0	3.6	서남서	238	14.8	1022.0	-	75	
2021-11-06 08:55:00	26.2	북북서	332	20.13	0.43	5.6	0.58	7.5	3.4	서남서	237	14.9	1022.1	-	58	
2021-11-06 09:00:00	24.7	북북서	331	20.13	0.43	5.6	0.67	6.0	3.4	서남서	241	15.1	1022.2	-	59	
2021-11-06 09:05:00	25.4	북북서	330	20.13	0.49	5.7	0.70	6.5	3.4	서남서	241	15.2	1022.2	-	53	
2021-11-06 09:10:00	23.5	북북서	332	20.15	0.48	5.4	0.66	6.0	3.2	서남서	250	15.3	1022.3	-	53	
2021-11-06 09:15:00	24.5	북북서	331	20.21	0.53	6.1	0.74	6.5	2.8	서남서	258	15.4	1022.3	-	26	
2021-11-06 09:20:00	22.6	북북서	336	20.25	0.51	6.0	0.68	7.0	2.8	서	261	15.7	1022.4	-	38	
2021-11-06 09:25:00	22.6	북북서	330	20.26	0.47	5.7	0.72	5.0	2.5	서	280	15.9	1022.4	-	66	
2021-11-06 09:30:00	23.5	북북서	334	20.30	0.50	5.6	0.83	6.0	2.4	북서	316	16.1	1022.4	-	83	
2021-11-06 09:35:00	22.9	북북서	339	20.31	0.45	5.3	0.69	5.5	3.0	북북서	335	16.3	1022.4	-	38	
2021-11-06 09:40:00	23.0	북북서	327	20.31	0.52	5.3	0.69	5.5	4.8	북	356	16.6	1022.4	-	48	
2021-11-06 09:45:00	21.9	북북서	335	20.30	0.50	5.8	0.72	5.0	6.0	북	9	16.5	1022.2	-	77	
2021-11-06 09:50:00	21.3	북북서	330	20.29	0.50	5.3	0.68	6.0	6.3	북북동	14	16.3	1022.2	-	69	
2021-11-06 09:55:00	20.0	북북서	334	20.28	0.46	5.4	0.66	5.0	5.5	북북동	14	16.1	1022.2	-	51	
2021-11-06 10:00:00	20.1	북북서	327	20.28	0.47	4.8	0.68	4.0	5.7	북	350	15.9	1022.1	-	192	
2021-11-06 10:05:00	19.2	북북서	327	20.27	0.53	5.6	0.78	5.5	5.7	북북서	330	15.8	1022.0	-	40	
2021-11-06 10:10:00	17.8	북서	320	20.25	0.52	4.9	0.80	4.0	6.2	북서	311	15.9	1021.8	-	69	
2021-11-06 10:15:00	15.7	북북서	338	20.24	0.51	4.2	0.70	5.0	7.7	북서	315	16.0	1021.7	-	232	
2021-11-06 10:20:00	14.2	북서	319	20.22	0.54	4.8	0.93	5.0	7.7	북서	316	16.0	1021.8	-	72	
2021-11-06 10:25:00	14.8	북서	325	20.21	0.57	4.0	0.96	4.0	7.8	북서	317	16.0	1021.8	-	5	
2021-11-06 10:30:00	17.1	북북서	327	20.18	0.57	5.0	0.76	7.0	7.8	북서	304	16.2	1021.7	-	48	
2021-11-06 10:35:00	16.9	북서	324	20.16	0.61	4.7	0.77	6.0	8.0	북서	312	16.1	1021.7	-	54	
2021-11-06 10:40:00	15.2	북북서	331	20.14	0.57	5.4	0.72	2.5	8.0	북서	308	16.0	1021.6	-	65	
2021-11-06 10:45:00	15.5	북서	325	20.12	0.60	4.1	0.92	5.5	6.7	서북서	298	15.9	1021.4	-	335	
2021-11-06 10:50:00	17.5	북북서	334	20.10	0.66	5.1	1.01	6.0	5.9	서북서	298	15.7	1021.5	-	334	
2021-11-06 10:55:00	14.3	북서	321	20.09	0.60	4.8	0.98	7.0	5.9	북서	305	15.7	1021.6	-	336	
2021-11-06 11:00:00	14.8	북서	315	20.09	0.53	4.3	0.95	5.0	5.2	북서	305	15.8	1021.6	-	340	
2021-11-06 11:05:00	16.9	북서	317	20.08	0.60	5.2	0.77	6.0	4.2	서북서	297	15.9	1021.7	-	97	
2021-11-06 11:10:00	14.9	북서	322	20.04	0.55	4.8	0.70	3.5	5.7	서북서	298	15.9	1021.7	-	59	
2021-11-06 11:15:00	14.4	북서	318	20.02	0.48	4.5	0.69	3.5	4.8	서북서	295	15.8	1021.8	-	107	
2021-11-06 11:20:00	14.9	북서	315	19.93	0.58	4.8	0.87	6.0	4.5	서북서	293	15.9	1021.9	-	76	
2021-11-06 11:25:00	15.5	북서	318	19.91	0.59	5.3	0.75	5.0	3.9	서북서	286	16.3	1021.9	-	43	
2021-11-06 11:30:00	16.0	북서	316	19.89	0.53	4.2	0.84	4.0	3.7	서북서	282	16.3	1022.0	-	127	
2021-11-06 11:35:00	15.2	북서	309	19.88	0.47	4.7	0.58	4.0	3.4	서북서	290	16.3	1022.1	-	167	
2021-11-06 11:40:00	10.5	서북서	301	19.93	0.50	5.6	0.66	4.5	3.1	서북서	297	16.5	1022.1	-	37	
2021-11-06 11:45:00	11.4	북서	314	19.91	0.47	5.4	0.68	6.0	4.7	북서	304	16.5	1022.0	-	52	
2021-11-06 11:50:00	9.4	북서	308	19.87	0.42	4.8	0.63	5.0	5.5	북서	314	16.3	1021.9	-	75	
2021-11-06 11:55:00	9.4	북서	307	19.86	0.49	5.4	0.67	4.5	5.2	북서	312	16.3	1021.9	-	64	
2021-11-06 12:00:00	9.5	서북서	301	19.86	0.42	4.4	0.64	4.0	5.6	북서	306	16.4	1021.8	-	61	
2021-11-06 12:05:00	10.1	북서	316	19.86	0.51	5.6	0.82	5.5	5.6	북서	312	16.6	1021.7	-	51	
2021-11-06 12:10:00	7.2	서북서	299	19.85	0.47	5.2	0.64	4.5	5.0	북서	319	16.7	1021.6	-	34	
2021-11-06 12:15:00	5.2	서북서	284	19.86	0.49	5.4	0.69	5.5	5.6	북서	325	16.8	1021.5	-	45	
2021-11-06 12:20:00	8.3	북서	304	19.86	0.50	4.7	0.71	7.0	4.7	북북서	327	16.8	1021.5	-	54	
2021-11-06 12:25:00	5.8	서	263	19.87	0.51	5.3	0.77	5.5	4.5	북북서	341	16.9	1021.4	-	48	
2021-11-06 12:30:00	6.9	서북서	288	19.86	0.45	4.8	0.84	3.5	4.0	북북서	337	17.0	1021.3	-	77	
2021-11-06 12:35:00	5.3	서	271	19.87	0.44	5.4	0.62	4.0	3.9	북북서	334	17.0	1021.3	-	72	
2021-11-06 12:40:00	6.9	서남서	257	19.88	0.48	4.6	0.71	4.5	3.5	북북서	345	17.1	1021.2	-	79	
2021-11-06 12:45:00	7.8	서	272	19.89	0.47	4.7	0.78	3.5	3.7	북	351	17.2	1021.2	-	227	
2021-11-06 12:50:00	5.2	서북서	286	19.89	0.46	4.7	0.65	5.0	3.5	북	355	17.1	1021.1	-	253	
2021-11-06 12:55:00	4.3	서남서	253	19.88	0.50	4.9	0.89	4.0	3.4	북	2	17.0	1021.1	-	161	
2021-11-06 13:00:00	6.1	서남서	254	19.89	0.53	5.9	0.79	6.0	3.3	북	357	17.2	1021.1	-	70	
2021-11-06 13:05:00	6.5	서남서	253	19.88	0.47	4.8	0.69	5.5	2.9	북	3	17.3	1021.0	-	35	
2021-11-06 13:10:00	9.3	서	269	19.91	0.50	5.3	0.66	4.0	3.4	북	352	17.3	1020.9	-	124	
2021-11-06 13:15:00	11.5	서	266	19.94	0.43	5.0	0.64	6.5	2.5	북	2	17.3	1020.9	-	78	
2021-11-06 13:20:00	14.1	서	276	19.95	0.48	4.9	0.68	4.0	2.1	북	353	17.8	1020.9	-	54	
2021-11-06 13:25:00	12.8	서	262	19.96	0.54	5.1	0.88	4.5	2.6	북북서	343	17.7	1020.9	-	39	
2021-11-06 13:30:00	11.8	서남서	254	19.96	0.55	4.7	0.80	5.0	2.5	북	354	17.6	1020.8	-	44	
2021-11-06 13:35:00	10.0	서남서	253	19.97	0.47	4.4	0.63	5.0	1.8	북	6	17.7	1020.8	-	59	
2021-11-06 13:40:00	5.6	서남서	249	19.97	0.43	4.5	0.62	5.5	2.3	북북서	345	17.6	1020.8	-	287	
2021-11-06 13:45:00	9.8	남서	230	19.97	0.46	4.9	0.65	6.0	2.1	북	349	17.6	1020.8	-	25	
2021-11-06 13:50:00	5.7	남서	227	19.97	0.46	4.8	0.78	3.5	1.6	북북동	14	17.7	1020.8	-	51	
2021-11-06 13:55:00	8.8	남서	230	19.98	0.38	4.4	0.45	5.5	2.0	북	4	17.7	1020.8	-	329	
2021-11-06 14:00:00	9.0	남서	214	19.98	0.44	5.2	0.59	7.0	2.4	북	11	17.6	1020.8	-	90	
2021-11-06 14:05:00	9.2	남남서	211	19.98	0.44	5.5	0.61	6.0	2.4	북북동	19	17.6	1020.8	-	65	
2021-11-06 14:10:00	11.2	남남서	202	19.99	0.43	5.0	0.60	5.0	2.8	북북동	24	17.7	1020.8	-	60	
2021-11-06 14:15:00	8.3	남남서	194	19.98	0.40	5.2	0.58	8.0	3.0	북북동	21	17.8	1020.9	-	72	
2021-11-06 14:20:00	6.7	남	190	19.98	0.42	4.8	0.60	6.0	3.3	북북동	19	17.7	1020.8	-	32	
2021-11-06 14:25:00	12.2	남	191	20.00	0.35	4.7	0.50	3.5	2.9	북북동	21	17.7	1020.8	-	52	
2021-11-06 14:30:00	10.6	남	188	20.02	0.42	5.2	0.54	3.5	2.8	북북동	13	17.6	1020.7	-	33	
2021-11-06 14:35:00	8.5	남남서	203	20.02	0.38	4.7	0.73	4.5	2.6	북북동	19	17.6	1020.7	-	193	
2021-11-06 14:40:00	9.2	남남서	198	20.02	0.35	5.2	0.53	4.5	2.8	북	11	17.8	1020.7	-	24	
2021-11-06 14:45:00	5.8	남남서	192	20.02	0.42	4.9	0.60	5.5	2.5	북북동	20	17.9	1020.8	-	78	
2021-11-06 14:50:00	6.9	남	189	20.02	0.43	5.4	0.67	4.5	2.5	북북동	20	17.8	1020.8	-	62	
2021-11-06 14:55:00	6.1	남남동	159	20.02	0.37	4.9	0.61	5.5	2.4	북북동	29	17.9	1020.8	-	22	
2021-11-06 15:00:00	8.0	남	169	20.01	0.41	5.0	0.58	6.0	2.6	북북동	19	17.9	1020.9	-	44	
2021-11-06 15:05:00	6.9	남	173	20.01	0.47	5.6	0.75	5.5	2.1	북동	40	18.0	1020.9	-	53	
2021-11-06 15:10:00	4.6	남	180	20.00	0.43	4.9	0.58	3.5	1.8	북북동	28	17.9	1021.0	-	43	
2021-11-06 15:15:00	7.7	남	170	20.00	0.43	5.0	0.71	4.0	1.8	북북동	27	17.9	1021.0	-	32	
2021-11-06 15:20:00	5.5	남	170	20.00	0.47	5.6	0.69	6.0	1.6	북북동	24	17.9	1021.1	-	44	
2021-11-06 15:25:00	5.6	남남동	163	20.01	0.38	5.8	0.47	7.0	2.1	북동	42	17.9	1021.1	-	41	
2021-11-06 15:30:00	3.0	남남동	168	20.01	0.48	5.7	0.61	6.0	2.3	북북동	23	18.0	1021.1	-	47	
2021-11-06 15:35:00	1.8	남남동	150	20.01	0.44	5.4	0.68	4.0	1.2	북북동	17	17.8	1021.1	-	53	
2021-11-06 15:40:00	0.8	남	172	20.01	0.36	5.0	0.51	5.5	1.6	북동	40	17.9	1021.1	-	49	
2021-11-06 15:45:00	4.2	남동	145	20.01	0.42	5.6	0.60	7.0	1.7	북	3	17.9	1021.1	-	61	
2021-11-06 15:50:00	1.7	남	172	20.01	0.44	5.1	0.65	6.5	1.0	북	7	17.9	1021.2	-	41	
2021-11-06 15:55:00	2.8	남	184	20.00	0.43	5.6	0.56	5.5	1.4	북북동	20	17.9	1021.2	-	50	
2021-11-06 16:00:00	1.7	남남서	194	19.99	0.39	5.4	0.50	5.0	1.5	북북동	21	17.9	1021.2	-	63	
2021-11-06 16:05:00	0.5	동북동	68	20.00	0.41	5.6	0.61	6.0	1.1	북북동	30	18.2	1021.1	-	52	
2021-11-06 16:10:00	1.9	북동	37	20.00	0.34	5.2	0.51	7.0	1.5	북동	56	18.2	1021.2	-	6	
2021-11-06 16:15:00	1.8	남남동	165	20.00	0.36	5.4	0.50	6.5	0.5	동북동	69	18.1	1021.3	-	70	
2021-11-06 16:20:00	0.6	북북서	342	20.00	0.36	5.4	0.56	4.5	0.5	북	10	18.3	1021.4	-	59	
2021-11-06 16:25:00	1.0	남남동	154	20.00	0.40	5.6	0.57	6.5	0.7	북	4	18.1	1021.3	-	53	
2021-11-06 16:30:00	3.7	동남동	114	19.99	0.36	5.2	0.46	6.0	0.2	북북서	345	17.9	1021.3	-	51	
2021-11-06 16:35:00	2.3	동	97	19.99	0.38	5.5	0.52	5.5	0.2	동	89	17.9	1021.3	-	58	
2021-11-06 16:40:00	1.5	동남동	122	19.99	0.40	6.0	0.67	6.0	0.2	동북동	76	18.0	1021.3	-	72	
2021-11-06 16:45:00	5.5	남남동	153	19.98	0.40	6.0	0.53	6.0	0.0	서북서	290	18.0	1021.3	-	41	
2021-11-06 16:50:00	4.0	남남동	161	19.99	0.38	6.0	0.59	6.0	0.2	북북서	346	17.9	1021.3	-	45	
2021-11-06 16:55:00	4.0	동남동	115	19.98	0.42	5.6	0.59	4.5	0.2	북서	304	17.8	1021.3	-	61	
2021-11-06 17:00:00	5.9	동남동	103	19.98	0.42	5.8	0.55	6.0	0.4	서남서	252	17.8	1021.3	-	81	
2021-11-06 17:05:00	6.3	남동	132	19.98	0.41	5.6	0.54	5.5	0.2	서남서	243	17.8	1021.4	-	55	
2021-11-06 17:10:00	6.1	남동	138	19.98	0.40	5.9	0.65	6.0	2.0	서	273	17.7	1021.4	-	74	
2021-11-06 17:15:00	5.8	남동	138	19.98	0.37	5.3	0.53	5.5	2.4	서	261	17.6	1021.5	-	26	
2021-11-06 17:20:00	5.5	남동	131	19.97	0.35	5.4	0.51	4.5	2.6	서	264	17.3	1021.5	-	62	
2021-11-06 17:25:00	3.8	남동	137	19.97	0.38	6.2	0.46	7.0	2.2	서	266	17.2	1021.5	-	14	
2021-11-06 17:30:00	6.0	남동	131	19.96	0.34	5.7	0.53	5.5	2.4	서	268	17.1	1021.5	-	50	
2021-11-06 17:35:00	4.8	남	171	19.97	0.40	5.8	0.59	6.0	2.6	서	278	17.1	1021.5	-	63	
2021-11-06 17:40:00	6.4	남동	139	19.96	0.36	5.5	0.57	6.0	2.8	서	278	17.0	1021.6	-	41	
2021-11-06 17:45:00	6.2	남동	131	19.95	0.37	5.2	0.51	5.5	2.8	서	271	16.9	1021.7	-	69	
2021-11-06 17:50:00	2.9	남동	129	19.95	0.42	5.8	0.59	5.5	2.6	서	271	16.8	1021.7	-	52	
2021-11-06 17:55:00	3.0	남동	135	19.94	0.39	5.6	0.51	6.0	2.4	서	266	16.7	1021.7	-	36	
2021-11-06 18:00:00	6.5	남남동	159	19.94	0.43	5.8	0.55	6.0	2.4	서남서	254	16.5	1021.8	-	65	
2021-11-06 18:05:00	4.8	동남동	113	19.94	0.40	5.7	0.50	4.0	2.6	서남서	258	16.3	1021.8	-	34	
2021-11-06 18:10:00	5.6	남동	129	19.94	0.37	5.6	0.44	5.0	2.2	서남서	257	16.3	1021.9	-	84	
2021-11-06 18:15:00	4.3	남남동	151	19.93	0.35	5.3	0.54	5.5	2.3	서남서	255	16.2	1021.9	-	64	
2021-11-06 18:20:00	7.6	남남동	153	19.90	0.42	5.6	0.57	7.0	2.3	서남서	251	16.2	1022.0	-	85	
2021-11-06 18:25:00	5.7	남동	129	19.89	0.36	5.4	0.47	5.5	2.3	서남서	255	16.0	1022.1	-	62	
2021-11-06 18:30:00	5.5	남동	135	19.89	0.42	5.5	0.60	5.0	2.4	서남서	257	15.8	1022.1	-	27	
2021-11-06 18:35:00	4.8	남동	128	19.89	0.42	5.4	0.59	5.5	2.7	서남서	251	15.8	1022.2	-	65	
2021-11-06 18:40:00	4.9	남동	130	19.89	0.38	5.4	0.48	4.5	2.8	서남서	250	15.6	1022.2	-	46	
2021-11-06 18:45:00	4.3	남남동	160	19.90	0.42	6.0	0.58	6.5	2.8	서남서	247	15.6	1022.3	-	62	
2021-11-06 18:50:00	6.0	남동	134	19.89	0.44	5.9	0.62	5.5	2.7	서남서	240	15.5	1022.3	-	48	
2021-11-06 18:55:00	4.8	남동	132	19.89	0.36	5.3	0.50	4.5	2.4	남서	229	15.6	1022.4	-	71	
2021-11-06 19:00:00	5.4	남동	124	19.90	0.36	5.4	0.46	5.5	2.4	남서	219	15.5	1022.5	-	72	
2021-11-06 19:05:00	1.6	남동	143	19.89	0.40	6.0	0.48	5.5	2.2	남서	216	15.4	1022.6	-	68	
2021-11-06 19:10:00	2.1	동남동	123	19.90	0.40	5.8	0.54	6.0	2.1	남서	220	15.4	1022.6	-	64	
2021-11-06 19:15:00	3.2	남남동	161	19.89	0.34	5.2	0.54	7.0	1.7	남서	224	15.4	1022.7	-	49	
2021-11-06 19:20:00	2.8	남	186	19.89	0.39	6.0	0.61	5.5	1.6	남남서	202	15.4	1022.7	-	39	
2021-11-06 19:25:00	5.3	남동	127	19.89	0.38	6.1	0.52	5.5	2.0	남남서	198	15.4	1022.7	-	63	
2021-11-06 19:30:00	5.5	동남동	114	19.89	0.38	6.0	0.45	5.0	2.4	남남서	197	15.3	1022.7	-	40	
2021-11-06 19:35:00	4.9	남동	124	19.90	0.34	6.4	0.45	9.0	3.0	남남서	197	15.3	1022.7	-	46	
2021-11-06 19:40:00	4.6	남동	126	19.90	0.37	6.1	0.45	5.5	2.3	남남서	209	15.3	1022.7	-	71	
2021-11-06 19:45:00	2.6	동남동	112	19.90	0.44	5.9	0.61	5.5	2.3	남서	216	15.3	1022.6	-	55	
2021-11-06 19:50:00	5.3	남동	129	19.90	0.43	5.9	0.65	6.0	2.6	남서	221	15.2	1022.6	-	56	
2021-11-06 19:55:00	5.6	동남동	123	19.89	0.37	5.4	0.56	4.0	2.9	남서	224	14.9	1022.7	-	75	
2021-11-06 20:00:00	3.5	동남동	114	19.89	0.41	6.2	0.49	6.0	2.9	남서	230	14.7	1022.7	-	65	
2021-11-06 20:05:00	4.1	남동	126	19.89	0.35	5.0	0.54	5.0	3.1	남서	223	14.6	1022.6	-	44	
2021-11-06 20:10:00	5.0	동남동	110	19.88	0.43	5.3	0.71	5.0	3.4	남서	221	14.5	1022.6	-	63	
2021-11-06 20:15:00	4.0	동남동	119	19.87	0.49	5.7	0.79	6.0	3.2	남서	226	14.4	1022.6	-	63	
2021-11-06 20:20:00	3.6	동남동	122	19.87	0.43	5.6	0.59	6.5	3.2	남서	228	14.4	1022.7	-	79	
2021-11-06 20:25:00	4.3	동남동	114	19.86	0.40	5.4	0.61	5.0	3.2	남서	230	14.3	1022.7	-	40	
2021-11-06 20:30:00	2.9	동남동	105	19.85	0.37	6.3	0.45	6.0	3.1	남서	227	14.4	1022.6	-	44	
2021-11-06 20:35:00	2.5	남동	136	19.85	0.40	6.0	0.57	5.0	3.5	남서	226	14.4	1022.7	-	27	
2021-11-06 20:40:00	3.7	동	96	19.85	0.42	5.8	0.52	6.0	3.6	남서	226	14.4	1022.7	-	51	
2021-11-06 20:45:00	6.1	동	92	19.84	0.40	5.9	0.57	5.0	3.5	남서	229	14.3	1022.7	-	32	
2021-11-06 20:50:00	4.5	동	97	19.84	0.40	5.6	0.67	5.5	3.7	남서	235	14.2	1022.8	-	84	
2021-11-06 20:55:00	4.1	동남동	102	19.85	0.41	5.8	0.53	5.0	3.8	남서	236	14.4	1022.8	-	55	
2021-11-06 21:00:00	3.2	동	94	19.84	0.38	6.2	0.54	6.5	3.8	서남서	246	14.5	1022.8	-	50	
2021-11-06 21:05:00	3.3	동남동	119	19.85	0.39	5.7	0.57	5.0	3.8	서남서	242	14.4	1022.9	-	40	
2021-11-06 21:10:00	3.4	동남동	122	19.83	0.39	6.6	0.49	6.0	4.1	서남서	244	14.2	1022.9	-	47	
2021-11-06 21:15:00	3.0	동	97	19.84	0.42	6.3	0.61	5.0	4.2	서남서	249	14.3	1022.9	-	49	
2021-11-06 21:20:00	2.9	동남동	115	19.84	0.37	5.8	0.46	6.0	4.5	서남서	246	14.3	1022.9	-	56	
2021-11-06 21:25:00	3.5	동남동	117	19.84	0.42	5.9	0.52	5.5	4.7	서남서	247	14.3	1022.9	-	93	
2021-11-06 21:30:00	2.0	동남동	113	19.83	0.38	5.8	0.50	6.5	4.9	서남서	246	14.3	1022.9	-	61	
2021-11-06 21:35:00	3.0	동	92	19.84	0.39	6.0	0.55	5.5	5.0	서남서	244	14.4	1022.9	-	59	
2021-11-06 21:40:00	3.7	동남동	104	19.83	0.42	6.4	0.59	6.5	4.7	서남서	243	14.5	1022.9	-	63	
2021-11-06 21:45:00	0.3	북동	56	19.82	0.41	6.3	0.64	6.0	4.8	서남서	246	14.5	1023.0	-	52	
2021-11-06 21:50:00	3.4	동남동	107	19.82	0.35	5.6	0.48	5.0	4.7	서남서	242	14.4	1023.0	-	48	
2021-11-06 21:55:00	3.7	동남동	104	19.83	0.37	5.8	0.56	6.0	4.4	서남서	245	14.5	1023.0	-	230	
2021-11-06 22:00:00	4.3	동남동	107	19.81	0.36	5.8	0.55	5.0	4.4	서남서	245	14.4	1023.0	-	46	
2021-11-06 22:05:00	3.4	남동	128	19.82	0.35	5.6	0.47	5.5	4.4	서남서	243	14.4	1022.9	-	40	
2021-11-06 22:10:00	3.3	동남동	113	19.84	0.40	5.9	0.64	6.0	4.3	서남서	242	14.4	1022.9	-	56	
2021-11-06 22:15:00	1.6	동남동	112	19.84	0.33	5.7	0.42	8.0	4.2	서남서	240	14.3	1022.9	-	81	
2021-11-06 22:20:00	1.9	동남동	121	19.84	0.40	5.9	0.66	5.5	3.6	남서	234	14.2	1023.0	-	74	
2021-11-06 22:25:00	0.6	동남동	122	19.83	0.30	5.4	0.52	5.0	3.6	남서	220	14.2	1023.0	-	93	
2021-11-06 22:30:00	2.4	남남동	158	19.82	0.37	5.9	0.50	5.0	3.3	남서	223	13.8	1023.0	-	58	
2021-11-06 22:35:00	2.3	동남동	116	19.83	0.38	5.8	0.51	7.0	3.3	남서	222	13.7	1023.0	-	37	
2021-11-06 22:40:00	2.7	남동	140	19.83	0.35	5.7	0.59	5.5	3.5	남서	227	13.9	1022.9	-	39	
2021-11-06 22:45:00	4.1	동남동	108	19.84	0.40	5.5	0.58	5.0	3.6	남서	219	13.8	1022.9	-	47	
2021-11-06 22:50:00	3.1	동남동	106	19.83	0.39	5.8	0.56	6.0	2.9	서남서	237	13.6	1022.9	-	68	
2021-11-06 22:55:00	1.9	남동	137	19.83	0.36	5.3	0.51	6.0	2.7	남서	233	13.6	1022.9	-	87	
2021-11-06 23:00:00	3.0	동남동	110	19.82	0.31	5.8	0.49	6.0	3.0	남서	225	13.8	1022.8	-	62	
2021-11-06 23:05:00	4.2	동	98	19.82	0.39	6.1	0.48	6.5	3.0	남서	224	14.0	1022.8	-	49	
2021-11-06 23:10:00	3.5	남동	129	19.82	0.29	6.0	0.40	6.0	2.7	남서	225	14.2	1022.9	-	37	
2021-11-06 23:15:00	2.4	동	91	19.82	0.39	6.2	0.55	5.5	3.0	남서	234	14.4	1022.9	-	56	
2021-11-06 23:20:00	2.8	동남동	108	19.82	0.35	6.1	0.44	6.0	3.3	남서	233	14.5	1022.9	-	62	
2021-11-06 23:25:00	1.0	동남동	122	19.82	0.30	5.4	0.52	5.5	3.5	남서	235	14.4	1022.9	-	85	
2021-11-06 23:30:00	2.1	남동	133	19.81	0.37	5.8	0.65	6.5	3.4	남서	229	14.4	1022.9	-	37	
2021-11-06 23:35:00	1.1	동	89	19.82	0.30	5.8	0.44	6.0	3.7	서남서	237	14.5	1022.9	-	82	
2021-11-06 23:40:00	2.5	남동	132	19.81	0.32	6.3	0.44	5.5	3.6	서남서	238	14.4	1022.8	-	49	
2021-11-06 23:45:00	3.5	동남동	117	19.81	0.39	6.1	0.52	6.0	3.5	남서	234	14.4	1022.8	-	44	
2021-11-06 23:50:00	4.0	남동	129	19.82	0.36	5.9	0.66	5.0	3.6	서남서	240	14.4	1022.8	-	40	
2021-11-06 23:55:00	4.4	동남동	114	19.83	0.38	6.1	0.52	8.0	3.8	서남서	240	14.4	1022.9	-	40	
2021-11-07 00:00:00	3.5	동남동	118	19.81	0.37	6.1	0.55	6.0	3.5	서남서	238	14.3	1022.9	-	33	
2021-11-07 00:05:00	3.5	동남동	114	19.82	0.36	5.4	0.46	6.0	3.8	서남서	243	14.2	1023.0	-	56	
2021-11-07 00:10:00	3.0	남동	141	19.81	0.34	6.2	0.52	5.5	4.0	서남서	248	14.1	1023.1	-	42	
2021-11-07 00:15:00	1.5	남남동	156	19.81	0.38	5.9	0.60	5.5	4.1	서	272	14.2	1023.4	-	56	
2021-11-07 00:20:00	2.4	남동	137	19.82	0.35	5.6	0.47	5.0	3.9	서북서	289	14.1	1023.5	-	61	
2021-11-07 00:25:00	0.9	동	92	19.82	0.32	5.2	0.44	4.5	3.5	서북서	297	14.0	1023.6	-	52	
2021-11-07 00:30:00	2.1	동	101	19.82	0.40	5.6	0.66	6.0	2.9	서북서	302	14.1	1023.6	-	78	
2021-11-07 00:35:00	0.8	동남동	119	19.82	0.31	5.0	0.44	6.5	2.5	서	279	14.0	1023.7	-	63	
2021-11-07 00:40:00	1.8	남남서	193	19.82	0.34	5.5	0.54	5.0	2.5	서남서	257	14.1	1023.6	-	78	
2021-11-07 00:45:00	1.3	남	172	19.82	0.38	5.9	0.51	5.5	2.8	서남서	247	14.1	1023.6	-	67	
2021-11-07 00:50:00	0.7	북동	43	19.81	0.33	5.8	0.48	5.0	2.6	서남서	242	14.0	1023.5	-	92	
2021-11-07 00:55:00	2.3	남남동	164	19.80	0.34	5.8	0.49	5.0	2.7	남서	217	13.9	1023.4	-	51	
2021-11-07 01:00:00	1.2	남동	145	19.81	0.34	5.8	0.49	4.5	2.9	남서	219	13.7	1023.4	-	34	
2021-11-07 01:05:00	1.3	남남동	157	19.80	0.30	5.3	0.42	4.0	2.3	남남서	203	13.8	1023.3	-	60	
2021-11-07 01:10:00	2.5	동남동	120	19.81	0.32	5.2	0.45	6.5	3.1	남남서	207	13.9	1023.3	-	51	
2021-11-07 01:15:00	2.3	남동	146	19.81	0.37	5.3	0.49	5.5	3.1	남남서	213	13.8	1023.2	-	49	
2021-11-07 01:20:00	1.8	남남서	197	19.79	0.36	5.5	0.55	5.5	3.0	남서	223	13.6	1023.2	-	54	
2021-11-07 01:25:00	1.4	남남동	165	19.80	0.32	5.5	0.54	6.0	3.3	남서	227	13.1	1023.1	-	75	
2021-11-07 01:30:00	2.1	남남서	199	19.80	0.31	5.5	0.46	6.0	3.3	남서	227	13.1	1023.1	-	23	
2021-11-07 01:35:00	1.5	서남서	253	19.79	0.36	4.6	0.47	5.0	3.5	남서	229	13.2	1023.0	-	36	
2021-11-07 01:40:00	1.1	남남서	195	19.80	0.37	5.4	0.50	6.5	3.7	남서	225	13.3	1023.0	-	72	
2021-11-07 01:45:00	0.6	남동	134	19.80	0.31	5.0	0.40	4.5	4.1	남서	228	13.2	1023.0	-	59	
2021-11-07 01:50:00	0.9	남남동	149	19.79	0.35	5.1	0.43	6.5	4.3	남서	223	13.5	1023.0	-	10	
2021-11-07 01:55:00	1.4	동북동	69	19.79	0.33	5.0	0.41	6.0	4.3	남서	223	13.7	1023.0	-	92	
2021-11-07 02:00:00	1.1	북북서	326	19.79	0.30	4.7	0.45	3.5	4.3	남서	228	13.8	1022.9	-	65	
2021-11-07 02:05:00	1.8	북북동	26	19.78	0.33	5.2	0.45	6.0	4.3	남서	226	13.7	1022.9	-	51	
2021-11-07 02:10:00	0.4	동북동	74	19.79	0.32	5.0	0.38	5.0	4.1	남서	220	13.8	1022.9	-	78	
2021-11-07 02:15:00	0.5	서	266	19.79	0.40	6.3	0.56	5.5	3.7	남서	227	13.8	1022.8	-	55	
2021-11-07 02:20:00	1.8	북북서	336	19.79	0.37	5.6	0.47	5.5	3.2	남서	233	14.0	1022.8	-	51	
2021-11-07 02:25:00	0.2	북북동	24	19.79	0.33	5.3	0.46	6.0	3.4	남서	232	14.1	1022.8	-	39	
2021-11-07 02:30:00	2.0	서남서	243	19.79	0.37	5.4	0.51	5.0	3.6	남서	230	14.1	1022.8	-	53	
2021-11-07 02:35:00	2.5	북서	314	19.79	0.38	5.6	0.47	6.5	3.9	서남서	239	14.3	1022.8	-	22	
2021-11-07 02:40:00	1.3	동북동	58	19.78	0.37	5.9	0.51	5.0	4.2	서남서	244	14.2	1022.8	-	54	
2021-11-07 02:45:00	0.5	북동	38	19.77	0.39	5.9	0.51	5.5	4.5	서남서	240	14.0	1022.9	-	56	
2021-11-07 02:50:00	1.4	남남동	154	19.77	0.41	5.4	0.58	4.5	4.4	서남서	244	14.0	1022.9	-	54	
2021-11-07 02:55:00	1.6	남동	130	19.78	0.35	5.1	0.55	6.0	4.6	서남서	242	14.0	1022.9	-	54	
2021-11-07 03:00:00	3.1	동	84	19.78	0.40	5.9	0.52	6.0	4.5	서남서	244	14.0	1022.9	-	39	
2021-11-07 03:05:00	2.0	북북동	12	19.80	0.42	5.6	0.60	6.0	4.3	서남서	242	14.1	1022.8	-	78	
2021-11-07 03:10:00	2.3	북동	55	19.80	0.45	5.8	0.57	6.0	4.0	서남서	243	14.2	1022.8	-	40	
2021-11-07 03:15:00	1.1	동북동	57	19.79	0.37	5.5	0.47	6.5	4.1	서남서	242	14.3	1022.9	-	53	
2021-11-07 03:20:00	2.6	동북동	76	19.80	0.38	5.4	0.50	6.0	4.2	서남서	242	14.2	1022.9	-	65	
2021-11-07 03:25:00	0.9	북서	315	19.80	0.39	5.0	0.69	5.5	4.1	서남서	239	14.1	1022.9	-	65	
2021-11-07 03:30:00	1.5	남동	130	19.78	0.36	4.5	0.50	6.0	3.7	서남서	239	14.0	1022.9	-	40	
2021-11-07 03:35:00	0.1	남남동	168	19.78	0.38	5.7	0.53	5.0	4.0	서남서	240	14.1	1023.0	-	75	
2021-11-07 03:40:00	1.0	남남서	203	19.79	0.39	5.7	0.56	6.5	4.0	서남서	241	14.0	1023.0	-	61	
2021-11-07 03:45:00	1.5	북북서	343	19.79	0.40	5.1	0.51	4.0	4.5	서남서	243	13.9	1023.0	-	38	
2021-11-07 03:50:00	1.7	남남서	198	19.78	0.37	5.8	0.51	5.0	4.7	서남서	243	13.8	1023.1	-	71	
2021-11-07 03:55:00	0.6	북서	309	19.78	0.36	5.1	0.56	4.5	5.0	서남서	245	13.8	1023.0	-	35	
2021-11-07 04:00:00	2.3	동남동	111	19.78	0.38	5.6	0.57	6.5	4.8	서남서	245	13.7	1023.0	-	41	
2021-11-07 04:05:00	2.6	동남동	120	19.79	0.36	5.0	0.48	5.5	4.7	서남서	248	13.8	1023.0	-	50	
2021-11-07 04:10:00	3.2	남동	124	19.79	0.42	5.3	0.65	5.5	4.6	서남서	245	13.8	1023.0	-	68	
2021-11-07 04:15:00	1.5	동	95	19.80	0.44	5.3	0.58	5.0	4.6	서남서	245	13.7	1023.0	-	54	
2021-11-07 04:20:00	3.7	동남동	105	19.80	0.40	5.6	0.55	5.5	4.6	서남서	241	13.7	1023.1	-	57	
2021-11-07 04:25:00	2.2	동남동	119	19.81	0.39	5.4	0.51	6.0	4.2	서남서	240	13.8	1023.1	-	67	
2021-11-07 04:30:00	2.8	남남동	161	19.82	0.37	4.7	0.49	4.5	4.4	남서	230	14.0	1023.1	-	87	
2021-11-07 04:35:00	1.3	남남서	203	19.82	0.43	5.2	0.60	4.5	4.1	남서	223	13.7	1023.1	-	43	
2021-11-07 04:40:00	0.9	동남동	117	19.80	0.35	4.8	0.51	5.5	3.7	남서	222	13.7	1023.1	-	58	
2021-11-07 04:45:00	2.1	동북동	72	19.82	0.38	4.8	0.54	4.5	3.8	남서	221	13.9	1023.1	-	71	
2021-11-07 04:50:00	0.8	동북동	66	19.82	0.39	5.5	0.70	4.5	3.6	남서	233	13.9	1023.1	-	44	
2021-11-07 04:55:00	1.6	동북동	79	19.82	0.36	4.9	0.45	6.0	4.3	서남서	239	13.7	1023.1	-	45	
2021-11-07 05:00:00	1.9	북서	304	19.82	0.36	4.9	0.52	5.0	4.1	남서	224	13.7	1023.2	-	75	
2021-11-07 05:05:00	2.0	동북동	66	19.80	0.43	5.9	0.49	6.5	4.0	남서	218	13.4	1023.2	-	50	
2021-11-07 05:10:00	0.7	동	83	19.81	0.37	4.6	0.48	5.0	3.9	남서	222	13.2	1023.3	-	86	
2021-11-07 05:15:00	0.6	북북동	15	19.80	0.39	5.6	0.51	6.0	3.6	남서	217	13.2	1023.3	-	62	
2021-11-07 05:20:00	2.9	북동	46	19.80	0.40	5.1	0.54	6.5	3.7	남서	224	13.5	1023.3	-	72	
2021-11-07 05:25:00	0.5	동북동	69	19.80	0.40	5.3	0.52	5.5	3.6	남서	231	13.7	1023.3	-	56	
2021-11-07 05:30:00	1.2	북동	52	19.79	0.39	5.3	0.63	4.5	4.0	남서	228	13.8	1023.3	-	66	
2021-11-07 05:35:00	2.0	남동	135	19.82	0.36	5.0	0.51	5.0	4.1	남서	222	13.5	1023.3	-	86	
2021-11-07 05:40:00	0.9	남	191	19.84	0.40	5.0	0.53	6.0	4.3	남서	221	13.4	1023.3	-	78	
2021-11-07 05:45:00	2.3	동	100	19.83	0.40	5.3	0.54	5.5	4.2	남서	226	13.3	1023.3	-	63	
2021-11-07 05:50:00	1.2	동남동	111	19.83	0.35	5.6	0.44	7.5	4.2	남서	226	13.3	1023.3	-	69	
2021-11-07 05:55:00	3.7	남동	136	19.83	0.36	5.1	0.52	4.5	4.1	남서	225	13.4	1023.3	-	69	
2021-11-07 06:00:00	0.6	남남서	208	19.83	0.38	5.2	0.60	6.0	4.3	남서	225	13.5	1023.2	-	41	
2021-11-07 06:05:00	2.6	동남동	121	19.83	0.38	5.1	0.58	6.5	4.1	남서	229	13.7	1023.3	-	77	
2021-11-07 06:10:00	1.7	동남동	119	19.85	0.38	5.7	0.62	6.0	3.8	남서	235	13.6	1023.3	-	70	
2021-11-07 06:15:00	1.1	동남동	110	19.83	0.36	5.1	0.53	6.5	4.5	서남서	242	13.3	1023.3	-	74	
2021-11-07 06:20:00	1.3	남동	136	19.82	0.36	5.3	0.60	6.0	4.9	서남서	244	13.2	1023.3	-	58	
2021-11-07 06:25:00	1.5	남동	129	19.82	0.37	5.2	0.47	5.0	5.3	서남서	243	13.2	1023.3	-	53	
2021-11-07 06:30:00	4.7	동남동	114	19.85	0.33	5.0	0.61	5.0	5.3	서남서	243	13.1	1023.2	-	80	
2021-11-07 06:35:00	3.3	남남동	150	19.85	0.34	5.6	0.44	6.0	5.0	서남서	240	13.2	1023.3	-	86	
2021-11-07 06:40:00	1.7	남	171	19.85	0.38	4.9	0.51	5.0	5.2	서남서	244	13.2	1023.4	-	62	
2021-11-07 06:45:00	0.7	남	186	19.85	0.41	5.8	0.58	7.5	4.9	서남서	248	13.1	1023.4	-	75	
2021-11-07 06:50:00	1.1	북	4	19.84	0.33	4.9	0.43	3.5	4.6	서남서	255	13.1	1023.5	-	76	
2021-11-07 06:55:00	2.7	동	94	19.83	0.40	5.5	0.49	6.0	3.9	서	266	13.1	1023.5	-	37	
2021-11-07 07:00:00	4.6	남동	146	19.77	0.33	5.2	0.41	5.0	3.8	서	268	13.1	1023.6	-	66	
2021-11-07 07:05:00	5.0	남동	137	19.79	0.42	5.5	0.62	5.0	3.7	서	261	13.1	1023.6	-	39	
2021-11-07 07:10:00	2.8	남동	129	19.80	0.38	5.7	0.51	5.0	3.5	서남서	256	13.1	1023.6	-	33	
2021-11-07 07:15:00	5.8	동남동	116	19.74	0.37	5.2	0.57	6.0	3.3	서남서	254	13.2	1023.6	-	85	
2021-11-07 07:20:00	3.7	남	175	19.76	0.42	5.8	0.73	5.5	3.3	남서	227	13.4	1023.7	-	61	
2021-11-07 07:25:00	4.1	남남동	155	19.76	0.38	5.1	0.62	5.0	3.2	남서	229	13.5	1023.7	-	96	
2021-11-07 07:30:00	4.7	남동	125	19.75	0.36	5.0	0.56	5.0	4.3	남서	234	13.5	1023.7	-	67	
2021-11-07 07:35:00	4.2	남동	143	19.73	0.38	5.3	0.48	5.0	4.2	남서	217	13.6	1023.7	-	35	
2021-11-07 07:40:00	2.7	남동	126	19.73	0.38	5.4	0.49	4.5	4.2	남서	235	13.6	1023.7	-	54	
2021-11-07 07:45:00	3.1	동남동	122	19.72	0.35	4.9	0.51	5.0	4.1	남서	235	13.7	1023.7	-	102	
2021-11-07 07:50:00	4.9	남동	131	19.68	0.34	5.1	0.51	6.0	4.3	남서	216	13.7	1023.7	-	60	
2021-11-07 07:55:00	4.6	남동	125	19.67	0.36	5.4	0.50	4.0	4.3	남서	219	13.3	1023.7	-	68	
2021-11-07 08:00:00	2.9	동남동	110	19.67	0.36	5.5	0.51	6.5	3.7	남서	230	13.4	1023.7	-	46	
2021-11-07 08:05:00	5.2	동	100	19.66	0.38	6.0	0.51	5.5	4.3	서남서	239	13.6	1023.8	-	58	
2021-11-07 08:10:00	4.0	동남동	118	19.67	0.36	5.1	0.50	6.0	4.4	남서	236	13.8	1023.8	-	73	
2021-11-07 08:15:00	3.7	동남동	120	19.66	0.36	5.3	0.54	5.5	4.3	남서	221	13.9	1023.9	-	79	
2021-11-07 08:20:00	4.8	동남동	109	19.66	0.39	5.3	0.48	7.0	4.0	남서	224	13.8	1023.9	-	65	
2021-11-07 08:25:00	4.7	동남동	116	19.67	0.37	4.7	0.58	3.0	3.9	남서	222	13.9	1024.0	-	74	
2021-11-07 08:30:00	5.3	동남동	113	19.69	0.34	5.1	0.62	4.5	4.5	서남서	239	14.1	1024.1	-	68	
2021-11-07 08:35:00	5.7	남남동	150	19.70	0.38	5.5	0.43	5.0	4.4	서남서	241	14.4	1024.1	-	35	
2021-11-07 08:40:00	3.8	남동	126	19.68	0.35	5.0	0.49	5.5	4.3	서남서	245	14.7	1024.1	-	31	
2021-11-07 08:45:00	5.4	남동	135	19.65	0.39	5.6	0.52	6.0	4.2	서남서	245	14.9	1024.0	-	61	
2021-11-07 08:50:00	3.3	남동	129	19.64	0.41	5.4	0.63	5.0	4.0	서남서	238	14.9	1024.1	-	48	
2021-11-07 08:55:00	3.7	남동	131	19.61	0.38	5.1	0.58	4.5	3.8	서남서	242	15.0	1024.1	-	62	
2021-11-07 09:00:00	4.4	남동	131	19.61	0.38	6.0	0.57	6.5	3.5	서남서	242	15.2	1024.1	-	70	
2021-11-07 09:05:00	5.0	동남동	118	19.60	0.36	5.1	0.57	4.0	3.3	서남서	253	15.3	1024.2	-	33	
2021-11-07 09:10:00	5.6	남동	126	19.57	0.37	5.8	0.50	5.0	3.1	서	265	15.1	1024.2	-	78	
2021-11-07 09:15:00	6.6	동남동	121	19.57	0.40	5.7	0.52	5.5	3.0	서	261	15.3	1024.3	-	65	
2021-11-07 09:20:00	5.8	동남동	115	19.58	0.39	5.6	0.60	5.5	2.6	서남서	258	15.6	1024.3	-	46	
2021-11-07 09:25:00	6.3	남남동	152	19.59	0.32	5.3	0.46	5.0	2.3	서	266	15.8	1024.4	-	90	
2021-11-07 09:30:00	4.2	남동	136	19.59	0.33	5.8	0.49	6.0	1.6	서	264	15.7	1024.4	-	47	
2021-11-07 09:35:00	3.1	남동	128	19.59	0.30	5.6	0.41	5.5	1.4	서	280	15.8	1024.5	-	73	
2021-11-07 09:40:00	4.8	동남동	122	19.59	0.33	5.2	0.44	4.5	1.0	서	266	16.0	1024.5	-	54	
2021-11-07 09:45:00	5.8	동남동	117	19.59	0.36	5.6	0.56	5.0	0.7	서	261	16.2	1024.6	-	75	
2021-11-07 09:50:00	4.3	남동	129	19.60	0.31	4.9	0.49	5.5	0.5	서북서	286	16.3	1024.6	-	43	
2021-11-07 09:55:00	6.1	남동	133	19.61	0.40	5.7	0.54	6.0	0.2	서북서	301	16.6	1024.6	-	64	
2021-11-07 10:00:00	3.2	남남동	150	19.62	0.31	5.2	0.49	6.0	0.3	북북서	333	16.5	1024.6	-	54	
2021-11-07 10:05:00	4.2	동남동	120	19.62	0.37	6.0	0.49	6.5	0.9	북북서	346	16.4	1024.7	-	43	
2021-11-07 10:10:00	4.2	남동	142	19.64	0.37	5.5	0.54	5.0	0.7	북	351	16.4	1024.8	-	78	
2021-11-07 10:15:00	3.2	동남동	124	19.64	0.31	5.6	0.38	5.5	0.5	북북서	338	16.6	1024.8	-	82	
2021-11-07 10:20:00	3.5	남동	132	19.64	0.34	5.5	0.45	6.0	0.7	북북서	344	16.8	1024.7	-	55	
2021-11-07 10:25:00	4.4	남남동	154	19.65	0.35	5.5	0.43	7.0	0.5	북	354	16.9	1024.8	-	77	
2021-11-07 10:30:00	4.2	남동	126	19.65	0.46	4.8	0.59	5.5	0.3	북	5	17.2	1024.9	-	68	
2021-11-07 10:35:00	6.5	동남동	124	19.64	0.36	5.5	0.50	8.0	0.4	북북동	15	17.6	1024.9	-	45	
2021-11-07 10:40:00	3.5	남동	128	19.65	0.32	5.2	0.45	5.0	0.4	북북동	17	17.9	1025.0	-	70	
2021-11-07 10:45:00	4.5	동	101	19.66	0.32	5.9	0.45	4.5	0.4	북	3	18.2	1025.1	-	62	
2021-11-07 10:50:00	5.9	남동	133	19.65	0.32	4.9	0.51	5.0	0.6	북	10	18.4	1025.1	-	99	
2021-11-07 10:55:00	5.1	남동	141	19.65	0.40	4.9	0.48	5.5	1.3	북북동	29	18.3	1025.0	-	101	
2021-11-07 11:00:00	7.3	남동	125	19.65	0.47	4.8	0.65	5.5	1.4	북동	51	18.0	1024.9	-	86	
2021-11-07 11:05:00	4.2	동남동	105	19.66	0.33	5.3	0.59	4.5	2.1	동북동	72	18.0	1024.8	-	50	
2021-11-07 11:10:00	6.6	동남동	108	19.66	0.41	5.0	0.52	5.5	2.0	동	97	18.0	1024.6	-	85	
2021-11-07 11:15:00	7.5	동	97	19.66	0.37	5.2	0.53	5.5	2.6	동남동	110	18.0	1024.5	-	73	
2021-11-07 11:20:00	6.0	동남동	113	19.67	0.35	5.3	0.50	4.5	2.8	동남동	103	18.0	1024.4	-	57	
2021-11-07 11:25:00	6.9	동남동	122	19.67	0.44	5.4	0.72	5.5	3.0	동남동	114	17.9	1024.3	-	73	
2021-11-07 11:30:00	7.1	동남동	102	19.67	0.36	4.9	0.47	4.5	3.7	동남동	114	17.9	1024.3	-	136	
2021-11-07 11:35:00	5.7	동남동	110	19.73	0.42	5.9	0.55	6.0	3.5	동남동	114	17.9	1024.1	-	65	
2021-11-07 11:40:00	7.2	남동	125	19.83	0.42	5.7	0.54	5.0	4.5	동남동	117	18.0	1024.0	-	82	
2021-11-07 11:45:00	7.0	남동	128	19.86	0.36	5.0	0.56	5.5	4.2	동남동	113	18.0	1024.0	-	58	
2021-11-07 11:50:00	6.7	남동	130	19.89	0.45	5.4	0.60	4.5	4.0	동남동	118	18.1	1024.0	-	66	
2021-11-07 11:55:00	6.3	남동	127	19.89	0.38	5.1	0.60	5.0	5.2	동남동	119	18.1	1023.9	-	71	
2021-11-07 12:00:00	5.3	남동	136	19.88	0.41	5.4	0.56	5.0	4.5	동남동	114	18.1	1023.8	-	86	
2021-11-07 12:05:00	5.7	남남동	148	19.86	0.41	5.3	0.57	5.5	5.2	동남동	118	18.2	1023.6	-	70	
2021-11-07 12:10:00	6.5	남동	140	19.90	0.42	5.2	0.51	5.0	6.5	동남동	119	18.2	1023.4	-	68	
2021-11-07 12:15:00	5.6	남	176	19.93	0.38	5.2	0.49	6.5	6.2	남동	124	18.2	1023.4	-	290	
2021-11-07 12:20:00	9.3	남	169	19.96	0.44	5.0	0.65	5.0	6.3	동남동	117	18.3	1023.4	-	69	
2021-11-07 12:25:00	6.8	남	173	19.98	0.37	5.1	0.55	5.5	6.1	동남동	120	18.2	1023.4	-	87	
2021-11-07 12:30:00	6.1	남	180	20.01	0.36	4.7	0.48	5.0	6.2	동남동	119	18.2	1023.3	-	64	
2021-11-07 12:35:00	5.3	남남동	163	20.02	0.39	4.4	0.58	4.5	6.7	남동	131	18.3	1023.2	-	77	
2021-11-07 12:40:00	7.5	남	173	20.02	0.46	4.9	0.60	5.0	6.9	남동	125	18.2	1023.2	-	59	
2021-11-07 12:45:00	7.5	남	183	20.03	0.53	4.6	0.76	3.0	6.9	동남동	120	18.1	1023.0	-	87	
2021-11-07 12:50:00	7.2	남	175	20.03	0.50	5.1	0.79	5.0	6.9	동남동	121	18.2	1022.9	-	74	
2021-11-07 12:55:00	5.8	남	179	20.03	0.52	4.9	0.82	4.0	7.1	남동	131	18.2	1022.8	-	77	
2021-11-07 13:00:00	8.8	남남서	193	20.03	0.54	4.1	0.86	4.0	7.8	남동	124	18.1	1022.7	-	67	
2021-11-07 13:05:00	8.4	남남서	202	20.04	0.58	4.3	0.78	4.0	7.3	남동	129	18.1	1022.6	-	89	
2021-11-07 13:10:00	7.3	남	173	20.04	0.63	4.3	0.88	3.5	7.7	남동	134	18.2	1022.5	-	74	
2021-11-07 13:15:00	6.2	남남서	208	20.05	0.56	4.2	0.91	4.5	8.4	남동	129	18.1	1022.4	-	87	
2021-11-07 13:20:00	5.1	남	171	20.05	0.63	4.6	0.78	4.5	8.0	남동	131	18.1	1022.4	-	18	
2021-11-07 13:25:00	8.7	남남서	202	20.04	0.61	3.7	0.95	5.0	7.7	남동	134	18.2	1022.3	-	83	
2021-11-07 13:30:00	7.6	남남서	202	20.05	0.59	4.3	0.81	4.0	8.0	남동	133	18.1	1022.3	-	94	
2021-11-07 13:35:00	5.0	남남서	193	20.04	0.59	4.1	0.83	4.0	8.0	남동	126	18.1	1022.3	-	108	
2021-11-07 13:40:00	5.9	남남서	198	20.05	0.62	4.5	0.86	3.5	7.4	남동	127	18.2	1022.2	-	59	
2021-11-07 13:45:00	2.7	남남동	150	20.05	0.64	3.9	0.86	3.5	7.7	남동	127	18.1	1022.2	-	104	
2021-11-07 13:50:00	3.7	남서	224	20.05	0.54	3.8	0.75	6.0	8.1	남동	128	18.1	1022.0	-	230	
2021-11-07 13:55:00	10.1	남남서	208	20.06	0.61	4.2	0.87	5.0	7.7	남동	139	18.1	1021.9	-	285	
2021-11-07 14:00:00	7.6	남서	220	20.06	0.67	4.1	0.88	4.0	7.6	남동	138	18.0	1021.9	-	72	
2021-11-07 14:05:00	2.5	서남서	240	20.05	0.62	4.2	0.95	4.5	8.2	남동	135	18.1	1021.9	-	93	
2021-11-07 14:10:00	5.9	남남서	205	20.04	0.74	4.6	0.98	4.0	7.5	남동	130	18.0	1021.9	-	114	
2021-11-07 14:15:00	7.6	남남서	211	20.03	0.63	4.0	1.01	3.5	7.7	남동	134	18.1	1022.0	-	139	
2021-11-07 14:20:00	5.7	남남서	205	20.02	0.68	4.4	1.14	5.0	6.8	남동	129	18.0	1022.0	-	85	
2021-11-07 14:25:00	6.8	남남서	207	20.02	0.72	4.1	1.01	3.5	7.3	남동	143	18.2	1021.8	-	250	
2021-11-07 14:30:00	7.3	남서	224	20.01	0.73	4.2	1.03	4.0	7.5	남동	133	18.1	1021.6	-	84	
2021-11-07 14:35:00	3.3	남서	225	20.02	0.64	3.8	0.88	4.0	7.4	남동	136	18.2	1021.6	-	112	
2021-11-07 14:40:00	2.4	서	270	20.01	0.74	4.3	1.02	3.5	7.0	남동	135	18.2	1021.7	-	84	
2021-11-07 14:45:00	8.1	남	191	20.01	0.68	4.1	0.93	3.0	7.0	남동	128	18.0	1021.7	-	135	
2021-11-07 14:50:00	5.0	남서	224	20.01	0.68	4.2	0.83	5.5	7.8	남동	128	18.2	1021.6	-	263	
2021-11-07 14:55:00	6.4	남남서	210	20.01	0.74	4.6	0.95	3.5	7.7	남동	133	18.2	1021.5	-	26	
2021-11-07 15:00:00	4.4	남남서	207	20.01	0.67	4.0	0.91	3.0	7.2	남동	138	18.1	1021.4	-	243	
2021-11-07 15:05:00	6.1	서남서	238	20.00	0.85	4.2	1.18	4.0	6.9	남동	135	18.1	1021.4	-	305	
2021-11-07 15:10:00	4.1	남남서	198	20.00	0.82	4.4	1.24	4.0	6.7	남동	137	18.2	1021.4	-	296	
2021-11-07 15:15:00	4.6	남남서	196	20.00	0.80	4.1	1.22	3.0	7.1	남동	137	18.1	1021.3	-	275	
2021-11-07 15:20:00	6.2	남서	228	20.00	0.74	4.4	0.90	5.0	6.8	남동	137	18.1	1021.4	-	199	
2021-11-07 15:25:00	6.4	남남서	199	20.00	0.72	4.3	1.09	4.0	7.5	남동	127	18.0	1021.3	-	270	
2021-11-07 15:30:00	5.6	남서	214	19.99	0.78	4.4	0.94	4.0	7.5	남동	139	18.0	1021.2	-	202	
2021-11-07 15:35:00	5.5	남서	215	19.99	0.81	3.9	1.19	4.0	7.0	남동	144	18.0	1021.1	-	245	
2021-11-07 15:40:00	5.1	남남서	198	19.99	0.71	4.2	0.97	4.0	7.0	남동	136	18.0	1021.1	-	268	
2021-11-07 15:45:00	1.3	남	172	19.98	0.77	4.1	1.18	4.5	7.4	남동	140	17.9	1021.0	-	289	
2021-11-07 15:50:00	5.5	남남서	205	19.98	0.81	4.5	1.13	5.0	7.4	남남동	148	17.9	1020.9	-	44	
2021-11-07 15:55:00	3.2	남서	216	19.98	0.87	4.3	1.27	4.5	7.2	남동	141	18.0	1020.9	-	261	
2021-11-07 16:00:00	3.6	남남동	150	19.97	0.83	4.6	1.09	4.0	7.5	남동	135	17.9	1020.8	-	39	
2021-11-07 16:05:00	7.7	남서	226	19.96	0.80	4.7	1.07	3.5	7.8	남동	146	18.0	1020.7	-	310	
2021-11-07 16:10:00	4.1	남서	231	19.96	0.77	4.3	1.03	4.5	6.9	남남동	147	17.9	1020.6	-	113	
2021-11-07 16:15:00	3.5	남서	216	19.96	0.71	4.1	1.09	3.5	6.8	남동	142	17.9	1020.5	-	270	
2021-11-07 16:20:00	6.2	남서	218	19.96	0.73	4.3	1.08	4.5	7.3	남남동	153	17.9	1020.4	-	343	
2021-11-07 16:25:00	6.9	서남서	240	19.95	0.74	4.5	1.00	4.0	7.4	남동	140	17.8	1020.3	-	316	
2021-11-07 16:30:00	7.1	남서	215	19.95	0.83	4.3	1.18	4.5	7.5	남남동	149	17.9	1020.3	-	303	
2021-11-07 16:35:00	5.5	남서	222	19.93	0.79	4.3	1.02	4.5	7.5	남남동	148	17.9	1020.1	-	121	
2021-11-07 16:40:00	3.6	북서	322	19.93	0.81	4.5	1.20	4.5	8.5	남남동	159	17.9	1020.1	-	36	
2021-11-07 16:45:00	2.3	동	83	19.94	0.84	4.8	1.28	4.0	7.9	남남동	158	17.9	1020.0	-	28	
2021-11-07 16:50:00	1.7	북동	46	19.93	0.87	4.3	1.39	5.0	7.8	남남동	155	17.8	1020.0	-	9	
2021-11-07 16:55:00	5.2	서남서	252	19.92	0.81	4.5	0.97	5.5	7.2	남남동	160	17.9	1020.0	-	110	
2021-11-07 17:00:00	2.8	남	173	19.92	0.74	4.0	1.21	3.5	6.7	남남동	167	17.8	1020.1	-	20	
2021-11-07 17:05:00	2.4	서	273	19.91	0.75	4.5	1.08	4.5	6.8	남남동	164	17.7	1020.0	-	335	
2021-11-07 17:10:00	0.9	동남동	105	19.92	0.82	4.3	1.08	4.0	5.7	남남동	167	17.6	1020.0	-	324	
2021-11-07 17:15:00	3.8	서	278	19.92	0.78	4.5	1.06	5.0	6.3	남남동	165	17.6	1020.0	-	300	
2021-11-07 17:20:00	3.2	남서	222	19.91	0.82	4.7	1.13	4.5	6.0	남	171	17.6	1020.0	-	62	
2021-11-07 17:25:00	4.7	남남서	202	19.93	0.74	4.4	1.18	4.5	5.3	남	170	17.5	1019.9	-	122	
2021-11-07 17:30:00	1.4	남	181	19.92	0.83	4.6	1.12	5.0	5.1	남	175	17.5	1019.9	-	19	
2021-11-07 17:35:00	5.2	남남동	167	19.92	0.82	4.4	1.25	4.5	4.2	남	177	17.4	1019.9	-	13	
2021-11-07 17:40:00	1.7	남동	140	19.93	0.73	4.4	1.07	5.0	4.5	남	177	17.4	1020.1	-	94	
2021-11-07 17:45:00	3.4	남남동	151	19.93	0.69	4.0	1.10	4.0	4.3	남	180	17.4	1020.2	-	326	
2021-11-07 17:50:00	5.6	남서	217	19.94	0.78	4.4	1.29	4.0	3.9	남남서	196	17.3	1020.3	-	347	
2021-11-07 17:55:00	5.3	남	176	19.94	0.65	4.4	0.85	4.0	3.6	남남서	210	17.3	1020.3	-	315	
2021-11-07 18:00:00	4.7	남남동	165	19.93	0.69	4.8	0.99	4.5	3.9	남남서	203	17.1	1020.3	-	266	
2021-11-07 18:05:00	1.9	서남서	240	19.93	0.72	4.3	1.24	4.5	3.4	남남서	194	17.2	1020.3	-	96	
2021-11-07 18:10:00	7.7	남	188	19.92	0.74	4.6	1.10	4.0	3.3	남남서	197	17.2	1020.4	-	297	
2021-11-07 18:15:00	3.6	남	172	19.93	0.60	4.1	0.91	4.0	3.1	남남서	204	17.2	1020.5	-	341	
2021-11-07 18:20:00	4.6	남남동	166	19.93	0.73	4.7	0.97	6.0	2.8	남남서	209	17.1	1020.5	-	117	
2021-11-07 18:25:00	1.8	남남서	198	19.94	0.66	4.5	0.89	4.5	2.7	남서	216	17.1	1020.5	-	184	
2021-11-07 18:30:00	7.3	남남동	163	19.93	0.79	5.3	0.97	5.0	2.1	남서	214	17.1	1020.6	-	123	
2021-11-07 18:35:00	4.3	남남동	167	19.94	0.76	4.8	1.19	4.5	2.1	남서	218	17.2	1020.6	-	100	
2021-11-07 18:40:00	6.6	남동	141	19.93	0.72	4.8	0.98	4.5	2.3	남	188	17.2	1020.5	-	99	
2021-11-07 18:45:00	5.0	남동	144	19.94	0.77	4.2	1.05	4.5	2.3	남남서	198	17.2	1020.5	-	270	
2021-11-07 18:50:00	1.9	남	175	19.94	0.70	4.4	0.94	5.0	2.2	남	185	17.2	1020.5	-	280	
2021-11-07 18:55:00	5.1	남남동	160	19.92	0.74	4.5	1.15	5.0	2.5	남	180	17.2	1020.4	-	285	
2021-11-07 19:00:00	6.0	남남동	168	19.96	0.85	5.0	1.23	5.0	2.8	남	182	17.3	1020.4	-	112	
2021-11-07 19:05:00	5.4	남	185	19.95	0.72	5.0	1.09	5.0	2.8	남	188	17.3	1020.4	-	90	
2021-11-07 19:10:00	6.1	남	174	19.97	0.71	4.6	1.19	5.0	3.4	남서	215	17.1	1020.5	-	121	
2021-11-07 19:15:00	3.1	남남동	148	19.95	0.67	4.8	1.02	4.5	2.8	남서	222	16.4	1020.5	-	94	
2021-11-07 19:20:00	6.1	남동	132	19.95	0.59	4.6	0.91	4.0	2.5	남서	232	16.5	1020.5	-	338	
2021-11-07 19:25:00	7.9	남남동	157	19.95	0.66	4.6	0.92	4.5	3.0	서남서	253	16.1	1020.5	-	101	
2021-11-07 19:30:00	4.7	남남동	164	19.97	0.84	4.9	1.26	5.0	2.7	서남서	248	15.8	1020.5	-	106	
2021-11-07 19:35:00	2.9	남서	228	19.96	0.68	4.3	1.04	4.5	2.8	서남서	245	15.8	1020.5	-	120	
2021-11-07 19:40:00	6.6	남동	144	19.97	0.80	4.4	1.24	4.0	2.9	서남서	246	15.7	1020.5	-	9	
2021-11-07 19:45:00	5.0	남동	144	19.96	0.74	4.1	0.96	3.5	2.4	서남서	247	15.7	1020.3	-	242	
2021-11-07 19:50:00	6.3	남남동	152	19.96	0.66	4.2	0.95	5.5	2.0	서남서	246	15.7	1020.3	-	84	
2021-11-07 19:55:00	8.1	남동	134	19.95	0.69	4.6	1.08	4.5	1.7	서남서	240	15.7	1020.3	-	101	
2021-11-07 20:00:00	3.9	남남동	163	19.95	0.62	4.5	0.88	4.5	1.2	서남서	246	15.8	1020.4	-	46	
2021-11-07 20:05:00	7.8	남남동	155	19.96	0.74	4.5	0.97	4.0	1.5	서	259	15.8	1020.2	-	34	
2021-11-07 20:10:00	5.3	남남동	156	19.95	0.58	4.2	1.13	4.0	1.6	서	265	15.8	1020.1	-	295	
2021-11-07 20:15:00	3.7	남남동	160	19.96	0.65	4.6	1.07	4.5	2.3	서	267	15.9	1020.1	-	99	
2021-11-07 20:20:00	4.4	남	170	19.95	0.68	4.9	0.87	5.0	2.3	서남서	257	15.7	1020.1	-	116	
2021-11-07 20:25:00	7.5	남동	145	19.94	0.66	4.9	0.88	5.0	2.3	서	267	15.6	1020.0	-	83	
2021-11-07 20:30:00	5.6	남	171	19.94	0.62	4.3	0.98	4.5	1.7	서북서	284	15.7	1020.0	-	264	
2021-11-07 20:35:00	5.8	남남서	200	19.93	0.65	4.8	0.82	4.0	1.0	서북서	303	15.8	1019.9	-	335	
2021-11-07 20:40:00	6.5	남남동	150	19.94	0.69	4.4	0.90	4.5	1.3	서북서	297	16.0	1019.8	-	33	
2021-11-07 20:45:00	6.1	남	169	19.94	0.68	4.6	1.09	4.5	0.9	서북서	294	15.9	1019.8	-	265	
2021-11-07 20:50:00	5.4	남	170	19.95	0.65	4.3	0.92	4.5	1.4	서	266	15.9	1019.6	-	143	
2021-11-07 20:55:00	6.4	남	184	19.94	0.60	4.6	0.88	4.5	1.3	서남서	255	15.8	1019.5	-	97	
2021-11-07 21:00:00	5.2	남남동	160	19.94	0.62	4.3	1.05	4.5	1.6	서남서	243	15.8	1019.4	-	340	
2021-11-07 21:05:00	6.8	남남동	165	19.93	0.67	5.0	1.13	4.0	1.4	서남서	240	15.7	1019.4	-	249	
2021-11-07 21:10:00	6.9	남남동	150	19.93	0.58	4.7	1.00	4.5	1.1	서남서	252	15.6	1019.4	-	290	
2021-11-07 21:15:00	6.5	남남동	163	19.92	0.60	5.5	0.78	8.0	1.7	서남서	238	15.7	1019.5	-	233	
2021-11-07 21:20:00	9.4	남	178	19.90	0.69	4.6	1.19	4.0	2.8	남서	223	15.3	1019.4	-	94	
2021-11-07 21:25:00	9.2	남남동	159	19.90	0.64	5.4	0.78	5.0	1.8	남서	231	15.1	1019.3	-	112	
2021-11-07 21:30:00	6.0	남남동	152	19.90	0.63	4.8	0.87	4.5	1.2	남서	233	15.0	1019.1	-	70	
2021-11-07 21:35:00	6.8	남동	135	19.89	0.68	4.9	1.01	5.0	1.1	남서	230	15.0	1018.9	-	89	
2021-11-07 21:40:00	7.1	남	178	19.88	0.60	5.1	0.74	5.0	1.1	서남서	244	15.1	1018.7	-	72	
2021-11-07 21:45:00	6.2	남	183	19.86	0.60	5.9	0.76	6.5	0.8	서	271	15.2	1018.6	-	12	
2021-11-07 21:50:00	9.2	남	179	19.86	0.67	5.6	1.05	5.5	0.3	서	269	15.2	1018.6	-	298	
2021-11-07 21:55:00	5.0	남남동	157	19.84	0.76	5.7	1.02	6.0	0.7	서	269	15.2	1018.6	-	125	
2021-11-07 22:00:00	5.0	남남동	166	19.85	0.77	5.2	1.27	5.0	1.0	서북서	292	15.3	1018.6	-	97	
2021-11-07 22:05:00	7.8	남남서	201	19.85	0.74	5.8	1.10	6.0	1.3	서	275	15.4	1018.7	-	108	
2021-11-07 22:10:00	6.0	남	172	19.85	0.73	5.0	0.95	7.5	1.7	남서	236	15.4	1018.8	-	127	
2021-11-07 22:15:00	4.3	남남동	151	19.85	0.85	6.7	1.10	9.0	1.3	서남서	239	15.1	1018.9	-	28	
2021-11-07 22:20:00	6.4	남	177	19.82	0.77	5.9	1.28	6.0	1.0	남서	227	14.9	1019.0	-	27	
2021-11-07 22:25:00	6.4	남남서	198	19.79	0.79	6.5	1.05	5.0	0.6	서남서	250	14.8	1019.0	-	124	
2021-11-07 22:30:00	3.7	남	174	19.79	0.80	5.4	1.24	5.0	0.3	서북서	300	14.7	1018.9	-	91	
2021-11-07 22:35:00	5.6	남남동	160	19.81	0.76	4.9	1.09	4.5	0.2	북서	325	14.8	1018.8	-	108	
2021-11-07 22:40:00	3.9	남남동	148	19.79	0.67	6.0	0.94	6.0	0.7	서북서	302	15.0	1018.7	-	47	
2021-11-07 22:45:00	6.6	남남서	193	19.80	0.89	6.4	1.15	5.0	0.9	북서	306	15.1	1018.6	-	24	
2021-11-07 22:50:00	5.4	남남동	166	19.77	0.81	5.6	1.14	5.5	1.3	서북서	286	15.2	1018.4	-	257	
2021-11-07 22:55:00	5.4	남남동	165	19.77	0.90	6.4	1.20	6.0	1.7	서	271	15.2	1018.3	-	9	
2021-11-07 23:00:00	2.9	남남동	163	19.76	1.03	7.4	1.52	6.5	1.1	북서	318	15.0	1018.2	-	27	
2021-11-07 23:05:00	2.7	남남동	153	19.77	0.87	6.7	1.00	6.0	1.2	북서	321	15.2	1018.2	-	19	
2021-11-07 23:10:00	3.0	남남동	155	19.72	0.96	7.0	1.50	7.5	1.0	북서	320	15.3	1018.0	-	23	
2021-11-07 23:15:00	3.3	동	91	19.73	0.77	5.7	1.00	5.0	0.6	북서	315	15.3	1017.9	-	106	
2021-11-07 23:20:00	5.1	남	175	19.73	0.90	6.1	1.05	6.0	0.6	서북서	298	15.3	1017.8	-	78	
2021-11-07 23:25:00	0.4	북서	309	19.74	1.14	6.4	1.60	6.5	0.7	서	281	15.3	1017.7	-	27	
2021-11-07 23:30:00	4.6	남	186	19.73	0.96	6.6	1.33	5.0	0.9	서	274	15.4	1017.6	-	28	
2021-11-07 23:35:00	4.0	남	188	19.74	0.99	6.8	1.26	5.0	0.7	서북서	284	15.4	1017.5	-	20	
2021-11-07 23:40:00	3.4	남	189	19.75	0.91	5.8	1.18	5.0	0.9	서남서	251	15.4	1017.4	-	80	
2021-11-07 23:45:00	2.2	동남동	119	19.73	1.11	7.3	1.64	5.0	1.3	서	271	15.4	1017.4	-	22	
2021-11-07 23:50:00	1.5	남	170	19.72	1.28	5.6	1.67	5.0	1.5	서	262	15.3	1017.3	-	89	
2021-11-07 23:55:00	4.1	남동	131	19.71	1.14	5.4	1.73	5.0	2.5	서남서	257	14.8	1017.3	-	66	
2021-11-08 00:00:00	1.5	남	183	19.69	0.96	6.8	1.24	4.0	2.2	서	262	14.6	1017.3	-	359	
2021-11-08 00:05:00	1.9	남남서	196	19.66	1.17	7.0	1.56	4.5	2.7	서	261	14.6	1017.2	-	122	
2021-11-08 00:10:00	3.3	남	171	19.63	1.05	6.9	1.66	5.0	2.6	서남서	246	14.5	1017.2	-	94	
2021-11-08 00:15:00	2.1	남남동	165	19.61	1.07	6.2	1.75	7.0	2.8	서남서	245	14.6	1017.1	-	107	
2021-11-08 00:20:00	4.7	남동	137	19.60	1.49	6.3	2.28	5.5	1.9	서남서	240	14.4	1017.1	-	101	
2021-11-08 00:25:00	2.5	남남동	163	19.58	1.04	7.4	1.20	5.5	2.1	남서	234	14.6	1017.0	-	42	
2021-11-08 00:30:00	4.7	남서	215	19.59	1.17	6.7	1.36	5.5	1.8	남서	226	14.8	1017.0	-	93	
2021-11-08 00:35:00	3.1	남남동	165	19.58	1.27	5.9	1.76	5.0	1.9	남서	222	14.9	1016.9	-	104	
2021-11-08 00:40:00	3.5	남동	137	19.59	1.51	7.1	2.03	5.0	1.1	남남서	204	14.9	1016.8	-	117	
2021-11-08 00:45:00	2.6	남남동	167	19.59	1.42	6.4	1.95	6.0	0.7	남남동	164	15.1	1016.6	-	127	
2021-11-08 00:50:00	4.0	남남동	162	19.59	1.40	5.9	1.96	6.5	1.0	남남동	161	15.2	1016.4	-	110	
2021-11-08 00:55:00	4.9	남	191	19.59	1.39	7.1	1.77	5.5	2.3	남남동	155	15.6	1016.2	-	92	
2021-11-08 01:00:00	3.4	남	184	19.55	1.56	6.6	1.85	7.0	3.5	남남동	148	15.9	1016.0	-	99	
2021-11-08 01:05:00	4.9	남남서	203	19.54	1.63	6.0	2.28	7.5	7.7	남남동	147	17.0	1015.6	-	102	
2021-11-08 01:10:00	2.6	남서	219	19.54	1.55	6.6	1.89	5.5	8.4	남동	144	17.3	1015.4	-	100	
2021-11-08 01:15:00	1.1	동남동	116	19.55	1.90	7.6	3.06	6.5	8.0	남남동	147	17.4	1015.3	-	110	
2021-11-08 01:20:00	4.6	남서	227	19.53	1.61	7.6	2.35	8.5	8.1	남남동	149	17.5	1015.2	-	39	
2021-11-08 01:25:00	3.7	남서	216	19.50	1.67	7.3	1.99	8.0	8.5	남남동	149	17.6	1015.1	-	15	
2021-11-08 01:30:00	5.9	남서	219	19.48	1.69	6.2	2.26	6.5	8.9	남남동	147	17.6	1015.1	-	110	
2021-11-08 01:35:00	4.6	서남서	238	19.45	1.51	6.1	2.03	4.5	8.5	남남동	148	17.7	1015.0	-	39	
2021-11-08 01:40:00	5.4	남남서	199	19.43	1.72	6.6	2.32	7.0	7.1	남남동	154	17.7	1014.9	-	102	
2021-11-08 01:45:00	3.4	남남동	164	19.43	1.76	6.6	2.30	7.0	7.6	남남동	157	17.6	1014.9	-	102	
2021-11-08 01:50:00	4.7	서남서	239	19.38	1.95	7.4	4.05	6.5	7.7	남남동	151	17.6	1014.7	-	101	
2021-11-08 01:55:00	1.3	남	189	19.37	1.55	6.6	2.18	7.0	7.5	남남동	161	17.6	1014.7	-	91	
2021-11-08 02:00:00	4.8	남남서	192	19.36	1.56	6.3	2.16	7.5	8.2	남남동	159	17.7	1014.6	-	100	
2021-11-08 02:05:00	3.2	서북서	289	19.37	1.96	7.2	2.58	6.5	8.3	남남동	161	17.7	1014.4	-	97	
2021-11-08 02:10:00	4.2	동	98	19.38	1.57	7.1	1.80	7.0	7.7	남남동	159	17.7	1014.4	-	91	
2021-11-08 02:15:00	2.9	남동	130	19.37	1.53	6.3	2.14	7.5	7.5	남남동	160	17.7	1014.3	-	102	
2021-11-08 02:20:00	3.7	남	178	19.34	1.70	6.8	1.91	6.0	7.1	남	171	17.6	1014.2	-	104	
2021-11-08 02:25:00	4.1	남	190	19.32	1.85	7.6	3.02	7.0	7.2	남남동	164	17.6	1014.0	-	96	
2021-11-08 02:30:00	5.1	남남서	202	19.32	1.67	6.6	2.30	7.0	7.2	남남동	160	17.6	1013.8	-	104	
2021-11-08 02:35:00	1.6	남서	217	19.31	1.62	7.0	2.10	5.5	7.2	남남동	167	17.6	1013.7	-	116	
2021-11-08 02:40:00	2.1	남남동	165	19.31	1.84	6.8	2.99	7.0	6.6	남남동	160	17.7	1013.6	-	103	
2021-11-08 02:45:00	3.1	남남서	213	19.32	1.81	6.0	2.61	6.0	7.3	남남동	167	17.8	1013.4	-	106	
2021-11-08 02:50:00	5.7	남남서	193	19.31	1.64	6.7	2.46	6.5	7.5	남남동	162	17.8	1013.4	-	95	
2021-11-08 02:55:00	3.0	남	169	19.30	1.91	6.5	2.46	6.0	9.1	남남동	161	17.9	1013.3	-	95	
2021-11-08 03:00:00	6.7	남	185	19.31	2.16	7.0	2.52	8.0	7.6	남남동	160	17.9	1013.2	-	99	
2021-11-08 03:05:00	1.8	남서	227	19.31	1.82	6.8	2.58	6.0	7.5	남남동	166	17.8	1013.0	-	109	
2021-11-08 03:10:00	7.9	남남서	192	19.31	2.02	6.8	2.52	7.0	7.5	남남동	167	17.8	1012.8	-	86	
2021-11-08 03:15:00	4.8	남남동	159	19.32	1.95	6.9	2.38	6.0	8.1	남남동	166	17.8	1012.7	-	100	
2021-11-08 03:20:00	2.1	동남동	114	19.28	1.69	6.4	2.16	7.0	8.0	남남동	160	17.9	1012.6	-	94	
2021-11-08 03:25:00	1.0	남	191	19.28	1.97	7.0	2.82	6.5	8.2	남남동	163	18.0	1012.5	-	35	
2021-11-08 03:30:00	3.8	남	171	19.29	1.89	7.3	2.28	8.5	7.9	남남동	155	18.0	1012.4	-	118	
2021-11-08 03:35:00	2.9	서	259	19.31	2.13	6.3	3.02	6.5	8.6	남남동	157	18.0	1012.2	-	105	
2021-11-08 03:40:00	5.2	서	263	19.27	1.95	6.6	2.55	7.0	8.4	남남동	156	18.1	1012.1	-	102	
2021-11-08 03:45:00	2.1	남서	219	19.29	1.87	6.6	2.25	5.0	8.3	남남동	154	18.0	1012.0	-	121	
2021-11-08 03:50:00	5.7	남	189	19.33	1.75	6.4	2.35	6.5	7.9	남남동	166	17.9	1012.2	-	108	
2021-11-08 03:55:00	10.3	서	279	19.38	1.93	7.0	2.79	6.0	7.6	남남동	161	17.9	1012.1	-	104	
2021-11-08 04:00:00	5.4	남남서	191	19.37	1.85	6.4	3.54	6.0	7.6	남남동	157	17.9	1012.0	-	108	
2021-11-08 04:05:00	8.5	서남서	250	19.40	1.89	6.5	2.57	6.5	8.4	남남동	152	17.9	1011.7	-	94	
2021-11-08 04:10:00	7.7	남서	230	19.39	1.71	6.4	2.43	5.5	7.8	남남동	151	18.0	1011.6	-	104	
2021-11-08 04:15:00	2.3	서남서	244	19.38	1.74	6.4	2.61	6.5	6.9	남남동	154	18.0	1011.7	-	90	
2021-11-08 04:20:00	2.1	북동	45	19.36	1.66	7.3	2.45	7.5	7.0	남남동	155	18.1	1011.6	-	66	
2021-11-08 04:25:00	4.6	남	187	19.37	1.80	7.3	2.08	8.5	7.2	남남동	155	18.0	1011.5	-	80	
2021-11-08 04:30:00	4.3	남남서	210	19.37	1.93	7.9	2.24	7.0	6.1	남남동	163	18.0	1011.6	-	43	
2021-11-08 04:35:00	7.2	남남서	207	19.37	1.85	6.4	2.60	6.0	4.8	남	171	17.7	1011.4	-	97	
2021-11-08 04:40:00	6.6	서남서	240	19.37	1.70	7.1	2.30	6.0	4.4	남	176	17.7	1011.2	-	115	
2021-11-08 04:45:00	3.6	남남서	198	19.38	2.13	6.5	2.79	6.5	4.2	남	183	17.6	1011.1	-	108	
2021-11-08 04:50:00	3.3	서	259	19.36	1.96	7.7	3.49	7.5	4.3	남	171	17.7	1010.9	-	93	
2021-11-08 04:55:00	5.5	남서	220	19.35	2.12	6.8	2.69	6.5	4.0	남	171	17.6	1010.7	-	95	
2021-11-08 05:00:00	6.7	서남서	242	19.36	1.59	6.8	2.11	5.5	3.8	남남동	165	17.4	1010.4	-	59	
2021-11-08 05:05:00	2.1	남서	223	19.36	1.85	6.7	2.69	7.0	4.2	남남동	158	17.2	1010.2	-	98	
2021-11-08 05:10:00	3.9	남남서	208	19.35	2.14	6.4	3.47	6.5	4.3	남남동	165	17.5	1010.2	-	115	
2021-11-08 05:15:00	3.9	남	176	19.33	1.66	6.4	2.58	7.0	3.8	남	182	17.6	1010.2	-	107	
2021-11-08 05:20:00	2.4	남남동	161	19.32	1.81	6.4	2.64	6.5	3.8	남	173	17.3	1010.1	-	100	
2021-11-08 05:25:00	0.8	북서	318	19.31	1.92	6.4	2.79	7.0	3.4	남	171	17.2	1010.0	-	98	
2021-11-08 05:30:00	1.8	남동	145	19.32	1.73	7.3	2.71	6.5	3.1	남	186	17.2	1009.9	-	86	
2021-11-08 05:35:00	2.9	서남서	253	19.31	2.04	6.5	2.69	6.5	2.8	남	176	17.4	1009.8	-	111	
2021-11-08 05:40:00	2.2	남서	216	19.29	1.77	7.0	2.01	6.5	4.2	남남동	165	17.5	1009.6	-	96	
2021-11-08 05:45:00	1.9	남남서	191	19.21	1.56	6.3	2.26	6.5	4.3	남남동	166	17.8	1009.5	-	86	
2021-11-08 05:50:00	1.1	북	359	19.20	1.68	6.7	2.24	6.5	3.6	남	188	17.6	1009.4	-	128	
2021-11-08 05:55:00	1.4	서	271	19.21	1.76	6.5	2.08	6.5	2.1	남남서	202	17.0	1009.2	-	90	
2021-11-08 06:00:00	1.1	남동	126	19.18	2.02	7.0	2.63	7.0	1.9	남	189	16.9	1009.0	-	97	
2021-11-08 06:05:00	3.8	서남서	251	19.20	1.67	6.7	2.46	7.0	1.8	남남서	198	16.9	1009.3	-	102	
2021-11-08 06:10:00	2.6	남동	132	19.19	1.93	6.5	2.97	6.5	1.9	남	173	16.4	1009.0	-	103	
2021-11-08 06:15:00	4.1	동남동	106	19.19	1.71	6.8	2.34	7.0	2.5	남남동	147	16.2	1008.8	-	111	
2021-11-08 06:20:00	1.0	북서	304	19.19	1.86	6.3	2.47	6.0	2.8	남남동	158	16.6	1008.8	-	96	
2021-11-08 06:25:00	1.6	북북동	19	19.20	1.76	6.7	2.11	7.0	2.9	남남동	149	17.0	1008.5	-	110	
2021-11-08 06:30:00	4.0	남동	139	19.20	1.69	6.7	2.51	7.0	2.1	남남서	192	16.8	1008.4	-	110	
2021-11-08 06:35:00	2.6	남남서	194	19.19	1.27	6.7	1.99	7.0	2.3	남서	224	16.5	1008.4	-	100	
2021-11-08 06:40:00	5.4	동남동	119	19.19	1.73	6.4	2.47	8.0	1.7	서남서	255	15.9	1008.2	-	109	
2021-11-08 06:45:00	2.7	동	84	19.18	1.60	6.2	2.09	6.5	2.1	서	259	15.6	1008.3	-	50	
2021-11-08 06:50:00	3.9	남남서	209	19.18	1.90	6.6	3.20	7.0	3.5	서	265	15.7	1008.5	-	94	
2021-11-08 06:55:00	2.9	남서	218	19.18	1.61	6.4	2.04	6.0	2.3	서남서	237	15.3	1008.3	-	101	
2021-11-08 07:00:00	2.7	남남동	154	19.17	1.73	6.5	2.71	7.0	2.3	남서	233	15.5	1008.4	-	96	
2021-11-08 07:05:00	4.5	남남동	152	19.18	1.74	6.7	2.52	7.0	3.3	남서	230	15.3	1008.5	-	101	
2021-11-08 07:10:00	4.2	남	175	19.16	1.38	6.6	1.67	7.5	1.4	남남서	201	15.3	1008.1	-	87	
2021-11-08 07:15:00	5.2	남동	143	19.15	1.45	6.9	1.75	6.5	2.1	남남동	150	15.5	1008.0	-	98	
2021-11-08 07:20:00	6.2	남동	143	19.13	1.77	6.5	2.28	6.0	1.2	남남동	154	15.5	1008.0	-	110	
2021-11-08 07:25:00	2.7	남	173	19.14	1.46	6.2	1.91	6.5	1.3	남남서	208	15.7	1008.0	-	95	
2021-11-08 07:30:00	3.2	남	171	19.15	1.55	6.2	2.16	6.0	2.9	남남서	199	16.4	1008.1	-	87	
2021-11-08 07:35:00	9.6	남동	140	19.15	1.34	6.1	1.99	5.5	3.9	남	191	17.3	1008.0	-	103	
2021-11-08 07:40:00	3.4	남동	140	19.12	1.64	6.5	2.14	6.0	4.7	남	170	17.9	1007.8	-	88	
2021-11-08 07:45:00	3.2	남남동	147	19.13	1.77	6.8	2.39	6.5	5.6	남남동	158	18.3	1007.6	-	87	
2021-11-08 07:50:00	8.5	남동	130	19.14	1.30	6.3	1.67	6.5	6.6	남남동	161	18.9	1007.4	-	89	
2021-11-08 07:55:00	4.7	남	176	19.14	1.55	6.6	2.06	6.0	6.9	남남동	155	19.1	1007.1	-	116	
2021-11-08 08:00:00	3.8	남동	140	19.15	1.53	6.5	1.90	6.5	6.6	남남동	158	19.1	1007.2	-	94	
2021-11-08 08:05:00	2.5	남남동	153	19.15	1.61	6.3	2.03	6.0	6.8	남남동	148	19.1	1007.1	-	86	
2021-11-08 08:10:00	2.8	남남동	155	19.16	1.38	6.3	2.40	7.0	6.4	남동	146	19.0	1007.0	-	107	
2021-11-08 08:15:00	1.9	남동	146	19.14	1.43	6.5	1.78	6.5	6.6	남동	141	19.1	1006.8	-	68	
2021-11-08 08:20:00	2.1	남남동	151	19.14	1.58	6.5	1.93	6.5	6.9	남동	141	19.1	1006.7	-	102	
2021-11-08 08:25:00	4.8	남남동	168	19.14	1.57	6.3	2.26	5.0	6.9	남동	144	19.0	1006.9	-	93	
2021-11-08 08:30:00	3.6	동남동	121	19.15	1.40	6.0	1.79	6.0	7.4	남남동	147	19.0	1007.0	-	98	
2021-11-08 08:35:00	2.0	남남동	163	19.14	1.81	6.2	2.21	6.0	7.7	남동	144	19.0	1006.7	-	105	
2021-11-08 08:40:00	5.4	남서	222	19.14	1.43	6.6	1.84	7.5	7.7	남남동	147	19.1	1006.6	-	43	
2021-11-08 08:45:00	1.6	동남동	117	19.13	1.84	6.3	2.52	6.0	8.0	남동	146	19.1	1006.5	-	92	
2021-11-08 08:50:00	2.4	남	180	19.14	1.93	6.4	2.47	6.5	7.7	남남동	147	19.1	1006.5	-	107	
2021-11-08 08:55:00	4.2	서남서	254	19.14	1.41	6.3	1.84	6.0	7.8	남남동	148	19.2	1006.2	-	99	
2021-11-08 09:00:00	2.8	서남서	245	19.13	1.72	6.2	2.01	6.5	8.6	남동	143	19.1	1005.9	-	91	
2021-11-08 09:05:00	1.0	남동	129	19.13	1.63	6.2	2.43	6.0	9.0	남동	144	19.1	1005.8	-	118	
2021-11-08 09:10:00	2.8	북서	313	19.13	1.55	6.3	2.01	6.5	8.8	남동	145	19.2	1005.5	-	96	
2021-11-08 09:15:00	2.0	서북서	291	19.12	1.62	6.1	2.13	7.0	9.0	남동	146	19.2	1005.5	-	104	
2021-11-08 09:20:00	4.7	북서	305	19.12	1.63	6.0	2.30	6.5	9.4	남동	143	19.2	1005.2	-	99	
2021-11-08 09:25:00	9.1	서	278	19.12	1.60	6.2	2.00	6.0	9.8	남동	145	19.1	1005.2	-	104	
2021-11-08 09:30:00	2.9	북북서	340	19.12	1.83	6.5	2.85	6.5	9.9	남동	140	19.1	1005.1	-	98	
2021-11-08 09:35:00	3.9	북동	41	19.13	1.69	6.5	2.63	7.0	10.3	남동	143	19.2	1004.9	-	96	
2021-11-08 09:40:00	4.0	북북서	336	19.13	1.63	6.5	2.04	6.0	9.8	남동	143	19.2	1004.8	-	96	
2021-11-08 09:45:00	3.2	서북서	284	19.12	1.68	6.1	2.14	6.0	9.7	남동	142	19.2	1004.6	-	103	
2021-11-08 09:50:00	5.6	서북서	292	19.12	1.62	6.6	2.01	6.0	9.5	남동	146	19.2	1004.5	-	118	
2021-11-08 09:55:00	6.4	서남서	242	19.12	2.01	6.6	2.77	6.5	10.4	남남동	148	19.2	1004.3	-	117	
2021-11-08 10:00:00	6.6	서	268	19.13	1.78	6.4	2.39	6.5	10.3	남남동	148	19.2	1004.1	-	106	
2021-11-08 10:05:00	6.1	서북서	300	19.12	1.69	6.3	2.19	5.5	10.3	남동	145	19.2	1004.0	-	105	
2021-11-08 10:10:00	3.9	북북서	346	19.12	1.91	6.4	2.24	6.5	10.2	남동	146	19.3	1003.8	-	111	
2021-11-08 10:15:00	6.8	서북서	286	19.12	1.64	6.7	2.30	6.0	10.1	남남동	148	19.3	1003.8	-	83	
2021-11-08 10:20:00	10.5	북서	304	19.12	1.71	6.3	2.37	5.0	10.7	남남동	149	19.3	1003.7	-	117	
2021-11-08 10:25:00	5.2	서	269	19.13	2.03	6.5	2.96	6.5	11.0	남남동	150	19.4	1003.6	-	118	
2021-11-08 10:30:00	7.4	서	278	19.13	1.66	7.0	2.26	6.5	10.3	남남동	150	19.3	1003.7	-	114	
2021-11-08 10:35:00	4.7	서북서	284	19.13	1.70	6.7	2.11	7.5	9.7	남남동	150	19.4	1003.5	-	119	
2021-11-08 10:40:00	7.4	서북서	284	19.14	2.05	6.8	2.76	6.5	10.5	남남동	147	19.4	1003.4	-	104	
2021-11-08 10:45:00	5.4	서북서	298	19.15	1.66	6.0	1.93	6.0	10.9	남남동	149	19.4	1003.3	-	117	
2021-11-08 10:50:00	9.2	서북서	296	19.15	1.86	6.7	2.66	6.5	11.1	남남동	151	19.4	1003.4	-	111	
2021-11-08 10:55:00	10.1	서북서	289	19.15	2.27	6.6	3.05	6.5	12.0	남남동	151	19.5	1003.3	-	104	
2021-11-08 11:00:00	9.3	북북서	339	19.15	2.21	6.7	2.99	6.5	12.4	남남동	151	19.5	1003.3	-	108	
2021-11-08 11:05:00	11.0	서북서	293	19.15	1.98	6.5	2.74	6.5	10.5	남동	146	19.5	1003.2	-	106	
2021-11-08 11:10:00	9.7	북북서	329	19.15	2.36	6.7	4.05	7.0	10.4	남남동	150	19.4	1003.4	-	122	
2021-11-08 11:15:00	10.2	북서	317	19.14	2.15	6.6	2.73	6.0	10.7	남남동	149	19.3	1003.6	-	99	
2021-11-08 11:20:00	8.2	북서	313	19.13	2.27	6.5	2.85	6.5	9.0	남남서	207	19.0	1004.4	-	106	
2021-11-08 11:25:00	6.1	북북서	348	19.13	2.24	6.6	2.77	6.5	9.9	서남서	237	17.6	1004.9	-	110	
2021-11-08 11:30:00	6.1	북	357	19.12	2.16	6.5	2.78	6.5	9.6	남서	235	16.7	1005.1	-	115	
2021-11-08 11:35:00	10.3	북북서	334	19.11	1.82	6.3	2.56	6.0	7.9	서남서	238	16.3	1005.3	-	115	
2021-11-08 11:40:00	9.6	북북서	331	19.10	1.83	6.5	2.76	6.5	8.4	서남서	240	16.4	1005.3	-	117	
2021-11-08 11:45:00	5.7	북북동	16	19.09	1.95	6.6	2.34	6.5	8.1	서남서	239	16.2	1005.3	-	105	
2021-11-08 11:50:00	5.4	북서	309	19.09	1.76	6.7	2.22	7.0	8.7	남서	234	16.0	1005.4	-	118	
2021-11-08 11:55:00	3.6	북	351	19.09	2.08	6.9	3.22	7.5	9.2	남서	231	15.8	1005.5	-	104	
2021-11-08 12:00:00	2.9	북북서	346	19.10	2.02	7.2	2.78	7.0	10.0	남서	232	15.7	1005.3	-	104	
2021-11-08 12:05:00	6.6	북	1	19.09	1.87	6.8	3.09	6.5	9.4	남서	233	15.6	1005.3	-	109	
2021-11-08 12:10:00	8.8	북북서	341	19.10	1.92	7.0	2.94	7.0	10.1	남서	233	15.4	1005.4	-	90	
2021-11-08 12:15:00	5.1	북동	41	19.10	2.01	6.8	2.59	6.5	10.0	남서	230	15.4	1005.6	-	108	
2021-11-08 12:20:00	7.5	북	359	19.09	1.58	6.9	2.02	6.5	9.0	남서	232	15.2	1005.8	-	105	
2021-11-08 12:25:00	4.4	북북동	17	19.08	1.84	6.6	2.60	6.5	9.8	남서	228	14.8	1005.9	-	107	
2021-11-08 12:30:00	9.9	북북서	330	19.11	1.83	7.0	2.71	7.0	10.6	남서	228	14.5	1005.9	-	120	
2021-11-08 12:35:00	3.6	북동	35	19.09	1.81	7.4	2.29	7.5	9.0	남서	219	14.1	1005.9	-	122	
2021-11-08 12:40:00	7.1	북	5	19.08	1.51	6.8	1.89	6.5	6.7	남남서	212	13.8	1005.8	-	123	
2021-11-08 12:45:00	4.9	북동	44	19.07	1.22	6.4	1.65	7.5	5.8	남남서	208	13.6	1005.7	-	116	
2021-11-08 12:50:00	5.8	북동	36	19.07	1.53	6.8	1.98	6.0	5.6	남서	223	13.3	1005.5	-	121	
2021-11-08 12:55:00	7.4	북	352	19.07	1.50	6.7	1.85	7.0	7.7	남서	231	12.9	1005.4	-	115	
2021-11-08 13:00:00	4.9	북북동	22	19.05	1.47	7.2	1.88	6.5	8.6	남서	225	12.8	1005.2	-	108	
2021-11-08 13:05:00	7.3	북북동	11	19.04	1.44	7.3	1.81	7.0	8.3	남서	234	12.7	1004.9	-	96	
2021-11-08 13:10:00	9.4	북북동	29	19.06	1.55	7.0	2.11	7.0	9.4	남서	234	12.6	1004.6	-	123	
2021-11-08 13:15:00	5.6	동북동	74	19.04	1.50	7.3	1.92	7.0	8.9	서남서	237	12.3	1004.2	-	113	
2021-11-08 13:20:00	6.6	북북동	19	19.03	1.55	7.3	2.30	7.5	8.2	남서	235	12.1	1004.2	-	115	
2021-11-08 13:25:00	3.5	북동	47	19.04	1.37	7.3	2.23	7.0	10.2	서남서	238	12.0	1004.4	-	110	
2021-11-08 13:30:00	6.4	북북동	18	19.04	1.12	6.8	1.75	6.0	9.9	남서	236	12.0	1004.8	-	118	
2021-11-08 13:35:00	6.0	동북동	57	19.03	1.46	7.2	2.14	6.5	9.1	남서	234	12.2	1005.2	-	117	
2021-11-08 13:40:00	6.6	동북동	57	19.03	1.76	7.3	2.24	8.0	9.6	남서	230	12.1	1005.3	-	123	
2021-11-08 13:45:00	8.1	북동	51	19.01	1.48	7.0	1.73	7.5	9.3	남서	228	12.0	1005.1	-	115	
2021-11-08 13:50:00	8.3	북동	40	19.01	1.73	7.3	2.25	7.5	9.4	남서	217	12.0	1004.9	-	111	
2021-11-08 13:55:00	6.4	동북동	68	19.02	1.74	7.0	2.36	7.5	8.9	남남서	212	12.0	1004.9	-	118	
2021-11-08 14:00:00	7.4	북동	37	19.01	1.24	7.2	1.54	6.5	10.0	남남서	210	12.1	1004.8	-	114	
2021-11-08 14:05:00	7.0	북북동	31	19.00	1.49	7.3	2.10	7.5	9.0	남남서	204	12.1	1004.7	-	118	
2021-11-08 14:10:00	3.0	동	95	19.00	1.63	7.6	1.90	7.0	10.1	남남서	204	12.2	1004.7	-	113	
2021-11-08 14:15:00	4.1	북북동	27	19.00	1.46	7.3	2.14	7.5	10.3	남남서	211	12.4	1004.9	-	119	
2021-11-08 14:20:00	-	-	-	-	0.00	0.0	0.00	0.0	-	-	-	-	1004.9	-	0	
2021-11-08 14:25:00	3.3	동북동	74	19.02	1.13	7.3	1.87	8.0	10.8	남서	215	12.5	1005.0	-	115	
2021-11-08 14:30:00	2.2	북동	41	19.01	1.38	7.5	1.89	7.5	11.6	남서	220	12.7	1005.2	-	120	
2021-11-08 14:35:00	3.8	북동	36	19.01	1.17	7.5	1.53	6.5	10.4	남서	214	12.7	1005.6	-	114	
2021-11-08 14:40:00	3.2	동남동	102	18.98	1.18	7.4	1.44	8.0	11.8	남서	226	12.2	1005.6	-	115	
2021-11-08 14:45:00	3.0	북동	56	18.99	1.35	7.6	1.85	7.5	10.5	남서	225	12.1	1005.6	-	106	
2021-11-08 14:50:00	6.7	동	91	18.98	0.86	6.7	1.13	7.0	10.6	남서	235	12.0	1005.8	-	123	
2021-11-08 14:55:00	5.0	동북동	69	18.98	0.84	7.3	1.19	6.5	9.9	남서	232	11.9	1006.0	-	96	
2021-11-08 15:00:00	2.0	동	80	18.98	1.24	7.3	1.53	8.0	10.8	남서	228	12.2	1005.9	-	105	
2021-11-08 15:05:00	6.0	동	84	18.97	1.15	7.8	1.57	7.5	9.8	남서	226	12.1	1006.1	-	130	
2021-11-08 15:10:00	5.2	동남동	112	18.98	1.15	7.7	1.74	7.5	8.9	남서	230	11.9	1006.2	-	114	
2021-11-08 15:15:00	6.0	동남동	108	18.98	0.86	7.1	1.28	7.5	10.0	남서	229	12.1	1006.3	-	122	
2021-11-08 15:20:00	6.9	동남동	118	18.96	0.97	7.3	1.15	7.5	9.5	남서	229	12.2	1006.3	-	114	
2021-11-08 15:25:00	10.0	동남동	108	18.95	1.09	7.6	1.48	7.5	10.2	남서	234	12.3	1006.4	-	115	
2021-11-08 15:30:00	10.9	동남동	121	18.97	1.14	8.0	1.56	8.0	11.7	서남서	238	12.2	1006.5	-	106	
2021-11-08 15:35:00	12.6	동남동	102	18.95	1.18	7.4	1.50	7.0	11.2	남서	236	12.4	1006.6	-	128	
2021-11-08 15:40:00	13.5	남동	129	18.96	1.01	7.5	1.31	7.5	11.7	남서	236	12.4	1006.4	-	121	
2021-11-08 15:45:00	14.9	남동	126	18.95	0.97	7.4	1.34	7.5	12.5	남서	236	12.4	1006.4	-	84	
2021-11-08 15:50:00	15.9	동남동	118	18.94	1.32	7.6	1.75	7.0	12.0	서남서	238	12.5	1006.5	-	118	
2021-11-08 15:55:00	14.3	동남동	115	18.94	1.11	7.5	1.37	7.0	10.7	남서	236	12.5	1006.8	-	109	
2021-11-08 16:00:00	18.1	동남동	113	18.91	1.18	7.7	1.41	8.0	10.8	남서	234	12.4	1007.0	-	93	
2021-11-08 16:05:00	22.3	동남동	115	18.91	1.30	7.7	1.63	7.5	10.5	남서	234	12.4	1006.9	-	122	
2021-11-08 16:10:00	21.9	동남동	119	18.91	1.01	7.3	1.29	7.0	11.4	남서	235	12.3	1006.9	-	120	
2021-11-08 16:15:00	22.0	남동	127	18.91	0.83	7.3	1.13	7.5	10.8	남서	234	12.1	1006.9	-	97	
2021-11-08 16:20:00	24.3	동남동	116	18.90	0.85	7.6	1.04	7.0	12.1	서남서	238	11.9	1006.8	-	113	
2021-11-08 16:25:00	23.5	동남동	109	18.91	0.95	8.2	1.07	8.0	13.3	서남서	237	11.8	1006.9	-	107	
2021-11-08 16:30:00	25.5	동남동	114	18.90	1.24	8.0	1.66	8.0	13.6	서남서	238	11.3	1006.8	-	110	
2021-11-08 16:35:00	25.7	동남동	117	18.89	0.85	7.4	1.16	7.0	13.4	서남서	239	11.3	1006.9	-	113	
2021-11-08 16:40:00	29.9	동남동	116	18.89	0.92	7.4	1.16	8.0	12.0	서남서	243	11.4	1007.1	-	115	
2021-11-08 16:45:00	26.0	동남동	115	18.90	1.14	7.7	1.67	7.0	10.2	서남서	242	11.4	1007.3	-	98	
2021-11-08 16:50:00	29.1	동남동	109	18.93	0.93	7.5	1.23	7.5	12.9	서남서	242	11.2	1007.1	-	95	
2021-11-08 16:55:00	30.7	동남동	119	18.93	0.94	7.5	1.27	6.5	12.7	남서	235	11.1	1007.1	-	121	
2021-11-08 17:00:00	30.2	동남동	115	18.91	0.71	7.3	1.21	7.0	12.1	서남서	239	11.0	1007.1	-	92	
2021-11-08 17:05:00	33.2	동남동	114	18.90	0.92	7.0	1.25	7.0	14.6	남서	235	10.9	1006.8	-	126	
2021-11-08 17:10:00	33.3	동남동	120	18.90	1.00	7.4	1.44	7.0	14.3	서남서	240	11.0	1006.5	-	94	
2021-11-08 17:15:00	31.8	동남동	117	18.89	0.89	7.2	1.44	7.0	17.3	남서	232	10.9	1006.1	-	100	
2021-11-08 17:20:00	42.7	동남동	111	18.85	1.36	7.9	1.90	8.5	16.1	남서	229	10.9	1006.3	-	104	
2021-11-08 17:25:00	35.8	동남동	115	18.79	1.32	7.6	1.55	7.5	15.0	남서	223	11.0	1006.3	-	106	
2021-11-08 17:30:00	38.9	동남동	112	18.74	1.29	7.4	1.93	7.5	13.3	남서	234	10.9	1006.6	-	106	
2021-11-08 17:35:00	38.3	동남동	118	18.74	1.27	7.7	1.61	6.5	10.1	남서	233	10.8	1006.9	-	120	
2021-11-08 17:40:00	37.1	남동	124	18.77	1.13	7.3	1.35	7.0	8.4	서남서	241	10.7	1007.2	-	100	
2021-11-08 17:45:00	37.2	남동	128	18.78	0.93	7.3	1.24	7.0	7.3	서남서	248	10.8	1007.4	-	98	
2021-11-08 17:50:00	39.2	남동	128	18.77	1.02	7.4	1.29	7.5	9.9	서남서	247	10.7	1007.4	-	112	
2021-11-08 17:55:00	39.5	남동	130	18.76	0.87	7.9	1.20	7.5	8.4	서남서	248	10.9	1007.6	-	119	
2021-11-08 18:00:00	40.7	남동	131	18.74	1.21	7.7	1.60	7.5	11.0	서남서	238	10.8	1007.3	-	117	
2021-11-08 18:05:00	41.7	남동	136	18.75	1.01	7.5	1.33	7.5	11.8	서남서	243	10.9	1007.1	-	107	
2021-11-08 18:10:00	39.6	남동	136	18.76	0.91	7.5	1.67	7.5	13.7	서남서	239	10.9	1006.8	-	101	
2021-11-08 18:15:00	39.6	남동	131	18.72	1.14	7.6	1.31	8.5	14.2	남서	231	10.9	1006.8	-	110	
2021-11-08 18:20:00	40.7	남동	137	18.70	1.13	7.6	1.41	8.0	15.2	서남서	237	10.9	1006.6	-	109	
2021-11-08 18:25:00	43.2	남동	132	18.69	1.19	7.8	1.72	8.0	14.0	남서	235	11.2	1006.6	-	103	
2021-11-08 18:30:00	41.4	남동	135	18.66	1.11	7.3	1.62	6.0	13.0	서남서	241	11.0	1006.8	-	109	
2021-11-08 18:35:00	45.4	남동	133	18.63	1.16	7.6	1.59	6.0	11.3	남서	236	10.9	1007.0	-	113	
2021-11-08 18:40:00	42.7	남동	131	18.61	1.16	7.7	1.48	7.0	12.1	남서	236	11.0	1007.0	-	97	
2021-11-08 18:45:00	44.7	남동	136	18.59	1.01	7.3	1.54	7.0	12.3	남서	234	10.9	1007.1	-	93	
2021-11-08 18:50:00	45.4	남동	135	18.57	1.19	7.5	1.51	8.0	14.5	남서	235	10.9	1006.9	-	121	
2021-11-08 18:55:00	43.8	남동	136	18.55	1.00	7.6	1.28	7.5	12.9	남서	236	11.0	1007.0	-	110	
2021-11-08 19:00:00	46.9	남동	141	18.55	1.15	7.6	1.36	7.5	13.1	남서	236	10.9	1007.0	-	123	
2021-11-08 19:05:00	46.8	남동	139	18.52	1.21	7.9	1.59	8.0	12.3	서남서	239	11.0	1007.0	-	108	
2021-11-08 19:10:00	45.6	남동	140	18.51	1.07	7.2	1.58	7.5	11.7	서남서	242	10.8	1007.1	-	105	
2021-11-08 19:15:00	49.8	남동	136	18.47	1.21	7.6	1.69	8.0	11.4	서남서	242	10.9	1007.3	-	112	
2021-11-08 19:20:00	46.9	남동	142	18.50	0.94	7.5	1.16	7.0	11.4	서남서	241	11.0	1007.2	-	109	
2021-11-08 19:25:00	48.3	남남동	147	18.53	1.04	7.7	1.34	7.5	13.3	서남서	246	10.8	1007.1	-	107	
2021-11-08 19:30:00	47.1	남남동	147	18.55	0.86	7.0	1.07	6.0	11.1	서남서	240	10.8	1007.2	-	102	
2021-11-08 19:35:00	46.2	남동	146	18.60	0.98	7.7	1.36	7.5	12.7	서남서	242	10.8	1007.1	-	110	
2021-11-08 19:40:00	46.9	남남동	149	18.62	1.20	7.6	1.60	7.0	11.4	남서	236	10.7	1007.2	-	112	
2021-11-08 19:45:00	44.3	남남동	150	18.66	0.96	7.6	1.32	7.5	11.2	서남서	239	10.7	1007.2	-	116	
2021-11-08 19:50:00	47.4	남남동	150	18.63	0.93	7.3	1.25	8.5	10.5	서남서	246	10.7	1007.4	-	111	
2021-11-08 19:55:00	49.7	남남동	152	18.59	1.04	7.4	1.21	7.5	8.8	서남서	248	10.6	1007.5	-	129	
2021-11-08 20:00:00	49.4	남남동	157	18.58	0.85	7.0	1.15	7.5	7.9	서남서	242	10.5	1007.6	-	122	
2021-11-08 20:05:00	49.7	남남동	152	18.58	1.13	7.4	1.50	7.0	8.4	서남서	246	10.5	1007.7	-	107	
2021-11-08 20:10:00	50.1	남남동	158	18.58	0.81	7.4	0.97	7.0	6.8	서남서	240	10.4	1007.8	-	101	
2021-11-08 20:15:00	48.5	남남동	157	18.57	0.83	7.6	1.04	8.0	6.1	남서	233	10.3	1007.9	-	100	
2021-11-08 20:20:00	49.7	남남동	157	18.57	0.85	7.5	1.16	7.5	6.4	서남서	239	10.5	1007.9	-	110	
2021-11-08 20:25:00	49.7	남남동	157	18.61	0.87	7.5	1.13	8.0	6.8	남서	232	10.4	1007.8	-	106	
2021-11-08 20:30:00	48.8	남남동	156	18.77	0.76	7.6	1.01	8.0	7.6	남서	230	10.4	1007.8	-	93	
2021-11-08 20:35:00	48.0	남남동	157	19.11	0.84	7.4	1.01	8.0	5.3	서남서	239	10.4	1008.0	-	108	
2021-11-08 20:40:00	47.6	남남동	155	19.22	0.89	7.6	1.21	8.5	6.6	남서	235	10.5	1008.1	-	103	
2021-11-08 20:45:00	48.5	남남동	151	19.21	0.94	7.4	1.37	7.5	7.2	서남서	244	10.5	1008.2	-	104	
2021-11-08 20:50:00	49.8	남남동	151	19.26	0.88	7.4	1.14	7.5	7.5	서남서	250	10.4	1008.3	-	96	
2021-11-08 20:55:00	49.7	남남동	155	19.25	0.80	7.3	1.00	6.5	7.8	서남서	242	10.4	1008.4	-	100	
2021-11-08 21:00:00	49.2	남남동	156	19.25	0.86	7.8	1.10	8.5	6.4	남서	232	10.2	1008.5	-	106	
2021-11-08 21:05:00	50.3	남남동	159	19.28	0.84	7.6	1.26	7.0	5.5	서남서	254	10.3	1008.6	-	98	
2021-11-08 21:10:00	49.2	남남동	159	19.25	0.77	7.8	1.04	7.0	4.3	남서	228	10.2	1008.6	-	97	
2021-11-08 21:15:00	48.7	남남동	159	19.19	0.70	7.2	0.89	6.0	5.6	남서	226	10.0	1008.6	-	92	
2021-11-08 21:20:00	51.5	남남동	157	19.13	0.85	7.3	1.16	7.5	5.3	서남서	255	10.1	1008.6	-	104	
2021-11-08 21:25:00	48.9	남남동	162	19.06	0.63	7.0	0.84	8.0	4.2	남서	221	10.0	1008.8	-	87	
2021-11-08 21:30:00	47.1	남남동	160	19.10	0.82	7.6	1.07	7.0	5.3	서남서	242	9.9	1008.9	-	98	
2021-11-08 21:35:00	51.0	남남동	160	19.05	0.80	7.1	1.28	7.5	3.5	남서	234	10.0	1009.0	-	101	
2021-11-08 21:40:00	48.0	남남동	163	19.08	0.70	7.0	0.91	6.5	2.6	서남서	252	9.8	1009.1	-	80	
2021-11-08 21:45:00	47.3	남남동	162	19.04	0.85	7.0	1.26	7.0	6.5	서남서	252	10.1	1009.0	-	84	
2021-11-08 21:50:00	49.7	남남동	161	19.01	0.61	7.3	0.84	7.5	5.6	서남서	249	10.1	1009.1	-	85	
2021-11-08 21:55:00	46.1	남남동	158	19.00	0.85	8.0	1.31	6.5	9.3	서남서	246	10.2	1009.0	-	109	
2021-11-08 22:00:00	46.4	남남동	156	18.97	0.66	6.8	1.00	7.5	9.5	서남서	242	10.2	1009.0	-	90	
2021-11-08 22:05:00	48.7	남남동	155	18.96	0.80	7.4	0.92	7.0	10.8	서남서	252	10.2	1008.9	-	90	
2021-11-08 22:10:00	48.2	남남동	156	19.01	0.77	7.8	0.99	9.0	7.7	서남서	254	9.9	1009.0	-	103	
2021-11-08 22:15:00	46.6	남남동	154	19.02	0.78	7.5	1.22	6.5	9.1	서남서	253	10.0	1009.1	-	106	
2021-11-08 22:20:00	42.2	남남동	154	19.24	0.73	6.4	1.23	7.0	9.6	서남서	246	10.1	1009.2	-	105	
2021-11-08 22:25:00	45.2	남남동	152	19.44	0.66	7.5	0.85	7.0	7.6	서남서	250	10.0	1009.3	-	107	
2021-11-08 22:30:00	46.0	남남동	154	19.55	0.88	7.3	1.35	7.0	7.9	서남서	253	10.1	1009.3	-	102	
2021-11-08 22:35:00	43.1	남남동	158	19.59	0.68	7.0	0.85	8.0	5.4	서	267	9.7	1009.5	-	68	
2021-11-08 22:40:00	43.5	남남동	158	19.65	0.86	6.9	1.30	6.5	4.5	서	264	9.6	1009.5	-	105	
2021-11-08 22:45:00	41.8	남남동	162	19.67	0.74	7.6	0.96	8.0	4.0	서	272	9.6	1009.7	-	91	
2021-11-08 22:50:00	42.5	남남동	164	19.70	0.80	7.1	0.93	7.0	4.4	서북서	284	9.7	1009.7	-	98	
2021-11-08 22:55:00	40.4	남남동	159	19.71	0.71	6.5	1.04	6.0	5.8	서	261	9.8	1009.7	-	97	
2021-11-08 23:00:00	40.4	남남동	159	19.72	0.66	7.3	0.93	7.5	6.6	서	270	9.8	1009.8	-	86	
2021-11-08 23:05:00	38.5	남남동	163	19.69	0.62	6.9	0.67	7.5	8.8	남서	234	9.8	1009.7	-	71	
2021-11-08 23:10:00	38.2	남남동	160	19.61	0.84	7.1	1.11	7.0	5.5	서	271	9.7	1009.9	-	82	
2021-11-08 23:15:00	38.2	남남동	163	19.58	0.72	6.9	1.03	6.5	8.2	서남서	238	9.7	1009.7	-	93	
2021-11-08 23:20:00	35.8	남남동	153	19.60	0.71	6.8	1.00	7.5	7.6	서남서	237	9.6	1010.0	-	89	
2021-11-08 23:25:00	38.1	남남동	164	19.61	0.86	7.4	1.27	7.5	4.6	남남서	207	9.2	1009.9	-	71	
2021-11-08 23:30:00	36.9	남남동	157	19.61	0.71	6.8	1.10	7.5	5.6	서남서	255	9.2	1009.9	-	99	
2021-11-08 23:35:00	35.0	남남동	160	19.61	0.70	7.2	0.89	7.5	5.3	서	259	9.3	1009.9	-	83	
2021-11-08 23:40:00	33.0	남남동	159	19.60	0.70	7.1	0.93	7.5	7.0	서남서	251	9.4	1009.8	-	89	
2021-11-08 23:45:00	35.7	남남동	154	19.60	0.68	6.8	0.87	6.5	5.6	서	262	9.5	1009.9	-	67	
2021-11-08 23:50:00	34.7	남남동	155	19.63	0.69	6.9	1.35	6.5	6.1	서남서	250	9.4	1009.9	-	68	
2021-11-08 23:55:00	32.3	남남동	153	19.62	0.57	6.6	0.70	6.0	6.7	서남서	239	9.4	1009.9	-	73	
2021-11-09 00:00:00	32.2	남남동	160	19.64	0.64	7.5	0.87	7.0	5.8	남서	220	9.4	1009.9	-	102	
2021-11-09 00:05:00	34.3	남남동	153	19.66	0.64	6.7	0.79	6.5	5.9	남서	233	9.1	1010.0	-	108	
2021-11-09 00:10:00	33.6	남남동	154	19.68	0.70	7.4	1.15	8.0	4.3	남남서	204	9.0	1010.1	-	81	
2021-11-09 00:15:00	33.7	남남동	153	19.71	0.59	6.3	0.69	5.5	5.0	남남서	202	9.0	1010.0	-	86	
2021-11-09 00:20:00	33.4	남남동	152	19.71	0.71	7.5	0.93	7.0	3.9	남서	228	9.2	1010.1	-	57	
2021-11-09 00:25:00	32.0	남남동	151	19.73	0.63	7.0	1.08	6.5	4.3	남서	229	8.8	1010.1	-	76	
2021-11-09 00:30:00	32.0	남남동	154	19.75	0.66	7.3	0.87	6.0	2.7	남서	230	8.9	1010.1	-	98	
2021-11-09 00:35:00	32.9	남남동	155	19.76	0.63	7.2	0.87	8.0	2.8	서남서	238	8.9	1010.0	-	62	
2021-11-09 00:40:00	32.7	남남동	159	19.78	0.65	7.8	0.83	8.0	4.8	남서	214	8.9	1009.9	-	99	
2021-11-09 00:45:00	33.7	남남동	154	19.80	0.62	7.1	0.86	7.5	3.5	남남서	210	9.0	1010.0	-	90	
2021-11-09 00:50:00	33.3	남남동	152	19.80	0.55	7.5	0.79	7.5	3.5	남서	214	8.8	1009.9	-	67	
2021-11-09 00:55:00	33.0	남남동	150	19.79	0.52	6.6	0.73	6.5	3.6	남서	231	8.6	1010.0	-	74	
2021-11-09 01:00:00	33.3	남남동	155	19.80	0.63	7.4	0.75	6.5	4.4	남서	228	8.5	1009.9	-	63	
2021-11-09 01:05:00	33.3	남남동	153	19.81	0.65	6.9	0.93	7.0	5.9	남서	229	8.8	1009.8	-	92	
2021-11-09 01:10:00	35.6	남남동	157	19.81	0.56	7.7	0.74	6.5	4.9	남서	232	8.9	1009.9	-	98	
2021-11-09 01:15:00	34.1	남남동	152	19.82	0.56	7.6	0.74	6.5	4.6	남서	234	9.0	1010.0	-	96	
2021-11-09 01:20:00	32.0	남남동	155	19.86	0.62	7.1	0.72	9.0	5.3	남서	231	9.1	1010.0	-	94	
2021-11-09 01:25:00	31.3	남남동	158	19.87	0.52	6.2	0.81	7.5	4.2	서남서	255	8.8	1010.2	-	86	
2021-11-09 01:30:00	31.2	남남동	155	19.87	0.64	7.7	0.79	7.5	3.2	서남서	246	8.6	1010.2	-	76	
2021-11-09 01:35:00	33.8	남남동	159	19.86	0.51	6.7	0.73	7.0	2.7	서	270	8.6	1010.2	-	88	
2021-11-09 01:40:00	34.2	남남동	156	19.85	0.52	7.2	0.66	7.5	1.5	서	271	8.5	1010.2	-	68	
2021-11-09 01:45:00	32.1	남남동	158	19.84	0.54	7.2	0.88	7.5	1.5	남남서	212	8.5	1010.2	-	88	
2021-11-09 01:50:00	29.9	남남동	151	19.84	0.55	7.3	0.65	7.0	2.1	남남서	213	8.6	1010.2	-	84	
2021-11-09 01:55:00	30.9	남남동	159	19.82	0.70	7.6	0.89	7.0	2.9	남	184	8.6	1010.1	-	82	
2021-11-09 02:00:00	30.1	남남동	156	19.86	0.49	6.6	0.83	7.0	2.9	남남서	206	8.6	1010.2	-	59	
2021-11-09 02:05:00	30.9	남남동	155	19.89	0.69	7.5	1.22	7.0	2.5	서남서	246	8.7	1010.2	-	69	
2021-11-09 02:10:00	30.4	남남동	155	19.89	0.61	7.2	0.85	6.5	2.9	서남서	246	8.8	1010.2	-	96	
2021-11-09 02:15:00	30.3	남남동	156	19.88	0.55	6.9	0.78	6.0	2.8	서	259	8.9	1010.2	-	89	
2021-11-09 02:20:00	29.0	남남동	156	19.87	0.67	7.7	1.02	8.5	5.0	서북서	283	8.9	1010.3	-	49	
2021-11-09 02:25:00	27.4	남남동	156	19.87	0.57	7.7	0.69	7.5	3.1	서남서	238	8.7	1010.3	-	92	
2021-11-09 02:30:00	28.9	남남동	154	19.86	0.48	7.1	0.62	7.0	4.7	서	261	8.7	1010.3	-	48	
2021-11-09 02:35:00	29.7	남남동	153	19.85	0.51	7.6	0.71	7.0	7.1	서	259	9.0	1010.2	-	51	
2021-11-09 02:40:00	29.5	남남동	150	19.85	0.52	6.9	0.72	6.5	4.3	서	267	8.8	1010.3	-	104	
2021-11-09 02:45:00	29.8	남남동	151	19.84	0.61	7.3	0.77	7.5	3.0	서	278	8.6	1010.3	-	89	
2021-11-09 02:50:00	31.0	남남동	149	19.83	0.67	7.8	0.99	8.5	2.8	서	275	8.5	1010.3	-	76	
2021-11-09 02:55:00	31.8	남남동	150	19.84	0.67	7.7	0.75	8.0	4.0	서	262	8.6	1010.3	-	66	
2021-11-09 03:00:00	27.9	남동	145	19.83	0.54	6.6	0.83	7.5	4.6	서남서	254	8.9	1010.3	-	82	
2021-11-09 03:05:00	30.6	남남동	148	19.82	0.66	7.5	0.94	8.0	5.1	서	268	8.9	1010.4	-	92	
2021-11-09 03:10:00	30.4	남동	141	19.81	0.52	7.3	0.67	7.5	7.1	서	265	8.9	1010.4	-	64	
2021-11-09 03:15:00	29.6	남동	144	19.78	0.53	7.2	0.62	5.5	4.7	서	277	8.7	1010.5	-	66	
2021-11-09 03:20:00	28.1	남동	145	19.78	0.59	7.8	0.83	7.5	5.3	서	275	8.6	1010.5	-	68	
2021-11-09 03:25:00	27.5	남동	146	19.77	0.57	7.6	0.80	7.0	2.8	서북서	285	8.3	1010.4	-	81	
2021-11-09 03:30:00	26.4	남동	145	19.75	0.65	7.5	0.80	8.0	5.8	서남서	253	8.7	1010.2	-	72	
2021-11-09 03:35:00	26.9	남동	145	19.74	0.60	8.1	0.76	7.5	4.9	서남서	248	8.7	1010.2	-	44	
2021-11-09 03:40:00	26.7	남동	145	19.71	0.62	7.3	0.87	7.5	4.1	남서	229	8.7	1010.2	-	41	
2021-11-09 03:45:00	29.0	남남동	147	19.70	0.62	7.6	0.86	8.0	2.3	남서	226	8.3	1010.2	-	86	
2021-11-09 03:50:00	26.5	남동	143	19.72	0.61	7.7	0.86	7.0	3.5	서남서	239	8.3	1010.1	-	65	
2021-11-09 03:55:00	25.1	남동	140	19.69	0.62	7.4	0.73	7.0	3.6	서남서	243	8.4	1010.1	-	56	
2021-11-09 04:00:00	25.1	남동	143	19.69	0.51	7.2	0.79	6.5	3.4	서북서	286	8.4	1010.2	-	71	
2021-11-09 04:05:00	23.1	남동	134	19.67	0.56	7.5	0.65	8.5	3.0	서북서	285	8.2	1010.1	-	72	
2021-11-09 04:10:00	25.3	남동	146	19.67	0.65	7.3	0.85	8.5	2.8	서	265	8.0	1010.1	-	94	
2021-11-09 04:15:00	27.8	남동	146	19.65	0.63	8.2	0.90	7.5	2.3	서	264	8.2	1010.1	-	86	
2021-11-09 04:20:00	28.8	남남동	147	19.64	0.56	7.7	0.78	9.0	3.8	서	268	8.3	1010.1	-	81	
2021-11-09 04:25:00	27.1	남동	143	19.62	0.62	7.2	0.91	8.0	2.8	남서	236	8.2	1010.1	-	81	
2021-11-09 04:30:00	24.9	남동	142	19.63	0.60	7.7	0.72	7.5	1.8	서	264	8.2	1010.1	-	60	
2021-11-09 04:35:00	30.7	남동	145	19.63	0.68	7.5	0.93	8.0	1.6	서북서	292	8.2	1010.1	-	83	
2021-11-09 04:40:00	31.4	남동	142	19.61	0.55	7.8	0.72	8.0	2.6	서북서	296	8.2	1010.0	-	72	
2021-11-09 04:45:00	31.4	남동	146	19.61	0.51	7.5	0.71	7.5	2.6	서북서	292	8.2	1010.1	-	102	
2021-11-09 04:50:00	33.2	남동	146	19.60	0.50	7.3	0.76	6.5	2.4	서	280	8.0	1010.1	-	42	
2021-11-09 04:55:00	33.2	남남동	147	19.59	0.63	7.9	0.95	7.5	2.5	서북서	287	8.1	1010.1	-	22	
2021-11-09 05:00:00	36.0	남동	145	19.59	0.74	7.8	0.93	7.5	3.8	서	277	8.3	1009.9	-	75	
2021-11-09 05:05:00	34.9	남동	144	19.60	0.55	7.3	0.84	7.0	3.3	서북서	295	8.1	1009.8	-	96	
2021-11-09 05:10:00	37.5	남동	144	19.58	0.56	7.2	0.73	6.5	3.3	서	265	8.3	1009.8	-	65	
2021-11-09 05:15:00	35.6	남동	142	19.55	0.55	7.6	0.74	8.5	4.7	서남서	257	8.4	1009.8	-	73	
2021-11-09 05:20:00	34.6	남동	143	19.54	0.56	7.2	0.65	8.0	3.8	서	269	8.6	1009.8	-	113	
2021-11-09 05:25:00	27.5	남동	140	19.52	0.63	7.7	0.89	7.5	4.0	서남서	252	8.4	1009.9	-	72	
2021-11-09 05:30:00	33.0	남동	142	19.52	0.66	7.7	0.95	7.5	3.8	서남서	257	8.2	1009.8	-	59	
2021-11-09 05:35:00	32.3	남동	141	19.51	0.56	7.0	0.73	7.5	4.4	서	261	8.5	1009.7	-	114	
2021-11-09 05:40:00	30.9	남동	140	19.49	0.52	7.5	0.91	8.5	4.0	서남서	257	8.5	1009.7	-	67	
2021-11-09 05:45:00	25.6	남동	140	19.49	0.51	7.1	0.74	6.0	6.4	서남서	239	8.5	1009.6	-	79	
2021-11-09 05:50:00	24.4	남동	139	19.48	0.53	7.6	0.69	8.0	5.9	서남서	245	8.6	1009.6	-	69	
2021-11-09 05:55:00	26.9	남동	140	19.46	0.58	8.3	0.73	8.5	4.9	남서	233	8.3	1009.6	-	24	
2021-11-09 06:00:00	24.8	남동	143	19.46	0.55	6.9	0.74	7.0	5.3	남서	235	8.3	1009.6	-	47	
2021-11-09 06:05:00	23.6	남동	142	19.45	0.57	7.3	0.95	7.0	5.2	남서	235	8.3	1009.5	-	73	
2021-11-09 06:10:00	23.7	남동	139	19.43	0.55	6.9	0.73	8.5	5.7	서남서	241	8.1	1009.5	-	62	
2021-11-09 06:15:00	24.2	남동	142	19.42	0.51	7.1	0.64	8.0	4.7	서남서	250	8.2	1009.5	-	114	
2021-11-09 06:20:00	25.0	남동	144	19.41	0.49	7.1	0.60	7.5	3.6	남서	222	7.8	1009.5	-	71	
2021-11-09 06:25:00	25.4	남동	140	19.40	0.55	7.1	0.88	7.0	3.0	남서	222	7.6	1009.5	-	90	
2021-11-09 06:30:00	23.0	남동	139	19.39	0.51	7.3	0.63	6.5	3.0	남남서	203	7.7	1009.4	-	49	
2021-11-09 06:35:00	24.5	남동	139	19.39	0.58	7.9	0.74	8.0	2.4	남	177	7.6	1009.3	-	70	
2021-11-09 06:40:00	24.1	남동	141	19.39	0.43	6.8	0.57	6.5	2.9	남	186	7.9	1009.2	-	83	
2021-11-09 06:45:00	24.8	남동	142	19.37	0.54	7.3	0.76	7.0	3.2	남서	226	8.0	1009.2	-	88	
2021-11-09 06:50:00	24.2	남동	142	19.38	0.45	7.3	0.59	9.0	2.7	남남서	201	8.1	1009.2	-	93	
2021-11-09 06:55:00	22.6	남동	136	19.38	0.52	7.7	0.66	8.0	3.5	남	190	8.1	1009.2	-	53	
2021-11-09 07:00:00	21.7	남동	140	19.38	0.56	7.5	0.79	7.0	3.9	남남서	194	8.0	1009.2	-	67	
2021-11-09 07:05:00	22.8	남동	135	19.37	0.50	7.6	0.81	7.5	2.8	남	182	7.9	1009.3	-	87	
2021-11-09 07:10:00	23.3	남동	141	19.35	0.49	7.0	0.75	6.5	3.8	남	176	8.0	1009.2	-	62	
2021-11-09 07:15:00	22.4	남동	143	19.36	0.48	7.4	0.63	7.5	3.5	남	182	8.0	1009.3	-	39	
2021-11-09 07:20:00	24.6	남동	141	19.34	0.48	7.1	0.77	6.5	3.3	남	177	8.0	1009.4	-	80	
2021-11-09 07:25:00	26.2	남동	144	19.34	0.39	6.9	0.51	6.0	2.6	남남서	207	8.0	1009.4	-	57	
2021-11-09 07:30:00	27.3	남동	140	19.35	0.51	6.8	0.71	7.5	3.1	남남서	212	8.1	1009.5	-	66	
2021-11-09 07:35:00	22.5	남동	142	19.35	0.46	7.4	0.65	8.5	2.9	남	183	8.1	1009.6	-	115	
2021-11-09 07:40:00	26.5	남동	141	19.33	0.57	7.6	0.81	8.5	2.0	남남동	157	8.1	1009.6	-	45	
2021-11-09 07:45:00	25.8	남남동	147	19.32	0.51	7.8	0.72	8.5	1.1	남동	144	8.6	1009.6	-	54	
2021-11-09 07:50:00	25.7	남동	145	19.34	0.43	7.3	0.54	6.5	2.0	남남서	195	8.6	1009.5	-	104	
2021-11-09 07:55:00	25.4	남동	139	19.32	0.54	7.2	0.66	7.0	1.8	남남서	198	8.0	1009.6	-	85	
2021-11-09 08:00:00	25.5	남동	142	19.31	0.45	6.5	0.58	6.0	2.0	남남동	168	8.1	1009.5	-	82	
2021-11-09 08:05:00	26.2	남남동	146	19.30	0.55	7.7	0.83	8.0	2.4	남서	217	8.1	1009.6	-	70	
2021-11-09 08:10:00	23.1	남남동	148	19.30	0.51	7.7	0.69	8.0	4.6	남서	220	8.2	1009.6	-	64	
2021-11-09 08:15:00	22.4	남동	142	19.25	0.45	7.4	0.67	6.5	4.7	남남서	212	8.2	1009.6	-	73	
2021-11-09 08:20:00	23.5	남동	141	19.25	0.44	7.4	0.60	7.5	4.9	남서	214	8.3	1009.5	-	34	
2021-11-09 08:25:00	23.9	남동	145	19.26	0.52	7.0	0.60	5.5	3.9	남남서	211	8.3	1009.6	-	63	
2021-11-09 08:30:00	22.0	남동	142	19.23	0.42	6.8	0.57	7.5	4.9	남서	218	8.3	1009.6	-	58	
2021-11-09 08:35:00	21.7	남동	139	19.24	0.44	7.1	0.60	8.0	4.0	남서	230	8.2	1009.7	-	56	
2021-11-09 08:40:00	24.2	남동	146	19.23	0.40	6.8	0.51	7.5	3.1	남서	231	8.2	1009.7	-	111	
2021-11-09 08:45:00	30.7	남남동	150	19.13	0.46	7.5	0.61	7.5	3.2	남서	235	8.3	1009.7	-	58	
2021-11-09 08:50:00	27.9	남남동	153	19.15	0.49	7.4	0.58	8.0	4.1	남서	219	8.6	1009.7	-	58	
2021-11-09 08:55:00	28.8	남남동	148	19.09	0.45	7.0	0.56	6.5	5.6	남서	217	8.5	1009.7	-	63	
2021-11-09 09:00:00	28.7	남남동	147	19.09	0.47	7.7	0.73	7.0	4.8	남서	217	8.5	1009.7	-	43	
2021-11-09 09:05:00	28.3	남남동	149	19.09	0.47	7.4	0.53	8.5	3.9	남서	221	8.7	1009.8	-	74	
2021-11-09 09:10:00	29.4	남동	146	19.07	0.50	7.9	0.67	7.5	4.7	남서	214	8.7	1009.7	-	53	
2021-11-09 09:15:00	26.4	남동	140	19.09	0.46	6.7	0.60	5.5	5.9	남서	225	8.7	1009.7	-	75	
2021-11-09 09:20:00	27.9	남동	146	19.08	0.49	8.0	0.60	6.5	5.9	남서	228	8.8	1009.7	-	67	
2021-11-09 09:25:00	25.1	남동	146	19.09	0.44	7.4	0.63	7.0	5.8	남서	225	8.8	1009.7	-	70	
2021-11-09 09:30:00	26.9	남동	144	19.10	0.40	7.9	0.53	7.5	5.5	남서	216	8.9	1009.7	-	74	
2021-11-09 09:35:00	27.7	남남동	151	19.09	0.43	7.8	0.52	9.0	5.5	남서	224	8.8	1009.7	-	85	
2021-11-09 09:40:00	25.5	남남동	155	19.09	0.48	7.3	0.69	7.5	6.2	남남서	212	8.7	1009.6	-	63	
2021-11-09 09:45:00	26.5	남남동	151	19.11	0.47	7.3	0.54	7.5	5.2	남서	230	8.7	1009.6	-	71	
2021-11-09 09:50:00	23.6	남남동	147	19.09	0.45	7.5	0.57	7.0	5.9	남서	221	8.8	1009.6	-	107	
2021-11-09 09:55:00	22.9	남동	143	19.10	0.40	7.5	0.54	8.5	6.9	남남서	209	8.8	1009.6	-	80	
2021-11-09 10:00:00	21.8	남동	141	19.10	0.45	7.7	0.53	7.5	6.0	남서	214	8.8	1009.5	-	83	
2021-11-09 10:05:00	23.8	남동	145	19.10	0.47	7.8	0.73	7.5	6.2	남남서	211	9.0	1009.5	-	74	
2021-11-09 10:10:00	26.2	남남동	147	19.11	0.42	7.3	0.46	8.0	6.3	남남서	206	8.9	1009.5	-	92	
2021-11-09 10:15:00	24.2	남동	142	19.11	0.43	7.7	0.47	7.5	6.5	남서	226	9.1	1009.5	-	62	
2021-11-09 10:20:00	23.2	남동	146	19.11	0.46	7.8	0.52	8.0	6.7	남서	224	9.2	1009.6	-	57	
2021-11-09 10:25:00	22.8	남남동	148	19.12	0.44	7.0	0.80	6.0	5.7	남남서	206	8.9	1009.6	-	67	
2021-11-09 10:30:00	23.7	남동	145	19.11	0.42	7.3	0.60	8.5	6.1	남남서	213	9.1	1009.5	-	30	
2021-11-09 10:35:00	21.9	남남동	146	19.12	0.40	8.1	0.56	7.0	6.6	남서	215	8.9	1009.5	-	56	
2021-11-09 10:40:00	25.0	남남동	150	19.11	0.36	6.0	0.51	7.5	5.2	남남서	208	8.9	1009.5	-	121	
2021-11-09 10:45:00	25.5	남남동	147	19.09	0.42	7.7	0.55	7.5	6.2	남남서	212	8.8	1009.5	-	61	
2021-11-09 10:50:00	22.8	남동	146	19.06	0.33	6.9	0.39	5.0	5.9	남남서	213	8.7	1009.4	-	88	
2021-11-09 10:55:00	23.4	남남동	149	19.06	0.44	7.3	0.64	7.0	5.6	남남서	210	8.7	1009.4	-	89	
2021-11-09 11:00:00	26.3	남동	146	19.05	0.39	7.1	0.56	7.0	5.8	남서	220	8.8	1009.3	-	83	
2021-11-09 11:05:00	25.3	남동	139	19.02	0.56	7.5	0.76	7.5	5.7	남서	214	8.9	1009.3	-	53	
2021-11-09 11:10:00	27.6	남남동	148	19.02	0.45	7.6	0.54	6.5	6.5	남남서	211	8.8	1009.2	-	72	
2021-11-09 11:15:00	28.7	남남동	148	19.00	0.43	7.3	0.64	8.0	6.0	남남서	210	8.8	1009.2	-	41	
2021-11-09 11:20:00	25.3	남동	144	18.99	0.39	7.1	0.57	6.5	6.4	남남서	210	8.9	1009.0	-	86	
2021-11-09 11:25:00	23.3	남동	142	18.99	0.44	7.1	0.57	6.5	6.2	남남서	210	8.9	1008.9	-	90	
2021-11-09 11:30:00	24.4	남남동	146	19.02	0.40	7.1	0.61	7.5	5.8	남서	214	8.9	1008.8	-	65	
2021-11-09 11:35:00	25.7	남남동	149	19.00	0.36	6.6	0.50	7.0	5.8	남서	221	9.0	1008.7	-	84	
2021-11-09 11:40:00	25.5	남남동	150	19.00	0.43	7.2	0.59	7.5	7.0	남서	215	9.1	1008.7	-	97	
2021-11-09 11:45:00	25.4	남동	144	19.00	0.45	7.2	0.64	6.0	6.7	남남서	213	9.0	1008.6	-	92	
2021-11-09 11:50:00	27.7	남남동	148	19.00	0.40	7.1	0.56	7.0	6.8	남서	220	9.2	1008.5	-	62	
2021-11-09 11:55:00	23.9	남동	141	18.99	0.44	7.5	0.57	8.0	7.0	남서	217	9.1	1008.5	-	55	
2021-11-09 12:00:00	26.5	남남동	147	19.00	0.41	6.9	0.61	7.0	6.3	남서	234	9.0	1008.4	-	59	
2021-11-09 12:05:00	23.5	남동	139	18.98	0.37	6.9	0.53	7.0	7.1	서남서	237	9.1	1008.3	-	77	
2021-11-09 12:10:00	28.2	남동	142	19.01	0.37	6.5	0.48	6.0	7.1	남서	236	9.0	1008.2	-	70	
2021-11-09 12:15:00	26.5	남동	143	19.00	0.43	6.8	0.63	7.0	6.6	남서	233	9.3	1008.1	-	31	
2021-11-09 12:20:00	24.9	남동	144	19.02	0.43	7.0	0.73	7.0	6.9	남서	231	9.1	1008.0	-	34	
2021-11-09 12:25:00	25.4	남동	142	19.03	0.41	7.2	0.56	8.0	6.4	남서	226	9.1	1007.9	-	48	
2021-11-09 12:30:00	22.7	남남동	150	19.02	0.39	7.6	0.45	7.5	6.6	남서	222	9.3	1007.9	-	44	
2021-11-09 12:35:00	22.1	남동	145	19.03	0.36	7.1	0.50	7.0	6.3	남서	232	9.3	1007.8	-	12	
2021-11-09 12:40:00	22.3	남동	138	19.02	0.45	7.0	0.60	7.5	6.7	남서	219	9.5	1007.7	-	76	
2021-11-09 12:45:00	25.6	남동	146	19.00	0.33	7.0	0.47	6.5	6.4	남서	228	9.5	1007.6	-	77	
2021-11-09 12:50:00	22.7	남동	145	19.00	0.30	7.7	0.39	8.0	6.6	남서	236	9.1	1007.5	-	44	
2021-11-09 12:55:00	22.7	남남동	150	18.99	0.35	6.5	0.47	7.0	6.1	남서	228	9.2	1007.4	-	65	
2021-11-09 13:00:00	21.3	남남동	147	18.98	0.29	6.9	0.37	7.5	5.4	남서	225	9.3	1007.3	-	93	
2021-11-09 13:05:00	23.8	남동	143	18.95	0.38	7.5	0.63	7.5	6.4	남서	226	9.3	1007.3	-	39	
2021-11-09 13:10:00	24.4	남동	146	18.95	0.38	7.3	0.57	6.5	6.4	남서	222	9.1	1007.3	-	86	
2021-11-09 13:15:00	21.0	남동	141	18.95	0.40	7.3	0.55	8.0	6.3	남남서	209	9.1	1007.1	-	99	
2021-11-09 13:20:00	20.4	남동	138	18.94	0.32	8.5	0.38	8.5	6.3	남서	216	9.2	1007.0	-	44	
2021-11-09 13:25:00	22.3	남동	145	18.93	0.39	7.3	0.59	7.5	6.7	남남서	210	9.4	1006.9	-	25	
2021-11-09 13:30:00	22.3	남동	144	18.93	0.33	7.9	0.51	6.5	7.4	남서	220	9.6	1006.8	-	28	
2021-11-09 13:35:00	21.1	남동	136	18.93	0.34	7.4	0.44	7.0	7.5	남서	225	9.6	1006.8	-	106	
2021-11-09 13:40:00	19.2	남동	144	18.93	0.33	7.1	0.41	6.5	7.4	남남서	212	9.6	1006.7	-	45	
2021-11-09 13:45:00	22.7	남남동	151	18.91	0.33	7.4	0.47	7.5	7.1	남남서	213	9.6	1006.7	-	34	
2021-11-09 13:50:00	23.2	남남동	148	18.89	0.41	7.1	0.47	7.5	7.4	남남서	212	9.5	1006.6	-	67	
2021-11-09 13:55:00	21.0	남동	145	18.88	0.32	6.9	0.44	6.5	5.9	남서	233	9.8	1006.7	-	70	
2021-11-09 14:00:00	25.2	남남동	153	18.88	0.30	7.0	0.43	7.0	6.9	남서	223	9.9	1006.6	-	28	
2021-11-09 14:05:00	22.7	남동	139	18.87	0.33	6.4	0.48	6.0	6.3	남서	229	9.6	1006.6	-	92	
2021-11-09 14:10:00	23.0	남동	134	18.86	0.35	6.9	0.49	8.0	6.6	남서	233	9.7	1006.6	-	83	
2021-11-09 14:15:00	25.5	남동	134	18.86	0.37	6.7	0.54	6.0	7.2	남서	219	9.9	1006.4	-	70	
2021-11-09 14:20:00	24.1	남동	145	18.86	0.28	6.8	0.51	7.5	7.6	남서	230	10.2	1006.4	-	50	
2021-11-09 14:25:00	22.2	남동	135	18.85	0.31	7.6	0.43	8.5	7.2	서남서	238	10.1	1006.4	-	59	
2021-11-09 14:30:00	22.9	남동	145	18.87	0.34	6.7	0.45	6.0	7.1	서남서	237	10.0	1006.4	-	88	
2021-11-09 14:35:00	24.8	남동	145	18.87	0.33	6.9	0.50	7.0	7.2	서남서	238	9.8	1006.5	-	13	
2021-11-09 14:40:00	21.8	남동	138	18.85	0.28	7.7	0.34	7.5	7.1	남서	230	9.9	1006.4	-	102	
2021-11-09 14:45:00	21.2	남동	131	18.86	0.32	7.2	0.41	6.5	7.4	남서	226	9.6	1006.4	-	58	
2021-11-09 14:50:00	21.6	남동	129	18.85	0.28	7.1	0.39	6.5	7.3	남서	230	9.7	1006.3	-	55	
2021-11-09 14:55:00	21.1	남동	134	18.89	0.29	7.1	0.34	6.5	7.9	남서	225	9.8	1006.3	-	20	
2021-11-09 15:00:00	19.7	동남동	123	18.87	0.28	7.1	0.36	7.0	7.6	남서	227	9.6	1006.3	-	33	
2021-11-09 15:05:00	20.2	남동	128	18.88	0.29	7.3	0.41	6.5	7.9	남서	226	9.5	1006.3	-	72	
2021-11-09 15:10:00	21.9	남동	130	18.83	0.28	7.1	0.43	7.5	7.2	남서	228	9.5	1006.3	-	91	
2021-11-09 15:15:00	22.7	남동	127	18.82	0.31	7.0	0.57	6.5	6.2	남서	224	9.5	1006.4	-	68	
2021-11-09 15:20:00	21.4	남동	137	18.84	0.34	7.2	0.49	7.5	7.2	남서	227	9.6	1006.2	-	39	
2021-11-09 15:25:00	22.8	남동	131	18.82	0.29	7.1	0.37	7.0	7.7	남서	221	9.5	1006.3	-	75	
2021-11-09 15:30:00	21.7	남동	130	18.82	0.34	6.7	0.55	6.5	7.3	남서	225	9.5	1006.3	-	342	
2021-11-09 15:35:00	21.5	남동	133	18.84	0.29	6.9	0.43	7.0	7.6	남서	226	9.5	1006.3	-	67	
2021-11-09 15:40:00	21.3	남동	130	18.86	0.32	6.8	0.43	8.0	7.9	남서	231	9.5	1006.2	-	79	
2021-11-09 15:45:00	19.2	남동	138	18.87	0.38	6.9	0.61	6.5	7.6	남서	232	9.5	1006.2	-	79	
2021-11-09 15:50:00	22.4	남동	136	18.87	0.27	6.5	0.37	6.0	7.9	남서	232	9.3	1006.2	-	41	
2021-11-09 15:55:00	23.3	남동	144	18.89	0.28	6.6	0.36	5.5	7.3	남서	231	9.4	1006.4	-	58	
2021-11-09 16:00:00	21.1	남동	143	18.89	0.33	6.8	0.42	6.5	7.4	서남서	238	9.3	1006.4	-	24	
2021-11-09 16:05:00	20.1	남동	138	18.91	0.31	6.3	0.47	6.0	7.4	남서	233	9.3	1006.4	-	22	
2021-11-09 16:10:00	20.3	남동	144	18.94	0.28	6.6	0.36	7.0	6.7	서남서	237	9.4	1006.5	-	47	
2021-11-09 16:15:00	19.6	남동	137	18.93	0.30	7.0	0.45	6.0	6.3	남서	225	9.4	1006.5	-	70	
2021-11-09 16:20:00	23.4	남동	139	19.04	0.30	6.8	0.44	7.0	6.8	남서	227	9.4	1006.3	-	117	
2021-11-09 16:25:00	18.5	남동	130	19.05	0.29	7.3	0.37	8.0	7.4	남서	218	9.3	1006.3	-	71	
2021-11-09 16:30:00	21.8	남동	146	19.07	0.29	7.3	0.47	7.0	7.5	남서	222	9.5	1006.3	-	43	
2021-11-09 16:35:00	20.2	남동	134	19.03	0.27	6.6	0.39	7.0	7.5	남서	230	9.5	1006.2	-	101	
2021-11-09 16:40:00	19.8	동남동	123	19.06	0.30	6.8	0.45	6.0	7.7	남서	233	9.4	1006.3	-	74	
2021-11-09 16:45:00	16.0	남동	128	19.06	0.27	6.6	0.38	8.0	7.9	남서	236	9.4	1006.2	-	333	
2021-11-09 16:50:00	18.8	남동	127	19.06	0.27	7.1	0.39	7.0	7.5	남서	234	9.4	1006.2	-	59	
2021-11-09 16:55:00	18.4	남동	125	19.05	0.28	7.7	0.39	6.5	7.1	남서	232	9.2	1006.3	-	96	
2021-11-09 17:00:00	19.9	남동	124	19.06	0.33	6.9	0.43	7.0	7.7	남서	232	9.2	1006.3	-	77	
2021-11-09 17:05:00	21.6	남동	134	19.10	0.32	7.2	0.45	6.0	8.1	남서	235	9.3	1006.2	-	71	
2021-11-09 17:10:00	17.8	남동	133	19.12	0.26	6.5	0.39	7.0	7.7	남서	234	9.3	1006.2	-	329	
2021-11-09 17:15:00	19.0	남동	124	19.12	0.30	6.8	0.54	7.0	6.4	남서	234	9.3	1006.2	-	12	
2021-11-09 17:20:00	22.3	남동	136	19.15	0.32	7.1	0.47	7.5	6.4	남서	230	9.2	1006.3	-	51	
2021-11-09 17:25:00	19.4	남동	141	19.14	0.26	7.1	0.34	7.5	6.7	서남서	237	9.2	1006.4	-	80	
2021-11-09 17:30:00	21.9	남동	128	19.14	0.31	6.9	0.43	7.5	6.7	서남서	237	9.2	1006.4	-	65	
2021-11-09 17:35:00	21.3	남동	141	19.09	0.32	6.9	0.39	7.0	6.8	서남서	238	9.3	1006.4	-	123	
2021-11-09 17:40:00	23.5	남동	145	19.12	0.26	7.4	0.38	7.0	6.4	서남서	237	9.2	1006.3	-	104	
2021-11-09 17:45:00	21.1	남동	142	19.09	0.34	6.8	0.48	6.5	5.1	남서	231	9.1	1006.4	-	60	
2021-11-09 17:50:00	23.5	남동	142	19.08	0.29	6.5	0.39	7.0	5.7	남서	235	9.0	1006.4	-	359	
2021-11-09 17:55:00	21.1	남동	146	19.06	0.28	6.5	0.45	6.5	5.8	서남서	244	9.0	1006.4	-	11	
2021-11-09 18:00:00	21.8	남동	137	19.06	0.27	7.3	0.39	8.5	5.0	남서	229	9.0	1006.4	-	85	
2021-11-09 18:05:00	21.1	남동	134	19.06	0.29	6.5	0.40	6.5	4.9	남서	226	9.0	1006.4	-	2	
2021-11-09 18:10:00	21.2	남동	131	19.07	0.32	6.7	0.45	6.5	5.1	남서	226	9.0	1006.4	-	63	
2021-11-09 18:15:00	22.6	남동	140	19.06	0.37	7.1	0.58	6.5	6.0	남서	227	9.1	1006.3	-	89	
2021-11-09 18:20:00	24.3	남동	141	19.05	0.31	6.3	0.46	6.0	6.3	남서	230	9.2	1006.4	-	343	
2021-11-09 18:25:00	22.4	남동	136	19.04	0.31	6.6	0.39	8.0	5.1	남서	227	9.2	1006.4	-	86	
2021-11-09 18:30:00	24.7	남동	131	19.05	0.34	6.7	0.47	6.0	5.9	남서	222	9.1	1006.4	-	21	
2021-11-09 18:35:00	20.7	남동	136	19.05	0.33	6.5	0.46	7.0	6.4	남서	229	9.1	1006.5	-	73	
2021-11-09 18:40:00	22.9	남동	133	19.03	0.28	6.9	0.43	7.5	6.9	남서	231	9.2	1006.4	-	116	
2021-11-09 18:45:00	23.4	남동	134	19.03	0.28	7.0	0.49	6.5	7.0	남서	225	9.2	1006.4	-	62	
2021-11-09 18:50:00	25.1	남동	141	19.00	0.31	7.6	0.41	6.5	6.1	남서	228	9.3	1006.4	-	49	
2021-11-09 18:55:00	22.1	남동	142	19.00	0.30	7.0	0.51	6.0	5.6	남서	223	9.1	1006.4	-	55	
2021-11-09 19:00:00	20.7	남동	138	18.98	0.28	6.3	0.34	6.0	5.4	남서	221	9.1	1006.4	-	34	
2021-11-09 19:05:00	21.2	남동	138	18.97	0.30	6.5	0.41	6.5	5.1	남서	222	9.2	1006.4	-	350	
2021-11-09 19:10:00	24.9	남동	131	18.96	0.34	6.2	0.57	6.0	5.0	남서	215	9.0	1006.4	-	43	
2021-11-09 19:15:00	-	-	-	-	-	-	-	-	-	-	-	-	-	-	-	
2021-11-09 19:20:00	19.6	남동	132	18.98	0.21	5.6	0.42	5.6	4.6	남서	228	9.1	1006.3	-	336	
2021-11-09 19:25:00	18.9	남동	130	18.97	0.27	6.5	0.37	7.0	4.9	남서	223	9.1	1006.2	-	107	
2021-11-09 19:30:00	20.6	남동	128	18.95	0.35	6.8	0.52	7.0	5.6	남서	226	9.1	1006.2	-	93	
2021-11-09 19:35:00	20.2	남동	129	18.96	0.34	6.6	0.52	6.5	5.5	남서	226	9.0	1006.1	-	354	
2021-11-09 19:40:00	18.5	남동	125	18.96	0.28	7.1	0.40	6.0	5.8	남서	228	8.9	1006.1	-	79	
2021-11-09 19:45:00	19.2	남동	125	18.96	0.29	6.8	0.43	7.5	5.8	남서	226	9.0	1006.1	-	340	
2021-11-09 19:50:00	18.7	남동	126	18.97	0.34	6.7	0.43	6.5	5.7	남서	227	8.8	1005.9	-	0	
2021-11-09 19:55:00	20.2	남동	128	18.96	0.29	6.9	0.35	7.5	5.5	서남서	239	8.9	1006.1	-	98	
2021-11-09 20:00:00	19.5	동남동	123	18.94	0.35	6.8	0.41	6.0	5.2	남서	234	8.9	1006.1	-	83	
2021-11-09 20:05:00	20.1	남동	124	18.95	0.34	7.0	0.44	7.0	4.8	남서	230	8.7	1006.2	-	121	
2021-11-09 20:10:00	17.4	남동	126	18.97	0.34	6.6	0.52	6.5	4.0	남서	230	8.7	1006.2	-	14	
2021-11-09 20:15:00	16.7	동남동	123	18.96	0.29	6.4	0.36	7.5	4.4	남서	234	8.8	1006.2	-	328	
2021-11-09 20:20:00	17.8	남동	125	18.95	0.28	6.2	0.37	6.5	4.5	남서	231	8.7	1006.0	-	337	
2021-11-09 20:25:00	17.5	남동	128	18.95	0.30	6.9	0.41	7.0	4.7	남서	225	8.9	1006.0	-	3	
2021-11-09 20:30:00	17.3	남동	128	18.93	0.34	6.3	0.42	5.0	4.5	남서	223	8.8	1006.0	-	358	
2021-11-09 20:35:00	17.3	남동	126	18.93	0.34	7.7	0.52	7.5	4.0	남서	230	8.8	1005.9	-	356	
2021-11-09 20:40:00	19.0	남동	128	18.85	0.28	6.5	0.42	6.0	3.9	남서	225	8.9	1006.0	-	79	
2021-11-09 20:45:00	18.4	남동	133	18.87	0.33	7.1	0.47	7.5	3.8	남서	228	8.6	1006.0	-	71	
2021-11-09 20:50:00	22.1	남동	124	18.83	0.30	6.4	0.40	6.0	3.9	남서	219	8.7	1006.0	-	67	
2021-11-09 20:55:00	23.0	동남동	119	18.82	0.31	6.1	0.43	6.0	4.3	남서	221	8.7	1006.0	-	17	
2021-11-09 21:00:00	21.4	동남동	118	18.80	0.29	5.8	0.39	5.5	3.8	남서	218	8.6	1006.0	-	21	
2021-11-09 21:05:00	21.6	남동	125	18.79	0.32	7.3	0.52	6.5	3.1	남서	218	8.6	1006.0	-	90	
2021-11-09 21:10:00	21.7	동남동	123	18.77	0.35	6.8	0.46	6.5	3.1	남서	230	8.6	1006.0	-	333	
2021-11-09 21:15:00	23.3	동남동	116	18.76	0.28	6.9	0.37	7.0	3.4	남서	218	8.6	1006.0	-	82	
2021-11-09 21:20:00	22.2	동남동	123	18.76	0.31	6.3	0.47	5.5	3.3	남서	218	8.6	1006.0	-	108	
2021-11-09 21:25:00	24.9	동남동	122	18.72	0.33	6.5	0.44	8.0	3.4	남서	215	8.6	1006.0	-	91	
2021-11-09 21:30:00	22.1	동남동	123	18.72	0.33	6.3	0.47	6.0	3.4	남서	219	8.6	1006.0	-	74	
2021-11-09 21:35:00	21.8	동남동	122	18.71	0.29	6.4	0.38	5.5	3.1	남서	220	8.5	1006.1	-	54	
2021-11-09 21:40:00	22.1	동남동	120	18.70	0.32	6.6	0.42	7.0	3.1	남남서	210	8.5	1006.0	-	11	
2021-11-09 21:45:00	19.9	동남동	122	18.70	0.28	6.2	0.36	7.0	3.8	남남서	211	8.6	1006.0	-	53	
2021-11-09 21:50:00	21.6	동남동	120	18.69	0.34	6.5	0.42	8.5	3.5	남서	215	8.5	1006.0	-	64	
2021-11-09 21:55:00	19.1	동남동	121	18.68	0.27	6.3	0.33	5.0	3.6	남서	218	8.5	1006.1	-	94	
2021-11-09 22:00:00	19.6	동남동	123	18.66	0.33	6.6	0.41	5.0	3.3	남서	227	8.5	1006.0	-	79	
2021-11-09 22:05:00	20.3	동남동	122	18.63	0.29	6.5	0.41	6.5	4.1	남서	220	8.6	1005.9	-	17	
2021-11-09 22:10:00	19.3	남동	127	18.64	0.28	7.1	0.38	10.0	4.1	남서	234	8.5	1005.9	-	128	
2021-11-09 22:15:00	18.0	남동	126	18.65	0.30	6.7	0.48	6.5	3.8	남서	219	8.7	1005.9	-	90	
2021-11-09 22:20:00	18.5	남동	128	18.63	0.30	6.6	0.46	6.5	5.5	남서	228	8.8	1005.8	-	61	
2021-11-09 22:25:00	16.5	남동	125	18.64	0.29	6.2	0.39	7.0	5.0	남서	219	8.6	1005.8	-	83	
2021-11-09 22:30:00	18.9	남동	128	18.62	0.29	6.9	0.39	6.0	5.1	남서	226	8.5	1005.7	-	70	
2021-11-09 22:35:00	19.6	동남동	124	18.61	0.25	6.7	0.34	8.5	5.4	남서	224	8.6	1005.7	-	333	
2021-11-09 22:40:00	17.4	동남동	118	18.57	0.31	6.8	0.40	7.0	5.1	남서	219	8.5	1005.7	-	0	
2021-11-09 22:45:00	16.1	동남동	123	18.60	0.30	5.7	0.42	5.5	5.8	남서	222	8.4	1005.7	-	311	
2021-11-09 22:50:00	16.2	남동	126	18.59	0.29	6.8	0.46	7.0	4.9	남서	214	8.1	1005.6	-	59	
2021-11-09 22:55:00	16.8	남동	124	18.59	0.26	5.9	0.39	7.5	4.4	남서	219	8.1	1005.6	-	98	
2021-11-09 23:00:00	15.9	남동	124	18.58	0.27	6.8	0.40	7.0	4.1	남서	227	8.0	1005.6	-	87	
2021-11-09 23:05:00	15.8	동남동	111	18.51	0.28	6.6	0.36	7.0	4.1	남서	226	8.0	1005.6	-	104	
2021-11-09 23:10:00	17.6	동남동	111	18.53	0.26	6.9	0.37	8.0	3.4	남서	223	8.0	1005.5	-	55	
2021-11-09 23:15:00	16.8	동남동	110	18.53	0.30	7.2	0.37	9.5	4.5	남서	225	7.8	1005.5	-	57	
2021-11-09 23:20:00	15.9	동남동	103	18.54	0.30	6.2	0.45	6.0	4.8	남서	218	8.0	1005.4	-	103	
2021-11-09 23:25:00	14.4	동남동	109	18.53	0.26	6.9	0.36	8.0	5.0	남남서	210	8.0	1005.3	-	73	
2021-11-09 23:30:00	14.0	동남동	116	18.53	0.27	6.6	0.39	5.0	5.2	남남서	210	8.2	1005.3	-	66	
2021-11-09 23:35:00	16.0	동남동	111	18.53	0.29	6.4	0.39	8.0	5.2	남남서	203	8.2	1005.2	-	117	
2021-11-09 23:40:00	14.1	동	101	18.54	0.27	7.1	0.34	9.5	5.5	남남서	197	8.0	1005.2	-	114	
2021-11-09 23:45:00	14.6	동남동	112	18.54	0.28	5.8	0.37	9.0	5.4	남남서	201	8.0	1005.1	-	216	
2021-11-09 23:50:00	12.1	동남동	106	18.54	0.27	7.1	0.41	9.5	5.3	남남서	202	8.0	1005.1	-	106	
2021-11-09 23:55:00	11.6	동	98	18.53	0.26	6.4	0.38	8.0	4.9	남서	219	8.3	1005.1	-	55	
2021-11-10 00:00:00	10.4	동남동	106	18.52	0.33	6.8	0.48	7.0	4.4	남서	233	8.2	1005.0	-	103	
2021-11-10 00:05:00	12.6	동남동	108	18.51	0.29	7.0	0.41	9.5	4.7	서남서	238	8.0	1005.0	-	28	
2021-11-10 00:10:00	11.7	동	100	18.51	0.26	6.8	0.36	7.0	4.6	서남서	241	8.1	1005.0	-	114	
2021-11-10 00:15:00	11.7	동남동	107	18.51	0.29	7.0	0.48	7.5	6.1	남서	227	8.5	1004.9	-	74	
2021-11-10 00:20:00	11.8	동남동	105	18.50	0.30	7.5	0.40	7.0	5.0	남서	225	8.3	1005.0	-	107	
2021-11-10 00:25:00	11.5	동남동	108	18.51	0.31	7.5	0.41	6.0	4.7	남서	228	8.2	1005.0	-	109	
2021-11-10 00:30:00	10.7	동	101	18.49	0.29	6.8	0.41	7.5	4.2	남서	235	8.3	1005.0	-	17	
2021-11-10 00:35:00	10.7	동남동	108	18.48	0.25	6.4	0.30	4.5	5.0	남서	230	8.4	1004.9	-	335	
2021-11-10 00:40:00	13.5	동	99	18.48	0.30	6.3	0.41	7.5	4.7	남서	236	8.4	1004.8	-	68	
2021-11-10 00:45:00	11.6	동	100	18.49	0.28	6.3	0.35	6.5	4.3	남서	235	8.3	1004.8	-	49	
2021-11-10 00:50:00	10.5	동	100	18.49	0.30	7.2	0.44	6.0	4.3	서남서	237	8.3	1004.8	-	33	
2021-11-10 00:55:00	10.1	동남동	102	18.49	0.30	6.7	0.39	6.0	4.3	서남서	240	8.2	1004.8	-	103	
2021-11-10 01:00:00	11.4	동	97	18.49	0.32	6.5	0.47	8.0	3.6	서남서	246	8.4	1004.8	-	71	
2021-11-10 01:05:00	10.2	동남동	108	18.51	0.31	6.8	0.51	7.5	3.3	서남서	258	8.2	1004.7	-	82	
2021-11-10 01:10:00	8.8	동남동	111	18.49	0.28	5.9	0.40	8.0	2.9	서남서	238	8.2	1004.6	-	18	
2021-11-10 01:15:00	9.3	동남동	110	18.50	0.28	6.3	0.39	7.0	3.7	남서	233	8.2	1004.6	-	87	
2021-11-10 01:20:00	8.9	동남동	118	18.51	0.27	6.9	0.34	7.0	3.3	남서	225	8.3	1004.5	-	88	
2021-11-10 01:25:00	11.1	동	97	18.51	0.29	6.2	0.35	6.0	3.7	남서	216	8.2	1004.5	-	40	
2021-11-10 01:30:00	11.6	동남동	116	18.48	0.28	6.8	0.43	6.0	4.9	남서	217	8.2	1004.5	-	107	
2021-11-10 01:35:00	10.8	동	101	18.44	0.28	6.5	0.36	7.0	5.1	남서	221	8.1	1004.5	-	80	
2021-11-10 01:40:00	11.5	동	97	18.45	0.30	6.4	0.44	7.5	3.9	남서	235	8.1	1004.5	-	66	
2021-11-10 01:45:00	11.3	동남동	104	18.46	0.26	6.1	0.36	6.0	2.8	서남서	258	8.0	1004.5	-	11	
2021-11-10 01:50:00	10.3	동남동	109	18.47	0.33	5.9	0.37	6.5	3.4	서	261	8.2	1004.5	-	5	
2021-11-10 01:55:00	8.7	동남동	111	18.46	0.31	6.5	0.42	6.5	4.0	서	268	8.2	1004.6	-	344	
2021-11-10 02:00:00	10.2	동남동	105	18.45	0.31	5.9	0.39	6.5	4.6	서북서	290	8.3	1004.5	-	75	
2021-11-10 02:05:00	10.8	동남동	110	18.44	0.29	6.1	0.37	7.5	4.0	서	275	8.2	1004.5	-	342	
2021-11-10 02:10:00	8.8	동남동	107	18.45	0.30	6.7	0.42	7.5	3.6	서	272	8.1	1004.6	-	79	
2021-11-10 02:15:00	12.0	동	88	18.45	0.34	6.3	0.60	7.0	4.7	서남서	254	8.1	1004.6	-	72	
2021-11-10 02:20:00	11.5	동남동	101	18.46	0.32	6.8	0.42	6.5	3.7	서남서	240	8.2	1004.6	-	46	
2021-11-10 02:25:00	12.0	동남동	109	18.44	0.31	6.8	0.42	12.0	3.7	서남서	247	8.1	1004.5	-	325	
2021-11-10 02:30:00	10.6	동남동	111	18.44	0.33	6.6	0.42	7.0	3.9	서남서	244	8.1	1004.5	-	0	
2021-11-10 02:35:00	11.7	동	97	18.43	0.31	5.6	0.54	6.0	5.2	서남서	252	8.2	1004.5	-	348	
2021-11-10 02:40:00	12.8	동남동	110	18.44	0.34	5.6	0.43	5.5	4.3	서남서	254	8.4	1004.5	-	18	
2021-11-10 02:45:00	10.5	동남동	106	18.42	0.34	4.7	0.49	8.5	3.4	서	260	8.2	1004.6	-	341	
2021-11-10 02:50:00	11.1	동남동	106	18.43	0.37	5.0	0.50	5.5	4.4	서	262	8.0	1004.6	-	47	
2021-11-10 02:55:00	11.3	동남동	109	18.43	0.37	4.4	0.50	6.0	3.3	서남서	256	8.0	1004.6	-	342	
2021-11-10 03:00:00	10.2	남동	125	18.46	0.40	4.3	0.49	3.5	2.4	서	267	7.9	1004.5	-	342	
2021-11-10 03:05:00	10.4	동남동	112	18.47	0.37	5.4	0.47	6.5	4.2	서남서	250	8.0	1004.5	-	350	
2021-11-10 03:10:00	11.0	남동	133	18.49	0.42	5.3	0.59	6.0	2.8	서	270	7.8	1004.4	-	332	
2021-11-10 03:15:00	10.5	동남동	122	18.48	0.42	5.2	0.63	3.5	3.2	서	273	7.9	1004.5	-	350	
2021-11-10 03:20:00	8.9	남동	143	18.52	0.39	4.9	0.54	5.5	2.6	서북서	293	7.9	1004.5	-	35	
2021-11-10 03:25:00	10.1	남동	139	18.54	0.37	4.2	0.51	3.0	1.9	서	281	7.8	1004.4	-	351	
2021-11-10 03:30:00	10.5	남동	133	18.59	0.41	5.9	0.55	3.0	2.8	서	270	7.8	1004.4	-	12	
2021-11-10 03:35:00	11.6	남동	140	18.58	0.34	4.3	0.43	3.5	3.9	서	275	7.9	1004.4	-	343	
2021-11-10 03:40:00	11.2	남남동	147	18.59	0.38	4.9	0.56	5.5	4.5	서	274	7.7	1004.4	-	339	
2021-11-10 03:45:00	11.9	남동	143	18.52	0.42	4.6	0.67	5.5	4.5	서	281	7.4	1004.4	-	60	
2021-11-10 03:50:00	11.0	남동	143	18.57	0.36	4.7	0.50	4.0	5.7	서	273	7.4	1004.3	-	353	
2021-11-10 03:55:00	9.8	남동	133	18.58	0.41	4.3	0.56	8.0	5.1	서남서	257	7.5	1004.3	-	349	
2021-11-10 04:00:00	11.1	남동	145	18.57	0.43	3.9	0.56	3.0	5.4	서	268	7.2	1004.3	-	327	
2021-11-10 04:05:00	11.4	남동	145	18.58	0.46	4.0	0.60	5.5	8.2	서북서	284	7.5	1004.2	-	350	
2021-11-10 04:10:00	15.0	남남동	148	18.53	0.47	4.0	0.81	4.5	8.5	서북서	285	7.5	1004.1	-	333	
2021-11-10 04:15:00	13.7	남남동	148	18.58	0.52	4.1	0.74	6.5	10.0	서북서	287	7.7	1004.0	-	206	
2021-11-10 04:20:00	16.1	남동	139	18.53	0.52	4.2	0.66	3.5	8.3	서북서	282	7.5	1004.1	-	327	
2021-11-10 04:25:00	12.7	남동	138	18.56	0.50	3.9	0.68	4.5	9.1	서북서	290	7.7	1004.1	-	327	
2021-11-10 04:30:00	14.2	남남동	159	18.66	0.53	4.4	0.87	4.5	9.6	서북서	290	7.5	1004.1	-	331	
2021-11-10 04:35:00	12.0	남남동	148	18.68	0.62	4.2	0.82	3.5	8.8	서북서	286	7.3	1004.1	-	151	
2021-11-10 04:40:00	9.7	남남동	150	18.75	0.59	3.9	0.76	4.0	9.2	서북서	288	7.4	1004.1	-	332	
2021-11-10 04:45:00	14.5	남남동	156	18.77	0.59	3.8	0.84	4.5	9.7	서북서	295	7.6	1004.0	-	243	
2021-11-10 04:50:00	11.2	남남동	156	18.82	0.53	3.8	0.82	4.0	8.4	서북서	295	7.1	1004.0	-	196	
2021-11-10 04:55:00	18.0	남남동	150	18.77	0.58	4.7	0.78	4.5	8.7	서북서	286	6.9	1004.0	-	180	
2021-11-10 05:00:00	11.4	남남동	154	18.79	0.52	3.9	0.73	5.5	9.4	서북서	293	7.2	1004.0	-	22	
2021-11-10 05:05:00	10.5	남남동	153	18.87	0.66	4.3	0.98	5.0	7.9	서북서	283	7.0	1004.1	-	200	
2021-11-10 05:10:00	8.2	남남동	161	18.85	0.64	4.1	0.91	4.0	8.8	서북서	294	7.0	1004.0	-	180	
2021-11-10 05:15:00	10.6	남남동	158	18.89	0.61	3.8	0.77	4.5	7.2	서	278	6.8	1004.1	-	184	
2021-11-10 05:20:00	10.6	남남동	160	18.91	0.61	4.2	0.88	4.5	8.5	서북서	294	7.0	1004.0	-	205	
2021-11-10 05:25:00	10.3	남동	144	18.89	0.65	4.4	0.95	6.5	8.4	서북서	285	7.1	1004.0	-	168	
2021-11-10 05:30:00	12.3	남남동	167	18.91	0.67	4.1	1.03	3.5	5.9	서	268	7.0	1004.1	-	353	
2021-11-10 05:35:00	10.5	남동	139	18.91	0.65	3.7	1.16	4.0	6.8	서	279	7.0	1004.1	-	338	
2021-11-10 05:40:00	14.7	남남동	151	18.91	0.66	4.0	0.97	3.5	6.3	서북서	282	6.8	1004.1	-	195	
2021-11-10 05:45:00	15.0	남남동	159	18.92	0.64	4.5	0.92	6.0	6.6	서북서	284	6.6	1004.1	-	184	
2021-11-10 05:50:00	15.2	남동	146	18.92	0.65	4.4	1.29	5.0	4.1	서	275	6.6	1004.1	-	347	
2021-11-10 05:55:00	7.0	남동	135	18.93	0.59	3.5	0.79	3.5	6.2	서북서	286	6.7	1004.0	-	344	
2021-11-10 06:00:00	12.5	남남동	147	18.89	0.60	3.9	0.92	3.5	6.0	서	277	6.7	1003.9	-	342	
2021-11-10 06:05:00	4.4	남동	136	18.91	0.58	4.3	0.93	4.0	3.1	서남서	239	6.3	1003.9	-	340	
2021-11-10 06:10:00	8.2	남동	133	18.91	0.55	3.9	0.77	4.0	2.8	남서	219	6.0	1004.0	-	354	
2021-11-10 06:15:00	10.6	남동	131	18.89	0.56	4.6	0.76	6.5	3.4	남남서	206	6.1	1003.9	-	191	
2021-11-10 06:20:00	8.8	남남동	152	18.90	0.53	4.3	0.78	4.0	1.5	서	278	6.1	1004.0	-	175	
2021-11-10 06:25:00	11.0	남남동	153	18.89	0.51	4.4	0.75	6.0	3.5	서북서	291	6.3	1003.9	-	185	
2021-11-10 06:30:00	9.9	남동	143	18.89	0.54	4.3	0.81	7.0	4.2	서북서	285	6.6	1003.7	-	260	
2021-11-10 06:35:00	5.9	남남동	160	18.89	0.54	4.2	0.72	3.5	3.2	서북서	289	6.6	1003.7	-	111	
2021-11-10 06:40:00	5.8	남동	136	18.89	0.51	4.8	0.77	3.5	2.8	서남서	245	6.4	1003.8	-	181	
2021-11-10 06:45:00	6.9	남남동	165	18.89	0.54	4.6	0.72	5.0	3.0	남서	217	6.2	1003.8	-	347	
2021-11-10 06:50:00	8.5	남남동	149	18.89	0.59	4.7	0.88	5.5	3.0	남남서	211	6.1	1003.8	-	189	
2021-11-10 06:55:00	4.7	남남동	158	18.88	0.57	4.5	0.71	4.0	2.7	남서	218	6.0	1003.8	-	158	
2021-11-10 07:00:00	7.7	남동	141	18.89	0.51	4.4	0.71	5.0	2.1	남남서	208	5.9	1003.9	-	340	
2021-11-10 07:05:00	5.0	남남동	161	18.86	0.51	4.6	0.76	3.5	1.8	남남서	198	6.1	1003.9	-	343	
2021-11-10 07:10:00	6.4	남남동	164	18.85	0.54	4.9	0.78	4.0	1.9	남	191	6.1	1004.0	-	346	
2021-11-10 07:15:00	7.7	남동	144	18.85	0.55	4.6	0.79	5.5	2.5	남서	234	6.1	1004.0	-	343	
2021-11-10 07:20:00	7.9	남남동	165	18.86	0.55	4.9	0.81	5.0	2.3	남남서	195	6.0	1004.1	-	47	
2021-11-10 07:25:00	5.1	남동	144	18.85	0.56	4.6	0.86	4.0	2.7	서	260	6.0	1004.1	-	184	
2021-11-10 07:30:00	3.6	남	177	18.86	0.68	4.7	0.87	3.5	2.4	남남서	200	6.1	1004.2	-	352	
2021-11-10 07:35:00	5.3	남남동	152	18.85	0.54	4.6	0.72	6.5	2.2	서남서	242	6.2	1004.2	-	173	
2021-11-10 07:40:00	5.2	남남동	157	18.82	0.56	4.6	0.71	3.5	3.3	서남서	253	6.3	1004.3	-	136	
2021-11-10 07:45:00	4.2	동	91	18.78	0.58	5.2	0.76	4.0	3.9	서	267	6.1	1004.4	-	351	
2021-11-10 07:50:00	7.6	남남동	153	18.75	0.61	4.4	0.79	4.5	6.0	서	270	6.6	1004.3	-	156	
2021-11-10 07:55:00	5.9	남남동	161	18.76	0.64	5.1	0.95	4.5	8.2	서북서	283	6.8	1004.3	-	5	
2021-11-10 08:00:00	6.1	남남동	152	18.73	0.59	5.3	0.77	5.5	7.6	서	281	6.8	1004.4	-	4	
2021-11-10 08:05:00	6.8	남	170	18.73	0.57	4.7	0.88	5.0	8.1	서북서	291	6.9	1004.4	-	351	
2021-11-10 08:10:00	7.7	남남동	162	18.73	0.63	4.8	0.93	4.5	7.7	서	279	7.0	1004.5	-	155	
2021-11-10 08:15:00	7.9	남남동	147	18.72	0.67	4.9	0.97	4.0	7.1	서	275	7.1	1004.6	-	351	
2021-11-10 08:20:00	6.7	남동	140	18.73	0.66	4.7	0.86	5.0	8.1	서북서	285	7.3	1004.7	-	356	
2021-11-10 08:25:00	8.8	남남동	151	18.74	0.59	4.5	0.96	6.5	6.0	서	270	7.1	1004.8	-	350	
2021-11-10 08:30:00	5.5	남남동	162	18.73	0.70	5.4	1.00	4.0	7.1	서	280	7.3	1004.8	-	358	
2021-11-10 08:35:00	6.1	남동	138	18.72	0.79	5.4	1.14	6.0	5.8	서북서	287	6.5	1004.8	-	350	
2021-11-10 08:40:00	4.0	남	186	18.70	0.70	5.0	1.12	3.5	4.9	서남서	255	6.4	1004.8	-	345	
2021-11-10 08:45:00	5.4	남	170	18.72	0.80	5.6	1.05	5.0	6.4	서	269	6.8	1004.8	-	338	
2021-11-10 08:50:00	2.6	동남동	108	18.72	0.70	5.0	1.29	5.0	7.0	서북서	289	6.9	1004.7	-	355	
2021-11-10 08:55:00	4.5	남	177	18.72	0.75	5.5	1.00	4.5	5.5	서	281	6.5	1004.7	-	10	
2021-11-10 09:00:00	4.1	남남동	165	18.73	0.72	4.9	0.99	4.5	7.1	서	271	6.6	1004.6	-	182	
2021-11-10 09:05:00	0.8	북북서	346	18.74	0.71	5.2	0.94	4.5	7.0	서	273	6.7	1004.6	-	352	
2021-11-10 09:10:00	2.5	서북서	300	18.73	0.76	4.8	1.03	5.0	5.8	서	273	6.7	1004.5	-	355	
2021-11-10 09:15:00	3.9	남남서	193	18.71	0.73	5.3	1.01	5.5	3.8	서	262	6.8	1004.6	-	346	
2021-11-10 09:20:00	0.9	남	176	18.72	0.69	4.5	1.09	4.5	4.0	서	268	6.7	1004.6	-	341	
2021-11-10 09:25:00	1.8	남남서	200	18.72	0.69	5.2	0.93	5.5	4.3	서	265	6.7	1004.5	-	339	
2021-11-10 09:30:00	1.5	서북서	293	18.72	0.72	5.1	0.95	5.0	7.3	서북서	290	6.9	1004.3	-	347	
2021-11-10 09:35:00	6.1	서	266	18.71	0.72	5.1	0.92	5.5	5.8	서북서	289	6.8	1004.2	-	346	
2021-11-10 09:40:00	3.2	북서	313	18.73	0.70	5.3	1.08	5.0	4.7	남서	231	6.8	1004.0	-	203	
2021-11-10 09:45:00	1.4	북서	325	18.72	0.71	5.2	1.10	4.5	3.9	남서	233	6.9	1003.8	-	302	
2021-11-10 09:50:00	1.8	서	272	18.71	0.77	5.3	0.97	4.0	4.4	서남서	241	7.0	1003.8	-	356	
2021-11-10 09:55:00	3.4	서	270	18.72	0.70	5.4	1.05	5.0	4.6	서남서	244	7.1	1003.7	-	1	
2021-11-10 10:00:00	1.7	남서	219	18.72	0.84	5.0	1.10	5.0	5.9	남서	233	7.3	1003.5	-	13	
2021-11-10 10:05:00	5.2	남서	216	18.72	0.81	5.2	0.97	6.0	6.5	남서	229	7.3	1003.5	-	334	
2021-11-10 10:10:00	2.1	북북동	12	18.68	0.77	5.1	0.88	4.0	5.8	남서	236	7.4	1003.6	-	355	
2021-11-10 10:15:00	1.8	남	187	18.71	0.71	5.1	0.96	5.0	6.2	남서	231	7.5	1003.5	-	10	
2021-11-10 10:20:00	1.6	북북서	328	18.71	0.74	5.2	1.05	6.0	6.5	남서	226	7.4	1003.4	-	351	
2021-11-10 10:25:00	1.6	북	11	18.72	0.74	5.2	1.00	4.5	6.8	남서	222	7.3	1003.3	-	356	
2021-11-10 10:30:00	0.8	남남동	154	18.71	0.74	5.4	0.91	3.5	5.4	남서	228	7.5	1003.2	-	358	
2021-11-10 10:35:00	4.5	남남서	205	18.70	0.74	5.3	1.05	5.0	8.2	서남서	237	8.0	1003.0	-	347	
2021-11-10 10:40:00	2.5	서	261	18.69	0.75	5.0	1.03	5.0	9.3	남서	232	8.3	1002.9	-	338	
2021-11-10 10:45:00	0.6	남	181	18.69	0.76	5.4	0.98	5.5	5.3	서남서	256	8.0	1003.0	-	341	
2021-11-10 10:50:00	1.4	남	181	18.71	0.87	5.5	1.06	5.0	4.1	서남서	252	8.2	1003.1	-	351	
2021-11-10 10:55:00	2.3	북북서	336	18.71	0.70	5.7	0.93	5.0	4.8	서	267	8.3	1003.0	-	332	
2021-11-10 11:00:00	1.6	남서	218	18.72	0.67	5.5	0.87	5.5	4.8	서북서	285	8.2	1003.0	-	3	
2021-11-10 11:05:00	3.4	남남서	206	18.72	0.70	5.0	0.85	6.0	4.7	서남서	255	8.0	1003.0	-	17	
2021-11-10 11:10:00	1.7	북동	41	18.70	0.71	5.4	1.01	4.5	5.9	서	270	8.2	1002.9	-	303	
2021-11-10 11:15:00	1.8	남남서	202	18.69	0.74	5.0	1.09	5.0	8.1	서북서	284	8.3	1002.8	-	355	
2021-11-10 11:20:00	3.0	동	83	18.71	0.83	5.6	1.05	5.5	8.7	서북서	291	8.5	1002.7	-	335	
2021-11-10 11:25:00	3.3	남서	225	18.71	0.74	5.4	1.00	6.5	9.1	서북서	290	8.8	1002.7	-	176	
2021-11-10 11:30:00	2.5	남	178	18.71	0.83	4.9	1.19	6.0	10.3	서북서	295	8.6	1002.6	-	328	
2021-11-10 11:35:00	3.0	남남동	149	18.71	0.88	5.6	1.24	4.5	10.9	서북서	294	8.6	1002.5	-	354	
2021-11-10 11:40:00	2.5	남동	130	18.69	0.80	4.9	1.10	6.0	10.7	서북서	299	8.6	1002.5	-	184	
2021-11-10 11:45:00	6.9	남동	127	18.70	0.89	5.7	1.13	5.5	11.0	서북서	298	8.6	1002.4	-	0	
2021-11-10 11:50:00	1.9	북동	39	18.70	0.84	5.1	1.19	5.5	11.8	서북서	295	8.8	1002.2	-	357	
2021-11-10 11:55:00	7.8	동남동	115	18.69	0.76	4.7	1.01	3.5	10.5	북서	308	8.9	1002.1	-	5	
2021-11-10 12:00:00	7.1	동남동	111	18.70	0.88	5.3	1.09	6.5	10.7	서북서	300	8.6	1002.0	-	343	
2021-11-10 12:05:00	4.7	남동	131	18.69	0.85	4.9	1.11	6.5	10.4	서북서	297	8.7	1002.0	-	9	
2021-11-10 12:10:00	3.9	북	352	18.70	0.83	4.7	1.24	5.5	9.5	서북서	297	8.8	1001.9	-	358	
2021-11-10 12:15:00	1.3	동남동	109	18.71	0.81	5.2	1.18	5.0	8.6	서북서	301	8.9	1001.8	-	149	
2021-11-10 12:20:00	0.8	동남동	111	18.71	0.79	5.3	1.17	5.0	9.7	북서	307	9.2	1001.6	-	4	
2021-11-10 12:25:00	4.1	남	175	18.71	0.82	4.9	1.13	5.5	7.8	서북서	301	9.2	1001.7	-	198	
2021-11-10 12:30:00	0.3	북	3	18.71	0.94	5.7	1.37	5.0	6.4	서북서	300	9.3	1001.7	-	357	
2021-11-10 12:35:00	5.6	남서	226	18.71	0.82	5.4	1.37	7.5	9.0	서북서	302	9.3	1001.6	-	8	
2021-11-10 12:40:00	3.9	남	182	18.70	0.97	5.4	1.32	4.5	9.6	북서	318	9.6	1001.5	-	354	
2021-11-10 12:45:00	2.3	남남동	152	18.70	0.85	4.7	1.11	4.5	7.9	북북서	335	9.2	1001.5	-	10	
2021-11-10 12:50:00	5.4	남동	132	18.70	0.88	5.5	1.37	7.5	9.6	북북서	334	9.3	1001.4	-	183	
2021-11-10 12:55:00	5.4	서남서	244	18.70	0.93	5.4	1.11	5.5	6.7	북북서	340	9.4	1001.6	-	358	
2021-11-10 13:00:00	4.1	서	263	18.70	0.97	5.4	1.28	6.0	8.8	북서	316	9.1	1001.4	-	354	
2021-11-10 13:05:00	3.3	남남동	156	18.68	0.90	5.1	1.25	4.5	10.9	북서	324	9.4	1001.2	-	10	
2021-11-10 13:10:00	4.2	남동	130	18.68	0.96	5.5	1.32	5.0	11.1	북서	307	9.6	1001.3	-	0	
2021-11-10 13:15:00	2.5	동	82	18.68	0.99	5.3	1.71	6.5	9.9	서북서	295	9.6	1001.3	-	348	
2021-11-10 13:20:00	2.4	남동	132	18.68	0.97	5.5	1.48	6.0	11.5	북서	309	9.7	1001.3	-	359	
2021-11-10 13:25:00	3.3	동	94	18.65	0.95	5.2	1.21	5.5	11.0	서북서	301	9.6	1001.3	-	345	
2021-11-10 13:30:00	6.3	동북동	78	18.64	0.92	4.8	1.25	6.0	10.2	서북서	289	9.8	1001.3	-	357	
2021-11-10 13:35:00	2.5	동	94	18.64	0.96	5.1	1.23	5.5	11.0	서	277	9.6	1001.2	-	354	
2021-11-10 13:40:00	2.8	남남동	166	18.65	1.04	5.9	1.35	6.0	9.0	서	274	9.4	1001.2	-	347	
2021-11-10 13:45:00	3.4	남남서	199	18.66	0.93	5.2	1.32	5.5	8.8	서	268	9.5	1001.2	-	1	
2021-11-10 13:50:00	5.9	북동	41	18.64	0.98	5.0	1.35	5.5	9.3	서	270	9.8	1001.2	-	144	
2021-11-10 13:55:00	2.0	북동	54	18.64	0.85	5.2	1.03	3.5	9.7	서	263	10.0	1001.2	-	156	
2021-11-10 14:00:00	5.0	북북서	331	18.63	1.10	5.2	1.42	5.0	9.3	서	263	9.5	1001.4	-	352	
2021-11-10 14:05:00	0.4	동남동	120	18.65	0.90	4.8	1.60	5.0	10.1	서	264	9.7	1001.5	-	22	
2021-11-10 14:10:00	4.1	북동	50	18.65	0.96	4.9	1.25	4.5	12.0	서남서	251	9.6	1001.4	-	345	
2021-11-10 14:15:00	4.1	북동	50	18.65	0.90	5.1	1.21	6.0	10.0	서	262	9.8	1001.6	-	348	
2021-11-10 14:20:00	7.5	북	9	18.64	0.86	4.9	1.21	5.5	10.2	서남서	258	9.9	1001.7	-	21	
2021-11-10 14:25:00	3.9	북동	35	18.64	0.89	5.4	1.06	4.5	9.6	서	260	9.6	1001.7	-	0	
2021-11-10 14:30:00	1.1	북북서	330	18.64	1.01	5.3	1.43	6.0	10.4	서	266	9.8	1001.7	-	6	
2021-11-10 14:35:00	2.9	북	7	18.65	0.93	5.6	1.40	4.5	11.2	서	260	9.7	1001.7	-	349	
2021-11-10 14:40:00	2.7	북북동	31	18.64	0.89	5.1	1.11	4.0	11.1	서	260	9.4	1001.6	-	348	
2021-11-10 14:45:00	1.2	남서	234	18.64	1.00	5.6	1.39	6.0	9.2	서남서	250	9.4	1001.7	-	347	
2021-11-10 14:50:00	3.5	북	359	18.63	0.89	5.1	1.12	6.0	10.6	서남서	246	9.5	1001.7	-	345	
2021-11-10 14:55:00	4.9	북북서	341	18.62	0.93	5.6	1.34	5.0	10.9	서남서	251	9.3	1001.6	-	347	
2021-11-10 15:00:00	4.9	북서	317	18.64	0.89	5.9	1.13	5.5	10.0	서남서	256	9.4	1001.7	-	353	
2021-11-10 15:05:00	6.6	북	353	18.62	0.89	5.7	1.07	5.0	9.6	서남서	253	9.5	1001.9	-	1	
2021-11-10 15:10:00	3.5	북북서	331	18.63	0.99	5.7	1.20	6.0	9.3	서	267	9.6	1001.9	-	345	
2021-11-10 15:15:00	3.2	북	352	18.59	0.81	5.5	1.28	4.5	8.5	서	259	9.3	1002.0	-	349	
2021-11-10 15:20:00	4.7	북서	322	18.62	0.97	5.3	1.14	5.5	8.1	서남서	257	9.2	1002.0	-	350	
2021-11-10 15:25:00	5.0	북북서	328	18.58	0.97	5.6	1.37	4.5	9.0	서남서	247	9.4	1002.0	-	358	
2021-11-10 15:30:00	5.5	북	357	18.58	1.02	5.5	1.38	5.5	7.6	서	267	9.2	1002.1	-	349	
2021-11-10 15:35:00	3.8	북	5	18.62	0.87	5.7	1.05	5.0	7.8	서남서	254	9.3	1002.2	-	359	
2021-11-10 15:40:00	5.6	북	2	18.56	0.92	5.8	1.25	7.0	7.6	서	259	9.3	1002.2	-	356	
2021-11-10 15:45:00	4.6	북	11	18.54	0.90	5.6	1.29	6.0	8.9	서남서	252	9.4	1002.1	-	352	
2021-11-10 15:50:00	4.9	북	352	18.53	0.82	5.8	1.03	5.5	8.5	서	259	9.2	1002.2	-	343	
2021-11-10 15:55:00	1.6	서	277	18.52	0.76	5.7	1.05	5.5	8.8	서남서	257	9.2	1002.3	-	356	
2021-11-10 16:00:00	4.5	서	270	18.54	0.84	5.4	1.17	6.0	8.2	서	262	9.2	1002.2	-	340	
2021-11-10 16:05:00	3.8	북북서	344	18.50	0.73	5.5	0.97	6.0	8.3	서	265	9.3	1002.2	-	341	
2021-11-10 16:10:00	5.8	북동	36	18.49	0.82	5.5	1.45	5.0	9.3	서남서	256	9.2	1002.1	-	353	
2021-11-10 16:15:00	1.3	북	353	18.47	0.83	5.7	1.24	6.0	9.5	서	263	9.3	1002.1	-	1	
2021-11-10 16:20:00	2.4	북	350	18.49	0.92	5.8	1.48	6.5	9.8	서남서	256	9.2	1001.9	-	350	
2021-11-10 16:25:00	4.1	북서	313	18.50	0.87	5.3	1.20	5.0	9.7	서	269	9.0	1001.9	-	355	
2021-11-10 16:30:00	2.0	서	281	18.49	0.96	5.7	1.40	6.0	9.5	서	259	9.2	1001.8	-	343	
2021-11-10 16:35:00	3.5	북북서	344	18.50	0.81	5.8	1.11	5.5	10.4	서	262	9.2	1001.8	-	356	
2021-11-10 16:40:00	4.5	북북서	347	18.57	0.69	5.7	1.12	5.0	8.7	서	271	9.1	1001.8	-	344	
2021-11-10 16:45:00	5.5	서남서	258	18.61	0.93	5.5	1.26	5.5	6.3	서북서	294	9.2	1002.0	-	351	
2021-11-10 16:50:00	4.4	서	274	18.61	0.79	5.7	1.20	4.0	7.5	서북서	302	9.2	1002.0	-	345	
2021-11-10 16:55:00	1.3	남서	233	18.60	0.92	5.6	1.63	5.5	6.2	서	277	8.8	1002.1	-	346	
2021-11-10 17:00:00	3.8	남	182	18.61	0.95	5.9	1.15	5.0	9.7	서북서	302	9.3	1002.1	-	359	
2021-11-10 17:05:00	1.9	남서	220	18.61	0.89	5.4	1.32	5.0	8.6	북서	304	9.2	1002.1	-	347	
2021-11-10 17:10:00	1.5	서북서	297	18.61	1.06	5.6	1.62	5.0	10.4	서북서	290	9.6	1002.2	-	355	
2021-11-10 17:15:00	2.7	남	174	18.61	0.82	5.2	1.19	5.5	9.2	서북서	291	9.3	1002.4	-	351	
2021-11-10 17:20:00	3.1	서북서	285	18.62	1.00	5.9	1.33	5.5	8.8	서북서	297	9.5	1002.6	-	349	
2021-11-10 17:25:00	1.4	남서	236	18.60	0.87	5.3	1.31	5.5	8.4	북서	309	9.4	1002.6	-	348	
2021-11-10 17:30:00	1.4	남남서	207	18.61	0.89	5.1	1.11	7.0	8.8	북서	309	9.6	1002.7	-	351	
2021-11-10 17:35:00	3.1	남서	224	18.64	0.78	5.3	0.92	6.0	9.4	북서	310	9.5	1002.8	-	356	
2021-11-10 17:40:00	2.3	서	280	18.65	0.94	4.9	1.35	5.0	9.6	북서	311	9.5	1002.8	-	348	
2021-11-10 17:45:00	2.7	남남동	168	18.65	0.98	5.3	1.33	5.0	10.8	북서	316	9.7	1002.8	-	338	
2021-11-10 17:50:00	1.7	남남동	153	18.65	0.93	5.1	1.63	4.5	11.6	북서	312	9.7	1002.7	-	355	
2021-11-10 17:55:00	2.0	동	98	18.65	0.89	5.5	1.11	5.0	11.7	북서	318	9.7	1002.7	-	353	
2021-11-10 18:00:00	0.3	서	270	18.64	0.94	5.3	1.60	4.5	11.5	북서	308	9.5	1002.7	-	349	
2021-11-10 18:05:00	2.3	북서	306	18.64	0.87	4.9	1.27	6.0	9.9	북서	307	9.6	1002.9	-	342	
2021-11-10 18:10:00	5.9	남	170	18.63	0.93	5.9	1.11	6.0	10.3	서북서	299	9.5	1003.0	-	0	
2021-11-10 18:15:00	2.0	북동	36	18.62	0.90	5.0	1.29	5.5	9.7	서북서	293	9.6	1003.1	-	340	
2021-11-10 18:20:00	3.4	동남동	118	18.57	0.81	5.4	1.18	4.5	10.5	북서	304	9.8	1003.2	-	344	
2021-11-10 18:25:00	2.8	남	189	18.53	0.89	5.3	1.38	5.0	6.5	서	265	9.3	1003.5	-	346	
2021-11-10 18:30:00	3.2	남동	146	18.55	0.89	5.3	1.23	5.5	4.3	남서	226	8.9	1003.7	-	329	
2021-11-10 18:35:00	1.3	남동	130	18.56	0.80	5.1	1.38	5.5	4.3	서남서	238	8.9	1003.7	-	345	
2021-11-10 18:40:00	4.3	북동	36	18.50	0.81	5.1	1.00	5.0	4.1	서남서	252	8.8	1003.8	-	13	
2021-11-10 18:45:00	6.5	남동	132	18.52	0.85	5.6	1.06	6.0	4.6	서남서	246	8.8	1003.9	-	189	
2021-11-10 18:50:00	4.9	동	87	18.50	0.93	5.0	1.23	5.5	4.0	서남서	250	8.6	1003.9	-	336	
2021-11-10 18:55:00	5.8	동	100	18.52	0.84	5.4	1.15	5.0	2.6	서남서	237	8.6	1004.0	-	176	
2021-11-10 19:00:00	3.5	동	99	18.52	0.82	4.7	1.17	5.0	3.2	남남서	208	8.8	1004.0	-	351	
2021-11-10 19:05:00	4.0	동	96	18.51	0.86	5.3	1.07	7.5	2.5	서남서	237	8.7	1004.1	-	3	
2021-11-10 19:10:00	4.1	동남동	102	18.49	0.91	5.6	1.11	6.0	2.7	서남서	243	8.7	1004.2	-	352	
2021-11-10 19:15:00	5.9	동	92	18.48	0.95	5.3	1.59	5.0	3.5	서	270	8.8	1004.1	-	333	
2021-11-10 19:20:00	4.3	동북동	62	18.48	0.80	5.8	1.23	5.5	3.3	남서	232	8.8	1004.1	-	339	
2021-11-10 19:25:00	2.0	남동	125	18.47	0.87	5.3	1.11	5.0	4.0	서	277	9.1	1004.2	-	333	
2021-11-10 19:30:00	1.4	북동	45	18.44	0.86	4.9	1.13	5.0	5.2	서	259	8.9	1004.2	-	350	
2021-11-10 19:35:00	4.0	동북동	72	18.46	1.00	5.6	1.44	6.5	4.6	서	268	8.9	1004.3	-	348	
2021-11-10 19:40:00	3.2	북	10	18.48	0.93	5.3	1.16	5.5	3.7	서	263	8.7	1004.3	-	345	
2021-11-10 19:45:00	3.1	북	360	18.52	1.03	5.5	1.51	5.0	5.2	서	265	8.8	1004.4	-	344	
2021-11-10 19:50:00	2.0	동북동	76	18.52	0.85	5.4	1.32	5.5	4.5	서남서	246	8.7	1004.4	-	356	
2021-11-10 19:55:00	1.9	북북동	17	18.50	0.92	5.6	1.31	6.0	4.2	서	265	8.8	1004.4	-	331	
2021-11-10 20:00:00	2.0	북북동	16	18.38	0.97	5.1	1.34	5.0	4.3	서남서	251	8.7	1004.4	-	348	
2021-11-10 20:05:00	4.9	동북동	63	18.38	0.89	5.3	1.13	5.5	3.1	서남서	258	8.6	1004.4	-	357	
2021-11-10 20:10:00	5.9	동북동	78	18.36	0.92	5.4	1.35	5.5	3.1	서	260	8.7	1004.4	-	356	
2021-11-10 20:15:00	4.5	북동	48	18.35	1.03	5.7	1.23	8.0	2.4	서	264	8.5	1004.4	-	354	
2021-11-10 20:20:00	0.4	서	261	18.38	0.93	5.6	1.45	8.0	4.9	서	278	8.6	1004.5	-	335	
2021-11-10 20:25:00	2.6	동북동	72	18.39	0.84	6.0	1.16	6.0	5.0	서	267	8.7	1004.4	-	349	
2021-11-10 20:30:00	4.1	북	6	18.41	1.00	5.7	1.67	5.5	3.6	서	269	8.5	1004.4	-	2	
2021-11-10 20:35:00	2.7	북동	48	18.43	1.00	6.2	1.44	6.5	6.4	서	270	8.8	1004.5	-	348	
2021-11-10 20:40:00	2.4	북동	40	18.41	0.95	5.7	1.26	4.5	5.4	서	265	8.7	1004.6	-	331	
2021-11-10 20:45:00	1.8	북동	53	18.44	0.98	5.4	1.27	6.0	4.3	서	260	8.4	1004.7	-	334	
2021-11-10 20:50:00	4.5	북	5	18.41	0.89	5.5	1.20	5.5	4.7	서	264	8.4	1004.7	-	338	
2021-11-10 20:55:00	5.4	동북동	70	18.49	1.03	6.3	1.39	5.5	6.0	서	266	8.5	1004.7	-	346	
2021-11-10 21:00:00	0.4	북북서	348	18.50	1.01	6.0	1.35	5.5	4.9	서	278	8.7	1004.8	-	342	
2021-11-10 21:05:00	6.0	북	353	18.51	1.08	6.3	1.55	6.5	5.0	서	274	8.7	1004.8	-	344	
2021-11-10 21:10:00	0.7	북북동	17	18.49	1.00	5.6	1.25	5.5	5.4	서	275	8.7	1004.8	-	351	
2021-11-10 21:15:00	6.1	북북동	13	18.47	0.98	6.1	1.20	7.0	7.8	서북서	292	8.8	1004.8	-	346	
2021-11-10 21:20:00	0.3	북북동	16	18.49	1.04	6.5	1.40	7.5	7.8	서북서	296	9.1	1004.7	-	351	
2021-11-10 21:25:00	4.5	북북서	344	18.50	1.01	6.3	1.31	7.0	7.9	서북서	293	9.2	1004.6	-	352	
2021-11-10 21:30:00	4.5	북서	326	18.51	1.01	6.1	1.59	5.5	8.3	서북서	285	9.1	1004.6	-	359	
2021-11-10 21:35:00	3.3	서북서	300	18.52	0.96	6.6	1.48	6.5	7.5	서북서	290	9.1	1004.7	-	359	
2021-11-10 21:40:00	1.8	북북서	340	18.51	1.24	6.7	1.54	7.0	7.4	서북서	295	9.2	1004.6	-	353	
2021-11-10 21:45:00	2.6	서	267	18.51	1.04	6.1	1.43	5.0	8.5	서북서	287	9.0	1004.5	-	346	
2021-11-10 21:50:00	2.8	북	351	18.50	1.11	5.8	1.77	5.5	8.1	서북서	286	9.0	1004.5	-	351	
2021-11-10 21:55:00	4.8	북북서	331	18.49	1.12	6.6	1.48	4.5	8.2	서북서	296	9.0	1004.5	-	347	
2021-11-10 22:00:00	2.2	북북서	335	18.51	1.11	7.0	1.33	6.5	7.4	서북서	297	8.9	1004.6	-	353	
2021-11-10 22:05:00	4.1	북서	325	18.51	1.16	6.1	1.80	6.0	5.8	서북서	283	8.9	1004.7	-	349	
2021-11-10 22:10:00	4.0	북서	312	18.51	1.05	6.0	1.32	5.5	5.1	서	275	8.7	1004.8	-	351	
2021-11-10 22:15:00	3.9	북북서	346	18.51	1.28	7.3	1.56	5.5	5.0	서	274	8.8	1004.8	-	358	
2021-11-10 22:20:00	4.1	북북서	329	18.51	1.23	6.6	1.66	6.5	4.8	서북서	283	8.8	1004.8	-	358	
2021-11-10 22:25:00	3.4	서	263	18.48	1.26	6.7	1.61	6.0	5.2	서	276	8.8	1004.8	-	9	
2021-11-10 22:30:00	4.5	북	4	18.48	1.33	6.4	1.89	6.0	4.5	서남서	257	8.9	1004.8	-	353	
2021-11-10 22:35:00	4.7	북북서	342	18.51	1.13	6.2	1.53	8.0	3.9	서남서	254	8.7	1004.9	-	348	
2021-11-10 22:40:00	4.9	북북서	338	18.51	1.25	7.4	1.80	8.5	4.7	서	273	8.8	1004.8	-	11	
2021-11-10 22:45:00	3.6	서남서	238	18.51	1.26	6.5	1.72	5.5	2.8	서	263	8.7	1004.7	-	10	
2021-11-10 22:50:00	4.6	서	267	18.52	1.26	6.4	1.58	7.5	6.0	서	265	8.7	1004.7	-	356	
2021-11-10 22:55:00	5.3	북서	308	18.49	1.45	6.3	2.59	6.0	2.8	서남서	258	8.6	1004.8	-	5	
2021-11-10 23:00:00	6.9	북북서	342	18.49	1.06	6.7	1.40	5.0	1.9	서남서	249	8.6	1004.8	-	347	
2021-11-10 23:05:00	7.7	남남서	198	18.50	1.31	6.1	1.84	5.5	3.3	서남서	256	8.5	1004.9	-	2	
2021-11-10 23:10:00	2.3	남남서	211	18.51	1.11	6.2	1.37	5.0	1.4	서남서	254	8.4	1005.0	-	3	
2021-11-10 23:15:00	5.1	북서	318	18.51	1.15	6.9	1.48	5.0	3.4	서북서	291	8.5	1005.0	-	356	
2021-11-10 23:20:00	5.9	서북서	291	18.51	1.32	7.2	2.12	6.5	2.6	서	263	8.6	1005.0	-	344	
2021-11-10 23:25:00	4.6	북북서	331	18.51	1.27	6.1	1.74	5.5	2.5	서	260	8.4	1005.0	-	359	
2021-11-10 23:30:00	1.2	서남서	252	18.51	1.32	6.4	2.05	6.5	4.9	서북서	300	8.5	1005.0	-	17	
2021-11-10 23:35:00	6.1	북북서	336	18.53	1.34	7.3	1.52	6.0	2.9	서북서	285	8.5	1005.1	-	359	
2021-11-10 23:40:00	9.5	북서	315	18.52	1.24	7.2	1.70	9.5	5.0	서	271	8.4	1005.0	-	8	
2021-11-10 23:45:00	2.6	북서	321	18.52	1.31	7.1	1.62	7.0	5.0	서북서	286	8.4	1005.0	-	12	
2021-11-10 23:50:00	3.2	서북서	299	18.53	1.12	6.6	1.42	5.0	5.0	서남서	249	8.4	1005.0	-	17	
2021-11-10 23:55:00	7.2	서	265	18.56	1.39	7.1	2.25	7.5	4.9	서	273	8.4	1005.1	-	357	
2021-11-11 00:00:00	7.4	북서	325	18.53	1.39	7.1	1.98	7.5	5.5	서북서	287	8.4	1005.1	-	12	
2021-11-11 00:05:00	6.7	서북서	303	18.54	1.25	7.3	1.45	6.5	6.4	서	281	8.3	1005.1	-	357	
2021-11-11 00:10:00	9.4	서북서	303	18.57	1.32	7.7	1.97	8.5	6.6	서	272	8.4	1005.0	-	10	
2021-11-11 00:15:00	9.8	북북서	346	18.57	1.05	6.9	1.41	7.5	5.6	서	266	8.3	1005.0	-	348	
2021-11-11 00:20:00	6.6	북북서	347	18.59	1.25	7.4	1.47	6.0	5.8	서	265	8.3	1005.1	-	21	
2021-11-11 00:25:00	4.0	북서	307	18.58	1.18	6.4	1.43	8.0	5.3	서	273	8.5	1005.1	-	355	
2021-11-11 00:30:00	6.5	북북서	343	18.56	1.03	6.1	1.80	6.0	4.7	서	273	8.3	1005.2	-	355	
2021-11-11 00:35:00	5.9	북북서	326	18.57	1.29	7.3	2.17	8.5	5.2	서	274	8.2	1005.2	-	29	
2021-11-11 00:40:00	8.0	북서	320	18.56	1.14	7.2	1.79	7.5	4.9	서	277	8.1	1005.3	-	31	
2021-11-11 00:45:00	4.7	북서	313	18.56	1.15	7.4	1.77	7.0	5.1	서	281	8.0	1005.3	-	16	
2021-11-11 00:50:00	6.5	북서	319	18.56	1.35	7.1	1.77	9.5	5.8	서	275	8.3	1005.3	-	357	
2021-11-11 00:55:00	6.0	북북서	335	18.53	1.18	6.6	1.61	5.5	5.2	서	268	8.4	1005.2	-	358	
2021-11-11 01:00:00	7.7	서북서	293	18.55	1.23	6.0	1.49	6.0	6.0	서남서	258	8.3	1005.2	-	356	
2021-11-11 01:05:00	7.8	북서	318	18.55	1.35	6.8	1.80	5.5	7.1	서	259	8.3	1005.1	-	13	
2021-11-11 01:10:00	5.5	북서	311	18.54	1.04	5.8	1.28	5.0	6.9	서남서	244	8.3	1005.1	-	349	
2021-11-11 01:15:00	10.0	서북서	303	18.54	1.12	6.5	1.50	7.0	6.2	서	261	8.3	1005.2	-	0	
2021-11-11 01:20:00	6.4	북북서	332	18.53	1.29	6.8	1.62	6.5	6.5	서남서	254	8.4	1005.2	-	359	
2021-11-11 01:25:00	4.9	북북서	339	18.53	1.22	6.6	1.70	6.5	6.7	서남서	255	8.4	1005.3	-	6	
2021-11-11 01:30:00	8.0	북서	321	18.55	1.11	6.9	1.31	7.0	6.4	서	266	8.1	1005.3	-	3	
2021-11-11 01:35:00	6.2	북북서	328	18.54	1.38	6.7	2.06	6.0	7.0	서남서	248	8.1	1005.2	-	353	
2021-11-11 01:40:00	5.7	북서	306	18.52	1.28	7.4	1.65	5.0	7.4	서남서	249	7.9	1005.2	-	14	
2021-11-11 01:45:00	7.4	북북서	338	18.54	1.37	6.9	1.77	7.0	6.5	서	262	8.0	1005.3	-	20	
2021-11-11 01:50:00	9.7	북북서	329	18.54	1.29	7.8	1.91	6.5	6.9	서	262	7.9	1005.3	-	27	
2021-11-11 01:55:00	6.9	북서	315	18.53	1.29	6.8	1.70	5.5	7.0	서	268	7.8	1005.3	-	36	
2021-11-11 02:00:00	8.0	북서	311	18.52	0.95	7.0	1.36	8.0	5.7	서	261	7.9	1005.3	-	26	
2021-11-11 02:05:00	5.6	서북서	294	18.53	1.12	7.6	1.59	7.5	6.3	서	275	7.8	1005.3	-	40	
2021-11-11 02:10:00	10.4	북서	319	18.54	1.06	7.1	1.33	7.5	5.6	서	262	7.7	1005.4	-	10	
2021-11-11 02:15:00	9.3	북서	321	18.53	1.05	5.8	1.61	6.0	6.0	서	268	7.9	1005.4	-	358	
2021-11-11 02:20:00	5.5	서	280	18.54	1.10	6.8	1.36	8.0	7.2	서	260	8.0	1005.4	-	30	
2021-11-11 02:25:00	14.1	서북서	300	18.52	1.26	7.0	1.72	6.5	6.7	서남서	245	7.8	1005.5	-	29	
2021-11-11 02:30:00	4.8	북서	315	18.51	1.03	7.3	1.26	5.5	8.3	서남서	239	7.7	1005.4	-	21	
2021-11-11 02:35:00	8.5	북서	311	18.49	1.15	6.3	1.52	5.0	8.4	서남서	244	7.7	1005.4	-	359	
2021-11-11 02:40:00	11.1	북서	322	18.50	1.10	7.0	1.67	8.0	9.0	서남서	250	8.0	1005.4	-	23	
2021-11-11 02:45:00	9.8	북서	315	18.52	1.14	6.9	1.46	7.5	8.8	서남서	244	7.8	1005.3	-	359	
2021-11-11 02:50:00	14.2	북서	317	18.51	1.09	7.4	1.55	7.5	8.3	서남서	249	7.6	1005.3	-	347	
2021-11-11 02:55:00	14.2	북서	314	18.51	1.01	7.6	1.32	7.5	8.1	서남서	246	7.7	1005.4	-	32	
2021-11-11 03:00:00	10.8	북서	307	18.52	1.41	8.7	1.89	7.5	7.6	서남서	252	7.6	1005.4	-	40	
2021-11-11 03:05:00	11.1	북북서	333	18.53	0.98	7.2	1.47	7.0	6.7	서남서	252	7.6	1005.5	-	44	
2021-11-11 03:10:00	9.4	북서	324	18.51	1.05	7.3	1.40	7.0	6.8	서남서	252	7.5	1005.5	-	30	
2021-11-11 03:15:00	12.3	북서	312	18.50	1.04	7.4	1.27	7.0	6.7	서남서	258	7.5	1005.5	-	9	
2021-11-11 03:20:00	9.6	북서	316	18.50	1.11	7.3	1.52	9.0	6.7	서남서	258	7.6	1005.6	-	20	
2021-11-11 03:25:00	17.7	북서	313	18.50	1.10	7.3	1.38	6.0	6.4	서남서	253	7.3	1005.6	-	26	
2021-11-11 03:30:00	14.4	북서	313	18.49	1.30	7.6	1.84	7.0	6.6	서	259	7.3	1005.7	-	49	
2021-11-11 03:35:00	10.9	북서	307	18.49	1.21	7.3	1.51	7.0	6.1	서남서	255	7.3	1005.7	-	33	
2021-11-11 03:40:00	12.2	북서	318	18.49	1.07	7.9	1.17	7.5	5.3	서	261	7.1	1005.7	-	40	
2021-11-11 03:45:00	9.3	서북서	294	18.49	1.18	7.9	1.65	10.5	5.8	서	272	6.9	1005.7	-	34	
2021-11-11 03:50:00	11.0	북서	306	18.49	1.25	8.1	1.79	6.5	6.9	서남서	253	7.3	1005.7	-	42	
2021-11-11 03:55:00	8.2	북서	308	18.48	1.04	7.1	1.46	7.5	6.7	서남서	244	7.3	1005.7	-	44	
2021-11-11 04:00:00	8.0	북서	309	18.48	1.12	7.3	1.58	7.5	7.2	서남서	242	7.2	1005.8	-	10	
2021-11-11 04:05:00	8.7	서북서	294	18.49	1.02	6.4	1.47	7.0	7.5	서남서	247	7.1	1005.9	-	36	
2021-11-11 04:10:00	9.9	북서	315	18.47	1.02	7.1	1.29	7.0	8.4	서남서	243	7.0	1006.0	-	19	
2021-11-11 04:15:00	11.8	북서	323	18.46	0.97	6.6	1.27	7.0	8.1	서남서	248	7.0	1006.0	-	19	
2021-11-11 04:20:00	11.4	북서	315	18.45	0.97	7.1	1.31	7.5	8.0	서남서	249	6.9	1006.0	-	26	
2021-11-11 04:25:00	4.3	북서	318	18.44	1.05	7.5	1.55	6.5	7.9	서남서	250	7.0	1006.0	-	1	
2021-11-11 04:30:00	12.2	북서	317	18.45	1.03	6.9	1.47	7.0	8.3	서남서	251	7.0	1006.0	-	355	
2021-11-11 04:35:00	11.2	서북서	296	18.45	0.91	7.4	1.05	7.5	9.2	서남서	249	6.9	1005.9	-	350	
2021-11-11 04:40:00	9.0	북서	312	18.41	1.00	7.9	1.37	8.5	8.5	서	261	6.8	1006.1	-	18	
2021-11-11 04:45:00	11.2	북서	326	18.42	1.05	7.2	1.84	6.5	7.2	서남서	258	6.9	1006.2	-	342	
2021-11-11 04:50:00	13.6	북서	319	18.37	0.99	7.6	1.47	7.0	5.7	서	267	6.6	1006.4	-	19	
2021-11-11 04:55:00	15.1	북북서	332	18.35	0.90	7.4	1.50	8.5	3.1	서	278	6.4	1006.5	-	35	
2021-11-11 05:00:00	13.3	북서	325	18.33	0.98	6.6	1.49	7.5	3.3	서	277	6.4	1006.6	-	43	
2021-11-11 05:05:00	15.7	북서	319	18.33	0.84	6.7	1.07	7.0	3.4	서남서	238	6.5	1006.6	-	53	
2021-11-11 05:10:00	14.6	북북서	327	18.29	1.16	7.6	1.73	9.5	5.8	서남서	241	6.7	1006.6	-	60	
2021-11-11 05:15:00	11.0	북북서	332	18.27	0.92	6.6	1.31	7.5	4.3	남서	225	6.6	1006.7	-	50	
2021-11-11 05:20:00	16.6	북북서	327	18.33	0.93	7.0	1.15	8.5	3.1	서남서	239	6.4	1006.9	-	41	
2021-11-11 05:25:00	12.7	북북서	328	18.33	0.93	6.9	1.13	8.0	2.6	서남서	239	6.4	1006.9	-	28	
2021-11-11 05:30:00	11.6	북서	317	18.35	0.91	6.5	1.17	5.0	4.1	서남서	240	6.4	1006.9	-	44	
2021-11-11 05:35:00	17.9	북서	325	18.37	0.91	6.9	1.22	6.5	2.6	서남서	258	6.3	1006.8	-	40	
2021-11-11 05:40:00	9.8	북서	312	18.37	1.01	6.9	1.35	7.0	3.0	서남서	251	6.7	1006.8	-	25	
2021-11-11 05:45:00	19.3	북서	326	18.36	0.98	6.3	1.30	6.5	2.7	서북서	297	7.0	1006.9	-	37	
2021-11-11 05:50:00	12.3	북서	321	18.36	1.03	7.0	1.21	7.5	3.4	서	277	7.1	1007.0	-	42	
2021-11-11 05:55:00	14.0	북북서	328	18.33	1.08	6.8	1.63	6.0	3.3	서	269	7.0	1007.0	-	34	
2021-11-11 06:00:00	10.6	북서	325	18.33	1.01	6.6	1.51	5.5	3.8	서	269	7.0	1007.1	-	354	
2021-11-11 06:05:00	8.9	북서	309	18.31	0.96	6.5	1.21	8.0	4.5	서	268	6.9	1007.1	-	31	
2021-11-11 06:10:00	16.3	북북서	327	18.31	1.08	7.1	1.32	6.0	4.4	서	265	7.0	1007.1	-	23	
2021-11-11 06:15:00	13.1	북서	326	18.31	0.94	6.8	1.32	6.0	5.3	서	276	7.0	1007.2	-	38	
2021-11-11 06:20:00	13.0	북북서	331	18.31	1.04	7.2	1.54	7.5	4.7	서	277	7.0	1007.3	-	40	
2021-11-11 06:25:00	11.2	북서	318	18.29	1.02	6.7	1.25	6.0	3.9	서	280	7.0	1007.3	-	15	
2021-11-11 06:30:00	13.1	북서	324	18.30	0.87	6.5	1.07	5.0	6.3	서	268	7.1	1007.4	-	47	
2021-11-11 06:35:00	8.0	북서	315	18.28	0.84	6.5	1.20	7.5	7.5	서	281	7.2	1007.3	-	31	
2021-11-11 06:40:00	10.5	북북서	340	18.27	0.93	7.0	1.21	7.5	6.9	서북서	289	7.1	1007.3	-	45	
2021-11-11 06:45:00	4.7	서북서	298	18.28	0.96	7.0	1.16	9.5	6.7	서	277	7.3	1007.3	-	35	
2021-11-11 06:50:00	9.0	북서	322	18.26	0.97	7.2	1.43	6.5	7.9	서	273	7.2	1007.2	-	15	
2021-11-11 06:55:00	7.4	북북서	327	18.19	0.94	6.4	1.43	6.0	8.1	서	276	7.3	1007.2	-	32	
2021-11-11 07:00:00	6.3	북북서	334	18.16	0.86	7.4	0.98	7.5	8.7	서	272	7.3	1007.2	-	34	
2021-11-11 07:05:00	14.1	북북서	328	18.16	0.94	5.8	2.00	6.5	9.0	서	270	7.4	1007.2	-	347	
2021-11-11 07:10:00	9.1	북서	315	18.17	0.90	6.9	1.09	8.0	10.0	서	275	7.5	1007.2	-	45	
2021-11-11 07:15:00	9.6	북서	305	18.18	0.94	5.8	1.13	4.5	9.0	서	274	7.4	1007.5	-	347	
2021-11-11 07:20:00	8.2	북서	323	18.16	0.95	5.9	1.33	5.5	8.9	서북서	283	7.6	1007.6	-	4	
2021-11-11 07:25:00	10.0	북북서	335	18.17	1.00	5.7	1.83	5.5	7.8	서	275	7.4	1007.7	-	2	
2021-11-11 07:30:00	11.0	북서	311	18.14	0.96	6.3	1.21	4.0	7.9	서북서	287	7.5	1007.7	-	38	
2021-11-11 07:35:00	9.3	북북서	332	18.10	0.86	5.8	1.05	7.5	7.5	서	278	7.4	1007.8	-	347	
2021-11-11 07:40:00	11.4	북북서	330	18.07	0.96	6.0	1.10	7.0	7.9	서북서	286	7.6	1007.9	-	25	
2021-11-11 07:45:00	9.2	북북서	343	18.05	1.02	5.8	1.50	5.0	6.2	서북서	283	7.5	1008.0	-	323	
2021-11-11 07:50:00	9.5	북서	320	18.04	1.06	6.1	1.52	6.5	5.9	서북서	282	7.5	1008.1	-	147	
2021-11-11 07:55:00	9.6	북	350	18.04	0.90	5.5	1.35	6.5	7.6	서	277	7.8	1008.0	-	118	
2021-11-11 08:00:00	9.5	북북서	342	18.04	0.86	6.2	1.12	8.0	6.6	서	264	7.7	1008.1	-	32	
2021-11-11 08:05:00	9.8	북서	319	18.02	1.05	6.1	1.24	6.5	6.5	서	270	8.0	1008.1	-	348	
2021-11-11 08:10:00	11.1	북북서	334	18.03	1.11	6.3	1.28	5.5	7.2	서	277	8.0	1008.0	-	19	
2021-11-11 08:15:00	9.2	북북서	329	18.04	0.98	5.9	1.31	6.5	8.2	서	274	8.2	1008.0	-	356	
2021-11-11 08:20:00	14.1	북북서	340	18.02	1.15	6.3	1.30	5.5	8.1	서	265	8.0	1007.9	-	17	
2021-11-11 08:25:00	7.1	북북서	336	18.00	0.99	5.7	1.68	5.5	9.7	서	267	8.3	1007.9	-	0	
2021-11-11 08:30:00	10.2	북서	315	18.01	0.91	5.7	1.42	6.5	9.6	서	273	8.2	1008.0	-	34	
2021-11-11 08:35:00	14.1	북북서	330	18.00	0.94	6.5	1.33	7.5	9.2	서	270	8.4	1008.0	-	30	
2021-11-11 08:40:00	9.9	북서	325	18.01	0.94	6.0	1.65	8.0	9.0	서	271	8.4	1008.0	-	28	
2021-11-11 08:45:00	8.6	북북서	337	18.00	1.02	6.7	1.20	5.5	10.0	서	263	8.5	1007.9	-	18	
2021-11-11 08:50:00	10.4	북북서	341	17.99	1.08	6.2	1.52	5.5	10.0	서	273	8.6	1007.9	-	27	
2021-11-11 08:55:00	12.1	북서	318	18.01	1.05	6.3	1.48	8.0	9.8	서	272	8.8	1007.9	-	21	
2021-11-11 09:00:00	13.5	북서	323	18.02	1.07	6.9	1.45	7.0	9.3	서	270	8.9	1007.9	-	47	
2021-11-11 09:05:00	5.3	북	359	18.00	0.93	5.8	1.85	5.5	9.6	서	263	8.9	1007.9	-	349	
2021-11-11 09:10:00	10.8	북서	318	18.05	1.09	6.1	1.45	7.0	9.9	서	266	9.0	1007.8	-	357	
2021-11-11 09:15:00	14.6	북서	311	18.04	1.13	7.0	1.39	6.5	9.8	서	267	9.1	1007.8	-	24	
2021-11-11 09:20:00	9.6	서북서	295	18.06	0.97	6.2	1.40	7.5	9.1	서	274	8.9	1007.8	-	342	
2021-11-11 09:25:00	10.9	북서	319	17.99	1.02	6.5	1.57	5.5	7.3	서북서	282	8.9	1007.9	-	9	
2021-11-11 09:30:00	13.5	서북서	296	18.01	0.99	6.3	1.58	7.0	6.7	서북서	288	8.9	1007.8	-	9	
2021-11-11 09:35:00	14.4	북서	321	18.04	1.24	6.0	1.67	5.0	10.9	서	278	9.4	1007.6	-	4	
2021-11-11 09:40:00	7.6	북서	308	18.02	1.06	6.4	1.35	5.5	10.4	서	272	9.3	1007.6	-	12	
2021-11-11 09:45:00	11.1	북북서	339	18.00	1.14	6.3	1.58	5.5	11.4	서	274	9.4	1007.5	-	29	
2021-11-11 09:50:00	16.8	북서	316	18.01	0.98	5.7	1.38	7.5	11.1	서	267	9.5	1007.4	-	33	
2021-11-11 09:55:00	6.1	서북서	292	17.98	1.02	5.9	1.32	7.5	13.4	서	266	9.6	1007.1	-	2	
2021-11-11 10:00:00	13.8	북북서	328	17.99	1.11	5.8	1.55	7.0	13.7	서	269	9.6	1007.0	-	334	
2021-11-11 10:05:00	10.1	북북서	343	17.98	1.02	5.8	1.40	6.0	14.3	서	265	9.6	1007.0	-	21	
2021-11-11 10:10:00	5.7	서북서	295	17.98	1.23	6.0	1.69	6.5	13.9	서	273	9.7	1007.0	-	352	
2021-11-11 10:15:00	10.4	북북서	340	17.98	1.28	6.6	1.77	5.5	15.3	서	271	9.8	1006.9	-	36	
2021-11-11 10:20:00	10.6	북북서	340	17.96	1.07	5.7	1.65	5.0	14.3	서	273	10.0	1006.9	-	318	
2021-11-11 10:25:00	9.5	북	359	17.91	1.14	5.8	1.44	6.0	14.7	서	270	10.0	1007.0	-	18	
2021-11-11 10:30:00	10.6	북서	316	17.89	1.46	6.0	1.97	6.0	14.6	서	272	10.0	1007.1	-	355	
2021-11-11 10:35:00	10.6	북서	317	17.86	1.17	6.2	1.76	6.0	13.9	서	277	10.1	1007.4	-	11	
2021-11-11 10:40:00	16.2	북북서	335	17.85	1.16	6.3	1.51	7.5	13.1	서북서	286	10.1	1007.6	-	25	
2021-11-11 10:45:00	7.8	북북서	337	17.83	1.06	6.3	1.58	7.0	12.9	서북서	289	10.0	1007.7	-	11	
2021-11-11 10:50:00	7.4	북서	304	17.83	1.05	5.6	1.47	5.5	12.1	서북서	290	10.1	1007.8	-	332	
2021-11-11 10:55:00	12.7	북북서	330	17.83	1.10	6.5	1.91	6.0	11.3	서북서	288	10.1	1007.8	-	36	
2021-11-11 11:00:00	11.0	북북서	340	17.82	1.16	6.1	1.47	6.0	11.4	서북서	293	10.1	1007.8	-	23	
2021-11-11 11:05:00	14.3	북북서	339	17.82	1.12	6.4	1.65	6.5	10.7	서북서	297	10.0	1007.9	-	27	
2021-11-11 11:10:00	8.8	북서	324	17.81	0.89	6.6	1.14	6.0	10.0	서북서	300	10.0	1007.9	-	31	
2021-11-11 11:15:00	14.3	북북서	333	17.81	1.09	5.7	2.00	6.0	12.4	서북서	300	10.1	1007.8	-	19	
2021-11-11 11:20:00	16.2	북북서	342	17.80	1.08	5.6	1.34	5.5	11.2	서북서	300	10.2	1007.8	-	349	
2021-11-11 11:25:00	20.0	북서	324	17.81	1.05	5.9	1.37	4.5	9.8	서북서	297	9.9	1007.8	-	350	
2021-11-11 11:30:00	12.9	북북서	335	17.84	1.17	6.2	1.51	6.5	9.1	서북서	293	10.0	1007.7	-	8	
2021-11-11 11:35:00	15.2	북북서	332	17.83	1.01	6.3	1.27	5.0	9.4	서북서	300	10.0	1007.6	-	20	
2021-11-11 11:40:00	15.0	북서	305	17.89	1.02	6.6	1.20	5.5	11.2	서북서	302	10.2	1007.4	-	2	
2021-11-11 11:45:00	16.0	서북서	303	17.92	1.07	6.4	1.52	6.5	10.1	서북서	297	10.0	1007.4	-	23	
2021-11-11 11:50:00	11.7	북서	317	17.87	1.14	5.6	1.37	5.5	12.8	서북서	296	10.3	1007.3	-	336	
2021-11-11 11:55:00	14.9	북북서	345	17.92	1.23	5.8	1.58	5.0	11.9	서북서	297	10.1	1007.3	-	346	
2021-11-11 12:00:00	12.9	북서	317	17.94	1.21	6.7	1.64	8.0	11.3	서북서	302	9.9	1007.2	-	18	
2021-11-11 12:05:00	14.3	북서	315	17.95	1.21	6.6	1.71	7.0	11.1	서북서	301	10.2	1007.1	-	4	
2021-11-11 12:10:00	11.2	북서	311	17.93	1.03	5.5	1.43	7.0	11.3	서북서	289	10.3	1007.1	-	337	
2021-11-11 12:15:00	19.2	북서	320	17.92	1.20	5.8	1.50	6.5	11.9	서북서	290	10.1	1007.0	-	339	
2021-11-11 12:20:00	13.6	북북서	338	17.90	1.18	6.1	1.52	6.0	10.7	서북서	290	10.3	1007.0	-	359	
2021-11-11 12:25:00	15.3	북서	318	17.90	1.11	6.1	1.39	6.5	10.6	서북서	288	10.3	1006.8	-	353	
2021-11-11 12:30:00	23.3	북서	325	17.89	1.09	6.3	1.74	6.0	10.9	서북서	294	10.5	1006.6	-	342	
2021-11-11 12:35:00	13.3	북북서	334	17.87	1.07	5.4	1.40	5.5	11.8	서북서	283	10.6	1006.7	-	348	
2021-11-11 12:40:00	16.7	북서	325	17.93	1.03	5.5	1.60	5.5	9.9	서북서	287	10.6	1006.7	-	349	
2021-11-11 12:45:00	18.0	북북서	329	17.92	0.98	5.6	1.31	6.0	10.4	서북서	297	10.6	1006.5	-	6	
2021-11-11 12:50:00	14.7	북서	312	17.98	0.92	5.3	1.29	5.5	9.2	서북서	295	10.9	1006.5	-	303	
2021-11-11 12:55:00	14.4	북서	324	18.00	1.01	5.7	1.40	6.0	8.9	서	277	10.7	1006.4	-	6	
2021-11-11 13:00:00	12.5	북서	308	18.01	1.12	5.8	1.77	5.5	8.8	서	279	10.9	1006.4	-	5	
2021-11-11 13:05:00	18.1	북북서	334	18.05	1.10	5.7	1.68	5.5	7.0	서	278	10.9	1006.6	-	356	
2021-11-11 13:10:00	14.6	북북서	335	17.99	1.20	5.7	1.74	5.5	7.3	서	273	10.9	1006.6	-	6	
2021-11-11 13:15:00	16.4	북서	325	18.03	1.05	5.1	1.33	6.0	7.7	서북서	285	11.0	1006.5	-	270	
2021-11-11 13:20:00	12.9	북서	322	18.00	1.06	5.8	1.31	5.0	10.1	서북서	290	10.9	1006.3	-	6	
2021-11-11 13:25:00	13.9	북서	325	18.02	1.04	5.7	1.40	4.5	9.5	서북서	282	11.0	1006.4	-	334	
2021-11-11 13:30:00	17.6	북북서	331	18.05	1.07	5.9	1.45	5.5	7.3	서북서	283	10.8	1006.5	-	332	
2021-11-11 13:35:00	16.6	북북서	339	18.07	1.07	6.0	1.47	5.5	6.8	서	277	10.8	1006.5	-	358	
2021-11-11 13:40:00	14.0	북북서	331	18.08	0.99	5.7	1.50	5.5	5.5	서	269	10.7	1006.5	-	11	
2021-11-11 13:45:00	18.4	북북서	344	18.07	0.97	5.8	1.36	7.0	5.8	서	268	11.0	1006.6	-	352	
2021-11-11 13:50:00	11.2	북서	313	18.07	0.97	5.6	1.52	4.5	5.7	서	260	10.9	1006.6	-	357	
2021-11-11 13:55:00	15.4	북서	323	18.06	0.88	6.1	1.39	5.0	7.1	서	281	10.7	1006.5	-	357	
2021-11-11 14:00:00	14.0	북북서	330	18.05	0.88	5.7	1.04	8.0	6.9	서	275	10.6	1006.5	-	13	
2021-11-11 14:05:00	18.0	북북서	331	18.05	0.90	5.7	1.26	5.0	7.4	서	266	10.6	1006.6	-	333	
2021-11-11 14:10:00	16.3	북서	326	18.04	0.92	5.8	1.22	5.5	7.1	서	264	10.5	1006.6	-	183	
2021-11-11 14:15:00	20.9	북서	326	18.02	0.96	6.1	1.51	5.0	6.7	서	260	10.3	1006.6	-	34	
2021-11-11 14:20:00	15.1	북서	325	18.00	0.89	6.2	1.18	5.5	7.6	서남서	256	10.2	1006.6	-	356	
2021-11-11 14:25:00	18.4	북서	326	17.99	1.01	5.9	1.59	5.5	6.8	서	280	10.1	1006.6	-	354	
2021-11-11 14:30:00	14.6	북서	323	17.98	0.93	6.1	1.12	5.0	6.7	서북서	293	10.0	1006.6	-	17	
2021-11-11 14:35:00	14.6	북북서	329	17.97	0.89	6.7	1.16	8.5	5.2	서북서	299	10.0	1006.6	-	55	
2021-11-11 14:40:00	15.7	북서	319	17.95	0.83	5.4	1.24	5.5	5.1	서북서	300	10.3	1006.6	-	350	
2021-11-11 14:45:00	16.3	북서	315	17.93	1.04	6.6	1.45	5.0	6.6	북서	308	10.3	1006.6	-	2	
2021-11-11 14:50:00	14.7	북서	325	17.93	1.10	5.3	1.36	5.5	7.5	북서	313	10.1	1006.6	-	351	
2021-11-11 14:55:00	14.9	북북서	329	17.92	1.05	6.6	1.31	6.0	6.8	북서	306	10.1	1006.6	-	31	
2021-11-11 15:00:00	13.9	북서	321	17.92	1.02	5.8	1.36	6.0	6.5	서북서	303	10.2	1006.6	-	350	
2021-11-11 15:05:00	18.2	북서	321	17.91	0.99	5.4	1.40	6.0	6.6	북서	304	10.1	1006.6	-	352	
2021-11-11 15:10:00	17.6	북서	319	17.90	1.05	5.3	1.43	6.5	6.2	서북서	294	9.9	1006.6	-	42	
2021-11-11 15:15:00	16.6	북서	308	17.89	1.10	5.6	1.47	5.5	5.8	북서	308	10.0	1006.6	-	353	
2021-11-11 15:20:00	14.1	북서	321	17.88	0.97	6.3	1.19	4.5	5.6	서북서	303	10.2	1006.7	-	73	
2021-11-11 15:25:00	18.0	북서	314	17.87	0.97	6.1	1.39	5.0	4.7	서북서	303	10.5	1006.7	-	337	
2021-11-11 15:30:00	18.8	북서	323	17.86	1.01	5.9	1.51	6.0	3.1	서북서	290	10.3	1006.7	-	325	
2021-11-11 15:35:00	16.4	북서	325	17.85	0.99	5.6	1.53	5.0	3.4	서북서	295	10.4	1006.8	-	229	
2021-11-11 15:40:00	18.1	북서	322	17.83	1.00	6.0	1.44	7.5	7.6	남서	234	10.6	1006.7	-	354	
2021-11-11 15:45:00	13.0	북북서	343	17.82	0.98	5.6	1.18	4.5	8.1	서	267	10.6	1006.7	-	348	
2021-11-11 15:50:00	11.6	북북서	330	17.82	0.83	5.6	1.10	6.5	8.4	서남서	248	10.6	1006.8	-	55	
2021-11-11 15:55:00	10.9	북북서	340	17.79	0.91	6.2	1.07	4.5	9.6	서남서	245	10.3	1006.8	-	349	
2021-11-11 16:00:00	11.6	북북서	335	17.80	1.01	6.4	1.38	6.5	6.8	서남서	245	10.2	1006.9	-	348	
2021-11-11 16:05:00	11.7	북서	325	17.79	0.88	5.5	1.28	5.5	5.9	서남서	252	10.2	1007.0	-	2	
2021-11-11 16:10:00	8.6	북북서	334	17.78	1.02	5.5	1.45	6.0	7.7	서남서	257	10.4	1006.9	-	340	
2021-11-11 16:15:00	13.7	북북서	341	17.77	0.99	5.7	1.62	6.0	8.4	서남서	257	10.4	1007.0	-	343	
2021-11-11 16:20:00	14.1	북북서	340	17.75	0.90	5.8	1.21	8.0	7.3	서남서	257	10.3	1007.0	-	322	
2021-11-11 16:25:00	7.7	북북서	345	17.75	0.84	6.4	1.44	5.5	8.2	서	261	10.3	1007.0	-	36	
2021-11-11 16:30:00	14.0	북서	309	17.79	1.07	5.9	1.52	7.5	9.1	서	266	10.4	1006.9	-	346	
2021-11-11 16:35:00	14.0	북서	317	17.85	0.92	6.0	1.14	5.0	8.9	서	270	10.3	1006.9	-	6	
2021-11-11 16:40:00	11.7	북서	325	17.85	0.97	5.5	1.47	5.5	8.8	서	260	10.6	1006.9	-	346	
2021-11-11 16:45:00	12.8	북서	316	17.91	0.92	5.5	1.42	5.5	8.1	서남서	251	10.7	1006.9	-	341	
2021-11-11 16:50:00	10.6	북서	326	17.93	0.82	5.8	1.55	5.5	6.6	서	259	10.6	1007.0	-	0	
2021-11-11 16:55:00	13.6	북서	305	17.95	0.82	5.6	1.20	6.5	6.4	서	263	10.5	1007.1	-	357	
2021-11-11 17:00:00	10.5	북서	323	17.94	0.81	6.2	1.26	6.0	5.6	서	264	10.4	1007.2	-	347	
2021-11-11 17:05:00	14.7	북서	326	17.92	0.89	5.6	1.42	6.0	5.4	서	263	10.2	1007.3	-	339	
2021-11-11 17:10:00	12.3	북서	324	17.92	0.98	6.2	1.40	6.0	4.6	서북서	297	10.1	1007.4	-	20	
2021-11-11 17:15:00	9.4	서북서	299	17.91	0.80	6.1	1.10	6.5	5.1	서북서	302	10.1	1007.5	-	338	
2021-11-11 17:20:00	6.8	북서	305	17.89	0.89	5.7	1.20	6.5	3.9	서	278	10.1	1007.6	-	345	
2021-11-11 17:25:00	11.2	북서	322	17.89	1.03	5.8	1.25	6.0	3.8	서북서	283	10.2	1007.7	-	335	
2021-11-11 17:30:00	10.4	북북서	327	17.89	0.81	5.5	1.00	6.5	2.9	서	263	10.1	1007.8	-	322	
2021-11-11 17:35:00	9.0	북서	319	17.88	0.92	6.0	1.21	8.5	2.7	북서	305	10.0	1007.8	-	342	
2021-11-11 17:40:00	11.9	서북서	301	17.88	0.97	5.6	1.47	5.0	2.9	서북서	298	10.0	1007.7	-	352	
2021-11-11 17:45:00	10.0	북서	305	17.86	0.87	5.2	1.36	5.5	4.4	서북서	294	10.2	1007.8	-	328	
2021-11-11 17:50:00	16.5	북북서	328	17.77	0.95	5.9	1.14	6.5	3.5	서	279	10.1	1007.8	-	351	
2021-11-11 17:55:00	13.1	북서	317	17.73	1.03	5.9	1.60	6.0	4.1	서북서	291	10.1	1007.9	-	346	
2021-11-11 18:00:00	6.9	북서	317	17.74	0.99	5.6	1.35	5.5	4.8	서북서	287	10.0	1008.0	-	330	
2021-11-11 18:05:00	9.1	북북서	330	17.74	1.08	5.9	1.45	5.5	4.8	서북서	293	10.0	1008.1	-	346	
2021-11-11 18:10:00	10.8	북서	314	17.73	0.99	6.2	1.42	6.5	4.6	서북서	288	10.0	1008.1	-	8	
2021-11-11 18:15:00	10.2	북서	319	17.74	0.93	5.5	1.14	3.5	5.0	서북서	298	9.7	1008.2	-	355	
2021-11-11 18:20:00	9.4	북북서	349	17.74	1.03	6.0	1.43	5.5	4.9	서북서	290	9.7	1008.3	-	31	
2021-11-11 18:25:00	8.9	북북서	334	17.75	0.99	6.1	1.11	7.0	5.1	서북서	296	9.9	1008.4	-	359	
2021-11-11 18:30:00	11.2	북북서	344	17.74	0.92	5.6	1.26	4.5	4.7	서북서	297	9.7	1008.5	-	13	
2021-11-11 18:35:00	10.6	북북서	335	17.74	0.81	5.4	1.07	5.5	4.2	서북서	287	9.7	1008.5	-	134	
2021-11-11 18:40:00	11.7	북북서	329	17.75	0.89	5.6	1.16	5.0	3.9	서북서	293	9.6	1008.6	-	333	
2021-11-11 18:45:00	11.2	북북서	334	17.77	0.95	6.7	1.36	6.5	4.7	서북서	289	9.5	1008.6	-	50	
2021-11-11 18:50:00	9.1	북서	322	17.75	1.03	6.6	1.45	5.5	5.0	서	270	9.6	1008.6	-	1	
2021-11-11 18:55:00	9.8	북서	307	17.74	0.98	5.8	1.38	5.5	5.4	서	263	9.5	1008.6	-	339	
2021-11-11 19:00:00	9.1	북서	316	17.73	0.89	6.3	1.29	6.0	6.0	서	266	9.5	1008.6	-	334	
2021-11-11 19:05:00	7.5	서북서	298	17.73	0.89	6.6	1.23	8.0	5.6	서	270	9.6	1008.6	-	8	
2021-11-11 19:10:00	11.7	북서	316	17.77	1.01	6.5	1.30	6.5	7.2	서	263	9.5	1008.6	-	348	
2021-11-11 19:15:00	7.4	북서	305	17.75	0.78	5.6	1.12	4.5	6.5	서	274	9.4	1008.6	-	347	
2021-11-11 19:20:00	8.4	북서	317	17.75	1.02	5.7	1.58	5.5	6.1	서	270	9.3	1008.6	-	334	
2021-11-11 19:25:00	5.3	서북서	299	17.72	0.91	5.8	1.64	5.5	6.1	서	271	9.3	1008.7	-	345	
2021-11-11 19:30:00	7.8	서북서	299	17.81	0.92	5.7	1.12	5.5	6.5	서	269	9.3	1008.8	-	343	
2021-11-11 19:35:00	6.3	북서	317	17.84	0.86	6.1	1.22	7.0	5.8	서	268	9.2	1008.9	-	337	
2021-11-11 19:40:00	9.8	북서	316	17.87	1.11	6.1	1.70	5.5	5.5	서	267	9.2	1008.9	-	341	
2021-11-11 19:45:00	4.7	서	281	17.89	0.89	5.6	1.26	6.0	5.5	서	263	9.0	1008.9	-	356	
2021-11-11 19:50:00	7.8	서북서	302	17.89	0.78	5.7	1.13	5.5	5.8	서남서	254	9.1	1008.9	-	77	
2021-11-11 19:55:00	8.9	서	276	17.91	1.02	6.4	1.49	5.5	6.0	서남서	248	9.0	1008.9	-	338	
2021-11-11 20:00:00	6.2	서북서	298	17.89	0.98	5.6	1.45	6.0	6.4	서	259	9.1	1009.0	-	352	
2021-11-11 20:05:00	6.6	서남서	252	17.90	0.86	6.7	1.16	7.0	5.9	서남서	251	9.3	1009.0	-	2	
2021-11-11 20:10:00	10.8	북서	305	17.90	0.91	5.9	1.11	5.5	5.4	서남서	247	9.1	1009.1	-	11	
2021-11-11 20:15:00	6.3	서남서	248	17.91	0.88	5.7	1.23	6.0	5.4	서남서	255	9.0	1009.2	-	336	
2021-11-11 20:20:00	7.6	서	273	17.90	0.77	5.6	1.18	5.5	5.4	서남서	257	8.9	1009.3	-	336	
2021-11-11 20:25:00	5.3	서북서	283	17.90	0.85	5.8	1.12	6.0	5.0	서남서	256	8.7	1009.3	-	329	
2021-11-11 20:30:00	5.7	남서	235	17.87	0.97	6.2	1.33	6.5	4.7	서남서	254	8.7	1009.2	-	354	
2021-11-11 20:35:00	3.0	서	276	17.85	0.82	5.6	1.23	6.0	4.7	서	262	8.7	1009.2	-	322	
2021-11-11 20:40:00	10.3	서남서	246	17.76	0.97	5.8	1.34	5.5	3.9	서	277	8.6	1009.3	-	327	
2021-11-11 20:45:00	14.8	서남서	258	17.78	1.03	6.1	1.39	6.0	4.8	서북서	294	8.6	1009.3	-	342	
2021-11-11 20:50:00	13.4	서남서	239	17.79	0.96	5.8	1.31	6.5	5.4	서북서	287	8.7	1009.3	-	358	
2021-11-11 20:55:00	9.4	서남서	243	17.79	0.90	5.5	1.46	5.5	5.6	서북서	282	8.6	1009.3	-	341	
2021-11-11 21:00:00	15.8	서남서	237	17.79	0.85	6.0	1.04	5.5	6.3	서	280	8.4	1009.2	-	344	
2021-11-11 21:05:00	14.6	서남서	238	17.79	1.01	5.9	1.56	6.0	5.8	서	273	8.4	1009.2	-	339	
2021-11-11 21:10:00	12.3	남서	233	17.79	1.03	5.7	1.79	6.5	5.3	서	269	8.2	1009.2	-	321	
2021-11-11 21:15:00	8.0	남남서	213	17.76	1.02	5.5	1.52	5.0	4.5	서	260	8.0	1009.3	-	330	
2021-11-11 21:20:00	13.4	남남서	212	17.75	0.94	6.4	1.25	6.0	3.8	서	280	8.3	1009.4	-	355	
2021-11-11 21:25:00	15.4	남남서	209	17.78	0.95	5.8	1.23	5.0	4.3	서	281	8.1	1009.4	-	337	
2021-11-11 21:30:00	13.6	남서	226	17.75	0.98	6.4	1.30	6.0	3.9	서북서	283	8.1	1009.4	-	351	
2021-11-11 21:35:00	11.7	남남서	211	17.77	0.90	5.9	1.18	5.0	2.7	서북서	282	8.0	1009.5	-	341	
2021-11-11 21:40:00	11.2	남남서	203	17.77	0.78	6.1	1.22	5.5	1.5	서	270	7.9	1009.6	-	352	
2021-11-11 21:45:00	13.1	남남서	197	17.77	1.00	5.8	1.30	6.0	1.1	북북서	327	7.9	1009.7	-	341	
2021-11-11 21:50:00	14.4	남남서	203	17.78	0.91	5.5	1.17	5.0	1.8	서북서	291	8.1	1009.7	-	328	
2021-11-11 21:55:00	13.7	남남서	195	17.79	0.79	5.6	1.04	6.5	2.4	서북서	296	8.0	1009.6	-	347	
2021-11-11 22:00:00	10.5	남남서	210	17.77	0.85	5.7	1.14	5.0	2.7	서북서	291	8.0	1009.5	-	341	
2021-11-11 22:05:00	10.0	남	188	17.77	0.80	5.9	1.12	6.0	3.6	서북서	299	8.0	1009.5	-	314	
2021-11-11 22:10:00	8.3	남남서	196	17.77	0.67	5.4	0.89	6.0	4.7	서북서	290	8.1	1009.4	-	332	
2021-11-11 22:15:00	10.9	남	182	17.75	0.81	5.8	0.99	7.0	4.6	서북서	298	8.0	1009.4	-	340	
2021-11-11 22:20:00	9.1	남	175	17.74	0.85	6.5	1.12	6.5	5.6	서	278	7.8	1009.4	-	354	
2021-11-11 22:25:00	6.8	남	180	17.76	0.70	6.1	0.89	5.0	4.5	서	274	7.9	1009.5	-	326	
2021-11-11 22:30:00	8.9	남	177	17.75	0.82	6.3	1.14	5.5	4.2	서북서	295	7.8	1009.6	-	351	
2021-11-11 22:35:00	4.9	남동	140	17.76	0.99	6.4	1.38	6.5	4.5	서북서	286	7.9	1009.6	-	352	
2021-11-11 22:40:00	8.5	남남동	164	17.73	0.90	6.0	1.12	6.5	4.8	서북서	300	8.0	1009.6	-	353	
2021-11-11 22:45:00	8.5	남	177	17.74	1.00	6.5	1.40	7.5	4.9	서	281	8.0	1009.6	-	337	
2021-11-11 22:50:00	3.0	남남동	163	17.74	0.86	6.3	1.06	6.0	5.8	서북서	294	7.9	1009.5	-	343	
2021-11-11 22:55:00	5.4	남남동	162	17.73	0.78	5.9	1.28	5.5	6.6	서북서	298	8.2	1009.4	-	330	
2021-11-11 23:00:00	5.2	남	171	17.73	0.91	6.3	1.40	6.5	7.1	서북서	302	8.4	1009.4	-	348	
2021-11-11 23:05:00	3.5	남남동	153	17.73	0.89	6.1	1.10	6.0	7.9	서북서	303	8.3	1009.4	-	339	
2021-11-11 23:10:00	5.0	동남동	106	17.72	0.85	7.0	1.33	6.0	8.6	북서	308	8.2	1009.4	-	323	
2021-11-11 23:15:00	6.9	동남동	109	17.72	0.77	5.7	1.22	5.0	8.9	북서	307	8.2	1009.4	-	342	
2021-11-11 23:20:00	0.7	서남서	238	17.73	0.77	6.1	1.06	7.0	8.2	북서	313	8.1	1009.5	-	353	
2021-11-11 23:25:00	8.8	동남동	112	17.72	0.88	6.2	1.15	6.5	8.1	북서	305	8.1	1009.5	-	337	
2021-11-11 23:30:00	3.9	동남동	117	17.71	0.78	6.2	1.21	5.5	7.0	서북서	294	8.1	1009.6	-	1	
2021-11-11 23:35:00	3.9	동남동	122	17.72	0.98	6.4	1.25	7.0	5.1	서	277	7.7	1009.7	-	327	
2021-11-11 23:40:00	5.5	동남동	107	17.71	0.85	6.5	1.16	7.5	7.9	북서	306	7.9	1009.7	-	329	
2021-11-11 23:45:00	1.4	동	89	17.71	0.85	5.9	1.24	6.5	7.0	서북서	292	7.9	1009.8	-	3	
2021-11-11 23:50:00	4.0	북동	52	17.69	0.84	6.1	1.37	6.0	7.0	서북서	298	7.9	1009.8	-	351	
2021-11-11 23:55:00	3.8	북동	53	17.71	0.83	6.6	0.99	7.5	5.2	서	268	7.6	1009.9	-	324	
2021-11-12 00:00:00	2.3	동북동	65	17.70	0.78	5.9	1.05	6.5	5.0	서	259	7.1	1010.0	-	331	
2021-11-12 00:05:00	3.3	북북동	14	17.70	0.78	5.6	0.99	6.0	5.1	서	272	7.2	1010.0	-	343	
2021-11-12 00:10:00	7.2	북북동	17	17.71	0.78	6.3	1.12	6.5	4.0	서남서	253	7.0	1010.2	-	339	
2021-11-12 00:15:00	5.8	북	1	17.71	0.71	6.0	0.86	5.5	3.3	서남서	258	6.9	1010.2	-	12	
2021-11-12 00:20:00	5.3	북	6	17.73	0.79	6.2	1.03	6.0	2.9	서	261	7.0	1010.3	-	351	
2021-11-12 00:25:00	4.1	북북동	21	17.72	0.72	6.4	0.95	7.0	2.4	서남서	258	7.1	1010.3	-	342	
2021-11-12 00:30:00	4.5	북북서	342	17.72	0.72	6.0	0.87	5.0	2.9	서	262	7.1	1010.3	-	315	
2021-11-12 00:35:00	9.8	북북서	339	17.72	0.93	6.4	1.50	6.0	2.9	서	259	7.1	1010.3	-	359	
2021-11-12 00:40:00	-	-	-	-	-	-	-	-	-	-	-	-	-	-	-	
2021-11-12 00:45:00	9.6	북서	320	17.72	0.37	3.5	0.74	3.5	2.8	서남서	250	7.1	1010.4	-	357	
2021-11-12 00:50:00	6.2	서북서	303	17.72	0.69	6.5	0.88	7.0	3.6	서	264	7.1	1010.4	-	29	
2021-11-12 00:55:00	8.7	북북서	337	17.71	0.82	6.0	1.20	6.5	4.0	서	262	7.0	1010.4	-	359	
2021-11-12 01:00:00	6.6	북서	314	17.70	0.84	6.4	1.04	5.5	4.0	서	271	7.0	1010.4	-	325	
2021-11-12 01:05:00	7.7	북	357	17.69	0.82	6.3	1.37	6.0	5.4	서	277	6.9	1010.4	-	7	
2021-11-12 01:10:00	6.5	북북서	337	17.70	0.73	5.8	0.93	6.0	4.1	서남서	256	7.0	1010.4	-	332	
2021-11-12 01:15:00	5.4	북북서	334	17.70	0.78	5.8	1.00	6.0	4.5	서	261	6.9	1010.5	-	335	
2021-11-12 01:20:00	6.9	북북서	335	17.68	0.85	6.1	1.07	6.0	5.1	서남서	254	6.8	1010.4	-	332	
2021-11-12 01:25:00	5.7	북	353	17.70	0.75	5.8	0.97	5.0	5.6	서	259	6.8	1010.4	-	343	
2021-11-12 01:30:00	6.7	북북서	345	17.71	0.83	6.1	1.28	7.0	3.7	서남서	255	6.6	1010.5	-	355	
2021-11-12 01:35:00	8.5	북북서	333	17.70	0.89	6.2	1.29	7.0	3.7	서	265	6.5	1010.5	-	13	
2021-11-12 01:40:00	7.2	북서	325	17.73	0.81	5.9	0.98	6.0	2.8	서남서	258	6.5	1010.6	-	27	
2021-11-12 01:45:00	10.1	북북서	334	17.72	0.78	6.2	1.19	6.5	3.2	서남서	251	6.3	1010.7	-	334	
2021-11-12 01:50:00	8.4	북서	317	17.72	0.89	5.8	1.35	5.5	3.2	서	260	6.3	1010.8	-	340	
2021-11-12 01:55:00	11.0	북북서	338	17.71	0.94	6.2	1.15	6.0	7.7	서북서	286	7.0	1010.7	-	346	
2021-11-12 02:00:00	6.7	북서	308	17.71	0.86	5.9	1.25	6.5	9.2	서북서	295	7.3	1010.7	-	339	
2021-11-12 02:05:00	8.2	북서	318	17.69	0.85	5.1	1.12	5.0	8.0	서북서	290	7.0	1010.9	-	334	
2021-11-12 02:10:00	6.4	북북서	334	17.68	0.86	6.0	1.39	5.0	8.2	서북서	289	6.9	1010.9	-	323	
2021-11-12 02:15:00	9.3	북서	316	17.66	0.86	5.4	1.45	5.0	7.2	서	270	6.9	1010.9	-	230	
2021-11-12 02:20:00	6.3	북서	315	17.69	0.89	5.9	1.10	5.0	5.6	서	261	6.5	1011.0	-	332	
2021-11-12 02:25:00	4.5	서북서	297	17.67	0.79	5.6	1.07	6.0	6.4	서	268	6.1	1011.1	-	351	
2021-11-12 02:30:00	6.9	북서	317	17.64	0.86	5.7	1.16	6.0	6.5	서	268	6.3	1011.2	-	7	
2021-11-12 02:35:00	4.4	북북서	340	17.63	0.94	6.2	1.16	5.5	6.9	서북서	282	6.5	1011.2	-	0	
2021-11-12 02:40:00	6.6	북서	324	17.61	0.81	5.7	1.11	6.0	6.4	서북서	283	6.5	1011.2	-	328	
2021-11-12 02:45:00	5.5	북북서	343	17.63	0.87	6.1	1.24	6.5	8.9	서북서	292	6.9	1011.1	-	19	
2021-11-12 02:50:00	4.8	북북서	332	17.63	0.81	5.6	0.97	6.0	9.2	서북서	289	6.8	1011.1	-	334	
2021-11-12 02:55:00	5.5	북서	326	17.61	0.82	5.8	1.29	5.5	9.6	서북서	288	6.7	1011.2	-	1	
2021-11-12 03:00:00	8.8	북서	324	17.61	0.82	5.1	1.21	5.5	9.5	서북서	289	6.8	1011.2	-	5	
2021-11-12 03:05:00	6.3	북서	326	17.62	0.83	5.9	1.12	6.0	9.2	서북서	289	6.9	1011.3	-	332	
2021-11-12 03:10:00	5.6	북서	326	17.62	0.89	6.6	1.20	5.5	9.4	서북서	292	6.8	1011.3	-	9	
2021-11-12 03:15:00	5.5	북북서	343	17.63	0.78	5.7	1.18	5.0	7.8	서북서	291	6.6	1011.4	-	20	
2021-11-12 03:20:00	7.7	북서	322	17.63	0.80	5.8	1.17	5.0	7.5	서북서	289	6.7	1011.5	-	25	
2021-11-12 03:25:00	8.7	북북서	339	17.63	0.74	5.6	1.07	4.5	7.0	서북서	283	6.6	1011.5	-	358	
2021-11-12 03:30:00	8.0	북북동	20	17.61	0.77	5.9	1.09	5.5	5.5	서	266	6.3	1011.5	-	48	
2021-11-12 03:35:00	8.8	북	351	17.63	0.80	5.4	1.33	5.0	6.3	서	274	6.2	1011.4	-	8	
2021-11-12 03:40:00	8.4	북	3	17.61	0.79	5.6	1.23	5.0	7.6	서북서	285	6.6	1011.4	-	50	
2021-11-12 03:45:00	5.3	북서	310	17.62	0.73	5.8	1.00	8.0	7.6	서	280	6.7	1011.4	-	52	
2021-11-12 03:50:00	4.0	북북서	346	17.60	0.90	5.7	1.28	5.5	7.2	서	280	6.7	1011.4	-	330	
2021-11-12 03:55:00	5.0	북북서	348	17.62	0.69	5.4	0.98	7.5	6.7	서	279	6.7	1011.5	-	327	
2021-11-12 04:00:00	6.0	북북동	24	17.59	0.88	5.9	1.26	6.5	7.6	서북서	285	6.5	1011.5	-	347	
2021-11-12 04:05:00	4.8	북	358	17.59	0.79	6.0	0.98	4.5	7.6	서북서	289	6.5	1011.6	-	15	
2021-11-12 04:10:00	2.3	북	11	17.61	0.84	6.0	1.05	7.0	6.6	서북서	283	6.5	1011.7	-	15	
2021-11-12 04:15:00	6.9	북북서	342	17.62	0.82	5.4	1.46	5.5	3.9	서	259	5.9	1011.8	-	8	
2021-11-12 04:20:00	5.6	북북서	327	17.64	0.83	5.3	1.06	5.0	4.5	서	266	5.9	1011.8	-	6	
2021-11-12 04:25:00	5.1	북북서	339	17.69	0.74	5.6	0.97	6.5	4.0	서남서	257	6.1	1011.9	-	332	
2021-11-12 04:30:00	7.1	북서	323	17.71	0.74	5.1	1.15	6.0	4.7	서	275	5.9	1011.8	-	299	
2021-11-12 04:35:00	8.6	북북서	339	17.69	0.86	5.6	1.19	5.0	9.7	서북서	292	6.8	1011.7	-	333	
2021-11-12 04:40:00	4.7	북서	326	17.68	0.84	5.9	1.18	6.5	9.8	서북서	300	6.8	1011.8	-	344	
2021-11-12 04:45:00	7.4	북	354	17.66	0.91	5.4	1.30	4.5	8.8	서북서	289	6.6	1011.9	-	354	
2021-11-12 04:50:00	3.0	북북동	26	17.66	0.93	6.0	1.34	5.5	7.7	서북서	288	6.5	1012.1	-	354	
2021-11-12 04:55:00	2.6	서	277	17.65	0.83	5.6	1.01	4.0	7.4	서북서	299	6.2	1012.2	-	13	
2021-11-12 05:00:00	4.3	서남서	252	17.63	0.76	5.5	1.01	6.0	7.3	서북서	296	6.1	1012.2	-	339	
2021-11-12 05:05:00	4.1	서북서	298	17.63	0.90	5.5	1.23	6.0	6.9	서북서	298	6.2	1012.2	-	246	
2021-11-12 05:10:00	6.0	북서	321	17.62	0.79	5.3	1.17	5.5	7.5	서	281	6.5	1012.2	-	346	
2021-11-12 05:15:00	4.9	북북서	333	17.62	0.84	5.4	1.48	5.5	6.9	서북서	285	6.2	1012.3	-	348	
2021-11-12 05:20:00	4.2	북서	324	17.61	0.73	5.9	0.93	6.0	5.0	서	269	6.0	1012.4	-	336	
2021-11-12 05:25:00	4.1	북서	311	17.62	0.89	6.4	1.20	5.5	3.8	서	281	5.6	1012.4	-	1	
2021-11-12 05:30:00	3.0	서	278	17.61	0.87	5.8	1.14	5.5	4.4	서북서	289	5.7	1012.4	-	329	
2021-11-12 05:35:00	3.4	북서	312	17.61	1.02	5.9	1.22	5.0	3.3	서	275	5.7	1012.5	-	4	
2021-11-12 05:40:00	4.5	북북서	331	17.61	0.87	5.5	1.00	6.0	4.4	서남서	238	5.5	1012.5	-	359	
2021-11-12 05:45:00	2.5	북북서	342	17.57	0.95	5.6	1.57	5.0	4.1	서남서	252	5.5	1012.5	-	345	
2021-11-12 05:50:00	6.3	서	265	17.57	0.90	5.4	1.24	6.5	2.8	서	261	5.5	1012.6	-	104	
2021-11-12 05:55:00	2.4	남	184	17.56	1.03	5.3	1.30	6.5	4.2	서	271	5.8	1012.6	-	348	
2021-11-12 06:00:00	5.6	북북서	334	17.55	0.94	6.1	1.33	6.0	3.0	서남서	258	5.5	1012.6	-	343	
2021-11-12 06:05:00	3.1	북서	325	17.55	0.86	5.9	1.21	5.5	3.1	남서	234	5.2	1012.7	-	74	
2021-11-12 06:10:00	0.9	동북동	61	17.55	1.09	6.6	1.36	6.5	2.1	서	269	5.1	1012.7	-	358	
2021-11-12 06:15:00	3.5	북	349	17.54	1.08	5.9	1.48	5.5	3.0	서	262	5.3	1012.7	-	353	
2021-11-12 06:20:00	4.1	북북서	342	17.55	0.89	5.6	1.42	5.5	3.7	서	273	5.4	1012.8	-	340	
2021-11-12 06:25:00	2.2	북북서	329	17.55	0.99	5.5	1.42	6.0	3.3	서	263	5.4	1012.9	-	357	
2021-11-12 06:30:00	2.1	북북서	337	17.54	1.17	5.9	2.15	5.5	2.6	서남서	253	5.4	1012.8	-	342	
2021-11-12 06:35:00	3.0	남서	236	17.53	1.02	6.0	1.55	5.5	3.5	서남서	237	5.5	1012.8	-	1	
2021-11-12 06:40:00	4.7	북	360	17.52	0.91	5.5	1.41	5.0	3.2	남서	226	5.3	1012.8	-	353	
2021-11-12 06:45:00	0.7	북북동	20	17.55	0.83	6.1	1.46	6.0	3.5	남서	225	5.3	1012.7	-	322	
2021-11-12 06:50:00	1.3	북	5	17.52	0.97	5.7	1.39	6.0	2.8	남서	219	5.1	1012.9	-	4	
2021-11-12 06:55:00	8.2	서북서	299	17.63	0.95	5.0	1.14	5.0	2.2	남남서	213	5.1	1012.9	-	0	
2021-11-12 07:00:00	7.1	서	279	17.65	0.98	5.5	1.52	5.5	1.8	남서	214	5.1	1012.9	-	7	
2021-11-12 07:05:00	6.7	북서	305	17.66	0.92	5.8	1.24	5.0	2.0	남서	215	5.1	1013.0	-	354	
2021-11-12 07:10:00	6.1	서북서	288	17.64	1.13	5.7	1.55	5.0	1.7	남서	225	5.1	1013.0	-	356	
2021-11-12 07:15:00	4.1	북서	308	17.63	1.15	6.0	1.75	5.5	1.4	서남서	256	5.2	1013.0	-	7	
2021-11-12 07:20:00	9.2	북서	311	17.59	1.10	5.1	1.52	5.5	3.4	서남서	242	5.5	1013.1	-	4	
2021-11-12 07:25:00	5.5	서남서	255	17.62	0.92	5.2	1.26	5.0	3.0	서남서	253	5.6	1013.1	-	348	
2021-11-12 07:30:00	2.1	서북서	290	17.53	1.04	5.8	1.34	5.5	3.1	서남서	256	5.7	1013.2	-	352	
2021-11-12 07:35:00	5.4	북북서	336	17.51	0.93	5.8	1.31	7.5	3.5	서	264	5.6	1013.2	-	11	
2021-11-12 07:40:00	2.7	서북서	282	17.52	0.89	5.3	1.17	5.0	3.7	서	263	5.5	1013.3	-	98	
2021-11-12 07:45:00	4.5	서북서	297	17.73	0.99	5.8	1.93	7.0	3.8	서	270	5.8	1013.3	-	359	
2021-11-12 07:50:00	11.6	서북서	295	17.90	0.93	5.8	1.33	5.5	2.7	서	278	6.0	1013.4	-	3	
2021-11-12 07:55:00	16.7	서북서	298	18.04	1.23	5.7	1.44	5.0	4.0	서북서	296	6.4	1013.4	-	354	
2021-11-12 08:00:00	15.0	서북서	301	18.04	1.24	5.9	1.96	5.5	4.1	서북서	292	6.3	1013.5	-	353	
2021-11-12 08:05:00	11.6	서북서	298	18.04	1.32	5.9	1.79	5.5	3.4	서	279	6.3	1013.6	-	7	
2021-11-12 08:10:00	15.8	북서	306	18.10	1.20	5.8	2.00	6.0	3.4	서북서	283	6.2	1013.7	-	343	
2021-11-12 08:15:00	16.5	서북서	299	18.14	1.03	5.8	1.38	5.5	3.1	서북서	297	6.3	1013.8	-	354	
2021-11-12 08:20:00	15.7	서북서	287	18.15	1.18	6.4	1.61	5.0	1.9	서북서	289	6.4	1013.9	-	12	
2021-11-12 08:25:00	15.0	서북서	293	18.14	1.08	5.6	1.77	4.5	3.0	서	271	6.5	1014.0	-	349	
2021-11-12 08:30:00	12.9	서북서	296	18.14	1.09	5.6	1.56	5.0	2.7	남서	230	6.4	1014.1	-	353	
2021-11-12 08:35:00	13.4	서북서	297	18.12	1.10	5.8	1.72	6.0	1.9	남남서	197	6.4	1014.2	-	356	
2021-11-12 08:40:00	9.1	서북서	301	18.10	1.09	5.7	1.46	6.0	1.0	남남동	158	6.4	1014.2	-	359	
2021-11-12 08:45:00	13.0	서북서	292	18.09	1.06	5.7	1.54	5.5	1.1	서	269	6.8	1014.1	-	356	
2021-11-12 08:50:00	16.1	서북서	299	18.10	1.05	6.0	1.31	6.0	3.2	북서	325	6.7	1014.2	-	358	
2021-11-12 08:55:00	-	-	-	-	0.00	0.0	0.00	0.0	-	-	-	-	-	-	0	
2021-11-12 09:00:00	-	-	-	18.12	1.19	6.0	1.95	5.5	1.7	서북서	301	6.7	1014.4	-	357	
2021-11-12 09:05:00	-	-	-	18.11	0.97	5.9	1.15	6.0	2.1	서	281	6.9	1014.3	-	9	
2021-11-12 09:10:00	-	-	-	18.10	1.15	5.9	1.46	5.5	2.2	서	268	6.8	1014.2	-	349	
2021-11-12 09:15:00	11.1	서북서	287	18.10	0.93	5.9	1.19	5.5	2.8	서	264	6.9	1014.2	-	353	
2021-11-12 09:20:00	11.9	서북서	300	18.10	1.04	5.2	1.35	5.5	3.0	서북서	287	7.0	1014.3	-	354	
2021-11-12 09:25:00	12.4	북서	306	18.11	1.12	4.9	1.61	5.5	2.8	북서	321	7.0	1014.3	-	349	
2021-11-12 09:30:00	11.5	서북서	290	18.09	1.02	5.5	1.61	5.0	1.9	북북서	343	7.3	1014.3	-	341	
2021-11-12 09:35:00	8.3	서북서	286	18.10	1.15	5.9	1.60	5.5	1.8	북북서	338	7.6	1014.3	-	353	
2021-11-12 09:40:00	10.7	서북서	296	18.10	1.13	5.4	1.60	5.5	1.6	남남서	200	7.8	1014.4	-	338	
2021-11-12 09:45:00	10.6	북서	309	18.10	1.05	5.5	1.34	5.0	4.3	남남서	192	7.0	1014.3	-	359	
2021-11-12 09:50:00	10.6	서북서	298	18.10	1.03	5.9	1.49	5.5	3.8	남남서	194	7.0	1014.3	-	2	
2021-11-12 09:55:00	9.2	서북서	299	18.08	1.02	6.1	1.32	6.0	3.4	남남서	193	7.0	1014.4	-	17	
2021-11-12 10:00:00	10.2	서북서	300	18.09	1.15	5.8	1.55	5.5	3.4	남	187	7.1	1014.4	-	359	
2021-11-12 10:05:00	12.7	북서	308	18.09	1.12	5.4	1.87	5.5	2.4	남	181	7.1	1014.4	-	356	
2021-11-12 10:10:00	14.0	서북서	287	18.09	0.93	5.3	1.38	5.5	0.8	남동	133	7.3	1014.4	-	337	
2021-11-12 10:15:00	12.4	서북서	285	18.09	0.84	5.5	1.03	4.5	1.7	남남동	163	7.8	1014.4	-	358	
2021-11-12 10:20:00	15.1	서북서	296	18.14	0.99	5.6	1.58	5.5	3.8	남	186	7.7	1014.4	-	2	
2021-11-12 10:25:00	12.5	서북서	296	18.15	0.95	5.9	1.22	6.5	2.4	남남서	195	7.5	1014.4	-	357	
2021-11-12 10:30:00	13.6	서북서	299	18.18	0.89	5.7	1.30	5.0	1.6	남	169	7.8	1014.5	-	358	
2021-11-12 10:35:00	14.6	북서	305	18.18	1.03	6.1	1.61	5.5	0.7	북동	43	7.9	1014.5	-	7	
2021-11-12 10:40:00	11.9	서	275	18.18	0.87	5.7	1.10	5.5	0.9	북서	321	8.2	1014.5	-	14	
2021-11-12 10:45:00	12.6	서북서	292	18.20	1.14	5.2	1.69	5.0	0.6	동	95	8.1	1014.4	-	348	
2021-11-12 10:50:00	10.3	서북서	288	18.21	0.88	5.9	1.27	5.5	1.5	북동	40	8.2	1014.4	-	0	
2021-11-12 10:55:00	12.4	서북서	284	18.22	0.94	5.7	1.48	5.0	0.7	북동	40	8.2	1014.3	-	3	
2021-11-12 11:00:00	11.9	서북서	299	18.22	0.90	5.4	1.12	5.5	1.4	북북서	343	8.9	1014.3	-	354	
2021-11-12 11:05:00	9.5	서북서	303	18.22	0.91	5.4	1.69	5.0	3.9	북서	312	8.8	1014.1	-	353	
2021-11-12 11:10:00	11.4	서북서	293	18.22	0.88	5.7	1.37	5.0	2.4	남서	222	8.5	1014.1	-	351	
2021-11-12 11:15:00	10.3	서북서	283	18.21	0.93	5.3	1.23	5.5	3.0	남남서	193	8.2	1014.0	-	354	
2021-11-12 11:20:00	8.7	서북서	293	18.21	0.89	5.6	1.10	5.0	2.6	남	173	8.2	1014.0	-	4	
2021-11-12 11:25:00	9.2	서북서	297	18.21	0.99	5.5	1.38	5.5	1.5	남남동	163	8.4	1013.9	-	0	
2021-11-12 11:30:00	9.2	북서	310	18.21	0.85	5.5	1.31	6.0	1.7	남서	223	8.6	1013.9	-	355	
2021-11-12 11:35:00	9.7	서북서	283	18.21	1.02	5.5	1.61	5.5	1.3	남서	222	8.6	1013.8	-	352	
2021-11-12 11:40:00	16.5	북서	307	18.31	0.87	5.3	1.22	5.5	4.6	북서	313	8.9	1013.6	-	328	
2021-11-12 11:45:00	19.0	서	277	18.35	0.96	5.5	1.39	5.5	3.6	서북서	300	9.0	1013.5	-	343	
2021-11-12 11:50:00	19.5	서	280	18.36	1.14	5.3	1.79	5.5	4.8	북서	319	9.1	1013.5	-	7	
2021-11-12 11:55:00	16.5	서	280	18.36	0.86	5.1	1.23	5.5	5.9	북서	315	9.1	1013.3	-	321	
2021-11-12 12:00:00	20.2	서북서	282	18.35	0.83	5.7	1.21	5.0	6.0	북서	314	9.3	1013.2	-	344	
2021-11-12 12:05:00	16.0	서	279	18.35	1.03	5.5	1.40	6.0	4.3	서북서	303	9.2	1013.3	-	7	
2021-11-12 12:10:00	15.6	서북서	282	18.35	0.84	5.1	1.09	6.0	4.5	북서	312	9.2	1013.2	-	2	
2021-11-12 12:15:00	12.4	서	269	18.38	0.88	5.1	1.23	5.0	6.5	서북서	302	9.0	1013.1	-	8	
2021-11-12 12:20:00	18.7	서	281	18.47	0.88	5.4	1.24	6.0	6.7	북서	322	9.1	1013.1	-	17	
2021-11-12 12:25:00	19.2	서	277	18.48	0.98	5.5	1.12	4.5	5.7	북서	324	9.6	1013.1	-	7	
2021-11-12 12:30:00	21.5	서	276	18.48	0.90	5.4	1.13	5.0	6.6	북서	317	9.6	1012.9	-	355	
2021-11-12 12:35:00	17.9	서	264	18.49	0.91	5.3	1.06	4.5	3.9	북서	307	9.5	1013.0	-	355	
2021-11-12 12:40:00	16.4	서	278	18.51	0.86	4.9	1.35	5.0	2.8	서북서	292	9.7	1013.1	-	350	
2021-11-12 12:45:00	19.0	서	267	18.52	0.86	5.2	1.19	5.5	5.2	북서	312	9.8	1013.0	-	348	
2021-11-12 12:50:00	17.7	서	280	18.53	0.91	4.9	1.45	5.5	6.1	북서	323	9.9	1012.9	-	332	
2021-11-12 12:55:00	21.2	서	264	18.54	0.86	5.2	1.19	4.5	4.3	서북서	294	9.9	1013.0	-	0	
2021-11-12 13:00:00	19.2	서	271	18.54	1.00	5.2	1.44	5.5	5.9	서북서	303	10.1	1012.9	-	353	
2021-11-12 13:05:00	15.8	서	278	18.54	0.86	5.0	1.21	5.0	5.8	북북서	329	10.1	1012.8	-	344	
2021-11-12 13:10:00	14.4	서북서	288	18.54	0.86	5.3	1.12	5.0	4.4	북북서	340	9.9	1012.8	-	353	
2021-11-12 13:15:00	17.3	서	265	18.55	0.84	5.5	1.11	5.0	3.6	북서	313	10.1	1012.9	-	9	
2021-11-12 13:20:00	15.0	서	270	18.57	0.88	4.7	1.16	5.5	1.6	서북서	295	10.2	1012.9	-	3	
2021-11-12 13:25:00	19.4	서	270	18.57	0.86	5.1	1.12	3.5	3.5	서북서	291	10.3	1012.8	-	47	
2021-11-12 13:30:00	18.1	서	265	18.57	0.89	5.4	1.19	4.5	2.6	북서	306	10.4	1012.8	-	357	
2021-11-12 13:35:00	15.3	서	268	18.58	0.73	4.8	0.96	4.5	3.6	서	276	10.3	1012.8	-	98	
2021-11-12 13:40:00	17.9	서북서	286	18.59	0.85	5.3	1.38	5.5	5.5	서	267	10.4	1012.7	-	8	
2021-11-12 13:45:00	16.7	서	280	18.57	0.73	5.4	1.21	5.0	6.1	서	264	10.5	1012.7	-	1	
2021-11-12 13:50:00	20.0	서	276	18.59	0.71	5.0	0.88	4.5	5.8	서남서	244	10.4	1012.6	-	11	
2021-11-12 13:55:00	15.0	서	266	18.59	0.78	5.4	1.18	5.0	6.0	서남서	252	10.5	1012.6	-	359	
2021-11-12 14:00:00	15.1	서북서	289	18.59	0.69	5.0	1.01	5.0	6.5	서	263	10.8	1012.6	-	6	
2021-11-12 14:05:00	14.3	서	277	18.58	0.80	5.2	1.39	7.0	6.2	서	275	10.7	1012.6	-	1	
2021-11-12 14:10:00	15.6	서	275	18.59	0.78	5.3	1.04	6.0	5.1	서	266	10.7	1012.6	-	10	
2021-11-12 14:15:00	14.5	서	267	18.60	0.81	4.9	1.23	5.0	7.0	서남서	249	10.5	1012.6	-	327	
2021-11-12 14:20:00	13.3	서	277	18.60	0.69	5.1	0.84	5.5	5.8	서남서	252	10.6	1012.7	-	257	
2021-11-12 14:25:00	13.6	서	268	18.62	0.63	5.1	0.83	6.5	6.3	서남서	249	10.6	1012.7	-	18	
2021-11-12 14:30:00	12.4	서	278	18.61	0.71	5.2	1.09	5.5	6.1	서남서	252	10.7	1012.7	-	347	
2021-11-12 14:35:00	15.3	서	268	18.61	0.74	5.0	1.09	4.5	6.0	서	262	10.7	1012.7	-	44	
2021-11-12 14:40:00	13.9	서	278	18.60	0.72	5.1	0.91	5.5	6.0	서남서	248	10.9	1012.8	-	353	
2021-11-12 14:45:00	15.3	서	271	18.60	0.76	5.2	0.90	5.5	7.0	서남서	241	10.7	1012.7	-	338	
2021-11-12 14:50:00	12.4	서	267	18.60	0.68	5.6	0.88	5.0	7.2	서남서	247	10.9	1012.7	-	17	
2021-11-12 14:55:00	13.4	서	270	18.63	0.62	5.0	0.87	4.5	7.0	서남서	242	10.8	1012.7	-	337	
2021-11-12 15:00:00	14.6	서북서	281	18.62	0.65	5.3	0.76	6.5	8.1	서남서	243	10.8	1012.7	-	177	
2021-11-12 15:05:00	13.3	서북서	285	18.61	0.84	5.5	1.30	4.5	8.6	서남서	240	10.8	1012.7	-	42	
2021-11-12 15:10:00	10.9	서북서	281	18.61	0.64	5.4	0.91	5.0	8.3	서남서	238	10.7	1012.7	-	46	
2021-11-12 15:15:00	9.9	서북서	282	18.61	0.73	5.5	1.15	5.5	7.4	남서	236	10.9	1012.8	-	347	
2021-11-12 15:20:00	14.1	서북서	285	18.59	0.61	5.4	0.88	6.5	6.9	서남서	243	10.8	1012.8	-	358	
2021-11-12 15:25:00	12.3	서북서	286	18.57	0.64	5.4	1.08	5.5	8.4	서남서	246	10.8	1012.8	-	359	
2021-11-12 15:30:00	11.8	서북서	299	18.55	0.66	5.2	0.93	5.0	9.1	서남서	247	10.7	1012.8	-	359	
2021-11-12 15:35:00	11.4	서북서	287	18.54	0.68	5.7	0.99	5.0	9.0	서남서	247	10.8	1012.9	-	359	
2021-11-12 15:40:00	9.8	서북서	295	18.51	0.71	5.3	1.03	5.5	8.5	서남서	246	10.8	1012.9	-	349	
2021-11-12 15:45:00	7.4	서북서	284	18.47	0.60	4.8	0.92	6.0	7.5	서남서	252	10.8	1013.0	-	354	
2021-11-12 15:50:00	8.1	서북서	297	18.44	0.78	5.4	1.04	5.5	8.4	서남서	250	10.7	1013.1	-	346	
2021-11-12 15:55:00	7.8	북서	315	18.37	0.71	5.5	1.07	5.5	8.2	서남서	246	10.7	1013.1	-	2	
2021-11-12 16:00:00	5.6	서북서	304	18.33	0.75	5.8	1.02	6.0	7.8	서남서	257	10.9	1013.1	-	4	
2021-11-12 16:05:00	8.0	북서	313	18.31	0.71	5.2	0.92	4.5	8.4	서남서	253	10.7	1013.2	-	9	
2021-11-12 16:10:00	10.4	북서	305	18.34	0.73	5.7	1.11	4.5	7.1	서남서	258	10.7	1013.2	-	343	
2021-11-12 16:15:00	7.0	서북서	297	18.33	0.66	5.1	0.80	4.5	6.9	서	262	10.7	1013.3	-	84	
2021-11-12 16:20:00	9.4	서북서	303	18.34	0.73	5.4	0.97	5.0	6.7	서	262	10.8	1013.3	-	353	
2021-11-12 16:25:00	9.2	서북서	284	18.36	0.63	5.8	0.71	5.0	7.0	서남서	251	10.7	1013.3	-	347	
2021-11-12 16:30:00	8.8	서북서	302	18.34	0.63	5.2	0.83	6.5	6.8	서남서	256	10.7	1013.3	-	352	
2021-11-12 16:35:00	8.9	서북서	300	18.34	0.64	5.6	0.78	6.5	7.1	서	262	10.6	1013.3	-	343	
2021-11-12 16:40:00	8.6	서북서	290	18.33	0.65	5.0	0.83	5.5	7.2	서	262	10.6	1013.4	-	357	
2021-11-12 16:45:00	9.8	북서	307	18.33	0.62	5.3	0.86	4.5	6.2	서	263	10.4	1013.4	-	348	
2021-11-12 16:50:00	10.2	서북서	284	18.36	0.71	5.7	0.93	5.0	6.4	서남서	257	10.3	1013.4	-	356	
2021-11-12 16:55:00	10.6	서북서	287	18.36	0.65	5.4	0.82	6.0	6.2	서	259	10.3	1013.6	-	157	
2021-11-12 17:00:00	10.3	북서	308	18.34	0.70	5.4	1.08	5.0	6.5	서	268	10.0	1013.7	-	339	
2021-11-12 17:05:00	7.7	북서	306	18.32	0.65	5.6	0.89	6.0	6.4	서	259	9.8	1013.7	-	339	
2021-11-12 17:10:00	9.5	북서	312	18.31	0.65	5.1	0.88	6.5	6.3	서남서	258	9.9	1013.7	-	21	
2021-11-12 17:15:00	10.0	북서	312	18.30	0.66	5.2	0.85	5.5	5.5	서남서	258	9.7	1013.8	-	344	
2021-11-12 17:20:00	6.6	북서	315	18.31	0.63	5.6	0.85	5.5	5.9	서	263	9.8	1013.9	-	354	
2021-11-12 17:25:00	11.5	북서	308	18.37	0.62	5.3	0.93	6.0	5.4	서남서	257	9.6	1014.0	-	350	
2021-11-12 17:30:00	11.5	북서	309	18.37	0.67	5.5	0.92	6.5	4.7	서남서	255	9.5	1014.1	-	29	
2021-11-12 17:35:00	12.2	북서	306	18.38	0.55	5.2	0.77	6.5	4.8	서남서	257	9.4	1014.1	-	355	
2021-11-12 17:40:00	11.6	북서	318	18.37	0.55	5.4	0.71	4.5	4.6	서남서	255	9.3	1014.2	-	204	
2021-11-12 17:45:00	9.7	북서	313	18.37	0.68	5.6	0.79	7.0	5.0	서남서	249	9.3	1014.2	-	358	
2021-11-12 17:50:00	15.7	북서	320	18.39	0.68	6.7	0.99	5.0	4.6	서남서	255	9.3	1014.4	-	10	
2021-11-12 17:55:00	12.1	북서	320	18.39	0.66	6.4	1.03	5.5	4.6	서남서	249	9.1	1014.5	-	9	
2021-11-12 18:00:00	12.3	북북서	332	18.39	0.64	5.4	0.88	6.0	4.8	서남서	252	9.0	1014.6	-	356	
2021-11-12 18:05:00	9.0	북서	321	18.40	0.56	5.9	0.88	5.5	5.5	서남서	248	9.2	1014.6	-	3	
2021-11-12 18:10:00	11.6	북서	323	18.40	0.60	5.6	0.86	5.0	5.8	서남서	255	9.1	1014.6	-	246	
2021-11-12 18:15:00	14.6	북서	326	18.42	0.66	5.7	0.99	5.5	6.8	서남서	248	9.2	1014.6	-	345	
2021-11-12 18:20:00	13.2	북북서	334	18.42	0.63	5.7	0.75	6.0	6.9	서남서	249	9.4	1014.6	-	35	
2021-11-12 18:25:00	12.7	북북서	338	18.43	0.65	5.6	0.86	5.5	6.2	서남서	243	9.1	1014.7	-	354	
2021-11-12 18:30:00	14.2	북북서	331	18.43	0.54	5.5	0.79	5.0	5.5	남서	229	9.0	1014.7	-	10	
2021-11-12 18:35:00	14.8	북북서	334	18.43	0.61	5.8	0.79	7.0	4.7	남서	229	8.7	1014.8	-	35	
2021-11-12 18:40:00	12.3	북북서	326	18.43	0.66	5.5	0.93	4.5	4.2	남서	226	8.6	1014.8	-	11	
2021-11-12 18:45:00	14.0	북북서	333	18.43	0.63	5.7	0.91	7.5	4.6	남서	236	8.6	1014.9	-	353	
2021-11-12 18:50:00	14.4	북서	319	18.46	0.63	5.8	0.82	5.0	4.7	서남서	242	8.6	1015.0	-	4	
2021-11-12 18:55:00	15.8	북서	325	18.46	0.60	5.8	0.77	6.5	4.5	서남서	237	8.5	1015.0	-	0	
2021-11-12 19:00:00	18.8	북서	326	18.46	0.55	5.4	0.66	7.5	4.3	남서	234	8.7	1015.1	-	353	
2021-11-12 19:05:00	17.8	북북서	327	18.45	0.54	6.2	0.70	6.0	4.7	남서	236	8.5	1015.1	-	7	
2021-11-12 19:10:00	19.5	북북서	337	18.43	0.61	5.6	0.95	7.0	4.5	서남서	237	8.6	1015.2	-	359	
2021-11-12 19:15:00	13.5	북북서	341	18.43	0.57	6.0	0.74	7.5	4.3	남서	232	8.5	1015.3	-	6	
2021-11-12 19:20:00	16.4	북북서	328	18.43	0.56	5.6	0.78	6.0	4.2	남서	231	8.4	1015.4	-	346	
2021-11-12 19:25:00	13.8	북서	326	18.42	0.54	5.6	0.75	6.0	4.5	서남서	244	8.4	1015.4	-	3	
2021-11-12 19:30:00	15.8	북북서	336	18.43	0.54	5.5	0.81	5.5	4.5	서남서	237	8.4	1015.4	-	6	
2021-11-12 19:35:00	18.0	북북서	332	18.43	0.57	6.6	0.80	7.0	5.0	서남서	237	8.3	1015.3	-	11	
2021-11-12 19:40:00	13.3	북북서	329	18.44	0.63	6.1	0.93	6.0	4.7	서남서	240	8.2	1015.4	-	5	
2021-11-12 19:45:00	16.7	북북서	333	18.43	0.61	5.9	0.87	5.0	4.9	서남서	245	8.1	1015.5	-	7	
2021-11-12 19:50:00	20.8	북북서	334	18.43	0.59	6.0	0.77	4.5	4.5	서남서	239	8.1	1015.5	-	334	
2021-11-12 19:55:00	15.2	북북서	333	18.43	0.60	5.8	0.73	5.0	4.9	남서	235	8.0	1015.5	-	35	
2021-11-12 20:00:00	17.1	북북서	339	18.43	0.61	6.1	0.87	5.0	4.5	서남서	245	8.1	1015.6	-	359	
2021-11-12 20:05:00	17.5	북북서	336	18.43	0.59	6.8	0.72	7.5	4.1	서남서	244	8.1	1015.7	-	355	
2021-11-12 20:10:00	17.3	북북서	343	18.42	0.55	6.2	0.86	5.5	4.5	서남서	242	7.9	1015.7	-	7	
2021-11-12 20:15:00	16.1	북북서	330	18.44	0.54	5.4	0.67	4.5	4.6	남서	232	7.9	1015.7	-	335	
2021-11-12 20:20:00	16.6	북북서	340	18.43	0.67	6.3	0.91	5.0	4.6	남서	233	7.8	1015.7	-	28	
2021-11-12 20:25:00	16.1	북북서	343	18.45	0.59	6.5	0.71	6.5	4.4	남서	236	7.9	1015.7	-	31	
2021-11-12 20:30:00	12.9	북북서	333	18.47	0.58	6.3	0.87	6.5	4.7	남서	236	7.7	1015.7	-	17	
2021-11-12 20:35:00	14.6	북북서	341	18.46	0.63	5.5	0.88	4.5	4.5	서남서	246	7.8	1015.7	-	353	
2021-11-12 20:40:00	10.4	북북서	345	18.47	0.65	6.3	0.90	6.5	4.4	서남서	243	7.8	1015.7	-	30	
2021-11-12 20:45:00	17.4	북북서	340	18.46	0.65	7.0	0.85	7.0	4.7	서남서	240	7.9	1015.7	-	34	
2021-11-12 20:50:00	14.8	북북서	344	18.48	0.63	5.6	0.84	6.0	4.9	남서	227	7.8	1015.7	-	7	
2021-11-12 20:55:00	15.5	북북서	338	18.47	0.61	6.0	0.77	7.0	5.2	남서	230	7.6	1015.7	-	25	
2021-11-12 21:00:00	15.2	북북서	340	18.46	0.60	7.1	0.78	8.0	5.0	남서	231	7.5	1015.7	-	40	
2021-11-12 21:05:00	12.7	북북서	336	18.47	0.55	6.3	0.83	5.0	4.0	서남서	237	7.5	1015.8	-	359	
2021-11-12 21:10:00	12.6	북북서	341	18.47	0.52	5.6	0.64	5.0	4.1	남서	235	7.5	1015.8	-	351	
2021-11-12 21:15:00	13.3	북북서	342	18.47	0.58	6.2	0.71	7.5	4.6	남서	231	7.5	1015.8	-	8	
2021-11-12 21:20:00	16.1	북북서	346	18.47	0.59	6.0	0.81	6.5	4.4	남서	232	7.5	1015.8	-	13	
2021-11-12 21:25:00	14.2	북북서	348	18.48	0.52	6.3	0.67	3.5	4.4	남서	234	7.5	1015.8	-	8	
2021-11-12 21:30:00	13.6	북북서	345	18.47	0.57	6.6	0.90	6.5	4.5	남서	233	7.6	1015.9	-	12	
2021-11-12 21:35:00	13.8	북	349	18.47	0.64	6.4	0.90	6.0	4.8	남서	226	7.7	1015.9	-	46	
2021-11-12 21:40:00	13.1	북	356	18.46	0.64	6.2	0.83	6.0	4.6	남서	234	7.6	1016.0	-	14	
2021-11-12 21:45:00	12.2	북북서	347	18.47	0.56	6.3	0.71	6.5	4.4	남서	233	7.4	1016.1	-	28	
2021-11-12 21:50:00	12.5	북북서	347	18.48	0.57	6.2	0.88	6.0	4.5	서남서	239	7.4	1016.1	-	17	
2021-11-12 21:55:00	11.6	북	351	18.47	0.59	6.5	0.72	6.0	4.5	남서	235	7.2	1016.1	-	342	
2021-11-12 22:00:00	13.2	북	352	18.46	0.62	6.8	0.86	6.5	4.2	남서	231	7.2	1016.1	-	9	
2021-11-12 22:05:00	10.5	북	355	18.46	0.54	6.2	0.71	8.0	4.2	남서	236	7.1	1016.2	-	354	
2021-11-12 22:10:00	12.4	북	350	18.45	0.69	6.6	0.90	6.0	5.0	남서	233	7.2	1016.1	-	12	
2021-11-12 22:15:00	10.9	북	4	18.41	0.58	6.5	0.72	5.5	5.4	남서	231	7.1	1016.1	-	359	
2021-11-12 22:20:00	9.2	북	359	18.40	0.62	6.3	0.94	7.0	5.1	남서	233	7.2	1016.1	-	2	
2021-11-12 22:25:00	9.7	북	351	18.39	0.61	6.6	0.79	6.0	5.1	남서	231	7.3	1016.1	-	357	
2021-11-12 22:30:00	9.2	북	352	18.38	0.55	6.4	0.67	4.5	5.5	서남서	237	7.2	1016.0	-	48	
2021-11-12 22:35:00	8.7	북	353	18.36	0.54	6.4	0.76	5.0	5.2	남서	235	7.2	1016.0	-	335	
2021-11-12 22:40:00	7.9	북북서	344	18.37	0.56	6.6	0.81	7.5	5.5	남서	232	7.0	1016.0	-	22	
2021-11-12 22:45:00	7.8	북	355	18.35	0.65	6.7	0.92	7.0	5.8	남서	231	7.0	1016.0	-	37	
2021-11-12 22:50:00	11.8	북북서	343	18.34	0.65	7.0	0.85	6.5	5.8	남서	233	7.1	1016.0	-	2	
2021-11-12 22:55:00	5.1	북북서	328	18.34	0.68	6.3	0.87	6.5	5.5	남서	233	7.0	1016.0	-	12	
2021-11-12 23:00:00	9.4	북	356	18.33	0.55	6.4	0.71	7.0	5.5	서남서	237	7.1	1016.0	-	346	
2021-11-12 23:05:00	7.4	북북서	348	18.32	0.59	6.1	0.98	7.0	5.0	남서	231	6.9	1016.0	-	67	
2021-11-12 23:10:00	7.3	북	6	18.27	0.54	6.5	0.74	6.0	5.1	남서	231	6.9	1016.1	-	1	
2021-11-12 23:15:00	9.1	북	359	18.28	0.65	6.7	1.06	6.5	5.4	서남서	239	6.8	1016.1	-	341	
2021-11-12 23:20:00	6.2	북	355	18.28	0.60	6.7	1.00	6.0	5.5	남서	235	6.9	1016.0	-	9	
2021-11-12 23:25:00	8.3	북	352	18.27	0.52	6.0	0.74	6.0	5.5	남서	230	7.0	1016.0	-	8	
2021-11-12 23:30:00	5.8	북북동	24	18.27	0.62	6.8	0.85	7.5	5.1	남서	230	6.7	1016.0	-	51	
2021-11-12 23:35:00	5.9	북북동	17	18.29	0.58	6.9	0.87	5.0	5.1	남서	232	6.7	1016.0	-	357	
2021-11-12 23:40:00	7.7	북	5	18.28	0.59	6.5	0.76	5.0	5.0	남서	226	6.8	1016.0	-	353	
2021-11-12 23:45:00	6.6	북북서	332	18.27	0.56	6.3	0.66	6.5	5.4	남서	229	6.5	1016.0	-	31	
2021-11-12 23:50:00	6.7	북북동	12	18.24	0.63	6.1	0.87	6.5	5.4	남서	232	6.6	1016.0	-	29	
2021-11-12 23:55:00	5.9	북북동	22	18.24	0.61	6.4	0.73	7.0	5.4	남서	231	6.6	1016.0	-	35	
2021-11-13 00:00:00	4.4	북	1	18.25	0.59	6.4	0.75	5.5	5.6	남서	224	6.6	1016.0	-	351	
2021-11-13 00:05:00	5.2	북	4	18.23	0.59	6.4	0.80	8.0	6.2	남서	228	6.7	1016.0	-	0	
2021-11-13 00:10:00	3.5	북서	321	18.23	0.58	6.6	0.83	7.0	5.8	남서	232	6.7	1016.0	-	70	
2021-11-13 00:15:00	1.4	북	353	18.22	0.70	6.5	0.93	5.0	6.2	남서	223	6.8	1016.0	-	5	
2021-11-13 00:20:00	6.2	북북동	29	18.19	0.59	5.9	0.77	5.0	6.3	남서	227	6.8	1016.0	-	0	
2021-11-13 00:25:00	3.0	북	359	18.21	0.65	6.8	0.78	7.5	5.6	남서	233	6.7	1016.0	-	19	
2021-11-13 00:30:00	5.8	북	6	18.18	0.54	6.8	0.61	7.0	5.0	남서	227	6.8	1016.1	-	353	
2021-11-13 00:35:00	3.1	북북동	17	18.20	0.58	6.7	0.90	6.5	5.5	남서	224	6.8	1016.1	-	14	
2021-11-13 00:40:00	3.4	동북동	60	18.19	0.55	6.1	0.65	6.5	4.9	남서	235	6.6	1016.1	-	25	
2021-11-13 00:45:00	6.4	북북동	19	18.18	0.57	6.9	0.82	5.5	5.4	남서	228	6.5	1016.1	-	9	
2021-11-13 00:50:00	2.8	북동	34	18.15	0.64	6.2	0.75	5.5	6.0	남서	226	6.5	1016.0	-	359	
2021-11-13 00:55:00	3.0	북북동	15	18.15	0.68	6.6	1.05	7.0	5.7	남서	231	6.6	1016.1	-	358	
2021-11-13 01:00:00	4.1	북북동	17	18.12	0.58	6.7	0.88	6.0	5.4	남서	223	6.7	1016.1	-	14	
2021-11-13 01:05:00	3.7	북북동	26	18.10	0.53	6.1	0.85	5.5	5.9	남서	232	6.7	1016.1	-	35	
2021-11-13 01:10:00	2.3	북북동	22	18.06	0.60	5.8	0.80	6.5	6.8	남서	228	6.8	1016.1	-	5	
2021-11-13 01:15:00	4.1	북동	41	18.06	0.58	6.3	0.70	6.0	5.8	남서	231	6.7	1016.1	-	3	
2021-11-13 01:20:00	4.3	북	8	18.08	0.62	6.2	0.79	5.0	6.1	남서	231	6.5	1016.1	-	64	
2021-11-13 01:25:00	2.3	북북동	29	18.05	0.69	6.3	0.96	7.5	5.6	남서	227	6.4	1016.1	-	13	
2021-11-13 01:30:00	2.0	북	352	18.05	0.56	6.5	0.84	6.0	6.1	남서	229	6.4	1016.0	-	24	
2021-11-13 01:35:00	1.3	북북동	19	18.04	0.65	6.6	0.79	6.5	5.9	남서	228	6.4	1016.0	-	12	
2021-11-13 01:40:00	5.2	북북동	29	18.03	0.54	6.1	0.87	7.0	5.9	남서	232	6.5	1016.0	-	17	
2021-11-13 01:45:00	3.8	북북동	28	18.02	0.59	6.3	0.85	5.5	6.2	남서	227	6.6	1016.0	-	14	
2021-11-13 01:50:00	2.6	동북동	65	17.99	0.62	6.1	0.86	5.0	6.0	남서	233	6.5	1016.1	-	346	
2021-11-13 01:55:00	4.4	북북동	19	18.00	0.63	6.6	0.87	5.5	5.8	남서	229	6.4	1016.0	-	338	
2021-11-13 02:00:00	1.7	동북동	64	18.00	0.67	6.9	0.87	6.5	5.7	남서	226	6.7	1016.0	-	42	
2021-11-13 02:05:00	0.2	동남동	111	18.00	0.66	6.5	0.98	7.0	6.0	남서	225	6.5	1016.0	-	347	
2021-11-13 02:10:00	0.2	남남동	159	17.97	0.67	6.9	0.82	7.0	5.8	남서	221	6.5	1016.1	-	56	
2021-11-13 02:15:00	3.1	북	354	17.95	0.82	6.3	1.16	6.5	5.8	남서	225	6.6	1016.1	-	11	
2021-11-13 02:20:00	4.7	북북동	32	17.94	0.72	6.5	0.98	6.0	5.9	남서	223	6.5	1016.1	-	18	
2021-11-13 02:25:00	2.7	북동	41	17.94	0.64	6.7	0.93	6.5	5.6	남서	223	6.6	1016.2	-	26	
2021-11-13 02:30:00	2.9	북동	37	17.95	0.59	7.2	0.82	7.0	5.8	남서	226	6.4	1016.2	-	352	
2021-11-13 02:35:00	1.6	북북동	20	17.93	0.52	6.3	0.69	7.0	6.2	남서	227	6.5	1016.1	-	357	
2021-11-13 02:40:00	4.8	북	0	17.92	0.66	7.1	0.92	6.5	6.4	남서	226	6.6	1016.1	-	49	
2021-11-13 02:45:00	0.7	동	81	17.93	0.66	6.9	0.91	5.5	6.6	남서	223	6.4	1016.1	-	6	
2021-11-13 02:50:00	0.8	북북동	31	17.94	0.62	6.8	0.90	7.0	6.3	남서	226	6.4	1016.2	-	347	
2021-11-13 02:55:00	2.2	북북동	31	17.95	0.64	6.8	0.77	6.0	6.1	남서	228	6.4	1016.2	-	15	
2021-11-13 03:00:00	1.1	북서	322	17.93	0.58	6.5	0.69	8.0	6.6	남서	227	6.5	1016.1	-	31	
2021-11-13 03:05:00	1.3	북북동	19	17.93	0.63	6.8	0.74	6.5	6.4	남서	224	6.4	1016.2	-	0	
2021-11-13 03:10:00	1.9	서남서	251	17.92	0.71	6.9	0.84	7.0	6.3	남서	224	6.5	1016.1	-	27	
2021-11-13 03:15:00	3.2	북	351	17.89	0.76	6.8	1.31	6.5	6.1	남서	230	6.4	1016.2	-	40	
2021-11-13 03:20:00	3.8	북	357	17.88	0.67	7.2	1.00	6.5	5.7	남서	233	6.5	1016.2	-	50	
2021-11-13 03:25:00	2.9	북북서	336	17.89	0.65	7.3	1.01	7.0	5.7	남서	231	6.6	1016.1	-	50	
2021-11-13 03:30:00	3.2	북북서	332	17.91	0.71	6.4	1.09	7.0	6.0	남서	229	6.6	1016.1	-	7	
2021-11-13 03:35:00	4.0	북북서	326	17.93	0.67	6.6	0.86	7.0	5.8	남서	227	6.5	1016.1	-	30	
2021-11-13 03:40:00	5.1	북북서	341	17.90	0.69	6.7	0.97	6.5	5.4	남서	232	6.5	1016.1	-	17	
2021-11-13 03:45:00	5.0	북	349	17.89	0.60	6.8	0.92	6.5	5.5	남서	229	6.4	1016.1	-	355	
2021-11-13 03:50:00	5.0	북	354	17.89	0.73	6.5	0.97	6.5	5.4	남서	226	6.3	1016.1	-	23	
2021-11-13 03:55:00	3.5	북서	310	17.88	0.66	6.2	0.88	6.5	5.2	남서	228	6.4	1016.1	-	53	
2021-11-13 04:00:00	4.8	북북서	337	17.88	0.60	6.5	0.84	6.0	4.9	남서	227	6.3	1016.1	-	20	
2021-11-13 04:05:00	5.2	북북서	346	17.87	0.69	7.0	1.04	6.5	5.0	남서	229	6.3	1016.1	-	25	
2021-11-13 04:10:00	3.6	북북서	337	17.89	0.70	6.5	0.92	6.5	4.9	남서	236	6.1	1016.2	-	337	
2021-11-13 04:15:00	5.6	북북서	342	17.89	0.60	6.1	0.73	5.5	4.7	남서	227	6.2	1016.2	-	338	
2021-11-13 04:20:00	4.9	북북서	330	17.87	0.65	6.2	0.89	6.0	5.1	남서	226	6.1	1016.2	-	349	
2021-11-13 04:25:00	5.2	북북서	341	17.89	0.76	7.5	0.92	7.5	5.3	남서	227	6.2	1016.2	-	50	
2021-11-13 04:30:00	4.3	북	355	17.87	0.75	6.7	1.14	7.5	5.2	남서	226	6.2	1016.3	-	49	
2021-11-13 04:35:00	7.6	북북동	12	17.87	0.62	7.0	0.89	7.0	5.1	남서	226	6.1	1016.3	-	50	
2021-11-13 04:40:00	1.8	북서	317	17.87	0.85	6.9	1.19	7.5	4.8	남서	228	6.3	1016.3	-	0	
2021-11-13 04:45:00	3.8	북서	314	17.88	0.71	6.8	1.17	7.5	4.8	남서	227	6.3	1016.3	-	40	
2021-11-13 04:50:00	5.7	북	359	17.86	0.66	6.3	0.88	6.5	4.8	남서	228	6.1	1016.3	-	2	
2021-11-13 04:55:00	5.9	북북서	336	17.86	0.80	6.9	1.11	7.0	4.6	남서	226	6.2	1016.4	-	51	
2021-11-13 05:00:00	7.0	북북서	332	17.86	0.77	6.9	1.00	6.5	4.7	남서	227	6.2	1016.4	-	51	
2021-11-13 05:05:00	6.9	북	352	17.85	0.70	7.0	0.94	6.5	4.6	남서	231	6.2	1016.4	-	48	
2021-11-13 05:10:00	7.3	북북서	338	17.87	0.88	7.2	1.62	7.0	4.5	남서	224	6.1	1016.4	-	29	
2021-11-13 05:15:00	8.6	북북서	335	17.88	0.83	7.5	1.15	6.5	4.7	남서	226	6.2	1016.4	-	41	
2021-11-13 05:20:00	10.7	북서	326	17.88	0.74	7.3	1.04	7.0	4.4	남서	230	6.1	1016.5	-	48	
2021-11-13 05:25:00	9.5	북서	323	17.91	0.68	7.1	0.84	6.0	4.2	남서	230	6.2	1016.4	-	61	
2021-11-13 05:30:00	7.8	북북서	344	17.89	0.69	7.2	1.04	8.0	4.1	남서	227	6.2	1016.4	-	51	
2021-11-13 05:35:00	6.0	북서	323	17.91	0.73	6.2	0.99	6.0	3.9	남서	228	6.1	1016.4	-	0	
2021-11-13 05:40:00	5.6	북	352	17.88	0.73	7.0	1.28	6.5	3.7	남서	226	6.1	1016.4	-	33	
2021-11-13 05:45:00	8.3	북서	321	17.90	0.78	7.5	1.09	6.0	3.3	남서	221	6.0	1016.4	-	57	
2021-11-13 05:50:00	5.2	북서	310	17.91	0.74	6.7	0.89	6.0	3.6	남서	226	6.2	1016.5	-	34	
2021-11-13 05:55:00	6.2	북북서	333	17.89	0.81	6.7	1.23	8.0	3.9	남서	224	6.3	1016.5	-	50	
2021-11-13 06:00:00	6.9	북북서	329	17.87	0.65	7.4	0.85	7.5	4.0	남서	223	6.5	1016.5	-	31	
2021-11-13 06:05:00	6.6	북북서	333	17.87	0.78	6.8	1.02	7.5	3.9	남서	221	6.5	1016.6	-	27	
2021-11-13 06:10:00	5.6	북서	322	17.86	0.79	7.5	1.00	8.0	3.7	남서	214	6.3	1016.6	-	39	
2021-11-13 06:15:00	9.0	북북서	328	17.87	0.69	7.1	0.97	8.0	3.9	남서	219	6.4	1016.6	-	46	
2021-11-13 06:20:00	7.7	북북서	338	17.88	0.72	6.8	0.92	6.0	4.5	남서	225	6.6	1016.6	-	47	
2021-11-13 06:25:00	7.1	북북서	331	17.89	0.78	7.2	1.09	7.0	4.5	남서	225	6.5	1016.6	-	22	
2021-11-13 06:30:00	6.8	북북서	329	17.87	0.76	7.0	0.93	6.0	4.7	남서	226	6.4	1016.6	-	24	
2021-11-13 06:35:00	6.0	북서	315	17.87	0.75	7.8	1.03	6.5	4.5	남서	231	6.5	1016.6	-	50	
2021-11-13 06:40:00	5.3	북북서	333	17.88	0.69	6.9	0.98	8.0	4.6	남서	229	6.5	1016.6	-	49	
2021-11-13 06:45:00	7.5	북북서	331	17.85	0.70	7.0	0.92	6.0	4.4	남서	233	6.6	1016.6	-	35	
2021-11-13 06:50:00	11.2	북북서	338	17.87	0.68	6.6	1.08	7.0	4.8	남서	235	6.9	1016.5	-	43	
2021-11-13 06:55:00	7.9	북북서	339	17.85	0.70	7.1	0.90	7.0	4.7	남서	233	6.9	1016.5	-	20	
2021-11-13 07:00:00	8.2	북북서	339	17.86	0.70	6.2	0.96	7.0	4.4	서남서	244	7.1	1016.6	-	40	
2021-11-13 07:05:00	6.1	북서	326	17.87	0.73	7.0	0.96	6.0	4.4	남서	225	6.8	1016.7	-	55	
2021-11-13 07:10:00	8.4	북북서	328	17.89	0.64	6.8	0.74	7.5	4.3	남서	224	6.9	1016.7	-	38	
2021-11-13 07:15:00	7.0	북북서	332	17.88	0.66	6.7	0.83	6.0	4.1	남서	220	6.8	1016.8	-	21	
2021-11-13 07:20:00	8.8	북북서	327	17.87	0.64	7.1	0.97	6.0	3.9	남서	227	6.9	1016.8	-	50	
2021-11-13 07:25:00	6.1	북북서	337	17.87	0.62	5.8	1.01	7.0	3.8	남서	219	7.1	1016.8	-	67	
2021-11-13 07:30:00	11.5	북북서	330	17.88	0.75	7.3	0.95	6.5	4.2	남서	222	7.2	1016.8	-	38	
2021-11-13 07:35:00	8.3	북북서	334	17.89	0.57	6.4	0.83	6.5	4.0	남서	223	7.3	1016.8	-	56	
2021-11-13 07:40:00	6.7	북북서	339	17.88	0.68	6.7	0.93	5.0	4.0	남서	231	7.4	1016.9	-	36	
2021-11-13 07:45:00	9.4	북북서	328	17.89	0.65	7.0	0.82	8.0	4.4	남서	228	7.7	1016.9	-	57	
2021-11-13 07:50:00	11.4	북서	326	17.91	0.65	6.3	0.86	7.5	3.8	남서	226	7.8	1016.9	-	42	
2021-11-13 07:55:00	10.6	북북서	329	17.91	0.55	6.5	0.84	6.0	3.8	남서	227	7.9	1016.9	-	43	
2021-11-13 08:00:00	9.9	북서	323	17.92	0.59	6.7	0.85	7.0	3.8	남서	222	7.9	1017.0	-	46	
2021-11-13 08:05:00	10.9	북북서	334	17.97	0.56	6.3	0.67	6.0	3.6	남서	222	7.7	1017.1	-	52	
2021-11-13 08:10:00	8.9	북서	324	17.96	0.55	6.7	0.68	8.0	3.9	남서	225	7.9	1017.1	-	37	
2021-11-13 08:15:00	11.8	북북서	338	17.98	0.53	6.3	0.70	7.0	3.8	남서	228	8.1	1017.1	-	7	
2021-11-13 08:20:00	6.8	북서	322	17.97	0.53	6.1	0.65	5.5	3.6	서남서	237	8.2	1017.1	-	48	
2021-11-13 08:25:00	10.4	북서	322	18.03	0.58	6.6	0.85	7.5	3.7	서남서	244	8.4	1017.1	-	48	
2021-11-13 08:30:00	12.8	북서	319	18.09	0.49	6.0	0.67	6.5	3.8	서남서	238	8.6	1017.1	-	31	
2021-11-13 08:35:00	12.9	북서	324	18.09	0.64	6.8	0.83	7.0	3.8	남서	236	8.7	1017.1	-	52	
2021-11-13 08:40:00	15.7	북서	324	18.13	0.58	6.2	0.79	6.5	4.0	남서	235	8.9	1017.1	-	54	
2021-11-13 08:45:00	12.5	북서	318	18.15	0.66	7.0	0.78	6.5	3.9	남서	226	9.1	1017.1	-	54	
2021-11-13 08:50:00	13.1	북서	305	18.15	0.61	6.5	0.77	7.0	3.9	남서	225	9.1	1017.1	-	40	
2021-11-13 08:55:00	14.8	북서	318	18.15	0.54	6.5	0.74	6.0	3.5	남서	230	9.2	1017.1	-	28	
2021-11-13 09:00:00	12.1	북서	319	18.14	0.52	6.2	0.73	7.5	3.8	남서	227	9.4	1017.0	-	18	
2021-11-13 09:05:00	12.8	북서	322	18.14	0.49	5.7	0.75	6.5	3.7	남서	225	9.8	1017.0	-	26	
2021-11-13 09:10:00	11.9	북서	314	18.16	0.56	6.0	0.90	6.5	3.4	남서	226	10.0	1017.0	-	79	
2021-11-13 09:15:00	12.7	북북서	327	18.18	0.51	6.1	0.80	7.0	3.2	남서	226	10.1	1017.0	-	52	
2021-11-13 09:20:00	11.2	서북서	300	18.19	0.49	6.1	0.61	7.0	3.1	남서	231	10.2	1017.0	-	35	
2021-11-13 09:25:00	12.7	북서	319	18.17	0.63	6.6	0.79	6.5	3.6	남서	230	10.4	1017.0	-	20	
2021-11-13 09:30:00	10.8	북서	312	18.20	0.53	6.1	0.65	8.5	4.0	남서	230	10.6	1017.0	-	14	
2021-11-13 09:35:00	10.8	북북서	329	18.22	0.51	7.3	0.72	5.5	3.6	남서	230	10.6	1017.0	-	57	
2021-11-13 09:40:00	9.3	북북서	336	18.22	0.51	6.4	0.64	8.0	3.3	남서	228	10.9	1016.9	-	34	
2021-11-13 09:45:00	10.8	북서	310	18.22	0.59	6.1	0.85	6.5	3.3	남서	231	11.0	1016.9	-	28	
2021-11-13 09:50:00	6.7	서북서	303	18.24	0.52	6.3	0.76	6.0	2.9	남서	236	11.1	1016.9	-	57	
2021-11-13 09:55:00	15.4	북서	312	18.26	0.48	6.5	0.67	6.5	2.4	남서	234	11.3	1016.8	-	10	
2021-11-13 10:00:00	9.9	북서	309	18.25	0.50	5.9	0.85	5.5	2.2	서남서	237	11.4	1016.8	-	14	
2021-11-13 10:05:00	15.1	북서	324	18.26	0.52	6.1	0.74	5.5	1.6	남서	228	11.5	1016.8	-	66	
2021-11-13 10:10:00	11.9	북서	325	18.29	0.52	6.5	0.74	7.0	2.0	서남서	242	11.8	1016.8	-	52	
2021-11-13 10:15:00	14.3	북서	317	18.30	0.50	5.8	0.65	6.0	1.9	남서	229	11.8	1016.7	-	35	
2021-11-13 10:20:00	15.0	북북서	328	18.28	0.51	6.0	0.66	5.5	2.0	남서	215	12.0	1016.7	-	37	
2021-11-13 10:25:00	15.3	북서	316	18.30	0.45	6.4	0.67	7.0	1.3	남남서	197	12.2	1016.6	-	70	
2021-11-13 10:30:00	14.9	북서	320	18.31	0.56	6.5	0.73	5.0	1.6	남	178	12.5	1016.6	-	20	
2021-11-13 10:35:00	10.3	북서	318	18.32	0.58	6.8	0.84	8.5	1.7	남	184	12.4	1016.5	-	37	
2021-11-13 10:40:00	13.5	북서	323	18.32	0.50	5.7	0.90	5.0	2.2	남	191	12.6	1016.5	-	60	
2021-11-13 10:45:00	13.5	북서	321	18.32	0.59	6.9	0.89	6.5	1.7	남	187	12.6	1016.5	-	54	
2021-11-13 10:50:00	10.2	북서	317	18.33	0.56	6.4	0.79	7.5	1.9	남서	216	12.7	1016.4	-	66	
2021-11-13 10:55:00	9.9	북서	310	18.33	0.56	6.7	0.71	8.5	1.2	남남서	194	12.8	1016.4	-	36	
2021-11-13 11:00:00	11.1	북서	310	18.35	0.51	6.2	0.67	7.0	0.8	남남서	195	13.2	1016.4	-	33	
2021-11-13 11:05:00	11.5	북서	304	18.35	0.56	5.2	0.89	4.0	0.5	남남동	158	13.4	1016.3	-	49	
2021-11-13 11:10:00	8.7	북서	323	18.36	0.59	6.6	0.79	6.5	1.9	남동	127	13.4	1016.3	-	40	
2021-11-13 11:15:00	11.1	북서	312	18.36	0.52	5.9	0.75	7.5	4.5	남동	126	12.4	1016.2	-	67	
2021-11-13 11:20:00	11.7	서북서	296	18.36	0.56	7.0	0.80	6.0	3.2	동남동	123	12.4	1016.2	-	39	
2021-11-13 11:25:00	8.5	북서	311	18.36	0.55	6.2	0.85	6.5	3.2	동남동	122	12.5	1016.1	-	44	
2021-11-13 11:30:00	12.7	북서	305	18.35	0.53	6.4	0.72	5.5	4.0	남동	125	12.3	1016.1	-	14	
2021-11-13 11:35:00	11.8	서북서	294	18.36	0.51	5.9	0.66	6.5	3.8	동남동	117	12.2	1016.0	-	58	
2021-11-13 11:40:00	8.7	북서	324	18.36	0.62	6.4	0.77	6.5	3.5	동남동	111	12.3	1016.0	-	41	
2021-11-13 11:45:00	9.1	서북서	295	18.36	0.42	5.2	0.58	4.0	3.5	동남동	113	12.3	1015.9	-	47	
2021-11-13 11:50:00	10.8	북서	310	18.37	0.48	5.5	0.80	7.0	3.2	동남동	114	12.3	1015.8	-	46	
2021-11-13 11:55:00	10.6	서북서	300	18.37	0.49	6.2	0.73	6.0	2.4	동남동	120	12.5	1015.8	-	26	
2021-11-13 12:00:00	9.0	북서	323	18.37	0.53	6.0	0.80	7.5	2.7	동남동	103	12.6	1015.7	-	55	
2021-11-13 12:05:00	9.2	북서	308	18.37	0.50	6.5	0.69	7.5	2.8	동남동	106	12.5	1015.6	-	49	
2021-11-13 12:10:00	7.4	서북서	287	18.38	0.49	6.3	0.61	6.0	3.0	동	98	12.6	1015.5	-	47	
2021-11-13 12:15:00	9.7	북서	304	18.38	0.48	6.0	0.67	6.0	2.7	동	89	12.7	1015.5	-	47	
2021-11-13 12:20:00	7.9	서북서	283	18.37	0.47	6.1	0.54	5.0	2.9	동	95	12.7	1015.5	-	53	
2021-11-13 12:25:00	11.1	서북서	288	18.39	0.49	6.6	0.80	6.0	3.0	동남동	103	12.8	1015.4	-	24	
2021-11-13 12:30:00	10.5	서	281	18.40	0.45	6.3	0.55	4.0	3.3	동	98	12.9	1015.3	-	55	
2021-11-13 12:35:00	11.3	서북서	293	18.41	0.54	6.5	0.73	7.5	3.6	동북동	78	12.8	1015.2	-	59	
2021-11-13 12:40:00	11.2	서북서	293	18.41	0.49	6.8	0.64	6.5	3.5	동	82	12.7	1015.1	-	42	
2021-11-13 12:45:00	10.6	서북서	300	18.41	0.46	6.0	0.66	6.0	3.5	동	84	12.8	1015.0	-	49	
2021-11-13 12:50:00	10.6	서북서	290	18.41	0.46	5.8	0.77	6.5	3.5	동	91	12.9	1014.9	-	38	
2021-11-13 12:55:00	10.6	서북서	295	18.42	0.47	6.1	0.71	5.5	3.9	동	99	12.8	1014.9	-	18	
2021-11-13 13:00:00	12.4	서	281	18.42	0.46	6.0	0.60	7.5	3.9	동	95	12.9	1014.9	-	31	
2021-11-13 13:05:00	11.7	서북서	296	18.42	0.49	6.5	0.77	7.0	4.2	동	90	12.9	1015.0	-	54	
2021-11-13 13:10:00	11.1	서북서	292	18.41	0.48	6.2	0.84	6.0	3.9	동	95	12.9	1015.1	-	45	
2021-11-13 13:15:00	8.0	서북서	288	18.41	0.44	6.2	0.59	6.0	4.0	동	100	13.1	1015.1	-	58	
2021-11-13 13:20:00	10.2	서북서	290	18.41	0.49	6.2	0.63	7.0	3.4	동	99	13.0	1015.1	-	38	
2021-11-13 13:25:00	12.5	서북서	287	18.40	0.49	6.2	0.72	6.0	3.2	동	96	13.1	1015.1	-	48	
2021-11-13 13:30:00	8.1	북서	313	18.39	0.42	6.2	0.59	7.0	3.9	동남동	105	13.1	1015.1	-	65	
2021-11-13 13:35:00	12.2	서북서	290	18.39	0.38	6.2	0.60	5.5	3.4	동남동	115	13.1	1015.1	-	67	
2021-11-13 13:40:00	10.0	서	269	18.39	0.45	6.3	0.60	5.5	3.3	동남동	119	13.2	1015.1	-	39	
2021-11-13 13:45:00	8.4	서북서	301	18.38	0.48	5.7	0.61	6.0	2.8	동남동	110	13.3	1015.1	-	39	
2021-11-13 13:50:00	11.0	서북서	294	18.38	0.40	5.4	0.66	4.5	3.2	동남동	116	13.3	1015.0	-	54	
2021-11-13 13:55:00	9.5	서북서	296	18.36	0.47	6.2	0.58	5.5	3.6	동남동	108	13.2	1014.9	-	54	
2021-11-13 14:00:00	8.8	서북서	295	18.36	0.47	6.1	0.55	7.5	3.8	동남동	114	13.3	1014.9	-	40	
2021-11-13 14:05:00	9.5	서북서	291	18.37	0.50	6.2	0.83	6.5	4.0	동남동	117	13.3	1014.9	-	31	
2021-11-13 14:10:00	9.3	서북서	293	18.37	0.41	5.8	0.58	5.0	4.3	동남동	116	13.3	1014.8	-	68	
2021-11-13 14:15:00	9.3	서북서	285	18.36	0.41	5.9	0.63	5.5	4.3	동남동	116	13.4	1014.8	-	72	
2021-11-13 14:20:00	9.6	서북서	293	18.36	0.46	5.7	0.68	5.5	4.6	동남동	116	13.5	1014.7	-	49	
2021-11-13 14:25:00	9.4	서북서	295	18.35	0.50	6.2	0.74	6.5	4.3	동남동	121	13.4	1014.6	-	41	
2021-11-13 14:30:00	13.6	서북서	295	18.34	0.47	6.3	0.61	7.5	4.4	동남동	117	13.6	1014.6	-	59	
2021-11-13 14:35:00	11.4	서북서	294	18.34	0.51	6.4	0.62	7.0	4.9	동남동	121	13.6	1014.5	-	48	
2021-11-13 14:40:00	11.3	서북서	304	18.33	0.46	6.5	0.59	6.5	5.2	남동	128	13.7	1014.4	-	45	
2021-11-13 14:45:00	9.0	서북서	285	18.33	0.49	5.7	0.77	5.5	5.1	남동	124	13.5	1014.4	-	49	
2021-11-13 14:50:00	10.0	서북서	297	18.34	0.47	6.0	0.64	7.0	5.1	남동	126	13.7	1014.4	-	60	
2021-11-13 14:55:00	9.7	서북서	292	18.35	0.44	5.9	0.69	7.0	5.3	남동	127	13.8	1014.4	-	45	
2021-11-13 15:00:00	6.9	서북서	287	18.35	0.46	6.3	0.63	7.5	5.6	남동	130	14.0	1014.4	-	39	
2021-11-13 15:05:00	11.5	서북서	294	18.34	0.46	6.3	0.61	6.0	5.6	남동	127	14.0	1014.4	-	67	
2021-11-13 15:10:00	12.2	서북서	291	18.33	0.38	5.9	0.53	5.0	4.8	남동	131	14.2	1014.4	-	71	
2021-11-13 15:15:00	11.2	서북서	294	18.34	0.43	6.1	0.54	6.0	4.3	남동	143	14.6	1014.4	-	57	
2021-11-13 15:20:00	9.8	서	265	18.35	0.42	6.1	0.55	5.5	4.4	남남동	167	15.1	1014.4	-	29	
2021-11-13 15:25:00	5.3	서북서	293	18.32	0.38	5.8	0.51	3.5	4.7	남서	214	15.5	1014.4	-	42	
2021-11-13 15:30:00	4.2	서북서	296	18.31	0.39	5.5	0.64	8.0	5.6	남남서	208	15.5	1014.4	-	39	
2021-11-13 15:35:00	4.8	북서	305	18.30	0.41	6.7	0.61	6.5	6.8	남남서	208	15.4	1014.3	-	62	
2021-11-13 15:40:00	5.0	서북서	295	18.30	0.39	6.1	0.60	6.5	7.0	남남서	208	15.4	1014.3	-	35	
2021-11-13 15:45:00	5.2	북서	311	18.30	0.40	6.4	0.57	6.0	7.4	남서	215	15.3	1014.3	-	46	
2021-11-13 15:50:00	3.2	서	280	18.28	0.37	5.9	0.45	5.5	7.2	남서	219	15.3	1014.3	-	48	
2021-11-13 15:55:00	4.6	서북서	304	18.26	0.40	6.3	0.52	8.5	6.7	남서	217	15.4	1014.4	-	58	
2021-11-13 16:00:00	3.5	북서	325	18.23	0.40	6.3	0.57	5.5	7.5	남서	222	15.2	1014.4	-	55	
2021-11-13 16:05:00	2.5	서북서	295	18.21	0.38	5.8	0.71	5.5	6.5	남서	226	15.1	1014.4	-	10	
2021-11-13 16:10:00	2.6	북서	321	18.20	0.41	6.3	0.55	5.5	6.7	남서	225	15.3	1014.4	-	57	
2021-11-13 16:15:00	6.2	북북서	334	18.20	0.42	6.1	0.69	6.5	6.5	남서	224	15.3	1014.5	-	74	
2021-11-13 16:20:00	2.6	북서	325	18.19	0.40	6.7	0.67	7.0	5.7	남서	230	15.1	1014.6	-	43	
2021-11-13 16:25:00	4.2	북서	317	18.18	0.35	6.0	0.44	8.5	6.7	남서	223	15.0	1014.6	-	79	
2021-11-13 16:30:00	5.8	북	351	18.17	0.38	5.9	0.46	8.0	6.6	남서	224	14.8	1014.7	-	46	
2021-11-13 16:35:00	6.0	서북서	301	18.17	0.32	6.0	0.41	7.5	6.8	남서	222	14.8	1014.7	-	52	
2021-11-13 16:40:00	2.7	북서	304	18.16	0.32	5.1	0.45	5.0	6.4	남서	228	14.8	1014.7	-	33	
2021-11-13 16:45:00	4.3	북	7	18.13	0.37	5.9	0.47	5.5	7.0	남서	227	14.6	1014.7	-	60	
2021-11-13 16:50:00	3.9	서북서	302	18.12	0.41	6.7	0.56	6.5	6.5	남서	227	14.5	1014.7	-	67	
2021-11-13 16:55:00	3.1	서북서	284	18.13	0.36	5.4	0.57	7.0	6.7	남서	228	14.4	1014.8	-	57	
2021-11-13 17:00:00	0.5	서남서	252	18.13	0.35	5.7	0.51	6.5	6.2	남서	231	14.2	1014.9	-	54	
2021-11-13 17:05:00	2.5	북북서	333	18.10	0.36	6.1	0.49	3.0	5.7	남서	233	14.0	1015.0	-	42	
2021-11-13 17:10:00	0.7	동남동	109	18.09	0.40	6.0	0.53	7.0	6.4	남서	227	14.0	1015.0	-	63	
2021-11-13 17:15:00	1.9	서	270	18.09	0.37	6.0	0.44	5.5	6.2	남서	229	13.9	1015.1	-	43	
2021-11-13 17:20:00	2.4	서북서	301	18.08	0.36	5.9	0.44	5.5	6.9	남서	227	13.8	1015.1	-	36	
2021-11-13 17:25:00	2.3	북북서	340	18.09	0.40	5.9	0.52	5.0	6.9	남서	231	13.6	1015.2	-	29	
2021-11-13 17:30:00	2.0	북서	313	18.08	0.33	5.7	0.42	6.0	6.7	서남서	237	13.6	1015.3	-	42	
2021-11-13 17:35:00	2.2	남남서	197	18.07	0.36	6.1	0.60	7.5	6.3	남서	233	13.4	1015.3	-	13	
2021-11-13 17:40:00	0.6	북북서	329	18.07	0.38	6.0	0.50	7.5	6.3	서남서	237	13.4	1015.4	-	25	
2021-11-13 17:45:00	2.3	서북서	293	18.06	0.33	5.3	0.51	7.0	6.3	남서	234	13.3	1015.4	-	75	
2021-11-13 17:50:00	0.7	남서	226	18.06	0.36	5.8	0.63	6.0	6.6	서남서	238	13.1	1015.5	-	21	
2021-11-13 17:55:00	1.6	북서	310	18.06	0.34	6.5	0.48	5.5	5.7	남서	233	13.0	1015.5	-	26	
2021-11-13 18:00:00	0.8	남남서	193	18.05	0.35	6.4	0.44	7.0	6.2	남서	232	13.0	1015.6	-	39	
2021-11-13 18:05:00	3.4	남남서	204	18.06	0.33	6.3	0.49	6.0	6.5	남서	233	12.9	1015.6	-	26	
2021-11-13 18:10:00	1.5	남	184	18.07	0.30	5.6	0.41	4.5	6.4	남서	235	12.9	1015.7	-	49	
2021-11-13 18:15:00	1.5	남	185	18.05	0.32	5.9	0.43	7.0	6.1	남서	234	12.9	1015.6	-	16	
2021-11-13 18:20:00	2.6	서	271	18.06	0.32	5.6	0.46	5.5	6.3	남서	232	12.8	1015.6	-	35	
2021-11-13 18:25:00	2.4	남남서	201	18.05	0.34	5.9	0.43	7.0	6.6	남서	235	12.8	1015.7	-	83	
2021-11-13 18:30:00	1.0	남남동	163	18.05	0.30	5.5	0.39	6.0	6.6	남서	234	12.8	1015.7	-	41	
2021-11-13 18:35:00	3.6	남서	216	18.07	0.31	6.2	0.58	5.5	6.1	서남서	238	12.9	1015.7	-	87	
2021-11-13 18:40:00	2.9	남서	222	18.06	0.35	6.4	0.46	5.5	5.6	서남서	240	12.8	1015.8	-	25	
2021-11-13 18:45:00	3.6	남동	144	18.06	0.32	5.9	0.48	8.0	5.6	서남서	240	12.7	1015.8	-	36	
2021-11-13 18:50:00	3.4	남서	215	18.07	0.31	5.4	0.43	5.5	5.5	남서	233	12.8	1015.8	-	43	
2021-11-13 18:55:00	2.2	남서	225	18.06	0.34	5.9	0.55	6.0	4.7	남서	234	12.8	1015.9	-	26	
2021-11-13 19:00:00	3.1	서남서	248	18.07	0.33	5.5	0.44	5.5	4.1	남서	231	12.6	1015.9	-	64	
2021-11-13 19:05:00	2.2	남	169	18.06	0.35	6.3	0.44	6.5	4.3	남서	222	12.4	1016.0	-	94	
2021-11-13 19:10:00	4.3	남남서	203	18.05	0.32	6.2	0.38	4.5	3.9	남서	218	12.3	1016.1	-	95	
2021-11-13 19:15:00	3.4	남서	222	18.06	0.27	5.6	0.36	6.5	4.8	남서	220	12.3	1016.1	-	60	
2021-11-13 19:20:00	1.8	남서	228	18.06	0.30	6.1	0.48	6.5	5.5	남서	225	12.3	1015.9	-	56	
2021-11-13 19:25:00	3.7	남서	218	18.05	0.31	5.5	0.41	5.0	5.2	남서	235	12.4	1015.9	-	15	
2021-11-13 19:30:00	3.2	남남서	193	18.05	0.28	5.2	0.38	3.5	4.6	남서	232	12.4	1016.0	-	61	
2021-11-13 19:35:00	3.2	남	189	18.05	0.29	5.3	0.45	7.0	4.5	남서	235	12.4	1016.1	-	37	
2021-11-13 19:40:00	6.0	남남서	202	18.06	0.27	5.0	0.31	6.0	4.3	남서	236	12.5	1016.1	-	80	
2021-11-13 19:45:00	3.9	남남서	204	18.07	0.30	5.5	0.43	5.5	5.3	남서	233	12.4	1015.9	-	68	
2021-11-13 19:50:00	4.1	남	174	18.06	0.26	5.3	0.39	5.0	5.8	서남서	238	12.4	1015.9	-	116	
2021-11-13 19:55:00	6.5	남	186	18.07	0.30	5.4	0.46	6.5	6.2	남서	236	12.5	1015.9	-	73	
2021-11-13 20:00:00	3.9	남남서	198	18.07	0.33	5.9	0.47	4.5	5.5	남서	233	12.5	1015.9	-	68	
2021-11-13 20:05:00	2.6	남남동	148	18.06	0.28	4.6	0.46	5.0	5.3	남서	229	12.4	1015.9	-	64	
2021-11-13 20:10:00	5.4	남	188	18.08	0.34	5.6	0.46	6.0	5.1	남서	226	12.3	1016.0	-	70	
2021-11-13 20:15:00	2.1	남	182	18.07	0.28	5.2	0.42	5.5	4.6	남서	227	12.3	1016.0	-	70	
2021-11-13 20:20:00	2.8	남	191	18.07	0.28	4.6	0.44	5.5	4.4	남서	228	12.4	1016.0	-	45	
2021-11-13 20:25:00	4.3	남남서	196	18.08	0.32	5.0	0.42	5.5	4.7	남서	221	12.4	1016.0	-	81	
2021-11-13 20:30:00	2.3	남남서	192	18.09	0.30	5.6	0.45	3.0	4.4	남남서	213	12.4	1016.0	-	55	
2021-11-13 20:35:00	1.3	남	184	18.07	0.30	5.6	0.40	4.5	4.8	남서	219	12.4	1016.0	-	34	
2021-11-13 20:40:00	3.9	남남서	196	18.08	0.28	5.2	0.40	6.0	5.4	남서	224	12.4	1015.9	-	101	
2021-11-13 20:45:00	4.9	남남서	211	18.09	0.26	5.1	0.34	6.0	5.3	남서	227	12.4	1015.9	-	42	
2021-11-13 20:50:00	4.1	남서	214	18.10	0.25	5.9	0.34	6.0	5.5	남서	228	12.4	1015.9	-	8	
2021-11-13 20:55:00	5.2	남남서	191	18.10	0.29	6.0	0.39	8.0	5.0	남서	231	12.3	1016.0	-	76	
2021-11-13 21:00:00	2.8	남동	141	18.08	0.26	5.9	0.34	7.5	4.4	남서	230	12.4	1016.0	-	101	
2021-11-13 21:05:00	4.2	남남서	214	18.07	0.26	5.4	0.35	6.0	4.0	남서	235	12.4	1016.1	-	65	
2021-11-13 21:10:00	4.1	남	184	18.08	0.28	5.5	0.36	7.0	3.6	남서	231	12.4	1016.1	-	16	
2021-11-13 21:15:00	3.6	남	187	18.08	0.23	5.2	0.36	6.5	4.0	남서	234	12.5	1016.0	-	65	
2021-11-13 21:20:00	6.8	남남서	200	18.05	0.27	5.8	0.38	5.5	5.3	서남서	238	12.5	1015.9	-	36	
2021-11-13 21:25:00	5.6	남	184	18.07	0.25	5.7	0.39	6.5	6.1	서남서	240	12.5	1015.9	-	185	
2021-11-13 21:30:00	2.4	남동	131	18.07	0.26	5.9	0.36	7.5	6.1	남서	235	12.5	1015.9	-	42	
2021-11-13 21:35:00	0.7	서북서	283	18.08	0.28	5.8	0.45	8.0	5.7	서남서	239	12.5	1015.9	-	17	
2021-11-13 21:40:00	1.1	서남서	255	18.07	0.26	5.6	0.37	5.5	5.2	서남서	238	12.3	1016.0	-	41	
2021-11-13 21:45:00	1.4	남서	226	18.07	0.25	6.0	0.32	6.5	5.1	서남서	238	12.3	1016.0	-	72	
2021-11-13 21:50:00	2.8	남서	232	18.06	0.25	5.9	0.35	5.5	4.3	남서	235	12.1	1016.1	-	56	
2021-11-13 21:55:00	2.4	남남동	165	18.05	0.29	6.3	0.48	5.5	4.5	서남서	243	12.2	1016.1	-	69	
2021-11-13 22:00:00	3.4	남서	225	18.06	0.26	6.0	0.36	6.5	5.2	서남서	239	12.3	1016.1	-	46	
2021-11-13 22:05:00	4.9	남남서	205	18.06	0.25	5.4	0.30	5.0	5.3	서남서	241	12.3	1016.1	-	7	
2021-11-13 22:10:00	5.4	남	191	18.07	0.24	5.8	0.29	6.0	5.5	서남서	246	12.3	1016.1	-	35	
2021-11-13 22:15:00	3.3	남남서	213	18.08	0.24	6.1	0.31	5.0	5.3	서남서	245	12.4	1016.2	-	88	
2021-11-13 22:20:00	2.7	남	190	18.08	0.22	5.5	0.29	7.0	5.3	서남서	250	12.3	1016.2	-	74	
2021-11-13 22:25:00	4.7	남남서	205	18.08	0.23	5.8	0.33	6.0	4.9	서남서	243	12.3	1016.3	-	111	
2021-11-13 22:30:00	1.5	서남서	259	18.08	0.23	4.9	0.36	6.0	5.0	서남서	243	12.3	1016.3	-	63	
2021-11-13 22:35:00	2.7	서남서	248	18.07	0.24	5.8	0.38	6.5	4.7	서남서	243	12.5	1016.3	-	51	
2021-11-13 22:40:00	5.6	남남서	195	18.11	0.22	6.3	0.26	6.5	4.6	서남서	238	12.5	1016.3	-	45	
2021-11-13 22:45:00	4.9	남	191	18.11	0.23	5.4	0.31	5.0	4.7	서남서	243	12.4	1016.3	-	48	
2021-11-13 22:50:00	5.0	남남서	203	18.10	0.23	6.1	0.28	11.0	4.8	서남서	242	12.3	1016.3	-	22	
2021-11-13 22:55:00	4.3	남남서	192	18.10	0.21	5.9	0.26	4.0	4.8	서남서	239	12.5	1016.3	-	91	
2021-11-13 23:00:00	4.7	남남서	209	18.09	0.23	5.3	0.29	6.5	5.4	서남서	241	12.5	1016.3	-	60	
2021-11-13 23:05:00	5.8	남	179	18.12	0.24	5.9	0.35	6.0	4.5	서남서	244	12.5	1016.5	-	40	
2021-11-13 23:10:00	5.5	남남서	207	18.13	0.22	6.4	0.29	8.5	4.3	서남서	249	12.4	1016.5	-	14	
2021-11-13 23:15:00	6.3	남서	220	18.15	0.23	6.1	0.28	5.0	3.8	서	260	12.3	1016.5	-	64	
2021-11-13 23:20:00	5.9	남	190	18.15	0.25	5.9	0.35	6.0	3.2	서	264	12.1	1016.5	-	65	
2021-11-13 23:25:00	3.1	남	191	18.14	0.22	5.9	0.27	5.5	3.0	서	268	12.1	1016.5	-	32	
2021-11-13 23:30:00	4.9	남	174	18.14	0.26	5.6	0.47	6.5	1.9	서북서	282	12.0	1016.5	-	13	
2021-11-13 23:35:00	5.8	남	183	18.14	0.20	5.4	0.35	6.0	2.2	서남서	250	12.1	1016.5	-	74	
2021-11-13 23:40:00	5.2	남	188	18.15	0.25	6.4	0.31	6.0	2.3	서남서	241	12.0	1016.5	-	52	
2021-11-13 23:45:00	3.7	남서	217	18.14	0.22	5.8	0.27	6.0	2.4	남서	235	12.2	1016.5	-	59	
2021-11-13 23:50:00	2.9	남	184	18.15	0.25	5.9	0.32	8.5	2.5	남서	230	12.2	1016.4	-	37	
2021-11-13 23:55:00	5.3	남남서	203	18.14	0.23	6.1	0.32	7.5	3.3	남서	228	12.3	1016.4	-	74	
2021-11-14 00:00:00	4.3	남동	127	18.15	0.22	5.7	0.30	8.0	3.4	남서	232	12.4	1016.3	-	249	
2021-11-14 00:05:00	2.9	남남서	195	18.14	0.24	5.2	0.31	5.0	3.2	서남서	238	12.6	1016.3	-	70	
2021-11-14 00:10:00	3.4	남	182	18.14	0.23	5.6	0.31	4.0	3.0	남서	214	12.4	1016.3	-	67	
2021-11-14 00:15:00	2.8	남남동	163	18.14	0.22	5.2	0.38	8.0	2.8	남서	223	12.2	1016.3	-	134	
2021-11-14 00:20:00	3.8	남남서	196	18.13	0.23	5.1	0.29	6.0	2.9	남서	221	12.1	1016.3	-	85	
2021-11-14 00:25:00	3.0	남남동	159	18.12	0.22	4.6	0.28	4.5	3.1	남서	223	12.2	1016.3	-	42	
2021-11-14 00:30:00	2.0	남동	133	18.14	0.26	5.9	0.34	7.0	3.2	남서	226	12.2	1016.3	-	102	
2021-11-14 00:35:00	4.7	남	172	18.14	0.23	5.2	0.34	9.0	2.8	남서	230	12.1	1016.3	-	98	
2021-11-14 00:40:00	1.7	남서	219	18.15	0.26	5.9	0.33	6.5	4.2	남서	220	12.1	1016.2	-	75	
2021-11-14 00:45:00	2.4	서남서	240	18.14	0.24	5.9	0.31	7.0	3.4	남남서	213	12.0	1016.2	-	80	
2021-11-14 00:50:00	3.3	남서	218	18.15	0.24	5.4	0.31	6.5	4.0	남서	218	11.9	1016.2	-	74	
2021-11-14 00:55:00	3.3	남	170	18.15	0.24	5.6	0.32	5.0	3.3	남서	227	11.8	1016.2	-	94	
2021-11-14 01:00:00	2.7	남남서	194	18.16	0.22	6.5	0.34	6.5	3.4	남서	224	11.9	1016.2	-	81	
2021-11-14 01:05:00	2.0	남남서	202	18.14	0.24	5.5	0.30	8.5	3.5	남서	224	12.1	1016.2	-	98	
2021-11-14 01:10:00	4.8	남남서	194	18.15	0.24	5.2	0.34	8.0	3.1	남서	222	12.1	1016.2	-	97	
2021-11-14 01:15:00	1.4	서	268	18.15	0.28	5.5	0.45	5.0	2.4	남서	217	12.0	1016.2	-	65	
2021-11-14 01:20:00	3.4	남남서	194	18.15	0.24	5.1	0.35	6.5	2.6	남서	223	12.0	1016.1	-	234	
2021-11-14 01:25:00	2.6	남남서	199	18.16	0.26	4.9	0.37	5.5	2.9	남남서	210	12.0	1016.0	-	152	
2021-11-14 01:30:00	2.1	남남서	191	18.16	0.26	5.0	0.36	3.0	2.9	남남서	203	11.9	1016.0	-	325	
2021-11-14 01:35:00	1.2	서북서	298	18.15	0.23	5.3	0.32	5.0	2.5	남남서	207	11.8	1016.0	-	349	
2021-11-14 01:40:00	0.5	남	180	18.14	0.27	4.7	0.44	5.5	2.0	남서	219	11.6	1016.0	-	318	
2021-11-14 01:45:00	2.4	남서	228	18.14	0.24	5.4	0.33	5.0	1.7	남서	219	11.5	1016.0	-	274	
2021-11-14 01:50:00	1.1	남남서	206	18.14	0.23	4.7	0.33	6.0	1.8	남서	219	11.3	1016.0	-	126	
2021-11-14 01:55:00	2.4	남남서	206	18.14	0.28	5.6	0.41	6.0	1.8	남서	214	11.4	1016.0	-	8	
2021-11-14 02:00:00	2.7	남서	235	18.13	0.27	4.6	0.35	4.0	2.5	남서	217	11.7	1015.9	-	47	
2021-11-14 02:05:00	2.2	남남서	193	18.13	0.24	5.4	0.34	5.5	3.4	남서	227	12.1	1015.9	-	352	
2021-11-14 02:10:00	1.2	남서	235	18.13	0.28	5.4	0.40	7.5	3.0	남서	225	12.0	1015.9	-	168	
2021-11-14 02:15:00	0.5	동남동	122	18.13	0.26	4.9	0.42	5.5	2.7	남서	229	12.0	1016.0	-	0	
2021-11-14 02:20:00	1.4	서	266	18.13	0.28	4.9	0.41	4.5	2.7	남서	235	12.1	1015.9	-	55	
2021-11-14 02:25:00	1.9	남남서	195	18.13	0.27	4.8	0.45	6.0	2.6	서남서	241	12.4	1016.0	-	58	
2021-11-14 02:30:00	3.7	남서	220	18.13	0.25	5.1	0.30	5.0	2.5	서남서	239	12.4	1015.9	-	78	
2021-11-14 02:35:00	2.2	남서	231	18.12	0.26	5.3	0.36	5.5	1.8	남서	235	12.2	1015.9	-	6	
2021-11-14 02:40:00	2.5	남남서	214	18.13	0.30	5.6	0.42	6.0	2.2	남서	233	12.3	1015.9	-	30	
2021-11-14 02:45:00	3.0	남서	226	18.13	0.28	5.5	0.36	5.0	2.1	서남서	241	12.4	1015.9	-	348	
2021-11-14 02:50:00	2.0	서	261	18.11	0.29	5.2	0.38	4.0	3.0	남서	228	12.5	1015.8	-	343	
2021-11-14 02:55:00	3.4	서남서	258	18.11	0.32	5.1	0.41	5.0	3.5	남서	229	12.6	1015.7	-	4	
2021-11-14 03:00:00	2.6	서남서	237	18.11	0.28	5.1	0.35	5.5	4.1	남서	230	12.7	1015.6	-	335	
2021-11-14 03:05:00	4.8	서남서	250	18.10	0.28	5.9	0.42	6.5	4.1	남서	225	12.6	1015.7	-	357	
2021-11-14 03:10:00	3.3	서	262	18.11	0.33	5.1	0.46	5.0	4.2	남서	235	12.5	1015.7	-	140	
2021-11-14 03:15:00	3.0	서남서	241	18.12	0.29	5.7	0.37	5.5	3.9	남서	224	12.5	1015.7	-	338	
2021-11-14 03:20:00	3.6	서남서	255	18.12	0.28	4.9	0.38	5.5	3.9	남서	223	12.5	1015.6	-	357	
2021-11-14 03:25:00	3.7	서남서	247	18.12	0.35	5.3	0.50	5.0	4.0	남서	221	12.6	1015.6	-	117	
2021-11-14 03:30:00	2.1	서남서	247	18.10	0.33	5.3	0.39	4.5	3.7	남서	229	12.6	1015.6	-	339	
2021-11-14 03:35:00	3.9	서남서	251	18.11	0.36	5.1	0.46	6.0	3.8	남서	230	12.7	1015.6	-	357	
2021-11-14 03:40:00	2.6	서남서	245	18.11	0.43	5.2	0.62	5.0	3.3	남서	231	12.8	1015.6	-	355	
2021-11-14 03:45:00	7.2	서	278	18.11	0.37	5.4	0.50	4.5	2.9	서	271	12.7	1015.7	-	355	
2021-11-14 03:50:00	1.8	서남서	256	18.10	0.35	5.3	0.48	5.0	2.6	북서	318	12.0	1015.7	-	340	
2021-11-14 03:55:00	4.7	서북서	297	18.10	0.38	4.9	0.49	5.5	1.5	북서	306	11.7	1015.7	-	340	
2021-11-14 04:00:00	5.2	서	262	18.10	0.35	4.9	0.50	5.0	1.7	북서	310	11.9	1015.7	-	344	
2021-11-14 04:05:00	2.4	서북서	297	18.06	0.37	5.0	0.54	5.0	1.7	북서	311	12.1	1015.7	-	154	
2021-11-14 04:10:00	5.2	서북서	300	18.04	0.39	4.8	0.58	4.5	1.3	서북서	300	12.0	1015.7	-	1	
2021-11-14 04:15:00	4.0	북서	306	17.97	0.40	4.6	0.52	4.5	1.5	서	279	12.1	1015.7	-	209	
2021-11-14 04:20:00	2.7	북서	304	18.00	0.40	4.4	0.59	5.0	1.7	서	281	12.2	1015.7	-	338	
2021-11-14 04:25:00	5.1	북북서	333	18.01	0.42	4.5	0.58	4.5	1.4	서북서	294	12.3	1015.7	-	209	
2021-11-14 04:30:00	3.5	서	276	17.92	0.37	4.9	0.50	4.5	1.7	북서	305	12.3	1015.7	-	8	
2021-11-14 04:35:00	4.1	북서	308	17.92	0.41	4.4	0.58	4.0	1.3	서	268	12.0	1015.7	-	190	
2021-11-14 04:40:00	3.7	북서	315	17.92	0.34	4.8	0.51	5.0	1.6	서남서	249	12.2	1015.7	-	249	
2021-11-14 04:45:00	3.0	북북서	328	17.92	0.35	4.8	0.48	5.5	1.2	서	263	12.4	1015.7	-	1	
2021-11-14 04:50:00	4.1	북서	323	17.92	0.34	4.6	0.49	4.5	1.6	서북서	286	12.3	1015.8	-	229	
2021-11-14 04:55:00	3.4	북북서	346	17.91	0.37	5.6	0.54	5.5	1.3	서남서	252	12.1	1015.8	-	275	
2021-11-14 05:00:00	4.8	북서	313	17.91	0.38	5.4	0.46	5.5	1.9	남서	217	12.3	1015.7	-	167	
2021-11-14 05:05:00	5.7	북서	318	17.91	0.39	5.0	0.54	5.0	1.8	남서	216	12.5	1015.7	-	319	
2021-11-14 05:10:00	4.8	북서	308	17.90	0.37	4.4	0.63	4.0	2.5	남서	222	12.7	1015.7	-	167	
2021-11-14 05:15:00	4.6	북서	310	17.89	0.35	5.0	0.52	4.5	2.2	남서	227	12.8	1015.7	-	15	
2021-11-14 05:20:00	5.6	북북서	331	17.90	0.42	4.9	0.66	5.0	1.9	남서	234	12.8	1015.6	-	15	
2021-11-14 05:25:00	7.4	북북서	342	17.90	0.41	5.0	0.62	5.5	1.9	남서	232	12.8	1015.6	-	333	
2021-11-14 05:30:00	5.4	서북서	297	17.90	0.37	4.9	0.57	5.5	1.3	서	264	12.9	1015.7	-	39	
2021-11-14 05:35:00	4.4	북서	315	17.89	0.42	5.6	0.63	5.5	1.4	서북서	298	12.7	1015.7	-	43	
2021-11-14 05:40:00	5.0	북북서	333	17.89	0.46	5.1	0.74	4.5	0.7	북북서	348	12.5	1015.7	-	40	
2021-11-14 05:45:00	7.9	북서	319	17.89	0.42	4.6	0.60	5.0	0.4	서북서	301	12.5	1015.7	-	354	
2021-11-14 05:50:00	5.6	북서	314	17.88	0.38	5.5	0.50	5.0	0.3	서북서	286	12.6	1015.7	-	348	
2021-11-14 05:55:00	4.0	북서	313	17.88	0.44	5.0	0.77	4.0	1.0	서남서	256	12.8	1015.7	-	11	
2021-11-14 06:00:00	4.4	북서	310	17.87	0.46	4.7	0.66	4.5	0.5	남남서	192	12.9	1015.7	-	43	
2021-11-14 06:05:00	5.3	북서	316	17.87	0.39	5.4	0.60	7.0	0.6	서	264	12.9	1015.7	-	4	
2021-11-14 06:10:00	4.9	북북서	333	17.87	0.43	5.3	0.64	4.5	0.6	남	172	13.0	1015.8	-	35	
2021-11-14 06:15:00	8.5	북북서	327	17.86	0.42	4.9	0.70	4.5	0.7	북북동	15	13.0	1015.8	-	338	
2021-11-14 06:20:00	1.6	북서	305	17.87	0.45	5.1	0.83	4.5	0.9	북서	306	12.8	1015.7	-	327	
2021-11-14 06:25:00	3.1	서남서	253	17.85	0.38	5.0	0.53	6.0	2.2	북서	324	12.7	1015.7	-	327	
2021-11-14 06:30:00	6.1	북서	314	17.85	0.40	4.7	0.51	3.0	1.6	북북서	333	12.4	1015.7	-	103	
2021-11-14 06:35:00	5.7	서북서	303	17.85	0.40	4.8	0.51	5.5	2.7	서북서	286	11.9	1015.8	-	3	
2021-11-14 06:40:00	5.7	북서	318	17.84	0.40	4.9	0.59	5.5	2.0	서남서	239	11.0	1015.9	-	340	
2021-11-14 06:45:00	6.1	북북서	332	17.84	0.33	5.0	0.50	4.5	2.0	서남서	256	10.8	1016.0	-	43	
2021-11-14 06:50:00	5.2	북서	311	17.82	0.36	5.2	0.43	4.5	1.7	서	260	10.7	1016.0	-	59	
2021-11-14 06:55:00	7.7	북서	308	17.83	0.38	5.0	0.52	4.5	1.2	서남서	252	10.7	1016.0	-	5	
2021-11-14 07:00:00	4.9	서북서	300	17.81	0.38	4.5	0.59	4.5	1.2	서남서	247	11.2	1016.1	-	348	
2021-11-14 07:05:00	8.2	북북서	337	17.80	0.42	5.2	0.60	6.0	1.3	남서	214	11.7	1016.1	-	38	
2021-11-14 07:10:00	6.4	북	4	17.80	0.45	5.1	0.58	5.5	2.5	남서	215	12.0	1016.1	-	1	
2021-11-14 07:15:00	6.9	북북서	336	17.80	0.42	5.1	0.64	5.5	2.5	남남서	202	12.6	1016.2	-	7	
2021-11-14 07:20:00	5.2	북북서	330	17.79	0.47	5.3	0.60	5.0	1.6	남남서	211	12.9	1016.3	-	9	
2021-11-14 07:25:00	7.5	북북서	330	17.78	0.47	5.2	0.73	5.0	1.3	남서	214	12.9	1016.3	-	352	
2021-11-14 07:30:00	4.0	북서	326	17.78	0.46	5.0	0.71	4.5	2.1	남서	227	13.1	1016.4	-	332	
2021-11-14 07:35:00	5.1	북북서	336	17.77	0.35	5.2	0.57	5.5	2.8	서남서	250	11.7	1016.4	-	45	
2021-11-14 07:40:00	7.8	북북서	330	17.76	0.38	5.1	0.47	6.0	2.1	남서	233	11.2	1016.4	-	0	
2021-11-14 07:45:00	8.1	북북서	345	17.75	0.38	5.6	0.58	5.5	2.6	남서	221	11.6	1016.4	-	346	
2021-11-14 07:50:00	9.1	북북서	330	17.75	0.40	5.3	0.67	5.5	1.8	남서	223	12.0	1016.4	-	341	
2021-11-14 07:55:00	7.2	북서	317	17.75	0.38	5.4	0.53	5.0	2.2	남남서	209	12.1	1016.5	-	145	
2021-11-14 08:00:00	7.0	북북서	335	17.75	0.43	5.6	0.61	5.0	3.1	남남서	201	13.0	1016.5	-	320	
2021-11-14 08:05:00	8.4	북북서	332	17.74	0.37	5.1	0.44	5.0	2.9	남서	221	13.3	1016.6	-	0	
2021-11-14 08:10:00	2.8	북북서	327	17.74	0.39	5.5	0.54	5.5	2.8	남서	234	13.3	1016.7	-	4	
2021-11-14 08:15:00	7.8	북북서	327	17.73	0.41	5.6	0.63	5.0	2.4	남남서	212	13.0	1016.7	-	13	
2021-11-14 08:20:00	9.0	북북서	333	17.72	0.44	5.2	0.64	5.0	3.0	남남서	205	13.0	1016.6	-	11	
2021-11-14 08:25:00	8.2	북북서	335	17.72	0.50	5.2	0.63	6.0	4.0	남남서	211	13.3	1016.7	-	20	
2021-11-14 08:30:00	8.3	북북서	340	17.70	0.40	5.7	0.52	5.0	5.3	남남서	209	13.8	1016.7	-	20	
2021-11-14 08:35:00	6.9	북북서	337	17.71	0.46	5.9	0.57	5.5	5.4	남남서	213	13.8	1016.8	-	48	
2021-11-14 08:40:00	8.4	북북서	331	17.70	0.38	5.7	0.70	5.0	5.2	남서	219	14.0	1016.8	-	25	
2021-11-14 08:45:00	4.4	북서	312	17.69	0.43	6.0	0.55	5.5	4.1	남서	236	14.0	1016.9	-	22	
2021-11-14 08:50:00	6.3	북북서	335	17.69	0.43	5.7	0.56	4.0	3.3	서	265	13.2	1016.9	-	29	
2021-11-14 08:55:00	6.8	북서	323	17.69	0.38	5.9	0.54	7.0	2.7	서	269	13.1	1017.0	-	21	
2021-11-14 09:00:00	5.8	북서	322	17.68	0.38	5.3	0.63	5.0	2.2	서	265	13.2	1016.9	-	301	
2021-11-14 09:05:00	4.9	서북서	300	17.69	0.44	5.5	0.65	6.0	2.3	서	279	13.4	1016.9	-	20	
2021-11-14 09:10:00	6.6	북서	320	17.70	0.40	5.9	0.60	5.5	2.3	서	279	13.7	1016.9	-	18	
2021-11-14 09:15:00	5.5	북서	307	17.70	0.35	5.6	0.44	6.0	2.3	서	260	13.8	1016.9	-	26	
2021-11-14 09:20:00	10.9	북서	318	17.68	0.35	5.3	0.46	4.0	2.3	서남서	247	14.1	1016.9	-	2	
2021-11-14 09:25:00	11.7	북서	324	17.64	0.38	5.8	0.53	4.5	2.4	서남서	247	14.2	1016.9	-	1	
2021-11-14 09:30:00	10.9	북서	318	17.64	0.36	5.8	0.44	7.0	2.8	남서	224	14.5	1016.9	-	25	
2021-11-14 09:35:00	10.4	북북서	329	17.64	0.32	5.6	0.38	4.5	2.1	남서	227	14.6	1016.9	-	37	
2021-11-14 09:40:00	11.5	북서	324	17.65	0.42	5.6	0.61	5.5	2.1	서남서	239	14.6	1016.9	-	33	
2021-11-14 09:45:00	14.3	북서	326	17.64	0.37	6.1	0.46	6.0	2.6	서	262	14.7	1016.9	-	3	
2021-11-14 09:50:00	10.0	북서	322	17.64	0.41	6.1	0.70	6.0	1.2	서	278	14.5	1016.9	-	35	
2021-11-14 09:55:00	13.4	북서	314	17.64	0.39	5.4	0.57	5.5	1.4	서북서	287	14.9	1016.9	-	11	
2021-11-14 10:00:00	12.6	북서	313	17.65	0.40	5.9	0.66	6.0	0.8	서북서	286	15.3	1016.9	-	14	
2021-11-14 10:05:00	12.5	북서	308	17.65	0.37	5.5	0.52	5.0	1.4	서남서	247	15.5	1016.9	-	28	
2021-11-14 10:10:00	8.7	북서	309	17.64	0.39	5.6	0.49	5.0	2.3	남서	233	15.3	1016.9	-	3	
2021-11-14 10:15:00	11.1	북서	309	17.63	0.29	5.3	0.40	4.0	2.8	남서	221	15.3	1016.9	-	20	
2021-11-14 10:20:00	11.5	서북서	302	17.61	0.36	5.3	0.45	4.5	2.7	남서	232	15.6	1016.9	-	29	
2021-11-14 10:25:00	13.1	북서	312	17.56	0.39	5.9	0.53	5.5	1.9	서	265	15.7	1016.9	-	17	
2021-11-14 10:30:00	10.9	북서	307	17.56	0.36	5.1	0.67	5.0	1.3	북북서	332	16.3	1016.8	-	358	
2021-11-14 10:35:00	10.5	북서	317	17.57	0.37	4.9	0.53	6.0	1.0	북서	325	16.2	1016.8	-	165	
2021-11-14 10:40:00	10.1	북서	315	17.59	0.33	5.2	0.48	5.5	1.4	남서	220	15.9	1016.8	-	30	
2021-11-14 10:45:00	9.5	북서	316	17.59	0.37	5.1	0.50	5.5	1.1	서북서	294	15.6	1016.8	-	19	
2021-11-14 10:50:00	8.9	북서	307	17.59	0.37	5.0	0.55	5.5	2.7	북북동	17	16.1	1016.8	-	9	
2021-11-14 10:55:00	8.0	북서	307	17.59	0.35	5.3	0.49	4.5	2.2	북북동	22	16.0	1016.8	-	13	
2021-11-14 11:00:00	7.5	북서	326	17.61	0.33	4.5	0.47	5.0	1.2	북동	39	16.1	1016.8	-	125	
2021-11-14 11:05:00	8.3	북서	308	17.60	0.36	5.1	0.56	4.5	1.4	동북동	64	15.9	1016.8	-	3	
2021-11-14 11:10:00	8.9	북서	306	17.61	0.40	5.1	0.48	5.0	2.1	북동	47	15.8	1016.7	-	8	
2021-11-14 11:15:00	4.7	북북서	330	17.61	0.33	5.1	0.47	6.0	2.9	북동	41	16.1	1016.7	-	9	
2021-11-14 11:20:00	2.6	북서	321	17.61	0.35	5.7	0.48	4.5	2.9	북동	43	16.1	1016.6	-	11	
2021-11-14 11:25:00	5.3	북서	310	17.61	0.35	5.5	0.49	5.0	2.4	북동	39	15.8	1016.6	-	47	
2021-11-14 11:30:00	6.5	북서	323	17.61	0.31	5.9	0.45	4.0	1.9	북동	35	15.4	1016.5	-	30	
2021-11-14 11:35:00	4.8	서북서	299	17.61	0.38	5.4	0.47	5.0	1.6	북동	34	15.4	1016.5	-	19	
2021-11-14 11:40:00	3.8	북북서	341	17.61	0.31	5.4	0.45	7.0	1.5	북동	50	15.3	1016.5	-	68	
2021-11-14 11:45:00	4.1	북북서	332	17.61	0.34	5.2	0.47	4.0	1.4	동북동	61	15.2	1016.4	-	9	
2021-11-14 11:50:00	4.1	북서	311	17.61	0.35	5.4	0.52	6.0	0.5	북동	50	15.3	1016.3	-	40	
2021-11-14 11:55:00	3.9	북서	309	17.61	0.32	5.3	0.44	6.5	0.2	동남동	118	15.7	1016.3	-	355	
2021-11-14 12:00:00	3.5	북	352	17.61	0.37	5.2	0.64	5.0	0.8	북북동	27	15.7	1016.2	-	5	
2021-11-14 12:05:00	3.5	북북서	347	17.61	0.28	5.1	0.37	5.0	0.5	북북서	329	15.7	1016.1	-	273	
2021-11-14 12:10:00	5.1	북북서	328	17.62	0.32	5.2	0.47	4.5	0.3	동남동	109	15.9	1016.0	-	9	
2021-11-14 12:15:00	5.1	북북서	348	17.62	0.35	5.4	0.43	5.0	0.7	북동	35	16.1	1015.9	-	10	
2021-11-14 12:20:00	0.7	북북서	342	17.63	0.33	5.8	0.45	5.0	2.6	북북서	339	15.7	1015.8	-	20	
2021-11-14 12:25:00	4.9	북서	325	17.64	0.33	5.4	0.47	4.0	2.9	북북동	14	15.6	1015.8	-	167	
2021-11-14 12:30:00	6.9	북북서	345	17.64	0.33	5.6	0.46	5.0	2.0	북동	37	15.5	1015.7	-	306	
2021-11-14 12:35:00	2.6	북서	312	17.65	0.34	5.1	0.50	5.0	0.9	북동	55	16.0	1015.7	-	332	
2021-11-14 12:40:00	6.1	북북서	347	17.66	0.30	5.0	0.40	4.5	0.4	남남동	161	16.2	1015.6	-	18	
2021-11-14 12:45:00	7.9	북북서	348	17.66	0.33	5.4	0.47	5.0	1.3	서남서	239	16.4	1015.5	-	41	
2021-11-14 12:50:00	8.5	북북서	346	17.67	0.35	5.0	0.45	6.0	2.0	서	272	16.2	1015.5	-	27	
2021-11-14 12:55:00	10.1	북북서	340	17.67	0.31	4.9	0.42	5.0	2.6	북북서	345	16.6	1015.4	-	27	
2021-11-14 13:00:00	12.7	북북서	342	17.67	0.34	5.4	0.44	5.5	1.1	서북서	292	16.7	1015.3	-	37	
2021-11-14 13:05:00	11.1	북북서	338	17.67	0.29	5.5	0.34	5.0	1.2	남서	232	16.6	1015.3	-	165	
2021-11-14 13:10:00	8.8	북서	326	17.67	0.31	5.5	0.43	4.5	1.0	북서	309	16.4	1015.3	-	2	
2021-11-14 13:15:00	10.4	북북서	334	17.66	0.37	5.3	0.47	6.5	1.6	북서	309	16.7	1015.2	-	25	
2021-11-14 13:20:00	10.1	북북서	333	17.66	0.38	5.0	0.54	5.5	0.7	남	185	16.7	1015.2	-	40	
2021-11-14 13:25:00	10.8	북서	326	17.66	0.34	5.6	0.48	5.0	3.7	서	263	16.4	1015.1	-	25	
2021-11-14 13:30:00	9.2	북서	325	17.68	0.30	5.8	0.42	5.5	3.9	서남서	255	16.5	1015.0	-	9	
2021-11-14 13:35:00	9.9	북서	325	17.67	0.31	5.2	0.53	4.5	2.8	서남서	241	16.9	1015.0	-	23	
2021-11-14 13:40:00	12.1	북북서	348	17.64	0.37	5.6	0.46	5.0	3.8	서	268	16.5	1015.0	-	12	
2021-11-14 13:45:00	18.7	북북서	346	17.62	0.34	5.8	0.60	5.5	3.0	북서	308	16.8	1015.0	-	2	
2021-11-14 13:50:00	17.4	북북서	336	17.64	0.28	5.2	0.46	5.0	2.6	서	272	16.7	1015.0	-	11	
2021-11-14 13:55:00	19.5	북북서	340	17.67	0.35	5.0	0.46	4.0	3.9	서남서	243	17.0	1014.9	-	19	
2021-11-14 14:00:00	18.0	북북서	331	17.67	0.33	5.2	0.45	5.5	4.7	남서	223	16.9	1014.8	-	356	
2021-11-14 14:05:00	21.0	북북서	337	17.67	0.34	5.5	0.51	5.5	3.8	서남서	240	16.9	1014.8	-	13	
2021-11-14 14:10:00	19.4	북북서	340	17.68	0.31	5.3	0.53	4.5	4.5	남서	221	16.9	1014.8	-	49	
2021-11-14 14:15:00	18.5	북북서	341	17.67	0.35	5.4	0.45	5.0	3.9	서남서	239	16.9	1014.8	-	20	
2021-11-14 14:20:00	19.8	북북서	337	17.65	0.36	5.6	0.50	4.0	3.6	서남서	240	17.1	1014.7	-	58	
2021-11-14 14:25:00	18.9	북북서	344	17.66	0.30	5.4	0.45	5.5	4.0	남서	231	17.0	1014.8	-	29	
2021-11-14 14:30:00	15.7	북북서	344	17.66	0.34	5.1	0.42	7.0	5.8	서남서	258	17.0	1014.8	-	347	
2021-11-14 14:35:00	15.9	북북서	335	17.65	0.35	4.9	0.50	5.0	4.0	서	266	17.0	1014.8	-	24	
2021-11-14 14:40:00	17.9	북북서	344	17.65	0.28	5.0	0.42	7.5	2.5	서남서	255	17.1	1014.9	-	222	
2021-11-14 14:45:00	16.4	북	351	17.66	0.32	5.1	0.44	5.0	2.4	서남서	244	17.2	1014.9	-	58	
2021-11-14 14:50:00	15.8	북북서	349	17.66	0.36	4.9	0.57	5.0	2.0	서남서	258	17.3	1014.9	-	328	
2021-11-14 14:55:00	15.1	북북서	344	17.66	0.40	4.7	0.53	4.5	3.1	서	261	17.2	1014.9	-	45	
2021-11-14 15:00:00	12.9	북북서	336	17.66	0.34	5.4	0.49	5.0	2.9	서남서	246	17.2	1014.9	-	28	
2021-11-14 15:05:00	12.8	북	349	17.66	0.35	5.2	0.53	5.5	2.9	서남서	243	17.2	1014.9	-	35	
2021-11-14 15:10:00	15.2	북북서	340	17.66	0.34	5.0	0.52	5.5	3.6	서	259	17.1	1014.8	-	332	
2021-11-14 15:15:00	12.0	북북서	340	17.67	0.33	5.2	0.41	6.0	2.9	서	263	17.2	1014.9	-	40	
2021-11-14 15:20:00	10.7	북북서	344	17.67	0.30	4.7	0.49	4.5	3.1	서	262	17.2	1015.0	-	34	
2021-11-14 15:25:00	11.5	북	350	17.66	0.32	5.1	0.40	5.5	2.6	서	265	17.1	1015.0	-	20	
2021-11-14 15:30:00	10.3	북북서	348	17.65	0.33	5.3	0.50	7.0	2.8	서	281	17.2	1015.0	-	34	
2021-11-14 15:35:00	15.4	북북서	336	17.65	0.31	5.1	0.46	4.0	5.6	서	281	17.0	1015.0	-	39	
2021-11-14 15:40:00	15.0	북북서	334	17.64	0.33	5.1	0.51	5.5	4.3	서	278	16.9	1015.0	-	18	
2021-11-14 15:45:00	11.0	북	349	17.64	0.34	5.2	0.44	6.0	4.1	서	264	16.9	1015.0	-	40	
2021-11-14 15:50:00	10.6	북북서	340	17.64	0.25	4.8	0.32	4.0	3.4	서	265	16.7	1015.1	-	15	
2021-11-14 15:55:00	15.5	북북서	339	17.64	0.35	4.6	0.47	4.5	3.0	서	259	16.7	1015.1	-	20	
2021-11-14 16:00:00	20.8	북북서	343	17.64	0.34	5.1	0.58	6.0	3.1	서남서	251	16.6	1015.1	-	32	
2021-11-14 16:05:00	12.7	북	353	17.64	0.31	5.3	0.38	7.0	3.7	서	259	16.5	1015.1	-	24	
2021-11-14 16:10:00	13.8	북북서	344	17.66	0.34	5.1	0.45	5.5	3.8	서	259	16.5	1015.0	-	355	
2021-11-14 16:15:00	12.5	북북서	348	17.65	0.34	5.1	0.45	5.5	4.6	서	273	16.4	1015.0	-	0	
2021-11-14 16:20:00	15.7	북북서	342	17.65	0.32	5.1	0.48	6.5	4.2	서	277	16.4	1015.1	-	40	
2021-11-14 16:25:00	15.1	북북서	346	17.64	0.32	4.7	0.48	5.0	3.8	서	280	16.4	1015.1	-	359	
2021-11-14 16:30:00	16.4	북북서	332	17.65	0.30	4.4	0.39	4.0	4.0	서북서	283	16.5	1015.1	-	348	
2021-11-14 16:35:00	11.5	북북서	342	17.65	0.33	4.6	0.45	5.0	3.5	서북서	287	16.5	1015.1	-	279	
2021-11-14 16:40:00	12.6	북북서	329	17.66	0.29	4.7	0.40	4.0	3.6	서	279	16.4	1015.2	-	29	
2021-11-14 16:45:00	13.7	북북서	336	17.65	0.31	4.2	0.48	3.0	3.3	서	264	16.3	1015.2	-	13	
2021-11-14 16:50:00	14.0	북북서	335	17.67	0.30	4.7	0.36	3.5	3.2	서	272	16.3	1015.3	-	9	
2021-11-14 16:55:00	15.1	북북서	335	17.68	0.33	5.2	0.50	5.5	3.3	서남서	249	16.1	1015.3	-	30	
2021-11-14 17:00:00	13.1	북북서	327	17.69	0.28	5.0	0.35	5.0	3.7	서남서	257	16.1	1015.4	-	43	
2021-11-14 17:05:00	14.2	북북서	332	17.69	0.31	5.2	0.45	5.0	2.5	서남서	249	16.1	1015.4	-	28	
2021-11-14 17:10:00	16.3	북북서	328	17.69	0.33	5.2	0.44	4.0	2.2	남서	222	16.1	1015.5	-	30	
2021-11-14 17:15:00	12.9	북북서	330	17.69	0.35	5.1	0.50	4.5	1.7	남남서	195	15.7	1015.6	-	26	
2021-11-14 17:20:00	14.7	북북서	332	17.69	0.31	4.8	0.42	3.0	1.4	남서	221	15.6	1015.6	-	224	
2021-11-14 17:25:00	12.1	북서	323	17.68	0.32	5.0	0.41	5.0	1.5	서남서	246	15.6	1015.6	-	352	
2021-11-14 17:30:00	13.1	북북서	327	17.68	0.32	4.5	0.41	5.0	2.3	서남서	242	15.4	1015.6	-	19	
2021-11-14 17:35:00	14.3	북서	320	17.68	0.32	4.8	0.46	4.5	3.0	서남서	241	15.3	1015.6	-	189	
2021-11-14 17:40:00	13.0	북서	324	17.67	0.31	4.7	0.57	3.0	2.9	서남서	249	15.3	1015.7	-	18	
2021-11-14 17:45:00	13.9	북서	324	17.68	0.31	4.5	0.46	4.0	2.5	서남서	249	15.1	1015.7	-	28	
2021-11-14 17:50:00	14.3	북서	322	17.67	0.29	4.1	0.44	4.5	2.7	남서	235	15.0	1015.7	-	191	
2021-11-14 17:55:00	15.3	북서	322	17.66	0.31	4.9	0.49	4.0	3.3	남서	227	15.1	1015.7	-	22	
2021-11-14 18:00:00	16.4	북서	326	17.65	0.30	4.8	0.40	6.0	3.6	남서	224	15.1	1015.7	-	43	
2021-11-14 18:05:00	16.1	북서	321	17.65	0.29	4.6	0.38	5.5	3.9	남서	231	15.2	1015.7	-	63	
2021-11-14 18:10:00	17.2	북서	321	17.64	0.26	5.0	0.31	4.5	4.1	남서	232	15.2	1015.7	-	32	
2021-11-14 18:15:00	17.6	북서	320	17.64	0.30	4.5	0.44	3.5	4.4	서남서	248	15.4	1015.8	-	56	
2021-11-14 18:20:00	16.8	북북서	328	17.63	0.30	4.5	0.42	4.5	4.2	서남서	250	15.2	1015.9	-	206	
2021-11-14 18:25:00	17.8	북서	322	17.63	0.25	4.3	0.37	5.5	4.0	서남서	249	14.9	1016.0	-	26	
2021-11-14 18:30:00	17.6	북서	323	17.63	0.27	4.4	0.39	5.5	3.9	서남서	245	14.8	1016.0	-	149	
2021-11-14 18:35:00	17.4	북서	324	17.63	0.26	4.9	0.36	5.0	4.5	서남서	239	15.2	1016.0	-	29	
2021-11-14 18:40:00	19.7	북서	322	17.64	0.31	5.0	0.49	4.5	4.5	서남서	247	15.4	1016.1	-	58	
2021-11-14 18:45:00	19.4	북서	321	17.63	0.28	4.7	0.40	5.0	5.1	서남서	241	15.4	1016.1	-	15	
2021-11-14 18:50:00	19.6	북서	323	17.63	0.29	4.7	0.46	5.0	5.1	서남서	241	15.5	1016.1	-	27	
2021-11-14 18:55:00	21.1	북서	322	17.62	0.27	5.0	0.39	4.0	4.4	서남서	247	15.3	1016.2	-	229	
2021-11-14 19:00:00	21.1	북서	323	17.62	0.26	4.6	0.41	4.0	4.5	서남서	242	15.4	1016.2	-	127	
2021-11-14 19:05:00	21.6	북서	321	17.62	0.25	4.7	0.33	4.0	4.7	서남서	245	15.5	1016.2	-	2	
2021-11-14 19:10:00	20.4	북북서	328	17.63	0.28	4.6	0.40	5.0	4.8	서남서	244	15.4	1016.3	-	215	
2021-11-14 19:15:00	19.7	북서	320	17.62	0.28	4.4	0.37	5.0	5.0	서남서	244	15.5	1016.4	-	138	
2021-11-14 19:20:00	21.0	북서	324	17.63	0.29	4.8	0.37	5.0	5.2	서남서	237	15.4	1016.4	-	191	
2021-11-14 19:25:00	21.9	북서	325	17.62	0.28	4.9	0.42	5.0	5.0	남서	235	15.5	1016.4	-	315	
2021-11-14 19:30:00	21.9	북북서	327	17.61	0.26	4.4	0.42	4.0	4.8	서남서	238	15.5	1016.4	-	202	
2021-11-14 19:35:00	22.6	북북서	327	17.60	0.28	5.0	0.52	4.0	5.6	서남서	244	15.5	1016.5	-	3	
2021-11-14 19:40:00	21.1	북북서	326	17.61	0.30	4.9	0.54	4.5	5.5	서남서	246	15.2	1016.5	-	61	
2021-11-14 19:45:00	20.7	북북서	329	17.61	0.26	4.4	0.36	4.0	4.8	서남서	251	15.3	1016.6	-	139	
2021-11-14 19:50:00	21.2	북북서	327	17.61	0.26	4.3	0.41	4.0	4.4	서남서	252	15.3	1016.6	-	175	
2021-11-14 19:55:00	18.4	북북서	329	17.62	0.28	4.4	0.43	5.0	4.5	서남서	258	15.3	1016.7	-	136	
2021-11-14 20:00:00	20.6	북서	325	17.62	0.30	4.6	0.43	3.5	4.0	서남서	256	14.9	1016.7	-	147	
2021-11-14 20:05:00	19.0	북서	323	17.61	0.32	4.7	0.50	5.0	4.5	서남서	252	14.7	1016.7	-	346	
2021-11-14 20:10:00	20.9	북북서	327	17.62	0.30	4.5	0.40	5.0	4.2	서	259	15.1	1016.8	-	167	
2021-11-14 20:15:00	20.3	북서	324	17.62	0.29	4.6	0.44	4.5	4.3	서남서	254	15.1	1016.8	-	161	
2021-11-14 20:20:00	20.6	북서	326	17.62	0.24	4.5	0.46	4.5	4.6	서남서	254	15.0	1016.9	-	134	
2021-11-14 20:25:00	20.2	북서	325	17.62	0.25	4.4	0.34	5.0	4.3	서남서	253	15.2	1016.8	-	69	
2021-11-14 20:30:00	20.4	북서	325	17.61	0.27	4.7	0.41	3.5	3.9	서	264	15.1	1016.8	-	7	
2021-11-14 20:35:00	18.9	북북서	327	17.62	0.22	4.9	0.35	5.0	4.4	서남서	258	15.1	1016.8	-	64	
2021-11-14 20:40:00	-	-	-	-	-	-	-	-	-	-	-	-	-	-	-	
2021-11-14 20:45:00	21.6	북서	325	17.62	0.17	4.5	0.35	4.5	4.6	서남서	238	14.8	1016.8	-	12	
2021-11-14 20:50:00	20.7	북서	322	17.58	0.25	4.7	0.31	5.0	3.5	서남서	249	15.2	1016.8	-	22	
2021-11-14 20:55:00	20.4	북서	321	17.58	0.23	4.9	0.34	4.0	4.1	서	259	13.8	1016.9	-	95	
2021-11-14 21:00:00	21.7	북서	321	17.57	0.24	4.8	0.35	5.0	4.1	서남서	253	14.0	1016.9	-	77	
2021-11-14 21:05:00	27.3	북서	323	17.59	0.26	4.9	0.36	5.0	4.3	서남서	247	13.6	1016.9	-	194	
2021-11-14 21:10:00	25.5	북서	325	17.59	0.27	4.7	0.37	5.5	4.6	서남서	244	13.9	1016.9	-	26	
2021-11-14 21:15:00	24.7	북서	324	17.57	0.23	4.6	0.30	4.0	5.0	남서	236	14.7	1017.0	-	214	
2021-11-14 21:20:00	24.5	북북서	328	17.59	0.21	4.8	0.31	4.5	4.8	서남서	237	14.8	1017.0	-	11	
2021-11-14 21:25:00	25.0	북서	326	17.59	0.23	4.9	0.33	4.0	4.9	남서	235	14.9	1017.0	-	91	
2021-11-14 21:30:00	23.3	북서	323	17.59	0.20	4.4	0.31	4.5	5.1	서남서	238	15.0	1017.0	-	144	
2021-11-14 21:35:00	25.4	북서	323	17.68	0.21	4.6	0.34	4.0	4.5	남서	236	14.8	1017.0	-	27	
2021-11-14 21:40:00	24.7	북서	325	17.66	0.20	4.9	0.31	4.0	4.6	남서	233	14.6	1017.1	-	67	
2021-11-14 21:45:00	27.1	북서	322	17.80	0.22	4.8	0.35	5.0	4.6	남서	234	14.5	1017.1	-	96	
2021-11-14 21:50:00	28.2	북서	321	17.87	0.22	4.7	0.29	6.5	3.9	남서	235	14.6	1017.1	-	210	
2021-11-14 21:55:00	27.9	북서	321	17.96	0.19	4.9	0.30	4.5	4.2	남서	230	14.7	1017.1	-	130	
2021-11-14 22:00:00	26.6	북서	319	17.97	0.20	5.1	0.28	5.5	4.7	남서	229	14.7	1017.1	-	96	
2021-11-14 22:05:00	25.3	북서	323	17.97	0.19	4.7	0.32	4.5	3.9	남서	230	14.9	1017.2	-	172	
2021-11-14 22:10:00	24.6	북서	322	17.97	0.20	4.8	0.26	4.0	3.2	남서	230	14.9	1017.2	-	29	
2021-11-14 22:15:00	23.9	북북서	328	17.96	0.22	4.6	0.29	5.5	2.9	남서	231	14.9	1017.1	-	232	
2021-11-14 22:20:00	23.1	북북서	332	17.95	0.21	4.9	0.31	5.5	2.5	남서	219	14.9	1017.2	-	47	
2021-11-14 22:25:00	20.3	북북서	330	17.93	0.22	4.3	0.36	4.5	2.1	남서	232	14.9	1017.2	-	20	
2021-11-14 22:30:00	19.1	북북서	331	17.90	0.21	4.3	0.30	5.0	2.6	서북서	282	14.4	1017.2	-	225	
2021-11-14 22:35:00	22.7	북북서	333	17.89	0.19	4.4	0.26	5.0	3.0	서북서	303	13.5	1017.2	-	130	
2021-11-14 22:40:00	21.3	북북서	330	17.86	0.23	4.4	0.32	4.5	1.1	서	280	13.4	1017.1	-	178	
2021-11-14 22:45:00	20.7	북북서	335	17.84	0.22	4.8	0.28	4.5	1.0	북서	307	13.8	1017.1	-	64	
2021-11-14 22:50:00	20.8	북북서	335	17.82	0.22	4.4	0.35	4.0	2.7	서북서	284	13.8	1017.1	-	29	
2021-11-14 22:55:00	18.9	북북서	335	17.81	0.20	5.1	0.26	5.5	1.5	서북서	282	13.2	1017.1	-	55	
2021-11-14 23:00:00	17.5	북북서	334	17.80	0.23	4.6	0.34	4.0	1.3	서남서	256	13.2	1017.1	-	56	
2021-11-14 23:05:00	18.4	북북서	338	17.79	0.23	4.2	0.41	4.5	1.2	서	268	13.3	1017.1	-	182	
2021-11-14 23:10:00	19.0	북북서	332	17.79	0.23	3.9	0.40	5.0	0.8	북북서	328	13.6	1017.1	-	285	
2021-11-14 23:15:00	17.2	북북서	336	17.77	0.23	4.2	0.31	4.0	2.0	북서	304	13.4	1017.2	-	148	
2021-11-14 23:20:00	16.2	북북서	333	17.75	0.23	4.7	0.37	5.0	1.4	서북서	303	13.0	1017.3	-	69	
2021-11-14 23:25:00	18.6	북북서	337	17.75	0.20	3.9	0.35	4.0	1.4	서	280	13.0	1017.3	-	183	
2021-11-14 23:30:00	16.0	북서	325	17.73	0.21	4.3	0.29	4.5	1.6	서	270	12.0	1017.2	-	29	
2021-11-14 23:35:00	16.8	북북서	328	17.73	0.21	4.4	0.30	5.0	0.2	북서	310	12.2	1017.2	-	147	
2021-11-14 23:40:00	13.3	북북서	334	17.72	0.21	4.4	0.32	3.5	1.9	서	264	12.6	1017.2	-	332	
2021-11-14 23:45:00	12.0	북북서	332	17.72	0.20	4.3	0.32	3.5	2.1	서	268	12.1	1017.2	-	158	
2021-11-14 23:50:00	14.3	북북서	326	17.71	0.20	4.7	0.34	4.0	1.2	서남서	257	12.5	1017.1	-	205	
2021-11-14 23:55:00	14.5	북북서	339	17.69	0.19	4.7	0.28	5.0	2.2	남서	219	12.4	1017.2	-	198	
2021-11-15 00:00:00	15.2	북북서	335	17.68	0.22	4.6	0.29	3.5	2.6	남서	231	11.8	1017.2	-	3	
2021-11-15 00:05:00	15.7	북북서	331	17.67	0.23	4.9	0.34	5.5	1.8	남남서	209	11.7	1017.2	-	123	
2021-11-15 00:10:00	17.9	북북서	333	17.65	0.22	4.2	0.34	4.0	1.9	남남서	213	12.4	1017.2	-	24	
2021-11-15 00:15:00	25.8	북북서	332	17.68	0.24	4.6	0.42	4.0	2.2	남서	224	12.1	1017.2	-	25	
2021-11-15 00:20:00	25.6	북북서	330	17.71	0.23	4.7	0.29	4.0	1.8	남서	233	12.1	1017.3	-	5	
2021-11-15 00:25:00	25.5	북북서	333	17.66	0.20	4.3	0.26	4.0	1.4	서	275	12.6	1017.4	-	31	
2021-11-15 00:30:00	22.4	북북서	334	17.72	0.22	4.2	0.34	3.5	2.8	서	259	11.9	1017.3	-	229	
2021-11-15 00:35:00	22.8	북북서	329	17.64	0.20	4.7	0.27	4.5	2.7	서남서	246	10.5	1017.3	-	29	
2021-11-15 00:40:00	21.4	북북서	327	17.54	0.22	4.6	0.33	5.0	2.2	서	259	10.9	1017.3	-	99	
2021-11-15 00:45:00	21.1	북북서	331	17.53	0.22	5.0	0.36	4.0	3.1	서	262	11.2	1017.4	-	79	
2021-11-15 00:50:00	24.1	북북서	330	17.54	0.27	4.3	0.42	5.5	3.0	서남서	250	11.2	1017.3	-	23	
2021-11-15 00:55:00	22.5	북북서	335	17.59	0.23	4.4	0.34	5.5	2.7	남서	225	12.1	1017.3	-	4	
2021-11-15 01:00:00	22.8	북서	326	17.60	0.26	4.0	0.37	4.0	3.1	서남서	246	12.5	1017.3	-	12	
2021-11-15 01:05:00	22.3	북북서	333	17.73	0.25	4.3	0.34	4.0	3.0	남서	236	11.2	1017.4	-	160	
2021-11-15 01:10:00	22.7	북북서	327	17.74	0.27	4.5	0.42	4.5	2.7	남서	229	11.8	1017.4	-	144	
2021-11-15 01:15:00	24.9	북북서	328	17.75	0.27	4.2	0.41	4.0	2.7	서남서	238	12.2	1017.4	-	193	
2021-11-15 01:20:00	23.0	북북서	331	17.72	0.26	3.5	0.37	3.5	3.5	서남서	240	11.7	1017.5	-	352	
2021-11-15 01:25:00	23.2	북북서	338	17.69	0.25	4.0	0.40	4.5	4.3	서남서	243	10.7	1017.5	-	328	
2021-11-15 01:30:00	23.5	북북서	330	17.71	0.24	4.1	0.34	5.0	3.7	서남서	239	10.9	1017.5	-	27	
2021-11-15 01:35:00	21.8	북북서	329	17.72	0.28	4.3	0.47	3.5	3.6	서남서	243	11.1	1017.6	-	8	
2021-11-15 01:40:00	22.2	북북서	329	17.75	0.29	3.7	0.44	3.5	3.4	서남서	244	11.4	1017.7	-	359	
2021-11-15 01:45:00	22.8	북북서	330	17.73	0.26	4.3	0.39	4.0	3.1	남서	233	11.3	1017.7	-	142	
2021-11-15 01:50:00	19.3	북북서	330	17.76	0.32	4.0	0.48	4.5	2.1	남서	227	12.0	1017.7	-	219	
2021-11-15 01:55:00	18.8	북서	322	17.73	0.33	3.6	0.41	3.0	2.6	서남서	247	12.5	1017.7	-	183	
2021-11-15 02:00:00	19.2	북서	321	17.73	0.31	4.2	0.51	3.0	2.6	남서	236	12.1	1017.8	-	78	
2021-11-15 02:05:00	19.8	북북서	329	17.71	0.33	4.0	0.51	4.0	2.0	남서	230	11.1	1017.8	-	214	
2021-11-15 02:10:00	20.7	북북서	327	17.69	0.33	3.8	0.47	4.0	1.5	서남서	245	11.8	1017.8	-	225	
2021-11-15 02:15:00	23.7	북북서	326	17.72	0.36	4.1	0.52	3.5	2.0	서	261	11.7	1017.9	-	280	
2021-11-15 02:20:00	22.6	북북서	332	17.77	0.42	3.9	0.65	4.0	3.1	남서	218	10.1	1017.9	-	232	
2021-11-15 02:25:00	17.8	북북서	334	17.74	0.37	4.0	0.68	4.0	1.8	남서	214	10.1	1018.0	-	350	
2021-11-15 02:30:00	18.6	북서	318	17.71	0.32	4.1	0.48	4.0	1.5	남서	224	10.6	1018.0	-	338	
2021-11-15 02:35:00	14.1	북서	326	17.70	0.38	3.9	0.60	4.5	2.7	서남서	255	10.9	1018.1	-	180	
2021-11-15 02:40:00	16.5	북서	325	17.71	0.39	4.1	0.50	4.0	2.7	남서	234	11.0	1018.0	-	162	
2021-11-15 02:45:00	15.3	북북서	332	17.69	0.39	4.1	0.57	3.5	1.9	서남서	238	11.2	1018.1	-	201	
2021-11-15 02:50:00	12.1	북북서	328	17.70	0.37	3.7	0.54	3.5	2.2	남서	226	11.2	1018.0	-	22	
2021-11-15 02:55:00	15.9	북북서	338	17.71	0.38	4.0	0.54	4.0	2.4	서남서	238	10.9	1018.0	-	245	
2021-11-15 03:00:00	14.6	북북서	332	17.70	0.42	4.1	0.59	4.0	2.4	서남서	250	10.9	1018.1	-	316	
2021-11-15 03:05:00	17.0	북서	322	17.74	0.36	3.9	0.58	4.0	3.0	남서	231	11.3	1018.1	-	192	
2021-11-15 03:10:00	18.6	북북서	331	17.69	0.35	4.0	0.53	3.5	2.9	남서	234	11.7	1018.2	-	289	
2021-11-15 03:15:00	14.7	북북서	332	17.66	0.30	3.9	0.47	3.5	2.9	서남서	242	11.1	1018.3	-	323	
2021-11-15 03:20:00	15.7	북서	316	17.67	0.32	4.0	0.45	3.5	3.0	남서	227	10.2	1018.4	-	284	
2021-11-15 03:25:00	17.7	북북서	330	17.74	0.39	3.9	0.61	3.5	2.9	남서	229	10.4	1018.4	-	176	
2021-11-15 03:30:00	12.7	북북서	330	17.64	0.33	3.9	0.47	3.5	3.4	남서	232	10.8	1018.5	-	196	
2021-11-15 03:35:00	16.4	북북서	327	17.58	0.30	4.2	0.46	3.5	3.8	서남서	249	11.4	1018.5	-	249	
2021-11-15 03:40:00	16.4	북북서	338	17.62	0.32	3.9	0.52	4.5	3.9	서남서	248	11.5	1018.5	-	146	
2021-11-15 03:45:00	13.4	북서	321	17.61	0.32	3.9	0.61	3.5	4.3	서남서	244	12.0	1018.5	-	172	
2021-11-15 03:50:00	14.2	북북서	336	17.57	0.31	4.3	0.46	4.0	4.7	서남서	241	11.7	1018.4	-	147	
2021-11-15 03:55:00	18.0	북북서	330	17.66	0.31	4.2	0.47	4.0	5.1	서남서	242	12.6	1018.5	-	128	
2021-11-15 04:00:00	19.4	북북서	335	17.67	0.31	4.2	0.41	4.5	4.5	서남서	240	12.9	1018.5	-	202	
2021-11-15 04:05:00	18.8	북북서	334	17.64	0.35	4.3	0.61	4.5	3.7	서남서	238	12.8	1018.6	-	37	
2021-11-15 04:10:00	21.0	북북서	332	17.64	0.29	4.0	0.40	5.0	2.5	남서	222	12.7	1018.7	-	53	
2021-11-15 04:15:00	19.7	북서	322	17.65	0.29	4.0	0.37	3.5	1.9	남서	216	12.6	1018.9	-	141	
2021-11-15 04:20:00	19.2	북북서	332	17.67	0.32	3.7	0.43	3.5	1.5	남남서	207	12.2	1019.0	-	203	
2021-11-15 04:25:00	19.5	북북서	329	17.69	0.34	3.9	0.50	3.0	2.2	남남서	197	12.2	1019.0	-	333	
2021-11-15 04:30:00	28.5	북북서	332	17.71	0.39	4.0	0.61	3.5	1.8	남남서	192	12.4	1019.1	-	86	
2021-11-15 04:35:00	28.3	북북서	330	17.76	0.39	4.2	0.60	4.5	1.6	남남서	194	12.5	1019.2	-	343	
2021-11-15 04:40:00	26.9	북북서	335	17.75	0.44	4.0	0.73	4.5	2.3	남남서	209	12.7	1019.2	-	170	
2021-11-15 04:45:00	31.1	북북서	333	17.78	0.39	4.1	0.57	4.0	2.4	남남서	210	12.8	1019.2	-	357	
2021-11-15 04:50:00	29.6	북북서	331	17.82	0.31	4.1	0.40	4.5	3.0	남남서	208	12.8	1019.3	-	152	
2021-11-15 04:55:00	33.6	북북서	329	17.84	0.37	4.2	0.75	4.0	2.6	남남서	200	12.9	1019.4	-	96	
2021-11-15 05:00:00	33.2	북북서	331	17.84	0.28	4.1	0.43	3.5	2.7	남남서	203	13.0	1019.4	-	145	
2021-11-15 05:05:00	30.9	북북서	332	17.83	0.32	4.0	0.54	3.5	2.7	남남서	205	12.9	1019.5	-	145	
2021-11-15 05:10:00	33.0	북북서	336	17.83	0.43	4.2	0.59	4.0	3.1	남남서	201	12.9	1019.6	-	126	
2021-11-15 05:15:00	31.1	북북서	329	17.82	0.33	3.9	0.45	4.5	2.7	남남서	199	12.7	1019.6	-	139	
2021-11-15 05:20:00	31.6	북북서	332	17.79	0.35	4.2	0.57	4.0	2.6	남남서	206	12.9	1019.6	-	64	
2021-11-15 05:25:00	29.4	북북서	328	17.78	0.38	3.9	0.51	4.0	2.7	남서	229	12.8	1019.6	-	182	
2021-11-15 05:30:00	29.8	북북서	328	17.77	0.40	3.9	0.58	3.5	2.5	남서	229	12.7	1019.6	-	316	
2021-11-15 05:35:00	29.5	북북서	327	17.77	0.39	4.1	0.57	4.0	3.1	서남서	245	12.1	1019.7	-	339	
2021-11-15 05:40:00	28.6	북북서	330	17.75	0.32	4.3	0.48	4.5	3.8	서남서	252	12.0	1019.7	-	186	
2021-11-15 05:45:00	27.3	북북서	330	17.74	0.38	3.9	0.53	4.0	3.9	서	260	12.1	1019.8	-	121	
2021-11-15 05:50:00	24.0	북북서	330	17.72	0.31	4.0	0.46	4.0	4.6	서	264	12.7	1019.8	-	12	
2021-11-15 05:55:00	32.6	북북서	327	17.69	0.35	4.3	0.44	4.5	5.2	서남서	251	11.7	1019.7	-	232	
2021-11-15 06:00:00	37.3	북북서	329	17.86	0.29	4.3	0.45	5.0	4.8	서남서	253	12.2	1019.7	-	75	
2021-11-15 06:05:00	36.1	북북서	331	17.97	0.35	4.4	0.59	4.0	5.1	서남서	244	12.1	1019.7	-	159	
2021-11-15 06:10:00	37.9	북북서	331	17.97	0.36	4.3	0.47	4.0	4.8	서남서	238	11.6	1019.8	-	253	
2021-11-15 06:15:00	36.1	북북서	329	18.01	0.37	4.3	0.54	4.0	4.9	서남서	239	11.6	1019.9	-	228	
2021-11-15 06:20:00	35.8	북북서	330	18.00	0.30	4.2	0.42	4.0	4.9	서남서	242	11.3	1019.9	-	205	
2021-11-15 06:25:00	32.4	북북서	328	17.98	0.32	4.0	0.46	4.0	5.1	서남서	246	10.9	1019.9	-	127	
2021-11-15 06:30:00	34.2	북북서	328	17.97	0.37	4.2	0.53	3.5	4.0	서남서	243	11.2	1019.9	-	226	
2021-11-15 06:35:00	35.2	북북서	330	17.98	0.40	3.9	0.48	3.5	3.9	서남서	247	11.4	1020.0	-	127	
2021-11-15 06:40:00	33.9	북서	326	18.01	0.35	4.3	0.53	4.0	4.3	서남서	241	11.2	1020.0	-	327	
2021-11-15 06:45:00	32.1	북서	326	18.01	0.36	4.2	0.45	4.5	4.5	서남서	240	11.1	1020.0	-	309	
2021-11-15 06:50:00	33.1	북북서	328	18.01	0.33	4.3	0.41	4.0	4.7	남서	236	11.4	1020.1	-	189	
2021-11-15 06:55:00	32.9	북서	324	18.03	0.44	4.4	0.61	4.5	5.0	남서	228	11.5	1020.1	-	333	
2021-11-15 07:00:00	31.4	북북서	329	18.03	0.32	4.2	0.45	3.5	4.9	남서	222	11.1	1020.1	-	348	
2021-11-15 07:05:00	32.5	북북서	330	18.01	0.41	4.1	0.51	4.0	4.5	남서	228	11.0	1020.2	-	291	
2021-11-15 07:10:00	32.0	북북서	326	18.01	0.42	4.1	0.60	4.5	4.8	남서	232	10.9	1020.3	-	24	
2021-11-15 07:15:00	26.2	북서	326	18.01	0.38	4.2	0.61	4.5	5.5	남서	236	11.0	1020.3	-	146	
2021-11-15 07:20:00	28.4	북북서	329	18.00	0.44	4.3	0.57	4.5	5.9	남서	233	11.0	1020.3	-	15	
2021-11-15 07:25:00	28.6	북북서	332	17.98	0.35	4.2	0.49	3.5	4.7	남서	229	11.2	1020.5	-	58	
2021-11-15 07:30:00	28.5	북북서	332	17.98	0.42	4.2	0.58	4.5	3.9	남서	220	10.9	1020.6	-	206	
2021-11-15 07:35:00	27.1	북북서	329	17.97	0.41	4.4	0.78	3.5	3.5	남서	225	11.0	1020.7	-	123	
2021-11-15 07:40:00	27.1	북북서	328	17.98	0.48	4.3	0.64	4.5	3.6	남서	223	11.2	1020.7	-	149	
2021-11-15 07:45:00	22.7	북서	326	17.96	0.37	4.5	0.51	4.0	4.0	남서	228	11.5	1020.8	-	167	
2021-11-15 07:50:00	25.8	북서	323	17.96	0.39	4.4	0.50	4.5	3.9	서남서	237	11.7	1020.8	-	350	
2021-11-15 07:55:00	24.0	북북서	329	17.95	0.45	4.3	0.66	4.5	4.3	남서	235	11.8	1020.9	-	280	
2021-11-15 08:00:00	25.7	북북서	330	17.97	0.40	4.5	0.58	5.0	4.9	남서	230	11.9	1020.9	-	5	
2021-11-15 08:05:00	22.6	북북서	327	17.98	0.36	4.5	0.46	5.0	4.4	남서	225	11.9	1021.0	-	152	
2021-11-15 08:10:00	22.3	북북서	331	17.98	0.37	4.2	0.50	4.5	4.7	남서	232	11.8	1021.1	-	255	
2021-11-15 08:15:00	24.6	북북서	328	17.98	0.39	4.8	0.54	3.5	4.5	남서	235	11.9	1021.2	-	223	
2021-11-15 08:20:00	22.5	북서	325	17.97	0.38	4.9	0.55	4.5	4.5	남서	232	12.0	1021.2	-	337	
2021-11-15 08:25:00	19.7	북북서	332	17.98	0.45	4.8	0.69	5.0	4.3	남서	234	12.1	1021.2	-	192	
2021-11-15 08:30:00	19.3	북서	326	17.97	0.41	4.7	0.57	4.5	3.7	남서	233	12.3	1021.3	-	45	
2021-11-15 08:35:00	21.3	북서	322	17.96	0.41	4.6	0.55	4.5	4.1	서남서	238	12.4	1021.3	-	201	
2021-11-15 08:40:00	22.3	북서	326	17.96	0.38	5.0	0.50	4.5	3.9	남서	235	12.5	1021.4	-	156	
2021-11-15 08:45:00	22.7	북북서	327	17.96	0.38	4.9	0.60	4.5	3.9	서남서	241	12.6	1021.4	-	203	
2021-11-15 08:50:00	20.3	북서	325	17.96	0.41	5.3	0.54	6.0	4.0	서남서	241	12.6	1021.4	-	42	
2021-11-15 08:55:00	20.2	북서	321	17.95	0.44	5.3	0.56	4.5	3.6	서남서	240	12.5	1021.4	-	42	
2021-11-15 09:00:00	22.4	북북서	328	17.95	0.42	5.5	0.52	6.0	3.5	서남서	245	12.8	1021.4	-	20	
2021-11-15 09:05:00	18.7	북서	317	17.95	0.42	5.1	0.61	4.0	2.7	서남서	252	12.9	1021.6	-	349	
2021-11-15 09:10:00	20.3	북북서	329	17.95	0.51	5.0	0.69	5.0	2.7	서남서	237	13.0	1021.6	-	331	
2021-11-15 09:15:00	17.3	북북서	328	17.95	0.42	5.1	0.56	5.0	2.5	서남서	245	13.1	1021.7	-	327	
2021-11-15 09:20:00	20.8	북북서	332	17.95	0.52	5.2	0.83	5.0	2.8	서남서	246	13.2	1021.6	-	5	
2021-11-15 09:25:00	19.8	북북서	336	17.94	0.40	5.8	0.51	5.0	3.0	서남서	254	13.4	1021.7	-	2	
2021-11-15 09:30:00	17.9	북서	323	17.93	0.51	5.3	0.97	5.0	2.7	서남서	256	13.5	1021.7	-	353	
2021-11-15 09:35:00	18.3	북북서	330	17.93	0.44	4.8	0.53	4.5	2.3	서남서	257	13.5	1021.8	-	330	
2021-11-15 09:40:00	20.8	북북서	329	17.93	0.48	5.4	0.69	5.0	2.0	서	261	13.8	1021.8	-	7	
2021-11-15 09:45:00	20.6	북북서	335	17.93	0.53	5.3	0.75	4.5	2.0	서북서	290	13.9	1021.8	-	13	
2021-11-15 09:50:00	17.7	북서	321	17.93	0.48	5.4	0.66	6.0	2.9	북서	305	14.1	1021.8	-	332	
2021-11-15 09:55:00	23.4	북서	317	17.99	0.59	5.0	0.81	5.0	3.1	북서	315	14.3	1021.8	-	331	
2021-11-15 10:00:00	21.1	북서	322	18.00	0.60	5.1	0.87	4.0	3.5	북서	313	14.4	1021.9	-	26	
2021-11-15 10:05:00	22.5	북서	326	18.02	0.58	5.0	0.96	5.0	3.1	북서	321	14.4	1022.0	-	333	
2021-11-15 10:10:00	21.0	북서	322	18.02	0.52	5.0	0.66	5.5	2.8	북북서	327	14.6	1022.0	-	334	
2021-11-15 10:15:00	21.2	북북서	328	18.02	0.59	5.3	0.89	5.0	3.1	북서	323	14.7	1022.0	-	1	
2021-11-15 10:20:00	19.0	북서	319	18.02	0.50	4.8	0.70	5.0	3.1	북서	316	14.7	1021.9	-	320	
2021-11-15 10:25:00	22.3	북서	319	18.02	0.50	4.7	0.66	4.0	3.2	북서	325	14.7	1021.9	-	353	
2021-11-15 10:30:00	19.6	북서	321	18.02	0.46	4.7	0.76	3.5	3.4	북북서	339	14.9	1021.9	-	133	
2021-11-15 10:35:00	22.7	북서	321	18.03	0.56	5.2	0.69	5.5	4.8	북북서	338	15.0	1021.8	-	312	
2021-11-15 10:40:00	20.5	북서	318	18.04	0.48	4.9	0.68	5.0	5.2	북북서	347	14.9	1021.6	-	35	
2021-11-15 10:45:00	20.1	북서	320	18.04	0.52	5.3	0.68	5.5	4.3	북	351	15.0	1021.6	-	7	
2021-11-15 10:50:00	20.7	북서	318	18.04	0.48	5.1	0.63	5.0	5.0	북	6	15.0	1021.6	-	306	
2021-11-15 10:55:00	17.2	북서	310	18.04	0.57	5.0	0.78	5.5	4.5	북	352	14.9	1021.7	-	25	
2021-11-15 11:00:00	17.5	북서	321	18.04	0.59	5.1	0.75	5.5	5.3	북	5	14.9	1021.5	-	353	
2021-11-15 11:05:00	18.0	북서	314	18.04	0.49	4.9	0.62	5.0	4.3	북북동	12	14.9	1021.6	-	320	
2021-11-15 11:10:00	16.5	북서	315	18.04	0.61	5.2	1.06	5.5	4.8	북북동	14	14.9	1021.6	-	352	
2021-11-15 11:15:00	15.8	북서	308	18.05	0.57	4.8	0.83	5.0	4.5	북북동	18	14.9	1021.6	-	293	
2021-11-15 11:20:00	16.2	북서	312	18.06	0.61	5.4	0.82	5.5	4.2	북북동	19	15.0	1021.5	-	7	
2021-11-15 11:25:00	15.9	북서	308	18.09	0.59	4.9	0.73	4.0	4.7	북북동	12	14.9	1021.4	-	192	
2021-11-15 11:30:00	15.4	북서	309	18.14	0.53	4.9	0.71	6.5	4.1	북북동	15	14.9	1021.4	-	36	
2021-11-15 11:35:00	15.5	북서	312	18.16	0.56	5.0	0.71	7.0	4.6	북북동	18	14.9	1021.4	-	350	
2021-11-15 11:40:00	14.5	북서	313	18.15	0.64	5.3	0.88	4.0	4.7	북	9	14.9	1021.3	-	343	
2021-11-15 11:45:00	15.5	북서	305	18.09	0.59	5.1	0.75	4.5	4.7	북북동	12	14.9	1021.3	-	7	
2021-11-15 11:50:00	13.2	북서	305	18.02	0.56	5.0	0.78	5.5	4.2	북	10	14.8	1021.3	-	32	
2021-11-15 11:55:00	15.0	서북서	299	17.95	0.50	4.7	0.71	5.0	4.2	북북동	27	14.9	1021.3	-	358	
2021-11-15 12:00:00	15.8	서북서	302	17.92	0.52	5.1	0.75	5.5	4.7	북북동	22	14.7	1021.3	-	28	
2021-11-15 12:05:00	16.7	서북서	303	17.89	0.56	4.4	0.88	5.0	4.6	북북동	13	14.6	1021.2	-	13	
2021-11-15 12:10:00	15.0	서북서	290	17.86	0.62	4.8	0.90	5.0	3.7	북북동	12	14.8	1021.1	-	5	
2021-11-15 12:15:00	14.3	서북서	297	17.85	0.57	4.7	0.73	5.0	4.4	북북동	24	14.9	1021.1	-	0	
2021-11-15 12:20:00	15.4	서북서	300	17.85	0.64	5.5	0.94	5.0	3.7	북북동	22	15.0	1021.1	-	343	
2021-11-15 12:25:00	16.8	북서	310	17.87	0.59	5.2	0.72	5.0	3.6	북북동	14	15.1	1021.1	-	24	
2021-11-15 12:30:00	17.5	북서	307	17.88	0.50	4.7	0.66	5.0	3.9	북북동	24	14.9	1021.0	-	111	
2021-11-15 12:35:00	17.8	서북서	300	17.88	0.60	4.9	0.87	4.0	3.9	북	8	15.0	1020.9	-	20	
2021-11-15 12:40:00	17.0	북서	309	17.88	0.56	4.9	0.74	4.5	4.4	북북동	17	15.0	1020.9	-	27	
2021-11-15 12:45:00	16.4	서북서	301	17.87	0.59	5.0	0.77	5.5	4.6	북북동	20	14.9	1020.8	-	359	
2021-11-15 12:50:00	15.8	서북서	301	17.88	0.68	5.4	1.06	5.0	3.9	북북동	28	15.0	1020.8	-	18	
2021-11-15 12:55:00	18.6	북서	307	17.89	0.63	5.1	1.10	4.5	4.3	북북동	22	14.9	1020.7	-	10	
2021-11-15 13:00:00	21.9	서북서	300	17.89	0.64	5.2	0.88	4.5	4.9	북북동	31	14.9	1020.5	-	47	
2021-11-15 13:05:00	21.1	북서	306	17.91	0.57	4.6	0.89	5.0	5.0	북북동	31	14.9	1020.4	-	20	
2021-11-15 13:10:00	20.3	서북서	303	17.92	0.60	4.7	0.76	4.5	4.8	북북동	24	14.9	1020.4	-	25	
2021-11-15 13:15:00	17.7	북서	305	17.90	0.58	5.1	0.82	4.0	4.2	북북동	20	14.9	1020.4	-	347	
2021-11-15 13:20:00	18.9	북서	308	17.90	0.64	5.0	0.90	5.0	4.6	북북동	14	15.0	1020.2	-	342	
2021-11-15 13:25:00	24.1	서북서	304	17.88	0.58	4.7	0.81	5.0	4.1	북북동	22	14.9	1020.3	-	343	
2021-11-15 13:30:00	20.4	서북서	303	17.88	0.59	4.9	1.02	5.5	3.8	북북동	30	14.8	1020.3	-	25	
2021-11-15 13:35:00	17.5	북서	308	17.86	0.67	4.9	0.87	5.5	4.7	북동	43	14.7	1020.2	-	357	
2021-11-15 13:40:00	18.5	북서	313	17.86	0.63	4.8	0.94	4.5	3.5	북동	45	14.6	1020.1	-	2	
2021-11-15 13:45:00	20.9	북서	314	17.90	0.57	4.9	0.73	5.0	3.9	북북동	19	14.8	1020.1	-	355	
2021-11-15 13:50:00	21.4	북서	312	17.89	0.58	5.0	0.73	5.0	3.6	북북동	15	14.8	1020.2	-	344	
2021-11-15 13:55:00	15.5	북서	325	17.85	0.61	5.0	0.96	5.0	2.8	북동	34	14.7	1020.2	-	3	
2021-11-15 14:00:00	19.4	북서	318	17.83	0.65	4.5	0.84	5.0	4.1	북북동	28	14.8	1020.2	-	19	
2021-11-15 14:05:00	20.1	북서	312	17.82	0.57	5.0	0.71	5.0	4.5	북북동	19	14.6	1020.1	-	356	
2021-11-15 14:10:00	21.1	북서	315	17.84	0.61	4.7	0.84	4.0	4.4	북북동	26	14.6	1019.9	-	336	
2021-11-15 14:15:00	18.7	북서	325	17.84	0.67	4.9	0.87	5.0	3.7	북북동	31	14.6	1019.9	-	227	
2021-11-15 14:20:00	20.6	북서	321	17.85	0.62	4.5	0.89	4.0	4.1	북동	35	14.8	1020.0	-	27	
2021-11-15 14:25:00	20.2	북서	317	17.84	0.56	4.5	1.01	4.0	3.6	북북동	33	14.9	1020.0	-	330	
2021-11-15 14:30:00	21.0	북서	315	17.85	0.65	5.2	0.78	5.0	3.3	북북동	14	15.0	1020.1	-	351	
2021-11-15 14:35:00	20.5	북서	318	17.86	0.67	4.9	1.02	5.5	3.3	북북동	23	15.1	1020.1	-	358	
2021-11-15 14:40:00	21.5	북서	323	17.87	0.65	4.7	0.83	4.5	3.1	북북동	12	15.1	1020.1	-	326	
2021-11-15 14:45:00	22.7	북서	314	17.90	0.65	4.9	0.85	5.0	2.5	북	6	15.2	1020.1	-	20	
2021-11-15 14:50:00	23.2	북서	320	17.94	0.75	4.7	1.03	4.0	3.0	북북동	18	15.1	1020.1	-	353	
2021-11-15 14:55:00	23.8	북서	316	17.94	0.67	5.2	0.96	5.0	2.7	북	5	14.9	1020.1	-	353	
2021-11-15 15:00:00	19.8	북서	315	17.94	0.61	5.3	0.80	5.0	2.7	북	359	14.8	1020.1	-	17	
2021-11-15 15:05:00	24.2	북서	316	17.94	0.70	5.1	1.00	4.5	3.0	북	4	14.7	1020.2	-	284	
2021-11-15 15:10:00	22.5	북북서	327	17.93	0.65	5.1	0.94	4.5	2.4	북북동	15	14.6	1020.2	-	352	
2021-11-15 15:15:00	22.3	북서	322	17.93	0.61	4.5	0.92	4.5	2.8	북북동	16	14.5	1020.2	-	336	
2021-11-15 15:20:00	23.3	북서	318	17.93	0.67	4.9	0.92	5.0	2.3	북	8	14.8	1020.3	-	333	
2021-11-15 15:25:00	22.4	북서	319	17.92	0.72	4.9	0.98	5.5	2.6	북	1	15.1	1020.3	-	17	
2021-11-15 15:30:00	22.6	북서	321	17.92	0.66	5.0	0.90	5.0	1.4	북	354	15.0	1020.4	-	3	
2021-11-15 15:35:00	25.9	북북서	330	17.92	0.71	4.8	0.98	5.0	1.6	북북동	12	15.0	1020.5	-	352	
2021-11-15 15:40:00	24.2	북서	319	17.92	0.68	4.5	0.93	5.0	1.1	북	358	15.1	1020.5	-	3	
2021-11-15 15:45:00	26.8	북서	326	17.92	0.73	5.0	1.00	4.5	0.8	북북동	19	14.9	1020.6	-	349	
2021-11-15 15:50:00	23.6	북북서	328	17.91	0.68	4.8	1.11	6.0	1.9	북북동	26	14.8	1020.6	-	45	
2021-11-15 15:55:00	23.8	북북서	334	17.90	0.63	4.8	0.86	5.0	1.6	북북동	19	14.7	1020.6	-	351	
2021-11-15 16:00:00	23.7	북북서	335	17.88	0.69	4.9	0.95	5.0	2.2	북북동	30	14.5	1020.5	-	352	
2021-11-15 16:05:00	22.0	북북서	337	17.87	0.61	4.8	0.84	4.5	1.4	북북동	23	14.4	1020.6	-	330	
2021-11-15 16:10:00	21.7	북북서	338	17.86	0.67	4.4	0.87	4.0	1.4	북북동	12	14.3	1020.6	-	352	
2021-11-15 16:15:00	24.9	북북서	335	17.88	0.53	4.8	0.95	3.5	1.2	북북동	15	14.3	1020.6	-	333	
2021-11-15 16:20:00	25.7	북북서	337	17.89	0.68	5.0	1.25	4.5	1.8	북북동	32	14.4	1020.6	-	309	
2021-11-15 16:25:00	24.5	북북서	333	17.90	0.62	4.5	0.81	4.5	1.6	북동	45	14.2	1020.7	-	263	
2021-11-15 16:30:00	25.8	북북서	341	17.89	0.62	4.8	1.18	5.0	1.4	북동	40	14.2	1020.7	-	119	
2021-11-15 16:35:00	24.9	북북서	336	17.89	0.66	5.0	1.06	5.5	0.8	동북동	65	14.1	1020.7	-	351	
2021-11-15 16:40:00	24.2	북북서	339	17.90	0.65	5.1	0.85	5.0	1.0	북동	34	14.1	1020.7	-	53	
2021-11-15 16:45:00	25.0	북북서	336	17.89	0.66	4.9	1.12	4.5	1.2	북북동	32	14.1	1020.6	-	8	
2021-11-15 16:50:00	23.5	북북서	338	17.87	0.55	4.7	0.78	4.5	1.5	북동	46	14.0	1020.6	-	7	
2021-11-15 16:55:00	24.2	북북서	338	17.85	0.56	5.0	0.74	5.0	1.5	북동	55	14.0	1020.5	-	20	
2021-11-15 17:00:00	24.9	북북서	342	17.85	0.59	4.8	0.73	4.0	1.1	북북동	30	14.0	1020.4	-	306	
2021-11-15 17:05:00	24.5	북북서	337	17.85	0.59	4.7	0.87	5.0	1.0	북북동	31	13.9	1020.4	-	334	
2021-11-15 17:10:00	22.4	북북서	337	17.84	0.61	4.7	0.81	4.0	1.5	동	83	13.9	1020.4	-	318	
2021-11-15 17:15:00	22.9	북북서	330	17.84	0.58	4.6	0.72	4.0	1.4	동	99	13.9	1020.5	-	314	
2021-11-15 17:20:00	23.3	북북서	336	17.85	0.65	4.9	1.03	5.0	0.8	동남동	115	13.9	1020.6	-	19	
2021-11-15 17:25:00	23.3	북북서	339	17.83	0.56	4.8	0.66	5.0	0.5	남동	142	13.9	1020.6	-	31	
2021-11-15 17:30:00	21.2	북북서	335	17.83	0.56	4.7	0.77	4.5	0.3	동남동	123	13.9	1020.7	-	28	
2021-11-15 17:35:00	23.1	북북서	334	17.84	0.58	4.9	0.78	5.5	0.5	남남동	149	13.8	1020.8	-	32	
2021-11-15 17:40:00	24.1	북북서	329	17.85	0.56	5.2	0.89	5.0	1.2	남서	219	13.9	1020.9	-	25	
2021-11-15 17:45:00	22.6	북북서	326	17.86	0.57	5.2	0.82	4.5	2.5	서남서	250	13.8	1020.8	-	50	
2021-11-15 17:50:00	21.7	북북서	333	17.91	0.56	5.0	0.84	5.5	2.0	서남서	250	13.5	1020.8	-	347	
2021-11-15 17:55:00	23.7	북북서	339	17.95	0.53	4.4	0.84	5.5	1.9	서남서	248	13.5	1020.9	-	14	
2021-11-15 18:00:00	22.0	북북서	337	17.95	0.56	5.1	0.77	6.0	2.0	서남서	246	13.5	1021.0	-	33	
2021-11-15 18:05:00	21.4	북북서	335	17.93	0.57	4.8	0.82	5.0	2.1	서남서	253	13.4	1021.0	-	327	
2021-11-15 18:10:00	19.7	북북서	337	17.94	0.51	4.6	0.65	4.5	2.2	서남서	257	13.2	1021.0	-	2	
2021-11-15 18:15:00	18.3	북북서	335	17.92	0.51	4.2	0.75	4.0	2.1	서	259	13.0	1021.0	-	339	
2021-11-15 18:20:00	19.5	북북서	332	17.92	0.50	4.9	0.63	5.0	2.4	서남서	258	12.9	1021.1	-	11	
2021-11-15 18:25:00	17.5	북북서	331	17.91	0.45	4.7	0.78	4.0	2.2	서	272	12.7	1021.1	-	341	
2021-11-15 18:30:00	19.1	북북서	333	17.90	0.47	4.5	0.99	4.5	2.5	서남서	258	12.7	1021.1	-	23	
2021-11-15 18:35:00	16.7	북북서	331	17.89	0.54	4.6	0.74	5.5	2.5	서남서	253	12.6	1021.2	-	8	
2021-11-15 18:40:00	16.2	북북서	331	17.89	0.48	4.4	0.64	5.5	2.8	서남서	250	12.5	1021.2	-	52	
2021-11-15 18:45:00	16.4	북북서	332	17.90	0.52	4.8	0.73	4.5	2.9	서남서	245	12.3	1021.3	-	7	
2021-11-15 18:50:00	15.6	북북서	337	17.89	0.52	5.0	0.73	5.0	3.1	서남서	241	12.2	1021.3	-	3	
2021-11-15 18:55:00	14.4	북서	316	17.89	0.48	4.6	0.65	3.5	3.5	서남서	238	12.2	1021.4	-	44	
2021-11-15 19:00:00	14.3	북북서	329	17.89	0.48	5.0	0.62	4.5	3.8	서남서	237	12.2	1021.4	-	46	
2021-11-15 19:05:00	14.7	북북서	327	17.88	0.48	5.0	0.69	6.0	3.3	서남서	241	12.2	1021.4	-	13	
2021-11-15 19:10:00	13.8	북서	322	17.88	0.50	4.7	0.79	5.5	2.8	서남서	243	12.1	1021.4	-	337	
2021-11-15 19:15:00	10.5	북서	323	17.87	0.47	4.8	0.71	3.5	2.9	서남서	238	11.8	1021.4	-	282	
2021-11-15 19:20:00	8.7	북북서	328	17.86	0.47	4.6	0.60	5.0	2.9	남서	236	11.9	1021.5	-	280	
2021-11-15 19:25:00	9.7	북서	326	17.85	0.42	5.1	0.69	5.0	3.0	서남서	239	12.0	1021.5	-	0	
2021-11-15 19:30:00	13.8	북서	326	17.84	0.45	5.1	0.70	5.0	3.4	남서	236	11.8	1021.5	-	22	
2021-11-15 19:35:00	9.7	북북서	339	17.83	0.50	5.2	0.79	6.5	3.6	서남서	240	11.8	1021.5	-	38	
2021-11-15 19:40:00	12.7	북북서	334	17.83	0.46	4.8	0.65	4.5	3.8	서남서	237	11.7	1021.6	-	355	
2021-11-15 19:45:00	10.7	북북서	337	17.82	0.44	5.2	0.62	5.0	3.7	서남서	240	11.7	1021.6	-	21	
2021-11-15 19:50:00	5.8	북북서	329	17.82	0.47	5.1	0.76	5.5	3.4	서남서	239	11.7	1021.5	-	56	
2021-11-15 19:55:00	7.4	북북서	345	17.80	0.50	5.0	1.05	4.5	3.4	서남서	244	11.8	1021.5	-	22	
2021-11-15 20:00:00	7.6	북북서	333	17.79	0.49	4.7	0.68	4.5	3.4	서남서	243	11.8	1021.5	-	48	
2021-11-15 20:05:00	8.3	북북서	348	17.78	0.37	4.9	0.49	5.0	3.4	남서	236	11.7	1021.5	-	32	
2021-11-15 20:10:00	5.8	북북서	331	17.79	0.44	5.4	0.62	5.5	3.3	남서	235	11.6	1021.5	-	44	
2021-11-15 20:15:00	9.6	북	8	17.77	0.45	5.1	0.56	5.0	3.2	서남서	241	11.6	1021.4	-	29	
2021-11-15 20:20:00	8.2	북북서	329	17.75	0.47	5.0	0.63	5.5	3.2	남서	232	11.6	1021.4	-	41	
2021-11-15 20:25:00	6.7	북북서	344	17.75	0.44	5.3	0.58	5.0	3.0	남서	221	11.6	1021.3	-	22	
2021-11-15 20:30:00	10.1	북	9	17.73	0.46	5.5	0.74	4.5	3.1	남서	219	11.5	1021.3	-	61	
2021-11-15 20:35:00	7.0	북북서	344	17.72	0.42	4.9	0.59	4.5	2.9	남서	223	11.4	1021.3	-	80	
2021-11-15 20:40:00	8.1	북북서	347	17.71	0.52	5.1	0.71	5.5	2.8	남서	231	11.5	1021.3	-	170	
2021-11-15 20:45:00	8.1	북북서	332	17.71	0.47	5.2	0.68	5.0	2.7	남서	230	11.5	1021.3	-	39	
2021-11-15 20:50:00	7.1	북	355	17.71	0.43	5.5	0.50	5.0	2.2	남서	231	11.6	1021.3	-	358	
2021-11-15 20:55:00	5.4	북북서	337	17.70	0.46	5.4	0.65	5.0	2.6	남서	226	11.7	1021.2	-	39	
2021-11-15 21:00:00	5.9	북북서	332	17.68	0.50	5.4	0.64	5.5	2.6	남서	220	11.8	1021.2	-	22	
2021-11-15 21:05:00	7.0	북북서	332	17.68	0.53	5.7	0.91	6.0	3.0	남서	221	12.2	1021.3	-	53	
2021-11-15 21:10:00	4.3	북북서	343	17.68	0.53	5.9	0.74	7.0	2.2	남남서	213	12.0	1021.3	-	48	
2021-11-15 21:15:00	6.9	북서	320	17.67	0.43	5.1	0.64	6.0	1.2	서남서	238	11.9	1021.3	-	41	
2021-11-15 21:20:00	6.7	북북서	328	17.67	0.49	6.3	0.78	5.0	1.1	서남서	244	11.7	1021.3	-	31	
2021-11-15 21:25:00	4.3	북북서	339	17.67	0.51	6.5	0.72	6.0	1.5	서남서	250	11.5	1021.3	-	52	
2021-11-15 21:30:00	6.2	북서	312	17.68	0.60	6.1	0.79	5.5	1.9	서남서	248	11.2	1021.4	-	46	
2021-11-15 21:35:00	5.2	북서	310	17.68	0.52	6.3	0.71	7.0	2.3	남서	232	11.2	1021.4	-	56	
2021-11-15 21:40:00	7.7	북서	324	17.67	0.59	5.8	0.70	6.5	2.5	남서	227	11.1	1021.4	-	56	
2021-11-15 21:45:00	7.8	북서	315	17.68	0.58	6.1	0.89	6.5	2.8	남서	215	11.0	1021.4	-	61	
2021-11-15 21:50:00	5.1	서북서	298	17.67	0.58	5.7	0.92	5.5	3.0	남서	227	10.9	1021.5	-	24	
2021-11-15 21:55:00	10.2	북서	321	17.68	0.58	5.8	0.88	5.0	2.9	남서	233	10.9	1021.5	-	43	
2021-11-15 22:00:00	9.1	북북서	328	17.70	0.55	6.0	0.70	6.5	2.9	남서	231	11.0	1021.5	-	55	
2021-11-15 22:05:00	5.2	북서	321	17.71	0.65	6.0	0.92	7.0	3.0	남서	226	11.0	1021.5	-	52	
2021-11-15 22:10:00	8.9	북서	309	17.72	0.74	6.1	0.89	5.5	2.5	남서	222	11.2	1021.5	-	50	
2021-11-15 22:15:00	14.2	북서	317	17.73	0.71	6.2	0.89	6.5	2.2	남남서	211	11.1	1021.5	-	61	
2021-11-15 22:20:00	10.8	북서	321	17.74	0.67	6.3	0.90	6.5	2.0	남남서	208	10.9	1021.5	-	45	
2021-11-15 22:25:00	12.6	북서	321	17.74	0.74	6.6	0.96	6.5	2.4	남서	214	11.0	1021.5	-	58	
2021-11-15 22:30:00	10.7	북서	317	17.74	0.82	6.5	1.09	6.5	2.1	남서	229	11.2	1021.5	-	41	
2021-11-15 22:35:00	8.9	북서	325	17.74	0.71	5.9	1.18	6.0	1.8	서남서	250	11.1	1021.5	-	55	
2021-11-15 22:40:00	10.1	북서	319	17.75	0.62	6.3	0.87	6.0	2.1	서남서	246	11.1	1021.5	-	46	
2021-11-15 22:45:00	8.2	북서	323	17.75	0.73	6.1	1.16	5.5	1.6	서남서	247	11.2	1021.5	-	46	
2021-11-15 22:50:00	8.5	북서	325	17.75	0.75	6.3	1.04	7.0	1.8	서	260	11.1	1021.5	-	49	
2021-11-15 22:55:00	9.5	북북서	328	17.77	0.72	5.8	1.07	6.5	1.8	서남서	255	11.1	1021.5	-	29	
2021-11-15 23:00:00	14.6	북서	323	17.77	0.75	6.4	1.08	6.5	1.7	남서	228	11.1	1021.5	-	49	
2021-11-15 23:05:00	7.9	북북서	337	17.78	0.75	6.6	0.98	6.5	2.5	서남서	248	11.0	1021.5	-	33	
2021-11-15 23:10:00	9.9	북서	317	17.78	0.87	6.4	1.11	6.0	2.1	서남서	248	10.7	1021.4	-	40	
2021-11-15 23:15:00	11.8	북서	318	17.78	0.71	6.1	1.05	6.5	2.2	서남서	258	10.7	1021.4	-	53	
2021-11-15 23:20:00	9.5	북서	316	17.78	0.90	6.9	1.35	6.0	2.7	서남서	256	10.8	1021.4	-	52	
2021-11-15 23:25:00	10.4	북서	317	17.77	0.87	6.8	1.08	6.0	2.4	서남서	241	10.9	1021.3	-	39	
2021-11-15 23:30:00	12.0	북서	320	17.79	0.79	6.1	1.04	5.5	3.0	서남서	242	10.9	1021.3	-	33	
2021-11-15 23:35:00	9.4	북서	325	17.79	0.85	6.5	1.11	7.5	3.0	서남서	237	11.0	1021.4	-	40	
2021-11-15 23:40:00	10.9	북서	318	17.79	0.69	6.4	0.83	6.0	2.7	서남서	249	10.9	1021.4	-	48	
2021-11-15 23:45:00	14.0	북서	319	17.79	0.79	6.4	1.10	6.0	2.9	서남서	257	10.7	1021.3	-	50	
2021-11-15 23:50:00	13.6	북북서	326	17.80	0.75	6.5	1.02	6.5	2.2	서	263	10.4	1021.4	-	40	
2021-11-15 23:55:00	8.5	북서	307	17.79	0.78	6.1	1.05	6.5	2.1	서남서	257	10.6	1021.4	-	54	
2021-11-16 00:00:00	9.0	북서	322	17.79	0.74	6.5	1.03	5.0	2.2	서	270	10.9	1021.4	-	44	
2021-11-16 00:05:00	12.6	북북서	328	17.78	0.87	6.8	1.24	7.0	2.2	서	274	10.6	1021.4	-	46	
2021-11-16 00:10:00	6.6	북북서	331	17.78	0.76	6.6	1.02	6.5	2.8	서남서	254	10.7	1021.4	-	30	
2021-11-16 00:15:00	7.9	북북서	344	17.77	0.76	6.3	0.95	6.0	3.9	서남서	246	11.1	1021.4	-	30	
2021-11-16 00:20:00	8.9	북서	325	17.78	0.85	6.4	1.20	6.0	4.0	서남서	253	11.1	1021.4	-	48	
2021-11-16 00:25:00	9.2	북북서	333	17.77	0.75	6.5	1.28	6.5	4.1	서남서	249	11.1	1021.4	-	58	
2021-11-16 00:30:00	7.7	북북서	348	17.78	0.93	6.9	1.20	7.5	3.7	서남서	248	11.0	1021.4	-	42	
2021-11-16 00:35:00	10.2	북북서	341	17.78	0.75	6.3	1.11	6.0	3.6	서남서	242	11.4	1021.4	-	72	
2021-11-16 00:40:00	11.2	북북서	335	17.77	0.93	6.6	1.33	6.5	4.2	서남서	244	11.5	1021.3	-	67	
2021-11-16 00:45:00	11.1	북북서	342	17.79	0.95	6.7	1.25	7.0	3.7	서남서	244	11.3	1021.4	-	52	
2021-11-16 00:50:00	8.3	북서	315	17.79	0.91	6.4	1.17	5.5	3.4	서남서	242	11.5	1021.4	-	32	
2021-11-16 00:55:00	8.4	북서	323	17.78	0.81	6.5	0.94	7.0	3.3	서남서	241	11.2	1021.4	-	27	
2021-11-16 01:00:00	7.6	북서	325	17.80	0.98	6.9	1.39	6.0	3.3	서남서	252	11.1	1021.5	-	35	
2021-11-16 01:05:00	8.7	북서	321	17.80	0.98	6.9	1.45	7.5	3.7	서남서	250	11.2	1021.5	-	50	
2021-11-16 01:10:00	10.4	북북서	327	17.81	1.03	7.1	1.41	7.5	4.1	서	260	11.0	1021.6	-	38	
2021-11-16 01:15:00	10.8	북북서	328	17.82	1.05	6.5	1.36	7.0	4.3	서남서	252	11.0	1021.6	-	55	
2021-11-16 01:20:00	10.8	북서	323	17.81	0.82	6.2	1.10	6.0	3.8	서남서	248	11.0	1021.6	-	53	
2021-11-16 01:25:00	8.7	북서	323	17.82	0.99	7.0	1.23	7.5	2.4	서남서	249	11.4	1021.5	-	41	
2021-11-16 01:30:00	7.3	북서	306	17.82	1.03	6.7	1.58	6.5	2.5	서남서	247	11.6	1021.5	-	36	
2021-11-16 01:35:00	11.0	북서	323	17.83	0.96	6.8	1.43	6.0	3.5	남서	228	11.5	1021.6	-	34	
2021-11-16 01:40:00	8.7	북서	311	17.83	0.99	6.2	1.51	7.0	3.0	남서	233	11.8	1021.6	-	10	
2021-11-16 01:45:00	10.2	북서	316	17.84	1.01	6.5	1.16	6.5	2.9	서남서	237	11.7	1021.6	-	37	
2021-11-16 01:50:00	10.9	북서	318	17.83	1.24	6.9	1.70	6.5	2.8	남서	225	11.9	1021.5	-	32	
2021-11-16 01:55:00	10.1	북서	307	17.84	1.03	6.5	1.48	7.0	2.5	남서	218	12.1	1021.4	-	44	
2021-11-16 02:00:00	8.6	북서	308	17.83	1.16	7.0	1.45	7.5	1.7	남남서	210	12.2	1021.4	-	40	
2021-11-16 02:05:00	7.1	북서	314	17.83	1.14	6.9	1.58	6.5	1.8	남서	235	12.2	1021.5	-	28	
2021-11-16 02:10:00	10.1	북서	308	17.84	1.03	6.4	1.37	6.0	2.0	남서	232	12.4	1021.6	-	2	
2021-11-16 02:15:00	8.8	북북서	328	17.83	0.89	6.6	1.30	6.5	2.9	서남서	249	12.3	1021.7	-	33	
2021-11-16 02:20:00	12.4	북서	323	17.83	1.05	6.6	1.89	6.0	2.0	서남서	240	11.5	1021.7	-	22	
2021-11-16 02:25:00	8.6	북북서	337	17.83	0.86	6.6	1.28	6.5	2.0	서남서	253	11.4	1021.7	-	23	
2021-11-16 02:30:00	7.5	북서	323	17.82	0.86	6.5	1.20	6.0	1.7	서남서	250	11.6	1021.7	-	42	
2021-11-16 02:35:00	9.4	북서	313	17.82	1.15	6.5	1.57	6.5	1.6	서	275	11.6	1021.7	-	38	
2021-11-16 02:40:00	6.7	북북서	332	17.82	1.15	6.6	1.83	6.5	1.3	서	279	11.4	1021.7	-	37	
2021-11-16 02:45:00	10.9	북북서	331	17.81	1.15	6.6	1.74	7.0	1.1	서	272	11.2	1021.7	-	24	
2021-11-16 02:50:00	10.1	북북서	337	17.80	1.13	6.6	1.69	7.0	1.3	서	270	11.1	1021.6	-	33	
2021-11-16 02:55:00	12.6	북서	326	17.79	0.98	6.5	1.41	7.0	1.4	서	281	11.4	1021.6	-	40	
2021-11-16 03:00:00	13.3	북북서	334	17.79	1.16	7.0	1.50	7.0	1.8	서	264	11.9	1021.5	-	26	
2021-11-16 03:05:00	12.3	북서	324	17.78	1.00	6.3	1.64	6.0	2.4	서남서	251	11.7	1021.5	-	56	
2021-11-16 03:10:00	-	-	-	-	0.00	0.0	0.00	0.0	-	-	-	-	-	-	0	
2021-11-16 03:15:00	14.3	북북서	335	17.77	0.89	6.5	1.84	6.5	2.8	서남서	237	11.9	1021.5	-	28	
2021-11-16 03:20:00	8.7	북서	324	17.76	0.98	6.3	1.33	6.5	2.7	서	270	11.5	1021.5	-	20	
2021-11-16 03:25:00	15.5	북북서	329	17.74	1.11	7.3	1.81	6.5	2.8	서남서	257	11.2	1021.6	-	44	
2021-11-16 03:30:00	14.5	북서	326	17.73	1.06	6.5	1.62	6.5	3.2	서남서	253	11.0	1021.6	-	27	
2021-11-16 03:35:00	16.3	북북서	329	17.70	1.18	6.8	1.62	6.0	4.5	서남서	255	11.4	1021.6	-	28	
2021-11-16 03:40:00	12.5	북북서	329	17.65	0.95	6.7	1.31	7.0	4.0	서남서	248	11.5	1021.6	-	5	
2021-11-16 03:45:00	12.9	북북서	333	17.62	1.00	6.8	1.60	6.5	4.0	서남서	244	11.4	1021.6	-	46	
2021-11-16 03:50:00	15.3	북북서	336	17.59	1.02	7.0	1.49	7.0	4.2	서남서	244	11.5	1021.6	-	74	
2021-11-16 03:55:00	18.2	북북서	341	17.55	1.13	6.8	1.80	7.0	4.4	서남서	245	11.4	1021.6	-	42	
2021-11-16 04:00:00	17.5	북북서	329	17.52	1.16	7.0	1.60	7.0	4.4	서남서	244	11.4	1021.6	-	42	
2021-11-16 04:05:00	21.8	북북서	335	17.49	0.93	6.8	1.16	7.0	3.5	서남서	248	11.5	1021.6	-	17	
2021-11-16 04:10:00	24.1	북서	326	17.51	1.12	6.8	1.38	6.5	3.0	서남서	251	11.7	1021.5	-	28	
2021-11-16 04:15:00	22.2	북북서	332	17.50	1.01	6.8	1.50	6.5	2.8	서남서	246	11.9	1021.5	-	25	
2021-11-16 04:20:00	21.5	북서	325	17.51	1.09	6.8	1.55	7.0	2.8	남서	231	12.0	1021.4	-	31	
2021-11-16 04:25:00	30.3	북북서	336	17.49	1.10	7.3	1.32	7.5	2.3	남서	219	12.2	1021.4	-	28	
2021-11-16 04:30:00	31.0	북북서	336	17.52	0.99	7.2	1.15	6.0	1.9	남서	215	12.3	1021.4	-	44	
2021-11-16 04:35:00	33.0	북북서	334	17.58	0.85	6.2	1.12	6.5	2.1	서남서	244	12.3	1021.4	-	22	
2021-11-16 04:40:00	30.9	북서	325	17.63	1.37	6.9	1.79	7.5	2.6	서남서	244	11.9	1021.4	-	26	
2021-11-16 04:45:00	31.3	북북서	327	17.63	1.12	5.9	1.42	6.0	3.7	서남서	239	12.2	1021.3	-	16	
2021-11-16 04:50:00	28.0	북서	324	17.66	1.14	7.0	1.38	6.5	3.2	서남서	245	12.3	1021.3	-	41	
2021-11-16 04:55:00	29.2	북북서	327	17.70	1.03	6.5	1.58	6.0	3.1	서남서	250	12.2	1021.5	-	29	
2021-11-16 05:00:00	29.3	북북서	332	17.70	1.03	6.5	1.35	6.5	2.3	서	263	12.0	1021.5	-	26	
2021-11-16 05:05:00	31.0	북북서	329	17.75	1.37	6.6	1.92	7.5	1.8	서남서	258	11.7	1021.5	-	33	
2021-11-16 05:10:00	29.3	북북서	328	17.76	1.15	6.4	1.87	6.5	1.9	서	266	11.7	1021.4	-	21	
2021-11-16 05:15:00	26.3	북북서	329	17.75	1.11	6.5	1.58	6.5	2.4	서	261	12.0	1021.4	-	35	
2021-11-16 05:20:00	24.7	북서	320	17.75	0.98	6.5	1.26	6.5	3.7	서남서	250	12.2	1021.4	-	24	
2021-11-16 05:25:00	22.7	북북서	327	17.77	0.97	6.7	1.36	6.5	3.2	서	259	12.2	1021.5	-	44	
2021-11-16 05:30:00	27.9	북북서	332	17.81	0.84	6.4	1.22	7.5	2.8	서북서	283	12.2	1021.5	-	46	
2021-11-16 05:35:00	28.5	북북서	329	17.83	1.01	6.3	1.35	6.0	3.1	서북서	286	12.1	1021.5	-	27	
2021-11-16 05:40:00	28.1	북서	324	17.83	1.00	7.0	1.38	6.0	2.8	서북서	289	12.0	1021.5	-	34	
2021-11-16 05:45:00	26.4	북북서	330	17.82	1.03	6.7	1.35	6.5	2.9	서	277	11.9	1021.6	-	29	
2021-11-16 05:50:00	26.2	북북서	330	17.82	1.02	6.8	1.57	7.0	2.7	서	267	11.8	1021.6	-	42	
2021-11-16 05:55:00	27.2	북북서	333	17.80	0.94	6.4	1.26	6.5	2.4	서	266	11.8	1021.6	-	45	
2021-11-16 06:00:00	24.8	북서	323	17.79	1.10	6.8	1.54	7.0	2.4	서남서	255	11.7	1021.6	-	45	
2021-11-16 06:05:00	25.3	북서	326	17.79	1.05	7.0	1.53	7.0	2.6	서	264	11.5	1021.6	-	29	
2021-11-16 06:10:00	25.9	북서	320	17.77	0.94	6.4	1.58	6.0	3.4	서남서	252	11.5	1021.6	-	41	
2021-11-16 06:15:00	27.7	북서	324	17.78	1.05	6.5	1.47	6.0	3.6	서남서	245	11.7	1021.6	-	35	
2021-11-16 06:20:00	24.0	북북서	328	17.76	0.89	7.0	1.22	6.5	3.8	서남서	250	11.7	1021.6	-	32	
2021-11-16 06:25:00	24.7	북서	323	17.73	1.00	7.0	1.43	6.5	4.3	서남서	249	11.7	1021.7	-	16	
2021-11-16 06:30:00	27.6	북서	321	17.71	0.86	6.7	1.09	6.5	3.9	서남서	247	11.5	1021.7	-	18	
2021-11-16 06:35:00	29.0	북북서	331	17.70	0.89	6.2	1.16	7.0	3.7	서남서	246	11.2	1021.8	-	41	
2021-11-16 06:40:00	27.5	북북서	332	17.71	0.85	6.3	1.19	8.0	3.8	서남서	247	11.2	1021.9	-	351	
2021-11-16 06:45:00	26.7	북북서	328	17.70	0.96	6.4	1.25	7.0	4.2	서남서	250	11.4	1022.0	-	31	
2021-11-16 06:50:00	22.6	북북서	336	17.69	0.84	6.4	1.15	5.5	3.8	서남서	248	11.2	1022.0	-	19	
2021-11-16 06:55:00	22.6	북북서	334	17.68	0.77	6.3	1.20	6.0	3.6	서남서	248	11.3	1022.1	-	55	
2021-11-16 07:00:00	21.4	북북서	341	17.68	0.99	6.3	1.32	6.5	3.7	서남서	245	11.3	1022.1	-	29	
2021-11-16 07:05:00	24.6	북북서	339	17.69	0.91	6.5	1.30	6.5	3.9	서남서	244	11.6	1022.1	-	25	
2021-11-16 07:10:00	21.1	북북서	335	17.67	0.72	6.3	0.98	5.0	3.8	남서	234	11.3	1022.1	-	16	
2021-11-16 07:15:00	24.9	북북서	338	17.68	0.95	6.2	1.28	7.0	3.4	남서	227	11.4	1022.1	-	339	
2021-11-16 07:20:00	22.0	북북서	332	17.66	1.06	6.6	1.62	6.0	3.5	남서	231	11.5	1022.1	-	19	
2021-11-16 07:25:00	24.8	북북서	327	17.70	0.96	6.6	1.32	6.0	3.6	남서	230	11.5	1022.1	-	356	
2021-11-16 07:30:00	23.5	북북서	329	17.74	0.70	6.4	0.96	6.5	3.9	남서	227	11.2	1022.1	-	42	
2021-11-16 07:35:00	21.3	북북서	332	17.75	0.74	6.1	1.06	5.5	3.9	서남서	237	11.0	1022.3	-	8	
2021-11-16 07:40:00	23.7	북북서	333	17.74	0.87	6.4	1.11	7.0	4.1	서남서	238	10.6	1022.3	-	51	
2021-11-16 07:45:00	18.3	북서	323	17.74	0.74	6.2	0.98	6.0	4.6	서남서	245	10.6	1022.4	-	46	
2021-11-16 07:50:00	20.5	북서	324	17.73	0.71	6.2	0.99	6.0	5.1	남서	230	10.9	1022.4	-	38	
2021-11-16 07:55:00	20.8	북서	326	17.73	0.84	6.5	1.04	4.5	4.2	서남서	243	11.1	1022.6	-	22	
2021-11-16 08:00:00	20.0	북북서	333	17.70	0.76	6.2	1.08	6.0	4.0	서남서	250	11.0	1022.6	-	49	
2021-11-16 08:05:00	17.9	북서	325	17.70	0.80	6.7	1.00	6.0	4.3	서남서	243	11.3	1022.7	-	12	
2021-11-16 08:10:00	15.8	북서	316	17.69	0.87	6.5	1.18	6.5	4.9	서남서	240	11.3	1022.7	-	22	
2021-11-16 08:15:00	14.8	북서	325	17.68	0.88	6.7	1.67	6.5	4.7	남서	233	11.4	1022.7	-	29	
2021-11-16 08:20:00	16.1	북북서	328	17.68	0.89	6.4	1.18	6.0	5.3	남서	228	11.7	1022.7	-	30	
2021-11-16 08:25:00	22.2	북서	319	17.67	0.68	6.0	0.91	5.0	4.4	남서	229	11.6	1022.8	-	7	
2021-11-16 08:30:00	20.6	북서	319	17.70	0.84	6.0	1.13	6.5	4.5	남서	233	11.8	1022.9	-	28	
2021-11-16 08:35:00	21.9	북서	324	17.72	0.82	6.4	0.98	7.0	4.4	남서	232	11.8	1022.9	-	32	
2021-11-16 08:40:00	16.9	북서	317	17.73	0.92	6.5	1.45	6.0	4.1	서남서	237	12.0	1023.0	-	31	
2021-11-16 08:45:00	18.4	북서	316	17.73	0.67	5.6	0.89	7.0	4.7	서남서	242	12.0	1023.0	-	50	
2021-11-16 08:50:00	14.5	북서	313	17.74	0.80	6.5	0.97	6.5	4.1	서남서	251	11.9	1023.1	-	36	
2021-11-16 08:55:00	12.4	북서	321	17.73	0.84	6.3	1.14	6.0	4.5	서남서	245	11.9	1023.1	-	34	
2021-11-16 09:00:00	13.1	북서	317	17.74	0.68	5.8	0.88	6.0	4.2	서남서	242	12.0	1023.0	-	37	
2021-11-16 09:05:00	13.3	북서	315	17.73	0.95	6.7	1.19	6.0	4.0	서남서	244	12.1	1023.0	-	26	
2021-11-16 09:10:00	15.4	북서	312	17.72	0.73	6.0	1.01	5.5	4.4	서남서	256	12.2	1023.1	-	48	
2021-11-16 09:15:00	9.2	서북서	298	17.75	0.68	6.0	0.85	6.0	3.6	서남서	253	12.1	1023.1	-	39	
2021-11-16 09:20:00	10.8	북서	311	17.75	0.65	6.0	0.78	6.5	2.9	서남서	242	12.3	1023.1	-	358	
2021-11-16 09:25:00	9.0	북서	323	17.76	0.71	6.3	1.06	7.0	2.6	서남서	244	12.6	1023.2	-	29	
2021-11-16 09:30:00	7.1	서북서	302	17.75	0.64	6.1	0.85	6.0	2.3	서남서	253	12.9	1023.3	-	21	
2021-11-16 09:35:00	8.7	북	351	17.74	0.87	6.6	1.36	6.0	2.0	서북서	286	13.2	1023.4	-	23	
2021-11-16 09:40:00	4.6	북서	308	17.74	0.76	6.7	1.14	6.0	2.1	서	281	13.4	1023.4	-	27	
2021-11-16 09:45:00	3.7	서북서	284	17.74	0.78	6.1	1.16	7.0	1.7	서남서	250	13.4	1023.4	-	39	
2021-11-16 09:50:00	6.6	북북서	341	17.74	0.72	6.4	0.87	5.5	1.3	서남서	251	13.7	1023.5	-	37	
2021-11-16 09:55:00	3.3	북	349	17.74	0.67	5.9	0.83	5.5	1.4	북서	309	13.1	1023.5	-	27	
2021-11-16 10:00:00	0.8	북북서	336	17.74	0.65	5.8	0.96	5.5	0.5	북서	317	13.2	1023.4	-	19	
2021-11-16 10:05:00	5.3	북북동	27	17.74	0.65	6.3	0.84	7.0	0.6	북북서	333	13.6	1023.4	-	30	
2021-11-16 10:10:00	1.5	남남동	161	17.74	0.66	6.0	0.96	6.0	0.5	북북서	340	13.6	1023.4	-	19	
2021-11-16 10:15:00	2.9	북동	38	17.74	0.65	6.4	1.14	5.5	0.7	북	1	13.8	1023.4	-	27	
2021-11-16 10:20:00	2.8	남동	124	17.75	0.83	6.3	1.10	6.0	0.6	북북동	30	13.8	1023.3	-	26	
2021-11-16 10:25:00	2.4	동	96	17.75	0.63	5.9	0.88	6.5	0.7	북	3	13.5	1023.3	-	27	
2021-11-16 10:30:00	1.5	북북동	18	17.75	0.71	6.2	1.18	5.5	0.8	북	358	13.7	1023.3	-	43	
2021-11-16 10:35:00	3.5	동	98	17.75	0.80	5.9	1.20	5.0	1.4	북	5	13.6	1023.4	-	39	
2021-11-16 10:40:00	3.4	동남동	118	17.75	0.79	5.9	1.25	6.0	0.6	북북서	342	13.7	1023.4	-	32	
2021-11-16 10:45:00	2.3	동	83	17.76	0.66	6.3	0.85	5.0	0.6	서북서	289	14.3	1023.3	-	55	
2021-11-16 10:50:00	1.5	동북동	64	17.76	0.73	5.9	0.98	5.0	1.6	북서	310	14.2	1023.4	-	32	
2021-11-16 10:55:00	2.2	동	82	17.76	0.75	6.4	1.32	5.0	2.8	북북서	328	13.8	1023.4	-	19	
2021-11-16 11:00:00	3.7	동남동	110	17.75	0.73	6.1	1.15	6.0	3.3	북서	312	13.9	1023.4	-	55	
2021-11-16 11:05:00	2.4	북북동	22	17.75	0.70	5.6	1.06	5.5	3.9	북북서	344	13.9	1023.4	-	57	
2021-11-16 11:10:00	1.7	북	0	17.75	0.86	5.8	1.27	5.5	3.6	북	0	13.7	1023.3	-	8	
2021-11-16 11:15:00	1.3	북북동	22	17.75	0.87	6.6	1.10	6.0	3.8	북	2	13.8	1023.2	-	42	
2021-11-16 11:20:00	2.6	북북동	31	17.75	0.78	5.7	1.07	6.0	3.7	북북서	342	13.7	1023.2	-	36	
2021-11-16 11:25:00	2.5	북북동	12	17.74	0.79	6.1	1.04	6.0	3.0	북북서	348	13.8	1023.2	-	39	
2021-11-16 11:30:00	2.7	북	359	17.74	0.75	6.4	1.14	6.0	3.3	북	357	14.0	1023.1	-	358	
2021-11-16 11:35:00	2.1	북	10	17.73	0.73	5.5	1.16	5.5	3.7	북북서	344	14.1	1023.0	-	45	
2021-11-16 11:40:00	0.1	서남서	246	17.73	0.66	5.5	0.80	6.5	3.7	북	2	14.1	1022.9	-	9	
2021-11-16 11:45:00	2.6	북북서	348	17.73	0.79	6.2	1.03	7.0	4.5	북	2	14.0	1022.8	-	27	
2021-11-16 11:50:00	3.0	북북서	332	17.73	0.74	5.6	1.13	5.5	4.5	북북동	19	13.8	1022.8	-	36	
2021-11-16 11:55:00	3.1	북북서	331	17.73	0.69	5.7	1.64	6.0	4.4	북	7	13.8	1022.8	-	54	
2021-11-16 12:00:00	5.0	북	11	17.73	0.72	6.0	1.01	5.5	3.7	북	2	13.9	1022.8	-	24	
2021-11-16 12:05:00	4.0	북북서	342	17.73	0.84	6.1	1.25	6.0	3.5	북	0	14.3	1022.7	-	39	
2021-11-16 12:10:00	6.1	북북서	328	17.73	0.90	6.1	1.27	5.5	3.3	북	9	14.3	1022.6	-	13	
2021-11-16 12:15:00	2.8	북	349	17.72	0.75	6.3	1.13	6.5	2.9	북	6	14.2	1022.6	-	34	
2021-11-16 12:20:00	5.2	북서	319	17.72	0.73	5.4	1.02	6.0	2.4	북	5	14.4	1022.5	-	41	
2021-11-16 12:25:00	7.1	북서	316	17.72	0.79	6.2	1.04	6.5	1.9	북	356	14.3	1022.5	-	16	
2021-11-16 12:30:00	3.4	서북서	300	17.72	0.75	5.9	1.26	6.0	2.6	북북동	12	14.3	1022.4	-	44	
2021-11-16 12:35:00	4.7	북북서	329	17.72	0.88	6.0	1.18	5.5	2.9	북	9	14.2	1022.3	-	63	
2021-11-16 12:40:00	4.2	북서	315	17.72	0.87	6.0	1.27	6.0	2.8	북	11	14.6	1022.2	-	42	
2021-11-16 12:45:00	7.8	서	281	17.73	0.82	6.4	1.10	7.0	3.2	북	11	14.3	1022.1	-	30	
2021-11-16 12:50:00	6.7	북서	324	17.74	0.76	5.9	1.12	5.5	3.1	북북동	24	14.5	1022.0	-	12	
2021-11-16 12:55:00	6.4	북서	307	17.74	0.75	5.9	1.23	6.0	3.6	북북동	24	14.6	1021.9	-	43	
2021-11-16 13:00:00	6.9	서북서	292	17.74	0.83	5.7	1.13	5.0	3.0	북북동	13	14.4	1021.9	-	17	
2021-11-16 13:05:00	6.9	서북서	297	17.73	0.68	5.5	0.98	6.0	3.6	북북동	23	14.3	1021.8	-	27	
2021-11-16 13:10:00	6.9	북서	316	17.73	0.67	5.5	0.81	5.5	3.4	북북동	29	14.4	1021.8	-	27	
2021-11-16 13:15:00	8.0	북서	309	17.72	0.77	6.2	1.33	5.5	3.7	북동	37	14.3	1021.7	-	45	
2021-11-16 13:20:00	4.4	서북서	298	17.72	0.65	5.8	0.95	5.0	3.9	북동	38	14.3	1021.7	-	48	
2021-11-16 13:25:00	6.0	북서	315	17.71	0.86	5.7	1.14	6.0	4.2	북동	40	14.2	1021.7	-	28	
2021-11-16 13:30:00	5.1	북서	317	17.71	0.78	5.7	1.10	6.0	3.2	북북동	31	14.4	1021.7	-	17	
2021-11-16 13:35:00	5.5	서북서	295	17.71	0.72	5.4	1.10	5.5	3.1	동북동	60	14.3	1021.6	-	6	
2021-11-16 13:40:00	8.9	서북서	288	17.72	0.89	5.7	1.14	6.0	3.0	북북동	32	14.4	1021.6	-	28	
2021-11-16 13:45:00	6.8	서북서	293	17.72	0.88	6.2	1.12	5.0	3.1	북동	43	14.2	1021.5	-	37	
2021-11-16 13:50:00	6.3	서북서	296	17.72	0.78	5.7	0.99	5.5	3.4	북북동	26	14.3	1021.5	-	44	
2021-11-16 13:55:00	-	-	-	-	-	-	-	-	-	-	-	-	-	-	-	
2021-11-16 14:00:00	14.4	북서	307	17.70	0.00	0.0	0.00	0.0	3.2	북동	56	14.6	1021.4	-	28	
2021-11-16 14:05:00	11.6	북북서	342	17.68	0.92	5.7	1.29	5.5	2.5	북동	36	14.5	1021.4	-	28	
2021-11-16 14:10:00	12.3	북서	326	17.67	0.76	5.3	1.04	5.0	2.7	북북동	14	14.9	1021.5	-	38	
2021-11-16 14:15:00	12.5	북북서	330	17.67	0.64	5.5	0.94	5.0	2.8	북북동	24	15.0	1021.5	-	55	
2021-11-16 14:20:00	14.7	북서	319	17.66	0.80	5.8	1.07	5.0	3.2	북북동	18	14.9	1021.4	-	46	
2021-11-16 14:25:00	14.3	북북서	335	17.66	0.73	5.2	1.02	5.0	3.2	북북동	33	14.9	1021.4	-	16	
2021-11-16 14:30:00	13.8	북북서	329	17.66	0.73	5.3	1.18	6.0	3.2	북	8	14.9	1021.4	-	24	
2021-11-16 14:35:00	15.3	북서	323	17.66	0.64	5.3	0.93	5.5	2.8	북북동	28	15.0	1021.4	-	32	
2021-11-16 14:40:00	12.0	북북서	328	17.66	0.80	5.6	1.17	5.0	3.5	북동	39	15.0	1021.4	-	50	
2021-11-16 14:45:00	12.6	북북서	340	17.67	0.93	5.4	1.18	5.0	3.4	북북동	25	15.0	1021.4	-	46	
2021-11-16 14:50:00	10.0	북서	315	17.66	0.72	5.3	1.26	5.0	4.4	북북동	18	14.9	1021.4	-	12	
2021-11-16 14:55:00	11.6	북북서	331	17.65	0.79	5.8	1.13	5.0	3.6	북	1	15.0	1021.4	-	50	
2021-11-16 15:00:00	9.2	북서	318	17.64	0.93	5.5	1.75	5.5	4.0	북북동	12	14.9	1021.5	-	57	
2021-11-16 15:05:00	14.5	북서	315	17.63	0.79	5.3	1.11	4.5	4.8	북북동	18	14.9	1021.5	-	40	
2021-11-16 15:10:00	14.6	북서	323	17.64	0.78	5.4	0.99	5.5	3.6	북	1	14.9	1021.6	-	22	
2021-11-16 15:15:00	14.1	북서	317	17.63	0.84	5.4	1.22	5.0	4.3	북북동	21	14.9	1021.6	-	13	
2021-11-16 15:20:00	16.5	북서	311	17.63	0.78	5.5	0.97	5.0	5.0	북북동	22	14.9	1021.6	-	28	
2021-11-16 15:25:00	14.9	서북서	296	17.64	0.79	5.4	1.13	5.5	5.2	북북동	15	14.7	1021.5	-	356	
2021-11-16 15:30:00	17.2	북서	306	17.65	0.85	5.2	1.16	5.5	4.6	북북동	18	14.8	1021.6	-	10	
2021-11-16 15:35:00	20.4	북서	307	17.65	0.80	4.9	1.25	5.5	4.1	북	11	14.8	1021.7	-	14	
2021-11-16 15:40:00	21.1	북서	304	17.64	0.82	5.1	1.02	5.0	4.6	북	4	14.8	1021.7	-	41	
2021-11-16 15:45:00	20.6	북서	305	17.64	0.84	5.0	1.12	4.5	5.1	북	7	14.7	1021.7	-	329	
2021-11-16 15:50:00	19.4	서북서	300	17.63	0.86	5.1	1.35	5.5	5.6	북	8	14.6	1021.8	-	8	
2021-11-16 15:55:00	21.3	북서	306	17.67	0.84	5.4	1.15	4.5	4.6	북	350	14.7	1021.8	-	47	
2021-11-16 16:00:00	22.4	북서	315	17.67	1.01	5.1	1.37	5.5	4.6	북	10	14.6	1021.9	-	28	
2021-11-16 16:05:00	20.8	북서	314	17.65	0.75	5.2	1.18	6.0	4.7	북	356	14.6	1021.9	-	31	
2021-11-16 16:10:00	19.9	북서	317	17.64	0.78	4.8	1.28	4.5	4.2	북	356	14.5	1021.9	-	133	
2021-11-16 16:15:00	19.5	북서	314	17.63	0.80	4.9	1.41	5.0	4.6	북	350	14.5	1021.9	-	50	
2021-11-16 16:20:00	17.7	북서	312	17.63	0.76	5.1	1.14	5.5	4.4	북북서	343	14.3	1022.0	-	21	
2021-11-16 16:25:00	17.5	북서	317	17.61	0.87	5.4	1.09	5.0	4.4	북	358	14.3	1022.0	-	11	
2021-11-16 16:30:00	19.3	북서	310	17.61	0.82	5.1	1.30	5.5	4.4	북	350	14.2	1022.1	-	17	
2021-11-16 16:35:00	17.8	북서	316	17.61	0.83	5.2	1.04	5.5	4.7	북북서	343	14.1	1022.1	-	5	
2021-11-16 16:40:00	20.2	북서	318	17.61	0.80	5.1	1.00	4.5	5.0	북	350	14.0	1022.1	-	359	
2021-11-16 16:45:00	15.9	북서	311	17.59	0.71	4.9	0.87	4.5	4.3	북	350	13.9	1022.1	-	18	
2021-11-16 16:50:00	12.9	북서	322	17.59	0.72	4.8	1.36	5.0	5.2	북북서	340	13.9	1022.1	-	9	
2021-11-16 16:55:00	10.8	북서	325	17.58	0.83	4.9	1.12	4.5	4.5	북북서	336	13.7	1022.2	-	67	
2021-11-16 17:00:00	11.4	북북서	346	17.59	0.73	4.8	0.91	4.0	4.5	북북서	341	13.6	1022.2	-	308	
2021-11-16 17:05:00	-	-	-	-	-	-	-	-	-	-	-	-	-	-	-	
2021-11-16 17:10:00	10.8	북	355	17.59	0.42	3.8	0.85	3.8	5.3	북북서	328	13.5	1022.3	-	117	
2021-11-16 17:15:00	9.5	북북서	341	17.56	0.80	5.1	1.12	5.0	4.5	북북서	337	13.6	1022.3	-	39	
2021-11-16 17:20:00	8.6	북북서	342	17.55	0.84	5.1	1.31	5.0	4.7	북북서	338	13.5	1022.4	-	11	
2021-11-16 17:25:00	3.9	북	6	17.55	0.69	5.1	1.12	4.5	4.5	북북서	346	13.4	1022.4	-	48	
2021-11-16 17:30:00	6.5	북북서	346	17.54	0.72	5.0	1.28	6.0	4.2	북	353	13.3	1022.5	-	326	
2021-11-16 17:35:00	7.2	북	352	17.53	0.73	5.0	1.01	5.0	5.0	북북서	330	13.4	1022.5	-	351	
2021-11-16 17:40:00	8.3	북	9	17.53	0.68	5.0	1.01	5.5	4.4	북서	325	13.5	1022.6	-	348	
2021-11-16 17:45:00	6.1	북	356	17.52	0.75	5.1	1.07	5.0	4.2	북서	319	13.2	1022.7	-	26	
2021-11-16 17:50:00	7.9	북	8	17.52	0.84	4.9	1.00	5.5	4.3	서북서	303	12.9	1022.8	-	1	
2021-11-16 17:55:00	6.7	북	5	17.52	0.82	4.9	1.14	5.5	5.0	서북서	293	12.8	1022.9	-	56	
2021-11-16 18:00:00	5.6	북북동	13	17.52	0.68	4.9	0.92	5.0	5.2	서북서	294	12.6	1022.9	-	35	
2021-11-16 18:05:00	5.0	북	7	17.52	0.71	5.2	0.92	4.5	5.6	서북서	299	12.6	1023.0	-	358	
2021-11-16 18:10:00	6.4	북	2	17.53	0.86	5.0	1.16	5.5	4.9	서북서	298	12.5	1023.0	-	54	
2021-11-16 18:15:00	2.9	북	4	17.51	0.75	5.1	1.30	5.0	5.0	서북서	295	12.4	1023.1	-	9	
2021-11-16 18:20:00	6.6	북동	38	17.51	0.76	5.1	1.08	5.0	4.8	서북서	289	12.2	1023.2	-	358	
2021-11-16 18:25:00	3.9	북북동	14	17.51	0.69	5.3	0.90	5.0	4.9	서북서	293	12.1	1023.2	-	24	
2021-11-16 18:30:00	5.1	북	11	17.51	0.81	4.9	1.01	5.0	4.8	서북서	292	12.1	1023.3	-	119	
2021-11-16 18:35:00	3.6	북	353	17.50	0.84	5.4	1.06	5.5	4.7	서북서	288	12.1	1023.3	-	38	
2021-11-16 18:40:00	6.0	북북동	24	17.50	0.70	5.0	0.98	5.0	4.5	서북서	288	12.0	1023.3	-	52	
2021-11-16 18:45:00	2.2	북	353	17.49	0.93	5.1	1.25	5.5	4.6	서북서	285	12.0	1023.4	-	17	
2021-11-16 18:50:00	5.0	북북서	348	17.49	0.89	5.1	1.34	4.5	4.6	서북서	287	12.0	1023.4	-	17	
2021-11-16 18:55:00	9.3	북	360	17.48	0.85	5.1	1.86	5.0	4.2	서북서	282	12.1	1023.4	-	25	
2021-11-16 19:00:00	5.8	북	359	17.48	0.72	5.0	0.98	5.0	4.0	서	274	11.9	1023.5	-	17	
2021-11-16 19:05:00	7.7	북	355	17.48	0.76	5.1	1.17	4.5	3.8	서	264	11.7	1023.5	-	64	
2021-11-16 19:10:00	6.7	북	350	17.47	0.85	5.2	1.31	4.5	3.6	서남서	256	11.6	1023.6	-	19	
2021-11-16 19:15:00	2.5	서북서	298	17.46	0.86	5.2	1.18	5.5	3.5	서남서	252	11.4	1023.7	-	7	
2021-11-16 19:20:00	3.1	북서	326	17.46	0.92	5.2	1.29	5.5	3.5	서남서	251	11.4	1023.7	-	350	
2021-11-16 19:25:00	3.7	북서	322	17.45	0.88	5.4	1.55	5.5	3.4	서남서	256	11.4	1023.7	-	0	
2021-11-16 19:30:00	6.7	북서	317	17.44	0.84	5.0	1.07	5.0	3.5	서남서	253	11.4	1023.8	-	80	
2021-11-16 19:35:00	6.8	북북서	336	17.42	0.90	5.4	1.19	4.5	3.8	서남서	253	11.3	1023.8	-	9	
2021-11-16 19:40:00	7.8	북북서	335	17.42	0.84	5.2	1.07	4.5	3.7	서남서	247	11.2	1023.8	-	23	
2021-11-16 19:45:00	9.8	북북서	346	17.42	0.77	5.6	1.07	5.0	3.8	서남서	244	10.9	1023.8	-	57	
2021-11-16 19:50:00	10.3	북북서	333	17.42	0.71	5.3	1.23	5.5	4.5	서남서	240	10.9	1023.8	-	32	
2021-11-16 19:55:00	12.1	북북서	337	17.42	0.93	5.0	1.21	5.0	4.5	서남서	242	10.6	1023.9	-	356	
2021-11-16 20:00:00	11.3	북북서	337	17.42	0.76	5.3	1.16	5.5	4.2	서남서	244	10.5	1023.9	-	21	
2021-11-16 20:05:00	12.3	북북서	341	17.42	0.83	5.6	1.06	5.5	4.4	서남서	243	10.5	1023.9	-	359	
2021-11-16 20:10:00	11.9	북북서	328	17.41	0.86	5.4	1.23	5.0	4.7	서남서	243	10.5	1023.9	-	11	
2021-11-16 20:15:00	13.8	북서	320	17.43	0.73	5.4	0.96	5.0	4.2	서남서	242	10.5	1024.0	-	2	
2021-11-16 20:20:00	8.9	북	356	17.43	0.77	4.9	1.01	5.0	4.6	서남서	244	10.4	1024.0	-	333	
2021-11-16 20:25:00	15.0	북북서	336	17.44	0.78	5.5	0.99	6.0	4.6	서남서	245	10.4	1024.0	-	51	
2021-11-16 20:30:00	11.2	북서	325	17.44	0.73	5.3	1.04	4.5	4.8	서남서	243	10.4	1024.0	-	6	
2021-11-16 20:35:00	10.3	북북서	343	17.43	0.86	5.2	1.32	6.0	4.8	서남서	242	10.3	1024.0	-	26	
2021-11-16 20:40:00	11.9	북북서	333	17.42	0.74	5.1	1.11	5.0	4.7	서남서	244	10.3	1024.1	-	24	
2021-11-16 20:45:00	10.0	북북서	332	17.41	0.76	5.1	0.92	5.5	4.9	서남서	240	10.2	1024.1	-	332	
2021-11-16 20:50:00	6.8	북북서	343	17.39	0.78	5.3	1.10	5.0	4.5	서남서	245	10.3	1024.1	-	14	
2021-11-16 20:55:00	11.9	북북서	341	17.39	0.86	5.0	1.25	5.0	4.3	서남서	244	10.2	1024.1	-	52	
2021-11-16 21:00:00	7.0	북	357	17.39	0.88	5.2	1.20	5.0	4.6	서남서	238	10.2	1024.2	-	22	
2021-11-16 21:05:00	15.0	북서	320	17.37	0.79	4.9	1.19	5.0	4.3	서남서	237	10.1	1024.2	-	26	
2021-11-16 21:10:00	19.1	북북서	331	17.39	0.79	5.3	1.28	4.5	4.2	서남서	242	10.3	1024.3	-	30	
2021-11-16 21:15:00	17.4	북북서	333	17.42	0.88	5.3	1.32	5.0	4.7	서남서	241	10.1	1024.3	-	44	
2021-11-16 21:20:00	15.9	북북서	331	17.42	0.77	5.2	1.21	5.0	4.9	서남서	240	10.2	1024.4	-	22	
2021-11-16 21:25:00	16.6	북북서	339	17.42	0.71	5.2	0.90	5.5	4.9	서남서	243	10.1	1024.4	-	43	
2021-11-16 21:30:00	10.9	북	351	17.42	0.74	5.3	0.92	5.0	4.3	서남서	243	10.1	1024.4	-	352	
2021-11-16 21:35:00	11.7	북북서	329	17.41	0.91	5.3	1.40	6.0	4.4	서남서	242	10.1	1024.5	-	359	
2021-11-16 21:40:00	12.1	북북서	336	17.41	0.88	5.3	1.95	5.5	4.3	서남서	242	10.1	1024.5	-	14	
2021-11-16 21:45:00	12.4	북북서	341	17.41	0.70	5.3	1.01	5.5	4.4	서남서	244	10.1	1024.4	-	16	
2021-11-16 21:50:00	12.3	북북서	341	17.40	0.80	5.2	1.01	5.5	4.2	서남서	240	10.2	1024.4	-	11	
2021-11-16 21:55:00	13.1	북북서	347	17.39	0.90	5.2	1.10	5.0	4.5	서남서	238	10.1	1024.5	-	15	
2021-11-16 22:00:00	9.0	북북서	341	17.39	0.88	5.3	1.34	5.0	4.4	서남서	246	10.1	1024.5	-	353	
2021-11-16 22:05:00	9.9	북서	324	17.38	0.66	5.4	0.95	5.0	3.9	서남서	247	10.3	1024.5	-	16	
2021-11-16 22:10:00	13.8	북북서	331	17.36	0.70	5.2	0.99	5.5	3.9	서남서	246	10.2	1024.5	-	352	
2021-11-16 22:15:00	20.8	북북서	328	17.38	0.73	5.1	0.87	5.5	3.9	서남서	248	10.2	1024.5	-	12	
2021-11-16 22:20:00	19.4	북북서	329	17.39	0.79	5.3	1.17	5.0	4.0	서남서	246	10.1	1024.5	-	29	
2021-11-16 22:25:00	19.8	북북서	338	17.37	0.68	5.4	0.87	4.0	3.9	서남서	244	10.2	1024.5	-	20	
2021-11-16 22:30:00	15.3	북북서	333	17.37	0.74	5.5	1.04	5.0	3.9	서남서	251	10.2	1024.5	-	32	
2021-11-16 22:35:00	15.5	북서	324	17.36	0.94	5.4	1.39	5.0	3.8	서남서	247	9.8	1024.5	-	16	
2021-11-16 22:40:00	15.8	북서	324	17.35	0.82	5.3	1.06	5.5	4.0	서남서	243	9.8	1024.5	-	23	
2021-11-16 22:45:00	18.3	북서	320	17.35	0.67	5.2	0.92	5.0	4.1	남서	235	9.5	1024.5	-	36	
2021-11-16 22:50:00	33.8	북서	321	17.53	0.74	4.9	1.16	5.5	4.0	남서	231	9.3	1024.4	-	355	
2021-11-16 22:55:00	35.9	북서	323	17.62	0.79	5.4	1.21	5.0	4.0	남서	232	9.3	1024.4	-	27	
2021-11-16 23:00:00	36.6	북서	326	17.62	0.64	5.2	0.93	6.0	4.5	남서	234	9.4	1024.4	-	347	
2021-11-16 23:05:00	36.1	북서	321	17.63	0.71	5.3	0.98	5.5	5.0	남서	236	9.1	1024.4	-	12	
2021-11-16 23:10:00	31.9	북서	321	17.61	0.75	5.2	1.39	5.5	4.6	서남서	237	9.2	1024.4	-	6	
2021-11-16 23:15:00	31.2	북서	320	17.59	0.70	5.3	1.23	4.5	4.7	서남서	237	9.1	1024.4	-	18	
2021-11-16 23:20:00	30.4	북서	324	17.56	0.72	5.5	1.10	5.5	4.6	서남서	239	9.1	1024.4	-	60	
2021-11-16 23:25:00	30.4	북서	322	17.52	0.59	5.3	0.76	5.0	4.7	서남서	242	9.3	1024.3	-	334	
2021-11-16 23:30:00	26.2	북서	326	17.49	0.64	5.5	0.85	5.5	5.0	서남서	241	9.1	1024.3	-	43	
2021-11-16 23:35:00	23.5	북서	324	17.46	0.79	5.3	1.02	4.5	5.1	서남서	240	9.2	1024.3	-	56	
2021-11-16 23:40:00	25.8	북북서	332	17.44	0.67	5.4	0.83	5.0	4.8	서남서	238	9.2	1024.2	-	106	
2021-11-16 23:45:00	21.4	북북서	329	17.43	0.67	5.3	0.84	5.0	5.1	서남서	238	9.0	1024.3	-	53	
2021-11-16 23:50:00	20.2	북북서	330	17.42	0.81	5.1	1.22	4.5	5.0	서남서	239	9.3	1024.3	-	17	
2021-11-16 23:55:00	18.6	북서	326	17.40	0.68	5.3	0.88	6.0	5.1	서남서	240	9.4	1024.3	-	63	
2021-11-17 00:00:00	18.5	북북서	334	17.36	0.69	5.2	0.99	5.5	5.0	서남서	239	9.5	1024.4	-	28	
2021-11-17 00:05:00	19.5	북북서	341	17.32	0.74	5.2	1.16	5.0	4.7	서남서	240	9.4	1024.3	-	11	
2021-11-17 00:10:00	13.1	북북서	339	17.31	0.58	5.2	0.83	4.5	4.6	서남서	240	9.3	1024.3	-	56	
2021-11-17 00:15:00	17.1	북북서	339	17.30	0.73	5.5	1.04	5.0	4.6	서남서	244	9.2	1024.3	-	59	
2021-11-17 00:20:00	17.4	북북서	343	17.31	0.68	5.0	0.88	5.5	4.7	서남서	240	9.2	1024.3	-	352	
2021-11-17 00:25:00	17.6	북북서	337	17.30	0.62	5.1	0.86	5.5	4.6	서남서	239	9.3	1024.4	-	34	
2021-11-17 00:30:00	16.8	북북서	336	17.31	0.69	5.4	0.89	5.5	4.4	서남서	239	9.3	1024.4	-	14	
2021-11-17 00:35:00	17.4	북북서	336	17.32	0.59	5.3	0.79	4.5	4.3	남서	234	9.3	1024.4	-	46	
2021-11-17 00:40:00	20.8	북북서	335	17.30	0.69	5.1	0.96	5.0	4.0	남서	234	9.3	1024.4	-	25	
2021-11-17 00:45:00	27.6	북서	322	17.36	0.71	5.4	1.06	5.0	3.9	남서	235	9.2	1024.5	-	62	
2021-11-17 00:50:00	27.7	북북서	330	17.38	0.70	5.1	1.04	5.0	4.3	서남서	237	9.1	1024.4	-	18	
2021-11-17 00:55:00	30.3	북서	326	17.39	0.73	5.3	0.98	5.0	4.6	서남서	237	9.1	1024.4	-	73	
2021-11-17 01:00:00	25.9	북북서	329	17.39	0.62	5.2	1.07	5.5	4.4	남서	234	9.3	1024.4	-	347	
2021-11-17 01:05:00	28.5	북북서	333	17.36	0.66	4.9	0.88	4.5	4.7	남서	222	9.3	1024.3	-	5	
2021-11-17 01:10:00	27.0	북북서	331	17.36	0.61	5.2	0.80	4.5	4.5	남서	224	9.1	1024.4	-	328	
2021-11-17 01:15:00	24.8	북북서	336	17.34	0.62	4.9	0.78	5.0	4.2	남서	225	8.9	1024.4	-	69	
2021-11-17 01:20:00	22.8	북북서	329	17.41	0.52	5.2	0.86	4.5	4.3	남서	231	9.1	1024.4	-	29	
2021-11-17 01:25:00	22.2	북북서	337	17.37	0.59	5.0	0.93	5.5	3.9	남서	231	9.1	1024.4	-	29	
2021-11-17 01:30:00	21.9	북북서	330	17.39	0.68	5.2	0.87	5.5	4.1	남서	222	9.1	1024.4	-	6	
2021-11-17 01:35:00	19.5	북북서	329	17.41	0.66	5.2	0.87	5.0	4.0	남서	227	8.9	1024.4	-	22	
2021-11-17 01:40:00	19.1	북서	326	17.41	0.58	5.2	0.72	5.0	3.9	서남서	237	8.8	1024.4	-	17	
2021-11-17 01:45:00	19.6	북서	326	17.41	0.52	5.3	0.63	5.0	3.8	서남서	239	8.6	1024.4	-	53	
2021-11-17 01:50:00	20.7	북북서	331	17.39	0.56	5.1	0.73	5.0	3.9	서남서	242	8.6	1024.5	-	347	
2021-11-17 01:55:00	15.5	북북서	334	17.38	0.57	5.1	0.74	5.5	4.0	서남서	240	8.6	1024.5	-	5	
2021-11-17 02:00:00	17.4	북북서	333	17.39	0.60	5.2	0.76	5.0	3.6	서남서	242	8.7	1024.6	-	24	
2021-11-17 02:05:00	14.2	북서	320	17.36	0.56	5.1	0.95	5.0	3.8	서남서	243	8.6	1024.6	-	44	
2021-11-17 02:10:00	19.6	북서	326	17.40	0.56	5.0	0.84	5.0	4.4	서남서	240	8.5	1024.5	-	68	
2021-11-17 02:15:00	19.3	북북서	329	17.42	0.53	4.9	0.70	4.5	5.1	서남서	239	8.5	1024.5	-	68	
2021-11-17 02:20:00	19.8	북북서	332	17.38	0.51	5.1	0.74	5.0	5.2	서남서	240	8.6	1024.6	-	79	
2021-11-17 02:25:00	16.7	북북서	329	17.38	0.57	5.3	0.84	5.0	5.0	서남서	242	8.6	1024.6	-	58	
2021-11-17 02:30:00	16.5	북북서	337	17.36	0.47	5.5	0.65	5.5	5.3	서남서	244	8.5	1024.6	-	77	
2021-11-17 02:35:00	17.6	북북서	331	17.36	0.57	5.2	0.80	5.0	5.0	서남서	241	8.4	1024.6	-	53	
2021-11-17 02:40:00	14.7	북북서	327	17.35	0.52	5.3	0.65	4.5	5.0	서남서	240	8.6	1024.5	-	351	
2021-11-17 02:45:00	13.8	북북서	333	17.32	0.49	5.5	0.71	5.5	4.9	서남서	238	8.5	1024.6	-	12	
2021-11-17 02:50:00	12.3	북서	326	17.31	0.58	5.1	0.80	5.0	4.9	서남서	242	8.4	1024.6	-	26	
2021-11-17 02:55:00	9.4	북북서	332	17.31	0.56	5.4	0.76	5.0	5.4	서남서	246	8.4	1024.6	-	356	
2021-11-17 03:00:00	13.6	북서	325	17.31	0.57	5.1	0.81	5.0	5.4	서남서	245	8.4	1024.6	-	33	
2021-11-17 03:05:00	11.2	북서	324	17.30	0.50	5.4	0.81	5.0	5.4	서남서	240	8.3	1024.6	-	56	
2021-11-17 03:10:00	11.4	북북서	332	17.28	0.53	5.2	0.68	5.5	5.1	서남서	240	8.4	1024.6	-	46	
2021-11-17 03:15:00	9.7	북서	326	17.28	0.53	5.0	0.80	4.5	5.2	서남서	242	8.6	1024.6	-	15	
2021-11-17 03:20:00	7.1	북북서	331	17.27	0.59	5.5	0.99	5.0	5.2	서남서	242	8.6	1024.6	-	36	
2021-11-17 03:25:00	9.5	북	350	17.27	0.46	5.0	0.75	5.0	5.3	서남서	240	8.6	1024.5	-	105	
2021-11-17 03:30:00	4.9	북서	315	17.26	0.57	5.4	0.80	5.0	5.2	서남서	242	8.6	1024.5	-	63	
2021-11-17 03:35:00	8.3	북북서	329	17.25	0.48	5.1	0.76	5.5	5.0	서남서	243	8.6	1024.5	-	52	
2021-11-17 03:40:00	8.2	북서	325	17.25	0.47	5.4	0.67	5.0	5.2	서남서	244	8.6	1024.5	-	67	
2021-11-17 03:45:00	8.4	북서	324	17.26	0.50	5.6	0.71	6.0	5.1	서남서	242	8.6	1024.5	-	47	
2021-11-17 03:50:00	7.4	북북서	335	17.26	0.58	5.4	0.76	5.5	5.1	서남서	242	8.5	1024.4	-	51	
2021-11-17 03:55:00	7.1	북북서	347	17.24	0.55	5.2	0.73	5.0	5.1	서남서	240	8.5	1024.4	-	67	
2021-11-17 04:00:00	7.2	북북서	337	17.27	0.43	5.4	0.56	6.0	5.1	서남서	240	8.5	1024.4	-	289	
2021-11-17 04:05:00	8.5	북북서	335	17.27	0.53	5.3	0.73	5.0	5.3	서남서	238	8.7	1024.4	-	27	
2021-11-17 04:10:00	6.1	북북서	348	17.29	0.47	5.1	0.61	5.5	5.1	서남서	237	8.8	1024.4	-	38	
2021-11-17 04:15:00	6.1	북북서	346	17.28	0.51	5.2	0.75	5.0	5.0	서남서	241	8.8	1024.3	-	23	
2021-11-17 04:20:00	7.5	북북서	340	17.26	0.56	5.3	0.77	5.0	5.5	서남서	242	8.7	1024.3	-	40	
2021-11-17 04:25:00	4.0	북	352	17.26	0.52	5.1	0.69	5.0	5.3	남서	235	8.9	1024.3	-	357	
2021-11-17 04:30:00	7.0	북	356	17.26	0.63	5.7	0.88	5.5	5.4	서남서	237	8.9	1024.3	-	36	
2021-11-17 04:35:00	9.2	북	6	17.26	0.64	5.5	1.04	5.5	5.2	서남서	244	8.6	1024.2	-	64	
2021-11-17 04:40:00	6.1	북	352	17.26	0.54	5.7	0.63	5.5	5.4	서남서	244	8.5	1024.2	-	48	
2021-11-17 04:45:00	4.5	북	9	17.26	0.56	5.6	0.81	5.0	5.3	서남서	243	8.6	1024.2	-	61	
2021-11-17 04:50:00	7.4	북	356	17.26	0.62	5.5	0.86	5.5	5.3	서남서	239	8.6	1024.2	-	86	
2021-11-17 04:55:00	5.6	북북서	348	17.25	0.59	5.6	0.91	5.5	5.4	서남서	240	8.8	1024.2	-	59	
2021-11-17 05:00:00	8.0	북	354	17.24	0.58	5.5	0.73	4.5	5.4	서남서	243	8.9	1024.2	-	36	
2021-11-17 05:05:00	8.0	북북서	339	17.23	0.61	5.3	0.96	5.0	5.4	서남서	243	8.7	1024.1	-	14	
2021-11-17 05:10:00	5.6	북북서	346	17.21	0.48	5.2	0.75	6.5	5.4	서남서	243	8.6	1024.1	-	2	
2021-11-17 05:15:00	7.8	북북서	334	17.23	0.57	5.5	0.75	6.0	5.4	서남서	242	8.4	1024.1	-	35	
2021-11-17 05:20:00	7.4	북북서	345	17.25	0.57	5.1	0.87	5.0	5.4	서남서	239	8.4	1024.2	-	51	
2021-11-17 05:25:00	6.1	북	2	17.23	0.58	5.4	0.77	5.5	5.1	서남서	237	8.5	1024.2	-	55	
2021-11-17 05:30:00	6.7	북	5	17.24	0.65	5.6	0.86	5.0	4.9	서남서	238	8.6	1024.2	-	58	
2021-11-17 05:35:00	5.8	북	349	17.22	0.56	5.7	1.20	6.0	5.1	서남서	248	8.5	1024.2	-	80	
2021-11-17 05:40:00	5.2	북북서	340	17.22	0.50	5.8	0.62	5.5	4.8	서남서	244	8.3	1024.3	-	51	
2021-11-17 05:45:00	6.9	북	352	17.20	0.54	6.0	0.86	5.0	5.0	서남서	243	8.3	1024.2	-	69	
2021-11-17 05:50:00	4.2	북	351	17.21	0.57	5.8	0.87	6.0	5.3	서남서	244	8.4	1024.3	-	62	
2021-11-17 05:55:00	4.6	북	357	17.18	0.66	5.8	0.80	5.5	5.4	서남서	245	8.4	1024.3	-	53	
2021-11-17 06:00:00	7.5	북북서	329	17.16	0.57	5.3	0.85	5.5	5.5	서남서	243	8.4	1024.2	-	49	
2021-11-17 06:05:00	4.2	북	354	17.14	0.64	5.4	0.82	5.0	5.2	서남서	242	8.5	1024.3	-	48	
2021-11-17 06:10:00	5.8	북북서	343	17.14	0.63	5.6	1.11	5.5	5.6	남서	232	8.6	1024.3	-	64	
2021-11-17 06:15:00	2.5	북서	324	17.12	0.59	5.5	0.86	5.5	5.4	남서	229	8.7	1024.2	-	61	
2021-11-17 06:20:00	5.1	북북서	347	17.12	0.54	5.6	0.84	5.0	5.0	남서	235	8.6	1024.1	-	46	
2021-11-17 06:25:00	4.5	북	8	17.11	0.64	5.8	0.87	5.0	5.4	서남서	242	8.7	1024.2	-	68	
2021-11-17 06:30:00	7.3	북서	321	17.11	0.59	5.5	0.88	5.5	5.3	서남서	245	8.4	1024.2	-	62	
2021-11-17 06:35:00	5.9	북북서	335	17.10	0.65	5.6	0.90	5.5	5.5	서남서	244	8.5	1024.2	-	52	
2021-11-17 06:40:00	6.0	북북서	341	17.10	0.60	5.6	0.92	6.0	5.6	서남서	243	8.4	1024.2	-	33	
2021-11-17 06:45:00	7.9	북북서	344	17.09	0.49	5.6	0.73	5.0	5.7	서남서	243	8.3	1024.2	-	43	
2021-11-17 06:50:00	4.1	북북서	344	17.13	0.51	5.6	0.90	5.5	6.1	서남서	242	8.3	1024.2	-	26	
2021-11-17 06:55:00	8.7	북북서	347	17.14	0.53	5.2	0.96	5.0	5.8	서남서	242	8.3	1024.2	-	341	
2021-11-17 07:00:00	7.7	북북서	337	17.17	0.52	5.1	0.77	5.5	6.0	서남서	243	8.3	1024.1	-	57	
2021-11-17 07:05:00	7.8	북북서	342	17.16	0.44	5.1	0.61	4.5	6.1	서남서	242	8.2	1024.2	-	39	
2021-11-17 07:10:00	6.1	북북서	338	17.17	0.46	5.1	0.73	5.0	6.3	서남서	246	8.2	1024.2	-	53	
2021-11-17 07:15:00	8.2	북	358	17.16	0.42	5.1	0.55	5.5	6.6	서남서	243	8.2	1024.2	-	52	
2021-11-17 07:20:00	7.4	북북서	340	17.17	0.53	5.5	0.79	5.5	6.2	서남서	245	8.3	1024.3	-	49	
2021-11-17 07:25:00	7.1	북서	325	17.16	0.50	5.5	0.69	6.0	6.4	서남서	244	8.2	1024.4	-	51	
2021-11-17 07:30:00	5.2	북북서	336	17.18	0.53	5.4	0.85	5.0	6.3	서남서	242	8.4	1024.4	-	65	
2021-11-17 07:35:00	8.0	북서	319	17.20	0.47	5.2	0.64	5.0	6.4	서남서	244	8.4	1024.3	-	41	
2021-11-17 07:40:00	7.5	북북서	338	17.20	0.54	5.1	0.73	5.0	6.5	서남서	243	8.4	1024.3	-	59	
2021-11-17 07:45:00	11.0	북서	323	17.19	0.51	5.3	0.90	5.0	6.5	서남서	244	8.5	1024.3	-	51	
2021-11-17 07:50:00	6.6	북서	324	17.21	0.52	5.4	0.61	5.0	6.3	서남서	240	8.6	1024.4	-	55	
2021-11-17 07:55:00	11.3	북서	324	17.19	0.56	5.6	0.74	4.5	5.9	서남서	238	8.9	1024.5	-	57	
2021-11-17 08:00:00	12.1	북북서	329	17.18	0.51	5.2	0.92	6.0	6.0	남서	236	9.1	1024.5	-	27	
2021-11-17 08:05:00	10.4	북북서	335	17.20	0.53	5.4	0.67	5.5	6.1	남서	236	9.1	1024.6	-	15	
2021-11-17 08:10:00	13.9	북서	323	17.19	0.53	5.9	0.76	6.0	6.0	서남서	239	9.1	1024.6	-	67	
2021-11-17 08:15:00	10.3	북서	312	17.20	0.50	5.3	0.66	4.5	6.3	서남서	240	9.2	1024.6	-	34	
2021-11-17 08:20:00	12.2	북서	323	17.19	0.49	5.7	0.61	5.0	6.1	서남서	237	9.2	1024.6	-	24	
2021-11-17 08:25:00	9.3	북서	326	17.19	0.57	5.5	0.79	5.0	5.7	남서	235	9.5	1024.6	-	62	
2021-11-17 08:30:00	9.2	북서	325	17.20	0.55	5.3	0.69	5.5	5.6	남서	230	9.3	1024.6	-	355	
2021-11-17 08:35:00	11.9	북북서	329	17.18	0.50	5.6	0.70	4.5	4.9	남서	231	9.3	1024.5	-	57	
2021-11-17 08:40:00	12.5	북서	319	17.18	0.48	5.4	0.65	5.5	5.2	남서	230	9.5	1024.5	-	36	
2021-11-17 08:45:00	10.7	북북서	327	17.18	0.50	5.2	0.70	5.0	5.6	남서	233	9.5	1024.5	-	65	
2021-11-17 08:50:00	9.9	북북서	327	17.17	0.50	5.1	0.81	5.5	5.3	남서	235	9.7	1024.5	-	35	
2021-11-17 08:55:00	10.6	북북서	335	17.17	0.50	5.4	0.76	5.5	5.7	남서	236	9.8	1024.5	-	41	
2021-11-17 09:00:00	11.0	북북서	342	17.17	0.51	5.5	0.77	5.5	5.7	남서	234	9.9	1024.5	-	42	
2021-11-17 09:05:00	9.9	북서	313	17.16	0.49	5.3	0.65	5.5	5.0	남서	232	10.0	1024.5	-	36	
2021-11-17 09:10:00	6.7	북북서	330	17.15	0.61	5.6	0.88	5.0	4.9	남서	230	10.2	1024.5	-	37	
2021-11-17 09:15:00	10.6	북서	324	17.14	0.57	5.7	0.73	7.5	5.3	남서	227	10.1	1024.5	-	70	
2021-11-17 09:20:00	14.0	북서	322	17.15	0.52	5.6	0.76	5.0	4.9	남서	234	10.3	1024.5	-	48	
2021-11-17 09:25:00	10.3	북서	308	17.17	0.66	5.8	1.04	5.5	5.0	남서	232	10.5	1024.5	-	63	
2021-11-17 09:30:00	12.2	북서	314	17.17	0.58	5.4	0.87	4.5	5.1	남서	232	10.5	1024.5	-	54	
2021-11-17 09:35:00	10.8	북서	324	17.16	0.61	5.5	0.79	6.0	5.0	남서	233	10.6	1024.4	-	52	
2021-11-17 09:40:00	11.6	북서	313	17.15	0.68	6.0	1.11	5.5	5.1	서남서	237	10.8	1024.4	-	56	
2021-11-17 09:45:00	10.0	북북서	329	17.13	0.59	5.6	0.79	5.5	5.3	남서	235	10.9	1024.4	-	51	
2021-11-17 09:50:00	8.1	북서	315	17.11	0.62	5.6	1.04	5.0	5.4	남서	235	11.1	1024.4	-	64	
2021-11-17 09:55:00	10.5	북서	321	17.09	0.72	5.4	1.01	5.5	4.9	남서	231	11.0	1024.3	-	32	
2021-11-17 10:00:00	12.1	북서	323	17.08	0.51	5.1	0.72	4.0	4.7	남서	235	11.2	1024.2	-	58	
2021-11-17 10:05:00	11.7	북서	321	17.08	0.58	5.3	0.77	5.5	4.3	서남서	238	11.3	1024.1	-	91	
2021-11-17 10:10:00	9.0	북북서	327	17.08	0.55	5.3	0.80	5.0	4.4	서남서	238	11.4	1024.1	-	88	
2021-11-17 10:15:00	10.9	북북서	330	17.08	0.53	6.0	0.68	6.0	4.8	남서	235	11.5	1024.2	-	45	
2021-11-17 10:20:00	9.0	북서	317	17.07	0.65	5.8	0.84	5.5	4.4	서남서	238	11.7	1024.2	-	20	
2021-11-17 10:25:00	7.6	북북서	330	17.06	0.66	5.6	0.83	5.5	4.5	서남서	238	11.8	1024.3	-	70	
2021-11-17 10:30:00	10.3	북북서	328	17.06	0.60	5.3	0.88	5.5	4.6	남서	236	11.9	1024.3	-	66	
2021-11-17 10:35:00	11.7	북북서	334	17.06	0.65	5.5	0.87	6.0	4.0	서남서	242	12.0	1024.2	-	57	
2021-11-17 10:40:00	6.3	북서	325	17.05	0.60	5.5	0.90	5.5	3.7	서남서	240	12.0	1024.1	-	51	
2021-11-17 10:45:00	8.5	북북서	326	17.05	0.55	5.4	0.66	4.0	3.7	남서	233	12.1	1024.0	-	75	
2021-11-17 10:50:00	7.4	북서	318	17.05	0.54	5.1	0.71	5.0	3.3	서남서	239	12.2	1024.0	-	77	
2021-11-17 10:55:00	7.5	북서	318	17.07	0.58	5.3	0.79	5.0	3.3	남서	226	12.3	1023.9	-	61	
2021-11-17 11:00:00	8.6	북	349	17.07	0.61	5.3	0.95	5.5	2.9	남서	230	12.4	1023.8	-	65	
2021-11-17 11:05:00	4.8	북서	321	17.08	0.57	5.2	0.84	5.0	2.6	남서	228	12.6	1023.8	-	69	
2021-11-17 11:10:00	5.8	북북서	340	17.10	0.62	5.3	0.72	4.5	2.1	남서	230	12.7	1023.6	-	58	
2021-11-17 11:15:00	6.7	북	9	17.11	0.69	5.5	0.88	6.0	2.1	서남서	241	12.9	1023.5	-	67	
2021-11-17 11:20:00	8.3	북북서	344	17.12	0.63	5.5	0.86	5.0	1.6	서남서	250	12.9	1023.4	-	77	
2021-11-17 11:25:00	6.8	북	354	17.12	0.61	5.4	0.75	6.0	0.8	서남서	242	13.1	1023.2	-	76	
2021-11-17 11:30:00	5.5	북	358	17.13	0.68	5.5	1.00	5.5	0.3	남서	220	13.6	1023.2	-	87	
2021-11-17 11:35:00	7.4	북북서	345	17.14	0.77	5.3	1.28	5.5	0.4	남서	224	13.8	1023.1	-	72	
2021-11-17 11:40:00	4.2	북북서	338	17.14	0.59	5.4	0.91	5.5	0.2	남서	229	14.1	1023.0	-	73	
2021-11-17 11:45:00	5.8	북북서	331	17.14	0.72	4.9	1.29	5.0	0.4	남동	132	14.2	1023.0	-	356	
2021-11-17 11:50:00	6.1	북북서	336	17.14	0.82	5.4	1.06	5.0	0.2	동남동	113	14.5	1022.9	-	73	
2021-11-17 11:55:00	6.3	북북서	337	17.15	0.71	5.5	0.91	5.0	0.8	동남동	111	14.4	1022.8	-	82	
2021-11-17 12:00:00	6.3	북북서	330	17.14	0.73	5.4	0.95	5.5	1.1	동남동	109	13.9	1022.6	-	65	
2021-11-17 12:05:00	6.5	북서	323	17.14	0.77	5.4	1.08	5.5	1.3	동남동	109	13.8	1022.4	-	51	
2021-11-17 12:10:00	9.4	북서	305	17.13	0.75	5.6	1.08	4.5	1.5	동	92	13.7	1022.2	-	64	
2021-11-17 12:15:00	8.0	북서	317	17.12	0.60	5.5	0.86	5.5	2.1	동	96	13.5	1022.1	-	68	
2021-11-17 12:20:00	4.3	북서	323	17.16	0.67	5.4	0.88	6.0	2.1	동	87	13.5	1022.0	-	57	
2021-11-17 12:25:00	6.6	북서	325	17.14	0.62	5.5	1.00	5.5	2.2	동	98	13.5	1021.9	-	81	
2021-11-17 12:30:00	7.6	북서	325	17.16	0.65	5.4	0.80	5.0	2.5	동	97	13.5	1021.8	-	63	
2021-11-17 12:35:00	7.4	북서	313	17.18	0.68	5.3	0.88	6.5	2.4	동	94	13.4	1021.7	-	39	
2021-11-17 12:40:00	6.6	북서	322	17.22	0.71	5.4	1.17	4.5	2.7	동	98	13.4	1021.6	-	55	
2021-11-17 12:45:00	9.1	북서	320	17.26	0.64	5.5	0.80	5.0	2.3	동남동	107	13.4	1021.6	-	63	
2021-11-17 12:50:00	4.4	북서	319	17.23	0.59	5.3	0.90	5.0	2.5	동남동	114	13.5	1021.5	-	71	
2021-11-17 12:55:00	7.5	북북서	336	17.17	0.78	5.3	0.98	5.0	2.9	동남동	123	13.4	1021.4	-	77	
2021-11-17 13:00:00	7.0	북서	318	17.16	0.72	5.5	1.02	5.5	2.8	동남동	118	13.6	1021.3	-	67	
2021-11-17 13:05:00	4.8	북서	312	17.17	0.83	5.1	1.19	5.0	2.8	동남동	117	13.7	1021.2	-	26	
2021-11-17 13:10:00	6.0	북북서	330	17.18	0.74	5.6	0.97	5.5	3.0	동남동	113	13.6	1021.1	-	53	
2021-11-17 13:15:00	9.1	북북서	347	17.18	0.60	5.7	0.95	5.5	3.4	동남동	103	13.5	1021.0	-	64	
2021-11-17 13:20:00	9.7	북북서	335	17.20	0.52	5.6	0.81	5.5	3.5	동	94	13.6	1020.9	-	37	
2021-11-17 13:25:00	9.6	북서	326	17.21	0.63	5.4	0.88	5.5	3.6	동	93	13.7	1020.7	-	78	
2021-11-17 13:30:00	9.6	북서	322	17.20	0.63	4.7	1.14	5.5	4.0	동	99	13.6	1020.6	-	65	
2021-11-17 13:35:00	7.2	북북서	333	17.20	0.59	5.3	0.75	5.0	4.0	동	98	13.5	1020.5	-	88	
2021-11-17 13:40:00	9.3	북서	313	17.20	0.63	5.4	0.82	5.0	3.9	동	97	13.6	1020.5	-	46	
2021-11-17 13:45:00	11.0	북서	326	17.19	0.66	5.5	0.97	5.5	4.0	동	97	13.6	1020.5	-	18	
2021-11-17 13:50:00	11.1	북서	311	17.19	0.68	5.2	1.14	5.0	4.1	동	100	13.6	1020.5	-	59	
2021-11-17 13:55:00	9.3	북서	317	17.19	0.68	5.4	0.94	5.5	3.9	동남동	102	13.6	1020.5	-	359	
2021-11-17 14:00:00	12.7	북북서	331	17.19	0.62	5.1	0.91	5.0	3.9	동남동	106	13.6	1020.5	-	64	
2021-11-17 14:05:00	10.8	북서	321	17.18	0.58	4.9	0.89	5.0	4.0	동남동	102	13.7	1020.4	-	349	
2021-11-17 14:10:00	12.8	북북서	327	17.19	0.71	5.4	0.92	5.5	4.0	동남동	108	13.7	1020.4	-	65	
2021-11-17 14:15:00	11.2	북서	320	17.19	0.62	5.6	0.93	5.5	3.7	동남동	102	13.7	1020.4	-	41	
2021-11-17 14:20:00	14.2	북서	322	17.19	0.63	5.3	0.87	5.0	3.6	동남동	107	13.7	1020.4	-	68	
2021-11-17 14:25:00	14.7	북북서	328	17.18	0.55	5.4	0.75	5.0	3.9	동남동	115	13.7	1020.3	-	65	
2021-11-17 14:30:00	24.1	북서	321	17.24	0.54	5.2	0.65	5.0	3.8	동남동	109	13.7	1020.3	-	86	
2021-11-17 14:35:00	22.1	북서	322	17.25	0.55	5.4	0.80	5.0	3.7	동남동	113	13.8	1020.3	-	68	
2021-11-17 14:40:00	23.7	북서	324	17.25	0.63	5.4	0.76	4.0	3.6	동남동	112	13.8	1020.3	-	54	
2021-11-17 14:45:00	20.8	북서	322	17.24	0.58	5.4	0.83	5.0	3.8	동남동	121	13.8	1020.3	-	65	
2021-11-17 14:50:00	23.2	북북서	327	17.30	0.67	5.1	0.93	5.0	4.0	동남동	116	13.7	1020.2	-	63	
2021-11-17 14:55:00	22.9	북서	326	17.32	0.57	5.2	0.73	5.0	4.1	동남동	110	13.5	1020.1	-	100	
2021-11-17 15:00:00	23.8	북서	318	17.32	0.51	4.9	0.77	4.5	4.0	동남동	123	13.4	1020.1	-	45	
2021-11-17 15:05:00	23.6	북서	312	17.32	0.64	5.6	0.96	4.5	3.5	남동	126	13.4	1020.1	-	62	
2021-11-17 15:10:00	20.8	북서	312	17.32	0.51	5.5	0.83	4.5	3.8	동남동	112	13.4	1020.2	-	38	
2021-11-17 15:15:00	24.0	북서	317	17.36	0.63	5.5	1.05	5.5	3.6	동남동	114	13.3	1020.2	-	70	
2021-11-17 15:20:00	23.2	북서	315	17.37	0.54	5.4	0.83	5.0	3.3	남동	127	13.4	1020.2	-	39	
2021-11-17 15:25:00	21.9	북서	312	17.39	0.66	5.2	0.90	5.5	3.5	동남동	121	13.5	1020.1	-	63	
2021-11-17 15:30:00	23.5	북서	308	17.39	0.58	5.8	0.90	6.0	3.7	동남동	119	13.5	1020.0	-	65	
2021-11-17 15:35:00	25.0	북서	309	17.41	0.55	5.1	0.86	5.0	3.5	동남동	119	13.6	1020.1	-	72	
2021-11-17 15:40:00	22.5	서북서	304	17.41	0.54	5.2	0.90	6.0	3.7	동남동	104	13.7	1020.0	-	61	
2021-11-17 15:45:00	24.3	서북서	302	17.41	0.58	5.3	0.70	5.0	3.0	동남동	106	13.7	1020.1	-	86	
2021-11-17 15:50:00	-	-	-	-	-	-	-	-	-	-	-	-	-	-	-	
2021-11-17 15:55:00	24.9	북서	305	17.30	0.58	5.4	0.78	4.5	3.7	남동	128	13.1	1020.3	-	66	
2021-11-17 16:00:00	20.8	북서	311	17.27	0.41	4.8	0.71	4.5	2.8	동남동	118	13.6	1020.3	-	50	
2021-11-17 16:05:00	20.1	서북서	301	17.28	0.55	5.6	0.72	4.5	2.3	남동	135	13.5	1020.2	-	64	
2021-11-17 16:10:00	18.8	북서	305	17.27	0.50	5.0	0.72	4.5	3.0	남동	144	13.5	1020.2	-	65	
2021-11-17 16:15:00	18.9	서북서	301	17.28	0.59	5.6	0.86	5.0	2.8	남동	141	13.5	1020.3	-	56	
2021-11-17 16:20:00	17.4	북서	307	17.28	0.50	5.1	0.69	4.5	2.4	남동	134	13.5	1020.3	-	236	
2021-11-17 16:25:00	15.5	북서	312	17.26	0.60	5.6	0.82	5.5	2.9	남동	144	13.6	1020.3	-	23	
2021-11-17 16:30:00	19.1	북서	325	17.25	0.57	5.2	0.83	6.0	2.7	남동	136	13.5	1020.3	-	65	
2021-11-17 16:35:00	18.5	북북서	328	17.25	0.56	5.5	0.74	5.0	2.4	남동	141	13.5	1020.4	-	65	
2021-11-17 16:40:00	21.5	북북서	337	17.26	0.60	5.6	0.85	5.0	2.4	남동	146	13.5	1020.4	-	59	
2021-11-17 16:45:00	18.9	북북서	341	17.26	0.46	5.2	0.86	5.0	2.6	남동	131	13.6	1020.4	-	65	
2021-11-17 16:50:00	22.0	북북서	336	17.23	0.53	5.3	0.70	6.0	2.6	남동	140	13.5	1020.4	-	51	
2021-11-17 16:55:00	22.7	북북서	334	17.20	0.49	5.0	0.75	3.5	2.8	남남동	159	13.6	1020.5	-	27	
2021-11-17 17:00:00	23.5	북북서	342	17.14	0.54	5.3	0.70	5.0	2.2	남남서	194	13.6	1020.4	-	81	
2021-11-17 17:05:00	28.8	북북서	346	17.15	0.63	5.4	0.87	5.0	1.9	남남서	211	13.4	1020.4	-	71	
2021-11-17 17:10:00	28.9	북	352	17.16	0.53	5.7	0.77	6.0	2.7	남서	224	13.3	1020.4	-	85	
2021-11-17 17:15:00	27.3	북북서	343	17.15	0.56	5.3	0.74	5.0	2.1	남	191	13.3	1020.4	-	47	
2021-11-17 17:20:00	27.9	북북서	348	17.13	0.53	5.3	0.74	5.0	2.1	남	178	13.3	1020.3	-	74	
2021-11-17 17:25:00	28.9	북북서	345	17.11	0.59	5.3	0.79	5.5	2.3	남남서	201	13.3	1020.3	-	43	
2021-11-17 17:30:00	31.8	북북서	342	17.10	0.52	5.3	0.75	5.0	2.7	남서	219	13.2	1020.3	-	52	
2021-11-17 17:35:00	30.8	북북서	343	17.11	0.54	5.1	0.68	5.5	1.8	남서	223	13.4	1020.4	-	98	
2021-11-17 17:40:00	28.0	북북서	339	17.08	0.48	5.1	0.66	5.0	2.8	남서	230	13.3	1020.3	-	21	
2021-11-17 17:45:00	27.0	북북서	337	17.07	0.61	5.6	0.99	5.5	3.6	남서	222	13.2	1020.3	-	65	
2021-11-17 17:50:00	25.6	북북서	344	17.06	0.66	5.5	0.91	6.0	5.0	남서	229	13.1	1020.3	-	90	
2021-11-17 17:55:00	26.5	북북서	346	17.04	0.49	5.3	0.83	5.5	4.5	서남서	238	12.9	1020.3	-	26	
2021-11-17 18:00:00	27.0	북북서	343	17.02	0.57	5.7	0.87	5.5	4.6	서남서	242	12.7	1020.3	-	62	
2021-11-17 18:05:00	24.4	북북서	345	17.01	0.65	5.4	0.87	5.5	4.8	서남서	245	12.7	1020.3	-	81	
2021-11-17 18:10:00	22.5	북북서	349	17.02	0.68	5.2	1.00	6.0	4.9	서남서	242	12.6	1020.3	-	73	
2021-11-17 18:15:00	24.3	북북서	344	17.02	0.64	5.7	0.77	5.5	4.7	서남서	248	12.8	1020.3	-	73	
2021-11-17 18:20:00	23.7	북	350	17.01	0.54	5.4	0.79	5.5	3.9	서남서	241	12.6	1020.4	-	53	
2021-11-17 18:25:00	20.6	북	349	17.01	0.54	5.6	0.85	5.0	4.6	서남서	246	12.5	1020.4	-	56	
2021-11-17 18:30:00	20.8	북북서	340	17.01	0.56	5.6	0.73	5.5	5.2	서남서	238	12.5	1020.5	-	90	
2021-11-17 18:35:00	23.0	북	355	17.00	0.71	5.8	1.03	6.0	4.5	서남서	247	12.4	1020.5	-	99	
2021-11-17 18:40:00	19.7	북북서	345	16.99	0.62	5.6	0.94	5.0	4.5	서남서	249	12.2	1020.5	-	85	
2021-11-17 18:45:00	20.6	북북서	347	16.99	0.52	5.3	0.68	5.0	4.7	서남서	248	12.1	1020.5	-	67	
2021-11-17 18:50:00	18.4	북북서	348	17.00	0.56	5.8	0.74	5.5	4.4	서남서	246	12.0	1020.6	-	76	
2021-11-17 18:55:00	21.7	북북서	346	17.00	0.55	5.9	0.75	6.5	4.1	서남서	246	12.0	1020.6	-	64	
2021-11-17 19:00:00	18.2	북	352	17.01	0.69	5.7	0.99	5.5	4.0	서남서	248	11.9	1020.6	-	65	
2021-11-17 19:05:00	18.0	북북서	348	17.02	0.57	5.7	0.93	5.5	4.7	서남서	245	11.9	1020.5	-	87	
2021-11-17 19:10:00	19.0	북북서	341	17.04	0.54	5.4	0.73	6.0	4.9	서남서	247	11.9	1020.4	-	58	
2021-11-17 19:15:00	19.1	북	355	17.04	0.60	5.7	0.74	5.0	4.9	서남서	249	11.8	1020.4	-	63	
2021-11-17 19:20:00	20.1	북북서	342	17.03	0.68	5.6	0.96	5.0	4.8	서남서	247	11.8	1020.4	-	71	
2021-11-17 19:25:00	18.9	북북서	343	17.04	0.59	6.0	0.85	5.5	4.6	서남서	245	11.9	1020.4	-	53	
2021-11-17 19:30:00	20.8	북북서	337	17.06	0.53	5.4	0.75	5.5	4.7	서남서	245	11.9	1020.4	-	80	
2021-11-17 19:35:00	16.7	북북서	345	17.04	0.67	5.8	0.82	5.5	4.8	서남서	246	11.9	1020.4	-	71	
2021-11-17 19:40:00	18.2	북북서	334	17.03	0.66	5.6	0.82	4.5	4.4	서남서	245	11.8	1020.5	-	64	
2021-11-17 19:45:00	18.2	북북서	339	17.04	0.67	5.9	0.90	6.0	4.3	서남서	244	11.7	1020.4	-	93	
2021-11-17 19:50:00	20.9	북북서	331	17.04	0.50	5.7	0.82	5.5	4.6	서남서	245	11.7	1020.3	-	57	
2021-11-17 19:55:00	20.7	북북서	340	17.06	0.50	5.7	0.75	5.5	5.4	서남서	242	11.7	1020.3	-	64	
2021-11-17 20:00:00	16.9	북북서	341	17.06	0.57	5.7	0.88	6.0	5.6	서남서	241	11.8	1020.2	-	68	
2021-11-17 20:05:00	20.3	북북서	334	17.09	0.53	5.7	0.66	5.5	5.7	서남서	241	11.8	1020.2	-	83	
2021-11-17 20:10:00	21.6	북북서	333	17.12	0.57	5.8	0.85	5.5	6.2	서남서	239	11.9	1020.1	-	65	
2021-11-17 20:15:00	18.9	북북서	330	17.13	0.73	5.8	1.03	6.0	6.5	남서	236	11.9	1020.1	-	77	
2021-11-17 20:20:00	18.3	북북서	333	17.12	0.53	5.7	0.76	5.5	6.4	남서	236	11.9	1020.1	-	103	
2021-11-17 20:25:00	18.0	북북서	329	17.12	0.57	5.8	0.87	5.0	6.2	남서	233	12.0	1020.1	-	62	
2021-11-17 20:30:00	21.0	북북서	336	17.09	0.60	5.5	0.84	5.5	6.4	남서	236	12.0	1020.1	-	81	
2021-11-17 20:35:00	21.3	북북서	339	17.09	0.64	6.0	0.83	6.0	5.9	남서	236	11.9	1020.2	-	81	
2021-11-17 20:40:00	19.3	북북서	336	17.08	0.56	5.8	0.81	5.5	5.0	남서	236	11.8	1020.3	-	87	
2021-11-17 20:45:00	19.8	북북서	335	17.10	0.55	6.1	0.72	6.0	4.8	남서	233	11.7	1020.3	-	73	
2021-11-17 20:50:00	20.8	북북서	334	17.12	0.62	5.8	0.83	5.5	4.4	남서	236	11.6	1020.3	-	87	
2021-11-17 20:55:00	20.0	북북서	329	17.13	0.49	5.6	0.73	6.0	4.4	서남서	239	11.5	1020.4	-	52	
2021-11-17 21:00:00	18.8	북북서	329	17.12	0.52	5.6	0.70	5.0	4.5	남서	235	11.5	1020.3	-	97	
2021-11-17 21:05:00	19.8	북북서	336	17.12	0.60	5.7	0.79	6.0	4.5	남서	223	11.5	1020.3	-	91	
2021-11-17 21:10:00	19.3	북북서	335	17.12	0.60	5.5	0.72	5.5	4.3	남서	230	11.5	1020.3	-	59	
2021-11-17 21:15:00	19.9	북북서	332	17.12	0.56	5.6	0.89	5.5	5.7	남서	227	11.6	1020.3	-	76	
2021-11-17 21:20:00	17.6	북북서	335	17.13	0.40	5.7	0.66	5.5	5.5	남서	228	11.9	1020.4	-	96	
2021-11-17 21:25:00	19.5	북북서	331	17.13	0.53	5.8	0.83	6.0	5.1	남서	234	11.7	1020.4	-	67	
2021-11-17 21:30:00	17.8	북북서	329	17.12	0.53	5.9	0.78	6.0	5.3	남서	232	11.8	1020.4	-	77	
2021-11-17 21:35:00	18.0	북북서	330	17.10	0.50	5.7	0.62	5.0	5.4	남서	234	11.8	1020.3	-	85	
2021-11-17 21:40:00	16.1	북북서	332	17.10	0.51	5.7	0.63	5.5	5.7	남서	233	11.8	1020.3	-	83	
2021-11-17 21:45:00	15.6	북북서	333	17.10	0.43	5.5	0.59	5.0	5.1	남서	230	11.8	1020.3	-	79	
2021-11-17 21:50:00	18.5	북북서	335	17.09	0.50	5.7	0.62	6.5	5.4	남서	236	11.9	1020.3	-	94	
2021-11-17 21:55:00	16.8	북북서	329	17.09	0.48	5.3	0.54	5.5	5.1	남서	229	11.9	1020.3	-	100	
2021-11-17 22:00:00	16.7	북북서	334	17.08	0.58	5.6	0.87	5.5	5.3	남서	228	11.8	1020.2	-	95	
2021-11-17 22:05:00	15.1	북북서	331	17.09	0.56	5.8	0.71	6.0	5.2	남서	229	11.8	1020.1	-	84	
2021-11-17 22:10:00	16.1	북북서	331	17.07	0.47	5.5	0.62	5.0	5.3	남서	229	11.7	1020.1	-	53	
2021-11-17 22:15:00	14.4	북서	320	17.11	0.44	5.7	0.55	5.5	5.0	남서	232	11.7	1020.1	-	98	
2021-11-17 22:20:00	16.5	북서	318	17.10	0.49	6.0	0.58	6.0	4.8	남서	233	11.8	1020.1	-	75	
2021-11-17 22:25:00	14.5	북북서	327	17.10	0.36	5.8	0.52	5.0	5.1	남서	229	11.7	1020.0	-	72	
2021-11-17 22:30:00	17.1	북북서	327	17.10	0.47	5.8	0.56	5.5	5.3	남서	231	11.8	1020.0	-	77	
2021-11-17 22:35:00	14.2	북북서	335	17.08	0.46	5.7	0.65	5.5	4.7	남서	229	11.8	1020.0	-	61	
2021-11-17 22:40:00	11.8	북북서	332	17.08	0.45	5.5	0.62	5.5	4.6	남서	225	11.7	1020.0	-	85	
2021-11-17 22:45:00	14.4	북북서	334	17.07	0.45	5.8	0.58	6.0	5.0	남서	225	11.8	1019.9	-	87	
2021-11-17 22:50:00	13.0	북북서	337	17.07	0.39	5.6	0.59	5.5	5.2	남서	230	11.7	1019.7	-	61	
2021-11-17 22:55:00	13.5	북북서	336	17.06	0.41	5.2	0.62	5.5	5.4	남서	228	11.8	1019.7	-	78	
2021-11-17 23:00:00	12.8	북북서	345	17.05	0.48	5.7	0.68	5.5	5.3	남서	232	11.7	1019.7	-	40	
2021-11-17 23:05:00	10.5	북북서	331	17.04	0.45	5.8	0.57	6.0	5.5	남서	231	11.8	1019.7	-	44	
2021-11-17 23:10:00	13.5	북북서	337	17.04	0.44	5.7	0.64	5.5	5.9	남서	229	11.8	1019.6	-	75	
2021-11-17 23:15:00	11.9	북북서	332	17.04	0.43	5.6	0.56	5.5	4.9	남서	230	11.9	1019.6	-	75	
2021-11-17 23:20:00	8.9	북북서	345	17.05	0.48	5.6	0.60	5.5	5.3	남서	231	11.8	1019.5	-	64	
2021-11-17 23:25:00	14.7	북북서	341	17.03	0.48	5.8	0.64	5.5	4.5	남서	231	11.8	1019.5	-	61	
2021-11-17 23:30:00	12.9	북북서	348	17.03	0.47	5.5	0.70	5.5	5.1	남서	227	11.8	1019.4	-	54	
2021-11-17 23:35:00	9.1	북북서	340	17.03	0.42	5.4	0.69	5.5	4.6	남서	231	11.7	1019.4	-	81	
2021-11-17 23:40:00	10.6	북북서	346	17.03	0.44	5.6	0.53	5.5	4.8	남서	232	11.7	1019.3	-	42	
2021-11-17 23:45:00	10.7	북북서	339	17.02	0.44	5.6	0.58	4.5	4.5	남서	228	11.7	1019.2	-	29	
2021-11-17 23:50:00	11.2	북	352	17.02	0.49	5.7	0.78	5.5	4.4	남서	228	11.7	1019.1	-	74	
2021-11-17 23:55:00	9.2	북	354	17.02	0.42	5.6	0.59	5.5	4.2	남서	227	11.7	1019.0	-	61	
2021-11-18 00:00:00	11.5	북북서	347	17.02	0.36	5.3	0.48	5.5	3.8	서남서	238	11.6	1019.1	-	72	
2021-11-18 00:05:00	9.4	북북서	339	17.02	0.37	5.4	0.48	5.5	4.4	남서	232	11.6	1019.0	-	40	
2021-11-18 00:10:00	11.2	북북서	337	17.01	0.39	5.6	0.49	5.5	4.0	남서	233	11.4	1019.0	-	55	
2021-11-18 00:15:00	8.8	북	353	17.02	0.44	5.4	0.64	5.0	4.1	남서	233	11.3	1018.9	-	64	
2021-11-18 00:20:00	9.9	북북서	343	17.02	0.41	5.3	0.75	5.5	4.5	남서	236	11.3	1018.8	-	65	
2021-11-18 00:25:00	8.1	북	351	17.00	0.44	5.3	0.56	5.5	4.4	남서	236	11.3	1018.8	-	94	
2021-11-18 00:30:00	8.8	북북서	334	17.01	0.44	5.6	0.67	6.5	5.2	서남서	245	11.3	1018.8	-	68	
2021-11-18 00:35:00	9.9	북북서	348	17.01	0.41	5.8	0.57	5.5	5.4	남서	232	11.4	1018.8	-	68	
2021-11-18 00:40:00	9.0	북	351	17.01	0.43	5.6	0.69	5.0	4.4	남서	236	11.4	1018.8	-	70	
2021-11-18 00:45:00	11.0	북북서	341	17.01	0.45	5.5	0.65	5.0	4.9	남서	231	11.5	1018.7	-	96	
2021-11-18 00:50:00	10.7	북북서	340	17.00	0.42	5.9	0.61	6.0	4.6	남서	231	11.6	1018.7	-	76	
2021-11-18 00:55:00	10.4	북북서	335	17.01	0.37	5.4	0.49	5.5	5.0	서남서	243	11.6	1018.6	-	45	
2021-11-18 01:00:00	7.6	북북서	338	17.00	0.44	5.7	0.66	5.5	4.7	서남서	244	11.7	1018.6	-	86	
2021-11-18 01:05:00	8.3	북북서	339	17.00	0.35	5.8	0.52	5.0	4.4	남서	226	11.4	1018.6	-	122	
2021-11-18 01:10:00	8.6	북북서	345	16.99	0.36	5.6	0.56	5.0	5.2	남서	222	11.6	1018.5	-	101	
2021-11-18 01:15:00	6.5	북북서	331	16.99	0.42	5.7	0.63	5.0	5.1	남서	214	11.7	1018.4	-	91	
2021-11-18 01:20:00	10.4	북북서	328	16.98	0.41	5.4	0.72	5.5	4.8	남서	216	11.8	1018.4	-	72	
2021-11-18 01:25:00	10.5	북서	323	16.97	0.44	5.7	0.69	6.0	4.4	남서	226	11.9	1018.4	-	67	
2021-11-18 01:30:00	6.4	북서	319	16.96	0.48	6.3	0.57	6.0	4.8	남서	220	11.9	1018.3	-	92	
2021-11-18 01:35:00	9.4	북북서	329	16.96	0.40	5.8	0.55	6.5	4.7	남서	226	11.9	1018.3	-	86	
2021-11-18 01:40:00	7.4	북북서	332	16.96	0.47	6.1	0.63	5.5	4.8	남서	217	11.9	1018.2	-	95	
2021-11-18 01:45:00	7.6	북북서	334	16.95	0.42	5.6	0.54	6.0	5.3	남남서	212	11.8	1018.1	-	95	
2021-11-18 01:50:00	7.5	북북서	341	16.93	0.38	5.7	0.44	5.0	4.7	남서	220	11.8	1018.1	-	78	
2021-11-18 01:55:00	7.4	북북서	334	16.91	0.40	5.4	0.59	5.0	4.5	남서	218	11.9	1018.1	-	109	
2021-11-18 02:00:00	8.3	북북서	329	16.89	0.49	5.8	0.64	5.5	5.2	남서	219	11.9	1018.0	-	72	
2021-11-18 02:05:00	8.1	북서	313	16.88	0.40	5.7	0.56	5.5	5.2	남서	222	12.0	1018.0	-	103	
2021-11-18 02:10:00	10.6	북북서	328	16.86	0.44	5.5	0.71	5.5	4.8	남서	223	12.0	1018.0	-	52	
2021-11-18 02:15:00	7.5	북북서	330	16.87	0.42	5.8	0.50	6.0	4.9	남서	220	12.0	1018.0	-	107	
2021-11-18 02:20:00	9.0	북서	324	16.86	0.42	5.7	0.62	5.5	4.6	남서	219	12.0	1017.9	-	87	
2021-11-18 02:25:00	8.8	북서	323	16.85	0.34	5.4	0.46	5.5	4.3	남서	219	11.9	1017.9	-	150	
2021-11-18 02:30:00	8.9	북북서	330	16.85	0.41	5.7	0.53	6.0	3.7	남서	226	11.9	1018.0	-	87	
2021-11-18 02:35:00	8.2	북북서	333	16.84	0.46	5.5	0.62	5.5	3.3	남서	232	11.9	1018.0	-	72	
2021-11-18 02:40:00	7.1	북북서	335	16.82	0.41	5.4	0.58	5.0	2.7	남서	225	11.9	1018.0	-	21	
2021-11-18 02:45:00	6.2	북북서	329	16.82	0.41	6.1	0.59	6.0	2.9	남서	230	12.0	1018.0	-	88	
2021-11-18 02:50:00	7.2	북북서	331	16.82	0.40	5.8	0.50	5.5	2.8	남서	230	11.9	1018.0	-	100	
2021-11-18 02:55:00	6.7	북서	323	16.82	0.35	5.2	0.57	5.0	2.5	남서	230	11.7	1018.1	-	64	
2021-11-18 03:00:00	6.3	북북서	332	16.82	0.35	5.4	0.55	5.5	3.6	남서	223	11.8	1018.1	-	44	
2021-11-18 03:05:00	7.5	북북서	335	16.82	0.40	5.6	0.47	5.0	3.7	남서	226	11.8	1018.1	-	76	
2021-11-18 03:10:00	7.0	북서	326	16.81	0.36	5.7	0.62	6.0	2.9	남서	231	11.5	1018.1	-	45	
2021-11-18 03:15:00	5.5	북북서	330	16.81	0.36	5.4	0.51	5.5	2.4	서남서	242	11.6	1018.1	-	65	
2021-11-18 03:20:00	6.3	북서	315	16.83	0.42	5.7	0.54	5.5	2.3	서남서	238	11.5	1018.1	-	33	
2021-11-18 03:25:00	9.5	북서	321	16.84	0.45	5.5	0.65	5.5	3.0	서남서	241	11.7	1018.0	-	44	
2021-11-18 03:30:00	9.2	북서	319	16.86	0.51	5.7	0.67	5.5	2.3	서남서	258	11.8	1018.0	-	88	
2021-11-18 03:35:00	7.6	북서	321	16.87	0.40	5.3	0.58	6.0	3.1	서	271	11.4	1018.0	-	68	
2021-11-18 03:40:00	7.7	북서	308	16.88	0.40	5.5	0.65	5.0	3.4	서	276	10.8	1018.1	-	73	
2021-11-18 03:45:00	6.1	북서	314	16.87	0.40	5.6	0.56	5.5	2.7	서	264	10.5	1018.1	-	102	
2021-11-18 03:50:00	6.4	북서	305	16.88	0.41	5.5	0.58	5.5	3.2	서	264	10.5	1018.1	-	109	
2021-11-18 03:55:00	5.3	북서	314	16.88	0.37	5.4	0.51	5.0	2.3	서	274	10.1	1018.0	-	100	
2021-11-18 04:00:00	5.5	북서	313	16.88	0.43	5.9	0.57	5.5	3.0	서	260	10.3	1018.0	-	96	
2021-11-18 04:05:00	8.0	서북서	302	16.88	0.41	5.5	0.56	5.0	1.2	북서	321	9.8	1018.0	-	52	
2021-11-18 04:10:00	8.1	북서	315	16.88	0.38	5.4	0.54	5.5	0.4	남서	214	10.0	1017.9	-	83	
2021-11-18 04:15:00	5.2	북서	319	16.88	0.37	5.1	0.54	4.5	0.6	서북서	291	10.4	1017.9	-	63	
2021-11-18 04:20:00	5.6	북서	316	16.88	0.40	5.6	0.56	6.0	0.4	북서	318	10.4	1017.8	-	68	
2021-11-18 04:25:00	7.0	북서	305	16.88	0.37	5.2	0.48	5.0	0.5	남서	234	10.7	1017.7	-	78	
2021-11-18 04:30:00	6.0	북서	311	16.88	0.37	5.2	0.62	6.0	1.5	남서	219	11.3	1017.6	-	94	
2021-11-18 04:35:00	7.3	북서	309	16.89	0.42	5.4	0.83	6.0	0.4	서남서	258	11.6	1017.6	-	79	
2021-11-18 04:40:00	5.2	서북서	302	16.88	0.44	5.3	0.59	6.0	0.9	서	263	11.4	1017.6	-	78	
2021-11-18 04:45:00	7.0	북서	309	16.87	0.40	5.4	0.68	5.5	1.5	서	261	11.5	1017.6	-	82	
2021-11-18 04:50:00	5.3	서북서	299	16.86	0.39	5.6	0.63	5.5	1.3	서남서	257	11.4	1017.6	-	75	
2021-11-18 04:55:00	7.0	서북서	297	16.86	0.38	5.5	0.50	4.5	1.9	서	259	11.3	1017.5	-	85	
2021-11-18 05:00:00	9.3	북서	316	16.86	0.36	5.0	0.47	4.0	3.6	서	269	11.5	1017.3	-	222	
2021-11-18 05:05:00	9.8	북서	319	16.86	0.33	5.2	0.47	6.0	4.7	서남서	245	11.6	1017.1	-	91	
2021-11-18 05:10:00	9.9	북서	314	16.88	0.31	5.3	0.41	4.0	5.3	서남서	238	12.2	1017.1	-	99	
2021-11-18 05:15:00	9.1	북서	316	16.91	0.40	5.1	0.59	5.0	5.4	남서	236	12.3	1017.1	-	74	
2021-11-18 05:20:00	10.1	북서	321	16.90	0.35	5.2	0.45	5.5	5.1	남서	236	12.4	1017.1	-	87	
2021-11-18 05:25:00	7.1	북서	317	16.89	0.42	5.5	0.54	5.5	4.6	남서	235	12.5	1017.1	-	116	
2021-11-18 05:30:00	4.9	북서	315	16.89	0.34	5.2	0.49	5.5	4.7	남서	225	12.7	1017.1	-	82	
2021-11-18 05:35:00	8.7	북서	314	16.89	0.39	5.8	0.59	5.5	5.2	남서	218	13.0	1017.0	-	74	
2021-11-18 05:40:00	8.3	북서	313	16.89	0.41	5.7	0.63	5.5	4.9	남남서	210	13.1	1017.0	-	99	
2021-11-18 05:45:00	5.6	북서	312	16.88	0.40	5.8	0.48	6.0	4.5	남남서	211	12.9	1017.0	-	98	
2021-11-18 05:50:00	6.1	북서	320	16.88	0.40	5.5	0.51	5.5	5.5	남남서	211	12.9	1016.9	-	73	
2021-11-18 05:55:00	7.4	북서	314	16.88	0.40	5.7	0.58	6.0	5.5	남남서	211	13.1	1016.8	-	87	
2021-11-18 06:00:00	6.1	북서	314	16.88	0.41	5.5	0.59	5.5	5.5	남남서	207	13.2	1016.7	-	55	
2021-11-18 06:05:00	6.6	북서	306	16.87	0.34	5.5	0.47	5.0	4.5	남남서	207	13.2	1016.7	-	52	
2021-11-18 06:10:00	5.7	북서	326	16.87	0.38	5.7	0.52	5.5	3.9	남남서	198	13.1	1016.7	-	97	
2021-11-18 06:15:00	7.9	북서	306	16.87	0.37	5.3	0.53	5.0	3.8	남남서	200	13.1	1016.6	-	68	
2021-11-18 06:20:00	9.6	북서	315	16.87	0.33	5.0	0.46	5.5	3.9	남서	216	13.1	1016.6	-	96	
2021-11-18 06:25:00	7.9	북서	321	16.87	0.35	5.4	0.49	4.5	3.7	남서	227	13.2	1016.6	-	86	
2021-11-18 06:30:00	4.0	북서	322	16.86	0.40	5.8	0.61	5.0	3.0	남서	229	13.1	1016.6	-	82	
2021-11-18 06:35:00	1.9	북북서	339	16.86	0.37	5.5	0.51	5.5	3.4	남서	219	12.9	1016.6	-	87	
2021-11-18 06:40:00	6.4	북북서	337	16.84	0.35	5.6	0.43	6.5	3.5	남서	215	13.0	1016.6	-	94	
2021-11-18 06:45:00	5.5	북북서	331	16.84	0.41	5.8	0.62	6.5	4.9	남남서	209	13.2	1016.5	-	90	
2021-11-18 06:50:00	4.6	북북서	349	16.84	0.42	6.0	0.59	5.0	5.0	남서	217	13.2	1016.6	-	106	
2021-11-18 06:55:00	5.2	북북서	334	16.83	0.40	5.5	0.52	5.0	4.6	남서	224	13.3	1016.7	-	63	
2021-11-18 07:00:00	7.6	북북서	345	16.83	0.38	5.8	0.58	5.0	5.1	남서	221	13.4	1016.7	-	97	
2021-11-18 07:05:00	7.8	북북서	338	16.83	0.39	5.1	0.62	6.0	5.4	남서	221	13.4	1016.8	-	110	
2021-11-18 07:10:00	7.7	북북서	329	16.84	0.39	5.9	0.45	6.5	5.4	남서	218	13.6	1016.7	-	109	
2021-11-18 07:15:00	8.6	북북서	339	16.84	0.44	5.8	0.56	7.0	5.6	남서	220	13.6	1016.7	-	88	
2021-11-18 07:20:00	8.0	북북서	343	16.82	0.41	5.8	0.57	6.0	4.9	남서	217	13.6	1016.8	-	63	
2021-11-18 07:25:00	8.2	북북서	338	16.82	0.39	5.5	0.56	6.0	3.3	남서	229	13.4	1016.8	-	96	
2021-11-18 07:30:00	7.8	북북서	333	16.82	0.38	5.9	0.55	6.0	3.7	서남서	241	13.4	1016.8	-	99	
2021-11-18 07:35:00	8.4	북북서	335	16.82	0.37	5.4	0.48	6.0	2.6	서남서	241	13.4	1016.9	-	76	
2021-11-18 07:40:00	7.6	북	353	16.82	0.38	5.6	0.55	5.0	2.8	서남서	251	13.3	1016.9	-	83	
2021-11-18 07:45:00	8.4	북북서	348	16.82	0.38	6.0	0.53	6.5	3.8	남서	236	13.3	1016.9	-	89	
2021-11-18 07:50:00	9.4	북북서	338	16.83	0.41	5.6	0.52	5.5	5.4	남서	219	13.7	1016.9	-	98	
2021-11-18 07:55:00	10.4	북북서	339	16.84	0.36	5.8	0.51	5.5	5.9	남서	214	13.9	1017.0	-	86	
2021-11-18 08:00:00	10.4	북북서	343	16.84	0.34	5.4	0.48	5.5	5.4	남남서	210	13.6	1017.0	-	78	
2021-11-18 08:05:00	12.1	북북서	337	16.84	0.36	5.2	0.67	5.5	4.3	남서	216	13.6	1017.2	-	68	
2021-11-18 08:10:00	11.3	북북서	336	16.85	0.34	5.6	0.50	6.0	5.2	남서	218	13.5	1017.1	-	95	
2021-11-18 08:15:00	14.4	북북서	336	16.85	0.39	5.8	0.50	6.0	4.9	남남서	209	13.5	1017.2	-	98	
2021-11-18 08:20:00	13.4	북북서	334	16.85	0.30	5.2	0.37	3.5	4.5	남서	224	13.4	1017.2	-	77	
2021-11-18 08:25:00	9.9	북북서	332	16.86	0.36	5.8	0.54	5.5	3.6	남서	223	13.6	1017.2	-	87	
2021-11-18 08:30:00	15.3	북북서	333	16.84	0.30	5.4	0.48	5.0	6.2	남서	217	13.8	1017.1	-	103	
2021-11-18 08:35:00	11.8	북북서	342	16.83	0.29	5.8	0.41	4.5	6.0	남남서	208	13.9	1017.1	-	78	
2021-11-18 08:40:00	15.0	북북서	330	16.84	0.30	5.3	0.38	4.5	6.7	남남서	201	13.9	1017.1	-	106	
2021-11-18 08:45:00	14.8	북북서	327	16.85	0.39	5.7	0.51	6.0	7.0	남남서	210	14.0	1017.1	-	96	
2021-11-18 08:50:00	16.2	북북서	333	16.85	0.29	5.6	0.41	5.5	6.6	남남서	207	14.1	1017.1	-	89	
2021-11-18 08:55:00	16.2	북북서	334	16.85	0.27	5.6	0.37	5.0	6.3	남남서	209	14.1	1017.1	-	94	
2021-11-18 09:00:00	16.1	북북서	336	16.83	0.31	5.6	0.46	5.5	5.8	남서	216	14.1	1017.1	-	79	
2021-11-18 09:05:00	13.4	북북서	339	16.85	0.29	5.5	0.39	5.0	6.2	남서	222	14.3	1017.0	-	82	
2021-11-18 09:10:00	12.0	북북서	334	16.85	0.28	5.7	0.38	5.0	6.6	남서	223	14.2	1017.0	-	290	
2021-11-18 09:15:00	13.6	북북서	330	16.84	0.25	5.3	0.40	6.5	7.3	남서	231	14.5	1016.9	-	58	
2021-11-18 09:20:00	15.2	북북서	342	16.84	0.30	5.1	0.40	5.0	8.0	남서	227	14.6	1016.9	-	82	
2021-11-18 09:25:00	15.9	북북서	343	16.83	0.31	5.1	0.45	3.0	8.8	남서	227	14.5	1016.8	-	85	
2021-11-18 09:30:00	15.3	북북서	344	16.83	0.30	6.0	0.44	4.5	8.4	남서	227	14.5	1016.8	-	84	
2021-11-18 09:35:00	17.8	북	350	16.82	0.28	5.7	0.39	5.5	8.0	남서	227	14.6	1016.8	-	50	
2021-11-18 09:40:00	18.3	북북서	349	16.81	0.26	5.2	0.34	4.5	8.4	남서	221	14.7	1016.8	-	99	
2021-11-18 09:45:00	19.4	북북서	335	16.80	0.25	5.6	0.30	5.5	7.4	남서	220	14.8	1016.8	-	113	
2021-11-18 09:50:00	20.1	북북서	337	16.80	0.27	5.6	0.39	5.5	8.2	남서	223	15.0	1016.7	-	117	
2021-11-18 09:55:00	18.5	북북서	337	16.80	0.26	6.0	0.33	5.5	7.7	남서	226	15.0	1016.7	-	85	
2021-11-18 10:00:00	21.0	북북서	341	16.79	0.23	5.7	0.39	6.0	7.4	남서	218	15.0	1016.7	-	81	
2021-11-18 10:05:00	20.4	북북서	333	16.78	0.22	5.5	0.31	5.0	7.3	남서	229	15.0	1016.7	-	92	
2021-11-18 10:10:00	23.2	북북서	332	16.79	0.26	6.0	0.31	7.5	6.2	남서	228	15.2	1016.8	-	90	
2021-11-18 10:15:00	22.0	북서	322	16.86	0.26	5.5	0.37	5.0	7.0	남서	224	15.3	1016.7	-	70	
2021-11-18 10:20:00	18.0	북북서	326	16.91	0.25	5.6	0.40	5.5	6.8	남서	222	15.1	1016.7	-	44	
2021-11-18 10:25:00	15.6	북서	326	16.93	0.23	5.2	0.28	4.5	6.5	남서	223	15.2	1016.7	-	96	
2021-11-18 10:30:00	17.4	북북서	336	16.95	0.21	5.0	0.31	5.0	5.9	남서	222	15.3	1016.7	-	82	
2021-11-18 10:35:00	14.2	북서	321	17.00	0.26	5.5	0.31	5.0	4.2	남서	220	15.3	1016.7	-	107	
2021-11-18 10:40:00	14.8	북북서	329	17.04	0.24	5.4	0.35	5.0	5.8	남서	216	15.5	1016.7	-	76	
2021-11-18 10:45:00	11.2	북북서	328	17.06	0.23	5.4	0.35	5.0	5.5	남남서	209	15.5	1016.7	-	34	
2021-11-18 10:50:00	11.8	북북서	342	17.06	0.26	5.8	0.33	5.5	6.4	남남서	206	15.5	1016.6	-	84	
2021-11-18 10:55:00	10.2	북북서	346	17.04	0.28	5.6	0.36	3.5	5.9	남서	216	15.5	1016.6	-	82	
2021-11-18 11:00:00	12.5	북	353	17.05	0.26	5.1	0.35	5.0	5.9	남서	216	15.5	1016.5	-	84	
2021-11-18 11:05:00	13.9	북	1	17.05	0.24	5.2	0.36	5.0	5.2	남남서	213	15.5	1016.5	-	16	
2021-11-18 11:10:00	13.1	북북서	343	17.03	0.25	6.1	0.37	6.0	4.8	남남서	200	15.6	1016.4	-	69	
2021-11-18 11:15:00	10.9	북	350	17.02	0.24	5.4	0.36	5.5	4.6	남서	214	15.7	1016.3	-	49	
2021-11-18 11:20:00	10.5	북북서	344	17.01	0.24	4.9	0.30	4.5	5.1	남서	226	15.7	1016.3	-	95	
2021-11-18 11:25:00	12.1	북북서	344	17.00	0.24	5.8	0.33	6.0	4.8	남남서	211	15.7	1016.2	-	39	
2021-11-18 11:30:00	10.6	북북서	345	16.98	0.25	5.3	0.37	5.5	6.6	남남서	207	15.6	1016.0	-	90	
2021-11-18 11:35:00	11.9	북	352	16.96	0.24	5.4	0.36	6.0	5.0	남남서	207	15.7	1016.0	-	94	
2021-11-18 11:40:00	10.8	북	350	16.97	0.22	5.6	0.30	6.0	4.9	남남서	205	15.9	1015.9	-	84	
2021-11-18 11:45:00	13.6	북	351	16.95	0.24	5.8	0.34	5.0	5.4	남남서	199	15.9	1015.9	-	67	
2021-11-18 11:50:00	12.7	북	351	16.94	0.24	5.7	0.30	6.0	5.5	남남서	200	15.7	1015.8	-	97	
2021-11-18 11:55:00	14.7	북	352	16.93	0.26	6.1	0.34	6.0	5.0	남남서	202	15.7	1015.7	-	90	
2021-11-18 12:00:00	12.0	북북서	341	16.91	0.21	5.6	0.29	6.0	5.4	남남서	208	15.8	1015.6	-	45	
2021-11-18 12:05:00	16.8	북북서	343	16.90	0.26	5.4	0.36	5.5	5.1	남남서	195	15.7	1015.4	-	80	
2021-11-18 12:10:00	16.0	북북서	343	16.89	0.23	4.6	0.30	6.0	5.3	남남서	197	15.7	1015.3	-	64	
2021-11-18 12:15:00	14.2	북북서	337	16.89	0.26	6.0	0.36	5.5	5.2	남남서	212	15.7	1015.2	-	104	
2021-11-18 12:20:00	17.5	북북서	339	16.88	0.24	5.3	0.31	4.0	4.7	남남서	198	15.7	1015.1	-	91	
2021-11-18 12:25:00	16.9	북북서	344	16.86	0.26	5.7	0.42	5.5	5.1	남남서	198	15.9	1014.9	-	81	
2021-11-18 12:30:00	17.0	북북서	341	16.84	0.22	5.3	0.36	5.0	4.8	남남서	194	16.0	1014.9	-	122	
2021-11-18 12:35:00	20.0	북북서	340	16.81	0.21	5.4	0.37	5.0	5.7	남남서	192	16.2	1014.7	-	84	
2021-11-18 12:40:00	20.9	북북서	341	16.82	0.22	5.1	0.31	5.0	5.9	남남서	202	16.1	1014.6	-	81	
2021-11-18 12:45:00	16.4	북북서	342	16.82	0.22	5.9	0.28	5.5	5.4	남남서	205	16.3	1014.6	-	76	
2021-11-18 12:50:00	18.5	북북서	339	16.85	0.20	5.3	0.27	5.5	4.6	남남서	208	16.4	1014.5	-	118	
2021-11-18 12:55:00	18.2	북북서	339	16.87	0.29	4.8	0.47	5.5	5.0	남남서	203	16.4	1014.5	-	72	
2021-11-18 13:00:00	13.0	북북서	344	16.86	0.20	5.5	0.26	5.5	3.4	남남서	203	16.7	1014.4	-	64	
2021-11-18 13:05:00	12.3	북북서	340	16.86	0.20	5.0	0.27	6.0	3.7	남남서	211	16.8	1014.3	-	93	
2021-11-18 13:10:00	11.6	북	353	16.84	0.21	5.5	0.28	5.0	2.5	남서	216	17.0	1014.3	-	96	
2021-11-18 13:15:00	10.1	북북서	346	16.83	0.19	4.9	0.24	4.5	4.0	남서	220	17.3	1014.2	-	302	
2021-11-18 13:20:00	9.2	북	353	16.82	0.26	5.1	0.32	6.0	5.9	남서	217	16.9	1014.2	-	117	
2021-11-18 13:25:00	8.8	북	359	16.81	0.23	5.0	0.32	4.5	3.8	남남서	208	17.0	1014.1	-	87	
2021-11-18 13:30:00	9.6	북	349	16.80	0.20	5.4	0.30	5.0	4.1	남서	233	17.2	1014.1	-	119	
2021-11-18 13:35:00	7.7	북	0	16.79	0.20	5.6	0.28	5.5	3.4	서남서	238	17.4	1014.1	-	76	
2021-11-18 13:40:00	8.7	북	2	16.80	0.21	5.5	0.38	6.5	5.2	서	277	17.3	1014.0	-	71	
2021-11-18 13:45:00	8.5	북	355	16.79	0.22	5.5	0.41	6.0	2.3	북	355	17.2	1014.1	-	80	
2021-11-18 13:50:00	8.3	북	352	16.78	0.21	5.4	0.34	5.5	1.6	북북동	31	17.4	1014.0	-	105	
2021-11-18 13:55:00	8.7	북	356	16.76	0.23	5.6	0.29	4.5	3.8	서	281	17.5	1014.1	-	91	
2021-11-18 14:00:00	11.0	북북서	344	16.76	0.21	5.1	0.34	5.0	4.0	북서	307	17.8	1014.0	-	347	
2021-11-18 14:05:00	10.4	북	357	16.76	0.19	5.3	0.27	4.5	3.6	서남서	255	17.7	1013.9	-	11	
2021-11-18 14:10:00	9.2	북북서	339	16.75	0.23	5.7	0.33	5.0	4.6	남남서	194	17.4	1013.9	-	116	
2021-11-18 14:15:00	10.0	북	355	16.76	0.20	5.1	0.26	5.5	2.7	남남서	210	17.2	1013.9	-	347	
2021-11-18 14:20:00	8.6	북	360	16.76	0.22	4.7	0.36	5.5	2.6	남서	216	17.4	1013.9	-	96	
2021-11-18 14:25:00	15.6	북북서	348	16.84	0.22	5.5	0.36	5.5	3.9	남서	217	17.2	1014.0	-	96	
2021-11-18 14:30:00	18.3	북	351	16.90	0.21	4.8	0.28	4.5	4.5	남남서	211	17.2	1013.9	-	151	
2021-11-18 14:35:00	17.8	북북서	343	16.91	0.22	5.1	0.35	4.5	5.9	남남서	211	17.5	1013.7	-	198	
2021-11-18 14:40:00	17.0	북북서	345	16.92	0.24	5.3	0.30	5.5	3.3	남서	215	17.7	1013.9	-	87	
2021-11-18 14:45:00	-	-	-	-	-	-	-	-	-	-	-	-	-	-	-	
2021-11-18 14:50:00	17.7	북북서	336	16.94	0.16	3.9	0.32	3.9	0.9	서남서	243	18.1	1013.9	-	65	
2021-11-18 14:55:00	14.9	북북서	347	16.94	0.21	4.7	0.29	4.0	1.2	서북서	288	18.2	1013.9	-	114	
2021-11-18 15:00:00	14.3	북북서	347	16.94	0.27	4.2	0.40	5.0	0.9	서	263	18.1	1014.0	-	86	
2021-11-18 15:05:00	19.4	북북서	344	16.95	0.19	4.7	0.28	4.0	0.8	서남서	251	18.2	1014.0	-	107	
2021-11-18 15:10:00	11.0	북북서	343	16.96	0.22	4.8	0.34	4.5	3.3	남서	234	17.7	1014.0	-	150	
2021-11-18 15:15:00	10.6	북북서	347	16.96	0.21	5.0	0.32	5.5	3.7	북서	305	17.4	1014.0	-	116	
2021-11-18 15:20:00	12.6	북	354	16.96	0.19	4.4	0.27	4.5	0.6	남	174	17.6	1014.1	-	137	
2021-11-18 15:25:00	11.0	북북서	348	16.95	0.24	5.0	0.32	5.5	2.0	남서	220	17.4	1014.1	-	101	
2021-11-18 15:30:00	10.6	북북서	336	16.95	0.26	4.7	0.35	5.0	2.8	남남서	206	17.0	1014.1	-	76	
2021-11-18 15:35:00	7.8	북	350	16.95	0.24	4.1	0.37	4.0	4.3	남서	217	16.8	1014.1	-	107	
2021-11-18 15:40:00	10.1	북북서	340	16.94	0.21	4.9	0.31	4.5	5.0	남서	216	16.7	1014.1	-	93	
2021-11-18 15:45:00	9.7	북북서	347	16.94	0.23	5.1	0.31	5.0	6.1	남남서	210	16.7	1014.0	-	99	
2021-11-18 15:50:00	8.7	북북서	337	16.93	0.25	4.2	0.32	6.0	6.1	서남서	241	16.7	1014.0	-	114	
2021-11-18 15:55:00	6.8	북	354	16.93	0.21	4.2	0.31	4.0	3.5	서	268	16.7	1014.2	-	69	
2021-11-18 16:00:00	7.2	북북서	337	16.93	0.21	4.9	0.35	3.5	2.5	남서	224	16.6	1014.2	-	95	
2021-11-18 16:05:00	6.8	북북서	332	16.94	0.25	4.8	0.36	4.5	2.9	남서	214	16.7	1014.2	-	140	
2021-11-18 16:10:00	5.4	북	358	16.93	0.23	3.9	0.36	3.5	3.1	남서	225	16.5	1014.2	-	203	
2021-11-18 16:15:00	3.2	북북서	344	16.93	0.23	3.6	0.30	4.5	3.7	남서	227	16.6	1014.2	-	101	
2021-11-18 16:20:00	5.2	북	11	16.91	0.25	4.1	0.34	4.5	2.3	서남서	241	16.5	1014.2	-	118	
2021-11-18 16:25:00	2.4	북	350	16.91	0.25	5.0	0.31	5.5	0.7	서북서	283	16.5	1014.2	-	78	
2021-11-18 16:30:00	1.7	북북서	348	16.90	0.27	3.9	0.40	3.5	0.5	북동	35	16.4	1014.2	-	51	
2021-11-18 16:35:00	1.2	북북서	331	16.90	0.25	4.0	0.35	4.0	3.3	동남동	111	16.4	1014.2	-	235	
2021-11-18 16:40:00	1.6	남서	217	16.89	0.23	4.0	0.32	3.0	3.5	남동	135	16.3	1014.2	-	80	
2021-11-18 16:45:00	3.2	서북서	292	16.88	0.24	4.0	0.36	3.0	2.0	남동	134	16.2	1014.3	-	188	
2021-11-18 16:50:00	2.3	서	280	16.89	0.23	4.1	0.33	3.0	1.6	남동	146	16.1	1014.3	-	169	
2021-11-18 16:55:00	3.6	서남서	253	16.90	0.22	4.1	0.36	3.5	2.0	남서	216	16.0	1014.2	-	182	
2021-11-18 17:00:00	0.8	남서	215	16.89	0.27	3.9	0.38	2.5	4.7	남서	226	15.9	1014.1	-	97	
2021-11-18 17:05:00	1.8	북서	314	16.90	0.29	3.6	0.54	3.5	5.1	남서	226	15.9	1014.0	-	344	
2021-11-18 17:10:00	1.0	북서	322	16.87	0.27	4.3	0.42	4.0	6.4	남서	227	15.9	1014.0	-	102	
2021-11-18 17:15:00	4.2	서북서	284	16.88	0.24	3.9	0.35	3.0	7.0	남서	219	15.9	1014.0	-	343	
2021-11-18 17:20:00	4.3	북서	321	16.89	0.23	3.8	0.31	5.0	5.6	남서	216	15.9	1014.0	-	165	
2021-11-18 17:25:00	3.6	북서	324	16.91	0.29	3.8	0.45	2.5	4.4	남서	224	15.9	1014.1	-	103	
2021-11-18 17:30:00	4.2	서북서	293	16.91	0.26	4.5	0.39	3.5	5.2	남서	221	15.9	1014.1	-	341	
2021-11-18 17:35:00	5.3	서북서	301	16.93	0.25	3.8	0.42	3.5	6.0	남서	219	16.0	1014.1	-	234	
2021-11-18 17:40:00	1.9	서	270	16.94	0.23	3.8	0.30	3.0	5.5	남서	215	16.0	1014.1	-	172	
2021-11-18 17:45:00	2.5	북서	315	16.93	0.22	4.1	0.36	3.5	5.7	남남서	212	15.9	1014.2	-	88	
2021-11-18 17:50:00	2.5	서북서	302	16.93	0.21	3.4	0.28	4.0	5.0	남남서	208	15.9	1014.2	-	328	
2021-11-18 17:55:00	1.2	북북서	333	16.92	0.19	3.7	0.28	3.5	5.2	남서	215	16.0	1014.2	-	320	
2021-11-18 18:00:00	2.0	서북서	289	16.92	0.18	4.0	0.25	3.5	6.1	남서	216	16.0	1014.2	-	343	
2021-11-18 18:05:00	2.2	북북서	330	16.91	0.20	3.9	0.27	2.5	6.5	남남서	209	16.1	1014.2	-	135	
2021-11-18 18:10:00	1.5	서북서	298	16.89	0.17	4.1	0.21	3.0	5.9	남남서	206	16.0	1014.3	-	4	
2021-11-18 18:15:00	-	-	-	-	-	-	-	-	-	-	-	-	-	-	-	
2021-11-18 18:20:00	1.5	서	266	16.90	0.18	3.0	0.37	3.0	6.4	남서	214	15.9	1014.3	-	144	
2021-11-18 18:25:00	2.4	북북서	347	16.90	0.20	4.0	0.31	4.0	6.2	남남서	206	15.9	1014.4	-	154	
2021-11-18 18:30:00	1.2	북북서	327	16.91	0.17	4.1	0.22	3.0	6.9	남남서	207	15.9	1014.4	-	120	
2021-11-18 18:35:00	0.9	북북동	14	16.91	0.21	4.1	0.36	5.5	6.8	남남서	205	15.9	1014.5	-	25	
2021-11-18 18:40:00	1.7	북	352	16.91	0.18	3.9	0.26	4.0	7.2	남남서	205	15.9	1014.5	-	79	
2021-11-18 18:45:00	1.5	북서	318	16.91	0.20	3.4	0.25	3.0	7.0	남남서	199	16.0	1014.5	-	322	
2021-11-18 18:50:00	3.7	북북서	343	16.91	0.19	4.0	0.25	3.0	7.2	남남서	198	16.0	1014.4	-	284	
2021-11-18 18:55:00	0.7	북서	320	16.91	0.19	4.4	0.30	4.5	6.3	남남서	203	16.0	1014.5	-	169	
2021-11-18 19:00:00	1.9	북북동	16	16.91	0.18	3.9	0.28	4.5	6.1	남남서	205	16.0	1014.5	-	138	
2021-11-18 19:05:00	1.1	동남동	116	16.91	0.17	4.2	0.23	3.0	6.4	남남서	205	16.0	1014.5	-	60	
2021-11-18 19:10:00	2.5	북	10	16.90	0.18	4.4	0.26	5.0	6.4	남남서	202	16.1	1014.5	-	82	
2021-11-18 19:15:00	0.4	남	170	16.88	0.17	4.4	0.26	4.0	5.9	남남서	194	16.0	1014.6	-	96	
2021-11-18 19:20:00	0.4	북서	312	16.87	0.18	4.9	0.29	5.5	6.6	남남서	197	16.0	1014.6	-	95	
2021-11-18 19:25:00	1.1	남동	134	16.87	0.17	3.9	0.24	4.5	5.8	남남서	198	15.9	1014.7	-	61	
2021-11-18 19:30:00	2.4	동남동	120	16.87	0.16	4.2	0.22	5.5	6.0	남남서	201	15.8	1014.7	-	77	
2021-11-18 19:35:00	0.8	북북서	334	16.85	0.18	4.0	0.30	3.5	6.1	남남서	199	15.9	1014.7	-	128	
2021-11-18 19:40:00	2.6	동남동	103	16.85	0.17	4.4	0.28	3.5	7.0	남남서	199	15.9	1014.7	-	179	
2021-11-18 19:45:00	2.0	동남동	109	16.83	0.19	4.1	0.35	5.0	6.5	남남서	202	16.0	1014.7	-	71	
2021-11-18 19:50:00	2.0	동북동	77	16.82	0.17	4.6	0.30	5.0	6.2	남남서	199	16.1	1014.7	-	80	
2021-11-18 19:55:00	1.4	남남동	151	16.81	0.17	3.9	0.24	4.0	5.9	남남서	205	15.9	1014.7	-	206	
2021-11-18 20:00:00	2.2	동남동	124	16.80	0.17	4.1	0.25	5.5	5.3	남남서	202	15.9	1014.7	-	57	
2021-11-18 20:05:00	2.1	동남동	119	16.79	0.17	4.2	0.24	3.0	5.2	남남서	201	15.9	1014.8	-	165	
2021-11-18 20:10:00	2.8	동남동	106	16.78	0.20	3.9	0.35	4.0	5.6	남남서	195	15.9	1014.8	-	177	
2021-11-18 20:15:00	3.0	남동	136	16.77	0.20	3.9	0.29	3.5	5.1	남남서	199	15.8	1014.8	-	156	
2021-11-18 20:20:00	3.6	남동	137	16.77	0.18	4.3	0.23	5.0	5.6	남남서	210	16.0	1014.8	-	276	
2021-11-18 20:25:00	2.5	남남동	149	16.77	0.17	4.3	0.28	4.0	6.1	남남서	202	16.0	1014.8	-	152	
2021-11-18 20:30:00	3.0	남동	137	16.76	0.18	4.3	0.24	4.5	5.9	남남서	205	16.0	1014.8	-	334	
2021-11-18 20:35:00	3.2	남남동	153	16.76	0.21	4.0	0.30	5.5	5.2	남남서	210	16.1	1014.8	-	74	
2021-11-18 20:40:00	3.6	남남동	166	16.76	0.16	4.5	0.23	3.5	5.4	남남서	208	16.0	1014.8	-	154	
2021-11-18 20:45:00	5.1	남남동	156	16.76	0.17	4.2	0.23	3.0	4.7	남서	215	15.9	1014.8	-	330	
2021-11-18 20:50:00	3.0	남	177	16.76	0.19	4.2	0.30	3.5	4.5	남서	221	15.9	1014.8	-	6	
2021-11-18 20:55:00	3.7	남남동	161	16.76	0.17	4.1	0.22	2.5	4.6	남서	220	15.9	1014.9	-	337	
2021-11-18 21:00:00	4.6	남남동	160	16.77	0.19	4.4	0.30	4.0	3.8	남서	220	15.9	1014.9	-	115	
2021-11-18 21:05:00	4.3	남남동	158	16.77	0.22	4.5	0.36	3.5	3.3	남서	231	15.8	1015.0	-	84	
2021-11-18 21:10:00	4.1	남	170	16.78	0.20	4.3	0.26	3.0	4.2	남서	231	15.8	1015.0	-	334	
2021-11-18 21:15:00	3.0	남남서	205	16.79	0.19	4.4	0.30	3.5	3.9	남서	230	15.8	1015.1	-	105	
2021-11-18 21:20:00	3.7	남	183	16.81	0.18	4.0	0.33	4.0	2.9	서남서	242	15.8	1015.2	-	120	
2021-11-18 21:25:00	3.4	남	187	16.82	0.17	4.2	0.26	4.0	2.8	남서	230	15.7	1015.2	-	107	
2021-11-18 21:30:00	4.6	남남서	206	16.82	0.20	4.1	0.28	3.0	1.7	서남서	237	15.8	1015.2	-	2	
2021-11-18 21:35:00	1.7	남남서	204	16.83	0.18	3.8	0.31	4.0	2.0	남서	231	15.8	1015.2	-	352	
2021-11-18 21:40:00	2.3	남남동	161	16.83	0.18	3.8	0.33	4.0	2.0	남서	233	15.8	1015.2	-	327	
2021-11-18 21:45:00	3.1	남	173	16.84	0.21	3.6	0.30	3.0	1.3	남서	222	15.9	1015.2	-	12	
2021-11-18 21:50:00	3.1	남서	217	16.85	0.21	4.3	0.32	3.5	1.7	남서	227	15.6	1015.2	-	304	
2021-11-18 21:55:00	2.8	남남서	211	16.86	0.21	4.4	0.31	4.5	3.0	남남서	208	15.6	1015.2	-	22	
2021-11-18 22:00:00	0.7	남남서	198	16.86	0.19	4.1	0.30	4.0	3.4	남서	220	15.6	1015.2	-	165	
2021-11-18 22:05:00	0.8	남서	236	16.86	0.22	4.4	0.29	4.5	3.9	남남서	208	15.7	1015.2	-	0	
2021-11-18 22:10:00	1.7	남서	231	16.86	0.18	4.5	0.25	5.0	4.5	남남서	205	15.6	1015.2	-	147	
2021-11-18 22:15:00	2.7	남남서	209	16.86	0.23	4.5	0.41	4.0	4.0	남남서	211	15.6	1015.2	-	297	
2021-11-18 22:20:00	2.7	남남서	208	16.85	0.20	4.2	0.28	5.0	2.9	서남서	237	15.6	1015.3	-	164	
2021-11-18 22:25:00	3.4	남	188	16.86	0.20	4.3	0.28	3.5	2.1	서남서	254	15.4	1015.3	-	140	
2021-11-18 22:30:00	1.2	남남동	165	16.86	0.22	4.0	0.26	4.5	1.7	서남서	257	15.2	1015.3	-	284	
2021-11-18 22:35:00	2.8	남	177	16.87	0.19	4.2	0.28	5.0	2.9	서남서	251	15.2	1015.4	-	35	
2021-11-18 22:40:00	3.2	남	171	16.87	0.18	4.6	0.23	4.0	4.2	남서	233	15.2	1015.3	-	206	
2021-11-18 22:45:00	1.7	남	182	16.87	0.19	4.6	0.33	3.5	4.9	남서	230	15.7	1015.3	-	164	
2021-11-18 22:50:00	2.2	남	177	16.87	0.20	4.5	0.27	4.5	5.3	남서	233	15.7	1015.3	-	328	
2021-11-18 22:55:00	2.8	남	183	16.87	0.21	4.7	0.31	5.0	5.3	남서	233	15.7	1015.3	-	337	
2021-11-18 23:00:00	2.3	남남동	163	16.87	0.20	4.3	0.29	3.5	4.9	남서	230	15.7	1015.3	-	263	
2021-11-18 23:05:00	1.0	남남서	204	16.88	0.19	4.4	0.27	5.5	5.4	남서	227	15.7	1015.2	-	45	
2021-11-18 23:10:00	0.7	남남서	194	16.88	0.21	5.1	0.31	3.5	5.6	남서	227	15.7	1015.2	-	340	
2021-11-18 23:15:00	1.2	남남동	154	16.87	0.22	4.8	0.34	4.5	5.1	남서	230	15.6	1015.3	-	294	
2021-11-18 23:20:00	2.3	남서	218	16.86	0.24	5.1	0.29	5.5	5.0	남서	227	15.7	1015.3	-	339	
2021-11-18 23:25:00	2.7	남	189	16.87	0.20	4.8	0.29	4.5	4.5	남서	227	15.7	1015.3	-	344	
2021-11-18 23:30:00	2.2	서남서	237	16.87	0.19	4.5	0.25	5.0	4.5	남서	223	15.7	1015.3	-	355	
2021-11-18 23:35:00	3.1	남남서	195	16.87	0.21	4.9	0.27	5.0	4.0	남서	225	15.8	1015.4	-	19	
2021-11-18 23:40:00	1.7	남	183	16.87	0.22	4.7	0.34	5.0	4.4	남서	226	15.7	1015.5	-	312	
2021-11-18 23:45:00	0.9	남	180	16.87	0.21	4.7	0.32	4.5	4.0	남서	226	15.6	1015.4	-	61	
2021-11-18 23:50:00	2.0	남남서	213	16.87	0.22	4.6	0.31	4.5	4.2	남서	226	15.6	1015.4	-	343	
2021-11-18 23:55:00	0.6	남	185	16.87	0.18	4.8	0.24	3.0	3.4	남서	229	15.5	1015.3	-	65	
2021-11-19 00:00:00	1.2	남서	226	16.86	0.19	4.7	0.32	4.5	2.8	남서	230	15.5	1015.3	-	330	
2021-11-19 00:05:00	1.9	남	170	16.85	0.18	4.5	0.26	4.5	3.1	남서	231	15.5	1015.2	-	3	
2021-11-19 00:10:00	2.1	서남서	249	16.85	0.21	4.7	0.36	4.5	3.0	남서	230	15.4	1015.1	-	334	
2021-11-19 00:15:00	1.0	남남동	155	16.85	0.18	4.7	0.27	4.5	2.7	남남서	202	15.4	1015.1	-	119	
2021-11-19 00:20:00	2.3	서	277	16.83	0.19	4.4	0.27	4.0	3.6	남남서	203	15.4	1015.0	-	327	
2021-11-19 00:25:00	2.1	남	182	16.83	0.20	4.6	0.26	4.5	3.3	남서	215	15.5	1015.1	-	347	
2021-11-19 00:30:00	0.8	남남동	161	16.84	0.20	4.6	0.27	4.0	3.1	남서	215	15.5	1015.1	-	59	
2021-11-19 00:35:00	2.7	남	190	16.84	0.17	4.7	0.23	3.5	3.8	남서	219	15.5	1015.0	-	322	
2021-11-19 00:40:00	1.1	남남동	163	16.85	0.20	4.7	0.28	4.5	4.2	남서	226	15.4	1015.0	-	344	
2021-11-19 00:45:00	1.7	서남서	253	16.86	0.19	4.4	0.28	4.5	4.6	남서	228	15.4	1015.0	-	201	
2021-11-19 00:50:00	0.7	서	263	16.86	0.21	4.6	0.31	4.0	4.7	남서	233	15.4	1015.0	-	77	
2021-11-19 00:55:00	0.5	서	275	16.85	0.22	4.8	0.31	4.5	3.8	서	260	15.3	1015.1	-	345	
2021-11-19 01:00:00	0.9	남남서	205	16.85	0.20	4.8	0.37	4.0	2.6	서북서	291	15.1	1015.1	-	316	
2021-11-19 01:05:00	1.2	서남서	245	16.84	0.24	4.6	0.42	4.5	1.9	서북서	284	14.6	1015.2	-	310	
2021-11-19 01:10:00	1.1	남동	138	16.84	0.23	4.7	0.33	4.0	4.0	서남서	254	15.1	1015.0	-	157	
2021-11-19 01:15:00	1.5	남남동	159	16.84	0.18	4.5	0.25	6.0	5.4	서남서	255	15.2	1014.9	-	315	
2021-11-19 01:20:00	1.8	동	99	16.83	0.19	4.6	0.26	5.0	8.1	서남서	254	15.4	1014.7	-	174	
2021-11-19 01:25:00	3.1	동	89	16.83	0.21	4.6	0.28	4.5	8.8	서남서	252	15.4	1014.6	-	198	
2021-11-19 01:30:00	3.1	동남동	117	16.84	0.20	4.5	0.36	4.5	8.9	서남서	254	15.4	1014.6	-	300	
2021-11-19 01:35:00	6.0	동	100	16.82	0.22	4.2	0.34	4.5	9.1	서남서	247	15.5	1014.5	-	288	
2021-11-19 01:40:00	1.6	동남동	107	16.82	0.20	3.9	0.31	4.5	9.5	서남서	246	15.6	1014.5	-	313	
2021-11-19 01:45:00	5.3	동북동	76	16.82	0.20	4.3	0.28	4.0	9.0	서남서	244	15.6	1014.5	-	349	
2021-11-19 01:50:00	4.3	동	84	16.82	0.21	4.3	0.27	5.0	9.3	서남서	243	15.6	1014.4	-	76	
2021-11-19 01:55:00	5.5	동	93	16.81	0.20	4.6	0.26	4.5	9.4	서남서	241	15.6	1014.3	-	124	
2021-11-19 02:00:00	2.6	동남동	112	16.81	0.22	4.5	0.29	4.5	8.9	서남서	243	15.7	1014.5	-	313	
2021-11-19 02:05:00	3.4	동북동	66	16.81	0.20	4.5	0.36	4.0	8.8	서남서	240	15.7	1014.5	-	277	
2021-11-19 02:10:00	5.6	동	96	16.80	0.24	4.5	0.39	4.5	8.6	서남서	243	15.8	1014.6	-	157	
2021-11-19 02:15:00	3.4	동	83	16.81	0.23	4.3	0.35	4.0	8.4	서남서	242	15.7	1014.6	-	157	
2021-11-19 02:20:00	3.8	동남동	106	16.81	0.21	4.7	0.28	4.5	7.8	서남서	249	15.7	1014.6	-	287	
2021-11-19 02:25:00	2.8	동북동	57	16.80	0.23	4.5	0.30	4.5	8.1	서남서	249	15.5	1014.5	-	128	
2021-11-19 02:30:00	4.0	동북동	65	16.79	0.18	4.0	0.28	4.0	8.5	서남서	247	15.5	1014.4	-	115	
2021-11-19 02:35:00	7.3	동	99	16.78	0.19	4.1	0.31	5.0	8.4	서남서	249	15.5	1014.4	-	251	
2021-11-19 02:40:00	6.5	동	85	16.78	0.19	4.5	0.22	5.5	8.3	서남서	252	15.4	1014.4	-	9	
2021-11-19 02:45:00	3.7	동	87	16.78	0.22	4.7	0.33	5.0	9.0	서남서	254	15.4	1014.4	-	306	
2021-11-19 02:50:00	6.3	동	92	16.77	0.21	4.3	0.29	5.0	9.5	서남서	255	15.5	1014.4	-	153	
2021-11-19 02:55:00	5.2	동	99	16.77	0.23	4.0	0.34	4.0	10.1	서남서	255	15.6	1014.3	-	27	
2021-11-19 03:00:00	7.0	동남동	119	16.77	0.20	4.1	0.35	5.5	9.8	서남서	256	15.6	1014.4	-	177	
2021-11-19 03:05:00	2.7	동남동	108	16.77	0.21	4.1	0.31	4.0	10.2	서남서	257	15.7	1014.4	-	166	
2021-11-19 03:10:00	4.6	동남동	118	16.76	0.21	4.2	0.27	5.0	9.1	서남서	253	15.8	1014.5	-	356	
2021-11-19 03:15:00	9.0	동남동	122	16.76	0.21	4.5	0.43	4.5	8.6	서남서	247	15.8	1014.5	-	140	
2021-11-19 03:20:00	3.9	동	81	16.76	0.18	4.6	0.22	5.0	7.8	서남서	240	15.9	1014.6	-	224	
2021-11-19 03:25:00	2.1	남동	130	16.76	0.19	4.5	0.26	4.5	7.4	서남서	238	15.9	1014.6	-	320	
2021-11-19 03:30:00	5.4	동	101	16.76	0.20	4.5	0.31	4.5	7.7	남서	234	15.9	1014.7	-	318	
2021-11-19 03:35:00	3.2	동남동	104	16.76	0.24	4.4	0.36	4.5	7.1	남서	234	15.9	1014.7	-	151	
2021-11-19 03:40:00	2.1	동남동	108	16.76	0.22	4.5	0.33	4.5	7.1	남서	229	15.9	1014.7	-	329	
2021-11-19 03:45:00	2.6	남동	143	16.75	0.20	4.4	0.35	4.5	6.5	남서	231	15.8	1014.7	-	118	
2021-11-19 03:50:00	1.9	남남동	154	16.75	0.20	4.5	0.27	4.5	7.4	남서	225	15.9	1014.6	-	254	
2021-11-19 03:55:00	3.7	동남동	118	16.73	0.21	4.3	0.25	4.5	6.6	남서	226	15.9	1014.5	-	156	
2021-11-19 04:00:00	3.0	남동	133	16.73	0.20	4.1	0.27	4.0	6.9	남서	225	15.8	1014.4	-	143	
2021-11-19 04:05:00	4.6	남동	135	16.72	0.20	4.2	0.25	4.0	7.2	남서	227	15.9	1014.4	-	109	
2021-11-19 04:10:00	5.1	남남동	151	16.72	0.21	4.1	0.28	4.0	7.0	남서	222	15.9	1014.3	-	59	
2021-11-19 04:15:00	4.7	남동	132	16.73	0.18	3.9	0.25	4.0	7.4	남서	224	15.8	1014.2	-	80	
2021-11-19 04:20:00	4.5	동남동	123	16.72	0.22	4.1	0.33	4.0	7.3	남서	226	15.9	1014.3	-	220	
2021-11-19 04:25:00	5.1	남동	128	16.70	0.22	3.6	0.41	3.0	7.0	남서	222	15.9	1014.4	-	54	
2021-11-19 04:30:00	5.1	남동	128	16.71	0.18	3.8	0.32	3.5	7.5	남서	231	15.8	1014.4	-	331	
2021-11-19 04:35:00	5.2	남동	130	16.71	0.19	4.2	0.25	4.5	6.7	남서	230	15.9	1014.5	-	154	
2021-11-19 04:40:00	5.4	남동	136	16.71	0.20	4.4	0.31	4.0	6.2	남서	231	15.8	1014.6	-	191	
2021-11-19 04:45:00	4.3	남동	142	16.71	0.17	4.3	0.26	4.0	6.7	남서	233	15.7	1014.6	-	184	
2021-11-19 04:50:00	5.9	남동	144	16.69	0.19	4.6	0.26	4.5	6.5	남서	233	15.7	1014.7	-	273	
2021-11-19 04:55:00	6.4	남남동	161	16.70	0.19	4.4	0.25	4.0	6.3	서남서	238	15.7	1014.8	-	329	
2021-11-19 05:00:00	5.9	남동	136	16.68	0.17	4.4	0.26	4.5	5.9	서남서	241	15.7	1014.8	-	217	
2021-11-19 05:05:00	5.0	남동	140	16.68	0.22	4.2	0.30	4.0	5.5	서남서	244	15.6	1014.8	-	243	
2021-11-19 05:10:00	6.9	남동	146	16.60	0.21	4.3	0.27	4.0	5.4	서남서	241	15.6	1014.8	-	120	
2021-11-19 05:15:00	6.2	남동	139	16.55	0.21	4.0	0.32	3.5	5.9	서남서	246	15.6	1014.8	-	283	
2021-11-19 05:20:00	7.9	동남동	113	16.55	0.20	4.0	0.25	4.0	5.8	서남서	243	15.6	1014.8	-	180	
2021-11-19 05:25:00	8.4	남동	142	16.55	0.19	4.5	0.31	4.5	5.3	서남서	240	15.7	1014.8	-	120	
2021-11-19 05:30:00	6.6	동남동	124	16.53	0.19	4.5	0.25	4.0	5.6	서남서	242	15.6	1014.8	-	29	
2021-11-19 05:35:00	7.2	동남동	117	16.50	0.17	4.3	0.25	4.0	6.1	서남서	243	15.6	1014.8	-	115	
2021-11-19 05:40:00	7.6	남동	132	16.49	0.21	4.3	0.33	4.0	5.6	서남서	240	15.7	1014.9	-	165	
2021-11-19 05:45:00	5.9	남동	135	16.50	0.22	4.2	0.33	4.0	6.0	남서	234	15.7	1014.9	-	138	
2021-11-19 05:50:00	7.2	남동	127	16.49	0.20	4.1	0.27	4.5	5.2	서남서	237	15.6	1014.9	-	163	
2021-11-19 05:55:00	6.3	남동	140	16.49	0.23	4.6	0.33	4.0	5.9	남서	235	15.6	1014.8	-	106	
2021-11-19 06:00:00	7.2	남동	137	16.48	0.21	4.1	0.26	4.5	5.8	서남서	238	15.6	1014.8	-	337	
2021-11-19 06:05:00	7.0	남동	126	16.48	0.21	4.1	0.29	3.5	6.1	서남서	237	15.6	1014.7	-	136	
2021-11-19 06:10:00	5.7	남동	135	16.49	0.20	4.2	0.28	3.5	5.7	서남서	237	15.6	1014.7	-	286	
2021-11-19 06:15:00	5.7	남동	130	16.48	0.18	4.3	0.36	4.0	6.1	서남서	238	15.6	1014.6	-	293	
2021-11-19 06:20:00	7.0	남동	134	16.48	0.18	4.0	0.22	4.0	5.4	남서	236	15.7	1014.6	-	137	
2021-11-19 06:25:00	7.3	동남동	122	16.48	0.18	4.3	0.27	3.0	5.6	남서	235	15.6	1014.5	-	133	
2021-11-19 06:30:00	7.0	남동	127	16.47	0.19	4.2	0.29	4.5	6.0	남서	234	15.6	1014.5	-	165	
2021-11-19 06:35:00	5.2	남동	135	16.47	0.20	4.3	0.35	3.5	6.2	남서	235	15.6	1014.5	-	340	
2021-11-19 06:40:00	7.5	남동	128	16.47	0.22	4.0	0.28	5.0	6.8	서남서	239	15.6	1014.4	-	175	
2021-11-19 06:45:00	8.1	남동	124	16.45	0.20	4.3	0.27	4.5	7.3	서남서	238	15.7	1014.4	-	125	
2021-11-19 06:50:00	6.0	남동	131	16.45	0.20	4.4	0.31	4.0	6.8	서남서	237	15.7	1014.4	-	50	
2021-11-19 06:55:00	7.8	동남동	118	16.44	0.19	3.7	0.28	5.0	7.0	서남서	239	15.6	1014.5	-	292	
2021-11-19 07:00:00	7.5	동남동	122	16.45	0.18	4.0	0.32	4.0	6.7	서남서	239	15.6	1014.6	-	156	
2021-11-19 07:05:00	7.6	남동	130	16.45	0.21	3.9	0.33	3.5	6.1	서남서	241	15.6	1014.6	-	345	
2021-11-19 07:10:00	5.7	남동	126	16.45	0.19	4.1	0.24	3.5	5.6	서남서	241	15.6	1014.7	-	148	
2021-11-19 07:15:00	6.3	동남동	120	16.45	0.17	4.3	0.24	4.5	5.3	남서	234	15.6	1014.8	-	143	
2021-11-19 07:20:00	7.1	동남동	116	16.45	0.14	4.1	0.19	3.0	3.7	남서	232	15.5	1014.8	-	160	
2021-11-19 07:25:00	5.0	남동	130	16.46	0.15	4.2	0.20	4.0	3.7	남서	223	15.5	1014.9	-	135	
2021-11-19 07:30:00	5.8	남동	127	16.46	0.19	4.4	0.34	4.0	3.6	남남서	208	15.5	1014.9	-	158	
2021-11-19 07:35:00	4.8	남동	125	16.46	0.16	4.1	0.20	3.5	4.1	남남서	192	15.6	1014.9	-	284	
2021-11-19 07:40:00	3.9	남동	131	16.45	0.25	3.6	0.48	3.5	4.3	남남서	193	15.6	1014.9	-	314	
2021-11-19 07:45:00	5.0	남동	134	16.46	0.18	4.3	0.25	4.0	4.4	남남서	192	15.6	1015.0	-	138	
2021-11-19 07:50:00	4.2	남동	129	16.46	0.15	4.0	0.23	3.0	4.4	남	181	15.6	1015.0	-	179	
2021-11-19 07:55:00	2.4	남동	145	16.45	0.15	4.4	0.21	3.0	4.7	남	188	15.7	1015.1	-	130	
2021-11-19 08:00:00	3.5	남동	137	16.46	0.14	4.2	0.24	3.5	5.1	남	191	15.7	1015.2	-	168	
2021-11-19 08:05:00	3.6	남동	138	16.44	0.14	3.7	0.24	5.0	4.5	남남서	194	15.7	1015.3	-	148	
2021-11-19 08:10:00	3.8	남동	136	16.44	0.17	4.3	0.22	4.5	4.4	남남서	196	15.7	1015.3	-	249	
2021-11-19 08:15:00	4.1	남남동	161	16.43	0.16	4.4	0.26	5.0	4.1	남남서	205	15.7	1015.4	-	170	
2021-11-19 08:20:00	2.5	남남동	152	16.43	0.18	3.6	0.27	3.5	4.9	남남서	207	15.9	1015.4	-	112	
2021-11-19 08:25:00	2.9	남남동	158	16.43	0.15	3.8	0.22	3.0	4.4	남남서	210	16.0	1015.4	-	306	
2021-11-19 08:30:00	2.6	남동	124	16.43	0.15	4.1	0.20	2.5	4.2	남서	217	16.3	1015.5	-	155	
2021-11-19 08:35:00	1.0	남남동	160	16.43	0.15	4.1	0.23	3.5	4.7	남서	226	16.3	1015.5	-	114	
2021-11-19 08:40:00	0.8	동남동	111	16.42	0.16	3.8	0.31	4.0	3.8	남서	225	16.5	1015.5	-	18	
2021-11-19 08:45:00	1.5	동남동	120	16.43	0.16	3.7	0.26	3.0	4.2	남서	222	16.4	1015.5	-	284	
2021-11-19 08:50:00	3.0	남동	137	16.42	0.15	4.2	0.23	4.0	3.7	남서	235	16.5	1015.6	-	145	
2021-11-19 08:55:00	2.3	남남동	152	16.43	0.15	4.2	0.22	3.5	2.9	서남서	239	16.6	1015.7	-	125	
2021-11-19 09:00:00	1.2	남	176	16.42	0.15	4.5	0.21	5.0	2.3	서남서	244	16.7	1015.7	-	32	
2021-11-19 09:05:00	1.4	동남동	118	16.42	0.15	4.2	0.24	4.0	4.0	남서	229	16.9	1015.6	-	38	
2021-11-19 09:10:00	1.8	남남동	159	16.42	0.15	3.8	0.27	4.0	3.3	남서	235	17.1	1015.6	-	183	
2021-11-19 09:15:00	3.5	남남동	160	16.42	0.18	3.3	0.29	3.5	3.9	남서	235	17.2	1015.5	-	38	
2021-11-19 09:20:00	2.5	남	179	16.42	0.26	4.0	0.76	3.0	3.6	서남서	238	17.2	1015.7	-	329	
2021-11-19 09:25:00	2.7	남	187	16.42	0.18	3.8	0.26	4.5	3.2	남서	231	17.0	1015.7	-	329	
2021-11-19 09:30:00	3.7	남동	131	16.42	0.15	3.9	0.26	4.0	3.0	남서	232	17.0	1015.7	-	333	
2021-11-19 09:35:00	1.7	남동	127	16.41	0.18	3.7	0.30	3.0	3.0	남남서	206	16.9	1015.7	-	162	
2021-11-19 09:40:00	2.3	남동	125	16.42	0.19	3.6	0.29	3.5	1.9	남남서	203	16.9	1015.7	-	24	
2021-11-19 09:45:00	2.1	남남동	156	16.41	0.15	4.1	0.19	4.5	3.3	남서	214	17.0	1015.6	-	137	
2021-11-19 09:50:00	3.0	남남동	151	16.41	0.13	4.1	0.18	3.0	3.5	남서	214	16.9	1015.5	-	250	
2021-11-19 09:55:00	2.3	남남동	162	16.42	0.17	3.9	0.24	3.0	4.0	남서	235	16.8	1015.5	-	22	
2021-11-19 10:00:00	2.2	남남동	166	16.43	0.16	3.6	0.27	4.0	3.6	서남서	237	16.7	1015.5	-	34	
2021-11-19 10:05:00	0.9	남	185	16.43	0.16	4.0	0.24	3.0	3.2	남서	236	16.8	1015.6	-	89	
2021-11-19 10:10:00	1.3	동남동	113	16.43	0.14	4.2	0.23	4.0	3.2	남서	236	17.0	1015.6	-	140	
2021-11-19 10:15:00	1.6	동남동	111	16.44	0.13	3.8	0.28	3.5	4.1	남서	227	17.2	1015.6	-	75	
2021-11-19 10:20:00	2.1	남	177	16.44	0.16	3.7	0.24	2.5	3.0	남서	232	17.3	1015.6	-	69	
2021-11-19 10:25:00	2.6	남	176	16.44	0.15	4.3	0.28	3.0	4.8	남서	223	17.0	1015.6	-	224	
2021-11-19 10:30:00	1.2	남남동	153	16.45	0.16	4.0	0.24	4.0	5.2	남서	221	16.9	1015.5	-	146	
2021-11-19 10:35:00	1.4	동남동	123	16.45	0.15	4.3	0.21	4.0	4.9	남서	218	17.0	1015.5	-	169	
2021-11-19 10:40:00	1.3	동북동	77	16.45	0.15	4.0	0.21	4.0	5.1	남서	214	17.1	1015.4	-	340	
2021-11-19 10:45:00	1.9	동남동	105	16.45	0.21	3.6	0.28	3.0	4.9	남서	217	17.1	1015.3	-	325	
2021-11-19 10:50:00	0.9	동	79	16.46	0.15	4.2	0.22	4.5	5.2	남서	215	17.1	1015.3	-	193	
2021-11-19 10:55:00	3.2	동	85	16.46	0.15	4.2	0.22	6.5	5.3	남서	218	17.1	1015.3	-	152	
2021-11-19 11:00:00	3.0	남동	141	16.47	0.14	4.2	0.21	3.5	4.8	남서	217	17.2	1015.2	-	114	
2021-11-19 11:05:00	5.1	북서	304	16.47	0.13	4.3	0.19	4.5	5.1	남남서	213	17.3	1015.1	-	105	
2021-11-19 11:10:00	1.1	서북서	295	16.47	0.16	4.3	0.22	3.0	5.3	남남서	209	17.5	1015.0	-	66	
2021-11-19 11:15:00	2.8	남	185	16.47	0.17	4.3	0.27	3.5	4.0	남남서	195	17.7	1015.1	-	134	
2021-11-19 11:20:00	2.2	남동	132	16.47	0.15	4.5	0.21	3.5	3.0	남	190	17.9	1015.1	-	151	
2021-11-19 11:25:00	3.1	서	259	16.47	0.14	3.7	0.21	2.5	2.3	남서	218	18.1	1015.1	-	48	
2021-11-19 11:30:00	5.4	남서	214	16.48	0.16	3.8	0.25	3.5	1.3	남	175	18.4	1015.1	-	325	
2021-11-19 11:35:00	3.3	북북동	26	16.47	0.19	3.5	0.27	3.0	1.9	남서	232	18.4	1015.0	-	199	
2021-11-19 11:40:00	2.4	남동	141	16.48	0.15	4.1	0.25	4.0	0.7	북북서	343	18.4	1015.0	-	323	
2021-11-19 11:45:00	1.7	남동	126	16.48	0.16	4.2	0.24	3.5	1.2	남남동	150	18.6	1014.9	-	346	
2021-11-19 11:50:00	2.7	남	177	16.49	0.19	3.9	0.26	4.0	2.1	남동	128	18.3	1014.8	-	119	
2021-11-19 11:55:00	2.4	남남동	150	16.49	0.20	3.7	0.27	3.5	1.5	동	101	18.2	1014.8	-	340	
2021-11-19 12:00:00	2.6	남동	136	16.48	0.19	3.8	0.29	3.5	1.9	동	100	18.2	1014.8	-	130	
2021-11-19 12:05:00	0.5	동북동	58	16.48	0.19	3.9	0.23	4.0	1.7	동	90	18.3	1014.8	-	299	
2021-11-19 12:10:00	1.4	남동	138	16.49	0.16	3.9	0.24	4.0	1.9	동남동	113	18.2	1014.7	-	318	
2021-11-19 12:15:00	2.5	남	170	16.49	0.17	4.2	0.26	6.0	2.1	동남동	113	18.2	1014.6	-	156	
2021-11-19 12:20:00	4.9	남동	143	16.50	0.16	4.0	0.22	5.0	2.7	남동	127	18.2	1014.6	-	315	
2021-11-19 12:25:00	6.8	남남서	201	16.51	0.16	4.2	0.26	3.5	3.0	남동	143	18.3	1014.5	-	233	
2021-11-19 12:30:00	1.3	남남서	202	16.54	0.20	3.9	0.35	3.0	2.7	남동	140	18.4	1014.4	-	135	
2021-11-19 12:35:00	3.9	남남동	161	16.56	0.17	3.3	0.26	3.0	1.8	동남동	120	18.4	1014.4	-	11	
2021-11-19 12:40:00	2.9	남동	140	16.54	0.18	3.9	0.23	3.0	1.5	동남동	122	18.6	1014.4	-	138	
2021-11-19 12:45:00	4.9	남동	142	16.55	0.15	3.9	0.20	3.5	0.5	남동	146	18.9	1014.3	-	176	
2021-11-19 12:50:00	3.9	남동	136	16.57	0.14	4.0	0.19	3.0	0.9	북북동	13	19.3	1014.4	-	67	
2021-11-19 12:55:00	3.1	남남동	156	16.57	0.16	4.0	0.26	3.5	2.0	북북동	23	18.6	1014.3	-	167	
2021-11-19 13:00:00	4.0	남동	139	16.61	0.15	4.0	0.19	4.5	1.0	북북동	29	18.6	1014.4	-	1	
2021-11-19 13:05:00	3.1	남남동	162	16.61	0.15	3.9	0.20	4.0	1.7	동북동	62	18.6	1014.3	-	165	
2021-11-19 13:10:00	3.7	남동	141	16.62	0.16	4.1	0.21	4.0	2.1	북북동	33	18.7	1014.4	-	350	
2021-11-19 13:15:00	5.9	동남동	108	16.58	0.14	5.1	0.22	3.0	2.4	북동	50	18.7	1014.4	-	349	
2021-11-19 13:20:00	4.8	남동	141	16.60	0.16	4.3	0.23	5.5	1.5	동북동	72	18.8	1014.4	-	208	
2021-11-19 13:25:00	5.0	남동	132	16.61	0.17	4.7	0.24	6.5	1.0	동	82	19.1	1014.4	-	327	
2021-11-19 13:30:00	2.3	남	173	16.62	0.15	4.0	0.18	3.0	1.2	북북동	26	18.9	1014.4	-	228	
2021-11-19 13:35:00	5.1	남동	125	16.66	0.13	4.1	0.18	5.0	2.9	동북동	60	18.8	1014.3	-	223	
2021-11-19 13:40:00	3.4	남남동	168	16.66	0.16	4.0	0.27	4.5	0.6	서	259	19.1	1014.3	-	342	
2021-11-19 13:45:00	4.3	남남동	155	16.63	0.17	3.7	0.27	5.5	1.5	남동	136	19.5	1014.3	-	49	
2021-11-19 13:50:00	1.1	동남동	107	16.64	0.16	4.1	0.21	4.5	1.1	동	85	19.4	1014.4	-	153	
2021-11-19 13:55:00	5.1	동	98	16.65	0.15	4.0	0.23	5.5	1.8	동	92	19.0	1014.4	-	306	
2021-11-19 14:00:00	3.3	남동	140	16.66	0.17	3.7	0.29	4.0	1.9	동	87	18.6	1014.4	-	317	
2021-11-19 14:05:00	2.8	남동	145	16.66	0.15	4.0	0.21	4.0	1.8	동북동	78	18.7	1014.4	-	106	
2021-11-19 14:10:00	1.4	남동	142	16.70	0.19	4.0	0.31	3.0	1.5	동북동	63	18.5	1014.4	-	125	
2021-11-19 14:15:00	3.2	남동	141	16.72	0.17	3.7	0.25	3.5	1.6	동	97	18.4	1014.4	-	315	
2021-11-19 14:20:00	1.9	남동	132	16.70	0.17	4.1	0.23	3.5	2.1	동	95	18.3	1014.4	-	261	
2021-11-19 14:25:00	3.5	남동	142	16.72	0.20	4.0	0.31	3.0	2.6	동	94	18.3	1014.5	-	341	
2021-11-19 14:30:00	3.4	동남동	105	16.70	0.19	4.0	0.24	3.0	2.3	동	97	18.2	1014.5	-	336	
2021-11-19 14:35:00	3.3	남동	140	16.69	0.20	4.3	0.30	4.0	2.0	동북동	78	18.3	1014.5	-	333	
2021-11-19 14:40:00	5.2	동남동	104	16.70	0.20	3.9	0.26	4.5	2.5	동	100	18.3	1014.5	-	331	
2021-11-19 14:45:00	3.9	동남동	115	16.70	0.21	3.5	0.27	4.0	3.1	동	91	18.3	1014.5	-	326	
2021-11-19 14:50:00	3.9	남남동	169	16.72	0.29	3.1	0.41	3.0	1.6	동북동	75	18.5	1014.6	-	211	
2021-11-19 14:55:00	2.1	남남서	210	16.66	0.20	4.0	0.30	3.5	1.8	동북동	63	18.7	1014.6	-	319	
2021-11-19 15:00:00	3.4	남동	138	16.64	0.24	3.7	0.32	3.0	1.4	동	91	18.7	1014.7	-	141	
2021-11-19 15:05:00	2.4	남동	136	16.63	0.23	3.5	0.38	4.0	1.0	동북동	61	18.4	1014.8	-	321	
2021-11-19 15:10:00	4.4	남동	125	16.63	0.18	4.0	0.27	3.5	1.4	동남동	111	18.3	1014.8	-	9	
2021-11-19 15:15:00	5.1	남동	135	16.62	0.21	3.9	0.36	3.5	1.9	남동	128	18.2	1014.8	-	190	
2021-11-19 15:20:00	6.4	남동	134	16.58	0.20	4.4	0.37	4.0	2.3	남동	134	18.2	1014.9	-	251	
2021-11-19 15:25:00	2.9	남동	133	16.61	0.19	3.9	0.25	3.0	2.6	남남동	150	18.3	1014.9	-	144	
2021-11-19 15:30:00	-	-	-	-	0.00	0.0	0.00	0.0	2.5	남동	142	18.3	1015.0	-	297	
2021-11-19 15:35:00	5.0	동	92	16.60	0.23	3.7	0.33	4.0	1.8	남동	138	18.4	1015.0	-	337	
2021-11-19 15:40:00	1.9	남	185	16.58	0.23	3.5	0.33	3.5	1.1	남동	141	18.4	1015.0	-	332	
2021-11-19 15:45:00	2.1	동북동	57	16.60	0.20	3.5	0.30	3.0	1.0	남	174	18.4	1015.1	-	323	
2021-11-19 15:50:00	4.9	동남동	118	16.60	0.21	3.3	0.30	3.5	1.4	남남서	197	18.4	1015.2	-	339	
2021-11-19 15:55:00	2.6	동	95	16.60	0.29	3.6	0.47	3.0	1.8	남	177	18.5	1015.2	-	344	
2021-11-19 16:00:00	4.8	남동	143	16.61	0.27	3.8	0.35	5.0	2.5	남	176	18.2	1015.2	-	331	
2021-11-19 16:05:00	2.6	남동	127	16.60	0.25	3.4	0.34	3.5	2.5	남남동	165	17.9	1015.2	-	347	
2021-11-19 16:10:00	0.6	동북동	59	16.58	0.22	3.8	0.31	3.0	1.5	남남동	151	18.0	1015.3	-	337	
2021-11-19 16:15:00	2.5	남남동	165	16.56	0.21	3.7	0.29	5.5	1.0	남	180	18.0	1015.3	-	340	
2021-11-19 16:20:00	2.7	남남동	163	16.54	0.21	3.9	0.29	2.5	1.4	남	180	18.0	1015.4	-	341	
2021-11-19 16:25:00	1.7	남동	137	16.55	0.21	3.6	0.31	3.5	1.0	남	179	17.7	1015.4	-	72	
2021-11-19 16:30:00	3.0	남동	131	16.52	0.23	3.4	0.34	4.0	1.2	남	189	18.1	1015.5	-	1	
2021-11-19 16:35:00	1.5	남남동	151	16.53	0.22	4.6	0.34	3.5	2.1	남남서	211	18.0	1015.5	-	25	
2021-11-19 16:40:00	4.1	남	172	16.53	0.23	3.9	0.36	3.5	2.6	남서	230	17.9	1015.6	-	334	
2021-11-19 16:45:00	3.5	남동	127	16.54	0.20	4.1	0.26	3.0	2.7	남서	230	18.0	1015.6	-	130	
2021-11-19 16:50:00	2.7	남남동	152	16.55	0.31	3.5	0.44	3.0	2.0	서	266	17.5	1015.6	-	17	
2021-11-19 16:55:00	2.0	남	190	16.54	0.24	3.9	0.33	3.0	0.6	서남서	256	17.3	1015.7	-	22	
2021-11-19 17:00:00	2.3	남서	226	16.51	0.21	3.7	0.31	4.0	0.7	서남서	256	17.1	1015.7	-	169	
2021-11-19 17:05:00	0.5	남서	223	16.52	0.21	4.2	0.29	5.0	1.6	남서	232	17.2	1015.8	-	333	
2021-11-19 17:10:00	0.5	서	261	16.52	0.20	3.6	0.32	4.5	1.1	남서	232	17.4	1015.8	-	143	
2021-11-19 17:15:00	1.7	서남서	258	16.51	0.23	4.1	0.30	6.0	1.7	남서	235	17.0	1015.9	-	45	
2021-11-19 17:20:00	1.8	남	169	16.52	0.22	4.1	0.31	5.0	2.4	남서	236	16.8	1016.0	-	20	
2021-11-19 17:25:00	2.1	서	268	16.51	0.22	3.9	0.40	3.0	2.3	서남서	238	16.6	1016.1	-	285	
2021-11-19 17:30:00	1.4	남	188	16.52	0.22	4.4	0.33	4.5	3.1	서남서	240	16.6	1016.1	-	60	
2021-11-19 17:35:00	3.8	남남서	198	16.52	0.19	3.9	0.27	3.0	3.6	남서	227	16.9	1016.1	-	2	
2021-11-19 17:40:00	6.6	남남서	200	16.51	0.22	3.8	0.33	3.5	3.7	남서	228	16.7	1016.1	-	327	
2021-11-19 17:45:00	1.0	남서	223	16.51	0.22	4.5	0.30	3.5	3.5	남서	231	16.5	1016.2	-	165	
2021-11-19 17:50:00	2.9	남서	233	16.50	0.18	4.4	0.24	3.0	3.5	남서	233	16.5	1016.2	-	4	
2021-11-19 17:55:00	1.0	서북서	282	16.50	0.18	4.2	0.25	5.0	3.7	서남서	242	16.6	1016.2	-	316	
2021-11-19 18:00:00	1.0	남남서	197	16.50	0.20	3.8	0.25	4.5	3.4	서남서	246	16.5	1016.3	-	179	
2021-11-19 18:05:00	2.7	서	276	16.49	0.19	3.9	0.30	4.0	4.1	서남서	245	16.5	1016.2	-	26	
2021-11-19 18:10:00	2.1	서남서	248	16.49	0.20	4.0	0.28	5.0	4.7	서남서	250	16.5	1016.2	-	170	
2021-11-19 18:15:00	3.0	서	263	16.49	0.20	4.3	0.28	3.0	4.6	서남서	249	16.5	1016.3	-	161	
2021-11-19 18:20:00	2.0	서남서	256	16.50	0.18	3.8	0.22	4.5	4.3	서남서	253	16.3	1016.3	-	89	
2021-11-19 18:25:00	2.4	서남서	252	16.50	0.17	4.0	0.28	3.5	4.5	서남서	250	16.0	1016.3	-	177	
2021-11-19 18:30:00	1.9	서	271	16.50	0.17	4.2	0.23	5.5	4.9	서남서	251	16.0	1016.3	-	205	
2021-11-19 18:35:00	2.9	서남서	243	16.50	0.19	4.4	0.25	4.0	4.8	서남서	248	15.8	1016.3	-	115	
2021-11-19 18:40:00	2.3	서남서	252	16.51	0.16	4.4	0.22	4.0	5.0	서남서	252	15.6	1016.5	-	89	
2021-11-19 18:45:00	0.7	북서	319	16.52	0.17	3.9	0.26	3.5	4.9	서남서	248	15.5	1016.5	-	329	
2021-11-19 18:50:00	0.7	남서	221	16.53	0.18	4.4	0.25	5.0	4.7	서남서	245	15.4	1016.6	-	75	
2021-11-19 18:55:00	2.5	서남서	237	16.51	0.17	4.4	0.21	4.5	4.9	서남서	242	15.4	1016.7	-	5	
2021-11-19 19:00:00	1.2	서	262	16.51	0.18	4.4	0.27	4.0	5.0	서남서	240	15.4	1016.7	-	146	
2021-11-19 19:05:00	1.5	서	270	16.51	0.16	4.1	0.24	3.0	5.0	서남서	241	15.4	1016.7	-	348	
2021-11-19 19:10:00	1.1	남서	236	16.51	0.19	4.0	0.29	3.5	4.9	서남서	239	15.4	1016.7	-	134	
2021-11-19 19:15:00	0.3	서북서	292	16.52	0.16	3.5	0.22	4.0	4.7	서남서	237	15.5	1016.8	-	337	
2021-11-19 19:20:00	1.5	서북서	290	16.52	0.20	4.2	0.28	3.5	4.4	남서	236	15.4	1016.8	-	177	
2021-11-19 19:25:00	2.6	남서	227	16.51	0.17	3.8	0.27	3.5	4.5	서남서	242	15.4	1016.8	-	158	
2021-11-19 19:30:00	3.2	남서	233	16.50	0.19	4.3	0.24	5.0	4.5	서남서	239	15.3	1016.8	-	170	
2021-11-19 19:35:00	2.1	서	262	16.50	0.19	4.1	0.25	4.0	4.4	서남서	241	15.2	1016.9	-	50	
2021-11-19 19:40:00	0.6	서남서	248	16.52	0.21	3.8	0.28	4.0	4.6	서남서	243	15.1	1017.0	-	150	
2021-11-19 19:45:00	1.6	서북서	290	16.53	0.23	3.9	0.36	5.0	4.1	서남서	244	15.1	1017.0	-	28	
2021-11-19 19:50:00	1.7	서남서	255	16.53	0.21	4.5	0.41	4.0	4.2	서남서	241	14.9	1017.0	-	65	
2021-11-19 19:55:00	1.7	서남서	245	16.53	0.20	4.4	0.33	4.0	4.1	서남서	237	14.9	1017.1	-	109	
2021-11-19 20:00:00	1.0	서	274	16.53	0.23	3.9	0.31	3.0	4.5	남서	236	14.9	1017.2	-	324	
2021-11-19 20:05:00	1.6	남	190	16.53	0.23	4.1	0.29	3.5	4.6	남서	231	14.9	1017.3	-	63	
2021-11-19 20:10:00	2.3	서	281	16.53	0.23	3.8	0.39	4.5	3.7	남서	235	14.9	1017.4	-	98	
2021-11-19 20:15:00	0.2	북동	56	16.55	0.24	4.3	0.37	3.5	3.7	남서	233	14.9	1017.4	-	58	
2021-11-19 20:20:00	0.8	남남동	158	16.56	0.22	4.6	0.39	3.0	3.9	남서	232	14.8	1017.5	-	56	
2021-11-19 20:25:00	0.7	남서	219	16.55	0.25	3.9	0.36	4.5	4.0	남서	232	14.8	1017.5	-	213	
2021-11-19 20:30:00	0.8	남남동	164	16.54	0.22	4.5	0.31	5.0	3.7	서남서	238	14.9	1017.5	-	301	
2021-11-19 20:35:00	1.0	북	11	16.54	0.22	3.7	0.28	3.0	3.6	남서	236	14.9	1017.6	-	359	
2021-11-19 20:40:00	0.7	서남서	245	16.56	0.23	3.9	0.35	4.5	3.9	서남서	238	14.9	1017.7	-	188	
2021-11-19 20:45:00	1.5	남	176	16.56	0.22	3.9	0.34	3.5	4.1	남서	236	15.0	1017.7	-	100	
2021-11-19 20:50:00	0.8	북북동	19	16.54	0.21	4.0	0.27	2.5	4.5	서남서	238	14.9	1017.7	-	235	
2021-11-19 20:55:00	1.1	북북동	32	16.53	0.21	4.6	0.28	5.0	4.4	서남서	241	14.8	1017.8	-	42	
2021-11-19 21:00:00	0.3	서	268	16.54	0.21	3.9	0.27	4.5	3.8	서남서	241	14.8	1017.8	-	76	
2021-11-19 21:05:00	1.1	북	353	16.56	0.23	4.0	0.31	4.5	3.5	남서	236	14.7	1017.9	-	204	
2021-11-19 21:10:00	0.9	북북서	342	16.56	0.21	4.2	0.31	3.5	3.9	서남서	237	14.7	1017.9	-	22	
2021-11-19 21:15:00	2.0	북	351	16.57	0.21	4.3	0.27	3.5	3.9	남서	231	14.6	1017.9	-	215	
2021-11-19 21:20:00	2.8	북북동	26	16.57	0.22	4.3	0.30	5.5	3.9	남서	233	14.4	1018.0	-	20	
2021-11-19 21:25:00	3.9	북	358	16.57	0.21	4.1	0.34	3.5	3.6	남서	236	14.6	1018.0	-	97	
2021-11-19 21:30:00	4.2	북	1	16.54	0.22	4.5	0.37	4.5	3.9	남서	235	14.4	1018.1	-	40	
2021-11-19 21:35:00	4.9	북	355	16.52	0.23	4.9	0.27	4.5	3.9	서남서	241	14.4	1018.1	-	164	
2021-11-19 21:40:00	3.3	북	360	16.51	0.25	4.8	0.37	5.5	4.3	서남서	248	14.3	1018.1	-	19	
2021-11-19 21:45:00	2.9	북	5	16.50	0.25	5.0	0.36	5.0	4.4	서남서	248	14.2	1018.2	-	135	
2021-11-19 21:50:00	5.1	북	353	16.49	0.19	5.1	0.30	5.5	4.2	서남서	248	14.1	1018.2	-	55	
2021-11-19 21:55:00	4.9	북	5	16.48	0.21	4.8	0.25	6.0	3.9	서남서	243	14.0	1018.3	-	100	
2021-11-19 22:00:00	6.2	북북동	16	16.47	0.18	4.9	0.27	5.0	4.3	서남서	244	13.9	1018.3	-	47	
2021-11-19 22:05:00	4.5	북	3	16.46	0.22	4.8	0.41	5.5	4.1	서남서	241	13.8	1018.3	-	161	
2021-11-19 22:10:00	5.2	북	11	16.44	0.21	4.7	0.28	5.0	3.9	서남서	243	13.6	1018.4	-	144	
2021-11-19 22:15:00	4.6	북북동	14	16.43	0.19	4.7	0.30	5.0	3.8	서남서	247	13.5	1018.4	-	149	
2021-11-19 22:20:00	4.8	북	353	16.43	0.22	4.7	0.31	4.5	4.0	서남서	248	13.4	1018.5	-	206	
2021-11-19 22:25:00	5.4	북	356	16.43	0.22	5.1	0.29	4.5	4.3	서남서	241	13.5	1018.5	-	107	
2021-11-19 22:30:00	5.4	북북서	348	16.44	0.17	4.5	0.26	3.5	4.3	서남서	244	13.5	1018.5	-	160	
2021-11-19 22:35:00	5.2	북	4	16.44	0.20	5.3	0.28	5.0	3.9	서남서	248	13.5	1018.6	-	205	
2021-11-19 22:40:00	4.2	북	352	16.45	0.19	4.4	0.25	5.0	4.2	서남서	244	13.4	1018.6	-	214	
2021-11-19 22:45:00	3.5	북북서	338	16.46	0.21	4.7	0.29	5.0	4.2	서남서	245	13.4	1018.6	-	217	
2021-11-19 22:50:00	4.9	북	357	16.47	0.19	4.7	0.36	4.5	3.8	서남서	247	13.5	1018.6	-	335	
2021-11-19 22:55:00	5.0	북	352	16.47	0.19	4.5	0.30	4.5	3.8	서남서	250	13.5	1018.7	-	12	
2021-11-19 23:00:00	5.1	북북서	345	16.47	0.24	4.7	0.42	5.0	4.0	서남서	252	13.4	1018.7	-	350	
2021-11-19 23:05:00	4.3	북	356	16.48	0.20	4.7	0.32	4.0	4.7	서남서	251	13.6	1018.6	-	177	
2021-11-19 23:10:00	5.4	북북서	330	16.49	0.22	4.7	0.36	5.0	5.1	서남서	249	13.6	1018.6	-	190	
2021-11-19 23:15:00	5.4	북북서	342	16.49	0.24	4.9	0.32	5.0	5.3	서남서	251	13.5	1018.6	-	57	
2021-11-19 23:20:00	3.2	북	360	16.48	0.24	5.0	0.41	4.5	5.0	서	259	13.3	1018.6	-	194	
2021-11-19 23:25:00	4.3	북북서	339	16.46	0.23	4.3	0.39	4.5	4.5	서	267	13.1	1018.7	-	173	
2021-11-19 23:30:00	4.5	북서	326	16.46	0.21	4.3	0.27	3.5	4.0	서	268	13.2	1018.8	-	35	
2021-11-19 23:35:00	10.3	북서	323	16.46	0.22	4.7	0.33	5.5	2.0	서북서	296	13.4	1018.9	-	201	
2021-11-19 23:40:00	13.6	북서	320	16.46	0.24	5.0	0.32	5.0	1.6	북서	320	13.3	1018.9	-	131	
2021-11-19 23:45:00	12.2	북서	326	16.47	0.26	4.8	0.36	4.0	2.1	북북서	337	13.4	1018.8	-	223	
2021-11-19 23:50:00	11.0	북서	310	16.48	0.27	4.6	0.42	4.5	2.1	북서	324	13.4	1018.7	-	254	
2021-11-19 23:55:00	13.5	북서	311	16.52	0.24	5.2	0.34	5.5	1.7	북서	305	13.4	1018.7	-	51	
2021-11-20 00:00:00	15.2	북서	317	16.53	0.25	5.3	0.44	4.5	1.1	북서	307	13.3	1018.7	-	184	
2021-11-20 00:05:00	12.6	북서	314	16.59	0.26	4.6	0.35	4.0	1.4	북서	307	13.4	1018.7	-	125	
2021-11-20 00:10:00	12.3	북서	325	16.65	0.27	4.6	0.32	4.0	2.5	북북서	340	13.5	1018.8	-	331	
2021-11-20 00:15:00	9.1	북서	314	16.66	0.26	5.1	0.43	4.5	3.2	북서	306	13.5	1018.8	-	179	
2021-11-20 00:20:00	12.2	북서	314	16.67	0.25	4.7	0.33	5.0	4.1	북서	308	13.4	1018.9	-	309	
2021-11-20 00:25:00	9.1	서북서	297	16.65	0.32	4.9	0.50	4.5	4.9	북서	305	13.6	1018.8	-	244	
2021-11-20 00:30:00	9.8	북서	311	16.65	0.34	5.0	0.45	4.5	4.4	북	354	14.6	1018.8	-	217	
2021-11-20 00:35:00	9.1	북서	309	16.65	0.33	4.5	0.51	4.0	4.6	북	1	15.2	1018.8	-	93	
2021-11-20 00:40:00	6.4	북북서	337	16.64	0.36	5.2	0.46	4.5	4.4	북북동	29	14.6	1018.9	-	13	
2021-11-20 00:45:00	7.3	북서	315	16.64	0.37	4.8	0.51	5.0	3.8	북동	40	13.7	1018.9	-	47	
2021-11-20 00:50:00	10.4	북서	316	16.64	0.49	4.8	0.64	4.5	3.6	북북동	22	13.6	1019.0	-	93	
2021-11-20 00:55:00	9.4	북서	315	16.64	0.49	4.4	0.68	6.5	2.0	북북동	12	13.4	1018.9	-	82	
2021-11-20 01:00:00	17.5	북서	305	16.67	0.66	4.6	0.84	4.5	3.5	북	2	13.8	1018.8	-	73	
2021-11-20 01:05:00	13.3	북서	320	16.65	0.91	4.7	1.46	4.5	4.2	북	349	13.8	1018.8	-	93	
2021-11-20 01:10:00	9.4	북서	307	16.65	0.96	4.6	1.27	5.0	5.0	북북서	337	14.0	1018.6	-	112	
2021-11-20 01:15:00	15.3	북서	307	16.62	0.88	4.8	1.17	4.5	5.5	북북서	342	14.3	1018.6	-	75	
2021-11-20 01:20:00	12.6	북서	312	16.60	1.03	4.7	1.23	5.0	4.3	북북서	342	14.2	1018.5	-	296	
2021-11-20 01:25:00	10.4	서북서	293	16.61	0.97	5.5	1.16	4.0	3.5	서북서	297	14.0	1018.4	-	69	
2021-11-20 01:30:00	12.5	북서	310	16.61	1.07	4.8	1.49	4.0	1.3	남남동	166	14.0	1018.4	-	79	
2021-11-20 01:35:00	11.5	북서	305	16.62	1.11	4.9	1.69	4.5	1.5	동북동	73	13.9	1018.5	-	65	
2021-11-20 01:40:00	17.0	서북서	300	16.62	1.13	5.3	1.98	5.5	3.0	북	10	13.9	1018.3	-	70	
2021-11-20 01:45:00	7.5	북서	314	16.63	1.07	5.0	1.46	5.0	4.0	북	9	14.1	1018.2	-	133	
2021-11-20 01:50:00	16.9	서북서	295	16.62	1.18	5.0	1.67	5.0	2.6	동	94	14.2	1018.4	-	77	
2021-11-20 01:55:00	11.7	서북서	299	16.63	1.26	4.9	1.59	6.0	1.5	남동	137	14.3	1018.4	-	43	
2021-11-20 02:00:00	9.8	북서	325	16.69	1.16	6.0	1.53	7.0	0.6	동북동	78	14.2	1018.5	-	74	
2021-11-20 02:05:00	5.4	북서	305	16.70	1.55	5.3	1.78	5.5	0.9	동북동	61	14.1	1018.5	-	46	
2021-11-20 02:10:00	10.8	북서	323	16.69	1.34	5.3	1.67	4.5	1.1	북동	49	14.1	1018.5	-	92	
2021-11-20 02:15:00	4.0	서남서	249	16.69	1.23	5.3	1.76	6.0	2.3	북동	41	14.4	1018.4	-	69	
2021-11-20 02:20:00	10.5	북서	307	16.67	1.42	5.8	2.06	5.0	3.7	북북서	341	14.3	1018.5	-	61	
2021-11-20 02:25:00	12.3	북서	311	16.68	1.29	5.3	1.70	5.0	3.1	북	358	14.0	1018.5	-	68	
2021-11-20 02:30:00	5.6	북북서	330	16.66	1.37	5.5	1.91	5.0	3.5	북서	324	14.1	1018.5	-	42	
2021-11-20 02:35:00	10.7	북북서	329	16.66	1.27	6.0	1.84	6.0	5.1	북서	307	13.8	1018.3	-	51	
2021-11-20 02:40:00	10.7	북북서	345	16.66	1.40	5.4	2.61	5.5	5.1	서북서	296	13.7	1018.3	-	59	
2021-11-20 02:45:00	8.3	북북서	336	16.64	1.37	6.0	1.83	7.0	6.2	서북서	287	13.4	1018.3	-	58	
2021-11-20 02:50:00	2.5	서북서	297	16.62	1.45	6.3	2.04	5.5	6.2	서북서	287	13.0	1018.3	-	75	
2021-11-20 02:55:00	7.5	북서	321	16.60	1.23	5.8	1.78	6.0	5.6	서북서	286	13.1	1018.3	-	76	
2021-11-20 03:00:00	7.3	동남동	120	16.59	1.49	6.3	2.18	5.5	5.3	서	275	13.0	1018.4	-	68	
2021-11-20 03:05:00	3.0	서남서	248	16.57	1.60	6.3	1.96	7.0	4.7	서	275	12.9	1018.5	-	66	
2021-11-20 03:10:00	6.0	서남서	241	16.56	1.64	6.6	2.67	6.0	4.6	서남서	242	12.9	1018.6	-	60	
2021-11-20 03:15:00	3.7	남남서	198	16.55	1.31	6.1	1.92	6.0	4.7	남서	223	12.5	1018.6	-	82	
2021-11-20 03:20:00	1.3	동북동	57	16.53	1.45	6.3	1.83	7.0	4.6	남서	228	12.5	1018.7	-	77	
2021-11-20 03:25:00	3.6	서남서	257	16.53	1.53	6.4	2.34	5.5	4.2	남서	215	12.7	1018.7	-	45	
2021-11-20 03:30:00	4.2	북북서	339	16.52	1.68	5.9	2.01	6.0	3.5	남서	226	12.7	1018.7	-	55	
2021-11-20 03:35:00	1.2	남남동	162	16.52	1.51	6.2	2.20	5.5	3.9	남서	229	12.8	1018.8	-	52	
2021-11-20 03:40:00	9.8	북서	317	16.53	1.72	6.9	2.34	7.0	4.2	남서	225	13.0	1018.7	-	64	
2021-11-20 03:45:00	6.6	북북서	328	16.54	1.88	7.0	2.17	6.0	4.4	서남서	239	13.1	1018.7	-	37	
2021-11-20 03:50:00	3.3	남남동	160	16.54	1.99	7.0	3.02	6.0	4.9	서남서	244	13.3	1018.6	-	33	
2021-11-20 03:55:00	4.3	동	95	16.54	2.22	6.5	3.32	6.5	5.6	서남서	249	13.2	1018.6	-	82	
2021-11-20 04:00:00	3.8	북서	322	16.53	1.68	6.8	2.35	7.0	5.3	서남서	254	13.1	1018.5	-	57	
2021-11-20 04:05:00	9.2	북동	52	16.52	2.07	7.0	3.11	7.0	5.7	서남서	253	13.1	1018.6	-	52	
2021-11-20 04:10:00	6.4	북북동	16	16.55	1.47	6.4	1.89	6.5	5.1	서남서	257	13.2	1018.5	-	75	
2021-11-20 04:15:00	8.8	남남서	211	16.55	1.69	6.6	2.53	6.5	6.2	서	260	13.4	1018.6	-	55	
2021-11-20 04:20:00	5.4	북동	39	16.54	1.86	6.3	2.54	6.0	6.2	서남서	257	13.6	1018.6	-	70	
2021-11-20 04:25:00	1.5	남	189	16.53	1.82	7.1	2.45	7.0	6.8	서	269	13.8	1018.7	-	43	
2021-11-20 04:30:00	3.2	남남동	151	16.53	1.83	7.1	2.26	6.5	7.0	서	272	13.8	1018.8	-	53	
2021-11-20 04:35:00	5.1	남남동	152	16.52	1.85	7.2	2.09	7.0	6.1	서	274	13.7	1018.9	-	48	
2021-11-20 04:40:00	1.6	서남서	245	16.53	1.61	6.8	2.36	6.5	5.5	서	274	13.5	1019.0	-	55	
2021-11-20 04:45:00	6.1	남남동	165	16.52	1.61	6.9	1.96	8.0	5.7	서	272	13.5	1019.0	-	57	
2021-11-20 04:50:00	3.5	동	93	16.51	2.15	7.1	3.00	7.5	5.2	서	267	13.4	1019.0	-	45	
2021-11-20 04:55:00	1.2	남	174	16.51	1.68	6.4	2.47	6.5	5.4	서	271	13.3	1019.0	-	52	
2021-11-20 05:00:00	7.5	동남동	109	16.50	1.68	6.7	2.34	7.0	6.5	서	272	13.4	1019.0	-	40	
2021-11-20 05:05:00	5.7	남남동	160	16.50	1.61	6.7	2.17	7.5	7.1	서북서	282	13.3	1019.1	-	51	
2021-11-20 05:10:00	5.5	남남서	194	16.49	1.58	7.2	2.60	7.0	7.4	서북서	295	13.2	1019.1	-	53	
2021-11-20 05:15:00	6.9	서북서	304	16.48	1.62	6.7	2.21	7.5	8.2	서북서	297	13.2	1019.1	-	45	
2021-11-20 05:20:00	1.8	남남동	147	16.47	2.08	6.9	3.23	7.0	8.8	서북서	302	13.1	1019.1	-	59	
2021-11-20 05:25:00	5.2	남남동	165	16.47	1.47	7.0	1.82	8.0	8.8	북서	307	13.1	1019.1	-	47	
2021-11-20 05:30:00	2.1	서남서	244	16.46	1.86	6.7	2.27	6.5	7.7	서북서	298	13.1	1019.2	-	52	
2021-11-20 05:35:00	2.7	서	265	16.46	1.76	6.8	2.27	7.5	7.1	서북서	294	12.9	1019.2	-	45	
2021-11-20 05:40:00	6.7	서	276	16.47	1.75	6.8	2.07	7.5	7.2	북서	306	13.0	1019.2	-	64	
2021-11-20 05:45:00	9.7	남서	220	16.48	1.37	6.4	1.82	5.5	7.4	북서	305	13.0	1019.3	-	28	
2021-11-20 05:50:00	7.6	서	262	16.47	1.78	7.0	2.29	6.5	6.4	서북서	300	13.1	1019.3	-	42	
2021-11-20 05:55:00	4.4	남동	125	16.47	1.64	7.3	2.20	7.5	6.2	북서	304	13.2	1019.4	-	47	
2021-11-20 06:00:00	6.4	남서	223	16.48	1.92	7.0	2.43	6.0	6.1	서북서	300	13.2	1019.4	-	33	
2021-11-20 06:05:00	2.8	남남서	205	16.47	1.75	7.4	2.20	7.5	6.1	서북서	295	13.2	1019.4	-	43	
2021-11-20 06:10:00	4.6	남서	214	16.46	1.85	7.2	2.32	6.5	4.6	서	277	12.9	1019.6	-	57	
2021-11-20 06:15:00	8.2	남서	220	16.45	1.54	6.8	1.91	7.5	5.1	서	275	12.6	1019.6	-	41	
2021-11-20 06:20:00	1.6	동남동	120	16.45	1.49	6.7	2.07	6.0	4.8	서	276	12.6	1019.7	-	39	
2021-11-20 06:25:00	3.1	북	357	16.45	1.71	6.8	1.92	7.5	5.0	서	280	12.6	1019.8	-	65	
2021-11-20 06:30:00	3.0	북북서	344	16.45	1.62	6.8	2.03	6.5	5.1	서북서	288	12.6	1019.9	-	35	
2021-11-20 06:35:00	2.7	동	86	16.45	1.61	6.2	2.00	7.5	5.1	서북서	289	12.7	1019.9	-	54	
2021-11-20 06:40:00	4.5	남	184	16.44	1.49	6.6	2.02	6.5	5.2	서북서	292	12.7	1020.0	-	54	
2021-11-20 06:45:00	2.4	북북서	344	16.45	1.59	6.8	2.30	6.5	4.7	서북서	285	12.8	1020.1	-	46	
2021-11-20 06:50:00	3.0	서	275	16.43	1.64	6.6	2.21	6.0	4.4	서북서	286	12.8	1020.0	-	59	
2021-11-20 06:55:00	3.5	동남동	121	16.43	1.57	6.9	2.08	6.5	4.2	서	270	12.6	1020.0	-	39	
2021-11-20 07:00:00	0.1	서남서	241	16.44	1.90	7.2	2.46	7.5	3.8	서남서	243	12.7	1020.1	-	55	
2021-11-20 07:05:00	8.3	동북동	61	16.43	1.71	6.5	2.45	7.5	4.2	남서	236	12.5	1020.1	-	47	
2021-11-20 07:10:00	5.3	남남동	149	16.43	1.58	6.4	1.83	7.0	4.7	서남서	241	12.6	1020.2	-	54	
2021-11-20 07:15:00	4.2	서북서	293	16.42	1.60	6.8	2.05	6.0	4.8	서남서	243	12.6	1020.2	-	61	
2021-11-20 07:20:00	6.3	남	175	16.42	1.61	7.1	2.30	7.0	4.9	서남서	241	12.5	1020.3	-	22	
2021-11-20 07:25:00	1.8	북	11	16.42	1.56	6.6	2.24	7.5	5.6	서남서	246	12.3	1020.3	-	37	
2021-11-20 07:30:00	1.0	남	190	16.43	1.47	6.6	1.96	7.5	5.3	서남서	245	12.2	1020.4	-	33	
2021-11-20 07:35:00	5.8	동북동	76	16.41	1.64	7.1	1.95	7.5	5.7	서남서	242	12.1	1020.4	-	30	
2021-11-20 07:40:00	4.0	남남동	150	16.40	1.44	6.8	1.94	7.0	5.4	서남서	243	12.0	1020.5	-	59	
2021-11-20 07:45:00	5.0	남	179	16.41	1.74	6.5	2.28	6.0	5.5	서남서	244	11.9	1020.5	-	53	
2021-11-20 07:50:00	1.0	남남동	154	16.42	1.49	6.7	1.97	7.0	6.3	서남서	240	11.9	1020.5	-	53	
2021-11-20 07:55:00	1.6	동북동	66	16.42	1.61	7.3	1.84	6.5	5.3	서남서	237	11.9	1020.6	-	34	
2021-11-20 08:00:00	0.6	동	89	16.42	1.32	6.5	1.99	6.0	5.6	서남서	237	12.0	1020.7	-	54	
2021-11-20 08:05:00	2.0	북	354	16.41	1.59	6.3	2.14	5.5	4.8	서남서	242	12.0	1020.8	-	38	
2021-11-20 08:10:00	5.8	서	269	16.43	1.62	6.9	2.29	6.0	4.8	서남서	243	12.0	1020.9	-	59	
2021-11-20 08:15:00	2.3	북	355	16.43	1.38	6.8	1.61	7.0	4.9	서남서	242	12.1	1020.9	-	36	
2021-11-20 08:20:00	1.2	남남서	198	16.44	1.41	6.7	1.78	6.0	5.4	서남서	243	12.1	1020.8	-	46	
2021-11-20 08:25:00	3.0	북서	324	16.47	1.60	6.8	2.29	6.5	5.4	서남서	240	12.1	1020.9	-	53	
2021-11-20 08:30:00	5.1	북서	308	16.49	1.39	6.9	2.20	6.5	5.1	서남서	239	12.2	1020.9	-	47	
2021-11-20 08:35:00	1.7	서북서	297	16.51	1.37	6.9	1.75	6.5	6.3	서남서	244	12.3	1020.8	-	63	
2021-11-20 08:40:00	5.6	서북서	301	16.51	1.61	6.9	2.17	7.0	5.8	서남서	246	12.2	1020.9	-	53	
2021-11-20 08:45:00	2.0	북북동	24	16.52	1.67	6.9	2.77	6.5	5.4	서남서	238	12.4	1021.0	-	64	
2021-11-20 08:50:00	4.6	북서	322	16.52	1.41	6.6	2.56	7.5	5.0	서남서	239	12.6	1021.1	-	51	
2021-11-20 08:55:00	5.7	서북서	288	16.54	1.34	7.1	2.06	7.0	4.8	서남서	240	12.6	1021.1	-	53	
2021-11-20 09:00:00	7.5	서북서	288	16.60	1.47	6.7	2.03	6.5	4.6	남서	233	12.7	1021.1	-	44	
2021-11-20 09:05:00	2.2	서남서	239	16.57	1.50	6.9	1.69	6.0	4.5	남서	225	12.9	1021.1	-	67	
2021-11-20 09:10:00	3.9	북서	322	16.60	1.58	6.9	2.03	6.5	4.9	남서	234	13.0	1021.0	-	70	
2021-11-20 09:15:00	4.1	북서	317	16.64	1.33	7.5	1.73	7.5	5.4	남서	233	13.0	1020.9	-	58	
2021-11-20 09:20:00	10.9	서북서	290	16.70	1.42	7.3	1.83	7.0	4.9	남서	229	13.1	1020.8	-	59	
2021-11-20 09:25:00	8.6	북서	307	16.69	1.52	6.3	2.08	6.5	4.9	남서	231	13.3	1020.7	-	34	
2021-11-20 09:30:00	7.3	북서	324	16.69	1.43	6.6	1.72	7.5	4.8	남서	228	13.4	1020.7	-	45	
2021-11-20 09:35:00	4.7	서북서	297	16.69	1.59	6.9	2.28	6.0	4.5	남서	234	13.4	1020.6	-	52	
2021-11-20 09:40:00	5.2	북	355	16.69	1.45	6.7	1.93	7.0	4.2	서남서	239	13.6	1020.6	-	32	
2021-11-20 09:45:00	11.0	북북서	338	16.69	1.50	6.6	2.08	5.5	4.7	서남서	238	13.7	1020.7	-	64	
2021-11-20 09:50:00	4.6	북서	322	16.68	1.45	6.9	1.88	7.0	4.9	서남서	238	13.7	1020.6	-	52	
2021-11-20 09:55:00	7.4	북북서	345	16.68	1.21	6.3	1.65	6.5	5.3	서남서	241	13.7	1020.7	-	41	
2021-11-20 10:00:00	6.1	북서	308	16.67	1.28	6.3	1.71	6.0	5.2	서남서	243	13.7	1020.7	-	51	
2021-11-20 10:05:00	7.6	북서	312	16.67	1.72	6.9	2.49	7.0	4.6	서남서	249	13.9	1020.8	-	64	
2021-11-20 10:10:00	7.5	북북서	335	16.67	1.26	7.5	1.98	7.0	4.3	서남서	246	14.1	1020.8	-	66	
2021-11-20 10:15:00	5.5	북북서	344	16.66	1.66	6.8	2.14	7.0	4.1	서남서	244	14.0	1020.8	-	32	
2021-11-20 10:20:00	7.5	북서	321	16.66	1.48	6.9	1.85	6.0	3.7	서남서	239	14.1	1020.8	-	30	
2021-11-20 10:25:00	8.4	북	0	16.66	1.36	7.1	1.95	7.0	3.9	서남서	237	14.3	1020.8	-	35	
2021-11-20 10:30:00	3.7	북서	311	16.66	1.63	6.3	1.86	6.0	3.9	서남서	239	14.4	1020.7	-	40	
2021-11-20 10:35:00	1.7	북서	313	16.66	1.29	7.4	1.60	8.0	3.7	서남서	240	14.6	1020.8	-	64	
2021-11-20 10:40:00	4.5	서	276	16.66	1.24	6.8	2.17	7.5	3.7	서남서	238	14.7	1020.8	-	22	
2021-11-20 10:45:00	2.3	북서	313	16.65	1.47	7.5	1.83	7.5	3.5	남서	236	14.7	1020.9	-	41	
2021-11-20 10:50:00	6.5	북서	307	16.65	1.40	6.3	2.29	6.5	3.4	서남서	244	15.0	1020.8	-	65	
2021-11-20 10:55:00	4.7	북서	306	16.65	1.31	7.3	1.59	6.0	3.2	서남서	238	15.0	1020.8	-	50	
2021-11-20 11:00:00	4.4	서북서	302	16.65	1.48	6.8	1.89	6.5	3.1	서남서	244	15.1	1020.7	-	51	
2021-11-20 11:05:00	5.5	북서	306	16.65	1.28	7.0	1.58	6.0	2.9	서남서	239	15.2	1020.6	-	48	
2021-11-20 11:10:00	6.8	북북서	343	16.64	1.42	6.9	2.16	7.0	2.4	서남서	240	15.4	1020.6	-	38	
2021-11-20 11:15:00	2.5	북북서	328	16.64	1.63	6.8	2.35	6.0	2.0	서남서	237	15.5	1020.6	-	41	
2021-11-20 11:20:00	2.7	북북서	330	16.65	1.29	6.5	2.11	6.5	1.9	남서	233	15.8	1020.5	-	44	
2021-11-20 11:25:00	6.2	북북서	328	16.64	1.29	7.1	1.56	6.5	1.2	서남서	237	16.0	1020.5	-	27	
2021-11-20 11:30:00	9.8	북북서	338	16.64	1.59	7.0	2.61	7.0	1.0	서남서	256	16.1	1020.4	-	12	
2021-11-20 11:35:00	9.1	북	2	16.63	1.47	6.4	1.88	7.5	0.2	서남서	238	16.3	1020.4	-	55	
2021-11-20 11:40:00	2.6	서북서	298	16.61	1.41	6.7	1.84	6.5	0.3	서남서	240	16.4	1020.4	-	49	
2021-11-20 11:45:00	4.4	북서	321	16.58	1.36	7.1	1.99	6.5	0.1	북서	308	16.6	1020.4	-	49	
2021-11-20 11:50:00	6.3	북서	311	16.55	1.25	7.3	2.07	6.0	0.7	북북동	31	16.7	1020.3	-	26	
2021-11-20 11:55:00	1.7	서북서	288	16.55	1.26	6.6	1.70	6.5	1.1	북북동	20	16.5	1020.2	-	68	
2021-11-20 12:00:00	6.7	북북서	340	16.55	1.50	6.9	2.20	7.0	1.9	북	8	16.3	1020.2	-	42	
2021-11-20 12:05:00	5.7	북서	310	16.55	1.45	6.7	2.12	7.5	2.7	북	8	16.2	1020.2	-	17	
2021-11-20 12:10:00	6.6	북	6	16.55	1.59	7.4	2.12	7.5	2.5	북북동	18	16.2	1020.1	-	54	
2021-11-20 12:15:00	3.8	북서	306	16.55	1.59	6.4	1.86	6.0	3.3	북북동	19	15.9	1020.0	-	34	
2021-11-20 12:20:00	5.4	북동	45	16.54	1.68	7.1	2.46	7.5	3.2	북	6	15.8	1019.9	-	32	
2021-11-20 12:25:00	5.4	북북서	348	16.56	1.29	6.3	1.75	6.5	3.1	북북동	12	15.8	1019.9	-	42	
2021-11-20 12:30:00	6.3	북	4	16.55	1.35	6.9	1.79	6.5	3.7	북	9	15.8	1019.8	-	48	
2021-11-20 12:35:00	7.9	북북서	336	16.55	1.39	6.7	2.32	7.5	3.8	북북동	16	15.7	1019.8	-	42	
2021-11-20 12:40:00	7.1	북북서	337	16.56	1.34	7.4	2.17	6.5	4.3	북북동	12	15.7	1019.8	-	33	
2021-11-20 12:45:00	5.2	서북서	289	16.54	1.28	6.5	1.90	6.0	4.5	북북동	14	15.8	1019.7	-	53	
2021-11-20 12:50:00	4.5	북서	309	16.55	1.61	6.6	2.31	6.5	4.4	북북동	23	15.7	1019.7	-	26	
2021-11-20 12:55:00	8.6	서북서	299	16.54	1.66	6.8	1.86	6.0	4.5	북북동	16	15.7	1019.7	-	62	
2021-11-20 13:00:00	8.0	서북서	290	16.53	1.33	7.5	1.67	7.0	4.6	북북동	12	15.9	1019.6	-	64	
2021-11-20 13:05:00	18.4	북서	323	16.92	1.65	7.1	2.58	7.0	4.3	북	8	16.1	1019.6	-	43	
2021-11-20 13:10:00	21.8	북서	311	17.08	1.52	7.0	2.19	7.0	4.7	북	3	16.2	1019.6	-	34	
2021-11-20 13:15:00	15.2	북서	325	17.08	1.38	6.5	2.26	7.0	4.6	북	7	16.2	1019.6	-	15	
2021-11-20 13:20:00	10.8	북북서	328	17.06	1.50	6.8	2.14	6.0	4.8	북	5	16.3	1019.5	-	36	
2021-11-20 13:25:00	14.7	북서	322	17.05	1.51	6.9	1.90	7.0	4.9	북	4	16.4	1019.4	-	34	
2021-11-20 13:30:00	16.6	북서	325	17.04	1.63	7.5	2.25	7.0	5.3	북	6	16.3	1019.4	-	31	
2021-11-20 13:35:00	12.5	북서	322	17.03	1.20	6.4	1.56	6.0	5.3	북	5	16.2	1019.3	-	32	
2021-11-20 13:40:00	13.5	서북서	293	17.03	1.56	7.0	2.38	6.5	5.0	북	359	16.4	1019.3	-	46	
2021-11-20 13:45:00	9.7	서북서	283	17.02	1.55	7.3	2.24	7.0	4.7	북	353	16.3	1019.3	-	9	
2021-11-20 13:50:00	11.3	북서	316	17.01	1.38	6.2	1.61	6.0	4.5	북	355	16.4	1019.3	-	60	
2021-11-20 13:55:00	11.0	북서	315	17.00	1.37	6.9	2.09	6.5	4.9	북북서	347	16.4	1019.3	-	33	
2021-11-20 14:00:00	14.7	서북서	303	17.02	1.32	6.9	1.64	7.0	5.1	북	357	16.4	1019.4	-	84	
2021-11-20 14:05:00	15.2	서북서	302	17.03	1.26	7.0	1.61	7.0	6.0	북	353	16.5	1019.3	-	18	
2021-11-20 14:10:00	14.0	서북서	296	17.03	1.35	6.4	2.02	6.5	6.6	북	355	16.3	1019.4	-	32	
2021-11-20 14:15:00	10.3	북서	304	17.04	1.21	7.2	1.59	7.0	6.9	북	355	16.1	1019.4	-	36	
2021-11-20 14:20:00	12.2	서북서	291	17.04	1.51	6.3	2.19	6.0	7.3	북	355	16.1	1019.5	-	57	
2021-11-20 14:25:00	13.0	서북서	301	17.05	1.25	6.3	1.65	7.5	6.4	북	353	15.9	1019.5	-	68	
2021-11-20 14:30:00	14.6	서북서	284	17.04	1.42	7.0	2.09	6.5	6.9	북	353	15.9	1019.4	-	48	
2021-11-20 14:35:00	14.8	서	281	17.03	1.40	7.0	2.31	7.5	6.7	북	357	15.8	1019.5	-	50	
2021-11-20 14:40:00	8.0	서북서	297	17.01	1.59	7.1	1.97	6.5	7.2	북	352	15.6	1019.5	-	50	
2021-11-20 14:45:00	13.3	서북서	292	16.99	1.47	6.8	2.08	6.5	7.6	북	350	15.3	1019.5	-	59	
2021-11-20 14:50:00	11.7	서	275	16.99	1.45	6.6	2.13	6.5	8.2	북	353	15.2	1019.6	-	40	
2021-11-20 14:55:00	11.7	서남서	249	16.97	1.71	6.4	2.37	6.0	8.3	북	352	15.2	1019.6	-	72	
2021-11-20 15:00:00	6.7	서	267	16.98	1.54	6.5	2.05	7.0	8.7	북	349	15.0	1019.7	-	20	
2021-11-20 15:05:00	3.5	서	265	16.95	1.45	7.1	1.99	7.0	9.0	북북서	348	14.9	1019.8	-	27	
2021-11-20 15:10:00	3.4	북서	313	16.92	1.60	6.7	2.08	6.5	9.1	북북서	345	14.6	1019.8	-	13	
2021-11-20 15:15:00	9.0	서	260	16.90	1.38	6.8	1.82	6.5	8.9	북북서	348	14.7	1019.9	-	41	
2021-11-20 15:20:00	5.9	서남서	244	16.85	1.66	6.7	2.33	5.0	8.7	북	350	14.7	1019.9	-	39	
2021-11-20 15:25:00	3.3	남서	220	16.82	1.55	6.3	2.31	6.0	8.3	북북서	348	14.6	1020.0	-	34	
2021-11-20 15:30:00	8.4	남서	231	16.81	1.57	6.3	2.12	6.5	8.3	북북서	344	14.6	1020.0	-	51	
2021-11-20 15:35:00	4.6	남남서	197	16.80	1.42	6.0	2.11	7.0	7.9	북북서	345	14.6	1020.1	-	11	
2021-11-20 15:40:00	5.7	남서	224	16.78	1.62	6.0	1.93	4.5	7.5	북북서	345	14.6	1020.2	-	352	
2021-11-20 15:45:00	7.1	서남서	237	16.75	1.55	5.6	2.22	5.5	8.3	북북서	346	14.6	1020.2	-	40	
2021-11-20 15:50:00	4.7	남남서	207	16.74	1.79	6.6	2.49	6.5	8.3	북북서	347	14.6	1020.3	-	36	
2021-11-20 15:55:00	6.2	남남서	197	16.73	1.47	5.7	1.77	5.5	8.5	북	349	14.4	1020.4	-	27	
2021-11-20 16:00:00	6.0	남남서	205	16.72	1.64	6.8	2.23	6.5	8.3	북	349	14.4	1020.5	-	25	
2021-11-20 16:05:00	5.7	남서	219	16.72	1.50	5.5	2.08	5.0	8.5	북북서	342	14.4	1020.5	-	69	
2021-11-20 16:10:00	5.5	남서	216	16.71	1.38	6.5	1.79	6.5	8.3	북북서	343	14.3	1020.6	-	22	
2021-11-20 16:15:00	4.6	남서	236	16.70	1.55	6.1	1.89	6.0	8.0	북북서	344	14.4	1020.6	-	35	
2021-11-20 16:20:00	5.2	남남서	211	16.70	1.58	6.2	2.09	5.5	7.9	북북서	345	14.3	1020.6	-	46	
2021-11-20 16:25:00	6.7	남	174	16.70	1.70	6.6	2.29	6.0	8.7	북북서	341	14.1	1020.6	-	42	
2021-11-20 16:30:00	5.8	남남서	202	16.69	1.82	6.0	3.04	6.5	7.8	북북서	342	14.3	1020.7	-	8	
2021-11-20 16:35:00	3.6	남남서	202	16.68	1.50	6.4	1.75	5.5	7.6	북	350	14.2	1020.8	-	359	
2021-11-20 16:40:00	7.6	남서	227	16.73	1.46	6.1	1.86	5.5	8.2	북	351	14.1	1020.7	-	43	
2021-11-20 16:45:00	5.4	서남서	244	16.73	1.57	6.4	2.55	7.0	8.1	북	349	14.1	1020.8	-	19	
2021-11-20 16:50:00	7.8	남남서	212	16.73	1.55	6.3	1.94	6.0	8.5	북	351	14.0	1020.9	-	22	
2021-11-20 16:55:00	6.8	남남서	195	16.74	1.53	6.0	1.93	6.0	7.9	북	356	14.0	1021.0	-	43	
2021-11-20 17:00:00	2.3	남서	230	16.79	1.59	6.0	2.29	5.5	8.0	북	352	13.9	1021.0	-	4	
2021-11-20 17:05:00	8.1	남남서	209	16.80	1.55	6.4	2.35	6.5	7.6	북	352	14.0	1021.0	-	26	
2021-11-20 17:10:00	7.0	남	188	16.80	1.69	6.5	2.30	6.5	7.9	북	358	13.9	1021.0	-	18	
2021-11-20 17:15:00	6.2	남남서	206	16.80	1.67	6.4	2.62	6.0	7.9	북	3	13.9	1021.1	-	348	
2021-11-20 17:20:00	4.1	남서	219	16.80	2.11	6.2	3.06	6.5	7.4	북	357	13.8	1021.1	-	45	
2021-11-20 17:25:00	9.5	남남서	198	16.80	1.59	6.5	2.34	6.0	7.3	북	352	13.8	1021.2	-	5	
2021-11-20 17:30:00	1.9	남	170	16.83	1.42	5.8	1.69	6.5	6.5	북	352	13.8	1021.2	-	45	
2021-11-20 17:35:00	5.1	남	188	16.83	1.68	6.1	2.38	5.5	7.1	북	355	13.9	1021.1	-	11	
2021-11-20 17:40:00	6.0	남서	223	16.82	1.52	6.5	1.88	7.0	7.1	북	5	13.8	1021.2	-	39	
2021-11-20 17:45:00	4.7	남남서	205	16.82	1.51	6.5	2.61	5.5	6.7	북	354	13.7	1021.2	-	47	
2021-11-20 17:50:00	7.5	남남서	196	16.83	1.31	6.2	1.65	6.5	5.9	북	1	13.8	1021.2	-	21	
2021-11-20 17:55:00	1.3	서북서	300	16.85	1.63	6.4	2.35	6.5	5.9	북	6	13.8	1021.2	-	28	
2021-11-20 18:00:00	11.5	남남서	200	16.86	1.32	6.1	1.67	6.0	5.2	북	359	13.8	1021.2	-	24	
2021-11-20 18:05:00	10.6	남남서	195	16.86	1.76	6.3	2.30	6.0	5.3	북	2	13.7	1021.2	-	17	
2021-11-20 18:10:00	7.2	남남서	210	16.85	1.51	6.1	1.93	6.5	5.4	북	359	13.8	1021.2	-	86	
2021-11-20 18:15:00	7.4	남서	228	16.84	1.54	5.9	1.95	6.0	4.7	북	357	13.8	1021.3	-	52	
2021-11-20 18:20:00	8.8	서남서	254	16.82	1.24	6.3	1.76	7.5	4.3	북	358	13.8	1021.2	-	2	
2021-11-20 18:25:00	3.4	서남서	243	16.82	1.46	5.7	2.16	6.0	4.4	북	356	13.8	1021.2	-	20	
2021-11-20 18:30:00	3.8	남	184	16.81	1.39	6.0	1.70	6.0	3.2	북	0	13.7	1021.2	-	56	
2021-11-20 18:35:00	5.1	남서	229	16.80	1.27	6.0	1.81	6.0	3.5	북	359	13.7	1021.3	-	38	
2021-11-20 18:40:00	4.4	남서	227	16.79	1.25	6.2	1.82	6.5	3.4	북북동	14	13.7	1021.2	-	4	
2021-11-20 18:45:00	6.5	북서	306	16.78	1.47	6.3	2.00	6.5	3.9	북	6	13.7	1021.2	-	38	
2021-11-20 18:50:00	7.8	남남서	206	16.77	1.49	6.6	1.85	5.5	3.4	북	10	13.8	1021.3	-	44	
2021-11-20 18:55:00	3.9	북북서	333	16.76	1.35	5.8	1.91	5.5	3.2	북북서	347	13.7	1021.2	-	42	
2021-11-20 19:00:00	4.5	남남서	202	16.76	1.27	6.1	1.85	6.5	3.0	북	352	13.7	1021.2	-	41	
2021-11-20 19:05:00	7.6	남	185	16.75	1.28	6.3	1.78	6.0	1.9	북북서	334	13.7	1021.3	-	10	
2021-11-20 19:10:00	6.9	남남서	213	16.73	1.47	6.0	2.27	5.0	1.0	북북서	343	13.7	1021.3	-	343	
2021-11-20 19:15:00	4.0	남남서	203	16.74	1.58	6.5	2.61	6.5	1.9	서	259	13.6	1021.3	-	41	
2021-11-20 19:20:00	3.7	남남동	158	16.73	1.60	5.7	2.37	6.0	2.3	서	268	13.4	1021.3	-	25	
2021-11-20 19:25:00	8.4	남서	228	16.73	1.39	6.4	1.61	6.0	2.7	서남서	244	13.2	1021.3	-	14	
2021-11-20 19:30:00	8.7	남남동	161	16.73	1.42	6.3	1.98	6.0	2.6	서남서	244	13.1	1021.3	-	26	
2021-11-20 19:35:00	7.3	남	170	16.72	1.41	6.4	1.85	6.0	2.5	서	260	13.1	1021.3	-	358	
2021-11-20 19:40:00	11.8	남남서	208	16.73	1.44	6.4	2.21	6.5	1.8	서남서	251	13.1	1021.2	-	40	
2021-11-20 19:45:00	11.6	남	187	16.72	1.15	5.7	1.36	4.5	2.0	서남서	249	13.1	1021.2	-	334	
2021-11-20 19:50:00	10.1	남	170	16.72	1.44	6.1	1.80	6.5	2.1	서남서	239	13.1	1021.2	-	357	
2021-11-20 19:55:00	10.3	남	184	16.73	1.40	6.4	2.04	7.0	2.5	서남서	245	13.0	1021.3	-	27	
2021-11-20 20:00:00	12.6	남남동	166	16.72	1.10	6.3	1.54	6.0	2.9	서남서	251	12.9	1021.2	-	61	
2021-11-20 20:05:00	4.1	남	177	16.72	1.42	6.0	2.13	6.0	2.5	서남서	246	12.8	1021.2	-	5	
2021-11-20 20:10:00	12.7	남	171	16.71	1.53	6.1	1.91	5.5	3.0	서	259	12.8	1021.2	-	25	
2021-11-20 20:15:00	11.1	남남동	164	16.71	1.26	6.0	1.82	6.0	3.4	서남서	251	12.8	1021.2	-	29	
2021-11-20 20:20:00	16.3	남남동	159	16.70	1.11	6.0	1.61	6.0	3.1	서남서	243	12.7	1021.2	-	35	
2021-11-20 20:25:00	8.7	남동	146	16.69	1.15	6.6	1.91	6.5	3.2	서남서	249	12.6	1021.2	-	347	
2021-11-20 20:30:00	9.0	남남동	160	16.68	1.31	6.2	1.61	6.0	3.2	서남서	250	12.6	1021.3	-	16	
2021-11-20 20:35:00	11.8	남	184	16.72	1.23	6.0	1.98	6.0	3.1	서남서	245	12.6	1021.2	-	22	
2021-11-20 20:40:00	9.0	남	183	16.72	0.98	5.2	1.23	5.5	3.1	서남서	240	12.6	1021.2	-	58	
2021-11-20 20:45:00	9.8	남	174	16.72	1.00	6.0	1.32	5.5	3.1	남서	235	12.4	1021.2	-	29	
2021-11-20 20:50:00	10.7	남남동	161	16.73	1.17	6.2	1.80	6.0	2.8	서남서	244	12.5	1021.3	-	38	
2021-11-20 20:55:00	6.6	남남동	147	16.73	1.23	6.0	1.48	5.5	3.1	서남서	248	12.4	1021.3	-	23	
2021-11-20 21:00:00	10.6	남	173	16.73	1.15	6.1	1.50	6.5	3.5	서남서	242	12.3	1021.4	-	3	
2021-11-20 21:05:00	14.8	남남동	147	16.73	1.15	5.9	1.55	6.0	3.4	남서	235	12.2	1021.3	-	45	
2021-11-20 21:10:00	12.2	남남동	161	16.72	1.41	6.0	2.01	6.0	3.7	남서	225	12.1	1021.3	-	31	
2021-11-20 21:15:00	9.2	남남동	167	16.71	1.16	6.3	1.63	5.5	3.7	남서	225	12.1	1021.2	-	21	
2021-11-20 21:20:00	6.6	남남동	163	16.71	1.20	6.1	1.71	6.5	3.5	남서	223	12.1	1021.2	-	13	
2021-11-20 21:25:00	12.4	남남동	166	16.70	1.35	6.4	1.73	6.5	2.9	남서	227	12.1	1021.3	-	5	
2021-11-20 21:30:00	14.0	남남동	149	16.70	1.19	6.2	1.37	6.0	2.7	남서	230	12.1	1021.3	-	63	
2021-11-20 21:35:00	16.7	남남동	148	16.69	1.25	6.0	1.64	6.0	3.3	남서	231	12.1	1021.2	-	49	
2021-11-20 21:40:00	15.0	남동	137	16.69	1.30	6.4	1.78	6.5	3.5	남서	228	12.2	1021.1	-	16	
2021-11-20 21:45:00	12.3	남동	137	16.67	1.06	5.9	1.52	6.5	3.5	남서	226	12.2	1021.2	-	353	
2021-11-20 21:50:00	14.3	남동	143	16.66	1.06	6.3	1.35	6.0	4.1	남서	224	12.0	1021.1	-	20	
2021-11-20 21:55:00	16.7	남동	134	16.65	1.19	5.8	1.65	6.0	3.8	남서	214	11.9	1021.0	-	54	
2021-11-20 22:00:00	15.9	남동	143	16.63	1.26	6.1	1.53	6.0	3.5	남서	216	11.9	1021.0	-	57	
2021-11-20 22:05:00	19.5	남남동	152	16.62	1.13	6.1	1.57	6.0	3.8	남서	217	11.9	1021.0	-	70	
2021-11-20 22:10:00	14.8	남동	144	16.60	1.19	6.1	1.70	6.5	3.7	남서	221	12.0	1021.0	-	40	
2021-11-20 22:15:00	17.5	남동	145	16.58	1.20	6.1	2.05	6.5	3.4	남남서	213	12.2	1020.9	-	31	
2021-11-20 22:20:00	15.9	남동	145	16.57	1.23	6.0	1.88	6.5	3.4	남남서	208	12.2	1020.8	-	8	
2021-11-20 22:25:00	19.3	남남동	155	16.57	0.89	5.9	1.32	6.0	3.2	남남서	202	12.2	1020.6	-	16	
2021-11-20 22:30:00	16.9	남남동	155	16.56	0.89	6.0	1.11	7.0	3.7	남남서	202	12.2	1020.7	-	353	
2021-11-20 22:35:00	18.9	남남동	154	16.56	1.23	6.2	1.49	5.5	3.4	남남서	205	12.2	1020.8	-	20	
2021-11-20 22:40:00	14.7	남남동	162	16.55	1.20	6.1	1.46	7.0	3.5	남남서	207	12.1	1020.8	-	47	
2021-11-20 22:45:00	15.8	남동	130	16.54	1.16	5.9	1.52	5.5	3.4	남남서	208	12.1	1020.7	-	6	
2021-11-20 22:50:00	14.3	남남동	151	16.53	0.99	6.1	1.22	6.5	3.5	남남서	208	11.9	1020.7	-	51	
2021-11-20 22:55:00	16.7	남남동	149	16.53	1.23	6.2	1.61	5.5	3.7	남서	217	11.9	1020.7	-	46	
2021-11-20 23:00:00	18.7	남남동	150	16.54	1.32	6.2	2.07	6.5	3.7	남서	217	12.0	1020.9	-	45	
2021-11-20 23:05:00	14.6	남남동	147	16.53	1.14	6.0	1.47	6.0	2.9	남서	223	12.2	1020.9	-	78	
2021-11-20 23:10:00	19.0	남동	132	16.53	0.96	6.3	1.31	5.5	2.7	남남서	205	12.2	1020.7	-	47	
2021-11-20 23:15:00	19.9	남동	142	16.53	1.21	6.0	1.78	6.0	2.2	남남서	203	11.9	1020.5	-	35	
2021-11-20 23:20:00	20.4	남동	143	16.52	1.16	5.6	1.48	5.0	2.1	남남서	202	12.0	1020.4	-	31	
2021-11-20 23:25:00	21.2	남동	134	16.53	0.95	6.0	1.32	5.5	1.7	남남서	198	12.0	1020.3	-	2	
2021-11-20 23:30:00	19.1	남동	124	16.53	0.95	5.8	1.16	5.5	1.3	남남서	202	11.9	1020.2	-	52	
2021-11-20 23:35:00	20.0	남동	141	16.53	1.09	5.7	1.64	5.5	1.3	남남서	209	11.9	1020.1	-	25	
2021-11-20 23:40:00	18.8	남남동	150	16.54	0.96	5.8	1.28	5.0	1.6	남남서	209	12.0	1020.0	-	55	
2021-11-20 23:45:00	17.2	남남동	147	16.55	1.01	6.0	1.37	5.5	1.5	남남서	212	12.1	1019.9	-	358	
2021-11-20 23:50:00	22.7	남동	144	16.57	0.93	5.9	1.38	5.5	1.5	남서	221	12.2	1019.8	-	51	
2021-11-20 23:55:00	21.4	남동	142	16.58	0.79	6.0	1.05	6.5	1.4	서남서	242	12.2	1019.6	-	74	
2021-11-21 00:00:00	22.1	남남동	148	16.60	1.09	5.7	1.32	6.0	0.7	남서	236	12.0	1019.7	-	11	
2021-11-21 00:05:00	24.9	남동	129	16.60	1.03	5.9	1.56	6.0	0.5	서남서	242	11.9	1019.7	-	60	
2021-11-21 00:10:00	25.1	남동	145	16.59	1.15	5.9	1.57	6.0	0.7	서	261	12.0	1019.7	-	51	
2021-11-21 00:15:00	19.9	남동	144	16.59	0.92	5.9	1.76	6.0	1.1	서남서	258	12.1	1019.7	-	349	
2021-11-21 00:20:00	24.7	남동	144	16.58	1.00	5.9	1.20	6.0	0.8	서남서	244	12.3	1019.7	-	37	
2021-11-21 00:25:00	23.9	남동	133	16.58	0.87	5.9	1.03	6.5	1.0	서	260	12.5	1019.7	-	21	
2021-11-21 00:30:00	26.5	남동	144	16.57	1.02	6.0	1.22	5.0	2.1	서남서	258	12.4	1019.7	-	22	
2021-11-21 00:35:00	19.3	남남동	147	16.56	1.13	5.9	1.78	6.0	1.3	서남서	248	12.4	1019.6	-	80	
2021-11-21 00:40:00	20.1	남남동	146	16.54	1.08	5.8	1.34	5.5	1.3	서북서	283	12.5	1019.7	-	30	
2021-11-21 00:45:00	23.8	남동	145	16.54	1.08	5.7	1.37	6.0	1.3	서북서	301	12.6	1019.6	-	51	
2021-11-21 00:50:00	23.7	남동	142	16.53	1.00	5.8	1.31	6.0	2.5	서북서	283	12.5	1019.6	-	15	
2021-11-21 00:55:00	23.7	남남동	148	16.53	0.92	5.8	1.49	5.5	2.7	북서	314	12.5	1019.5	-	28	
2021-11-21 01:00:00	25.1	남동	145	16.51	1.01	6.0	1.23	6.0	2.3	북서	313	12.1	1019.5	-	36	
2021-11-21 01:05:00	23.7	남동	143	16.52	1.01	5.9	1.57	6.0	1.7	북서	305	12.0	1019.5	-	58	
2021-11-21 01:10:00	25.7	남동	145	16.51	0.97	6.0	1.41	6.0	1.6	서북서	285	12.0	1019.5	-	20	
2021-11-21 01:15:00	28.7	남동	145	16.52	0.91	5.7	1.10	6.0	1.6	서북서	303	12.1	1019.5	-	17	
2021-11-21 01:20:00	28.5	남동	140	16.51	1.09	5.8	1.58	6.0	2.1	북서	318	12.1	1019.4	-	42	
2021-11-21 01:25:00	32.2	남남동	146	16.52	0.86	6.1	1.25	5.5	2.2	북서	318	11.7	1019.4	-	20	
2021-11-21 01:30:00	26.4	남남동	156	16.52	0.89	6.0	1.21	6.5	2.5	북서	306	11.6	1019.4	-	68	
2021-11-21 01:35:00	29.2	남동	145	16.51	1.13	5.9	1.72	6.0	2.3	서북서	294	11.7	1019.4	-	38	
2021-11-21 01:40:00	29.7	남남동	150	16.53	0.91	5.9	1.15	5.5	2.7	서북서	298	11.9	1019.5	-	85	
2021-11-21 01:45:00	26.1	남남동	150	16.53	0.93	5.9	1.16	6.5	2.5	서북서	293	12.1	1019.4	-	40	
2021-11-21 01:50:00	29.1	남동	146	16.53	0.97	5.7	1.30	6.0	2.5	서북서	283	12.4	1019.1	-	68	
2021-11-21 01:55:00	26.8	남남동	149	16.51	0.88	5.7	1.17	5.5	2.5	서북서	283	12.5	1019.1	-	44	
2021-11-21 02:00:00	26.8	남동	139	16.52	1.10	5.7	1.41	5.5	2.9	서북서	285	12.6	1019.1	-	42	
2021-11-21 02:05:00	30.2	남남동	149	16.54	0.99	5.6	1.52	6.0	3.4	서북서	297	12.5	1019.3	-	56	
2021-11-21 02:10:00	28.8	남남동	151	16.51	0.89	5.5	1.25	5.5	3.6	서북서	296	12.2	1019.4	-	97	
2021-11-21 02:15:00	27.3	남동	144	16.52	0.95	5.9	1.40	6.0	4.2	서북서	302	12.3	1019.6	-	39	
2021-11-21 02:20:00	27.1	남남동	149	16.53	0.81	5.4	1.15	6.0	4.7	서북서	299	12.1	1019.7	-	89	
2021-11-21 02:25:00	29.8	남동	144	16.54	0.87	5.5	1.20	6.0	4.7	서북서	295	11.9	1019.8	-	55	
2021-11-21 02:30:00	35.4	남남동	149	16.48	0.84	5.5	1.02	5.0	4.3	서북서	289	11.9	1019.8	-	53	
2021-11-21 02:35:00	28.8	남동	141	16.51	0.94	5.6	1.23	5.0	3.0	서북서	287	12.2	1019.8	-	59	
2021-11-21 02:40:00	27.8	남남동	151	16.51	0.89	5.7	1.02	5.0	2.7	서북서	292	12.2	1019.7	-	86	
2021-11-21 02:45:00	27.9	남동	145	16.52	0.80	6.0	1.04	6.0	2.9	서북서	300	12.3	1019.8	-	38	
2021-11-21 02:50:00	29.8	남남동	149	16.51	1.00	5.5	1.63	6.0	3.0	서북서	296	12.3	1019.8	-	61	
2021-11-21 02:55:00	29.1	남남동	155	16.50	0.84	5.8	1.20	5.5	3.3	서북서	292	12.3	1019.9	-	88	
2021-11-21 03:00:00	34.4	남남동	149	16.49	0.87	6.1	1.03	6.0	3.4	서북서	287	12.4	1019.9	-	54	
2021-11-21 03:05:00	30.8	남동	145	16.48	0.96	5.5	1.30	5.5	2.9	서	272	12.5	1019.8	-	109	
2021-11-21 03:10:00	33.0	남동	143	16.48	1.07	5.8	1.54	5.5	3.0	서	265	12.2	1019.8	-	54	
2021-11-21 03:15:00	33.0	남동	146	16.45	1.03	5.6	1.56	5.5	2.8	서	270	12.2	1019.7	-	63	
2021-11-21 03:20:00	31.6	남남동	149	16.41	0.88	5.6	1.22	5.0	2.7	서	266	12.2	1019.7	-	77	
2021-11-21 03:25:00	30.5	남남동	151	16.39	0.81	5.3	1.14	6.0	3.5	서남서	258	11.9	1019.7	-	93	
2021-11-21 03:30:00	32.6	남남동	149	16.44	0.93	5.8	1.48	5.5	4.1	서남서	254	11.6	1019.8	-	75	
2021-11-21 03:35:00	35.1	남남동	153	16.47	0.95	5.7	1.23	5.5	3.7	서남서	249	11.7	1019.7	-	53	
2021-11-21 03:40:00	29.4	남동	145	16.42	0.72	5.6	0.96	5.5	3.9	서남서	247	11.7	1019.7	-	115	
2021-11-21 03:45:00	37.3	남남동	148	16.44	0.81	5.6	1.16	5.5	3.2	서남서	242	11.9	1019.7	-	87	
2021-11-21 03:50:00	35.7	남남동	150	16.45	0.66	6.0	0.91	5.5	3.3	서남서	244	11.9	1019.7	-	73	
2021-11-21 03:55:00	36.6	남남동	151	16.53	0.83	5.7	1.45	6.0	3.1	서남서	248	12.2	1019.7	-	47	
2021-11-21 04:00:00	33.9	남남동	154	16.59	0.84	5.7	1.12	6.0	3.2	서남서	248	12.3	1019.8	-	36	
2021-11-21 04:05:00	37.8	남남동	154	16.62	0.80	6.0	1.32	6.0	3.2	서남서	254	12.3	1019.9	-	64	
2021-11-21 04:10:00	35.6	남남동	157	16.62	0.65	5.7	0.87	5.5	2.8	서남서	245	12.2	1019.9	-	31	
2021-11-21 04:15:00	35.4	남남동	160	16.64	0.76	5.9	1.00	5.5	3.1	서남서	243	11.9	1019.9	-	43	
2021-11-21 04:20:00	35.5	남남동	150	16.65	0.89	5.9	1.18	5.5	3.2	서남서	247	12.0	1019.9	-	88	
2021-11-21 04:25:00	37.3	남남동	153	16.64	0.74	5.8	1.20	5.5	3.1	서남서	244	12.2	1020.1	-	96	
2021-11-21 04:30:00	35.2	남남동	159	16.65	0.71	5.7	1.07	5.0	3.5	서남서	240	12.2	1020.2	-	53	
2021-11-21 04:35:00	38.1	남남동	154	16.64	0.83	5.7	1.22	6.0	3.4	남서	225	12.1	1020.1	-	65	
2021-11-21 04:40:00	40.4	남남동	156	16.66	0.73	5.7	1.10	5.5	3.2	남서	220	11.7	1020.1	-	87	
2021-11-21 04:45:00	35.1	남남동	162	16.67	0.78	5.6	1.21	5.0	2.4	남서	218	11.6	1020.2	-	70	
2021-11-21 04:50:00	34.5	남남동	160	16.65	0.78	5.7	1.06	5.0	2.6	남서	228	11.6	1020.2	-	92	
2021-11-21 04:55:00	36.2	남남동	158	16.68	0.92	5.7	1.29	5.5	2.9	남서	233	11.6	1020.3	-	60	
2021-11-21 05:00:00	37.7	남남동	153	16.68	0.81	5.6	1.10	5.5	3.2	남서	235	11.3	1020.3	-	15	
2021-11-21 05:05:00	38.4	남남동	161	16.68	0.65	5.6	0.78	6.0	3.1	남서	227	11.3	1020.4	-	308	
2021-11-21 05:10:00	33.5	남남동	156	16.67	0.73	5.4	1.00	6.0	3.1	남서	236	11.4	1020.4	-	66	
2021-11-21 05:15:00	35.7	남남동	161	16.66	0.79	5.7	1.07	5.5	2.9	서남서	241	11.6	1020.4	-	56	
2021-11-21 05:20:00	33.4	남남동	160	16.67	0.88	5.5	1.47	5.5	3.1	서남서	243	11.6	1020.5	-	85	
2021-11-21 05:25:00	32.1	남남동	148	16.68	0.68	5.8	0.97	6.5	3.4	서남서	244	11.8	1020.5	-	223	
2021-11-21 05:30:00	32.6	남남동	153	16.68	0.64	5.4	0.87	5.5	3.5	서남서	249	11.8	1020.5	-	41	
2021-11-21 05:35:00	30.9	남남동	155	16.68	0.78	5.5	1.28	6.0	3.0	서남서	237	12.0	1020.5	-	63	
2021-11-21 05:40:00	31.9	남남동	158	16.68	0.67	5.1	1.18	5.5	3.3	서남서	247	11.9	1020.5	-	58	
2021-11-21 05:45:00	31.1	남남동	149	16.68	0.66	5.4	1.21	5.5	3.4	서남서	246	11.6	1020.5	-	97	
2021-11-21 05:50:00	30.2	남남동	155	16.68	0.66	5.5	0.85	5.0	3.5	서남서	244	11.7	1020.4	-	68	
2021-11-21 05:55:00	34.1	남남동	153	16.67	0.67	5.5	0.85	7.0	3.2	서남서	238	11.8	1020.5	-	39	
2021-11-21 06:00:00	31.9	남남동	151	16.67	0.70	5.4	1.01	5.5	3.4	서남서	242	11.9	1020.5	-	110	
2021-11-21 06:05:00	31.8	남남동	154	16.67	0.71	5.8	0.87	5.5	4.2	서남서	249	11.8	1020.5	-	50	
2021-11-21 06:10:00	27.7	남남동	158	16.66	0.64	5.5	0.82	5.0	3.6	서남서	245	11.8	1020.5	-	82	
2021-11-21 06:15:00	29.1	남남동	158	16.66	0.60	5.8	0.76	6.5	3.6	서남서	238	11.9	1020.5	-	41	
2021-11-21 06:20:00	26.8	남남동	157	16.65	0.66	5.4	1.02	5.5	3.4	남서	218	11.9	1020.4	-	90	
2021-11-21 06:25:00	28.3	남남동	153	16.64	0.80	5.9	1.01	5.0	3.4	남서	225	11.5	1020.3	-	70	
2021-11-21 06:30:00	28.8	남남동	159	16.64	0.67	6.1	0.97	6.5	3.1	서남서	237	11.3	1020.3	-	43	
2021-11-21 06:35:00	26.4	남남동	156	16.64	0.81	5.9	1.11	6.5	3.0	남서	233	11.5	1020.3	-	78	
2021-11-21 06:40:00	21.6	남남동	158	16.61	0.60	5.6	0.74	5.5	3.2	서남서	253	11.9	1020.2	-	11	
2021-11-21 06:45:00	21.6	남남동	162	16.63	0.63	5.8	0.92	5.5	4.1	서남서	250	12.0	1020.2	-	59	
2021-11-21 06:50:00	21.1	남남동	152	16.62	0.73	5.5	0.92	5.0	4.1	서남서	246	11.9	1020.3	-	24	
2021-11-21 06:55:00	22.2	남남동	149	16.61	0.64	5.6	0.83	5.5	3.8	서남서	254	12.0	1020.1	-	36	
2021-11-21 07:00:00	21.1	남남동	151	16.63	0.71	5.3	0.97	6.0	3.5	서남서	253	11.9	1020.0	-	27	
2021-11-21 07:05:00	18.8	남남동	154	16.63	0.74	5.7	0.96	5.0	4.0	서남서	254	11.8	1020.0	-	90	
2021-11-21 07:10:00	17.8	남남동	152	16.63	0.57	5.6	0.81	4.5	3.8	서남서	250	11.9	1020.0	-	51	
2021-11-21 07:15:00	20.6	남남동	153	16.64	0.63	5.4	0.88	6.0	3.9	서남서	245	11.9	1019.9	-	78	
2021-11-21 07:20:00	17.6	남남동	154	16.62	0.69	5.8	0.99	5.5	3.8	서남서	247	12.0	1019.9	-	36	
2021-11-21 07:25:00	16.2	남남동	150	16.61	0.65	5.7	0.96	6.5	3.5	서남서	241	12.2	1019.9	-	59	
2021-11-21 07:30:00	16.9	남남동	151	16.62	0.61	6.0	0.72	6.5	3.5	남서	219	11.9	1020.0	-	3	
2021-11-21 07:35:00	15.9	남남동	159	16.62	0.68	5.8	0.97	6.0	2.8	서남서	240	11.5	1019.9	-	31	
2021-11-21 07:40:00	20.2	남남동	156	16.62	0.66	5.8	0.82	5.5	2.2	남서	220	11.5	1019.6	-	334	
2021-11-21 07:45:00	15.5	남남동	150	16.61	0.63	6.3	0.78	6.0	1.5	남서	218	11.7	1019.4	-	25	
2021-11-21 07:50:00	16.4	남남동	157	16.62	0.56	5.7	0.79	6.0	2.1	서남서	244	11.7	1019.5	-	103	
2021-11-21 07:55:00	13.8	남동	144	16.62	0.62	5.5	0.79	5.5	2.6	서남서	237	11.8	1019.6	-	52	
2021-11-21 08:00:00	9.8	남남동	157	16.60	0.64	5.7	0.94	5.5	3.0	남서	232	11.8	1019.6	-	58	
2021-11-21 08:05:00	15.9	남동	144	16.61	0.61	5.6	0.74	5.5	3.5	남서	229	11.8	1019.6	-	67	
2021-11-21 08:10:00	16.1	남남동	155	16.61	0.55	5.6	0.89	5.5	3.2	남서	227	11.6	1019.6	-	37	
2021-11-21 08:15:00	13.9	남남동	154	16.60	0.57	5.5	0.73	6.0	3.5	남서	227	11.6	1019.5	-	68	
2021-11-21 08:20:00	15.2	남남동	150	16.58	0.64	5.5	1.05	5.5	2.8	남서	232	11.7	1019.4	-	90	
2021-11-21 08:25:00	13.3	남동	134	16.57	0.66	5.6	0.99	6.0	2.5	남서	230	11.6	1019.3	-	14	
2021-11-21 08:30:00	8.9	남남동	152	16.56	0.58	5.9	0.96	5.5	2.6	남서	230	11.7	1019.2	-	11	
2021-11-21 08:35:00	11.5	남남동	149	16.56	0.64	5.9	0.74	6.0	3.4	남서	228	11.9	1019.3	-	111	
2021-11-21 08:40:00	9.2	남동	135	16.55	0.49	5.5	0.59	4.5	3.3	남서	228	11.9	1019.2	-	75	
2021-11-21 08:45:00	8.9	남동	133	16.56	0.56	5.7	0.83	5.5	2.3	남서	224	11.9	1018.9	-	82	
2021-11-21 08:50:00	12.4	남동	139	16.55	0.76	5.4	1.06	6.0	2.6	남서	234	12.0	1018.8	-	78	
2021-11-21 08:55:00	9.2	남동	146	16.55	0.66	6.1	0.94	5.5	2.6	남서	224	12.2	1018.8	-	57	
2021-11-21 09:00:00	17.1	남동	145	16.55	0.59	5.8	0.99	5.5	3.2	남남서	211	12.3	1018.9	-	31	
2021-11-21 09:05:00	13.4	남동	139	16.56	0.66	5.6	0.86	5.5	2.4	남서	222	12.3	1018.9	-	86	
2021-11-21 09:10:00	14.6	남동	131	16.56	0.76	5.7	1.00	5.5	2.0	서남서	238	12.4	1018.7	-	55	
2021-11-21 09:15:00	10.5	남동	139	16.58	0.64	5.7	1.01	5.5	3.1	서남서	243	12.6	1018.7	-	22	
2021-11-21 09:20:00	15.4	남동	145	16.59	0.77	6.0	0.91	6.0	2.5	서남서	245	12.8	1018.7	-	56	
2021-11-21 09:25:00	14.6	남동	135	16.57	0.65	5.8	0.97	5.5	3.0	서남서	245	12.7	1018.7	-	97	
2021-11-21 09:30:00	12.2	남동	136	16.57	0.65	5.7	1.16	5.5	3.3	서남서	244	12.6	1018.7	-	71	
2021-11-21 09:35:00	12.9	남동	130	16.57	0.57	6.1	0.85	6.0	3.1	서남서	244	12.6	1018.7	-	23	
2021-11-21 09:40:00	11.2	남동	132	16.57	0.68	5.8	0.89	6.0	2.2	남서	227	12.8	1018.7	-	87	
2021-11-21 09:45:00	14.5	남동	137	16.57	0.66	5.9	1.06	5.5	2.3	남서	234	13.0	1018.7	-	38	
2021-11-21 09:50:00	12.4	남동	143	16.56	0.62	5.8	0.95	6.0	2.1	서남서	241	13.1	1018.7	-	106	
2021-11-21 09:55:00	6.1	남남동	167	16.56	0.71	5.7	0.93	5.0	1.7	서남서	244	13.2	1018.6	-	38	
2021-11-21 10:00:00	15.0	남동	135	16.55	0.72	6.1	1.03	6.0	2.0	서남서	243	13.3	1018.6	-	89	
2021-11-21 10:05:00	10.0	남동	131	16.57	0.63	5.7	0.83	5.5	1.8	서남서	251	13.4	1018.6	-	81	
2021-11-21 10:10:00	13.7	남동	144	16.57	0.67	5.4	0.89	6.5	1.7	서	263	13.4	1018.5	-	99	
2021-11-21 10:15:00	8.4	남동	129	16.56	0.53	5.8	0.70	5.5	1.1	서	269	13.5	1018.4	-	54	
2021-11-21 10:20:00	11.8	동남동	120	16.56	0.67	6.0	0.96	6.0	1.0	서	267	13.6	1018.4	-	105	
2021-11-21 10:25:00	11.3	남동	137	16.56	0.58	5.4	0.80	5.5	0.8	북서	306	13.6	1018.3	-	64	
2021-11-21 10:30:00	10.3	남동	140	16.56	0.56	5.7	0.71	5.5	0.7	북서	306	13.7	1018.2	-	116	
2021-11-21 10:35:00	12.0	남동	135	16.55	0.58	6.1	0.81	6.0	0.5	북북서	345	13.8	1017.9	-	66	
2021-11-21 10:40:00	12.3	남동	134	16.55	0.63	5.5	0.81	5.5	1.0	북북동	22	13.8	1017.8	-	71	
2021-11-21 10:45:00	9.7	남동	135	16.55	0.58	5.9	0.77	6.0	0.4	북	0	13.8	1018.0	-	78	
2021-11-21 10:50:00	5.9	남동	139	16.54	0.56	5.5	0.81	6.5	0.0	북	356	13.8	1018.0	-	21	
2021-11-21 10:55:00	11.4	남동	143	16.52	0.46	5.5	0.84	6.0	0.1	북서	309	13.9	1018.0	-	1	
2021-11-21 11:00:00	7.4	남동	131	16.53	0.55	5.7	0.95	5.5	0.4	북북서	335	14.0	1017.8	-	61	
2021-11-21 11:05:00	10.0	남동	135	16.54	0.62	5.7	1.00	6.0	0.7	북북서	331	14.0	1017.8	-	95	
2021-11-21 11:10:00	9.7	남동	140	16.55	0.62	5.9	0.82	5.5	0.8	북북서	340	13.9	1017.7	-	70	
2021-11-21 11:15:00	10.4	남동	146	16.53	0.69	6.0	0.92	6.0	1.0	북	352	13.9	1017.4	-	40	
2021-11-21 11:20:00	13.0	남동	134	16.54	0.59	5.2	0.81	4.5	1.4	북북서	337	13.9	1017.3	-	105	
2021-11-21 11:25:00	10.0	남남동	147	16.55	0.51	5.5	0.73	6.0	1.8	북	355	13.9	1017.1	-	84	
2021-11-21 11:30:00	10.2	남동	126	16.55	0.59	6.1	0.69	5.5	1.4	북	352	13.9	1017.0	-	49	
2021-11-21 11:35:00	11.0	남동	140	16.55	0.52	6.1	0.72	5.5	1.1	북북서	335	14.0	1017.1	-	71	
2021-11-21 11:40:00	12.2	남동	132	16.57	0.55	5.5	0.71	4.5	0.8	북북서	340	14.0	1017.0	-	55	
2021-11-21 11:45:00	13.0	남동	134	16.56	0.60	5.4	0.75	5.0	1.6	북북서	341	14.1	1016.9	-	97	
2021-11-21 11:50:00	6.5	남동	143	16.56	0.59	6.2	0.78	6.0	2.1	북서	323	14.1	1016.9	-	72	
2021-11-21 11:55:00	6.6	남동	145	16.56	0.58	5.6	0.91	5.5	1.9	북북서	332	14.2	1016.8	-	84	
2021-11-21 12:00:00	8.3	남동	140	16.55	0.64	5.7	0.88	5.5	2.0	북북서	333	14.3	1016.8	-	74	
2021-11-21 12:05:00	10.9	남동	136	16.54	0.59	5.6	0.66	5.5	2.3	북서	317	14.3	1016.8	-	59	
2021-11-21 12:10:00	13.2	남동	144	16.54	0.49	5.8	0.65	5.0	1.9	북서	320	14.3	1016.6	-	90	
2021-11-21 12:15:00	14.9	남동	143	16.54	0.54	5.8	0.85	5.0	1.4	북북서	334	14.3	1016.4	-	96	
2021-11-21 12:20:00	15.3	남동	138	16.55	0.56	5.8	0.72	5.5	1.3	북북서	334	14.3	1016.3	-	63	
2021-11-21 12:25:00	9.2	남동	143	16.54	0.60	5.7	0.81	6.5	0.8	북서	312	14.3	1016.2	-	30	
2021-11-21 12:30:00	10.4	남남동	148	16.56	0.54	5.7	0.90	5.0	0.3	북동	36	14.4	1015.9	-	6	
2021-11-21 12:35:00	9.0	남동	131	16.57	0.68	5.7	1.07	5.5	0.3	북	352	14.5	1015.8	-	51	
2021-11-21 12:40:00	13.6	남동	129	16.57	0.52	5.7	0.67	6.0	1.2	북서	320	14.6	1015.8	-	14	
2021-11-21 12:45:00	10.9	남동	139	16.57	0.49	5.5	0.63	7.0	0.4	북북동	17	14.6	1015.8	-	51	
2021-11-21 12:50:00	8.2	남남동	150	16.57	0.58	5.8	0.67	5.5	0.7	북동	42	14.6	1015.7	-	73	
2021-11-21 12:55:00	8.3	남동	139	16.57	0.53	5.8	0.64	6.0	0.2	북북동	27	14.6	1015.6	-	85	
2021-11-21 13:00:00	10.1	남남동	152	16.59	0.53	6.2	0.79	6.5	0.4	동남동	105	14.5	1015.5	-	96	
2021-11-21 13:05:00	7.3	남남동	155	16.59	0.58	6.1	0.73	6.0	1.2	남동	144	14.6	1015.5	-	91	
2021-11-21 13:10:00	12.9	남동	139	16.59	0.71	5.3	0.97	5.0	0.9	동남동	107	14.7	1015.3	-	75	
2021-11-21 13:15:00	12.7	남남동	149	16.60	0.56	5.9	0.70	5.0	0.4	동북동	61	14.7	1015.3	-	98	
2021-11-21 13:20:00	12.1	동남동	123	16.61	0.59	5.6	0.77	6.5	1.3	동북동	59	14.7	1015.1	-	73	
2021-11-21 13:25:00	15.8	남남동	152	16.61	0.69	5.9	1.05	6.0	1.9	동북동	73	14.6	1014.9	-	66	
2021-11-21 13:30:00	13.3	남남동	148	16.62	0.54	6.1	0.72	7.0	2.5	북동	55	14.7	1014.7	-	86	
2021-11-21 13:35:00	9.5	남남동	150	16.61	0.55	5.9	0.74	6.5	2.1	동북동	60	14.7	1014.7	-	74	
2021-11-21 13:40:00	15.0	남남동	150	16.63	0.68	6.0	0.98	6.0	1.4	북동	40	14.8	1014.7	-	93	
2021-11-21 13:45:00	17.2	남남동	155	16.65	0.51	5.6	0.82	5.0	1.6	북북동	33	14.9	1014.5	-	54	
2021-11-21 13:50:00	13.7	남남동	159	16.66	0.62	5.7	0.97	5.0	1.4	동북동	61	15.0	1014.5	-	30	
2021-11-21 13:55:00	16.2	남남동	160	16.68	0.60	5.5	1.00	5.5	1.1	동	93	15.2	1014.5	-	56	
2021-11-21 14:00:00	17.1	남남동	149	16.69	0.65	5.7	0.82	4.5	1.5	동	92	15.4	1014.5	-	62	
2021-11-21 14:05:00	19.0	남남동	156	16.70	0.61	5.8	1.09	6.0	0.9	동북동	78	15.4	1014.5	-	91	
2021-11-21 14:10:00	15.0	남남동	165	16.70	0.56	5.6	0.66	6.0	1.1	동북동	76	15.2	1014.5	-	358	
2021-11-21 14:15:00	14.3	남남동	161	16.71	0.65	5.4	0.84	5.0	1.8	북동	52	15.2	1014.4	-	87	
2021-11-21 14:20:00	16.9	남남동	156	16.70	0.71	5.3	0.94	5.0	2.5	동북동	57	15.2	1014.2	-	50	
2021-11-21 14:25:00	14.0	남남동	164	16.69	0.63	5.8	0.75	5.5	2.7	동북동	63	15.3	1014.1	-	48	
2021-11-21 14:30:00	13.3	남남동	167	16.72	0.62	5.4	0.83	5.5	2.8	동북동	67	15.5	1014.0	-	83	
2021-11-21 14:35:00	12.1	남남동	159	16.75	0.55	6.0	0.69	6.5	3.5	동북동	73	15.5	1013.9	-	228	
2021-11-21 14:40:00	15.4	남남동	161	16.76	0.59	5.6	0.97	5.0	3.6	동북동	73	15.4	1013.9	-	67	
2021-11-21 14:45:00	17.2	남	171	16.79	0.60	6.1	0.90	5.0	3.5	동	81	15.5	1013.9	-	87	
2021-11-21 14:50:00	16.1	남남동	163	16.80	0.67	5.6	0.86	4.5	3.7	동북동	77	15.5	1013.8	-	56	
2021-11-21 14:55:00	21.0	남남동	160	16.79	0.57	6.1	0.83	5.5	3.7	동	79	15.4	1013.7	-	70	
2021-11-21 15:00:00	19.2	남남동	160	16.79	0.60	5.4	0.89	6.5	3.9	동	84	15.4	1013.7	-	86	
2021-11-21 15:05:00	20.3	남남동	151	16.77	0.51	5.8	0.66	4.5	3.6	동	86	15.5	1013.8	-	47	
2021-11-21 15:10:00	-	-	-	-	-	-	-	-	-	-	-	-	-	-	-	
2021-11-21 15:15:00	16.5	남남동	164	16.79	0.55	4.7	1.10	4.7	6.1	남동	134	16.3	1013.7	-	65	
2021-11-21 15:20:00	16.7	남남동	158	16.79	0.63	5.7	0.89	5.5	3.7	동	93	15.6	1013.6	-	34	
2021-11-21 15:25:00	21.0	남남동	150	16.77	0.62	5.5	0.83	5.5	3.8	동남동	103	15.6	1013.7	-	82	
2021-11-21 15:30:00	19.6	남남동	158	16.79	0.71	5.7	0.99	5.5	3.6	동남동	102	15.8	1013.7	-	73	
2021-11-21 15:35:00	20.2	남남동	157	16.80	0.67	5.8	0.92	6.0	3.5	동	98	15.8	1013.7	-	80	
2021-11-21 15:40:00	18.3	남남동	155	16.79	0.66	5.8	0.97	6.5	3.4	동	94	15.8	1013.7	-	44	
2021-11-21 15:45:00	20.4	남남동	159	16.80	0.66	5.7	1.04	5.0	3.1	동	91	15.9	1013.6	-	26	
2021-11-21 15:50:00	18.4	남남동	157	16.81	0.65	5.4	0.83	5.0	3.5	동	95	15.9	1013.5	-	80	
2021-11-21 15:55:00	18.4	남남동	151	16.81	0.57	5.9	0.76	5.5	3.1	동남동	109	16.0	1013.6	-	43	
2021-11-21 16:00:00	22.8	남남동	155	16.81	0.62	5.8	0.98	5.5	3.0	동남동	119	16.1	1013.6	-	69	
2021-11-21 16:05:00	24.0	남남동	149	16.81	0.64	5.8	0.90	5.5	3.6	남동	129	16.1	1013.5	-	41	
2021-11-21 16:10:00	23.4	남남동	158	16.75	0.66	5.9	0.93	6.0	3.2	남동	129	16.2	1013.5	-	75	
2021-11-21 16:15:00	15.5	남남동	154	16.60	0.59	5.4	0.79	4.5	3.3	동남동	122	16.2	1013.4	-	71	
2021-11-21 16:20:00	14.7	남남동	157	16.57	0.55	6.3	0.74	5.0	3.5	동남동	119	16.3	1013.3	-	161	
2021-11-21 16:25:00	16.6	남남동	157	16.62	0.61	6.3	0.73	6.0	3.8	동남동	114	16.3	1013.2	-	61	
2021-11-21 16:30:00	14.0	남남동	159	16.68	0.78	6.0	1.04	6.5	3.9	동남동	121	16.4	1013.3	-	46	
2021-11-21 16:35:00	17.4	남남동	150	16.70	0.57	6.0	0.71	5.0	4.4	동남동	122	16.3	1013.1	-	75	
2021-11-21 16:40:00	12.8	남남동	165	16.70	0.52	5.7	0.68	7.0	4.7	남동	127	16.3	1013.0	-	67	
2021-11-21 16:45:00	15.4	남남동	156	16.65	0.61	5.4	0.85	7.0	4.7	남동	125	16.1	1012.9	-	61	
2021-11-21 16:50:00	12.6	남남동	157	16.68	0.64	6.4	0.84	5.0	5.1	남동	127	16.2	1012.9	-	87	
2021-11-21 16:55:00	11.5	남남동	156	16.63	0.71	5.5	1.10	6.0	4.6	남동	133	16.2	1013.1	-	38	
2021-11-21 17:00:00	14.8	남남동	154	16.56	0.78	6.1	1.02	4.5	5.1	남동	139	16.3	1013.1	-	80	
2021-11-21 17:05:00	17.1	남남동	154	16.50	0.66	5.8	0.88	6.0	4.8	남동	143	16.3	1013.2	-	80	
2021-11-21 17:10:00	19.5	남남동	154	16.50	0.69	6.5	0.95	6.5	4.4	남동	142	16.3	1013.2	-	82	
2021-11-21 17:15:00	21.6	남남동	156	16.49	0.73	6.6	0.94	5.5	3.8	남남동	149	16.4	1013.3	-	39	
2021-11-21 17:20:00	13.4	남남동	163	16.49	0.58	5.9	0.85	6.5	3.0	남	181	16.4	1013.4	-	75	
2021-11-21 17:25:00	14.6	남남동	159	16.48	0.59	5.8	0.76	5.0	4.1	서	265	16.0	1013.5	-	94	
2021-11-21 17:30:00	12.2	남남동	152	16.48	0.63	6.5	0.78	5.5	3.5	서	262	15.6	1013.5	-	57	
2021-11-21 17:35:00	13.3	남남동	148	16.48	0.66	6.7	0.83	4.5	3.3	서남서	250	15.6	1013.6	-	103	
2021-11-21 17:40:00	12.0	남남동	165	16.47	0.69	6.1	0.99	6.0	3.5	서남서	248	15.5	1013.6	-	76	
2021-11-21 17:45:00	15.2	남남동	164	16.47	0.75	5.6	0.93	5.0	3.1	서남서	252	15.3	1013.5	-	96	
2021-11-21 17:50:00	9.0	남남동	150	16.47	0.69	6.1	0.96	6.5	3.1	서남서	240	15.2	1013.4	-	102	
2021-11-21 17:55:00	11.0	남남동	161	16.46	0.69	6.7	0.97	6.5	2.8	남서	232	15.2	1013.3	-	25	
2021-11-21 18:00:00	7.1	남남동	153	16.46	0.66	6.2	0.77	5.0	3.3	서남서	237	15.2	1013.3	-	98	
2021-11-21 18:05:00	4.7	남	179	16.45	0.71	6.5	0.88	6.5	4.8	남서	232	15.7	1013.1	-	72	
2021-11-21 18:10:00	6.2	남동	132	16.45	0.79	7.2	1.12	6.5	4.4	남서	229	16.1	1013.1	-	50	
2021-11-21 18:15:00	3.9	남동	144	16.45	0.68	5.3	1.14	6.5	3.6	남서	230	15.9	1013.0	-	89	
2021-11-21 18:20:00	8.3	남동	142	16.44	0.66	6.3	0.96	5.5	3.1	남서	233	16.0	1013.0	-	84	
2021-11-21 18:25:00	9.8	남남동	149	16.44	0.71	7.6	0.99	5.5	3.0	남서	230	16.0	1012.9	-	40	
2021-11-21 18:30:00	9.1	남남동	165	16.43	0.72	6.7	1.22	6.5	2.6	남남서	198	15.9	1012.8	-	60	
2021-11-21 18:35:00	7.9	남남동	152	16.45	0.82	6.7	1.14	6.5	2.3	남남서	199	15.8	1012.7	-	20	
2021-11-21 18:40:00	9.5	남동	140	16.44	0.73	6.3	1.09	6.0	2.5	남서	217	15.8	1012.6	-	1	
2021-11-21 18:45:00	7.1	남동	132	16.44	0.77	6.2	1.05	6.5	2.3	남서	228	15.8	1012.5	-	26	
2021-11-21 18:50:00	4.8	남남동	147	16.43	0.82	6.3	1.18	6.5	3.3	서남서	244	15.8	1012.6	-	108	
2021-11-21 18:55:00	7.9	남동	128	16.43	0.70	7.3	1.03	6.5	3.7	서남서	247	15.7	1012.6	-	25	
2021-11-21 19:00:00	9.1	남동	134	16.43	0.71	6.0	0.89	6.0	4.8	서	263	15.9	1012.6	-	52	
2021-11-21 19:05:00	11.6	남동	142	16.43	0.66	6.1	0.96	6.0	5.1	서남서	256	16.1	1012.5	-	12	
2021-11-21 19:10:00	9.1	남동	133	16.43	0.73	6.0	1.02	6.0	4.1	서남서	257	16.0	1012.5	-	4	
2021-11-21 19:15:00	7.8	남동	144	16.43	0.68	6.8	1.10	6.0	3.7	서남서	249	15.9	1012.4	-	5	
2021-11-21 19:20:00	9.3	남동	127	16.42	0.71	7.0	1.03	6.0	3.7	서남서	245	15.7	1012.3	-	0	
2021-11-21 19:25:00	6.1	남남동	147	16.43	0.86	7.0	1.20	6.5	3.1	남서	236	15.6	1012.2	-	5	
2021-11-21 19:30:00	0.6	동북동	70	16.43	0.67	6.6	0.88	7.0	3.0	서남서	245	15.5	1012.1	-	6	
2021-11-21 19:35:00	3.9	남	184	16.43	0.75	7.2	1.06	7.5	3.0	서남서	241	15.4	1012.0	-	33	
2021-11-21 19:40:00	2.9	남남동	151	16.44	0.61	6.7	0.84	6.5	3.2	남서	233	15.4	1012.0	-	8	
2021-11-21 19:45:00	5.5	남남동	164	16.43	0.68	5.8	0.80	4.5	3.1	남서	228	15.3	1012.0	-	44	
2021-11-21 19:50:00	8.0	남남동	154	16.44	0.87	6.7	1.20	6.5	3.4	남서	217	15.3	1012.0	-	12	
2021-11-21 19:55:00	2.7	동남동	114	16.44	0.75	7.0	1.08	7.5	3.0	남서	228	15.3	1012.0	-	46	
2021-11-21 20:00:00	6.0	남남동	157	16.44	0.75	7.1	0.99	7.5	3.3	남서	215	15.2	1011.9	-	27	
2021-11-21 20:05:00	8.9	남동	146	16.45	0.76	6.8	1.13	7.0	3.4	남서	228	14.9	1011.9	-	28	
2021-11-21 20:10:00	2.7	남	169	16.45	0.77	6.2	1.04	6.5	3.1	남서	233	14.7	1011.8	-	24	
2021-11-21 20:15:00	3.5	남남동	164	16.45	0.76	6.6	1.09	6.5	3.4	남서	226	14.7	1011.7	-	7	
2021-11-21 20:20:00	6.1	남동	141	16.45	0.64	6.6	0.92	7.0	3.7	남서	230	14.7	1011.5	-	33	
2021-11-21 20:25:00	6.7	남남동	148	16.46	0.82	7.6	1.16	7.0	3.0	남서	226	14.8	1011.3	-	60	
2021-11-21 20:30:00	6.6	남남동	147	16.46	0.81	6.7	1.21	6.0	3.2	남서	236	14.7	1011.2	-	34	
2021-11-21 20:35:00	3.7	동남동	118	16.46	0.79	7.2	1.03	6.5	3.3	서남서	240	14.6	1011.1	-	50	
2021-11-21 20:40:00	3.6	남	174	16.47	0.67	6.6	1.16	7.0	3.1	서남서	244	14.6	1011.1	-	6	
2021-11-21 20:45:00	3.8	남	172	16.48	0.82	6.6	1.04	7.0	3.0	남서	228	14.6	1011.1	-	8	
2021-11-21 20:50:00	2.8	남남동	155	16.47	0.83	6.6	1.08	6.0	3.2	서남서	246	14.4	1011.2	-	19	
2021-11-21 20:55:00	3.9	남남동	153	16.48	0.77	6.8	0.98	6.5	2.9	서남서	238	14.4	1011.1	-	27	
2021-11-21 21:00:00	5.7	남동	138	16.48	0.83	6.7	1.16	6.5	2.8	남서	228	14.2	1011.0	-	55	
2021-11-21 21:05:00	6.4	남남동	154	16.48	0.84	7.0	1.12	6.5	2.8	서남서	238	14.1	1011.0	-	11	
2021-11-21 21:10:00	6.6	남동	142	16.47	0.77	7.0	1.01	7.5	2.2	남서	222	13.9	1010.9	-	8	
2021-11-21 21:15:00	3.9	남	185	16.48	0.83	7.4	1.49	7.5	1.4	남서	219	13.9	1010.8	-	346	
2021-11-21 21:20:00	5.6	남남동	164	16.48	0.83	6.6	1.18	7.5	2.7	남남서	203	13.9	1010.8	-	28	
2021-11-21 21:25:00	3.8	남	189	16.47	0.70	6.8	0.90	6.0	3.2	남남서	210	13.9	1010.7	-	36	
2021-11-21 21:30:00	4.3	남	175	16.47	0.86	7.5	1.20	6.5	1.9	남서	230	13.8	1010.7	-	49	
2021-11-21 21:35:00	7.8	남동	146	16.48	0.83	7.0	1.31	7.0	1.8	남	190	14.2	1010.6	-	34	
2021-11-21 21:40:00	4.4	남남동	157	16.48	0.77	6.6	1.07	8.5	1.7	남서	218	14.6	1010.6	-	12	
2021-11-21 21:45:00	7.0	남동	136	16.48	0.85	7.1	1.04	7.0	2.9	남남서	200	14.3	1010.6	-	21	
2021-11-21 21:50:00	8.8	남동	125	16.47	0.76	7.5	1.13	8.5	1.8	남	175	14.1	1010.6	-	58	
2021-11-21 21:55:00	8.2	남동	139	16.48	0.77	7.5	1.03	7.5	2.1	남	186	14.1	1010.6	-	9	
2021-11-21 22:00:00	5.2	남동	124	16.48	1.01	7.2	1.51	7.0	3.0	남남서	208	14.1	1010.3	-	10	
2021-11-21 22:05:00	4.3	남남동	146	16.47	0.93	7.5	1.12	7.0	3.7	남서	224	13.7	1010.1	-	55	
2021-11-21 22:10:00	6.0	남동	135	16.47	0.99	7.4	1.25	6.0	1.9	남남서	193	14.0	1009.8	-	22	
2021-11-21 22:15:00	3.8	남동	145	16.47	0.78	7.5	1.02	6.5	2.4	남동	142	14.3	1009.6	-	1	
2021-11-21 22:20:00	11.3	남동	137	16.47	0.89	7.4	1.35	7.5	2.4	남	176	14.1	1009.7	-	11	
2021-11-21 22:25:00	4.4	남남동	153	16.47	0.84	6.8	1.23	8.5	2.9	남남서	194	14.2	1009.7	-	7	
2021-11-21 22:30:00	3.8	남동	138	16.46	0.77	6.7	0.97	7.0	3.0	남남서	210	13.8	1009.7	-	76	
2021-11-21 22:35:00	10.0	남동	136	16.45	0.96	7.5	1.73	8.0	1.7	남	188	13.6	1009.6	-	7	
2021-11-21 22:40:00	6.2	남동	141	16.45	0.72	7.7	0.98	9.0	1.9	남서	219	13.6	1009.4	-	7	
2021-11-21 22:45:00	9.5	남동	133	16.45	1.01	7.6	1.31	7.5	0.6	남서	217	13.6	1009.3	-	6	
2021-11-21 22:50:00	5.7	남동	143	16.45	0.82	7.3	1.01	8.0	1.2	남서	218	13.7	1009.2	-	51	
2021-11-21 22:55:00	12.9	남동	132	16.45	0.90	8.0	1.26	7.0	0.9	남	187	13.9	1009.2	-	12	
2021-11-21 23:00:00	12.8	남동	132	16.44	0.98	7.7	1.52	7.5	1.1	남동	143	14.0	1009.0	-	350	
2021-11-21 23:05:00	14.7	남동	135	16.45	0.77	7.3	1.24	6.5	1.2	남동	126	13.9	1008.9	-	20	
2021-11-21 23:10:00	14.4	남동	128	16.45	0.88	7.1	1.15	8.0	2.0	동남동	118	13.8	1008.6	-	12	
2021-11-21 23:15:00	12.6	동남동	120	16.45	0.84	7.4	0.98	7.5	2.6	남남동	147	13.7	1008.5	-	353	
2021-11-21 23:20:00	12.3	남동	131	16.45	0.80	7.9	1.22	9.0	2.9	남동	133	13.7	1008.2	-	51	
2021-11-21 23:25:00	13.4	남동	128	16.44	0.91	7.6	1.23	8.0	2.6	남동	135	13.8	1008.0	-	4	
2021-11-21 23:30:00	12.2	남동	135	16.44	0.92	7.5	1.14	7.5	4.4	남동	136	14.1	1007.8	-	9	
2021-11-21 23:35:00	14.8	남동	129	16.44	0.88	7.6	1.15	7.5	4.6	남동	138	14.1	1007.7	-	50	
2021-11-21 23:40:00	14.9	남동	132	16.44	0.85	7.4	1.20	6.5	4.6	남동	135	14.2	1007.6	-	351	
2021-11-21 23:45:00	10.1	남동	131	16.45	0.85	7.1	1.60	9.0	4.5	남남동	148	14.1	1007.3	-	6	
2021-11-21 23:50:00	13.7	남동	133	16.45	0.77	7.8	0.93	7.5	4.7	남남동	149	14.2	1007.1	-	56	
2021-11-21 23:55:00	15.5	남동	132	16.45	0.84	7.5	1.02	8.0	5.3	남동	140	14.3	1007.0	-	7	
2021-11-22 00:00:00	12.2	남동	139	16.44	0.96	7.5	1.35	7.5	3.7	남남동	160	14.3	1007.0	-	16	
2021-11-22 00:05:00	12.4	남동	144	16.45	0.95	7.9	1.58	8.0	4.3	남	181	14.1	1006.9	-	3	
2021-11-22 00:10:00	9.5	남동	145	16.46	0.79	7.6	1.06	8.5	3.9	남남서	194	14.3	1006.7	-	349	
2021-11-22 00:15:00	11.9	남동	131	16.45	0.88	7.9	1.54	7.5	8.4	남서	221	15.9	1006.4	-	18	
2021-11-22 00:20:00	15.1	남동	140	16.45	0.87	8.5	1.06	9.0	9.0	남서	228	16.3	1006.4	-	344	
2021-11-22 00:25:00	11.3	남동	137	16.46	0.73	7.6	0.96	7.5	8.1	남서	234	16.2	1006.2	-	22	
2021-11-22 00:30:00	12.6	남동	128	16.46	0.94	7.3	1.29	7.5	11.0	서남서	241	16.2	1006.1	-	20	
2021-11-22 00:35:00	14.1	남동	125	16.46	0.83	7.3	1.03	8.0	10.6	서남서	241	16.4	1005.9	-	350	
2021-11-22 00:40:00	12.9	남동	139	16.47	0.91	7.8	1.38	7.5	9.7	서남서	249	16.2	1006.1	-	350	
2021-11-22 00:45:00	10.0	남동	130	16.46	0.77	7.9	0.99	9.0	10.7	서남서	251	16.3	1005.9	-	54	
2021-11-22 00:50:00	14.4	동남동	119	16.47	0.90	8.1	1.20	7.5	10.9	서남서	242	16.3	1006.1	-	59	
2021-11-22 00:55:00	14.8	동남동	118	16.48	0.79	7.4	1.04	7.0	10.3	남서	236	16.3	1006.2	-	51	
2021-11-22 01:00:00	13.0	남남동	147	16.48	0.94	8.1	1.72	7.5	9.8	서남서	243	16.2	1006.0	-	48	
2021-11-22 01:05:00	11.6	남동	130	16.48	1.03	8.0	1.47	7.5	9.5	서남서	247	16.1	1005.9	-	51	
2021-11-22 01:10:00	11.8	남동	129	16.48	0.79	7.3	0.97	7.5	11.0	서남서	245	16.2	1005.9	-	21	
2021-11-22 01:15:00	14.2	남동	130	16.49	0.87	7.7	1.08	7.5	8.5	서남서	241	16.2	1005.8	-	34	
2021-11-22 01:20:00	13.7	남동	126	16.50	0.83	7.7	1.09	8.0	10.1	남서	236	16.1	1005.7	-	22	
2021-11-22 01:25:00	16.2	동남동	112	16.48	0.90	7.9	1.19	7.0	9.4	서남서	238	16.2	1005.7	-	34	
2021-11-22 01:30:00	10.9	동남동	118	16.49	0.67	7.2	0.81	7.5	9.0	서남서	238	16.1	1005.6	-	17	
2021-11-22 01:35:00	10.6	동남동	122	16.48	0.68	7.5	0.82	8.0	8.4	서남서	241	16.1	1005.6	-	19	
2021-11-22 01:40:00	12.7	동남동	123	16.48	0.63	7.4	0.84	7.0	8.6	서남서	238	16.1	1005.7	-	358	
2021-11-22 01:45:00	11.0	동남동	123	16.48	0.77	7.7	0.94	8.0	7.7	남서	235	16.0	1005.7	-	43	
2021-11-22 01:50:00	11.4	동남동	122	16.49	0.63	7.3	0.77	8.0	5.9	서남서	242	16.0	1005.7	-	345	
2021-11-22 01:55:00	10.0	남동	131	16.48	0.70	7.8	0.89	8.5	6.3	서남서	244	15.9	1005.8	-	63	
2021-11-22 02:00:00	13.6	동남동	116	16.48	0.75	7.8	0.92	8.0	7.7	남서	230	15.9	1005.7	-	1	
2021-11-22 02:05:00	7.5	남동	130	16.48	0.73	7.5	1.13	7.0	5.9	서남서	253	15.9	1005.9	-	1	
2021-11-22 02:10:00	7.8	남동	133	16.48	0.62	7.0	0.95	7.0	7.1	남서	225	15.8	1005.9	-	59	
2021-11-22 02:15:00	9.4	동남동	122	16.48	0.72	7.3	0.87	6.5	6.0	서남서	242	15.8	1005.9	-	6	
2021-11-22 02:20:00	8.5	남동	131	16.48	0.68	7.9	0.95	7.5	5.7	서	267	15.7	1006.0	-	20	
2021-11-22 02:25:00	13.7	동남동	111	16.47	0.74	7.8	0.87	7.5	7.1	서	269	15.6	1006.1	-	35	
2021-11-22 02:30:00	13.6	남동	128	16.47	0.82	8.0	1.08	7.5	9.9	서	276	15.2	1006.2	-	4	
2021-11-22 02:35:00	14.2	남동	129	16.47	0.62	7.0	0.80	9.0	9.2	서남서	251	15.0	1006.3	-	358	
2021-11-22 02:40:00	11.7	남동	127	16.47	0.75	7.0	0.89	8.0	7.8	서남서	256	14.9	1006.4	-	4	
2021-11-22 02:45:00	13.3	남동	130	16.46	0.84	7.7	1.06	6.5	9.6	서남서	252	14.6	1006.3	-	8	
2021-11-22 02:50:00	16.6	동남동	111	16.44	0.69	7.8	0.82	9.0	10.8	서남서	258	14.3	1006.4	-	354	
2021-11-22 02:55:00	15.9	남동	130	16.45	0.95	7.9	1.44	7.0	10.4	서남서	251	14.3	1006.4	-	35	
2021-11-22 03:00:00	12.2	남동	125	16.45	0.66	7.1	1.02	7.0	9.2	서남서	246	14.1	1006.4	-	355	
2021-11-22 03:05:00	14.4	동남동	122	16.43	0.67	8.0	1.02	7.5	8.8	서남서	241	14.1	1006.4	-	60	
2021-11-22 03:10:00	14.5	동남동	119	16.43	0.82	7.5	1.18	8.0	8.8	서남서	244	14.0	1006.3	-	47	
2021-11-22 03:15:00	11.7	남동	130	16.42	0.69	7.7	1.11	7.5	7.7	서남서	246	14.0	1006.5	-	30	
2021-11-22 03:20:00	17.5	동남동	119	16.41	0.64	7.4	0.92	7.0	7.8	서남서	250	13.8	1006.6	-	58	
2021-11-22 03:25:00	14.8	동남동	121	16.41	0.63	7.3	0.86	9.5	6.9	서	261	13.7	1006.7	-	27	
2021-11-22 03:30:00	14.4	남동	129	16.42	0.72	7.7	0.91	8.0	7.1	서	269	13.4	1006.7	-	13	
2021-11-22 03:35:00	14.2	동남동	122	16.42	0.66	7.4	0.82	6.5	7.7	서남서	257	13.2	1006.9	-	49	
2021-11-22 03:40:00	17.9	동남동	119	16.42	0.61	6.7	0.73	7.0	8.9	서남서	249	13.2	1006.9	-	358	
2021-11-22 03:45:00	20.0	동남동	121	16.41	0.69	7.4	0.86	6.0	8.5	서남서	238	12.9	1006.8	-	3	
2021-11-22 03:50:00	13.2	동남동	123	16.41	0.89	7.3	1.14	7.5	8.6	남서	236	12.8	1006.8	-	13	
2021-11-22 03:55:00	13.9	남동	130	16.40	0.75	7.3	1.02	8.5	9.7	서남서	246	12.7	1006.8	-	24	
2021-11-22 04:00:00	18.4	동남동	114	16.39	0.72	7.4	0.93	7.0	11.0	서남서	237	12.3	1006.6	-	36	
2021-11-22 04:05:00	17.7	동남동	115	16.38	0.74	7.6	0.97	7.5	13.3	서남서	252	12.3	1006.4	-	14	
2021-11-22 04:10:00	18.5	동남동	119	16.37	0.78	7.4	0.95	7.5	13.1	서남서	251	12.0	1006.6	-	45	
2021-11-22 04:15:00	18.0	동남동	120	16.37	0.81	7.5	1.00	6.5	12.9	서남서	250	11.9	1006.4	-	28	
2021-11-22 04:20:00	19.1	동남동	114	16.36	0.67	7.0	0.80	7.0	11.3	서남서	250	11.8	1006.5	-	51	
2021-11-22 04:25:00	20.2	동남동	116	16.36	0.72	6.9	1.00	6.5	10.8	서남서	255	11.9	1006.6	-	13	
2021-11-22 04:30:00	18.0	동남동	105	16.35	0.68	7.2	1.02	8.0	10.2	서남서	250	11.7	1006.7	-	41	
2021-11-22 04:35:00	19.2	동남동	117	16.35	0.67	7.5	1.23	6.5	10.4	서남서	248	11.6	1006.7	-	346	
2021-11-22 04:40:00	17.2	동남동	121	16.34	0.57	7.1	0.66	6.5	8.7	서남서	246	11.5	1006.7	-	354	
2021-11-22 04:45:00	20.4	동남동	120	16.34	0.63	7.0	0.72	7.5	8.3	서남서	254	11.5	1006.7	-	12	
2021-11-22 04:50:00	13.4	동남동	115	16.34	0.65	7.9	0.81	7.5	8.5	서남서	256	11.6	1006.8	-	354	
2021-11-22 04:55:00	13.5	남동	127	16.34	0.71	7.6	1.29	7.0	7.8	서남서	248	11.7	1006.9	-	27	
2021-11-22 05:00:00	13.7	남동	131	16.34	0.64	7.3	0.97	6.5	9.2	서남서	248	11.6	1006.8	-	3	
2021-11-22 05:05:00	14.7	남동	141	16.34	0.73	7.2	1.02	7.0	7.8	서	263	11.4	1006.9	-	9	
2021-11-22 05:10:00	9.6	동남동	109	16.33	0.74	6.9	1.05	7.0	8.0	서남서	240	11.3	1006.8	-	14	
2021-11-22 05:15:00	12.8	동남동	123	16.34	0.67	7.4	1.13	6.5	8.1	서남서	245	11.4	1006.9	-	350	
2021-11-22 05:20:00	10.3	동남동	117	16.32	0.61	6.8	0.85	5.0	7.8	서남서	245	11.3	1006.9	-	3	
2021-11-22 05:25:00	10.0	동남동	123	16.32	0.72	7.6	0.96	7.0	9.8	서남서	246	11.3	1007.0	-	1	
2021-11-22 05:30:00	17.5	남동	131	16.31	0.66	7.8	0.82	8.5	8.6	서남서	249	11.1	1007.0	-	47	
2021-11-22 05:35:00	12.8	남동	130	16.32	0.63	7.2	1.02	7.0	9.2	서남서	243	11.0	1007.2	-	62	
2021-11-22 05:40:00	7.9	남남동	157	16.33	0.72	6.8	1.07	8.0	7.2	서남서	239	10.8	1007.3	-	53	
2021-11-22 05:45:00	7.6	남동	141	16.31	0.76	6.5	1.06	6.0	7.4	서남서	238	10.8	1007.3	-	20	
2021-11-22 05:50:00	4.5	남동	127	16.32	0.68	7.3	0.91	7.5	9.9	서남서	239	10.6	1007.4	-	52	
2021-11-22 05:55:00	5.5	동	94	16.31	0.74	7.2	0.91	7.5	9.3	서남서	245	10.6	1007.4	-	58	
2021-11-22 06:00:00	9.4	동남동	123	16.30	0.73	7.4	0.92	7.0	8.6	서	260	10.4	1007.6	-	28	
2021-11-22 06:05:00	4.3	동	82	16.30	0.70	7.5	0.84	8.0	8.9	남서	235	10.3	1007.6	-	42	
2021-11-22 06:10:00	1.8	동북동	71	16.29	0.67	6.8	0.82	7.5	9.3	서남서	237	10.2	1007.5	-	27	
2021-11-22 06:15:00	5.6	남남동	167	16.30	0.65	6.2	1.13	6.5	8.7	서남서	247	10.2	1007.6	-	39	
2021-11-22 06:20:00	7.2	남남동	150	16.28	0.67	7.5	0.84	6.0	8.4	서남서	258	10.2	1007.8	-	33	
2021-11-22 06:25:00	3.9	남남동	166	16.29	0.61	6.5	0.89	7.5	8.6	서남서	257	10.1	1007.7	-	62	
2021-11-22 06:30:00	7.2	남동	142	16.27	0.51	6.2	0.66	8.0	9.3	서북서	288	10.3	1007.8	-	70	
2021-11-22 06:35:00	1.4	남	189	16.27	0.62	6.6	0.81	9.0	10.1	서북서	286	10.2	1007.9	-	10	
2021-11-22 06:40:00	10.7	동남동	123	16.27	0.64	6.6	0.97	8.5	10.1	서북서	283	9.9	1008.0	-	50	
2021-11-22 06:45:00	3.6	남서	231	16.26	0.69	5.8	0.91	5.5	10.9	서	272	9.8	1008.2	-	36	
2021-11-22 06:50:00	1.2	남	184	16.26	0.69	6.1	0.87	5.0	10.6	서	276	9.8	1008.4	-	2	
2021-11-22 06:55:00	8.8	남동	137	16.26	0.72	5.4	0.88	4.5	9.4	서	275	9.6	1008.5	-	12	
2021-11-22 07:00:00	4.4	남동	128	16.24	0.69	5.4	0.91	6.0	8.2	서	268	9.6	1008.6	-	34	
2021-11-22 07:05:00	6.0	남동	130	16.26	0.72	5.6	1.01	6.0	7.8	서	264	9.3	1008.6	-	19	
2021-11-22 07:10:00	2.8	북	352	16.26	0.67	5.7	1.03	7.5	8.3	서	264	9.3	1008.7	-	18	
2021-11-22 07:15:00	11.0	남동	132	16.26	0.73	7.0	0.91	6.5	9.7	서북서	291	9.2	1008.5	-	2	
2021-11-22 07:20:00	7.3	남	177	16.25	0.71	7.0	0.92	6.0	8.9	서	267	9.4	1008.6	-	44	
2021-11-22 07:25:00	3.2	남서	219	16.26	0.69	6.3	0.93	7.0	8.5	서	260	9.1	1008.7	-	0	
2021-11-22 07:30:00	4.0	남	189	16.25	0.69	7.5	0.92	8.0	9.1	서남서	258	9.2	1008.7	-	39	
2021-11-22 07:35:00	8.6	남동	128	16.24	0.63	6.2	0.81	6.0	11.0	서	270	9.2	1008.7	-	22	
2021-11-22 07:40:00	3.5	남남동	161	16.25	0.61	6.0	0.76	5.5	11.3	서남서	253	9.1	1008.7	-	41	
2021-11-22 07:45:00	0.5	남남서	203	16.24	0.72	6.8	1.25	6.0	9.8	서	276	8.9	1008.8	-	3	
2021-11-22 07:50:00	4.7	남서	217	16.23	0.73	6.8	0.92	7.5	8.6	서북서	287	8.8	1009.0	-	35	
2021-11-22 07:55:00	5.8	남동	130	16.23	0.80	6.4	1.08	7.0	7.0	서	265	8.7	1009.2	-	12	
2021-11-22 08:00:00	5.2	남	190	16.24	0.78	6.5	1.12	6.5	7.4	서	277	8.6	1009.4	-	20	
2021-11-22 08:05:00	3.2	남	169	16.23	0.67	6.5	0.91	8.5	6.4	서	279	8.4	1009.5	-	62	
2021-11-22 08:10:00	3.3	남	187	16.24	0.78	6.4	1.19	7.0	6.8	서	270	8.3	1009.8	-	78	
2021-11-22 08:15:00	5.4	동	100	16.23	0.80	5.8	1.10	6.5	6.1	서	273	8.3	1009.8	-	15	
2021-11-22 08:20:00	6.6	남동	141	16.24	0.71	5.2	0.98	5.5	6.6	서	281	8.2	1009.8	-	353	
2021-11-22 08:25:00	3.8	남	177	16.23	0.77	5.1	1.06	6.5	8.0	서	279	8.6	1009.8	-	18	
2021-11-22 08:30:00	1.7	동남동	123	16.23	0.79	6.2	0.94	7.0	6.1	서북서	285	8.2	1010.0	-	345	
2021-11-22 08:35:00	4.9	북동	53	16.22	0.80	5.7	1.23	5.5	6.9	서북서	287	8.3	1010.1	-	333	
2021-11-22 08:40:00	5.0	동남동	120	16.22	0.78	5.4	1.06	5.0	6.3	서	265	8.0	1010.2	-	38	
2021-11-22 08:45:00	4.8	남	170	16.23	0.81	5.9	1.04	6.5	5.3	서	271	7.9	1010.3	-	2	
2021-11-22 08:50:00	0.9	남남서	193	16.21	0.87	6.1	1.24	5.0	5.6	서북서	287	8.0	1010.3	-	9	
2021-11-22 08:55:00	7.2	남남동	151	16.20	0.81	5.7	1.04	4.5	7.4	서북서	286	8.0	1010.3	-	346	
2021-11-22 09:00:00	14.8	남동	141	16.18	0.79	5.1	1.19	6.0	8.0	서북서	289	7.9	1010.4	-	342	
2021-11-22 09:05:00	11.6	남남동	164	16.19	0.94	5.8	1.32	5.0	8.4	서북서	293	8.1	1010.3	-	353	
2021-11-22 09:10:00	8.3	남남동	147	16.19	0.94	5.5	1.39	5.0	7.8	서북서	286	7.8	1010.3	-	2	
2021-11-22 09:15:00	8.7	남남동	153	16.19	0.99	5.8	1.24	5.0	7.6	서북서	283	7.9	1010.2	-	345	
2021-11-22 09:20:00	2.6	남남동	169	16.19	0.87	5.5	1.13	6.5	6.9	서	278	7.7	1010.2	-	339	
2021-11-22 09:25:00	7.4	남동	144	16.19	0.92	6.1	1.19	7.0	7.3	서	277	8.0	1010.2	-	33	
2021-11-22 09:30:00	9.5	남남동	161	16.18	0.91	6.0	1.59	5.5	9.0	서북서	289	8.1	1010.2	-	4	
2021-11-22 09:35:00	15.7	남동	141	16.17	1.03	5.7	1.36	5.0	9.0	서북서	299	8.0	1010.1	-	345	
2021-11-22 09:40:00	11.7	남동	131	16.17	0.99	5.6	1.29	5.5	8.5	서북서	287	7.9	1010.1	-	348	
2021-11-22 09:45:00	5.4	남동	141	16.19	0.83	5.7	1.16	5.5	7.5	서북서	286	7.8	1010.1	-	44	
2021-11-22 09:50:00	14.4	남동	146	16.18	0.87	5.5	1.33	5.5	9.6	서북서	298	8.2	1010.0	-	287	
2021-11-22 09:55:00	12.7	남동	139	16.17	0.89	5.6	1.11	6.5	9.6	서북서	300	8.0	1009.9	-	357	
2021-11-22 10:00:00	12.1	남남동	158	16.18	1.00	5.9	1.21	6.0	8.4	서북서	286	8.0	1010.0	-	349	
2021-11-22 10:05:00	10.3	남남동	146	16.18	0.77	5.7	1.07	5.0	8.7	서북서	295	8.0	1010.1	-	348	
2021-11-22 10:10:00	9.7	남	170	16.17	0.84	5.9	1.12	6.5	8.8	서북서	301	8.1	1010.0	-	357	
2021-11-22 10:15:00	3.7	남동	140	16.18	0.91	5.7	1.31	6.0	8.3	서북서	294	8.2	1010.1	-	356	
2021-11-22 10:20:00	11.5	남동	135	16.17	0.91	5.6	1.73	6.5	8.8	서북서	292	8.2	1010.1	-	343	
2021-11-22 10:25:00	12.9	남남동	163	16.17	0.88	5.8	1.16	5.5	9.0	서북서	298	8.3	1009.9	-	1	
2021-11-22 10:30:00	8.9	남남동	149	16.16	0.92	5.8	1.17	6.0	9.0	서북서	290	8.2	1009.9	-	330	
2021-11-22 10:35:00	9.2	남남동	146	16.15	0.90	5.9	1.12	6.0	9.3	서북서	282	8.3	1010.0	-	349	
2021-11-22 10:40:00	11.9	남동	138	16.14	0.82	5.9	1.00	6.0	9.6	서북서	294	8.4	1009.9	-	355	
2021-11-22 10:45:00	14.7	남남동	155	16.14	0.86	5.8	1.17	5.0	9.7	서북서	291	8.3	1009.8	-	341	
2021-11-22 10:50:00	18.4	남동	132	16.13	0.83	5.0	1.13	4.5	11.6	서북서	298	8.2	1009.7	-	277	
2021-11-22 10:55:00	14.0	남남동	148	16.13	0.89	5.0	1.14	6.5	11.7	서북서	289	7.9	1009.5	-	5	
2021-11-22 11:00:00	16.3	남동	126	16.13	0.86	5.3	1.04	6.0	11.6	서북서	288	8.1	1009.5	-	22	
2021-11-22 11:05:00	13.3	동남동	118	16.12	0.90	6.2	1.13	6.0	11.4	서	280	8.1	1009.6	-	28	
2021-11-22 11:10:00	20.4	남동	141	16.12	0.91	5.3	1.20	6.0	12.1	서북서	286	7.9	1009.6	-	344	
2021-11-22 11:15:00	13.2	남동	136	16.13	0.87	4.9	1.20	4.0	11.2	서북서	291	8.0	1009.7	-	169	
2021-11-22 11:20:00	22.1	남동	127	16.13	0.87	5.5	1.15	6.0	13.1	서북서	285	8.0	1009.6	-	25	
2021-11-22 11:25:00	8.4	동남동	111	16.13	0.87	5.1	1.07	5.0	13.2	서북서	290	8.0	1009.6	-	27	
2021-11-22 11:30:00	9.9	남동	139	16.13	0.96	5.4	1.35	6.0	11.8	서북서	292	7.8	1009.6	-	332	
2021-11-22 11:35:00	12.6	남동	141	16.13	0.91	6.0	1.30	7.0	10.9	서북서	287	8.0	1009.6	-	16	
2021-11-22 11:40:00	7.4	남남동	167	16.13	0.83	5.3	1.01	4.5	11.3	서북서	294	7.9	1009.5	-	343	
2021-11-22 11:45:00	10.7	남동	140	16.12	0.87	5.6	1.08	5.0	8.2	서	278	7.9	1009.7	-	354	
2021-11-22 11:50:00	11.5	남동	141	16.12	0.80	5.8	0.98	6.0	10.0	서북서	289	8.0	1009.6	-	342	
2021-11-22 11:55:00	11.3	남동	135	16.11	0.76	5.4	1.05	5.5	10.1	서북서	287	7.9	1009.6	-	22	
2021-11-22 12:00:00	12.9	남동	127	16.11	0.69	5.3	0.91	3.5	9.2	서	271	7.9	1009.8	-	329	
2021-11-22 12:05:00	10.8	남동	125	16.11	0.64	6.0	0.83	6.0	10.0	서	269	8.0	1009.7	-	2	
2021-11-22 12:10:00	9.9	남동	145	16.11	0.64	5.7	1.12	7.0	8.9	서	263	8.3	1009.7	-	349	
2021-11-22 12:15:00	10.6	동남동	123	16.10	0.70	6.1	1.00	6.0	11.9	서	259	8.1	1009.5	-	4	
2021-11-22 12:20:00	-	-	-	-	-	-	-	-	-	-	-	-	-	-	-	
2021-11-22 12:25:00	-	-	-	16.12	0.51	3.1	1.03	3.1	10.9	서	260	7.9	1009.5	-	8	
2021-11-22 12:30:00	7.1	남동	142	16.11	0.73	5.5	0.96	5.5	11.3	서	263	7.8	1009.4	-	64	
2021-11-22 12:35:00	11.8	동남동	120	16.10	0.69	5.3	1.11	4.0	13.0	서	259	7.8	1009.4	-	328	
2021-11-22 12:40:00	11.8	동남동	109	16.09	0.74	5.9	1.01	5.5	11.6	서	269	7.7	1009.4	-	28	
2021-11-22 12:45:00	11.2	남동	124	16.08	0.71	5.6	1.10	7.0	12.0	서	266	7.8	1009.5	-	340	
2021-11-22 12:50:00	11.6	동남동	112	16.09	0.65	5.0	0.84	6.0	12.8	서	262	7.8	1009.3	-	333	
2021-11-22 12:55:00	8.5	남동	130	16.09	0.65	6.0	0.84	3.5	14.6	서	267	7.8	1009.1	-	31	
2021-11-22 13:00:00	6.0	동남동	112	16.09	0.65	4.6	0.99	5.0	11.5	서	268	7.7	1009.3	-	175	
2021-11-22 13:05:00	11.8	동남동	106	16.08	0.71	5.3	1.19	4.5	11.4	서	265	8.0	1009.4	-	23	
2021-11-22 13:10:00	11.1	동	100	16.08	0.76	5.6	0.93	4.0	11.2	서	260	7.9	1009.4	-	21	
2021-11-22 13:15:00	13.6	남동	130	16.08	0.67	4.5	0.96	4.0	11.9	서	274	7.7	1009.4	-	329	
2021-11-22 13:20:00	8.1	동남동	109	16.09	0.61	4.8	0.92	6.0	10.7	서	264	7.9	1009.5	-	21	
2021-11-22 13:25:00	11.2	동남동	110	16.09	0.65	5.1	0.86	4.0	9.4	서	261	7.8	1009.6	-	5	
2021-11-22 13:30:00	12.2	동남동	103	16.08	0.56	5.0	0.70	3.5	7.8	서	266	7.9	1009.6	-	130	
2021-11-22 13:35:00	10.1	동	96	16.08	0.72	5.2	0.86	4.0	9.2	서북서	287	8.0	1009.6	-	0	
2021-11-22 13:40:00	6.0	남동	125	16.09	0.69	5.1	0.96	7.0	9.1	서	277	7.8	1009.5	-	350	
2021-11-22 13:45:00	14.6	동	79	16.09	0.70	6.0	0.96	6.0	8.9	서	260	7.8	1009.5	-	3	
2021-11-22 13:50:00	13.0	동남동	114	16.08	0.70	5.4	0.98	6.5	9.4	서북서	292	7.9	1009.5	-	335	
2021-11-22 13:55:00	13.8	동남동	110	16.08	0.73	5.4	0.98	3.5	9.1	서북서	287	7.8	1009.5	-	348	
2021-11-22 14:00:00	10.3	남동	124	16.07	0.70	4.9	1.06	5.0	9.2	서북서	286	7.9	1009.7	-	336	
2021-11-22 14:05:00	9.9	동남동	121	16.07	0.70	4.8	0.91	6.0	10.0	서북서	296	7.8	1009.7	-	22	
2021-11-22 14:10:00	9.3	남동	136	16.07	0.77	5.5	1.12	5.5	13.4	서북서	297	8.2	1009.4	-	359	
2021-11-22 14:15:00	10.3	동남동	118	16.06	0.84	5.6	1.12	4.0	10.9	서	280	8.0	1009.8	-	349	
2021-11-22 14:20:00	11.9	남동	129	16.05	0.75	5.8	0.91	7.0	12.9	서북서	293	8.0	1010.0	-	52	
2021-11-22 14:25:00	13.1	남동	140	16.05	0.80	5.3	1.07	3.0	14.3	서북서	288	7.8	1010.0	-	347	
2021-11-22 14:30:00	18.3	동남동	112	16.05	0.70	4.8	1.09	5.5	12.7	서북서	283	7.6	1010.2	-	44	
2021-11-22 14:35:00	17.7	동남동	103	16.05	0.72	4.8	0.92	6.5	13.6	서북서	285	7.7	1010.2	-	323	
2021-11-22 14:40:00	18.5	동남동	108	16.02	0.74	4.8	0.98	4.0	13.2	서북서	292	7.3	1010.3	-	137	
2021-11-22 14:45:00	18.2	동남동	112	16.04	0.69	5.3	1.01	3.5	13.2	서북서	287	7.4	1010.4	-	344	
2021-11-22 14:50:00	16.3	동남동	119	16.03	0.67	4.7	1.10	4.0	13.5	서북서	284	7.3	1010.5	-	304	
2021-11-22 14:55:00	18.0	남동	126	16.03	0.65	4.6	0.90	5.5	12.7	서북서	288	7.1	1010.5	-	341	
2021-11-22 15:00:00	11.4	남동	141	16.04	0.68	4.9	0.85	7.5	11.5	서북서	293	7.2	1010.6	-	313	
2021-11-22 15:05:00	12.6	동남동	114	16.05	0.71	4.6	0.88	5.5	12.5	서북서	303	7.1	1010.5	-	316	
2021-11-22 15:10:00	18.9	남동	124	16.04	0.75	5.2	1.05	4.0	13.7	서북서	303	7.1	1010.6	-	342	
2021-11-22 15:15:00	10.7	남남동	150	16.05	0.82	5.3	1.09	3.0	13.7	북서	306	6.9	1010.8	-	2	
2021-11-22 15:20:00	9.8	남동	133	16.05	0.89	4.9	1.31	6.5	12.5	서북서	303	6.7	1011.1	-	323	
2021-11-22 15:25:00	12.0	남동	131	16.03	0.82	5.9	1.10	7.0	11.0	북서	305	6.2	1011.4	-	354	
2021-11-22 15:30:00	16.1	동남동	112	16.03	0.83	5.6	1.24	5.5	9.8	북서	321	5.9	1011.5	-	324	
2021-11-22 15:35:00	13.6	동남동	114	16.04	0.84	5.5	1.17	9.0	10.2	북서	311	6.1	1011.6	-	340	
2021-11-22 15:40:00	10.1	동남동	106	16.03	0.83	5.7	1.03	7.0	9.4	서북서	302	5.7	1011.8	-	0	
2021-11-22 15:45:00	8.1	동남동	104	16.04	0.71	5.0	0.99	7.0	8.9	북서	306	5.8	1011.8	-	353	
2021-11-22 15:50:00	9.5	남동	124	16.03	0.72	5.1	1.02	5.0	11.1	서북서	296	6.1	1011.7	-	341	
2021-11-22 15:55:00	8.2	동	99	16.04	0.81	5.8	1.18	7.0	11.2	서북서	288	6.3	1011.6	-	332	
2021-11-22 16:00:00	7.9	남동	133	16.02	0.71	5.7	1.00	7.5	10.4	서북서	292	6.2	1011.6	-	345	
2021-11-22 16:05:00	10.7	동북동	61	16.03	0.66	5.9	0.84	4.5	10.3	서북서	285	6.4	1011.6	-	359	
2021-11-22 16:10:00	8.0	동	99	16.03	0.72	5.4	1.19	6.5	9.3	서북서	283	6.2	1011.7	-	337	
2021-11-22 16:15:00	6.4	동	92	16.03	0.81	5.8	1.13	5.0	6.6	서북서	302	5.9	1011.8	-	345	
2021-11-22 16:20:00	9.5	동남동	124	16.03	0.71	5.9	0.95	7.5	6.5	서북서	288	5.9	1011.9	-	7	
2021-11-22 16:25:00	9.2	동북동	78	16.03	0.79	5.4	1.34	6.5	5.8	서	279	5.9	1011.8	-	345	
2021-11-22 16:30:00	5.1	동	89	16.03	0.73	5.9	1.02	6.5	4.8	서북서	283	5.7	1011.9	-	334	
2021-11-22 16:35:00	4.1	동	88	16.02	0.73	6.1	1.01	5.5	7.3	서	261	5.9	1012.0	-	325	
2021-11-22 16:40:00	7.4	남남동	157	16.02	0.73	5.8	1.01	5.5	4.9	서북서	282	5.8	1012.1	-	335	
2021-11-22 16:45:00	5.9	남남동	146	16.03	0.73	5.7	0.93	5.0	3.2	북서	316	5.5	1012.3	-	344	
2021-11-22 16:50:00	3.9	남동	136	16.03	0.79	6.2	1.04	6.0	1.7	서북서	298	5.5	1012.5	-	354	
2021-11-22 16:55:00	6.3	남	173	16.02	0.70	5.9	0.92	5.0	3.7	북서	322	5.5	1012.5	-	354	
2021-11-22 17:00:00	5.5	동남동	111	16.03	0.71	6.6	0.95	5.5	5.4	북북서	332	5.6	1012.6	-	336	
2021-11-22 17:05:00	1.6	남동	132	16.02	0.78	6.1	0.93	7.0	7.8	북서	322	5.7	1012.5	-	5	
2021-11-22 17:10:00	4.9	동남동	121	16.03	0.71	5.6	0.98	5.5	8.6	북서	306	5.9	1012.4	-	353	
2021-11-22 17:15:00	5.6	남동	128	16.02	0.84	6.6	1.16	5.5	8.7	북서	316	5.8	1012.6	-	3	
2021-11-22 17:20:00	5.9	남동	139	16.03	0.69	6.9	0.94	4.5	8.7	북서	325	5.9	1012.6	-	56	
2021-11-22 17:25:00	4.2	남동	127	16.03	0.74	5.6	0.89	6.0	8.1	북북서	329	6.0	1012.6	-	344	
2021-11-22 17:30:00	6.0	남남동	151	16.03	0.81	6.1	1.06	5.5	9.3	북서	324	5.9	1012.6	-	7	
2021-11-22 17:35:00	4.2	남	176	16.02	0.66	5.0	0.89	5.5	6.6	북북서	338	5.9	1012.7	-	358	
2021-11-22 17:40:00	6.7	남동	134	16.02	0.74	6.1	1.02	5.0	7.6	북서	319	5.6	1012.6	-	343	
2021-11-22 17:45:00	2.7	남남동	156	16.01	0.77	6.9	1.03	6.0	9.4	북서	317	5.7	1012.6	-	18	
2021-11-22 17:50:00	6.9	남동	136	16.00	0.69	6.8	0.88	6.0	7.9	북서	309	5.7	1012.7	-	18	
2021-11-22 17:55:00	0.7	남동	128	16.02	0.65	6.1	0.97	7.0	7.6	서북서	303	5.7	1012.7	-	328	
2021-11-22 18:00:00	1.5	남동	129	16.03	0.74	6.4	1.03	7.5	7.3	북서	310	5.5	1012.6	-	291	
2021-11-22 18:05:00	1.3	남서	219	16.01	0.65	5.4	1.11	5.5	7.0	서북서	298	5.5	1012.7	-	327	
2021-11-22 18:10:00	5.7	남남동	149	16.00	0.70	5.9	0.90	9.5	7.2	서북서	294	5.4	1012.6	-	327	
2021-11-22 18:15:00	3.8	남동	145	16.02	0.69	6.0	1.00	6.5	7.3	서북서	303	5.4	1012.6	-	348	
2021-11-22 18:20:00	2.5	남남서	207	16.01	0.59	5.4	0.75	5.5	8.0	서북서	298	5.4	1012.5	-	332	
2021-11-22 18:25:00	1.6	남남서	206	16.00	0.64	6.3	0.87	7.0	9.0	서북서	296	5.6	1012.6	-	3	
2021-11-22 18:30:00	3.9	남	177	15.99	0.55	5.6	0.88	7.5	7.0	서북서	284	5.4	1012.7	-	34	
2021-11-22 18:35:00	3.4	동남동	113	15.99	0.69	5.8	1.14	7.0	8.2	서	278	5.5	1012.7	-	349	
2021-11-22 18:40:00	3.5	동남동	116	15.98	0.68	6.1	0.99	7.0	6.9	서	278	5.4	1012.8	-	1	
2021-11-22 18:45:00	4.4	남남동	155	15.98	0.61	6.4	0.95	8.0	8.5	서북서	286	5.6	1012.8	-	319	
2021-11-22 18:50:00	5.8	남남동	161	15.98	0.65	6.4	0.82	7.0	7.9	서	262	5.3	1012.9	-	356	
2021-11-22 18:55:00	3.8	남	178	15.99	0.58	6.7	0.79	8.5	9.4	서남서	253	5.0	1012.9	-	347	
2021-11-22 19:00:00	2.1	남동	146	16.00	0.62	6.9	0.86	9.5	8.5	서남서	257	4.9	1012.9	-	14	
2021-11-22 19:05:00	1.0	남남동	148	15.98	0.59	6.8	0.86	8.0	8.5	서남서	256	4.9	1012.9	-	346	
2021-11-22 19:10:00	1.6	남	175	15.99	0.55	6.4	0.68	5.0	8.9	서	259	4.9	1013.0	-	24	
2021-11-22 19:15:00	2.8	동남동	118	15.98	0.53	6.4	0.69	7.0	9.2	서남서	255	4.9	1013.0	-	29	
2021-11-22 19:20:00	5.5	동남동	117	15.98	0.54	6.7	0.73	4.5	8.9	서남서	258	4.8	1013.1	-	2	
2021-11-22 19:25:00	3.3	동남동	108	15.99	0.52	6.3	0.72	7.0	9.0	서	260	4.7	1013.1	-	13	
2021-11-22 19:30:00	4.8	동남동	111	15.97	0.61	6.9	0.79	6.0	9.1	서	261	4.9	1013.2	-	347	
2021-11-22 19:35:00	2.2	남남동	155	15.96	0.51	6.9	0.66	7.0	8.4	서남서	255	4.6	1013.3	-	19	
2021-11-22 19:40:00	6.0	남동	131	15.96	0.51	6.5	0.66	4.5	8.8	서	261	4.6	1013.3	-	349	
2021-11-22 19:45:00	5.8	남남동	149	15.98	0.56	7.2	0.73	5.0	9.2	서	259	4.6	1013.3	-	19	
2021-11-22 19:50:00	7.1	남남동	160	15.96	0.44	6.3	0.61	5.5	8.8	서	262	4.7	1013.3	-	352	
2021-11-22 19:55:00	5.5	남동	138	15.95	0.52	7.0	0.65	7.0	9.5	서남서	256	4.7	1013.2	-	358	
2021-11-22 20:00:00	7.2	동남동	104	15.96	0.53	6.5	0.74	6.5	10.2	서남서	254	4.8	1013.1	-	15	
2021-11-22 20:05:00	8.7	남동	140	15.94	0.51	6.6	0.75	5.5	10.0	서남서	257	4.9	1013.1	-	24	
2021-11-22 20:10:00	7.7	동남동	110	15.91	0.52	5.2	0.86	7.5	9.5	서남서	251	4.7	1013.1	-	12	
2021-11-22 20:15:00	6.4	동남동	123	15.92	0.58	7.4	0.94	6.5	10.8	서남서	257	4.7	1013.0	-	17	
2021-11-22 20:20:00	5.3	동남동	116	15.93	0.55	5.6	0.71	5.5	9.6	서남서	250	4.5	1013.0	-	353	
2021-11-22 20:25:00	5.1	남동	131	15.92	0.55	5.9	0.81	6.0	9.2	서남서	252	4.4	1013.0	-	49	
2021-11-22 20:30:00	5.7	동	97	15.92	0.62	7.2	0.97	7.5	9.6	서남서	256	4.4	1013.0	-	37	
2021-11-22 20:35:00	10.3	남동	134	15.90	0.49	6.8	0.67	7.5	9.4	서남서	250	4.4	1013.0	-	15	
2021-11-22 20:40:00	4.4	남동	127	15.87	0.55	6.4	0.69	7.0	11.3	서남서	248	4.4	1012.9	-	350	
2021-11-22 20:45:00	8.8	동	94	15.85	0.52	6.7	0.75	6.5	9.3	서남서	247	4.3	1013.0	-	20	
2021-11-22 20:50:00	4.6	남동	139	15.85	0.59	7.0	0.77	7.0	10.0	서남서	249	4.2	1013.1	-	14	
2021-11-22 20:55:00	7.5	동북동	76	15.86	0.49	6.8	0.63	6.5	9.3	서남서	253	4.3	1013.0	-	14	
2021-11-22 21:00:00	8.5	동남동	104	15.86	0.60	6.7	0.95	8.0	10.0	서남서	253	4.2	1013.0	-	27	
2021-11-22 21:05:00	1.3	남남동	157	15.84	0.61	6.2	0.79	7.5	9.2	서남서	254	4.3	1013.0	-	24	
2021-11-22 21:10:00	7.0	동남동	118	15.83	0.59	7.1	0.96	7.0	9.3	서남서	250	4.3	1013.1	-	21	
2021-11-22 21:15:00	3.7	동남동	110	15.83	0.58	7.0	0.77	7.5	7.4	서남서	250	4.2	1013.2	-	358	
2021-11-22 21:20:00	8.1	동남동	113	15.83	0.59	7.0	0.75	8.0	6.0	남서	232	3.9	1013.3	-	21	
2021-11-22 21:25:00	4.3	남동	138	15.83	0.60	7.3	0.74	8.5	5.2	서남서	241	3.9	1013.5	-	20	
2021-11-22 21:30:00	6.1	동남동	116	15.85	0.59	7.1	0.89	4.5	4.6	서남서	240	3.7	1013.6	-	12	
2021-11-22 21:35:00	4.7	동남동	118	15.85	0.55	7.4	0.81	6.5	4.9	서남서	237	3.6	1013.7	-	30	
2021-11-22 21:40:00	1.6	남동	133	15.84	0.52	6.4	0.85	6.0	4.0	서남서	248	3.5	1013.7	-	13	
2021-11-22 21:45:00	4.9	남	175	15.84	0.52	6.1	0.72	7.5	1.3	남남서	201	3.6	1013.8	-	213	
2021-11-22 21:50:00	2.1	남동	138	15.83	0.61	6.8	0.75	9.5	1.7	북북서	338	3.6	1013.7	-	19	
2021-11-22 21:55:00	4.9	남	189	15.83	0.61	7.7	0.79	10.0	1.8	북	352	3.6	1013.7	-	26	
2021-11-22 22:00:00	4.7	남동	140	15.84	0.50	5.7	0.69	4.5	1.9	서북서	292	3.7	1013.8	-	62	
2021-11-22 22:05:00	5.2	동남동	114	15.82	0.58	6.5	0.85	6.5	1.4	북북서	331	3.5	1013.9	-	15	
2021-11-22 22:10:00	2.8	남동	137	15.82	0.60	6.7	0.90	5.0	2.3	서남서	258	3.4	1013.9	-	32	
2021-11-22 22:15:00	5.5	남동	143	15.82	0.65	7.5	0.98	7.0	3.2	서남서	253	3.5	1013.9	-	21	
2021-11-22 22:20:00	6.0	남남동	147	15.82	0.66	7.9	1.10	6.0	5.1	서남서	256	3.3	1013.9	-	11	
2021-11-22 22:25:00	3.8	남동	142	15.82	0.65	8.0	0.94	9.0	7.7	서남서	258	3.4	1013.6	-	9	
2021-11-22 22:30:00	8.0	남동	132	15.81	0.63	7.4	0.79	8.5	7.2	서남서	256	3.4	1013.5	-	11	
2021-11-22 22:35:00	8.1	동남동	121	15.79	0.65	7.1	0.85	8.0	7.7	서남서	250	3.4	1013.4	-	7	
2021-11-22 22:40:00	7.2	남남동	148	15.78	0.64	7.9	0.87	5.5	8.0	서남서	249	3.6	1013.4	-	8	
2021-11-22 22:45:00	7.3	동남동	120	15.78	0.59	7.0	0.72	8.0	9.4	서남서	246	3.4	1013.3	-	8	
2021-11-22 22:50:00	8.9	남동	138	15.80	0.70	7.4	1.09	7.5	8.4	서남서	251	3.8	1013.3	-	19	
2021-11-22 22:55:00	3.9	남동	133	15.79	0.59	7.5	0.71	9.5	8.6	서남서	258	3.5	1013.3	-	17	
2021-11-22 23:00:00	6.0	남동	143	15.80	0.55	6.7	0.76	5.5	8.0	서	260	3.4	1013.2	-	10	
2021-11-22 23:05:00	10.6	남동	128	15.80	0.58	5.8	0.78	8.0	9.5	서남서	254	3.5	1013.0	-	7	
2021-11-22 23:10:00	8.2	동남동	115	15.77	0.62	6.9	0.84	8.5	9.9	서남서	257	3.6	1013.0	-	8	
2021-11-22 23:15:00	8.5	남동	130	15.79	0.53	6.3	0.69	6.0	9.9	서남서	255	3.7	1013.0	-	7	
2021-11-22 23:20:00	7.4	남동	126	15.79	0.61	7.3	0.77	8.5	10.8	서남서	247	3.6	1013.0	-	5	
2021-11-22 23:25:00	8.7	남동	131	15.79	0.55	7.0	0.75	8.5	10.1	서남서	248	3.6	1013.1	-	341	
2021-11-22 23:30:00	9.5	남동	142	15.78	0.50	6.7	0.78	6.0	10.7	서남서	242	3.5	1013.2	-	358	
2021-11-22 23:35:00	8.5	동남동	109	15.78	0.59	6.9	0.88	8.0	9.8	서남서	243	3.5	1013.3	-	9	
2021-11-22 23:40:00	7.3	동남동	113	15.77	0.50	7.1	0.80	7.5	9.8	서남서	244	3.7	1013.4	-	306	
2021-11-22 23:45:00	8.1	남남동	158	15.75	0.61	7.9	0.82	8.0	9.8	서남서	245	3.5	1013.4	-	359	
2021-11-22 23:50:00	5.7	남남동	165	15.76	0.49	7.0	0.64	8.5	8.9	서남서	249	3.6	1013.4	-	13	
2021-11-22 23:55:00	8.2	남동	144	15.77	0.50	6.9	0.71	8.0	10.1	서남서	243	3.7	1013.4	-	1	
2021-11-23 00:00:00	11.5	남동	143	15.76	0.54	6.8	0.77	5.0	9.0	서남서	250	3.5	1013.5	-	18	
2021-11-23 00:05:00	8.0	남동	142	15.76	0.54	6.6	0.87	7.0	8.1	서남서	252	3.3	1013.6	-	349	
2021-11-23 00:10:00	8.2	남남동	166	15.77	0.49	6.7	0.89	6.0	8.0	서남서	253	3.5	1013.6	-	17	
2021-11-23 00:15:00	8.8	남남동	149	15.76	0.55	6.9	0.67	6.5	8.2	서남서	252	3.3	1013.5	-	0	
2021-11-23 00:20:00	10.9	남동	144	15.76	0.50	7.5	0.68	7.5	8.0	서	265	3.1	1013.6	-	356	
2021-11-23 00:25:00	10.1	남동	135	15.77	0.51	6.5	0.68	6.0	7.6	서	267	3.2	1013.6	-	13	
2021-11-23 00:30:00	11.2	남남동	150	15.77	0.57	7.8	0.71	7.0	6.9	서	259	3.2	1013.6	-	6	
2021-11-23 00:35:00	12.0	남남동	166	15.77	0.63	7.4	0.87	8.0	7.4	서	266	3.0	1013.7	-	2	
2021-11-23 00:40:00	9.9	남남동	162	15.78	0.49	5.8	0.70	6.5	6.8	서	281	3.0	1013.8	-	2	
2021-11-23 00:45:00	6.1	남동	126	15.80	0.57	6.2	0.77	6.5	4.8	북서	310	2.7	1013.9	-	43	
2021-11-23 00:50:00	11.5	남남동	160	15.78	0.58	6.2	0.77	7.5	4.5	서북서	288	2.7	1013.9	-	3	
2021-11-23 00:55:00	8.4	남남동	155	15.80	0.62	6.6	0.84	7.0	5.0	서	262	2.6	1014.0	-	14	
2021-11-23 01:00:00	8.1	남동	131	15.80	0.67	6.6	0.95	7.0	4.3	서	266	2.8	1013.9	-	28	
2021-11-23 01:05:00	7.1	남동	133	15.79	0.59	5.7	0.78	7.0	4.1	서	261	2.7	1013.9	-	12	
2021-11-23 01:10:00	11.8	남남동	155	15.78	0.60	8.0	0.83	9.5	7.2	서북서	301	2.9	1013.8	-	19	
2021-11-23 01:15:00	14.3	남동	137	15.80	0.63	6.8	0.86	6.0	7.8	서북서	290	2.9	1013.8	-	341	
2021-11-23 01:20:00	10.4	남남동	152	15.79	0.62	6.9	0.85	8.0	7.3	서북서	282	2.9	1013.8	-	1	
2021-11-23 01:25:00	13.9	남남동	154	15.79	0.63	5.8	0.81	3.5	8.3	서북서	293	3.0	1013.6	-	17	
2021-11-23 01:30:00	11.2	남남동	157	15.79	0.65	6.0	0.84	7.0	8.9	서북서	285	3.3	1013.5	-	13	
2021-11-23 01:35:00	12.9	남남동	154	15.78	0.61	4.8	1.31	7.0	8.9	서북서	289	3.5	1013.6	-	30	
2021-11-23 01:40:00	14.8	남남동	152	15.78	0.63	5.6	0.85	8.5	9.8	서북서	298	3.4	1013.6	-	331	
2021-11-23 01:45:00	16.6	남남동	147	15.77	0.64	6.4	0.94	6.5	10.5	북서	304	3.4	1013.6	-	11	
2021-11-23 01:50:00	13.3	남남동	147	15.77	0.62	4.9	1.05	9.5	10.6	북서	304	3.8	1013.5	-	303	
2021-11-23 01:55:00	13.8	남남동	149	15.79	0.65	4.9	1.05	6.0	11.2	북서	305	3.5	1013.6	-	331	
2021-11-23 02:00:00	18.5	남남동	154	15.78	0.61	5.1	0.71	8.5	11.0	북서	312	3.5	1013.6	-	323	
2021-11-23 02:05:00	17.2	남남동	150	15.77	0.64	6.1	0.94	7.5	11.1	북서	310	3.6	1013.6	-	28	
2021-11-23 02:10:00	16.1	남남동	151	15.78	0.71	6.7	0.91	8.0	11.0	서북서	303	3.5	1013.8	-	15	
2021-11-23 02:15:00	15.7	남남동	150	15.77	0.63	6.1	0.78	5.5	11.4	북서	304	3.4	1013.8	-	52	
2021-11-23 02:20:00	17.3	남남동	154	15.79	0.58	5.4	0.77	7.5	10.8	서북서	298	3.3	1013.8	-	316	
2021-11-23 02:25:00	17.3	남동	140	15.78	0.67	5.1	0.83	6.5	11.2	서북서	302	3.1	1013.7	-	343	
2021-11-23 02:30:00	15.3	남동	143	15.77	0.60	5.6	0.92	8.0	12.4	북서	304	3.5	1013.6	-	29	
2021-11-23 02:35:00	14.3	남남동	159	15.78	0.66	6.2	0.96	5.5	12.6	서북서	301	3.5	1013.7	-	339	
2021-11-23 02:40:00	15.9	남남동	150	15.79	0.65	6.1	0.98	7.5	11.8	서북서	301	3.1	1013.8	-	346	
2021-11-23 02:45:00	14.6	남동	141	15.77	0.62	5.6	0.85	3.0	10.5	서북서	296	3.3	1014.0	-	8	
2021-11-23 02:50:00	17.4	남동	146	15.78	0.71	5.7	0.95	7.5	11.5	서북서	292	3.0	1014.0	-	7	
2021-11-23 02:55:00	14.5	남동	132	15.78	0.58	5.1	0.85	7.5	10.3	서북서	294	3.3	1014.1	-	72	
2021-11-23 03:00:00	19.4	남남동	152	15.79	0.70	6.1	0.83	9.0	10.5	서북서	290	2.8	1014.1	-	5	
2021-11-23 03:05:00	17.9	남남동	147	15.77	0.65	4.9	1.17	6.0	9.9	서북서	287	2.6	1014.1	-	15	
2021-11-23 03:10:00	14.7	남남동	149	15.79	0.70	6.8	1.00	6.0	9.1	서북서	289	2.9	1014.3	-	30	
2021-11-23 03:15:00	20.4	남남동	155	15.80	0.71	5.6	1.00	8.0	8.5	서북서	287	2.4	1014.2	-	338	
2021-11-23 03:20:00	17.4	남남동	157	15.81	0.71	5.6	1.00	9.5	9.4	서북서	286	2.5	1014.2	-	329	
2021-11-23 03:25:00	16.5	남동	141	15.79	0.74	6.6	1.07	7.5	9.1	서북서	287	2.4	1014.2	-	34	
2021-11-23 03:30:00	16.1	남동	139	15.78	0.69	4.9	0.93	7.5	8.8	서북서	288	2.3	1014.2	-	2	
2021-11-23 03:35:00	14.5	남남동	147	15.81	0.70	5.8	1.07	9.5	8.1	서북서	286	2.1	1014.3	-	340	
2021-11-23 03:40:00	22.5	남남동	152	15.78	0.65	6.8	0.88	8.5	7.0	서	281	2.2	1014.3	-	5	
2021-11-23 03:45:00	19.8	남남동	150	15.78	0.60	6.5	0.85	3.5	8.4	서북서	287	2.3	1014.2	-	53	
2021-11-23 03:50:00	19.1	남동	131	15.80	0.70	7.2	1.01	7.0	10.0	서북서	300	2.5	1014.1	-	13	
2021-11-23 03:55:00	20.2	남동	141	15.80	0.63	5.7	0.80	4.5	11.2	서북서	302	2.6	1013.9	-	40	
2021-11-23 04:00:00	18.8	남남동	149	15.79	0.63	6.1	0.71	8.5	10.6	서북서	296	2.6	1013.9	-	24	
2021-11-23 04:05:00	19.9	남동	138	15.78	0.63	5.3	0.85	6.0	9.8	서북서	301	2.4	1014.0	-	338	
2021-11-23 04:10:00	19.5	남동	137	15.80	0.68	6.6	0.95	8.0	9.5	서북서	303	2.6	1014.0	-	337	
2021-11-23 04:15:00	20.5	남동	138	15.80	0.60	5.2	0.92	6.0	9.5	북서	305	2.5	1014.0	-	353	
2021-11-23 04:20:00	22.3	남동	141	15.84	0.62	6.3	0.87	9.5	10.3	서북서	302	2.3	1013.9	-	77	
2021-11-23 04:25:00	22.0	남동	137	15.82	0.67	6.5	0.93	8.0	10.3	북서	308	2.3	1013.9	-	24	
2021-11-23 04:30:00	20.8	남동	124	15.85	0.59	5.5	0.82	6.0	9.6	서북서	299	2.1	1013.9	-	9	
2021-11-23 04:35:00	21.1	동남동	121	15.85	0.66	7.4	0.92	7.5	9.3	서북서	297	2.3	1013.9	-	33	
2021-11-23 04:40:00	21.9	남남동	152	15.88	0.74	7.5	1.02	7.0	8.6	서북서	299	2.2	1014.0	-	22	
2021-11-23 04:45:00	21.0	남남동	152	15.91	0.59	6.3	0.77	8.0	8.2	서북서	291	2.3	1014.0	-	21	
2021-11-23 04:50:00	18.7	남남동	157	15.92	0.60	6.6	0.91	8.5	9.2	서북서	293	2.1	1013.9	-	60	
2021-11-23 04:55:00	18.4	남남동	148	15.92	0.58	5.2	0.68	4.5	9.3	서북서	299	2.1	1013.8	-	33	
2021-11-23 05:00:00	20.3	남남동	148	15.91	0.63	7.2	0.78	7.5	10.0	서북서	300	2.2	1013.9	-	0	
2021-11-23 05:05:00	20.1	남남동	151	15.91	0.62	7.4	0.74	9.0	10.0	서북서	299	2.0	1013.8	-	7	
2021-11-23 05:10:00	19.0	남동	131	15.93	0.60	6.0	0.70	7.0	10.1	서북서	294	2.1	1013.9	-	57	
2021-11-23 05:15:00	12.3	남동	135	15.93	0.63	6.1	0.84	3.0	11.0	서북서	299	2.1	1013.8	-	23	
2021-11-23 05:20:00	20.9	남동	145	15.90	0.61	5.9	0.83	7.0	11.3	서북서	292	2.2	1013.8	-	355	
2021-11-23 05:25:00	19.9	남동	130	15.88	0.55	5.9	0.72	8.0	11.8	서북서	298	2.1	1013.8	-	321	
2021-11-23 05:30:00	24.2	남동	133	15.88	0.63	5.7	0.88	7.0	12.0	서북서	298	2.3	1013.7	-	51	
2021-11-23 05:35:00	23.0	남동	134	15.88	0.64	5.4	0.78	6.0	10.6	서북서	298	2.1	1013.8	-	39	
2021-11-23 05:40:00	-	-	-	-	-	-	-	-	-	-	-	-	-	-	-	
2021-11-23 05:45:00	18.5	남남동	149	15.87	0.31	3.6	0.63	3.6	13.9	서남서	241	1.2	1013.7	-	10	
2021-11-23 05:50:00	17.1	남동	135	15.86	0.67	5.4	0.79	7.0	10.7	북서	305	2.3	1013.8	-	335	
2021-11-23 05:55:00	19.1	남남동	148	15.85	0.63	6.2	0.76	8.5	9.6	서북서	300	1.8	1013.8	-	12	
2021-11-23 06:00:00	23.5	남동	130	15.84	0.66	6.8	0.92	8.5	10.2	서북서	293	1.7	1013.8	-	12	
2021-11-23 06:05:00	23.4	남동	141	15.83	0.62	5.9	1.03	6.0	10.2	서북서	300	2.0	1013.9	-	32	
2021-11-23 06:10:00	21.4	남동	141	15.82	0.70	6.0	1.28	7.5	9.6	서북서	301	2.0	1013.9	-	17	
2021-11-23 06:15:00	19.6	남동	138	15.79	0.68	6.3	0.87	8.0	9.6	서북서	298	1.8	1013.8	-	14	
2021-11-23 06:20:00	23.8	남동	133	15.79	0.58	5.8	0.87	7.0	8.9	서북서	302	1.6	1013.9	-	340	
2021-11-23 06:25:00	22.4	남동	130	15.81	0.61	6.3	0.73	3.0	9.0	서북서	297	1.6	1013.9	-	332	
2021-11-23 06:30:00	20.9	남동	135	15.80	0.71	6.4	1.04	9.5	9.4	서북서	292	1.8	1013.9	-	39	
2021-11-23 06:35:00	20.9	남동	138	15.80	0.58	5.1	0.84	9.5	10.6	서북서	299	1.8	1013.9	-	45	
2021-11-23 06:40:00	20.0	남동	135	15.79	0.69	5.3	0.97	8.0	10.4	서북서	301	1.7	1014.0	-	17	
2021-11-23 06:45:00	23.1	동남동	119	15.77	0.83	6.4	1.20	9.0	12.3	북서	304	1.9	1013.9	-	12	
2021-11-23 06:50:00	24.8	남동	141	15.74	0.70	5.6	1.00	7.0	12.4	서북서	298	1.8	1013.8	-	335	
2021-11-23 06:55:00	20.1	남동	134	15.75	0.70	4.8	0.91	3.5	11.5	서북서	301	1.8	1013.8	-	29	
2021-11-23 07:00:00	22.7	남동	138	15.73	0.74	5.5	1.44	7.5	11.1	서북서	300	1.7	1013.8	-	37	
2021-11-23 07:05:00	24.2	남동	138	15.74	0.73	4.9	1.07	4.0	11.3	서북서	292	1.6	1013.9	-	20	
2021-11-23 07:10:00	21.4	남남동	147	15.74	0.75	5.8	1.09	8.5	11.0	북서	307	1.6	1014.0	-	10	
2021-11-23 07:15:00	24.1	남동	145	15.74	0.70	4.8	1.00	8.0	10.4	서북서	296	1.9	1014.1	-	311	
2021-11-23 07:20:00	22.5	남남동	148	15.74	0.78	5.6	1.06	4.0	9.3	서북서	286	1.8	1014.3	-	316	
2021-11-23 07:25:00	20.8	남동	134	15.72	0.75	5.8	1.03	6.5	10.3	서북서	288	1.8	1014.3	-	14	
2021-11-23 07:30:00	18.9	남동	142	15.70	0.83	5.8	1.26	8.0	10.1	서북서	295	2.2	1014.4	-	25	
2021-11-23 07:35:00	20.7	남동	127	15.70	0.79	6.1	1.03	8.5	11.0	서북서	296	2.2	1014.5	-	7	
2021-11-23 07:40:00	16.5	남동	130	15.69	0.71	5.6	0.95	8.0	11.8	서북서	297	2.1	1014.5	-	328	
2021-11-23 07:45:00	23.3	남동	130	15.66	0.74	5.7	0.94	8.0	11.6	서북서	296	2.1	1014.5	-	34	
2021-11-23 07:50:00	23.6	남동	136	15.65	0.69	5.9	0.92	7.5	12.1	서북서	292	2.1	1014.5	-	31	
2021-11-23 07:55:00	25.2	남동	136	15.66	0.77	5.4	1.00	9.0	11.0	서북서	292	2.2	1014.5	-	24	
2021-11-23 08:00:00	22.0	남동	141	15.66	0.82	6.6	1.18	4.5	11.6	서북서	298	2.3	1014.4	-	20	
2021-11-23 08:05:00	20.8	남동	142	15.66	0.80	5.0	1.09	7.0	12.8	서북서	300	2.6	1014.2	-	190	
2021-11-23 08:10:00	23.4	남동	142	15.65	0.78	6.8	1.07	8.0	11.7	서북서	297	2.5	1014.3	-	15	
2021-11-23 08:15:00	16.6	남동	131	15.66	0.79	5.7	0.90	3.5	11.8	서북서	295	2.3	1014.3	-	131	
2021-11-23 08:20:00	23.5	남동	128	15.64	0.82	6.3	1.03	7.5	12.6	서북서	294	2.3	1014.2	-	30	
2021-11-23 08:25:00	16.3	남동	139	15.64	0.83	5.6	1.06	7.0	12.7	서북서	297	2.5	1014.1	-	7	
2021-11-23 08:30:00	25.7	남동	134	15.63	0.76	5.5	0.90	5.5	12.3	북서	305	2.5	1014.0	-	358	
2021-11-23 08:35:00	19.3	남동	143	15.63	0.82	6.2	1.18	3.5	10.8	북서	304	2.8	1014.1	-	7	
2021-11-23 08:40:00	15.2	남남동	154	15.63	0.78	5.7	1.07	7.5	10.4	북서	308	3.1	1014.0	-	32	
2021-11-23 08:45:00	20.9	남동	145	15.63	0.75	6.1	0.91	10.0	9.7	북서	305	2.7	1014.1	-	108	
2021-11-23 08:50:00	10.7	남남동	155	15.64	0.78	6.6	1.13	7.5	11.1	북서	312	2.7	1014.0	-	31	
2021-11-23 08:55:00	15.8	남남동	147	15.61	0.73	5.4	0.92	7.5	8.9	북서	324	2.6	1014.0	-	41	
2021-11-23 09:00:00	19.9	남동	141	15.61	0.78	6.3	1.09	7.5	8.4	북서	304	2.6	1014.1	-	19	
2021-11-23 09:05:00	8.7	남동	141	15.62	0.67	5.2	0.94	4.5	8.2	북서	308	2.9	1014.0	-	13	
2021-11-23 09:10:00	16.8	남남동	147	15.62	0.71	6.0	0.89	6.0	9.3	북서	310	3.0	1013.9	-	14	
2021-11-23 09:15:00	18.1	남남동	158	15.62	0.71	6.7	1.07	11.0	10.0	북서	312	3.3	1013.7	-	1	
2021-11-23 09:20:00	16.3	남남동	154	15.62	0.73	6.5	1.07	3.5	9.7	북서	308	3.2	1013.8	-	27	
2021-11-23 09:25:00	20.9	남남동	161	15.61	0.71	6.3	0.95	5.5	11.2	북서	311	3.5	1013.5	-	15	
2021-11-23 09:30:00	22.3	남남동	151	15.59	0.64	5.4	0.96	6.5	12.4	서북서	299	3.8	1013.4	-	2	
2021-11-23 09:35:00	15.5	남남동	163	15.60	0.61	6.0	0.89	7.0	12.4	북서	310	3.8	1013.3	-	26	
2021-11-23 09:40:00	21.3	남남동	150	15.59	0.72	6.1	0.99	6.0	12.9	서북서	298	4.1	1013.3	-	355	
2021-11-23 09:45:00	22.4	남남동	157	15.60	0.66	6.1	0.90	6.0	11.6	서북서	300	4.0	1013.3	-	26	
2021-11-23 09:50:00	27.1	남남동	149	15.60	0.77	5.9	1.14	9.5	13.2	서북서	295	4.1	1013.2	-	33	
2021-11-23 09:55:00	25.8	남동	140	15.60	0.72	6.0	0.86	7.0	14.9	서북서	290	4.3	1013.1	-	22	
2021-11-23 10:00:00	25.4	남동	143	15.60	0.75	5.3	0.99	6.0	13.4	서북서	296	4.3	1013.2	-	315	
2021-11-23 10:05:00	21.2	남남동	157	15.60	0.79	6.1	0.92	8.0	13.1	서북서	301	4.3	1013.2	-	12	
2021-11-23 10:10:00	26.6	남남동	152	15.59	0.81	5.9	0.98	7.0	13.8	서북서	288	4.6	1013.1	-	25	
2021-11-23 10:15:00	23.5	남남동	154	15.60	0.70	4.7	0.97	6.5	13.1	서북서	295	4.6	1013.0	-	317	
2021-11-23 10:20:00	22.5	남동	142	15.61	0.76	5.3	1.02	9.5	11.9	서북서	293	4.4	1013.1	-	350	
2021-11-23 10:25:00	29.0	남남동	150	15.60	0.83	5.1	1.19	7.0	13.8	서북서	285	4.2	1013.0	-	20	
2021-11-23 10:30:00	28.0	남동	146	15.60	0.83	5.3	1.06	3.5	13.7	서북서	293	4.3	1012.9	-	177	
2021-11-23 10:35:00	25.3	남동	145	15.60	0.81	5.7	1.07	7.0	14.4	서북서	296	4.5	1012.8	-	28	
2021-11-23 10:40:00	24.6	남남동	147	15.61	0.79	6.3	0.98	8.0	12.2	서북서	290	4.6	1012.9	-	19	
2021-11-23 10:45:00	29.0	남동	144	15.61	0.82	5.7	1.19	8.0	15.6	서북서	298	4.7	1012.6	-	19	
2021-11-23 10:50:00	28.1	남남동	147	15.60	0.77	5.1	1.21	6.5	14.6	서북서	293	4.5	1012.7	-	102	
2021-11-23 10:55:00	31.0	남동	137	15.61	0.78	5.2	1.04	7.0	15.3	서북서	291	4.7	1012.7	-	16	
2021-11-23 11:00:00	24.3	남동	134	15.60	0.82	5.1	1.12	6.0	14.7	서북서	294	4.8	1012.6	-	15	
2021-11-23 11:05:00	28.2	남남동	149	15.62	0.79	5.8	1.18	3.5	15.1	서북서	301	4.8	1012.5	-	26	
2021-11-23 11:10:00	32.3	남남동	151	15.60	0.77	5.1	1.16	7.5	13.5	서북서	299	4.9	1012.4	-	78	
2021-11-23 11:15:00	22.3	남동	140	15.61	0.93	4.4	1.21	4.0	14.8	서북서	302	4.9	1012.3	-	286	
2021-11-23 11:20:00	27.9	남남동	153	15.62	0.78	5.0	1.05	6.0	13.7	서북서	298	5.0	1012.4	-	299	
2021-11-23 11:25:00	25.7	남동	135	15.62	0.84	4.4	1.08	4.0	13.1	서북서	295	4.8	1012.3	-	317	
2021-11-23 11:30:00	32.5	남동	146	15.60	0.91	5.0	1.06	8.0	14.0	서북서	297	4.9	1012.2	-	27	
2021-11-23 11:35:00	31.9	남동	140	15.61	0.89	4.1	1.20	3.5	13.5	서북서	300	5.1	1012.0	-	344	
2021-11-23 11:40:00	29.3	남남동	147	15.61	0.80	5.5	1.30	7.0	11.5	서북서	300	4.7	1012.0	-	340	
2021-11-23 11:45:00	34.7	남동	146	15.61	0.80	4.4	1.02	8.0	11.6	서북서	300	4.8	1012.0	-	330	
2021-11-23 11:50:00	31.1	남남동	153	15.62	0.80	4.9	0.97	5.0	12.9	북서	312	5.1	1011.8	-	338	
2021-11-23 11:55:00	27.6	남남동	156	15.64	0.80	4.4	1.05	4.0	11.8	서북서	294	4.9	1011.9	-	311	
2021-11-23 12:00:00	25.2	남남동	149	15.63	0.76	4.6	0.96	3.5	12.3	북서	305	5.1	1011.8	-	302	
2021-11-23 12:05:00	27.7	남동	145	15.62	0.75	6.0	1.10	8.5	11.6	서북서	300	5.2	1011.8	-	8	
2021-11-23 12:10:00	25.4	남남동	158	15.63	0.81	5.3	0.99	8.0	11.5	서북서	302	5.0	1011.7	-	30	
2021-11-23 12:15:00	26.9	남동	144	15.63	0.85	5.4	1.19	3.5	12.6	서북서	301	5.4	1011.5	-	333	
2021-11-23 12:20:00	30.7	남동	143	15.62	0.83	5.0	1.20	5.0	12.7	북서	306	5.4	1011.5	-	340	
2021-11-23 12:25:00	24.7	남동	146	15.62	0.82	4.3	1.25	3.5	11.0	북서	304	5.2	1011.5	-	328	
2021-11-23 12:30:00	27.4	남동	137	15.62	0.77	5.6	1.12	9.5	12.9	북서	305	5.4	1011.3	-	319	
2021-11-23 12:35:00	29.6	남남동	148	15.63	0.87	5.6	1.17	3.5	10.7	북서	306	5.2	1011.3	-	330	
2021-11-23 12:40:00	23.0	남남동	151	15.63	0.77	5.5	0.99	9.0	10.7	서북서	303	5.5	1011.2	-	156	
2021-11-23 12:45:00	27.1	남남동	151	15.62	0.77	5.0	1.07	6.0	8.5	서북서	295	5.3	1011.3	-	359	
2021-11-23 12:50:00	21.2	남남동	156	15.62	0.79	4.8	1.09	3.5	8.1	북서	304	5.2	1011.2	-	168	
2021-11-23 12:55:00	28.1	남동	139	15.60	0.76	4.5	1.21	4.0	8.5	서북서	303	5.4	1011.2	-	329	
2021-11-23 13:00:00	24.9	남남동	148	15.59	0.69	4.7	0.92	7.0	11.1	서북서	300	5.6	1011.0	-	3	
2021-11-23 13:05:00	28.4	남남동	151	15.56	0.70	4.8	0.91	8.0	12.2	서북서	299	5.8	1010.9	-	154	
2021-11-23 13:10:00	21.6	남남동	149	15.57	0.76	5.7	1.06	6.5	10.4	북서	308	5.6	1011.0	-	155	
2021-11-23 13:15:00	22.0	남남동	147	15.56	0.73	5.0	0.97	6.0	10.8	북서	304	5.7	1011.0	-	335	
2021-11-23 13:20:00	19.9	남동	142	15.55	0.74	5.0	0.85	3.5	9.0	북서	306	5.4	1011.1	-	3	
2021-11-23 13:25:00	17.4	남남동	158	15.56	0.76	5.4	1.21	3.5	9.5	북서	309	5.6	1010.9	-	41	
2021-11-23 13:30:00	27.3	남남동	152	15.55	0.67	4.1	1.08	7.0	10.3	서북서	299	6.0	1010.7	-	178	
2021-11-23 13:35:00	17.8	남남동	153	15.54	0.77	5.0	1.11	7.0	8.7	서북서	299	5.7	1010.9	-	6	
2021-11-23 13:40:00	17.6	남남동	156	15.53	0.67	4.5	0.93	3.0	6.9	서북서	300	5.3	1011.0	-	157	
2021-11-23 13:45:00	21.3	남남동	162	15.53	0.75	5.7	1.00	6.0	8.8	서북서	291	5.8	1010.8	-	31	
2021-11-23 13:50:00	18.7	남남동	152	15.52	0.75	5.1	0.95	6.5	8.8	서북서	294	5.7	1010.8	-	12	
2021-11-23 13:55:00	15.9	남남동	158	15.51	0.83	5.2	1.09	3.5	7.0	북서	305	5.6	1010.9	-	331	
2021-11-23 14:00:00	17.1	남동	140	15.51	0.67	6.2	0.87	7.0	8.7	서북서	288	5.8	1010.7	-	41	
2021-11-23 14:05:00	19.1	남남동	155	15.49	0.75	5.1	0.93	6.0	9.3	북서	305	5.8	1010.7	-	322	
2021-11-23 14:10:00	18.9	남남동	154	15.48	0.69	5.4	0.89	10.0	9.7	북서	306	5.9	1010.6	-	16	
2021-11-23 14:15:00	9.8	남남동	159	15.47	0.73	4.8	1.11	6.0	8.6	서북서	297	6.1	1010.6	-	12	
2021-11-23 14:20:00	14.8	남남동	148	15.47	0.72	5.3	0.89	7.5	10.4	북서	309	6.0	1010.5	-	330	
2021-11-23 14:25:00	10.6	남동	141	15.44	0.69	4.9	0.89	6.0	8.2	북서	317	5.6	1010.7	-	36	
2021-11-23 14:30:00	16.1	남동	145	15.45	0.66	5.2	0.85	6.0	7.9	서북서	303	5.8	1010.7	-	30	
2021-11-23 14:35:00	11.0	남남동	150	15.45	0.66	5.4	0.85	7.5	8.5	서북서	286	5.9	1010.7	-	323	
2021-11-23 14:40:00	12.2	남동	140	15.45	0.74	6.1	0.93	6.0	10.3	서북서	295	6.1	1010.5	-	16	
2021-11-23 14:45:00	11.7	남남동	162	15.44	0.74	5.4	1.14	5.5	10.1	서북서	300	5.9	1010.5	-	359	
2021-11-23 14:50:00	19.1	남남동	147	15.45	0.78	5.7	1.04	3.5	10.5	서북서	296	5.8	1010.5	-	340	
2021-11-23 14:55:00	16.5	남동	141	15.41	0.74	6.3	1.45	9.5	11.1	서북서	295	5.9	1010.6	-	17	
2021-11-23 15:00:00	15.3	남동	145	15.40	0.69	4.4	0.89	3.0	9.8	서북서	291	6.0	1010.7	-	191	
2021-11-23 15:05:00	15.3	남남동	156	15.38	0.80	5.4	1.09	4.0	9.9	서북서	297	5.8	1010.7	-	3	
2021-11-23 15:10:00	15.8	남남동	161	15.38	0.72	4.5	1.03	4.0	9.4	서북서	300	5.7	1010.7	-	321	
2021-11-23 15:15:00	11.7	남동	142	15.38	0.77	5.6	1.40	8.0	8.2	서북서	297	5.5	1010.8	-	355	
2021-11-23 15:20:00	12.0	남남동	165	15.38	0.77	5.4	1.00	7.0	7.6	서북서	296	5.4	1010.8	-	2	
2021-11-23 15:25:00	11.3	남남동	156	15.39	0.74	5.6	1.10	9.0	7.3	서북서	290	5.8	1010.8	-	33	
2021-11-23 15:30:00	11.8	남남동	155	15.40	0.78	6.2	0.98	7.0	7.3	서북서	286	5.7	1010.9	-	20	
2021-11-23 15:35:00	14.3	남동	135	15.38	0.71	6.6	0.94	7.5	6.2	서북서	297	5.5	1010.9	-	16	
2021-11-23 15:40:00	14.0	남남동	164	15.38	0.70	6.4	0.91	8.0	7.8	서북서	297	5.6	1010.9	-	34	
2021-11-23 15:45:00	14.4	남동	146	15.38	0.67	6.5	0.99	4.0	7.0	서북서	284	5.4	1010.9	-	1	
2021-11-23 15:50:00	9.7	남남동	148	15.37	0.66	5.6	1.03	7.5	7.5	서	281	5.4	1011.1	-	0	
2021-11-23 15:55:00	8.4	남동	141	15.36	0.67	6.8	0.87	8.0	7.3	서북서	300	5.6	1011.1	-	11	
2021-11-23 16:00:00	11.4	동남동	103	15.36	0.75	6.3	0.92	7.0	7.0	서북서	288	5.5	1011.2	-	29	
2021-11-23 16:05:00	11.1	남동	146	15.35	0.71	5.7	0.85	8.5	7.1	서	278	5.3	1011.1	-	30	
2021-11-23 16:10:00	11.3	남남동	153	15.35	0.82	5.9	1.13	6.0	4.5	서	263	5.6	1011.3	-	3	
2021-11-23 16:15:00	8.3	남남동	148	15.34	0.77	6.1	1.08	9.5	5.6	서	263	5.4	1011.3	-	20	
2021-11-23 16:20:00	8.5	남동	133	15.34	0.67	5.6	0.83	6.0	6.7	서북서	283	5.4	1011.3	-	3	
2021-11-23 16:25:00	10.7	남남동	149	15.34	0.74	5.4	1.02	5.5	6.7	서북서	297	5.3	1011.3	-	351	
2021-11-23 16:30:00	12.9	남남동	150	15.34	0.76	6.6	0.92	7.5	6.4	서북서	285	5.2	1011.4	-	18	
2021-11-23 16:35:00	12.6	남남동	151	15.33	0.68	4.8	1.07	7.0	5.3	서	270	4.8	1011.4	-	14	
2021-11-23 16:40:00	8.5	동남동	122	15.34	0.74	6.4	1.00	7.0	6.4	서남서	251	4.9	1011.5	-	10	
2021-11-23 16:45:00	9.9	남남동	158	15.33	0.65	5.7	0.81	6.0	7.4	서남서	242	4.8	1011.5	-	62	
2021-11-23 16:50:00	6.0	남남동	154	15.32	0.73	5.3	1.03	4.5	7.2	서남서	244	4.6	1011.5	-	5	
2021-11-23 16:55:00	10.1	동남동	119	15.31	0.71	5.2	0.95	5.0	7.4	서남서	250	4.5	1011.6	-	6	
2021-11-23 17:00:00	10.5	동남동	122	15.31	0.70	6.7	0.88	4.0	7.6	서남서	250	4.6	1011.7	-	12	
2021-11-23 17:05:00	6.3	남남동	150	15.30	0.63	5.7	0.78	5.0	6.3	서	265	4.4	1011.8	-	19	
2021-11-23 17:10:00	6.0	남동	145	15.27	0.66	5.9	0.92	7.0	9.1	서남서	238	4.6	1011.7	-	38	
2021-11-23 17:15:00	6.3	남동	138	15.30	0.72	5.8	0.97	4.0	10.3	서남서	244	4.4	1011.7	-	13	
2021-11-23 17:20:00	8.6	남동	146	15.27	0.60	4.8	0.87	4.5	8.0	서남서	246	4.3	1011.8	-	36	
2021-11-23 17:25:00	5.6	남남서	195	15.29	0.62	5.8	0.83	8.0	8.0	서남서	252	4.2	1011.8	-	9	
2021-11-23 17:30:00	5.7	남	180	15.32	0.70	5.3	1.01	4.0	6.6	서남서	257	4.1	1011.8	-	11	
2021-11-23 17:35:00	4.8	남	173	15.31	0.71	7.0	1.03	7.0	5.3	서	280	3.9	1011.9	-	14	
2021-11-23 17:40:00	3.9	남남서	196	15.33	0.62	6.1	0.94	3.5	5.4	서	280	4.2	1011.9	-	10	
2021-11-23 17:45:00	1.3	동남동	113	15.31	0.65	5.4	0.85	6.5	6.6	서남서	255	4.2	1011.9	-	1	
2021-11-23 17:50:00	2.7	동남동	113	15.31	0.63	6.4	0.92	8.5	7.9	서남서	254	4.2	1011.9	-	22	
2021-11-23 17:55:00	5.6	남남동	168	15.30	0.68	5.9	1.07	3.5	8.0	서남서	257	4.4	1011.9	-	16	
2021-11-23 18:00:00	5.7	남동	143	15.30	0.64	5.9	0.99	6.0	9.0	서남서	257	4.3	1011.9	-	36	
2021-11-23 18:05:00	5.9	남남동	163	15.29	0.59	6.6	0.83	3.5	8.0	서남서	255	4.3	1012.0	-	10	
2021-11-23 18:10:00	3.1	남동	139	15.31	0.57	4.5	0.79	6.0	8.2	서남서	253	4.5	1012.0	-	38	
2021-11-23 18:15:00	5.5	남동	144	15.30	0.65	7.4	0.90	8.0	7.8	서남서	251	4.4	1012.1	-	4	
2021-11-23 18:20:00	3.8	남남동	163	15.29	0.57	5.7	0.86	8.5	5.0	서남서	250	3.8	1012.3	-	2	
2021-11-23 18:25:00	0.1	동	100	15.29	0.66	5.7	0.80	8.5	5.0	서남서	251	3.8	1012.3	-	18	
2021-11-23 18:30:00	4.9	남남동	159	15.29	0.68	6.4	0.98	6.5	6.7	서남서	243	4.0	1012.4	-	21	
2021-11-23 18:35:00	4.5	남남동	155	15.30	0.64	7.2	0.78	6.0	3.6	서북서	295	4.0	1012.6	-	23	
2021-11-23 18:40:00	1.6	동남동	104	15.29	0.67	5.1	1.06	5.0	4.1	서북서	289	4.1	1012.6	-	347	
2021-11-23 18:45:00	3.6	동남동	106	15.29	0.66	6.9	0.97	9.0	3.8	서남서	254	4.0	1012.6	-	30	
2021-11-23 18:50:00	2.5	동남동	121	15.28	0.72	6.1	1.08	8.5	4.2	서	276	4.0	1012.6	-	352	
2021-11-23 18:55:00	4.7	남동	142	15.27	0.70	6.1	0.99	6.5	3.2	서	267	3.9	1012.6	-	3	
2021-11-23 19:00:00	3.5	남	173	15.28	0.72	6.0	1.04	6.5	3.3	서	271	3.9	1012.6	-	13	
2021-11-23 19:05:00	2.2	남	180	15.27	0.70	6.0	0.91	3.5	3.9	남서	219	3.9	1012.6	-	31	
2021-11-23 19:10:00	4.4	남동	137	15.26	0.73	6.0	0.97	3.0	4.8	서	261	3.9	1012.7	-	27	
2021-11-23 19:15:00	6.2	남동	131	15.25	0.82	5.4	0.96	4.5	2.7	서	275	3.8	1012.8	-	17	
2021-11-23 19:20:00	4.0	동남동	120	15.28	0.79	6.1	1.25	7.0	6.8	서	275	4.2	1012.6	-	12	
2021-11-23 19:25:00	2.6	동남동	111	15.25	0.75	6.2	1.00	6.5	5.1	서남서	245	3.8	1012.7	-	15	
2021-11-23 19:30:00	3.9	동남동	107	15.24	0.77	5.6	1.16	7.0	6.2	서북서	287	4.1	1012.7	-	5	
2021-11-23 19:35:00	6.3	남동	131	15.25	0.77	6.7	1.11	8.5	8.2	북서	326	4.4	1012.5	-	9	
2021-11-23 19:40:00	12.2	남동	126	15.25	0.75	6.3	0.97	6.5	10.7	북서	309	4.4	1012.4	-	11	
2021-11-23 19:45:00	5.1	남동	127	15.25	0.73	6.1	1.03	6.5	8.5	서북서	303	4.7	1012.6	-	20	
2021-11-23 19:50:00	3.5	남남동	159	15.27	0.72	5.9	0.89	8.0	9.7	북서	319	4.5	1012.4	-	14	
2021-11-23 19:55:00	9.3	남동	127	15.24	0.71	4.8	1.07	4.0	8.7	서북서	293	4.4	1012.6	-	335	
2021-11-23 20:00:00	9.0	남동	140	15.23	0.80	6.7	1.04	8.5	7.7	서북서	301	4.2	1012.6	-	3	
2021-11-23 20:05:00	7.2	동남동	117	15.24	0.75	5.7	1.21	9.0	8.4	북서	310	4.0	1012.5	-	4	
2021-11-23 20:10:00	5.2	남남동	165	15.23	0.70	6.0	0.81	3.5	10.5	북서	316	4.3	1012.4	-	345	
2021-11-23 20:15:00	6.5	남동	141	15.25	0.63	5.9	0.78	5.5	10.7	북서	313	4.4	1012.4	-	19	
2021-11-23 20:20:00	9.2	동남동	110	15.27	0.77	5.8	1.23	7.5	10.8	북서	318	4.3	1012.3	-	330	
2021-11-23 20:25:00	4.6	남남동	164	15.25	0.72	5.8	1.04	6.5	8.7	북서	316	4.2	1012.5	-	28	
2021-11-23 20:30:00	8.5	남동	138	15.25	0.83	7.0	1.19	7.5	9.7	서북서	302	4.6	1012.4	-	27	
2021-11-23 20:35:00	7.5	동남동	117	15.23	0.82	6.9	1.23	7.0	10.7	북서	307	4.4	1012.3	-	15	
2021-11-23 20:40:00	8.5	남남동	153	15.23	0.70	5.9	0.92	7.5	10.3	북서	313	4.4	1012.3	-	12	
2021-11-23 20:45:00	6.5	동	89	15.25	0.79	5.9	1.06	8.5	6.5	서북서	293	3.9	1012.5	-	19	
2021-11-23 20:50:00	8.3	동남동	106	15.25	0.77	6.4	1.22	6.5	10.7	북서	322	4.4	1012.3	-	21	
2021-11-23 20:55:00	5.8	동남동	111	15.26	0.77	6.5	0.99	6.0	11.3	북서	315	4.4	1012.3	-	5	
2021-11-23 21:00:00	10.3	동남동	120	15.23	0.83	5.4	1.27	6.5	9.8	북서	321	4.0	1012.5	-	32	
2021-11-23 21:05:00	5.8	남남동	161	15.24	0.79	6.4	1.19	4.0	8.8	북서	312	4.2	1012.6	-	25	
2021-11-23 21:10:00	8.0	남동	142	15.24	0.76	6.2	1.12	6.5	10.4	북서	305	4.5	1012.6	-	12	
2021-11-23 21:15:00	1.0	남	169	15.23	0.85	5.6	1.06	6.5	10.8	서북서	302	4.4	1012.6	-	15	
2021-11-23 21:20:00	6.4	남동	126	15.25	0.82	6.7	1.07	8.0	8.7	서북서	302	4.3	1012.9	-	2	
2021-11-23 21:25:00	7.4	남동	135	15.23	0.85	6.2	1.07	4.0	10.8	북서	318	4.4	1012.7	-	359	
2021-11-23 21:30:00	5.0	남동	146	15.24	0.88	5.7	1.10	6.0	8.6	북서	322	4.0	1013.0	-	26	
2021-11-23 21:35:00	2.0	남	187	15.25	0.79	6.2	1.12	8.0	9.6	북서	315	4.1	1013.1	-	353	
2021-11-23 21:40:00	4.2	동남동	122	15.23	0.77	5.2	1.01	7.0	9.1	북서	314	4.2	1013.1	-	2	
2021-11-23 21:45:00	3.0	남서	221	15.25	0.86	6.5	1.20	7.5	8.9	북서	315	4.1	1013.1	-	8	
2021-11-23 21:50:00	5.1	남동	129	15.24	0.87	6.2	1.11	7.5	9.2	북서	322	4.3	1013.2	-	3	
2021-11-23 21:55:00	2.9	동남동	120	15.23	0.87	6.0	1.27	5.5	8.5	북서	313	4.4	1013.3	-	2	
2021-11-23 22:00:00	7.8	남동	143	15.22	0.77	6.0	1.00	4.5	9.6	북서	313	4.0	1013.3	-	9	
2021-11-23 22:05:00	3.0	남남동	154	15.23	0.83	6.6	1.03	10.0	7.5	북서	322	4.0	1013.5	-	12	
2021-11-23 22:10:00	6.0	동남동	121	15.22	0.82	6.0	0.98	4.5	7.8	북서	316	4.0	1013.5	-	18	
2021-11-23 22:15:00	9.8	남동	142	15.20	0.68	5.5	0.99	5.5	8.1	북서	318	3.9	1013.4	-	333	
2021-11-23 22:20:00	4.2	동	90	15.23	0.75	5.4	1.03	5.5	8.6	북서	324	3.8	1013.6	-	39	
2021-11-23 22:25:00	3.3	동	96	15.23	0.77	6.2	1.01	4.5	9.8	북서	326	3.9	1013.5	-	19	
2021-11-23 22:30:00	2.1	북동	42	15.23	0.77	5.8	1.13	5.5	8.1	북서	324	3.9	1013.7	-	14	
2021-11-23 22:35:00	4.0	남동	137	15.22	0.81	7.2	1.18	7.0	10.4	북서	319	3.9	1013.6	-	6	
2021-11-23 22:40:00	4.3	동북동	70	15.22	0.79	7.1	0.93	8.0	10.6	북서	326	4.0	1013.5	-	15	
2021-11-23 22:45:00	1.6	북	6	15.22	0.83	6.3	1.15	6.0	8.8	북서	322	4.0	1013.5	-	19	
2021-11-23 22:50:00	4.7	남남서	204	15.21	0.84	6.1	1.20	7.0	10.4	북북서	328	3.9	1013.4	-	12	
2021-11-23 22:55:00	2.3	동	92	15.19	0.87	5.9	1.17	7.0	9.3	북북서	331	3.8	1013.4	-	159	
2021-11-23 23:00:00	5.9	동남동	104	15.17	0.86	5.9	1.14	6.5	10.9	북서	312	4.1	1013.3	-	22	
2021-11-23 23:05:00	7.9	동남동	111	15.18	0.76	5.6	1.03	8.0	11.2	북서	320	3.8	1013.4	-	358	
2021-11-23 23:10:00	3.5	동남동	110	15.18	0.87	6.1	1.09	8.0	10.1	북서	317	3.9	1013.4	-	5	
2021-11-23 23:15:00	6.1	남남동	157	15.18	0.98	7.6	1.30	9.0	8.8	북서	317	3.9	1013.5	-	30	
2021-11-23 23:20:00	2.6	북동	39	15.20	0.82	5.9	1.03	4.0	9.8	북서	317	4.0	1013.4	-	35	
2021-11-23 23:25:00	5.3	동북동	77	15.19	0.85	5.9	1.11	6.5	9.5	북서	305	3.8	1013.3	-	21	
2021-11-23 23:30:00	4.0	북동	55	15.19	0.81	5.8	1.22	6.5	10.3	북서	314	4.1	1013.3	-	8	
2021-11-23 23:35:00	5.8	동남동	109	15.17	0.79	4.5	1.05	7.5	8.4	북서	326	3.9	1013.4	-	5	
2021-11-23 23:40:00	1.7	남남동	157	15.18	0.77	5.4	1.19	7.5	8.8	북서	324	3.9	1013.2	-	329	
2021-11-23 23:45:00	0.3	동	80	15.18	0.73	6.0	1.05	8.5	8.1	서북서	297	4.0	1013.2	-	344	
2021-11-23 23:50:00	5.4	동북동	70	15.16	0.80	6.9	1.15	10.5	7.5	서북서	292	3.5	1013.3	-	3	
2021-11-23 23:55:00	10.1	동북동	69	15.16	0.75	6.7	1.20	6.5	6.6	서북서	289	3.8	1013.4	-	359	
2021-11-24 00:00:00	3.5	북동	41	15.17	0.69	5.6	0.99	4.5	5.9	서북서	302	3.4	1013.5	-	156	
2021-11-24 00:05:00	6.6	동북동	77	15.17	0.72	5.9	1.03	8.0	8.3	서북서	297	3.9	1013.4	-	34	
2021-11-24 00:10:00	6.5	동	80	15.17	0.75	6.2	0.88	3.5	8.4	북서	312	3.9	1013.5	-	17	
2021-11-24 00:15:00	2.2	북	2	15.18	0.81	5.9	1.01	8.5	4.5	북서	321	3.5	1013.7	-	21	
2021-11-24 00:20:00	2.5	동남동	105	15.16	0.84	6.1	1.15	9.0	8.4	북서	315	3.7	1013.5	-	13	
2021-11-24 00:25:00	4.2	동남동	104	15.16	0.68	5.1	0.86	3.0	8.3	북서	311	3.7	1013.5	-	91	
2021-11-24 00:30:00	7.7	북	360	15.17	0.73	6.4	0.88	8.0	8.5	북서	309	3.8	1013.4	-	23	
2021-11-24 00:35:00	4.8	동남동	106	15.14	0.66	6.2	1.09	7.5	9.2	북서	310	3.9	1013.3	-	22	
2021-11-24 00:40:00	1.4	북북서	341	15.15	0.78	5.5	1.24	8.0	9.5	서북서	303	3.9	1013.3	-	17	
2021-11-24 00:45:00	0.3	서	279	15.15	0.83	6.2	1.12	6.5	8.9	서북서	298	3.9	1013.4	-	0	
2021-11-24 00:50:00	5.2	남	175	15.15	0.77	6.2	1.27	7.0	8.5	서북서	302	3.6	1013.5	-	15	
2021-11-24 00:55:00	5.7	남남동	165	15.15	0.79	5.4	1.10	8.5	8.9	북서	305	3.7	1013.4	-	22	
2021-11-24 01:00:00	6.9	남남동	154	15.13	0.82	5.3	1.28	7.0	7.6	서북서	298	3.7	1013.6	-	27	
2021-11-24 01:05:00	6.1	동남동	109	15.12	0.87	5.8	1.15	8.5	6.8	서북서	284	3.4	1013.6	-	40	
2021-11-24 01:10:00	10.3	동	87	15.10	0.87	5.9	1.08	4.0	6.5	서북서	285	3.4	1013.8	-	65	
2021-11-24 01:15:00	8.8	동남동	102	15.10	0.80	6.0	1.24	6.0	8.6	북서	313	4.0	1013.6	-	2	
2021-11-24 01:20:00	9.6	동	100	15.10	0.88	6.0	1.33	7.0	9.4	서북서	297	3.9	1013.6	-	3	
2021-11-24 01:25:00	9.6	동	86	15.09	0.84	6.1	0.99	8.0	9.4	서북서	302	4.2	1013.6	-	15	
2021-11-24 01:30:00	9.8	동	95	15.09	0.88	5.7	1.26	5.0	10.3	북서	305	4.1	1013.6	-	13	
2021-11-24 01:35:00	7.6	동	100	15.09	0.93	5.9	1.32	5.0	9.8	서북서	303	3.8	1013.7	-	7	
2021-11-24 01:40:00	6.9	동	100	15.08	0.89	6.7	1.36	9.0	8.8	서북서	294	3.7	1013.9	-	5	
2021-11-24 01:45:00	6.7	동북동	62	15.10	0.78	5.0	1.19	5.0	10.0	서북서	292	3.9	1014.0	-	298	
2021-11-24 01:50:00	10.7	동	85	15.09	0.87	6.0	1.03	8.0	10.4	서북서	291	3.9	1014.1	-	1	
2021-11-24 01:55:00	8.8	동	89	15.10	0.92	7.3	1.28	8.5	10.8	서북서	291	3.9	1014.2	-	19	
2021-11-24 02:00:00	4.6	북동	54	15.09	0.74	5.9	0.92	5.5	10.2	서북서	290	3.8	1014.4	-	301	
2021-11-24 02:05:00	9.9	동	83	15.10	0.81	7.0	0.97	7.5	11.0	서북서	297	3.9	1014.5	-	24	
2021-11-24 02:10:00	4.5	동	87	15.12	0.87	6.8	1.52	6.0	10.6	서북서	302	3.6	1014.6	-	16	
2021-11-24 02:15:00	6.6	동	99	15.11	0.92	6.8	1.19	6.5	11.9	서북서	282	3.6	1014.8	-	6	
2021-11-24 02:20:00	1.4	동	98	15.10	0.81	7.1	1.11	8.0	11.1	서	279	3.7	1015.0	-	8	
2021-11-24 02:25:00	6.5	남	183	15.09	0.83	6.0	1.14	8.5	9.5	서	278	3.4	1015.1	-	1	
2021-11-24 02:30:00	3.7	동남동	120	15.09	0.80	6.9	1.17	7.5	9.7	서북서	283	3.5	1015.1	-	14	
2021-11-24 02:35:00	8.2	동남동	103	15.09	0.74	5.8	1.02	8.5	9.0	서북서	284	3.7	1015.2	-	14	
2021-11-24 02:40:00	3.3	동	85	15.09	0.75	5.7	0.98	6.5	10.4	서	274	3.4	1015.1	-	140	
2021-11-24 02:45:00	8.9	동	91	15.10	0.88	6.8	1.17	5.5	9.0	서북서	284	3.1	1015.1	-	7	
2021-11-24 02:50:00	7.0	남동	134	15.09	0.77	5.5	0.96	5.5	9.1	서	273	3.4	1015.0	-	7	
2021-11-24 02:55:00	9.7	동	99	15.09	0.89	6.6	1.38	5.0	7.4	서	281	3.1	1015.0	-	358	
2021-11-24 03:00:00	12.6	동남동	111	15.07	0.75	5.6	1.10	5.5	6.2	서북서	292	2.9	1015.0	-	358	
2021-11-24 03:05:00	10.2	동	96	15.07	0.80	5.8	1.05	6.0	5.1	서북서	298	2.9	1015.0	-	356	
2021-11-24 03:10:00	9.4	동	90	15.09	0.84	6.5	1.17	6.5	4.6	서	281	3.0	1014.9	-	353	
2021-11-24 03:15:00	7.0	동남동	112	15.09	0.71	5.9	0.92	5.5	3.9	서	280	2.8	1014.9	-	13	
2021-11-24 03:20:00	12.5	남동	136	15.10	0.89	6.9	1.09	5.0	4.5	서북서	291	3.0	1014.9	-	12	
2021-11-24 03:25:00	9.7	동	81	15.10	0.89	6.3	1.11	5.5	5.2	서북서	282	3.1	1014.8	-	215	
2021-11-24 03:30:00	10.2	동남동	113	15.08	0.84	5.5	0.99	7.5	5.9	서북서	284	3.2	1014.8	-	356	
2021-11-24 03:35:00	9.7	남동	133	15.09	0.93	7.1	1.17	6.0	7.4	서북서	288	3.4	1014.7	-	9	
2021-11-24 03:40:00	7.7	동	100	15.09	0.83	5.6	1.30	5.5	7.9	서북서	285	3.4	1014.6	-	14	
2021-11-24 03:45:00	14.1	남동	130	15.09	0.84	6.2	1.17	4.5	7.4	서북서	289	3.4	1014.6	-	315	
2021-11-24 03:50:00	12.0	동남동	119	15.09	1.01	6.0	1.39	5.0	8.4	서북서	286	3.6	1014.4	-	0	
2021-11-24 03:55:00	10.1	남동	133	15.08	0.97	6.6	1.13	4.5	8.4	서북서	287	3.6	1014.3	-	354	
2021-11-24 04:00:00	14.4	남남동	148	15.08	0.85	6.4	1.23	5.5	8.3	서북서	293	3.7	1014.2	-	12	
2021-11-24 04:05:00	10.4	동남동	111	15.09	0.96	7.0	1.35	8.5	8.0	서북서	291	3.7	1014.3	-	347	
2021-11-24 04:10:00	16.6	남동	134	15.09	0.99	6.5	1.47	6.5	8.2	서북서	296	3.7	1014.2	-	5	
2021-11-24 04:15:00	9.1	동남동	118	15.08	0.98	6.8	1.22	7.0	8.1	서북서	288	3.5	1014.1	-	14	
2021-11-24 04:20:00	18.9	동남동	106	15.08	1.01	7.0	1.76	5.5	7.8	서북서	300	3.6	1014.1	-	16	
2021-11-24 04:25:00	14.2	동남동	123	15.05	0.92	6.8	1.32	8.0	7.8	서북서	291	3.4	1014.2	-	358	
2021-11-24 04:30:00	15.6	남동	140	15.05	0.92	5.8	1.20	5.5	7.4	서북서	299	3.6	1014.2	-	250	
2021-11-24 04:35:00	15.5	남동	143	15.05	1.15	7.1	1.47	6.0	7.4	서북서	297	3.7	1014.2	-	11	
2021-11-24 04:40:00	15.8	남동	143	15.06	0.92	7.0	1.09	5.0	8.1	서북서	295	4.0	1014.2	-	8	
2021-11-24 04:45:00	17.6	남남동	147	15.04	1.02	7.3	1.39	6.5	7.7	북서	304	3.9	1014.2	-	1	
2021-11-24 04:50:00	17.5	남동	130	15.05	1.06	7.2	1.28	6.5	8.0	서북서	300	3.8	1014.1	-	7	
2021-11-24 04:55:00	18.1	동남동	121	15.03	0.93	6.9	1.13	7.0	9.9	서북서	290	4.3	1014.0	-	358	
2021-11-24 05:00:00	16.6	남동	140	15.02	1.22	7.7	1.64	7.5	9.8	서북서	284	4.7	1014.0	-	6	
2021-11-24 05:05:00	18.0	남남동	155	15.01	0.93	6.8	1.35	7.0	9.0	서북서	299	4.7	1014.1	-	16	
2021-11-24 05:10:00	14.4	남동	139	15.01	1.03	6.4	1.51	6.5	8.9	서북서	297	4.7	1014.1	-	5	
2021-11-24 05:15:00	19.8	남동	145	15.02	0.91	5.9	1.20	7.5	8.1	서북서	303	4.4	1014.2	-	12	
2021-11-24 05:20:00	20.9	동남동	120	15.01	1.02	6.8	1.34	8.0	8.3	서북서	296	4.5	1014.2	-	1	
2021-11-24 05:25:00	20.2	동남동	123	15.00	1.03	6.8	1.35	7.0	6.8	북서	305	4.4	1014.3	-	10	
2021-11-24 05:30:00	19.6	남남동	149	14.98	1.03	5.9	1.38	6.0	6.7	북서	310	4.2	1014.3	-	25	
2021-11-24 05:35:00	18.9	남동	144	14.98	0.89	6.8	1.02	7.0	6.8	북서	305	4.1	1014.3	-	8	
2021-11-24 05:40:00	21.9	남남동	151	14.98	0.94	7.4	1.33	8.0	7.0	서북서	294	4.3	1014.5	-	11	
2021-11-24 05:45:00	20.4	남동	145	14.99	1.21	7.5	1.57	6.5	7.7	서북서	294	4.3	1014.5	-	14	
2021-11-24 05:50:00	19.8	남남동	147	14.99	0.86	6.2	1.10	6.5	7.9	서북서	293	4.4	1014.6	-	10	
2021-11-24 05:55:00	22.9	남남동	160	15.00	1.05	7.4	1.34	7.5	9.3	서북서	283	4.9	1014.5	-	7	
2021-11-24 06:00:00	21.1	남남동	150	14.99	0.91	7.2	1.02	6.0	9.9	서북서	282	5.0	1014.4	-	5	
2021-11-24 06:05:00	18.9	남남동	152	14.99	1.03	7.8	1.21	8.0	11.3	서	281	5.0	1014.4	-	13	
2021-11-24 06:10:00	19.9	남동	143	14.97	0.86	6.5	1.39	6.0	13.2	서북서	284	5.2	1014.2	-	19	
2021-11-24 06:15:00	17.8	남남동	149	14.98	0.91	7.5	1.16	9.0	11.8	서	279	5.3	1014.2	-	342	
2021-11-24 06:20:00	19.5	남남동	150	14.99	1.00	8.0	1.16	8.5	11.3	서	281	5.4	1014.3	-	7	
2021-11-24 06:25:00	22.5	남동	144	14.99	1.01	7.9	1.44	7.5	12.3	서북서	284	5.4	1014.2	-	357	
2021-11-24 06:30:00	22.2	남동	142	14.99	1.03	7.2	1.38	6.5	12.4	서북서	285	5.6	1014.5	-	0	
2021-11-24 06:35:00	18.0	남동	142	15.00	0.97	7.0	1.35	5.5	11.0	서	280	5.5	1014.6	-	4	
2021-11-24 06:40:00	16.0	남동	144	14.98	1.10	7.6	1.34	7.0	5.9	서남서	246	4.9	1014.7	-	15	
2021-11-24 06:45:00	16.6	남동	144	14.98	1.07	8.0	1.53	7.5	9.6	서북서	284	5.4	1014.7	-	16	
2021-11-24 06:50:00	20.9	남남동	149	14.98	0.98	6.9	1.24	8.0	10.1	서	278	5.6	1014.7	-	1	
2021-11-24 06:55:00	17.2	남남동	148	14.97	0.86	7.0	1.25	9.0	4.5	남서	235	4.5	1014.8	-	12	
2021-11-24 07:00:00	16.6	동남동	121	14.96	1.02	7.5	1.32	6.0	10.0	서북서	283	4.8	1014.6	-	1	
2021-11-24 07:05:00	18.8	남동	134	14.96	0.83	6.2	1.18	9.0	11.3	서북서	284	5.7	1014.4	-	338	
2021-11-24 07:10:00	17.3	남동	131	14.95	1.01	7.8	1.21	10.5	11.2	서북서	284	5.8	1014.4	-	8	
2021-11-24 07:15:00	19.9	남동	126	14.95	0.97	7.2	1.25	5.5	10.0	서	277	5.6	1014.5	-	356	
2021-11-24 07:20:00	14.7	남동	145	14.94	0.88	6.0	1.10	7.5	6.8	서	266	5.3	1014.6	-	1	
2021-11-24 07:25:00	16.9	남동	138	14.94	0.96	6.7	1.42	7.0	3.8	남서	230	4.8	1014.6	-	18	
2021-11-24 07:30:00	15.5	동남동	119	14.95	1.11	6.5	1.41	8.0	3.8	남서	217	4.3	1014.7	-	348	
2021-11-24 07:35:00	14.5	동남동	119	14.96	0.97	6.9	1.34	9.0	1.7	남서	215	4.1	1014.8	-	17	
2021-11-24 07:40:00	10.2	남동	127	14.95	1.01	6.5	1.28	8.5	3.5	남남서	212	4.2	1014.8	-	11	
2021-11-24 07:45:00	11.8	남동	130	14.95	1.10	7.3	1.43	6.0	2.5	서	259	4.4	1014.8	-	22	
2021-11-24 07:50:00	11.4	남동	132	14.94	0.97	6.4	1.22	9.5	3.8	남	189	4.9	1014.6	-	15	
2021-11-24 07:55:00	7.6	남동	143	14.94	1.04	7.3	1.29	6.0	3.4	남	189	4.7	1014.7	-	357	
2021-11-24 08:00:00	9.9	남동	135	14.95	1.02	6.7	1.20	7.5	2.0	남남서	213	4.8	1014.9	-	8	
2021-11-24 08:05:00	8.7	남남동	156	14.93	1.04	6.8	1.60	6.0	2.5	남서	223	4.8	1015.0	-	11	
2021-11-24 08:10:00	10.0	남남동	149	14.94	1.04	7.0	1.28	6.5	2.7	남서	221	5.0	1014.9	-	1	
2021-11-24 08:15:00	4.1	남남동	149	14.94	0.97	6.6	1.21	7.5	1.5	서남서	239	5.2	1014.9	-	7	
2021-11-24 08:20:00	5.7	남남동	151	14.94	0.80	6.4	1.14	6.0	1.7	남서	224	5.0	1014.9	-	8	
2021-11-24 08:25:00	5.0	동남동	109	14.93	0.98	8.0	1.16	7.5	1.9	남남서	203	5.1	1015.0	-	30	
2021-11-24 08:30:00	4.6	남동	143	14.94	0.89	7.1	1.36	9.0	1.2	남	182	5.3	1015.0	-	8	
2021-11-24 08:35:00	6.1	남남동	162	14.94	0.92	6.8	1.21	7.0	0.4	남동	142	5.7	1015.0	-	3	
2021-11-24 08:40:00	8.0	남남동	158	14.94	0.89	7.6	1.17	9.0	0.5	남남서	208	5.9	1015.0	-	4	
2021-11-24 08:45:00	9.9	남남동	155	14.95	0.81	6.9	1.07	5.5	1.6	남동	145	6.2	1015.0	-	13	
2021-11-24 08:50:00	3.2	남동	129	14.96	0.91	7.9	1.22	7.5	1.1	남	169	6.3	1015.0	-	7	
2021-11-24 08:55:00	6.4	남남동	166	14.99	0.96	6.7	1.23	6.5	1.4	남동	124	6.2	1015.0	-	1	
2021-11-24 09:00:00	5.8	남동	138	14.98	0.90	8.0	1.31	7.5	1.6	남남동	158	6.4	1015.1	-	354	
2021-11-24 09:05:00	7.4	남	189	14.98	0.93	7.0	1.23	6.5	2.3	남동	136	6.5	1015.0	-	17	
2021-11-24 09:10:00	3.9	남	182	14.99	0.84	7.4	0.99	8.5	2.6	동남동	117	6.5	1015.1	-	9	
2021-11-24 09:15:00	7.8	남남동	163	14.99	0.99	7.5	1.34	6.5	3.2	남동	136	6.4	1015.2	-	11	
2021-11-24 09:20:00	7.6	남	170	14.99	1.02	7.9	1.29	9.0	1.0	남남동	159	6.3	1015.2	-	11	
2021-11-24 09:25:00	3.9	남동	132	14.99	0.76	6.2	1.08	7.5	1.8	동남동	114	6.3	1015.1	-	18	
2021-11-24 09:30:00	6.9	남남동	150	14.99	0.77	6.8	1.06	8.0	1.8	동남동	110	6.5	1015.1	-	11	
2021-11-24 09:35:00	4.9	남	182	14.99	0.80	6.8	1.10	7.5	2.3	남동	127	6.6	1015.0	-	18	
2021-11-24 09:40:00	5.1	남남동	160	14.99	0.84	6.5	1.00	7.5	1.9	남동	145	6.7	1015.0	-	2	
2021-11-24 09:45:00	11.7	남남동	153	15.00	0.77	6.4	0.96	7.0	1.3	동	99	6.8	1015.0	-	30	
2021-11-24 09:50:00	5.5	남남동	165	15.00	0.81	6.7	1.13	8.0	1.5	남	182	7.1	1015.0	-	12	
2021-11-24 09:55:00	2.6	남	179	15.01	0.84	7.0	1.40	8.5	4.4	서남서	238	7.2	1014.8	-	359	
2021-11-24 10:00:00	6.0	남남동	157	15.02	0.75	5.9	1.10	5.5	7.2	남서	236	6.9	1014.7	-	5	
2021-11-24 10:05:00	13.1	남	174	15.02	0.76	5.5	1.06	8.0	7.7	서남서	239	7.0	1014.7	-	4	
2021-11-24 10:10:00	6.2	남남동	165	15.02	0.87	6.4	1.29	8.0	6.4	서	264	7.2	1014.8	-	351	
2021-11-24 10:15:00	7.9	남남동	152	15.03	0.77	6.6	0.96	6.5	7.0	서남서	248	7.2	1014.7	-	7	
2021-11-24 10:20:00	6.8	남남동	158	15.03	0.82	6.3	1.10	7.0	5.3	서남서	252	7.5	1014.8	-	0	
2021-11-24 10:25:00	11.2	남남동	166	15.03	0.83	8.0	0.99	6.5	3.7	서	275	7.3	1014.7	-	6	
2021-11-24 10:30:00	5.2	남남서	200	15.03	0.79	6.4	1.42	7.0	3.3	서	261	7.9	1014.8	-	3	
2021-11-24 10:35:00	8.3	남	183	15.04	0.77	7.0	1.01	6.0	4.3	서남서	248	7.9	1014.7	-	16	
2021-11-24 10:40:00	2.9	남동	130	15.04	0.78	6.5	0.95	8.0	5.1	서	259	8.3	1014.5	-	4	
2021-11-24 10:45:00	9.2	남	174	15.05	0.79	6.1	1.28	7.5	4.6	서	270	8.5	1014.6	-	357	
2021-11-24 10:50:00	13.8	남남서	198	15.42	1.00	7.0	1.12	9.5	4.7	서	264	8.1	1014.5	-	359	
2021-11-24 10:55:00	11.9	남남서	196	15.46	0.84	7.2	1.04	8.0	4.3	서북서	282	8.1	1014.5	-	13	
2021-11-24 11:00:00	13.3	남	186	15.47	0.91	7.0	1.19	7.0	4.5	서북서	283	8.2	1014.5	-	7	
2021-11-24 11:05:00	11.0	남	187	15.47	0.86	7.6	1.20	9.0	4.0	서	262	8.2	1014.5	-	4	
2021-11-24 11:10:00	14.1	남	178	15.47	0.83	7.0	0.99	6.5	4.6	서	275	8.3	1014.5	-	358	
2021-11-24 11:15:00	20.1	남	186	15.51	0.95	6.9	1.55	7.0	4.3	서	273	8.4	1014.5	-	10	
2021-11-24 11:20:00	16.1	남	189	15.54	0.83	5.9	1.12	7.0	2.3	서	262	8.4	1014.5	-	13	
2021-11-24 11:25:00	17.7	남남서	198	15.58	0.96	7.6	1.37	8.0	7.4	서북서	296	8.5	1014.3	-	10	
2021-11-24 11:30:00	15.1	남남서	201	15.59	0.83	6.3	1.33	6.0	4.9	서	263	8.6	1014.4	-	359	
2021-11-24 11:35:00	20.2	남남서	194	15.60	0.87	7.0	1.10	7.0	6.3	북서	306	8.8	1014.3	-	8	
2021-11-24 11:40:00	14.9	남남서	196	15.63	0.91	7.4	1.41	7.5	6.8	서북서	302	8.5	1014.2	-	2	
2021-11-24 11:45:00	16.9	남남서	200	15.67	0.80	6.0	1.01	9.0	6.8	서북서	300	8.7	1014.2	-	346	
2021-11-24 11:50:00	19.5	남남서	197	15.69	0.87	6.1	1.26	7.0	6.4	서북서	295	8.6	1014.0	-	7	
2021-11-24 11:55:00	16.8	남남서	200	15.70	0.85	6.7	1.24	9.0	6.9	북서	306	8.8	1014.0	-	359	
2021-11-24 12:00:00	16.6	남남서	208	15.72	0.84	6.6	1.27	6.5	8.0	북서	309	8.7	1014.0	-	359	
2021-11-24 12:05:00	16.8	남	191	15.73	0.87	7.0	1.45	6.5	7.8	서북서	300	9.0	1014.0	-	13	
2021-11-24 12:10:00	19.3	남남서	205	15.73	1.14	7.5	1.42	9.0	5.9	서북서	292	8.9	1013.9	-	3	
2021-11-24 12:15:00	17.9	남남서	198	15.73	0.83	7.1	1.09	7.5	8.8	북서	311	9.0	1013.7	-	5	
2021-11-24 12:20:00	20.1	남	191	15.73	0.81	6.7	1.02	7.5	8.4	서북서	292	9.1	1013.7	-	353	
2021-11-24 12:25:00	15.1	남남서	194	15.73	0.93	7.2	1.18	8.0	7.2	서북서	301	9.1	1013.7	-	14	
2021-11-24 12:30:00	15.9	남	181	15.75	0.97	6.8	1.29	7.5	8.4	서북서	292	9.1	1013.5	-	6	
2021-11-24 12:35:00	18.2	남	177	15.76	0.95	6.4	1.30	7.0	8.9	서북서	283	9.5	1013.5	-	7	
2021-11-24 12:40:00	17.8	남남서	194	15.77	1.03	7.8	1.49	9.0	6.1	서북서	296	9.2	1013.5	-	11	
2021-11-24 12:45:00	21.2	남	186	15.76	0.97	7.2	1.10	7.0	6.2	북서	316	9.2	1013.5	-	16	
2021-11-24 12:50:00	15.1	남남서	199	15.78	0.86	5.9	1.30	6.0	6.8	서북서	295	9.2	1013.4	-	0	
2021-11-24 12:55:00	19.1	남	190	15.76	0.91	6.4	1.36	6.0	7.7	서북서	285	9.9	1013.2	-	1	
2021-11-24 13:00:00	20.4	남남서	192	15.77	0.94	6.8	1.41	7.0	6.4	서	273	9.9	1013.3	-	359	
2021-11-24 13:05:00	15.4	남	180	15.78	1.00	7.2	1.34	8.0	7.2	서	281	9.8	1013.3	-	356	
2021-11-24 13:10:00	15.5	남남서	193	15.79	0.86	7.2	1.09	8.5	5.3	서북서	291	9.8	1013.2	-	4	
2021-11-24 13:15:00	15.5	남	191	15.81	0.89	6.4	1.19	6.5	8.2	서북서	297	9.8	1013.1	-	19	
2021-11-24 13:20:00	17.2	남남서	194	15.80	0.78	6.2	1.03	5.0	6.4	서북서	290	9.7	1013.1	-	359	
2021-11-24 13:25:00	16.2	남남서	193	15.78	0.90	6.4	1.02	7.5	8.8	서북서	285	9.9	1013.0	-	3	
2021-11-24 13:30:00	17.3	남	189	15.80	0.87	6.5	1.21	6.0	9.2	북서	312	10.1	1012.9	-	351	
2021-11-24 13:35:00	15.4	남	174	15.80	0.92	7.5	1.11	6.5	9.8	서북서	291	10.3	1012.9	-	4	
2021-11-24 13:40:00	11.6	남	186	15.79	0.88	6.8	1.30	8.5	9.7	서북서	296	10.0	1012.9	-	1	
2021-11-24 13:45:00	11.8	남남서	194	15.78	0.85	6.8	1.12	7.0	7.9	서북서	295	9.9	1012.9	-	5	
2021-11-24 13:50:00	18.1	남	181	15.76	0.97	7.1	1.17	8.5	8.4	서북서	300	10.2	1012.9	-	349	
2021-11-24 13:55:00	17.4	남	179	15.75	0.82	6.2	1.18	7.0	8.8	북서	306	10.1	1012.8	-	16	
2021-11-24 14:00:00	19.8	남	179	15.75	0.91	6.3	1.41	6.5	10.4	북서	304	10.3	1012.6	-	356	
2021-11-24 14:05:00	16.1	남	182	15.73	0.74	6.1	0.90	8.0	8.8	서북서	296	10.3	1012.7	-	14	
2021-11-24 14:10:00	19.8	남	173	15.68	1.00	6.9	1.45	6.5	7.0	서북서	294	10.1	1012.7	-	8	
2021-11-24 14:15:00	17.0	남	177	15.67	0.88	6.4	1.05	5.5	8.1	서북서	301	10.4	1012.7	-	6	
2021-11-24 14:20:00	17.5	남	186	15.67	0.81	7.4	1.08	8.5	8.7	서북서	303	10.2	1012.6	-	347	
2021-11-24 14:25:00	18.6	남	180	15.66	0.80	7.6	0.95	8.0	7.9	서	280	10.6	1012.6	-	6	
2021-11-24 14:30:00	17.4	남	173	15.66	0.92	7.3	1.25	8.0	7.0	서	277	10.6	1012.6	-	345	
2021-11-24 14:35:00	18.2	남남동	167	15.65	0.83	7.0	1.00	6.5	7.4	서북서	283	10.5	1012.5	-	22	
2021-11-24 14:40:00	16.6	남남동	166	15.64	0.92	7.3	1.23	7.5	6.3	서북서	295	10.5	1012.6	-	11	
2021-11-24 14:45:00	19.9	남	176	15.65	0.90	7.2	1.48	7.5	6.6	서북서	299	10.3	1012.5	-	6	
2021-11-24 14:50:00	15.2	남	174	15.66	1.02	7.2	1.26	8.5	5.8	서북서	289	10.5	1012.5	-	4	
2021-11-24 14:55:00	18.4	남남동	168	15.64	0.79	7.2	0.99	7.0	6.1	서북서	282	10.6	1012.4	-	3	
2021-11-24 15:00:00	16.5	남	170	15.63	0.85	7.7	1.18	6.5	6.5	서북서	294	10.7	1012.4	-	358	
2021-11-24 15:05:00	15.7	남	173	15.60	1.03	7.3	1.36	7.0	5.3	서남서	257	10.7	1012.4	-	10	
2021-11-24 15:10:00	19.6	남남동	164	15.59	0.99	6.8	1.25	6.5	6.3	서남서	256	10.7	1012.5	-	3	
2021-11-24 15:15:00	18.8	남	169	15.60	0.81	6.5	1.26	7.0	5.5	서	275	10.8	1012.6	-	23	
2021-11-24 15:20:00	15.7	남	177	15.57	0.85	7.2	1.05	9.0	5.9	서	274	10.4	1012.6	-	13	
2021-11-24 15:25:00	18.5	남	176	15.59	0.88	7.0	1.35	7.5	6.0	서	265	10.5	1012.6	-	353	
2021-11-24 15:30:00	15.1	남	175	15.60	0.88	7.1	1.46	8.0	4.5	서	260	10.4	1012.6	-	6	
2021-11-24 15:35:00	18.6	남	180	15.60	0.76	6.1	1.07	6.5	6.0	서남서	242	10.6	1012.5	-	3	
2021-11-24 15:40:00	13.2	남	178	15.59	0.78	6.7	1.02	7.0	6.1	서남서	243	10.6	1012.5	-	26	
2021-11-24 15:45:00	16.2	남	181	15.60	0.78	7.4	0.95	6.5	6.6	서남서	258	10.5	1012.5	-	356	
2021-11-24 15:50:00	21.0	남	173	15.61	0.84	6.3	1.37	5.5	6.3	서	262	10.4	1012.5	-	2	
2021-11-24 15:55:00	16.1	남	179	15.59	0.83	6.5	1.13	7.5	7.7	서남서	258	10.5	1012.4	-	355	
2021-11-24 16:00:00	20.6	남	175	15.60	0.70	5.5	0.99	7.5	7.2	서남서	254	10.4	1012.5	-	333	
2021-11-24 16:05:00	17.1	남	184	15.64	0.90	7.0	1.41	7.5	5.5	서남서	254	10.4	1012.5	-	0	
2021-11-24 16:10:00	14.6	남	179	15.64	0.81	6.6	1.17	6.5	6.6	서남서	253	10.4	1012.5	-	15	
2021-11-24 16:15:00	13.4	남	173	15.64	0.90	7.7	1.11	6.5	6.2	서	263	10.4	1012.6	-	345	
2021-11-24 16:20:00	17.4	남남동	168	15.63	0.82	6.7	1.00	5.5	6.4	서	259	10.2	1012.6	-	6	
2021-11-24 16:25:00	14.8	남	181	15.65	0.82	6.9	1.10	7.0	6.3	서남서	258	10.2	1012.6	-	1	
2021-11-24 16:30:00	16.1	남	179	15.64	0.70	6.2	1.13	7.5	6.4	서	265	10.4	1012.6	-	25	
2021-11-24 16:35:00	20.8	남	179	15.65	0.77	6.8	0.93	7.5	7.6	서남서	252	10.5	1012.5	-	359	
2021-11-24 16:40:00	16.7	남	183	15.64	0.77	6.3	1.17	6.5	7.2	서남서	237	10.2	1012.5	-	350	
2021-11-24 16:45:00	12.8	남	174	15.58	0.78	7.0	0.90	7.5	7.4	서남서	245	10.2	1012.5	-	16	
2021-11-24 16:50:00	12.7	남	170	15.59	0.75	6.9	0.97	7.0	6.5	서	260	10.1	1012.5	-	0	
2021-11-24 16:55:00	14.5	남	174	15.56	0.66	6.2	0.89	10.0	7.5	서남서	243	10.2	1012.4	-	356	
2021-11-24 17:00:00	14.6	남남동	164	15.58	0.72	6.6	0.98	7.5	5.9	서남서	250	10.1	1012.5	-	11	
2021-11-24 17:05:00	13.1	남	171	15.60	0.73	6.8	0.88	7.0	6.6	서	260	10.2	1012.5	-	9	
2021-11-24 17:10:00	12.2	남	175	15.58	0.67	7.1	0.87	7.0	5.0	서남서	253	10.2	1012.6	-	5	
2021-11-24 17:15:00	15.9	남남동	169	15.57	0.65	6.5	0.81	7.0	4.3	서남서	248	10.0	1012.7	-	9	
2021-11-24 17:20:00	12.1	남	181	15.59	0.71	6.5	1.03	6.5	4.2	서남서	252	10.1	1012.7	-	11	
2021-11-24 17:25:00	13.3	남	183	15.60	0.69	6.7	0.90	6.5	3.2	남서	229	10.0	1012.6	-	12	
2021-11-24 17:30:00	12.8	남	184	15.61	0.73	6.6	0.92	7.0	3.1	남남서	211	9.8	1012.7	-	11	
2021-11-24 17:35:00	12.3	남	182	15.62	0.64	6.8	0.89	6.5	3.5	남남서	212	9.8	1012.7	-	18	
2021-11-24 17:40:00	12.3	남	187	15.60	0.51	5.6	0.69	7.0	4.0	남남서	198	9.8	1012.7	-	351	
2021-11-24 17:45:00	11.7	남	189	15.64	0.61	7.0	0.80	8.5	3.6	남남서	212	9.7	1012.8	-	8	
2021-11-24 17:50:00	9.2	남남서	198	15.62	0.67	6.7	1.02	7.0	3.5	남서	218	9.7	1012.8	-	0	
2021-11-24 17:55:00	11.1	남	181	15.61	0.63	6.3	0.85	7.5	4.9	남남서	209	9.7	1012.9	-	358	
2021-11-24 18:00:00	10.4	남	184	15.58	0.56	6.0	0.71	7.0	4.4	남남서	202	9.7	1012.9	-	3	
2021-11-24 18:05:00	13.0	남	182	15.58	0.59	6.1	0.93	7.0	5.3	남서	223	9.8	1012.9	-	353	
2021-11-24 18:10:00	10.4	남	188	15.59	0.57	6.6	0.74	7.5	4.6	남서	214	9.8	1012.9	-	35	
2021-11-24 18:15:00	9.0	남	177	15.57	0.53	6.0	0.65	6.0	4.5	남남서	198	9.7	1012.9	-	359	
2021-11-24 18:20:00	11.5	남	174	15.57	0.50	6.1	0.67	8.0	4.5	남서	226	9.7	1013.0	-	10	
2021-11-24 18:25:00	8.7	남	189	15.58	0.51	6.0	0.68	6.5	4.2	남서	226	9.8	1013.0	-	8	
2021-11-24 18:30:00	11.5	남남동	166	15.61	0.52	5.8	0.95	8.0	4.6	남남서	205	9.7	1013.1	-	349	
2021-11-24 18:35:00	10.9	남	174	15.63	0.56	6.8	0.81	7.5	4.0	남남서	193	9.6	1013.2	-	344	
2021-11-24 18:40:00	11.2	남	175	15.60	0.51	6.5	0.72	7.5	4.4	남서	216	9.8	1013.1	-	4	
2021-11-24 18:45:00	8.7	남남동	156	15.55	0.50	6.4	0.72	6.5	5.0	남서	215	9.9	1013.0	-	352	
2021-11-24 18:50:00	8.1	남	170	15.55	0.61	6.4	0.96	6.5	4.6	남남서	208	9.7	1013.0	-	352	
2021-11-24 18:55:00	9.0	남	170	15.50	0.52	6.3	0.70	7.0	4.6	남남서	205	10.0	1013.0	-	352	
2021-11-24 19:00:00	7.8	남남동	168	15.52	0.48	5.9	0.69	5.5	4.3	남남서	210	10.1	1013.0	-	359	
2021-11-24 19:05:00	8.7	남	174	15.54	0.50	5.9	0.81	6.5	4.5	남서	217	10.0	1013.0	-	355	
2021-11-24 19:10:00	10.3	남	182	15.55	0.45	5.5	0.64	5.0	3.5	남서	214	10.0	1013.0	-	28	
2021-11-24 19:15:00	6.6	남동	144	15.53	0.55	6.0	0.74	5.0	4.1	남남서	205	10.0	1013.1	-	29	
2021-11-24 19:20:00	5.0	남남동	158	15.54	0.53	6.3	0.77	6.5	4.7	남	181	9.9	1013.2	-	353	
2021-11-24 19:25:00	7.8	남남동	157	15.55	0.51	5.9	0.89	8.5	4.1	남남서	192	9.8	1013.2	-	165	
2021-11-24 19:30:00	9.5	남	178	15.55	0.59	6.5	0.70	8.5	5.0	남	187	9.9	1013.2	-	6	
2021-11-24 19:35:00	6.2	남	185	15.55	0.51	6.6	0.61	5.5	4.6	남남서	197	10.1	1013.3	-	9	
2021-11-24 19:40:00	1.5	남	186	15.56	0.47	6.2	0.58	5.5	4.2	남남서	196	10.0	1013.3	-	16	
2021-11-24 19:45:00	2.5	남서	234	15.59	0.45	6.6	0.56	8.0	3.7	남	185	10.0	1013.2	-	358	
2021-11-24 19:50:00	4.6	남남서	201	15.60	0.45	6.0	0.55	9.5	4.4	남	184	10.1	1013.2	-	4	
2021-11-24 19:55:00	5.8	남남서	195	15.60	0.54	6.9	0.73	5.5	4.2	남	188	10.1	1013.2	-	10	
2021-11-24 20:00:00	1.6	서남서	240	15.60	0.44	5.8	0.59	6.0	4.4	남	186	10.1	1013.2	-	1	
2021-11-24 20:05:00	2.0	남남서	214	15.60	0.49	6.8	0.68	6.5	2.9	남	176	10.1	1013.3	-	7	
2021-11-24 20:10:00	3.0	남서	232	15.59	0.54	6.6	0.73	7.0	3.0	남	186	10.2	1013.2	-	0	
2021-11-24 20:15:00	6.1	남	180	15.59	0.51	6.4	0.60	7.5	1.8	남서	219	10.2	1013.3	-	6	
2021-11-24 20:20:00	4.5	남남서	196	15.59	0.45	6.1	0.60	9.0	2.3	남서	218	10.4	1013.4	-	31	
2021-11-24 20:25:00	4.4	남	189	15.58	0.40	6.4	0.51	7.5	2.7	남남서	212	10.2	1013.4	-	52	
2021-11-24 20:30:00	4.8	남서	214	15.58	0.42	6.4	0.61	5.5	2.3	남서	216	10.3	1013.4	-	353	
2021-11-24 20:35:00	5.2	남서	215	15.59	0.48	6.8	0.69	9.0	1.6	서	266	10.3	1013.6	-	16	
2021-11-24 20:40:00	2.6	남남서	208	15.60	0.47	7.0	0.71	5.5	1.1	서남서	245	10.5	1013.7	-	71	
2021-11-24 20:45:00	2.3	남	185	15.64	0.46	5.9	0.64	5.5	1.0	남서	234	10.5	1013.7	-	11	
2021-11-24 20:50:00	2.3	서남서	256	15.72	0.46	7.1	0.67	9.0	1.7	남서	217	10.5	1013.9	-	40	
2021-11-24 20:55:00	4.0	남서	235	15.77	0.45	5.8	0.64	6.5	1.8	남서	220	10.4	1014.0	-	32	
2021-11-24 21:00:00	3.9	남서	222	15.81	0.43	6.9	0.68	4.5	2.6	남서	222	10.6	1014.0	-	35	
2021-11-24 21:05:00	5.8	남서	224	15.80	0.45	6.5	0.62	8.0	3.8	남서	227	10.6	1013.9	-	18	
2021-11-24 21:10:00	5.5	남남서	211	15.81	0.41	6.5	0.63	7.0	5.4	서남서	250	10.7	1014.0	-	39	
2021-11-24 21:15:00	5.3	남남서	204	15.79	0.40	6.8	0.52	6.0	5.0	서남서	248	10.7	1014.0	-	47	
2021-11-24 21:20:00	3.3	남남서	209	15.80	0.36	6.4	0.45	5.5	5.6	서남서	241	10.6	1014.0	-	40	
2021-11-24 21:25:00	2.9	남	174	15.80	0.40	7.4	0.51	10.0	5.3	서남서	241	10.7	1014.0	-	50	
2021-11-24 21:30:00	6.0	남	186	15.79	0.39	6.7	0.64	6.0	6.7	서남서	246	10.5	1014.0	-	59	
2021-11-24 21:35:00	3.5	남서	229	15.80	0.40	6.9	0.61	9.0	6.4	남서	234	10.4	1014.1	-	37	
2021-11-24 21:40:00	5.1	남남서	209	15.80	0.42	5.7	0.56	8.5	4.3	남서	226	10.2	1014.1	-	9	
2021-11-24 21:45:00	1.9	남남서	211	15.79	0.45	5.4	0.62	9.0	5.4	남서	225	10.2	1014.1	-	71	
2021-11-24 21:50:00	0.5	북북동	13	15.79	0.42	6.1	0.73	6.5	6.0	남서	229	10.2	1014.0	-	36	
2021-11-24 21:55:00	2.7	남남서	200	15.79	0.40	5.3	0.62	5.5	6.1	남서	221	10.2	1014.0	-	23	
2021-11-24 22:00:00	1.9	서북서	299	15.80	0.42	6.6	0.50	6.5	4.9	남서	224	10.1	1014.1	-	46	
2021-11-24 22:05:00	1.1	남남동	158	15.79	0.47	6.7	0.81	7.0	5.6	남서	225	10.1	1014.1	-	44	
2021-11-24 22:10:00	2.5	남서	214	15.81	0.51	6.9	0.71	7.5	5.6	서남서	238	10.1	1014.2	-	43	
2021-11-24 22:15:00	1.5	남	184	15.81	0.41	6.2	0.62	6.5	6.6	서남서	238	10.2	1014.2	-	7	
2021-11-24 22:20:00	2.3	북동	36	15.80	0.48	7.0	0.65	6.0	4.6	남서	226	10.0	1014.3	-	58	
2021-11-24 22:25:00	1.1	서남서	246	15.80	0.42	6.5	0.54	9.0	5.4	남서	226	10.0	1014.2	-	343	
2021-11-24 22:30:00	3.4	북서	305	15.79	0.41	5.6	0.54	8.0	7.0	남서	229	10.0	1014.2	-	7	
2021-11-24 22:35:00	3.1	서북서	302	15.79	0.44	6.7	0.62	9.5	6.9	서남서	242	10.2	1014.2	-	53	
2021-11-24 22:40:00	3.6	서북서	300	15.78	0.40	6.5	0.56	7.0	5.6	서남서	240	9.9	1014.2	-	47	
2021-11-24 22:45:00	5.5	서북서	295	15.78	0.43	7.3	0.61	6.5	5.5	서남서	242	9.8	1014.1	-	64	
2021-11-24 22:50:00	2.8	북북서	332	15.78	0.42	6.7	0.58	6.0	5.6	서남서	240	9.8	1014.1	-	27	
2021-11-24 22:55:00	7.2	북북서	336	15.77	0.40	6.7	0.57	7.0	6.7	서남서	238	9.8	1014.0	-	42	
2021-11-24 23:00:00	6.1	북북서	328	15.78	0.45	6.5	0.64	6.0	5.8	서남서	238	9.7	1014.0	-	359	
2021-11-24 23:05:00	5.6	북북서	340	15.78	0.48	6.8	0.59	7.0	7.5	서남서	238	9.8	1013.9	-	350	
2021-11-24 23:10:00	7.6	북북서	344	15.77	0.45	6.6	0.54	7.5	6.8	서남서	242	9.8	1013.9	-	64	
2021-11-24 23:15:00	6.3	북북서	338	15.76	0.46	7.0	0.63	7.0	7.0	서남서	239	9.9	1013.9	-	60	
2021-11-24 23:20:00	9.1	북북서	330	15.75	0.47	6.3	0.66	8.0	6.8	남서	235	9.8	1013.8	-	359	
2021-11-24 23:25:00	6.4	북서	323	15.77	0.39	5.4	0.52	6.0	6.4	서남서	237	9.7	1013.8	-	352	
2021-11-24 23:30:00	8.0	북서	318	15.77	0.40	6.5	0.51	7.0	6.4	서남서	239	9.7	1013.7	-	29	
2021-11-24 23:35:00	10.2	북북서	329	15.76	0.48	5.8	0.65	5.5	6.9	남서	231	9.9	1013.7	-	77	
2021-11-24 23:40:00	9.2	북북서	333	15.75	0.45	7.3	0.54	7.0	7.2	남서	227	9.8	1013.6	-	46	
2021-11-24 23:45:00	10.5	북서	320	15.74	0.42	5.4	0.56	7.0	6.2	남서	231	9.7	1013.7	-	6	
2021-11-24 23:50:00	8.0	북서	319	15.74	0.40	7.0	0.56	8.5	7.0	남서	224	9.7	1013.6	-	9	
2021-11-24 23:55:00	10.4	북북서	336	15.73	0.41	5.8	0.57	5.0	7.7	남서	230	9.7	1013.6	-	52	
2021-11-25 00:00:00	10.1	북북서	332	15.74	0.45	6.3	0.70	8.5	7.4	남서	225	9.7	1013.6	-	356	
2021-11-25 00:05:00	10.4	북서	321	15.75	0.44	6.2	0.59	5.5	8.0	남서	235	9.8	1013.6	-	10	
2021-11-25 00:10:00	11.5	북북서	327	15.75	0.41	6.5	0.58	5.5	7.3	남서	229	9.8	1013.6	-	21	
2021-11-25 00:15:00	10.2	북서	321	15.75	0.42	6.6	0.62	8.0	6.9	남서	229	9.9	1013.6	-	33	
2021-11-25 00:20:00	9.4	북서	315	15.74	0.41	6.0	0.54	5.5	6.7	남서	224	9.9	1013.5	-	76	
2021-11-25 00:25:00	9.3	북서	319	15.73	0.48	7.3	0.58	7.0	7.5	남서	222	9.7	1013.5	-	23	
2021-11-25 00:30:00	12.6	북북서	330	15.70	0.47	7.0	0.66	8.0	7.4	남서	230	9.8	1013.4	-	27	
2021-11-25 00:35:00	9.4	북서	324	15.70	0.41	6.6	0.60	8.5	6.6	남서	234	10.0	1013.4	-	7	
2021-11-25 00:40:00	13.0	북북서	331	15.68	0.38	5.7	0.47	4.5	7.3	남서	226	9.9	1013.3	-	11	
2021-11-25 00:45:00	10.3	북북서	335	15.66	0.47	7.4	0.58	8.0	6.8	남서	229	10.0	1013.2	-	3	
2021-11-25 00:50:00	12.9	북북서	333	15.64	0.41	6.6	0.56	8.5	8.3	남서	225	10.0	1013.2	-	358	
2021-11-25 00:55:00	12.8	북북서	338	15.65	0.45	7.1	0.70	5.5	6.8	남서	233	10.1	1013.3	-	22	
2021-11-25 01:00:00	11.6	북북서	334	15.65	0.47	7.3	0.62	5.5	7.6	남서	225	10.1	1013.1	-	15	
2021-11-25 01:05:00	15.9	북북서	338	15.64	0.44	7.2	0.56	7.0	7.8	남서	221	10.0	1013.1	-	52	
2021-11-25 01:10:00	12.8	북북서	337	15.63	0.48	7.2	0.67	8.0	7.2	남서	228	10.1	1013.2	-	34	
2021-11-25 01:15:00	12.0	북북서	334	15.62	0.42	6.9	0.58	8.0	6.9	남서	223	10.2	1013.2	-	8	
2021-11-25 01:20:00	13.2	북북서	340	15.61	0.45	7.5	0.60	6.5	6.8	남서	226	10.1	1013.2	-	0	
2021-11-25 01:25:00	17.4	북북서	347	15.60	0.52	6.9	0.81	7.0	7.0	남서	220	10.1	1013.2	-	2	
2021-11-25 01:30:00	14.3	북북서	329	15.59	0.46	6.9	0.59	7.0	6.8	남서	220	10.1	1013.2	-	349	
2021-11-25 01:35:00	13.9	북북서	343	15.59	0.52	6.5	0.71	5.5	6.2	남서	223	10.1	1013.2	-	357	
2021-11-25 01:40:00	17.4	북북서	337	15.57	0.47	6.7	0.62	7.0	5.9	남서	222	10.2	1013.2	-	13	
2021-11-25 01:45:00	18.9	북북서	343	15.56	0.44	6.9	0.53	5.5	5.7	남서	218	10.3	1013.2	-	35	
2021-11-25 01:50:00	18.0	북북서	338	15.55	0.49	6.1	0.91	6.5	4.6	남남서	207	10.2	1013.2	-	358	
2021-11-25 01:55:00	15.7	북북서	329	15.54	0.44	6.8	0.61	6.0	5.1	남남서	211	10.2	1013.2	-	22	
2021-11-25 02:00:00	16.0	북북서	344	15.52	0.38	7.1	0.56	6.5	4.7	남서	221	10.3	1013.1	-	34	
2021-11-25 02:05:00	14.3	북북서	337	15.52	0.45	6.3	0.61	9.0	4.7	남서	216	10.4	1013.0	-	335	
2021-11-25 02:10:00	13.3	북북서	338	15.50	0.43	6.6	0.69	7.0	5.3	남서	218	10.4	1013.0	-	12	
2021-11-25 02:15:00	14.7	북북서	339	15.49	0.43	6.9	0.60	6.0	3.8	남서	224	10.2	1013.1	-	12	
2021-11-25 02:20:00	12.6	북북서	333	15.47	0.43	6.8	0.56	7.5	2.1	서남서	238	10.1	1013.1	-	15	
2021-11-25 02:25:00	12.2	북북서	336	15.46	0.44	6.8	0.72	7.0	3.2	남서	224	10.3	1013.0	-	11	
2021-11-25 02:30:00	15.4	북북서	335	15.44	0.50	6.5	0.70	6.0	2.9	남남서	201	10.4	1013.1	-	354	
2021-11-25 02:35:00	15.7	북북서	335	15.43	0.50	6.7	0.72	6.0	3.1	남남서	206	10.3	1013.0	-	11	
2021-11-25 02:40:00	14.5	북북서	341	15.42	0.49	6.2	0.60	5.5	2.9	남남서	212	10.3	1013.1	-	352	
2021-11-25 02:45:00	13.4	북북서	340	15.41	0.52	7.0	0.64	7.0	3.9	남남서	209	10.4	1013.1	-	0	
2021-11-25 02:50:00	16.2	북북서	333	15.42	0.52	6.4	0.74	7.5	3.8	남남서	192	10.3	1013.0	-	5	
2021-11-25 02:55:00	14.7	북북서	335	15.40	0.52	6.9	0.72	6.0	2.4	남남동	168	10.1	1013.1	-	20	
2021-11-25 03:00:00	15.2	북북서	344	15.40	0.57	6.3	0.87	6.0	2.9	남남서	194	10.2	1012.9	-	357	
2021-11-25 03:05:00	15.4	북북서	338	15.39	0.48	6.9	0.64	5.5	4.2	남남서	206	10.2	1012.9	-	9	
2021-11-25 03:10:00	14.1	북북서	343	15.39	0.46	7.0	0.64	7.5	3.8	남	169	10.1	1012.7	-	1	
2021-11-25 03:15:00	14.3	북북서	335	15.37	0.60	6.5	0.74	5.0	3.2	남	190	10.1	1012.8	-	30	
2021-11-25 03:20:00	14.7	북북서	331	15.37	0.57	6.3	0.73	7.0	1.8	남남동	156	10.2	1012.8	-	25	
2021-11-25 03:25:00	13.6	북북서	329	15.37	0.60	6.5	0.76	7.0	0.7	남남동	150	10.1	1012.8	-	356	
2021-11-25 03:30:00	12.3	북북서	336	15.37	0.59	6.5	0.89	6.0	1.6	남	174	10.2	1012.8	-	11	
2021-11-25 03:35:00	14.0	북북서	335	15.36	0.51	6.6	0.63	4.5	1.9	남남서	196	10.2	1012.9	-	352	
2021-11-25 03:40:00	12.2	북북서	346	15.35	0.54	6.9	0.71	7.5	3.2	남남서	197	10.2	1012.8	-	350	
2021-11-25 03:45:00	11.7	북북서	333	15.35	0.53	6.5	0.80	6.0	4.4	남남서	199	10.1	1012.7	-	3	
2021-11-25 03:50:00	13.0	북북서	338	15.35	0.52	7.1	0.67	8.0	3.8	남남서	202	10.0	1012.7	-	4	
2021-11-25 03:55:00	11.1	북북서	344	15.35	0.53	6.6	0.71	5.5	4.0	남남서	202	10.2	1012.6	-	4	
2021-11-25 04:00:00	10.5	북북서	345	15.35	0.46	6.4	0.56	7.5	3.3	남	189	10.3	1012.6	-	19	
2021-11-25 04:05:00	13.0	북북서	344	15.35	0.46	6.2	0.61	6.5	3.7	남남서	200	10.6	1012.5	-	11	
2021-11-25 04:10:00	9.0	북북서	342	15.34	0.52	7.7	0.76	9.0	3.6	남남서	198	10.5	1012.5	-	18	
2021-11-25 04:15:00	9.4	북	351	15.34	0.49	6.6	0.73	7.0	4.0	남남서	199	10.4	1012.5	-	6	
2021-11-25 04:20:00	9.7	북북서	342	15.35	0.45	6.8	0.64	6.0	2.8	남	187	10.3	1012.5	-	5	
2021-11-25 04:25:00	6.7	북서	317	15.34	0.55	6.6	0.84	6.5	2.5	남	188	10.3	1012.5	-	2	
2021-11-25 04:30:00	10.5	북서	324	15.34	0.44	5.9	0.58	6.0	2.1	남	184	10.4	1012.5	-	1	
2021-11-25 04:35:00	5.1	북서	326	15.33	0.51	6.4	0.67	7.0	2.5	남	180	10.4	1012.5	-	15	
2021-11-25 04:40:00	4.9	북북서	328	15.33	0.49	6.9	0.76	7.5	2.6	남	182	10.4	1012.5	-	348	
2021-11-25 04:45:00	7.2	북북서	337	15.31	0.47	6.9	0.72	7.0	1.8	남	181	10.4	1012.7	-	18	
2021-11-25 04:50:00	8.6	북북서	341	15.32	0.49	6.9	0.58	7.0	1.5	남남동	161	10.4	1012.6	-	24	
2021-11-25 04:55:00	5.9	북서	319	15.30	0.56	6.9	0.71	7.5	0.8	남남동	160	10.2	1012.6	-	16	
2021-11-25 05:00:00	4.8	북북서	347	15.30	0.51	6.5	0.66	5.0	0.6	남남동	167	10.2	1012.6	-	21	
2021-11-25 05:05:00	3.4	북	358	15.30	0.48	6.5	0.73	7.0	1.6	남	170	10.3	1012.6	-	11	
2021-11-25 05:10:00	4.6	북북서	342	15.29	0.48	6.6	0.77	7.0	3.8	남	186	10.5	1012.5	-	3	
2021-11-25 05:15:00	2.4	동북동	76	15.30	0.61	7.2	0.74	6.5	2.9	남	176	10.5	1012.5	-	61	
2021-11-25 05:20:00	3.6	북	355	15.28	0.57	7.1	1.03	6.5	3.1	남	187	10.6	1012.6	-	14	
2021-11-25 05:25:00	0.7	북북동	27	15.28	0.48	6.5	0.77	6.5	2.8	남	184	10.5	1012.7	-	4	
2021-11-25 05:30:00	2.5	북북동	26	15.28	0.46	6.3	0.58	7.0	3.2	남남서	199	10.6	1012.7	-	31	
2021-11-25 05:35:00	2.0	북	355	15.26	0.47	6.8	0.74	6.5	3.5	남남서	195	10.5	1012.7	-	20	
2021-11-25 05:40:00	2.9	북	357	15.26	0.48	7.1	0.75	6.5	3.4	남남서	192	10.6	1012.8	-	359	
2021-11-25 05:45:00	2.1	북동	37	15.25	0.47	6.6	0.60	6.5	3.3	남남서	198	10.6	1012.8	-	11	
2021-11-25 05:50:00	1.2	동남동	101	15.23	0.50	6.3	0.66	7.0	2.9	남	186	10.5	1012.8	-	350	
2021-11-25 05:55:00	0.8	남남서	203	15.22	0.53	6.7	0.69	7.0	1.8	남남서	192	10.6	1012.7	-	14	
2021-11-25 06:00:00	1.5	북	10	15.21	0.46	5.9	0.58	7.5	1.2	남남서	201	10.5	1012.8	-	14	
2021-11-25 06:05:00	2.3	남	181	15.21	0.48	5.7	0.66	6.5	1.6	서	263	10.4	1012.8	-	333	
2021-11-25 06:10:00	1.6	서	280	15.21	0.48	6.6	0.61	6.5	0.6	서북서	289	10.1	1012.9	-	13	
2021-11-25 06:15:00	1.3	남동	138	15.21	0.46	5.6	0.73	6.0	0.7	서북서	288	9.8	1012.9	-	354	
2021-11-25 06:20:00	0.6	서남서	243	15.21	0.45	5.9	0.62	6.5	0.3	남남서	201	9.6	1012.9	-	4	
2021-11-25 06:25:00	1.4	서북서	290	15.22	0.43	6.1	0.64	6.5	0.8	북북서	330	9.7	1012.9	-	345	
2021-11-25 06:30:00	1.5	북북서	335	15.22	0.50	6.1	0.64	6.0	0.6	북북서	343	9.8	1013.0	-	351	
2021-11-25 06:35:00	1.4	서	270	15.22	0.45	5.7	0.69	6.5	1.0	북북동	23	10.0	1013.1	-	21	
2021-11-25 06:40:00	3.9	서남서	256	15.23	0.55	6.7	0.80	7.0	0.6	남남동	155	10.4	1013.1	-	63	
2021-11-25 06:45:00	4.2	북북서	348	15.24	0.48	6.1	0.77	4.5	1.3	남서	227	10.1	1013.2	-	11	
2021-11-25 06:50:00	2.0	서	279	15.23	0.52	6.3	0.80	5.5	1.4	서남서	246	9.6	1013.3	-	16	
2021-11-25 06:55:00	2.5	남서	233	15.24	0.48	6.2	0.63	7.0	1.2	서남서	239	9.6	1013.3	-	5	
2021-11-25 07:00:00	0.1	남	178	15.25	0.44	6.1	0.58	6.0	1.4	서남서	244	9.8	1013.4	-	329	
2021-11-25 07:05:00	1.1	남서	235	15.25	0.51	6.3	0.64	5.0	1.4	서	268	10.2	1013.4	-	358	
2021-11-25 07:10:00	3.4	서	261	15.25	0.48	5.9	0.70	5.5	2.0	서남서	241	9.7	1013.4	-	5	
2021-11-25 07:15:00	3.8	서	269	15.25	0.47	5.8	0.63	7.0	2.1	남서	233	9.2	1013.5	-	8	
2021-11-25 07:20:00	4.1	남서	233	15.25	0.45	6.2	0.62	6.5	2.0	서남서	250	9.1	1013.6	-	5	
2021-11-25 07:25:00	1.4	남	177	15.25	0.42	6.8	0.51	6.5	0.7	서	259	9.2	1013.6	-	99	
2021-11-25 07:30:00	4.8	남서	217	15.25	0.46	5.0	0.76	7.0	0.2	남서	235	9.3	1013.7	-	39	
2021-11-25 07:35:00	3.3	남서	232	15.25	0.47	6.3	0.72	5.5	1.3	서북서	288	10.0	1013.7	-	43	
2021-11-25 07:40:00	0.8	서남서	254	15.25	0.47	5.5	0.68	4.5	1.4	북	357	10.5	1013.7	-	62	
2021-11-25 07:45:00	4.1	남서	217	15.24	0.52	6.0	0.76	5.0	1.3	서	275	10.4	1013.8	-	204	
2021-11-25 07:50:00	2.6	서남서	250	15.23	0.53	5.9	0.86	6.0	2.8	서	264	10.4	1013.8	-	17	
2021-11-25 07:55:00	1.8	남서	236	15.24	0.46	5.1	0.58	5.0	1.6	서남서	254	10.4	1013.9	-	29	
2021-11-25 08:00:00	2.7	남	169	15.24	0.53	6.1	0.77	5.0	2.2	서	272	10.5	1014.0	-	349	
2021-11-25 08:05:00	1.6	남남서	201	15.24	0.56	6.0	0.81	6.0	1.5	서	265	10.3	1014.0	-	12	
2021-11-25 08:10:00	2.6	서남서	247	15.24	0.57	5.6	0.99	5.0	3.3	서북서	298	10.5	1014.0	-	29	
2021-11-25 08:15:00	1.2	북	8	15.24	0.52	5.8	0.69	7.5	1.9	서북서	284	10.5	1014.1	-	33	
2021-11-25 08:20:00	1.2	동북동	75	15.23	0.56	5.7	0.66	8.0	2.8	서	273	10.6	1014.1	-	24	
2021-11-25 08:25:00	7.1	남	184	15.23	0.61	5.6	0.81	5.5	2.1	서북서	282	10.5	1014.2	-	11	
2021-11-25 08:30:00	9.6	남남동	150	15.23	0.58	5.7	0.76	6.0	1.3	서남서	256	10.5	1014.2	-	357	
2021-11-25 08:35:00	2.9	남	185	15.23	0.59	5.5	0.81	6.0	1.5	서	269	10.6	1014.2	-	14	
2021-11-25 08:40:00	3.4	남	178	15.23	0.59	6.2	0.81	5.5	0.4	남남서	199	10.7	1014.2	-	177	
2021-11-25 08:45:00	0.8	남동	125	15.22	0.67	5.9	0.81	7.0	0.2	북	357	11.0	1014.3	-	31	
2021-11-25 08:50:00	2.1	북서	319	15.22	0.61	5.8	0.89	8.5	2.0	서	264	11.0	1014.4	-	25	
2021-11-25 08:55:00	2.4	남서	216	15.22	0.59	4.8	0.84	3.5	1.2	서	261	10.9	1014.4	-	13	
2021-11-25 09:00:00	2.4	동북동	72	15.21	0.58	4.4	0.83	5.5	1.4	남남서	200	10.8	1014.4	-	136	
2021-11-25 09:05:00	2.6	남동	145	15.22	0.70	5.5	0.89	4.5	0.2	남남서	196	11.1	1014.4	-	25	
2021-11-25 09:10:00	0.9	남동	126	15.21	0.64	5.0	0.85	4.5	1.3	서	263	11.0	1014.4	-	312	
2021-11-25 09:15:00	3.3	남남동	151	15.21	0.70	4.8	0.97	5.0	0.8	서남서	254	10.9	1014.4	-	117	
2021-11-25 09:20:00	4.4	북동	36	15.22	0.72	5.3	1.01	5.0	1.3	서북서	295	10.6	1014.5	-	344	
2021-11-25 09:25:00	4.6	동남동	119	15.22	0.67	5.2	0.87	5.0	2.5	서북서	297	10.9	1014.4	-	22	
2021-11-25 09:30:00	2.3	서북서	299	15.23	0.60	5.2	0.82	5.5	3.0	북서	323	10.8	1014.5	-	45	
2021-11-25 09:35:00	3.0	남동	125	15.23	0.71	5.3	1.05	3.5	2.6	북북서	345	11.0	1014.6	-	158	
2021-11-25 09:40:00	1.6	남서	230	15.22	0.75	5.2	1.01	4.0	4.2	북북서	337	10.8	1014.5	-	16	
2021-11-25 09:45:00	1.7	남남서	209	15.22	0.62	5.2	0.83	3.5	2.4	서북서	293	10.8	1014.6	-	158	
2021-11-25 09:50:00	4.2	남동	140	15.22	0.68	5.4	0.90	4.5	1.8	북서	320	10.9	1014.6	-	22	
2021-11-25 09:55:00	2.8	남	172	15.22	0.69	5.6	0.88	6.5	1.7	서	271	11.1	1014.6	-	29	
2021-11-25 10:00:00	4.8	남남동	152	15.22	0.71	5.8	1.13	5.0	2.1	북서	324	11.4	1014.6	-	350	
2021-11-25 10:05:00	4.2	남남서	192	15.22	0.81	5.2	0.94	7.0	3.2	북서	305	11.5	1014.7	-	1	
2021-11-25 10:10:00	8.1	남	178	15.22	0.77	6.5	1.03	5.0	3.6	북서	304	11.1	1014.7	-	25	
2021-11-25 10:15:00	3.3	서	281	15.22	0.76	6.1	1.06	5.5	3.3	서북서	294	11.1	1014.8	-	38	
2021-11-25 10:20:00	5.6	남	180	15.22	0.65	5.8	0.86	4.5	2.3	북서	307	11.1	1014.8	-	6	
2021-11-25 10:25:00	3.7	북북서	343	15.21	0.72	5.8	0.94	7.0	2.2	서	276	11.4	1014.8	-	356	
2021-11-25 10:30:00	2.6	북북동	32	15.22	0.74	6.0	1.19	6.0	4.3	서북서	291	11.5	1014.8	-	8	
2021-11-25 10:35:00	3.3	서남서	245	15.22	0.66	5.4	0.99	4.5	5.2	북서	314	11.7	1014.7	-	352	
2021-11-25 10:40:00	1.6	남남동	161	15.22	0.76	5.0	1.01	7.0	8.8	북서	305	12.2	1014.6	-	352	
2021-11-25 10:45:00	8.7	북	10	15.21	0.76	5.8	1.14	4.5	9.3	북서	311	12.2	1014.6	-	10	
2021-11-25 10:50:00	2.6	북서	325	15.21	0.74	4.9	1.14	5.5	10.3	북서	322	12.1	1014.4	-	288	
2021-11-25 10:55:00	1.4	북북서	343	15.20	0.81	5.6	1.09	3.5	10.4	북서	320	12.2	1014.4	-	1	
2021-11-25 11:00:00	3.0	북서	307	15.20	0.80	6.0	0.98	5.0	10.4	북서	315	12.2	1014.4	-	356	
2021-11-25 11:05:00	3.3	북북서	349	15.20	0.77	4.8	1.01	3.0	11.0	북서	312	12.3	1014.3	-	347	
2021-11-25 11:10:00	0.5	동남동	108	15.20	0.81	5.8	1.19	5.5	10.6	북서	305	12.3	1014.4	-	16	
2021-11-25 11:15:00	1.3	남	170	15.20	0.84	5.4	1.19	7.0	10.7	서북서	302	12.3	1014.4	-	358	
2021-11-25 11:20:00	0.1	동북동	57	15.19	0.77	5.1	1.22	4.0	10.2	북서	307	12.3	1014.4	-	324	
2021-11-25 11:25:00	3.3	남서	219	15.19	0.81	5.6	1.09	5.0	9.4	북서	307	12.4	1014.4	-	17	
2021-11-25 11:30:00	1.7	남남동	159	15.19	0.81	5.2	1.03	5.5	10.9	북서	304	12.4	1014.2	-	314	
2021-11-25 11:35:00	1.8	남동	129	15.19	0.77	5.0	1.12	4.0	10.7	서북서	299	12.4	1014.1	-	13	
2021-11-25 11:40:00	3.8	남남동	152	15.18	0.74	4.8	1.00	3.5	9.7	서북서	296	12.3	1014.1	-	315	
2021-11-25 11:45:00	6.3	남서	228	15.18	0.79	4.9	1.06	3.5	10.0	서북서	301	12.4	1014.0	-	318	
2021-11-25 11:50:00	3.4	북북동	21	15.18	0.74	5.4	0.96	7.0	10.3	서북서	295	12.3	1013.8	-	7	
2021-11-25 11:55:00	3.6	동	95	15.16	0.71	4.3	1.18	6.5	10.8	서북서	299	12.4	1013.6	-	319	
2021-11-25 12:00:00	2.6	북북동	18	15.17	0.83	5.6	1.04	7.5	8.7	서북서	297	12.3	1013.7	-	25	
2021-11-25 12:05:00	2.1	남	190	15.16	0.75	5.5	0.97	5.5	8.7	북서	305	12.4	1013.6	-	293	
2021-11-25 12:10:00	1.6	서남서	246	15.17	0.72	5.0	1.03	4.5	9.2	북서	312	12.6	1013.6	-	358	
2021-11-25 12:15:00	1.9	남남서	210	15.17	0.72	4.9	1.05	4.5	6.9	북서	311	12.6	1013.7	-	325	
2021-11-25 12:20:00	3.0	동북동	68	15.17	0.65	5.2	0.89	5.5	8.3	북서	315	12.6	1013.5	-	6	
2021-11-25 12:25:00	2.0	동	80	15.17	0.64	4.7	1.04	7.0	8.7	북서	312	12.7	1013.6	-	111	
2021-11-25 12:30:00	3.9	북북동	11	15.16	0.72	4.9	1.03	5.5	9.9	북서	316	12.6	1013.5	-	71	
2021-11-25 12:35:00	3.1	남	183	15.16	0.72	5.1	1.18	6.5	10.0	북서	312	12.4	1013.6	-	344	
2021-11-25 12:40:00	3.2	북북동	19	15.16	0.79	5.4	1.13	5.0	9.8	북서	319	12.5	1013.6	-	341	
2021-11-25 12:45:00	1.5	남동	130	15.16	0.80	5.1	1.00	5.5	9.1	북서	322	12.5	1013.7	-	354	
2021-11-25 12:50:00	2.9	북동	52	15.16	0.74	4.8	1.00	5.0	9.8	북서	317	12.4	1013.7	-	126	
2021-11-25 12:55:00	2.1	서	275	15.16	0.76	5.0	1.05	6.5	9.6	북서	309	12.2	1013.8	-	33	
2021-11-25 13:00:00	4.0	북북동	14	15.16	0.69	5.4	0.96	4.0	10.8	북서	311	12.2	1013.6	-	147	
2021-11-25 13:05:00	2.7	서북서	286	15.16	0.69	6.2	1.22	7.5	10.3	북서	308	12.4	1013.8	-	33	
2021-11-25 13:10:00	2.2	서	281	15.16	0.72	5.4	0.86	7.5	9.5	서북서	302	12.3	1013.8	-	44	
2021-11-25 13:15:00	3.2	북북동	21	15.15	0.66	6.4	0.91	7.5	8.7	서북서	303	12.2	1013.9	-	19	
2021-11-25 13:20:00	1.9	서북서	285	15.16	0.67	5.9	0.92	7.0	8.3	북서	306	12.4	1013.8	-	30	
2021-11-25 13:25:00	4.0	서북서	298	15.16	0.75	6.1	1.17	6.5	10.3	북서	311	12.3	1013.6	-	55	
2021-11-25 13:30:00	4.6	북서	314	15.16	0.69	5.2	1.07	6.0	10.2	북서	305	12.4	1013.6	-	2	
2021-11-25 13:35:00	2.8	동	99	15.16	0.74	5.3	0.90	5.5	9.6	북서	309	12.4	1013.6	-	31	
2021-11-25 13:40:00	5.8	동	91	15.15	0.74	6.1	1.11	7.0	9.9	서북서	301	12.5	1013.5	-	356	
2021-11-25 13:45:00	3.8	북북동	15	15.15	0.81	5.9	1.04	4.5	8.2	서북서	294	12.6	1013.5	-	2	
2021-11-25 13:50:00	2.4	남동	128	15.15	0.64	5.8	0.85	8.0	11.3	서북서	301	12.4	1013.4	-	35	
2021-11-25 13:55:00	1.5	북	1	15.14	0.67	5.0	1.01	4.0	8.8	북서	305	12.4	1013.6	-	138	
2021-11-25 14:00:00	5.5	북북서	341	15.14	0.68	4.8	0.93	4.5	7.4	서북서	297	12.5	1013.7	-	21	
2021-11-25 14:05:00	1.2	북	8	15.14	0.65	5.3	0.83	7.0	7.1	북서	306	12.6	1013.7	-	24	
2021-11-25 14:10:00	3.9	북	5	15.14	0.62	5.0	0.82	6.5	7.3	서북서	301	12.5	1013.8	-	44	
2021-11-25 14:15:00	3.3	북북서	336	15.13	0.67	6.0	0.80	8.0	8.7	서북서	294	12.6	1013.8	-	353	
2021-11-25 14:20:00	3.2	동북동	64	15.13	0.65	5.8	0.79	5.5	8.3	서북서	293	12.4	1013.9	-	15	
2021-11-25 14:25:00	8.9	북	4	15.13	0.65	5.3	0.82	6.5	6.3	서북서	284	12.5	1014.0	-	23	
2021-11-25 14:30:00	3.3	서북서	302	15.12	0.70	5.8	1.03	4.5	5.8	서남서	256	12.6	1014.1	-	28	
2021-11-25 14:35:00	4.5	북	3	15.12	0.62	5.2	0.81	4.5	6.0	서남서	254	12.5	1014.1	-	4	
2021-11-25 14:40:00	7.6	북	8	15.13	0.64	5.6	0.88	6.5	6.1	서남서	245	12.6	1014.1	-	4	
2021-11-25 14:45:00	6.3	북북서	327	15.13	0.62	6.1	0.76	6.5	7.0	서	275	12.7	1014.2	-	0	
2021-11-25 14:50:00	7.6	북	354	15.12	0.62	6.5	0.86	6.0	5.7	서	268	12.6	1014.3	-	43	
2021-11-25 14:55:00	7.1	북북서	338	15.13	0.71	6.6	1.02	6.5	7.1	서북서	285	12.6	1014.3	-	34	
2021-11-25 15:00:00	8.7	북	352	15.12	0.70	6.3	0.80	6.5	7.4	서북서	297	12.5	1014.4	-	351	
2021-11-25 15:05:00	8.7	북북서	343	15.12	0.65	6.0	0.83	6.5	7.9	서북서	294	12.4	1014.4	-	15	
2021-11-25 15:10:00	-	-	-	-	0.00	0.0	0.00	0.0	6.8	서남서	246	12.5	1014.6	-	0	
2021-11-25 15:15:00	6.7	북서	324	15.12	0.74	5.6	1.12	6.0	6.4	서	277	12.5	1014.6	-	359	
2021-11-25 15:20:00	5.5	북	355	15.10	0.67	5.6	0.89	5.5	7.0	서북서	288	12.5	1014.6	-	355	
2021-11-25 15:25:00	2.2	서	273	15.10	0.68	6.0	0.88	5.5	6.7	서북서	291	12.4	1014.8	-	12	
2021-11-25 15:30:00	10.0	북서	325	15.07	0.70	6.1	0.85	7.0	6.2	서북서	291	12.4	1014.9	-	15	
2021-11-25 15:35:00	7.9	북서	310	15.05	0.71	6.5	0.96	6.0	7.2	서북서	303	12.2	1014.9	-	8	
2021-11-25 15:40:00	9.1	북북서	333	15.03	0.72	5.4	0.88	5.5	6.7	서북서	294	12.2	1015.0	-	355	
2021-11-25 15:45:00	11.6	북서	321	15.02	0.61	6.7	0.76	7.0	7.7	서북서	295	12.3	1015.0	-	356	
2021-11-25 15:50:00	13.5	북서	311	15.01	0.66	6.2	0.86	6.5	8.1	서북서	296	12.2	1014.9	-	359	
2021-11-25 15:55:00	21.8	북서	321	15.46	0.67	5.4	0.89	5.5	8.2	서북서	298	12.2	1015.0	-	18	
2021-11-25 16:00:00	27.0	북서	323	15.56	0.62	6.1	0.80	6.5	9.0	서북서	289	12.2	1015.0	-	3	
2021-11-25 16:05:00	32.4	북북서	329	15.58	0.65	6.3	0.93	6.0	8.7	서북서	282	12.1	1015.1	-	26	
2021-11-25 16:10:00	32.1	북북서	332	15.65	0.65	6.3	0.97	5.5	8.7	서	277	12.0	1015.1	-	350	
2021-11-25 16:15:00	39.4	북북서	332	15.99	0.64	6.1	0.89	5.5	9.4	서북서	293	12.0	1015.1	-	21	
2021-11-25 16:20:00	44.0	북북서	330	16.17	0.69	6.2	0.88	6.5	7.7	서북서	285	12.0	1015.3	-	10	
2021-11-25 16:25:00	47.4	북북서	332	16.38	0.68	6.1	0.77	6.0	9.3	서북서	286	11.9	1015.3	-	35	
2021-11-25 16:30:00	46.0	북북서	331	16.45	0.74	6.1	0.98	6.5	8.4	서북서	286	11.9	1015.4	-	353	
2021-11-25 16:35:00	45.9	북북서	337	16.59	0.65	6.3	0.80	5.5	8.3	서북서	285	11.8	1015.4	-	348	
2021-11-25 16:40:00	44.4	북북서	334	16.56	0.66	6.1	0.81	7.0	7.9	서북서	288	11.9	1015.5	-	28	
2021-11-25 16:45:00	42.9	북북서	335	16.47	0.66	6.3	0.88	5.5	7.0	서	280	11.6	1015.5	-	7	
2021-11-25 16:50:00	40.2	북북서	334	16.38	0.73	6.5	1.02	5.5	6.4	서	278	11.7	1015.6	-	14	
2021-11-25 16:55:00	38.4	북북서	331	16.38	0.68	6.8	0.85	7.0	6.0	서	277	11.4	1015.7	-	16	
2021-11-25 17:00:00	37.1	북북서	338	16.31	0.67	6.8	0.91	7.0	7.1	서	278	11.3	1015.8	-	349	
2021-11-25 17:05:00	37.5	북북서	334	16.26	0.75	6.1	1.05	7.0	8.3	서	270	11.4	1015.7	-	12	
2021-11-25 17:10:00	40.4	북서	323	16.38	0.71	6.3	1.05	6.0	6.9	서	273	11.4	1015.9	-	9	
2021-11-25 17:15:00	-	-	-	-	-	-	-	-	-	-	-	-	-	-	-	
2021-11-25 17:20:00	40.6	북서	325	16.60	0.69	4.9	1.39	4.9	4.1	서	272	11.0	1016.2	-	355	
2021-11-25 17:25:00	41.6	북북서	328	16.69	0.66	6.0	1.21	5.5	2.8	서	273	10.8	1016.3	-	23	
2021-11-25 17:30:00	40.9	북북서	327	16.73	0.72	6.9	1.01	7.0	1.8	서북서	285	10.6	1016.3	-	10	
2021-11-25 17:35:00	40.2	북북서	328	16.73	0.64	5.9	0.82	7.5	2.2	서북서	285	10.6	1016.4	-	16	
2021-11-25 17:40:00	36.7	북북서	333	16.72	0.91	6.4	1.11	7.0	2.2	서북서	301	10.8	1016.4	-	2	
2021-11-25 17:45:00	38.6	북북서	334	16.72	0.80	6.7	1.03	7.5	3.3	서남서	258	10.7	1016.5	-	9	
2021-11-25 17:50:00	36.8	북북서	335	16.73	0.82	6.5	1.42	6.5	2.7	남남서	201	10.6	1016.6	-	23	
2021-11-25 17:55:00	34.5	북북서	335	16.70	0.68	6.3	1.08	7.0	1.4	남남서	205	10.5	1016.8	-	22	
2021-11-25 18:00:00	40.3	북북서	328	16.72	0.80	5.9	1.28	6.0	1.3	남남서	200	10.5	1016.9	-	16	
2021-11-25 18:05:00	39.3	북서	323	16.76	0.65	6.3	0.96	5.0	3.3	남서	228	10.5	1017.0	-	10	
2021-11-25 18:10:00	41.1	북서	324	16.81	0.74	6.1	1.09	6.0	3.3	남서	228	10.5	1017.1	-	14	
2021-11-25 18:15:00	41.1	북서	319	16.91	0.74	6.0	1.08	6.0	3.7	남서	228	10.5	1017.1	-	353	
2021-11-25 18:20:00	40.5	북북서	327	16.91	0.69	6.1	0.90	5.5	3.4	남서	232	10.5	1017.2	-	29	
2021-11-25 18:25:00	40.0	북서	326	16.86	0.68	6.9	0.91	6.5	4.0	남서	236	10.5	1017.2	-	355	
2021-11-25 18:30:00	36.1	북북서	332	16.91	0.68	6.4	0.84	5.5	2.9	남서	223	10.4	1017.2	-	332	
2021-11-25 18:35:00	35.7	북북서	332	16.91	0.68	6.4	0.99	6.0	4.2	남서	230	10.4	1017.2	-	19	
2021-11-25 18:40:00	34.2	북북서	338	16.90	0.77	6.5	0.98	6.0	4.9	남서	225	10.4	1017.2	-	22	
2021-11-25 18:45:00	33.7	북북서	339	16.91	0.66	5.4	0.89	5.0	4.1	남서	236	10.4	1017.2	-	346	
2021-11-25 18:50:00	32.6	북북서	339	16.92	0.69	5.7	0.92	6.0	3.7	남서	226	10.5	1017.2	-	353	
2021-11-25 18:55:00	28.4	북북서	338	16.91	0.69	6.0	0.84	7.0	5.1	남서	236	10.4	1017.2	-	12	
2021-11-25 19:00:00	31.7	북북서	337	16.87	0.65	5.9	0.92	7.0	5.0	서남서	244	10.4	1017.2	-	12	
2021-11-25 19:05:00	27.0	북북서	331	16.89	0.75	5.7	1.15	5.5	4.3	서남서	241	10.4	1017.3	-	12	
2021-11-25 19:10:00	29.3	북북서	329	16.87	0.77	6.6	1.27	6.0	4.7	서남서	247	10.3	1017.4	-	13	
2021-11-25 19:15:00	31.2	북북서	334	16.87	0.67	6.1	0.95	5.5	5.0	서남서	246	10.2	1017.4	-	12	
2021-11-25 19:20:00	29.6	북북서	326	16.87	0.66	6.1	0.82	6.5	6.5	서남서	250	10.1	1017.4	-	358	
2021-11-25 19:25:00	27.3	북북서	328	16.85	0.66	6.6	1.10	5.5	6.7	서남서	248	10.1	1017.4	-	29	
2021-11-25 19:30:00	23.3	북북서	340	16.86	0.75	6.3	1.04	6.0	6.5	서남서	257	10.0	1017.5	-	3	
2021-11-25 19:35:00	28.5	북북서	339	16.85	0.72	6.1	0.99	7.5	5.7	서	259	10.1	1017.6	-	355	
2021-11-25 19:40:00	21.2	북북서	343	16.81	0.74	6.0	1.05	5.5	6.3	서남서	246	9.9	1017.6	-	45	
2021-11-25 19:45:00	23.6	북북서	338	16.78	0.71	6.2	1.14	6.0	5.0	서남서	249	10.2	1017.7	-	14	
2021-11-25 19:50:00	22.3	북북서	346	16.74	0.90	6.3	1.30	6.0	5.2	서남서	249	9.7	1017.7	-	13	
2021-11-25 19:55:00	24.1	북북서	339	16.70	0.75	6.3	1.10	6.5	5.8	서남서	248	9.4	1017.8	-	11	
2021-11-25 20:00:00	22.8	북북서	349	16.65	0.67	6.4	1.05	8.0	5.3	서남서	246	9.7	1017.9	-	7	
2021-11-25 20:05:00	17.9	북	357	16.60	0.66	6.6	1.01	6.0	5.3	서남서	244	9.5	1017.9	-	6	
2021-11-25 20:10:00	22.7	북	353	16.54	0.75	6.4	1.15	5.5	5.9	남서	230	9.4	1017.9	-	23	
2021-11-25 20:15:00	18.0	북	355	16.49	0.63	6.3	0.94	6.0	6.4	남서	231	9.4	1018.0	-	40	
2021-11-25 20:20:00	15.5	북	9	16.42	0.73	6.2	0.98	6.0	6.1	남서	231	9.3	1018.0	-	26	
2021-11-25 20:25:00	20.8	북	357	16.33	0.93	6.5	1.23	6.5	5.8	남서	230	9.3	1018.1	-	9	
2021-11-25 20:30:00	20.9	북	353	16.24	0.73	6.3	1.10	5.5	5.5	남서	229	9.1	1018.1	-	359	
2021-11-25 20:35:00	19.4	북	353	16.17	0.64	6.7	0.82	7.5	4.8	남서	230	9.0	1018.2	-	34	
2021-11-25 20:40:00	18.6	북	359	16.12	0.73	6.3	1.11	7.5	4.3	남서	231	8.9	1018.4	-	26	
2021-11-25 20:45:00	19.5	북	2	16.07	0.68	6.5	0.88	6.5	4.0	남서	232	8.7	1018.4	-	12	
2021-11-25 20:50:00	16.9	북	7	16.03	0.82	6.6	1.08	6.0	4.5	남서	232	8.8	1018.5	-	27	
2021-11-25 20:55:00	17.4	북	360	16.00	0.70	6.4	1.05	5.0	3.8	남서	229	8.8	1018.6	-	4	
2021-11-25 21:00:00	18.8	북	2	15.98	0.69	6.6	0.92	5.5	4.3	남서	228	8.7	1018.6	-	357	
2021-11-25 21:05:00	17.6	북	3	15.96	0.74	6.5	1.07	6.5	3.9	남서	231	8.7	1018.6	-	13	
2021-11-25 21:10:00	14.6	북	4	15.91	0.71	6.9	1.06	6.0	3.4	남서	226	8.7	1018.7	-	13	
2021-11-25 21:15:00	13.6	북	3	15.87	0.74	6.2	1.00	5.5	3.1	남서	234	8.6	1018.7	-	20	
2021-11-25 21:20:00	15.0	북	2	15.83	0.83	6.7	1.14	7.0	3.9	서남서	244	8.6	1018.7	-	11	
2021-11-25 21:25:00	11.0	북	357	15.81	0.83	7.0	1.28	6.0	4.1	서남서	243	8.6	1018.7	-	10	
2021-11-25 21:30:00	13.0	북	351	15.80	0.85	6.9	1.20	6.5	4.7	서남서	246	8.6	1018.7	-	16	
2021-11-25 21:35:00	18.5	북서	320	15.82	0.76	6.5	0.95	7.0	4.1	서남서	243	8.5	1018.8	-	12	
2021-11-25 21:40:00	30.0	북서	313	16.14	0.80	6.9	1.03	6.5	3.6	서남서	242	8.5	1018.8	-	19	
2021-11-25 21:45:00	34.4	북서	318	16.51	0.74	6.8	0.95	6.5	3.9	서남서	241	8.5	1018.9	-	10	
2021-11-25 21:50:00	38.2	북서	321	16.62	0.70	6.7	1.05	6.5	3.0	서남서	245	8.4	1018.9	-	17	
2021-11-25 21:55:00	36.2	북서	315	16.71	0.81	6.6	1.07	5.5	3.3	서남서	243	8.5	1019.0	-	6	
2021-11-25 22:00:00	37.1	북서	319	16.79	0.86	7.1	1.14	7.5	3.6	서남서	244	8.5	1019.0	-	21	
2021-11-25 22:05:00	35.7	북북서	330	16.79	0.86	6.7	1.11	7.0	2.5	남서	223	8.4	1019.1	-	6	
2021-11-25 22:10:00	40.9	북북서	327	16.76	0.81	6.2	1.45	6.0	2.2	남남서	210	8.3	1019.1	-	10	
2021-11-25 22:15:00	42.7	북북서	332	16.78	0.93	6.3	1.29	6.5	1.8	남남서	200	8.2	1019.1	-	17	
2021-11-25 22:20:00	38.3	북북서	336	16.91	0.83	6.5	1.15	7.0	1.9	남남서	200	8.1	1019.1	-	12	
2021-11-25 22:25:00	39.9	북북서	333	16.95	0.84	6.6	1.01	6.5	2.3	남남서	202	8.1	1019.2	-	26	
2021-11-25 22:30:00	38.4	북북서	336	16.86	1.07	6.4	1.46	7.0	1.5	남남서	192	8.0	1019.2	-	17	
2021-11-25 22:35:00	44.9	북북서	333	17.06	0.88	6.9	1.27	5.5	1.6	남남서	193	8.1	1019.2	-	16	
2021-11-25 22:40:00	40.5	북북서	334	17.21	0.85	6.5	1.45	7.5	1.0	남남서	206	8.0	1019.2	-	12	
2021-11-25 22:45:00	42.6	북북서	329	17.24	0.70	6.6	1.13	7.0	0.5	남남서	212	8.0	1019.2	-	16	
2021-11-25 22:50:00	42.5	북북서	328	17.28	0.85	6.5	1.17	7.0	1.8	남	190	8.2	1019.2	-	14	
2021-11-25 22:55:00	42.8	북북서	328	17.29	0.88	6.8	1.22	5.5	2.3	남남서	202	8.3	1019.2	-	21	
2021-11-25 23:00:00	43.5	북북서	329	17.29	0.87	6.5	1.23	5.5	1.5	남남서	203	8.2	1019.2	-	18	
2021-11-25 23:05:00	40.0	북북서	331	17.29	0.74	6.4	0.98	5.5	1.7	남서	229	8.3	1019.2	-	10	
2021-11-25 23:10:00	36.6	북북서	329	17.27	1.05	6.7	1.59	7.0	1.8	남서	230	8.3	1019.1	-	27	
2021-11-25 23:15:00	40.3	북북서	335	17.22	0.92	6.5	1.18	6.0	1.2	서	269	8.3	1019.1	-	21	
2021-11-25 23:20:00	35.2	북북서	333	17.16	0.81	6.7	1.05	6.0	1.5	서남서	237	8.2	1019.1	-	29	
2021-11-25 23:25:00	34.1	북서	325	17.13	0.88	6.6	1.42	7.0	2.7	남서	225	8.2	1019.0	-	11	
2021-11-25 23:30:00	33.2	북북서	329	17.10	0.91	6.3	1.28	5.0	2.0	남서	226	8.2	1019.1	-	7	
2021-11-25 23:35:00	29.7	북북서	330	17.01	0.85	6.5	1.34	6.5	1.8	남서	232	8.2	1019.1	-	30	
2021-11-25 23:40:00	29.4	북북서	330	16.95	0.84	6.5	1.09	6.5	1.7	남서	225	8.1	1019.1	-	357	
2021-11-25 23:45:00	29.3	북북서	333	16.97	0.78	6.9	1.23	6.0	2.1	남서	214	8.1	1019.1	-	6	
2021-11-25 23:50:00	26.5	북북서	333	16.97	0.79	6.3	1.15	6.5	2.9	남서	223	8.1	1019.1	-	14	
2021-11-25 23:55:00	28.5	북북서	333	16.91	0.80	6.3	1.17	7.0	3.1	남서	234	8.1	1019.1	-	22	
2021-11-26 00:00:00	26.4	북북서	331	16.93	0.91	6.8	1.27	6.5	2.0	서남서	248	8.1	1019.1	-	20	
2021-11-26 00:05:00	25.3	북북서	332	16.89	0.86	6.2	1.18	6.5	2.7	서	263	8.1	1019.1	-	15	
2021-11-26 00:10:00	31.2	북북서	327	16.83	0.86	6.4	1.35	6.0	4.1	북서	315	8.2	1019.1	-	21	
2021-11-26 00:15:00	26.5	북북서	334	16.79	0.89	6.3	1.30	5.5	5.8	서북서	294	8.2	1019.1	-	358	
2021-11-26 00:20:00	23.9	북북서	330	16.74	0.94	6.6	1.22	7.0	6.2	서북서	297	8.4	1019.0	-	30	
2021-11-26 00:25:00	28.1	북북서	331	16.72	0.88	6.5	1.11	6.0	5.9	서북서	302	8.4	1019.0	-	40	
2021-11-26 00:30:00	30.9	북북서	332	16.68	0.96	6.7	1.20	6.5	5.4	서북서	290	8.5	1019.0	-	15	
2021-11-26 00:35:00	26.6	북북서	328	16.70	0.79	6.4	1.14	6.5	5.3	서	281	8.2	1019.0	-	5	
2021-11-26 00:40:00	31.5	북서	320	16.73	0.82	6.3	1.22	6.5	5.6	서북서	284	8.1	1019.1	-	12	
2021-11-26 00:45:00	25.3	북서	318	16.73	0.94	6.3	1.45	6.0	5.5	서북서	283	8.2	1019.2	-	26	
2021-11-26 00:50:00	25.7	북북서	335	16.75	0.95	6.5	1.48	5.0	5.8	서북서	288	8.0	1019.2	-	24	
2021-11-26 00:55:00	26.8	북북서	333	16.77	0.93	6.1	1.27	6.0	6.3	서북서	293	8.3	1019.3	-	32	
2021-11-26 01:00:00	26.3	북북서	336	16.79	0.82	6.7	1.11	6.5	5.3	서북서	283	8.1	1019.3	-	46	
2021-11-26 01:05:00	26.5	북서	324	16.82	0.82	6.6	1.07	6.5	4.7	서남서	255	7.9	1019.4	-	43	
2021-11-26 01:10:00	29.0	북서	323	16.83	0.82	6.2	1.15	7.0	4.4	서남서	243	7.7	1019.4	-	16	
2021-11-26 01:15:00	29.7	북서	319	16.82	0.98	6.4	1.45	6.0	4.0	서남서	239	7.6	1019.5	-	19	
2021-11-26 01:20:00	26.4	북북서	334	16.81	0.76	6.6	1.16	5.0	3.7	남서	218	7.7	1019.5	-	356	
2021-11-26 01:25:00	27.4	북서	322	16.81	0.90	6.3	1.16	7.0	4.2	남서	219	7.7	1019.5	-	6	
2021-11-26 01:30:00	25.7	북서	322	16.80	0.76	6.5	0.99	7.0	4.8	남서	222	7.4	1019.5	-	35	
2021-11-26 01:35:00	25.6	북서	324	16.81	0.90	6.1	1.19	6.0	4.7	남서	219	7.2	1019.6	-	5	
2021-11-26 01:40:00	28.1	북북서	335	16.79	0.85	6.3	1.12	5.5	4.1	남서	221	6.9	1019.6	-	31	
2021-11-26 01:45:00	26.0	북북서	332	16.80	0.86	6.2	1.10	6.5	4.1	남서	216	7.0	1019.6	-	11	
2021-11-26 01:50:00	28.4	북북서	331	16.78	0.89	5.8	1.01	6.0	3.8	서남서	238	6.8	1019.7	-	3	
2021-11-26 01:55:00	26.6	북북서	342	16.79	0.80	6.2	1.02	7.0	3.5	남서	223	6.9	1019.8	-	19	
2021-11-26 02:00:00	28.1	북북서	346	16.78	0.86	6.3	1.45	6.5	3.4	남서	229	6.9	1019.8	-	16	
2021-11-26 02:05:00	24.5	북북서	332	16.78	0.68	6.3	1.13	7.0	3.6	남서	230	6.6	1019.8	-	8	
2021-11-26 02:10:00	27.6	북북서	333	16.79	0.92	6.4	1.56	6.0	3.7	남서	227	6.6	1019.9	-	17	
2021-11-26 02:15:00	28.8	북북서	332	16.76	0.91	6.8	1.16	7.0	2.5	남서	230	6.4	1019.9	-	27	
2021-11-26 02:20:00	26.7	북북서	337	16.74	0.91	6.2	1.32	6.5	2.7	서남서	242	6.5	1020.0	-	21	
2021-11-26 02:25:00	34.9	북북서	333	16.79	0.82	6.4	1.07	8.0	2.8	남서	234	6.4	1020.0	-	28	
2021-11-26 02:30:00	34.4	북북서	329	16.81	0.93	6.2	1.34	6.5	2.3	남서	236	6.3	1020.1	-	34	
2021-11-26 02:35:00	36.8	북북서	330	16.86	1.11	6.4	1.30	7.5	2.3	서남서	239	6.3	1020.1	-	58	
2021-11-26 02:40:00	32.0	북북서	328	16.83	1.03	6.7	1.29	6.5	2.9	서남서	238	6.5	1020.2	-	22	
2021-11-26 02:45:00	39.6	북서	325	16.80	0.86	7.4	1.35	7.0	3.4	서남서	239	6.5	1020.1	-	46	
2021-11-26 02:50:00	38.3	북서	326	16.89	0.84	6.6	1.35	6.0	4.4	남서	233	6.7	1020.1	-	65	
2021-11-26 02:55:00	38.6	북서	326	16.91	1.05	6.5	1.33	6.0	4.9	남서	232	6.7	1020.1	-	11	
2021-11-26 03:00:00	39.4	북서	319	16.89	0.90	6.3	1.20	5.5	4.6	서남서	239	6.5	1020.1	-	45	
2021-11-26 03:05:00	38.4	북북서	327	16.87	1.00	6.5	1.35	6.0	4.2	서남서	245	6.5	1020.2	-	7	
2021-11-26 03:10:00	38.5	북서	325	16.91	0.94	6.3	1.45	5.0	5.0	서남서	243	6.2	1020.2	-	27	
2021-11-26 03:15:00	35.2	북서	320	16.89	0.96	6.1	1.29	5.5	5.0	서남서	245	6.0	1020.3	-	7	
2021-11-26 03:20:00	36.6	북서	325	16.87	1.06	5.8	1.43	6.5	5.1	서남서	241	5.9	1020.3	-	25	
2021-11-26 03:25:00	36.8	북서	326	16.83	1.03	6.2	1.30	5.5	5.0	서남서	246	5.8	1020.4	-	19	
2021-11-26 03:30:00	33.5	북북서	327	16.86	0.92	5.9	1.16	7.0	5.2	서남서	242	5.8	1020.4	-	33	
2021-11-26 03:35:00	32.8	북북서	333	16.85	0.95	6.6	1.28	7.0	5.7	서남서	246	5.8	1020.5	-	24	
2021-11-26 03:40:00	33.2	북북서	330	16.84	0.88	5.8	1.14	5.0	5.0	서남서	244	5.8	1020.5	-	27	
2021-11-26 03:45:00	42.5	북북서	332	16.89	0.85	6.3	1.28	6.0	5.6	서남서	241	6.0	1020.5	-	18	
2021-11-26 03:50:00	37.7	북북서	326	16.91	0.85	6.4	1.43	6.0	5.1	서남서	253	5.8	1020.6	-	33	
2021-11-26 03:55:00	43.6	북북서	329	16.94	1.02	6.8	1.57	5.5	4.6	서남서	248	6.0	1020.6	-	8	
2021-11-26 04:00:00	46.0	북북서	330	17.12	1.16	6.8	1.53	6.0	5.8	서남서	241	6.2	1020.6	-	27	
2021-11-26 04:05:00	49.3	북북서	329	17.22	1.03	6.2	1.70	6.5	5.1	서남서	244	6.0	1020.6	-	44	
2021-11-26 04:10:00	49.1	북북서	328	17.25	1.06	6.6	1.24	7.5	5.2	서남서	243	5.8	1020.6	-	40	
2021-11-26 04:15:00	55.0	북서	324	17.26	1.04	6.4	1.51	6.0	6.1	서남서	244	6.1	1020.5	-	39	
2021-11-26 04:20:00	51.3	북서	324	17.30	1.10	6.7	1.88	6.5	6.5	서남서	242	6.3	1020.5	-	42	
2021-11-26 04:25:00	52.6	북서	325	17.32	1.13	6.4	1.56	7.5	5.9	서남서	242	6.3	1020.6	-	43	
2021-11-26 04:30:00	55.4	북서	322	17.30	1.09	6.4	1.31	6.5	5.4	서남서	245	6.2	1020.5	-	0	
2021-11-26 04:35:00	55.6	북서	321	17.31	1.11	6.2	1.80	6.0	6.0	서남서	242	6.2	1020.6	-	11	
2021-11-26 04:40:00	52.8	북서	323	17.28	1.00	6.1	1.35	5.5	5.4	서남서	244	5.8	1020.7	-	29	
2021-11-26 04:45:00	49.7	북서	325	17.29	1.01	6.8	1.23	6.0	5.5	서남서	239	5.8	1020.7	-	19	
2021-11-26 04:50:00	53.0	북서	326	17.28	0.99	6.3	1.36	5.5	4.6	남서	234	6.0	1020.9	-	19	
2021-11-26 04:55:00	49.9	북서	323	17.28	1.08	6.0	1.85	6.0	5.3	서남서	242	5.9	1020.9	-	24	
2021-11-26 05:00:00	51.3	북서	323	17.28	1.02	6.2	1.39	6.0	5.9	서남서	250	5.8	1021.0	-	28	
2021-11-26 05:05:00	50.5	북서	324	17.29	1.03	6.6	1.53	7.0	5.6	서남서	238	5.5	1021.0	-	34	
2021-11-26 05:10:00	51.0	북북서	332	17.28	1.06	6.5	1.64	6.5	5.7	서남서	248	5.6	1021.1	-	24	
2021-11-26 05:15:00	49.4	북서	325	17.29	1.06	6.2	1.49	5.5	5.8	서남서	248	6.0	1021.1	-	356	
2021-11-26 05:20:00	46.7	북서	324	17.30	1.04	6.5	1.45	6.0	5.0	서남서	252	5.8	1021.1	-	18	
2021-11-26 05:25:00	45.0	북서	322	17.30	1.05	6.7	1.60	5.5	5.1	서남서	247	6.1	1021.2	-	1	
2021-11-26 05:30:00	46.7	북서	324	17.30	0.99	6.7	1.35	6.5	5.2	서남서	255	6.2	1021.2	-	22	
2021-11-26 05:35:00	42.9	북북서	331	17.32	0.96	6.3	1.34	6.0	5.1	서	263	6.4	1021.3	-	7	
2021-11-26 05:40:00	46.4	북북서	328	17.35	1.04	5.5	1.54	6.5	4.6	서	262	6.4	1021.3	-	16	
2021-11-26 05:45:00	43.2	북북서	330	17.35	0.92	6.4	1.11	7.0	3.7	서	259	6.4	1021.4	-	12	
2021-11-26 05:50:00	40.3	북서	326	17.36	0.82	6.4	1.08	5.0	3.7	서남서	249	6.3	1021.4	-	15	
2021-11-26 05:55:00	41.3	북북서	330	17.37	1.01	6.6	1.26	6.0	3.2	서남서	247	6.4	1021.4	-	359	
2021-11-26 06:00:00	37.4	북서	318	17.36	0.96	6.2	1.54	5.5	3.6	서남서	258	6.4	1021.4	-	34	
2021-11-26 06:05:00	39.0	북서	324	17.37	0.88	6.5	1.33	5.0	3.8	서남서	241	6.5	1021.5	-	21	
2021-11-26 06:10:00	39.5	북서	318	17.38	1.00	6.4	1.47	8.0	4.7	서남서	239	6.5	1021.5	-	34	
2021-11-26 06:15:00	34.7	북서	320	17.38	0.93	6.6	1.55	6.0	4.5	남서	235	6.5	1021.6	-	30	
2021-11-26 06:20:00	32.5	북서	319	17.40	1.02	6.8	1.34	7.0	3.9	남서	230	6.3	1021.7	-	20	
2021-11-26 06:25:00	32.2	북서	320	17.40	0.98	6.3	1.09	6.5	3.1	남서	219	6.5	1021.8	-	23	
2021-11-26 06:30:00	31.6	북서	316	17.42	0.90	6.3	1.13	6.0	3.0	남서	223	6.4	1021.9	-	31	
2021-11-26 06:35:00	29.3	북서	316	17.44	0.93	6.3	1.19	7.0	3.1	남서	226	6.4	1021.9	-	26	
2021-11-26 06:40:00	31.0	북서	307	17.45	1.11	6.3	1.35	7.0	3.3	남서	220	6.1	1022.0	-	13	
2021-11-26 06:45:00	32.4	북서	316	17.49	0.84	6.6	0.99	7.0	3.5	남서	235	6.0	1022.0	-	37	
2021-11-26 06:50:00	27.3	북서	305	17.51	0.96	6.3	1.40	5.0	3.6	서남서	239	5.9	1022.0	-	11	
2021-11-26 06:55:00	29.3	북서	315	17.51	0.77	6.4	1.15	5.0	4.2	서남서	238	5.9	1022.0	-	6	
2021-11-26 07:00:00	24.1	북서	307	17.52	0.87	6.1	1.23	5.5	4.1	서남서	237	5.8	1022.0	-	16	
2021-11-26 07:05:00	24.4	북서	315	17.53	0.98	7.3	1.37	6.5	4.4	서남서	237	6.0	1022.0	-	18	
2021-11-26 07:10:00	22.8	북서	317	17.53	1.06	6.9	1.59	7.0	4.2	남서	232	6.3	1022.0	-	11	
2021-11-26 07:15:00	19.8	북서	310	17.54	0.82	5.9	1.30	6.5	4.4	남서	231	6.3	1022.1	-	28	
2021-11-26 07:20:00	18.3	북서	312	17.54	0.95	6.6	1.38	6.5	4.4	남서	231	6.2	1022.1	-	9	
2021-11-26 07:25:00	21.0	북서	307	17.55	0.93	7.0	1.27	6.5	3.6	남서	234	6.3	1022.2	-	17	
2021-11-26 07:30:00	22.7	북서	317	17.55	0.79	6.5	1.04	7.0	3.6	남서	224	6.5	1022.3	-	37	
2021-11-26 07:35:00	21.1	북서	307	17.56	0.83	6.5	1.11	6.5	2.8	남서	235	6.7	1022.3	-	30	
2021-11-26 07:40:00	19.4	북서	307	17.57	0.97	6.0	1.25	7.5	3.0	서남서	240	6.8	1022.4	-	354	
2021-11-26 07:45:00	19.2	북서	308	17.58	0.91	6.5	1.26	6.5	2.5	남서	215	6.6	1022.4	-	28	
2021-11-26 07:50:00	14.7	서북서	301	17.58	0.87	6.1	1.19	4.5	2.7	남남서	213	6.6	1022.5	-	44	
2021-11-26 07:55:00	15.3	서북서	303	17.59	0.97	6.6	1.34	6.0	2.9	남서	224	6.4	1022.6	-	40	
2021-11-26 08:00:00	11.3	서북서	292	17.59	0.92	6.5	1.33	6.0	2.9	남서	229	6.3	1022.7	-	42	
2021-11-26 08:05:00	8.2	서북서	302	17.59	0.96	6.5	1.19	5.0	2.8	남서	225	6.3	1022.7	-	28	
2021-11-26 08:10:00	15.9	서북서	290	17.60	0.90	6.0	1.17	5.0	2.9	서	269	6.6	1022.7	-	7	
2021-11-26 08:15:00	11.3	북서	315	17.59	0.98	7.1	1.18	6.0	6.5	서북서	297	7.7	1022.6	-	7	
2021-11-26 08:20:00	6.9	서북서	287	17.57	1.01	6.6	1.24	6.0	6.8	서북서	294	7.8	1022.7	-	27	
2021-11-26 08:25:00	8.4	서북서	298	17.56	0.98	6.1	1.44	6.0	7.4	서북서	292	7.9	1022.7	-	0	
2021-11-26 08:30:00	5.3	서북서	287	17.57	0.96	6.3	1.31	6.0	6.8	서북서	295	8.0	1022.7	-	358	
2021-11-26 08:35:00	7.9	서	271	17.55	1.05	6.1	1.56	5.5	6.4	서북서	294	8.2	1022.7	-	351	
2021-11-26 08:40:00	5.9	서남서	247	17.54	1.04	6.8	1.36	8.0	7.2	서북서	298	8.3	1022.7	-	13	
2021-11-26 08:45:00	8.6	서	271	17.53	0.92	5.9	1.19	6.5	7.8	서북서	301	8.2	1022.7	-	12	
2021-11-26 08:50:00	5.0	서	263	17.52	1.07	6.3	1.71	7.0	7.9	서북서	302	8.3	1022.7	-	14	
2021-11-26 08:55:00	3.2	남	186	17.51	1.05	7.2	1.14	7.0	8.4	서북서	298	8.4	1022.6	-	40	
2021-11-26 09:00:00	8.3	남서	235	17.51	1.10	6.9	1.47	7.0	8.5	서북서	297	8.4	1022.6	-	9	
2021-11-26 09:05:00	2.4	북북서	329	17.51	0.95	6.3	1.30	8.5	7.8	서북서	302	8.6	1022.6	-	22	
2021-11-26 09:10:00	5.0	남남서	206	17.48	0.90	5.9	1.18	5.5	7.6	서북서	303	8.6	1022.7	-	13	
2021-11-26 09:15:00	6.1	남남서	191	17.48	0.83	6.0	1.17	4.5	8.1	서북서	303	8.7	1022.7	-	10	
2021-11-26 09:20:00	6.8	남서	219	17.47	0.86	6.6	1.22	6.0	7.9	서북서	303	8.8	1022.8	-	33	
2021-11-26 09:25:00	2.9	남남동	148	17.46	0.91	6.4	1.62	7.0	9.1	북서	307	9.0	1022.7	-	7	
2021-11-26 09:30:00	10.4	남	178	17.46	1.12	7.3	1.74	7.0	9.5	북서	307	9.1	1022.6	-	22	
2021-11-26 09:35:00	7.4	남	186	17.45	0.97	6.5	1.32	7.0	9.6	서북서	302	9.3	1022.6	-	30	
2021-11-26 09:40:00	11.3	남남동	160	17.44	0.90	6.6	1.10	6.5	11.4	서북서	302	9.3	1022.5	-	16	
2021-11-26 09:45:00	9.1	남	187	17.44	1.18	6.9	1.52	8.5	10.5	서북서	303	9.4	1022.6	-	20	
2021-11-26 09:50:00	12.7	남남동	158	17.43	1.02	6.9	1.24	7.5	11.9	북서	311	9.4	1022.5	-	11	
2021-11-26 09:55:00	16.3	남남동	148	17.42	1.11	6.9	1.76	7.0	10.6	북서	305	9.3	1022.6	-	25	
2021-11-26 10:00:00	16.5	남남동	154	17.42	1.15	6.5	1.42	6.0	11.3	북서	307	9.6	1022.7	-	25	
2021-11-26 10:05:00	13.2	남남동	162	17.41	1.13	6.2	1.51	6.5	11.3	서북서	302	9.5	1022.7	-	6	
2021-11-26 10:10:00	21.7	남남동	156	17.41	1.10	6.6	1.40	7.5	11.2	북서	308	9.5	1022.7	-	19	
2021-11-26 10:15:00	19.7	남남동	161	17.41	1.09	6.5	1.29	6.5	12.0	북서	307	9.5	1022.7	-	35	
2021-11-26 10:20:00	22.2	남남동	151	17.40	1.02	6.4	1.39	7.5	12.1	북서	308	9.6	1022.7	-	19	
2021-11-26 10:25:00	21.9	남남동	148	17.39	1.10	6.8	1.60	5.5	11.7	북서	310	9.7	1022.7	-	28	
2021-11-26 10:30:00	23.2	남남동	152	17.39	1.21	7.3	1.57	7.0	11.5	북서	308	9.6	1022.8	-	18	
2021-11-26 10:35:00	25.0	남남동	160	17.38	1.09	6.1	1.59	7.0	11.0	북서	311	9.5	1022.9	-	26	
2021-11-26 10:40:00	22.8	남남동	155	17.38	1.38	7.1	1.97	7.0	11.5	북서	307	9.6	1022.9	-	4	
2021-11-26 10:45:00	24.2	남남동	156	17.36	1.13	7.0	1.55	7.0	10.8	북서	307	9.8	1022.9	-	29	
2021-11-26 10:50:00	32.4	남남동	148	17.36	1.09	6.6	1.55	7.0	11.7	북서	313	9.5	1023.1	-	5	
2021-11-26 10:55:00	30.5	남동	134	17.34	1.12	6.8	1.41	7.0	11.5	북서	309	9.6	1023.1	-	6	
2021-11-26 11:00:00	34.3	남동	142	17.36	0.98	6.4	1.29	6.5	11.7	서북서	302	9.5	1023.1	-	21	
2021-11-26 11:05:00	36.8	남동	143	17.34	1.08	6.9	1.41	7.0	11.2	북서	304	9.5	1023.1	-	1	
2021-11-26 11:10:00	32.6	남남동	147	17.34	1.32	6.8	1.84	7.0	11.1	북서	310	9.5	1023.1	-	11	
2021-11-26 11:15:00	37.6	남동	144	17.32	0.94	5.7	1.47	6.5	10.0	북서	312	9.3	1023.1	-	356	
2021-11-26 11:20:00	34.2	남동	135	17.27	1.09	6.4	1.43	7.5	10.7	북서	309	9.5	1023.0	-	18	
2021-11-26 11:25:00	31.7	남동	141	17.24	1.08	6.8	1.57	7.0	11.6	북서	307	9.5	1023.0	-	9	
2021-11-26 11:30:00	36.0	남동	145	17.24	1.01	5.3	1.22	4.5	11.1	북서	315	9.5	1022.9	-	29	
2021-11-26 11:35:00	37.1	남동	143	17.25	1.08	6.0	1.30	6.5	10.9	서북서	302	9.6	1022.9	-	12	
2021-11-26 11:40:00	34.0	남동	144	17.24	1.06	6.1	1.89	6.5	11.0	서북서	300	9.7	1022.8	-	10	
2021-11-26 11:45:00	37.6	남동	143	17.23	1.04	6.6	1.44	6.5	11.9	서북서	301	9.6	1022.6	-	42	
2021-11-26 11:50:00	37.9	남동	137	17.20	1.07	6.3	1.41	6.5	12.1	서북서	296	9.6	1022.5	-	0	
2021-11-26 11:55:00	34.8	남동	143	17.14	0.98	6.5	1.23	5.0	12.6	북서	305	9.6	1022.5	-	28	
2021-11-26 12:00:00	33.1	남동	138	17.06	1.00	6.0	1.34	6.5	11.5	북서	307	9.6	1022.5	-	3	
2021-11-26 12:05:00	39.9	남동	143	17.05	1.16	6.5	1.80	6.5	11.6	북서	309	9.6	1022.4	-	17	
2021-11-26 12:10:00	34.8	남동	137	16.99	1.12	6.3	1.68	6.0	11.1	서북서	303	9.6	1022.3	-	355	
2021-11-26 12:15:00	37.8	남동	138	16.94	1.02	6.1	1.34	5.5	12.0	북서	307	9.8	1022.2	-	9	
2021-11-26 12:20:00	35.9	남동	134	16.97	1.03	6.4	1.32	7.0	12.8	북서	308	9.9	1022.2	-	11	
2021-11-26 12:25:00	34.5	남동	144	16.98	1.10	6.9	1.33	7.5	11.7	북서	308	9.9	1022.1	-	10	
2021-11-26 12:30:00	39.6	남동	144	16.97	1.03	6.6	1.29	6.5	11.4	북서	307	10.0	1022.0	-	15	
2021-11-26 12:35:00	33.0	남남동	147	16.98	1.27	7.0	1.57	6.5	12.2	북서	307	9.7	1022.0	-	1	
2021-11-26 12:40:00	33.4	남동	144	16.99	1.26	6.7	1.83	6.5	12.5	북서	312	9.9	1021.9	-	19	
2021-11-26 12:45:00	38.3	남동	145	16.98	1.11	6.9	1.87	6.5	11.9	북서	312	10.0	1022.0	-	21	
2021-11-26 12:50:00	36.8	남남동	147	17.02	1.21	6.9	1.58	8.0	11.2	북서	308	10.0	1022.0	-	11	
2021-11-26 12:55:00	36.4	남남동	156	17.03	0.99	5.8	1.41	6.5	12.2	북서	318	10.2	1021.9	-	13	
2021-11-26 13:00:00	34.1	남남동	150	16.98	1.23	6.9	1.56	6.5	13.0	북서	314	10.1	1022.0	-	7	
2021-11-26 13:05:00	28.5	남남동	148	16.94	1.25	6.9	1.66	7.0	11.8	북서	313	10.0	1022.0	-	32	
2021-11-26 13:10:00	36.1	남남동	149	16.94	1.27	6.7	1.64	8.0	10.8	북서	309	10.0	1022.0	-	25	
2021-11-26 13:15:00	31.0	남남동	154	16.93	1.15	6.8	1.84	7.5	11.9	북서	319	10.3	1021.9	-	36	
2021-11-26 13:20:00	32.3	남남동	147	16.90	1.03	7.3	1.27	7.5	12.5	북서	314	10.2	1022.0	-	1	
2021-11-26 13:25:00	32.5	남남동	156	16.84	1.07	6.6	1.47	7.5	11.7	북서	319	10.3	1022.0	-	5	
2021-11-26 13:30:00	33.1	남동	143	16.78	1.11	6.2	1.53	8.0	12.3	북서	311	10.2	1022.1	-	5	
2021-11-26 13:35:00	31.5	남남동	156	16.72	1.17	6.4	1.66	7.5	11.4	북서	314	10.2	1022.1	-	2	
2021-11-26 13:40:00	32.5	남동	146	16.67	1.09	6.9	1.35	8.0	10.8	북서	309	10.0	1022.1	-	8	
2021-11-26 13:45:00	29.9	남남동	147	16.63	1.13	6.4	1.48	6.0	10.3	북서	313	10.1	1022.1	-	10	
2021-11-26 13:50:00	27.7	남동	146	16.56	1.10	6.9	1.72	6.5	10.7	북서	319	10.2	1022.1	-	9	
2021-11-26 13:55:00	29.1	남남동	149	16.56	0.97	6.2	1.33	8.0	10.6	북서	314	10.2	1022.1	-	347	
2021-11-26 14:00:00	36.8	남남동	147	16.54	1.05	5.9	1.49	6.0	10.2	북서	317	10.1	1022.1	-	1	
2021-11-26 14:05:00	37.4	남남동	148	16.55	1.06	7.0	1.54	7.0	9.9	북서	315	10.0	1022.2	-	23	
2021-11-26 14:10:00	40.5	남남동	151	16.62	1.20	7.1	1.52	6.5	10.9	북서	316	10.3	1022.2	-	8	
2021-11-26 14:15:00	37.1	남남동	147	16.67	1.05	6.8	1.27	6.0	11.0	북서	316	10.3	1022.2	-	1	
2021-11-26 14:20:00	36.0	남남동	150	16.70	0.98	6.5	1.31	6.0	10.4	북서	309	10.3	1022.2	-	25	
2021-11-26 14:25:00	39.0	남남동	147	16.68	1.10	7.0	1.51	6.0	12.7	북서	306	10.5	1022.1	-	353	
2021-11-26 14:30:00	37.7	남남동	156	16.65	1.28	6.9	1.99	7.0	11.9	북서	306	10.5	1022.2	-	7	
2021-11-26 14:35:00	34.9	남동	146	16.61	1.13	6.7	1.84	6.5	12.6	북서	313	10.4	1022.1	-	358	
2021-11-26 14:40:00	39.2	남남동	154	16.58	1.16	6.3	1.63	5.5	13.0	북서	320	10.5	1022.0	-	15	
2021-11-26 14:45:00	36.1	남남동	148	16.55	1.17	6.8	1.60	6.0	13.4	북서	312	10.4	1022.1	-	11	
2021-11-26 14:50:00	33.8	남남동	151	16.50	1.14	6.8	1.56	6.5	13.9	북서	305	10.5	1022.1	-	19	
2021-11-26 14:55:00	34.2	남남동	149	16.50	1.09	5.9	1.38	6.0	12.2	북서	309	10.3	1022.2	-	17	
2021-11-26 15:00:00	40.6	남동	144	16.48	1.03	6.6	1.30	5.5	13.1	북서	306	10.7	1022.2	-	9	
2021-11-26 15:05:00	36.2	남동	143	16.48	1.00	5.9	1.42	7.0	13.1	북서	308	10.6	1022.3	-	356	
2021-11-26 15:10:00	36.9	남남동	147	16.49	1.01	6.5	1.30	4.5	11.8	북서	311	10.4	1022.4	-	12	
2021-11-26 15:15:00	40.6	남남동	149	16.47	1.13	6.1	1.45	7.5	11.9	북서	308	10.5	1022.4	-	349	
2021-11-26 15:20:00	42.6	남남동	146	16.44	1.13	6.3	1.49	5.5	12.6	서북서	302	10.6	1022.4	-	13	
2021-11-26 15:25:00	35.5	남동	145	16.44	0.95	6.2	1.36	6.0	11.8	서북서	303	10.5	1022.6	-	13	
2021-11-26 15:30:00	40.8	남남동	150	16.42	1.10	6.1	1.37	7.0	10.9	서북서	297	10.5	1022.6	-	8	
2021-11-26 15:35:00	41.3	남남동	149	16.41	0.93	6.6	1.12	7.0	10.2	서북서	299	10.5	1022.7	-	4	
2021-11-26 15:40:00	40.1	남남동	147	16.40	1.07	6.5	1.47	6.0	9.9	서북서	295	10.5	1022.8	-	13	
2021-11-26 15:45:00	37.6	남남동	147	16.39	0.91	5.8	1.47	5.5	9.4	서북서	297	10.5	1022.8	-	336	
2021-11-26 15:50:00	34.0	남동	142	16.38	0.95	6.3	1.32	6.5	8.8	서북서	303	10.4	1022.9	-	35	
2021-11-26 15:55:00	33.9	남동	141	16.37	0.96	6.7	1.14	6.5	9.5	북서	310	10.6	1023.0	-	11	
2021-11-26 16:00:00	35.1	남남동	146	16.37	0.92	6.3	1.41	7.0	9.5	북서	314	10.5	1023.1	-	26	
2021-11-26 16:05:00	30.5	남동	145	16.36	0.96	6.4	1.60	6.0	6.7	서북서	282	10.4	1023.2	-	340	
2021-11-26 16:10:00	32.5	남동	144	16.34	1.10	6.7	1.42	7.0	7.0	서	275	10.4	1023.3	-	5	
2021-11-26 16:15:00	28.5	남동	140	16.34	1.07	6.0	1.40	7.0	6.9	서	279	10.2	1023.4	-	8	
2021-11-26 16:20:00	24.1	남동	130	16.32	1.08	6.1	1.34	7.0	7.1	서	274	10.2	1023.4	-	1	
2021-11-26 16:25:00	18.8	남동	132	16.33	1.03	5.8	1.32	6.5	7.4	서	281	10.1	1023.5	-	0	
2021-11-26 16:30:00	22.6	남동	134	16.29	0.93	6.3	1.28	6.0	7.0	서북서	286	10.0	1023.6	-	26	
2021-11-26 16:35:00	22.5	남동	134	16.29	0.97	6.6	1.31	6.0	6.9	서북서	284	9.9	1023.7	-	18	
2021-11-26 16:40:00	20.6	남동	138	16.29	0.85	6.2	1.04	6.5	6.9	서	281	9.8	1023.7	-	3	
2021-11-26 16:45:00	16.2	남남동	151	16.28	1.10	6.2	1.55	6.5	6.5	서	279	9.7	1023.7	-	348	
2021-11-26 16:50:00	13.8	남동	129	16.26	0.88	6.5	1.24	6.0	7.3	서북서	285	9.6	1023.8	-	26	
2021-11-26 16:55:00	19.0	남남동	154	16.26	0.88	6.5	1.26	7.5	7.0	서북서	286	9.5	1023.8	-	2	
2021-11-26 17:00:00	14.8	남남동	151	16.26	0.94	5.8	1.31	5.5	6.9	서	270	9.4	1023.8	-	5	
2021-11-26 17:05:00	17.4	남남동	149	16.26	0.91	6.3	1.09	6.0	5.8	서	275	9.3	1023.9	-	343	
2021-11-26 17:10:00	19.0	남동	144	16.26	0.89	6.4	1.26	6.5	6.5	서	281	9.4	1023.9	-	17	
2021-11-26 17:15:00	11.6	남	169	16.25	0.89	5.2	1.30	6.0	7.0	서	280	9.4	1024.0	-	356	
2021-11-26 17:20:00	23.1	남동	143	16.24	0.89	6.3	1.25	6.0	6.9	서	273	9.3	1024.0	-	352	
2021-11-26 17:25:00	26.2	남동	140	16.24	1.06	6.2	1.58	6.5	5.9	서	273	9.1	1024.1	-	3	
2021-11-26 17:30:00	22.8	남남동	152	16.23	0.92	6.6	1.24	7.0	5.4	서	276	9.1	1024.3	-	350	
2021-11-26 17:35:00	15.1	동남동	114	16.22	0.99	6.2	1.18	6.5	5.3	서	278	9.1	1024.4	-	15	
2021-11-26 17:40:00	17.2	남동	141	16.21	0.94	6.6	1.53	6.0	5.3	서	272	9.1	1024.4	-	19	
2021-11-26 17:45:00	19.0	남동	131	16.20	0.98	6.5	1.33	6.5	4.5	서북서	283	9.1	1024.5	-	5	
2021-11-26 17:50:00	16.2	남동	130	16.19	0.85	6.0	1.18	6.5	5.1	서북서	286	9.1	1024.6	-	9	
2021-11-26 17:55:00	12.6	남동	133	16.19	0.84	6.2	1.15	6.5	4.7	서북서	294	9.1	1024.6	-	14	
2021-11-26 18:00:00	16.4	남동	146	16.18	0.89	6.5	1.26	8.0	5.2	서북서	291	9.0	1024.7	-	20	
2021-11-26 18:05:00	10.5	남동	139	16.19	1.06	6.8	1.49	7.5	3.8	서북서	289	9.0	1024.7	-	1	
2021-11-26 18:10:00	10.5	남동	146	16.18	0.88	6.3	1.21	5.5	4.3	서북서	283	9.0	1024.8	-	13	
2021-11-26 18:15:00	11.1	동남동	119	16.16	0.92	6.2	1.45	6.5	6.1	서북서	291	9.0	1024.9	-	359	
2021-11-26 18:20:00	16.2	남동	131	16.14	0.84	6.2	1.08	5.5	5.9	서북서	288	8.9	1024.9	-	8	
2021-11-26 18:25:00	15.7	남동	130	16.13	0.71	6.1	1.05	6.5	5.8	서북서	282	8.9	1025.0	-	22	
2021-11-26 18:30:00	20.7	남동	127	16.15	0.95	6.4	1.40	6.0	5.5	서	277	8.8	1025.0	-	34	
2021-11-26 18:35:00	18.2	남동	126	16.14	0.93	7.0	1.23	5.0	5.4	서	272	8.7	1025.0	-	15	
2021-11-26 18:40:00	22.6	남동	125	16.15	0.82	6.9	1.32	7.0	5.9	서	271	8.6	1025.0	-	10	
2021-11-26 18:45:00	18.1	동남동	123	16.16	0.91	7.1	1.11	6.0	6.4	서	272	8.6	1025.1	-	4	
2021-11-26 18:50:00	21.1	남동	129	16.16	0.84	6.2	1.24	6.0	6.5	서	274	8.7	1025.3	-	12	
2021-11-26 18:55:00	17.7	남동	127	16.18	0.92	6.7	1.30	6.0	6.8	서	273	8.4	1025.4	-	8	
2021-11-26 19:00:00	19.1	남동	135	16.19	1.01	7.0	1.30	7.0	6.0	서	274	8.4	1025.5	-	13	
2021-11-26 19:05:00	18.1	남동	129	16.19	1.03	6.5	1.28	6.5	4.8	서	263	8.3	1025.5	-	348	
2021-11-26 19:10:00	19.5	남동	124	16.21	1.06	6.8	1.58	7.5	4.9	서	268	8.5	1025.6	-	5	
2021-11-26 19:15:00	-	-	-	-	-	-	-	-	-	-	-	-	-	-	-	
2021-11-26 19:20:00	19.8	남동	127	16.24	0.54	5.1	1.08	5.1	4.6	서	270	8.2	1025.6	-	25	
2021-11-26 19:25:00	19.6	남동	125	16.23	0.97	6.9	1.37	6.5	4.1	서남서	256	8.3	1025.6	-	10	
2021-11-26 19:30:00	20.8	남동	129	16.25	0.91	6.7	1.30	7.0	3.2	남서	232	7.9	1025.7	-	6	
2021-11-26 19:35:00	13.4	동남동	122	16.24	1.08	7.0	1.46	7.0	2.6	서남서	254	7.8	1025.8	-	30	
2021-11-26 19:40:00	15.8	동남동	124	16.24	1.06	7.3	1.49	7.5	3.2	서남서	252	7.9	1025.8	-	32	
2021-11-26 19:45:00	17.7	남동	124	16.23	1.11	6.9	1.43	7.0	3.4	서남서	245	7.7	1025.9	-	29	
2021-11-26 19:50:00	15.6	동남동	119	16.24	1.24	7.1	1.71	7.0	2.8	서남서	240	7.6	1025.9	-	19	
2021-11-26 19:55:00	16.7	남동	131	16.24	1.29	7.7	1.96	7.5	3.2	서남서	243	7.5	1025.9	-	27	
2021-11-26 20:00:00	15.9	남동	128	16.23	1.05	7.5	1.45	7.0	3.1	남서	235	7.5	1026.0	-	22	
2021-11-26 20:05:00	11.5	동남동	116	16.22	1.18	7.4	1.72	7.0	3.2	서남서	250	7.6	1026.0	-	23	
2021-11-26 20:10:00	13.0	동남동	112	16.22	1.08	7.5	1.64	8.0	3.6	서남서	246	7.6	1026.1	-	29	
2021-11-26 20:15:00	11.5	남동	132	16.21	1.41	7.3	1.55	7.5	3.4	서남서	240	7.5	1026.1	-	31	
2021-11-26 20:20:00	9.3	남동	126	16.20	0.96	7.0	1.33	8.0	3.0	서남서	250	7.1	1026.2	-	32	
2021-11-26 20:25:00	9.7	남동	125	16.20	0.87	7.2	1.26	6.5	2.8	서남서	247	7.1	1026.3	-	25	
2021-11-26 20:30:00	10.4	동남동	109	16.20	1.02	7.5	1.46	6.5	3.3	서남서	243	7.0	1026.3	-	352	
2021-11-26 20:35:00	9.7	남남동	146	16.21	1.11	6.6	1.39	6.5	3.1	서남서	242	6.9	1026.3	-	39	
2021-11-26 20:40:00	7.0	동남동	103	16.21	1.22	7.3	1.50	7.5	3.5	서남서	240	7.0	1026.3	-	44	
2021-11-26 20:45:00	10.3	남동	138	16.19	1.26	7.0	2.00	7.0	3.3	서남서	237	7.1	1026.4	-	25	
2021-11-26 20:50:00	11.5	동남동	109	16.20	1.20	7.3	1.85	7.0	3.7	서남서	239	7.1	1026.5	-	16	
2021-11-26 20:55:00	10.6	동남동	107	16.20	1.33	7.3	1.84	7.5	3.8	서남서	237	6.9	1026.6	-	11	
2021-11-26 21:00:00	11.7	남동	126	16.22	1.08	6.8	1.35	7.0	3.7	서남서	244	6.7	1026.6	-	23	
2021-11-26 21:05:00	11.9	동남동	106	16.22	1.05	7.6	1.39	8.0	3.5	서남서	245	6.7	1026.7	-	3	
2021-11-26 21:10:00	12.9	동남동	118	16.22	1.19	7.0	1.66	6.5	3.8	서남서	252	6.7	1026.7	-	23	
2021-11-26 21:15:00	8.2	남동	135	16.22	1.43	7.5	1.76	6.5	3.9	서남서	243	6.6	1026.8	-	35	
2021-11-26 21:20:00	9.7	동남동	122	16.22	1.43	7.2	1.67	8.5	3.6	서남서	243	6.6	1026.9	-	26	
2021-11-26 21:25:00	7.8	남동	127	16.22	1.14	7.6	1.57	9.0	3.3	서남서	243	6.6	1027.0	-	30	
2021-11-26 21:30:00	11.0	동남동	121	16.22	1.27	7.4	1.60	6.5	3.6	서남서	242	6.4	1027.0	-	27	
2021-11-26 21:35:00	10.2	동남동	123	16.21	1.33	7.0	1.78	7.5	3.5	서남서	245	6.4	1027.1	-	22	
2021-11-26 21:40:00	8.4	동남동	102	16.21	1.08	6.6	1.38	6.0	3.4	서남서	249	6.5	1027.2	-	21	
2021-11-26 21:45:00	8.3	동남동	110	16.21	1.20	6.9	1.47	7.0	3.8	서남서	246	6.7	1027.3	-	19	
2021-11-26 21:50:00	13.0	동남동	113	16.20	1.25	7.0	1.69	6.5	3.8	서남서	247	6.6	1027.4	-	29	
2021-11-26 21:55:00	12.0	동남동	117	16.20	1.43	7.7	2.12	8.0	3.9	서남서	245	6.5	1027.5	-	24	
2021-11-26 22:00:00	7.6	남동	136	16.22	1.32	7.2	1.86	7.0	4.0	서남서	245	6.5	1027.6	-	30	
2021-11-26 22:05:00	9.2	동남동	120	16.21	1.21	7.5	1.88	9.0	3.8	서남서	243	6.5	1027.7	-	20	
2021-11-26 22:10:00	11.5	동남동	115	16.21	1.12	7.3	1.67	8.0	3.5	서남서	247	6.3	1027.7	-	25	
2021-11-26 22:15:00	10.5	동남동	112	16.20	1.50	7.0	2.77	7.5	3.7	서남서	245	6.2	1027.8	-	22	
2021-11-26 22:20:00	11.6	동남동	119	16.19	1.50	7.7	2.39	7.0	4.2	서남서	254	6.2	1027.8	-	25	
2021-11-26 22:25:00	10.5	남동	127	16.20	1.45	7.5	1.79	7.0	4.1	서남서	245	6.3	1027.9	-	37	
2021-11-26 22:30:00	9.6	동남동	112	16.19	1.50	7.1	1.93	7.5	4.5	서남서	255	6.1	1027.9	-	23	
2021-11-26 22:35:00	8.8	동남동	111	16.20	1.35	6.8	1.87	7.0	4.6	서남서	250	6.1	1027.9	-	23	
2021-11-26 22:40:00	11.6	동남동	102	16.20	1.21	7.7	1.81	6.5	4.8	서남서	250	6.2	1027.9	-	28	
2021-11-26 22:45:00	12.1	남동	124	16.19	1.16	7.7	1.51	7.0	4.7	서남서	248	6.2	1028.0	-	25	
2021-11-26 22:50:00	8.9	동남동	110	16.21	1.57	7.1	2.06	6.5	4.5	서남서	250	6.0	1028.1	-	7	
2021-11-26 22:55:00	7.8	동남동	117	16.21	1.30	7.6	1.72	7.0	4.4	서남서	254	6.1	1028.1	-	21	
2021-11-26 23:00:00	7.9	동남동	108	16.20	1.30	7.2	1.58	8.0	4.7	서남서	246	6.0	1028.1	-	37	
2021-11-26 23:05:00	10.8	동남동	103	16.20	1.31	7.4	2.14	8.5	4.8	서남서	244	5.8	1028.2	-	27	
2021-11-26 23:10:00	8.6	동남동	106	16.21	1.29	7.4	1.81	7.0	4.5	서남서	239	5.7	1028.2	-	41	
2021-11-26 23:15:00	7.8	동남동	105	16.20	1.23	6.8	1.62	7.0	4.0	남서	233	6.0	1028.2	-	23	
2021-11-26 23:20:00	10.2	동남동	105	16.19	1.20	7.0	1.87	6.5	4.2	서남서	241	5.9	1028.2	-	31	
2021-11-26 23:25:00	7.8	동	93	16.20	1.26	7.5	1.67	9.0	3.9	남서	236	5.8	1028.2	-	8	
2021-11-26 23:30:00	9.1	동	91	16.21	1.34	7.3	1.77	8.0	4.4	서남서	243	5.8	1028.3	-	37	
2021-11-26 23:35:00	9.8	동남동	106	16.20	1.16	7.3	1.49	7.0	4.3	서남서	246	5.6	1028.3	-	22	
2021-11-26 23:40:00	10.0	동남동	103	16.19	1.12	7.2	1.67	7.5	4.6	서남서	244	5.6	1028.4	-	18	
2021-11-26 23:45:00	9.6	동남동	118	16.20	1.18	7.3	1.71	7.5	4.6	서남서	241	5.6	1028.4	-	31	
2021-11-26 23:50:00	10.2	동남동	103	16.21	1.10	6.5	1.49	6.5	4.6	서남서	241	5.6	1028.5	-	16	
2021-11-26 23:55:00	9.8	동남동	111	16.21	1.18	7.0	1.54	7.0	4.4	서남서	251	5.6	1028.6	-	21	
2021-11-27 00:00:00	8.1	동	93	16.21	1.36	8.0	1.49	6.5	4.9	서남서	245	5.4	1028.7	-	40	
2021-11-27 00:05:00	8.1	동남동	105	16.21	1.27	7.3	1.80	7.0	4.2	서남서	239	5.2	1028.7	-	37	
2021-11-27 00:10:00	6.7	동북동	77	16.23	1.15	7.0	2.01	7.5	3.7	서남서	240	5.3	1028.8	-	356	
2021-11-27 00:15:00	6.9	동	98	16.22	1.29	7.0	1.49	6.5	4.0	서남서	242	5.3	1028.8	-	15	
2021-11-27 00:20:00	10.2	동	96	16.21	1.25	7.8	1.87	7.0	3.9	서남서	244	5.4	1028.9	-	35	
2021-11-27 00:25:00	7.9	동	91	16.22	1.32	7.3	1.62	7.5	3.8	서남서	249	5.3	1028.9	-	34	
2021-11-27 00:30:00	11.4	동	88	16.21	1.36	7.3	2.49	7.0	3.7	서남서	243	5.1	1028.9	-	23	
2021-11-27 00:35:00	7.6	동남동	106	16.22	1.29	7.8	1.70	6.0	4.5	서남서	245	5.2	1029.0	-	33	
2021-11-27 00:40:00	12.9	동남동	104	16.22	1.06	7.6	1.37	8.5	4.6	서남서	246	5.4	1029.0	-	36	
2021-11-27 00:45:00	8.1	동	98	16.22	1.14	7.4	1.52	6.5	5.0	서남서	242	5.3	1029.0	-	20	
2021-11-27 00:50:00	13.4	동	92	16.22	1.62	8.2	2.04	9.0	5.1	서남서	242	5.3	1029.0	-	25	
2021-11-27 00:55:00	10.8	동	94	16.21	1.27	8.3	1.59	8.0	5.0	서남서	247	5.0	1029.1	-	38	
2021-11-27 01:00:00	9.6	동	84	16.23	1.08	7.1	1.39	6.5	4.6	서남서	244	5.0	1029.1	-	16	
2021-11-27 01:05:00	9.8	동	91	16.21	1.12	7.7	1.37	7.5	4.7	서남서	245	5.1	1029.1	-	42	
2021-11-27 01:10:00	9.5	동	92	16.22	1.18	7.8	1.62	6.5	4.6	서남서	243	5.1	1029.1	-	27	
2021-11-27 01:15:00	8.2	동	81	16.23	1.18	7.2	1.51	6.5	4.9	서남서	249	4.9	1029.2	-	32	
2021-11-27 01:20:00	6.1	동	95	16.23	1.08	7.3	1.72	7.0	4.9	서남서	244	5.0	1029.2	-	23	
2021-11-27 01:25:00	6.9	동북동	79	16.23	1.13	8.0	1.29	6.5	4.7	서남서	245	5.0	1029.3	-	17	
2021-11-27 01:30:00	4.2	동북동	73	16.22	1.25	7.2	1.68	6.5	4.4	서남서	241	5.0	1029.3	-	30	
2021-11-27 01:35:00	6.4	동북동	70	16.20	1.23	7.2	1.63	7.0	4.5	서남서	241	4.9	1029.3	-	26	
2021-11-27 01:40:00	10.3	동	83	16.22	1.24	7.0	1.66	7.0	4.8	서남서	242	4.6	1029.4	-	13	
2021-11-27 01:45:00	9.1	동북동	69	16.20	1.18	7.5	1.63	5.5	4.6	서남서	247	4.6	1029.4	-	29	
2021-11-27 01:50:00	10.9	동북동	61	16.19	1.08	7.7	1.46	8.0	4.7	서남서	246	4.6	1029.4	-	18	
2021-11-27 01:55:00	5.5	북동	47	16.20	1.26	7.6	1.72	8.0	4.7	서남서	246	4.5	1029.5	-	6	
2021-11-27 02:00:00	9.6	동	79	16.18	1.28	7.5	1.85	6.5	4.7	서남서	245	4.5	1029.5	-	48	
2021-11-27 02:05:00	5.0	북동	38	16.19	1.32	7.4	1.59	7.0	5.2	서남서	241	4.6	1029.6	-	18	
2021-11-27 02:10:00	7.3	북북동	22	16.19	1.31	7.5	2.09	7.5	5.5	서남서	242	4.6	1029.7	-	34	
2021-11-27 02:15:00	5.8	동북동	70	16.19	1.28	8.1	1.64	7.0	5.9	서남서	241	4.4	1029.7	-	44	
2021-11-27 02:20:00	3.1	북동	44	16.20	1.59	8.0	2.14	7.5	5.9	서남서	240	4.5	1029.8	-	22	
2021-11-27 02:25:00	5.0	북동	49	16.19	1.20	7.1	1.64	8.0	5.8	서남서	239	4.5	1029.8	-	54	
2021-11-27 02:30:00	7.2	북북동	23	16.18	1.34	7.4	1.74	8.0	5.5	서남서	241	4.5	1029.9	-	21	
2021-11-27 02:35:00	8.5	북북동	29	16.16	1.30	7.4	1.61	6.5	5.6	서남서	243	4.7	1030.0	-	21	
2021-11-27 02:40:00	7.5	북북동	17	16.17	1.30	7.1	1.71	7.5	5.8	서남서	248	4.5	1030.1	-	16	
2021-11-27 02:45:00	6.3	북동	34	16.17	1.43	7.1	1.77	8.0	5.3	서남서	250	4.6	1030.2	-	14	
2021-11-27 02:50:00	6.2	북북동	33	16.18	1.32	7.6	1.82	6.5	5.6	서남서	248	4.4	1030.3	-	23	
2021-11-27 02:55:00	3.4	북북동	26	16.16	1.33	8.2	1.73	9.0	5.3	서남서	245	4.5	1030.3	-	32	
2021-11-27 03:00:00	9.3	북	2	16.15	1.46	7.8	1.70	9.0	5.1	서남서	250	4.4	1030.3	-	23	
2021-11-27 03:05:00	9.8	북	5	16.15	1.24	6.9	1.82	6.0	5.2	서남서	251	4.3	1030.4	-	19	
2021-11-27 03:10:00	12.1	북북동	13	16.15	1.25	8.1	1.62	7.5	4.9	서남서	248	4.4	1030.4	-	29	
2021-11-27 03:15:00	11.2	북북서	344	16.15	1.37	7.8	1.93	8.5	4.8	서남서	249	4.3	1030.5	-	24	
2021-11-27 03:20:00	11.0	북	353	16.15	1.26	7.1	1.53	8.0	5.5	서남서	243	4.2	1030.5	-	9	
2021-11-27 03:25:00	8.2	북북서	339	16.17	1.23	7.0	1.74	7.5	5.3	서남서	249	4.2	1030.6	-	8	
2021-11-27 03:30:00	10.3	북	351	16.18	1.26	7.7	1.67	8.0	5.2	서남서	248	4.1	1030.6	-	21	
2021-11-27 03:35:00	7.4	북	3	16.16	1.40	8.3	2.38	7.5	4.9	서남서	249	4.2	1030.6	-	29	
2021-11-27 03:40:00	10.1	북북서	349	16.18	1.54	7.9	2.13	7.5	4.6	서남서	246	4.1	1030.6	-	25	
2021-11-27 03:45:00	8.8	북북서	346	16.18	1.18	7.5	1.36	6.0	5.3	서남서	243	4.3	1030.6	-	25	
2021-11-27 03:50:00	13.7	북북서	343	16.17	1.47	7.3	2.13	7.0	5.2	서남서	241	4.1	1030.6	-	18	
2021-11-27 03:55:00	9.3	북북서	346	16.19	1.50	8.1	1.95	7.0	5.1	서남서	243	4.1	1030.6	-	32	
2021-11-27 04:00:00	10.1	북	352	16.18	1.53	8.1	2.15	7.5	4.9	서남서	242	4.1	1030.7	-	29	
2021-11-27 04:05:00	9.1	북서	318	16.19	1.34	7.7	1.79	7.0	4.9	서남서	244	4.2	1030.7	-	39	
2021-11-27 04:10:00	12.0	북	350	16.16	1.53	7.6	2.19	7.0	5.0	서남서	244	4.1	1030.8	-	39	
2021-11-27 04:15:00	11.7	북	350	16.14	1.57	8.5	2.18	8.5	5.1	서남서	243	4.0	1030.9	-	34	
2021-11-27 04:20:00	12.1	북북서	342	16.13	1.24	7.2	1.60	7.0	5.4	서남서	248	4.1	1030.9	-	43	
2021-11-27 04:25:00	9.1	북	352	16.15	1.44	7.6	2.03	7.5	5.2	서남서	245	3.9	1031.0	-	20	
2021-11-27 04:30:00	12.9	북	352	16.14	1.42	7.6	2.23	7.5	5.3	서남서	238	3.9	1031.0	-	44	
2021-11-27 04:35:00	12.2	북북서	341	16.13	1.51	7.5	1.95	8.0	5.5	서남서	248	3.7	1031.0	-	33	
2021-11-27 04:40:00	18.0	북북서	348	16.14	1.39	7.6	1.74	8.0	5.6	서남서	243	3.8	1031.0	-	37	
2021-11-27 04:45:00	12.5	북북서	340	16.16	1.38	8.5	1.69	8.0	5.8	서남서	245	3.7	1031.0	-	34	
2021-11-27 04:50:00	20.6	북북서	345	16.15	1.15	7.4	1.43	8.0	5.8	서남서	247	3.8	1031.1	-	13	
2021-11-27 04:55:00	14.0	북북서	341	16.17	1.41	7.7	2.02	7.5	5.9	서남서	249	3.7	1031.2	-	43	
2021-11-27 05:00:00	12.3	북북서	346	16.18	1.45	8.1	2.11	7.0	6.1	서남서	243	3.6	1031.2	-	37	
2021-11-27 05:05:00	14.4	북	2	16.16	1.36	7.8	1.71	9.0	6.0	서남서	244	3.8	1031.3	-	29	
2021-11-27 05:10:00	11.6	북북서	347	16.18	1.66	7.7	2.28	7.5	6.1	서남서	243	3.7	1031.4	-	26	
2021-11-27 05:15:00	13.4	북북서	343	16.19	1.47	7.9	2.01	6.5	5.9	서남서	241	3.7	1031.4	-	48	
2021-11-27 05:20:00	14.6	북	350	16.15	1.38	8.0	1.95	6.0	6.2	서남서	245	3.8	1031.4	-	32	
2021-11-27 05:25:00	15.0	북북서	340	16.15	1.43	8.2	1.96	7.5	6.2	서남서	239	3.7	1031.5	-	29	
2021-11-27 05:30:00	10.2	북북서	340	16.15	1.78	8.1	2.60	8.5	6.0	서남서	241	3.8	1031.5	-	36	
2021-11-27 05:35:00	15.8	북북서	337	16.14	1.37	7.8	1.66	7.5	6.1	서남서	242	3.8	1031.6	-	33	
2021-11-27 05:40:00	14.2	북	352	16.13	1.39	7.3	2.15	8.0	5.8	서남서	243	3.9	1031.6	-	44	
2021-11-27 05:45:00	16.8	북북서	328	16.14	1.35	7.8	1.83	8.0	6.1	서남서	249	3.9	1031.6	-	35	
2021-11-27 05:50:00	17.5	북북서	346	16.14	1.43	7.5	2.32	7.5	5.7	서남서	246	3.8	1031.7	-	30	
2021-11-27 05:55:00	10.2	북북서	328	16.15	1.15	7.8	1.55	6.0	5.7	서남서	247	3.7	1031.7	-	42	
2021-11-27 06:00:00	19.6	북북서	347	16.13	1.27	7.0	1.53	6.5	5.7	서남서	245	3.7	1031.7	-	56	
2021-11-27 06:05:00	11.8	북북서	334	16.14	1.27	7.6	1.93	7.5	6.1	서남서	244	3.6	1031.8	-	27	
2021-11-27 06:10:00	18.4	북북서	344	16.15	1.27	7.6	1.75	7.5	5.8	서남서	243	3.6	1031.8	-	47	
2021-11-27 06:15:00	12.0	북북서	329	16.15	1.10	7.1	1.49	6.0	6.1	서남서	245	3.5	1031.8	-	54	
2021-11-27 06:20:00	14.4	북북서	336	16.13	1.18	7.6	1.50	8.0	6.3	서남서	244	3.6	1031.8	-	56	
2021-11-27 06:25:00	15.9	북북서	333	16.14	1.37	8.3	2.11	8.0	6.3	서남서	247	3.7	1031.8	-	37	
2021-11-27 06:30:00	11.6	북북서	336	16.15	1.11	7.6	1.60	7.5	6.5	서남서	243	3.5	1031.8	-	50	
2021-11-27 06:35:00	16.4	북북서	337	16.14	0.99	8.0	1.41	8.0	6.0	서남서	245	3.7	1031.9	-	54	
2021-11-27 06:40:00	16.0	북북서	345	16.14	1.08	7.0	1.25	7.0	6.3	서남서	244	3.5	1031.9	-	40	
2021-11-27 06:45:00	15.0	북북서	340	16.13	1.09	7.0	1.86	6.5	6.0	서남서	243	3.3	1032.0	-	30	
2021-11-27 06:50:00	13.5	북북서	334	16.14	0.98	6.6	1.41	7.0	6.2	서남서	244	3.4	1032.0	-	6	
2021-11-27 06:55:00	11.9	북북서	339	16.13	1.08	8.2	1.46	7.0	6.0	서남서	244	3.4	1032.1	-	43	
2021-11-27 07:00:00	17.9	북북서	339	16.13	1.20	7.6	1.62	7.0	6.3	서남서	243	3.3	1032.2	-	39	
2021-11-27 07:05:00	17.8	북북서	329	16.13	1.36	7.4	1.86	7.5	6.3	서남서	239	3.2	1032.2	-	37	
2021-11-27 07:10:00	13.5	북북서	341	16.13	1.21	7.7	2.33	7.0	6.4	서남서	238	3.3	1032.3	-	35	
2021-11-27 07:15:00	13.7	북서	318	16.15	1.09	7.6	1.55	8.0	6.4	서남서	246	3.4	1032.3	-	56	
2021-11-27 07:20:00	14.4	북서	321	16.16	1.28	7.1	1.88	7.0	6.1	서남서	243	3.4	1032.4	-	22	
2021-11-27 07:25:00	13.8	북북서	328	16.15	1.08	7.2	1.46	6.5	6.1	서남서	244	3.4	1032.5	-	48	
2021-11-27 07:30:00	12.4	북북서	330	16.14	0.93	7.3	1.29	7.0	5.8	서남서	246	3.4	1032.5	-	22	
2021-11-27 07:35:00	14.9	북서	321	16.15	1.28	7.2	1.93	7.0	6.1	서남서	240	3.4	1032.5	-	26	
2021-11-27 07:40:00	15.9	북북서	331	16.15	1.17	6.9	1.76	6.5	6.2	서남서	243	3.6	1032.6	-	30	
2021-11-27 07:45:00	13.7	북서	324	16.14	1.28	7.0	1.55	7.0	6.1	서남서	245	3.5	1032.7	-	49	
2021-11-27 07:50:00	15.9	북서	318	16.13	0.98	6.9	1.23	6.5	5.7	서남서	243	3.6	1032.8	-	43	
2021-11-27 07:55:00	10.6	북북서	332	16.14	1.07	7.4	1.39	7.5	5.5	서남서	244	3.7	1032.8	-	37	
2021-11-27 08:00:00	8.7	북북서	340	16.14	1.05	7.8	1.45	7.0	5.5	서남서	241	3.8	1032.9	-	44	
2021-11-27 08:05:00	8.7	북서	318	16.14	1.13	7.6	1.66	6.5	5.7	서남서	240	3.9	1033.0	-	28	
2021-11-27 08:10:00	6.5	서북서	295	16.14	1.11	7.2	1.42	6.5	5.8	서남서	243	3.7	1033.0	-	55	
2021-11-27 08:15:00	7.6	북서	319	16.14	1.06	7.3	1.42	6.0	6.1	서남서	244	3.9	1033.1	-	32	
2021-11-27 08:20:00	6.6	북서	323	16.13	1.30	7.3	1.92	7.0	5.7	서남서	239	3.9	1033.1	-	45	
2021-11-27 08:25:00	4.8	서북서	304	16.14	1.03	7.3	1.48	7.0	5.8	서남서	242	4.0	1033.2	-	47	
2021-11-27 08:30:00	3.0	북서	308	16.12	0.96	7.3	1.36	7.5	5.6	서남서	242	4.1	1033.2	-	58	
2021-11-27 08:35:00	6.4	북서	305	16.11	0.96	7.0	1.37	7.0	5.4	서남서	242	4.3	1033.2	-	38	
2021-11-27 08:40:00	2.0	서북서	283	16.13	1.12	7.2	1.43	8.5	5.1	서남서	243	4.4	1033.3	-	40	
2021-11-27 08:45:00	4.2	북북서	348	16.12	1.20	7.5	1.58	8.0	4.9	서남서	243	4.5	1033.4	-	38	
2021-11-27 08:50:00	3.1	서북서	291	16.13	1.24	7.5	1.47	7.5	5.0	서남서	242	4.5	1033.4	-	29	
2021-11-27 08:55:00	2.9	북서	314	16.12	0.90	7.5	1.33	7.5	4.9	서남서	244	4.6	1033.5	-	52	
2021-11-27 09:00:00	3.4	북서	316	16.14	1.15	7.4	1.68	7.0	5.3	남서	231	4.9	1033.5	-	30	
2021-11-27 09:05:00	2.9	서북서	293	16.14	1.06	7.9	1.45	6.5	5.2	남서	235	5.2	1033.6	-	45	
2021-11-27 09:10:00	3.1	북북서	330	16.13	1.09	7.5	1.52	7.5	5.5	남서	234	5.2	1033.6	-	55	
2021-11-27 09:15:00	1.2	남남서	192	16.12	1.06	7.7	1.41	7.5	4.4	서남서	241	5.3	1033.8	-	45	
2021-11-27 09:20:00	5.0	서북서	283	16.12	1.23	7.4	1.58	6.0	4.3	서남서	244	5.5	1033.8	-	39	
2021-11-27 09:25:00	2.8	서북서	303	16.14	0.99	7.5	1.35	6.5	3.9	서남서	240	5.5	1033.9	-	45	
2021-11-27 09:30:00	4.0	서	274	16.13	1.05	7.5	1.29	6.5	3.7	서남서	240	5.7	1033.9	-	44	
2021-11-27 09:35:00	4.4	북북서	330	16.13	0.91	8.0	1.47	7.5	3.5	서남서	242	5.9	1033.9	-	49	
2021-11-27 09:40:00	4.8	북서	321	16.13	0.91	6.9	1.06	5.5	4.4	남서	233	6.1	1033.9	-	36	
2021-11-27 09:45:00	7.1	북서	313	16.13	0.92	7.0	1.61	6.5	4.3	남서	235	6.1	1033.9	-	31	
2021-11-27 09:50:00	3.0	서북서	284	16.13	0.98	7.7	1.21	6.5	3.9	서남서	238	6.2	1033.9	-	41	
2021-11-27 09:55:00	3.0	서	269	16.14	0.99	6.6	1.52	7.0	3.7	서남서	242	6.3	1034.0	-	43	
2021-11-27 10:00:00	2.6	북동	36	16.13	0.95	7.5	1.15	6.5	3.5	서남서	245	6.4	1034.0	-	39	
2021-11-27 10:05:00	1.2	서북서	288	16.13	0.96	7.1	1.38	8.0	3.1	서남서	244	6.4	1034.0	-	42	
2021-11-27 10:10:00	2.6	서	270	16.13	1.09	7.2	1.62	7.5	3.1	서남서	242	6.6	1034.1	-	36	
2021-11-27 10:15:00	3.8	서	276	16.13	0.91	7.4	1.13	8.0	2.7	서남서	241	6.7	1034.1	-	52	
2021-11-27 10:20:00	3.4	북서	310	16.14	0.94	7.3	1.22	8.0	2.7	서	261	7.3	1034.1	-	30	
2021-11-27 10:25:00	3.7	서	267	16.13	0.95	7.3	1.46	6.5	2.4	서남서	246	7.4	1034.2	-	11	
2021-11-27 10:30:00	1.9	서	269	16.14	1.04	7.1	1.58	7.5	2.0	서남서	254	7.3	1034.2	-	35	
2021-11-27 10:35:00	2.3	서북서	294	16.13	1.09	7.8	1.53	7.0	1.9	서북서	282	7.3	1034.3	-	50	
2021-11-27 10:40:00	0.8	북서	319	16.14	1.16	7.6	1.53	7.5	2.0	서	268	7.7	1034.3	-	35	
2021-11-27 10:45:00	4.7	남서	234	16.14	1.07	7.5	1.34	8.0	2.3	서북서	293	7.5	1034.3	-	26	
2021-11-27 10:50:00	0.7	남서	224	16.13	1.16	7.3	1.67	7.5	1.9	북서	305	7.5	1034.3	-	33	
2021-11-27 10:55:00	4.7	북서	319	16.13	0.98	7.1	1.45	6.5	2.6	북서	313	7.6	1034.3	-	42	
2021-11-27 11:00:00	0.3	서	265	16.14	1.01	8.0	1.50	7.5	1.6	북서	324	7.6	1034.3	-	47	
2021-11-27 11:05:00	5.4	서	264	16.14	0.92	6.7	1.26	6.5	2.3	북서	319	7.9	1034.3	-	45	
2021-11-27 11:10:00	1.3	서	276	16.14	1.07	7.1	1.58	8.0	2.4	북서	313	7.7	1034.2	-	30	
2021-11-27 11:15:00	0.6	북북동	29	16.14	0.88	7.2	1.20	8.5	2.2	북서	322	7.9	1034.2	-	38	
2021-11-27 11:20:00	0.4	북북동	14	16.15	1.35	7.6	1.72	7.5	2.0	북북서	347	7.8	1034.1	-	28	
2021-11-27 11:25:00	1.4	서북서	285	16.15	0.95	7.0	1.19	6.5	2.3	북북서	341	8.2	1034.1	-	31	
2021-11-27 11:30:00	4.8	서	261	16.17	0.96	7.2	1.35	6.0	1.4	북북서	344	8.0	1034.1	-	15	
2021-11-27 11:35:00	7.1	서	267	16.20	1.15	7.8	1.63	7.0	1.3	북북서	330	8.0	1034.1	-	30	
2021-11-27 11:40:00	3.1	서	264	16.21	1.11	7.1	1.48	6.5	2.2	북서	325	8.2	1034.1	-	33	
2021-11-27 11:45:00	7.6	서북서	282	16.21	1.11	7.2	1.61	6.5	1.2	북서	313	8.3	1034.1	-	23	
2021-11-27 11:50:00	4.7	서	277	16.21	1.17	7.1	1.57	7.5	2.2	북북서	333	8.5	1034.1	-	31	
2021-11-27 11:55:00	7.1	서	277	16.22	0.99	7.2	1.28	6.5	2.0	북북서	347	8.6	1034.1	-	32	
2021-11-27 12:00:00	1.7	서북서	283	16.22	1.06	6.9	1.59	6.5	2.9	북북서	339	8.1	1034.1	-	12	
2021-11-27 12:05:00	3.2	서	269	16.22	0.93	7.5	1.19	6.5	1.9	북	349	8.0	1034.1	-	25	
2021-11-27 12:10:00	4.4	서북서	282	16.22	1.09	7.1	1.78	7.0	2.0	북	2	8.2	1034.0	-	36	
2021-11-27 12:15:00	1.9	서	259	16.23	1.24	7.8	1.70	8.5	1.6	북	353	8.3	1034.0	-	32	
2021-11-27 12:20:00	0.6	북동	55	16.23	1.15	7.3	1.41	7.0	2.0	북	351	8.2	1033.9	-	25	
2021-11-27 12:25:00	5.5	남서	226	16.23	1.07	7.1	1.41	6.5	1.4	북북서	335	8.1	1033.9	-	28	
2021-11-27 12:30:00	2.8	서남서	242	16.23	1.04	7.0	1.48	7.0	1.1	북	349	8.2	1033.9	-	50	
2021-11-27 12:35:00	4.9	서남서	243	16.24	1.04	7.0	1.57	7.5	2.3	북	8	8.8	1033.8	-	34	
2021-11-27 12:40:00	7.3	남서	221	16.24	1.27	6.5	1.97	7.5	1.0	북북서	346	8.7	1033.8	-	35	
2021-11-27 12:45:00	2.5	북북동	28	16.24	1.25	7.8	1.56	7.5	2.4	북북동	15	8.7	1033.8	-	34	
2021-11-27 12:50:00	4.8	서남서	254	16.25	1.14	6.4	1.57	6.0	1.4	북	350	8.4	1033.8	-	29	
2021-11-27 12:55:00	3.0	서남서	256	16.25	1.21	7.0	1.79	7.5	1.2	북북동	18	8.5	1033.8	-	32	
2021-11-27 13:00:00	6.6	서남서	240	16.25	1.21	7.3	1.92	7.0	1.8	북북동	27	8.4	1033.7	-	32	
2021-11-27 13:05:00	8.9	남남서	197	16.26	1.18	7.1	1.40	6.5	1.0	동북동	69	8.3	1033.7	-	17	
2021-11-27 13:10:00	1.8	서남서	242	16.26	1.09	6.9	1.50	6.5	0.8	동북동	60	8.5	1033.6	-	47	
2021-11-27 13:15:00	4.3	서남서	246	16.26	1.14	7.3	1.44	7.0	2.5	북동	36	8.5	1033.6	-	39	
2021-11-27 13:20:00	4.7	서	264	16.26	1.07	7.1	1.30	7.5	2.4	북북동	17	8.4	1033.5	-	32	
2021-11-27 13:25:00	3.4	남	190	16.27	1.19	6.7	1.68	6.5	2.2	북북동	15	8.6	1033.5	-	17	
2021-11-27 13:30:00	3.3	남서	220	16.27	1.09	6.7	1.50	7.5	1.7	북북동	29	8.9	1033.5	-	45	
2021-11-27 13:35:00	1.6	남	191	16.27	1.26	7.3	1.61	7.0	2.0	북동	36	8.6	1033.5	-	41	
2021-11-27 13:40:00	3.5	남남서	212	16.28	1.05	7.3	1.56	6.5	1.2	북동	34	8.5	1033.5	-	42	
2021-11-27 13:45:00	6.5	서남서	245	16.28	0.98	6.5	1.24	7.5	2.2	북북동	30	8.5	1033.5	-	49	
2021-11-27 13:50:00	2.1	남남서	210	16.28	1.13	7.7	1.73	7.0	1.3	북동	47	8.7	1033.5	-	30	
2021-11-27 13:55:00	3.4	북서	318	16.28	1.15	6.9	1.65	5.5	2.3	북동	48	8.7	1033.4	-	32	
2021-11-27 14:00:00	3.3	남남서	204	16.28	1.24	7.7	1.64	7.0	1.9	북동	39	8.7	1033.4	-	26	
2021-11-27 14:05:00	5.4	남서	223	16.28	1.05	6.4	2.05	7.0	2.0	북동	47	9.0	1033.4	-	31	
2021-11-27 14:10:00	2.2	남	178	16.29	1.09	7.2	1.91	7.5	2.3	북동	48	8.8	1033.4	-	32	
2021-11-27 14:15:00	3.3	남남서	205	16.28	0.93	6.6	1.34	7.5	2.0	북북동	29	8.7	1033.4	-	49	
2021-11-27 14:20:00	9.2	남남서	193	16.28	1.03	7.3	1.49	7.5	1.4	북	10	8.8	1033.4	-	22	
2021-11-27 14:25:00	7.1	남남서	205	16.28	1.20	7.5	1.47	6.5	0.6	북북동	13	9.0	1033.5	-	41	
2021-11-27 14:30:00	6.0	남남서	195	16.28	1.22	7.6	1.58	8.0	0.8	북북동	17	9.1	1033.5	-	26	
2021-11-27 14:35:00	5.3	남	190	16.28	1.47	7.4	2.04	7.5	0.2	동북동	69	9.3	1033.4	-	35	
2021-11-27 14:40:00	3.4	남남서	197	16.28	1.31	7.3	1.57	8.0	2.0	북동	42	9.2	1033.4	-	41	
2021-11-27 14:45:00	5.7	남	177	16.28	0.88	7.4	1.20	6.5	0.9	북동	41	8.9	1033.4	-	51	
2021-11-27 14:50:00	10.1	남	171	16.29	1.14	7.7	1.59	7.0	0.9	북동	52	9.3	1033.5	-	6	
2021-11-27 14:55:00	6.4	남	185	16.29	1.26	7.3	1.49	7.0	0.1	북서	307	9.2	1033.5	-	34	
2021-11-27 15:00:00	0.9	남동	139	16.29	1.14	7.6	1.65	7.0	0.4	북북동	32	9.9	1033.5	-	27	
2021-11-27 15:05:00	2.5	남서	215	16.29	1.22	7.8	2.30	6.5	1.0	북북동	23	9.5	1033.5	-	40	
2021-11-27 15:10:00	5.9	남	182	16.29	1.36	7.5	1.97	7.5	1.4	북동	34	9.2	1033.6	-	40	
2021-11-27 15:15:00	6.5	남남동	165	16.29	1.18	7.5	2.09	6.5	0.8	북북동	32	9.3	1033.6	-	43	
2021-11-27 15:20:00	5.5	남	181	16.28	1.27	7.3	1.50	7.5	1.4	북북동	29	9.2	1033.6	-	45	
2021-11-27 15:25:00	8.7	남	175	16.28	1.06	7.8	1.40	8.0	0.7	동	94	9.1	1033.7	-	41	
2021-11-27 15:30:00	6.0	남남서	195	16.27	1.05	6.8	1.24	5.5	1.0	북동	43	9.3	1033.7	-	25	
2021-11-27 15:35:00	8.5	남	172	16.28	1.42	7.9	1.94	8.0	1.6	북동	38	9.3	1033.8	-	47	
2021-11-27 15:40:00	7.4	남	172	16.27	0.97	6.8	1.31	8.5	1.1	북	5	9.7	1033.8	-	53	
2021-11-27 15:45:00	7.3	남남동	156	16.26	1.46	7.4	1.83	8.0	0.3	서북서	291	10.0	1033.8	-	41	
2021-11-27 15:50:00	7.0	남	176	16.26	1.09	7.5	1.60	7.0	0.6	서	273	9.9	1033.9	-	31	
2021-11-27 15:55:00	9.0	남	188	16.25	1.28	7.3	1.79	7.0	0.6	북북동	15	9.8	1033.9	-	33	
2021-11-27 16:00:00	8.0	남남서	208	16.25	1.53	7.9	1.95	8.0	1.2	북동	34	9.5	1033.9	-	39	
2021-11-27 16:05:00	11.7	남	189	16.25	1.36	7.6	2.37	7.5	1.3	북동	42	9.2	1033.9	-	30	
2021-11-27 16:10:00	7.6	남남동	161	16.23	1.66	8.3	1.87	7.5	0.8	북동	52	9.2	1033.9	-	39	
2021-11-27 16:15:00	11.2	남	175	16.23	1.46	7.4	1.84	7.5	1.2	동북동	73	9.4	1033.9	-	36	
2021-11-27 16:20:00	12.4	남	170	16.22	1.56	7.8	2.24	8.0	1.0	동북동	62	9.1	1033.9	-	34	
2021-11-27 16:25:00	8.3	남남동	165	16.23	1.31	7.7	1.83	7.5	0.8	동북동	71	9.2	1033.9	-	46	
2021-11-27 16:30:00	10.9	남남동	159	16.22	1.38	7.8	1.86	8.0	0.7	동	93	9.4	1033.9	-	36	
2021-11-27 16:35:00	9.5	남남동	159	16.20	1.19	8.0	1.84	9.0	1.5	북동	45	9.3	1034.0	-	34	
2021-11-27 16:40:00	10.8	남남동	167	16.20	1.32	7.6	1.63	7.5	1.3	북	5	9.2	1034.0	-	37	
2021-11-27 16:45:00	7.2	남남동	164	16.19	1.15	8.0	1.74	8.0	1.3	북북서	346	9.1	1034.1	-	36	
2021-11-27 16:50:00	6.5	남남동	161	16.18	1.19	7.6	1.80	7.5	0.8	동북동	64	9.0	1034.1	-	50	
2021-11-27 16:55:00	10.6	남남서	195	16.18	1.12	7.3	1.45	6.5	0.7	남동	138	8.9	1034.1	-	57	
2021-11-27 17:00:00	8.2	남	173	16.19	1.20	7.2	1.68	7.0	0.2	동	80	8.8	1034.1	-	47	
2021-11-27 17:05:00	6.2	남남서	204	16.19	1.26	8.7	1.87	6.5	1.6	동북동	62	8.9	1034.1	-	55	
2021-11-27 17:10:00	5.7	남	184	16.18	1.35	7.8	2.07	7.5	0.8	동북동	62	8.9	1034.1	-	38	
2021-11-27 17:15:00	4.4	남남동	157	16.18	1.29	7.9	1.76	7.0	0.2	동북동	59	8.8	1034.1	-	44	
2021-11-27 17:20:00	4.9	남남서	194	16.18	1.29	7.8	1.79	7.0	0.7	북동	48	8.9	1034.2	-	49	
2021-11-27 17:25:00	3.5	남	185	16.18	1.01	7.0	1.49	8.5	1.4	북동	56	8.9	1034.2	-	45	
2021-11-27 17:30:00	7.6	남남서	201	16.17	1.26	8.0	1.79	7.0	0.8	북북동	24	8.9	1034.2	-	34	
2021-11-27 17:35:00	7.6	남	182	16.17	1.37	8.1	1.65	8.0	0.6	동북동	61	9.0	1034.3	-	38	
2021-11-27 17:40:00	8.2	남	182	16.18	1.46	7.2	1.83	7.5	0.6	동북동	72	9.0	1034.3	-	46	
2021-11-27 17:45:00	7.9	남	182	16.18	1.31	8.0	1.97	7.0	1.7	서	266	9.0	1034.4	-	31	
2021-11-27 17:50:00	4.1	남남서	192	16.17	1.62	8.4	2.25	8.0	2.2	서	262	8.8	1034.4	-	37	
2021-11-27 17:55:00	4.1	남	188	16.15	1.48	8.3	2.10	8.0	2.7	서	263	8.6	1034.4	-	39	
2021-11-27 18:00:00	-	-	-	-	-	-	-	-	-	-	-	-	-	-	-	
2021-11-27 18:05:00	7.4	남	172	16.17	0.00	0.0	0.00	0.0	2.9	서남서	257	8.1	1034.5	-	15	
2021-11-27 18:10:00	14.3	남	178	16.15	1.17	7.5	1.83	7.5	3.1	서남서	253	7.9	1034.5	-	54	
2021-11-27 18:15:00	9.6	남	180	16.14	1.11	7.7	1.47	8.5	3.4	남서	236	7.5	1034.5	-	46	
2021-11-27 18:20:00	7.3	남남동	160	16.12	1.39	7.9	1.95	7.5	3.1	남서	225	7.3	1034.6	-	47	
2021-11-27 18:25:00	7.7	남남동	161	16.11	1.36	8.0	1.79	7.5	2.8	남서	235	7.1	1034.6	-	34	
2021-11-27 18:30:00	6.9	남	175	16.13	1.32	7.9	1.56	8.5	3.3	남서	235	7.3	1034.6	-	43	
2021-11-27 18:35:00	8.7	남	183	16.14	1.26	7.8	1.55	6.5	3.5	남서	225	7.4	1034.6	-	49	
2021-11-27 18:40:00	10.1	남	179	16.14	1.58	7.9	1.90	7.5	3.1	남서	233	7.0	1034.7	-	43	
2021-11-27 18:45:00	8.6	남	180	16.14	1.39	7.9	1.69	6.5	3.3	남서	233	6.9	1034.7	-	34	
2021-11-27 18:50:00	7.2	남	189	16.14	1.43	8.3	1.80	8.5	3.3	남서	232	6.8	1034.8	-	23	
2021-11-27 18:55:00	8.2	남	186	16.13	0.98	7.9	1.42	7.5	4.1	남서	223	6.8	1034.8	-	41	
2021-11-27 19:00:00	8.8	남	184	16.13	1.26	8.5	1.58	8.5	3.8	남서	228	6.7	1034.8	-	27	
2021-11-27 19:05:00	9.7	남	176	16.12	1.17	7.6	1.58	7.5	4.0	남서	229	6.9	1034.8	-	46	
2021-11-27 19:10:00	8.0	남	173	16.12	1.28	8.1	1.83	8.0	3.8	남서	232	6.9	1034.8	-	46	
2021-11-27 19:15:00	11.5	남	186	16.13	1.35	8.0	2.26	8.0	3.5	남서	227	6.5	1034.9	-	40	
2021-11-27 19:20:00	10.3	남	173	16.12	1.22	8.2	1.48	7.0	3.4	남서	228	6.4	1034.9	-	31	
2021-11-27 19:25:00	6.7	남남동	158	16.11	1.45	7.7	1.83	8.5	4.0	서남서	243	6.9	1034.9	-	29	
2021-11-27 19:30:00	10.4	남	181	16.12	1.53	8.1	1.85	8.5	4.0	서남서	238	6.6	1035.0	-	41	
2021-11-27 19:35:00	11.2	남	191	16.11	1.12	8.4	2.26	7.0	3.6	서남서	247	6.5	1035.0	-	43	
2021-11-27 19:40:00	10.4	남	189	16.14	1.27	8.5	1.78	7.0	3.3	서남서	245	6.5	1034.9	-	38	
2021-11-27 19:45:00	9.6	남	169	16.14	1.16	8.1	1.47	7.5	3.6	남서	226	6.6	1034.9	-	41	
2021-11-27 19:50:00	7.3	남남서	203	16.13	1.56	8.0	2.01	8.0	3.7	남서	228	6.4	1034.8	-	45	
2021-11-27 19:55:00	9.4	남	190	16.14	1.39	8.2	1.63	8.5	3.6	남서	229	6.2	1034.9	-	36	
2021-11-27 20:00:00	6.6	남남서	196	16.14	1.31	7.0	1.71	7.5	3.8	남서	230	6.2	1034.9	-	40	
2021-11-27 20:05:00	10.7	남남서	195	16.13	1.37	7.8	2.03	6.5	4.1	서남서	247	6.6	1034.9	-	43	
2021-11-27 20:10:00	9.7	남	171	16.14	1.54	8.5	1.92	8.5	4.9	서남서	252	6.7	1034.9	-	41	
2021-11-27 20:15:00	6.9	남남동	168	16.14	1.55	8.0	2.22	7.5	4.9	서남서	250	6.3	1035.0	-	43	
2021-11-27 20:20:00	6.3	남	170	16.13	1.22	8.0	1.68	7.5	4.3	서남서	248	6.2	1035.0	-	43	
2021-11-27 20:25:00	6.2	남	188	16.12	1.09	7.6	1.87	7.5	3.5	서남서	241	6.6	1035.0	-	47	
2021-11-27 20:30:00	6.5	남동	124	16.13	1.15	8.1	1.57	9.0	3.6	남서	219	6.7	1035.0	-	46	
2021-11-27 20:35:00	7.6	남	189	16.14	1.28	7.3	1.72	9.5	3.5	남서	233	6.6	1035.1	-	40	
2021-11-27 20:40:00	7.2	남남서	197	16.14	1.33	8.5	1.66	9.0	3.7	서남서	249	6.5	1035.1	-	30	
2021-11-27 20:45:00	5.8	남남서	193	16.13	1.04	8.3	1.52	7.5	4.0	서남서	249	6.4	1035.1	-	51	
2021-11-27 20:50:00	6.9	남	191	16.13	1.26	8.0	1.71	8.5	3.8	서남서	249	6.4	1035.1	-	46	
2021-11-27 20:55:00	3.4	남	173	16.13	1.23	8.1	1.58	7.0	4.2	서남서	248	6.3	1035.1	-	29	
2021-11-27 21:00:00	5.2	남남서	199	16.13	1.45	7.9	1.86	6.5	3.9	서남서	248	6.3	1035.1	-	41	
2021-11-27 21:05:00	4.8	남	169	16.13	1.24	7.3	1.57	8.5	3.9	서남서	250	6.2	1035.1	-	48	
2021-11-27 21:10:00	4.0	남서	223	16.14	1.18	8.3	1.66	9.0	3.6	서남서	248	6.3	1035.1	-	38	
2021-11-27 21:15:00	2.9	남남서	204	16.15	1.27	8.0	1.74	8.0	3.9	서남서	243	6.3	1035.2	-	32	
2021-11-27 21:20:00	5.2	남남서	210	16.16	1.29	8.3	1.47	7.0	3.5	서남서	237	6.4	1035.2	-	29	
2021-11-27 21:25:00	11.4	서남서	237	16.15	1.08	7.2	1.48	8.5	3.5	남서	236	6.5	1035.1	-	43	
2021-11-27 21:30:00	4.9	남남서	209	16.16	1.50	7.9	2.00	8.0	3.6	서남서	250	6.3	1035.1	-	36	
2021-11-27 21:35:00	4.6	남남서	212	16.15	1.44	8.5	2.32	8.5	3.5	서남서	248	6.0	1035.1	-	44	
2021-11-27 21:40:00	0.5	북동	53	16.15	1.04	8.4	1.28	8.0	2.9	서남서	247	6.2	1035.1	-	33	
2021-11-27 21:45:00	2.6	남	181	16.15	1.26	7.6	1.60	7.0	2.3	남서	234	6.0	1035.1	-	41	
2021-11-27 21:50:00	4.2	동	83	16.14	1.02	7.8	1.25	8.5	2.0	남서	235	5.9	1035.0	-	41	
2021-11-27 21:55:00	6.0	서남서	259	16.15	1.29	8.1	1.83	8.5	2.6	서남서	251	6.0	1035.0	-	50	
2021-11-27 22:00:00	5.7	서	279	16.14	1.40	8.0	1.77	7.5	3.3	서남서	255	5.9	1035.0	-	39	
2021-11-27 22:05:00	6.6	남동	146	16.15	1.59	8.3	1.87	8.0	2.6	서남서	249	5.8	1034.9	-	40	
2021-11-27 22:10:00	5.3	남남서	208	16.15	1.27	8.3	1.48	7.5	2.8	남서	233	5.8	1034.9	-	31	
2021-11-27 22:15:00	9.0	서남서	239	16.14	1.24	7.8	1.97	7.0	2.5	남서	231	5.7	1034.9	-	27	
2021-11-27 22:20:00	5.1	서북서	298	16.14	1.31	7.8	1.69	6.5	2.6	남서	228	5.8	1034.9	-	47	
2021-11-27 22:25:00	3.9	서	275	16.13	1.42	8.2	1.96	8.0	3.2	남서	230	5.6	1034.9	-	51	
2021-11-27 22:30:00	9.6	서북서	286	16.12	1.38	8.2	2.08	7.5	3.3	남서	223	5.6	1034.9	-	50	
2021-11-27 22:35:00	5.1	서남서	248	16.12	1.21	7.1	2.11	7.0	3.5	남남서	208	5.7	1034.8	-	45	
2021-11-27 22:40:00	5.2	서북서	299	16.11	1.10	7.6	1.40	7.0	3.5	남서	219	5.9	1034.8	-	47	
2021-11-27 22:45:00	5.5	서	278	16.11	1.20	7.9	1.53	8.5	4.2	남서	220	6.2	1034.8	-	42	
2021-11-27 22:50:00	4.9	북북동	19	16.10	1.23	7.9	2.50	8.5	4.4	남서	225	6.1	1034.8	-	47	
2021-11-27 22:55:00	1.4	서남서	255	16.09	1.10	8.1	1.48	9.0	4.2	남서	227	6.0	1034.8	-	45	
2021-11-27 23:00:00	6.1	서	265	16.09	1.41	8.3	1.91	7.0	4.2	남서	229	6.0	1034.8	-	41	
2021-11-27 23:05:00	4.5	서	267	16.08	1.20	8.2	1.91	6.5	4.2	남서	226	5.8	1034.8	-	39	
2021-11-27 23:10:00	9.3	서북서	294	16.08	1.21	8.3	1.68	8.5	3.9	남서	225	6.0	1034.8	-	49	
2021-11-27 23:15:00	8.3	북서	316	16.08	1.26	7.8	1.63	8.0	3.7	남서	221	6.0	1034.8	-	40	
2021-11-27 23:20:00	6.6	북서	307	16.10	1.01	7.4	1.20	7.0	3.6	남서	231	6.3	1034.8	-	30	
2021-11-27 23:25:00	4.8	북서	309	16.11	1.23	7.2	1.85	7.5	3.5	서남서	238	6.3	1034.8	-	43	
2021-11-27 23:30:00	7.4	서남서	252	16.13	1.34	8.5	1.71	9.0	3.4	남서	226	6.4	1034.8	-	64	
2021-11-27 23:35:00	7.4	서	275	16.13	1.27	7.7	1.82	7.0	3.6	남서	234	6.5	1034.8	-	47	
2021-11-27 23:40:00	9.6	북서	307	16.13	1.20	7.6	1.62	9.5	3.3	남서	233	6.7	1034.8	-	49	
2021-11-27 23:45:00	4.7	서북서	300	16.12	1.20	7.8	2.16	7.5	3.4	남서	231	6.6	1034.7	-	49	
2021-11-27 23:50:00	4.5	북서	310	16.12	1.21	7.9	1.58	8.0	3.9	남서	223	6.8	1034.7	-	57	
2021-11-27 23:55:00	6.6	서남서	241	16.11	1.19	7.8	1.51	8.0	3.1	남서	229	6.4	1034.7	-	47	
2021-11-28 00:00:00	2.8	북북동	18	16.13	0.99	8.4	1.28	6.5	3.7	남서	226	6.3	1034.7	-	37	
2021-11-28 00:05:00	0.5	북북서	332	16.13	1.28	8.1	1.92	8.5	3.2	남서	232	6.1	1034.6	-	58	
2021-11-28 00:10:00	6.0	남남서	212	16.12	1.18	7.1	1.58	7.5	3.3	남서	236	6.1	1034.5	-	47	
2021-11-28 00:15:00	4.1	서북서	298	16.12	1.05	8.6	1.28	9.0	3.1	남서	235	6.1	1034.5	-	37	
2021-11-28 00:20:00	8.2	서남서	245	16.12	1.25	8.2	1.88	7.5	2.9	남서	235	6.2	1034.5	-	43	
2021-11-28 00:25:00	6.6	남	190	16.12	1.22	7.9	1.54	7.0	2.0	남서	222	6.4	1034.5	-	45	
2021-11-28 00:30:00	7.4	서남서	238	16.11	1.10	7.5	1.52	7.5	2.8	서남서	242	6.6	1034.5	-	62	
2021-11-28 00:35:00	3.0	남남서	200	16.11	1.56	9.0	1.79	9.0	2.4	서남서	246	6.4	1034.4	-	52	
2021-11-28 00:40:00	2.0	서남서	247	16.10	1.22	8.5	2.05	8.0	2.6	서남서	248	6.3	1034.4	-	50	
2021-11-28 00:45:00	3.7	남남서	209	16.09	1.10	8.4	1.32	8.0	2.2	서남서	245	6.2	1034.4	-	38	
2021-11-28 00:50:00	3.5	남남서	192	16.09	1.27	8.0	1.90	8.5	1.6	남서	235	6.1	1034.4	-	55	
2021-11-28 00:55:00	5.2	남서	214	16.09	1.23	8.0	1.65	7.0	1.4	남서	226	6.1	1034.5	-	52	
2021-11-28 01:00:00	3.8	남동	132	16.09	1.17	8.3	1.41	9.0	1.6	남남서	209	6.2	1034.4	-	51	
2021-11-28 01:05:00	2.0	동남동	107	16.08	1.27	8.3	1.70	7.5	1.8	남남서	209	6.1	1034.4	-	42	
2021-11-28 01:10:00	4.9	남남서	197	16.07	1.09	8.2	1.45	8.5	1.8	남서	215	5.9	1034.4	-	53	
2021-11-28 01:15:00	4.4	남서	233	16.07	1.18	8.1	1.49	7.0	1.7	서남서	251	5.9	1034.4	-	23	
2021-11-28 01:20:00	3.4	남	190	16.06	1.22	7.7	2.06	7.5	1.6	서남서	250	6.2	1034.3	-	1	
2021-11-28 01:25:00	5.4	동남동	102	16.06	1.34	8.1	2.24	7.5	1.8	남서	228	6.1	1034.2	-	38	
2021-11-28 01:30:00	1.9	남남동	163	16.06	1.17	8.1	1.72	8.0	1.8	남서	226	6.4	1034.2	-	56	
2021-11-28 01:35:00	7.3	서남서	237	16.05	1.30	8.4	1.90	8.0	1.7	남남서	208	6.6	1034.1	-	52	
2021-11-28 01:40:00	6.1	서	259	16.05	1.20	8.6	1.48	7.5	1.8	남서	231	6.7	1034.1	-	46	
2021-11-28 01:45:00	2.2	남	188	16.05	1.15	8.5	1.51	9.0	2.4	남서	223	6.4	1034.0	-	46	
2021-11-28 01:50:00	1.5	남동	143	16.05	1.28	8.0	1.60	8.5	2.2	남남서	211	6.3	1034.0	-	50	
2021-11-28 01:55:00	4.0	남남동	150	16.04	1.03	7.8	1.50	7.0	1.7	남서	214	6.0	1034.0	-	51	
2021-11-28 02:00:00	2.0	남동	143	16.03	1.13	7.8	1.46	7.5	1.6	남	185	6.0	1034.0	-	30	
2021-11-28 02:05:00	2.7	북북서	346	16.03	1.13	8.1	1.25	9.5	1.8	남	189	6.2	1034.1	-	48	
2021-11-28 02:10:00	6.7	서남서	249	16.03	1.29	8.0	1.71	8.0	1.6	남남서	200	6.2	1034.1	-	49	
2021-11-28 02:15:00	7.2	서남서	256	16.03	1.14	8.2	1.71	7.0	2.0	남남서	196	6.2	1034.1	-	41	
2021-11-28 02:20:00	9.1	서남서	241	16.02	1.49	8.0	1.92	8.5	1.5	남남서	197	6.3	1034.1	-	38	
2021-11-28 02:25:00	6.1	남남동	151	16.03	0.90	7.7	1.36	7.5	1.6	남남서	200	6.4	1034.0	-	53	
2021-11-28 02:30:00	3.9	서	270	16.03	1.04	8.3	1.35	7.0	1.7	남남서	192	6.5	1034.0	-	56	
2021-11-28 02:35:00	7.1	서남서	237	16.03	0.96	7.7	1.48	7.5	2.0	남	187	6.4	1034.0	-	31	
2021-11-28 02:40:00	9.8	서	274	16.03	1.40	8.5	2.41	9.0	2.4	남	186	6.3	1033.9	-	48	
2021-11-28 02:45:00	6.7	서	271	16.03	1.15	7.9	1.69	7.0	2.5	남	191	6.4	1033.9	-	46	
2021-11-28 02:50:00	5.8	서남서	254	16.03	1.30	8.0	1.95	8.0	2.7	남남서	194	6.6	1033.8	-	57	
2021-11-28 02:55:00	1.6	북	351	16.04	1.20	8.4	1.75	8.5	2.4	남	189	6.4	1033.9	-	51	
2021-11-28 03:00:00	15.8	서남서	258	16.04	1.02	7.3	1.42	7.5	1.9	남	176	6.2	1033.9	-	65	
2021-11-28 03:05:00	6.6	서북서	296	16.05	1.06	8.2	1.30	6.0	1.3	남	190	6.2	1033.9	-	56	
2021-11-28 03:10:00	10.5	서	262	16.05	1.06	7.6	1.62	8.0	1.4	남남서	200	6.3	1033.9	-	46	
2021-11-28 03:15:00	7.8	서남서	243	16.05	0.97	7.8	1.14	7.5	0.9	남	186	6.3	1033.9	-	48	
2021-11-28 03:20:00	8.6	서	271	16.05	1.05	7.3	1.75	6.5	1.4	남남서	212	6.6	1033.9	-	31	
2021-11-28 03:25:00	9.3	서	277	16.05	1.04	8.2	1.17	7.5	2.7	서남서	239	7.4	1033.9	-	37	
2021-11-28 03:30:00	10.0	서북서	296	16.05	1.44	8.1	1.77	7.0	3.2	서남서	253	7.3	1033.8	-	44	
2021-11-28 03:35:00	11.2	서	279	16.05	1.23	7.6	1.95	9.0	3.3	서남서	250	7.2	1033.7	-	45	
2021-11-28 03:40:00	3.0	서	265	16.05	0.83	7.6	1.32	6.5	2.9	남서	224	7.5	1033.7	-	49	
2021-11-28 03:45:00	8.0	서	266	16.05	1.15	7.6	1.79	7.5	3.3	남서	224	7.5	1033.7	-	39	
2021-11-28 03:50:00	8.0	서	277	16.06	1.02	8.2	1.26	8.5	2.8	남서	222	7.5	1033.7	-	41	
2021-11-28 03:55:00	5.0	남남서	214	16.06	0.91	7.5	1.32	7.0	3.1	남서	219	7.7	1033.7	-	58	
2021-11-28 04:00:00	5.0	서북서	291	16.05	1.01	7.9	1.44	7.0	3.5	서남서	244	7.8	1033.7	-	57	
2021-11-28 04:05:00	8.5	북서	311	16.05	1.14	8.6	1.34	8.5	3.6	서남서	254	7.4	1033.7	-	39	
2021-11-28 04:10:00	7.0	서북서	294	16.06	0.95	6.9	1.27	6.5	3.8	서남서	250	7.4	1033.6	-	40	
2021-11-28 04:15:00	7.2	서북서	297	16.06	1.07	8.0	1.53	8.0	4.0	서남서	242	7.5	1033.6	-	39	
2021-11-28 04:20:00	7.3	북서	305	16.05	0.99	7.2	1.43	6.5	4.0	서남서	251	7.7	1033.5	-	40	
2021-11-28 04:25:00	14.4	서북서	283	16.06	1.05	7.7	1.66	7.5	4.1	서남서	252	7.4	1033.5	-	42	
2021-11-28 04:30:00	14.6	서	277	16.06	0.96	8.1	1.47	8.5	4.1	서남서	254	7.4	1033.4	-	49	
2021-11-28 04:35:00	6.2	서북서	301	16.06	1.09	7.4	1.47	8.0	4.1	서남서	252	7.4	1033.4	-	41	
2021-11-28 04:40:00	5.1	서남서	240	16.06	1.03	7.6	1.37	7.0	4.1	서남서	252	7.4	1033.4	-	51	
2021-11-28 04:45:00	7.0	서남서	258	16.05	0.98	7.8	1.18	7.5	4.0	서남서	251	7.4	1033.4	-	55	
2021-11-28 04:50:00	5.1	북서	318	16.06	0.98	6.9	1.63	7.5	4.3	서남서	251	7.4	1033.4	-	50	
2021-11-28 04:55:00	6.8	북서	315	16.06	0.97	7.3	1.33	7.5	4.2	서남서	250	7.3	1033.4	-	28	
2021-11-28 05:00:00	7.7	북북동	16	16.06	0.90	7.3	1.14	6.5	4.5	서남서	242	7.3	1033.4	-	36	
2021-11-28 05:05:00	5.7	북북서	343	16.05	0.81	7.2	1.18	7.0	5.0	서남서	242	7.2	1033.4	-	52	
2021-11-28 05:10:00	5.3	북	2	16.05	1.21	8.0	1.98	8.0	4.9	서남서	247	7.1	1033.4	-	44	
2021-11-28 05:15:00	8.0	북북동	18	16.04	1.03	7.7	1.22	7.0	5.0	서남서	247	7.1	1033.4	-	45	
2021-11-28 05:20:00	8.2	북북서	346	16.04	1.21	7.6	1.70	8.0	4.8	서남서	244	7.2	1033.4	-	48	
2021-11-28 05:25:00	6.7	북서	316	16.03	1.18	8.0	1.48	8.5	4.6	서남서	246	7.2	1033.5	-	49	
2021-11-28 05:30:00	4.5	북북서	339	16.03	0.92	8.0	1.04	8.5	5.0	서남서	243	7.1	1033.4	-	39	
2021-11-28 05:35:00	4.7	북북서	328	16.01	0.84	7.6	1.20	7.5	4.8	서남서	243	7.1	1033.4	-	36	
2021-11-28 05:40:00	3.3	북	6	16.01	0.92	7.3	1.13	7.0	5.3	서남서	248	7.2	1033.4	-	33	
2021-11-28 05:45:00	7.4	북	349	16.00	0.80	7.7	1.10	6.5	5.2	서남서	243	7.2	1033.4	-	20	
2021-11-28 05:50:00	5.2	북	6	16.00	0.73	8.0	1.00	7.0	5.3	서남서	248	7.3	1033.4	-	73	
2021-11-28 05:55:00	5.1	북서	326	16.00	1.03	8.0	1.30	8.0	5.3	서남서	246	7.4	1033.5	-	37	
2021-11-28 06:00:00	4.7	북동	43	16.00	0.83	8.0	1.08	9.0	5.1	서남서	248	7.4	1033.5	-	55	
2021-11-28 06:05:00	7.7	북	358	15.98	0.91	7.2	1.41	6.5	5.3	서남서	246	7.4	1033.5	-	38	
2021-11-28 06:10:00	6.5	북북동	12	15.97	0.94	7.8	1.04	7.0	5.3	서남서	245	7.5	1033.5	-	31	
2021-11-28 06:15:00	8.1	북북동	14	15.98	0.90	7.9	1.07	7.0	5.3	서남서	244	7.6	1033.6	-	24	
2021-11-28 06:20:00	5.7	북북동	19	15.98	0.68	7.4	0.83	6.0	5.3	서남서	244	7.6	1033.6	-	41	
2021-11-28 06:25:00	5.6	북북동	23	15.97	0.79	6.8	0.93	5.5	4.8	서남서	243	7.8	1033.6	-	33	
2021-11-28 06:30:00	5.0	동	79	15.97	0.91	6.8	1.23	6.0	4.9	서남서	242	7.9	1033.6	-	42	
2021-11-28 06:35:00	4.5	북	355	15.96	0.89	7.5	1.20	6.5	5.0	서남서	237	8.0	1033.6	-	48	
2021-11-28 06:40:00	5.4	북	357	15.96	1.05	7.5	1.63	7.5	5.0	남서	231	8.1	1033.6	-	50	
2021-11-28 06:45:00	6.1	서북서	294	15.94	0.93	7.4	1.19	7.5	4.8	서남서	240	8.2	1033.6	-	41	
2021-11-28 06:50:00	7.0	북서	308	15.94	1.03	7.1	1.45	7.5	4.7	서남서	239	8.2	1033.5	-	47	
2021-11-28 06:55:00	1.0	서북서	286	15.94	0.87	7.1	1.04	7.0	4.6	서남서	240	8.3	1033.5	-	54	
2021-11-28 07:00:00	1.8	남	190	15.95	0.96	8.0	1.32	7.5	5.1	남서	232	8.4	1033.5	-	26	
2021-11-28 07:05:00	5.5	서북서	282	15.94	0.90	7.8	1.11	7.0	5.0	남서	233	8.5	1033.5	-	38	
2021-11-28 07:10:00	8.1	북북동	24	15.92	0.88	7.9	1.04	6.0	5.2	남서	232	8.5	1033.4	-	53	
2021-11-28 07:15:00	0.9	서남서	248	15.92	0.99	7.6	1.51	7.0	5.6	남서	227	8.4	1033.4	-	38	
2021-11-28 07:20:00	3.1	북북서	332	15.93	0.79	6.9	1.21	6.0	5.7	남서	231	8.4	1033.4	-	56	
2021-11-28 07:25:00	7.0	북북서	333	15.92	1.03	7.6	1.24	7.5	6.5	남서	230	8.5	1033.5	-	26	
2021-11-28 07:30:00	2.5	북북서	347	15.93	0.62	7.2	0.77	6.5	6.3	남서	228	8.4	1033.4	-	28	
2021-11-28 07:35:00	1.5	서	280	15.93	0.85	7.3	1.30	7.0	5.6	남서	225	8.2	1033.5	-	38	
2021-11-28 07:40:00	1.2	북서	314	15.94	0.87	7.3	1.29	7.5	5.2	남서	223	8.1	1033.5	-	42	
2021-11-28 07:45:00	3.8	북동	34	15.94	0.71	7.0	0.91	6.5	5.5	남서	221	8.1	1033.5	-	14	
2021-11-28 07:50:00	1.7	서	260	15.93	0.78	7.1	1.04	6.0	4.9	남서	225	8.0	1033.5	-	8	
2021-11-28 07:55:00	1.3	북동	43	15.92	0.93	7.2	1.32	8.5	5.1	남서	222	7.9	1033.5	-	35	
2021-11-28 08:00:00	1.0	북북동	24	15.90	0.65	6.8	0.87	8.0	4.2	남서	217	7.9	1033.5	-	40	
2021-11-28 08:05:00	1.8	동북동	73	15.90	0.86	8.0	1.02	6.5	3.3	남서	217	7.9	1033.6	-	34	
2021-11-28 08:10:00	1.5	북북서	346	15.90	0.80	7.0	1.02	7.0	3.7	남서	228	8.0	1033.5	-	55	
2021-11-28 08:15:00	2.7	북북동	27	15.90	0.83	7.8	1.07	7.0	4.2	남서	230	8.1	1033.5	-	30	
2021-11-28 08:20:00	3.4	동북동	78	15.90	0.74	6.9	1.10	9.0	4.1	남서	235	8.4	1033.6	-	52	
2021-11-28 08:25:00	2.8	북북동	19	15.92	0.96	7.3	1.48	7.0	4.1	남서	225	8.8	1033.6	-	44	
2021-11-28 08:30:00	3.0	남동	134	15.92	1.02	7.6	1.35	7.5	4.3	남서	230	8.9	1033.7	-	15	
2021-11-28 08:35:00	2.6	남남동	152	15.91	0.77	7.4	0.93	7.5	4.3	남서	231	8.8	1033.7	-	19	
2021-11-28 08:40:00	1.4	동북동	71	15.89	0.96	7.0	1.37	7.5	4.2	남서	230	8.9	1033.7	-	54	
2021-11-28 08:45:00	0.9	서	278	15.91	0.73	7.0	0.92	8.0	4.2	남서	230	8.9	1033.7	-	30	
2021-11-28 08:50:00	3.3	동북동	61	15.91	0.83	7.3	0.93	7.0	3.2	남서	222	9.2	1033.7	-	32	
2021-11-28 08:55:00	1.2	북동	50	15.90	0.93	7.4	1.12	6.5	3.0	남서	229	9.5	1033.7	-	49	
2021-11-28 09:00:00	4.7	북서	326	15.91	0.68	7.5	0.87	8.0	2.7	남서	227	9.8	1033.7	-	33	
2021-11-28 09:05:00	2.3	북북서	336	15.91	0.83	7.2	1.16	6.5	2.9	남서	233	10.0	1033.7	-	32	
2021-11-28 09:10:00	1.3	북북동	21	15.92	0.82	6.7	1.25	7.0	1.9	남서	227	10.3	1033.6	-	52	
2021-11-28 09:15:00	3.6	동	91	15.92	0.79	6.9	1.16	7.0	2.5	남서	231	10.5	1033.6	-	45	
2021-11-28 09:20:00	1.5	동남동	110	15.91	0.71	6.7	0.83	7.5	2.2	남서	226	10.4	1033.6	-	24	
2021-11-28 09:25:00	2.1	북북서	332	15.91	0.76	7.4	0.90	8.5	2.2	남남서	212	10.6	1033.5	-	46	
2021-11-28 09:30:00	1.2	북서	322	15.90	0.72	6.7	0.96	6.5	2.1	남서	222	10.7	1033.5	-	46	
2021-11-28 09:35:00	1.4	북	352	15.90	0.75	7.0	0.97	6.5	1.7	남서	225	10.6	1033.5	-	36	
2021-11-28 09:40:00	1.2	북북동	25	15.90	0.76	6.9	1.07	6.5	1.9	남남서	204	10.9	1033.4	-	15	
2021-11-28 09:45:00	1.0	서북서	284	15.90	0.81	6.5	1.07	7.0	2.6	남남서	204	10.9	1033.4	-	32	
2021-11-28 09:50:00	0.9	북북서	336	15.90	0.88	7.0	1.25	6.5	2.7	남남서	201	11.0	1033.4	-	48	
2021-11-28 09:55:00	1.8	북북서	338	15.90	0.78	7.0	1.34	6.5	2.3	남남서	200	11.0	1033.4	-	60	
2021-11-28 10:00:00	1.1	북서	318	15.90	0.92	7.2	1.22	7.0	1.9	남남서	201	11.1	1033.3	-	45	
2021-11-28 10:05:00	1.2	북	353	15.90	0.73	7.2	0.84	7.0	1.9	남남서	205	11.2	1033.3	-	50	
2021-11-28 10:10:00	3.5	북	357	15.90	0.85	7.5	1.62	6.5	1.8	남	183	11.2	1033.3	-	37	
2021-11-28 10:15:00	2.8	북북동	21	15.90	0.95	7.1	1.09	7.5	1.5	남남서	196	11.4	1033.2	-	26	
2021-11-28 10:20:00	1.2	북북동	27	15.90	0.78	7.6	1.02	8.5	1.7	남	180	11.5	1033.2	-	36	
2021-11-28 10:25:00	2.9	북북서	334	15.91	0.81	6.7	1.19	6.5	1.6	남	172	11.6	1033.1	-	46	
2021-11-28 10:30:00	1.8	북서	307	15.90	0.85	6.8	1.17	6.5	1.6	남남동	162	11.7	1033.1	-	34	
2021-11-28 10:35:00	1.1	북북서	332	15.90	0.71	7.3	0.93	6.5	1.6	남남동	159	11.7	1033.0	-	48	
2021-11-28 10:40:00	0.3	동북동	78	15.90	0.81	6.9	1.38	7.0	1.9	남	169	11.8	1032.9	-	36	
2021-11-28 10:45:00	3.9	북북동	13	15.91	0.90	7.2	1.27	7.5	2.0	남남동	161	11.7	1032.9	-	36	
2021-11-28 10:50:00	2.8	북서	316	15.91	0.74	7.0	1.11	7.0	1.7	남남동	156	11.9	1032.9	-	67	
2021-11-28 10:55:00	0.7	남남동	169	15.91	0.70	7.0	1.05	7.0	2.1	남남동	150	11.9	1032.8	-	29	
2021-11-28 11:00:00	4.0	북북동	20	15.92	0.93	7.1	1.06	8.5	2.1	남동	130	11.9	1032.7	-	35	
2021-11-28 11:05:00	4.0	북서	312	15.92	0.79	6.4	1.21	7.5	2.2	남동	135	11.9	1032.6	-	50	
2021-11-28 11:10:00	2.9	북	0	15.92	0.80	7.2	1.18	7.5	2.5	남동	132	12.0	1032.6	-	53	
2021-11-28 11:15:00	5.3	북	357	15.92	0.85	7.2	1.04	8.0	2.4	남동	138	12.0	1032.5	-	41	
2021-11-28 11:20:00	2.7	북	10	15.92	0.93	7.0	1.66	8.0	2.5	남동	129	12.2	1032.4	-	64	
2021-11-28 11:25:00	1.7	북동	50	15.92	0.67	6.8	0.83	7.0	2.6	남동	133	12.2	1032.2	-	74	
2021-11-28 11:30:00	7.4	북북동	21	15.92	0.69	6.9	0.84	5.5	2.3	동남동	117	12.3	1032.1	-	50	
2021-11-28 11:35:00	4.0	북북동	30	15.92	1.00	7.0	1.29	6.5	2.8	동남동	111	12.2	1031.9	-	54	
2021-11-28 11:40:00	8.6	동북동	63	15.92	0.95	7.5	1.43	7.0	2.6	동남동	108	12.4	1031.8	-	49	
2021-11-28 11:45:00	2.2	북	353	15.92	0.91	6.8	1.35	7.5	2.6	동남동	117	12.3	1031.7	-	36	
2021-11-28 11:50:00	5.7	북북동	31	15.93	0.85	7.3	1.27	7.5	2.6	동남동	121	12.3	1031.6	-	55	
2021-11-28 11:55:00	5.6	북	7	15.93	0.89	7.5	1.21	6.5	2.6	동남동	123	12.5	1031.6	-	49	
2021-11-28 12:00:00	1.9	북동	36	15.93	0.79	7.1	0.90	6.0	2.9	동남동	119	12.4	1031.5	-	27	
2021-11-28 12:05:00	6.5	북	2	15.94	0.68	7.0	1.03	8.0	3.1	동남동	110	12.4	1031.4	-	37	
2021-11-28 12:10:00	3.8	북북동	16	15.94	0.79	6.9	1.42	7.0	3.6	동남동	122	12.4	1031.2	-	58	
2021-11-28 12:15:00	8.4	북동	38	15.94	0.79	7.3	1.07	6.5	3.6	동남동	117	12.5	1031.1	-	42	
2021-11-28 12:20:00	8.1	북	349	15.94	0.87	7.0	1.18	7.0	3.6	동남동	119	12.7	1031.1	-	46	
2021-11-28 12:25:00	5.2	북북서	344	15.94	0.61	7.5	0.91	7.0	3.7	동남동	119	12.8	1031.0	-	26	
2021-11-28 12:30:00	6.5	북	9	15.94	0.75	7.2	1.00	6.5	3.7	동남동	119	13.0	1030.9	-	27	
2021-11-28 12:35:00	8.6	북	359	15.95	0.78	7.3	1.14	7.0	4.1	남동	127	13.1	1030.8	-	67	
2021-11-28 12:40:00	8.1	북	8	15.95	0.76	6.9	0.95	6.5	4.2	남동	134	13.2	1030.7	-	66	
2021-11-28 12:45:00	10.0	북북서	347	15.95	0.87	7.7	1.14	10.0	4.3	남동	133	13.3	1030.7	-	38	
2021-11-28 12:50:00	7.7	북	1	15.95	1.00	7.3	1.38	6.5	4.8	남동	134	13.3	1030.6	-	46	
2021-11-28 12:55:00	8.6	북북동	16	15.95	0.73	7.8	1.39	8.5	5.1	남동	134	13.4	1030.5	-	35	
2021-11-28 13:00:00	7.8	북	6	15.95	0.80	6.8	0.99	7.5	5.3	남동	136	13.4	1030.4	-	36	
2021-11-28 13:05:00	8.9	북	353	15.95	0.76	7.7	1.08	7.0	5.4	남동	133	13.4	1030.3	-	49	
2021-11-28 13:10:00	7.6	북	350	15.95	0.90	8.0	1.14	7.0	5.6	남동	133	13.4	1030.2	-	52	
2021-11-28 13:15:00	11.2	북	350	15.95	0.85	8.5	1.25	6.0	6.2	남동	135	13.5	1030.1	-	72	
2021-11-28 13:20:00	11.1	북	355	15.95	0.89	7.5	1.20	7.5	6.6	남동	133	13.5	1030.0	-	50	
2021-11-28 13:25:00	8.5	북	350	15.95	0.84	7.3	1.19	7.5	6.7	남동	136	13.5	1029.9	-	50	
2021-11-28 13:30:00	12.4	북북서	341	15.94	0.85	8.1	1.16	6.5	6.2	남동	137	13.6	1029.9	-	54	
2021-11-28 13:35:00	11.0	북	0	15.93	0.88	8.5	1.24	6.0	6.5	남동	137	13.7	1029.9	-	58	
2021-11-28 13:40:00	9.8	북북서	346	15.92	0.94	8.5	1.07	10.0	6.8	남동	137	13.7	1029.8	-	53	
2021-11-28 13:45:00	11.8	북북서	346	15.90	0.87	8.2	1.20	9.5	6.7	남동	142	13.7	1029.8	-	65	
2021-11-28 13:50:00	15.6	북북서	346	15.90	1.02	7.7	1.46	7.0	6.7	남동	140	13.8	1029.7	-	86	
2021-11-28 13:55:00	16.9	북	355	15.90	1.02	7.8	1.21	7.5	6.5	남동	142	13.8	1029.7	-	54	
2021-11-28 14:00:00	13.8	북	351	15.90	0.92	6.7	1.12	6.0	6.5	남동	140	13.8	1029.7	-	64	
2021-11-28 14:05:00	15.3	북북서	345	15.88	0.91	8.7	1.36	7.5	7.0	남동	141	13.8	1029.7	-	48	
2021-11-28 14:10:00	16.3	북북서	339	15.86	0.93	7.5	1.29	8.5	6.8	남동	137	13.8	1029.7	-	62	
2021-11-28 14:15:00	17.1	북	350	15.86	0.93	7.8	1.34	7.0	6.8	남동	136	13.9	1029.7	-	64	
2021-11-28 14:20:00	-	-	-	-	0.00	0.0	0.00	0.0	-	-	-	-	-	-	0	
2021-11-28 14:25:00	19.3	북북서	335	15.85	0.75	7.0	1.16	10.0	6.8	남동	137	14.0	1029.6	-	71	
2021-11-28 14:30:00	25.7	북북서	344	15.89	0.96	7.5	1.32	12.0	6.9	남동	138	14.0	1029.6	-	66	
2021-11-28 14:35:00	25.6	북북서	331	15.93	0.89	9.3	1.05	13.5	6.9	남동	134	14.1	1029.5	-	69	
2021-11-28 14:40:00	24.7	북북서	331	15.93	0.91	7.1	1.33	6.5	6.7	남동	129	14.1	1029.5	-	62	
2021-11-28 14:45:00	23.7	북북서	336	15.93	0.96	7.3	1.30	6.5	7.1	남동	130	14.2	1029.4	-	54	
2021-11-28 14:50:00	21.5	북북서	334	15.92	1.04	9.5	1.27	8.0	6.8	남동	133	14.2	1029.3	-	62	
2021-11-28 14:55:00	30.0	북북서	337	15.92	0.89	8.1	1.21	7.0	7.1	남동	136	14.3	1029.3	-	47	
2021-11-28 15:00:00	28.8	북북서	334	15.91	0.79	7.7	1.08	10.0	7.1	남동	134	14.3	1029.2	-	60	
2021-11-28 15:05:00	31.3	북북서	339	15.88	0.90	8.3	1.22	8.5	7.0	남동	134	14.4	1029.2	-	55	
2021-11-28 15:10:00	31.5	북북서	335	15.89	0.85	8.2	1.11	9.5	7.0	남동	133	14.4	1029.3	-	60	
2021-11-28 15:15:00	34.6	북북서	337	15.88	0.95	7.7	1.29	7.5	6.9	남동	131	14.5	1029.2	-	52	
2021-11-28 15:20:00	29.8	북북서	335	15.88	1.02	8.7	1.39	7.5	6.8	남동	136	14.6	1029.2	-	23	
2021-11-28 15:25:00	31.3	북북서	336	15.88	0.85	8.0	1.13	10.5	6.4	남동	136	14.6	1029.2	-	76	
2021-11-28 15:30:00	34.7	북북서	331	15.86	0.90	8.2	1.15	8.5	6.4	남동	138	14.7	1029.2	-	56	
2021-11-28 15:35:00	32.6	북북서	339	15.85	1.02	9.5	1.30	10.0	5.9	남동	138	14.6	1029.2	-	63	
2021-11-28 15:40:00	34.7	북북서	337	15.86	0.97	7.2	1.39	6.5	5.5	남동	139	14.8	1029.2	-	68	
2021-11-28 15:45:00	34.2	북북서	335	15.87	0.80	7.5	0.98	6.0	5.0	남동	139	15.0	1029.1	-	53	
2021-11-28 15:50:00	30.4	북북서	332	15.89	0.99	8.1	1.57	6.5	4.7	남동	145	15.1	1029.1	-	50	
2021-11-28 15:55:00	30.7	북북서	337	15.92	0.88	7.9	1.20	9.0	3.9	남남서	201	15.2	1029.1	-	72	
2021-11-28 16:00:00	30.4	북북서	334	15.94	0.83	7.6	1.04	13.5	5.0	남서	227	15.7	1029.0	-	66	
2021-11-28 16:05:00	30.2	북북서	337	15.97	0.96	8.0	1.29	8.5	4.1	서남서	240	15.3	1029.0	-	67	
2021-11-28 16:10:00	26.2	북북서	333	15.98	0.78	6.5	1.19	7.5	4.1	서남서	250	14.8	1029.0	-	54	
2021-11-28 16:15:00	26.7	북북서	339	16.00	0.83	8.4	1.28	7.0	3.9	서남서	247	14.9	1029.0	-	68	
2021-11-28 16:20:00	27.5	북북서	331	16.00	0.71	6.7	0.85	8.5	3.9	서남서	250	14.8	1029.0	-	34	
2021-11-28 16:25:00	25.5	북북서	330	16.01	0.85	8.6	1.07	9.0	4.3	서남서	251	14.7	1029.0	-	66	
2021-11-28 16:30:00	28.2	북북서	328	16.01	0.76	8.2	0.97	10.5	4.6	서남서	246	14.5	1029.0	-	62	
2021-11-28 16:35:00	23.4	북북서	329	16.00	0.90	8.0	1.17	7.5	4.6	서남서	245	14.6	1029.0	-	58	
2021-11-28 16:40:00	24.6	북북서	328	16.00	0.80	10.4	0.93	11.5	4.7	서남서	243	14.4	1029.1	-	64	
2021-11-28 16:45:00	23.3	북북서	331	15.99	0.71	8.1	1.09	10.5	4.9	서남서	244	14.4	1029.1	-	39	
2021-11-28 16:50:00	23.6	북북서	327	15.98	0.78	8.8	0.91	12.0	4.3	서남서	243	14.3	1029.1	-	55	
2021-11-28 16:55:00	24.6	북북서	333	15.99	0.77	8.8	0.95	5.5	3.6	서남서	243	14.2	1029.2	-	80	
2021-11-28 17:00:00	23.6	북서	322	16.00	0.99	9.0	1.15	8.5	3.5	서남서	246	14.0	1029.1	-	54	
2021-11-28 17:05:00	27.2	북서	319	16.00	0.88	9.3	1.04	9.0	3.3	서남서	251	13.9	1029.1	-	64	
2021-11-28 17:10:00	24.2	북서	318	16.00	0.80	9.5	1.11	8.0	3.1	서남서	250	13.8	1029.2	-	65	
2021-11-28 17:15:00	23.2	북서	325	16.00	0.73	8.5	0.99	7.5	2.9	서남서	243	13.8	1029.1	-	66	
2021-11-28 17:20:00	24.5	북서	323	16.00	0.89	9.9	1.05	15.5	3.6	서남서	241	13.8	1029.1	-	73	
2021-11-28 17:25:00	22.9	북서	323	16.01	0.81	9.7	0.96	12.5	3.2	서남서	239	13.7	1029.1	-	67	
2021-11-28 17:30:00	24.2	북서	319	16.00	0.63	8.4	1.12	8.5	3.6	서남서	239	13.6	1029.0	-	59	
2021-11-28 17:35:00	20.6	북서	318	16.01	0.70	7.4	1.07	8.0	4.4	서남서	240	13.5	1029.0	-	61	
2021-11-28 17:40:00	21.7	북서	325	16.01	0.62	8.0	0.82	13.0	4.8	서남서	246	13.5	1029.0	-	28	
2021-11-28 17:45:00	20.0	북서	323	16.01	0.74	9.3	0.87	11.5	4.6	서남서	245	13.3	1029.1	-	61	
2021-11-28 17:50:00	23.9	북서	317	16.00	0.73	8.9	1.06	8.0	4.7	서남서	241	13.2	1029.2	-	64	
2021-11-28 17:55:00	21.6	북서	317	16.00	0.70	8.8	0.94	8.0	4.7	서남서	242	13.2	1029.2	-	68	
2021-11-28 18:00:00	23.2	북서	323	15.99	0.67	8.7	0.92	11.0	4.9	남서	226	13.3	1029.3	-	76	
2021-11-28 18:05:00	19.3	북북서	329	15.98	0.72	7.7	1.01	10.0	5.0	남서	222	12.9	1029.3	-	55	
2021-11-28 18:10:00	20.8	북서	319	15.98	0.69	9.1	1.00	11.0	5.0	남서	226	12.6	1029.4	-	79	
2021-11-28 18:15:00	22.3	북서	324	16.00	0.71	8.7	0.88	4.5	5.5	남서	228	12.6	1029.5	-	65	
2021-11-28 18:20:00	21.0	북서	325	15.99	0.73	9.2	1.02	6.0	5.0	남서	234	12.6	1029.5	-	56	
2021-11-28 18:25:00	16.7	북서	323	16.00	0.75	8.8	0.94	9.0	4.8	남서	233	12.8	1029.5	-	61	
2021-11-28 18:30:00	16.4	북서	319	16.00	0.65	9.4	0.84	8.5	4.5	남서	228	12.7	1029.5	-	58	
2021-11-28 18:35:00	16.7	북서	318	16.01	0.61	8.3	0.67	9.5	4.9	남서	228	12.5	1029.5	-	44	
2021-11-28 18:40:00	15.6	북서	315	16.01	0.75	8.3	0.92	7.0	5.1	남서	226	12.2	1029.5	-	63	
2021-11-28 18:45:00	15.2	북서	321	16.00	0.71	8.0	0.92	8.0	4.7	남서	232	12.3	1029.6	-	80	
2021-11-28 18:50:00	16.4	북서	319	16.00	0.82	8.9	1.21	7.5	5.0	남서	228	12.2	1029.6	-	71	
2021-11-28 18:55:00	18.7	북서	311	16.01	0.77	9.0	1.01	10.5	4.6	남서	229	12.4	1029.5	-	82	
2021-11-28 19:00:00	12.2	북서	321	16.02	0.89	10.0	1.25	13.5	4.7	남서	226	12.3	1029.5	-	78	
2021-11-28 19:05:00	13.0	북서	311	16.03	0.75	10.1	0.95	9.5	4.6	남서	227	12.3	1029.4	-	66	
2021-11-28 19:10:00	10.3	북서	326	16.02	0.63	8.4	0.84	9.5	4.6	남서	227	12.2	1029.3	-	62	
2021-11-28 19:15:00	9.8	북서	324	16.02	0.76	8.8	0.95	8.5	4.7	남서	228	12.3	1029.3	-	56	
2021-11-28 19:20:00	12.0	북서	325	16.00	0.90	10.3	1.11	9.5	4.6	남서	226	12.2	1029.2	-	71	
2021-11-28 19:25:00	9.6	북서	319	16.01	0.71	8.0	0.88	6.5	4.3	남서	228	12.2	1029.3	-	52	
2021-11-28 19:30:00	12.8	북서	324	16.00	0.77	8.2	1.07	8.5	4.3	남서	226	12.2	1029.3	-	67	
2021-11-28 19:35:00	11.8	북북서	338	16.00	0.90	10.8	1.12	10.0	4.1	남서	225	12.2	1029.3	-	65	
2021-11-28 19:40:00	9.6	북북서	329	15.99	0.70	9.6	0.89	9.5	4.5	남서	234	12.3	1029.4	-	61	
2021-11-28 19:45:00	10.3	북서	319	15.97	0.91	9.8	1.11	8.5	4.6	남서	229	12.3	1029.4	-	84	
2021-11-28 19:50:00	10.5	북북서	328	15.98	1.07	11.7	1.76	10.5	4.3	남서	234	12.4	1029.4	-	67	
2021-11-28 19:55:00	9.8	북북서	340	15.97	0.71	10.1	1.05	9.0	4.3	서남서	245	12.2	1029.4	-	51	
2021-11-28 20:00:00	11.3	북북서	327	15.97	0.82	10.0	1.43	9.5	4.7	서남서	242	12.1	1029.4	-	55	
2021-11-28 20:05:00	10.2	북서	324	15.97	0.78	8.9	1.05	7.5	4.3	서남서	237	12.0	1029.4	-	62	
2021-11-28 20:10:00	12.9	북서	322	15.97	0.63	9.1	0.88	10.5	4.7	남서	229	12.2	1029.4	-	4	
2021-11-28 20:15:00	11.0	북서	325	15.96	0.91	10.0	1.15	10.0	4.7	남서	222	12.0	1029.4	-	67	
2021-11-28 20:20:00	10.1	북북서	340	15.97	0.84	10.4	1.26	10.5	4.5	남서	227	11.8	1029.3	-	87	
2021-11-28 20:25:00	9.8	북북서	339	15.96	0.78	10.8	1.05	12.5	4.7	남서	227	11.8	1029.3	-	52	
2021-11-28 20:30:00	11.4	북북서	331	15.96	0.75	9.4	0.95	11.0	4.1	남서	225	11.7	1029.2	-	80	
2021-11-28 20:35:00	11.4	북서	323	15.96	0.78	10.7	1.12	11.5	4.0	남서	229	11.8	1029.3	-	73	
2021-11-28 20:40:00	10.3	북북서	329	15.95	0.79	10.5	0.99	8.5	3.8	남서	227	11.8	1029.2	-	59	
2021-11-28 20:45:00	10.0	북북서	332	15.95	0.93	12.2	1.22	11.0	3.8	남서	229	11.9	1029.2	-	64	
2021-11-28 20:50:00	11.4	북서	326	15.95	0.67	9.3	0.77	7.5	4.6	남서	227	12.0	1029.1	-	73	
2021-11-28 20:55:00	11.8	북북서	333	15.94	0.93	10.7	1.26	12.5	5.1	남서	229	12.0	1029.1	-	60	
2021-11-28 21:00:00	8.9	북북서	341	15.95	0.84	11.6	1.06	12.0	5.6	남서	234	12.2	1029.0	-	60	
2021-11-28 21:05:00	11.9	북북서	336	15.96	0.75	9.9	0.90	10.0	5.1	남서	228	12.1	1029.0	-	63	
2021-11-28 21:10:00	10.3	북북서	337	15.95	0.80	10.7	1.12	11.5	5.3	남서	234	12.1	1029.1	-	72	
2021-11-28 21:15:00	12.5	북북서	334	15.94	0.80	11.2	1.14	11.5	5.7	남서	234	12.3	1029.0	-	74	
2021-11-28 21:20:00	13.3	북북서	344	15.94	0.75	9.8	0.92	10.0	6.1	남서	230	12.4	1029.0	-	58	
2021-11-28 21:25:00	14.4	북북서	344	15.93	0.83	10.0	1.04	11.0	5.9	남서	228	12.2	1028.9	-	58	
2021-11-28 21:30:00	14.1	북북서	335	15.93	0.74	8.8	1.27	10.0	5.5	남서	226	12.1	1028.9	-	75	
2021-11-28 21:35:00	14.2	북북서	335	15.91	0.71	9.6	1.14	11.5	5.4	남서	224	12.1	1028.9	-	52	
2021-11-28 21:40:00	16.7	북북서	335	15.90	0.88	10.8	1.13	10.0	5.8	남서	230	12.2	1028.8	-	46	
2021-11-28 21:45:00	17.1	북북서	329	15.90	0.80	10.8	1.08	10.0	5.4	남서	233	12.2	1028.8	-	62	
2021-11-28 21:50:00	15.3	북북서	343	15.90	0.77	10.2	1.06	10.5	5.1	남서	225	12.1	1028.8	-	69	
2021-11-28 21:55:00	18.3	북북서	335	15.91	0.76	10.1	0.93	10.5	5.5	남서	227	12.0	1028.7	-	56	
2021-11-28 22:00:00	17.1	북북서	330	15.91	0.61	9.9	0.90	8.5	5.5	남서	227	12.1	1028.7	-	62	
2021-11-28 22:05:00	18.4	북북서	331	15.90	0.71	10.7	0.91	11.5	5.6	남서	228	12.0	1028.7	-	64	
2021-11-28 22:10:00	18.3	북서	325	15.91	0.80	10.4	0.96	8.5	5.3	남서	229	12.0	1028.6	-	77	
2021-11-28 22:15:00	18.4	북북서	330	15.91	0.85	9.4	1.21	10.0	5.8	남서	231	12.1	1028.7	-	70	
2021-11-28 22:20:00	20.8	북북서	330	15.90	0.91	9.8	1.15	11.5	6.2	남서	232	12.1	1028.7	-	62	
2021-11-28 22:25:00	20.7	북북서	328	15.90	0.82	10.9	1.13	11.0	6.0	남서	236	12.0	1028.7	-	56	
2021-11-28 22:30:00	19.5	북북서	331	15.90	0.76	10.4	1.00	11.0	6.2	서남서	239	12.0	1028.6	-	68	
2021-11-28 22:35:00	22.6	북북서	329	15.88	0.77	9.6	1.01	8.0	6.1	서남서	239	12.0	1028.6	-	72	
2021-11-28 22:40:00	21.3	북북서	327	15.89	0.80	10.1	1.05	11.0	6.0	서남서	237	12.0	1028.6	-	60	
2021-11-28 22:45:00	21.3	북서	326	15.89	0.78	10.8	1.17	9.5	5.9	남서	235	12.0	1028.6	-	72	
2021-11-28 22:50:00	20.4	북북서	327	15.90	0.63	10.1	0.80	9.0	6.5	남서	232	12.1	1028.5	-	73	
2021-11-28 22:55:00	23.2	북서	325	15.89	0.70	10.0	0.91	9.5	6.9	서남서	238	12.1	1028.5	-	59	
2021-11-28 23:00:00	25.3	북북서	326	15.86	0.70	10.6	0.94	8.5	7.2	남서	234	12.1	1028.4	-	59	
2021-11-28 23:05:00	25.3	북북서	327	15.83	0.82	11.4	1.01	12.0	6.8	남서	232	12.1	1028.4	-	63	
2021-11-28 23:10:00	26.0	북북서	330	15.81	0.66	9.3	1.09	9.5	7.4	남서	234	12.0	1028.3	-	51	
2021-11-28 23:15:00	26.2	북북서	326	15.82	0.71	10.9	1.03	9.0	7.8	남서	235	12.1	1028.2	-	65	
2021-11-28 23:20:00	27.4	북서	325	15.84	0.65	10.1	0.81	10.0	7.4	남서	234	12.0	1028.1	-	63	
2021-11-28 23:25:00	27.0	북북서	326	15.86	0.69	10.8	0.85	12.5	7.2	서남서	237	12.1	1028.1	-	60	
2021-11-28 23:30:00	25.5	북서	324	15.84	0.65	9.5	0.84	6.5	7.8	남서	236	12.1	1028.1	-	56	
2021-11-28 23:35:00	27.1	북북서	326	15.83	0.76	10.8	1.38	10.5	7.7	남서	235	12.0	1028.1	-	57	
2021-11-28 23:40:00	26.7	북북서	327	15.83	0.70	9.6	0.92	8.5	7.7	남서	234	12.0	1028.1	-	64	
2021-11-28 23:45:00	28.3	북서	323	15.81	0.77	10.3	0.98	11.5	7.5	남서	232	12.0	1028.1	-	61	
2021-11-28 23:50:00	26.5	북북서	326	15.84	0.58	10.0	0.80	9.0	7.3	남서	232	11.9	1028.1	-	55	
2021-11-28 23:55:00	23.4	북서	325	15.82	0.58	10.1	0.64	7.5	7.3	남서	231	11.8	1028.0	-	87	
2021-11-29 00:00:00	22.6	북북서	332	15.85	0.60	10.3	0.72	8.0	8.1	남서	234	11.8	1027.9	-	58	
2021-11-29 00:05:00	21.2	북북서	331	15.85	0.64	9.9	0.92	10.5	7.7	남서	233	11.9	1027.9	-	69	
2021-11-29 00:10:00	20.5	북북서	330	15.83	0.62	10.6	0.69	11.0	7.1	서남서	238	11.9	1028.0	-	51	
2021-11-29 00:15:00	21.9	북북서	328	15.83	0.66	9.3	0.84	8.0	7.1	남서	235	11.9	1028.0	-	62	
2021-11-29 00:20:00	20.0	북북서	336	15.82	0.76	10.1	1.04	10.5	7.3	남서	236	11.9	1027.9	-	65	
2021-11-29 00:25:00	20.3	북북서	334	15.80	0.70	10.2	1.09	10.5	7.1	남서	235	11.9	1027.8	-	81	
2021-11-29 00:30:00	18.8	북북서	337	15.80	0.63	10.4	0.80	9.5	7.3	남서	234	11.9	1027.7	-	59	
2021-11-29 00:35:00	19.5	북북서	336	15.80	0.66	10.1	0.82	11.5	7.3	남서	234	11.9	1027.6	-	61	
2021-11-29 00:40:00	18.7	북북서	329	15.80	0.74	10.8	0.92	10.0	6.7	남서	233	11.9	1027.5	-	66	
2021-11-29 00:45:00	19.4	북북서	334	15.79	0.91	10.9	1.18	10.5	7.1	남서	234	11.9	1027.4	-	61	
2021-11-29 00:50:00	18.1	북북서	337	15.80	0.67	9.1	0.80	11.5	6.4	서남서	237	11.9	1027.4	-	57	
2021-11-29 00:55:00	18.9	북북서	330	15.80	0.61	10.0	0.69	11.0	6.3	서남서	237	11.9	1027.4	-	80	
2021-11-29 01:00:00	18.7	북북서	332	15.81	0.72	11.3	0.89	10.5	6.1	남서	234	11.9	1027.3	-	65	
2021-11-29 01:05:00	18.0	북북서	337	15.77	0.62	10.1	0.75	9.5	6.1	남서	232	11.9	1027.3	-	70	
2021-11-29 01:10:00	18.8	북북서	329	15.75	0.77	11.1	1.01	10.0	6.2	남서	234	11.7	1027.3	-	56	
2021-11-29 01:15:00	16.9	북북서	328	15.74	0.58	9.8	0.80	10.5	6.5	남서	232	11.6	1027.3	-	86	
2021-11-29 01:20:00	18.1	북서	326	15.74	0.57	9.2	0.69	11.0	6.2	남서	231	11.5	1027.2	-	80	
2021-11-29 01:25:00	17.9	북서	320	15.74	0.81	10.8	1.10	11.5	6.7	남서	232	11.5	1027.2	-	71	
2021-11-29 01:30:00	16.4	북북서	328	15.73	0.83	10.4	1.05	11.0	6.9	남서	231	11.7	1027.2	-	67	
2021-11-29 01:35:00	16.3	북서	324	15.74	0.66	9.6	0.79	10.5	6.0	남서	232	11.6	1027.2	-	65	
2021-11-29 01:40:00	14.2	북서	323	15.74	0.71	9.7	0.79	11.0	5.8	남서	229	11.6	1027.2	-	75	
2021-11-29 01:45:00	13.6	북북서	329	15.74	0.60	9.1	0.79	8.5	5.7	남서	226	11.6	1027.1	-	70	
2021-11-29 01:50:00	15.3	북서	325	15.74	0.64	9.6	0.79	10.0	5.6	남서	229	11.7	1027.0	-	55	
2021-11-29 01:55:00	14.5	북북서	330	15.74	0.78	10.4	0.87	10.0	6.0	남서	233	11.7	1027.0	-	58	
2021-11-29 02:00:00	14.5	북서	322	15.73	0.75	10.6	1.03	9.5	6.7	남서	233	11.9	1026.9	-	74	
2021-11-29 02:05:00	10.6	북북서	337	15.74	0.75	10.2	0.94	11.0	5.9	남서	231	11.9	1026.9	-	76	
2021-11-29 02:10:00	11.1	북북서	339	15.73	0.65	9.9	0.78	9.5	6.0	남서	233	12.0	1026.9	-	61	
2021-11-29 02:15:00	11.5	북북서	337	15.73	0.71	10.5	0.97	10.0	5.9	남서	235	12.1	1026.8	-	73	
2021-11-29 02:20:00	10.2	북북서	333	15.74	0.72	10.3	0.85	10.0	6.2	남서	235	12.1	1026.8	-	50	
2021-11-29 02:25:00	8.4	북북서	334	15.73	0.83	9.8	1.38	10.0	6.8	서남서	238	12.1	1026.7	-	65	
2021-11-29 02:30:00	11.6	북북서	336	15.74	0.75	9.6	0.92	9.5	6.3	남서	235	12.1	1026.7	-	73	
2021-11-29 02:35:00	10.2	북북서	340	15.73	0.66	10.5	0.80	11.5	6.9	남서	234	12.1	1026.7	-	66	
2021-11-29 02:40:00	10.4	북북서	332	15.72	0.59	9.4	0.79	9.5	6.5	남서	231	12.0	1026.7	-	70	
2021-11-29 02:45:00	11.7	북북서	340	15.70	0.72	10.2	0.93	10.0	6.2	남서	233	12.0	1026.7	-	63	
2021-11-29 02:50:00	12.3	북북서	339	15.70	0.70	10.7	0.83	11.0	6.8	남서	232	12.0	1026.7	-	60	
2021-11-29 02:55:00	10.5	북북서	337	15.70	0.71	10.0	0.87	10.5	6.9	남서	232	12.1	1026.7	-	52	
2021-11-29 03:00:00	12.3	북	350	15.70	0.68	11.0	0.89	12.5	6.6	남서	230	12.1	1026.7	-	67	
2021-11-29 03:05:00	12.3	북북서	340	15.68	0.76	9.7	0.91	10.0	6.2	남서	231	12.1	1026.7	-	63	
2021-11-29 03:10:00	13.3	북북서	332	15.67	0.77	9.3	0.90	8.5	6.7	남서	231	12.0	1026.7	-	86	
2021-11-29 03:15:00	12.6	북북서	333	15.66	0.80	10.7	1.04	11.0	6.8	서남서	238	12.0	1026.7	-	50	
2021-11-29 03:20:00	13.8	북북서	332	15.66	0.65	9.3	0.90	10.5	6.8	남서	235	12.0	1026.7	-	58	
2021-11-29 03:25:00	12.8	북서	323	15.65	0.71	9.6	0.90	9.0	6.5	남서	232	12.1	1026.6	-	63	
2021-11-29 03:30:00	16.9	북북서	329	15.65	0.74	10.2	0.81	7.5	6.3	남서	233	12.1	1026.6	-	62	
2021-11-29 03:35:00	16.5	북북서	328	15.64	0.66	10.1	0.74	10.0	6.5	남서	234	12.1	1026.6	-	79	
2021-11-29 03:40:00	19.1	북서	320	15.64	0.65	9.9	0.78	8.5	6.0	남서	235	12.1	1026.6	-	49	
2021-11-29 03:45:00	21.5	북서	322	15.64	0.65	10.6	0.78	10.5	5.8	남서	233	12.1	1026.5	-	69	
2021-11-29 03:50:00	20.4	북서	326	15.64	0.65	10.8	0.80	10.0	5.8	남서	231	12.0	1026.4	-	83	
2021-11-29 03:55:00	20.5	북북서	327	15.65	0.71	10.6	0.85	9.0	5.4	남서	231	12.1	1026.4	-	74	
2021-11-29 04:00:00	21.8	북서	323	15.67	0.66	9.7	0.86	10.5	5.8	남서	232	12.1	1026.4	-	61	
2021-11-29 04:05:00	21.6	북서	321	15.70	0.53	9.3	0.65	10.0	6.1	남서	233	12.1	1026.3	-	78	
2021-11-29 04:10:00	21.9	북서	322	15.69	0.53	9.4	0.70	9.5	6.2	남서	231	12.1	1026.2	-	53	
2021-11-29 04:15:00	23.4	북서	322	15.70	0.64	9.4	0.91	9.0	6.0	남서	233	12.2	1026.2	-	52	
2021-11-29 04:20:00	21.4	북북서	326	15.70	0.72	9.8	1.03	10.0	5.8	남서	231	12.2	1026.1	-	68	
2021-11-29 04:25:00	20.3	북서	324	15.71	0.58	10.4	0.86	9.0	6.1	남서	226	12.2	1026.1	-	66	
2021-11-29 04:30:00	20.3	북서	324	15.70	0.62	10.1	0.80	9.0	5.9	남서	230	12.2	1026.1	-	80	
2021-11-29 04:35:00	22.3	북서	320	15.70	0.62	10.2	0.87	8.5	6.2	남서	235	12.3	1026.1	-	66	
2021-11-29 04:40:00	18.6	북북서	328	15.70	0.61	9.4	0.88	10.5	6.3	남서	227	12.3	1026.0	-	46	
2021-11-29 04:45:00	20.1	북북서	328	15.69	0.55	9.8	0.74	8.5	6.3	남서	230	12.3	1026.0	-	76	
2021-11-29 04:50:00	18.9	북북서	329	15.69	0.50	10.1	0.63	9.5	6.4	남서	227	12.4	1025.9	-	54	
2021-11-29 04:55:00	18.2	북북서	330	15.68	0.63	9.2	0.81	9.0	6.3	남서	225	12.4	1026.0	-	73	
2021-11-29 05:00:00	17.9	북서	323	15.68	0.47	9.0	0.65	9.0	6.2	남서	231	12.4	1026.0	-	80	
2021-11-29 05:05:00	18.6	북서	320	15.68	0.61	9.5	0.81	9.5	6.9	남서	231	12.4	1026.0	-	49	
2021-11-29 05:10:00	19.0	북서	325	15.69	0.76	9.6	0.86	8.5	6.9	남서	234	12.5	1026.0	-	55	
2021-11-29 05:15:00	19.3	북서	321	15.68	0.56	10.4	0.83	9.5	6.7	남서	234	12.5	1025.9	-	55	
2021-11-29 05:20:00	19.4	북서	321	15.68	0.83	10.1	1.18	10.5	6.7	남서	234	12.5	1025.9	-	50	
2021-11-29 05:25:00	17.7	북서	322	15.68	0.60	9.4	0.72	11.5	6.2	남서	233	12.5	1025.9	-	67	
2021-11-29 05:30:00	15.9	북서	317	15.69	0.55	8.4	0.77	10.0	6.1	남서	233	12.6	1026.0	-	54	
2021-11-29 05:35:00	15.8	북서	316	15.69	0.70	9.5	0.94	9.5	6.2	남서	233	12.7	1026.0	-	51	
2021-11-29 05:40:00	17.1	북북서	327	15.69	0.59	9.6	0.81	9.5	6.9	서남서	239	12.8	1026.0	-	62	
2021-11-29 05:45:00	18.7	북서	315	15.75	0.44	10.3	0.51	8.5	6.8	남서	236	12.8	1026.0	-	74	
2021-11-29 05:50:00	14.6	북서	317	15.80	0.56	9.9	0.87	9.0	6.7	남서	234	12.7	1026.0	-	76	
2021-11-29 05:55:00	13.5	북서	318	15.83	0.71	9.5	1.05	9.0	6.8	남서	230	12.6	1025.9	-	70	
2021-11-29 06:00:00	13.4	북서	322	15.83	0.61	9.5	0.70	10.0	5.5	남서	232	12.5	1026.0	-	56	
2021-11-29 06:05:00	10.7	북서	322	15.83	0.67	10.1	0.94	11.0	6.6	남서	231	12.5	1026.0	-	65	
2021-11-29 06:10:00	11.4	북서	319	15.84	0.60	9.9	0.82	9.0	6.2	남서	232	12.5	1026.0	-	77	
2021-11-29 06:15:00	12.6	북서	322	15.82	0.53	8.9	0.68	9.5	6.7	남서	230	12.4	1025.9	-	70	
2021-11-29 06:20:00	15.5	북서	314	15.81	0.66	9.5	0.84	8.5	6.5	남서	230	12.4	1025.9	-	62	
2021-11-29 06:25:00	15.4	북서	318	15.80	0.52	8.3	0.58	9.0	6.3	남서	230	12.3	1025.9	-	44	
2021-11-29 06:30:00	14.0	북서	316	15.80	0.58	9.9	0.71	9.0	6.1	남서	229	12.3	1025.9	-	78	
2021-11-29 06:35:00	11.1	북서	325	15.79	0.53	9.2	0.76	9.0	5.8	남서	226	12.3	1025.9	-	65	
2021-11-29 06:40:00	12.3	북서	325	15.78	0.49	9.4	0.58	9.5	6.1	남서	225	12.4	1025.8	-	53	
2021-11-29 06:45:00	12.3	북북서	327	15.76	0.66	9.8	0.77	9.5	6.5	남서	221	12.3	1025.8	-	67	
2021-11-29 06:50:00	13.1	북서	322	15.72	0.56	9.1	0.84	9.5	6.3	남서	221	12.4	1025.8	-	66	
2021-11-29 06:55:00	12.7	북북서	333	15.68	0.68	9.0	1.03	10.0	6.3	남서	221	12.4	1025.8	-	73	
2021-11-29 07:00:00	13.0	북	354	15.66	0.56	9.5	0.68	10.0	6.1	남서	218	12.4	1025.8	-	67	
2021-11-29 07:05:00	8.5	북북서	348	15.67	0.74	9.7	1.12	9.5	6.0	남서	218	12.3	1025.8	-	85	
2021-11-29 07:10:00	8.9	북북서	340	15.68	0.70	9.0	0.83	9.0	5.9	남서	217	12.3	1025.8	-	63	
2021-11-29 07:15:00	6.4	북북서	348	15.67	0.58	9.3	0.79	9.0	6.5	남서	221	12.2	1025.8	-	56	
2021-11-29 07:20:00	8.5	북	353	15.65	0.63	9.7	0.68	10.0	6.1	남서	218	12.2	1025.8	-	61	
2021-11-29 07:25:00	7.7	북	353	15.64	0.69	9.7	0.87	11.0	5.8	남서	219	12.1	1025.8	-	70	
2021-11-29 07:30:00	10.6	북	353	15.61	0.68	9.2	0.90	10.0	5.9	남서	219	12.0	1025.8	-	56	
2021-11-29 07:35:00	7.4	북	359	15.60	0.63	8.5	1.05	8.5	6.3	남서	221	12.2	1025.8	-	74	
2021-11-29 07:40:00	8.8	북북서	334	15.60	0.50	9.1	0.73	9.0	6.2	남서	221	12.2	1025.7	-	57	
2021-11-29 07:45:00	8.1	북	349	15.59	0.56	9.4	0.72	8.0	5.9	남서	223	12.4	1025.8	-	81	
2021-11-29 07:50:00	6.4	북북서	337	15.60	0.54	9.8	0.79	8.5	5.8	남서	224	12.3	1025.7	-	129	
2021-11-29 07:55:00	8.1	북	352	15.59	0.57	9.5	0.76	10.0	5.3	남서	230	12.4	1025.7	-	58	
2021-11-29 08:00:00	9.0	북	350	15.59	0.62	8.7	0.80	9.0	5.5	남서	227	12.4	1025.7	-	60	
2021-11-29 08:05:00	11.3	북북서	342	15.59	0.49	9.3	0.63	9.0	5.8	남서	231	12.5	1025.6	-	72	
2021-11-29 08:10:00	11.3	북	357	15.60	0.52	8.6	0.86	9.5	6.2	남서	235	12.7	1025.7	-	68	
2021-11-29 08:15:00	11.4	북	4	15.60	0.61	9.3	0.87	8.5	5.6	남서	236	12.7	1025.7	-	72	
2021-11-29 08:20:00	12.5	북북서	343	15.61	0.50	9.0	0.64	10.0	5.1	남서	235	12.9	1025.7	-	74	
2021-11-29 08:25:00	11.4	북	353	15.60	0.47	8.7	0.69	7.5	5.0	서남서	237	12.9	1025.7	-	62	
2021-11-29 08:30:00	14.8	북북서	347	15.59	0.46	9.1	0.55	10.5	5.4	서남서	237	13.2	1025.7	-	328	
2021-11-29 08:35:00	17.3	북북서	347	15.57	0.61	9.5	0.73	9.5	6.1	서남서	238	13.4	1025.7	-	53	
2021-11-29 08:40:00	18.4	북북서	332	15.57	0.57	9.3	0.68	9.0	5.3	서남서	239	13.5	1025.8	-	59	
2021-11-29 08:45:00	18.8	북북서	338	15.56	0.50	8.1	0.76	9.0	6.8	서남서	237	13.8	1025.7	-	74	
2021-11-29 08:50:00	18.3	북북서	333	15.56	0.64	9.1	0.82	9.0	5.5	남서	236	14.0	1025.7	-	60	
2021-11-29 08:55:00	19.8	북북서	329	15.57	0.72	9.5	1.01	10.0	4.8	남서	236	14.1	1025.7	-	89	
2021-11-29 09:00:00	21.4	북북서	327	15.59	0.58	8.9	0.83	9.0	5.1	서남서	240	14.2	1025.7	-	78	
2021-11-29 09:05:00	21.1	북북서	328	15.60	0.64	9.6	0.86	9.5	5.9	서남서	239	14.3	1025.7	-	71	
2021-11-29 09:10:00	20.6	북북서	328	15.62	0.68	9.0	0.75	8.5	4.3	남서	236	14.4	1025.9	-	90	
2021-11-29 09:15:00	18.6	북북서	327	15.63	0.56	8.7	0.72	9.5	4.9	서남서	238	14.5	1025.9	-	63	
2021-11-29 09:20:00	19.4	북북서	330	15.64	0.64	8.7	0.88	9.0	4.7	남서	235	14.5	1026.0	-	76	
2021-11-29 09:25:00	22.1	북북서	329	15.64	0.57	8.2	0.72	9.0	4.5	서남서	241	14.5	1026.0	-	107	
2021-11-29 09:30:00	21.6	북북서	327	15.65	0.51	8.6	0.68	9.5	3.6	남서	236	14.7	1026.0	-	64	
2021-11-29 09:35:00	19.5	북북서	327	15.65	0.00	0.0	0.00	0.0	5.7	남서	217	5.8	1026.0	-	69	
2021-11-29 09:40:00	21.2	북북서	331	15.65	0.59	8.9	0.83	8.0	3.1	남서	230	14.7	1026.0	-	72	
2021-11-29 09:45:00	19.4	북북서	328	15.65	0.54	8.2	0.70	8.5	3.8	남서	235	14.7	1026.0	-	64	
2021-11-29 09:50:00	23.9	북북서	330	15.66	0.52	8.0	0.67	6.5	4.6	서남서	241	14.7	1026.0	-	67	
2021-11-29 09:55:00	19.8	북북서	328	15.66	0.57	9.4	0.86	9.0	4.8	남서	231	14.6	1026.0	-	64	
2021-11-29 10:00:00	20.4	북서	326	15.67	0.50	9.1	0.69	9.0	4.3	남서	235	14.6	1026.0	-	98	
2021-11-29 10:05:00	18.3	북서	322	15.68	0.44	7.9	0.60	8.5	4.5	남서	236	14.7	1026.0	-	75	
2021-11-29 10:10:00	17.0	북북서	332	15.69	0.76	8.8	0.95	9.5	4.3	서남서	240	14.7	1026.0	-	82	
2021-11-29 10:15:00	18.5	북서	321	15.71	0.51	8.3	0.75	8.0	4.5	남서	234	14.8	1026.0	-	93	
2021-11-29 10:20:00	18.1	북서	322	15.72	0.58	8.1	0.72	8.5	4.3	남서	236	14.7	1026.0	-	71	
2021-11-29 10:25:00	15.7	북서	319	15.72	0.47	7.5	0.70	6.0	4.4	남서	233	14.9	1025.9	-	87	
2021-11-29 10:30:00	14.0	북북서	330	15.72	0.56	8.3	0.68	7.5	4.5	남서	236	14.8	1025.9	-	64	
2021-11-29 10:35:00	11.4	북서	323	15.72	0.55	8.7	0.73	9.5	4.0	남서	233	14.9	1025.9	-	74	
2021-11-29 10:40:00	15.4	북서	320	15.73	0.45	7.8	0.59	6.5	4.4	남서	235	15.0	1025.9	-	79	
2021-11-29 10:45:00	14.2	북서	320	15.77	0.54	8.7	0.69	9.5	4.1	서남서	242	15.1	1025.9	-	66	
2021-11-29 10:50:00	12.9	북서	306	15.79	0.58	8.9	0.77	8.0	4.3	남서	227	15.0	1025.8	-	80	
2021-11-29 10:55:00	13.9	북서	320	15.81	0.48	6.9	0.66	7.0	3.9	남서	231	15.1	1025.7	-	86	
2021-11-29 11:00:00	12.3	북북서	333	15.81	0.57	8.2	0.71	9.0	4.5	남서	226	15.2	1025.7	-	74	
2021-11-29 11:05:00	15.7	북북서	335	15.81	0.48	7.9	0.71	8.5	3.8	남서	228	15.2	1025.6	-	77	
2021-11-29 11:10:00	15.3	북북서	339	15.79	0.58	8.4	0.80	7.5	3.4	남서	235	15.2	1025.6	-	64	
2021-11-29 11:15:00	13.5	북북서	332	15.79	0.60	8.5	0.84	7.5	2.3	남서	231	15.1	1025.6	-	72	
2021-11-29 11:20:00	14.0	북북서	334	15.79	0.54	7.2	0.73	9.0	2.6	남서	229	15.3	1025.5	-	58	
2021-11-29 11:25:00	10.9	북북서	342	15.79	0.62	7.3	0.73	7.5	2.4	남서	231	15.4	1025.3	-	66	
2021-11-29 11:30:00	11.1	북북서	328	15.79	0.53	7.1	0.84	9.5	2.1	서남서	241	15.3	1025.2	-	64	
2021-11-29 11:35:00	12.1	북서	325	15.79	0.57	8.6	0.78	8.5	1.8	남서	234	15.5	1025.1	-	62	
2021-11-29 11:40:00	12.1	북서	309	15.79	0.49	7.9	0.66	5.5	2.3	남남서	209	15.4	1025.0	-	109	
2021-11-29 11:45:00	8.4	북서	319	15.79	0.51	7.5	0.86	7.0	1.7	남서	231	15.5	1024.9	-	57	
2021-11-29 11:50:00	7.4	북서	322	15.79	0.59	8.3	0.83	9.0	0.9	서북서	294	15.7	1024.9	-	74	
2021-11-29 11:55:00	8.7	북서	312	15.79	0.50	6.9	0.73	6.0	0.6	북서	316	15.5	1024.8	-	91	
2021-11-29 12:00:00	7.7	북서	318	15.79	0.49	7.2	0.68	6.5	0.8	북	0	15.8	1024.7	-	59	
2021-11-29 12:05:00	8.2	북북서	340	15.79	0.65	8.0	0.83	6.5	0.6	서북서	300	15.7	1024.6	-	66	
2021-11-29 12:10:00	15.1	북	355	15.78	0.56	6.7	0.69	9.0	0.8	서남서	248	15.5	1024.5	-	66	
2021-11-29 12:15:00	12.5	북	7	15.77	0.53	7.8	0.71	9.5	3.0	남서	220	15.5	1024.4	-	68	
2021-11-29 12:20:00	14.7	북	358	15.77	0.58	7.5	0.85	6.5	3.0	남남서	208	15.6	1024.2	-	63	
2021-11-29 12:25:00	10.5	북북서	346	15.78	0.54	7.0	0.81	9.0	2.7	남서	217	15.5	1024.1	-	71	
2021-11-29 12:30:00	11.4	북	358	15.79	0.51	6.9	0.65	8.5	3.6	남서	223	15.6	1024.0	-	45	
2021-11-29 12:35:00	9.8	북북서	333	15.79	0.44	6.9	0.62	6.0	3.9	남서	233	15.6	1023.9	-	75	
2021-11-29 12:40:00	9.6	북북서	337	15.80	0.56	8.5	0.78	9.0	3.9	남서	236	15.7	1023.9	-	72	
2021-11-29 12:45:00	11.6	북북서	337	15.81	0.60	7.7	0.91	7.5	3.5	서남서	237	15.7	1023.7	-	75	
2021-11-29 12:50:00	8.8	북북서	338	15.82	0.60	8.1	0.82	8.0	2.6	서남서	253	15.7	1023.7	-	63	
2021-11-29 12:55:00	12.7	북북서	345	15.82	0.49	7.5	0.70	8.5	3.0	서북서	296	15.6	1023.6	-	67	
2021-11-29 13:00:00	14.1	북북서	336	15.81	0.49	6.9	0.60	5.5	2.9	북북서	347	15.7	1023.5	-	78	
2021-11-29 13:05:00	12.2	북서	315	15.81	0.51	7.1	0.81	7.0	2.8	북북서	347	15.4	1023.4	-	69	
2021-11-29 13:10:00	12.5	북서	324	15.80	0.51	6.3	0.85	5.5	2.9	북	353	15.5	1023.3	-	65	
2021-11-29 13:15:00	14.5	북서	319	15.81	0.56	7.5	0.79	6.0	2.9	북	3	15.7	1023.2	-	78	
2021-11-29 13:20:00	13.8	북북서	326	15.80	0.56	7.2	0.70	6.5	2.9	북북동	13	15.7	1023.1	-	78	
2021-11-29 13:25:00	15.8	북북서	328	15.79	0.63	7.4	0.86	9.5	2.8	북북동	20	15.5	1023.0	-	58	
2021-11-29 13:30:00	14.4	북서	317	15.78	0.49	7.4	0.76	9.0	3.1	북북동	21	15.7	1023.0	-	66	
2021-11-29 13:35:00	16.0	북서	314	15.76	0.51	7.4	0.65	10.0	3.0	북북동	24	15.5	1022.9	-	80	
2021-11-29 13:40:00	15.2	북서	323	15.75	0.47	7.2	0.62	6.0	3.1	북북동	30	15.6	1022.9	-	87	
2021-11-29 13:45:00	17.4	북서	317	15.74	0.53	7.2	0.82	7.0	2.5	북북동	26	15.7	1022.9	-	60	
2021-11-29 13:50:00	25.2	북서	310	15.82	0.51	7.5	0.92	6.5	2.7	북북동	32	15.7	1022.8	-	64	
2021-11-29 13:55:00	26.4	북서	316	15.84	0.48	6.5	0.54	7.5	3.8	북동	39	15.4	1022.8	-	0	
2021-11-29 14:00:00	27.8	북서	319	15.82	0.57	7.2	0.73	6.5	3.9	북동	39	15.5	1022.8	-	81	
2021-11-29 14:05:00	30.0	북서	320	15.80	0.49	6.8	0.66	6.0	4.1	북동	45	15.6	1022.7	-	78	
2021-11-29 14:10:00	33.3	북서	324	15.79	0.60	7.6	0.93	6.0	3.7	북동	40	15.4	1022.7	-	76	
2021-11-29 14:15:00	33.6	북서	326	15.78	0.50	6.6	0.70	5.5	3.4	북동	43	15.4	1022.6	-	351	
2021-11-29 14:20:00	39.4	북북서	330	15.78	0.58	7.4	0.73	8.0	3.3	북동	41	15.3	1022.6	-	64	
2021-11-29 14:25:00	40.1	북북서	331	15.77	0.55	7.5	0.81	7.5	3.4	북동	45	15.3	1022.6	-	72	
2021-11-29 14:30:00	43.3	북북서	330	15.80	0.52	6.8	0.68	6.5	3.0	북동	53	15.3	1022.6	-	48	
2021-11-29 14:35:00	43.2	북북서	335	15.78	0.50	6.3	0.89	7.0	2.4	동북동	61	15.3	1022.6	-	4	
2021-11-29 14:40:00	42.4	북북서	337	15.77	0.53	6.6	0.82	6.5	2.2	동북동	65	15.2	1022.6	-	5	
2021-11-29 14:45:00	40.6	북북서	334	15.78	0.56	6.5	0.87	5.0	2.1	동	83	15.1	1022.7	-	5	
2021-11-29 14:50:00	51.5	북북서	335	15.84	0.55	6.5	0.68	9.5	2.0	동북동	59	15.1	1022.7	-	51	
2021-11-29 14:55:00	53.1	북북서	330	15.95	0.60	7.1	0.83	7.5	2.0	동북동	57	15.0	1022.7	-	72	
2021-11-29 15:00:00	51.1	북북서	331	15.93	0.69	6.2	0.84	5.5	2.1	동북동	58	15.0	1022.7	-	355	
2021-11-29 15:05:00	46.8	북북서	330	15.89	0.62	6.3	0.77	6.5	2.3	북동	52	14.9	1022.7	-	54	
2021-11-29 15:10:00	47.5	북북서	333	15.87	0.60	6.0	1.03	6.0	2.2	북동	54	15.0	1022.7	-	55	
2021-11-29 15:15:00	47.3	북북서	335	15.86	0.62	5.8	0.96	6.5	1.8	동북동	71	14.9	1022.8	-	3	
2021-11-29 15:20:00	45.2	북북서	337	15.85	0.68	6.6	1.18	5.5	1.1	동북동	68	15.0	1022.8	-	353	
2021-11-29 15:25:00	47.3	북북서	334	15.84	0.68	6.2	0.89	5.5	0.8	동북동	73	15.2	1022.8	-	349	
2021-11-29 15:30:00	55.2	북북서	332	15.90	0.53	6.0	0.96	5.5	1.2	동	87	15.3	1022.8	-	83	
2021-11-29 15:35:00	54.8	북북서	333	15.95	0.65	6.1	0.93	6.5	1.2	북	1	15.5	1022.8	-	2	
2021-11-29 15:40:00	50.5	북북서	335	16.01	0.63	6.8	0.80	6.0	1.5	북북서	343	15.5	1022.9	-	13	
2021-11-29 15:45:00	52.3	북북서	334	16.01	0.59	7.1	0.75	6.0	0.8	북	4	15.5	1022.9	-	72	
2021-11-29 15:50:00	50.1	북북서	333	16.01	0.59	7.1	0.75	6.0	0.6	남동	124	15.9	1022.9	-	17	
2021-11-29 15:55:00	47.4	북북서	331	15.99	0.62	7.4	0.88	5.5	1.9	남남서	201	16.0	1022.9	-	49	
2021-11-29 16:00:00	47.4	북북서	337	15.98	0.65	6.8	0.78	6.5	2.0	남서	235	15.8	1022.9	-	349	
2021-11-29 16:05:00	45.3	북북서	336	15.96	0.60	7.1	0.82	8.0	3.6	남서	218	15.7	1022.8	-	20	
2021-11-29 16:10:00	46.1	북북서	333	15.93	0.60	7.5	0.74	5.0	4.3	남서	227	15.5	1022.7	-	41	
2021-11-29 16:15:00	43.7	북북서	329	15.89	0.62	6.5	0.89	5.0	5.1	남서	222	15.4	1022.6	-	344	
2021-11-29 16:20:00	43.3	북북서	328	15.87	0.55	6.9	0.76	5.0	5.4	남서	234	15.4	1022.6	-	31	
2021-11-29 16:25:00	41.4	북북서	330	15.84	0.63	6.0	1.06	6.5	6.2	남서	234	15.3	1022.6	-	347	
2021-11-29 16:30:00	43.6	북북서	328	15.82	0.59	6.7	0.68	5.0	6.1	남서	232	15.2	1022.6	-	10	
2021-11-29 16:35:00	41.2	북북서	330	15.82	0.62	6.2	0.93	6.5	6.0	서남서	237	15.2	1022.6	-	23	
2021-11-29 16:40:00	44.8	북북서	329	15.80	0.63	7.3	0.97	6.0	6.0	서남서	238	15.2	1022.6	-	67	
2021-11-29 16:45:00	39.1	북북서	331	15.75	0.56	6.0	0.86	6.5	5.9	서남서	237	15.2	1022.7	-	13	
2021-11-29 16:50:00	42.3	북북서	328	15.82	0.70	6.5	1.01	6.0	5.3	서남서	240	15.0	1022.7	-	353	
2021-11-29 16:55:00	38.6	북북서	333	15.82	0.62	7.5	0.82	6.0	5.3	남서	235	15.0	1022.7	-	63	
2021-11-29 17:00:00	37.0	북북서	336	15.80	0.67	6.0	0.88	6.5	4.9	남서	227	14.8	1022.7	-	16	
2021-11-29 17:05:00	37.5	북북서	332	15.78	0.67	6.1	0.91	7.0	5.8	남서	229	14.8	1022.7	-	25	
2021-11-29 17:10:00	40.3	북북서	331	15.72	0.66	6.2	0.88	6.5	6.0	남서	234	14.7	1022.8	-	3	
2021-11-29 17:15:00	39.2	북북서	332	15.64	0.61	5.9	0.83	5.5	6.0	서남서	240	14.6	1022.9	-	73	
2021-11-29 17:20:00	43.2	북북서	330	15.61	0.64	6.3	0.90	5.5	5.9	서남서	240	14.5	1022.9	-	12	
2021-11-29 17:25:00	40.2	북서	323	15.62	0.71	7.0	0.85	6.0	5.7	서남서	241	14.3	1022.9	-	356	
2021-11-29 17:30:00	43.0	북서	326	15.67	0.67	6.4	0.99	6.0	5.6	서남서	240	14.2	1022.9	-	349	
2021-11-29 17:35:00	42.1	북북서	327	15.71	0.73	6.3	1.29	6.5	5.8	서남서	240	14.1	1023.0	-	10	
2021-11-29 17:40:00	35.1	북북서	328	15.72	0.69	6.3	0.94	6.5	4.8	서남서	246	14.1	1023.0	-	359	
2021-11-29 17:45:00	35.0	북북서	329	15.71	0.77	6.3	1.20	5.5	4.8	서남서	250	14.0	1023.0	-	16	
2021-11-29 17:50:00	47.1	북서	326	15.86	0.73	6.4	1.06	5.5	5.0	서남서	252	13.9	1023.0	-	40	
2021-11-29 17:55:00	45.1	북서	326	15.98	0.68	6.1	0.87	6.0	4.6	서남서	255	13.8	1023.1	-	18	
2021-11-29 18:00:00	50.3	북서	322	16.05	0.72	5.7	1.00	5.5	4.4	서남서	250	13.8	1023.1	-	351	
2021-11-29 18:05:00	45.9	북북서	328	16.00	0.75	6.3	1.13	6.0	3.9	서남서	243	13.7	1023.2	-	346	
2021-11-29 18:10:00	49.1	북서	326	15.94	0.72	7.0	0.93	6.0	4.4	서남서	241	13.7	1023.1	-	6	
2021-11-29 18:15:00	47.6	북서	325	16.11	0.63	6.0	0.96	4.5	4.8	서남서	240	13.8	1023.1	-	343	
2021-11-29 18:20:00	49.2	북서	325	16.17	0.77	6.1	0.88	6.0	5.2	남서	234	13.8	1023.1	-	2	
2021-11-29 18:25:00	51.4	북북서	328	16.22	0.82	6.1	1.00	5.5	5.5	남서	234	13.7	1023.1	-	8	
2021-11-29 18:30:00	51.0	북서	326	16.24	0.70	5.9	0.92	6.5	5.6	남서	233	13.7	1023.0	-	347	
2021-11-29 18:35:00	47.3	북북서	333	16.20	0.71	6.0	1.01	6.0	5.2	남서	231	13.6	1023.1	-	28	
2021-11-29 18:40:00	43.9	북북서	327	16.17	0.62	5.7	0.75	6.0	4.9	남서	234	13.6	1023.1	-	333	
2021-11-29 18:45:00	43.4	북북서	333	16.14	0.80	5.8	1.12	5.0	4.9	남서	231	13.6	1023.1	-	0	
2021-11-29 18:50:00	45.4	북북서	329	16.10	0.70	6.0	1.15	5.5	5.0	남서	230	13.6	1023.1	-	355	
2021-11-29 18:55:00	42.3	북북서	329	16.05	0.56	6.1	0.71	5.5	5.5	남서	234	13.6	1023.2	-	5	
2021-11-29 19:00:00	37.9	북북서	328	15.99	0.63	6.2	0.96	6.5	6.0	남서	236	13.6	1023.3	-	304	
2021-11-29 19:05:00	40.9	북북서	331	15.94	0.64	5.9	1.03	6.5	5.5	남서	234	13.5	1023.3	-	351	
2021-11-29 19:10:00	39.1	북북서	334	15.90	0.61	6.3	0.70	5.0	5.0	남서	236	13.5	1023.3	-	352	
2021-11-29 19:15:00	37.4	북북서	331	15.88	0.60	5.9	0.84	5.0	4.9	남서	233	13.4	1023.2	-	354	
2021-11-29 19:20:00	37.6	북북서	333	15.86	0.64	5.9	0.79	5.5	4.4	남서	227	13.2	1023.2	-	345	
2021-11-29 19:25:00	37.2	북북서	335	15.80	0.59	5.9	0.85	6.0	4.9	남서	228	13.0	1023.0	-	357	
2021-11-29 19:30:00	36.6	북북서	336	15.78	0.63	6.2	0.75	6.0	5.8	남서	229	13.1	1022.9	-	2	
2021-11-29 19:35:00	33.1	북북서	330	15.85	0.60	5.8	0.83	5.5	5.9	남서	229	13.1	1022.8	-	345	
2021-11-29 19:40:00	35.3	북북서	335	15.85	0.57	6.1	0.83	6.0	5.6	남서	227	13.1	1022.7	-	305	
2021-11-29 19:45:00	34.2	북북서	333	15.80	0.62	6.0	0.80	6.5	5.4	남서	225	13.2	1022.6	-	352	
2021-11-29 19:50:00	32.2	북북서	332	15.81	0.55	5.8	0.79	7.0	5.8	남서	222	13.4	1022.5	-	15	
2021-11-29 19:55:00	33.4	북북서	334	15.81	0.63	5.6	0.93	6.0	4.8	남서	224	13.4	1022.5	-	331	
2021-11-29 20:00:00	31.4	북북서	329	15.83	0.60	5.5	0.81	6.0	5.1	남서	229	13.4	1022.5	-	15	
2021-11-29 20:05:00	30.0	북북서	333	15.84	0.55	5.6	0.76	5.0	4.5	남서	230	13.4	1022.5	-	356	
2021-11-29 20:10:00	32.5	북북서	334	15.85	0.61	5.8	0.95	6.5	3.9	남서	229	13.4	1022.5	-	350	
2021-11-29 20:15:00	30.2	북북서	335	15.84	0.47	6.0	0.74	5.5	4.6	남서	226	13.5	1022.5	-	350	
2021-11-29 20:20:00	31.6	북북서	334	15.84	0.47	6.0	0.59	5.0	4.5	남서	227	13.5	1022.5	-	331	
2021-11-29 20:25:00	30.1	북북서	328	15.84	0.47	5.6	0.74	6.0	4.0	남서	228	13.5	1022.5	-	1	
2021-11-29 20:30:00	32.4	북북서	330	15.85	0.47	6.3	0.78	6.0	3.6	남서	234	13.5	1022.5	-	355	
2021-11-29 20:35:00	30.3	북북서	329	15.83	0.59	5.4	1.20	5.0	3.3	남서	232	13.5	1022.5	-	348	
2021-11-29 20:40:00	31.4	북서	324	15.84	0.52	5.8	0.80	5.5	3.5	남서	236	13.5	1022.4	-	12	
2021-11-29 20:45:00	28.3	북서	323	15.86	0.52	5.6	0.95	5.5	3.3	서남서	237	13.5	1022.5	-	343	
2021-11-29 20:50:00	28.0	북서	322	15.86	0.46	6.8	0.80	6.5	2.7	서남서	238	13.4	1022.5	-	351	
2021-11-29 20:55:00	30.1	북서	322	15.84	0.45	6.4	0.62	6.0	2.9	서남서	248	13.4	1022.5	-	314	
2021-11-29 21:00:00	29.8	북서	321	15.85	0.51	5.4	0.85	6.0	2.6	서남서	253	13.2	1022.5	-	27	
2021-11-29 21:05:00	27.9	북북서	327	15.86	0.49	5.4	0.88	5.0	2.7	서	262	12.9	1022.5	-	334	
2021-11-29 21:10:00	31.5	북북서	330	15.87	0.46	6.5	0.60	6.0	1.8	서북서	295	12.6	1022.6	-	357	
2021-11-29 21:15:00	31.1	북북서	331	15.89	0.49	6.6	0.75	6.0	1.5	서북서	287	12.5	1022.5	-	353	
2021-11-29 21:20:00	29.7	북서	324	15.97	0.50	5.7	0.57	7.0	2.2	서	276	12.5	1022.4	-	72	
2021-11-29 21:25:00	29.8	북북서	327	15.99	0.47	5.7	0.69	6.0	2.5	서남서	237	12.4	1022.3	-	90	
2021-11-29 21:30:00	27.4	북서	323	16.01	0.50	6.1	0.75	5.5	2.4	남서	232	12.4	1022.3	-	24	
2021-11-29 21:35:00	25.6	북북서	332	16.01	0.55	6.1	0.90	5.0	2.3	서남서	239	12.2	1022.3	-	5	
2021-11-29 21:40:00	25.0	북서	326	16.01	0.47	5.3	0.68	5.0	2.8	남서	224	11.9	1022.2	-	108	
2021-11-29 21:45:00	26.7	북북서	327	16.02	0.44	5.6	0.57	7.0	1.9	남남서	207	11.6	1022.1	-	26	
2021-11-29 21:50:00	25.6	북북서	329	16.00	0.58	5.6	0.80	5.0	1.8	남남서	213	11.7	1022.1	-	21	
2021-11-29 21:55:00	25.3	북서	326	16.02	0.53	6.0	0.72	6.0	2.3	서남서	244	11.9	1022.1	-	1	
2021-11-29 22:00:00	21.0	북서	324	16.00	0.55	5.6	0.72	4.5	3.1	서남서	246	12.0	1022.0	-	341	
2021-11-29 22:05:00	22.8	북서	322	15.98	0.51	6.0	0.63	5.5	3.5	서남서	239	11.9	1021.9	-	348	
2021-11-29 22:10:00	23.8	북북서	340	15.97	0.51	6.1	0.83	5.5	2.8	남서	220	12.2	1021.9	-	353	
2021-11-29 22:15:00	23.4	북북서	333	15.96	0.56	5.7	0.81	5.0	2.7	남남서	205	12.0	1021.8	-	348	
2021-11-29 22:20:00	22.5	북서	326	15.95	0.55	5.8	0.72	5.5	4.1	남남서	213	12.1	1021.7	-	338	
2021-11-29 22:25:00	22.6	북북서	327	15.93	0.49	5.8	0.75	5.5	4.5	남서	221	12.3	1021.6	-	58	
2021-11-29 22:30:00	22.5	북서	324	15.91	0.51	5.7	0.65	5.5	4.0	남서	216	12.3	1021.6	-	14	
2021-11-29 22:35:00	19.8	북서	326	15.89	0.51	5.5	0.84	5.0	4.6	남서	218	12.2	1021.6	-	344	
2021-11-29 22:40:00	20.4	북북서	326	15.89	0.57	5.6	0.75	5.5	5.1	남서	227	12.2	1021.4	-	355	
2021-11-29 22:45:00	26.9	북서	321	15.88	0.55	5.9	0.73	6.0	4.7	남서	226	12.1	1021.3	-	353	
2021-11-29 22:50:00	23.6	북북서	332	15.87	0.48	5.7	0.63	6.0	4.8	남서	226	12.2	1021.4	-	331	
2021-11-29 22:55:00	23.3	북북서	329	15.87	0.45	6.2	0.62	9.0	5.3	남서	229	12.2	1021.5	-	9	
2021-11-29 23:00:00	23.7	북북서	335	15.85	0.52	5.7	0.75	5.5	5.2	남서	232	12.4	1021.4	-	359	
2021-11-29 23:05:00	25.5	북북서	332	15.85	0.48	5.6	0.63	5.0	4.8	남서	230	12.3	1021.4	-	272	
2021-11-29 23:10:00	23.6	북북서	327	15.84	0.53	6.0	0.89	6.5	5.5	남서	229	12.3	1021.4	-	13	
2021-11-29 23:15:00	24.9	북서	326	15.82	0.55	5.5	0.84	6.0	5.0	남서	232	12.3	1021.4	-	336	
2021-11-29 23:20:00	32.2	북서	325	15.83	0.55	5.3	0.69	5.5	4.4	남서	229	12.2	1021.4	-	352	
2021-11-29 23:25:00	34.6	북서	322	16.07	0.47	6.3	0.65	6.0	3.9	남서	230	12.3	1021.4	-	10	
2021-11-29 23:30:00	32.9	북서	324	16.06	0.50	6.1	0.83	7.0	4.2	남서	229	12.3	1021.4	-	353	
2021-11-29 23:35:00	34.7	북서	324	16.02	0.43	5.4	0.61	5.0	4.8	남서	228	12.4	1021.3	-	79	
2021-11-29 23:40:00	39.2	북북서	331	15.98	0.46	6.1	0.58	6.0	4.3	남서	215	12.1	1021.2	-	91	
2021-11-29 23:45:00	40.5	북북서	332	16.00	0.44	6.0	0.58	7.0	4.1	남서	222	11.9	1021.0	-	4	
2021-11-29 23:50:00	42.9	북북서	334	15.97	0.48	5.5	0.58	5.5	3.1	남남서	211	11.8	1021.0	-	59	
2021-11-29 23:55:00	38.9	북북서	335	15.98	0.53	5.5	0.64	6.5	4.3	남남서	200	12.3	1020.9	-	353	
2021-11-30 00:00:00	40.5	북북서	334	16.00	0.57	5.5	0.87	5.0	4.3	남남서	199	12.3	1020.8	-	18	
2021-11-30 00:05:00	38.6	북북서	334	16.03	0.58	5.5	0.69	5.0	4.5	남남서	201	12.3	1020.8	-	2	
2021-11-30 00:10:00	38.7	북북서	336	16.05	0.53	5.3	0.69	5.0	3.6	남서	222	12.2	1020.8	-	357	
2021-11-30 00:15:00	36.9	북북서	335	16.05	0.49	5.6	0.65	5.0	2.6	남서	221	11.9	1020.6	-	357	
2021-11-30 00:20:00	33.0	북북서	334	16.03	0.45	5.6	0.57	6.0	2.6	남서	214	11.8	1020.4	-	63	
2021-11-30 00:25:00	37.7	북북서	336	16.00	0.56	5.2	0.74	5.0	3.1	남남서	198	11.8	1020.3	-	348	
2021-11-30 00:30:00	37.4	북북서	334	15.96	0.46	5.6	0.67	6.0	3.2	남남서	208	11.8	1020.3	-	61	
2021-11-30 00:35:00	35.3	북북서	335	15.91	0.52	5.1	0.71	5.5	2.7	남남서	210	11.7	1020.1	-	2	
2021-11-30 00:40:00	36.5	북북서	336	15.89	0.49	5.3	0.72	4.5	3.0	남남서	194	11.7	1019.8	-	22	
2021-11-30 00:45:00	35.1	북북서	337	15.87	0.53	5.1	0.82	5.0	3.5	남	190	11.5	1019.6	-	288	
2021-11-30 00:50:00	35.0	북북서	338	15.85	0.50	5.6	0.68	4.5	3.8	남	190	11.5	1019.4	-	75	
2021-11-30 00:55:00	35.6	북북서	338	15.86	0.49	4.9	0.71	5.5	3.8	남남서	196	11.7	1019.3	-	26	
2021-11-30 01:00:00	37.1	북북서	337	15.82	0.53	5.7	0.70	6.5	3.2	남	188	11.6	1019.5	-	359	
2021-11-30 01:05:00	38.0	북북서	330	15.95	0.44	5.2	0.60	5.0	2.7	남	180	11.4	1019.4	-	54	
2021-11-30 01:10:00	37.3	북북서	336	15.97	0.47	5.2	0.69	5.5	2.2	남남서	211	11.3	1019.3	-	29	
2021-11-30 01:15:00	38.4	북북서	336	16.02	0.46	5.4	0.68	5.5	2.5	남서	233	11.2	1019.2	-	338	
2021-11-30 01:20:00	40.4	북북서	334	16.03	0.46	5.4	0.66	5.5	3.1	남서	236	11.4	1019.2	-	329	
2021-11-30 01:25:00	40.8	북북서	333	16.00	0.45	6.0	0.62	6.0	2.5	남서	231	11.4	1019.0	-	339	
2021-11-30 01:30:00	43.3	북북서	330	15.99	0.44	5.6	0.55	5.0	2.8	서남서	248	11.6	1018.8	-	8	
2021-11-30 01:35:00	43.7	북북서	333	15.99	0.46	5.2	0.68	5.5	2.6	서남서	254	11.6	1018.7	-	2	
2021-11-30 01:40:00	43.8	북북서	328	16.00	0.41	5.4	0.61	7.5	3.2	서남서	253	11.9	1018.6	-	2	
2021-11-30 01:45:00	41.2	북북서	330	15.98	0.40	5.9	0.58	4.0	3.4	서남서	250	11.8	1018.5	-	341	
2021-11-30 01:50:00	45.1	북북서	331	15.96	0.48	5.6	0.70	4.5	3.1	남서	233	12.1	1018.5	-	353	
2021-11-30 01:55:00	44.3	북북서	329	15.96	0.45	5.4	0.62	5.0	2.5	남남서	213	12.3	1018.4	-	346	
2021-11-30 02:00:00	42.3	북북서	330	15.96	0.47	5.7	0.78	4.5	3.8	남서	214	12.2	1018.3	-	279	
2021-11-30 02:05:00	39.6	북북서	331	15.94	0.45	5.1	0.64	6.0	4.3	남서	217	12.0	1018.2	-	11	
2021-11-30 02:10:00	39.6	북북서	328	15.92	0.42	6.3	0.52	6.0	3.6	남남서	210	11.6	1018.2	-	80	
2021-11-30 02:15:00	35.9	북북서	333	15.91	0.46	5.4	0.66	6.0	4.0	남남서	213	11.6	1018.0	-	18	
2021-11-30 02:20:00	37.4	북북서	333	15.87	0.35	5.4	0.42	5.5	3.8	남남서	207	11.5	1017.8	-	24	
2021-11-30 02:25:00	34.7	북서	324	15.84	0.39	5.8	0.47	8.5	4.9	남서	220	11.8	1017.8	-	340	
2021-11-30 02:30:00	34.1	북북서	333	15.80	0.44	5.1	0.80	5.5	3.9	남남서	212	11.9	1017.7	-	352	
2021-11-30 02:35:00	35.1	북서	325	15.77	0.38	5.1	0.49	7.5	3.5	남	182	12.1	1017.6	-	313	
2021-11-30 02:40:00	35.1	북북서	330	15.77	0.44	4.9	0.57	5.0	3.7	남남동	162	11.6	1017.5	-	49	
2021-11-30 02:45:00	36.9	북북서	331	15.71	0.43	5.8	0.64	7.5	3.1	남남동	156	11.5	1017.5	-	291	
2021-11-30 02:50:00	32.3	북북서	329	15.67	0.40	5.9	0.57	5.0	2.8	남남동	162	11.5	1017.3	-	353	
2021-11-30 02:55:00	34.6	북서	325	15.70	0.40	5.4	0.55	6.5	2.7	남	169	11.6	1017.2	-	63	
2021-11-30 03:00:00	31.2	북북서	336	15.68	0.33	5.1	0.52	5.0	2.4	남남서	201	11.8	1017.1	-	311	
2021-11-30 03:05:00	34.3	북북서	334	15.71	0.44	5.7	0.60	7.5	2.1	남	191	11.9	1017.1	-	219	
2021-11-30 03:10:00	32.5	북북서	329	15.70	0.43	5.3	0.58	5.0	2.5	남	174	11.9	1017.1	-	359	
2021-11-30 03:15:00	30.1	북북서	332	15.72	0.42	5.1	0.63	5.0	2.4	남	186	11.8	1017.0	-	7	
2021-11-30 03:20:00	29.5	북북서	329	15.73	0.37	5.4	0.48	6.0	2.3	남	180	11.7	1017.0	-	305	
2021-11-30 03:25:00	32.7	북북서	328	15.72	0.41	5.1	0.61	5.0	1.7	남	171	11.5	1016.8	-	75	
2021-11-30 03:30:00	35.1	북서	326	15.79	0.35	5.1	0.46	5.0	2.5	남남동	154	11.7	1016.7	-	327	
2021-11-30 03:35:00	39.4	북서	326	15.82	0.41	5.2	0.58	5.0	3.4	남남동	154	11.8	1016.5	-	22	
2021-11-30 03:40:00	40.2	북북서	329	15.83	0.42	5.3	0.58	6.5	3.6	남남동	160	11.9	1016.3	-	63	
2021-11-30 03:45:00	41.1	북서	326	15.83	0.38	5.4	0.50	4.5	3.5	남남동	152	12.0	1016.2	-	336	
2021-11-30 03:50:00	39.5	북서	325	15.80	0.39	5.6	0.56	4.5	2.9	남남동	152	11.9	1016.2	-	20	
2021-11-30 03:55:00	39.2	북북서	326	15.74	0.36	5.2	0.49	4.5	2.0	남남동	159	12.0	1016.1	-	5	
2021-11-30 04:00:00	41.7	북북서	330	15.75	0.34	5.2	0.47	4.0	2.1	남남서	197	11.9	1015.9	-	341	
2021-11-30 04:05:00	38.3	북북서	327	15.70	0.33	5.6	0.44	5.0	5.2	남	183	12.7	1015.6	-	317	
2021-11-30 04:10:00	38.8	북북서	330	15.65	0.33	5.2	0.51	4.0	6.2	남남서	194	13.1	1015.4	-	68	
2021-11-30 04:15:00	36.3	북북서	329	15.63	0.38	5.7	0.62	8.5	5.9	남남서	192	12.8	1015.3	-	63	
2021-11-30 04:20:00	33.5	북북서	328	15.59	0.33	5.0	0.44	4.0	6.0	남남서	200	12.6	1015.4	-	290	
2021-11-30 04:25:00	31.0	북북서	327	15.54	0.38	6.0	0.50	4.5	5.4	남남서	206	12.4	1015.3	-	62	
2021-11-30 04:30:00	28.1	북서	320	15.52	0.38	5.9	0.55	4.0	5.9	남서	214	12.7	1015.2	-	77	
2021-11-30 04:35:00	19.0	북북서	334	15.48	0.31	4.7	0.38	4.5	5.3	남서	219	13.2	1015.1	-	314	
2021-11-30 04:40:00	21.6	북북서	331	15.48	0.34	4.9	0.46	3.5	4.4	남남서	204	12.9	1015.0	-	300	
2021-11-30 04:45:00	21.7	북북서	331	15.60	0.32	5.8	0.37	4.5	3.4	남남서	205	12.7	1014.7	-	294	
2021-11-30 04:50:00	22.8	북북서	326	15.60	0.34	5.1	0.48	4.5	3.7	남서	223	12.7	1014.4	-	336	
2021-11-30 04:55:00	20.4	북북서	333	15.58	0.33	5.3	0.43	4.5	3.2	남서	224	13.0	1014.3	-	263	
2021-11-30 05:00:00	15.6	북북서	333	15.55	0.33	5.4	0.50	4.5	3.2	남서	214	12.8	1014.4	-	156	
2021-11-30 05:05:00	20.1	북북서	347	15.53	0.33	5.1	0.46	4.0	2.8	남남서	206	12.5	1014.3	-	121	
2021-11-30 05:10:00	15.5	북북서	334	15.51	0.31	4.9	0.41	5.0	2.5	남서	221	12.2	1014.2	-	47	
2021-11-30 05:15:00	14.7	북북서	340	15.50	0.31	5.3	0.39	5.5	2.4	남서	232	12.3	1014.0	-	79	
2021-11-30 05:20:00	10.6	북북서	333	15.51	0.34	5.6	0.57	4.5	2.7	서남서	239	12.3	1013.8	-	74	
2021-11-30 05:25:00	7.8	북북서	332	15.54	0.34	6.1	0.50	4.5	3.4	서남서	243	12.3	1013.8	-	286	
2021-11-30 05:30:00	12.1	북서	326	15.55	0.29	4.8	0.41	5.0	3.7	남서	234	12.1	1013.7	-	341	
2021-11-30 05:35:00	13.8	북북서	327	15.55	0.34	4.9	0.47	5.5	3.0	남서	223	12.1	1013.6	-	303	
2021-11-30 05:40:00	13.6	북북서	327	15.53	0.32	5.4	0.52	4.5	3.4	남서	223	12.1	1013.6	-	195	
2021-11-30 05:45:00	13.3	북북서	337	15.54	0.31	5.3	0.51	5.0	4.1	남서	229	12.1	1013.6	-	74	
2021-11-30 05:50:00	16.2	북북서	327	15.53	0.31	5.3	0.43	5.0	4.7	남서	232	12.0	1013.5	-	45	
2021-11-30 05:55:00	14.6	북북서	334	15.54	0.34	5.9	0.46	4.5	4.0	남서	236	12.1	1013.4	-	64	
2021-11-30 06:00:00	15.9	북북서	335	15.54	0.31	6.4	0.46	7.0	4.1	남서	236	12.2	1013.3	-	54	
2021-11-30 06:05:00	16.3	북북서	338	15.55	0.28	5.7	0.40	8.5	3.5	남서	226	12.3	1013.1	-	70	
2021-11-30 06:10:00	17.3	북서	325	15.56	0.29	5.1	0.53	4.5	4.0	남서	224	12.2	1013.0	-	84	
2021-11-30 06:15:00	18.0	북북서	334	15.58	0.29	5.8	0.39	5.5	3.9	남서	219	12.2	1013.0	-	51	
2021-11-30 06:20:00	17.6	북서	323	15.58	0.29	5.6	0.47	7.0	3.5	남남서	207	12.2	1012.7	-	57	
2021-11-30 06:25:00	16.1	북서	321	15.55	0.28	4.9	0.37	7.0	4.5	남서	222	12.8	1012.5	-	95	
2021-11-30 06:30:00	20.2	북서	325	15.71	0.31	7.2	0.45	6.5	4.6	남서	217	12.9	1012.5	-	51	
2021-11-30 06:35:00	23.8	북북서	335	15.73	0.26	6.3	0.33	4.5	3.9	남남서	194	12.7	1012.6	-	58	
2021-11-30 06:40:00	25.2	북북서	332	15.72	0.30	5.2	0.40	5.0	4.0	남	185	12.6	1012.5	-	69	
2021-11-30 06:45:00	25.6	북북서	335	15.72	0.27	5.2	0.33	7.5	4.5	남남서	196	12.4	1012.3	-	77	
2021-11-30 06:50:00	21.8	북북서	330	15.69	0.28	5.8	0.34	5.0	4.4	남남서	204	12.3	1012.3	-	254	
2021-11-30 06:55:00	24.6	북서	323	15.67	0.30	6.2	0.38	4.5	4.5	남남서	211	12.4	1012.2	-	75	
2021-11-30 07:00:00	24.3	북서	324	15.67	0.28	5.2	0.47	4.0	4.5	남서	219	12.5	1012.0	-	114	
2021-11-30 07:05:00	22.8	북북서	338	15.68	0.28	6.3	0.38	7.0	3.0	남남서	211	12.4	1011.9	-	76	
2021-11-30 07:10:00	25.2	북북서	332	15.68	0.27	5.7	0.44	6.0	2.7	남남서	202	12.3	1011.9	-	76	
2021-11-30 07:15:00	27.7	북북서	330	15.67	0.28	5.0	0.40	5.0	1.4	남남서	196	12.3	1011.7	-	218	
2021-11-30 07:20:00	24.1	북북서	330	15.66	0.27	6.5	0.33	6.0	1.4	남남서	205	12.1	1011.8	-	53	
2021-11-30 07:25:00	25.6	북북서	331	15.66	0.23	5.7	0.36	5.5	2.1	남	186	12.1	1011.8	-	97	
2021-11-30 07:30:00	23.6	북서	325	15.68	0.24	6.0	0.30	6.5	1.9	남	185	12.0	1011.8	-	80	
2021-11-30 07:35:00	23.4	북북서	331	15.70	0.29	4.7	0.34	3.0	1.6	남	180	11.9	1011.7	-	280	
2021-11-30 07:40:00	21.3	북북서	327	15.72	0.28	5.7	0.43	7.0	2.6	남서	214	12.3	1011.5	-	83	
2021-11-30 07:45:00	21.4	북서	313	15.70	0.24	5.2	0.37	5.5	3.9	남서	233	12.9	1011.3	-	76	
2021-11-30 07:50:00	17.3	북서	320	15.69	0.25	5.7	0.40	4.0	5.8	남서	226	13.0	1011.2	-	187	
2021-11-30 07:55:00	17.3	북서	316	15.67	0.24	5.8	0.34	8.0	5.6	남서	225	13.1	1011.2	-	90	
2021-11-30 08:00:00	18.4	북서	312	15.66	0.27	6.2	0.36	5.5	5.4	남서	228	13.3	1011.1	-	71	
2021-11-30 08:05:00	20.5	북서	317	15.65	0.26	6.5	0.35	5.0	4.8	남서	233	13.2	1010.9	-	84	
2021-11-30 08:10:00	21.5	북서	315	15.64	0.25	6.1	0.36	5.0	5.3	남서	233	13.2	1010.8	-	21	
2021-11-30 08:15:00	18.1	북서	310	15.64	0.24	6.1	0.36	4.5	4.6	남서	227	13.0	1010.7	-	71	
2021-11-30 08:20:00	20.4	북서	319	15.65	0.22	5.8	0.32	5.0	3.9	남서	221	13.2	1010.6	-	108	
2021-11-30 08:25:00	20.7	북서	315	15.66	0.24	6.8	0.37	4.5	3.9	남서	224	13.2	1010.4	-	68	
2021-11-30 08:30:00	23.0	북서	315	15.75	0.24	5.3	0.32	7.0	3.9	남서	223	13.1	1010.3	-	87	
2021-11-30 08:35:00	25.8	북서	325	15.78	0.25	5.6	0.41	5.0	3.8	남남서	209	13.1	1010.1	-	197	
2021-11-30 08:40:00	26.6	북북서	327	15.77	0.26	5.0	0.43	6.0	3.6	남남서	197	13.0	1010.0	-	267	
2021-11-30 08:45:00	22.5	북서	322	15.75	0.23	5.2	0.34	8.0	4.4	남서	221	12.9	1010.0	-	145	
2021-11-30 08:50:00	20.6	북서	316	15.73	0.29	5.9	0.40	6.0	4.1	남서	221	13.2	1009.9	-	78	
2021-11-30 08:55:00	22.6	북북서	335	15.71	0.23	6.1	0.34	5.0	3.8	남남서	206	13.5	1009.7	-	84	
2021-11-30 09:00:00	22.5	북북서	335	15.70	0.26	5.1	0.34	5.5	3.8	남남서	192	13.4	1009.6	-	254	
2021-11-30 09:05:00	21.2	북북서	339	15.68	0.30	5.3	0.58	5.0	3.7	남남서	192	13.1	1009.5	-	67	
2021-11-30 09:10:00	18.1	북북서	334	15.64	0.27	5.3	0.38	4.5	4.3	남	189	14.0	1009.5	-	90	
2021-11-30 09:15:00	18.4	북북서	341	15.61	0.26	5.5	0.34	4.5	4.0	남남서	198	13.5	1009.5	-	256	
2021-11-30 09:20:00	16.6	북북서	331	15.58	0.26	5.9	0.42	5.0	3.5	남서	218	12.9	1009.6	-	46	
2021-11-30 09:25:00	17.7	북북서	347	15.56	0.27	5.6	0.33	8.5	3.5	남서	215	12.8	1009.4	-	54	
2021-11-30 09:30:00	14.2	북북서	341	15.54	0.26	4.8	0.43	6.5	3.4	남남서	196	13.5	1009.2	-	99	
2021-11-30 09:35:00	12.4	북북서	332	15.51	0.28	5.6	0.40	5.5	2.7	남남서	194	13.7	1009.0	-	59	
2021-11-30 09:40:00	9.4	북북서	327	15.49	0.23	4.8	0.32	6.0	2.5	남남서	203	13.6	1008.9	-	14	
2021-11-30 09:45:00	9.4	북	358	15.47	0.27	5.1	0.31	3.0	2.4	남서	217	13.1	1008.9	-	52	
2021-11-30 09:50:00	7.3	북북서	328	15.45	0.25	5.0	0.41	5.0	2.6	남서	230	13.0	1008.8	-	6	
2021-11-30 09:55:00	4.4	북	7	15.44	0.26	6.0	0.33	5.5	2.9	남서	224	13.0	1008.9	-	77	
2021-11-30 10:00:00	3.4	북서	319	15.44	0.25	5.2	0.30	3.5	2.7	서남서	242	13.0	1008.8	-	342	
2021-11-30 10:05:00	8.3	북서	310	15.43	0.28	5.2	0.35	4.0	2.1	서남서	248	12.9	1008.7	-	79	
2021-11-30 10:10:00	4.4	북서	316	15.43	0.26	5.2	0.38	5.5	2.1	서	270	12.9	1008.6	-	69	
2021-11-30 10:15:00	4.0	동남동	114	15.43	0.28	5.9	0.51	4.0	2.1	서남서	258	12.4	1008.5	-	54	
2021-11-30 10:20:00	3.3	북서	310	15.43	0.28	5.6	0.42	4.5	2.2	서	265	12.5	1008.5	-	112	
2021-11-30 10:25:00	1.9	서	278	15.43	0.27	5.4	0.38	6.0	1.9	서	270	12.3	1008.4	-	103	
2021-11-30 10:30:00	0.6	동남동	118	15.44	0.28	5.1	0.40	4.5	2.1	서	271	12.2	1008.4	-	70	
2021-11-30 10:35:00	4.2	북서	324	15.43	0.30	5.0	0.38	3.5	2.1	서	264	11.9	1008.2	-	251	
2021-11-30 10:40:00	4.5	북서	321	15.44	0.35	5.1	0.64	4.0	1.6	서북서	285	11.7	1008.0	-	249	
2021-11-30 10:45:00	3.8	서	273	15.42	0.34	4.7	0.57	4.5	1.5	서북서	300	11.7	1007.9	-	292	
2021-11-30 10:50:00	2.9	북서	308	15.41	0.34	4.5	0.52	4.0	0.8	서북서	285	11.7	1007.7	-	80	
2021-11-30 10:55:00	0.6	서	274	15.39	0.38	4.9	0.47	4.5	0.6	서	270	11.7	1007.7	-	276	
2021-11-30 11:00:00	3.6	북서	325	15.38	0.36	4.4	0.46	4.5	1.3	서북서	287	11.9	1007.5	-	321	
2021-11-30 11:05:00	2.2	북서	316	15.39	0.35	4.9	0.64	4.0	0.9	서북서	290	11.9	1007.4	-	159	
2021-11-30 11:10:00	3.5	북북서	329	15.40	0.41	3.9	0.53	4.0	1.6	서	279	12.1	1007.4	-	328	
2021-11-30 11:15:00	3.2	북서	309	15.41	0.39	4.4	0.53	5.5	2.3	서북서	290	12.1	1007.3	-	99	
2021-11-30 11:20:00	3.2	북북서	335	15.44	0.36	4.3	0.53	4.0	2.8	서북서	296	12.0	1007.3	-	88	
2021-11-30 11:25:00	5.4	북서	304	15.44	0.32	5.2	0.47	4.5	4.2	서북서	298	12.0	1007.3	-	67	
2021-11-30 11:30:00	3.6	북서	310	15.45	0.31	4.9	0.45	4.5	5.8	서북서	289	11.5	1007.5	-	90	
2021-11-30 11:35:00	4.8	북서	318	15.44	0.34	4.7	0.55	4.0	5.9	서북서	283	11.2	1007.5	-	297	
2021-11-30 11:40:00	2.3	북북서	337	15.42	0.29	4.9	0.38	4.5	2.5	서북서	291	11.1	1007.3	-	257	
2021-11-30 11:45:00	3.2	북북서	348	15.40	0.31	4.8	0.44	4.0	1.4	서북서	303	11.3	1007.0	-	357	
2021-11-30 11:50:00	4.5	서북서	298	15.39	0.34	4.6	0.47	4.0	1.4	서북서	292	11.3	1006.7	-	85	
2021-11-30 11:55:00	1.5	서	280	15.39	0.35	5.1	0.53	3.5	1.1	서	280	11.2	1006.6	-	167	
2021-11-30 12:00:00	2.1	서북서	294	15.39	0.39	4.7	0.57	4.5	2.0	서	270	11.2	1006.4	-	106	
2021-11-30 12:05:00	4.8	북북서	344	15.39	0.34	4.5	0.43	5.0	2.0	서남서	241	11.3	1006.2	-	67	
2021-11-30 12:10:00	4.4	북서	318	15.38	0.32	4.7	0.41	4.0	1.2	서남서	238	11.1	1006.1	-	73	
2021-11-30 12:15:00	3.2	북	349	15.37	0.34	4.3	0.50	5.0	3.2	남서	214	11.3	1006.0	-	98	
2021-11-30 12:20:00	2.8	북서	324	15.35	0.32	4.5	0.44	4.5	4.2	남서	215	11.5	1005.8	-	340	
2021-11-30 12:25:00	3.9	북북서	332	15.34	0.35	4.9	0.50	6.5	5.9	남서	215	12.0	1005.5	-	117	
2021-11-30 12:30:00	3.9	북서	316	15.31	0.35	4.4	0.52	4.0	7.0	남서	216	12.0	1005.2	-	132	
2021-11-30 12:35:00	3.9	북서	322	15.29	0.30	4.6	0.44	6.5	8.4	남서	222	11.9	1005.0	-	107	
2021-11-30 12:40:00	8.4	북북서	336	15.29	0.36	4.6	0.65	4.5	8.8	남서	221	11.9	1004.9	-	239	
2021-11-30 12:45:00	8.7	북	355	15.28	0.34	4.5	0.44	5.0	8.8	남서	215	11.7	1004.8	-	72	
2021-11-30 12:50:00	6.0	북북서	331	15.27	0.39	5.1	0.53	5.0	8.3	남서	220	11.6	1004.8	-	135	
2021-11-30 12:55:00	6.5	북북서	342	15.28	0.40	4.8	0.57	4.5	7.4	남서	230	11.5	1004.8	-	73	
2021-11-30 13:00:00	3.4	북북서	349	15.27	0.37	4.4	0.47	4.5	4.7	서남서	239	11.3	1004.9	-	147	
2021-11-30 13:05:00	2.7	북북서	335	15.27	0.37	4.7	0.55	5.0	3.7	서남서	244	11.3	1004.8	-	318	
2021-11-30 13:10:00	1.9	북서	322	15.29	0.40	4.7	0.62	5.0	4.4	서남서	251	11.3	1004.7	-	110	
2021-11-30 13:15:00	2.4	북북서	334	15.29	0.48	4.6	0.74	4.5	5.9	남서	235	11.4	1004.7	-	97	
2021-11-30 13:20:00	3.5	북북서	339	15.29	0.54	4.6	0.83	4.5	7.9	남서	235	11.8	1004.5	-	26	
2021-11-30 13:25:00	3.6	북북서	347	15.29	0.60	4.6	0.95	4.5	6.2	서남서	237	12.1	1004.2	-	102	
2021-11-30 13:30:00	3.5	북북서	344	15.29	0.66	4.4	1.08	4.0	7.1	서남서	250	12.0	1003.8	-	227	
2021-11-30 13:35:00	5.0	북	6	15.30	0.63	4.1	0.82	5.0	6.9	서남서	242	11.8	1003.6	-	113	
2021-11-30 13:40:00	3.4	북북서	347	15.29	0.57	4.4	0.87	4.5	6.6	서남서	247	11.5	1003.4	-	148	
2021-11-30 13:45:00	3.9	북	6	15.29	0.66	4.7	0.98	4.5	5.5	서남서	251	11.4	1003.4	-	53	
2021-11-30 13:50:00	2.2	북	11	15.29	0.61	4.7	1.10	4.5	4.8	서남서	244	11.2	1003.3	-	72	
2021-11-30 13:55:00	3.5	북	351	15.29	0.55	4.5	0.79	4.0	3.5	서남서	243	11.2	1003.1	-	330	
2021-11-30 14:00:00	2.8	북북서	339	15.29	0.53	4.6	0.64	3.5	3.9	서남서	246	11.2	1002.8	-	109	
2021-11-30 14:05:00	4.9	북북동	21	15.30	0.52	4.8	0.77	5.0	4.2	서남서	248	11.3	1002.6	-	119	
2021-11-30 14:10:00	4.7	북북동	25	15.30	0.52	4.4	0.88	4.0	4.5	서	259	11.7	1002.6	-	86	
2021-11-30 14:15:00	3.3	동북동	66	15.31	0.48	4.6	0.67	5.5	3.8	서	261	11.8	1002.5	-	157	
2021-11-30 14:20:00	5.8	북	359	15.29	0.47	4.7	0.71	4.0	5.0	서남서	241	12.1	1002.4	-	142	
2021-11-30 14:25:00	4.2	북북동	13	15.28	0.50	4.4	0.65	4.0	6.0	남서	234	12.3	1002.3	-	106	
2021-11-30 14:30:00	2.7	북동	48	15.27	0.43	4.2	0.60	5.5	6.5	남서	230	12.4	1002.4	-	321	
2021-11-30 14:35:00	7.5	북북동	14	15.26	0.46	4.8	0.86	4.0	6.6	남서	227	12.6	1002.4	-	310	
2021-11-30 14:40:00	2.3	남동	141	15.26	0.47	4.1	0.87	4.0	6.5	남서	233	12.7	1002.6	-	118	
2021-11-30 14:45:00	2.7	북북서	343	15.25	0.50	4.6	0.61	3.5	6.2	남서	235	12.4	1002.4	-	136	
2021-11-30 14:50:00	5.7	북	350	15.25	0.50	4.7	0.78	5.0	7.7	서남서	243	12.5	1002.1	-	126	
2021-11-30 14:55:00	2.3	북북동	18	15.24	0.50	4.9	0.63	6.0	8.4	서남서	242	12.8	1001.8	-	115	
2021-11-30 15:00:00	3.3	북북동	22	15.23	0.38	4.4	0.53	5.0	7.2	서남서	244	12.7	1001.8	-	285	
2021-11-30 15:05:00	7.6	동북동	61	15.22	0.40	4.7	0.58	4.5	5.9	서남서	252	12.8	1001.7	-	120	
2021-11-30 15:10:00	6.3	북	355	15.22	0.43	4.4	0.65	3.5	5.4	서남서	243	12.9	1001.7	-	149	
2021-11-30 15:15:00	4.3	북동	46	15.22	0.47	4.5	0.69	3.5	5.0	서남서	254	13.2	1001.8	-	108	
2021-11-30 15:20:00	3.2	북	6	15.21	0.41	4.2	0.64	4.5	4.8	서남서	257	13.4	1001.9	-	111	
2021-11-30 15:25:00	3.0	동북동	57	15.21	0.36	4.6	0.66	3.5	4.8	서남서	248	13.3	1001.8	-	116	
2021-11-30 15:30:00	2.6	동북동	73	15.20	0.40	5.2	0.53	6.0	5.5	서남서	252	13.3	1001.7	-	126	
2021-11-30 15:35:00	4.6	북동	40	15.20	0.40	5.3	0.62	4.5	7.4	서남서	248	13.0	1001.5	-	106	
2021-11-30 15:40:00	0.8	북동	42	15.20	0.39	5.2	0.50	6.0	6.6	서남서	244	12.8	1001.6	-	115	
2021-11-30 15:45:00	-	-	-	-	-	-	-	-	-	-	-	-	-	-	-	
2021-11-30 15:50:00	2.4	북북서	333	15.19	0.27	4.4	0.54	4.4	6.9	서남서	248	13.0	1001.6	-	97	
2021-11-30 15:55:00	2.3	동	94	15.17	0.34	5.9	0.44	5.0	8.4	서남서	243	12.9	1001.5	-	108	
2021-11-30 16:00:00	1.4	동	100	15.16	0.40	6.2	0.50	4.0	7.3	서남서	241	12.7	1001.6	-	114	
2021-11-30 16:05:00	2.6	북서	314	15.14	0.34	5.4	0.46	6.0	6.8	서남서	243	12.7	1001.6	-	109	
2021-11-30 16:10:00	7.2	북서	326	15.12	0.37	5.3	0.50	3.5	8.2	서남서	248	12.7	1001.5	-	114	
2021-11-30 16:15:00	3.3	북북동	28	15.10	0.34	6.3	0.48	6.5	8.4	서	259	12.7	1001.3	-	104	
2021-11-30 16:20:00	5.7	동북동	78	15.09	0.37	5.9	0.60	5.0	8.5	서남서	245	12.7	1001.4	-	97	
2021-11-30 16:25:00	5.5	동남동	109	15.07	0.39	6.3	0.49	8.0	9.8	서남서	246	12.8	1001.5	-	126	
2021-11-30 16:30:00	3.8	남동	125	15.05	0.37	5.7	0.59	5.5	9.6	서남서	245	12.7	1001.5	-	118	
2021-11-30 16:35:00	3.8	북서	312	15.04	0.41	6.1	0.52	5.0	10.2	서남서	242	12.8	1001.6	-	116	
2021-11-30 16:40:00	2.2	북북동	12	15.03	0.36	6.1	0.50	6.0	10.0	서남서	242	12.7	1001.5	-	119	
2021-11-30 16:45:00	3.4	북동	54	15.02	0.37	6.6	0.58	6.0	10.8	서남서	242	12.7	1001.5	-	126	
2021-11-30 16:50:00	0.8	북북동	14	15.01	0.34	5.6	0.50	6.0	10.7	서남서	246	12.6	1001.5	-	126	
2021-11-30 16:55:00	6.8	북북동	18	15.00	0.38	6.5	0.51	7.0	10.3	서남서	242	12.4	1001.5	-	80	
2021-11-30 17:00:00	2.8	동	96	15.00	0.35	5.3	0.45	5.5	8.5	서남서	241	12.3	1001.5	-	123	
2021-11-30 17:05:00	4.2	북북서	335	14.99	0.38	6.3	0.51	6.0	8.6	서남서	240	12.1	1001.5	-	131	
2021-11-30 17:10:00	5.5	동북동	66	14.99	0.39	6.3	0.55	6.5	7.9	서남서	244	12.0	1001.4	-	138	
2021-11-30 17:15:00	3.3	북북동	22	14.99	0.36	6.0	0.49	6.0	9.2	남서	234	11.9	1001.4	-	136	
2021-11-30 17:20:00	1.8	북동	52	14.99	0.34	6.4	0.47	6.0	8.2	남서	229	11.9	1001.3	-	120	
2021-11-30 17:25:00	4.0	동남동	106	14.98	0.30	6.0	0.38	7.0	8.6	남서	230	11.9	1001.3	-	130	
2021-11-30 17:30:00	3.8	북북동	24	14.98	0.40	6.4	0.52	7.0	8.5	남서	231	11.8	1001.3	-	124	
2021-11-30 17:35:00	2.9	북	356	14.98	0.33	6.2	0.45	5.0	7.7	남서	228	11.7	1001.3	-	129	
2021-11-30 17:40:00	2.9	북북동	16	14.98	0.35	6.6	0.46	6.5	7.0	남서	227	11.8	1001.4	-	121	
2021-11-30 17:45:00	1.7	서	267	14.98	0.27	6.2	0.34	4.5	7.9	남서	224	11.8	1001.4	-	129	
2021-11-30 17:50:00	1.5	남서	219	14.98	0.32	5.7	0.47	6.0	8.4	남서	221	11.6	1001.5	-	133	
2021-11-30 17:55:00	1.7	서북서	294	14.98	0.37	5.9	0.50	6.0	7.8	남서	219	11.6	1001.7	-	121	
2021-11-30 18:00:00	5.4	북북서	343	14.98	0.29	6.2	0.48	5.5	8.0	남서	215	11.6	1001.7	-	121	
2021-11-30 18:05:00	2.5	동북동	71	14.98	0.29	6.2	0.42	6.5	8.8	남서	217	11.5	1001.6	-	122	
2021-11-30 18:10:00	5.9	북동	54	14.97	0.30	6.8	0.38	6.5	9.1	남남서	213	11.1	1001.6	-	130	
2021-11-30 18:15:00	3.6	북북동	27	14.98	0.29	6.3	0.35	6.0	9.1	남서	220	10.9	1001.7	-	96	
2021-11-30 18:20:00	6.5	북	11	14.98	0.32	6.5	0.43	6.5	8.4	남서	219	11.0	1001.8	-	124	
2021-11-30 18:25:00	6.1	북북동	26	14.97	0.32	6.7	0.44	6.5	8.9	남서	223	11.0	1001.9	-	111	
2021-11-30 18:30:00	1.3	북북동	14	14.97	0.33	6.7	0.45	7.0	7.4	남서	232	10.9	1002.1	-	117	
2021-11-30 18:35:00	2.4	북북동	32	14.97	0.34	6.9	0.42	5.5	6.6	남서	231	10.9	1002.2	-	108	
2021-11-30 18:40:00	2.3	북	357	14.97	0.39	7.0	0.52	7.5	6.4	남서	226	10.9	1002.3	-	131	
2021-11-30 18:45:00	2.1	동	87	14.96	0.40	6.5	0.55	6.0	6.6	남서	225	10.9	1002.3	-	118	
2021-11-30 18:50:00	4.7	북	8	14.96	0.36	6.8	0.47	7.5	7.4	남서	229	11.0	1002.3	-	116	
2021-11-30 18:55:00	2.7	남남서	213	14.96	0.39	7.2	0.66	7.0	8.0	남서	222	11.0	1002.2	-	123	
2021-11-30 19:00:00	2.0	북북동	29	14.96	0.51	7.0	0.61	7.0	8.1	남서	227	11.0	1002.3	-	113	
2021-11-30 19:05:00	4.5	동북동	70	14.95	0.54	7.2	0.69	7.0	8.0	남서	227	10.8	1002.4	-	125	
2021-11-30 19:10:00	4.7	북북동	34	14.95	0.59	7.4	0.88	6.5	9.4	남서	228	10.7	1002.4	-	125	
2021-11-30 19:15:00	1.3	남	170	14.95	0.51	6.9	0.71	7.5	10.3	남서	232	10.3	1002.5	-	98	
2021-11-30 19:20:00	4.0	북동	39	14.94	0.53	7.3	0.69	7.0	10.8	서남서	239	10.2	1002.4	-	124	
2021-11-30 19:25:00	5.1	북	1	14.93	0.57	6.8	0.70	8.0	11.3	서남서	242	9.9	1002.7	-	139	
2021-11-30 19:30:00	8.8	동북동	74	14.91	0.58	6.5	0.78	7.0	12.4	서남서	249	9.6	1002.8	-	119	
2021-11-30 19:35:00	8.8	동북동	58	14.90	0.62	7.4	0.94	7.5	11.4	서남서	257	9.5	1002.8	-	114	
2021-11-30 19:40:00	13.5	동북동	63	14.88	0.54	7.4	0.70	7.5	11.7	서남서	245	9.4	1002.8	-	119	
2021-11-30 19:45:00	13.7	동북동	59	14.87	0.59	7.1	0.79	5.5	12.8	서남서	244	9.4	1002.7	-	130	
2021-11-30 19:50:00	15.4	동북동	72	14.84	0.67	7.6	1.03	8.0	13.1	서남서	244	9.3	1002.7	-	118	
2021-11-30 19:55:00	10.2	동북동	57	14.83	0.64	7.0	0.92	7.0	13.3	서남서	248	9.2	1002.9	-	119	
2021-11-30 20:00:00	16.3	동	80	14.81	0.62	7.2	0.81	8.0	13.3	서남서	251	9.0	1002.9	-	116	
2021-11-30 20:05:00	12.3	동북동	74	14.79	0.59	6.3	0.84	7.5	13.6	서남서	251	8.9	1003.2	-	106	
2021-11-30 20:10:00	9.6	동북동	73	14.76	0.50	4.9	0.70	7.5	13.5	서남서	242	8.7	1003.4	-	93	
2021-11-30 20:15:00	9.8	동	82	14.73	0.50	4.3	0.65	7.5	13.9	서남서	248	8.7	1003.5	-	231	
2021-11-30 20:20:00	19.2	동	80	14.71	0.47	5.0	0.75	7.0	16.0	서남서	243	8.6	1003.4	-	106	
2021-11-30 20:25:00	15.7	동북동	77	14.68	0.51	4.4	0.80	6.0	14.1	서남서	237	8.5	1003.6	-	241	
2021-11-30 20:30:00	10.1	동북동	74	14.67	0.56	4.5	1.00	7.5	14.2	서남서	240	8.2	1003.6	-	117	
2021-11-30 20:35:00	20.0	동	79	14.65	0.54	3.9	0.75	5.5	14.4	서남서	241	8.1	1003.6	-	235	
2021-11-30 20:40:00	20.4	동북동	78	14.63	0.52	5.2	0.68	3.0	14.5	남서	234	8.0	1003.6	-	109	
2021-11-30 20:45:00	22.3	동	84	14.60	0.63	6.4	0.80	7.0	15.2	서남서	237	7.8	1003.8	-	118	
2021-11-30 20:50:00	20.0	동	83	14.58	0.59	4.0	0.76	7.5	13.3	서남서	238	7.7	1003.9	-	121	
2021-11-30 20:55:00	21.4	동	85	14.57	0.50	4.8	0.71	5.0	13.0	남서	235	7.5	1004.1	-	104	
2021-11-30 21:00:00	20.6	동	100	14.56	0.58	6.8	0.73	7.0	12.7	서남서	243	7.2	1004.2	-	107	
2021-11-30 21:05:00	15.0	동남동	107	14.54	0.44	5.1	0.64	6.5	10.2	서남서	257	7.4	1004.6	-	230	
2021-11-30 21:10:00	14.4	동남동	104	14.55	0.40	5.1	0.56	7.5	10.0	서	260	7.5	1004.6	-	225	
2021-11-30 21:15:00	16.4	동남동	102	14.57	0.39	6.8	0.53	8.5	9.2	서남서	257	7.5	1004.8	-	95	
2021-11-30 21:20:00	23.3	동남동	102	14.55	0.41	6.5	0.61	6.5	10.2	서	267	7.3	1004.8	-	126	
2021-11-30 21:25:00	18.7	동남동	117	14.54	0.40	6.9	0.60	7.0	8.3	서남서	249	7.1	1005.0	-	130	
2021-11-30 21:30:00	17.5	동남동	109	14.52	0.38	6.9	0.51	6.5	8.0	서남서	254	7.2	1005.0	-	120	
2021-11-30 21:35:00	12.9	동남동	112	14.51	0.38	6.9	0.53	8.0	6.6	서	263	7.2	1005.1	-	113	
2021-11-30 21:40:00	9.5	동남동	122	14.50	0.33	7.1	0.42	6.5	7.6	서	267	7.0	1005.1	-	122	
2021-11-30 21:45:00	17.4	동남동	118	14.49	0.38	6.9	0.61	6.5	6.8	서	271	6.9	1005.1	-	102	
2021-11-30 21:50:00	11.8	남동	126	14.48	0.33	7.1	0.58	6.0	5.2	서	278	6.9	1005.2	-	113	
2021-11-30 21:55:00	14.6	남동	124	14.47	0.36	6.9	0.54	7.0	7.4	서	279	6.9	1005.1	-	106	
2021-11-30 22:00:00	15.7	동남동	118	14.47	0.37	7.4	0.47	10.0	7.2	서	268	6.9	1005.2	-	112	
2021-11-30 22:05:00	14.3	남동	127	14.46	0.39	7.8	0.60	6.0	8.1	서	272	7.0	1005.3	-	109	
2021-11-30 22:10:00	17.6	남동	127	14.46	0.35	6.9	0.53	7.0	9.6	서북서	288	7.0	1005.3	-	112	
2021-11-30 22:15:00	18.1	동남동	123	14.45	0.36	6.6	0.49	8.0	10.8	서	269	6.7	1005.4	-	92	
2021-11-30 22:20:00	13.9	남동	137	14.44	0.34	7.2	0.52	6.0	9.9	서	271	6.7	1005.6	-	116	
2021-11-30 22:25:00	10.4	남동	137	14.44	0.38	6.9	0.57	6.0	8.6	서	271	6.5	1005.6	-	118	
2021-11-30 22:30:00	14.9	남동	134	14.43	0.38	6.8	0.53	6.5	8.4	서	274	6.5	1005.6	-	119	
2021-11-30 22:35:00	11.5	남동	143	14.43	0.35	5.5	0.50	6.5	8.5	서	276	6.5	1005.4	-	107	
2021-11-30 22:40:00	13.7	남동	135	14.42	0.37	6.0	0.48	7.5	9.0	서	270	6.2	1005.2	-	122	
2021-11-30 22:45:00	13.4	남동	146	14.41	0.44	4.6	0.67	4.5	8.7	서	268	6.2	1005.1	-	326	
2021-11-30 22:50:00	12.8	남동	127	14.40	0.47	4.5	0.66	5.5	9.4	서	260	6.1	1004.9	-	316	
2021-11-30 22:55:00	10.5	남동	141	14.39	0.47	4.3	0.69	8.0	9.6	서남서	258	6.3	1004.7	-	310	
2021-11-30 23:00:00	12.6	남동	134	14.38	0.44	4.7	0.57	4.0	10.3	서	260	6.3	1004.5	-	103	
2021-11-30 23:05:00	12.5	남동	127	14.38	0.49	4.4	0.74	3.0	10.4	서	260	6.1	1004.3	-	318	
2021-11-30 23:10:00	11.0	남동	142	14.37	0.52	5.1	0.77	7.0	9.2	서남서	256	6.1	1004.4	-	115	
2021-11-30 23:15:00	9.3	남동	138	14.37	0.47	4.5	0.60	3.0	10.4	서남서	256	6.1	1004.3	-	92	
2021-11-30 23:20:00	14.5	남동	135	14.37	0.47	4.8	0.55	4.5	9.5	서남서	254	6.0	1004.4	-	319	
2021-11-30 23:25:00	11.8	남동	135	14.37	0.49	5.1	0.77	6.0	7.1	서남서	255	5.9	1004.5	-	25	
2021-11-30 23:30:00	10.1	동남동	121	14.36	0.57	5.3	0.77	5.0	9.8	서	262	5.7	1004.7	-	335	
2021-11-30 23:35:00	14.6	남동	124	14.37	0.53	4.9	0.66	5.5	10.3	서	272	5.6	1004.9	-	309	
2021-11-30 23:40:00	11.4	남남동	165	14.37	0.63	5.4	0.81	6.0	7.7	서북서	284	5.3	1005.4	-	340	
2021-11-30 23:45:00	14.6	남동	129	14.38	0.65	5.8	0.85	4.5	7.3	서북서	299	5.4	1005.9	-	342	
2021-11-30 23:50:00	9.6	남동	138	14.37	0.58	5.1	0.87	7.0	8.4	서북서	300	5.6	1006.0	-	339	
2021-11-30 23:55:00	11.9	남남동	148	14.37	0.57	5.3	0.73	6.5	11.8	서북서	286	5.4	1005.7	-	345	
