관측소명:경포대해수욕장
위도:37.80897222222220
경도:128.931888888889
관측시간	유속(cm/s)	유향(16points)	유향(deg)	수온(℃)	염분(PSU)	유의파고(m)	유의파주기(sec)	최대파고(m)	최대파주기(sec)	풍속(m/s)	풍향(16points)	풍향(deg)	기온(℃)	기압(hPa)	시정(m)	파향(deg)	
2018-07-01 00:00:00	5.7	북	0	20.83	33.90	0.67	5.2	0.93	5.0	2.7	동남동	102	21.2	1010.9	-	119
2018-07-01 00:30:00	7.9	동	86	21.02	33.79	0.59	4.8	0.79	4.0	2.4	동남동	102	21.2	1010.8	-	129
2018-07-01 01:00:00	7.7	동	87	20.83	33.81	0.67	5.4	1.15	4.5	0.9	서남서	245	21.4	1010.4	-	111
2018-07-01 01:30:00	13.1	동	88	21.13	33.78	0.65	4.6	0.91	4.5	2.5	북서	324	21.3	1010.4	-	128
2018-07-01 02:00:00	14.5	동	101	21.52	33.78	0.63	5.1	0.77	5.5	7.7	북북서	340	21.5	1011.1	-	96
2018-07-01 02:30:00	17.0	동남동	113	21.56	33.72	0.70	5.1	0.84	5.5	8.4	북서	325	21.4	1011.3	-	110
2018-07-01 03:00:00	22.1	동남동	110	21.50	33.80	0.86	4.8	1.30	4.0	6.8	북서	325	21.2	1011.1	-	100
2018-07-01 03:30:00	30.4	동남동	109	21.47	33.79	0.79	5.0	1.13	5.0	6.2	북서	321	21.2	1010.9	-	94
2018-07-01 04:00:00	37.5	동남동	116	21.27	33.77	0.66	4.6	0.91	5.0	4.7	북서	313	21.2	1011.0	-	88
2018-07-01 04:30:00	28.9	남동	124	21.29	33.72	0.62	5.1	0.81	4.5	4.8	북북서	327	21.2	1011.3	-	46
2018-07-01 05:00:00	25.2	동남동	116	21.26	33.81	0.64	4.7	0.78	5.0	3.6	북북서	336	21.2	1011.8	-	89
2018-07-01 05:30:00	24.3	동	98	21.28	33.82	0.62	5.0	1.01	5.0	2.2	북	5	21.2	1011.8	-	110
2018-07-01 06:00:00	16.1	동	81	21.29	33.83	0.60	4.9	0.74	4.5	0.4	동	91	20.9	1012.1	-	90
2018-07-01 06:30:00	21.1	동북동	68	21.34	33.76	0.56	4.8	0.84	5.0	2.8	북	3	20.9	1011.9	-	90
2018-07-01 07:00:00	22.3	동북동	78	21.42	33.71	0.59	5.3	0.83	5.5	2.5	북	355	20.9	1012.2	-	98
2018-07-01 07:30:00	18.4	북동	51	21.30	33.76	0.64	4.9	0.90	5.0	0.8	북동	39	20.9	1012.7	-	106
2018-07-01 08:00:00	17.8	동북동	57	21.43	33.65	0.68	5.0	0.99	5.5	1.3	북	359	20.8	1012.5	-	102
2018-07-01 08:30:00	22.6	동북동	68	21.52	33.54	0.73	4.8	0.99	5.0	1.9	북	352	20.7	1012.5	-	111
2018-07-01 09:00:00	19.4	동북동	69	21.44	33.44	0.59	4.7	1.17	4.5	3.0	북북동	17	20.5	1012.1	-	98
2018-07-01 09:30:00	35.9	동	82	21.02	33.65	0.54	4.5	0.72	4.0	2.6	북	5	20.4	1012.2	-	47
2018-07-01 10:00:00	32.0	동	89	21.04	33.79	0.62	4.5	0.84	4.5	2.7	북	10	20.4	1012.2	-	108
2018-07-01 10:30:00	13.4	동남동	117	20.84	33.81	0.65	4.5	0.98	5.0	1.9	북북동	30	20.3	1012.3	-	105
2018-07-01 11:00:00	27.6	동	96	21.39	33.51	0.41	4.2	0.61	3.5	2.5	동북동	77	20.3	1012.2	-	334
2018-07-01 11:30:00	23.7	동	94	21.39	33.50	0.54	4.0	0.71	3.5	2.7	동	96	20.3	1012.2	-	72
2018-07-01 12:00:00	15.4	동	99	21.33	33.55	0.45	4.4	0.64	4.5	2.0	동	90	20.2	1012.1	-	355
2018-07-01 12:30:00	16.5	동남동	107	21.17	33.76	0.51	4.2	0.74	5.0	1.9	동남동	115	20.2	1011.8	-	97
2018-07-01 13:00:00	15.4	동남동	117	21.14	33.78	0.44	4.4	0.64	4.0	3.2	동남동	113	20.2	1011.3	-	296
2018-07-01 13:30:00	14.9	동	96	21.10	33.75	0.41	4.3	0.71	4.5	3.8	남동	141	20.3	1011.4	-	38
2018-07-01 14:00:00	13.0	동	80	21.07	33.74	0.37	4.0	0.61	3.5	2.1	동남동	109	20.2	1010.7	-	104
2018-07-01 14:30:00	13.8	동북동	68	21.09	33.67	0.34	4.8	0.54	4.0	2.1	남동	136	20.4	1010.6	-	94
2018-07-01 15:00:00	13.8	동북동	70	21.12	33.54	0.34	4.5	0.48	5.5	3.1	동남동	113	20.3	1010.5	-	105
2018-07-01 15:30:00	13.5	동북동	72	21.08	33.52	0.38	4.6	0.54	4.0	1.9	동남동	107	20.1	1010.3	-	109
2018-07-01 16:00:00	21.6	동북동	69	21.13	33.46	0.45	5.1	0.74	4.5	1.3	동	93	20.1	1010.6	-	108
2018-07-01 16:30:00	29.9	동북동	70	21.11	33.45	0.33	4.7	0.45	5.5	0.8	북	5	20.2	1010.6	-	87
2018-07-01 17:00:00	30.0	동북동	66	21.11	33.43	0.38	5.1	0.51	5.0	3.6	서남서	239	20.3	1011.3	-	79
2018-07-01 17:30:00	33.5	동북동	66	21.12	33.39	0.36	4.8	0.46	5.0	2.7	남동	138	20.2	1010.4	-	123
2018-07-01 18:00:00	31.7	동북동	72	21.11	33.42	0.41	5.1	0.55	5.0	1.6	남동	133	20.3	1010.1	-	92
2018-07-01 18:30:00	30.4	동북동	70	20.94	33.44	0.36	4.9	0.64	5.0	1.8	남	173	20.4	1010.1	-	103
2018-07-01 19:00:00	29.8	동북동	68	20.92	33.46	0.36	4.7	0.51	4.5	1.4	남남동	155	20.5	1010.3	-	114
2018-07-01 19:30:00	32.6	동	88	20.91	33.40	0.34	4.6	0.41	4.5	1.4	남	186	20.6	1010.6	-	117
2018-07-01 20:00:00	31.4	동	89	20.85	33.45	0.32	5.0	0.46	4.5	3.0	남동	126	20.7	1010.8	-	93
2018-07-01 20:30:00	27.4	동	85	20.80	33.39	0.31	4.7	0.54	4.5	1.7	남동	128	20.7	1010.6	-	232
2018-07-01 21:00:00	38.1	동남동	105	20.76	33.47	0.37	4.5	0.56	4.5	2.6	동남동	123	20.5	1010.5	-	96
2018-07-01 21:30:00	35.0	동남동	102	20.70	33.51	0.31	4.6	0.49	5.0	2.7	남남서	201	20.7	1011.0	-	31
2018-07-01 22:00:00	30.9	동남동	102	20.82	33.36	0.37	4.5	0.52	4.5	2.6	서남서	237	20.9	1011.1	-	124
2018-07-01 22:30:00	34.9	동남동	106	20.85	33.52	0.38	4.4	0.53	4.0	0.6	남남동	159	20.9	1010.5	-	308
2018-07-01 23:00:00	31.3	동남동	105	20.88	33.55	0.35	4.5	0.46	4.5	2.6	남남동	153	20.9	1010.1	-	324
2018-07-01 23:30:00	26.4	동남동	107	20.92	33.47	0.34	4.4	0.43	4.0	2.8	남동	141	20.9	1009.9	-	123
2018-07-02 00:00:00	25.4	동남동	105	20.96	33.64	0.40	4.3	0.52	4.0	1.2	남남동	150	20.9	1009.9	-	234
2018-07-02 00:30:00	22.6	동남동	109	20.95	33.65	0.30	4.1	0.59	4.0	1.1	남동	143	21.0	1009.3	-	274
2018-07-02 01:00:00	20.3	동남동	102	20.92	33.59	0.36	4.1	0.58	4.0	1.0	남남동	151	21.0	1008.9	-	290
2018-07-02 01:30:00	18.9	동남동	111	20.85	33.49	0.43	4.0	0.61	4.5	2.4	서남서	250	21.1	1009.0	-	11
2018-07-02 02:00:00	15.3	동	101	20.82	33.48	0.47	4.0	0.64	3.5	1.4	북북서	342	20.8	1008.6	-	233
2018-07-02 02:30:00	17.0	동	94	20.84	33.50	0.42	4.0	0.56	3.5	2.2	북북동	17	20.7	1008.5	-	292
2018-07-02 03:00:00	16.4	동	90	20.84	33.44	0.39	4.3	0.53	4.0	2.7	북	350	20.7	1008.6	-	135
2018-07-02 03:30:00	21.0	동남동	114	20.82	33.43	0.40	4.2	0.55	4.5	4.3	북	352	20.6	1008.6	-	290
2018-07-02 04:00:00	14.9	동남동	113	20.79	33.42	0.40	4.0	0.56	3.0	3.0	서	274	20.5	1008.5	-	251
2018-07-02 04:30:00	12.6	동	100	20.81	33.41	0.36	4.1	0.53	4.0	2.7	서남서	248	20.7	1008.5	-	18
2018-07-02 05:00:00	8.6	동북동	75	20.93	33.41	0.32	4.3	0.48	3.5	1.8	동북동	66	20.6	1008.1	-	303
2018-07-02 05:30:00	12.3	북동	52	20.98	33.59	0.31	3.9	0.47	3.5	2.9	남동	145	20.6	1007.4	-	280
2018-07-02 06:00:00	11.6	북동	55	20.98	33.57	0.31	4.1	0.43	4.5	4.3	남동	140	20.7	1007.5	-	22
2018-07-02 06:30:00	9.2	동북동	67	20.97	33.50	0.36	4.5	0.50	4.0	4.5	남동	125	20.8	1007.4	-	332
2018-07-02 07:00:00	11.5	북동	50	20.96	33.64	0.32	3.9	0.45	3.5	2.7	북동	50	20.8	1007.6	-	255
2018-07-02 07:30:00	10.7	동북동	61	20.94	33.63	0.38	4.1	0.55	4.0	5.2	남동	125	20.8	1007.6	-	162
2018-07-02 08:00:00	6.0	동남동	110	20.85	33.43	0.35	3.5	0.53	3.5	3.7	남동	143	20.7	1007.3	-	282
2018-07-02 08:30:00	9.4	남	171	20.88	33.03	0.38	3.7	0.50	3.0	6.3	남동	145	20.6	1007.7	-	234
2018-07-02 09:00:00	9.0	동	91	20.86	33.24	0.37	3.3	0.62	4.5	2.3	남남서	209	20.9	1008.6	-	340
2018-07-02 09:30:00	14.7	남남동	148	20.88	33.12	0.39	3.4	0.60	3.5	2.5	동	90	20.8	1008.2	-	121
2018-07-02 10:00:00	14.6	동북동	69	20.93	33.21	0.39	3.3	0.55	3.5	3.0	남동	124	20.8	1008.2	-	301
2018-07-02 10:30:00	10.4	동남동	113	20.93	33.25	0.40	3.6	0.60	3.5	4.5	남남동	158	20.8	1008.0	-	271
2018-07-02 11:00:00	11.1	동	89	20.93	33.38	0.38	3.8	0.55	3.5	3.5	남동	140	21.0	1008.0	-	302
2018-07-02 11:30:00	10.5	동북동	72	20.95	33.29	0.39	3.4	0.57	4.0	4.5	남남동	163	21.1	1007.9	-	112
2018-07-02 12:00:00	5.5	동남동	102	20.94	33.28	0.41	3.4	0.65	3.5	6.8	남동	138	21.4	1007.6	-	103
2018-07-02 12:30:00	1.6	남	184	20.94	33.30	0.36	3.2	0.56	3.0	6.9	남남동	150	22.3	1007.5	-	126
2018-07-02 13:00:00	0.5	북서	306	20.90	33.44	0.47	3.3	0.82	3.0	9.1	남동	146	21.7	1007.0	-	113
2018-07-02 13:30:00	6.9	서북서	290	20.88	33.41	0.60	3.4	1.01	3.5	7.7	남동	143	21.1	1006.7	-	126
2018-07-02 14:00:00	5.4	서	277	20.91	33.36	0.43	3.7	0.60	3.0	3.7	남동	146	21.5	1006.9	-	268
2018-07-02 14:30:00	4.8	서	279	20.84	33.37	0.42	3.3	0.58	2.5	5.1	남남동	166	21.4	1006.6	-	116
2018-07-02 15:00:00	9.5	서북서	297	20.76	33.39	0.41	3.2	0.69	3.5	5.4	남남동	147	21.7	1006.7	-	137
2018-07-02 15:30:00	9.2	북서	314	20.69	33.42	0.48	3.3	0.71	3.5	8.4	남남동	148	21.8	1006.6	-	126
2018-07-02 16:00:00	6.7	서	274	20.66	33.45	0.47	3.4	0.63	3.0	7.3	남남동	147	21.8	1006.6	-	296
2018-07-02 16:30:00	6.0	서	269	20.60	33.46	0.42	3.4	0.52	3.0	9.4	남남동	151	21.9	1006.2	-	128
2018-07-02 17:00:00	6.9	서북서	301	20.48	33.52	0.45	3.3	0.68	3.5	9.2	남남동	147	22.0	1006.3	-	140
2018-07-02 17:30:00	10.3	북북서	329	20.29	33.59	0.48	3.7	0.67	3.0	7.5	남남동	152	22.6	1006.6	-	119
2018-07-02 18:00:00	13.1	북북서	328	20.17	33.68	0.40	3.6	0.50	3.0	7.0	남남동	150	22.0	1006.4	-	117
2018-07-02 18:30:00	7.8	북서	318	20.10	33.68	0.42	4.2	0.68	4.0	4.7	남동	138	21.3	1007.2	-	134
2018-07-02 19:00:00	3.3	북북동	29	20.08	33.67	0.38	4.2	0.53	4.5	3.8	남남동	163	21.8	1007.7	-	269
2018-07-02 19:30:00	8.1	북북동	11	19.99	33.72	0.40	4.2	0.61	4.5	4.2	남남동	151	21.2	1007.4	-	117
2018-07-02 20:00:00	5.5	북북동	12	19.97	33.71	0.38	4.4	0.59	5.0	4.4	남남동	160	21.6	1007.6	-	304
2018-07-02 20:30:00	3.2	북북동	14	19.99	33.69	0.37	4.7	0.59	5.5	5.9	남동	144	21.3	1007.1	-	126
2018-07-02 21:00:00	2.1	북북서	334	19.98	33.69	0.32	4.0	0.42	5.0	4.4	남남동	160	21.4	1007.3	-	304
2018-07-02 21:30:00	1.0	동	90	19.99	33.69	0.37	4.3	0.51	4.5	1.8	남남동	168	22.1	1007.3	-	101
2018-07-02 22:00:00	1.7	북서	311	19.96	33.69	0.39	4.3	0.66	4.0	2.1	남동	130	22.1	1007.4	-	285
2018-07-02 22:30:00	2.4	북서	315	19.97	33.58	0.40	4.7	0.54	4.5	2.1	남동	139	22.1	1007.1	-	21
2018-07-02 23:00:00	1.0	북	358	19.96	33.62	0.41	4.3	0.57	4.5	5.0	남남동	161	21.1	1006.8	-	292
2018-07-02 23:30:00	3.0	북북서	333	19.96	33.68	0.36	4.1	0.44	3.5	1.5	남남서	210	22.0	1006.8	-	255
2018-07-03 00:00:00	3.1	서북서	300	19.94	33.70	0.37	4.3	0.52	4.0	0.7	북북동	27	21.3	1006.5	-	329
2018-07-03 00:30:00	5.7	북북서	339	19.77	33.58	0.40	3.9	0.62	4.0	3.7	남남동	153	21.2	1006.0	-	133
2018-07-03 01:00:00	4.6	북동	43	19.53	33.75	0.45	4.4	0.61	4.0	5.0	남	182	20.8	1005.6	-	289
2018-07-03 01:30:00	2.9	남동	139	19.26	33.88	0.46	4.0	0.64	4.0	2.9	남남동	163	21.8	1005.5	-	297
2018-07-03 02:00:00	2.6	동	98	18.93	34.02	0.45	3.8	0.61	3.0	4.3	남동	133	20.9	1005.2	-	310
2018-07-03 02:30:00	3.6	동남동	117	18.97	34.05	0.46	4.2	0.59	4.5	1.6	동	100	20.9	1005.2	-	316
2018-07-03 03:00:00	9.2	북동	44	18.92	33.93	0.42	4.1	0.59	4.0	2.6	남동	129	20.7	1004.9	-	95
2018-07-03 03:30:00	4.7	동북동	77	19.16	33.96	0.44	4.1	0.69	5.0	2.8	남남동	162	20.6	1004.5	-	109
2018-07-03 04:00:00	7.1	북동	43	19.07	33.94	0.41	4.0	0.54	3.0	1.4	남남서	208	21.3	1004.6	-	300
2018-07-03 04:30:00	12.3	북북동	22	19.01	33.93	0.43	3.6	0.68	4.0	2.1	남동	143	20.9	1004.5	-	114
2018-07-03 05:00:00	5.1	남동	146	19.18	33.95	0.32	4.0	0.47	3.5	2.0	동남동	120	20.3	1004.4	-	291
2018-07-03 05:30:00	4.3	남남동	162	19.67	33.82	0.43	4.0	0.60	3.5	3.0	남남동	154	20.6	1004.2	-	291
2018-07-03 06:00:00	6.8	북	357	19.55	33.72	0.38	3.7	0.56	4.0	2.4	남남동	161	20.8	1004.2	-	277
2018-07-03 06:30:00	5.1	북북동	14	19.38	33.90	0.43	4.2	0.64	4.5	2.3	남남동	156	21.3	1004.2	-	116
2018-07-03 07:00:00	7.8	북북동	34	19.41	33.87	0.42	3.8	0.70	4.5	3.9	남동	135	21.4	1004.1	-	291
2018-07-03 07:30:00	9.8	북	3	18.76	33.84	0.41	4.0	0.57	3.5	4.2	남남동	156	20.6	1004.1	-	306
2018-07-03 08:00:00	12.7	북북동	17	17.54	33.83	0.36	3.7	0.61	3.5	4.1	남남동	148	20.5	1003.9	-	292
2018-07-03 08:30:00	5.7	남	174	19.35	33.89	0.38	3.6	0.53	3.0	4.2	남남동	154	21.0	1003.8	-	294
2018-07-03 09:00:00	8.0	서	271	19.38	33.94	0.44	4.0	0.62	3.5	3.6	남동	140	21.8	1003.5	-	126
2018-07-03 09:30:00	1.8	서	278	19.44	33.92	0.40	3.9	0.48	5.0	3.2	남동	133	21.2	1003.4	-	111
2018-07-03 10:00:00	4.5	남남동	164	19.45	33.86	0.40	4.2	0.62	4.0	2.2	남남동	156	21.1	1003.2	-	302
2018-07-03 10:30:00	7.5	동북동	71	19.32	33.91	0.40	4.1	0.68	4.0	5.3	남동	139	21.3	1003.1	-	289
2018-07-03 11:00:00	4.9	남남서	213	19.51	33.79	0.40	3.7	0.55	3.5	6.4	남동	144	21.4	1002.8	-	127
2018-07-03 11:30:00	6.7	서	267	19.69	33.64	0.49	3.3	0.64	3.0	6.9	남동	125	21.5	1002.3	-	115
2018-07-03 12:00:00	12.2	서	271	19.75	33.59	0.51	3.4	0.71	3.0	8.1	남동	132	21.5	1001.8	-	72
2018-07-03 12:30:00	14.2	남서	235	19.85	33.58	0.50	3.5	0.72	3.0	8.5	남동	134	22.3	1001.1	-	136
2018-07-03 13:00:00	17.1	서남서	257	19.94	33.62	0.58	3.4	0.82	3.5	9.7	남동	134	22.9	1000.5	-	129
2018-07-03 13:30:00	12.3	서	262	19.71	33.69	0.54	3.4	1.03	3.5	10.5	남동	134	22.3	1000.2	-	130
2018-07-03 14:00:00	18.9	서	261	19.59	33.81	0.62	3.7	0.83	3.5	10.7	남동	134	22.4	1000.1	-	44
2018-07-03 14:30:00	16.2	서	269	19.48	33.79	0.78	3.9	1.08	4.0	10.5	남동	137	21.6	999.9	-	244
2018-07-03 15:00:00	20.0	서	275	19.42	33.80	0.65	3.9	0.93	4.0	9.2	남동	133	21.5	999.8	-	349
2018-07-03 15:30:00	20.4	서	272	19.43	33.82	0.67	4.1	1.04	4.5	7.3	남동	139	21.1	999.9	-	7
2018-07-03 16:00:00	20.4	서	276	19.34	33.86	0.58	3.8	0.76	3.0	10.3	남동	138	21.6	999.7	-	148
2018-07-03 16:30:00	18.7	서남서	257	19.06	33.81	0.63	3.7	0.85	3.0	9.3	남동	139	20.8	999.6	-	251
2018-07-03 17:00:00	20.8	서	260	18.84	33.84	0.58	3.6	0.77	3.0	7.9	남남동	149	20.5	999.3	-	303
2018-07-03 17:30:00	17.6	서	273	18.70	33.87	0.49	3.7	0.65	3.0	5.7	남남동	149	20.4	999.3	-	258
2018-07-03 18:00:00	17.4	서북서	281	18.63	33.84	0.42	3.7	0.52	4.0	4.2	남동	127	20.6	999.2	-	280
2018-07-03 18:30:00	13.9	서북서	292	18.43	33.84	0.40	3.8	0.52	3.5	4.8	남동	131	20.7	999.3	-	280
2018-07-03 19:00:00	13.8	서북서	293	18.33	33.87	0.35	3.9	0.47	4.5	4.6	남동	138	20.2	999.2	-	281
2018-07-03 19:30:00	9.7	서	275	18.27	33.83	0.32	3.5	0.45	2.5	2.5	남동	130	19.9	999.2	-	104
2018-07-03 20:00:00	10.1	서북서	301	18.24	33.87	0.30	3.9	0.46	3.5	2.7	동남동	119	20.1	999.1	-	333
2018-07-03 20:30:00	6.7	북북서	333	18.05	33.92	0.26	3.8	0.39	3.0	1.1	동	95	20.1	999.1	-	102
2018-07-03 21:00:00	7.4	북서	314	17.79	33.93	0.22	3.8	0.28	3.5	0.3	북북서	347	20.1	999.1	-	130
2018-07-03 21:30:00	5.1	북서	306	17.46	34.03	0.23	3.7	0.32	3.5	1.9	북북서	339	19.7	998.9	-	34
2018-07-03 22:00:00	5.7	서북서	299	17.55	34.04	0.24	3.8	0.33	3.5	2.1	북북서	329	19.9	998.5	-	320
2018-07-03 22:30:00	4.2	서	264	17.53	33.89	0.21	3.8	0.27	3.5	1.3	북서	317	20.3	998.1	-	93
2018-07-03 23:00:00	6.3	서남서	246	17.50	33.83	0.18	4.5	0.25	5.0	1.0	서북서	298	20.3	998.0	-	119
2018-07-03 23:30:00	6.4	서	264	17.26	33.94	0.21	3.8	0.28	3.0	0.0	서남서	237	20.8	997.8	-	81
2018-07-04 00:00:00	3.3	남서	234	17.19	33.92	0.20	3.7	0.30	4.0	0.5	북서	321	20.7	997.6	-	299
2018-07-04 00:30:00	10.9	남서	227	17.52	33.88	0.16	4.1	0.24	4.5	2.9	북북서	335	20.2	997.3	-	63
2018-07-04 01:00:00	9.9	서	265	17.48	33.94	0.18	4.3	0.30	3.5	3.1	북	354	19.6	996.9	-	77
2018-07-04 01:30:00	10.5	서	269	17.14	33.93	0.16	4.3	0.24	4.5	4.0	북북서	348	19.4	996.6	-	117
2018-07-04 02:00:00	9.8	서	272	16.78	33.90	0.23	4.2	0.46	4.0	5.5	북북서	341	19.4	996.1	-	227
2018-07-04 02:30:00	7.8	서남서	257	17.23	33.96	0.45	4.9	0.66	5.0	5.8	북북서	337	19.2	995.9	-	106
2018-07-04 03:00:00	3.6	서남서	253	17.42	33.95	0.64	4.7	0.88	4.5	6.4	북서	326	19.3	995.7	-	96
2018-07-04 03:30:00	8.9	남	175	17.53	33.74	0.72	4.9	1.18	5.0	5.9	북북서	329	19.1	995.6	-	107
2018-07-04 04:00:00	10.4	남	183	17.83	33.67	0.90	6.1	1.28	6.0	6.8	북서	323	19.2	995.5	-	109
2018-07-04 04:30:00	9.6	남남동	163	17.99	33.68	0.96	5.8	1.14	5.0	7.1	북북서	327	19.2	995.7	-	117
2018-07-04 05:00:00	22.8	남	171	18.23	33.80	1.09	6.4	1.58	6.5	6.8	북서	326	19.0	995.9	-	105
2018-07-04 05:30:00	17.5	남	176	18.51	33.80	1.23	6.3	1.47	6.0	6.0	북북서	330	19.5	995.9	-	101
2018-07-04 06:00:00	15.3	남	180	18.73	33.82	1.16	6.5	1.54	6.5	5.7	북서	321	19.2	996.1	-	110
2018-07-04 06:30:00	10.0	남남동	164	18.87	33.79	1.38	7.1	1.80	6.5	6.7	북서	324	19.7	996.3	-	110
2018-07-04 07:00:00	14.9	남	180	19.12	33.77	1.24	6.3	2.29	6.5	6.8	북서	325	19.6	996.4	-	110
2018-07-04 07:30:00	10.6	남	183	19.20	33.77	1.26	6.8	1.78	6.5	7.2	북서	318	19.9	996.7	-	102
2018-07-04 08:00:00	9.3	남남서	199	19.21	33.76	1.48	7.1	2.05	7.0	6.7	북서	324	20.0	997.0	-	117
2018-07-04 08:30:00	10.5	남동	140	19.19	33.77	1.36	6.7	1.72	7.5	7.5	북서	319	20.2	997.1	-	93
2018-07-04 09:00:00	8.5	남남동	158	19.34	33.75	1.34	6.1	1.95	6.5	7.3	북서	324	20.3	997.1	-	93
2018-07-04 09:30:00	11.6	남동	139	19.52	33.74	1.23	6.5	1.56	6.5	7.0	북서	319	20.4	997.2	-	116
2018-07-04 10:00:00	8.8	남동	145	19.63	33.72	1.12	6.5	1.51	7.5	6.4	북서	319	20.9	997.4	-	90
2018-07-04 10:30:00	7.2	남남동	156	19.64	33.75	1.15	6.4	1.65	7.0	6.1	북서	325	20.9	997.6	-	98
2018-07-04 11:00:00	4.7	남남동	167	19.73	33.74	1.11	7.1	1.44	5.5	7.1	북북서	333	21.1	998.0	-	97
2018-07-04 11:30:00	5.5	남	171	19.76	33.73	1.23	6.9	1.76	6.0	5.7	북북서	331	21.1	997.9	-	91
2018-07-04 12:00:00	7.1	남남동	159	19.76	33.73	1.04	6.1	1.46	7.5	5.4	북북서	335	20.9	998.1	-	95
2018-07-04 12:30:00	6.8	남남동	161	19.82	33.70	1.17	6.3	1.63	6.5	5.0	북서	324	21.1	998.3	-	104
2018-07-04 13:00:00	8.7	남동	138	19.83	33.68	1.18	6.8	1.93	7.0	5.6	북서	319	21.2	998.6	-	104
2018-07-04 13:30:00	7.8	동남동	107	19.91	33.75	1.04	6.6	1.44	7.5	5.1	북서	320	21.6	998.6	-	107
2018-07-04 14:00:00	6.1	남	174	19.95	33.75	1.01	6.1	1.55	6.0	5.6	북서	323	21.7	998.7	-	103
2018-07-04 14:30:00	4.5	남동	144	20.06	33.76	0.97	6.5	1.38	5.5	4.0	북서	313	21.6	998.9	-	106
2018-07-04 15:00:00	10.0	남	171	20.18	33.76	1.07	6.3	1.47	6.0	3.5	북서	321	21.8	999.1	-	108
2018-07-04 15:30:00	3.8	남남동	162	20.38	33.69	1.04	6.5	1.55	8.0	3.5	북서	316	22.0	999.4	-	105
2018-07-04 16:00:00	2.9	북북서	339	20.38	33.71	0.91	6.4	1.15	6.0	3.4	북북서	341	21.9	999.3	-	99
2018-07-04 16:30:00	6.5	북북동	22	20.29	33.71	1.06	7.1	1.33	7.5	3.7	북북서	333	21.7	999.6	-	102
2018-07-04 17:00:00	2.9	동	91	20.28	33.69	1.38	7.8	1.87	7.0	3.6	북북서	342	21.8	999.5	-	101
2018-07-04 17:30:00	5.0	북북동	11	20.29	33.66	1.06	7.1	1.55	6.5	2.5	북	5	21.8	999.6	-	106
2018-07-04 18:00:00	6.4	동북동	59	19.56	33.70	0.95	6.8	1.32	6.5	2.3	북	6	21.7	999.8	-	97
2018-07-04 18:30:00	2.6	동	82	19.72	33.73	1.19	7.4	1.48	7.0	2.8	북북동	26	21.2	1000.1	-	89
2018-07-04 19:00:00	7.2	동	86	19.38	33.59	0.87	6.3	1.30	7.0	3.6	북	11	21.1	1000.5	-	93
2018-07-04 19:30:00	8.8	동	83	19.67	33.76	0.86	6.5	1.17	5.0	2.4	북북동	23	21.0	1001.0	-	43
2018-07-04 20:00:00	11.0	동	83	19.91	33.79	0.88	5.5	1.27	7.5	1.8	북북동	23	20.8	1001.4	-	46
2018-07-04 20:30:00	7.3	동북동	78	19.87	33.79	0.85	5.8	1.26	6.5	2.3	북동	54	20.7	1001.6	-	84
2018-07-04 21:00:00	8.6	동북동	74	20.09	33.74	0.93	6.1	1.53	6.0	1.1	동북동	74	20.8	1002.1	-	96
2018-07-04 21:30:00	3.5	동	95	20.13	33.72	0.90	5.8	1.40	7.0	2.3	동	83	20.8	1002.4	-	107
2018-07-04 22:00:00	4.3	동남동	101	20.22	33.72	0.83	6.3	1.18	6.5	2.1	동북동	73	20.3	1003.1	-	105
2018-07-04 22:30:00	5.0	동	89	20.17	33.70	0.76	5.7	0.98	5.0	2.2	동북동	62	20.1	1003.0	-	56
2018-07-04 23:00:00	3.7	동	86	20.14	33.72	0.72	5.3	0.98	5.5	1.6	동	99	20.0	1003.6	-	96
2018-07-04 23:30:00	2.7	북	10	20.32	33.61	0.71	5.3	1.10	4.5	2.7	북동	48	19.9	1003.5	-	34
2018-07-05 00:00:00	1.2	서북서	291	20.35	33.58	0.85	5.5	1.33	5.0	3.1	북동	40	19.8	1003.4	-	43
2018-07-05 00:30:00	2.6	북북동	32	20.22	33.69	0.88	5.8	1.27	6.0	2.1	동북동	59	19.7	1003.5	-	55
2018-07-05 01:00:00	5.0	북북동	28	20.14	33.65	0.86	5.4	1.15	5.5	1.5	동북동	66	19.7	1003.4	-	60
2018-07-05 01:30:00	6.5	북북동	15	19.89	33.56	0.83	5.8	1.42	5.5	1.4	동북동	74	19.8	1003.3	-	31
2018-07-05 02:00:00	5.2	북북서	341	19.99	33.27	1.21	5.7	1.78	5.0	2.6	동북동	71	19.9	1003.2	-	24
2018-07-05 02:30:00	2.0	동남동	110	19.94	33.30	0.96	6.2	1.26	5.5	2.5	동북동	71	19.8	1003.4	-	34
2018-07-05 03:00:00	5.0	동남동	114	19.89	33.26	1.15	5.8	1.49	5.5	3.1	동북동	60	19.6	1003.6	-	35
2018-07-05 03:30:00	4.8	동	87	19.94	33.35	1.12	6.4	1.47	6.0	3.3	동북동	59	19.7	1003.6	-	45
2018-07-05 04:00:00	5.8	서남서	244	20.06	33.35	1.19	7.1	1.55	7.5	2.7	동북동	71	19.7	1003.8	-	58
2018-07-05 04:30:00	1.0	서	278	19.89	33.46	1.34	8.1	1.74	6.5	3.2	동북동	60	19.7	1003.8	-	42
2018-07-05 05:00:00	6.5	서남서	243	20.16	33.04	1.85	7.4	2.72	7.5	3.1	동북동	70	19.7	1003.9	-	51
2018-07-05 05:30:00	5.4	동북동	78	19.92	33.11	1.92	8.1	2.37	8.0	3.0	동	79	19.7	1004.1	-	37
2018-07-05 06:00:00	5.4	북동	43	19.79	33.40	1.72	9.6	2.49	9.5	2.8	동	90	19.6	1004.1	-	35
2018-07-05 06:30:00	0.4	남남동	168	19.51	33.37	1.96	8.7	2.76	8.5	2.0	동	89	19.5	1004.2	-	49
2018-07-05 07:00:00	5.2	동	101	19.20	33.40	2.17	9.6	3.08	9.0	1.3	동	97	19.6	1004.4	-	44
2018-07-05 07:30:00	5.2	동	101	19.09	33.51	2.23	9.0	2.90	9.5	1.0	동	89	19.6	1004.8	-	44
2018-07-05 08:00:00	7.1	동	101	19.45	33.30	2.06	9.3	2.57	9.0	2.0	동북동	70	19.4	1004.7	-	56
2018-07-05 08:30:00	5.8	동북동	59	19.76	32.95	2.05	9.1	2.64	8.5	1.8	동	89	19.4	1005.0	-	46
2018-07-05 09:00:00	2.5	동남동	107	19.66	33.13	2.11	9.0	3.07	10.0	1.6	동북동	77	19.6	1005.1	-	44
2018-07-05 09:30:00	13.1	동북동	75	19.73	32.57	2.90	10.0	3.27	9.5	1.3	북동	54	19.6	1005.3	-	43
2018-07-05 10:00:00	10.6	북동	51	19.79	33.15	2.54	9.5	3.51	10.5	0.2	동	79	19.8	1005.3	-	52
2018-07-05 10:30:00	12.7	동	94	19.92	33.21	2.45	9.9	3.16	9.0	1.6	북북동	31	19.7	1005.4	-	42
2018-07-05 11:00:00	6.5	남동	125	19.79	32.80	2.27	9.9	3.32	9.5	1.4	북북동	12	19.7	1005.5	-	40
2018-07-05 11:30:00	1.1	서남서	250	19.68	33.52	2.71	10.8	3.08	10.5	1.5	북	1	19.7	1005.8	-	46
2018-07-05 12:00:00	5.3	남서	233	19.69	33.41	2.40	9.9	3.11	11.5	1.7	북북서	340	19.9	1005.8	-	45
2018-07-05 12:30:00	5.6	서	265	19.69	33.32	2.82	10.0	3.13	10.0	3.1	북	352	19.8	1005.9	-	54
2018-07-05 13:00:00	2.2	북서	320	19.83	32.98	2.41	10.3	3.04	9.5	3.3	북	6	19.8	1005.8	-	43
2018-07-05 13:30:00	8.0	북	356	19.84	33.51	2.58	9.8	3.03	11.0	3.3	북북동	15	20.0	1005.6	-	51
2018-07-05 14:00:00	8.6	북북동	17	19.92	33.27	2.24	9.6	2.81	9.5	2.6	북북동	21	20.0	1005.8	-	35
2018-07-05 14:30:00	12.1	북	2	19.98	33.14	2.49	10.1	2.62	11.5	3.6	북북동	18	20.0	1005.7	-	46
2018-07-05 15:00:00	10.6	북동	47	20.03	33.10	2.86	11.1	3.56	10.0	3.2	북북동	18	20.0	1005.7	-	43
2018-07-05 15:30:00	17.8	동	97	19.93	32.70	2.28	8.9	2.82	9.0	3.5	북	7	19.9	1005.6	-	32
2018-07-05 16:00:00	22.1	동남동	117	20.22	32.58	2.88	11.0	3.14	10.5	3.5	북북동	14	20.0	1005.9	-	37
2018-07-05 16:30:00	14.0	동남동	106	20.14	32.68	2.66	10.6	4.07	11.0	4.0	북동	35	19.9	1005.9	-	47
2018-07-05 17:00:00	22.2	동남동	118	20.16	32.54	2.93	9.8	3.86	9.5	4.8	북동	39	19.8	1006.1	-	41
2018-07-05 17:30:00	18.8	동남동	107	20.09	32.58	2.32	8.9	3.78	8.5	4.4	북동	45	19.7	1006.4	-	35
2018-07-05 18:00:00	11.6	동남동	109	19.94	32.71	2.19	9.7	2.58	10.5	4.4	북동	44	19.7	1006.8	-	46
2018-07-05 18:30:00	14.6	동남동	118	20.34	32.93	2.58	10.3	3.19	10.0	4.7	북동	41	19.8	1007.1	-	47
2018-07-05 19:00:00	15.2	동	80	19.97	32.64	2.48	9.8	3.00	9.0	4.7	북북동	32	19.8	1007.4	-	44
2018-07-05 19:30:00	20.0	동	81	20.05	32.64	2.70	9.2	3.86	10.5	4.1	북북동	32	19.8	1007.9	-	43
2018-07-05 20:00:00	15.0	동	95	20.30	32.53	2.73	10.3	4.13	8.5	4.3	북북동	29	19.8	1008.1	-	42
2018-07-05 20:30:00	14.5	동남동	105	20.19	32.36	2.53	10.9	3.25	8.0	4.0	북북동	33	19.4	1008.6	-	43
2018-07-05 21:00:00	10.6	동	99	20.13	32.65	2.43	9.4	3.24	10.0	4.7	북동	41	19.4	1008.8	-	47
2018-07-05 21:30:00	11.6	동	80	19.68	32.10	2.41	9.7	3.44	10.5	4.7	북동	48	19.3	1009.2	-	46
2018-07-05 22:00:00	11.7	동남동	111	20.09	32.43	2.26	9.4	2.77	8.0	6.7	북동	48	19.3	1009.3	-	46
2018-07-05 22:30:00	8.3	동	95	20.23	32.74	1.86	9.0	2.15	8.5	6.2	북동	41	19.4	1009.3	-	54
2018-07-05 23:00:00	8.6	동북동	62	20.09	32.82	2.15	9.5	2.54	11.0	5.9	북동	38	19.2	1009.5	-	45
2018-07-05 23:30:00	12.5	북북동	32	19.90	32.43	1.78	9.1	2.24	11.0	6.5	북동	37	19.2	1009.7	-	49
2018-07-06 00:00:00	8.7	북동	55	20.01	32.20	2.12	9.9	2.75	7.5	6.3	북동	42	19.1	1009.5	-	42
2018-07-06 00:30:00	6.8	동남동	123	20.09	32.14	2.07	10.2	2.50	9.5	6.9	북동	40	19.0	1009.7	-	55
2018-07-06 01:00:00	10.6	동	100	20.04	32.36	1.99	9.6	2.44	11.0	6.5	북동	42	18.8	1010.0	-	50
2018-07-06 01:30:00	18.5	남동	133	20.19	32.49	1.77	10.7	2.48	10.5	7.0	북동	43	18.8	1010.1	-	46
2018-07-06 02:00:00	14.7	동북동	69	20.05	32.66	2.19	9.6	2.81	9.0	6.6	북동	41	18.7	1010.0	-	50
2018-07-06 02:30:00	15.5	동	99	20.01	32.55	1.90	9.9	2.60	9.0	6.7	북동	45	18.6	1010.1	-	48
2018-07-06 03:00:00	15.8	동북동	58	19.74	32.37	2.11	10.5	3.37	12.0	7.1	북동	46	18.6	1010.1	-	56
2018-07-06 03:30:00	16.5	동북동	68	20.01	32.44	2.61	11.0	3.98	10.5	7.1	북동	44	18.7	1010.3	-	43
2018-07-06 04:00:00	21.3	동북동	66	19.80	32.32	2.15	10.6	2.66	11.0	6.9	북동	46	18.6	1010.4	-	49
2018-07-06 04:30:00	16.2	동	82	19.67	32.12	2.06	9.6	2.53	9.0	7.2	북동	43	18.6	1010.5	-	49
2018-07-06 05:00:00	18.0	동	94	19.63	32.23	2.28	11.2	2.72	10.0	7.2	북동	35	18.7	1011.0	-	52
2018-07-06 05:30:00	21.5	동북동	75	19.60	32.36	2.16	9.6	2.92	10.5	6.6	북동	36	18.5	1011.2	-	50
2018-07-06 06:00:00	24.5	동	83	19.70	32.46	2.57	11.3	3.15	11.0	5.6	북동	37	18.7	1011.4	-	40
2018-07-06 06:30:00	24.1	동북동	72	20.05	32.58	2.29	8.7	3.12	11.5	6.0	북동	45	18.3	1011.5	-	51
2018-07-06 07:00:00	18.5	동북동	78	19.90	32.47	2.22	10.1	2.48	13.5	4.9	북동	39	18.7	1011.7	-	45
2018-07-06 07:30:00	14.9	동북동	76	20.17	32.74	2.47	10.1	3.14	11.5	5.7	북동	40	18.7	1012.1	-	41
2018-07-06 08:00:00	11.4	동	91	20.27	32.79	2.28	9.6	3.12	9.5	5.3	북동	37	18.8	1012.3	-	44
2018-07-06 08:30:00	6.0	동남동	120	20.28	32.92	2.49	10.1	2.96	10.5	6.0	북북동	28	18.7	1012.5	-	48
2018-07-06 09:00:00	16.8	동북동	60	20.14	32.59	2.40	10.7	2.80	10.5	5.5	북동	43	19.0	1012.6	-	44
2018-07-06 09:30:00	13.3	동북동	67	20.18	33.00	2.55	11.6	3.16	11.0	4.6	북동	50	18.6	1012.7	-	44
2018-07-06 10:00:00	19.3	동북동	68	19.80	32.28	2.33	10.0	2.98	11.0	5.1	북동	48	18.8	1012.8	-	46
2018-07-06 10:30:00	18.8	동북동	73	19.57	32.27	2.93	11.6	3.61	9.5	4.7	북동	48	18.5	1012.8	-	50
2018-07-06 11:00:00	17.0	북동	52	19.53	32.25	2.98	9.6	4.15	8.0	5.1	동북동	61	19.0	1012.9	-	39
2018-07-06 11:30:00	17.3	동북동	72	19.47	32.19	2.03	9.1	2.69	11.0	5.3	북동	52	19.1	1012.7	-	46
2018-07-06 12:00:00	14.1	동북동	58	19.36	32.22	2.59	10.5	3.35	12.0	4.7	북동	50	18.9	1012.7	-	48
2018-07-06 12:30:00	9.5	동북동	69	19.31	32.15	2.57	10.1	3.37	9.5	4.1	북동	55	19.1	1012.7	-	58
2018-07-06 13:00:00	19.6	북동	38	19.16	32.36	2.96	9.5	4.42	9.0	5.4	북동	53	19.2	1012.3	-	44
2018-07-06 13:30:00	15.5	북동	46	19.37	32.26	2.30	9.7	3.34	11.0	4.8	북동	53	19.4	1012.3	-	45
2018-07-06 14:00:00	-	-	-	-	-	-	-	-	-	-	-	-	-	-	-	-
2018-07-06 14:30:00	10.8	동북동	73	19.42	32.23	2.13	9.3	2.51	10.0	5.5	북동	40	19.0	1012.1	-	52
2018-07-06 15:00:00	10.0	동북동	75	19.40	32.21	2.43	9.8	3.22	10.0	5.7	북동	50	18.9	1012.1	-	51
2018-07-06 15:30:00	14.7	북동	54	19.58	32.24	2.97	11.9	3.56	10.5	6.4	북동	45	18.7	1012.1	-	54
2018-07-06 16:00:00	19.9	동북동	66	19.67	32.40	2.76	10.6	3.57	10.5	7.2	북동	46	18.7	1012.0	-	50
2018-07-06 16:30:00	14.6	동	86	19.99	32.62	2.71	10.8	3.39	12.5	7.4	북동	46	18.5	1012.2	-	48
2018-07-06 17:00:00	13.1	동	80	19.95	32.64	2.60	9.9	3.35	9.5	6.6	북동	46	18.6	1012.1	-	50
2018-07-06 17:30:00	16.5	동	85	19.91	32.66	2.06	9.4	2.65	10.5	6.8	북동	40	18.5	1012.4	-	47
2018-07-06 18:00:00	19.4	동	101	20.04	32.76	2.68	10.6	3.80	11.0	7.2	북동	50	17.6	1012.6	-	49
2018-07-06 18:30:00	17.0	동남동	104	20.16	32.84	2.25	9.5	2.80	7.5	6.5	북동	40	18.0	1013.0	-	40
2018-07-06 19:00:00	15.3	동	97	20.08	32.78	2.63	9.9	3.75	11.0	6.3	북동	51	17.7	1013.2	-	53
2018-07-06 19:30:00	18.4	동	90	20.09	32.85	3.08	10.2	3.90	10.0	6.8	북동	51	18.0	1013.3	-	45
2018-07-06 20:00:00	23.0	동	97	20.26	32.97	2.25	9.7	2.94	9.0	7.7	북동	54	18.6	1013.3	-	48
2018-07-06 20:30:00	19.6	동	86	20.02	32.84	2.78	10.2	3.00	11.0	7.7	북동	42	18.3	1013.5	-	52
2018-07-06 21:00:00	28.4	동	101	19.96	32.79	2.49	9.0	2.82	11.0	7.6	동북동	58	18.3	1013.9	-	49
2018-07-06 21:30:00	28.4	동	87	19.80	32.70	2.21	9.5	2.93	11.0	7.4	동북동	58	18.3	1014.0	-	46
2018-07-06 22:00:00	24.8	동남동	104	19.75	32.57	2.86	10.1	3.27	9.5	7.0	북동	48	18.2	1014.1	-	49
2018-07-06 22:30:00	18.4	동북동	74	19.76	32.72	2.32	8.5	2.63	8.0	6.8	북동	43	18.2	1014.0	-	61
2018-07-06 23:00:00	18.8	동북동	77	20.39	33.18	2.23	8.6	2.70	8.0	7.0	북동	44	18.2	1014.0	-	41
2018-07-06 23:30:00	35.2	동	81	20.23	33.05	2.66	9.1	3.57	8.0	7.5	북북동	32	18.2	1014.1	-	56
2018-07-07 00:00:00	27.5	동	80	20.47	33.35	2.45	9.0	2.92	10.5	7.1	북북동	29	18.1	1014.0	-	45
2018-07-07 00:30:00	42.8	동	86	19.99	32.84	2.20	9.8	2.51	10.5	7.0	북북동	15	18.1	1013.8	-	57
2018-07-07 01:00:00	43.3	동	83	19.91	32.66	2.39	8.7	3.28	8.5	7.7	북북동	25	18.1	1013.6	-	45
2018-07-07 01:30:00	50.8	동	93	19.85	32.50	2.46	9.3	3.05	10.0	7.4	북북동	23	17.8	1013.6	-	63
2018-07-07 02:00:00	54.7	동	91	19.84	32.08	2.02	8.8	2.53	9.5	6.7	북북동	24	17.9	1013.6	-	49
2018-07-07 02:30:00	47.3	동	95	19.88	32.44	2.99	9.9	3.90	10.0	5.9	북	353	17.1	1013.7	-	61
2018-07-07 03:00:00	41.9	동북동	77	19.96	32.64	2.46	9.7	3.30	7.5	7.2	북북동	23	17.8	1013.6	-	59
2018-07-07 03:30:00	51.6	동	92	20.11	32.92	2.42	9.6	3.06	9.5	6.2	북북동	19	17.5	1013.7	-	42
2018-07-07 04:00:00	39.8	동	86	20.14	32.99	2.19	8.5	2.98	8.0	7.1	북북동	23	17.4	1013.8	-	52
2018-07-07 04:30:00	52.3	동	86	20.15	32.72	2.00	9.1	2.29	9.0	7.5	북북동	22	17.0	1013.9	-	56
2018-07-07 05:00:00	40.8	동	90	20.23	33.11	2.40	9.3	3.13	8.0	6.7	북	9	16.7	1014.1	-	69
2018-07-07 05:30:00	44.6	동	84	20.20	32.72	2.18	8.8	2.71	8.0	5.8	북북동	13	16.7	1014.2	-	49
2018-07-07 06:00:00	48.1	동	80	20.19	32.91	2.26	8.6	2.86	7.0	5.0	북	10	16.9	1014.4	-	49
2018-07-07 06:30:00	44.5	동	90	20.44	33.13	2.33	8.1	2.70	7.5	7.1	북북동	20	17.9	1014.5	-	61
2018-07-07 07:00:00	47.5	동남동	101	20.44	32.93	2.28	9.0	2.78	10.0	6.3	북	357	18.1	1014.7	-	45
2018-07-07 07:30:00	43.0	동	100	20.36	32.83	1.85	9.5	2.29	9.0	5.8	북북서	334	17.1	1014.7	-	51
2018-07-07 08:00:00	47.0	동	101	20.36	32.60	2.23	9.0	2.70	8.5	5.6	북서	310	17.1	1014.8	-	61
2018-07-07 08:30:00	34.5	동	94	20.37	32.66	1.92	8.3	2.55	8.0	5.7	북서	320	17.3	1014.8	-	53
2018-07-07 09:00:00	50.7	동	86	20.17	32.38	2.19	9.5	3.13	8.5	6.4	북	356	18.3	1014.6	-	57
2018-07-07 09:30:00	57.5	동	95	20.14	32.19	1.90	8.6	2.34	8.0	6.3	북	358	18.4	1014.6	-	53
2018-07-07 10:00:00	55.6	동	98	20.19	31.84	2.18	8.8	2.76	7.5	6.0	북	358	18.4	1014.6	-	60
2018-07-07 10:30:00	54.8	동	91	20.21	31.78	2.07	9.1	2.49	8.0	6.4	북	355	18.6	1014.8	-	57
2018-07-07 11:00:00	41.7	동	93	20.31	32.18	2.48	9.5	3.39	9.0	6.0	북	1	18.6	1015.0	-	53
2018-07-07 11:30:00	50.0	동	96	20.33	32.10	1.87	8.4	2.62	8.5	6.4	북	1	18.6	1015.0	-	65
2018-07-07 12:00:00	50.9	동	92	20.30	32.19	2.02	9.0	2.32	7.0	6.4	북북동	13	18.6	1015.0	-	59
2018-07-07 12:30:00	66.7	동남동	102	20.69	32.33	1.81	7.4	2.57	8.0	6.0	북	358	18.6	1014.9	-	57
2018-07-07 13:00:00	61.4	동	88	20.53	32.30	2.60	8.6	3.50	9.0	6.9	북	2	18.5	1014.9	-	67
2018-07-07 13:30:00	57.0	동	92	20.56	32.36	1.66	7.5	2.42	8.0	6.8	북	357	18.5	1014.9	-	61
2018-07-07 14:00:00	56.1	동	92	20.56	32.50	1.84	7.8	2.09	7.0	6.7	북	359	18.5	1014.9	-	38
2018-07-07 14:30:00	45.5	동	82	20.52	32.75	1.58	8.0	1.71	9.5	6.6	북	10	18.3	1014.8	-	56
2018-07-07 15:00:00	48.4	동	80	20.71	32.90	1.89	8.6	2.40	8.5	6.5	북	2	18.3	1014.6	-	58
2018-07-07 15:30:00	45.4	동	92	20.71	32.99	1.98	8.1	2.73	7.5	5.5	북	354	18.6	1014.6	-	58
2018-07-07 16:00:00	53.2	동	99	20.75	32.85	1.82	8.2	2.34	7.5	5.7	북	4	18.6	1014.5	-	67
2018-07-07 16:30:00	52.8	동	99	20.73	32.82	1.66	7.5	2.55	7.5	5.3	북	9	18.4	1014.3	-	68
2018-07-07 17:00:00	53.0	동	89	20.78	32.41	2.22	8.8	2.80	8.0	5.6	북	9	18.1	1014.3	-	54
2018-07-07 17:30:00	52.0	동	88	20.72	32.23	1.74	7.9	2.53	7.5	5.5	북북동	23	17.8	1014.3	-	62
2018-07-07 18:00:00	49.4	동	93	20.62	32.16	1.90	8.0	2.65	7.5	5.6	북북동	27	17.6	1014.3	-	53
2018-07-07 18:30:00	50.1	동	82	20.57	32.03	1.29	6.8	2.36	7.5	4.9	북북동	31	17.6	1014.5	-	52
2018-07-07 19:00:00	49.9	동	86	20.53	32.07	1.75	7.7	2.45	9.0	5.4	북동	38	17.7	1014.7	-	52
2018-07-07 19:30:00	45.1	동	91	20.53	32.07	1.84	8.3	2.58	8.0	5.2	북동	39	17.6	1014.9	-	45
2018-07-07 20:00:00	41.0	동	86	20.53	32.15	1.49	7.3	1.77	5.5	4.0	북동	37	17.6	1015.2	-	53
2018-07-07 20:30:00	45.6	동	92	20.47	32.00	1.49	8.3	2.54	8.0	4.8	북동	43	17.6	1015.2	-	68
2018-07-07 21:00:00	37.6	동	81	20.38	31.91	1.73	7.4	2.30	7.5	5.0	북동	43	17.7	1015.5	-	70
2018-07-07 21:30:00	43.5	동북동	78	20.35	32.02	1.55	7.3	1.94	7.5	5.1	북북동	23	17.9	1015.7	-	47
2018-07-07 22:00:00	41.4	동북동	74	20.26	31.70	1.48	7.6	1.88	7.0	5.3	북	8	17.9	1016.1	-	56
2018-07-07 22:30:00	39.6	동	81	20.25	31.75	1.41	8.0	1.62	7.0	6.2	북	5	18.0	1016.5	-	56
2018-07-07 23:00:00	29.3	동북동	77	20.36	31.57	1.78	8.0	2.21	7.0	3.5	북북서	339	17.9	1015.9	-	49
2018-07-07 23:30:00	26.2	동	85	20.28	31.72	1.72	8.2	2.47	8.5	2.8	북	4	17.9	1015.5	-	51
2018-07-08 00:00:00	28.3	동북동	76	20.39	32.14	1.39	8.0	1.79	7.0	4.0	서북서	295	17.2	1015.3	-	49
2018-07-08 00:30:00	30.5	동	90	20.28	31.84	1.75	7.9	2.14	6.5	4.3	서북서	294	17.1	1015.3	-	40
2018-07-08 01:00:00	29.7	동	100	20.22	32.01	1.70	7.8	2.36	7.5	4.0	서북서	287	16.9	1015.3	-	60
2018-07-08 01:30:00	38.9	동	98	20.04	31.30	1.80	7.9	2.21	8.0	4.6	북서	305	16.9	1015.0	-	53
2018-07-08 02:00:00	40.8	동	94	20.09	31.50	1.45	7.9	1.63	7.5	4.7	서북서	296	17.0	1014.9	-	51
2018-07-08 02:30:00	36.0	동	98	20.09	31.45	1.50	8.3	1.81	7.0	4.6	서북서	296	16.9	1015.0	-	66
2018-07-08 03:00:00	29.1	동남동	106	20.63	32.46	1.80	8.0	2.33	8.0	5.6	서북서	302	16.9	1015.1	-	49
2018-07-08 03:30:00	34.7	동	100	20.59	32.42	1.45	7.7	1.78	7.5	5.2	서북서	298	16.9	1015.4	-	48
2018-07-08 04:00:00	32.2	동	99	20.53	32.23	1.31	7.3	2.07	7.0	5.0	서북서	301	16.9	1015.4	-	54
2018-07-08 04:30:00	38.8	동남동	110	20.56	32.51	1.06	7.0	1.39	6.5	4.6	서북서	300	16.9	1015.3	-	64
2018-07-08 05:00:00	38.5	동남동	110	20.45	32.86	1.47	7.5	1.94	6.5	4.8	서북서	292	16.8	1015.3	-	52
2018-07-08 05:30:00	34.7	동남동	111	20.59	33.17	1.46	7.3	2.12	8.0	4.7	서북서	297	16.9	1015.4	-	49
2018-07-08 06:00:00	32.8	동남동	113	20.59	32.68	1.31	7.4	1.63	7.0	4.0	서북서	296	17.0	1015.4	-	53
2018-07-08 06:30:00	35.7	동남동	112	20.54	32.70	1.38	8.2	2.08	7.5	4.0	서북서	301	17.0	1015.4	-	59
2018-07-08 07:00:00	32.5	동남동	113	20.52	32.51	1.27	7.6	1.89	7.0	3.7	서북서	296	17.1	1015.7	-	63
2018-07-08 07:30:00	35.9	동남동	118	20.55	32.80	1.24	6.7	1.55	6.5	3.9	서북서	301	17.3	1015.8	-	49
2018-07-08 08:00:00	31.5	동남동	115	20.55	32.54	1.34	8.1	1.69	8.0	3.7	서북서	302	17.5	1015.9	-	57
2018-07-08 08:30:00	27.0	동	98	20.55	32.87	1.08	6.9	1.36	6.0	4.1	북서	315	17.8	1015.8	-	71
2018-07-08 09:00:00	22.5	동	92	20.52	32.64	1.34	7.6	1.72	7.0	3.2	북서	309	17.8	1016.0	-	51
2018-07-08 09:30:00	22.4	동	90	20.58	32.93	1.13	7.4	1.50	6.5	3.2	북서	317	18.2	1016.0	-	64
2018-07-08 10:00:00	22.2	동북동	78	20.56	32.84	1.25	7.0	1.59	6.5	3.4	북북서	329	18.4	1015.8	-	56
2018-07-08 10:30:00	21.0	동	86	20.63	32.89	1.41	8.0	1.85	8.0	4.3	북서	324	18.5	1016.0	-	59
2018-07-08 11:00:00	31.2	동	99	20.56	32.58	1.12	7.2	1.48	8.0	5.1	북북서	328	18.5	1016.2	-	54
2018-07-08 11:30:00	38.2	동남동	102	20.41	32.38	1.26	7.9	1.56	8.0	4.9	북서	318	18.6	1016.2	-	60
2018-07-08 12:00:00	33.8	동남동	107	20.52	32.68	1.12	7.5	1.47	7.0	4.6	북북서	331	18.5	1016.3	-	53
2018-07-08 12:30:00	38.1	동남동	107	20.42	32.60	1.16	7.5	1.63	6.5	3.9	북북서	346	18.9	1016.1	-	59
2018-07-08 13:00:00	47.7	동	100	20.38	32.85	0.94	7.4	1.32	7.5	3.7	북	359	19.0	1016.0	-	56
2018-07-08 13:30:00	49.3	동남동	104	20.51	32.59	0.95	7.7	1.27	9.0	3.9	북북동	14	18.9	1015.8	-	51
2018-07-08 14:00:00	50.9	동남동	103	20.53	32.52	1.20	7.6	1.48	6.5	4.3	북북동	21	18.9	1015.6	-	55
2018-07-08 14:30:00	39.6	동남동	107	20.62	32.74	1.15	7.8	1.56	8.0	3.5	북북동	23	18.7	1015.9	-	54
2018-07-08 15:00:00	43.8	동남동	110	20.60	32.77	0.99	7.4	1.63	8.0	3.6	북북동	18	18.5	1015.9	-	41
2018-07-08 15:30:00	39.3	동남동	110	20.58	32.77	1.02	6.7	1.42	7.0	3.7	북북동	16	18.5	1015.8	-	63
2018-07-08 16:00:00	35.9	동남동	104	20.56	32.73	0.80	6.5	0.92	7.0	3.4	북	11	18.5	1015.8	-	61
2018-07-08 16:30:00	26.8	동	94	20.52	32.72	1.03	6.8	1.33	7.0	3.6	북북동	28	18.4	1015.8	-	39
2018-07-08 17:00:00	28.7	동남동	104	20.50	32.70	1.05	7.5	1.39	7.5	3.1	북북동	23	18.4	1016.0	-	54
2018-07-08 17:30:00	30.6	동	99	20.48	32.62	1.10	7.5	1.61	8.0	3.1	북	355	18.4	1016.0	-	50
2018-07-08 18:00:00	33.4	동남동	107	20.45	32.54	0.83	6.3	1.10	7.5	2.8	북동	35	18.3	1016.0	-	67
2018-07-08 18:30:00	33.3	동	101	20.43	32.48	1.04	7.3	1.43	7.5	2.3	북	10	18.3	1016.2	-	49
2018-07-08 19:00:00	29.5	동	88	20.41	32.44	0.81	6.3	1.25	7.5	2.2	북	8	18.4	1016.5	-	35
2018-07-08 19:30:00	25.7	동	81	20.43	32.38	0.96	7.3	1.45	7.0	1.7	북	11	18.4	1016.8	-	52
2018-07-08 20:00:00	26.2	동	83	20.39	32.46	0.90	6.9	1.11	7.0	2.7	서북서	294	18.2	1016.9	-	63
2018-07-08 20:30:00	27.2	동	91	20.42	32.45	1.03	7.0	1.42	7.5	3.6	서북서	292	18.0	1017.2	-	56
2018-07-08 21:00:00	26.4	동	100	20.40	32.42	0.80	6.6	1.04	7.5	3.9	서북서	285	18.0	1017.7	-	42
2018-07-08 21:30:00	23.4	동	91	20.42	32.45	0.98	6.5	1.27	5.5	3.2	서북서	301	17.8	1017.8	-	49
2018-07-08 22:00:00	21.4	동	98	20.43	32.40	0.85	6.8	1.12	6.0	2.7	서	280	17.9	1017.8	-	62
2018-07-08 22:30:00	25.7	동	94	20.39	32.32	0.92	6.8	1.07	5.0	2.3	서남서	255	17.9	1017.5	-	39
2018-07-08 23:00:00	23.1	동	98	20.40	32.35	0.88	6.9	1.13	8.0	2.9	서남서	246	17.7	1017.5	-	60
2018-07-08 23:30:00	22.1	동	89	20.44	32.33	0.86	6.4	1.21	6.0	2.6	남서	226	17.6	1017.1	-	50
2018-07-09 00:00:00	27.6	동남동	102	20.42	32.41	1.04	7.5	1.42	7.0	2.7	남서	233	17.5	1017.1	-	63
2018-07-09 00:30:00	24.5	동	97	20.40	32.39	0.78	6.1	1.03	6.0	2.2	서남서	253	17.7	1017.1	-	46
2018-07-09 01:00:00	23.9	동남동	103	20.36	32.21	0.94	7.0	1.32	6.5	3.9	서북서	283	17.7	1017.3	-	44
2018-07-09 01:30:00	26.6	동	92	20.36	32.30	0.89	7.5	1.31	6.5	2.2	서북서	295	17.6	1016.9	-	61
2018-07-09 02:00:00	19.8	동	95	20.36	32.45	0.99	7.4	1.22	7.0	2.2	서북서	293	17.8	1016.7	-	53
2018-07-09 02:30:00	24.9	동	85	20.32	32.25	0.88	6.4	1.13	5.5	2.4	서북서	285	17.9	1016.9	-	28
2018-07-09 03:00:00	28.0	동	86	20.32	32.27	0.79	6.6	1.22	7.0	2.9	서	280	17.5	1017.2	-	58
2018-07-09 03:30:00	29.2	동	83	20.29	32.22	0.84	6.8	1.27	6.5	2.1	서남서	257	17.6	1017.3	-	51
2018-07-09 04:00:00	28.2	동	94	20.41	32.20	0.86	6.5	1.03	7.5	2.1	서북서	301	17.5	1017.3	-	49
2018-07-09 04:30:00	26.0	동	97	20.36	32.04	0.78	7.4	1.11	7.5	2.4	서	273	17.8	1017.4	-	65
2018-07-09 05:00:00	34.8	동	93	20.29	31.97	0.84	6.9	1.01	6.0	2.0	서남서	241	17.5	1017.7	-	59
2018-07-09 05:30:00	34.1	동	92	20.29	32.21	0.76	6.6	1.20	5.5	2.6	서	270	17.5	1017.7	-	36
2018-07-09 06:00:00	28.8	동	91	20.31	32.26	0.86	6.6	1.10	7.0	3.2	서	275	17.3	1017.7	-	59
2018-07-09 06:30:00	28.8	동	96	20.18	32.11	0.83	6.6	1.06	8.0	3.1	서북서	289	17.5	1017.8	-	54
2018-07-09 07:00:00	30.4	동	87	20.11	32.03	0.76	7.0	0.98	7.0	2.7	서	266	17.4	1017.8	-	42
2018-07-09 07:30:00	28.3	동	93	20.18	32.40	0.71	7.0	0.99	6.5	2.1	서	276	17.7	1017.9	-	49
2018-07-09 08:00:00	22.9	동	98	20.32	32.69	0.85	6.8	1.13	6.5	2.0	서북서	299	17.9	1018.3	-	55
2018-07-09 08:30:00	26.7	동	97	20.30	32.68	0.83	6.4	1.23	7.0	1.3	서북서	298	18.0	1018.3	-	58
2018-07-09 09:00:00	26.6	동	87	20.35	32.64	0.87	6.5	1.05	6.0	1.7	북서	308	18.1	1018.3	-	48
2018-07-09 09:30:00	28.3	동	87	20.36	32.63	0.76	6.9	0.98	5.5	2.0	북서	319	18.2	1018.4	-	32
2018-07-09 10:00:00	27.0	동	88	20.35	32.56	0.75	6.6	1.02	7.0	2.2	북북서	328	18.2	1018.5	-	32
2018-07-09 10:30:00	27.7	동북동	78	20.35	32.56	0.71	6.3	0.94	6.5	4.3	북북서	341	18.1	1018.7	-	59
2018-07-09 11:00:00	28.8	동북동	78	20.37	32.53	0.69	6.2	1.32	6.0	2.7	북북서	329	18.2	1018.7	-	18
2018-07-09 11:30:00	30.0	동	86	20.38	32.42	0.72	6.0	1.07	6.0	2.6	북북서	336	18.2	1018.5	-	54
2018-07-09 12:00:00	34.2	동	100	20.36	32.72	0.81	6.6	1.24	6.5	2.9	북북서	338	18.2	1018.6	-	60
2018-07-09 12:30:00	35.1	동	94	20.35	32.67	0.83	6.5	1.02	6.0	3.4	북북서	333	17.7	1018.8	-	44
2018-07-09 13:00:00	34.4	동	101	20.16	32.91	0.73	6.5	0.96	7.0	2.9	북북서	343	17.5	1018.7	-	56
2018-07-09 13:30:00	29.6	동	100	20.11	32.85	0.62	6.2	0.88	6.5	2.4	북북서	339	17.6	1018.6	-	62
2018-07-09 14:00:00	29.5	동남동	105	20.05	32.79	0.72	6.8	0.89	6.5	2.3	북북서	336	17.7	1018.4	-	65
2018-07-09 14:30:00	35.0	동남동	113	19.83	32.68	0.67	6.3	1.00	5.5	1.8	북북서	329	17.8	1018.2	-	45
2018-07-09 15:00:00	33.8	동남동	114	19.75	32.71	0.65	6.3	0.77	4.5	1.7	북서	319	17.8	1018.2	-	47
2018-07-09 15:30:00	29.9	동남동	117	19.47	32.74	0.77	6.2	0.91	6.0	1.5	북북서	333	17.8	1018.0	-	45
2018-07-09 16:00:00	27.9	남동	124	19.44	32.82	0.69	6.2	1.11	5.5	1.8	북북서	331	17.7	1017.9	-	48
2018-07-09 16:30:00	28.8	동남동	116	19.53	32.65	0.73	6.1	0.97	6.5	2.8	북북서	329	17.6	1018.1	-	27
2018-07-09 17:00:00	26.7	동남동	111	19.47	32.53	0.65	6.0	0.88	5.5	2.9	북북서	333	17.6	1018.1	-	27
2018-07-09 17:30:00	23.9	동남동	110	19.43	32.61	0.62	5.9	1.07	6.0	2.3	북북서	334	17.7	1018.1	-	61
2018-07-09 18:00:00	21.2	동남동	104	19.41	32.58	0.70	6.3	0.87	5.0	1.8	북북서	338	17.9	1018.0	-	36
2018-07-09 18:30:00	23.5	동남동	105	19.45	32.77	0.71	6.2	1.01	7.0	1.7	북서	315	18.0	1018.1	-	47
2018-07-09 19:00:00	25.9	동남동	108	19.48	32.75	0.74	6.5	0.93	7.5	1.3	북서	304	17.9	1018.0	-	39
2018-07-09 19:30:00	32.8	동남동	117	19.57	32.74	0.70	6.6	1.17	6.0	1.1	서북서	288	17.9	1018.1	-	55
2018-07-09 20:00:00	37.0	동	100	19.61	32.76	0.54	5.8	0.70	7.0	0.7	서북서	294	17.9	1018.2	-	30
2018-07-09 20:30:00	41.0	동남동	107	19.69	32.76	0.66	6.3	0.93	6.0	0.5	서	272	18.1	1018.4	-	27
2018-07-09 21:00:00	33.8	동	100	19.62	32.69	0.84	6.5	1.23	6.5	0.7	남남서	205	18.1	1018.4	-	45
2018-07-09 21:30:00	44.1	동	100	19.71	32.74	0.61	6.2	0.80	6.5	1.5	남남서	212	17.9	1018.7	-	27
2018-07-09 22:00:00	41.2	동	97	19.72	32.73	0.63	6.6	0.88	5.5	0.4	동남동	107	17.9	1018.5	-	50
2018-07-09 22:30:00	45.8	동	96	19.78	32.69	0.48	5.4	0.58	7.0	0.0	서남서	256	17.9	1018.7	-	44
2018-07-09 23:00:00	41.2	동	93	19.77	32.71	0.60	6.1	0.89	6.0	0.7	남남동	155	18.0	1018.6	-	47
2018-07-09 23:30:00	35.9	동	96	19.78	32.70	0.69	5.7	1.10	5.5	0.1	남동	139	17.9	1018.3	-	46
2018-07-10 00:00:00	31.3	동	96	19.78	32.67	0.57	6.3	0.68	6.5	0.0	동	91	18.0	1018.1	-	50
2018-07-10 00:30:00	23.0	동	93	19.78	32.70	0.77	6.0	1.21	6.0	0.0	남서	236	18.0	1017.9	-	46
2018-07-10 01:00:00	23.7	동	92	19.79	32.65	0.67	6.4	0.93	6.5	0.0	북북동	32	18.0	1017.7	-	45
2018-07-10 01:30:00	24.2	동	96	19.81	32.66	0.70	5.9	0.93	6.5	1.3	동남동	117	18.2	1017.3	-	54
2018-07-10 02:00:00	25.9	동	91	19.81	32.65	0.68	6.0	0.88	6.0	1.0	남남동	153	18.2	1017.0	-	32
2018-07-10 02:30:00	23.7	동	95	19.82	32.68	0.51	6.1	0.66	7.0	1.0	남남동	165	18.1	1016.7	-	27
2018-07-10 03:00:00	21.9	동	94	19.82	32.66	0.65	6.0	0.97	6.0	2.1	남동	133	18.2	1016.4	-	30
2018-07-10 03:30:00	21.4	동	98	19.85	32.77	0.62	5.7	0.84	6.0	3.8	동남동	123	18.3	1016.2	-	20
2018-07-10 04:00:00	21.6	동	99	19.84	32.67	0.66	6.1	0.90	6.0	4.5	동남동	113	18.6	1015.8	-	39
2018-07-10 04:30:00	23.1	동	92	19.83	32.62	0.65	5.8	1.10	6.0	4.9	남동	124	18.7	1015.7	-	24
2018-07-10 05:00:00	27.6	동	98	19.87	32.69	0.67	5.5	0.89	4.5	3.7	남동	134	18.6	1015.8	-	43
2018-07-10 05:30:00	27.9	동	93	19.88	32.64	0.73	5.8	0.92	6.0	5.3	남동	129	18.7	1015.7	-	32
2018-07-10 06:00:00	22.9	동남동	112	19.85	32.25	0.69	5.7	1.07	6.0	1.5	남서	220	18.4	1015.8	-	52
2018-07-10 06:30:00	23.6	동	99	19.87	32.36	0.60	5.4	0.90	5.0	1.6	서북서	300	18.4	1016.0	-	41
2018-07-10 07:00:00	21.9	동	99	19.85	32.18	0.65	5.7	0.90	5.0	1.0	북서	304	18.5	1016.0	-	36
2018-07-10 07:30:00	18.3	동	101	19.85	32.18	0.58	5.4	0.78	5.5	1.0	남	182	18.8	1016.0	-	36
2018-07-10 08:00:00	29.3	동남동	114	20.00	32.44	0.52	5.4	0.67	6.0	0.9	서남서	248	18.7	1016.3	-	59
2018-07-10 08:30:00	26.5	동남동	102	19.98	32.29	0.60	5.8	0.81	5.5	0.5	남남서	212	19.3	1016.1	-	33
2018-07-10 09:00:00	23.6	동남동	104	20.07	32.27	0.51	5.4	0.94	5.5	0.0	북서	314	19.8	1016.1	-	32
2018-07-10 09:30:00	25.1	동남동	108	20.09	32.34	0.60	5.6	0.87	5.0	0.1	북	10	19.6	1016.4	-	23
2018-07-10 10:00:00	25.7	동남동	106	20.07	32.23	0.63	6.0	1.03	6.0	0.6	동북동	61	19.6	1016.8	-	41
2018-07-10 10:30:00	26.6	동남동	111	20.18	32.34	0.58	5.1	0.96	5.0	0.1	북동	45	19.5	1017.0	-	34
2018-07-10 11:00:00	23.2	동남동	111	20.21	32.30	0.50	5.5	0.79	5.5	0.5	서북서	289	19.7	1017.1	-	41
2018-07-10 11:30:00	21.3	동남동	113	20.20	32.21	0.49	5.5	0.66	5.5	2.5	북서	319	19.4	1017.0	-	44
2018-07-10 12:00:00	18.9	동남동	119	20.25	32.27	0.50	5.4	0.69	6.0	1.6	북북서	335	19.8	1016.8	-	17
2018-07-10 12:30:00	22.9	동남동	115	20.29	32.29	0.52	5.1	0.73	5.5	2.5	북	0	19.9	1016.8	-	27
2018-07-10 13:00:00	20.6	동남동	114	20.29	32.29	0.49	5.8	0.67	6.0	3.5	북북서	335	19.3	1016.8	-	39
2018-07-10 13:30:00	20.2	동남동	108	20.32	32.26	0.41	5.5	0.73	6.5	2.6	북북서	337	19.7	1016.9	-	47
2018-07-10 14:00:00	19.7	동남동	113	20.33	32.27	0.48	5.8	0.68	5.0	2.6	북북서	331	19.8	1016.6	-	28
2018-07-10 14:30:00	16.4	동남동	108	20.31	32.30	0.49	5.6	0.66	5.0	2.3	북서	325	20.0	1016.4	-	34
2018-07-10 15:00:00	13.5	동	100	20.27	32.28	0.47	5.3	0.73	4.5	1.4	북북서	346	20.0	1016.0	-	37
2018-07-10 15:30:00	10.8	동남동	121	20.26	32.29	0.43	5.5	0.63	5.5	2.3	북북서	348	20.0	1015.9	-	33
2018-07-10 16:00:00	11.1	동	98	20.25	32.24	0.56	6.0	0.80	6.0	2.8	북	352	20.0	1016.0	-	43
2018-07-10 16:30:00	10.9	동	85	20.32	32.24	0.44	5.6	0.56	5.5	1.5	북	3	20.1	1016.1	-	25
2018-07-10 17:00:00	14.2	동	82	20.34	32.24	0.56	5.6	0.85	6.0	1.1	북	349	20.0	1016.1	-	39
2018-07-10 17:30:00	20.2	동	86	20.55	32.11	0.48	4.9	0.68	5.0	1.4	북북동	15	20.0	1015.9	-	15
2018-07-10 18:00:00	22.7	동북동	75	20.43	32.21	0.54	5.2	0.81	5.0	2.1	북	357	19.8	1016.0	-	3
2018-07-10 18:30:00	22.9	동북동	70	20.39	32.23	0.52	5.4	0.67	5.0	2.5	북	349	19.7	1016.6	-	20
2018-07-10 19:00:00	25.7	동	83	20.43	32.17	0.42	5.1	0.63	4.0	1.4	북북서	347	19.7	1016.8	-	336
2018-07-10 19:30:00	23.3	동북동	70	20.47	32.14	0.44	5.6	0.63	6.5	1.9	북북서	340	19.7	1017.0	-	41
2018-07-10 20:00:00	22.2	동북동	72	20.41	32.13	0.41	5.3	0.54	4.5	0.3	서북서	299	19.6	1016.9	-	43
2018-07-10 20:30:00	21.1	동북동	77	20.27	32.33	0.46	5.2	0.66	5.5	0.8	북서	324	19.6	1016.7	-	54
2018-07-10 21:00:00	23.6	동북동	73	20.26	32.35	0.42	5.0	0.51	5.0	0.7	북서	319	19.6	1016.9	-	22
2018-07-10 21:30:00	28.6	동	87	20.36	32.15	0.43	5.1	0.68	5.5	0.2	북서	318	19.6	1016.7	-	24
2018-07-10 22:00:00	26.8	동남동	111	20.47	32.04	0.40	5.4	0.55	6.0	0.4	동	85	19.6	1016.7	-	54
2018-07-10 22:30:00	27.0	동남동	109	20.41	32.08	0.40	5.5	0.54	6.0	0.4	북	9	19.7	1016.8	-	43
2018-07-10 23:00:00	24.3	동남동	105	20.32	32.14	0.39	5.4	0.49	4.5	1.0	북	3	19.7	1016.7	-	24
2018-07-10 23:30:00	24.9	동남동	115	20.31	32.08	0.43	5.3	0.60	6.0	0.9	북북서	329	19.6	1016.6	-	31
2018-07-11 00:00:00	27.8	동남동	121	20.36	32.08	0.41	5.5	0.53	5.5	2.5	북서	313	19.6	1016.6	-	58
2018-07-11 00:30:00	27.6	동남동	122	20.33	32.10	0.44	5.2	0.72	5.5	2.4	북서	318	19.6	1016.4	-	52
2018-07-11 01:00:00	24.4	동남동	124	20.29	32.05	0.38	5.4	0.56	5.5	2.5	북서	317	19.4	1016.3	-	47
2018-07-11 01:30:00	25.7	동남동	122	20.28	32.05	0.39	5.2	0.58	4.5	2.9	북서	318	19.2	1016.3	-	46
2018-07-11 02:00:00	22.8	동남동	117	20.27	32.06	0.39	5.4	0.53	6.0	3.3	북서	312	19.1	1016.4	-	46
2018-07-11 02:30:00	19.4	남동	126	20.25	32.04	0.46	5.3	0.72	4.5	3.4	북서	320	19.1	1016.2	-	32
2018-07-11 03:00:00	28.1	동남동	119	20.22	31.90	0.37	4.9	0.60	4.5	3.3	북서	317	19.2	1016.3	-	41
2018-07-11 03:30:00	27.0	동남동	108	20.25	31.86	0.47	5.1	0.83	5.0	2.9	북서	313	19.2	1016.4	-	37
2018-07-11 04:00:00	21.5	동남동	109	20.27	31.98	0.34	4.9	0.45	5.0	3.3	북서	325	19.3	1016.5	-	34
2018-07-11 04:30:00	18.5	동남동	109	20.26	32.03	0.40	5.3	0.51	5.0	2.4	북북서	331	19.4	1016.2	-	20
2018-07-11 05:00:00	18.1	동남동	115	20.26	32.06	0.42	4.9	0.69	5.0	1.1	서	278	19.2	1016.3	-	59
2018-07-11 05:30:00	12.5	동남동	106	20.27	32.04	0.38	5.3	0.47	4.0	1.2	서북서	290	19.2	1016.7	-	10
2018-07-11 06:00:00	12.1	동남동	104	20.29	32.08	0.47	5.1	0.60	4.5	1.5	서	267	19.1	1016.9	-	37
2018-07-11 06:30:00	17.3	동남동	107	20.27	32.09	0.41	5.2	0.57	6.0	1.5	서	271	19.2	1016.8	-	35
2018-07-11 07:00:00	14.5	동남동	122	20.23	32.10	0.43	4.9	0.57	4.5	1.5	서	279	19.1	1016.8	-	50
2018-07-11 07:30:00	15.9	동남동	119	20.24	32.13	0.32	5.1	0.57	5.5	1.3	서남서	254	19.2	1016.8	-	42
2018-07-11 08:00:00	20.8	동남동	118	20.25	32.05	0.36	5.3	0.60	5.0	1.7	남서	233	19.3	1017.0	-	20
2018-07-11 08:30:00	22.7	동남동	106	20.28	32.01	0.37	4.9	0.58	5.0	0.3	서남서	251	19.2	1016.9	-	32
2018-07-11 09:00:00	20.4	동남동	102	20.29	32.08	0.34	5.1	0.45	5.0	0.7	남남서	204	19.3	1017.1	-	0
2018-07-11 09:30:00	16.1	동북동	78	20.24	32.12	0.34	4.8	0.54	4.5	2.1	남남동	156	19.6	1016.9	-	220
2018-07-11 10:00:00	18.5	동북동	77	20.27	32.09	0.35	5.0	0.60	4.0	2.3	남서	214	20.0	1016.9	-	39
2018-07-11 10:30:00	17.3	동북동	71	20.28	32.04	0.33	4.4	0.50	5.0	2.3	서남서	238	20.2	1016.9	-	30
2018-07-11 11:00:00	20.3	동북동	58	20.31	31.98	0.37	5.0	0.52	5.0	1.9	남서	226	20.3	1017.0	-	18
2018-07-11 11:30:00	20.1	동북동	65	20.33	31.96	0.27	5.0	0.34	4.5	1.1	서	277	20.6	1016.9	-	34
2018-07-11 12:00:00	20.8	동북동	58	20.33	32.00	0.37	5.2	0.52	5.0	0.3	북동	56	20.9	1016.4	-	31
2018-07-11 12:30:00	17.6	북동	53	20.32	32.09	0.35	5.2	0.46	5.5	2.2	북	9	20.6	1016.2	-	50
2018-07-11 13:00:00	20.3	북동	51	20.33	32.06	0.29	5.1	0.35	5.5	1.8	북북동	14	20.3	1016.0	-	18
2018-07-11 13:30:00	15.8	북동	51	20.29	32.09	0.35	5.1	0.54	5.5	3.5	북	11	20.0	1015.9	-	25
2018-07-11 14:00:00	21.9	북동	56	20.34	32.06	0.34	5.2	0.57	5.5	2.2	북	3	19.8	1015.8	-	32
2018-07-11 14:30:00	22.3	동북동	61	20.31	32.00	0.28	4.7	0.45	4.5	0.7	서	281	19.9	1015.5	-	57
2018-07-11 15:00:00	19.4	북동	54	20.32	31.89	0.29	4.8	0.37	4.5	0.4	북	3	20.1	1015.2	-	242
2018-07-11 15:30:00	16.6	북동	42	20.32	31.95	0.28	5.2	0.34	6.0	1.4	북	5	20.0	1015.1	-	67
2018-07-11 16:00:00	14.8	북동	48	20.28	32.04	0.32	5.1	0.42	4.5	0.8	동북동	76	19.9	1014.8	-	30
2018-07-11 16:30:00	14.1	북동	55	20.24	32.11	0.31	4.9	0.45	4.5	0.9	동남동	109	19.9	1014.7	-	37
2018-07-11 17:00:00	12.1	북동	47	20.23	32.15	0.35	4.7	0.60	4.0	2.1	북동	47	19.9	1014.6	-	102
2018-07-11 17:30:00	11.7	북동	50	20.24	32.15	0.33	5.2	0.45	4.0	1.0	동북동	69	19.9	1014.6	-	51
2018-07-11 18:00:00	11.8	북동	56	20.21	32.16	0.36	5.2	0.46	6.0	1.6	북동	53	19.8	1014.7	-	36
2018-07-11 18:30:00	13.0	동북동	60	20.17	32.20	0.33	4.8	0.45	5.0	0.7	북북동	24	19.8	1014.8	-	19
2018-07-11 19:00:00	12.4	북동	56	20.17	32.20	0.30	4.9	0.42	5.0	1.0	북북동	22	19.8	1015.1	-	33
2018-07-11 19:30:00	12.6	북동	52	20.14	32.23	0.28	4.5	0.40	4.0	1.0	북	5	19.8	1015.2	-	57
2018-07-11 20:00:00	11.5	북동	49	20.00	32.35	0.31	4.5	0.40	4.5	1.5	북	359	19.7	1015.3	-	34
2018-07-11 20:30:00	10.6	북동	49	19.93	32.40	0.30	5.3	0.41	4.5	1.6	북북서	339	19.6	1015.3	-	43
2018-07-11 21:00:00	7.9	북동	35	19.91	32.42	0.27	4.9	0.38	6.0	1.4	북	357	19.6	1015.5	-	47
2018-07-11 21:30:00	7.3	북동	45	19.90	32.43	0.24	5.2	0.35	4.5	1.2	북북서	336	19.6	1015.6	-	2
2018-07-11 22:00:00	9.5	북동	52	19.88	32.47	0.26	4.8	0.34	6.5	0.4	서	268	19.6	1015.3	-	57
2018-07-11 22:30:00	9.1	북북동	22	19.83	32.54	0.25	4.8	0.33	5.5	0.2	남	186	19.5	1015.0	-	17
2018-07-11 23:00:00	11.7	북북동	15	19.66	32.60	0.29	4.6	0.47	4.5	0.7	북북동	14	19.5	1014.9	-	54
2018-07-11 23:30:00	8.8	북북동	13	19.65	32.69	0.27	4.8	0.38	4.5	0.4	서북서	291	19.5	1014.4	-	36
2018-07-12 00:00:00	9.1	북북동	25	19.69	32.65	0.30	5.6	0.53	4.5	0.2	서남서	253	19.5	1014.1	-	58
2018-07-12 00:30:00	8.7	북북동	29	19.70	32.64	0.27	4.9	0.38	4.5	0.3	동	94	19.6	1013.7	-	309
2018-07-12 01:00:00	10.2	북동	38	19.75	32.70	0.25	5.0	0.33	4.5	3.0	남동	134	20.0	1013.3	-	62
2018-07-12 01:30:00	9.2	북동	53	19.71	32.63	0.21	4.8	0.30	4.5	1.5	남	179	19.9	1012.9	-	359
2018-07-12 02:00:00	8.1	동북동	74	19.63	32.69	0.19	4.8	0.27	6.0	1.7	남남동	168	19.7	1012.6	-	52
2018-07-12 02:30:00	10.3	동북동	77	19.51	32.78	0.21	5.0	0.30	5.0	2.3	남남동	160	19.7	1012.3	-	74
2018-07-12 03:00:00	10.2	동북동	71	19.45	32.83	0.19	4.7	0.30	4.0	0.2	남남동	153	19.6	1012.3	-	27
2018-07-12 03:30:00	13.4	동	84	19.24	32.92	0.20	4.6	0.33	4.0	0.7	남남동	165	19.6	1012.2	-	25
2018-07-12 04:00:00	15.6	동	96	19.24	32.95	0.22	3.6	0.33	4.0	0.7	서남서	241	19.6	1012.1	-	55
2018-07-12 04:30:00	17.5	동남동	104	19.33	32.99	0.24	4.2	0.35	5.0	2.2	남남동	159	19.7	1011.9	-	55
2018-07-12 05:00:00	16.8	동남동	106	19.45	32.84	0.21	4.5	0.27	3.5	0.5	남서	230	19.8	1012.0	-	0
2018-07-12 05:30:00	15.9	동남동	116	19.58	32.84	0.21	4.9	0.27	5.0	1.8	남남동	154	19.9	1011.7	-	24
2018-07-12 06:00:00	16.9	동남동	107	19.55	32.86	0.18	4.1	0.25	4.5	1.8	남	174	20.1	1011.5	-	82
2018-07-12 06:30:00	16.4	동남동	109	19.55	32.84	0.19	4.0	0.28	3.0	1.6	남남동	168	21.2	1011.4	-	325
2018-07-12 07:00:00	14.9	동남동	102	19.56	32.85	0.17	4.1	0.25	4.0	0.6	남동	131	22.1	1011.3	-	25
2018-07-12 07:30:00	12.0	동남동	105	19.58	32.83	0.17	4.0	0.26	3.0	1.2	북북서	341	22.3	1011.3	-	14
2018-07-12 08:00:00	9.8	동남동	105	19.58	32.83	0.18	4.8	0.28	4.0	1.1	동북동	69	22.6	1011.4	-	92
2018-07-12 08:30:00	13.0	동남동	108	19.57	32.81	0.15	4.2	0.22	5.5	2.1	북	5	23.0	1011.5	-	24
2018-07-12 09:00:00	6.7	동남동	103	19.56	32.82	0.17	3.9	0.25	4.5	1.1	동북동	65	23.0	1011.8	-	55
2018-07-12 09:30:00	9.4	동	83	19.69	32.77	0.17	4.0	0.26	5.5	1.6	북북동	26	24.1	1011.8	-	41
2018-07-12 10:00:00	4.6	동남동	111	19.65	32.78	0.18	4.4	0.25	3.5	1.0	북	353	23.5	1011.8	-	89
2018-07-12 10:30:00	5.0	동	80	19.68	32.74	0.18	4.4	0.22	2.5	1.8	북동	50	24.5	1011.9	-	18
2018-07-12 11:00:00	8.6	동북동	62	19.63	32.73	0.19	4.7	0.31	4.0	2.0	북동	43	24.2	1011.8	-	56
2018-07-12 11:30:00	7.3	동	100	19.60	32.75	0.14	4.3	0.27	4.0	1.5	동북동	71	24.5	1011.8	-	153
2018-07-12 12:00:00	8.9	동북동	74	19.59	32.81	0.25	4.3	0.37	4.0	2.2	동	81	25.0	1011.7	-	8
2018-07-12 12:30:00	13.8	동북동	64	19.58	32.85	0.19	4.7	0.27	5.5	0.8	북북서	337	26.4	1011.6	-	56
2018-07-12 13:00:00	13.3	동북동	65	19.60	32.82	0.19	4.5	0.28	5.5	1.5	북	357	25.3	1011.3	-	20
2018-07-12 13:30:00	9.1	동북동	73	19.63	32.81	0.21	4.6	0.30	5.0	0.6	서북서	298	26.1	1011.0	-	49
2018-07-12 14:00:00	14.8	동북동	66	19.86	32.64	0.21	4.4	0.30	4.5	4.7	남서	215	30.3	1010.8	-	0
2018-07-12 14:30:00	16.7	동북동	70	19.77	32.63	0.19	4.6	0.29	5.0	5.1	남서	229	30.5	1010.4	-	26
2018-07-12 15:00:00	18.0	동	82	19.89	32.67	0.20	4.5	0.30	4.5	5.0	남서	222	30.5	1010.3	-	37
2018-07-12 15:30:00	17.4	동	83	19.71	32.82	0.15	4.0	0.30	5.0	3.4	남서	218	31.0	1010.1	-	19
2018-07-12 16:00:00	14.5	동	85	19.59	32.87	0.14	4.2	0.24	4.5	3.1	남남동	167	30.6	1009.9	-	43
2018-07-12 16:30:00	9.8	동북동	65	19.44	32.99	0.15	4.2	0.21	3.5	2.7	동남동	106	23.8	1009.8	-	56
2018-07-12 17:00:00	15.4	북동	39	19.45	32.99	0.15	4.2	0.21	4.5	3.2	동남동	121	25.7	1009.6	-	49
2018-07-12 17:30:00	16.2	북동	50	19.42	33.04	0.13	3.5	0.17	4.5	2.9	남동	125	24.1	1009.5	-	252
2018-07-12 18:00:00	12.9	북동	43	19.36	33.07	0.15	4.1	0.21	4.0	2.0	남서	226	27.3	1009.5	-	9
2018-07-12 18:30:00	12.1	북동	46	19.45	33.05	0.16	4.0	0.24	4.5	4.3	남서	235	29.7	1009.4	-	24
2018-07-12 19:00:00	12.0	북동	38	19.42	33.03	0.13	3.6	0.22	5.0	4.8	남서	231	30.5	1009.4	-	75
2018-07-12 19:30:00	13.1	북동	36	19.37	33.07	0.15	3.8	0.24	4.0	5.1	남서	228	29.8	1009.4	-	101
2018-07-12 20:00:00	8.8	북동	38	19.31	33.09	0.14	3.9	0.19	3.0	5.8	남서	227	29.5	1009.6	-	162
2018-07-12 20:30:00	7.3	북북동	20	19.27	33.10	0.12	4.2	0.19	3.5	5.4	남서	228	29.2	1010.0	-	154
2018-07-12 21:00:00	7.6	북북동	30	19.22	33.12	0.11	4.2	0.15	4.0	3.8	남서	229	28.7	1010.4	-	59
2018-07-12 21:30:00	5.8	북북동	29	19.12	33.12	0.11	4.8	0.15	5.5	2.8	북북서	332	26.4	1010.5	-	116
2018-07-12 22:00:00	5.6	북동	44	19.08	33.14	0.10	4.5	0.15	5.5	2.7	남서	223	28.4	1010.4	-	265
2018-07-12 22:30:00	6.2	북동	47	19.09	33.13	0.11	4.5	0.15	3.5	6.2	남남서	209	28.5	1010.2	-	290
2018-07-12 23:00:00	4.2	북동	47	19.00	33.22	0.10	4.8	0.14	5.0	6.3	남남서	213	28.5	1010.2	-	116
2018-07-12 23:30:00	4.5	북동	39	19.00	33.20	0.09	4.2	0.12	3.5	5.5	남서	226	28.0	1010.2	-	280
2018-07-13 00:00:00	4.1	북북동	31	18.91	33.24	0.08	4.3	0.13	4.5	4.2	남서	235	28.0	1010.0	-	169
2018-07-13 00:30:00	2.0	동남동	103	18.84	33.24	0.09	4.5	0.16	4.5	4.7	남서	236	28.8	1009.8	-	95
2018-07-13 01:00:00	2.1	동북동	68	18.79	33.24	0.09	4.0	0.11	4.0	4.3	서남서	238	27.4	1009.8	-	49
2018-07-13 01:30:00	0.8	동북동	69	18.77	33.27	0.11	4.3	0.15	3.5	2.8	서남서	243	27.5	1009.8	-	49
2018-07-13 02:00:00	3.3	동북동	65	18.74	33.25	0.09	4.1	0.13	3.5	1.9	서북서	295	25.6	1009.7	-	269
2018-07-13 02:30:00	5.2	동북동	59	18.76	33.24	0.12	3.3	0.16	2.5	4.8	남서	221	27.9	1009.4	-	249
2018-07-13 03:00:00	10.2	동남동	104	19.03	33.17	0.14	3.4	0.19	4.5	5.2	남남서	213	28.2	1009.4	-	300
2018-07-13 03:30:00	14.3	동북동	78	19.17	33.07	0.12	3.4	0.18	4.0	2.1	서	274	25.4	1009.5	-	77
2018-07-13 04:00:00	7.8	동북동	75	19.21	33.11	0.15	3.0	0.24	2.5	3.9	서	265	26.2	1009.7	-	32
2018-07-13 04:30:00	11.9	동남동	108	19.09	33.15	0.19	2.6	0.27	2.5	3.7	북북서	336	21.9	1009.9	-	351
2018-07-13 05:00:00	10.9	동남동	121	19.21	33.07	0.15	2.9	0.23	2.5	1.1	북서	318	22.4	1010.2	-	346
2018-07-13 05:30:00	12.3	동남동	117	19.29	33.03	0.13	3.1	0.19	2.5	1.7	북북서	329	23.0	1010.4	-	269
2018-07-13 06:00:00	14.2	남동	131	19.18	33.12	0.13	3.0	0.21	3.0	0.3	북서	320	22.8	1010.8	-	129
2018-07-13 06:30:00	17.5	동남동	116	19.47	32.97	0.12	2.9	0.16	3.0	2.0	북북서	328	22.1	1011.0	-	27
2018-07-13 07:00:00	20.3	남동	137	19.95	32.70	0.19	2.7	0.31	3.0	1.2	북북서	331	23.5	1011.1	-	1
2018-07-13 07:30:00	23.4	남동	138	19.94	32.70	0.19	2.7	0.26	2.5	0.9	북동	41	25.0	1011.2	-	359
2018-07-13 08:00:00	24.4	남남동	158	19.98	32.33	0.20	2.6	0.34	2.5	0.5	북	352	24.1	1011.2	-	7
2018-07-13 08:30:00	22.4	남남동	156	20.01	32.18	0.18	2.7	0.25	3.0	1.0	북서	322	24.6	1011.4	-	358
2018-07-13 09:00:00	19.4	남남동	160	20.02	32.21	0.18	2.5	0.25	2.5	1.2	북	358	24.7	1011.3	-	353
2018-07-13 09:30:00	25.4	남남동	166	20.32	32.05	0.15	2.8	0.25	2.5	0.5	서	274	25.3	1011.2	-	358
2018-07-13 10:00:00	24.4	남남동	159	20.51	32.03	0.16	2.7	0.25	2.5	1.0	동북동	63	25.2	1011.1	-	2
2018-07-13 10:30:00	19.3	남남동	154	20.41	32.08	0.15	2.9	0.22	3.0	0.1	남남서	197	26.9	1011.2	-	50
2018-07-13 11:00:00	12.4	남동	135	20.49	32.06	0.17	2.8	0.26	2.5	2.1	동북동	77	26.9	1011.0	-	30
2018-07-13 11:30:00	10.4	남남동	156	20.56	32.09	0.18	2.8	0.27	2.5	2.7	북동	52	26.7	1010.9	-	330
2018-07-13 12:00:00	8.9	남남동	167	20.52	32.14	0.21	2.8	0.35	3.0	2.6	북동	39	27.1	1010.6	-	37
2018-07-13 12:30:00	4.0	남동	145	20.59	32.16	0.18	2.9	0.24	2.5	2.9	남동	130	26.2	1010.5	-	14
2018-07-13 13:00:00	2.9	남	181	20.51	32.21	0.16	3.0	0.21	3.5	1.5	동	96	27.2	1010.2	-	28
2018-07-13 13:30:00	0.6	북서	307	20.69	32.11	0.15	3.2	0.20	3.0	5.1	동	84	25.4	1010.0	-	266
2018-07-13 14:00:00	3.9	서	277	20.67	32.12	0.16	2.9	0.26	3.0	5.9	동	100	25.1	1009.8	-	146
2018-07-13 14:30:00	4.6	서	278	20.70	32.12	0.16	3.1	0.22	3.5	5.7	동남동	111	24.6	1009.6	-	73
2018-07-13 15:00:00	5.9	서남서	253	20.66	32.14	0.18	3.0	0.27	2.5	5.9	동남동	103	24.7	1009.4	-	73
2018-07-13 15:30:00	7.1	서북서	287	20.69	32.14	0.17	3.0	0.27	3.0	4.9	동남동	118	24.3	1009.1	-	45
2018-07-13 16:00:00	6.9	서	273	20.70	32.13	0.16	3.1	0.25	2.5	4.8	동남동	117	24.3	1008.6	-	65
2018-07-13 16:30:00	7.7	서	276	20.78	32.10	0.13	3.2	0.18	2.5	4.5	동	99	24.1	1008.3	-	91
2018-07-13 17:00:00	13.5	서북서	293	21.18	32.17	0.13	2.7	0.21	3.5	4.5	남동	136	25.3	1007.9	-	119
2018-07-13 17:30:00	15.4	북서	306	21.35	32.06	0.15	2.6	0.23	2.5	2.9	남서	222	30.7	1007.7	-	280
2018-07-13 18:00:00	12.0	북서	304	21.06	32.04	0.14	3.2	0.21	3.0	2.7	남서	236	31.8	1007.7	-	354
2018-07-13 18:30:00	14.3	서북서	295	21.41	31.99	0.13	2.7	0.22	2.5	2.3	서북서	298	27.6	1007.8	-	335
2018-07-13 19:00:00	12.9	서북서	292	21.13	32.12	0.11	3.0	0.19	4.5	2.6	북서	309	25.4	1008.0	-	15
2018-07-13 19:30:00	7.8	서북서	283	20.56	32.12	0.11	3.4	0.15	3.0	2.7	북서	326	24.0	1008.4	-	125
2018-07-13 20:00:00	8.6	서북서	284	20.54	32.22	0.12	3.1	0.16	3.5	1.7	북북서	329	24.6	1008.6	-	132
2018-07-13 20:30:00	6.4	서	275	20.55	32.23	0.12	3.4	0.19	3.5	1.4	서	273	26.9	1008.9	-	308
2018-07-13 21:00:00	14.7	서북서	286	20.55	32.22	0.13	3.2	0.17	4.5	2.2	북서	323	26.2	1009.3	-	143
2018-07-13 21:30:00	9.7	서북서	300	20.55	32.23	0.13	3.5	0.21	3.0	2.1	서	266	25.3	1009.5	-	311
2018-07-13 22:00:00	14.5	서북서	290	20.19	32.41	0.13	3.4	0.21	3.5	1.7	서	265	27.5	1009.5	-	171
2018-07-13 22:30:00	15.1	서북서	290	20.16	32.44	0.12	3.5	0.18	3.5	3.2	남서	219	29.2	1009.2	-	160
2018-07-13 23:00:00	12.5	서북서	300	20.14	32.43	0.19	6.6	0.32	8.0	2.4	남남서	211	28.8	1009.0	-	109
2018-07-13 23:30:00	13.9	서북서	302	20.13	32.45	0.15	4.6	0.22	5.5	5.1	남서	229	29.1	1008.6	-	123
2018-07-14 00:00:00	15.9	북서	307	20.11	32.45	0.15	5.9	0.19	8.0	6.4	남서	234	29.0	1008.3	-	130
2018-07-14 00:30:00	13.2	서북서	301	20.10	32.48	0.11	4.5	0.15	5.5	6.3	남서	232	28.9	1008.3	-	146
2018-07-14 01:00:00	9.7	서북서	290	20.10	32.48	0.12	4.9	0.17	4.5	6.2	서남서	238	28.5	1008.4	-	123
2018-07-14 01:30:00	13.6	서북서	293	20.08	32.51	0.09	4.5	0.14	3.5	3.0	남남서	204	28.5	1008.4	-	112
2018-07-14 02:00:00	7.6	북서	308	19.91	32.59	0.10	4.2	0.13	4.5	4.4	서남서	237	28.4	1008.3	-	286
2018-07-14 02:30:00	8.7	서북서	302	19.80	32.67	0.09	4.3	0.14	4.5	4.0	남서	234	28.4	1008.3	-	67
2018-07-14 03:00:00	8.7	서북서	299	19.69	32.78	0.09	4.1	0.13	3.5	2.0	서북서	293	27.2	1008.3	-	292
2018-07-14 03:30:00	4.2	북서	311	19.68	32.80	0.14	3.2	0.19	3.0	3.7	북서	322	23.0	1008.5	-	353
2018-07-14 04:00:00	4.9	북북서	338	19.65	32.84	0.17	3.0	0.26	3.5	1.7	북서	316	22.3	1008.7	-	21
2018-07-14 04:30:00	9.0	서북서	298	19.65	32.86	0.13	3.2	0.17	5.5	1.3	서북서	302	25.6	1009.0	-	329
2018-07-14 05:00:00	7.3	북서	314	19.47	33.02	0.18	3.1	0.27	3.0	2.7	북북동	15	24.6	1009.2	-	212
2018-07-14 05:30:00	9.5	북서	323	19.49	33.01	0.13	3.2	0.20	3.0	1.7	북북동	28	27.0	1009.4	-	338
2018-07-14 06:00:00	11.3	서북서	293	19.46	33.03	0.14	3.3	0.20	3.0	2.0	동북동	68	25.0	1009.5	-	330
2018-07-14 06:30:00	5.4	북북동	16	19.39	33.07	0.13	3.3	0.22	3.0	0.9	북북동	25	24.9	1009.6	-	291
2018-07-14 07:00:00	10.5	서북서	298	19.39	33.03	0.14	3.0	0.22	3.0	2.3	동	98	24.7	1009.7	-	317
2018-07-14 07:30:00	24.5	북서	319	19.30	33.11	0.13	3.3	0.18	3.0	0.2	북	351	25.2	1009.6	-	286
2018-07-14 08:00:00	8.0	북서	311	19.32	33.12	0.13	3.3	0.22	3.0	1.9	북동	34	24.5	1009.8	-	243
2018-07-14 08:30:00	6.8	서북서	303	19.28	33.15	0.16	3.1	0.26	3.0	2.2	북	356	24.3	1009.7	-	288
2018-07-14 09:00:00	6.7	북서	307	19.22	33.19	0.15	3.3	0.22	2.5	1.2	북북서	329	23.6	1009.5	-	6
2018-07-14 09:30:00	1.2	동	85	19.27	33.17	0.21	3.4	0.33	3.5	0.9	북동	36	24.0	1009.3	-	197
2018-07-14 10:00:00	2.9	남동	129	19.26	33.18	0.20	3.3	0.37	2.5	0.7	동	97	24.7	1009.3	-	266
2018-07-14 10:30:00	3.0	북서	312	19.25	33.19	0.19	3.1	0.30	3.5	1.5	동북동	61	25.3	1009.3	-	23
2018-07-14 11:00:00	3.0	북	354	19.28	33.18	0.16	3.0	0.24	3.0	3.2	북동	50	24.4	1009.3	-	282
2018-07-14 11:30:00	4.5	북	2	19.25	33.15	0.21	2.9	0.31	2.5	3.3	동	87	24.0	1009.5	-	6
2018-07-14 12:00:00	2.9	북동	35	19.47	33.12	0.19	3.3	0.30	3.0	4.2	동	92	24.0	1009.3	-	267
2018-07-14 12:30:00	24.3	북북동	29	19.57	33.15	0.19	3.1	0.28	3.0	4.0	동	85	24.0	1009.2	-	316
2018-07-14 13:00:00	2.7	동북동	58	19.91	32.85	0.22	2.8	0.30	3.0	4.5	동남동	107	24.4	1009.1	-	289
2018-07-14 13:30:00	1.6	동	81	20.85	33.05	0.29	2.7	0.44	3.0	6.7	동남동	112	24.2	1008.7	-	125
2018-07-14 14:00:00	2.8	남남서	199	21.19	32.39	0.29	2.8	0.45	2.5	6.6	동남동	109	24.1	1008.4	-	109
2018-07-14 14:30:00	4.7	남	176	21.10	32.63	0.35	2.7	0.56	2.5	8.1	동남동	122	24.8	1008.3	-	126
2018-07-14 15:00:00	11.8	남서	232	21.26	32.65	0.40	2.7	0.57	3.0	7.0	남동	125	24.8	1008.2	-	137
2018-07-14 15:30:00	20.6	서남서	256	21.42	32.59	0.36	2.6	0.51	3.0	8.1	남동	136	25.0	1007.9	-	135
2018-07-14 16:00:00	19.2	서남서	252	21.47	32.61	0.32	2.6	0.43	2.5	8.3	남동	132	25.1	1007.8	-	151
2018-07-14 16:30:00	18.7	서남서	246	21.60	32.71	0.31	2.6	0.43	3.0	8.2	남동	136	25.1	1007.8	-	135
2018-07-14 17:00:00	19.8	서남서	255	21.64	32.74	0.33	2.6	0.48	3.0	5.9	남동	139	24.8	1007.8	-	123
2018-07-14 17:30:00	14.6	서	274	21.03	32.78	0.34	2.6	0.46	3.0	5.1	남동	137	25.1	1007.7	-	105
2018-07-14 18:00:00	9.0	북서	304	21.15	32.78	0.27	2.7	0.40	2.5	4.5	남동	132	24.1	1007.7	-	108
2018-07-14 18:30:00	7.6	서	267	21.05	32.75	0.28	2.8	0.42	3.0	4.0	동남동	119	24.1	1007.8	-	96
2018-07-14 19:00:00	7.7	서	262	20.54	32.84	0.22	2.7	0.40	2.5	3.9	남동	131	23.5	1008.0	-	108
2018-07-14 19:30:00	16.4	서	263	20.36	32.90	0.18	2.7	0.27	2.5	0.8	남	190	25.8	1008.1	-	107
2018-07-14 20:00:00	19.3	서	276	20.22	32.95	0.14	3.3	0.19	2.0	3.7	서남서	238	29.9	1008.2	-	289
2018-07-14 20:30:00	11.7	서	277	20.02	33.02	0.11	3.4	0.19	3.0	4.4	남서	227	29.9	1008.3	-	313
2018-07-14 21:00:00	15.8	서북서	289	19.97	33.04	0.11	3.8	0.18	3.0	5.7	남서	214	30.0	1008.5	-	191
2018-07-14 21:30:00	11.3	서북서	296	19.80	33.10	0.14	3.5	0.21	4.0	6.5	남남서	211	29.6	1008.5	-	93
2018-07-14 22:00:00	9.7	서북서	303	19.75	33.11	0.13	3.7	0.19	4.0	6.5	남서	217	29.3	1008.5	-	276
2018-07-14 22:30:00	7.6	서북서	294	19.66	33.14	0.10	3.6	0.18	4.0	5.9	남서	216	29.5	1008.4	-	276
2018-07-14 23:00:00	7.9	서	267	19.57	33.15	0.13	3.5	0.18	3.5	5.6	서남서	240	29.2	1008.5	-	232
2018-07-14 23:30:00	5.9	서	266	19.44	33.21	0.13	3.5	0.19	3.5	4.5	서남서	248	29.0	1008.6	-	267
2018-07-15 00:00:00	4.4	서남서	249	19.52	33.16	0.13	3.5	0.16	4.0	4.6	서남서	246	28.1	1008.5	-	286
2018-07-15 00:30:00	5.6	남서	227	19.53	33.08	0.12	4.0	0.19	4.0	3.0	서남서	254	28.4	1008.6	-	287
2018-07-15 01:00:00	5.8	남서	215	19.35	33.17	0.11	3.7	0.15	4.0	3.6	서	262	27.9	1008.7	-	283
2018-07-15 01:30:00	4.2	남서	226	19.91	33.10	0.11	3.6	0.21	3.5	2.2	북북서	328	26.5	1008.9	-	228
2018-07-15 02:00:00	1.5	남	180	19.92	32.92	0.13	3.7	0.20	4.0	1.7	북북서	335	26.5	1009.1	-	290
2018-07-15 02:30:00	24.6	서남서	242	19.36	33.18	0.10	3.8	0.15	4.0	0.3	북동	48	27.4	1009.0	-	292
2018-07-15 03:00:00	6.2	남서	230	19.25	33.15	0.12	3.9	0.18	3.0	1.4	북북서	344	25.0	1009.3	-	310
2018-07-15 03:30:00	6.5	남남서	196	19.71	33.06	0.10	3.8	0.14	4.0	1.4	북	11	25.2	1009.4	-	351
2018-07-15 04:00:00	0.4	서북서	283	19.25	33.17	0.10	3.7	0.18	4.0	2.4	동남동	120	25.9	1009.0	-	120
2018-07-15 04:30:00	10.4	남서	231	19.41	33.16	0.11	3.4	0.19	3.0	0.9	북동	49	24.1	1009.3	-	289
2018-07-15 05:00:00	8.8	서남서	245	19.28	33.21	0.11	3.2	0.20	3.0	1.5	북동	53	24.3	1009.3	-	303
2018-07-15 05:30:00	10.7	서남서	251	19.43	33.14	0.11	3.3	0.15	3.0	0.3	북동	53	24.4	1009.6	-	41
2018-07-15 06:00:00	14.3	서남서	251	19.23	33.22	0.12	2.9	0.17	3.0	0.3	서북서	288	24.7	1009.6	-	249
2018-07-15 06:30:00	5.6	서남서	251	19.24	33.18	0.12	2.8	0.18	3.0	0.5	북서	304	25.6	1009.9	-	34
2018-07-15 07:00:00	12.7	서	261	19.14	33.24	0.15	3.3	0.19	2.5	3.2	남동	137	25.1	1009.9	-	352
2018-07-15 07:30:00	11.9	서	262	19.11	33.24	0.15	3.1	0.24	3.5	2.8	남동	146	27.3	1009.8	-	64
2018-07-15 08:00:00	10.0	서북서	295	19.72	33.07	0.17	3.0	0.27	2.5	2.7	남서	227	29.1	1009.9	-	19
2018-07-15 08:30:00	13.5	서북서	292	19.99	32.93	0.19	3.3	0.34	4.0	3.2	남동	127	25.1	1010.0	-	296
2018-07-15 09:00:00	12.2	서남서	249	20.54	32.96	0.20	3.1	0.27	3.0	3.6	남동	124	26.1	1010.1	-	299
2018-07-15 09:30:00	11.0	서	260	20.40	32.90	0.19	3.1	0.28	3.0	3.1	동남동	111	25.1	1010.3	-	5
2018-07-15 10:00:00	6.5	북서	314	20.13	32.94	0.21	3.3	0.30	2.5	1.8	북동	55	24.4	1010.7	-	304
2018-07-15 10:30:00	14.8	서	262	20.87	32.84	0.18	3.4	0.26	3.0	1.9	남동	133	24.8	1010.8	-	295
2018-07-15 11:00:00	14.9	서	273	20.96	32.88	0.26	3.0	0.41	3.0	4.7	남동	124	23.9	1010.7	-	280
2018-07-15 11:30:00	17.0	서	260	21.37	32.70	0.22	2.9	0.42	3.0	5.0	남동	134	23.9	1010.6	-	296
2018-07-15 12:00:00	29.5	서남서	252	21.51	32.82	0.22	2.9	0.38	3.0	5.5	남동	132	24.2	1010.3	-	341
2018-07-15 12:30:00	17.4	서남서	257	21.47	32.84	0.28	2.6	0.42	3.0	6.1	남동	137	24.2	1010.1	-	24
2018-07-15 13:00:00	15.4	서	264	21.40	32.87	0.31	2.6	0.46	2.5	6.5	남동	141	24.8	1009.8	-	125
2018-07-15 13:30:00	12.1	서	278	21.28	32.81	0.33	2.5	0.52	2.5	7.2	남동	137	24.9	1009.5	-	135
2018-07-15 14:00:00	13.8	서	264	21.33	32.88	0.30	2.5	0.41	2.5	8.1	남동	140	25.5	1009.3	-	149
2018-07-15 14:30:00	31.6	서남서	252	21.27	32.89	0.35	2.5	0.49	2.5	8.6	남동	139	25.2	1009.2	-	124
2018-07-15 15:00:00	39.8	서남서	253	21.31	32.89	0.33	2.5	0.43	2.5	7.5	남동	135	25.1	1009.0	-	131
2018-07-15 15:30:00	43.4	서	274	21.14	32.90	0.29	2.5	0.40	2.5	7.1	남동	136	25.2	1008.8	-	108
2018-07-15 16:00:00	13.0	서	267	21.18	32.92	0.31	2.4	0.41	2.5	5.9	남동	134	25.6	1008.8	-	115
2018-07-15 16:30:00	31.9	서	261	21.14	32.92	0.32	2.4	0.45	2.5	5.5	남동	129	25.8	1008.8	-	116
2018-07-15 17:00:00	25.6	서	264	21.25	32.85	0.28	2.5	0.42	2.5	5.7	동남동	123	25.1	1008.8	-	95
2018-07-15 17:30:00	25.0	서	263	21.23	32.89	0.18	2.6	0.24	2.5	5.4	남동	127	24.7	1008.7	-	34
2018-07-15 18:00:00	31.3	서	271	21.17	32.84	0.23	2.9	0.35	2.5	5.4	남동	131	24.7	1008.7	-	113
2018-07-15 18:30:00	35.3	서	269	20.97	32.97	0.19	2.4	0.27	2.5	3.8	남동	146	24.5	1008.7	-	326
2018-07-15 19:00:00	29.4	서	271	20.95	32.93	0.16	2.8	0.23	2.0	4.4	남동	141	24.2	1009.0	-	83
2018-07-15 19:30:00	21.6	서	279	20.92	32.90	0.13	2.8	0.27	2.5	2.3	남남동	156	24.7	1009.0	-	131
2018-07-15 20:00:00	21.1	서	269	20.79	32.95	0.11	3.1	0.17	2.5	1.7	남남동	166	24.9	1009.0	-	259
2018-07-15 20:30:00	31.4	서	276	20.64	33.01	0.11	3.3	0.16	3.0	0.4	동북동	57	26.7	1009.3	-	255
2018-07-15 21:00:00	11.9	서	272	20.47	33.05	0.12	5.4	0.17	9.0	4.4	서남서	258	28.4	1009.4	-	129
2018-07-15 21:30:00	17.2	서	261	20.36	33.11	0.11	3.6	0.17	3.5	0.6	서북서	300	28.3	1009.8	-	257
2018-07-15 22:00:00	17.3	서	266	20.24	33.15	0.09	3.4	0.14	3.0	1.6	서	259	27.7	1009.9	-	200
2018-07-15 22:30:00	15.2	서	270	20.14	33.15	0.10	4.2	0.13	3.0	4.3	남서	231	28.8	1009.7	-	317
2018-07-15 23:00:00	8.4	서	261	20.13	33.13	0.10	3.6	0.15	4.0	1.4	서북서	283	26.6	1010.0	-	334
2018-07-15 23:30:00	25.8	서남서	251	20.02	33.14	0.11	3.8	0.21	3.5	2.1	북서	319	26.1	1009.9	-	282
2018-07-16 00:00:00	15.6	서	260	19.97	33.20	0.12	4.3	0.20	3.5	1.4	서	261	25.1	1010.0	-	68
2018-07-16 00:30:00	12.9	서	268	19.91	33.21	0.12	4.1	0.16	3.0	3.7	남서	234	28.4	1009.8	-	278
2018-07-16 01:00:00	13.8	서	277	19.82	33.25	0.13	3.9	0.18	3.0	1.2	서남서	241	26.2	1009.7	-	276
2018-07-16 01:30:00	12.0	서남서	257	19.71	33.31	0.13	4.0	0.21	3.5	0.8	서	279	26.3	1009.7	-	53
2018-07-16 02:00:00	11.0	서남서	251	19.66	33.31	0.13	3.7	0.18	3.5	0.6	북	350	24.0	1009.8	-	260
2018-07-16 02:30:00	-	-	-	-	-	-	-	-	-	-	-	-	-	-	-	-
2018-07-16 03:00:00	14.3	서남서	248	19.55	33.39	0.18	3.3	0.28	3.0	1.9	북동	45	22.9	1009.7	-	12
2018-07-16 03:30:00	14.2	서남서	246	19.43	33.52	0.16	3.6	0.21	3.5	1.6	북동	45	22.3	1009.7	-	281
2018-07-16 04:00:00	13.6	서남서	258	19.44	33.52	0.20	3.5	0.29	3.0	0.5	북	351	21.6	1009.8	-	106
2018-07-16 04:30:00	14.9	서	264	19.41	33.52	0.20	3.7	0.30	4.5	0.5	북북동	29	21.6	1010.0	-	128
2018-07-16 05:00:00	16.4	서	263	19.55	33.41	0.20	3.9	0.29	4.5	0.1	북서	322	21.5	1010.2	-	112
2018-07-16 05:30:00	18.3	서	274	19.45	33.50	0.19	3.5	0.28	5.0	0.4	남서	233	22.1	1010.4	-	48
2018-07-16 06:00:00	17.6	서남서	253	19.42	33.42	0.19	3.8	0.31	3.0	1.8	남	190	23.8	1010.5	-	32
2018-07-16 06:30:00	15.8	서	266	19.30	33.40	0.18	3.2	0.24	2.5	0.7	남서	228	25.8	1010.5	-	56
2018-07-16 07:00:00	16.4	서남서	250	19.37	33.34	0.18	3.9	0.29	3.0	1.9	동	93	23.7	1010.6	-	10
2018-07-16 07:30:00	17.9	서남서	246	19.43	33.47	0.21	3.5	0.25	2.5	2.2	동	96	22.5	1010.8	-	41
2018-07-16 08:00:00	21.3	서남서	247	19.86	33.19	0.21	3.8	0.32	5.0	2.2	남동	136	24.1	1010.7	-	49
2018-07-16 08:30:00	21.2	서남서	244	19.73	33.33	0.19	3.5	0.27	4.5	3.0	남동	129	24.0	1010.7	-	115
2018-07-16 09:00:00	30.5	서남서	254	19.74	33.33	0.22	3.4	0.33	3.5	1.2	동	94	25.1	1010.6	-	51
2018-07-16 09:30:00	21.8	서남서	256	19.68	33.31	0.24	4.3	0.38	3.0	3.0	동남동	121	25.9	1010.4	-	32
2018-07-16 10:00:00	33.6	남서	231	20.39	33.06	0.22	3.9	0.31	4.0	0.0	북서	304	26.2	1010.4	-	343
2018-07-16 10:30:00	22.5	남서	229	20.62	33.00	0.20	3.8	0.28	3.5	3.2	동남동	103	24.7	1010.5	-	250
2018-07-16 11:00:00	15.1	서남서	245	20.42	33.07	0.19	3.6	0.24	3.0	2.8	남동	128	24.6	1010.6	-	286
2018-07-16 11:30:00	55.7	남서	226	20.67	33.04	0.16	3.8	0.22	3.5	3.7	남동	136	24.6	1010.5	-	55
2018-07-16 12:00:00	29.5	서남서	241	20.93	32.92	0.13	3.6	0.19	3.5	3.7	남동	140	24.5	1010.3	-	268
2018-07-16 12:30:00	32.7	서남서	238	21.04	32.90	0.15	3.7	0.23	3.0	4.3	남동	135	24.7	1010.1	-	62
2018-07-16 13:00:00	29.8	서남서	238	21.15	32.87	0.14	3.4	0.19	3.0	5.0	남동	125	24.7	1010.0	-	59
2018-07-16 13:30:00	27.8	서남서	242	21.41	32.91	0.14	3.5	0.20	3.0	5.5	남동	128	25.7	1009.7	-	5
2018-07-16 14:00:00	65.6	서남서	242	21.80	32.81	0.12	3.2	0.19	4.0	5.2	남동	128	25.1	1009.6	-	121
2018-07-16 14:30:00	15.4	서남서	253	21.87	32.55	0.14	3.1	0.20	3.0	5.2	동남동	117	25.2	1009.4	-	93
2018-07-16 15:00:00	21.8	서남서	252	21.62	33.09	0.17	3.5	0.27	3.5	5.0	남동	125	25.4	1009.2	-	309
2018-07-16 15:30:00	36.3	서남서	246	22.34	32.76	0.15	3.8	0.28	4.0	5.8	남동	126	25.5	1009.1	-	109
2018-07-16 16:00:00	23.4	서	264	22.10	32.84	0.14	3.3	0.23	2.5	6.2	남동	124	25.3	1008.9	-	8
2018-07-16 16:30:00	37.0	서남서	252	22.24	32.71	0.16	3.0	0.23	2.5	6.2	남동	125	25.6	1008.9	-	296
2018-07-16 17:00:00	33.0	서남서	255	22.22	32.76	0.15	2.6	0.20	2.0	5.8	동남동	122	25.1	1008.8	-	139
2018-07-16 17:30:00	37.3	서남서	252	22.38	32.77	0.15	2.7	0.31	2.5	5.4	남동	136	25.2	1008.7	-	329
2018-07-16 18:00:00	30.6	서남서	255	22.29	32.71	0.16	3.2	0.22	2.0	5.2	남동	130	25.3	1008.8	-	46
2018-07-16 18:30:00	32.9	서	259	22.12	32.80	0.17	3.5	0.25	2.5	4.3	남동	136	25.0	1008.9	-	64
2018-07-16 19:00:00	33.2	서	263	22.13	32.84	0.15	2.9	0.28	4.5	2.9	동남동	112	24.8	1009.1	-	185
2018-07-16 19:30:00	27.3	서	268	21.76	32.79	0.14	3.3	0.24	3.0	1.2	동	100	25.4	1009.2	-	270
2018-07-16 20:00:00	13.9	서	277	21.40	32.91	0.17	3.7	0.26	4.5	1.2	북	10	24.5	1009.2	-	263
2018-07-16 20:30:00	18.9	서	273	20.90	32.90	0.17	3.6	0.22	4.0	0.8	북북동	20	24.5	1009.2	-	139
2018-07-16 21:00:00	29.6	서	262	20.59	33.01	0.15	4.1	0.23	4.5	0.7	동	89	27.4	1009.6	-	49
2018-07-16 21:30:00	7.8	서	278	20.20	33.12	0.11	3.7	0.20	3.5	2.1	북동	37	26.7	1009.7	-	200
2018-07-16 22:00:00	11.7	서	271	20.07	33.14	0.12	3.6	0.18	3.5	2.5	서	279	29.0	1009.8	-	216
2018-07-16 22:30:00	14.2	서	269	19.92	33.18	0.10	3.4	0.14	3.5	2.5	북서	312	25.5	1009.8	-	70
2018-07-16 23:00:00	12.1	서	263	19.82	33.20	0.11	3.2	0.14	3.0	1.9	북서	316	25.2	1010.1	-	46
2018-07-16 23:30:00	7.8	서	273	19.75	33.23	0.09	3.5	0.14	3.0	1.1	북북서	334	24.6	1010.1	-	108
2018-07-17 00:00:00	22.4	서남서	252	19.69	33.24	0.10	3.8	0.14	7.0	3.5	남서	226	28.0	1010.1	-	265
2018-07-17 00:30:00	12.7	서남서	248	19.65	33.24	0.12	3.7	0.18	3.0	1.9	북북서	335	24.1	1010.1	-	96
2018-07-17 01:00:00	23.6	서남서	242	19.66	33.24	0.10	3.8	0.15	3.0	1.5	북서	307	26.0	1010.2	-	264
2018-07-17 01:30:00	16.1	서남서	249	19.70	33.27	0.12	3.3	0.19	2.5	1.8	서남서	255	26.4	1010.0	-	93
2018-07-17 02:00:00	25.3	서남서	247	19.68	33.26	0.10	3.4	0.17	3.5	1.7	서북서	291	26.0	1010.2	-	249
2018-07-17 02:30:00	20.6	남서	229	19.81	33.24	0.11	3.1	0.17	3.0	3.8	서남서	237	27.0	1010.2	-	122
2018-07-17 03:00:00	12.7	서남서	236	19.88	33.25	0.11	3.5	0.16	3.0	1.9	북북서	334	25.4	1010.2	-	250
2018-07-17 03:30:00	11.2	남서	229	20.06	33.14	0.09	3.3	0.16	3.0	4.2	서남서	249	27.6	1010.2	-	112
2018-07-17 04:00:00	13.2	서남서	238	20.16	33.11	0.16	3.0	0.25	3.0	4.4	남서	236	27.2	1010.0	-	26
2018-07-17 04:30:00	15.2	서남서	239	20.18	33.10	0.13	3.1	0.27	3.0	4.8	남서	235	27.5	1009.9	-	137
2018-07-17 05:00:00	20.7	남서	234	20.25	33.07	0.13	2.9	0.18	3.0	4.9	서남서	240	27.4	1009.8	-	9
2018-07-17 05:30:00	29.6	서남서	241	20.29	33.09	0.12	2.9	0.18	2.5	6.6	서남서	239	28.0	1009.7	-	63
2018-07-17 06:00:00	10.9	서남서	240	20.41	33.04	0.11	3.5	0.14	3.0	5.9	서남서	246	28.0	1009.7	-	348
2018-07-17 06:30:00	16.6	서남서	238	20.66	33.02	0.11	3.4	0.19	3.5	4.8	서남서	244	28.0	1009.8	-	233
2018-07-17 07:00:00	20.4	남서	224	20.76	32.98	0.11	3.3	0.17	3.0	2.5	북서	314	27.0	1009.9	-	350
2018-07-17 07:30:00	18.8	남서	235	20.71	33.04	0.12	3.2	0.22	3.0	2.6	서북서	300	28.3	1010.0	-	27
2018-07-17 08:00:00	24.1	남서	221	20.89	33.00	0.12	3.6	0.19	3.5	1.4	북	352	26.2	1010.1	-	209
2018-07-17 08:30:00	22.8	남서	235	20.97	32.97	0.16	3.1	0.25	3.0	0.4	북북서	346	27.6	1010.1	-	269
2018-07-17 09:00:00	26.6	남서	229	21.14	32.96	0.14	3.1	0.18	3.0	1.4	동북동	75	27.2	1009.9	-	118
2018-07-17 09:30:00	28.3	남서	234	21.22	32.95	0.14	3.2	0.19	3.0	1.5	동북동	75	28.2	1009.6	-	276
2018-07-17 10:00:00	34.2	남서	224	21.51	32.87	0.14	3.4	0.19	3.5	2.5	동북동	77	28.2	1009.6	-	309
2018-07-17 10:30:00	27.8	서남서	237	21.47	32.88	0.18	3.7	0.24	3.5	3.9	동북동	76	26.5	1009.5	-	235
2018-07-17 11:00:00	29.2	서남서	238	21.72	32.83	0.16	3.4	0.22	3.5	3.7	동	100	26.3	1009.3	-	7
2018-07-17 11:30:00	41.9	남서	226	22.00	32.74	0.14	3.6	0.26	3.0	3.1	동	86	26.7	1009.1	-	39
2018-07-17 12:00:00	27.6	서남서	252	21.42	32.60	0.14	3.3	0.23	3.0	4.3	동	94	27.7	1008.9	-	114
2018-07-17 12:30:00	34.6	남서	236	21.96	32.79	0.16	3.3	0.24	3.0	4.7	동남동	103	27.1	1008.6	-	135
2018-07-17 13:00:00	31.1	서남서	245	21.81	32.77	0.17	3.2	0.24	3.5	6.1	동남동	118	26.0	1008.4	-	11
2018-07-17 13:30:00	29.8	서	260	21.71	32.83	0.16	3.1	0.22	3.0	5.8	동남동	105	25.9	1008.4	-	330
2018-07-17 14:00:00	30.1	서	261	21.99	32.80	0.16	3.2	0.28	3.0	5.1	동	101	25.7	1008.3	-	275
2018-07-17 14:30:00	24.2	서남서	258	21.76	32.73	0.17	2.9	0.28	3.0	5.8	동남동	117	26.0	1008.2	-	1
2018-07-17 15:00:00	45.2	서남서	248	22.49	32.85	0.14	2.8	0.22	2.5	4.9	남동	126	26.0	1008.1	-	290
2018-07-17 15:30:00	25.2	서	267	21.67	32.88	0.15	3.1	0.20	2.5	4.4	남동	124	26.0	1008.1	-	45
2018-07-17 16:00:00	34.0	서남서	258	22.11	32.98	0.15	2.9	0.28	3.0	4.0	남동	136	26.4	1008.0	-	95
2018-07-17 16:30:00	36.8	서남서	240	21.78	32.84	0.15	3.4	0.24	3.5	4.3	동남동	117	27.0	1008.0	-	55
2018-07-17 17:00:00	25.3	서	261	21.87	32.88	0.14	3.1	0.18	3.0	3.0	동	94	26.9	1008.0	-	110
2018-07-17 17:30:00	24.1	서남서	258	21.69	32.91	0.12	3.3	0.19	4.5	3.1	동남동	111	27.0	1008.0	-	102
2018-07-17 18:00:00	21.0	서남서	257	21.93	32.94	0.13	3.3	0.21	3.0	2.5	동남동	105	25.9	1008.1	-	64
2018-07-17 18:30:00	13.9	서	267	21.58	33.01	0.13	3.4	0.17	3.5	0.4	동	100	25.8	1008.1	-	260
2018-07-17 19:00:00	17.1	서	268	21.62	32.89	0.14	3.5	0.20	4.5	1.8	북북서	327	25.6	1008.2	-	8
2018-07-17 19:30:00	18.6	서남서	244	21.46	32.99	0.13	3.4	0.21	4.0	1.9	북서	315	25.6	1008.4	-	289
2018-07-17 20:00:00	15.5	서남서	246	20.88	33.03	0.13	3.0	0.19	4.5	1.9	북서	316	25.8	1008.5	-	103
2018-07-17 20:30:00	16.8	서남서	252	20.81	33.04	0.11	3.7	0.14	2.5	2.6	서북서	288	28.2	1008.6	-	104
2018-07-17 21:00:00	19.8	서남서	238	20.99	33.04	0.12	4.0	0.17	3.0	1.5	서	277	26.8	1008.9	-	253
2018-07-17 21:30:00	18.1	남서	230	21.02	33.03	0.11	4.1	0.21	3.0	2.7	서남서	254	28.0	1009.1	-	50
2018-07-17 22:00:00	19.8	남서	231	21.05	33.00	0.12	3.9	0.20	3.0	3.4	남서	236	28.1	1009.0	-	47
2018-07-17 22:30:00	21.0	남서	230	20.92	33.01	0.12	3.5	0.16	3.0	3.1	서남서	243	27.3	1009.2	-	31
2018-07-17 23:00:00	20.4	남서	226	20.95	33.05	0.13	4.6	0.21	4.0	2.9	남서	236	27.8	1009.3	-	47
2018-07-17 23:30:00	16.9	서남서	247	21.26	32.79	0.13	4.2	0.23	4.0	1.4	서북서	300	26.4	1009.5	-	350
2018-07-18 00:00:00	18.2	서	260	20.81	33.11	0.14	3.8	0.17	2.5	1.1	서북서	284	26.2	1009.4	-	329
2018-07-18 00:30:00	18.3	서남서	246	21.34	32.86	0.13	4.1	0.19	3.5	0.6	서북서	289	26.2	1009.3	-	70
2018-07-18 01:00:00	18.9	서남서	250	21.24	33.00	0.15	4.5	0.22	2.5	1.5	북북서	346	23.8	1009.3	-	79
2018-07-18 01:30:00	13.9	서남서	252	21.32	32.95	0.13	4.8	0.19	7.5	1.7	북북서	348	23.6	1009.3	-	64
2018-07-18 02:00:00	17.9	서남서	250	21.39	32.94	0.14	4.0	0.23	5.0	1.9	북서	321	22.9	1009.5	-	59
2018-07-18 02:30:00	19.4	서남서	237	21.45	32.87	0.16	6.1	0.22	8.0	2.4	서	281	24.7	1009.6	-	53
2018-07-18 03:00:00	19.3	서남서	247	21.59	32.89	0.15	4.1	0.21	3.5	0.2	북북서	344	25.1	1009.7	-	72
2018-07-18 03:30:00	18.6	서남서	253	21.71	32.86	0.19	4.5	0.32	3.0	1.0	서	280	26.3	1009.8	-	79
2018-07-18 04:00:00	20.4	서남서	244	21.73	32.85	0.17	4.7	0.29	5.0	2.6	북북서	340	22.5	1010.1	-	62
2018-07-18 04:30:00	20.5	서남서	244	21.89	32.81	0.21	3.5	0.28	4.0	2.2	북북서	335	22.9	1010.4	-	184
2018-07-18 05:00:00	23.3	서남서	238	21.94	32.78	0.16	4.2	0.24	4.0	1.0	북북서	341	22.9	1010.5	-	54
2018-07-18 05:30:00	22.0	서남서	239	22.06	32.74	0.19	5.4	0.27	5.5	0.7	서남서	241	24.3	1010.7	-	50
2018-07-18 06:00:00	24.0	서남서	242	22.20	32.75	0.21	4.1	0.26	5.0	0.1	서	266	26.0	1010.8	-	53
2018-07-18 06:30:00	20.3	남서	227	22.19	32.68	0.21	4.3	0.26	3.0	1.5	북북서	340	23.5	1010.9	-	56
2018-07-18 07:00:00	31.8	서남서	251	22.17	32.81	0.21	4.4	0.29	3.0	1.7	북북서	342	23.6	1011.0	-	61
2018-07-18 07:30:00	20.8	남서	224	22.30	32.75	0.22	4.9	0.32	4.0	1.0	북북서	343	24.9	1011.1	-	64
2018-07-18 08:00:00	8.9	남서	232	22.25	32.78	0.24	6.2	0.31	8.0	1.8	북	355	24.6	1011.3	-	61
2018-07-18 08:30:00	23.2	서남서	251	22.28	32.77	0.24	4.5	0.35	3.5	1.5	동	85	25.8	1011.6	-	55
2018-07-18 09:00:00	21.2	서남서	248	22.34	32.76	0.22	5.5	0.28	3.0	2.0	동북동	71	25.1	1011.6	-	39
2018-07-18 09:30:00	22.9	서	261	22.29	32.77	0.26	6.0	0.39	4.0	1.2	남남동	166	25.4	1011.6	-	57
2018-07-18 10:00:00	23.7	서남서	256	22.35	32.74	0.23	6.3	0.33	7.5	0.1	서북서	295	26.7	1011.7	-	69
2018-07-18 10:30:00	21.1	서남서	247	22.36	32.74	0.23	4.8	0.30	6.5	0.3	북북동	27	27.3	1011.7	-	71
2018-07-18 11:00:00	19.3	서남서	254	22.47	32.73	0.24	6.6	0.36	7.0	0.9	북	1	27.0	1011.6	-	65
2018-07-18 11:30:00	20.9	서	267	22.36	32.81	0.22	5.2	0.27	3.0	0.8	북	358	26.8	1011.5	-	50
2018-07-18 12:00:00	-	-	-	-	-	0.00	0.0	0.00	0.0	1.6	북	349	26.7	1011.5	-	0
2018-07-18 12:30:00	22.2	서	267	22.44	32.80	0.31	6.4	0.43	7.5	2.6	북	355	25.6	1011.5	-	54
2018-07-18 13:00:00	22.9	서남서	250	22.64	32.76	0.35	7.8	0.54	8.5	1.9	북	2	25.5	1011.3	-	58
2018-07-18 13:30:00	18.8	서남서	253	22.61	32.74	0.32	6.9	0.49	7.0	1.9	북북동	13	25.9	1011.2	-	66
2018-07-18 14:00:00	13.5	서남서	258	22.58	32.77	0.26	5.5	0.36	7.0	3.5	북북동	16	25.7	1011.0	-	55
2018-07-18 14:30:00	13.5	서남서	239	22.72	32.72	0.35	7.2	0.42	7.5	3.0	북	2	25.5	1010.9	-	41
2018-07-18 15:00:00	16.5	남서	226	22.96	32.58	0.35	7.9	0.43	8.5	2.4	북동	48	25.9	1010.6	-	61
2018-07-18 15:30:00	16.4	남서	226	24.13	32.91	0.26	5.6	0.37	7.5	1.6	동	85	26.2	1010.4	-	39
2018-07-18 16:00:00	24.3	남서	229	24.07	32.85	0.20	5.8	0.29	8.0	2.0	동남동	114	26.0	1010.3	-	62
2018-07-18 16:30:00	20.3	서남서	238	23.66	32.93	0.30	6.4	0.46	7.5	3.9	남동	131	26.0	1010.0	-	52
2018-07-18 17:00:00	17.5	서남서	252	23.66	32.85	0.28	6.3	0.35	4.5	4.5	남동	132	26.0	1009.5	-	55
2018-07-18 17:30:00	15.5	서남서	249	23.68	32.71	0.29	6.3	0.41	7.0	5.4	남동	130	25.8	1009.1	-	55
2018-07-18 18:00:00	8.7	서	274	23.43	32.65	0.30	5.6	0.48	7.5	5.3	남동	135	25.6	1009.1	-	59
2018-07-18 18:30:00	14.4	서	265	23.82	32.86	0.39	4.7	0.62	5.0	5.9	남동	136	25.4	1009.2	-	97
2018-07-18 19:00:00	12.6	서남서	253	23.62	32.72	0.41	3.8	0.57	3.5	6.2	남동	136	25.1	1009.0	-	54
2018-07-18 19:30:00	15.0	서남서	250	23.70	32.84	0.47	3.2	0.69	3.0	6.1	남동	143	25.0	1009.3	-	121
2018-07-18 20:00:00	7.3	서	265	23.86	32.87	0.43	3.9	0.58	4.0	6.0	남동	141	25.0	1009.4	-	126
2018-07-18 20:30:00	19.1	서	268	23.84	32.78	0.42	4.1	0.58	3.0	5.5	남남동	151	25.4	1009.7	-	110
2018-07-18 21:00:00	13.3	서	273	23.88	32.85	0.37	3.8	0.50	3.0	4.6	남남동	163	24.9	1010.0	-	56
2018-07-18 21:30:00	17.8	서	272	23.81	32.70	0.32	4.9	0.42	6.0	3.3	남남동	152	24.7	1010.2	-	60
2018-07-18 22:00:00	24.9	서북서	282	23.42	32.78	0.30	4.8	0.39	5.0	3.5	남남동	157	24.5	1010.1	-	57
2018-07-18 22:30:00	20.8	서남서	246	23.34	32.74	0.31	4.8	0.44	4.5	2.1	남남동	152	24.4	1010.1	-	59
2018-07-18 23:00:00	14.4	서	261	23.34	32.76	0.36	5.8	0.49	4.5	2.5	남남동	153	24.4	1009.9	-	39
2018-07-18 23:30:00	15.7	서남서	241	23.18	32.86	0.32	5.1	0.44	4.5	1.9	남남동	152	24.1	1009.8	-	50
2018-07-19 00:00:00	14.0	서남서	241	22.85	32.88	0.34	5.4	0.48	5.5	1.3	남남동	147	24.1	1009.8	-	66
2018-07-19 00:30:00	13.0	서남서	244	22.49	33.00	0.34	5.1	0.63	5.0	1.4	남남서	205	23.6	1009.6	-	41
2018-07-19 01:00:00	13.4	서남서	253	22.47	32.84	0.35	5.1	0.58	6.0	0.4	서북서	302	24.0	1009.5	-	9
2018-07-19 01:30:00	13.1	서남서	243	22.40	32.87	0.41	6.1	0.56	6.5	1.8	남동	134	23.8	1009.3	-	14
2018-07-19 02:00:00	17.8	남서	236	22.18	32.96	0.35	5.5	0.43	6.5	1.3	북	1	23.7	1009.4	-	51
2018-07-19 02:30:00	16.0	서남서	241	22.11	32.97	0.45	5.8	0.55	5.0	1.1	동남동	123	23.5	1009.3	-	48
2018-07-19 03:00:00	16.9	남서	236	22.06	32.97	0.34	5.3	0.44	4.0	1.0	남동	127	23.0	1009.3	-	38
2018-07-19 03:30:00	15.9	서남서	241	21.98	32.97	0.32	5.5	0.39	4.5	2.1	북	8	23.3	1009.6	-	41
2018-07-19 04:00:00	18.8	남서	234	21.93	32.99	0.46	5.5	0.56	6.0	2.4	북북서	348	23.0	1009.7	-	42
2018-07-19 04:30:00	17.0	서남서	242	21.77	33.02	0.45	5.5	0.68	5.5	4.1	북서	315	23.0	1010.0	-	48
2018-07-19 05:00:00	16.3	서남서	244	21.98	32.96	0.47	6.0	0.61	6.5	4.3	북서	315	22.4	1010.2	-	16
2018-07-19 05:30:00	16.3	서남서	241	22.25	32.92	0.46	6.1	0.64	6.0	4.6	북서	326	22.3	1010.4	-	49
2018-07-19 06:00:00	9.9	서남서	241	22.45	32.87	0.47	5.7	0.74	6.0	4.5	북서	323	22.1	1010.6	-	13
2018-07-19 06:30:00	8.6	서남서	240	22.52	32.83	0.40	5.6	0.54	5.0	5.3	북서	322	22.0	1010.9	-	5
2018-07-19 07:00:00	9.8	남남서	201	22.62	32.85	0.54	5.9	0.73	5.0	4.9	북서	321	21.8	1011.1	-	25
2018-07-19 07:30:00	6.5	남서	216	22.77	32.79	0.46	5.6	0.80	5.0	3.9	북서	311	21.8	1011.0	-	21
2018-07-19 08:00:00	9.4	남서	218	22.87	32.76	0.53	5.8	0.84	5.5	3.0	북서	317	21.7	1011.3	-	30
2018-07-19 08:30:00	9.3	남남서	214	22.81	32.72	0.51	5.5	0.68	5.5	1.9	북북서	347	21.8	1011.1	-	49
2018-07-19 09:00:00	12.4	남남서	197	22.90	32.72	0.53	5.8	0.76	5.5	0.9	북북동	32	22.2	1010.8	-	39
2018-07-19 09:30:00	6.8	서남서	245	22.52	32.76	0.65	6.2	0.85	6.0	1.4	동북동	59	22.4	1010.7	-	30
2018-07-19 10:00:00	5.0	남동	131	23.04	32.65	0.50	4.9	0.66	3.0	2.1	동남동	119	22.3	1010.5	-	20
2018-07-19 10:30:00	4.4	남	184	22.85	32.61	0.58	5.4	0.79	5.0	2.1	동남동	118	22.3	1010.3	-	46
2018-07-19 11:00:00	8.6	서남서	252	22.78	32.68	0.64	5.6	0.84	6.5	2.7	동남동	113	22.6	1010.1	-	26
2018-07-19 11:30:00	2.1	북동	47	22.82	32.67	0.51	5.6	0.68	6.0	2.8	남동	125	23.2	1009.9	-	62
2018-07-19 12:00:00	2.6	북	349	22.96	32.74	0.44	5.5	0.62	6.0	2.9	남동	131	24.1	1009.5	-	26
2018-07-19 12:30:00	2.3	남남서	193	23.20	32.79	0.34	5.3	0.51	5.0	3.6	동남동	115	24.6	1009.3	-	45
2018-07-19 13:00:00	12.0	서남서	244	23.32	32.61	0.45	5.4	0.58	6.0	4.9	남동	126	24.8	1009.0	-	57
2018-07-19 13:30:00	22.5	남서	224	23.50	32.75	0.46	5.4	0.65	5.5	4.9	동남동	114	25.3	1009.0	-	45
2018-07-19 14:00:00	0.7	서북서	288	23.81	32.81	0.47	5.8	0.69	5.0	5.9	동남동	120	25.6	1008.7	-	46
2018-07-19 14:30:00	10.6	서남서	249	23.84	32.68	0.46	5.3	0.68	5.5	6.1	동남동	123	25.6	1008.5	-	46
2018-07-19 15:00:00	18.9	서남서	239	23.94	32.66	0.59	5.2	0.75	5.5	6.9	남동	131	26.1	1008.4	-	49
2018-07-19 15:30:00	23.2	서남서	247	24.02	32.73	0.57	4.9	0.79	5.0	6.5	남동	136	26.4	1008.1	-	57
2018-07-19 16:00:00	21.9	서남서	246	24.07	32.70	0.43	4.7	0.66	6.5	6.5	남동	134	26.7	1007.9	-	31
2018-07-19 16:30:00	18.6	서남서	248	23.94	32.75	0.50	4.0	0.76	5.0	6.7	남동	137	26.9	1007.9	-	53
2018-07-19 17:00:00	18.2	서	260	23.88	32.72	0.50	4.6	0.76	5.5	6.6	남동	136	26.7	1007.7	-	47
2018-07-19 17:30:00	18.9	서남서	256	23.84	32.71	0.48	4.2	0.68	5.0	6.5	남동	141	26.5	1007.5	-	129
2018-07-19 18:00:00	17.8	서	264	23.88	32.71	0.45	3.8	0.68	5.0	6.5	남동	137	26.4	1007.6	-	138
2018-07-19 18:30:00	15.3	서	269	23.89	32.70	0.47	3.5	0.64	3.0	6.7	남동	134	26.5	1007.6	-	74
2018-07-19 19:00:00	13.0	서북서	282	23.86	32.69	0.43	4.1	0.60	3.0	7.1	남동	140	25.9	1007.4	-	123
2018-07-19 19:30:00	13.8	서북서	282	23.81	32.68	0.48	4.0	0.67	3.0	4.6	남남동	165	25.4	1007.5	-	121
2018-07-19 20:00:00	11.2	북서	308	23.74	32.69	0.37	4.2	0.48	4.5	4.9	남남동	157	25.3	1007.6	-	68
2018-07-19 20:30:00	3.1	북서	314	23.68	32.68	0.36	4.7	0.50	5.5	3.8	남남동	156	25.7	1007.8	-	42
2018-07-19 21:00:00	11.1	북북서	329	23.62	32.69	0.31	4.9	0.38	5.0	1.6	남동	131	25.0	1008.1	-	31
2018-07-19 21:30:00	8.6	북북동	13	23.55	32.69	0.28	4.6	0.44	5.5	0.7	남남서	201	24.6	1008.4	-	34
2018-07-19 22:00:00	3.0	북북동	27	23.56	32.70	0.28	4.7	0.37	5.0	1.6	서북서	294	25.4	1008.3	-	42
2018-07-19 22:30:00	19.3	북동	37	23.50	32.70	0.27	5.3	0.40	5.5	1.8	북서	305	24.7	1008.4	-	31
2018-07-19 23:00:00	31.2	북동	43	23.43	32.69	0.24	5.1	0.39	5.0	1.3	남서	224	27.2	1008.4	-	56
2018-07-19 23:30:00	1.6	동북동	68	23.38	32.71	0.29	4.8	0.43	5.5	0.9	남서	228	26.7	1008.4	-	141
2018-07-20 00:00:00	5.0	북동	53	23.34	32.73	0.23	4.6	0.32	4.5	2.1	남서	215	27.8	1008.1	-	54
2018-07-20 00:30:00	5.5	동남동	118	22.58	32.83	0.29	5.2	0.38	4.5	2.8	서남서	237	27.9	1008.3	-	37
2018-07-20 01:00:00	4.0	동	100	23.04	32.75	0.28	5.2	0.38	5.5	3.4	남서	232	27.8	1008.1	-	75
2018-07-20 01:30:00	6.4	남동	132	22.97	32.79	0.22	5.0	0.34	5.5	3.7	남서	235	27.3	1008.0	-	74
2018-07-20 02:00:00	7.3	남동	141	22.98	32.87	0.22	5.1	0.45	5.0	2.0	서	276	26.5	1008.0	-	27
2018-07-20 02:30:00	6.2	남동	125	23.07	32.79	0.24	5.2	0.34	5.0	3.1	남서	222	27.1	1007.9	-	33
2018-07-20 03:00:00	3.6	동	85	22.56	32.84	0.24	5.2	0.34	4.5	0.8	서북서	299	24.8	1007.8	-	56
2018-07-20 03:30:00	1.3	남	172	22.27	32.82	0.24	4.7	0.36	5.0	1.9	서	267	26.2	1007.8	-	153
2018-07-20 04:00:00	2.2	서	279	22.79	32.72	0.29	4.1	0.38	5.5	0.8	남동	140	25.1	1007.9	-	169
2018-07-20 04:30:00	15.1	남동	132	23.29	32.70	0.25	5.1	0.32	5.5	2.1	남남동	151	24.3	1007.8	-	21
2018-07-20 05:00:00	4.1	남남서	198	22.31	32.80	0.24	4.9	0.32	5.5	1.9	남남동	154	24.6	1007.8	-	20
2018-07-20 05:30:00	1.2	북서	307	22.33	32.83	0.26	4.8	0.38	5.0	2.3	남남동	158	24.5	1007.6	-	47
2018-07-20 06:00:00	0.3	서	274	22.40	32.87	0.28	4.0	0.35	3.5	1.9	남	181	26.2	1007.7	-	48
2018-07-20 06:30:00	0.5	남서	229	22.19	32.98	0.26	4.7	0.38	4.5	0.1	서북서	298	28.0	1007.9	-	48
2018-07-20 07:00:00	5.4	남	184	22.73	32.82	0.23	4.6	0.37	4.5	1.0	북	9	25.0	1008.2	-	41
2018-07-20 07:30:00	3.5	남남서	212	22.34	32.90	0.24	5.1	0.32	5.0	1.4	북서	322	24.9	1008.2	-	50
2018-07-20 08:00:00	3.0	남남서	195	23.04	32.73	0.28	4.6	0.44	4.5	2.5	북서	312	25.4	1008.3	-	57
2018-07-20 08:30:00	4.8	남남서	204	23.10	32.75	0.23	4.2	0.32	5.5	0.1	동남동	113	27.1	1008.2	-	59
2018-07-20 09:00:00	2.2	북북서	341	22.86	32.76	0.25	4.6	0.33	5.5	1.7	동남동	121	25.7	1008.2	-	49
2018-07-20 09:30:00	5.0	남서	233	23.21	32.72	0.24	4.6	0.32	4.0	2.3	동	97	25.6	1008.3	-	39
2018-07-20 10:00:00	6.5	남서	214	23.10	32.76	0.23	4.0	0.36	5.0	1.7	동남동	120	26.0	1008.2	-	4
2018-07-20 10:30:00	10.8	남서	233	23.27	32.79	0.24	5.2	0.36	5.5	2.4	동	90	26.0	1008.4	-	61
2018-07-20 11:00:00	11.1	남서	232	23.38	32.75	0.24	4.7	0.36	5.5	1.4	동남동	120	26.3	1008.4	-	55
2018-07-20 11:30:00	16.0	남서	231	23.51	32.68	0.20	4.0	0.28	2.5	2.1	동남동	108	26.3	1008.3	-	115
2018-07-20 12:00:00	13.0	서	262	23.39	32.73	0.17	4.1	0.22	3.5	3.0	동남동	121	26.5	1008.1	-	48
2018-07-20 12:30:00	11.9	서남서	242	23.54	32.72	0.17	4.5	0.25	5.0	4.4	남동	134	26.7	1007.9	-	47
2018-07-20 13:00:00	16.9	서남서	254	23.54	32.72	0.21	4.7	0.29	5.0	4.9	남동	132	26.5	1007.6	-	79
2018-07-20 13:30:00	21.5	서남서	248	23.87	33.05	0.18	4.4	0.25	4.0	5.0	남동	129	26.6	1007.3	-	65
2018-07-20 14:00:00	18.6	서남서	253	23.97	32.75	0.21	3.7	0.30	3.0	6.3	남동	128	26.9	1006.9	-	135
2018-07-20 14:30:00	16.6	서	263	24.12	32.87	0.22	3.2	0.41	4.0	5.6	남동	126	27.3	1006.8	-	219
2018-07-20 15:00:00	20.3	서	259	24.30	32.68	0.24	2.9	0.32	2.5	4.9	동남동	106	27.0	1006.6	-	123
2018-07-20 15:30:00	20.4	서	265	24.26	32.68	0.25	3.5	0.38	2.5	6.6	남동	124	26.6	1006.2	-	55
2018-07-20 16:00:00	20.6	서	262	24.25	32.76	0.23	2.9	0.33	2.5	6.3	남동	124	26.8	1006.2	-	117
2018-07-20 16:30:00	18.5	서	263	24.18	32.69	0.29	2.8	0.48	2.5	5.3	동남동	107	26.5	1006.2	-	113
2018-07-20 17:00:00	19.9	서	269	24.20	32.73	0.28	3.4	0.38	2.5	5.4	동남동	110	26.5	1006.2	-	147
2018-07-20 17:30:00	21.8	서	261	24.29	32.68	0.28	3.4	0.43	5.0	5.6	동남동	122	27.0	1006.2	-	78
2018-07-20 18:00:00	15.8	남서	233	24.30	32.72	0.25	3.8	0.33	3.0	5.3	남동	130	26.7	1006.3	-	125
2018-07-20 18:30:00	22.6	서남서	250	24.31	32.68	0.24	3.6	0.35	5.0	3.5	남남동	149	26.1	1006.5	-	66
2018-07-20 19:00:00	21.2	서	270	24.36	32.66	0.23	3.4	0.42	5.0	4.3	남남동	162	26.0	1006.5	-	17
2018-07-20 19:30:00	14.8	서북서	290	24.22	32.69	0.23	3.4	0.31	5.0	1.8	남	169	25.3	1006.7	-	99
2018-07-20 20:00:00	-	-	-	-	-	0.00	0.0	0.00	0.0	2.9	남동	143	25.1	1006.7	-	0
2018-07-20 20:30:00	12.3	서북서	283	24.11	32.60	0.23	3.5	0.36	3.0	1.5	남남동	152	25.0	1006.9	-	95
2018-07-20 21:00:00	25.2	서북서	298	23.76	32.64	0.23	3.9	0.30	5.5	0.9	남	186	25.6	1007.2	-	288
2018-07-20 21:30:00	10.7	서북서	296	23.71	32.70	0.20	4.0	0.30	3.5	2.5	서	276	27.6	1007.4	-	70
2018-07-20 22:00:00	4.7	북북서	337	22.89	32.41	0.26	3.7	0.36	3.0	3.4	서남서	249	30.0	1007.6	-	315
2018-07-20 22:30:00	7.0	서	271	23.00	32.84	0.22	4.1	0.31	4.0	5.2	남서	224	29.6	1007.5	-	95
2018-07-20 23:00:00	7.5	서남서	247	23.04	32.60	0.24	4.0	0.36	4.0	3.9	남서	220	30.2	1007.5	-	289
2018-07-20 23:30:00	2.8	북북서	336	21.80	33.06	0.26	3.9	0.41	4.0	3.9	남서	219	29.4	1007.3	-	304
2018-07-21 00:00:00	8.5	남서	216	21.94	32.82	0.24	4.2	0.31	4.0	3.4	남서	225	30.2	1007.2	-	317
2018-07-21 00:30:00	5.6	남서	236	21.71	32.87	0.23	3.8	0.35	4.0	2.2	남남서	208	29.1	1006.9	-	321
2018-07-21 01:00:00	1.0	북	358	21.51	32.99	0.26	4.0	0.50	3.0	2.4	서남서	238	29.8	1006.8	-	305
2018-07-21 01:30:00	4.4	서남서	250	21.37	32.97	0.23	4.2	0.32	3.5	1.0	서	273	27.0	1006.5	-	87
2018-07-21 02:00:00	9.8	서남서	246	21.98	32.92	0.18	4.0	0.28	3.0	2.1	북	5	26.0	1006.4	-	101
2018-07-21 02:30:00	14.1	서남서	244	22.09	32.83	0.19	4.3	0.23	5.5	0.8	북북동	14	24.4	1006.4	-	154
2018-07-21 03:00:00	15.3	서	278	21.95	32.92	0.20	4.4	0.28	3.5	1.8	북	11	25.4	1006.2	-	181
2018-07-21 03:30:00	9.8	서	259	22.29	32.81	0.24	4.0	0.38	4.5	2.0	북서	305	23.6	1006.4	-	301
2018-07-21 04:00:00	18.4	서	273	22.15	32.86	0.22	4.0	0.31	4.0	2.3	북서	312	24.6	1006.3	-	292
2018-07-21 04:30:00	9.0	서	280	22.37	32.79	0.23	3.6	0.33	4.0	1.5	북서	315	23.4	1006.5	-	312
2018-07-21 05:00:00	9.2	서남서	257	22.47	32.86	0.21	4.5	0.38	3.5	1.7	북북서	331	23.4	1006.9	-	20
2018-07-21 05:30:00	7.9	서	266	22.53	32.88	0.22	3.5	0.33	3.0	3.2	서북서	293	24.2	1007.1	-	279
2018-07-21 06:00:00	11.4	서	264	22.19	32.90	0.26	3.7	0.38	3.0	2.2	북북서	341	24.0	1007.5	-	52
2018-07-21 06:30:00	15.2	서남서	251	22.61	32.79	0.20	3.9	0.31	3.5	2.8	서북서	291	24.5	1007.8	-	206
2018-07-21 07:00:00	8.4	서북서	291	21.91	32.93	0.23	4.0	0.33	4.5	1.3	북북서	345	25.6	1008.0	-	299
2018-07-21 07:30:00	13.4	서북서	283	21.97	32.96	0.20	3.9	0.30	3.0	2.0	북	6	25.2	1008.1	-	329
2018-07-21 08:00:00	10.2	서	270	22.46	32.71	0.22	3.6	0.32	3.5	1.9	북북서	345	25.6	1008.2	-	311
2018-07-21 08:30:00	12.3	서	274	22.30	32.85	0.20	4.0	0.31	3.5	2.2	북	355	25.7	1008.3	-	153
2018-07-21 09:00:00	10.5	서	260	22.79	32.71	0.21	3.8	0.29	4.0	0.8	북북서	348	26.2	1008.1	-	85
2018-07-21 09:30:00	11.9	서북서	282	22.49	32.87	0.24	3.6	0.34	3.5	0.0	북서	319	28.2	1008.1	-	86
2018-07-21 10:00:00	7.6	서	260	23.04	32.68	0.25	4.0	0.42	4.5	1.0	동남동	111	27.0	1008.2	-	260
2018-07-21 10:30:00	8.0	서	264	23.22	32.73	0.29	3.6	0.39	4.5	0.7	동남동	105	27.7	1008.1	-	274
2018-07-21 11:00:00	10.0	서북서	294	23.06	32.74	0.29	3.9	0.63	3.5	0.1	동	88	28.7	1008.0	-	309
2018-07-21 11:30:00	10.2	서북서	284	23.05	32.80	0.30	4.0	0.41	4.0	1.3	동	99	27.7	1007.8	-	315
2018-07-21 12:00:00	14.4	서북서	292	23.10	32.75	0.32	3.7	0.48	3.5	1.0	동	84	27.5	1007.7	-	304
2018-07-21 12:30:00	19.3	서남서	252	24.03	32.69	0.29	4.0	0.35	3.5	2.4	동	87	27.5	1007.5	-	298
2018-07-21 13:00:00	18.8	서북서	282	23.50	32.71	0.30	3.8	0.48	4.0	2.5	동	96	27.3	1007.2	-	28
2018-07-21 13:30:00	17.3	서북서	290	23.45	32.68	0.26	3.9	0.34	2.5	2.2	동	100	27.4	1007.0	-	286
2018-07-21 14:00:00	16.9	북서	322	23.24	32.76	0.23	3.9	0.31	4.0	3.7	동남동	106	27.1	1006.8	-	108
2018-07-21 14:30:00	20.6	서북서	283	23.98	32.63	0.25	3.9	0.34	4.0	4.6	동	100	27.2	1006.6	-	325
2018-07-21 15:00:00	23.2	서	263	24.47	32.95	0.25	3.8	0.32	3.5	4.8	동남동	104	26.9	1006.4	-	306
2018-07-21 15:30:00	25.6	서남서	249	24.52	32.78	0.24	3.8	0.38	3.5	5.3	동남동	105	26.8	1006.4	-	293
2018-07-21 16:00:00	17.3	북서	305	24.17	32.74	0.24	2.8	0.32	2.5	5.0	동남동	112	26.8	1006.4	-	21
2018-07-21 16:30:00	19.2	서북서	284	24.59	32.60	0.25	3.1	0.33	3.0	4.9	동남동	120	26.9	1006.4	-	133
2018-07-21 17:00:00	17.6	서북서	286	24.41	32.70	0.26	2.9	0.38	2.5	5.3	남동	134	26.7	1006.5	-	98
2018-07-21 17:30:00	19.8	서	280	24.49	32.69	0.22	2.9	0.30	4.0	5.1	남동	127	26.4	1006.4	-	91
2018-07-21 18:00:00	18.4	서	276	24.47	32.70	0.24	2.9	0.31	2.5	5.5	남동	137	26.2	1006.4	-	161
2018-07-21 18:30:00	14.0	서북서	299	24.48	32.68	0.19	2.8	0.28	3.5	4.4	남남동	150	26.1	1006.5	-	352
2018-07-21 19:00:00	12.0	서북서	301	24.52	32.65	0.22	3.4	0.34	4.0	2.8	남남서	198	25.8	1006.7	-	274
2018-07-21 19:30:00	11.6	서북서	289	24.28	32.63	0.18	3.4	0.26	3.0	3.3	남남동	154	25.8	1006.8	-	296
2018-07-21 20:00:00	8.4	서	275	24.20	32.62	0.21	3.8	0.25	5.0	2.7	남동	143	25.4	1006.8	-	293
2018-07-21 20:30:00	7.0	서	262	24.09	32.59	0.20	3.7	0.28	3.5	1.7	남남동	151	25.8	1006.9	-	309
2018-07-21 21:00:00	5.1	북북서	346	23.42	32.65	0.20	3.8	0.34	4.0	0.7	동남동	114	26.5	1007.2	-	288
2018-07-21 21:30:00	15.7	동북동	78	21.56	32.75	0.25	3.8	0.42	4.5	1.7	남남서	194	26.6	1007.3	-	298
2018-07-21 22:00:00	3.7	남남동	163	22.82	32.86	0.22	3.9	0.32	3.5	0.0	북북동	23	26.6	1007.0	-	309
2018-07-21 22:30:00	22.3	북동	55	21.90	32.61	0.23	4.0	0.29	5.0	0.5	북동	36	26.5	1007.2	-	113
2018-07-21 23:00:00	44.2	동	92	21.15	32.91	0.28	4.2	0.43	4.5	2.1	서북서	283	28.1	1007.3	-	125
2018-07-21 23:30:00	6.5	동북동	75	21.75	32.76	0.29	4.5	0.39	4.5	1.8	서북서	287	27.4	1007.4	-	127
2018-07-22 00:00:00	4.9	동	91	23.31	32.78	0.29	4.3	0.37	4.5	4.3	서남서	242	29.1	1007.2	-	128
2018-07-22 00:30:00	13.9	동	90	23.37	32.65	0.28	4.3	0.39	4.5	3.6	남서	235	29.0	1007.0	-	129
2018-07-22 01:00:00	10.9	동남동	121	23.18	32.52	0.36	4.5	0.55	4.0	1.0	서	266	26.2	1007.0	-	128
2018-07-22 01:30:00	7.2	남남동	150	23.67	32.58	0.31	4.4	0.44	5.0	1.9	북북서	328	27.5	1006.9	-	127
2018-07-22 02:00:00	7.9	동북동	65	22.04	33.57	0.34	4.4	0.43	4.0	0.8	남서	227	27.8	1006.7	-	141
2018-07-22 02:30:00	7.1	동북동	70	22.03	33.53	0.32	4.6	0.44	5.5	1.9	서	263	26.5	1006.9	-	128
2018-07-22 03:00:00	6.6	동	94	23.00	32.65	0.26	3.8	0.37	3.0	2.6	남서	221	26.9	1006.8	-	135
2018-07-22 03:30:00	5.3	남	174	23.74	32.83	0.31	4.0	0.58	4.0	1.9	남	183	26.5	1006.7	-	63
2018-07-22 04:00:00	5.4	동	89	22.78	32.90	0.34	4.1	0.56	4.0	1.4	남남동	147	26.5	1006.8	-	108
2018-07-22 04:30:00	4.4	동북동	62	23.05	32.53	0.36	3.9	0.46	4.0	0.6	남남동	168	25.6	1006.8	-	133
2018-07-22 05:00:00	4.2	동	99	23.44	32.37	0.32	4.2	0.48	3.0	1.1	서	270	26.5	1006.9	-	156
2018-07-22 05:30:00	18.6	북동	49	22.49	32.78	0.30	3.8	0.44	3.5	0.1	북동	37	25.6	1006.8	-	316
2018-07-22 06:00:00	10.1	동남동	110	23.14	32.72	0.36	4.2	0.62	4.0	1.5	북서	312	24.3	1007.1	-	117
2018-07-22 06:30:00	1.6	서북서	293	24.25	32.29	0.34	4.0	0.47	4.5	0.2	북동	40	27.0	1007.4	-	348
2018-07-22 07:00:00	3.4	남	186	24.21	32.53	0.30	3.8	0.54	4.0	0.8	동남동	104	26.8	1007.5	-	269
2018-07-22 07:30:00	4.5	북북동	21	24.10	32.64	0.28	3.9	0.46	3.0	1.6	남동	136	25.9	1007.6	-	326
2018-07-22 08:00:00	3.9	남동	131	24.45	32.45	0.28	3.9	0.50	3.0	2.3	남동	139	25.8	1007.6	-	310
2018-07-22 08:30:00	8.4	남동	137	24.68	32.54	0.25	4.1	0.38	4.5	2.0	동남동	109	26.0	1007.6	-	41
2018-07-22 09:00:00	7.6	남남동	164	24.83	32.57	0.28	4.0	0.40	4.0	1.0	북	7	26.6	1007.7	-	166
2018-07-22 09:30:00	14.0	남	184	24.96	32.54	0.21	3.9	0.32	3.5	1.0	북북동	21	27.3	1007.6	-	283
2018-07-22 10:00:00	4.9	북북서	345	23.63	32.50	0.25	4.1	0.45	4.0	1.9	북동	56	27.1	1007.5	-	335
2018-07-22 10:30:00	1.2	서북서	300	24.13	32.88	0.22	3.9	0.31	4.0	1.4	북북동	28	27.5	1007.6	-	152
2018-07-22 11:00:00	11.3	남	176	24.81	32.68	0.21	3.9	0.32	4.0	1.5	남동	135	28.0	1007.6	-	51
2018-07-22 11:30:00	1.1	북동	38	23.92	32.68	0.22	3.8	0.36	4.0	1.8	동북동	67	28.1	1007.6	-	305
2018-07-22 12:00:00	13.3	북동	48	23.57	32.52	0.24	3.8	0.38	4.0	1.4	동남동	113	28.1	1007.5	-	310
2018-07-22 12:30:00	13.6	북동	44	23.79	32.59	0.23	4.0	0.32	3.5	2.5	남동	135	27.8	1007.4	-	113
2018-07-22 13:00:00	11.7	동북동	68	24.01	32.52	0.22	3.8	0.39	4.0	2.9	남동	134	28.2	1007.2	-	277
2018-07-22 13:30:00	13.3	동북동	72	24.01	32.60	0.24	3.9	0.36	4.5	2.2	남남동	150	28.0	1007.0	-	294
2018-07-22 14:00:00	16.1	동북동	72	23.84	32.53	0.19	3.7	0.27	4.0	2.8	남동	136	28.1	1006.9	-	235
2018-07-22 14:30:00	11.8	동	81	24.42	32.60	0.25	3.8	0.39	4.5	3.5	남동	124	28.6	1006.6	-	293
2018-07-22 15:00:00	10.1	동	82	24.90	32.68	0.17	3.3	0.24	4.0	4.3	남동	126	28.9	1006.4	-	103
2018-07-22 15:30:00	14.4	동	94	25.06	32.60	0.17	3.5	0.28	3.5	4.3	남동	136	28.5	1006.4	-	116
2018-07-22 16:00:00	9.3	동남동	109	25.06	32.58	0.19	3.4	0.30	3.5	3.8	남동	131	28.2	1006.2	-	312
2018-07-22 16:30:00	6.8	동남동	114	24.91	32.56	0.18	3.8	0.26	3.0	4.4	남동	127	28.5	1006.1	-	243
2018-07-22 17:00:00	4.9	동	92	25.12	32.61	0.19	3.5	0.30	3.0	3.9	남동	124	28.1	1006.1	-	282
2018-07-22 17:30:00	7.6	동북동	63	24.71	32.58	0.19	2.9	0.25	2.5	5.4	남동	142	29.5	1005.8	-	343
2018-07-22 18:00:00	9.2	동남동	110	24.72	32.48	0.24	3.0	0.38	2.5	5.0	남동	135	29.5	1005.8	-	165
2018-07-22 18:30:00	6.6	남동	144	24.77	32.74	0.21	3.7	0.36	3.0	3.3	남남동	149	28.8	1006.0	-	284
2018-07-22 19:00:00	2.4	북동	52	24.28	32.56	0.17	3.4	0.23	2.5	4.0	남동	144	27.8	1006.0	-	58
2018-07-22 19:30:00	5.8	남동	144	23.71	32.55	0.19	3.4	0.25	2.5	2.8	남남동	159	26.9	1006.2	-	291
2018-07-22 20:00:00	5.5	남남동	162	23.24	32.63	0.16	3.3	0.23	3.0	2.2	남남동	158	26.8	1006.3	-	272
2018-07-22 20:30:00	10.6	남	188	23.24	32.80	0.19	3.9	0.27	3.5	0.7	남	189	26.9	1006.5	-	305
2018-07-22 21:00:00	6.7	남남서	196	22.83	32.79	0.19	3.9	0.32	4.0	0.1	서남서	253	28.4	1006.7	-	277
2018-07-22 21:30:00	9.2	남남서	191	23.02	32.77	0.19	4.1	0.29	4.0	0.5	북북서	328	27.6	1006.7	-	296
2018-07-22 22:00:00	12.8	남	187	22.96	32.84	0.17	3.8	0.27	4.0	0.8	서	277	27.8	1006.7	-	312
2018-07-22 22:30:00	12.6	남남서	199	22.95	32.93	0.20	3.7	0.32	4.0	0.4	서남서	251	27.7	1006.7	-	284
2018-07-22 23:00:00	5.9	남남서	203	22.71	32.85	0.20	4.0	0.33	4.0	0.1	서북서	284	27.0	1006.6	-	308
2018-07-22 23:30:00	10.1	남남서	197	22.77	32.96	0.19	3.7	0.30	3.0	0.6	남남동	162	27.4	1006.5	-	297
2018-07-23 00:00:00	7.0	남서	216	23.42	32.61	0.20	3.9	0.28	4.5	0.6	동남동	119	26.9	1006.5	-	305
2018-07-23 00:30:00	6.8	남서	227	23.24	32.52	0.19	4.3	0.26	5.5	1.7	서북서	296	26.1	1006.6	-	301
2018-07-23 01:00:00	8.7	남서	229	23.16	32.77	0.21	4.0	0.34	3.5	1.1	북북서	341	26.4	1006.5	-	312
2018-07-23 01:30:00	5.3	서남서	258	22.85	32.79	0.15	3.7	0.22	4.0	1.8	북서	318	26.5	1006.5	-	292
2018-07-23 02:00:00	3.8	서북서	296	22.59	32.81	0.15	3.8	0.22	3.5	1.7	북서	307	25.9	1006.5	-	299
2018-07-23 02:30:00	7.1	서	267	22.81	32.85	0.14	4.1	0.26	4.0	0.5	서북서	303	28.6	1006.5	-	297
2018-07-23 03:00:00	3.7	서북서	291	22.92	32.78	0.16	3.7	0.24	3.0	1.9	북서	308	27.0	1006.6	-	291
2018-07-23 03:30:00	3.8	서	269	22.83	32.68	0.19	3.5	0.33	3.5	1.7	북북서	348	26.6	1006.7	-	28
2018-07-23 04:00:00	5.4	서	261	23.08	33.07	0.16	3.4	0.22	3.0	1.7	북서	318	26.5	1006.9	-	115
2018-07-23 04:30:00	5.1	북북서	332	22.26	32.82	0.19	3.5	0.31	3.5	1.2	북	349	26.3	1007.0	-	204
2018-07-23 05:00:00	3.7	북서	318	22.96	32.61	0.15	3.4	0.21	3.0	1.3	북	350	26.3	1007.2	-	305
2018-07-23 05:30:00	3.1	남서	234	23.70	32.97	0.15	3.3	0.21	3.0	1.4	북북서	347	26.6	1007.4	-	129
2018-07-23 06:00:00	4.1	서북서	292	22.82	32.83	0.18	3.6	0.27	3.5	1.2	북북서	329	26.6	1007.5	-	266
2018-07-23 06:30:00	4.9	북서	316	23.93	32.41	0.16	3.1	0.32	4.0	1.1	북북서	333	27.7	1007.7	-	78
2018-07-23 07:00:00	5.4	북서	319	23.45	32.59	0.17	3.4	0.27	3.0	1.3	북북서	339	29.0	1007.9	-	302
2018-07-23 07:30:00	4.5	북서	309	24.59	32.36	0.17	3.6	0.26	3.0	1.8	북	356	28.4	1008.1	-	287
2018-07-23 08:00:00	7.2	서남서	237	24.91	32.49	0.17	3.4	0.28	3.0	1.1	북북서	344	29.8	1008.2	-	100
2018-07-23 08:30:00	14.0	서남서	255	25.11	32.83	0.18	3.7	0.28	4.0	2.8	북북동	17	28.0	1008.3	-	242
2018-07-23 09:00:00	19.1	서	277	25.17	32.55	0.20	3.9	0.28	3.5	1.7	북북동	13	28.1	1008.3	-	276
2018-07-23 09:30:00	18.1	서	260	25.46	32.55	0.17	3.6	0.23	4.0	1.2	북	1	28.4	1008.2	-	130
2018-07-23 10:00:00	20.4	서남서	256	25.63	32.61	0.21	3.6	0.28	2.5	0.5	북북서	331	29.6	1008.2	-	106
2018-07-23 10:30:00	16.5	서	260	25.58	32.48	0.20	3.7	0.28	3.0	0.7	남남동	150	29.5	1008.1	-	279
2018-07-23 11:00:00	18.1	서	265	25.46	32.64	0.21	3.9	0.32	3.5	1.7	남동	143	28.7	1007.9	-	18
2018-07-23 11:30:00	14.1	서	259	25.52	32.55	0.19	3.4	0.30	3.5	2.0	남동	137	29.1	1007.7	-	278
2018-07-23 12:00:00	23.8	서남서	240	26.12	32.48	0.17	3.8	0.24	3.0	2.1	동남동	110	29.2	1007.7	-	308
2018-07-23 12:30:00	21.6	서남서	250	25.95	32.51	0.16	3.6	0.26	3.0	3.0	동남동	117	29.1	1007.5	-	96
2018-07-23 13:00:00	16.0	서	267	25.81	32.60	0.15	3.8	0.18	3.0	3.2	동남동	120	29.1	1007.3	-	272
2018-07-23 13:30:00	20.2	서남서	250	26.34	32.50	0.14	3.6	0.21	3.5	4.1	동남동	122	28.7	1007.1	-	199
2018-07-23 14:00:00	19.6	서	260	26.36	32.51	0.13	3.6	0.21	3.5	4.1	동남동	121	28.5	1007.2	-	97
2018-07-23 14:30:00	15.3	서	278	26.14	32.40	0.12	3.9	0.17	4.5	4.3	남동	133	28.5	1007.0	-	151
2018-07-23 15:00:00	7.8	서북서	289	26.11	32.51	0.12	3.6	0.16	3.0	3.8	남동	133	28.3	1007.0	-	138
2018-07-23 15:30:00	8.6	서북서	285	26.22	32.40	0.19	4.1	0.27	4.5	1.4	동남동	105	28.7	1007.1	-	205
2018-07-23 16:00:00	3.9	서	275	26.12	32.34	0.13	3.2	0.19	2.5	2.2	동북동	71	28.7	1007.0	-	200
2018-07-23 16:30:00	1.4	서남서	243	25.48	32.71	0.16	3.6	0.24	6.0	2.0	동북동	63	29.0	1007.1	-	47
2018-07-23 17:00:00	0.6	서북서	291	22.67	32.57	0.16	3.1	0.20	2.5	2.1	북동	50	28.7	1007.0	-	258
2018-07-23 17:30:00	2.8	서남서	245	25.09	32.79	0.21	3.6	0.28	2.5	1.0	북북동	31	28.8	1007.0	-	258
2018-07-23 18:00:00	15.0	남	183	22.63	32.42	0.16	3.9	0.20	4.0	1.4	동	80	28.7	1007.0	-	168
2018-07-23 18:30:00	1.6	남남서	199	21.57	32.90	0.16	3.6	0.32	4.0	1.6	남남동	151	28.2	1007.0	-	191
2018-07-23 19:00:00	3.8	서남서	255	21.70	32.80	0.16	4.5	0.24	2.5	2.2	남남서	194	27.5	1007.3	-	47
2018-07-23 19:30:00	8.4	남남서	212	23.06	33.00	0.17	4.3	0.25	4.0	0.6	남서	232	27.7	1007.3	-	215
2018-07-23 20:00:00	3.8	북북서	327	21.48	32.81	0.13	3.7	0.20	3.5	1.1	남서	219	28.4	1007.3	-	152
2018-07-23 20:30:00	5.4	남서	234	21.84	32.88	0.15	3.7	0.19	4.0	0.1	남남동	148	27.9	1007.5	-	253
2018-07-23 21:00:00	7.3	남서	216	22.20	32.65	0.16	3.8	0.23	3.5	0.7	남남동	161	28.1	1007.6	-	209
2018-07-23 21:30:00	15.4	남남서	202	22.50	32.79	0.12	3.5	0.19	4.0	1.1	남동	137	27.0	1007.7	-	223
2018-07-23 22:00:00	2.9	서북서	292	21.48	32.94	0.11	3.4	0.16	3.0	0.4	동남동	108	27.9	1007.6	-	99
2018-07-23 22:30:00	11.8	남서	218	22.65	32.64	0.11	3.6	0.19	4.0	0.7	동	82	26.6	1007.7	-	164
2018-07-23 23:00:00	12.8	남서	226	22.55	32.73	0.11	3.1	0.16	3.5	0.0	북북동	29	26.5	1007.6	-	6
2018-07-23 23:30:00	10.0	서	272	21.77	32.88	0.10	3.9	0.15	3.0	0.0	남남동	163	26.3	1007.7	-	307
2018-07-24 00:00:00	12.1	서	268	22.31	32.66	0.10	4.0	0.14	3.5	0.2	남	186	26.1	1007.6	-	45
2018-07-24 00:30:00	12.5	서	270	22.22	33.08	0.09	4.2	0.13	5.0	0.0	서남서	257	26.2	1007.5	-	55
2018-07-24 01:00:00	11.2	서	278	23.16	32.60	0.11	4.4	0.15	2.5	1.5	남남동	167	25.7	1007.2	-	50
2018-07-24 01:30:00	7.8	서남서	242	23.50	32.50	0.09	3.9	0.13	2.5	1.6	남남동	166	26.0	1007.1	-	280
2018-07-24 02:00:00	6.2	서남서	238	24.20	32.56	0.09	4.2	0.15	3.5	2.4	남동	142	25.7	1007.1	-	301
2018-07-24 02:30:00	17.8	서남서	250	23.96	32.65	0.10	3.2	0.21	3.2	1.7	남남동	167	25.8	1007.0	-	115
2018-07-24 03:00:00	24.8	서북서	283	22.43	32.66	0.09	4.9	0.11	6.5	0.3	북	3	25.4	1007.1	-	256
2018-07-24 03:30:00	11.6	서북서	287	22.21	32.68	0.10	4.0	0.15	4.5	0.8	남동	130	25.5	1007.2	-	123
2018-07-24 04:00:00	15.9	서	260	23.40	32.36	0.13	3.8	0.21	4.0	0.4	서북서	301	25.5	1007.3	-	218
2018-07-24 04:30:00	10.8	서북서	288	22.37	32.78	0.11	3.4	0.17	3.0	0.2	남	184	25.2	1007.1	-	316
2018-07-24 05:00:00	9.1	서북서	296	23.18	32.66	0.10	3.5	0.15	6.0	0.6	남남서	197	24.9	1007.0	-	326
2018-07-24 05:30:00	8.3	북북서	332	22.83	32.86	0.13	3.5	0.21	2.5	0.7	북북서	348	25.2	1007.3	-	308
2018-07-24 06:00:00	24.0	남남서	209	23.77	33.27	0.18	3.3	0.26	3.5	0.4	북동	40	25.6	1007.5	-	120
2018-07-24 06:30:00	6.1	남서	223	23.16	32.50	0.13	3.9	0.28	3.5	0.0	북동	44	27.5	1007.4	-	358
2018-07-24 07:00:00	4.6	서	280	23.59	33.03	0.14	4.6	0.21	5.0	1.3	동북동	77	26.5	1007.7	-	46
2018-07-24 07:30:00	11.2	남서	232	24.20	32.93	0.11	5.2	0.15	5.0	0.4	동북동	75	28.3	1007.7	-	58
2018-07-24 08:00:00	2.5	서	277	23.47	32.62	0.16	4.7	0.24	6.0	1.5	동남동	109	26.8	1007.9	-	38
2018-07-24 08:30:00	4.9	서	281	22.47	32.75	0.13	5.2	0.17	6.0	0.4	동북동	68	28.4	1008.1	-	34
2018-07-24 09:00:00	14.5	서남서	237	24.92	32.49	0.15	5.0	0.20	5.5	1.4	북동	49	27.6	1008.0	-	40
2018-07-24 09:30:00	2.4	북서	313	24.24	32.64	0.13	4.9	0.25	5.0	0.5	북북동	29	28.2	1008.0	-	90
2018-07-24 10:00:00	3.6	북북동	23	23.07	32.69	0.17	5.1	0.29	5.5	1.0	북	359	27.7	1007.9	-	27
2018-07-24 10:30:00	3.6	북서	321	23.94	32.15	0.19	5.4	0.27	5.5	0.8	북	1	27.9	1007.9	-	45
2018-07-24 11:00:00	4.4	북서	319	22.35	32.51	0.20	5.3	0.29	6.0	0.5	북	10	28.5	1007.6	-	45
2018-07-24 11:30:00	9.4	북서	315	24.28	32.33	0.25	5.6	0.38	5.5	0.7	동	91	29.6	1007.4	-	26
2018-07-24 12:00:00	8.8	북서	315	24.36	32.51	0.23	5.3	0.32	5.0	0.9	동	91	29.4	1007.3	-	16
2018-07-24 12:30:00	2.8	북동	35	23.23	32.70	0.20	5.5	0.29	5.0	1.4	남동	127	29.3	1007.0	-	19
2018-07-24 13:00:00	5.1	동남동	121	22.39	33.44	0.20	5.3	0.28	5.0	3.2	남동	127	29.0	1006.9	-	28
2018-07-24 13:30:00	5.9	남	175	23.31	32.67	0.22	5.0	0.34	3.0	3.1	남동	131	28.7	1006.8	-	41
2018-07-24 14:00:00	1.1	동북동	70	23.20	33.02	0.19	5.3	0.29	5.5	3.3	남동	129	28.6	1006.6	-	43
2018-07-24 14:30:00	2.6	북동	34	22.93	32.49	0.21	5.2	0.33	5.0	3.6	남동	131	28.3	1006.4	-	32
2018-07-24 15:00:00	3.6	남남동	154	25.02	32.10	0.20	5.1	0.25	4.5	5.1	남동	124	28.1	1006.2	-	17
2018-07-24 15:30:00	3.0	남남동	148	22.65	32.81	0.22	5.1	0.32	5.0	3.9	동남동	120	28.2	1006.1	-	52
2018-07-24 16:00:00	-	-	-	-	-	-	-	-	-	-	-	-	-	-	-	-
2018-07-24 16:30:00	1.0	동북동	68	23.10	32.50	0.30	3.4	0.40	3.0	5.4	동남동	121	27.7	1005.8	-	99
2018-07-24 17:00:00	2.0	북동	45	24.15	31.76	0.33	3.5	0.48	3.0	6.6	남동	127	27.4	1005.6	-	146
2018-07-24 17:30:00	5.5	북서	313	24.47	32.49	0.35	3.2	0.45	3.0	6.4	남동	136	27.0	1005.5	-	94
2018-07-24 18:00:00	13.2	서	271	24.65	32.33	0.37	3.1	0.52	3.0	5.8	남동	135	26.8	1005.4	-	87
2018-07-24 18:30:00	16.1	서북서	286	24.28	32.73	0.35	2.9	0.49	3.0	5.8	남동	135	26.4	1005.4	-	114
2018-07-24 19:00:00	10.8	북서	304	23.74	32.77	0.35	2.9	0.50	2.5	6.0	남동	134	26.2	1005.5	-	100
2018-07-24 19:30:00	7.2	서북서	290	23.72	32.31	0.31	2.9	0.47	3.0	5.7	남동	131	26.1	1005.6	-	116
2018-07-24 20:00:00	11.6	서북서	291	23.61	32.60	0.34	3.1	0.46	3.0	4.3	남동	135	25.9	1005.8	-	134
2018-07-24 20:30:00	14.7	서북서	297	23.59	32.61	0.25	3.8	0.36	3.0	4.2	남동	142	25.6	1005.9	-	91
2018-07-24 21:00:00	7.0	북서	310	23.43	32.72	0.25	4.0	0.32	5.0	3.1	남동	142	25.3	1006.3	-	35
2018-07-24 21:30:00	8.1	북서	325	23.30	32.76	0.25	4.9	0.43	6.0	3.9	남동	136	25.2	1006.3	-	11
2018-07-24 22:00:00	12.2	서북서	295	23.25	32.77	0.24	4.8	0.32	3.0	2.6	남남동	165	24.7	1006.4	-	18
2018-07-24 22:30:00	9.1	서	265	23.32	32.73	0.24	4.3	0.33	4.5	3.0	남남동	165	25.1	1006.3	-	33
2018-07-24 23:00:00	1.8	남서	223	22.76	32.73	0.25	4.4	0.44	4.5	1.6	남남동	155	25.2	1006.3	-	28
2018-07-24 23:30:00	1.9	남서	225	22.85	32.76	0.22	4.3	0.33	3.0	2.2	남동	136	25.0	1006.1	-	45
2018-07-25 00:00:00	4.8	북동	51	21.76	33.06	0.25	4.2	0.35	4.5	1.8	남동	135	24.7	1006.1	-	303
2018-07-25 00:30:00	3.0	남동	145	21.47	33.10	0.25	4.3	0.33	5.5	1.7	남동	145	24.3	1006.0	-	305
2018-07-25 01:00:00	13.9	북동	51	21.26	33.06	0.29	4.5	0.39	4.0	2.0	남동	135	24.0	1005.8	-	312
2018-07-25 01:30:00	5.3	동	80	21.25	33.02	0.29	4.6	0.35	4.5	1.1	남남동	150	23.8	1005.7	-	27
2018-07-25 02:00:00	4.6	동	101	21.13	33.01	0.29	4.7	0.37	5.0	0.9	남동	140	25.3	1005.5	-	56
2018-07-25 02:30:00	7.5	동	87	21.43	33.08	0.31	4.9	0.40	6.5	2.4	남동	138	24.6	1005.5	-	68
2018-07-25 03:00:00	4.7	동남동	108	21.25	33.07	0.32	4.1	0.44	4.0	2.0	남동	144	24.2	1005.5	-	297
2018-07-25 03:30:00	4.8	동	80	21.14	32.97	0.28	5.1	0.41	4.5	2.0	남동	144	24.2	1005.5	-	298
2018-07-25 04:00:00	5.0	동남동	110	21.27	33.02	0.32	4.1	0.46	4.5	1.8	남동	138	24.6	1005.4	-	295
2018-07-25 04:30:00	6.0	동북동	76	21.15	33.06	0.33	4.3	0.43	8.0	1.6	동남동	120	24.3	1005.5	-	283
2018-07-25 05:00:00	4.3	동	83	21.28	32.92	0.34	4.4	0.49	4.0	0.3	북북서	345	24.2	1005.7	-	324
2018-07-25 05:30:00	7.2	동북동	64	21.04	33.10	0.32	3.8	0.46	4.5	0.5	동남동	112	24.2	1005.8	-	316
2018-07-25 06:00:00	4.1	동남동	122	22.79	32.27	0.33	4.7	0.47	4.5	0.8	동남동	105	24.7	1006.0	-	61
2018-07-25 06:30:00	4.4	북서	305	21.55	33.06	0.31	4.1	0.40	5.0	0.7	동북동	65	24.8	1005.9	-	161
2018-07-25 07:00:00	3.2	북북동	16	21.66	32.75	0.31	5.0	0.45	4.5	1.3	북북동	32	25.0	1006.2	-	45
2018-07-25 07:30:00	4.5	동	90	21.93	33.00	0.28	4.9	0.42	3.5	2.7	북서	325	25.8	1006.4	-	73
2018-07-25 08:00:00	6.4	북동	45	21.56	33.10	0.30	4.9	0.38	5.0	2.8	서북서	297	26.1	1006.4	-	50
2018-07-25 08:30:00	1.2	동북동	66	22.22	33.27	0.31	5.0	0.47	4.5	4.3	북북서	328	26.6	1006.4	-	278
2018-07-25 09:00:00	3.5	동남동	122	23.47	32.93	0.27	4.8	0.37	4.0	2.8	북	356	26.8	1006.4	-	68
2018-07-25 09:30:00	1.1	남동	140	23.28	32.33	0.35	4.4	0.54	6.5	1.9	북서	325	26.9	1006.4	-	71
2018-07-25 10:00:00	3.5	동북동	57	22.05	33.11	0.32	5.2	0.43	4.5	1.2	북서	326	27.5	1006.5	-	304
2018-07-25 10:30:00	9.8	동	86	21.67	32.89	0.33	5.1	0.52	5.0	0.2	북북서	343	29.3	1006.5	-	292
2018-07-25 11:00:00	5.8	동북동	63	22.67	33.02	0.36	4.3	0.51	4.0	0.4	북북동	19	29.0	1006.5	-	317
2018-07-25 11:30:00	8.2	동북동	64	22.43	33.01	0.35	4.5	0.59	4.5	0.7	동	98	29.0	1006.5	-	62
2018-07-25 12:00:00	12.4	동북동	76	22.24	32.86	0.15	2.8	0.30	2.8	1.0	동남동	112	28.7	1006.5	-	286
2018-07-25 12:30:00	9.7	동북동	70	21.96	33.15	0.32	5.0	0.45	4.5	1.2	동	101	28.3	1006.5	-	48
2018-07-25 13:00:00	15.4	남동	133	24.10	33.60	0.35	4.4	0.56	3.5	0.6	동남동	113	29.2	1006.5	-	267
2018-07-25 13:30:00	19.4	동	92	22.32	32.98	0.37	4.7	0.49	4.5	2.1	남동	126	28.8	1006.4	-	55
2018-07-25 14:00:00	19.7	동	101	22.64	32.97	0.35	4.9	0.50	4.0	2.5	동남동	122	28.7	1006.3	-	257
2018-07-25 14:30:00	14.9	동	96	23.12	33.30	0.32	4.6	0.40	4.5	3.2	남동	126	28.6	1006.1	-	316
2018-07-25 15:00:00	13.8	동	100	24.41	32.77	0.31	5.2	0.42	6.5	2.8	남동	133	28.6	1005.9	-	45
2018-07-25 15:30:00	16.3	동	98	24.46	32.69	0.38	6.0	0.52	6.0	2.6	동남동	119	28.6	1005.7	-	38
2018-07-25 16:00:00	14.3	동	93	24.59	32.76	0.31	3.8	0.45	4.0	3.3	남동	124	28.6	1005.4	-	201
2018-07-25 16:30:00	9.3	동	91	24.22	32.53	0.33	4.2	0.47	6.5	2.0	동남동	119	28.8	1005.4	-	82
2018-07-25 17:00:00	5.7	동	88	23.12	32.88	0.30	4.3	0.44	4.0	2.6	동남동	119	28.7	1005.0	-	282
2018-07-25 17:30:00	6.5	동북동	77	23.75	32.78	0.26	5.3	0.36	6.0	3.7	동남동	104	28.7	1004.9	-	73
2018-07-25 18:00:00	9.0	동북동	75	22.03	33.04	0.29	4.2	0.45	3.0	3.7	동남동	103	28.4	1005.1	-	50
2018-07-25 18:30:00	11.9	동	85	23.17	32.78	0.29	5.1	0.39	4.0	3.7	동남동	102	28.5	1005.0	-	134
2018-07-25 19:00:00	3.1	동북동	70	22.24	33.01	0.34	5.0	0.44	4.0	4.7	동남동	106	28.3	1005.1	-	55
2018-07-25 19:30:00	6.7	동	96	22.17	33.03	0.26	4.6	0.32	2.5	3.9	동	97	28.2	1005.3	-	56
2018-07-25 20:00:00	7.2	동북동	76	22.31	33.01	0.24	4.2	0.32	3.5	2.4	동	91	27.2	1005.6	-	160
2018-07-25 20:30:00	6.6	동	97	22.49	32.90	0.26	4.9	0.32	5.0	2.1	남동	144	28.0	1005.9	-	89
2018-07-25 21:00:00	10.3	동	86	22.78	32.81	0.22	4.5	0.32	6.0	0.1	서	269	27.1	1006.2	-	82
2018-07-25 21:30:00	8.1	동남동	121	22.89	32.87	0.26	5.1	0.34	5.0	1.3	남동	129	26.7	1006.2	-	55
2018-07-25 22:00:00	4.4	동남동	111	22.65	32.70	0.22	4.6	0.32	5.5	0.0	남남서	205	26.3	1006.3	-	275
2018-07-25 22:30:00	3.9	동남동	106	22.72	32.76	0.22	4.2	0.32	3.5	0.4	서북서	288	26.9	1006.4	-	57
2018-07-25 23:00:00	1.4	동	87	22.51	32.86	0.19	4.6	0.28	4.0	1.6	남남동	156	26.7	1006.2	-	280
2018-07-25 23:30:00	1.1	동	99	22.24	32.90	0.19	4.8	0.29	5.0	1.9	남남동	156	26.8	1006.3	-	41
2018-07-26 00:00:00	3.9	동북동	73	22.69	32.97	0.21	5.0	0.32	6.0	1.5	북북서	346	26.8	1006.3	-	79
2018-07-26 00:30:00	2.5	북동	37	22.24	32.87	0.18	4.9	0.22	4.0	0.6	북	7	27.1	1006.0	-	298
2018-07-26 01:00:00	5.8	북동	45	22.13	33.05	0.21	5.0	0.32	3.0	0.4	서	278	26.5	1006.0	-	72
2018-07-26 01:30:00	8.8	북동	49	22.34	32.89	0.22	5.2	0.32	4.0	1.2	서남서	253	27.3	1005.9	-	58
2018-07-26 02:00:00	11.7	동북동	61	21.98	33.02	0.21	4.6	0.28	4.5	1.4	서남서	255	28.1	1005.7	-	67
2018-07-26 02:30:00	11.0	동북동	65	22.19	33.03	0.20	5.7	0.30	5.5	0.4	남남동	148	27.0	1005.6	-	47
2018-07-26 03:00:00	11.1	동	83	22.57	32.98	0.19	4.9	0.25	5.0	2.4	서남서	256	27.9	1005.6	-	46
2018-07-26 03:30:00	10.6	동	85	22.26	32.93	0.15	4.6	0.19	5.0	1.7	남서	236	28.1	1005.7	-	43
2018-07-26 04:00:00	13.1	동남동	106	22.08	32.91	0.24	3.9	0.31	3.0	3.0	남서	216	28.6	1005.7	-	22
2018-07-26 04:30:00	15.0	동남동	103	22.38	32.92	0.20	3.8	0.31	4.5	1.3	남서	232	29.6	1006.0	-	209
2018-07-26 05:00:00	14.1	동	88	22.12	33.03	0.17	4.4	0.30	5.5	1.3	남남동	162	27.7	1006.0	-	72
2018-07-26 05:30:00	16.4	남동	135	23.55	32.51	0.22	4.0	0.29	5.5	1.1	남남동	166	26.9	1006.1	-	252
2018-07-26 06:00:00	10.4	동남동	113	24.07	31.67	0.21	4.6	0.30	7.0	1.2	남남동	166	28.0	1006.3	-	84
2018-07-26 06:30:00	7.9	남동	136	22.17	32.88	0.18	4.0	0.29	3.5	1.1	남	186	28.5	1006.3	-	39
2018-07-26 07:00:00	8.4	남동	125	23.63	32.20	0.25	3.7	0.37	3.0	1.6	서북서	289	28.7	1006.4	-	295
2018-07-26 07:30:00	14.3	남남동	152	25.78	32.77	0.21	4.1	0.28	3.5	1.2	북북동	29	28.2	1006.6	-	192
2018-07-26 08:00:00	3.9	남서	225	25.29	32.69	0.24	4.1	0.39	4.0	2.4	동	83	28.4	1006.7	-	147
2018-07-26 08:30:00	1.9	동남동	101	22.61	32.97	0.20	3.5	0.29	3.0	2.7	동남동	115	27.8	1006.6	-	275
2018-07-26 09:00:00	3.6	북북서	346	22.21	33.00	0.23	3.8	0.32	3.5	3.2	남동	139	27.6	1006.6	-	282
2018-07-26 09:30:00	5.5	북	2	22.49	32.90	0.21	4.2	0.29	5.0	4.8	남동	141	27.2	1006.6	-	65
2018-07-26 10:00:00	7.5	동북동	64	22.37	32.91	0.21	3.5	0.29	5.5	4.5	남동	129	27.5	1006.7	-	142
2018-07-26 10:30:00	8.7	동북동	66	22.98	32.84	0.19	3.3	0.30	5.0	4.5	남동	129	27.5	1006.7	-	273
2018-07-26 11:00:00	9.2	북동	55	22.58	32.78	0.23	3.3	0.33	5.0	4.7	동남동	123	27.6	1006.6	-	76
2018-07-26 11:30:00	9.2	동북동	74	24.28	33.13	0.26	3.1	0.43	2.0	4.8	동남동	121	27.6	1006.4	-	274
2018-07-26 12:00:00	12.0	동	93	23.98	32.90	0.25	4.0	0.40	5.0	4.6	동남동	106	27.4	1006.3	-	117
2018-07-26 12:30:00	11.2	동	88	22.52	32.83	0.25	3.2	0.41	3.0	5.5	남동	126	27.8	1006.3	-	87
2018-07-26 13:00:00	10.5	동남동	115	23.28	32.83	0.23	2.9	0.38	2.5	5.9	남동	132	27.6	1006.1	-	140
2018-07-26 13:30:00	2.9	남남동	147	25.21	32.22	0.26	3.0	0.39	3.0	5.7	남동	137	27.9	1006.1	-	279
2018-07-26 14:00:00	9.4	동남동	108	23.69	32.58	0.25	4.2	0.37	7.0	4.8	남동	130	28.2	1006.0	-	83
2018-07-26 14:30:00	1.6	동남동	106	24.92	32.82	0.27	3.0	0.40	4.0	6.3	남동	130	28.2	1005.8	-	116
2018-07-26 15:00:00	3.5	남동	127	22.97	32.61	0.25	3.3	0.33	4.0	5.5	남동	127	27.7	1005.5	-	84
2018-07-26 15:30:00	5.8	서	273	24.94	33.10	0.30	2.9	0.42	3.0	5.4	남동	126	27.6	1005.6	-	126
2018-07-26 16:00:00	1.7	북서	318	22.37	33.13	0.29	3.1	0.45	4.5	5.1	동남동	115	27.3	1005.5	-	106
2018-07-26 16:30:00	2.9	북서	306	22.17	33.30	0.27	3.1	0.41	3.0	5.3	동남동	117	27.2	1005.3	-	91
2018-07-26 17:00:00	1.9	북북동	17	21.63	33.10	0.28	3.1	0.41	3.0	5.4	남동	125	27.4	1005.2	-	107
2018-07-26 17:30:00	3.5	북	2	23.04	33.03	0.22	3.1	0.39	2.5	4.9	남동	126	27.1	1005.1	-	95
2018-07-26 18:00:00	4.9	북	4	21.99	32.97	0.24	2.8	0.38	3.0	5.4	남동	126	26.9	1004.9	-	113
2018-07-26 18:30:00	3.6	북동	46	22.16	33.02	0.21	3.2	0.29	4.5	4.9	남동	127	26.6	1004.8	-	117
2018-07-26 19:00:00	4.7	동	83	21.76	32.98	0.24	2.9	0.41	3.0	4.7	동남동	123	26.2	1005.0	-	112
2018-07-26 19:30:00	3.3	동북동	67	21.54	33.03	0.24	5.0	0.32	8.5	4.8	남동	127	26.1	1004.9	-	118
2018-07-26 20:00:00	7.0	서남서	239	23.90	32.88	0.21	3.0	0.28	2.5	3.5	남동	143	25.8	1005.6	-	108
2018-07-26 20:30:00	4.0	북북서	332	23.75	32.22	0.21	3.0	0.35	2.5	1.9	남남동	155	25.1	1006.0	-	81
2018-07-26 21:00:00	1.6	북북서	341	23.64	32.67	0.17	3.2	0.29	3.0	1.7	남동	144	25.3	1006.2	-	88
2018-07-26 21:30:00	5.4	동남동	108	22.81	32.99	0.18	3.4	0.26	3.5	0.0	서북서	296	26.2	1006.1	-	211
2018-07-26 22:00:00	1.7	북	0	22.98	32.55	0.15	3.2	0.23	2.5	2.5	동남동	122	25.2	1005.8	-	86
2018-07-26 22:30:00	7.7	서	263	22.42	33.27	0.16	3.4	0.21	3.5	1.9	남동	130	25.4	1005.7	-	289
2018-07-26 23:00:00	8.4	북서	309	20.98	33.41	0.18	3.6	0.30	5.0	1.7	남동	137	25.5	1005.7	-	19
2018-07-26 23:30:00	1.8	남동	145	21.46	33.16	0.18	3.3	0.33	3.0	1.8	남동	134	25.0	1005.9	-	93
2018-07-27 00:00:00	1.5	북북동	27	22.07	32.95	0.16	3.5	0.30	3.0	2.0	남동	138	25.0	1005.9	-	276
2018-07-27 00:30:00	10.6	동남동	111	22.40	33.07	0.18	3.4	0.26	3.0	1.1	남동	145	25.2	1006.0	-	112
2018-07-27 01:00:00	5.1	남동	140	21.48	33.08	0.17	3.2	0.26	3.0	1.2	남남동	158	24.9	1005.8	-	79
2018-07-27 01:30:00	5.1	북북동	33	22.10	33.01	0.17	3.3	0.26	3.5	1.2	북서	317	25.6	1005.9	-	69
2018-07-27 02:00:00	3.9	남	185	22.13	33.09	0.16	3.3	0.26	3.0	0.4	동	99	25.0	1005.9	-	97
2018-07-27 02:30:00	1.9	서북서	284	22.30	33.24	0.18	3.1	0.29	2.5	0.3	남남서	196	24.6	1005.9	-	87
2018-07-27 03:00:00	1.3	남동	137	21.91	32.90	0.20	3.2	0.31	3.5	0.1	서북서	292	24.7	1006.0	-	1
2018-07-27 03:30:00	4.0	동북동	65	21.31	33.23	0.22	3.4	0.31	3.5	1.1	북서	304	24.3	1006.0	-	274
2018-07-27 04:00:00	11.7	북서	316	21.35	33.23	0.32	3.2	0.47	3.0	1.1	서	267	24.9	1006.2	-	282
2018-07-27 04:30:00	28.7	서남서	256	21.52	33.32	0.24	3.0	0.39	2.5	0.5	북	3	25.0	1006.3	-	334
2018-07-27 05:00:00	31.8	서북서	290	21.34	33.12	0.23	3.2	0.36	3.5	1.1	북북서	344	25.0	1006.5	-	91
2018-07-27 05:30:00	7.0	동	90	22.98	32.99	0.23	3.1	0.32	3.0	0.5	서북서	282	24.4	1006.8	-	248
2018-07-27 06:00:00	21.0	서남서	244	21.95	33.03	0.27	3.1	0.39	3.0	0.5	남서	235	24.6	1006.9	-	284
2018-07-27 06:30:00	6.6	남남동	159	22.95	33.04	0.26	3.2	0.36	3.0	1.8	남	186	24.3	1006.9	-	110
2018-07-27 07:00:00	2.2	남서	221	22.30	32.80	0.32	3.2	0.53	3.0	3.3	동남동	116	24.8	1007.3	-	122
2018-07-27 07:30:00	7.3	남서	216	22.03	33.15	0.32	3.3	0.46	3.0	2.0	남동	131	25.2	1007.6	-	118
2018-07-27 08:00:00	7.2	서	268	22.34	33.51	0.28	3.2	0.47	3.0	0.7	남남동	168	26.7	1007.7	-	273
2018-07-27 08:30:00	9.5	서남서	244	23.00	33.18	0.26	3.3	0.37	3.5	0.0	동남동	120	28.0	1007.8	-	288
2018-07-27 09:00:00	16.1	남서	230	23.72	32.83	0.20	3.3	0.33	3.5	1.2	북	1	26.9	1007.7	-	258
2018-07-27 09:30:00	11.5	남서	236	22.81	33.28	0.23	3.2	0.39	3.0	1.0	동북동	65	27.7	1007.6	-	279
2018-07-27 10:00:00	10.6	서남서	245	22.80	33.02	0.24	3.4	0.34	3.0	1.0	동북동	76	28.3	1007.6	-	297
2018-07-27 10:30:00	7.9	서남서	249	22.64	32.99	0.21	3.3	0.33	3.5	1.4	동남동	122	28.2	1007.4	-	278
2018-07-27 11:00:00	8.7	서남서	258	22.84	33.01	0.22	3.1	0.33	3.0	2.0	동남동	117	28.0	1007.2	-	286
2018-07-27 11:30:00	10.2	서남서	252	23.14	32.91	0.20	3.5	0.37	3.5	2.6	남동	125	28.0	1007.1	-	266
2018-07-27 12:00:00	7.2	서남서	250	23.03	32.93	0.21	3.6	0.35	3.0	2.6	동남동	110	27.7	1007.0	-	11
2018-07-27 12:30:00	11.3	서	267	23.33	32.95	0.22	3.5	0.33	3.0	1.9	동남동	118	27.7	1007.0	-	264
2018-07-27 13:00:00	-	-	-	-	-	-	-	-	-	-	-	-	-	-	-	-
2018-07-27 13:30:00	7.3	서북서	293	23.06	32.96	0.20	3.5	0.25	3.5	1.6	동남동	120	27.9	1006.8	-	275
2018-07-27 14:00:00	1.8	서남서	254	23.30	33.02	0.23	4.0	0.30	6.5	1.2	동남동	122	28.2	1006.8	-	137
2018-07-27 14:30:00	0.5	남남동	154	23.41	32.93	0.18	3.6	0.26	3.5	1.0	동남동	113	28.6	1006.4	-	126
2018-07-27 15:00:00	2.0	동북동	73	23.50	32.91	0.16	3.5	0.22	5.0	1.0	동남동	102	28.8	1006.3	-	24
2018-07-27 15:30:00	6.3	남남동	161	21.97	32.86	0.21	3.2	0.53	3.0	1.3	동남동	104	28.6	1006.2	-	315
2018-07-27 16:00:00	5.2	남남동	150	21.32	33.33	0.15	3.2	0.23	3.5	2.3	동남동	112	28.2	1006.1	-	274
2018-07-27 16:30:00	3.3	남동	140	21.18	33.09	0.14	3.3	0.23	3.0	3.4	남동	126	27.7	1006.0	-	280
2018-07-27 17:00:00	8.1	남	176	21.48	33.12	0.17	3.3	0.23	3.0	2.9	동남동	119	27.5	1005.8	-	288
2018-07-27 17:30:00	5.5	남	181	21.83	33.02	0.16	3.3	0.23	3.0	2.4	동남동	106	27.2	1005.9	-	287
2018-07-27 18:00:00	4.9	남남동	169	22.38	33.03	0.16	3.2	0.23	2.5	2.6	동남동	104	27.1	1005.9	-	311
2018-07-27 18:30:00	4.0	남	170	22.51	33.01	0.16	3.2	0.25	3.5	3.9	동	101	27.0	1005.8	-	296
2018-07-27 19:00:00	11.3	남서	216	22.49	32.82	0.15	3.4	0.27	3.5	3.2	동	85	26.7	1006.2	-	284
2018-07-27 19:30:00	11.5	서남서	243	21.48	33.06	0.17	3.3	0.21	3.0	4.3	동남동	112	26.3	1006.2	-	273
2018-07-27 20:00:00	13.5	서남서	250	21.95	32.89	0.16	3.1	0.27	3.0	5.3	남동	132	26.0	1006.2	-	286
2018-07-27 20:30:00	10.2	남서	215	22.99	32.94	0.29	5.0	0.37	7.0	5.3	남동	146	26.0	1006.6	-	120
2018-07-27 21:00:00	10.4	서	262	21.99	32.96	0.23	3.3	0.29	7.0	4.0	남남동	160	25.5	1007.1	-	117
2018-07-27 21:30:00	8.3	서북서	287	21.98	32.96	0.20	3.3	0.29	3.0	1.9	남	176	25.1	1007.3	-	291
2018-07-27 22:00:00	9.1	서북서	293	21.39	32.79	0.20	3.2	0.33	3.0	1.8	남남동	156	25.4	1007.2	-	129
2018-07-27 22:30:00	5.4	서북서	282	21.45	32.91	0.21	3.2	0.30	3.0	3.7	남남동	157	25.4	1007.3	-	277
2018-07-27 23:00:00	9.9	북서	313	21.27	33.01	0.21	3.4	0.31	3.5	4.9	남남동	152	25.1	1007.3	-	294
2018-07-27 23:30:00	4.2	남동	130	21.42	33.13	0.20	3.5	0.34	3.5	2.7	남남동	156	25.8	1007.6	-	228
2018-07-28 00:00:00	1.0	서남서	246	21.57	32.77	0.18	3.3	0.25	3.0	1.4	남동	141	25.5	1007.5	-	281
2018-07-28 00:30:00	2.6	남서	214	21.03	33.04	0.22	3.1	0.40	3.0	1.3	남동	134	25.2	1007.6	-	95
2018-07-28 01:00:00	3.1	남서	220	21.76	32.74	0.20	3.0	0.29	3.5	2.1	남동	133	24.6	1007.4	-	284
2018-07-28 01:30:00	1.5	남남동	152	21.19	32.88	0.19	3.1	0.28	3.5	0.7	남	182	24.3	1007.2	-	93
2018-07-28 02:00:00	2.7	북북동	14	21.49	33.30	0.16	3.0	0.24	3.0	0.7	북북서	347	24.6	1007.1	-	99
2018-07-28 02:30:00	2.1	남서	232	21.92	32.95	0.22	3.0	0.31	3.0	0.5	북북동	29	24.5	1007.0	-	302
2018-07-28 03:00:00	8.5	남남서	193	21.25	33.13	0.20	2.9	0.39	3.0	1.4	북	356	24.7	1007.3	-	105
2018-07-28 03:30:00	16.4	남남서	195	21.47	32.89	0.21	3.2	0.28	3.0	1.4	북북동	20	24.6	1007.2	-	91
2018-07-28 04:00:00	17.3	남서	226	21.04	32.98	0.18	3.0	0.27	3.0	0.5	동북동	59	24.4	1007.3	-	114
2018-07-28 04:30:00	16.6	남서	233	20.84	33.10	0.25	3.0	0.39	3.0	1.0	남남서	198	24.4	1007.3	-	113
2018-07-28 05:00:00	18.6	서	263	20.79	33.11	0.18	3.2	0.23	3.0	0.4	남남동	164	25.1	1007.2	-	296
2018-07-28 05:30:00	22.0	서	259	21.20	33.04	0.18	3.0	0.31	3.0	0.8	북	359	25.1	1007.3	-	358
2018-07-28 06:00:00	24.3	서	271	20.96	33.13	0.20	2.9	0.27	2.5	1.2	동남동	121	25.0	1007.6	-	105
2018-07-28 06:30:00	5.6	서북서	290	20.81	33.11	0.25	3.2	0.37	3.0	0.6	남동	137	25.4	1007.6	-	309
2018-07-28 07:00:00	8.7	서북서	289	20.88	33.18	0.21	3.2	0.31	3.0	0.4	북북동	28	25.5	1007.9	-	240
2018-07-28 07:30:00	11.8	서	279	20.61	33.16	0.19	3.5	0.30	3.0	0.0	동남동	114	26.5	1008.0	-	290
2018-07-28 08:00:00	5.5	서남서	250	20.97	33.00	0.17	3.0	0.27	3.0	0.2	북북동	15	27.9	1008.0	-	106
2018-07-28 08:30:00	5.5	서	261	20.75	33.12	0.16	3.4	0.27	3.5	1.1	북	0	26.1	1008.1	-	155
2018-07-28 09:00:00	4.3	서	270	20.84	32.99	0.16	3.4	0.23	3.5	1.6	북	359	26.2	1008.2	-	58
2018-07-28 09:30:00	5.7	서	270	21.00	33.08	0.16	3.3	0.22	3.0	2.2	북북동	20	26.6	1008.1	-	287
2018-07-28 10:00:00	4.8	남서	234	21.22	33.31	0.18	3.6	0.23	2.5	1.4	북북동	18	26.6	1008.2	-	283
2018-07-28 10:30:00	9.1	서북서	287	20.80	32.99	0.15	3.4	0.23	2.5	2.5	북북동	19	26.9	1008.1	-	21
2018-07-28 11:00:00	6.2	서북서	297	20.78	32.88	0.17	3.4	0.28	3.5	1.6	북북동	12	27.1	1008.0	-	305
2018-07-28 11:30:00	1.9	북서	319	21.57	33.14	0.14	3.3	0.22	3.5	1.8	북	4	27.6	1007.9	-	316
2018-07-28 12:00:00	1.8	남	177	22.03	32.94	0.22	3.2	0.31	3.0	1.5	북	354	27.6	1007.8	-	278
2018-07-28 12:30:00	1.1	남동	130	21.60	33.08	0.20	3.2	0.30	3.0	1.4	북	352	27.4	1007.7	-	291
2018-07-28 13:00:00	2.6	동남동	108	21.94	32.89	0.19	3.6	0.28	3.0	1.7	북	7	27.5	1007.5	-	280
2018-07-28 13:30:00	1.3	남동	146	21.54	32.89	0.19	3.2	0.26	3.0	1.7	북북동	13	27.9	1007.3	-	55
2018-07-28 14:00:00	1.8	남동	130	21.44	33.17	0.17	3.2	0.27	3.0	1.3	북	1	27.9	1007.2	-	152
2018-07-28 14:30:00	1.9	북북동	25	21.21	33.15	0.24	3.3	0.39	3.5	1.4	동북동	67	27.7	1007.2	-	295
2018-07-28 15:00:00	5.1	동남동	109	23.92	32.36	0.20	3.5	0.30	4.0	0.6	북	11	28.1	1007.0	-	309
2018-07-28 15:30:00	4.0	남동	129	23.30	32.88	0.18	3.3	0.24	3.0	0.8	북	10	28.3	1007.0	-	67
2018-07-28 16:00:00	3.0	동남동	110	22.28	32.68	0.19	3.4	0.31	3.5	1.3	북	7	27.9	1006.9	-	258
2018-07-28 16:30:00	2.5	남동	143	23.51	32.61	0.19	3.9	0.34	3.0	1.4	북동	56	27.7	1006.9	-	200
2018-07-28 17:00:00	5.9	서북서	298	25.06	32.76	0.18	3.5	0.31	3.5	1.7	북동	43	27.8	1006.8	-	229
2018-07-28 17:30:00	4.2	북동	35	23.31	32.44	0.17	3.2	0.22	3.5	2.1	북동	41	27.5	1006.5	-	134
2018-07-28 18:00:00	3.3	동북동	68	21.65	32.61	0.16	3.4	0.25	3.0	1.7	북북동	16	27.7	1006.4	-	170
2018-07-28 18:30:00	3.4	동남동	107	22.91	32.28	0.18	3.6	0.26	6.5	0.2	북	358	27.9	1006.5	-	288
2018-07-28 19:00:00	3.4	동북동	57	21.57	32.73	0.15	3.7	0.28	3.5	1.3	북서	326	27.0	1006.6	-	65
2018-07-28 19:30:00	3.7	북동	38	22.34	32.79	0.19	4.1	0.26	3.0	1.1	북북서	339	26.8	1006.8	-	194
2018-07-28 20:00:00	7.7	동북동	66	22.56	33.12	0.16	3.4	0.21	4.5	1.9	북	351	26.9	1006.9	-	115
2018-07-28 20:30:00	9.5	동	80	22.81	32.85	0.23	3.7	0.34	3.5	1.3	북북동	14	26.7	1007.1	-	85
2018-07-28 21:00:00	12.7	동	101	23.71	32.33	0.29	3.3	0.38	3.0	1.7	북	355	26.9	1007.2	-	85
2018-07-28 21:30:00	12.8	동	100	23.83	32.74	0.27	3.5	0.41	5.0	1.8	북서	321	26.7	1007.2	-	58
2018-07-28 22:00:00	17.0	동남동	115	23.82	32.69	0.29	3.5	0.37	2.5	2.5	북북서	336	26.7	1007.1	-	147
2018-07-28 22:30:00	10.7	동남동	107	22.69	32.78	0.29	3.4	0.40	4.5	1.8	북북서	339	26.6	1007.1	-	77
2018-07-28 23:00:00	11.3	동북동	76	22.58	32.99	0.29	3.6	0.38	3.0	2.3	서북서	299	26.7	1007.0	-	268
2018-07-28 23:30:00	13.3	동북동	77	22.83	32.77	0.32	3.6	0.51	3.0	2.2	서북서	297	26.2	1006.9	-	255
2018-07-29 00:00:00	14.8	동	89	22.95	32.68	0.28	3.4	0.43	3.0	3.6	서북서	293	26.2	1006.5	-	31
2018-07-29 00:30:00	7.5	동	96	22.63	32.85	0.33	3.7	0.48	3.5	3.5	서북서	289	26.0	1006.1	-	151
2018-07-29 01:00:00	8.7	동	90	23.37	33.28	0.35	3.7	0.54	3.5	2.9	서북서	284	26.2	1006.1	-	270
2018-07-29 01:30:00	9.1	동	80	24.77	32.45	0.31	3.5	0.41	3.5	3.4	서북서	291	26.2	1005.8	-	86
2018-07-29 02:00:00	17.8	동	86	24.94	32.72	0.35	3.8	0.58	3.5	3.9	서북서	290	26.3	1005.6	-	104
2018-07-29 02:30:00	16.5	동북동	70	24.35	32.81	0.31	3.5	0.44	2.5	4.2	북	0	26.5	1005.7	-	277
2018-07-29 03:00:00	14.2	동	85	23.85	32.71	0.41	3.5	0.57	3.0	5.2	북동	36	26.4	1005.9	-	256
2018-07-29 03:30:00	18.1	동남동	111	24.47	32.94	0.54	3.7	0.80	3.5	3.3	북북동	19	26.3	1005.7	-	273
2018-07-29 04:00:00	16.8	동	90	24.30	33.01	0.57	3.5	0.75	4.0	3.3	북	8	26.3	1005.6	-	258
2018-07-29 04:30:00	23.9	동	101	24.58	32.97	0.57	3.8	0.92	3.5	3.9	북	357	26.3	1005.4	-	264
2018-07-29 05:00:00	20.5	동남동	112	24.52	33.36	0.65	4.1	0.91	4.5	4.6	북북서	339	26.5	1005.6	-	327
2018-07-29 05:30:00	25.6	동남동	123	25.06	32.95	0.73	4.1	1.07	4.0	4.9	북북서	348	26.5	1005.7	-	7
2018-07-29 06:00:00	23.3	동남동	117	25.23	32.86	0.66	4.0	1.09	4.0	5.6	북북서	345	26.6	1005.8	-	286
2018-07-29 06:30:00	28.6	동남동	121	24.94	32.99	0.85	3.8	1.35	4.0	6.5	북	6	26.7	1005.9	-	262
2018-07-29 07:00:00	23.9	동남동	113	24.73	32.99	0.84	3.9	1.30	4.0	6.3	북북동	22	26.6	1005.9	-	194
2018-07-29 07:30:00	21.9	동남동	118	24.71	32.96	1.09	4.2	1.72	4.0	5.5	북북동	30	26.9	1005.8	-	76
2018-07-29 08:00:00	25.9	남동	133	24.72	32.99	1.07	4.5	1.49	4.5	5.5	북북동	27	26.9	1005.9	-	71
2018-07-29 08:30:00	15.4	동남동	117	24.65	33.01	0.99	4.6	1.35	5.0	6.0	북동	34	26.9	1005.8	-	59
2018-07-29 09:00:00	9.8	동남동	121	24.67	33.08	1.33	4.6	1.89	5.0	5.1	북동	41	26.7	1006.0	-	353
2018-07-29 09:30:00	10.8	남남동	166	24.84	33.02	1.00	4.4	2.01	4.4	4.6	북북동	18	26.7	1005.9	-	76
2018-07-29 10:00:00	5.0	남남동	155	24.76	33.02	1.08	4.6	1.51	5.0	5.1	북	10	26.8	1005.9	-	32
2018-07-29 10:30:00	8.2	남동	127	24.76	33.04	1.19	5.0	1.90	4.5	6.1	북	8	26.9	1006.0	-	48
2018-07-29 11:00:00	16.4	동	88	24.81	32.98	1.18	5.2	1.54	5.0	6.8	북	11	26.8	1005.6	-	69
2018-07-29 11:30:00	20.7	동	91	24.94	33.01	1.29	4.9	1.66	4.0	7.7	북북동	24	26.5	1005.7	-	19
2018-07-29 12:00:00	24.4	동	86	25.14	33.00	1.17	4.9	1.48	4.5	7.9	북북동	16	26.7	1005.7	-	36
2018-07-29 12:30:00	29.5	동남동	102	25.20	33.01	1.16	5.4	1.48	5.5	8.6	북	11	26.7	1005.6	-	60
2018-07-29 13:00:00	28.0	동	100	25.28	32.99	1.48	5.6	2.06	5.5	7.7	북북동	24	26.5	1005.8	-	74
2018-07-29 13:30:00	33.0	동	90	25.36	32.98	1.53	5.6	2.02	5.5	7.9	북북동	22	26.6	1005.8	-	78
2018-07-29 14:00:00	23.9	동	94	25.44	33.01	1.42	5.6	1.79	6.0	8.1	북북동	15	26.7	1005.5	-	52
2018-07-29 14:30:00	30.4	동남동	107	25.59	33.00	1.36	5.6	1.73	5.0	7.9	북	5	26.7	1005.3	-	76
2018-07-29 15:00:00	29.9	동남동	113	25.77	32.98	1.56	5.5	1.79	5.5	8.9	북	8	26.9	1005.2	-	67
2018-07-29 15:30:00	28.3	동	96	25.95	32.95	1.47	5.7	1.65	6.0	7.7	북	11	26.6	1005.2	-	62
2018-07-29 16:00:00	30.0	동	98	26.15	32.93	1.55	5.9	2.75	6.5	8.4	북	5	26.5	1005.1	-	71
2018-07-29 16:30:00	28.8	동	95	26.18	32.91	1.79	6.4	2.12	6.5	8.0	북	7	26.5	1005.1	-	74
2018-07-29 17:00:00	35.3	동	96	26.36	32.85	1.90	6.5	2.53	6.5	8.2	북북동	15	26.4	1005.1	-	64
2018-07-29 17:30:00	35.3	동	96	26.39	32.83	1.62	6.5	2.36	6.0	8.6	북	6	26.3	1005.1	-	49
2018-07-29 18:00:00	37.6	동	101	26.40	32.80	1.81	6.7	2.46	7.5	8.0	북	2	26.3	1005.1	-	65
2018-07-29 18:30:00	36.4	동남동	110	26.47	32.78	1.47	7.1	2.07	7.0	7.6	북	356	26.3	1005.1	-	61
2018-07-29 19:00:00	33.7	동	93	26.53	32.78	1.53	7.3	2.09	7.0	7.6	북북서	346	26.3	1005.4	-	80
2018-07-29 19:30:00	37.7	동남동	102	26.59	32.73	1.53	6.5	2.14	6.5	7.6	북북서	347	26.3	1005.5	-	71
2018-07-29 20:00:00	37.8	동	98	26.61	32.72	1.55	6.9	2.24	6.5	8.8	북북서	338	26.3	1005.7	-	65
2018-07-29 20:30:00	34.1	동남동	106	26.66	32.69	2.07	7.3	3.09	7.5	7.8	북북서	344	26.3	1005.8	-	75
2018-07-29 21:00:00	35.0	동남동	113	26.72	32.65	1.51	6.8	2.30	6.0	7.5	북북서	337	26.2	1006.0	-	74
2018-07-29 21:30:00	31.3	동남동	106	26.73	32.69	1.51	7.1	2.04	6.5	8.5	북북서	341	26.3	1006.1	-	64
2018-07-29 22:00:00	26.2	동	99	26.71	32.66	1.50	7.7	2.03	7.0	8.9	북북서	344	26.2	1006.1	-	74
2018-07-29 22:30:00	30.7	동남동	110	26.77	32.70	1.52	6.9	2.25	7.5	8.4	북북서	344	26.0	1006.0	-	61
2018-07-29 23:00:00	24.5	동	100	26.77	32.69	1.55	7.0	2.25	7.5	7.8	북	1	26.2	1006.2	-	65
2018-07-29 23:30:00	34.9	동남동	103	26.77	32.68	1.58	6.7	1.95	8.0	7.9	북	350	26.2	1006.1	-	71
2018-07-30 00:00:00	28.7	동남동	101	26.79	32.69	1.50	6.9	1.92	6.5	7.6	북	353	26.1	1005.8	-	75
2018-07-30 00:30:00	27.0	동남동	102	26.81	32.68	1.61	7.0	2.52	7.5	8.0	북	359	26.0	1005.6	-	62
2018-07-30 01:00:00	27.2	동남동	104	26.81	32.71	1.52	6.6	2.21	7.0	7.2	북	353	25.6	1005.7	-	65
2018-07-30 01:30:00	36.4	동	101	26.73	32.65	1.63	7.6	2.54	7.0	6.8	북	10	25.2	1005.6	-	68
2018-07-30 02:00:00	29.7	동남동	105	26.74	32.66	1.64	6.8	2.47	7.0	6.8	북	4	25.4	1005.4	-	73
2018-07-30 02:30:00	29.3	동	91	26.77	32.64	1.30	5.8	1.83	6.5	6.2	북북동	23	25.4	1005.3	-	54
2018-07-30 03:00:00	29.5	동	94	26.68	32.62	1.43	7.4	1.99	8.0	6.9	북북동	29	25.5	1005.2	-	75
2018-07-30 03:30:00	28.5	동	93	26.61	32.62	1.44	6.7	1.89	6.5	7.0	북북동	13	25.3	1005.1	-	62
2018-07-30 04:00:00	26.8	동남동	107	26.56	32.59	1.31	6.7	1.58	7.5	6.4	북북동	20	25.5	1005.2	-	66
2018-07-30 04:30:00	28.9	동	93	26.54	32.59	1.16	6.9	1.86	6.0	6.1	북북동	15	25.6	1005.3	-	67
2018-07-30 05:00:00	33.0	동	97	26.52	32.57	1.12	6.4	1.43	6.5	5.7	북북동	13	25.7	1005.3	-	59
2018-07-30 05:30:00	38.9	동	96	26.48	32.55	1.04	6.8	1.45	5.5	5.2	북북동	15	25.8	1005.7	-	53
2018-07-30 06:00:00	46.8	동	86	26.50	32.57	1.33	7.2	2.04	7.0	5.1	북북동	24	25.9	1005.8	-	61
2018-07-30 06:30:00	49.0	동	98	26.45	32.54	1.22	7.2	1.93	7.5	5.4	북북동	22	25.9	1005.8	-	64
2018-07-30 07:00:00	51.7	동	88	26.47	32.55	1.27	7.3	1.80	8.5	5.5	북	10	26.1	1005.8	-	59
2018-07-30 07:30:00	16.1	동	99	26.46	32.55	1.38	7.3	2.04	7.5	4.7	북북동	19	26.1	1006.1	-	67
2018-07-30 08:00:00	12.3	동북동	78	26.41	32.54	1.18	6.8	1.49	6.5	4.7	북북동	14	26.1	1006.4	-	67
2018-07-30 08:30:00	18.6	동	100	26.47	32.53	1.28	7.3	1.75	8.0	4.3	북	358	26.2	1006.5	-	73
2018-07-30 09:00:00	28.4	동	98	26.47	32.55	1.09	6.9	1.53	7.5	4.0	북북서	338	26.0	1006.7	-	56
2018-07-30 09:30:00	25.3	동남동	104	26.49	32.54	1.15	6.5	1.66	7.0	4.2	북서	325	25.7	1006.7	-	57
2018-07-30 10:00:00	22.2	동	101	26.51	32.54	1.04	7.4	1.38	5.5	1.4	북북서	332	26.2	1006.9	-	61
2018-07-30 10:30:00	26.0	동	99	26.53	32.51	1.12	6.5	1.46	6.5	4.9	북북서	328	25.9	1007.0	-	74
2018-07-30 11:00:00	22.7	동남동	102	26.52	32.51	0.94	6.5	1.31	7.5	4.3	북북서	346	25.7	1007.1	-	72
2018-07-30 11:30:00	33.6	동	91	26.52	32.51	1.15	6.7	1.25	6.0	5.4	북서	326	25.6	1007.1	-	70
2018-07-30 12:00:00	33.0	동	96	26.53	32.50	1.13	6.7	1.57	5.5	5.2	북북서	347	26.2	1007.0	-	55
2018-07-30 12:30:00	35.3	동남동	103	26.54	32.49	1.15	6.8	1.87	7.5	6.7	북북서	330	25.9	1007.0	-	71
2018-07-30 13:00:00	35.2	동	93	26.57	32.50	1.09	6.1	1.61	8.0	6.5	북북서	334	25.9	1007.0	-	75
2018-07-30 13:30:00	41.8	동	99	26.62	32.49	1.11	6.5	1.64	6.5	5.9	북북서	335	26.4	1006.8	-	77
2018-07-30 14:00:00	47.3	동	95	26.70	32.47	1.18	7.0	1.43	6.5	5.6	북북서	330	26.5	1006.9	-	70
2018-07-30 14:30:00	42.8	동	100	26.77	32.46	1.06	6.8	1.72	6.5	5.0	북북서	335	26.9	1006.9	-	63
2018-07-30 15:00:00	41.8	동	98	26.81	32.45	1.06	6.3	1.34	6.0	4.2	북북서	345	27.0	1006.8	-	61
2018-07-30 15:30:00	41.9	동남동	102	26.87	32.45	1.03	6.7	1.37	6.5	3.8	북북서	340	26.9	1006.7	-	82
2018-07-30 16:00:00	39.4	동남동	104	26.82	32.41	1.10	6.0	1.36	6.5	3.5	북	355	27.1	1006.5	-	67
2018-07-30 16:30:00	40.0	동남동	107	26.95	32.40	0.91	6.6	1.20	6.5	4.5	북북서	343	27.0	1006.4	-	54
2018-07-30 17:00:00	37.1	동남동	104	27.03	32.39	0.76	6.1	0.93	7.0	3.7	북북서	341	27.1	1006.4	-	63
2018-07-30 17:30:00	36.0	동남동	111	27.03	32.38	0.96	6.1	1.14	6.0	3.7	북	355	27.1	1006.3	-	63
2018-07-30 18:00:00	37.9	동남동	113	27.14	32.39	0.78	6.8	0.99	8.0	3.2	북북서	343	27.1	1006.4	-	72
2018-07-30 18:30:00	36.2	동남동	120	27.17	32.37	0.88	6.5	1.16	6.0	3.2	북북서	340	27.0	1006.4	-	72
2018-07-30 19:00:00	30.9	동남동	117	27.15	32.36	0.86	6.5	1.20	7.0	1.6	북동	56	26.8	1006.6	-	63
2018-07-30 19:30:00	29.2	동남동	117	27.17	32.40	0.86	5.8	1.18	5.5	1.2	북북동	18	26.6	1006.6	-	76
2018-07-30 20:00:00	29.4	동남동	114	27.18	32.37	0.80	5.6	1.14	7.0	1.2	북북동	16	26.5	1006.7	-	72
2018-07-30 20:30:00	25.8	동남동	118	27.19	32.39	0.80	6.5	0.97	7.0	0.2	북북동	23	26.4	1006.8	-	77
2018-07-30 21:00:00	25.7	동남동	108	27.20	32.36	0.80	6.7	1.14	6.5	0.1	북북서	342	26.4	1007.1	-	68
2018-07-30 21:30:00	23.3	동남동	107	27.19	32.36	0.78	6.2	0.94	4.0	1.7	서북서	284	26.1	1007.1	-	80
2018-07-30 22:00:00	21.9	동남동	113	27.20	32.35	0.71	6.1	1.05	6.0	1.4	서	262	26.0	1007.2	-	64
2018-07-30 22:30:00	14.0	동남동	113	27.22	32.36	0.74	6.8	1.21	8.0	1.7	서	281	25.9	1007.3	-	69
2018-07-30 23:00:00	12.3	동남동	104	27.25	32.34	0.67	5.8	1.16	6.0	1.0	서	267	25.8	1007.2	-	74
2018-07-30 23:30:00	12.7	동남동	108	27.23	32.34	0.61	6.2	0.77	4.0	1.8	남서	214	25.8	1007.1	-	49
2018-07-31 00:00:00	12.4	동남동	107	27.22	32.34	0.69	6.1	0.87	5.5	1.5	서남서	240	25.6	1006.9	-	63
2018-07-31 00:30:00	18.8	동남동	107	27.21	32.31	0.65	6.0	0.80	6.5	1.2	서북서	282	25.5	1006.8	-	66
2018-07-31 01:00:00	33.3	동남동	106	27.22	32.29	0.72	6.0	0.95	5.5	2.5	서	265	25.3	1006.9	-	75
2018-07-31 01:30:00	31.8	동	88	27.21	32.29	0.74	6.8	1.07	6.5	1.3	서남서	247	25.1	1006.8	-	68
2018-07-31 02:00:00	17.2	동남동	109	27.18	32.29	0.74	6.6	0.92	6.0	1.7	남서	231	25.1	1007.0	-	72
2018-07-31 02:30:00	16.9	동	96	27.19	32.30	0.74	6.4	1.02	5.5	2.3	남서	220	25.0	1007.0	-	83
2018-07-31 03:00:00	18.0	동	101	27.18	32.27	0.68	6.1	1.08	6.0	3.4	남서	231	24.7	1007.1	-	75
2018-07-31 03:30:00	4.2	남남동	165	27.19	32.27	0.63	6.1	0.77	5.5	2.0	서	266	24.8	1007.1	-	89
2018-07-31 04:00:00	8.0	동남동	114	27.19	32.26	0.70	6.1	0.93	6.5	2.6	서남서	245	24.8	1007.0	-	78
2018-07-31 04:30:00	9.2	동남동	117	27.19	32.18	0.63	5.9	1.05	5.5	2.2	남서	228	24.3	1007.0	-	71
2018-07-31 05:00:00	26.5	동	80	27.18	32.18	0.79	6.4	1.07	6.0	2.8	남서	217	24.4	1007.0	-	83
2018-07-31 05:30:00	24.1	동	79	27.17	32.20	0.50	5.1	0.76	6.0	3.4	서남서	237	24.5	1006.9	-	77
2018-07-31 06:00:00	33.5	동북동	71	27.18	32.17	0.59	5.8	0.98	5.5	2.2	서북서	288	24.6	1007.0	-	76
2018-07-31 06:30:00	17.6	동	84	27.16	32.15	0.70	6.5	0.97	7.0	2.3	서남서	256	24.9	1007.0	-	76
2018-07-31 07:00:00	13.8	동	81	27.18	32.13	0.58	6.4	0.75	6.0	1.8	서남서	258	25.4	1007.0	-	75
2018-07-31 07:30:00	17.5	동북동	78	27.19	32.12	0.56	5.9	0.75	5.5	0.9	남서	224	26.1	1007.1	-	87
2018-07-31 08:00:00	15.5	동	87	27.21	32.16	0.63	5.8	0.73	5.5	0.5	남동	133	27.0	1007.0	-	74
2018-07-31 08:30:00	14.2	동	97	27.22	32.13	0.58	6.0	0.95	6.0	0.0	북북서	344	27.9	1006.8	-	86
2018-07-31 09:00:00	14.0	동	98	27.24	32.13	0.63	6.0	0.92	6.0	1.9	북	349	26.5	1006.8	-	65
2018-07-31 09:30:00	12.9	동	88	27.26	32.14	0.67	6.4	0.97	6.0	2.5	북북동	28	26.4	1006.7	-	65
2018-07-31 10:00:00	13.7	동	83	27.29	32.11	0.61	6.2	0.87	6.0	2.4	동북동	57	26.7	1006.7	-	67
2018-07-31 10:30:00	8.6	동북동	61	27.27	32.11	0.52	6.1	0.70	6.5	2.7	북동	48	26.8	1006.9	-	64
2018-07-31 11:00:00	11.5	동북동	72	27.30	32.09	0.60	5.6	0.76	6.0	2.5	동	83	26.9	1006.8	-	52
2018-07-31 11:30:00	8.4	동	94	27.28	32.15	0.61	6.0	0.81	6.0	3.0	동남동	108	27.0	1006.7	-	64
2018-07-31 12:00:00	7.9	동	99	27.26	32.13	0.65	5.8	0.91	6.0	3.9	동남동	116	27.1	1006.4	-	74
2018-07-31 12:30:00	10.1	동	87	27.14	32.15	0.54	5.9	0.82	5.0	5.1	남동	124	27.1	1006.0	-	77
2018-07-31 13:00:00	6.6	동	95	27.17	32.14	0.70	6.1	1.00	5.0	4.8	동남동	110	27.1	1005.6	-	72
2018-07-31 13:30:00	7.2	동	88	27.15	32.16	0.65	5.8	0.93	6.0	5.3	동남동	121	27.2	1005.3	-	69
2018-07-31 14:00:00	7.4	동북동	70	27.16	32.17	0.61	5.7	0.82	6.0	6.2	남동	131	27.3	1004.9	-	68
2018-07-31 14:30:00	2.7	남남동	168	27.41	32.17	0.63	5.4	0.94	5.5	8.1	남동	134	27.4	1004.5	-	82
2018-07-31 15:00:00	4.7	북동	42	27.26	32.17	0.72	4.8	1.03	5.5	7.1	남동	127	27.5	1004.4	-	80
2018-07-31 15:30:00	5.5	서북서	283	27.38	32.14	0.76	5.1	0.97	5.5	7.1	남동	132	27.7	1004.3	-	71
2018-07-31 16:00:00	9.8	서	263	27.42	32.15	0.57	4.8	0.87	3.0	6.7	남동	129	28.2	1003.9	-	55
2018-07-31 16:30:00	8.2	서	279	27.48	32.14	0.58	4.9	0.81	4.0	6.8	동남동	122	28.5	1003.7	-	91
2018-07-31 17:00:00	10.5	서남서	248	27.49	32.14	0.59	5.4	0.76	5.0	6.6	남동	126	28.7	1003.7	-	76
2018-07-31 17:30:00	10.2	서북서	298	27.45	32.14	0.59	5.7	0.79	5.5	6.9	남동	133	28.5	1003.4	-	73
2018-07-31 18:00:00	10.5	서	281	27.44	32.14	0.54	4.8	0.80	5.0	7.1	남동	130	28.3	1003.3	-	75
2018-07-31 18:30:00	11.0	서북서	291	27.37	32.11	0.56	5.6	0.78	6.5	7.0	남동	129	28.0	1003.4	-	68
2018-07-31 19:00:00	11.8	서	269	27.30	32.15	0.52	5.2	0.75	4.5	7.5	남동	132	27.7	1003.4	-	80
2018-07-31 19:30:00	13.0	서	271	27.25	32.16	0.54	4.6	0.80	6.5	7.3	남동	137	27.4	1003.4	-	118
2018-07-31 20:00:00	10.3	서	266	27.23	32.16	0.56	4.5	0.87	5.5	7.0	남동	138	27.3	1003.4	-	70
2018-07-31 20:30:00	12.7	북서	309	27.14	32.18	0.62	5.7	0.83	6.0	5.8	남남동	148	27.4	1003.6	-	73
2018-07-31 21:00:00	15.2	서	279	27.20	32.17	0.42	5.1	0.58	5.5	4.1	남남동	159	27.7	1003.7	-	70
2018-07-31 21:30:00	13.9	서북서	285	27.16	32.15	0.46	4.6	0.60	6.0	2.0	남남동	168	27.3	1003.9	-	75
2018-07-31 22:00:00	9.1	북서	305	26.96	32.19	0.44	5.8	0.57	5.5	1.3	남동	146	27.6	1004.1	-	58
2018-07-31 22:30:00	10.5	북서	313	26.86	32.21	0.42	5.4	0.53	5.5	1.4	남동	145	27.2	1003.9	-	56
2018-07-31 23:00:00	11.9	서북서	293	26.82	32.22	0.46	5.4	0.59	6.5	1.0	남	181	27.1	1003.9	-	77
2018-07-31 23:30:00	8.5	서북서	283	26.74	32.21	0.44	5.3	0.53	7.0	0.5	남	172	26.1	1004.1	-	62
