관측소명:경포대해수욕장
위도:37.808972
경도:128.931889
관측시간	유속(cm/s)	유향(16points)	유향(deg)	수온(℃)	염분(PSU)	유의파고(m)	유의파주기(sec)	최대파고(m)	최대파주기(sec)	풍속(m/s)	풍향(16points)	풍향(deg)	기온(℃)	기압(hPa)	시정(m)	파향(deg)	
2021-07-01 00:00:00	16.8	북	8	19.50	31.84	0.48	5.1	0.57	4.5	0.3	남서	224	20.7	1008.1	-	95	
2021-07-01 00:05:00	12.4	북	352	19.45	31.89	0.48	4.4	0.60	4.0	0.6	서남서	250	20.7	1008.2	-	68	
2021-07-01 00:10:00	12.8	북	2	19.45	31.89	0.51	4.6	0.70	4.5	0.8	서북서	299	20.7	1008.2	-	73	
2021-07-01 00:15:00	11.0	북	3	19.44	31.90	0.51	4.7	0.69	5.0	0.9	북서	322	20.5	1008.2	-	271	
2021-07-01 00:20:00	13.1	북	358	19.44	31.94	0.47	4.9	0.72	4.5	1.0	서북서	303	20.4	1008.3	-	101	
2021-07-01 00:25:00	10.2	북	1	19.34	31.98	0.51	5.0	0.64	4.5	1.1	북서	305	20.4	1008.3	-	63	
2021-07-01 00:30:00	12.1	북북동	14	19.35	31.96	0.43	4.2	0.61	4.5	1.1	북서	306	20.5	1008.4	-	279	
2021-07-01 00:35:00	11.9	북북동	12	19.34	31.93	0.49	4.9	0.65	4.5	1.1	북서	307	20.6	1008.4	-	88	
2021-07-01 00:40:00	11.9	북	9	19.31	31.94	0.43	4.7	0.63	6.5	1.0	북북서	341	20.6	1008.2	-	110	
2021-07-01 00:45:00	8.0	북	11	19.35	31.96	0.53	4.9	0.80	5.0	1.2	북북서	334	20.6	1008.1	-	72	
2021-07-01 00:50:00	7.4	북	6	19.34	31.93	0.49	4.1	0.66	4.0	1.1	북북서	347	20.5	1008.2	-	63	
2021-07-01 00:55:00	11.0	북	7	19.35	31.93	0.47	4.5	0.80	4.0	1.2	북북서	345	20.4	1008.2	-	80	
2021-07-01 01:00:00	8.8	북북서	343	19.30	31.92	0.50	5.1	0.71	5.5	1.2	북서	319	20.3	1008.3	-	84	
2021-07-01 01:05:00	8.0	북	353	19.29	31.90	0.52	4.4	0.80	3.5	1.4	서북서	293	20.3	1008.5	-	321	
2021-07-01 01:10:00	8.2	북	355	19.32	31.91	0.50	4.7	0.69	5.0	1.2	서북서	301	20.3	1008.5	-	63	
2021-07-01 01:15:00	7.9	북	349	19.28	31.91	0.46	4.6	0.72	4.0	1.0	북서	313	20.3	1008.4	-	63	
2021-07-01 01:20:00	7.8	북	4	19.26	31.86	0.49	4.5	0.68	4.0	0.7	북서	325	20.3	1008.4	-	97	
2021-07-01 01:25:00	8.2	북	357	19.23	31.92	0.49	4.5	0.64	3.5	0.7	북서	315	20.3	1008.4	-	66	
2021-07-01 01:30:00	6.3	북서	320	19.20	31.93	0.52	5.2	0.77	5.5	0.5	북북서	333	20.2	1008.4	-	64	
2021-07-01 01:35:00	5.7	북	352	19.13	31.93	0.47	4.4	0.64	3.5	0.6	북서	320	20.2	1008.4	-	311	
2021-07-01 01:40:00	5.3	북	1	19.18	31.88	0.48	4.9	0.62	4.0	0.7	북	1	20.2	1008.4	-	105	
2021-07-01 01:45:00	3.0	북서	324	19.16	31.89	0.45	4.9	0.63	5.0	0.6	북	9	20.1	1008.4	-	104	
2021-07-01 01:50:00	5.0	북서	312	18.97	31.86	0.51	4.8	0.74	4.0	0.5	북	4	20.1	1008.3	-	54	
2021-07-01 01:55:00	5.1	북서	324	19.04	31.85	0.51	4.6	0.80	4.5	0.2	북	2	20.1	1008.3	-	69	
2021-07-01 02:00:00	5.3	북	354	18.93	31.93	0.54	4.4	0.85	5.0	0.3	북북동	31	20.1	1008.2	-	275	
2021-07-01 02:05:00	3.8	북북서	344	19.08	31.95	0.49	5.0	0.80	4.0	0.2	북북서	346	20.1	1008.1	-	90	
2021-07-01 02:10:00	5.0	북북서	341	18.90	32.04	0.48	4.4	0.60	4.5	0.2	북서	319	20.0	1008.1	-	63	
2021-07-01 02:15:00	6.0	북서	325	18.73	31.92	0.48	4.6	0.58	3.5	0.1	북북서	337	20.0	1008.2	-	90	
2021-07-01 02:20:00	4.5	서북서	299	18.62	31.98	0.48	5.3	0.88	5.0	0.3	북북서	331	20.0	1008.3	-	74	
2021-07-01 02:25:00	6.1	북서	304	18.61	31.89	0.42	4.5	0.76	4.0	0.4	북서	321	20.1	1008.3	-	79	
2021-07-01 02:30:00	4.5	서북서	294	18.63	32.04	0.49	4.4	0.69	4.0	0.1	북	350	20.1	1008.3	-	254	
2021-07-01 02:35:00	7.9	북서	312	18.45	32.05	0.56	5.2	0.97	4.5	0.4	북북서	334	20.1	1008.3	-	66	
2021-07-01 02:40:00	3.0	서북서	293	18.56	31.91	0.42	5.2	0.59	4.5	1.1	서북서	301	20.1	1008.3	-	59	
2021-07-01 02:45:00	-	-	-	-	-	0.00	0.0	0.00	0.0	0.7	북서	318	20.1	1008.3	-	0	
2021-07-01 02:50:00	4.8	북서	321	18.23	31.87	0.47	4.5	0.70	6.0	0.7	북서	322	20.1	1008.3	-	272	
2021-07-01 02:55:00	5.4	북북서	332	18.11	32.03	0.51	5.1	0.68	5.0	1.0	북	351	20.1	1008.1	-	67	
2021-07-01 03:00:00	5.0	북서	316	18.15	32.22	0.43	5.1	0.71	4.5	1.2	북	350	20.0	1008.0	-	73	
2021-07-01 03:05:00	4.3	북서	308	18.43	32.09	0.48	4.9	0.66	5.5	1.3	북	359	20.0	1008.0	-	48	
2021-07-01 03:10:00	5.5	북서	309	18.59	31.93	0.45	4.4	0.62	5.0	1.4	북	351	19.9	1008.0	-	80	
2021-07-01 03:15:00	2.9	북서	311	18.45	32.20	0.48	5.0	0.65	4.5	1.1	북	4	19.9	1007.9	-	58	
2021-07-01 03:20:00	2.6	북북서	332	18.59	32.02	0.46	4.9	0.54	4.0	1.0	북	3	19.8	1007.9	-	72	
2021-07-01 03:25:00	3.6	북서	310	18.63	32.01	0.47	4.6	0.69	4.5	0.7	북북서	339	19.8	1007.9	-	69	
2021-07-01 03:30:00	3.3	북서	312	18.57	31.76	0.53	4.6	0.72	4.0	0.7	북	349	19.7	1007.8	-	94	
2021-07-01 03:35:00	3.1	북서	317	18.49	32.04	0.56	4.6	0.78	4.0	0.7	북북서	338	19.6	1007.8	-	246	
2021-07-01 03:40:00	4.2	북서	312	18.55	31.86	0.58	5.2	0.77	4.5	1.2	북서	313	19.6	1007.8	-	72	
2021-07-01 03:45:00	4.9	북서	307	18.59	31.84	0.52	5.1	0.73	4.5	1.5	북서	318	19.6	1007.8	-	285	
2021-07-01 03:50:00	3.2	북북서	333	18.47	31.89	0.47	5.4	0.60	5.0	1.4	북서	318	19.5	1007.9	-	62	
2021-07-01 03:55:00	2.6	북서	324	18.42	31.87	0.54	4.8	0.79	3.5	1.6	북북서	327	19.5	1007.9	-	76	
2021-07-01 04:00:00	4.0	서북서	303	18.30	32.02	0.54	4.4	0.69	4.5	1.4	북북서	339	19.4	1007.9	-	64	
2021-07-01 04:05:00	7.3	북서	314	18.11	31.90	0.54	4.1	0.77	4.0	1.0	북서	320	19.4	1007.8	-	263	
2021-07-01 04:10:00	5.8	북	5	18.11	32.00	0.51	4.0	0.66	4.5	0.9	북북서	336	19.4	1007.7	-	301	
2021-07-01 04:15:00	7.5	북서	324	18.01	31.76	0.51	4.7	0.81	4.0	0.7	북북서	334	19.4	1007.7	-	73	
2021-07-01 04:20:00	7.5	북서	324	17.71	32.02	0.53	4.7	0.81	5.5	0.6	서북서	303	19.3	1007.7	-	63	
2021-07-01 04:25:00	3.3	북북서	346	17.85	31.96	0.58	4.7	0.77	3.5	0.5	북서	318	19.4	1007.7	-	287	
2021-07-01 04:30:00	6.3	북	4	17.89	32.10	0.48	4.6	0.60	5.5	0.7	서북서	288	19.3	1007.8	-	79	
2021-07-01 04:35:00	3.5	북	356	18.37	31.88	0.47	5.3	0.62	6.0	1.0	서	271	19.4	1007.8	-	58	
2021-07-01 04:40:00	5.5	서북서	286	18.68	32.01	0.45	4.9	0.68	5.0	0.9	서	273	19.4	1007.8	-	67	
2021-07-01 04:45:00	4.2	북서	308	18.53	32.00	0.45	4.4	0.59	3.5	0.9	서북서	291	19.5	1007.8	-	89	
2021-07-01 04:50:00	5.9	북서	308	18.62	31.97	0.50	5.4	0.73	6.5	1.1	서북서	285	19.4	1007.8	-	60	
2021-07-01 04:55:00	4.1	북북서	333	18.37	32.04	0.60	4.7	1.10	4.5	1.4	서북서	300	19.4	1007.9	-	65	
2021-07-01 05:00:00	2.3	북서	322	18.32	32.04	0.46	5.1	0.57	5.0	1.7	서북서	292	19.4	1008.1	-	66	
2021-07-01 05:05:00	5.2	북서	306	18.39	32.06	0.47	5.3	0.69	5.5	1.4	서북서	287	19.5	1008.1	-	64	
2021-07-01 05:10:00	4.2	북서	308	18.68	32.01	0.54	4.5	0.81	4.5	1.2	서	276	19.4	1008.2	-	259	
2021-07-01 05:15:00	5.9	북서	305	18.42	31.95	0.46	4.5	0.79	3.5	1.6	서북서	294	19.4	1008.3	-	298	
2021-07-01 05:20:00	4.0	북서	312	18.56	32.07	0.48	4.8	0.74	4.0	1.1	서북서	290	19.3	1008.2	-	68	
2021-07-01 05:25:00	7.6	서	266	18.70	32.09	0.51	4.9	0.71	3.5	1.2	서	276	19.3	1008.3	-	284	
2021-07-01 05:30:00	5.2	서북서	303	18.61	31.89	0.45	4.9	0.76	4.0	1.0	서	278	19.3	1008.2	-	59	
2021-07-01 05:35:00	8.3	서	276	18.85	32.01	0.46	5.1	0.63	4.5	1.0	서북서	303	19.3	1008.3	-	310	
2021-07-01 05:40:00	6.2	서남서	239	19.05	31.85	0.43	4.4	0.55	4.5	1.3	서북서	282	19.3	1008.3	-	65	
2021-07-01 05:45:00	9.4	서북서	288	18.82	31.70	0.44	4.4	0.59	5.5	1.3	서	266	19.4	1008.4	-	65	
2021-07-01 05:50:00	9.6	서	262	18.84	32.00	0.51	4.7	0.68	5.0	1.0	서남서	258	19.5	1008.3	-	71	
2021-07-01 05:55:00	7.4	서	267	19.08	31.85	0.43	4.9	0.62	5.0	1.1	서남서	252	19.6	1008.3	-	71	
2021-07-01 06:00:00	5.0	서	272	18.92	31.76	0.43	4.8	0.58	5.5	1.2	서남서	254	19.7	1008.1	-	51	
2021-07-01 06:05:00	5.6	서북서	287	18.70	31.15	0.48	5.0	0.65	6.5	0.9	남서	219	19.8	1007.9	-	64	
2021-07-01 06:10:00	4.4	서북서	289	18.84	31.83	0.51	5.1	0.74	5.5	1.0	서남서	238	19.8	1008.0	-	63	
2021-07-01 06:15:00	8.3	서북서	283	18.72	31.88	0.45	4.5	0.59	4.5	1.3	서남서	239	19.8	1008.1	-	48	
2021-07-01 06:20:00	7.6	북서	305	18.73	32.01	0.39	4.1	0.61	3.5	2.2	서남서	244	19.9	1008.5	-	47	
2021-07-01 06:25:00	8.5	서북서	293	18.64	31.94	0.45	4.8	0.73	3.5	1.6	서남서	249	19.9	1008.6	-	325	
2021-07-01 06:30:00	5.7	서북서	298	18.71	31.87	0.41	4.7	0.56	3.5	0.8	서	268	20.1	1008.4	-	65	
2021-07-01 06:35:00	10.3	서북서	285	18.72	31.93	0.42	4.5	0.71	4.0	0.6	서	262	20.3	1008.3	-	87	
2021-07-01 06:40:00	9.9	서	276	18.74	31.97	0.42	4.5	0.67	6.0	0.2	서남서	241	20.5	1008.3	-	67	
2021-07-01 06:45:00	9.6	서북서	282	18.77	31.99	0.45	5.0	0.65	4.5	0.2	남남동	164	20.6	1008.3	-	58	
2021-07-01 06:50:00	8.4	서북서	293	18.79	32.01	0.40	5.1	0.59	5.5	0.3	남남동	149	20.7	1008.3	-	54	
2021-07-01 06:55:00	9.1	서	277	18.80	32.00	0.45	5.5	0.63	5.5	1.1	남동	125	20.5	1008.2	-	46	
2021-07-01 07:00:00	11.1	서북서	283	18.86	32.05	0.47	4.7	0.63	4.0	0.9	남동	138	20.3	1008.2	-	53	
2021-07-01 07:05:00	12.1	서북서	288	18.87	31.98	0.45	5.0	0.66	3.0	0.7	남남동	151	20.3	1008.2	-	78	
2021-07-01 07:10:00	11.2	서	274	18.90	32.02	0.45	4.5	0.69	5.5	0.5	남남동	162	20.4	1008.3	-	50	
2021-07-01 07:15:00	14.0	서북서	285	18.93	32.07	0.45	4.6	0.63	5.0	0.4	남남동	147	20.7	1008.3	-	52	
2021-07-01 07:20:00	16.5	서	268	19.09	32.00	0.40	4.7	0.52	5.0	0.6	남남동	156	20.8	1008.3	-	50	
2021-07-01 07:25:00	18.7	서	273	19.05	31.97	0.39	4.6	0.53	3.5	0.3	남남동	156	20.9	1008.3	-	42	
2021-07-01 07:30:00	16.3	서	277	19.08	32.00	0.43	5.2	0.59	6.0	1.2	남동	140	20.9	1008.2	-	50	
2021-07-01 07:35:00	14.2	서	277	19.09	31.96	0.43	5.2	0.72	6.5	1.5	남동	137	20.8	1008.2	-	55	
2021-07-01 07:40:00	16.1	서	277	19.13	31.91	0.36	4.6	0.62	4.0	1.7	남동	141	20.8	1008.2	-	53	
2021-07-01 07:45:00	13.5	서	281	19.14	31.91	0.43	5.3	0.70	5.0	1.5	남동	125	20.9	1008.1	-	57	
2021-07-01 07:50:00	14.9	서북서	285	19.17	31.79	0.56	5.1	0.78	4.5	1.8	동남동	116	20.8	1008.0	-	67	
2021-07-01 07:55:00	13.6	서	281	19.20	31.91	0.46	5.2	0.66	6.0	1.6	동남동	102	20.7	1007.9	-	32	
2021-07-01 08:00:00	13.0	서북서	290	19.17	31.76	0.45	5.3	0.60	4.5	1.4	동	97	20.8	1007.8	-	66	
2021-07-01 08:05:00	14.7	서북서	284	19.17	31.97	0.43	5.2	0.70	5.0	1.3	동	88	20.8	1007.8	-	57	
2021-07-01 08:10:00	11.1	서북서	290	19.17	31.95	0.38	4.3	0.50	6.5	1.8	동	98	20.8	1007.8	-	62	
2021-07-01 08:15:00	13.7	서북서	300	19.08	31.97	0.44	4.9	0.64	4.5	1.6	동남동	103	20.7	1007.9	-	59	
2021-07-01 08:20:00	10.5	서북서	292	19.15	32.00	0.49	5.3	0.64	6.0	1.6	동남동	110	20.7	1008.0	-	65	
2021-07-01 08:25:00	13.7	서북서	286	19.25	31.98	0.42	4.9	0.69	5.0	1.4	동	95	20.8	1007.9	-	77	
2021-07-01 08:30:00	10.2	서북서	304	19.20	32.01	0.44	5.2	0.67	5.0	1.1	동남동	108	20.9	1008.0	-	61	
2021-07-01 08:35:00	8.7	북서	304	19.13	32.06	0.41	5.2	0.56	5.0	1.0	동남동	105	21.1	1008.0	-	58	
2021-07-01 08:40:00	11.4	서북서	296	19.27	32.04	0.46	4.8	0.57	5.5	1.1	동	97	21.1	1007.9	-	65	
2021-07-01 08:45:00	15.8	서북서	292	19.32	32.05	0.37	4.7	0.61	4.5	0.9	동	99	21.2	1008.0	-	81	
2021-07-01 08:50:00	15.4	서북서	289	19.36	32.07	0.44	5.3	0.73	5.0	1.1	동	89	21.3	1008.1	-	59	
2021-07-01 08:55:00	13.2	서북서	284	19.33	31.97	0.43	4.8	0.69	6.5	0.9	동	89	21.3	1008.1	-	61	
2021-07-01 09:00:00	15.1	서북서	286	19.37	32.10	0.43	4.7	0.62	4.5	1.2	동	91	21.4	1008.0	-	46	
2021-07-01 09:05:00	19.0	서북서	284	19.44	32.08	0.52	4.9	0.72	4.0	1.6	동	97	21.3	1007.8	-	65	
2021-07-01 09:10:00	16.3	서북서	287	19.39	32.09	0.51	5.3	0.67	6.0	2.0	동	97	21.2	1007.6	-	59	
2021-07-01 09:15:00	14.3	서북서	293	19.35	32.09	0.41	5.3	0.54	5.0	2.1	동	99	21.2	1007.6	-	94	
2021-07-01 09:20:00	15.9	서북서	302	19.32	32.10	0.43	5.0	0.57	5.0	2.3	동	96	21.2	1007.7	-	72	
2021-07-01 09:25:00	14.9	북서	306	19.23	32.13	0.42	4.8	0.64	4.5	2.2	동	94	21.1	1007.8	-	79	
2021-07-01 09:30:00	16.0	북서	306	19.31	32.15	0.39	4.9	0.57	4.5	2.8	동	92	21.1	1007.7	-	59	
2021-07-01 09:35:00	15.2	북서	308	19.30	32.12	0.45	4.6	0.70	4.5	2.8	동	84	21.1	1007.7	-	71	
2021-07-01 09:40:00	19.6	북서	311	19.29	32.12	0.46	5.0	0.59	6.0	2.7	동북동	77	21.1	1007.6	-	72	
2021-07-01 09:45:00	19.4	서북서	302	19.42	32.09	0.47	5.2	0.60	5.0	2.8	동	88	21.2	1007.6	-	57	
2021-07-01 09:50:00	19.4	서북서	302	19.39	32.12	0.45	4.4	0.60	3.5	2.6	동	92	21.3	1007.7	-	52	
2021-07-01 09:55:00	20.0	서북서	296	19.69	32.01	0.43	5.1	0.62	4.5	2.8	동	93	21.4	1007.7	-	62	
2021-07-01 10:00:00	21.0	서북서	287	19.67	32.08	0.47	5.1	0.65	4.5	2.8	동	99	21.4	1007.6	-	39	
2021-07-01 10:05:00	20.3	서북서	292	19.55	32.11	0.40	4.5	0.57	5.5	2.8	동남동	103	21.4	1007.8	-	289	
2021-07-01 10:10:00	20.5	서북서	297	19.54	31.99	0.39	5.1	0.57	5.5	2.8	동	97	21.4	1008.0	-	51	
2021-07-01 10:15:00	22.2	서북서	290	19.59	32.00	0.45	5.3	0.58	5.5	2.7	동	94	21.5	1008.2	-	12	
2021-07-01 10:20:00	21.8	서북서	299	19.53	32.03	0.39	4.9	0.54	5.0	2.6	동	91	21.5	1008.3	-	65	
2021-07-01 10:25:00	21.5	서북서	287	19.55	31.99	0.38	4.4	0.54	5.5	2.6	동	86	21.5	1008.3	-	55	
2021-07-01 10:30:00	17.6	서북서	296	19.52	32.03	0.39	4.6	0.53	6.0	2.8	동	88	21.5	1008.4	-	77	
2021-07-01 10:35:00	17.9	서북서	301	19.49	32.02	0.40	4.8	0.59	6.5	3.3	동	91	21.6	1008.5	-	33	
2021-07-01 10:40:00	18.0	북서	304	19.54	32.02	0.49	5.2	0.64	6.0	3.8	동	91	21.5	1008.3	-	71	
2021-07-01 10:45:00	18.0	북서	307	19.54	32.03	0.46	5.6	0.59	4.5	3.8	동	100	21.5	1008.3	-	62	
2021-07-01 10:50:00	16.3	북서	309	19.52	32.01	0.41	4.9	0.60	5.5	4.4	동남동	104	21.5	1008.4	-	56	
2021-07-01 10:55:00	16.0	북서	312	19.52	31.95	0.51	5.5	0.70	5.5	4.4	동남동	107	21.5	1008.4	-	66	
2021-07-01 11:00:00	17.9	북서	309	19.54	32.03	0.40	5.1	0.62	4.5	4.5	동남동	109	21.5	1008.3	-	59	
2021-07-01 11:05:00	17.4	북서	313	19.56	31.96	0.42	5.3	0.57	4.5	4.6	동남동	110	21.5	1008.3	-	62	
2021-07-01 11:10:00	16.9	북서	317	19.59	31.97	0.42	4.9	0.56	5.0	4.7	동남동	116	21.5	1008.2	-	44	
2021-07-01 11:15:00	17.3	북서	318	19.58	32.02	0.43	5.4	0.62	4.5	5.5	동남동	120	21.5	1008.1	-	48	
2021-07-01 11:20:00	16.5	북서	311	19.61	31.94	0.44	5.5	0.57	6.0	5.5	동남동	118	21.5	1008.0	-	66	
2021-07-01 11:25:00	18.5	북서	312	19.70	31.89	0.46	5.5	0.66	5.0	5.5	동남동	120	21.5	1008.0	-	66	
2021-07-01 11:30:00	18.3	북서	309	19.92	31.95	0.41	4.6	0.52	5.5	5.6	동남동	119	21.4	1007.9	-	36	
2021-07-01 11:35:00	24.3	북서	307	20.11	31.99	0.50	5.4	0.72	4.5	5.3	동남동	121	21.4	1007.9	-	66	
2021-07-01 11:40:00	22.5	북서	305	20.20	31.96	0.37	4.7	0.66	3.5	5.5	남동	125	21.4	1007.9	-	67	
2021-07-01 11:45:00	22.1	북서	309	20.07	31.98	0.41	5.2	0.56	5.0	5.4	남동	125	21.4	1008.0	-	50	
2021-07-01 11:50:00	23.9	북서	308	20.16	31.96	0.45	5.3	0.63	5.0	5.6	동남동	123	21.4	1008.0	-	51	
2021-07-01 11:55:00	20.6	북서	313	20.04	32.07	0.40	4.1	0.54	6.0	5.6	남동	124	21.4	1008.0	-	102	
2021-07-01 12:00:00	25.9	북서	311	20.24	32.12	0.44	4.3	0.63	4.5	5.3	동남동	118	21.4	1008.0	-	32	
2021-07-01 12:05:00	26.0	북서	311	20.29	32.02	0.45	5.1	0.65	4.5	5.5	동남동	118	21.4	1008.0	-	81	
2021-07-01 12:10:00	24.3	북서	313	20.24	31.93	0.42	4.7	0.70	5.0	6.1	동남동	115	21.4	1007.9	-	94	
2021-07-01 12:15:00	29.8	북서	316	20.22	31.94	0.49	4.4	0.66	4.5	6.5	동남동	120	21.4	1007.9	-	59	
2021-07-01 12:20:00	27.9	북서	320	20.14	32.05	0.52	5.1	0.70	3.5	6.9	동남동	121	21.4	1007.8	-	56	
2021-07-01 12:25:00	30.2	북서	315	20.20	32.03	0.44	4.1	0.81	3.5	7.0	동남동	122	21.4	1007.8	-	51	
2021-07-01 12:30:00	31.6	북서	313	20.16	32.00	0.44	4.3	0.66	4.5	6.9	동남동	123	21.4	1007.7	-	84	
2021-07-01 12:35:00	30.9	북서	314	20.21	31.96	0.51	5.0	0.66	6.0	7.4	동남동	121	21.4	1007.7	-	71	
2021-07-01 12:40:00	31.1	북서	313	20.21	31.96	0.49	4.2	0.63	5.0	7.1	남동	125	21.4	1007.7	-	70	
2021-07-01 12:45:00	31.4	북서	313	20.10	31.94	0.45	4.0	0.66	6.5	7.2	남동	125	21.4	1007.7	-	73	
2021-07-01 12:50:00	30.5	북서	315	20.09	31.96	0.46	3.9	0.59	4.0	7.5	남동	126	21.5	1007.6	-	81	
2021-07-01 12:55:00	31.7	북서	314	20.11	32.01	0.54	4.5	0.70	5.0	7.5	남동	130	21.5	1007.5	-	44	
2021-07-01 13:00:00	32.7	북서	313	20.05	31.98	0.56	4.4	0.82	4.5	7.3	남동	126	21.5	1007.6	-	77	
2021-07-01 13:05:00	35.2	북서	318	20.07	31.96	0.50	4.1	0.70	5.0	7.4	남동	126	21.5	1007.6	-	59	
2021-07-01 13:10:00	32.5	북서	314	20.03	31.79	0.52	4.0	0.68	2.5	7.4	남동	124	21.5	1007.6	-	69	
2021-07-01 13:15:00	31.6	북서	318	20.00	31.95	0.53	3.5	0.75	5.0	7.6	남동	127	21.5	1007.5	-	127	
2021-07-01 13:20:00	32.7	북서	316	19.98	32.06	0.51	3.8	0.74	3.0	7.4	남동	129	21.5	1007.6	-	126	
2021-07-01 13:25:00	34.6	북서	316	19.98	32.01	0.51	3.8	0.72	6.0	7.4	남동	129	21.5	1007.6	-	101	
2021-07-01 13:30:00	33.4	북서	322	19.98	31.98	0.63	4.0	0.86	3.0	7.4	남동	128	21.5	1007.6	-	134	
2021-07-01 13:35:00	32.9	북서	322	19.99	31.98	0.58	4.0	0.68	2.5	7.2	남동	127	21.5	1007.6	-	69	
2021-07-01 13:40:00	34.6	북서	320	19.96	32.02	0.61	4.8	0.87	6.0	7.2	동남동	122	21.6	1007.6	-	62	
2021-07-01 13:45:00	31.6	북서	321	19.95	31.99	0.54	4.1	0.86	3.0	7.2	동남동	120	21.5	1007.5	-	56	
2021-07-01 13:50:00	32.4	북서	324	19.96	32.02	0.63	4.3	0.79	3.0	7.2	동남동	122	21.5	1007.4	-	61	
2021-07-01 13:55:00	34.7	북서	325	19.97	32.02	0.57	3.6	0.74	3.0	7.0	동남동	123	21.5	1007.5	-	115	
2021-07-01 14:00:00	32.6	북서	326	19.97	32.02	0.57	3.4	0.80	3.0	7.0	동남동	122	21.7	1007.5	-	132	
2021-07-01 14:05:00	38.2	북서	325	19.98	32.13	0.62	4.1	0.87	5.5	6.9	동남동	117	21.6	1007.5	-	57	
2021-07-01 14:10:00	33.3	북서	320	19.94	32.11	0.61	3.7	0.94	6.0	6.8	동남동	118	21.6	1007.4	-	123	
2021-07-01 14:15:00	33.1	북서	324	19.95	32.13	0.55	4.3	0.74	3.5	7.0	동남동	121	21.6	1007.4	-	118	
2021-07-01 14:20:00	35.5	북서	322	19.93	32.11	0.63	4.1	0.91	5.5	6.9	남동	124	21.6	1007.3	-	64	
2021-07-01 14:25:00	33.7	북서	323	19.97	32.12	0.60	4.6	0.80	5.5	6.7	동남동	122	21.6	1007.3	-	67	
2021-07-01 14:30:00	34.6	북서	324	20.00	32.14	0.50	4.1	0.76	5.0	6.8	남동	124	21.6	1007.3	-	94	
2021-07-01 14:35:00	33.8	북북서	328	19.99	32.12	0.48	3.8	0.72	5.0	6.5	남동	128	21.5	1007.3	-	88	
2021-07-01 14:40:00	36.6	북서	326	19.98	32.11	0.56	4.2	0.71	3.0	6.2	동남동	123	21.5	1007.3	-	62	
2021-07-01 14:45:00	33.2	북서	323	20.00	32.09	0.60	3.7	0.90	3.0	6.3	남동	124	21.6	1007.3	-	110	
2021-07-01 14:50:00	36.1	북북서	329	20.02	32.10	0.50	3.8	0.67	3.0	6.0	남동	124	21.6	1007.4	-	105	
2021-07-01 14:55:00	37.9	북북서	329	20.02	32.08	0.54	3.7	0.76	3.0	6.3	남동	125	21.5	1007.4	-	91	
2021-07-01 15:00:00	38.4	북서	323	19.94	32.10	0.50	3.7	0.98	4.0	5.9	동남동	123	21.5	1007.4	-	70	
2021-07-01 15:05:00	36.8	북북서	329	19.94	32.05	0.51	3.9	0.80	4.5	5.5	동남동	119	21.5	1007.5	-	90	
2021-07-01 15:10:00	36.5	북북서	332	19.96	32.13	0.51	4.1	0.76	5.0	5.6	동남동	113	21.6	1007.4	-	83	
2021-07-01 15:15:00	35.3	북북서	335	19.97	32.11	0.54	4.1	0.77	4.5	5.8	동남동	112	21.7	1007.3	-	73	
2021-07-01 15:20:00	33.8	북북서	335	19.96	32.11	0.49	4.0	0.70	3.5	5.6	동남동	111	21.6	1007.3	-	109	
2021-07-01 15:25:00	35.5	북북서	329	19.96	32.10	0.54	4.7	0.67	5.5	5.6	동남동	112	21.6	1007.3	-	59	
2021-07-01 15:30:00	35.8	북북서	327	19.98	32.06	0.54	4.5	0.87	3.5	5.2	동남동	120	21.6	1007.4	-	68	
2021-07-01 15:35:00	37.8	북북서	327	20.00	32.11	0.50	4.5	0.75	3.5	5.0	동남동	122	21.6	1007.4	-	63	
2021-07-01 15:40:00	35.1	북북서	332	20.03	32.13	0.47	3.8	0.73	5.0	4.8	동남동	121	21.6	1007.4	-	78	
2021-07-01 15:45:00	33.1	북북서	334	20.02	32.11	0.50	4.3	0.62	5.5	5.1	동남동	115	21.6	1007.4	-	65	
2021-07-01 15:50:00	32.2	북북서	330	20.03	31.97	0.55	4.5	0.79	4.5	5.0	동남동	109	21.6	1007.4	-	78	
2021-07-01 15:55:00	30.1	북북서	326	20.02	32.16	0.46	3.9	0.65	3.0	4.9	동남동	105	21.6	1007.4	-	82	
2021-07-01 16:00:00	32.3	북북서	327	20.00	32.10	0.48	4.3	0.64	6.5	4.7	동	101	21.6	1007.5	-	69	
2021-07-01 16:05:00	31.6	북서	324	20.04	32.13	0.46	4.2	0.72	5.5	4.8	동남동	103	21.6	1007.5	-	83	
2021-07-01 16:10:00	34.3	북북서	328	20.05	32.02	0.45	3.9	0.69	3.0	5.0	동남동	105	21.5	1007.5	-	239	
2021-07-01 16:15:00	29.1	북북서	330	20.01	32.08	0.49	3.9	0.71	3.5	4.8	동남동	102	21.5	1007.5	-	74	
2021-07-01 16:20:00	29.9	북북서	329	20.03	32.12	0.44	4.2	0.71	4.0	4.7	동	99	21.6	1007.6	-	92	
2021-07-01 16:25:00	33.8	북북서	334	20.06	32.03	0.44	4.7	0.55	5.0	4.6	동남동	102	21.6	1007.6	-	75	
2021-07-01 16:30:00	31.8	북북서	336	20.07	32.11	0.43	4.4	0.67	4.0	4.9	동남동	104	21.6	1007.6	-	82	
2021-07-01 16:35:00	33.1	북북서	331	20.07	32.06	0.42	4.0	0.65	3.5	5.1	동남동	105	21.6	1007.5	-	66	
2021-07-01 16:40:00	32.2	북북서	330	20.07	32.00	0.43	3.6	0.58	3.5	5.2	동남동	106	21.6	1007.4	-	79	
2021-07-01 16:45:00	34.5	북북서	333	20.08	32.09	0.42	4.1	0.61	4.5	5.1	동남동	106	21.6	1007.5	-	87	
2021-07-01 16:50:00	31.2	북북서	334	20.06	32.06	0.43	4.9	0.64	4.0	5.0	동남동	106	21.5	1007.4	-	63	
2021-07-01 16:55:00	29.5	북북서	331	20.06	32.01	0.46	4.8	0.61	5.5	4.8	동	100	21.5	1007.4	-	70	
2021-07-01 17:00:00	26.2	북북서	327	20.05	32.13	0.48	4.2	0.77	3.5	4.5	동남동	104	21.5	1007.5	-	26	
2021-07-01 17:05:00	29.2	북북서	329	20.05	32.07	0.45	4.0	0.72	4.0	3.8	동	99	21.5	1007.6	-	269	
2021-07-01 17:10:00	28.5	북북서	327	20.04	32.10	0.45	4.6	0.64	4.5	3.5	동	98	21.6	1007.7	-	78	
2021-07-01 17:15:00	29.7	북북서	329	20.03	32.08	0.45	5.2	0.57	5.0	3.4	동	92	21.7	1007.7	-	76	
2021-07-01 17:20:00	29.5	북북서	331	20.05	32.10	0.43	4.7	0.64	4.5	3.1	동	80	21.7	1007.9	-	72	
2021-07-01 17:25:00	28.1	북북서	332	20.12	32.10	0.46	4.7	0.79	3.5	2.9	동북동	76	21.8	1008.0	-	94	
2021-07-01 17:30:00	27.4	북북서	331	20.09	32.10	0.40	4.4	0.64	4.0	3.0	동북동	78	21.8	1007.9	-	83	
2021-07-01 17:35:00	25.5	북북서	333	20.02	32.11	0.55	5.4	0.62	6.0	3.4	동	82	21.7	1007.8	-	80	
2021-07-01 17:40:00	25.2	북북서	337	19.94	32.12	0.40	4.3	0.54	4.0	3.3	동북동	77	21.5	1007.8	-	92	
2021-07-01 17:45:00	24.5	북북서	339	19.86	32.13	0.45	4.7	0.56	3.5	3.2	동북동	73	21.4	1007.8	-	61	
2021-07-01 17:50:00	23.7	북북서	337	19.85	32.14	0.43	4.3	0.67	5.0	2.9	동	79	21.3	1007.9	-	84	
2021-07-01 17:55:00	25.4	북북서	339	19.98	32.11	0.43	4.6	0.60	3.0	2.7	동	79	21.4	1007.9	-	54	
2021-07-01 18:00:00	27.1	북북서	333	19.98	32.07	0.50	4.6	0.71	5.0	2.3	동북동	76	21.4	1008.0	-	66	
2021-07-01 18:05:00	22.3	북북서	337	19.99	32.13	0.43	4.2	0.67	6.0	2.1	동북동	76	21.5	1008.0	-	83	
2021-07-01 18:10:00	25.2	북북서	339	20.00	32.12	0.52	4.7	0.68	4.5	2.2	동북동	77	21.5	1008.0	-	71	
2021-07-01 18:15:00	24.3	북북서	336	19.94	32.14	0.41	4.1	0.60	5.0	2.1	동북동	70	21.4	1008.0	-	247	
2021-07-01 18:20:00	21.0	북북서	334	19.89	32.12	0.53	4.5	0.75	4.0	1.9	동북동	74	21.3	1008.0	-	72	
2021-07-01 18:25:00	23.2	북북서	339	19.92	32.12	0.41	4.5	0.60	4.5	1.7	동북동	75	21.3	1008.1	-	69	
2021-07-01 18:30:00	23.5	북북서	338	19.84	32.11	0.43	4.7	0.55	4.0	2.0	동	80	21.2	1008.1	-	60	
2021-07-01 18:35:00	20.3	북북서	340	19.86	32.10	0.42	4.5	0.57	3.5	2.1	동	79	21.2	1008.1	-	244	
2021-07-01 18:40:00	22.8	북북서	335	19.91	32.05	0.40	4.2	0.56	4.0	1.7	동북동	70	21.2	1008.3	-	313	
2021-07-01 18:45:00	22.6	북북서	332	19.85	32.05	0.48	4.6	0.63	5.0	1.9	동북동	69	21.2	1008.3	-	45	
2021-07-01 18:50:00	22.0	북북서	339	19.72	32.08	0.42	4.4	0.56	4.0	1.9	동	80	21.2	1008.4	-	83	
2021-07-01 18:55:00	22.3	북북서	337	19.63	32.13	0.39	4.9	0.48	3.5	2.2	동북동	71	21.2	1008.4	-	77	
2021-07-01 19:00:00	22.9	북북서	336	19.60	32.09	0.43	4.4	0.62	4.0	2.3	동북동	75	21.1	1008.4	-	181	
2021-07-01 19:05:00	23.4	북북서	335	19.60	32.05	0.42	4.4	0.60	5.0	2.3	동북동	73	21.1	1008.5	-	85	
2021-07-01 19:10:00	24.3	북북서	336	19.55	32.07	0.48	4.4	0.70	5.5	2.3	동	86	21.1	1008.5	-	91	
2021-07-01 19:15:00	23.0	북북서	339	19.64	32.08	0.47	4.1	0.73	4.5	2.1	동	87	21.1	1008.6	-	38	
2021-07-01 19:20:00	22.7	북북서	338	19.64	32.07	0.42	5.0	0.71	5.0	2.4	동	93	21.0	1008.5	-	61	
2021-07-01 19:25:00	21.2	북북서	337	19.59	32.07	0.42	4.6	0.72	4.0	2.5	동	94	21.0	1008.6	-	89	
2021-07-01 19:30:00	22.1	북북서	340	19.59	32.03	0.42	5.1	0.69	5.5	2.1	동	95	20.9	1008.6	-	65	
2021-07-01 19:35:00	22.2	북북서	337	19.53	32.06	0.43	5.1	0.66	4.5	2.1	동	89	20.9	1008.7	-	57	
2021-07-01 19:40:00	22.5	북북서	339	19.50	32.07	0.40	4.9	0.58	4.0	2.0	동	92	20.8	1008.7	-	81	
2021-07-01 19:45:00	19.1	북북서	343	19.49	32.09	0.39	4.4	0.57	5.0	2.1	동	88	20.8	1008.8	-	86	
2021-07-01 19:50:00	21.9	북북서	340	19.43	32.07	0.41	4.8	0.52	5.0	2.5	동	81	20.8	1008.8	-	58	
2021-07-01 19:55:00	20.8	북북서	342	19.40	32.10	0.42	4.8	0.60	5.5	2.6	동	83	20.8	1008.8	-	88	
2021-07-01 20:00:00	21.0	북북서	339	19.34	32.11	0.48	4.7	0.75	4.5	2.6	동	85	20.8	1008.8	-	103	
2021-07-01 20:05:00	22.3	북북서	341	19.29	32.12	0.40	4.2	0.54	3.5	2.3	동	85	20.8	1008.8	-	192	
2021-07-01 20:10:00	20.1	북북서	342	19.25	32.13	0.40	4.4	0.74	4.5	2.4	동	101	20.7	1008.9	-	320	
2021-07-01 20:15:00	22.0	북북서	344	19.22	32.10	0.43	4.6	0.60	5.0	2.5	동남동	106	20.7	1008.9	-	81	
2021-07-01 20:20:00	21.2	북북서	347	19.18	32.15	0.42	4.7	0.60	3.5	2.8	동남동	107	20.7	1008.9	-	59	
2021-07-01 20:25:00	17.9	북북서	343	19.15	32.15	0.43	4.2	0.71	4.5	3.2	동남동	109	20.7	1008.8	-	82	
2021-07-01 20:30:00	15.9	북	352	19.12	32.14	0.39	4.7	0.56	6.0	3.2	동남동	107	20.7	1008.8	-	69	
2021-07-01 20:35:00	15.3	북북서	344	19.10	32.14	0.44	4.6	0.62	4.5	3.0	동남동	104	20.7	1008.9	-	112	
2021-07-01 20:40:00	14.5	북북서	346	19.07	32.16	0.40	4.6	0.52	3.5	2.9	동남동	106	20.7	1008.9	-	255	
2021-07-01 20:45:00	14.8	북북서	348	19.02	32.15	0.38	4.8	0.56	3.5	2.7	동남동	109	20.7	1008.9	-	73	
2021-07-01 20:50:00	15.2	북	354	18.97	32.15	0.50	5.2	0.73	5.5	3.1	동남동	115	20.7	1008.9	-	78	
2021-07-01 20:55:00	15.0	북	355	18.90	32.17	0.40	4.5	0.57	4.0	2.9	동남동	112	20.7	1009.0	-	146	
2021-07-01 21:00:00	14.2	북	354	18.78	32.14	0.42	5.3	0.58	5.5	2.7	동남동	115	20.7	1009.1	-	84	
2021-07-01 21:05:00	14.6	북북서	343	19.21	32.18	0.41	4.4	0.53	6.0	2.5	동남동	116	20.7	1009.1	-	67	
2021-07-01 21:10:00	14.9	북	351	19.39	32.06	0.40	4.8	0.75	4.0	2.8	동남동	116	20.7	1009.1	-	107	
2021-07-01 21:15:00	-	-	-	-	-	0.00	0.0	0.00	0.0	2.6	동남동	118	20.7	1009.1	-	0	
2021-07-01 21:20:00	14.3	북북서	343	19.55	32.02	0.41	4.5	0.52	4.0	2.6	동남동	118	20.6	1009.2	-	65	
2021-07-01 21:25:00	15.2	북	353	19.59	31.98	0.43	4.8	0.52	4.0	2.8	동남동	120	20.6	1009.2	-	48	
2021-07-01 21:30:00	14.7	북북서	348	19.57	32.00	0.43	4.6	0.66	5.0	2.8	남동	125	20.5	1009.2	-	97	
2021-07-01 21:35:00	13.2	북	349	19.51	32.02	0.41	4.8	0.60	5.0	2.5	동남동	122	20.5	1009.3	-	61	
2021-07-01 21:40:00	12.2	북북서	340	19.47	32.05	0.36	4.9	0.53	6.0	2.6	남동	124	20.5	1009.4	-	42	
2021-07-01 21:45:00	13.1	북북서	338	19.48	32.02	0.46	5.0	0.56	5.5	2.5	동남동	123	20.5	1009.5	-	68	
2021-07-01 21:50:00	13.8	북북서	341	19.38	32.02	0.40	4.6	0.56	4.5	2.3	동남동	111	20.5	1009.6	-	89	
2021-07-01 21:55:00	12.0	북북서	345	19.30	32.06	0.36	4.7	0.48	5.5	2.4	동남동	103	20.5	1009.7	-	140	
2021-07-01 22:00:00	13.7	북북서	337	19.31	32.06	0.46	4.7	0.64	4.5	2.6	동	99	20.5	1009.6	-	191	
2021-07-01 22:05:00	12.4	북북서	348	19.32	32.05	0.43	4.7	0.58	4.0	2.5	동남동	103	20.5	1009.8	-	75	
2021-07-01 22:10:00	12.5	북북서	343	19.28	32.04	0.41	4.8	0.58	4.5	2.3	동	97	20.4	1009.8	-	219	
2021-07-01 22:15:00	12.8	북북서	344	19.06	32.08	0.37	4.7	0.53	5.0	2.5	동남동	104	20.5	1009.9	-	58	
2021-07-01 22:20:00	12.4	북북서	341	19.21	32.08	0.48	4.6	0.64	4.5	2.4	동남동	104	20.5	1010.0	-	187	
2021-07-01 22:25:00	11.6	북북서	342	19.09	32.04	0.45	5.1	0.76	4.5	2.1	동남동	104	20.5	1010.0	-	96	
2021-07-01 22:30:00	12.5	북북서	335	18.97	32.04	0.40	4.7	0.55	4.5	2.3	동남동	108	20.5	1009.9	-	68	
2021-07-01 22:35:00	13.3	북북서	334	19.21	32.08	0.38	4.4	0.54	4.0	2.5	동남동	114	20.5	1010.0	-	97	
2021-07-01 22:40:00	12.7	북북서	336	19.30	32.10	0.42	4.6	0.73	3.5	2.6	동남동	110	20.5	1010.0	-	87	
2021-07-01 22:45:00	10.8	북북서	344	19.13	32.08	0.38	4.5	0.55	4.0	2.3	동남동	108	20.5	1010.1	-	128	
2021-07-01 22:50:00	11.2	북북서	339	18.94	32.12	0.43	4.4	0.61	5.0	2.3	동남동	102	20.5	1010.1	-	139	
2021-07-01 22:55:00	12.4	북북서	337	19.10	32.13	0.40	4.5	0.57	4.0	2.5	동남동	106	20.5	1010.0	-	206	
2021-07-01 23:00:00	13.3	북북서	344	18.64	32.03	0.36	4.6	0.55	3.5	2.8	동남동	111	20.5	1010.0	-	79	
2021-07-01 23:05:00	11.5	북북서	349	18.88	32.11	0.42	4.2	0.63	4.5	2.6	동남동	109	20.5	1010.0	-	192	
2021-07-01 23:10:00	13.1	북북서	343	18.33	32.01	0.35	4.4	0.52	4.5	2.3	동남동	113	20.5	1010.1	-	62	
2021-07-01 23:15:00	12.3	북북서	335	18.19	32.11	0.46	4.5	0.61	4.5	2.1	동남동	113	20.5	1010.1	-	202	
2021-07-01 23:20:00	11.5	북	350	18.82	31.75	0.41	4.5	0.62	4.0	1.9	동남동	106	20.4	1010.0	-	221	
2021-07-01 23:25:00	12.4	북북서	341	18.13	32.15	0.43	4.5	0.73	4.5	1.5	동남동	111	20.4	1010.0	-	107	
2021-07-01 23:30:00	10.7	북북서	338	18.27	32.36	0.40	4.3	0.49	4.0	1.3	동남동	104	20.3	1010.1	-	146	
2021-07-01 23:35:00	11.3	북북서	335	18.17	32.04	0.42	4.5	0.60	3.5	1.0	동남동	119	20.3	1010.2	-	104	
2021-07-01 23:40:00	10.5	북북서	329	18.04	32.15	0.41	4.4	0.58	5.0	1.4	동남동	110	20.3	1010.2	-	185	
2021-07-01 23:45:00	12.4	북서	317	18.47	32.17	0.40	4.8	0.49	4.5	1.4	동남동	110	20.4	1010.2	-	68	
2021-07-01 23:50:00	13.6	북서	315	18.20	32.11	0.43	4.7	0.67	4.5	1.7	동	100	20.4	1010.1	-	113	
2021-07-01 23:55:00	9.6	북북서	329	18.64	32.17	0.38	4.8	0.51	4.0	2.3	동	94	20.3	1009.9	-	46	
2021-07-02 00:00:00	10.0	북서	324	18.31	32.12	0.35	4.4	0.53	4.5	2.4	동	100	20.3	1009.9	-	67	
2021-07-02 00:05:00	11.4	북북서	338	18.04	32.15	0.41	4.2	0.69	5.0	2.2	동남동	102	20.3	1009.9	-	293	
2021-07-02 00:10:00	10.9	북서	323	18.10	32.16	0.37	4.8	0.52	4.0	1.7	동	99	20.3	1009.9	-	72	
2021-07-02 00:15:00	10.9	북북서	336	18.02	32.19	0.38	4.4	0.50	5.0	1.2	동	89	20.2	1010.1	-	53	
2021-07-02 00:20:00	10.3	북북서	330	18.04	32.16	0.38	4.5	0.53	5.5	1.4	동	85	20.2	1010.1	-	59	
2021-07-02 00:25:00	10.9	북북서	326	18.05	32.15	0.34	4.6	0.55	3.5	1.5	동북동	78	20.3	1010.2	-	31	
2021-07-02 00:30:00	10.5	북서	321	18.09	32.16	0.40	4.4	0.53	4.0	1.6	북동	52	20.3	1010.2	-	69	
2021-07-02 00:35:00	11.0	북서	326	18.09	32.18	0.42	4.7	0.61	5.0	1.6	북동	39	20.2	1010.2	-	121	
2021-07-02 00:40:00	10.1	북서	326	18.09	32.19	0.35	4.5	0.66	3.5	1.7	북동	34	20.2	1010.2	-	124	
2021-07-02 00:45:00	9.7	북서	320	18.20	32.21	0.34	4.5	0.49	4.5	1.5	북동	45	20.2	1010.2	-	243	
2021-07-02 00:50:00	10.1	북북서	329	18.11	32.15	0.42	4.7	0.64	4.0	1.5	북동	54	20.2	1010.1	-	102	
2021-07-02 00:55:00	6.9	북서	325	18.41	32.17	0.40	4.4	0.59	3.5	1.4	북동	48	20.2	1010.2	-	83	
2021-07-02 01:00:00	7.9	북서	320	18.32	32.12	0.40	4.5	0.57	3.5	1.1	북동	37	20.2	1010.2	-	111	
2021-07-02 01:05:00	9.6	북서	322	18.23	32.05	0.38	4.4	0.47	5.0	1.2	북북동	20	20.2	1010.3	-	70	
2021-07-02 01:10:00	8.6	북북서	326	18.08	32.19	0.40	4.6	0.59	4.5	1.4	북북동	17	20.2	1010.2	-	100	
2021-07-02 01:15:00	7.7	북서	309	18.10	32.16	0.41	4.4	0.57	4.0	1.4	북북동	15	20.2	1010.3	-	299	
2021-07-02 01:20:00	10.7	북서	314	18.10	32.11	0.39	4.7	0.56	5.0	1.4	북북동	13	20.0	1010.2	-	2	
2021-07-02 01:25:00	8.8	북서	323	18.01	32.13	0.47	4.4	0.72	4.0	1.5	북	1	20.1	1010.2	-	140	
2021-07-02 01:30:00	10.2	북서	322	17.97	32.15	0.43	4.5	0.70	4.0	1.1	북	357	20.3	1010.3	-	285	
2021-07-02 01:35:00	8.6	북북서	337	17.89	32.17	0.45	4.5	0.70	4.5	0.9	북북서	334	20.3	1010.3	-	279	
2021-07-02 01:40:00	9.1	북서	322	17.90	32.15	0.38	4.2	0.55	4.0	1.3	북서	316	20.1	1010.3	-	129	
2021-07-02 01:45:00	7.7	북서	323	17.83	32.20	0.41	4.5	0.55	4.0	1.4	북서	313	20.0	1010.3	-	333	
2021-07-02 01:50:00	10.7	북서	318	17.84	32.17	0.37	4.6	0.57	5.0	1.5	북서	315	20.1	1010.3	-	66	
2021-07-02 01:55:00	7.9	북서	322	17.83	32.17	0.38	4.7	0.53	4.0	1.7	북서	324	20.1	1010.3	-	61	
2021-07-02 02:00:00	9.4	북서	324	17.87	32.15	0.37	5.0	0.55	3.5	2.0	북북서	329	20.1	1010.2	-	78	
2021-07-02 02:05:00	6.4	북서	317	17.83	32.17	0.38	4.5	0.59	4.0	2.0	북북서	341	20.1	1010.1	-	232	
2021-07-02 02:10:00	8.0	북북서	329	17.84	32.13	0.39	4.6	0.55	4.0	1.9	북북서	345	20.1	1009.9	-	29	
2021-07-02 02:15:00	8.1	북북서	336	17.87	32.17	0.39	4.4	0.50	5.0	1.6	북북서	334	20.1	1010.0	-	66	
2021-07-02 02:20:00	9.1	북북서	339	17.91	32.15	0.40	4.9	0.60	5.0	1.3	북북서	330	20.0	1010.0	-	122	
2021-07-02 02:25:00	7.9	북서	316	17.99	32.18	0.42	4.4	0.66	4.5	1.3	북서	320	20.0	1010.1	-	58	
2021-07-02 02:30:00	7.2	북북서	334	18.04	32.15	0.36	4.6	0.52	5.0	1.3	북서	315	20.0	1010.1	-	58	
2021-07-02 02:35:00	8.9	북서	309	18.04	32.17	0.39	4.4	0.53	4.0	1.3	북북서	329	20.0	1010.1	-	296	
2021-07-02 02:40:00	8.5	북서	313	18.04	32.13	0.44	4.4	0.63	5.0	1.2	북북서	348	20.0	1010.0	-	23	
2021-07-02 02:45:00	8.7	북서	306	17.99	32.14	0.39	4.4	0.67	4.0	1.1	북북서	344	20.0	1010.1	-	164	
2021-07-02 02:50:00	8.9	서북서	303	17.99	32.13	0.40	4.5	0.58	4.5	1.0	북북서	347	20.1	1010.1	-	255	
2021-07-02 02:55:00	8.5	서북서	301	17.91	32.21	0.43	4.2	0.64	3.5	1.2	북북서	336	20.1	1010.1	-	44	
2021-07-02 03:00:00	9.7	북서	307	18.02	32.18	0.43	4.1	0.59	4.0	1.5	북서	317	20.1	1010.3	-	62	
2021-07-02 03:05:00	7.9	서북서	298	18.10	32.16	0.42	4.4	0.68	4.5	1.5	북서	315	20.1	1010.4	-	97	
2021-07-02 03:10:00	8.4	북서	305	18.11	32.15	0.43	4.6	0.66	4.5	1.5	북서	313	20.1	1010.5	-	206	
2021-07-02 03:15:00	6.4	북서	324	18.19	32.18	0.49	4.4	0.66	4.0	1.6	북서	322	20.1	1010.5	-	141	
2021-07-02 03:20:00	7.2	서북서	303	18.23	32.16	0.40	4.3	0.54	4.0	1.6	북서	322	20.2	1010.4	-	256	
2021-07-02 03:25:00	6.6	북서	307	18.25	32.14	0.44	4.3	0.79	4.5	1.4	북북서	328	20.2	1010.4	-	82	
2021-07-02 03:30:00	6.6	북서	311	18.27	32.16	0.44	4.3	0.67	3.5	1.3	북북서	330	20.2	1010.4	-	328	
2021-07-02 03:35:00	6.2	북북서	334	18.28	32.13	0.39	4.5	0.61	3.5	1.4	북서	326	20.1	1010.3	-	290	
2021-07-02 03:40:00	4.8	북북서	332	18.29	32.13	0.41	4.2	0.57	4.5	1.5	북서	319	20.0	1010.4	-	149	
2021-07-02 03:45:00	7.3	북서	314	18.28	32.17	0.43	4.5	0.63	4.0	1.7	북서	310	20.0	1010.4	-	105	
2021-07-02 03:50:00	6.3	북서	316	18.28	32.19	0.45	3.8	0.64	4.5	1.8	북서	318	20.1	1010.3	-	119	
2021-07-02 03:55:00	6.2	북서	308	18.35	32.16	0.45	4.2	0.69	4.0	2.0	북서	312	20.2	1010.3	-	226	
2021-07-02 04:00:00	9.8	북서	310	18.40	32.13	0.51	4.2	0.74	5.5	2.2	북서	311	20.1	1010.4	-	260	
2021-07-02 04:05:00	7.9	북서	313	18.30	32.19	0.45	3.9	0.78	4.0	2.1	북서	308	20.2	1010.5	-	46	
2021-07-02 04:10:00	10.5	북서	313	18.38	32.18	0.46	4.3	0.63	4.0	2.2	북서	313	20.3	1010.5	-	59	
2021-07-02 04:15:00	6.4	북서	315	18.37	32.13	0.46	4.3	0.60	4.0	2.2	북서	315	20.3	1010.5	-	249	
2021-07-02 04:20:00	9.1	북서	319	18.42	32.15	0.45	4.2	0.62	3.5	2.2	북서	316	20.2	1010.6	-	121	
2021-07-02 04:25:00	10.4	북서	314	18.30	32.18	0.41	4.0	0.53	5.0	2.1	북서	319	20.1	1010.6	-	313	
2021-07-02 04:30:00	10.7	북서	304	18.37	32.15	0.46	4.4	0.66	4.0	1.9	북서	313	20.2	1010.7	-	0	
2021-07-02 04:35:00	8.8	북서	308	18.43	32.03	0.43	4.3	0.58	4.5	1.6	북서	308	20.1	1010.7	-	304	
2021-07-02 04:40:00	11.5	북서	307	18.47	32.11	0.41	4.0	0.53	4.5	1.3	북서	312	20.1	1010.6	-	51	
2021-07-02 04:45:00	12.6	북서	320	18.07	32.16	0.45	4.4	0.65	4.0	1.5	북서	311	20.1	1010.7	-	46	
2021-07-02 04:50:00	13.7	북서	310	18.49	32.12	0.44	4.1	0.66	4.0	1.4	북서	316	20.0	1010.8	-	284	
2021-07-02 04:55:00	15.0	북서	306	18.52	32.14	0.52	4.3	0.75	4.5	1.4	북서	316	20.1	1010.9	-	104	
2021-07-02 05:00:00	18.0	북서	307	18.60	32.13	0.43	4.1	0.61	3.5	1.4	북서	322	20.1	1010.9	-	101	
2021-07-02 05:05:00	17.7	북서	310	18.59	32.10	0.46	4.7	0.67	5.5	1.2	북북서	328	20.0	1010.9	-	284	
2021-07-02 05:10:00	17.1	북서	312	18.57	32.12	0.40	4.2	0.59	4.5	1.1	북북서	341	20.0	1010.8	-	318	
2021-07-02 05:15:00	16.3	북서	314	18.60	32.13	0.48	4.2	0.59	4.0	0.9	북북서	343	20.1	1010.8	-	66	
2021-07-02 05:20:00	15.8	북서	313	18.61	32.13	0.41	4.1	0.51	4.0	1.0	북	354	20.1	1010.7	-	69	
2021-07-02 05:25:00	13.8	북서	310	18.66	32.13	0.44	4.3	0.60	4.5	1.1	북북동	17	20.1	1010.7	-	282	
2021-07-02 05:30:00	16.5	북서	306	18.72	32.12	0.46	4.4	0.76	4.0	1.0	북	351	20.1	1010.7	-	63	
2021-07-02 05:35:00	17.5	북서	314	18.73	32.12	0.50	4.1	0.71	3.5	1.0	북북서	347	20.1	1010.7	-	42	
2021-07-02 05:40:00	12.8	북서	312	18.80	32.11	0.45	4.3	0.68	3.5	1.0	북	352	20.1	1010.7	-	78	
2021-07-02 05:45:00	13.0	북서	313	18.85	32.09	0.40	4.3	0.51	6.0	1.1	북서	322	20.0	1010.7	-	45	
2021-07-02 05:50:00	15.5	북서	308	18.87	32.08	0.46	4.6	0.69	5.0	1.7	북서	304	20.0	1010.7	-	42	
2021-07-02 05:55:00	20.0	북서	305	18.90	32.03	0.44	4.5	0.65	4.0	1.7	북서	311	20.1	1010.7	-	35	
2021-07-02 06:00:00	17.7	북서	305	18.94	32.11	0.45	4.7	0.64	4.5	1.5	북서	318	20.1	1010.7	-	44	
2021-07-02 06:05:00	18.0	서북서	298	19.01	32.06	0.37	4.0	0.52	3.5	1.3	북서	311	20.2	1010.8	-	15	
2021-07-02 06:10:00	19.7	북서	306	19.04	32.09	0.45	4.6	0.62	5.0	1.3	북서	309	20.3	1010.9	-	46	
2021-07-02 06:15:00	22.4	북서	309	19.06	32.05	0.41	4.6	0.55	3.5	1.4	북서	318	20.5	1010.9	-	50	
2021-07-02 06:20:00	21.1	북서	304	19.14	32.08	0.45	4.4	0.72	4.0	1.4	북서	307	20.7	1011.0	-	102	
2021-07-02 06:25:00	23.0	북서	304	19.19	32.09	0.51	4.3	0.74	3.5	1.4	서북서	302	20.9	1011.0	-	68	
2021-07-02 06:30:00	20.4	북서	308	19.21	32.08	0.43	4.1	0.67	4.5	1.3	북서	304	21.0	1011.0	-	124	
2021-07-02 06:35:00	18.8	북서	311	19.20	32.12	0.45	4.3	0.59	4.5	1.3	북서	305	21.1	1011.0	-	126	
2021-07-02 06:40:00	19.6	북서	308	19.22	32.13	0.43	4.1	0.60	3.0	1.4	서북서	301	21.1	1011.1	-	186	
2021-07-02 06:45:00	18.6	북서	312	19.22	32.08	0.45	4.5	0.64	4.0	1.3	북서	307	21.0	1011.1	-	162	
2021-07-02 06:50:00	18.1	북서	315	19.24	32.05	0.46	4.8	0.69	4.0	1.1	북서	314	20.9	1011.0	-	69	
2021-07-02 06:55:00	17.7	북서	314	19.26	32.08	0.43	4.7	0.57	3.0	1.0	북서	322	20.7	1011.0	-	62	
2021-07-02 07:00:00	18.7	북서	312	19.27	32.10	0.45	4.6	0.68	4.5	1.0	북서	317	20.7	1011.1	-	127	
2021-07-02 07:05:00	17.7	북서	315	19.29	32.10	0.39	3.9	0.55	4.5	0.9	북서	317	20.6	1011.2	-	64	
2021-07-02 07:10:00	16.3	북서	312	19.30	32.09	0.38	4.2	0.57	5.0	0.8	북북서	328	20.8	1011.2	-	55	
2021-07-02 07:15:00	22.1	서북서	291	19.34	32.07	0.40	4.3	0.59	5.0	0.8	북북서	339	20.9	1011.1	-	50	
2021-07-02 07:20:00	21.7	서북서	294	19.30	32.06	0.39	4.2	0.51	5.0	0.9	북북서	340	20.8	1011.2	-	39	
2021-07-02 07:25:00	23.5	서북서	295	19.34	32.08	0.40	4.3	0.70	3.0	0.8	북북서	336	21.2	1011.2	-	53	
2021-07-02 07:30:00	21.6	서북서	301	19.37	32.08	0.35	4.2	0.47	4.0	0.9	북북서	333	21.5	1011.2	-	52	
2021-07-02 07:35:00	23.5	서북서	298	19.39	32.08	0.43	4.1	0.61	4.0	1.0	북서	326	21.7	1011.3	-	263	
2021-07-02 07:40:00	25.0	서북서	298	19.44	32.07	0.39	4.3	0.59	4.0	1.1	북북서	327	21.6	1011.2	-	266	
2021-07-02 07:45:00	27.5	서북서	296	19.54	32.05	0.40	4.1	0.55	4.0	0.9	북서	324	21.7	1011.2	-	242	
2021-07-02 07:50:00	28.2	서북서	293	19.68	32.04	0.37	4.4	0.55	4.0	1.0	북서	321	22.0	1011.3	-	54	
2021-07-02 07:55:00	26.1	서북서	301	19.63	32.08	0.40	4.3	0.56	5.0	1.0	북서	322	21.8	1011.4	-	328	
2021-07-02 08:00:00	29.0	서북서	296	19.75	32.05	0.46	5.1	0.71	5.5	1.1	북북서	332	21.7	1011.5	-	51	
2021-07-02 08:05:00	27.2	서북서	297	19.78	32.04	0.37	4.3	0.50	5.0	1.2	북북서	335	21.6	1011.5	-	56	
2021-07-02 08:10:00	29.4	서북서	299	19.87	32.05	0.41	4.3	0.57	3.5	1.3	북북서	343	21.4	1011.5	-	45	
2021-07-02 08:15:00	29.7	서북서	296	19.92	32.04	0.38	4.3	0.53	4.0	1.5	북북서	340	21.3	1011.6	-	230	
2021-07-02 08:20:00	32.5	서북서	297	19.97	32.04	0.42	4.1	0.59	4.0	1.6	북북서	335	21.2	1011.7	-	108	
2021-07-02 08:25:00	28.9	서북서	302	19.96	32.02	0.39	4.5	0.50	4.5	1.3	북북서	340	21.1	1011.7	-	294	
2021-07-02 08:30:00	28.3	서북서	302	19.98	32.02	0.44	4.7	0.67	4.5	1.3	북북서	344	21.1	1011.7	-	99	
2021-07-02 08:35:00	25.7	북서	305	19.98	31.98	0.37	4.2	0.69	4.0	1.2	북북서	345	21.1	1011.8	-	56	
2021-07-02 08:40:00	25.2	북서	304	20.06	32.03	0.40	4.4	0.56	5.0	1.2	북북서	339	21.1	1011.8	-	110	
2021-07-02 08:45:00	24.9	북서	308	20.07	32.05	0.45	4.1	0.60	3.5	1.3	북북서	336	21.1	1011.8	-	97	
2021-07-02 08:50:00	24.3	북서	310	20.08	32.03	0.43	4.4	0.56	3.5	0.9	북	1	21.1	1011.9	-	156	
2021-07-02 08:55:00	23.5	북서	310	20.10	32.03	0.41	4.5	0.58	4.5	0.9	북	1	21.0	1011.9	-	194	
2021-07-02 09:00:00	21.9	북서	312	20.12	32.06	0.43	4.2	0.65	5.0	1.1	북	11	21.0	1011.9	-	122	
2021-07-02 09:05:00	22.5	북서	311	20.16	32.02	0.38	4.4	0.50	5.0	1.2	북북서	345	21.0	1011.9	-	9	
2021-07-02 09:10:00	25.2	북서	307	20.21	31.99	0.39	4.2	0.56	4.5	1.5	북북서	339	21.0	1011.9	-	303	
2021-07-02 09:15:00	26.4	북서	308	20.28	32.01	0.39	4.1	0.56	4.0	1.5	북북서	340	21.0	1011.8	-	80	
2021-07-02 09:20:00	23.5	북서	308	20.25	32.01	0.40	4.5	0.59	4.5	1.7	북	352	21.0	1011.7	-	90	
2021-07-02 09:25:00	24.6	북서	316	20.25	32.01	0.39	4.3	0.65	4.0	2.2	북	1	21.1	1011.5	-	35	
2021-07-02 09:30:00	26.0	북서	312	20.27	32.05	0.39	4.8	0.60	4.0	2.5	북	1	21.1	1011.5	-	97	
2021-07-02 09:35:00	26.2	북서	311	20.33	31.99	0.44	4.5	0.64	5.0	2.2	북북서	341	21.2	1011.7	-	287	
2021-07-02 09:40:00	26.0	북서	314	20.34	32.03	0.43	4.4	0.74	4.5	2.3	북북서	334	21.2	1011.8	-	45	
2021-07-02 09:45:00	26.9	북서	318	20.33	32.02	0.39	4.3	0.59	4.0	1.9	북북서	327	21.2	1011.9	-	59	
2021-07-02 09:50:00	27.9	북서	324	20.31	32.03	0.42	4.4	0.79	4.0	1.9	북	353	21.3	1011.9	-	180	
2021-07-02 09:55:00	28.2	북서	321	20.30	32.02	0.39	4.2	0.50	4.5	1.7	북북서	339	21.4	1012.0	-	226	
2021-07-02 10:00:00	27.9	북서	321	20.32	31.99	0.36	3.9	0.77	4.0	2.0	북	355	21.5	1011.9	-	155	
2021-07-02 10:05:00	26.7	북서	319	20.30	32.05	0.40	4.3	0.56	4.0	1.7	북	351	21.6	1011.9	-	290	
2021-07-02 10:10:00	28.0	북서	318	20.29	32.03	0.38	4.3	0.55	5.5	1.7	북	357	21.7	1012.0	-	209	
2021-07-02 10:15:00	26.5	북서	322	20.29	32.02	0.42	4.1	0.69	4.0	1.7	북북서	339	21.8	1012.1	-	251	
2021-07-02 10:20:00	26.3	북서	322	20.32	32.03	0.43	4.4	0.57	4.5	1.9	북북서	341	21.7	1012.1	-	49	
2021-07-02 10:25:00	26.0	북서	323	20.35	32.00	0.39	4.5	0.50	5.0	2.3	북북서	333	21.7	1012.2	-	100	
2021-07-02 10:30:00	25.7	북서	320	20.37	32.01	0.41	4.7	0.62	4.5	2.3	북북서	339	21.6	1012.2	-	57	
2021-07-02 10:35:00	26.8	북서	323	20.37	32.03	0.36	4.5	0.63	5.0	2.3	북북서	345	21.7	1012.1	-	78	
2021-07-02 10:40:00	26.2	북서	322	20.46	32.03	0.40	4.3	0.58	5.0	2.2	북북서	348	21.5	1012.1	-	68	
2021-07-02 10:45:00	25.3	북서	316	20.42	32.00	0.43	4.2	0.73	4.0	2.5	북	5	21.5	1012.0	-	358	
2021-07-02 10:50:00	24.9	북서	322	20.36	32.00	0.39	4.7	0.58	4.5	2.1	북	357	21.5	1012.0	-	163	
2021-07-02 10:55:00	25.6	북서	320	20.37	32.06	0.39	4.6	0.67	4.5	2.7	북	5	21.5	1011.9	-	247	
2021-07-02 11:00:00	25.7	북서	317	20.44	32.01	0.36	4.4	0.52	4.5	2.2	북	1	21.5	1012.0	-	53	
2021-07-02 11:05:00	27.1	북서	317	20.47	32.04	0.43	4.2	0.58	4.5	2.5	북	8	21.5	1011.8	-	303	
2021-07-02 11:10:00	25.8	북서	322	20.38	32.02	0.42	4.4	0.57	4.0	2.2	북	10	21.5	1011.8	-	199	
2021-07-02 11:15:00	24.9	북서	325	20.39	32.04	0.40	4.1	0.60	4.0	2.2	북북동	15	21.5	1011.9	-	257	
2021-07-02 11:20:00	25.3	북서	320	20.45	32.03	0.40	4.0	0.57	4.5	1.5	북	355	21.6	1012.0	-	122	
2021-07-02 11:25:00	22.6	북서	322	20.49	32.03	0.39	4.3	0.49	4.5	1.9	북	359	21.7	1011.9	-	132	
2021-07-02 11:30:00	22.0	북북서	327	20.50	32.02	0.42	4.1	0.64	4.5	2.0	북	353	21.7	1012.0	-	200	
2021-07-02 11:35:00	23.6	북서	325	20.43	32.01	0.36	4.1	0.54	4.5	2.3	북	354	21.7	1011.9	-	34	
2021-07-02 11:40:00	22.9	북서	326	20.38	32.03	0.40	4.1	0.58	5.0	2.0	북	354	21.7	1011.8	-	67	
2021-07-02 11:45:00	21.0	북북서	329	20.39	32.03	0.42	4.2	0.59	4.5	2.4	북	5	21.6	1011.8	-	309	
2021-07-02 11:50:00	21.2	북북서	332	20.39	32.04	0.49	4.1	0.74	4.0	2.3	북	358	21.7	1011.8	-	131	
2021-07-02 11:55:00	20.4	북북서	327	20.38	32.00	0.41	4.6	0.48	4.0	2.2	북	351	21.7	1011.8	-	38	
2021-07-02 12:00:00	19.9	북북서	329	20.47	32.03	0.42	4.1	0.64	4.5	2.0	북북서	345	21.8	1011.9	-	319	
2021-07-02 12:05:00	19.5	북북서	332	20.51	32.04	0.43	4.3	0.60	4.0	2.3	북북서	339	21.8	1011.9	-	234	
2021-07-02 12:10:00	21.6	북북서	330	20.44	31.96	0.37	4.4	0.65	4.5	2.1	북북서	338	21.9	1012.0	-	267	
2021-07-02 12:15:00	21.0	북북서	329	20.50	32.09	0.43	4.2	0.59	4.0	2.1	북북서	341	21.8	1012.0	-	272	
2021-07-02 12:20:00	18.2	북북서	335	20.42	32.03	0.42	4.1	0.68	4.5	2.1	북	349	21.8	1011.9	-	261	
2021-07-02 12:25:00	19.4	북북서	337	20.46	32.01	0.45	4.4	0.66	4.5	2.2	북북서	343	21.8	1011.8	-	212	
2021-07-02 12:30:00	19.9	북북서	339	20.39	32.02	0.41	4.5	0.71	6.0	2.5	북북서	348	21.8	1011.8	-	238	
2021-07-02 12:35:00	19.4	북북서	328	20.51	32.07	0.46	4.5	0.64	4.0	3.0	북북서	348	21.8	1011.7	-	301	
2021-07-02 12:40:00	21.7	북북서	327	20.47	32.10	0.43	4.2	0.61	4.5	3.0	북	351	21.8	1011.8	-	306	
2021-07-02 12:45:00	18.6	북북서	335	20.54	32.03	0.39	4.2	0.50	5.0	3.0	북북서	348	21.7	1011.9	-	239	
2021-07-02 12:50:00	16.3	북북서	334	20.52	32.04	0.39	4.3	0.58	4.0	2.6	북북서	347	21.7	1012.0	-	289	
2021-07-02 12:55:00	16.1	북북서	329	20.59	32.08	0.43	4.1	0.55	5.5	2.6	북북서	341	21.7	1012.1	-	230	
2021-07-02 13:00:00	14.6	북서	323	20.59	31.95	0.38	4.5	0.59	4.5	2.6	북북서	340	21.7	1012.1	-	157	
2021-07-02 13:05:00	16.4	북북서	329	20.65	32.05	0.41	4.2	0.60	4.0	2.0	북북서	335	21.7	1012.2	-	252	
2021-07-02 13:10:00	16.9	북서	322	20.65	32.06	0.36	4.3	0.60	4.0	1.8	북북서	344	21.6	1012.1	-	285	
2021-07-02 13:15:00	15.1	북서	321	20.64	32.09	0.43	4.6	0.62	4.5	1.8	북	351	21.7	1012.0	-	92	
2021-07-02 13:20:00	14.3	북서	308	20.70	32.07	0.40	4.4	0.50	5.0	2.0	북	356	21.8	1012.0	-	238	
2021-07-02 13:25:00	14.8	북북서	328	20.68	32.06	0.41	4.2	0.58	4.0	1.6	북북서	346	21.8	1012.1	-	110	
2021-07-02 13:30:00	14.5	북서	324	20.71	32.07	0.40	4.1	0.59	4.0	1.6	북북서	342	21.9	1012.2	-	280	
2021-07-02 13:35:00	16.4	북서	325	20.71	32.04	0.39	4.3	0.56	4.0	1.7	북북서	338	22.0	1012.2	-	262	
2021-07-02 13:40:00	12.8	북서	325	20.69	32.06	0.33	4.3	0.48	4.0	1.7	북북서	330	22.0	1012.2	-	285	
2021-07-02 13:45:00	18.0	북서	315	20.66	32.07	0.40	4.7	0.73	4.5	1.7	북북서	330	21.9	1012.2	-	338	
2021-07-02 13:50:00	12.9	북서	325	20.69	32.07	0.44	4.2	0.63	4.5	1.7	북북서	329	21.9	1012.2	-	165	
2021-07-02 13:55:00	13.6	북서	314	20.64	32.05	0.41	4.8	0.54	4.0	1.6	북서	322	21.9	1012.2	-	191	
2021-07-02 14:00:00	16.6	북서	315	20.74	32.11	0.41	4.4	0.55	4.5	1.9	북북서	328	21.9	1012.2	-	354	
2021-07-02 14:05:00	14.3	서북서	304	20.78	32.07	0.40	4.3	0.67	4.0	2.2	북서	326	21.9	1012.2	-	238	
2021-07-02 14:10:00	15.8	북서	315	20.74	32.06	0.40	4.5	0.58	3.5	2.6	북북서	328	22.0	1012.0	-	23	
2021-07-02 14:15:00	16.7	북서	316	20.72	32.04	0.42	4.6	0.59	4.5	2.7	북북서	330	22.2	1011.9	-	73	
2021-07-02 14:20:00	16.6	북서	314	20.80	32.07	0.43	4.6	0.66	4.0	2.6	북서	326	22.2	1011.9	-	274	
2021-07-02 14:25:00	14.8	서북서	300	20.88	32.07	0.37	4.7	0.53	4.5	2.3	북서	321	22.3	1011.9	-	84	
2021-07-02 14:30:00	13.8	북서	310	20.86	32.10	0.39	4.3	0.62	4.5	2.1	북서	311	22.4	1011.8	-	249	
2021-07-02 14:35:00	16.2	북서	304	20.88	32.06	0.38	4.2	0.64	4.5	2.3	북서	319	22.3	1011.9	-	262	
2021-07-02 14:40:00	18.3	북서	306	20.91	32.07	0.40	4.3	0.57	4.5	2.7	북북서	330	22.2	1012.0	-	256	
2021-07-02 14:45:00	19.9	서북서	299	20.97	32.08	0.43	4.8	0.65	4.0	2.8	북북서	333	22.4	1012.0	-	47	
2021-07-02 14:50:00	17.3	북서	308	20.96	32.06	0.41	4.8	0.57	4.5	2.3	북서	323	22.4	1012.0	-	282	
2021-07-02 14:55:00	18.8	북서	304	20.92	32.01	0.38	4.5	0.53	4.0	2.0	북서	313	22.3	1012.1	-	260	
2021-07-02 15:00:00	18.2	북서	312	20.91	32.06	0.40	4.5	0.70	4.5	2.2	북서	319	22.2	1012.1	-	270	
2021-07-02 15:05:00	15.2	북북서	335	20.46	31.96	0.37	4.6	0.58	4.0	1.9	북북서	331	22.2	1012.1	-	75	
2021-07-02 15:10:00	12.8	북북서	341	20.52	31.98	0.41	4.3	0.67	4.5	1.8	북북서	333	22.2	1012.0	-	268	
2021-07-02 15:15:00	14.0	북북서	329	20.60	31.93	0.36	4.1	0.52	4.0	1.4	북북서	337	22.2	1012.0	-	82	
2021-07-02 15:20:00	16.3	북북서	342	20.48	32.01	0.40	4.2	0.66	4.0	1.1	북	349	22.3	1011.9	-	314	
2021-07-02 15:25:00	14.7	북	351	20.38	31.98	0.45	4.5	0.71	4.0	1.4	북북서	337	22.3	1012.0	-	85	
2021-07-02 15:30:00	12.6	북북서	348	20.27	32.01	0.43	4.0	0.70	5.0	1.2	북서	325	22.5	1012.0	-	67	
2021-07-02 15:35:00	14.0	북북서	348	20.28	32.06	0.40	4.4	0.52	3.5	1.0	북북서	329	22.7	1012.0	-	93	
2021-07-02 15:40:00	11.8	북북서	342	20.32	32.05	0.41	4.5	0.61	3.5	1.4	북서	323	22.6	1012.0	-	307	
2021-07-02 15:45:00	13.8	북	1	20.17	32.03	0.47	4.4	0.64	4.5	1.3	북서	322	22.5	1011.9	-	102	
2021-07-02 15:50:00	12.5	북	1	20.03	32.00	0.45	4.1	0.64	4.0	1.6	북북서	334	22.4	1011.8	-	200	
2021-07-02 15:55:00	13.3	북	1	20.04	32.06	0.40	4.1	0.54	4.5	1.7	북북서	346	22.3	1011.6	-	233	
2021-07-02 16:00:00	13.7	북	357	20.18	32.07	0.43	4.3	0.69	4.5	1.9	북	352	22.4	1011.4	-	267	
2021-07-02 16:05:00	14.7	북	1	20.17	32.06	0.42	4.6	0.69	4.5	1.7	북	349	22.5	1011.2	-	289	
2021-07-02 16:10:00	15.8	북	358	20.23	32.07	0.42	4.3	0.60	4.5	1.6	북	349	22.5	1011.2	-	98	
2021-07-02 16:15:00	14.8	북	2	20.27	31.97	0.43	4.3	0.80	4.0	1.3	북북서	341	22.5	1011.2	-	111	
2021-07-02 16:20:00	15.2	북	4	20.29	32.06	0.39	4.2	0.60	4.5	1.2	북서	320	22.5	1011.3	-	40	
2021-07-02 16:25:00	16.1	북	0	20.28	32.04	0.39	4.2	0.64	4.5	1.2	북서	326	22.5	1011.3	-	46	
2021-07-02 16:30:00	16.6	북	2	20.32	32.06	0.42	4.6	0.56	4.5	1.5	북서	319	22.4	1011.4	-	239	
2021-07-02 16:35:00	13.8	북	356	20.39	32.03	0.42	3.9	0.64	4.5	1.6	북북서	329	22.5	1011.5	-	212	
2021-07-02 16:40:00	14.1	북북서	346	20.46	32.05	0.39	4.8	0.62	5.0	1.6	북북서	337	22.6	1011.5	-	20	
2021-07-02 16:45:00	12.0	북북서	344	20.48	32.08	0.41	4.4	0.70	5.0	1.5	북북서	331	22.8	1011.5	-	37	
2021-07-02 16:50:00	11.3	북북서	348	20.53	32.04	0.39	4.4	0.49	3.0	1.6	북서	321	22.8	1011.6	-	246	
2021-07-02 16:55:00	10.6	북북서	340	20.52	32.06	0.37	4.3	0.50	3.5	1.8	북북서	337	22.8	1011.7	-	156	
2021-07-02 17:00:00	15.1	북	349	20.50	32.03	0.47	4.4	0.76	4.5	1.7	북	357	22.9	1011.6	-	52	
2021-07-02 17:05:00	12.9	북	360	20.50	32.06	0.42	4.6	0.66	4.5	1.4	북	2	22.8	1011.4	-	327	
2021-07-02 17:10:00	12.7	북	355	20.54	32.04	0.37	4.4	0.62	4.0	1.4	북	3	22.8	1011.4	-	287	
2021-07-02 17:15:00	12.9	북	358	20.53	32.01	0.41	4.4	0.60	4.5	1.2	북	11	23.0	1011.2	-	58	
2021-07-02 17:20:00	13.9	북	355	20.47	32.02	0.40	4.2	0.52	3.5	0.9	북	9	23.1	1011.3	-	220	
2021-07-02 17:25:00	11.4	북북서	345	20.42	32.03	0.39	4.4	0.54	3.0	0.8	북	358	22.9	1011.5	-	261	
2021-07-02 17:30:00	10.3	북북서	349	20.46	32.03	0.38	4.0	0.60	5.0	0.9	북북서	334	22.6	1011.8	-	50	
2021-07-02 17:35:00	11.4	북북서	346	20.52	31.95	0.43	4.4	0.63	4.5	1.0	북서	320	22.7	1011.9	-	245	
2021-07-02 17:40:00	10.8	북	356	20.50	32.02	0.34	4.2	0.44	4.0	1.4	북서	315	22.8	1011.9	-	88	
2021-07-02 17:45:00	9.2	북	1	20.42	32.00	0.42	4.4	0.60	5.5	1.6	북서	326	22.7	1011.9	-	31	
2021-07-02 17:50:00	8.6	북	1	20.28	32.09	0.39	4.1	0.67	4.0	1.5	북북서	341	22.7	1011.7	-	289	
2021-07-02 17:55:00	9.8	북	356	20.32	32.03	0.45	4.0	0.72	3.5	1.7	북북서	347	22.6	1011.7	-	293	
2021-07-02 18:00:00	9.1	북	6	20.19	31.85	0.46	4.1	0.60	4.5	1.3	북북서	337	22.7	1011.9	-	247	
2021-07-02 18:05:00	8.6	북	1	19.97	31.99	0.39	4.2	0.56	3.5	1.3	북북서	329	22.7	1011.8	-	56	
2021-07-02 18:10:00	10.1	북	0	20.19	31.98	0.41	4.0	0.61	3.0	1.6	북서	326	22.6	1011.9	-	224	
2021-07-02 18:15:00	9.1	북	353	20.33	32.02	0.41	4.4	0.66	4.0	1.5	북북서	332	22.5	1011.8	-	41	
2021-07-02 18:20:00	10.4	북북서	346	20.35	32.07	0.48	4.1	0.76	4.0	1.3	북북서	328	22.6	1011.7	-	244	
2021-07-02 18:25:00	8.4	북북서	347	20.41	31.96	0.45	4.2	0.62	3.5	1.1	북북서	331	22.6	1011.7	-	259	
2021-07-02 18:30:00	8.2	북	356	20.35	31.99	0.39	3.9	0.49	3.0	0.9	북	350	22.6	1011.7	-	87	
2021-07-02 18:35:00	8.5	북	357	20.23	31.90	0.43	4.5	0.57	4.5	0.9	북서	319	22.7	1011.7	-	254	
2021-07-02 18:40:00	6.7	북	354	20.30	32.04	0.36	4.3	0.50	4.0	1.2	서북서	298	22.6	1011.8	-	69	
2021-07-02 18:45:00	6.4	북북서	344	20.43	32.01	0.45	4.3	0.61	4.0	1.3	서북서	283	22.2	1011.8	-	109	
2021-07-02 18:50:00	6.7	북북서	334	20.53	32.03	0.44	4.6	0.68	5.5	1.4	서북서	287	21.8	1011.9	-	243	
2021-07-02 18:55:00	5.3	북북서	331	20.61	32.05	0.48	4.7	0.89	4.0	1.6	서북서	295	21.8	1012.0	-	253	
2021-07-02 19:00:00	7.8	북서	307	20.79	31.88	0.47	4.3	0.85	4.5	1.7	서북서	294	22.0	1012.1	-	142	
2021-07-02 19:05:00	5.6	북북서	333	20.59	31.84	0.42	4.1	0.61	4.0	2.0	서북서	303	21.9	1011.9	-	247	
2021-07-02 19:10:00	4.3	북북서	344	20.16	31.81	0.40	4.6	0.58	4.0	1.7	북서	315	21.9	1011.8	-	14	
2021-07-02 19:15:00	4.6	북북서	339	20.19	32.10	0.44	4.2	0.70	5.0	1.6	북서	318	21.7	1011.8	-	206	
2021-07-02 19:20:00	7.0	서북서	304	20.94	32.19	0.43	4.6	0.67	3.5	1.4	북서	325	21.6	1011.8	-	24	
2021-07-02 19:25:00	6.8	서북서	304	21.12	32.04	0.40	4.2	0.64	4.5	1.4	북서	324	21.6	1011.7	-	227	
2021-07-02 19:30:00	4.5	북서	314	20.82	31.95	0.42	4.3	0.60	4.0	1.4	북서	325	21.6	1011.7	-	252	
2021-07-02 19:35:00	6.1	북서	314	20.97	32.08	0.51	4.3	0.71	4.5	1.4	북서	325	21.6	1011.7	-	35	
2021-07-02 19:40:00	3.6	북북서	337	20.32	31.86	0.40	4.2	0.55	3.5	1.5	북북서	337	21.5	1011.8	-	31	
2021-07-02 19:45:00	4.2	북서	322	19.94	32.35	0.42	4.3	0.72	3.5	1.2	북북서	338	21.5	1011.8	-	265	
2021-07-02 19:50:00	5.0	북서	321	20.52	31.78	0.46	4.3	0.71	4.0	1.3	북	352	21.4	1011.8	-	71	
2021-07-02 19:55:00	6.5	북서	321	20.67	32.00	0.49	4.4	0.79	4.0	1.3	북북서	347	21.4	1011.8	-	247	
2021-07-02 20:00:00	5.1	북	350	20.28	31.97	0.42	4.4	0.57	4.5	1.5	북북서	335	21.4	1011.9	-	37	
2021-07-02 20:05:00	4.3	북서	313	19.95	31.82	0.39	4.3	0.53	5.5	1.7	북북서	328	21.4	1011.9	-	65	
2021-07-02 20:10:00	5.0	북북서	329	20.63	32.22	0.43	4.4	0.66	3.5	1.7	북서	316	21.4	1012.0	-	140	
2021-07-02 20:15:00	5.8	북서	319	20.48	32.24	0.40	4.4	0.54	5.0	1.9	북서	324	21.3	1012.1	-	20	
2021-07-02 20:20:00	4.9	북서	321	20.37	32.18	0.47	4.2	0.67	4.5	1.7	북서	314	21.3	1012.1	-	24	
2021-07-02 20:25:00	4.7	북북서	336	20.68	31.87	0.43	4.0	0.65	3.5	1.4	서북서	303	21.3	1012.2	-	269	
2021-07-02 20:30:00	7.7	북서	312	20.90	32.15	0.49	4.1	0.76	4.0	1.3	북서	308	21.3	1012.2	-	237	
2021-07-02 20:35:00	6.1	북북서	330	20.28	31.83	0.42	4.0	0.64	4.5	1.3	북서	315	21.3	1012.3	-	58	
2021-07-02 20:40:00	5.5	북	360	20.05	31.99	0.41	4.2	0.74	3.5	1.2	서북서	303	21.3	1012.4	-	35	
2021-07-02 20:45:00	5.6	북서	311	19.64	31.84	0.43	4.4	0.68	5.0	1.5	북서	312	21.3	1012.5	-	59	
2021-07-02 20:50:00	5.9	북북서	329	19.43	31.97	0.47	4.0	0.70	3.5	1.7	북서	307	21.2	1012.6	-	270	
2021-07-02 20:55:00	6.1	북	350	19.72	32.02	0.40	4.2	0.56	3.5	2.0	북서	312	21.2	1012.6	-	252	
2021-07-02 21:00:00	4.3	북서	315	19.77	32.01	0.46	4.1	0.56	4.0	2.2	북서	318	21.2	1012.7	-	65	
2021-07-02 21:05:00	4.5	서북서	302	20.65	32.23	0.45	4.6	0.76	5.5	1.7	북서	308	21.2	1012.7	-	47	
2021-07-02 21:10:00	7.7	서북서	299	20.97	31.99	0.43	4.7	0.72	4.5	1.6	서북서	299	21.2	1012.7	-	220	
2021-07-02 21:15:00	8.4	북서	311	21.07	32.05	0.46	4.3	0.81	4.0	1.9	서북서	283	21.1	1012.9	-	35	
2021-07-02 21:20:00	8.0	북서	306	19.60	31.71	0.51	4.6	0.67	4.5	1.9	서북서	282	21.0	1012.9	-	248	
2021-07-02 21:25:00	9.9	북서	305	19.59	31.99	0.44	4.6	0.62	5.0	1.9	서북서	289	21.0	1013.0	-	225	
2021-07-02 21:30:00	7.7	북서	305	19.62	32.32	0.48	4.7	0.72	4.5	1.9	서북서	285	21.1	1013.1	-	37	
2021-07-02 21:35:00	6.6	북서	317	19.77	32.18	0.46	4.6	0.66	4.0	2.1	서	275	21.1	1013.1	-	33	
2021-07-02 21:40:00	7.3	북서	320	19.92	31.91	0.42	4.0	0.58	3.5	1.9	서	264	21.1	1013.0	-	238	
2021-07-02 21:45:00	6.6	북서	321	19.70	32.21	0.43	4.6	0.58	4.0	2.4	서	272	21.1	1013.1	-	84	
2021-07-02 21:50:00	8.1	북서	323	19.73	31.97	0.41	4.2	0.60	4.5	2.2	서	270	21.1	1013.2	-	45	
2021-07-02 21:55:00	10.0	북서	310	19.55	32.07	0.40	4.4	0.57	4.5	2.2	서	268	21.2	1013.2	-	70	
2021-07-02 22:00:00	8.4	북서	322	19.95	31.91	0.45	4.6	0.68	5.5	2.1	서	269	21.2	1013.3	-	0	
2021-07-02 22:05:00	7.9	북서	316	19.88	32.37	0.41	4.7	0.57	4.5	1.9	서	277	21.2	1013.4	-	63	
2021-07-02 22:10:00	5.5	서북서	299	19.91	32.18	0.43	4.8	0.58	3.5	2.0	서	276	21.2	1013.4	-	137	
2021-07-02 22:15:00	8.1	북서	310	20.17	32.00	0.51	4.6	0.93	4.0	2.0	서북서	284	21.2	1013.4	-	46	
2021-07-02 22:20:00	6.5	북서	305	20.58	31.91	0.46	4.6	0.67	4.0	1.9	서북서	283	21.1	1013.5	-	32	
2021-07-02 22:25:00	6.9	서북서	292	20.58	32.14	0.49	4.7	0.68	4.0	1.7	서북서	291	21.0	1013.6	-	57	
2021-07-02 22:30:00	8.7	북북서	327	19.83	31.87	0.48	4.7	0.71	5.5	2.0	서북서	291	21.0	1013.7	-	261	
2021-07-02 22:35:00	8.4	북서	323	19.66	32.15	0.44	4.4	0.70	4.0	2.2	서북서	297	20.8	1013.8	-	41	
2021-07-02 22:40:00	7.6	북북서	331	20.05	32.29	0.52	4.6	0.66	4.0	2.0	서북서	297	20.8	1013.8	-	278	
2021-07-02 22:45:00	7.1	북서	322	19.65	31.94	0.53	4.7	0.74	5.0	2.1	서북서	295	20.7	1013.8	-	46	
2021-07-02 22:50:00	7.1	북북서	341	19.76	31.89	0.43	4.4	0.62	4.5	1.8	서북서	295	20.8	1013.8	-	143	
2021-07-02 22:55:00	7.7	북서	311	20.12	32.07	0.48	4.5	0.66	4.5	2.1	서북서	302	20.8	1013.8	-	266	
2021-07-02 23:00:00	4.9	서북서	294	19.89	31.95	0.49	4.3	0.79	4.0	1.9	북서	309	20.9	1013.7	-	222	
2021-07-02 23:05:00	16.1	서	272	21.06	32.06	0.44	4.7	0.71	6.5	1.9	서북서	299	20.8	1013.6	-	86	
2021-07-02 23:10:00	13.9	서	278	21.13	32.04	0.46	4.9	0.62	5.0	1.6	서북서	297	20.8	1013.5	-	63	
2021-07-02 23:15:00	14.7	서	272	21.10	32.07	0.45	4.9	0.58	5.0	1.5	서북서	289	20.9	1013.5	-	49	
2021-07-02 23:20:00	12.2	서북서	288	21.09	32.00	0.53	4.9	0.68	4.5	1.1	서북서	285	21.0	1013.6	-	175	
2021-07-02 23:25:00	15.0	서	271	21.19	31.98	0.54	4.8	0.67	4.5	1.1	서북서	291	21.0	1013.5	-	58	
2021-07-02 23:30:00	18.1	서	280	21.15	31.93	0.53	4.8	0.77	4.5	1.7	서북서	293	20.9	1013.5	-	55	
2021-07-02 23:35:00	15.3	서북서	284	21.15	31.97	0.48	5.2	0.68	4.5	1.6	서북서	288	21.0	1013.5	-	74	
2021-07-02 23:40:00	12.3	서	281	20.81	31.82	0.45	4.8	0.51	4.5	2.0	서	278	21.1	1013.5	-	295	
2021-07-02 23:45:00	19.0	서	279	21.06	32.07	0.50	4.7	0.91	5.0	2.2	서	266	21.2	1013.6	-	111	
2021-07-02 23:50:00	18.8	서북서	286	21.01	31.75	0.48	5.1	0.69	5.0	2.2	서	264	21.1	1013.6	-	28	
2021-07-02 23:55:00	15.4	서북서	288	20.74	32.11	0.42	4.7	0.59	5.0	2.4	서남서	255	21.1	1013.5	-	71	
2021-07-03 00:00:00	19.5	서북서	288	21.07	31.98	0.49	5.0	0.65	4.0	2.6	서남서	249	21.1	1013.5	-	147	
2021-07-03 00:05:00	17.0	서북서	292	21.05	31.95	0.51	4.6	0.70	5.0	2.5	서남서	252	21.1	1013.4	-	69	
2021-07-03 00:10:00	20.0	서	277	21.07	31.92	0.48	4.8	0.82	5.0	2.4	서남서	247	21.1	1013.3	-	103	
2021-07-03 00:15:00	21.9	서	280	21.14	31.91	0.53	4.9	0.75	5.0	2.4	서남서	250	21.1	1013.2	-	78	
2021-07-03 00:20:00	19.9	서	273	21.14	32.00	0.47	5.3	0.71	5.5	2.3	서남서	254	21.1	1013.2	-	35	
2021-07-03 00:25:00	20.2	서	280	21.12	32.00	0.56	5.1	0.67	5.5	2.1	서남서	256	21.2	1013.2	-	47	
2021-07-03 00:30:00	23.0	서	278	21.14	31.98	0.59	5.3	0.79	5.5	1.8	서남서	251	21.3	1013.2	-	90	
2021-07-03 00:35:00	21.6	서	280	21.13	31.97	0.49	5.3	0.79	4.5	2.1	서남서	249	21.2	1013.1	-	75	
2021-07-03 00:40:00	23.0	서북서	284	21.16	31.97	0.52	4.9	0.74	5.0	2.2	서남서	249	21.3	1013.1	-	93	
2021-07-03 00:45:00	21.7	서북서	291	21.17	31.98	0.49	5.0	0.69	4.5	1.9	서남서	252	21.3	1013.1	-	110	
2021-07-03 00:50:00	20.7	서북서	286	21.16	31.97	0.52	5.2	0.74	5.5	1.6	서남서	251	21.4	1013.0	-	77	
2021-07-03 00:55:00	21.7	서북서	288	21.18	31.98	0.44	5.0	0.63	5.0	1.3	서남서	255	21.3	1012.9	-	99	
2021-07-03 01:00:00	19.3	북서	304	21.07	31.89	0.59	5.2	1.00	5.5	1.6	서남서	257	21.4	1012.8	-	64	
2021-07-03 01:05:00	19.6	서북서	293	21.17	31.96	0.52	4.9	0.75	5.0	1.6	서	264	21.4	1012.8	-	88	
2021-07-03 01:10:00	20.7	서북서	301	21.18	31.96	0.54	5.3	0.94	4.5	1.8	서	280	21.4	1012.7	-	95	
2021-07-03 01:15:00	22.3	서북서	297	21.18	31.95	0.64	5.2	0.76	5.0	1.7	북서	316	21.4	1012.7	-	101	
2021-07-03 01:20:00	20.1	북서	305	21.18	31.98	0.57	5.0	0.68	5.0	2.0	북	349	21.1	1012.7	-	85	
2021-07-03 01:25:00	16.4	북서	305	21.21	31.99	0.59	4.9	0.86	5.0	2.0	북북서	337	20.9	1012.6	-	70	
2021-07-03 01:30:00	16.6	북서	314	21.21	31.98	0.56	5.0	0.93	5.0	1.5	북북서	333	20.7	1012.6	-	71	
2021-07-03 01:35:00	16.4	북서	317	21.17	31.98	0.57	5.1	0.79	5.0	1.3	북북서	332	20.7	1012.5	-	77	
2021-07-03 01:40:00	19.0	북서	312	21.22	31.99	0.56	5.3	0.99	5.0	1.6	북북서	328	20.7	1012.5	-	93	
2021-07-03 01:45:00	16.6	북서	324	21.22	31.98	0.61	5.2	0.90	5.0	2.0	북서	310	20.7	1012.4	-	79	
2021-07-03 01:50:00	16.7	북북서	327	21.19	31.98	0.61	5.3	0.84	5.5	1.9	북서	316	20.7	1012.3	-	101	
2021-07-03 01:55:00	17.3	북북서	329	21.19	31.97	0.66	5.0	1.04	5.5	1.5	북서	319	20.8	1012.3	-	86	
2021-07-03 02:00:00	17.5	북북서	327	21.19	31.97	0.59	5.2	0.76	4.5	1.4	서북서	302	20.8	1012.3	-	88	
2021-07-03 02:05:00	17.8	북북서	327	21.23	31.97	0.71	5.1	0.93	5.0	1.4	서북서	298	20.8	1012.3	-	93	
2021-07-03 02:10:00	18.2	북북서	334	21.23	31.99	0.64	5.3	1.03	5.5	0.9	서북서	290	20.9	1012.3	-	79	
2021-07-03 02:15:00	18.6	북북서	337	21.23	31.89	0.57	5.1	0.87	5.0	0.7	북서	307	20.9	1012.3	-	84	
2021-07-03 02:20:00	18.4	북북서	340	21.23	31.93	0.57	5.2	0.84	5.0	1.9	북서	323	20.9	1012.2	-	80	
2021-07-03 02:25:00	17.7	북북서	340	21.23	31.97	0.58	5.1	0.81	4.5	2.0	북서	315	20.9	1012.2	-	113	
2021-07-03 02:30:00	17.3	북북서	343	21.20	31.99	0.63	4.9	0.95	4.5	1.6	북서	310	20.8	1012.2	-	84	
2021-07-03 02:35:00	17.1	북북서	340	21.21	31.98	0.50	5.0	0.79	4.5	1.4	서북서	287	20.8	1012.2	-	140	
2021-07-03 02:40:00	16.5	북북서	347	21.21	31.99	0.55	5.3	0.97	5.0	1.6	서	276	20.8	1012.2	-	89	
2021-07-03 02:45:00	17.2	북북서	347	21.20	32.00	0.60	5.5	0.96	5.5	1.8	서	271	20.8	1012.2	-	67	
2021-07-03 02:50:00	20.2	북북서	348	21.20	31.96	0.69	5.2	0.88	5.5	1.6	서북서	293	20.8	1012.1	-	67	
2021-07-03 02:55:00	19.6	북	351	21.20	31.99	0.57	5.3	0.99	5.0	1.5	서북서	302	20.8	1012.1	-	112	
2021-07-03 03:00:00	19.9	북	349	21.19	31.94	0.67	5.3	1.26	5.0	1.5	서북서	303	20.9	1012.0	-	70	
2021-07-03 03:05:00	20.6	북북서	337	21.17	31.94	0.61	5.5	0.76	6.0	1.5	북서	306	21.0	1012.0	-	56	
2021-07-03 03:10:00	19.9	북북서	341	21.18	31.98	0.63	5.1	1.02	5.0	1.8	서북서	297	21.0	1012.0	-	74	
2021-07-03 03:15:00	18.9	북북서	335	21.17	31.94	0.65	5.3	0.94	5.0	2.1	북서	305	21.0	1012.0	-	71	
2021-07-03 03:20:00	18.0	북북서	339	21.15	31.96	0.67	5.3	1.00	5.0	1.9	서북서	285	20.9	1012.1	-	103	
2021-07-03 03:25:00	16.9	북북서	341	21.11	31.97	0.52	5.1	0.62	4.5	2.0	서	276	20.9	1012.1	-	46	
2021-07-03 03:30:00	20.0	북북서	338	21.09	31.96	0.60	5.2	0.87	5.5	1.8	서	273	20.9	1012.0	-	104	
2021-07-03 03:35:00	18.7	북서	326	21.08	31.96	0.63	4.9	0.93	5.5	1.4	서	278	21.0	1012.0	-	92	
2021-07-03 03:40:00	19.0	북북서	327	21.06	31.95	0.65	5.2	0.88	6.0	1.4	서	271	21.0	1012.0	-	100	
2021-07-03 03:45:00	21.4	북서	323	21.05	31.96	0.65	5.6	0.83	5.0	1.7	서남서	258	21.1	1012.1	-	102	
2021-07-03 03:50:00	15.2	북북서	327	21.04	31.96	0.68	5.1	0.98	5.5	2.1	서남서	253	21.1	1012.1	-	87	
2021-07-03 03:55:00	15.4	북서	319	21.03	31.93	0.58	5.3	0.78	5.5	1.6	서남서	255	21.1	1012.1	-	93	
2021-07-03 04:00:00	13.0	북북서	333	20.95	31.95	0.62	5.0	0.76	5.0	1.3	서남서	250	21.2	1012.2	-	57	
2021-07-03 04:05:00	13.8	북북서	339	20.89	31.94	0.72	5.1	1.07	5.0	0.9	서남서	241	21.3	1012.2	-	87	
2021-07-03 04:10:00	14.8	북북서	336	20.92	31.92	0.61	5.3	0.83	5.5	1.0	서남서	245	21.2	1012.2	-	109	
2021-07-03 04:15:00	11.4	북서	326	20.91	31.92	0.59	5.4	0.79	6.0	1.2	서남서	250	21.2	1012.2	-	87	
2021-07-03 04:20:00	12.0	북북서	327	20.91	31.92	0.59	5.3	0.94	5.5	1.2	서남서	250	21.2	1012.3	-	89	
2021-07-03 04:25:00	9.1	북북서	335	20.92	31.92	0.64	5.4	1.12	5.0	1.1	남서	228	21.2	1012.3	-	85	
2021-07-03 04:30:00	10.5	북서	312	20.91	31.92	0.74	5.1	1.17	5.5	1.2	남서	217	21.2	1012.3	-	117	
2021-07-03 04:35:00	12.1	북서	314	20.91	31.92	0.67	5.4	0.96	5.0	1.0	남서	236	21.1	1012.3	-	105	
2021-07-03 04:40:00	7.9	북서	324	20.92	31.95	0.62	5.2	0.77	5.5	1.3	서남서	254	21.1	1012.2	-	153	
2021-07-03 04:45:00	10.8	서북서	303	20.93	31.95	0.80	5.4	1.01	5.5	1.0	서	266	21.1	1012.2	-	78	
2021-07-03 04:50:00	11.1	서북서	303	20.95	31.96	0.69	5.4	0.91	5.5	0.3	서남서	249	21.1	1012.1	-	100	
2021-07-03 04:55:00	11.1	북서	310	20.96	31.96	0.73	5.3	0.95	5.0	0.7	서남서	240	21.0	1012.2	-	76	
2021-07-03 05:00:00	11.2	북서	308	20.97	31.93	0.66	5.5	1.04	5.0	0.9	서남서	254	20.9	1012.2	-	114	
2021-07-03 05:05:00	12.2	북서	316	20.95	31.96	0.65	5.2	1.02	5.0	1.0	서남서	256	21.0	1012.3	-	118	
2021-07-03 05:10:00	12.8	서북서	303	20.94	31.96	0.73	5.3	1.15	4.5	0.9	서	275	21.0	1012.3	-	113	
2021-07-03 05:15:00	13.6	서북서	297	20.91	31.92	0.66	5.6	0.99	5.5	1.2	서북서	296	21.1	1012.4	-	82	
2021-07-03 05:20:00	10.4	북서	314	20.83	31.94	0.65	5.5	1.02	4.5	1.4	북서	308	21.1	1012.4	-	115	
2021-07-03 05:25:00	12.9	북서	322	20.84	31.90	0.70	5.4	0.87	5.0	1.4	북서	319	21.1	1012.3	-	89	
2021-07-03 05:30:00	14.4	북서	318	20.81	31.95	0.61	5.1	1.01	5.0	1.3	북서	320	21.1	1012.2	-	124	
2021-07-03 05:35:00	13.7	북서	320	20.83	31.90	0.58	5.2	0.77	5.5	1.0	북서	317	21.1	1012.2	-	82	
2021-07-03 05:40:00	14.0	북서	321	20.86	31.88	0.72	5.1	1.27	5.5	0.8	북서	310	21.1	1012.2	-	99	
2021-07-03 05:45:00	12.1	북서	326	20.86	31.92	0.67	5.3	0.87	5.5	1.0	서북서	297	21.1	1012.2	-	92	
2021-07-03 05:50:00	14.4	북서	317	20.85	31.87	0.57	5.0	0.90	5.0	1.7	서북서	289	21.0	1012.2	-	91	
2021-07-03 05:55:00	18.8	북서	313	20.85	31.80	0.69	5.1	1.27	5.0	1.9	서북서	300	20.9	1012.3	-	115	
2021-07-03 06:00:00	15.9	북서	309	20.84	31.93	0.73	5.1	1.02	5.5	1.9	북서	307	20.9	1012.2	-	73	
2021-07-03 06:05:00	14.9	북북서	328	20.67	31.94	0.67	4.9	1.02	4.0	1.8	북서	326	20.8	1012.2	-	107	
2021-07-03 06:10:00	15.7	북서	318	20.46	31.98	0.71	5.1	0.92	5.0	1.7	북서	308	20.7	1012.3	-	105	
2021-07-03 06:15:00	13.9	북서	316	20.68	31.94	0.72	5.1	1.01	5.5	1.5	북서	312	20.7	1012.3	-	38	
2021-07-03 06:20:00	-	-	-	-	-	-	-	-	-	-	-	-	-	-	-	-	
2021-07-03 06:25:00	16.3	북북서	328	20.59	31.88	0.38	4.3	0.77	4.3	2.0	북서	316	20.7	1012.2	-	51	
2021-07-03 06:30:00	19.7	북서	320	20.46	31.60	0.62	5.0	0.92	5.0	2.0	북서	313	20.6	1012.2	-	70	
2021-07-03 06:35:00	19.8	북서	324	20.17	31.80	0.69	5.3	0.87	5.5	2.0	서북서	302	20.6	1012.3	-	261	
2021-07-03 06:40:00	18.7	북북서	326	20.09	31.92	0.68	5.1	0.95	5.0	1.8	서북서	303	20.6	1012.4	-	97	
2021-07-03 06:45:00	19.9	북북서	326	20.18	31.81	0.64	5.3	0.97	5.0	1.7	북서	311	20.6	1012.4	-	90	
2021-07-03 06:50:00	18.1	북북서	334	20.03	31.63	0.68	5.2	1.00	5.0	2.2	북서	320	20.6	1012.3	-	80	
2021-07-03 06:55:00	-	-	-	-	-	-	-	-	-	-	-	-	-	-	-	-	
2021-07-03 07:00:00	17.9	북북서	337	20.25	31.82	0.70	4.1	1.40	4.1	2.7	북서	316	20.8	1012.1	-	63	
2021-07-03 07:05:00	19.5	북북서	330	20.23	31.81	0.68	5.3	1.13	4.0	2.8	북서	316	20.8	1012.1	-	102	
2021-07-03 07:10:00	17.0	북서	321	20.35	31.95	0.83	5.1	1.22	5.5	2.8	서북서	302	20.7	1012.3	-	88	
2021-07-03 07:15:00	17.7	북서	314	20.48	31.74	0.78	5.3	1.17	5.5	2.7	북서	308	20.7	1012.3	-	109	
2021-07-03 07:20:00	15.3	북서	317	20.57	31.83	0.61	5.4	1.08	5.0	2.1	북서	312	20.7	1012.3	-	87	
2021-07-03 07:25:00	15.1	북서	318	20.61	31.82	0.68	4.9	0.86	4.5	2.6	서북서	292	20.7	1012.4	-	225	
2021-07-03 07:30:00	16.5	북북서	331	20.59	31.88	0.67	5.1	0.95	5.5	2.1	북서	326	20.7	1012.2	-	115	
2021-07-03 07:35:00	18.8	북서	323	20.54	31.78	0.72	5.3	0.89	6.0	2.2	북서	319	20.8	1012.2	-	107	
2021-07-03 07:40:00	14.9	북북서	328	20.53	31.83	0.73	5.3	0.96	5.5	2.1	서북서	297	20.8	1012.5	-	109	
2021-07-03 07:45:00	17.4	북서	323	20.48	31.89	0.63	5.3	0.85	4.5	1.1	서북서	286	20.9	1012.4	-	72	
2021-07-03 07:50:00	17.4	북서	317	20.52	31.89	0.75	5.4	1.09	5.5	1.6	서북서	282	21.0	1012.4	-	124	
2021-07-03 07:55:00	13.4	북서	319	20.51	31.86	0.68	5.2	1.23	5.5	1.8	서북서	295	21.0	1012.4	-	73	
2021-07-03 08:00:00	-	-	-	-	-	-	-	-	-	-	-	-	-	-	-	-	
2021-07-03 08:05:00	15.2	북서	325	20.57	31.92	0.62	4.7	1.25	4.7	1.8	북서	312	21.0	1012.6	-	40	
2021-07-03 08:10:00	16.2	북북서	331	20.58	31.84	0.64	5.3	0.87	5.5	2.3	북서	305	21.0	1012.7	-	356	
2021-07-03 08:15:00	17.1	북서	317	20.53	31.90	0.62	5.3	0.86	4.0	1.9	북서	311	21.1	1012.6	-	56	
2021-07-03 08:20:00	15.7	북서	321	20.62	31.84	0.70	5.3	1.05	4.5	2.3	북서	322	21.1	1012.6	-	116	
2021-07-03 08:25:00	16.1	북북서	332	20.49	31.86	0.79	5.6	1.06	7.0	2.3	북북서	337	21.2	1012.4	-	81	
2021-07-03 08:30:00	15.3	북북서	335	20.34	31.94	0.74	5.5	0.96	5.5	1.5	북서	309	21.3	1012.4	-	70	
2021-07-03 08:35:00	20.0	북북서	337	20.66	31.94	0.79	5.5	1.14	6.0	1.8	북서	307	21.3	1012.6	-	73	
2021-07-03 08:40:00	17.1	북북서	335	20.62	31.93	0.71	5.2	0.96	6.0	1.6	서북서	301	21.2	1012.5	-	34	
2021-07-03 08:45:00	19.4	북북서	342	20.46	31.90	0.72	5.5	1.00	5.5	1.3	서	276	21.2	1012.5	-	54	
2021-07-03 08:50:00	17.4	북북서	337	20.41	32.02	0.69	4.8	1.02	4.0	1.7	서	264	21.2	1012.5	-	46	
2021-07-03 08:55:00	17.8	북서	322	20.61	31.97	0.67	5.4	1.12	4.5	1.3	서	269	21.1	1012.5	-	98	
2021-07-03 09:00:00	17.3	북북서	333	20.64	31.97	0.71	5.3	1.04	5.5	0.7	북북서	346	21.1	1012.3	-	52	
2021-07-03 09:05:00	16.4	북서	325	20.72	31.97	0.71	5.0	1.12	5.5	1.0	북북서	333	21.1	1012.3	-	64	
2021-07-03 09:10:00	16.4	북북서	327	20.75	31.95	0.78	5.7	0.93	5.5	0.7	북서	316	21.0	1012.4	-	47	
2021-07-03 09:15:00	14.6	북북서	344	20.63	31.81	0.76	5.6	1.16	5.5	0.5	북서	309	21.1	1012.4	-	98	
2021-07-03 09:20:00	14.4	북북서	338	20.69	31.95	0.73	5.9	1.06	5.0	0.5	북북서	330	21.0	1012.4	-	68	
2021-07-03 09:25:00	16.6	북북서	332	20.73	31.91	0.71	5.9	0.94	4.5	1.0	북	355	21.0	1012.3	-	169	
2021-07-03 09:30:00	14.6	북북서	335	20.71	31.99	0.73	5.9	0.95	6.0	0.5	북북서	348	21.1	1012.3	-	50	
2021-07-03 09:35:00	17.8	북서	312	20.75	31.96	0.63	5.4	0.81	7.0	0.6	북북동	20	21.1	1012.2	-	45	
2021-07-03 09:40:00	17.6	북북서	326	20.81	31.91	0.75	5.3	1.02	5.5	0.7	북북동	18	21.1	1012.3	-	97	
2021-07-03 09:45:00	14.5	북북서	331	20.82	31.91	0.70	5.3	1.04	5.0	1.5	북북동	22	21.2	1012.2	-	43	
2021-07-03 09:50:00	15.2	북서	325	20.79	31.95	0.68	5.7	0.94	6.5	0.8	북	8	21.2	1012.4	-	45	
2021-07-03 09:55:00	12.4	북서	325	20.79	31.88	0.71	5.8	0.93	5.0	1.1	북	8	21.2	1012.3	-	43	
2021-07-03 10:00:00	15.7	서북서	294	20.82	31.89	0.82	6.4	1.27	5.5	1.4	북북동	21	21.3	1012.2	-	50	
2021-07-03 10:05:00	18.5	서북서	292	20.82	31.82	0.78	5.4	1.04	3.5	1.0	북북동	22	21.4	1012.3	-	116	
2021-07-03 10:10:00	12.8	북서	318	20.80	31.89	0.77	5.4	1.00	5.5	1.0	북북동	25	21.5	1012.3	-	49	
2021-07-03 10:15:00	16.3	북서	307	20.81	31.89	0.64	5.7	0.84	6.5	0.3	북북동	21	21.6	1012.4	-	34	
2021-07-03 10:20:00	15.2	북서	314	20.82	31.86	0.62	5.5	0.86	6.0	0.0	북동	47	21.8	1012.3	-	114	
2021-07-03 10:25:00	14.1	북서	318	20.82	31.86	0.69	5.7	1.04	4.5	0.3	북동	35	21.8	1012.3	-	45	
2021-07-03 10:30:00	12.7	북서	312	20.84	31.90	0.65	6.2	0.87	5.5	0.2	북북서	343	21.8	1012.3	-	38	
2021-07-03 10:35:00	15.2	북서	311	20.88	31.88	0.67	5.5	0.79	6.0	0.1	북서	309	21.9	1012.3	-	41	
2021-07-03 10:40:00	15.6	북서	311	20.85	31.90	0.72	5.6	1.21	5.0	0.4	북북서	338	22.0	1012.2	-	77	
2021-07-03 10:45:00	19.0	북서	316	20.85	31.86	0.64	5.0	0.89	5.5	0.8	북북동	24	22.1	1011.9	-	66	
2021-07-03 10:50:00	14.6	북서	323	20.87	31.91	0.71	5.8	0.91	6.0	0.3	북동	55	22.3	1012.0	-	51	
2021-07-03 10:55:00	15.4	북서	318	20.87	31.91	0.84	4.9	1.27	4.5	0.8	동북동	73	22.3	1011.9	-	61	
2021-07-03 11:00:00	16.8	북서	316	20.88	31.87	0.69	5.3	0.96	6.0	0.6	동	79	22.0	1012.0	-	116	
2021-07-03 11:05:00	18.6	북서	309	20.87	31.87	0.72	6.2	1.02	6.5	0.2	동	94	22.0	1012.1	-	46	
2021-07-03 11:10:00	19.3	북서	313	20.87	31.89	0.78	5.5	1.04	5.0	0.5	동	79	21.9	1012.0	-	98	
2021-07-03 11:15:00	14.7	북서	324	20.88	31.87	0.66	5.8	0.90	6.5	0.5	동북동	65	21.8	1012.0	-	44	
2021-07-03 11:20:00	15.8	북서	309	20.89	31.87	0.73	5.6	1.04	6.5	0.8	동	86	21.8	1011.9	-	41	
2021-07-03 11:25:00	13.4	북서	323	20.90	31.88	0.76	6.0	1.02	6.5	1.3	동	79	21.8	1011.8	-	46	
2021-07-03 11:30:00	12.2	북서	322	20.90	31.88	0.78	5.2	1.09	5.5	1.0	동북동	72	21.8	1011.9	-	88	
2021-07-03 11:35:00	14.4	북북서	328	20.91	31.88	0.71	5.0	0.96	5.5	0.9	동북동	69	21.9	1011.9	-	92	
2021-07-03 11:40:00	14.7	북서	321	20.91	31.89	0.59	4.6	0.73	5.5	1.7	동남동	118	21.9	1011.9	-	141	
2021-07-03 11:45:00	12.1	북서	314	20.91	31.88	0.73	5.3	1.21	5.5	2.5	동남동	106	21.9	1011.7	-	238	
2021-07-03 11:50:00	11.0	북서	322	20.93	31.89	0.67	5.5	0.76	4.5	2.4	남동	128	21.9	1011.9	-	95	
2021-07-03 11:55:00	11.8	북북서	333	20.92	31.88	0.67	4.9	0.96	6.0	2.4	동남동	120	21.8	1011.9	-	54	
2021-07-03 12:00:00	12.1	북북서	331	20.93	31.87	0.66	5.6	0.81	5.0	2.7	동남동	108	21.8	1011.9	-	156	
2021-07-03 12:05:00	12.2	북북서	336	20.93	31.93	0.70	5.1	0.86	4.5	2.2	동남동	113	21.8	1012.0	-	82	
2021-07-03 12:10:00	11.9	북북서	348	20.92	31.88	0.76	5.3	0.95	4.0	2.3	동남동	106	21.8	1012.1	-	40	
2021-07-03 12:15:00	13.3	북서	326	20.94	31.87	0.68	5.7	0.87	5.0	2.7	동남동	116	21.8	1012.0	-	39	
2021-07-03 12:20:00	12.9	북북서	342	20.96	31.89	0.69	5.4	0.94	4.5	3.2	동남동	114	21.8	1011.9	-	86	
2021-07-03 12:25:00	14.4	북서	325	20.96	31.89	0.62	5.8	0.74	5.5	3.6	동남동	108	21.8	1011.7	-	50	
2021-07-03 12:30:00	12.2	북북서	334	20.99	31.87	0.70	5.7	1.01	5.0	3.5	동남동	107	21.9	1011.7	-	39	
2021-07-03 12:35:00	13.1	북북서	326	21.03	31.84	0.73	5.9	0.91	6.0	3.6	동남동	114	21.9	1011.6	-	50	
2021-07-03 12:40:00	12.2	북서	322	21.04	31.87	0.70	5.2	0.97	5.5	3.5	동남동	112	21.9	1011.6	-	52	
2021-07-03 12:45:00	11.0	북서	319	21.08	31.87	0.68	5.0	0.98	5.0	3.5	동남동	109	21.8	1011.5	-	51	
2021-07-03 12:50:00	13.0	북서	323	21.05	31.91	0.63	5.2	1.02	5.0	3.5	동남동	106	21.8	1011.6	-	25	
2021-07-03 12:55:00	17.9	서북서	298	21.13	31.88	0.67	4.7	0.87	6.0	3.5	동남동	116	21.8	1011.5	-	126	
2021-07-03 13:00:00	15.1	북서	304	21.24	31.88	0.72	5.5	0.98	5.0	3.5	남동	124	21.8	1011.5	-	47	
2021-07-03 13:05:00	14.1	북서	305	21.22	31.86	0.66	5.5	0.89	6.0	3.3	남동	125	21.8	1011.5	-	60	
2021-07-03 13:10:00	13.9	북서	305	21.23	31.87	0.61	5.0	0.95	4.5	3.2	남동	124	21.8	1011.4	-	122	
2021-07-03 13:15:00	11.1	북서	317	21.18	31.85	0.67	5.8	1.06	6.0	3.1	남동	130	21.8	1011.5	-	53	
2021-07-03 13:20:00	9.2	북북서	343	21.10	31.83	0.70	5.4	0.96	5.0	2.7	남동	127	21.7	1011.5	-	221	
2021-07-03 13:25:00	12.4	북북서	329	21.11	31.85	0.60	5.2	0.78	5.5	2.5	남동	140	21.7	1011.6	-	42	
2021-07-03 13:30:00	12.0	북서	319	21.11	31.86	0.62	5.1	0.83	6.5	2.2	남동	133	21.7	1011.6	-	170	
2021-07-03 13:35:00	11.4	북북서	327	21.10	31.82	0.65	5.3	0.91	4.5	2.1	동남동	122	21.7	1011.6	-	72	
2021-07-03 13:40:00	9.7	북서	317	21.09	31.83	0.67	5.2	1.03	5.0	1.8	동남동	120	21.7	1011.5	-	44	
2021-07-03 13:45:00	10.0	북북서	333	21.09	31.83	0.74	6.0	1.07	6.5	2.0	동남동	122	21.7	1011.5	-	102	
2021-07-03 13:50:00	7.5	북서	321	21.07	31.80	0.64	5.0	0.85	6.0	2.3	남동	129	21.7	1011.4	-	57	
2021-07-03 13:55:00	6.4	북서	313	21.07	31.81	0.71	5.0	0.86	5.0	2.0	남동	136	21.7	1011.4	-	76	
2021-07-03 14:00:00	7.5	북서	318	21.06	31.82	0.65	5.7	0.81	5.0	1.8	남동	134	21.6	1011.4	-	60	
2021-07-03 14:05:00	8.9	북북서	334	21.06	31.81	0.70	5.2	1.21	4.5	2.0	남동	126	21.7	1011.3	-	60	
2021-07-03 14:10:00	7.4	서북서	300	21.09	31.81	0.68	5.9	0.94	4.0	2.0	남동	126	21.6	1011.2	-	66	
2021-07-03 14:15:00	5.1	북서	311	21.07	31.83	0.61	5.5	0.82	6.0	2.1	남동	128	21.6	1011.1	-	79	
2021-07-03 14:20:00	6.4	북서	305	21.10	31.77	0.64	5.3	0.88	4.5	2.3	남동	137	21.5	1011.0	-	54	
2021-07-03 14:25:00	7.6	서북서	298	21.10	31.73	0.75	6.4	1.03	6.5	2.4	남동	133	21.5	1010.9	-	38	
2021-07-03 14:30:00	7.2	서북서	295	21.12	31.73	0.66	5.2	1.04	5.0	2.5	남동	131	21.5	1010.7	-	59	
2021-07-03 14:35:00	1.9	서북서	284	20.96	31.78	0.76	5.3	1.05	5.0	2.1	남동	124	21.5	1010.7	-	81	
2021-07-03 14:40:00	3.0	서북서	298	21.04	31.79	0.73	5.3	1.03	6.0	2.2	남동	132	21.5	1010.7	-	55	
2021-07-03 14:45:00	6.2	서	275	21.03	31.78	0.68	6.0	0.89	7.0	2.3	남동	136	21.5	1010.6	-	35	
2021-07-03 14:50:00	8.3	서	259	21.04	31.72	0.72	5.6	1.05	5.0	2.5	남동	137	21.5	1010.5	-	53	
2021-07-03 14:55:00	3.8	서북서	296	21.03	31.79	0.64	5.2	0.86	5.5	2.6	남동	125	21.5	1010.4	-	26	
2021-07-03 15:00:00	7.1	서북서	293	20.94	31.79	0.62	5.3	1.03	5.0	2.9	동남동	119	21.5	1010.3	-	61	
2021-07-03 15:05:00	12.0	서	271	21.02	31.81	0.69	5.6	1.01	6.0	2.6	동남동	119	21.5	1010.3	-	52	
2021-07-03 15:10:00	9.0	서	272	21.01	31.75	0.71	5.4	1.05	5.0	2.3	남동	125	21.5	1010.2	-	58	
2021-07-03 15:15:00	7.8	서북서	296	21.00	31.79	0.71	5.2	1.02	6.5	2.1	남동	132	21.5	1010.2	-	47	
2021-07-03 15:20:00	11.3	서	278	20.96	31.80	0.72	6.3	0.93	6.0	2.2	남동	125	21.5	1010.1	-	48	
2021-07-03 15:25:00	11.8	서북서	283	20.90	31.78	0.73	5.3	1.10	7.5	1.7	남동	131	21.5	1010.1	-	121	
2021-07-03 15:30:00	6.6	서북서	301	20.82	31.77	0.67	5.6	0.98	6.0	1.5	남동	141	21.5	1010.0	-	55	
2021-07-03 15:35:00	7.0	서북서	289	20.74	31.82	0.80	5.2	1.11	6.0	1.8	남동	136	21.5	1010.0	-	73	
2021-07-03 15:40:00	6.8	북서	305	20.75	31.81	0.69	5.6	1.30	5.5	2.4	남동	140	21.4	1010.0	-	49	
2021-07-03 15:45:00	7.9	북서	311	20.68	31.83	0.64	5.7	0.97	7.0	2.2	남남동	152	21.4	1009.9	-	52	
2021-07-03 15:50:00	8.3	북서	317	20.68	31.83	0.70	5.6	1.00	8.0	1.9	남남동	167	21.4	1010.0	-	69	
2021-07-03 15:55:00	10.0	북서	309	20.74	31.84	0.62	5.1	0.82	5.5	1.9	남	169	21.4	1010.1	-	93	
2021-07-03 16:00:00	9.0	북서	311	20.94	31.74	0.78	5.2	1.00	5.5	1.7	남	170	21.4	1010.1	-	49	
2021-07-03 16:05:00	9.2	북북서	337	20.97	31.72	0.73	5.0	1.01	4.5	1.1	남남동	163	21.4	1010.2	-	49	
2021-07-03 16:10:00	9.6	북북서	342	20.98	31.66	0.71	5.6	0.87	6.0	0.9	동남동	112	21.2	1010.1	-	48	
2021-07-03 16:15:00	9.4	북북서	347	21.01	31.73	0.76	5.3	1.03	5.5	3.0	동	101	21.1	1010.1	-	75	
2021-07-03 16:20:00	10.4	북	350	21.02	31.71	0.69	5.2	0.99	6.5	3.9	동남동	107	21.2	1010.1	-	44	
2021-07-03 16:25:00	10.4	북북서	344	21.02	31.70	0.78	5.7	1.13	5.5	2.8	동남동	111	21.3	1010.2	-	33	
2021-07-03 16:30:00	10.3	북북서	346	21.01	31.70	0.74	5.3	1.06	6.5	1.0	남남동	160	21.2	1010.3	-	50	
2021-07-03 16:35:00	12.8	북북서	331	20.98	31.67	0.67	4.9	0.86	3.0	1.3	동남동	115	21.2	1010.3	-	75	
2021-07-03 16:40:00	13.5	북서	322	20.95	31.67	0.74	5.7	0.96	4.5	2.0	남동	126	21.2	1010.4	-	36	
2021-07-03 16:45:00	11.2	북북서	328	20.95	31.65	0.77	5.8	1.18	6.0	2.1	남동	142	21.4	1010.5	-	53	
2021-07-03 16:50:00	11.9	북북서	334	20.95	31.62	0.67	6.1	0.90	6.5	1.8	남동	139	21.4	1010.5	-	43	
2021-07-03 16:55:00	14.2	북북서	344	20.94	31.64	0.78	5.8	1.03	5.5	3.0	동남동	120	21.4	1010.5	-	54	
2021-07-03 17:00:00	11.2	북북서	347	20.94	31.60	0.73	5.4	1.17	5.0	3.3	동남동	122	21.5	1010.4	-	112	
2021-07-03 17:05:00	10.3	북북서	348	20.92	31.67	0.77	5.9	0.96	6.0	3.2	동남동	122	21.5	1010.4	-	44	
2021-07-03 17:10:00	13.4	북북서	348	20.91	31.66	0.67	5.4	0.85	4.0	3.1	동남동	118	21.5	1010.3	-	67	
2021-07-03 17:15:00	12.8	북	350	20.93	31.66	0.71	5.2	1.02	6.0	3.2	동남동	121	21.6	1010.2	-	53	
2021-07-03 17:20:00	17.4	북북서	343	20.95	31.67	0.79	5.5	0.93	6.0	3.4	동남동	122	21.5	1010.2	-	93	
2021-07-03 17:25:00	12.6	북북서	343	21.03	31.63	0.76	5.4	1.09	5.5	3.2	남동	134	21.4	1010.1	-	58	
2021-07-03 17:30:00	14.3	북북서	340	21.07	31.71	0.75	6.1	1.01	6.0	3.3	남동	128	21.4	1010.0	-	54	
2021-07-03 17:35:00	16.4	북북서	346	21.08	31.68	0.75	5.8	1.00	6.0	3.2	남동	130	21.3	1010.0	-	41	
2021-07-03 17:40:00	14.8	북북서	342	21.08	31.65	0.81	5.8	1.22	6.0	3.1	남동	128	21.3	1010.0	-	52	
2021-07-03 17:45:00	19.3	북북서	338	21.08	31.69	0.71	5.3	0.99	4.5	2.2	동남동	115	21.2	1010.0	-	109	
2021-07-03 17:50:00	17.4	북북서	344	21.09	31.68	0.70	5.8	0.95	3.5	2.4	남동	125	21.1	1009.9	-	57	
2021-07-03 17:55:00	16.6	북북서	345	21.06	31.62	0.77	5.3	1.12	4.5	2.3	남동	125	21.1	1009.8	-	51	
2021-07-03 18:00:00	18.0	북북서	341	21.04	31.57	0.85	5.1	1.16	6.5	1.8	동남동	122	21.0	1009.9	-	46	
2021-07-03 18:05:00	15.5	북북서	347	21.01	31.62	0.77	5.4	0.96	4.5	1.8	남동	131	20.9	1010.0	-	56	
2021-07-03 18:10:00	14.3	북	350	20.98	31.61	0.79	5.4	1.13	5.0	1.9	남동	131	20.9	1010.0	-	109	
2021-07-03 18:15:00	12.7	북북서	347	20.94	31.61	0.86	5.5	1.12	6.0	2.2	동남동	122	20.7	1010.0	-	51	
2021-07-03 18:20:00	16.0	북	353	20.94	31.49	0.81	5.2	0.99	6.0	1.9	남동	131	20.6	1010.0	-	52	
2021-07-03 18:25:00	11.3	북북서	346	20.93	31.58	0.80	5.8	1.29	6.0	2.1	동남동	115	20.5	1009.7	-	51	
2021-07-03 18:30:00	9.9	북	353	20.92	31.59	0.80	5.6	1.33	5.0	2.6	동남동	103	20.5	1009.4	-	44	
2021-07-03 18:35:00	12.2	북북서	341	20.92	31.55	0.75	4.9	1.07	6.5	2.5	동남동	102	20.5	1009.5	-	47	
2021-07-03 18:40:00	12.3	북북서	348	20.87	31.52	0.69	5.3	0.95	4.0	1.1	동남동	106	20.4	1009.7	-	41	
2021-07-03 18:45:00	8.0	북북서	339	20.88	31.55	0.83	5.8	1.18	4.0	1.6	동남동	105	20.4	1009.8	-	48	
2021-07-03 18:50:00	11.7	북북서	338	20.89	31.57	0.86	5.8	1.26	7.0	2.1	동	90	20.4	1009.6	-	43	
2021-07-03 18:55:00	7.6	북서	318	20.90	31.54	0.78	5.7	1.41	6.5	2.6	동	88	20.4	1009.4	-	55	
2021-07-03 19:00:00	12.3	북서	322	20.91	31.61	0.84	6.1	1.07	6.0	2.2	동	82	20.5	1009.4	-	40	
2021-07-03 19:05:00	13.7	북서	325	20.89	31.63	0.72	5.1	0.86	4.5	2.0	동북동	78	20.5	1009.4	-	76	
2021-07-03 19:10:00	12.2	북서	323	20.92	31.70	0.85	5.1	1.22	4.0	2.7	동	86	20.6	1009.3	-	39	
2021-07-03 19:15:00	12.6	북북서	328	20.85	31.61	0.81	5.7	1.22	6.0	3.2	동	88	20.7	1009.3	-	53	
2021-07-03 19:20:00	8.9	북서	315	20.82	31.56	0.76	5.7	1.08	4.5	3.8	동	87	20.6	1009.1	-	82	
2021-07-03 19:25:00	12.2	북북서	332	20.77	31.28	0.73	5.5	1.14	5.5	3.9	동	87	20.7	1009.2	-	65	
2021-07-03 19:30:00	12.4	북북서	329	20.74	31.59	0.73	5.8	1.17	7.0	3.9	동	96	20.7	1009.2	-	57	
2021-07-03 19:35:00	14.6	북북서	337	20.69	31.35	0.74	5.9	1.01	6.0	4.1	동	86	20.5	1009.0	-	46	
2021-07-03 19:40:00	16.5	북북서	334	20.68	31.28	0.72	5.6	0.88	5.5	3.6	동	83	20.7	1008.9	-	52	
2021-07-03 19:45:00	16.4	북북서	329	20.68	31.32	0.74	6.0	1.04	4.5	4.1	동남동	105	20.7	1008.9	-	21	
2021-07-03 19:50:00	15.7	북서	325	20.68	31.35	0.75	5.3	0.93	6.5	4.8	동남동	113	20.7	1008.8	-	36	
2021-07-03 19:55:00	14.9	북북서	336	20.69	31.34	0.72	5.4	1.09	5.0	4.7	남동	124	20.5	1008.7	-	47	
2021-07-03 20:00:00	18.2	북북서	329	20.75	31.36	0.73	5.7	0.95	5.5	5.2	동남동	123	20.3	1008.7	-	67	
2021-07-03 20:05:00	14.7	북서	326	20.68	31.49	0.71	5.4	1.22	6.0	3.5	남동	133	20.3	1008.8	-	52	
2021-07-03 20:10:00	14.8	북북서	329	20.67	31.47	0.92	6.0	1.31	6.0	4.2	남동	136	20.4	1008.8	-	49	
2021-07-03 20:15:00	14.3	북서	313	20.59	31.57	0.82	5.2	1.38	5.5	3.5	남동	131	20.5	1008.6	-	34	
2021-07-03 20:20:00	14.6	북서	315	20.55	31.61	0.81	5.9	1.05	7.0	5.2	동남동	119	20.8	1008.6	-	46	
2021-07-03 20:25:00	15.9	북서	312	20.75	31.45	0.81	5.4	1.08	6.0	7.2	동남동	116	20.9	1008.5	-	47	
2021-07-03 20:30:00	20.2	북북서	327	20.86	31.34	0.77	5.8	1.05	5.5	7.1	동남동	111	20.8	1008.4	-	48	
2021-07-03 20:35:00	22.0	북서	319	20.96	31.48	0.79	6.3	1.16	7.5	7.2	동남동	115	20.8	1008.4	-	50	
2021-07-03 20:40:00	27.3	북서	315	21.09	31.45	0.83	5.6	1.29	6.0	7.6	동남동	123	20.9	1008.4	-	65	
2021-07-03 20:45:00	25.6	북서	323	21.07	31.54	0.91	5.5	1.27	5.5	7.0	동남동	123	20.9	1008.5	-	60	
2021-07-03 20:50:00	29.9	북서	319	21.09	31.62	0.89	5.0	1.30	5.5	7.0	동남동	113	21.0	1008.5	-	72	
2021-07-03 20:55:00	30.8	북서	318	21.15	31.60	1.04	6.0	1.33	6.0	6.6	동남동	115	21.0	1008.6	-	51	
2021-07-03 21:00:00	30.1	북서	324	21.17	31.63	0.99	5.3	1.38	5.5	6.7	동남동	110	21.1	1008.5	-	57	
2021-07-03 21:05:00	32.2	북서	320	21.17	31.65	0.92	5.3	1.39	4.0	6.5	동남동	105	21.1	1008.3	-	180	
2021-07-03 21:10:00	32.8	북북서	329	21.17	31.66	1.02	5.3	1.42	6.0	6.2	동남동	107	21.1	1008.4	-	48	
2021-07-03 21:15:00	36.0	북서	319	21.17	31.70	0.97	5.5	1.47	4.5	6.1	동남동	112	21.1	1008.3	-	55	
2021-07-03 21:20:00	37.9	북서	318	21.16	31.65	0.98	5.2	1.20	5.0	7.5	동남동	115	21.1	1008.3	-	27	
2021-07-03 21:25:00	41.2	북서	318	21.19	31.59	0.97	5.5	1.40	4.0	8.1	동남동	109	20.9	1008.2	-	54	
2021-07-03 21:30:00	42.1	북서	320	21.15	31.57	1.04	4.4	1.47	4.5	6.9	동남동	112	21.0	1008.3	-	62	
2021-07-03 21:35:00	42.9	북서	322	21.14	31.64	0.90	5.1	1.29	4.5	5.9	동남동	109	21.0	1008.2	-	40	
2021-07-03 21:40:00	40.8	북서	321	21.15	31.68	0.97	5.1	1.23	6.0	5.4	동남동	106	21.0	1008.1	-	61	
2021-07-03 21:45:00	36.6	북서	325	21.11	31.69	1.05	4.8	1.62	5.0	7.0	동남동	109	20.9	1008.0	-	46	
2021-07-03 21:50:00	40.5	북서	326	21.10	31.52	1.04	5.1	1.39	3.5	6.5	동남동	104	21.0	1008.0	-	63	
2021-07-03 21:55:00	41.5	북북서	326	21.06	31.69	0.95	5.1	1.23	6.0	5.7	동남동	103	21.1	1008.0	-	144	
2021-07-03 22:00:00	39.8	북서	326	21.02	31.60	0.91	5.0	1.21	6.5	4.9	동	96	21.1	1007.9	-	40	
2021-07-03 22:05:00	38.9	북서	322	20.98	31.55	1.00	5.1	1.34	6.0	5.6	동	96	21.0	1007.7	-	167	
2021-07-03 22:10:00	39.4	북서	321	20.94	31.56	0.98	5.5	1.43	5.0	6.5	동	95	21.1	1007.7	-	47	
2021-07-03 22:15:00	38.5	북서	322	20.92	31.42	1.06	5.0	2.00	5.0	6.1	동남동	104	21.1	1007.8	-	107	
2021-07-03 22:20:00	38.1	북서	319	20.88	31.47	0.89	5.1	1.17	4.5	6.9	동	99	21.1	1007.7	-	72	
2021-07-03 22:25:00	40.1	북서	321	20.85	31.38	0.97	5.0	1.21	7.0	6.9	동	101	21.0	1007.6	-	61	
2021-07-03 22:30:00	35.4	북서	321	20.84	31.31	0.96	5.3	1.36	5.5	7.0	동	97	21.0	1007.6	-	73	
2021-07-03 22:35:00	39.8	북서	321	20.76	31.32	0.98	5.5	1.24	6.0	6.9	동남동	102	20.9	1007.6	-	86	
2021-07-03 22:40:00	37.4	북서	322	20.71	31.29	1.06	5.0	1.58	4.5	7.2	동남동	109	20.9	1007.4	-	126	
2021-07-03 22:45:00	37.1	북서	325	20.68	31.37	1.08	5.3	1.38	5.5	6.7	동	100	20.9	1007.3	-	40	
2021-07-03 22:50:00	36.7	북서	324	20.73	31.37	1.15	4.6	1.46	5.5	6.4	동	94	21.0	1007.2	-	51	
2021-07-03 22:55:00	41.0	북서	320	20.70	31.33	1.05	4.7	1.28	6.0	6.3	동	95	21.0	1007.2	-	172	
2021-07-03 23:00:00	34.0	북서	323	20.63	31.37	0.98	5.0	1.23	4.0	7.2	동남동	103	21.0	1007.2	-	73	
2021-07-03 23:05:00	37.4	북북서	330	20.68	31.40	1.05	5.4	1.42	4.5	7.3	동남동	106	20.9	1007.1	-	72	
2021-07-03 23:10:00	35.0	북북서	331	20.65	31.44	1.06	5.1	1.31	4.0	6.8	동남동	106	20.9	1006.9	-	214	
2021-07-03 23:15:00	34.6	북서	321	20.64	31.42	1.19	4.6	1.81	5.0	6.9	동남동	109	20.9	1006.8	-	73	
2021-07-03 23:20:00	36.6	북북서	328	20.70	31.40	1.12	4.6	1.48	5.0	6.0	동남동	112	20.9	1006.8	-	78	
2021-07-03 23:25:00	33.1	북북서	329	20.71	31.41	1.13	4.8	1.42	5.0	7.6	동남동	109	20.9	1006.6	-	62	
2021-07-03 23:30:00	36.1	북서	323	20.75	31.38	1.02	5.0	1.57	5.5	8.3	동남동	102	20.9	1006.3	-	37	
2021-07-03 23:35:00	39.4	북서	320	20.77	31.40	1.09	4.6	1.59	4.5	8.0	동남동	109	20.9	1006.3	-	108	
2021-07-03 23:40:00	37.6	북서	323	20.80	31.40	1.12	4.8	1.42	4.0	7.0	동남동	109	21.0	1006.3	-	86	
2021-07-03 23:45:00	44.5	북서	324	20.82	31.44	1.16	5.1	1.69	4.5	8.0	동남동	113	21.0	1005.9	-	69	
2021-07-03 23:50:00	42.7	북서	325	20.87	31.41	1.24	5.2	1.71	6.0	8.0	동남동	122	20.9	1005.7	-	49	
2021-07-03 23:55:00	38.3	북서	325	20.85	31.39	1.15	4.7	1.79	4.5	7.7	동남동	120	20.9	1005.5	-	53	
2021-07-04 00:00:00	39.0	북북서	329	20.84	31.40	1.18	4.8	1.60	4.5	7.9	동남동	113	21.0	1005.4	-	114	
2021-07-04 00:05:00	38.4	북북서	329	20.84	31.42	1.11	4.7	1.50	4.5	8.7	동남동	110	20.9	1005.4	-	139	
2021-07-04 00:10:00	40.9	북서	323	20.83	31.44	1.12	5.0	1.70	5.0	9.4	동남동	109	21.0	1005.4	-	73	
2021-07-04 00:15:00	42.4	북서	319	20.77	31.45	1.20	4.9	2.16	5.0	9.7	동남동	112	21.0	1005.4	-	42	
2021-07-04 00:20:00	44.2	북서	319	20.77	31.40	1.17	4.6	1.67	4.5	8.0	동남동	115	21.0	1005.4	-	113	
2021-07-04 00:25:00	41.4	북서	323	20.76	31.44	1.15	5.3	1.51	4.5	9.0	동남동	108	20.9	1005.3	-	65	
2021-07-04 00:30:00	39.7	북서	325	20.72	31.48	1.26	4.7	1.73	5.0	8.1	동남동	113	20.9	1005.4	-	71	
2021-07-04 00:35:00	42.8	북북서	327	20.66	31.51	1.19	5.0	1.44	4.5	7.6	동남동	109	20.9	1005.4	-	77	
2021-07-04 00:40:00	43.8	북서	323	20.63	31.48	1.21	4.8	1.72	4.0	7.1	동남동	110	21.0	1005.3	-	78	
2021-07-04 00:45:00	40.1	북서	325	20.59	31.45	1.20	4.8	1.72	4.5	6.3	동남동	109	21.0	1005.2	-	52	
2021-07-04 00:50:00	42.6	북서	324	20.59	31.45	1.21	5.2	1.54	5.5	5.8	동남동	107	21.0	1005.1	-	59	
2021-07-04 00:55:00	37.1	북서	322	20.52	31.39	1.25	4.8	1.92	4.5	7.6	동남동	112	21.0	1004.7	-	38	
2021-07-04 01:00:00	41.9	북북서	327	20.57	31.37	1.10	4.7	1.53	4.5	9.6	동남동	113	20.9	1004.3	-	55	
2021-07-04 01:05:00	38.8	북서	321	20.52	31.44	1.26	5.1	1.86	4.0	8.8	동남동	109	20.8	1003.9	-	71	
2021-07-04 01:10:00	39.7	북서	326	20.50	31.39	1.27	4.9	1.71	5.5	8.4	동남동	114	20.8	1003.7	-	56	
2021-07-04 01:15:00	42.6	북서	325	20.45	31.37	0.99	4.9	1.45	7.0	8.4	동남동	110	20.9	1003.5	-	72	
2021-07-04 01:20:00	42.1	북서	325	20.43	31.44	1.25	4.9	1.59	5.5	8.7	동남동	105	21.0	1003.4	-	90	
2021-07-04 01:25:00	38.3	북북서	327	20.40	31.44	1.30	4.9	1.70	5.5	8.6	동남동	109	21.0	1003.0	-	112	
2021-07-04 01:30:00	46.3	북서	322	20.46	31.49	1.17	4.8	1.56	4.5	8.5	동남동	108	21.1	1002.9	-	60	
2021-07-04 01:35:00	42.5	북서	324	20.44	31.41	1.37	5.1	1.85	4.5	8.4	동	100	21.1	1002.8	-	74	
2021-07-04 01:40:00	41.5	북서	319	20.37	31.43	1.42	5.2	1.69	5.0	8.5	동남동	106	21.0	1002.5	-	80	
2021-07-04 01:45:00	43.8	북서	320	20.34	31.48	1.32	5.2	1.71	4.5	8.3	동남동	118	21.0	1002.3	-	73	
2021-07-04 01:50:00	45.1	북서	322	20.31	31.40	1.41	5.2	2.09	5.0	7.3	남동	144	21.0	1002.2	-	68	
2021-07-04 01:55:00	43.1	북서	326	20.25	31.43	1.42	5.2	2.22	5.0	7.6	남동	135	20.9	1002.1	-	76	
2021-07-04 02:00:00	52.5	북서	319	20.30	31.41	1.33	5.0	1.74	5.0	7.4	남동	137	20.9	1002.0	-	81	
2021-07-04 02:05:00	47.5	북서	323	20.34	31.42	1.39	5.4	1.95	5.0	7.6	남동	140	20.8	1002.0	-	43	
2021-07-04 02:10:00	49.7	북서	323	20.39	31.27	1.48	5.5	2.03	5.5	6.9	남동	141	20.8	1001.9	-	67	
2021-07-04 02:15:00	46.2	북북서	329	20.40	31.33	1.19	5.3	1.55	7.0	7.2	남동	138	20.8	1001.8	-	79	
2021-07-04 02:20:00	49.9	북북서	327	20.36	31.21	1.36	5.5	2.28	5.5	7.0	남동	138	20.8	1001.7	-	65	
2021-07-04 02:25:00	47.1	북북서	327	20.42	31.26	1.19	4.8	1.72	5.5	5.8	남동	138	20.8	1001.7	-	54	
2021-07-04 02:30:00	45.2	북북서	332	20.39	31.30	1.21	5.0	1.57	6.0	4.9	남동	131	20.8	1001.6	-	72	
2021-07-04 02:35:00	46.6	북북서	328	20.38	31.19	1.27	5.3	1.77	5.5	5.0	남동	136	20.8	1001.6	-	70	
2021-07-04 02:40:00	44.2	북서	326	20.38	31.20	1.53	5.4	2.10	6.0	5.3	남동	129	20.8	1001.5	-	60	
2021-07-04 02:45:00	41.0	북북서	329	20.39	31.05	1.30	5.8	1.57	6.5	4.6	남동	136	20.8	1001.5	-	52	
2021-07-04 02:50:00	42.6	북북서	327	20.35	31.16	1.20	5.4	1.65	5.0	4.1	남동	137	20.8	1001.4	-	67	
2021-07-04 02:55:00	35.0	북북서	330	20.35	30.99	1.56	5.5	1.90	5.5	4.3	남동	137	20.7	1001.4	-	70	
2021-07-04 03:00:00	36.2	북북서	331	20.37	31.06	1.36	5.7	2.02	5.5	4.3	남동	136	20.8	1001.3	-	36	
2021-07-04 03:05:00	35.3	북북서	336	20.34	30.86	1.41	5.3	1.93	5.5	4.7	남동	127	20.8	1001.2	-	77	
2021-07-04 03:10:00	44.3	북북서	336	20.36	30.83	1.45	5.5	1.64	5.5	4.8	남동	127	20.8	1001.0	-	44	
2021-07-04 03:15:00	42.6	북북서	339	20.50	30.73	1.42	5.5	2.10	5.5	4.3	남동	126	20.8	1000.8	-	77	
2021-07-04 03:20:00	44.0	북북서	335	20.52	30.50	1.29	5.4	1.86	5.0	3.7	남동	124	20.8	1000.7	-	72	
2021-07-04 03:25:00	41.8	북북서	342	20.54	30.65	1.23	5.3	1.59	5.5	3.1	동남동	120	20.8	1000.8	-	76	
2021-07-04 03:30:00	41.4	북북서	332	20.59	30.51	1.13	5.7	1.51	5.5	2.7	동남동	106	20.8	1000.6	-	46	
2021-07-04 03:35:00	44.1	북북서	328	20.66	30.51	1.17	5.3	1.56	6.0	2.0	동남동	105	20.8	1000.5	-	74	
2021-07-04 03:40:00	38.1	북북서	331	20.62	30.23	1.22	5.5	1.71	5.5	2.5	동	93	20.8	1000.2	-	51	
2021-07-04 03:45:00	39.1	북북서	332	20.59	30.63	1.35	5.6	1.70	5.5	1.7	동	89	20.8	1000.0	-	82	
2021-07-04 03:50:00	32.1	북북서	334	20.56	30.71	1.18	5.8	1.71	5.5	1.2	동북동	71	20.8	999.9	-	68	
2021-07-04 03:55:00	30.7	북북서	336	20.50	30.97	1.06	5.2	1.33	5.0	0.5	북동	40	20.8	1000.0	-	44	
2021-07-04 04:00:00	32.6	북북서	331	20.37	30.81	1.19	5.6	1.44	4.5	0.5	북	352	20.8	1000.0	-	49	
2021-07-04 04:05:00	30.1	북북서	335	20.44	30.63	1.25	5.5	1.70	5.5	0.4	북서	322	20.8	999.9	-	51	
2021-07-04 04:10:00	32.3	북북서	337	20.39	30.84	1.02	5.3	1.50	5.5	0.8	북서	313	20.8	999.7	-	43	
2021-07-04 04:15:00	30.6	북북서	340	20.50	30.85	1.23	5.4	1.98	5.5	2.0	서북서	292	20.7	999.8	-	91	
2021-07-04 04:20:00	31.3	북북서	337	20.51	30.88	1.36	5.8	1.93	5.5	2.5	서북서	303	20.6	999.7	-	69	
2021-07-04 04:25:00	29.9	북북서	345	20.50	30.86	1.16	5.6	1.81	6.5	2.9	서북서	295	20.6	999.8	-	104	
2021-07-04 04:30:00	29.0	북북서	338	20.50	30.74	1.19	5.8	1.66	5.5	2.2	서북서	293	20.6	999.7	-	69	
2021-07-04 04:35:00	30.3	북북서	340	20.52	30.71	1.10	5.4	1.48	5.5	2.2	서북서	285	20.6	999.8	-	48	
2021-07-04 04:40:00	27.6	북북서	337	20.56	30.88	1.19	5.6	1.62	6.0	2.3	서북서	287	20.6	999.8	-	65	
2021-07-04 04:45:00	26.3	북북서	344	20.51	30.86	1.55	5.3	2.21	5.5	2.2	서북서	294	20.6	999.9	-	81	
2021-07-04 04:50:00	27.0	북북서	343	20.49	31.02	1.30	5.8	1.68	5.5	1.6	북서	311	20.6	999.8	-	50	
2021-07-04 04:55:00	25.2	북북서	343	20.44	31.06	1.14	5.7	1.57	5.5	1.6	북서	310	20.6	999.7	-	54	
2021-07-04 05:00:00	28.1	북북서	347	20.42	31.02	1.37	6.2	1.80	6.0	1.3	서북서	295	20.6	999.7	-	59	
2021-07-04 05:05:00	28.3	북북서	345	20.49	30.95	1.15	5.8	1.65	6.0	0.7	서북서	289	20.6	999.8	-	88	
2021-07-04 05:10:00	27.2	북북서	347	20.39	31.04	1.24	5.7	1.79	6.0	0.7	서	269	20.5	999.8	-	69	
2021-07-04 05:15:00	27.8	북북서	347	20.39	31.19	1.34	5.8	1.97	6.5	1.6	서	275	20.4	999.8	-	86	
2021-07-04 05:20:00	25.3	북북서	345	20.34	31.20	1.37	5.6	1.85	6.0	1.9	서	279	20.4	999.8	-	47	
2021-07-04 05:25:00	25.7	북	350	20.30	31.19	1.38	5.8	1.73	6.0	1.6	서남서	258	20.4	999.7	-	77	
2021-07-04 05:30:00	30.3	북북서	346	20.42	31.14	1.24	5.8	1.93	5.0	1.6	서	267	20.7	999.6	-	62	
2021-07-04 05:35:00	29.3	북북서	335	20.40	31.09	1.13	5.9	1.58	6.0	2.4	서	275	20.7	999.8	-	53	
2021-07-04 05:40:00	28.3	북북서	333	20.50	31.08	1.61	6.1	2.14	5.5	2.6	서북서	284	20.7	999.8	-	80	
2021-07-04 05:45:00	27.1	북북서	335	20.46	31.03	1.42	6.2	2.05	6.0	2.9	서북서	291	20.7	999.8	-	57	
2021-07-04 05:50:00	24.2	북북서	342	20.23	31.16	1.58	6.0	2.42	6.0	3.1	서북서	295	20.6	1000.0	-	100	
2021-07-04 05:55:00	25.9	북북서	343	20.26	31.08	1.13	5.9	1.44	6.5	2.3	서북서	294	20.5	1000.0	-	83	
2021-07-04 06:00:00	25.9	북북서	335	20.18	31.11	1.67	6.0	2.64	6.0	1.6	서북서	292	20.5	1000.0	-	66	
2021-07-04 06:05:00	24.2	북북서	339	20.05	31.10	1.39	5.8	1.60	6.0	2.4	북서	324	20.5	999.9	-	87	
2021-07-04 06:10:00	23.4	북북서	344	19.88	30.92	1.39	5.8	1.91	6.0	2.3	북북서	335	20.6	999.9	-	101	
2021-07-04 06:15:00	22.5	북북서	328	18.98	30.98	1.80	6.0	2.37	5.5	2.7	북	356	20.7	999.9	-	98	
2021-07-04 06:20:00	16.7	북북서	334	18.81	31.44	1.68	6.1	2.23	6.5	1.7	북북동	17	20.7	1000.0	-	95	
2021-07-04 06:25:00	22.0	북서	325	19.20	30.84	1.63	6.0	1.81	5.0	1.3	북북동	31	20.7	1000.1	-	100	
2021-07-04 06:30:00	19.7	북북서	329	18.56	31.73	1.63	6.3	2.09	6.0	0.8	북동	48	20.6	1000.1	-	108	
2021-07-04 06:35:00	15.6	북북서	333	18.14	31.82	1.56	6.2	1.84	6.0	1.3	동북동	60	20.6	1000.2	-	90	
2021-07-04 06:40:00	13.0	북북서	336	17.59	31.34	1.76	6.4	2.18	6.0	2.2	북동	52	20.7	1000.2	-	91	
2021-07-04 06:45:00	14.4	북북서	330	17.43	31.43	1.26	6.2	1.73	6.0	2.1	북동	46	20.7	1000.3	-	103	
2021-07-04 06:50:00	13.5	북북서	327	17.26	31.65	1.49	6.3	2.15	6.5	2.4	북북동	29	20.8	1000.3	-	71	
2021-07-04 06:55:00	27.6	북북서	326	19.73	31.51	1.74	6.5	2.34	6.5	2.7	북북동	21	20.9	1000.4	-	83	
2021-07-04 07:00:00	20.4	북북서	328	19.07	31.05	1.59	6.2	2.16	6.5	1.8	북북동	30	20.8	1000.5	-	84	
2021-07-04 07:05:00	18.4	북북서	339	18.54	31.66	1.39	6.2	1.63	6.0	1.8	북동	40	20.9	1000.6	-	97	
2021-07-04 07:10:00	12.2	북북서	328	18.66	31.41	1.70	6.4	2.13	6.0	1.8	북동	47	20.9	1000.6	-	95	
2021-07-04 07:15:00	16.2	북북서	337	18.82	31.33	1.23	5.9	1.71	6.0	1.4	북동	47	20.9	1000.7	-	92	
2021-07-04 07:20:00	14.4	북북서	339	18.94	32.04	1.44	6.1	1.82	6.0	1.1	북동	52	21.0	1000.8	-	93	
2021-07-04 07:25:00	13.1	북북서	333	18.01	31.90	1.50	6.2	2.25	6.0	0.7	동	79	21.1	1000.9	-	98	
2021-07-04 07:30:00	14.1	북북서	334	18.40	31.41	1.72	6.2	2.16	6.5	0.8	동북동	76	21.1	1000.8	-	84	
2021-07-04 07:35:00	13.0	북북서	338	18.26	30.93	1.47	6.0	2.04	5.5	0.4	남동	134	21.1	1000.9	-	104	
2021-07-04 07:40:00	14.2	북서	325	17.53	31.31	1.55	6.7	2.42	6.0	0.5	북	350	21.2	1000.9	-	91	
2021-07-04 07:45:00	16.0	북북서	326	17.71	30.84	1.55	6.3	1.96	6.5	1.5	북서	314	21.5	1001.0	-	106	
2021-07-04 07:50:00	16.1	북북서	332	17.68	31.70	1.55	6.4	1.85	6.0	1.2	북서	321	21.6	1001.0	-	119	
2021-07-04 07:55:00	16.6	북서	319	17.77	31.32	1.40	6.7	1.88	6.5	2.2	북서	325	21.6	1001.1	-	102	
2021-07-04 08:00:00	11.7	북서	326	17.26	31.49	1.74	6.6	2.49	6.0	3.5	북북서	333	21.6	1001.1	-	91	
2021-07-04 08:05:00	13.6	북북서	327	17.18	31.05	1.60	6.2	2.31	6.5	5.2	북북서	335	21.7	1001.2	-	63	
2021-07-04 08:10:00	12.8	북북서	328	17.24	31.40	1.62	6.4	2.12	6.0	5.7	북북서	334	21.6	1001.3	-	83	
2021-07-04 08:15:00	14.2	북서	309	16.80	32.42	1.97	6.3	2.59	6.0	6.6	북북서	332	21.5	1001.1	-	90	
2021-07-04 08:20:00	14.4	북북서	329	16.48	31.51	1.62	6.4	1.92	6.5	7.8	북북서	330	21.5	1001.1	-	75	
2021-07-04 08:25:00	9.8	북북서	337	16.80	31.64	1.37	6.2	2.16	6.5	9.9	북북서	336	21.5	1001.1	-	69	
2021-07-04 08:30:00	10.2	북서	317	18.25	30.68	1.42	6.3	2.08	6.0	10.7	북북서	337	21.6	1001.0	-	88	
2021-07-04 08:35:00	9.3	서북서	299	18.15	30.53	1.42	6.4	2.43	6.5	10.6	북북서	336	21.7	1001.1	-	84	
2021-07-04 08:40:00	2.2	서남서	247	17.92	30.24	1.57	6.2	2.39	6.5	9.7	북북서	334	21.5	1001.3	-	79	
2021-07-04 08:45:00	4.8	북서	313	18.21	30.56	1.57	6.2	2.00	5.5	9.9	북북서	327	21.5	1001.4	-	94	
2021-07-04 08:50:00	5.3	북	354	18.09	30.78	1.60	6.8	1.90	7.0	11.0	북북서	331	21.4	1001.4	-	106	
2021-07-04 08:55:00	9.2	남	176	17.86	30.75	1.58	6.7	1.86	5.5	10.8	북북서	331	21.3	1001.4	-	85	
2021-07-04 09:00:00	11.5	남동	141	18.18	30.64	1.72	6.3	2.10	6.0	10.3	북북서	335	21.2	1001.5	-	71	
2021-07-04 09:05:00	7.9	남동	142	18.39	30.62	1.62	6.5	2.21	5.5	9.6	북북서	336	21.1	1001.5	-	90	
2021-07-04 09:10:00	15.5	남동	132	17.78	30.81	1.68	6.4	2.49	6.5	9.6	북북서	328	21.1	1001.6	-	99	
2021-07-04 09:15:00	20.4	남동	134	18.03	30.93	1.52	6.2	2.59	6.0	10.4	북서	326	21.1	1001.6	-	104	
2021-07-04 09:20:00	18.6	남남동	153	18.24	30.77	1.68	6.1	2.72	6.0	9.9	북북서	330	21.1	1001.7	-	82	
2021-07-04 09:25:00	23.8	남남동	149	18.48	30.84	1.61	6.2	2.16	6.5	9.5	북서	325	21.0	1001.7	-	98	
2021-07-04 09:30:00	24.5	남남동	155	18.32	30.63	1.92	6.6	2.35	7.5	9.0	북서	326	20.9	1001.8	-	68	
2021-07-04 09:35:00	32.0	남남동	157	18.42	30.55	1.61	6.5	2.01	6.0	8.4	북북서	329	20.8	1001.8	-	112	
2021-07-04 09:40:00	30.0	남남동	160	18.24	30.68	1.68	5.9	2.33	6.5	9.0	북북서	335	20.8	1001.9	-	79	
2021-07-04 09:45:00	33.3	남남동	158	18.39	30.46	1.60	5.9	1.99	6.0	9.6	북북서	338	21.2	1001.9	-	77	
2021-07-04 09:50:00	27.7	남남동	161	18.49	30.56	1.45	6.0	1.80	4.5	8.8	북북서	328	21.2	1002.0	-	68	
2021-07-04 09:55:00	26.5	남남동	159	18.37	30.59	1.61	6.0	1.99	5.5	7.9	북북서	332	20.9	1002.2	-	92	
2021-07-04 10:00:00	30.2	남남동	156	18.27	30.82	1.76	6.3	2.21	6.0	8.4	북북서	331	20.8	1002.2	-	70	
2021-07-04 10:05:00	26.0	남남동	161	18.24	30.56	1.18	5.7	1.71	5.0	9.3	북북서	336	20.9	1002.1	-	73	
2021-07-04 10:10:00	27.7	남남동	153	18.09	30.71	1.43	5.8	2.20	6.0	9.5	북북서	327	21.0	1002.1	-	71	
2021-07-04 10:15:00	23.6	남남동	156	17.68	30.91	1.56	5.9	2.07	6.0	10.2	북북서	339	20.8	1002.2	-	75	
2021-07-04 10:20:00	21.5	남남동	166	17.49	30.90	1.43	5.4	1.98	4.5	10.0	북북서	331	20.7	1002.3	-	67	
2021-07-04 10:25:00	27.6	남남동	157	17.62	30.82	1.59	5.6	2.39	5.5	8.0	북북서	339	20.4	1002.5	-	92	
2021-07-04 10:30:00	31.3	남남동	157	17.47	30.94	1.50	5.6	1.77	5.0	9.3	북북서	338	20.3	1002.6	-	80	
2021-07-04 10:35:00	30.8	남남동	159	17.60	30.79	1.66	5.9	2.31	5.0	10.5	북북서	338	20.3	1002.5	-	135	
2021-07-04 10:40:00	29.2	남남동	159	17.49	30.90	1.52	5.4	2.28	5.5	10.2	북북서	338	20.3	1002.6	-	74	
2021-07-04 10:45:00	31.7	남남동	164	17.44	30.90	1.78	5.9	2.21	5.5	10.2	북북서	337	20.3	1002.6	-	53	
2021-07-04 10:50:00	34.8	남남동	162	17.46	30.87	1.39	5.2	1.84	5.5	8.8	북북서	335	20.2	1002.8	-	59	
2021-07-04 10:55:00	35.9	남남동	161	17.49	30.90	1.81	5.9	2.56	5.5	9.7	북북서	339	20.1	1002.7	-	65	
2021-07-04 11:00:00	35.1	남남동	164	17.51	30.85	1.70	5.4	2.22	6.0	10.2	북북서	340	20.1	1002.7	-	37	
2021-07-04 11:05:00	35.6	남남동	164	17.45	30.86	1.62	5.7	2.27	6.0	9.8	북북서	339	20.0	1002.6	-	75	
2021-07-04 11:10:00	32.0	남남동	167	17.38	30.85	1.53	5.8	1.89	6.0	9.2	북북서	332	19.9	1002.9	-	57	
2021-07-04 11:15:00	38.2	남남동	153	17.36	30.88	1.38	6.0	1.93	5.5	9.1	북북서	340	19.8	1002.8	-	74	
2021-07-04 11:20:00	34.5	남남동	154	17.28	30.89	1.44	5.6	1.82	5.5	9.3	북북서	338	19.9	1002.7	-	352	
2021-07-04 11:25:00	40.2	남남동	158	17.21	30.94	1.40	5.6	2.30	5.5	9.2	북북서	338	19.8	1002.8	-	81	
2021-07-04 11:30:00	33.7	남남동	158	17.15	30.98	1.86	5.9	2.40	4.5	9.1	북북서	335	19.8	1002.9	-	46	
2021-07-04 11:35:00	35.1	남남동	159	17.02	31.03	1.64	5.8	2.31	6.0	9.2	북북서	332	19.7	1003.1	-	61	
2021-07-04 11:40:00	31.7	남남동	156	16.95	31.04	1.85	5.4	2.60	5.0	8.8	북북서	336	19.6	1003.1	-	66	
2021-07-04 11:45:00	34.7	남남동	159	16.89	31.08	1.58	5.4	1.87	4.0	9.4	북북서	331	19.6	1003.2	-	43	
2021-07-04 11:50:00	34.0	남남동	159	16.91	31.14	1.66	5.5	2.03	5.5	8.5	북북서	330	19.5	1003.3	-	335	
2021-07-04 11:55:00	33.1	남남동	161	16.81	31.09	1.47	5.4	1.96	6.0	6.9	북서	326	19.4	1003.4	-	283	
2021-07-04 12:00:00	32.9	남남동	160	16.77	31.05	1.69	5.5	2.23	5.5	7.9	북북서	329	19.3	1003.4	-	92	
2021-07-04 12:05:00	31.7	남남동	165	16.70	31.01	1.90	6.0	2.67	5.0	7.7	북북서	327	19.4	1003.5	-	56	
2021-07-04 12:10:00	29.3	남남동	160	16.75	31.06	1.70	5.5	2.38	6.0	7.6	북서	323	19.3	1003.6	-	84	
2021-07-04 12:15:00	33.4	남남동	169	16.74	31.09	1.51	6.1	1.89	6.0	7.6	북서	321	19.4	1003.7	-	65	
2021-07-04 12:20:00	28.3	남남동	167	16.77	31.15	1.64	5.4	2.10	5.0	7.8	북서	325	19.4	1003.7	-	134	
2021-07-04 12:25:00	38.3	남남동	163	17.09	31.16	1.37	5.5	2.08	5.0	8.1	북북서	330	19.4	1003.7	-	15	
2021-07-04 12:30:00	35.0	남	172	17.03	31.21	1.41	5.3	1.85	6.0	7.6	북서	322	19.4	1003.8	-	327	
2021-07-04 12:35:00	32.9	남	170	17.01	30.83	1.67	6.1	2.97	5.5	8.0	북서	326	19.3	1003.8	-	48	
2021-07-04 12:40:00	30.5	남	173	16.93	31.18	1.40	5.7	1.84	5.0	7.8	북서	321	19.2	1003.8	-	4	
2021-07-04 12:45:00	34.1	남남동	168	16.88	31.15	1.47	5.2	2.09	4.5	6.5	북서	319	19.2	1003.9	-	256	
2021-07-04 12:50:00	34.0	남	170	16.99	31.24	1.45	5.4	1.69	5.0	6.3	북서	315	19.1	1004.0	-	65	
2021-07-04 12:55:00	43.3	남	178	17.37	31.28	1.62	5.2	3.15	5.0	6.8	북서	321	19.2	1004.1	-	1	
2021-07-04 13:00:00	36.6	남	175	17.56	31.09	1.40	5.7	1.74	4.5	7.1	북서	322	19.2	1004.1	-	80	
2021-07-04 13:05:00	37.2	남	171	17.70	31.10	1.32	5.3	1.85	5.0	7.6	북서	321	19.2	1004.2	-	81	
2021-07-04 13:10:00	35.6	남	171	17.63	31.14	1.47	6.0	1.99	5.0	7.9	북서	323	19.2	1004.2	-	53	
2021-07-04 13:15:00	35.4	남	173	17.58	31.06	1.33	5.5	1.69	5.5	8.3	북서	323	19.2	1004.2	-	279	
2021-07-04 13:20:00	36.7	남	172	17.56	31.15	1.45	5.0	2.00	5.0	8.0	북서	324	19.2	1004.2	-	241	
2021-07-04 13:25:00	26.9	남	185	17.46	31.10	1.60	5.3	2.60	5.0	8.1	북북서	327	19.2	1004.2	-	56	
2021-07-04 13:30:00	37.3	남	178	17.75	31.12	1.30	5.1	1.94	5.5	8.2	북서	322	19.2	1004.3	-	51	
2021-07-04 13:35:00	37.7	남	185	17.81	31.03	1.29	5.3	1.90	5.0	7.8	북서	324	19.2	1004.4	-	67	
2021-07-04 13:40:00	31.6	남	185	17.71	31.12	1.49	5.6	2.16	5.5	7.7	북서	321	19.2	1004.6	-	54	
2021-07-04 13:45:00	33.4	남	181	17.59	31.29	1.46	5.2	2.09	4.5	7.4	북서	324	19.2	1004.5	-	340	
2021-07-04 13:50:00	23.7	남	182	17.58	31.23	1.38	5.4	1.92	7.5	7.1	북서	321	19.3	1004.6	-	53	
2021-07-04 13:55:00	27.1	남	183	17.60	31.31	1.54	5.8	1.97	5.0	6.8	북서	323	19.2	1004.6	-	343	
2021-07-04 14:00:00	34.9	남	181	17.65	31.36	1.41	5.4	1.80	4.0	6.7	북북서	327	19.2	1004.6	-	24	
2021-07-04 14:05:00	27.7	남	178	17.66	31.39	1.55	5.8	2.09	6.0	6.8	북북서	328	19.2	1004.6	-	77	
2021-07-04 14:10:00	29.8	남동	141	17.84	31.27	1.49	5.8	1.94	4.5	7.2	북북서	329	19.2	1004.6	-	31	
2021-07-04 14:15:00	50.4	남동	139	18.28	30.23	1.60	5.6	2.03	5.5	7.0	북서	326	19.3	1004.7	-	306	
2021-07-04 14:20:00	50.6	남동	139	18.41	30.05	1.57	6.1	2.12	5.0	6.8	북서	321	19.3	1004.7	-	55	
2021-07-04 14:25:00	52.7	남동	136	18.50	29.57	1.62	5.8	2.26	5.0	6.6	북서	322	19.3	1004.7	-	45	
2021-07-04 14:30:00	56.7	남동	140	18.45	29.67	1.26	5.3	2.10	4.5	6.6	북서	324	19.3	1004.8	-	35	
2021-07-04 14:35:00	52.7	남동	139	18.42	29.51	1.41	5.9	1.75	5.5	6.8	북서	324	19.3	1004.9	-	59	
2021-07-04 14:40:00	49.3	남동	138	18.35	29.79	1.55	6.0	2.24	5.5	6.8	북서	323	19.3	1005.0	-	58	
2021-07-04 14:45:00	40.6	남동	135	18.26	29.86	1.24	5.6	1.71	5.5	6.8	북서	322	19.2	1005.0	-	44	
2021-07-04 14:50:00	42.0	남동	140	18.22	29.81	1.58	6.3	2.55	6.0	7.1	북서	322	19.2	1005.0	-	39	
2021-07-04 14:55:00	44.0	남동	140	18.15	29.98	1.49	6.6	2.05	5.5	6.7	북북서	328	19.1	1005.0	-	40	
2021-07-04 15:00:00	40.2	남동	138	18.19	29.92	1.38	6.0	1.86	7.0	6.8	북북서	327	19.1	1005.0	-	16	
2021-07-04 15:05:00	43.7	남동	138	18.17	29.71	1.24	6.0	1.63	6.5	6.8	북북서	328	19.1	1005.0	-	53	
2021-07-04 15:10:00	45.2	남동	137	18.27	29.41	1.55	6.2	1.73	6.5	6.9	북서	324	19.1	1005.1	-	38	
2021-07-04 15:15:00	47.7	남동	137	18.37	29.31	1.49	6.1	1.99	5.5	7.4	북북서	327	19.2	1005.2	-	33	
2021-07-04 15:20:00	49.8	남동	143	18.41	28.98	1.30	6.5	2.03	5.5	7.6	북서	324	19.3	1005.2	-	43	
2021-07-04 15:25:00	51.8	남동	142	18.42	28.97	1.34	6.2	1.87	7.0	7.7	북서	325	19.4	1005.3	-	51	
2021-07-04 15:30:00	49.0	남동	143	18.41	28.91	1.24	6.8	1.66	6.5	7.6	북서	324	19.4	1005.5	-	21	
2021-07-04 15:35:00	49.5	남동	140	18.37	29.15	1.28	6.1	1.69	6.5	7.2	북서	325	19.4	1005.6	-	37	
2021-07-04 15:40:00	53.5	남동	141	18.48	28.90	1.18	5.9	1.51	5.5	7.5	북서	326	19.4	1005.5	-	28	
2021-07-04 15:45:00	49.2	남동	140	18.38	29.10	1.32	6.5	1.78	5.0	7.5	북서	325	19.4	1005.5	-	60	
2021-07-04 15:50:00	49.6	남동	138	18.54	28.59	1.23	6.4	1.67	7.5	7.6	북서	326	19.4	1005.6	-	47	
2021-07-04 15:55:00	59.4	남동	140	18.58	28.38	1.31	6.4	1.91	7.0	7.6	북서	326	19.3	1005.6	-	57	
2021-07-04 16:00:00	57.8	남동	143	18.66	28.29	1.22	6.0	1.54	5.0	8.1	북서	325	19.3	1005.7	-	47	
2021-07-04 16:05:00	57.3	남동	145	18.52	28.62	1.34	6.6	1.58	7.5	7.6	북서	325	19.3	1005.8	-	21	
2021-07-04 16:10:00	58.3	남동	143	18.52	28.92	1.31	6.3	1.73	6.0	7.7	북서	325	19.3	1005.9	-	41	
2021-07-04 16:15:00	58.5	남동	144	18.48	28.98	1.27	6.5	1.68	5.0	7.8	북서	324	19.3	1006.0	-	26	
2021-07-04 16:20:00	56.6	남동	140	18.45	28.85	1.48	7.2	2.59	6.5	7.4	북북서	328	19.2	1006.0	-	35	
2021-07-04 16:25:00	55.3	남동	146	18.35	29.21	1.50	6.9	2.10	6.5	7.5	북서	325	19.1	1005.9	-	43	
2021-07-04 16:30:00	54.1	남동	145	18.32	29.12	1.32	6.4	1.53	7.5	7.5	북서	322	19.1	1005.9	-	43	
2021-07-04 16:35:00	53.3	남남동	148	18.32	29.42	1.31	5.8	1.64	5.0	7.7	북서	325	19.1	1005.9	-	37	
2021-07-04 16:40:00	56.3	남동	143	18.34	29.34	1.31	5.9	1.69	5.5	7.2	북서	322	19.1	1005.9	-	58	
2021-07-04 16:45:00	48.0	남남동	146	18.28	29.40	1.17	6.1	1.44	6.5	7.3	북서	323	19.0	1005.9	-	21	
2021-07-04 16:50:00	47.6	남동	144	18.25	29.81	1.41	6.5	1.78	6.5	7.2	북서	324	19.0	1005.9	-	49	
2021-07-04 16:55:00	49.0	남남동	148	18.22	29.81	1.13	6.3	1.67	7.0	7.3	북서	324	19.0	1005.9	-	26	
2021-07-04 17:00:00	52.0	남남동	148	18.23	30.06	1.30	7.1	1.84	7.0	7.2	북서	324	19.0	1006.0	-	35	
2021-07-04 17:05:00	44.9	남남동	152	18.16	29.98	1.17	6.5	1.83	6.0	7.2	북서	320	19.0	1006.1	-	47	
2021-07-04 17:10:00	43.8	남남동	149	18.23	30.16	1.33	6.6	1.77	5.5	7.0	북서	323	19.0	1006.3	-	32	
2021-07-04 17:15:00	49.3	남남동	150	18.20	30.39	1.58	6.5	1.89	6.5	6.8	북서	324	19.0	1006.3	-	47	
2021-07-04 17:20:00	44.1	남남동	150	18.22	30.41	1.51	7.1	1.89	7.0	6.3	북서	326	19.0	1006.3	-	32	
2021-07-04 17:25:00	45.9	남남동	155	18.21	30.56	1.13	6.3	1.78	6.5	6.2	북서	321	19.0	1006.3	-	36	
2021-07-04 17:30:00	44.9	남남동	150	18.15	30.71	1.26	6.7	1.53	5.5	6.1	북서	319	19.0	1006.5	-	33	
2021-07-04 17:35:00	42.9	남남동	150	18.14	30.82	1.18	6.4	1.64	6.0	6.0	북서	322	19.0	1006.4	-	27	
2021-07-04 17:40:00	48.0	남남동	146	18.28	30.61	1.35	6.3	2.00	6.5	5.8	북서	321	19.0	1006.4	-	24	
2021-07-04 17:45:00	44.2	남남동	150	18.30	30.49	1.33	6.5	1.58	9.0	5.8	북서	322	19.0	1006.5	-	66	
2021-07-04 17:50:00	39.8	남남동	149	18.23	30.49	1.37	6.4	2.24	6.0	6.0	북서	321	19.0	1006.6	-	36	
2021-07-04 17:55:00	42.0	남남동	151	18.23	30.67	1.25	6.9	1.99	7.0	6.1	북서	318	19.0	1006.6	-	45	
2021-07-04 18:00:00	43.8	남동	145	18.26	30.58	1.45	6.8	1.79	6.0	6.0	북서	323	19.0	1006.5	-	26	
2021-07-04 18:05:00	43.4	남남동	149	18.26	30.66	1.23	6.4	1.50	6.5	5.9	북서	324	19.0	1006.4	-	54	
2021-07-04 18:10:00	-	-	-	-	-	-	-	-	-	-	-	-	-	-	-	-	
2021-07-04 18:15:00	36.2	남동	145	18.23	30.71	1.37	5.8	2.75	5.8	5.9	북서	324	19.0	1006.4	-	22	
2021-07-04 18:20:00	43.7	남남동	151	18.28	30.66	1.32	6.9	2.13	6.5	6.3	북서	322	18.9	1006.4	-	23	
2021-07-04 18:25:00	38.1	남남동	150	18.29	30.72	1.15	6.4	1.34	7.0	6.1	북서	323	18.9	1006.4	-	15	
2021-07-04 18:30:00	37.0	남동	144	18.28	30.69	1.26	6.6	1.50	5.5	5.7	북서	321	18.9	1006.6	-	27	
2021-07-04 18:35:00	35.5	남남동	147	18.27	30.68	1.07	6.8	1.75	7.0	5.6	북서	319	18.9	1006.6	-	29	
2021-07-04 18:40:00	37.6	남동	146	18.26	30.76	1.32	6.9	1.77	6.0	5.8	북서	322	18.9	1006.7	-	39	
2021-07-04 18:45:00	35.1	남남동	147	18.21	30.85	1.38	6.6	1.72	6.0	6.0	북서	323	19.0	1006.8	-	33	
2021-07-04 18:50:00	34.5	남동	146	18.21	30.78	1.26	7.0	1.56	8.5	5.8	북서	321	19.0	1006.9	-	34	
2021-07-04 18:55:00	35.9	남동	145	18.21	30.72	1.41	6.4	1.89	6.5	5.8	북서	321	19.0	1007.0	-	46	
2021-07-04 19:00:00	36.3	남동	146	18.22	30.66	1.30	7.1	1.53	6.5	5.8	북서	324	18.9	1007.0	-	47	
2021-07-04 19:05:00	35.0	남동	146	18.20	30.69	1.40	7.0	2.09	6.5	5.8	북서	324	19.0	1007.0	-	42	
2021-07-04 19:10:00	33.0	남동	144	18.22	30.66	1.32	6.8	2.03	7.5	5.8	북서	325	18.9	1007.0	-	47	
2021-07-04 19:15:00	35.9	남동	145	18.20	30.74	1.36	7.1	1.76	5.5	5.7	북서	326	19.0	1006.9	-	50	
2021-07-04 19:20:00	37.5	남동	142	18.24	30.77	1.13	6.4	1.60	6.5	5.5	북서	325	19.0	1007.0	-	35	
2021-07-04 19:25:00	34.0	남동	145	18.21	30.68	1.36	6.4	1.94	7.0	5.4	북서	325	18.9	1007.1	-	54	
2021-07-04 19:30:00	34.5	남동	141	18.22	30.75	1.52	7.1	2.18	7.0	5.1	북서	323	18.9	1007.1	-	54	
2021-07-04 19:35:00	35.7	남동	143	18.19	30.75	1.46	6.9	1.82	7.0	5.4	북서	325	18.9	1007.2	-	31	
2021-07-04 19:40:00	36.8	남동	144	18.21	30.81	1.38	7.1	1.68	7.0	5.1	북서	323	18.9	1007.2	-	16	
2021-07-04 19:45:00	33.4	남동	139	18.19	30.82	1.31	7.0	1.59	5.5	5.2	북서	324	18.9	1007.2	-	28	
2021-07-04 19:50:00	33.3	남남동	150	18.21	30.81	1.39	7.3	1.96	7.0	4.8	북서	326	18.9	1007.3	-	25	
2021-07-04 19:55:00	33.4	남남동	151	18.23	30.82	1.25	6.5	2.07	6.0	4.4	북서	325	18.9	1007.3	-	61	
2021-07-04 20:00:00	31.6	남남동	149	18.22	30.75	1.24	6.6	1.87	6.0	4.3	북서	322	18.9	1007.4	-	23	
2021-07-04 20:05:00	32.6	남남동	150	18.22	30.87	1.22	7.2	1.80	8.0	4.2	북서	319	18.9	1007.5	-	7	
2021-07-04 20:10:00	33.0	남남동	147	18.21	30.84	1.30	6.5	1.82	6.5	4.3	북서	321	18.9	1007.6	-	28	
2021-07-04 20:15:00	29.6	남남동	152	18.18	30.93	1.47	6.8	2.15	6.5	4.4	북서	325	18.8	1007.7	-	4	
2021-07-04 20:20:00	30.5	남남동	149	18.19	30.95	1.46	7.1	2.21	7.0	4.2	북북서	330	18.8	1007.7	-	35	
2021-07-04 20:25:00	30.0	남남동	147	18.19	30.95	1.24	6.5	1.86	6.5	4.3	북북서	330	18.8	1007.8	-	31	
2021-07-04 20:30:00	28.1	남동	146	18.17	30.94	1.16	6.8	1.68	7.5	4.4	북북서	332	18.8	1007.8	-	22	
2021-07-04 20:35:00	32.0	남동	144	18.15	30.88	1.23	7.1	1.63	6.5	4.4	북북서	335	18.8	1007.9	-	41	
2021-07-04 20:40:00	31.9	남남동	150	18.19	30.87	1.00	6.5	1.21	7.0	4.3	북북서	340	18.8	1007.9	-	32	
2021-07-04 20:45:00	32.2	남남동	151	18.20	30.86	1.17	6.8	1.61	7.0	4.3	북북서	335	18.8	1008.0	-	33	
2021-07-04 20:50:00	30.0	남남동	151	18.18	30.90	1.26	7.3	2.21	7.5	4.0	북북서	328	18.8	1008.2	-	21	
2021-07-04 20:55:00	30.3	남남동	155	18.17	30.89	1.46	6.7	2.10	6.5	3.8	북서	321	18.7	1008.2	-	47	
2021-07-04 21:00:00	29.1	남남동	155	18.16	30.88	1.29	7.1	1.74	6.5	3.3	북서	317	18.7	1008.3	-	16	
2021-07-04 21:05:00	33.5	남남동	155	18.14	30.67	1.46	6.9	1.89	6.5	2.9	북서	308	18.7	1008.3	-	29	
2021-07-04 21:10:00	29.3	남남동	153	18.13	30.72	1.45	7.0	2.52	7.5	2.5	서북서	295	18.7	1008.3	-	30	
2021-07-04 21:15:00	28.9	남남동	148	18.12	30.76	1.17	7.3	2.08	7.5	2.4	서북서	300	18.6	1008.3	-	29	
2021-07-04 21:20:00	27.2	남남동	152	18.10	30.73	1.09	6.8	1.33	7.5	2.3	서북서	298	18.6	1008.4	-	31	
2021-07-04 21:25:00	27.3	남남동	153	18.09	30.77	1.17	7.0	1.60	7.5	2.2	서북서	296	18.7	1008.5	-	47	
2021-07-04 21:30:00	26.9	남남동	152	18.08	30.79	1.25	7.1	1.83	6.5	2.7	북서	309	18.7	1008.6	-	39	
2021-07-04 21:35:00	24.6	남남동	151	18.05	30.83	1.46	6.9	2.18	7.0	2.7	북서	305	18.7	1008.6	-	33	
2021-07-04 21:40:00	23.1	남남동	148	18.04	30.80	1.00	6.6	1.53	6.0	2.4	서북서	299	18.8	1008.6	-	31	
2021-07-04 21:45:00	27.8	남남동	159	18.04	30.75	1.11	6.9	1.38	7.5	2.5	서북서	303	18.8	1008.5	-	7	
2021-07-04 21:50:00	28.0	남남동	156	18.04	30.65	1.45	7.0	1.91	6.5	2.5	북서	315	18.8	1008.5	-	21	
2021-07-04 21:55:00	24.3	남남동	160	18.01	30.55	1.32	7.0	1.54	7.0	2.6	북서	306	18.8	1008.5	-	11	
2021-07-04 22:00:00	27.4	남남동	161	18.03	30.46	1.28	7.2	1.83	7.5	2.8	서북서	303	18.8	1008.5	-	19	
2021-07-04 22:05:00	25.8	남남동	160	18.05	30.42	1.37	6.4	1.83	6.5	2.7	서북서	301	18.8	1008.5	-	24	
2021-07-04 22:10:00	25.1	남남동	160	18.05	30.42	1.07	6.6	1.73	6.5	3.0	북서	305	18.9	1008.6	-	22	
2021-07-04 22:15:00	22.8	남남동	153	18.03	30.55	1.47	6.9	2.16	7.0	3.3	서북서	303	18.9	1008.5	-	25	
2021-07-04 22:20:00	22.6	남남동	153	18.05	30.42	1.18	7.1	1.50	7.0	3.2	서북서	297	18.9	1008.5	-	5	
2021-07-04 22:25:00	22.9	남남동	152	18.05	30.40	1.50	6.8	2.09	7.0	2.7	서북서	289	19.0	1008.4	-	11	
2021-07-04 22:30:00	19.7	남남동	153	18.04	30.36	1.25	7.0	1.67	6.5	2.4	서북서	299	19.2	1008.5	-	34	
2021-07-04 22:35:00	21.2	남남동	152	18.06	30.12	1.09	6.0	1.70	6.5	2.5	서북서	299	19.2	1008.4	-	18	
2021-07-04 22:40:00	21.3	남남동	150	18.05	30.27	1.31	7.2	1.86	6.0	2.2	서북서	299	19.2	1008.3	-	19	
2021-07-04 22:45:00	29.5	남남동	159	18.06	30.07	1.29	6.8	1.49	6.0	1.9	서북서	288	19.2	1008.3	-	22	
2021-07-04 22:50:00	23.2	남남동	153	18.05	29.99	1.25	7.1	1.68	6.0	1.9	서북서	293	19.2	1008.3	-	27	
2021-07-04 22:55:00	25.1	남남동	153	18.05	30.01	1.30	6.7	2.00	7.0	2.0	서북서	292	19.2	1008.3	-	35	
2021-07-04 23:00:00	26.9	남남동	156	18.05	29.74	1.24	7.0	1.71	6.5	1.4	서북서	288	19.2	1008.3	-	34	
2021-07-04 23:05:00	26.6	남남동	163	18.06	29.58	1.30	6.4	1.77	6.5	1.0	서북서	283	19.1	1008.3	-	4	
2021-07-04 23:10:00	29.1	남남동	161	18.05	29.86	1.47	7.3	1.66	7.5	1.0	서	269	19.1	1008.4	-	37	
2021-07-04 23:15:00	22.9	남남동	156	18.07	29.25	1.10	7.1	1.59	6.5	0.9	서	276	19.1	1008.3	-	31	
2021-07-04 23:20:00	26.1	남남동	157	18.05	29.12	1.21	6.8	1.70	8.0	0.5	서북서	296	19.1	1008.3	-	21	
2021-07-04 23:25:00	25.6	남남동	154	18.07	29.49	1.11	6.9	1.78	7.0	0.1	북북서	332	18.8	1008.4	-	21	
2021-07-04 23:30:00	24.2	남남동	153	18.10	29.90	1.10	7.2	1.37	8.0	0.4	북북동	16	18.7	1008.4	-	29	
2021-07-04 23:35:00	27.4	남남동	152	18.07	29.46	1.11	6.6	1.36	5.0	0.3	북동	40	18.7	1008.3	-	34	
2021-07-04 23:40:00	29.6	남동	143	18.04	29.80	1.23	6.9	1.61	7.5	0.6	동남동	105	18.7	1008.3	-	13	
2021-07-04 23:45:00	31.0	남동	146	18.01	29.89	1.49	7.0	2.24	7.5	1.1	동남동	114	18.8	1008.2	-	26	
2021-07-04 23:50:00	27.7	남남동	152	18.02	30.26	1.15	6.7	1.41	6.5	1.0	동남동	113	18.7	1008.2	-	39	
2021-07-04 23:55:00	29.1	남남동	155	18.02	30.19	1.17	6.8	1.73	6.5	1.1	동남동	102	18.6	1008.1	-	38	
2021-07-05 00:00:00	26.4	남남동	154	18.01	29.99	1.27	6.9	1.84	6.5	1.4	동남동	112	18.6	1008.1	-	30	
2021-07-05 00:05:00	29.4	남남동	156	18.01	29.98	1.04	6.6	1.32	6.0	1.5	남동	136	18.5	1008.0	-	40	
2021-07-05 00:10:00	28.5	남남동	159	18.00	30.09	1.07	6.4	1.44	7.0	1.1	동남동	119	18.4	1008.1	-	15	
2021-07-05 00:15:00	25.8	남남동	159	18.03	30.26	1.35	7.1	1.98	7.0	0.8	동	98	18.3	1008.2	-	37	
2021-07-05 00:20:00	28.2	남남동	159	18.01	30.03	1.25	6.9	1.76	7.5	1.4	동남동	123	18.6	1008.2	-	34	
2021-07-05 00:25:00	30.3	남남동	161	18.00	30.03	1.25	6.6	1.74	6.5	1.1	동남동	102	18.6	1008.2	-	23	
2021-07-05 00:30:00	28.1	남남동	156	18.00	30.13	1.35	6.7	1.94	6.5	1.1	동남동	102	18.5	1008.2	-	33	
2021-07-05 00:35:00	28.2	남남동	156	18.01	30.09	1.16	7.0	1.76	7.0	1.2	동	100	18.8	1008.0	-	27	
2021-07-05 00:40:00	28.8	남남동	153	18.02	29.85	1.16	6.5	1.66	6.5	1.0	동남동	108	19.0	1008.1	-	33	
2021-07-05 00:45:00	27.4	남남동	153	18.02	29.99	1.19	7.2	1.53	6.5	0.9	남동	130	19.1	1008.0	-	32	
2021-07-05 00:50:00	30.3	남남동	161	18.00	30.06	1.03	6.7	1.44	6.5	1.0	남동	126	19.0	1008.1	-	37	
2021-07-05 00:55:00	26.5	남남동	158	17.99	30.21	1.39	6.7	1.72	6.5	1.1	동남동	116	19.0	1008.1	-	20	
2021-07-05 01:00:00	29.6	남남동	159	18.00	30.13	1.05	7.2	1.27	7.5	1.6	동남동	119	18.7	1008.0	-	37	
2021-07-05 01:05:00	29.1	남남동	158	18.00	30.25	1.05	6.8	1.66	7.0	1.7	남동	130	18.6	1008.1	-	47	
2021-07-05 01:10:00	25.1	남남동	156	18.00	30.31	1.22	6.4	1.65	6.5	1.3	동남동	121	18.5	1008.1	-	30	
2021-07-05 01:15:00	26.9	남남동	160	17.99	30.34	0.98	6.9	1.28	6.0	1.4	남동	127	18.5	1008.1	-	30	
2021-07-05 01:20:00	24.0	남남동	158	17.99	30.25	1.16	6.8	1.78	6.5	1.4	남동	136	18.5	1008.0	-	16	
2021-07-05 01:25:00	26.6	남남동	161	18.00	30.28	1.25	7.1	1.69	6.5	1.3	남남동	151	18.5	1008.0	-	49	
2021-07-05 01:30:00	26.3	남남동	160	18.00	30.21	1.36	6.7	1.69	7.0	1.1	남남동	158	18.5	1008.0	-	27	
2021-07-05 01:35:00	27.2	남남동	164	18.00	30.18	1.06	6.8	1.54	6.0	0.5	남	173	18.4	1007.9	-	32	
2021-07-05 01:40:00	25.8	남남동	154	18.00	30.21	1.25	7.2	2.17	7.0	0.5	남동	134	18.4	1007.9	-	38	
2021-07-05 01:45:00	23.7	남남동	148	18.04	29.91	1.27	6.5	1.73	6.0	1.0	남	182	18.4	1007.7	-	16	
2021-07-05 01:50:00	24.4	남남동	147	18.06	29.91	1.02	6.7	1.53	5.5	0.8	남남동	163	18.4	1007.6	-	30	
2021-07-05 01:55:00	25.0	남남동	148	18.08	29.91	1.19	6.6	1.44	7.5	1.1	남	177	18.5	1007.6	-	359	
2021-07-05 02:00:00	25.4	남남동	148	18.10	29.89	1.14	6.3	1.51	6.5	1.1	남	182	18.4	1007.7	-	40	
2021-07-05 02:05:00	26.1	남남동	154	18.02	30.21	1.24	6.4	1.79	6.5	0.7	남	173	18.5	1007.7	-	24	
2021-07-05 02:10:00	24.6	남남동	152	18.04	30.30	1.11	6.3	1.31	6.5	0.9	북동	41	18.3	1007.7	-	33	
2021-07-05 02:15:00	22.2	남남동	148	18.04	30.18	1.23	6.7	1.57	7.0	0.8	북동	44	18.2	1007.6	-	37	
2021-07-05 02:20:00	23.3	남남동	151	18.03	30.10	1.27	6.8	1.61	6.5	1.6	북북동	21	18.0	1007.7	-	42	
2021-07-05 02:25:00	24.0	남남동	151	18.06	30.17	1.29	6.7	1.87	6.5	1.4	북동	48	18.3	1007.7	-	33	
2021-07-05 02:30:00	22.0	남남동	152	18.07	30.10	0.88	6.7	0.98	9.0	1.0	북동	53	18.6	1007.7	-	42	
2021-07-05 02:35:00	22.1	남남동	156	18.14	29.87	1.24	6.7	1.86	6.5	1.1	북동	52	18.6	1007.7	-	53	
2021-07-05 02:40:00	22.9	남남동	151	18.13	30.13	1.20	7.2	1.71	7.0	0.5	동북동	78	18.7	1007.7	-	46	
2021-07-05 02:45:00	21.4	남남동	154	18.11	30.13	1.08	6.9	1.55	7.0	0.2	동	88	18.7	1007.8	-	51	
2021-07-05 02:50:00	21.5	남남동	151	18.11	30.03	1.05	6.5	1.40	8.0	0.3	남남서	196	18.3	1007.8	-	58	
2021-07-05 02:55:00	19.4	남남동	147	18.10	29.92	1.18	6.6	1.53	7.0	0.9	남	180	18.4	1007.6	-	33	
2021-07-05 03:00:00	20.7	남동	145	18.09	30.08	1.09	6.8	1.28	5.5	0.3	남남서	192	18.6	1007.7	-	41	
2021-07-05 03:05:00	20.5	남남동	161	18.10	30.15	1.25	6.7	1.87	6.5	0.7	북북동	30	18.5	1007.7	-	27	
2021-07-05 03:10:00	17.1	남남동	156	18.12	30.09	1.10	6.5	1.31	6.5	0.2	북북서	346	17.9	1007.7	-	52	
2021-07-05 03:15:00	22.2	남남동	154	18.10	30.19	1.16	7.1	1.67	6.0	0.1	북동	36	18.1	1007.7	-	20	
2021-07-05 03:20:00	18.8	남남동	160	18.09	30.24	1.08	6.3	1.56	6.0	0.0	북	357	18.3	1007.7	-	29	
2021-07-05 03:25:00	19.3	남남동	155	18.13	30.07	1.14	6.7	1.41	6.0	0.2	북북서	348	18.3	1007.7	-	37	
2021-07-05 03:30:00	19.4	남남동	156	18.10	29.97	1.17	6.2	1.88	6.5	0.4	북	359	18.3	1007.7	-	40	
2021-07-05 03:35:00	20.7	남남동	163	18.07	30.13	1.17	6.6	1.65	6.5	0.2	북	350	18.3	1007.8	-	45	
2021-07-05 03:40:00	18.9	남남동	159	18.07	30.19	1.10	6.7	1.57	6.5	1.4	동남동	104	18.5	1007.8	-	15	
2021-07-05 03:45:00	19.8	남남동	161	18.06	30.16	0.97	6.3	1.33	5.5	1.2	북동	38	18.1	1007.9	-	77	
2021-07-05 03:50:00	19.9	남남동	164	18.05	30.12	0.97	6.3	1.24	7.0	1.5	동북동	75	18.0	1007.9	-	28	
2021-07-05 03:55:00	20.6	남남동	152	18.04	30.22	0.99	6.2	1.17	5.0	0.9	동북동	68	18.0	1008.1	-	57	
2021-07-05 04:00:00	16.3	남남동	155	18.06	30.10	1.23	6.3	1.62	6.5	0.8	북동	56	17.8	1008.2	-	36	
2021-07-05 04:05:00	18.5	남남동	149	18.08	30.10	1.30	6.6	1.58	6.0	1.2	북북동	14	17.6	1008.3	-	39	
2021-07-05 04:10:00	18.4	남남동	153	18.05	30.13	1.17	6.1	1.68	6.5	1.1	북	6	17.4	1008.3	-	39	
2021-07-05 04:15:00	17.1	남남동	150	18.05	30.14	1.22	6.3	1.71	6.5	1.1	북	3	17.4	1008.4	-	37	
2021-07-05 04:20:00	19.8	남남동	161	18.04	30.21	1.14	6.8	1.40	6.5	1.3	북북동	19	17.6	1008.5	-	53	
2021-07-05 04:25:00	21.2	남남동	154	18.03	30.16	1.15	6.5	1.43	7.0	1.8	북	359	17.6	1008.6	-	35	
2021-07-05 04:30:00	16.8	남남동	157	18.02	30.10	1.30	6.8	1.61	6.0	1.3	북	352	17.7	1008.7	-	28	
2021-07-05 04:35:00	17.0	남남동	149	18.05	29.74	1.02	6.9	1.42	6.0	1.8	북북서	341	17.4	1008.8	-	53	
2021-07-05 04:40:00	18.1	남남동	154	18.01	30.17	1.21	6.7	1.55	6.0	1.2	북북서	330	17.5	1008.9	-	45	
2021-07-05 04:45:00	16.5	남남동	152	17.97	30.17	1.17	6.8	1.63	6.0	1.2	북북서	329	17.5	1008.8	-	30	
2021-07-05 04:50:00	18.2	남남동	150	17.95	30.26	1.12	6.4	1.67	6.5	0.8	북서	317	17.4	1008.8	-	35	
2021-07-05 04:55:00	18.1	남남동	147	17.97	30.13	0.92	6.2	1.67	6.5	1.3	서	269	17.5	1008.9	-	42	
2021-07-05 05:00:00	18.9	남남동	149	17.96	30.30	1.14	6.3	1.59	7.0	0.9	서	267	17.5	1008.9	-	30	
2021-07-05 05:05:00	19.1	남남동	149	17.96	30.23	0.95	6.7	1.19	6.0	0.5	남서	224	17.6	1008.9	-	48	
2021-07-05 05:10:00	15.7	남동	141	18.01	30.10	1.34	6.7	1.65	5.5	0.7	남남서	194	17.6	1008.8	-	40	
2021-07-05 05:15:00	16.1	남남동	153	17.96	30.21	1.15	6.5	1.32	5.5	0.6	남서	214	17.7	1008.8	-	57	
2021-07-05 05:20:00	16.9	남동	143	17.98	30.14	1.12	6.5	1.59	7.0	0.8	남서	223	17.8	1008.8	-	38	
2021-07-05 05:25:00	17.5	남동	145	17.99	30.25	1.10	7.1	1.42	7.0	1.0	남서	214	17.9	1008.9	-	36	
2021-07-05 05:30:00	18.2	남동	145	18.05	30.05	0.93	6.4	1.21	7.5	0.8	남서	214	17.9	1008.8	-	34	
2021-07-05 05:35:00	16.2	남남동	147	17.99	30.08	0.91	6.6	1.12	5.5	1.4	남남서	196	18.0	1008.8	-	55	
2021-07-05 05:40:00	16.6	남남동	152	17.97	30.15	1.01	6.0	1.27	6.0	1.2	남남서	212	18.1	1008.8	-	52	
2021-07-05 05:45:00	16.4	남남동	150	17.99	29.95	1.20	6.8	1.53	6.5	1.7	남서	216	18.0	1008.8	-	49	
2021-07-05 05:50:00	16.2	남남동	162	18.01	30.00	1.24	6.8	1.62	6.0	1.9	남서	215	18.0	1008.9	-	27	
2021-07-05 05:55:00	16.1	남남동	157	18.00	30.40	1.00	6.6	1.34	5.0	1.3	남남서	201	18.2	1008.9	-	48	
2021-07-05 06:00:00	14.8	남남동	159	18.06	29.99	0.91	6.0	1.25	6.5	0.7	남	189	18.2	1008.9	-	36	
2021-07-05 06:05:00	15.1	남남동	155	18.01	29.96	1.00	6.5	1.28	5.5	0.9	남	179	18.4	1009.0	-	46	
2021-07-05 06:10:00	19.1	남남동	160	17.97	30.58	1.08	6.8	1.35	7.5	0.3	남서	218	18.6	1009.0	-	37	
2021-07-05 06:15:00	16.0	남남동	157	18.08	29.88	0.99	6.1	1.41	7.0	0.6	남남서	211	18.6	1009.0	-	46	
2021-07-05 06:20:00	15.0	남남동	151	18.06	30.07	0.99	6.2	1.40	6.0	0.5	남	191	18.8	1009.0	-	48	
2021-07-05 06:25:00	16.4	남남동	162	17.99	30.53	1.05	6.8	1.46	7.0	0.8	남	188	18.9	1008.9	-	30	
2021-07-05 06:30:00	16.0	남남동	152	17.98	30.51	0.93	6.0	1.20	7.5	1.2	남남동	167	19.0	1008.9	-	50	
2021-07-05 06:35:00	16.3	남남동	155	17.99	30.55	0.98	6.6	1.35	6.0	0.2	남동	146	19.0	1008.9	-	39	
2021-07-05 06:40:00	11.8	남남동	157	17.98	30.48	1.05	6.7	1.28	7.0	0.5	남남동	152	18.7	1008.9	-	53	
2021-07-05 06:45:00	18.8	남남동	160	17.98	30.35	0.90	6.3	1.32	6.5	0.8	남동	142	18.7	1008.8	-	43	
2021-07-05 06:50:00	16.0	남남동	154	18.01	30.27	1.00	6.5	1.21	6.5	1.1	남남동	152	18.6	1008.8	-	31	
2021-07-05 06:55:00	15.1	남남동	156	18.02	29.96	0.90	6.3	1.33	7.0	2.2	남남동	149	18.7	1008.8	-	46	
2021-07-05 07:00:00	12.8	남남동	158	18.01	30.40	1.03	6.7	1.47	7.0	2.1	남남동	162	18.8	1008.8	-	44	
2021-07-05 07:05:00	15.4	남동	142	18.03	30.28	1.09	6.4	1.61	6.5	0.7	남	180	18.9	1008.8	-	36	
2021-07-05 07:10:00	13.6	남남동	151	18.04	30.09	1.00	6.8	1.33	7.5	1.4	남	172	19.1	1008.7	-	51	
2021-07-05 07:15:00	17.1	남남동	153	18.07	30.10	0.94	6.4	1.33	6.5	2.3	남남동	162	19.1	1008.7	-	50	
2021-07-05 07:20:00	14.9	남남동	155	18.05	30.11	1.20	6.8	1.79	6.5	1.1	남	169	19.0	1008.7	-	42	
2021-07-05 07:25:00	12.7	남동	142	18.05	30.27	0.89	6.4	1.37	6.0	0.9	남남서	208	19.1	1008.6	-	34	
2021-07-05 07:30:00	18.4	남남동	160	18.05	30.64	1.01	7.2	1.19	7.0	2.5	남남서	211	19.1	1008.6	-	36	
2021-07-05 07:35:00	19.1	남남동	165	18.00	30.60	0.83	6.8	1.31	6.5	5.7	남서	214	19.2	1008.1	-	47	
2021-07-05 07:40:00	15.5	남남동	160	18.00	30.44	0.79	6.1	1.10	6.0	6.8	남서	233	19.5	1007.8	-	16	
2021-07-05 07:45:00	16.9	남남동	165	18.01	30.61	0.96	6.8	1.26	6.5	5.1	남서	232	20.1	1008.0	-	20	
2021-07-05 07:50:00	13.8	남남동	158	18.09	30.26	0.93	6.2	1.08	6.5	2.1	남서	231	20.8	1008.4	-	48	
2021-07-05 07:55:00	16.7	남남동	166	18.03	30.36	0.97	6.9	1.32	6.5	1.8	남서	214	21.0	1008.4	-	33	
2021-07-05 08:00:00	13.3	남남동	162	18.01	30.40	0.94	6.4	1.25	6.5	3.1	남남동	151	20.8	1008.4	-	44	
2021-07-05 08:05:00	14.7	남남동	165	18.01	30.48	0.88	6.2	1.21	6.5	3.0	남남동	167	21.1	1008.4	-	35	
2021-07-05 08:10:00	15.3	남남동	164	17.98	30.64	0.90	7.1	1.23	7.0	3.2	남남서	193	21.4	1008.4	-	54	
2021-07-05 08:15:00	13.6	남남동	161	17.99	30.68	0.99	7.1	1.14	7.5	2.6	남남서	207	22.0	1008.3	-	32	
2021-07-05 08:20:00	17.6	남남동	157	17.98	30.64	0.90	6.5	1.30	6.5	1.1	남	191	22.0	1008.4	-	49	
2021-07-05 08:25:00	19.5	남남동	153	18.00	30.62	0.73	6.8	0.90	7.0	3.0	북동	40	21.1	1008.3	-	44	
2021-07-05 08:30:00	17.0	남남동	155	18.00	30.63	0.96	6.5	1.50	5.0	1.3	북동	50	20.7	1008.2	-	25	
2021-07-05 08:35:00	17.2	남남동	147	18.14	30.21	0.81	6.8	1.02	7.5	1.4	남동	142	21.3	1008.1	-	44	
2021-07-05 08:40:00	17.8	남남동	150	18.15	30.13	1.03	6.7	1.41	7.0	1.1	남동	137	22.0	1008.1	-	29	
2021-07-05 08:45:00	20.1	남남동	148	18.14	30.37	0.80	6.0	1.15	6.5	1.3	동	100	22.4	1008.1	-	35	
2021-07-05 08:50:00	19.8	남동	140	18.23	30.08	0.87	6.6	1.26	7.0	1.7	동북동	57	22.2	1008.2	-	50	
2021-07-05 08:55:00	22.4	남남동	154	18.07	30.35	0.79	6.5	1.02	6.0	2.0	북동	49	22.4	1008.2	-	37	
2021-07-05 09:00:00	19.7	남동	146	18.15	30.22	0.88	6.6	1.11	7.0	1.5	북동	53	23.1	1008.2	-	41	
2021-07-05 09:05:00	17.7	남동	142	18.15	30.11	0.82	6.7	1.08	7.0	0.7	동북동	57	23.7	1008.2	-	32	
2021-07-05 09:10:00	21.7	남동	136	18.25	29.86	0.98	7.1	1.27	7.0	0.7	동남동	120	23.8	1008.2	-	36	
2021-07-05 09:15:00	21.1	남동	135	18.21	29.90	0.87	7.0	1.33	6.5	0.7	동	96	23.9	1008.3	-	50	
2021-07-05 09:20:00	19.4	남동	135	18.29	29.84	0.86	6.7	1.13	7.0	0.4	북서	316	23.7	1008.3	-	31	
2021-07-05 09:25:00	20.2	남동	125	18.21	29.96	0.83	6.6	0.97	7.5	1.1	서북서	293	22.7	1008.3	-	31	
2021-07-05 09:30:00	21.6	남동	125	18.29	29.94	0.84	6.0	1.27	6.0	1.7	북동	55	23.0	1008.4	-	41	
2021-07-05 09:35:00	20.5	남동	129	18.26	29.86	0.75	6.6	0.95	5.5	3.1	동	85	22.1	1008.5	-	19	
2021-07-05 09:40:00	22.7	남동	132	18.20	29.81	0.87	7.0	1.26	6.5	2.2	동남동	109	22.3	1008.4	-	36	
2021-07-05 09:45:00	23.2	남동	134	18.28	29.85	0.97	6.8	1.28	6.5	3.6	남서	216	23.6	1008.3	-	24	
2021-07-05 09:50:00	22.7	남동	132	18.30	30.08	0.76	6.4	1.31	6.0	4.9	남서	222	25.1	1008.3	-	42	
2021-07-05 09:55:00	21.7	남동	141	18.23	30.17	0.81	6.3	0.97	5.5	5.6	남서	223	25.4	1008.3	-	33	
2021-07-05 10:00:00	21.4	남동	140	18.19	30.20	0.98	6.7	1.32	6.5	6.2	남서	233	25.4	1008.2	-	21	
2021-07-05 10:05:00	21.4	남동	140	18.07	30.50	0.87	6.9	1.08	7.5	5.5	서남서	239	25.4	1008.2	-	33	
2021-07-05 10:10:00	22.7	남동	144	18.05	30.74	1.00	6.8	1.67	7.0	5.8	서남서	237	25.3	1008.1	-	47	
2021-07-05 10:15:00	23.1	남동	145	18.05	30.49	0.82	6.6	1.21	6.0	5.3	남서	230	25.2	1008.2	-	32	
2021-07-05 10:20:00	22.0	남동	138	18.06	30.68	0.91	7.0	1.17	6.0	6.1	남서	226	25.3	1008.1	-	19	
2021-07-05 10:25:00	21.5	남동	137	18.09	30.57	0.79	7.0	1.25	6.5	6.7	남서	229	25.2	1008.1	-	30	
2021-07-05 10:30:00	21.5	남동	138	18.12	30.50	0.87	6.7	1.18	5.5	5.3	남서	230	25.2	1008.1	-	30	
2021-07-05 10:35:00	21.8	남동	137	18.04	30.60	0.69	7.3	0.89	8.0	5.9	남서	228	25.4	1008.1	-	31	
2021-07-05 10:40:00	21.3	남동	137	18.03	30.60	0.77	6.8	0.98	7.0	4.9	남서	224	25.7	1008.2	-	41	
2021-07-05 10:45:00	21.8	남남동	148	18.03	30.63	0.89	7.1	1.19	7.5	5.0	남서	228	25.5	1008.3	-	34	
2021-07-05 10:50:00	21.9	남동	139	18.04	30.67	0.93	7.1	1.24	7.5	5.2	남서	223	25.7	1008.3	-	28	
2021-07-05 10:55:00	21.9	남동	138	18.05	30.63	0.92	7.0	1.08	7.0	4.5	남서	218	25.8	1008.4	-	32	
2021-07-05 11:00:00	21.1	남동	138	18.03	30.67	0.81	6.7	0.94	8.0	5.1	남서	227	25.9	1008.3	-	10	
2021-07-05 11:05:00	22.9	남동	141	18.02	30.70	0.76	6.2	1.45	6.0	4.6	남서	225	26.0	1008.3	-	19	
2021-07-05 11:10:00	21.7	남남동	148	18.01	30.64	0.74	6.9	0.97	6.0	4.6	남서	226	25.9	1008.2	-	51	
2021-07-05 11:15:00	21.9	남남동	150	18.02	30.71	0.87	6.7	1.05	7.0	5.2	남서	228	26.2	1008.2	-	29	
2021-07-05 11:20:00	24.2	남남동	149	18.02	30.80	0.95	7.2	1.26	7.0	5.3	남서	231	26.2	1008.0	-	34	
2021-07-05 11:25:00	24.2	남동	144	18.09	30.58	0.65	6.8	0.79	7.0	5.4	남서	227	26.4	1008.0	-	44	
2021-07-05 11:30:00	26.3	남동	140	18.30	30.46	0.71	7.3	0.90	7.0	5.0	남서	228	26.4	1008.0	-	27	
2021-07-05 11:35:00	25.0	남동	139	18.32	30.31	0.82	7.3	1.22	7.5	3.7	남서	220	26.7	1008.0	-	35	
2021-07-05 11:40:00	23.2	남동	142	18.23	30.52	0.90	7.3	1.18	7.5	4.7	남서	214	26.5	1008.0	-	35	
2021-07-05 11:45:00	23.6	남동	133	18.27	30.30	0.97	6.8	1.25	7.0	3.9	남서	219	26.6	1008.0	-	35	
2021-07-05 11:50:00	30.7	남동	137	18.51	30.16	0.90	7.2	1.25	6.0	3.5	남서	231	26.2	1007.9	-	27	
2021-07-05 11:55:00	33.9	남동	128	18.69	30.13	0.76	6.8	1.02	6.0	4.0	남서	229	26.5	1007.9	-	31	
2021-07-05 12:00:00	32.0	남동	131	18.70	30.11	0.79	6.7	1.36	6.5	3.4	남서	217	26.6	1007.9	-	25	
2021-07-05 12:05:00	33.3	남동	127	18.76	30.03	0.79	7.0	1.02	7.5	3.5	남남서	213	26.6	1007.9	-	23	
2021-07-05 12:10:00	33.0	남동	126	18.69	29.90	0.89	7.0	1.37	6.5	3.8	남서	214	27.1	1007.8	-	23	
2021-07-05 12:15:00	32.8	남동	128	18.73	29.67	0.81	7.0	1.14	6.5	3.5	남남서	213	27.7	1007.8	-	27	
2021-07-05 12:20:00	33.2	남동	130	18.67	29.66	0.74	7.1	0.90	6.5	2.5	남서	217	27.6	1007.8	-	6	
2021-07-05 12:25:00	32.9	남동	132	18.64	29.51	0.94	6.8	1.29	7.0	2.8	남서	229	26.8	1007.8	-	13	
2021-07-05 12:30:00	32.1	남동	139	18.56	29.55	0.88	7.2	1.25	7.0	3.8	남서	227	26.9	1007.7	-	30	
2021-07-05 12:35:00	30.4	남동	140	18.51	29.75	0.92	6.8	1.13	6.5	3.6	남서	232	27.2	1007.7	-	22	
2021-07-05 12:40:00	33.4	남동	141	18.60	29.62	0.84	7.3	1.34	7.0	3.9	남서	235	27.2	1007.7	-	36	
2021-07-05 12:45:00	33.6	남동	136	18.73	29.61	0.99	7.2	1.32	7.0	4.3	남서	225	27.8	1007.6	-	41	
2021-07-05 12:50:00	34.4	남동	138	18.68	29.59	0.93	7.3	1.25	7.0	4.4	남서	225	28.0	1007.7	-	25	
2021-07-05 12:55:00	34.9	남동	142	18.70	29.59	0.79	7.1	1.20	6.5	3.5	남서	229	27.7	1007.7	-	7	
2021-07-05 13:00:00	35.9	남동	143	18.83	29.55	0.82	7.3	1.02	7.5	2.9	남서	230	27.5	1007.6	-	7	
2021-07-05 13:05:00	38.6	남동	139	18.87	29.50	1.06	7.0	1.43	7.0	2.4	남서	227	27.4	1007.6	-	30	
2021-07-05 13:10:00	38.1	남동	139	18.96	29.52	0.75	7.0	0.98	7.5	2.3	서남서	243	27.9	1007.5	-	40	
2021-07-05 13:15:00	36.4	남동	132	19.01	29.56	0.89	6.9	1.20	6.5	3.9	남서	218	27.5	1007.4	-	24	
2021-07-05 13:20:00	38.4	남동	141	19.00	29.59	0.79	7.0	1.02	6.5	3.1	남서	232	27.6	1007.4	-	16	
2021-07-05 13:25:00	38.2	남동	145	19.00	29.55	0.70	6.6	0.89	6.5	3.8	남서	228	27.6	1007.3	-	24	
2021-07-05 13:30:00	41.9	남남동	146	18.87	29.64	0.88	7.1	1.07	7.0	3.2	남서	225	28.5	1007.2	-	21	
2021-07-05 13:35:00	43.0	남동	146	19.01	29.67	0.70	7.3	0.93	8.0	3.0	남서	228	28.5	1007.2	-	6	
2021-07-05 13:40:00	41.2	남동	142	19.23	29.60	0.86	6.8	1.07	6.0	3.2	남서	229	27.9	1007.2	-	359	
2021-07-05 13:45:00	40.1	남동	145	19.30	29.62	0.80	7.0	0.94	7.5	2.4	남서	221	28.4	1007.2	-	17	
2021-07-05 13:50:00	41.5	남남동	150	19.37	29.57	0.77	7.0	1.05	6.5	2.0	남서	226	28.5	1007.2	-	31	
2021-07-05 13:55:00	41.6	남남동	148	19.48	29.58	0.82	7.0	1.08	7.0	1.4	북동	35	27.2	1007.2	-	25	
2021-07-05 14:00:00	40.9	남남동	147	19.53	29.49	0.68	7.0	0.88	7.0	1.6	북북동	24	25.8	1007.3	-	51	
2021-07-05 14:05:00	42.2	남남동	156	19.40	29.61	0.79	7.1	1.03	6.0	3.0	북동	38	24.9	1007.2	-	23	
2021-07-05 14:10:00	40.2	남남동	158	19.05	29.95	0.80	7.0	0.96	7.0	3.8	북동	37	24.0	1007.1	-	27	
2021-07-05 14:15:00	41.0	남남동	154	18.93	29.99	0.78	6.8	0.97	7.0	3.3	북북동	32	24.1	1007.1	-	18	
2021-07-05 14:20:00	41.5	남남동	155	18.96	29.99	0.91	6.7	1.09	6.5	3.3	북북동	30	24.2	1007.0	-	31	
2021-07-05 14:25:00	40.3	남남동	154	18.82	29.98	0.65	6.9	1.03	6.5	2.8	북북동	25	24.5	1007.0	-	29	
2021-07-05 14:30:00	42.4	남남동	157	18.75	30.04	0.65	6.7	0.91	7.5	2.0	북동	45	24.7	1007.0	-	47	
2021-07-05 14:35:00	42.8	남남동	155	18.59	30.07	0.79	6.8	1.41	6.5	2.7	북동	48	24.5	1006.9	-	10	
2021-07-05 14:40:00	41.3	남남동	157	18.50	30.04	0.71	7.0	0.96	7.5	2.8	북동	53	24.3	1006.9	-	22	
2021-07-05 14:45:00	41.4	남남동	159	18.51	30.08	0.75	6.8	1.36	6.5	2.9	동북동	62	24.5	1006.9	-	14	
2021-07-05 14:50:00	42.9	남남동	160	18.53	30.16	0.66	6.9	1.08	6.5	2.6	북동	53	24.6	1006.9	-	12	
2021-07-05 14:55:00	42.2	남남동	159	18.59	30.18	0.82	7.0	1.13	7.0	2.5	동북동	68	24.7	1007.0	-	21	
2021-07-05 15:00:00	41.8	남남동	158	18.69	30.13	0.80	6.6	1.22	7.0	1.8	동	81	24.3	1007.0	-	22	
2021-07-05 15:05:00	42.6	남남동	155	18.63	30.12	0.71	6.9	0.89	6.5	1.8	동북동	75	24.1	1007.0	-	10	
2021-07-05 15:10:00	43.3	남남동	156	18.53	30.05	0.71	7.0	0.94	7.0	2.6	동북동	78	24.8	1007.0	-	21	
2021-07-05 15:15:00	43.4	남남동	153	18.50	30.08	0.96	7.3	1.23	7.5	2.8	동북동	71	24.7	1007.0	-	22	
2021-07-05 15:20:00	43.7	남남동	153	18.67	30.04	0.89	7.2	1.50	7.0	2.9	동북동	73	24.7	1007.0	-	13	
2021-07-05 15:25:00	42.1	남남동	151	18.63	30.10	0.75	6.8	0.99	6.0	4.3	동	92	24.1	1007.0	-	22	
2021-07-05 15:30:00	42.2	남남동	153	18.62	30.08	0.75	6.8	1.21	6.0	3.9	동	92	24.0	1007.1	-	10	
2021-07-05 15:35:00	41.1	남남동	153	18.73	30.04	0.82	6.5	1.22	6.5	3.7	동	99	23.8	1007.1	-	16	
2021-07-05 15:40:00	42.6	남남동	157	18.78	30.01	0.80	7.0	1.06	6.5	4.3	동남동	123	23.3	1007.2	-	21	
2021-07-05 15:45:00	43.6	남남동	152	18.77	30.00	0.79	6.6	1.13	7.0	3.7	남동	124	22.8	1007.2	-	39	
2021-07-05 15:50:00	46.3	남동	146	18.50	29.94	0.80	6.7	1.03	6.5	3.6	동남동	115	22.8	1007.3	-	30	
2021-07-05 15:55:00	45.7	남남동	147	18.46	30.07	0.74	6.7	1.16	7.5	3.9	동남동	109	22.9	1007.3	-	23	
2021-07-05 16:00:00	44.5	남남동	148	18.65	30.00	0.67	6.3	1.00	5.5	3.9	동남동	112	22.8	1007.3	-	23	
2021-07-05 16:05:00	45.6	남남동	147	18.57	30.07	0.75	6.6	1.01	6.0	4.2	동남동	116	22.8	1007.3	-	23	
2021-07-05 16:10:00	44.2	남남동	151	18.63	29.99	0.71	7.0	1.13	6.0	3.9	동남동	122	22.7	1007.4	-	6	
2021-07-05 16:15:00	44.6	남남동	148	18.51	30.11	0.66	7.1	0.85	7.5	4.1	동남동	123	22.5	1007.5	-	15	
2021-07-05 16:20:00	44.7	남남동	149	18.51	30.00	0.69	6.5	0.84	6.0	4.0	동남동	119	22.4	1007.5	-	30	
2021-07-05 16:25:00	46.4	남남동	147	18.54	30.07	0.73	7.3	1.14	6.5	3.8	동남동	117	22.3	1007.6	-	37	
2021-07-05 16:30:00	46.2	남동	146	18.70	29.93	0.82	6.5	1.50	7.0	3.6	동남동	114	22.3	1007.6	-	16	
2021-07-05 16:35:00	46.3	남남동	147	18.67	29.91	0.75	6.6	1.02	6.5	3.4	동남동	118	22.2	1007.8	-	25	
2021-07-05 16:40:00	46.8	남남동	148	18.72	29.85	0.64	6.4	0.75	7.0	3.4	동남동	123	22.2	1007.8	-	64	
2021-07-05 16:45:00	48.3	남남동	149	18.80	29.78	0.81	6.8	1.15	7.0	3.4	남동	127	22.1	1007.9	-	22	
2021-07-05 16:50:00	50.1	남남동	150	18.82	29.64	0.77	6.5	1.20	7.0	3.1	남동	132	22.1	1008.0	-	50	
2021-07-05 16:55:00	49.5	남남동	150	18.84	29.71	0.96	6.6	1.61	7.0	3.1	남동	139	22.1	1008.0	-	24	
2021-07-05 17:00:00	48.4	남남동	153	19.30	29.75	0.48	6.3	0.80	6.5	3.2	남동	138	22.1	1008.0	-	45	
2021-07-05 17:05:00	50.7	남남동	151	18.78	29.67	0.81	6.9	1.19	6.5	3.2	남동	137	22.1	1008.0	-	348	
2021-07-05 17:10:00	49.2	남남동	150	18.75	29.69	0.77	7.1	0.99	7.0	2.9	남동	146	22.0	1008.0	-	28	
2021-07-05 17:15:00	49.3	남남동	153	19.15	29.53	0.75	6.8	0.87	7.0	2.2	남남동	157	21.9	1008.0	-	35	
2021-07-05 17:20:00	50.2	남남동	155	19.28	29.52	0.77	6.8	0.95	6.5	2.2	남남동	156	21.8	1008.0	-	16	
2021-07-05 17:25:00	49.5	남남동	157	19.57	29.30	0.89	6.7	1.25	6.5	1.8	남남동	156	21.7	1008.0	-	23	
2021-07-05 17:30:00	48.8	남남동	159	19.60	29.36	0.75	6.7	1.16	7.0	1.4	남	172	21.7	1008.0	-	25	
2021-07-05 17:35:00	53.2	남남동	156	19.74	29.31	0.85	6.3	1.20	6.5	1.3	남남서	208	21.8	1008.0	-	24	
2021-07-05 17:40:00	42.6	남남동	157	20.02	29.14	0.87	6.8	1.33	6.0	1.1	남남서	197	21.8	1007.9	-	30	
2021-07-05 17:45:00	42.9	남남동	159	20.00	29.12	0.78	6.7	1.18	7.0	1.4	남남동	163	21.9	1007.8	-	12	
2021-07-05 17:50:00	46.9	남남동	155	19.66	29.30	0.63	6.4	0.88	5.5	0.8	남동	127	22.0	1007.8	-	356	
2021-07-05 17:55:00	43.5	남남동	156	19.75	29.23	0.86	7.1	1.04	7.0	1.5	남동	146	22.2	1007.8	-	25	
2021-07-05 18:00:00	48.8	남남동	160	19.64	29.30	0.68	6.7	0.90	7.5	2.0	남동	136	22.2	1007.9	-	9	
2021-07-05 18:05:00	45.5	남남동	160	19.75	29.20	0.71	6.5	0.96	6.5	2.2	동남동	111	22.4	1007.9	-	35	
2021-07-05 18:10:00	43.8	남남동	156	19.74	29.26	0.84	7.0	1.26	6.5	2.6	동남동	121	22.6	1007.9	-	26	
2021-07-05 18:15:00	46.4	남남동	160	19.62	29.21	0.84	6.8	1.21	7.0	2.0	동남동	119	22.7	1007.9	-	21	
2021-07-05 18:20:00	47.8	남남동	162	19.41	29.32	0.82	7.0	1.13	7.5	1.8	동남동	118	23.0	1007.9	-	28	
2021-07-05 18:25:00	49.3	남남동	160	19.41	29.39	0.80	6.6	1.06	6.5	1.7	동	99	22.4	1007.9	-	40	
2021-07-05 18:30:00	48.8	남남동	160	19.42	29.32	0.64	6.4	0.92	6.5	1.0	동	91	21.9	1007.9	-	30	
2021-07-05 18:35:00	51.7	남남동	159	19.37	29.39	0.73	6.6	1.09	7.0	1.0	동남동	104	21.7	1008.0	-	28	
2021-07-05 18:40:00	50.5	남남동	156	19.43	29.32	0.68	6.3	0.90	6.0	1.8	동남동	122	22.0	1008.0	-	31	
2021-07-05 18:45:00	46.6	남남동	157	19.76	29.19	0.67	6.7	0.88	5.5	1.5	동	88	21.7	1007.9	-	25	
2021-07-05 18:50:00	42.8	남남동	159	19.79	29.16	0.92	6.3	1.20	7.0	1.4	동남동	110	21.7	1007.9	-	25	
2021-07-05 18:55:00	43.6	남남동	158	19.79	29.19	0.87	6.8	1.27	6.5	1.7	동	97	21.7	1007.8	-	29	
2021-07-05 19:00:00	41.9	남남동	155	19.72	29.20	0.70	6.6	1.05	7.0	2.3	동남동	112	21.6	1007.7	-	10	
2021-07-05 19:05:00	38.3	남남동	155	20.12	29.09	0.60	6.6	0.86	6.0	2.8	남동	130	21.5	1007.7	-	31	
2021-07-05 19:10:00	45.0	남남동	157	19.89	29.16	0.82	6.8	1.18	6.0	2.9	남동	134	21.5	1007.7	-	9	
2021-07-05 19:15:00	44.7	남남동	158	19.82	29.09	0.73	6.6	0.96	6.0	3.1	남동	140	21.6	1007.7	-	39	
2021-07-05 19:20:00	42.4	남남동	164	20.12	29.01	0.75	6.4	1.01	6.0	3.6	남동	143	22.0	1007.8	-	359	
2021-07-05 19:25:00	37.6	남남동	162	20.22	28.94	0.71	6.5	0.99	5.5	3.2	남남동	149	22.3	1007.8	-	33	
2021-07-05 19:30:00	42.9	남남동	162	20.00	28.95	0.71	6.5	0.83	7.5	2.6	남남동	159	22.3	1007.8	-	20	
2021-07-05 19:35:00	33.1	남남동	166	20.27	28.96	0.81	6.7	1.06	6.5	2.6	남남동	168	22.1	1007.8	-	34	
2021-07-05 19:40:00	35.5	남남동	160	20.27	28.82	0.68	7.0	0.84	6.5	1.7	남남서	207	22.0	1007.8	-	27	
2021-07-05 19:45:00	39.2	남남동	166	20.11	28.87	0.71	6.4	0.92	6.0	2.1	남남서	210	21.8	1007.7	-	55	
2021-07-05 19:50:00	40.4	남남동	162	19.88	28.96	0.64	6.5	0.83	6.5	3.4	남서	218	22.3	1007.7	-	28	
2021-07-05 19:55:00	40.0	남남동	162	19.91	28.94	0.69	6.7	0.82	5.5	3.7	남서	222	23.6	1007.8	-	42	
2021-07-05 20:00:00	34.5	남남동	163	20.27	28.71	0.71	6.6	0.88	6.5	3.8	남서	222	24.0	1007.8	-	14	
2021-07-05 20:05:00	31.2	남	171	20.40	28.69	0.73	6.8	0.96	6.5	2.9	남서	229	24.0	1007.8	-	28	
2021-07-05 20:10:00	33.5	남남동	166	20.21	28.78	0.61	6.8	0.83	6.0	2.2	남서	231	23.9	1007.8	-	20	
2021-07-05 20:15:00	38.7	남남동	160	20.03	28.86	0.66	6.9	0.94	7.0	3.0	남서	230	24.3	1007.7	-	29	
2021-07-05 20:20:00	38.4	남남동	158	20.17	28.78	0.64	6.3	0.83	6.5	3.3	남서	230	24.7	1007.6	-	40	
2021-07-05 20:25:00	32.5	남남동	148	20.35	28.72	0.77	7.0	0.93	6.5	3.7	남서	233	25.0	1007.5	-	27	
2021-07-05 20:30:00	30.9	남남동	151	20.26	28.63	0.71	6.9	0.95	6.0	3.5	서남서	239	24.8	1007.6	-	28	
2021-07-05 20:35:00	30.3	남동	139	20.20	28.59	0.62	7.0	1.16	5.5	3.3	남서	236	24.7	1007.5	-	23	
2021-07-05 20:40:00	29.7	남동	138	20.11	28.57	0.82	7.2	1.17	6.5	2.5	서남서	238	24.7	1007.5	-	34	
2021-07-05 20:45:00	31.0	남남동	151	19.94	28.58	0.69	6.7	0.89	7.0	1.7	남서	226	24.4	1007.5	-	14	
2021-07-05 20:50:00	32.1	남남동	150	19.97	28.56	0.62	6.5	0.88	7.5	1.4	남서	219	24.4	1007.5	-	18	
2021-07-05 20:55:00	28.1	남남동	151	20.00	28.51	0.72	6.9	1.02	7.5	1.2	남서	227	24.3	1007.6	-	30	
2021-07-05 21:00:00	32.0	남동	142	20.01	28.60	0.71	6.6	0.96	5.0	1.9	서남서	248	23.9	1007.6	-	42	
2021-07-05 21:05:00	34.2	남동	134	20.10	28.61	0.70	6.6	0.91	6.5	2.3	서남서	251	24.2	1007.7	-	28	
2021-07-05 21:10:00	33.0	남동	137	19.92	28.61	0.79	6.8	1.03	6.5	1.9	남서	231	24.0	1007.7	-	28	
2021-07-05 21:15:00	33.9	남동	140	19.81	28.75	0.79	6.7	0.98	6.5	3.1	남서	214	24.0	1007.8	-	33	
2021-07-05 21:20:00	37.7	남남동	147	19.77	28.68	0.70	7.2	0.85	7.0	2.9	남서	230	24.6	1007.8	-	25	
2021-07-05 21:25:00	40.9	남동	145	19.98	28.54	0.62	7.0	0.83	7.0	2.6	남서	236	24.5	1007.8	-	39	
2021-07-05 21:30:00	32.8	남동	144	20.07	28.58	0.75	6.9	1.01	7.5	2.7	남서	225	24.4	1007.9	-	26	
2021-07-05 21:35:00	34.7	남동	144	19.94	28.58	0.69	6.8	0.95	6.0	2.8	남서	231	24.4	1007.9	-	19	
2021-07-05 21:40:00	32.2	남동	144	20.11	28.42	0.81	6.9	1.05	6.0	1.9	남남서	213	24.5	1008.0	-	33	
2021-07-05 21:45:00	33.8	남동	145	20.07	28.33	0.86	6.7	1.18	6.5	2.6	남	185	24.2	1007.7	-	20	
2021-07-05 21:50:00	34.7	남동	146	20.03	28.34	0.73	6.8	0.99	7.0	2.3	남남서	204	23.8	1007.9	-	48	
2021-07-05 21:55:00	33.5	남동	143	20.00	28.35	0.74	6.9	1.00	7.0	3.2	남서	222	24.0	1008.0	-	31	
2021-07-05 22:00:00	32.8	남동	141	19.94	28.38	0.73	7.3	1.22	6.0	3.7	남서	221	24.6	1007.9	-	42	
2021-07-05 22:05:00	36.8	남남동	149	19.77	28.52	0.72	7.0	0.88	7.0	2.5	남	190	24.4	1008.0	-	24	
2021-07-05 22:10:00	36.4	남남동	152	19.72	28.61	0.71	6.8	0.87	6.5	1.2	동남동	117	23.1	1007.9	-	36	
2021-07-05 22:15:00	32.1	남동	141	19.81	28.50	0.62	6.8	1.15	5.5	0.8	동	85	22.5	1007.9	-	36	
2021-07-05 22:20:00	31.2	남동	141	19.82	28.56	0.65	7.0	0.82	6.5	0.9	동북동	78	22.7	1007.8	-	31	
2021-07-05 22:25:00	29.7	남동	140	19.80	28.54	0.75	6.8	0.90	7.0	0.9	동북동	73	23.3	1007.8	-	31	
2021-07-05 22:30:00	30.8	남동	138	19.76	28.50	0.69	7.0	1.00	8.0	2.3	동북동	77	22.7	1007.8	-	42	
2021-07-05 22:35:00	29.0	남동	142	19.69	28.63	0.62	6.2	0.78	5.5	1.0	동북동	77	23.4	1007.7	-	21	
2021-07-05 22:40:00	30.4	남동	135	19.67	28.61	0.73	6.7	0.90	6.0	1.0	남	179	23.9	1007.7	-	29	
2021-07-05 22:45:00	30.4	남동	134	19.62	28.68	0.64	7.0	0.94	7.0	1.5	남	170	23.9	1007.8	-	27	
2021-07-05 22:50:00	33.5	남동	140	19.51	28.76	0.71	7.0	1.07	7.5	1.1	동남동	119	23.0	1007.8	-	53	
2021-07-05 22:55:00	32.1	남동	133	19.55	28.79	0.70	7.3	1.09	7.5	1.0	동남동	115	21.6	1007.8	-	33	
2021-07-05 23:00:00	34.7	남동	134	19.48	28.74	0.94	7.1	1.27	6.5	1.1	동남동	114	21.4	1007.8	-	37	
2021-07-05 23:05:00	32.1	남동	136	19.47	28.87	0.62	6.5	0.91	5.5	1.0	남남동	158	21.7	1007.8	-	38	
2021-07-05 23:10:00	33.8	남동	137	19.45	28.77	0.60	6.3	0.80	6.0	1.4	남남서	202	22.3	1007.7	-	30	
2021-07-05 23:15:00	32.7	남동	138	19.45	28.94	0.73	6.8	1.13	6.5	2.3	남서	223	22.9	1007.8	-	27	
2021-07-05 23:20:00	33.0	남동	143	19.34	28.96	0.72	6.6	1.17	7.0	2.4	남서	233	23.1	1007.7	-	50	
2021-07-05 23:25:00	30.9	남동	139	19.32	28.80	0.71	6.5	0.91	6.0	2.1	남서	229	24.1	1007.6	-	32	
2021-07-05 23:30:00	31.3	남동	141	19.27	28.91	0.75	7.2	0.95	7.5	2.4	남서	232	24.2	1007.6	-	23	
2021-07-05 23:35:00	29.1	남동	141	19.32	28.98	0.72	7.3	1.02	7.0	2.7	남서	231	24.2	1007.5	-	41	
2021-07-05 23:40:00	29.9	남동	138	19.29	29.01	0.84	7.2	1.13	7.5	2.9	남서	234	24.0	1007.5	-	28	
2021-07-05 23:45:00	28.1	남동	140	19.32	28.97	0.71	7.3	0.95	6.5	2.7	서남서	247	23.9	1007.5	-	29	
2021-07-05 23:50:00	33.4	남남동	148	19.18	29.00	0.63	7.3	0.84	7.0	2.9	서남서	253	23.2	1007.5	-	32	
2021-07-05 23:55:00	32.7	남동	146	19.22	29.01	0.74	7.0	0.95	7.5	2.3	서남서	252	23.0	1007.4	-	33	
2021-07-06 00:00:00	29.5	남동	138	19.31	29.07	0.70	7.2	0.97	6.5	2.3	서남서	239	22.8	1007.4	-	39	
2021-07-06 00:05:00	30.6	남동	140	19.25	29.01	0.88	7.2	1.32	7.5	0.9	남남서	195	22.9	1007.3	-	26	
2021-07-06 00:10:00	29.3	남동	142	19.19	29.19	0.65	6.9	0.78	7.0	1.3	북	4	22.1	1007.3	-	26	
2021-07-06 00:15:00	31.4	남동	142	19.16	29.15	0.59	7.1	0.75	7.5	0.4	북북동	13	22.3	1007.3	-	22	
2021-07-06 00:20:00	34.4	남동	143	19.13	29.16	0.72	6.8	1.08	7.0	0.5	남동	133	22.7	1007.2	-	22	
2021-07-06 00:25:00	31.7	남동	140	19.14	29.22	0.65	7.1	0.86	6.0	1.4	남동	128	22.7	1007.2	-	35	
2021-07-06 00:30:00	31.3	남동	140	19.15	29.14	0.76	6.9	1.20	6.5	1.2	남동	136	22.5	1007.2	-	31	
2021-07-06 00:35:00	31.1	남동	139	19.12	29.16	0.69	7.1	1.10	6.5	1.3	동남동	116	22.1	1007.2	-	29	
2021-07-06 00:40:00	29.5	남동	141	19.12	29.11	0.65	7.3	1.04	6.0	1.2	동남동	102	21.6	1007.0	-	14	
2021-07-06 00:45:00	30.8	남동	140	19.11	29.23	0.70	6.8	1.03	7.0	0.8	동	100	21.6	1007.0	-	39	
2021-07-06 00:50:00	30.6	남동	141	19.09	29.29	0.59	7.0	0.81	7.0	0.8	동	82	21.5	1007.0	-	32	
2021-07-06 00:55:00	31.3	남동	135	19.08	29.17	0.69	7.6	0.94	6.5	0.7	동	82	21.5	1007.0	-	36	
2021-07-06 01:00:00	31.3	남동	138	19.07	29.33	0.71	7.3	0.89	7.5	0.9	동	92	21.5	1007.0	-	36	
2021-07-06 01:05:00	30.5	남동	136	19.05	29.33	0.64	6.8	0.78	6.0	1.5	동남동	103	21.4	1007.0	-	36	
2021-07-06 01:10:00	31.0	남동	138	19.04	29.37	0.69	7.5	0.90	7.0	1.2	동	96	20.8	1007.0	-	28	
2021-07-06 01:15:00	29.6	남동	132	19.02	29.31	0.71	7.2	0.98	7.0	0.8	동	91	20.4	1007.1	-	20	
2021-07-06 01:20:00	30.9	남동	137	19.00	29.38	0.65	6.8	0.99	7.5	0.9	동북동	60	20.6	1007.0	-	35	
2021-07-06 01:25:00	28.9	남동	130	18.99	29.42	0.69	7.1	1.07	6.5	1.3	동	80	20.6	1007.0	-	41	
2021-07-06 01:30:00	32.4	남동	135	18.95	29.47	0.67	7.5	0.90	6.5	1.1	동	98	20.6	1007.1	-	32	
2021-07-06 01:35:00	30.0	남동	128	18.96	29.50	0.62	7.3	0.93	6.5	0.0	동	101	20.6	1007.1	-	32	
2021-07-06 01:40:00	30.5	동남동	122	18.95	29.49	0.56	6.7	0.76	7.0	0.1	북서	306	20.6	1007.2	-	23	
2021-07-06 01:45:00	30.0	남동	131	18.93	29.56	0.55	7.0	0.74	7.0	0.6	동	99	20.4	1007.3	-	25	
2021-07-06 01:50:00	33.4	남동	127	18.91	29.48	0.53	6.9	0.81	7.0	0.1	남남동	147	20.5	1007.2	-	48	
2021-07-06 01:55:00	31.6	남동	128	18.89	29.52	0.52	6.8	0.72	7.5	0.6	남남서	213	20.6	1007.2	-	3	
2021-07-06 02:00:00	33.8	남동	134	18.87	29.54	0.59	7.0	0.83	6.5	0.3	서	268	20.7	1007.2	-	20	
2021-07-06 02:05:00	30.8	남동	127	18.87	29.54	0.55	6.8	0.72	7.5	0.2	서	268	20.4	1007.0	-	41	
2021-07-06 02:10:00	32.1	남동	125	18.85	29.62	0.60	7.3	0.88	6.5	0.2	남서	224	20.3	1006.9	-	30	
2021-07-06 02:15:00	30.7	남동	126	18.84	29.68	0.63	7.1	0.98	6.5	0.5	남남서	198	20.3	1006.8	-	29	
2021-07-06 02:20:00	31.2	남동	132	18.82	29.57	0.54	7.1	0.74	5.5	0.2	남서	220	20.4	1006.8	-	17	
2021-07-06 02:25:00	28.3	남동	125	18.82	29.61	0.52	6.9	0.71	7.5	0.4	서북서	287	20.3	1006.8	-	20	
2021-07-06 02:30:00	25.1	동남동	124	18.82	29.68	0.58	7.0	0.81	7.0	0.6	북동	46	20.2	1006.8	-	30	
2021-07-06 02:35:00	19.6	동남동	104	18.85	29.67	0.53	7.3	0.65	7.5	0.5	남남동	168	20.2	1006.8	-	22	
2021-07-06 02:40:00	24.6	남동	127	18.83	29.65	0.68	6.5	0.87	5.5	0.8	남남서	196	20.6	1006.8	-	41	
2021-07-06 02:45:00	21.5	동남동	119	18.83	29.74	0.63	7.1	0.94	6.5	1.2	남남서	211	21.0	1006.7	-	30	
2021-07-06 02:50:00	18.6	동남동	118	18.83	29.69	0.64	6.9	0.88	6.5	0.5	서북서	287	21.3	1006.7	-	29	
2021-07-06 02:55:00	20.1	동남동	122	18.84	29.68	0.66	7.2	1.05	7.0	1.4	북북서	337	20.5	1006.7	-	31	
2021-07-06 03:00:00	18.0	동남동	119	18.85	29.68	0.56	6.9	0.72	7.0	2.0	북서	326	20.3	1006.6	-	36	
2021-07-06 03:05:00	18.8	동남동	118	18.83	29.71	0.60	7.5	0.91	7.0	2.4	북서	320	20.0	1006.5	-	25	
2021-07-06 03:10:00	19.6	동남동	116	18.84	29.72	0.83	7.0	1.27	7.5	1.3	북	350	19.9	1006.6	-	34	
2021-07-06 03:15:00	21.2	동남동	119	18.85	29.72	0.73	7.3	0.96	7.0	1.4	북	351	20.0	1006.6	-	24	
2021-07-06 03:20:00	22.6	동남동	116	18.86	29.73	0.72	7.0	1.21	7.0	2.0	북북서	332	20.2	1006.4	-	33	
2021-07-06 03:25:00	21.7	동남동	123	18.86	29.80	0.79	7.2	1.17	7.5	2.0	북북서	347	20.3	1006.3	-	16	
2021-07-06 03:30:00	22.8	남동	124	18.89	29.77	0.56	6.9	0.73	7.0	2.3	북	355	20.4	1006.3	-	38	
2021-07-06 03:35:00	23.7	동남동	119	18.89	29.78	0.63	6.9	0.93	7.5	1.8	북	358	20.5	1006.3	-	27	
2021-07-06 03:40:00	22.3	동남동	123	18.89	29.78	0.64	7.2	0.93	7.0	1.1	북	9	20.7	1006.2	-	35	
2021-07-06 03:45:00	23.0	동남동	121	18.88	29.82	0.59	6.5	0.85	7.5	1.0	북	7	20.3	1006.2	-	26	
2021-07-06 03:50:00	23.2	동남동	123	18.89	29.76	0.63	6.9	0.88	6.0	1.1	북북동	14	20.3	1006.3	-	29	
2021-07-06 03:55:00	21.9	남동	124	18.89	29.85	0.64	7.0	0.88	7.5	1.9	북	9	20.4	1006.3	-	25	
2021-07-06 04:00:00	23.7	남동	126	18.90	29.85	0.60	6.9	1.14	7.0	1.6	북	352	20.3	1006.2	-	21	
2021-07-06 04:05:00	22.5	남동	128	18.92	29.92	0.65	6.7	0.87	7.5	1.4	북	349	20.3	1006.2	-	25	
2021-07-06 04:10:00	22.1	남동	128	18.91	29.84	0.58	7.0	0.82	7.0	1.2	북	0	20.1	1006.1	-	38	
2021-07-06 04:15:00	22.7	남동	137	18.94	29.87	0.56	6.5	0.77	7.0	1.3	북북서	333	20.2	1006.0	-	18	
2021-07-06 04:20:00	22.7	남동	130	18.93	29.88	0.73	6.8	0.95	8.0	2.2	북북서	336	20.3	1006.0	-	17	
2021-07-06 04:25:00	20.4	남동	130	18.96	29.88	0.63	6.6	0.92	7.0	2.8	북서	321	20.3	1006.0	-	21	
2021-07-06 04:30:00	21.1	남동	128	18.94	29.87	0.75	7.5	0.98	7.5	2.9	북서	316	20.3	1006.0	-	20	
2021-07-06 04:35:00	21.0	남동	132	18.93	29.90	0.72	7.0	1.01	7.5	2.4	북서	304	20.3	1006.0	-	23	
2021-07-06 04:40:00	21.9	남동	133	18.95	29.78	0.62	7.1	0.85	7.0	2.3	서북서	285	20.1	1006.0	-	33	
2021-07-06 04:45:00	19.8	남동	131	18.97	29.83	0.66	7.0	0.76	7.5	2.6	서북서	283	19.9	1006.1	-	23	
2021-07-06 04:50:00	18.7	남동	132	18.92	30.06	0.65	7.5	0.78	7.5	3.1	서	275	20.0	1006.2	-	20	
2021-07-06 04:55:00	19.0	남동	131	19.01	29.93	0.87	7.0	1.33	7.0	3.1	서	271	20.2	1006.4	-	27	
2021-07-06 05:00:00	22.4	남동	130	19.02	30.08	0.67	6.8	0.95	5.0	2.9	서	268	20.5	1006.4	-	32	
2021-07-06 05:05:00	20.9	동남동	124	19.02	29.93	0.73	6.8	0.85	6.0	2.6	서	278	20.8	1006.4	-	20	
2021-07-06 05:10:00	18.0	남동	134	19.03	30.05	0.66	6.8	0.86	7.0	2.0	서	281	20.9	1006.5	-	44	
2021-07-06 05:15:00	20.0	남동	131	19.06	30.02	0.59	7.2	0.73	7.5	1.8	서	277	21.0	1006.5	-	25	
2021-07-06 05:20:00	20.1	남동	136	19.06	29.97	0.74	6.7	1.00	7.0	1.5	서	278	21.2	1006.6	-	19	
2021-07-06 05:25:00	20.9	남동	138	19.09	29.97	0.67	6.7	0.85	7.0	1.3	서남서	254	21.4	1006.5	-	33	
2021-07-06 05:30:00	20.1	남동	136	19.08	30.00	0.65	6.8	0.80	6.5	1.1	남서	235	21.0	1006.5	-	26	
2021-07-06 05:35:00	19.5	남동	135	19.08	29.99	0.68	7.3	0.97	7.5	0.7	서남서	244	20.9	1006.5	-	34	
2021-07-06 05:40:00	18.1	남동	136	19.04	29.98	0.83	7.2	1.08	7.5	0.7	서남서	239	21.1	1006.5	-	2	
2021-07-06 05:45:00	20.0	남동	133	19.05	30.00	0.73	6.9	1.02	6.5	1.4	서남서	242	20.9	1006.4	-	28	
2021-07-06 05:50:00	20.1	남동	138	19.12	30.01	0.63	7.2	0.81	7.5	1.6	서남서	252	21.4	1006.4	-	12	
2021-07-06 05:55:00	19.3	남동	139	19.10	30.00	0.65	6.6	0.88	7.0	1.4	서남서	256	21.5	1006.3	-	4	
2021-07-06 06:00:00	19.9	남동	141	19.11	30.09	0.80	7.8	1.06	7.5	0.4	동	98	21.4	1006.3	-	32	
2021-07-06 06:05:00	18.6	남동	139	19.17	30.07	0.74	7.0	0.94	7.0	1.3	북	357	21.0	1006.3	-	17	
2021-07-06 06:10:00	20.9	남동	146	19.20	30.10	0.62	6.4	0.92	6.0	1.8	서북서	287	21.5	1006.3	-	53	
2021-07-06 06:15:00	21.8	남동	145	19.18	30.05	0.73	7.1	1.00	7.5	1.9	북서	314	21.2	1006.3	-	28	
2021-07-06 06:20:00	21.8	남동	143	19.17	30.05	0.62	6.6	0.81	6.5	2.8	북서	313	20.2	1006.3	-	28	
2021-07-06 06:25:00	19.8	남남동	150	19.24	30.07	0.70	6.8	1.01	7.0	2.9	북서	325	20.3	1006.2	-	10	
2021-07-06 06:30:00	21.6	남동	139	19.19	30.08	0.60	7.0	0.73	6.0	2.5	북서	320	20.3	1006.3	-	20	
2021-07-06 06:35:00	20.2	남동	142	19.18	30.05	0.58	6.9	0.78	7.0	2.8	북서	313	20.6	1006.3	-	30	
2021-07-06 06:40:00	20.1	남남동	150	19.21	30.11	0.66	7.0	0.89	6.0	2.8	서북서	297	21.0	1006.4	-	6	
2021-07-06 06:45:00	21.5	남남동	151	19.23	30.15	0.54	6.7	0.74	6.0	2.2	북서	304	21.0	1006.4	-	23	
2021-07-06 06:50:00	21.1	남남동	153	19.26	29.94	0.62	7.3	0.87	7.5	1.7	서북서	298	21.2	1006.5	-	38	
2021-07-06 06:55:00	19.7	남남동	150	19.31	30.27	0.61	6.6	0.76	6.0	1.3	북서	314	21.6	1006.6	-	25	
2021-07-06 07:00:00	20.4	남남동	153	19.25	30.11	0.57	6.9	0.74	6.5	1.3	서북서	301	21.3	1006.6	-	7	
2021-07-06 07:05:00	18.8	남남동	150	19.28	30.13	0.49	6.5	0.69	6.5	1.1	북서	312	21.2	1006.5	-	0	
2021-07-06 07:10:00	20.3	남남동	153	19.30	30.13	0.61	6.3	0.84	6.5	1.4	북서	320	21.1	1006.5	-	9	
2021-07-06 07:15:00	17.2	남남동	159	19.38	30.19	0.62	7.1	0.88	7.5	1.5	북서	313	21.6	1006.5	-	354	
2021-07-06 07:20:00	19.8	남남동	152	19.39	30.18	0.62	6.9	0.82	7.5	1.9	북서	323	21.5	1006.5	-	24	
2021-07-06 07:25:00	19.1	남남동	154	19.39	30.10	0.58	7.0	0.90	7.0	2.2	북북서	333	21.3	1006.4	-	26	
2021-07-06 07:30:00	19.0	남남동	154	19.46	30.06	0.67	6.9	0.92	7.0	2.1	북북서	330	21.3	1006.3	-	13	
2021-07-06 07:35:00	19.8	남남동	152	19.44	30.17	0.52	6.3	0.69	6.5	2.3	북서	325	21.6	1006.5	-	12	
2021-07-06 07:40:00	18.8	남남동	157	19.54	30.15	0.55	6.7	0.65	7.0	2.6	북서	318	21.9	1006.5	-	32	
2021-07-06 07:45:00	18.4	남남동	156	19.57	30.31	0.62	6.8	0.72	7.0	2.6	북서	314	22.0	1006.7	-	6	
2021-07-06 07:50:00	19.2	남남동	151	19.48	30.18	0.63	7.0	0.82	6.5	2.5	북서	314	22.4	1006.6	-	22	
2021-07-06 07:55:00	14.4	남남동	159	19.53	30.28	0.60	7.0	0.73	6.5	2.4	북서	317	22.4	1006.6	-	37	
2021-07-06 08:00:00	13.4	남남동	153	19.58	30.37	0.54	6.5	0.85	6.0	2.1	북서	310	22.3	1006.8	-	27	
2021-07-06 08:05:00	12.9	남남동	160	19.56	30.33	0.59	6.8	0.75	5.5	2.1	북서	313	22.6	1006.8	-	26	
2021-07-06 08:10:00	11.8	남동	146	19.57	30.35	0.67	7.2	0.94	7.0	1.6	북서	324	22.7	1006.7	-	16	
2021-07-06 08:15:00	12.6	남남동	151	19.54	30.51	0.59	7.4	0.86	6.5	1.0	서북서	300	23.0	1006.8	-	29	
2021-07-06 08:20:00	14.3	남남동	152	19.64	30.43	0.73	7.1	1.07	7.0	1.0	서북서	298	23.4	1006.9	-	7	
2021-07-06 08:25:00	11.6	남동	144	19.64	30.51	0.66	7.0	0.83	6.5	1.1	서북서	287	23.7	1006.9	-	12	
2021-07-06 08:30:00	12.3	남동	146	19.59	30.48	0.52	6.6	0.74	7.0	0.9	서북서	302	24.0	1007.0	-	0	
2021-07-06 08:35:00	8.1	남동	134	19.56	30.51	0.50	6.8	0.64	6.5	0.7	북서	316	23.7	1007.0	-	32	
2021-07-06 08:40:00	9.9	남동	141	19.48	30.53	0.61	6.7	0.86	7.0	0.6	북	351	23.6	1006.9	-	12	
2021-07-06 08:45:00	10.2	남남동	148	19.70	30.50	0.64	6.7	0.82	6.5	0.9	북	353	23.4	1006.8	-	27	
2021-07-06 08:50:00	9.8	남남동	147	19.57	30.52	0.69	7.0	1.00	7.5	0.9	북	2	23.2	1006.9	-	15	
2021-07-06 08:55:00	8.4	남남동	153	19.55	30.41	0.67	6.6	1.05	6.0	1.3	북	353	23.4	1006.9	-	21	
2021-07-06 09:00:00	7.8	남남동	146	19.59	30.54	0.58	7.0	0.73	6.5	1.7	북	354	23.7	1006.9	-	47	
2021-07-06 09:05:00	9.2	남동	140	19.64	30.55	0.72	6.3	0.86	5.5	1.9	북	1	23.6	1006.9	-	30	
2021-07-06 09:10:00	7.9	남동	145	19.69	30.52	0.57	6.6	0.95	6.0	1.7	북	351	23.5	1006.9	-	32	
2021-07-06 09:15:00	9.7	남	173	19.76	30.40	0.62	6.8	0.95	6.5	2.3	북	7	23.2	1006.9	-	27	
2021-07-06 09:20:00	10.7	남남서	196	19.74	30.33	0.59	7.1	0.75	6.0	2.3	북	3	22.5	1006.9	-	19	
2021-07-06 09:25:00	11.2	남남서	201	19.70	30.38	0.69	6.8	0.88	6.5	2.7	북북동	18	22.3	1006.9	-	18	
2021-07-06 09:30:00	9.7	남남서	196	19.66	30.35	0.55	6.2	0.72	6.0	2.5	북북동	23	21.9	1007.0	-	28	
2021-07-06 09:35:00	9.0	남	183	19.76	30.45	0.56	6.8	0.93	6.0	2.6	북북동	16	21.8	1006.9	-	39	
2021-07-06 09:40:00	5.0	남남동	160	19.76	30.39	0.70	7.0	0.89	6.5	2.4	북	3	22.0	1006.8	-	39	
2021-07-06 09:45:00	5.5	남남동	153	19.75	30.47	0.46	6.7	0.64	8.0	2.6	북	1	22.0	1006.8	-	25	
2021-07-06 09:50:00	3.4	남동	130	19.78	30.52	0.60	7.1	0.97	7.0	2.6	북	353	22.0	1007.0	-	31	
2021-07-06 09:55:00	3.3	남남동	153	19.77	30.50	0.62	6.3	0.74	6.5	2.6	북북서	340	22.0	1006.9	-	32	
2021-07-06 10:00:00	7.9	동남동	103	19.77	30.52	0.53	7.4	0.84	7.5	2.8	북북서	346	22.0	1006.8	-	27	
2021-07-06 10:05:00	11.1	동남동	115	19.69	30.29	0.66	6.9	0.89	6.5	2.7	북서	325	22.0	1006.8	-	10	
2021-07-06 10:10:00	6.8	남동	124	19.73	30.35	0.56	6.6	0.71	6.5	2.5	북서	312	22.0	1006.8	-	38	
2021-07-06 10:15:00	7.1	동남동	119	19.78	30.49	0.62	6.4	0.89	6.0	2.2	북서	317	21.8	1006.7	-	2	
2021-07-06 10:20:00	5.9	동남동	112	19.78	30.46	0.55	6.2	0.77	6.5	2.2	북서	309	21.9	1006.8	-	20	
2021-07-06 10:25:00	7.5	동남동	108	19.76	30.50	0.72	6.5	1.10	7.0	2.1	서북서	298	21.7	1006.8	-	32	
2021-07-06 10:30:00	6.2	남동	124	19.74	30.55	0.61	6.5	0.85	6.0	2.3	서북서	294	21.5	1006.8	-	5	
2021-07-06 10:35:00	6.5	남동	139	19.75	30.45	0.58	6.2	0.70	6.0	2.3	북서	305	21.7	1006.9	-	24	
2021-07-06 10:40:00	5.1	남동	139	19.76	30.38	0.60	6.4	0.92	7.0	2.2	북서	312	21.9	1007.0	-	42	
2021-07-06 10:45:00	7.1	남동	138	19.79	30.48	0.65	6.3	1.00	6.5	2.1	북서	315	22.1	1007.0	-	23	
2021-07-06 10:50:00	4.3	남남동	163	19.74	30.30	0.66	6.4	0.95	6.0	2.2	북서	307	22.2	1007.0	-	21	
2021-07-06 10:55:00	5.0	남남동	155	19.74	30.44	0.70	6.2	1.03	6.0	2.2	북서	306	22.2	1007.1	-	16	
2021-07-06 11:00:00	4.4	남남동	147	19.75	30.43	0.67	6.8	0.80	6.5	1.6	서북서	302	22.3	1007.0	-	34	
2021-07-06 11:05:00	3.5	남남서	211	19.63	30.51	0.60	6.3	0.79	5.5	1.9	서북서	286	22.3	1007.0	-	17	
2021-07-06 11:10:00	4.6	남남서	213	19.70	30.56	0.64	6.4	0.79	5.5	2.0	북서	307	22.5	1006.9	-	22	
2021-07-06 11:15:00	7.2	남서	217	19.78	30.44	0.60	6.4	0.90	5.5	1.6	북서	319	22.6	1006.9	-	8	
2021-07-06 11:20:00	3.3	남	191	19.77	30.39	0.67	6.5	1.04	6.5	1.6	서북서	303	22.6	1006.9	-	33	
2021-07-06 11:25:00	3.0	남남서	198	19.84	30.44	0.62	6.7	0.87	6.0	1.5	북서	305	22.7	1006.9	-	42	
2021-07-06 11:30:00	2.7	남	181	19.78	30.35	0.67	6.4	0.85	5.0	1.7	북서	317	23.0	1006.8	-	29	
2021-07-06 11:35:00	3.4	남동	129	19.75	30.39	0.69	6.5	1.05	6.0	1.7	북북서	347	22.8	1006.8	-	39	
2021-07-06 11:40:00	6.0	남동	135	19.76	30.36	0.68	6.7	0.83	6.5	1.9	북북서	338	22.8	1006.7	-	39	
2021-07-06 11:45:00	6.4	남동	130	19.78	30.36	0.58	6.3	0.75	7.5	2.1	북북서	346	22.7	1006.8	-	49	
2021-07-06 11:50:00	7.2	남동	125	19.77	30.39	0.58	7.2	0.87	6.5	1.7	북북서	346	22.7	1006.7	-	47	
2021-07-06 11:55:00	5.0	남동	131	19.75	30.34	0.67	6.5	0.97	6.5	1.5	북북서	331	22.7	1006.8	-	37	
2021-07-06 12:00:00	6.6	동남동	122	19.68	30.03	0.55	6.8	0.71	6.5	1.3	북북서	328	22.8	1006.8	-	17	
2021-07-06 12:05:00	4.6	동남동	119	19.68	30.25	0.68	6.7	0.96	6.5	1.5	북북서	331	22.8	1006.8	-	42	
2021-07-06 12:10:00	4.8	남	175	19.66	30.27	0.57	7.3	0.76	7.5	1.9	북북서	334	22.8	1006.8	-	31	
2021-07-06 12:15:00	4.7	남	175	19.75	30.36	0.55	6.6	0.67	7.5	1.9	북북서	339	22.8	1006.8	-	42	
2021-07-06 12:20:00	9.0	남동	143	19.76	30.32	0.65	6.6	0.86	7.0	2.0	북북서	329	22.8	1006.8	-	27	
2021-07-06 12:25:00	6.0	남남동	155	19.76	30.31	0.65	7.0	1.01	7.0	2.0	북서	324	22.8	1006.7	-	41	
2021-07-06 12:30:00	7.1	남남동	168	19.75	30.33	0.68	7.1	0.88	6.5	1.5	북북서	327	22.8	1006.7	-	40	
2021-07-06 12:35:00	6.9	남남동	163	19.77	30.32	0.68	6.8	0.85	6.5	1.3	북서	310	23.0	1006.7	-	40	
2021-07-06 12:40:00	9.2	남남동	156	19.77	30.31	0.62	6.6	0.78	6.5	1.1	북북서	338	23.0	1006.7	-	30	
2021-07-06 12:45:00	6.4	남남동	160	19.73	30.49	0.63	6.3	0.86	6.5	1.1	북서	318	23.2	1006.6	-	31	
2021-07-06 12:50:00	4.0	남동	146	19.64	30.51	0.69	6.5	0.87	7.0	0.9	북서	310	23.3	1006.7	-	55	
2021-07-06 12:55:00	3.2	남동	139	19.61	30.45	0.59	6.6	0.73	7.0	1.1	북서	316	23.3	1006.7	-	44	
2021-07-06 13:00:00	7.4	남동	125	19.64	30.45	0.62	6.8	0.74	5.0	1.3	서북서	300	23.3	1006.8	-	35	
2021-07-06 13:05:00	6.8	남동	126	19.45	30.56	0.55	6.8	0.74	7.0	1.3	북서	313	23.2	1006.8	-	50	
2021-07-06 13:10:00	5.3	남동	134	19.47	30.54	0.74	6.8	1.04	7.0	1.4	북서	314	23.2	1006.6	-	32	
2021-07-06 13:15:00	3.8	남	170	19.60	30.46	0.73	6.9	1.11	7.0	1.4	북북서	342	23.2	1006.6	-	38	
2021-07-06 13:20:00	6.5	남남동	151	19.63	30.51	0.72	6.5	0.93	6.5	1.5	북서	323	23.2	1006.6	-	37	
2021-07-06 13:25:00	5.2	남남동	153	19.74	30.39	0.64	6.3	0.76	6.0	1.6	북북서	334	23.2	1006.6	-	35	
2021-07-06 13:30:00	6.7	남남동	153	19.65	30.38	0.69	6.6	0.92	7.5	1.8	북북서	336	23.2	1006.7	-	49	
2021-07-06 13:35:00	7.1	남동	137	19.30	30.52	0.66	7.0	0.88	7.5	2.2	북	352	23.2	1006.6	-	12	
2021-07-06 13:40:00	9.3	동남동	119	19.23	30.51	0.74	6.8	1.04	7.0	1.9	북	351	23.2	1006.5	-	25	
2021-07-06 13:45:00	9.9	남동	133	19.73	30.48	0.64	6.6	1.04	7.0	2.3	북	356	23.3	1006.5	-	39	
2021-07-06 13:50:00	11.5	남동	138	19.83	30.35	0.64	6.8	0.94	7.5	2.4	북	354	23.4	1006.5	-	37	
2021-07-06 13:55:00	13.7	남남동	154	19.86	30.42	0.74	6.8	1.01	7.0	2.4	북	4	23.3	1006.5	-	20	
2021-07-06 14:00:00	10.2	남남동	163	19.90	30.48	0.65	6.7	0.73	5.5	1.8	북	356	23.4	1006.5	-	28	
2021-07-06 14:05:00	7.6	남	182	19.59	30.36	0.57	6.7	0.71	8.0	1.6	북	2	23.4	1006.5	-	45	
2021-07-06 14:10:00	10.6	남남동	164	19.76	30.39	0.66	6.3	1.19	6.5	1.7	북북동	20	23.5	1006.4	-	45	
2021-07-06 14:15:00	11.2	남동	143	19.69	30.49	0.76	6.9	1.03	7.5	1.6	북북동	19	23.5	1006.3	-	43	
2021-07-06 14:20:00	11.1	남남동	149	19.83	30.40	0.76	7.0	1.00	7.0	1.4	북북동	31	23.7	1006.2	-	39	
2021-07-06 14:25:00	11.7	남남동	160	20.00	30.32	0.81	7.3	0.99	7.0	1.4	북북동	30	23.8	1006.2	-	38	
2021-07-06 14:30:00	9.8	남동	140	20.43	30.13	0.92	6.8	1.33	7.0	1.5	북북동	25	23.9	1006.1	-	36	
2021-07-06 14:35:00	14.5	남남동	157	20.16	30.19	0.75	6.6	0.96	6.5	1.3	북북동	20	24.0	1006.2	-	24	
2021-07-06 14:40:00	12.0	남동	135	19.95	30.28	0.96	7.0	1.32	7.0	1.0	북	6	24.2	1006.2	-	38	
2021-07-06 14:45:00	17.2	남동	136	19.95	30.24	0.67	6.6	0.93	6.0	0.8	북북서	337	24.2	1006.2	-	34	
2021-07-06 14:50:00	13.5	남남동	149	19.95	30.19	0.70	7.0	0.96	7.5	1.0	북	359	24.3	1006.2	-	54	
2021-07-06 14:55:00	14.8	남남동	152	20.02	30.13	0.71	7.1	0.83	7.0	1.1	북북서	345	24.3	1006.2	-	38	
2021-07-06 15:00:00	12.9	남남동	149	19.95	30.22	0.65	7.2	1.09	7.0	1.4	북	350	24.4	1006.3	-	38	
2021-07-06 15:05:00	14.0	남동	143	20.12	30.18	0.66	6.9	0.96	7.5	1.4	북	6	24.3	1006.3	-	48	
2021-07-06 15:10:00	14.1	남동	144	19.99	30.25	0.75	7.2	1.23	6.0	0.9	북	3	24.4	1006.4	-	34	
2021-07-06 15:15:00	15.3	남동	142	19.99	30.22	0.74	6.9	1.01	5.5	0.9	북	4	24.4	1006.5	-	45	
2021-07-06 15:20:00	14.9	남동	144	20.00	30.19	0.73	6.8	0.96	6.5	0.6	북북동	13	24.4	1006.5	-	35	
2021-07-06 15:25:00	15.9	남동	143	19.97	30.19	0.74	6.8	1.06	6.5	0.9	북	11	24.4	1006.5	-	21	
2021-07-06 15:30:00	15.4	남남동	157	19.96	30.11	0.64	7.1	0.80	7.5	1.4	북북동	23	24.2	1006.5	-	47	
2021-07-06 15:35:00	17.0	남남동	149	19.92	30.16	0.75	6.6	1.06	7.0	1.1	북	5	24.2	1006.6	-	38	
2021-07-06 15:40:00	17.1	남남동	146	19.90	30.15	0.73	6.6	0.95	6.5	0.7	북북서	345	24.3	1006.8	-	46	
2021-07-06 15:45:00	16.9	남남동	150	19.92	30.09	0.70	6.6	0.92	5.5	0.6	북	1	24.3	1006.7	-	44	
2021-07-06 15:50:00	18.5	남남동	152	19.87	30.08	0.67	7.3	0.92	7.5	0.5	북	358	24.3	1006.7	-	34	
2021-07-06 15:55:00	16.7	남남동	149	19.85	30.11	0.62	6.8	0.72	6.5	0.8	북북동	28	24.5	1006.7	-	47	
2021-07-06 16:00:00	17.7	남남동	148	19.84	30.03	0.67	7.5	0.95	7.0	0.6	북북동	25	24.5	1006.7	-	25	
2021-07-06 16:05:00	16.9	남남동	147	19.84	30.09	0.64	6.7	1.08	6.5	0.4	북북동	24	24.8	1006.7	-	39	
2021-07-06 16:10:00	18.9	남남동	151	19.87	29.94	0.83	6.8	1.30	6.5	0.4	북동	47	25.1	1006.8	-	40	
2021-07-06 16:15:00	15.2	남남동	161	19.88	29.98	0.65	6.8	1.02	6.5	0.4	동북동	61	25.2	1006.8	-	35	
2021-07-06 16:20:00	18.7	남남동	150	19.82	29.96	0.72	7.6	1.06	7.0	0.3	북동	49	25.2	1006.8	-	46	
2021-07-06 16:25:00	20.3	남남동	147	19.76	29.93	0.78	7.2	1.17	7.5	0.6	북동	50	25.2	1006.8	-	40	
2021-07-06 16:30:00	18.8	남남동	149	19.75	29.95	0.62	6.6	0.87	6.0	0.6	동	85	25.0	1006.8	-	35	
2021-07-06 16:35:00	20.1	남남동	151	20.38	29.99	0.63	6.8	0.88	6.5	0.7	동	93	25.0	1006.7	-	43	
2021-07-06 16:40:00	21.7	남남동	152	20.36	30.35	0.78	7.0	0.92	6.5	0.5	동북동	76	25.0	1006.7	-	39	
2021-07-06 16:45:00	22.3	남남동	148	19.94	29.96	0.64	6.8	0.83	5.5	0.7	동북동	74	24.9	1006.7	-	54	
2021-07-06 16:50:00	18.4	남남동	156	20.52	30.10	0.66	6.9	0.79	7.5	0.8	동북동	67	24.7	1006.7	-	44	
2021-07-06 16:55:00	22.5	남남동	151	20.55	30.20	0.48	6.9	0.59	8.0	0.7	동북동	75	24.7	1006.6	-	29	
2021-07-06 17:00:00	21.9	남동	144	20.58	30.33	0.63	7.4	0.76	7.0	1.0	동북동	69	24.7	1006.6	-	43	
2021-07-06 17:05:00	22.5	남남동	151	20.54	30.26	0.73	6.8	0.86	6.0	1.1	동북동	73	24.6	1006.6	-	35	
2021-07-06 17:10:00	19.5	남남동	154	20.77	30.35	0.73	7.7	0.98	7.5	0.9	동	80	24.5	1006.6	-	36	
2021-07-06 17:15:00	19.6	남남동	159	20.82	30.38	0.54	6.4	0.69	6.5	1.3	동	82	24.5	1006.6	-	53	
2021-07-06 17:20:00	20.2	남남동	163	20.85	30.39	0.67	7.3	0.86	7.0	1.7	동	84	24.3	1006.6	-	32	
2021-07-06 17:25:00	23.0	남남동	159	20.81	30.39	0.76	7.5	0.91	7.5	1.0	동남동	102	24.2	1006.6	-	43	
2021-07-06 17:30:00	20.9	남남동	154	20.84	30.41	0.61	6.7	0.87	8.0	1.2	동남동	104	24.2	1006.6	-	44	
2021-07-06 17:35:00	21.0	남남동	159	20.85	30.42	0.66	7.2	0.95	6.0	1.5	동남동	103	24.1	1006.5	-	42	
2021-07-06 17:40:00	21.8	남남동	164	20.88	30.45	0.69	7.0	0.88	7.0	1.6	동남동	118	24.1	1006.5	-	36	
2021-07-06 17:45:00	20.5	남남동	164	20.96	30.39	0.63	7.1	0.85	8.0	1.8	남동	125	24.0	1006.6	-	35	
2021-07-06 17:50:00	19.3	남	177	21.12	30.44	0.56	7.2	0.67	8.0	2.2	동남동	121	23.9	1006.6	-	57	
2021-07-06 17:55:00	20.9	남남동	164	20.97	30.39	0.70	7.1	1.14	6.5	1.6	동남동	114	23.8	1006.7	-	39	
2021-07-06 18:00:00	24.0	남	190	21.73	30.65	0.56	6.9	0.77	7.5	1.8	동남동	114	23.7	1006.7	-	31	
2021-07-06 18:05:00	23.2	남	183	21.71	30.57	0.60	7.6	1.05	6.5	1.8	동	101	23.7	1006.7	-	38	
2021-07-06 18:10:00	22.0	남	177	21.56	30.45	0.58	7.6	0.87	7.0	1.5	동	94	23.6	1006.7	-	31	
2021-07-06 18:15:00	22.2	남	178	21.48	30.46	0.62	6.8	0.91	6.5	1.5	동남동	102	23.6	1006.8	-	47	
2021-07-06 18:20:00	20.7	남	174	21.38	30.46	0.63	6.7	0.83	7.5	1.5	동남동	111	23.6	1006.9	-	46	
2021-07-06 18:25:00	21.5	남	179	21.89	30.29	0.63	7.1	0.78	7.0	1.4	동남동	116	23.5	1007.0	-	37	
2021-07-06 18:30:00	19.9	남	183	21.69	30.50	0.64	6.9	0.94	7.0	1.6	동남동	108	23.5	1007.0	-	45	
2021-07-06 18:35:00	18.1	남	177	20.99	30.41	0.65	7.2	0.82	7.0	1.6	동남동	106	23.4	1006.9	-	36	
2021-07-06 18:40:00	21.7	남	173	20.31	30.53	0.68	7.2	1.13	7.5	1.4	동	101	23.3	1006.9	-	25	
2021-07-06 18:45:00	20.5	남	179	20.63	30.68	0.53	6.7	0.90	7.5	1.3	동	92	23.3	1007.0	-	49	
2021-07-06 18:50:00	19.7	남	170	20.10	30.83	0.75	7.2	0.91	8.5	1.4	동남동	107	23.2	1007.0	-	33	
2021-07-06 18:55:00	21.3	남남동	167	20.05	30.63	0.58	7.8	0.71	6.5	1.3	동	94	23.2	1007.0	-	46	
2021-07-06 19:00:00	21.3	남	176	20.26	30.61	0.61	7.3	0.82	7.0	1.3	동	95	23.1	1006.9	-	44	
2021-07-06 19:05:00	20.4	남	169	20.12	30.59	0.67	7.5	0.86	8.0	1.3	동남동	107	23.1	1006.9	-	41	
2021-07-06 19:10:00	22.0	남	179	20.05	30.57	0.61	7.5	1.02	7.0	1.3	동남동	106	23.1	1006.9	-	37	
2021-07-06 19:15:00	23.7	남	178	20.10	30.51	0.63	7.6	0.86	7.5	1.2	동남동	106	23.1	1006.9	-	34	
2021-07-06 19:20:00	22.0	남	172	19.91	30.58	0.60	7.6	1.05	6.5	0.9	동남동	104	23.1	1007.0	-	43	
2021-07-06 19:25:00	21.9	남남동	166	19.89	30.58	0.66	7.3	0.98	7.0	1.0	동	80	23.0	1007.0	-	34	
2021-07-06 19:30:00	22.9	남남동	168	19.94	30.56	0.55	7.8	0.69	6.5	1.3	동	82	23.0	1007.0	-	53	
2021-07-06 19:35:00	22.3	남	171	19.88	30.52	0.63	7.2	0.78	7.5	1.1	동	84	23.0	1007.1	-	58	
2021-07-06 19:40:00	22.1	남남동	165	19.94	30.57	0.68	6.7	0.84	7.5	1.4	동	98	23.0	1007.1	-	63	
2021-07-06 19:45:00	22.1	남남동	155	19.83	30.47	0.61	6.5	0.80	6.5	1.6	동	81	23.0	1007.1	-	38	
2021-07-06 19:50:00	23.3	남남동	161	19.81	30.56	0.69	6.7	0.97	6.0	1.9	동	91	23.1	1007.0	-	58	
2021-07-06 19:55:00	22.3	남남동	166	20.02	30.52	0.52	6.3	0.71	7.0	2.8	동	94	23.1	1007.0	-	49	
2021-07-06 20:00:00	20.8	남남동	158	20.06	30.50	0.65	7.5	0.85	8.5	2.8	동	97	23.1	1006.9	-	25	
2021-07-06 20:05:00	22.4	남남동	167	20.22	30.69	0.61	7.1	0.76	6.5	2.8	동	96	23.0	1006.9	-	48	
2021-07-06 20:10:00	22.2	남	172	20.47	30.44	0.76	7.5	1.09	7.0	2.9	동	95	23.0	1006.9	-	52	
2021-07-06 20:15:00	22.8	남남동	168	20.48	30.41	0.72	7.2	1.19	6.5	3.1	동	89	22.9	1007.0	-	43	
2021-07-06 20:20:00	21.6	남	170	20.85	30.28	0.61	6.8	0.82	7.5	3.2	동	89	22.8	1007.0	-	28	
2021-07-06 20:25:00	16.4	남동	144	21.23	30.73	0.69	7.8	0.99	7.5	3.4	동	101	22.8	1007.0	-	24	
2021-07-06 20:30:00	16.3	남남동	159	21.39	30.32	0.63	6.8	0.75	5.5	4.0	동남동	119	23.0	1007.0	-	101	
2021-07-06 20:35:00	13.1	남동	136	21.75	30.59	0.76	6.8	1.18	6.5	3.5	동남동	115	23.0	1007.0	-	123	
2021-07-06 20:40:00	13.9	남동	137	22.02	30.44	0.76	7.3	1.40	7.0	3.0	동	91	22.8	1007.1	-	24	
2021-07-06 20:45:00	15.6	남동	127	21.98	30.44	0.86	7.4	1.20	7.0	2.7	동	100	22.7	1007.2	-	36	
2021-07-06 20:50:00	12.6	남동	134	22.14	30.18	0.73	7.3	0.94	7.5	2.3	동남동	106	22.6	1007.3	-	12	
2021-07-06 20:55:00	15.3	남동	137	21.95	30.14	0.67	6.8	1.02	6.5	2.0	동남동	105	22.5	1007.4	-	33	
2021-07-06 21:00:00	13.6	남남동	147	21.93	30.21	0.77	7.1	1.13	7.0	1.8	동남동	117	22.3	1007.4	-	33	
2021-07-06 21:05:00	17.4	남남서	197	21.99	30.18	0.77	7.8	0.91	9.0	2.3	남남동	150	22.4	1007.4	-	34	
2021-07-06 21:10:00	4.0	남남동	166	22.18	30.33	0.70	7.3	1.04	6.5	3.1	남남동	156	22.6	1007.4	-	81	
2021-07-06 21:15:00	7.4	남	183	22.28	30.17	0.71	6.9	1.00	6.5	2.8	남	170	22.7	1007.5	-	82	
2021-07-06 21:20:00	5.1	남동	139	22.30	30.13	0.74	6.7	1.15	6.5	2.7	남남동	165	23.0	1007.6	-	20	
2021-07-06 21:25:00	3.4	동	83	22.31	30.21	0.86	6.9	1.47	7.0	2.1	남남동	161	23.1	1007.6	-	47	
2021-07-06 21:30:00	5.2	동남동	122	22.29	30.23	0.76	7.4	0.88	7.0	1.5	남	190	23.0	1007.6	-	40	
2021-07-06 21:35:00	0.2	동남동	113	22.27	30.21	0.94	8.2	1.20	8.5	1.3	남남서	212	22.9	1007.6	-	36	
2021-07-06 21:40:00	3.4	남남동	153	22.15	30.31	0.75	7.0	1.00	7.0	0.8	남서	229	23.0	1007.7	-	30	
2021-07-06 21:45:00	4.3	남서	219	22.16	30.16	0.74	6.8	1.02	7.5	1.0	남서	227	22.8	1007.7	-	60	
2021-07-06 21:50:00	6.8	남남서	202	22.20	30.38	0.65	6.8	0.93	6.0	0.5	남서	220	22.8	1007.7	-	30	
2021-07-06 21:55:00	6.4	남	177	22.12	30.47	0.61	7.2	0.88	6.5	0.9	남서	214	22.7	1007.6	-	33	
2021-07-06 22:00:00	5.6	동남동	120	22.05	30.42	0.63	7.6	0.88	6.5	1.1	남서	214	22.7	1007.6	-	31	
2021-07-06 22:05:00	6.1	동남동	120	22.09	30.48	0.69	7.4	0.88	6.0	0.9	남남서	201	22.7	1007.6	-	20	
2021-07-06 22:10:00	10.0	동남동	106	22.20	30.41	0.72	8.0	1.06	6.5	0.5	남남서	193	22.7	1007.7	-	27	
2021-07-06 22:15:00	6.2	동남동	110	22.26	30.33	0.82	7.6	1.05	6.5	1.1	남서	232	22.7	1007.8	-	47	
2021-07-06 22:20:00	3.8	동남동	119	22.22	30.31	0.66	7.6	0.87	6.5	0.4	남서	229	22.7	1007.8	-	14	
2021-07-06 22:25:00	4.8	남동	136	22.23	30.28	0.56	6.5	0.69	7.5	0.3	동북동	67	22.7	1007.8	-	23	
2021-07-06 22:30:00	5.0	남남동	164	22.16	30.33	0.64	7.6	0.95	7.5	0.1	동북동	77	22.6	1007.8	-	49	
2021-07-06 22:35:00	5.1	동	101	22.08	30.37	0.50	7.8	0.69	6.5	0.1	북북서	332	22.5	1007.8	-	56	
2021-07-06 22:40:00	16.6	동	95	21.95	30.50	0.62	8.0	0.86	7.0	0.4	북북동	31	22.4	1007.8	-	23	
2021-07-06 22:45:00	14.8	동	95	22.13	30.34	0.65	7.5	1.04	7.5	0.6	북	349	22.3	1008.0	-	53	
2021-07-06 22:50:00	15.6	동	85	22.10	30.28	0.65	7.0	0.91	7.0	0.3	북	352	22.2	1007.9	-	35	
2021-07-06 22:55:00	11.6	동	82	22.02	30.35	0.78	7.8	1.18	7.0	0.4	북북서	343	22.1	1008.0	-	44	
2021-07-06 23:00:00	18.9	동	84	21.94	30.41	0.63	7.6	0.92	5.5	0.8	북북서	327	22.0	1008.0	-	56	
2021-07-06 23:05:00	15.9	동	96	22.02	30.39	0.74	7.9	0.89	7.0	0.5	북북서	337	22.0	1007.9	-	37	
2021-07-06 23:10:00	19.1	동	96	22.01	30.49	0.84	7.6	1.06	7.5	0.6	북북서	348	21.9	1007.8	-	30	
2021-07-06 23:15:00	11.1	동	94	22.02	30.46	0.55	7.0	0.87	7.0	1.0	북북서	344	21.9	1007.8	-	24	
2021-07-06 23:20:00	15.7	동	100	22.06	30.36	0.69	7.6	0.88	7.5	1.3	북서	318	21.9	1007.8	-	39	
2021-07-06 23:25:00	15.8	동	88	21.98	30.46	0.57	6.9	0.77	7.0	0.5	서북서	292	21.8	1007.8	-	56	
2021-07-06 23:30:00	16.6	동	94	21.94	30.45	0.56	6.9	0.83	7.5	0.5	서	276	21.8	1007.8	-	32	
2021-07-06 23:35:00	15.3	동	100	21.85	30.40	0.70	7.9	0.85	6.5	0.6	서	273	21.7	1007.8	-	43	
2021-07-06 23:40:00	16.8	동남동	107	22.10	30.42	0.53	7.2	0.69	8.0	0.6	서남서	247	21.7	1007.8	-	66	
2021-07-06 23:45:00	17.6	동남동	105	21.70	30.42	0.58	7.6	0.86	7.5	0.9	남서	217	21.7	1007.7	-	33	
2021-07-06 23:50:00	16.0	동남동	122	21.07	30.34	0.59	7.0	0.72	7.0	0.4	남서	220	21.7	1007.7	-	34	
2021-07-06 23:55:00	14.9	남동	126	21.41	30.46	0.78	8.1	1.25	8.0	0.2	남서	223	21.7	1007.7	-	46	
2021-07-07 00:00:00	13.6	남동	127	21.36	30.31	0.68	8.0	1.17	7.0	1.1	남남서	202	21.7	1007.7	-	43	
2021-07-07 00:05:00	17.9	동남동	110	21.26	30.40	0.56	7.5	0.79	7.0	1.1	남남서	211	21.8	1007.7	-	42	
2021-07-07 00:10:00	19.0	동남동	113	21.14	30.36	0.51	7.8	0.65	6.5	1.3	남서	236	21.8	1007.7	-	50	
2021-07-07 00:15:00	16.3	동남동	118	21.20	30.36	0.53	7.3	0.73	8.5	1.1	남서	230	21.8	1007.7	-	52	
2021-07-07 00:20:00	17.8	동남동	112	21.29	30.40	0.49	7.5	0.64	5.5	0.6	남남서	213	21.9	1007.6	-	40	
2021-07-07 00:25:00	17.3	동남동	116	21.36	30.38	0.54	7.0	0.83	6.5	0.6	남서	217	21.9	1007.6	-	27	
2021-07-07 00:30:00	15.0	동남동	120	21.49	30.39	0.64	8.0	0.81	6.5	0.0	남	173	21.9	1007.6	-	30	
2021-07-07 00:35:00	14.1	동남동	117	21.62	30.41	0.55	7.5	0.70	7.0	0.2	서남서	254	21.9	1007.7	-	65	
2021-07-07 00:40:00	15.5	동남동	120	21.63	30.34	0.52	7.2	0.60	7.0	0.7	남서	227	21.9	1007.7	-	14	
2021-07-07 00:45:00	16.1	남동	125	21.48	30.38	0.61	7.3	0.79	7.0	0.6	남서	224	21.9	1007.7	-	32	
2021-07-07 00:50:00	14.1	남동	131	21.56	30.46	0.53	7.9	0.70	7.5	0.5	남서	224	21.8	1007.7	-	43	
2021-07-07 00:55:00	13.0	남동	129	21.49	30.49	0.58	7.3	0.96	7.5	0.4	남남서	202	21.9	1007.7	-	26	
2021-07-07 01:00:00	15.9	남동	132	21.57	30.48	0.67	7.5	0.92	8.0	0.4	남남동	159	21.9	1007.6	-	41	
2021-07-07 01:05:00	20.3	남동	129	21.84	30.56	0.65	7.5	0.80	6.5	0.6	동남동	113	21.9	1007.5	-	31	
2021-07-07 01:10:00	20.7	남동	125	21.91	30.51	0.54	7.0	0.72	7.0	0.9	동북동	70	21.9	1007.4	-	18	
2021-07-07 01:15:00	18.5	남동	132	21.99	30.54	0.55	7.3	0.84	6.0	0.9	북동	52	21.9	1007.3	-	27	
2021-07-07 01:20:00	17.7	남동	132	22.06	30.52	0.64	8.1	0.80	8.0	1.0	북동	42	21.8	1007.4	-	45	
2021-07-07 01:25:00	17.7	남동	129	22.15	30.53	0.57	7.5	0.67	7.5	0.5	북동	48	21.8	1007.5	-	43	
2021-07-07 01:30:00	17.5	남동	135	22.16	30.56	0.61	7.8	0.93	7.5	0.0	북동	45	21.8	1007.6	-	36	
2021-07-07 01:35:00	17.8	남동	131	22.09	30.56	0.51	7.5	0.86	7.5	0.5	북동	37	21.9	1007.5	-	37	
2021-07-07 01:40:00	18.1	남동	134	22.03	30.48	0.44	7.6	0.54	7.0	0.9	북동	44	21.9	1007.5	-	40	
2021-07-07 01:45:00	19.2	남동	137	22.19	30.57	0.42	7.9	0.61	7.5	0.7	북동	35	21.9	1007.5	-	51	
2021-07-07 01:50:00	17.0	남동	132	22.22	30.63	0.45	7.4	0.61	8.0	1.2	북서	306	21.7	1007.5	-	48	
2021-07-07 01:55:00	17.1	남동	130	22.27	30.53	0.65	8.0	0.93	7.0	1.8	북서	316	21.2	1007.5	-	31	
2021-07-07 02:00:00	18.8	남동	133	22.21	30.53	0.54	8.0	0.75	7.5	1.7	북서	309	21.1	1007.5	-	43	
2021-07-07 02:05:00	19.9	남동	137	22.11	30.52	0.53	7.8	0.63	6.0	1.3	북서	325	21.1	1007.4	-	45	
2021-07-07 02:10:00	18.3	남동	137	22.10	30.55	0.52	8.2	0.68	8.5	1.3	북북서	335	21.1	1007.5	-	24	
2021-07-07 02:15:00	19.8	남동	143	21.93	30.57	0.42	7.2	0.63	7.0	1.5	북북서	331	21.1	1007.5	-	91	
2021-07-07 02:20:00	18.8	남동	141	21.71	30.50	0.56	7.9	0.94	8.0	2.0	북서	326	21.2	1007.6	-	27	
2021-07-07 02:25:00	19.0	남동	142	21.93	30.50	0.55	7.7	0.78	8.5	2.3	북서	306	21.1	1007.7	-	44	
2021-07-07 02:30:00	20.6	남동	139	21.93	30.43	0.53	7.5	0.70	7.0	2.1	북서	312	21.0	1007.6	-	52	
2021-07-07 02:35:00	21.0	남남동	147	21.84	30.48	0.54	7.9	0.73	8.5	1.8	북서	312	21.0	1007.6	-	39	
2021-07-07 02:40:00	-	-	-	-	-	-	-	-	-	-	-	-	-	-	-	-	
2021-07-07 02:45:00	19.7	남남동	148	21.91	30.47	0.00	0.0	0.00	0.0	1.1	북서	315	20.9	1007.6	-	36	
2021-07-07 02:50:00	22.1	남남동	154	21.94	30.36	0.42	7.2	0.57	7.5	1.5	북서	325	20.9	1007.6	-	333	
2021-07-07 02:55:00	21.9	남남동	148	22.01	30.48	0.50	7.3	0.71	7.5	1.5	북서	311	20.9	1007.6	-	56	
2021-07-07 03:00:00	21.4	남남동	154	21.90	30.49	0.41	7.0	0.65	8.0	1.3	서북서	299	20.9	1007.7	-	26	
2021-07-07 03:05:00	20.6	남남동	158	21.95	30.50	0.56	7.5	0.74	7.5	1.2	서	272	20.8	1007.7	-	41	
2021-07-07 03:10:00	23.3	남남동	149	21.66	30.42	0.53	7.0	0.69	8.0	1.6	서남서	245	20.8	1007.8	-	29	
2021-07-07 03:15:00	21.4	남남동	149	21.74	30.60	0.68	7.5	0.98	7.5	0.7	서남서	244	20.9	1007.8	-	30	
2021-07-07 03:20:00	19.6	남남동	151	21.83	30.55	0.58	7.3	0.77	8.0	0.1	남남서	205	21.0	1007.7	-	44	
2021-07-07 03:25:00	23.6	남남동	149	21.55	30.37	0.53	6.9	0.78	8.5	0.0	북	350	21.0	1007.6	-	35	
2021-07-07 03:30:00	19.2	남남동	162	21.69	30.50	0.49	7.3	0.65	7.0	0.1	북서	326	21.0	1007.6	-	33	
2021-07-07 03:35:00	23.0	남남동	153	21.61	30.42	0.57	7.6	0.71	7.0	0.2	서북서	293	21.1	1007.7	-	57	
2021-07-07 03:40:00	20.7	남남동	152	21.66	30.40	0.53	7.2	0.69	7.0	0.4	북북서	346	21.1	1007.6	-	53	
2021-07-07 03:45:00	18.8	남남동	159	21.72	30.43	0.65	7.0	0.83	6.5	0.7	북북서	339	21.1	1007.7	-	28	
2021-07-07 03:50:00	20.1	남남동	155	21.54	30.43	0.48	7.8	0.61	7.0	1.2	북북서	348	21.1	1007.6	-	38	
2021-07-07 03:55:00	22.1	남남동	156	21.30	30.36	0.52	7.5	0.63	7.5	0.7	북북서	328	21.2	1007.6	-	37	
2021-07-07 04:00:00	21.9	남남동	150	21.23	30.40	0.67	7.9	0.89	7.5	0.4	북서	309	21.3	1007.7	-	33	
2021-07-07 04:05:00	20.9	남남동	153	21.23	30.43	0.58	7.5	0.91	7.0	0.9	서북서	297	21.3	1007.7	-	52	
2021-07-07 04:10:00	19.8	남남동	154	21.34	30.43	0.56	7.5	0.66	7.0	2.1	서북서	298	21.2	1007.7	-	39	
2021-07-07 04:15:00	22.3	남남동	151	21.28	30.43	0.61	8.0	0.78	8.0	1.8	서북서	290	20.9	1007.7	-	42	
2021-07-07 04:20:00	21.9	남남동	154	21.38	30.43	0.61	7.2	0.75	6.5	1.7	서	280	20.9	1007.8	-	4	
2021-07-07 04:25:00	21.2	남남동	149	21.49	30.47	0.51	7.5	0.67	7.0	1.7	북서	305	21.0	1007.7	-	35	
2021-07-07 04:30:00	19.4	남남동	153	21.59	30.46	0.59	7.3	0.71	8.0	2.1	북서	308	21.0	1007.8	-	31	
2021-07-07 04:35:00	20.3	남남동	150	21.69	30.42	0.60	7.6	0.74	8.0	2.0	서북서	302	21.0	1007.8	-	28	
2021-07-07 04:40:00	18.2	남남동	161	21.94	30.58	0.54	7.5	0.75	7.0	2.0	서북서	299	21.1	1007.9	-	37	
2021-07-07 04:45:00	18.4	남	172	22.10	30.60	0.58	7.5	0.82	8.0	1.3	북서	309	21.1	1007.9	-	39	
2021-07-07 04:50:00	19.8	남	173	22.01	30.59	0.58	7.5	0.65	7.5	1.5	북북서	336	21.1	1007.8	-	31	
2021-07-07 04:55:00	20.7	남남동	147	21.58	30.48	0.51	7.1	0.77	6.5	2.0	북서	326	21.1	1007.9	-	31	
2021-07-07 05:00:00	19.2	남남동	148	21.65	30.32	0.60	7.3	1.02	6.5	2.1	북북서	332	21.3	1007.8	-	15	
2021-07-07 05:05:00	19.9	남남동	157	21.66	30.41	0.54	7.5	0.73	7.0	2.6	북서	326	21.3	1007.8	-	47	
2021-07-07 05:10:00	18.8	남남동	149	21.86	30.51	0.78	7.5	0.96	7.5	2.5	북서	317	21.3	1007.9	-	40	
2021-07-07 05:15:00	19.3	남동	142	21.79	30.50	0.44	7.2	0.60	6.5	2.5	북서	316	21.3	1007.9	-	29	
2021-07-07 05:20:00	19.0	남동	144	21.83	30.36	0.51	6.9	0.63	7.0	2.5	북서	310	21.2	1007.9	-	309	
2021-07-07 05:25:00	17.6	남동	137	21.84	30.43	0.57	6.9	0.75	7.0	2.6	북서	304	21.1	1007.9	-	27	
2021-07-07 05:30:00	15.7	남동	146	21.97	30.52	0.64	7.3	0.84	7.0	2.9	서북서	301	21.1	1008.0	-	47	
2021-07-07 05:35:00	17.5	남남동	146	21.87	30.33	0.63	7.0	0.87	7.0	2.6	북서	312	21.1	1008.0	-	45	
2021-07-07 05:40:00	14.6	남남동	155	22.03	30.29	0.74	7.2	0.98	7.0	2.7	북서	321	21.2	1008.1	-	48	
2021-07-07 05:45:00	18.5	남동	132	21.73	30.53	0.57	7.5	0.76	7.5	2.6	서북서	303	21.3	1008.2	-	36	
2021-07-07 05:50:00	15.3	남동	143	21.64	30.34	0.57	6.7	0.83	7.5	2.3	서북서	295	21.2	1008.2	-	31	
2021-07-07 05:55:00	17.1	남동	138	21.47	30.24	0.47	6.9	0.69	7.0	2.2	서북서	286	21.2	1008.2	-	39	
2021-07-07 06:00:00	15.3	남동	140	21.64	30.40	0.59	7.1	0.86	7.0	2.2	서북서	292	21.2	1008.3	-	22	
2021-07-07 06:05:00	14.8	남동	140	21.43	30.39	0.61	7.1	0.97	6.5	2.4	서북서	297	21.3	1008.2	-	27	
2021-07-07 06:10:00	19.7	남동	140	21.48	30.41	0.59	7.3	0.84	7.0	2.5	서북서	303	21.3	1008.2	-	39	
2021-07-07 06:15:00	18.0	남동	135	21.58	30.37	0.59	7.2	0.72	7.5	2.5	북서	305	21.4	1008.2	-	26	
2021-07-07 06:20:00	16.9	남동	131	21.41	30.42	0.57	7.3	0.78	7.0	2.3	서북서	295	21.4	1008.2	-	47	
2021-07-07 06:25:00	16.6	남동	142	21.85	30.48	0.63	7.0	0.87	7.5	2.0	서북서	291	21.5	1008.2	-	41	
2021-07-07 06:30:00	16.5	남동	145	21.90	30.43	0.56	7.1	0.75	6.5	1.9	서북서	288	21.6	1008.3	-	38	
2021-07-07 06:35:00	21.3	남동	124	21.56	30.36	0.51	6.8	0.75	6.5	1.8	서북서	287	21.6	1008.3	-	28	
2021-07-07 06:40:00	16.5	남동	136	21.49	30.34	0.61	7.0	1.01	7.0	1.5	서북서	294	21.6	1008.4	-	28	
2021-07-07 06:45:00	15.7	남동	143	21.50	30.41	0.55	6.7	0.74	7.5	1.4	서북서	289	21.7	1008.4	-	49	
2021-07-07 06:50:00	18.8	남동	142	21.30	30.29	0.62	6.8	0.86	6.5	1.5	서북서	289	21.8	1008.5	-	24	
2021-07-07 06:55:00	22.0	남동	132	21.38	30.38	0.53	7.3	0.89	7.0	1.8	서북서	288	21.9	1008.5	-	30	
2021-07-07 07:00:00	20.9	남동	136	21.27	30.50	0.47	7.4	0.70	7.0	1.6	서	278	21.9	1008.6	-	53	
2021-07-07 07:05:00	21.4	남동	136	20.86	30.39	0.52	7.1	0.76	7.0	1.3	서북서	294	22.0	1008.6	-	37	
2021-07-07 07:10:00	18.4	남남동	156	21.05	30.46	0.62	7.0	0.73	6.0	1.2	서북서	294	22.1	1008.6	-	31	
2021-07-07 07:15:00	19.6	남남동	159	21.62	30.50	0.68	7.1	0.92	7.0	0.9	서북서	283	22.2	1008.6	-	42	
2021-07-07 07:20:00	20.0	남동	138	20.85	30.28	0.48	6.6	0.65	6.0	0.9	서북서	289	22.3	1008.6	-	26	
2021-07-07 07:25:00	20.7	남남동	147	20.84	30.27	0.53	6.5	0.74	7.0	0.9	북서	309	22.2	1008.6	-	31	
2021-07-07 07:30:00	20.9	남동	140	20.74	30.38	0.49	6.4	0.85	7.0	0.9	북서	308	22.2	1008.6	-	52	
2021-07-07 07:35:00	21.1	남동	138	20.63	30.45	0.49	7.1	0.71	7.0	0.7	북서	309	22.3	1008.7	-	40	
2021-07-07 07:40:00	20.1	남동	141	20.62	30.35	0.53	7.4	0.81	7.5	0.7	북서	321	22.3	1008.7	-	49	
2021-07-07 07:45:00	19.6	남남동	155	20.69	30.46	0.67	7.3	1.00	7.0	0.6	북북서	335	22.4	1008.7	-	35	
2021-07-07 07:50:00	18.6	남	170	21.55	30.38	0.48	6.4	0.70	7.0	0.7	북북서	339	22.4	1008.7	-	11	
2021-07-07 07:55:00	20.5	남남동	152	21.65	30.11	0.59	7.2	0.87	6.5	0.6	북북서	344	22.4	1008.6	-	41	
2021-07-07 08:00:00	20.1	남동	144	21.85	30.38	0.54	6.4	0.71	7.0	0.7	북북서	347	22.5	1008.6	-	31	
2021-07-07 08:05:00	20.0	남남동	151	21.67	30.21	0.58	6.6	0.72	6.5	0.5	북	349	22.4	1008.6	-	44	
2021-07-07 08:10:00	18.5	남남동	153	21.48	30.10	0.63	7.2	0.79	7.0	0.3	북서	321	22.5	1008.6	-	42	
2021-07-07 08:15:00	20.3	남남동	164	21.57	30.17	0.52	6.8	0.69	7.0	0.3	북	352	22.6	1008.7	-	27	
2021-07-07 08:20:00	21.6	남남동	154	21.74	30.35	0.52	7.0	0.80	6.5	0.5	북	5	22.7	1008.7	-	23	
2021-07-07 08:25:00	25.3	남남동	151	21.74	30.26	0.47	7.0	0.57	6.5	0.9	북	359	22.7	1008.7	-	45	
2021-07-07 08:30:00	21.7	남남동	159	21.67	30.38	0.51	6.9	0.63	6.5	0.7	북	0	22.5	1008.8	-	39	
2021-07-07 08:35:00	25.3	남남동	167	21.74	30.27	0.62	7.0	1.05	7.0	0.2	북	359	22.8	1008.8	-	32	
2021-07-07 08:40:00	25.8	남	170	21.82	30.12	0.50	6.8	0.70	7.0	1.1	북	350	22.7	1008.9	-	58	
2021-07-07 08:45:00	23.9	남	170	21.74	30.33	0.48	6.6	0.64	7.0	0.5	북북서	335	22.5	1008.9	-	40	
2021-07-07 08:50:00	22.5	남남동	168	21.50	30.50	0.43	6.3	0.58	6.5	1.1	북북서	346	22.6	1008.9	-	41	
2021-07-07 08:55:00	20.8	남남동	164	21.59	30.28	0.57	6.6	0.74	7.0	1.7	북북서	348	22.5	1009.0	-	37	
2021-07-07 09:00:00	21.2	남남동	160	21.63	30.31	0.55	7.0	0.67	6.0	1.2	북	4	22.5	1008.9	-	43	
2021-07-07 09:05:00	22.3	남남동	156	21.94	30.35	0.48	7.0	0.56	7.0	1.0	북	6	22.6	1008.8	-	43	
2021-07-07 09:10:00	20.0	남남동	153	21.53	30.44	0.43	6.9	0.61	5.5	0.4	북북서	348	22.7	1008.8	-	56	
2021-07-07 09:15:00	19.7	남남동	165	21.83	30.36	0.72	6.7	0.91	7.0	0.7	북	2	22.9	1008.8	-	49	
2021-07-07 09:20:00	19.7	남남동	166	21.60	30.50	0.46	6.4	0.72	7.0	1.0	북	11	22.8	1008.8	-	38	
2021-07-07 09:25:00	21.7	남동	145	21.59	30.46	0.55	6.4	0.97	5.5	0.7	북북동	12	22.7	1008.9	-	41	
2021-07-07 09:30:00	23.2	남남동	153	21.78	30.49	0.61	6.5	0.83	6.5	0.8	북북동	14	22.8	1008.9	-	34	
2021-07-07 09:35:00	22.3	남남동	165	21.82	30.46	0.54	6.6	0.80	6.5	1.0	북북동	21	22.8	1008.9	-	45	
2021-07-07 09:40:00	20.4	남남동	150	21.70	30.38	0.49	6.6	0.70	7.0	1.3	북동	34	22.7	1008.9	-	53	
2021-07-07 09:45:00	20.8	남동	145	21.67	30.50	0.56	6.7	0.71	6.5	1.2	북동	45	22.5	1008.8	-	36	
2021-07-07 09:50:00	23.6	남남동	161	21.91	30.38	0.49	6.9	0.82	6.0	1.2	북동	41	22.6	1008.9	-	26	
2021-07-07 09:55:00	20.6	남남동	162	21.88	30.35	0.52	6.6	0.70	5.5	1.1	동북동	63	22.8	1008.9	-	36	
2021-07-07 10:00:00	25.6	남남동	159	21.94	30.30	0.48	6.0	0.62	6.5	0.8	동북동	78	22.9	1008.9	-	60	
2021-07-07 10:05:00	29.4	남	172	22.26	30.23	0.47	7.1	0.59	6.5	0.5	동북동	67	23.3	1008.8	-	35	
2021-07-07 10:10:00	26.7	남	170	22.18	30.28	0.50	6.3	0.84	6.0	0.7	동북동	72	23.3	1008.9	-	41	
2021-07-07 10:15:00	26.7	남남동	164	22.14	30.34	0.49	6.6	0.79	6.0	0.6	동북동	57	23.3	1009.0	-	50	
2021-07-07 10:20:00	27.4	남남동	161	22.10	30.38	0.60	6.6	0.84	7.5	1.0	북동	41	23.2	1009.1	-	33	
2021-07-07 10:25:00	26.7	남남동	166	22.06	30.37	0.48	6.2	1.08	7.0	0.7	북동	50	23.3	1009.1	-	38	
2021-07-07 10:30:00	24.4	남남동	159	22.07	30.44	0.51	6.7	0.74	7.5	0.8	북동	54	23.3	1009.0	-	41	
2021-07-07 10:35:00	24.8	남남동	160	22.07	30.43	0.48	6.2	0.72	6.5	1.0	북동	50	23.3	1008.9	-	24	
2021-07-07 10:40:00	27.3	남남동	156	22.08	30.44	0.53	6.9	0.72	8.5	0.8	동북동	57	23.3	1008.9	-	53	
2021-07-07 10:45:00	24.0	남남동	151	22.09	30.48	0.56	6.2	0.85	6.5	0.8	북동	48	23.4	1009.0	-	51	
2021-07-07 10:50:00	24.0	남남동	154	22.05	30.29	0.58	6.2	0.67	7.0	0.9	북북동	30	23.3	1009.1	-	51	
2021-07-07 10:55:00	25.2	남남동	151	22.02	30.44	0.56	6.4	0.74	7.0	0.9	북동	37	23.4	1009.1	-	50	
2021-07-07 11:00:00	25.1	남남동	149	22.02	30.39	0.64	6.2	0.89	7.5	0.9	북동	39	23.5	1009.1	-	46	
2021-07-07 11:05:00	25.0	남동	146	22.04	30.49	0.48	6.5	0.76	6.5	1.2	북동	51	23.5	1009.1	-	37	
2021-07-07 11:10:00	24.9	남동	143	22.03	30.41	0.48	6.2	0.63	5.5	1.3	북동	51	23.5	1009.1	-	61	
2021-07-07 11:15:00	26.1	남동	141	22.04	30.38	0.56	6.2	0.93	7.0	1.1	동북동	65	23.6	1009.2	-	29	
2021-07-07 11:20:00	24.7	남동	139	22.07	30.46	0.61	6.4	0.88	6.5	1.6	북동	52	23.6	1009.2	-	35	
2021-07-07 11:25:00	25.1	남동	139	22.06	30.41	0.60	6.6	0.80	6.5	1.9	동북동	63	23.6	1009.1	-	45	
2021-07-07 11:30:00	27.0	남동	139	22.04	30.39	0.67	7.0	0.87	6.0	2.2	동북동	62	23.6	1009.0	-	34	
2021-07-07 11:35:00	27.2	남남동	149	22.03	30.36	0.62	7.4	1.03	6.5	2.1	동북동	66	23.6	1008.9	-	33	
2021-07-07 11:40:00	27.9	남남동	147	22.09	30.27	0.54	6.3	0.96	6.5	2.5	동북동	66	23.7	1008.9	-	50	
2021-07-07 11:45:00	26.3	남동	145	22.06	30.35	0.52	6.2	0.90	7.0	2.4	동	80	23.7	1008.9	-	20	
2021-07-07 11:50:00	27.4	남동	142	22.07	30.27	0.52	6.4	0.70	7.5	2.5	동북동	76	23.7	1008.8	-	27	
2021-07-07 11:55:00	25.5	남동	144	22.02	30.33	0.59	6.9	1.00	7.5	2.3	동북동	77	23.7	1008.8	-	34	
2021-07-07 12:00:00	26.6	남남동	148	22.05	30.23	0.52	6.8	0.79	7.0	2.4	동북동	74	23.7	1008.7	-	55	
2021-07-07 12:05:00	28.3	남동	143	22.20	30.15	0.55	6.1	0.68	6.5	2.5	동북동	68	23.7	1008.6	-	38	
2021-07-07 12:10:00	30.8	남남동	149	22.26	30.27	0.38	5.9	0.55	6.0	2.6	동북동	76	23.7	1008.6	-	77	
2021-07-07 12:15:00	33.3	남남동	154	22.45	30.09	0.54	6.0	0.80	6.5	2.1	동	83	23.6	1008.7	-	17	
2021-07-07 12:20:00	31.8	남남동	151	22.37	30.11	0.45	6.2	0.66	6.5	1.9	동	89	23.7	1008.7	-	50	
2021-07-07 12:25:00	31.8	남남동	154	22.38	30.09	0.48	6.2	0.71	6.0	2.1	동	86	23.7	1008.7	-	49	
2021-07-07 12:30:00	33.8	남남동	156	22.43	30.08	0.39	6.3	0.53	7.0	2.2	동	85	23.7	1008.7	-	39	
2021-07-07 12:35:00	33.2	남남동	158	22.39	30.04	0.55	6.8	0.85	6.5	2.0	동	88	23.7	1008.7	-	22	
2021-07-07 12:40:00	33.2	남남동	163	22.41	29.97	0.48	6.1	0.66	6.5	2.2	동	87	23.7	1008.7	-	36	
2021-07-07 12:45:00	32.8	남남동	162	22.44	30.01	0.44	6.5	0.64	6.5	2.2	동	82	23.6	1008.7	-	55	
2021-07-07 12:50:00	31.6	남남동	159	22.38	29.98	0.51	6.8	0.77	6.0	2.1	동	85	23.6	1008.7	-	62	
2021-07-07 12:55:00	30.8	남남동	161	22.37	30.01	0.47	7.1	0.64	7.0	2.3	동	79	23.6	1008.7	-	49	
2021-07-07 13:00:00	31.6	남남동	159	22.34	30.00	0.40	6.0	0.57	6.0	2.3	동	79	23.6	1008.6	-	357	
2021-07-07 13:05:00	31.5	남남동	163	22.29	30.00	0.48	6.3	0.55	7.5	2.6	동북동	78	23.5	1008.5	-	24	
2021-07-07 13:10:00	30.4	남남동	160	22.28	30.00	0.57	6.8	0.88	6.5	2.6	동	79	23.5	1008.5	-	39	
2021-07-07 13:15:00	31.8	남남동	161	22.24	30.00	0.53	7.2	0.75	7.5	3.0	동북동	78	23.5	1008.4	-	52	
2021-07-07 13:20:00	31.9	남남동	161	22.25	29.86	0.39	6.3	0.50	6.5	2.6	동	79	23.5	1008.4	-	50	
2021-07-07 13:25:00	31.5	남남동	166	22.19	30.03	0.53	6.2	0.66	6.0	2.3	동	82	23.5	1008.3	-	60	
2021-07-07 13:30:00	31.8	남남동	164	22.20	29.92	0.50	6.6	0.68	6.0	2.4	동	82	23.5	1008.2	-	27	
2021-07-07 13:35:00	31.7	남남동	164	22.18	29.98	0.47	6.6	0.75	6.0	2.7	동	85	23.5	1008.1	-	33	
2021-07-07 13:40:00	32.6	남남동	164	22.20	29.94	0.58	6.3	0.86	6.5	2.6	동	90	23.5	1008.0	-	48	
2021-07-07 13:45:00	29.6	남남동	165	22.20	29.93	0.55	6.7	0.79	5.5	2.5	동남동	102	23.6	1008.1	-	45	
2021-07-07 13:50:00	29.4	남남동	166	22.18	29.90	0.44	6.8	0.52	7.5	2.4	동남동	106	23.6	1008.0	-	41	
2021-07-07 13:55:00	30.5	남남동	164	22.17	29.94	0.51	6.6	0.65	6.0	2.3	동남동	111	23.6	1008.0	-	52	
2021-07-07 14:00:00	30.9	남남동	162	22.16	29.87	0.53	7.1	0.87	6.0	2.0	동남동	117	23.7	1008.0	-	46	
2021-07-07 14:05:00	30.2	남남동	168	22.17	29.94	0.51	6.3	0.78	6.5	2.2	동남동	118	23.7	1008.0	-	42	
2021-07-07 14:10:00	29.7	남남동	166	22.16	29.91	0.50	6.2	0.67	6.0	2.2	동남동	104	23.7	1007.9	-	51	
2021-07-07 14:15:00	26.9	남남동	165	22.16	29.87	0.52	6.7	0.66	6.5	2.1	동남동	106	23.8	1007.8	-	56	
2021-07-07 14:20:00	28.7	남남동	165	22.14	29.95	0.46	6.3	0.61	7.5	2.4	동남동	103	23.8	1007.7	-	44	
2021-07-07 14:25:00	28.4	남남동	166	22.13	29.96	0.52	5.9	0.84	6.5	2.4	동남동	105	23.8	1007.7	-	53	
2021-07-07 14:30:00	28.9	남남동	160	22.10	29.97	0.53	6.4	0.84	5.5	2.4	동남동	107	23.8	1007.7	-	51	
2021-07-07 14:35:00	26.7	남남동	162	22.10	29.88	0.51	6.1	0.72	6.0	2.2	동남동	111	23.7	1007.7	-	47	
2021-07-07 14:40:00	26.4	남남동	164	22.10	29.99	0.51	6.4	0.76	6.5	2.2	동남동	114	23.7	1007.6	-	44	
2021-07-07 14:45:00	26.9	남남동	161	22.11	30.00	0.47	6.4	0.59	7.0	2.2	동남동	110	23.8	1007.5	-	55	
2021-07-07 14:50:00	24.6	남남동	157	22.11	29.99	0.57	6.5	0.83	6.5	2.2	동남동	105	23.6	1007.5	-	79	
2021-07-07 14:55:00	25.5	남남동	155	22.09	30.00	0.48	6.0	0.65	5.5	2.2	동	96	23.5	1007.4	-	54	
2021-07-07 15:00:00	23.9	남남동	167	22.08	29.98	0.45	6.7	0.72	5.5	2.1	동	100	23.5	1007.4	-	50	
2021-07-07 15:05:00	23.5	남남동	168	22.08	29.98	0.60	5.7	0.91	7.0	1.9	동남동	116	23.6	1007.5	-	87	
2021-07-07 15:10:00	23.4	남남동	159	22.08	29.86	0.61	6.3	0.76	6.0	1.7	남동	130	23.6	1007.5	-	76	
2021-07-07 15:15:00	23.8	남남동	167	22.12	29.84	0.60	6.5	1.07	6.0	1.5	남동	135	23.6	1007.4	-	60	
2021-07-07 15:20:00	23.7	남남동	166	22.22	29.75	0.58	6.3	0.76	6.5	1.3	동남동	111	23.5	1007.4	-	50	
2021-07-07 15:25:00	23.8	남	170	22.41	29.70	0.49	6.5	0.59	6.5	1.0	동남동	104	23.5	1007.5	-	61	
2021-07-07 15:30:00	25.1	남남동	169	22.28	29.78	0.57	6.9	0.75	6.0	1.2	동남동	109	23.5	1007.4	-	51	
2021-07-07 15:35:00	25.9	남	171	22.43	29.77	0.52	6.7	0.76	6.5	1.2	동	94	23.5	1007.3	-	55	
2021-07-07 15:40:00	25.6	남	172	22.36	29.76	0.50	6.5	0.70	5.5	1.2	동	83	23.5	1007.3	-	61	
2021-07-07 15:45:00	24.6	남	170	22.46	29.68	0.45	6.8	0.64	6.5	1.1	동북동	78	23.5	1007.3	-	50	
2021-07-07 15:50:00	23.8	남남동	169	22.43	29.79	0.54	6.1	0.73	5.5	1.1	동	84	23.5	1007.3	-	47	
2021-07-07 15:55:00	25.3	남남동	167	22.42	29.69	0.50	6.3	0.65	5.0	1.1	동	93	23.4	1007.2	-	31	
2021-07-07 16:00:00	22.4	남	180	22.75	29.79	0.52	6.5	0.66	7.0	0.9	동	86	23.5	1007.2	-	58	
2021-07-07 16:05:00	23.9	남남서	193	23.03	29.65	0.44	6.2	0.65	7.0	1.3	동북동	62	23.4	1007.2	-	43	
2021-07-07 16:10:00	32.0	남서	218	23.39	29.74	0.46	6.9	0.56	7.0	1.2	동북동	67	23.4	1007.1	-	34	
2021-07-07 16:15:00	27.9	남남서	208	23.06	29.66	0.50	6.7	0.72	6.5	1.2	동북동	64	23.4	1007.1	-	61	
2021-07-07 16:20:00	23.5	남	187	22.90	29.81	0.48	6.3	0.65	6.5	1.3	동북동	75	23.5	1007.0	-	69	
2021-07-07 16:25:00	22.6	남남서	203	22.78	29.54	0.49	6.6	0.68	7.0	1.2	동	90	23.4	1007.0	-	36	
2021-07-07 16:30:00	28.4	남서	218	23.13	29.63	0.44	6.4	0.59	6.5	1.3	동	82	23.4	1007.0	-	75	
2021-07-07 16:35:00	29.5	남서	229	23.38	29.82	0.47	6.3	0.65	7.0	1.7	동	100	23.4	1006.9	-	39	
2021-07-07 16:40:00	27.2	남서	228	23.21	29.73	0.48	6.5	0.60	5.5	1.9	동남동	109	23.4	1006.9	-	43	
2021-07-07 16:45:00	24.8	남서	217	22.90	29.63	0.50	6.4	0.74	6.0	2.0	동남동	114	23.3	1006.9	-	71	
2021-07-07 16:50:00	21.0	남	190	22.58	29.76	0.56	6.4	0.85	6.0	2.4	동남동	113	23.3	1006.9	-	33	
2021-07-07 16:55:00	23.4	남남서	205	22.51	29.73	0.43	5.9	0.82	6.0	2.4	동남동	110	23.3	1006.8	-	57	
2021-07-07 17:00:00	20.1	남남서	199	22.44	29.90	0.47	6.1	0.74	5.0	2.3	동남동	105	23.2	1006.7	-	29	
2021-07-07 17:05:00	20.2	남남서	204	22.76	29.75	0.48	6.5	0.61	5.0	2.1	동남동	104	23.2	1006.8	-	49	
2021-07-07 17:10:00	21.8	남남서	201	22.61	29.76	0.46	6.1	0.60	6.0	2.0	동남동	105	23.2	1006.7	-	59	
2021-07-07 17:15:00	19.0	남남서	204	22.64	29.70	0.43	6.9	0.59	7.0	2.5	동남동	102	23.2	1006.5	-	50	
2021-07-07 17:20:00	19.4	남	189	22.38	29.70	0.42	6.3	0.59	5.0	3.1	동남동	112	23.1	1006.4	-	52	
2021-07-07 17:25:00	15.4	남남서	205	22.68	29.86	0.45	6.3	0.56	6.5	3.2	동남동	118	23.1	1006.6	-	64	
2021-07-07 17:30:00	15.9	남남서	195	22.41	29.78	0.39	5.8	0.49	5.0	3.6	동남동	123	23.0	1006.6	-	52	
2021-07-07 17:35:00	13.8	남	185	22.46	29.89	0.44	6.4	0.52	7.0	4.3	남동	138	22.9	1006.7	-	47	
2021-07-07 17:40:00	13.7	남	178	22.41	29.86	0.57	7.0	0.85	6.5	5.0	남동	143	22.9	1006.8	-	38	
2021-07-07 17:45:00	11.4	남	174	22.54	29.93	0.43	5.5	0.58	5.5	5.2	남동	142	22.9	1006.7	-	58	
2021-07-07 17:50:00	11.2	남남서	209	22.96	29.81	0.46	5.9	0.64	5.5	5.6	남동	136	22.9	1006.5	-	44	
2021-07-07 17:55:00	9.1	남남서	193	22.98	29.79	0.53	6.6	0.73	6.0	6.0	남동	134	23.0	1006.4	-	56	
2021-07-07 18:00:00	8.1	남남서	202	23.00	29.77	0.50	6.5	0.69	7.0	5.9	남동	135	23.0	1006.4	-	59	
2021-07-07 18:05:00	14.0	남남동	154	22.85	29.75	0.56	6.2	0.71	7.0	5.8	남동	131	23.0	1006.3	-	45	
2021-07-07 18:10:00	15.6	남동	143	22.53	29.82	0.51	6.6	0.69	6.5	6.0	남동	131	22.9	1006.3	-	31	
2021-07-07 18:15:00	14.2	남남동	148	22.56	29.82	0.48	5.8	0.63	5.5	6.1	남동	135	22.8	1006.3	-	30	
2021-07-07 18:20:00	12.3	남동	145	22.54	29.85	0.47	5.8	0.60	6.5	6.1	남동	140	22.8	1006.4	-	51	
2021-07-07 18:25:00	16.3	남동	136	22.55	29.71	0.49	5.8	0.70	7.0	6.4	남동	139	22.8	1006.4	-	71	
2021-07-07 18:30:00	17.2	남동	138	22.41	29.78	0.45	4.9	0.72	5.0	6.7	남동	141	22.7	1006.3	-	61	
2021-07-07 18:35:00	17.0	남동	139	22.41	29.78	0.64	6.3	0.96	7.0	6.7	남동	138	22.7	1006.3	-	61	
2021-07-07 18:40:00	16.3	남동	140	22.31	29.83	0.50	5.3	0.67	7.5	6.6	남동	136	22.7	1006.2	-	53	
2021-07-07 18:45:00	18.6	남남동	148	22.21	29.81	0.57	6.1	0.71	5.5	6.4	남동	138	22.7	1006.3	-	41	
2021-07-07 18:50:00	16.7	남동	146	22.22	29.85	0.61	5.9	0.80	7.0	6.8	남동	143	22.6	1006.4	-	48	
2021-07-07 18:55:00	15.8	남동	142	22.35	29.77	0.59	6.4	0.88	6.0	6.7	남동	141	22.6	1006.4	-	54	
2021-07-07 19:00:00	16.8	남남동	149	22.33	29.77	0.52	6.5	0.71	6.0	7.2	남동	139	22.6	1006.3	-	50	
2021-07-07 19:05:00	16.4	남동	141	22.34	29.82	0.52	6.0	0.62	6.5	7.3	남동	140	22.5	1006.3	-	48	
2021-07-07 19:10:00	15.8	남남동	148	22.36	29.77	0.64	6.6	0.79	6.0	6.8	남동	136	22.5	1006.3	-	69	
2021-07-07 19:15:00	15.7	남동	134	22.39	29.75	0.55	5.9	0.68	7.0	6.7	남동	138	22.5	1006.4	-	28	
2021-07-07 19:20:00	15.6	남동	143	22.34	29.83	0.52	5.6	0.73	6.0	6.1	남동	133	22.5	1006.4	-	62	
2021-07-07 19:25:00	12.4	남동	133	22.37	29.74	0.46	5.3	0.62	6.5	6.2	남동	131	22.4	1006.4	-	57	
2021-07-07 19:30:00	14.2	남동	132	22.38	29.75	0.56	5.7	0.82	6.5	6.3	남동	128	22.5	1006.4	-	23	
2021-07-07 19:35:00	16.1	남동	129	22.41	29.75	0.54	5.4	0.66	4.0	5.8	남동	129	22.4	1006.5	-	42	
2021-07-07 19:40:00	14.4	남동	126	22.43	29.72	0.54	5.1	1.00	6.5	5.6	남동	134	22.5	1006.5	-	29	
2021-07-07 19:45:00	16.6	동남동	120	22.43	29.68	0.54	5.1	0.78	7.5	5.4	남동	137	22.4	1006.5	-	14	
2021-07-07 19:50:00	20.1	동남동	115	22.47	29.71	0.51	4.9	0.73	3.5	5.0	남동	139	22.4	1006.5	-	76	
2021-07-07 19:55:00	14.7	동남동	103	22.73	29.57	0.50	4.2	0.88	4.0	5.2	남동	132	22.4	1006.4	-	105	
2021-07-07 20:00:00	17.3	동남동	106	22.72	29.60	0.51	4.8	0.72	3.0	5.8	남동	130	22.4	1006.3	-	47	
2021-07-07 20:05:00	14.8	동	92	22.92	29.51	0.54	5.2	0.81	4.0	5.5	남동	126	22.4	1006.3	-	46	
2021-07-07 20:10:00	14.9	동	95	23.01	29.45	0.53	5.1	0.88	5.0	5.0	남동	133	22.4	1006.3	-	38	
2021-07-07 20:15:00	15.2	동남동	108	22.92	29.54	0.56	5.0	0.82	5.5	5.0	남동	134	22.4	1006.3	-	68	
2021-07-07 20:20:00	15.9	동	101	22.92	29.44	0.54	5.8	0.79	6.0	5.0	남동	137	22.4	1006.2	-	49	
2021-07-07 20:25:00	20.0	동	94	22.91	29.55	0.52	5.8	0.66	3.5	5.5	남동	136	22.5	1006.2	-	51	
2021-07-07 20:30:00	19.8	동남동	102	22.79	29.57	0.53	5.5	0.82	6.5	5.5	남동	135	22.5	1006.1	-	51	
2021-07-07 20:35:00	18.2	동남동	109	22.83	29.58	0.49	4.8	0.79	5.5	5.5	남동	133	22.4	1006.2	-	47	
2021-07-07 20:40:00	19.0	동남동	109	22.77	29.50	0.50	5.6	0.76	5.0	5.4	남동	138	22.3	1006.2	-	24	
2021-07-07 20:45:00	18.4	동남동	106	22.83	29.58	0.46	4.9	0.69	5.5	5.4	남동	135	22.4	1006.1	-	73	
2021-07-07 20:50:00	21.8	동남동	113	22.70	29.66	0.51	5.0	0.77	6.5	5.4	남동	131	22.4	1006.2	-	51	
2021-07-07 20:55:00	22.1	동남동	116	22.81	29.61	0.47	4.5	0.65	3.5	4.7	남동	144	22.4	1006.4	-	37	
2021-07-07 21:00:00	21.6	동남동	112	22.98	29.49	0.51	5.2	0.75	3.5	4.1	남동	146	22.5	1006.6	-	66	
2021-07-07 21:05:00	21.1	동남동	107	23.03	29.47	0.47	4.7	0.66	4.5	4.0	남동	141	22.5	1006.8	-	44	
2021-07-07 21:10:00	20.3	동	99	23.00	29.46	0.47	4.6	0.64	4.5	3.9	남동	145	22.5	1007.0	-	51	
2021-07-07 21:15:00	20.0	동남동	111	22.94	29.51	0.48	5.7	0.62	3.5	4.4	남동	143	22.5	1007.1	-	45	
2021-07-07 21:20:00	24.0	동남동	109	22.86	29.48	0.47	5.2	0.60	4.5	4.8	남동	138	22.5	1007.0	-	60	
2021-07-07 21:25:00	17.7	동남동	112	22.74	29.71	0.48	5.0	0.70	6.5	5.6	남동	135	22.4	1006.9	-	61	
2021-07-07 21:30:00	19.9	동남동	111	22.77	29.70	0.44	4.2	0.77	4.5	5.2	남동	137	22.4	1006.9	-	56	
2021-07-07 21:35:00	22.4	동남동	116	22.81	29.71	0.55	5.3	0.75	7.0	5.0	남동	138	22.4	1007.0	-	47	
2021-07-07 21:40:00	21.7	동남동	108	22.87	29.68	0.50	5.8	0.80	7.0	5.1	남동	132	22.4	1007.0	-	45	
2021-07-07 21:45:00	21.8	동남동	104	22.92	29.68	0.45	5.1	0.59	5.5	4.8	남동	130	22.4	1007.0	-	71	
2021-07-07 21:50:00	23.0	동남동	107	22.97	29.68	0.47	5.0	0.70	7.0	4.5	남동	135	22.3	1007.0	-	53	
2021-07-07 21:55:00	21.9	동남동	104	22.95	29.68	0.43	4.5	0.71	7.0	4.3	남동	130	22.3	1007.0	-	34	
2021-07-07 22:00:00	21.2	동남동	102	23.03	29.64	0.50	5.4	0.66	6.0	4.0	남동	144	22.3	1007.0	-	49	
2021-07-07 22:05:00	21.2	동	97	23.06	29.63	0.41	5.0	0.56	6.0	4.0	남동	146	22.3	1006.9	-	38	
2021-07-07 22:10:00	18.2	동	94	23.10	29.63	0.44	5.7	0.76	6.5	3.8	남동	145	22.3	1006.8	-	65	
2021-07-07 22:15:00	21.4	동	90	23.12	29.64	0.44	5.1	0.59	7.0	3.6	남남동	151	22.4	1006.8	-	42	
2021-07-07 22:20:00	20.8	동	89	23.15	29.63	0.52	5.7	0.66	6.0	4.3	남동	144	22.4	1006.7	-	40	
2021-07-07 22:25:00	20.6	동	98	23.17	29.66	0.49	6.1	0.80	6.5	4.3	남남동	151	22.4	1006.8	-	59	
2021-07-07 22:30:00	22.2	동	94	23.20	29.62	0.45	4.5	0.63	6.5	4.3	남남동	150	22.3	1006.8	-	34	
2021-07-07 22:35:00	20.8	동	97	23.05	29.63	0.43	5.1	0.69	6.0	4.3	남남동	150	22.4	1006.7	-	43	
2021-07-07 22:40:00	19.9	동	100	22.92	29.63	0.40	5.5	0.48	6.5	3.8	남남동	153	22.3	1006.8	-	2	
2021-07-07 22:45:00	17.3	동남동	106	22.68	29.73	0.44	6.0	0.58	6.0	3.2	남동	146	22.4	1006.8	-	35	
2021-07-07 22:50:00	20.6	동남동	109	22.73	29.73	0.42	4.9	0.64	4.0	3.5	남남동	155	22.3	1006.8	-	71	
2021-07-07 22:55:00	20.2	동남동	110	22.64	29.82	0.41	5.6	0.73	5.5	3.0	남남동	153	22.3	1006.9	-	55	
2021-07-07 23:00:00	17.3	동남동	107	22.54	29.77	0.41	6.1	0.56	7.0	2.4	남동	144	22.4	1006.9	-	43	
2021-07-07 23:05:00	19.2	동남동	108	22.53	29.80	0.44	6.8	0.59	8.0	2.5	남동	140	22.4	1006.9	-	38	
2021-07-07 23:10:00	19.5	동남동	111	22.55	29.81	0.48	6.5	0.71	6.5	3.2	남동	136	22.4	1006.8	-	40	
2021-07-07 23:15:00	19.1	동남동	115	22.44	29.69	0.56	6.7	0.85	6.5	3.1	남동	142	22.4	1006.8	-	21	
2021-07-07 23:20:00	18.0	동남동	116	22.38	29.78	0.42	5.7	0.63	4.5	3.0	남동	142	22.5	1006.7	-	43	
2021-07-07 23:25:00	18.8	동남동	116	22.25	29.87	0.47	6.5	0.68	6.5	3.1	남동	134	22.5	1006.6	-	38	
2021-07-07 23:30:00	19.5	동남동	114	22.18	29.88	0.40	5.4	0.50	4.5	4.0	남동	134	22.5	1006.6	-	63	
2021-07-07 23:35:00	20.6	동남동	120	22.13	29.89	0.38	5.6	0.51	5.5	4.4	남동	135	22.4	1006.6	-	35	
2021-07-07 23:40:00	21.6	동남동	120	22.11	29.95	0.38	5.6	0.56	4.0	4.6	남동	136	22.4	1006.5	-	37	
2021-07-07 23:45:00	23.0	동남동	121	22.02	29.96	0.43	5.7	0.64	7.0	5.1	남동	139	22.4	1006.4	-	41	
2021-07-07 23:50:00	19.3	동남동	118	22.00	29.86	0.40	6.1	0.52	6.0	5.1	남동	143	22.4	1006.4	-	34	
2021-07-07 23:55:00	19.8	동남동	117	22.02	29.93	0.43	6.0	0.63	7.0	4.3	남남동	151	22.4	1006.4	-	48	
2021-07-08 00:00:00	19.4	동남동	119	22.00	29.98	0.38	5.9	0.49	6.0	3.9	남남동	156	22.4	1006.5	-	41	
2021-07-08 00:05:00	19.8	남동	127	21.95	29.96	0.40	6.1	0.49	6.5	3.4	남남동	151	22.4	1006.5	-	55	
2021-07-08 00:10:00	19.5	동남동	123	21.79	29.94	0.46	5.9	0.67	6.5	2.9	남남동	151	22.3	1006.5	-	42	
2021-07-08 00:15:00	19.1	남동	124	21.84	29.63	0.39	6.2	0.55	5.5	2.8	남남동	161	22.3	1006.6	-	45	
2021-07-08 00:20:00	16.2	남동	125	21.85	29.88	0.41	6.1	0.55	6.0	3.4	남남동	153	22.3	1006.6	-	37	
2021-07-08 00:25:00	14.3	동남동	121	21.79	29.95	0.40	5.8	0.55	7.0	3.1	남남동	151	22.3	1006.6	-	57	
2021-07-08 00:30:00	15.0	남동	124	21.68	29.97	0.41	6.2	0.51	6.5	3.1	남남동	147	22.3	1006.6	-	25	
2021-07-08 00:35:00	15.9	동남동	122	21.56	29.96	0.34	5.2	0.45	7.5	3.4	남동	141	22.2	1006.5	-	52	
2021-07-08 00:40:00	15.4	남동	129	21.49	30.02	0.41	5.2	0.57	5.5	3.2	남동	127	22.2	1006.4	-	28	
2021-07-08 00:45:00	16.9	남동	127	21.41	30.00	0.41	5.8	0.51	6.5	3.2	동남동	118	22.2	1006.4	-	23	
2021-07-08 00:50:00	19.6	남동	130	21.29	30.04	0.39	5.6	0.62	7.0	3.0	동남동	123	22.2	1006.4	-	50	
2021-07-08 00:55:00	19.9	동남동	122	21.23	30.10	0.42	5.8	0.55	7.5	2.7	동남동	120	22.2	1006.4	-	46	
2021-07-08 01:00:00	22.8	동남동	121	21.22	29.98	0.35	5.4	0.48	6.5	2.7	남동	127	22.2	1006.3	-	70	
2021-07-08 01:05:00	19.9	동남동	116	21.30	30.04	0.39	5.7	0.76	6.5	2.8	남동	129	22.2	1006.3	-	47	
2021-07-08 01:10:00	23.3	동남동	114	21.22	30.01	0.40	5.8	0.53	6.0	3.1	동남동	119	22.1	1006.3	-	41	
2021-07-08 01:15:00	23.2	동남동	123	21.18	29.96	0.38	5.4	0.61	6.5	2.9	동남동	122	22.1	1006.3	-	42	
2021-07-08 01:20:00	23.2	동남동	121	21.22	29.98	0.43	6.2	0.61	7.0	2.0	남동	140	22.1	1006.4	-	35	
2021-07-08 01:25:00	26.0	동남동	121	21.11	30.03	0.37	4.5	0.51	5.5	1.8	남남동	150	22.1	1006.5	-	118	
2021-07-08 01:30:00	26.2	동남동	123	21.05	30.02	0.42	6.1	0.58	6.0	2.0	남동	141	22.1	1006.5	-	30	
2021-07-08 01:35:00	24.6	남동	124	21.01	29.97	0.33	5.0	0.46	5.5	2.3	남동	143	22.1	1006.5	-	57	
2021-07-08 01:40:00	24.8	남동	127	20.97	30.02	0.34	5.8	0.50	6.0	2.6	남남동	155	22.1	1006.4	-	52	
2021-07-08 01:45:00	25.6	남동	132	20.89	29.88	0.49	6.3	0.63	6.0	2.7	남남동	157	22.1	1006.4	-	50	
2021-07-08 01:50:00	26.0	남동	129	20.87	30.10	0.39	5.7	0.49	6.0	2.4	남동	145	22.1	1006.2	-	36	
2021-07-08 01:55:00	25.7	남동	130	20.88	30.03	0.43	6.0	0.50	5.5	2.5	남동	132	22.0	1006.0	-	34	
2021-07-08 02:00:00	26.0	남동	131	20.79	30.01	0.43	6.1	0.56	7.0	2.4	남동	133	22.0	1005.9	-	26	
2021-07-08 02:05:00	27.0	남동	127	20.70	30.01	0.36	6.1	0.48	7.0	2.6	남동	137	22.0	1005.9	-	24	
2021-07-08 02:10:00	26.3	남동	134	20.73	30.05	0.36	4.6	0.47	3.0	1.9	남동	146	22.0	1005.9	-	60	
2021-07-08 02:15:00	27.4	남동	135	20.67	29.83	0.32	4.8	0.47	5.0	1.6	남남동	155	22.0	1006.1	-	43	
2021-07-08 02:20:00	26.5	남동	133	20.64	30.00	0.41	5.4	0.50	6.5	1.5	남동	138	22.0	1006.0	-	37	
2021-07-08 02:25:00	28.2	남동	136	20.63	30.00	0.34	6.0	0.42	6.0	1.3	동남동	117	22.0	1006.1	-	42	
2021-07-08 02:30:00	28.2	남동	133	20.64	29.95	0.37	6.0	0.53	5.5	0.8	동	100	22.0	1006.2	-	41	
2021-07-08 02:35:00	27.3	남동	131	20.68	29.91	0.39	5.9	0.51	6.0	0.1	동	90	22.0	1006.2	-	39	
2021-07-08 02:40:00	27.6	남동	132	20.70	29.97	0.35	5.5	0.64	5.0	0.0	동남동	104	22.0	1006.3	-	57	
2021-07-08 02:45:00	28.5	남동	134	20.57	29.79	0.41	6.1	0.55	5.0	0.2	동남동	109	22.0	1006.3	-	44	
2021-07-08 02:50:00	26.4	남동	133	20.60	29.99	0.33	5.4	0.43	5.5	1.0	남동	129	22.1	1006.2	-	68	
2021-07-08 02:55:00	29.9	남동	132	20.54	29.81	0.36	5.7	0.53	6.5	1.4	동남동	112	22.1	1006.1	-	49	
2021-07-08 03:00:00	29.2	남동	126	20.53	30.02	0.35	5.3	0.45	6.0	1.6	동	94	22.1	1006.2	-	41	
2021-07-08 03:05:00	29.1	남동	128	20.50	30.07	0.34	5.6	0.59	6.0	1.4	동북동	71	22.1	1006.4	-	42	
2021-07-08 03:10:00	30.3	남동	127	20.48	30.05	0.31	5.7	0.42	5.5	1.2	동북동	75	22.1	1006.4	-	58	
2021-07-08 03:15:00	29.1	남동	129	20.50	30.02	0.31	5.1	0.41	5.5	1.1	동북동	67	22.1	1006.4	-	62	
2021-07-08 03:20:00	27.7	남동	128	20.43	30.13	0.33	5.0	0.47	6.0	2.1	동북동	73	22.0	1006.3	-	43	
2021-07-08 03:25:00	28.8	남동	132	20.71	30.02	0.31	5.2	0.53	7.0	2.4	동	82	22.0	1006.3	-	50	
2021-07-08 03:30:00	25.8	남동	134	20.47	30.05	0.42	5.1	0.60	3.0	2.3	동북동	69	22.0	1006.3	-	40	
2021-07-08 03:35:00	25.6	남동	131	20.42	30.07	0.34	5.4	0.44	5.0	2.3	동북동	69	21.9	1006.3	-	31	
2021-07-08 03:40:00	24.8	남동	128	20.43	30.07	0.37	5.8	0.61	6.0	1.7	동	81	21.9	1006.4	-	67	
2021-07-08 03:45:00	26.1	남동	130	20.38	29.96	0.37	5.7	0.52	6.0	1.5	동북동	72	21.9	1006.5	-	36	
2021-07-08 03:50:00	23.6	남동	129	20.39	30.02	0.33	5.7	0.46	6.5	1.0	동북동	58	21.8	1006.5	-	52	
2021-07-08 03:55:00	26.0	동남동	122	20.40	30.03	0.37	5.1	0.50	4.0	0.4	북북동	27	21.8	1006.6	-	36	
2021-07-08 04:00:00	24.8	남동	129	20.37	29.90	0.34	4.9	0.47	5.0	0.4	북동	48	21.8	1006.5	-	57	
2021-07-08 04:05:00	24.9	남동	133	20.40	30.05	0.38	5.6	0.55	5.5	0.6	동북동	68	21.8	1006.3	-	29	
2021-07-08 04:10:00	22.2	남동	126	20.38	30.05	0.34	4.9	0.49	5.0	0.2	동북동	70	21.8	1006.3	-	55	
2021-07-08 04:15:00	23.9	남동	131	20.32	30.09	0.34	5.0	0.45	4.0	0.3	동북동	73	21.8	1006.3	-	56	
2021-07-08 04:20:00	21.5	남동	128	20.30	30.06	0.39	5.2	0.53	7.0	0.2	동북동	67	21.8	1006.2	-	56	
2021-07-08 04:25:00	22.1	남동	130	20.28	30.08	0.40	5.4	0.54	5.0	0.3	동	96	21.8	1006.2	-	72	
2021-07-08 04:30:00	24.1	남동	129	20.27	30.06	0.35	4.8	0.53	6.0	0.7	동남동	123	21.8	1006.1	-	36	
2021-07-08 04:35:00	23.4	남동	131	20.23	30.00	0.32	5.0	0.44	5.0	1.1	남남동	151	21.8	1006.1	-	53	
2021-07-08 04:40:00	24.8	남동	132	20.16	29.94	0.38	5.4	0.53	5.5	1.2	남남동	155	21.8	1006.2	-	49	
2021-07-08 04:45:00	25.1	남동	131	20.13	30.04	0.31	5.3	0.45	6.5	1.4	남남동	151	21.8	1006.3	-	48	
2021-07-08 04:50:00	24.9	남동	139	20.10	30.05	0.37	5.1	0.46	6.0	0.8	남동	137	21.8	1006.4	-	52	
2021-07-08 04:55:00	25.2	남동	136	20.08	30.07	0.35	5.0	0.44	5.5	1.0	남동	138	21.8	1006.4	-	34	
2021-07-08 05:00:00	25.5	남동	134	20.07	29.96	0.34	5.7	0.48	8.5	1.6	남남동	153	21.8	1006.3	-	39	
2021-07-08 05:05:00	25.8	남동	135	20.04	30.04	0.31	4.9	0.50	4.5	1.7	남남동	152	21.8	1006.3	-	34	
2021-07-08 05:10:00	27.1	남동	133	20.03	30.06	0.35	5.6	0.54	7.0	1.3	남남동	151	21.8	1006.4	-	20	
2021-07-08 05:15:00	25.8	남동	133	20.04	30.06	0.33	5.1	0.56	6.5	1.1	남남동	161	21.8	1006.4	-	42	
2021-07-08 05:20:00	26.7	남동	138	20.07	30.08	0.33	5.1	0.57	5.0	1.2	남남동	164	21.7	1006.3	-	78	
2021-07-08 05:25:00	27.0	남동	135	20.04	29.98	0.34	5.4	0.45	6.0	1.3	남	173	21.7	1006.3	-	44	
2021-07-08 05:30:00	27.0	남동	133	20.13	30.08	0.37	5.7	0.53	5.0	1.0	남	179	21.7	1006.3	-	59	
2021-07-08 05:35:00	27.0	남동	134	20.13	30.04	0.34	5.2	0.42	5.5	0.8	남	180	21.6	1006.4	-	42	
2021-07-08 05:40:00	25.2	남동	134	20.14	30.07	0.37	5.9	0.45	5.5	0.1	남동	145	21.6	1006.4	-	23	
2021-07-08 05:45:00	25.1	남동	134	20.12	30.02	0.35	5.7	0.42	5.5	0.1	북북동	22	21.6	1006.5	-	46	
2021-07-08 05:50:00	25.3	남동	134	20.11	30.11	0.39	5.0	0.63	5.5	0.0	북서	311	21.6	1006.5	-	26	
2021-07-08 05:55:00	26.1	남동	138	20.09	30.04	0.33	5.4	0.49	5.5	0.0	북북동	15	21.6	1006.5	-	37	
2021-07-08 06:00:00	25.4	남동	136	20.11	29.99	0.33	5.1	0.43	5.5	0.4	북북서	342	21.6	1006.6	-	51	
2021-07-08 06:05:00	25.1	남동	139	20.09	30.02	0.31	5.3	0.50	5.5	1.3	북	350	21.5	1006.6	-	37	
2021-07-08 06:10:00	22.6	남동	138	20.11	29.98	0.34	5.6	0.44	4.0	1.8	북	353	21.3	1006.7	-	38	
2021-07-08 06:15:00	22.4	남동	142	20.10	30.02	0.34	5.7	0.49	3.5	1.6	북북서	348	21.4	1006.7	-	40	
2021-07-08 06:20:00	21.5	남동	139	20.11	29.98	0.36	5.6	0.47	6.0	1.4	북	356	21.6	1006.7	-	57	
2021-07-08 06:25:00	23.1	남동	143	20.12	30.01	0.29	4.7	0.43	5.5	2.1	북	1	21.4	1006.7	-	46	
2021-07-08 06:30:00	20.6	남동	144	20.14	30.01	0.36	5.4	0.58	6.0	2.5	북	357	21.2	1006.8	-	29	
2021-07-08 06:35:00	21.4	남동	143	20.10	30.05	0.33	5.4	0.52	5.0	2.4	북	352	21.2	1006.8	-	30	
2021-07-08 06:40:00	23.1	남동	143	20.15	30.09	0.35	5.1	0.65	5.5	2.3	북북서	345	21.2	1006.8	-	37	
2021-07-08 06:45:00	20.4	남동	141	20.14	30.03	0.37	5.0	0.50	4.5	2.6	북북서	341	21.1	1006.9	-	47	
2021-07-08 06:50:00	20.4	남동	141	20.19	30.04	0.40	5.4	0.67	6.0	2.5	북북서	343	21.1	1007.0	-	72	
2021-07-08 06:55:00	20.0	남동	142	20.19	30.01	0.34	5.2	0.44	5.5	2.5	북북서	337	21.3	1006.9	-	22	
2021-07-08 07:00:00	18.4	남동	131	20.12	30.02	0.31	5.5	0.40	5.5	2.4	북	353	21.2	1006.9	-	44	
2021-07-08 07:05:00	19.9	남동	137	20.11	30.01	0.35	5.3	0.48	5.5	2.2	북	358	21.2	1006.9	-	48	
2021-07-08 07:10:00	20.4	남남동	150	20.12	30.00	0.31	5.3	0.43	5.0	2.0	북	355	21.3	1006.9	-	48	
2021-07-08 07:15:00	20.6	남동	141	20.14	30.08	0.28	5.4	0.36	6.0	2.0	북	352	21.2	1007.0	-	57	
2021-07-08 07:20:00	20.0	남동	143	20.14	30.06	0.34	5.7	0.42	6.0	1.7	북	358	21.2	1006.9	-	39	
2021-07-08 07:25:00	19.3	남동	135	20.18	30.04	0.35	5.2	0.52	5.5	1.8	북	352	21.3	1007.0	-	44	
2021-07-08 07:30:00	19.9	남동	143	20.17	30.08	0.33	5.0	0.42	5.5	2.1	북북서	346	21.3	1007.0	-	56	
2021-07-08 07:35:00	17.5	남동	143	20.18	30.03	0.35	5.6	0.47	6.5	2.2	북북서	338	21.3	1007.1	-	36	
2021-07-08 07:40:00	19.5	남남동	149	20.19	30.08	0.33	5.0	0.44	5.5	2.3	북북서	334	21.2	1007.1	-	59	
2021-07-08 07:45:00	19.0	남동	139	20.24	30.06	0.36	5.3	0.58	5.0	2.3	북서	320	21.2	1007.1	-	53	
2021-07-08 07:50:00	19.6	남남동	159	20.23	29.93	0.39	5.5	0.53	6.0	2.5	서북서	302	21.1	1007.2	-	69	
2021-07-08 07:55:00	19.2	남동	128	20.22	30.06	0.30	5.2	0.44	6.5	2.6	북서	307	21.2	1007.3	-	28	
2021-07-08 08:00:00	18.5	남동	140	20.24	30.05	0.33	4.7	0.47	5.5	2.0	북서	321	21.4	1007.3	-	45	
2021-07-08 08:05:00	18.2	남동	141	20.24	30.06	0.32	4.8	0.37	5.0	1.8	북북서	342	21.5	1007.4	-	63	
2021-07-08 08:10:00	19.1	남동	146	20.23	30.08	0.28	5.3	0.47	4.5	1.4	북북서	332	21.6	1007.3	-	68	
2021-07-08 08:15:00	18.8	남동	142	20.24	30.05	0.35	5.2	0.46	5.0	1.4	북북서	340	21.9	1007.2	-	34	
2021-07-08 08:20:00	19.2	남동	139	20.23	30.08	0.41	5.4	0.66	5.5	0.9	북북서	344	22.1	1007.1	-	57	
2021-07-08 08:25:00	19.6	남동	141	20.22	30.04	0.37	5.4	0.45	5.0	0.4	북	1	22.2	1007.1	-	48	
2021-07-08 08:30:00	21.0	남남동	150	20.26	30.03	0.32	5.4	0.46	5.0	0.7	북북동	27	22.3	1007.0	-	235	
2021-07-08 08:35:00	19.4	남동	144	20.26	30.04	0.37	5.7	0.54	4.0	1.2	북북동	15	22.3	1007.0	-	70	
2021-07-08 08:40:00	18.7	남동	146	20.23	29.96	0.37	5.1	0.55	5.0	2.5	북	5	22.2	1007.1	-	48	
2021-07-08 08:45:00	19.2	남동	132	20.22	30.05	0.32	5.3	0.44	5.0	3.1	북	9	22.1	1007.1	-	68	
2021-07-08 08:50:00	18.2	남남동	151	20.26	30.03	0.31	4.7	0.42	4.5	3.0	북	9	21.9	1007.2	-	40	
2021-07-08 08:55:00	17.8	남남동	147	20.26	30.05	0.32	5.2	0.48	5.0	3.1	북북동	13	21.9	1007.2	-	53	
2021-07-08 09:00:00	15.9	남동	144	20.27	30.04	0.31	5.2	0.47	5.0	2.5	북	9	22.0	1007.3	-	45	
2021-07-08 09:05:00	16.7	남동	138	20.26	30.02	0.35	5.1	0.50	5.5	2.4	북	7	21.9	1007.3	-	63	
2021-07-08 09:10:00	13.4	남남동	147	20.22	30.03	0.36	5.5	0.57	5.0	2.1	북	2	21.9	1007.3	-	58	
2021-07-08 09:15:00	14.4	남동	140	20.21	30.04	0.33	4.9	0.54	6.0	2.1	북북서	345	21.9	1007.4	-	52	
2021-07-08 09:20:00	15.8	남동	135	20.24	30.00	0.35	5.5	0.48	5.5	2.0	북	352	21.9	1007.4	-	14	
2021-07-08 09:25:00	16.7	남남동	157	20.33	30.02	0.31	5.3	0.43	6.0	2.2	북북동	19	21.9	1007.3	-	241	
2021-07-08 09:30:00	16.8	남남동	148	20.28	29.89	0.33	5.9	0.67	6.0	2.5	북북동	12	22.0	1007.4	-	51	
2021-07-08 09:35:00	18.2	남동	144	20.25	30.02	0.34	5.6	0.51	6.5	2.6	북북동	16	22.1	1007.4	-	27	
2021-07-08 09:40:00	18.9	남남동	147	20.24	30.09	0.30	4.8	0.50	4.5	2.5	북북동	29	22.2	1007.4	-	228	
2021-07-08 09:45:00	17.1	남동	138	20.22	30.02	0.31	5.4	0.45	5.5	2.7	북동	38	22.2	1007.4	-	44	
2021-07-08 09:50:00	16.7	남동	134	20.21	30.05	0.32	5.2	0.50	5.5	2.5	북북동	28	22.3	1007.4	-	66	
2021-07-08 09:55:00	16.1	남동	132	20.22	30.08	0.33	5.5	0.50	5.0	2.5	북북동	28	22.3	1007.3	-	242	
2021-07-08 10:00:00	15.7	남동	130	20.30	30.06	0.31	5.4	0.41	5.0	2.4	북동	34	22.3	1007.4	-	23	
2021-07-08 10:05:00	15.0	동남동	120	20.24	30.02	0.33	5.4	0.45	6.0	2.5	북북동	31	22.4	1007.5	-	43	
2021-07-08 10:10:00	15.1	동남동	120	20.18	30.02	0.33	4.5	0.45	5.0	2.6	북북동	27	22.4	1007.4	-	41	
2021-07-08 10:15:00	16.1	남동	127	20.17	30.00	0.32	5.3	0.47	5.5	2.2	북북동	31	22.4	1007.5	-	69	
2021-07-08 10:20:00	15.7	남동	128	20.13	30.05	0.36	5.8	0.47	5.5	2.1	북북동	31	22.5	1007.5	-	57	
2021-07-08 10:25:00	14.5	남동	126	20.18	30.01	0.33	4.8	0.48	4.5	2.3	북북동	30	22.5	1007.6	-	78	
2021-07-08 10:30:00	15.3	동남동	123	20.17	30.05	0.36	5.5	0.50	5.0	2.6	북북동	24	22.5	1007.5	-	272	
2021-07-08 10:35:00	16.4	남동	129	20.12	30.10	0.33	5.3	0.42	6.0	2.8	북북동	26	22.5	1007.4	-	56	
2021-07-08 10:40:00	15.1	남동	126	20.11	30.01	0.34	5.7	0.41	5.5	2.9	북북동	32	22.5	1007.3	-	52	
2021-07-08 10:45:00	14.7	동남동	119	20.14	30.08	0.34	5.6	0.44	5.5	3.2	북동	35	22.5	1007.1	-	48	
2021-07-08 10:50:00	13.0	동남동	116	20.17	30.11	0.34	5.4	0.60	4.5	3.1	북북동	31	22.5	1007.2	-	50	
2021-07-08 10:55:00	13.3	남동	124	20.66	30.08	0.32	5.1	0.50	5.0	2.7	북북동	30	22.5	1007.2	-	67	
2021-07-08 11:00:00	14.1	남동	144	20.16	29.68	0.31	5.0	0.38	4.5	2.2	북북동	28	22.5	1007.3	-	19	
2021-07-08 11:05:00	13.2	남남동	167	20.82	30.03	0.32	5.5	0.49	5.0	1.7	북북동	31	22.6	1007.3	-	39	
2021-07-08 11:10:00	14.2	남남동	151	20.34	29.92	0.34	5.0	0.46	5.0	1.1	북동	35	22.7	1007.4	-	51	
2021-07-08 11:15:00	15.1	남동	138	20.67	29.97	0.30	5.9	0.39	6.0	0.8	북북동	29	22.9	1007.5	-	69	
2021-07-08 11:20:00	14.7	남동	137	20.58	29.92	0.33	5.4	0.39	5.5	0.9	북북동	26	23.0	1007.6	-	36	
2021-07-08 11:25:00	15.2	남동	136	20.60	29.90	0.33	5.6	0.46	5.5	1.3	북북동	22	23.0	1007.6	-	48	
2021-07-08 11:30:00	15.5	남동	130	20.63	30.00	0.37	5.6	0.58	5.5	1.8	북북동	21	23.0	1007.6	-	45	
2021-07-08 11:35:00	16.9	동남동	121	20.63	29.96	0.34	5.1	0.43	5.0	2.1	북북동	20	23.1	1007.7	-	71	
2021-07-08 11:40:00	16.6	남동	128	20.54	30.00	0.29	5.0	0.41	6.0	2.5	북북동	24	23.1	1007.6	-	3	
2021-07-08 11:45:00	16.3	동남동	116	20.18	30.00	0.32	5.3	0.40	5.5	2.7	북북동	28	23.1	1007.6	-	59	
2021-07-08 11:50:00	17.8	동남동	121	20.39	30.12	0.36	5.4	0.54	3.0	2.6	북북동	23	23.1	1007.6	-	30	
2021-07-08 11:55:00	17.3	남동	130	20.58	29.99	0.32	4.9	0.44	5.5	3.0	북북동	28	23.0	1007.5	-	45	
2021-07-08 12:00:00	18.1	남동	124	20.59	29.97	0.34	5.1	0.45	4.5	3.2	북북동	29	22.9	1007.5	-	33	
2021-07-08 12:05:00	17.3	남남동	152	20.92	29.92	0.34	5.4	0.50	3.5	3.5	북북동	28	22.8	1007.5	-	52	
2021-07-08 12:10:00	17.2	남동	144	20.83	29.95	0.34	5.3	0.48	6.5	3.3	북북동	32	22.9	1007.5	-	44	
2021-07-08 12:15:00	15.2	남남동	149	20.93	29.97	0.31	5.3	0.43	5.5	3.4	북북동	28	22.9	1007.4	-	44	
2021-07-08 12:20:00	16.7	남남동	161	21.02	29.95	0.33	4.3	0.48	5.0	3.1	북북동	15	22.9	1007.5	-	201	
2021-07-08 12:25:00	17.4	남남동	159	20.89	29.98	0.34	4.8	0.49	4.5	2.7	북북동	22	22.9	1007.5	-	47	
2021-07-08 12:30:00	17.3	남남동	163	20.83	29.78	0.32	4.6	0.52	5.0	2.8	북북동	21	22.9	1007.6	-	244	
2021-07-08 12:35:00	16.5	남남동	157	20.79	29.94	0.35	5.4	0.50	5.5	2.9	북북동	22	22.9	1007.5	-	51	
2021-07-08 12:40:00	16.7	남남동	166	20.92	29.86	0.32	5.3	0.53	5.0	2.5	북북동	33	22.9	1007.4	-	38	
2021-07-08 12:45:00	16.0	남남동	162	20.91	30.00	0.30	4.8	0.38	5.5	2.4	북북동	31	23.0	1007.4	-	135	
2021-07-08 12:50:00	16.0	남	172	20.91	29.93	0.32	4.8	0.44	5.0	2.3	북북동	32	23.0	1007.4	-	67	
2021-07-08 12:55:00	15.1	남남동	158	20.81	29.98	0.33	5.2	0.49	5.5	2.1	북동	41	23.0	1007.3	-	63	
2021-07-08 13:00:00	15.8	남동	144	20.49	29.98	0.33	4.9	0.44	5.0	2.2	북동	39	23.1	1007.3	-	66	
2021-07-08 13:05:00	16.3	남남동	156	20.41	30.03	0.32	5.1	0.43	5.0	1.8	북동	42	23.1	1007.3	-	26	
2021-07-08 13:10:00	17.7	남남동	149	20.28	29.95	0.34	4.9	0.55	4.5	1.6	북동	49	23.2	1007.4	-	244	
2021-07-08 13:15:00	17.9	남남동	150	20.22	30.08	0.34	5.2	0.47	5.5	1.8	북동	46	23.3	1007.4	-	46	
2021-07-08 13:20:00	18.9	남남동	153	20.26	30.00	0.31	5.0	0.41	5.0	1.7	북동	39	23.3	1007.5	-	83	
2021-07-08 13:25:00	17.0	남남동	155	20.25	30.11	0.34	5.3	0.47	5.0	1.6	북동	44	23.4	1007.4	-	88	
2021-07-08 13:30:00	20.7	남	175	21.04	29.91	0.31	4.9	0.42	5.5	1.7	동북동	59	23.5	1007.4	-	47	
2021-07-08 13:35:00	21.8	남	171	20.99	29.98	0.33	4.6	0.43	6.0	1.9	동북동	58	23.5	1007.4	-	45	
2021-07-08 13:40:00	21.9	남	175	20.91	29.89	0.36	5.4	0.47	6.5	1.9	동북동	68	23.5	1007.3	-	64	
2021-07-08 13:45:00	23.0	남	173	20.89	29.98	0.32	4.5	0.48	3.5	1.7	동북동	73	23.5	1007.3	-	63	
2021-07-08 13:50:00	24.2	남	179	20.93	29.95	0.33	4.6	0.45	5.5	1.7	동북동	72	23.6	1007.3	-	55	
2021-07-08 13:55:00	26.8	남	181	20.82	29.97	0.38	5.3	0.50	4.5	1.4	동북동	78	23.5	1007.4	-	51	
2021-07-08 14:00:00	26.7	남	182	20.93	30.05	0.34	4.7	0.50	5.0	1.1	동	80	23.6	1007.4	-	280	
2021-07-08 14:05:00	27.0	남	190	21.36	29.86	0.39	5.0	0.70	5.5	1.5	동	83	23.7	1007.3	-	67	
2021-07-08 14:10:00	26.1	남	189	21.43	29.90	0.36	5.3	0.49	7.5	1.7	동	82	23.7	1007.3	-	35	
2021-07-08 14:15:00	32.2	남남서	205	21.80	29.76	0.40	6.1	0.50	4.0	1.8	동	84	23.7	1007.2	-	49	
2021-07-08 14:20:00	32.4	남남서	202	21.48	29.81	0.35	4.8	0.48	4.5	1.8	동	82	23.7	1007.1	-	19	
2021-07-08 14:25:00	29.8	남남서	203	21.84	29.96	0.34	4.8	0.48	4.5	1.7	동	89	23.8	1007.1	-	48	
2021-07-08 14:30:00	32.3	남남서	206	21.61	29.90	0.37	4.5	0.55	3.5	1.3	동	87	23.9	1007.1	-	55	
2021-07-08 14:35:00	28.8	남남서	204	21.50	29.87	0.37	4.6	0.46	5.0	1.8	동	87	23.9	1007.1	-	60	
2021-07-08 14:40:00	28.6	남남서	199	21.36	29.85	0.34	4.7	0.46	4.5	1.8	동	90	23.9	1007.2	-	74	
2021-07-08 14:45:00	27.4	남남서	204	21.25	29.91	0.35	5.3	0.48	7.0	1.7	동	91	24.0	1007.3	-	91	
2021-07-08 14:50:00	25.8	남남서	200	21.07	29.85	0.37	5.5	0.49	6.5	1.7	동	94	24.0	1007.3	-	78	
2021-07-08 14:55:00	24.4	남남서	198	21.15	29.86	0.34	4.4	0.52	4.0	2.2	동	85	24.0	1007.2	-	39	
2021-07-08 15:00:00	23.6	남남서	199	21.22	29.92	0.34	4.2	0.50	5.0	2.6	동북동	72	23.9	1007.1	-	41	
2021-07-08 15:05:00	22.3	남	191	21.08	29.99	0.35	4.7	0.50	4.0	2.6	동북동	72	23.9	1007.0	-	56	
2021-07-08 15:10:00	20.7	남	191	20.94	29.95	0.33	4.8	0.38	4.5	2.3	동북동	75	23.9	1007.0	-	43	
2021-07-08 15:15:00	19.5	남	188	20.88	29.96	0.36	4.8	0.46	6.0	2.4	동북동	76	23.9	1006.9	-	46	
2021-07-08 15:20:00	17.5	남	187	20.76	29.96	0.32	4.4	0.51	5.0	2.3	동	82	23.8	1006.7	-	61	
2021-07-08 15:25:00	15.7	남	185	20.72	29.93	0.34	4.4	0.48	3.5	2.3	동	82	23.9	1006.6	-	82	
2021-07-08 15:30:00	15.0	남	181	20.71	30.00	0.34	4.9	0.45	4.0	2.6	동	81	23.9	1006.6	-	76	
2021-07-08 15:35:00	16.5	남	171	20.59	29.91	0.32	4.5	0.45	4.0	2.5	동	86	23.8	1006.6	-	261	
2021-07-08 15:40:00	13.9	남남동	166	20.52	29.89	0.32	4.3	0.54	6.0	2.3	동	80	23.9	1006.7	-	35	
2021-07-08 15:45:00	15.0	남남동	163	20.46	29.99	0.39	4.6	0.47	4.5	2.4	동	83	23.9	1006.6	-	112	
2021-07-08 15:50:00	14.9	남남동	152	20.47	29.90	0.36	4.4	0.54	4.5	2.0	동	90	23.9	1006.6	-	255	
2021-07-08 15:55:00	15.0	남남동	156	20.39	29.90	0.35	4.7	0.53	3.5	1.7	동	88	24.0	1006.5	-	81	
2021-07-08 16:00:00	15.6	남남서	199	21.77	30.05	0.30	3.9	0.40	4.0	1.5	동	96	24.0	1006.4	-	305	
2021-07-08 16:05:00	13.8	남남동	167	21.05	29.92	0.34	4.8	0.51	4.5	2.0	동	92	24.0	1006.3	-	286	
2021-07-08 16:10:00	14.3	남	170	21.09	30.07	0.37	4.5	0.68	6.5	1.8	동남동	103	24.0	1006.3	-	277	
2021-07-08 16:15:00	14.1	남	172	21.08	29.71	0.28	4.2	0.44	5.0	2.1	동	94	24.0	1006.1	-	152	
2021-07-08 16:20:00	10.5	남남동	161	20.73	29.96	0.34	4.6	0.49	3.0	2.2	동	87	23.9	1006.0	-	299	
2021-07-08 16:25:00	10.0	남남동	153	20.64	29.96	0.31	4.6	0.43	4.5	1.9	동	94	23.9	1006.0	-	60	
2021-07-08 16:30:00	12.2	남동	143	20.51	29.91	0.36	4.1	0.48	4.0	2.1	동	92	24.0	1006.0	-	246	
2021-07-08 16:35:00	11.7	남동	128	20.42	29.91	0.38	4.7	0.67	4.0	2.0	동	91	24.0	1005.9	-	260	
2021-07-08 16:40:00	13.9	남동	132	20.45	30.03	0.35	4.9	0.45	4.5	2.2	동	100	23.9	1005.9	-	270	
2021-07-08 16:45:00	10.1	남남동	148	21.02	30.36	0.35	4.2	0.47	3.5	2.5	동남동	108	24.3	1005.9	-	50	
2021-07-08 16:50:00	9.9	남동	132	21.08	30.05	0.34	4.4	0.47	4.5	2.9	동남동	112	24.0	1005.7	-	277	
2021-07-08 16:55:00	10.3	남남동	159	21.49	29.87	0.35	5.0	0.51	4.5	2.8	동남동	107	23.8	1005.6	-	58	
2021-07-08 17:00:00	10.5	남남동	147	21.33	29.96	0.33	4.8	0.45	5.0	2.6	동남동	105	23.9	1005.6	-	54	
2021-07-08 17:05:00	10.3	남남동	160	21.60	30.39	0.39	4.4	0.64	4.5	2.5	동남동	113	23.8	1005.7	-	88	
2021-07-08 17:10:00	10.8	남남동	152	21.85	29.93	0.30	4.5	0.44	3.5	2.6	동남동	120	23.8	1005.7	-	286	
2021-07-08 17:15:00	12.1	남동	138	21.66	29.94	0.35	4.5	0.48	4.5	3.1	동남동	114	23.8	1005.5	-	304	
2021-07-08 17:20:00	9.2	남남동	147	21.55	30.13	0.35	4.2	0.49	3.0	3.2	동남동	111	23.7	1005.4	-	291	
2021-07-08 17:25:00	10.4	남동	146	21.68	30.04	0.33	4.7	0.44	3.5	3.1	동남동	119	23.7	1005.4	-	79	
2021-07-08 17:30:00	8.9	남남동	150	21.73	30.04	0.34	4.0	0.43	3.5	2.9	남동	129	23.6	1005.6	-	217	
2021-07-08 17:35:00	13.7	남동	135	21.82	29.92	0.36	4.5	0.60	3.5	2.6	동남동	122	23.4	1005.7	-	314	
2021-07-08 17:40:00	12.2	남동	136	21.85	30.06	0.33	4.1	0.50	3.0	2.3	동남동	119	23.3	1005.7	-	314	
2021-07-08 17:45:00	12.5	남동	128	21.78	30.14	0.32	4.2	0.53	5.0	2.8	동남동	122	23.3	1005.5	-	57	
2021-07-08 17:50:00	13.2	동남동	118	21.71	30.06	0.34	4.5	0.52	4.0	2.5	동남동	121	23.2	1005.5	-	42	
2021-07-08 17:55:00	12.8	동남동	117	21.72	30.02	0.32	4.3	0.44	4.0	2.3	동남동	121	23.2	1005.5	-	341	
2021-07-08 18:00:00	12.7	남동	134	21.79	30.14	0.36	4.2	0.46	4.0	2.7	남동	126	23.3	1005.5	-	76	
2021-07-08 18:05:00	15.7	동남동	119	21.73	30.11	0.37	4.2	0.57	3.5	2.8	남동	124	23.3	1005.4	-	189	
2021-07-08 18:10:00	15.5	동남동	118	21.64	29.97	0.32	4.3	0.49	4.0	2.6	남동	127	23.3	1005.6	-	68	
2021-07-08 18:15:00	18.2	동남동	122	21.77	30.00	0.32	4.6	0.52	4.5	2.2	동남동	119	23.3	1005.6	-	69	
2021-07-08 18:20:00	15.9	남동	138	22.04	29.96	0.32	5.2	0.49	5.5	2.5	동남동	105	23.1	1005.7	-	74	
2021-07-08 18:25:00	18.4	남동	135	21.96	30.00	0.32	5.1	0.50	5.0	2.6	동남동	104	23.1	1005.7	-	70	
2021-07-08 18:30:00	17.2	남동	127	22.15	30.05	0.30	4.9	0.43	4.0	3.4	동남동	110	23.0	1005.7	-	59	
2021-07-08 18:35:00	18.1	남동	129	22.43	30.01	0.32	4.7	0.47	4.0	3.5	동남동	120	23.0	1005.6	-	53	
2021-07-08 18:40:00	15.5	남동	124	22.42	30.03	0.32	5.0	0.41	5.5	3.5	동남동	119	22.9	1005.6	-	126	
2021-07-08 18:45:00	14.8	남동	139	22.55	30.08	0.28	3.9	0.42	5.0	3.6	동남동	122	22.9	1005.6	-	54	
2021-07-08 18:50:00	14.8	남동	133	22.49	30.10	0.29	4.0	0.41	4.5	3.6	동남동	123	22.8	1005.7	-	109	
2021-07-08 18:55:00	15.3	남동	133	22.46	29.81	0.28	4.8	0.42	6.0	3.5	동남동	115	22.8	1005.8	-	57	
2021-07-08 19:00:00	14.2	남동	135	22.44	30.08	0.31	4.5	0.46	5.5	3.5	동남동	115	22.8	1005.8	-	55	
2021-07-08 19:05:00	15.4	남동	137	22.45	30.10	0.30	4.4	0.44	5.0	3.6	동남동	112	22.8	1005.9	-	69	
2021-07-08 19:10:00	16.9	남동	129	22.46	30.08	0.27	4.5	0.36	3.5	3.9	동남동	112	22.8	1005.7	-	45	
2021-07-08 19:15:00	15.4	남동	140	22.49	30.12	0.31	4.7	0.44	3.0	3.9	동남동	115	22.8	1005.6	-	45	
2021-07-08 19:20:00	18.0	남동	141	22.52	30.05	0.32	5.0	0.45	5.5	3.5	동남동	121	22.8	1005.8	-	48	
2021-07-08 19:25:00	15.9	남동	139	22.56	30.07	0.29	4.5	0.40	4.0	3.5	동남동	123	22.7	1006.0	-	52	
2021-07-08 19:30:00	13.5	남동	142	22.58	30.13	0.29	4.7	0.47	3.0	3.7	동남동	120	22.7	1006.1	-	46	
2021-07-08 19:35:00	12.5	남동	142	22.60	30.11	0.28	3.7	0.50	3.5	3.7	동남동	116	22.7	1006.1	-	131	
2021-07-08 19:40:00	13.4	남동	142	22.62	30.13	0.29	4.0	0.39	3.5	3.7	동	99	22.7	1006.1	-	62	
2021-07-08 19:45:00	11.8	남동	145	22.65	30.07	0.35	4.2	0.54	3.5	3.9	동	98	22.7	1006.0	-	40	
2021-07-08 19:50:00	13.7	남동	144	22.66	30.00	0.35	4.2	0.46	3.5	3.4	동남동	106	22.7	1006.1	-	60	
2021-07-08 19:55:00	12.7	남동	144	22.71	30.04	0.30	4.2	0.42	3.5	3.5	동남동	111	22.7	1006.2	-	54	
2021-07-08 20:00:00	15.0	남동	145	22.72	30.14	0.34	4.1	0.53	4.5	3.4	동남동	111	22.7	1006.3	-	89	
2021-07-08 20:05:00	13.8	남동	144	22.76	30.07	0.32	4.5	0.43	4.0	3.6	동남동	114	22.6	1006.3	-	31	
2021-07-08 20:10:00	16.1	남동	140	22.79	30.07	0.34	4.2	0.45	4.0	3.3	동남동	108	22.6	1006.3	-	263	
2021-07-08 20:15:00	15.3	남동	145	22.83	30.13	0.34	4.6	0.46	3.5	3.6	동남동	103	22.6	1006.4	-	44	
2021-07-08 20:20:00	17.4	남동	145	22.84	30.17	0.31	4.7	0.48	4.0	3.7	동	101	22.6	1006.4	-	21	
2021-07-08 20:25:00	18.0	남동	138	22.86	30.09	0.29	4.8	0.39	4.0	3.9	동남동	103	22.6	1006.3	-	30	
2021-07-08 20:30:00	15.4	남동	132	22.87	30.12	0.31	5.1	0.41	4.5	3.9	동남동	107	22.6	1006.3	-	9	
2021-07-08 20:35:00	17.3	남동	144	22.83	30.15	0.28	4.8	0.37	5.0	3.7	동남동	110	22.6	1006.5	-	86	
2021-07-08 20:40:00	19.0	남동	142	22.73	30.10	0.31	4.9	0.38	5.0	3.9	동남동	115	22.6	1006.4	-	269	
2021-07-08 20:45:00	17.4	남동	139	22.66	30.02	0.31	5.0	0.38	5.5	4.0	동남동	113	22.6	1006.5	-	76	
2021-07-08 20:50:00	18.2	남동	139	22.67	29.97	0.28	4.7	0.44	5.0	3.9	동남동	114	22.6	1006.6	-	79	
2021-07-08 20:55:00	17.2	남동	133	22.68	30.01	0.30	4.9	0.44	5.0	4.0	동남동	115	22.6	1006.8	-	65	
2021-07-08 21:00:00	22.6	남동	131	22.43	29.93	0.26	4.2	0.41	4.5	4.1	동남동	117	22.6	1006.8	-	230	
2021-07-08 21:05:00	20.1	남동	138	22.22	30.06	0.32	5.3	0.42	6.5	3.6	동남동	119	22.6	1006.7	-	44	
2021-07-08 21:10:00	21.2	남동	134	22.30	30.13	0.31	4.2	0.42	3.5	3.4	동남동	111	22.6	1006.8	-	38	
2021-07-08 21:15:00	21.7	남동	139	22.34	30.13	0.30	4.2	0.39	6.0	3.0	동남동	112	22.6	1007.0	-	274	
2021-07-08 21:20:00	20.0	남동	138	22.37	30.16	0.30	4.5	0.46	5.0	3.0	동남동	104	22.6	1007.2	-	17	
2021-07-08 21:25:00	22.6	남남동	149	22.37	30.16	0.28	4.4	0.43	4.5	3.0	동	100	22.6	1007.2	-	57	
2021-07-08 21:30:00	21.2	남동	139	22.35	30.16	0.28	4.5	0.46	5.0	3.1	동	101	22.6	1007.2	-	23	
2021-07-08 21:35:00	20.9	남동	140	22.42	30.13	0.27	4.6	0.45	6.5	3.0	동남동	102	22.6	1007.2	-	26	
2021-07-08 21:40:00	19.6	남동	138	22.44	30.10	0.27	5.1	0.33	5.5	3.1	동	92	22.6	1007.0	-	278	
2021-07-08 21:45:00	19.8	남동	137	22.48	30.13	0.27	4.4	0.36	5.5	3.1	동	94	22.6	1007.0	-	289	
2021-07-08 21:50:00	20.1	남동	145	22.49	30.16	0.32	5.0	0.53	4.5	2.8	동	99	22.6	1007.1	-	59	
2021-07-08 21:55:00	21.5	남동	145	22.50	29.95	0.34	4.6	0.42	5.0	2.6	동남동	118	22.6	1007.2	-	273	
2021-07-08 22:00:00	20.0	남동	142	22.53	30.09	0.27	4.3	0.39	3.5	2.7	동남동	109	22.7	1007.1	-	271	
2021-07-08 22:05:00	21.8	남동	141	22.56	30.10	0.33	4.6	0.48	3.5	2.6	남동	125	22.7	1007.0	-	41	
2021-07-08 22:10:00	21.7	남동	136	22.60	30.08	0.26	4.2	0.31	5.0	2.6	남동	131	22.7	1007.1	-	13	
2021-07-08 22:15:00	20.4	남동	139	22.61	30.11	0.35	4.5	0.47	3.5	2.9	남동	132	22.7	1007.0	-	276	
2021-07-08 22:20:00	21.2	남동	132	22.65	30.10	0.31	5.0	0.44	4.5	2.9	남동	132	22.7	1007.0	-	44	
2021-07-08 22:25:00	20.6	남동	136	22.67	30.07	0.29	4.3	0.41	5.5	2.6	남동	130	22.6	1007.1	-	48	
2021-07-08 22:30:00	18.8	남동	133	22.70	30.07	0.32	4.7	0.41	4.5	2.9	남동	132	22.6	1006.9	-	56	
2021-07-08 22:35:00	22.9	남동	133	22.71	30.03	0.28	4.0	0.47	4.5	2.9	남동	133	22.6	1006.8	-	333	
2021-07-08 22:40:00	19.6	남동	125	22.75	30.09	0.28	4.5	0.41	3.5	2.9	남동	136	22.6	1006.7	-	51	
2021-07-08 22:45:00	22.0	남동	128	22.76	30.09	0.27	4.4	0.38	3.5	2.4	남동	127	22.5	1006.7	-	242	
2021-07-08 22:50:00	20.5	남동	128	22.75	29.93	0.28	4.2	0.46	6.5	2.2	남동	137	22.5	1006.7	-	69	
2021-07-08 22:55:00	20.1	남동	130	22.75	30.09	0.28	4.6	0.36	4.0	2.4	남동	145	22.5	1006.8	-	267	
2021-07-08 23:00:00	22.8	남동	132	22.71	29.95	0.30	4.4	0.40	4.5	2.4	남동	142	22.5	1006.8	-	269	
2021-07-08 23:05:00	24.7	남동	128	22.70	30.11	0.28	4.5	0.43	4.5	2.9	남남동	149	22.4	1006.6	-	259	
2021-07-08 23:10:00	24.1	남동	126	22.69	30.14	0.27	4.5	0.46	4.5	2.9	남동	134	22.4	1006.5	-	32	
2021-07-08 23:15:00	23.2	남동	128	22.69	30.09	0.33	4.5	0.43	3.5	3.1	남동	137	22.4	1006.6	-	27	
2021-07-08 23:20:00	23.0	남동	126	22.70	30.09	0.30	4.2	0.40	4.0	3.5	남동	143	22.5	1006.6	-	263	
2021-07-08 23:25:00	25.2	동남동	122	22.66	30.09	0.28	4.6	0.35	4.0	3.1	남동	145	22.5	1006.5	-	25	
2021-07-08 23:30:00	25.0	남동	128	22.50	30.13	0.29	5.0	0.56	4.5	3.0	남동	139	22.4	1006.4	-	26	
2021-07-08 23:35:00	22.2	동남동	122	22.53	30.07	0.29	4.4	0.41	4.0	3.1	남동	132	22.4	1006.4	-	259	
2021-07-08 23:40:00	25.0	남동	131	22.45	30.03	0.27	4.3	0.36	2.5	3.3	남동	145	22.5	1006.4	-	260	
2021-07-08 23:45:00	23.5	남동	127	22.45	30.10	0.27	4.6	0.41	5.5	3.2	남동	137	22.5	1006.4	-	45	
2021-07-08 23:50:00	26.1	남동	125	22.46	29.95	0.27	4.7	0.37	4.0	2.7	동남동	123	22.5	1006.4	-	274	
2021-07-08 23:55:00	25.7	남동	125	22.44	30.06	0.30	4.4	0.45	4.0	2.6	남동	128	22.4	1006.5	-	68	
2021-07-09 00:00:00	24.5	남동	124	22.43	30.05	0.29	4.8	0.43	5.0	2.0	남동	124	22.4	1006.6	-	43	
2021-07-09 00:05:00	24.6	남동	126	22.44	30.05	0.30	4.5	0.40	4.5	1.9	남동	124	22.4	1006.6	-	44	
2021-07-09 00:10:00	25.7	남동	131	22.39	30.03	0.27	4.9	0.38	6.5	2.1	동남동	123	22.5	1006.6	-	49	
2021-07-09 00:15:00	26.1	남동	130	22.35	30.02	0.30	4.9	0.42	4.0	2.6	남동	125	22.5	1006.6	-	12	
2021-07-09 00:20:00	26.9	남동	125	22.33	30.09	0.28	4.7	0.38	5.5	2.6	남동	133	22.5	1006.5	-	47	
2021-07-09 00:25:00	26.8	남동	128	22.28	30.04	0.29	4.8	0.45	4.5	2.6	남동	130	22.6	1006.5	-	34	
2021-07-09 00:30:00	25.6	남동	125	22.27	30.03	0.34	4.9	0.48	4.0	3.1	남동	145	22.5	1006.5	-	78	
2021-07-09 00:35:00	25.6	남동	125	22.29	30.04	0.27	4.9	0.44	4.5	3.9	남동	145	22.5	1006.5	-	19	
2021-07-09 00:40:00	23.4	남동	128	22.30	30.02	0.28	5.0	0.39	5.0	4.5	남동	140	22.5	1006.4	-	57	
2021-07-09 00:45:00	23.1	남동	128	22.25	30.00	0.29	4.7	0.43	4.5	4.6	남동	127	22.6	1006.1	-	70	
2021-07-09 00:50:00	23.7	남동	130	22.26	29.99	0.30	4.8	0.45	4.0	4.5	남동	126	22.6	1006.0	-	13	
2021-07-09 00:55:00	23.2	남동	135	22.19	30.04	0.31	4.6	0.39	4.0	4.6	남동	138	22.6	1006.2	-	35	
2021-07-09 01:00:00	22.7	남동	130	22.21	30.05	0.32	4.9	0.46	5.5	4.6	남동	138	22.6	1006.2	-	26	
2021-07-09 01:05:00	22.6	남동	128	22.13	30.08	0.30	5.1	0.43	5.5	4.2	남동	140	22.5	1006.1	-	33	
2021-07-09 01:10:00	24.1	남동	127	22.17	30.13	0.30	4.9	0.40	5.0	4.4	남동	136	22.5	1006.1	-	38	
2021-07-09 01:15:00	23.9	남동	124	22.20	30.00	0.30	4.9	0.43	5.0	4.3	남동	144	22.5	1006.2	-	65	
2021-07-09 01:20:00	23.4	동남동	123	22.17	29.97	0.29	4.9	0.42	5.0	4.5	남남동	148	22.5	1006.2	-	108	
2021-07-09 01:25:00	23.3	동남동	124	22.08	29.98	0.32	4.9	0.49	5.5	4.7	남남동	147	22.4	1006.2	-	53	
2021-07-09 01:30:00	21.6	동남동	117	22.04	30.03	0.27	4.9	0.39	5.0	4.3	남동	145	22.4	1006.2	-	30	
2021-07-09 01:35:00	21.2	동남동	121	22.01	30.02	0.27	4.5	0.51	4.5	4.1	남남동	149	22.3	1006.2	-	349	
2021-07-09 01:40:00	22.3	동남동	118	22.00	30.00	0.32	4.4	0.48	4.0	3.8	남동	146	22.4	1006.2	-	78	
2021-07-09 01:45:00	20.9	동남동	123	22.00	29.96	0.28	4.7	0.39	4.0	3.5	남동	141	22.4	1006.1	-	27	
2021-07-09 01:50:00	22.6	남동	124	22.01	29.99	0.32	4.8	0.44	5.5	3.7	남동	124	22.4	1005.9	-	48	
2021-07-09 01:55:00	23.9	동남동	121	21.95	29.99	0.34	4.5	0.46	5.0	4.2	동남동	120	22.4	1005.7	-	25	
2021-07-09 02:00:00	24.4	동남동	121	21.99	29.98	0.31	5.1	0.41	5.0	4.1	동남동	122	22.4	1005.7	-	40	
2021-07-09 02:05:00	24.4	동남동	115	21.99	30.03	0.33	4.8	0.44	4.5	3.6	남동	134	22.3	1005.9	-	25	
2021-07-09 02:10:00	24.6	동남동	116	21.93	29.99	0.30	4.6	0.41	4.5	3.6	남동	137	22.3	1006.0	-	27	
2021-07-09 02:15:00	25.3	동남동	123	21.87	30.00	0.31	4.8	0.52	5.5	3.4	남동	133	22.3	1006.0	-	78	
2021-07-09 02:20:00	26.1	동남동	121	21.86	29.97	0.34	4.8	0.51	4.0	3.5	남동	137	22.3	1005.9	-	51	
2021-07-09 02:25:00	25.5	동남동	120	21.92	29.87	0.35	5.2	0.48	5.0	3.3	남동	136	22.2	1006.0	-	31	
2021-07-09 02:30:00	22.9	동남동	120	21.92	29.92	0.28	5.1	0.35	5.0	3.3	남동	133	22.2	1006.0	-	25	
2021-07-09 02:35:00	24.7	남동	124	21.91	29.86	0.30	5.0	0.41	4.0	3.3	남동	140	22.2	1006.0	-	38	
2021-07-09 02:40:00	23.5	동남동	123	21.87	30.05	0.27	4.8	0.44	4.5	3.3	남동	140	22.1	1006.0	-	54	
2021-07-09 02:45:00	25.1	남동	124	21.83	29.99	0.35	4.6	0.56	4.5	3.1	남동	136	22.1	1006.0	-	47	
2021-07-09 02:50:00	22.4	동남동	122	21.87	29.95	0.31	4.8	0.45	4.5	3.2	남동	136	22.1	1006.0	-	40	
2021-07-09 02:55:00	23.3	동남동	123	21.89	29.87	0.33	4.7	0.52	6.0	3.3	남동	137	22.1	1006.0	-	64	
2021-07-09 03:00:00	25.3	남동	127	21.86	29.93	0.34	4.6	0.46	4.0	2.9	남동	133	22.1	1006.0	-	57	
2021-07-09 03:05:00	25.3	남동	133	21.80	29.98	0.34	5.0	0.61	4.5	2.7	남동	127	22.1	1005.9	-	232	
2021-07-09 03:10:00	24.3	남동	135	21.76	29.93	0.26	4.5	0.38	5.0	2.7	동남동	117	22.1	1005.8	-	109	
2021-07-09 03:15:00	25.8	남동	131	21.83	29.92	0.30	5.2	0.49	5.0	2.3	동남동	105	22.1	1005.8	-	107	
2021-07-09 03:20:00	25.7	남동	129	21.80	30.02	0.40	4.6	0.54	4.5	2.1	동남동	121	22.2	1005.9	-	60	
2021-07-09 03:25:00	27.1	남동	126	21.80	30.05	0.33	4.8	0.38	4.5	2.0	남동	134	22.2	1006.0	-	151	
2021-07-09 03:30:00	24.9	남동	130	21.77	30.01	0.33	4.5	0.49	4.0	1.8	남동	137	22.2	1006.0	-	348	
2021-07-09 03:35:00	25.6	남동	128	21.67	29.87	0.36	4.5	0.50	4.5	1.8	남동	142	22.2	1006.1	-	52	
2021-07-09 03:40:00	27.2	남동	127	21.74	29.86	0.29	4.6	0.39	5.0	2.2	남남동	152	22.1	1006.0	-	47	
2021-07-09 03:45:00	24.9	남동	128	21.86	29.76	0.34	4.8	0.47	4.5	2.7	남남동	152	22.1	1006.0	-	29	
2021-07-09 03:50:00	24.7	남동	124	21.87	29.94	0.34	4.8	0.44	4.5	2.9	남남동	147	22.1	1005.9	-	43	
2021-07-09 03:55:00	27.7	남동	130	21.91	29.86	0.31	4.3	0.44	5.5	2.9	남동	137	22.0	1005.8	-	227	
2021-07-09 04:00:00	24.4	남동	130	21.95	29.80	0.34	4.1	0.54	5.0	3.4	남동	137	22.0	1005.7	-	80	
2021-07-09 04:05:00	24.3	남동	126	21.96	29.96	0.39	4.7	0.49	5.0	4.1	남동	136	22.0	1005.5	-	178	
2021-07-09 04:10:00	25.7	남동	131	21.96	29.93	0.38	4.9	0.51	5.0	4.0	남동	133	22.0	1005.4	-	70	
2021-07-09 04:15:00	25.8	남동	131	21.93	29.94	0.40	4.6	0.54	3.5	3.1	남동	130	22.0	1005.4	-	109	
2021-07-09 04:20:00	23.0	남동	128	21.93	29.89	0.39	4.6	0.54	4.0	2.3	남동	126	22.0	1005.6	-	195	
2021-07-09 04:25:00	24.7	남동	130	21.91	29.98	0.40	4.5	0.51	4.5	1.8	남동	130	22.1	1005.6	-	50	
2021-07-09 04:30:00	28.4	남동	126	21.91	29.91	0.34	4.3	0.49	4.0	2.0	남동	138	22.1	1005.5	-	185	
2021-07-09 04:35:00	24.9	남동	128	21.90	29.85	0.39	4.4	0.55	5.0	1.9	남동	131	22.1	1005.5	-	265	
2021-07-09 04:40:00	24.7	남동	132	21.81	29.85	0.35	4.5	0.54	4.5	2.3	남동	133	22.1	1005.6	-	37	
2021-07-09 04:45:00	23.6	남동	129	21.88	29.98	0.36	4.3	0.56	4.0	2.1	남동	133	22.1	1005.6	-	49	
2021-07-09 04:50:00	22.8	남동	135	21.88	29.94	0.39	4.6	0.50	5.5	2.2	남동	130	22.1	1005.7	-	21	
2021-07-09 04:55:00	24.9	남동	134	21.95	29.78	0.38	4.4	0.53	4.5	2.2	남동	129	22.1	1005.7	-	242	
2021-07-09 05:00:00	24.6	남동	142	21.95	29.92	0.46	4.5	0.58	4.5	2.3	남동	132	22.1	1005.7	-	31	
2021-07-09 05:05:00	26.3	남남동	149	22.02	29.85	0.44	4.6	0.65	4.0	2.3	남동	141	22.1	1005.8	-	48	
2021-07-09 05:10:00	24.1	남동	141	22.05	29.86	0.40	4.4	0.60	4.5	1.8	남남동	150	22.2	1006.0	-	265	
2021-07-09 05:15:00	25.2	남동	141	22.11	29.90	0.41	4.6	0.50	4.5	1.6	남남동	149	22.1	1006.1	-	10	
2021-07-09 05:20:00	26.0	남동	144	22.27	29.84	0.39	4.6	0.60	4.5	1.6	남남동	147	22.1	1006.0	-	24	
2021-07-09 05:25:00	24.7	남동	145	22.36	29.84	0.41	4.5	0.59	4.0	1.9	남동	142	22.1	1005.9	-	81	
2021-07-09 05:30:00	29.2	남남동	152	22.35	29.90	0.38	4.5	0.57	5.0	2.1	남동	146	22.1	1005.8	-	241	
2021-07-09 05:35:00	27.2	남남동	150	22.36	29.91	0.44	4.8	0.60	5.5	2.1	남동	141	22.1	1005.9	-	52	
2021-07-09 05:40:00	26.8	남남동	152	22.39	29.92	0.37	4.5	0.51	5.0	2.0	남남동	147	22.1	1005.9	-	33	
2021-07-09 05:45:00	24.8	남남동	147	22.41	29.83	0.41	4.5	0.61	4.0	1.6	남남동	152	22.1	1006.0	-	306	
2021-07-09 05:50:00	24.1	남남동	153	22.43	29.94	0.40	4.7	0.58	4.5	1.3	남남동	147	22.1	1006.1	-	285	
2021-07-09 05:55:00	25.0	남남동	154	22.42	29.95	0.45	4.5	0.64	3.5	1.1	남동	138	22.2	1006.1	-	241	
2021-07-09 06:00:00	24.0	남남동	152	22.42	29.97	0.35	4.4	0.50	5.0	0.7	남동	141	22.2	1006.2	-	324	
2021-07-09 06:05:00	24.5	남남동	150	22.44	30.02	0.44	4.6	0.64	4.5	0.4	남동	135	22.2	1006.3	-	265	
2021-07-09 06:10:00	22.8	남남동	149	22.44	29.93	0.36	4.4	0.52	4.0	0.3	동남동	104	22.2	1006.3	-	157	
2021-07-09 06:15:00	23.3	남남동	152	22.41	29.98	0.39	4.5	0.58	4.5	0.7	동	88	22.2	1006.1	-	220	
2021-07-09 06:20:00	26.8	남남동	152	22.39	30.00	0.47	4.9	0.67	4.5	0.7	동	86	22.3	1006.0	-	57	
2021-07-09 06:25:00	26.2	남남동	147	22.32	29.83	0.46	4.6	0.59	4.5	0.8	동남동	123	22.3	1006.0	-	110	
2021-07-09 06:30:00	25.7	남남동	149	22.26	29.87	0.49	4.6	0.70	4.5	1.1	남동	140	22.3	1005.9	-	12	
2021-07-09 06:35:00	26.5	남남동	151	22.26	29.99	0.46	4.6	0.75	5.0	1.1	남동	140	22.3	1005.9	-	48	
2021-07-09 06:40:00	27.3	남남동	146	22.19	29.96	0.50	4.6	0.64	4.5	1.3	남동	135	22.4	1005.8	-	206	
2021-07-09 06:45:00	25.4	남남동	149	22.12	29.72	0.48	4.6	0.74	4.0	0.5	남남동	155	22.4	1006.0	-	46	
2021-07-09 06:50:00	29.0	남남동	150	22.12	29.99	0.46	4.6	0.69	4.5	0.1	남남동	158	22.5	1005.9	-	79	
2021-07-09 06:55:00	30.3	남남동	150	22.16	29.96	0.44	4.5	0.59	3.5	0.0	남남동	151	22.5	1005.8	-	250	
2021-07-09 07:00:00	26.7	남남동	152	22.22	29.96	0.47	4.2	0.67	4.5	0.0	남동	132	22.6	1005.6	-	0	
2021-07-09 07:05:00	27.7	남남동	149	22.24	29.76	0.43	4.8	0.64	4.5	0.0	서북서	297	22.6	1005.6	-	42	
2021-07-09 07:10:00	26.9	남동	144	22.26	29.86	0.43	4.7	0.57	4.5	0.4	북북서	333	22.5	1005.8	-	214	
2021-07-09 07:15:00	27.6	남동	145	22.27	29.95	0.41	4.5	0.54	4.5	0.8	북서	323	22.4	1005.9	-	192	
2021-07-09 07:20:00	28.9	남동	145	22.29	29.91	0.46	4.6	0.71	4.5	0.6	북서	322	22.5	1005.9	-	343	
2021-07-09 07:25:00	30.1	남동	139	22.31	29.90	0.44	4.5	0.60	5.5	0.4	북북서	332	22.7	1006.1	-	296	
2021-07-09 07:30:00	29.9	남동	142	22.32	29.85	0.44	4.4	0.58	5.0	0.6	북서	326	22.8	1006.1	-	233	
2021-07-09 07:35:00	27.9	남남동	147	22.33	29.96	0.51	4.4	0.73	4.0	1.4	북서	325	22.7	1006.2	-	267	
2021-07-09 07:40:00	26.3	남동	144	22.37	29.86	0.46	4.9	0.58	5.5	1.9	북서	323	22.5	1006.2	-	14	
2021-07-09 07:45:00	26.9	남남동	148	22.38	29.87	0.47	4.8	0.69	4.0	2.0	북북서	328	22.4	1006.3	-	352	
2021-07-09 07:50:00	27.8	남동	140	22.38	29.85	0.39	4.4	0.49	4.5	1.7	북북서	340	22.4	1006.3	-	58	
2021-07-09 07:55:00	25.4	남동	145	22.36	29.82	0.46	4.7	0.61	5.0	1.1	북	356	22.6	1006.2	-	78	
2021-07-09 08:00:00	27.8	남동	143	22.38	29.87	0.49	4.8	0.66	5.0	1.0	북	6	23.0	1006.2	-	346	
2021-07-09 08:05:00	30.7	남동	145	22.37	29.70	0.42	4.5	0.66	5.0	1.3	북	4	23.1	1006.2	-	321	
2021-07-09 08:10:00	29.4	남동	142	22.34	29.74	0.54	4.7	0.77	5.0	1.2	북북동	24	23.0	1006.2	-	229	
2021-07-09 08:15:00	29.3	남동	140	22.31	29.59	0.46	4.5	0.67	4.0	1.0	북북동	27	23.1	1006.3	-	245	
2021-07-09 08:20:00	29.2	남동	140	22.30	29.72	0.45	4.6	0.64	3.5	0.7	북북동	33	23.2	1006.4	-	193	
2021-07-09 08:25:00	28.8	남동	143	22.29	29.79	0.55	4.7	0.86	5.0	1.1	동북동	62	23.4	1006.5	-	44	
2021-07-09 08:30:00	29.7	남동	142	22.31	29.79	0.53	4.7	0.81	5.0	1.5	동북동	57	23.6	1006.6	-	63	
2021-07-09 08:35:00	30.6	남동	139	22.22	29.73	0.50	5.0	0.83	5.5	2.1	북동	54	23.4	1006.6	-	49	
2021-07-09 08:40:00	31.4	남동	137	22.19	29.87	0.48	4.6	0.82	4.5	2.3	동북동	62	23.4	1006.7	-	50	
2021-07-09 08:45:00	31.6	남동	140	22.18	29.57	0.54	5.0	0.83	4.5	2.2	동북동	74	23.4	1006.7	-	48	
2021-07-09 08:50:00	30.4	남남동	148	22.14	29.84	0.47	4.4	0.66	4.0	2.4	동	82	23.3	1006.6	-	59	
2021-07-09 08:55:00	30.7	남동	142	22.13	29.81	0.44	4.6	0.73	4.5	2.8	동	89	23.2	1006.6	-	265	
2021-07-09 09:00:00	31.7	남동	143	22.09	29.88	0.51	4.7	0.64	5.0	3.0	동	88	23.2	1006.4	-	54	
2021-07-09 09:05:00	29.2	남동	141	22.18	29.88	0.43	4.5	0.54	5.0	2.8	동	91	23.2	1006.4	-	186	
2021-07-09 09:10:00	28.4	남동	141	22.17	29.81	0.51	4.7	0.67	5.0	2.9	동	82	23.2	1006.4	-	47	
2021-07-09 09:15:00	28.8	남동	141	22.16	29.81	0.47	4.8	0.90	4.5	3.1	동	81	23.2	1006.3	-	45	
2021-07-09 09:20:00	28.9	남동	145	22.16	29.82	0.54	4.7	0.82	4.5	3.0	동	81	23.2	1006.4	-	39	
2021-07-09 09:25:00	26.7	남동	143	22.15	29.83	0.52	4.8	0.90	5.0	2.7	동	81	23.3	1006.3	-	60	
2021-07-09 09:30:00	28.0	남남동	147	22.17	29.84	0.47	4.9	0.66	4.5	2.9	동	91	23.4	1006.4	-	258	
2021-07-09 09:35:00	27.8	남동	146	22.16	29.80	0.52	4.6	0.80	4.5	3.0	동	89	23.4	1006.3	-	231	
2021-07-09 09:40:00	27.0	남남동	148	22.16	29.83	0.46	4.8	0.61	4.0	2.7	동	92	23.4	1006.3	-	31	
2021-07-09 09:45:00	26.3	남남동	149	22.17	29.83	0.45	5.1	0.83	5.0	2.9	동	94	23.5	1006.3	-	47	
2021-07-09 09:50:00	27.2	남남동	154	22.19	29.78	0.45	4.8	0.78	4.5	2.7	동	87	23.5	1006.4	-	36	
2021-07-09 09:55:00	27.6	남남동	150	22.19	29.82	0.52	4.9	0.83	4.5	3.0	동	87	23.6	1006.3	-	287	
2021-07-09 10:00:00	27.1	남남동	151	22.22	29.81	0.55	4.7	0.93	5.0	3.4	동	88	23.5	1006.3	-	98	
2021-07-09 10:05:00	26.9	남남동	147	22.21	29.85	0.54	4.8	0.75	5.0	3.2	동	94	23.5	1006.4	-	74	
2021-07-09 10:10:00	28.2	남남동	147	22.20	29.77	0.44	4.7	0.63	4.5	3.4	동	93	23.5	1006.4	-	84	
2021-07-09 10:15:00	25.5	남남동	153	22.21	29.82	0.48	4.8	0.63	6.0	3.8	동	99	23.5	1006.4	-	57	
2021-07-09 10:20:00	26.9	남남동	148	22.22	29.88	0.54	4.6	0.76	5.5	3.9	동	99	23.5	1006.5	-	56	
2021-07-09 10:25:00	29.1	남남동	147	22.22	29.78	0.49	5.1	0.67	5.0	3.8	동	101	23.5	1006.5	-	55	
2021-07-09 10:30:00	29.1	남남동	147	22.22	29.82	0.46	4.7	0.73	4.5	4.1	동	100	23.5	1006.5	-	255	
2021-07-09 10:35:00	26.9	남동	140	22.23	29.87	0.50	5.0	0.71	5.5	4.0	동남동	104	23.6	1006.4	-	74	
2021-07-09 10:40:00	27.5	남동	144	22.28	29.76	0.59	5.1	0.82	4.5	4.1	동	101	23.6	1006.4	-	63	
2021-07-09 10:45:00	28.4	남동	140	22.27	29.77	0.52	4.9	0.61	4.5	4.1	동	99	23.6	1006.3	-	64	
2021-07-09 10:50:00	28.7	남동	142	22.26	29.81	0.50	4.5	0.81	5.0	4.3	동	101	23.6	1006.3	-	349	
2021-07-09 10:55:00	29.2	남동	146	22.28	29.78	0.51	4.9	0.68	4.5	3.8	동남동	102	23.6	1006.3	-	264	
2021-07-09 11:00:00	26.7	남동	142	22.27	29.88	0.55	4.9	0.81	4.5	3.6	동	97	23.7	1006.2	-	59	
2021-07-09 11:05:00	28.2	남동	141	22.31	29.82	0.47	4.8	0.74	4.5	3.6	동	99	23.6	1006.2	-	57	
2021-07-09 11:10:00	26.9	남동	139	22.38	29.86	0.49	4.8	0.62	6.0	3.5	동남동	103	23.6	1006.3	-	232	
2021-07-09 11:15:00	26.2	남동	142	22.37	29.79	0.47	5.2	0.71	5.0	3.6	동	100	23.5	1006.3	-	63	
2021-07-09 11:20:00	26.2	남동	146	22.37	29.80	0.46	4.7	0.64	4.5	3.9	동남동	104	23.5	1006.3	-	75	
2021-07-09 11:25:00	27.0	남동	142	22.37	29.83	0.51	4.8	0.71	4.5	4.1	동남동	102	23.5	1006.2	-	65	
2021-07-09 11:30:00	25.7	남동	140	22.52	29.78	0.47	5.2	0.61	5.0	4.3	동남동	108	23.5	1006.3	-	66	
2021-07-09 11:35:00	20.7	남동	144	22.64	29.77	0.48	4.5	0.79	5.5	4.2	동남동	107	23.5	1006.2	-	13	
2021-07-09 11:40:00	23.9	남동	145	22.57	29.79	0.53	4.8	0.86	4.5	4.5	동남동	108	23.4	1006.1	-	58	
2021-07-09 11:45:00	26.9	남남동	148	22.49	29.83	0.45	5.2	0.64	5.5	4.7	동남동	107	23.4	1006.1	-	92	
2021-07-09 11:50:00	27.1	남동	145	22.51	29.76	0.44	4.6	0.59	5.0	4.7	동남동	103	23.4	1006.0	-	65	
2021-07-09 11:55:00	22.3	남동	146	22.60	29.82	0.55	4.9	0.76	5.5	4.6	동남동	103	23.4	1006.0	-	177	
2021-07-09 12:00:00	21.1	남남동	149	22.61	29.92	0.50	5.4	0.67	4.0	4.8	동남동	107	23.4	1006.0	-	59	
2021-07-09 12:05:00	22.9	남동	145	22.65	29.78	0.61	5.0	0.76	5.0	5.3	동남동	107	23.4	1006.0	-	73	
2021-07-09 12:10:00	21.4	남남동	147	22.66	29.76	0.52	4.8	0.70	5.0	5.1	동남동	108	23.4	1005.9	-	47	
2021-07-09 12:15:00	20.8	남남동	152	22.72	29.83	0.46	5.0	0.55	4.5	4.7	동남동	107	23.4	1005.9	-	74	
2021-07-09 12:20:00	18.4	남남동	153	22.72	29.85	0.51	4.8	0.81	5.0	5.0	동남동	106	23.4	1005.9	-	64	
2021-07-09 12:25:00	17.1	남남동	160	22.78	29.88	0.46	4.8	0.61	5.5	5.0	동남동	109	23.4	1005.9	-	49	
2021-07-09 12:30:00	16.0	남남동	163	22.87	29.79	0.54	4.6	0.72	4.0	4.8	동남동	109	23.4	1005.8	-	69	
2021-07-09 12:35:00	16.1	남남동	167	22.89	29.75	0.48	4.3	0.62	4.5	4.7	동남동	111	23.4	1005.9	-	77	
2021-07-09 12:40:00	15.3	남	169	22.83	29.86	0.58	4.9	0.75	4.5	4.6	동남동	113	23.4	1006.0	-	68	
2021-07-09 12:45:00	15.0	남	174	22.93	29.82	0.51	4.5	0.69	4.5	4.8	동남동	111	23.4	1005.9	-	62	
2021-07-09 12:50:00	15.6	남남동	162	22.93	29.75	0.49	4.7	0.65	5.0	4.7	동남동	110	23.4	1005.8	-	258	
2021-07-09 12:55:00	12.8	남	171	23.00	29.79	0.57	5.1	0.78	4.5	4.9	동남동	112	23.5	1005.9	-	57	
2021-07-09 13:00:00	17.7	남동	145	22.86	29.75	0.57	4.8	0.76	5.0	4.5	동남동	118	23.5	1006.0	-	270	
2021-07-09 13:05:00	18.6	남동	136	22.80	29.80	0.54	5.0	0.91	5.5	4.4	동남동	118	23.5	1006.0	-	61	
2021-07-09 13:10:00	15.3	남남동	151	22.84	29.82	0.54	5.0	0.70	5.5	4.4	동남동	115	23.5	1005.9	-	64	
2021-07-09 13:15:00	16.6	남동	142	22.69	29.82	0.54	5.0	0.73	5.0	4.3	동남동	117	23.5	1005.9	-	65	
2021-07-09 13:20:00	19.5	남동	141	22.56	29.87	0.44	5.1	0.57	4.5	4.6	동남동	122	23.5	1005.9	-	69	
2021-07-09 13:25:00	15.1	남남동	152	22.63	29.87	0.49	5.0	0.78	4.5	4.5	남동	125	23.5	1005.8	-	60	
2021-07-09 13:30:00	17.8	남동	134	22.46	29.91	0.49	4.9	0.78	4.5	5.1	동남동	122	23.5	1005.7	-	55	
2021-07-09 13:35:00	17.1	남동	125	22.43	29.96	0.53	4.8	0.88	4.5	5.0	동남동	120	23.5	1005.5	-	276	
2021-07-09 13:40:00	16.1	남동	136	22.39	29.88	0.53	4.7	0.81	5.0	4.5	동남동	122	23.5	1005.6	-	77	
2021-07-09 13:45:00	12.7	남동	140	22.72	29.68	0.56	5.0	0.77	3.5	5.0	동남동	121	23.5	1005.4	-	65	
2021-07-09 13:50:00	12.8	남동	133	22.59	29.80	0.52	4.6	0.79	4.0	4.3	동남동	118	23.5	1005.5	-	68	
2021-07-09 13:55:00	16.6	남동	133	22.60	29.94	0.53	4.7	0.73	5.0	4.3	동남동	121	23.5	1005.5	-	84	
2021-07-09 14:00:00	14.2	남동	133	22.65	29.78	0.48	4.4	0.62	3.5	4.9	남동	126	23.5	1005.5	-	290	
2021-07-09 14:05:00	10.9	남동	132	22.74	29.84	0.48	4.5	0.67	5.0	5.1	동남동	121	23.5	1005.5	-	87	
2021-07-09 14:10:00	13.3	남동	133	22.60	29.83	0.51	5.0	0.70	5.5	4.7	동남동	117	23.5	1005.5	-	75	
2021-07-09 14:15:00	17.2	남동	128	22.70	29.91	0.49	5.2	0.64	6.0	4.7	동남동	114	23.6	1005.4	-	57	
2021-07-09 14:20:00	13.5	남동	130	22.64	29.67	0.53	4.8	0.75	5.0	4.9	동남동	112	23.6	1005.4	-	90	
2021-07-09 14:25:00	14.0	남동	130	22.58	29.76	0.49	4.6	0.74	6.0	4.3	동남동	115	23.5	1005.5	-	70	
2021-07-09 14:30:00	11.4	남동	135	22.69	29.80	0.49	4.8	0.56	4.0	4.5	동남동	114	23.4	1005.4	-	73	
2021-07-09 14:35:00	11.0	남동	131	22.45	29.82	0.47	4.9	0.95	5.5	4.8	동남동	118	23.5	1005.4	-	54	
2021-07-09 14:40:00	10.9	남동	137	22.31	29.91	0.44	4.2	0.77	4.5	4.7	동남동	113	23.6	1005.4	-	221	
2021-07-09 14:45:00	12.2	남동	135	22.13	29.89	0.48	5.2	0.66	5.5	4.4	동남동	105	23.6	1005.3	-	61	
2021-07-09 14:50:00	13.2	남동	133	22.11	29.89	0.55	4.5	0.85	5.0	4.4	동남동	106	23.6	1005.3	-	66	
2021-07-09 14:55:00	12.4	남동	131	22.11	29.86	0.54	4.9	0.74	4.0	4.2	동남동	106	23.6	1005.3	-	80	
2021-07-09 15:00:00	13.6	남동	124	22.15	29.99	0.45	4.5	0.81	4.5	4.4	동남동	109	23.7	1005.3	-	258	
2021-07-09 15:05:00	14.3	남동	125	22.09	29.85	0.45	5.2	0.59	6.0	4.4	동남동	108	23.6	1005.2	-	71	
2021-07-09 15:10:00	15.4	남동	129	22.16	30.00	0.52	5.2	0.76	5.5	4.6	동남동	115	23.6	1005.0	-	89	
2021-07-09 15:15:00	14.9	동남동	115	22.26	29.96	0.49	4.8	0.73	5.5	4.9	동남동	118	23.6	1005.0	-	78	
2021-07-09 15:20:00	11.9	동남동	120	22.31	29.93	0.48	4.6	0.67	3.5	4.7	동남동	121	23.6	1005.0	-	233	
2021-07-09 15:25:00	12.5	동남동	122	22.29	29.90	0.46	4.4	0.65	4.5	4.8	동남동	121	23.6	1005.0	-	70	
2021-07-09 15:30:00	13.3	동남동	117	22.60	29.87	0.55	5.2	0.75	5.0	4.5	남동	125	23.6	1005.0	-	68	
2021-07-09 15:35:00	13.9	동남동	122	22.54	29.81	0.43	4.3	0.55	4.0	4.8	남동	124	23.6	1005.0	-	265	
2021-07-09 15:40:00	15.7	동남동	122	22.65	29.86	0.51	4.9	0.76	6.0	4.6	동남동	123	23.6	1004.9	-	84	
2021-07-09 15:45:00	10.9	동남동	119	22.78	29.78	0.51	4.3	0.61	4.5	4.9	남동	124	23.6	1004.9	-	263	
2021-07-09 15:50:00	13.0	동남동	116	22.78	29.79	0.51	5.1	0.63	6.0	5.5	남동	129	23.6	1004.9	-	64	
2021-07-09 15:55:00	11.9	동남동	123	22.78	29.80	0.48	5.0	0.69	6.5	5.4	남동	132	23.6	1004.8	-	62	
2021-07-09 16:00:00	10.0	동남동	117	22.73	29.90	0.45	5.2	0.57	4.0	5.2	남동	132	23.6	1004.8	-	82	
2021-07-09 16:05:00	11.7	동남동	106	22.66	29.87	0.53	4.8	0.70	4.5	4.8	동남동	123	23.6	1004.9	-	65	
2021-07-09 16:10:00	14.7	동남동	121	22.67	29.88	0.55	4.9	0.92	5.0	4.7	동남동	123	23.5	1004.9	-	77	
2021-07-09 16:15:00	12.9	동남동	117	22.65	29.91	0.46	4.9	0.68	5.0	4.9	남동	124	23.4	1004.9	-	54	
2021-07-09 16:20:00	10.5	동남동	120	22.71	29.81	0.52	5.0	0.77	5.0	5.0	남동	125	23.3	1005.0	-	37	
2021-07-09 16:25:00	9.4	동남동	115	22.71	29.89	0.52	4.8	0.66	5.0	5.9	남동	124	23.4	1005.0	-	64	
2021-07-09 16:30:00	16.4	동남동	115	22.62	29.74	0.45	4.4	0.68	3.5	5.4	동남동	119	23.4	1005.0	-	30	
2021-07-09 16:35:00	12.3	동남동	111	22.58	29.76	0.48	4.4	0.67	6.0	5.8	동남동	114	23.3	1005.1	-	31	
2021-07-09 16:40:00	10.7	동남동	111	22.49	29.74	0.42	4.5	0.51	4.5	5.7	동남동	118	23.3	1005.1	-	76	
2021-07-09 16:45:00	12.5	동	101	22.59	29.73	0.43	4.2	0.60	3.0	5.3	동남동	116	23.3	1005.3	-	64	
2021-07-09 16:50:00	12.6	동남동	106	22.45	29.78	0.49	4.8	0.65	5.5	5.2	동남동	116	23.3	1005.3	-	60	
2021-07-09 16:55:00	7.5	동남동	111	22.50	29.79	0.45	4.7	0.60	5.0	5.0	동남동	119	23.3	1005.3	-	65	
2021-07-09 17:00:00	12.0	동남동	103	22.51	29.80	0.47	4.6	0.64	5.0	5.3	동남동	121	23.3	1005.1	-	52	
2021-07-09 17:05:00	8.0	동	92	22.59	29.82	0.46	4.2	0.66	4.0	5.1	동남동	119	23.3	1005.1	-	83	
2021-07-09 17:10:00	10.8	동	96	22.55	29.84	0.43	4.5	0.61	5.0	4.9	동남동	115	23.3	1005.2	-	49	
2021-07-09 17:15:00	10.1	동	89	22.44	29.83	0.46	4.0	0.67	3.5	4.5	동남동	116	23.3	1005.3	-	281	
2021-07-09 17:20:00	8.1	동	84	22.51	29.72	0.47	5.1	0.62	6.0	4.8	동남동	118	23.3	1005.2	-	63	
2021-07-09 17:25:00	9.8	동북동	74	22.56	29.81	0.43	3.9	0.82	3.5	5.3	동남동	121	23.3	1005.3	-	61	
2021-07-09 17:30:00	10.2	동	85	22.63	29.83	0.43	4.4	0.65	5.5	5.1	동남동	119	23.3	1005.3	-	78	
2021-07-09 17:35:00	10.4	동북동	72	22.59	29.78	0.48	4.2	0.72	3.5	5.2	동남동	114	23.3	1005.2	-	58	
2021-07-09 17:40:00	9.9	동북동	78	22.58	29.92	0.46	4.1	0.64	3.5	4.8	동남동	112	23.3	1005.3	-	118	
2021-07-09 17:45:00	7.6	동	86	22.55	29.78	0.43	4.5	0.55	5.5	5.3	동남동	113	23.2	1005.2	-	49	
2021-07-09 17:50:00	7.0	동북동	76	22.56	29.78	0.44	4.4	0.54	3.5	5.7	동남동	118	23.2	1005.1	-	69	
2021-07-09 17:55:00	9.9	동	88	22.59	29.74	0.50	5.0	0.84	5.0	4.7	동남동	123	23.2	1005.2	-	58	
2021-07-09 18:00:00	8.2	동북동	75	22.62	29.77	0.42	4.8	0.51	4.5	5.0	동남동	121	23.2	1005.3	-	73	
2021-07-09 18:05:00	6.1	동북동	73	22.59	29.77	0.44	4.5	0.63	3.5	5.2	동남동	121	23.2	1005.2	-	51	
2021-07-09 18:10:00	7.2	동북동	67	22.59	29.75	0.48	4.8	0.83	5.0	4.8	동남동	119	23.1	1005.2	-	61	
2021-07-09 18:15:00	8.6	동북동	61	22.61	29.72	0.43	4.8	0.57	5.0	5.1	동남동	121	23.1	1005.2	-	72	
2021-07-09 18:20:00	8.2	동북동	62	22.61	29.75	0.45	4.7	0.61	5.5	4.7	동남동	118	23.1	1005.1	-	60	
2021-07-09 18:25:00	8.5	북동	42	22.63	29.71	0.45	5.2	0.67	4.5	4.0	동남동	121	23.1	1005.4	-	84	
2021-07-09 18:30:00	7.7	북북동	31	22.61	29.73	0.43	4.6	0.75	5.0	4.5	동남동	114	23.1	1005.3	-	63	
2021-07-09 18:35:00	7.2	북북동	31	22.62	29.73	0.41	4.6	0.56	3.5	4.9	동남동	115	23.1	1005.3	-	54	
2021-07-09 18:40:00	9.0	북동	43	22.61	29.74	0.43	4.3	0.58	5.0	5.2	동남동	123	23.1	1005.3	-	63	
2021-07-09 18:45:00	9.2	북동	40	22.60	29.74	0.47	4.7	0.70	4.0	5.5	동남동	122	23.1	1005.2	-	294	
2021-07-09 18:50:00	7.8	북동	40	22.58	29.71	0.40	4.7	0.66	5.5	5.2	동남동	123	23.1	1005.3	-	72	
2021-07-09 18:55:00	9.4	북동	40	22.60	29.74	0.40	4.6	0.52	5.0	4.8	동남동	118	23.1	1005.4	-	70	
2021-07-09 19:00:00	9.8	동북동	60	22.59	29.76	0.47	4.9	0.65	6.0	4.5	동남동	122	23.0	1005.8	-	61	
2021-07-09 19:05:00	8.2	북동	53	22.57	29.70	0.47	4.4	0.58	5.0	4.7	동남동	117	23.0	1005.8	-	70	
2021-07-09 19:10:00	5.5	북동	46	22.55	29.66	0.44	5.4	0.66	5.0	4.5	동남동	122	23.0	1006.0	-	75	
2021-07-09 19:15:00	6.3	북동	42	22.45	29.71	0.45	5.0	0.60	4.5	4.4	남동	125	23.1	1005.9	-	53	
2021-07-09 19:20:00	6.6	북동	49	22.48	29.71	0.42	4.1	0.56	5.5	4.4	동남동	117	23.0	1005.9	-	67	
2021-07-09 19:25:00	4.2	북동	37	22.50	29.68	0.47	5.1	0.68	5.5	4.2	동남동	116	23.0	1006.0	-	54	
2021-07-09 19:30:00	5.9	북북서	338	22.52	29.69	0.44	4.8	0.72	4.0	3.5	동남동	119	23.0	1006.2	-	35	
2021-07-09 19:35:00	7.2	북북서	333	22.52	29.76	0.43	4.8	0.59	3.5	2.8	동남동	122	23.0	1006.5	-	56	
2021-07-09 19:40:00	6.3	동북동	58	22.42	29.67	0.40	4.8	0.62	5.5	2.9	동남동	114	23.0	1006.4	-	54	
2021-07-09 19:45:00	7.5	동북동	70	22.34	29.64	0.48	5.0	0.61	5.5	2.6	동	98	23.0	1006.3	-	52	
2021-07-09 19:50:00	5.3	북	1	22.42	29.51	0.40	4.8	0.74	5.0	1.9	동	95	23.0	1006.4	-	37	
2021-07-09 19:55:00	5.4	북	3	22.39	29.48	0.55	5.1	0.84	6.0	2.2	북	5	22.9	1006.6	-	63	
2021-07-09 20:00:00	6.6	북동	50	22.37	29.61	0.42	4.7	0.61	5.5	4.3	북북서	345	22.7	1006.6	-	50	
2021-07-09 20:05:00	6.2	북동	40	22.30	29.43	0.42	4.7	0.61	5.5	3.9	북	359	22.7	1006.6	-	63	
2021-07-09 20:10:00	8.6	동북동	61	22.29	29.42	0.44	5.0	0.61	5.5	3.9	북	3	22.5	1006.6	-	55	
2021-07-09 20:15:00	7.4	북동	43	22.31	29.67	0.42	4.9	0.57	6.0	3.6	북북서	347	22.5	1006.7	-	71	
2021-07-09 20:20:00	5.6	북동	48	22.27	29.75	0.43	4.9	0.70	5.0	2.0	북북서	327	22.4	1006.9	-	53	
2021-07-09 20:25:00	4.1	북북동	23	22.24	29.92	0.43	5.4	0.63	5.0	2.0	북서	314	22.3	1007.0	-	54	
2021-07-09 20:30:00	4.0	북북동	12	22.26	29.74	0.39	4.9	0.52	5.0	2.9	북서	314	22.5	1007.0	-	33	
2021-07-09 20:35:00	4.1	동북동	74	22.14	29.73	0.42	5.3	0.52	4.5	3.4	북서	319	22.3	1007.0	-	42	
2021-07-09 20:40:00	5.1	동	85	22.08	29.71	0.42	5.0	0.56	5.0	2.7	북서	307	22.1	1007.1	-	46	
2021-07-09 20:45:00	5.5	동	99	22.09	29.69	0.44	5.2	0.68	5.5	2.5	서북서	302	22.1	1007.1	-	49	
2021-07-09 20:50:00	2.9	북북동	27	22.15	29.83	0.46	5.0	0.65	4.5	1.6	서	280	22.2	1007.0	-	66	
2021-07-09 20:55:00	10.7	동	95	22.03	29.71	0.44	5.0	0.54	5.5	2.1	서	266	22.1	1007.0	-	60	
2021-07-09 21:00:00	6.7	동	80	22.00	29.75	0.41	5.1	0.62	5.0	1.6	서	268	22.1	1007.0	-	47	
2021-07-09 21:05:00	11.3	동남동	102	22.08	29.73	0.44	5.6	0.55	5.5	1.9	서북서	285	22.0	1007.0	-	58	
2021-07-09 21:10:00	10.4	동	88	21.92	29.77	0.39	4.8	0.54	4.5	3.0	서북서	282	22.0	1007.2	-	45	
2021-07-09 21:15:00	10.0	동	90	22.11	29.76	0.37	4.8	0.52	5.5	3.4	서	267	21.9	1007.3	-	50	
2021-07-09 21:20:00	9.0	동	79	22.12	29.66	0.37	4.8	0.70	5.5	1.8	서북서	283	21.9	1007.3	-	64	
2021-07-09 21:25:00	9.9	동	94	22.09	29.66	0.35	4.9	0.50	4.0	1.6	서북서	292	22.0	1007.2	-	49	
2021-07-09 21:30:00	11.6	동	89	22.02	29.69	0.37	5.1	0.52	5.0	0.8	서북서	297	21.9	1007.1	-	37	
2021-07-09 21:35:00	13.8	동남동	105	21.90	29.68	0.42	5.3	0.61	5.0	0.0	북동	55	21.8	1007.0	-	55	
2021-07-09 21:40:00	16.3	동	100	21.92	29.70	0.41	5.2	0.57	5.0	0.0	동남동	111	21.8	1007.1	-	35	
2021-07-09 21:45:00	15.0	동	94	21.92	29.74	0.45	5.1	0.69	5.0	0.0	동남동	105	21.7	1007.2	-	70	
2021-07-09 21:50:00	11.5	동	89	22.01	29.70	0.46	5.3	0.64	5.5	0.7	동북동	63	21.8	1007.1	-	87	
2021-07-09 21:55:00	10.0	동	95	21.93	29.70	0.48	5.3	0.65	4.5	0.6	동	83	21.8	1007.1	-	68	
2021-07-09 22:00:00	13.3	동남동	112	21.87	29.75	0.44	5.1	0.66	5.0	0.7	남동	127	21.9	1007.1	-	89	
2021-07-09 22:05:00	15.7	동남동	105	21.82	29.78	0.44	5.0	0.62	4.5	0.4	동남동	111	21.8	1007.2	-	38	
2021-07-09 22:10:00	16.4	동	101	21.86	29.72	0.47	5.2	0.58	5.5	0.8	동	80	21.9	1007.1	-	46	
2021-07-09 22:15:00	15.4	동	101	21.86	29.65	0.47	5.2	0.72	5.5	1.5	동남동	106	21.9	1007.0	-	40	
2021-07-09 22:20:00	14.3	동	98	21.95	29.68	0.41	5.2	0.64	5.5	1.2	동남동	122	22.0	1006.9	-	33	
2021-07-09 22:25:00	11.4	동남동	110	21.96	29.67	0.41	4.8	0.60	4.5	1.8	남동	143	22.2	1007.0	-	62	
2021-07-09 22:30:00	13.9	동남동	106	21.91	29.65	0.51	5.1	0.76	5.0	2.1	동남동	120	22.3	1007.0	-	49	
2021-07-09 22:35:00	16.4	동남동	109	21.87	29.67	0.52	5.2	0.70	5.0	3.4	동남동	123	22.2	1007.0	-	71	
2021-07-09 22:40:00	15.7	동남동	115	21.79	29.67	0.53	5.2	0.72	5.5	3.8	동남동	121	22.3	1006.9	-	57	
2021-07-09 22:45:00	17.4	동남동	104	21.80	29.67	0.43	4.9	0.57	5.0	4.1	동남동	116	22.3	1006.8	-	60	
2021-07-09 22:50:00	18.9	동남동	113	21.78	29.67	0.42	5.2	0.54	6.0	3.0	동	100	22.3	1007.0	-	69	
2021-07-09 22:55:00	20.2	동남동	117	21.76	29.62	0.46	5.4	0.69	5.0	2.4	동	95	22.3	1007.1	-	46	
2021-07-09 23:00:00	17.2	동남동	118	21.78	29.71	0.45	5.2	0.60	4.5	2.7	동	86	22.3	1006.9	-	78	
2021-07-09 23:05:00	19.0	동남동	116	21.67	29.74	0.56	5.6	0.83	5.0	2.6	동	79	22.3	1006.8	-	61	
2021-07-09 23:10:00	17.8	동남동	122	21.68	29.73	0.45	5.2	0.69	5.0	1.8	동북동	74	22.3	1006.8	-	49	
2021-07-09 23:15:00	18.1	동남동	114	21.63	29.67	0.38	4.9	0.59	4.5	1.7	북북동	18	22.2	1006.9	-	50	
2021-07-09 23:20:00	20.3	동남동	119	21.58	29.65	0.44	5.1	0.65	5.0	1.7	북북동	14	22.1	1006.8	-	60	
2021-07-09 23:25:00	18.2	동남동	111	21.60	29.74	0.38	5.1	0.52	4.5	1.5	북	356	21.9	1007.0	-	41	
2021-07-09 23:30:00	19.2	동남동	113	21.59	29.70	0.47	5.0	0.64	4.5	1.8	북북서	328	21.9	1007.1	-	66	
2021-07-09 23:35:00	20.3	동남동	115	21.54	29.67	0.47	5.0	0.69	5.0	2.2	북북서	336	21.6	1007.0	-	49	
2021-07-09 23:40:00	19.5	동남동	118	21.58	29.73	0.44	5.1	0.64	5.5	2.4	북북서	335	21.6	1007.1	-	24	
2021-07-09 23:45:00	19.6	동남동	117	21.61	29.68	0.50	5.1	0.65	5.0	1.7	북북서	331	21.6	1007.1	-	45	
2021-07-09 23:50:00	20.0	동남동	122	21.62	29.69	0.42	5.1	0.58	4.5	1.6	북북서	348	21.7	1007.2	-	39	
2021-07-09 23:55:00	17.3	동남동	117	21.63	29.71	0.44	4.9	0.67	5.5	1.7	북북서	344	21.8	1007.2	-	46	
2021-07-10 00:00:00	16.4	동남동	124	21.59	29.66	0.44	5.3	0.57	5.0	2.0	북북서	346	21.6	1007.1	-	69	
2021-07-10 00:05:00	12.6	남동	136	21.60	29.63	0.47	5.4	0.69	6.0	1.6	북북서	330	21.7	1007.3	-	65	
2021-07-10 00:10:00	15.1	남동	136	21.62	29.60	0.53	5.0	0.73	5.0	1.7	북북서	328	21.8	1007.3	-	47	
2021-07-10 00:15:00	14.0	남동	136	21.62	29.52	0.49	5.0	0.71	5.0	1.3	북북서	335	21.8	1007.3	-	32	
2021-07-10 00:20:00	14.2	남동	140	21.61	29.66	0.48	5.0	0.63	5.0	1.7	북북서	331	21.8	1007.3	-	60	
2021-07-10 00:25:00	16.7	남동	133	21.61	29.62	0.50	5.2	0.77	4.5	1.2	북북서	334	21.8	1007.3	-	17	
2021-07-10 00:30:00	15.6	남동	129	21.60	29.62	0.59	5.3	0.89	4.5	1.4	북서	319	21.8	1007.2	-	30	
2021-07-10 00:35:00	14.3	남동	130	21.62	29.64	0.51	5.0	0.80	4.5	1.2	북서	308	21.7	1007.2	-	35	
2021-07-10 00:40:00	13.9	동남동	119	21.66	29.59	0.49	5.0	0.62	5.5	1.8	북서	305	21.6	1007.3	-	61	
2021-07-10 00:45:00	13.5	동남동	120	21.72	29.62	0.44	5.1	0.64	4.5	2.1	서북서	299	21.5	1007.3	-	70	
2021-07-10 00:50:00	13.4	남동	124	21.69	29.62	0.50	5.1	0.69	5.5	1.9	서북서	300	21.5	1007.2	-	53	
2021-07-10 00:55:00	14.1	남동	127	21.65	29.62	0.47	5.2	0.66	5.5	2.4	북서	308	21.4	1007.0	-	53	
2021-07-10 01:00:00	13.5	남동	129	21.64	29.64	0.49	5.1	0.62	6.0	2.6	북서	311	21.3	1006.8	-	70	
2021-07-10 01:05:00	11.7	남동	128	21.68	29.65	0.45	4.9	0.55	5.0	2.6	북서	305	21.2	1006.8	-	26	
2021-07-10 01:10:00	8.2	남남동	153	21.62	29.58	0.53	5.1	0.73	4.5	2.3	북서	306	21.2	1006.9	-	71	
2021-07-10 01:15:00	12.3	남동	141	21.54	29.55	0.52	4.9	0.67	5.0	2.1	북서	306	21.1	1006.9	-	53	
2021-07-10 01:20:00	15.5	남동	138	21.36	29.74	0.44	5.1	0.65	5.5	2.5	서북서	297	21.1	1007.0	-	45	
2021-07-10 01:25:00	14.5	남동	143	21.32	29.63	0.63	5.2	0.87	5.5	2.5	서북서	282	21.1	1007.0	-	47	
2021-07-10 01:30:00	16.7	남동	137	21.31	29.76	0.65	5.0	0.92	5.0	2.5	서	269	21.1	1007.1	-	38	
2021-07-10 01:35:00	15.1	남동	143	21.28	29.83	0.50	5.0	0.62	5.0	1.4	서	275	21.1	1007.1	-	62	
2021-07-10 01:40:00	14.6	남동	138	21.28	29.65	0.52	5.0	0.82	4.5	1.0	서북서	286	21.2	1007.1	-	62	
2021-07-10 01:45:00	16.6	남동	136	21.26	29.67	0.45	4.9	0.59	4.5	1.3	서북서	292	21.2	1007.0	-	67	
2021-07-10 01:50:00	16.0	남동	129	21.27	29.68	0.62	5.3	0.90	5.0	1.2	서	276	21.2	1006.9	-	61	
2021-07-10 01:55:00	13.9	남동	134	21.25	29.70	0.49	5.1	0.75	5.0	0.4	서	280	21.2	1006.7	-	35	
2021-07-10 02:00:00	13.7	남동	145	21.24	29.74	0.57	5.3	0.82	5.5	1.0	서	260	21.2	1006.8	-	50	
2021-07-10 02:05:00	13.4	남남동	151	21.23	29.70	0.41	5.0	0.63	5.0	1.4	서남서	252	21.2	1006.8	-	88	
2021-07-10 02:10:00	13.9	남동	140	21.24	29.67	0.63	5.0	0.85	5.0	1.4	서남서	238	21.2	1006.8	-	64	
2021-07-10 02:15:00	13.4	동남동	123	21.24	29.63	0.48	5.1	0.79	4.5	1.8	남서	228	21.2	1006.8	-	21	
2021-07-10 02:20:00	13.2	남동	136	21.23	29.63	0.55	4.8	0.69	5.0	1.3	남서	214	21.2	1006.8	-	91	
2021-07-10 02:25:00	12.9	남동	139	21.23	29.68	0.53	4.9	0.82	4.5	1.0	남서	234	21.2	1006.8	-	54	
2021-07-10 02:30:00	12.1	남동	138	21.23	29.69	0.51	4.8	0.71	5.0	1.0	남서	232	21.2	1006.7	-	69	
2021-07-10 02:35:00	12.2	남동	134	21.23	29.67	0.52	4.9	0.66	5.0	1.0	남서	233	21.2	1006.6	-	60	
2021-07-10 02:40:00	15.3	남동	124	21.23	29.66	0.61	5.0	0.80	4.5	0.9	서	268	21.2	1006.6	-	35	
2021-07-10 02:45:00	13.5	남동	133	21.23	29.66	0.53	4.8	0.86	5.0	1.4	서남서	253	21.2	1006.6	-	339	
2021-07-10 02:50:00	14.0	남동	126	21.23	29.56	0.48	4.8	0.64	4.5	2.1	서	263	21.3	1006.6	-	64	
2021-07-10 02:55:00	16.2	남동	127	21.31	29.54	0.64	4.9	1.00	5.0	1.5	서	266	21.4	1006.6	-	62	
2021-07-10 03:00:00	14.7	남남동	156	21.45	29.46	0.52	5.1	0.72	5.0	0.6	서남서	245	21.4	1006.6	-	40	
2021-07-10 03:05:00	16.2	남남동	155	21.80	29.42	0.55	5.0	0.87	5.0	0.9	서남서	243	21.4	1006.6	-	64	
2021-07-10 03:10:00	14.1	남남동	147	21.56	29.53	0.51	4.9	0.83	4.5	1.2	남남서	213	21.3	1006.6	-	30	
2021-07-10 03:15:00	13.4	남동	143	21.49	29.55	0.57	5.2	0.87	5.0	1.0	남서	226	21.3	1006.5	-	81	
2021-07-10 03:20:00	12.2	남남동	154	21.43	29.52	0.56	4.8	0.66	5.0	0.8	남남서	198	21.2	1006.5	-	73	
2021-07-10 03:25:00	13.0	남동	146	21.34	29.56	0.54	4.7	0.77	5.0	1.1	남	181	21.2	1006.5	-	38	
2021-07-10 03:30:00	12.4	남동	142	21.37	29.53	0.57	5.2	0.85	4.5	1.4	남	181	21.3	1006.6	-	67	
2021-07-10 03:35:00	14.9	남남동	160	21.96	29.56	0.54	5.1	0.80	4.5	2.3	남	170	21.3	1006.6	-	79	
2021-07-10 03:40:00	13.2	남	173	21.98	29.57	0.53	4.9	0.73	5.0	2.3	남남동	161	21.4	1006.5	-	56	
2021-07-10 03:45:00	15.4	남	185	22.06	29.55	0.46	4.8	0.75	4.5	2.2	남	177	21.3	1006.7	-	22	
2021-07-10 03:50:00	14.5	남남동	161	21.88	29.47	0.44	4.7	0.64	4.5	1.6	남	189	21.3	1006.8	-	12	
2021-07-10 03:55:00	14.3	남남동	161	21.76	29.68	0.49	5.1	0.63	5.5	1.4	남남동	165	21.2	1006.6	-	57	
2021-07-10 04:00:00	11.9	남	174	21.60	29.67	0.47	4.9	0.73	5.0	1.0	남남서	208	21.2	1006.6	-	49	
2021-07-10 04:05:00	11.2	남	171	21.42	29.57	0.53	4.8	0.79	4.5	0.8	남남서	194	21.2	1006.6	-	45	
2021-07-10 04:10:00	10.2	남남동	165	21.38	29.51	0.56	4.9	0.83	5.5	0.6	남	179	21.3	1006.5	-	68	
2021-07-10 04:15:00	13.2	남남동	149	21.29	29.54	0.54	4.9	0.74	4.5	1.0	서남서	258	21.4	1006.6	-	47	
2021-07-10 04:20:00	13.2	남남동	165	21.28	29.54	0.51	4.4	0.72	4.5	0.9	서북서	291	21.3	1006.6	-	323	
2021-07-10 04:25:00	11.2	남남동	164	21.31	29.48	0.55	4.9	0.74	4.5	1.5	서북서	299	21.3	1006.8	-	59	
2021-07-10 04:30:00	11.2	남남동	160	21.33	29.53	0.50	4.5	0.77	5.0	2.0	북서	304	21.3	1006.8	-	43	
2021-07-10 04:35:00	11.2	남남동	159	21.30	29.52	0.45	4.5	0.64	4.5	1.5	북서	309	21.2	1006.8	-	47	
2021-07-10 04:40:00	11.2	남남동	162	21.31	29.53	0.56	4.8	0.71	5.0	1.1	북서	310	21.2	1006.9	-	16	
2021-07-10 04:45:00	12.5	남남동	166	21.30	29.48	0.47	4.8	0.65	5.0	0.8	북서	307	21.2	1006.9	-	73	
2021-07-10 04:50:00	11.7	남	181	21.60	29.57	0.56	5.1	0.77	4.5	0.5	북서	311	21.2	1007.0	-	51	
2021-07-10 04:55:00	17.2	남남서	200	22.09	29.51	0.42	4.5	0.56	5.5	0.8	북서	309	21.3	1007.1	-	51	
2021-07-10 05:00:00	15.0	남	171	22.03	29.55	0.46	4.5	0.63	4.5	1.0	북서	304	21.3	1007.2	-	243	
2021-07-10 05:05:00	14.5	남	179	22.03	29.57	0.57	4.8	0.83	5.0	0.3	서북서	303	21.3	1007.2	-	63	
2021-07-10 05:10:00	12.8	남	182	22.03	29.58	0.52	5.0	0.84	5.0	0.6	북북서	339	21.2	1007.2	-	44	
2021-07-10 05:15:00	13.6	남남동	164	21.89	29.36	0.50	4.8	0.71	5.0	0.5	북북서	348	21.2	1007.2	-	9	
2021-07-10 05:20:00	13.8	남	186	21.98	29.48	0.48	4.8	0.68	5.0	0.5	북	3	21.2	1007.2	-	69	
2021-07-10 05:25:00	11.9	남남동	165	21.97	29.50	0.61	4.6	0.89	5.0	0.2	동북동	77	21.2	1007.0	-	27	
2021-07-10 05:30:00	13.8	남남동	165	21.92	29.41	0.60	5.0	0.91	4.5	0.5	남동	129	21.2	1006.9	-	71	
2021-07-10 05:35:00	12.2	남남동	169	21.75	29.43	0.52	5.1	0.76	4.5	1.0	남남서	192	21.3	1007.0	-	39	
2021-07-10 05:40:00	12.4	남남동	164	21.72	29.58	0.50	5.0	0.91	4.5	1.3	남남서	213	21.4	1007.1	-	14	
2021-07-10 05:45:00	12.2	남남동	166	21.64	29.62	0.47	4.8	0.80	4.5	1.5	서남서	245	21.4	1007.3	-	254	
2021-07-10 05:50:00	14.4	남	180	21.93	29.40	0.61	5.1	0.93	5.0	1.7	서남서	239	21.4	1007.6	-	52	
2021-07-10 05:55:00	13.2	남남동	157	21.82	29.62	0.57	4.6	0.87	4.0	1.6	남서	234	21.3	1007.8	-	41	
2021-07-10 06:00:00	11.5	남남동	168	21.71	29.56	0.51	5.0	0.69	4.5	1.3	서남서	242	21.3	1007.7	-	66	
2021-07-10 06:05:00	12.0	남남동	162	21.62	29.54	0.48	4.9	0.71	5.0	0.9	서남서	242	21.5	1007.6	-	32	
2021-07-10 06:10:00	12.4	남남동	157	21.67	29.50	0.53	4.8	0.74	4.5	0.7	서남서	237	21.5	1007.6	-	337	
2021-07-10 06:15:00	11.2	남남동	167	21.72	29.50	0.46	4.7	0.61	5.0	0.2	남남서	209	21.6	1007.5	-	106	
2021-07-10 06:20:00	10.6	남남동	161	21.62	29.49	0.50	4.6	0.71	4.0	0.7	북	10	21.6	1007.5	-	33	
2021-07-10 06:25:00	14.0	남	180	21.91	29.32	0.50	4.9	0.70	5.0	1.3	북북동	23	21.4	1007.5	-	28	
2021-07-10 06:30:00	12.9	남	169	21.82	29.46	0.45	4.9	0.68	5.0	2.0	북북동	27	21.3	1007.5	-	268	
2021-07-10 06:35:00	14.1	남	173	21.78	29.67	0.42	4.4	0.60	3.5	2.2	북북동	18	21.2	1007.4	-	239	
2021-07-10 06:40:00	12.5	남남동	156	21.58	29.67	0.51	4.8	0.74	4.5	1.4	북	0	21.2	1007.4	-	238	
2021-07-10 06:45:00	12.8	남	170	21.90	29.41	0.47	4.9	0.81	4.5	1.6	북서	323	21.2	1007.4	-	38	
2021-07-10 06:50:00	12.7	남	172	21.94	29.47	0.43	4.4	0.65	5.0	1.6	북서	314	21.3	1007.5	-	26	
2021-07-10 06:55:00	15.4	남남동	168	21.96	29.50	0.53	4.9	0.76	5.0	1.1	북북서	343	21.3	1007.5	-	51	
2021-07-10 07:00:00	15.7	남남동	164	21.92	29.40	0.50	4.8	0.69	4.5	0.4	북북서	336	21.3	1007.5	-	25	
2021-07-10 07:05:00	14.5	남남동	160	21.83	29.52	0.49	5.0	0.73	4.5	0.0	동남동	106	21.7	1007.6	-	41	
2021-07-10 07:10:00	15.5	남남동	162	21.87	29.60	0.51	5.1	0.65	5.0	0.6	동	100	21.8	1007.6	-	64	
2021-07-10 07:15:00	16.8	남남동	153	21.74	29.51	0.42	4.6	0.72	5.0	1.3	동	81	21.7	1007.5	-	30	
2021-07-10 07:20:00	17.2	남남동	157	21.70	29.55	0.43	4.9	0.52	4.5	0.4	동	95	21.8	1007.5	-	79	
2021-07-10 07:25:00	17.2	남남동	160	21.75	29.50	0.49	4.8	0.67	4.5	0.6	서북서	287	22.1	1007.5	-	56	
2021-07-10 07:30:00	15.2	남남동	159	21.69	29.53	0.51	4.7	0.58	5.0	1.2	서북서	285	21.9	1007.6	-	34	
2021-07-10 07:35:00	17.2	남남동	154	21.66	29.50	0.49	4.8	0.69	4.0	0.8	북서	323	21.6	1007.6	-	19	
2021-07-10 07:40:00	17.1	남남동	162	21.73	29.38	0.40	4.8	0.51	5.5	0.4	북북서	327	21.8	1007.5	-	320	
2021-07-10 07:45:00	16.4	남남동	159	21.81	29.58	0.41	4.7	0.56	4.0	0.3	서북서	284	22.2	1007.5	-	250	
2021-07-10 07:50:00	20.6	남남동	167	21.80	29.20	0.48	4.8	0.70	4.0	0.0	서	266	22.6	1007.4	-	42	
2021-07-10 07:55:00	22.8	남남동	167	21.85	29.19	0.46	4.8	0.64	5.0	0.6	서남서	240	22.8	1007.4	-	42	
2021-07-10 08:00:00	18.3	남남동	162	21.85	29.24	0.39	4.6	0.51	4.0	1.0	서남서	255	22.3	1007.4	-	315	
2021-07-10 08:05:00	19.8	남남동	161	21.88	29.34	0.44	4.8	0.69	4.5	0.9	북북서	342	22.1	1007.3	-	36	
2021-07-10 08:10:00	17.8	남남동	160	21.95	29.43	0.44	4.8	0.55	4.5	1.4	북북서	344	22.2	1007.3	-	33	
2021-07-10 08:15:00	19.4	남남동	165	22.03	29.45	0.39	5.1	0.56	5.0	1.5	북북서	331	22.2	1007.4	-	234	
2021-07-10 08:20:00	19.2	남남동	161	21.93	29.22	0.51	4.9	0.86	5.0	0.8	북북동	20	22.3	1007.4	-	49	
2021-07-10 08:25:00	17.6	남남동	156	21.91	29.39	0.43	4.8	0.56	4.5	0.4	북북동	22	22.8	1007.4	-	46	
2021-07-10 08:30:00	19.2	남남동	150	21.86	29.53	0.39	4.6	0.57	4.5	0.7	남동	129	23.4	1007.3	-	77	
2021-07-10 08:35:00	19.9	남남동	156	21.94	29.54	0.44	4.9	0.67	5.5	0.8	동남동	110	23.2	1007.3	-	65	
2021-07-10 08:40:00	17.2	남남동	161	22.00	29.55	0.43	4.8	0.57	5.0	0.8	남동	137	23.1	1007.4	-	82	
2021-07-10 08:45:00	16.7	남남동	163	22.04	29.53	0.44	4.8	0.55	5.0	1.3	남동	129	22.9	1007.4	-	85	
2021-07-10 08:50:00	18.8	남남동	155	22.03	29.35	0.40	4.9	0.49	5.5	1.8	동남동	123	22.8	1007.3	-	50	
2021-07-10 08:55:00	19.4	남남동	162	21.93	29.51	0.37	4.9	0.57	5.0	1.8	동남동	117	22.8	1007.2	-	19	
2021-07-10 09:00:00	17.6	남남동	158	21.94	29.36	0.42	4.8	0.58	4.5	2.0	동남동	102	22.8	1007.1	-	71	
2021-07-10 09:05:00	18.9	남남동	155	21.87	29.50	0.45	5.0	0.59	5.0	2.0	동남동	109	22.7	1007.1	-	52	
2021-07-10 09:10:00	18.4	남남동	151	21.82	29.44	0.37	4.7	0.46	4.5	1.8	남동	137	22.8	1007.3	-	102	
2021-07-10 09:15:00	17.7	남남동	153	21.85	29.65	0.44	4.6	0.88	5.0	2.5	남동	135	22.7	1007.3	-	22	
2021-07-10 09:20:00	19.8	남남동	156	21.97	29.39	0.42	4.7	0.59	5.0	2.7	남남동	147	22.8	1007.3	-	59	
2021-07-10 09:25:00	18.5	남남동	154	21.98	29.51	0.45	4.8	0.65	5.0	3.6	남남동	153	22.9	1007.3	-	58	
2021-07-10 09:30:00	19.8	남남동	147	21.91	29.52	0.41	4.8	0.63	5.0	3.6	남남동	148	23.0	1007.3	-	49	
2021-07-10 09:35:00	19.7	남남동	159	21.91	29.48	0.42	4.9	0.71	5.0	4.3	남동	146	22.8	1007.2	-	49	
2021-07-10 09:40:00	19.3	남남동	151	21.91	29.45	0.47	4.7	0.62	5.5	4.4	남동	144	22.5	1007.3	-	44	
2021-07-10 09:45:00	16.2	남남동	158	21.92	29.34	0.37	4.3	0.57	5.0	4.3	남동	145	22.4	1007.3	-	224	
2021-07-10 09:50:00	15.5	남남동	149	21.94	29.54	0.40	4.7	0.53	4.0	5.0	남동	140	22.3	1007.4	-	180	
2021-07-10 09:55:00	13.8	남남동	154	21.97	29.54	0.41	4.0	0.74	4.0	5.5	남동	146	22.3	1007.5	-	207	
2021-07-10 10:00:00	14.1	남	173	22.16	29.35	0.40	4.4	0.57	4.5	5.0	남남동	148	22.3	1007.6	-	63	
2021-07-10 10:05:00	17.2	남남동	162	22.12	29.33	0.39	4.6	0.55	4.0	5.4	남동	140	22.2	1007.6	-	62	
2021-07-10 10:10:00	15.3	남남동	159	22.12	29.04	0.39	4.3	0.52	5.0	5.1	남동	140	22.2	1007.5	-	59	
2021-07-10 10:15:00	15.8	남남동	155	22.10	29.35	0.41	4.6	0.63	3.5	5.1	남동	144	22.3	1007.6	-	34	
2021-07-10 10:20:00	14.6	남남동	166	22.06	29.39	0.44	4.3	0.56	4.5	5.3	남동	143	22.3	1007.5	-	71	
2021-07-10 10:25:00	9.9	남	175	22.09	29.34	0.43	3.7	0.61	2.5	5.6	남동	136	22.3	1007.4	-	190	
2021-07-10 10:30:00	11.2	남	173	22.06	29.36	0.41	3.7	0.70	4.5	5.3	남동	138	22.5	1007.4	-	67	
2021-07-10 10:35:00	10.6	남남동	164	22.08	29.34	0.46	3.8	0.75	3.5	5.2	남동	131	22.7	1007.4	-	90	
2021-07-10 10:40:00	9.4	남남동	153	22.05	29.37	0.48	4.3	0.67	3.0	4.8	남동	135	22.8	1007.5	-	60	
2021-07-10 10:45:00	10.0	남남동	149	22.06	29.33	0.46	4.4	0.58	3.5	4.9	남동	138	22.9	1007.6	-	68	
2021-07-10 10:50:00	11.7	남동	145	21.83	29.44	0.47	4.3	0.61	3.0	5.1	남동	136	22.8	1007.6	-	32	
2021-07-10 10:55:00	13.7	남남동	159	21.79	29.50	0.42	4.1	0.67	5.0	4.8	남동	133	22.6	1007.6	-	15	
2021-07-10 11:00:00	12.8	남남동	157	21.62	29.48	0.39	4.3	0.55	5.0	4.2	남동	136	22.6	1007.7	-	49	
2021-07-10 11:05:00	9.6	남남동	147	21.71	29.43	0.41	4.1	0.63	4.0	4.4	남동	137	22.5	1007.7	-	70	
2021-07-10 11:10:00	8.8	남	182	21.95	29.37	0.41	3.9	0.64	4.5	4.6	남동	134	22.5	1007.7	-	90	
2021-07-10 11:15:00	10.5	남	184	22.07	29.30	0.46	4.0	0.67	4.5	5.3	남동	131	22.5	1007.6	-	63	
2021-07-10 11:20:00	9.2	남	187	22.13	29.32	0.44	4.3	0.81	4.5	5.3	남동	126	22.5	1007.5	-	52	
2021-07-10 11:25:00	10.4	남	184	22.11	29.25	0.49	3.6	0.70	3.0	5.1	남동	131	22.5	1007.7	-	72	
2021-07-10 11:30:00	7.3	남남서	199	22.04	29.32	0.45	4.0	0.72	3.5	5.6	남동	125	22.4	1007.8	-	260	
2021-07-10 11:35:00	7.9	남남서	207	22.12	29.33	0.40	3.8	0.54	3.5	5.5	남동	131	22.3	1007.9	-	95	
2021-07-10 11:40:00	7.9	남남동	155	22.00	29.30	0.43	3.7	0.66	3.5	5.5	남동	131	22.3	1008.0	-	108	
2021-07-10 11:45:00	6.0	남	179	22.05	29.37	0.43	4.4	0.53	4.0	5.9	남동	128	22.2	1007.9	-	66	
2021-07-10 11:50:00	1.5	남남서	213	22.11	29.32	0.45	4.3	0.55	3.5	6.2	남동	131	22.3	1007.8	-	21	
2021-07-10 11:55:00	5.3	남남동	160	22.02	29.33	0.47	4.0	0.77	3.0	5.9	남동	127	22.3	1007.7	-	108	
2021-07-10 12:00:00	8.7	남	173	22.03	29.33	0.46	3.8	0.84	3.5	6.0	동남동	121	22.3	1007.6	-	110	
2021-07-10 12:05:00	6.4	남남동	166	22.03	29.31	0.51	3.8	0.73	5.5	6.2	남동	124	22.3	1007.6	-	114	
2021-07-10 12:10:00	5.8	남	181	21.93	29.44	0.52	3.7	0.90	3.0	6.0	동남동	121	22.3	1007.6	-	120	
2021-07-10 12:15:00	4.5	남남서	212	21.99	29.39	0.44	3.9	0.58	3.5	5.3	동남동	123	22.3	1007.7	-	69	
2021-07-10 12:20:00	4.4	남	171	21.95	29.45	0.56	3.6	0.74	3.0	5.6	동남동	120	22.4	1007.4	-	120	
2021-07-10 12:25:00	2.4	남동	131	21.96	29.45	0.54	3.9	0.82	3.0	5.1	동남동	121	22.4	1007.4	-	129	
2021-07-10 12:30:00	2.8	동남동	121	22.02	29.45	0.44	4.3	0.58	5.0	5.7	동남동	122	22.4	1007.2	-	88	
2021-07-10 12:35:00	5.0	남남동	151	21.97	29.45	0.46	4.2	0.72	5.0	5.4	남동	125	22.4	1007.1	-	76	
2021-07-10 12:40:00	3.9	남동	142	22.02	29.42	0.45	4.1	0.59	3.0	5.2	남동	125	22.5	1007.0	-	53	
2021-07-10 12:45:00	7.3	남동	142	21.88	29.51	0.45	3.8	0.68	3.5	5.6	남동	124	22.5	1006.9	-	119	
2021-07-10 12:50:00	1.7	서	264	21.96	29.46	0.48	4.0	0.67	3.5	5.9	동남동	122	22.4	1006.9	-	80	
2021-07-10 12:55:00	2.6	북동	45	22.05	29.37	0.45	3.8	0.63	4.5	6.1	남동	129	22.4	1006.9	-	61	
2021-07-10 13:00:00	1.2	남남동	149	22.02	29.41	0.49	4.1	0.81	3.5	5.2	남동	129	22.4	1006.9	-	51	
2021-07-10 13:05:00	1.7	서북서	298	22.11	29.31	0.46	4.0	0.60	3.0	4.4	남동	131	22.4	1007.0	-	55	
2021-07-10 13:10:00	0.5	남동	138	22.09	29.39	0.36	3.6	0.57	4.0	4.3	남동	126	22.2	1007.0	-	66	
2021-07-10 13:15:00	2.1	남	188	22.08	29.38	0.42	4.3	0.58	4.5	4.6	남동	124	22.1	1006.9	-	99	
2021-07-10 13:20:00	0.0	서남서	257	22.02	29.37	0.38	4.2	0.53	6.0	4.9	남동	125	22.2	1006.9	-	65	
2021-07-10 13:25:00	1.4	동	92	22.04	29.34	0.43	4.4	0.69	4.0	4.6	동남동	121	22.2	1006.9	-	50	
2021-07-10 13:30:00	1.2	동	87	22.14	29.37	0.40	4.0	0.56	3.0	4.8	남동	126	22.4	1006.7	-	51	
2021-07-10 13:35:00	1.2	북서	320	22.09	29.26	0.44	4.2	0.68	5.0	5.5	남동	127	22.4	1006.5	-	81	
2021-07-10 13:40:00	1.4	북	351	22.13	29.35	0.47	4.2	0.70	3.0	5.2	남동	125	22.4	1006.5	-	55	
2021-07-10 13:45:00	1.4	북북서	338	22.12	29.44	0.45	4.1	0.63	3.5	5.6	남동	132	22.4	1006.3	-	75	
2021-07-10 13:50:00	2.2	북북동	19	22.08	29.29	0.42	3.5	0.60	5.0	4.8	남동	126	22.3	1006.3	-	126	
2021-07-10 13:55:00	2.6	북서	318	22.10	29.30	0.42	4.3	0.54	4.5	5.9	남동	127	22.2	1006.2	-	283	
2021-07-10 14:00:00	1.0	남동	125	22.04	29.38	0.44	4.1	0.66	4.0	5.6	남동	127	22.2	1006.2	-	50	
2021-07-10 14:05:00	2.8	서	275	21.94	29.39	0.41	4.5	0.54	4.0	5.5	남동	137	22.2	1006.2	-	70	
2021-07-10 14:10:00	2.8	북북서	346	22.02	29.37	0.46	4.6	0.64	5.0	5.1	남동	135	22.1	1006.3	-	72	
2021-07-10 14:15:00	2.9	서북서	300	22.01	29.43	0.42	4.0	0.63	4.0	5.1	남동	136	22.1	1006.4	-	25	
2021-07-10 14:20:00	1.0	북북동	29	22.07	29.50	0.41	3.9	0.65	4.0	5.4	남동	137	22.1	1006.5	-	125	
2021-07-10 14:25:00	1.9	북동	48	22.02	29.46	0.44	4.3	0.59	2.5	6.4	남동	142	22.0	1006.6	-	40	
2021-07-10 14:30:00	4.5	서북서	296	21.98	29.44	0.47	4.7	0.59	4.5	6.4	남동	140	22.0	1006.7	-	28	
2021-07-10 14:35:00	3.5	북북서	341	21.93	29.46	0.46	4.2	0.56	3.0	6.4	남동	136	22.1	1006.7	-	85	
2021-07-10 14:40:00	4.9	북북서	328	21.87	29.47	0.43	3.9	0.64	3.5	6.2	남동	134	22.1	1006.7	-	262	
2021-07-10 14:45:00	2.9	북서	325	21.96	29.46	0.42	4.3	0.55	5.0	6.5	남동	131	22.1	1006.6	-	289	
2021-07-10 14:50:00	4.9	북서	307	21.96	29.45	0.42	4.5	0.63	4.5	6.3	남동	133	22.2	1006.6	-	275	
2021-07-10 14:55:00	5.2	서북서	303	21.96	29.40	0.43	4.0	0.60	4.5	5.8	남동	133	22.2	1006.6	-	71	
2021-07-10 15:00:00	4.0	서북서	283	21.94	29.37	0.44	4.1	0.57	4.0	5.9	남동	132	22.3	1006.5	-	74	
2021-07-10 15:05:00	6.7	서	277	21.97	29.42	0.41	4.4	0.55	3.5	6.1	남동	131	22.3	1006.6	-	76	
2021-07-10 15:10:00	10.6	서	281	22.01	29.42	0.38	4.6	0.55	5.0	6.7	남동	138	22.3	1006.5	-	85	
2021-07-10 15:15:00	14.0	서북서	299	22.08	29.43	0.37	3.9	0.55	4.5	7.8	남동	138	22.4	1006.3	-	268	
2021-07-10 15:20:00	6.0	서북서	304	22.08	29.38	0.44	4.2	0.65	4.0	8.4	남동	141	22.4	1006.3	-	260	
2021-07-10 15:25:00	6.2	북서	310	22.07	29.35	0.48	4.4	0.57	5.0	7.6	남동	138	22.4	1006.2	-	59	
2021-07-10 15:30:00	9.2	북서	305	22.04	29.38	0.47	4.5	0.58	4.5	7.8	남동	135	22.4	1006.1	-	58	
2021-07-10 15:35:00	7.4	북서	309	22.03	29.05	0.50	3.9	0.69	3.5	7.7	남동	130	22.4	1006.0	-	50	
2021-07-10 15:40:00	7.5	북서	318	21.99	29.29	0.44	4.0	0.63	4.5	7.0	남동	131	22.5	1006.1	-	123	
2021-07-10 15:45:00	6.6	북서	323	21.98	29.33	0.43	3.9	0.60	3.0	7.1	남동	141	22.5	1006.2	-	118	
2021-07-10 15:50:00	8.3	북북서	327	21.96	29.40	0.40	3.8	0.52	5.0	7.2	남남동	149	22.5	1006.4	-	67	
2021-07-10 15:55:00	10.4	북북서	330	21.96	29.38	0.44	4.1	0.64	5.0	7.3	남동	146	22.5	1006.3	-	56	
2021-07-10 16:00:00	6.1	북북서	343	21.96	29.47	0.41	3.9	0.55	4.5	7.6	남남동	154	22.4	1006.5	-	107	
2021-07-10 16:05:00	13.2	북서	315	22.02	29.43	0.50	4.1	0.70	3.5	8.5	남	187	22.5	1007.0	-	71	
2021-07-10 16:10:00	6.0	북북동	11	22.00	29.39	0.49	4.3	0.67	5.0	10.0	남남서	196	22.4	1006.8	-	77	
2021-07-10 16:15:00	14.9	북	10	21.99	29.39	0.49	4.3	0.80	3.5	9.9	남	191	21.8	1006.5	-	29	
2021-07-10 16:20:00	9.2	북	10	21.93	29.37	0.47	3.9	0.63	3.5	7.0	남남서	197	21.7	1006.5	-	64	
2021-07-10 16:25:00	9.4	북북동	12	21.92	29.44	0.44	3.5	0.66	3.5	5.4	남서	221	22.0	1006.4	-	142	
2021-07-10 16:30:00	11.3	북북동	32	21.89	29.44	0.42	4.6	0.57	5.0	4.5	남서	228	22.1	1006.2	-	38	
2021-07-10 16:35:00	10.6	북동	46	21.87	29.54	0.40	4.1	0.48	5.5	4.2	남서	217	22.3	1006.3	-	85	
2021-07-10 16:40:00	12.3	동북동	63	21.84	29.39	0.40	4.3	0.55	4.5	4.6	남	191	22.5	1006.3	-	59	
2021-07-10 16:45:00	11.8	북동	54	21.84	29.42	0.39	4.4	0.55	4.5	4.9	남	178	22.6	1006.4	-	92	
2021-07-10 16:50:00	7.7	북동	55	21.83	29.36	0.36	4.9	0.48	5.0	3.0	남남동	166	22.4	1006.5	-	72	
2021-07-10 16:55:00	7.1	동북동	57	21.82	29.32	0.42	4.6	0.61	4.5	3.0	남	174	22.3	1006.6	-	60	
2021-07-10 17:00:00	9.6	북동	53	21.82	29.30	0.33	4.9	0.53	4.5	3.8	남남동	164	22.3	1006.6	-	39	
2021-07-10 17:05:00	9.8	북동	34	21.83	29.31	0.36	4.8	0.56	4.5	4.2	남	180	22.3	1006.6	-	53	
2021-07-10 17:10:00	11.0	북동	39	21.84	29.56	0.34	4.6	0.45	5.0	3.9	남	184	22.3	1006.5	-	72	
2021-07-10 17:15:00	7.8	북동	40	21.84	29.31	0.36	5.0	0.47	4.5	3.6	남	176	22.3	1006.5	-	46	
2021-07-10 17:20:00	9.0	북동	38	21.84	29.39	0.33	4.4	0.50	4.0	4.1	남남동	168	22.3	1006.4	-	259	
2021-07-10 17:25:00	10.4	북동	37	21.83	29.42	0.35	4.8	0.43	4.5	3.9	남남동	163	22.3	1006.3	-	59	
2021-07-10 17:30:00	9.4	북동	55	21.81	29.37	0.36	4.5	0.52	4.5	2.9	남	178	22.3	1006.5	-	261	
2021-07-10 17:35:00	10.7	동북동	62	21.79	29.34	0.38	4.7	0.58	5.0	2.9	남남동	165	22.4	1006.5	-	51	
2021-07-10 17:40:00	12.3	동북동	61	21.75	29.37	0.35	4.8	0.43	4.5	2.4	남남동	160	22.3	1006.5	-	50	
2021-07-10 17:45:00	12.5	동북동	76	21.76	29.34	0.42	4.7	0.65	5.0	1.9	남동	146	22.3	1006.6	-	67	
2021-07-10 17:50:00	11.0	동북동	75	21.75	29.28	0.38	4.8	0.47	5.0	2.1	동남동	119	22.4	1006.5	-	46	
2021-07-10 17:55:00	11.9	동	81	21.74	29.29	0.33	4.9	0.50	4.5	1.9	동북동	67	22.4	1006.4	-	44	
2021-07-10 18:00:00	11.2	동	86	21.74	29.26	0.40	5.1	0.53	4.5	1.5	동북동	78	22.2	1006.3	-	44	
2021-07-10 18:05:00	8.6	동	97	21.73	29.25	0.34	4.7	0.51	4.5	1.9	동	92	22.3	1006.3	-	68	
2021-07-10 18:10:00	7.5	동	100	21.73	29.28	0.32	4.7	0.44	5.0	2.4	동	91	22.5	1006.2	-	63	
2021-07-10 18:15:00	5.7	동남동	109	21.72	29.27	0.35	5.0	0.55	4.5	2.0	동	89	22.5	1006.2	-	48	
2021-07-10 18:20:00	7.4	남동	127	21.73	29.33	0.34	4.6	0.46	4.5	1.9	동	90	22.5	1006.2	-	81	
2021-07-10 18:25:00	9.9	동남동	110	21.72	29.29	0.36	4.9	0.50	5.0	1.8	동남동	106	22.5	1006.3	-	47	
2021-07-10 18:30:00	11.7	동남동	106	21.71	29.25	0.31	4.6	0.39	4.5	1.4	동남동	113	22.5	1006.4	-	328	
2021-07-10 18:35:00	13.0	동남동	103	21.72	29.28	0.32	4.7	0.44	5.0	1.7	동남동	117	22.5	1006.3	-	43	
2021-07-10 18:40:00	14.3	동남동	118	21.67	29.28	0.38	5.1	0.54	4.5	2.3	동남동	116	22.5	1006.3	-	63	
2021-07-10 18:45:00	12.8	동남동	114	21.70	29.29	0.29	4.6	0.35	5.0	1.9	남동	135	22.4	1006.4	-	45	
2021-07-10 18:50:00	12.8	동남동	123	21.73	29.20	0.34	4.9	0.53	5.5	1.9	남	172	22.4	1006.4	-	49	
2021-07-10 18:55:00	12.5	동남동	120	21.71	29.25	0.33	4.6	0.45	4.5	1.7	남	191	22.6	1006.4	-	182	
2021-07-10 19:00:00	14.0	동남동	121	21.69	29.21	0.30	5.0	0.49	5.0	2.0	남남서	194	22.6	1006.5	-	66	
2021-07-10 19:05:00	14.5	남동	126	21.68	29.31	0.32	4.8	0.41	4.0	1.5	남	183	22.8	1006.6	-	82	
2021-07-10 19:10:00	12.1	남동	126	21.67	29.15	0.32	4.6	0.50	4.0	1.3	남	179	22.9	1006.6	-	296	
2021-07-10 19:15:00	14.1	남동	136	21.66	29.18	0.35	4.8	0.64	4.5	1.2	남남동	159	22.9	1006.6	-	69	
2021-07-10 19:20:00	15.2	남동	145	21.68	29.23	0.30	4.7	0.44	4.5	1.8	남동	135	22.7	1006.6	-	58	
2021-07-10 19:25:00	11.8	남동	145	21.68	29.23	0.33	4.7	0.54	4.5	2.0	남동	138	22.6	1006.6	-	62	
2021-07-10 19:30:00	13.8	남동	133	21.66	29.22	0.29	4.8	0.39	5.0	1.6	남남동	154	22.7	1006.6	-	51	
2021-07-10 19:35:00	14.7	남동	127	21.65	29.23	0.32	4.6	0.45	4.5	1.4	남남동	154	22.7	1006.7	-	263	
2021-07-10 19:40:00	17.6	남동	139	21.64	29.23	0.33	4.4	0.54	5.0	1.6	남동	136	22.7	1006.9	-	72	
2021-07-10 19:45:00	18.0	남동	128	21.64	29.21	0.34	4.8	0.55	4.5	1.4	동남동	117	22.6	1007.0	-	13	
2021-07-10 19:50:00	16.8	동남동	124	21.65	29.20	0.40	4.7	0.55	4.0	0.9	동남동	117	22.5	1007.1	-	50	
2021-07-10 19:55:00	19.2	남동	126	21.64	29.22	0.35	4.7	0.47	4.5	0.3	남남동	147	22.5	1007.1	-	74	
2021-07-10 20:00:00	17.9	동남동	122	21.62	29.28	0.30	4.6	0.43	5.0	0.7	남	170	22.5	1007.1	-	64	
2021-07-10 20:05:00	18.5	남동	129	21.59	29.18	0.32	4.5	0.51	4.0	0.7	남남동	164	22.6	1007.1	-	51	
2021-07-10 20:10:00	17.0	남동	129	21.62	29.14	0.35	4.5	0.47	4.5	1.0	동남동	106	22.6	1007.2	-	53	
2021-07-10 20:15:00	20.6	남동	128	21.62	29.16	0.36	4.4	0.51	5.5	1.7	동남동	118	22.4	1007.1	-	71	
2021-07-10 20:20:00	19.4	남동	129	21.62	29.09	0.31	4.6	0.48	4.5	2.2	남동	133	22.4	1007.2	-	55	
2021-07-10 20:25:00	22.4	남동	132	21.61	29.08	0.33	4.5	0.45	4.0	2.4	남남동	151	22.5	1007.2	-	62	
2021-07-10 20:30:00	22.0	남동	134	21.61	29.06	0.36	4.6	0.50	4.5	2.0	남동	146	22.5	1007.3	-	70	
2021-07-10 20:35:00	23.0	남동	131	21.61	28.99	0.34	4.5	0.52	4.0	1.7	남동	132	22.4	1007.4	-	47	
2021-07-10 20:40:00	23.8	남동	137	21.64	28.97	0.40	5.0	0.55	4.5	1.4	남동	124	22.5	1007.5	-	90	
2021-07-10 20:45:00	22.2	남동	139	21.65	29.10	0.37	5.0	0.53	5.0	1.2	남동	132	22.5	1007.6	-	88	
2021-07-10 20:50:00	23.8	남동	135	21.64	29.04	0.33	4.5	0.45	3.5	1.9	남남동	162	22.5	1007.7	-	284	
2021-07-10 20:55:00	23.2	남동	140	21.62	29.06	0.33	4.9	0.51	4.5	2.3	남남동	165	22.6	1007.6	-	70	
2021-07-10 21:00:00	22.2	남동	137	21.60	29.01	0.35	4.7	0.43	5.0	2.1	남남동	164	22.6	1007.6	-	55	
2021-07-10 21:05:00	22.4	남동	138	21.57	29.09	0.39	4.6	0.49	4.0	2.2	남남동	164	22.5	1007.7	-	309	
2021-07-10 21:10:00	24.7	남동	135	21.57	29.04	0.33	4.9	0.54	4.5	1.6	남동	135	22.5	1007.7	-	106	
2021-07-10 21:15:00	23.7	남동	135	21.55	29.10	0.40	4.8	0.69	4.5	1.3	남동	130	22.6	1007.7	-	19	
2021-07-10 21:20:00	23.6	남동	134	21.57	28.97	0.37	4.8	0.54	5.5	1.6	남동	140	22.6	1007.8	-	66	
2021-07-10 21:25:00	24.5	남동	132	21.51	29.11	0.38	4.9	0.57	5.0	2.1	남남동	163	22.7	1007.8	-	80	
2021-07-10 21:30:00	23.7	남동	133	21.50	29.19	0.35	4.5	0.49	3.5	2.1	남	177	22.7	1007.8	-	359	
2021-07-10 21:35:00	23.0	남남동	147	21.53	29.14	0.40	4.8	0.56	5.0	2.0	남	187	22.8	1007.8	-	36	
2021-07-10 21:40:00	24.6	남동	136	21.47	29.11	0.31	5.1	0.43	4.5	2.3	남	187	22.9	1007.8	-	65	
2021-07-10 21:45:00	23.3	남동	137	21.49	29.18	0.39	5.1	0.61	4.5	1.6	남	189	23.1	1007.8	-	95	
2021-07-10 21:50:00	24.3	남동	133	21.47	29.15	0.36	4.6	0.53	4.5	1.3	남	189	23.3	1007.8	-	14	
2021-07-10 21:55:00	25.4	남동	138	21.47	29.17	0.35	4.6	0.59	4.5	1.3	남남서	192	23.4	1007.9	-	73	
2021-07-10 22:00:00	22.4	남동	144	21.49	29.18	0.35	4.7	0.53	5.0	1.2	남남서	201	23.4	1007.9	-	25	
2021-07-10 22:05:00	21.9	남동	142	21.48	29.17	0.39	4.8	0.55	4.0	1.4	서남서	257	23.1	1007.9	-	71	
2021-07-10 22:10:00	22.4	남동	142	21.48	29.16	0.43	4.9	0.64	5.0	1.3	서북서	284	22.8	1008.0	-	53	
2021-07-10 22:15:00	19.7	남동	144	21.48	29.14	0.32	4.7	0.45	4.5	0.8	서북서	283	22.7	1008.1	-	39	
2021-07-10 22:20:00	20.7	남동	136	21.42	29.11	0.35	4.9	0.53	5.0	0.7	서	269	22.6	1008.2	-	38	
2021-07-10 22:25:00	22.2	남동	136	21.43	29.22	0.35	4.7	0.46	4.0	0.6	서남서	245	22.6	1008.2	-	60	
2021-07-10 22:30:00	22.3	남동	137	21.40	29.24	0.35	5.0	0.53	5.0	1.1	남남서	203	22.7	1008.2	-	13	
2021-07-10 22:35:00	21.1	남동	141	21.41	29.24	0.38	4.7	0.52	5.0	1.4	남남서	194	22.7	1008.2	-	36	
2021-07-10 22:40:00	21.0	남동	136	21.38	29.22	0.33	4.9	0.63	4.5	0.8	남	187	22.7	1008.2	-	73	
2021-07-10 22:45:00	20.9	남동	139	21.39	29.03	0.41	4.8	0.65	4.5	0.7	남	184	22.5	1008.2	-	83	
2021-07-10 22:50:00	21.7	남동	140	21.32	29.24	0.37	5.3	0.47	5.5	0.2	남	187	22.4	1008.3	-	85	
2021-07-10 22:55:00	23.7	남동	143	21.31	29.24	0.37	4.4	0.55	5.0	0.1	남	182	22.3	1008.3	-	190	
2021-07-10 23:00:00	22.8	남동	143	21.31	29.27	0.30	4.9	0.42	5.0	0.3	남남동	168	22.2	1008.3	-	183	
2021-07-10 23:05:00	24.7	남동	142	21.32	29.22	0.34	4.4	0.48	4.5	0.3	남	190	22.3	1008.2	-	86	
2021-07-10 23:10:00	22.5	남동	146	21.29	29.26	0.29	4.5	0.39	5.0	0.7	북북서	331	22.4	1008.3	-	40	
2021-07-10 23:15:00	19.7	남동	141	21.33	29.34	0.34	4.7	0.48	4.5	1.3	북	350	22.5	1008.2	-	312	
2021-07-10 23:20:00	22.2	남동	143	21.32	29.24	0.37	5.0	0.73	4.5	1.9	북북서	334	22.4	1008.3	-	39	
2021-07-10 23:25:00	23.0	남남동	147	21.38	29.19	0.36	4.8	0.70	4.5	1.3	북북서	334	22.2	1008.2	-	71	
2021-07-10 23:30:00	22.1	남남동	148	21.39	29.33	0.37	4.8	0.54	4.0	1.0	서북서	294	22.1	1008.3	-	71	
2021-07-10 23:35:00	22.4	남남동	147	21.34	29.30	0.38	5.1	0.59	5.5	1.2	서북서	294	22.0	1008.3	-	36	
2021-07-10 23:40:00	23.3	남동	146	21.13	29.28	0.43	4.8	0.60	4.5	1.1	북서	315	22.0	1008.3	-	334	
2021-07-10 23:45:00	21.4	남동	144	21.15	29.32	0.35	4.7	0.46	5.0	1.4	북서	313	21.9	1008.3	-	37	
2021-07-10 23:50:00	22.4	남남동	148	21.19	29.15	0.37	4.9	0.47	5.0	1.4	서	281	21.9	1008.2	-	210	
2021-07-10 23:55:00	22.6	남동	144	21.13	29.23	0.38	4.7	0.49	5.0	2.0	서북서	288	22.0	1008.2	-	349	
2021-07-11 00:00:00	25.0	남동	140	21.10	29.14	0.33	4.9	0.42	4.5	1.8	서북서	294	21.9	1008.1	-	88	
2021-07-11 00:05:00	23.2	남동	136	21.20	29.23	0.38	4.6	0.49	5.0	2.2	북서	318	21.9	1008.0	-	106	
2021-07-11 00:10:00	24.0	남동	133	21.20	29.24	0.34	4.8	0.47	5.0	1.3	북서	324	21.9	1008.1	-	40	
2021-07-11 00:15:00	24.6	남동	141	21.16	29.21	0.43	4.8	0.57	4.0	0.9	서	272	21.8	1008.1	-	60	
2021-07-11 00:20:00	22.6	남동	142	21.23	29.38	0.39	4.5	0.63	5.5	1.7	서북서	293	22.1	1008.1	-	44	
2021-07-11 00:25:00	21.6	남남동	147	21.27	29.10	0.36	4.7	0.46	4.5	2.2	북서	304	22.5	1008.2	-	30	
2021-07-11 00:30:00	22.5	남동	135	21.23	29.20	0.43	4.9	0.55	4.5	1.6	서북서	299	22.2	1008.2	-	79	
2021-07-11 00:35:00	21.6	남남동	146	21.29	29.15	0.41	4.9	0.54	4.5	2.4	서북서	294	22.2	1008.2	-	19	
2021-07-11 00:40:00	20.9	남동	136	21.28	29.02	0.39	4.8	0.48	4.5	2.3	서북서	287	22.6	1008.1	-	18	
2021-07-11 00:45:00	20.3	남동	142	21.28	29.11	0.35	5.0	0.42	4.0	2.2	서북서	290	23.0	1008.2	-	35	
2021-07-11 00:50:00	19.9	남동	146	21.28	29.17	0.37	5.1	0.58	4.5	2.0	서	269	23.0	1008.2	-	71	
2021-07-11 00:55:00	21.0	남동	144	21.27	29.30	0.43	4.9	0.64	4.0	2.1	서남서	255	23.4	1008.2	-	46	
2021-07-11 01:00:00	20.1	남동	139	21.27	29.09	0.42	4.6	0.59	4.5	2.0	서	259	23.4	1008.2	-	345	
2021-07-11 01:05:00	19.8	남동	138	21.28	28.99	0.36	4.7	0.46	4.5	1.7	서	272	23.3	1008.2	-	64	
2021-07-11 01:10:00	19.9	남동	138	21.27	29.11	0.40	4.6	0.63	5.0	1.7	서	276	23.3	1008.2	-	157	
2021-07-11 01:15:00	19.0	남동	145	21.22	29.11	0.37	4.7	0.50	4.5	1.5	서	264	23.3	1008.0	-	70	
2021-07-11 01:20:00	17.7	남동	138	21.22	29.16	0.39	4.8	0.60	4.5	1.4	서남서	255	23.2	1008.0	-	90	
2021-07-11 01:25:00	19.7	남동	136	21.25	28.93	0.35	4.4	0.60	4.5	0.9	서	269	23.1	1008.1	-	31	
2021-07-11 01:30:00	19.1	남동	142	21.25	28.97	0.33	4.5	0.63	4.5	1.2	북서	322	22.9	1008.1	-	259	
2021-07-11 01:35:00	19.7	남동	141	21.27	29.00	0.42	5.1	0.72	4.5	1.2	북	350	22.1	1008.1	-	148	
2021-07-11 01:40:00	20.3	남동	143	21.21	29.07	0.39	5.1	0.45	5.0	0.6	북북동	21	21.8	1008.2	-	52	
2021-07-11 01:45:00	21.1	남동	140	21.19	29.01	0.46	5.0	0.60	4.5	0.5	북북서	330	21.7	1008.3	-	17	
2021-07-11 01:50:00	20.5	남동	141	21.19	29.08	0.46	4.8	0.70	4.5	1.5	북서	314	21.6	1008.2	-	169	
2021-07-11 01:55:00	19.6	남동	141	21.21	28.90	0.42	4.9	0.59	4.5	1.6	북북서	332	21.4	1008.2	-	32	
2021-07-11 02:00:00	20.5	남동	138	21.25	29.10	0.38	4.6	0.53	4.5	1.3	북북서	340	21.4	1008.1	-	260	
2021-07-11 02:05:00	20.1	남동	143	21.24	28.97	0.35	5.0	0.63	4.5	1.2	북북서	344	21.4	1008.2	-	308	
2021-07-11 02:10:00	21.1	남동	130	21.24	28.95	0.37	4.9	0.52	5.0	1.2	북	349	21.6	1008.2	-	41	
2021-07-11 02:15:00	20.8	남동	138	21.25	29.00	0.37	5.1	0.53	5.5	1.0	북	357	21.7	1008.1	-	26	
2021-07-11 02:20:00	19.4	남동	132	21.24	28.83	0.42	5.2	0.59	4.5	1.3	북	354	21.7	1008.1	-	29	
2021-07-11 02:25:00	22.0	남동	135	21.24	28.91	0.38	4.9	0.51	5.5	1.8	북	354	21.6	1008.1	-	95	
2021-07-11 02:30:00	22.4	남동	138	21.24	28.86	0.36	4.6	0.47	5.0	1.7	북북서	348	21.5	1008.1	-	26	
2021-07-11 02:35:00	20.8	남동	140	21.22	29.02	0.36	5.0	0.49	4.5	1.3	북북서	330	21.7	1008.1	-	43	
2021-07-11 02:40:00	21.0	남동	140	21.24	29.00	0.39	5.1	0.49	5.0	0.8	북서	316	22.3	1008.1	-	22	
2021-07-11 02:45:00	19.8	남동	140	21.20	28.88	0.39	4.8	0.56	5.0	0.4	서북서	300	23.0	1008.0	-	42	
2021-07-11 02:50:00	18.0	남동	143	21.20	28.95	0.43	4.9	0.57	5.0	0.4	서	259	22.9	1008.1	-	95	
2021-07-11 02:55:00	18.6	남동	140	21.20	28.73	0.35	5.2	0.46	4.5	0.6	서	264	22.5	1008.1	-	46	
2021-07-11 03:00:00	18.9	남동	143	21.17	28.76	0.36	5.2	0.50	6.0	1.2	서북서	285	22.4	1008.1	-	38	
2021-07-11 03:05:00	21.2	남동	140	21.19	29.07	0.44	4.8	0.67	5.0	1.2	서	278	22.5	1008.1	-	52	
2021-07-11 03:10:00	21.8	남동	143	21.21	29.03	0.37	5.0	0.44	5.5	0.8	서남서	244	22.3	1008.0	-	54	
2021-07-11 03:15:00	20.6	남동	143	21.21	29.01	0.39	5.0	0.55	5.0	0.6	서남서	258	22.1	1008.0	-	49	
2021-07-11 03:20:00	19.6	남남동	158	21.24	28.99	0.38	5.6	0.51	4.5	0.4	남서	227	22.1	1008.0	-	35	
2021-07-11 03:25:00	18.9	남남동	165	21.29	29.02	0.39	4.9	0.64	4.5	1.0	남	177	21.9	1008.0	-	53	
2021-07-11 03:30:00	19.1	남남동	157	21.28	29.00	0.42	5.0	0.60	4.5	0.6	남남서	204	22.1	1008.1	-	81	
2021-07-11 03:35:00	19.4	남남동	153	21.29	29.08	0.41	5.2	0.67	5.0	0.9	남	191	22.3	1008.0	-	55	
2021-07-11 03:40:00	20.1	남남동	159	21.31	29.08	0.47	4.9	0.87	5.0	0.4	남	174	22.6	1008.0	-	50	
2021-07-11 03:45:00	20.3	남남동	166	21.31	29.00	0.42	4.9	0.60	4.0	0.7	동북동	64	22.4	1008.0	-	356	
2021-07-11 03:50:00	20.9	남남동	163	21.33	28.99	0.39	5.1	0.55	6.0	1.6	동북동	65	22.0	1008.0	-	29	
2021-07-11 03:55:00	19.6	남남동	161	21.33	28.91	0.35	5.2	0.47	4.5	1.6	북동	45	22.0	1008.0	-	42	
2021-07-11 04:00:00	21.4	남남동	167	21.33	28.83	0.45	5.3	0.66	5.5	1.7	북북동	14	22.0	1008.0	-	31	
2021-07-11 04:05:00	18.8	남	170	21.36	28.84	0.40	5.0	0.79	4.5	2.2	북북동	17	22.0	1008.0	-	50	
2021-07-11 04:10:00	17.7	남남동	168	21.41	28.87	0.45	5.2	0.65	5.5	2.4	북	10	21.8	1008.0	-	26	
2021-07-11 04:15:00	20.2	남남동	162	21.43	28.70	0.42	4.9	0.60	5.5	1.6	북	7	22.1	1008.0	-	37	
2021-07-11 04:20:00	20.1	남남동	166	21.43	28.89	0.43	5.2	0.67	4.5	1.8	북	350	21.9	1008.1	-	23	
2021-07-11 04:25:00	19.7	남남동	164	21.41	29.11	0.41	5.0	0.54	5.0	1.8	북북서	347	21.7	1008.2	-	21	
2021-07-11 04:30:00	20.4	남남동	165	21.37	29.14	0.40	5.0	0.48	6.5	1.4	북	5	21.7	1008.1	-	42	
2021-07-11 04:35:00	20.2	남남동	167	21.39	29.10	0.38	4.9	0.56	5.0	1.2	북	3	21.6	1008.2	-	33	
2021-07-11 04:40:00	18.1	남남동	166	21.37	29.16	0.44	5.2	0.72	5.0	0.6	북	10	21.5	1008.1	-	35	
2021-07-11 04:45:00	17.4	남남동	159	21.37	29.07	0.42	5.5	0.61	5.0	0.6	북	355	21.5	1008.2	-	39	
2021-07-11 04:50:00	17.7	남남동	158	21.37	29.02	0.41	5.0	0.53	5.5	1.1	서북서	293	21.5	1008.3	-	53	
2021-07-11 04:55:00	17.9	남남동	157	21.37	29.05	0.39	5.3	0.53	5.0	0.7	서남서	252	21.5	1008.3	-	33	
2021-07-11 05:00:00	18.7	남남동	153	21.37	28.97	0.38	5.1	0.55	5.0	1.4	서북서	296	21.5	1008.4	-	47	
2021-07-11 05:05:00	20.1	남남동	159	21.37	29.08	0.46	5.2	0.78	5.0	0.4	서북서	288	21.4	1008.3	-	57	
2021-07-11 05:10:00	20.0	남남동	151	21.37	28.99	0.39	5.3	0.54	5.0	0.8	남동	126	21.7	1008.3	-	7	
2021-07-11 05:15:00	21.6	남남동	160	21.36	29.01	0.35	5.3	0.47	5.0	1.3	남동	137	21.8	1008.3	-	49	
2021-07-11 05:20:00	20.3	남남동	153	21.36	28.92	0.44	5.3	0.95	5.5	0.6	남남동	163	21.6	1008.4	-	46	
2021-07-11 05:25:00	19.9	남남동	164	21.35	28.97	0.48	5.2	0.65	5.0	0.5	남동	135	21.5	1008.4	-	38	
2021-07-11 05:30:00	22.0	남남동	167	21.36	29.08	0.39	5.2	0.56	4.0	0.1	북서	304	21.5	1008.4	-	33	
2021-07-11 05:35:00	20.3	남남동	164	21.34	29.04	0.41	5.1	0.63	5.0	0.2	북	349	21.5	1008.4	-	85	
2021-07-11 05:40:00	20.2	남	172	21.31	29.13	0.37	5.1	0.51	5.0	0.3	남남동	162	21.4	1008.4	-	27	
2021-07-11 05:45:00	21.1	남남동	158	21.30	29.02	0.35	4.4	0.44	5.0	0.4	남동	145	21.5	1008.4	-	61	
2021-07-11 05:50:00	21.0	남	169	21.30	28.99	0.39	5.4	0.59	5.5	0.2	남남서	196	21.6	1008.4	-	42	
2021-07-11 05:55:00	21.1	남	178	21.30	29.03	0.40	5.5	0.56	5.0	0.6	남	175	21.7	1008.5	-	29	
2021-07-11 06:00:00	20.8	남남동	168	21.28	29.02	0.43	5.4	0.64	5.5	1.1	남남서	192	21.8	1008.6	-	31	
2021-07-11 06:05:00	21.9	남남동	165	21.28	28.95	0.47	5.4	0.69	5.5	1.2	남서	214	22.0	1008.6	-	53	
2021-07-11 06:10:00	21.9	남남동	159	21.28	29.03	0.42	5.5	0.71	6.0	0.6	동	96	22.4	1008.5	-	50	
2021-07-11 06:15:00	20.6	남남동	165	21.28	28.90	0.39	5.0	0.54	5.5	1.2	동	101	22.4	1008.5	-	32	
2021-07-11 06:20:00	21.0	남남동	168	21.29	28.98	0.44	5.2	0.54	5.0	1.5	동	82	22.4	1008.6	-	51	
2021-07-11 06:25:00	22.1	남남동	164	21.31	28.86	0.46	5.8	0.57	6.0	1.1	동북동	78	22.2	1008.7	-	38	
2021-07-11 06:30:00	22.7	남남동	161	21.30	28.89	0.45	5.7	0.68	4.5	0.1	동	80	22.3	1008.7	-	55	
2021-07-11 06:35:00	20.2	남남동	167	21.32	29.03	0.39	5.3	0.60	6.0	1.2	동북동	69	22.5	1008.7	-	43	
2021-07-11 06:40:00	21.4	남남동	169	21.30	29.02	0.41	5.6	0.66	5.5	1.4	북북동	26	22.3	1008.8	-	41	
2021-07-11 06:45:00	20.6	남남동	167	21.33	29.04	0.34	5.1	0.53	5.0	1.1	북	355	22.3	1008.8	-	62	
2021-07-11 06:50:00	23.3	남	189	21.43	29.11	0.35	5.3	0.55	6.0	0.5	북	10	22.4	1008.8	-	57	
2021-07-11 06:55:00	23.6	남남서	193	21.53	29.02	0.37	5.5	0.55	5.5	2.2	북북서	330	22.4	1008.9	-	62	
2021-07-11 07:00:00	22.1	남	190	21.62	29.08	0.39	5.3	0.57	5.0	0.5	북북서	328	22.1	1008.7	-	45	
2021-07-11 07:05:00	19.9	남남서	192	21.59	29.03	0.41	5.5	0.64	5.5	0.9	북북동	16	22.2	1008.8	-	51	
2021-07-11 07:10:00	18.2	남남서	195	21.70	29.07	0.36	5.7	0.46	5.5	0.6	동북동	57	22.5	1008.8	-	53	
2021-07-11 07:15:00	13.9	남	188	21.61	29.02	0.41	5.7	0.59	6.0	1.2	서	278	22.9	1008.9	-	40	
2021-07-11 07:20:00	12.3	남	179	21.56	29.28	0.31	5.1	0.46	4.0	0.7	서	260	22.8	1009.0	-	30	
2021-07-11 07:25:00	11.6	남	185	21.50	29.20	0.39	5.4	0.47	6.0	0.4	서북서	282	23.0	1009.0	-	27	
2021-07-11 07:30:00	11.2	남남서	196	21.42	29.31	0.45	5.6	0.68	6.0	0.0	북서	320	23.3	1009.0	-	50	
2021-07-11 07:35:00	14.3	남남서	198	21.52	29.11	0.36	5.4	0.51	5.5	1.6	서	280	23.1	1009.1	-	359	
2021-07-11 07:40:00	13.0	남남서	209	21.65	29.14	0.38	5.3	0.46	5.0	0.3	서남서	249	23.3	1009.0	-	41	
2021-07-11 07:45:00	7.7	남	183	21.67	29.28	0.34	5.6	0.46	5.0	0.3	동북동	72	24.1	1008.9	-	49	
2021-07-11 07:50:00	6.9	남남동	168	21.67	29.15	0.33	5.2	0.44	5.0	0.3	동	89	23.8	1009.1	-	51	
2021-07-11 07:55:00	9.6	남남동	155	21.67	29.15	0.35	5.3	0.62	5.0	0.1	북동	40	24.3	1009.1	-	21	
2021-07-11 08:00:00	6.9	남동	130	21.63	29.17	0.39	5.6	0.48	4.5	0.1	서	279	24.6	1009.2	-	47	
2021-07-11 08:05:00	7.8	남동	126	21.55	29.20	0.37	5.4	0.45	5.5	0.0	서북서	287	24.9	1009.2	-	43	
2021-07-11 08:10:00	8.9	남동	125	21.57	29.20	0.36	5.7	0.51	5.0	0.4	서남서	249	24.7	1009.3	-	50	
2021-07-11 08:15:00	14.2	남남서	212	21.72	29.11	0.38	5.8	0.50	5.5	0.4	남서	222	24.3	1009.5	-	53	
2021-07-11 08:20:00	11.7	남서	217	21.72	29.12	0.42	5.7	0.60	6.0	0.5	서	270	24.5	1009.6	-	26	
2021-07-11 08:25:00	6.8	남서	227	21.69	29.29	0.31	5.1	0.39	5.5	0.1	북서	325	24.8	1009.6	-	48	
2021-07-11 08:30:00	5.3	남남서	210	21.67	29.39	0.38	5.5	0.56	6.0	0.8	북	1	24.3	1009.6	-	46	
2021-07-11 08:35:00	2.0	남남서	195	21.55	29.36	0.25	4.7	0.37	4.5	0.6	북	4	23.7	1009.7	-	2	
2021-07-11 08:40:00	5.2	동북동	78	21.51	29.46	0.37	5.3	0.49	5.5	0.5	북북동	17	23.9	1009.6	-	55	
2021-07-11 08:45:00	2.6	남동	127	21.65	29.35	0.33	5.3	0.43	4.5	1.3	북동	35	23.8	1009.5	-	53	
2021-07-11 08:50:00	7.3	남서	225	21.78	29.18	0.36	5.4	0.54	5.5	1.5	북동	38	23.5	1009.4	-	45	
2021-07-11 08:55:00	2.5	남남서	198	21.77	29.34	0.35	5.3	0.57	6.0	1.3	북동	47	23.5	1009.4	-	47	
2021-07-11 09:00:00	2.9	남	182	21.80	29.21	0.39	5.7	0.55	5.0	0.8	동북동	61	23.8	1009.4	-	32	
2021-07-11 09:05:00	4.0	북동	54	21.68	29.22	0.35	5.2	0.44	6.0	0.9	동북동	67	24.1	1009.4	-	52	
2021-07-11 09:10:00	1.2	북북동	15	21.74	29.30	0.34	5.1	0.53	5.5	1.1	북동	51	24.1	1009.4	-	54	
2021-07-11 09:15:00	1.4	남	190	21.77	29.40	0.32	5.4	0.43	6.0	0.7	동북동	65	24.3	1009.3	-	44	
2021-07-11 09:20:00	4.0	남동	128	21.75	29.32	0.36	5.5	0.50	5.5	0.9	동	80	24.2	1009.2	-	59	
2021-07-11 09:25:00	1.7	동	92	21.73	29.39	0.36	5.7	0.47	6.0	1.2	동	80	24.2	1009.0	-	34	
2021-07-11 09:30:00	4.3	남남서	193	21.89	29.38	0.33	5.5	0.45	5.0	2.0	동북동	73	24.2	1008.8	-	54	
2021-07-11 09:35:00	7.0	남서	221	21.90	29.22	0.29	5.5	0.35	7.5	2.0	북동	56	24.2	1008.7	-	33	
2021-07-11 09:40:00	3.9	서남서	241	21.91	29.21	0.28	5.3	0.45	6.0	1.8	북동	56	24.2	1008.5	-	62	
2021-07-11 09:45:00	4.3	서남서	243	21.85	29.29	0.35	5.4	0.52	5.5	1.9	북동	43	24.2	1008.4	-	60	
2021-07-11 09:50:00	4.6	서남서	240	21.90	29.27	0.46	5.8	0.60	5.5	1.5	북동	37	24.3	1008.4	-	33	
2021-07-11 09:55:00	7.7	서남서	243	21.99	29.15	0.33	5.4	0.50	5.5	1.4	북북동	32	24.4	1008.3	-	48	
2021-07-11 10:00:00	6.5	서	266	21.98	29.14	0.36	5.2	0.51	5.5	0.9	북동	41	24.5	1008.4	-	47	
2021-07-11 10:05:00	6.9	서	263	21.94	29.30	0.37	4.9	0.55	4.5	1.2	동북동	67	24.7	1008.4	-	32	
2021-07-11 10:10:00	5.6	서	280	21.90	29.17	0.39	5.8	0.52	5.0	1.4	동	84	24.7	1008.4	-	41	
2021-07-11 10:15:00	5.3	서	278	21.86	29.23	0.36	5.3	0.53	5.5	1.3	동남동	110	24.7	1008.5	-	53	
2021-07-11 10:20:00	5.4	서	281	21.88	29.10	0.35	5.4	0.54	5.0	0.9	남동	130	24.8	1008.6	-	49	
2021-07-11 10:25:00	7.4	서북서	282	21.83	29.26	0.32	5.2	0.40	5.5	0.9	동남동	123	24.9	1008.7	-	40	
2021-07-11 10:30:00	6.6	서	266	21.77	29.24	0.32	5.6	0.41	5.0	0.4	남남동	161	25.2	1008.8	-	43	
2021-07-11 10:35:00	7.4	서북서	292	21.71	29.17	0.33	4.9	0.56	5.5	0.9	남남동	160	25.1	1008.8	-	43	
2021-07-11 10:40:00	1.6	서북서	282	21.70	29.35	0.33	5.6	0.47	4.5	0.4	남동	134	25.1	1008.8	-	43	
2021-07-11 10:45:00	6.8	서북서	286	21.79	29.20	0.41	5.5	0.51	6.0	0.9	남남동	151	25.1	1008.9	-	38	
2021-07-11 10:50:00	4.2	서	277	21.78	29.18	0.40	5.3	0.57	5.5	2.1	남남동	149	24.9	1008.8	-	56	
2021-07-11 10:55:00	3.8	서	273	21.77	29.33	0.34	5.6	0.53	6.0	1.4	남남동	154	24.7	1008.9	-	49	
2021-07-11 11:00:00	3.6	서	261	21.72	29.31	0.32	5.1	0.54	4.5	1.9	동남동	113	24.7	1008.8	-	45	
2021-07-11 11:05:00	2.7	서	274	21.75	29.24	0.37	5.3	0.48	5.5	2.4	동남동	108	24.7	1008.9	-	37	
2021-07-11 11:10:00	4.1	서	276	21.70	29.13	0.30	4.7	0.43	6.0	2.3	동남동	108	24.7	1009.0	-	56	
2021-07-11 11:15:00	5.6	서남서	249	21.67	29.16	0.33	5.1	0.46	5.0	2.4	남동	125	24.8	1008.9	-	77	
2021-07-11 11:20:00	7.0	서남서	258	21.69	29.16	0.35	5.7	0.46	6.0	3.1	동남동	118	24.9	1008.9	-	51	
2021-07-11 11:25:00	5.0	서남서	258	21.70	29.23	0.31	4.9	0.42	5.5	2.9	동남동	115	25.0	1008.9	-	50	
2021-07-11 11:30:00	3.8	서	280	21.97	29.13	0.30	5.2	0.40	6.0	3.2	동남동	122	25.1	1008.8	-	55	
2021-07-11 11:35:00	5.0	서남서	257	21.90	29.13	0.29	5.3	0.44	5.5	3.7	남동	132	25.1	1008.9	-	40	
2021-07-11 11:40:00	4.2	서	276	22.25	29.13	0.31	5.1	0.38	5.5	3.7	동남동	118	25.0	1008.9	-	45	
2021-07-11 11:45:00	2.3	북	354	22.25	29.20	0.29	5.1	0.38	6.5	3.4	남동	127	24.9	1008.9	-	62	
2021-07-11 11:50:00	3.1	서북서	287	22.27	29.08	0.31	5.0	0.53	5.0	3.6	남동	127	24.9	1008.8	-	27	
2021-07-11 11:55:00	2.5	서남서	248	22.24	29.03	0.31	5.4	0.37	5.5	4.0	남동	130	24.9	1008.8	-	34	
2021-07-11 12:00:00	3.5	서남서	250	22.33	29.15	0.31	5.3	0.45	5.0	4.1	남동	126	24.9	1008.9	-	28	
2021-07-11 12:05:00	2.0	서남서	245	22.35	28.96	0.30	5.3	0.41	5.5	4.0	남동	126	25.0	1008.8	-	47	
2021-07-11 12:10:00	3.5	서남서	244	22.36	29.01	0.29	5.2	0.40	5.5	3.8	동남동	121	25.2	1008.8	-	40	
2021-07-11 12:15:00	7.7	서남서	239	22.64	29.00	0.31	5.1	0.48	6.0	3.7	동남동	104	25.1	1008.8	-	52	
2021-07-11 12:20:00	6.9	서남서	258	22.97	28.96	0.25	5.3	0.38	5.5	4.5	동남동	119	25.1	1008.7	-	58	
2021-07-11 12:25:00	4.4	서남서	252	22.76	28.85	0.40	4.4	0.58	6.0	5.2	남동	125	25.2	1008.7	-	61	
2021-07-11 12:30:00	5.2	서남서	259	22.81	29.06	0.40	5.7	0.53	5.5	5.1	남동	126	25.1	1008.6	-	42	
2021-07-11 12:35:00	6.2	서남서	251	22.94	29.01	0.34	5.2	0.43	5.0	5.0	남동	125	25.0	1008.6	-	49	
2021-07-11 12:40:00	9.0	서	265	23.04	29.06	0.30	5.0	0.39	4.0	4.8	동남동	122	25.0	1008.5	-	45	
2021-07-11 12:45:00	8.7	서남서	245	23.15	28.89	0.28	5.2	0.41	5.5	4.4	동남동	123	25.2	1008.5	-	60	
2021-07-11 12:50:00	11.5	서	265	23.16	29.01	0.36	5.1	0.58	6.0	4.3	동남동	121	25.2	1008.4	-	50	
2021-07-11 12:55:00	8.4	서	277	23.23	28.98	0.31	5.1	0.40	5.5	3.8	동남동	102	25.1	1008.4	-	58	
2021-07-11 13:00:00	7.9	서남서	251	23.10	29.00	0.32	4.5	0.56	3.0	3.9	동	96	24.9	1008.3	-	69	
2021-07-11 13:05:00	9.0	서	269	23.13	29.02	0.36	5.3	0.48	6.0	3.8	동	89	24.9	1008.4	-	52	
2021-07-11 13:10:00	8.6	서남서	250	23.19	28.92	0.29	5.3	0.49	5.0	3.9	동남동	106	24.8	1008.4	-	73	
2021-07-11 13:15:00	6.9	서남서	253	23.16	29.10	0.30	5.3	0.37	5.0	3.3	동남동	111	24.9	1008.3	-	49	
2021-07-11 13:20:00	5.9	남서	230	23.12	29.04	0.28	5.0	0.42	5.0	3.5	동남동	105	24.9	1008.2	-	71	
2021-07-11 13:25:00	13.0	서	269	23.33	29.07	0.33	5.4	0.41	6.0	3.7	동남동	102	24.8	1008.2	-	55	
2021-07-11 13:30:00	7.9	서	261	23.34	29.01	0.29	5.5	0.48	5.5	3.8	동남동	103	24.8	1008.1	-	66	
2021-07-11 13:35:00	8.8	서	266	23.37	29.03	0.37	4.8	0.52	3.0	3.5	동	101	24.8	1008.1	-	52	
2021-07-11 13:40:00	9.8	서	276	23.22	28.89	0.30	5.4	0.41	5.0	3.7	동남동	111	24.9	1008.0	-	73	
2021-07-11 13:45:00	12.1	서	269	23.38	28.94	0.31	5.3	0.43	5.0	3.5	동남동	113	25.0	1008.0	-	45	
2021-07-11 13:50:00	11.8	서	280	23.50	28.90	0.29	5.3	0.42	5.0	3.4	동남동	118	25.0	1007.9	-	55	
2021-07-11 13:55:00	11.2	서북서	282	23.51	29.00	0.31	5.2	0.41	5.0	3.6	동남동	118	24.9	1007.9	-	23	
2021-07-11 14:00:00	10.1	서북서	283	23.41	29.01	0.30	5.3	0.42	4.5	3.8	동남동	115	24.9	1007.8	-	43	
2021-07-11 14:05:00	8.9	서북서	290	23.54	29.11	0.29	4.9	0.40	6.0	3.4	동남동	112	25.0	1007.8	-	72	
2021-07-11 14:10:00	11.1	서북서	281	23.47	28.85	0.23	4.5	0.34	4.0	3.5	동남동	115	25.1	1007.9	-	55	
2021-07-11 14:15:00	11.9	서북서	287	23.46	29.00	0.32	5.1	0.52	5.0	4.0	동남동	120	25.0	1007.9	-	67	
2021-07-11 14:20:00	11.4	서북서	286	23.62	28.95	0.31	5.3	0.43	5.5	4.5	동남동	119	25.0	1007.8	-	59	
2021-07-11 14:25:00	10.7	서북서	290	23.60	28.93	0.33	5.2	0.46	5.5	4.4	동남동	123	25.0	1007.8	-	60	
2021-07-11 14:30:00	15.1	서북서	297	23.68	29.02	0.36	5.3	0.47	5.0	4.5	동남동	118	25.1	1007.7	-	64	
2021-07-11 14:35:00	15.2	서북서	298	23.73	28.99	0.30	5.2	0.45	5.0	4.4	동남동	111	25.1	1007.7	-	68	
2021-07-11 14:40:00	12.7	서북서	298	23.64	28.90	0.31	5.4	0.39	5.0	4.3	동남동	121	25.0	1007.8	-	48	
2021-07-11 14:45:00	13.8	서북서	299	23.68	28.94	0.29	5.1	0.47	4.5	4.6	동남동	123	25.1	1007.7	-	58	
2021-07-11 14:50:00	13.5	서북서	293	23.64	28.89	0.37	5.4	0.54	5.5	4.4	동남동	123	25.2	1007.7	-	71	
2021-07-11 14:55:00	11.2	북서	305	23.65	28.95	0.24	5.0	0.33	5.0	4.2	동남동	119	25.3	1007.8	-	64	
2021-07-11 15:00:00	10.9	서북서	296	23.68	28.95	0.26	5.0	0.38	5.5	3.5	동남동	104	25.4	1007.9	-	66	
2021-07-11 15:05:00	9.9	북서	307	23.58	28.93	0.27	4.7	0.37	3.5	3.6	동	101	25.4	1007.8	-	80	
2021-07-11 15:10:00	7.7	서북서	301	23.52	29.04	0.33	5.2	0.43	5.5	4.2	동남동	105	25.4	1007.7	-	63	
2021-07-11 15:15:00	7.8	서북서	295	23.57	29.06	0.29	5.2	0.45	5.5	4.2	동남동	104	25.4	1007.8	-	60	
2021-07-11 15:20:00	8.5	북서	308	23.66	29.30	0.31	5.4	0.43	6.0	4.3	동남동	107	25.4	1007.7	-	52	
2021-07-11 15:25:00	6.4	북서	311	23.65	28.90	0.29	5.4	0.40	4.5	4.6	동남동	114	25.3	1007.6	-	75	
2021-07-11 15:30:00	8.2	북서	307	23.54	28.95	0.34	5.4	0.44	6.0	4.7	동남동	115	25.4	1007.6	-	76	
2021-07-11 15:35:00	6.6	북서	307	23.48	29.01	0.30	5.2	0.45	5.5	4.7	남동	125	25.4	1007.5	-	84	
2021-07-11 15:40:00	5.1	북서	323	23.48	28.98	0.34	5.3	0.47	5.5	4.5	남동	128	25.5	1007.4	-	47	
2021-07-11 15:45:00	4.6	북북서	342	23.50	29.00	0.30	5.5	0.45	5.5	4.3	동남동	123	25.5	1007.4	-	76	
2021-07-11 15:50:00	5.3	북북서	343	23.51	29.12	0.29	5.2	0.45	5.0	4.6	동남동	112	25.4	1007.4	-	78	
2021-07-11 15:55:00	6.1	북북서	336	23.48	29.14	0.25	5.3	0.37	5.0	4.5	동남동	123	25.3	1007.4	-	51	
2021-07-11 16:00:00	5.8	북북서	346	23.52	29.01	0.33	5.4	0.40	5.0	3.7	동남동	122	25.2	1007.4	-	58	
2021-07-11 16:05:00	6.9	북	353	23.53	29.02	0.28	5.0	0.37	5.0	4.4	동남동	122	25.1	1007.3	-	77	
2021-07-11 16:10:00	7.5	북북서	346	23.54	29.03	0.31	5.3	0.55	5.0	3.5	남동	124	25.1	1007.5	-	67	
2021-07-11 16:15:00	10.2	북	354	23.54	29.00	0.29	5.4	0.42	6.0	3.9	남동	132	25.0	1007.5	-	68	
2021-07-11 16:20:00	8.5	북	353	23.52	28.88	0.31	5.3	0.45	5.5	3.7	남동	130	25.2	1007.5	-	74	
2021-07-11 16:25:00	7.9	북	7	23.49	28.96	0.26	5.3	0.32	5.5	2.5	남동	133	25.2	1007.5	-	79	
2021-07-11 16:30:00	4.2	북	350	23.45	28.99	0.33	5.7	0.42	5.5	4.2	남동	125	25.3	1007.4	-	27	
2021-07-11 16:35:00	5.5	북	358	23.51	29.04	0.34	5.1	0.39	5.5	3.5	동남동	119	25.3	1007.4	-	68	
2021-07-11 16:40:00	3.8	북북서	343	23.53	28.94	0.31	5.5	0.43	6.0	3.6	동남동	121	25.2	1007.5	-	60	
2021-07-11 16:45:00	4.6	북북동	33	23.50	29.01	0.32	5.2	0.50	5.5	4.0	남동	126	25.3	1007.5	-	90	
2021-07-11 16:50:00	2.6	동북동	58	23.51	28.93	0.34	5.3	0.48	5.0	4.1	남동	130	25.4	1007.5	-	48	
2021-07-11 16:55:00	8.5	동북동	79	23.26	28.72	0.26	5.1	0.37	5.0	4.3	동남동	123	25.4	1007.6	-	67	
2021-07-11 17:00:00	9.4	동북동	60	23.22	28.91	0.29	5.2	0.42	5.0	4.3	동남동	118	25.4	1007.6	-	44	
2021-07-11 17:05:00	10.5	동북동	72	23.17	28.89	0.31	5.4	0.43	5.0	3.9	동남동	117	25.4	1007.6	-	48	
2021-07-11 17:10:00	10.1	동북동	66	23.13	28.82	0.33	5.2	0.50	5.5	3.7	동남동	115	25.4	1007.6	-	67	
2021-07-11 17:15:00	8.6	북동	35	23.19	28.90	0.30	5.2	0.41	5.0	3.5	동남동	114	25.7	1007.7	-	75	
2021-07-11 17:20:00	8.4	북북동	27	23.32	28.90	0.33	5.5	0.41	5.0	2.8	동남동	123	25.7	1007.8	-	68	
2021-07-11 17:25:00	9.7	북북동	24	23.36	28.82	0.30	5.2	0.39	4.5	1.8	남남동	153	25.5	1007.8	-	59	
2021-07-11 17:30:00	8.0	북북동	33	23.35	28.81	0.31	5.0	0.39	6.0	1.6	남남동	154	25.5	1007.7	-	132	
2021-07-11 17:35:00	9.5	북북동	12	23.32	28.72	0.32	4.8	0.47	5.5	1.9	남동	142	25.7	1007.7	-	51	
2021-07-11 17:40:00	8.2	북	360	23.30	28.70	0.32	5.3	0.40	6.0	1.0	남남동	149	26.0	1007.7	-	68	
2021-07-11 17:45:00	9.5	북	359	23.36	28.72	0.33	5.3	0.49	5.5	0.9	남	182	26.8	1007.8	-	55	
2021-07-11 17:50:00	9.6	북	3	23.33	28.78	0.31	5.3	0.38	4.5	0.9	남남서	201	27.2	1007.7	-	35	
2021-07-11 17:55:00	12.9	북북동	22	23.30	28.74	0.34	5.1	0.46	4.5	2.3	서남서	244	27.8	1007.7	-	19	
2021-07-11 18:00:00	12.0	북북동	20	23.29	28.70	0.33	5.3	0.47	5.0	4.9	서남서	243	29.2	1007.6	-	78	
2021-07-11 18:05:00	11.0	북북동	18	23.25	28.70	0.35	5.6	0.50	5.0	4.3	서남서	242	29.5	1007.7	-	78	
2021-07-11 18:10:00	10.6	북동	34	23.25	28.72	0.36	5.1	0.46	5.0	3.6	서남서	241	29.2	1007.8	-	40	
2021-07-11 18:15:00	8.9	북북동	27	23.24	28.76	0.33	5.1	0.58	5.5	3.9	남서	236	29.2	1007.7	-	74	
2021-07-11 18:20:00	10.5	북북동	28	23.21	28.88	0.31	5.1	0.40	4.5	3.3	서남서	240	29.1	1007.8	-	59	
2021-07-11 18:25:00	9.1	북북동	33	23.20	28.78	0.25	5.1	0.38	6.5	3.6	서남서	241	29.2	1007.9	-	58	
2021-07-11 18:30:00	8.5	북동	35	23.21	28.80	0.30	5.4	0.51	6.0	3.3	서남서	239	29.2	1007.8	-	59	
2021-07-11 18:35:00	8.3	북북동	23	23.24	28.71	0.31	5.3	0.50	5.5	3.4	서남서	249	29.0	1007.9	-	73	
2021-07-11 18:40:00	8.9	북북동	21	23.26	28.81	0.33	5.5	0.41	5.0	3.8	서남서	256	28.7	1008.0	-	68	
2021-07-11 18:45:00	8.7	북	8	23.29	28.68	0.33	5.3	0.54	5.0	3.5	서남서	250	28.8	1008.0	-	73	
2021-07-11 18:50:00	10.3	북	11	23.30	28.64	0.30	5.2	0.45	5.5	3.0	서남서	246	28.6	1008.0	-	116	
2021-07-11 18:55:00	9.1	북	11	23.29	28.70	0.35	5.4	0.45	5.0	2.6	남서	232	28.5	1008.0	-	63	
2021-07-11 19:00:00	6.7	북북동	21	23.21	28.66	0.29	5.5	0.36	5.5	2.5	남서	233	28.3	1008.0	-	42	
2021-07-11 19:05:00	8.2	북동	53	23.15	28.66	0.32	5.7	0.46	5.5	3.2	남서	232	28.2	1008.0	-	50	
2021-07-11 19:10:00	6.1	북동	39	23.13	28.79	0.32	5.8	0.50	6.0	2.7	서남서	241	28.9	1008.0	-	72	
2021-07-11 19:15:00	4.0	북동	49	23.10	28.78	0.30	5.7	0.40	5.5	1.7	서남서	241	27.9	1007.9	-	75	
2021-07-11 19:20:00	3.0	동북동	69	23.04	28.74	0.31	5.3	0.45	5.0	1.5	서남서	245	27.9	1007.9	-	60	
2021-07-11 19:25:00	3.1	동북동	66	23.03	28.63	0.36	5.3	0.48	6.0	0.8	남서	214	27.9	1007.9	-	54	
2021-07-11 19:30:00	4.3	동	99	23.01	28.70	0.32	5.4	0.44	5.5	1.2	서	260	27.8	1007.9	-	81	
2021-07-11 19:35:00	4.7	동북동	68	23.05	28.60	0.33	5.4	0.45	5.5	1.8	남서	217	28.2	1007.8	-	75	
2021-07-11 19:40:00	4.3	동북동	68	23.08	28.71	0.30	5.4	0.41	4.5	3.2	남서	214	28.5	1007.9	-	37	
2021-07-11 19:45:00	6.4	동	84	23.07	28.62	0.30	5.2	0.38	5.0	2.8	남서	220	28.2	1007.9	-	129	
2021-07-11 19:50:00	5.1	동남동	104	22.96	28.70	0.29	5.7	0.40	5.0	2.0	남서	230	28.6	1007.9	-	66	
2021-07-11 19:55:00	6.1	동	97	22.93	28.72	0.27	5.3	0.37	4.5	1.3	서남서	240	28.8	1008.0	-	86	
2021-07-11 20:00:00	2.9	동남동	111	22.84	28.62	0.29	5.7	0.44	6.0	1.4	남서	236	28.9	1008.0	-	69	
2021-07-11 20:05:00	6.0	동	100	22.79	28.66	0.37	5.6	0.54	4.5	0.9	남서	215	28.7	1008.1	-	65	
2021-07-11 20:10:00	4.3	동	84	22.73	28.65	0.33	6.0	0.52	5.5	0.2	남서	215	28.1	1008.1	-	53	
2021-07-11 20:15:00	2.1	동북동	69	22.90	28.61	0.30	5.3	0.42	5.5	0.1	남서	224	27.9	1008.2	-	53	
2021-07-11 20:20:00	2.9	동	90	22.88	28.57	0.32	5.4	0.47	5.5	0.5	남남동	166	27.7	1008.3	-	71	
2021-07-11 20:25:00	5.1	동북동	74	22.89	28.53	0.38	5.7	0.48	5.5	0.9	남동	144	27.6	1008.3	-	59	
2021-07-11 20:30:00	1.3	동	89	22.82	28.59	0.22	5.0	0.33	6.5	0.7	남동	142	27.3	1008.4	-	23	
2021-07-11 20:35:00	1.1	남남동	156	22.73	28.69	0.32	5.6	0.43	5.0	0.1	동남동	119	27.0	1008.4	-	72	
2021-07-11 20:40:00	2.3	남남동	157	22.55	28.63	0.33	5.2	0.52	5.5	0.3	북동	44	27.0	1008.4	-	60	
2021-07-11 20:45:00	2.0	남동	144	22.39	28.96	0.29	5.4	0.40	4.5	0.3	동	84	27.4	1008.4	-	50	
2021-07-11 20:50:00	3.5	동남동	106	22.33	28.97	0.33	5.7	0.42	5.5	0.3	남동	126	27.6	1008.4	-	53	
2021-07-11 20:55:00	2.0	남동	136	22.34	29.06	0.32	5.1	0.47	5.0	0.4	동	100	27.5	1008.5	-	14	
2021-07-11 21:00:00	3.0	동남동	115	22.38	28.80	0.32	5.5	0.43	5.5	0.7	북서	306	27.1	1008.6	-	63	
2021-07-11 21:05:00	4.3	동	90	22.46	28.73	0.29	5.7	0.41	5.0	0.7	서남서	258	26.0	1008.6	-	59	
2021-07-11 21:10:00	3.9	동	95	22.49	28.75	0.28	5.1	0.41	5.0	1.2	남남서	213	26.2	1008.6	-	72	
2021-07-11 21:15:00	1.8	동	98	22.74	28.62	0.32	5.3	0.45	5.0	1.2	남남서	206	26.6	1008.5	-	45	
2021-07-11 21:20:00	6.4	동	90	22.69	28.60	0.31	5.2	0.51	5.0	1.6	남서	223	26.7	1008.5	-	51	
2021-07-11 21:25:00	6.1	동	86	22.71	28.65	0.27	5.6	0.40	5.5	2.3	남서	219	26.0	1008.5	-	58	
2021-07-11 21:30:00	6.1	동	88	22.72	28.66	0.30	5.6	0.40	5.0	2.1	남서	217	26.0	1008.6	-	53	
2021-07-11 21:35:00	7.4	동	90	22.72	28.60	0.29	5.4	0.43	5.5	1.7	남서	231	25.9	1008.7	-	50	
2021-07-11 21:40:00	8.8	동	82	22.47	28.56	0.29	5.2	0.37	5.0	1.8	서남서	238	26.4	1008.7	-	68	
2021-07-11 21:45:00	8.0	동	83	22.18	28.54	0.31	5.7	0.45	7.0	1.3	남서	224	26.8	1008.7	-	53	
2021-07-11 21:50:00	7.6	동	99	21.84	28.56	0.29	4.8	0.39	4.5	0.3	남남서	197	26.9	1008.7	-	46	
2021-07-11 21:55:00	8.4	동	98	21.69	28.59	0.33	5.4	0.46	6.0	1.7	남	187	27.1	1008.7	-	56	
2021-07-11 22:00:00	7.7	동	101	21.59	28.66	0.32	5.6	0.50	5.0	2.0	남남서	206	28.1	1008.7	-	38	
2021-07-11 22:05:00	8.1	동남동	105	21.58	28.66	0.30	5.0	0.39	6.0	0.9	남서	219	27.8	1008.7	-	57	
2021-07-11 22:10:00	8.2	동	98	21.60	28.68	0.29	5.4	0.36	5.5	0.5	서남서	248	27.5	1008.7	-	46	
2021-07-11 22:15:00	8.6	동	97	21.63	28.76	0.31	5.5	0.43	4.5	0.5	서남서	250	27.4	1008.7	-	227	
2021-07-11 22:20:00	9.2	동	93	21.65	28.69	0.30	5.5	0.39	5.0	0.6	서남서	245	27.5	1008.6	-	61	
2021-07-11 22:25:00	9.3	동	89	21.63	28.67	0.30	5.0	0.50	6.0	0.9	서	265	27.4	1008.7	-	45	
2021-07-11 22:30:00	6.7	동	96	21.63	28.77	0.29	5.5	0.43	5.5	0.9	서	263	27.1	1008.8	-	39	
2021-07-11 22:35:00	8.7	동남동	118	21.61	28.70	0.29	4.8	0.41	4.0	0.2	서남서	258	26.8	1008.8	-	52	
2021-07-11 22:40:00	10.7	동남동	119	21.59	28.65	0.30	5.2	0.39	5.0	0.6	서남서	238	26.7	1008.7	-	70	
2021-07-11 22:45:00	12.1	동남동	112	21.59	28.76	0.26	4.9	0.39	4.5	0.5	남서	232	26.8	1008.7	-	71	
2021-07-11 22:50:00	12.6	동남동	110	21.53	28.91	0.27	5.3	0.41	6.0	0.6	서남서	241	26.8	1008.7	-	45	
2021-07-11 22:55:00	14.0	동남동	114	21.50	28.74	0.29	5.8	0.42	7.0	0.4	남서	223	26.5	1008.7	-	59	
2021-07-11 23:00:00	14.0	동남동	106	21.45	28.69	0.33	5.7	0.43	4.5	0.6	남	189	26.2	1008.7	-	42	
2021-07-11 23:05:00	15.1	동남동	117	21.47	28.60	0.26	5.1	0.39	6.0	0.6	남	176	26.0	1008.7	-	84	
2021-07-11 23:10:00	15.3	동남동	122	21.52	28.93	0.28	5.1	0.44	5.0	1.4	남서	218	26.1	1008.7	-	263	
2021-07-11 23:15:00	15.1	남동	130	21.50	28.85	0.25	4.5	0.34	4.0	2.6	남서	229	26.7	1008.6	-	67	
2021-07-11 23:20:00	15.6	동남동	122	21.50	28.79	0.35	4.8	0.45	6.0	3.1	남서	230	27.0	1008.6	-	57	
2021-07-11 23:25:00	15.4	동남동	118	21.51	28.75	0.28	5.3	0.43	4.5	1.5	북서	313	26.4	1008.7	-	44	
2021-07-11 23:30:00	16.6	동남동	116	21.54	28.77	0.27	5.6	0.41	6.5	0.4	북동	47	25.3	1008.7	-	55	
2021-07-11 23:35:00	16.2	동남동	116	21.56	28.70	0.24	5.3	0.34	5.5	1.5	동남동	117	25.6	1008.7	-	41	
2021-07-11 23:40:00	16.7	동남동	121	21.57	28.71	0.31	5.1	0.45	4.5	0.1	동	92	25.8	1008.6	-	51	
2021-07-11 23:45:00	15.1	동남동	115	21.57	28.74	0.30	5.7	0.44	6.5	0.0	남남서	195	25.8	1008.6	-	50	
2021-07-11 23:50:00	14.1	남동	130	21.58	28.71	0.31	5.5	0.39	6.0	0.0	서북서	300	25.8	1008.6	-	53	
2021-07-11 23:55:00	16.0	남동	128	21.59	28.80	0.30	5.1	0.40	4.5	0.0	남동	136	25.9	1008.6	-	44	
2021-07-12 00:00:00	14.0	동남동	119	21.60	28.60	0.24	5.4	0.37	5.5	1.0	동남동	120	25.8	1008.6	-	60	
2021-07-12 00:05:00	15.2	동남동	124	21.61	28.86	0.28	5.5	0.42	5.5	1.5	동북동	74	25.7	1008.7	-	53	
2021-07-12 00:10:00	13.8	남동	125	21.63	28.69	0.30	5.1	0.38	5.0	0.7	북동	39	24.7	1008.6	-	45	
2021-07-12 00:15:00	14.4	동남동	123	21.65	28.68	0.28	5.8	0.46	6.0	0.1	동북동	57	24.5	1008.5	-	49	
2021-07-12 00:20:00	14.0	동남동	121	21.67	28.58	0.31	5.7	0.42	5.5	0.2	동남동	110	24.5	1008.6	-	51	
2021-07-12 00:25:00	13.3	동남동	120	21.72	28.65	0.25	5.4	0.32	6.5	1.0	동	94	24.5	1008.6	-	70	
2021-07-12 00:30:00	14.6	동남동	121	21.69	28.76	0.29	5.6	0.40	6.0	0.7	동북동	71	24.5	1008.6	-	55	
2021-07-12 00:35:00	16.3	동남동	119	21.73	28.84	0.27	5.8	0.32	4.5	0.0	동	97	24.3	1008.5	-	52	
2021-07-12 00:40:00	15.5	남동	125	21.76	28.72	0.28	5.6	0.38	5.0	0.6	북서	318	24.1	1008.6	-	56	
2021-07-12 00:45:00	14.5	남동	125	21.73	28.74	0.26	5.9	0.38	5.5	2.1	북북서	344	23.7	1008.7	-	45	
2021-07-12 00:50:00	16.6	남동	131	21.69	28.68	0.31	5.6	0.44	6.0	2.3	북북서	337	23.5	1008.7	-	48	
2021-07-12 00:55:00	16.7	남동	131	21.47	28.71	0.32	5.3	0.52	4.5	1.7	북북서	330	23.5	1008.6	-	52	
2021-07-12 01:00:00	16.3	남동	131	21.44	28.72	0.29	5.3	0.48	4.5	2.0	북서	319	23.4	1008.6	-	65	
2021-07-12 01:05:00	15.7	남동	133	21.49	28.63	0.30	5.8	0.46	5.5	2.8	북서	319	23.3	1008.5	-	48	
2021-07-12 01:10:00	17.5	남동	133	21.49	28.61	0.29	5.6	0.44	5.5	2.5	북서	312	23.3	1008.4	-	44	
2021-07-12 01:15:00	17.1	남동	130	21.58	28.61	0.34	4.4	0.57	3.5	2.5	서북서	298	23.3	1008.4	-	52	
2021-07-12 01:20:00	16.8	남동	129	21.49	28.63	0.28	5.3	0.35	5.5	2.6	북서	306	23.3	1008.4	-	56	
2021-07-12 01:25:00	16.6	남동	133	21.50	28.69	0.32	5.9	0.47	6.0	1.9	서북서	297	23.5	1008.4	-	51	
2021-07-12 01:30:00	15.6	남동	126	21.50	28.81	0.25	5.4	0.34	6.5	1.2	서	274	23.9	1008.3	-	44	
2021-07-12 01:35:00	16.7	남동	128	21.52	28.78	0.31	5.7	0.50	6.0	1.6	서북서	296	24.7	1008.3	-	54	
2021-07-12 01:40:00	16.3	남동	132	21.51	28.81	0.29	5.6	0.42	5.0	1.5	서북서	294	24.2	1008.3	-	41	
2021-07-12 01:45:00	14.6	남동	136	21.53	28.76	0.24	5.1	0.36	4.5	2.0	서남서	245	24.9	1008.1	-	40	
2021-07-12 01:50:00	15.6	남동	131	21.51	28.80	0.27	5.0	0.42	5.0	1.6	서	277	25.3	1008.2	-	34	
2021-07-12 01:55:00	16.6	남동	131	21.51	28.72	0.28	5.6	0.42	6.0	2.1	북북서	340	24.9	1008.2	-	44	
2021-07-12 02:00:00	15.8	남동	133	21.51	28.72	0.29	5.7	0.40	5.5	1.8	북	356	23.7	1008.2	-	53	
2021-07-12 02:05:00	14.9	남동	136	21.51	28.71	0.27	5.7	0.35	5.0	1.8	북	0	23.5	1008.2	-	26	
2021-07-12 02:10:00	16.0	남동	130	21.53	28.68	0.27	5.6	0.41	4.5	1.6	북북서	333	23.7	1008.2	-	65	
2021-07-12 02:15:00	15.2	남동	138	21.51	28.72	0.23	5.0	0.31	4.5	1.9	북	3	23.8	1008.2	-	59	
2021-07-12 02:20:00	15.4	남동	134	21.53	28.62	0.28	5.7	0.44	6.0	1.0	북	355	23.3	1008.1	-	58	
2021-07-12 02:25:00	16.0	남동	130	21.56	28.65	0.30	6.2	0.44	6.0	1.2	북서	308	23.8	1008.1	-	52	
2021-07-12 02:30:00	15.2	남동	138	21.49	28.61	0.25	5.5	0.33	5.5	1.9	북서	317	23.5	1008.1	-	40	
2021-07-12 02:35:00	16.8	남동	138	21.45	28.66	0.31	5.7	0.37	5.5	1.2	북서	304	23.2	1008.0	-	38	
2021-07-12 02:40:00	16.0	남동	140	21.44	28.67	0.29	5.8	0.40	6.5	1.7	서북서	288	23.3	1008.1	-	48	
2021-07-12 02:45:00	18.5	남동	141	21.48	28.69	0.29	5.9	0.40	4.5	2.1	서	269	23.9	1008.1	-	41	
2021-07-12 02:50:00	17.9	남동	134	21.53	28.64	0.26	5.6	0.44	6.0	1.7	서남서	239	24.5	1008.1	-	58	
2021-07-12 02:55:00	18.8	남동	135	21.57	28.54	0.28	5.8	0.46	5.5	1.3	남	179	24.7	1008.2	-	38	
2021-07-12 03:00:00	19.1	남동	137	21.60	28.58	0.24	5.9	0.35	5.0	1.5	남동	142	23.9	1008.3	-	65	
2021-07-12 03:05:00	18.6	남동	134	21.64	28.60	0.27	6.1	0.38	5.5	1.6	남동	134	23.6	1008.3	-	32	
2021-07-12 03:10:00	18.7	남동	137	21.55	28.63	0.30	6.1	0.46	5.5	0.7	남동	127	23.4	1008.4	-	42	
2021-07-12 03:15:00	20.9	남동	131	21.59	28.62	0.29	5.3	0.42	6.0	0.4	남동	134	23.4	1008.4	-	49	
2021-07-12 03:20:00	19.7	남동	141	21.60	28.46	0.31	5.1	0.43	4.0	0.7	남남동	164	23.5	1008.4	-	56	
2021-07-12 03:25:00	17.1	남동	136	21.57	28.51	0.27	4.8	0.49	4.5	0.9	남남서	193	23.7	1008.4	-	46	
2021-07-12 03:30:00	19.4	남동	137	21.59	28.56	0.28	5.5	0.39	5.5	1.2	남	179	23.7	1008.4	-	44	
2021-07-12 03:35:00	19.3	남동	138	21.57	28.55	0.28	5.5	0.42	5.5	1.1	남	172	23.7	1008.4	-	32	
2021-07-12 03:40:00	19.0	남동	144	21.58	28.38	0.27	5.4	0.34	5.5	0.3	남남동	163	23.9	1008.5	-	35	
2021-07-12 03:45:00	17.6	남동	139	21.58	28.60	0.25	5.3	0.36	6.0	1.4	남남서	210	24.1	1008.5	-	37	
2021-07-12 03:50:00	20.1	남동	142	21.57	28.50	0.31	6.2	0.38	5.5	1.3	남	188	24.9	1008.5	-	44	
2021-07-12 03:55:00	20.0	남동	145	21.58	28.61	0.27	5.3	0.43	5.5	0.8	남남서	200	24.8	1008.6	-	43	
2021-07-12 04:00:00	19.6	남남동	147	21.58	28.55	0.26	5.9	0.33	4.0	2.0	남서	235	24.9	1008.7	-	47	
2021-07-12 04:05:00	21.3	남동	141	21.65	28.54	0.30	5.6	0.47	4.0	2.5	서	277	25.2	1008.8	-	51	
2021-07-12 04:10:00	21.2	남동	142	21.68	28.54	0.35	6.5	0.50	6.5	2.0	북서	319	24.5	1008.8	-	39	
2021-07-12 04:15:00	21.0	남동	137	21.70	28.60	0.34	5.8	0.42	6.5	2.0	북서	325	23.6	1008.9	-	51	
2021-07-12 04:20:00	20.8	남동	142	21.75	28.45	0.29	5.9	0.41	5.5	1.8	북서	324	23.0	1009.0	-	42	
2021-07-12 04:25:00	20.4	남동	139	21.78	28.58	0.34	4.6	0.45	6.0	2.3	북서	313	22.8	1009.1	-	44	
2021-07-12 04:30:00	22.0	남동	141	21.76	28.41	0.32	6.0	0.47	5.5	2.6	북서	306	23.1	1009.3	-	40	
2021-07-12 04:35:00	21.9	남동	145	21.82	28.58	0.33	6.0	0.45	6.0	2.4	서북서	299	23.4	1009.3	-	35	
2021-07-12 04:40:00	21.1	남동	142	21.82	28.49	0.29	5.9	0.38	6.0	2.5	서북서	288	23.7	1009.4	-	47	
2021-07-12 04:45:00	21.9	남동	139	21.83	28.59	0.27	5.7	0.36	5.5	2.1	서	266	24.4	1009.5	-	50	
2021-07-12 04:50:00	23.4	남동	144	21.84	28.63	0.30	5.9	0.45	6.5	1.7	서남서	258	24.6	1009.5	-	48	
2021-07-12 04:55:00	22.9	남동	144	21.86	28.56	0.30	5.5	0.41	5.0	2.1	서	263	24.6	1009.5	-	73	
2021-07-12 05:00:00	24.1	남동	139	21.89	28.67	0.26	5.6	0.44	5.5	2.6	서남서	248	24.8	1009.5	-	42	
2021-07-12 05:05:00	24.8	남동	142	21.95	28.57	0.33	6.5	0.44	7.0	2.5	서	265	24.9	1009.6	-	44	
2021-07-12 05:10:00	25.3	남동	138	21.94	28.47	0.26	5.6	0.32	5.5	3.3	서	267	24.8	1009.8	-	34	
2021-07-12 05:15:00	22.6	남동	138	21.92	28.37	0.28	5.1	0.39	6.5	3.1	서	266	24.7	1009.8	-	47	
2021-07-12 05:20:00	22.8	남동	141	21.94	28.44	0.28	5.8	0.41	6.5	3.5	서남서	245	24.7	1009.9	-	50	
2021-07-12 05:25:00	24.8	남동	143	21.98	28.39	0.29	6.0	0.37	5.5	3.3	서남서	244	25.1	1009.9	-	29	
2021-07-12 05:30:00	22.4	남동	139	21.97	28.21	0.31	5.3	0.45	5.5	2.8	서남서	244	25.0	1010.0	-	48	
2021-07-12 05:35:00	24.8	남동	146	22.00	28.44	0.27	5.8	0.37	6.0	3.0	서남서	257	25.0	1010.0	-	19	
2021-07-12 05:40:00	22.6	남남동	149	22.04	28.27	0.30	5.6	0.43	6.0	2.9	서남서	240	25.0	1010.0	-	51	
2021-07-12 05:45:00	21.4	남남동	150	21.99	28.10	0.25	5.4	0.37	5.0	3.1	서남서	240	25.1	1010.0	-	40	
2021-07-12 05:50:00	21.9	남남동	150	22.06	28.25	0.26	5.5	0.40	6.5	1.6	남남서	208	25.1	1010.1	-	36	
2021-07-12 05:55:00	21.9	남남동	151	22.06	28.14	0.28	5.8	0.41	4.5	1.6	남남서	202	24.9	1010.1	-	64	
2021-07-12 06:00:00	20.7	남동	136	22.06	28.34	0.33	5.8	0.46	6.5	1.9	남서	214	25.0	1010.1	-	42	
2021-07-12 06:05:00	20.2	남동	143	22.03	28.27	0.25	5.4	0.46	6.0	0.9	남남서	209	25.2	1010.1	-	54	
2021-07-12 06:10:00	20.6	남동	145	22.06	28.21	0.22	5.5	0.32	6.0	0.8	남서	229	25.0	1010.1	-	46	
2021-07-12 06:15:00	21.1	남동	139	22.04	28.24	0.24	5.4	0.32	6.0	0.9	남서	227	25.2	1010.1	-	53	
2021-07-12 06:20:00	19.6	남동	138	22.03	28.26	0.31	5.8	0.41	6.0	1.3	남남서	213	25.5	1010.0	-	47	
2021-07-12 06:25:00	19.4	남동	142	22.10	28.32	0.28	5.6	0.35	6.0	1.4	남서	230	25.5	1010.0	-	49	
2021-07-12 06:30:00	20.5	남동	142	22.06	28.25	0.25	5.2	0.37	6.0	1.8	남서	219	25.6	1010.0	-	43	
2021-07-12 06:35:00	18.1	남동	142	22.08	28.35	0.26	5.7	0.33	6.0	2.8	서남서	238	25.8	1010.0	-	32	
2021-07-12 06:40:00	18.9	남남동	148	22.03	28.44	0.23	5.6	0.33	6.5	2.3	서남서	254	25.6	1010.1	-	23	
2021-07-12 06:45:00	15.9	남남동	151	21.96	28.42	0.24	5.2	0.41	6.0	2.2	서남서	249	25.4	1010.1	-	45	
2021-07-12 06:50:00	16.5	남남동	155	22.03	28.37	0.28	5.9	0.33	6.5	2.5	서남서	245	25.5	1010.2	-	44	
2021-07-12 06:55:00	18.8	남남동	164	21.99	28.25	0.27	6.2	0.36	6.0	2.2	서남서	242	25.7	1010.2	-	49	
2021-07-12 07:00:00	17.2	남남동	161	22.02	28.03	0.25	5.7	0.31	5.5	2.0	남서	235	25.9	1010.2	-	60	
2021-07-12 07:05:00	18.0	남남동	165	22.04	28.05	0.27	4.9	0.38	6.0	2.0	남서	227	26.0	1010.2	-	41	
2021-07-12 07:10:00	17.4	남남동	162	22.03	28.04	0.29	5.3	0.47	5.5	2.1	남서	226	26.6	1010.1	-	65	
2021-07-12 07:15:00	17.4	남남동	156	22.08	28.02	0.28	5.4	0.37	4.5	2.3	남서	231	27.0	1010.1	-	66	
2021-07-12 07:20:00	16.4	남남동	149	22.05	28.14	0.25	5.8	0.33	6.5	2.2	서남서	237	26.8	1010.2	-	51	
2021-07-12 07:25:00	15.4	남남동	149	22.02	28.05	0.23	5.4	0.44	5.5	2.2	서남서	237	26.4	1010.1	-	48	
2021-07-12 07:30:00	15.4	남남동	147	22.02	28.01	0.25	6.2	0.36	5.5	2.4	남서	228	26.6	1010.1	-	34	
2021-07-12 07:35:00	14.0	남남동	150	22.07	28.13	0.25	5.7	0.38	6.0	2.1	남서	224	26.9	1010.0	-	43	
2021-07-12 07:40:00	13.5	남남동	160	22.01	28.02	0.23	5.7	0.33	5.0	2.0	남서	223	27.2	1010.1	-	75	
2021-07-12 07:45:00	15.3	남	173	22.01	28.30	0.26	6.1	0.35	5.0	1.4	남서	218	27.2	1010.1	-	44	
2021-07-12 07:50:00	13.8	남남동	163	22.00	28.23	0.26	5.8	0.34	5.5	1.6	남남서	211	27.4	1010.1	-	43	
2021-07-12 07:55:00	14.4	남동	124	21.97	28.36	0.30	6.3	0.34	6.5	1.2	남동	142	27.1	1010.1	-	51	
2021-07-12 08:00:00	16.0	남남동	160	22.01	28.13	0.24	5.5	0.33	6.0	1.6	동남동	107	25.9	1010.1	-	36	
2021-07-12 08:05:00	13.6	남	173	22.03	28.38	0.31	5.8	0.43	6.0	1.4	동	82	25.5	1010.2	-	43	
2021-07-12 08:10:00	12.9	남	174	22.02	28.05	0.33	6.1	0.47	5.5	2.1	동북동	57	24.8	1010.2	-	51	
2021-07-12 08:15:00	13.3	남남동	163	22.02	28.10	0.27	6.0	0.34	6.5	1.8	동북동	71	24.3	1010.1	-	38	
2021-07-12 08:20:00	13.8	남남동	159	22.05	27.99	0.26	5.8	0.43	5.5	1.9	동	81	24.5	1010.1	-	64	
2021-07-12 08:25:00	14.2	남남동	167	22.08	27.81	0.30	5.1	0.52	6.0	2.0	동	84	24.4	1010.2	-	36	
2021-07-12 08:30:00	14.3	남동	145	22.09	27.94	0.27	6.0	0.48	5.5	2.1	동	83	24.4	1010.2	-	37	
2021-07-12 08:35:00	12.6	남동	143	22.08	27.98	0.29	5.8	0.48	5.5	2.1	동	84	24.4	1010.2	-	61	
2021-07-12 08:40:00	10.0	남남동	155	22.09	28.13	0.27	5.5	0.37	5.5	2.1	동	86	24.4	1010.1	-	30	
2021-07-12 08:45:00	11.3	남남동	153	22.09	27.97	0.24	5.5	0.33	5.5	2.1	동	96	24.4	1010.1	-	50	
2021-07-12 08:50:00	11.1	남남동	164	22.11	28.13	0.25	5.2	0.37	5.5	1.9	동남동	108	24.5	1010.1	-	113	
2021-07-12 08:55:00	10.1	남남동	154	22.12	28.02	0.27	5.5	0.43	5.5	1.9	동남동	110	24.6	1010.1	-	33	
2021-07-12 09:00:00	9.7	남남동	162	22.12	28.12	0.22	5.3	0.33	5.0	1.7	동북동	69	24.5	1010.1	-	29	
2021-07-12 09:05:00	9.1	남남동	161	22.12	28.04	0.25	5.5	0.35	6.0	1.8	동	97	24.6	1010.1	-	58	
2021-07-12 09:10:00	11.3	남남동	167	22.10	27.93	0.27	5.4	0.36	6.0	2.6	동북동	75	24.6	1010.2	-	57	
2021-07-12 09:15:00	10.1	남동	137	22.10	27.95	0.27	4.4	0.38	5.5	2.3	동북동	59	24.6	1010.2	-	63	
2021-07-12 09:20:00	9.9	남남동	147	22.09	27.97	0.28	5.4	0.35	5.0	2.1	동북동	74	24.7	1010.2	-	39	
2021-07-12 09:25:00	9.9	남동	144	22.05	28.08	0.27	5.4	0.47	5.5	2.0	북동	56	24.8	1010.2	-	58	
2021-07-12 09:30:00	12.6	남남동	154	22.05	28.11	0.22	5.8	0.30	5.5	1.6	동	84	24.8	1010.2	-	47	
2021-07-12 09:35:00	11.2	남남동	147	22.02	27.69	0.27	5.4	0.46	5.5	1.1	동	85	24.9	1010.2	-	24	
2021-07-12 09:40:00	10.3	남남동	150	22.02	27.66	0.28	5.4	0.44	5.5	1.2	동북동	75	25.0	1010.1	-	71	
2021-07-12 09:45:00	10.3	남남동	156	22.05	27.64	0.29	5.3	0.40	5.5	1.1	동북동	66	25.1	1010.0	-	35	
2021-07-12 09:50:00	14.0	남동	145	22.03	27.61	0.27	5.5	0.34	5.5	1.0	동북동	77	25.3	1010.0	-	41	
2021-07-12 09:55:00	15.1	남동	140	22.06	27.62	0.29	5.3	0.38	5.5	0.4	북동	35	25.5	1010.0	-	55	
2021-07-12 10:00:00	13.3	남남동	148	22.02	27.57	0.27	5.8	0.35	5.0	0.1	동	99	26.0	1010.0	-	38	
2021-07-12 10:05:00	13.2	남동	139	22.01	27.40	0.30	5.1	0.51	5.0	0.0	동	88	27.0	1010.0	-	46	
2021-07-12 10:10:00	14.2	남동	136	22.06	27.41	0.24	5.5	0.32	5.5	0.0	동북동	60	27.8	1010.0	-	38	
2021-07-12 10:15:00	14.2	남동	134	22.05	27.50	0.30	5.7	0.39	5.5	0.0	북동	37	27.3	1010.0	-	42	
2021-07-12 10:20:00	15.0	남동	134	22.04	27.32	0.28	5.6	0.41	5.5	0.2	동북동	60	26.7	1010.0	-	52	
2021-07-12 10:25:00	14.4	남동	143	22.14	27.34	0.34	5.1	0.44	5.0	1.3	동북동	57	26.0	1009.9	-	53	
2021-07-12 10:30:00	17.6	남남동	154	22.20	27.49	0.34	5.4	0.50	5.5	1.5	동북동	57	25.6	1009.9	-	65	
2021-07-12 10:35:00	19.0	남남동	154	22.16	27.58	0.31	5.3	0.46	5.0	1.4	동북동	61	25.6	1009.9	-	41	
2021-07-12 10:40:00	17.7	남남동	156	22.52	27.80	0.27	5.2	0.43	5.0	1.6	북동	44	25.7	1009.9	-	37	
2021-07-12 10:45:00	15.5	남남동	148	22.61	27.67	0.29	5.2	0.42	6.0	1.6	북동	41	25.7	1009.9	-	46	
2021-07-12 10:50:00	13.8	남남동	161	22.61	27.73	0.27	5.3	0.32	5.5	1.9	북동	38	25.8	1009.9	-	59	
2021-07-12 10:55:00	16.2	남남동	156	22.44	27.56	0.30	5.5	0.43	5.0	1.8	북동	41	25.8	1009.9	-	53	
2021-07-12 11:00:00	16.5	남남동	157	22.31	27.42	0.32	5.2	0.46	5.5	1.9	북동	52	25.9	1009.8	-	48	
2021-07-12 11:05:00	17.1	남	176	22.34	27.23	0.26	5.3	0.33	5.0	2.1	동북동	57	25.9	1009.8	-	55	
2021-07-12 11:10:00	16.7	남남동	163	22.21	27.72	0.28	5.5	0.40	5.5	2.1	동북동	62	25.9	1009.8	-	39	
2021-07-12 11:15:00	19.0	남남동	156	22.10	27.54	0.29	4.9	0.39	5.5	2.2	동북동	68	25.9	1009.8	-	55	
2021-07-12 11:20:00	18.9	남	173	22.12	27.56	0.25	5.4	0.38	5.0	2.3	동북동	73	25.8	1009.8	-	41	
2021-07-12 11:25:00	18.9	남	183	22.15	27.47	0.23	5.6	0.30	5.5	2.2	동북동	78	25.8	1009.9	-	50	
2021-07-12 11:30:00	21.6	남남동	168	22.04	27.74	0.26	5.4	0.35	5.5	2.3	동	80	25.7	1009.9	-	1	
2021-07-12 11:35:00	21.2	남남동	165	21.99	27.71	0.29	5.1	0.40	4.5	2.7	동	87	25.7	1009.8	-	45	
2021-07-12 11:40:00	21.8	남	170	21.99	27.91	0.29	5.2	0.40	5.5	2.8	동	91	25.7	1009.8	-	41	
2021-07-12 11:45:00	19.6	남	170	21.96	27.99	0.24	5.1	0.39	5.0	2.8	동	88	25.6	1009.8	-	64	
2021-07-12 11:50:00	18.9	남	180	22.02	28.16	0.25	5.1	0.30	5.5	2.8	동	87	25.6	1009.8	-	53	
2021-07-12 11:55:00	18.9	남남동	168	22.02	28.15	0.25	5.2	0.40	4.5	2.8	동	95	25.6	1009.8	-	54	
2021-07-12 12:00:00	17.5	남	173	22.03	28.26	0.24	5.3	0.34	5.0	2.1	동남동	118	25.6	1009.9	-	41	
2021-07-12 12:05:00	16.9	남	180	22.05	28.31	0.22	5.1	0.32	6.5	1.4	남남동	151	25.5	1009.8	-	50	
2021-07-12 12:10:00	16.8	남	179	22.09	28.28	0.24	5.0	0.30	5.0	1.6	남남동	148	25.5	1009.8	-	80	
2021-07-12 12:15:00	15.7	남	178	22.08	28.39	0.24	5.6	0.35	6.5	2.4	남남동	154	25.5	1009.8	-	42	
2021-07-12 12:20:00	17.3	남	181	22.06	28.31	0.22	5.3	0.30	5.0	2.6	남남동	148	25.6	1009.8	-	55	
2021-07-12 12:25:00	18.1	남	188	22.03	28.35	0.27	5.3	0.44	5.0	2.0	남남동	157	25.5	1009.8	-	34	
2021-07-12 12:30:00	16.7	남	179	21.99	28.37	0.28	5.5	0.36	5.5	2.4	남동	143	25.4	1009.7	-	43	
2021-07-12 12:35:00	16.7	남	178	22.01	28.35	0.22	4.6	0.31	4.5	2.3	남남동	148	25.3	1009.7	-	33	
2021-07-12 12:40:00	15.3	남	172	22.01	28.40	0.26	5.0	0.41	5.0	2.3	남동	128	25.3	1009.7	-	34	
2021-07-12 12:45:00	15.9	남남동	169	22.01	28.29	0.23	5.5	0.33	6.0	2.1	남동	137	25.3	1009.7	-	41	
2021-07-12 12:50:00	16.1	남	174	22.02	28.48	0.26	4.7	0.41	4.5	1.8	남동	129	25.3	1009.8	-	350	
2021-07-12 12:55:00	14.3	남	171	22.01	28.22	0.23	4.9	0.49	5.5	1.8	동남동	120	25.4	1009.8	-	227	
2021-07-12 13:00:00	14.7	남	175	22.09	28.15	0.26	5.0	0.32	5.0	2.2	남동	128	25.5	1009.9	-	72	
2021-07-12 13:05:00	11.8	남	178	22.10	28.27	0.26	4.9	0.34	5.0	2.5	남동	127	25.5	1009.9	-	78	
2021-07-12 13:10:00	12.9	남	182	22.08	28.13	0.27	5.4	0.35	5.0	2.6	남동	134	25.5	1009.9	-	86	
2021-07-12 13:15:00	12.1	남	185	22.10	28.21	0.24	5.2	0.37	4.5	2.7	남동	133	25.5	1010.0	-	41	
2021-07-12 13:20:00	11.7	남	172	22.03	28.20	0.27	5.3	0.39	5.5	3.0	남동	134	25.6	1010.0	-	46	
2021-07-12 13:25:00	14.0	남	170	22.01	28.15	0.25	5.3	0.43	5.5	2.9	남동	137	25.6	1010.0	-	78	
2021-07-12 13:30:00	14.4	남남동	165	22.01	28.20	0.27	5.6	0.41	5.5	3.1	남동	133	25.5	1010.0	-	51	
2021-07-12 13:35:00	15.2	남남동	167	22.00	28.27	0.23	5.4	0.31	4.5	3.3	남동	127	25.5	1010.0	-	58	
2021-07-12 13:40:00	14.0	남	172	22.01	28.19	0.27	5.3	0.41	5.0	2.9	동남동	123	25.7	1010.0	-	66	
2021-07-12 13:45:00	13.1	남	174	21.99	28.25	0.25	5.1	0.38	4.5	2.8	동남동	112	25.6	1010.1	-	60	
2021-07-12 13:50:00	13.7	남남동	167	21.99	28.15	0.28	5.1	0.42	5.0	2.1	동남동	110	25.7	1010.1	-	43	
2021-07-12 13:55:00	12.8	남남동	156	21.98	28.30	0.24	5.4	0.34	5.5	2.8	동남동	115	25.5	1010.1	-	64	
2021-07-12 14:00:00	14.8	남남동	150	21.99	28.02	0.26	5.0	0.37	6.0	2.7	동남동	110	25.5	1010.1	-	102	
2021-07-12 14:05:00	13.4	남남동	159	22.03	27.95	0.27	5.5	0.38	5.0	2.9	동남동	109	25.5	1010.1	-	40	
2021-07-12 14:10:00	13.0	남남동	155	22.08	27.88	0.28	5.2	0.47	5.5	3.4	동남동	112	25.4	1010.1	-	45	
2021-07-12 14:15:00	13.2	남남동	154	22.15	28.19	0.24	4.8	0.36	4.5	3.5	동남동	114	25.5	1010.0	-	309	
2021-07-12 14:20:00	14.1	남남동	147	22.24	28.17	0.22	4.8	0.29	5.0	3.7	동남동	114	25.5	1010.0	-	97	
2021-07-12 14:25:00	11.0	남동	146	22.30	28.31	0.27	4.7	0.35	4.5	3.9	동남동	110	25.5	1010.0	-	40	
2021-07-12 14:30:00	11.6	남동	138	22.31	28.16	0.28	4.6	0.50	5.0	3.7	동남동	111	25.5	1009.9	-	37	
2021-07-12 14:35:00	13.7	남동	129	22.37	28.25	0.29	5.4	0.40	4.5	3.6	동남동	111	25.4	1009.8	-	49	
2021-07-12 14:40:00	13.6	남동	129	22.41	28.09	0.29	5.0	0.39	6.0	4.0	동남동	117	25.5	1009.8	-	58	
2021-07-12 14:45:00	11.7	남동	126	22.43	28.17	0.28	5.2	0.39	5.5	4.3	동남동	114	25.5	1009.8	-	55	
2021-07-12 14:50:00	11.8	남동	127	22.47	28.13	0.30	5.1	0.48	5.5	4.6	동남동	114	25.5	1009.7	-	19	
2021-07-12 14:55:00	8.2	동남동	123	22.50	28.22	0.24	5.0	0.40	5.0	4.5	동남동	115	25.5	1009.7	-	71	
2021-07-12 15:00:00	6.3	남동	133	22.59	27.93	0.29	4.9	0.44	4.5	4.4	동남동	117	25.5	1009.7	-	57	
2021-07-12 15:05:00	4.5	남동	128	22.70	27.95	0.33	4.8	0.49	5.0	4.8	남동	124	25.5	1009.7	-	66	
2021-07-12 15:10:00	6.7	동남동	114	22.67	27.95	0.39	5.4	0.57	6.0	4.8	동남동	123	25.5	1009.7	-	49	
2021-07-12 15:15:00	7.7	동남동	104	22.67	28.13	0.33	5.3	0.43	5.0	5.0	동남동	119	25.5	1009.6	-	42	
2021-07-12 15:20:00	5.4	동남동	108	22.76	28.01	0.35	5.2	0.45	5.5	5.3	동남동	119	25.5	1009.5	-	45	
2021-07-12 15:25:00	6.1	동남동	109	22.75	28.08	0.33	5.2	0.45	6.0	5.3	동남동	118	25.5	1009.4	-	39	
2021-07-12 15:30:00	9.4	동	94	22.67	28.02	0.36	5.1	0.53	5.0	5.3	동남동	119	25.4	1009.4	-	57	
2021-07-12 15:35:00	7.0	동북동	70	22.83	27.95	0.36	4.9	0.53	5.0	5.6	동남동	119	25.4	1009.4	-	56	
2021-07-12 15:40:00	5.5	동	91	22.88	28.05	0.41	4.8	0.64	5.0	5.7	동남동	121	25.4	1009.4	-	288	
2021-07-12 15:45:00	4.5	동	81	22.85	27.81	0.35	4.6	0.49	5.0	5.9	동남동	118	25.5	1009.3	-	37	
2021-07-12 15:50:00	6.3	동	97	22.72	27.86	0.32	4.7	0.48	5.5	5.8	동남동	117	25.5	1009.3	-	84	
2021-07-12 15:55:00	6.9	동남동	103	22.78	27.92	0.36	5.2	0.57	4.5	5.7	동남동	118	25.5	1009.3	-	68	
2021-07-12 16:00:00	4.1	동	91	22.81	27.95	0.38	5.3	0.60	5.5	5.7	동남동	119	25.5	1009.3	-	83	
2021-07-12 16:05:00	6.3	동	87	22.74	27.97	0.38	4.9	0.57	5.0	5.8	동남동	118	25.5	1009.3	-	79	
2021-07-12 16:10:00	3.8	북북동	32	22.88	28.18	0.37	4.6	0.46	5.5	5.9	동남동	116	25.4	1009.3	-	63	
2021-07-12 16:15:00	4.1	동북동	76	22.86	28.06	0.39	5.1	0.52	5.5	5.9	동남동	116	25.3	1009.2	-	53	
2021-07-12 16:20:00	6.6	동북동	65	22.92	27.96	0.37	5.2	0.55	5.5	5.5	동남동	114	25.3	1009.2	-	66	
2021-07-12 16:25:00	6.4	동북동	62	22.93	27.86	0.33	4.7	0.47	5.0	5.5	동남동	113	25.2	1009.2	-	51	
2021-07-12 16:30:00	4.4	북동	49	22.97	27.96	0.32	4.4	0.48	5.0	5.2	동남동	114	25.3	1009.2	-	56	
2021-07-12 16:35:00	4.8	북북동	21	22.97	27.93	0.31	4.3	0.49	5.5	5.1	동남동	112	25.2	1009.2	-	76	
2021-07-12 16:40:00	5.0	북북동	24	22.99	27.95	0.33	5.1	0.45	7.0	4.9	동남동	113	25.2	1009.3	-	64	
2021-07-12 16:45:00	4.5	북북동	22	23.00	27.92	0.32	4.5	0.46	4.5	5.0	동남동	111	25.1	1009.3	-	57	
2021-07-12 16:50:00	6.5	북동	46	23.01	27.94	0.30	4.5	0.39	5.0	5.2	동남동	113	25.1	1009.3	-	229	
2021-07-12 16:55:00	7.2	북북동	31	23.00	28.00	0.30	4.8	0.42	6.5	5.1	동남동	116	25.1	1009.2	-	61	
2021-07-12 17:00:00	3.8	북동	43	23.03	28.02	0.34	5.6	0.49	5.0	5.1	동남동	121	25.1	1009.3	-	61	
2021-07-12 17:05:00	6.6	북동	35	23.04	27.90	0.29	4.1	0.44	4.5	5.2	남동	125	25.2	1009.3	-	64	
2021-07-12 17:10:00	4.4	북북동	25	23.04	28.05	0.36	5.3	0.51	6.0	5.2	남동	125	25.3	1009.2	-	57	
2021-07-12 17:15:00	6.3	북북동	17	23.09	28.15	0.30	5.3	0.52	5.5	5.2	남동	128	25.3	1009.3	-	54	
2021-07-12 17:20:00	4.7	북북동	16	23.08	27.97	0.31	4.9	0.40	3.0	4.9	남동	128	25.2	1009.3	-	68	
2021-07-12 17:25:00	6.4	북	356	23.11	28.05	0.29	4.5	0.37	4.5	4.9	남동	127	25.3	1009.3	-	46	
2021-07-12 17:30:00	7.9	북	356	23.10	27.88	0.31	4.8	0.43	6.0	5.0	남동	125	25.2	1009.2	-	67	
2021-07-12 17:35:00	4.0	북동	47	22.99	27.86	0.30	4.8	0.52	6.5	4.7	남동	125	25.2	1009.2	-	57	
2021-07-12 17:40:00	7.0	동북동	58	22.86	28.02	0.29	5.4	0.39	6.0	4.3	동남동	122	25.2	1009.1	-	62	
2021-07-12 17:45:00	6.4	동북동	71	22.79	27.81	0.31	5.6	0.51	6.0	4.4	동남동	122	25.1	1009.0	-	50	
2021-07-12 17:50:00	5.8	북북동	29	22.95	27.98	0.36	5.5	0.55	6.0	4.4	남동	125	25.0	1009.0	-	50	
2021-07-12 17:55:00	6.2	북동	44	22.87	28.00	0.28	4.4	0.39	2.5	4.5	남동	128	25.1	1009.0	-	42	
2021-07-12 18:00:00	5.9	북	2	22.96	28.11	0.32	4.6	0.42	3.5	4.6	남동	129	25.2	1009.0	-	43	
2021-07-12 18:05:00	6.6	북동	37	22.92	28.05	0.26	5.2	0.32	4.5	4.9	남동	128	25.2	1009.0	-	46	
2021-07-12 18:10:00	4.5	북동	53	22.68	27.93	0.31	4.4	0.49	5.0	5.2	남동	126	25.3	1008.9	-	50	
2021-07-12 18:15:00	5.3	동북동	70	22.72	27.98	0.28	4.8	0.37	5.5	5.4	남동	127	25.3	1008.9	-	92	
2021-07-12 18:20:00	7.9	북동	42	22.82	27.86	0.31	5.0	0.45	5.5	5.4	남동	127	25.1	1008.9	-	49	
2021-07-12 18:25:00	5.2	북동	38	22.79	27.94	0.30	4.6	0.45	6.0	5.3	남동	129	25.0	1008.9	-	49	
2021-07-12 18:30:00	5.6	북동	47	22.69	28.14	0.31	4.2	0.42	5.0	5.2	남동	129	24.8	1008.9	-	19	
2021-07-12 18:35:00	4.4	북동	50	22.65	28.37	0.38	5.3	0.50	6.0	5.1	남동	129	24.8	1009.0	-	44	
2021-07-12 18:40:00	4.9	동	87	22.31	28.19	0.28	4.5	0.42	5.0	5.2	남동	130	24.7	1009.0	-	46	
2021-07-12 18:45:00	5.7	북동	48	22.61	27.97	0.27	4.5	0.38	6.5	5.5	남동	131	24.7	1009.0	-	85	
2021-07-12 18:50:00	4.2	동북동	64	22.57	27.95	0.25	4.6	0.35	5.5	5.3	남동	129	24.6	1008.9	-	71	
2021-07-12 18:55:00	3.9	북북동	31	22.56	28.10	0.28	3.6	0.42	5.0	5.1	남동	130	24.5	1008.9	-	67	
2021-07-12 19:00:00	3.2	동	89	22.57	28.13	0.24	3.9	0.32	5.5	4.8	남동	129	24.5	1008.9	-	137	
2021-07-12 19:05:00	4.9	북동	55	22.45	28.23	0.23	4.3	0.33	6.0	4.9	남동	131	24.5	1008.9	-	51	
2021-07-12 19:10:00	3.7	동북동	79	22.47	28.05	0.31	5.4	0.43	6.0	4.6	남동	131	24.4	1009.0	-	72	
2021-07-12 19:15:00	7.2	동	95	22.33	28.09	0.26	4.9	0.36	5.0	4.4	남동	138	24.5	1009.0	-	63	
2021-07-12 19:20:00	9.7	동	97	22.26	28.05	0.25	3.9	0.41	6.5	4.1	남동	141	24.5	1008.9	-	55	
2021-07-12 19:25:00	5.4	동	81	22.37	28.05	0.24	4.3	0.32	6.5	3.8	남동	139	24.6	1008.9	-	60	
2021-07-12 19:30:00	5.3	동	94	22.37	28.13	0.32	5.4	0.44	6.0	3.3	남동	140	24.5	1009.0	-	65	
2021-07-12 19:35:00	4.6	동	94	22.35	28.31	0.27	5.4	0.47	6.0	3.1	남동	132	24.4	1009.1	-	34	
2021-07-12 19:40:00	7.4	동남동	119	22.04	28.00	0.22	4.5	0.38	5.5	3.1	남동	125	24.4	1009.1	-	80	
2021-07-12 19:45:00	6.0	동남동	110	22.07	28.16	0.22	4.9	0.34	4.5	1.5	남서	214	24.2	1009.2	-	60	
2021-07-12 19:50:00	3.2	서북서	299	22.37	28.31	0.23	5.3	0.32	5.0	1.8	남동	141	24.3	1009.3	-	19	
2021-07-12 19:55:00	5.1	서북서	289	22.42	28.15	0.32	6.0	0.52	5.5	1.7	남남동	158	24.6	1009.3	-	52	
2021-07-12 20:00:00	3.7	북서	325	22.46	28.13	0.22	5.2	0.38	4.5	1.3	남남동	150	24.8	1009.3	-	30	
2021-07-12 20:05:00	5.2	북서	322	22.46	28.24	0.23	4.8	0.40	6.0	1.0	동남동	122	24.8	1009.4	-	44	
2021-07-12 20:10:00	2.2	북	9	22.48	28.19	0.27	5.7	0.43	4.5	0.8	동남동	112	24.9	1009.5	-	49	
2021-07-12 20:15:00	2.8	북북서	340	22.48	28.28	0.24	4.9	0.32	4.0	1.3	동	100	25.2	1009.4	-	51	
2021-07-12 20:20:00	4.1	북북서	331	22.47	28.19	0.23	5.3	0.31	6.0	1.8	동남동	105	24.9	1009.4	-	52	
2021-07-12 20:25:00	6.6	서	278	22.46	28.18	0.23	5.2	0.36	5.0	2.0	동남동	103	24.9	1009.3	-	61	
2021-07-12 20:30:00	3.3	북동	41	22.47	28.24	0.27	5.8	0.36	5.0	2.3	동남동	108	24.7	1009.3	-	37	
2021-07-12 20:35:00	2.3	북	4	22.45	28.11	0.23	4.9	0.34	5.0	1.8	동남동	110	24.5	1009.4	-	37	
2021-07-12 20:40:00	4.6	북북동	26	22.44	28.26	0.26	4.7	0.48	5.5	1.5	남동	125	24.4	1009.5	-	18	
2021-07-12 20:45:00	3.4	북동	35	22.45	28.26	0.23	4.6	0.36	7.0	1.1	남동	127	24.3	1009.5	-	32	
2021-07-12 20:50:00	4.2	동북동	57	22.42	28.29	0.28	5.3	0.41	6.0	0.6	남	170	24.3	1009.6	-	43	
2021-07-12 20:55:00	3.4	동	87	22.24	28.18	0.23	4.8	0.34	6.0	0.1	남남서	195	24.6	1009.7	-	57	
2021-07-12 21:00:00	4.7	동남동	122	22.07	28.16	0.25	5.2	0.33	3.0	0.1	동남동	106	24.1	1009.8	-	61	
2021-07-12 21:05:00	6.6	동남동	122	21.80	28.19	0.21	4.8	0.32	5.5	0.6	동남동	116	23.9	1009.9	-	52	
2021-07-12 21:10:00	5.2	동	84	22.10	28.14	0.25	5.1	0.36	5.5	0.6	동남동	113	24.1	1009.9	-	66	
2021-07-12 21:15:00	6.9	동남동	115	21.96	28.07	0.23	4.7	0.30	5.0	0.0	남남동	157	24.6	1009.8	-	41	
2021-07-12 21:20:00	10.2	동남동	105	21.80	28.17	0.22	5.3	0.32	6.0	0.1	남	174	24.8	1009.9	-	35	
2021-07-12 21:25:00	10.8	동남동	109	21.75	28.16	0.20	4.8	0.31	3.5	0.1	남남서	198	24.8	1009.9	-	52	
2021-07-12 21:30:00	10.4	동남동	113	21.75	28.04	0.24	5.0	0.32	5.0	0.0	서	276	24.8	1009.9	-	35	
2021-07-12 21:35:00	7.0	남동	126	21.65	28.27	0.23	5.5	0.29	5.0	0.4	서	276	24.7	1010.0	-	32	
2021-07-12 21:40:00	8.6	남동	126	21.65	28.06	0.18	4.7	0.25	5.0	0.7	서북서	297	24.6	1010.1	-	98	
2021-07-12 21:45:00	7.4	동남동	122	21.74	28.16	0.25	5.8	0.37	5.5	0.7	북서	307	24.6	1010.1	-	56	
2021-07-12 21:50:00	7.1	동남동	105	21.88	28.19	0.21	5.3	0.31	6.0	0.0	북서	320	24.5	1010.1	-	11	
2021-07-12 21:55:00	4.8	동남동	104	22.02	28.30	0.22	5.4	0.30	6.0	0.2	북	10	24.5	1010.0	-	46	
2021-07-12 22:00:00	6.8	동남동	108	22.01	28.21	0.21	5.2	0.29	5.5	0.5	북동	55	24.4	1010.0	-	53	
2021-07-12 22:05:00	5.1	동	99	22.18	28.18	0.22	5.2	0.27	5.5	0.7	동	82	24.3	1010.0	-	48	
2021-07-12 22:10:00	6.4	동	97	22.19	27.90	0.21	5.3	0.32	5.5	0.9	북북동	30	24.1	1009.9	-	49	
2021-07-12 22:15:00	5.3	동	86	22.24	28.01	0.21	4.9	0.30	4.5	0.7	남동	127	23.9	1009.9	-	101	
2021-07-12 22:20:00	6.7	동남동	107	22.19	28.04	0.20	5.3	0.25	6.5	1.1	북북동	33	24.3	1009.8	-	38	
2021-07-12 22:25:00	6.8	동	93	22.12	28.00	0.20	5.3	0.26	5.5	0.6	동북동	68	24.2	1009.8	-	50	
2021-07-12 22:30:00	7.4	동	101	22.05	28.02	0.23	5.6	0.36	6.0	0.7	북북동	16	24.4	1009.8	-	46	
2021-07-12 22:35:00	5.5	동남동	103	22.06	27.89	0.22	5.6	0.30	5.5	0.1	북	10	24.4	1009.9	-	43	
2021-07-12 22:40:00	6.1	남동	129	22.09	27.92	0.24	5.6	0.33	6.0	0.6	북서	307	24.2	1009.9	-	34	
2021-07-12 22:45:00	9.9	동남동	122	21.93	27.99	0.25	6.0	0.37	5.5	0.3	서북서	298	24.0	1009.9	-	24	
2021-07-12 22:50:00	7.5	동남동	116	21.90	27.93	0.20	4.9	0.26	5.5	1.0	북북서	335	24.0	1009.9	-	55	
2021-07-12 22:55:00	9.0	남동	130	21.89	27.99	0.24	6.0	0.34	6.0	1.6	북서	318	23.9	1010.0	-	35	
2021-07-12 23:00:00	8.8	남동	142	21.82	27.92	0.21	5.5	0.33	5.5	2.0	북북서	333	23.7	1010.1	-	60	
2021-07-12 23:05:00	9.8	남동	137	21.76	27.87	0.21	5.8	0.31	6.0	1.9	북북서	341	23.6	1010.1	-	51	
2021-07-12 23:10:00	10.6	남동	136	21.73	27.91	0.23	5.4	0.29	5.5	1.8	북북서	345	23.6	1010.1	-	32	
2021-07-12 23:15:00	12.2	남동	134	21.78	27.88	0.24	6.1	0.30	5.0	2.0	북	357	23.5	1010.2	-	31	
2021-07-12 23:20:00	11.7	남동	131	21.78	28.11	0.21	5.4	0.30	5.5	2.1	북북동	18	23.6	1010.1	-	54	
2021-07-12 23:25:00	13.3	남동	140	21.68	27.99	0.22	6.0	0.33	6.0	2.5	북동	39	23.6	1010.1	-	39	
2021-07-12 23:30:00	12.6	남동	144	21.72	28.07	0.20	4.8	0.27	6.0	3.0	북동	49	23.5	1010.0	-	21	
2021-07-12 23:35:00	13.6	남동	142	21.69	28.01	0.23	5.8	0.33	5.0	2.9	북동	52	23.6	1009.9	-	53	
2021-07-12 23:40:00	12.1	남남동	147	21.65	28.07	0.20	5.4	0.25	5.0	2.7	북동	56	23.6	1009.9	-	32	
2021-07-12 23:45:00	11.2	남동	146	21.64	28.17	0.23	5.4	0.38	5.5	2.4	동북동	58	23.6	1009.8	-	52	
2021-07-12 23:50:00	12.1	남동	134	21.78	28.01	0.19	5.4	0.24	6.0	1.4	북동	54	23.7	1009.8	-	33	
2021-07-12 23:55:00	11.2	남남동	153	21.73	28.09	0.21	5.5	0.28	5.5	0.9	북	349	23.6	1009.9	-	38	
2021-07-13 00:00:00	9.0	남동	144	21.85	28.05	0.21	5.4	0.30	6.0	0.9	북북서	327	23.6	1009.9	-	32	
2021-07-13 00:05:00	11.2	남동	134	21.82	28.02	0.20	5.2	0.25	5.5	1.1	북북서	343	23.6	1009.9	-	43	
2021-07-13 00:10:00	11.0	남동	135	21.82	27.99	0.19	5.2	0.28	5.0	0.9	북서	324	23.6	1010.0	-	53	
2021-07-13 00:15:00	11.1	남동	144	21.82	27.95	0.18	5.2	0.26	5.0	1.4	서	280	23.4	1010.0	-	29	
2021-07-13 00:20:00	11.3	남동	142	21.84	27.92	0.19	5.3	0.29	6.0	0.8	북서	322	23.3	1010.0	-	40	
2021-07-13 00:25:00	12.0	남동	144	21.84	27.96	0.20	5.6	0.30	5.5	0.6	북서	304	23.3	1010.0	-	30	
2021-07-13 00:30:00	12.2	남동	143	21.83	27.99	0.18	5.6	0.25	5.5	0.1	서북서	297	23.3	1010.0	-	28	
2021-07-13 00:35:00	13.4	남동	141	21.88	27.97	0.23	5.8	0.32	5.5	0.0	북서	310	23.3	1010.0	-	36	
2021-07-13 00:40:00	13.9	남남동	147	21.91	28.05	0.16	4.9	0.26	5.0	0.0	서북서	284	23.2	1010.0	-	53	
2021-07-13 00:45:00	12.2	남동	146	21.90	28.12	0.23	5.5	0.33	5.5	0.0	북서	305	23.2	1010.0	-	48	
2021-07-13 00:50:00	13.3	남남동	150	21.88	27.92	0.17	5.6	0.24	5.5	0.6	북북서	341	23.2	1010.0	-	55	
2021-07-13 00:55:00	11.4	남동	140	21.88	28.02	0.18	5.4	0.28	5.5	0.7	북	357	23.2	1010.0	-	34	
2021-07-13 01:00:00	10.1	남남동	149	21.88	28.03	0.15	4.6	0.21	6.0	0.5	북	7	23.2	1010.0	-	40	
2021-07-13 01:05:00	11.5	남동	142	21.90	27.93	0.21	5.6	0.32	5.0	0.8	서북서	295	23.2	1010.1	-	54	
2021-07-13 01:10:00	11.2	남남동	147	21.89	27.88	0.25	5.3	0.43	6.0	0.7	서	279	23.2	1010.1	-	40	
2021-07-13 01:15:00	12.0	남동	143	21.88	27.93	0.20	6.0	0.27	5.5	1.0	서	280	23.2	1010.1	-	40	
2021-07-13 01:20:00	11.2	남남동	155	21.89	28.10	0.17	5.2	0.26	5.5	1.0	서	274	23.2	1010.1	-	58	
2021-07-13 01:25:00	9.7	남남동	148	21.89	28.17	0.22	6.1	0.32	6.5	0.6	서	271	23.1	1010.1	-	23	
2021-07-13 01:30:00	11.2	남동	142	21.89	27.97	0.17	5.3	0.23	5.5	0.6	서북서	286	23.1	1010.0	-	60	
2021-07-13 01:35:00	10.1	남남동	150	21.90	28.14	0.23	5.9	0.30	5.5	0.5	북서	306	23.1	1010.0	-	35	
2021-07-13 01:40:00	10.6	남동	139	21.90	28.07	0.23	5.6	0.30	5.0	0.4	북서	307	23.0	1010.0	-	76	
2021-07-13 01:45:00	10.9	남동	139	21.92	28.03	0.19	5.7	0.37	6.0	0.6	북서	308	22.9	1010.0	-	48	
2021-07-13 01:50:00	10.2	남남동	148	21.90	28.19	0.19	5.4	0.33	6.0	1.0	북서	308	23.0	1010.0	-	44	
2021-07-13 01:55:00	10.0	남남동	152	21.88	28.18	0.21	5.8	0.33	5.5	1.3	서북서	290	23.0	1009.9	-	20	
2021-07-13 02:00:00	9.6	남남동	149	21.90	27.98	0.19	5.4	0.28	5.5	1.1	서북서	297	23.1	1009.9	-	35	
2021-07-13 02:05:00	11.4	남동	140	21.92	28.04	0.21	5.9	0.30	5.5	0.5	북서	315	23.0	1009.8	-	19	
2021-07-13 02:10:00	10.7	남동	138	21.92	27.99	0.22	5.6	0.30	5.0	0.8	북서	319	23.0	1009.8	-	34	
2021-07-13 02:15:00	11.7	남동	131	21.90	28.14	0.18	5.4	0.33	5.5	1.1	북서	306	23.0	1009.8	-	25	
2021-07-13 02:20:00	9.9	남동	145	21.89	28.00	0.17	5.4	0.27	5.0	1.3	서북서	291	23.1	1009.7	-	37	
2021-07-13 02:25:00	10.6	남동	138	21.88	28.01	0.21	5.4	0.30	5.5	1.0	서	270	23.4	1009.7	-	60	
2021-07-13 02:30:00	12.1	남동	143	21.90	27.88	0.20	5.3	0.29	4.5	0.7	서	275	23.4	1009.7	-	49	
2021-07-13 02:35:00	12.3	남동	141	21.90	27.99	0.23	5.5	0.29	6.0	0.5	북	358	23.4	1009.6	-	44	
2021-07-13 02:40:00	11.7	남남동	148	21.90	28.01	0.21	5.3	0.26	5.5	0.7	북	2	23.2	1009.6	-	59	
2021-07-13 02:45:00	11.3	남동	144	21.90	27.91	0.17	5.2	0.28	6.0	0.8	북북서	347	23.1	1009.5	-	31	
2021-07-13 02:50:00	12.1	남남동	152	21.91	28.11	0.21	5.5	0.32	5.5	0.8	북북서	344	23.0	1009.5	-	39	
2021-07-13 02:55:00	12.9	남남동	149	21.96	28.00	0.18	5.6	0.27	5.5	0.9	북서	321	22.9	1009.4	-	35	
2021-07-13 03:00:00	12.7	남남동	152	21.98	28.13	0.18	5.0	0.27	4.5	1.2	서북서	297	22.9	1009.4	-	18	
2021-07-13 03:05:00	13.2	남동	140	22.03	28.14	0.17	5.6	0.25	4.5	1.3	북서	305	22.8	1009.5	-	30	
2021-07-13 03:10:00	11.5	남	169	22.02	28.13	0.17	4.8	0.21	5.5	1.9	북서	307	22.8	1009.6	-	57	
2021-07-13 03:15:00	12.9	남남동	164	22.04	28.20	0.19	5.4	0.31	6.0	1.7	서북서	297	22.8	1009.6	-	51	
2021-07-13 03:20:00	14.2	남	181	22.08	28.05	0.21	5.3	0.27	4.5	1.2	서북서	302	22.8	1009.5	-	31	
2021-07-13 03:25:00	12.6	남남동	154	22.04	27.96	0.27	3.9	0.49	6.5	0.8	북서	326	22.8	1009.5	-	27	
2021-07-13 03:30:00	13.0	남남동	164	22.09	27.95	0.20	4.8	0.26	5.0	0.7	북북서	346	22.7	1009.4	-	19	
2021-07-13 03:35:00	11.7	남남동	163	22.09	27.94	0.22	4.6	0.29	5.0	0.6	북북서	337	22.9	1009.4	-	46	
2021-07-13 03:40:00	12.2	남남동	146	22.06	27.92	0.17	4.8	0.25	5.5	0.5	북북서	337	22.8	1009.4	-	32	
2021-07-13 03:45:00	13.1	남동	146	22.08	27.86	0.17	4.5	0.28	5.5	0.5	북서	326	22.7	1009.5	-	10	
2021-07-13 03:50:00	14.0	남남동	156	22.11	28.16	0.20	5.2	0.28	5.0	1.1	서북서	299	22.7	1009.5	-	56	
2021-07-13 03:55:00	15.3	남남동	158	22.14	27.90	0.21	5.1	0.29	5.0	1.2	북서	307	22.7	1009.6	-	30	
2021-07-13 04:00:00	14.7	남남동	154	22.15	27.93	0.21	5.2	0.33	5.5	1.1	북서	313	22.7	1009.6	-	33	
2021-07-13 04:05:00	13.8	남남동	146	22.17	27.95	0.18	4.6	0.24	4.5	1.2	북서	310	22.7	1009.7	-	55	
2021-07-13 04:10:00	12.4	남남동	162	22.21	27.96	0.20	5.0	0.26	5.5	1.3	북서	313	22.7	1009.8	-	18	
2021-07-13 04:15:00	12.0	남남동	164	22.23	28.06	0.22	5.3	0.28	5.5	1.4	북서	306	22.6	1009.8	-	43	
2021-07-13 04:20:00	13.7	남남동	156	22.22	27.96	0.21	5.4	0.35	5.0	1.5	북서	307	22.4	1009.8	-	52	
2021-07-13 04:25:00	13.8	남남동	164	22.24	27.94	0.21	5.3	0.31	4.0	1.5	서북서	302	22.3	1009.7	-	42	
2021-07-13 04:30:00	12.8	남남동	157	22.25	28.03	0.25	4.9	0.43	5.5	1.4	서북서	298	22.2	1009.8	-	29	
2021-07-13 04:35:00	14.6	남남동	152	22.27	28.20	0.21	3.7	0.36	3.5	1.3	북서	309	22.1	1009.9	-	74	
2021-07-13 04:40:00	13.8	남남동	159	22.27	28.01	0.23	4.1	0.32	3.0	1.4	북서	311	22.1	1009.9	-	40	
2021-07-13 04:45:00	16.5	남남동	152	22.32	27.96	0.23	3.9	0.31	3.5	1.5	북서	315	22.3	1009.9	-	298	
2021-07-13 04:50:00	15.3	남남동	155	22.38	27.97	0.21	4.7	0.27	5.0	1.3	북서	305	22.4	1009.9	-	43	
2021-07-13 04:55:00	17.2	남남동	154	22.39	27.97	0.21	5.2	0.28	4.5	1.3	북서	305	22.4	1010.0	-	41	
2021-07-13 05:00:00	16.3	남남동	161	22.39	27.87	0.21	4.9	0.26	5.5	1.4	북서	305	22.4	1010.1	-	41	
2021-07-13 05:05:00	16.9	남남동	165	22.41	27.92	0.18	5.3	0.30	5.5	1.4	북서	314	22.4	1010.1	-	45	
2021-07-13 05:10:00	17.8	남남동	151	22.39	28.02	0.19	5.0	0.23	5.5	1.6	북서	322	22.3	1010.2	-	25	
2021-07-13 05:15:00	20.1	남남동	150	22.44	27.91	0.20	5.1	0.30	5.0	1.4	북서	318	22.1	1010.1	-	53	
2021-07-13 05:20:00	20.2	남남동	154	22.45	27.96	0.18	5.1	0.24	5.0	1.5	북서	311	22.2	1010.1	-	27	
2021-07-13 05:25:00	19.9	남남동	150	22.46	27.88	0.18	5.0	0.29	5.0	1.6	북서	309	22.3	1010.2	-	47	
2021-07-13 05:30:00	-	-	-	-	-	0.00	0.0	0.00	0.0	1.9	서북서	293	22.8	-	-	0	
2021-07-13 05:35:00	19.5	남남동	152	22.58	27.97	0.17	4.8	0.23	5.5	1.8	서북서	298	22.6	1010.3	-	48	
2021-07-13 05:40:00	18.3	남남동	167	22.62	28.10	0.19	5.1	0.32	4.5	1.7	북서	306	22.4	1010.4	-	41	
2021-07-13 05:45:00	18.3	남	175	22.61	28.01	0.24	4.8	0.43	3.0	1.3	북서	309	22.4	1010.4	-	36	
2021-07-13 05:50:00	17.7	남남동	166	22.61	28.25	0.20	5.2	0.25	4.5	1.3	북서	307	22.5	1010.4	-	43	
2021-07-13 05:55:00	15.9	남남동	151	22.62	28.04	0.22	4.0	0.32	4.5	1.6	북서	307	22.6	1010.4	-	35	
2021-07-13 06:00:00	16.5	남남동	153	22.62	28.03	0.22	4.9	0.30	4.0	1.3	북서	319	22.8	1010.3	-	49	
2021-07-13 06:05:00	13.7	남남동	151	22.63	28.13	0.20	4.6	0.34	5.0	1.3	북서	315	22.8	1010.3	-	26	
2021-07-13 06:10:00	13.2	남동	143	22.65	27.97	0.20	4.4	0.29	4.0	1.1	북서	318	22.8	1010.3	-	69	
2021-07-13 06:15:00	11.9	남남동	149	22.67	27.97	0.19	4.7	0.25	3.0	1.0	북서	308	22.8	1010.3	-	49	
2021-07-13 06:20:00	12.4	남남동	151	22.69	27.89	0.21	4.9	0.32	5.0	1.4	서북서	282	22.8	1010.4	-	341	
2021-07-13 06:25:00	15.7	남남동	160	22.70	27.92	0.22	4.1	0.29	4.5	1.6	서북서	282	22.8	1010.4	-	54	
2021-07-13 06:30:00	17.6	남남동	148	22.74	27.97	0.20	5.3	0.23	5.0	1.7	서	277	22.9	1010.3	-	31	
2021-07-13 06:35:00	18.2	남남동	150	22.81	27.97	0.22	4.7	0.30	5.0	1.6	서북서	287	23.0	1010.3	-	65	
2021-07-13 06:40:00	15.8	남남동	148	22.82	27.77	0.19	5.0	0.28	5.5	1.6	서북서	292	23.2	1010.4	-	59	
2021-07-13 06:45:00	16.8	남동	138	22.75	27.84	0.17	4.8	0.26	4.0	1.6	북서	309	23.3	1010.4	-	29	
2021-07-13 06:50:00	16.9	남동	141	22.74	28.15	0.19	4.9	0.39	5.0	1.2	북서	310	23.4	1010.4	-	80	
2021-07-13 06:55:00	16.9	남동	145	22.76	28.07	0.18	4.9	0.26	5.0	1.1	서북서	294	23.5	1010.4	-	40	
2021-07-13 07:00:00	17.4	남남동	154	22.78	27.99	0.18	4.8	0.30	5.5	1.0	북서	319	23.6	1010.4	-	38	
2021-07-13 07:05:00	16.3	남남동	161	22.79	27.85	0.18	4.4	0.25	4.5	0.8	북서	319	23.8	1010.5	-	12	
2021-07-13 07:10:00	14.2	남남동	162	22.76	28.10	0.21	3.6	0.33	3.5	1.2	북서	311	24.0	1010.6	-	42	
2021-07-13 07:15:00	16.3	남남동	152	22.79	28.09	0.18	4.6	0.29	5.5	1.6	북서	312	23.9	1010.6	-	33	
2021-07-13 07:20:00	15.5	남남동	154	22.80	27.83	0.19	5.2	0.29	5.0	1.7	북서	318	23.9	1010.6	-	41	
2021-07-13 07:25:00	13.5	남동	144	22.80	27.94	0.18	5.2	0.26	6.0	2.2	북서	325	23.9	1010.6	-	39	
2021-07-13 07:30:00	13.4	남남동	156	22.83	27.91	0.18	4.8	0.22	5.5	1.9	북서	318	23.8	1010.6	-	42	
2021-07-13 07:35:00	13.0	남남동	165	22.92	27.85	0.24	4.5	0.32	2.5	1.5	북서	321	23.7	1010.6	-	67	
2021-07-13 07:40:00	13.2	남남동	162	22.94	27.93	0.18	4.6	0.27	3.0	1.4	북서	322	23.7	1010.6	-	29	
2021-07-13 07:45:00	17.5	남동	134	22.91	28.10	0.18	4.8	0.29	5.5	1.2	서북서	300	23.9	1010.6	-	44	
2021-07-13 07:50:00	15.0	남동	140	22.91	28.09	0.20	4.4	0.31	3.0	1.0	서북서	289	24.1	1010.7	-	21	
2021-07-13 07:55:00	16.8	남동	135	22.98	27.93	0.24	4.3	0.39	4.0	0.8	서북서	287	24.4	1010.7	-	65	
2021-07-13 08:00:00	15.6	남남동	160	23.05	28.09	0.19	4.6	0.34	4.5	0.6	서	280	24.5	1010.7	-	68	
2021-07-13 08:05:00	14.1	남남동	164	23.05	27.77	0.17	4.2	0.23	4.0	0.4	서북서	301	24.7	1010.7	-	73	
2021-07-13 08:10:00	16.1	남	170	23.01	27.78	0.19	4.7	0.26	3.0	0.3	북서	317	25.0	1010.7	-	38	
2021-07-13 08:15:00	14.2	남남동	154	22.99	27.87	0.23	4.8	0.32	5.0	0.6	북서	317	25.0	1010.8	-	43	
2021-07-13 08:20:00	15.1	남남동	153	22.96	28.15	0.18	4.9	0.26	4.0	1.5	북북서	337	24.8	1010.8	-	337	
2021-07-13 08:25:00	14.9	남남동	154	22.96	27.94	0.18	5.1	0.24	4.0	2.2	북서	325	24.6	1010.7	-	27	
2021-07-13 08:30:00	15.6	남남동	158	22.97	27.97	0.19	4.8	0.29	3.5	2.3	북서	320	24.5	1010.8	-	38	
2021-07-13 08:35:00	20.3	남남동	164	23.12	27.93	0.20	4.5	0.29	5.5	2.3	북서	318	24.5	1010.8	-	82	
2021-07-13 08:40:00	17.5	남남동	152	23.04	27.86	0.19	4.5	0.27	4.5	2.4	북서	324	24.5	1010.8	-	37	
2021-07-13 08:45:00	18.8	남남동	154	23.06	27.80	0.18	4.9	0.29	5.0	2.2	북북서	332	24.4	1010.9	-	124	
2021-07-13 08:50:00	19.5	남남동	164	23.07	27.88	0.19	4.7	0.27	4.5	2.1	북북서	337	24.4	1010.9	-	83	
2021-07-13 08:55:00	16.9	남남동	150	22.98	27.88	0.19	4.5	0.31	5.0	2.3	북북서	337	24.4	1010.9	-	54	
2021-07-13 09:00:00	17.1	남남동	151	22.92	27.83	0.18	4.8	0.30	4.5	2.0	북북서	330	24.5	1010.9	-	15	
2021-07-13 09:05:00	17.6	남남동	151	22.88	27.89	0.17	4.7	0.22	4.5	1.8	북북서	333	24.5	1010.9	-	36	
2021-07-13 09:10:00	17.8	남남동	158	22.89	27.94	0.19	5.1	0.26	4.5	1.7	북	358	24.6	1010.8	-	1	
2021-07-13 09:15:00	16.8	남남동	157	22.93	27.99	0.20	4.8	0.29	5.5	1.8	북	355	24.7	1010.8	-	111	
2021-07-13 09:20:00	17.3	남남동	150	22.93	27.90	0.24	5.2	0.32	4.5	1.7	북	351	24.8	1010.8	-	12	
2021-07-13 09:25:00	18.9	남남동	155	22.90	27.86	0.18	4.4	0.28	4.0	2.0	북	3	24.8	1010.8	-	22	
2021-07-13 09:30:00	17.1	남남동	154	22.89	27.90	0.20	4.4	0.27	3.5	2.2	북	2	24.8	1010.8	-	43	
2021-07-13 09:35:00	16.0	남남동	159	22.96	27.86	0.21	4.9	0.31	5.5	2.3	북	9	24.8	1010.8	-	46	
2021-07-13 09:40:00	16.5	남남동	161	23.17	27.86	0.20	4.3	0.35	4.5	2.6	북북동	14	24.8	1010.7	-	32	
2021-07-13 09:45:00	17.2	남남동	165	23.21	27.87	0.23	4.4	0.31	4.5	2.6	북북동	14	25.0	1010.8	-	347	
2021-07-13 09:50:00	19.1	남	169	23.20	27.88	0.23	4.7	0.34	4.0	2.4	북	11	25.0	1010.9	-	73	
2021-07-13 09:55:00	17.0	남남동	160	23.15	27.77	0.19	4.9	0.28	4.5	2.6	북북동	16	25.0	1010.9	-	59	
2021-07-13 10:00:00	15.8	남	175	23.13	27.85	0.23	4.6	0.34	5.0	2.8	북북동	16	25.0	1010.9	-	41	
2021-07-13 10:05:00	14.6	남남동	166	23.14	27.84	0.21	3.9	0.27	5.0	2.6	북	8	25.0	1011.0	-	70	
2021-07-13 10:10:00	15.5	남남동	164	23.10	27.92	0.25	5.3	0.36	5.0	2.8	북	11	25.0	1011.0	-	350	
2021-07-13 10:15:00	21.7	남	178	23.34	27.77	0.23	4.2	0.35	3.0	2.7	북북동	14	24.9	1011.1	-	324	
2021-07-13 10:20:00	20.0	남	177	23.30	27.87	0.24	4.3	0.33	3.5	2.5	북	9	24.9	1011.1	-	10	
2021-07-13 10:25:00	17.4	남	175	23.09	27.77	0.24	4.2	0.32	3.0	2.3	북북동	14	24.9	1011.1	-	36	
2021-07-13 10:30:00	12.3	남	172	23.01	27.83	0.22	4.4	0.28	5.5	2.2	북북동	14	24.8	1011.2	-	36	
2021-07-13 10:35:00	16.6	남남동	162	23.24	27.87	0.25	4.6	0.33	5.0	2.0	북북동	12	24.8	1011.2	-	309	
2021-07-13 10:40:00	17.0	남	173	23.21	27.83	0.21	4.1	0.26	4.0	1.8	북	11	24.8	1011.2	-	258	
2021-07-13 10:45:00	15.3	남	174	23.20	27.83	0.27	4.0	0.45	5.0	1.7	북	358	24.9	1011.3	-	38	
2021-07-13 10:50:00	17.0	남	172	23.36	27.80	0.24	4.4	0.34	5.0	1.9	북	356	25.0	1011.2	-	119	
2021-07-13 10:55:00	-	-	-	-	-	-	-	-	-	-	-	-	-	-	-	-	
2021-07-13 11:00:00	22.0	남	184	23.47	27.83	0.16	3.1	0.32	3.1	1.4	북	356	25.0	1011.3	-	57	
2021-07-13 11:05:00	14.6	남남동	166	23.24	27.84	0.23	4.3	0.32	5.5	1.3	북	351	25.1	1011.4	-	104	
2021-07-13 11:10:00	15.5	남남동	161	23.29	27.78	0.23	4.3	0.29	5.0	1.5	북북서	345	25.0	1011.4	-	90	
2021-07-13 11:15:00	12.2	남	170	23.22	27.89	0.26	4.1	0.38	6.0	1.6	북북서	344	25.0	1011.3	-	44	
2021-07-13 11:20:00	12.6	남남동	164	23.23	27.94	0.24	4.4	0.36	4.5	1.7	북북서	336	25.0	1011.3	-	112	
2021-07-13 11:25:00	12.4	남남동	166	23.19	27.84	0.24	4.4	0.36	4.5	1.6	북북서	329	25.0	1011.3	-	87	
2021-07-13 11:30:00	12.0	남남동	155	23.11	27.90	0.26	4.2	0.39	4.5	1.6	북북서	329	25.1	1011.3	-	24	
2021-07-13 11:35:00	13.8	남남동	154	23.05	27.73	0.24	4.2	0.38	5.5	1.8	북서	318	25.1	1011.3	-	8	
2021-07-13 11:40:00	12.0	남남동	157	23.17	27.78	0.26	4.4	0.36	5.5	1.4	북북서	328	25.2	1011.3	-	113	
2021-07-13 11:45:00	10.7	남남동	158	23.17	27.75	0.25	5.0	0.36	2.5	1.2	북북서	342	25.2	1011.4	-	84	
2021-07-13 11:50:00	13.0	남동	135	23.11	27.79	0.22	4.8	0.29	6.5	1.1	북	349	25.3	1011.4	-	104	
2021-07-13 11:55:00	13.5	남남동	156	23.15	27.79	0.25	5.0	0.29	5.0	1.1	북북서	340	25.4	1011.4	-	108	
2021-07-13 12:00:00	13.1	남남동	150	23.05	27.82	0.27	4.8	0.38	5.5	1.1	북북서	327	25.4	1011.4	-	119	
2021-07-13 12:05:00	15.9	남	176	23.42	27.86	0.25	4.2	0.45	4.5	1.1	북북서	340	25.4	1011.4	-	113	
2021-07-13 12:10:00	15.0	남	178	23.39	27.77	0.26	4.4	0.39	4.5	1.3	북북서	347	25.4	1011.3	-	91	
2021-07-13 12:15:00	12.9	남남동	156	23.26	27.72	0.26	3.8	0.38	4.5	1.2	북	354	25.4	1011.3	-	116	
2021-07-13 12:20:00	12.7	남남동	153	23.22	27.82	0.27	5.2	0.38	6.0	1.6	북	4	25.5	1011.2	-	101	
2021-07-13 12:25:00	15.5	남남동	161	23.33	27.66	0.31	5.4	0.45	5.0	1.8	북북동	17	25.5	1011.1	-	121	
2021-07-13 12:30:00	12.5	남남동	147	23.33	27.61	0.25	4.3	0.35	5.0	1.6	북북동	18	25.4	1011.1	-	134	
2021-07-13 12:35:00	14.4	남남동	168	23.37	27.62	0.23	4.6	0.32	4.5	1.4	북북동	32	25.4	1011.0	-	128	
2021-07-13 12:40:00	14.8	남남동	152	23.33	27.62	0.27	4.4	0.44	4.0	1.4	북동	37	25.4	1011.0	-	134	
2021-07-13 12:45:00	15.8	남	177	23.40	27.63	0.29	5.4	0.43	6.0	2.0	북동	35	25.4	1011.0	-	107	
2021-07-13 12:50:00	16.7	남	171	23.35	27.61	0.29	4.5	0.39	4.5	2.2	북동	35	25.5	1010.9	-	115	
2021-07-13 12:55:00	17.1	남	184	23.39	27.57	0.27	5.4	0.34	5.5	2.1	북동	37	25.5	1010.9	-	121	
2021-07-13 13:00:00	14.6	남남동	158	23.30	27.53	0.27	5.1	0.37	5.0	2.1	북동	34	25.4	1011.0	-	128	
2021-07-13 13:05:00	14.6	남남동	163	23.26	27.56	0.26	5.1	0.36	5.5	2.2	북동	44	25.4	1011.0	-	103	
2021-07-13 13:10:00	14.3	남	171	23.29	27.47	0.30	5.4	0.40	5.5	2.1	동북동	57	25.5	1011.1	-	94	
2021-07-13 13:15:00	13.0	남남동	156	23.15	27.53	0.24	4.7	0.35	5.5	2.4	동북동	62	25.6	1011.1	-	123	
2021-07-13 13:20:00	12.3	남남동	146	23.13	27.51	0.23	5.2	0.38	4.5	2.3	동북동	59	25.6	1011.0	-	130	
2021-07-13 13:25:00	11.1	남남동	165	23.17	27.50	0.26	5.1	0.35	5.5	2.0	동북동	62	25.7	1010.9	-	101	
2021-07-13 13:30:00	13.5	남남동	148	23.12	27.67	0.24	5.1	0.31	5.0	2.6	동북동	74	25.8	1010.9	-	115	
2021-07-13 13:35:00	13.1	남남동	148	23.13	27.59	0.29	5.4	0.41	5.0	2.7	동북동	78	25.8	1010.9	-	92	
2021-07-13 13:40:00	12.6	남남동	147	23.13	27.52	0.32	5.2	0.49	5.5	2.3	동	85	25.8	1010.9	-	126	
2021-07-13 13:45:00	12.4	남남동	150	23.13	27.66	0.24	5.2	0.40	5.0	2.3	동	89	25.9	1010.9	-	119	
2021-07-13 13:50:00	12.1	남	170	23.21	27.50	0.21	5.0	0.30	5.5	2.9	동	97	25.9	1010.9	-	112	
2021-07-13 13:55:00	12.8	남남동	168	23.21	27.50	0.20	4.9	0.31	4.5	3.1	동남동	103	25.9	1010.9	-	124	
2021-07-13 14:00:00	12.0	남남동	153	23.14	27.82	0.24	4.8	0.33	4.0	3.1	동남동	106	26.0	1010.8	-	117	
2021-07-13 14:05:00	14.1	남남동	156	23.22	27.58	0.21	4.8	0.38	5.0	4.7	동남동	115	25.8	1010.8	-	57	
2021-07-13 14:10:00	13.0	남남동	157	23.14	27.63	0.22	5.0	0.26	5.5	4.4	동남동	119	25.6	1010.8	-	87	
2021-07-13 14:15:00	13.2	남동	142	23.11	27.84	0.26	5.5	0.38	5.5	4.0	동남동	123	25.6	1010.9	-	99	
2021-07-13 14:20:00	14.1	남남동	160	23.13	27.67	0.22	5.1	0.29	4.5	3.8	동남동	121	25.5	1010.9	-	117	
2021-07-13 14:25:00	14.0	남남동	151	23.09	27.89	0.23	4.6	0.29	3.5	3.8	동남동	123	25.5	1010.9	-	111	
2021-07-13 14:30:00	14.2	남남동	153	23.07	27.75	0.23	4.7	0.37	5.0	3.5	동남동	121	25.5	1010.9	-	92	
2021-07-13 14:35:00	16.6	남남동	158	23.06	27.63	0.25	4.9	0.41	5.0	3.9	동남동	117	25.4	1010.9	-	109	
2021-07-13 14:40:00	13.4	남동	146	23.04	27.75	0.24	5.2	0.33	4.5	4.2	동남동	116	25.4	1010.8	-	124	
2021-07-13 14:45:00	16.8	남동	138	22.97	27.55	0.25	5.3	0.39	5.5	4.3	동남동	115	25.4	1010.7	-	66	
2021-07-13 14:50:00	11.8	남남동	154	23.01	27.65	0.23	4.8	0.34	5.5	4.3	동남동	122	25.4	1010.7	-	128	
2021-07-13 14:55:00	17.9	남동	142	22.95	27.49	0.24	5.1	0.30	5.0	4.3	동남동	121	25.4	1010.7	-	120	
2021-07-13 15:00:00	14.3	남동	138	22.94	27.49	0.21	4.9	0.32	4.5	4.1	남동	127	25.3	1010.6	-	69	
2021-07-13 15:05:00	14.1	남동	136	22.94	27.61	0.24	5.0	0.44	5.0	4.1	남동	128	25.3	1010.6	-	109	
2021-07-13 15:10:00	13.0	남동	142	22.94	27.79	0.22	4.9	0.33	4.5	4.8	남동	129	25.3	1010.6	-	93	
2021-07-13 15:15:00	12.4	남서	235	23.75	27.73	0.23	4.7	0.35	5.5	4.3	남동	126	25.3	1010.5	-	104	
2021-07-13 15:20:00	8.2	남	178	23.46	27.54	0.26	5.0	0.39	5.0	4.5	남동	131	25.3	1010.6	-	119	
2021-07-13 15:25:00	12.0	남서	219	24.10	27.53	0.25	4.7	0.37	5.0	4.3	남동	128	25.2	1010.6	-	97	
2021-07-13 15:30:00	7.1	남	189	23.79	27.64	0.22	4.5	0.32	4.5	4.8	남동	127	25.2	1010.5	-	128	
2021-07-13 15:35:00	13.5	서남서	241	24.14	27.64	0.28	4.8	0.37	5.0	4.5	남동	129	25.2	1010.6	-	115	
2021-07-13 15:40:00	8.1	남남동	166	23.83	27.62	0.33	4.4	0.42	5.0	4.4	남동	130	25.2	1010.7	-	61	
2021-07-13 15:45:00	9.8	남남동	161	23.49	27.49	0.27	3.7	0.34	4.5	5.0	남동	129	25.1	1010.6	-	114	
2021-07-13 15:50:00	7.3	남	183	23.71	27.86	0.28	4.0	0.43	4.5	5.2	남동	127	25.1	1010.5	-	40	
2021-07-13 15:55:00	9.4	남동	140	23.52	27.59	0.30	3.9	0.45	3.0	4.4	남동	129	25.1	1010.6	-	95	
2021-07-13 16:00:00	13.5	남동	132	23.36	27.41	0.26	4.1	0.33	4.5	4.3	남동	129	25.1	1010.6	-	87	
2021-07-13 16:05:00	10.0	남남동	149	23.47	27.46	0.26	4.3	0.36	5.0	4.0	남동	131	25.1	1010.6	-	348	
2021-07-13 16:10:00	13.1	남동	135	23.26	27.58	0.28	3.7	0.43	5.0	3.6	남동	131	25.2	1010.6	-	103	
2021-07-13 16:15:00	10.5	남남동	164	23.63	27.80	0.27	3.5	0.39	5.0	4.4	남동	127	25.2	1010.5	-	129	
2021-07-13 16:20:00	12.2	남남서	211	24.03	27.68	0.27	3.7	0.35	2.5	4.8	남동	129	25.2	1010.5	-	138	
2021-07-13 16:25:00	11.8	남서	226	24.00	27.64	0.29	4.3	0.36	5.0	4.5	남동	130	25.2	1010.5	-	103	
2021-07-13 16:30:00	8.2	남남동	168	23.78	27.88	0.30	4.2	0.47	5.0	4.2	남동	126	25.2	1010.5	-	89	
2021-07-13 16:35:00	10.2	남	187	24.00	27.78	0.28	4.2	0.37	4.5	4.5	남동	129	25.2	1010.5	-	70	
2021-07-13 16:40:00	9.6	남남서	209	24.11	27.70	0.25	4.3	0.32	4.5	3.7	남동	127	25.2	1010.5	-	93	
2021-07-13 16:45:00	8.3	남남동	165	23.83	27.70	0.25	3.6	0.37	4.5	3.7	동남동	122	25.2	1010.5	-	60	
2021-07-13 16:50:00	6.8	남남동	160	23.87	27.61	0.24	3.9	0.36	3.0	3.7	동남동	123	25.2	1010.5	-	307	
2021-07-13 16:55:00	7.0	남남서	207	24.05	27.70	0.22	3.9	0.32	5.0	3.6	남동	128	25.2	1010.6	-	125	
2021-07-13 17:00:00	22.1	서	262	24.73	27.57	0.26	3.7	0.42	5.0	3.6	남동	125	25.1	1010.6	-	105	
2021-07-13 17:05:00	10.1	서남서	254	24.79	27.59	0.22	3.8	0.28	5.0	3.7	동남동	122	25.1	1010.6	-	252	
2021-07-13 17:10:00	11.9	서	264	24.80	27.52	0.23	3.8	0.33	5.0	3.6	동남동	123	25.1	1010.6	-	127	
2021-07-13 17:15:00	10.6	서	274	24.95	27.60	0.25	3.5	0.34	4.5	3.4	동남동	118	25.2	1010.6	-	108	
2021-07-13 17:20:00	5.8	서북서	282	24.82	27.65	0.26	3.8	0.34	4.5	4.4	남동	128	25.1	1010.6	-	114	
2021-07-13 17:25:00	1.8	북서	323	24.75	27.61	0.24	3.5	0.35	4.5	3.9	남동	132	24.9	1010.7	-	114	
2021-07-13 17:30:00	3.4	북	359	24.79	27.67	0.28	4.5	0.41	5.5	3.5	남동	124	24.9	1010.7	-	102	
2021-07-13 17:35:00	6.0	북북동	20	24.66	27.54	0.27	3.7	0.42	4.5	3.5	동남동	122	24.8	1010.7	-	110	
2021-07-13 17:40:00	7.4	북동	56	24.51	27.66	0.24	3.6	0.33	2.5	3.7	동남동	118	24.8	1010.6	-	126	
2021-07-13 17:45:00	11.1	동북동	59	24.36	27.40	0.21	4.0	0.27	6.0	4.8	동남동	116	24.7	1010.6	-	83	
2021-07-13 17:50:00	10.1	북동	49	24.27	27.49	0.27	3.5	0.40	5.5	4.2	동남동	123	24.6	1010.6	-	83	
2021-07-13 17:55:00	11.2	북동	36	24.35	27.65	0.24	3.7	0.33	2.5	4.0	동남동	116	24.6	1010.7	-	97	
2021-07-13 18:00:00	9.0	서북서	295	24.40	27.51	0.24	3.6	0.40	3.0	3.9	동남동	116	24.5	1010.8	-	115	
2021-07-13 18:05:00	5.8	북	10	24.36	27.60	0.25	3.3	0.44	3.5	3.4	동남동	117	24.4	1010.8	-	81	
2021-07-13 18:10:00	10.0	북북서	332	24.37	27.53	0.21	3.9	0.32	5.0	3.6	동남동	119	24.4	1010.9	-	99	
2021-07-13 18:15:00	8.3	북	4	24.32	27.49	0.22	3.1	0.33	5.0	3.3	동남동	114	24.3	1010.8	-	70	
2021-07-13 18:20:00	10.9	북	353	24.34	27.41	0.23	4.2	0.36	4.5	3.0	동남동	122	24.3	1010.8	-	95	
2021-07-13 18:25:00	10.9	북북동	19	24.35	27.56	0.27	3.8	0.40	4.0	3.8	남동	138	24.3	1010.8	-	108	
2021-07-13 18:30:00	14.9	북동	39	24.28	27.54	0.29	3.3	0.51	2.5	3.1	동남동	122	24.2	1010.9	-	97	
2021-07-13 18:35:00	9.8	북동	34	24.23	27.49	0.28	3.0	0.37	4.5	3.4	동남동	110	24.3	1010.8	-	109	
2021-07-13 18:40:00	8.5	북동	37	24.21	27.45	0.30	3.5	0.40	4.5	3.0	남동	126	24.3	1010.8	-	121	
2021-07-13 18:45:00	7.5	북동	36	24.25	27.46	0.24	3.2	0.33	3.0	3.6	남동	127	24.3	1010.8	-	95	
2021-07-13 18:50:00	8.2	북동	35	24.24	27.34	0.26	3.0	0.41	3.0	3.3	남동	135	24.2	1010.8	-	111	
2021-07-13 18:55:00	7.0	북동	43	24.19	27.44	0.23	3.2	0.32	3.0	3.2	남동	133	24.2	1010.8	-	122	
2021-07-13 19:00:00	9.5	북북동	28	24.22	27.41	0.21	3.5	0.27	3.0	4.0	남동	133	24.2	1010.9	-	97	
2021-07-13 19:05:00	7.0	북북동	16	24.25	27.45	0.22	3.1	0.33	3.0	3.4	남동	134	24.1	1011.0	-	93	
2021-07-13 19:10:00	8.5	북	349	24.22	27.36	0.23	2.9	0.31	3.0	3.1	남동	128	24.1	1011.0	-	93	
2021-07-13 19:15:00	8.8	북북동	30	24.20	27.53	0.23	3.1	0.32	3.0	3.1	동남동	119	24.0	1011.0	-	86	
2021-07-13 19:20:00	7.3	북동	36	24.19	27.41	0.24	3.4	0.32	5.0	2.8	동남동	114	24.0	1011.1	-	94	
2021-07-13 19:25:00	7.5	북북동	33	24.18	27.60	0.23	3.0	0.35	3.0	2.7	동	101	24.0	1011.1	-	94	
2021-07-13 19:30:00	12.1	북동	41	24.15	27.52	0.26	3.0	0.41	3.0	3.0	동남동	111	24.0	1011.1	-	115	
2021-07-13 19:35:00	8.0	북동	55	24.12	27.55	0.25	3.3	0.38	2.5	2.9	동남동	118	24.0	1011.1	-	126	
2021-07-13 19:40:00	11.9	동북동	62	24.04	27.48	0.22	3.2	0.34	3.0	1.9	동남동	120	23.9	1011.1	-	102	
2021-07-13 19:45:00	11.2	동북동	62	24.05	27.50	0.25	3.6	0.39	3.0	2.2	동남동	117	24.0	1011.1	-	129	
2021-07-13 19:50:00	11.6	동북동	68	24.03	27.70	0.24	4.2	0.31	5.0	3.0	동남동	109	24.0	1011.0	-	126	
2021-07-13 19:55:00	16.3	동	86	23.94	27.56	0.24	3.8	0.33	5.0	2.5	동남동	110	23.9	1011.0	-	111	
2021-07-13 20:00:00	15.6	동	85	23.93	27.59	0.29	4.2	0.39	3.0	2.8	동남동	106	24.0	1011.0	-	121	
2021-07-13 20:05:00	11.7	동	79	24.01	27.55	0.24	3.8	0.36	5.0	2.7	동남동	111	24.0	1011.1	-	107	
2021-07-13 20:10:00	8.8	동북동	71	24.13	27.66	0.23	3.2	0.34	3.0	2.3	동남동	107	24.0	1011.1	-	91	
2021-07-13 20:15:00	11.6	동북동	78	24.04	27.51	0.20	3.1	0.28	3.0	2.8	동남동	116	24.0	1011.2	-	105	
2021-07-13 20:20:00	13.8	동	85	24.04	27.66	0.20	3.4	0.29	5.5	3.5	동남동	110	24.0	1011.2	-	109	
2021-07-13 20:25:00	13.0	동	92	24.02	27.67	0.23	3.2	0.33	3.5	3.1	동남동	116	23.9	1011.2	-	104	
2021-07-13 20:30:00	11.4	동	88	24.27	27.70	0.24	3.6	0.33	4.5	3.0	동남동	121	24.0	1011.2	-	92	
2021-07-13 20:35:00	10.4	동	93	24.12	27.46	0.22	3.6	0.31	3.0	3.5	동남동	113	24.0	1011.2	-	115	
2021-07-13 20:40:00	8.9	동	97	24.03	27.46	0.21	3.6	0.31	3.0	3.5	동남동	121	24.0	1011.3	-	90	
2021-07-13 20:45:00	7.5	동	81	24.26	27.64	0.19	3.9	0.24	5.0	3.4	동남동	123	23.9	1011.4	-	45	
2021-07-13 20:50:00	9.1	동북동	76	24.41	27.71	0.19	3.1	0.31	3.5	3.6	동남동	123	23.9	1011.5	-	109	
2021-07-13 20:55:00	9.9	동	90	24.41	27.56	0.20	3.4	0.35	3.0	3.4	동남동	119	24.0	1011.5	-	97	
2021-07-13 21:00:00	11.8	동	91	24.32	27.55	0.22	3.7	0.39	3.0	3.2	남동	129	24.0	1011.6	-	98	
2021-07-13 21:05:00	11.3	동	97	24.30	27.61	0.21	3.8	0.31	3.0	3.3	동남동	120	24.0	1011.6	-	56	
2021-07-13 21:10:00	8.6	동북동	76	24.39	27.65	0.18	3.4	0.29	3.0	3.3	동남동	119	24.0	1011.7	-	95	
2021-07-13 21:15:00	8.8	동남동	102	24.31	27.50	0.19	3.5	0.31	4.5	3.1	남동	126	24.0	1011.8	-	104	
2021-07-13 21:20:00	8.3	동	99	24.19	27.74	0.19	3.3	0.30	3.5	2.8	남동	125	24.0	1011.9	-	122	
2021-07-13 21:25:00	10.9	동남동	117	24.15	27.52	0.20	3.4	0.27	5.0	2.7	동남동	118	24.0	1011.9	-	93	
2021-07-13 21:30:00	7.9	동남동	116	24.13	27.49	0.25	3.3	0.34	3.0	2.6	동남동	118	24.0	1011.8	-	79	
2021-07-13 21:35:00	6.8	동남동	117	24.09	27.42	0.23	3.4	0.34	3.0	2.9	동남동	118	24.0	1011.9	-	105	
2021-07-13 21:40:00	8.7	동남동	114	24.00	27.57	0.22	3.6	0.35	3.0	3.1	동남동	120	24.0	1011.9	-	98	
2021-07-13 21:45:00	5.9	남동	126	23.99	27.55	0.19	3.7	0.29	3.0	2.7	동남동	121	24.0	1011.9	-	99	
2021-07-13 21:50:00	8.4	남동	139	23.74	27.54	0.20	3.4	0.30	5.5	2.6	남동	124	23.9	1011.9	-	86	
2021-07-13 21:55:00	6.1	남동	130	23.74	27.64	0.19	3.0	0.31	3.0	2.3	남동	127	24.0	1012.0	-	87	
2021-07-13 22:00:00	6.2	남동	145	23.81	27.62	0.21	3.1	0.40	3.0	2.4	남동	126	23.9	1012.0	-	82	
2021-07-13 22:05:00	9.8	남남동	157	23.49	27.73	0.22	3.7	0.33	4.5	2.3	동남동	120	23.9	1012.0	-	342	
2021-07-13 22:10:00	7.8	남동	145	23.58	27.91	0.22	3.2	0.32	4.5	2.3	남동	129	24.0	1012.0	-	70	
2021-07-13 22:15:00	12.6	남남동	155	23.41	27.63	0.20	3.9	0.31	4.0	2.0	남동	141	24.0	1012.0	-	102	
2021-07-13 22:20:00	10.9	남남동	151	23.41	27.55	0.20	3.5	0.35	5.5	2.3	남동	130	24.0	1012.0	-	78	
2021-07-13 22:25:00	12.9	남남동	165	23.40	27.61	0.20	3.3	0.31	3.5	1.7	남동	134	24.0	1012.0	-	91	
2021-07-13 22:30:00	13.5	남남동	165	23.41	27.40	0.20	3.5	0.28	3.5	1.4	남동	129	23.9	1012.1	-	105	
2021-07-13 22:35:00	16.0	남남동	168	23.31	27.59	0.18	3.6	0.26	3.0	1.1	남동	134	24.0	1012.1	-	86	
2021-07-13 22:40:00	14.8	남남동	165	23.28	27.41	0.18	3.8	0.28	5.5	1.4	남동	129	24.0	1012.1	-	66	
2021-07-13 22:45:00	13.2	남남동	155	23.49	27.64	0.20	3.6	0.33	3.5	1.1	동남동	110	23.9	1012.0	-	83	
2021-07-13 22:50:00	11.6	남남동	165	23.57	27.40	0.17	3.5	0.28	3.5	1.3	남동	133	23.9	1012.0	-	113	
2021-07-13 22:55:00	13.5	남	169	23.42	27.58	0.20	4.3	0.30	4.5	1.6	동남동	115	24.0	1012.0	-	56	
2021-07-13 23:00:00	13.1	남	172	23.41	27.63	0.17	3.4	0.26	3.5	0.9	남동	130	24.0	1012.0	-	54	
2021-07-13 23:05:00	11.7	남남동	161	23.46	27.61	0.18	4.2	0.28	3.5	0.1	남동	129	23.9	1012.0	-	99	
2021-07-13 23:10:00	11.8	남남동	161	23.56	27.62	0.17	3.6	0.26	6.5	0.1	동	80	23.9	1012.0	-	86	
2021-07-13 23:15:00	13.4	남남동	158	23.45	27.60	0.18	3.8	0.28	5.5	0.2	서남서	257	23.9	1012.0	-	91	
2021-07-13 23:20:00	9.6	남동	143	23.67	27.50	0.16	3.6	0.25	5.0	0.0	서	260	23.9	1012.0	-	31	
2021-07-13 23:25:00	9.7	남동	137	23.82	27.98	0.17	3.2	0.25	3.0	0.0	남남동	151	23.9	1012.1	-	56	
2021-07-13 23:30:00	11.3	남남동	154	23.68	27.60	0.19	3.7	0.27	4.0	0.0	남	183	23.9	1012.1	-	71	
2021-07-13 23:35:00	12.9	남남동	161	23.40	27.77	0.17	3.3	0.26	5.0	0.0	동북동	76	23.9	1012.1	-	64	
2021-07-13 23:40:00	12.2	남남동	157	23.41	27.80	0.16	3.3	0.23	3.0	0.2	남동	129	23.9	1012.1	-	115	
2021-07-13 23:45:00	13.8	남남동	158	23.34	27.67	0.19	3.4	0.26	3.5	0.6	동남동	119	24.0	1012.1	-	90	
2021-07-13 23:50:00	13.1	남남동	150	23.39	27.73	0.18	3.7	0.27	3.0	0.2	동남동	116	23.9	1012.1	-	68	
2021-07-13 23:55:00	16.8	남남동	149	23.30	27.69	0.17	3.4	0.26	3.5	0.0	서남서	241	23.9	1012.2	-	89	
2021-07-14 00:00:00	17.4	남남동	154	23.33	27.74	0.18	3.0	0.33	3.0	0.4	서	265	23.9	1012.2	-	80	
2021-07-14 00:05:00	17.1	남남동	167	23.42	27.55	0.17	3.5	0.25	3.0	1.2	북북서	329	23.9	1012.2	-	87	
2021-07-14 00:10:00	16.7	남	172	23.43	27.64	0.17	3.1	0.28	3.0	1.0	북서	322	23.9	1012.2	-	95	
2021-07-14 00:15:00	16.1	남	179	23.44	27.69	0.20	3.8	0.30	3.5	0.7	북북서	340	23.9	1012.3	-	45	
2021-07-14 00:20:00	18.1	남	176	23.49	27.63	0.15	3.6	0.21	4.0	0.9	북북서	330	23.9	1012.3	-	225	
2021-07-14 00:25:00	16.4	남	173	23.50	27.69	0.16	3.4	0.26	3.5	1.3	북북서	339	23.9	1012.3	-	66	
2021-07-14 00:30:00	16.1	남남동	168	23.52	27.67	0.18	3.8	0.29	3.5	1.6	북북서	343	23.9	1012.2	-	65	
2021-07-14 00:35:00	17.2	남남동	165	23.49	27.52	0.17	3.4	0.30	3.0	1.5	북북서	337	23.9	1012.2	-	79	
2021-07-14 00:40:00	17.8	남남동	165	23.50	27.59	0.20	3.4	0.31	3.5	1.2	북북서	341	23.9	1012.2	-	56	
2021-07-14 00:45:00	17.6	남남동	161	23.55	27.64	0.18	3.6	0.26	3.5	0.9	북북서	333	23.9	1012.2	-	61	
2021-07-14 00:50:00	18.4	남남동	162	23.53	27.71	0.17	3.3	0.28	3.0	0.8	북	3	23.9	1012.2	-	78	
2021-07-14 00:55:00	18.7	남남동	162	23.58	27.59	0.17	3.3	0.25	6.0	1.1	북북동	19	23.9	1012.1	-	107	
2021-07-14 01:00:00	18.2	남남동	165	23.56	27.72	0.19	3.2	0.29	3.5	0.8	북	357	23.8	1012.2	-	77	
2021-07-14 01:05:00	19.8	남남동	169	23.46	27.63	0.15	3.4	0.24	3.0	0.2	북북동	21	23.9	1012.2	-	91	
2021-07-14 01:10:00	17.5	남남동	164	23.51	27.65	0.18	4.2	0.24	5.0	1.5	동북동	77	24.0	1012.2	-	75	
2021-07-14 01:15:00	17.7	남	170	23.47	27.63	0.17	3.4	0.31	3.0	1.0	동북동	71	24.0	1012.2	-	86	
2021-07-14 01:20:00	18.8	남남동	165	23.36	27.67	0.17	3.5	0.24	3.0	0.5	동북동	65	23.9	1012.2	-	66	
2021-07-14 01:25:00	19.2	남	169	23.48	27.64	0.15	3.4	0.24	3.0	0.5	북동	41	23.9	1012.2	-	88	
2021-07-14 01:30:00	19.7	남	169	23.22	27.55	0.16	3.9	0.23	6.0	0.1	북북동	26	23.9	1012.2	-	97	
2021-07-14 01:35:00	18.2	남	172	23.41	27.52	0.16	3.5	0.23	3.0	0.4	북동	43	23.9	1012.2	-	72	
2021-07-14 01:40:00	17.7	남	170	23.40	27.63	0.17	3.8	0.30	3.5	0.3	동북동	60	23.9	1012.2	-	240	
2021-07-14 01:45:00	18.6	남	171	23.36	27.59	0.15	3.6	0.29	3.0	0.5	동북동	64	23.9	1012.3	-	281	
2021-07-14 01:50:00	17.7	남	172	23.42	27.62	0.19	4.3	0.29	3.0	0.1	북북동	18	23.9	1012.4	-	81	
2021-07-14 01:55:00	17.8	남	170	23.50	27.75	0.16	3.7	0.20	3.5	0.5	북북서	348	23.9	1012.5	-	62	
2021-07-14 02:00:00	15.8	남	173	23.42	27.56	0.16	3.5	0.25	4.0	0.7	북북서	327	23.9	1012.5	-	51	
2021-07-14 02:05:00	20.2	남	179	23.24	27.62	0.17	3.4	0.25	4.5	0.9	북북서	336	23.9	1012.5	-	70	
2021-07-14 02:10:00	18.2	남	174	23.32	27.70	0.18	3.8	0.26	3.0	1.2	북	354	23.8	1012.5	-	63	
2021-07-14 02:15:00	17.8	남	169	23.33	27.71	0.17	3.6	0.24	3.0	1.2	북	352	23.8	1012.5	-	76	
2021-07-14 02:20:00	18.5	남	171	23.24	27.70	0.15	3.4	0.27	3.5	1.0	북북서	332	23.8	1012.6	-	166	
2021-07-14 02:25:00	19.2	남	180	23.32	27.70	0.17	3.5	0.29	3.5	1.5	북서	317	23.8	1012.6	-	152	
2021-07-14 02:30:00	19.0	남남동	169	23.21	27.63	0.16	3.5	0.28	3.5	1.8	북서	324	23.7	1012.6	-	84	
2021-07-14 02:35:00	19.9	남	170	23.13	27.65	0.18	3.7	0.27	3.5	2.2	북북서	329	23.7	1012.6	-	86	
2021-07-14 02:40:00	17.9	남	173	23.13	27.64	0.17	3.8	0.24	3.0	1.2	북북서	333	23.8	1012.6	-	326	
2021-07-14 02:45:00	15.8	남남동	163	23.20	27.82	0.17	3.3	0.29	3.0	1.0	북북서	347	23.7	1012.6	-	247	
2021-07-14 02:50:00	16.0	남	172	23.18	27.67	0.20	3.6	0.33	3.0	0.9	북	349	23.8	1012.6	-	71	
2021-07-14 02:55:00	14.1	남남동	168	23.03	27.79	0.17	3.4	0.25	3.5	1.0	북서	325	23.8	1012.5	-	92	
2021-07-14 03:00:00	14.3	남남동	166	23.03	27.69	0.18	3.4	0.29	3.0	1.4	북서	324	23.8	1012.5	-	80	
2021-07-14 03:05:00	14.9	남남동	167	22.97	27.91	0.17	3.7	0.27	3.5	2.0	북서	324	23.7	1012.5	-	71	
2021-07-14 03:10:00	13.7	남	172	23.00	27.82	0.18	3.4	0.31	3.0	1.8	북서	324	23.8	1012.5	-	70	
2021-07-14 03:15:00	15.2	남남동	163	22.99	27.82	0.18	3.7	0.32	3.5	1.7	북북서	332	23.9	1012.5	-	275	
2021-07-14 03:20:00	13.9	남남동	158	23.08	27.61	0.19	3.6	0.27	5.0	1.8	북북서	340	23.9	1012.5	-	51	
2021-07-14 03:25:00	13.3	남남동	161	23.06	27.49	0.20	3.5	0.27	3.5	1.8	북북서	346	23.9	1012.5	-	153	
2021-07-14 03:30:00	12.5	남남동	163	23.05	27.63	0.19	3.2	0.33	3.0	1.4	북북서	336	23.9	1012.5	-	73	
2021-07-14 03:35:00	13.2	남남동	161	23.26	27.96	0.26	3.2	0.41	3.0	1.4	북북서	345	23.9	1012.5	-	45	
2021-07-14 03:40:00	11.8	남남동	158	23.36	27.59	0.20	3.6	0.30	3.0	1.5	북북서	348	23.9	1012.5	-	80	
2021-07-14 03:45:00	11.7	남남동	158	23.43	27.65	0.22	3.1	0.31	3.0	1.4	북북서	348	23.9	1012.6	-	63	
2021-07-14 03:50:00	9.0	남남동	155	23.55	27.72	0.26	3.3	0.40	2.5	1.5	북북서	346	23.9	1012.6	-	88	
2021-07-14 03:55:00	10.2	남남동	156	23.61	27.77	0.25	3.4	0.38	3.0	1.5	북북서	346	23.9	1012.6	-	33	
2021-07-14 04:00:00	11.0	남남동	154	23.47	27.73	0.21	3.4	0.29	3.0	1.2	북	8	23.9	1012.6	-	81	
2021-07-14 04:05:00	10.3	남남동	161	23.35	27.55	0.24	3.3	0.36	3.0	1.1	북	6	23.8	1012.6	-	65	
2021-07-14 04:10:00	11.9	남남동	149	23.42	27.79	0.22	3.5	0.37	3.0	1.3	북	354	23.8	1012.6	-	85	
2021-07-14 04:15:00	11.0	남남동	154	23.35	27.67	0.23	3.4	0.30	3.0	1.3	북	351	23.8	1012.7	-	53	
2021-07-14 04:20:00	8.0	남	174	23.47	27.58	0.21	3.1	0.31	2.5	1.3	북	356	23.8	1012.8	-	7	
2021-07-14 04:25:00	7.9	남	169	23.62	27.54	0.24	3.3	0.37	3.0	1.6	북	356	23.8	1012.9	-	58	
2021-07-14 04:30:00	10.9	남남동	162	23.32	27.59	0.23	3.0	0.33	3.5	1.3	북	4	23.8	1013.0	-	69	
2021-07-14 04:35:00	7.6	남	169	23.32	27.45	0.25	3.2	0.35	3.0	1.0	북	7	23.8	1013.0	-	65	
2021-07-14 04:40:00	7.9	남	176	23.28	27.40	0.22	3.5	0.34	3.0	0.9	북북동	12	23.8	1013.0	-	23	
2021-07-14 04:45:00	8.7	남	177	23.24	27.54	0.20	3.3	0.27	3.0	0.7	북북동	13	23.8	1013.0	-	93	
2021-07-14 04:50:00	6.8	남	186	23.33	27.57	0.23	3.2	0.32	3.5	0.7	북	355	23.8	1013.0	-	61	
2021-07-14 04:55:00	8.4	남	169	23.28	27.60	0.21	3.0	0.30	2.5	0.4	북	5	23.8	1013.1	-	281	
2021-07-14 05:00:00	5.5	남	174	23.20	27.60	0.22	3.0	0.33	3.0	0.4	북	3	23.8	1013.2	-	75	
2021-07-14 05:05:00	6.6	남남동	155	23.10	27.49	0.19	3.3	0.28	3.5	0.5	북서	317	23.8	1013.2	-	75	
2021-07-14 05:10:00	6.2	남동	146	22.95	27.55	0.21	3.1	0.28	3.0	0.7	북서	311	23.8	1013.2	-	156	
2021-07-14 05:15:00	8.4	남남동	158	23.58	27.88	0.22	3.2	0.31	3.0	0.4	서북서	295	23.8	1013.1	-	80	
2021-07-14 05:20:00	7.5	남	174	23.41	27.40	0.28	3.1	0.49	3.0	0.6	서북서	291	23.8	1013.0	-	80	
2021-07-14 05:25:00	10.4	남남동	167	23.61	27.55	0.20	3.1	0.28	3.0	0.5	서북서	296	23.8	1013.0	-	89	
2021-07-14 05:30:00	8.0	남남동	165	23.69	27.42	0.21	3.1	0.27	3.5	0.6	서북서	284	23.8	1013.0	-	53	
2021-07-14 05:35:00	6.1	남	176	23.72	27.18	0.21	3.5	0.30	3.0	0.8	서	270	23.8	1013.0	-	311	
2021-07-14 05:40:00	9.8	남동	143	23.85	27.32	0.23	3.3	0.45	3.0	0.9	서	269	23.8	1013.0	-	299	
2021-07-14 05:45:00	8.7	남남동	159	23.93	27.69	0.25	3.3	0.34	3.0	0.8	서	275	23.8	1013.0	-	83	
2021-07-14 05:50:00	9.4	남남동	151	23.94	27.37	0.23	3.3	0.35	3.0	0.8	서북서	290	23.8	1012.9	-	49	
2021-07-14 05:55:00	10.1	남동	139	23.96	27.54	0.22	3.1	0.30	3.5	0.8	서북서	292	23.8	1012.9	-	83	
2021-07-14 06:00:00	9.4	남남동	154	23.86	27.32	0.23	3.3	0.35	3.0	0.7	서	279	23.8	1013.0	-	80	
2021-07-14 06:05:00	9.8	남남동	152	23.99	27.37	0.25	3.3	0.40	3.0	0.9	서	279	23.8	1013.1	-	77	
2021-07-14 06:10:00	12.5	남남동	153	23.89	27.48	0.24	3.2	0.39	3.0	0.5	서북서	303	23.7	1013.0	-	73	
2021-07-14 06:15:00	9.7	남남동	162	23.90	27.37	0.20	3.0	0.32	3.0	0.7	북서	309	23.7	1013.0	-	105	
2021-07-14 06:20:00	7.4	남남동	157	23.85	27.26	0.22	3.4	0.36	3.0	1.0	서북서	288	23.8	1013.1	-	71	
2021-07-14 06:25:00	8.7	남남동	152	23.88	27.35	0.23	3.3	0.37	3.0	0.8	서북서	287	23.8	1013.1	-	13	
2021-07-14 06:30:00	9.0	남남동	148	23.94	27.37	0.20	3.0	0.28	3.5	0.6	서북서	296	23.7	1013.0	-	83	
2021-07-14 06:35:00	9.6	남남동	154	23.90	27.31	0.20	3.0	0.27	3.0	0.9	서북서	292	23.7	1013.0	-	81	
2021-07-14 06:40:00	10.2	남남동	148	23.98	27.43	0.20	3.3	0.28	3.0	0.9	서북서	296	23.8	1013.0	-	67	
2021-07-14 06:45:00	10.1	남남동	155	23.96	27.43	0.19	3.6	0.28	3.5	0.6	서북서	293	23.8	1013.0	-	76	
2021-07-14 06:50:00	9.4	남남동	155	23.96	27.32	0.19	3.4	0.32	3.5	0.7	서북서	289	23.8	1013.0	-	60	
2021-07-14 06:55:00	9.4	남남동	164	23.89	27.54	0.21	3.3	0.32	3.0	0.5	서북서	297	23.8	1013.0	-	105	
2021-07-14 07:00:00	7.3	남남동	160	23.95	27.50	0.19	3.2	0.26	4.0	0.4	북서	305	23.8	1013.1	-	74	
2021-07-14 07:05:00	7.7	남	170	23.94	27.60	0.23	3.4	0.30	3.0	0.4	북서	318	23.9	1013.1	-	42	
2021-07-14 07:10:00	8.1	남남동	159	23.79	27.52	0.21	3.2	0.33	3.0	0.6	북서	315	23.8	1013.1	-	99	
2021-07-14 07:15:00	7.3	남남동	158	23.76	27.59	0.22	3.2	0.32	3.5	0.7	북서	312	23.9	1013.2	-	46	
2021-07-14 07:20:00	8.1	남남동	157	23.85	27.56	0.23	3.2	0.34	3.5	0.6	북서	306	23.9	1013.2	-	97	
2021-07-14 07:25:00	8.1	남남동	150	23.74	27.58	0.23	3.2	0.37	3.5	0.6	서북서	299	24.0	1013.2	-	76	
2021-07-14 07:30:00	9.5	남남동	153	23.80	27.58	0.24	3.2	0.40	3.0	0.8	북서	321	24.0	1013.3	-	78	
2021-07-14 07:35:00	7.7	남남동	154	23.64	27.46	0.27	3.1	0.42	3.0	0.6	북서	325	24.1	1013.3	-	8	
2021-07-14 07:40:00	8.8	남남동	147	23.71	27.44	0.20	3.3	0.28	3.0	0.4	북북서	334	24.1	1013.2	-	61	
2021-07-14 07:45:00	8.0	남동	144	23.65	27.43	0.20	3.2	0.31	3.0	0.5	북	3	24.2	1013.3	-	76	
2021-07-14 07:50:00	8.1	남남동	157	23.60	27.48	0.21	3.2	0.28	2.5	0.8	북북동	31	24.2	1013.3	-	106	
2021-07-14 07:55:00	10.3	남남동	162	23.83	27.46	0.22	3.1	0.29	3.5	0.6	북동	52	24.2	1013.3	-	109	
2021-07-14 08:00:00	11.1	남남동	152	24.01	27.38	0.19	3.2	0.32	3.0	1.1	동북동	64	24.3	1013.3	-	63	
2021-07-14 08:05:00	11.9	남	182	24.10	27.39	0.24	3.1	0.36	3.5	1.2	동북동	63	24.3	1013.2	-	92	
2021-07-14 08:10:00	9.7	남	177	24.03	27.48	0.20	3.0	0.30	3.0	1.0	동북동	60	24.3	1013.2	-	57	
2021-07-14 08:15:00	10.3	남남서	199	23.96	27.42	0.20	3.1	0.35	3.0	1.0	동북동	62	24.3	1013.2	-	57	
2021-07-14 08:20:00	9.0	남	190	23.99	27.50	0.25	3.0	0.40	2.5	0.7	동북동	61	24.4	1013.3	-	148	
2021-07-14 08:25:00	7.4	남	173	24.02	27.23	0.22	3.1	0.38	3.5	0.7	동북동	70	24.5	1013.2	-	19	
2021-07-14 08:30:00	2.5	남	169	23.90	27.34	0.24	3.3	0.35	3.5	1.2	동북동	78	24.5	1013.2	-	88	
2021-07-14 08:35:00	7.3	남남동	157	23.95	27.70	0.22	3.2	0.31	3.5	1.1	동	88	24.5	1013.3	-	41	
2021-07-14 08:40:00	6.1	남남동	148	24.07	27.41	0.25	2.9	0.37	3.5	1.3	동	97	24.6	1013.3	-	92	
2021-07-14 08:45:00	7.2	남동	140	23.92	27.42	0.23	3.1	0.32	3.0	1.6	동남동	112	24.6	1013.3	-	67	
2021-07-14 08:50:00	6.9	남동	132	23.68	27.54	0.21	3.1	0.28	3.5	1.7	동남동	120	24.7	1013.2	-	52	
2021-07-14 08:55:00	8.0	남동	145	23.89	27.46	0.24	3.0	0.42	3.0	2.0	동남동	117	24.6	1013.2	-	68	
2021-07-14 09:00:00	5.0	남남동	169	23.79	27.37	0.20	3.1	0.27	3.0	2.3	동남동	113	24.6	1013.2	-	62	
2021-07-14 09:05:00	8.5	남남동	154	24.05	27.46	0.22	3.3	0.33	3.0	2.8	동남동	111	24.6	1013.1	-	75	
2021-07-14 09:10:00	8.5	남남동	165	24.04	27.34	0.21	3.2	0.33	3.0	3.1	동남동	116	24.6	1013.0	-	71	
2021-07-14 09:15:00	8.2	남남동	151	24.02	27.44	0.22	3.2	0.41	3.5	3.0	동남동	110	24.5	1013.1	-	104	
2021-07-14 09:20:00	7.5	남남동	148	24.03	27.57	0.22	3.2	0.29	3.0	3.3	동남동	110	24.5	1013.1	-	75	
2021-07-14 09:25:00	5.7	남동	142	23.91	27.36	0.23	3.2	0.35	3.0	3.4	동남동	109	24.6	1013.0	-	56	
2021-07-14 09:30:00	6.8	남	173	23.98	27.58	0.24	3.3	0.32	3.0	2.6	동남동	110	24.5	1013.1	-	51	
2021-07-14 09:35:00	9.0	남	190	24.03	27.26	0.25	3.2	0.42	3.0	3.1	동남동	115	24.5	1013.1	-	77	
2021-07-14 09:40:00	11.7	남	187	24.37	27.42	0.23	3.1	0.39	3.5	3.2	동남동	113	24.6	1013.0	-	61	
2021-07-14 09:45:00	9.6	남	184	24.27	27.38	0.25	3.1	0.35	2.5	3.0	동남동	117	24.6	1013.0	-	63	
2021-07-14 09:50:00	7.5	남	175	24.08	27.41	0.22	3.3	0.38	3.0	3.4	동남동	113	24.6	1013.0	-	74	
2021-07-14 09:55:00	10.0	남남동	168	24.07	27.41	0.22	3.1	0.33	3.0	3.3	동남동	116	24.6	1013.0	-	62	
2021-07-14 10:00:00	9.8	남	171	24.13	27.36	0.22	2.9	0.36	3.0	3.4	동남동	119	24.6	1013.0	-	113	
2021-07-14 10:05:00	8.2	남	171	24.15	27.36	0.23	3.0	0.33	4.0	3.6	동남동	113	24.6	1013.0	-	229	
2021-07-14 10:10:00	11.5	남남동	160	24.17	27.36	0.22	3.3	0.32	3.5	3.2	동남동	110	24.6	1013.0	-	97	
2021-07-14 10:15:00	13.2	남남동	163	24.30	27.25	0.21	3.1	0.28	3.5	3.3	동남동	109	24.6	1013.0	-	82	
2021-07-14 10:20:00	20.1	남남서	212	24.63	27.14	0.23	3.3	0.32	3.5	3.8	동남동	107	24.7	1012.9	-	92	
2021-07-14 10:25:00	16.3	남남서	210	24.65	27.34	0.23	3.3	0.31	3.0	3.7	동남동	105	24.7	1012.9	-	265	
2021-07-14 10:30:00	18.6	남서	214	24.68	27.20	0.24	3.1	0.49	3.0	3.7	동남동	111	24.7	1013.0	-	84	
2021-07-14 10:35:00	14.0	남	191	24.61	27.16	0.21	3.4	0.29	3.5	3.4	동남동	112	24.7	1013.1	-	13	
2021-07-14 10:40:00	12.8	남	180	24.56	27.19	0.20	3.4	0.26	3.5	3.2	동남동	121	24.8	1013.1	-	55	
2021-07-14 10:45:00	16.2	남남서	207	24.62	27.15	0.22	3.3	0.32	3.0	3.0	동남동	119	24.8	1013.1	-	276	
2021-07-14 10:50:00	13.1	남남서	195	24.56	27.16	0.21	3.5	0.29	3.0	2.9	동남동	121	24.8	1013.2	-	348	
2021-07-14 10:55:00	16.3	남남서	209	24.61	27.20	0.22	3.1	0.37	3.0	3.0	남동	124	24.8	1013.2	-	15	
2021-07-14 11:00:00	12.8	남남서	193	24.57	27.19	0.19	3.5	0.27	3.0	3.0	남동	127	24.8	1013.2	-	211	
2021-07-14 11:05:00	16.7	남남서	192	24.50	27.26	0.20	3.2	0.29	3.0	2.5	동남동	122	24.9	1013.2	-	78	
2021-07-14 11:10:00	13.8	남	183	24.46	27.24	0.21	3.3	0.33	3.5	2.0	동남동	120	24.9	1013.3	-	102	
2021-07-14 11:15:00	13.2	남동	131	24.20	27.20	0.17	3.4	0.25	3.5	1.3	동남동	118	25.0	1013.3	-	282	
2021-07-14 11:20:00	13.3	남남동	149	24.28	27.12	0.19	3.4	0.29	4.0	1.6	남동	127	25.1	1013.3	-	43	
2021-07-14 11:25:00	14.5	남동	128	24.10	27.33	0.19	3.7	0.26	3.5	1.8	남동	134	25.2	1013.3	-	243	
2021-07-14 11:30:00	12.0	남남서	199	24.61	27.23	0.18	3.5	0.26	5.0	2.0	남동	129	25.3	1013.4	-	281	
2021-07-14 11:35:00	15.2	남	180	24.39	27.34	0.21	3.2	0.38	2.5	2.2	남동	128	25.2	1013.4	-	324	
2021-07-14 11:40:00	12.8	남남서	194	24.68	27.20	0.20	3.2	0.33	3.0	1.9	남동	126	25.2	1013.4	-	82	
2021-07-14 11:45:00	11.7	남	188	24.62	27.10	0.21	3.3	0.33	3.0	1.5	남동	127	25.2	1013.4	-	156	
2021-07-14 11:50:00	13.9	남남서	197	24.64	27.28	0.19	3.5	0.26	3.0	1.4	동남동	119	25.2	1013.5	-	98	
2021-07-14 11:55:00	14.4	남서	218	24.72	27.25	0.21	3.2	0.36	3.0	1.5	동남동	115	25.2	1013.5	-	152	
2021-07-14 12:00:00	17.7	남서	223	24.78	27.34	0.18	3.3	0.27	3.0	1.7	동남동	105	25.2	1013.4	-	95	
2021-07-14 12:05:00	18.9	남서	222	24.70	27.19	0.16	3.2	0.25	3.0	1.7	동	93	25.2	1013.4	-	85	
2021-07-14 12:10:00	14.9	남남서	206	24.65	27.41	0.18	3.3	0.28	3.0	2.2	동	95	25.2	1013.4	-	106	
2021-07-14 12:15:00	17.1	남남서	207	24.65	27.35	0.18	3.1	0.30	3.0	2.4	동	98	25.2	1013.4	-	277	
2021-07-14 12:20:00	18.5	남남서	205	24.59	27.46	0.18	3.5	0.31	3.5	2.3	동남동	104	25.2	1013.5	-	119	
2021-07-14 12:25:00	18.4	남남서	208	24.54	27.22	0.18	3.3	0.28	3.5	2.3	동남동	102	25.3	1013.4	-	86	
2021-07-14 12:30:00	19.5	서남서	238	24.76	27.12	0.20	3.2	0.26	3.5	2.5	동남동	112	25.4	1013.4	-	285	
2021-07-14 12:35:00	14.4	남서	220	24.65	27.18	0.19	3.1	0.27	3.5	2.5	동남동	113	25.4	1013.4	-	100	
2021-07-14 12:40:00	14.8	남남동	160	24.32	26.99	0.19	3.3	0.28	3.5	2.0	동남동	114	25.4	1013.5	-	292	
2021-07-14 12:45:00	19.9	남남동	148	24.12	27.13	0.20	3.3	0.28	3.0	2.2	동남동	113	25.5	1013.5	-	93	
2021-07-14 12:50:00	14.0	남남동	167	24.28	27.36	0.16	3.4	0.25	2.5	2.6	동남동	115	25.5	1013.4	-	247	
2021-07-14 12:55:00	13.3	남남서	196	24.54	27.10	0.18	3.3	0.25	3.5	2.8	동남동	109	25.5	1013.4	-	74	
2021-07-14 13:00:00	17.3	남	189	24.30	27.13	0.15	3.4	0.19	3.0	2.9	동남동	107	25.6	1013.4	-	99	
2021-07-14 13:05:00	17.8	남남서	200	24.32	27.11	0.17	3.4	0.26	3.0	2.8	동	101	25.7	1013.3	-	221	
2021-07-14 13:10:00	16.6	남	188	24.21	27.08	0.19	3.2	0.31	3.0	2.3	동	96	25.8	1013.3	-	93	
2021-07-14 13:15:00	16.8	남	186	24.20	27.14	0.16	3.2	0.23	3.5	2.2	동	94	25.8	1013.3	-	241	
2021-07-14 13:20:00	19.0	남남서	192	24.26	27.15	0.20	3.2	0.32	3.0	1.9	동	86	25.8	1013.2	-	243	
2021-07-14 13:25:00	16.5	남	185	24.26	27.05	0.16	3.7	0.26	4.5	1.5	동	88	25.9	1013.2	-	96	
2021-07-14 13:30:00	15.8	남	184	24.25	27.09	0.17	3.4	0.23	3.5	1.4	동	79	25.9	1013.2	-	250	
2021-07-14 13:35:00	13.9	남	175	24.25	27.19	0.17	3.2	0.25	3.5	1.2	동북동	72	26.0	1013.2	-	117	
2021-07-14 13:40:00	16.4	남	170	24.25	27.15	0.17	3.7	0.28	4.0	1.2	동	95	26.0	1013.1	-	248	
2021-07-14 13:45:00	14.5	남	180	24.28	27.22	0.19	3.4	0.26	3.5	2.0	동	101	26.0	1013.0	-	249	
2021-07-14 13:50:00	14.2	남	181	24.30	27.21	0.18	3.5	0.24	3.5	1.6	동	87	25.9	1012.9	-	106	
2021-07-14 13:55:00	12.8	남	178	24.28	27.20	0.17	3.1	0.27	2.5	2.0	동	86	25.9	1012.9	-	106	
2021-07-14 14:00:00	12.5	남	169	24.29	27.07	0.17	3.4	0.25	4.0	2.5	동	93	25.8	1012.9	-	263	
2021-07-14 14:05:00	10.8	남	171	24.25	27.16	0.18	3.4	0.29	3.5	2.2	동	96	25.8	1012.9	-	247	
2021-07-14 14:10:00	9.0	남	172	24.26	27.26	0.18	3.3	0.25	3.0	2.4	동	96	25.8	1012.9	-	13	
2021-07-14 14:15:00	12.1	남남동	153	24.24	27.12	0.16	3.3	0.27	3.5	2.8	동	93	25.8	1012.9	-	276	
2021-07-14 14:20:00	12.7	남남동	150	24.22	27.34	0.18	3.2	0.27	3.5	2.7	동	101	25.8	1012.9	-	289	
2021-07-14 14:25:00	8.9	남남동	161	24.25	27.30	0.17	3.2	0.29	3.0	2.6	동	101	25.8	1012.9	-	109	
2021-07-14 14:30:00	8.0	남남동	147	24.25	27.28	0.23	3.5	0.33	3.0	2.8	동남동	105	25.8	1012.9	-	151	
2021-07-14 14:35:00	11.8	남	169	24.27	27.38	0.19	3.4	0.27	3.5	3.1	동	99	25.8	1012.9	-	240	
2021-07-14 14:40:00	11.6	남	169	24.11	27.36	0.20	3.4	0.27	5.0	2.8	동	95	26.0	1012.9	-	125	
2021-07-14 14:45:00	11.0	남남서	194	24.63	27.14	0.21	3.3	0.30	3.0	2.9	동	91	26.1	1012.9	-	151	
2021-07-14 14:50:00	10.0	남남서	193	24.39	27.04	0.19	3.3	0.26	3.5	3.0	동	92	26.3	1012.9	-	163	
2021-07-14 14:55:00	8.9	남남동	159	24.46	27.02	0.20	3.4	0.26	4.0	3.2	동	93	26.1	1012.8	-	241	
2021-07-14 15:00:00	8.8	남	180	24.41	27.07	0.16	3.2	0.21	3.0	3.2	동	88	25.9	1012.8	-	247	
2021-07-14 15:05:00	8.8	남	176	24.35	26.94	0.14	3.6	0.20	3.0	3.5	동	92	25.9	1012.8	-	174	
2021-07-14 15:10:00	8.8	남남동	165	24.26	27.11	0.17	3.4	0.27	3.0	3.5	동	91	25.9	1012.8	-	67	
2021-07-14 15:15:00	10.8	남남동	156	24.24	27.13	0.20	3.2	0.37	3.0	3.9	동	99	25.9	1012.8	-	146	
2021-07-14 15:20:00	10.8	남동	141	24.07	27.20	0.17	3.7	0.26	3.0	3.7	동	97	26.0	1012.8	-	265	
2021-07-14 15:25:00	9.7	남동	139	24.13	27.20	0.17	3.6	0.22	3.0	3.7	동	92	25.9	1012.9	-	203	
2021-07-14 15:30:00	10.3	남동	132	24.11	27.00	0.16	3.4	0.23	3.0	3.7	동	95	26.0	1012.8	-	282	
2021-07-14 15:35:00	7.5	동남동	109	23.98	26.92	0.16	3.3	0.23	3.0	3.7	동남동	102	26.0	1012.8	-	357	
2021-07-14 15:40:00	2.6	동	84	24.63	27.19	0.18	3.1	0.24	3.0	3.4	동남동	105	26.1	1012.9	-	259	
2021-07-14 15:45:00	1.5	남남동	160	24.62	27.15	0.19	3.4	0.33	3.5	3.9	동	101	26.0	1012.8	-	238	
2021-07-14 15:50:00	5.5	남동	132	24.36	27.17	0.17	3.3	0.23	3.5	3.8	동	97	26.0	1012.8	-	91	
2021-07-14 15:55:00	2.0	남남동	153	24.56	27.16	0.16	3.4	0.24	3.0	3.6	동	96	26.1	1012.8	-	334	
2021-07-14 16:00:00	5.0	동	100	24.34	27.23	0.17	3.4	0.28	3.0	3.8	동남동	105	26.1	1012.9	-	262	
2021-07-14 16:05:00	7.8	동	100	24.29	27.17	0.17	3.6	0.25	3.5	4.0	동남동	109	26.1	1012.8	-	269	
2021-07-14 16:10:00	9.2	동	79	24.23	27.17	0.16	3.4	0.23	3.5	3.8	동남동	113	26.1	1012.8	-	226	
2021-07-14 16:15:00	6.9	동북동	61	25.24	27.18	0.15	3.6	0.26	4.0	3.7	동남동	110	26.1	1012.8	-	262	
2021-07-14 16:20:00	5.9	동북동	66	25.46	26.91	0.14	3.4	0.23	3.0	3.1	동남동	107	26.1	1012.9	-	259	
2021-07-14 16:25:00	4.5	북동	37	25.44	26.98	0.17	3.4	0.27	3.0	3.2	동남동	112	26.1	1012.9	-	259	
2021-07-14 16:30:00	8.2	북북서	333	25.45	26.91	0.17	3.3	0.23	3.0	3.7	동남동	110	26.0	1012.8	-	83	
2021-07-14 16:35:00	6.2	북	350	25.44	26.85	0.16	3.6	0.22	4.0	2.9	동남동	112	26.0	1012.8	-	79	
2021-07-14 16:40:00	8.7	북	350	25.47	26.94	0.17	3.4	0.29	3.0	2.9	동남동	114	26.0	1012.8	-	303	
2021-07-14 16:45:00	9.9	북북서	349	25.51	26.83	0.15	3.4	0.25	3.5	2.8	동남동	121	26.0	1012.8	-	234	
2021-07-14 16:50:00	5.5	북북동	11	25.51	26.91	0.14	3.8	0.21	4.0	2.5	동남동	115	26.0	1012.9	-	283	
2021-07-14 16:55:00	6.0	북북서	341	25.52	26.96	0.16	3.4	0.28	3.0	2.4	동남동	113	26.0	1012.9	-	108	
2021-07-14 17:00:00	8.0	북	355	25.48	26.85	0.20	3.3	0.29	3.0	2.6	동남동	106	26.1	1012.8	-	45	
2021-07-14 17:05:00	6.9	북	10	25.40	26.81	0.17	3.5	0.25	3.5	2.5	동남동	109	26.1	1012.8	-	254	
2021-07-14 17:10:00	11.1	북	351	25.40	26.94	0.17	3.5	0.24	4.0	2.5	동남동	114	26.1	1012.9	-	118	
2021-07-14 17:15:00	10.3	북	352	25.41	26.89	0.16	3.4	0.23	3.5	2.4	동남동	118	26.0	1012.8	-	97	
2021-07-14 17:20:00	7.3	북북동	15	25.42	27.01	0.16	3.5	0.23	3.5	1.8	동남동	104	26.0	1012.8	-	122	
2021-07-14 17:25:00	13.8	북북동	26	25.40	26.92	0.20	3.5	0.36	3.0	1.9	동남동	109	26.0	1012.9	-	158	
2021-07-14 17:30:00	11.7	북동	38	25.30	26.90	0.17	3.4	0.24	3.5	1.9	동남동	116	25.9	1012.9	-	239	
2021-07-14 17:35:00	8.9	북북동	16	25.31	27.08	0.19	3.8	0.26	3.5	1.7	동남동	106	26.0	1012.9	-	24	
2021-07-14 17:40:00	10.9	북북동	22	25.22	27.05	0.15	3.6	0.21	3.0	2.4	동남동	104	26.1	1012.9	-	79	
2021-07-14 17:45:00	9.4	북동	36	25.24	26.92	0.18	3.7	0.23	3.5	2.4	동	100	26.2	1012.9	-	255	
2021-07-14 17:50:00	15.6	북동	35	25.21	27.04	0.18	3.4	0.22	3.0	2.5	동	98	26.2	1012.8	-	359	
2021-07-14 17:55:00	18.3	북북동	16	25.24	26.91	0.17	3.3	0.23	3.0	2.4	동남동	110	26.1	1012.9	-	90	
2021-07-14 18:00:00	20.0	북북동	18	25.27	26.86	0.16	3.5	0.23	3.5	2.8	동남동	111	25.9	1012.9	-	356	
2021-07-14 18:05:00	18.4	북북동	19	25.24	26.81	0.15	3.4	0.24	3.0	3.0	동남동	110	25.8	1012.8	-	98	
2021-07-14 18:10:00	18.6	북북동	21	25.23	26.72	0.16	3.7	0.23	3.0	2.8	동남동	113	25.8	1012.8	-	94	
2021-07-14 18:15:00	19.4	북북동	26	25.16	26.86	0.18	4.0	0.26	3.0	2.3	남동	125	25.7	1013.0	-	93	
2021-07-14 18:20:00	17.4	북북동	26	25.14	26.78	0.20	4.0	0.30	3.0	2.3	남동	124	25.7	1012.9	-	124	
2021-07-14 18:25:00	17.1	북북동	15	25.17	27.01	0.17	4.9	0.23	4.0	2.3	동남동	121	25.7	1012.9	-	104	
2021-07-14 18:30:00	15.3	북북동	24	25.16	26.72	0.18	4.9	0.25	5.0	2.6	동남동	115	25.7	1012.9	-	103	
2021-07-14 18:35:00	14.5	북북동	23	25.13	27.08	0.16	4.1	0.22	3.5	2.8	동남동	114	25.7	1012.9	-	262	
2021-07-14 18:40:00	18.4	북북동	28	25.05	27.05	0.17	3.5	0.22	3.5	3.0	동남동	109	25.7	1012.8	-	305	
2021-07-14 18:45:00	16.4	북북동	26	25.11	26.80	0.16	3.8	0.24	3.5	3.4	동남동	112	25.7	1012.7	-	148	
2021-07-14 18:50:00	15.7	북동	37	25.09	27.12	0.20	4.8	0.30	4.5	3.2	동남동	111	25.7	1012.7	-	116	
2021-07-14 18:55:00	14.5	북북동	31	25.02	26.95	0.18	4.1	0.23	3.5	2.5	동남동	117	25.6	1012.7	-	111	
2021-07-14 19:00:00	16.7	북북동	30	24.99	26.90	0.18	4.1	0.32	4.5	2.1	남동	127	25.6	1012.7	-	210	
2021-07-14 19:05:00	14.7	북북동	25	24.94	26.97	0.19	4.2	0.24	4.0	2.3	동남동	123	25.5	1012.6	-	112	
2021-07-14 19:10:00	17.7	북북동	32	24.95	26.90	0.18	3.6	0.30	3.0	2.0	남동	130	25.5	1012.7	-	87	
2021-07-14 19:15:00	13.0	북북동	25	24.96	26.84	0.19	3.8	0.29	4.0	2.2	남동	131	25.4	1012.7	-	242	
2021-07-14 19:20:00	10.9	북북동	18	24.98	27.16	0.16	3.6	0.25	3.0	2.4	동남동	121	25.4	1012.7	-	178	
2021-07-14 19:25:00	12.1	북북동	17	24.96	26.95	0.17	3.6	0.24	3.0	2.6	동남동	120	25.4	1012.6	-	59	
2021-07-14 19:30:00	15.2	북북동	26	24.97	26.97	0.17	3.4	0.29	3.5	2.5	동남동	114	25.3	1012.6	-	229	
2021-07-14 19:35:00	16.7	북북동	15	24.97	27.03	0.18	3.5	0.26	3.0	2.3	동남동	111	25.3	1012.6	-	122	
2021-07-14 19:40:00	10.9	북북동	28	24.95	26.92	0.18	3.9	0.27	3.5	2.7	동남동	109	25.3	1012.6	-	77	
2021-07-14 19:45:00	11.2	북북동	27	24.94	26.97	0.18	3.6	0.25	4.0	2.4	동남동	111	25.3	1012.7	-	164	
2021-07-14 19:50:00	10.8	북북동	28	24.96	27.06	0.17	3.5	0.23	3.0	2.3	동남동	119	25.3	1012.7	-	61	
2021-07-14 19:55:00	11.1	북북동	16	24.97	27.11	0.17	3.7	0.29	3.0	2.6	동남동	119	25.3	1012.7	-	297	
2021-07-14 20:00:00	11.6	북북동	15	24.94	26.93	0.17	3.7	0.26	3.5	2.8	동남동	122	25.3	1012.7	-	291	
2021-07-14 20:05:00	9.0	북북동	30	24.89	27.03	0.17	3.8	0.24	3.0	3.2	동남동	119	25.3	1012.7	-	287	
2021-07-14 20:10:00	7.5	북북동	20	24.91	26.90	0.18	3.5	0.33	3.5	3.6	동남동	121	25.3	1012.6	-	281	
2021-07-14 20:15:00	10.0	북	2	24.89	26.95	0.16	3.5	0.21	5.0	3.7	동남동	122	25.3	1012.6	-	273	
2021-07-14 20:20:00	11.8	북북동	12	24.93	26.89	0.16	3.7	0.21	3.5	3.9	남동	127	25.2	1012.7	-	282	
2021-07-14 20:25:00	12.4	북	11	24.89	26.98	0.18	4.4	0.26	4.0	3.6	남동	127	25.3	1012.7	-	83	
2021-07-14 20:30:00	9.6	북북동	23	24.76	26.88	0.17	3.3	0.21	3.0	3.9	남동	126	25.2	1012.7	-	91	
2021-07-14 20:35:00	9.9	북	8	24.76	26.92	0.17	3.8	0.23	3.5	3.7	남동	135	25.2	1012.8	-	29	
2021-07-14 20:40:00	8.9	북북동	22	24.72	26.97	0.18	4.1	0.24	4.0	3.8	남동	135	25.2	1012.9	-	306	
2021-07-14 20:45:00	8.3	북북동	34	24.66	26.94	0.19	3.6	0.27	4.0	3.7	남동	128	25.2	1013.0	-	349	
2021-07-14 20:50:00	10.8	북북동	28	24.64	27.04	0.16	3.5	0.24	3.5	4.0	남동	127	25.2	1013.0	-	267	
2021-07-14 20:55:00	11.0	북북동	21	24.68	26.97	0.16	3.2	0.23	3.5	3.7	남동	128	25.2	1013.1	-	51	
2021-07-14 21:00:00	10.6	북	9	24.68	26.91	0.16	3.7	0.21	3.5	3.9	동남동	123	25.1	1013.1	-	43	
2021-07-14 21:05:00	9.9	북	4	24.69	26.91	0.16	3.4	0.29	2.5	3.9	동남동	123	25.2	1013.2	-	70	
2021-07-14 21:10:00	8.7	북북동	28	24.68	26.96	0.16	3.6	0.21	4.0	3.4	남동	127	25.2	1013.3	-	218	
2021-07-14 21:15:00	6.7	북북동	33	24.65	26.97	0.15	3.3	0.22	3.0	3.5	남동	129	25.2	1013.4	-	10	
2021-07-14 21:20:00	9.3	북북동	31	24.60	26.95	0.15	3.3	0.19	2.5	4.1	남동	129	25.2	1013.4	-	333	
2021-07-14 21:25:00	7.7	북북동	33	24.64	27.00	0.14	3.4	0.21	3.5	3.7	남동	131	25.2	1013.4	-	154	
2021-07-14 21:30:00	9.9	북북동	30	24.65	26.86	0.17	3.2	0.26	3.5	3.7	남동	132	25.1	1013.4	-	72	
2021-07-14 21:35:00	6.0	북동	50	24.49	26.98	0.15	3.4	0.23	3.0	4.1	남동	135	25.1	1013.4	-	116	
2021-07-14 21:40:00	8.1	북동	41	24.58	26.79	0.16	3.5	0.25	3.0	3.9	남동	135	25.1	1013.4	-	65	
2021-07-14 21:45:00	8.7	북동	39	24.56	26.88	0.17	3.5	0.23	3.5	3.8	남동	133	25.1	1013.4	-	50	
2021-07-14 21:50:00	5.8	북동	47	24.47	26.89	0.16	3.4	0.22	3.5	3.8	남동	129	25.1	1013.4	-	244	
2021-07-14 21:55:00	6.8	북북동	20	24.59	27.23	0.17	3.2	0.25	3.0	3.7	남동	130	25.1	1013.4	-	332	
2021-07-14 22:00:00	5.3	북북동	25	24.56	26.93	0.18	3.4	0.31	3.5	3.3	남동	137	25.1	1013.4	-	59	
2021-07-14 22:05:00	6.1	북북동	21	24.49	27.00	0.20	3.4	0.29	3.0	3.5	남동	127	25.1	1013.4	-	94	
2021-07-14 22:10:00	9.8	북	355	24.54	27.00	0.16	3.5	0.26	3.0	3.6	남동	137	25.0	1013.4	-	35	
2021-07-14 22:15:00	10.2	북	355	24.57	26.91	0.19	3.4	0.33	3.0	3.6	남동	144	25.0	1013.5	-	63	
2021-07-14 22:20:00	6.6	북동	39	24.47	26.92	0.18	3.5	0.27	3.0	3.6	남동	136	25.1	1013.5	-	104	
2021-07-14 22:25:00	8.5	북	0	24.47	27.02	0.17	3.2	0.30	3.0	2.9	남동	138	25.1	1013.5	-	100	
2021-07-14 22:30:00	7.8	북북서	337	24.46	26.96	0.18	3.3	0.25	3.0	2.7	남동	142	25.1	1013.6	-	96	
2021-07-14 22:35:00	12.4	북북서	328	24.46	27.01	0.16	3.4	0.23	3.5	2.9	남동	138	25.1	1013.6	-	120	
2021-07-14 22:40:00	14.9	북북서	326	24.47	27.01	0.18	3.9	0.26	4.0	3.0	남동	141	25.2	1013.5	-	100	
2021-07-14 22:45:00	6.8	동북동	61	24.32	27.07	0.20	3.9	0.29	3.5	2.8	남동	135	25.2	1013.5	-	102	
2021-07-14 22:50:00	7.7	동북동	72	24.28	27.07	0.18	3.4	0.27	3.0	2.7	남동	144	25.2	1013.6	-	319	
2021-07-14 22:55:00	11.5	동	99	23.86	27.02	0.17	3.4	0.28	3.0	2.4	남동	134	25.1	1013.6	-	81	
2021-07-14 23:00:00	8.2	동남동	103	23.94	26.88	0.19	3.7	0.37	3.5	1.8	남동	142	25.1	1013.7	-	81	
2021-07-14 23:05:00	3.6	북북동	18	24.28	26.92	0.18	4.0	0.29	3.5	1.8	남남동	159	25.1	1013.7	-	106	
2021-07-14 23:10:00	5.6	북	1	24.26	26.95	0.17	3.3	0.23	3.0	2.3	남남동	152	25.1	1013.7	-	117	
2021-07-14 23:15:00	4.0	북북동	18	24.19	27.10	0.17	3.2	0.31	3.0	2.8	남남동	154	25.2	1013.7	-	317	
2021-07-14 23:20:00	2.4	동북동	74	24.22	26.78	0.16	3.5	0.25	3.5	2.6	남남동	148	25.2	1013.7	-	115	
2021-07-14 23:25:00	3.4	북동	36	24.25	27.05	0.14	3.4	0.20	3.0	2.0	남남동	154	25.2	1013.7	-	61	
2021-07-14 23:30:00	4.8	북	6	24.32	27.00	0.17	3.2	0.23	3.0	2.0	남남동	155	25.2	1013.8	-	59	
2021-07-14 23:35:00	3.7	북동	55	24.25	27.11	0.14	3.3	0.21	3.0	1.4	남남동	158	25.2	1013.8	-	91	
2021-07-14 23:40:00	5.9	북동	46	24.26	26.82	0.17	3.4	0.24	3.0	1.0	남남동	156	25.2	1013.9	-	53	
2021-07-14 23:45:00	5.7	동북동	58	24.37	27.25	0.16	3.2	0.23	3.0	0.5	남	172	25.2	1013.9	-	94	
2021-07-14 23:50:00	6.3	남동	128	24.00	27.08	0.17	3.2	0.28	3.5	0.8	남	182	25.2	1014.0	-	109	
2021-07-14 23:55:00	2.5	남남동	148	24.24	27.16	0.16	3.1	0.30	3.0	0.4	남서	223	25.3	1014.0	-	321	
2021-07-15 00:00:00	5.7	동남동	113	23.99	26.83	0.17	3.1	0.22	3.0	0.0	남	183	25.4	1014.0	-	99	
2021-07-15 00:05:00	4.4	동남동	112	24.01	27.06	0.17	3.2	0.36	3.0	0.4	남동	130	25.5	1014.1	-	230	
2021-07-15 00:10:00	3.9	남동	128	23.46	26.92	0.13	3.3	0.19	4.0	0.0	남남서	195	25.4	1014.2	-	203	
2021-07-15 00:15:00	3.3	동	84	23.44	27.31	0.16	3.7	0.20	4.0	0.1	서남서	242	25.4	1014.3	-	242	
2021-07-15 00:20:00	0.3	북동	36	23.96	27.23	0.17	3.2	0.26	3.5	0.0	서북서	286	25.4	1014.3	-	61	
2021-07-15 00:25:00	1.4	서남서	248	24.05	27.04	0.18	3.4	0.29	3.0	0.0	동	91	25.4	1014.3	-	82	
2021-07-15 00:30:00	7.7	동	85	23.71	26.88	0.16	3.3	0.29	3.0	0.7	동	97	25.4	1014.3	-	54	
2021-07-15 00:35:00	3.0	동남동	103	23.51	27.65	0.15	3.1	0.22	3.0	0.9	동남동	118	25.4	1014.3	-	82	
2021-07-15 00:40:00	6.0	동	96	23.36	27.49	0.16	3.3	0.22	3.0	1.0	남동	139	25.4	1014.3	-	90	
2021-07-15 00:45:00	9.2	동	83	23.15	27.21	0.17	3.1	0.26	3.0	1.0	남남동	150	25.4	1014.3	-	81	
2021-07-15 00:50:00	5.4	동	87	23.03	27.40	0.17	3.0	0.26	3.0	1.0	남남동	159	25.4	1014.3	-	89	
2021-07-15 00:55:00	4.2	동북동	65	23.22	27.36	0.16	3.3	0.23	3.5	1.3	남남동	159	25.3	1014.3	-	60	
2021-07-15 01:00:00	6.2	동	95	22.86	27.52	0.17	3.2	0.29	3.0	1.0	남남동	166	25.2	1014.3	-	53	
2021-07-15 01:05:00	7.2	동	99	22.94	27.39	0.14	3.3	0.23	3.5	1.0	남남동	166	25.2	1014.4	-	148	
2021-07-15 01:10:00	8.0	동남동	106	23.07	27.29	0.13	3.5	0.19	3.5	0.7	남남동	166	25.1	1014.5	-	80	
2021-07-15 01:15:00	5.9	동남동	112	23.03	27.55	0.14	3.5	0.20	3.5	0.9	남남동	168	25.0	1014.5	-	258	
2021-07-15 01:20:00	4.6	동남동	107	23.12	27.42	0.15	3.1	0.19	3.5	1.6	남남동	151	24.9	1014.5	-	73	
2021-07-15 01:25:00	8.8	동	97	22.78	27.16	0.15	3.1	0.26	5.0	1.9	남동	145	24.9	1014.4	-	65	
2021-07-15 01:30:00	3.2	남동	136	22.86	27.54	0.18	3.1	0.26	2.5	1.8	남동	143	24.8	1014.4	-	90	
2021-07-15 01:35:00	6.6	남동	140	23.41	27.38	0.16	3.0	0.26	3.0	2.0	남동	132	24.9	1014.4	-	73	
2021-07-15 01:40:00	5.4	남동	126	23.33	27.18	0.17	3.2	0.30	3.0	2.1	남동	131	24.9	1014.3	-	79	
2021-07-15 01:45:00	7.2	동남동	120	23.14	27.43	0.17	3.2	0.27	3.0	2.0	남동	134	24.9	1014.3	-	61	
2021-07-15 01:50:00	7.0	동남동	111	22.77	27.18	0.16	3.3	0.21	3.0	1.8	남동	139	24.9	1014.3	-	97	
2021-07-15 01:55:00	5.2	동	88	22.64	27.14	0.15	3.0	0.24	3.0	1.7	남동	137	24.9	1014.3	-	64	
2021-07-15 02:00:00	4.3	동남동	120	22.38	27.40	0.17	3.1	0.26	2.5	2.0	남동	141	24.9	1014.3	-	56	
2021-07-15 02:05:00	7.7	동남동	105	22.74	27.30	0.15	3.3	0.20	3.5	2.5	남동	141	24.9	1014.3	-	101	
2021-07-15 02:10:00	6.3	동	100	22.47	27.39	0.17	2.9	0.26	3.0	2.3	남동	145	25.0	1014.4	-	76	
2021-07-15 02:15:00	5.0	동남동	123	22.82	27.39	0.15	3.1	0.21	2.5	2.3	남동	146	25.0	1014.4	-	65	
2021-07-15 02:20:00	3.8	동	101	22.36	27.72	0.16	2.8	0.21	2.5	3.1	남남동	154	25.0	1014.4	-	57	
2021-07-15 02:25:00	3.3	동	98	22.96	27.40	0.17	2.9	0.24	3.0	2.9	남남동	148	25.1	1014.5	-	61	
2021-07-15 02:30:00	3.8	동남동	116	22.36	27.40	0.21	2.8	0.37	3.0	3.1	남남동	149	25.2	1014.5	-	87	
2021-07-15 02:35:00	4.5	남동	140	22.94	27.48	0.17	3.0	0.27	2.5	2.6	남남동	162	25.3	1014.5	-	67	
2021-07-15 02:40:00	7.2	동	96	22.89	27.57	0.16	3.0	0.28	3.0	1.9	남남동	166	25.4	1014.5	-	79	
2021-07-15 02:45:00	5.0	남동	125	23.00	27.44	0.18	2.9	0.31	2.5	1.5	남	178	25.4	1014.5	-	75	
2021-07-15 02:50:00	5.6	동	87	22.97	27.49	0.15	3.1	0.20	2.5	1.0	남	187	25.4	1014.5	-	85	
2021-07-15 02:55:00	6.3	동	88	22.56	27.32	0.15	3.1	0.27	3.0	1.0	남서	229	25.4	1014.5	-	87	
2021-07-15 03:00:00	6.4	동북동	79	22.33	27.63	0.17	3.0	0.22	3.0	0.8	서	279	25.3	1014.5	-	83	
2021-07-15 03:05:00	6.8	동	86	22.22	27.50	0.19	3.0	0.26	3.0	1.7	북서	309	25.2	1014.4	-	110	
2021-07-15 03:10:00	5.5	동	97	22.18	27.49	0.16	2.8	0.24	3.0	2.3	북서	320	25.1	1014.5	-	92	
2021-07-15 03:15:00	5.9	동북동	70	22.18	27.64	0.19	2.8	0.30	3.0	2.3	북서	313	25.0	1014.6	-	92	
2021-07-15 03:20:00	1.6	남	180	22.51	27.81	0.18	2.9	0.28	3.0	2.5	북서	320	24.9	1014.6	-	84	
2021-07-15 03:25:00	3.2	동	101	22.44	27.47	0.18	2.9	0.28	2.5	2.4	북서	322	24.9	1014.6	-	116	
2021-07-15 03:30:00	3.7	동	96	22.10	27.61	0.19	2.9	0.26	3.0	2.5	북북서	328	24.9	1014.6	-	86	
2021-07-15 03:35:00	6.8	동	101	22.07	27.56	0.19	2.9	0.32	3.5	2.2	북북서	336	24.9	1014.6	-	38	
2021-07-15 03:40:00	3.9	동남동	117	22.27	27.41	0.17	2.9	0.25	3.0	1.6	북북서	342	24.8	1014.6	-	64	
2021-07-15 03:45:00	4.3	동남동	113	22.06	27.46	0.18	2.9	0.27	3.0	1.5	북	355	24.8	1014.6	-	81	
2021-07-15 03:50:00	2.5	동	85	22.31	27.31	0.17	2.8	0.27	2.5	2.2	북북서	347	24.8	1014.6	-	87	
2021-07-15 03:55:00	1.5	동남동	115	22.35	27.52	0.18	2.7	0.25	2.5	2.0	북	351	24.8	1014.6	-	71	
2021-07-15 04:00:00	2.2	남	169	22.53	27.39	0.19	2.8	0.30	3.0	1.8	북	352	24.8	1014.6	-	70	
2021-07-15 04:05:00	1.3	동남동	114	22.37	27.46	0.19	2.8	0.26	2.5	1.6	북	352	24.8	1014.6	-	89	
2021-07-15 04:10:00	0.9	동남동	112	22.06	27.42	0.16	2.9	0.24	3.0	1.8	북북서	348	24.8	1014.7	-	76	
2021-07-15 04:15:00	4.8	동남동	120	22.08	27.34	0.18	2.9	0.25	2.5	1.8	북북서	348	24.7	1014.7	-	59	
2021-07-15 04:20:00	4.6	동남동	115	22.17	27.41	0.16	2.8	0.24	3.0	1.8	북북서	343	24.7	1014.7	-	70	
2021-07-15 04:25:00	5.0	동남동	111	22.04	27.34	0.20	2.7	0.29	3.0	1.7	북북서	335	24.7	1014.7	-	61	
2021-07-15 04:30:00	5.0	동남동	123	22.05	27.36	0.17	3.0	0.24	3.0	1.8	북북서	338	24.7	1014.7	-	88	
2021-07-15 04:35:00	6.9	동남동	117	22.06	27.33	0.21	2.7	0.31	3.0	1.5	북북서	339	24.6	1014.7	-	67	
2021-07-15 04:40:00	7.3	동남동	122	21.99	27.42	0.22	2.7	0.29	2.5	1.6	북북서	337	24.6	1014.7	-	19	
2021-07-15 04:45:00	6.0	동남동	117	22.04	27.52	0.22	2.6	0.34	2.5	1.7	북북서	347	24.6	1014.7	-	70	
2021-07-15 04:50:00	5.7	동남동	107	21.88	27.42	0.18	3.0	0.27	3.0	1.6	북북서	346	24.6	1014.7	-	62	
2021-07-15 04:55:00	6.7	동남동	107	21.98	27.47	0.18	2.7	0.26	2.5	1.5	북북서	328	24.6	1014.7	-	95	
2021-07-15 05:00:00	4.6	동남동	110	21.81	27.45	0.20	2.8	0.34	2.5	1.7	북서	307	24.6	1014.8	-	65	
2021-07-15 05:05:00	4.1	동	97	21.83	27.51	0.19	2.9	0.26	2.5	1.8	북서	305	24.5	1014.8	-	49	
2021-07-15 05:10:00	5.6	동남동	102	22.06	27.69	0.24	2.7	0.31	2.5	2.0	서북서	303	24.4	1014.8	-	20	
2021-07-15 05:15:00	3.6	동북동	75	22.00	27.63	0.20	2.8	0.26	2.5	1.7	북서	315	24.4	1014.8	-	91	
2021-07-15 05:20:00	5.0	동	84	21.90	27.67	0.18	2.7	0.29	3.0	1.5	북서	323	24.4	1014.8	-	97	
2021-07-15 05:25:00	3.9	동	94	22.09	27.85	0.19	2.9	0.29	2.5	1.7	북서	314	24.4	1014.8	-	96	
2021-07-15 05:30:00	2.9	동	98	22.12	27.59	0.20	2.8	0.28	3.0	1.9	북서	317	24.4	1014.7	-	47	
2021-07-15 05:35:00	1.4	동북동	58	21.98	27.51	0.18	2.7	0.26	3.0	1.7	북서	317	24.4	1014.7	-	98	
2021-07-15 05:40:00	2.0	북동	50	22.03	27.50	0.21	3.0	0.44	3.0	2.0	북서	309	24.4	1014.8	-	77	
2021-07-15 05:45:00	5.4	동북동	70	21.96	27.46	0.23	2.8	0.35	2.5	1.9	북서	312	24.4	1014.8	-	53	
2021-07-15 05:50:00	4.3	동북동	69	21.94	27.71	0.17	2.8	0.22	2.5	1.9	북서	316	24.4	1014.8	-	105	
2021-07-15 05:55:00	5.0	동북동	75	21.78	27.61	0.16	2.9	0.22	2.5	1.5	북서	321	24.4	1014.9	-	119	
2021-07-15 06:00:00	4.6	동북동	78	21.80	27.57	0.18	2.8	0.27	3.0	1.0	북서	315	24.3	1015.0	-	43	
2021-07-15 06:05:00	4.5	동	91	22.02	27.48	0.18	2.9	0.38	3.0	0.6	북서	325	24.3	1015.0	-	44	
2021-07-15 06:10:00	4.6	동	97	21.96	27.46	0.18	2.9	0.28	3.0	0.7	북서	318	24.4	1015.1	-	46	
2021-07-15 06:15:00	0.7	남	185	22.50	27.62	0.18	3.0	0.28	2.5	0.8	북북서	342	24.4	1015.1	-	55	
2021-07-15 06:20:00	3.3	서남서	253	22.70	27.33	0.17	2.9	0.26	2.5	1.1	북북서	343	24.4	1015.2	-	51	
2021-07-15 06:25:00	1.4	서남서	256	23.02	27.26	0.19	3.1	0.31	3.0	1.6	북서	323	24.4	1015.3	-	91	
2021-07-15 06:30:00	1.5	남서	233	22.88	27.19	0.22	2.9	0.35	3.0	1.7	북서	320	24.4	1015.4	-	65	
2021-07-15 06:35:00	3.3	남	188	22.98	27.12	0.20	3.0	0.30	3.0	1.5	북서	322	24.4	1015.4	-	68	
2021-07-15 06:40:00	3.8	남	173	23.09	27.30	0.15	2.9	0.22	3.0	1.3	북서	314	24.4	1015.5	-	84	
2021-07-15 06:45:00	2.3	남서	226	22.93	27.35	0.18	3.1	0.23	3.0	1.0	북서	314	24.4	1015.5	-	73	
2021-07-15 06:50:00	2.4	남	189	22.88	27.34	0.15	2.9	0.24	2.5	0.8	북서	314	24.4	1015.4	-	92	
2021-07-15 06:55:00	3.2	남서	216	22.74	27.25	0.19	3.0	0.41	3.0	1.0	서북서	292	24.4	1015.4	-	27	
2021-07-15 07:00:00	3.7	남남서	200	22.58	27.25	0.21	3.1	0.35	3.0	0.9	서북서	291	24.4	1015.5	-	102	
2021-07-15 07:05:00	5.2	남남서	205	22.51	27.45	0.16	2.9	0.24	2.5	0.9	서북서	292	24.5	1015.5	-	346	
2021-07-15 07:10:00	0.7	서	263	22.76	27.38	0.17	3.0	0.28	3.0	1.2	서북서	299	24.5	1015.6	-	58	
2021-07-15 07:15:00	3.1	서남서	240	22.77	27.51	0.14	3.1	0.22	3.0	1.4	북서	307	24.5	1015.7	-	74	
2021-07-15 07:20:00	4.9	남서	226	23.16	27.34	0.15	3.1	0.29	3.5	1.3	북서	310	24.5	1015.7	-	81	
2021-07-15 07:25:00	2.6	남서	216	22.92	27.30	0.14	3.2	0.21	3.0	1.1	북서	314	24.5	1015.8	-	69	
2021-07-15 07:30:00	5.4	서남서	241	22.96	27.32	0.16	3.1	0.22	3.0	1.0	북서	315	24.5	1015.8	-	56	
2021-07-15 07:35:00	7.4	서남서	247	22.94	27.31	0.13	2.9	0.26	3.0	1.2	북	352	24.5	1015.8	-	261	
2021-07-15 07:40:00	5.7	남서	227	22.87	27.44	0.16	3.2	0.25	3.0	1.2	북북서	339	24.5	1015.9	-	359	
2021-07-15 07:45:00	7.0	남서	230	23.02	27.29	0.17	3.0	0.24	3.0	1.1	북서	312	24.6	1015.9	-	11	
2021-07-15 07:50:00	4.7	서남서	248	23.14	27.34	0.17	3.2	0.27	2.5	1.1	북서	317	24.6	1015.9	-	357	
2021-07-15 07:55:00	4.3	서남서	239	23.10	27.52	0.21	3.0	0.30	3.0	1.7	북	353	24.6	1015.9	-	354	
2021-07-15 08:00:00	6.1	서남서	237	23.11	27.32	0.20	3.1	0.35	3.0	1.8	북북서	348	24.5	1015.9	-	359	
2021-07-15 08:05:00	6.8	서남서	253	23.06	27.36	0.18	3.0	0.27	4.0	1.8	북북서	337	24.5	1015.9	-	75	
2021-07-15 08:10:00	4.6	서	264	22.95	27.33	0.18	3.0	0.22	3.0	1.7	북북서	327	24.6	1016.0	-	52	
2021-07-15 08:15:00	6.3	서남서	239	22.99	27.36	0.19	2.9	0.34	3.0	1.2	북북서	342	24.6	1016.1	-	55	
2021-07-15 08:20:00	6.3	서남서	248	23.11	27.32	0.19	3.1	0.34	3.0	0.8	북북동	15	24.6	1016.1	-	90	
2021-07-15 08:25:00	5.6	서	265	22.94	27.30	0.18	3.1	0.26	2.5	0.6	북북동	25	24.7	1016.1	-	96	
2021-07-15 08:30:00	5.0	남서	228	23.09	27.28	0.20	3.2	0.31	3.0	0.8	북	5	24.7	1016.0	-	66	
2021-07-15 08:35:00	3.9	서	266	23.22	27.29	0.16	3.1	0.24	3.5	1.4	북서	320	24.8	1016.0	-	34	
2021-07-15 08:40:00	5.2	서남서	251	23.26	27.15	0.17	2.8	0.25	3.0	2.1	북서	316	24.9	1016.1	-	11	
2021-07-15 08:45:00	9.4	서남서	255	23.31	27.23	0.18	3.0	0.31	3.0	2.3	북서	314	25.1	1016.1	-	55	
2021-07-15 08:50:00	14.8	서남서	257	23.60	27.24	0.17	2.9	0.24	3.0	2.1	북서	321	25.2	1016.1	-	79	
2021-07-15 08:55:00	18.7	서	263	23.72	27.27	0.17	3.2	0.25	3.0	2.2	북서	326	25.3	1016.1	-	326	
2021-07-15 09:00:00	9.4	서북서	287	23.55	27.33	0.20	3.0	0.28	3.0	1.9	북북서	333	25.4	1016.1	-	55	
2021-07-15 09:05:00	7.1	서북서	294	23.35	27.43	0.18	3.1	0.25	3.0	1.5	북	9	25.5	1016.1	-	98	
2021-07-15 09:10:00	3.6	북북동	26	23.43	27.49	0.20	3.1	0.30	3.5	2.3	북동	53	25.4	1016.1	-	93	
2021-07-15 09:15:00	6.8	북서	325	23.39	27.28	0.19	3.1	0.31	3.0	2.2	북동	45	25.3	1016.1	-	60	
2021-07-15 09:20:00	7.2	북북서	344	23.32	27.40	0.15	3.0	0.24	3.0	2.2	북동	53	25.2	1016.1	-	41	
2021-07-15 09:25:00	2.4	북서	310	23.32	27.33	0.15	3.0	0.24	3.0	2.2	북동	53	25.3	1016.0	-	52	
2021-07-15 09:30:00	0.8	서	262	23.78	27.16	0.16	3.1	0.24	3.0	1.9	북동	51	25.3	1016.0	-	78	
2021-07-15 09:35:00	10.7	서남서	248	23.76	27.07	0.19	3.2	0.26	3.0	2.2	북동	40	25.5	1016.0	-	99	
2021-07-15 09:40:00	3.7	동북동	64	23.10	27.17	0.17	3.1	0.31	3.5	2.3	북동	37	25.4	1016.1	-	14	
2021-07-15 09:45:00	4.3	서남서	242	23.56	27.14	0.17	3.0	0.29	3.0	2.4	북북동	28	25.3	1016.1	-	72	
2021-07-15 09:50:00	26.6	서남서	257	24.10	27.09	0.21	3.1	0.32	3.0	2.2	북북동	26	25.2	1016.2	-	90	
2021-07-15 09:55:00	17.8	서남서	250	23.92	27.08	0.16	2.9	0.21	3.0	2.1	북북동	32	25.2	1016.3	-	56	
2021-07-15 10:00:00	6.2	동남동	119	23.11	27.05	0.19	3.0	0.29	3.0	2.0	북동	36	25.2	1016.3	-	71	
2021-07-15 10:05:00	3.7	동북동	73	23.44	27.23	0.19	2.7	0.27	2.5	2.2	북동	40	25.2	1016.3	-	79	
2021-07-15 10:10:00	7.9	동	82	23.47	27.31	0.17	3.1	0.31	3.0	2.4	북동	38	25.1	1016.4	-	75	
2021-07-15 10:15:00	3.2	남서	222	23.79	27.17	0.17	3.2	0.24	3.5	2.6	북동	34	25.1	1016.3	-	42	
2021-07-15 10:20:00	2.9	남서	219	23.83	27.18	0.18	3.1	0.26	2.5	2.6	북동	36	25.1	1016.3	-	321	
2021-07-15 10:25:00	2.5	동	81	22.94	27.13	0.20	2.9	0.30	3.0	2.4	북북동	33	25.1	1016.4	-	93	
2021-07-15 10:30:00	2.5	동	81	23.25	27.13	0.20	2.9	0.29	3.0	2.4	북동	34	25.1	1016.4	-	147	
2021-07-15 10:35:00	11.3	동	94	22.47	27.36	0.21	3.1	0.35	3.0	2.2	북동	36	25.1	1016.5	-	56	
2021-07-15 10:40:00	6.8	동남동	107	23.10	27.61	0.19	3.1	0.30	3.0	1.9	북북동	32	25.1	1016.5	-	254	
2021-07-15 10:45:00	6.7	동남동	122	22.98	27.29	0.18	3.0	0.28	3.5	1.9	북북동	28	25.2	1016.4	-	77	
2021-07-15 10:50:00	4.6	동남동	121	22.66	27.32	0.18	2.9	0.26	3.5	2.3	북북동	21	25.2	1016.4	-	77	
2021-07-15 10:55:00	6.5	남	188	23.89	27.41	0.19	3.3	0.37	3.0	2.2	북북동	15	25.3	1016.4	-	193	
2021-07-15 11:00:00	3.1	동남동	120	23.90	27.03	0.20	3.0	0.36	3.0	1.6	북북동	21	25.4	1016.4	-	60	
2021-07-15 11:05:00	5.6	남서	220	23.90	27.25	0.17	3.1	0.26	3.0	1.3	북북동	22	25.5	1016.4	-	78	
2021-07-15 11:10:00	0.1	북북서	338	23.82	27.13	0.19	2.9	0.28	3.0	1.3	북북동	14	25.6	1016.4	-	89	
2021-07-15 11:15:00	10.6	동남동	111	22.95	27.33	0.18	3.0	0.29	3.0	1.2	북	2	25.6	1016.4	-	104	
2021-07-15 11:20:00	5.5	동남동	102	23.04	27.20	0.17	2.8	0.26	3.0	0.7	북북서	348	25.7	1016.4	-	111	
2021-07-15 11:25:00	11.3	동남동	104	22.27	27.57	0.18	3.0	0.27	3.0	0.5	북북서	337	25.8	1016.4	-	91	
2021-07-15 11:30:00	9.0	동남동	109	23.07	27.31	0.22	3.1	0.33	3.5	0.3	북북서	348	25.9	1016.4	-	70	
2021-07-15 11:35:00	10.2	동	92	23.01	27.18	0.19	3.0	0.26	3.0	0.4	북서	317	26.0	1016.5	-	79	
2021-07-15 11:40:00	6.8	남동	141	23.72	27.23	0.20	3.1	0.33	3.0	0.2	북서	313	26.2	1016.5	-	260	
2021-07-15 11:45:00	12.6	남남서	204	24.19	27.13	0.19	2.9	0.28	3.0	0.0	북북서	330	26.5	1016.6	-	92	
2021-07-15 11:50:00	10.4	남남서	201	24.04	27.19	0.20	3.1	0.33	3.0	0.1	북	1	26.7	1016.6	-	84	
2021-07-15 11:55:00	12.7	동남동	106	23.38	27.27	0.21	3.0	0.33	3.0	0.8	동	82	26.5	1016.6	-	83	
2021-07-15 12:00:00	10.0	남남서	202	24.08	27.11	0.20	3.2	0.32	3.0	1.7	동남동	107	26.2	1016.5	-	312	
2021-07-15 12:05:00	11.4	남남서	201	24.05	27.01	0.20	2.9	0.26	3.0	1.7	동남동	109	26.0	1016.5	-	57	
2021-07-15 12:10:00	10.1	남남서	203	24.25	27.05	0.22	3.0	0.32	2.5	1.9	동남동	111	25.9	1016.4	-	50	
2021-07-15 12:15:00	10.1	남남동	159	24.01	27.27	0.20	3.1	0.30	3.0	1.7	동남동	115	25.9	1016.3	-	95	
2021-07-15 12:20:00	8.2	남남서	192	23.99	27.13	0.23	3.1	0.37	2.5	1.4	남동	127	26.0	1016.3	-	84	
2021-07-15 12:25:00	12.0	남서	222	24.41	26.97	0.22	3.2	0.33	3.5	1.8	동남동	120	26.0	1016.3	-	76	
2021-07-15 12:30:00	14.7	남서	216	24.36	27.05	0.25	3.1	0.39	3.5	2.4	동남동	121	26.0	1016.2	-	309	
2021-07-15 12:35:00	9.9	남	187	24.32	27.02	0.22	3.2	0.29	3.0	2.3	동남동	119	26.0	1016.2	-	274	
2021-07-15 12:40:00	3.8	남	189	24.10	27.07	0.23	3.1	0.30	3.0	2.1	남동	126	26.0	1016.2	-	1	
2021-07-15 12:45:00	8.7	남남동	168	23.99	27.18	0.22	3.1	0.30	3.0	2.2	남동	124	26.0	1016.2	-	77	
2021-07-15 12:50:00	7.4	남	186	24.22	27.02	0.24	3.1	0.34	3.5	2.7	남동	126	26.0	1016.1	-	56	
2021-07-15 12:55:00	8.9	남서	222	24.49	27.11	0.22	3.1	0.31	3.0	2.4	남동	126	26.0	1016.0	-	99	
2021-07-15 13:00:00	6.0	남서	232	24.56	27.03	0.21	2.9	0.30	3.0	2.1	동남동	123	26.0	1016.0	-	60	
2021-07-15 13:05:00	9.8	남서	236	24.71	27.08	0.24	3.3	0.36	3.0	1.8	남동	124	26.1	1015.9	-	232	
2021-07-15 13:10:00	8.2	서남서	242	24.73	27.04	0.28	3.0	0.39	4.0	1.7	동남동	120	26.1	1015.9	-	74	
2021-07-15 13:15:00	8.8	남서	227	24.66	27.05	0.22	3.1	0.39	2.5	2.2	동남동	109	26.1	1015.9	-	20	
2021-07-15 13:20:00	2.5	남남서	211	24.57	26.95	0.21	3.1	0.30	3.0	2.2	동남동	111	26.1	1015.9	-	110	
2021-07-15 13:25:00	8.9	서남서	248	24.82	26.99	0.22	3.2	0.35	3.0	2.2	동남동	106	26.1	1015.8	-	42	
2021-07-15 13:30:00	8.3	서남서	245	24.72	26.93	0.23	3.1	0.34	3.0	2.2	동남동	109	26.1	1015.8	-	102	
2021-07-15 13:35:00	5.3	서남서	256	24.66	26.90	0.21	3.3	0.34	3.0	2.6	동남동	108	26.1	1015.7	-	127	
2021-07-15 13:40:00	5.7	서	259	24.69	26.91	0.19	2.9	0.26	3.0	2.5	동남동	106	26.2	1015.6	-	67	
2021-07-15 13:45:00	7.3	서남서	255	24.73	26.91	0.19	3.0	0.27	3.5	2.8	동남동	102	26.2	1015.5	-	269	
2021-07-15 13:50:00	13.7	서	273	24.67	26.97	0.19	3.2	0.28	3.5	3.0	동남동	103	26.2	1015.5	-	34	
2021-07-15 13:55:00	10.2	서	273	24.81	26.84	0.21	3.1	0.29	3.5	2.9	동남동	102	26.2	1015.5	-	291	
2021-07-15 14:00:00	4.1	서남서	255	24.68	27.03	0.23	3.1	0.38	3.0	3.2	동	99	26.3	1015.5	-	127	
2021-07-15 14:05:00	8.3	서북서	292	24.74	27.04	0.22	3.0	0.39	3.0	3.4	동	99	26.3	1015.5	-	288	
2021-07-15 14:10:00	11.8	서북서	282	24.95	26.95	0.21	3.2	0.41	3.0	3.2	동남동	106	26.3	1015.5	-	297	
2021-07-15 14:15:00	2.3	서북서	287	24.76	27.04	0.23	3.1	0.35	3.0	3.6	동남동	108	26.2	1015.5	-	96	
2021-07-15 14:20:00	2.3	서	267	24.78	27.10	0.22	3.2	0.33	2.5	3.3	동남동	109	26.3	1015.6	-	332	
2021-07-15 14:25:00	4.3	서	275	24.95	27.15	0.19	3.2	0.35	3.0	3.2	동남동	112	26.3	1015.6	-	57	
2021-07-15 14:30:00	6.6	서	269	25.12	27.05	0.21	3.4	0.37	3.0	3.2	동남동	110	26.3	1015.6	-	300	
2021-07-15 14:35:00	7.4	서북서	284	25.23	27.06	0.22	3.4	0.34	3.5	3.3	동남동	112	26.3	1015.6	-	125	
2021-07-15 14:40:00	7.1	서북서	297	24.94	26.97	0.25	3.3	0.44	3.0	3.2	동남동	110	26.3	1015.6	-	276	
2021-07-15 14:45:00	9.7	북서	305	24.92	27.10	0.24	3.1	0.40	3.0	3.3	동남동	113	26.3	1015.6	-	105	
2021-07-15 14:50:00	2.8	서	275	24.92	27.09	0.19	2.9	0.26	2.5	3.1	동남동	113	26.3	1015.6	-	109	
2021-07-15 14:55:00	11.4	서북서	288	24.94	26.89	0.24	3.2	0.37	3.0	2.5	동남동	117	26.4	1015.6	-	0	
2021-07-15 15:00:00	4.3	서북서	292	25.04	26.96	0.22	3.2	0.34	3.0	2.4	동남동	106	26.4	1015.6	-	116	
2021-07-15 15:05:00	1.5	서북서	304	25.03	26.94	0.21	3.3	0.31	3.0	2.3	동남동	106	26.5	1015.6	-	301	
2021-07-15 15:10:00	4.7	서북서	296	24.83	27.03	0.20	3.1	0.33	3.0	2.5	동남동	106	26.5	1015.6	-	145	
2021-07-15 15:15:00	4.1	북서	309	24.94	27.16	0.26	3.3	0.34	3.0	2.8	동남동	103	26.5	1015.5	-	275	
2021-07-15 15:20:00	5.1	북서	304	25.18	27.12	0.22	3.1	0.37	3.0	2.6	동	100	26.5	1015.6	-	26	
2021-07-15 15:25:00	8.4	서북서	292	25.35	26.92	0.22	3.3	0.37	3.5	2.4	동남동	103	26.5	1015.6	-	283	
2021-07-15 15:30:00	9.3	북	2	25.19	26.93	0.24	3.2	0.33	3.0	2.4	동남동	106	26.6	1015.5	-	292	
2021-07-15 15:35:00	8.7	북북서	344	25.07	27.15	0.22	3.2	0.29	3.5	2.4	동남동	105	26.6	1015.5	-	285	
2021-07-15 15:40:00	14.8	북서	316	25.20	27.11	0.19	3.2	0.28	3.5	2.5	동남동	105	26.6	1015.4	-	94	
2021-07-15 15:45:00	10.2	북북서	347	25.05	27.07	0.20	3.4	0.35	3.0	2.6	동남동	108	26.6	1015.4	-	350	
2021-07-15 15:50:00	8.9	북서	307	25.50	26.91	0.18	3.1	0.30	3.5	2.5	동남동	113	26.6	1015.4	-	97	
2021-07-15 15:55:00	6.2	북서	318	25.46	27.18	0.20	3.2	0.33	3.0	2.5	동남동	116	26.6	1015.4	-	283	
2021-07-15 16:00:00	11.2	북서	322	25.39	26.90	0.21	3.2	0.28	3.5	2.5	동남동	115	26.6	1015.4	-	303	
2021-07-15 16:05:00	8.0	북북서	337	25.31	26.96	0.20	3.2	0.34	3.5	2.5	동남동	109	26.7	1015.3	-	51	
2021-07-15 16:10:00	11.5	북북서	340	25.20	27.08	0.19	3.1	0.29	3.0	3.0	동남동	107	26.6	1015.3	-	242	
2021-07-15 16:15:00	11.3	북북서	339	25.34	27.08	0.19	3.2	0.34	3.0	3.9	동남동	107	26.6	1015.1	-	240	
2021-07-15 16:20:00	10.3	북북서	335	25.31	27.07	0.23	3.3	0.40	3.5	3.9	동남동	105	26.6	1015.0	-	212	
2021-07-15 16:25:00	15.5	북북서	345	25.35	27.06	0.22	3.5	0.30	3.0	4.0	동남동	107	26.6	1015.0	-	275	
2021-07-15 16:30:00	19.9	북북서	344	25.59	26.91	0.20	3.3	0.30	4.0	4.0	동남동	105	26.6	1015.0	-	154	
2021-07-15 16:35:00	17.7	북북서	334	25.60	26.85	0.21	3.4	0.37	3.5	4.1	동남동	103	26.6	1015.0	-	173	
2021-07-15 16:40:00	13.3	북	354	25.43	26.92	0.17	3.2	0.25	2.5	4.1	동	101	26.5	1015.0	-	346	
2021-07-15 16:45:00	17.4	북	357	25.37	27.08	0.20	3.3	0.27	3.5	3.9	동남동	104	26.5	1015.0	-	99	
2021-07-15 16:50:00	18.7	북북서	345	25.44	27.01	0.20	3.4	0.30	3.5	4.0	동남동	103	26.4	1015.0	-	163	
2021-07-15 16:55:00	20.0	북북동	12	25.30	26.99	0.23	3.2	0.33	3.0	3.9	동남동	104	26.3	1015.0	-	310	
2021-07-15 17:00:00	16.4	북	359	25.17	27.09	0.20	3.1	0.28	3.0	4.2	동남동	110	26.3	1015.0	-	47	
2021-07-15 17:05:00	18.7	북북동	19	25.19	27.08	0.19	3.4	0.35	3.0	4.4	동남동	115	26.3	1015.0	-	296	
2021-07-15 17:10:00	16.3	북북동	15	25.23	26.95	0.21	3.3	0.30	3.0	4.4	동남동	114	26.4	1015.1	-	245	
2021-07-15 17:15:00	16.9	북	356	25.32	26.94	0.18	3.2	0.23	4.0	4.2	동남동	112	26.4	1015.1	-	311	
2021-07-15 17:20:00	18.7	북	7	25.30	26.97	0.23	3.3	0.33	3.5	3.8	동남동	112	26.5	1015.1	-	259	
2021-07-15 17:25:00	17.4	북북동	17	25.19	26.82	0.17	4.1	0.25	3.5	3.6	동남동	116	26.5	1015.1	-	244	
2021-07-15 17:30:00	14.8	북북동	13	25.19	26.93	0.19	3.5	0.28	3.5	3.6	동남동	110	26.5	1015.1	-	194	
2021-07-15 17:35:00	18.1	북북동	23	25.13	26.88	0.19	3.4	0.27	3.5	3.5	동남동	108	26.4	1015.1	-	171	
2021-07-15 17:40:00	14.4	북북동	20	25.07	26.94	0.22	3.2	0.33	3.5	3.7	동남동	106	26.4	1015.1	-	74	
2021-07-15 17:45:00	12.7	북북동	27	25.06	26.94	0.21	3.3	0.26	3.0	3.6	동남동	108	26.4	1015.1	-	62	
2021-07-15 17:50:00	13.8	북동	34	25.11	27.01	0.21	3.2	0.30	3.5	3.9	동남동	111	26.5	1015.2	-	51	
2021-07-15 17:55:00	11.4	북북동	13	25.17	26.91	0.20	3.8	0.31	3.5	4.0	동남동	113	26.7	1015.1	-	110	
2021-07-15 18:00:00	15.5	북북동	18	25.20	26.93	0.20	3.3	0.35	3.5	3.8	동남동	115	26.5	1015.1	-	205	
2021-07-15 18:05:00	14.5	북북동	23	25.14	26.87	0.19	3.4	0.25	3.5	3.5	동남동	118	26.3	1015.1	-	93	
2021-07-15 18:10:00	13.6	북북동	17	25.08	26.89	0.18	3.4	0.29	3.0	3.3	동남동	121	26.2	1015.1	-	190	
2021-07-15 18:15:00	-	-	-	-	-	-	-	-	-	-	-	-	-	-	-	-	
2021-07-15 18:20:00	5.8	북	5	25.02	26.98	0.15	2.7	0.31	2.7	2.7	동남동	112	26.1	1015.2	-	202	
2021-07-15 18:25:00	9.0	북북동	13	24.98	26.85	0.21	3.4	0.30	3.0	3.0	동남동	105	26.1	1015.2	-	236	
2021-07-15 18:30:00	-	-	-	-	-	-	-	-	-	-	-	-	-	-	-	-	
2021-07-15 18:35:00	8.9	북	4	25.01	27.01	0.10	2.9	0.21	2.9	3.0	동	95	26.2	1015.1	-	250	
2021-07-15 18:40:00	12.0	북북동	11	24.96	26.85	0.18	3.3	0.30	3.5	3.1	동	101	26.2	1015.1	-	243	
2021-07-15 18:45:00	14.5	북	8	24.96	26.82	0.19	3.4	0.31	3.5	3.1	동남동	105	26.1	1015.2	-	186	
2021-07-15 18:50:00	13.5	북북동	27	24.88	26.80	0.19	3.2	0.25	4.0	3.1	동남동	102	26.1	1015.2	-	74	
2021-07-15 18:55:00	9.6	북북동	30	24.83	26.90	0.19	3.4	0.31	3.5	3.3	동남동	103	26.0	1015.2	-	132	
2021-07-15 19:00:00	11.8	북북동	19	24.85	26.81	0.21	3.3	0.35	3.0	3.0	동남동	108	25.9	1015.3	-	168	
2021-07-15 19:05:00	12.7	북동	34	24.78	26.84	0.19	3.2	0.25	3.0	2.8	동	100	25.8	1015.3	-	166	
2021-07-15 19:10:00	12.7	북북동	29	24.86	26.83	0.18	3.2	0.28	3.5	2.5	동	93	25.8	1015.3	-	63	
2021-07-15 19:15:00	13.8	북북동	29	24.86	26.88	0.21	3.4	0.33	3.5	2.2	동	87	25.8	1015.4	-	246	
2021-07-15 19:20:00	13.5	북동	38	24.76	26.96	0.19	3.4	0.25	3.5	2.1	동	87	25.8	1015.4	-	127	
2021-07-15 19:25:00	12.3	북북동	29	24.83	27.01	0.20	3.5	0.26	3.0	2.3	동	93	25.7	1015.4	-	196	
2021-07-15 19:30:00	12.2	북동	36	24.81	26.88	0.20	3.2	0.33	3.5	2.3	동남동	107	25.7	1015.5	-	180	
2021-07-15 19:35:00	9.6	북북동	25	24.83	26.84	0.19	3.5	0.28	3.5	1.9	동남동	103	25.7	1015.6	-	79	
2021-07-15 19:40:00	9.1	북동	35	24.86	26.80	0.17	3.2	0.31	3.0	1.8	동	96	25.7	1015.6	-	78	
2021-07-15 19:45:00	8.8	북북동	22	24.89	27.17	0.18	3.1	0.32	3.5	1.4	동	97	25.7	1015.6	-	192	
2021-07-15 19:50:00	9.0	북동	55	24.78	27.01	0.18	3.5	0.25	3.5	1.2	동	96	25.6	1015.6	-	118	
2021-07-15 19:55:00	8.9	북동	41	24.90	27.08	0.21	3.3	0.34	3.0	1.4	동	97	25.6	1015.6	-	116	
2021-07-15 20:00:00	9.4	북북동	29	24.89	26.97	0.19	3.3	0.30	3.0	1.6	동남동	102	25.6	1015.6	-	71	
2021-07-15 20:05:00	7.3	동북동	59	24.77	27.05	0.18	3.2	0.27	3.0	1.9	동남동	107	25.6	1015.6	-	65	
2021-07-15 20:10:00	7.9	동북동	60	24.79	27.00	0.16	3.3	0.23	3.5	2.0	동남동	110	25.5	1015.7	-	50	
2021-07-15 20:15:00	9.4	동	81	24.68	26.91	0.20	3.3	0.38	4.0	1.9	동남동	119	25.5	1015.8	-	77	
2021-07-15 20:20:00	5.6	동북동	70	24.70	27.15	0.18	3.4	0.39	3.5	1.5	남동	124	25.5	1015.8	-	109	
2021-07-15 20:25:00	2.8	북동	50	24.90	27.05	0.20	3.4	0.29	3.0	1.7	남동	128	25.5	1015.8	-	149	
2021-07-15 20:30:00	7.2	동	81	24.62	27.02	0.16	3.2	0.28	3.0	2.1	동남동	122	25.5	1015.8	-	170	
2021-07-15 20:35:00	4.8	동	83	24.80	26.96	0.19	3.2	0.29	3.5	2.0	동남동	121	25.5	1015.8	-	96	
2021-07-15 20:40:00	4.7	동북동	64	24.85	26.83	0.20	3.5	0.29	4.0	2.0	동남동	117	25.5	1015.8	-	121	
2021-07-15 20:45:00	7.9	북	8	24.95	26.93	0.20	3.3	0.33	3.0	2.2	동남동	112	25.5	1015.8	-	82	
2021-07-15 20:50:00	4.9	북동	40	24.97	26.87	0.20	3.3	0.33	3.0	2.5	동남동	111	25.5	1015.8	-	64	
2021-07-15 20:55:00	4.7	북북동	32	24.97	26.85	0.18	3.3	0.27	3.0	3.3	동남동	111	25.5	1015.8	-	231	
2021-07-15 21:00:00	5.3	북북동	33	24.90	26.90	0.21	3.3	0.33	3.0	3.5	동남동	112	25.4	1015.8	-	67	
2021-07-15 21:05:00	2.8	북동	49	24.92	26.65	0.20	3.2	0.27	3.0	4.1	동남동	113	25.5	1015.8	-	212	
2021-07-15 21:10:00	4.0	북북동	31	24.93	26.82	0.21	3.2	0.34	3.0	4.3	동남동	116	25.5	1015.7	-	95	
2021-07-15 21:15:00	1.0	북북서	335	24.96	26.78	0.21	3.3	0.29	3.0	4.0	동남동	118	25.5	1015.7	-	22	
2021-07-15 21:20:00	2.5	동북동	72	24.93	26.97	0.18	3.2	0.26	4.0	3.6	동남동	117	25.5	1015.8	-	96	
2021-07-15 21:25:00	1.0	북북동	23	24.82	26.70	0.21	3.2	0.29	4.0	3.6	남동	124	25.4	1015.8	-	59	
2021-07-15 21:30:00	3.3	동북동	75	24.79	26.79	0.20	3.3	0.39	3.0	3.3	남동	128	25.4	1015.9	-	317	
2021-07-15 21:35:00	4.7	동	98	24.66	26.80	0.20	3.1	0.29	3.0	3.7	남동	136	25.4	1015.8	-	92	
2021-07-15 21:40:00	4.5	동남동	107	24.62	26.91	0.19	3.3	0.28	3.0	3.9	남동	138	25.4	1015.8	-	216	
2021-07-15 21:45:00	2.3	동	101	24.81	27.05	0.19	3.4	0.29	5.0	3.8	남동	133	25.4	1015.8	-	105	
2021-07-15 21:50:00	3.3	동남동	121	24.79	26.83	0.19	3.3	0.27	3.0	3.6	남동	136	25.4	1015.9	-	67	
2021-07-15 21:55:00	2.0	서남서	242	24.91	26.88	0.19	3.3	0.30	3.5	3.5	남동	130	25.4	1016.0	-	23	
2021-07-15 22:00:00	8.4	북서	311	24.96	26.88	0.18	3.1	0.27	3.0	3.3	동남동	120	25.4	1015.9	-	328	
2021-07-15 22:05:00	10.5	북서	307	24.99	26.83	0.21	3.4	0.37	3.0	3.0	동남동	114	25.4	1015.9	-	104	
2021-07-15 22:10:00	11.5	북서	311	24.97	26.76	0.18	3.3	0.27	3.5	3.2	동남동	116	25.3	1015.9	-	79	
2021-07-15 22:15:00	10.4	북북서	332	24.95	26.96	0.18	3.3	0.32	3.0	3.3	동남동	113	25.3	1015.8	-	297	
2021-07-15 22:20:00	4.0	북서	307	24.93	26.86	0.21	3.1	0.34	3.5	3.0	동남동	119	25.3	1015.7	-	63	
2021-07-15 22:25:00	1.0	남서	231	24.68	26.83	0.20	3.1	0.29	3.0	3.4	남동	126	25.3	1015.7	-	82	
2021-07-15 22:30:00	2.0	남동	141	24.15	26.94	0.21	3.2	0.29	3.0	3.4	남동	129	25.3	1015.8	-	59	
2021-07-15 22:35:00	4.1	동	95	23.38	27.02	0.22	3.1	0.34	3.0	3.2	남동	130	25.4	1015.9	-	52	
2021-07-15 22:40:00	4.3	동	95	23.52	27.02	0.21	3.3	0.32	3.0	3.5	남동	132	25.3	1015.9	-	104	
2021-07-15 22:45:00	6.9	동	84	24.09	27.01	0.21	3.3	0.31	3.0	3.8	남동	127	25.4	1015.9	-	156	
2021-07-15 22:50:00	8.5	동	99	24.10	27.09	0.20	3.1	0.28	3.0	3.9	남동	127	25.4	1015.9	-	69	
2021-07-15 22:55:00	7.3	동	88	23.79	27.23	0.22	3.3	0.37	3.0	4.0	남동	130	25.4	1015.9	-	158	
2021-07-15 23:00:00	4.1	동	88	24.23	27.06	0.20	3.2	0.35	3.0	4.3	남동	130	25.4	1015.8	-	69	
2021-07-15 23:05:00	3.7	동남동	114	23.82	27.15	0.19	3.2	0.32	3.0	4.3	남동	130	25.4	1015.7	-	228	
2021-07-15 23:10:00	6.7	동	92	23.25	26.78	0.19	3.4	0.25	3.0	4.1	남동	129	25.4	1015.7	-	101	
2021-07-15 23:15:00	4.7	동	82	23.93	26.88	0.18	3.3	0.30	3.0	3.9	남동	135	25.3	1015.8	-	84	
2021-07-15 23:20:00	4.9	동남동	106	24.14	27.08	0.19	3.3	0.37	3.5	4.1	남동	137	25.3	1015.7	-	289	
2021-07-15 23:25:00	6.0	북북동	22	24.44	27.16	0.19	3.2	0.25	3.0	3.9	남동	135	25.3	1015.7	-	85	
2021-07-15 23:30:00	2.8	북북서	327	24.32	27.03	0.21	3.4	0.38	3.0	3.9	남동	136	25.3	1015.7	-	97	
2021-07-15 23:35:00	8.2	북북동	20	24.36	27.00	0.18	3.2	0.27	2.5	3.7	남동	135	25.3	1015.7	-	93	
2021-07-15 23:40:00	8.0	북북동	14	24.37	26.97	0.22	3.1	0.36	3.0	4.0	남동	135	25.3	1015.6	-	57	
2021-07-15 23:45:00	3.2	동	91	24.23	27.04	0.25	3.1	0.41	3.5	4.2	남동	133	25.3	1015.6	-	94	
2021-07-15 23:50:00	2.6	동남동	104	24.30	26.95	0.21	3.2	0.27	3.0	3.9	남동	126	25.2	1015.6	-	70	
2021-07-15 23:55:00	3.6	북	8	24.28	27.04	0.24	3.0	0.32	3.0	4.3	남동	129	25.2	1015.6	-	166	
2021-07-16 00:00:00	8.3	북북서	338	24.35	26.90	0.24	3.3	0.37	3.5	4.0	남동	133	25.3	1015.6	-	32	
2021-07-16 00:05:00	9.3	북북서	333	24.38	26.91	0.24	3.2	0.35	3.0	3.2	남동	131	25.3	1015.6	-	77	
2021-07-16 00:10:00	16.1	북서	307	24.41	26.91	0.25	3.2	0.40	3.0	2.7	남동	133	25.3	1015.6	-	114	
2021-07-16 00:15:00	14.3	북서	316	24.41	27.13	0.26	3.2	0.36	3.0	2.0	남남동	149	25.1	1015.6	-	258	
2021-07-16 00:20:00	5.9	북북서	347	24.35	26.83	0.26	3.0	0.43	3.0	2.0	남남동	152	25.1	1015.6	-	61	
2021-07-16 00:25:00	7.8	북북동	25	24.29	26.97	0.24	3.1	0.35	3.0	1.8	남남동	160	25.1	1015.6	-	13	
2021-07-16 00:30:00	5.9	북동	35	24.19	26.97	0.26	3.2	0.48	3.0	1.7	남남동	155	25.0	1015.6	-	53	
2021-07-16 00:35:00	1.7	남남동	165	23.64	26.96	0.23	3.3	0.32	2.5	2.2	남동	136	25.0	1015.6	-	284	
2021-07-16 00:40:00	5.2	남동	134	22.83	27.26	0.25	3.3	0.37	3.0	3.0	남동	130	25.0	1015.6	-	78	
2021-07-16 00:45:00	4.3	남	182	23.24	26.75	0.22	3.0	0.33	3.0	2.9	남동	127	25.1	1015.6	-	78	
2021-07-16 00:50:00	0.9	남서	219	23.84	26.69	0.21	3.2	0.27	3.0	2.8	남동	130	25.0	1015.5	-	80	
2021-07-16 00:55:00	1.9	북북서	339	23.91	27.01	0.23	3.1	0.33	3.0	2.3	남동	135	25.0	1015.4	-	80	
2021-07-16 01:00:00	2.8	북북동	31	24.04	27.00	0.24	3.1	0.36	3.0	1.7	남동	136	24.9	1015.4	-	12	
2021-07-16 01:05:00	10.9	북	3	24.18	26.78	0.25	3.1	0.42	3.0	1.3	남동	146	24.8	1015.4	-	95	
2021-07-16 01:10:00	10.5	북북동	14	24.16	26.80	0.26	3.3	0.36	3.0	0.9	남동	129	24.8	1015.4	-	107	
2021-07-16 01:15:00	9.1	북	1	24.17	26.83	0.26	3.2	0.49	3.0	0.7	남동	136	24.8	1015.5	-	197	
2021-07-16 01:20:00	8.8	북	353	24.13	26.73	0.26	3.2	0.41	3.0	0.8	남	186	24.7	1015.5	-	312	
2021-07-16 01:25:00	9.3	북북서	345	24.19	26.63	0.26	2.9	0.37	3.0	0.2	남남서	207	24.7	1015.6	-	74	
2021-07-16 01:30:00	3.8	북	0	24.09	26.59	0.26	3.3	0.44	3.0	0.0	동남동	111	24.7	1015.6	-	51	
2021-07-16 01:35:00	2.5	북북서	332	24.01	26.85	0.26	3.2	0.38	3.0	0.4	동남동	110	24.7	1015.6	-	143	
2021-07-16 01:40:00	3.9	북북서	343	24.10	26.67	0.28	3.0	0.39	3.0	0.0	동남동	117	24.8	1015.6	-	76	
2021-07-16 01:45:00	1.1	북서	317	24.09	26.61	0.25	3.2	0.37	3.0	0.0	남남서	195	24.7	1015.6	-	306	
2021-07-16 01:50:00	5.1	북북동	19	24.05	26.51	0.27	3.1	0.42	3.0	0.0	북북서	347	24.8	1015.6	-	197	
2021-07-16 01:55:00	6.2	북동	41	24.07	26.62	0.28	3.1	0.41	3.5	0.0	북서	307	24.8	1015.6	-	64	
2021-07-16 02:00:00	4.7	북북동	21	24.06	26.53	0.27	3.2	0.41	3.0	0.0	동북동	69	24.8	1015.6	-	32	
2021-07-16 02:05:00	0.4	남동	132	24.01	26.69	0.25	3.1	0.35	3.0	0.0	남	191	24.8	1015.5	-	64	
2021-07-16 02:10:00	3.2	북북동	20	23.98	26.59	0.26	3.2	0.50	3.0	0.1	서남서	255	24.7	1015.5	-	87	
2021-07-16 02:15:00	2.8	북북동	24	23.93	26.66	0.26	3.4	0.35	3.0	0.3	서	263	24.8	1015.4	-	359	
2021-07-16 02:20:00	2.2	북서	322	23.98	26.70	0.25	3.0	0.38	3.0	0.0	서남서	249	24.8	1015.4	-	66	
2021-07-16 02:25:00	4.5	북북동	32	23.86	26.75	0.28	3.1	0.41	3.0	0.0	남	187	24.7	1015.4	-	84	
2021-07-16 02:30:00	4.0	북북동	33	23.94	26.72	0.23	3.3	0.35	3.0	0.1	남	184	24.7	1015.4	-	63	
2021-07-16 02:35:00	1.3	남동	126	23.83	26.71	0.26	3.1	0.38	3.0	0.5	남남서	194	24.7	1015.4	-	66	
2021-07-16 02:40:00	3.0	남남서	198	23.65	26.57	0.22	3.2	0.34	3.5	0.8	서남서	240	24.7	1015.4	-	66	
2021-07-16 02:45:00	2.9	남남동	151	23.39	27.11	0.23	3.2	0.40	3.0	0.7	서남서	243	24.8	1015.4	-	55	
2021-07-16 02:50:00	3.4	동남동	123	23.63	26.70	0.20	3.2	0.29	3.0	1.1	서남서	255	24.8	1015.4	-	80	
2021-07-16 02:55:00	5.2	남	191	23.41	26.63	0.22	3.1	0.34	3.0	1.5	서	264	24.6	1015.5	-	54	
2021-07-16 03:00:00	3.4	남서	221	23.41	26.64	0.26	3.1	0.47	3.0	1.1	서	272	24.6	1015.5	-	35	
2021-07-16 03:05:00	2.4	남	170	23.53	26.58	0.22	3.3	0.36	3.0	1.8	서	280	24.5	1015.6	-	75	
2021-07-16 03:10:00	4.6	남남서	213	23.53	26.74	0.25	3.2	0.37	3.0	2.1	서	277	24.4	1015.7	-	63	
2021-07-16 03:15:00	3.7	남	187	23.52	26.76	0.21	3.3	0.33	3.0	1.9	서	269	24.5	1015.7	-	96	
2021-07-16 03:20:00	3.5	남남서	209	23.61	26.81	0.23	3.1	0.32	3.0	2.0	서	274	24.6	1015.7	-	67	
2021-07-16 03:25:00	3.1	남서	235	23.53	26.73	0.24	3.4	0.38	4.0	1.6	서북서	287	24.6	1015.7	-	98	
2021-07-16 03:30:00	4.4	서남서	243	23.53	26.71	0.25	3.2	0.36	3.0	1.3	서북서	284	24.6	1015.8	-	35	
2021-07-16 03:35:00	3.8	서남서	244	23.57	26.79	0.24	3.4	0.43	3.0	1.4	서	281	24.6	1015.9	-	159	
2021-07-16 03:40:00	3.0	남서	224	23.74	26.66	0.22	3.1	0.33	3.5	0.8	서	268	24.6	1015.9	-	56	
2021-07-16 03:45:00	2.0	서북서	282	23.70	26.78	0.25	3.3	0.44	3.0	0.1	서남서	248	24.6	1016.0	-	198	
2021-07-16 03:50:00	2.8	서남서	255	23.64	26.86	0.22	3.1	0.38	3.5	0.3	남동	135	24.5	1016.0	-	306	
2021-07-16 03:55:00	4.2	서남서	237	23.59	26.87	0.21	3.3	0.32	3.5	1.0	남남동	156	24.5	1016.1	-	68	
2021-07-16 04:00:00	4.8	서남서	241	23.61	26.78	0.20	3.1	0.33	3.0	1.2	남남동	147	24.4	1016.2	-	62	
2021-07-16 04:05:00	4.6	남서	234	23.62	26.73	0.20	3.3	0.28	3.5	0.9	남동	129	24.2	1016.2	-	84	
2021-07-16 04:10:00	3.8	남서	218	23.63	26.72	0.23	3.2	0.41	3.0	0.7	남동	131	24.1	1016.3	-	74	
2021-07-16 04:15:00	4.1	서	263	23.65	26.69	0.22	3.1	0.28	3.0	0.8	동남동	120	24.1	1016.3	-	94	
2021-07-16 04:20:00	5.2	서남서	240	23.64	26.80	0.22	3.0	0.32	2.5	0.5	동	100	24.1	1016.3	-	80	
2021-07-16 04:25:00	6.9	서남서	238	23.66	26.80	0.23	3.1	0.36	3.0	0.4	동북동	66	24.0	1016.3	-	18	
2021-07-16 04:30:00	6.8	서	263	23.67	26.65	0.25	2.9	0.44	3.0	0.4	동	97	24.0	1016.2	-	14	
2021-07-16 04:35:00	7.5	서	261	23.68	26.66	0.23	3.0	0.28	3.0	0.4	동	93	23.9	1016.2	-	49	
2021-07-16 04:40:00	7.4	서	262	23.68	26.78	0.23	3.1	0.43	3.0	0.2	동남동	114	23.9	1016.3	-	45	
2021-07-16 04:45:00	6.3	서	264	23.65	26.92	0.21	2.8	0.28	3.0	0.0	동	87	23.8	1016.4	-	55	
2021-07-16 04:50:00	9.2	서	268	23.71	26.72	0.23	3.1	0.33	2.5	0.2	남남동	155	23.8	1016.5	-	77	
2021-07-16 04:55:00	7.9	서	262	23.74	26.79	0.21	3.1	0.28	3.0	0.9	남남동	161	23.8	1016.4	-	54	
2021-07-16 05:00:00	10.3	서남서	254	23.73	26.72	0.21	3.1	0.31	3.0	1.0	남남동	154	23.9	1016.5	-	48	
2021-07-16 05:05:00	8.7	서	267	23.64	26.77	0.23	3.3	0.34	2.5	0.6	남남동	165	23.8	1016.5	-	82	
2021-07-16 05:10:00	7.6	서남서	253	23.77	26.88	0.24	3.1	0.40	3.0	0.7	남	180	23.9	1016.5	-	48	
2021-07-16 05:15:00	9.5	서	264	23.81	26.72	0.19	3.2	0.27	3.5	0.6	남	189	24.1	1016.6	-	273	
2021-07-16 05:20:00	7.8	서	270	23.82	26.86	0.20	3.4	0.28	3.0	0.6	남남서	209	23.9	1016.6	-	263	
2021-07-16 05:25:00	8.0	서	275	23.83	26.83	0.19	3.1	0.28	2.5	0.5	남서	222	24.0	1016.6	-	91	
2021-07-16 05:30:00	8.5	서북서	284	23.84	26.61	0.21	3.0	0.41	3.0	0.9	서남서	243	24.0	1016.7	-	241	
2021-07-16 05:35:00	8.1	서	281	23.84	26.54	0.18	3.1	0.28	2.5	0.9	서	267	24.1	1016.7	-	80	
2021-07-16 05:40:00	10.3	서	280	23.83	26.66	0.22	3.1	0.34	3.0	1.1	북서	306	24.0	1016.8	-	82	
2021-07-16 05:45:00	10.1	서북서	289	23.85	26.56	0.20	3.4	0.29	3.5	1.2	북서	325	24.1	1016.7	-	224	
2021-07-16 05:50:00	10.9	서북서	284	23.89	26.54	0.21	2.9	0.26	3.0	1.4	북서	320	23.9	1016.7	-	56	
2021-07-16 05:55:00	9.3	서북서	285	23.91	26.75	0.21	3.1	0.32	3.0	0.9	북서	326	23.9	1016.7	-	54	
2021-07-16 06:00:00	9.4	서북서	290	23.94	26.73	0.21	3.1	0.32	3.5	1.2	북서	324	24.0	1016.7	-	38	
2021-07-16 06:05:00	10.9	서북서	283	23.95	26.73	0.21	3.2	0.31	3.0	1.0	북서	322	24.2	1016.7	-	69	
2021-07-16 06:10:00	9.5	서	278	23.97	26.62	0.20	3.2	0.27	3.0	1.0	북서	312	24.4	1016.7	-	75	
2021-07-16 06:15:00	12.5	서	281	23.97	26.55	0.22	3.5	0.35	4.5	1.3	북서	316	24.7	1016.7	-	255	
2021-07-16 06:20:00	11.0	서북서	302	23.98	26.97	0.22	3.0	0.33	3.5	1.1	북서	321	24.9	1016.7	-	30	
2021-07-16 06:25:00	9.1	서북서	293	23.88	26.80	0.26	3.2	0.39	3.0	1.4	북서	309	24.9	1016.7	-	61	
2021-07-16 06:30:00	10.5	서	270	23.33	26.72	0.20	3.3	0.29	2.5	1.5	서북서	300	24.8	1016.7	-	47	
2021-07-16 06:35:00	10.3	서	274	23.55	26.50	0.19	3.3	0.25	3.5	1.5	서북서	297	24.8	1016.7	-	15	
2021-07-16 06:40:00	9.1	서북서	295	23.91	26.68	0.23	3.2	0.36	3.5	1.7	서북서	300	24.8	1016.8	-	298	
2021-07-16 06:45:00	11.7	서북서	284	23.99	26.59	0.22	3.6	0.38	3.0	1.4	서북서	300	24.5	1016.8	-	297	
2021-07-16 06:50:00	10.5	서	281	23.98	26.48	0.23	3.3	0.36	3.5	2.2	북서	311	24.4	1016.7	-	269	
2021-07-16 06:55:00	11.8	서	272	23.45	26.49	0.20	3.5	0.35	3.0	1.7	북서	312	24.6	1016.8	-	80	
2021-07-16 07:00:00	10.5	서	278	23.52	26.71	0.19	3.3	0.32	3.0	1.5	서북서	300	24.5	1016.9	-	129	
2021-07-16 07:05:00	11.8	서북서	301	24.01	26.50	0.20	3.3	0.30	3.0	1.1	서북서	303	24.5	1016.9	-	81	
2021-07-16 07:10:00	13.0	서북서	285	24.05	26.48	0.21	3.5	0.29	3.0	0.6	북서	304	24.5	1017.0	-	240	
2021-07-16 07:15:00	12.5	서북서	291	24.02	26.49	0.22	3.3	0.34	3.0	0.1	서북서	302	24.6	1017.0	-	252	
2021-07-16 07:20:00	10.6	서북서	294	24.01	26.59	0.20	3.3	0.27	3.0	0.0	북서	312	24.8	1017.1	-	326	
2021-07-16 07:25:00	9.3	북서	305	24.05	26.52	0.23	3.5	0.36	3.5	0.0	북북서	343	24.9	1017.1	-	283	
2021-07-16 07:30:00	11.1	서북서	290	24.08	26.66	0.20	3.5	0.29	3.0	0.0	북서	326	25.0	1017.0	-	283	
2021-07-16 07:35:00	12.5	서북서	296	24.06	26.54	0.22	3.4	0.29	3.0	0.3	서북서	296	25.0	1017.1	-	315	
2021-07-16 07:40:00	11.7	서북서	297	24.04	26.56	0.18	3.5	0.28	3.5	0.5	북서	308	24.9	1017.1	-	288	
2021-07-16 07:45:00	12.7	서북서	294	24.14	26.52	0.21	3.8	0.35	3.5	0.6	북서	311	24.8	1017.1	-	279	
2021-07-16 07:50:00	13.8	서북서	295	24.13	26.87	0.24	3.4	0.32	3.5	0.7	북서	311	24.8	1017.1	-	312	
2021-07-16 07:55:00	12.7	서북서	302	24.07	26.57	0.19	3.2	0.34	3.0	0.6	북서	308	24.8	1017.2	-	15	
2021-07-16 08:00:00	11.9	북서	313	24.03	26.63	0.26	3.4	0.34	3.5	0.2	북서	308	24.8	1017.2	-	13	
2021-07-16 08:05:00	12.5	북서	310	24.05	26.64	0.20	3.4	0.29	3.0	0.0	북동	36	24.9	1017.2	-	132	
2021-07-16 08:10:00	13.7	북서	310	24.01	26.61	0.21	3.4	0.32	3.0	0.0	북동	45	25.0	1017.2	-	263	
2021-07-16 08:15:00	12.0	북서	314	24.02	26.53	0.20	3.3	0.28	3.5	0.2	동남동	102	25.0	1017.2	-	318	
2021-07-16 08:20:00	12.9	북서	309	23.98	26.49	0.22	3.3	0.30	3.0	0.7	동남동	110	24.9	1017.2	-	264	
2021-07-16 08:25:00	12.4	북서	311	23.99	26.47	0.21	3.3	0.30	3.0	1.5	동남동	120	24.8	1017.2	-	359	
2021-07-16 08:30:00	13.6	북서	315	24.00	26.62	0.20	3.1	0.30	3.0	1.1	동남동	121	24.7	1017.2	-	258	
2021-07-16 08:35:00	15.1	북서	311	23.99	26.80	0.20	3.4	0.30	3.0	0.8	동남동	123	24.8	1017.2	-	42	
2021-07-16 08:40:00	14.7	북서	312	24.01	26.34	0.24	3.3	0.33	3.0	0.8	남동	136	24.9	1017.3	-	329	
2021-07-16 08:45:00	15.1	북서	312	24.03	26.53	0.22	3.6	0.36	3.0	0.8	남남동	155	25.1	1017.2	-	268	
2021-07-16 08:50:00	13.0	북서	311	24.08	26.40	0.26	3.2	0.43	3.0	0.9	남	180	25.3	1017.2	-	32	
2021-07-16 08:55:00	15.8	북서	321	24.10	26.55	0.18	3.1	0.27	3.0	1.3	남	189	25.3	1017.2	-	11	
2021-07-16 09:00:00	16.3	북서	306	24.12	26.43	0.20	3.2	0.39	3.5	1.4	남남서	207	25.3	1017.1	-	285	
2021-07-16 09:05:00	21.9	서북서	298	24.06	26.40	0.19	3.2	0.23	3.5	1.5	서남서	246	25.2	1017.1	-	273	
2021-07-16 09:10:00	20.3	북서	306	24.04	26.42	0.16	3.4	0.21	3.0	0.9	서	263	25.1	1017.1	-	150	
2021-07-16 09:15:00	18.2	북서	309	24.13	26.49	0.17	3.5	0.30	3.0	0.9	서	280	25.2	1017.1	-	96	
2021-07-16 09:20:00	12.9	북서	322	24.16	26.44	0.17	3.4	0.25	3.0	0.8	서북서	284	25.3	1017.1	-	23	
2021-07-16 09:25:00	14.1	서북서	301	24.14	26.37	0.20	3.9	0.31	3.0	0.7	북서	307	25.5	1017.0	-	307	
2021-07-16 09:30:00	12.0	북서	317	24.13	26.33	0.18	3.7	0.30	3.5	1.0	북북서	334	25.8	1017.0	-	129	
2021-07-16 09:35:00	11.4	북서	317	24.08	26.50	0.20	3.7	0.36	3.5	1.0	북	351	26.0	1017.1	-	218	
2021-07-16 09:40:00	11.7	북북서	330	24.07	26.39	0.20	3.4	0.32	3.0	1.0	북	9	26.0	1017.2	-	219	
2021-07-16 09:45:00	12.9	북서	321	24.08	26.42	0.23	3.3	0.34	3.0	1.1	북북동	17	26.0	1017.2	-	80	
2021-07-16 09:50:00	11.3	북북서	329	23.99	26.56	0.20	3.8	0.33	3.0	1.3	북북동	16	26.0	1017.2	-	302	
2021-07-16 09:55:00	10.4	북북서	339	24.07	26.56	0.20	3.9	0.28	3.5	1.3	북북동	15	26.1	1017.1	-	230	
2021-07-16 10:00:00	12.4	북서	317	24.05	26.51	0.20	3.2	0.30	4.0	1.6	북북동	28	26.1	1017.1	-	163	
2021-07-16 10:05:00	9.1	북서	318	24.05	26.54	0.21	3.8	0.30	3.0	1.5	북북동	28	26.1	1017.0	-	336	
2021-07-16 10:10:00	10.2	북서	316	24.04	26.56	0.21	3.9	0.32	3.0	1.3	북북동	20	26.4	1017.0	-	57	
2021-07-16 10:15:00	8.2	북	355	24.04	26.51	0.23	3.8	0.32	3.5	1.2	북북동	20	26.4	1017.0	-	229	
2021-07-16 10:20:00	6.4	북북서	346	24.03	26.54	0.23	3.4	0.29	3.0	1.2	북	2	26.4	1017.0	-	193	
2021-07-16 10:25:00	6.0	북서	314	24.02	26.57	0.21	3.7	0.32	3.5	1.6	북북서	338	26.6	1017.0	-	46	
2021-07-16 10:30:00	4.3	북	351	24.02	26.62	0.22	3.6	0.31	3.5	1.8	북북서	338	26.5	1017.0	-	198	
2021-07-16 10:35:00	4.6	북북서	330	24.02	26.74	0.25	3.7	0.37	4.5	1.9	북북서	338	26.1	1017.0	-	6	
2021-07-16 10:40:00	4.2	북북서	347	24.03	26.46	0.00	0.0	0.00	0.0	1.7	북	352	26.0	1017.0	-	126	
2021-07-16 10:45:00	5.1	북북서	346	23.98	26.49	0.26	3.3	0.36	3.0	1.6	북	353	26.0	1016.9	-	177	
2021-07-16 10:50:00	4.3	북북서	337	24.02	26.47	0.22	3.6	0.35	3.5	1.6	북	1	26.2	1016.9	-	248	
2021-07-16 10:55:00	4.7	서북서	293	24.04	26.48	0.23	3.5	0.30	3.5	1.9	북	5	26.3	1016.8	-	196	
2021-07-16 11:00:00	5.9	서	272	24.08	26.30	0.18	3.6	0.24	4.5	1.7	북	0	26.0	1016.8	-	225	
2021-07-16 11:05:00	10.3	서	267	24.10	26.30	0.23	3.4	0.34	3.5	1.9	북	355	26.1	1016.8	-	9	
2021-07-16 11:10:00	7.0	서	266	24.12	26.35	0.30	3.2	0.53	2.5	1.7	북	356	26.3	1016.8	-	243	
2021-07-16 11:15:00	4.1	서남서	252	24.06	26.41	0.23	3.3	0.41	3.0	1.6	북	6	26.1	1016.8	-	339	
2021-07-16 11:20:00	6.6	서	261	24.08	26.47	0.23	3.8	0.38	4.0	2.0	북	3	26.1	1016.7	-	272	
2021-07-16 11:25:00	4.0	서남서	242	24.05	26.43	0.19	3.9	0.27	2.5	2.3	북북동	13	26.1	1016.6	-	288	
2021-07-16 11:30:00	3.4	서	272	24.06	26.38	0.18	4.3	0.24	3.5	2.4	북북동	21	26.1	1016.5	-	244	
2021-07-16 11:35:00	5.1	북	8	23.75	26.41	0.22	4.2	0.29	5.0	2.2	북북동	25	26.1	1016.5	-	241	
2021-07-16 11:40:00	4.9	서	271	24.07	26.37	0.20	3.9	0.26	4.0	2.2	북북동	31	26.2	1016.5	-	48	
2021-07-16 11:45:00	0.2	남서	232	23.99	26.44	0.26	3.8	0.32	4.5	2.0	북동	42	26.2	1016.5	-	233	
2021-07-16 11:50:00	1.4	북서	309	24.21	26.33	0.22	3.4	0.37	3.5	1.7	북동	40	26.2	1016.5	-	114	
2021-07-16 11:55:00	1.9	서북서	303	24.19	26.33	0.23	3.5	0.31	3.5	1.6	북동	42	26.2	1016.5	-	273	
2021-07-16 12:00:00	3.2	북서	305	24.20	26.35	0.24	3.8	0.29	3.5	1.8	동북동	63	26.3	1016.4	-	45	
2021-07-16 12:05:00	2.6	서북서	301	24.37	26.29	0.25	4.0	0.41	3.5	2.2	동	82	26.4	1016.3	-	49	
2021-07-16 12:10:00	3.0	북북서	343	24.08	26.39	0.24	3.3	0.35	4.0	2.1	동	86	26.6	1016.2	-	249	
2021-07-16 12:15:00	5.4	북	3	24.05	26.48	0.27	3.6	0.41	3.5	2.7	동	97	26.7	1016.2	-	290	
2021-07-16 12:20:00	5.2	북북서	327	24.06	26.39	0.26	3.5	0.37	4.0	2.7	동남동	102	26.7	1016.2	-	284	
2021-07-16 12:25:00	5.0	북	6	23.92	26.38	0.29	3.3	0.47	3.5	2.7	동남동	107	26.7	1016.2	-	138	
2021-07-16 12:30:00	7.4	서북서	303	24.15	26.30	0.27	4.0	0.35	3.5	2.8	동남동	114	26.7	1016.1	-	294	
2021-07-16 12:35:00	7.3	서	276	24.26	26.38	0.28	3.5	0.40	3.0	3.1	동남동	116	26.7	1016.1	-	94	
2021-07-16 12:40:00	1.6	서북서	293	24.71	26.26	0.28	4.1	0.46	3.0	3.1	동남동	117	26.6	1016.1	-	264	
2021-07-16 12:45:00	6.9	서	260	24.85	26.23	0.27	3.2	0.44	3.5	2.9	동남동	114	26.6	1016.0	-	310	
2021-07-16 12:50:00	5.4	서	279	24.39	26.23	0.28	3.4	0.57	3.0	2.5	동남동	111	26.6	1016.0	-	242	
2021-07-16 12:55:00	3.8	서북서	292	24.36	26.43	0.29	3.5	0.40	3.0	2.9	동남동	103	26.6	1016.0	-	235	
2021-07-16 13:00:00	5.7	서북서	291	24.24	26.29	0.29	3.6	0.41	3.5	3.1	동남동	105	26.6	1015.9	-	231	
2021-07-16 13:05:00	6.1	북서	314	24.22	26.46	0.25	3.4	0.35	3.0	2.9	동남동	107	26.6	1015.9	-	271	
2021-07-16 13:10:00	2.8	북북서	335	24.25	26.23	0.25	3.6	0.36	3.0	3.4	동남동	111	26.6	1015.8	-	52	
2021-07-16 13:15:00	5.8	서북서	284	24.47	26.32	0.28	3.5	0.48	4.0	3.1	동남동	112	26.6	1015.7	-	96	
2021-07-16 13:20:00	10.9	서북서	291	24.45	26.26	0.27	3.8	0.38	4.0	3.2	동남동	110	26.6	1015.7	-	35	
2021-07-16 13:25:00	9.4	서북서	283	25.15	26.20	0.28	3.3	0.41	3.0	3.5	동남동	114	26.6	1015.6	-	263	
2021-07-16 13:30:00	10.7	서	276	24.60	26.18	0.24	3.3	0.41	3.5	3.7	동남동	114	26.6	1015.6	-	111	
2021-07-16 13:35:00	10.2	서북서	282	24.58	26.40	0.24	3.5	0.33	4.0	3.5	동남동	116	26.6	1015.5	-	285	
2021-07-16 13:40:00	10.8	서	281	24.61	26.28	0.26	3.2	0.37	3.5	3.7	동남동	118	26.6	1015.4	-	224	
2021-07-16 13:45:00	8.2	서북서	284	24.73	26.21	0.27	3.7	0.43	4.0	3.7	동남동	115	26.6	1015.4	-	278	
2021-07-16 13:50:00	12.1	서북서	290	24.66	26.17	0.27	3.6	0.42	4.0	3.9	동남동	117	26.5	1015.3	-	288	
2021-07-16 13:55:00	9.0	서북서	300	24.61	26.13	0.27	3.2	0.43	3.0	4.2	동남동	114	26.5	1015.3	-	96	
2021-07-16 14:00:00	10.0	서북서	297	24.88	26.14	0.26	4.0	0.38	3.5	4.6	동남동	122	26.5	1015.4	-	63	
2021-07-16 14:05:00	13.5	서북서	294	24.75	26.16	0.29	3.9	0.59	3.5	4.5	동남동	121	26.5	1015.4	-	335	
2021-07-16 14:10:00	10.3	서북서	303	25.04	26.25	0.29	3.9	0.44	3.0	5.2	동남동	122	26.5	1015.4	-	330	
2021-07-16 14:15:00	11.6	북서	304	25.18	26.22	0.30	3.8	0.40	3.5	5.5	동남동	117	26.5	1015.4	-	46	
2021-07-16 14:20:00	17.8	서북서	295	25.86	26.12	0.33	3.9	0.48	6.0	5.1	동남동	116	26.5	1015.3	-	313	
2021-07-16 14:25:00	21.1	서북서	288	26.04	25.98	0.36	3.8	0.54	3.0	5.0	동남동	120	26.5	1015.3	-	277	
2021-07-16 14:30:00	16.2	서북서	287	25.70	25.94	0.32	3.4	0.42	3.5	5.1	동남동	115	26.5	1015.2	-	107	
2021-07-16 14:35:00	11.9	서북서	289	25.64	25.96	0.32	3.5	0.50	3.0	5.1	동남동	111	26.5	1015.1	-	97	
2021-07-16 14:40:00	16.7	서북서	292	25.74	25.95	0.32	3.3	0.55	3.5	5.0	동남동	109	26.4	1015.1	-	280	
2021-07-16 14:45:00	14.0	서북서	292	25.95	25.86	0.32	3.4	0.49	2.5	5.1	동남동	113	26.4	1015.1	-	92	
2021-07-16 14:50:00	12.9	서북서	286	25.63	25.98	0.31	3.1	0.46	4.0	5.4	동남동	118	26.4	1015.1	-	103	
2021-07-16 14:55:00	17.5	서북서	292	25.81	26.02	0.35	3.9	0.52	3.0	5.4	동남동	119	26.4	1015.0	-	263	
2021-07-16 15:00:00	13.7	서북서	290	25.75	26.01	0.30	3.3	0.46	3.5	5.2	동남동	120	26.4	1015.1	-	96	
2021-07-16 15:05:00	11.5	서북서	288	25.46	25.97	0.31	3.2	0.45	3.5	5.0	동남동	121	26.4	1015.1	-	99	
2021-07-16 15:10:00	19.5	서북서	289	25.62	25.93	0.32	3.7	0.49	4.0	4.7	동남동	121	26.4	1015.1	-	31	
2021-07-16 15:15:00	20.5	서북서	298	25.54	25.87	0.35	4.1	0.48	5.0	4.7	남동	125	26.4	1015.1	-	27	
2021-07-16 15:20:00	21.5	서북서	298	25.70	25.86	0.37	3.5	0.48	2.5	5.1	남동	128	26.4	1015.1	-	160	
2021-07-16 15:25:00	24.6	서북서	303	25.62	25.95	0.32	3.6	0.45	3.0	5.4	남동	126	26.4	1015.1	-	277	
2021-07-16 15:30:00	24.4	서북서	302	25.70	25.92	0.33	3.3	0.49	3.5	5.5	남동	125	26.4	1015.1	-	277	
2021-07-16 15:35:00	19.6	북서	311	25.64	25.95	0.41	3.6	0.66	3.0	5.5	동남동	122	26.4	1015.0	-	106	
2021-07-16 15:40:00	23.2	북서	308	25.67	25.94	0.39	3.6	0.60	3.0	6.0	남동	124	26.4	1015.0	-	304	
2021-07-16 15:45:00	21.3	북서	309	25.54	26.09	0.37	3.9	0.49	5.0	6.1	남동	124	26.4	1015.0	-	285	
2021-07-16 15:50:00	20.3	북서	317	25.52	26.00	0.40	3.6	0.50	3.0	6.4	남동	125	26.4	1015.0	-	23	
2021-07-16 15:55:00	19.8	북서	320	25.41	25.89	0.36	3.0	0.56	3.0	6.4	남동	126	26.4	1015.0	-	77	
2021-07-16 16:00:00	20.9	북서	320	25.50	25.96	0.38	3.5	0.52	4.5	6.4	남동	126	26.3	1014.9	-	107	
2021-07-16 16:05:00	21.3	북서	315	25.44	26.09	0.40	3.6	0.55	3.0	6.4	남동	127	26.4	1014.9	-	97	
2021-07-16 16:10:00	20.8	북서	315	25.37	26.16	0.38	2.9	0.60	3.0	6.1	남동	128	26.4	1014.8	-	119	
2021-07-16 16:15:00	20.5	북서	316	25.31	26.09	0.38	3.0	0.51	2.5	6.3	남동	125	26.3	1014.9	-	109	
2021-07-16 16:20:00	18.3	북서	325	25.34	25.99	0.39	3.1	0.62	3.0	5.9	남동	128	26.3	1014.9	-	120	
2021-07-16 16:25:00	18.1	북서	318	25.34	26.03	0.40	3.2	0.58	3.0	6.3	남동	131	26.3	1014.9	-	102	
2021-07-16 16:30:00	22.6	북북서	328	25.30	26.00	0.42	3.4	0.59	4.5	6.1	남동	126	26.3	1014.9	-	77	
2021-07-16 16:35:00	24.2	북서	324	25.32	26.05	0.43	3.1	0.63	3.0	6.0	남동	124	26.2	1014.8	-	89	
2021-07-16 16:40:00	22.0	북북서	330	25.23	26.24	0.40	3.2	0.55	4.5	5.8	남동	124	26.2	1014.8	-	101	
2021-07-16 16:45:00	21.4	북북서	332	25.27	26.14	0.45	3.4	0.67	3.5	6.0	남동	126	26.2	1014.8	-	75	
2021-07-16 16:50:00	24.7	북북서	328	25.23	26.04	0.41	2.9	0.58	2.5	6.2	남동	127	26.2	1014.7	-	117	
2021-07-16 16:55:00	27.4	북북서	327	25.32	25.98	0.38	3.7	0.71	3.0	6.2	남동	126	26.2	1014.8	-	109	
2021-07-16 17:00:00	25.6	북북서	332	25.27	26.01	0.40	3.4	0.62	4.5	6.3	남동	125	26.2	1014.7	-	107	
2021-07-16 17:05:00	24.4	북북서	330	25.22	25.94	0.40	2.9	0.58	3.0	6.3	남동	128	26.1	1014.8	-	142	
2021-07-16 17:10:00	28.8	북북서	328	25.22	26.09	0.45	3.8	0.59	2.5	6.6	남동	131	26.2	1014.8	-	72	
2021-07-16 17:15:00	24.4	북북서	330	25.23	26.06	0.37	3.1	0.59	3.5	6.7	남동	129	26.2	1014.8	-	104	
2021-07-16 17:20:00	24.2	북북서	335	25.22	26.06	0.38	3.2	0.58	3.5	6.8	남동	131	26.3	1014.7	-	126	
2021-07-16 17:25:00	19.4	북북서	333	25.15	25.90	0.45	3.3	0.64	3.0	6.4	남동	133	26.2	1014.7	-	92	
2021-07-16 17:30:00	28.6	북북서	335	25.23	25.98	0.44	2.8	0.63	2.5	6.3	남동	132	26.2	1014.7	-	111	
2021-07-16 17:35:00	24.2	북북서	333	25.28	26.00	0.41	3.1	0.54	2.5	6.2	남동	135	26.0	1014.8	-	126	
2021-07-16 17:40:00	25.7	북북서	338	25.25	25.85	0.46	3.1	0.62	2.5	6.3	남동	131	26.0	1014.8	-	109	
2021-07-16 17:45:00	23.7	북북서	336	25.21	25.87	0.42	2.8	0.84	3.5	6.5	남동	129	26.1	1014.8	-	115	
2021-07-16 17:50:00	21.2	북북서	343	25.13	25.87	0.45	3.2	0.74	3.0	6.1	남동	132	26.1	1014.9	-	105	
2021-07-16 17:55:00	26.7	북북서	334	25.05	26.02	0.44	3.4	0.65	3.0	6.5	남동	129	25.9	1014.9	-	83	
2021-07-16 18:00:00	27.9	북북서	335	24.99	25.91	0.40	3.6	0.59	5.0	6.3	남동	132	25.9	1014.9	-	115	
2021-07-16 18:05:00	29.4	북북서	334	25.07	26.00	0.41	3.6	0.64	4.5	5.8	남동	132	26.0	1015.1	-	101	
2021-07-16 18:10:00	29.3	북북서	338	25.14	25.95	0.40	3.3	0.49	3.0	5.8	남동	132	26.0	1015.0	-	96	
2021-07-16 18:15:00	29.9	북북서	337	25.09	25.95	0.39	3.3	0.64	3.5	6.0	남동	131	25.9	1015.0	-	152	
2021-07-16 18:20:00	29.8	북북서	334	25.00	26.13	0.43	3.1	0.67	2.5	5.9	남동	131	25.9	1015.0	-	106	
2021-07-16 18:25:00	32.5	북북서	331	25.08	26.09	0.42	3.1	0.62	2.5	6.1	남동	131	25.9	1014.9	-	117	
2021-07-16 18:30:00	30.2	북북서	332	25.12	26.02	0.43	3.3	0.63	3.5	6.1	남동	134	25.9	1014.9	-	150	
2021-07-16 18:35:00	32.9	북북서	339	25.07	25.92	0.42	3.2	0.67	3.0	6.0	남동	134	25.8	1014.8	-	144	
2021-07-16 18:40:00	33.4	북북서	337	25.09	26.07	0.41	3.1	0.68	3.0	5.9	남동	132	25.8	1014.7	-	106	
2021-07-16 18:45:00	33.6	북북서	335	25.14	25.96	0.38	3.2	0.57	3.0	6.3	남동	133	25.9	1014.8	-	130	
2021-07-16 18:50:00	37.1	북서	326	25.12	26.06	0.42	3.3	0.56	3.0	5.9	남동	133	25.9	1014.8	-	98	
2021-07-16 18:55:00	28.3	북북서	334	25.03	25.90	0.35	3.3	0.54	2.5	5.9	남동	132	25.9	1014.8	-	277	
2021-07-16 19:00:00	34.2	북서	323	24.99	25.97	0.36	3.2	0.52	3.5	5.7	남동	131	25.8	1014.8	-	121	
2021-07-16 19:05:00	26.4	북북서	328	24.95	25.85	0.39	3.4	0.56	3.0	5.8	남동	131	25.6	1014.9	-	264	
2021-07-16 19:10:00	25.4	북서	318	24.94	26.05	0.40	3.7	0.54	3.0	5.6	남동	140	25.6	1014.9	-	301	
2021-07-16 19:15:00	31.8	북서	323	25.03	25.94	0.32	3.5	0.50	4.0	5.3	남동	144	25.6	1015.0	-	42	
2021-07-16 19:20:00	31.1	북북서	331	25.04	25.95	0.35	3.3	0.51	4.0	5.1	남동	141	25.7	1015.0	-	99	
2021-07-16 19:25:00	30.3	북북서	332	25.05	25.98	0.39	3.3	0.75	3.0	5.0	남동	139	25.7	1015.1	-	85	
2021-07-16 19:30:00	32.4	북북서	333	25.11	25.92	0.35	3.3	0.49	5.5	4.7	남동	136	25.6	1015.2	-	96	
2021-07-16 19:35:00	31.6	북북서	335	25.17	25.94	0.36	3.7	0.63	3.5	5.1	남동	139	25.6	1015.2	-	122	
2021-07-16 19:40:00	28.0	북북서	339	25.08	25.94	0.36	3.4	0.52	3.0	5.5	남동	137	25.5	1015.2	-	63	
2021-07-16 19:45:00	24.6	북북서	341	25.00	25.88	0.34	3.6	0.50	5.0	5.5	남동	135	25.4	1015.2	-	78	
2021-07-16 19:50:00	23.7	북북서	340	24.93	25.99	0.35	3.6	0.47	4.0	5.0	남동	136	25.4	1015.2	-	94	
2021-07-16 19:55:00	22.8	북	349	24.88	25.96	0.36	3.5	0.58	3.0	5.2	남동	131	25.4	1015.2	-	266	
2021-07-16 20:00:00	22.1	북	355	24.77	25.92	0.38	3.7	0.53	3.5	5.4	남동	129	25.4	1015.1	-	225	
2021-07-16 20:05:00	23.0	북	352	24.76	26.10	0.33	3.9	0.51	4.0	5.5	남동	133	25.4	1015.0	-	241	
2021-07-16 20:10:00	21.6	북	352	24.62	26.12	0.37	3.5	0.44	3.5	5.5	남동	130	25.4	1015.0	-	102	
2021-07-16 20:15:00	19.3	북	349	24.48	26.02	0.36	3.2	0.64	3.5	5.4	남동	132	25.4	1015.1	-	107	
2021-07-16 20:20:00	20.9	북	354	24.51	26.05	0.30	3.4	0.41	3.5	5.5	남동	134	25.3	1015.1	-	221	
2021-07-16 20:25:00	22.6	북	353	24.54	26.00	0.36	3.6	0.73	3.0	5.5	남동	137	25.3	1015.1	-	273	
2021-07-16 20:30:00	23.4	북북서	342	24.51	26.01	0.30	3.5	0.40	3.0	5.0	남동	137	25.3	1015.2	-	250	
2021-07-16 20:35:00	22.8	북	349	24.47	25.97	0.31	3.7	0.50	4.0	4.3	남동	140	25.2	1015.3	-	183	
2021-07-16 20:40:00	20.4	북북서	347	24.41	26.01	0.32	3.9	0.41	4.5	4.0	남동	142	25.1	1015.3	-	247	
2021-07-16 20:45:00	21.3	북북서	347	24.38	26.02	0.37	3.9	0.58	3.5	4.2	남동	145	25.1	1015.3	-	232	
2021-07-16 20:50:00	19.4	북북서	341	24.43	25.98	0.36	3.9	0.61	3.5	4.4	남동	141	25.1	1015.2	-	257	
2021-07-16 20:55:00	17.9	북북서	341	24.51	25.90	0.29	3.8	0.35	5.0	3.8	남동	141	25.1	1015.2	-	280	
2021-07-16 21:00:00	22.6	북	354	24.54	25.88	0.36	3.6	0.53	3.0	3.3	남남동	148	25.0	1015.3	-	205	
2021-07-16 21:05:00	18.6	북북서	348	24.51	25.78	0.35	3.7	0.53	4.0	2.7	남남동	154	25.0	1015.4	-	178	
2021-07-16 21:10:00	22.0	북북서	348	24.50	25.82	0.39	3.9	0.54	4.0	2.2	남남동	164	24.9	1015.5	-	262	
2021-07-16 21:15:00	19.8	북북서	347	24.45	25.98	0.34	3.8	0.54	3.5	2.1	남남동	153	24.9	1015.6	-	293	
2021-07-16 21:20:00	18.6	북	351	24.34	26.02	0.33	3.8	0.48	3.0	2.1	남동	130	24.9	1015.5	-	295	
2021-07-16 21:25:00	19.7	북	349	24.32	25.97	0.34	3.9	0.48	3.5	2.4	동남동	123	24.9	1015.5	-	182	
2021-07-16 21:30:00	19.2	북	354	24.27	26.04	0.39	3.8	0.61	4.5	2.9	동남동	121	24.9	1015.5	-	301	
2021-07-16 21:35:00	18.7	북	349	24.21	25.98	0.39	3.8	0.56	3.5	2.8	동남동	121	24.9	1015.5	-	248	
2021-07-16 21:40:00	18.6	북	356	24.16	25.89	0.38	3.9	0.53	4.0	2.9	동남동	122	24.8	1015.5	-	266	
2021-07-16 21:45:00	16.4	북	353	24.14	25.93	0.34	3.5	0.58	4.0	3.6	동남동	119	24.8	1015.5	-	26	
2021-07-16 21:50:00	18.3	북	356	24.12	25.90	0.36	3.8	0.57	4.0	4.3	동남동	122	24.9	1015.5	-	157	
2021-07-16 21:55:00	17.7	북	352	24.15	25.96	0.38	3.7	0.52	4.0	3.8	남동	124	24.9	1015.6	-	261	
2021-07-16 22:00:00	15.0	북북서	348	24.13	25.93	0.39	4.1	0.55	4.5	3.0	남동	124	24.9	1015.6	-	286	
2021-07-16 22:05:00	18.7	북	355	24.13	26.00	0.38	3.7	0.56	4.5	2.0	남동	125	24.9	1015.6	-	232	
2021-07-16 22:10:00	16.0	북	352	24.09	25.97	0.38	3.8	0.60	3.5	1.5	남동	139	24.9	1015.6	-	262	
2021-07-16 22:15:00	17.0	북	355	24.08	25.93	0.42	3.6	0.57	4.0	1.8	남남동	148	24.8	1015.7	-	257	
2021-07-16 22:20:00	16.0	북	357	24.08	25.85	0.34	3.8	0.52	4.0	1.3	남남동	165	24.7	1015.7	-	268	
2021-07-16 22:25:00	16.0	북	349	24.06	26.00	0.36	3.6	0.49	4.0	1.5	남남동	158	24.7	1015.7	-	256	
2021-07-16 22:30:00	15.9	북	358	24.03	25.93	0.39	3.6	0.51	4.0	1.6	남	174	24.7	1015.7	-	264	
2021-07-16 22:35:00	14.9	북	356	24.04	26.09	0.32	3.8	0.47	4.0	1.5	남	173	24.7	1015.7	-	137	
2021-07-16 22:40:00	14.9	북북서	347	24.03	25.92	0.38	3.8	0.50	3.5	1.6	남남동	160	24.7	1015.7	-	227	
2021-07-16 22:45:00	13.8	북	350	24.00	25.83	0.36	3.8	0.57	3.5	2.2	남동	146	24.6	1015.7	-	245	
2021-07-16 22:50:00	12.8	북	358	23.95	25.82	0.44	3.8	0.60	4.0	1.7	남	173	24.5	1015.7	-	273	
2021-07-16 22:55:00	12.6	북	358	23.90	25.70	0.33	3.7	0.44	4.0	1.4	남서	233	24.5	1015.8	-	186	
2021-07-16 23:00:00	11.5	북	360	23.86	25.82	0.38	3.6	0.53	3.0	1.1	서	275	24.4	1015.8	-	260	
2021-07-16 23:05:00	11.5	북	353	23.82	25.80	0.39	3.7	0.72	3.5	0.6	서	273	24.4	1015.7	-	261	
2021-07-16 23:10:00	11.6	북	357	23.81	25.84	0.36	3.6	0.51	4.0	1.6	서	264	24.3	1015.7	-	265	
2021-07-16 23:15:00	10.5	북	353	23.79	25.79	0.42	3.9	0.57	3.5	2.0	서	270	23.9	1015.6	-	263	
2021-07-16 23:20:00	10.2	북	354	23.78	25.84	0.37	3.7	0.60	4.0	1.2	서	272	23.9	1015.7	-	265	
2021-07-16 23:25:00	11.1	북	3	23.78	25.87	0.32	3.8	0.53	3.5	0.9	서	273	24.0	1015.7	-	267	
2021-07-16 23:30:00	10.4	북북서	345	23.75	25.88	0.29	3.6	0.48	3.5	0.6	서	260	24.0	1015.7	-	311	
2021-07-16 23:35:00	9.6	북	1	23.70	25.80	0.37	3.8	0.56	3.5	0.5	남서	226	24.0	1015.8	-	249	
2021-07-16 23:40:00	11.3	북북서	343	23.71	25.62	0.32	3.7	0.38	3.5	0.7	남남서	201	24.0	1015.8	-	259	
2021-07-16 23:45:00	10.5	북북서	349	23.69	25.71	0.35	3.8	0.56	3.5	1.2	남남서	206	24.1	1015.7	-	248	
2021-07-16 23:50:00	11.4	북	350	23.69	25.71	0.35	3.7	0.50	4.0	1.4	남남서	212	24.0	1015.7	-	266	
2021-07-16 23:55:00	11.7	북북서	344	23.68	25.75	0.36	3.8	0.58	4.0	1.6	남서	228	24.0	1015.7	-	253	
2021-07-17 00:00:00	12.9	북북서	335	23.67	25.79	0.32	3.7	0.44	4.0	1.5	남서	232	23.9	1015.7	-	227	
2021-07-17 00:05:00	11.9	북북서	343	23.68	25.79	0.32	3.8	0.42	3.5	1.3	서남서	244	23.9	1015.7	-	350	
2021-07-17 00:10:00	12.5	북북서	343	23.70	25.66	0.33	3.7	0.53	4.0	0.5	남남서	208	23.8	1015.7	-	273	
2021-07-17 00:15:00	11.6	북북서	340	23.72	25.68	0.32	3.5	0.48	4.5	0.8	남서	225	23.7	1015.5	-	220	
2021-07-17 00:20:00	12.6	북북서	337	23.72	25.73	0.34	3.8	0.49	3.5	0.8	남서	225	23.8	1015.4	-	313	
2021-07-17 00:25:00	14.3	북북서	346	23.61	25.72	0.35	3.5	0.54	3.0	0.9	남서	233	23.7	1015.4	-	107	
2021-07-17 00:30:00	17.6	북북서	337	23.45	25.52	0.32	3.6	0.52	4.0	0.8	남서	221	23.8	1015.4	-	260	
2021-07-17 00:35:00	15.8	북북서	345	23.46	25.70	0.33	3.5	0.44	3.5	0.8	남서	226	23.9	1015.3	-	290	
2021-07-17 00:40:00	14.1	북	2	23.46	25.59	0.33	3.7	0.48	3.5	1.2	서남서	250	24.0	1015.3	-	253	
2021-07-17 00:45:00	13.6	북북서	344	23.42	25.66	0.28	3.5	0.50	3.0	1.9	서남서	254	24.0	1015.3	-	69	
2021-07-17 00:50:00	12.7	북북서	340	23.48	25.73	0.35	3.9	0.46	3.0	1.8	서남서	248	24.0	1015.2	-	265	
2021-07-17 00:55:00	11.7	북북서	339	23.53	25.77	0.28	3.6	0.47	3.0	1.2	서남서	240	23.9	1015.2	-	273	
2021-07-17 01:00:00	10.3	북북서	334	23.35	26.09	0.31	3.7	0.57	4.0	1.1	서남서	242	23.9	1015.2	-	348	
2021-07-17 01:05:00	13.1	북북서	340	23.32	25.84	0.31	3.7	0.44	4.0	1.2	서남서	252	23.9	1015.2	-	243	
2021-07-17 01:10:00	10.5	북북서	341	23.41	25.96	0.27	3.6	0.45	3.5	1.9	서남서	245	23.8	1015.2	-	254	
2021-07-17 01:15:00	11.6	북북서	335	23.40	25.73	0.31	3.9	0.48	3.5	1.9	서남서	240	23.8	1015.1	-	255	
2021-07-17 01:20:00	12.1	북북서	333	23.43	25.79	0.30	3.9	0.42	3.5	2.1	서남서	239	23.7	1015.1	-	279	
2021-07-17 01:25:00	9.6	북북서	348	23.38	25.76	0.31	3.7	0.48	3.0	2.0	서남서	250	23.7	1015.1	-	227	
2021-07-17 01:30:00	12.1	북북서	339	23.39	25.62	0.34	3.7	0.53	4.0	1.1	서북서	289	23.7	1015.1	-	252	
2021-07-17 01:35:00	11.2	북북서	329	23.22	25.59	0.31	3.9	0.46	3.5	1.6	서북서	284	23.4	1015.2	-	356	
2021-07-17 01:40:00	11.9	북북서	332	23.20	25.77	0.33	3.7	0.46	3.5	1.6	서북서	298	23.4	1015.2	-	276	
2021-07-17 01:45:00	11.6	북북서	328	23.20	25.83	0.33	3.8	0.52	3.5	1.6	북서	306	23.2	1015.1	-	261	
2021-07-17 01:50:00	13.4	북북서	331	23.20	25.79	0.31	3.7	0.47	3.0	1.2	서북서	297	23.2	1015.1	-	254	
2021-07-17 01:55:00	13.0	북서	324	23.19	25.69	0.30	3.7	0.51	4.0	1.0	서북서	299	23.2	1015.2	-	259	
2021-07-17 02:00:00	12.7	북북서	332	23.20	25.72	0.28	3.8	0.40	3.5	1.1	서북서	298	23.2	1015.2	-	165	
2021-07-17 02:05:00	12.9	북북서	327	23.15	25.79	0.30	3.8	0.51	3.5	1.5	서북서	299	23.3	1015.1	-	262	
2021-07-17 02:10:00	11.3	북서	316	23.17	25.74	0.31	4.1	0.43	4.0	1.3	북서	304	23.3	1015.2	-	64	
2021-07-17 02:15:00	11.9	북서	309	23.23	26.03	0.31	3.6	0.61	3.5	0.9	서북서	299	23.4	1015.2	-	278	
2021-07-17 02:20:00	11.9	북서	309	23.25	25.77	0.27	3.8	0.39	4.0	0.3	서	272	23.4	1015.3	-	10	
2021-07-17 02:25:00	11.1	북서	323	23.25	25.81	0.32	3.7	0.47	3.5	0.8	서	277	23.3	1015.3	-	293	
2021-07-17 02:30:00	12.8	북서	318	23.22	25.97	0.33	3.6	0.41	3.5	1.1	서북서	285	23.3	1015.2	-	280	
2021-07-17 02:35:00	13.2	북서	314	23.22	25.82	0.29	3.9	0.43	3.0	1.2	서	279	23.3	1015.0	-	144	
2021-07-17 02:40:00	12.9	북서	312	23.24	25.84	0.29	3.6	0.55	3.5	0.4	서북서	286	23.4	1015.0	-	244	
2021-07-17 02:45:00	11.1	북서	324	23.22	25.77	0.31	3.7	0.50	3.5	0.4	서남서	251	23.3	1014.9	-	264	
2021-07-17 02:50:00	11.3	북서	311	23.21	25.99	0.29	3.8	0.45	3.5	0.6	서북서	285	23.2	1014.8	-	266	
2021-07-17 02:55:00	10.0	북북서	329	23.21	25.85	0.33	3.5	0.40	3.5	1.2	북서	312	23.2	1014.7	-	174	
2021-07-17 03:00:00	11.3	북북서	334	23.21	25.79	0.30	3.8	0.45	3.5	1.0	서북서	290	23.2	1014.8	-	263	
2021-07-17 03:05:00	12.6	북북서	336	23.06	25.68	0.30	3.8	0.42	3.5	0.8	서남서	256	23.1	1014.7	-	267	
2021-07-17 03:10:00	13.2	북서	324	23.01	25.85	0.28	3.7	0.45	3.0	0.3	서남서	247	23.1	1014.7	-	184	
2021-07-17 03:15:00	13.9	북서	324	22.95	25.98	0.35	3.7	0.43	3.5	0.0	서북서	282	23.1	1014.8	-	60	
2021-07-17 03:20:00	10.6	북서	324	23.19	25.78	0.32	3.6	0.51	3.5	0.4	서북서	292	23.1	1014.8	-	234	
2021-07-17 03:25:00	13.0	북서	323	23.00	25.76	0.29	3.7	0.38	3.5	1.3	북서	325	23.1	1014.8	-	282	
2021-07-17 03:30:00	15.3	북서	326	22.63	25.83	0.28	3.4	0.45	5.5	1.2	북북서	327	23.0	1014.8	-	27	
2021-07-17 03:35:00	14.5	북서	321	22.90	26.03	0.33	3.5	0.47	4.0	1.7	북북서	343	23.0	1014.8	-	105	
2021-07-17 03:40:00	16.1	북북서	327	22.73	25.94	0.29	3.6	0.42	3.0	1.5	북서	322	22.9	1014.8	-	291	
2021-07-17 03:45:00	12.7	북서	313	23.09	25.94	0.34	3.7	0.54	3.5	1.8	북서	306	22.9	1014.9	-	271	
2021-07-17 03:50:00	12.6	북서	308	23.22	25.94	0.27	3.8	0.51	3.5	2.0	서북서	294	22.8	1014.9	-	279	
2021-07-17 03:55:00	13.7	북서	307	23.25	25.91	0.26	3.5	0.33	3.0	1.9	서북서	295	22.8	1014.9	-	296	
2021-07-17 04:00:00	13.9	북서	306	23.18	25.64	0.26	3.6	0.37	3.5	2.1	서북서	291	22.8	1014.8	-	293	
2021-07-17 04:05:00	14.9	북서	320	22.91	25.64	0.27	3.5	0.42	4.0	2.1	서북서	282	22.8	1014.8	-	15	
2021-07-17 04:10:00	15.1	북서	324	23.11	25.71	0.27	3.7	0.34	4.0	2.2	서북서	285	22.9	1014.7	-	269	
2021-07-17 04:15:00	12.4	북서	316	23.10	25.84	0.30	3.5	0.48	3.0	2.5	서북서	296	22.9	1014.7	-	57	
2021-07-17 04:20:00	12.8	북서	321	23.14	25.64	0.34	3.5	0.47	3.0	2.4	서북서	294	22.9	1014.7	-	265	
2021-07-17 04:25:00	14.2	북서	319	22.98	25.65	0.30	3.4	0.45	3.0	2.8	서북서	293	22.9	1014.7	-	32	
2021-07-17 04:30:00	15.3	북북서	327	23.08	25.61	0.29	3.6	0.50	4.0	2.7	서북서	298	22.8	1014.8	-	272	
2021-07-17 04:35:00	14.7	북북서	332	23.04	25.78	0.28	3.7	0.40	4.0	2.5	서북서	295	22.7	1014.8	-	273	
2021-07-17 04:40:00	13.3	북북서	337	22.72	25.65	0.26	3.8	0.39	4.0	1.9	서	268	22.7	1014.7	-	17	
2021-07-17 04:45:00	14.1	북북서	344	22.59	25.74	0.30	3.4	0.47	3.0	1.6	서남서	251	22.7	1014.8	-	345	
2021-07-17 04:50:00	12.2	북북서	346	22.55	25.71	0.31	3.6	0.48	4.0	1.4	서남서	239	22.9	1014.9	-	133	
2021-07-17 04:55:00	12.5	북북서	341	22.59	25.64	0.30	3.5	0.50	3.5	1.7	남서	218	23.0	1014.8	-	192	
2021-07-17 05:00:00	11.8	북북서	343	22.67	25.60	0.27	3.6	0.39	3.0	1.6	남서	221	23.0	1014.8	-	76	
2021-07-17 05:05:00	10.6	북북서	336	22.80	25.66	0.31	3.4	0.43	4.0	1.4	남서	236	23.0	1014.8	-	71	
2021-07-17 05:10:00	10.2	북북서	328	22.71	25.96	0.30	3.5	0.38	3.5	1.2	서	272	23.0	1014.9	-	14	
2021-07-17 05:15:00	13.0	북북서	346	22.62	25.56	0.30	3.7	0.48	4.0	1.2	서남서	255	23.1	1014.9	-	269	
2021-07-17 05:20:00	11.3	북북서	340	22.50	25.66	0.32	3.4	0.46	3.5	1.3	서남서	243	23.1	1014.9	-	267	
2021-07-17 05:25:00	16.5	북북서	349	22.22	25.74	0.29	3.5	0.43	3.5	1.6	서남서	248	23.2	1015.0	-	266	
2021-07-17 05:30:00	14.3	북북서	348	22.43	25.70	0.28	3.6	0.48	3.5	1.6	서남서	257	23.2	1015.0	-	265	
2021-07-17 05:35:00	16.9	북	2	22.11	25.74	0.27	3.6	0.36	3.5	1.9	서	263	23.2	1014.9	-	263	
2021-07-17 05:40:00	14.0	북	354	22.22	25.71	0.27	3.4	0.35	3.5	2.1	서	266	23.3	1014.8	-	43	
2021-07-17 05:45:00	14.1	북북서	342	22.15	25.62	0.28	3.4	0.39	3.5	2.3	서	268	23.2	1014.8	-	223	
2021-07-17 05:50:00	14.3	북	351	21.99	25.69	0.30	3.7	0.39	3.0	1.9	서	268	23.3	1014.8	-	235	
2021-07-17 05:55:00	15.3	북	349	21.95	25.81	0.31	3.4	0.44	3.5	2.1	서	263	23.3	1014.8	-	322	
2021-07-17 06:00:00	13.1	북	350	21.89	25.88	0.30	3.5	0.40	3.5	2.2	서	262	23.4	1014.8	-	254	
2021-07-17 06:05:00	14.3	북북서	348	21.85	25.88	0.32	3.5	0.49	3.5	2.1	서남서	256	23.4	1014.8	-	264	
2021-07-17 06:10:00	14.4	북북서	333	22.06	26.21	0.32	3.5	0.41	3.5	1.5	서	263	23.4	1014.9	-	224	
2021-07-17 06:15:00	15.8	북서	309	22.53	25.81	0.31	3.6	0.47	4.0	1.3	서	260	23.3	1014.9	-	302	
2021-07-17 06:20:00	15.2	북북서	339	21.88	25.49	0.28	3.7	0.40	3.5	1.2	서남서	257	23.3	1014.9	-	60	
2021-07-17 06:25:00	13.1	북서	309	22.62	25.41	0.25	3.4	0.35	3.5	1.1	서	259	23.4	1014.9	-	127	
2021-07-17 06:30:00	12.0	북서	325	22.62	25.59	0.30	3.6	0.44	3.5	1.6	남남서	203	23.3	1014.9	-	277	
2021-07-17 06:35:00	14.6	북서	304	22.94	25.54	0.31	3.4	0.45	3.5	1.2	남	177	23.4	1014.9	-	270	
2021-07-17 06:40:00	13.5	북서	304	22.69	25.46	0.35	3.8	0.56	3.5	0.8	남남동	167	23.5	1014.9	-	206	
2021-07-17 06:45:00	14.0	북북서	342	22.15	25.54	0.27	3.2	0.39	3.0	0.9	남남서	196	23.5	1014.8	-	65	
2021-07-17 06:50:00	14.9	북북서	333	21.76	25.71	0.31	3.7	0.46	3.5	0.7	남남서	198	23.5	1014.7	-	60	
2021-07-17 06:55:00	12.0	북북서	342	22.04	25.32	0.33	3.4	0.51	3.0	0.6	남	189	23.6	1014.8	-	285	
2021-07-17 07:00:00	15.7	서북서	301	22.81	25.41	0.30	3.6	0.49	3.0	1.3	남남서	197	23.5	1014.8	-	279	
2021-07-17 07:05:00	16.0	서북서	302	22.91	25.36	0.34	3.5	0.61	4.0	1.5	남남서	195	23.5	1014.8	-	334	
2021-07-17 07:10:00	14.7	북서	315	22.50	25.42	0.32	3.5	0.42	4.0	1.8	남서	218	23.6	1014.8	-	18	
2021-07-17 07:15:00	15.4	북서	318	22.37	25.45	0.30	3.6	0.50	4.0	1.0	서남서	242	23.9	1014.7	-	173	
2021-07-17 07:20:00	13.5	북북서	336	22.07	25.57	0.34	3.5	0.51	3.0	1.1	서남서	249	24.1	1014.7	-	238	
2021-07-17 07:25:00	15.4	북서	323	22.27	25.41	0.32	3.5	0.52	3.5	1.5	서남서	250	24.2	1014.7	-	44	
2021-07-17 07:30:00	16.6	북서	308	22.70	25.45	0.30	3.5	0.45	3.0	1.6	서	270	24.4	1014.6	-	33	
2021-07-17 07:35:00	13.5	북서	326	22.22	25.29	0.28	3.8	0.44	4.0	1.1	서	269	24.4	1014.6	-	348	
2021-07-17 07:40:00	14.6	북북서	339	21.91	25.50	0.31	4.0	0.41	4.0	0.9	서북서	293	24.2	1014.7	-	136	
2021-07-17 07:45:00	14.9	서북서	302	22.90	25.35	0.28	3.5	0.40	4.0	1.5	서	266	24.2	1014.7	-	340	
2021-07-17 07:50:00	16.6	서북서	300	23.01	25.41	0.31	3.5	0.47	3.0	1.4	북서	311	24.3	1014.7	-	331	
2021-07-17 07:55:00	12.8	북서	315	22.56	25.57	0.32	3.7	0.46	3.0	1.7	북서	316	24.3	1014.7	-	224	
2021-07-17 08:00:00	12.6	북서	323	22.50	25.38	0.31	3.4	0.49	3.0	1.3	서북서	297	24.2	1014.6	-	255	
2021-07-17 08:05:00	14.5	북서	319	22.57	25.55	0.34	3.6	0.45	3.5	1.2	서북서	294	24.1	1014.7	-	316	
2021-07-17 08:10:00	17.0	북서	305	22.94	25.35	0.36	3.5	0.59	3.5	1.7	북서	304	24.1	1014.7	-	259	
2021-07-17 08:15:00	17.9	북서	306	22.96	25.38	0.30	3.6	0.45	3.5	1.7	북서	310	24.0	1014.6	-	295	
2021-07-17 08:20:00	15.6	북서	312	22.97	25.39	0.30	3.5	0.37	3.5	1.9	서북서	290	23.9	1014.6	-	147	
2021-07-17 08:25:00	19.0	서북서	302	23.05	25.32	0.28	3.6	0.35	3.5	1.6	서북서	288	23.9	1014.6	-	1	
2021-07-17 08:30:00	14.9	서북서	303	23.25	25.30	0.29	3.8	0.38	3.0	1.9	북서	306	23.9	1014.7	-	256	
2021-07-17 08:35:00	19.3	북서	307	23.13	25.25	0.27	3.9	0.43	3.5	1.4	북북서	331	23.9	1014.8	-	79	
2021-07-17 08:40:00	20.9	북서	309	23.08	25.27	0.28	3.9	0.43	4.5	2.1	북	350	23.9	1014.9	-	118	
2021-07-17 08:45:00	20.2	북서	308	23.11	25.45	0.33	3.6	0.49	3.5	3.1	북북서	328	23.8	1014.8	-	253	
2021-07-17 08:50:00	18.1	서북서	301	23.13	25.28	0.27	3.7	0.38	4.0	2.9	북서	325	23.8	1014.7	-	285	
2021-07-17 08:55:00	16.0	북서	312	22.58	25.54	0.27	3.4	0.44	3.5	2.7	북서	317	23.8	1014.7	-	264	
2021-07-17 09:00:00	17.3	북서	317	22.40	25.32	0.28	3.5	0.35	3.0	2.9	북서	319	23.8	1014.7	-	296	
2021-07-17 09:05:00	20.6	서북서	283	23.38	25.09	0.28	3.7	0.39	4.5	2.9	북서	315	23.9	1014.7	-	227	
2021-07-17 09:10:00	20.9	서북서	284	23.43	25.24	0.28	3.9	0.52	3.5	3.1	북서	318	24.0	1014.7	-	234	
2021-07-17 09:15:00	24.5	서북서	300	23.14	25.31	0.29	3.6	0.44	3.5	3.0	북서	312	24.0	1014.6	-	262	
2021-07-17 09:20:00	20.0	서북서	298	23.36	25.41	0.27	3.5	0.38	3.0	3.1	북서	304	24.0	1014.6	-	258	
2021-07-17 09:25:00	21.0	서북서	294	23.47	25.24	0.26	3.7	0.36	3.5	2.7	북서	305	24.0	1014.5	-	44	
2021-07-17 09:30:00	22.7	서북서	297	23.45	25.23	0.25	3.8	0.37	4.0	2.7	북서	309	24.0	1014.5	-	154	
2021-07-17 09:35:00	23.3	서북서	304	23.31	25.24	0.29	3.4	0.52	3.5	2.6	북서	318	23.8	1014.6	-	36	
2021-07-17 09:40:00	21.4	북서	309	23.31	25.19	0.29	4.1	0.45	5.5	3.3	북서	326	23.6	1014.5	-	265	
2021-07-17 09:45:00	19.2	북서	317	23.23	25.17	0.28	3.5	0.52	3.5	3.1	북서	317	23.6	1014.5	-	292	
2021-07-17 09:50:00	14.7	북서	321	22.85	25.26	0.32	3.8	0.46	3.0	2.8	북서	314	23.7	1014.5	-	292	
2021-07-17 09:55:00	19.3	북서	318	23.20	25.26	0.28	3.6	0.41	4.0	3.1	북북서	328	23.7	1014.6	-	280	
2021-07-17 10:00:00	20.3	북서	308	23.32	25.36	0.30	3.6	0.45	3.0	3.5	북북서	333	23.8	1014.6	-	234	
2021-07-17 10:05:00	17.1	서북서	304	23.50	25.32	0.31	3.6	0.46	3.0	3.4	북서	313	23.8	1014.5	-	322	
2021-07-17 10:10:00	15.8	서북서	303	23.61	25.13	0.27	3.5	0.36	3.0	2.8	북서	307	23.9	1014.6	-	272	
2021-07-17 10:15:00	17.8	서북서	298	23.53	25.08	0.30	3.9	0.41	3.0	2.5	북서	322	23.8	1014.7	-	244	
2021-07-17 10:20:00	19.0	서북서	294	23.51	25.35	0.29	3.7	0.51	3.5	3.3	북북서	344	23.7	1014.8	-	268	
2021-07-17 10:25:00	21.7	서북서	296	23.60	25.23	0.26	3.8	0.32	3.5	4.2	북북서	332	23.5	1014.7	-	310	
2021-07-17 10:30:00	20.2	서북서	291	23.66	25.31	0.29	3.7	0.44	3.0	3.3	북서	315	23.3	1014.7	-	110	
2021-07-17 10:35:00	15.9	서북서	298	23.68	25.44	0.32	3.7	0.51	3.5	2.6	서북서	301	23.2	1014.8	-	293	
2021-07-17 10:40:00	20.8	북서	307	23.63	25.24	0.26	3.7	0.35	3.0	3.0	서북서	296	23.2	1014.8	-	177	
2021-07-17 10:45:00	20.5	서북서	301	23.65	25.23	0.28	3.9	0.43	3.0	3.4	북서	313	23.2	1014.7	-	95	
2021-07-17 10:50:00	17.8	북서	305	23.67	25.20	0.30	3.6	0.45	3.5	3.8	서북서	293	23.2	1014.6	-	261	
2021-07-17 10:55:00	19.3	북서	311	23.67	25.20	0.32	4.0	0.50	3.5	3.5	서	275	23.2	1014.7	-	199	
2021-07-17 11:00:00	18.2	북서	310	23.39	25.16	0.30	3.5	0.53	4.0	2.2	서북서	288	23.2	1014.6	-	250	
2021-07-17 11:05:00	18.6	북서	313	23.19	25.26	0.32	3.7	0.40	3.5	1.8	서남서	239	23.2	1014.8	-	278	
2021-07-17 11:10:00	20.0	북서	307	23.40	25.29	0.34	3.6	0.45	3.5	2.5	서남서	241	23.3	1014.8	-	92	
2021-07-17 11:15:00	19.6	북서	310	22.96	25.44	0.32	3.7	0.49	4.0	4.3	서	260	23.6	1014.6	-	305	
2021-07-17 11:20:00	18.7	북서	308	23.22	25.33	0.39	3.8	0.58	3.5	4.5	서	277	23.7	1014.6	-	232	
2021-07-17 11:25:00	20.6	북서	306	22.86	25.36	0.34	3.4	0.48	3.5	3.3	서북서	289	23.9	1014.6	-	197	
2021-07-17 11:30:00	20.6	서북서	303	23.36	25.33	0.33	3.8	0.49	3.5	2.6	서북서	302	24.2	1014.5	-	135	
2021-07-17 11:35:00	24.6	서북서	293	23.22	25.25	0.32	4.0	0.47	4.5	2.8	북서	317	24.4	1014.5	-	335	
2021-07-17 11:40:00	17.5	북서	308	22.71	25.54	0.34	3.8	0.54	3.5	3.4	북북서	328	24.5	1014.5	-	309	
2021-07-17 11:45:00	16.1	북서	312	22.62	25.33	0.35	3.7	0.50	3.5	3.9	북북서	328	24.4	1014.4	-	252	
2021-07-17 11:50:00	10.9	북서	320	22.34	25.77	0.31	3.5	0.43	3.5	3.4	북북서	333	24.4	1014.4	-	239	
2021-07-17 11:55:00	15.8	북서	318	23.56	25.55	0.32	3.9	0.48	4.0	3.0	북북서	340	24.5	1014.4	-	287	
2021-07-17 12:00:00	13.3	북북서	335	22.69	25.44	0.35	3.7	0.50	3.0	3.5	북북서	343	24.5	1014.4	-	278	
2021-07-17 12:05:00	9.1	북북서	333	22.42	25.35	0.35	3.6	0.59	4.5	3.6	북북서	343	24.4	1014.4	-	292	
2021-07-17 12:10:00	16.4	북서	305	23.46	25.30	0.44	3.7	0.62	3.0	4.0	북북서	346	24.4	1014.4	-	263	
2021-07-17 12:15:00	14.5	서북서	300	23.91	25.19	0.38	3.6	0.66	3.5	4.2	북북서	337	24.2	1014.4	-	274	
2021-07-17 12:20:00	12.9	북서	305	23.89	25.33	0.37	3.7	0.55	3.0	3.9	북북서	337	24.3	1014.3	-	269	
2021-07-17 12:25:00	12.8	북서	309	23.91	25.18	0.32	3.6	0.43	3.0	3.7	북북서	342	24.4	1014.3	-	284	
2021-07-17 12:30:00	13.9	서	275	24.09	25.03	0.39	3.3	0.55	3.5	3.7	북북서	342	24.5	1014.2	-	288	
2021-07-17 12:35:00	14.8	서	279	24.07	25.13	0.35	3.5	0.60	4.5	3.6	북	349	24.6	1014.2	-	267	
2021-07-17 12:40:00	12.7	서	259	24.23	24.85	0.35	3.5	0.48	3.5	3.8	북북서	342	24.6	1014.2	-	99	
2021-07-17 12:45:00	10.3	서	265	24.23	25.10	0.33	3.5	0.46	3.5	3.6	북북서	347	24.4	1014.1	-	63	
2021-07-17 12:50:00	13.0	서	275	24.21	25.09	0.30	3.7	0.44	3.5	3.6	북	353	24.4	1014.0	-	300	
2021-07-17 12:55:00	15.2	서북서	286	24.12	25.19	0.29	3.5	0.46	3.0	3.6	북	351	24.4	1014.0	-	273	
2021-07-17 13:00:00	13.6	서	272	24.32	24.90	0.32	3.8	0.51	3.5	3.6	북	352	24.5	1014.0	-	112	
2021-07-17 13:05:00	13.2	서남서	254	24.39	25.08	0.33	3.4	0.48	3.5	3.4	북	1	24.6	1013.9	-	282	
2021-07-17 13:10:00	14.6	서	270	24.32	24.93	0.32	3.4	0.43	2.5	3.8	북	1	24.7	1014.0	-	71	
2021-07-17 13:15:00	12.5	서	273	24.37	24.86	0.31	3.2	0.42	3.0	3.9	북	0	24.7	1013.9	-	91	
2021-07-17 13:20:00	13.0	서	275	24.36	25.05	0.31	3.8	0.41	4.0	3.4	북	2	24.8	1013.9	-	253	
2021-07-17 13:25:00	12.1	서남서	258	24.39	24.99	0.37	3.7	0.51	3.0	3.6	북	6	24.8	1013.9	-	234	
2021-07-17 13:30:00	9.8	서남서	256	24.41	25.08	0.33	3.5	0.49	3.5	3.6	북북동	17	24.8	1013.8	-	241	
2021-07-17 13:35:00	11.4	서	262	24.37	25.34	0.34	3.9	0.57	3.5	3.2	북북동	22	24.9	1013.9	-	262	
2021-07-17 13:40:00	11.4	서남서	258	24.42	25.12	0.34	3.8	0.48	4.0	3.5	북북동	29	24.9	1013.9	-	65	
2021-07-17 13:45:00	11.1	서	261	24.40	25.27	0.30	3.4	0.41	4.5	3.7	북북동	27	24.8	1013.9	-	230	
2021-07-17 13:50:00	9.1	서	262	24.43	25.21	0.31	3.6	0.47	3.0	3.3	북북동	25	24.8	1013.8	-	260	
2021-07-17 13:55:00	10.5	서	260	24.45	25.13	0.31	3.9	0.42	3.5	3.3	북북동	18	24.9	1013.8	-	288	
2021-07-17 14:00:00	10.9	서	261	24.39	24.95	0.36	3.5	0.53	3.0	3.8	북북동	17	24.9	1013.7	-	242	
2021-07-17 14:05:00	11.5	서	271	24.39	24.95	0.29	3.7	0.41	4.5	4.0	북북동	15	24.9	1013.6	-	270	
2021-07-17 14:10:00	10.3	서	264	24.73	24.82	0.31	3.9	0.53	4.0	3.7	북북동	19	24.9	1013.7	-	14	
2021-07-17 14:15:00	11.9	서남서	247	24.80	25.04	0.31	3.7	0.51	3.5	3.5	북북동	21	24.9	1013.7	-	84	
2021-07-17 14:20:00	10.5	서남서	239	24.83	24.79	0.34	3.7	0.52	3.0	3.1	북북동	27	25.1	1013.7	-	249	
2021-07-17 14:25:00	11.8	서	269	24.72	24.73	0.32	4.1	0.44	3.0	3.1	북북동	22	25.1	1013.6	-	267	
2021-07-17 14:30:00	11.9	서	272	24.62	24.82	0.33	3.4	0.59	3.5	3.2	북북동	16	25.2	1013.6	-	265	
2021-07-17 14:35:00	11.3	서	266	24.54	24.80	0.39	3.9	0.57	3.5	3.7	북	10	25.2	1013.5	-	276	
2021-07-17 14:40:00	12.0	서	266	24.55	24.88	0.34	3.9	0.45	5.0	3.7	북	11	25.1	1013.5	-	53	
2021-07-17 14:45:00	12.5	서	274	24.52	25.11	0.30	3.8	0.44	4.0	3.3	북북동	21	25.1	1013.5	-	244	
2021-07-17 14:50:00	13.6	서	278	24.48	24.91	0.34	3.8	0.45	4.0	3.2	북북동	29	25.3	1013.4	-	266	
2021-07-17 14:55:00	14.2	서북서	282	24.45	24.94	0.36	3.8	0.53	4.5	3.2	북북동	31	25.4	1013.4	-	60	
2021-07-17 15:00:00	11.8	서북서	288	24.50	24.78	0.33	3.9	0.55	3.5	2.6	북동	37	25.6	1013.4	-	57	
2021-07-17 15:05:00	12.6	서북서	289	24.56	24.81	0.36	3.8	0.53	3.0	2.4	북동	40	25.7	1013.4	-	69	
2021-07-17 15:10:00	11.8	서북서	297	24.68	24.80	0.37	4.0	0.52	5.5	2.3	북동	42	25.8	1013.4	-	306	
2021-07-17 15:15:00	9.6	서북서	289	24.78	24.79	0.37	3.4	0.48	3.0	2.7	북동	42	25.8	1013.3	-	251	
2021-07-17 15:20:00	10.3	서북서	290	24.82	24.84	0.34	3.6	0.46	4.0	2.6	북동	44	25.8	1013.3	-	77	
2021-07-17 15:25:00	12.3	서	274	24.87	24.86	0.33	3.4	0.53	3.5	2.8	북동	53	25.7	1013.3	-	25	
2021-07-17 15:30:00	13.2	서	266	25.02	24.87	0.40	3.7	0.63	3.0	2.8	북동	49	25.7	1013.2	-	249	
2021-07-17 15:35:00	12.2	서	265	25.07	24.77	0.34	3.9	0.44	3.0	2.3	북동	39	25.7	1013.1	-	268	
2021-07-17 15:40:00	10.5	서	268	25.03	24.65	0.33	4.3	0.48	3.0	2.6	동북동	70	25.9	1013.1	-	350	
2021-07-17 15:45:00	12.0	서	274	24.95	24.69	0.32	3.8	0.46	3.0	2.6	동북동	77	26.0	1013.1	-	264	
2021-07-17 15:50:00	12.7	서북서	293	24.83	24.65	0.35	3.7	0.51	3.0	2.8	동	86	26.0	1013.0	-	261	
2021-07-17 15:55:00	12.3	서북서	288	24.84	24.75	0.29	4.1	0.38	4.0	2.2	동	91	26.0	1013.0	-	49	
2021-07-17 16:00:00	11.8	서북서	293	24.80	24.86	0.34	3.8	0.51	3.5	2.2	동남동	106	26.1	1013.0	-	260	
2021-07-17 16:05:00	11.7	북서	308	24.84	24.94	0.36	4.0	0.52	4.5	2.5	동	94	26.1	1012.9	-	280	
2021-07-17 16:10:00	10.6	북서	310	24.78	24.91	0.31	3.7	0.59	4.0	2.4	동	87	26.1	1012.9	-	219	
2021-07-17 16:15:00	11.5	북서	313	24.85	24.90	0.31	3.5	0.42	4.0	2.3	동	90	26.1	1013.0	-	68	
2021-07-17 16:20:00	12.1	북서	315	24.96	24.98	0.32	3.8	0.44	4.0	2.5	동	89	26.1	1013.0	-	315	
2021-07-17 16:25:00	12.2	북북서	335	24.68	24.98	0.34	3.9	0.50	4.5	2.7	동	86	26.1	1012.9	-	319	
2021-07-17 16:30:00	13.1	북북서	330	24.80	25.07	0.25	3.8	0.43	4.0	2.7	동	81	26.1	1012.9	-	63	
2021-07-17 16:35:00	14.6	북북서	327	24.86	25.27	0.34	3.7	0.51	3.0	2.7	동	91	26.1	1012.8	-	296	
2021-07-17 16:40:00	13.6	북서	311	25.08	25.07	0.34	3.5	0.49	4.0	3.1	동	95	26.2	1012.7	-	304	
2021-07-17 16:45:00	15.4	북북서	328	25.00	25.05	0.33	3.6	0.49	3.5	3.6	동	97	26.2	1012.6	-	237	
2021-07-17 16:50:00	14.3	북북서	327	24.97	25.09	0.30	3.7	0.42	3.5	4.4	동	101	26.1	1012.6	-	282	
2021-07-17 16:55:00	10.4	북북서	334	24.91	25.17	0.34	4.2	0.52	3.5	4.0	동	101	26.2	1012.6	-	255	
2021-07-17 17:00:00	12.9	북서	315	25.13	25.03	0.30	3.9	0.40	4.5	4.5	동	97	26.1	1012.5	-	249	
2021-07-17 17:05:00	14.7	북서	312	25.15	25.05	0.28	3.7	0.36	3.5	4.5	동	95	26.1	1012.4	-	36	
2021-07-17 17:10:00	14.8	북서	314	25.22	24.91	0.32	3.7	0.56	2.5	4.7	동	96	26.1	1012.4	-	246	
2021-07-17 17:15:00	19.6	북서	309	25.32	25.24	0.30	3.6	0.45	4.0	5.3	동	101	26.2	1012.4	-	280	
2021-07-17 17:20:00	19.1	북서	313	25.30	25.02	0.29	3.8	0.40	4.0	4.7	동	100	26.3	1012.4	-	281	
2021-07-17 17:25:00	17.8	북서	311	25.33	25.02	0.32	3.8	0.43	4.0	4.8	동	100	26.3	1012.4	-	129	
2021-07-17 17:30:00	18.6	북서	319	25.33	24.91	0.31	3.7	0.44	3.5	5.3	동남동	102	26.3	1012.4	-	285	
2021-07-17 17:35:00	21.5	북서	315	25.33	24.99	0.33	3.7	0.44	3.0	4.9	동	99	26.3	1012.5	-	184	
2021-07-17 17:40:00	22.1	북서	315	25.33	24.96	0.30	3.9	0.48	3.5	4.7	동남동	104	26.3	1012.6	-	286	
2021-07-17 17:45:00	23.3	북서	324	25.25	24.96	0.31	3.6	0.43	4.0	4.5	동남동	108	26.3	1012.6	-	346	
2021-07-17 17:50:00	20.0	북서	323	25.18	25.01	0.36	3.7	0.59	3.5	3.9	동남동	110	26.3	1012.7	-	304	
2021-07-17 17:55:00	19.5	북북서	334	25.11	25.03	0.35	3.8	0.45	3.0	3.1	동남동	107	26.3	1012.7	-	66	
2021-07-17 18:00:00	18.4	북북서	331	25.05	24.96	0.38	3.9	0.73	4.0	3.2	동남동	109	26.4	1012.7	-	276	
2021-07-17 18:05:00	18.7	북북서	339	25.01	24.89	0.32	3.8	0.57	3.5	3.1	동남동	111	26.4	1012.7	-	270	
2021-07-17 18:10:00	17.4	북북서	342	24.96	25.03	0.31	3.9	0.47	3.0	3.2	동	96	26.4	1012.7	-	333	
2021-07-17 18:15:00	15.3	북북서	348	24.98	25.16	0.32	3.8	0.46	4.0	2.9	동	94	26.4	1012.7	-	298	
2021-07-17 18:20:00	14.6	북북서	341	24.99	25.08	0.33	3.9	0.51	3.5	3.4	동	96	26.4	1012.6	-	279	
2021-07-17 18:25:00	14.3	북북서	338	24.99	25.13	0.30	3.7	0.36	4.5	3.0	동	97	26.4	1012.6	-	271	
2021-07-17 18:30:00	16.7	북북서	328	25.10	25.00	0.28	3.8	0.47	3.5	3.5	동남동	111	26.3	1012.6	-	317	
2021-07-17 18:35:00	17.8	북북서	335	25.10	24.99	0.30	3.7	0.39	4.0	3.3	동남동	116	26.4	1012.6	-	268	
2021-07-17 18:40:00	17.4	북북서	334	25.13	24.96	0.31	3.8	0.47	3.5	3.0	동남동	112	26.3	1012.7	-	245	
2021-07-17 18:45:00	15.4	북북서	339	25.12	24.89	0.28	3.8	0.44	3.0	3.1	동남동	117	26.3	1012.7	-	310	
2021-07-17 18:50:00	17.0	북북서	332	25.12	24.84	0.27	3.8	0.49	4.0	3.3	동남동	121	26.1	1012.8	-	261	
2021-07-17 18:55:00	17.2	북북서	333	25.12	24.80	0.26	3.9	0.40	3.5	3.5	동남동	121	26.1	1012.8	-	246	
2021-07-17 19:00:00	19.3	북북서	329	25.10	24.77	0.28	4.0	0.38	4.5	3.7	남동	130	25.9	1012.8	-	269	
2021-07-17 19:05:00	20.8	북북서	327	25.12	24.89	0.33	4.0	0.51	3.5	4.2	남동	132	25.9	1012.8	-	291	
2021-07-17 19:10:00	21.3	북서	323	25.15	25.10	0.30	4.1	0.45	4.0	4.2	남동	129	26.0	1012.9	-	213	
2021-07-17 19:15:00	20.1	북북서	329	25.12	24.87	0.33	3.8	0.46	4.0	4.3	남동	136	25.9	1012.9	-	291	
2021-07-17 19:20:00	18.8	북북서	327	25.12	25.02	0.29	4.0	0.42	4.0	4.5	남동	136	25.8	1012.9	-	187	
2021-07-17 19:25:00	19.2	북서	326	25.10	24.94	0.32	4.0	0.45	3.5	5.0	남동	140	25.8	1012.9	-	282	
2021-07-17 19:30:00	17.9	북북서	337	25.14	25.06	0.32	4.0	0.42	4.0	4.9	남동	143	25.7	1012.8	-	259	
2021-07-17 19:35:00	19.4	북북서	338	25.14	24.94	0.28	3.8	0.41	4.0	4.9	남동	138	25.8	1012.9	-	295	
2021-07-17 19:40:00	17.5	북북서	348	25.13	25.03	0.37	3.8	0.60	3.0	4.4	남동	135	25.7	1012.9	-	319	
2021-07-17 19:45:00	16.0	북북서	347	25.15	24.99	0.32	3.9	0.45	4.0	4.5	남동	139	25.7	1012.9	-	336	
2021-07-17 19:50:00	15.4	북	353	25.10	25.08	0.35	3.9	0.51	4.5	4.4	남동	141	25.6	1013.0	-	238	
2021-07-17 19:55:00	14.7	북	0	25.10	24.90	0.35	3.5	0.42	3.5	4.1	남동	138	25.6	1013.1	-	320	
2021-07-17 20:00:00	13.2	북북동	18	25.03	25.05	0.38	3.8	0.69	4.0	3.6	남동	133	25.6	1013.1	-	305	
2021-07-17 20:05:00	12.0	북	10	25.02	25.08	0.39	3.7	0.57	3.0	3.6	남동	124	25.6	1013.1	-	233	
2021-07-17 20:10:00	13.6	북	5	25.02	24.99	0.41	4.0	0.75	3.5	3.6	남동	131	25.6	1013.1	-	292	
2021-07-17 20:15:00	14.1	북	6	25.02	25.02	0.42	3.8	0.60	4.0	3.6	남동	133	25.6	1013.2	-	297	
2021-07-17 20:20:00	14.4	북	355	25.10	24.74	0.42	3.8	0.58	2.5	3.8	남동	130	25.6	1013.2	-	256	
2021-07-17 20:25:00	14.4	북북서	346	25.14	24.98	0.40	3.9	0.52	3.5	3.4	남동	133	25.5	1013.2	-	283	
2021-07-17 20:30:00	15.0	북북서	342	25.13	25.08	0.44	3.9	0.59	4.0	3.1	남동	133	25.5	1013.3	-	206	
2021-07-17 20:35:00	15.8	북	351	25.11	24.99	0.38	3.9	0.65	4.5	3.1	남동	133	25.5	1013.4	-	306	
2021-07-17 20:40:00	16.1	북북서	344	25.11	24.92	0.46	3.7	0.65	3.5	2.9	남동	135	25.5	1013.4	-	307	
2021-07-17 20:45:00	15.9	북북서	335	25.06	24.80	0.44	4.1	0.62	3.5	3.1	남동	129	25.5	1013.4	-	262	
2021-07-17 20:50:00	15.4	북북서	348	25.10	24.99	0.38	4.1	0.68	4.5	3.0	남동	126	25.6	1013.5	-	189	
2021-07-17 20:55:00	17.9	북북서	346	25.10	24.92	0.42	3.9	0.73	4.0	2.8	남동	126	25.6	1013.6	-	302	
2021-07-17 21:00:00	16.1	북북서	344	25.10	25.06	0.40	3.8	0.75	3.5	2.6	동남동	121	25.6	1013.7	-	285	
2021-07-17 21:05:00	14.4	북	355	25.11	25.14	0.36	3.8	0.50	4.0	2.8	남동	127	25.6	1013.7	-	241	
2021-07-17 21:10:00	14.2	북	351	25.14	25.42	0.45	3.9	0.60	4.5	2.6	남동	132	25.6	1013.7	-	339	
2021-07-17 21:15:00	12.2	북북서	344	25.13	24.94	0.39	3.9	0.55	4.0	2.6	남동	133	25.6	1013.7	-	263	
2021-07-17 21:20:00	13.6	북북서	348	25.13	24.78	0.36	3.5	0.56	3.5	2.4	남남동	147	25.7	1013.8	-	282	
2021-07-17 21:25:00	12.3	북	352	25.15	24.71	0.41	4.1	0.65	3.0	1.9	남동	142	25.9	1013.8	-	329	
2021-07-17 21:30:00	14.1	북북서	342	25.11	24.83	0.47	3.8	0.87	4.0	1.4	남동	139	25.8	1013.8	-	303	
2021-07-17 21:35:00	11.4	북	356	25.09	24.81	0.42	3.9	0.61	4.5	1.7	남동	129	25.8	1013.9	-	267	
2021-07-17 21:40:00	10.1	북북서	349	25.10	24.63	0.43	3.9	0.63	4.0	1.3	남동	131	25.9	1013.9	-	246	
2021-07-17 21:45:00	10.9	북북서	339	25.05	24.77	0.42	4.0	0.71	3.5	0.9	남동	127	26.0	1013.9	-	308	
2021-07-17 21:50:00	12.4	북	352	25.11	24.62	0.50	4.0	0.80	3.5	0.9	남남동	152	25.9	1013.9	-	260	
2021-07-17 21:55:00	10.8	북북서	346	25.17	24.60	0.44	4.1	0.77	4.0	1.3	남동	144	26.0	1013.9	-	202	
2021-07-17 22:00:00	10.3	북북서	340	25.16	24.82	0.45	3.7	0.65	4.5	1.6	남동	140	26.0	1013.9	-	317	
2021-07-17 22:05:00	7.4	북	7	25.17	24.65	0.44	3.8	0.74	4.0	1.0	동남동	111	25.9	1013.9	-	269	
2021-07-17 22:10:00	7.0	북	7	25.15	24.54	0.38	3.8	0.50	3.5	0.8	동남동	111	25.9	1013.8	-	331	
2021-07-17 22:15:00	7.5	북북서	343	25.09	24.51	0.41	3.8	0.62	4.0	1.5	남동	131	25.9	1013.8	-	267	
2021-07-17 22:20:00	3.6	북북서	337	25.02	24.66	0.41	3.7	0.61	4.5	1.2	동남동	119	26.0	1013.8	-	244	
2021-07-17 22:25:00	4.1	북서	323	25.01	24.78	0.42	4.0	0.69	3.5	1.2	동남동	109	25.9	1013.8	-	244	
2021-07-17 22:30:00	3.2	북서	316	25.01	24.65	0.41	4.3	0.66	4.0	0.6	동	96	25.9	1013.8	-	273	
2021-07-17 22:35:00	5.6	북서	307	25.01	24.65	0.46	4.0	0.57	5.5	1.5	서북서	297	25.7	1013.8	-	305	
2021-07-17 22:40:00	4.1	북서	315	24.99	24.69	0.42	3.8	0.60	4.0	1.7	북서	313	25.1	1013.7	-	290	
2021-07-17 22:45:00	5.0	북북서	334	25.00	24.65	0.40	3.8	0.61	4.0	2.1	북서	311	24.8	1013.6	-	282	
2021-07-17 22:50:00	3.6	북서	320	24.98	24.57	0.40	4.3	0.58	4.5	2.5	북서	319	24.8	1013.6	-	35	
2021-07-17 22:55:00	5.0	서북서	283	24.98	24.64	0.41	4.1	0.58	4.5	2.7	북서	311	24.7	1013.6	-	293	
2021-07-17 23:00:00	5.1	북서	305	25.00	24.68	0.36	3.9	0.55	4.0	2.8	북서	312	24.6	1013.6	-	215	
2021-07-17 23:05:00	2.0	북	7	25.01	24.68	0.39	4.0	0.58	4.5	2.8	북서	315	24.6	1013.6	-	277	
2021-07-17 23:10:00	3.4	북북서	342	24.98	24.60	0.35	3.9	0.60	4.0	2.4	북서	318	24.6	1013.6	-	130	
2021-07-17 23:15:00	4.4	북서	307	25.00	24.46	0.34	3.9	0.56	4.0	2.3	북서	318	24.6	1013.6	-	217	
2021-07-17 23:20:00	3.6	북	10	24.98	24.56	0.35	3.9	0.50	4.0	2.2	북서	322	24.6	1013.5	-	345	
2021-07-17 23:25:00	3.5	북북서	333	25.00	24.34	0.37	4.0	0.52	4.0	2.3	북서	318	24.5	1013.6	-	108	
2021-07-17 23:30:00	1.9	북	10	25.02	24.52	0.35	4.2	0.50	5.0	1.9	북서	321	24.5	1013.6	-	135	
2021-07-17 23:35:00	1.9	서북서	295	25.02	24.35	0.36	4.2	0.54	4.5	1.3	북서	324	24.5	1013.6	-	281	
2021-07-17 23:40:00	2.2	북서	317	25.02	24.36	0.36	4.0	0.45	4.0	1.0	북서	317	24.5	1013.6	-	119	
2021-07-17 23:45:00	2.1	서북서	296	24.99	24.47	0.37	4.1	0.50	4.5	1.1	북서	313	24.5	1013.6	-	282	
2021-07-17 23:50:00	3.0	서	260	24.99	24.47	0.35	4.2	0.55	3.5	1.4	서북서	299	24.5	1013.6	-	169	
2021-07-17 23:55:00	2.2	북서	315	24.98	24.60	0.42	4.2	0.63	3.0	1.5	서북서	303	24.5	1013.6	-	256	
2021-07-18 00:00:00	2.2	북북서	348	25.00	24.46	0.37	4.1	0.46	4.5	1.5	북서	304	24.5	1013.5	-	247	
2021-07-18 00:05:00	2.0	서북서	302	24.93	24.71	0.38	4.3	0.51	3.5	0.9	북서	306	24.5	1013.4	-	215	
2021-07-18 00:10:00	2.2	서북서	292	24.96	24.41	0.35	4.0	0.60	4.0	0.7	서	271	24.5	1013.4	-	257	
2021-07-18 00:15:00	1.8	북북동	27	24.96	24.46	0.36	3.9	0.56	4.0	1.0	서북서	295	24.5	1013.4	-	271	
2021-07-18 00:20:00	2.9	북동	47	24.99	24.51	0.39	4.0	0.67	4.0	0.7	서북서	297	24.5	1013.3	-	301	
2021-07-18 00:25:00	1.9	동	89	25.02	24.43	0.35	3.9	0.56	4.0	0.9	서북서	291	24.5	1013.3	-	298	
2021-07-18 00:30:00	1.3	동남동	118	25.01	24.48	0.38	3.9	0.54	4.5	1.1	서북서	291	24.5	1013.3	-	251	
2021-07-18 00:35:00	0.4	동남동	107	24.99	24.45	0.38	3.7	0.53	3.5	0.6	서북서	303	24.4	1013.3	-	23	
2021-07-18 00:40:00	2.1	서남서	252	24.98	24.39	0.36	4.1	0.54	4.0	0.9	서	278	24.4	1013.2	-	291	
2021-07-18 00:45:00	2.9	남서	221	24.97	24.83	0.33	3.9	0.53	4.0	1.4	서남서	257	24.5	1013.2	-	297	
2021-07-18 00:50:00	2.5	서	266	24.95	24.54	0.35	4.4	0.45	3.5	1.3	서남서	242	24.5	1013.2	-	75	
2021-07-18 00:55:00	1.9	남동	139	24.82	24.91	0.33	4.2	0.49	4.5	1.3	남서	216	24.5	1013.2	-	348	
2021-07-18 01:00:00	4.1	서남서	240	24.89	24.64	0.33	4.1	0.44	4.5	1.0	남서	227	24.4	1013.2	-	147	
2021-07-18 01:05:00	4.0	남서	227	24.84	24.48	0.35	3.9	0.45	3.5	0.9	남서	233	24.4	1013.2	-	69	
2021-07-18 01:10:00	3.8	서남서	243	24.83	24.86	0.35	4.2	0.54	4.5	0.8	남서	235	24.4	1013.2	-	92	
2021-07-18 01:15:00	3.0	서북서	285	24.85	24.83	0.32	3.9	0.48	3.5	0.7	남서	219	24.4	1013.2	-	295	
2021-07-18 01:20:00	2.0	서북서	288	24.91	24.70	0.30	4.5	0.40	4.0	0.8	서	267	24.4	1013.1	-	251	
2021-07-18 01:25:00	3.3	서북서	295	24.85	24.67	0.31	3.9	0.43	4.0	1.0	서	274	24.3	1013.1	-	285	
2021-07-18 01:30:00	2.4	북서	307	24.92	24.56	0.35	4.3	0.51	4.0	1.1	서	261	24.3	1013.2	-	207	
2021-07-18 01:35:00	3.4	북북서	332	24.83	24.60	0.34	4.2	0.43	3.5	1.1	서	275	24.3	1013.1	-	56	
2021-07-18 01:40:00	1.9	북북서	335	24.96	24.56	0.35	4.1	0.45	4.0	1.3	서북서	298	24.2	1013.1	-	213	
2021-07-18 01:45:00	3.6	북서	317	24.97	24.51	0.34	4.0	0.67	4.0	0.6	북서	304	24.1	1013.0	-	52	
2021-07-18 01:50:00	2.3	북서	310	24.98	24.52	0.31	3.8	0.43	4.5	0.6	서남서	256	24.0	1013.1	-	249	
2021-07-18 01:55:00	1.6	북북서	329	24.97	24.43	0.31	4.2	0.43	4.0	0.6	남서	230	24.0	1013.1	-	281	
2021-07-18 02:00:00	3.4	북서	310	24.95	24.67	0.33	4.0	0.46	4.5	0.7	남서	236	24.1	1013.1	-	103	
2021-07-18 02:05:00	3.8	북서	306	24.94	24.59	0.33	3.8	0.50	4.0	0.6	서남서	249	24.1	1013.0	-	351	
2021-07-18 02:10:00	4.8	북서	322	24.96	24.59	0.33	4.0	0.45	4.5	1.1	서북서	290	24.1	1013.0	-	142	
2021-07-18 02:15:00	5.3	북서	319	24.98	24.71	0.34	3.8	0.55	4.0	1.8	서	279	24.1	1012.9	-	307	
2021-07-18 02:20:00	4.3	북북서	335	25.01	24.65	0.32	4.2	0.44	4.0	1.7	서남서	258	24.0	1012.9	-	264	
2021-07-18 02:25:00	5.8	북	353	24.95	24.55	0.29	3.8	0.43	4.0	1.0	서	276	24.1	1012.9	-	139	
2021-07-18 02:30:00	6.5	북북서	335	24.98	24.57	0.36	4.4	0.57	4.0	0.4	서	277	24.0	1012.9	-	99	
2021-07-18 02:35:00	3.3	서북서	297	24.91	24.60	0.32	4.0	0.54	4.0	0.6	서	271	24.0	1012.9	-	276	
2021-07-18 02:40:00	5.6	북서	323	24.83	24.60	0.34	4.1	0.50	4.0	0.6	서	264	24.1	1012.9	-	125	
2021-07-18 02:45:00	8.2	북북서	331	24.75	24.51	0.37	4.0	0.60	4.0	0.8	서남서	256	24.0	1012.9	-	267	
2021-07-18 02:50:00	5.6	북북서	335	24.71	24.58	0.34	3.8	0.55	4.0	1.2	서남서	245	24.0	1012.9	-	141	
2021-07-18 02:55:00	6.5	북북서	336	24.78	24.62	0.30	4.3	0.42	4.0	1.3	남서	215	24.0	1012.9	-	300	
2021-07-18 03:00:00	5.9	북	349	24.78	24.51	0.32	3.9	0.45	4.0	1.1	남남서	209	23.9	1012.9	-	279	
2021-07-18 03:05:00	5.2	북서	307	24.72	24.53	0.36	3.8	0.50	3.5	1.1	서남서	238	23.9	1012.8	-	338	
2021-07-18 03:10:00	7.1	북북서	336	24.63	24.70	0.38	3.8	0.54	3.5	1.3	서남서	241	23.9	1012.8	-	104	
2021-07-18 03:15:00	6.1	북북서	331	24.52	24.77	0.38	3.7	0.69	4.0	1.3	서남서	244	23.9	1012.7	-	315	
2021-07-18 03:20:00	5.7	북북서	328	24.51	24.76	0.35	4.1	0.53	4.0	1.2	남서	232	23.9	1012.7	-	258	
2021-07-18 03:25:00	6.0	북서	312	24.49	24.94	0.31	3.8	0.44	4.5	1.7	남서	231	23.9	1012.8	-	270	
2021-07-18 03:30:00	5.2	서북서	294	24.50	24.68	0.39	3.9	0.63	3.5	1.9	서남서	248	23.9	1012.7	-	325	
2021-07-18 03:35:00	5.9	북서	314	24.41	24.60	0.32	4.1	0.48	4.5	1.9	서남서	248	23.8	1012.7	-	102	
2021-07-18 03:40:00	6.6	북서	307	24.26	24.59	0.29	3.8	0.48	4.0	1.6	서남서	250	23.7	1012.7	-	284	
2021-07-18 03:45:00	5.6	북서	320	24.18	24.50	0.33	3.8	0.41	4.0	2.1	서남서	237	23.8	1012.7	-	271	
2021-07-18 03:50:00	5.4	북북서	333	24.11	24.35	0.34	3.8	0.55	4.0	3.0	남서	235	23.7	1012.7	-	158	
2021-07-18 03:55:00	6.6	북북서	341	24.08	24.38	0.34	3.8	0.48	3.0	2.7	남서	233	23.7	1012.7	-	44	
2021-07-18 04:00:00	5.6	북북서	335	24.07	24.38	0.31	3.9	0.60	3.5	2.3	남서	218	23.6	1012.7	-	228	
2021-07-18 04:05:00	6.9	북북서	327	24.06	24.22	0.33	3.6	0.49	3.0	2.4	남서	221	23.5	1012.7	-	323	
2021-07-18 04:10:00	5.6	서북서	300	24.12	24.48	0.35	3.9	0.67	4.0	2.9	남서	225	23.5	1012.7	-	271	
2021-07-18 04:15:00	6.3	북북서	349	24.09	24.64	0.34	4.0	0.54	4.0	2.7	남서	221	23.4	1012.7	-	292	
2021-07-18 04:20:00	6.7	북북서	330	23.92	24.34	0.35	4.0	0.52	4.0	2.1	남서	218	23.4	1012.8	-	91	
2021-07-18 04:25:00	6.1	북	354	23.90	24.37	0.35	4.0	0.54	4.0	1.8	남서	225	23.4	1012.8	-	230	
2021-07-18 04:30:00	6.0	북북서	335	23.72	24.47	0.34	3.6	0.46	3.0	2.0	남서	218	23.5	1012.8	-	105	
2021-07-18 04:35:00	4.0	북서	322	24.24	24.45	0.32	3.4	0.50	4.0	2.0	남서	221	23.6	1012.8	-	273	
2021-07-18 04:40:00	3.5	서북서	283	24.58	24.19	0.33	3.9	0.61	4.0	1.9	남서	224	23.6	1012.8	-	1	
2021-07-18 04:45:00	5.3	서북서	294	24.51	24.33	0.32	4.2	0.44	4.0	1.6	남서	227	23.6	1012.8	-	70	
2021-07-18 04:50:00	4.3	북서	306	24.28	24.34	0.33	4.0	0.52	3.5	1.9	서남서	238	23.6	1012.7	-	276	
2021-07-18 04:55:00	5.1	서북서	300	24.42	24.56	0.28	3.8	0.40	3.0	2.6	서남서	251	23.6	1012.8	-	78	
2021-07-18 05:00:00	5.0	서북서	300	24.34	24.66	0.28	3.8	0.46	3.5	2.9	서남서	257	23.6	1012.8	-	141	
2021-07-18 05:05:00	5.2	서북서	288	24.30	24.66	0.30	4.0	0.40	3.5	2.8	서남서	256	23.7	1012.7	-	288	
2021-07-18 05:10:00	6.6	서북서	290	24.21	24.45	0.28	3.9	0.47	4.0	3.0	서남서	256	23.7	1012.7	-	267	
2021-07-18 05:15:00	6.5	서북서	302	24.24	24.93	0.29	4.2	0.39	4.0	2.8	서남서	252	23.7	1012.8	-	331	
2021-07-18 05:20:00	4.4	북서	311	23.93	24.65	0.26	4.0	0.38	5.0	2.8	서남서	255	23.7	1012.8	-	11	
2021-07-18 05:25:00	6.4	서북서	299	23.97	24.68	0.28	4.2	0.44	4.0	2.2	서	266	23.8	1012.8	-	224	
2021-07-18 05:30:00	4.4	서북서	300	24.08	24.50	0.33	4.4	0.60	3.5	2.4	서	274	23.9	1012.8	-	69	
2021-07-18 05:35:00	6.5	북서	311	23.88	24.72	0.28	3.8	0.41	4.0	1.5	서	275	23.9	1012.8	-	304	
2021-07-18 05:40:00	4.9	서	273	24.21	24.86	0.33	4.1	0.48	4.5	1.2	서	271	23.9	1012.9	-	295	
2021-07-18 05:45:00	7.6	서남서	257	24.67	24.65	0.30	3.9	0.45	3.0	2.3	남서	231	23.8	1013.0	-	159	
2021-07-18 05:50:00	6.2	서	267	24.78	24.39	0.30	3.8	0.44	3.5	2.0	남서	217	23.9	1013.1	-	350	
2021-07-18 05:55:00	12.0	서남서	254	24.94	24.52	0.31	3.8	0.48	4.0	1.3	남남서	203	23.7	1013.1	-	75	
2021-07-18 06:00:00	6.4	남서	231	24.75	24.26	0.33	4.0	0.51	4.0	1.0	남	171	23.7	1013.1	-	294	
2021-07-18 06:05:00	8.9	서남서	258	24.76	24.69	0.30	4.5	0.40	4.5	1.1	남남동	165	23.9	1013.1	-	101	
2021-07-18 06:10:00	8.1	서	277	24.32	24.52	0.28	3.9	0.40	4.0	0.7	남	174	24.2	1013.2	-	302	
2021-07-18 06:15:00	10.3	서	273	24.50	24.72	0.28	3.8	0.62	4.0	1.0	남남서	203	24.3	1013.2	-	300	
2021-07-18 06:20:00	8.0	서남서	256	24.83	24.58	0.27	3.5	0.39	3.5	0.8	남	185	24.6	1013.2	-	246	
2021-07-18 06:25:00	7.4	서북서	282	24.46	24.56	0.25	3.8	0.34	4.0	1.1	남	174	24.6	1013.2	-	145	
2021-07-18 06:30:00	2.9	서북서	288	24.31	24.65	0.31	4.1	0.49	3.5	1.3	남남동	164	24.3	1013.2	-	292	
2021-07-18 06:35:00	3.9	서	272	24.39	24.52	0.27	4.0	0.48	3.5	1.3	남남동	163	24.5	1013.2	-	50	
2021-07-18 06:40:00	4.1	서북서	304	24.48	24.56	0.30	3.8	0.40	4.0	1.0	남	172	24.6	1013.3	-	289	
2021-07-18 06:45:00	3.5	서	270	24.60	24.40	0.29	3.9	0.49	3.5	0.6	남	172	24.3	1013.3	-	299	
2021-07-18 06:50:00	4.9	서남서	255	24.78	24.30	0.31	3.8	0.49	3.5	0.3	남남동	162	24.2	1013.2	-	310	
2021-07-18 06:55:00	2.1	서북서	301	24.64	24.39	0.34	4.2	0.49	4.0	0.6	남	176	24.3	1013.1	-	333	
2021-07-18 07:00:00	4.2	서	261	24.67	24.36	0.27	4.0	0.37	3.5	0.8	남남서	192	24.3	1013.2	-	113	
2021-07-18 07:05:00	5.9	남남서	212	24.75	23.99	0.31	4.1	0.42	3.5	0.3	남남동	153	24.5	1013.2	-	124	
2021-07-18 07:10:00	5.5	남남서	205	24.67	24.16	0.32	4.1	0.53	3.5	0.4	남동	124	25.1	1013.2	-	261	
2021-07-18 07:15:00	5.5	서남서	256	24.76	24.22	0.30	4.0	0.48	3.5	0.5	동남동	122	25.6	1013.1	-	54	
2021-07-18 07:20:00	14.9	남서	235	24.72	23.96	0.29	4.2	0.37	3.0	0.4	남동	126	25.6	1013.2	-	107	
2021-07-18 07:25:00	11.5	서남서	245	24.79	24.31	0.31	4.4	0.43	3.5	0.3	남동	138	25.7	1013.3	-	73	
2021-07-18 07:30:00	10.3	서	264	24.81	24.44	0.28	3.6	0.42	3.0	0.1	남동	131	26.5	1013.3	-	297	
2021-07-18 07:35:00	9.2	서	262	24.80	24.32	0.31	3.9	0.40	4.5	0.1	남남동	167	26.8	1013.4	-	107	
2021-07-18 07:40:00	6.4	서	271	24.81	24.44	0.28	3.9	0.40	4.5	0.2	남남동	154	26.4	1013.4	-	254	
2021-07-18 07:45:00	5.4	서북서	303	24.83	24.60	0.32	3.5	0.44	4.0	0.3	남남동	164	26.1	1013.4	-	108	
2021-07-18 07:50:00	8.8	북서	314	24.83	24.71	0.29	3.7	0.46	4.0	0.1	남남동	164	26.0	1013.4	-	213	
2021-07-18 07:55:00	8.6	북북서	348	24.67	24.53	0.33	4.2	0.52	4.5	0.0	서남서	247	26.3	1013.5	-	118	
2021-07-18 08:00:00	9.1	북북서	341	24.65	24.50	0.29	4.1	0.47	4.0	0.0	서남서	243	26.5	1013.5	-	330	
2021-07-18 08:05:00	6.9	북북서	330	24.68	24.67	0.34	4.0	0.54	4.0	0.0	동남동	105	27.3	1013.5	-	120	
2021-07-18 08:10:00	5.8	북	4	24.66	24.97	0.27	4.4	0.40	4.5	0.2	남동	131	27.3	1013.5	-	32	
2021-07-18 08:15:00	4.9	북	5	24.66	24.94	0.33	4.1	0.59	3.5	0.5	남동	126	26.5	1013.5	-	107	
2021-07-18 08:20:00	4.5	북북서	339	24.65	24.72	0.30	4.0	0.41	3.5	0.8	동남동	119	25.9	1013.5	-	91	
2021-07-18 08:25:00	3.9	북북서	348	24.77	24.37	0.32	4.2	0.43	4.0	1.1	동남동	120	25.5	1013.6	-	91	
2021-07-18 08:30:00	7.2	북북서	346	24.69	24.63	0.30	3.8	0.45	3.0	0.8	동남동	115	25.4	1013.6	-	223	
2021-07-18 08:35:00	5.2	북북서	348	24.75	24.75	0.31	4.1	0.45	3.5	1.6	동남동	123	25.4	1013.6	-	103	
2021-07-18 08:40:00	6.1	북	1	24.74	24.65	0.31	4.1	0.53	4.0	1.7	남동	126	26.0	1013.6	-	76	
2021-07-18 08:45:00	4.7	북	3	24.79	24.64	0.34	4.5	0.45	5.5	1.8	남동	127	26.0	1013.6	-	130	
2021-07-18 08:50:00	3.7	북	352	24.82	24.60	0.34	4.2	0.38	4.0	2.0	남동	127	25.9	1013.6	-	126	
2021-07-18 08:55:00	6.0	북북동	12	24.68	24.71	0.31	3.9	0.40	4.5	2.2	남동	130	25.8	1013.6	-	135	
2021-07-18 09:00:00	7.8	북북동	27	24.55	24.70	0.31	4.3	0.42	3.5	2.2	남동	126	25.7	1013.6	-	156	
2021-07-18 09:05:00	4.4	북	11	24.60	24.88	0.34	4.3	0.47	4.0	1.9	남동	132	25.9	1013.6	-	118	
2021-07-18 09:10:00	3.3	북북서	337	24.79	24.93	0.29	3.8	0.44	3.5	2.1	동남동	110	25.6	1013.5	-	281	
2021-07-18 09:15:00	2.3	북북서	333	24.74	24.79	0.32	3.9	0.54	4.0	2.4	동	98	25.5	1013.4	-	282	
2021-07-18 09:20:00	3.4	북북동	12	24.44	24.69	0.39	4.3	0.52	4.5	2.6	동	94	25.7	1013.4	-	127	
2021-07-18 09:25:00	4.4	북북서	329	24.73	24.69	0.35	3.8	0.54	4.0	2.5	동	86	25.8	1013.4	-	95	
2021-07-18 09:30:00	3.4	북	349	24.79	24.99	0.31	3.8	0.45	3.5	2.8	동북동	78	25.6	1013.4	-	64	
2021-07-18 09:35:00	2.9	북	351	24.78	24.71	0.34	3.9	0.54	4.0	2.6	동북동	77	25.6	1013.4	-	63	
2021-07-18 09:40:00	4.9	북동	37	24.85	24.82	0.31	4.1	0.51	4.5	2.8	동	79	25.8	1013.4	-	93	
2021-07-18 09:45:00	2.9	동	93	24.90	24.42	0.28	4.1	0.39	4.5	3.2	동	84	25.8	1013.4	-	288	
2021-07-18 09:50:00	3.2	남동	142	24.93	24.21	0.30	3.9	0.39	4.5	3.4	동	83	25.6	1013.3	-	55	
2021-07-18 09:55:00	3.1	동남동	122	24.93	24.33	0.32	3.8	0.52	4.0	3.4	동	84	25.5	1013.2	-	62	
2021-07-18 10:00:00	3.2	남남동	161	25.03	24.27	0.32	3.8	0.54	4.0	3.5	동	83	25.5	1013.3	-	105	
2021-07-18 10:05:00	1.4	서	278	24.98	24.44	0.26	4.2	0.36	4.0	3.4	동	91	25.4	1013.4	-	130	
2021-07-18 10:10:00	7.0	서남서	243	25.13	24.06	0.25	4.0	0.48	3.0	3.4	동	94	25.5	1013.5	-	270	
2021-07-18 10:15:00	2.2	서	267	24.99	24.22	0.29	4.2	0.45	5.5	3.4	동남동	102	25.4	1013.5	-	105	
2021-07-18 10:20:00	1.6	북서	316	25.09	24.17	0.29	4.0	0.44	4.5	3.2	동	98	25.5	1013.4	-	293	
2021-07-18 10:25:00	1.0	서북서	294	25.09	24.25	0.29	4.5	0.41	4.5	3.3	동	97	25.5	1013.3	-	271	
2021-07-18 10:30:00	2.4	남서	220	25.09	24.02	0.25	4.4	0.35	4.5	3.7	동	101	25.5	1013.3	-	358	
2021-07-18 10:35:00	0.9	북	7	25.03	24.18	0.26	3.8	0.37	3.5	3.9	동	99	25.4	1013.3	-	264	
2021-07-18 10:40:00	2.1	북북서	346	25.11	24.21	0.29	4.1	0.46	4.5	4.0	동	99	25.5	1013.3	-	111	
2021-07-18 10:45:00	2.3	서북서	299	25.11	24.26	0.27	3.7	0.39	4.0	4.3	동	101	25.5	1013.2	-	155	
2021-07-18 10:50:00	3.3	서북서	284	25.19	24.23	0.26	3.9	0.36	3.5	4.5	동남동	108	25.6	1013.3	-	279	
2021-07-18 10:55:00	10.6	서	261	25.32	24.31	0.26	4.0	0.39	3.0	4.2	동남동	110	25.6	1013.3	-	91	
2021-07-18 11:00:00	-	-	-	-	-	0.00	0.0	0.00	0.0	3.7	동남동	116	25.7	1013.2	-	0	
2021-07-18 11:05:00	15.2	서	270	25.41	24.37	0.27	4.3	0.38	4.0	3.8	동남동	112	25.7	1013.2	-	48	
2021-07-18 11:10:00	17.0	서	270	25.45	24.29	0.30	4.0	0.41	4.5	3.8	동남동	116	25.8	1013.2	-	266	
2021-07-18 11:15:00	21.0	서	272	25.51	24.22	0.32	4.2	0.43	4.0	4.1	동남동	115	25.9	1013.2	-	109	
2021-07-18 11:20:00	20.5	서	276	25.48	24.36	0.29	4.0	0.43	4.0	4.3	동남동	116	25.9	1013.1	-	319	
2021-07-18 11:25:00	20.8	서	273	25.36	24.57	0.31	4.1	0.47	4.0	4.5	동남동	119	25.9	1013.0	-	9	
2021-07-18 11:30:00	19.9	서	273	25.30	24.37	0.33	4.2	0.43	4.0	4.7	동남동	121	26.0	1013.0	-	79	
2021-07-18 11:35:00	20.3	서북서	283	25.33	24.41	0.27	3.8	0.41	4.5	5.0	남동	128	26.0	1013.1	-	174	
2021-07-18 11:40:00	20.5	서북서	288	25.53	24.35	0.32	4.2	0.43	3.5	5.2	남동	131	26.0	1013.1	-	116	
2021-07-18 11:45:00	22.0	서북서	284	25.59	24.31	0.29	4.2	0.42	4.0	5.0	남동	131	26.1	1013.1	-	104	
2021-07-18 11:50:00	27.5	서북서	284	25.58	24.40	0.26	4.0	0.51	4.0	5.1	남동	128	26.0	1013.1	-	112	
2021-07-18 11:55:00	22.6	서북서	286	25.43	24.41	0.27	4.0	0.41	5.0	5.0	남동	127	26.0	1013.1	-	108	
2021-07-18 12:00:00	25.2	서북서	286	25.49	24.55	0.26	4.2	0.35	4.0	4.9	동남동	122	25.9	1013.0	-	47	
2021-07-18 12:05:00	26.1	서북서	286	25.48	24.40	0.30	4.2	0.42	4.0	4.4	남동	125	26.0	1013.0	-	137	
2021-07-18 12:10:00	23.6	서북서	285	25.43	24.55	0.30	4.0	0.46	4.0	4.8	남동	125	25.9	1013.0	-	110	
2021-07-18 12:15:00	25.6	서북서	289	25.37	24.38	0.28	3.6	0.43	3.0	4.3	남동	127	25.9	1012.9	-	247	
2021-07-18 12:20:00	25.1	서북서	291	25.45	24.35	0.30	4.3	0.42	4.0	4.8	남동	127	25.9	1012.9	-	266	
2021-07-18 12:25:00	25.0	서북서	292	25.51	24.41	0.27	4.3	0.38	3.5	4.8	남동	124	26.0	1012.8	-	327	
2021-07-18 12:30:00	25.7	서북서	292	25.47	24.11	0.27	4.1	0.38	4.0	4.7	남동	128	26.0	1012.8	-	126	
2021-07-18 12:35:00	27.2	서북서	292	25.46	24.59	0.28	4.3	0.37	4.0	4.5	남동	126	26.0	1012.8	-	76	
2021-07-18 12:40:00	24.7	서북서	294	25.44	24.80	0.25	3.7	0.31	3.5	4.5	남동	129	26.0	1012.7	-	147	
2021-07-18 12:45:00	27.1	서북서	294	25.47	24.60	0.25	4.0	0.34	3.5	4.9	남동	128	26.0	1012.7	-	155	
2021-07-18 12:50:00	26.0	서북서	295	25.47	24.61	0.28	4.3	0.41	4.5	4.6	남동	125	26.0	1012.6	-	59	
2021-07-18 12:55:00	26.4	서북서	293	25.42	24.83	0.18	3.7	0.36	3.7	4.6	남동	125	26.1	1012.6	-	92	
2021-07-18 13:00:00	26.0	서북서	297	25.39	24.41	0.00	0.0	0.00	0.0	4.7	남동	126	26.1	1012.6	-	0	
2021-07-18 13:05:00	25.2	북서	311	25.52	24.55	0.00	0.0	0.00	0.0	4.7	남동	125	26.1	1012.7	-	0	
2021-07-18 13:10:00	23.7	북서	306	25.47	25.09	0.00	0.0	0.00	0.0	4.7	동남동	123	26.2	1012.6	-	0	
2021-07-18 13:15:00	23.1	북서	313	25.23	24.86	0.00	0.0	0.00	0.0	4.8	남동	126	26.2	1012.6	-	0	
2021-07-18 13:20:00	24.3	북서	320	25.48	24.77	0.00	0.0	0.00	0.0	4.7	동남동	122	26.2	1012.5	-	0	
2021-07-18 13:25:00	23.7	북서	320	25.47	24.78	0.00	0.0	0.00	0.0	4.8	동남동	121	26.3	1012.5	-	0	
2021-07-18 13:30:00	-	-	-	-	-	-	-	-	-	-	-	-	-	-	-	-	
2021-07-18 13:35:00	-	-	-	-	-	-	-	-	-	-	-	-	-	-	-	-	
2021-07-18 13:40:00	-	-	-	-	-	-	-	-	-	-	-	-	-	-	-	-	
2021-07-18 13:45:00	-	-	-	-	-	-	-	-	-	-	-	-	-	-	-	-	
2021-07-18 13:50:00	-	-	-	-	-	-	-	-	-	-	-	-	-	-	-	-	
2021-07-18 13:55:00	-	-	-	-	-	-	-	-	-	-	-	-	-	-	-	-	
2021-07-18 14:00:00	21.3	북북서	339	25.87	24.65	0.25	3.8	0.35	3.5	4.5	동남동	118	26.6	1012.4	-	167	
2021-07-18 14:05:00	21.7	북북서	339	25.89	24.63	0.26	4.0	0.46	4.0	4.3	동남동	116	26.7	1012.3	-	151	
2021-07-18 14:10:00	24.4	북북서	327	26.27	24.83	0.31	4.0	0.42	4.5	4.3	동남동	113	26.7	1012.2	-	226	
2021-07-18 14:15:00	23.3	북북서	329	26.10	24.32	0.26	3.8	0.47	3.5	4.4	동남동	108	26.7	1012.2	-	272	
2021-07-18 14:20:00	20.4	북서	326	26.12	24.35	0.25	4.0	0.48	4.0	4.7	동남동	110	26.7	1012.1	-	103	
2021-07-18 14:25:00	23.2	북북서	331	26.19	24.23	0.28	3.9	0.49	4.0	4.6	동남동	109	26.7	1012.1	-	109	
2021-07-18 14:30:00	21.5	북북서	331	26.10	24.42	0.30	4.0	0.43	4.0	4.4	동남동	114	26.7	1012.1	-	119	
2021-07-18 14:35:00	21.6	북북서	332	26.07	24.55	0.30	3.9	0.43	3.0	4.0	동남동	112	26.7	1012.2	-	280	
2021-07-18 14:40:00	23.9	북북서	331	25.98	24.48	0.29	3.5	0.44	4.5	4.4	동남동	109	26.8	1012.2	-	130	
2021-07-18 14:45:00	22.0	북북서	331	25.94	24.57	0.30	4.2	0.40	3.5	4.6	동남동	113	26.7	1012.1	-	58	
2021-07-18 14:50:00	20.9	북북서	333	25.96	24.78	0.30	4.0	0.39	4.0	4.2	동남동	116	26.8	1012.2	-	125	
2021-07-18 14:55:00	19.7	북북서	331	25.97	24.48	0.30	4.1	0.42	4.5	4.1	동남동	111	26.8	1012.3	-	322	
2021-07-18 15:00:00	20.5	북북서	328	25.94	24.52	0.26	3.8	0.35	4.0	4.0	동남동	110	26.8	1012.2	-	245	
2021-07-18 15:05:00	21.1	북북서	327	25.90	24.46	0.27	4.0	0.43	3.5	3.8	동남동	111	26.8	1012.2	-	111	
2021-07-18 15:10:00	21.4	북북서	330	25.87	24.39	0.27	3.9	0.37	3.0	3.9	동남동	109	26.8	1012.2	-	132	
2021-07-18 15:15:00	19.1	북북서	336	25.86	24.48	0.28	4.2	0.45	4.5	4.0	동남동	115	26.8	1012.2	-	185	
2021-07-18 15:20:00	19.6	북북서	328	25.82	24.30	0.30	4.0	0.45	4.0	3.7	동남동	121	26.7	1012.3	-	259	
2021-07-18 15:25:00	22.2	북북서	330	25.67	24.47	0.24	4.0	0.31	4.0	3.5	동남동	122	26.8	1012.3	-	279	
2021-07-18 15:30:00	21.6	북북서	332	25.67	24.41	0.27	3.9	0.51	3.5	3.2	동남동	119	26.8	1012.2	-	344	
2021-07-18 15:35:00	21.1	북북서	334	25.76	24.64	0.26	3.7	0.38	4.0	3.4	동남동	112	26.8	1012.2	-	274	
2021-07-18 15:40:00	19.5	북북서	336	25.79	24.40	0.28	4.0	0.42	4.0	3.3	동남동	113	26.8	1012.2	-	104	
2021-07-18 15:45:00	17.8	북북서	331	25.86	24.42	0.26	3.4	0.41	3.0	3.6	동남동	112	26.9	1012.2	-	123	
2021-07-18 15:50:00	16.2	북북서	337	25.90	24.33	0.29	4.2	0.38	4.0	3.6	동남동	113	26.9	1012.2	-	244	
2021-07-18 15:55:00	18.0	북북서	343	25.73	24.41	0.30	4.0	0.43	3.5	3.4	동남동	115	26.8	1012.2	-	77	
2021-07-18 16:00:00	13.9	북북서	342	25.98	24.29	0.22	3.7	0.31	4.5	3.4	동남동	117	26.8	1012.3	-	43	
2021-07-18 16:05:00	12.0	북북서	340	26.08	24.31	0.25	4.0	0.37	4.0	3.3	동남동	117	26.7	1012.3	-	239	
2021-07-18 16:10:00	13.2	북	350	26.10	24.23	0.26	4.0	0.36	4.5	3.3	동남동	113	26.7	1012.2	-	327	
2021-07-18 16:15:00	9.4	북북서	349	26.22	24.34	0.28	3.4	0.47	3.0	3.2	동남동	111	26.7	1012.1	-	336	
2021-07-18 16:20:00	9.5	북	352	26.16	24.27	0.27	4.3	0.36	4.0	3.4	동남동	107	26.6	1012.1	-	25	
2021-07-18 16:25:00	9.7	북	2	26.16	24.28	0.28	4.0	0.42	4.0	3.5	동남동	113	26.7	1012.1	-	262	
2021-07-18 16:30:00	11.5	북	350	26.00	24.34	0.24	4.0	0.34	3.5	3.5	동남동	118	26.7	1012.1	-	276	
2021-07-18 16:35:00	10.8	북	355	25.85	24.45	0.25	4.0	0.36	4.0	3.3	동남동	118	26.7	1012.1	-	241	
2021-07-18 16:40:00	8.5	북	0	25.64	24.47	0.27	4.0	0.36	4.0	3.1	동남동	118	26.7	1012.0	-	40	
2021-07-18 16:45:00	11.8	북북서	347	25.56	24.68	0.24	4.0	0.33	4.0	3.3	동남동	115	26.7	1012.0	-	252	
2021-07-18 16:50:00	12.4	북북서	348	25.42	24.58	0.26	3.5	0.38	3.0	3.6	동남동	109	26.7	1011.9	-	146	
2021-07-18 16:55:00	11.6	북	356	25.54	24.73	0.24	4.2	0.35	4.0	3.7	동남동	111	26.6	1011.9	-	119	
2021-07-18 17:00:00	8.2	북북서	344	26.00	24.70	0.30	4.1	0.41	4.0	4.0	동남동	119	26.5	1012.0	-	244	
2021-07-18 17:05:00	8.1	북북서	345	26.21	24.42	0.24	4.1	0.41	4.5	4.4	동남동	123	26.4	1012.0	-	263	
2021-07-18 17:10:00	8.5	북북서	330	26.03	24.41	0.24	4.0	0.37	3.5	3.8	남동	128	26.4	1012.1	-	1	
2021-07-18 17:15:00	8.4	북서	324	25.52	24.52	0.25	3.8	0.38	4.0	3.6	남동	131	26.4	1012.1	-	253	
2021-07-18 17:20:00	10.5	북서	318	26.09	24.34	0.24	4.0	0.35	3.5	3.7	남동	129	26.3	1012.2	-	261	
2021-07-18 17:25:00	12.1	북서	321	26.04	24.34	0.23	4.0	0.31	3.5	3.9	남동	124	26.3	1012.3	-	173	
2021-07-18 17:30:00	13.2	북서	324	26.04	24.22	0.24	4.1	0.30	4.0	4.2	남동	128	26.3	1012.2	-	255	
2021-07-18 17:35:00	10.2	북북서	330	26.00	24.38	0.27	3.9	0.43	4.0	4.6	남동	129	26.3	1012.2	-	309	
2021-07-18 17:40:00	13.7	북북서	329	26.07	24.20	0.26	4.2	0.36	4.5	4.6	남동	128	26.3	1012.1	-	150	
2021-07-18 17:45:00	14.5	북서	323	26.06	24.23	0.31	3.8	0.47	4.0	4.5	남동	132	26.2	1012.1	-	241	
2021-07-18 17:50:00	15.7	북서	318	25.94	24.27	0.27	4.1	0.38	4.0	4.5	남동	135	26.2	1012.1	-	279	
2021-07-18 17:55:00	17.1	북북서	328	25.78	24.18	0.27	3.6	0.47	4.0	4.6	남동	136	26.2	1012.1	-	153	
2021-07-18 18:00:00	15.8	북북서	327	25.99	24.66	0.26	3.9	0.44	4.0	4.2	남동	137	26.2	1012.2	-	241	
2021-07-18 18:05:00	17.7	북서	324	25.95	24.44	0.28	3.7	0.37	4.0	4.1	남동	139	26.2	1012.2	-	184	
2021-07-18 18:10:00	15.7	북서	319	25.87	24.41	0.28	4.0	0.38	4.5	4.1	남동	139	26.2	1012.2	-	264	
2021-07-18 18:15:00	16.2	북북서	334	25.90	24.28	0.25	3.8	0.41	3.5	3.9	남동	138	26.1	1012.1	-	68	
2021-07-18 18:20:00	11.3	북북서	336	25.79	24.50	0.26	3.7	0.39	4.5	3.6	남동	135	26.1	1012.0	-	273	
2021-07-18 18:25:00	13.1	북북서	331	25.69	24.69	0.26	3.8	0.33	4.0	3.5	남동	139	26.1	1012.0	-	275	
2021-07-18 18:30:00	11.3	북	349	25.82	24.58	0.26	3.8	0.38	3.5	3.8	남동	135	26.1	1012.0	-	263	
2021-07-18 18:35:00	10.6	북북서	335	25.70	24.35	0.29	3.8	0.42	5.0	3.7	남동	134	26.1	1012.0	-	153	
2021-07-18 18:40:00	10.2	북북서	339	25.57	23.94	0.26	3.9	0.45	4.0	3.5	남동	138	26.0	1012.1	-	330	
2021-07-18 18:45:00	9.5	북북서	344	25.33	24.13	0.26	3.7	0.42	3.5	3.7	남동	139	26.0	1012.2	-	248	
2021-07-18 18:50:00	10.2	북	352	25.58	24.26	0.29	4.2	0.53	3.5	4.0	남동	133	26.0	1012.2	-	1	
2021-07-18 18:55:00	9.6	북북서	347	25.68	24.25	0.30	4.0	0.48	4.0	3.9	남동	129	26.0	1012.2	-	337	
2021-07-18 19:00:00	12.1	북	6	25.74	24.26	0.26	3.9	0.41	4.0	4.0	남동	128	26.0	1012.2	-	304	
2021-07-18 19:05:00	11.5	북	360	25.75	24.29	0.23	3.7	0.38	4.0	3.9	남동	128	26.0	1012.2	-	100	
2021-07-18 19:10:00	14.0	북	2	25.74	24.05	0.28	3.8	0.39	4.0	4.1	남동	124	26.0	1012.1	-	97	
2021-07-18 19:15:00	15.9	북	353	25.69	24.12	0.27	3.9	0.36	3.5	4.2	동남동	122	26.0	1012.1	-	230	
2021-07-18 19:20:00	16.9	북북서	348	25.66	24.25	0.25	3.8	0.38	3.5	4.0	동남동	122	26.0	1012.1	-	125	
2021-07-18 19:25:00	15.4	북	353	25.65	24.21	0.24	3.9	0.32	4.0	4.3	동남동	121	26.0	1012.1	-	253	
2021-07-18 19:30:00	15.7	북	359	25.64	23.99	0.24	3.9	0.34	4.0	4.2	남동	124	26.0	1012.1	-	257	
2021-07-18 19:35:00	14.8	북	359	25.64	23.93	0.23	3.9	0.33	3.0	3.8	남동	130	26.0	1012.2	-	308	
2021-07-18 19:40:00	12.8	북	0	25.62	23.99	0.23	3.9	0.34	3.5	3.8	남동	136	26.1	1012.1	-	280	
2021-07-18 19:45:00	14.2	북	359	25.60	23.99	0.25	3.9	0.36	3.5	3.2	남동	139	26.3	1012.1	-	139	
2021-07-18 19:50:00	13.9	북북동	14	25.57	24.35	0.24	3.6	0.45	3.5	2.7	남남동	147	26.3	1012.0	-	243	
2021-07-18 19:55:00	14.6	북북동	16	25.56	24.25	0.27	4.2	0.38	4.0	2.3	남남동	151	26.3	1012.0	-	289	
2021-07-18 20:00:00	13.1	북북동	20	25.54	24.14	0.26	4.2	0.40	4.5	2.3	남남동	153	26.2	1012.1	-	273	
2021-07-18 20:05:00	10.3	북북동	23	25.52	24.11	0.23	3.6	0.30	3.5	2.5	남동	140	26.1	1012.0	-	313	
2021-07-18 20:10:00	11.5	북북동	12	25.53	24.17	0.21	3.7	0.35	4.5	2.8	남동	138	26.1	1012.0	-	2	
2021-07-18 20:15:00	8.7	북북동	16	25.54	23.97	0.26	3.9	0.35	4.0	2.4	남남동	149	26.1	1012.0	-	245	
2021-07-18 20:20:00	8.0	북	10	25.55	23.84	0.22	3.7	0.30	3.0	2.0	남남동	161	26.0	1012.0	-	93	
2021-07-18 20:25:00	6.0	북북동	16	25.47	23.94	0.26	4.0	0.40	3.5	2.0	남	183	25.9	1012.0	-	284	
2021-07-18 20:30:00	7.4	북동	43	25.43	24.00	0.24	4.1	0.35	3.5	2.2	남	183	26.0	1012.0	-	92	
2021-07-18 20:35:00	-	-	-	-	-	-	-	-	-	-	-	-	-	-	-	-	
2021-07-18 20:40:00	6.2	북동	36	25.35	24.12	0.16	3.3	0.32	3.3	1.8	남남동	156	26.4	1012.1	-	306	
2021-07-18 20:45:00	6.4	북동	37	25.41	23.99	0.24	3.9	0.38	3.5	1.5	남남동	161	26.2	1012.1	-	93	
2021-07-18 20:50:00	5.7	북동	51	25.36	24.50	0.24	3.9	0.31	3.5	1.7	남남동	149	26.1	1012.1	-	15	
2021-07-18 20:55:00	3.7	북북동	27	25.36	23.98	0.25	3.7	0.32	3.0	2.0	남남동	150	26.0	1012.2	-	98	
2021-07-18 21:00:00	4.5	북동	35	24.97	24.05	0.25	4.0	0.34	4.5	1.9	남남동	149	26.0	1012.2	-	302	
2021-07-18 21:05:00	5.3	북북동	27	24.54	24.38	0.21	4.0	0.29	3.5	2.2	남	172	26.0	1012.2	-	116	
2021-07-18 21:10:00	5.3	북북동	30	24.41	24.36	0.28	4.2	0.44	4.0	2.5	남남동	155	26.2	1012.2	-	280	
2021-07-18 21:15:00	2.8	북북서	330	24.15	24.51	0.23	3.8	0.30	4.5	1.7	남	172	26.3	1012.2	-	279	
2021-07-18 21:20:00	3.4	북	1	24.13	24.46	0.24	4.2	0.32	4.0	1.1	남	170	26.2	1012.2	-	6	
2021-07-18 21:25:00	1.1	동	83	24.06	24.55	0.25	3.9	0.36	3.5	1.2	남남동	159	26.3	1012.2	-	236	
2021-07-18 21:30:00	2.7	북동	41	23.95	24.74	0.23	4.0	0.35	4.0	1.1	남남동	165	26.4	1012.2	-	271	
2021-07-18 21:35:00	2.2	북북동	25	23.79	24.91	0.25	4.1	0.35	3.5	1.0	남남동	165	26.4	1012.3	-	299	
2021-07-18 21:40:00	1.3	북북동	22	23.60	24.66	0.27	4.1	0.41	4.0	1.0	남	187	26.2	1012.3	-	193	
2021-07-18 21:45:00	0.5	북	11	23.67	24.73	0.23	3.8	0.40	3.0	1.0	남서	214	26.1	1012.4	-	316	
2021-07-18 21:50:00	3.1	북서	314	23.95	24.58	0.25	3.8	0.36	4.5	1.3	서남서	246	26.1	1012.4	-	56	
2021-07-18 21:55:00	1.7	북북서	341	23.69	24.73	0.25	3.8	0.37	4.5	1.0	서남서	257	26.2	1012.4	-	239	
2021-07-18 22:00:00	2.3	북서	310	23.52	24.50	0.24	4.1	0.35	4.0	0.1	서남서	254	26.1	1012.4	-	285	
2021-07-18 22:05:00	1.6	북북동	13	23.19	24.85	0.23	4.0	0.30	3.5	0.0	남남동	167	26.0	1012.3	-	325	
2021-07-18 22:10:00	5.7	서	279	23.46	24.81	0.25	3.7	0.45	3.5	0.0	서	276	26.0	1012.3	-	271	
2021-07-18 22:15:00	3.4	서북서	291	23.47	24.81	0.23	4.2	0.42	4.0	0.0	북서	306	26.0	1012.4	-	70	
2021-07-18 22:20:00	5.0	북서	306	23.64	24.84	0.28	4.2	0.55	4.0	0.8	북서	305	25.8	1012.4	-	185	
2021-07-18 22:25:00	2.9	서	271	23.74	24.69	0.24	4.1	0.33	3.5	0.7	북서	324	25.6	1012.5	-	159	
2021-07-18 22:30:00	1.3	서	281	23.91	24.55	0.23	4.2	0.39	3.5	1.1	북서	308	25.5	1012.5	-	143	
2021-07-18 22:35:00	1.3	서북서	289	23.83	24.29	0.22	3.9	0.43	3.0	1.5	서북서	298	25.4	1012.5	-	122	
2021-07-18 22:40:00	1.7	서북서	295	23.90	24.91	0.22	4.3	0.32	3.5	0.9	서북서	293	25.3	1012.6	-	92	
2021-07-18 22:45:00	3.3	서남서	241	24.22	25.14	0.21	3.8	0.31	3.5	0.4	북북서	333	25.3	1012.6	-	313	
2021-07-18 22:50:00	1.7	남서	217	24.40	24.45	0.20	3.6	0.28	4.0	0.9	서북서	286	25.3	1012.6	-	84	
2021-07-18 22:55:00	1.7	서남서	245	24.13	24.87	0.21	3.7	0.30	3.5	1.0	서	275	25.3	1012.6	-	231	
2021-07-18 23:00:00	2.2	남남서	199	24.23	24.80	0.21	4.2	0.30	4.0	1.0	서북서	285	25.3	1012.6	-	175	
2021-07-18 23:05:00	0.5	남남서	199	24.53	24.87	0.23	3.8	0.35	4.0	1.0	서북서	295	25.3	1012.6	-	61	
2021-07-18 23:10:00	1.5	남	176	24.58	24.60	0.22	3.9	0.34	4.0	1.3	북서	314	25.2	1012.6	-	59	
2021-07-18 23:15:00	0.7	북동	37	24.50	24.41	0.21	3.9	0.31	4.5	1.4	북서	306	25.2	1012.7	-	308	
2021-07-18 23:20:00	0.9	북북서	335	24.06	24.70	0.24	4.0	0.34	4.0	1.1	북서	320	25.2	1012.7	-	244	
2021-07-18 23:25:00	1.7	남남동	165	24.48	24.67	0.21	3.7	0.35	4.5	1.1	북서	311	25.1	1012.7	-	264	
2021-07-18 23:30:00	1.7	남남서	195	24.63	24.46	0.20	4.4	0.26	3.5	0.8	북서	315	25.0	1012.7	-	105	
2021-07-18 23:35:00	1.6	남남서	204	24.53	24.51	0.23	3.6	0.34	3.5	0.9	북서	321	25.0	1012.7	-	104	
2021-07-18 23:40:00	0.5	남서	222	24.13	24.56	0.20	3.7	0.26	4.0	1.2	북서	326	25.0	1012.7	-	87	
2021-07-18 23:45:00	1.4	동남동	104	24.04	24.70	0.21	3.8	0.30	3.5	0.9	북	3	25.0	1012.7	-	228	
2021-07-18 23:50:00	1.0	북	8	23.35	24.70	0.20	3.9	0.27	4.5	1.1	북동	37	25.0	1012.7	-	270	
2021-07-18 23:55:00	0.6	북북동	31	23.33	25.02	0.20	4.1	0.35	3.5	0.7	북북동	21	25.1	1012.7	-	106	
2021-07-19 00:00:00	5.2	동북동	59	22.78	24.49	0.21	3.9	0.38	4.5	0.5	북동	34	25.1	1012.8	-	148	
2021-07-19 00:05:00	2.5	동북동	67	23.10	24.21	0.18	3.8	0.27	3.5	0.6	북북서	327	25.2	1012.8	-	266	
2021-07-19 00:10:00	3.2	동북동	57	22.71	24.61	0.21	3.9	0.30	4.0	0.7	북서	309	25.1	1012.8	-	39	
2021-07-19 00:15:00	3.7	북동	51	22.59	24.87	0.22	3.7	0.31	3.0	0.5	서	274	24.9	1012.8	-	119	
2021-07-19 00:20:00	1.9	남서	233	23.20	25.11	0.22	3.9	0.38	4.0	0.4	서남서	256	24.8	1012.8	-	108	
2021-07-19 00:25:00	15.7	남서	228	24.87	25.02	0.23	4.1	0.43	4.0	1.4	서	278	24.8	1012.8	-	122	
2021-07-19 00:30:00	13.4	남서	221	24.93	24.49	0.20	4.0	0.34	3.0	1.1	서	266	24.7	1012.8	-	95	
2021-07-19 00:35:00	13.4	남서	234	24.74	24.63	0.20	4.0	0.32	3.5	0.8	서남서	256	24.6	1012.7	-	103	
2021-07-19 00:40:00	6.7	서	262	23.34	24.62	0.22	3.8	0.34	4.0	1.0	서남서	241	24.6	1012.7	-	240	
2021-07-19 00:45:00	9.0	남서	231	23.43	24.82	0.21	3.5	0.30	4.0	0.7	서남서	243	24.7	1012.7	-	187	
2021-07-19 00:50:00	3.7	서	265	22.58	24.69	0.21	3.8	0.29	4.5	0.8	서남서	256	24.7	1012.6	-	291	
2021-07-19 00:55:00	2.4	서	281	22.81	25.05	0.23	3.9	0.34	3.0	0.9	서남서	255	24.6	1012.6	-	104	
2021-07-19 01:00:00	1.2	북서	323	22.53	24.56	0.22	3.7	0.29	3.5	0.8	서남서	242	24.6	1012.6	-	142	
2021-07-19 01:05:00	2.7	북동	50	22.36	24.60	0.25	3.6	0.37	3.5	0.4	남남서	200	24.7	1012.6	-	277	
2021-07-19 01:10:00	4.1	북북동	33	22.24	24.92	0.23	3.5	0.29	3.5	0.7	남남서	206	24.7	1012.5	-	41	
2021-07-19 01:15:00	4.8	북동	42	22.48	24.86	0.24	3.9	0.32	3.5	0.7	남	174	24.8	1012.4	-	294	
2021-07-19 01:20:00	5.7	북동	48	22.34	24.91	0.25	3.7	0.38	4.0	0.6	남	171	24.9	1012.4	-	70	
2021-07-19 01:25:00	1.5	북서	323	22.44	24.71	0.26	3.9	0.37	3.0	0.5	남	180	24.9	1012.3	-	119	
2021-07-19 01:30:00	4.7	서	271	22.61	25.69	0.27	3.8	0.39	3.5	0.9	남남서	210	25.1	1012.2	-	287	
2021-07-19 01:35:00	13.2	서남서	239	24.17	24.68	0.30	3.7	0.51	3.5	0.9	남남서	205	25.3	1012.2	-	193	
2021-07-19 01:40:00	1.6	남서	226	23.27	24.49	0.25	3.4	0.42	3.0	1.1	남서	230	25.0	1012.2	-	98	
2021-07-19 01:45:00	3.6	북북서	340	22.53	24.94	0.25	4.1	0.41	4.0	1.5	서남서	250	25.0	1012.2	-	107	
2021-07-19 01:50:00	4.7	북	358	22.65	24.69	0.24	3.7	0.43	3.0	1.4	서북서	284	24.9	1012.2	-	96	
2021-07-19 01:55:00	8.2	북북동	14	22.37	24.85	0.26	3.5	0.41	3.5	1.4	서남서	245	24.8	1012.1	-	286	
2021-07-19 02:00:00	9.8	북동	35	22.52	24.62	0.31	3.5	0.52	3.5	1.5	서남서	237	25.0	1012.1	-	264	
2021-07-19 02:05:00	2.9	북동	35	23.71	24.08	0.30	3.6	0.48	5.0	1.9	남서	231	25.0	1012.1	-	21	
2021-07-19 02:10:00	5.5	북북동	16	24.32	24.01	0.28	3.5	0.42	3.0	2.1	남서	232	24.8	1012.1	-	88	
2021-07-19 02:15:00	4.3	북북동	18	23.73	24.34	0.28	3.6	0.39	2.5	2.0	서남서	250	24.8	1012.1	-	53	
2021-07-19 02:20:00	2.6	북	10	23.48	24.27	0.29	3.6	0.43	3.5	1.8	서	275	24.8	1012.1	-	111	
2021-07-19 02:25:00	6.9	북북동	28	22.69	24.33	0.27	3.5	0.40	3.5	1.4	서북서	284	24.7	1012.1	-	269	
2021-07-19 02:30:00	5.3	북	5	23.37	24.32	0.28	3.5	0.47	3.5	1.1	서	279	24.6	1012.1	-	64	
2021-07-19 02:35:00	5.5	북	353	22.82	24.24	0.28	3.4	0.44	3.5	0.4	남서	223	24.6	1012.1	-	81	
2021-07-19 02:40:00	4.7	북북서	340	23.04	24.61	0.27	3.6	0.41	3.0	0.2	남서	223	24.7	1012.1	-	122	
2021-07-19 02:45:00	5.5	북동	38	22.92	24.34	0.25	3.7	0.37	3.0	0.9	서남서	247	24.6	1012.2	-	118	
2021-07-19 02:50:00	4.9	북북동	18	22.89	24.57	0.31	3.6	0.48	3.5	0.4	남남서	209	24.8	1012.2	-	262	
2021-07-19 02:55:00	5.6	북동	48	22.86	24.42	0.34	3.5	0.47	3.5	0.8	동남동	113	24.7	1012.2	-	171	
2021-07-19 03:00:00	3.7	동북동	58	23.29	24.59	0.29	3.5	0.48	3.5	1.3	동남동	112	24.8	1012.3	-	97	
2021-07-19 03:05:00	2.9	동	92	24.48	24.82	0.26	3.5	0.47	3.0	1.4	남동	126	24.7	1012.3	-	91	
2021-07-19 03:10:00	4.3	동남동	119	24.66	24.33	0.32	3.8	0.51	4.0	0.9	동남동	113	24.5	1012.3	-	146	
2021-07-19 03:15:00	1.5	동북동	68	24.29	24.26	0.31	3.9	0.53	3.0	0.7	동	101	24.4	1012.3	-	313	
2021-07-19 03:20:00	3.4	동남동	123	24.46	24.39	0.24	3.7	0.33	4.0	0.6	동남동	117	24.4	1012.3	-	128	
2021-07-19 03:25:00	3.4	동북동	75	24.42	24.12	0.30	4.0	0.41	4.5	0.4	동북동	62	24.4	1012.3	-	358	
2021-07-19 03:30:00	5.5	동북동	69	23.65	24.18	0.34	3.6	0.47	3.0	0.5	동	85	24.4	1012.4	-	133	
2021-07-19 03:35:00	4.4	동	91	23.98	24.68	0.30	3.7	0.44	3.0	0.3	동	95	24.4	1012.4	-	91	
2021-07-19 03:40:00	6.2	동북동	59	23.32	24.45	0.32	3.8	0.44	4.0	0.6	북동	40	24.3	1012.4	-	69	
2021-07-19 03:45:00	1.4	동남동	116	23.67	24.58	0.29	3.4	0.37	3.5	0.7	북북서	332	24.3	1012.5	-	283	
2021-07-19 03:50:00	2.6	동북동	61	23.58	24.80	0.31	3.3	0.46	3.5	0.2	서북서	287	24.4	1012.5	-	14	
2021-07-19 03:55:00	2.8	동북동	61	23.41	24.70	0.30	3.8	0.41	4.5	1.4	북서	306	24.5	1012.6	-	108	
2021-07-19 04:00:00	3.7	동북동	65	23.09	24.45	0.35	3.8	0.67	4.0	2.0	북서	318	24.5	1012.6	-	276	
2021-07-19 04:05:00	3.2	동	96	23.20	24.46	0.27	3.4	0.45	3.5	2.5	북서	324	24.3	1012.6	-	102	
2021-07-19 04:10:00	2.0	동	83	23.07	24.53	0.29	3.6	0.43	3.5	3.3	북서	309	24.0	1012.6	-	72	
2021-07-19 04:15:00	2.0	동북동	72	22.90	24.68	0.27	3.4	0.47	3.5	3.5	서북서	301	23.8	1012.7	-	20	
2021-07-19 04:20:00	1.1	동	93	22.98	24.49	0.34	3.5	0.51	3.5	3.3	서북서	299	23.6	1012.7	-	46	
2021-07-19 04:25:00	0.7	서	271	22.94	24.58	0.31	3.5	0.53	3.5	3.3	서북서	297	23.6	1012.7	-	57	
2021-07-19 04:30:00	3.4	서남서	252	23.49	24.39	0.35	3.9	0.48	3.5	3.1	서북서	297	23.8	1012.8	-	283	
2021-07-19 04:35:00	2.3	남서	222	24.50	24.04	0.31	3.3	0.52	3.5	2.5	서북서	291	23.8	1012.9	-	78	
2021-07-19 04:40:00	4.7	서남서	251	24.78	23.81	0.33	3.9	0.46	4.5	3.2	서북서	297	23.7	1013.0	-	80	
2021-07-19 04:45:00	3.0	남서	228	24.15	24.00	0.27	3.5	0.41	3.0	3.0	서북서	297	23.6	1013.0	-	286	
2021-07-19 04:50:00	7.7	남서	223	24.73	23.73	0.31	3.5	0.48	3.5	2.7	서북서	290	23.6	1013.1	-	170	
2021-07-19 04:55:00	7.6	남서	232	24.84	24.05	0.32	3.5	0.47	4.0	2.7	서북서	291	23.6	1013.1	-	359	
2021-07-19 05:00:00	12.7	남서	221	24.84	23.73	0.30	3.9	0.42	5.0	2.4	서북서	282	23.7	1013.1	-	310	
2021-07-19 05:05:00	11.7	남서	228	24.87	24.07	0.31	3.6	0.47	3.5	2.7	서북서	298	23.7	1013.1	-	81	
2021-07-19 05:10:00	11.1	남서	235	24.93	23.92	0.27	3.8	0.43	4.0	2.3	서북서	301	23.8	1013.1	-	272	
2021-07-19 05:15:00	11.4	남서	225	24.92	23.88	0.30	3.3	0.48	3.5	2.3	서북서	298	23.9	1013.1	-	119	
2021-07-19 05:20:00	12.5	남서	233	24.93	23.84	0.30	3.6	0.41	4.5	2.3	서북서	294	23.9	1013.1	-	117	
2021-07-19 05:25:00	12.2	남서	225	24.94	23.77	0.30	3.4	0.46	3.0	2.2	서북서	297	23.9	1013.1	-	103	
2021-07-19 05:30:00	-	-	-	-	-	0.00	0.0	0.00	0.0	1.4	서	281	23.9	1013.2	-	0	
2021-07-19 05:35:00	9.4	서남서	242	24.98	23.85	0.30	3.2	0.60	3.2	1.8	서	264	24.0	1013.2	-	270	
2021-07-19 05:40:00	8.3	서남서	244	24.93	23.94	0.28	3.8	0.52	3.5	2.4	서	262	24.2	1013.2	-	28	
2021-07-19 05:45:00	7.0	서남서	249	24.90	23.94	0.29	4.1	0.41	3.5	2.5	서	265	24.3	1013.1	-	308	
2021-07-19 05:50:00	8.4	서	262	24.59	24.02	0.28	3.2	0.42	3.5	2.7	서	267	24.3	1013.1	-	88	
2021-07-19 05:55:00	9.1	서	280	24.52	24.20	0.24	3.6	0.31	3.0	3.2	서	263	24.4	1013.2	-	116	
2021-07-19 06:00:00	9.4	서남서	257	24.79	24.19	0.26	4.0	0.36	4.5	2.3	서	270	24.6	1013.2	-	102	
2021-07-19 06:05:00	8.1	서	281	24.20	24.22	0.31	3.3	0.45	3.5	1.8	서	275	24.8	1013.2	-	80	
2021-07-19 06:10:00	8.7	서북서	282	24.28	24.25	0.31	3.6	0.52	3.0	2.3	서	260	25.3	1013.2	-	328	
2021-07-19 06:15:00	9.3	서	270	24.67	24.06	0.27	3.6	0.42	3.5	3.1	서남서	252	25.0	1013.3	-	286	
2021-07-19 06:20:00	11.7	서남서	254	24.96	24.19	0.28	3.5	0.39	3.0	3.1	서남서	243	24.8	1013.3	-	279	
2021-07-19 06:25:00	8.9	서남서	251	25.05	24.01	0.27	3.7	0.48	4.0	2.7	서남서	250	24.7	1013.4	-	277	
2021-07-19 06:30:00	10.8	서	268	25.00	23.91	0.29	3.6	0.40	3.0	2.2	서	264	24.8	1013.4	-	147	
2021-07-19 06:35:00	13.1	서	266	24.98	23.95	0.30	3.5	0.41	3.5	2.1	서	264	25.0	1013.3	-	252	
2021-07-19 06:40:00	9.4	서	274	24.96	23.89	0.28	3.4	0.43	3.0	2.3	서	260	25.2	1013.4	-	276	
2021-07-19 06:45:00	9.1	서	259	24.97	23.92	0.29	3.6	0.40	4.0	2.4	서남서	255	25.0	1013.5	-	135	
2021-07-19 06:50:00	9.3	서북서	294	24.74	23.78	0.27	3.8	0.35	3.0	2.7	서	266	25.1	1013.5	-	282	
2021-07-19 06:55:00	11.8	서북서	294	24.61	23.92	0.23	3.8	0.32	4.0	3.0	서	270	25.2	1013.5	-	246	
2021-07-19 07:00:00	13.0	서북서	299	24.48	24.45	0.27	3.6	0.41	3.5	2.7	서남서	258	25.3	1013.5	-	278	
2021-07-19 07:05:00	9.9	서	280	24.71	23.97	0.21	3.4	0.28	4.0	2.4	서남서	252	25.4	1013.5	-	356	
2021-07-19 07:10:00	9.1	서북서	282	24.80	23.74	0.24	3.5	0.35	4.0	1.4	서	266	25.8	1013.5	-	101	
2021-07-19 07:15:00	9.4	서	271	24.86	23.82	0.26	3.6	0.36	3.5	1.6	서남서	247	25.9	1013.5	-	129	
2021-07-19 07:20:00	11.2	서	265	24.88	23.61	0.27	4.0	0.47	4.0	2.3	서남서	237	25.9	1013.6	-	230	
2021-07-19 07:25:00	11.9	서	281	24.88	23.58	0.24	3.9	0.36	4.5	2.1	서남서	240	26.3	1013.6	-	336	
2021-07-19 07:30:00	21.3	서	265	25.06	23.42	0.27	4.2	0.36	4.0	1.6	서남서	250	26.4	1013.7	-	263	
2021-07-19 07:35:00	19.0	서	272	25.00	23.69	0.25	3.9	0.33	4.0	1.4	서남서	257	26.1	1013.8	-	119	
2021-07-19 07:40:00	18.2	서	278	25.00	23.87	0.28	3.7	0.46	3.0	1.4	서	265	25.9	1013.9	-	76	
2021-07-19 07:45:00	20.0	서북서	292	24.83	23.73	0.28	3.9	0.37	3.5	0.9	서	269	25.9	1013.9	-	123	
2021-07-19 07:50:00	20.7	서북서	292	24.74	23.62	0.24	3.8	0.40	3.5	0.4	서북서	289	26.2	1013.8	-	97	
2021-07-19 07:55:00	19.5	서북서	299	24.58	23.87	0.24	4.0	0.33	4.0	0.1	북북서	335	26.8	1013.8	-	55	
2021-07-19 08:00:00	16.2	북서	308	24.46	23.84	0.24	3.8	0.35	4.5	0.7	북북서	345	27.0	1013.9	-	131	
2021-07-19 08:05:00	18.9	북서	321	24.37	24.13	0.30	3.8	0.39	4.0	1.1	북	353	26.6	1013.9	-	230	
2021-07-19 08:10:00	17.0	북서	316	24.48	23.78	0.24	3.8	0.40	4.0	1.0	북	358	26.5	1013.9	-	335	
2021-07-19 08:15:00	16.9	북서	317	24.54	23.84	0.27	3.9	0.41	3.0	0.7	북	358	26.3	1014.0	-	164	
2021-07-19 08:20:00	15.7	북서	317	24.54	23.92	0.24	3.8	0.41	3.5	0.8	북	353	26.3	1014.0	-	317	
2021-07-19 08:25:00	15.5	북북서	329	24.55	23.88	0.26	3.8	0.40	3.5	0.8	북북서	348	26.3	1014.0	-	105	
2021-07-19 08:30:00	10.8	북북서	328	24.35	23.87	0.23	4.1	0.37	4.0	0.5	북	5	26.4	1014.1	-	269	
2021-07-19 08:35:00	9.6	북북서	339	24.34	23.97	0.25	3.6	0.36	3.5	0.9	북	11	26.3	1014.1	-	91	
2021-07-19 08:40:00	8.5	북북서	346	24.23	24.46	0.23	3.7	0.35	3.0	0.9	북북동	12	26.3	1014.1	-	55	
2021-07-19 08:45:00	9.4	북	11	24.14	24.16	0.26	3.8	0.34	3.5	0.8	북	9	26.2	1014.1	-	264	
2021-07-19 08:50:00	9.4	북북동	21	24.10	24.21	0.25	3.8	0.39	4.0	0.6	북	7	26.1	1014.2	-	294	
2021-07-19 08:55:00	11.3	북	0	24.59	23.90	0.29	3.8	0.44	3.5	0.7	북북동	33	26.2	1014.2	-	150	
2021-07-19 09:00:00	11.7	북	1	24.65	24.28	0.26	3.6	0.39	4.5	0.6	북동	44	26.2	1014.2	-	226	
2021-07-19 09:05:00	13.5	북북서	346	24.68	24.11	0.27	3.7	0.35	3.5	0.8	동	87	26.0	1014.3	-	282	
2021-07-19 09:10:00	10.2	북	352	24.64	24.13	0.28	3.8	0.51	4.0	1.7	동남동	103	25.9	1014.3	-	331	
2021-07-19 09:15:00	11.4	북	350	24.28	24.20	0.29	3.6	0.37	4.0	2.0	동	101	25.7	1014.3	-	127	
2021-07-19 09:20:00	11.4	북서	321	24.67	24.24	0.25	4.1	0.47	4.0	1.5	동	87	25.7	1014.2	-	325	
2021-07-19 09:25:00	10.2	서북서	298	24.91	23.75	0.28	3.9	0.36	4.5	1.4	동	84	25.9	1014.2	-	29	
2021-07-19 09:30:00	10.1	북서	325	24.87	23.82	0.26	4.0	0.30	4.0	0.9	동	85	25.8	1014.2	-	313	
2021-07-19 09:35:00	10.0	북북서	329	24.84	23.70	0.26	3.7	0.36	3.5	0.9	동	85	25.8	1014.3	-	285	
2021-07-19 09:40:00	11.9	북북서	340	24.79	24.03	0.32	4.0	0.48	3.5	0.9	동	99	26.0	1014.3	-	159	
2021-07-19 09:45:00	10.0	북북서	335	24.87	24.20	0.30	3.9	0.47	3.0	1.1	동남동	113	25.9	1014.3	-	285	
2021-07-19 09:50:00	11.3	북북서	334	24.80	24.14	0.23	4.0	0.33	3.5	1.6	남동	124	25.9	1014.3	-	110	
2021-07-19 09:55:00	10.0	북북서	348	24.69	23.95	0.31	3.8	0.51	3.5	1.4	남동	129	25.8	1014.3	-	284	
2021-07-19 10:00:00	6.8	북북동	23	24.79	23.97	0.28	3.7	0.41	4.0	1.5	남동	144	25.8	1014.3	-	97	
2021-07-19 10:05:00	7.0	북	0	24.88	24.04	0.30	3.9	0.60	3.0	1.5	남남동	147	25.8	1014.3	-	286	
2021-07-19 10:10:00	6.3	북	9	24.79	24.11	0.28	3.6	0.38	3.0	1.4	남남동	151	25.7	1014.3	-	304	
2021-07-19 10:15:00	-	-	-	-	-	-	-	-	-	-	-	-	-	-	-	-	
2021-07-19 10:20:00	2.0	북서	324	24.80	24.00	0.14	3.2	0.29	3.2	1.1	남동	132	25.9	1014.3	-	99	
2021-07-19 10:25:00	3.1	서북서	295	25.05	23.96	0.26	4.2	0.46	4.5	0.7	동남동	121	26.0	1014.2	-	269	
2021-07-19 10:30:00	3.0	북북동	15	24.92	23.89	0.24	3.9	0.37	3.0	0.6	남동	136	26.1	1014.2	-	62	
2021-07-19 10:35:00	5.8	북북동	28	24.83	24.14	0.24	3.8	0.36	4.0	0.6	남남동	160	26.1	1014.3	-	119	
2021-07-19 10:40:00	4.6	동북동	59	24.67	24.06	0.27	3.8	0.38	3.5	0.7	남	173	26.3	1014.3	-	304	
2021-07-19 10:45:00	5.3	북동	47	24.65	23.91	0.27	3.8	0.39	3.5	0.4	남	171	26.7	1014.2	-	221	
2021-07-19 10:50:00	1.8	동북동	62	24.79	23.80	0.27	3.9	0.33	3.5	0.3	남	175	26.8	1014.2	-	239	
2021-07-19 10:55:00	1.0	남남서	197	24.89	23.87	0.27	3.7	0.37	3.0	0.4	남남동	152	27.2	1014.3	-	111	
2021-07-19 11:00:00	7.1	동북동	58	24.71	24.37	0.30	4.1	0.40	4.0	0.5	남동	131	26.9	1014.4	-	256	
2021-07-19 11:05:00	4.3	북동	50	24.70	24.02	0.28	3.9	0.40	3.5	0.5	동북동	72	26.5	1014.3	-	272	
2021-07-19 11:10:00	12.4	남서	236	25.06	23.79	0.26	3.7	0.40	3.0	0.7	동북동	71	26.3	1014.3	-	303	
2021-07-19 11:15:00	11.6	서남서	245	25.12	23.91	0.28	3.9	0.40	4.5	0.8	동북동	74	26.3	1014.2	-	271	
2021-07-19 11:20:00	12.8	남서	236	25.43	24.00	0.24	3.8	0.37	3.5	1.0	동북동	64	26.3	1014.2	-	288	
2021-07-19 11:25:00	10.3	남서	233	25.38	23.97	0.26	3.8	0.40	3.5	1.2	동북동	61	26.5	1014.2	-	280	
2021-07-19 11:30:00	7.2	서남서	237	25.30	23.85	0.29	3.4	0.46	3.0	1.3	북동	50	26.4	1014.2	-	56	
2021-07-19 11:35:00	9.1	서남서	242	25.27	23.95	0.25	4.0	0.38	4.0	1.3	북동	46	26.3	1014.2	-	277	
2021-07-19 11:40:00	3.0	남남서	205	25.23	23.86	0.24	4.1	0.37	3.0	1.5	북동	40	26.1	1014.2	-	123	
2021-07-19 11:45:00	2.6	남서	235	25.22	23.82	0.27	4.1	0.53	4.5	1.3	북동	46	26.1	1014.2	-	349	
2021-07-19 11:50:00	4.3	서남서	246	25.22	23.96	0.23	4.3	0.32	4.0	1.4	북동	37	26.3	1014.2	-	297	
2021-07-19 11:55:00	8.4	서남서	252	25.27	23.83	0.30	3.7	0.49	4.0	1.6	북북동	31	26.3	1014.1	-	250	
2021-07-19 12:00:00	10.6	서	267	25.33	23.78	0.26	4.0	0.38	4.0	1.6	북북동	27	26.3	1014.1	-	235	
2021-07-19 12:05:00	8.7	서남서	257	25.30	24.25	0.27	3.8	0.45	4.5	1.3	북북동	23	26.5	1014.1	-	116	
2021-07-19 12:10:00	8.2	서	273	25.44	24.40	0.24	3.8	0.37	3.0	1.2	북북동	33	26.5	1014.1	-	270	
2021-07-19 12:15:00	6.5	서북서	281	25.46	24.22	0.24	3.8	0.33	3.0	1.3	북북동	20	26.6	1014.0	-	279	
2021-07-19 12:20:00	7.6	서북서	294	25.49	24.40	0.29	3.8	0.37	3.0	1.3	북북동	27	26.6	1014.0	-	254	
2021-07-19 12:25:00	5.3	서	278	25.45	24.05	0.26	3.9	0.41	3.5	1.7	북동	44	26.6	1014.0	-	15	
2021-07-19 12:30:00	5.9	서북서	302	25.46	24.16	0.22	3.8	0.32	4.5	1.9	북동	43	26.5	1013.9	-	260	
2021-07-19 12:35:00	12.6	서	274	25.63	24.08	0.23	3.9	0.35	3.5	1.8	북북동	31	26.5	1013.8	-	250	
2021-07-19 12:40:00	11.7	서북서	283	25.52	24.45	0.24	3.8	0.42	3.5	2.0	북동	43	26.8	1013.8	-	279	
2021-07-19 12:45:00	8.6	서북서	292	25.47	24.47	0.22	3.8	0.29	4.0	2.0	북동	44	26.8	1013.8	-	97	
2021-07-19 12:50:00	5.5	서북서	288	25.45	24.36	0.26	4.1	0.37	3.5	2.0	북동	53	26.9	1013.8	-	190	
2021-07-19 12:55:00	6.5	북서	305	25.43	24.42	0.27	3.8	0.39	4.5	2.1	동북동	57	26.8	1013.8	-	127	
2021-07-19 13:00:00	6.8	북서	311	25.36	24.30	0.21	3.6	0.30	4.0	2.2	동북동	78	26.8	1013.8	-	332	
2021-07-19 13:05:00	7.2	북서	309	25.43	24.18	0.27	3.7	0.40	3.5	2.4	동	96	26.9	1013.8	-	243	
2021-07-19 13:10:00	9.0	서북서	291	25.48	24.19	0.28	3.4	0.56	3.0	2.7	동남동	107	26.7	1013.8	-	336	
2021-07-19 13:15:00	5.2	북서	318	25.48	24.22	0.24	3.6	0.36	3.0	2.4	동남동	115	26.6	1013.7	-	253	
2021-07-19 13:20:00	6.9	북서	315	25.67	24.31	0.24	3.6	0.40	3.0	2.5	동남동	113	26.6	1013.6	-	310	
2021-07-19 13:25:00	6.9	북서	312	25.80	24.18	0.25	3.7	0.34	3.5	2.9	동남동	116	26.7	1013.6	-	334	
2021-07-19 13:30:00	9.5	북서	309	25.82	24.09	0.22	3.5	0.43	3.5	3.1	동남동	123	26.6	1013.6	-	92	
2021-07-19 13:35:00	9.6	서북서	303	25.82	23.90	0.20	3.7	0.29	3.5	2.7	동남동	123	26.6	1013.6	-	290	
2021-07-19 13:40:00	8.5	서북서	294	25.57	23.97	0.23	3.7	0.34	4.5	3.2	남동	129	26.5	1013.6	-	249	
2021-07-19 13:45:00	8.3	북서	315	25.48	23.98	0.22	3.7	0.27	3.0	3.2	남동	124	26.5	1013.6	-	115	
2021-07-19 13:50:00	8.5	북북서	329	25.45	24.03	0.23	3.7	0.40	3.5	3.6	동남동	122	26.5	1013.5	-	316	
2021-07-19 13:55:00	10.4	서북서	302	25.56	24.06	0.24	3.9	0.34	3.5	3.8	남동	124	26.5	1013.5	-	299	
2021-07-19 14:00:00	9.5	북서	318	25.42	24.38	0.25	3.9	0.38	3.5	4.3	남동	127	26.5	1013.6	-	174	
2021-07-19 14:05:00	8.3	북서	325	25.55	24.02	0.23	4.0	0.28	4.0	4.3	남동	126	26.6	1013.5	-	115	
2021-07-19 14:10:00	9.3	북북서	328	25.73	24.02	0.24	3.5	0.32	4.0	4.4	동남동	123	26.6	1013.5	-	251	
2021-07-19 14:15:00	11.9	북서	325	25.76	23.92	0.27	3.6	0.47	3.5	4.3	동남동	121	26.7	1013.5	-	298	
2021-07-19 14:20:00	14.7	북북서	331	25.98	24.03	0.28	3.7	0.49	3.5	4.7	남동	124	26.8	1013.4	-	284	
2021-07-19 14:25:00	14.3	북북서	339	25.88	24.02	0.27	3.8	0.43	3.5	4.7	남동	125	26.7	1013.4	-	109	
2021-07-19 14:30:00	15.0	북북서	338	26.07	24.00	0.24	4.2	0.32	4.0	4.3	동남동	121	26.6	1013.4	-	31	
2021-07-19 14:35:00	16.4	북북서	341	26.05	24.14	0.27	4.1	0.41	4.0	4.3	동남동	118	26.6	1013.4	-	221	
2021-07-19 14:40:00	16.5	북북서	336	25.96	23.99	0.29	4.0	0.41	4.0	4.3	동남동	123	26.7	1013.4	-	164	
2021-07-19 14:45:00	18.4	북북서	335	25.93	24.05	0.29	3.5	0.45	3.5	4.1	동남동	119	26.7	1013.3	-	284	
2021-07-19 14:50:00	16.6	북북서	336	25.91	23.93	0.30	3.9	0.58	4.0	4.1	동남동	115	26.7	1013.2	-	353	
2021-07-19 14:55:00	18.2	북북서	332	26.06	24.02	0.24	3.7	0.37	3.5	3.9	동남동	111	26.8	1013.2	-	238	
2021-07-19 15:00:00	17.2	북북서	334	26.11	24.01	0.24	3.7	0.34	4.0	3.9	동남동	113	26.9	1013.2	-	352	
2021-07-19 15:05:00	14.6	북북서	335	26.01	23.87	0.26	3.5	0.42	4.0	3.5	동남동	113	26.8	1013.1	-	294	
2021-07-19 15:10:00	14.9	북북서	334	26.07	24.00	0.28	3.8	0.36	5.0	3.6	동남동	116	26.8	1013.1	-	330	
2021-07-19 15:15:00	14.1	북북서	336	26.08	23.92	0.24	3.6	0.33	3.5	3.7	동남동	121	26.8	1013.1	-	70	
2021-07-19 15:20:00	15.4	북북서	346	26.02	24.01	0.22	3.7	0.33	3.5	3.3	동남동	123	26.8	1013.1	-	134	
2021-07-19 15:25:00	16.1	북북서	343	26.08	24.07	0.22	3.6	0.29	3.5	3.7	동남동	120	26.6	1013.1	-	100	
2021-07-19 15:30:00	17.2	북북서	340	26.04	23.95	0.21	3.6	0.32	3.5	4.2	동남동	123	26.6	1013.0	-	225	
2021-07-19 15:35:00	17.3	북북서	338	26.04	23.87	0.24	3.8	0.36	3.0	4.0	남동	127	26.6	1013.0	-	67	
2021-07-19 15:40:00	15.7	북북서	349	26.00	24.01	0.25	3.8	0.43	4.5	4.1	남동	129	26.7	1013.0	-	280	
2021-07-19 15:45:00	17.9	북북서	346	25.99	24.07	0.31	3.9	0.41	5.0	4.4	남동	133	26.7	1013.1	-	17	
2021-07-19 15:50:00	17.7	북북서	344	25.95	23.95	0.26	4.0	0.38	4.5	4.5	남동	130	26.6	1013.0	-	234	
2021-07-19 15:55:00	17.5	북북서	348	25.90	24.06	0.26	3.8	0.45	3.0	4.7	남동	128	26.5	1013.1	-	145	
2021-07-19 16:00:00	18.2	북북서	345	25.86	24.10	0.27	3.7	0.36	4.5	5.3	남동	127	26.5	1013.1	-	266	
2021-07-19 16:05:00	19.7	북북서	347	25.89	24.18	0.28	3.5	0.34	3.0	5.2	남동	126	26.6	1013.1	-	254	
2021-07-19 16:10:00	17.5	북	352	25.86	24.04	0.25	3.7	0.35	3.5	5.0	남동	129	26.5	1013.1	-	281	
2021-07-19 16:15:00	18.0	북북서	344	25.79	24.13	0.26	3.6	0.39	4.0	4.8	남동	127	26.6	1013.1	-	257	
2021-07-19 16:20:00	19.4	북	355	25.85	24.08	0.25	3.5	0.43	3.5	5.1	남동	127	26.6	1013.0	-	199	
2021-07-19 16:25:00	21.4	북	353	25.90	24.28	0.31	3.7	0.50	3.0	5.2	남동	126	26.6	1013.0	-	94	
2021-07-19 16:30:00	18.4	북	356	25.94	24.19	0.27	3.8	0.40	4.0	5.3	남동	125	26.5	1013.0	-	216	
2021-07-19 16:35:00	18.2	북	358	26.07	24.27	0.32	3.6	0.49	3.0	5.7	남동	124	26.4	1013.0	-	2	
2021-07-19 16:40:00	18.5	북	2	26.05	24.07	0.34	4.2	0.64	5.0	6.0	남동	124	26.4	1013.0	-	82	
2021-07-19 16:45:00	16.2	북	1	25.98	24.02	0.33	4.6	0.53	5.0	5.9	남동	129	26.3	1013.0	-	62	
2021-07-19 16:50:00	16.0	북	8	25.84	24.19	0.36	3.3	0.55	3.5	6.2	동남동	122	26.3	1012.9	-	71	
2021-07-19 16:55:00	13.4	북북동	14	25.79	24.22	0.39	4.0	0.66	3.5	6.4	남동	129	26.3	1012.9	-	72	
2021-07-19 17:00:00	15.0	북	5	25.68	24.49	0.37	3.1	0.50	3.0	6.6	남동	133	26.3	1012.8	-	100	
2021-07-19 17:05:00	14.6	북	7	25.69	24.18	0.33	3.1	0.51	2.5	6.5	남동	134	26.3	1012.8	-	140	
2021-07-19 17:10:00	13.5	북	4	25.64	24.18	0.35	3.5	0.54	4.0	6.0	남동	130	26.3	1012.8	-	64	
2021-07-19 17:15:00	14.0	북	358	25.59	24.27	0.32	3.0	0.42	3.0	5.8	남동	127	26.3	1012.8	-	114	
2021-07-19 17:20:00	14.5	북	4	25.63	24.15	0.31	3.2	0.59	3.0	5.8	남동	130	26.2	1012.8	-	123	
2021-07-19 17:25:00	14.8	북	351	25.61	24.16	0.33	2.9	0.57	3.0	6.0	남동	135	26.2	1012.8	-	91	
2021-07-19 17:30:00	14.8	북북서	328	25.61	24.42	0.30	2.9	0.48	3.5	6.4	남동	132	26.3	1012.7	-	93	
2021-07-19 17:35:00	15.5	북북서	340	25.59	24.06	0.33	2.9	0.45	3.0	6.1	남동	133	26.3	1012.7	-	115	
2021-07-19 17:40:00	14.8	북북서	342	25.57	24.10	0.33	3.1	0.52	3.0	5.9	남동	131	26.3	1012.6	-	136	
2021-07-19 17:45:00	15.4	북	350	25.55	24.04	0.34	2.8	0.47	2.5	5.8	남동	133	26.3	1012.6	-	117	
2021-07-19 17:50:00	16.5	북북서	347	25.56	24.48	0.33	2.7	0.46	2.5	5.8	남동	132	26.2	1012.6	-	112	
2021-07-19 17:55:00	18.3	북북서	331	25.55	24.23	0.36	3.0	0.54	2.5	5.8	남동	134	26.2	1012.7	-	110	
2021-07-19 18:00:00	15.7	북북서	335	25.54	23.99	0.39	2.7	0.61	3.0	5.7	남동	135	26.1	1012.7	-	118	
2021-07-19 18:05:00	14.4	북	353	25.51	24.01	0.29	3.1	0.40	3.0	6.1	남동	132	26.1	1012.7	-	62	
2021-07-19 18:10:00	15.3	북북서	335	25.50	24.01	0.29	3.2	0.42	3.0	6.4	남동	136	26.1	1012.7	-	120	
2021-07-19 18:15:00	14.7	북북서	345	25.45	24.22	0.32	2.8	0.49	3.0	6.9	남동	137	26.1	1012.7	-	103	
2021-07-19 18:20:00	17.0	북북서	348	25.42	24.06	0.34	3.1	0.46	2.5	6.4	남동	141	26.1	1012.8	-	118	
2021-07-19 18:25:00	17.9	북북서	335	25.40	24.20	0.34	3.2	0.55	3.0	6.5	남동	138	26.1	1012.8	-	95	
2021-07-19 18:30:00	16.9	북북서	340	25.41	24.18	0.30	2.9	0.46	3.0	6.5	남동	139	26.1	1012.9	-	120	
2021-07-19 18:35:00	18.6	북북서	333	25.44	24.21	0.34	3.0	0.54	2.5	6.6	남동	141	26.0	1013.0	-	117	
2021-07-19 18:40:00	20.7	북북서	327	25.41	24.04	0.34	2.7	0.55	3.5	6.6	남동	141	26.0	1013.0	-	109	
2021-07-19 18:45:00	21.6	북서	324	25.39	24.16	0.35	2.8	0.50	2.5	6.6	남동	142	26.1	1013.0	-	95	
2021-07-19 18:50:00	23.3	북북서	332	25.33	24.13	0.38	3.0	0.60	3.0	6.4	남동	143	26.0	1013.0	-	119	
2021-07-19 18:55:00	20.8	북북서	327	25.27	24.23	0.33	2.8	0.47	2.5	6.2	남동	145	26.0	1013.1	-	108	
2021-07-19 19:00:00	21.1	북서	324	25.24	24.32	0.31	2.7	0.51	3.0	6.0	남동	142	26.0	1013.1	-	85	
2021-07-19 19:05:00	21.0	북북서	328	25.23	24.23	0.30	2.7	0.40	2.5	6.0	남동	140	26.0	1013.0	-	103	
2021-07-19 19:10:00	22.2	북북서	331	25.22	24.18	0.34	2.9	0.55	5.0	5.6	남동	139	26.1	1013.1	-	94	
2021-07-19 19:15:00	22.8	북북서	332	25.22	24.41	0.32	2.8	0.47	2.5	5.4	남동	139	26.1	1013.1	-	141	
2021-07-19 19:20:00	19.1	북북서	329	25.22	24.06	0.29	2.9	0.50	2.5	5.0	남동	141	26.0	1013.1	-	92	
2021-07-19 19:25:00	21.0	북북서	329	25.23	24.16	0.28	3.2	0.35	3.0	4.7	남동	139	26.0	1013.2	-	128	
2021-07-19 19:30:00	18.9	북북서	334	25.20	24.26	0.26	2.9	0.40	5.0	4.5	남동	137	25.9	1013.3	-	103	
2021-07-19 19:35:00	18.9	북북서	332	25.19	24.21	0.29	3.1	0.40	3.0	4.8	남동	137	25.8	1013.3	-	153	
2021-07-19 19:40:00	18.1	북북서	340	25.19	24.08	0.28	3.2	0.43	3.0	4.9	남동	138	25.8	1013.3	-	113	
2021-07-19 19:45:00	18.5	북북서	342	25.15	24.24	0.29	3.2	0.45	3.0	5.0	남동	138	25.9	1013.3	-	129	
2021-07-19 19:50:00	19.4	북북서	343	25.09	24.15	0.32	3.3	0.44	3.0	4.5	남동	138	25.9	1013.4	-	152	
2021-07-19 19:55:00	20.2	북북서	345	25.02	24.24	0.26	3.4	0.38	3.0	4.2	남동	140	25.9	1013.4	-	108	
2021-07-19 20:00:00	19.7	북북서	344	25.06	24.14	0.27	3.3	0.36	3.0	3.9	남동	139	25.8	1013.4	-	315	
2021-07-19 20:05:00	20.7	북북서	345	25.12	24.28	0.27	3.2	0.37	3.0	4.0	남동	133	25.8	1013.5	-	111	
2021-07-19 20:10:00	16.5	북	352	25.09	24.32	0.26	3.4	0.43	3.5	4.2	남동	131	25.7	1013.5	-	45	
2021-07-19 20:15:00	18.3	북	1	25.08	24.29	0.26	3.5	0.37	3.5	4.6	남동	134	25.7	1013.6	-	136	
2021-07-19 20:20:00	19.4	북	5	25.04	24.21	0.24	3.3	0.32	4.0	4.5	남동	133	25.7	1013.6	-	120	
2021-07-19 20:25:00	18.9	북북동	15	25.07	24.14	0.23	3.7	0.39	5.0	4.4	남동	134	25.7	1013.7	-	94	
2021-07-19 20:30:00	18.9	북	8	24.95	24.31	0.27	3.7	0.43	3.5	4.3	남동	134	25.6	1013.7	-	111	
2021-07-19 20:35:00	17.5	북북동	15	24.96	24.09	0.29	3.5	0.36	3.0	4.3	남동	132	25.6	1013.7	-	97	
2021-07-19 20:40:00	17.7	북	4	24.98	23.85	0.27	3.6	0.36	3.0	4.2	남동	132	25.5	1013.8	-	116	
2021-07-19 20:45:00	16.3	북	7	24.88	24.17	0.25	3.8	0.36	4.5	3.7	남동	136	25.5	1013.8	-	254	
2021-07-19 20:50:00	15.1	북북동	19	24.91	23.88	0.29	3.8	0.35	3.0	3.4	남동	139	25.5	1013.8	-	332	
2021-07-19 20:55:00	16.0	북북동	26	24.91	23.93	0.26	3.6	0.33	3.0	2.8	남동	140	25.5	1013.8	-	95	
2021-07-19 21:00:00	14.5	북북동	20	24.88	24.32	0.23	3.6	0.39	3.5	2.5	남남동	148	25.4	1013.9	-	169	
2021-07-19 21:05:00	12.8	북	6	25.00	24.24	0.25	3.9	0.33	3.0	2.3	남남동	155	25.4	1014.0	-	116	
2021-07-19 21:10:00	13.8	북	4	25.03	23.93	0.24	4.0	0.43	4.0	2.0	남남동	160	25.3	1014.0	-	123	
2021-07-19 21:15:00	15.0	북	10	25.01	24.01	0.27	3.7	0.35	2.5	2.2	남남동	150	25.3	1014.1	-	119	
2021-07-19 21:20:00	15.7	북	356	24.98	24.04	0.23	4.4	0.29	4.5	2.9	남동	140	25.3	1014.1	-	127	
2021-07-19 21:25:00	16.2	북	353	24.98	24.43	0.25	3.8	0.33	3.5	3.4	남동	136	25.3	1014.1	-	211	
2021-07-19 21:30:00	15.3	북	350	24.99	24.09	0.21	3.5	0.34	4.0	3.0	남동	144	25.3	1014.2	-	88	
2021-07-19 21:35:00	14.9	북	357	24.99	24.12	0.23	3.5	0.32	3.5	2.7	남동	132	25.3	1014.2	-	100	
2021-07-19 21:40:00	15.3	북	357	24.96	24.05	0.25	3.9	0.34	5.0	2.9	남동	135	25.3	1014.3	-	217	
2021-07-19 21:45:00	14.8	북	8	24.93	24.02	0.23	3.8	0.27	4.5	2.4	남동	146	25.3	1014.3	-	91	
2021-07-19 21:50:00	12.7	북	359	24.91	23.97	0.25	3.8	0.43	3.5	2.3	남동	140	25.2	1014.3	-	113	
2021-07-19 21:55:00	12.5	북	9	24.87	23.93	0.22	3.5	0.29	3.0	2.0	남동	143	25.3	1014.3	-	311	
2021-07-19 22:00:00	12.2	북	5	24.84	24.09	0.24	4.4	0.32	5.0	1.8	남동	136	25.4	1014.3	-	138	
2021-07-19 22:05:00	10.0	북	5	24.85	24.17	0.24	4.1	0.37	4.5	2.1	남동	133	25.3	1014.2	-	126	
2021-07-19 22:10:00	8.8	북북동	22	24.85	23.91	0.22	4.0	0.28	5.0	2.0	남동	130	25.3	1014.2	-	197	
2021-07-19 22:15:00	5.3	북동	42	24.81	24.44	0.23	3.9	0.39	4.5	1.6	남동	133	25.2	1014.2	-	306	
2021-07-19 22:20:00	5.7	북동	38	24.67	24.22	0.22	4.0	0.32	3.5	1.3	남동	133	25.3	1014.2	-	99	
2021-07-19 22:25:00	4.8	북동	38	24.78	24.68	0.21	3.7	0.32	4.0	1.1	남동	137	25.3	1014.3	-	116	
2021-07-19 22:30:00	4.2	북동	44	24.73	24.84	0.20	4.0	0.36	4.5	0.9	남동	128	25.2	1014.3	-	92	
2021-07-19 22:35:00	3.6	북북동	31	24.70	24.82	0.22	4.0	0.40	4.0	0.7	남남동	168	25.2	1014.3	-	54	
2021-07-19 22:40:00	3.3	동북동	67	24.67	24.60	0.24	4.2	0.34	4.5	0.8	남남서	192	25.1	1014.3	-	116	
2021-07-19 22:45:00	2.6	북동	52	24.63	24.76	0.21	4.0	0.26	4.0	1.2	서남서	253	24.9	1014.4	-	335	
2021-07-19 22:50:00	1.9	북동	51	24.54	24.55	0.24	4.2	0.38	5.0	1.3	서	270	25.0	1014.4	-	114	
2021-07-19 22:55:00	1.6	북	358	24.49	24.50	0.26	3.8	0.33	4.0	1.1	서북서	293	25.2	1014.4	-	123	
2021-07-19 23:00:00	1.8	동북동	74	24.52	24.13	0.25	3.8	0.35	3.5	1.7	북서	309	25.2	1014.3	-	90	
2021-07-19 23:05:00	1.5	동남동	121	24.32	24.13	0.25	4.2	0.37	3.0	2.1	북북서	330	25.1	1014.3	-	106	
2021-07-19 23:10:00	2.0	북동	52	24.22	24.21	0.21	4.1	0.30	3.5	2.0	북서	322	25.2	1014.4	-	153	
2021-07-19 23:15:00	2.9	동북동	64	23.77	24.29	0.19	3.6	0.29	3.0	1.8	북서	314	25.2	1014.4	-	118	
2021-07-19 23:20:00	3.8	북동	54	23.45	24.44	0.25	4.1	0.33	3.5	1.5	서북서	298	25.2	1014.5	-	112	
2021-07-19 23:25:00	6.0	동	94	23.36	24.33	0.25	3.8	0.39	3.5	1.0	서북서	287	25.0	1014.5	-	99	
2021-07-19 23:30:00	4.3	동북동	65	23.46	24.46	0.24	3.9	0.33	4.0	1.2	북서	304	24.9	1014.4	-	109	
2021-07-19 23:35:00	5.8	동	101	23.15	24.35	0.24	4.0	0.33	4.0	1.2	북서	304	24.9	1014.4	-	296	
2021-07-19 23:40:00	1.9	북동	54	23.02	24.58	0.21	4.0	0.31	4.5	1.3	북서	306	24.9	1014.4	-	265	
2021-07-19 23:45:00	6.1	동북동	77	23.28	24.41	0.23	3.6	0.31	3.0	1.2	북서	305	24.9	1014.4	-	196	
2021-07-19 23:50:00	4.9	동남동	102	23.17	24.35	0.25	3.6	0.38	3.0	1.8	북서	314	24.9	1014.3	-	211	
2021-07-19 23:55:00	7.5	동	95	23.02	24.44	0.25	4.0	0.36	3.5	2.3	서북서	303	24.9	1014.3	-	115	
2021-07-20 00:00:00	7.0	동	101	22.79	24.38	0.25	3.9	0.39	3.5	2.4	서북서	290	24.9	1014.3	-	120	
2021-07-20 00:05:00	5.8	동남동	105	22.68	24.40	0.29	4.0	0.38	3.5	2.2	서북서	287	24.9	1014.3	-	114	
2021-07-20 00:10:00	6.0	동남동	110	22.58	24.50	0.25	3.8	0.36	3.5	1.6	서북서	285	25.0	1014.3	-	277	
2021-07-20 00:15:00	2.9	동남동	120	22.69	24.57	0.24	3.8	0.34	3.0	1.4	서북서	282	25.0	1014.3	-	115	
2021-07-20 00:20:00	6.6	남동	134	22.65	24.43	0.24	3.6	0.38	3.0	1.0	서	280	25.0	1014.3	-	128	
2021-07-20 00:25:00	6.6	남동	125	22.64	24.41	0.26	3.9	0.38	3.5	0.9	서	276	25.0	1014.4	-	80	
2021-07-20 00:30:00	6.7	동남동	115	22.72	24.51	0.23	3.6	0.36	3.0	1.1	서	273	25.0	1014.3	-	160	
2021-07-20 00:35:00	6.9	동남동	121	22.70	24.52	0.24	3.6	0.35	3.5	0.9	서	271	25.1	1014.3	-	140	
2021-07-20 00:40:00	7.4	남동	124	22.75	24.99	0.26	3.8	0.36	3.5	0.7	서	262	25.1	1014.2	-	173	
2021-07-20 00:45:00	7.1	남동	130	22.78	24.71	0.30	3.5	0.45	4.0	0.8	서남서	251	25.2	1014.2	-	108	
2021-07-20 00:50:00	6.7	남동	129	22.81	24.85	0.28	3.6	0.36	3.0	0.8	남서	223	25.2	1014.1	-	126	
2021-07-20 00:55:00	5.7	남남동	150	22.85	24.88	0.29	3.9	0.39	3.5	0.6	남서	230	25.1	1014.1	-	117	
2021-07-20 01:00:00	5.3	남동	138	22.86	24.57	0.23	3.8	0.30	3.5	1.3	남서	235	25.0	1014.1	-	135	
2021-07-20 01:05:00	4.9	남동	140	22.94	24.62	0.23	3.9	0.37	5.0	0.9	남서	233	25.1	1014.1	-	278	
2021-07-20 01:10:00	5.3	남동	135	23.03	24.77	0.28	3.5	0.49	4.0	0.7	남서	224	25.1	1014.0	-	81	
2021-07-20 01:15:00	3.4	남남동	168	23.07	24.66	0.30	3.6	0.42	3.0	1.0	남서	231	25.2	1014.0	-	110	
2021-07-20 01:20:00	5.0	남남동	154	23.06	24.66	0.24	3.4	0.33	3.5	0.7	남서	223	25.2	1014.1	-	3	
2021-07-20 01:25:00	7.5	남동	130	22.98	24.54	0.26	3.8	0.36	2.5	0.3	서북서	282	25.1	1014.0	-	277	
2021-07-20 01:30:00	3.5	남남동	147	22.97	24.57	0.22	3.5	0.33	3.5	0.7	서	278	25.0	1014.0	-	222	
2021-07-20 01:35:00	4.1	남남동	154	23.00	24.61	0.22	3.7	0.32	3.0	0.8	북서	318	25.1	1014.0	-	149	
2021-07-20 01:40:00	5.6	남남동	166	22.98	24.60	0.24	3.8	0.35	4.0	1.2	북	1	25.1	1014.0	-	319	
2021-07-20 01:45:00	7.1	남남동	155	23.04	24.56	0.24	4.0	0.39	3.5	1.0	북북동	24	24.9	1014.0	-	144	
2021-07-20 01:50:00	5.9	남남동	164	23.00	24.61	0.24	3.7	0.37	4.0	1.0	동북동	77	24.9	1014.0	-	118	
2021-07-20 01:55:00	5.4	남남동	158	22.93	25.10	0.23	4.0	0.36	4.5	0.4	동북동	57	24.9	1014.0	-	223	
2021-07-20 02:00:00	7.6	남	186	22.91	24.90	0.23	3.4	0.45	3.0	1.2	북북서	340	24.8	1014.0	-	119	
2021-07-20 02:05:00	5.4	남	169	22.89	24.82	0.24	3.4	0.35	3.0	1.6	북서	322	24.7	1013.9	-	93	
2021-07-20 02:10:00	5.2	남남동	161	22.87	24.72	0.25	4.0	0.39	3.5	2.0	서북서	303	24.6	1013.9	-	243	
2021-07-20 02:15:00	3.7	남	179	22.88	24.88	0.22	3.5	0.37	3.5	2.3	서북서	301	24.5	1014.0	-	246	
2021-07-20 02:20:00	3.2	남남동	160	23.17	24.75	0.25	3.7	0.33	4.0	2.4	북서	326	24.5	1014.1	-	102	
2021-07-20 02:25:00	4.0	남남동	167	23.30	24.65	0.25	3.7	0.40	3.5	2.4	북서	315	24.5	1014.1	-	89	
2021-07-20 02:30:00	5.2	남남동	157	23.16	24.88	0.27	3.6	0.38	3.5	1.9	북서	310	24.4	1014.1	-	150	
2021-07-20 02:35:00	5.2	남동	126	24.39	24.30	0.23	3.6	0.30	4.0	1.3	북서	317	24.4	1014.2	-	292	
2021-07-20 02:40:00	2.1	남동	145	24.10	24.30	0.23	3.9	0.33	3.5	1.2	북서	306	24.4	1014.2	-	174	
2021-07-20 02:45:00	3.1	남동	145	24.13	24.26	0.19	3.8	0.27	4.0	1.5	서	273	24.5	1014.2	-	153	
2021-07-20 02:50:00	3.2	동남동	119	24.33	24.23	0.20	3.5	0.37	4.0	1.4	서남서	251	24.5	1014.2	-	159	
2021-07-20 02:55:00	6.5	남동	139	24.57	24.13	0.23	3.7	0.30	3.0	1.7	서	261	24.6	1014.2	-	15	
2021-07-20 03:00:00	6.2	동남동	106	24.54	23.99	0.22	3.8	0.37	4.0	2.1	서	267	24.7	1014.2	-	288	
2021-07-20 03:05:00	3.9	동남동	109	24.39	23.99	0.25	3.6	0.34	3.5	1.8	서남서	245	24.9	1014.2	-	160	
2021-07-20 03:10:00	3.3	동	92	24.01	24.07	0.26	3.6	0.36	3.5	1.5	서남서	257	24.9	1014.2	-	312	
2021-07-20 03:15:00	1.1	남남동	150	24.03	24.18	0.20	3.4	0.29	3.0	1.4	서남서	253	24.9	1014.2	-	102	
2021-07-20 03:20:00	4.0	남동	144	23.78	23.87	0.24	3.6	0.38	3.5	1.6	서남서	251	24.8	1014.2	-	189	
2021-07-20 03:25:00	2.6	남동	134	22.97	24.09	0.24	3.5	0.32	3.5	1.7	서남서	242	24.8	1014.1	-	354	
2021-07-20 03:30:00	0.8	동	95	23.71	24.09	0.23	3.6	0.30	3.5	2.0	서남서	246	24.8	1014.1	-	108	
2021-07-20 03:35:00	3.6	동	87	23.03	24.44	0.26	3.4	0.42	3.5	2.4	서남서	246	24.8	1014.1	-	88	
2021-07-20 03:40:00	1.2	남	181	23.64	24.24	0.23	3.5	0.37	3.0	2.3	서남서	253	24.8	1014.1	-	84	
2021-07-20 03:45:00	9.8	남남서	211	24.60	24.27	0.23	3.8	0.35	3.5	2.2	서	260	24.8	1014.1	-	182	
2021-07-20 03:50:00	2.0	남남동	163	24.36	23.83	0.21	3.6	0.30	3.5	1.9	서남서	256	24.8	1014.1	-	258	
2021-07-20 03:55:00	5.1	남	180	24.45	23.96	0.21	3.4	0.30	3.5	1.4	서남서	248	25.0	1014.2	-	251	
2021-07-20 04:00:00	3.2	남남서	198	24.36	24.02	0.22	3.8	0.28	3.5	0.9	남서	228	24.9	1014.2	-	276	
2021-07-20 04:05:00	5.1	남서	223	24.31	24.15	0.23	4.1	0.41	3.5	0.9	남남서	196	24.8	1014.2	-	102	
2021-07-20 04:10:00	3.1	남서	236	24.32	24.54	0.19	3.8	0.28	4.0	1.2	남남서	205	24.6	1014.2	-	270	
2021-07-20 04:15:00	4.9	서	259	24.37	24.33	0.22	3.8	0.33	4.0	1.0	남서	229	24.5	1014.2	-	193	
2021-07-20 04:20:00	6.1	서남서	257	24.53	23.84	0.22	3.6	0.30	3.0	1.7	남서	236	24.4	1014.2	-	276	
2021-07-20 04:25:00	4.6	서남서	240	24.33	24.28	0.24	3.2	0.34	4.5	1.9	남서	230	24.4	1014.3	-	254	
2021-07-20 04:30:00	4.0	남서	231	23.94	24.15	0.25	3.5	0.41	3.0	1.4	남서	230	24.5	1014.3	-	356	
2021-07-20 04:35:00	4.7	서남서	239	23.37	24.28	0.26	3.2	0.36	3.0	1.3	남서	226	24.5	1014.4	-	95	
2021-07-20 04:40:00	4.5	남서	236	23.15	24.20	0.24	3.8	0.37	4.5	1.2	서남서	240	24.6	1014.4	-	269	
2021-07-20 04:45:00	1.1	남동	143	23.13	24.15	0.25	4.0	0.36	3.0	0.7	서남서	238	24.6	1014.5	-	126	
2021-07-20 04:50:00	1.5	서	267	23.19	24.09	0.21	3.7	0.39	4.0	0.6	남서	231	24.6	1014.5	-	238	
2021-07-20 04:55:00	1.9	서	278	23.47	24.30	0.21	3.5	0.37	3.0	0.5	서	270	24.6	1014.6	-	302	
2021-07-20 05:00:00	10.3	서남서	248	24.56	24.08	0.21	3.2	0.29	4.0	0.4	북서	326	24.6	1014.6	-	285	
2021-07-20 05:05:00	9.3	서남서	250	24.63	24.15	0.23	3.5	0.38	4.0	0.7	북북서	328	24.6	1014.7	-	318	
2021-07-20 05:10:00	8.5	서남서	259	24.59	24.09	0.22	4.1	0.32	3.5	1.3	북북서	340	24.6	1014.7	-	195	
2021-07-20 05:15:00	8.8	서	266	24.49	24.03	0.19	3.8	0.25	3.0	1.2	북북서	332	24.4	1014.8	-	95	
2021-07-20 05:20:00	9.5	서남서	256	24.61	24.02	0.24	3.7	0.35	4.5	1.0	북서	318	24.3	1014.9	-	116	
2021-07-20 05:25:00	11.0	서남서	244	24.71	24.24	0.26	3.8	0.46	4.0	1.1	북서	318	24.2	1014.9	-	212	
2021-07-20 05:30:00	12.2	서	265	24.72	24.64	0.23	3.8	0.29	3.5	0.9	북서	307	24.2	1014.9	-	260	
2021-07-20 05:35:00	10.2	서	264	24.68	24.62	0.23	4.2	0.35	4.0	0.9	서북서	293	24.3	1015.0	-	185	
2021-07-20 05:40:00	8.9	서	263	24.67	24.63	0.23	3.8	0.41	3.5	0.8	서북서	301	24.3	1015.0	-	303	
2021-07-20 05:45:00	7.2	서	273	24.67	24.53	0.23	3.5	0.29	3.0	0.4	북서	306	24.2	1015.1	-	198	
2021-07-20 05:50:00	6.6	서	277	24.72	24.10	0.23	3.6	0.32	3.5	0.2	북서	322	24.3	1015.1	-	348	
2021-07-20 05:55:00	4.0	서	269	24.61	24.04	0.23	3.7	0.31	4.0	0.1	서북서	294	24.3	1015.1	-	270	
2021-07-20 06:00:00	3.9	서	279	24.53	24.02	0.21	3.5	0.34	3.0	0.4	북서	311	24.4	1015.1	-	214	
2021-07-20 06:05:00	7.7	서남서	244	24.74	24.35	0.20	3.7	0.25	3.5	0.3	북서	310	24.5	1015.2	-	224	
2021-07-20 06:10:00	9.5	서남서	244	24.75	23.83	0.22	4.0	0.33	4.5	0.7	서	270	24.7	1015.2	-	298	
2021-07-20 06:15:00	7.8	서남서	241	24.77	24.11	0.27	3.7	0.40	3.0	1.0	서	267	24.9	1015.3	-	282	
2021-07-20 06:20:00	7.0	서남서	258	24.78	24.00	0.22	3.7	0.40	4.5	1.1	서북서	300	25.0	1015.3	-	278	
2021-07-20 06:25:00	8.5	서남서	242	24.80	23.90	0.25	4.1	0.38	5.0	1.4	북북서	330	25.0	1015.3	-	111	
2021-07-20 06:30:00	6.8	서남서	253	24.81	23.93	0.22	3.8	0.39	3.5	1.8	북북서	330	24.9	1015.3	-	119	
2021-07-20 06:35:00	4.8	서남서	251	24.76	23.98	0.23	3.5	0.33	3.5	1.9	북북서	327	24.8	1015.4	-	131	
2021-07-20 06:40:00	7.3	서	261	24.82	24.09	0.26	3.7	0.36	3.5	1.6	북서	325	24.8	1015.4	-	234	
2021-07-20 06:45:00	7.3	서남서	242	24.84	24.03	0.22	4.0	0.32	3.5	1.9	북북서	337	24.9	1015.5	-	320	
2021-07-20 06:50:00	8.7	서남서	240	24.86	23.89	0.25	3.5	0.32	3.0	2.0	북북서	334	24.8	1015.5	-	279	
2021-07-20 06:55:00	8.1	서남서	236	24.86	23.85	0.22	3.7	0.40	4.0	1.9	북북서	334	24.8	1015.5	-	241	
2021-07-20 07:00:00	-	-	-	-	-	0.00	0.0	0.00	0.0	2.0	북북서	343	24.8	1015.4	-	0	
2021-07-20 07:05:00	11.3	서남서	242	24.82	23.88	0.22	3.9	0.30	3.5	1.8	북북서	333	24.9	1015.5	-	330	
2021-07-20 07:10:00	10.6	서남서	252	24.81	23.84	0.24	3.6	0.34	3.0	1.5	북북서	328	25.1	1015.5	-	94	
2021-07-20 07:15:00	11.6	서남서	251	24.81	23.96	0.21	4.0	0.32	4.0	1.4	북서	323	25.3	1015.5	-	188	
2021-07-20 07:20:00	11.9	서남서	256	24.81	23.87	0.25	4.0	0.37	3.0	1.7	북서	311	25.4	1015.5	-	158	
2021-07-20 07:25:00	12.3	서남서	247	24.82	23.95	0.22	4.2	0.31	3.5	1.8	북서	310	25.5	1015.6	-	131	
2021-07-20 07:30:00	10.3	서남서	254	24.81	23.88	0.24	3.8	0.34	4.5	1.6	북서	307	25.2	1015.6	-	223	
2021-07-20 07:35:00	11.5	서남서	253	24.82	23.97	0.22	3.8	0.27	3.5	1.6	북서	309	25.3	1015.6	-	301	
2021-07-20 07:40:00	9.6	서남서	259	24.81	24.21	0.22	3.8	0.32	4.5	1.9	북서	313	25.4	1015.6	-	148	
2021-07-20 07:45:00	11.9	서	260	24.81	24.41	0.25	3.8	0.39	5.0	1.6	북서	308	25.6	1015.6	-	97	
2021-07-20 07:50:00	12.4	서	264	24.81	24.27	0.23	3.6	0.33	3.0	1.4	서북서	303	25.7	1015.6	-	102	
2021-07-20 07:55:00	13.1	서	260	24.79	24.29	0.23	3.8	0.32	4.0	1.2	서북서	301	25.9	1015.7	-	103	
2021-07-20 08:00:00	13.4	서남서	251	24.85	24.15	0.21	3.6	0.39	3.5	1.1	북서	304	26.1	1015.7	-	118	
2021-07-20 08:05:00	15.0	서	262	24.87	23.88	0.21	3.7	0.31	3.5	1.2	북서	310	26.2	1015.8	-	272	
2021-07-20 08:10:00	15.5	서	260	24.88	23.95	0.24	3.9	0.28	3.5	1.1	북서	312	26.3	1015.8	-	271	
2021-07-20 08:15:00	13.5	서	270	24.89	23.93	0.24	4.0	0.37	4.0	1.1	북서	322	26.5	1015.7	-	220	
2021-07-20 08:20:00	12.3	서	279	24.89	23.84	0.24	4.1	0.37	4.0	1.0	북북서	330	26.8	1015.7	-	150	
2021-07-20 08:25:00	11.9	서	276	24.91	23.83	0.26	4.3	0.36	3.5	1.3	북북서	335	26.7	1015.6	-	219	
2021-07-20 08:30:00	12.7	서	272	24.91	23.95	0.29	3.9	0.54	3.5	1.5	북서	324	26.6	1015.6	-	115	
2021-07-20 08:35:00	8.4	서북서	282	24.86	24.06	0.28	4.0	0.43	4.0	1.7	북서	317	26.6	1015.6	-	105	
2021-07-20 08:40:00	13.9	서	276	24.93	24.01	0.26	4.3	0.38	5.5	2.0	북서	311	26.6	1015.6	-	99	
2021-07-20 08:45:00	16.6	서	269	24.94	23.96	0.24	3.8	0.35	3.5	1.8	북서	314	26.6	1015.6	-	290	
2021-07-20 08:50:00	17.6	서	273	24.94	24.00	0.25	4.0	0.37	5.0	1.6	북서	321	26.6	1015.6	-	31	
2021-07-20 08:55:00	13.6	서	281	24.96	23.98	0.26	4.1	0.39	3.5	1.9	북북서	329	26.5	1015.6	-	90	
2021-07-20 09:00:00	13.4	서북서	293	24.91	23.91	0.24	4.0	0.38	3.5	2.0	북북서	331	26.4	1015.5	-	342	
2021-07-20 09:05:00	12.8	서북서	282	24.98	24.02	0.27	4.0	0.38	3.5	1.7	북북서	330	26.6	1015.5	-	99	
2021-07-20 09:10:00	9.3	서북서	287	25.00	24.04	0.22	3.9	0.31	3.0	1.5	북북서	338	26.9	1015.5	-	110	
2021-07-20 09:15:00	8.4	서	278	25.01	23.82	0.24	3.7	0.39	3.5	1.3	북북서	342	26.9	1015.5	-	245	
2021-07-20 09:20:00	9.7	서	275	25.03	24.02	0.24	4.1	0.35	3.5	1.2	북	349	26.9	1015.5	-	133	
2021-07-20 09:25:00	11.7	서	278	25.04	24.10	0.24	4.1	0.36	4.5	1.5	북	353	27.0	1015.4	-	90	
2021-07-20 09:30:00	10.3	서북서	294	25.06	23.91	0.25	3.8	0.39	3.5	2.0	북	0	26.7	1015.4	-	201	
2021-07-20 09:35:00	10.5	서북서	286	25.08	23.86	0.23	3.8	0.33	3.0	2.3	북	359	26.9	1015.4	-	278	
2021-07-20 09:40:00	11.8	서북서	290	25.08	23.95	0.24	3.8	0.37	4.0	2.1	북	2	27.1	1015.4	-	89	
2021-07-20 09:45:00	12.9	서북서	283	25.11	23.93	0.27	4.0	0.37	4.0	2.1	북북동	12	27.1	1015.4	-	102	
2021-07-20 09:50:00	12.0	서	278	25.11	24.05	0.26	3.4	0.47	3.5	2.1	북	10	27.1	1015.4	-	159	
2021-07-20 09:55:00	12.9	서북서	293	25.12	23.93	0.21	3.7	0.32	3.0	2.1	북북동	13	27.2	1015.4	-	122	
2021-07-20 10:00:00	12.7	서북서	287	25.12	24.02	0.27	3.9	0.40	2.5	2.2	북북동	14	27.2	1015.4	-	143	
2021-07-20 10:05:00	12.6	서북서	298	25.12	23.98	0.27	3.8	0.38	4.0	2.2	북북동	15	27.2	1015.5	-	237	
2021-07-20 10:10:00	14.6	서북서	295	25.13	23.96	0.24	4.2	0.37	3.5	2.6	북북동	14	27.2	1015.5	-	197	
2021-07-20 10:15:00	15.5	서북서	303	25.14	24.09	0.23	3.9	0.39	4.0	2.6	북	11	27.3	1015.5	-	118	
2021-07-20 10:20:00	13.1	서북서	298	25.14	24.02	0.24	3.8	0.34	4.0	2.6	북북동	13	27.4	1015.5	-	299	
2021-07-20 10:25:00	15.7	서북서	295	25.15	24.01	0.23	3.7	0.37	4.5	2.5	북북동	14	27.4	1015.5	-	277	
2021-07-20 10:30:00	15.4	서북서	298	25.14	24.16	0.24	3.8	0.36	4.5	2.9	북북동	18	27.3	1015.5	-	269	
2021-07-20 10:35:00	15.4	서북서	300	25.15	23.98	0.23	3.7	0.37	4.0	3.0	북북동	16	27.1	1015.5	-	138	
2021-07-20 10:40:00	15.6	서북서	304	25.15	24.09	0.26	3.7	0.45	3.5	2.9	북북동	14	27.0	1015.4	-	248	
2021-07-20 10:45:00	15.0	북서	313	25.14	24.09	0.25	3.7	0.39	4.0	2.7	북북동	14	27.0	1015.4	-	263	
2021-07-20 10:50:00	15.2	북서	316	25.14	23.96	0.22	3.8	0.31	3.0	2.4	북북동	15	27.0	1015.5	-	103	
2021-07-20 10:55:00	16.5	북서	322	25.13	23.91	0.25	3.7	0.36	3.5	2.1	북북동	15	27.1	1015.5	-	135	
2021-07-20 11:00:00	14.4	북서	321	25.12	23.86	0.24	3.7	0.39	4.0	2.1	북북동	12	27.1	1015.5	-	73	
2021-07-20 11:05:00	13.4	북서	324	25.13	23.97	0.22	3.7	0.31	3.0	1.7	북북동	17	27.1	1015.5	-	259	
2021-07-20 11:10:00	13.0	북서	321	25.13	24.08	0.21	3.4	0.35	3.5	1.6	북북동	19	27.2	1015.5	-	112	
2021-07-20 11:15:00	12.5	북서	326	25.12	24.00	0.22	3.5	0.34	3.5	1.5	북북동	15	27.2	1015.4	-	255	
2021-07-20 11:20:00	10.7	북서	318	25.13	24.08	0.22	3.9	0.35	3.5	1.2	북	5	27.3	1015.4	-	116	
2021-07-20 11:25:00	10.0	북서	325	25.13	24.16	0.24	3.7	0.29	3.5	1.2	북	5	27.4	1015.4	-	291	
2021-07-20 11:30:00	7.5	북북서	327	25.15	24.07	0.22	3.8	0.35	3.5	1.3	북	3	27.5	1015.4	-	74	
2021-07-20 11:35:00	8.2	북서	314	25.18	24.23	0.23	3.6	0.35	3.0	1.6	북	2	27.4	1015.5	-	292	
2021-07-20 11:40:00	9.1	북서	310	25.38	24.29	0.24	3.7	0.36	3.0	1.8	북	8	27.2	1015.5	-	125	
2021-07-20 11:45:00	10.1	북서	305	25.38	24.03	0.22	3.8	0.30	3.0	2.3	북북동	13	27.2	1015.5	-	275	
2021-07-20 11:50:00	9.8	서북서	300	25.37	23.94	0.22	3.5	0.30	5.0	2.4	북북동	17	27.1	1015.6	-	256	
2021-07-20 11:55:00	10.6	서북서	292	25.47	23.96	0.25	3.6	0.47	3.5	2.4	북북동	16	27.1	1015.6	-	115	
2021-07-20 12:00:00	10.5	북서	304	25.39	24.00	0.24	3.8	0.37	3.5	2.7	북북동	21	27.1	1015.5	-	270	
2021-07-20 12:05:00	6.5	북서	321	25.31	24.05	0.25	3.6	0.39	3.0	2.8	북북동	19	27.1	1015.5	-	95	
2021-07-20 12:10:00	6.9	북북서	332	25.26	23.95	0.25	3.3	0.33	3.0	2.7	북북동	18	27.0	1015.5	-	103	
2021-07-20 12:15:00	7.4	북서	318	25.30	23.99	0.22	3.5	0.38	3.5	2.4	북북동	18	26.9	1015.5	-	95	
2021-07-20 12:20:00	8.0	북북서	340	25.23	23.78	0.25	3.5	0.32	4.0	2.1	북북동	21	27.0	1015.5	-	11	
2021-07-20 12:25:00	6.1	북서	326	25.26	23.79	0.25	3.7	0.39	4.0	2.4	북북동	21	27.1	1015.5	-	131	
2021-07-20 12:30:00	8.5	북	358	25.11	23.62	0.25	3.4	0.36	3.0	2.3	북북동	24	27.0	1015.4	-	26	
2021-07-20 12:35:00	10.1	북	352	25.10	24.02	0.23	3.4	0.35	3.5	2.3	북북동	20	26.9	1015.4	-	198	
2021-07-20 12:40:00	7.9	북	358	25.08	23.77	0.24	3.4	0.36	3.5	2.2	북북동	24	26.7	1015.5	-	79	
2021-07-20 12:45:00	5.2	북	359	25.14	23.96	0.23	3.6	0.47	3.5	2.5	북북동	21	26.9	1015.4	-	220	
2021-07-20 12:50:00	5.2	북북동	15	25.17	24.03	0.25	3.7	0.44	3.5	2.2	북북동	26	27.0	1015.4	-	276	
2021-07-20 12:55:00	6.0	북	350	25.15	24.23	0.23	3.4	0.28	4.0	2.3	북북동	32	27.1	1015.3	-	226	
2021-07-20 13:00:00	7.5	북	4	25.18	24.20	0.24	3.4	0.38	3.5	2.6	북북동	31	27.1	1015.3	-	354	
2021-07-20 13:05:00	6.1	북	3	25.18	24.12	0.26	3.2	0.38	3.0	2.4	북북동	20	27.1	1015.3	-	93	
2021-07-20 13:10:00	4.2	북	357	25.28	24.10	0.31	3.2	0.50	3.5	2.3	북북동	23	27.2	1015.2	-	76	
2021-07-20 13:15:00	9.8	서북서	290	26.06	24.10	0.26	3.5	0.38	3.5	2.1	북북동	20	27.2	1015.2	-	221	
2021-07-20 13:20:00	9.2	서북서	303	25.92	23.97	0.22	3.6	0.32	3.5	1.8	북북동	23	27.0	1015.2	-	79	
2021-07-20 13:25:00	10.7	북서	312	26.04	24.27	0.19	3.4	0.28	4.0	1.6	북북동	21	27.0	1015.2	-	266	
2021-07-20 13:30:00	6.4	북	350	25.68	23.90	0.22	3.7	0.33	4.0	1.2	북북동	17	27.1	1015.1	-	261	
2021-07-20 13:35:00	11.8	북	1	25.59	23.90	0.24	3.7	0.36	3.5	1.3	북북동	18	27.3	1015.1	-	160	
2021-07-20 13:40:00	9.4	북북동	16	25.54	23.95	0.22	3.3	0.36	3.0	1.1	북북동	22	27.2	1015.0	-	4	
2021-07-20 13:45:00	7.5	북북동	19	25.50	24.01	0.28	3.5	0.42	3.5	1.2	북북동	30	27.2	1015.0	-	63	
2021-07-20 13:50:00	7.1	북북동	19	25.58	23.93	0.26	3.6	0.36	4.0	1.0	북동	47	27.5	1014.9	-	297	
2021-07-20 13:55:00	5.5	북	2	25.67	24.31	0.27	3.6	0.38	3.5	0.7	동북동	59	27.6	1014.9	-	260	
2021-07-20 14:00:00	8.2	북	355	25.98	24.12	0.22	3.3	0.29	3.0	0.7	북동	34	27.7	1014.9	-	73	
2021-07-20 14:05:00	7.8	북북서	339	25.87	24.23	0.25	3.1	0.34	3.0	0.4	북동	50	27.6	1014.9	-	235	
2021-07-20 14:10:00	6.8	북	351	25.83	23.66	0.22	3.4	0.39	3.5	0.2	북동	50	27.8	1014.9	-	99	
2021-07-20 14:15:00	4.1	북	356	25.76	23.59	0.23	3.4	0.35	3.5	0.6	북북동	25	27.9	1014.8	-	282	
2021-07-20 14:20:00	7.9	북	354	25.78	23.97	0.28	3.4	0.44	3.0	0.8	북동	44	27.9	1014.7	-	94	
2021-07-20 14:25:00	8.3	북	6	25.59	23.93	0.24	3.4	0.32	3.5	0.9	북동	43	28.0	1014.7	-	258	
2021-07-20 14:30:00	10.6	북동	38	25.50	23.75	0.27	3.5	0.37	3.0	0.6	북동	56	28.0	1014.6	-	93	
2021-07-20 14:35:00	9.8	북동	39	25.47	23.95	0.27	3.4	0.39	3.0	0.1	북북동	28	28.3	1014.6	-	110	
2021-07-20 14:40:00	10.2	동북동	57	25.35	23.90	0.28	3.3	0.46	3.5	0.3	북동	35	28.2	1014.6	-	116	
2021-07-20 14:45:00	12.3	동북동	59	25.04	23.93	0.24	3.6	0.33	3.5	0.4	동	91	28.1	1014.6	-	309	
2021-07-20 14:50:00	6.3	북동	34	25.52	24.02	0.22	3.7	0.34	3.5	0.6	동남동	111	28.5	1014.5	-	229	
2021-07-20 14:55:00	6.2	북북서	343	25.91	23.79	0.21	3.4	0.30	3.0	1.0	동	97	28.4	1014.5	-	257	
2021-07-20 15:00:00	4.5	북북동	25	25.61	24.31	0.20	3.6	0.28	3.0	1.4	동남동	112	27.9	1014.5	-	165	
2021-07-20 15:05:00	6.2	북동	34	25.69	23.85	0.24	3.6	0.37	3.5	1.5	동	101	28.0	1014.4	-	108	
2021-07-20 15:10:00	7.1	북동	36	25.66	23.71	0.23	3.4	0.35	3.0	1.4	동	100	28.1	1014.4	-	261	
2021-07-20 15:15:00	10.3	북	9	25.89	23.72	0.21	3.2	0.28	3.5	1.4	동남동	107	27.8	1014.4	-	110	
2021-07-20 15:20:00	10.4	북	358	26.22	24.35	0.23	3.5	0.35	3.5	1.2	동남동	111	27.5	1014.4	-	98	
2021-07-20 15:25:00	7.8	북북서	349	26.36	23.98	0.24	3.5	0.30	3.0	1.5	남동	124	27.3	1014.4	-	88	
2021-07-20 15:30:00	3.4	북	5	26.43	24.03	0.23	3.3	0.36	3.5	2.5	남동	131	27.2	1014.4	-	305	
2021-07-20 15:35:00	4.2	북	9	26.38	24.06	0.20	3.1	0.31	3.0	2.7	남동	130	27.1	1014.3	-	154	
2021-07-20 15:40:00	5.5	북북서	348	26.38	23.85	0.18	3.8	0.30	3.0	3.1	남동	130	27.0	1014.2	-	261	
2021-07-20 15:45:00	2.4	북동	38	26.37	24.22	0.23	3.5	0.38	3.0	3.1	남동	132	26.9	1014.2	-	108	
2021-07-20 15:50:00	3.7	북	352	26.28	24.19	0.21	3.4	0.34	4.0	3.1	남동	128	26.9	1014.2	-	103	
2021-07-20 15:55:00	3.9	북북서	328	26.51	24.18	0.20	3.4	0.29	3.5	3.1	동남동	123	26.9	1014.2	-	260	
2021-07-20 16:00:00	3.0	북	355	26.53	24.19	0.19	3.5	0.29	3.0	3.0	동남동	118	26.9	1014.1	-	107	
2021-07-20 16:05:00	2.0	북동	37	26.48	24.06	0.20	4.1	0.30	3.0	3.0	동남동	117	26.9	1014.2	-	282	
2021-07-20 16:10:00	2.9	동북동	64	26.38	23.99	0.21	3.9	0.34	3.5	3.5	남동	130	26.9	1014.2	-	0	
2021-07-20 16:15:00	4.1	북북서	341	26.43	23.89	0.22	3.7	0.34	5.0	3.8	남동	136	26.8	1014.2	-	128	
2021-07-20 16:20:00	3.3	북북동	30	26.29	24.06	0.20	3.6	0.28	3.5	3.3	남동	132	26.8	1014.1	-	196	
2021-07-20 16:25:00	3.3	북북동	22	26.31	24.02	0.18	3.7	0.25	3.0	3.2	남동	134	26.8	1014.1	-	231	
2021-07-20 16:30:00	5.9	북	359	26.26	23.95	0.18	3.4	0.24	3.5	3.1	남동	130	26.8	1014.0	-	283	
2021-07-20 16:35:00	7.0	북북동	18	26.24	23.73	0.17	3.6	0.22	5.0	2.8	동남동	122	26.8	1014.0	-	2	
2021-07-20 16:40:00	9.6	북북동	14	26.26	23.88	0.25	3.2	0.39	3.0	2.2	남동	126	26.8	1014.0	-	179	
2021-07-20 16:45:00	9.6	북동	40	26.22	23.74	0.21	3.7	0.28	4.0	1.9	남동	129	26.9	1014.0	-	18	
2021-07-20 16:50:00	5.4	북북동	29	26.18	24.16	0.23	3.4	0.33	3.5	1.9	남동	124	27.0	1014.0	-	274	
2021-07-20 16:55:00	5.2	동북동	69	26.19	24.08	0.21	3.5	0.28	4.0	2.3	남동	127	26.9	1014.0	-	18	
2021-07-20 17:00:00	9.2	북동	51	26.18	24.17	0.19	3.6	0.33	3.0	2.6	동남동	123	26.8	1013.9	-	272	
2021-07-20 17:05:00	8.0	동북동	74	26.02	23.94	0.19	3.5	0.27	3.0	2.2	동남동	115	26.8	1013.8	-	301	
2021-07-20 17:10:00	6.4	동남동	102	25.72	23.71	0.20	3.6	0.35	3.5	2.1	동남동	119	26.8	1013.8	-	107	
2021-07-20 17:15:00	5.2	동남동	107	25.59	23.93	0.21	3.4	0.35	3.5	1.9	남동	125	26.7	1013.8	-	88	
2021-07-20 17:20:00	4.1	동	98	25.97	23.87	0.17	3.4	0.29	3.0	1.7	남동	125	26.7	1013.9	-	281	
2021-07-20 17:25:00	2.2	남서	223	25.31	23.70	0.16	3.5	0.24	3.0	1.4	남동	125	26.7	1013.9	-	89	
2021-07-20 17:30:00	1.7	서북서	302	26.14	24.20	0.21	3.5	0.31	3.5	1.2	남동	125	26.6	1013.9	-	263	
2021-07-20 17:35:00	4.2	북	2	26.32	24.23	0.20	3.4	0.35	2.5	1.2	동남동	118	26.7	1013.9	-	265	
2021-07-20 17:40:00	3.3	북서	312	26.33	23.89	0.22	3.3	0.36	3.0	1.3	동남동	113	26.7	1013.9	-	71	
2021-07-20 17:45:00	0.8	북동	34	26.31	23.86	0.19	3.6	0.31	3.0	1.0	동남동	108	26.7	1013.8	-	281	
2021-07-20 17:50:00	3.7	북동	39	26.18	24.23	0.20	3.6	0.28	3.5	0.1	남동	136	26.7	1013.9	-	335	
2021-07-20 17:55:00	4.2	북북서	327	26.15	23.86	0.19	3.6	0.25	4.0	0.4	서	280	26.8	1014.0	-	313	
2021-07-20 18:00:00	2.7	동북동	56	26.12	23.87	0.18	3.5	0.26	4.0	0.0	북서	306	26.8	1014.0	-	173	
2021-07-20 18:05:00	1.5	북	4	26.19	24.28	0.20	3.8	0.28	3.0	0.0	남남동	154	26.9	1014.0	-	322	
2021-07-20 18:10:00	1.1	북동	53	26.05	24.02	0.18	3.6	0.27	3.0	0.5	남남동	151	26.9	1014.0	-	244	
2021-07-20 18:15:00	1.1	남서	215	25.83	24.08	0.16	3.4	0.23	3.5	1.0	남남동	149	26.9	1013.9	-	269	
2021-07-20 18:20:00	0.2	북북서	333	26.10	24.07	0.17	3.7	0.23	3.0	0.5	남남동	150	26.8	1013.9	-	299	
2021-07-20 18:25:00	1.7	북북서	343	26.20	24.25	0.16	4.0	0.27	3.5	0.5	남동	146	26.8	1013.9	-	284	
2021-07-20 18:30:00	2.4	남남동	167	26.17	24.06	0.17	3.7	0.25	4.0	0.3	동	87	26.8	1013.8	-	316	
2021-07-20 18:35:00	3.3	남서	214	25.79	23.94	0.19	4.0	0.28	4.0	0.6	동북동	68	26.8	1013.8	-	310	
2021-07-20 18:40:00	5.5	남	174	25.38	24.04	0.18	3.3	0.24	3.5	0.5	동북동	67	26.7	1013.7	-	316	
2021-07-20 18:45:00	3.2	남남서	213	25.60	24.12	0.14	3.6	0.23	3.5	0.9	동	95	26.6	1013.5	-	285	
2021-07-20 18:50:00	3.2	남남동	166	25.86	23.99	0.15	3.6	0.22	3.0	2.1	남동	138	26.7	1013.5	-	324	
2021-07-20 18:55:00	3.4	남	173	25.65	24.05	0.18	3.9	0.24	4.5	3.5	남동	146	26.8	1013.4	-	276	
2021-07-20 19:00:00	3.5	남남동	165	25.91	24.15	0.17	3.6	0.29	4.5	3.6	남동	143	26.8	1013.4	-	275	
2021-07-20 19:05:00	4.0	남남동	162	25.50	23.95	0.15	3.6	0.20	3.5	3.9	남동	142	26.9	1013.4	-	289	
2021-07-20 19:10:00	4.3	남남동	159	25.19	23.90	0.15	3.5	0.24	4.0	4.2	남남동	148	26.9	1013.5	-	294	
2021-07-20 19:15:00	5.9	남남동	164	25.19	24.03	0.15	3.3	0.26	3.5	4.2	남남동	149	26.9	1013.5	-	323	
2021-07-20 19:20:00	1.4	남동	145	25.35	23.99	0.16	3.9	0.25	3.5	4.1	남남동	151	26.9	1013.6	-	298	
2021-07-20 19:25:00	4.2	남	174	24.94	23.97	0.17	3.7	0.21	4.0	3.7	남남동	151	26.9	1013.8	-	307	
2021-07-20 19:30:00	5.4	남남동	161	25.06	24.14	0.15	3.6	0.23	4.0	3.9	남남동	150	26.9	1013.8	-	88	
2021-07-20 19:35:00	3.4	남	177	25.37	23.94	0.15	3.6	0.24	3.5	3.7	남남동	151	26.9	1013.8	-	263	
2021-07-20 19:40:00	7.8	남서	217	25.20	23.81	0.15	3.6	0.25	3.5	3.7	남동	146	26.8	1013.8	-	320	
2021-07-20 19:45:00	4.5	남서	222	25.34	23.81	0.15	4.0	0.23	5.5	3.4	남남동	148	26.8	1013.8	-	270	
2021-07-20 19:50:00	5.5	남서	220	25.20	23.91	0.15	4.0	0.20	5.0	3.3	남남동	147	26.7	1013.8	-	267	
2021-07-20 19:55:00	7.1	남남서	206	25.25	24.08	0.13	3.8	0.19	3.0	3.2	남남동	147	26.8	1013.8	-	309	
2021-07-20 20:00:00	3.7	남서	215	25.11	24.39	0.17	3.6	0.25	5.0	3.1	남동	146	26.8	1013.8	-	294	
2021-07-20 20:05:00	5.4	남서	230	25.11	24.23	0.15	3.7	0.19	3.5	2.8	남동	140	26.7	1013.8	-	279	
2021-07-20 20:10:00	3.0	서남서	243	24.90	24.35	0.17	3.9	0.25	4.0	3.1	남동	133	26.7	1013.8	-	276	
2021-07-20 20:15:00	0.5	북북서	334	24.78	24.79	0.12	3.7	0.16	5.0	3.1	남동	133	26.7	1013.8	-	278	
2021-07-20 20:20:00	4.8	북북동	18	24.47	24.34	0.14	3.7	0.21	3.5	2.9	남동	133	26.6	1013.7	-	275	
2021-07-20 20:25:00	4.5	북북동	25	24.29	24.53	0.14	3.8	0.22	3.5	3.2	남동	137	26.5	1013.7	-	305	
2021-07-20 20:30:00	3.1	북동	36	24.24	24.19	0.14	3.8	0.22	4.0	3.4	남동	141	26.6	1013.7	-	312	
2021-07-20 20:35:00	1.5	동남동	104	24.62	24.09	0.14	3.7	0.18	3.5	3.4	남동	144	26.5	1013.8	-	285	
2021-07-20 20:40:00	4.4	동북동	77	24.67	24.30	0.15	3.8	0.25	3.5	2.7	남남동	147	26.5	1013.8	-	284	
2021-07-20 20:45:00	3.0	남동	146	24.64	23.88	0.14	3.6	0.20	3.0	2.6	남동	142	26.5	1013.9	-	278	
2021-07-20 20:50:00	3.0	남동	141	24.74	24.29	0.14	3.8	0.21	3.0	2.5	남동	145	26.5	1013.9	-	308	
2021-07-20 20:55:00	3.2	동	100	24.80	24.24	0.14	3.6	0.26	4.0	2.0	남남동	150	26.3	1013.9	-	306	
2021-07-20 21:00:00	5.2	동북동	79	24.66	24.25	0.13	3.8	0.17	3.5	1.6	남동	145	26.3	1014.0	-	335	
2021-07-20 21:05:00	3.5	동	88	24.59	24.31	0.12	3.6	0.17	3.5	1.4	남동	131	26.3	1014.0	-	337	
2021-07-20 21:10:00	3.9	남	181	25.05	23.95	0.12	3.7	0.17	3.5	1.3	남동	144	26.2	1014.0	-	302	
2021-07-20 21:15:00	7.5	남남서	194	25.18	23.99	0.13	3.5	0.20	3.0	0.8	남	189	26.1	1014.0	-	194	
2021-07-20 21:20:00	5.4	남	186	24.85	24.08	0.14	3.7	0.22	3.0	1.4	서북서	289	26.1	1014.1	-	266	
2021-07-20 21:25:00	7.3	남	172	24.85	23.99	0.12	3.9	0.22	3.5	1.9	북서	316	26.1	1014.2	-	272	
2021-07-20 21:30:00	6.9	남	169	24.79	24.19	0.12	4.0	0.19	4.0	1.7	북서	324	26.1	1014.2	-	290	
2021-07-20 21:35:00	7.7	남	180	24.84	24.36	0.11	3.8	0.16	4.0	1.9	북북서	333	26.2	1014.2	-	239	
2021-07-20 21:40:00	8.1	남	184	24.93	24.21	0.12	3.6	0.15	4.5	1.9	북북서	335	26.2	1014.3	-	303	
2021-07-20 21:45:00	6.9	남남동	165	24.76	24.05	0.12	3.2	0.17	3.0	1.3	북북서	329	26.2	1014.3	-	10	
2021-07-20 21:50:00	8.8	남남동	166	24.72	24.26	0.10	3.8	0.15	4.5	0.9	북북서	340	26.2	1014.3	-	304	
2021-07-20 21:55:00	7.8	남남동	158	24.64	24.17	0.13	3.9	0.18	4.0	1.3	북북서	342	26.2	1014.3	-	320	
2021-07-20 22:00:00	6.9	남남동	151	24.64	24.22	0.12	3.8	0.16	4.0	1.4	북북서	337	26.1	1014.3	-	292	
2021-07-20 22:05:00	7.7	남남동	164	24.63	24.02	0.11	3.8	0.15	4.0	1.6	북북서	338	26.0	1014.3	-	142	
2021-07-20 22:10:00	5.2	남동	140	24.46	24.39	0.13	3.5	0.18	3.5	1.5	북북서	334	26.0	1014.3	-	336	
2021-07-20 22:15:00	7.0	동남동	120	24.45	24.33	0.11	3.6	0.19	3.5	1.1	북북서	330	26.0	1014.3	-	246	
2021-07-20 22:20:00	7.4	동남동	118	24.51	24.46	0.14	3.6	0.24	3.5	0.8	북북서	331	25.9	1014.3	-	283	
2021-07-20 22:25:00	4.5	동남동	118	24.39	24.34	0.13	3.5	0.19	3.5	0.7	북북서	328	25.9	1014.2	-	309	
2021-07-20 22:30:00	4.2	동남동	123	24.37	24.25	0.09	3.4	0.13	3.5	0.5	북북서	348	26.0	1014.3	-	261	
2021-07-20 22:35:00	5.2	남동	127	24.50	24.29	0.12	3.6	0.16	3.5	0.5	북	358	26.0	1014.3	-	271	
2021-07-20 22:40:00	7.0	남동	125	24.48	24.30	0.12	3.6	0.22	3.0	0.1	북	6	25.9	1014.3	-	271	
2021-07-20 22:45:00	8.4	남동	132	24.48	24.20	0.13	3.3	0.18	3.5	0.0	동북동	76	25.9	1014.3	-	241	
2021-07-20 22:50:00	6.5	남동	131	24.41	24.20	0.12	3.6	0.16	3.5	0.3	북동	39	25.8	1014.4	-	294	
2021-07-20 22:55:00	7.2	남남동	154	24.52	24.25	0.12	3.3	0.17	3.5	0.2	북동	38	25.8	1014.5	-	281	
2021-07-20 23:00:00	6.6	남남동	147	24.53	24.16	0.13	3.7	0.20	3.0	0.0	북동	55	25.8	1014.5	-	290	
2021-07-20 23:05:00	12.3	남남서	194	25.05	24.35	0.13	3.2	0.18	3.0	0.0	동남동	108	25.8	1014.5	-	289	
2021-07-20 23:10:00	8.0	남	184	24.82	24.26	0.14	3.4	0.21	3.0	0.1	남동	138	25.8	1014.6	-	264	
2021-07-20 23:15:00	8.8	남남서	197	24.88	24.48	0.14	3.3	0.23	3.0	0.3	남남동	162	25.8	1014.6	-	117	
2021-07-20 23:20:00	6.7	남남서	194	24.89	24.27	0.13	3.1	0.19	4.0	0.8	남남동	166	25.8	1014.5	-	85	
2021-07-20 23:25:00	5.6	남	189	24.90	24.14	0.15	3.2	0.24	3.0	0.6	남남동	154	25.8	1014.5	-	81	
2021-07-20 23:30:00	6.6	남	189	24.78	24.15	0.15	3.0	0.24	3.0	0.7	남동	138	25.7	1014.5	-	119	
2021-07-20 23:35:00	5.0	남	179	24.76	24.09	0.14	3.2	0.26	2.5	0.8	남남동	157	25.6	1014.4	-	108	
2021-07-20 23:40:00	5.5	남남서	196	24.80	24.09	0.17	3.0	0.27	3.0	0.8	남	176	25.6	1014.4	-	126	
2021-07-20 23:45:00	4.0	남남동	167	24.89	23.93	0.18	3.1	0.26	3.0	1.0	남	181	25.6	1014.4	-	120	
2021-07-20 23:50:00	3.6	남	183	24.90	23.98	0.17	3.1	0.25	3.0	0.9	남남서	194	25.5	1014.4	-	113	
2021-07-20 23:55:00	3.9	남남서	211	24.77	24.17	0.21	3.1	0.34	3.0	1.0	남남서	209	25.4	1014.4	-	130	
2021-07-21 00:00:00	5.0	남남동	154	24.85	24.39	0.21	3.3	0.32	3.0	1.2	남서	216	25.4	1014.4	-	122	
2021-07-21 00:05:00	3.8	남	175	24.82	24.54	0.22	3.2	0.39	3.0	1.0	남서	224	25.5	1014.4	-	120	
2021-07-21 00:10:00	4.1	남서	217	24.89	24.41	0.19	3.1	0.31	3.0	0.7	남서	225	25.5	1014.4	-	235	
2021-07-21 00:15:00	4.7	남남동	159	24.81	24.47	0.19	3.1	0.31	3.0	0.9	남서	224	25.5	1014.4	-	122	
2021-07-21 00:20:00	2.7	남남동	158	24.83	24.44	0.20	3.2	0.30	3.0	1.1	서남서	238	25.6	1014.4	-	109	
2021-07-21 00:25:00	3.8	남남동	168	24.64	24.92	0.20	3.4	0.26	3.5	1.3	서남서	245	25.6	1014.3	-	121	
2021-07-21 00:30:00	5.3	남	190	24.80	24.37	0.24	3.2	0.35	3.0	1.3	서남서	245	25.7	1014.3	-	109	
2021-07-21 00:35:00	3.3	남남서	205	24.89	24.08	0.18	3.0	0.34	3.0	1.3	남서	235	25.8	1014.2	-	93	
2021-07-21 00:40:00	4.3	남남서	194	24.92	24.08	0.20	3.2	0.27	3.5	1.0	서남서	244	25.9	1014.2	-	62	
2021-07-21 00:45:00	4.6	남남서	192	24.95	24.23	0.20	3.2	0.26	3.0	1.2	서남서	242	26.0	1014.2	-	253	
2021-07-21 00:50:00	2.3	남남서	202	24.94	24.21	0.19	3.1	0.26	3.5	1.1	서남서	256	25.9	1014.3	-	120	
2021-07-21 00:55:00	5.1	남서	235	24.93	24.13	0.16	3.1	0.25	3.5	1.6	서남서	258	25.7	1014.3	-	276	
2021-07-21 01:00:00	2.9	서남서	248	24.74	24.12	0.17	3.1	0.22	3.0	1.2	서	259	25.7	1014.3	-	126	
2021-07-21 01:05:00	1.3	남남서	208	24.24	24.28	0.19	3.0	0.27	3.5	0.8	서남서	257	25.5	1014.2	-	282	
2021-07-21 01:10:00	1.9	북서	312	24.59	24.51	0.18	3.1	0.27	3.5	0.9	서남서	254	25.5	1014.1	-	116	
2021-07-21 01:15:00	2.2	남서	233	24.73	24.58	0.21	3.3	0.37	3.0	1.0	서남서	250	25.5	1014.1	-	119	
2021-07-21 01:20:00	3.2	서남서	249	24.76	24.31	0.20	3.4	0.26	3.0	0.9	서남서	238	25.5	1014.1	-	251	
2021-07-21 01:25:00	7.5	남서	221	25.10	24.14	0.19	3.1	0.28	3.5	0.9	서남서	242	25.5	1014.1	-	114	
2021-07-21 01:30:00	8.4	서남서	238	25.06	24.24	0.18	3.3	0.32	3.5	0.7	서남서	250	25.4	1014.1	-	115	
2021-07-21 01:35:00	9.5	남서	236	25.02	24.61	0.20	3.4	0.32	3.0	0.9	서남서	250	25.4	1014.1	-	299	
2021-07-21 01:40:00	12.7	서남서	245	25.08	24.62	0.19	3.4	0.33	3.0	0.9	남서	229	25.4	1014.0	-	111	
2021-07-21 01:45:00	11.8	서남서	255	25.08	24.57	0.18	3.1	0.24	3.0	0.7	남서	233	25.4	1014.0	-	111	
2021-07-21 01:50:00	6.8	서	266	24.88	24.29	0.18	3.1	0.30	3.0	0.8	남서	226	25.4	1014.0	-	122	
2021-07-21 01:55:00	13.8	서	260	24.97	24.32	0.20	3.2	0.33	3.0	0.9	남서	234	25.4	1014.0	-	108	
2021-07-21 02:00:00	13.2	서	272	24.82	24.22	0.19	3.4	0.26	3.5	0.8	서남서	241	25.3	1014.0	-	122	
2021-07-21 02:05:00	10.6	서남서	252	25.28	24.31	0.22	3.4	0.32	3.5	0.5	남남서	212	25.3	1014.0	-	117	
2021-07-21 02:10:00	10.2	서남서	257	25.20	24.17	0.18	3.1	0.29	3.5	0.4	남남동	166	25.3	1014.0	-	124	
2021-07-21 02:15:00	9.9	서	275	24.92	24.29	0.15	2.9	0.21	3.0	0.8	남동	145	25.3	1014.0	-	122	
2021-07-21 02:20:00	8.3	서북서	283	24.82	24.24	0.21	3.0	0.31	3.0	1.2	남동	132	25.2	1014.0	-	301	
2021-07-21 02:25:00	7.0	서북서	292	24.90	24.38	0.20	3.4	0.34	3.0	1.1	남동	131	25.1	1014.0	-	117	
2021-07-21 02:30:00	7.6	북서	308	24.86	24.23	0.19	3.1	0.32	3.5	1.1	남동	137	25.0	1013.9	-	118	
2021-07-21 02:35:00	6.3	북서	321	24.93	24.06	0.19	3.0	0.35	3.0	1.2	남동	143	25.1	1013.9	-	128	
2021-07-21 02:40:00	5.2	북서	314	24.88	24.07	0.20	3.5	0.31	3.0	1.5	남남동	147	25.1	1013.9	-	235	
2021-07-21 02:45:00	8.2	북서	311	24.92	24.01	0.23	3.2	0.41	3.0	2.3	남남동	157	25.0	1013.9	-	55	
2021-07-21 02:50:00	7.1	북서	305	24.84	24.16	0.24	3.3	0.31	3.0	2.8	남남동	160	24.9	1013.9	-	251	
2021-07-21 02:55:00	8.1	북북서	329	24.77	24.20	0.25	3.3	0.36	3.0	2.6	남남동	165	24.9	1013.8	-	126	
2021-07-21 03:00:00	6.2	북북서	334	24.71	24.11	0.24	3.1	0.32	3.5	2.7	남	169	24.9	1013.8	-	248	
2021-07-21 03:05:00	5.7	북서	319	24.80	24.03	0.26	3.0	0.37	3.0	2.3	남	172	24.9	1013.8	-	309	
2021-07-21 03:10:00	7.6	북서	311	24.69	24.24	0.24	3.0	0.47	3.0	1.6	남	187	25.1	1013.9	-	126	
2021-07-21 03:15:00	8.4	북서	322	24.68	24.24	0.28	3.0	0.39	3.0	1.4	남남서	194	25.2	1013.8	-	102	
2021-07-21 03:20:00	9.1	북북서	338	24.68	24.39	0.28	3.0	0.39	3.5	0.9	남남서	199	25.1	1013.8	-	328	
2021-07-21 03:25:00	7.8	북	354	24.62	24.43	0.30	3.1	0.42	3.0	0.9	남남서	198	25.1	1013.8	-	60	
2021-07-21 03:30:00	7.2	북	357	24.70	24.38	0.30	3.0	0.46	3.0	1.0	남서	215	25.1	1013.9	-	308	
2021-07-21 03:35:00	7.8	북	352	24.70	24.32	0.29	3.0	0.39	3.0	0.8	남서	221	25.1	1013.9	-	120	
2021-07-21 03:40:00	6.5	북	11	24.76	24.43	0.31	3.1	0.45	3.0	0.8	남서	224	25.2	1013.9	-	91	
2021-07-21 03:45:00	7.9	북북동	12	24.77	24.61	0.25	3.2	0.36	3.0	0.8	서남서	245	25.1	1013.9	-	279	
2021-07-21 03:50:00	6.4	북북서	341	25.05	24.45	0.27	3.1	0.33	3.0	0.9	서	279	25.2	1014.0	-	121	
2021-07-21 03:55:00	4.9	북북동	14	24.91	24.52	0.26	3.1	0.35	3.0	0.9	서	281	25.1	1014.0	-	121	
2021-07-21 04:00:00	3.2	북	1	25.01	24.61	0.27	3.0	0.35	3.5	1.2	서북서	284	25.2	1014.0	-	115	
2021-07-21 04:05:00	1.1	서남서	240	25.35	24.58	0.23	3.1	0.34	3.5	1.1	서북서	299	25.1	1014.0	-	111	
2021-07-21 04:10:00	2.2	북북서	348	25.06	24.46	0.22	3.1	0.30	3.0	0.7	북서	316	24.9	1013.9	-	256	
2021-07-21 04:15:00	1.5	북서	309	25.44	24.28	0.28	3.1	0.37	3.0	0.8	북북서	339	24.8	1013.9	-	90	
2021-07-21 04:20:00	0.5	서북서	301	25.53	24.29	0.23	3.0	0.35	3.0	1.0	북	359	24.8	1013.9	-	127	
2021-07-21 04:25:00	2.9	서	261	25.73	24.28	0.24	2.9	0.32	3.0	1.0	북북동	18	24.8	1013.9	-	108	
2021-07-21 04:30:00	4.2	서남서	239	25.82	24.45	0.23	2.8	0.33	3.0	0.6	북	350	24.9	1013.9	-	112	
2021-07-21 04:35:00	5.5	서남서	254	25.81	24.55	0.20	2.9	0.34	3.0	0.9	북	351	24.9	1013.9	-	345	
2021-07-21 04:40:00	7.2	서남서	258	25.80	24.44	0.25	2.9	0.44	3.0	1.2	북북서	347	25.0	1013.9	-	2	
2021-07-21 04:45:00	4.9	서	260	25.82	24.42	0.21	2.8	0.29	3.0	1.4	북북서	338	25.0	1013.8	-	117	
2021-07-21 04:50:00	3.6	서	263	25.71	24.34	0.20	2.9	0.37	2.5	1.8	북서	313	25.0	1013.8	-	113	
2021-07-21 04:55:00	3.3	서북서	294	25.82	24.09	0.20	2.9	0.28	2.5	1.9	북서	325	24.6	1013.8	-	112	
2021-07-21 05:00:00	1.8	북서	305	25.63	23.76	0.18	2.9	0.28	3.5	1.9	북서	323	24.4	1013.8	-	116	
2021-07-21 05:05:00	2.7	북	355	25.26	23.82	0.17	2.9	0.24	3.0	1.7	북서	321	24.3	1013.7	-	104	
2021-07-21 05:10:00	3.2	북북서	333	24.92	24.12	0.23	3.1	0.34	3.0	1.3	북서	315	24.4	1013.8	-	90	
2021-07-21 05:15:00	5.4	북	10	24.77	24.15	0.22	2.9	0.32	3.0	1.0	북서	317	24.4	1013.8	-	115	
2021-07-21 05:20:00	0.9	서북서	290	25.22	24.10	0.21	2.8	0.32	3.0	1.3	북서	305	24.4	1013.8	-	95	
2021-07-21 05:25:00	1.9	북서	306	25.17	23.89	0.27	2.8	0.39	3.0	1.2	북서	310	24.3	1013.8	-	122	
2021-07-21 05:30:00	1.7	북서	311	25.52	23.89	0.17	2.7	0.25	2.5	1.2	북서	307	24.3	1013.9	-	110	
2021-07-21 05:35:00	2.7	북	350	25.77	24.56	0.18	3.1	0.35	3.0	1.1	서북서	294	24.3	1013.9	-	117	
2021-07-21 05:40:00	2.9	북	358	25.55	24.51	0.17	3.0	0.24	3.0	0.7	서북서	297	24.2	1013.9	-	103	
2021-07-21 05:45:00	3.6	서북서	286	25.64	24.39	0.16	2.9	0.23	3.0	0.5	서북서	295	24.3	1013.9	-	107	
2021-07-21 05:50:00	3.2	서북서	291	25.92	24.38	0.18	3.1	0.33	3.0	0.8	서북서	292	24.4	1013.9	-	116	
2021-07-21 05:55:00	2.1	북서	317	25.89	24.34	0.16	3.0	0.22	2.5	1.0	서북서	290	24.5	1014.0	-	119	
2021-07-21 06:00:00	3.5	서북서	299	25.95	24.03	0.18	2.9	0.30	3.0	0.8	북서	307	24.7	1014.1	-	106	
2021-07-21 06:05:00	6.4	서북서	284	25.99	24.12	0.17	3.0	0.27	3.0	1.0	북북서	328	24.8	1014.1	-	96	
2021-07-21 06:10:00	5.2	서북서	293	26.00	24.11	0.18	3.0	0.28	3.0	0.8	북서	316	24.8	1014.1	-	101	
2021-07-21 06:15:00	3.2	북북서	339	25.96	23.87	0.17	2.9	0.24	3.0	1.0	북서	325	24.7	1014.2	-	108	
2021-07-21 06:20:00	4.8	북북서	329	25.97	24.15	0.18	3.2	0.22	3.0	0.8	북	350	24.8	1014.3	-	86	
2021-07-21 06:25:00	7.3	북서	306	25.99	24.28	0.18	3.0	0.30	3.0	0.8	북북서	332	24.8	1014.3	-	47	
2021-07-21 06:30:00	7.9	서북서	296	26.01	24.36	0.21	3.3	0.34	3.0	0.9	북북서	344	24.9	1014.3	-	157	
2021-07-21 06:35:00	9.3	서북서	300	26.02	24.21	0.20	3.0	0.30	2.5	0.8	북	4	25.0	1014.4	-	112	
2021-07-21 06:40:00	8.2	북서	305	26.02	24.32	0.17	3.0	0.24	4.5	0.8	북북동	17	25.1	1014.4	-	100	
2021-07-21 06:45:00	8.0	서북서	302	25.98	24.19	0.19	2.9	0.27	2.5	0.9	북	0	25.2	1014.5	-	128	
2021-07-21 06:50:00	7.3	북서	318	25.95	23.82	0.24	3.0	0.39	3.0	1.2	북북서	336	25.3	1014.5	-	121	
2021-07-21 06:55:00	8.1	북서	324	25.92	23.42	0.21	3.1	0.36	3.0	1.7	북서	325	25.5	1014.5	-	108	
2021-07-21 07:00:00	7.6	북서	309	25.93	23.56	0.20	3.1	0.36	3.0	2.1	북북서	330	25.4	1014.5	-	117	
2021-07-21 07:05:00	12.7	서북서	303	25.96	23.53	0.22	3.1	0.30	3.0	2.2	북북서	332	25.3	1014.6	-	107	
2021-07-21 07:10:00	7.7	북서	310	25.93	23.87	0.23	2.9	0.37	3.0	2.7	북북서	327	25.3	1014.6	-	103	
2021-07-21 07:15:00	7.8	북북서	329	25.89	23.80	0.20	3.0	0.32	3.0	3.6	북서	319	25.3	1014.7	-	277	
2021-07-21 07:20:00	7.3	북북서	335	25.93	23.85	0.23	3.1	0.32	2.5	4.0	북서	314	25.0	1014.7	-	106	
2021-07-21 07:25:00	8.7	북서	326	25.94	23.50	0.26	3.3	0.38	3.5	3.7	북서	307	24.9	1014.7	-	180	
2021-07-21 07:30:00	6.6	북북서	347	25.89	23.34	0.23	2.9	0.31	2.5	3.4	북서	306	25.1	1014.8	-	27	
2021-07-21 07:35:00	6.9	북북서	347	25.81	23.49	0.25	3.0	0.35	3.0	3.7	북서	306	25.2	1014.8	-	150	
2021-07-21 07:40:00	6.1	북북서	346	25.73	23.65	0.25	3.0	0.36	3.5	3.7	북서	305	25.6	1014.9	-	71	
2021-07-21 07:45:00	6.6	북	10	25.72	23.64	0.22	3.0	0.33	3.5	3.0	북서	305	25.7	1014.9	-	296	
2021-07-21 07:50:00	5.3	북	352	25.55	23.67	0.25	3.0	0.36	3.0	2.8	서북서	303	25.8	1014.9	-	80	
2021-07-21 07:55:00	6.3	북북서	327	25.53	23.64	0.24	3.0	0.34	3.0	2.9	북서	306	25.9	1014.9	-	284	
2021-07-21 08:00:00	3.0	북북동	22	25.53	23.60	0.25	3.1	0.39	3.5	2.9	북서	312	26.0	1014.9	-	104	
2021-07-21 08:05:00	2.6	북	0	25.36	23.77	0.26	3.0	0.38	3.0	2.7	북서	322	26.1	1014.9	-	82	
2021-07-21 08:10:00	6.3	북동	52	25.03	24.27	0.22	3.2	0.32	3.0	2.9	북북서	330	26.1	1015.0	-	126	
2021-07-21 08:15:00	3.4	북동	56	25.30	24.55	0.27	3.1	0.38	3.5	2.7	북북서	337	26.1	1015.0	-	142	
2021-07-21 08:20:00	6.5	동	89	24.63	24.29	0.23	3.1	0.33	3.5	2.9	북북서	334	25.9	1015.0	-	311	
2021-07-21 08:25:00	3.7	동	100	25.07	24.59	0.22	3.0	0.33	3.0	3.2	북북서	335	25.8	1015.1	-	79	
2021-07-21 08:30:00	0.4	북	11	25.39	24.21	0.22	3.1	0.31	3.0	3.1	북북서	339	25.8	1015.1	-	123	
2021-07-21 08:35:00	5.0	서북서	303	25.52	24.19	0.22	3.1	0.44	3.0	2.8	북북서	345	25.9	1015.2	-	109	
2021-07-21 08:40:00	2.2	북	357	25.76	23.87	0.23	3.0	0.38	3.5	2.9	북	351	26.0	1015.2	-	108	
2021-07-21 08:45:00	5.2	서북서	283	25.94	23.94	0.19	2.9	0.26	3.0	2.9	북	353	26.0	1015.2	-	95	
2021-07-21 08:50:00	7.0	서남서	240	26.03	23.93	0.17	2.9	0.23	3.0	2.8	북	355	26.1	1015.2	-	205	
2021-07-21 08:55:00	5.7	서남서	245	26.02	23.94	0.20	3.1	0.27	3.0	2.6	북	2	26.1	1015.2	-	118	
2021-07-21 09:00:00	8.0	서남서	251	26.04	24.32	0.22	2.9	0.32	3.0	2.7	북	2	26.1	1015.2	-	99	
2021-07-21 09:05:00	8.5	서	259	26.03	24.28	0.16	3.1	0.24	3.5	2.7	북	358	26.2	1015.2	-	114	
2021-07-21 09:10:00	6.5	서	264	26.04	23.69	0.15	3.1	0.26	3.0	2.4	북	5	26.2	1015.1	-	100	
2021-07-21 09:15:00	6.2	서	280	26.01	23.92	0.17	3.1	0.30	2.5	2.2	북	5	26.3	1015.2	-	110	
2021-07-21 09:20:00	6.7	서	280	26.05	23.88	0.15	3.0	0.19	3.0	2.4	북	359	26.3	1015.2	-	111	
2021-07-21 09:25:00	4.3	서	260	26.05	23.78	0.16	2.9	0.21	3.0	2.7	북	356	26.2	1015.2	-	103	
2021-07-21 09:30:00	2.7	서북서	290	26.04	23.71	0.18	3.4	0.26	3.0	2.6	북	358	26.3	1015.2	-	56	
2021-07-21 09:35:00	7.7	서남서	239	26.12	24.13	0.17	3.6	0.23	6.5	2.5	북	0	26.3	1015.2	-	124	
2021-07-21 09:40:00	6.8	서남서	240	26.12	23.71	0.18	2.9	0.29	3.0	2.4	북	4	26.2	1015.2	-	119	
2021-07-21 09:45:00	7.3	남서	227	26.15	23.71	0.17	3.0	0.29	3.0	2.6	북	4	26.2	1015.3	-	52	
2021-07-21 09:50:00	8.5	남서	235	26.15	24.03	0.15	2.9	0.21	2.5	2.5	북	11	26.3	1015.3	-	127	
2021-07-21 09:55:00	8.0	서남서	247	26.19	24.01	0.16	3.0	0.22	3.5	2.3	북	4	26.2	1015.3	-	104	
2021-07-21 10:00:00	7.1	서남서	252	26.18	23.82	0.13	3.0	0.17	3.5	2.4	북북동	13	26.3	1015.3	-	139	
2021-07-21 10:05:00	5.8	서남서	238	26.15	23.97	0.13	3.0	0.19	3.0	2.7	북북동	15	26.3	1015.3	-	120	
2021-07-21 10:10:00	7.5	서남서	250	26.13	24.05	0.15	2.9	0.24	3.5	2.8	북북동	17	26.3	1015.3	-	129	
2021-07-21 10:15:00	4.8	서	270	26.12	23.66	0.15	2.8	0.26	2.5	2.7	북북동	19	26.3	1015.3	-	29	
2021-07-21 10:20:00	8.2	서남서	251	26.12	23.82	0.14	2.9	0.23	3.0	2.7	북북동	16	26.4	1015.3	-	309	
2021-07-21 10:25:00	3.7	북	8	26.13	23.81	0.14	3.1	0.21	3.0	2.7	북북동	19	26.4	1015.4	-	9	
2021-07-21 10:30:00	7.4	서남서	244	26.18	23.93	0.15	3.0	0.24	3.0	2.6	북북동	17	26.4	1015.4	-	124	
2021-07-21 10:35:00	5.1	서남서	240	26.20	23.95	0.16	3.7	0.22	5.0	2.5	북북동	22	26.4	1015.3	-	327	
2021-07-21 10:40:00	5.7	서남서	247	26.21	23.52	0.18	3.6	0.26	3.5	2.5	북북동	16	26.4	1015.3	-	222	
2021-07-21 10:45:00	7.9	서남서	238	26.29	23.45	0.17	3.0	0.28	4.0	2.4	북북동	24	26.4	1015.3	-	233	
2021-07-21 10:50:00	5.8	서남서	240	26.27	23.40	0.17	3.3	0.22	3.0	2.1	북북동	32	26.5	1015.3	-	51	
2021-07-21 10:55:00	3.4	남서	236	26.27	23.76	0.12	3.4	0.16	3.0	2.1	북동	42	26.5	1015.3	-	95	
2021-07-21 11:00:00	1.6	북서	312	26.27	23.81	0.13	3.0	0.19	3.0	2.0	북동	44	26.6	1015.3	-	105	
2021-07-21 11:05:00	2.8	서남서	252	26.33	23.85	0.13	3.0	0.18	3.0	1.7	북동	39	26.6	1015.3	-	103	
2021-07-21 11:10:00	3.3	남서	225	26.27	23.73	0.13	3.3	0.18	3.0	1.6	북동	37	26.6	1015.3	-	133	
2021-07-21 11:15:00	1.9	북북서	333	26.24	23.76	0.14	3.4	0.19	4.0	1.2	북동	38	26.7	1015.3	-	69	
2021-07-21 11:20:00	0.6	서	271	26.14	23.55	0.13	3.3	0.16	2.5	1.4	북북동	29	26.8	1015.3	-	92	
2021-07-21 11:25:00	3.7	동북동	74	26.16	23.52	0.17	2.8	0.33	3.0	1.5	북동	38	26.8	1015.3	-	228	
2021-07-21 11:30:00	0.5	북북동	17	26.25	23.78	0.14	3.3	0.23	3.0	1.6	북동	55	26.7	1015.2	-	72	
2021-07-21 11:35:00	3.4	서	265	26.34	23.73	0.12	2.9	0.18	3.0	1.6	북동	55	26.8	1015.2	-	143	
2021-07-21 11:40:00	7.7	서	278	26.36	23.68	0.13	3.0	0.20	3.0	1.6	북동	49	26.9	1015.2	-	111	
2021-07-21 11:45:00	9.5	서	267	26.50	23.60	0.12	2.9	0.15	3.0	1.8	북동	56	27.0	1015.2	-	39	
2021-07-21 11:50:00	8.2	서	262	26.40	23.66	0.13	3.1	0.20	3.0	2.1	북동	55	27.0	1015.2	-	49	
2021-07-21 11:55:00	8.5	서	265	26.37	23.91	0.15	2.9	0.26	2.5	2.3	동북동	59	27.0	1015.2	-	99	
2021-07-21 12:00:00	7.8	서	273	26.39	23.70	0.12	3.0	0.21	3.0	2.4	동북동	69	27.0	1015.2	-	117	
2021-07-21 12:05:00	9.8	서	277	26.30	23.81	0.14	2.9	0.18	2.5	2.3	동북동	73	27.0	1015.1	-	282	
2021-07-21 12:10:00	5.1	서북서	288	26.30	23.71	0.12	3.4	0.18	3.0	2.4	동북동	74	27.0	1015.0	-	108	
2021-07-21 12:15:00	6.2	서북서	284	26.26	23.72	0.12	3.1	0.20	2.5	2.6	동북동	75	26.9	1015.0	-	116	
2021-07-21 12:20:00	5.4	서북서	290	26.26	23.65	0.12	3.0	0.21	2.5	3.1	동	81	26.9	1015.0	-	111	
2021-07-21 12:25:00	3.0	북서	311	26.23	23.95	0.12	3.2	0.17	3.5	3.8	동	88	27.0	1014.9	-	120	
2021-07-21 12:30:00	4.3	서북서	288	26.27	23.86	0.12	3.2	0.16	3.0	3.9	동	93	26.9	1014.9	-	93	
2021-07-21 12:35:00	2.4	서	265	26.20	23.74	0.11	3.0	0.16	2.5	3.9	동	89	26.9	1014.8	-	110	
2021-07-21 12:40:00	0.8	서북서	283	26.22	23.89	0.19	3.2	0.34	3.0	3.3	동	91	26.9	1014.8	-	304	
2021-07-21 12:45:00	3.0	북북동	14	26.30	24.03	0.14	3.4	0.21	2.0	3.2	동	95	27.0	1014.9	-	237	
2021-07-21 12:50:00	2.3	서북서	296	26.29	23.91	0.15	2.8	0.24	2.5	3.2	동	101	27.0	1014.8	-	140	
2021-07-21 12:55:00	1.1	서남서	251	26.38	23.87	0.14	2.9	0.23	3.0	3.2	동남동	109	27.1	1014.8	-	130	
2021-07-21 13:00:00	2.4	동남동	124	26.24	23.86	0.12	3.0	0.16	3.0	3.4	동남동	107	27.1	1014.7	-	95	
2021-07-21 13:05:00	0.6	남남동	164	26.02	23.70	0.14	3.1	0.23	3.0	3.1	동남동	112	27.2	1014.7	-	83	
2021-07-21 13:10:00	4.7	북북동	16	26.32	23.80	0.14	3.0	0.21	3.0	2.8	동남동	116	27.3	1014.6	-	8	
2021-07-21 13:15:00	4.0	북동	40	26.16	23.84	0.15	2.9	0.23	3.0	2.9	동남동	116	27.4	1014.6	-	326	
2021-07-21 13:20:00	3.1	북동	49	26.39	23.87	0.12	3.0	0.15	3.0	3.3	동남동	123	27.5	1014.4	-	101	
2021-07-21 13:25:00	3.9	북동	56	26.21	23.75	0.13	2.9	0.16	2.5	3.3	남동	125	27.5	1014.3	-	110	
2021-07-21 13:30:00	5.4	동	87	25.80	23.94	0.13	3.0	0.22	3.0	3.5	남동	126	27.4	1014.3	-	97	
2021-07-21 13:35:00	1.7	북북동	25	26.55	24.03	0.14	3.0	0.18	2.5	3.2	남동	125	27.3	1014.3	-	113	
2021-07-21 13:40:00	5.7	북동	45	26.10	23.73	0.15	3.2	0.29	3.5	2.9	남동	125	27.3	1014.3	-	141	
2021-07-21 13:45:00	5.3	북동	50	26.23	23.79	0.11	3.1	0.16	3.5	3.0	남동	124	27.2	1014.2	-	58	
2021-07-21 13:50:00	7.3	북동	56	26.18	23.81	0.14	3.1	0.24	3.0	3.5	남동	124	27.2	1014.2	-	111	
2021-07-21 13:55:00	4.6	동북동	58	26.04	23.96	0.15	2.9	0.29	3.0	3.7	동남동	122	27.2	1014.1	-	103	
2021-07-21 14:00:00	2.7	북동	44	26.22	23.68	0.13	3.4	0.18	2.5	4.0	동남동	120	27.2	1014.1	-	85	
2021-07-21 14:05:00	2.5	서북서	298	26.67	23.85	0.12	3.1	0.17	3.0	4.6	동남동	120	27.2	1014.0	-	97	
2021-07-21 14:10:00	1.8	남서	225	26.67	23.71	0.12	3.0	0.24	3.0	4.7	남동	124	27.2	1014.0	-	102	
2021-07-21 14:15:00	4.3	북서	304	26.68	23.93	0.12	3.3	0.18	3.5	4.9	동남동	123	27.1	1014.0	-	3	
2021-07-21 14:20:00	3.2	북북서	332	26.67	23.62	0.13	3.1	0.21	2.5	4.8	동남동	122	27.1	1013.9	-	101	
2021-07-21 14:25:00	3.2	북북서	332	26.65	23.81	0.13	3.0	0.23	2.5	4.9	동남동	123	27.1	1013.8	-	307	
2021-07-21 14:30:00	4.9	북북서	337	26.61	23.82	0.14	2.8	0.22	2.0	4.6	동남동	122	27.2	1013.8	-	70	
2021-07-21 14:35:00	2.7	북북서	337	26.63	23.78	0.13	3.0	0.23	2.5	4.6	동남동	118	27.1	1013.8	-	58	
2021-07-21 14:40:00	4.0	북북서	343	26.61	23.60	0.14	2.8	0.24	3.0	5.2	동남동	120	27.1	1013.8	-	289	
2021-07-21 14:45:00	5.6	북서	318	26.62	23.85	0.13	3.0	0.24	2.5	5.4	동남동	118	27.1	1013.7	-	124	
2021-07-21 14:50:00	5.5	북북서	331	26.64	23.89	0.13	2.9	0.19	3.0	5.3	동남동	117	27.1	1013.7	-	109	
2021-07-21 14:55:00	5.7	북북서	335	26.63	24.03	0.14	2.6	0.18	3.0	5.4	동남동	117	27.0	1013.7	-	256	
2021-07-21 15:00:00	7.1	북북서	336	26.63	23.86	0.14	2.6	0.25	2.5	5.1	동남동	115	27.1	1013.7	-	306	
2021-07-21 15:05:00	6.7	북북서	335	26.62	24.30	0.15	3.1	0.23	2.5	4.5	동남동	116	27.0	1013.7	-	340	
2021-07-21 15:10:00	8.1	북북서	340	26.67	23.83	0.14	3.2	0.22	2.0	4.6	동남동	116	27.0	1013.6	-	317	
2021-07-21 15:15:00	9.4	북북서	331	26.68	23.80	0.13	2.9	0.17	3.0	4.3	동남동	119	27.1	1013.7	-	153	
2021-07-21 15:20:00	7.2	북북서	328	26.66	23.73	0.14	2.8	0.20	4.5	4.5	동남동	116	27.0	1013.7	-	187	
2021-07-21 15:25:00	8.7	북북서	330	26.76	23.88	0.13	2.9	0.18	2.0	4.7	동남동	118	27.1	1013.6	-	300	
2021-07-21 15:30:00	8.8	북북서	327	26.76	23.92	0.14	2.8	0.20	4.0	4.4	동남동	120	27.1	1013.5	-	69	
2021-07-21 15:35:00	9.2	북북서	332	26.77	23.53	0.16	2.5	0.23	2.5	4.4	동남동	123	27.1	1013.5	-	106	
2021-07-21 15:40:00	9.6	북서	324	26.78	23.75	0.20	2.5	0.30	2.5	4.7	동남동	123	27.1	1013.5	-	121	
2021-07-21 15:45:00	10.8	북북서	333	26.79	23.46	0.20	2.6	0.34	3.0	5.1	남동	124	27.1	1013.5	-	100	
2021-07-21 15:50:00	9.9	북북서	335	26.76	23.42	0.19	2.4	0.29	2.5	5.2	남동	128	27.0	1013.4	-	96	
2021-07-21 15:55:00	8.1	북북서	339	26.73	23.66	0.19	2.4	0.29	2.5	5.2	남동	127	26.9	1013.4	-	145	
2021-07-21 16:00:00	8.8	북북서	337	26.72	23.48	0.19	2.6	0.30	2.5	5.0	동남동	123	26.9	1013.4	-	121	
2021-07-21 16:05:00	9.7	북북서	347	26.72	23.64	0.20	2.5	0.32	2.0	5.1	동남동	121	27.0	1013.4	-	108	
2021-07-21 16:10:00	9.6	북북서	346	26.71	23.63	0.19	2.5	0.37	2.5	5.4	동남동	117	27.0	1013.3	-	147	
2021-07-21 16:15:00	8.2	북	349	26.70	24.02	0.19	2.4	0.30	2.5	5.3	동남동	115	27.0	1013.3	-	280	
2021-07-21 16:20:00	9.7	북북서	343	26.73	23.74	0.19	2.6	0.26	2.5	5.8	동남동	113	27.0	1013.2	-	122	
2021-07-21 16:25:00	10.9	북서	326	26.68	23.62	0.20	2.6	0.28	2.5	5.9	동남동	116	27.0	1013.1	-	117	
2021-07-21 16:30:00	9.8	북북서	335	26.66	23.68	0.25	2.5	0.37	2.5	6.2	동남동	115	27.0	1013.1	-	121	
2021-07-21 16:35:00	10.2	북북서	342	26.65	23.74	0.29	2.5	0.40	3.0	6.0	동남동	117	27.0	1013.1	-	99	
2021-07-21 16:40:00	9.0	북북서	342	26.59	23.67	0.27	2.5	0.38	2.5	6.0	동남동	120	27.0	1013.2	-	80	
2021-07-21 16:45:00	11.1	북북서	348	26.57	23.66	0.28	2.6	0.36	3.0	5.7	동남동	121	27.0	1013.2	-	106	
2021-07-21 16:50:00	12.7	북	349	26.57	23.78	0.27	2.4	0.36	3.0	6.0	동남동	123	27.0	1013.1	-	112	
2021-07-21 16:55:00	9.5	북북서	346	26.54	23.77	0.31	2.6	0.45	2.5	5.8	남동	127	26.9	1013.1	-	114	
2021-07-21 17:00:00	13.3	북북서	339	26.57	23.72	0.33	2.5	0.46	2.5	5.5	남동	131	26.9	1013.1	-	95	
2021-07-21 17:05:00	9.6	북	352	26.52	23.64	0.29	2.5	0.40	2.5	5.4	남동	136	26.9	1013.0	-	106	
2021-07-21 17:10:00	9.4	북	11	26.50	23.58	0.27	2.5	0.40	2.5	5.5	남동	135	26.9	1013.0	-	118	
2021-07-21 17:15:00	10.8	북	6	26.47	23.83	0.30	2.6	0.44	3.0	5.8	남동	135	26.8	1012.9	-	111	
2021-07-21 17:20:00	10.8	북	9	26.43	23.98	0.26	2.6	0.41	3.0	5.9	남동	134	26.8	1012.9	-	105	
2021-07-21 17:25:00	9.7	북	357	26.43	23.94	0.30	2.4	0.41	3.0	5.7	남동	134	26.7	1012.9	-	111	
2021-07-21 17:30:00	10.8	북	2	26.39	23.99	0.29	2.5	0.37	2.5	6.0	남동	133	26.7	1012.9	-	112	
2021-07-21 17:35:00	11.0	북	7	26.39	24.13	0.31	2.5	0.41	2.5	6.1	남동	134	26.6	1012.9	-	104	
2021-07-21 17:40:00	10.7	북북동	13	26.40	23.96	0.29	2.5	0.39	2.5	6.0	남동	134	26.6	1012.8	-	114	
2021-07-21 17:45:00	11.9	북	8	26.38	23.89	0.30	2.6	0.47	2.5	6.1	남동	135	26.6	1012.8	-	109	
2021-07-21 17:50:00	11.8	북북동	13	26.36	23.93	0.32	2.5	0.57	2.5	6.2	남동	133	26.6	1012.7	-	98	
2021-07-21 17:55:00	13.3	북북동	12	26.35	24.00	0.32	2.5	0.43	2.5	5.9	남동	132	26.6	1012.7	-	117	
2021-07-21 18:00:00	11.8	북북동	14	26.35	23.97	0.30	2.6	0.40	3.0	6.0	남동	128	26.6	1012.7	-	111	
2021-07-21 18:05:00	12.5	북	359	26.35	24.06	0.34	2.6	0.55	2.5	6.3	남동	127	26.6	1012.7	-	99	
2021-07-21 18:10:00	12.0	북	9	26.34	23.62	0.28	2.5	0.48	2.5	6.1	남동	128	26.6	1012.7	-	112	
2021-07-21 18:15:00	12.2	북	8	26.31	23.58	0.34	2.6	0.49	2.5	5.9	남동	129	26.6	1012.7	-	115	
2021-07-21 18:20:00	11.6	북북동	14	26.28	24.05	0.33	2.5	0.47	2.5	5.7	남동	131	26.6	1012.8	-	108	
2021-07-21 18:25:00	11.2	북	9	26.29	23.63	0.28	2.5	0.44	3.0	5.6	남동	131	26.6	1012.8	-	123	
2021-07-21 18:30:00	10.2	북	6	26.27	23.71	0.32	2.5	0.47	2.5	5.8	남동	132	26.5	1012.8	-	107	
2021-07-21 18:35:00	11.4	북	5	26.23	23.63	0.30	2.5	0.45	2.5	5.8	남동	131	26.5	1012.8	-	118	
2021-07-21 18:40:00	12.5	북	360	26.24	23.54	0.31	2.5	0.44	2.5	5.9	남동	132	26.5	1012.8	-	108	
2021-07-21 18:45:00	15.7	북	353	26.28	23.67	0.29	2.6	0.41	3.0	5.8	남동	131	26.5	1012.9	-	103	
2021-07-21 18:50:00	12.1	북	352	26.30	23.66	0.28	2.5	0.41	3.0	5.6	남동	132	26.5	1012.9	-	107	
2021-07-21 18:55:00	11.5	북북서	345	26.33	23.63	0.28	2.6	0.43	2.5	5.7	남동	129	26.5	1012.9	-	106	
2021-07-21 19:00:00	14.9	북	350	26.33	23.70	0.27	2.6	0.38	2.5	5.6	남동	131	26.5	1013.0	-	89	
2021-07-21 19:05:00	14.5	북	350	26.34	23.70	0.32	2.5	0.53	2.5	5.3	남동	133	26.5	1013.0	-	112	
2021-07-21 19:10:00	13.3	북	6	26.34	23.57	0.27	2.5	0.38	2.5	5.2	남동	135	26.4	1013.0	-	89	
2021-07-21 19:15:00	13.3	북북동	11	26.32	23.70	0.31	2.6	0.51	2.5	5.3	남동	133	26.4	1013.0	-	116	
2021-07-21 19:20:00	10.8	북	6	26.29	23.75	0.28	2.5	0.37	2.5	5.4	남동	130	26.4	1013.1	-	124	
2021-07-21 19:25:00	13.0	북	4	26.27	23.60	0.26	2.7	0.36	3.0	5.4	남동	131	26.4	1013.1	-	109	
2021-07-21 19:30:00	11.3	북북동	20	26.25	23.67	0.31	2.5	0.51	2.5	5.5	남동	129	26.3	1013.2	-	115	
2021-07-21 19:35:00	9.9	북북동	15	26.23	23.79	0.32	2.6	0.47	3.0	5.8	남동	128	26.3	1013.2	-	115	
2021-07-21 19:40:00	12.9	북북동	16	26.19	23.64	0.26	2.5	0.37	2.5	5.7	남동	133	26.3	1013.2	-	120	
2021-07-21 19:45:00	11.0	북북동	27	26.15	23.74	0.27	2.7	0.37	2.5	5.6	남동	136	26.3	1013.3	-	137	
2021-07-21 19:50:00	9.6	북동	37	26.13	24.05	0.26	2.7	0.36	3.0	5.5	남동	135	26.2	1013.3	-	110	
2021-07-21 19:55:00	9.5	북북동	28	26.12	23.99	0.26	2.5	0.41	2.5	5.4	남동	135	26.2	1013.4	-	105	
2021-07-21 20:00:00	12.1	북북동	19	26.11	24.06	0.24	2.9	0.41	3.0	5.3	남동	137	26.2	1013.5	-	111	
2021-07-21 20:05:00	10.3	북북동	24	26.10	24.17	0.27	2.8	0.41	3.0	5.0	남동	140	26.1	1013.5	-	101	
2021-07-21 20:10:00	11.5	북	11	26.10	24.26	0.24	2.9	0.34	2.5	5.0	남동	145	26.1	1013.6	-	117	
2021-07-21 20:15:00	12.2	북북동	21	26.09	24.09	0.27	2.7	0.41	4.0	5.1	남동	145	26.2	1013.7	-	78	
2021-07-21 20:20:00	11.3	북	8	26.12	24.04	0.26	2.9	0.39	3.0	4.8	남동	144	26.2	1013.7	-	124	
2021-07-21 20:25:00	7.8	북북동	22	26.12	24.29	0.26	2.8	0.33	2.5	4.7	남남동	147	26.2	1013.8	-	66	
2021-07-21 20:30:00	9.2	북북동	22	26.14	24.03	0.27	2.8	0.39	2.5	4.7	남동	145	26.2	1013.8	-	118	
2021-07-21 20:35:00	8.9	북	4	26.13	24.12	0.21	3.1	0.31	2.5	4.1	남동	146	26.1	1013.9	-	122	
2021-07-21 20:40:00	9.1	북	5	26.14	24.11	0.23	2.8	0.34	2.5	4.0	남남동	149	26.1	1013.9	-	116	
2021-07-21 20:45:00	8.6	북	3	26.14	24.03	0.23	3.1	0.30	2.5	4.0	남남동	151	26.1	1014.0	-	74	
2021-07-21 20:50:00	5.6	북	6	26.14	23.99	0.24	2.7	0.33	2.5	3.8	남남동	156	26.1	1014.1	-	101	
2021-07-21 20:55:00	5.6	북북동	15	26.11	24.46	0.24	2.9	0.34	3.0	3.5	남남동	162	26.0	1014.1	-	116	
2021-07-21 21:00:00	3.0	북서	323	26.04	24.13	0.21	3.0	0.36	4.5	3.4	남남동	157	26.0	1014.2	-	106	
2021-07-21 21:05:00	1.3	북북서	329	25.96	23.97	0.23	3.0	0.35	3.0	3.1	남남동	165	25.9	1014.3	-	339	
2021-07-21 21:10:00	4.4	북북서	340	25.98	24.08	0.22	3.1	0.34	2.5	3.0	남남동	164	25.8	1014.4	-	70	
2021-07-21 21:15:00	1.6	북서	318	25.91	23.87	0.21	2.9	0.31	3.0	2.9	남	172	25.9	1014.4	-	89	
2021-07-21 21:20:00	2.7	서	259	25.82	23.92	0.20	3.2	0.30	2.5	2.5	남	173	25.8	1014.5	-	17	
2021-07-21 21:25:00	2.2	북북동	15	25.78	24.01	0.21	3.3	0.34	4.0	1.8	남남서	195	25.7	1014.5	-	107	
2021-07-21 21:30:00	1.9	북북서	326	25.79	23.97	0.22	3.4	0.30	4.0	1.9	남남서	201	25.6	1014.5	-	297	
2021-07-21 21:35:00	3.4	북북동	17	25.83	24.25	0.20	3.3	0.32	2.5	1.9	남남서	192	25.6	1014.5	-	139	
2021-07-21 21:40:00	1.0	북	352	25.64	24.07	0.22	3.6	0.30	4.0	1.9	남남서	192	25.5	1014.5	-	284	
2021-07-21 21:45:00	4.0	서	261	24.91	24.03	0.21	3.4	0.27	3.0	1.5	남남서	197	25.4	1014.6	-	92	
2021-07-21 21:50:00	0.8	북서	313	25.66	24.19	0.21	3.6	0.47	3.0	1.6	남남서	197	25.4	1014.6	-	297	
2021-07-21 21:55:00	2.1	서	263	25.44	24.07	0.20	3.5	0.35	4.0	1.9	남남서	196	25.4	1014.6	-	310	
2021-07-21 22:00:00	2.4	북북서	340	25.53	23.99	0.19	3.7	0.29	3.5	1.5	남	188	25.5	1014.6	-	128	
2021-07-21 22:05:00	3.2	북동	55	25.61	24.04	0.21	4.0	0.32	3.0	1.5	남	183	25.4	1014.6	-	291	
2021-07-21 22:10:00	4.9	북동	46	25.63	23.97	0.22	3.9	0.32	4.0	1.2	남남서	192	25.5	1014.6	-	140	
2021-07-21 22:15:00	4.0	동북동	59	25.64	23.99	0.21	3.7	0.33	3.5	0.9	남남서	202	25.4	1014.6	-	28	
2021-07-21 22:20:00	1.5	북동	37	25.55	24.07	0.19	4.0	0.31	3.0	1.1	남남서	192	25.4	1014.7	-	236	
2021-07-21 22:25:00	2.4	북동	44	25.58	23.97	0.19	3.9	0.32	4.5	1.0	남	186	25.3	1014.7	-	299	
2021-07-21 22:30:00	3.4	북북동	28	25.58	23.96	0.20	3.8	0.28	3.5	0.8	남	181	25.4	1014.7	-	258	
2021-07-21 22:35:00	3.0	북북동	14	25.55	24.07	0.19	3.8	0.31	4.5	0.3	남	181	25.3	1014.7	-	281	
2021-07-21 22:40:00	3.0	북	7	25.49	23.98	0.21	3.8	0.27	3.5	0.4	남동	137	25.3	1014.7	-	26	
2021-07-21 22:45:00	1.2	북서	319	25.10	24.11	0.21	3.9	0.35	5.0	0.8	남동	144	25.2	1014.8	-	191	
2021-07-21 22:50:00	2.6	북북동	18	25.35	24.03	0.20	3.9	0.34	4.0	1.3	남남동	154	25.0	1014.7	-	232	
2021-07-21 22:55:00	8.4	북북동	14	25.39	23.97	0.21	3.9	0.38	4.0	1.3	남남동	160	24.9	1014.7	-	108	
2021-07-21 23:00:00	7.7	북북동	16	25.38	23.80	0.18	3.9	0.38	4.0	1.2	남	185	25.0	1014.7	-	136	
2021-07-21 23:05:00	8.1	북	7	25.32	24.07	0.18	3.6	0.37	3.5	1.4	남	190	25.1	1014.7	-	303	
2021-07-21 23:10:00	6.6	북	2	25.32	23.89	0.19	3.9	0.25	3.5	0.9	남서	214	25.1	1014.7	-	143	
2021-07-21 23:15:00	8.2	북	353	25.35	24.07	0.22	4.0	0.29	4.0	1.5	남서	232	24.9	1014.7	-	298	
2021-07-21 23:20:00	13.2	북서	320	25.44	23.94	0.18	3.9	0.33	4.5	1.6	서남서	239	25.0	1014.8	-	89	
2021-07-21 23:25:00	11.7	북서	311	25.47	23.82	0.21	4.0	0.27	3.0	1.8	서남서	249	25.1	1014.7	-	110	
2021-07-21 23:30:00	14.7	북서	319	25.41	23.87	0.21	3.8	0.31	4.0	1.9	서남서	245	25.1	1014.7	-	300	
2021-07-21 23:35:00	14.0	북서	309	25.42	23.82	0.20	4.0	0.27	3.5	1.5	서남서	253	25.1	1014.8	-	121	
2021-07-21 23:40:00	13.0	북서	317	25.39	23.93	0.21	3.9	0.32	4.0	1.0	서남서	248	25.0	1014.7	-	198	
2021-07-21 23:45:00	15.7	북서	323	25.34	23.90	0.18	3.9	0.29	3.5	1.0	서남서	246	25.0	1014.7	-	125	
2021-07-21 23:50:00	15.3	북북서	329	25.28	23.81	0.20	3.8	0.27	3.5	1.3	서남서	242	25.0	1014.7	-	151	
2021-07-21 23:55:00	12.7	북북서	335	25.30	23.90	0.20	4.0	0.30	4.5	1.7	서남서	238	24.9	1014.7	-	121	
2021-07-22 00:00:00	12.1	북북서	343	25.20	23.93	0.20	4.0	0.34	4.0	2.1	남서	231	24.8	1014.6	-	349	
2021-07-22 00:05:00	16.3	북서	323	25.33	23.98	0.18	3.8	0.30	4.0	2.3	남서	236	24.7	1014.5	-	313	
2021-07-22 00:10:00	15.2	북북서	336	25.24	23.76	0.21	4.1	0.31	4.0	2.2	남서	233	24.7	1014.5	-	300	
2021-07-22 00:15:00	11.3	북	352	25.10	23.84	0.20	3.9	0.27	4.0	2.4	남서	235	24.7	1014.6	-	179	
2021-07-22 00:20:00	11.6	북북서	348	25.07	23.85	0.20	4.0	0.32	5.0	2.3	남서	230	24.6	1014.6	-	131	
2021-07-22 00:25:00	13.1	북북서	338	25.03	24.02	0.19	3.7	0.26	3.0	2.2	남서	215	24.5	1014.6	-	110	
2021-07-22 00:30:00	13.0	북북서	341	24.98	23.99	0.20	4.0	0.30	4.5	2.1	남서	225	24.4	1014.5	-	335	
2021-07-22 00:35:00	11.3	북	353	24.92	24.00	0.18	3.9	0.26	4.0	1.7	남서	221	24.4	1014.5	-	338	
2021-07-22 00:40:00	11.7	북	0	24.88	24.07	0.20	3.9	0.31	3.5	1.5	남남서	213	24.4	1014.5	-	0	
2021-07-22 00:45:00	10.6	북	353	24.85	24.05	0.20	3.9	0.30	4.0	1.2	남서	216	24.3	1014.5	-	289	
2021-07-22 00:50:00	11.2	북북서	348	24.78	24.00	0.19	3.8	0.27	4.0	1.2	남서	224	24.3	1014.4	-	85	
2021-07-22 00:55:00	11.5	북북서	345	24.53	23.93	0.19	3.7	0.29	4.0	0.7	남남서	207	24.4	1014.3	-	264	
2021-07-22 01:00:00	11.2	북북서	339	24.45	24.30	0.21	3.8	0.25	3.0	1.1	남서	225	24.4	1014.3	-	345	
2021-07-22 01:05:00	10.5	북북서	340	24.43	24.29	0.16	4.3	0.21	4.5	1.7	서남서	237	24.3	1014.2	-	311	
2021-07-22 01:10:00	7.8	북	353	24.46	24.44	0.18	3.8	0.30	4.0	1.8	남서	233	24.3	1014.2	-	299	
2021-07-22 01:15:00	8.0	북북서	345	24.47	24.17	0.19	3.8	0.26	4.0	1.5	남서	232	24.3	1014.2	-	300	
2021-07-22 01:20:00	11.2	북북서	342	24.25	24.08	0.19	3.9	0.27	4.0	1.2	남서	228	24.2	1014.1	-	170	
2021-07-22 01:25:00	11.3	북북서	337	24.23	24.20	0.20	3.7	0.27	3.5	1.3	남서	225	24.2	1014.1	-	297	
2021-07-22 01:30:00	11.9	북북서	341	24.19	24.34	0.20	4.1	0.31	4.5	1.9	남서	231	24.2	1014.0	-	131	
2021-07-22 01:35:00	12.5	북북서	345	24.10	24.34	0.19	4.1	0.28	4.0	1.9	남서	232	24.2	1014.0	-	317	
2021-07-22 01:40:00	16.7	북	356	23.77	24.13	0.18	4.1	0.28	5.0	2.0	남서	235	24.2	1014.1	-	296	
2021-07-22 01:45:00	12.9	북	7	23.00	24.12	0.20	4.0	0.37	3.0	1.5	남서	236	24.1	1014.0	-	306	
2021-07-22 01:50:00	12.8	북	1	22.91	24.51	0.20	4.0	0.30	4.0	1.3	서남서	237	24.1	1013.9	-	141	
2021-07-22 01:55:00	12.2	북북동	15	22.84	24.51	0.23	4.1	0.32	3.5	1.2	남서	221	24.1	1013.8	-	118	
2021-07-22 02:00:00	12.0	북북동	22	22.84	24.81	0.21	4.1	0.34	3.5	1.3	남서	224	24.1	1013.8	-	281	
2021-07-22 02:05:00	12.8	북동	44	22.48	24.32	0.22	3.8	0.35	4.0	1.6	남서	224	24.0	1013.8	-	205	
2021-07-22 02:10:00	11.3	북동	47	22.56	24.22	0.19	3.6	0.26	4.0	1.6	남서	217	24.0	1013.7	-	149	
2021-07-22 02:15:00	10.5	북북동	29	22.79	24.09	0.21	4.0	0.32	4.0	1.8	남남서	211	24.0	1013.6	-	246	
2021-07-22 02:20:00	13.5	북	9	23.38	24.28	0.22	3.7	0.32	4.0	2.0	남서	222	23.9	1013.5	-	158	
2021-07-22 02:25:00	12.4	북북동	21	23.47	24.22	0.21	4.2	0.36	3.5	1.8	남서	227	23.9	1013.5	-	114	
2021-07-22 02:30:00	11.9	북북동	14	23.45	24.32	0.20	3.8	0.40	3.5	2.0	남서	225	23.8	1013.5	-	103	
2021-07-22 02:35:00	12.9	북북동	20	23.45	24.25	0.20	4.2	0.28	3.5	2.0	남서	222	23.7	1013.4	-	142	
2021-07-22 02:40:00	11.4	북북동	13	23.49	24.10	0.19	4.1	0.30	3.5	1.9	남서	227	23.7	1013.4	-	258	
2021-07-22 02:45:00	10.8	북	9	23.34	24.12	0.21	3.9	0.28	4.0	2.1	남서	223	23.7	1013.5	-	144	
2021-07-22 02:50:00	9.9	북북동	19	23.17	24.32	0.18	3.8	0.26	4.0	2.1	남서	220	23.6	1013.4	-	106	
2021-07-22 02:55:00	10.0	북북동	14	23.21	24.05	0.20	4.3	0.31	4.0	2.1	남서	218	23.6	1013.4	-	105	
2021-07-22 03:00:00	9.6	북북동	17	23.17	24.07	0.21	4.2	0.36	4.0	2.0	남서	214	23.6	1013.3	-	313	
2021-07-22 03:05:00	10.4	북북동	15	23.32	24.03	0.20	3.9	0.28	5.0	1.7	남서	226	23.5	1013.3	-	124	
2021-07-22 03:10:00	-	-	-	-	-	-	-	-	-	-	-	-	-	-	-	-	
2021-07-22 03:15:00	9.3	북북동	20	23.43	23.89	0.14	2.9	0.28	2.9	1.3	남남서	206	23.6	1013.3	-	352	
2021-07-22 03:20:00	9.6	북북동	29	23.14	23.92	0.19	3.8	0.26	3.0	1.1	남	186	23.6	1013.2	-	115	
2021-07-22 03:25:00	9.1	북북동	17	23.33	23.96	0.18	3.8	0.26	4.0	0.6	남남서	195	23.5	1013.2	-	125	
2021-07-22 03:30:00	12.2	북북동	34	23.32	23.79	0.20	4.0	0.32	3.5	0.3	남남서	211	23.5	1013.3	-	132	
2021-07-22 03:35:00	9.0	북북동	25	23.30	23.61	0.27	3.6	0.45	3.0	0.2	남	174	23.5	1013.3	-	119	
2021-07-22 03:40:00	7.5	북북동	22	23.30	23.69	0.21	3.8	0.27	4.0	0.3	남남동	166	23.5	1013.2	-	129	
2021-07-22 03:45:00	7.3	북북동	16	23.27	23.80	0.19	4.0	0.30	4.5	0.8	남	184	23.6	1013.2	-	99	
2021-07-22 03:50:00	7.6	북북동	16	23.32	23.74	0.19	3.7	0.25	4.5	1.3	남	181	23.6	1013.1	-	309	
2021-07-22 03:55:00	7.0	북북동	12	23.05	23.66	0.19	4.0	0.27	4.0	1.2	남	172	23.5	1013.1	-	164	
2021-07-22 04:00:00	6.9	북북동	14	23.04	23.56	0.21	4.0	0.33	3.5	1.5	남	177	23.5	1013.0	-	298	
2021-07-22 04:05:00	6.3	북북동	19	23.06	23.56	0.21	3.8	0.30	3.5	1.9	남	178	23.6	1013.0	-	299	
2021-07-22 04:10:00	5.6	북북동	23	23.34	23.60	0.21	4.0	0.32	4.5	1.9	남	179	23.5	1013.0	-	112	
2021-07-22 04:15:00	5.1	북북동	12	23.32	23.55	0.19	3.6	0.25	3.5	1.9	남	191	23.4	1013.0	-	100	
2021-07-22 04:20:00	4.1	서북서	303	23.45	23.51	0.23	3.9	0.33	3.5	2.2	남남서	195	23.3	1013.0	-	316	
2021-07-22 04:25:00	7.1	서	280	23.64	23.63	0.25	4.1	0.36	4.0	2.3	남남서	196	23.2	1013.0	-	166	
2021-07-22 04:30:00	8.8	서북서	286	23.89	23.69	0.23	3.8	0.32	4.5	1.8	남남서	204	23.2	1013.1	-	86	
2021-07-22 04:35:00	8.8	서	274	23.77	23.61	0.22	4.1	0.30	4.0	1.5	남남서	208	23.2	1013.1	-	127	
2021-07-22 04:40:00	8.1	서북서	286	23.96	23.39	0.24	4.1	0.38	3.5	0.7	남서	214	23.3	1013.2	-	311	
2021-07-22 04:45:00	8.2	서	279	24.00	23.29	0.21	3.6	0.32	3.0	0.0	남서	217	23.4	1013.2	-	319	
2021-07-22 04:50:00	7.3	서	261	24.07	23.44	0.23	3.9	0.38	4.0	0.8	서북서	290	23.3	1013.2	-	263	
2021-07-22 04:55:00	4.3	서	276	24.12	23.88	0.22	3.8	0.35	4.0	1.0	서	270	23.4	1013.2	-	331	
2021-07-22 05:00:00	3.1	북서	326	24.01	23.27	0.19	4.0	0.31	3.0	1.1	서북서	290	23.5	1013.3	-	306	
2021-07-22 05:05:00	1.2	서남서	253	23.73	23.31	0.22	4.2	0.29	4.5	1.6	서북서	296	23.2	1013.3	-	285	
2021-07-22 05:10:00	7.6	서남서	257	24.13	23.37	0.18	4.0	0.32	3.5	1.8	북서	304	23.3	1013.3	-	267	
2021-07-22 05:15:00	6.5	서남서	257	24.18	23.06	0.19	3.8	0.25	4.5	1.5	서북서	298	23.2	1013.3	-	318	
2021-07-22 05:20:00	6.0	서남서	252	24.21	23.12	0.22	4.2	0.31	4.0	1.9	북서	319	23.3	1013.4	-	265	
2021-07-22 05:25:00	6.2	서	263	24.17	23.13	0.22	3.9	0.37	4.0	1.5	북서	313	23.1	1013.4	-	36	
2021-07-22 05:30:00	6.9	서북서	290	24.24	23.69	0.25	3.8	0.34	4.0	1.0	북서	309	23.2	1013.4	-	144	
2021-07-22 05:35:00	7.5	서	272	24.30	23.83	0.21	4.2	0.31	3.5	0.9	북서	307	23.2	1013.4	-	117	
2021-07-22 05:40:00	8.8	서	274	24.30	23.28	0.24	3.9	0.36	3.0	1.7	북서	317	23.1	1013.4	-	290	
2021-07-22 05:45:00	6.4	서	266	24.30	22.96	0.23	3.7	0.31	3.5	2.5	북서	319	23.1	1013.4	-	282	
2021-07-22 05:50:00	5.9	서	271	24.25	23.35	0.24	4.2	0.35	4.0	3.0	북서	323	23.0	1013.5	-	298	
2021-07-22 05:55:00	6.9	서북서	288	24.33	23.52	0.27	4.4	0.34	4.0	3.1	북서	319	22.8	1013.6	-	135	
2021-07-22 06:00:00	8.8	서	268	24.36	23.07	0.26	4.3	0.40	4.0	2.7	북서	315	22.7	1013.7	-	87	
2021-07-22 06:05:00	10.7	서	270	24.36	23.11	0.24	4.0	0.35	4.0	2.5	북서	315	22.7	1013.7	-	212	
2021-07-22 06:10:00	9.4	서	271	24.57	23.28	0.22	3.8	0.29	4.0	2.1	북서	311	22.9	1013.7	-	173	
2021-07-22 06:15:00	7.0	서북서	294	24.38	23.50	0.27	4.3	0.41	4.0	2.0	서북서	301	23.3	1013.8	-	106	
2021-07-22 06:20:00	8.0	서북서	295	24.59	23.46	0.24	4.2	0.31	2.5	2.3	서북서	295	23.4	1013.8	-	107	
2021-07-22 06:25:00	10.1	서	280	24.77	23.27	0.22	4.0	0.37	3.5	2.0	서북서	284	23.6	1013.8	-	260	
2021-07-22 06:30:00	7.4	서북서	290	24.75	23.50	0.22	3.9	0.39	4.0	2.1	서	279	23.7	1013.9	-	296	
2021-07-22 06:35:00	10.2	서북서	284	24.85	23.64	0.23	4.1	0.31	3.5	2.3	서북서	287	23.9	1013.9	-	112	
2021-07-22 06:40:00	8.5	서	281	24.83	23.74	0.29	4.2	0.35	4.5	2.4	서북서	283	23.9	1013.9	-	221	
2021-07-22 06:45:00	11.2	서북서	295	24.79	23.66	0.27	4.2	0.42	4.0	2.1	서북서	290	24.0	1014.0	-	136	
2021-07-22 06:50:00	-	-	-	-	-	0.00	0.0	0.00	0.0	1.6	서북서	301	24.3	1014.1	-	0	
2021-07-22 06:55:00	6.0	서북서	289	24.36	23.66	0.22	4.0	0.34	3.5	1.7	서북서	298	24.3	1014.1	-	270	
2021-07-22 07:00:00	4.6	서북서	302	24.41	23.57	0.26	4.2	0.46	4.5	1.4	서북서	291	24.5	1014.1	-	89	
2021-07-22 07:05:00	5.2	북북서	327	24.20	23.47	0.26	4.4	0.36	4.0	1.2	서북서	287	24.7	1014.1	-	130	
2021-07-22 07:10:00	6.8	서	280	24.50	23.38	0.28	4.1	0.36	3.0	0.9	서	281	24.7	1014.1	-	229	
2021-07-22 07:15:00	2.4	북서	317	24.33	23.57	0.21	4.2	0.32	3.5	1.1	서	280	25.0	1014.1	-	165	
2021-07-22 07:20:00	5.3	서북서	298	24.44	23.93	0.25	4.4	0.43	4.5	0.9	서	280	25.1	1014.0	-	277	
2021-07-22 07:25:00	3.3	서	270	24.01	23.70	0.24	4.2	0.32	3.5	0.6	서북서	299	25.3	1014.1	-	126	
2021-07-22 07:30:00	7.0	서	279	24.29	23.76	0.27	3.6	0.49	4.5	0.3	서북서	295	25.5	1014.1	-	73	
2021-07-22 07:35:00	9.2	서북서	286	24.65	23.84	0.27	3.8	0.38	3.0	0.0	남동	142	26.3	1014.1	-	199	
2021-07-22 07:40:00	3.7	북서	315	24.34	23.87	0.28	3.9	0.44	3.5	0.0	남남동	161	26.4	1014.1	-	118	
2021-07-22 07:45:00	5.7	서북서	282	24.20	24.04	0.27	3.8	0.44	3.0	0.2	남	188	26.1	1014.1	-	245	
2021-07-22 07:50:00	2.8	서남서	238	23.77	24.07	0.30	4.0	0.51	4.0	0.1	남	183	26.0	1014.1	-	311	
2021-07-22 07:55:00	2.2	북서	304	22.93	23.75	0.27	3.8	0.43	3.0	0.6	남남동	165	25.9	1014.2	-	113	
2021-07-22 08:00:00	7.0	북서	307	24.13	24.25	0.25	3.9	0.34	3.0	0.4	남남동	158	25.6	1014.2	-	144	
2021-07-22 08:05:00	8.9	서북서	286	24.73	24.06	0.27	4.1	0.36	4.0	0.0	남남동	160	25.9	1014.2	-	294	
2021-07-22 08:10:00	6.3	서북서	302	24.75	23.88	0.29	4.1	0.50	4.0	0.0	북북서	331	27.1	1014.2	-	294	
2021-07-22 08:15:00	10.6	서북서	284	24.85	23.70	0.25	4.1	0.31	4.5	0.6	북북서	335	27.0	1014.2	-	328	
2021-07-22 08:20:00	5.2	서북서	296	24.10	23.68	0.31	3.9	0.41	4.5	0.7	북북서	331	26.5	1014.2	-	130	
2021-07-22 08:25:00	4.2	서북서	292	24.54	23.71	0.28	4.0	0.35	3.5	0.9	북북서	339	26.6	1014.2	-	178	
2021-07-22 08:30:00	5.6	서북서	290	24.78	23.79	0.28	4.4	0.43	4.5	1.5	북북서	342	26.2	1014.2	-	106	
2021-07-22 08:35:00	7.9	서북서	293	24.74	23.64	0.30	3.4	0.44	3.0	2.0	북북서	347	26.0	1014.2	-	307	
2021-07-22 08:40:00	9.1	서북서	299	24.94	23.58	0.32	4.5	0.41	4.5	1.8	북	352	25.8	1014.1	-	99	
2021-07-22 08:45:00	4.8	북서	314	24.62	23.44	0.30	4.4	0.40	4.5	1.7	북	353	26.1	1014.1	-	107	
2021-07-22 08:50:00	9.3	서	266	24.95	23.40	0.28	4.1	0.35	3.5	1.8	북	354	26.1	1014.0	-	218	
2021-07-22 08:55:00	8.6	서북서	298	24.63	23.43	0.30	4.3	0.40	4.0	2.1	북	353	26.0	1014.0	-	266	
2021-07-22 09:00:00	13.2	서북서	287	24.65	23.48	0.33	4.3	0.42	4.5	2.0	북	4	26.0	1014.1	-	310	
2021-07-22 09:05:00	10.8	서	276	25.03	23.77	0.34	3.9	0.44	3.5	1.7	북북동	13	25.8	1014.0	-	349	
2021-07-22 09:10:00	8.0	서	278	24.97	23.51	0.28	4.1	0.46	4.0	1.8	북	10	25.6	1014.1	-	125	
2021-07-22 09:15:00	13.4	서	277	25.06	23.57	0.33	4.4	0.52	3.5	2.0	북	8	25.6	1014.0	-	113	
2021-07-22 09:20:00	14.1	서	278	25.08	23.78	0.34	4.3	0.45	4.0	1.6	북	7	25.6	1014.0	-	100	
2021-07-22 09:25:00	13.5	서	265	25.16	23.70	0.28	4.4	0.43	3.5	1.6	북	5	25.7	1014.0	-	296	
2021-07-22 09:30:00	10.3	서	276	25.09	23.73	0.31	4.2	0.45	4.0	1.9	북북동	14	25.7	1014.0	-	331	
2021-07-22 09:35:00	10.9	서	278	25.23	23.70	0.29	4.4	0.43	4.0	2.0	북북동	15	25.7	1013.9	-	282	
2021-07-22 09:40:00	9.1	서북서	285	25.18	23.81	0.32	4.4	0.41	5.0	1.8	북북동	13	25.9	1013.9	-	101	
2021-07-22 09:45:00	9.8	서북서	286	25.22	23.85	0.29	4.1	0.42	4.0	1.4	북북동	17	26.0	1013.9	-	294	
2021-07-22 09:50:00	10.6	서북서	289	25.19	23.77	0.35	4.0	0.47	3.0	1.1	북북동	17	26.2	1013.9	-	343	
2021-07-22 09:55:00	8.0	서북서	287	25.23	23.67	0.26	4.2	0.35	4.5	1.6	북북동	31	26.2	1014.0	-	283	
2021-07-22 10:00:00	11.9	서	277	25.25	23.48	0.28	4.2	0.36	4.5	1.7	북동	38	26.2	1014.0	-	81	
2021-07-22 10:05:00	11.7	서북서	288	25.26	23.69	0.33	4.3	0.50	3.5	1.4	북동	37	26.3	1014.0	-	313	
2021-07-22 10:10:00	9.2	서	279	25.32	23.59	0.30	4.2	0.40	4.5	1.9	북동	36	26.3	1014.1	-	130	
2021-07-22 10:15:00	8.8	서	274	25.26	23.55	0.29	4.2	0.42	3.0	2.2	북북동	29	26.2	1014.1	-	132	
2021-07-22 10:20:00	8.6	서	277	25.30	23.63	0.35	4.3	0.53	4.0	2.3	북북동	29	26.2	1014.1	-	98	
2021-07-22 10:25:00	6.5	서북서	304	25.16	23.66	0.32	4.1	0.50	4.0	2.5	북동	36	26.2	1014.1	-	108	
2021-07-22 10:30:00	6.0	서북서	294	24.95	23.72	0.33	4.2	0.43	5.0	2.5	북동	35	26.2	1014.0	-	256	
2021-07-22 10:35:00	11.5	서	270	25.34	23.60	0.30	4.0	0.41	5.0	2.7	북북동	32	26.3	1014.0	-	35	
2021-07-22 10:40:00	9.1	서북서	303	25.22	23.67	0.36	4.4	0.56	4.5	2.7	북북동	32	26.3	1014.0	-	118	
2021-07-22 10:45:00	9.8	서북서	282	25.42	23.83	0.31	4.4	0.44	4.0	3.1	북동	41	26.4	1013.9	-	290	
2021-07-22 10:50:00	10.4	서	278	25.54	23.54	0.39	4.3	0.47	4.5	3.2	북동	45	26.4	1013.9	-	178	
2021-07-22 10:55:00	11.2	서	276	25.55	23.54	0.36	4.5	0.46	4.5	2.8	북동	42	26.5	1013.9	-	114	
2021-07-22 11:00:00	10.9	서	276	25.60	23.44	0.30	4.3	0.40	4.5	2.9	북동	40	26.5	1014.0	-	94	
2021-07-22 11:05:00	12.6	서	271	25.70	23.62	0.36	3.9	0.48	3.5	2.3	북동	42	26.6	1013.9	-	82	
2021-07-22 11:10:00	13.9	서	270	25.70	23.46	0.30	4.4	0.38	3.5	2.4	북동	42	26.7	1013.9	-	269	
2021-07-22 11:15:00	11.3	서	277	25.64	23.41	0.33	4.3	0.58	4.0	2.2	북동	43	26.7	1014.0	-	160	
2021-07-22 11:20:00	12.8	서	278	25.60	23.48	0.36	4.4	0.48	4.0	2.3	북동	41	26.7	1013.9	-	28	
2021-07-22 11:25:00	17.6	서	276	25.66	23.72	0.34	4.2	0.57	4.5	2.1	북동	39	26.7	1013.8	-	129	
2021-07-22 11:30:00	16.3	서	277	25.61	24.01	0.38	4.4	0.65	4.5	2.2	북동	45	26.8	1013.8	-	96	
2021-07-22 11:35:00	14.4	서	280	25.61	23.85	0.35	4.4	0.48	4.0	2.2	북동	55	26.8	1013.7	-	198	
2021-07-22 11:40:00	14.9	서북서	293	25.63	23.75	0.36	4.5	0.49	4.0	2.2	동북동	59	26.9	1013.8	-	93	
2021-07-22 11:45:00	15.7	서북서	290	25.62	23.89	0.33	4.7	0.45	5.0	2.3	동북동	68	26.9	1013.8	-	166	
2021-07-22 11:50:00	15.9	서북서	286	25.63	24.09	0.36	4.4	0.56	4.0	2.4	동북동	73	26.9	1013.8	-	136	
2021-07-22 11:55:00	16.5	서북서	292	25.66	23.84	0.41	4.3	0.62	4.5	2.3	동	81	26.9	1013.7	-	96	
2021-07-22 12:00:00	18.5	서북서	282	25.67	23.97	0.32	4.1	0.42	4.5	2.5	동	85	26.9	1013.6	-	328	
2021-07-22 12:05:00	18.5	서북서	287	25.72	24.06	0.42	4.1	0.61	4.0	2.6	동	86	26.9	1013.6	-	97	
2021-07-22 12:10:00	18.3	서북서	294	25.68	23.96	0.45	4.4	0.71	4.5	2.7	동	88	26.9	1013.5	-	33	
2021-07-22 12:15:00	18.5	서북서	295	25.70	24.02	0.35	4.4	0.49	4.0	2.4	동	94	26.9	1013.5	-	110	
2021-07-22 12:20:00	17.4	서북서	291	25.66	24.08	0.39	4.4	0.57	4.0	2.2	동북동	76	27.0	1013.5	-	216	
2021-07-22 12:25:00	17.2	서북서	300	25.71	23.86	0.36	4.2	0.52	4.0	2.5	동	80	27.0	1013.4	-	354	
2021-07-22 12:30:00	19.1	서북서	298	25.73	23.85	0.40	4.4	0.48	3.5	2.5	동	93	27.0	1013.4	-	83	
2021-07-22 12:35:00	19.0	서북서	302	25.72	24.01	0.38	4.5	0.50	5.0	2.3	동	88	27.0	1013.4	-	215	
2021-07-22 12:40:00	17.4	서북서	302	25.71	23.69	0.37	4.1	0.59	4.5	2.7	동	86	27.0	1013.3	-	286	
2021-07-22 12:45:00	21.9	서북서	298	25.70	23.82	0.37	4.3	0.52	4.5	3.0	동	88	27.0	1013.2	-	190	
2021-07-22 12:50:00	17.7	북서	307	25.71	23.96	0.41	4.6	0.56	4.5	3.3	동	79	26.9	1013.1	-	110	
2021-07-22 12:55:00	19.3	서북서	303	25.70	24.04	0.47	4.4	0.76	4.0	3.7	동	87	26.9	1013.0	-	110	
2021-07-22 13:00:00	21.7	북서	313	25.77	23.90	0.37	4.6	0.53	4.0	3.8	동	83	26.9	1013.0	-	322	
2021-07-22 13:05:00	22.1	북서	319	25.75	23.82	0.36	4.5	0.48	4.0	3.7	동	83	26.8	1013.0	-	10	
2021-07-22 13:10:00	18.6	북서	314	25.73	23.85	0.41	4.5	0.62	3.5	3.8	동	87	26.9	1012.9	-	120	
2021-07-22 13:15:00	19.5	북북서	329	25.71	23.83	0.39	4.4	0.57	4.0	3.4	동	90	26.9	1012.9	-	118	
2021-07-22 13:20:00	17.1	북북서	335	25.73	23.76	0.32	4.3	0.43	4.5	3.0	동	89	26.9	1012.9	-	117	
2021-07-22 13:25:00	16.1	북북서	337	25.73	23.98	0.35	4.2	0.44	4.5	3.4	동	94	27.0	1012.8	-	120	
2021-07-22 13:30:00	18.6	북북서	346	25.75	23.98	0.35	4.6	0.45	5.0	3.8	동	94	26.9	1012.7	-	94	
2021-07-22 13:35:00	22.1	북북서	329	26.12	24.00	0.40	4.4	0.52	4.0	3.8	동	99	27.0	1012.7	-	122	
2021-07-22 13:40:00	19.8	북서	325	26.12	24.03	0.38	4.8	0.61	3.5	4.0	동남동	106	26.9	1012.6	-	114	
2021-07-22 13:45:00	24.7	북서	324	26.33	23.92	0.42	4.6	0.66	4.5	4.3	동남동	106	27.0	1012.5	-	109	
2021-07-22 13:50:00	17.9	북북서	338	26.34	23.84	0.46	4.6	0.59	4.5	4.7	동남동	107	27.0	1012.5	-	97	
2021-07-22 13:55:00	24.7	북북서	335	26.61	24.05	0.36	4.3	0.47	5.0	4.7	동남동	107	26.9	1012.4	-	130	
2021-07-22 14:00:00	20.4	북북서	336	26.51	24.07	0.43	4.9	0.65	4.5	4.5	동남동	108	26.9	1012.3	-	103	
2021-07-22 14:05:00	20.7	북북서	341	26.47	24.39	0.42	4.5	0.69	4.5	4.3	동남동	108	26.9	1012.3	-	111	
2021-07-22 14:10:00	20.9	북북서	340	26.51	24.12	0.43	4.3	0.64	5.5	4.7	동남동	108	26.9	1012.2	-	240	
2021-07-22 14:15:00	24.8	북북서	327	26.42	23.92	0.42	4.4	0.57	3.5	4.7	동남동	111	26.9	1012.2	-	33	
2021-07-22 14:20:00	22.4	북북서	328	26.17	23.96	0.46	4.5	0.68	5.0	5.3	동남동	110	26.9	1012.2	-	106	
2021-07-22 14:25:00	19.3	북서	325	26.12	23.80	0.47	4.6	0.61	5.0	5.1	동남동	114	27.0	1012.2	-	119	
2021-07-22 14:30:00	22.8	북서	326	26.17	23.88	0.50	4.5	0.76	4.0	5.8	동남동	113	27.0	1012.1	-	136	
2021-07-22 14:35:00	23.1	북북서	329	26.17	24.05	0.51	4.5	0.66	5.5	6.0	동남동	114	26.9	1012.1	-	117	
2021-07-22 14:40:00	25.0	북서	321	26.20	23.58	0.50	4.3	0.67	5.0	5.7	동남동	116	27.0	1012.0	-	57	
2021-07-22 14:45:00	25.4	북북서	332	26.16	23.83	0.48	4.1	0.70	5.5	5.7	동남동	118	27.0	1012.0	-	107	
2021-07-22 14:50:00	26.6	북북서	329	26.22	23.76	0.43	3.8	0.60	4.5	6.1	동남동	121	27.0	1011.9	-	310	
2021-07-22 14:55:00	23.6	북북서	337	26.14	23.72	0.53	4.5	0.64	3.5	5.9	동남동	119	27.0	1011.9	-	120	
2021-07-22 15:00:00	24.6	북북서	337	26.22	23.92	0.61	4.5	0.83	4.5	6.1	동남동	119	27.0	1011.8	-	117	
2021-07-22 15:05:00	26.7	북북서	337	26.19	23.90	0.56	4.3	0.87	5.0	5.7	동남동	121	27.1	1011.8	-	104	
2021-07-22 15:10:00	25.6	북북서	340	26.10	23.91	0.54	4.3	0.78	5.0	5.6	동남동	114	27.1	1011.8	-	102	
2021-07-22 15:15:00	25.0	북북서	342	26.04	23.93	0.49	4.2	0.73	4.5	5.3	동남동	114	27.1	1011.8	-	128	
2021-07-22 15:20:00	23.5	북	349	25.99	23.93	0.50	4.3	0.67	5.5	5.4	동남동	116	27.1	1011.7	-	104	
2021-07-22 15:25:00	22.0	북	352	25.85	24.08	0.58	4.3	0.83	4.5	5.3	동남동	112	27.0	1011.7	-	124	
2021-07-22 15:30:00	21.5	북북서	348	25.81	24.22	0.54	4.7	0.66	5.0	5.4	동남동	110	27.0	1011.7	-	114	
2021-07-22 15:35:00	20.3	북북서	347	25.74	23.99	0.49	3.9	0.68	3.5	5.4	동남동	108	27.1	1011.6	-	110	
2021-07-22 15:40:00	19.0	북	351	25.74	23.82	0.51	4.2	0.82	5.0	5.3	동남동	108	27.1	1011.6	-	106	
2021-07-22 15:45:00	19.9	북	354	25.70	23.75	0.51	4.2	0.75	4.5	5.1	동남동	107	27.1	1011.6	-	122	
2021-07-22 15:50:00	21.9	북	351	25.78	23.70	0.62	4.5	0.80	4.5	5.0	동남동	104	27.1	1011.7	-	113	
2021-07-22 15:55:00	20.5	북	356	25.77	23.79	0.56	4.4	0.70	3.5	5.0	동남동	105	27.1	1011.7	-	123	
2021-07-22 16:00:00	23.8	북	350	25.77	23.76	0.53	4.3	0.67	5.0	5.2	동남동	108	27.1	1011.6	-	107	
2021-07-22 16:05:00	21.8	북	357	25.71	23.52	0.55	4.7	0.73	4.5	5.3	동남동	111	27.2	1011.7	-	108	
2021-07-22 16:10:00	21.4	북	350	25.79	23.61	0.52	4.3	0.77	4.5	4.9	동남동	111	27.1	1011.7	-	131	
2021-07-22 16:15:00	20.4	북	349	25.87	24.00	0.58	4.4	1.03	4.5	5.2	동남동	116	27.1	1011.6	-	108	
2021-07-22 16:20:00	19.4	북	356	25.87	24.02	0.52	4.3	0.76	5.0	5.2	동남동	113	27.2	1011.6	-	95	
2021-07-22 16:25:00	19.6	북	353	25.85	24.00	0.58	4.6	0.72	5.0	5.2	동남동	119	27.2	1011.6	-	138	
2021-07-22 16:30:00	20.8	북북서	347	25.81	23.83	0.53	4.3	0.75	5.0	5.2	동남동	116	27.2	1011.6	-	118	
2021-07-22 16:35:00	18.7	북	350	25.79	23.91	0.50	3.7	0.67	4.5	5.4	동남동	115	27.2	1011.6	-	97	
2021-07-22 16:40:00	20.7	북	351	25.78	23.77	0.52	4.3	0.80	5.0	5.3	동남동	116	27.2	1011.6	-	99	
2021-07-22 16:45:00	21.2	북	352	25.79	23.73	0.49	4.1	0.69	4.5	5.0	동남동	115	27.2	1011.6	-	112	
2021-07-22 16:50:00	21.6	북북서	338	25.81	23.65	0.54	4.1	0.83	4.0	4.9	동남동	114	27.2	1011.6	-	155	
2021-07-22 16:55:00	19.4	북북서	340	25.83	23.64	0.49	4.0	0.73	3.5	4.8	동남동	118	27.2	1011.6	-	87	
2021-07-22 17:00:00	17.7	북북서	343	25.82	24.35	0.49	4.8	0.85	5.5	4.9	동남동	115	27.2	1011.6	-	122	
2021-07-22 17:05:00	20.1	북북서	348	25.82	23.56	0.48	4.3	0.59	4.5	4.7	동남동	113	27.2	1011.6	-	108	
2021-07-22 17:10:00	17.6	북	350	25.82	23.36	0.44	4.1	0.61	3.0	4.0	동남동	114	27.1	1011.6	-	105	
2021-07-22 17:15:00	19.8	북북서	344	25.80	23.18	0.54	4.7	0.71	5.0	3.7	동남동	117	27.2	1011.6	-	108	
2021-07-22 17:20:00	19.1	북	351	25.76	23.51	0.44	3.9	0.61	4.5	3.8	동남동	117	27.2	1011.6	-	111	
2021-07-22 17:25:00	18.5	북북서	347	25.75	23.41	0.56	4.3	0.77	3.0	3.6	동남동	118	27.2	1011.6	-	102	
2021-07-22 17:30:00	15.4	북	351	25.72	23.46	0.52	4.3	0.86	4.5	3.2	동남동	119	27.2	1011.6	-	59	
2021-07-22 17:35:00	14.8	북	356	25.69	23.38	0.52	4.4	0.75	5.5	2.9	동남동	122	27.2	1011.6	-	104	
2021-07-22 17:40:00	15.2	북북서	349	25.73	23.44	0.48	4.3	0.66	3.0	3.1	동남동	123	27.2	1011.6	-	110	
2021-07-22 17:45:00	16.6	북북서	347	25.72	23.34	0.47	4.1	0.77	4.5	3.5	동남동	117	27.2	1011.5	-	122	
2021-07-22 17:50:00	17.0	북북서	348	25.73	23.39	0.45	4.3	0.62	5.5	3.9	동남동	120	27.2	1011.5	-	120	
2021-07-22 17:55:00	14.5	북	359	25.73	23.52	0.53	4.7	0.79	5.0	4.0	동남동	121	27.1	1011.5	-	119	
2021-07-22 18:00:00	15.4	북	8	25.73	23.62	0.49	4.5	0.66	4.5	4.0	동남동	119	27.1	1011.5	-	113	
2021-07-22 18:05:00	17.2	북	360	25.70	23.49	0.45	4.2	0.83	3.0	4.0	동남동	119	27.1	1011.5	-	105	
2021-07-22 18:10:00	18.6	북	355	25.72	23.67	0.46	4.3	0.64	4.5	4.1	동남동	118	27.1	1011.5	-	125	
2021-07-22 18:15:00	18.7	북	355	25.74	23.76	0.52	4.9	0.78	5.5	4.3	동남동	118	27.1	1011.5	-	113	
2021-07-22 18:20:00	16.8	북	356	25.73	23.73	0.46	4.6	0.65	5.0	4.2	동남동	120	27.0	1011.4	-	114	
2021-07-22 18:25:00	16.9	북	359	25.75	24.02	0.53	4.9	0.65	5.0	4.3	동남동	123	26.9	1011.4	-	111	
2021-07-22 18:30:00	17.2	북	354	25.77	23.80	0.43	4.6	0.66	3.0	4.4	남동	124	26.9	1011.4	-	101	
2021-07-22 18:35:00	17.7	북	351	25.74	23.74	0.41	3.7	0.52	4.5	4.3	남동	124	26.9	1011.4	-	317	
2021-07-22 18:40:00	15.9	북	4	25.73	23.51	0.46	4.3	0.60	3.0	4.4	남동	124	26.8	1011.4	-	115	
2021-07-22 18:45:00	15.3	북	355	25.72	23.61	0.45	4.3	0.78	4.5	4.5	남동	125	26.8	1011.4	-	88	
2021-07-22 18:50:00	15.6	북북서	349	25.71	23.55	0.38	4.6	0.51	4.0	4.5	남동	126	26.8	1011.4	-	116	
2021-07-22 18:55:00	16.2	북	354	25.71	23.66	0.45	4.3	0.62	4.0	4.7	동남동	123	26.7	1011.4	-	127	
2021-07-22 19:00:00	15.6	북	3	25.68	23.89	0.46	4.5	0.67	4.5	4.8	동남동	121	26.6	1011.5	-	119	
2021-07-22 19:05:00	14.9	북	358	25.67	23.68	0.43	4.1	0.70	4.5	4.7	동남동	123	26.5	1011.5	-	90	
2021-07-22 19:10:00	13.8	북	354	25.65	23.66	0.45	4.5	0.58	4.5	4.9	남동	128	26.3	1011.5	-	113	
2021-07-22 19:15:00	13.4	북	350	25.63	23.72	0.41	4.5	0.55	4.5	4.9	남동	131	26.3	1011.5	-	122	
2021-07-22 19:20:00	14.4	북북서	337	25.60	23.96	0.45	4.7	0.54	4.5	5.3	남동	133	26.3	1011.4	-	127	
2021-07-22 19:25:00	13.2	북북서	334	25.56	23.84	0.41	4.7	0.57	4.5	5.4	남동	134	26.2	1011.4	-	109	
2021-07-22 19:30:00	11.4	북	350	25.55	23.67	0.44	5.1	0.65	5.0	5.4	남동	138	26.3	1011.4	-	109	
2021-07-22 19:35:00	13.7	북북서	346	25.54	23.65	0.41	4.9	0.58	5.0	5.4	남동	137	26.3	1011.4	-	115	
2021-07-22 19:40:00	15.2	북북서	345	25.54	23.71	0.45	4.5	0.63	5.0	5.1	남동	141	26.3	1011.3	-	115	
2021-07-22 19:45:00	13.4	북북서	330	25.46	23.72	0.44	4.4	0.65	4.0	5.1	남동	144	26.3	1011.3	-	142	
2021-07-22 19:50:00	14.1	북북서	341	25.46	23.64	0.46	4.6	0.64	3.5	5.0	남동	143	26.3	1011.3	-	116	
2021-07-22 19:55:00	13.0	북북서	335	25.41	23.94	0.43	5.0	0.68	5.0	4.8	남동	145	26.2	1011.4	-	119	
2021-07-22 20:00:00	14.9	북북서	333	25.39	24.46	0.40	4.5	0.61	4.5	5.0	남동	145	26.1	1011.4	-	105	
2021-07-22 20:05:00	15.1	북북서	333	25.37	24.46	0.45	4.6	0.66	4.5	4.9	남동	143	26.2	1011.4	-	118	
2021-07-22 20:10:00	14.7	북북서	336	25.34	24.03	0.47	4.9	0.65	4.5	4.9	남동	142	26.2	1011.4	-	114	
2021-07-22 20:15:00	14.9	북북서	343	25.30	24.04	0.41	4.9	0.56	5.0	4.7	남동	142	26.1	1011.5	-	103	
2021-07-22 20:20:00	15.0	북북서	338	25.27	24.00	0.39	4.4	0.64	5.0	4.6	남동	142	26.1	1011.6	-	109	
2021-07-22 20:25:00	13.6	북북서	339	25.31	24.25	0.41	4.4	0.56	4.5	4.5	남동	145	26.1	1011.6	-	127	
2021-07-22 20:30:00	15.2	북북서	338	25.27	24.29	0.40	4.5	0.60	4.5	4.4	남동	139	26.1	1011.6	-	246	
2021-07-22 20:35:00	11.9	북북서	342	25.26	24.19	0.39	4.5	0.67	5.0	4.3	남동	141	26.1	1011.6	-	100	
2021-07-22 20:40:00	12.8	북북서	331	25.22	23.93	0.38	5.0	0.45	6.0	4.3	남동	143	26.0	1011.6	-	104	
2021-07-22 20:45:00	13.0	북북서	342	25.20	23.98	0.41	4.9	0.65	5.0	4.3	남동	144	26.0	1011.6	-	107	
2021-07-22 20:50:00	14.9	북북서	337	25.17	23.91	0.47	5.2	0.62	5.0	4.2	남동	145	26.0	1011.7	-	127	
2021-07-22 20:55:00	14.7	북북서	332	25.15	23.98	0.41	4.8	0.62	4.0	4.4	남남동	147	25.9	1011.7	-	108	
2021-07-22 21:00:00	14.0	북북서	336	25.18	23.80	0.37	4.5	0.59	5.5	4.3	남동	144	25.9	1011.8	-	114	
2021-07-22 21:05:00	13.2	북북서	336	25.19	23.77	0.46	4.7	0.69	4.5	3.7	남동	144	25.9	1011.8	-	115	
2021-07-22 21:10:00	9.9	북북서	346	25.15	23.77	0.41	4.3	0.55	5.0	3.7	남동	143	25.9	1011.9	-	114	
2021-07-22 21:15:00	9.3	북북서	347	25.15	23.83	0.47	4.8	0.74	5.0	3.5	남동	144	25.8	1012.0	-	116	
2021-07-22 21:20:00	12.5	북북서	347	25.18	23.73	0.42	4.5	0.54	4.5	3.4	남동	143	25.7	1012.0	-	125	
2021-07-22 21:25:00	11.2	북	358	25.16	23.83	0.38	4.9	0.52	5.0	3.5	남동	139	25.6	1012.0	-	127	
2021-07-22 21:30:00	11.4	북	359	25.10	23.88	0.43	5.0	0.56	4.0	3.5	남동	143	25.6	1012.0	-	5	
2021-07-22 21:35:00	12.1	북북서	343	25.07	23.83	0.45	5.0	0.65	5.0	3.7	남동	146	25.6	1012.0	-	128	
2021-07-22 21:40:00	12.7	북북서	347	25.05	23.74	0.42	4.9	0.62	5.0	3.6	남남동	153	25.7	1012.1	-	118	
2021-07-22 21:45:00	8.9	북	351	25.03	23.82	0.36	4.9	0.44	5.0	3.6	남남동	160	25.7	1012.1	-	144	
2021-07-22 21:50:00	9.4	북북서	344	25.03	23.72	0.42	4.7	0.58	5.0	3.8	남남동	162	25.6	1012.1	-	122	
2021-07-22 21:55:00	10.0	북북서	334	25.01	23.56	0.42	4.5	0.69	4.0	3.2	남	181	25.6	1012.1	-	112	
2021-07-22 22:00:00	8.9	북북서	335	25.00	23.63	0.41	4.9	0.51	5.0	3.4	남	190	25.5	1012.1	-	107	
2021-07-22 22:05:00	9.3	북	351	24.97	23.74	0.48	5.6	0.59	5.0	2.7	남	189	25.6	1012.2	-	129	
2021-07-22 22:10:00	7.0	북북서	341	24.93	23.56	0.38	4.8	0.53	5.5	2.3	남	188	25.5	1012.2	-	126	
2021-07-22 22:15:00	5.2	북서	325	24.88	23.98	0.44	4.7	0.70	4.5	2.3	남	176	25.5	1012.2	-	257	
2021-07-22 22:20:00	6.9	북	4	24.86	24.09	0.38	4.7	0.47	4.0	3.0	남남동	168	25.5	1012.1	-	214	
2021-07-22 22:25:00	8.2	북	4	24.81	23.46	0.40	5.0	0.46	5.5	2.7	남	171	25.5	1012.1	-	124	
2021-07-22 22:30:00	5.2	북북동	18	24.75	23.86	0.42	4.9	0.51	5.5	2.1	남	173	25.5	1012.1	-	121	
2021-07-22 22:35:00	8.4	북북동	26	24.66	23.91	0.43	5.0	0.52	5.5	2.3	남	175	25.3	1012.0	-	119	
2021-07-22 22:40:00	4.7	북	5	24.62	23.84	0.35	4.5	0.46	5.0	2.5	남	174	25.3	1012.0	-	126	
2021-07-22 22:45:00	6.1	북	5	24.62	23.74	0.42	4.6	0.57	5.0	2.4	남	179	25.3	1012.0	-	121	
2021-07-22 22:50:00	6.1	북	359	24.60	23.89	0.39	4.8	0.65	4.5	1.7	남남서	193	25.2	1012.0	-	127	
2021-07-22 22:55:00	3.0	북	9	24.55	24.28	0.51	4.8	0.83	4.5	1.4	남	188	25.1	1012.0	-	131	
2021-07-22 23:00:00	4.7	북북서	346	24.55	24.19	0.41	4.7	0.56	5.0	1.9	남	187	25.0	1011.9	-	124	
2021-07-22 23:05:00	2.5	북북서	335	24.52	23.72	0.39	4.8	0.51	4.5	2.2	남	180	25.1	1011.9	-	127	
2021-07-22 23:10:00	6.4	북북서	330	24.57	23.55	0.38	4.9	0.52	4.5	2.0	남	179	25.1	1011.9	-	111	
2021-07-22 23:15:00	6.0	북	350	24.57	23.55	0.40	4.6	0.53	4.5	2.1	남	190	25.1	1011.9	-	129	
2021-07-22 23:20:00	5.0	북	359	24.56	23.58	0.40	4.7	0.56	5.0	1.9	남	183	25.3	1012.0	-	59	
2021-07-22 23:25:00	5.2	북	354	24.55	23.61	0.41	5.0	0.53	5.0	1.8	남	179	25.3	1011.9	-	122	
2021-07-22 23:30:00	4.6	북	8	24.55	23.58	0.35	4.8	0.47	5.0	2.0	남	175	25.2	1011.9	-	109	
2021-07-22 23:35:00	3.1	북	2	24.56	23.62	0.38	4.5	0.47	4.5	2.0	남남동	163	25.0	1011.8	-	75	
2021-07-22 23:40:00	0.2	북	4	24.54	23.72	0.36	4.9	0.48	5.0	1.8	남남동	168	24.9	1011.8	-	115	
2021-07-22 23:45:00	2.1	북북서	344	24.58	23.57	0.35	4.6	0.58	5.0	1.7	남	179	24.9	1011.7	-	105	
2021-07-22 23:50:00	1.2	북서	313	24.58	23.63	0.36	4.6	0.47	4.0	1.7	남	179	24.9	1011.7	-	115	
2021-07-22 23:55:00	2.0	북서	320	24.58	23.65	0.36	4.9	0.54	4.5	1.3	남남서	212	24.9	1011.7	-	129	
2021-07-23 00:00:00	2.8	서북서	301	24.48	23.69	0.37	4.8	0.56	4.5	1.4	서남서	238	24.8	1011.7	-	103	
2021-07-23 00:05:00	1.5	서남서	246	24.42	23.69	0.40	4.9	0.61	5.0	1.0	서남서	242	24.9	1011.6	-	108	
2021-07-23 00:10:00	2.4	북서	316	24.42	23.82	0.38	4.8	0.61	4.0	0.6	남서	226	24.9	1011.6	-	91	
2021-07-23 00:15:00	3.7	서	278	24.16	23.70	0.40	5.2	0.59	4.0	0.2	서	259	24.9	1011.6	-	116	
2021-07-23 00:20:00	1.1	북서	306	23.75	23.67	0.36	5.0	0.51	4.0	0.1	서북서	283	24.8	1011.6	-	270	
2021-07-23 00:25:00	3.4	서	271	23.16	23.94	0.36	4.1	0.50	3.5	0.0	서	261	24.7	1011.5	-	131	
2021-07-23 00:30:00	3.6	서	259	23.67	23.97	0.36	5.1	0.68	4.5	0.2	서남서	256	24.6	1011.4	-	113	
2021-07-23 00:35:00	3.6	북북서	342	23.02	23.73	0.35	4.6	0.52	4.5	0.6	서	265	24.6	1011.3	-	112	
2021-07-23 00:40:00	1.8	서	262	23.03	24.05	0.33	4.8	0.45	4.0	0.1	서	259	24.5	1011.3	-	279	
2021-07-23 00:45:00	3.3	북서	310	23.64	24.36	0.41	4.9	0.54	4.0	0.7	남남서	193	24.4	1011.2	-	166	
2021-07-23 00:50:00	2.4	서남서	259	23.27	23.94	0.35	4.7	0.49	4.5	0.6	남남서	203	24.4	1011.2	-	116	
2021-07-23 00:55:00	2.8	서	275	23.51	23.87	0.35	4.6	0.50	5.0	0.7	남서	232	24.4	1011.1	-	107	
2021-07-23 01:00:00	2.3	서북서	288	23.44	23.91	0.33	4.5	0.51	4.5	1.0	서남서	244	24.3	1011.1	-	138	
2021-07-23 01:05:00	2.2	북서	306	23.38	24.00	0.34	4.9	0.49	5.0	0.7	서남서	250	24.3	1011.1	-	106	
2021-07-23 01:10:00	2.7	서북서	285	23.12	23.77	0.34	4.5	0.46	5.5	0.3	서	270	24.3	1011.0	-	133	
2021-07-23 01:15:00	2.0	서북서	299	22.77	23.87	0.42	4.7	0.67	4.5	0.8	서남서	254	24.3	1011.0	-	105	
2021-07-23 01:20:00	1.7	북서	314	22.56	23.97	0.35	4.7	0.60	4.0	0.5	서	260	24.4	1011.0	-	120	
2021-07-23 01:25:00	0.8	서남서	238	22.86	23.82	0.33	4.4	0.47	4.0	1.6	서	260	24.5	1011.0	-	110	
2021-07-23 01:30:00	0.2	남남동	152	22.54	23.99	0.32	4.4	0.39	4.0	1.3	서남서	244	24.5	1011.1	-	236	
2021-07-23 01:35:00	0.9	동북동	69	22.65	24.07	0.38	4.8	0.52	5.0	1.9	남서	234	24.4	1011.0	-	113	
2021-07-23 01:40:00	2.3	서남서	257	22.97	24.04	0.37	4.9	0.64	4.5	1.8	서남서	241	24.3	1010.9	-	100	
2021-07-23 01:45:00	0.8	북서	318	23.09	23.78	0.32	4.7	0.41	4.5	1.4	남서	236	24.3	1010.9	-	284	
2021-07-23 01:50:00	2.4	북북서	342	22.81	23.89	0.30	4.4	0.48	4.5	1.3	남서	233	24.2	1010.9	-	116	
2021-07-23 01:55:00	2.8	북서	315	22.49	24.36	0.34	4.6	0.48	5.0	1.7	남서	233	24.2	1010.9	-	103	
2021-07-23 02:00:00	1.7	서북서	286	22.66	24.13	0.33	5.0	0.44	4.0	1.3	남서	221	24.2	1010.8	-	124	
2021-07-23 02:05:00	2.2	북서	318	22.86	24.03	0.33	4.7	0.46	5.5	1.0	남남서	212	24.3	1010.7	-	98	
2021-07-23 02:10:00	0.8	서	266	22.84	23.99	0.33	4.6	0.45	4.0	0.9	남서	226	24.3	1010.8	-	105	
2021-07-23 02:15:00	1.3	북서	323	22.75	23.95	0.27	4.3	0.36	5.0	1.1	서	263	24.2	1010.8	-	118	
2021-07-23 02:20:00	2.8	남서	228	23.39	24.11	0.33	5.0	0.55	5.0	1.1	서	266	24.1	1010.8	-	121	
2021-07-23 02:25:00	3.7	서	273	23.19	23.94	0.29	4.1	0.40	5.0	1.4	서	266	24.2	1010.8	-	108	
2021-07-23 02:30:00	0.7	서남서	249	23.48	23.99	0.31	4.8	0.46	4.5	1.3	서북서	288	24.2	1010.8	-	112	
2021-07-23 02:35:00	2.5	서북서	292	23.27	23.80	0.32	3.9	0.60	4.5	1.7	서북서	303	24.2	1010.8	-	119	
2021-07-23 02:40:00	1.6	북북서	347	22.78	24.01	0.40	4.7	0.46	5.0	2.0	서북서	295	24.1	1010.7	-	105	
2021-07-23 02:45:00	1.6	서북서	294	22.71	23.85	0.33	4.0	0.43	3.5	1.6	서북서	289	23.9	1010.7	-	88	
2021-07-23 02:50:00	2.6	서북서	286	23.68	23.66	0.36	4.4	0.74	4.0	1.7	북서	308	23.9	1010.6	-	109	
2021-07-23 02:55:00	0.8	남서	227	24.17	23.98	0.37	3.9	0.51	3.0	1.9	북서	310	23.8	1010.6	-	268	
2021-07-23 03:00:00	2.8	서	268	24.35	23.86	0.36	4.7	0.47	4.0	1.6	북서	318	23.8	1010.6	-	122	
2021-07-23 03:05:00	2.6	서북서	293	24.34	23.89	0.34	4.4	0.44	4.5	1.7	북서	311	23.8	1010.5	-	107	
2021-07-23 03:10:00	0.3	서남서	239	24.41	23.84	0.33	4.3	0.45	4.0	1.4	북서	310	23.7	1010.5	-	109	
2021-07-23 03:15:00	1.1	서북서	284	24.29	23.66	0.35	4.1	0.48	3.0	1.4	북서	311	23.7	1010.5	-	177	
2021-07-23 03:20:00	1.6	북동	56	22.92	23.66	0.31	4.4	0.36	4.0	1.5	북서	306	23.8	1010.5	-	101	
2021-07-23 03:25:00	1.8	동북동	68	23.18	23.58	0.36	4.2	0.52	5.0	1.6	북서	304	24.0	1010.5	-	168	
2021-07-23 03:30:00	1.2	서	273	23.75	23.60	0.36	4.5	0.49	4.5	1.1	북서	305	24.0	1010.6	-	99	
2021-07-23 03:35:00	1.8	서	272	23.62	23.86	0.34	4.0	0.51	4.5	1.2	북서	306	23.9	1010.6	-	83	
2021-07-23 03:40:00	1.4	북서	308	23.48	23.84	0.31	3.7	0.39	3.0	1.0	북서	304	23.8	1010.6	-	111	
2021-07-23 03:45:00	3.6	서	267	24.14	23.79	0.33	4.8	0.42	4.5	0.5	서	272	23.9	1010.6	-	121	
2021-07-23 03:50:00	7.1	서	278	24.39	23.57	0.34	3.8	0.45	5.0	0.6	서	260	24.0	1010.7	-	139	
2021-07-23 03:55:00	6.5	서북서	299	24.37	23.96	0.34	4.1	0.43	4.5	1.1	서	279	24.1	1010.7	-	107	
2021-07-23 04:00:00	4.7	서	276	24.31	23.85	0.32	4.7	0.46	3.5	1.5	북서	307	23.9	1010.7	-	130	
2021-07-23 04:05:00	7.3	서북서	283	24.30	23.50	0.38	4.3	0.57	5.5	0.9	서북서	290	23.6	1010.7	-	102	
2021-07-23 04:10:00	7.1	서남서	251	24.47	23.62	0.31	4.0	0.60	4.0	1.1	서북서	298	23.5	1010.7	-	167	
2021-07-23 04:15:00	6.4	서남서	242	24.46	23.46	0.32	4.5	0.44	3.5	0.9	서북서	299	23.5	1010.7	-	71	
2021-07-23 04:20:00	4.8	서	273	24.38	23.45	0.38	4.5	0.73	4.5	1.0	서	271	23.6	1010.7	-	92	
2021-07-23 04:25:00	5.8	서	262	24.38	23.57	0.36	3.9	0.50	4.5	1.1	서	271	23.7	1010.8	-	209	
2021-07-23 04:30:00	5.7	북서	314	23.95	23.56	0.35	4.2	0.49	4.5	1.2	서	265	23.7	1010.7	-	214	
2021-07-23 04:35:00	5.8	북서	318	23.77	23.70	0.34	3.5	0.56	3.5	1.0	서남서	253	23.7	1010.7	-	329	
2021-07-23 04:40:00	6.6	북서	325	23.70	23.83	0.32	4.3	0.44	3.5	1.1	서남서	248	23.6	1010.8	-	91	
2021-07-23 04:45:00	2.3	북북서	335	23.42	23.72	0.36	4.0	0.65	5.0	1.8	서남서	247	23.6	1010.8	-	119	
2021-07-23 04:50:00	3.7	서북서	294	23.68	23.54	0.37	4.8	0.51	4.0	1.4	서남서	243	23.7	1010.8	-	115	
2021-07-23 04:55:00	5.4	서북서	292	23.92	23.49	0.34	3.9	0.50	3.5	1.2	서남서	247	23.7	1010.8	-	311	
2021-07-23 05:00:00	1.6	서북서	285	24.19	23.43	0.41	4.8	0.61	4.5	1.0	서남서	256	23.6	1010.8	-	125	
2021-07-23 05:05:00	3.0	서북서	285	24.37	23.47	0.30	4.0	0.51	4.0	1.1	서남서	250	23.5	1010.8	-	164	
2021-07-23 05:10:00	3.5	서남서	251	24.21	23.37	0.30	4.0	0.38	5.0	1.1	서남서	253	23.5	1010.8	-	111	
2021-07-23 05:15:00	4.3	서북서	291	24.18	23.20	0.38	4.8	0.53	5.0	1.3	서남서	241	23.5	1010.9	-	87	
2021-07-23 05:20:00	2.3	서북서	297	24.11	23.14	0.33	4.3	0.48	4.5	1.7	남서	231	23.5	1010.8	-	103	
2021-07-23 05:25:00	5.0	서북서	282	24.40	22.71	0.33	4.3	0.51	5.0	1.9	서남서	247	23.4	1010.8	-	109	
2021-07-23 05:30:00	4.7	서남서	251	24.50	23.12	0.32	4.3	0.49	4.5	1.8	서남서	243	23.4	1010.8	-	86	
2021-07-23 05:35:00	4.4	서남서	245	24.50	22.80	0.36	4.6	0.52	4.0	1.8	서	260	23.5	1010.9	-	96	
2021-07-23 05:40:00	4.3	서	267	24.50	23.00	0.29	4.2	0.36	5.0	2.2	서	260	23.4	1011.0	-	116	
2021-07-23 05:45:00	5.8	서	265	24.51	22.92	0.32	4.4	0.57	5.0	2.1	서남서	249	23.5	1011.0	-	109	
2021-07-23 05:50:00	3.7	서북서	299	24.05	22.84	0.36	4.1	0.57	5.0	2.3	서남서	249	23.6	1011.0	-	119	
2021-07-23 05:55:00	3.7	북서	324	23.36	22.97	0.31	4.5	0.46	5.5	2.3	서남서	250	23.7	1011.0	-	116	
2021-07-23 06:00:00	8.1	서북서	298	23.66	23.06	0.32	4.2	0.45	4.0	2.5	서남서	248	24.0	1011.0	-	148	
2021-07-23 06:05:00	8.7	북서	309	23.68	23.21	0.29	4.1	0.45	3.5	2.3	서	261	24.0	1011.0	-	171	
2021-07-23 06:10:00	7.1	북북서	333	23.73	23.18	0.28	4.4	0.49	4.0	2.0	서	280	24.1	1011.1	-	110	
2021-07-23 06:15:00	5.3	북북서	328	23.90	23.05	0.35	4.4	0.52	4.0	2.3	서북서	283	24.2	1011.1	-	94	
2021-07-23 06:20:00	5.3	북서	309	24.01	23.15	0.32	4.2	0.45	4.5	1.5	서북서	294	24.5	1011.2	-	117	
2021-07-23 06:25:00	4.5	북북서	337	24.03	23.29	0.33	4.4	0.57	3.5	1.3	서북서	300	24.7	1011.3	-	115	
2021-07-23 06:30:00	4.7	북서	324	24.00	23.04	0.33	4.5	0.43	4.5	1.1	서북서	303	24.4	1011.4	-	117	
2021-07-23 06:35:00	5.5	서	267	24.17	23.04	0.35	4.7	0.57	4.5	0.9	서북서	301	24.5	1011.4	-	86	
2021-07-23 06:40:00	3.4	서북서	292	24.23	22.96	0.32	4.4	0.47	3.5	0.9	서북서	303	24.7	1011.4	-	98	
2021-07-23 06:45:00	2.1	북서	313	24.12	23.16	0.33	4.3	0.48	4.0	0.8	서북서	297	25.0	1011.4	-	98	
2021-07-23 06:50:00	3.2	서	267	24.25	23.37	0.33	4.6	0.50	5.0	0.5	서북서	288	25.3	1011.5	-	90	
2021-07-23 06:55:00	3.8	서북서	296	24.41	23.48	0.38	4.6	0.52	5.0	0.7	서	272	25.4	1011.6	-	164	
2021-07-23 07:00:00	7.4	서	269	24.55	23.44	0.33	4.3	0.44	4.5	0.8	서남서	257	25.1	1011.6	-	295	
2021-07-23 07:05:00	5.3	북북서	344	24.03	23.41	0.30	4.3	0.46	3.5	0.8	서	262	24.9	1011.6	-	85	
2021-07-23 07:10:00	5.1	북	2	23.95	23.41	0.32	4.4	0.52	4.0	0.8	서	267	24.9	1011.6	-	109	
2021-07-23 07:15:00	7.7	북북서	347	23.90	23.43	0.29	4.2	0.42	4.5	0.9	서	278	25.1	1011.6	-	80	
2021-07-23 07:20:00	5.5	북	6	23.63	23.42	0.32	4.4	0.41	4.5	1.0	서	281	25.4	1011.6	-	113	
2021-07-23 07:25:00	3.5	북동	41	23.27	23.50	0.32	4.3	0.47	5.0	1.4	서	280	25.4	1011.6	-	133	
2021-07-23 07:30:00	3.4	동북동	57	23.28	23.80	0.33	4.4	0.43	5.5	1.9	서북서	295	25.4	1011.6	-	263	
2021-07-23 07:35:00	9.7	북동	50	22.97	23.88	0.36	4.3	0.48	4.5	1.9	서북서	299	25.5	1011.6	-	92	
2021-07-23 07:40:00	4.0	동	86	22.95	24.07	0.31	4.3	0.49	4.0	2.0	북서	307	25.3	1011.6	-	116	
2021-07-23 07:45:00	6.0	동북동	72	23.09	24.11	0.30	4.2	0.47	5.0	2.0	북서	311	25.6	1011.6	-	94	
2021-07-23 07:50:00	9.1	북북동	15	23.57	24.21	0.30	4.3	0.39	4.5	1.9	북서	306	25.7	1011.6	-	306	
2021-07-23 07:55:00	6.6	북동	53	23.80	24.00	0.38	4.8	0.54	5.0	1.7	북서	311	25.5	1011.6	-	112	
2021-07-23 08:00:00	6.4	북동	38	23.83	23.77	0.29	4.2	0.45	5.5	1.8	북서	318	25.2	1011.6	-	139	
2021-07-23 08:05:00	5.4	북동	34	23.88	23.58	0.31	4.7	0.48	4.5	1.9	북서	325	25.0	1011.6	-	288	
2021-07-23 08:10:00	6.7	동북동	62	23.70	23.55	0.34	4.7	0.47	5.0	1.8	북서	321	25.1	1011.6	-	116	
2021-07-23 08:15:00	2.2	북동	44	24.04	23.55	0.33	4.5	0.45	4.5	1.9	북서	326	25.1	1011.6	-	111	
2021-07-23 08:20:00	2.2	서북서	291	24.26	23.19	0.30	4.3	0.42	4.5	1.8	북북서	330	25.1	1011.6	-	104	
2021-07-23 08:25:00	6.6	서남서	240	24.61	23.20	0.31	4.5	0.42	4.5	1.8	북북서	339	25.1	1011.6	-	117	
2021-07-23 08:30:00	11.0	서남서	242	24.62	23.67	0.36	4.6	0.56	5.0	1.6	북북서	339	25.3	1011.7	-	107	
2021-07-23 08:35:00	10.9	남서	234	24.70	23.39	0.29	3.8	0.39	3.0	1.5	북북서	341	25.4	1011.7	-	177	
2021-07-23 08:40:00	8.8	서남서	241	24.68	23.26	0.35	4.6	0.57	4.0	1.5	북북서	333	25.5	1011.6	-	107	
2021-07-23 08:45:00	11.8	서남서	244	24.79	23.44	0.32	4.4	0.41	3.5	1.5	북북서	346	25.7	1011.6	-	300	
2021-07-23 08:50:00	15.0	서남서	244	24.79	23.80	0.32	4.4	0.41	4.5	1.5	북	349	25.6	1011.6	-	116	
2021-07-23 08:55:00	12.8	서남서	254	24.85	23.74	0.29	4.7	0.41	4.5	1.5	북	351	25.5	1011.5	-	124	
2021-07-23 09:00:00	12.6	서남서	251	24.83	23.79	0.36	4.7	0.50	3.5	1.6	북	358	25.5	1011.5	-	102	
2021-07-23 09:05:00	11.9	서남서	250	24.81	23.68	0.28	4.4	0.36	5.0	1.5	북	1	25.5	1011.5	-	119	
2021-07-23 09:10:00	17.9	서남서	248	24.88	23.78	0.30	4.6	0.40	4.5	1.5	북	0	25.6	1011.5	-	105	
2021-07-23 09:15:00	16.7	서남서	252	24.88	23.68	0.27	4.5	0.40	4.5	1.6	북북동	13	25.6	1011.5	-	58	
2021-07-23 09:20:00	13.9	서남서	244	24.86	23.39	0.27	4.5	0.36	5.0	1.7	북북동	21	25.6	1011.5	-	98	
2021-07-23 09:25:00	17.1	서남서	251	24.95	23.50	0.25	4.0	0.33	4.0	1.9	북북동	27	25.6	1011.5	-	143	
2021-07-23 09:30:00	15.2	서남서	253	25.03	23.64	0.32	4.4	0.42	5.0	1.9	북북동	33	25.7	1011.5	-	102	
2021-07-23 09:35:00	15.4	서남서	258	25.01	23.59	0.29	4.7	0.44	5.0	1.9	북동	43	25.6	1011.5	-	98	
2021-07-23 09:40:00	9.9	서남서	251	25.08	23.58	0.29	4.5	0.39	5.0	2.0	북동	46	25.7	1011.5	-	110	
2021-07-23 09:45:00	13.6	서남서	249	25.16	23.35	0.27	4.1	0.41	4.0	2.1	북동	54	25.7	1011.5	-	126	
2021-07-23 09:50:00	13.5	서남서	246	25.03	23.46	0.32	4.8	0.42	5.5	2.4	동북동	64	25.7	1011.5	-	93	
2021-07-23 09:55:00	12.8	서남서	252	24.96	23.43	0.29	4.2	0.37	4.5	2.5	동북동	62	25.8	1011.5	-	113	
2021-07-23 10:00:00	13.2	서남서	255	24.95	23.24	0.28	4.6	0.43	4.0	2.5	동북동	70	25.8	1011.5	-	77	
2021-07-23 10:05:00	12.3	서	260	25.02	23.50	0.35	4.5	0.59	5.0	2.4	동북동	69	25.8	1011.5	-	337	
2021-07-23 10:10:00	13.1	서	268	25.10	23.79	0.26	4.3	0.37	3.0	2.8	동북동	72	25.9	1011.5	-	133	
2021-07-23 10:15:00	13.4	서	267	25.14	23.78	0.28	4.5	0.41	4.0	3.0	동북동	77	25.9	1011.5	-	133	
2021-07-23 10:20:00	14.3	서	260	25.18	23.67	0.27	4.4	0.35	3.5	2.9	동북동	75	25.9	1011.5	-	280	
2021-07-23 10:25:00	13.7	서	262	25.18	23.71	0.30	4.5	0.50	4.5	2.8	동북동	72	26.0	1011.5	-	85	
2021-07-23 10:30:00	12.9	서	261	25.27	23.74	0.32	4.8	0.45	5.0	2.8	동북동	67	26.0	1011.5	-	118	
2021-07-23 10:35:00	14.4	서	268	25.39	23.58	0.31	4.6	0.42	3.5	3.2	동북동	66	26.1	1011.5	-	86	
2021-07-23 10:40:00	14.9	서	277	25.49	23.80	0.29	4.2	0.48	4.5	3.1	동북동	67	26.1	1011.5	-	94	
2021-07-23 10:45:00	13.9	서	274	25.52	23.82	0.30	4.6	0.48	4.0	3.1	동북동	67	26.1	1011.5	-	104	
2021-07-23 10:50:00	18.0	서	279	25.47	23.75	0.29	4.0	0.40	4.0	3.0	동북동	66	26.1	1011.4	-	63	
2021-07-23 10:55:00	14.6	서	275	25.39	23.95	0.29	4.2	0.41	3.5	2.7	동북동	75	26.2	1011.4	-	83	
2021-07-23 11:00:00	11.8	서북서	289	25.36	24.02	0.26	4.5	0.34	4.5	2.8	동	79	26.3	1011.4	-	121	
2021-07-23 11:05:00	11.9	서북서	293	25.37	24.01	0.32	4.6	0.59	4.0	3.0	동	87	26.3	1011.4	-	218	
2021-07-23 11:10:00	11.3	서북서	298	25.36	23.95	0.31	4.2	0.41	3.5	3.3	동	98	26.3	1011.3	-	115	
2021-07-23 11:15:00	11.6	서북서	301	25.37	23.92	0.39	4.6	0.56	4.5	3.3	동	92	26.3	1011.4	-	104	
2021-07-23 11:20:00	10.8	북서	308	25.39	23.88	0.34	4.5	0.50	4.0	3.0	동남동	103	26.4	1011.4	-	53	
2021-07-23 11:25:00	14.5	북서	309	25.40	24.11	0.29	4.5	0.42	5.0	3.3	동남동	108	26.5	1011.3	-	298	
2021-07-23 11:30:00	11.8	서북서	295	25.42	24.16	0.35	4.7	0.57	4.5	3.7	동남동	106	26.5	1011.3	-	93	
2021-07-23 11:35:00	11.9	서북서	304	25.46	24.06	0.33	4.7	0.56	5.0	3.6	동남동	102	26.5	1011.3	-	96	
2021-07-23 11:40:00	8.3	북서	319	25.46	23.92	0.29	4.5	0.39	3.5	3.9	동	99	26.5	1011.3	-	120	
2021-07-23 11:45:00	11.9	북서	325	25.45	23.79	0.26	4.3	0.38	4.0	4.2	동	94	26.5	1011.3	-	32	
2021-07-23 11:50:00	5.0	북	356	25.42	23.74	0.28	4.3	0.42	3.0	4.4	동	97	26.5	1011.3	-	133	
2021-07-23 11:55:00	13.1	북북서	329	25.48	23.96	0.27	4.3	0.38	5.0	4.4	동	98	26.5	1011.3	-	103	
2021-07-23 12:00:00	15.5	북북서	339	25.74	23.78	0.30	4.5	0.42	5.0	4.7	동남동	103	26.5	1011.2	-	54	
2021-07-23 12:05:00	14.4	북북서	339	25.77	23.92	0.32	4.5	0.43	4.5	4.8	동남동	108	26.6	1011.2	-	73	
2021-07-23 12:10:00	14.6	북북서	336	25.84	23.44	0.29	4.3	0.41	4.0	5.2	동남동	111	26.5	1011.2	-	109	
2021-07-23 12:15:00	12.2	북	2	25.92	23.39	0.29	4.5	0.52	4.0	5.3	동남동	111	26.5	1011.2	-	97	
2021-07-23 12:20:00	13.8	북북서	344	25.97	23.46	0.29	4.6	0.51	4.5	5.3	동남동	111	26.5	1011.1	-	96	
2021-07-23 12:25:00	12.3	북북서	346	25.97	23.77	0.30	4.9	0.41	4.5	5.8	동남동	114	26.5	1011.1	-	98	
2021-07-23 12:30:00	12.6	북서	318	25.91	23.63	0.25	4.5	0.34	4.5	5.6	동남동	115	26.5	1011.0	-	97	
2021-07-23 12:35:00	12.8	북서	326	26.00	23.72	0.36	4.4	0.56	4.5	5.8	동남동	119	26.5	1011.0	-	48	
2021-07-23 12:40:00	11.9	북북서	332	25.97	23.96	0.29	4.1	0.40	4.0	5.8	동남동	119	26.5	1011.0	-	112	
2021-07-23 12:45:00	11.4	북북서	334	25.94	23.90	0.28	4.3	0.36	4.5	5.9	동남동	117	26.5	1010.9	-	128	
2021-07-23 12:50:00	12.0	북서	323	26.01	24.01	0.33	4.4	0.54	4.0	6.0	동남동	117	26.5	1010.8	-	78	
2021-07-23 12:55:00	11.9	북서	324	26.03	23.84	0.33	4.1	0.52	4.0	6.0	동남동	119	26.5	1010.8	-	98	
2021-07-23 13:00:00	14.6	북북서	340	26.02	23.87	0.35	3.8	0.48	2.5	5.9	동남동	122	26.5	1010.7	-	107	
2021-07-23 13:05:00	13.6	북북서	349	26.02	23.83	0.38	3.9	0.62	3.5	6.0	동남동	118	26.5	1010.7	-	108	
2021-07-23 13:10:00	14.3	북북서	341	26.03	23.90	0.38	4.1	0.53	4.5	5.8	동남동	120	26.5	1010.7	-	109	
2021-07-23 13:15:00	12.3	북	4	25.99	23.74	0.32	3.8	0.41	3.5	6.3	동남동	123	26.6	1010.6	-	115	
2021-07-23 13:20:00	10.6	북	6	25.92	23.82	0.31	3.3	0.49	3.0	6.0	남동	125	26.6	1010.6	-	117	
2021-07-23 13:25:00	11.8	북북동	16	25.89	23.87	0.41	3.5	0.52	3.0	6.0	남동	126	26.6	1010.6	-	70	
2021-07-23 13:30:00	11.9	북북동	15	25.87	23.78	0.37	3.9	0.73	4.5	6.0	남동	127	26.6	1010.5	-	119	
2021-07-23 13:35:00	13.3	북북동	15	25.85	23.69	0.42	4.1	0.55	4.5	5.8	남동	127	26.7	1010.5	-	97	
2021-07-23 13:40:00	11.4	북	11	25.73	23.76	0.34	3.1	0.45	4.0	5.8	남동	127	26.7	1010.4	-	115	
2021-07-23 13:45:00	9.7	북	357	25.77	23.73	0.42	4.0	0.63	4.5	6.1	남동	128	26.7	1010.4	-	122	
2021-07-23 13:50:00	9.0	북	5	25.73	23.80	0.41	3.5	0.56	2.5	6.7	남동	132	26.7	1010.2	-	104	
2021-07-23 13:55:00	9.2	북	358	25.66	23.82	0.38	3.3	0.67	3.0	7.0	남동	133	26.7	1010.2	-	124	
2021-07-23 14:00:00	8.5	북	352	25.62	23.49	0.42	3.7	0.58	4.0	7.5	남동	135	26.8	1010.2	-	111	
2021-07-23 14:05:00	9.8	북	358	25.69	23.86	0.36	3.6	0.51	4.0	7.3	남동	135	26.8	1010.1	-	107	
2021-07-23 14:10:00	8.6	북	351	25.67	23.54	0.40	3.8	0.50	2.5	7.2	남동	135	26.8	1010.1	-	99	
2021-07-23 14:15:00	11.1	북북서	336	25.65	23.51	0.40	3.5	0.59	3.0	7.5	남동	135	26.8	1010.1	-	116	
2021-07-23 14:20:00	7.8	북북서	331	25.61	23.57	0.46	3.5	0.70	3.5	7.6	남동	136	26.8	1010.0	-	107	
2021-07-23 14:25:00	13.4	북서	320	25.65	23.64	0.40	3.3	0.48	3.0	7.7	남동	135	26.9	1010.0	-	98	
2021-07-23 14:30:00	10.1	북서	323	25.67	23.79	0.43	3.7	0.58	3.0	7.4	남동	135	26.9	1010.0	-	317	
2021-07-23 14:35:00	15.2	북서	324	25.68	23.66	0.47	3.3	0.73	3.5	7.3	남동	134	26.9	1010.1	-	103	
2021-07-23 14:40:00	12.6	북북서	332	25.64	23.98	0.46	3.5	0.63	2.5	7.3	남동	134	26.9	1010.1	-	111	
2021-07-23 14:45:00	14.5	북북서	334	25.65	23.75	0.44	3.7	0.69	4.5	7.5	남동	134	26.9	1010.0	-	111	
2021-07-23 14:50:00	12.5	북북서	341	25.62	23.63	0.42	3.6	0.72	3.5	7.3	남동	134	26.9	1010.0	-	79	
2021-07-23 14:55:00	16.0	북북서	341	25.62	23.56	0.47	4.0	0.60	3.0	7.5	남동	131	26.9	1010.0	-	139	
2021-07-23 15:00:00	16.6	북북서	332	25.62	23.50	0.49	3.4	0.66	3.0	7.5	남동	132	26.9	1009.9	-	128	
2021-07-23 15:05:00	15.5	북북서	345	25.60	23.82	0.51	3.3	0.66	3.0	7.4	남동	134	26.8	1009.9	-	124	
2021-07-23 15:10:00	14.6	북북서	343	25.57	23.79	0.42	3.4	0.68	3.0	7.5	남동	136	26.8	1009.8	-	122	
2021-07-23 15:15:00	15.7	북북서	336	25.56	23.43	0.47	3.0	0.68	3.0	7.5	남동	134	26.8	1009.8	-	96	
2021-07-23 15:20:00	18.3	북북서	327	25.61	23.48	0.48	3.4	0.72	5.0	7.3	남동	135	26.8	1009.8	-	131	
2021-07-23 15:25:00	16.4	북북서	338	25.55	23.33	0.49	3.4	0.63	2.5	7.2	남동	135	26.8	1009.7	-	114	
2021-07-23 15:30:00	17.6	북북서	335	25.53	23.35	0.47	3.2	0.68	3.0	7.6	남동	136	26.8	1009.6	-	119	
2021-07-23 15:35:00	16.1	북북서	331	25.51	23.60	0.51	3.1	0.76	2.5	7.5	남동	136	26.7	1009.5	-	101	
2021-07-23 15:40:00	20.3	북북서	335	25.55	23.63	0.47	3.1	0.70	3.0	7.5	남동	134	26.8	1009.5	-	121	
2021-07-23 15:45:00	19.7	북서	326	25.54	23.71	0.51	3.1	0.68	2.5	7.6	남동	135	26.8	1009.4	-	118	
2021-07-23 15:50:00	22.0	북북서	328	25.58	23.73	0.47	3.4	0.64	3.5	7.4	남동	134	26.8	1009.4	-	121	
2021-07-23 15:55:00	21.5	북북서	329	25.58	23.65	0.50	3.3	0.75	3.0	7.2	남동	136	26.7	1009.4	-	129	
2021-07-23 16:00:00	20.0	북북서	338	25.60	23.52	0.49	3.1	0.93	3.0	7.6	남동	136	26.8	1009.4	-	113	
2021-07-23 16:05:00	19.6	북북서	335	25.56	23.27	0.51	3.4	0.71	3.0	7.3	남동	136	26.7	1009.4	-	107	
2021-07-23 16:10:00	18.8	북북서	340	25.54	23.24	0.52	3.4	0.85	3.0	7.3	남동	135	26.7	1009.3	-	113	
2021-07-23 16:15:00	23.4	북북서	332	25.61	23.26	0.52	3.4	0.73	3.5	7.7	남동	139	26.7	1009.3	-	100	
2021-07-23 16:20:00	21.1	북북서	343	25.62	23.41	0.53	3.4	0.72	3.0	7.6	남동	137	26.7	1009.2	-	110	
2021-07-23 16:25:00	20.9	북북서	342	25.60	23.44	0.49	3.2	0.68	4.0	7.6	남동	136	26.7	1009.2	-	119	
2021-07-23 16:30:00	20.2	북북서	337	25.57	23.42	0.52	3.2	0.75	3.0	7.3	남동	137	26.6	1009.1	-	106	
2021-07-23 16:35:00	20.3	북북서	338	25.52	23.56	0.48	3.4	0.62	3.0	7.4	남동	136	26.6	1009.1	-	120	
2021-07-23 16:40:00	23.6	북북서	338	25.52	23.41	0.48	3.6	0.82	3.5	7.1	남동	133	26.6	1009.0	-	106	
2021-07-23 16:45:00	23.1	북북서	341	25.50	23.44	0.50	3.3	0.60	3.5	7.5	남동	132	26.6	1009.0	-	65	
2021-07-23 16:50:00	22.0	북북서	337	25.50	23.44	0.62	3.4	0.85	3.0	7.0	남동	135	26.7	1009.0	-	130	
2021-07-23 16:55:00	21.8	북북서	342	25.48	23.53	0.47	3.4	0.68	3.5	7.4	남동	132	26.6	1008.9	-	117	
2021-07-23 17:00:00	25.2	북북서	341	25.49	23.87	0.52	3.2	0.86	3.5	7.0	남동	131	26.7	1008.9	-	102	
2021-07-23 17:05:00	18.8	북북서	343	25.40	23.79	0.47	3.3	0.69	3.0	6.8	남동	131	26.6	1008.9	-	105	
2021-07-23 17:10:00	24.9	북북서	338	25.40	23.92	0.51	3.3	0.68	3.5	6.7	남동	132	26.7	1008.9	-	103	
2021-07-23 17:15:00	22.7	북북서	341	25.39	23.66	0.52	3.4	0.70	3.0	6.6	남동	131	26.7	1008.9	-	127	
2021-07-23 17:20:00	23.1	북북서	339	25.36	23.77	0.56	3.4	0.91	4.0	6.7	남동	134	26.6	1008.8	-	126	
2021-07-23 17:25:00	22.6	북북서	341	25.37	23.74	0.53	3.2	0.89	3.5	6.8	남동	132	26.5	1008.8	-	99	
2021-07-23 17:30:00	21.1	북북서	342	25.30	24.13	0.52	3.2	0.81	3.5	6.6	남동	128	26.5	1008.7	-	95	
2021-07-23 17:35:00	25.2	북북서	341	25.39	23.93	0.49	3.2	0.72	3.5	6.4	남동	129	26.5	1008.7	-	110	
2021-07-23 17:40:00	27.1	북북서	341	25.39	23.72	0.53	3.3	0.73	3.0	6.9	남동	130	26.5	1008.7	-	139	
2021-07-23 17:45:00	26.2	북북서	340	25.41	23.89	0.45	3.2	0.67	3.5	6.9	남동	134	26.5	1008.6	-	133	
2021-07-23 17:50:00	24.1	북북서	333	25.40	23.71	0.49	3.3	0.82	3.5	6.7	남동	131	26.5	1008.7	-	131	
2021-07-23 17:55:00	23.5	북북서	345	25.35	23.80	0.46	3.4	0.77	3.5	6.7	남동	136	26.4	1008.7	-	48	
2021-07-23 18:00:00	19.4	북북서	343	25.16	23.70	0.59	3.3	0.88	3.5	6.4	남동	134	26.4	1008.7	-	105	
2021-07-23 18:05:00	23.4	북북서	343	25.34	23.67	0.56	3.3	0.96	3.0	6.6	남동	133	26.4	1008.7	-	78	
2021-07-23 18:10:00	23.2	북북서	338	25.29	23.83	0.46	3.2	0.56	3.0	6.8	남동	134	26.4	1008.6	-	113	
2021-07-23 18:15:00	22.3	북북서	338	25.23	23.70	0.50	3.7	0.89	4.0	6.9	남동	137	26.3	1008.6	-	275	
2021-07-23 18:20:00	-	-	-	-	-	0.00	0.0	0.00	0.0	7.1	남동	137	26.2	1008.7	-	0	
2021-07-23 18:25:00	22.4	북북서	342	25.17	23.68	0.58	3.5	0.85	3.5	6.7	남동	138	26.3	1008.7	-	297	
2021-07-23 18:30:00	20.9	북북서	340	25.16	23.58	0.52	3.4	0.82	3.0	6.8	남동	136	26.2	1008.7	-	119	
2021-07-23 18:35:00	20.9	북북서	336	25.10	23.73	0.50	3.5	0.65	3.0	6.7	남동	139	26.2	1008.8	-	324	
2021-07-23 18:40:00	22.5	북북서	339	25.09	23.68	0.54	3.3	1.11	3.5	6.4	남동	138	26.1	1008.8	-	313	
2021-07-23 18:45:00	19.3	북북서	338	25.02	24.06	0.55	3.5	0.83	3.0	6.5	남동	140	26.1	1008.8	-	311	
2021-07-23 18:50:00	18.8	북북서	336	24.95	23.88	0.53	3.6	0.72	3.5	6.4	남동	144	26.0	1008.8	-	103	
2021-07-23 18:55:00	20.4	북북서	345	24.95	23.95	0.44	3.4	0.58	4.0	6.1	남동	143	26.0	1008.9	-	18	
2021-07-23 19:00:00	22.0	북북서	342	24.97	23.58	0.49	3.4	0.71	3.5	6.5	남동	139	25.9	1009.0	-	120	
2021-07-23 19:05:00	19.9	북북서	344	24.93	23.49	0.48	3.4	0.74	3.0	6.8	남동	142	25.8	1009.0	-	113	
2021-07-23 19:10:00	19.3	북북서	341	24.92	23.38	0.47	3.5	0.64	3.0	7.0	남동	142	25.7	1009.0	-	136	
2021-07-23 19:15:00	20.0	북북서	344	24.87	23.72	0.50	3.5	0.78	3.5	7.0	남동	144	25.7	1009.0	-	25	
2021-07-23 19:20:00	20.7	북북서	342	24.80	23.85	0.43	3.5	0.73	3.5	6.6	남동	145	25.7	1009.0	-	36	
2021-07-23 19:25:00	17.3	북북서	348	24.68	23.86	0.49	3.5	0.74	3.0	6.3	남동	143	25.8	1009.0	-	280	
2021-07-23 19:30:00	17.1	북	350	24.68	23.74	0.48	3.7	0.72	3.5	6.6	남동	140	25.7	1009.0	-	73	
2021-07-23 19:35:00	18.6	북북서	341	24.63	23.85	0.44	3.3	0.60	3.0	6.7	남동	139	25.7	1009.0	-	181	
2021-07-23 19:40:00	19.6	북북서	345	24.65	23.90	0.45	3.4	0.75	3.0	6.7	남동	142	25.7	1009.0	-	319	
2021-07-23 19:45:00	18.7	북북서	345	24.61	24.08	0.43	3.4	0.65	3.5	6.2	남동	142	25.7	1009.1	-	315	
2021-07-23 19:50:00	13.8	북북서	341	24.54	24.06	0.49	3.3	0.73	3.5	6.3	남동	143	25.5	1009.1	-	103	
2021-07-23 19:55:00	15.9	북북서	341	24.44	24.04	0.52	3.5	0.72	3.5	5.9	남남동	149	25.5	1009.2	-	310	
2021-07-23 20:00:00	18.5	북북서	346	24.36	23.93	0.46	3.5	0.63	3.0	5.9	남동	145	25.6	1009.2	-	116	
2021-07-23 20:05:00	-	-	-	-	-	-	-	-	-	-	-	-	-	-	-	-	
2021-07-23 20:10:00	17.8	북북서	348	24.44	23.90	0.19	2.8	0.38	2.8	5.4	남동	145	25.6	1009.2	-	298	
2021-07-23 20:15:00	17.6	북	349	24.40	24.15	0.47	3.7	0.74	4.0	5.4	남남동	147	25.5	1009.2	-	272	
2021-07-23 20:20:00	18.4	북	350	24.36	24.40	0.44	3.5	0.76	3.5	5.0	남남동	154	25.4	1009.3	-	120	
2021-07-23 20:25:00	17.6	북	350	24.32	24.15	0.43	3.7	0.71	4.0	4.4	남남동	157	25.3	1009.3	-	267	
2021-07-23 20:30:00	17.3	북	354	24.28	24.23	0.47	3.6	0.62	3.0	4.2	남남동	157	25.1	1009.3	-	236	
2021-07-23 20:35:00	16.3	북북서	344	24.20	24.10	0.40	3.5	0.58	4.0	4.3	남남동	148	25.1	1009.3	-	300	
2021-07-23 20:40:00	15.2	북북서	348	24.18	24.09	0.46	3.6	0.66	4.0	4.1	남남동	154	25.2	1009.4	-	304	
2021-07-23 20:45:00	15.7	북	357	24.12	23.97	0.41	3.8	0.56	3.0	3.5	남남동	150	25.1	1009.3	-	111	
2021-07-23 20:50:00	18.2	북	350	24.03	23.74	0.43	3.5	0.68	3.5	2.8	남남동	148	25.1	1009.4	-	99	
2021-07-23 20:55:00	15.5	북	353	23.95	24.04	0.41	3.6	0.51	3.0	2.3	남	172	24.9	1009.5	-	124	
2021-07-23 21:00:00	16.2	북북서	345	23.96	23.94	0.41	3.6	0.66	3.5	2.5	남남동	150	24.9	1009.5	-	321	
2021-07-23 21:05:00	14.0	북	349	23.92	24.04	0.47	3.5	0.77	3.5	2.6	남동	145	24.9	1009.5	-	285	
2021-07-23 21:10:00	16.4	북북서	344	23.91	24.07	0.44	3.6	0.64	3.5	3.4	남동	137	24.9	1009.5	-	308	
2021-07-23 21:15:00	12.6	북북서	341	23.88	24.00	0.45	3.6	0.72	4.0	3.3	남동	146	24.9	1009.6	-	314	
2021-07-23 21:20:00	12.7	북북서	347	23.83	23.82	0.48	3.5	0.69	3.5	3.1	남남동	152	24.9	1009.6	-	198	
2021-07-23 21:25:00	12.9	북	360	23.86	24.07	0.40	3.8	0.55	4.0	2.4	남남동	152	24.9	1009.6	-	203	
2021-07-23 21:30:00	11.9	북	358	23.87	24.08	0.44	3.7	0.67	3.5	2.3	남남동	148	24.8	1009.6	-	181	
2021-07-23 21:35:00	15.3	북	353	23.82	24.12	0.41	3.8	0.67	3.5	2.0	남남동	151	24.7	1009.7	-	148	
2021-07-23 21:40:00	12.1	북	356	23.83	23.98	0.40	3.6	0.49	4.0	2.0	남남동	149	24.6	1009.7	-	244	
2021-07-23 21:45:00	15.2	북	356	23.82	24.02	0.39	3.6	0.62	3.5	2.0	남남동	153	24.7	1009.7	-	290	
2021-07-23 21:50:00	10.0	북	351	23.79	23.85	0.40	3.7	0.53	3.5	1.6	남남동	158	24.8	1009.7	-	156	
2021-07-23 21:55:00	11.7	북	355	23.79	23.81	0.45	3.8	0.56	3.0	1.3	남남동	162	24.9	1009.7	-	66	
2021-07-23 22:00:00	11.0	북북동	15	23.72	23.81	0.42	3.7	0.64	3.5	1.0	남남동	159	25.2	1009.7	-	263	
2021-07-23 22:05:00	7.0	북북동	11	23.69	24.34	0.46	3.8	0.64	4.0	1.8	동남동	116	24.8	1009.7	-	224	
2021-07-23 22:10:00	9.5	북북동	32	23.67	24.35	0.41	3.8	0.58	3.5	2.3	동남동	122	24.6	1009.7	-	216	
2021-07-23 22:15:00	7.0	북동	35	23.64	24.44	0.42	3.8	0.62	4.0	2.5	남동	129	24.6	1009.6	-	268	
2021-07-23 22:20:00	7.5	북동	34	23.62	24.31	0.34	3.6	0.47	4.5	2.9	남동	132	24.5	1009.6	-	286	
2021-07-23 22:25:00	6.3	북북동	26	23.59	24.25	0.40	3.7	0.59	3.5	3.0	남동	132	24.5	1009.6	-	311	
2021-07-23 22:30:00	6.7	북북동	25	23.58	24.30	0.43	3.7	0.65	4.0	2.9	남동	136	24.5	1009.6	-	75	
2021-07-23 22:35:00	5.3	북북동	12	23.56	24.24	0.39	3.7	0.53	4.5	2.6	남동	138	24.5	1009.6	-	316	
2021-07-23 22:40:00	4.4	북	6	23.52	24.17	0.41	3.8	0.68	4.0	2.7	남동	139	24.6	1009.6	-	304	
2021-07-23 22:45:00	5.3	북북동	23	23.50	24.16	0.42	3.8	0.61	3.5	2.3	남동	146	24.6	1009.6	-	318	
2021-07-23 22:50:00	4.7	북북동	16	23.49	24.04	0.39	4.0	0.54	4.0	1.9	남동	137	24.5	1009.6	-	22	
2021-07-23 22:55:00	3.3	북북서	348	23.47	24.04	0.33	3.5	0.46	3.0	2.0	남동	142	24.4	1009.6	-	296	
2021-07-23 23:00:00	6.1	북북동	26	23.47	24.01	0.47	3.8	0.69	4.0	1.8	남남동	158	24.4	1009.6	-	264	
2021-07-23 23:05:00	5.1	북북동	26	23.45	24.03	0.38	3.8	0.64	3.5	1.8	남남동	157	24.4	1009.6	-	302	
2021-07-23 23:10:00	4.8	북	10	23.40	23.94	0.41	3.7	0.55	4.0	1.3	남남동	158	24.3	1009.6	-	292	
2021-07-23 23:15:00	3.3	북동	39	23.31	24.04	0.41	3.8	0.58	3.5	1.2	남동	145	24.3	1009.7	-	209	
2021-07-23 23:20:00	5.0	북동	35	23.31	23.91	0.40	3.5	0.61	4.0	1.3	남남동	151	24.3	1009.7	-	14	
2021-07-23 23:25:00	4.8	북동	38	23.31	24.05	0.43	3.8	0.68	3.5	1.4	남남동	149	24.3	1009.7	-	307	
2021-07-23 23:30:00	5.7	북동	51	23.33	23.81	0.44	3.7	0.66	3.5	1.4	남남동	154	24.4	1009.7	-	260	
2021-07-23 23:35:00	5.0	북북동	25	23.35	23.74	0.35	3.6	0.55	3.0	1.6	남남동	156	24.6	1009.7	-	130	
2021-07-23 23:40:00	3.6	북동	35	23.31	23.74	0.44	3.7	0.77	3.5	1.5	남동	141	24.5	1009.6	-	306	
2021-07-23 23:45:00	3.1	북	7	23.18	24.36	0.37	3.9	0.57	3.5	1.8	남동	141	24.5	1009.6	-	355	
2021-07-23 23:50:00	1.0	북북서	331	23.16	24.31	0.39	4.0	0.55	3.5	1.8	남남동	147	24.4	1009.6	-	299	
2021-07-23 23:55:00	0.3	남서	235	22.65	24.15	0.42	3.7	0.64	3.5	1.4	남남동	155	24.3	1009.6	-	158	
2021-07-24 00:00:00	4.7	북서	311	22.84	24.21	0.32	3.7	0.50	3.5	1.4	남남동	159	24.3	1009.6	-	287	
2021-07-24 00:05:00	0.5	동북동	65	22.95	24.05	0.39	3.9	0.55	4.0	1.2	남	170	24.3	1009.6	-	66	
2021-07-24 00:10:00	1.4	동	89	23.03	24.05	0.35	3.7	0.56	3.5	1.0	남	177	24.2	1009.6	-	282	
2021-07-24 00:15:00	0.8	북북서	336	22.81	24.07	0.36	3.6	0.48	3.0	0.8	남서	216	24.3	1009.6	-	287	
2021-07-24 00:20:00	2.5	북북서	329	22.94	24.30	0.33	3.6	0.50	4.0	0.2	남서	232	24.3	1009.7	-	262	
2021-07-24 00:25:00	1.5	북서	319	23.06	24.33	0.36	4.0	0.53	4.5	0.0	동남동	120	24.2	1009.7	-	283	
2021-07-24 00:30:00	1.2	동	100	22.76	24.54	0.40	3.7	0.57	3.5	0.5	동	95	24.0	1009.7	-	299	
2021-07-24 00:35:00	0.5	남남동	149	22.76	23.90	0.34	3.5	0.46	4.0	0.8	동	99	23.8	1009.7	-	305	
2021-07-24 00:40:00	2.0	동	92	22.99	24.06	0.30	3.9	0.41	3.5	1.5	동남동	110	23.9	1009.7	-	300	
2021-07-24 00:45:00	2.6	북서	325	22.94	24.35	0.35	3.6	0.65	3.5	1.8	동남동	120	24.0	1009.7	-	269	
2021-07-24 00:50:00	0.9	북	2	23.09	24.14	0.33	3.5	0.50	4.0	1.7	남동	129	24.1	1009.6	-	300	
2021-07-24 00:55:00	1.8	남남동	157	22.88	24.14	0.42	3.7	0.54	3.5	1.7	남동	126	24.1	1009.6	-	102	
2021-07-24 01:00:00	2.4	서남서	255	23.01	24.14	0.43	3.8	0.69	4.0	1.7	남동	128	24.2	1009.6	-	257	
2021-07-24 01:05:00	2.1	남남동	159	23.08	24.12	0.40	3.7	0.59	3.5	1.5	남동	140	24.2	1009.5	-	309	
2021-07-24 01:10:00	0.7	동남동	118	23.07	24.12	0.38	3.6	0.59	3.5	1.6	남동	132	24.2	1009.5	-	299	
2021-07-24 01:15:00	1.0	북	6	23.11	24.12	0.38	3.8	0.56	4.0	1.5	남동	131	24.2	1009.5	-	274	
2021-07-24 01:20:00	0.8	서남서	247	23.01	24.03	0.38	3.7	0.61	4.0	1.4	남동	132	24.1	1009.5	-	13	
2021-07-24 01:25:00	0.8	서	279	23.01	24.13	0.36	3.6	0.62	3.5	1.4	남동	125	24.0	1009.5	-	248	
2021-07-24 01:30:00	1.4	남남서	201	22.79	24.15	0.32	3.8	0.44	4.0	1.8	동남동	118	24.1	1009.5	-	282	
2021-07-24 01:35:00	1.5	남남서	212	22.84	24.02	0.38	3.6	0.54	4.0	1.9	동남동	122	24.1	1009.5	-	273	
2021-07-24 01:40:00	1.9	남서	224	22.97	23.89	0.37	3.7	0.58	3.5	2.1	남동	125	24.1	1009.5	-	307	
2021-07-24 01:45:00	2.2	남남동	157	22.92	23.91	0.34	3.4	0.50	3.5	2.0	동남동	117	24.1	1009.5	-	276	
2021-07-24 01:50:00	2.3	남남동	166	23.02	23.78	0.33	3.5	0.41	3.0	1.3	남동	133	24.0	1009.4	-	298	
2021-07-24 01:55:00	3.4	남	172	23.02	23.84	0.33	3.9	0.52	3.5	1.1	남동	133	24.0	1009.4	-	295	
2021-07-24 02:00:00	3.0	남남동	153	22.97	23.98	0.38	3.8	0.66	3.0	1.4	남동	127	23.9	1009.4	-	45	
2021-07-24 02:05:00	4.8	남	172	22.99	23.91	0.36	3.8	0.52	3.5	1.8	남동	128	23.8	1009.4	-	287	
2021-07-24 02:10:00	3.2	남	182	22.98	23.84	0.40	3.5	0.52	4.0	2.0	남동	143	23.7	1009.4	-	311	
2021-07-24 02:15:00	6.4	남	183	22.97	23.97	0.35	3.5	0.59	3.5	1.5	남	170	23.7	1009.5	-	287	
2021-07-24 02:20:00	8.4	남	176	22.96	23.85	0.37	3.6	0.56	3.5	1.1	남	191	23.6	1009.6	-	278	
2021-07-24 02:25:00	7.8	남	173	22.97	23.96	0.34	3.7	0.57	3.5	1.2	남남서	205	23.6	1009.6	-	235	
2021-07-24 02:30:00	5.8	남	171	22.97	23.86	0.35	3.4	0.44	3.5	0.9	남서	230	23.5	1009.5	-	257	
2021-07-24 02:35:00	5.4	남동	142	22.90	23.76	0.36	3.6	0.70	3.0	0.8	서	273	23.4	1009.5	-	268	
2021-07-24 02:40:00	5.6	남동	142	22.82	23.91	0.40	3.5	0.63	3.5	0.9	서북서	290	23.4	1009.5	-	274	
2021-07-24 02:45:00	5.6	남남동	150	22.78	23.85	0.34	3.5	0.47	3.5	2.1	북서	308	23.6	1009.5	-	121	
2021-07-24 02:50:00	4.7	남동	142	22.84	23.79	0.36	3.4	0.53	3.0	1.9	북서	321	23.7	1009.5	-	272	
2021-07-24 02:55:00	4.3	남	171	22.89	23.83	0.46	3.4	0.92	3.5	1.3	북북서	332	23.6	1009.5	-	80	
2021-07-24 03:00:00	6.6	남남동	159	22.94	24.07	0.37	3.7	0.52	3.0	1.3	북북서	337	23.6	1009.5	-	258	
2021-07-24 03:05:00	6.9	남남동	165	22.99	24.17	0.33	3.4	0.46	3.5	1.5	북북서	341	23.7	1009.5	-	198	
2021-07-24 03:10:00	5.5	남남동	168	22.91	24.03	0.39	3.3	0.59	3.0	1.7	북북서	333	23.7	1009.6	-	110	
2021-07-24 03:15:00	6.0	남남동	157	22.88	23.85	0.39	3.4	0.58	4.0	1.6	북서	314	23.7	1009.6	-	78	
2021-07-24 03:20:00	7.1	남남동	157	23.00	24.08	0.34	3.4	0.51	3.5	1.7	북서	306	23.7	1009.7	-	126	
2021-07-24 03:25:00	7.9	남	185	23.12	24.28	0.46	3.5	0.75	3.5	1.7	서북서	295	23.7	1009.7	-	144	
2021-07-24 03:30:00	6.4	남남서	206	23.16	23.95	0.34	3.2	0.45	3.0	1.9	서북서	300	23.7	1009.7	-	97	
2021-07-24 03:35:00	8.8	남남서	205	23.23	23.46	0.37	3.0	0.56	2.5	2.1	서북서	297	23.7	1009.8	-	105	
2021-07-24 03:40:00	7.3	남남서	205	23.21	23.62	0.36	3.3	0.49	3.5	2.4	서북서	295	23.7	1009.8	-	109	
2021-07-24 03:45:00	7.6	남남서	204	23.34	23.68	0.32	3.4	0.48	3.5	2.7	서북서	293	23.7	1009.9	-	277	
2021-07-24 03:50:00	10.9	남남서	210	23.28	23.91	0.32	3.3	0.51	3.0	2.6	서북서	297	23.8	1009.9	-	99	
2021-07-24 03:55:00	10.0	남서	217	23.35	23.91	0.35	3.3	0.60	3.5	2.7	서북서	290	23.9	1010.0	-	115	
2021-07-24 04:00:00	8.7	서남서	237	23.26	23.85	0.39	3.3	0.57	3.0	2.6	서북서	292	23.9	1010.0	-	343	
2021-07-24 04:05:00	7.3	남서	219	23.20	23.73	0.39	3.4	0.68	3.0	2.5	서북서	293	24.0	1010.0	-	83	
2021-07-24 04:10:00	9.3	남서	215	23.14	23.75	0.39	3.4	0.53	3.0	2.3	서북서	285	24.1	1010.0	-	114	
2021-07-24 04:15:00	8.7	남서	229	23.19	23.82	0.32	3.2	0.53	3.0	2.2	서	280	24.1	1009.9	-	114	
2021-07-24 04:20:00	6.7	남서	231	23.15	23.78	0.39	3.3	0.54	3.0	1.8	서	275	24.1	1009.9	-	111	
2021-07-24 04:25:00	8.8	남서	227	23.20	23.78	0.40	3.2	0.74	3.5	1.8	서북서	283	24.1	1009.9	-	16	
2021-07-24 04:30:00	6.7	남서	217	23.28	23.70	0.31	3.3	0.44	3.0	1.9	서	278	24.1	1009.9	-	97	
2021-07-24 04:35:00	8.0	서남서	236	23.34	23.80	0.36	3.1	0.59	3.5	2.1	서	274	24.2	1010.0	-	304	
2021-07-24 04:40:00	7.0	남서	224	23.26	23.79	0.38	3.3	0.69	3.5	1.9	서	276	24.2	1010.1	-	359	
2021-07-24 04:45:00	3.8	서남서	240	23.21	23.70	0.33	3.1	0.66	3.0	2.1	서북서	289	24.2	1010.2	-	242	
2021-07-24 04:50:00	6.9	서남서	246	23.29	23.75	0.38	3.2	0.62	3.5	2.6	북서	308	24.2	1010.2	-	46	
2021-07-24 04:55:00	6.3	서남서	250	23.31	23.67	0.36	3.5	0.56	3.0	2.7	북서	312	24.3	1010.2	-	217	
2021-07-24 05:00:00	3.6	남서	225	23.16	23.78	0.29	3.5	0.54	3.5	3.3	북서	317	24.3	1010.1	-	243	
2021-07-24 05:05:00	7.1	서남서	245	23.33	23.71	0.35	3.4	0.66	3.5	2.9	서북서	302	24.2	1010.2	-	290	
2021-07-24 05:10:00	8.0	남서	232	23.44	23.65	0.35	3.2	0.52	3.0	2.7	북서	309	24.2	1010.2	-	59	
2021-07-24 05:15:00	7.0	남서	226	23.54	23.98	0.29	3.5	0.40	3.0	2.9	북서	315	24.2	1010.2	-	288	
2021-07-24 05:20:00	11.8	서남서	249	23.56	23.68	0.30	3.4	0.40	3.5	2.7	북서	305	24.2	1010.2	-	112	
2021-07-24 05:25:00	11.8	서남서	244	23.61	23.64	0.34	3.2	0.45	3.0	2.7	북서	306	24.2	1010.2	-	280	
2021-07-24 05:30:00	14.4	서남서	242	23.68	23.71	0.34	3.2	0.53	3.5	3.2	북서	316	24.2	1010.3	-	112	
2021-07-24 05:35:00	10.8	서남서	247	23.68	23.44	0.33	3.1	0.47	3.0	2.7	북서	318	24.2	1010.3	-	106	
2021-07-24 05:40:00	8.6	서남서	257	23.67	23.39	0.28	3.1	0.46	3.0	3.4	북서	315	24.1	1010.4	-	99	
2021-07-24 05:45:00	10.1	서남서	251	23.74	23.45	0.29	3.3	0.39	4.0	3.3	북서	317	24.1	1010.4	-	119	
2021-07-24 05:50:00	10.5	서남서	248	23.79	23.15	0.28	3.2	0.45	3.0	2.7	북서	317	24.2	1010.5	-	125	
2021-07-24 05:55:00	9.2	서남서	254	23.83	23.60	0.28	3.2	0.41	3.0	2.3	북서	309	24.2	1010.5	-	52	
2021-07-24 06:00:00	10.8	서남서	257	23.81	23.39	0.29	3.3	0.42	3.0	2.2	북서	311	24.1	1010.5	-	122	
2021-07-24 06:05:00	7.9	서남서	258	23.82	23.63	0.27	3.1	0.37	3.0	1.9	서북서	301	24.1	1010.4	-	1	
2021-07-24 06:10:00	11.6	서남서	254	23.79	23.61	0.29	3.4	0.48	3.5	1.5	서	278	24.1	1010.5	-	290	
2021-07-24 06:15:00	11.7	서남서	251	23.82	23.94	0.27	3.3	0.35	3.0	1.2	서	275	24.1	1010.6	-	112	
2021-07-24 06:20:00	12.1	서남서	255	23.85	23.73	0.30	3.2	0.45	3.0	0.8	서	259	24.1	1010.6	-	113	
2021-07-24 06:25:00	10.3	서	260	23.86	23.69	0.26	3.4	0.44	3.5	0.6	서남서	244	24.1	1010.6	-	98	
2021-07-24 06:30:00	11.4	서	267	23.85	23.57	0.22	3.3	0.35	2.5	0.7	서남서	241	24.1	1010.6	-	111	
2021-07-24 06:35:00	12.3	서	263	23.87	23.56	0.30	3.4	0.44	3.5	0.6	서남서	249	24.1	1010.5	-	167	
2021-07-24 06:40:00	14.2	서	271	23.87	23.43	0.28	3.3	0.44	3.0	0.5	서남서	245	24.2	1010.5	-	344	
2021-07-24 06:45:00	12.3	서	261	23.88	23.80	0.26	3.4	0.33	3.0	0.0	서	275	24.2	1010.5	-	109	
2021-07-24 06:50:00	9.4	서	268	23.90	23.48	0.26	3.3	0.40	4.0	0.2	남동	139	24.3	1010.6	-	117	
2021-07-24 06:55:00	12.5	서	275	23.92	23.57	0.28	3.3	0.39	3.0	0.6	남동	130	24.2	1010.6	-	123	
2021-07-24 07:00:00	12.8	서	274	23.94	23.59	0.26	3.1	0.42	3.5	0.6	남동	124	24.2	1010.7	-	84	
2021-07-24 07:05:00	13.7	서	272	23.95	23.74	0.24	3.1	0.31	3.5	0.6	남동	124	24.2	1010.7	-	119	
2021-07-24 07:10:00	12.1	서	275	23.97	23.77	0.24	3.3	0.32	3.5	0.5	동남동	121	24.2	1010.7	-	104	
2021-07-24 07:15:00	11.2	서	274	23.98	23.77	0.31	3.4	0.47	3.0	0.4	동남동	112	24.3	1010.8	-	114	
2021-07-24 07:20:00	8.9	서	277	23.98	23.71	0.26	3.4	0.40	3.0	0.7	남동	127	24.3	1010.8	-	303	
2021-07-24 07:25:00	8.2	서북서	282	23.99	23.89	0.32	3.2	0.57	3.0	1.0	남동	137	24.3	1010.7	-	235	
2021-07-24 07:30:00	10.5	서북서	285	24.03	23.69	0.28	3.3	0.43	3.0	0.9	남동	137	24.4	1010.7	-	282	
2021-07-24 07:35:00	10.0	서북서	286	24.02	23.78	0.29	3.3	0.42	3.0	0.8	남동	135	24.4	1010.7	-	111	
2021-07-24 07:40:00	10.2	서북서	288	24.03	23.82	0.29	3.2	0.37	3.5	0.7	남남동	151	24.5	1010.7	-	121	
2021-07-24 07:45:00	6.4	서북서	287	24.04	23.72	0.28	3.4	0.41	3.5	1.0	남남동	151	24.6	1010.7	-	100	
2021-07-24 07:50:00	7.3	서북서	301	24.05	23.76	0.28	3.3	0.42	3.5	1.3	남남동	159	24.7	1010.7	-	293	
2021-07-24 07:55:00	8.5	서북서	299	24.07	23.74	0.28	3.3	0.43	3.0	1.2	남남동	149	24.8	1010.7	-	116	
2021-07-24 08:00:00	6.4	서북서	301	24.08	23.76	0.26	3.3	0.33	3.0	0.9	남	176	25.1	1010.7	-	127	
2021-07-24 08:05:00	7.3	서북서	301	24.09	23.70	0.26	3.3	0.37	3.0	0.8	북북서	329	25.5	1010.8	-	19	
2021-07-24 08:10:00	9.2	서북서	303	24.11	23.61	0.24	3.2	0.35	3.0	0.5	북서	313	25.5	1010.8	-	91	
2021-07-24 08:15:00	7.9	서북서	298	24.10	23.60	0.28	3.4	0.42	3.5	0.3	남남서	210	25.8	1010.8	-	119	
2021-07-24 08:20:00	9.9	북서	309	24.11	23.46	0.24	3.2	0.36	3.0	0.9	동북동	60	26.5	1010.7	-	277	
2021-07-24 08:25:00	7.3	북서	307	24.14	23.50	0.24	3.3	0.36	3.0	0.9	동	95	26.5	1010.7	-	114	
2021-07-24 08:30:00	11.6	서북서	299	24.16	23.47	0.24	3.2	0.38	3.5	2.3	동	89	26.1	1010.7	-	114	
2021-07-24 08:35:00	9.6	서북서	301	24.17	23.48	0.26	3.2	0.36	3.5	2.3	동	89	25.6	1010.7	-	100	
2021-07-24 08:40:00	10.0	서북서	291	24.21	23.57	0.24	3.3	0.32	3.5	2.1	동북동	73	25.5	1010.6	-	77	
2021-07-24 08:45:00	11.5	서	279	24.24	23.48	0.24	3.3	0.32	3.0	2.1	동북동	68	25.5	1010.6	-	120	
2021-07-24 08:50:00	8.8	서북서	301	24.25	23.70	0.25	3.4	0.37	3.0	1.8	동북동	59	25.4	1010.6	-	208	
2021-07-24 08:55:00	11.6	북서	320	24.23	23.65	0.28	3.2	0.57	3.0	2.1	북동	47	25.4	1010.6	-	106	
2021-07-24 09:00:00	9.0	북서	316	24.22	23.72	0.30	3.2	0.44	3.0	2.2	북동	38	25.2	1010.6	-	99	
2021-07-24 09:05:00	8.5	서북서	301	24.23	23.70	0.24	3.1	0.34	3.0	2.2	북동	47	24.9	1010.6	-	112	
2021-07-24 09:10:00	7.4	서북서	301	24.26	23.69	0.23	3.4	0.31	3.0	2.4	북동	45	24.8	1010.5	-	85	
2021-07-24 09:15:00	8.5	북서	314	24.27	23.66	0.25	3.1	0.34	2.5	2.7	북동	42	24.9	1010.5	-	119	
2021-07-24 09:20:00	7.5	북서	308	24.28	23.73	0.25	3.1	0.44	3.0	3.0	동북동	59	25.2	1010.5	-	100	
2021-07-24 09:25:00	6.8	서북서	296	24.30	23.39	0.26	3.5	0.40	3.5	3.2	북동	48	25.2	1010.5	-	277	
2021-07-24 09:30:00	6.6	서북서	284	24.33	23.51	0.25	3.1	0.37	3.0	3.1	북동	45	25.1	1010.5	-	99	
2021-07-24 09:35:00	4.5	서	267	24.34	23.50	0.25	3.2	0.39	3.0	3.4	북동	47	25.0	1010.5	-	114	
2021-07-24 09:40:00	4.0	서	273	24.43	23.58	0.24	3.3	0.35	3.0	3.6	북동	55	25.0	1010.5	-	125	
2021-07-24 09:45:00	3.5	서북서	301	24.63	23.61	0.24	3.5	0.43	3.0	3.7	동북동	65	25.0	1010.5	-	109	
2021-07-24 09:50:00	4.3	서북서	289	24.64	23.59	0.23	3.1	0.35	3.0	3.3	동북동	58	25.0	1010.6	-	94	
2021-07-24 09:55:00	7.1	서북서	293	24.60	23.62	0.25	3.2	0.35	3.0	3.0	동북동	62	25.0	1010.7	-	105	
2021-07-24 10:00:00	9.5	서	269	24.59	23.82	0.21	3.1	0.30	2.5	2.7	동북동	59	25.2	1010.7	-	65	
2021-07-24 10:05:00	7.3	서북서	291	24.59	23.71	0.22	3.1	0.32	3.5	3.0	북동	47	25.4	1010.7	-	98	
2021-07-24 10:10:00	6.4	서	275	24.61	23.81	0.24	3.1	0.35	3.0	2.7	북동	48	25.5	1010.7	-	91	
2021-07-24 10:15:00	2.8	서북서	286	24.64	23.73	0.21	3.2	0.37	3.5	2.6	동북동	58	25.4	1010.7	-	115	
2021-07-24 10:20:00	1.3	북서	312	24.57	23.60	0.19	3.3	0.29	3.5	2.8	북동	53	25.3	1010.7	-	93	
2021-07-24 10:25:00	3.7	북	2	24.36	23.67	0.20	3.1	0.25	3.0	2.6	동북동	57	25.4	1010.7	-	91	
2021-07-24 10:30:00	1.2	북동	42	24.42	23.76	0.22	2.9	0.38	3.0	2.8	북동	55	25.4	1010.7	-	106	
2021-07-24 10:35:00	3.0	북북서	332	24.43	23.70	0.21	3.1	0.42	3.0	2.5	북동	53	25.3	1010.7	-	105	
2021-07-24 10:40:00	3.7	북동	46	24.19	23.76	0.22	3.4	0.29	3.5	2.2	북동	51	25.4	1010.7	-	71	
2021-07-24 10:45:00	5.0	북동	53	24.42	23.91	0.23	3.0	0.35	3.5	2.5	북동	49	25.3	1010.6	-	142	
2021-07-24 10:50:00	4.0	북서	318	24.70	24.06	0.21	3.2	0.30	3.0	2.0	북동	56	25.3	1010.7	-	121	
2021-07-24 10:55:00	2.4	북북서	343	24.74	24.03	0.31	4.6	0.41	4.5	1.6	동북동	63	25.4	1010.7	-	124	
2021-07-24 11:00:00	2.2	북	3	24.72	24.12	0.25	3.3	0.34	3.0	1.4	북동	46	25.6	1010.6	-	202	
2021-07-24 11:05:00	4.4	서	262	24.80	24.20	0.28	3.2	0.41	3.5	1.3	북동	42	25.8	1010.6	-	150	
2021-07-24 11:10:00	5.0	서	280	24.85	24.06	0.24	3.3	0.33	2.5	1.5	북동	44	26.0	1010.5	-	96	
2021-07-24 11:15:00	1.2	북서	323	24.78	24.21	0.24	3.2	0.34	3.0	1.8	북동	40	25.9	1010.5	-	120	
2021-07-24 11:20:00	3.2	북북서	337	24.75	24.17	0.21	3.0	0.29	3.0	1.3	북동	34	25.9	1010.5	-	107	
2021-07-24 11:25:00	3.0	북북서	332	24.78	23.99	0.24	3.0	0.34	2.5	1.2	북동	35	26.1	1010.5	-	83	
2021-07-24 11:30:00	2.0	북북동	31	24.74	24.04	0.25	3.0	0.37	3.0	1.1	북북동	33	26.0	1010.5	-	81	
2021-07-24 11:35:00	0.8	서북서	292	24.88	23.67	0.23	3.0	0.32	3.0	1.1	북북동	32	25.9	1010.4	-	107	
2021-07-24 11:40:00	0.7	북	1	24.86	23.75	0.23	3.1	0.39	3.0	1.6	북동	46	25.7	1010.4	-	80	
2021-07-24 11:45:00	2.0	북동	56	24.71	23.71	0.24	3.3	0.35	3.0	1.8	북동	48	25.7	1010.4	-	95	
2021-07-24 11:50:00	1.9	북서	321	24.65	23.72	0.24	3.4	0.34	2.5	1.6	북동	53	25.9	1010.4	-	127	
2021-07-24 11:55:00	2.1	남남동	158	24.57	23.70	0.21	3.2	0.29	4.0	1.7	북동	48	26.0	1010.3	-	122	
2021-07-24 12:00:00	3.6	동북동	62	24.61	23.55	0.24	3.2	0.32	4.5	1.7	북동	43	26.1	1010.3	-	283	
2021-07-24 12:05:00	1.9	북북동	28	24.77	23.50	0.22	3.2	0.31	4.0	1.8	북동	48	26.1	1010.2	-	104	
2021-07-24 12:10:00	0.9	남동	146	24.88	23.55	0.20	3.3	0.32	3.0	1.4	북동	51	26.1	1010.2	-	111	
2021-07-24 12:15:00	4.3	서북서	284	25.08	23.98	0.19	3.2	0.32	3.0	1.3	북동	54	26.2	1010.2	-	267	
2021-07-24 12:20:00	4.3	북서	305	25.11	23.69	0.21	3.2	0.37	3.0	1.6	북동	52	26.2	1010.2	-	314	
2021-07-24 12:25:00	3.5	서북서	301	25.08	23.61	0.22	3.2	0.35	2.5	1.3	동북동	58	26.1	1010.2	-	97	
2021-07-24 12:30:00	3.9	서북서	287	25.02	23.76	0.20	3.2	0.28	3.0	1.1	동북동	63	26.0	1010.2	-	137	
2021-07-24 12:35:00	2.0	북	4	24.98	23.73	0.19	3.4	0.29	3.0	1.1	동북동	68	26.1	1010.1	-	198	
2021-07-24 12:40:00	1.4	서	274	24.92	23.76	0.27	2.8	0.40	2.5	1.3	동	89	26.1	1010.1	-	119	
2021-07-24 12:45:00	1.3	북북서	348	24.99	23.72	0.21	3.0	0.34	3.0	1.4	동	89	26.1	1010.1	-	78	
2021-07-24 12:50:00	2.5	북북서	328	24.94	23.75	0.20	3.5	0.29	3.0	1.3	동	82	26.2	1010.1	-	298	
2021-07-24 12:55:00	0.9	남남서	212	24.83	23.87	0.22	3.5	0.33	2.5	0.8	동	97	26.1	1010.1	-	107	
2021-07-24 13:00:00	0.6	북북서	338	24.91	23.68	0.22	3.7	0.30	4.0	0.6	동	81	26.3	1010.0	-	269	
2021-07-24 13:05:00	2.4	서북서	286	24.86	23.68	0.20	3.6	0.32	3.0	0.8	동	84	26.4	1010.0	-	200	
2021-07-24 13:10:00	4.1	서남서	256	24.89	23.73	0.18	3.6	0.24	3.0	1.0	동	97	26.3	1009.9	-	20	
2021-07-24 13:15:00	9.1	서남서	251	25.02	23.73	0.21	3.2	0.37	3.0	1.0	동	101	26.2	1009.9	-	304	
2021-07-24 13:20:00	3.4	남서	223	24.93	23.73	0.23	3.4	0.39	3.0	1.0	동남동	114	26.3	1009.8	-	132	
2021-07-24 13:25:00	0.9	서	259	24.87	23.62	0.26	3.2	0.38	3.0	1.4	동남동	115	26.2	1009.8	-	62	
2021-07-24 13:30:00	2.6	남동	126	24.48	23.86	0.27	3.9	0.41	3.5	1.7	동남동	123	26.1	1009.7	-	117	
2021-07-24 13:35:00	4.9	남남동	163	24.25	23.96	0.21	3.5	0.30	3.0	1.9	동남동	123	26.2	1009.7	-	321	
2021-07-24 13:40:00	5.9	남남동	154	24.51	23.93	0.22	3.2	0.46	3.0	2.4	동남동	122	26.2	1009.7	-	106	
2021-07-24 13:45:00	5.3	남	179	24.45	23.81	0.22	3.5	0.30	4.0	2.6	남동	135	26.2	1009.6	-	52	
2021-07-24 13:50:00	2.5	남	173	24.57	23.79	0.20	3.6	0.36	4.5	2.8	남동	136	26.3	1009.6	-	208	
2021-07-24 13:55:00	7.4	서	271	25.08	23.99	0.20	3.6	0.26	3.0	2.9	남동	135	26.3	1009.5	-	322	
2021-07-24 14:00:00	5.6	서남서	255	25.20	23.81	0.19	3.5	0.31	3.0	3.0	남동	133	26.4	1009.5	-	354	
2021-07-24 14:05:00	2.1	서	273	25.68	23.80	0.21	3.5	0.28	3.0	3.4	남동	135	26.3	1009.5	-	253	
2021-07-24 14:10:00	3.3	서남서	246	25.64	23.70	0.17	3.2	0.22	3.0	4.0	남동	138	26.2	1009.5	-	279	
2021-07-24 14:15:00	1.4	남남동	168	25.61	23.92	0.19	3.2	0.29	3.0	3.7	남동	132	26.1	1009.5	-	204	
2021-07-24 14:20:00	2.7	서	281	25.69	23.64	0.18	3.7	0.27	3.5	3.9	남동	130	26.1	1009.4	-	254	
2021-07-24 14:25:00	5.2	동북동	75	25.31	23.76	0.18	3.5	0.30	3.0	3.7	남동	132	26.2	1009.4	-	221	
2021-07-24 14:30:00	7.2	동북동	60	24.90	23.66	0.22	3.4	0.39	3.5	4.2	남동	132	26.2	1009.4	-	97	
2021-07-24 14:35:00	4.3	동	84	25.10	23.71	0.18	3.4	0.30	3.0	4.6	남동	129	26.3	1009.4	-	253	
2021-07-24 14:40:00	5.9	동	87	24.78	23.67	0.20	3.5	0.31	3.5	4.5	남동	129	26.3	1009.4	-	272	
2021-07-24 14:45:00	8.3	동	85	24.76	23.67	0.22	3.7	0.29	4.0	5.0	남동	130	26.3	1009.3	-	301	
2021-07-24 14:50:00	2.9	동	85	25.27	23.82	0.19	3.4	0.25	3.0	5.3	남동	129	26.3	1009.3	-	307	
2021-07-24 14:55:00	2.8	북북동	13	25.27	23.79	0.19	3.3	0.30	3.0	5.6	남동	133	26.3	1009.3	-	280	
2021-07-24 15:00:00	2.5	북	349	25.36	23.71	0.21	3.4	0.29	3.0	5.4	남동	130	26.3	1009.3	-	297	
2021-07-24 15:05:00	2.7	북북동	24	25.22	23.74	0.23	3.4	0.30	3.5	5.7	남동	129	26.3	1009.2	-	294	
2021-07-24 15:10:00	3.8	북북서	336	25.31	23.77	0.23	3.4	0.28	3.0	6.0	남동	130	26.3	1009.2	-	270	
2021-07-24 15:15:00	2.6	북북동	18	25.27	23.74	0.24	2.9	0.37	2.5	5.8	남동	129	26.3	1009.2	-	132	
2021-07-24 15:20:00	3.2	북	2	25.23	23.72	0.25	3.3	0.34	4.5	6.2	남동	130	26.3	1009.2	-	34	
2021-07-24 15:25:00	5.4	북북서	327	25.23	23.63	0.26	4.3	0.40	6.0	5.5	남동	133	26.2	1009.1	-	27	
2021-07-24 15:30:00	6.1	북	360	25.19	23.82	0.30	3.1	0.38	4.5	5.0	남동	133	26.2	1009.1	-	24	
2021-07-24 15:35:00	5.1	북	2	25.18	23.83	0.25	3.3	0.39	5.0	5.0	남동	130	26.2	1009.0	-	102	
2021-07-24 15:40:00	4.7	북	2	25.17	23.91	0.28	3.3	0.40	3.0	5.1	남동	130	26.2	1009.0	-	114	
2021-07-24 15:45:00	7.9	북	7	25.14	23.70	0.27	2.9	0.38	3.0	5.3	남동	132	26.3	1008.9	-	108	
2021-07-24 15:50:00	7.2	북동	38	25.08	23.63	0.27	2.8	0.40	2.5	5.0	남동	127	26.2	1008.9	-	108	
2021-07-24 15:55:00	7.6	북동	35	25.10	23.67	0.25	2.9	0.38	4.0	4.8	남동	129	26.2	1008.8	-	104	
2021-07-24 16:00:00	8.0	북	6	25.14	23.87	0.31	2.7	0.42	3.0	5.1	남동	131	26.2	1008.8	-	114	
2021-07-24 16:05:00	7.7	북북동	30	25.06	23.69	0.29	2.7	0.46	2.5	4.9	남동	129	26.3	1008.8	-	111	
2021-07-24 16:10:00	9.2	북북동	26	25.06	23.79	0.29	2.9	0.40	2.5	4.7	남동	130	26.5	1008.8	-	115	
2021-07-24 16:15:00	6.6	북동	37	25.04	23.83	0.31	2.7	0.50	3.0	4.5	남동	127	26.5	1008.8	-	115	
2021-07-24 16:20:00	7.4	북북동	29	24.98	23.80	0.35	2.5	0.52	2.5	4.7	남동	128	26.5	1008.8	-	102	
2021-07-24 16:25:00	9.0	북동	43	25.07	24.02	0.33	2.6	0.46	3.0	4.5	남동	129	26.4	1008.8	-	112	
2021-07-24 16:30:00	8.0	북동	41	25.05	23.94	0.34	2.5	0.46	3.0	4.7	남동	127	26.4	1008.8	-	131	
2021-07-24 16:35:00	9.6	북동	39	25.05	23.80	0.37	2.7	0.61	2.5	4.5	남동	127	26.4	1008.7	-	124	
2021-07-24 16:40:00	11.7	북북동	33	25.02	23.74	0.31	2.8	0.51	3.0	4.4	남동	129	26.4	1008.7	-	138	
2021-07-24 16:45:00	9.9	북동	44	25.01	23.88	0.31	3.0	0.51	2.5	4.6	남동	128	26.5	1008.7	-	148	
2021-07-24 16:50:00	14.5	북북동	29	25.04	23.65	0.32	2.7	0.50	2.5	4.7	남동	130	26.6	1008.6	-	116	
2021-07-24 16:55:00	11.7	북동	36	25.03	23.67	0.35	2.8	0.48	3.0	5.1	남동	129	26.6	1008.5	-	113	
2021-07-24 17:00:00	14.5	북북동	22	25.08	23.57	0.33	2.6	0.50	2.5	5.5	남동	131	26.4	1008.5	-	108	
2021-07-24 17:05:00	12.1	북	1	25.08	23.52	0.35	2.6	0.57	3.0	5.5	남동	134	26.4	1008.5	-	105	
2021-07-24 17:10:00	10.4	북북동	17	25.06	23.62	0.34	2.7	0.56	2.5	5.9	남동	135	26.5	1008.4	-	108	
2021-07-24 17:15:00	11.2	북	7	25.02	23.59	0.39	3.0	0.57	2.5	6.2	남동	132	26.4	1008.4	-	121	
2021-07-24 17:20:00	10.1	북북동	14	25.02	23.59	0.36	3.0	0.50	2.5	6.1	남동	130	26.4	1008.3	-	112	
2021-07-24 17:25:00	11.8	북	352	25.05	23.53	0.36	2.6	0.50	2.5	6.4	남동	132	26.4	1008.3	-	118	
2021-07-24 17:30:00	11.9	북	354	25.02	23.74	0.37	2.9	0.56	3.0	6.5	남동	130	26.5	1008.2	-	119	
2021-07-24 17:35:00	10.4	북	8	25.03	23.74	0.39	2.7	0.58	2.5	6.4	남동	132	26.5	1008.2	-	127	
2021-07-24 17:40:00	12.5	북	358	24.98	23.66	0.39	2.7	0.57	3.0	6.6	남동	131	26.4	1008.2	-	114	
2021-07-24 17:45:00	9.9	북	355	24.91	23.59	0.40	2.7	0.65	3.0	6.5	남동	129	26.4	1008.2	-	129	
2021-07-24 17:50:00	13.1	북	6	24.96	23.63	0.40	2.7	0.55	2.5	6.5	남동	133	26.4	1008.2	-	126	
2021-07-24 17:55:00	11.8	북	358	24.92	23.63	0.39	2.7	0.63	2.5	6.4	남동	133	26.4	1008.2	-	129	
2021-07-24 18:00:00	9.9	북	349	24.92	23.66	0.40	2.7	0.54	3.0	6.4	남동	132	26.3	1008.2	-	113	
2021-07-24 18:05:00	11.3	북	3	24.93	23.50	0.43	2.7	0.61	2.5	6.4	남동	135	26.1	1008.3	-	131	
2021-07-24 18:10:00	10.2	북	10	24.88	23.77	0.30	2.9	0.46	3.0	6.7	남동	136	26.0	1008.3	-	98	
2021-07-24 18:15:00	11.5	북북서	348	24.88	23.58	0.39	2.7	0.61	3.0	6.6	남동	134	26.0	1008.4	-	113	
2021-07-24 18:20:00	12.2	북	349	24.87	23.67	0.33	2.6	0.43	3.0	6.8	남동	138	26.0	1008.4	-	102	
2021-07-24 18:25:00	14.2	북북서	347	24.87	23.47	0.37	2.7	0.61	2.5	6.7	남동	136	26.0	1008.4	-	127	
2021-07-24 18:30:00	11.7	북	358	24.84	23.74	0.38	2.6	0.68	3.0	6.7	남동	138	26.0	1008.4	-	157	
2021-07-24 18:35:00	13.3	북북서	347	24.84	23.67	0.40	2.8	0.51	2.5	6.8	남동	138	26.0	1008.3	-	125	
2021-07-24 18:40:00	16.0	북북서	340	24.83	23.72	0.39	2.8	0.55	2.5	6.8	남동	137	26.0	1008.3	-	110	
2021-07-24 18:45:00	17.8	북북서	336	24.86	23.59	0.38	2.7	0.67	3.0	6.8	남동	138	25.9	1008.4	-	129	
2021-07-24 18:50:00	16.3	북북서	337	24.84	23.55	0.37	2.7	0.52	2.5	6.6	남동	135	25.9	1008.4	-	121	
2021-07-24 18:55:00	20.9	북북서	338	24.80	23.57	0.39	2.7	0.60	3.0	6.3	남동	133	25.9	1008.4	-	118	
2021-07-24 19:00:00	15.4	북북서	344	24.76	23.60	0.36	2.6	0.53	2.5	6.5	남동	136	25.9	1008.4	-	124	
2021-07-24 19:05:00	16.4	북북서	336	24.73	23.53	0.41	2.6	0.56	3.0	5.5	남동	132	25.8	1008.5	-	108	
2021-07-24 19:10:00	14.4	북북서	339	24.68	23.62	0.33	2.7	0.42	2.5	6.2	남동	134	25.7	1008.5	-	123	
2021-07-24 19:15:00	17.3	북북서	339	24.64	23.66	0.35	2.8	0.52	3.0	5.7	남동	136	25.7	1008.6	-	109	
2021-07-24 19:20:00	14.7	북북서	334	24.63	23.59	0.35	2.7	0.54	3.0	6.2	남동	141	25.7	1008.6	-	111	
2021-07-24 19:25:00	20.1	북북서	336	24.62	23.53	0.37	2.7	0.55	3.0	4.4	남동	143	25.9	1008.6	-	106	
2021-07-24 19:30:00	19.4	북북서	339	24.59	23.62	0.36	2.7	0.56	3.0	4.8	남동	144	25.9	1008.6	-	117	
2021-07-24 19:35:00	19.2	북북서	340	24.55	23.70	0.33	2.8	0.46	3.0	4.8	남동	134	25.7	1008.6	-	109	
2021-07-24 19:40:00	14.3	북북서	343	24.53	23.63	0.37	2.9	0.55	3.0	5.6	남동	130	25.5	1008.6	-	101	
2021-07-24 19:45:00	17.2	북북서	334	24.51	23.89	0.33	2.7	0.56	3.0	6.0	남동	137	25.4	1008.6	-	101	
2021-07-24 19:50:00	14.8	북북서	344	24.45	23.67	0.34	2.7	0.52	3.0	5.6	남동	141	25.3	1008.6	-	94	
2021-07-24 19:55:00	14.7	북북서	339	24.39	23.94	0.34	2.7	0.46	3.0	5.6	남동	136	25.3	1008.7	-	117	
2021-07-24 20:00:00	13.4	북	350	24.37	23.88	0.31	2.9	0.47	3.0	6.1	남동	139	25.3	1008.7	-	92	
2021-07-24 20:05:00	14.1	북북서	337	24.27	23.67	0.31	2.9	0.45	3.0	5.8	남동	141	25.2	1008.7	-	102	
2021-07-24 20:10:00	15.5	북북서	343	24.27	23.67	0.30	2.8	0.46	2.5	5.7	남동	139	25.2	1008.7	-	110	
2021-07-24 20:15:00	14.9	북북서	338	24.26	23.79	0.33	2.9	0.43	2.5	5.8	남동	140	25.2	1008.7	-	112	
2021-07-24 20:20:00	15.5	북북서	344	24.24	24.01	0.32	3.0	0.53	3.0	5.5	남동	139	25.2	1008.7	-	87	
2021-07-24 20:25:00	14.0	북북서	341	24.20	23.78	0.32	2.9	0.48	3.0	5.6	남동	142	25.2	1008.7	-	89	
2021-07-24 20:30:00	14.1	북	353	24.18	23.84	0.34	2.8	0.56	3.5	5.3	남동	144	25.2	1008.8	-	120	
2021-07-24 20:35:00	13.5	북	350	24.15	23.81	0.34	2.9	0.46	2.5	5.4	남동	143	25.2	1008.9	-	117	
2021-07-24 20:40:00	14.3	북북서	343	24.12	23.62	0.31	2.8	0.49	3.0	5.1	남동	142	25.2	1008.9	-	118	
2021-07-24 20:45:00	12.2	북	351	24.07	23.76	0.27	2.9	0.40	2.5	4.7	남동	142	25.1	1009.0	-	88	
2021-07-24 20:50:00	11.1	북	349	24.03	23.59	0.33	3.2	0.49	3.0	4.9	남동	145	25.1	1009.0	-	126	
2021-07-24 20:55:00	9.7	북	360	24.06	23.48	0.31	3.1	0.48	3.0	4.6	남동	146	25.1	1009.1	-	109	
2021-07-24 21:00:00	10.8	북	8	24.03	23.57	0.33	2.9	0.48	3.0	4.2	남남동	153	25.1	1009.2	-	109	
2021-07-24 21:05:00	9.9	북	4	24.02	23.49	0.31	3.1	0.55	3.0	3.7	남남동	156	25.1	1009.2	-	106	
2021-07-24 21:10:00	9.3	북	2	24.00	23.50	0.29	3.1	0.46	3.0	4.0	남남동	159	25.2	1009.2	-	108	
2021-07-24 21:15:00	10.1	북	4	23.91	23.68	0.29	3.2	0.45	3.0	4.0	남남동	155	25.2	1009.2	-	108	
2021-07-24 21:20:00	9.6	북	10	23.99	23.80	0.28	2.9	0.41	3.0	3.8	남남동	155	25.3	1009.2	-	104	
2021-07-24 21:25:00	10.0	북북동	12	23.97	23.68	0.30	3.1	0.44	3.0	3.4	남남동	162	25.2	1009.1	-	118	
2021-07-24 21:30:00	8.4	북	7	23.95	23.73	0.28	3.1	0.36	3.0	3.0	남남동	160	25.2	1009.2	-	104	
2021-07-24 21:35:00	9.3	북	2	23.92	23.81	0.28	3.1	0.37	3.5	2.8	남남동	167	25.1	1009.2	-	110	
2021-07-24 21:40:00	11.2	북	353	23.91	23.69	0.30	3.2	0.46	3.0	2.0	남	178	24.9	1009.3	-	110	
2021-07-24 21:45:00	13.0	북	356	23.90	23.63	0.26	3.3	0.38	3.0	1.0	남	191	24.8	1009.3	-	284	
2021-07-24 21:50:00	12.7	북	360	23.88	23.64	0.29	3.1	0.48	3.5	1.0	남서	219	24.7	1009.4	-	126	
2021-07-24 21:55:00	13.6	북	2	23.87	23.75	0.30	3.3	0.48	3.0	1.2	남서	229	24.8	1009.4	-	93	
2021-07-24 22:00:00	10.9	북	6	23.87	23.71	0.28	3.4	0.39	3.5	1.2	남남서	205	24.9	1009.4	-	93	
2021-07-24 22:05:00	9.5	북	355	23.83	23.79	0.25	3.4	0.37	3.5	1.4	남남서	196	25.0	1009.3	-	332	
2021-07-24 22:10:00	8.3	북	357	23.83	24.07	0.23	3.7	0.34	3.0	1.2	남	184	25.0	1009.3	-	343	
2021-07-24 22:15:00	5.8	북	4	23.82	24.24	0.27	3.3	0.39	3.0	1.3	남남동	167	24.9	1009.2	-	239	
2021-07-24 22:20:00	8.9	북	3	23.81	23.69	0.29	3.3	0.41	3.0	1.9	남남동	160	24.8	1009.2	-	100	
2021-07-24 22:25:00	8.7	북북동	12	23.77	23.84	0.25	3.4	0.39	2.5	2.0	남남동	159	24.7	1009.2	-	142	
2021-07-24 22:30:00	7.3	북	6	23.75	23.68	0.26	3.4	0.37	3.5	2.4	남남동	161	24.6	1009.1	-	274	
2021-07-24 22:35:00	9.2	북	4	23.74	23.73	0.25	3.6	0.38	3.0	1.6	남	175	24.6	1009.1	-	338	
2021-07-24 22:40:00	8.0	북북동	17	23.72	23.83	0.28	3.3	0.45	3.0	1.3	남	178	24.6	1009.1	-	284	
2021-07-24 22:45:00	7.6	북북동	19	23.69	23.86	0.26	3.5	0.37	3.5	1.1	남	178	24.6	1009.1	-	101	
2021-07-24 22:50:00	8.8	북	9	23.67	23.85	0.28	3.5	0.41	3.5	1.0	남남동	166	24.5	1009.0	-	256	
2021-07-24 22:55:00	8.3	북북동	17	23.68	23.79	0.29	4.1	0.41	4.0	1.3	남남동	165	24.5	1009.0	-	94	
2021-07-24 23:00:00	6.7	북북동	17	23.68	23.85	0.26	3.4	0.46	3.0	1.5	남남동	154	24.7	1008.9	-	319	
2021-07-24 23:05:00	6.8	북북동	18	23.68	23.89	0.23	3.7	0.30	3.0	1.6	남남동	151	24.7	1008.9	-	342	
2021-07-24 23:10:00	8.8	북북동	25	23.67	24.00	0.28	3.4	0.37	3.0	1.2	남남동	149	24.7	1008.9	-	95	
2021-07-24 23:15:00	10.2	북북동	17	23.64	23.73	0.21	3.3	0.30	2.5	1.3	남동	142	24.6	1008.9	-	308	
2021-07-24 23:20:00	9.5	북	10	23.61	23.67	0.26	3.7	0.38	3.5	1.3	남남동	150	24.6	1008.8	-	266	
2021-07-24 23:25:00	6.6	북북동	33	23.61	23.59	0.26	3.9	0.35	4.5	1.6	남동	144	24.4	1008.7	-	122	
2021-07-24 23:30:00	8.8	북동	38	23.62	23.62	0.24	3.7	0.35	3.0	2.0	남동	141	24.4	1008.7	-	142	
2021-07-24 23:35:00	7.4	북동	38	23.63	23.78	0.26	3.5	0.35	4.0	2.1	남동	133	24.4	1008.7	-	268	
2021-07-24 23:40:00	6.8	북북동	28	23.64	23.91	0.28	3.6	0.46	3.0	2.0	남동	133	24.3	1008.7	-	289	
2021-07-24 23:45:00	4.7	북북동	27	23.63	23.58	0.27	4.1	0.43	4.0	1.7	남동	139	24.3	1008.7	-	127	
2021-07-24 23:50:00	4.1	북	2	23.64	23.61	0.28	4.0	0.36	4.5	1.3	남남동	157	24.3	1008.7	-	344	
2021-07-24 23:55:00	5.5	북북동	16	23.63	23.79	0.28	3.8	0.46	4.0	0.8	남	189	24.3	1008.6	-	281	
2021-07-25 00:00:00	4.2	북북동	28	23.63	23.78	0.31	3.7	0.42	4.0	0.5	남	184	24.2	1008.5	-	135	
2021-07-25 00:05:00	5.4	북북동	28	23.61	23.84	0.25	3.6	0.41	4.0	0.2	남남서	206	24.2	1008.5	-	216	
2021-07-25 00:10:00	4.8	북	10	23.60	23.81	0.27	3.9	0.41	4.0	0.5	남남서	199	24.2	1008.4	-	282	
2021-07-25 00:15:00	3.9	북	351	23.59	23.76	0.30	3.8	0.50	4.5	0.5	서남서	245	24.1	1008.4	-	299	
2021-07-25 00:20:00	2.0	북북서	337	23.53	23.92	0.27	3.8	0.35	3.5	1.2	서북서	284	23.9	1008.4	-	188	
2021-07-25 00:25:00	4.4	북북서	344	23.50	23.83	0.25	3.8	0.35	3.5	0.8	서북서	297	23.9	1008.3	-	281	
2021-07-25 00:30:00	3.8	북북서	332	23.46	23.81	0.30	3.8	0.48	3.5	0.7	북서	310	24.0	1008.3	-	287	
2021-07-25 00:35:00	3.4	북	8	23.54	23.75	0.27	3.8	0.36	4.5	0.8	북북서	341	24.0	1008.3	-	277	
2021-07-25 00:40:00	4.2	북	2	23.57	23.12	0.25	3.5	0.37	4.0	0.7	북	351	24.0	1008.2	-	110	
2021-07-25 00:45:00	4.3	북북동	13	23.59	23.05	0.27	3.6	0.45	4.0	0.4	북	351	24.0	1008.2	-	310	
2021-07-25 00:50:00	3.2	북북서	342	23.60	22.97	0.26	3.9	0.38	3.5	0.5	북북서	334	24.0	1008.2	-	11	
2021-07-25 00:55:00	4.5	북	359	23.60	23.13	0.27	3.7	0.46	4.0	0.7	북북서	346	24.0	1008.2	-	255	
2021-07-25 01:00:00	4.5	북북서	335	23.56	23.38	0.26	3.8	0.38	4.0	1.2	북서	326	23.9	1008.2	-	127	
2021-07-25 01:05:00	3.6	동북동	72	23.57	23.41	0.30	3.8	0.44	3.5	1.1	북서	326	23.6	1008.3	-	286	
2021-07-25 01:10:00	3.1	동	82	23.52	23.99	0.26	3.9	0.42	3.5	1.3	북서	325	23.5	1008.3	-	219	
2021-07-25 01:15:00	3.8	동북동	62	23.54	23.86	0.26	3.9	0.38	3.0	1.4	북서	325	23.5	1008.3	-	287	
2021-07-25 01:20:00	2.5	동북동	73	23.59	23.81	0.26	3.8	0.42	4.0	1.3	북북서	327	23.5	1008.3	-	292	
2021-07-25 01:25:00	2.9	북동	52	23.60	23.74	0.29	4.0	0.36	4.0	1.2	북북서	339	23.5	1008.3	-	90	
2021-07-25 01:30:00	3.3	동북동	73	23.55	23.81	0.26	3.9	0.37	4.0	1.1	북	351	23.5	1008.4	-	278	
2021-07-25 01:35:00	3.2	북동	42	23.56	23.79	0.25	3.9	0.30	4.5	1.0	북북서	327	23.5	1008.3	-	294	
2021-07-25 01:40:00	2.5	북동	45	23.53	23.92	0.26	4.2	0.40	4.0	1.1	북서	315	23.4	1008.3	-	70	
2021-07-25 01:45:00	-	-	-	-	-	0.00	0.0	0.00	0.0	1.2	북서	317	23.3	1008.4	-	0	
2021-07-25 01:50:00	1.1	북동	38	23.52	23.75	0.27	3.9	0.40	3.5	0.9	북서	312	23.3	1008.4	-	278	
2021-07-25 01:55:00	3.1	동남동	113	23.52	23.70	0.26	3.6	0.37	3.0	0.3	북서	321	23.2	1008.4	-	314	
2021-07-25 02:00:00	3.0	동남동	107	23.50	23.86	0.30	4.0	0.44	4.0	0.0	북서	320	23.2	1008.4	-	291	
2021-07-25 02:05:00	2.3	동	97	23.45	23.71	0.29	3.9	0.39	4.5	0.0	북북동	18	23.1	1008.4	-	262	
2021-07-25 02:10:00	1.9	동남동	115	23.35	23.84	0.23	3.7	0.34	3.0	0.1	북	359	23.2	1008.3	-	323	
2021-07-25 02:15:00	1.4	동남동	105	23.36	23.80	0.27	3.5	0.47	3.0	0.3	북	357	23.2	1008.4	-	357	
2021-07-25 02:20:00	0.8	동남동	107	23.43	23.67	0.28	3.7	0.42	3.5	0.4	북	359	23.2	1008.3	-	301	
2021-07-25 02:25:00	1.7	동남동	123	23.35	23.73	0.27	3.9	0.40	4.0	0.3	북서	318	23.2	1008.4	-	9	
2021-07-25 02:30:00	0.8	동북동	72	23.29	23.65	0.29	3.6	0.44	4.0	0.8	북서	310	23.2	1008.4	-	281	
2021-07-25 02:35:00	0.7	남남서	194	23.27	23.69	0.25	3.7	0.35	3.5	0.8	서북서	288	23.2	1008.4	-	293	
2021-07-25 02:40:00	1.2	동	82	23.13	23.71	0.28	3.5	0.40	4.5	0.6	북서	311	23.1	1008.4	-	268	
2021-07-25 02:45:00	2.6	서북서	299	22.78	23.70	0.25	3.6	0.35	2.5	1.0	북서	313	23.0	1008.4	-	336	
2021-07-25 02:50:00	1.9	서	261	22.49	23.87	0.25	3.6	0.35	3.5	1.1	북서	311	23.1	1008.4	-	93	
2021-07-25 02:55:00	2.0	서북서	291	22.72	23.99	0.24	3.8	0.42	3.5	1.0	북서	314	23.1	1008.4	-	286	
2021-07-25 03:00:00	0.8	서남서	255	23.06	23.89	0.28	3.7	0.51	3.0	1.1	북서	308	23.2	1008.5	-	314	
2021-07-25 03:05:00	2.3	남남동	168	23.21	23.89	0.28	3.6	0.41	4.0	1.7	북서	315	23.1	1008.5	-	0	
2021-07-25 03:10:00	0.7	서남서	246	23.15	23.87	0.28	3.4	0.45	3.0	2.0	북서	323	22.8	1008.6	-	37	
2021-07-25 03:15:00	1.2	남남서	200	22.95	23.54	0.27	3.4	0.51	3.0	1.9	북서	311	22.8	1008.6	-	168	
2021-07-25 03:20:00	1.7	서	276	23.11	23.45	0.27	3.9	0.40	3.0	2.2	북서	310	22.8	1008.6	-	247	
2021-07-25 03:25:00	1.5	서	270	22.92	23.57	0.33	3.6	0.56	3.5	2.4	북서	309	22.8	1008.6	-	251	
2021-07-25 03:30:00	2.0	서북서	296	23.12	23.69	0.28	3.5	0.40	4.0	2.0	북서	312	22.8	1008.6	-	292	
2021-07-25 03:35:00	1.1	서	277	23.18	23.61	0.30	3.4	0.56	3.5	2.3	북서	317	22.9	1008.7	-	276	
2021-07-25 03:40:00	0.8	북	11	23.07	23.51	0.33	3.7	0.41	3.0	2.7	북서	318	22.9	1008.7	-	48	
2021-07-25 03:45:00	1.9	남남동	157	23.19	23.82	0.32	3.3	0.47	3.0	3.0	북서	314	22.8	1008.7	-	119	
2021-07-25 03:50:00	1.4	북북서	348	23.00	23.63	0.32	3.7	0.55	3.5	3.7	북서	312	22.8	1008.7	-	264	
2021-07-25 03:55:00	3.4	북서	325	22.85	23.55	0.27	3.4	0.41	3.5	3.8	북서	311	22.8	1008.7	-	308	
2021-07-25 04:00:00	1.8	북북서	345	22.87	23.51	0.31	3.7	0.38	3.5	3.6	북서	306	22.8	1008.8	-	135	
2021-07-25 04:05:00	2.6	북북동	30	22.96	23.44	0.27	3.4	0.37	3.0	3.4	서북서	300	22.8	1008.7	-	116	
2021-07-25 04:10:00	3.9	북북동	13	22.68	23.56	0.24	3.2	0.40	3.5	3.4	서북서	295	22.8	1008.8	-	86	
2021-07-25 04:15:00	3.9	북북동	30	22.61	23.65	0.28	3.5	0.35	3.5	3.2	서북서	297	22.9	1008.8	-	101	
2021-07-25 04:20:00	3.1	동	82	22.97	23.61	0.27	3.6	0.45	3.0	2.9	서북서	297	22.9	1008.8	-	295	
2021-07-25 04:25:00	5.0	북동	43	22.74	23.67	0.32	3.5	0.51	3.5	3.2	서북서	296	22.9	1008.8	-	128	
2021-07-25 04:30:00	4.2	북	11	22.61	24.11	0.27	3.3	0.38	4.0	3.4	서북서	295	23.0	1008.8	-	0	
2021-07-25 04:35:00	3.8	북	2	22.94	23.85	0.29	3.7	0.45	4.0	3.3	서북서	290	23.1	1008.8	-	310	
2021-07-25 04:40:00	2.6	북	6	22.66	23.96	0.27	3.7	0.41	3.0	2.6	서북서	288	23.1	1008.9	-	293	
2021-07-25 04:45:00	4.5	북	356	22.64	23.89	0.29	3.5	0.48	3.5	2.3	서북서	285	23.1	1008.9	-	299	
2021-07-25 04:50:00	4.8	북서	325	22.61	24.15	0.27	3.6	0.41	3.5	2.0	서	277	23.2	1009.0	-	327	
2021-07-25 04:55:00	5.7	북북서	331	22.66	24.02	0.29	3.6	0.39	4.0	1.6	서	278	23.2	1009.1	-	100	
2021-07-25 05:00:00	4.5	북북서	344	22.55	24.21	0.31	3.4	0.55	3.5	1.2	서북서	285	23.3	1009.0	-	294	
2021-07-25 05:05:00	4.5	북북서	335	22.62	24.09	0.23	3.5	0.34	4.0	1.1	서북서	287	23.3	1009.1	-	236	
2021-07-25 05:10:00	2.7	서	271	22.95	23.76	0.25	3.2	0.35	2.5	1.1	서	273	23.4	1009.1	-	74	
2021-07-25 05:15:00	3.2	서남서	246	23.18	23.65	0.26	3.2	0.43	3.5	1.2	서	270	23.4	1009.1	-	97	
2021-07-25 05:20:00	7.1	서남서	246	23.19	23.86	0.23	3.5	0.32	3.5	1.4	서	266	23.5	1009.1	-	301	
2021-07-25 05:25:00	2.7	서	281	23.00	23.98	0.27	3.2	0.37	3.5	1.4	서	273	23.4	1009.1	-	93	
2021-07-25 05:30:00	3.1	북서	314	22.89	23.93	0.26	3.3	0.37	3.0	1.6	서	273	23.5	1009.1	-	96	
2021-07-25 05:35:00	6.7	북	7	22.67	24.04	0.25	3.3	0.37	3.0	1.6	서	268	23.5	1009.2	-	300	
2021-07-25 05:40:00	7.5	북북동	17	22.47	23.98	0.24	3.6	0.41	3.0	1.6	서	263	23.6	1009.2	-	280	
2021-07-25 05:45:00	6.7	북북동	28	22.18	23.95	0.26	3.4	0.47	3.5	1.9	서	260	23.7	1009.3	-	310	
2021-07-25 05:50:00	7.7	북북동	34	22.06	24.05	0.25	3.4	0.38	3.0	2.1	서	261	23.8	1009.3	-	314	
2021-07-25 05:55:00	4.1	북북서	349	22.44	23.99	0.31	3.2	0.49	3.0	2.0	서	264	23.8	1009.3	-	103	
2021-07-25 06:00:00	5.3	북서	320	22.70	23.85	0.27	3.4	0.50	3.5	1.7	서	267	23.9	1009.4	-	314	
2021-07-25 06:05:00	3.9	서북서	289	22.86	23.76	0.30	3.2	0.38	2.5	1.7	서	269	23.9	1009.4	-	105	
2021-07-25 06:10:00	4.7	서북서	285	23.04	24.18	0.34	3.0	0.50	3.5	1.8	서	265	23.9	1009.4	-	110	
2021-07-25 06:15:00	6.0	서남서	248	23.27	23.94	0.29	3.0	0.48	3.0	1.4	서	268	24.0	1009.4	-	100	
2021-07-25 06:20:00	3.2	서	281	23.25	23.90	0.25	3.3	0.40	3.5	1.6	서남서	258	24.1	1009.4	-	267	
2021-07-25 06:25:00	4.8	서북서	298	23.09	24.02	0.27	3.2	0.35	2.5	1.6	서	260	24.2	1009.4	-	293	
2021-07-25 06:30:00	2.3	서	264	23.13	23.95	0.22	3.4	0.29	3.0	1.6	서	271	24.2	1009.5	-	82	
2021-07-25 06:35:00	4.9	서	260	23.23	24.02	0.23	3.2	0.42	3.0	1.5	서	273	24.2	1009.4	-	308	
2021-07-25 06:40:00	3.7	서남서	245	23.27	23.88	0.21	3.1	0.30	3.0	1.6	서	273	24.3	1009.4	-	115	
2021-07-25 06:45:00	3.1	서북서	285	23.26	23.87	0.25	3.2	0.39	3.0	1.8	서	270	24.3	1009.4	-	262	
2021-07-25 06:50:00	3.6	서남서	239	23.32	23.76	0.22	3.2	0.42	3.0	1.7	서북서	283	24.4	1009.5	-	112	
2021-07-25 06:55:00	3.4	서	267	23.32	23.84	0.23	3.3	0.36	3.0	1.5	서북서	291	24.3	1009.5	-	103	
2021-07-25 07:00:00	4.8	서	269	23.28	23.96	0.26	3.3	0.37	3.5	1.6	서북서	300	24.4	1009.4	-	300	
2021-07-25 07:05:00	4.4	서북서	301	23.25	23.83	0.26	3.2	0.33	4.0	1.9	서북서	301	24.4	1009.4	-	93	
2021-07-25 07:10:00	-	-	-	-	-	-	-	-	-	-	-	-	-	-	-	-	
2021-07-25 07:15:00	6.9	서	269	23.34	23.98	0.14	2.6	0.29	2.6	2.0	북서	304	24.3	1009.4	-	85	
2021-07-25 07:20:00	5.2	서북서	289	23.28	23.87	0.26	3.6	0.42	3.5	1.8	서북서	301	24.3	1009.5	-	277	
2021-07-25 07:25:00	6.4	서북서	296	23.16	23.94	0.24	3.2	0.41	2.5	1.2	서북서	299	24.3	1009.5	-	117	
2021-07-25 07:30:00	11.2	서남서	238	23.45	23.77	0.26	3.3	0.42	3.0	1.1	서북서	292	24.3	1009.5	-	250	
2021-07-25 07:35:00	7.4	서남서	253	23.45	23.63	0.21	3.4	0.31	3.0	1.1	서	277	24.3	1009.5	-	94	
2021-07-25 07:40:00	8.0	서남서	251	23.48	23.63	0.23	3.5	0.36	3.5	1.3	서	268	24.3	1009.5	-	308	
2021-07-25 07:45:00	10.7	서남서	238	23.50	23.90	0.22	3.1	0.32	3.5	1.4	서	271	24.4	1009.5	-	104	
2021-07-25 07:50:00	10.4	서남서	244	23.50	23.79	0.22	2.9	0.31	3.0	1.3	서	275	24.6	1009.5	-	97	
2021-07-25 07:55:00	9.3	서남서	250	23.49	23.78	0.22	3.2	0.38	3.0	1.6	서북서	289	24.6	1009.4	-	289	
2021-07-25 08:00:00	8.3	서남서	259	23.46	23.77	0.23	3.0	0.35	2.5	1.5	서북서	295	24.6	1009.4	-	52	
2021-07-25 08:05:00	8.9	서남서	256	23.47	23.88	0.26	3.0	0.38	3.0	1.4	서북서	288	24.7	1009.3	-	90	
2021-07-25 08:10:00	10.0	서남서	254	23.52	23.67	0.21	3.0	0.34	3.0	1.4	서북서	294	24.7	1009.3	-	285	
2021-07-25 08:15:00	12.6	서남서	257	23.58	23.77	0.19	3.2	0.28	3.0	1.5	서북서	300	24.8	1009.4	-	116	
2021-07-25 08:20:00	9.1	서	259	23.54	23.62	0.24	3.3	0.37	3.0	1.5	서북서	303	24.9	1009.4	-	104	
2021-07-25 08:25:00	12.4	서남서	248	23.57	23.64	0.21	3.2	0.30	3.0	1.4	서북서	295	25.1	1009.3	-	78	
2021-07-25 08:30:00	10.7	서남서	258	23.58	23.79	0.20	3.2	0.31	3.0	1.4	서북서	288	25.2	1009.3	-	113	
2021-07-25 08:35:00	12.0	서	261	23.64	23.90	0.20	3.4	0.34	3.0	1.2	서북서	299	25.3	1009.3	-	45	
2021-07-25 08:40:00	10.0	서	274	23.55	23.89	0.21	3.1	0.32	3.0	1.5	북서	314	25.3	1009.3	-	310	
2021-07-25 08:45:00	9.5	서	274	23.51	23.82	0.20	3.0	0.34	3.0	1.6	북서	313	25.4	1009.2	-	99	
2021-07-25 08:50:00	11.2	서	259	23.61	23.86	0.21	3.2	0.43	3.0	1.6	북서	320	25.5	1009.1	-	214	
2021-07-25 08:55:00	9.1	서	269	23.63	23.63	0.18	3.1	0.27	3.0	1.1	북서	320	25.7	1009.1	-	293	
2021-07-25 09:00:00	10.4	서남서	256	23.74	23.58	0.20	3.3	0.29	3.0	1.1	북서	318	25.7	1009.1	-	293	
2021-07-25 09:05:00	11.7	서	269	23.71	23.66	0.20	3.1	0.27	3.5	0.9	북서	317	25.7	1009.1	-	104	
2021-07-25 09:10:00	13.1	서	265	23.75	23.61	0.19	3.1	0.26	3.5	0.9	북	355	25.9	1009.0	-	117	
2021-07-25 09:15:00	16.3	서	272	23.79	23.56	0.20	3.1	0.35	3.0	0.9	북북동	20	25.7	1009.1	-	127	
2021-07-25 09:20:00	18.6	서	264	23.83	23.51	0.20	3.0	0.29	2.5	0.9	북북동	29	25.7	1009.0	-	116	
2021-07-25 09:25:00	19.9	서	269	23.86	23.47	0.22	3.2	0.35	3.0	1.0	북북동	26	25.8	1009.0	-	183	
2021-07-25 09:30:00	20.9	서	268	23.86	23.49	0.19	3.3	0.27	3.5	1.3	북북동	27	25.7	1008.9	-	155	
2021-07-25 09:35:00	19.3	서	264	23.91	23.46	0.19	3.4	0.30	3.0	1.3	북북동	29	25.6	1008.9	-	111	
2021-07-25 09:40:00	20.9	서	268	23.88	23.44	0.22	3.3	0.32	3.0	1.3	북북동	16	25.6	1008.9	-	313	
2021-07-25 09:45:00	18.0	서	272	23.91	23.53	0.21	3.0	0.27	2.5	1.3	북북동	13	25.6	1008.9	-	275	
2021-07-25 09:50:00	21.4	서	277	23.92	23.62	0.19	3.0	0.27	3.0	1.4	북북동	22	25.6	1008.8	-	102	
2021-07-25 09:55:00	18.7	서	279	23.93	23.35	0.20	3.0	0.26	3.5	1.8	북북동	17	25.6	1008.8	-	100	
2021-07-25 10:00:00	18.1	서	278	23.91	23.39	0.22	3.2	0.36	3.0	2.2	북북동	12	25.6	1008.8	-	72	
2021-07-25 10:05:00	19.9	서북서	284	23.94	23.56	0.19	3.1	0.31	3.5	2.6	북북동	14	25.6	1008.8	-	108	
2021-07-25 10:10:00	17.2	서	279	23.96	23.52	0.23	3.2	0.33	3.0	2.3	북	11	26.0	1008.9	-	115	
2021-07-25 10:15:00	19.2	서북서	286	23.89	23.60	0.20	3.1	0.31	2.5	2.1	북	6	26.1	1008.9	-	306	
2021-07-25 10:20:00	21.5	서북서	289	23.99	23.60	0.20	3.1	0.31	3.0	1.9	북북동	14	26.2	1008.9	-	96	
2021-07-25 10:25:00	19.4	서북서	293	24.00	23.67	0.21	3.1	0.31	3.0	1.8	북북동	21	26.2	1008.9	-	97	
2021-07-25 10:30:00	17.9	서북서	295	24.04	23.60	0.18	3.1	0.33	3.0	2.2	북북동	22	26.2	1008.9	-	310	
2021-07-25 10:35:00	15.2	북서	310	23.92	23.45	0.20	3.2	0.29	3.5	2.4	북북동	20	26.2	1008.9	-	97	
2021-07-25 10:40:00	15.7	서북서	302	23.87	23.48	0.18	3.3	0.25	3.0	2.5	북북동	12	26.2	1008.9	-	61	
2021-07-25 10:45:00	17.1	서북서	301	24.02	23.58	0.25	3.2	0.44	4.0	2.1	북북동	18	26.2	1008.9	-	24	
2021-07-25 10:50:00	14.7	서북서	300	24.10	23.37	0.21	3.3	0.28	3.0	2.2	북북동	20	26.2	1008.9	-	280	
2021-07-25 10:55:00	15.7	서북서	301	24.05	23.38	0.22	3.2	0.32	3.0	2.2	북북동	18	26.3	1008.9	-	94	
2021-07-25 11:00:00	13.7	서북서	297	24.05	23.55	0.18	3.2	0.25	3.0	2.3	북북동	17	26.3	1008.9	-	104	
2021-07-25 11:05:00	16.2	서북서	296	24.18	23.52	0.24	3.2	0.36	3.0	2.3	북북동	20	26.3	1008.9	-	268	
2021-07-25 11:10:00	16.5	북서	309	24.18	23.39	0.24	3.2	0.38	3.5	2.5	북북동	20	26.3	1008.9	-	76	
2021-07-25 11:15:00	15.4	서북서	301	24.13	23.39	0.17	3.4	0.29	3.0	2.6	북북동	20	26.3	1008.8	-	339	
2021-07-25 11:20:00	13.6	서북서	301	24.10	23.42	0.21	3.1	0.38	3.0	2.8	북북동	20	26.2	1008.7	-	16	
2021-07-25 11:25:00	13.4	북서	308	24.07	23.42	0.21	3.3	0.29	3.5	2.4	북북동	19	26.3	1008.7	-	215	
2021-07-25 11:30:00	15.6	서북서	292	24.49	23.34	0.24	3.2	0.41	3.0	2.7	북북동	25	26.4	1008.6	-	58	
2021-07-25 11:35:00	12.0	북서	311	24.17	23.41	0.21	3.1	0.30	3.0	2.6	북북동	30	26.3	1008.7	-	70	
2021-07-25 11:40:00	10.4	북북서	331	24.00	23.56	0.23	2.9	0.46	3.5	2.5	북동	35	26.0	1008.7	-	121	
2021-07-25 11:45:00	11.9	북북서	339	23.93	23.50	0.18	3.1	0.27	3.0	2.4	북동	37	26.0	1008.7	-	103	
2021-07-25 11:50:00	11.9	북북서	334	23.92	23.49	0.20	3.1	0.32	3.0	2.3	북동	39	26.4	1008.6	-	107	
2021-07-25 11:55:00	8.5	북	353	23.80	23.48	0.18	3.2	0.26	3.0	2.2	북동	50	26.5	1008.6	-	120	
2021-07-25 12:00:00	11.7	북	359	23.89	23.35	0.18	3.3	0.26	2.5	2.0	동북동	60	26.7	1008.6	-	139	
2021-07-25 12:05:00	8.5	북북동	14	23.85	23.46	0.25	3.0	0.41	3.0	2.3	동북동	62	26.7	1008.6	-	84	
2021-07-25 12:10:00	8.4	북북동	29	23.77	23.13	0.20	3.4	0.26	3.0	2.0	동북동	64	26.8	1008.6	-	228	
2021-07-25 12:15:00	9.4	북북동	31	23.78	23.37	0.19	3.4	0.31	3.5	2.1	동북동	65	26.8	1008.6	-	100	
2021-07-25 12:20:00	10.3	북	3	23.92	23.47	0.21	3.6	0.34	3.5	2.0	동북동	67	26.9	1008.6	-	96	
2021-07-25 12:25:00	5.5	북북동	21	24.16	23.90	0.24	3.2	0.42	3.0	1.8	동북동	73	26.6	1008.6	-	344	
2021-07-25 12:30:00	5.5	북	3	24.67	23.78	0.18	3.1	0.24	3.5	1.5	동북동	77	26.4	1008.6	-	108	
2021-07-25 12:35:00	3.9	북	349	24.60	23.85	0.19	3.2	0.25	3.0	1.2	동북동	69	26.4	1008.6	-	100	
2021-07-25 12:40:00	2.3	북북동	19	24.93	23.82	0.19	3.1	0.30	4.0	1.3	동북동	70	26.4	1008.5	-	122	
2021-07-25 12:45:00	3.3	북북동	16	25.01	23.61	0.18	3.4	0.32	3.5	0.9	동북동	75	26.5	1008.5	-	122	
2021-07-25 12:50:00	3.8	북	11	24.72	22.91	0.17	3.4	0.23	3.5	1.0	동	85	26.6	1008.5	-	92	
2021-07-25 12:55:00	3.8	북북동	15	24.58	22.90	0.21	3.0	0.36	3.0	0.2	동	90	26.7	1008.5	-	126	
2021-07-25 13:00:00	0.8	북	358	24.64	22.73	0.18	3.2	0.31	3.0	0.3	동북동	67	27.0	1008.4	-	119	
2021-07-25 13:05:00	4.4	북동	44	24.42	22.89	0.19	3.2	0.30	2.5	0.0	북동	49	27.1	1008.4	-	115	
2021-07-25 13:10:00	4.2	북	6	24.40	23.37	0.20	3.3	0.35	3.5	0.5	동남동	119	27.2	1008.3	-	98	
2021-07-25 13:15:00	7.5	북동	36	24.12	23.65	0.24	3.3	0.43	3.0	1.3	동남동	120	26.9	1008.3	-	137	
2021-07-25 13:20:00	3.9	동북동	73	24.17	23.83	0.22	3.2	0.42	3.0	1.5	동남동	119	26.8	1008.3	-	113	
2021-07-25 13:25:00	3.6	북동	48	24.28	23.71	0.19	3.0	0.30	2.5	2.0	동남동	121	26.7	1008.2	-	103	
2021-07-25 13:30:00	3.9	북동	49	24.30	23.54	0.21	3.3	0.29	3.5	2.4	남동	126	26.7	1008.2	-	14	
2021-07-25 13:35:00	6.3	동북동	57	24.07	23.73	0.18	3.1	0.31	3.5	2.1	동남동	119	26.6	1008.2	-	108	
2021-07-25 13:40:00	6.2	북동	50	24.07	23.62	0.18	3.3	0.22	3.0	2.1	동남동	111	26.6	1008.2	-	110	
2021-07-25 13:45:00	7.2	북동	46	24.23	23.61	0.21	3.1	0.30	3.5	2.2	동남동	102	26.6	1008.1	-	266	
2021-07-25 13:50:00	6.6	북동	44	24.30	23.54	0.19	3.3	0.25	4.5	2.4	동남동	106	26.6	1008.1	-	121	
2021-07-25 13:55:00	6.9	북동	42	24.60	23.55	0.19	3.1	0.26	3.0	2.2	동	98	26.7	1008.0	-	72	
2021-07-25 14:00:00	6.7	북동	44	24.68	23.44	0.18	3.3	0.27	2.5	2.6	동남동	106	26.6	1008.0	-	37	
2021-07-25 14:05:00	10.9	북북동	25	24.54	23.52	0.17	2.9	0.25	3.0	2.8	동남동	107	26.6	1007.9	-	302	
2021-07-25 14:10:00	10.3	북동	38	24.53	23.73	0.18	3.3	0.25	3.5	3.2	동	101	26.7	1007.9	-	275	
2021-07-25 14:15:00	11.7	북동	54	24.50	23.21	0.22	3.3	0.27	3.0	2.8	동	95	26.6	1007.9	-	119	
2021-07-25 14:20:00	10.1	북동	40	24.37	23.25	0.23	3.2	0.32	3.5	2.5	동	91	26.7	1007.8	-	86	
2021-07-25 14:25:00	9.0	북동	49	24.31	23.48	0.20	3.5	0.31	4.0	2.7	동	88	26.7	1007.8	-	293	
2021-07-25 14:30:00	6.1	북북동	26	24.65	23.46	0.21	3.1	0.29	3.0	3.1	동	94	26.8	1007.7	-	80	
2021-07-25 14:35:00	7.0	북동	38	24.45	23.47	0.22	3.3	0.37	2.5	3.1	동	101	26.8	1007.7	-	109	
2021-07-25 14:40:00	9.2	북동	49	24.23	23.35	0.25	3.2	0.40	3.0	3.0	동남동	105	26.8	1007.7	-	329	
2021-07-25 14:45:00	10.5	동북동	62	24.17	23.61	0.27	3.1	0.45	3.0	3.2	동남동	104	26.8	1007.7	-	205	
2021-07-25 14:50:00	10.3	동북동	72	24.15	23.58	0.22	3.3	0.33	3.5	3.2	동남동	107	26.8	1007.7	-	285	
2021-07-25 14:55:00	11.0	동북동	75	24.16	23.38	0.22	3.4	0.31	3.5	3.1	동남동	109	26.8	1007.6	-	316	
2021-07-25 15:00:00	13.7	동북동	76	24.13	23.31	0.20	3.5	0.32	3.0	3.4	동남동	112	26.8	1007.6	-	212	
2021-07-25 15:05:00	8.6	동	80	24.13	23.36	0.22	3.3	0.32	3.0	3.2	동남동	113	26.8	1007.6	-	231	
2021-07-25 15:10:00	10.5	동	82	24.12	23.53	0.20	3.4	0.29	4.5	2.9	동남동	115	26.8	1007.5	-	215	
2021-07-25 15:15:00	11.3	동	91	24.08	23.37	0.19	3.1	0.29	2.5	3.1	동남동	117	26.9	1007.5	-	112	
2021-07-25 15:20:00	6.4	동	84	24.11	23.60	0.16	3.1	0.24	3.0	3.1	동남동	118	26.9	1007.4	-	97	
2021-07-25 15:25:00	8.1	동	88	24.16	23.36	0.19	3.4	0.26	3.0	3.0	동남동	112	26.9	1007.4	-	107	
2021-07-25 15:30:00	7.9	동	88	24.12	23.53	0.21	3.4	0.27	3.0	3.3	동남동	113	26.9	1007.3	-	208	
2021-07-25 15:35:00	2.2	동남동	108	24.96	23.51	0.21	3.1	0.28	2.5	3.3	동남동	112	27.0	1007.3	-	281	
2021-07-25 15:40:00	0.5	서남서	257	25.67	23.59	0.20	3.4	0.26	2.5	3.2	동남동	115	27.0	1007.3	-	243	
2021-07-25 15:45:00	2.5	북북동	32	25.57	23.54	0.21	3.7	0.35	4.5	3.2	동남동	118	27.0	1007.3	-	291	
2021-07-25 15:50:00	3.4	동북동	76	24.79	23.49	0.18	3.3	0.26	3.0	3.4	동남동	120	27.0	1007.3	-	274	
2021-07-25 15:55:00	5.7	동	84	24.76	23.41	0.20	3.3	0.33	3.5	3.7	동남동	118	27.0	1007.2	-	286	
2021-07-25 16:00:00	6.5	동	92	24.71	23.42	0.21	3.5	0.36	3.0	3.8	동남동	118	27.0	1007.2	-	231	
2021-07-25 16:05:00	6.1	동북동	75	25.47	23.38	0.20	3.5	0.27	3.0	3.9	동남동	118	27.0	1007.2	-	282	
2021-07-25 16:10:00	4.2	동	86	25.10	23.61	0.19	3.4	0.32	4.5	3.9	동남동	119	26.9	1007.2	-	104	
2021-07-25 16:15:00	4.5	동북동	69	25.48	23.03	0.20	3.3	0.30	3.0	3.8	동남동	120	26.9	1007.2	-	299	
2021-07-25 16:20:00	7.4	동	79	25.27	23.19	0.21	3.7	0.37	3.0	3.8	동남동	120	26.9	1007.2	-	288	
2021-07-25 16:25:00	6.7	동	82	24.78	23.27	0.21	3.4	0.28	3.0	3.8	동남동	119	26.9	1007.1	-	290	
2021-07-25 16:30:00	4.3	동	87	24.75	23.49	0.21	3.5	0.32	3.0	4.1	동남동	122	26.9	1007.1	-	283	
2021-07-25 16:35:00	3.8	동북동	69	25.70	23.67	0.22	3.7	0.35	4.0	3.9	남동	126	26.9	1007.1	-	277	
2021-07-25 16:40:00	4.2	동북동	75	25.79	23.47	0.22	3.7	0.34	2.5	3.7	남동	125	26.9	1007.1	-	267	
2021-07-25 16:45:00	5.0	북	5	25.82	23.32	0.25	3.5	0.33	4.0	3.6	남동	124	26.9	1007.2	-	261	
2021-07-25 16:50:00	5.4	북	357	25.86	23.37	0.21	3.6	0.36	3.5	3.2	남동	124	27.0	1007.2	-	282	
2021-07-25 16:55:00	7.3	북	6	25.66	23.34	0.22	3.6	0.34	3.0	3.2	동남동	119	27.0	1007.2	-	281	
2021-07-25 17:00:00	5.1	북북동	16	25.72	23.28	0.21	3.6	0.41	3.5	3.5	남동	124	27.0	1007.2	-	275	
2021-07-25 17:05:00	3.9	동북동	56	25.74	23.21	0.20	3.4	0.30	3.5	3.7	남동	124	27.0	1007.2	-	238	
2021-07-25 17:10:00	8.9	북북동	27	25.62	23.24	0.19	3.4	0.42	3.5	3.4	동남동	120	27.0	1007.3	-	237	
2021-07-25 17:15:00	4.6	북동	45	25.59	23.20	0.26	3.4	0.46	3.5	2.9	동남동	114	27.1	1007.2	-	222	
2021-07-25 17:20:00	5.9	북북동	16	25.63	23.22	0.22	3.8	0.38	4.5	3.0	동남동	115	27.1	1007.2	-	266	
2021-07-25 17:25:00	5.1	북	9	25.60	23.01	0.25	3.6	0.42	3.5	3.4	동남동	115	27.1	1007.2	-	330	
2021-07-25 17:30:00	4.5	동북동	59	25.57	23.22	0.24	3.4	0.37	4.0	3.4	동남동	114	27.1	1007.1	-	292	
2021-07-25 17:35:00	5.9	북	8	25.58	23.18	0.23	3.7	0.31	3.0	3.1	동남동	112	27.1	1007.2	-	122	
2021-07-25 17:40:00	6.3	북	351	25.57	23.43	0.24	3.5	0.33	3.5	3.4	동남동	112	27.1	1007.2	-	105	
2021-07-25 17:45:00	5.7	북	357	25.56	23.08	0.21	3.6	0.27	3.0	3.6	동남동	116	26.9	1007.2	-	241	
2021-07-25 17:50:00	8.6	북북서	349	25.54	22.88	0.20	3.5	0.30	3.0	3.7	동남동	111	27.0	1007.1	-	264	
2021-07-25 17:55:00	6.3	북북동	13	25.53	23.09	0.20	3.3	0.28	2.5	3.4	동남동	110	27.0	1007.2	-	228	
2021-07-25 18:00:00	-	-	-	-	-	-	-	-	-	-	-	-	-	-	-	-	
2021-07-25 18:05:00	11.3	북	6	25.59	22.93	0.14	2.9	0.29	2.9	3.6	동남동	117	26.9	1007.2	-	49	
2021-07-25 18:10:00	12.2	북북서	347	25.59	23.21	0.23	3.7	0.33	4.0	3.6	동남동	116	26.9	1007.2	-	71	
2021-07-25 18:15:00	10.2	북	352	25.60	23.14	0.20	3.6	0.28	3.5	3.4	동남동	119	26.7	1007.2	-	323	
2021-07-25 18:20:00	11.2	북	355	25.49	23.43	0.20	3.4	0.27	3.0	3.7	동남동	120	26.7	1007.2	-	207	
2021-07-25 18:25:00	8.1	북북서	335	25.47	23.34	0.22	3.4	0.28	3.0	3.9	동남동	120	26.6	1007.1	-	74	
2021-07-25 18:30:00	9.1	북	353	25.34	23.45	0.22	3.5	0.37	4.0	4.1	동남동	121	26.5	1007.1	-	272	
2021-07-25 18:35:00	9.1	북	6	25.42	23.44	0.23	3.6	0.32	3.5	4.3	동남동	119	26.4	1007.1	-	295	
2021-07-25 18:40:00	9.6	북	351	25.47	23.31	0.24	3.5	0.37	4.0	4.1	동남동	120	26.4	1007.1	-	302	
2021-07-25 18:45:00	9.4	북	353	25.36	23.41	0.25	3.6	0.45	3.0	4.1	남동	125	26.3	1007.1	-	264	
2021-07-25 18:50:00	12.4	북	359	25.33	23.37	0.23	3.2	0.36	3.0	4.2	남동	127	26.3	1007.2	-	123	
2021-07-25 18:55:00	11.8	북	6	25.36	23.39	0.23	3.7	0.34	3.5	4.1	남동	125	26.2	1007.2	-	343	
2021-07-25 19:00:00	15.0	북	360	25.40	23.48	0.25	3.4	0.36	3.0	4.0	남동	126	26.2	1007.2	-	82	
2021-07-25 19:05:00	13.3	북	358	25.40	23.64	0.25	3.5	0.34	3.5	4.1	남동	128	26.2	1007.2	-	286	
2021-07-25 19:10:00	15.5	북서	324	25.42	23.30	0.24	3.7	0.37	3.0	4.3	남동	137	26.1	1007.2	-	178	
2021-07-25 19:15:00	12.6	북북서	342	25.35	23.23	0.21	3.4	0.29	4.0	4.3	남동	141	26.1	1007.2	-	242	
2021-07-25 19:20:00	20.9	북서	315	25.40	23.03	0.24	3.4	0.33	3.0	4.5	남동	144	26.2	1007.2	-	224	
2021-07-25 19:25:00	14.8	북서	323	25.36	23.04	0.23	3.3	0.33	3.0	5.3	남동	145	26.2	1007.1	-	325	
2021-07-25 19:30:00	14.1	북북서	339	25.31	23.21	0.21	3.3	0.27	3.5	5.3	남동	142	26.2	1007.1	-	130	
2021-07-25 19:35:00	14.4	북북서	340	25.31	23.13	0.26	3.6	0.38	4.0	5.1	남동	138	26.1	1007.2	-	283	
2021-07-25 19:40:00	12.2	북	358	25.26	23.13	0.26	3.0	0.42	3.5	4.8	남동	138	26.0	1007.2	-	318	
2021-07-25 19:45:00	12.7	북	7	25.19	23.14	0.26	3.2	0.40	3.5	4.6	남동	136	26.0	1007.2	-	283	
2021-07-25 19:50:00	9.4	북	353	25.05	23.17	0.28	2.9	0.41	2.5	6.5	남동	140	26.1	1007.1	-	287	
2021-07-25 19:55:00	13.2	북	355	25.08	23.49	0.27	3.1	0.37	2.5	6.8	남동	141	26.2	1007.1	-	84	
2021-07-25 20:00:00	10.6	북	11	25.06	23.45	0.26	3.2	0.34	3.0	5.7	남동	136	26.2	1007.2	-	127	
2021-07-25 20:05:00	10.9	북	1	25.02	23.57	0.28	3.0	0.39	3.0	5.0	남동	132	26.0	1007.2	-	82	
2021-07-25 20:10:00	14.1	북	358	25.03	23.67	0.29	3.1	0.39	3.0	5.0	남동	130	25.9	1007.2	-	289	
2021-07-25 20:15:00	10.4	북	11	24.98	23.80	0.27	3.2	0.37	3.0	4.9	남동	130	25.9	1007.2	-	307	
2021-07-25 20:20:00	10.2	북북동	28	24.94	23.60	0.25	3.2	0.38	3.0	4.9	남동	128	25.9	1007.3	-	303	
2021-07-25 20:25:00	9.3	북북동	26	24.90	23.84	0.25	3.4	0.50	3.5	5.0	남동	130	25.9	1007.3	-	293	
2021-07-25 20:30:00	8.9	북북동	27	24.86	23.91	0.24	3.5	0.40	4.0	4.7	남동	130	25.9	1007.4	-	226	
2021-07-25 20:35:00	7.1	북동	48	24.82	23.47	0.24	3.5	0.35	2.5	4.4	남동	132	25.8	1007.5	-	298	
2021-07-25 20:40:00	7.8	북동	35	24.81	23.38	0.23	3.7	0.31	3.0	5.0	남동	127	25.9	1007.4	-	287	
2021-07-25 20:45:00	6.7	동북동	57	24.79	23.54	0.22	3.6	0.33	3.0	4.8	남동	125	25.8	1007.5	-	323	
2021-07-25 20:50:00	5.2	북동	53	24.75	23.57	0.21	3.4	0.29	3.5	4.1	동남동	121	25.8	1007.6	-	240	
2021-07-25 20:55:00	5.6	동북동	76	24.72	23.52	0.21	3.5	0.29	3.0	4.3	동남동	121	25.7	1007.6	-	157	
2021-07-25 21:00:00	4.2	동	84	24.72	23.61	0.24	3.4	0.32	3.0	4.5	동남동	120	25.7	1007.6	-	25	
2021-07-25 21:05:00	6.5	동북동	63	24.72	23.52	0.23	3.7	0.30	3.5	4.7	남동	127	25.7	1007.6	-	107	
2021-07-25 21:10:00	8.7	동북동	58	24.72	23.60	0.22	3.5	0.33	4.0	4.9	남동	128	25.8	1007.6	-	308	
2021-07-25 21:15:00	1.9	동남동	106	24.66	23.64	0.25	3.7	0.43	3.0	4.8	남동	131	25.8	1007.6	-	285	
2021-07-25 21:20:00	5.4	북	11	24.62	23.38	0.23	3.6	0.38	3.5	4.6	남동	133	25.7	1007.7	-	306	
2021-07-25 21:25:00	5.5	북북동	21	24.63	23.46	0.32	3.5	0.54	3.0	4.4	남동	134	25.7	1007.7	-	120	
2021-07-25 21:30:00	6.8	북동	43	24.64	23.57	0.29	3.6	0.45	4.0	4.2	남동	138	25.8	1007.7	-	146	
2021-07-25 21:35:00	4.2	북동	39	24.61	23.61	0.24	3.6	0.43	3.5	4.3	남동	138	25.7	1007.8	-	84	
2021-07-25 21:40:00	2.6	북북동	30	24.59	23.71	0.24	3.4	0.33	3.5	4.2	남동	140	25.7	1007.8	-	344	
2021-07-25 21:45:00	7.3	북	355	24.59	23.78	0.23	3.9	0.33	5.0	4.3	남동	142	25.7	1007.9	-	15	
2021-07-25 21:50:00	6.0	북북동	20	24.57	23.66	0.24	3.6	0.39	3.5	4.3	남동	143	25.7	1007.9	-	330	
2021-07-25 21:55:00	4.1	북동	55	24.56	23.61	0.27	3.7	0.41	3.5	3.7	남동	144	25.6	1007.9	-	280	
2021-07-25 22:00:00	6.9	북	7	24.57	23.66	0.25	3.9	0.42	3.5	3.4	남동	145	25.6	1007.9	-	276	
2021-07-25 22:05:00	7.0	북동	41	24.56	23.60	0.26	3.3	0.35	3.0	3.5	남동	140	25.5	1007.8	-	96	
2021-07-25 22:10:00	4.5	북동	56	24.52	23.62	0.25	3.4	0.45	4.0	3.8	남동	135	25.5	1007.8	-	248	
2021-07-25 22:15:00	5.6	동북동	66	24.54	23.61	0.25	3.4	0.34	3.0	3.9	남동	134	25.6	1007.8	-	270	
2021-07-25 22:20:00	7.3	동북동	64	24.54	23.31	0.28	4.0	0.49	3.5	4.3	남동	135	25.7	1007.7	-	344	
2021-07-25 22:25:00	8.6	동북동	69	24.51	24.00	0.29	3.4	0.43	4.0	4.1	남동	137	25.7	1007.6	-	251	
2021-07-25 22:30:00	9.5	동북동	73	24.44	23.84	0.25	3.2	0.42	3.5	4.3	남동	137	25.7	1007.6	-	36	
2021-07-25 22:35:00	7.3	동	87	24.32	23.43	0.27	3.6	0.47	3.0	4.2	남동	137	25.6	1007.6	-	272	
2021-07-25 22:40:00	10.4	동	92	24.28	23.36	0.24	3.6	0.30	4.5	3.8	남동	138	25.6	1007.6	-	359	
2021-07-25 22:45:00	13.5	동	89	24.16	23.58	0.27	3.8	0.37	3.0	3.8	남동	138	25.5	1007.5	-	120	
2021-07-25 22:50:00	12.5	동	91	24.13	23.70	0.26	3.4	0.35	3.5	3.6	남동	140	25.4	1007.5	-	234	
2021-07-25 22:55:00	16.7	동	92	23.97	23.80	0.26	3.5	0.46	3.0	3.3	남동	146	25.4	1007.5	-	62	
2021-07-25 23:00:00	15.3	동	93	23.82	23.63	0.26	3.6	0.43	4.0	3.1	남남동	151	25.4	1007.5	-	5	
2021-07-25 23:05:00	16.0	동	99	23.78	23.86	0.21	3.3	0.35	3.0	2.7	남남동	151	25.3	1007.6	-	278	
2021-07-25 23:10:00	14.7	동	94	23.73	23.87	0.22	4.0	0.35	3.0	2.5	남남동	159	25.3	1007.6	-	347	
2021-07-25 23:15:00	13.2	동남동	104	23.76	23.94	0.24	3.6	0.31	4.0	1.6	남	185	25.1	1007.6	-	65	
2021-07-25 23:20:00	14.6	동남동	107	23.70	23.84	0.23	3.7	0.37	4.5	1.8	남	183	24.9	1007.6	-	263	
2021-07-25 23:25:00	14.0	동남동	115	23.67	23.84	0.25	3.6	0.39	4.0	2.3	남남동	166	24.8	1007.6	-	306	
2021-07-25 23:30:00	15.0	동남동	123	23.65	23.91	0.25	3.5	0.35	3.5	2.6	남	173	24.9	1007.5	-	271	
2021-07-25 23:35:00	13.9	동남동	123	23.57	23.89	0.25	3.5	0.47	3.0	3.0	남	181	25.1	1007.6	-	287	
2021-07-25 23:40:00	12.6	남동	140	23.06	23.82	0.22	3.4	0.30	3.5	2.7	남	175	25.1	1007.6	-	352	
2021-07-25 23:45:00	14.2	남동	142	23.51	23.67	0.26	3.4	0.33	3.0	3.1	남	176	25.1	1007.5	-	90	
2021-07-25 23:50:00	11.7	남동	136	23.07	23.83	0.25	3.7	0.41	3.0	3.4	남	169	25.3	1007.5	-	35	
2021-07-25 23:55:00	10.6	남남동	148	23.23	23.67	0.28	3.6	0.40	3.5	3.5	남남동	163	25.3	1007.5	-	142	
2021-07-26 00:00:00	11.6	남남동	157	23.17	23.83	0.29	3.6	0.43	3.5	2.8	남남동	164	25.2	1007.4	-	281	
2021-07-26 00:05:00	10.1	남남동	152	23.38	23.73	0.24	3.6	0.34	4.0	2.7	남남동	153	25.1	1007.4	-	292	
2021-07-26 00:10:00	10.6	남남동	152	23.27	23.82	0.25	3.7	0.37	3.5	2.7	남동	142	25.0	1007.4	-	267	
2021-07-26 00:15:00	9.4	남남동	162	23.23	23.82	0.23	3.8	0.30	4.0	2.2	남남동	149	24.9	1007.4	-	65	
2021-07-26 00:20:00	10.7	남남동	160	22.83	23.78	0.24	3.4	0.38	3.0	2.1	남동	143	24.8	1007.4	-	306	
2021-07-26 00:25:00	12.0	남남동	154	23.20	23.74	0.23	3.9	0.30	4.0	1.8	남동	138	24.8	1007.4	-	109	
2021-07-26 00:30:00	12.1	남남동	154	23.33	23.92	0.25	3.6	0.33	5.0	1.7	남동	140	24.7	1007.3	-	17	
2021-07-26 00:35:00	13.0	남남동	167	23.48	23.84	0.22	3.4	0.36	3.5	1.6	남동	138	24.6	1007.3	-	112	
2021-07-26 00:40:00	11.9	남	169	23.56	23.76	0.22	3.7	0.36	3.5	1.7	남동	136	24.7	1007.3	-	98	
2021-07-26 00:45:00	11.5	남	170	23.60	23.79	0.22	3.8	0.36	3.5	2.0	남동	142	24.8	1007.2	-	261	
2021-07-26 00:50:00	10.6	남	169	23.62	23.72	0.24	3.8	0.29	3.5	2.1	남동	143	24.7	1007.1	-	227	
2021-07-26 00:55:00	10.3	남	170	23.58	23.92	0.23	3.9	0.28	3.0	1.8	남동	140	24.7	1007.1	-	333	
2021-07-26 01:00:00	7.4	남	175	23.69	23.82	0.26	3.5	0.37	3.0	1.4	남남동	168	25.0	1007.1	-	102	
2021-07-26 01:05:00	7.8	남	183	23.50	23.82	0.26	3.8	0.44	3.5	1.3	남서	226	24.9	1007.1	-	118	
2021-07-26 01:10:00	8.5	남남동	168	23.58	23.85	0.25	4.0	0.31	4.0	0.8	서남서	239	25.0	1007.1	-	187	
2021-07-26 01:15:00	10.0	남남동	160	23.70	23.76	0.22	3.8	0.32	3.0	0.3	서북서	289	24.9	1007.1	-	194	
2021-07-26 01:20:00	9.5	남남동	166	23.64	23.83	0.24	3.8	0.38	4.0	0.0	남동	133	24.7	1007.1	-	256	
2021-07-26 01:25:00	9.6	남남동	168	23.67	23.76	0.23	4.0	0.34	3.5	0.1	서북서	291	24.6	1007.0	-	271	
2021-07-26 01:30:00	7.5	남남동	165	23.68	23.50	0.21	3.5	0.32	3.5	0.4	북서	315	24.6	1007.0	-	248	
2021-07-26 01:35:00	7.5	남남동	163	23.67	23.48	0.23	3.7	0.39	3.5	0.3	서북서	289	24.7	1007.0	-	272	
2021-07-26 01:40:00	7.1	남동	143	23.67	23.45	0.23	3.8	0.33	3.0	0.8	서북서	288	24.5	1007.0	-	313	
2021-07-26 01:45:00	7.5	남동	143	23.66	23.54	0.24	3.7	0.38	3.5	1.0	북서	305	24.4	1007.0	-	298	
2021-07-26 01:50:00	8.1	남동	145	23.60	23.48	0.25	3.6	0.37	3.5	1.2	북서	304	24.2	1006.9	-	242	
2021-07-26 01:55:00	7.5	남동	139	23.60	23.50	0.23	3.5	0.30	3.0	1.2	북서	312	24.2	1006.9	-	99	
2021-07-26 02:00:00	6.5	남동	145	23.60	23.64	0.22	3.5	0.26	3.0	1.4	북서	310	24.1	1006.9	-	291	
2021-07-26 02:05:00	5.1	남동	128	23.57	23.81	0.26	3.4	0.35	3.0	1.5	북서	310	24.1	1006.9	-	90	
2021-07-26 02:10:00	4.4	남동	138	23.57	23.70	0.24	3.5	0.41	3.0	1.1	북서	324	24.1	1006.9	-	154	
2021-07-26 02:15:00	5.5	남남동	168	23.49	23.79	0.23	3.4	0.34	3.5	1.2	북북서	335	24.1	1006.9	-	85	
2021-07-26 02:20:00	3.7	남남동	149	23.55	23.80	0.23	3.2	0.39	3.0	1.0	북북서	334	24.0	1006.8	-	74	
2021-07-26 02:25:00	3.5	동	99	23.57	23.72	0.22	3.2	0.33	3.0	1.1	북북서	340	24.1	1006.8	-	87	
2021-07-26 02:30:00	3.2	동	90	23.60	23.62	0.24	3.5	0.32	4.0	1.0	북북서	330	24.1	1006.8	-	101	
2021-07-26 02:35:00	1.2	남동	142	23.55	23.69	0.22	3.7	0.39	3.5	1.1	북서	304	23.9	1006.8	-	268	
2021-07-26 02:40:00	1.9	동남동	111	23.60	23.61	0.24	3.4	0.31	3.0	1.0	북서	304	23.7	1006.8	-	286	
2021-07-26 02:45:00	1.2	남남서	213	23.61	23.58	0.20	3.1	0.29	2.5	1.6	서북서	297	23.7	1006.8	-	161	
2021-07-26 02:50:00	3.7	남남서	208	23.59	23.55	0.24	3.6	0.37	3.0	1.2	서북서	295	23.6	1006.8	-	295	
2021-07-26 02:55:00	4.5	서	263	23.66	23.61	0.22	3.4	0.39	3.0	0.9	서북서	293	23.6	1006.8	-	315	
2021-07-26 03:00:00	5.1	서남서	247	23.68	23.84	0.26	3.6	0.44	3.0	1.2	북서	307	23.6	1006.7	-	336	
2021-07-26 03:05:00	2.7	남서	227	23.69	23.72	0.25	4.0	0.45	3.5	1.3	북서	313	23.6	1006.7	-	290	
2021-07-26 03:10:00	2.2	남	189	23.67	23.76	0.27	3.5	0.50	3.0	1.2	북서	315	23.6	1006.6	-	84	
2021-07-26 03:15:00	2.0	동남동	115	23.65	23.64	0.25	3.5	0.36	3.5	1.2	북서	317	23.8	1006.6	-	106	
2021-07-26 03:20:00	3.6	남	189	23.65	23.62	0.22	3.4	0.32	3.0	1.1	북북서	341	23.6	1006.6	-	125	
2021-07-26 03:25:00	3.6	남동	144	23.72	23.64	0.25	3.6	0.37	3.5	0.9	북북서	341	23.7	1006.6	-	82	
2021-07-26 03:30:00	1.4	남서	214	23.68	23.55	0.26	3.4	0.41	3.0	0.6	북	355	23.6	1006.6	-	273	
2021-07-26 03:35:00	0.9	남남서	193	23.74	23.60	0.23	3.3	0.37	3.5	0.6	서북서	301	23.6	1006.6	-	91	
2021-07-26 03:40:00	3.4	남남동	158	23.72	23.51	0.22	3.4	0.31	4.5	1.0	북서	316	23.6	1006.6	-	94	
2021-07-26 03:45:00	2.1	남	179	23.79	23.87	0.22	3.9	0.33	3.5	1.2	서북서	299	23.5	1006.6	-	308	
2021-07-26 03:50:00	3.6	북동	44	22.56	24.21	0.24	3.6	0.34	3.5	1.6	북서	319	23.5	1006.6	-	269	
2021-07-26 03:55:00	4.6	남남서	195	23.71	23.86	0.25	3.1	0.43	3.0	1.8	북서	310	23.5	1006.6	-	79	
2021-07-26 04:00:00	4.7	남	180	23.79	23.79	0.22	3.4	0.30	3.0	1.8	서북서	301	23.6	1006.6	-	84	
2021-07-26 04:05:00	5.0	남남동	167	23.80	23.87	0.22	3.6	0.31	3.0	2.0	북서	305	23.6	1006.6	-	262	
2021-07-26 04:10:00	0.7	동북동	66	23.61	23.86	0.24	3.4	0.34	3.0	1.9	서북서	300	23.6	1006.7	-	173	
2021-07-26 04:15:00	2.2	동남동	108	23.39	23.69	0.27	3.6	0.40	3.5	1.4	서북서	289	23.6	1006.7	-	352	
2021-07-26 04:20:00	4.9	남남서	196	23.76	23.70	0.22	3.4	0.32	3.0	1.3	서북서	290	23.7	1006.6	-	109	
2021-07-26 04:25:00	6.3	동	82	22.73	23.71	0.24	3.4	0.36	3.5	1.4	서북서	288	23.7	1006.6	-	7	
2021-07-26 04:30:00	6.5	남	170	23.68	23.80	0.22	3.2	0.32	3.5	1.3	서북서	285	23.7	1006.6	-	324	
2021-07-26 04:35:00	6.6	동북동	73	22.86	23.75	0.24	3.3	0.35	3.0	1.2	서북서	294	23.7	1006.5	-	352	
2021-07-26 04:40:00	5.0	남	170	23.56	23.84	0.21	3.3	0.31	3.5	1.0	서북서	297	23.8	1006.4	-	117	
2021-07-26 04:45:00	6.4	남남동	163	23.81	23.62	0.22	3.0	0.34	2.5	1.0	서북서	288	23.9	1006.4	-	72	
2021-07-26 04:50:00	6.7	남남동	153	23.80	23.70	0.25	3.2	0.38	3.0	1.2	서	263	23.9	1006.4	-	64	
2021-07-26 04:55:00	-	-	-	-	-	-	-	-	-	-	-	-	-	-	-	-	
2021-07-26 05:00:00	6.3	남	180	23.84	23.90	0.16	2.5	0.32	2.5	1.4	서	267	23.8	1006.4	-	90	
2021-07-26 05:05:00	5.0	남	185	23.73	22.99	0.20	3.1	0.29	3.0	1.3	서	277	23.8	1006.4	-	114	
2021-07-26 05:10:00	8.3	남남서	200	23.82	22.99	0.24	3.5	0.35	4.0	1.5	서	274	23.9	1006.4	-	339	
2021-07-26 05:15:00	9.8	남	180	23.86	23.36	0.23	3.4	0.32	3.0	1.6	서	268	23.9	1006.4	-	91	
2021-07-26 05:20:00	9.4	남	182	23.89	23.52	0.21	3.8	0.30	3.5	1.5	서	270	24.0	1006.4	-	218	
2021-07-26 05:25:00	8.0	남	180	23.89	23.40	0.24	3.2	0.29	3.0	1.3	서	267	24.1	1006.4	-	92	
2021-07-26 05:30:00	9.2	남	191	23.91	23.29	0.22	3.3	0.31	3.0	1.2	서남서	256	24.0	1006.5	-	104	
2021-07-26 05:35:00	9.9	남남서	192	23.91	23.52	0.19	3.2	0.32	3.0	1.3	서남서	257	24.0	1006.5	-	110	
2021-07-26 05:40:00	9.6	남	182	23.94	23.49	0.21	3.1	0.36	3.5	1.4	서	267	24.1	1006.6	-	319	
2021-07-26 05:45:00	9.9	남	188	23.99	23.37	0.19	3.8	0.30	3.0	1.3	서북서	282	24.1	1006.6	-	100	
2021-07-26 05:50:00	10.9	남	189	24.03	23.40	0.22	3.6	0.33	4.5	1.3	서북서	287	24.1	1006.6	-	74	
2021-07-26 05:55:00	12.1	남남서	207	24.09	23.01	0.20	3.2	0.27	3.5	1.4	서북서	293	24.1	1006.7	-	336	
2021-07-26 06:00:00	10.7	남남서	200	24.11	22.88	0.22	3.0	0.39	3.0	1.7	북서	313	24.1	1006.7	-	102	
2021-07-26 06:05:00	10.5	남남서	200	24.19	22.79	0.22	3.5	0.28	3.0	1.6	북서	324	24.2	1006.7	-	300	
2021-07-26 06:10:00	10.4	남남서	204	24.18	22.76	0.22	3.3	0.30	3.0	2.2	북북서	329	24.3	1006.7	-	272	
2021-07-26 06:15:00	10.7	남남서	192	24.14	22.60	0.23	3.4	0.37	3.0	3.0	북서	326	24.4	1006.7	-	88	
2021-07-26 06:20:00	9.4	남남서	201	24.16	22.62	0.21	3.3	0.31	3.0	2.7	북서	317	24.5	1006.7	-	114	
2021-07-26 06:25:00	9.2	남	174	23.98	22.66	0.20	3.8	0.29	3.5	2.7	북서	315	24.6	1006.7	-	303	
2021-07-26 06:30:00	7.7	남남동	161	23.94	22.62	0.20	3.2	0.29	5.0	2.6	북서	311	24.7	1006.8	-	128	
2021-07-26 06:35:00	5.4	남남동	169	23.94	22.81	0.23	3.4	0.34	3.0	1.8	북서	305	24.7	1006.8	-	340	
2021-07-26 06:40:00	8.5	남	186	23.88	22.74	0.20	3.5	0.32	4.0	1.7	서북서	293	24.7	1006.9	-	253	
2021-07-26 06:45:00	7.6	남	181	23.86	23.01	0.21	3.3	0.36	4.5	1.6	서	277	24.7	1006.9	-	96	
2021-07-26 06:50:00	6.6	남남동	158	23.55	23.30	0.21	3.4	0.29	3.0	1.6	서	279	24.8	1006.9	-	199	
2021-07-26 06:55:00	6.7	남동	140	23.20	23.39	0.22	3.5	0.39	3.0	1.6	서북서	286	24.8	1006.9	-	118	
2021-07-26 07:00:00	7.4	남남동	161	23.28	23.41	0.24	3.6	0.36	4.5	1.5	서북서	292	24.8	1007.0	-	126	
2021-07-26 07:05:00	8.0	남남동	150	23.20	23.15	0.20	3.3	0.27	3.0	1.5	서북서	296	24.8	1007.0	-	84	
2021-07-26 07:10:00	8.9	남동	136	23.12	23.37	0.22	3.6	0.32	3.5	1.2	서북서	297	24.8	1007.0	-	167	
2021-07-26 07:15:00	9.9	남동	133	23.12	23.40	0.22	3.5	0.30	3.0	1.2	서북서	292	24.9	1007.0	-	85	
2021-07-26 07:20:00	12.5	남동	134	22.73	23.26	0.22	3.2	0.29	3.0	1.2	서북서	302	25.0	1007.0	-	108	
2021-07-26 07:25:00	13.3	동남동	116	22.82	23.39	0.22	3.4	0.32	3.5	1.1	서북서	299	25.1	1007.0	-	157	
2021-07-26 07:30:00	13.3	동남동	119	22.88	23.36	0.23	3.4	0.31	3.0	1.2	서북서	290	25.1	1007.0	-	294	
2021-07-26 07:35:00	12.9	동남동	116	23.10	23.29	0.27	3.4	0.42	4.0	1.3	서북서	302	25.1	1007.0	-	346	
2021-07-26 07:40:00	13.9	동남동	118	23.00	23.39	0.26	3.4	0.40	3.5	1.3	북북서	329	25.2	1007.0	-	92	
2021-07-26 07:45:00	11.5	동남동	117	22.83	23.40	0.23	3.6	0.30	3.0	1.1	북북서	338	25.5	1007.0	-	318	
2021-07-26 07:50:00	12.1	동남동	122	23.16	23.28	0.24	3.3	0.37	3.5	0.8	북북서	344	25.6	1007.0	-	75	
2021-07-26 07:55:00	11.5	동남동	123	23.48	23.40	0.20	3.6	0.29	3.0	0.4	북북서	341	25.8	1007.0	-	290	
2021-07-26 08:00:00	12.4	남동	125	23.29	23.28	0.25	3.2	0.39	3.0	0.4	북북서	327	25.8	1007.0	-	82	
2021-07-26 08:05:00	13.3	남동	128	23.33	23.41	0.22	3.4	0.31	3.5	0.3	북서	307	25.8	1007.1	-	262	
2021-07-26 08:10:00	7.3	남동	140	23.07	23.44	0.23	3.2	0.33	3.0	0.2	서북서	290	25.9	1007.1	-	98	
2021-07-26 08:15:00	9.1	남동	125	23.50	23.41	0.23	3.5	0.34	3.5	0.1	서	277	26.6	1007.1	-	237	
2021-07-26 08:20:00	6.0	남동	125	23.82	23.24	0.23	3.4	0.32	4.0	0.0	서남서	257	27.4	1007.1	-	265	
2021-07-26 08:25:00	8.5	남동	138	23.48	23.18	0.19	3.2	0.31	2.5	0.0	남동	125	27.9	1007.1	-	78	
2021-07-26 08:30:00	7.6	남	191	24.40	23.11	0.24	3.7	0.37	3.5	0.5	동남동	122	27.3	1007.1	-	195	
2021-07-26 08:35:00	10.0	남남서	207	24.53	23.18	0.22	3.7	0.32	3.5	0.7	동남동	110	26.4	1007.2	-	319	
2021-07-26 08:40:00	8.6	남남서	210	24.52	23.01	0.22	3.3	0.35	4.0	0.7	동남동	107	26.2	1007.1	-	291	
2021-07-26 08:45:00	13.3	남서	219	24.73	22.69	0.21	3.2	0.33	3.0	1.0	동남동	115	26.4	1007.1	-	288	
2021-07-26 08:50:00	13.1	남서	223	24.70	22.50	0.22	3.7	0.34	4.5	1.3	동남동	115	26.3	1007.0	-	175	
2021-07-26 08:55:00	8.6	남남서	207	24.62	22.49	0.19	3.2	0.27	3.5	1.2	동남동	102	26.3	1007.0	-	98	
2021-07-26 09:00:00	9.9	남서	217	24.76	23.00	0.20	3.2	0.34	3.0	1.1	동	82	26.2	1007.0	-	296	
2021-07-26 09:05:00	5.7	남남서	210	24.71	23.32	0.23	3.5	0.29	3.5	1.0	동북동	68	26.3	1007.0	-	268	
2021-07-26 09:10:00	6.7	남서	220	24.64	23.16	0.20	3.4	0.29	3.0	0.8	북동	46	26.4	1006.9	-	97	
2021-07-26 09:15:00	6.0	남남서	191	24.71	23.23	0.20	3.5	0.31	3.5	1.0	북북동	32	26.4	1006.9	-	271	
2021-07-26 09:20:00	7.4	남	181	24.75	22.92	0.20	3.3	0.26	3.5	1.1	북북동	21	26.3	1006.9	-	108	
2021-07-26 09:25:00	7.0	남	187	24.65	22.86	0.23	3.5	0.38	3.5	1.4	북북동	29	26.3	1006.9	-	249	
2021-07-26 09:30:00	4.9	남남서	194	24.73	22.94	0.23	3.4	0.32	3.0	1.4	북동	37	26.3	1006.9	-	240	
2021-07-26 09:35:00	5.9	남	177	24.73	22.94	0.18	3.3	0.32	3.0	1.5	북동	48	26.3	1006.9	-	281	
2021-07-26 09:40:00	7.0	남	173	24.60	22.99	0.21	3.5	0.32	3.5	1.5	북동	55	26.3	1007.0	-	289	
2021-07-26 09:45:00	5.2	남동	136	24.49	22.94	0.18	3.4	0.24	3.5	1.4	북동	56	26.3	1007.0	-	81	
2021-07-26 09:50:00	3.9	동남동	121	24.55	22.91	0.19	3.5	0.26	3.0	1.4	동북동	61	26.4	1006.9	-	6	
2021-07-26 09:55:00	4.3	남동	129	24.37	22.87	0.19	3.1	0.29	3.0	1.6	동북동	72	26.4	1006.9	-	290	
2021-07-26 10:00:00	7.8	동남동	111	24.37	22.87	0.23	3.3	0.37	3.0	1.8	동북동	69	26.4	1006.8	-	248	
2021-07-26 10:05:00	7.3	동	99	24.19	22.93	0.20	3.4	0.30	3.5	1.7	동북동	69	26.4	1006.8	-	291	
2021-07-26 10:10:00	11.4	동	98	24.15	23.06	0.19	3.6	0.34	3.5	1.8	동북동	73	26.4	1006.9	-	263	
2021-07-26 10:15:00	13.9	동	100	24.10	23.17	0.19	3.5	0.27	3.0	1.9	동북동	70	26.3	1006.9	-	219	
2021-07-26 10:20:00	14.1	동	98	24.34	23.10	0.19	3.6	0.27	3.5	2.1	동북동	71	26.3	1006.8	-	249	
2021-07-26 10:25:00	10.7	동남동	103	24.48	22.98	0.21	3.4	0.29	3.5	1.9	동북동	71	26.3	1006.9	-	39	
2021-07-26 10:30:00	11.0	동남동	113	24.62	22.96	0.21	3.4	0.28	3.5	2.0	동북동	72	26.4	1006.9	-	211	
2021-07-26 10:35:00	12.5	동남동	110	24.70	23.07	0.20	3.4	0.34	3.0	1.8	동북동	69	26.5	1006.9	-	62	
2021-07-26 10:40:00	10.5	동남동	120	24.78	22.98	0.20	3.3	0.27	3.0	2.0	동북동	64	26.6	1006.9	-	28	
2021-07-26 10:45:00	12.2	남동	127	24.81	23.02	0.20	3.3	0.31	3.5	2.1	동북동	61	26.6	1007.0	-	253	
2021-07-26 10:50:00	10.4	남동	140	24.97	23.11	0.18	3.3	0.29	3.0	2.2	동북동	61	26.6	1007.0	-	309	
2021-07-26 10:55:00	9.9	남동	138	24.95	23.05	0.18	3.6	0.28	3.0	2.1	동북동	58	26.7	1007.0	-	195	
2021-07-26 11:00:00	9.9	남동	134	25.08	23.00	0.18	3.8	0.26	3.0	2.1	북동	55	26.7	1007.0	-	255	
2021-07-26 11:05:00	7.8	남동	144	25.03	22.95	0.17	3.4	0.21	3.5	2.0	동북동	59	26.8	1006.9	-	237	
2021-07-26 11:10:00	7.8	남남동	163	25.12	23.19	0.18	3.8	0.27	3.5	1.9	북동	55	26.8	1006.9	-	163	
2021-07-26 11:15:00	7.5	남동	144	25.02	23.35	0.22	3.0	0.43	3.5	1.9	동북동	57	26.9	1006.9	-	126	
2021-07-26 11:20:00	8.8	동남동	118	24.86	23.38	0.21	3.9	0.29	5.5	1.8	동북동	58	27.0	1006.9	-	121	
2021-07-26 11:25:00	8.4	남동	125	24.79	23.46	0.19	3.2	0.27	2.5	1.9	동북동	60	27.0	1006.8	-	48	
2021-07-26 11:30:00	12.6	남동	125	24.80	23.38	0.18	3.5	0.27	3.0	1.9	동북동	61	27.1	1006.8	-	265	
2021-07-26 11:35:00	9.8	동남동	120	24.40	23.56	0.21	3.5	0.28	4.0	1.8	동북동	60	27.1	1006.7	-	97	
2021-07-26 11:40:00	9.5	남동	129	24.63	23.35	0.19	3.6	0.29	3.5	1.9	동북동	64	27.1	1006.7	-	289	
2021-07-26 11:45:00	9.1	남남동	161	25.11	23.32	0.19	3.7	0.28	3.0	1.9	동북동	77	27.2	1006.7	-	273	
2021-07-26 11:50:00	10.7	남동	143	24.85	23.04	0.18	3.5	0.25	3.5	1.9	동	86	27.2	1006.7	-	177	
2021-07-26 11:55:00	7.4	남동	132	24.93	23.47	0.17	3.5	0.27	3.5	1.8	동남동	104	27.2	1006.7	-	214	
2021-07-26 12:00:00	6.7	남동	144	24.56	23.35	0.17	3.6	0.26	3.0	2.1	동남동	103	27.1	1006.7	-	308	
2021-07-26 12:05:00	7.5	남남서	194	25.14	23.55	0.17	3.6	0.24	4.0	2.8	동남동	110	27.0	1006.7	-	252	
2021-07-26 12:10:00	8.9	남남동	161	25.40	23.24	0.18	3.6	0.25	3.5	2.9	동남동	116	27.0	1006.7	-	266	
2021-07-26 12:15:00	7.5	남동	140	25.14	23.21	0.18	4.2	0.26	3.5	3.4	동남동	114	26.9	1006.8	-	264	
2021-07-26 12:20:00	7.5	남남서	195	25.64	23.37	0.17	4.0	0.28	5.0	3.6	동남동	114	26.9	1006.8	-	339	
2021-07-26 12:25:00	8.6	남서	233	25.90	23.25	0.21	4.3	0.30	3.0	4.1	동남동	116	26.8	1006.8	-	179	
2021-07-26 12:30:00	5.3	남동	146	25.19	23.09	0.18	3.5	0.27	3.5	4.3	동남동	121	26.8	1006.8	-	232	
2021-07-26 12:35:00	6.5	남동	124	24.89	23.13	0.19	3.8	0.27	3.0	4.2	남동	125	26.7	1006.7	-	215	
2021-07-26 12:40:00	5.4	남남동	164	25.29	23.02	0.20	3.5	0.30	3.5	3.8	남동	124	26.7	1006.7	-	240	
2021-07-26 12:45:00	7.2	남동	134	24.81	22.93	0.18	3.6	0.29	3.0	3.7	남동	124	26.7	1006.7	-	280	
2021-07-26 12:50:00	7.3	남남동	155	24.75	22.95	0.16	3.5	0.30	3.5	3.5	동남동	122	26.7	1006.7	-	238	
2021-07-26 12:55:00	9.6	남동	140	24.74	23.01	0.16	3.7	0.26	3.0	3.7	남동	125	26.6	1006.6	-	247	
2021-07-26 13:00:00	9.0	남동	134	24.84	23.14	0.22	3.5	0.31	3.0	3.5	동남동	123	26.6	1006.6	-	256	
2021-07-26 13:05:00	8.7	남동	140	24.73	23.10	0.22	3.7	0.30	3.5	3.4	동남동	121	26.6	1006.6	-	259	
2021-07-26 13:10:00	9.9	남동	127	24.77	23.22	0.19	3.7	0.34	3.5	3.7	동남동	120	26.6	1006.5	-	126	
2021-07-26 13:15:00	-	-	-	-	-	-	-	-	-	-	-	-	-	-	-	-	
2021-07-26 13:20:00	12.9	남동	127	24.78	23.21	0.06	2.6	0.13	2.6	3.7	동남동	117	26.7	1006.4	-	265	
2021-07-26 13:25:00	9.2	남동	129	24.79	23.28	0.18	3.7	0.24	3.5	3.8	동남동	117	26.6	1006.4	-	262	
2021-07-26 13:30:00	9.0	동남동	123	24.82	23.25	0.17	3.8	0.28	3.5	4.1	동남동	120	26.6	1006.3	-	270	
2021-07-26 13:35:00	6.9	동남동	116	24.89	23.35	0.17	3.7	0.28	3.0	4.1	동남동	122	26.6	1006.2	-	256	
2021-07-26 13:40:00	2.7	남남동	159	25.19	23.41	0.20	3.6	0.25	4.5	3.9	남동	125	26.6	1006.2	-	280	
2021-07-26 13:45:00	2.0	남남동	156	25.77	23.11	0.21	3.4	0.27	3.0	3.4	동남동	123	26.6	1006.2	-	274	
2021-07-26 13:50:00	3.1	남남동	152	25.33	23.26	0.18	3.6	0.26	4.0	3.7	동남동	121	26.7	1006.1	-	248	
2021-07-26 13:55:00	5.0	남동	135	25.29	23.25	0.18	3.7	0.30	3.5	3.6	동남동	121	26.6	1006.1	-	250	
2021-07-26 14:00:00	0.0	북동	44	25.89	23.25	0.17	3.6	0.27	3.5	3.8	동남동	122	26.7	1006.0	-	307	
2021-07-26 14:05:00	3.1	동남동	117	25.83	23.14	0.18	3.8	0.25	3.5	3.8	남동	124	26.6	1006.0	-	341	
2021-07-26 14:10:00	5.8	남동	141	25.39	23.31	0.20	3.5	0.32	3.0	3.6	남동	126	26.7	1006.0	-	318	
2021-07-26 14:15:00	3.5	남남동	168	25.74	23.29	0.17	3.5	0.27	3.5	3.5	남동	125	26.7	1006.0	-	292	
2021-07-26 14:20:00	2.1	남남동	159	25.88	23.32	0.18	3.9	0.29	3.5	3.7	동남동	123	26.7	1006.0	-	209	
2021-07-26 14:25:00	5.2	남동	143	25.52	23.23	0.20	3.9	0.30	3.5	4.0	동남동	121	26.7	1005.9	-	322	
2021-07-26 14:30:00	1.2	남동	145	25.50	23.22	0.20	3.6	0.31	3.5	4.1	동남동	121	26.7	1005.9	-	271	
2021-07-26 14:35:00	1.6	동남동	115	25.58	23.56	0.19	3.8	0.25	3.5	4.2	남동	125	26.8	1005.8	-	237	
2021-07-26 14:40:00	2.8	남남동	164	25.83	23.29	0.19	3.8	0.30	3.0	4.1	남동	124	26.8	1005.7	-	227	
2021-07-26 14:45:00	3.6	남남동	150	25.57	23.23	0.19	3.9	0.29	5.0	4.4	남동	124	26.8	1005.7	-	204	
2021-07-26 14:50:00	3.8	남동	146	25.71	23.13	0.19	3.7	0.31	3.0	5.0	남동	127	26.8	1005.6	-	15	
2021-07-26 14:55:00	1.4	남남동	168	25.86	23.23	0.20	3.8	0.30	4.5	5.0	남동	125	26.8	1005.5	-	212	
2021-07-26 15:00:00	1.8	북	353	25.88	23.34	0.18	3.9	0.29	4.0	5.1	남동	126	26.8	1005.5	-	272	
2021-07-26 15:05:00	3.8	서북서	303	25.90	23.19	0.19	3.6	0.31	4.0	5.0	남동	128	26.8	1005.5	-	13	
2021-07-26 15:10:00	1.5	북서	326	25.93	23.20	0.21	3.5	0.29	3.0	4.5	남동	124	26.8	1005.4	-	284	
2021-07-26 15:15:00	3.2	동북동	62	25.83	23.18	0.25	3.4	0.40	3.0	4.2	남동	125	26.8	1005.4	-	268	
2021-07-26 15:20:00	2.1	북	2	25.84	23.17	0.20	3.5	0.31	2.5	3.7	동남동	123	26.8	1005.3	-	287	
2021-07-26 15:25:00	3.1	서	278	25.88	23.18	0.17	3.3	0.25	4.0	3.9	동남동	123	26.8	1005.3	-	273	
2021-07-26 15:30:00	0.3	동남동	102	25.73	23.14	0.17	3.4	0.26	3.5	3.8	동남동	122	26.9	1005.2	-	263	
2021-07-26 15:35:00	2.6	동북동	58	25.80	23.23	0.17	3.6	0.29	4.0	3.8	동남동	118	26.9	1005.2	-	253	
2021-07-26 15:40:00	2.6	남남동	159	25.75	22.71	0.16	3.2	0.23	3.0	3.6	동남동	117	26.9	1005.2	-	294	
2021-07-26 15:45:00	1.6	동	92	25.75	22.66	0.17	3.4	0.23	3.0	3.3	동남동	114	26.9	1005.2	-	88	
2021-07-26 15:50:00	2.8	남남동	156	25.63	22.66	0.19	3.3	0.28	4.0	3.1	동남동	118	26.9	1005.1	-	279	
2021-07-26 15:55:00	4.4	동남동	114	25.58	22.74	0.22	3.5	0.28	4.0	4.2	남동	125	26.9	1005.1	-	267	
2021-07-26 16:00:00	4.2	동남동	119	25.53	22.83	0.27	3.2	0.54	5.0	4.8	남동	130	26.9	1005.1	-	103	
2021-07-26 16:05:00	4.5	남남동	155	25.41	22.92	0.22	3.4	0.37	3.0	5.0	남동	125	26.9	1005.1	-	282	
2021-07-26 16:10:00	5.9	남동	141	25.44	23.11	0.29	2.9	0.42	3.0	4.9	남동	124	26.9	1005.0	-	120	
2021-07-26 16:15:00	4.8	동남동	124	25.39	22.94	0.31	2.9	0.43	2.5	5.3	남동	125	26.9	1005.0	-	119	
2021-07-26 16:20:00	7.9	남동	127	25.30	23.16	0.26	2.8	0.37	3.0	5.6	남동	125	26.9	1004.9	-	289	
2021-07-26 16:25:00	6.1	남동	134	25.38	23.15	0.26	2.9	0.37	3.0	5.4	동남동	123	26.9	1004.9	-	85	
2021-07-26 16:30:00	7.1	동남동	109	25.40	23.05	0.28	2.9	0.42	3.0	5.1	남동	125	26.9	1005.0	-	95	
2021-07-26 16:35:00	5.1	동남동	112	25.38	23.15	0.28	3.0	0.40	3.0	4.8	동남동	121	26.9	1005.0	-	113	
2021-07-26 16:40:00	3.5	남동	142	25.40	22.95	0.29	2.8	0.39	2.5	4.3	동남동	121	26.9	1004.9	-	109	
2021-07-26 16:45:00	6.3	동남동	108	25.44	22.97	0.28	2.8	0.40	2.5	4.2	남동	126	26.9	1004.9	-	102	
2021-07-26 16:50:00	3.0	동북동	79	25.51	22.97	0.24	2.8	0.32	3.0	4.2	남동	127	26.9	1004.9	-	59	
2021-07-26 16:55:00	4.0	동	81	25.42	23.08	0.25	2.8	0.36	2.5	4.2	동남동	123	26.9	1004.8	-	101	
2021-07-26 17:00:00	1.6	북동	41	25.64	23.06	0.25	3.1	0.37	3.0	4.3	동남동	121	26.9	1004.8	-	68	
2021-07-26 17:05:00	3.3	북	358	25.79	23.20	0.25	2.8	0.33	2.5	4.2	동남동	119	26.8	1004.8	-	93	
2021-07-26 17:10:00	5.4	북	3	25.85	23.31	0.24	2.7	0.32	2.5	3.8	동남동	118	26.8	1004.8	-	112	
2021-07-26 17:15:00	5.4	북	4	25.85	23.25	0.26	3.3	0.37	3.0	3.9	동남동	122	26.8	1004.8	-	150	
2021-07-26 17:20:00	5.5	북	7	25.80	23.17	0.21	3.2	0.37	3.0	3.8	동남동	121	26.8	1004.7	-	111	
2021-07-26 17:25:00	4.5	북북동	17	25.78	23.16	0.23	3.4	0.38	4.0	3.3	동남동	117	26.8	1004.7	-	292	
2021-07-26 17:30:00	3.9	북	9	25.78	23.21	0.22	3.4	0.33	4.0	2.8	동남동	111	26.7	1004.7	-	300	
2021-07-26 17:35:00	4.8	북동	39	25.80	22.93	0.16	3.2	0.23	4.5	3.4	남동	127	26.7	1004.6	-	26	
2021-07-26 17:40:00	6.1	북북동	21	25.85	23.18	0.19	3.5	0.25	2.5	4.8	남동	129	26.7	1004.6	-	296	
2021-07-26 17:45:00	6.7	북북동	26	25.81	23.20	0.21	3.3	0.31	4.0	4.4	남동	124	26.7	1004.6	-	135	
2021-07-26 17:50:00	8.0	북동	43	25.77	23.29	0.20	3.2	0.28	3.0	4.0	남동	124	26.8	1004.6	-	283	
2021-07-26 17:55:00	6.0	북북동	24	25.73	23.20	0.22	3.4	0.43	4.0	3.9	남동	125	26.8	1004.6	-	234	
2021-07-26 18:00:00	7.2	북북동	26	25.70	23.22	0.22	3.1	0.37	2.5	4.0	남동	125	26.8	1004.7	-	123	
2021-07-26 18:05:00	5.1	북북동	15	25.72	23.19	0.19	3.1	0.27	3.0	3.8	동남동	122	26.8	1004.7	-	224	
2021-07-26 18:10:00	6.7	북동	45	25.71	23.21	0.21	3.4	0.27	3.0	4.1	동남동	120	26.9	1004.7	-	118	
2021-07-26 18:15:00	7.1	북동	46	25.72	23.11	0.17	3.7	0.24	3.0	4.0	동남동	115	26.9	1004.7	-	90	
2021-07-26 18:20:00	2.8	북북동	31	25.71	23.35	0.19	3.5	0.31	3.5	4.1	동남동	119	26.8	1004.7	-	295	
2021-07-26 18:25:00	4.5	동	87	25.28	23.33	0.18	3.8	0.35	3.0	4.1	동남동	120	26.7	1004.7	-	258	
2021-07-26 18:30:00	6.9	동북동	76	25.45	23.26	0.17	3.7	0.24	2.5	4.3	동남동	121	26.7	1004.7	-	244	
2021-07-26 18:35:00	5.9	동	86	25.53	23.21	0.15	3.9	0.21	3.0	4.3	동남동	120	26.7	1004.8	-	280	
2021-07-26 18:40:00	10.2	동북동	75	25.66	23.08	0.18	3.5	0.25	3.5	4.4	동남동	123	26.7	1004.8	-	291	
2021-07-26 18:45:00	11.6	동	94	25.25	23.36	0.15	3.6	0.21	3.5	4.1	남동	125	26.7	1004.9	-	295	
2021-07-26 18:50:00	10.8	동	97	25.51	23.25	0.17	3.9	0.29	3.5	4.1	동남동	123	26.7	1004.9	-	218	
2021-07-26 18:55:00	11.1	동남동	112	25.27	23.30	0.20	3.9	0.30	5.0	4.5	동남동	120	26.6	1004.9	-	123	
2021-07-26 19:00:00	8.4	동남동	113	25.13	23.22	0.21	3.9	0.32	3.5	4.4	동남동	123	26.6	1004.9	-	187	
2021-07-26 19:05:00	10.6	동남동	117	25.27	23.21	0.19	3.1	0.29	2.5	4.3	남동	125	26.5	1005.0	-	196	
2021-07-26 19:10:00	9.9	동남동	114	25.14	23.19	0.22	3.6	0.29	4.5	4.4	남동	125	26.5	1005.0	-	190	
2021-07-26 19:15:00	9.6	동남동	108	25.23	23.26	0.19	3.8	0.28	3.5	4.4	남동	124	26.5	1005.0	-	267	
2021-07-26 19:20:00	13.2	남동	136	25.18	23.27	0.20	3.7	0.31	3.0	4.3	남동	125	26.4	1005.0	-	258	
2021-07-26 19:25:00	12.9	동	97	25.30	23.32	0.17	3.5	0.25	4.0	4.1	남동	126	26.4	1005.0	-	209	
2021-07-26 19:30:00	12.0	동남동	105	25.30	23.53	0.21	3.3	0.29	3.0	4.2	남동	133	26.4	1005.1	-	220	
2021-07-26 19:35:00	12.0	동남동	112	25.26	23.52	0.20	3.8	0.29	4.0	4.0	남동	141	26.3	1005.1	-	139	
2021-07-26 19:40:00	12.7	동남동	103	25.34	23.37	0.17	3.1	0.23	4.0	3.5	남동	142	26.2	1005.2	-	249	
2021-07-26 19:45:00	13.6	동남동	107	25.28	23.59	0.22	3.4	0.29	3.0	3.8	남동	139	26.1	1005.1	-	274	
2021-07-26 19:50:00	13.7	동남동	105	25.19	23.68	0.21	3.3	0.30	3.0	3.8	남동	142	26.1	1005.1	-	330	
2021-07-26 19:55:00	12.3	동남동	116	25.03	23.57	0.25	3.2	0.43	3.0	3.9	남동	138	26.1	1005.1	-	204	
2021-07-26 20:00:00	15.8	동남동	116	24.86	23.63	0.23	3.4	0.35	2.5	3.5	남동	136	26.1	1005.1	-	271	
2021-07-26 20:05:00	18.0	동남동	123	24.77	23.56	0.20	3.0	0.28	4.5	3.5	남동	137	26.1	1005.2	-	103	
2021-07-26 20:10:00	15.9	남동	127	24.58	23.51	0.19	3.2	0.31	3.0	3.6	남동	143	26.0	1005.2	-	50	
2021-07-26 20:15:00	17.7	동남동	118	24.82	23.97	0.22	3.3	0.30	2.5	3.5	남동	145	26.0	1005.3	-	126	
2021-07-26 20:20:00	18.5	동남동	123	24.60	23.76	0.21	3.4	0.31	4.5	3.7	남동	144	26.0	1005.3	-	315	
2021-07-26 20:25:00	18.3	동남동	117	24.68	23.88	0.18	3.5	0.29	3.0	3.7	남동	142	26.0	1005.3	-	211	
2021-07-26 20:30:00	17.3	동남동	115	24.82	23.97	0.20	3.1	0.27	3.0	3.1	남남동	148	26.1	1005.4	-	89	
2021-07-26 20:35:00	17.7	동남동	113	24.87	23.76	0.21	3.2	0.27	3.5	3.4	남동	145	26.0	1005.4	-	95	
2021-07-26 20:40:00	15.4	동남동	107	24.91	23.84	0.22	3.3	0.38	3.5	3.4	남동	146	26.1	1005.4	-	298	
2021-07-26 20:45:00	15.3	동남동	114	24.86	23.88	0.20	3.6	0.31	4.5	3.0	남동	145	26.1	1005.4	-	120	
2021-07-26 20:50:00	15.6	동남동	111	24.94	23.98	0.24	3.7	0.37	3.5	3.0	남동	141	26.1	1005.5	-	191	
2021-07-26 20:55:00	11.8	동남동	107	24.86	23.90	0.18	3.4	0.27	4.5	3.1	남동	139	26.1	1005.5	-	84	
2021-07-26 21:00:00	14.3	동남동	117	24.78	23.92	0.21	3.6	0.37	3.5	3.2	남동	136	26.1	1005.5	-	283	
2021-07-26 21:05:00	11.1	동남동	117	24.69	24.12	0.21	3.4	0.37	3.0	3.4	남동	134	26.0	1005.5	-	285	
2021-07-26 21:10:00	14.1	동남동	115	24.69	24.20	0.20	3.5	0.30	3.0	3.3	남동	132	26.0	1005.6	-	237	
2021-07-26 21:15:00	13.6	동남동	120	24.73	23.97	0.20	3.2	0.30	3.0	3.3	남동	132	25.9	1005.5	-	101	
2021-07-26 21:20:00	14.4	동남동	110	24.63	23.93	0.20	3.4	0.26	3.0	3.3	남동	130	25.9	1005.6	-	307	
2021-07-26 21:25:00	12.0	동남동	107	24.64	23.95	0.20	3.4	0.27	3.0	3.3	남동	129	25.9	1005.6	-	88	
2021-07-26 21:30:00	13.5	동남동	115	24.71	23.76	0.20	3.4	0.31	4.0	3.3	남동	130	25.8	1005.6	-	116	
2021-07-26 21:35:00	10.0	동	100	24.83	23.11	0.20	3.8	0.27	3.5	3.2	남동	129	25.7	1005.6	-	118	
2021-07-26 21:40:00	11.2	동	98	24.86	23.58	0.17	3.3	0.23	3.5	3.2	남동	137	25.7	1005.6	-	81	
2021-07-26 21:45:00	13.3	동	98	24.83	23.70	0.19	3.6	0.24	3.0	2.7	남동	142	25.7	1005.6	-	295	
2021-07-26 21:50:00	10.4	동남동	103	24.78	23.47	0.19	3.6	0.25	5.0	2.6	남동	146	25.7	1005.6	-	134	
2021-07-26 21:55:00	9.3	동남동	112	24.73	23.51	0.18	4.1	0.27	4.5	2.4	남동	144	25.6	1005.6	-	275	
2021-07-26 22:00:00	9.4	동남동	112	24.61	23.42	0.15	3.3	0.21	3.5	2.2	남동	144	25.6	1005.6	-	281	
2021-07-26 22:05:00	9.4	동남동	121	24.60	23.44	0.16	3.3	0.24	3.0	1.8	남동	143	25.5	1005.6	-	122	
2021-07-26 22:10:00	5.9	동남동	121	24.75	23.45	0.19	3.3	0.30	3.0	1.6	남동	138	25.5	1005.6	-	98	
2021-07-26 22:15:00	8.0	동남동	119	24.70	23.56	0.16	3.1	0.27	3.0	1.5	남동	132	25.5	1005.6	-	99	
2021-07-26 22:20:00	11.7	남동	124	24.68	23.60	0.18	3.5	0.25	3.0	1.5	남동	130	25.4	1005.6	-	294	
2021-07-26 22:25:00	9.8	남동	130	24.75	23.79	0.19	3.6	0.27	3.0	1.3	남동	138	25.4	1005.6	-	98	
2021-07-26 22:30:00	12.5	남동	131	24.58	23.65	0.17	3.1	0.23	3.0	1.2	남동	145	25.3	1005.6	-	100	
2021-07-26 22:35:00	14.2	남동	130	24.57	23.69	0.18	3.2	0.25	3.5	0.9	남동	137	25.4	1005.6	-	338	
2021-07-26 22:40:00	11.5	남동	135	24.55	23.78	0.17	3.6	0.24	3.5	0.4	동남동	123	25.4	1005.6	-	96	
2021-07-26 22:45:00	13.9	남남동	147	24.42	23.79	0.17	3.0	0.24	3.0	0.1	서북서	285	25.4	1005.6	-	86	
2021-07-26 22:50:00	11.6	남남동	154	24.32	23.73	0.15	3.1	0.20	3.0	0.0	북북동	33	25.4	1005.6	-	102	
2021-07-26 22:55:00	14.3	남남동	158	24.28	23.85	0.15	3.3	0.23	3.0	0.7	서북서	292	25.4	1005.7	-	129	
2021-07-26 23:00:00	14.3	남남동	160	24.27	24.17	0.18	3.3	0.31	3.0	1.0	북서	311	25.4	1005.7	-	249	
2021-07-26 23:05:00	11.8	남남동	155	24.47	23.91	0.17	3.3	0.28	3.0	1.8	북서	326	25.5	1005.7	-	116	
2021-07-26 23:10:00	12.2	남남동	151	24.44	23.87	0.16	3.1	0.22	4.5	1.4	북서	322	25.4	1005.7	-	70	
2021-07-26 23:15:00	11.3	남남동	159	24.38	23.36	0.15	2.9	0.23	3.0	1.8	북서	306	25.4	1005.7	-	91	
2021-07-26 23:20:00	11.7	남남동	152	24.43	23.63	0.18	3.1	0.24	2.5	1.8	북서	309	25.3	1005.7	-	107	
2021-07-26 23:25:00	10.5	남남동	155	24.43	23.51	0.16	3.5	0.27	3.5	1.4	북서	306	25.2	1005.7	-	252	
2021-07-26 23:30:00	9.7	남남동	162	24.41	23.23	0.17	3.2	0.27	3.0	1.8	서북서	298	25.2	1005.6	-	95	
2021-07-26 23:35:00	9.6	남남동	167	24.45	23.60	0.18	3.3	0.24	3.5	2.0	서북서	294	25.1	1005.7	-	91	
2021-07-26 23:40:00	11.3	남남동	164	24.41	23.44	0.16	3.6	0.23	3.5	1.9	서북서	295	25.1	1005.6	-	106	
2021-07-26 23:45:00	7.6	남	176	24.49	23.72	0.17	3.4	0.25	2.5	1.8	서북서	298	25.1	1005.6	-	98	
2021-07-26 23:50:00	6.9	남	182	24.58	23.81	0.16	3.2	0.22	2.5	1.7	서북서	303	25.1	1005.6	-	94	
2021-07-26 23:55:00	5.8	남	186	24.62	23.64	0.17	3.2	0.29	2.5	1.6	서북서	290	25.0	1005.5	-	101	
2021-07-27 00:00:00	6.4	남	171	24.58	23.56	0.17	3.0	0.30	3.0	1.8	서북서	290	25.0	1005.5	-	80	
2021-07-27 00:05:00	8.4	남	183	24.40	23.75	0.14	2.9	0.21	3.0	1.9	서북서	295	24.9	1005.5	-	119	
2021-07-27 00:10:00	5.8	남	181	24.63	23.48	0.17	3.2	0.31	3.0	2.0	서북서	295	24.9	1005.5	-	113	
2021-07-27 00:15:00	6.9	남	181	24.67	23.40	0.14	3.2	0.25	3.0	1.7	서북서	294	24.9	1005.4	-	94	
2021-07-27 00:20:00	6.7	남	190	24.69	23.39	0.16	3.4	0.25	4.0	1.5	서북서	294	24.9	1005.4	-	235	
2021-07-27 00:25:00	6.7	남	171	24.58	23.45	0.17	3.6	0.23	3.0	2.0	서북서	282	24.9	1005.3	-	206	
2021-07-27 00:30:00	8.2	남남서	201	24.60	23.71	0.14	3.1	0.18	3.0	2.0	서	279	24.8	1005.3	-	112	
2021-07-27 00:35:00	8.5	남	191	24.66	23.76	0.17	2.9	0.24	2.5	1.8	서북서	282	24.8	1005.3	-	96	
2021-07-27 00:40:00	8.1	남	183	24.64	23.67	0.17	3.3	0.25	3.0	1.5	서북서	284	24.9	1005.2	-	104	
2021-07-27 00:45:00	8.5	남남서	198	24.73	23.47	0.16	3.0	0.23	3.0	1.3	서북서	289	24.9	1005.2	-	88	
2021-07-27 00:50:00	9.0	남남서	198	24.82	23.37	0.17	2.9	0.24	3.0	1.0	서북서	291	24.9	1005.1	-	117	
2021-07-27 00:55:00	8.2	남남서	193	24.85	23.57	0.18	3.0	0.24	2.5	0.9	서북서	291	24.9	1005.1	-	111	
2021-07-27 01:00:00	8.0	남	180	24.81	23.50	0.17	3.4	0.23	3.0	0.7	서북서	286	24.9	1005.1	-	78	
2021-07-27 01:05:00	7.5	남	181	24.85	23.44	0.16	3.0	0.23	2.5	0.5	서	272	24.8	1005.1	-	128	
2021-07-27 01:10:00	7.1	남	172	24.87	23.49	0.16	3.3	0.24	4.0	0.0	서북서	286	24.8	1005.0	-	105	
2021-07-27 01:15:00	6.7	남	176	24.87	23.78	0.16	3.0	0.24	3.0	0.3	북서	312	24.8	1005.0	-	113	
2021-07-27 01:20:00	9.1	남남동	157	24.87	23.72	0.20	2.7	0.30	3.0	0.0	북서	315	24.8	1005.0	-	106	
2021-07-27 01:25:00	7.7	남동	141	24.89	23.72	0.17	3.2	0.25	4.0	0.0	서	259	24.8	1005.0	-	253	
2021-07-27 01:30:00	7.5	남동	141	24.83	23.69	0.19	3.2	0.27	3.5	0.3	남	176	24.8	1004.9	-	99	
2021-07-27 01:35:00	7.4	남남동	150	24.79	23.71	0.17	3.3	0.23	4.0	0.7	남남동	163	24.8	1004.9	-	67	
2021-07-27 01:40:00	9.3	남동	135	24.80	23.64	0.16	3.2	0.22	3.0	0.8	남남동	162	24.9	1005.0	-	109	
2021-07-27 01:45:00	8.9	남동	145	24.81	24.06	0.18	2.9	0.29	2.5	0.5	남	186	24.8	1005.0	-	109	
2021-07-27 01:50:00	8.8	남동	134	24.85	23.68	0.19	3.0	0.33	3.0	0.3	남남서	195	24.7	1005.0	-	107	
2021-07-27 01:55:00	9.1	남동	124	24.80	23.69	0.16	3.2	0.26	3.0	0.3	남	186	24.7	1005.0	-	129	
2021-07-27 02:00:00	9.8	남동	141	24.71	23.70	0.17	3.0	0.27	3.5	0.6	남남서	192	24.7	1005.0	-	115	
2021-07-27 02:05:00	11.2	남동	138	24.82	23.79	0.18	3.1	0.27	4.5	0.2	남서	214	24.7	1005.0	-	101	
2021-07-27 02:10:00	9.8	남남동	153	24.86	23.83	0.15	3.3	0.23	3.0	0.0	남	175	24.7	1005.0	-	112	
2021-07-27 02:15:00	9.6	남남동	162	24.85	23.74	0.15	3.1	0.21	2.5	0.0	남	182	24.6	1004.9	-	124	
2021-07-27 02:20:00	12.4	남남동	160	24.85	23.64	0.17	3.2	0.26	3.0	0.0	서	266	24.6	1004.9	-	102	
2021-07-27 02:25:00	11.0	남남동	150	24.86	23.69	0.15	3.3	0.18	2.5	0.0	서	281	24.6	1005.0	-	283	
2021-07-27 02:30:00	13.7	남남동	152	24.88	23.69	0.16	3.1	0.25	3.0	0.0	북북서	331	24.7	1005.0	-	83	
2021-07-27 02:35:00	13.6	남남동	147	24.92	23.67	0.16	3.3	0.23	2.5	0.0	북서	321	24.7	1005.0	-	105	
2021-07-27 02:40:00	11.7	남남동	158	24.92	23.65	0.15	3.3	0.25	3.5	0.3	북북서	331	24.7	1004.9	-	254	
2021-07-27 02:45:00	11.5	남남동	150	24.93	23.65	0.19	3.3	0.26	2.5	0.4	북북서	328	24.7	1004.9	-	95	
2021-07-27 02:50:00	15.9	남동	146	24.82	23.63	0.17	3.1	0.27	3.5	0.2	북북서	336	24.7	1005.0	-	93	
2021-07-27 02:55:00	13.1	남동	131	24.76	23.64	0.16	3.2	0.24	3.5	0.5	북북서	331	24.7	1005.0	-	230	
2021-07-27 03:00:00	16.3	남동	141	24.81	23.70	0.17	3.3	0.25	2.5	1.0	북서	323	24.6	1005.0	-	12	
2021-07-27 03:05:00	16.6	남동	144	24.85	23.79	0.15	3.1	0.24	3.0	1.0	북북서	327	24.5	1005.0	-	96	
2021-07-27 03:10:00	16.3	남남동	156	24.88	23.62	0.17	3.7	0.24	4.0	1.3	북서	321	24.5	1005.0	-	121	
2021-07-27 03:15:00	15.1	남남동	158	24.83	23.64	0.18	3.2	0.25	3.0	1.7	북서	322	24.6	1005.0	-	152	
2021-07-27 03:20:00	15.5	남남동	163	24.82	23.56	0.19	3.4	0.28	3.0	1.8	북서	322	24.6	1005.0	-	113	
2021-07-27 03:25:00	13.6	남남동	162	24.81	23.78	0.16	3.5	0.24	4.0	2.0	북서	322	24.6	1005.1	-	190	
2021-07-27 03:30:00	13.9	남	171	24.79	23.71	0.21	3.3	0.33	3.0	1.6	북서	316	24.6	1005.1	-	155	
2021-07-27 03:35:00	13.7	남남동	155	24.75	23.60	0.17	3.5	0.26	4.5	1.7	북서	309	24.5	1005.1	-	126	
2021-07-27 03:40:00	10.5	남동	145	24.74	23.56	0.18	3.5	0.28	5.0	1.9	북서	306	24.6	1005.0	-	49	
2021-07-27 03:45:00	12.3	남동	139	24.74	23.49	0.18	3.5	0.24	4.0	1.9	서북서	301	24.5	1005.0	-	315	
2021-07-27 03:50:00	12.5	남동	140	24.74	23.30	0.15	3.3	0.19	2.5	1.9	북서	305	24.5	1005.0	-	89	
2021-07-27 03:55:00	13.8	남동	128	24.79	23.28	0.14	3.2	0.21	3.0	1.7	북서	312	24.6	1005.0	-	287	
2021-07-27 04:00:00	13.2	동남동	121	24.81	23.26	0.17	3.4	0.30	3.5	1.6	북서	316	24.6	1004.9	-	312	
2021-07-27 04:05:00	13.1	남동	126	24.83	23.28	0.16	3.2	0.26	3.5	1.8	북서	320	24.7	1005.0	-	137	
2021-07-27 04:10:00	12.9	남동	136	24.85	23.16	0.14	3.3	0.20	3.5	1.8	북서	312	24.7	1005.0	-	133	
2021-07-27 04:15:00	11.7	남동	134	24.85	23.12	0.14	3.1	0.20	2.5	2.0	북서	307	24.7	1005.0	-	237	
2021-07-27 04:20:00	12.1	남동	131	24.83	23.14	0.15	3.4	0.27	3.0	2.2	북서	311	24.7	1005.0	-	89	
2021-07-27 04:25:00	11.9	남남동	151	24.93	23.15	0.19	3.1	0.26	3.0	2.1	북서	313	24.7	1005.0	-	334	
2021-07-27 04:30:00	10.7	남동	137	24.90	23.15	0.18	3.1	0.28	3.0	2.2	서북서	301	24.7	1005.0	-	327	
2021-07-27 04:35:00	11.0	남남동	163	24.88	23.08	0.17	2.9	0.27	3.0	2.5	서북서	299	24.7	1005.0	-	346	
2021-07-27 04:40:00	11.1	남남동	149	24.82	23.18	0.15	3.1	0.24	3.0	2.5	서북서	301	24.7	1005.0	-	329	
2021-07-27 04:45:00	9.6	남남동	154	24.78	23.04	0.15	3.5	0.23	3.0	2.6	서북서	294	24.8	1005.0	-	81	
2021-07-27 04:50:00	9.6	남남동	160	24.78	22.92	0.14	3.4	0.20	2.5	2.3	서북서	288	24.7	1005.0	-	250	
2021-07-27 04:55:00	10.6	남남동	158	24.75	22.95	0.14	3.4	0.19	3.5	2.5	서북서	288	24.7	1005.0	-	242	
2021-07-27 05:00:00	11.7	남동	142	24.74	22.97	0.12	3.7	0.17	5.5	2.4	서	281	24.7	1005.1	-	270	
2021-07-27 05:05:00	13.3	남동	143	24.75	22.96	0.13	3.2	0.18	3.0	2.2	서북서	289	24.7	1005.1	-	121	
2021-07-27 05:10:00	12.0	남남동	149	24.75	22.93	0.14	3.9	0.18	3.0	2.1	서북서	298	24.7	1005.1	-	219	
2021-07-27 05:15:00	13.3	남동	139	24.76	23.05	0.17	3.4	0.29	3.0	2.7	서북서	303	24.7	1005.1	-	239	
2021-07-27 05:20:00	11.4	남동	140	24.78	22.96	0.16	3.7	0.30	3.0	2.0	북서	306	24.8	1005.1	-	120	
2021-07-27 05:25:00	13.0	남동	145	24.81	22.91	0.12	3.4	0.17	4.0	1.8	북서	317	24.7	1005.1	-	347	
2021-07-27 05:30:00	11.4	남남동	148	24.82	22.90	0.13	3.6	0.18	3.5	1.1	북서	316	24.8	1005.2	-	323	
2021-07-27 05:35:00	14.0	남남동	166	24.92	22.82	0.14	3.7	0.20	3.5	1.0	서	278	24.8	1005.1	-	312	
2021-07-27 05:40:00	14.8	남	172	24.95	22.76	0.12	3.8	0.15	5.0	1.4	서	272	24.8	1005.2	-	251	
2021-07-27 05:45:00	17.0	남	174	24.98	22.75	0.14	3.7	0.24	5.0	1.5	서북서	290	24.8	1005.2	-	240	
2021-07-27 05:50:00	13.6	남	171	24.98	22.80	0.13	3.9	0.22	3.0	1.4	서북서	286	24.8	1005.2	-	119	
2021-07-27 05:55:00	13.3	남	189	25.08	22.73	0.12	4.1	0.17	8.5	1.5	서북서	282	24.8	1005.2	-	223	
2021-07-27 06:00:00	11.2	남	172	25.02	22.82	0.13	3.7	0.22	5.0	1.1	서북서	286	24.9	1005.2	-	298	
2021-07-27 06:05:00	9.6	남남동	162	24.94	22.65	0.13	4.1	0.19	4.0	1.1	서	276	24.9	1005.2	-	271	
2021-07-27 06:10:00	9.1	남남동	160	25.01	22.82	0.13	3.6	0.21	3.0	1.3	서	269	25.0	1005.2	-	71	
2021-07-27 06:15:00	9.0	남	174	25.16	22.91	0.16	3.8	0.21	3.5	1.3	서	263	25.0	1005.2	-	32	
2021-07-27 06:20:00	10.1	남	173	25.16	22.79	0.18	2.8	0.29	2.5	1.3	서	262	25.1	1005.1	-	158	
2021-07-27 06:25:00	8.7	남남동	153	25.10	22.70	0.13	3.9	0.18	3.5	1.4	서남서	248	25.3	1005.2	-	91	
2021-07-27 06:30:00	7.8	남남동	159	25.11	22.79	0.14	4.1	0.20	4.0	1.5	남서	236	25.4	1005.2	-	38	
2021-07-27 06:35:00	8.9	남남동	147	25.13	22.71	0.14	3.9	0.19	5.0	1.0	남서	230	25.8	1005.2	-	317	
2021-07-27 06:40:00	9.7	남	170	25.27	22.67	0.11	3.1	0.15	2.5	0.4	남서	225	26.0	1005.1	-	93	
2021-07-27 06:45:00	-	-	-	-	-	-	-	-	-	-	-	-	-	-	-	-	
2021-07-27 06:50:00	9.7	남남서	197	25.30	22.73	0.13	3.6	0.19	4.5	0.0	서북서	292	26.7	1005.2	-	251	
2021-07-27 06:55:00	10.2	남	191	25.31	22.94	0.13	3.4	0.20	3.0	0.0	북북서	338	26.6	1005.2	-	53	
2021-07-27 07:00:00	10.0	남남서	197	25.33	22.74	0.13	3.6	0.23	3.0	0.7	북북서	328	26.3	1005.2	-	243	
2021-07-27 07:05:00	11.0	남남서	195	25.33	22.91	0.14	3.1	0.22	4.0	1.3	북서	323	26.0	1005.2	-	284	
2021-07-27 07:10:00	8.4	남	176	25.31	23.00	0.13	3.7	0.18	3.5	1.7	북서	320	25.8	1005.2	-	348	
2021-07-27 07:15:00	8.1	남남동	166	25.28	22.81	0.15	3.3	0.19	3.5	1.6	북서	321	25.7	1005.2	-	248	
2021-07-27 07:20:00	9.0	남	177	25.33	22.71	0.12	3.7	0.16	3.0	1.7	북서	323	25.8	1005.2	-	234	
2021-07-27 07:25:00	7.7	남남동	169	25.35	22.78	0.12	3.5	0.17	3.5	2.1	북서	322	26.0	1005.2	-	228	
2021-07-27 07:30:00	8.1	남동	134	25.28	23.02	0.15	3.6	0.23	3.5	2.2	북서	319	26.0	1005.2	-	37	
2021-07-27 07:35:00	8.0	남남동	147	25.28	22.58	0.13	3.2	0.23	3.5	2.2	북서	319	26.1	1005.1	-	79	
2021-07-27 07:40:00	7.5	남동	130	25.19	22.49	0.13	3.5	0.19	4.0	2.0	북서	319	26.2	1005.1	-	269	
2021-07-27 07:45:00	9.9	동남동	111	24.73	22.47	0.14	3.5	0.19	3.0	1.9	북서	313	26.2	1005.1	-	127	
2021-07-27 07:50:00	8.9	동남동	110	24.56	22.68	0.13	3.7	0.19	3.5	1.9	북서	315	26.3	1005.2	-	169	
2021-07-27 07:55:00	6.4	남동	142	25.04	22.70	0.12	3.8	0.20	4.0	1.9	북서	321	26.3	1005.2	-	278	
2021-07-27 08:00:00	7.0	남남동	165	25.41	22.37	0.12	3.9	0.20	4.5	2.1	북북서	328	26.3	1005.1	-	129	
2021-07-27 08:05:00	6.1	남남동	157	25.42	22.59	0.10	4.0	0.15	5.0	2.1	북북서	334	26.3	1005.2	-	181	
2021-07-27 08:10:00	6.4	남동	142	25.34	22.53	0.11	3.5	0.17	3.5	2.0	북북서	341	26.4	1005.2	-	357	
2021-07-27 08:15:00	8.7	남동	130	24.93	22.62	0.10	3.5	0.18	3.0	2.1	북북서	339	26.4	1005.2	-	252	
2021-07-27 08:20:00	8.5	남	180	25.41	22.79	0.12	3.6	0.17	3.5	2.0	북북서	331	26.4	1005.2	-	198	
2021-07-27 08:25:00	7.2	남	185	25.44	22.80	0.12	3.6	0.19	3.5	1.8	북북서	329	26.4	1005.1	-	88	
2021-07-27 08:30:00	7.7	남	176	25.44	22.56	0.13	4.2	0.19	3.5	2.1	북북서	334	26.4	1005.1	-	252	
2021-07-27 08:35:00	6.6	남동	137	25.34	22.49	0.12	3.4	0.16	3.0	2.1	북북서	346	26.4	1005.1	-	241	
2021-07-27 08:40:00	7.2	남	177	25.43	22.42	0.15	3.1	0.21	3.0	2.2	북	355	26.4	1005.1	-	343	
2021-07-27 08:45:00	6.0	남남동	167	25.37	22.39	0.12	3.9	0.17	5.5	1.9	북	1	26.4	1005.0	-	326	
2021-07-27 08:50:00	11.6	남남서	200	25.48	22.50	0.13	3.7	0.24	3.5	1.7	북	358	26.4	1005.0	-	219	
2021-07-27 08:55:00	12.7	남남서	208	25.48	22.44	0.10	3.6	0.17	3.5	2.2	북	359	26.5	1005.0	-	315	
2021-07-27 09:00:00	12.3	남남서	212	25.49	22.47	0.11	3.7	0.19	5.0	2.3	북	3	26.5	1005.0	-	45	
2021-07-27 09:05:00	8.5	남남서	210	25.47	22.51	0.11	3.7	0.15	4.0	2.0	북	9	26.5	1005.0	-	231	
2021-07-27 09:10:00	5.7	남	182	25.43	22.54	0.11	3.9	0.14	3.0	2.1	북북동	14	26.5	1005.0	-	128	
2021-07-27 09:15:00	7.8	남남서	207	25.43	22.56	0.11	3.8	0.18	3.5	2.1	북북동	17	26.5	1005.0	-	275	
2021-07-27 09:20:00	9.0	남남서	210	25.45	22.56	0.13	3.5	0.18	3.5	2.1	북북동	24	26.6	1005.0	-	11	
2021-07-27 09:25:00	8.9	남남서	208	25.43	22.53	0.13	3.7	0.17	2.5	2.5	북북동	28	26.6	1005.0	-	95	
2021-07-27 09:30:00	8.3	남남서	211	25.43	22.57	0.13	3.2	0.18	3.0	2.7	북북동	30	26.6	1005.0	-	138	
2021-07-27 09:35:00	8.8	남서	219	25.45	22.40	0.13	3.7	0.21	3.0	2.4	북북동	29	26.6	1005.0	-	125	
2021-07-27 09:40:00	5.3	남남서	197	25.41	22.78	0.11	4.0	0.14	4.5	2.6	북북동	28	26.6	1005.0	-	152	
2021-07-27 09:45:00	10.3	남남서	207	25.71	23.01	0.09	3.4	0.13	2.5	2.8	북북동	30	26.6	1005.0	-	119	
2021-07-27 09:50:00	6.0	동남동	120	25.01	22.56	0.10	4.1	0.14	4.0	2.9	북동	37	26.6	1005.0	-	182	
2021-07-27 09:55:00	3.0	남남동	160	25.34	22.97	0.11	4.1	0.17	3.5	3.0	북동	39	26.6	1005.0	-	135	
2021-07-27 10:00:00	3.6	남남동	151	25.52	22.93	0.10	3.4	0.18	3.5	2.9	북동	40	26.6	1005.0	-	57	
2021-07-27 10:05:00	7.8	동남동	105	24.46	22.84	0.11	3.5	0.15	3.0	3.0	북동	37	26.7	1004.9	-	317	
2021-07-27 10:10:00	4.6	동남동	113	25.17	22.78	0.11	3.7	0.17	6.0	3.0	북동	39	26.6	1004.9	-	77	
2021-07-27 10:15:00	1.2	남남동	162	25.45	22.76	0.11	3.6	0.16	4.0	2.8	북동	41	26.7	1004.9	-	332	
2021-07-27 10:20:00	5.9	동	87	24.72	22.69	0.12	3.2	0.16	3.0	3.0	북동	40	26.7	1004.9	-	87	
2021-07-27 10:25:00	4.2	동	91	25.05	22.82	0.12	3.5	0.16	2.5	3.2	북동	38	26.7	1004.9	-	27	
2021-07-27 10:30:00	7.1	동남동	102	24.74	22.66	0.12	3.4	0.16	3.0	3.3	북동	43	26.7	1005.0	-	5	
2021-07-27 10:35:00	3.8	남동	131	25.78	22.62	0.13	3.7	0.17	6.0	3.6	북동	47	26.7	1005.0	-	288	
2021-07-27 10:40:00	6.8	동남동	110	25.80	22.63	0.13	3.1	0.22	2.5	3.6	북동	53	26.7	1005.1	-	145	
2021-07-27 10:45:00	5.8	남동	136	25.55	22.66	0.11	3.1	0.19	3.5	3.4	북동	53	26.7	1005.1	-	116	
2021-07-27 10:50:00	7.4	남	170	25.69	23.06	0.10	3.5	0.14	4.0	3.0	북동	52	26.8	1005.1	-	90	
2021-07-27 10:55:00	7.8	동남동	117	25.68	23.01	0.10	3.5	0.14	3.0	2.8	북동	51	26.8	1005.1	-	299	
2021-07-27 11:00:00	9.3	동남동	112	25.52	23.00	0.10	3.7	0.14	4.5	3.0	동북동	63	26.8	1005.1	-	84	
2021-07-27 11:05:00	10.5	동	96	25.34	22.91	0.10	4.5	0.16	3.5	3.1	동북동	64	26.8	1005.1	-	115	
2021-07-27 11:10:00	15.5	동	96	24.54	22.79	0.10	3.7	0.12	3.0	3.2	동북동	65	26.8	1005.1	-	201	
2021-07-27 11:15:00	12.5	동	92	24.30	23.25	0.10	4.0	0.14	4.5	3.2	동북동	64	26.8	1005.1	-	4	
2021-07-27 11:20:00	16.4	동	96	24.12	23.10	0.15	3.3	0.26	3.0	3.1	동북동	61	26.8	1005.1	-	205	
2021-07-27 11:25:00	17.1	동	98	23.89	22.99	0.14	3.3	0.22	3.5	3.3	동북동	62	26.8	1005.1	-	67	
2021-07-27 11:30:00	18.2	동	97	23.66	23.16	0.12	3.5	0.17	3.0	3.4	동북동	58	26.9	1005.1	-	93	
2021-07-27 11:35:00	16.1	동	92	23.94	23.18	0.12	4.1	0.15	3.0	3.3	동북동	62	26.9	1005.1	-	9	
2021-07-27 11:40:00	6.5	동	92	25.31	23.57	0.09	3.7	0.19	4.0	3.5	동북동	66	26.9	1005.0	-	145	
2021-07-27 11:45:00	7.5	남남서	206	25.98	23.72	0.10	4.1	0.16	4.0	3.7	동북동	66	26.9	1005.0	-	299	
2021-07-27 11:50:00	8.6	남서	219	26.17	23.62	0.12	4.5	0.19	4.5	3.6	동북동	69	26.9	1005.0	-	241	
2021-07-27 11:55:00	9.0	남서	224	26.12	23.43	0.12	3.8	0.22	4.0	3.4	동북동	68	27.0	1005.0	-	42	
2021-07-27 12:00:00	9.7	남서	232	26.14	23.43	0.12	3.5	0.22	5.0	3.1	동북동	67	27.0	1005.1	-	316	
2021-07-27 12:05:00	9.8	남서	233	26.20	23.17	0.12	3.4	0.22	2.5	3.0	동북동	66	27.0	1005.1	-	293	
2021-07-27 12:10:00	10.8	서남서	237	26.43	22.52	0.11	3.9	0.16	3.5	3.0	동북동	63	27.1	1005.0	-	344	
2021-07-27 12:15:00	10.4	서남서	250	26.48	22.32	0.12	3.7	0.18	3.0	3.0	동북동	64	27.1	1005.0	-	75	
2021-07-27 12:20:00	10.1	남서	225	26.33	22.29	0.12	3.7	0.26	3.0	3.0	동북동	64	27.1	1005.0	-	91	
2021-07-27 12:25:00	11.0	서남서	240	26.43	22.56	0.11	4.0	0.14	3.0	2.9	동북동	69	27.1	1005.0	-	240	
2021-07-27 12:30:00	11.6	서남서	245	26.26	23.08	0.10	4.0	0.14	3.0	2.8	동북동	71	27.2	1005.0	-	99	
2021-07-27 12:35:00	7.7	서남서	238	26.19	22.86	0.11	3.4	0.16	5.0	2.8	동북동	70	27.2	1005.0	-	72	
2021-07-27 12:40:00	4.3	남남서	200	26.11	22.95	0.16	3.5	0.35	3.5	2.8	동북동	68	27.2	1005.0	-	110	
2021-07-27 12:45:00	3.8	남서	215	26.13	23.25	0.12	3.8	0.17	2.5	2.7	동북동	71	27.2	1005.0	-	255	
2021-07-27 12:50:00	2.8	남서	228	26.26	23.10	0.10	4.0	0.15	3.0	2.8	동북동	67	27.3	1005.0	-	201	
2021-07-27 12:55:00	5.1	남서	224	26.32	23.20	0.13	3.9	0.24	4.0	2.6	동북동	59	27.4	1005.0	-	83	
2021-07-27 13:00:00	0.9	서남서	244	26.45	23.33	0.11	4.0	0.16	3.5	2.6	동북동	60	27.4	1004.9	-	130	
2021-07-27 13:05:00	8.9	동남동	120	25.82	23.05	0.12	3.5	0.17	2.5	2.6	동북동	59	27.4	1004.9	-	208	
2021-07-27 13:10:00	3.4	남	191	26.34	23.11	0.11	4.0	0.16	3.5	2.8	동북동	58	27.4	1004.9	-	297	
2021-07-27 13:15:00	6.7	남동	139	25.32	23.11	0.13	3.5	0.18	3.5	3.0	북동	56	27.4	1004.8	-	50	
2021-07-27 13:20:00	5.6	남남동	160	26.03	23.03	0.10	3.8	0.16	2.5	2.9	동북동	62	27.5	1004.8	-	248	
2021-07-27 13:25:00	2.7	남남서	210	26.34	23.07	0.16	3.2	0.25	2.5	2.9	동북동	61	27.5	1004.8	-	31	
2021-07-27 13:30:00	3.4	남서	228	26.45	23.31	0.14	3.2	0.20	2.5	2.8	동북동	62	27.5	1004.8	-	250	
2021-07-27 13:35:00	3.5	남동	136	26.33	23.24	0.11	3.7	0.17	5.5	2.9	동북동	66	27.5	1004.7	-	178	
2021-07-27 13:40:00	4.6	남남동	147	26.17	23.11	0.09	3.5	0.12	3.5	2.8	동북동	64	27.5	1004.8	-	126	
2021-07-27 13:45:00	4.5	남남동	162	25.84	23.04	0.10	3.9	0.14	6.0	3.0	동북동	64	27.5	1004.8	-	296	
2021-07-27 13:50:00	4.8	서남서	241	26.20	22.92	0.12	3.6	0.20	3.5	3.0	동북동	64	27.5	1004.7	-	195	
2021-07-27 13:55:00	1.9	서남서	240	26.36	23.06	0.11	3.5	0.16	2.5	2.9	동북동	63	27.6	1004.7	-	333	
2021-07-27 14:00:00	2.3	남서	226	26.64	23.39	0.10	3.7	0.15	5.0	2.7	동북동	58	27.6	1004.7	-	29	
2021-07-27 14:05:00	2.8	남남동	147	26.61	22.81	0.12	3.7	0.16	3.5	2.6	동북동	65	27.6	1004.7	-	145	
2021-07-27 14:10:00	1.8	북동	56	26.49	23.46	0.14	3.5	0.19	3.0	3.2	동북동	65	27.6	1004.6	-	249	
2021-07-27 14:15:00	0.6	서	259	26.66	23.41	0.11	3.8	0.16	3.5	3.1	동북동	69	27.6	1004.6	-	61	
2021-07-27 14:20:00	1.0	북서	319	26.59	23.12	0.12	4.0	0.17	3.5	3.0	동북동	67	27.7	1004.5	-	33	
2021-07-27 14:25:00	2.8	동	82	26.19	23.11	0.18	3.4	0.26	3.0	3.2	동북동	70	27.7	1004.5	-	318	
2021-07-27 14:30:00	1.4	북서	304	26.68	23.04	0.12	3.7	0.15	5.0	3.0	동북동	68	27.7	1004.5	-	31	
2021-07-27 14:35:00	0.8	동북동	59	26.72	22.94	0.12	4.0	0.19	3.5	2.9	동북동	68	27.7	1004.5	-	320	
2021-07-27 14:40:00	2.2	남남동	148	26.44	23.13	0.15	3.3	0.19	3.0	3.0	동북동	66	27.7	1004.5	-	316	
2021-07-27 14:45:00	0.1	동	83	26.71	23.36	0.12	3.8	0.16	4.5	2.7	동북동	62	27.6	1004.5	-	150	
2021-07-27 14:50:00	3.1	서북서	287	26.90	23.55	0.11	4.1	0.15	3.0	2.6	동북동	64	27.7	1004.5	-	203	
2021-07-27 14:55:00	3.3	서북서	296	27.07	23.54	0.11	4.2	0.16	4.5	2.5	동북동	61	27.7	1004.5	-	163	
2021-07-27 15:00:00	1.8	북서	322	27.13	23.17	0.14	3.4	0.22	3.0	2.2	동북동	63	27.7	1004.5	-	214	
2021-07-27 15:05:00	1.5	서북서	287	27.09	23.11	0.12	3.9	0.23	3.0	2.1	동북동	64	27.7	1004.5	-	331	
2021-07-27 15:10:00	2.4	북북서	339	27.03	23.30	0.11	3.9	0.19	3.0	2.2	동북동	61	27.7	1004.4	-	178	
2021-07-27 15:15:00	0.7	북북서	340	27.00	23.36	0.11	3.9	0.16	3.0	2.4	동북동	64	27.7	1004.3	-	328	
2021-07-27 15:20:00	2.8	북북동	30	26.94	23.04	0.10	4.0	0.18	5.0	2.4	동북동	68	27.7	1004.3	-	244	
2021-07-27 15:25:00	3.3	동	80	26.41	23.09	0.12	4.2	0.19	3.5	2.3	동북동	67	27.7	1004.3	-	105	
2021-07-27 15:30:00	4.4	동	97	26.34	23.06	0.11	4.0	0.16	4.5	2.2	동북동	61	27.7	1004.3	-	283	
2021-07-27 15:35:00	3.6	동	82	26.39	23.40	0.10	3.5	0.16	4.5	2.3	동북동	58	27.7	1004.2	-	106	
2021-07-27 15:40:00	4.9	동북동	67	26.45	23.26	0.11	3.9	0.15	4.5	2.4	동북동	63	27.7	1004.2	-	262	
2021-07-27 15:45:00	2.7	동북동	75	26.48	22.91	0.10	4.3	0.13	4.5	2.6	동북동	65	27.7	1004.2	-	168	
2021-07-27 15:50:00	3.0	동	96	26.29	22.91	0.10	4.2	0.13	3.5	2.6	동북동	61	27.7	1004.1	-	122	
2021-07-27 15:55:00	2.5	동북동	73	26.35	23.05	0.11	4.4	0.16	4.5	2.4	북동	50	27.7	1004.1	-	221	
2021-07-27 16:00:00	3.4	동	96	26.53	22.96	0.10	4.6	0.17	6.0	2.3	북동	49	27.8	1004.1	-	203	
2021-07-27 16:05:00	2.5	북북서	347	26.78	23.00	0.13	6.0	0.18	6.5	2.3	북동	50	27.8	1004.1	-	12	
2021-07-27 16:10:00	1.6	북북서	334	26.80	23.04	0.13	5.3	0.18	7.5	2.3	북동	51	27.8	1004.1	-	19	
2021-07-27 16:15:00	0.5	북	2	26.87	23.68	0.11	4.8	0.15	4.5	2.0	북동	54	27.8	1004.0	-	36	
2021-07-27 16:20:00	1.8	동북동	73	27.02	23.66	0.10	4.4	0.17	4.0	2.0	북동	43	27.8	1004.0	-	70	
2021-07-27 16:25:00	2.3	북북서	329	27.19	23.61	0.13	4.3	0.21	4.5	2.1	북동	42	27.9	1004.0	-	268	
2021-07-27 16:30:00	4.1	동북동	68	27.10	22.99	0.13	4.2	0.20	5.5	2.0	북동	38	27.9	1004.0	-	191	
2021-07-27 16:35:00	5.3	동	81	27.04	23.24	0.17	3.8	0.21	4.0	2.2	북동	40	27.8	1003.9	-	207	
2021-07-27 16:40:00	7.1	동	99	26.34	23.24	0.13	4.1	0.21	4.0	2.1	북동	44	27.9	1004.0	-	198	
2021-07-27 16:45:00	8.3	동	97	26.14	23.18	0.13	4.0	0.16	4.0	2.2	북동	47	27.9	1003.9	-	201	
2021-07-27 16:50:00	8.1	동남동	102	26.12	23.28	0.14	3.6	0.20	4.5	2.0	북동	40	27.9	1004.0	-	215	
2021-07-27 16:55:00	6.8	동	93	26.04	23.36	0.11	3.9	0.17	4.0	2.0	북동	42	28.0	1003.9	-	270	
2021-07-27 17:00:00	9.8	동남동	104	25.98	23.44	0.10	3.4	0.13	3.0	1.8	동북동	57	28.0	1003.9	-	125	
2021-07-27 17:05:00	-	-	-	-	-	0.00	0.0	0.00	0.0	1.9	동북동	59	28.0	-	-	0	
2021-07-27 17:10:00	12.2	동남동	121	25.93	23.43	0.11	3.3	0.16	3.0	2.0	북동	53	27.9	1003.9	-	58	
2021-07-27 17:15:00	14.2	동남동	113	25.92	23.28	0.11	3.8	0.15	2.5	1.9	북동	52	27.8	1003.9	-	351	
2021-07-27 17:20:00	12.3	동남동	108	25.96	23.35	0.12	3.9	0.19	5.0	1.8	북동	51	27.9	1003.9	-	137	
2021-07-27 17:25:00	15.4	동남동	118	25.95	23.24	0.11	3.5	0.18	3.5	1.8	북동	46	28.0	1003.9	-	63	
2021-07-27 17:30:00	-	-	-	-	-	0.00	0.0	0.00	0.0	1.7	북동	50	28.0	1003.9	-	0	
2021-07-27 17:35:00	12.9	동남동	123	25.95	23.40	0.12	2.8	0.25	2.8	1.9	북동	47	28.1	1003.9	-	95	
2021-07-27 17:40:00	15.2	남동	125	25.94	23.35	0.12	3.7	0.18	3.5	1.9	북동	53	28.1	1003.9	-	293	
2021-07-27 17:45:00	14.1	남동	125	25.94	23.38	0.12	3.8	0.17	2.5	2.0	북동	52	28.1	1003.9	-	111	
2021-07-27 17:50:00	14.1	남동	127	25.88	23.31	0.12	3.8	0.18	3.0	1.9	북동	53	28.1	1003.9	-	116	
2021-07-27 17:55:00	7.5	남동	130	26.12	23.49	0.12	3.4	0.15	2.5	2.0	북동	54	28.0	1003.9	-	247	
2021-07-27 18:00:00	5.5	동남동	111	26.17	23.46	0.11	3.5	0.16	3.5	1.7	동북동	60	28.1	1003.9	-	240	
2021-07-27 18:05:00	8.0	동남동	116	26.16	23.51	0.11	3.5	0.15	2.5	1.5	동북동	58	28.1	1003.9	-	83	
2021-07-27 18:10:00	10.8	남동	129	26.13	23.67	0.11	3.8	0.16	3.5	1.5	동북동	60	28.1	1003.9	-	280	
2021-07-27 18:15:00	8.9	동남동	113	26.20	23.56	0.11	3.7	0.18	4.5	1.4	동북동	65	28.1	1003.9	-	148	
2021-07-27 18:20:00	10.4	동남동	122	26.23	23.68	0.11	3.9	0.17	3.0	1.5	동북동	62	28.1	1003.8	-	311	
2021-07-27 18:25:00	14.0	동남동	120	26.17	23.98	0.11	3.8	0.16	5.5	1.5	동북동	59	28.1	1003.8	-	104	
2021-07-27 18:30:00	12.4	동남동	122	26.20	23.79	0.11	4.0	0.18	4.5	1.6	동북동	58	28.1	1003.8	-	41	
2021-07-27 18:35:00	11.8	남동	126	26.26	23.78	0.11	4.1	0.13	4.0	1.4	동북동	58	28.1	1003.7	-	63	
2021-07-27 18:40:00	11.1	동남동	121	26.27	23.71	0.10	4.1	0.13	5.5	1.3	북동	55	28.1	1003.7	-	131	
2021-07-27 18:45:00	11.6	남동	128	26.25	23.70	0.11	4.1	0.18	5.0	1.3	동북동	63	28.0	1003.7	-	47	
2021-07-27 18:50:00	13.1	남동	132	26.27	23.65	0.12	4.2	0.15	5.0	1.3	동북동	59	28.0	1003.7	-	183	
2021-07-27 18:55:00	14.0	동남동	123	26.25	23.55	0.12	3.7	0.16	4.0	1.4	동북동	66	28.0	1003.7	-	181	
2021-07-27 19:00:00	14.7	남동	126	26.28	23.58	0.12	3.7	0.20	3.5	1.3	동북동	66	27.9	1003.8	-	223	
2021-07-27 19:05:00	15.1	남동	129	26.29	23.78	0.11	3.4	0.17	3.0	1.3	동북동	57	27.8	1003.7	-	52	
2021-07-27 19:10:00	14.9	동남동	120	26.29	23.65	0.12	4.1	0.18	4.5	1.1	북동	55	27.7	1003.8	-	189	
2021-07-27 19:15:00	13.3	남동	135	26.26	23.62	0.12	3.4	0.24	3.5	0.8	북동	47	27.6	1003.8	-	186	
2021-07-27 19:20:00	15.6	남동	141	26.37	23.59	0.12	4.4	0.16	5.0	0.7	동북동	57	27.6	1003.9	-	101	
2021-07-27 19:25:00	18.2	남동	135	26.22	23.64	0.12	4.2	0.18	3.5	0.6	북동	49	27.3	1003.9	-	263	
2021-07-27 19:30:00	15.6	남동	143	26.31	23.46	0.13	4.3	0.19	5.0	0.4	북동	46	27.2	1003.9	-	96	
2021-07-27 19:35:00	17.1	남동	137	26.30	23.70	0.13	3.5	0.18	3.5	0.0	북동	39	27.1	1004.0	-	151	
2021-07-27 19:40:00	14.4	남동	138	26.31	24.01	0.13	3.9	0.19	3.0	0.0	북동	55	27.0	1004.0	-	157	
2021-07-27 19:45:00	15.1	남동	138	26.34	23.62	0.12	3.5	0.15	4.0	0.0	북북동	29	26.9	1004.0	-	270	
2021-07-27 19:50:00	16.6	남동	136	26.36	23.65	0.12	3.8	0.17	2.5	0.0	북서	309	26.8	1004.0	-	178	
2021-07-27 19:55:00	17.7	남동	132	26.30	23.53	0.12	3.7	0.16	3.5	0.1	북서	317	26.8	1004.1	-	149	
2021-07-27 20:00:00	14.5	남동	136	26.36	23.83	0.11	4.4	0.16	3.5	0.0	북서	313	26.8	1004.1	-	78	
2021-07-27 20:05:00	13.6	남동	145	26.40	23.91	0.12	4.0	0.19	3.5	0.0	서북서	303	26.9	1004.1	-	98	
2021-07-27 20:10:00	16.4	남동	140	26.34	23.90	0.10	3.7	0.14	4.0	0.0	서북서	290	26.8	1004.0	-	62	
2021-07-27 20:15:00	18.9	남동	139	26.23	23.82	0.12	4.0	0.18	5.0	0.3	서	278	26.8	1004.1	-	240	
2021-07-27 20:20:00	14.8	남동	135	26.38	23.77	0.13	4.1	0.18	5.0	0.5	서	270	26.8	1004.1	-	100	
2021-07-27 20:25:00	16.3	남남동	147	26.27	23.76	0.12	4.1	0.17	4.0	0.5	서	272	26.8	1004.1	-	92	
2021-07-27 20:30:00	14.1	남동	137	26.49	24.02	0.11	4.6	0.20	5.0	0.7	서	272	26.7	1004.2	-	58	
2021-07-27 20:35:00	15.5	남동	145	26.41	24.13	0.11	4.3	0.16	5.5	0.3	서	279	26.8	1004.2	-	79	
2021-07-27 20:40:00	12.5	남동	145	26.51	24.10	0.12	4.3	0.16	4.0	0.0	북서	315	26.7	1004.2	-	270	
2021-07-27 20:45:00	13.9	남동	139	26.40	24.17	0.13	4.5	0.18	4.5	0.2	북서	307	26.7	1004.3	-	209	
2021-07-27 20:50:00	15.0	남동	143	26.26	23.93	0.13	4.6	0.18	5.0	0.2	서북서	301	26.7	1004.3	-	113	
2021-07-27 20:55:00	13.4	남동	140	26.28	24.01	0.14	4.2	0.21	5.0	0.3	서북서	297	26.8	1004.3	-	192	
2021-07-27 21:00:00	10.9	남동	140	26.37	24.14	0.12	3.8	0.17	3.5	0.6	서북서	288	26.7	1004.3	-	331	
2021-07-27 21:05:00	11.5	남동	140	26.38	23.86	0.12	4.3	0.17	4.0	1.0	서	280	26.7	1004.3	-	288	
2021-07-27 21:10:00	9.6	남동	126	26.52	23.82	0.12	3.9	0.17	2.5	1.1	서	274	26.4	1004.3	-	50	
2021-07-27 21:15:00	8.7	남동	127	26.55	23.78	0.12	4.3	0.17	5.5	1.0	서	273	26.5	1004.4	-	86	
2021-07-27 21:20:00	10.9	남동	136	26.51	23.80	0.11	3.9	0.17	3.5	0.8	서북서	289	26.6	1004.5	-	79	
2021-07-27 21:25:00	9.8	남동	128	26.65	23.76	0.12	4.1	0.16	5.0	1.1	서북서	287	26.7	1004.5	-	74	
2021-07-27 21:30:00	11.4	남동	139	26.46	23.90	0.12	3.8	0.16	5.0	1.2	서	280	26.6	1004.5	-	1	
2021-07-27 21:35:00	11.2	남동	134	26.55	23.87	0.11	3.9	0.19	4.5	1.6	서	266	26.6	1004.5	-	129	
2021-07-27 21:40:00	13.5	남동	126	26.54	23.79	0.12	4.1	0.18	5.0	2.0	서남서	253	26.5	1004.5	-	86	
2021-07-27 21:45:00	10.3	남동	125	26.59	23.97	0.13	4.0	0.17	5.0	1.8	서남서	257	26.3	1004.4	-	133	
2021-07-27 21:50:00	10.9	남동	135	26.58	23.86	0.12	4.5	0.17	4.5	1.6	서	266	26.3	1004.4	-	111	
2021-07-27 21:55:00	12.1	동남동	120	26.61	23.89	0.11	3.9	0.15	4.5	1.6	서북서	286	26.3	1004.5	-	258	
2021-07-27 22:00:00	12.1	동남동	124	26.56	23.70	0.13	3.7	0.19	4.0	1.7	서북서	286	26.2	1004.5	-	78	
2021-07-27 22:05:00	11.1	동남동	122	26.61	23.63	0.13	4.0	0.15	4.0	1.8	서북서	290	26.1	1004.5	-	89	
2021-07-27 22:10:00	10.4	남동	135	26.66	23.65	0.12	4.0	0.15	3.5	1.6	서	279	26.1	1004.5	-	252	
2021-07-27 22:15:00	11.1	남동	137	26.64	23.85	0.13	3.9	0.19	4.0	2.1	서북서	284	26.0	1004.5	-	83	
2021-07-27 22:20:00	12.9	남동	127	26.67	23.65	0.12	3.8	0.18	3.5	2.2	서북서	290	26.0	1004.5	-	57	
2021-07-27 22:25:00	11.8	동남동	123	26.66	23.70	0.12	4.3	0.25	3.0	2.1	서북서	283	25.9	1004.5	-	76	
2021-07-27 22:30:00	10.8	남동	130	26.71	23.76	0.12	4.1	0.17	5.0	1.7	서북서	293	25.8	1004.5	-	129	
2021-07-27 22:35:00	12.8	동남동	122	26.67	23.83	0.12	4.1	0.20	4.0	1.5	서북서	285	25.9	1004.5	-	113	
2021-07-27 22:40:00	13.8	남동	131	26.66	23.62	0.13	4.0	0.20	3.5	1.6	서북서	301	26.0	1004.6	-	280	
2021-07-27 22:45:00	12.2	남동	131	26.59	23.82	0.12	3.8	0.15	4.5	1.8	북서	316	25.8	1004.6	-	174	
2021-07-27 22:50:00	12.0	남동	130	26.59	23.78	0.14	4.2	0.23	4.0	1.8	북서	310	25.6	1004.5	-	121	
2021-07-27 22:55:00	11.3	남동	138	26.47	23.69	0.13	4.0	0.16	4.5	1.8	서북서	296	25.6	1004.5	-	272	
2021-07-27 23:00:00	12.0	남동	136	26.52	23.80	0.12	4.5	0.18	5.5	1.8	서북서	291	25.7	1004.5	-	74	
2021-07-27 23:05:00	10.8	남동	138	26.51	23.84	0.12	3.6	0.18	3.0	1.7	서북서	293	25.7	1004.5	-	99	
2021-07-27 23:10:00	12.1	남동	143	26.47	23.53	0.11	3.6	0.15	4.0	1.9	서북서	300	25.7	1004.5	-	110	
2021-07-27 23:15:00	12.2	남동	140	26.49	23.66	0.11	3.7	0.18	5.0	1.7	서북서	294	25.7	1004.6	-	228	
2021-07-27 23:20:00	13.5	남남동	149	26.43	23.72	0.13	4.1	0.19	3.5	1.8	서	280	25.7	1004.6	-	213	
2021-07-27 23:25:00	10.2	남동	139	26.43	23.69	0.13	3.4	0.19	3.0	2.1	서	276	25.8	1004.5	-	264	
2021-07-27 23:30:00	9.8	남동	144	26.54	23.68	0.12	3.8	0.15	4.0	2.3	서	262	25.8	1004.6	-	343	
2021-07-27 23:35:00	11.6	남남동	148	26.56	23.59	0.13	3.9	0.19	3.0	1.9	서	268	25.8	1004.6	-	257	
2021-07-27 23:40:00	10.8	남동	145	26.62	23.52	0.13	4.4	0.21	5.0	1.5	서	268	25.7	1004.6	-	74	
2021-07-27 23:45:00	11.8	남남동	147	26.67	23.58	0.13	3.5	0.18	3.0	1.9	서남서	249	25.7	1004.6	-	92	
2021-07-27 23:50:00	10.6	남동	144	26.70	23.55	0.14	4.2	0.20	4.5	2.3	서남서	249	25.8	1004.6	-	95	
2021-07-27 23:55:00	11.6	남남동	149	26.71	23.56	0.13	3.8	0.21	3.5	2.4	서남서	243	25.7	1004.6	-	92	
2021-07-28 00:00:00	12.6	남남동	147	26.77	23.60	0.15	3.3	0.21	3.0	2.2	서남서	240	25.6	1004.6	-	107	
2021-07-28 00:05:00	12.0	남동	138	26.77	23.61	0.14	3.8	0.17	3.5	1.8	서남서	246	25.6	1004.5	-	86	
2021-07-28 00:10:00	13.8	남동	141	26.79	23.67	0.15	3.7	0.22	3.5	1.8	서남서	249	25.8	1004.5	-	92	
2021-07-28 00:15:00	10.9	남동	144	26.80	23.58	0.16	3.6	0.28	3.0	1.9	서남서	246	25.8	1004.5	-	90	
2021-07-28 00:20:00	12.9	남동	145	26.80	23.79	0.14	3.4	0.20	3.0	2.4	서남서	245	25.7	1004.4	-	64	
2021-07-28 00:25:00	12.1	남남동	152	26.78	23.64	0.16	3.6	0.21	2.5	3.0	서남서	245	25.7	1004.5	-	180	
2021-07-28 00:30:00	12.9	남남동	148	26.79	23.71	0.16	3.5	0.21	2.5	3.2	서남서	246	25.6	1004.4	-	96	
2021-07-28 00:35:00	13.0	남남동	150	26.78	23.58	0.18	3.2	0.25	3.5	3.5	서남서	241	25.5	1004.4	-	101	
2021-07-28 00:40:00	11.8	남남동	153	26.77	23.58	0.15	3.2	0.21	3.0	3.2	서남서	243	25.4	1004.4	-	328	
2021-07-28 00:45:00	12.6	남남동	159	26.81	23.59	0.17	3.3	0.30	3.5	3.5	서남서	239	25.4	1004.4	-	143	
2021-07-28 00:50:00	12.3	남남동	150	26.79	23.54	0.17	3.3	0.23	3.5	2.9	서남서	243	25.3	1004.4	-	76	
2021-07-28 00:55:00	12.1	남남동	151	26.79	23.54	0.17	3.2	0.23	2.5	3.3	서남서	248	25.4	1004.4	-	99	
2021-07-28 01:00:00	11.6	남남동	163	26.79	23.27	0.18	3.3	0.36	3.0	3.0	서남서	248	25.3	1004.4	-	273	
2021-07-28 01:05:00	12.3	남남동	166	26.77	23.22	0.18	3.5	0.30	3.5	3.1	서남서	239	25.3	1004.5	-	106	
2021-07-28 01:10:00	10.9	남남동	164	26.77	23.25	0.16	3.6	0.24	3.5	2.8	남서	230	25.3	1004.5	-	82	
2021-07-28 01:15:00	11.0	남남동	161	26.77	23.18	0.16	3.4	0.24	3.5	2.4	남서	227	25.2	1004.5	-	84	
2021-07-28 01:20:00	11.1	남남동	165	26.76	23.10	0.15	3.2	0.20	3.0	2.0	서남서	239	25.0	1004.5	-	83	
2021-07-28 01:25:00	10.9	남남동	162	26.78	23.23	0.18	3.1	0.28	3.0	1.7	서남서	244	25.0	1004.5	-	98	
2021-07-28 01:30:00	13.4	남남동	155	26.80	23.44	0.19	3.3	0.26	3.0	1.8	서남서	248	25.1	1004.5	-	94	
2021-07-28 01:35:00	12.0	남동	141	26.79	23.41	0.20	3.2	0.30	3.5	2.0	서남서	251	25.2	1004.6	-	94	
2021-07-28 01:40:00	11.5	남남동	158	26.77	23.41	0.18	3.2	0.30	3.5	2.3	서남서	242	25.2	1004.5	-	79	
2021-07-28 01:45:00	9.2	남남동	148	26.76	23.49	0.18	3.6	0.28	6.0	2.5	서남서	243	25.1	1004.5	-	65	
2021-07-28 01:50:00	10.6	남동	141	26.75	23.55	0.18	3.4	0.31	3.0	2.6	서남서	238	25.1	1004.5	-	220	
2021-07-28 01:55:00	9.0	남동	140	26.72	23.53	0.18	3.4	0.24	3.0	2.7	서남서	239	25.0	1004.4	-	30	
2021-07-28 02:00:00	11.6	남남동	150	26.74	23.37	0.18	3.5	0.30	3.5	3.2	서남서	241	24.9	1004.4	-	91	
2021-07-28 02:05:00	12.2	남동	146	26.75	23.23	0.21	3.1	0.33	3.5	3.3	서남서	243	24.9	1004.5	-	98	
2021-07-28 02:10:00	12.9	남동	144	26.73	23.34	0.23	3.2	0.43	3.0	3.0	서남서	244	25.0	1004.5	-	99	
2021-07-28 02:15:00	12.4	남남동	147	26.73	23.40	0.21	3.7	0.32	3.0	3.3	서남서	246	25.0	1004.5	-	81	
2021-07-28 02:20:00	12.6	남동	142	26.72	23.34	0.21	3.7	0.32	3.5	3.3	서남서	249	25.0	1004.5	-	99	
2021-07-28 02:25:00	12.4	남남동	154	26.71	23.54	0.17	3.4	0.26	3.0	3.3	서남서	250	25.0	1004.5	-	85	
2021-07-28 02:30:00	12.8	남남동	147	26.70	23.41	0.19	3.5	0.24	3.5	2.9	서남서	252	25.0	1004.5	-	198	
2021-07-28 02:35:00	12.5	남동	141	26.70	23.41	0.19	3.4	0.25	3.0	2.6	서남서	255	25.0	1004.5	-	94	
2021-07-28 02:40:00	13.3	남남동	148	26.72	23.38	0.21	3.2	0.35	3.0	2.1	서	260	24.9	1004.5	-	5	
2021-07-28 02:45:00	12.9	남동	137	26.73	23.26	0.17	3.3	0.34	3.0	2.0	서	261	24.9	1004.5	-	88	
2021-07-28 02:50:00	13.8	남동	135	26.73	23.40	0.19	3.4	0.27	3.0	1.9	서남서	256	24.8	1004.5	-	85	
2021-07-28 02:55:00	9.9	남동	142	26.75	22.99	0.19	3.6	0.30	3.5	1.8	서	270	24.9	1004.5	-	90	
2021-07-28 03:00:00	11.5	남남동	147	26.75	23.28	0.18	3.6	0.28	3.5	1.9	서	278	24.8	1004.5	-	349	
2021-07-28 03:05:00	11.1	남남동	154	26.76	23.88	0.20	3.2	0.28	3.0	1.8	서	273	24.8	1004.5	-	93	
2021-07-28 03:10:00	10.4	남동	129	26.76	23.75	0.17	3.3	0.26	4.0	1.5	서	275	24.8	1004.5	-	294	
2021-07-28 03:15:00	12.0	남동	140	26.76	23.77	0.21	3.7	0.29	3.0	1.3	서	281	24.8	1004.4	-	319	
2021-07-28 03:20:00	11.5	남동	142	26.76	23.46	0.19	3.4	0.28	3.5	1.4	서	280	24.9	1004.4	-	42	
2021-07-28 03:25:00	12.2	남동	144	26.76	23.80	0.20	3.6	0.31	3.5	1.5	서	261	24.8	1004.4	-	81	
2021-07-28 03:30:00	11.3	남남동	154	26.77	23.62	0.20	3.5	0.27	3.0	1.7	서	260	24.8	1004.4	-	71	
2021-07-28 03:35:00	9.7	남남동	154	26.75	23.40	0.20	3.0	0.32	2.5	1.9	서	267	24.8	1004.4	-	8	
2021-07-28 03:40:00	10.1	남동	143	26.74	23.28	0.18	3.3	0.27	3.5	2.5	서	260	24.7	1004.3	-	65	
2021-07-28 03:45:00	9.1	남동	138	26.72	23.29	0.18	3.6	0.24	3.5	2.5	서남서	258	24.6	1004.3	-	58	
2021-07-28 03:50:00	11.0	남동	139	26.72	23.38	0.17	3.2	0.22	2.5	2.8	서	261	24.6	1004.3	-	61	
2021-07-28 03:55:00	10.9	남남동	167	26.72	23.58	0.17	3.7	0.24	3.0	2.8	서	264	24.6	1004.3	-	79	
2021-07-28 04:00:00	12.1	남남동	153	26.69	23.03	0.21	3.8	0.32	3.0	2.2	서	264	24.5	1004.3	-	98	
2021-07-28 04:05:00	10.7	남	169	26.71	23.19	0.14	3.8	0.31	3.5	2.6	서남서	253	24.4	1004.3	-	5	
2021-07-28 04:10:00	11.1	남남동	155	26.70	23.27	0.17	3.4	0.24	3.0	2.9	서남서	240	24.4	1004.2	-	56	
2021-07-28 04:15:00	12.1	남남동	153	26.69	23.16	0.16	3.9	0.26	3.0	3.3	서남서	249	24.4	1004.2	-	74	
2021-07-28 04:20:00	13.2	남남동	153	26.68	23.15	0.19	3.2	0.29	3.5	3.1	서남서	245	24.4	1004.2	-	62	
2021-07-28 04:25:00	12.3	남남동	150	26.65	23.25	0.18	3.4	0.29	3.5	3.2	서남서	247	24.4	1004.3	-	61	
2021-07-28 04:30:00	12.4	남동	131	26.63	23.19	0.17	3.2	0.26	3.0	3.0	서남서	249	24.5	1004.3	-	316	
2021-07-28 04:35:00	9.8	남	181	26.63	23.10	0.17	3.4	0.21	3.0	3.3	서남서	246	24.5	1004.3	-	33	
2021-07-28 04:40:00	12.0	남남서	192	26.62	23.07	0.18	3.6	0.29	3.5	3.2	서남서	247	24.3	1004.3	-	334	
2021-07-28 04:45:00	12.6	남남서	195	26.61	22.93	0.15	3.4	0.22	3.5	2.8	서남서	245	24.3	1004.3	-	124	
2021-07-28 04:50:00	9.9	남남서	202	26.61	22.92	0.16	3.9	0.26	3.5	3.0	남서	236	24.3	1004.3	-	146	
2021-07-28 04:55:00	10.5	남남서	209	26.61	22.92	0.16	3.7	0.22	5.0	3.3	서남서	245	24.2	1004.3	-	28	
2021-07-28 05:00:00	10.3	남남서	211	26.60	22.97	0.14	3.9	0.20	6.5	3.2	서남서	248	24.2	1004.3	-	56	
2021-07-28 05:05:00	9.1	남남서	208	26.60	22.85	0.16	3.7	0.23	5.0	3.0	서남서	251	24.3	1004.3	-	339	
2021-07-28 05:10:00	11.0	남서	216	26.60	23.02	0.15	3.6	0.21	4.5	3.1	서남서	253	24.3	1004.3	-	83	
2021-07-28 05:15:00	12.0	남서	218	26.57	23.12	0.16	3.7	0.23	2.5	3.2	서남서	253	24.2	1004.3	-	275	
2021-07-28 05:20:00	10.6	남남서	200	26.55	23.12	0.16	3.9	0.22	5.0	3.1	서남서	251	24.3	1004.4	-	47	
2021-07-28 05:25:00	9.6	남남서	207	26.54	23.31	0.16	4.0	0.23	3.0	3.3	서남서	247	24.3	1004.4	-	69	
2021-07-28 05:30:00	8.3	남	189	26.54	22.90	0.17	4.1	0.22	6.5	3.0	서남서	246	24.3	1004.5	-	92	
2021-07-28 05:35:00	9.7	남	188	26.54	22.86	0.15	4.0	0.23	3.5	3.3	서남서	247	24.3	1004.5	-	67	
2021-07-28 05:40:00	11.6	남서	215	26.54	22.80	0.17	4.0	0.29	3.5	3.2	서남서	247	24.3	1004.5	-	67	
2021-07-28 05:45:00	9.6	남	179	26.51	22.92	0.16	4.2	0.21	4.0	3.0	서남서	249	24.4	1004.6	-	95	
2021-07-28 05:50:00	8.3	남남서	206	26.49	22.96	0.17	3.8	0.26	3.0	2.7	서남서	254	24.4	1004.7	-	34	
2021-07-28 05:55:00	8.3	남남동	160	26.47	22.77	0.16	3.6	0.24	3.0	2.8	서남서	250	24.4	1004.7	-	61	
2021-07-28 06:00:00	9.5	남	180	26.47	22.60	0.16	3.8	0.23	4.0	2.4	서남서	251	24.5	1004.7	-	300	
2021-07-28 06:05:00	7.4	남남동	167	26.46	22.64	0.19	3.9	0.26	6.0	2.4	서남서	249	24.6	1004.7	-	135	
2021-07-28 06:10:00	6.8	남	183	26.45	22.51	0.19	4.3	0.27	4.5	2.6	서남서	247	24.7	1004.7	-	90	
2021-07-28 06:15:00	8.4	남	189	26.44	22.64	0.18	3.3	0.34	3.5	2.7	서남서	252	24.8	1004.7	-	4	
2021-07-28 06:20:00	6.2	남	184	26.42	22.74	0.19	4.2	0.25	3.5	2.9	서남서	247	25.0	1004.7	-	34	
2021-07-28 06:25:00	7.0	남남동	162	26.39	22.80	0.17	4.6	0.24	4.5	3.0	서남서	252	25.1	1004.7	-	285	
2021-07-28 06:30:00	5.4	남	188	26.38	23.16	0.15	3.8	0.22	4.0	2.5	서남서	256	25.1	1004.7	-	67	
2021-07-28 06:35:00	3.7	남남동	166	26.38	22.99	0.16	4.5	0.24	3.0	2.3	서	259	24.9	1004.7	-	84	
2021-07-28 06:40:00	4.9	남남서	195	26.37	22.90	0.15	4.4	0.20	5.5	2.4	서남서	257	25.0	1004.7	-	18	
2021-07-28 06:45:00	4.6	남남서	205	26.36	22.91	0.17	4.1	0.25	3.5	2.3	서남서	250	25.0	1004.7	-	289	
2021-07-28 06:50:00	5.4	남서	236	26.35	22.74	0.17	4.2	0.25	4.0	2.4	서남서	247	25.2	1004.8	-	189	
2021-07-28 06:55:00	7.3	서남서	246	26.34	22.74	0.16	4.0	0.31	4.0	2.6	서남서	241	25.7	1004.7	-	72	
2021-07-28 07:00:00	6.1	남서	227	26.32	22.84	0.16	4.0	0.24	4.5	2.6	서남서	238	25.9	1004.7	-	77	
2021-07-28 07:05:00	4.6	남서	215	26.31	22.62	0.18	4.5	0.24	3.0	2.7	남서	230	26.0	1004.8	-	103	
2021-07-28 07:10:00	5.2	서남서	248	26.31	22.84	0.19	3.9	0.26	2.5	2.8	서남서	238	26.2	1004.8	-	79	
2021-07-28 07:15:00	7.6	남서	217	26.30	22.74	0.17	4.1	0.22	5.0	2.5	서남서	249	26.3	1004.8	-	339	
2021-07-28 07:20:00	6.2	남서	230	26.30	22.76	0.21	4.3	0.27	3.5	2.3	서남서	245	26.5	1004.8	-	84	
2021-07-28 07:25:00	4.9	서남서	243	26.29	22.82	0.17	4.1	0.23	3.0	2.2	서남서	249	26.7	1004.8	-	70	
2021-07-28 07:30:00	3.7	남서	224	26.28	23.01	0.19	4.9	0.25	5.5	2.2	서남서	248	26.7	1004.8	-	74	
2021-07-28 07:35:00	3.1	남서	235	26.27	23.14	0.19	4.4	0.29	5.0	2.4	서남서	253	26.8	1004.8	-	129	
2021-07-28 07:40:00	0.8	서	270	26.26	22.88	0.20	4.6	0.34	4.5	1.8	서남서	253	27.0	1004.8	-	70	
2021-07-28 07:45:00	0.9	남남서	212	26.30	22.98	0.19	4.5	0.31	6.5	1.4	서남서	244	27.1	1004.8	-	288	
2021-07-28 07:50:00	8.0	동북동	64	26.31	22.83	0.17	4.3	0.27	3.0	1.0	서남서	240	26.8	1004.8	-	59	
2021-07-28 07:55:00	6.1	동북동	66	26.32	22.84	0.17	4.1	0.26	5.5	0.5	서남서	253	26.8	1004.8	-	150	
2021-07-28 08:00:00	2.4	동	99	26.33	22.63	0.20	4.1	0.35	4.0	0.4	서	271	27.0	1004.8	-	242	
2021-07-28 08:05:00	3.3	동북동	73	26.34	22.65	0.20	4.3	0.29	3.5	0.2	서북서	303	27.2	1004.9	-	85	
2021-07-28 08:10:00	1.9	남서	224	26.34	22.96	0.17	4.4	0.28	6.5	0.5	북북서	332	27.2	1004.9	-	97	
2021-07-28 08:15:00	2.3	남동	128	26.35	22.88	0.20	4.9	0.27	4.0	0.7	북	355	27.0	1004.9	-	69	
2021-07-28 08:20:00	2.3	동남동	109	26.36	22.54	0.17	4.6	0.24	6.5	0.8	북	7	26.7	1005.0	-	100	
2021-07-28 08:25:00	1.6	남동	128	26.39	22.74	0.18	5.2	0.25	4.5	0.6	북	349	26.6	1005.0	-	77	
2021-07-28 08:30:00	0.6	남남서	205	26.39	22.75	0.20	4.7	0.28	6.5	0.4	북	353	26.7	1005.0	-	263	
2021-07-28 08:35:00	2.2	남서	230	26.35	22.71	0.16	4.0	0.26	4.5	0.6	북북동	12	26.7	1005.1	-	254	
2021-07-28 08:40:00	2.9	남남서	193	26.35	22.87	0.18	4.7	0.25	5.5	0.7	북	6	26.8	1005.0	-	67	
2021-07-28 08:45:00	0.4	남동	128	26.38	22.91	0.16	4.3	0.25	4.0	0.8	북북동	21	26.7	1005.0	-	9	
2021-07-28 08:50:00	3.0	서남서	244	26.35	23.03	0.20	4.6	0.31	4.0	0.5	북북동	23	26.7	1005.0	-	289	
2021-07-28 08:55:00	3.0	남서	230	26.34	23.10	0.19	4.4	0.29	3.5	0.0	북	8	27.0	1005.0	-	261	
2021-07-28 09:00:00	2.3	남서	216	26.30	23.23	0.19	4.6	0.26	5.5	0.0	북북서	335	27.4	1005.0	-	83	
2021-07-28 09:05:00	4.7	남	186	26.27	23.21	0.20	4.8	0.33	5.5	0.2	북북서	346	27.4	1004.9	-	75	
2021-07-28 09:10:00	5.6	남남동	152	26.31	23.28	0.20	4.6	0.26	4.0	0.4	북	352	27.2	1004.9	-	63	
2021-07-28 09:15:00	4.4	남남동	158	26.29	23.22	0.16	4.4	0.21	5.5	0.6	북북서	346	27.1	1004.9	-	28	
2021-07-28 09:20:00	6.3	남남동	164	26.23	23.20	0.18	4.5	0.29	6.5	0.7	북	355	27.1	1005.0	-	255	
2021-07-28 09:25:00	3.9	남	177	26.13	23.14	0.18	4.8	0.28	6.0	0.9	북	11	27.0	1005.0	-	264	
2021-07-28 09:30:00	6.7	남남동	163	26.23	23.12	0.19	4.9	0.26	6.0	1.2	북	11	26.9	1005.0	-	80	
2021-07-28 09:35:00	6.8	남남동	163	26.21	23.17	0.17	4.5	0.26	4.5	1.2	북북동	16	26.9	1005.0	-	94	
2021-07-28 09:40:00	8.7	남	170	26.23	23.16	0.22	4.0	0.31	3.0	1.3	북북동	16	26.9	1005.0	-	66	
2021-07-28 09:45:00	6.8	남	176	26.25	23.09	0.21	4.3	0.37	3.5	1.3	북북동	28	26.9	1005.0	-	70	
2021-07-28 09:50:00	6.9	남남서	208	26.26	23.01	0.20	5.1	0.26	4.5	1.3	북북동	29	27.0	1005.1	-	70	
2021-07-28 09:55:00	5.7	남남서	211	26.27	23.00	0.16	4.3	0.26	5.0	1.7	북동	34	27.0	1005.0	-	261	
2021-07-28 10:00:00	5.8	서남서	242	26.24	23.03	0.19	4.0	0.28	3.5	2.0	북동	37	26.9	1005.0	-	325	
2021-07-28 10:05:00	6.4	남남서	208	26.22	23.05	0.19	4.4	0.27	6.5	2.1	북동	36	26.9	1005.0	-	290	
2021-07-28 10:10:00	6.5	남남서	201	26.25	23.09	0.18	5.0	0.23	3.5	2.3	북동	37	26.9	1004.9	-	17	
2021-07-28 10:15:00	6.7	남남서	208	26.24	23.22	0.21	5.0	0.31	6.0	2.5	북동	44	26.9	1004.9	-	67	
2021-07-28 10:20:00	6.6	남남서	205	26.23	23.10	0.18	4.4	0.24	3.5	2.9	북동	46	26.9	1004.8	-	290	
2021-07-28 10:25:00	7.8	남서	215	26.23	23.02	0.20	4.9	0.29	3.0	2.8	북동	42	26.9	1004.8	-	86	
2021-07-28 10:30:00	6.5	남남서	202	26.24	23.02	0.18	4.4	0.29	4.5	2.8	북동	42	26.9	1004.8	-	90	
2021-07-28 10:35:00	5.7	남서	231	26.22	22.64	0.18	4.6	0.34	5.0	2.7	북동	42	26.9	1004.8	-	54	
2021-07-28 10:40:00	4.0	서남서	240	26.22	22.52	0.20	4.6	0.29	5.0	2.9	북동	40	26.9	1004.8	-	68	
2021-07-28 10:45:00	5.6	남서	226	26.23	22.39	0.22	4.2	0.37	3.5	3.0	북동	36	26.9	1004.7	-	249	
2021-07-28 10:50:00	4.6	남서	216	26.22	22.79	0.20	5.5	0.27	4.5	2.9	북동	34	27.0	1004.6	-	95	
2021-07-28 10:55:00	2.8	남	182	26.23	22.82	0.24	5.5	0.33	4.0	2.7	북동	35	27.0	1004.6	-	68	
2021-07-28 11:00:00	3.6	남서	219	26.18	22.71	0.21	4.9	0.27	3.0	2.7	북북동	33	27.0	1004.6	-	61	
2021-07-28 11:05:00	4.2	남	175	26.17	22.99	0.22	5.0	0.37	4.5	2.7	북동	40	27.0	1004.6	-	72	
2021-07-28 11:10:00	6.0	남남서	207	26.17	22.75	0.20	5.4	0.31	6.5	2.9	북동	37	27.1	1004.5	-	76	
2021-07-28 11:15:00	3.7	남남동	166	26.18	22.75	0.21	5.3	0.25	3.5	3.1	북북동	33	27.1	1004.5	-	68	
2021-07-28 11:20:00	6.6	남남서	202	26.20	22.89	0.25	5.5	0.32	6.0	2.8	북북동	33	27.1	1004.5	-	22	
2021-07-28 11:25:00	4.3	남	190	26.27	22.86	0.22	4.7	0.30	5.5	2.9	북동	34	27.1	1004.5	-	52	
2021-07-28 11:30:00	8.5	남남서	210	26.72	23.19	0.22	4.4	0.30	4.0	2.7	북북동	33	27.1	1004.5	-	66	
2021-07-28 11:35:00	9.4	남서	219	26.86	23.02	0.19	5.2	0.32	4.0	2.4	북북동	32	27.1	1004.5	-	78	
2021-07-28 11:40:00	7.8	남서	216	26.74	23.03	0.24	5.8	0.33	4.5	2.7	북북동	29	27.2	1004.5	-	30	
2021-07-28 11:45:00	6.7	남서	222	26.77	23.30	0.22	5.8	0.34	5.0	2.5	북북동	23	27.2	1004.5	-	74	
2021-07-28 11:50:00	5.1	남남서	214	26.66	23.17	0.22	5.5	0.27	6.5	2.8	북북동	29	27.2	1004.5	-	79	
2021-07-28 11:55:00	3.6	서남서	244	26.57	23.20	0.20	5.4	0.28	3.5	3.0	북북동	30	27.2	1004.4	-	44	
2021-07-28 12:00:00	4.4	남서	227	26.45	23.21	0.19	5.9	0.26	4.5	2.9	북북동	33	27.2	1004.4	-	78	
2021-07-28 12:05:00	3.5	남서	225	26.46	22.87	0.24	5.2	0.33	6.5	3.3	북동	35	27.2	1004.3	-	71	
2021-07-28 12:10:00	3.1	남서	225	26.55	23.21	0.23	5.9	0.35	6.5	3.4	북북동	33	27.2	1004.3	-	77	
2021-07-28 12:15:00	0.9	서남서	245	26.62	22.88	0.27	6.0	0.36	6.0	3.7	북동	38	27.2	1004.3	-	79	
2021-07-28 12:20:00	2.8	서북서	291	26.62	22.97	0.23	5.0	0.36	5.0	4.0	북동	44	27.1	1004.3	-	81	
2021-07-28 12:25:00	1.6	서북서	302	26.60	22.87	0.22	5.3	0.31	5.5	4.1	북동	41	27.1	1004.3	-	76	
2021-07-28 12:30:00	2.9	서남서	239	26.66	23.21	0.20	5.1	0.28	4.5	4.0	북동	39	27.1	1004.2	-	73	
2021-07-28 12:35:00	4.1	남서	227	26.72	22.98	0.24	5.7	0.33	5.5	3.8	북동	38	27.2	1004.2	-	69	
2021-07-28 12:40:00	5.2	남남서	207	26.85	23.11	0.24	5.8	0.36	7.0	3.7	북동	40	27.2	1004.2	-	75	
2021-07-28 12:45:00	2.4	남서	218	26.65	23.00	0.26	5.9	0.33	4.5	3.6	북동	45	27.2	1004.2	-	65	
2021-07-28 12:50:00	2.0	남동	137	26.73	22.99	0.25	5.5	0.39	6.0	3.4	북동	44	27.2	1004.1	-	72	
2021-07-28 12:55:00	3.7	동	79	26.84	23.09	0.27	5.7	0.37	6.5	3.2	북동	43	27.2	1004.1	-	76	
2021-07-28 13:00:00	4.3	동	99	26.56	22.99	0.23	5.8	0.27	9.0	3.3	북동	44	27.2	1004.1	-	53	
2021-07-28 13:05:00	5.5	동	89	26.39	23.12	0.30	6.1	0.45	6.5	3.3	북동	42	27.2	1004.1	-	64	
2021-07-28 13:10:00	4.8	동	83	26.21	23.11	0.23	5.8	0.35	6.0	3.0	북동	42	27.3	1004.0	-	80	
2021-07-28 13:15:00	6.3	동	82	26.20	23.22	0.27	5.8	0.37	5.5	3.0	북북동	31	27.3	1004.0	-	68	
2021-07-28 13:20:00	4.9	동북동	68	26.44	23.06	0.26	5.8	0.37	5.0	3.1	북동	37	27.2	1004.0	-	270	
2021-07-28 13:25:00	1.3	동	83	26.95	23.21	0.26	4.9	0.39	4.5	2.7	북동	36	27.3	1004.1	-	62	
2021-07-28 13:30:00	4.4	동남동	123	27.13	23.34	0.32	5.6	0.41	5.5	2.7	북동	38	27.3	1004.1	-	64	
2021-07-28 13:35:00	1.4	남동	139	26.93	22.98	0.27	5.7	0.44	6.5	2.9	북동	43	27.3	1004.0	-	74	
2021-07-28 13:40:00	3.6	남	175	26.85	22.97	0.28	5.7	0.36	4.0	2.9	북동	41	27.3	1003.9	-	140	
2021-07-28 13:45:00	3.7	동	99	27.08	23.05	0.38	6.0	0.52	6.5	2.9	북동	38	27.3	1003.9	-	63	
2021-07-28 13:50:00	5.3	남서	229	27.14	23.04	0.30	5.9	0.46	6.0	3.0	북동	38	27.3	1004.0	-	77	
2021-07-28 13:55:00	0.8	남서	217	27.15	23.40	0.35	6.7	0.47	6.5	3.1	북동	38	27.3	1003.9	-	72	
2021-07-28 14:00:00	2.5	서북서	287	27.17	23.11	0.31	5.9	0.45	7.5	2.9	북동	40	27.3	1003.9	-	68	
2021-07-28 14:05:00	3.1	서남서	253	27.22	23.28	0.33	6.4	0.49	7.0	3.0	북동	43	27.4	1003.8	-	92	
2021-07-28 14:10:00	7.0	서	267	27.39	23.42	0.32	6.0	0.43	6.0	3.0	북동	39	27.4	1003.8	-	63	
2021-07-28 14:15:00	5.8	서	267	27.30	23.40	0.32	5.0	0.38	5.5	3.0	북동	41	27.4	1003.8	-	60	
2021-07-28 14:20:00	0.7	서북서	301	27.22	23.06	0.35	6.0	0.48	7.0	2.9	북동	35	27.5	1003.8	-	86	
2021-07-28 14:25:00	3.9	북서	305	27.27	22.90	0.37	5.7	0.56	5.5	3.2	북동	43	27.4	1003.7	-	79	
2021-07-28 14:30:00	1.9	동북동	63	27.10	22.79	0.37	5.7	0.51	6.5	3.0	북동	44	27.4	1003.7	-	72	
2021-07-28 14:35:00	3.1	북서	308	27.09	23.11	0.34	5.6	0.50	7.0	2.9	북동	38	27.5	1003.7	-	81	
2021-07-28 14:40:00	4.6	북서	316	27.15	23.14	0.39	5.9	0.50	6.0	2.9	북동	40	27.5	1003.7	-	77	
2021-07-28 14:45:00	3.0	서북서	295	27.06	23.13	0.39	6.1	0.54	6.5	2.9	북동	45	27.5	1003.6	-	75	
2021-07-28 14:50:00	4.4	북서	317	27.18	23.04	0.44	6.1	0.56	6.5	2.6	북동	35	27.5	1003.6	-	74	
2021-07-28 14:55:00	4.4	북서	307	27.27	23.12	0.42	6.3	0.64	6.0	2.8	북동	42	27.5	1003.6	-	86	
2021-07-28 15:00:00	6.0	서북서	298	27.40	23.11	0.47	5.9	0.57	7.0	2.6	북동	52	27.5	1003.6	-	81	
2021-07-28 15:05:00	8.2	서북서	303	27.25	22.95	0.42	6.4	0.58	6.0	2.7	북동	44	27.6	1003.5	-	72	
2021-07-28 15:10:00	6.2	북서	318	27.29	23.07	0.43	6.0	0.61	6.0	2.5	북동	39	27.6	1003.5	-	72	
2021-07-28 15:15:00	6.6	북서	307	27.17	22.59	0.46	6.1	0.67	6.5	2.2	북동	48	27.8	1003.5	-	69	
2021-07-28 15:20:00	6.9	서북서	300	27.15	22.85	0.37	5.9	0.49	6.5	2.5	북동	45	27.7	1003.5	-	73	
2021-07-28 15:25:00	8.4	북서	310	27.29	22.95	0.46	6.0	0.54	6.0	2.7	북동	52	27.7	1003.5	-	87	
2021-07-28 15:30:00	6.9	북서	313	27.17	22.72	0.41	5.9	0.62	6.0	3.0	북동	52	27.7	1003.4	-	80	
2021-07-28 15:35:00	6.6	북서	314	27.14	22.85	0.51	6.3	0.82	6.0	3.0	북동	50	27.7	1003.4	-	81	
2021-07-28 15:40:00	10.7	북서	305	27.33	22.86	0.50	5.9	0.73	6.5	2.9	북동	52	27.7	1003.4	-	71	
2021-07-28 15:45:00	12.2	북서	306	27.41	22.77	0.49	6.1	0.66	5.5	2.4	동북동	57	27.8	1003.3	-	71	
2021-07-28 15:50:00	11.3	서북서	303	27.33	22.71	0.49	6.5	0.68	6.0	2.0	동북동	57	27.8	1003.3	-	72	
2021-07-28 15:55:00	15.2	서북서	300	27.37	22.77	0.52	6.0	0.72	6.5	2.3	북동	48	27.9	1003.3	-	88	
2021-07-28 16:00:00	14.7	서북서	297	27.48	22.87	0.46	6.4	0.60	7.0	2.4	북동	52	28.0	1003.3	-	73	
2021-07-28 16:05:00	15.8	서북서	296	27.46	22.84	0.52	6.0	0.68	5.5	2.4	동북동	57	27.9	1003.3	-	76	
2021-07-28 16:10:00	17.9	서북서	293	27.49	22.88	0.55	6.2	0.70	5.0	2.4	동북동	59	28.0	1003.3	-	80	
2021-07-28 16:15:00	18.2	북서	307	27.53	22.76	0.59	6.4	0.93	6.5	1.8	북동	54	28.0	1003.3	-	80	
2021-07-28 16:20:00	16.7	북서	305	27.51	22.98	0.49	5.9	0.78	6.0	2.2	동북동	59	28.1	1003.3	-	79	
2021-07-28 16:25:00	17.8	북서	311	27.48	22.76	0.56	6.8	0.75	6.0	2.3	동북동	59	28.1	1003.2	-	81	
2021-07-28 16:30:00	21.3	북서	308	27.58	22.87	0.45	5.9	0.58	3.5	2.3	북동	56	28.2	1003.3	-	82	
2021-07-28 16:35:00	18.2	북서	310	27.56	22.89	0.48	6.2	0.66	5.5	2.1	북동	55	28.2	1003.2	-	103	
2021-07-28 16:40:00	20.4	서북서	303	27.47	23.16	0.46	6.0	0.59	6.5	2.0	동북동	57	28.2	1003.1	-	86	
2021-07-28 16:45:00	19.2	북서	312	27.58	23.04	0.50	6.3	0.74	6.5	2.2	북동	51	28.2	1003.2	-	63	
2021-07-28 16:50:00	15.1	북서	321	27.64	23.21	0.49	6.2	0.66	6.0	2.2	동북동	63	28.3	1003.2	-	78	
2021-07-28 16:55:00	-	-	-	-	-	-	-	-	-	-	-	-	-	-	-	-	
2021-07-28 17:00:00	18.8	북서	312	27.69	23.12	0.31	6.0	0.62	6.0	2.4	북동	49	28.3	1003.2	-	85	
2021-07-28 17:05:00	22.8	북서	316	27.80	23.10	0.53	6.0	0.70	6.0	2.5	북동	51	28.3	1003.3	-	91	
2021-07-28 17:10:00	19.3	북서	320	27.74	23.31	0.54	5.9	0.71	6.5	2.1	동북동	59	28.3	1003.3	-	76	
2021-07-28 17:15:00	19.2	북서	323	27.74	23.15	0.55	6.2	0.82	6.0	2.0	북동	52	28.3	1003.3	-	70	
2021-07-28 17:20:00	17.5	북북서	329	27.71	23.23	0.56	6.1	0.70	6.5	2.1	동북동	60	28.3	1003.2	-	77	
2021-07-28 17:25:00	15.1	북북서	336	27.61	23.32	0.53	5.9	0.62	6.0	2.1	북동	55	28.3	1003.2	-	73	
2021-07-28 17:30:00	15.6	북서	324	27.61	23.17	0.50	6.0	0.80	5.0	1.7	북동	54	28.7	1003.1	-	53	
2021-07-28 17:35:00	15.9	북북서	342	27.62	23.18	0.60	6.1	1.06	6.0	1.8	동북동	69	28.5	1003.2	-	81	
2021-07-28 17:40:00	14.3	북북서	341	27.75	23.15	0.57	6.1	0.71	5.5	2.0	동북동	70	28.4	1003.2	-	66	
2021-07-28 17:45:00	18.7	북북서	336	27.77	23.10	0.57	6.5	0.89	6.0	2.0	동북동	64	28.3	1003.1	-	75	
2021-07-28 17:50:00	10.2	북북서	337	27.72	23.00	0.53	6.3	0.80	6.5	2.0	동북동	58	28.3	1003.2	-	78	
2021-07-28 17:55:00	11.9	북북서	332	27.80	23.20	0.55	6.1	0.74	6.5	2.0	동북동	60	28.7	1003.2	-	59	
2021-07-28 18:00:00	10.3	북	357	27.72	23.06	0.61	6.4	0.82	6.5	2.2	동북동	66	28.8	1003.2	-	69	
2021-07-28 18:05:00	17.3	북	359	27.75	23.13	0.52	6.3	0.92	6.0	2.3	동북동	64	28.9	1003.2	-	69	
2021-07-28 18:10:00	12.1	북북서	344	27.79	23.11	0.57	6.0	0.78	6.0	2.2	동북동	63	28.8	1003.2	-	71	
2021-07-28 18:15:00	12.3	북북서	341	27.83	23.18	0.46	6.3	0.72	5.5	2.2	동북동	69	28.8	1003.2	-	65	
2021-07-28 18:20:00	9.2	북북서	343	27.80	23.34	0.60	6.1	0.82	5.0	2.3	동북동	76	28.7	1003.2	-	62	
2021-07-28 18:25:00	7.8	북	3	27.78	23.46	0.54	6.1	0.76	6.0	2.2	동	80	28.4	1003.1	-	62	
2021-07-28 18:30:00	6.0	북	10	27.69	23.10	0.62	5.9	0.84	6.0	2.1	동	86	28.3	1003.1	-	98	
2021-07-28 18:35:00	4.1	북	359	27.75	23.08	0.53	5.9	0.87	5.5	2.0	동	92	28.3	1003.1	-	73	
2021-07-28 18:40:00	5.4	북북동	17	27.69	23.41	0.56	6.1	0.67	6.0	2.0	동	98	28.2	1003.1	-	66	
2021-07-28 18:45:00	10.0	북북동	13	27.66	23.16	0.51	6.0	0.66	4.0	2.0	동	86	28.3	1003.1	-	79	
2021-07-28 18:50:00	11.6	북북동	12	27.62	23.05	0.52	6.0	0.62	5.5	1.8	동	93	28.6	1003.2	-	84	
2021-07-28 18:55:00	13.7	북	7	27.72	23.38	0.55	6.0	0.79	7.5	1.9	동	92	28.5	1003.2	-	80	
2021-07-28 19:00:00	5.4	북북서	348	27.75	23.29	0.55	5.6	0.80	6.5	1.8	동	88	28.4	1003.2	-	91	
2021-07-28 19:05:00	5.4	북북동	12	27.70	23.09	0.58	6.4	0.77	5.0	1.8	동	100	28.1	1003.2	-	76	
2021-07-28 19:10:00	5.4	북북동	12	27.68	22.96	0.59	6.1	0.91	6.0	2.0	동	101	27.9	1003.2	-	81	
2021-07-28 19:15:00	5.8	북	1	27.69	22.78	0.49	6.1	0.70	5.5	2.1	동남동	109	27.7	1003.2	-	67	
2021-07-28 19:20:00	5.5	북	3	27.66	23.21	0.58	6.0	0.78	5.5	1.9	동남동	115	27.6	1003.2	-	78	
2021-07-28 19:25:00	5.7	북	8	27.62	23.39	0.52	5.8	0.66	5.5	1.8	남동	127	27.6	1003.2	-	78	
2021-07-28 19:30:00	7.4	북북동	11	27.61	23.27	0.61	5.9	1.03	6.0	1.9	남동	124	27.6	1003.2	-	78	
2021-07-28 19:35:00	6.2	북북동	12	27.64	23.35	0.52	6.2	0.70	6.5	2.0	동남동	112	27.6	1003.3	-	81	
2021-07-28 19:40:00	8.4	북북동	22	27.61	23.21	0.50	5.8	0.73	5.5	2.0	동남동	109	27.5	1003.3	-	64	
2021-07-28 19:45:00	9.1	북	8	27.66	23.43	0.57	5.5	0.95	5.5	1.9	동남동	109	27.5	1003.3	-	66	
2021-07-28 19:50:00	12.6	북북동	17	27.61	23.36	0.56	6.4	0.76	6.5	1.8	동남동	116	27.5	1003.3	-	80	
2021-07-28 19:55:00	8.5	북북동	16	27.60	23.53	0.60	6.0	0.78	6.5	1.7	동남동	114	27.5	1003.3	-	74	
2021-07-28 20:00:00	10.7	북북동	34	27.58	23.50	0.50	6.1	0.72	5.0	1.9	동남동	110	27.5	1003.4	-	84	
2021-07-28 20:05:00	8.7	북북동	20	27.57	23.26	0.47	5.9	0.60	5.5	1.7	동남동	113	27.5	1003.4	-	67	
2021-07-28 20:10:00	12.0	북북동	21	27.57	23.25	0.63	5.5	0.82	5.0	1.4	동남동	121	27.5	1003.4	-	88	
2021-07-28 20:15:00	10.7	북북동	27	27.56	23.43	0.56	6.2	0.77	6.0	1.2	동남동	121	27.4	1003.4	-	76	
2021-07-28 20:20:00	12.8	북북동	20	27.55	23.53	0.51	5.8	0.86	5.5	1.2	남동	127	27.4	1003.5	-	70	
2021-07-28 20:25:00	8.7	북동	47	27.55	23.30	0.51	5.3	0.83	5.5	0.9	남동	131	27.4	1003.5	-	83	
2021-07-28 20:30:00	13.5	동북동	66	27.43	23.42	0.54	5.8	0.72	6.0	1.0	남동	145	27.4	1003.6	-	67	
2021-07-28 20:35:00	10.3	북동	46	27.44	23.39	0.51	6.0	0.73	5.5	1.0	남동	142	27.4	1003.6	-	92	
2021-07-28 20:40:00	9.7	북북동	23	27.55	23.21	0.60	6.5	0.78	7.5	0.8	남남동	151	27.4	1003.6	-	70	
2021-07-28 20:45:00	6.8	북동	46	27.55	23.03	0.50	5.9	0.77	5.5	0.3	남남동	166	27.4	1003.7	-	75	
2021-07-28 20:50:00	7.8	북동	47	27.50	23.10	0.59	5.7	0.77	6.0	0.1	남	169	27.3	1003.7	-	39	
2021-07-28 20:55:00	5.9	북북서	347	27.49	23.22	0.58	6.1	0.69	6.0	0.1	남	185	27.2	1003.7	-	69	
2021-07-28 21:00:00	5.3	북	358	27.54	23.21	0.60	6.1	1.06	6.0	0.3	남남동	165	27.3	1003.8	-	63	
2021-07-28 21:05:00	5.0	동	80	27.48	23.26	0.51	6.2	0.89	6.0	0.0	남	173	27.3	1003.8	-	70	
2021-07-28 21:10:00	7.6	동북동	68	27.39	23.18	0.58	6.0	0.85	6.0	0.1	남남동	159	27.2	1003.8	-	74	
2021-07-28 21:15:00	5.9	북동	52	27.42	23.24	0.55	5.9	0.79	6.5	0.3	남동	132	27.2	1003.8	-	87	
2021-07-28 21:20:00	2.5	북북동	23	27.36	23.19	0.68	6.4	0.91	6.5	0.3	동남동	122	27.2	1003.9	-	75	
2021-07-28 21:25:00	2.0	동북동	73	27.27	23.12	0.54	5.6	0.93	5.5	0.6	동남동	121	27.2	1003.9	-	94	
2021-07-28 21:30:00	2.3	동남동	123	27.18	23.14	0.53	5.9	0.69	6.5	0.8	동남동	108	27.2	1003.9	-	68	
2021-07-28 21:35:00	4.1	남동	146	27.01	23.11	0.51	5.9	0.82	5.0	1.1	남동	124	27.2	1003.9	-	357	
2021-07-28 21:40:00	0.8	동북동	67	27.17	23.31	0.50	5.8	0.75	5.5	0.9	남동	127	27.2	1003.9	-	87	
2021-07-28 21:45:00	2.7	서	264	26.87	23.38	0.56	6.0	0.74	4.5	0.9	남	170	27.1	1003.9	-	75	
2021-07-28 21:50:00	4.1	남남서	196	26.89	23.49	0.50	5.7	0.72	7.0	0.7	남	184	27.1	1003.9	-	71	
2021-07-28 21:55:00	6.3	남남서	193	26.50	23.41	0.56	6.1	0.81	6.0	0.9	남	187	27.1	1003.9	-	74	
2021-07-28 22:00:00	4.1	남남동	163	26.49	23.40	0.54	6.2	0.73	6.5	1.1	남	185	27.1	1003.9	-	66	
2021-07-28 22:05:00	0.5	동	98	26.89	23.12	0.47	5.9	0.72	6.0	1.1	남	185	27.2	1003.8	-	58	
2021-07-28 22:10:00	4.0	남	185	26.69	23.14	0.54	5.7	0.79	6.0	1.2	남	185	27.1	1003.8	-	63	
2021-07-28 22:15:00	3.9	남	183	26.67	23.10	0.54	6.3	0.80	6.5	1.3	남	185	27.1	1003.8	-	73	
2021-07-28 22:20:00	5.8	남남서	199	26.36	23.12	0.55	5.9	0.68	6.5	1.7	남남서	204	27.1	1003.8	-	69	
2021-07-28 22:25:00	5.9	남서	219	26.71	22.93	0.52	5.9	0.64	4.5	1.6	남서	217	26.9	1003.8	-	70	
2021-07-28 22:30:00	5.0	남남서	199	26.09	23.19	0.57	6.3	0.75	6.0	1.8	남서	223	26.8	1003.8	-	63	
2021-07-28 22:35:00	5.8	남	187	25.49	23.19	0.59	5.8	0.85	6.0	1.2	서남서	246	26.9	1003.8	-	99	
2021-07-28 22:40:00	6.6	남남동	162	26.16	23.31	0.55	6.0	0.87	6.5	1.2	서남서	237	26.8	1003.8	-	67	
2021-07-28 22:45:00	6.3	남	177	26.62	23.52	0.55	6.2	0.71	6.0	1.4	서	261	26.7	1003.8	-	78	
2021-07-28 22:50:00	5.2	남	183	26.16	23.46	0.46	6.1	0.67	6.0	1.8	서남서	249	26.6	1003.8	-	50	
2021-07-28 22:55:00	3.9	남	179	26.40	23.30	0.57	6.3	0.95	6.5	1.7	서남서	250	26.5	1003.8	-	79	
2021-07-28 23:00:00	5.7	남남동	158	26.22	23.21	0.55	6.4	0.66	6.5	1.1	서남서	245	26.5	1003.8	-	62	
2021-07-28 23:05:00	9.3	남	171	26.54	22.93	0.44	6.0	0.64	5.5	1.1	서남서	243	26.4	1003.8	-	72	
2021-07-28 23:10:00	5.9	남	186	26.64	23.05	0.50	5.8	0.66	5.5	0.9	서남서	252	26.4	1003.8	-	82	
2021-07-28 23:15:00	7.8	남남서	198	26.03	22.96	0.49	6.0	0.69	6.0	0.8	서	259	26.4	1003.8	-	58	
2021-07-28 23:20:00	4.6	남	177	26.50	23.36	0.49	6.3	0.72	5.5	0.4	남서	233	26.3	1003.7	-	85	
2021-07-28 23:25:00	8.1	남남동	158	26.65	23.23	0.52	6.3	0.76	6.5	0.3	남	184	26.3	1003.7	-	49	
2021-07-28 23:30:00	9.4	남남동	168	26.51	23.24	0.45	6.2	0.59	6.5	0.4	남	184	26.2	1003.7	-	70	
2021-07-28 23:35:00	8.0	남남서	198	25.70	23.02	0.55	6.2	0.74	6.0	0.2	남	176	26.2	1003.6	-	83	
2021-07-28 23:40:00	8.5	남남서	192	25.31	23.03	0.55	6.7	0.71	6.5	0.6	남	178	26.2	1003.6	-	62	
2021-07-28 23:45:00	7.8	남남서	192	26.14	22.95	0.48	6.2	0.60	5.5	0.8	남	172	26.2	1003.7	-	73	
2021-07-28 23:50:00	7.1	남남서	197	26.08	23.14	0.51	6.3	0.73	6.0	1.2	남남동	157	26.3	1003.6	-	75	
2021-07-28 23:55:00	7.7	남남서	195	26.48	22.81	0.57	5.6	0.68	5.0	1.1	남	188	26.1	1003.6	-	93	
2021-07-29 00:00:00	6.8	남남동	168	26.70	23.05	0.46	6.2	0.54	6.5	0.6	남남서	208	26.0	1003.7	-	70	
2021-07-29 00:05:00	10.8	남남서	207	26.08	22.86	0.55	6.1	0.71	6.5	0.3	남서	215	26.0	1003.7	-	73	
2021-07-29 00:10:00	9.1	남서	214	26.07	22.94	0.61	6.4	0.84	6.5	0.9	남서	218	26.0	1003.6	-	77	
2021-07-29 00:15:00	6.4	남남서	206	26.05	23.08	0.53	6.5	0.69	5.5	1.2	남남서	207	25.9	1003.5	-	80	
2021-07-29 00:20:00	7.3	남서	216	26.10	23.26	0.59	6.2	0.87	6.0	1.3	남남서	208	25.8	1003.5	-	81	
2021-07-29 00:25:00	6.4	서남서	238	26.28	23.31	0.57	6.3	0.76	5.5	1.1	남서	219	25.8	1003.5	-	84	
2021-07-29 00:30:00	3.5	서	260	26.33	23.42	0.49	6.4	0.55	5.5	1.0	서남서	241	25.9	1003.4	-	75	
2021-07-29 00:35:00	5.2	서남서	247	26.46	23.21	0.49	6.6	0.67	7.0	1.4	서남서	252	25.9	1003.4	-	68	
2021-07-29 00:40:00	6.2	서남서	254	26.49	23.32	0.54	6.5	0.85	5.0	1.6	서남서	258	25.8	1003.3	-	76	
2021-07-29 00:45:00	3.9	서남서	253	26.59	23.24	0.56	6.2	0.77	6.0	2.0	서	265	25.8	1003.3	-	68	
2021-07-29 00:50:00	4.8	서	263	26.61	23.36	0.56	6.2	0.75	6.0	1.8	서남서	258	25.8	1003.3	-	87	
2021-07-29 00:55:00	4.6	서남서	237	26.88	23.39	0.53	6.4	0.79	6.0	1.8	서남서	250	25.8	1003.3	-	78	
2021-07-29 01:00:00	4.4	서남서	258	26.76	23.26	0.59	6.5	0.81	7.0	1.5	서남서	243	25.8	1003.2	-	79	
2021-07-29 01:05:00	1.7	서북서	294	26.54	23.29	0.53	5.9	0.83	6.5	1.0	서남서	239	25.7	1003.2	-	68	
2021-07-29 01:10:00	3.8	서남서	252	26.75	23.42	0.55	6.1	0.76	5.5	0.8	남서	231	25.7	1003.2	-	75	
2021-07-29 01:15:00	4.9	서	271	26.78	23.39	0.53	6.6	0.66	6.0	1.1	서남서	245	25.7	1003.2	-	78	
2021-07-29 01:20:00	1.8	서남서	247	26.40	23.39	0.47	5.4	0.62	6.0	1.2	서남서	247	25.8	1003.2	-	63	
2021-07-29 01:25:00	4.6	서북서	303	26.41	23.77	0.48	6.2	0.68	6.5	1.1	남서	229	25.7	1003.2	-	60	
2021-07-29 01:30:00	2.8	서북서	301	26.87	23.55	0.49	5.7	0.84	7.0	1.0	서남서	242	25.7	1003.2	-	80	
2021-07-29 01:35:00	2.1	서북서	293	26.36	23.39	0.59	6.5	0.77	6.5	1.8	서	274	25.7	1003.1	-	60	
2021-07-29 01:40:00	2.8	서남서	243	26.49	23.35	0.66	6.5	0.92	6.5	1.8	서	281	25.6	1003.1	-	95	
2021-07-29 01:45:00	0.9	북서	325	26.58	23.34	0.64	6.5	0.72	5.5	2.3	서북서	297	25.5	1003.1	-	73	
2021-07-29 01:50:00	2.8	서	277	26.57	23.34	0.58	6.8	0.69	6.0	2.5	서북서	298	25.3	1003.2	-	79	
2021-07-29 01:55:00	8.7	서	277	26.54	23.43	0.59	6.6	0.81	6.5	2.2	서북서	301	25.2	1003.2	-	65	
2021-07-29 02:00:00	6.3	서북서	294	26.57	23.31	0.62	6.6	1.02	6.0	2.2	서북서	297	25.1	1003.2	-	78	
2021-07-29 02:05:00	5.4	서북서	290	26.47	23.34	0.48	5.9	0.62	5.5	1.8	서북서	298	25.0	1003.1	-	69	
2021-07-29 02:10:00	3.2	서북서	295	26.35	23.22	0.67	6.6	0.90	6.5	1.6	북서	304	25.1	1003.1	-	78	
2021-07-29 02:15:00	3.2	서북서	294	26.22	23.26	0.67	6.9	0.91	6.5	1.8	서북서	299	25.2	1003.1	-	83	
2021-07-29 02:20:00	7.1	북서	311	26.31	23.45	0.49	6.2	0.66	6.0	2.0	서북서	297	25.2	1003.1	-	60	
2021-07-29 02:25:00	6.6	북서	317	26.46	23.19	0.58	6.7	0.84	6.5	2.0	서북서	302	25.2	1003.1	-	70	
2021-07-29 02:30:00	8.6	서북서	303	26.54	23.28	0.56	6.7	0.71	5.5	1.9	서북서	294	25.2	1003.2	-	69	
2021-07-29 02:35:00	9.1	북서	320	26.43	23.49	0.66	6.4	1.08	6.5	1.7	서북서	300	25.3	1003.2	-	83	
2021-07-29 02:40:00	9.1	북서	314	26.41	23.30	0.50	6.1	0.70	6.5	1.9	북서	305	25.2	1003.2	-	70	
2021-07-29 02:45:00	6.8	북북서	328	25.98	23.03	0.61	6.8	0.82	7.0	2.1	서북서	298	25.1	1003.2	-	69	
2021-07-29 02:50:00	5.9	북서	310	26.00	23.33	0.50	6.0	0.64	5.5	2.0	서북서	297	25.1	1003.1	-	90	
2021-07-29 02:55:00	7.9	북서	323	26.47	23.18	0.61	6.2	0.97	6.0	2.0	서북서	291	25.0	1003.2	-	72	
2021-07-29 03:00:00	8.0	북서	311	26.51	23.24	0.75	6.6	0.88	7.0	1.8	서북서	286	25.0	1003.2	-	68	
2021-07-29 03:05:00	7.0	북서	305	26.51	23.21	0.64	6.6	0.88	7.0	1.9	서	275	25.0	1003.2	-	86	
2021-07-29 03:10:00	8.5	북서	307	26.51	22.92	0.66	6.5	0.88	6.0	2.0	서	263	25.0	1003.2	-	71	
2021-07-29 03:15:00	9.1	서북서	299	26.56	22.65	0.68	6.3	0.88	6.0	1.6	서남서	251	25.1	1003.2	-	79	
2021-07-29 03:20:00	7.0	서북서	298	26.63	22.74	0.59	6.8	0.79	6.5	1.7	서남서	250	25.2	1003.2	-	74	
2021-07-29 03:25:00	3.4	북서	319	26.64	22.53	0.49	6.2	0.67	6.5	1.8	서남서	247	25.2	1003.2	-	79	
2021-07-29 03:30:00	4.1	서북서	303	26.59	22.57	0.58	6.2	0.85	5.5	1.4	서남서	255	25.2	1003.2	-	74	
2021-07-29 03:35:00	4.5	북서	319	26.63	22.64	0.65	6.6	0.79	6.5	0.8	서	265	25.2	1003.2	-	85	
2021-07-29 03:40:00	6.2	서	280	26.73	22.55	0.58	6.1	0.80	6.5	0.9	서북서	298	25.2	1003.2	-	84	
2021-07-29 03:45:00	4.1	서북서	302	26.60	22.58	0.48	6.0	0.58	6.5	1.3	서북서	289	25.1	1003.2	-	69	
2021-07-29 03:50:00	3.6	서북서	304	26.65	22.63	0.57	6.4	0.70	5.5	1.3	서	277	25.1	1003.2	-	74	
2021-07-29 03:55:00	2.0	서북서	304	26.35	22.51	0.50	6.1	0.86	5.0	1.2	서	264	25.1	1003.2	-	80	
2021-07-29 04:00:00	3.2	북	4	26.61	23.04	0.61	6.1	0.83	6.5	1.2	서남서	257	25.1	1003.2	-	71	
2021-07-29 04:05:00	1.7	서북서	302	26.61	22.58	0.54	6.3	0.84	6.0	1.2	서	259	25.1	1003.2	-	62	
2021-07-29 04:10:00	2.7	북	351	26.64	22.72	0.47	6.1	0.71	6.0	1.3	남서	228	25.1	1003.2	-	70	
2021-07-29 04:15:00	4.4	북북서	329	26.49	22.90	0.63	6.2	1.05	6.0	1.2	남서	231	25.0	1003.2	-	83	
2021-07-29 04:20:00	3.0	서북서	293	26.31	22.68	0.57	5.8	0.75	6.5	1.0	남서	229	25.0	1003.2	-	83	
2021-07-29 04:25:00	2.3	북서	312	26.31	22.74	0.70	6.0	0.91	7.0	1.2	남서	229	25.1	1003.2	-	82	
2021-07-29 04:30:00	2.3	북북서	335	26.34	22.84	0.60	5.7	1.05	6.0	1.5	서남서	239	25.1	1003.3	-	72	
2021-07-29 04:35:00	2.2	북서	318	26.39	22.82	0.65	6.0	0.95	5.5	1.4	서남서	248	25.1	1003.3	-	81	
2021-07-29 04:40:00	2.5	북서	305	26.44	22.88	0.66	6.5	0.97	6.5	1.5	남서	235	25.1	1003.3	-	78	
2021-07-29 04:45:00	4.1	북	349	26.44	22.69	0.60	6.2	0.80	7.0	1.7	서남서	240	25.0	1003.3	-	84	
2021-07-29 04:50:00	3.2	북북서	333	26.39	23.05	0.70	6.3	0.98	6.0	2.1	남서	232	25.0	1003.3	-	96	
2021-07-29 04:55:00	5.8	서북서	300	26.55	22.66	0.66	6.5	0.96	6.5	1.9	서남서	243	25.0	1003.3	-	68	
2021-07-29 05:00:00	4.1	서북서	303	26.50	22.78	0.56	6.1	0.75	6.0	2.3	서남서	242	25.0	1003.3	-	79	
2021-07-29 05:05:00	6.4	서북서	300	26.48	22.71	0.64	6.5	0.83	7.5	2.5	서남서	241	24.8	1003.3	-	82	
2021-07-29 05:10:00	4.3	북서	309	26.38	22.68	0.64	6.1	0.77	6.5	2.2	서남서	241	24.7	1003.3	-	73	
2021-07-29 05:15:00	8.6	북서	306	26.23	22.67	0.56	6.1	0.79	6.0	2.1	남서	234	24.8	1003.3	-	89	
2021-07-29 05:20:00	7.0	북서	305	26.34	22.63	0.59	5.8	0.75	5.0	2.2	남서	231	24.9	1003.3	-	70	
2021-07-29 05:25:00	8.9	서북서	298	26.42	22.71	0.68	6.1	0.93	6.0	1.8	남서	228	25.0	1003.3	-	87	
2021-07-29 05:30:00	10.7	북서	305	26.32	22.70	0.68	6.4	1.08	7.0	1.9	남서	225	25.0	1003.4	-	79	
2021-07-29 05:35:00	9.7	북서	313	25.81	22.28	0.72	6.3	1.06	7.0	2.0	남서	225	24.8	1003.5	-	89	
2021-07-29 05:40:00	9.1	북서	306	26.22	22.30	0.55	6.0	0.71	6.5	1.8	남서	224	25.0	1003.5	-	65	
2021-07-29 05:45:00	11.2	서북서	291	26.32	22.30	0.62	6.2	0.98	6.0	2.1	남서	224	25.0	1003.6	-	79	
2021-07-29 05:50:00	9.1	서북서	294	26.31	22.39	0.61	6.3	0.77	5.5	2.1	남남서	209	25.1	1003.6	-	82	
2021-07-29 05:55:00	9.6	서북서	303	26.12	22.61	0.73	6.1	1.23	6.0	1.9	남남서	213	25.2	1003.6	-	91	
2021-07-29 06:00:00	8.4	서북서	300	26.26	22.63	0.68	6.5	0.88	5.0	1.7	남서	221	25.3	1003.6	-	94	
2021-07-29 06:05:00	11.0	서북서	297	26.49	22.46	0.60	6.3	0.95	6.0	1.9	남서	229	25.3	1003.6	-	79	
2021-07-29 06:10:00	11.1	서북서	290	26.69	22.67	0.63	6.2	0.91	5.5	2.3	서남서	250	25.4	1003.6	-	73	
2021-07-29 06:15:00	15.5	서북서	289	26.64	22.64	0.67	6.1	0.91	6.0	2.2	서남서	252	25.4	1003.5	-	90	
2021-07-29 06:20:00	12.3	서북서	287	26.78	22.48	0.71	5.7	1.00	6.0	2.3	서남서	253	25.4	1003.5	-	73	
2021-07-29 06:25:00	10.9	서	279	26.77	22.37	0.64	5.7	0.98	5.5	2.7	서남서	255	25.6	1003.5	-	95	
2021-07-29 06:30:00	14.3	서북서	285	26.69	22.26	0.53	6.2	0.80	7.0	2.5	서남서	247	25.6	1003.4	-	72	
2021-07-29 06:35:00	12.3	서북서	291	26.57	22.34	0.78	6.1	0.98	6.0	2.3	서남서	244	25.7	1003.4	-	79	
2021-07-29 06:40:00	12.6	서	273	26.75	22.36	0.55	6.2	0.84	6.5	2.0	서남서	248	25.8	1003.4	-	84	
2021-07-29 06:45:00	10.7	서	268	26.82	22.30	0.70	5.8	1.01	6.0	1.8	남서	231	25.9	1003.4	-	84	
2021-07-29 06:50:00	13.1	서북서	295	26.59	22.26	0.61	5.9	0.79	5.5	1.8	남서	224	25.9	1003.4	-	101	
2021-07-29 06:55:00	10.7	서북서	298	26.69	22.30	0.67	6.1	0.90	6.5	1.6	남남서	213	25.8	1003.4	-	66	
2021-07-29 07:00:00	10.6	서북서	291	26.55	22.23	0.70	6.1	0.93	6.0	1.7	남서	221	25.8	1003.5	-	87	
2021-07-29 07:05:00	14.9	북서	326	26.07	22.47	0.50	6.2	0.94	5.0	1.3	남서	231	25.9	1003.4	-	106	
2021-07-29 07:10:00	12.7	서북서	298	26.33	22.45	0.62	6.3	0.99	6.0	0.9	서남서	248	26.1	1003.4	-	87	
2021-07-29 07:15:00	13.2	서북서	293	26.65	22.38	0.64	6.0	0.94	6.5	0.9	서남서	237	26.3	1003.3	-	74	
2021-07-29 07:20:00	12.8	서북서	292	26.77	22.41	0.64	6.1	0.89	6.0	0.4	남서	218	26.6	1003.3	-	79	
2021-07-29 07:25:00	11.4	서북서	290	26.80	22.39	0.65	6.4	0.81	6.0	0.0	남동	131	27.1	1003.3	-	77	
2021-07-29 07:30:00	10.8	서북서	290	26.75	22.40	0.73	5.8	1.00	5.5	0.0	동북동	67	27.9	1003.2	-	78	
2021-07-29 07:35:00	7.6	서북서	294	26.77	22.37	0.67	6.3	0.83	5.5	0.1	동북동	78	28.2	1003.2	-	83	
2021-07-29 07:40:00	8.7	서북서	295	26.78	22.39	0.67	6.1	1.21	6.5	0.3	동남동	109	28.0	1003.2	-	76	
2021-07-29 07:45:00	9.4	서북서	299	26.72	22.29	0.62	5.9	0.86	5.5	0.1	동남동	115	27.8	1003.2	-	73	
2021-07-29 07:50:00	10.5	서북서	293	26.73	22.31	0.70	5.9	0.96	5.5	0.0	남동	143	28.2	1003.2	-	75	
2021-07-29 07:55:00	11.8	서북서	282	26.80	22.19	0.56	5.5	0.71	6.5	0.0	남남동	150	28.7	1003.2	-	85	
2021-07-29 08:00:00	13.1	서북서	282	26.84	22.29	0.65	6.2	0.77	5.5	0.0	남서	233	29.0	1003.2	-	80	
2021-07-29 08:05:00	10.9	서북서	284	26.87	22.22	0.69	6.1	1.06	6.5	0.0	남	176	28.8	1003.1	-	73	
2021-07-29 08:10:00	8.6	서북서	282	26.85	22.17	0.61	5.9	0.95	6.0	0.0	서북서	288	29.2	1003.1	-	94	
2021-07-29 08:15:00	7.5	서북서	287	26.88	22.27	0.72	6.1	0.91	5.5	0.0	북서	321	29.6	1003.1	-	90	
2021-07-29 08:20:00	8.5	서	279	26.92	22.33	0.68	5.8	1.02	6.0	0.0	서북서	295	29.8	1003.0	-	77	
2021-07-29 08:25:00	8.8	서	274	26.91	22.49	0.61	6.2	0.82	6.0	0.1	북동	54	29.3	1003.0	-	58	
2021-07-29 08:30:00	7.7	서북서	286	26.88	22.32	0.74	6.1	0.93	6.0	0.6	동북동	66	28.1	1003.1	-	78	
2021-07-29 08:35:00	8.8	서북서	281	26.89	22.26	0.65	6.4	0.89	5.5	0.8	동북동	78	27.5	1003.1	-	79	
2021-07-29 08:40:00	6.6	서북서	303	26.92	22.40	0.79	6.1	1.20	6.0	1.2	동북동	69	27.2	1003.1	-	72	
2021-07-29 08:45:00	9.0	서북서	291	26.92	22.32	0.72	6.2	0.86	5.5	1.5	동북동	74	27.0	1003.1	-	74	
2021-07-29 08:50:00	10.3	서북서	290	26.91	22.45	0.66	6.1	1.18	6.0	1.7	동	80	26.9	1003.1	-	88	
2021-07-29 08:55:00	8.7	서북서	290	26.92	22.46	0.57	5.7	0.73	5.0	1.7	동북동	71	26.8	1003.0	-	92	
2021-07-29 09:00:00	7.7	서북서	286	26.93	22.42	0.73	6.0	1.05	6.0	1.6	동북동	76	26.8	1003.0	-	92	
2021-07-29 09:05:00	8.1	서북서	288	26.87	22.43	0.53	6.0	0.67	5.0	1.6	동북동	74	26.8	1003.0	-	71	
2021-07-29 09:10:00	9.5	서북서	299	26.89	22.40	0.67	6.3	0.91	5.5	1.7	동	83	26.9	1002.9	-	94	
2021-07-29 09:15:00	8.4	북서	308	26.92	22.51	0.63	6.1	0.79	6.5	2.2	동	83	26.8	1002.9	-	66	
2021-07-29 09:20:00	8.5	서북서	296	26.94	22.49	0.62	5.8	0.91	6.0	2.0	동	79	26.8	1002.9	-	84	
2021-07-29 09:25:00	8.4	북서	326	26.89	22.36	0.56	5.9	0.82	6.0	1.9	동	87	26.8	1002.9	-	130	
2021-07-29 09:30:00	7.9	서북서	281	26.88	22.18	0.63	6.4	0.91	6.5	1.9	동	88	26.9	1002.9	-	88	
2021-07-29 09:35:00	6.2	서북서	297	26.91	22.17	0.59	5.8	0.77	6.0	1.9	동	87	27.0	1003.0	-	75	
2021-07-29 09:40:00	5.9	북서	313	26.92	22.26	0.54	5.7	0.75	6.0	2.0	동	90	27.0	1002.9	-	75	
2021-07-29 09:45:00	4.5	서	266	26.97	22.52	0.59	5.7	0.87	6.0	2.3	동	85	27.0	1002.8	-	81	
2021-07-29 09:50:00	3.8	서남서	252	26.96	22.57	0.54	5.9	0.62	5.5	2.9	동	82	26.9	1002.8	-	74	
2021-07-29 09:55:00	7.4	서북서	291	26.98	22.57	0.74	6.0	1.06	6.0	3.1	동	85	26.8	1002.8	-	85	
2021-07-29 10:00:00	4.7	서북서	289	26.95	22.58	0.62	5.7	0.77	5.0	3.1	동	81	26.8	1002.8	-	95	
2021-07-29 10:05:00	5.8	서	279	26.94	22.57	0.62	6.4	0.81	6.0	3.3	동	82	26.8	1002.8	-	91	
2021-07-29 10:10:00	9.5	서	266	27.00	22.55	0.62	6.1	0.84	7.0	3.4	동	86	26.8	1002.8	-	83	
2021-07-29 10:15:00	8.4	서	275	26.99	22.66	0.59	5.5	0.80	6.0	3.6	동	83	26.8	1002.8	-	76	
2021-07-29 10:20:00	7.2	서북서	282	26.97	22.62	0.62	6.0	1.00	5.5	3.6	동	89	26.9	1002.7	-	79	
2021-07-29 10:25:00	6.0	서	261	26.98	22.53	0.52	5.8	0.86	5.5	3.5	동	89	26.9	1002.7	-	99	
2021-07-29 10:30:00	5.6	서	269	27.04	22.63	0.62	6.2	0.77	6.0	3.7	동	88	26.9	1002.7	-	79	
2021-07-29 10:35:00	7.1	서북서	286	27.02	22.53	0.59	5.8	0.96	5.5	3.4	동	92	26.9	1002.7	-	87	
2021-07-29 10:40:00	5.0	서	266	27.06	22.76	0.60	5.7	0.82	5.5	3.6	동	91	27.0	1002.6	-	69	
2021-07-29 10:45:00	7.5	서	281	27.06	22.65	0.58	5.9	0.76	6.5	3.9	동	100	27.1	1002.5	-	74	
2021-07-29 10:50:00	7.1	북서	309	27.02	22.68	0.62	5.9	0.76	6.5	3.9	동남동	102	27.1	1002.5	-	92	
2021-07-29 10:55:00	8.4	서북서	288	27.28	22.79	0.67	6.1	0.92	6.0	3.8	동	101	27.2	1002.5	-	81	
2021-07-29 11:00:00	6.6	서북서	290	27.15	22.73	0.64	5.7	0.89	5.5	3.8	동	96	27.2	1002.4	-	97	
2021-07-29 11:05:00	6.5	서	269	27.20	22.62	0.56	6.5	0.86	6.0	3.9	동남동	103	27.2	1002.4	-	67	
2021-07-29 11:10:00	6.8	서	280	27.20	22.75	0.59	5.6	0.93	6.0	4.1	동남동	103	27.2	1002.4	-	76	
2021-07-29 11:15:00	8.5	서북서	290	27.28	22.71	0.62	5.8	0.99	6.0	4.4	동남동	103	27.2	1002.4	-	75	
2021-07-29 11:20:00	10.9	서북서	294	27.29	22.75	0.69	6.4	1.11	6.0	3.8	동남동	108	27.3	1002.4	-	74	
2021-07-29 11:25:00	7.5	북서	304	27.20	22.73	0.69	6.4	0.88	5.5	4.2	동남동	106	27.4	1002.4	-	74	
2021-07-29 11:30:00	3.5	북서	318	27.15	22.68	0.54	6.0	0.73	6.5	3.8	동남동	113	27.4	1002.4	-	66	
2021-07-29 11:35:00	5.5	북서	306	27.20	22.70	0.61	5.7	0.78	6.0	3.9	동남동	107	27.4	1002.4	-	83	
2021-07-29 11:40:00	3.0	북	6	27.00	22.68	0.53	5.7	0.76	5.5	4.2	동남동	112	27.3	1002.4	-	93	
2021-07-29 11:45:00	3.3	북북동	30	26.83	22.71	0.66	6.0	1.05	6.0	3.7	동남동	105	27.4	1002.4	-	90	
2021-07-29 11:50:00	4.9	북북동	18	27.07	23.24	0.67	6.7	0.82	7.5	4.0	동남동	109	27.4	1002.4	-	87	
2021-07-29 11:55:00	5.4	북	359	27.15	23.12	0.55	6.1	0.87	5.5	4.3	동남동	111	27.4	1002.4	-	83	
2021-07-29 12:00:00	7.0	북북서	334	27.31	23.02	0.52	6.3	0.69	5.0	4.3	동남동	113	27.5	1002.4	-	80	
2021-07-29 12:05:00	7.9	북서	316	27.31	23.02	0.55	5.5	0.70	4.0	4.3	동남동	114	27.5	1002.4	-	76	
2021-07-29 12:10:00	9.8	북북서	333	27.32	23.09	0.57	5.7	0.84	5.0	4.1	동남동	108	27.5	1002.4	-	81	
2021-07-29 12:15:00	10.5	북북서	329	27.33	23.01	0.62	6.2	1.00	6.0	4.5	동남동	113	27.5	1002.4	-	84	
2021-07-29 12:20:00	10.3	북북서	336	27.33	22.95	0.56	5.9	0.76	6.0	4.5	동남동	112	27.6	1002.3	-	77	
2021-07-29 12:25:00	13.2	북북서	338	27.32	22.82	0.52	5.8	0.88	6.0	4.0	동남동	117	27.7	1002.3	-	86	
2021-07-29 12:30:00	12.5	북북서	338	27.32	22.92	0.59	5.8	0.93	5.0	4.3	동남동	111	27.7	1002.3	-	87	
2021-07-29 12:35:00	13.3	북북서	335	27.31	22.90	0.63	6.1	1.10	5.5	4.6	동남동	115	27.6	1002.2	-	76	
2021-07-29 12:40:00	19.9	북서	315	27.40	22.99	0.62	6.1	0.82	6.0	4.6	동남동	115	27.7	1002.2	-	85	
2021-07-29 12:45:00	19.4	북서	310	27.42	22.84	0.56	6.2	0.75	6.0	4.4	동남동	112	27.7	1002.2	-	67	
2021-07-29 12:50:00	22.8	북서	307	27.44	22.84	0.63	6.0	1.02	7.0	4.5	동남동	119	27.7	1002.1	-	65	
2021-07-29 12:55:00	22.8	북서	306	27.50	22.86	0.55	6.2	0.72	5.5	4.6	동남동	116	27.8	1002.1	-	85	
2021-07-29 13:00:00	25.8	북서	305	27.53	22.84	0.55	5.5	0.70	5.0	4.8	동남동	114	27.8	1002.0	-	92	
2021-07-29 13:05:00	23.7	북서	309	27.58	22.88	0.00	0.0	0.00	0.0	4.7	동남동	110	27.7	1002.0	-	0	
2021-07-29 13:10:00	26.6	북서	310	27.57	22.88	0.50	5.9	0.67	5.5	5.0	동남동	118	27.8	1002.0	-	85	
2021-07-29 13:15:00	25.3	북서	310	27.55	22.83	0.52	6.1	0.81	6.5	5.1	동남동	117	27.8	1001.9	-	78	
2021-07-29 13:20:00	27.0	북서	312	27.50	22.71	0.55	5.8	0.77	6.0	5.3	동남동	118	27.8	1001.9	-	66	
2021-07-29 13:25:00	21.2	북서	312	27.45	22.72	0.56	6.2	0.72	6.5	5.0	남동	126	27.8	1001.9	-	65	
2021-07-29 13:30:00	25.8	북서	312	27.46	22.93	0.54	5.6	0.78	6.5	5.4	남동	125	27.8	1001.8	-	64	
2021-07-29 13:35:00	28.5	북서	312	27.49	23.05	0.63	6.7	0.92	6.5	6.1	남동	126	27.8	1001.8	-	66	
2021-07-29 13:40:00	28.8	북서	314	27.54	23.06	0.67	6.7	0.88	6.5	5.7	남동	127	27.8	1001.7	-	79	
2021-07-29 13:45:00	27.3	북서	314	27.55	22.35	0.56	5.9	0.81	6.5	6.3	남동	130	27.9	1001.7	-	84	
2021-07-29 13:50:00	23.9	북서	314	27.51	22.43	0.59	5.7	0.81	6.5	6.3	남동	128	27.8	1001.6	-	84	
2021-07-29 13:55:00	27.5	북서	316	27.50	22.33	0.61	6.0	1.08	6.5	6.3	남동	126	27.7	1001.6	-	78	
2021-07-29 14:00:00	28.6	북서	318	27.55	22.45	0.67	6.1	0.81	5.5	6.1	남동	129	27.8	1001.6	-	76	
2021-07-29 14:05:00	32.2	북서	319	27.57	22.64	0.65	6.2	0.99	5.5	6.4	남동	130	27.9	1001.6	-	70	
2021-07-29 14:10:00	25.6	북서	325	27.50	22.71	0.66	5.5	0.80	6.0	6.7	남동	130	27.9	1001.5	-	88	
2021-07-29 14:15:00	23.5	북서	324	27.49	22.68	0.64	5.7	0.87	6.0	6.2	남동	130	27.9	1001.5	-	78	
2021-07-29 14:20:00	30.5	북서	325	27.52	22.51	0.70	5.7	0.90	6.0	6.2	남동	131	27.9	1001.6	-	81	
2021-07-29 14:25:00	30.2	북북서	331	27.51	22.99	0.57	5.4	0.87	6.0	6.6	남동	129	28.0	1001.5	-	68	
2021-07-29 14:30:00	28.3	북북서	334	27.51	22.98	0.67	5.8	0.89	5.5	6.5	남동	128	28.0	1001.5	-	95	
2021-07-29 14:35:00	29.3	북서	326	27.48	22.85	0.70	5.1	0.84	5.5	6.8	남동	132	27.9	1001.4	-	86	
2021-07-29 14:40:00	28.6	북북서	332	27.48	22.79	0.71	5.9	0.98	6.5	7.3	남동	129	28.0	1001.3	-	73	
2021-07-29 14:45:00	30.3	북북서	333	27.46	22.93	0.59	5.8	0.77	6.5	7.3	남동	131	27.9	1001.2	-	64	
2021-07-29 14:50:00	30.7	북서	324	27.45	22.94	0.54	4.4	0.76	5.0	7.4	남동	129	27.9	1001.1	-	97	
2021-07-29 14:55:00	25.9	북서	325	27.38	22.96	0.67	5.9	0.91	5.0	7.2	남동	130	27.8	1001.1	-	79	
2021-07-29 15:00:00	29.7	북북서	330	27.40	22.89	0.60	4.7	0.85	5.5	7.3	남동	131	27.8	1001.1	-	79	
2021-07-29 15:05:00	27.9	북북서	334	27.38	22.88	0.59	5.4	0.85	7.0	6.9	남동	129	27.8	1001.0	-	62	
2021-07-29 15:10:00	23.8	북북서	334	27.33	22.90	0.60	5.7	0.84	7.5	6.8	남동	128	27.7	1001.0	-	70	
2021-07-29 15:15:00	26.5	북북서	336	27.32	22.91	0.72	6.2	0.94	5.0	7.0	남동	130	27.7	1001.0	-	63	
2021-07-29 15:20:00	24.9	북북서	334	27.29	22.87	0.63	4.4	0.94	5.5	6.8	남동	130	27.7	1001.0	-	117	
2021-07-29 15:25:00	27.5	북북서	333	27.29	22.95	0.62	5.2	0.76	5.0	6.6	남동	128	27.7	1000.9	-	61	
2021-07-29 15:30:00	29.6	북북서	334	27.27	22.94	0.64	4.8	0.93	6.0	6.2	동남동	123	27.7	1000.9	-	79	
2021-07-29 15:35:00	28.6	북북서	335	27.31	22.93	0.62	5.0	0.77	5.5	6.3	동남동	120	27.7	1000.9	-	58	
2021-07-29 15:40:00	27.4	북북서	332	27.33	23.14	0.58	4.3	1.06	5.5	6.3	동남동	121	27.7	1000.9	-	68	
2021-07-29 15:45:00	26.2	북북서	334	27.32	23.21	0.56	4.9	0.79	5.5	6.2	동남동	122	27.7	1000.9	-	78	
2021-07-29 15:50:00	23.3	북북서	338	27.31	23.20	0.60	5.4	0.78	5.0	6.6	남동	128	27.7	1000.8	-	66	
2021-07-29 15:55:00	22.6	북북서	339	27.30	23.18	0.57	5.1	0.76	7.5	6.5	남동	129	27.8	1000.8	-	78	
2021-07-29 16:00:00	21.5	북북서	335	27.26	23.09	0.55	4.6	0.77	6.0	6.4	남동	130	27.8	1000.8	-	117	
2021-07-29 16:05:00	18.3	북북서	339	27.21	23.05	0.66	5.3	0.90	6.0	6.6	남동	125	27.8	1000.8	-	65	
2021-07-29 16:10:00	21.6	북북서	348	27.17	23.07	0.55	3.9	0.71	3.0	5.9	동남동	123	27.7	1000.9	-	97	
2021-07-29 16:15:00	24.4	북북서	336	27.16	23.16	0.58	4.7	0.86	5.5	6.7	남동	125	27.7	1000.8	-	75	
2021-07-29 16:20:00	24.5	북북서	331	27.16	23.17	0.66	5.1	0.80	7.0	6.7	남동	126	27.7	1000.8	-	79	
2021-07-29 16:25:00	25.6	북북서	334	27.15	23.09	0.63	5.0	1.09	4.0	6.5	남동	124	27.7	1000.9	-	119	
2021-07-29 16:30:00	25.9	북북서	330	27.14	23.22	0.64	5.6	0.86	5.5	6.6	남동	128	27.8	1000.9	-	79	
2021-07-29 16:35:00	26.0	북북서	338	27.14	23.17	0.64	5.6	0.79	5.5	6.4	남동	130	27.9	1000.9	-	79	
2021-07-29 16:40:00	21.4	북북서	334	27.14	23.11	0.59	5.6	0.72	7.5	7.1	남동	127	27.9	1000.8	-	74	
2021-07-29 16:45:00	25.0	북북서	341	27.22	22.96	0.64	5.4	0.98	5.5	6.5	남동	127	28.0	1000.8	-	65	
2021-07-29 16:50:00	27.8	북북서	344	27.23	23.14	0.60	5.4	0.87	4.5	6.2	남동	132	28.0	1000.8	-	74	
2021-07-29 16:55:00	28.1	북북서	339	27.21	23.05	0.63	5.4	0.83	5.0	6.5	남동	132	28.0	1000.7	-	90	
2021-07-29 17:00:00	28.0	북북서	330	27.21	23.11	0.51	4.4	0.68	3.0	6.1	남동	134	28.0	1000.7	-	127	
2021-07-29 17:05:00	25.3	북북서	334	27.21	23.15	0.67	5.0	0.91	7.0	5.8	남동	138	28.0	1000.8	-	75	
2021-07-29 17:10:00	22.4	북북서	335	27.17	23.09	0.56	4.9	0.79	3.0	5.8	남동	138	27.9	1000.8	-	122	
2021-07-29 17:15:00	26.0	북북서	335	27.16	23.08	0.61	5.0	0.77	5.5	5.9	남동	135	28.0	1000.8	-	77	
2021-07-29 17:20:00	27.1	북북서	334	27.15	23.20	0.53	4.8	0.69	7.0	5.3	남동	131	28.0	1000.9	-	94	
2021-07-29 17:25:00	26.9	북북서	337	27.11	23.04	0.54	4.8	0.80	5.5	5.5	남동	128	27.9	1000.8	-	100	
2021-07-29 17:30:00	25.9	북북서	339	27.10	22.87	0.60	4.7	0.76	5.5	5.2	남동	125	27.9	1000.8	-	86	
2021-07-29 17:35:00	26.5	북북서	338	27.10	23.03	0.52	4.6	0.82	4.0	5.2	남동	126	27.9	1000.8	-	94	
2021-07-29 17:40:00	27.1	북북서	339	27.16	23.33	0.57	4.9	0.83	4.0	5.5	남동	129	27.8	1000.8	-	54	
2021-07-29 17:45:00	28.1	북북서	334	27.17	23.09	0.54	4.5	0.76	3.5	5.6	남동	124	27.8	1000.7	-	104	
2021-07-29 17:50:00	29.3	북북서	336	27.18	23.09	0.61	5.3	0.80	5.5	5.7	남동	126	27.9	1000.7	-	71	
2021-07-29 17:55:00	27.3	북북서	333	27.19	23.04	0.51	4.5	0.83	5.5	5.7	남동	126	28.0	1000.7	-	70	
2021-07-29 18:00:00	24.4	북북서	335	27.18	23.05	0.50	5.2	0.67	5.0	5.8	동남동	121	27.8	1000.7	-	66	
2021-07-29 18:05:00	26.3	북북서	335	27.16	23.06	0.51	5.3	0.73	7.0	5.6	남동	124	27.7	1000.7	-	81	
2021-07-29 18:10:00	26.9	북북서	339	27.12	23.00	0.52	4.9	0.74	4.0	5.7	동남동	121	27.6	1000.7	-	91	
2021-07-29 18:15:00	27.2	북북서	340	27.08	22.95	0.55	5.5	0.81	4.5	5.6	동남동	121	27.6	1000.7	-	90	
2021-07-29 18:20:00	27.2	북북서	337	27.04	23.01	0.49	4.8	0.69	4.5	5.4	남동	125	27.5	1000.8	-	124	
2021-07-29 18:25:00	25.0	북북서	337	27.01	23.03	0.52	4.8	0.67	5.5	4.7	동남동	120	27.6	1000.9	-	104	
2021-07-29 18:30:00	27.4	북북서	341	26.98	22.72	0.55	5.5	0.70	5.0	4.7	남동	126	27.6	1001.0	-	73	
2021-07-29 18:35:00	27.1	북북서	337	26.91	22.84	0.52	5.4	0.79	5.0	5.0	남동	129	27.6	1001.0	-	58	
2021-07-29 18:40:00	26.7	북북서	335	26.83	22.71	0.48	4.5	0.69	5.0	4.8	남동	128	27.5	1001.0	-	53	
2021-07-29 18:45:00	27.9	북북서	340	26.79	22.76	0.50	4.9	0.70	6.0	4.8	남동	128	27.4	1001.0	-	74	
2021-07-29 18:50:00	29.5	북북서	340	26.72	22.72	0.46	4.4	0.70	3.5	4.7	남동	130	27.3	1001.0	-	55	
2021-07-29 18:55:00	30.6	북북서	341	26.61	22.58	0.52	5.3	0.71	5.5	4.6	남동	128	27.2	1001.0	-	50	
2021-07-29 19:00:00	30.2	북북서	340	26.54	22.65	0.53	4.7	0.70	6.0	4.5	남동	126	27.2	1001.0	-	89	
2021-07-29 19:05:00	29.2	북북서	336	26.51	22.71	0.53	5.3	0.64	5.0	4.6	남동	124	27.2	1001.0	-	75	
2021-07-29 19:10:00	25.9	북북서	343	26.44	23.03	0.50	5.3	0.65	5.5	4.8	남동	128	27.2	1001.0	-	77	
2021-07-29 19:15:00	26.6	북북서	338	26.44	22.90	0.51	4.7	0.72	5.5	4.5	남동	127	27.1	1001.0	-	107	
2021-07-29 19:20:00	25.7	북북서	343	26.39	22.70	0.47	4.8	0.62	5.0	4.4	남동	124	27.1	1001.0	-	93	
2021-07-29 19:25:00	26.6	북북서	345	26.40	22.68	0.44	5.0	0.58	5.0	4.4	남동	128	27.0	1001.0	-	75	
2021-07-29 19:30:00	28.2	북북서	347	26.34	22.81	0.47	4.8	0.70	3.5	4.6	남동	132	27.0	1001.0	-	80	
2021-07-29 19:35:00	27.7	북북서	340	26.28	22.98	0.54	5.5	0.72	4.5	4.5	남동	134	27.0	1001.1	-	66	
2021-07-29 19:40:00	28.0	북북서	341	26.22	23.21	0.53	5.9	0.69	5.5	4.6	남남동	149	27.0	1001.2	-	92	
2021-07-29 19:45:00	24.6	북북서	340	26.09	22.98	0.47	5.0	0.73	4.0	3.4	남남동	158	26.8	1001.2	-	84	
2021-07-29 19:50:00	24.8	북북서	344	26.00	22.93	0.51	5.2	0.82	4.0	2.3	남남동	157	26.6	1001.2	-	99	
2021-07-29 19:55:00	21.7	북북서	344	25.90	23.17	0.48	4.8	0.67	5.0	2.8	남동	140	26.5	1001.2	-	63	
2021-07-29 20:00:00	19.9	북북서	346	25.90	22.92	0.43	5.4	0.54	6.0	3.0	남동	130	26.5	1001.1	-	73	
2021-07-29 20:05:00	23.7	북북서	346	25.85	23.08	0.47	5.2	0.71	5.0	2.8	남동	125	26.5	1001.1	-	75	
2021-07-29 20:10:00	20.1	북북서	346	25.72	23.19	0.49	4.9	0.75	5.0	2.4	남동	134	26.5	1001.2	-	58	
2021-07-29 20:15:00	22.2	북북서	342	25.69	23.09	0.49	5.0	0.96	5.5	2.6	남동	133	26.4	1001.1	-	59	
2021-07-29 20:20:00	22.7	북북서	340	25.54	22.94	0.47	5.3	0.63	6.0	3.1	남동	142	26.4	1001.2	-	73	
2021-07-29 20:25:00	22.4	북북서	343	25.51	22.98	0.45	5.4	0.62	5.0	2.8	남동	146	26.3	1001.2	-	64	
2021-07-29 20:30:00	20.2	북북서	340	25.44	22.96	0.53	5.0	0.80	4.0	2.8	남동	141	26.3	1001.2	-	79	
2021-07-29 20:35:00	25.4	북북서	344	25.34	22.89	0.40	4.6	0.51	4.0	3.2	남동	146	26.3	1001.2	-	40	
2021-07-29 20:40:00	23.0	북북서	347	25.29	23.02	0.53	4.8	0.76	4.5	3.1	남남동	147	26.2	1001.2	-	117	
2021-07-29 20:45:00	24.9	북	349	25.27	23.01	0.41	4.5	0.69	4.5	3.1	남동	146	26.3	1001.2	-	95	
2021-07-29 20:50:00	18.4	북북서	348	25.14	22.99	0.46	4.5	0.60	5.5	2.7	남남동	155	26.5	1001.3	-	69	
2021-07-29 20:55:00	19.4	북	350	25.01	23.26	0.45	5.0	0.73	5.0	2.3	남남동	166	26.3	1001.4	-	94	
2021-07-29 21:00:00	21.6	북	354	24.96	23.23	0.49	4.6	0.75	5.5	1.7	남남동	165	26.2	1001.4	-	88	
2021-07-29 21:05:00	19.7	북	359	24.88	23.14	0.50	5.3	0.71	5.5	1.8	남남동	157	26.1	1001.4	-	71	
2021-07-29 21:10:00	20.6	북	353	24.82	23.13	0.50	5.3	0.66	5.0	1.6	남남동	166	26.1	1001.4	-	71	
2021-07-29 21:15:00	18.6	북	358	24.79	22.99	0.51	5.1	0.71	4.5	1.1	남남동	166	26.4	1001.4	-	86	
2021-07-29 21:20:00	11.9	북북서	348	24.55	22.95	0.48	4.8	0.62	4.0	1.0	남	173	26.6	1001.4	-	88	
2021-07-29 21:25:00	10.2	북	352	24.41	23.10	0.56	5.3	0.87	5.0	1.1	남	186	26.7	1001.4	-	85	
2021-07-29 21:30:00	12.7	북	349	24.66	23.19	0.45	4.8	0.64	4.5	1.3	서	278	26.7	1001.4	-	42	
2021-07-29 21:35:00	12.9	북	351	24.41	23.27	0.49	5.1	0.73	4.5	1.8	서북서	287	26.6	1001.4	-	72	
2021-07-29 21:40:00	10.5	북북서	334	24.15	23.30	0.44	4.4	0.58	5.5	1.6	서북서	290	26.5	1001.4	-	89	
2021-07-29 21:45:00	10.9	북서	322	23.85	23.03	0.53	4.4	0.77	4.0	1.8	서북서	291	26.5	1001.4	-	103	
2021-07-29 21:50:00	10.5	북북서	342	23.52	23.26	0.50	4.6	0.72	3.5	1.5	서북서	303	26.5	1001.4	-	61	
2021-07-29 21:55:00	11.4	북서	317	23.52	23.27	0.47	5.1	0.60	4.5	1.5	서북서	299	26.5	1001.4	-	91	
2021-07-29 22:00:00	11.4	북북서	334	22.95	23.38	0.45	5.0	0.66	5.5	1.5	북서	304	26.6	1001.4	-	81	
2021-07-29 22:05:00	13.8	북북서	331	22.83	23.54	0.50	5.0	0.75	7.0	1.4	서북서	291	26.7	1001.4	-	111	
2021-07-29 22:10:00	12.1	북북서	333	22.66	23.16	0.49	4.7	0.58	5.0	1.0	서북서	296	26.7	1001.4	-	71	
2021-07-29 22:15:00	10.7	북북서	334	22.74	23.22	0.46	4.4	0.57	3.0	0.4	북서	305	26.6	1001.4	-	66	
2021-07-29 22:20:00	11.8	북	349	22.50	23.24	0.42	4.4	0.88	4.5	0.2	북북동	23	26.5	1001.3	-	67	
2021-07-29 22:25:00	10.8	북	351	22.45	23.28	0.51	4.9	0.81	4.0	0.7	동	85	26.2	1001.3	-	65	
2021-07-29 22:30:00	11.2	북북서	346	22.22	23.32	0.45	4.8	0.59	3.0	0.5	동남동	108	26.1	1001.2	-	152	
2021-07-29 22:35:00	11.2	북북서	336	22.24	23.50	0.40	4.4	0.65	3.5	0.8	동남동	123	26.0	1001.2	-	52	
2021-07-29 22:40:00	12.4	북북서	333	22.21	23.43	0.43	4.8	0.54	4.5	0.9	동	86	26.1	1001.1	-	84	
2021-07-29 22:45:00	7.2	북북서	344	22.15	23.46	0.43	4.5	0.58	5.5	0.7	동북동	63	26.0	1001.1	-	103	
2021-07-29 22:50:00	10.8	북북서	346	22.05	23.53	0.50	5.1	0.63	6.0	0.4	북동	34	26.0	1001.1	-	78	
2021-07-29 22:55:00	11.3	북	354	22.01	23.47	0.51	4.5	0.66	4.0	0.5	북북동	14	26.0	1001.1	-	318	
2021-07-29 23:00:00	6.3	북북서	342	22.04	23.67	0.44	4.5	0.56	6.5	0.2	북북서	339	26.0	1001.1	-	222	
2021-07-29 23:05:00	7.7	북북서	341	22.08	23.76	0.46	4.6	0.70	4.5	0.2	북	351	26.0	1001.1	-	96	
2021-07-29 23:10:00	8.4	북	350	22.16	23.64	0.47	4.4	0.62	3.5	0.4	북동	38	26.1	1001.1	-	278	
2021-07-29 23:15:00	8.2	북북서	338	22.14	23.07	0.43	4.4	0.53	4.0	0.8	동북동	57	26.1	1001.0	-	66	
2021-07-29 23:20:00	7.8	북북서	344	22.37	23.04	0.47	4.5	0.62	4.5	1.1	북동	44	26.1	1001.0	-	74	
2021-07-29 23:25:00	8.3	서북서	296	23.05	22.84	0.45	4.8	0.87	4.5	1.2	북북동	24	26.1	1001.0	-	51	
2021-07-29 23:30:00	8.7	서북서	303	22.81	22.98	0.43	4.9	0.67	4.5	1.0	북	8	26.0	1001.1	-	245	
2021-07-29 23:35:00	6.4	북서	307	22.83	23.08	0.46	4.3	0.61	4.0	1.1	북	359	25.9	1001.1	-	290	
2021-07-29 23:40:00	7.6	북서	321	22.78	22.87	0.46	5.0	0.56	3.0	0.8	북북서	347	26.0	1001.1	-	70	
2021-07-29 23:45:00	4.7	북서	323	22.95	22.87	0.42	5.2	0.53	4.0	0.7	북	353	25.9	1001.0	-	93	
2021-07-29 23:50:00	5.2	북서	318	22.68	22.77	0.43	5.2	0.59	3.5	0.6	북	351	25.9	1001.0	-	69	
2021-07-29 23:55:00	6.8	서북서	293	22.74	22.84	0.45	4.2	0.68	5.0	0.7	북북서	345	25.8	1000.9	-	34	
2021-07-30 00:00:00	8.5	북서	313	22.58	22.88	0.47	4.9	0.62	6.0	0.8	북	350	25.8	1000.8	-	77	
2021-07-30 00:05:00	7.8	북서	306	22.53	22.97	0.42	5.0	0.50	6.0	0.7	북북서	330	25.8	1000.8	-	66	
2021-07-30 00:10:00	8.7	북서	311	22.34	23.08	0.43	4.6	0.77	4.0	0.9	북서	323	25.9	1000.7	-	290	
2021-07-30 00:15:00	9.3	서북서	297	22.40	23.04	0.42	4.9	0.65	5.0	0.7	서북서	296	25.8	1000.7	-	96	
2021-07-30 00:20:00	9.9	서북서	285	22.71	22.90	0.47	5.3	0.61	6.0	0.2	북북서	328	25.9	1000.6	-	47	
2021-07-30 00:25:00	8.9	서북서	301	22.51	22.88	0.43	4.1	0.66	5.0	0.3	북북동	13	25.9	1000.6	-	9	
2021-07-30 00:30:00	11.0	서북서	286	22.29	23.07	0.45	5.1	0.73	4.5	0.2	북서	305	25.8	1000.5	-	55	
2021-07-30 00:35:00	9.3	서북서	293	22.40	23.16	0.41	4.8	0.76	4.0	0.5	북서	311	25.8	1000.5	-	69	
2021-07-30 00:40:00	10.1	서북서	291	22.35	23.15	0.37	5.3	0.59	4.5	1.0	북서	306	25.8	1000.5	-	63	
2021-07-30 00:45:00	11.9	서북서	291	22.33	23.13	0.40	5.2	0.62	5.5	0.7	서북서	303	25.8	1000.5	-	77	
2021-07-30 00:50:00	13.3	서북서	294	22.33	23.32	0.45	5.2	0.57	4.0	0.4	북	350	25.8	1000.5	-	84	
2021-07-30 00:55:00	13.5	서북서	298	22.25	23.15	0.42	4.7	0.61	3.5	0.6	북북서	342	25.8	1000.5	-	61	
2021-07-30 01:00:00	13.2	서북서	298	22.26	23.14	0.42	4.7	0.57	5.5	0.8	북서	310	25.6	1000.4	-	81	
2021-07-30 01:05:00	16.0	서북서	296	22.37	23.22	0.44	5.3	0.65	7.0	0.6	서북서	299	25.6	1000.5	-	305	
2021-07-30 01:10:00	13.9	서북서	298	22.42	22.95	0.00	0.0	0.00	0.0	0.4	서남서	245	25.7	1000.5	-	200	
2021-07-30 01:15:00	19.9	서북서	297	22.37	22.99	0.41	5.1	0.49	4.5	0.6	남남서	210	25.7	1000.4	-	74	
2021-07-30 01:20:00	16.7	서북서	294	22.34	22.99	0.45	5.2	0.56	6.0	0.6	남남서	204	25.6	1000.4	-	83	
2021-07-30 01:25:00	18.4	서북서	294	22.31	23.02	0.44	5.2	0.65	5.5	0.3	남남동	163	25.6	1000.4	-	82	
2021-07-30 01:30:00	16.2	서북서	289	22.30	22.88	0.55	5.1	0.75	5.5	0.6	동남동	120	25.4	1000.4	-	87	
2021-07-30 01:35:00	14.4	서북서	300	22.46	23.47	0.43	4.7	0.67	3.5	0.5	남동	142	25.2	1000.4	-	85	
2021-07-30 01:40:00	17.8	서북서	289	22.40	23.43	0.44	5.5	0.59	5.5	0.5	남남동	154	25.4	1000.4	-	75	
2021-07-30 01:45:00	20.4	서북서	289	22.56	23.61	0.47	5.6	0.62	6.0	0.3	남동	146	25.3	1000.5	-	88	
2021-07-30 01:50:00	21.2	서북서	284	22.59	23.42	0.46	5.9	0.78	6.0	0.5	남	182	25.2	1000.6	-	74	
2021-07-30 01:55:00	21.2	서북서	285	22.64	23.27	0.55	5.4	0.66	5.5	0.3	남남서	192	25.3	1000.6	-	67	
2021-07-30 02:00:00	18.9	서북서	291	22.71	23.26	0.44	5.5	0.78	4.5	0.5	남	179	25.3	1000.6	-	61	
2021-07-30 02:05:00	19.1	서북서	290	22.79	23.16	0.48	5.4	0.77	4.5	0.5	남남동	157	25.2	1000.6	-	294	
2021-07-30 02:10:00	19.8	서북서	293	22.87	23.21	0.51	5.9	0.77	5.5	1.1	남동	135	25.1	1000.6	-	70	
2021-07-30 02:15:00	19.0	서북서	290	22.93	23.08	0.50	5.2	0.66	6.0	1.1	남동	143	25.0	1000.5	-	66	
2021-07-30 02:20:00	18.1	서북서	290	23.03	23.15	0.51	6.7	0.68	5.5	1.1	남동	140	25.1	1000.5	-	79	
2021-07-30 02:25:00	18.0	서북서	290	23.14	23.13	0.46	6.1	0.59	4.5	0.9	남동	131	25.2	1000.5	-	72	
2021-07-30 02:30:00	17.4	서북서	287	23.21	23.06	0.45	5.7	0.57	4.0	0.7	남동	146	25.1	1000.6	-	84	
2021-07-30 02:35:00	16.9	서북서	290	23.28	23.06	0.45	5.1	0.72	5.0	0.4	남남서	206	24.7	1000.6	-	69	
2021-07-30 02:40:00	19.0	서북서	292	23.32	23.07	0.45	5.8	0.57	9.0	0.1	서남서	255	24.8	1000.5	-	75	
2021-07-30 02:45:00	17.5	서북서	291	23.35	22.96	0.47	6.2	0.58	5.5	0.1	서	268	25.0	1000.5	-	75	
2021-07-30 02:50:00	20.3	서북서	290	23.36	23.00	0.45	5.6	0.62	5.5	0.0	남동	145	25.0	1000.5	-	61	
2021-07-30 02:55:00	21.3	서북서	290	23.19	23.11	0.48	5.4	0.74	5.0	0.1	남	185	24.8	1000.5	-	63	
2021-07-30 03:00:00	20.7	서북서	294	23.42	23.12	0.55	5.5	0.91	9.0	0.2	남남서	201	24.9	1000.5	-	84	
2021-07-30 03:05:00	20.3	서북서	290	23.54	23.32	0.51	6.3	0.67	7.0	0.4	남	172	24.9	1000.5	-	66	
2021-07-30 03:10:00	19.4	서북서	288	23.67	23.49	0.48	5.7	0.61	4.5	0.8	남동	146	24.9	1000.6	-	87	
2021-07-30 03:15:00	18.6	서북서	295	23.70	23.17	0.53	6.4	0.84	6.0	1.0	남동	138	24.8	1000.5	-	76	
2021-07-30 03:20:00	18.6	서북서	291	23.74	23.09	0.51	6.0	0.70	6.0	1.3	남동	139	24.7	1000.5	-	97	
2021-07-30 03:25:00	17.8	서북서	292	23.80	23.01	0.54	5.9	0.73	5.0	1.7	남남동	156	24.3	1000.5	-	72	
2021-07-30 03:30:00	16.8	서북서	297	23.83	22.94	0.55	6.5	0.76	8.5	2.0	남남동	151	24.3	1000.5	-	70	
2021-07-30 03:35:00	15.7	서북서	290	23.90	22.95	0.53	5.8	0.80	7.5	1.7	남남동	154	24.6	1000.5	-	86	
2021-07-30 03:40:00	17.1	서북서	295	23.95	22.97	0.60	6.8	0.77	6.5	1.4	남남동	165	24.8	1000.6	-	64	
2021-07-30 03:45:00	15.9	서북서	293	24.00	23.02	0.52	5.6	0.69	6.5	1.5	남	170	25.1	1000.6	-	84	
2021-07-30 03:50:00	15.8	서북서	304	24.04	22.89	0.48	5.4	0.62	4.5	1.7	남	180	25.3	1000.6	-	78	
2021-07-30 03:55:00	16.7	북서	305	24.10	22.90	0.50	5.4	0.69	6.0	1.3	남남서	196	25.4	1000.6	-	74	
2021-07-30 04:00:00	14.4	서북서	304	24.14	22.78	0.51	5.8	0.73	6.5	1.0	남남서	198	25.3	1000.6	-	77	
2021-07-30 04:05:00	14.9	서북서	298	24.17	22.73	0.53	6.1	0.63	8.5	0.8	남	190	25.3	1000.6	-	75	
2021-07-30 04:10:00	12.8	서북서	300	24.18	22.85	0.52	6.1	0.70	6.0	0.8	남남서	209	25.6	1000.6	-	85	
2021-07-30 04:15:00	17.7	북서	310	24.06	23.06	0.58	6.0	0.71	6.5	0.6	서남서	241	25.6	1000.6	-	80	
2021-07-30 04:20:00	17.9	북서	316	23.73	23.19	0.54	6.6	0.65	4.0	0.9	서	265	25.2	1000.6	-	70	
2021-07-30 04:25:00	14.9	북서	316	23.72	23.08	0.55	6.0	0.70	6.0	0.7	서북서	291	25.1	1000.6	-	64	
2021-07-30 04:30:00	14.4	북서	311	24.25	23.19	0.52	6.0	0.67	5.5	0.6	북서	323	24.9	1000.7	-	63	
2021-07-30 04:35:00	13.2	서북서	301	24.28	22.75	0.54	5.8	0.79	5.5	1.4	북서	320	24.8	1000.7	-	79	
2021-07-30 04:40:00	17.7	서북서	294	24.33	22.71	0.61	6.6	0.81	6.0	1.6	북서	313	24.6	1000.8	-	74	
2021-07-30 04:45:00	13.8	서북서	303	24.37	22.74	0.59	6.4	0.80	6.0	1.0	북서	313	24.5	1000.8	-	84	
2021-07-30 04:50:00	14.6	서북서	299	24.42	22.70	0.58	5.7	0.74	8.0	1.0	북북서	327	24.5	1000.9	-	83	
2021-07-30 04:55:00	15.1	서북서	285	24.47	22.64	0.58	6.3	0.73	7.5	1.2	북북서	339	24.6	1000.8	-	74	
2021-07-30 05:00:00	15.8	서북서	298	24.50	22.55	0.51	5.7	0.71	7.0	1.6	북서	325	24.5	1000.8	-	68	
2021-07-30 05:05:00	16.7	서북서	296	24.54	22.52	0.54	5.9	0.77	6.5	0.7	북서	318	24.4	1000.8	-	73	
2021-07-30 05:10:00	16.0	서북서	297	24.57	22.99	0.51	6.3	0.80	4.5	0.6	북서	308	24.3	1000.8	-	67	
2021-07-30 05:15:00	20.3	서북서	287	24.62	22.82	0.51	5.5	0.71	7.5	1.1	북서	313	24.4	1000.9	-	91	
2021-07-30 05:20:00	20.1	서북서	292	24.67	22.73	0.55	5.3	0.69	4.5	1.7	북서	322	24.5	1000.9	-	61	
2021-07-30 05:25:00	20.2	서북서	283	24.70	22.59	0.50	5.7	0.76	6.5	1.7	북서	311	24.4	1001.0	-	74	
2021-07-30 05:30:00	18.8	서북서	287	24.73	22.75	0.48	5.9	0.60	7.0	1.3	북서	309	24.4	1001.1	-	76	
2021-07-30 05:35:00	19.2	서북서	291	24.79	22.64	0.61	6.4	1.00	6.5	1.2	북서	322	24.4	1001.1	-	79	
2021-07-30 05:40:00	21.1	서북서	290	24.83	22.59	0.47	5.5	0.60	5.5	1.1	북서	324	24.5	1001.1	-	65	
2021-07-30 05:45:00	23.5	서북서	282	24.83	22.41	0.54	6.1	0.81	6.0	1.4	북서	319	24.5	1001.1	-	82	
2021-07-30 05:50:00	23.1	서북서	287	24.88	22.18	0.50	5.7	0.71	6.5	1.9	북서	318	24.5	1001.1	-	71	
2021-07-30 05:55:00	20.4	서북서	289	25.00	22.51	0.49	5.7	0.65	5.5	1.8	북서	315	24.4	1001.1	-	79	
2021-07-30 06:00:00	11.4	서북서	301	25.01	22.62	0.48	5.7	0.61	5.0	1.4	북서	312	24.5	1001.1	-	75	
2021-07-30 06:05:00	20.5	서북서	297	25.05	22.35	0.54	5.4	0.67	5.0	1.1	북서	306	24.6	1001.1	-	81	
2021-07-30 06:10:00	24.0	서북서	296	25.10	22.32	0.51	4.9	0.73	6.5	1.7	북서	310	24.7	1001.1	-	77	
2021-07-30 06:15:00	24.7	서북서	289	25.15	22.54	0.57	5.6	0.80	6.0	1.5	북서	307	24.8	1001.1	-	69	
2021-07-30 06:20:00	26.8	서북서	297	25.16	22.48	0.58	6.5	0.83	5.5	1.7	서북서	302	24.8	1001.1	-	78	
2021-07-30 06:25:00	23.4	서북서	295	25.17	22.42	0.49	5.8	0.65	6.0	1.7	북서	305	25.1	1001.1	-	65	
2021-07-30 06:30:00	22.4	서북서	295	25.15	22.38	0.54	6.4	0.82	6.5	1.7	북서	307	25.2	1001.1	-	78	
2021-07-30 06:35:00	24.4	서북서	293	25.25	22.40	0.54	5.4	0.77	6.0	1.7	북서	311	25.3	1001.1	-	64	
2021-07-30 06:40:00	24.2	서북서	288	25.28	22.48	0.54	6.0	0.71	7.5	1.6	북서	308	25.3	1001.1	-	62	
2021-07-30 06:45:00	25.5	서북서	292	25.34	22.60	0.52	5.8	0.81	5.5	1.5	북서	308	25.3	1001.1	-	85	
2021-07-30 06:50:00	23.2	서북서	296	25.40	22.52	0.57	6.2	0.75	6.0	1.6	북서	312	25.5	1001.1	-	96	
2021-07-30 06:55:00	20.7	서북서	296	25.41	22.66	0.62	6.1	0.77	7.5	1.8	북서	308	25.8	1001.2	-	81	
2021-07-30 07:00:00	19.9	서북서	297	25.43	22.68	0.54	5.8	0.84	6.0	1.8	북서	306	26.0	1001.2	-	82	
2021-07-30 07:05:00	18.7	북서	308	25.41	22.61	0.47	5.2	0.57	4.0	1.5	북서	308	26.1	1001.2	-	74	
2021-07-30 07:10:00	20.0	서북서	299	25.43	22.56	0.49	5.7	0.61	7.0	1.4	북서	306	26.1	1001.3	-	78	
2021-07-30 07:15:00	20.4	서북서	296	25.50	22.48	0.47	5.9	0.62	6.0	1.8	서북서	301	26.2	1001.3	-	74	
2021-07-30 07:20:00	16.8	서북서	294	25.48	22.33	0.45	5.9	0.64	5.0	1.8	북서	305	26.3	1001.3	-	103	
2021-07-30 07:25:00	16.9	서북서	293	25.54	22.51	0.60	5.7	0.80	5.5	1.7	북서	307	26.4	1001.3	-	88	
2021-07-30 07:30:00	17.4	서북서	296	25.57	22.74	0.42	5.3	0.54	5.0	2.2	북서	307	26.5	1001.3	-	73	
2021-07-30 07:35:00	18.9	북서	306	25.64	22.81	0.49	5.7	0.62	6.0	2.2	북서	311	26.5	1001.4	-	75	
2021-07-30 07:40:00	17.7	서북서	297	25.62	22.51	0.54	5.2	0.71	6.0	2.1	북서	315	26.6	1001.4	-	75	
2021-07-30 07:45:00	15.4	서북서	302	25.63	22.52	0.47	5.6	0.61	6.0	1.7	북서	326	26.8	1001.3	-	78	
2021-07-30 07:50:00	13.9	서북서	299	25.67	22.47	0.60	5.8	0.78	6.0	1.6	북서	323	27.0	1001.3	-	67	
2021-07-30 07:55:00	19.2	서북서	296	25.70	22.61	0.51	5.9	0.71	4.5	1.4	북서	325	27.2	1001.4	-	78	
2021-07-30 08:00:00	16.5	서북서	299	25.77	22.54	0.45	5.8	0.61	5.5	1.2	북북서	327	27.3	1001.4	-	72	
2021-07-30 08:05:00	15.3	서북서	294	25.77	22.41	0.43	5.3	0.76	7.5	1.6	북북서	330	27.4	1001.4	-	64	
2021-07-30 08:10:00	16.7	서북서	296	25.83	22.36	0.50	5.9	0.62	4.0	1.6	북북서	332	27.4	1001.3	-	74	
2021-07-30 08:15:00	15.2	서북서	296	25.89	22.57	0.49	5.9	0.67	6.5	2.0	북북서	342	27.4	1001.2	-	73	
2021-07-30 08:20:00	19.6	서북서	298	25.91	22.63	0.52	5.6	0.91	5.5	1.8	북북서	341	27.4	1001.2	-	78	
2021-07-30 08:25:00	20.4	서북서	295	25.98	22.61	0.43	4.9	0.70	6.0	1.9	북북서	343	27.4	1001.2	-	78	
2021-07-30 08:30:00	18.0	서북서	295	26.02	22.41	0.44	5.3	0.76	5.5	2.1	북	349	27.3	1001.2	-	80	
2021-07-30 08:35:00	19.0	서북서	301	26.01	22.43	0.44	5.7	0.57	5.5	2.1	북	357	27.3	1001.2	-	75	
2021-07-30 08:40:00	21.2	서북서	300	26.02	22.36	0.43	5.8	0.67	6.0	2.0	북	1	27.4	1001.2	-	76	
2021-07-30 08:45:00	19.9	서북서	295	26.07	22.45	0.45	6.2	0.65	6.0	1.8	북	2	27.2	1001.2	-	84	
2021-07-30 08:50:00	21.1	서북서	296	26.05	22.28	0.48	5.9	0.73	5.0	1.9	북	8	27.1	1001.2	-	52	
2021-07-30 08:55:00	19.8	서북서	300	26.05	22.19	0.47	5.9	0.61	6.0	1.8	북북동	14	27.2	1001.2	-	61	
2021-07-30 09:00:00	-	-	-	-	-	0.00	0.0	0.00	0.0	2.0	북북동	27	27.0	-	-	0	
2021-07-30 09:05:00	15.3	서북서	297	26.05	22.20	0.40	5.2	0.54	7.0	1.9	북북동	26	27.0	1001.1	-	72	
2021-07-30 09:10:00	16.5	서북서	298	26.07	22.45	0.46	5.8	0.68	6.0	2.0	북동	37	26.9	1001.1	-	77	
2021-07-30 09:15:00	20.3	서북서	302	26.12	22.28	0.43	5.6	0.60	6.5	1.8	북북동	24	27.0	1001.1	-	68	
2021-07-30 09:20:00	13.4	서북서	296	26.09	22.28	0.44	5.9	0.50	6.5	1.9	북북동	17	27.0	1001.1	-	62	
2021-07-30 09:25:00	17.5	북서	305	26.09	22.27	0.46	5.4	0.68	6.0	2.0	북북동	25	27.1	1001.1	-	97	
2021-07-30 09:30:00	18.2	서북서	303	26.04	22.38	0.49	5.8	0.78	6.0	1.8	북북동	28	27.1	1001.0	-	78	
2021-07-30 09:35:00	16.5	북서	304	26.08	23.09	0.46	5.8	0.61	5.5	2.0	북북동	33	27.1	1001.0	-	75	
2021-07-30 09:40:00	16.5	북서	311	26.11	23.02	0.46	5.6	0.62	6.0	2.1	북동	38	27.1	1001.0	-	70	
2021-07-30 09:45:00	14.4	북서	309	26.11	22.89	0.42	5.3	0.52	7.0	2.3	북동	37	27.1	1001.1	-	78	
2021-07-30 09:50:00	12.2	북서	305	26.13	22.91	0.52	5.9	0.80	6.0	2.3	북동	38	27.1	1001.0	-	84	
2021-07-30 09:55:00	13.0	북서	308	26.15	22.82	0.38	5.3	0.52	5.5	2.7	북북동	33	27.1	1001.0	-	68	
2021-07-30 10:00:00	14.2	북서	308	26.21	22.75	0.44	5.9	0.59	5.5	2.6	북동	35	27.3	1001.0	-	59	
2021-07-30 10:05:00	13.9	서북서	304	26.22	22.75	0.45	5.7	0.55	6.5	2.8	북북동	32	27.6	1001.1	-	92	
2021-07-30 10:10:00	15.4	북서	309	26.26	22.54	0.41	4.6	0.58	5.0	2.9	북북동	32	27.6	1001.1	-	73	
2021-07-30 10:15:00	14.9	북서	306	26.22	22.85	0.41	5.0	0.78	6.0	2.9	북동	34	27.7	1001.1	-	61	
2021-07-30 10:20:00	13.2	북서	324	26.01	22.69	0.51	5.7	0.79	7.0	3.2	북동	35	27.7	1001.1	-	54	
2021-07-30 10:25:00	12.2	북북서	328	26.07	22.58	0.45	5.4	0.58	5.5	2.6	북동	36	27.7	1001.2	-	69	
2021-07-30 10:30:00	14.8	북북서	327	26.04	22.87	0.39	5.1	0.54	5.0	2.6	북동	36	27.8	1001.1	-	68	
2021-07-30 10:35:00	14.2	북북서	327	26.10	22.72	0.47	5.6	0.72	6.0	2.3	북동	37	27.8	1001.1	-	74	
2021-07-30 10:40:00	14.0	북서	320	26.23	22.69	0.41	5.2	0.69	5.5	2.4	북동	35	27.9	1001.1	-	73	
2021-07-30 10:45:00	14.8	북북서	328	26.15	23.27	0.48	5.4	0.59	5.5	2.4	북동	44	27.9	1001.1	-	63	
2021-07-30 10:50:00	12.6	북북서	333	26.02	23.04	0.38	5.2	0.56	6.0	2.4	북동	50	27.7	1001.1	-	92	
2021-07-30 10:55:00	13.4	북서	320	26.10	23.02	0.43	4.6	0.62	6.5	2.7	북동	49	27.9	1001.1	-	142	
2021-07-30 11:00:00	13.3	북북서	327	26.20	22.96	0.40	5.9	0.56	5.0	2.5	동북동	58	27.8	1001.1	-	70	
2021-07-30 11:05:00	11.4	북북서	330	26.23	22.91	0.47	5.5	0.69	5.5	2.4	북동	55	27.5	1001.0	-	71	
2021-07-30 11:10:00	10.9	북북서	339	26.07	23.07	0.39	5.9	0.60	6.0	2.1	동북동	63	27.5	1000.9	-	88	
2021-07-30 11:15:00	12.2	북북서	339	26.10	23.14	0.42	5.9	0.62	5.5	2.0	동북동	59	27.8	1000.9	-	78	
2021-07-30 11:20:00	11.0	북북서	337	26.04	23.13	0.44	5.3	0.66	5.5	1.8	동북동	62	27.9	1000.9	-	60	
2021-07-30 11:25:00	10.8	북북서	344	26.01	22.86	0.42	5.9	0.62	5.0	1.7	동북동	63	27.9	1000.9	-	72	
2021-07-30 11:30:00	10.6	북	354	26.00	22.99	0.46	6.4	0.56	6.0	1.9	북동	55	28.2	1000.8	-	85	
2021-07-30 11:35:00	11.9	북북서	343	26.08	23.03	0.35	5.2	0.51	6.5	2.0	북동	56	28.4	1000.8	-	70	
2021-07-30 11:40:00	10.4	북	358	26.02	23.07	0.41	5.6	0.63	5.5	2.2	동북동	62	28.4	1000.8	-	63	
2021-07-30 11:45:00	11.6	북	356	26.13	22.89	0.43	5.7	0.71	6.0	2.7	동북동	63	28.3	1000.8	-	54	
2021-07-30 11:50:00	11.8	북	360	25.99	23.00	0.42	5.2	0.62	6.5	2.5	동북동	65	28.3	1000.8	-	73	
2021-07-30 11:55:00	9.4	북	353	26.05	23.07	0.40	5.5	0.53	5.5	2.2	동북동	60	28.3	1000.8	-	62	
2021-07-30 12:00:00	12.3	북	2	26.11	23.01	0.46	5.2	0.59	5.0	2.0	동북동	60	28.4	1000.7	-	97	
2021-07-30 12:05:00	10.9	북	349	26.03	23.03	0.42	5.7	0.59	6.0	2.3	동북동	66	28.5	1000.7	-	42	
2021-07-30 12:10:00	11.1	북북서	348	26.35	22.78	0.43	5.3	0.55	5.5	2.5	동북동	73	28.5	1000.7	-	95	
2021-07-30 12:15:00	9.5	북북서	338	26.26	22.75	0.46	5.9	0.62	6.0	2.7	동북동	75	28.1	1000.7	-	73	
2021-07-30 12:20:00	9.3	북	358	26.20	22.71	0.41	5.6	0.60	7.5	2.6	동	83	28.1	1000.6	-	71	
2021-07-30 12:25:00	6.1	북	360	26.45	22.75	0.38	6.1	0.56	5.5	2.3	동	81	28.1	1000.7	-	77	
2021-07-30 12:30:00	7.6	북북서	334	26.49	22.65	0.35	5.4	0.48	5.5	2.2	동	79	28.2	1000.6	-	78	
2021-07-30 12:35:00	10.6	북서	319	26.40	22.84	0.44	5.8	0.61	5.5	2.4	동	87	28.3	1000.6	-	75	
2021-07-30 12:40:00	10.0	서북서	297	26.92	22.13	0.37	5.9	0.49	6.0	2.6	동	87	28.2	1000.6	-	84	
2021-07-30 12:45:00	8.3	북서	314	26.73	22.33	0.41	6.0	0.49	5.0	2.9	동	95	28.2	1000.5	-	64	
2021-07-30 12:50:00	5.3	북북서	339	26.60	22.37	0.00	0.0	0.00	0.0	2.7	동	97	28.2	1000.5	-	36	
2021-07-30 12:55:00	4.6	북서	319	26.52	22.43	0.41	6.3	0.57	6.5	2.5	동	99	28.3	1000.5	-	70	
2021-07-30 13:00:00	4.9	북북서	334	26.48	22.37	0.40	5.5	0.52	5.5	2.5	동	99	28.3	1000.5	-	90	
2021-07-30 13:05:00	8.0	북서	322	26.43	22.41	0.41	6.0	0.47	5.5	2.6	동	101	28.3	1000.4	-	68	
2021-07-30 13:10:00	9.4	북북서	329	26.52	22.45	0.40	6.0	0.51	6.0	2.8	동	98	28.3	1000.4	-	58	
2021-07-30 13:15:00	7.8	북서	307	26.97	22.42	0.40	6.1	0.54	5.5	2.6	동	101	28.3	1000.4	-	55	
2021-07-30 13:20:00	7.6	서북서	292	27.17	22.16	0.33	5.4	0.61	6.0	2.9	동남동	108	28.4	1000.4	-	54	
2021-07-30 13:25:00	6.8	서북서	299	27.13	22.15	0.40	5.7	0.63	7.0	2.8	동남동	108	28.4	1000.3	-	72	
2021-07-30 13:30:00	6.9	서북서	303	27.21	22.35	0.39	5.9	0.59	6.5	2.6	동남동	113	28.4	1000.3	-	66	
2021-07-30 13:35:00	5.0	북서	307	27.06	22.76	0.43	6.6	0.54	6.5	2.7	동남동	111	28.5	1000.3	-	80	
2021-07-30 13:40:00	6.1	북서	322	27.13	22.64	0.35	6.2	0.51	8.0	2.8	동남동	117	28.5	1000.3	-	89	
2021-07-30 13:45:00	8.8	북서	304	27.24	22.59	0.36	6.1	0.51	6.0	2.8	동남동	117	28.5	1000.3	-	68	
2021-07-30 13:50:00	9.1	북서	304	27.03	22.50	0.38	6.0	0.48	4.0	2.6	동남동	116	28.5	1000.3	-	81	
2021-07-30 13:55:00	9.7	북서	304	27.27	22.44	0.34	5.3	0.45	5.5	2.5	동남동	117	28.6	1000.3	-	66	
2021-07-30 14:00:00	13.0	서북서	296	27.42	22.48	0.40	5.9	0.58	5.5	2.8	동남동	120	28.6	1000.3	-	54	
2021-07-30 14:05:00	11.2	서북서	302	27.39	22.58	0.34	5.4	0.48	6.0	2.6	남동	127	28.5	1000.3	-	63	
2021-07-30 14:10:00	11.9	서북서	297	27.35	22.48	0.34	5.9	0.43	7.5	2.9	동남동	122	28.5	1000.2	-	66	
2021-07-30 14:15:00	12.2	서북서	302	27.29	22.43	0.41	6.0	0.58	6.5	3.5	동남동	113	28.5	1000.1	-	56	
2021-07-30 14:20:00	12.3	서북서	303	27.25	22.80	0.37	6.1	0.51	7.5	3.3	동남동	113	28.6	1000.1	-	67	
2021-07-30 14:25:00	12.7	북서	307	27.16	22.72	0.37	5.6	0.57	6.5	3.5	동남동	115	28.6	1000.1	-	59	
2021-07-30 14:30:00	13.2	북서	314	26.98	22.80	0.41	6.0	0.74	6.5	3.6	동남동	114	28.6	1000.1	-	65	
2021-07-30 14:35:00	14.4	북서	318	27.13	22.84	0.38	6.4	0.52	6.5	3.5	동남동	114	28.6	1000.0	-	70	
2021-07-30 14:40:00	16.0	북서	314	27.15	22.38	0.38	6.0	0.52	5.0	3.7	동남동	114	28.6	1000.0	-	73	
2021-07-30 14:45:00	19.6	북서	308	27.25	22.86	0.32	6.1	0.47	5.0	3.7	동남동	113	28.7	1000.0	-	44	
2021-07-30 14:50:00	18.1	북서	307	27.44	23.14	0.38	6.6	0.60	5.5	3.4	동남동	112	28.6	1000.0	-	66	
2021-07-30 14:55:00	16.9	북서	311	27.53	22.97	0.35	5.9	0.52	5.0	3.7	동남동	115	28.6	1000.0	-	61	
2021-07-30 15:00:00	16.8	북서	309	27.57	22.95	0.38	5.8	0.60	6.0	3.9	동남동	114	28.6	1000.0	-	61	
2021-07-30 15:05:00	16.1	북서	307	27.61	22.95	0.32	4.9	0.42	6.0	4.1	동남동	114	28.7	999.9	-	71	
2021-07-30 15:10:00	19.9	서북서	302	27.56	23.01	0.42	6.6	0.65	7.0	4.2	동남동	118	28.7	999.9	-	73	
2021-07-30 15:15:00	20.7	북서	307	27.39	23.06	0.45	5.9	0.69	6.5	4.2	동남동	118	28.8	999.9	-	67	
2021-07-30 15:20:00	19.6	북서	307	27.54	22.75	0.37	5.5	0.59	4.5	4.4	동남동	118	28.8	999.8	-	117	
2021-07-30 15:25:00	19.3	북서	316	27.49	22.50	0.35	5.9	0.50	6.5	4.9	동남동	121	28.8	999.8	-	73	
2021-07-30 15:30:00	18.9	북서	314	27.40	22.41	0.33	6.0	0.48	5.5	4.5	동남동	121	28.8	999.9	-	54	
2021-07-30 15:35:00	23.6	북서	312	27.27	22.42	0.40	6.3	0.64	6.5	4.0	남동	124	28.8	999.9	-	66	
2021-07-30 15:40:00	21.9	북서	316	27.47	23.01	0.45	6.5	0.70	5.5	4.0	남동	128	28.7	999.9	-	77	
2021-07-30 15:45:00	18.5	북서	317	27.21	22.77	0.44	6.6	0.68	6.5	4.0	남동	128	28.7	999.9	-	70	
2021-07-30 15:50:00	18.2	북서	315	27.33	23.01	0.36	6.0	0.54	5.5	4.1	남동	125	28.7	999.9	-	63	
2021-07-30 15:55:00	16.5	북서	320	27.23	22.97	0.37	6.9	0.49	6.5	3.8	남동	128	28.8	999.8	-	66	
2021-07-30 16:00:00	-	-	-	-	-	0.00	0.0	0.00	0.0	4.1	동남동	122	28.8	999.8	-	0	
2021-07-30 16:05:00	13.5	북서	319	27.10	22.89	0.38	6.8	0.54	6.0	3.9	남동	126	28.8	999.7	-	73	
2021-07-30 16:10:00	15.8	북서	318	27.20	22.38	0.39	6.3	0.52	5.0	3.9	남동	128	28.7	999.7	-	72	
2021-07-30 16:15:00	13.9	북서	320	27.13	22.35	0.36	6.0	0.46	7.0	3.9	남동	127	28.7	999.7	-	64	
2021-07-30 16:20:00	13.4	북서	323	27.07	22.41	0.47	6.5	0.63	7.0	3.8	남동	129	28.7	999.7	-	72	
2021-07-30 16:25:00	14.2	북서	322	27.11	22.32	0.34	6.3	0.46	6.0	3.7	동남동	123	28.6	999.7	-	72	
2021-07-30 16:30:00	14.8	북북서	327	27.09	22.47	0.43	6.7	0.56	7.0	3.3	남동	125	28.7	999.7	-	60	
2021-07-30 16:35:00	13.1	북북서	334	26.95	22.46	0.33	6.6	0.42	6.0	3.5	남동	127	28.6	999.7	-	69	
2021-07-30 16:40:00	14.6	북북서	327	26.84	22.47	0.36	5.7	0.45	7.0	3.6	동남동	123	28.6	999.6	-	86	
2021-07-30 16:45:00	14.7	북서	325	26.93	22.51	0.39	6.6	0.50	6.0	3.5	동남동	122	28.6	999.6	-	71	
2021-07-30 16:50:00	20.1	북북서	329	27.00	22.73	0.39	6.7	0.53	6.5	3.6	남동	124	28.5	999.6	-	75	
2021-07-30 16:55:00	20.6	북서	326	27.14	22.52	0.37	6.3	0.49	6.5	3.3	동남동	120	28.6	999.6	-	76	
2021-07-30 17:00:00	18.7	북서	323	27.09	22.65	0.39	6.6	0.57	6.5	3.4	동남동	118	28.6	999.5	-	112	
2021-07-30 17:05:00	23.3	북북서	326	27.08	22.34	0.53	7.0	0.78	6.5	3.8	동남동	116	28.4	999.4	-	67	
2021-07-30 17:10:00	24.4	북북서	328	27.09	22.37	0.38	6.9	0.52	6.0	3.8	동남동	112	28.5	999.4	-	70	
2021-07-30 17:15:00	26.3	북북서	328	27.17	22.52	0.41	6.3	0.46	7.0	4.0	동남동	111	28.4	999.4	-	71	
2021-07-30 17:20:00	30.1	북북서	330	27.24	22.73	0.40	6.0	0.59	7.0	4.1	동남동	112	28.3	999.3	-	64	
2021-07-30 17:25:00	26.2	북북서	333	27.15	22.54	0.38	6.7	0.57	7.0	4.3	동남동	116	28.2	999.3	-	72	
2021-07-30 17:30:00	26.9	북북서	335	27.14	22.49	0.36	6.1	0.51	7.0	4.5	동남동	117	28.2	999.3	-	40	
2021-07-30 17:35:00	26.3	북북서	336	27.09	22.59	0.42	6.6	0.61	5.5	4.4	동남동	118	28.2	999.3	-	66	
2021-07-30 17:40:00	27.0	북북서	342	27.14	22.71	0.40	6.8	0.58	6.0	4.0	동남동	119	28.2	999.3	-	53	
2021-07-30 17:45:00	26.2	북북서	340	27.11	22.56	0.44	6.8	0.51	7.5	4.1	동남동	121	28.2	999.3	-	68	
2021-07-30 17:50:00	25.9	북북서	341	27.02	22.53	0.49	6.5	0.68	7.5	4.2	동남동	118	28.2	999.3	-	77	
2021-07-30 17:55:00	20.3	북북서	339	26.85	22.51	0.46	7.0	0.61	7.5	4.1	동남동	116	28.2	999.3	-	67	
2021-07-30 18:00:00	23.4	북	349	26.86	22.60	0.54	6.7	0.72	6.5	3.7	남동	124	28.2	999.4	-	65	
2021-07-30 18:05:00	23.9	북북서	347	26.93	22.55	0.39	6.6	0.52	5.0	3.6	남동	126	28.1	999.4	-	77	
2021-07-30 18:10:00	22.9	북	352	26.88	22.47	0.51	7.2	0.78	7.5	3.6	남동	124	28.1	999.4	-	60	
2021-07-30 18:15:00	21.8	북	353	26.81	22.33	0.42	6.8	0.60	7.0	3.4	남동	127	28.0	999.5	-	67	
2021-07-30 18:20:00	22.0	북	350	26.87	22.29	0.53	6.9	0.78	7.0	3.5	남동	137	28.0	999.5	-	68	
2021-07-30 18:25:00	20.5	북북서	347	26.84	22.57	0.50	6.9	0.87	6.0	3.7	남동	135	27.9	999.5	-	83	
2021-07-30 18:30:00	20.1	북	354	26.72	22.51	0.46	6.0	0.54	6.5	3.8	남동	132	27.9	999.5	-	63	
2021-07-30 18:35:00	19.2	북	355	26.72	22.65	0.39	6.5	0.57	6.0	4.4	남동	129	27.9	999.4	-	63	
2021-07-30 18:40:00	17.9	북	359	26.64	22.58	0.54	6.7	0.79	7.5	4.3	남동	132	27.9	999.4	-	66	
2021-07-30 18:45:00	16.1	북	353	26.66	22.53	0.43	6.5	0.61	7.0	4.0	남동	135	27.9	999.4	-	65	
2021-07-30 18:50:00	19.2	북북서	347	26.69	22.53	0.52	7.0	0.76	7.0	4.0	남동	134	27.8	999.4	-	66	
2021-07-30 18:55:00	16.8	북	350	26.63	22.83	0.43	6.5	0.59	7.0	4.4	남동	132	27.7	999.4	-	63	
2021-07-30 19:00:00	17.9	북	350	26.58	22.81	0.48	6.6	0.63	7.5	4.0	남동	134	27.7	999.4	-	59	
2021-07-30 19:05:00	17.1	북	353	26.49	22.83	0.62	7.0	0.83	7.0	4.3	남동	134	27.6	999.4	-	69	
2021-07-30 19:10:00	15.7	북	354	26.42	22.89	0.43	6.7	0.58	5.5	4.2	남동	137	27.6	999.4	-	61	
2021-07-30 19:15:00	15.6	북	359	26.38	22.76	0.45	6.9	0.53	6.5	3.7	남동	138	27.6	999.5	-	77	
2021-07-30 19:20:00	15.2	북	353	26.39	22.79	0.52	7.0	0.78	7.5	4.2	남동	144	27.6	999.5	-	70	
2021-07-30 19:25:00	12.6	북	356	26.35	22.83	0.57	7.0	0.85	6.5	4.3	남동	138	27.7	999.5	-	64	
2021-07-30 19:30:00	12.4	북	352	26.33	23.17	0.52	6.9	0.71	6.5	4.1	남남동	148	27.6	999.6	-	68	
2021-07-30 19:35:00	12.4	북	5	26.33	23.20	0.41	6.7	0.50	6.0	4.0	남동	142	27.7	999.6	-	50	
2021-07-30 19:40:00	11.4	북	355	26.29	23.06	0.38	6.3	0.48	6.0	3.7	남동	138	27.6	999.6	-	72	
2021-07-30 19:45:00	11.0	북	358	26.22	22.87	0.46	6.7	0.85	6.5	3.6	남동	139	27.5	999.6	-	52	
2021-07-30 19:50:00	8.0	북북서	343	26.20	22.82	0.44	7.0	0.70	6.5	3.9	남동	144	27.5	999.7	-	69	
2021-07-30 19:55:00	8.2	북북서	339	26.19	23.14	0.50	7.0	0.67	7.0	3.0	남동	141	27.6	999.7	-	74	
2021-07-30 20:00:00	10.0	북북서	331	26.17	23.24	0.41	6.3	0.64	6.5	3.4	남동	139	27.5	999.7	-	85	
2021-07-30 20:05:00	8.8	북북서	346	26.14	23.25	0.44	6.9	0.55	7.0	3.5	남동	142	27.4	999.7	-	79	
2021-07-30 20:10:00	13.2	북북서	330	26.21	23.36	0.48	7.0	0.62	7.0	3.6	남동	140	27.4	999.8	-	56	
2021-07-30 20:15:00	9.3	북북서	337	26.22	23.43	0.46	6.5	0.65	6.5	3.5	남동	141	27.5	999.8	-	86	
2021-07-30 20:20:00	11.3	북북서	345	26.10	23.15	0.45	6.8	0.68	6.0	3.3	남동	138	27.5	999.9	-	68	
2021-07-30 20:25:00	12.3	북북서	340	26.04	23.29	0.55	6.9	0.74	7.0	3.4	남동	141	27.4	999.9	-	65	
2021-07-30 20:30:00	12.5	북북서	343	25.98	23.05	0.44	6.4	0.60	6.5	2.9	남동	144	27.4	1000.0	-	67	
2021-07-30 20:35:00	13.5	북북서	341	26.04	23.21	0.49	7.1	0.68	7.5	3.1	남동	145	27.4	1000.0	-	68	
2021-07-30 20:40:00	12.1	북북서	337	26.06	23.35	0.51	6.5	0.83	6.0	3.5	남동	145	27.6	1000.1	-	71	
2021-07-30 20:45:00	10.8	북	356	26.08	23.39	0.50	6.8	0.66	7.0	3.3	남동	138	27.6	1000.1	-	55	
2021-07-30 20:50:00	10.0	북북서	343	26.08	22.81	0.47	6.6	0.58	6.5	3.7	남동	136	27.6	1000.1	-	65	
2021-07-30 20:55:00	7.5	북	355	26.03	22.64	0.48	6.6	0.80	5.5	3.3	남동	143	27.6	1000.2	-	70	
2021-07-30 21:00:00	7.8	북북서	346	26.04	22.73	0.47	7.0	0.61	7.5	3.4	남동	144	27.7	1000.2	-	73	
2021-07-30 21:05:00	8.5	북북서	335	26.02	22.75	0.53	7.0	0.67	6.5	3.2	남동	145	27.5	1000.2	-	50	
2021-07-30 21:10:00	7.0	북북서	339	26.05	22.71	0.60	7.0	0.73	6.5	2.9	남동	140	27.5	1000.2	-	56	
2021-07-30 21:15:00	5.8	북북서	333	26.02	22.67	0.40	6.3	0.68	6.5	3.1	남동	140	27.4	1000.2	-	65	
2021-07-30 21:20:00	5.6	북서	318	25.98	22.67	0.54	6.6	0.70	6.0	3.3	남동	142	27.3	1000.1	-	72	
2021-07-30 21:25:00	6.5	북북서	334	25.94	22.93	0.55	6.9	0.71	7.0	3.0	남동	140	27.3	1000.1	-	71	
2021-07-30 21:30:00	5.5	북북서	333	25.95	22.82	0.48	6.7	0.71	7.0	2.9	남동	139	27.3	1000.1	-	65	
2021-07-30 21:35:00	8.4	북북서	336	26.01	23.06	0.49	6.5	0.71	7.0	2.8	남동	139	27.3	1000.1	-	51	
2021-07-30 21:40:00	10.4	북북서	328	26.01	23.04	0.40	6.3	0.63	6.5	2.4	남동	137	27.3	1000.1	-	52	
2021-07-30 21:45:00	7.3	북서	325	25.95	23.07	0.47	6.2	0.70	6.0	2.5	남동	136	27.5	1000.1	-	50	
2021-07-30 21:50:00	4.9	북북서	348	25.80	23.02	0.39	6.2	0.48	5.5	2.6	남동	135	27.9	1000.1	-	77	
2021-07-30 21:55:00	8.1	북서	316	25.86	23.37	0.51	6.4	0.66	6.5	2.2	남동	131	27.9	1000.1	-	69	
2021-07-30 22:00:00	6.7	서	276	25.64	23.34	0.47	6.5	0.66	6.0	1.9	동남동	123	27.8	1000.1	-	72	
2021-07-30 22:05:00	7.6	서	276	25.03	23.25	0.46	6.5	0.65	6.5	1.5	남동	129	27.5	1000.1	-	64	
2021-07-30 22:10:00	9.4	서	265	24.77	23.43	0.54	6.5	0.69	6.5	1.3	남동	137	27.4	1000.1	-	60	
2021-07-30 22:15:00	11.3	서	260	24.39	23.71	0.53	6.6	0.74	7.0	1.2	남동	145	27.4	1000.1	-	52	
2021-07-30 22:20:00	8.3	서	279	23.86	23.53	0.53	6.8	0.72	6.5	0.9	남남동	151	27.5	1000.1	-	53	
2021-07-30 22:25:00	5.6	서북서	300	23.44	23.89	0.40	6.2	0.55	6.5	0.7	남	182	27.4	1000.1	-	54	
2021-07-30 22:30:00	5.4	서북서	301	23.36	23.57	0.42	6.7	0.52	7.0	0.5	남	180	27.2	1000.1	-	63	
2021-07-30 22:35:00	4.5	서북서	291	22.65	23.37	0.49	6.9	0.67	6.5	0.4	남	182	27.1	1000.0	-	63	
2021-07-30 22:40:00	3.0	서북서	300	23.06	23.40	0.59	6.6	0.72	7.0	0.2	북북서	334	27.1	1000.0	-	69	
2021-07-30 22:45:00	7.8	서북서	288	22.65	23.70	0.53	6.3	0.74	7.0	0.5	북북동	22	27.0	1000.1	-	59	
2021-07-30 22:50:00	11.5	서남서	249	24.09	23.51	0.55	6.8	0.64	6.5	0.2	북동	46	27.0	1000.1	-	55	
2021-07-30 22:55:00	7.0	서	267	24.30	23.33	0.51	6.8	0.88	6.5	0.7	북북동	18	27.0	1000.0	-	60	
2021-07-30 23:00:00	6.9	서	264	23.79	23.21	0.51	6.3	0.77	6.0	1.2	북북동	17	27.1	1000.0	-	58	
2021-07-30 23:05:00	5.3	서북서	301	23.69	23.03	0.48	6.4	0.67	7.5	1.2	북	3	26.9	1000.1	-	56	
2021-07-30 23:10:00	5.4	서	266	23.07	23.45	0.41	6.4	0.54	6.0	0.8	북	359	26.7	1000.1	-	41	
2021-07-30 23:15:00	9.7	서	267	23.11	23.74	0.47	6.3	0.59	6.5	1.3	북북서	341	26.6	1000.1	-	69	
2021-07-30 23:20:00	11.1	서	264	23.28	23.80	0.49	6.9	0.70	7.0	1.3	북북서	339	26.6	1000.1	-	55	
2021-07-30 23:25:00	14.3	서남서	256	23.84	23.53	0.45	6.6	0.60	6.5	0.8	북북서	333	26.7	1000.1	-	55	
2021-07-30 23:30:00	10.1	서	263	23.85	23.96	0.45	6.2	0.57	6.5	1.1	북북서	330	26.7	1000.1	-	77	
2021-07-30 23:35:00	11.9	서	262	24.16	23.54	0.52	6.8	0.77	7.0	0.9	북서	308	26.8	1000.1	-	58	
2021-07-30 23:40:00	8.7	서	264	23.83	23.51	0.43	6.7	0.65	7.0	1.1	서북서	302	26.7	1000.2	-	57	
2021-07-30 23:45:00	12.1	서남서	259	23.62	23.83	0.47	6.6	0.66	6.0	0.9	서북서	300	26.6	1000.2	-	61	
2021-07-30 23:50:00	14.8	서	260	23.87	23.87	0.37	6.2	0.53	6.5	0.7	북서	316	26.7	1000.2	-	69	
2021-07-30 23:55:00	14.6	서	261	23.92	23.73	0.38	6.2	0.56	6.0	0.9	서북서	299	26.9	1000.2	-	57	
2021-07-31 00:00:00	13.3	서남서	253	24.01	23.68	0.62	6.8	0.94	6.5	1.3	서북서	290	26.9	1000.1	-	65	
2021-07-31 00:05:00	18.1	서남서	258	24.06	23.64	0.45	6.4	0.64	5.5	1.2	서	273	26.8	1000.1	-	54	
2021-07-31 00:10:00	18.1	서	263	23.91	23.69	0.49	6.3	0.61	6.0	1.5	서	275	27.0	1000.1	-	57	
2021-07-31 00:15:00	16.0	서	265	24.35	23.36	0.40	6.5	0.58	7.0	1.2	서북서	283	27.2	1000.0	-	52	
2021-07-31 00:20:00	19.9	서	264	24.15	23.44	0.40	6.6	0.61	6.5	0.3	북서	318	27.1	1000.0	-	72	
2021-07-31 00:25:00	19.3	서	269	23.71	23.50	0.51	6.6	0.76	6.5	0.3	북북서	348	26.8	1000.0	-	78	
2021-07-31 00:30:00	19.7	서	275	23.60	23.53	0.38	6.4	0.61	6.5	1.1	북북서	328	26.6	1000.0	-	65	
2021-07-31 00:35:00	16.7	서	273	24.05	23.28	0.38	6.4	0.49	6.5	1.3	북서	326	26.6	999.9	-	63	
2021-07-31 00:40:00	18.8	서북서	284	23.65	23.48	0.46	6.5	0.62	7.0	0.8	북서	319	26.5	999.9	-	64	
2021-07-31 00:45:00	17.3	서	278	23.84	23.64	0.47	6.3	0.60	6.0	1.1	북서	314	26.4	999.9	-	60	
2021-07-31 00:50:00	18.6	서	279	24.03	23.50	0.47	6.3	0.68	5.5	1.4	서북서	302	26.3	999.9	-	58	
2021-07-31 00:55:00	18.3	서	261	25.30	23.71	0.45	6.7	0.54	7.5	1.1	서북서	288	26.3	999.9	-	54	
2021-07-31 01:00:00	20.8	서	268	25.07	23.43	0.41	6.5	0.53	7.5	1.0	북서	308	26.4	999.9	-	52	
2021-07-31 01:05:00	19.2	서	269	24.69	23.47	0.48	6.7	0.61	7.0	0.7	서북서	294	26.3	999.9	-	48	
2021-07-31 01:10:00	18.9	서	281	24.56	23.20	0.48	6.4	0.65	6.0	0.5	북서	310	26.3	999.9	-	71	
2021-07-31 01:15:00	20.8	서	279	24.70	23.16	0.42	5.9	0.62	6.0	0.3	북서	319	26.1	999.9	-	29	
2021-07-31 01:20:00	18.6	서	277	24.95	23.18	0.39	6.1	0.45	6.5	0.5	북서	313	26.1	999.9	-	52	
2021-07-31 01:25:00	18.9	서북서	284	24.96	23.13	0.47	6.2	0.63	6.5	0.5	서북서	303	26.1	999.9	-	36	
2021-07-31 01:30:00	18.2	서	277	25.12	22.90	0.40	6.3	0.48	5.0	0.3	북북서	336	26.1	999.9	-	70	
2021-07-31 01:35:00	18.2	서	271	25.31	22.83	0.40	6.0	0.53	6.0	0.0	북북동	30	26.1	999.9	-	44	
2021-07-31 01:40:00	20.2	서	278	25.11	22.84	0.50	6.2	0.62	6.0	0.3	동	100	26.1	999.8	-	59	
2021-07-31 01:45:00	19.9	서	277	25.15	22.66	0.42	6.3	0.62	7.0	0.3	동남동	117	26.0	999.8	-	55	
2021-07-31 01:50:00	18.5	서북서	290	25.08	22.79	0.36	5.6	0.57	5.5	1.2	동남동	122	25.9	999.8	-	38	
2021-07-31 01:55:00	18.1	서북서	287	25.14	22.65	0.36	5.7	0.44	6.5	1.4	남동	124	25.8	999.8	-	46	
2021-07-31 02:00:00	17.1	서북서	290	25.52	22.76	0.52	6.5	0.63	6.5	1.2	남동	132	25.8	999.8	-	59	
2021-07-31 02:05:00	9.5	서북서	296	25.82	23.30	0.52	6.8	0.82	6.5	1.5	남동	143	25.8	999.7	-	60	
2021-07-31 02:10:00	12.3	서북서	299	25.92	23.39	0.42	5.6	0.55	6.5	1.4	남남동	155	25.9	999.7	-	71	
2021-07-31 02:15:00	10.9	서북서	295	25.92	23.19	0.40	5.6	0.51	6.5	1.4	남동	136	26.0	999.7	-	86	
2021-07-31 02:20:00	7.9	서북서	299	25.91	23.28	0.63	6.7	0.95	6.5	1.3	남동	142	25.8	999.8	-	61	
2021-07-31 02:25:00	10.5	서북서	296	25.90	23.29	0.37	5.3	0.48	6.5	1.1	남동	130	25.8	999.7	-	72	
2021-07-31 02:30:00	10.6	북서	306	25.89	23.23	0.49	6.3	0.74	7.0	0.8	남동	138	25.8	999.7	-	56	
2021-07-31 02:35:00	12.5	서북서	300	25.88	23.33	0.38	6.4	0.54	7.0	0.7	남남동	154	25.7	999.8	-	55	
2021-07-31 02:40:00	11.5	서북서	297	25.89	23.28	0.35	5.4	0.51	6.5	0.9	남남동	149	25.8	999.8	-	51	
2021-07-31 02:45:00	13.2	서북서	292	25.90	23.32	0.38	5.9	0.55	7.0	0.5	남	175	25.8	999.8	-	54	
2021-07-31 02:50:00	12.5	서북서	287	25.91	23.28	0.46	6.4	0.61	7.0	1.0	남남동	158	25.7	999.9	-	74	
2021-07-31 02:55:00	14.1	서북서	295	25.90	23.32	0.43	5.8	0.56	7.0	1.2	남남동	158	25.8	999.9	-	50	
2021-07-31 03:00:00	13.3	서북서	293	25.88	23.30	0.48	6.2	0.78	6.5	1.2	남남동	161	25.8	999.9	-	52	
2021-07-31 03:05:00	13.5	서북서	293	25.87	23.19	0.41	5.9	0.57	6.0	1.4	남남동	157	25.8	999.9	-	61	
2021-07-31 03:10:00	13.1	서북서	297	25.92	23.20	0.39	5.7	0.57	5.5	1.3	남	174	25.8	999.9	-	60	
2021-07-31 03:15:00	17.1	서북서	297	25.92	23.28	0.45	6.3	0.58	6.5	1.1	남	177	25.8	999.9	-	63	
2021-07-31 03:20:00	16.8	서북서	294	25.96	23.01	0.46	5.9	0.54	6.0	1.0	남남동	157	25.8	999.9	-	44	
2021-07-31 03:25:00	16.2	서북서	286	25.97	22.96	0.38	6.1	0.52	6.5	1.0	남남서	194	25.9	999.9	-	58	
2021-07-31 03:30:00	13.8	서북서	304	25.99	23.02	0.53	6.2	0.81	6.0	1.2	남	188	25.9	999.9	-	55	
2021-07-31 03:35:00	14.3	서북서	298	26.03	22.83	0.41	6.0	0.59	7.5	1.3	남	178	25.8	999.9	-	71	
2021-07-31 03:40:00	15.5	서북서	299	26.05	22.77	0.42	5.9	0.53	6.0	1.1	남	189	25.9	999.9	-	61	
2021-07-31 03:45:00	12.5	서북서	300	26.08	22.67	0.45	5.7	0.61	6.5	1.1	남남서	207	26.0	999.9	-	56	
2021-07-31 03:50:00	13.4	서북서	297	26.09	22.50	0.51	6.1	0.65	6.5	0.9	남남서	202	25.9	999.9	-	54	
2021-07-31 03:55:00	12.0	서북서	292	26.08	22.64	0.42	5.7	0.63	5.5	0.6	남서	215	25.9	1000.0	-	66	
2021-07-31 04:00:00	12.5	서북서	291	26.08	22.73	0.55	6.6	0.80	6.5	0.7	남남서	192	25.9	1000.0	-	58	
2021-07-31 04:05:00	11.4	서북서	288	26.09	22.61	0.46	6.0	0.56	5.0	0.9	남	185	26.0	1000.0	-	61	
2021-07-31 04:10:00	8.9	서북서	296	26.06	22.76	0.43	6.2	0.61	6.5	1.1	남남서	204	26.0	1000.0	-	62	
2021-07-31 04:15:00	7.3	서북서	292	26.02	23.35	0.46	6.1	0.69	6.5	0.8	남남서	206	26.0	1000.1	-	63	
2021-07-31 04:20:00	9.9	서북서	303	25.81	23.25	0.42	6.5	0.58	6.0	1.2	남남서	213	25.9	1000.1	-	57	
2021-07-31 04:25:00	11.5	서북서	297	25.25	23.38	0.45	6.0	0.56	7.5	1.1	남서	214	25.9	1000.1	-	70	
2021-07-31 04:30:00	14.3	서북서	301	25.08	23.49	0.44	6.0	0.50	6.0	0.9	남서	231	25.8	1000.2	-	94	
2021-07-31 04:35:00	10.3	서북서	298	25.58	23.25	0.39	5.6	0.47	6.0	0.6	서남서	254	25.8	1000.1	-	80	
2021-07-31 04:40:00	10.1	서북서	298	25.53	23.09	0.42	6.0	0.52	6.0	0.0	남서	234	25.8	1000.0	-	58	
2021-07-31 04:45:00	11.6	북서	310	25.39	23.84	0.42	5.9	0.57	5.5	0.1	남남동	154	25.8	1000.0	-	53	
2021-07-31 04:50:00	9.6	서북서	300	25.95	23.57	0.45	5.9	0.66	5.5	0.0	남남동	165	25.8	1000.0	-	56	
2021-07-31 04:55:00	8.7	서북서	304	25.79	23.60	0.44	5.8	0.62	6.5	0.3	남남동	150	25.8	1000.0	-	53	
2021-07-31 05:00:00	9.8	북서	309	25.86	23.51	0.47	6.1	0.64	6.0	0.4	남남동	167	25.8	1000.0	-	53	
2021-07-31 05:05:00	9.3	북서	314	25.86	23.46	0.43	5.6	0.60	5.5	0.3	남남동	149	25.9	1000.0	-	68	
2021-07-31 05:10:00	8.6	북서	308	25.93	23.38	0.40	4.8	0.57	6.0	0.2	남남동	150	25.8	1000.0	-	37	
2021-07-31 05:15:00	10.8	북서	319	25.68	23.27	0.34	5.4	0.46	4.5	0.4	남	183	25.7	1000.0	-	78	
2021-07-31 05:20:00	9.2	북서	326	25.76	23.20	0.44	5.3	0.66	5.5	0.7	남	190	25.7	1000.0	-	25	
2021-07-31 05:25:00	14.6	북서	314	25.85	23.09	0.00	0.0	0.00	0.0	1.4	서북서	284	26.0	1000.2	-	71	
2021-07-31 05:30:00	10.7	북북서	333	25.78	22.88	0.45	6.0	0.55	5.5	1.0	서	268	25.9	1000.2	-	52	
2021-07-31 05:35:00	11.0	북서	321	25.81	23.11	0.50	5.9	0.80	5.5	0.3	남서	224	25.8	1000.2	-	52	
2021-07-31 05:40:00	12.4	북북서	329	25.77	23.17	0.40	5.6	0.52	6.0	0.3	서북서	294	25.8	1000.1	-	63	
2021-07-31 05:45:00	9.7	북북서	328	25.77	23.01	0.43	5.6	0.59	6.0	0.0	서	279	25.7	1000.2	-	45	
2021-07-31 05:50:00	-	-	-	-	-	-	-	-	-	-	-	-	-	-	-	-	
2021-07-31 05:55:00	10.3	북북서	332	25.15	23.02	0.36	4.8	0.73	4.8	0.3	동남동	107	25.6	1000.2	-	52	
2021-07-31 06:00:00	11.1	북북서	330	24.61	23.26	0.45	5.4	0.59	5.0	0.0	동남동	110	25.7	1000.3	-	62	
2021-07-31 06:05:00	10.2	북북서	337	23.68	23.30	0.51	6.2	0.75	6.0	0.2	남동	141	25.8	1000.3	-	40	
2021-07-31 06:10:00	10.7	북북서	338	23.47	23.28	0.45	5.6	0.54	5.5	0.5	남동	143	26.0	1000.3	-	79	
2021-07-31 06:15:00	9.0	북서	313	23.62	23.11	0.53	6.4	0.64	5.5	0.4	남동	144	26.3	1000.3	-	57	
2021-07-31 06:20:00	11.6	북	357	24.48	23.16	0.51	5.7	0.67	5.5	0.6	남	191	26.2	1000.4	-	49	
2021-07-31 06:25:00	8.2	북	359	24.35	23.18	0.43	5.3	0.56	4.0	0.5	남	187	26.3	1000.4	-	72	
2021-07-31 06:30:00	10.2	북	6	25.13	22.95	0.42	5.2	0.54	5.0	0.1	서남서	254	26.3	1000.4	-	63	
2021-07-31 06:35:00	11.2	북북동	23	24.83	23.00	0.52	5.0	0.71	6.0	0.3	북북서	338	26.5	1000.4	-	56	
2021-07-31 06:40:00	8.9	북	9	24.64	23.28	0.41	5.0	0.56	6.5	0.5	북북서	348	26.6	1000.4	-	57	
2021-07-31 06:45:00	10.4	북	350	25.26	23.16	0.51	5.9	0.73	6.5	0.0	동북동	58	26.7	1000.4	-	43	
2021-07-31 06:50:00	6.8	북	1	25.04	23.18	0.48	5.3	0.60	5.5	0.7	동북동	68	26.9	1000.5	-	52	
2021-07-31 06:55:00	12.3	북	3	25.19	23.24	0.44	5.5	0.65	5.0	0.7	동북동	57	26.8	1000.5	-	41	
2021-07-31 07:00:00	14.1	북북동	31	25.38	23.10	0.51	4.4	0.74	6.0	0.3	북동	44	26.7	1000.6	-	59	
2021-07-31 07:05:00	13.2	북	5	25.35	22.98	0.40	4.6	0.63	5.5	0.0	북북동	27	26.8	1000.6	-	64	
2021-07-31 07:10:00	11.7	북북동	27	25.34	22.89	0.61	5.3	0.89	5.0	0.3	동남동	103	27.4	1000.6	-	56	
2021-07-31 07:15:00	14.0	북북동	22	25.41	22.98	0.43	5.0	0.62	4.0	0.4	동남동	106	27.5	1000.6	-	48	
2021-07-31 07:20:00	13.1	북북동	23	25.57	22.87	0.55	5.6	0.85	7.0	0.1	동	81	27.6	1000.6	-	43	
2021-07-31 07:25:00	11.1	북북동	16	25.53	22.79	0.49	5.8	0.58	7.0	0.2	동북동	78	27.8	1000.7	-	60	
2021-07-31 07:30:00	9.5	북	356	25.56	22.97	0.46	5.6	0.64	5.5	0.5	동	79	27.7	1000.7	-	48	
2021-07-31 07:35:00	8.3	북북서	347	25.67	22.79	0.45	5.4	0.58	6.5	0.5	동북동	68	27.8	1000.8	-	69	
2021-07-31 07:40:00	3.7	북북서	343	25.80	22.74	0.40	5.7	0.60	5.5	0.7	북동	45	27.6	1000.8	-	63	
2021-07-31 07:45:00	6.1	서북서	299	25.76	22.77	0.51	5.8	0.77	6.5	0.7	동북동	73	27.5	1000.7	-	53	
2021-07-31 07:50:00	6.0	북서	318	25.76	22.76	0.48	5.8	0.70	5.5	1.1	동북동	58	27.5	1000.7	-	66	
2021-07-31 07:55:00	8.5	북서	305	25.85	22.69	0.48	5.6	0.59	6.0	1.0	동북동	68	27.2	1000.7	-	57	
2021-07-31 08:00:00	7.6	서북서	304	25.83	22.38	0.47	5.9	0.60	5.5	0.6	동북동	76	27.5	1000.7	-	71	
2021-07-31 08:05:00	7.7	북	354	25.71	22.31	0.41	5.6	0.55	6.0	0.5	동	96	27.8	1000.8	-	40	
2021-07-31 08:10:00	8.3	북서	305	25.80	22.50	0.45	4.9	0.61	5.0	0.2	동남동	114	27.9	1000.8	-	52	
2021-07-31 08:15:00	9.5	서북서	303	25.83	22.51	0.46	6.0	0.77	7.0	0.0	남남동	156	28.3	1000.8	-	50	
2021-07-31 08:20:00	11.3	서북서	302	25.84	22.53	0.47	6.1	0.63	5.0	0.0	동	87	29.0	1000.8	-	58	
2021-07-31 08:25:00	7.4	서북서	289	25.78	22.55	0.38	5.0	0.54	5.5	0.0	동	88	29.0	1000.7	-	84	
2021-07-31 08:30:00	7.8	북서	317	25.73	22.47	0.43	5.3	0.59	6.0	0.1	북북서	341	29.0	1000.7	-	39	
2021-07-31 08:35:00	8.6	북서	326	25.72	22.58	0.47	5.8	0.90	7.0	0.7	북북서	337	28.4	1000.7	-	57	
2021-07-31 08:40:00	7.9	북서	317	25.68	22.72	0.46	5.2	0.62	5.5	0.9	북북서	346	27.9	1000.7	-	50	
2021-07-31 08:45:00	6.0	북	6	25.51	22.71	0.48	5.2	0.61	6.0	0.9	북	6	27.7	1000.6	-	54	
2021-07-31 08:50:00	2.4	북	2	25.53	22.63	0.45	5.5	0.59	6.0	0.8	북북동	30	28.0	1000.6	-	61	
2021-07-31 08:55:00	6.6	북서	320	25.38	22.60	0.42	5.4	0.53	5.5	0.6	북북동	27	28.2	1000.7	-	47	
2021-07-31 09:00:00	3.8	북서	318	25.42	22.58	0.45	5.5	0.64	6.0	0.6	북북동	21	28.3	1000.7	-	52	
2021-07-31 09:05:00	4.7	북	4	25.34	22.61	0.41	5.8	0.60	6.0	0.7	북동	56	28.6	1000.7	-	57	
2021-07-31 09:10:00	4.7	북	4	25.30	22.75	0.52	6.1	0.70	6.0	0.8	동북동	66	28.7	1000.7	-	50	
2021-07-31 09:15:00	3.1	북동	45	25.20	22.83	0.42	5.9	0.63	5.5	0.9	동	79	28.4	1000.7	-	54	
2021-07-31 09:20:00	4.4	북동	39	25.13	22.71	0.45	5.3	0.58	5.5	0.9	동북동	76	28.4	1000.7	-	61	
2021-07-31 09:25:00	5.2	북동	36	25.02	22.76	0.48	6.2	0.64	6.5	1.1	동북동	73	28.5	1000.7	-	56	
2021-07-31 09:30:00	6.9	북북동	23	25.06	22.91	0.40	5.2	0.58	6.0	1.8	동북동	76	28.3	1000.7	-	30	
2021-07-31 09:35:00	4.1	북북동	28	24.99	23.03	0.41	5.8	0.68	5.0	2.0	동북동	73	28.2	1000.8	-	50	
2021-07-31 09:40:00	4.1	북북동	33	25.19	22.98	0.47	5.6	0.66	6.5	2.1	동	85	28.2	1000.8	-	40	
2021-07-31 09:45:00	6.8	북동	48	25.15	22.67	0.48	6.0	0.58	7.0	1.9	동	92	28.3	1000.7	-	76	
2021-07-31 09:50:00	5.1	북북동	33	25.06	22.77	0.47	5.8	0.58	6.0	2.0	동	97	28.4	1000.7	-	60	
2021-07-31 09:55:00	4.2	북북동	19	25.13	22.78	0.44	5.5	0.60	5.5	2.0	동	99	28.8	1000.7	-	63	
2021-07-31 10:00:00	7.3	북동	35	24.99	22.76	0.50	6.0	0.75	6.0	2.1	동	99	28.9	1000.7	-	38	
2021-07-31 10:05:00	3.9	북북동	16	25.10	22.82	0.51	5.7	0.66	6.5	1.7	동남동	118	29.0	1000.7	-	55	
2021-07-31 10:10:00	3.6	북북서	346	25.08	22.63	0.46	5.2	0.61	5.5	2.0	동남동	117	29.0	1000.7	-	45	
2021-07-31 10:15:00	1.7	서북서	301	25.25	22.61	0.41	5.8	0.60	6.0	1.9	동남동	115	29.0	1000.7	-	40	
2021-07-31 10:20:00	4.4	북북동	30	25.33	22.64	0.49	6.0	0.82	5.5	2.1	동남동	109	28.9	1000.7	-	56	
2021-07-31 10:25:00	2.0	북서	325	25.59	22.60	0.58	6.2	0.74	6.0	2.4	동남동	102	28.6	1000.7	-	50	
2021-07-31 10:30:00	7.3	서	272	25.95	22.43	0.52	5.9	0.67	6.0	2.6	동남동	111	28.5	1000.7	-	61	
2021-07-31 10:35:00	7.9	서	277	25.83	22.93	0.38	5.2	0.50	4.5	2.8	동남동	106	28.5	1000.7	-	74	
2021-07-31 10:40:00	9.6	서북서	282	25.59	23.06	0.48	6.0	0.64	6.0	2.8	동남동	104	28.5	1000.6	-	54	
2021-07-31 10:45:00	6.5	서	273	25.62	23.04	0.44	5.9	0.55	6.5	2.8	동	101	28.5	1000.6	-	41	
2021-07-31 10:50:00	8.4	서	280	25.64	22.92	0.47	5.9	0.70	5.5	2.7	동	97	28.5	1000.6	-	64	
2021-07-31 10:55:00	10.0	서북서	283	25.72	22.93	0.46	6.1	0.77	6.0	2.6	동	98	28.5	1000.6	-	64	
2021-07-31 11:00:00	7.6	서북서	282	25.71	22.87	0.52	6.0	0.84	6.0	2.6	동남동	102	28.6	1000.6	-	53	
2021-07-31 11:05:00	7.6	서북서	282	25.78	22.83	0.54	6.0	0.65	5.5	2.8	동	99	28.6	1000.6	-	50	
2021-07-31 11:10:00	10.4	서북서	291	25.83	22.93	0.45	5.7	0.69	5.5	3.0	동	94	28.7	1000.6	-	55	
2021-07-31 11:15:00	9.4	서북서	287	25.83	22.71	0.34	5.3	0.49	5.5	2.8	동	94	28.7	1000.6	-	54	
2021-07-31 11:20:00	9.1	서북서	292	25.87	22.34	0.52	6.0	0.65	6.5	3.1	동	95	28.7	1000.6	-	46	
2021-07-31 11:25:00	8.7	서북서	282	25.93	22.51	0.38	5.8	0.44	5.5	3.2	동	95	28.7	1000.6	-	50	
2021-07-31 11:30:00	6.7	서북서	286	25.93	22.26	0.50	6.2	0.64	6.0	3.2	동남동	104	28.8	1000.5	-	45	
2021-07-31 11:35:00	8.9	서	279	26.12	22.07	0.49	6.3	0.61	6.5	3.3	동남동	102	28.8	1000.5	-	57	
2021-07-31 11:40:00	11.5	서	280	26.12	22.31	0.51	6.1	0.67	7.5	3.4	동남동	105	28.8	1000.5	-	58	
2021-07-31 11:45:00	11.2	서북서	291	26.11	22.22	0.42	6.1	0.60	6.5	3.2	동남동	110	28.9	1000.5	-	55	
2021-07-31 11:50:00	10.6	서북서	288	26.11	22.35	0.43	5.8	0.62	5.5	3.1	동남동	108	29.0	1000.5	-	64	
2021-07-31 11:55:00	9.5	서북서	284	26.22	22.25	0.49	6.0	0.68	6.0	3.1	동남동	114	28.9	1000.5	-	65	
2021-07-31 12:00:00	10.0	서북서	298	26.26	22.46	0.45	5.5	0.66	5.5	2.8	동남동	117	28.9	1000.5	-	72	
2021-07-31 12:05:00	13.5	서북서	291	26.60	22.15	0.45	6.0	0.57	6.5	2.8	동남동	111	28.9	1000.4	-	68	
2021-07-31 12:10:00	12.0	서북서	283	26.21	22.24	0.41	6.0	0.55	6.0	2.7	동남동	111	29.0	1000.4	-	70	
2021-07-31 12:15:00	10.0	서	280	26.20	22.48	0.40	5.4	0.48	6.0	2.9	동남동	112	28.9	1000.3	-	58	
2021-07-31 12:20:00	10.2	서북서	281	26.36	22.64	0.36	5.5	0.49	5.5	3.0	동남동	115	28.9	1000.3	-	62	
2021-07-31 12:25:00	11.7	서북서	297	26.74	22.87	0.42	5.6	0.56	5.5	3.0	동남동	113	29.0	1000.3	-	66	
2021-07-31 12:30:00	10.5	서북서	287	26.53	22.89	0.37	5.7	0.55	5.5	3.2	동남동	114	29.0	1000.3	-	35	
2021-07-31 12:35:00	12.2	서북서	295	26.51	22.91	0.42	5.6	0.61	6.0	3.5	동남동	112	28.9	1000.2	-	65	
2021-07-31 12:40:00	14.6	서북서	296	26.92	22.96	0.40	5.3	0.58	5.5	3.7	동남동	113	28.9	1000.2	-	58	
2021-07-31 12:45:00	19.4	서북서	298	27.07	23.09	0.47	6.0	0.63	6.0	3.3	동남동	120	28.9	1000.2	-	52	
2021-07-31 12:50:00	19.1	북서	305	26.96	23.09	0.42	5.9	0.61	5.5	3.0	남동	124	29.0	1000.2	-	60	
2021-07-31 12:55:00	20.4	북서	305	27.11	22.97	0.38	5.5	0.58	5.5	2.5	남동	124	29.0	1000.2	-	39	
2021-07-31 13:00:00	24.8	북서	305	27.43	22.50	0.41	5.7	0.58	6.0	2.6	남동	128	29.1	1000.1	-	44	
2021-07-31 13:05:00	24.0	북서	307	27.19	22.67	0.41	6.0	0.55	5.5	2.7	남동	126	29.1	1000.1	-	63	
2021-07-31 13:10:00	25.0	북서	310	27.14	22.36	0.34	4.9	0.43	3.5	2.5	남동	124	29.2	1000.2	-	53	
2021-07-31 13:15:00	23.1	북서	308	27.03	22.64	0.36	5.5	0.55	6.5	2.3	남동	129	29.1	1000.2	-	74	
2021-07-31 13:20:00	23.5	북서	315	27.26	22.67	0.40	5.8	0.51	5.5	2.1	남동	137	29.0	1000.2	-	58	
2021-07-31 13:25:00	21.1	북서	313	27.05	22.71	0.37	5.7	0.59	6.0	2.7	남동	129	29.0	1000.1	-	73	
2021-07-31 13:30:00	21.4	북서	313	27.10	22.83	0.39	5.8	0.52	5.5	2.8	남동	124	28.9	999.9	-	78	
2021-07-31 13:35:00	21.3	북서	311	27.17	22.83	0.37	5.8	0.44	5.0	2.4	남동	128	29.0	999.9	-	70	
2021-07-31 13:40:00	21.6	북서	312	27.64	22.70	0.47	5.8	0.71	6.0	2.2	남동	124	29.1	999.9	-	60	
2021-07-31 13:45:00	22.6	북서	310	27.36	22.63	0.38	5.5	0.48	5.0	2.5	동남동	123	29.0	999.9	-	71	
2021-07-31 13:50:00	18.5	북서	308	27.34	22.35	0.38	5.9	0.64	5.5	2.2	남동	133	29.0	999.9	-	67	
2021-07-31 13:55:00	17.7	북서	310	26.91	22.29	0.41	5.6	0.51	6.0	1.5	남동	146	29.1	1000.0	-	49	
2021-07-31 14:00:00	24.6	북서	324	28.01	22.40	0.44	5.9	0.66	5.5	1.2	남동	146	29.2	1000.0	-	57	
2021-07-31 14:05:00	22.1	북서	319	27.60	22.23	0.36	5.4	0.56	5.5	1.3	남동	131	29.3	999.9	-	66	
2021-07-31 14:10:00	18.4	북북서	329	27.45	22.24	0.34	4.9	0.49	6.0	1.3	남동	125	29.3	999.9	-	69	
2021-07-31 14:15:00	18.8	북서	321	27.34	22.31	0.40	5.9	0.54	6.5	1.0	동남동	120	29.5	1000.0	-	60	
2021-07-31 14:20:00	17.4	북서	322	27.28	22.07	0.35	5.1	0.48	5.5	0.7	남동	144	29.6	1000.0	-	44	
2021-07-31 14:25:00	17.8	북서	326	27.14	22.09	0.39	5.5	0.51	6.5	0.3	남동	125	29.7	1000.0	-	55	
2021-07-31 14:30:00	18.1	북북서	327	27.17	22.14	0.36	5.3	0.49	6.0	0.8	동남동	109	29.9	999.9	-	56	
2021-07-31 14:35:00	16.6	북북서	335	27.12	22.79	0.39	5.2	0.49	5.5	1.2	동남동	117	29.9	999.9	-	53	
2021-07-31 14:40:00	17.3	북북서	330	27.33	22.87	0.36	5.6	0.45	5.0	1.6	동남동	112	29.8	999.9	-	63	
2021-07-31 14:45:00	19.4	북북서	334	27.39	23.08	0.38	5.4	0.50	5.5	1.6	동남동	108	29.7	999.8	-	69	
2021-07-31 14:50:00	18.7	북북서	335	27.34	22.99	0.34	5.3	0.49	4.0	1.5	동남동	108	29.6	999.8	-	34	
2021-07-31 14:55:00	17.4	북북서	333	27.51	22.78	0.38	5.4	0.54	5.0	1.6	동남동	109	29.5	999.8	-	57	
2021-07-31 15:00:00	18.9	북북서	346	27.78	23.04	0.38	5.3	0.67	3.0	1.7	동남동	113	29.6	999.8	-	66	
2021-07-31 15:05:00	21.8	북북서	339	27.78	22.97	0.37	5.3	0.58	5.5	1.3	남동	124	29.5	999.8	-	63	
2021-07-31 15:10:00	25.6	북북서	344	27.90	22.79	0.33	4.8	0.56	4.5	1.5	동남동	121	29.5	999.8	-	60	
2021-07-31 15:15:00	19.4	북북서	338	27.38	23.02	0.43	5.5	0.69	4.5	1.6	동남동	113	29.3	999.8	-	61	
2021-07-31 15:20:00	19.1	북북서	342	27.33	22.93	0.39	5.1	0.51	5.0	1.8	동남동	108	29.3	999.7	-	81	
2021-07-31 15:25:00	15.2	북	350	27.32	22.94	0.42	5.3	0.53	5.0	1.8	동남동	111	29.3	999.7	-	34	
2021-07-31 15:30:00	11.7	북	357	27.27	22.97	0.32	5.1	0.43	5.0	2.1	동남동	102	29.2	999.6	-	62	
2021-07-31 15:35:00	13.8	북북서	344	27.30	22.95	0.37	4.9	0.61	5.5	2.1	동남동	108	29.3	999.6	-	52	
2021-07-31 15:40:00	11.8	북	0	27.22	22.93	0.31	4.8	0.41	5.0	2.0	동남동	106	29.3	999.6	-	70	
2021-07-31 15:45:00	14.0	북	350	27.35	22.76	0.41	5.7	0.54	6.5	1.6	동	100	29.3	999.6	-	59	
2021-07-31 15:50:00	12.2	북북서	345	27.23	22.76	0.29	4.2	0.37	2.5	1.4	동	90	29.5	999.6	-	39	
2021-07-31 15:55:00	9.8	북	355	27.12	22.56	0.35	4.9	0.46	4.5	1.5	동	92	29.5	999.5	-	77	
2021-07-31 16:00:00	9.4	북	355	27.01	22.67	0.38	5.4	0.63	6.0	1.1	동	84	29.6	999.5	-	64	
2021-07-31 16:05:00	5.5	북	350	27.13	22.66	0.34	4.5	0.47	5.0	1.3	동	96	29.7	999.5	-	58	
2021-07-31 16:10:00	5.3	북북서	339	27.18	22.47	0.35	5.5	0.53	5.5	1.7	동	97	29.8	999.5	-	77	
2021-07-31 16:15:00	1.2	북북서	333	27.17	22.63	0.38	5.8	0.53	5.0	2.3	동남동	104	29.6	999.5	-	68	
2021-07-31 16:20:00	2.7	북북서	341	27.09	22.56	0.41	5.4	0.66	5.5	2.4	동남동	113	29.4	999.5	-	56	
2021-07-31 16:25:00	3.5	북북서	337	27.06	22.70	0.35	5.5	0.46	5.0	2.9	동남동	111	29.4	999.5	-	66	
2021-07-31 16:30:00	2.5	북서	311	26.97	22.54	0.44	6.0	0.59	6.0	3.3	동남동	112	29.3	999.4	-	54	
2021-07-31 16:35:00	5.0	북	6	27.00	22.54	0.32	5.0	0.43	5.5	3.1	동남동	111	29.3	999.4	-	58	
2021-07-31 16:40:00	4.2	북	1	27.11	22.48	0.38	5.1	0.65	5.5	3.4	동남동	111	29.3	999.3	-	79	
2021-07-31 16:45:00	3.8	북북서	341	27.14	22.30	0.38	5.1	0.53	6.0	3.5	동남동	112	29.2	999.3	-	18	
2021-07-31 16:50:00	3.9	북	8	27.11	22.47	0.35	4.9	0.48	5.0	3.1	동남동	112	29.2	999.3	-	77	
2021-07-31 16:55:00	5.3	북북서	339	26.93	22.26	0.44	5.3	0.59	5.5	3.0	동남동	119	29.3	999.4	-	62	
2021-07-31 17:00:00	5.3	북	356	27.23	22.27	0.33	5.6	0.45	5.5	2.9	동남동	122	29.2	999.4	-	50	
2021-07-31 17:05:00	4.6	북	10	27.29	22.67	0.36	4.6	0.55	4.5	2.6	동남동	120	29.1	999.4	-	67	
2021-07-31 17:10:00	3.9	북	11	27.42	22.70	0.33	4.6	0.42	5.0	2.7	동남동	115	29.1	999.4	-	77	
2021-07-31 17:15:00	5.2	북	355	27.61	22.53	0.33	5.2	0.45	5.5	2.9	동남동	122	29.0	999.3	-	60	
2021-07-31 17:20:00	3.8	북북서	344	27.59	22.61	0.32	4.6	0.42	6.5	2.7	남동	133	28.9	999.3	-	47	
2021-07-31 17:25:00	5.3	북북서	329	27.46	22.78	0.36	5.0	0.60	6.0	2.4	남동	125	28.9	999.2	-	55	
2021-07-31 17:30:00	2.8	북북서	328	27.43	22.82	0.33	4.5	0.55	5.0	2.2	동남동	115	28.8	999.2	-	28	
2021-07-31 17:35:00	0.9	남동	146	26.94	22.90	0.38	5.2	0.60	6.0	2.1	동남동	112	28.9	999.2	-	59	
2021-07-31 17:40:00	1.1	북	358	26.89	22.66	0.33	5.1	0.49	5.5	2.3	동남동	113	29.0	999.2	-	66	
2021-07-31 17:45:00	1.6	동북동	56	26.95	22.35	0.30	5.2	0.47	5.0	3.0	동남동	116	29.0	999.2	-	60	
2021-07-31 17:50:00	1.5	남남동	162	26.80	22.30	0.32	5.2	0.44	5.0	2.9	동남동	114	28.9	999.1	-	43	
2021-07-31 17:55:00	2.6	동북동	73	27.04	22.12	0.33	5.5	0.42	5.5	3.8	동남동	116	28.9	999.2	-	40	
2021-07-31 18:00:00	1.5	동북동	79	27.10	22.03	0.29	5.4	0.40	5.5	4.4	동남동	121	28.9	999.3	-	49	
2021-07-31 18:05:00	2.6	남남동	148	27.15	22.45	0.31	4.9	0.40	5.0	4.3	동남동	123	28.6	999.3	-	57	
2021-07-31 18:10:00	8.3	북북서	336	27.36	22.28	0.35	5.0	0.47	5.0	4.6	남동	128	28.6	999.4	-	51	
2021-07-31 18:15:00	8.9	북북서	344	27.35	22.20	0.30	4.7	0.39	3.5	4.8	남동	126	28.5	999.3	-	73	
2021-07-31 18:20:00	10.6	북북서	330	27.40	22.33	0.33	5.4	0.43	5.0	4.9	남동	124	28.5	999.3	-	56	
2021-07-31 18:25:00	5.5	북북서	344	27.36	22.32	0.31	4.4	0.42	5.0	4.6	남동	125	28.4	999.3	-	66	
2021-07-31 18:30:00	4.8	북북서	330	27.34	22.57	0.34	4.9	0.44	5.0	4.9	남동	125	28.4	999.3	-	47	
2021-07-31 18:35:00	3.0	서북서	297	27.10	22.44	0.39	4.8	0.57	6.0	4.9	남동	125	28.4	999.2	-	40	
2021-07-31 18:40:00	4.5	서남서	241	26.81	22.47	0.35	5.0	0.44	5.0	4.8	남동	125	28.3	999.2	-	69	
2021-07-31 18:45:00	4.1	북서	319	27.00	22.46	0.34	4.6	0.53	6.0	4.4	남동	127	28.3	999.3	-	65	
2021-07-31 18:50:00	5.5	북서	311	27.13	22.42	0.37	4.3	0.54	3.5	4.0	동남동	122	28.2	999.4	-	59	
2021-07-31 18:55:00	6.7	북서	317	27.13	22.78	0.38	4.4	0.51	5.0	4.8	남동	124	28.2	999.3	-	55	
2021-07-31 19:00:00	11.6	북서	320	27.21	22.99	0.31	3.9	0.57	4.5	4.5	남동	126	28.2	999.4	-	87	
2021-07-31 19:05:00	6.8	북서	324	27.14	23.13	0.32	4.2	0.42	5.0	4.6	남동	129	28.1	999.4	-	49	
2021-07-31 19:10:00	8.5	북북서	339	27.10	22.07	0.38	4.9	0.57	6.0	5.1	남동	126	28.1	999.4	-	53	
2021-07-31 19:15:00	9.9	북북서	327	26.99	22.66	0.36	3.8	0.53	5.5	5.1	동남동	123	28.1	999.4	-	61	
2021-07-31 19:20:00	10.5	북북서	346	26.94	22.98	0.38	5.2	0.52	5.0	4.9	남동	125	28.0	999.4	-	72	
2021-07-31 19:25:00	9.1	북	358	27.04	22.74	0.40	4.8	0.56	5.5	5.1	남동	129	28.0	999.4	-	71	
2021-07-31 19:30:00	10.0	북북서	335	27.04	22.74	0.36	4.2	0.49	5.0	4.9	남동	127	28.0	999.5	-	119	
2021-07-31 19:35:00	16.3	북북서	340	27.04	22.89	0.36	4.1	0.48	2.5	4.3	남동	129	28.0	999.6	-	53	
2021-07-31 19:40:00	11.2	북북서	347	26.99	22.85	0.36	4.4	0.56	5.0	4.6	남동	134	28.0	999.7	-	67	
2021-07-31 19:45:00	14.3	북북서	337	26.97	23.06	0.35	4.0	0.45	5.0	4.5	남동	133	27.9	999.7	-	61	
2021-07-31 19:50:00	16.5	북북서	332	27.01	22.78	0.33	4.1	0.49	6.0	4.5	남동	136	27.8	999.7	-	55	
2021-07-31 19:55:00	19.2	북서	325	27.03	22.83	0.37	3.8	0.60	6.0	4.2	남동	137	27.8	999.8	-	109	
2021-07-31 20:00:00	15.9	북북서	331	27.04	22.68	0.39	4.2	0.57	3.0	4.4	남동	142	27.8	999.8	-	39	
2021-07-31 20:05:00	16.9	북서	323	27.01	22.66	0.35	4.0	0.50	4.5	4.8	남동	135	27.7	999.8	-	67	
2021-07-31 20:10:00	14.6	북북서	329	27.00	23.03	0.39	4.8	0.56	5.0	5.0	남동	135	27.7	999.8	-	61	
2021-07-31 20:15:00	10.5	북서	325	27.05	22.94	0.30	3.9	0.44	2.5	4.9	남동	137	27.7	999.9	-	12	
2021-07-31 20:20:00	12.5	북북서	336	27.06	22.98	0.37	4.0	0.54	4.5	4.0	남동	131	27.7	1000.0	-	120	
2021-07-31 20:25:00	14.8	북북서	341	27.02	23.09	0.39	4.3	0.59	5.5	4.4	남동	135	27.6	1000.0	-	59	
2021-07-31 20:30:00	12.6	북북서	343	27.00	22.52	0.39	4.4	0.50	5.5	4.3	남동	144	27.6	1000.0	-	53	
2021-07-31 20:35:00	9.2	북	11	26.94	22.73	0.39	4.8	0.47	3.0	4.0	남동	144	27.6	1000.0	-	58	
2021-07-31 20:40:00	9.2	북	354	26.90	22.73	0.37	3.8	0.52	2.5	3.9	남동	144	27.5	1000.1	-	95	
2021-07-31 20:45:00	11.6	북	353	26.84	22.76	0.44	4.2	0.57	5.5	3.8	남남동	151	27.4	1000.1	-	41	
2021-07-31 20:50:00	10.8	북	356	26.79	23.01	0.34	3.9	0.57	4.5	2.7	남남동	151	27.8	1000.2	-	53	
2021-07-31 20:55:00	12.1	북북동	16	26.68	23.04	0.45	4.0	0.65	4.5	2.1	남남동	165	27.9	1000.1	-	35	
2021-07-31 21:00:00	10.9	북	0	26.75	23.24	0.41	4.3	0.51	3.0	2.0	서	281	28.0	1000.2	-	69	
2021-07-31 21:05:00	8.2	북	356	26.78	23.10	0.41	4.2	0.62	5.0	1.6	북서	308	27.7	1000.2	-	81	
2021-07-31 21:10:00	6.7	북	358	26.72	23.07	0.42	4.4	0.55	4.5	1.2	서북서	302	27.5	1000.3	-	50	
2021-07-31 21:15:00	6.2	북	356	26.71	23.14	0.36	3.8	0.64	5.0	1.2	서북서	296	27.4	1000.3	-	100	
2021-07-31 21:20:00	8.7	북북서	346	26.71	22.20	0.33	3.5	0.52	3.5	2.2	북서	308	27.4	1000.2	-	54	
2021-07-31 21:25:00	4.8	북북동	14	26.58	22.36	0.36	4.4	0.51	3.0	2.4	서북서	288	27.4	1000.3	-	65	
2021-07-31 21:30:00	5.1	북북서	339	26.68	22.47	0.40	4.0	0.57	3.5	3.5	서	270	27.3	1000.3	-	48	
2021-07-31 21:35:00	8.0	북북서	342	26.68	22.56	0.36	3.6	0.58	6.5	4.3	서북서	282	27.2	1000.3	-	44	
2021-07-31 21:40:00	10.6	북북서	336	26.72	22.67	0.36	3.6	0.54	4.5	4.6	서북서	290	27.2	1000.3	-	2	
2021-07-31 21:45:00	10.5	북북서	345	26.75	22.40	0.34	4.8	0.55	5.5	4.4	서북서	287	27.2	1000.2	-	54	
2021-07-31 21:50:00	6.1	북북서	338	26.66	22.59	0.34	3.7	0.51	4.5	4.2	서북서	288	27.1	1000.2	-	92	
2021-07-31 21:55:00	8.1	북북서	331	26.69	22.68	0.40	4.0	0.56	5.0	4.1	서북서	282	27.0	1000.2	-	40	
2021-07-31 22:00:00	7.4	북북서	342	26.71	22.74	0.32	3.6	0.50	5.0	3.6	서북서	284	27.0	1000.2	-	37	
2021-07-31 22:05:00	7.8	북	358	26.72	22.83	0.39	4.5	0.57	5.5	3.3	서	278	27.0	1000.2	-	49	
2021-07-31 22:10:00	6.0	북북서	337	26.68	22.76	0.32	4.8	0.53	4.0	3.2	서	273	27.0	1000.2	-	42	
2021-07-31 22:15:00	6.6	북북서	345	26.69	22.89	0.34	4.1	0.47	5.5	2.8	서	275	27.1	1000.2	-	62	
2021-07-31 22:20:00	8.5	북	1	26.64	22.91	0.40	4.7	0.59	5.0	2.9	서	266	27.1	1000.1	-	49	
2021-07-31 22:25:00	4.8	북	351	26.62	22.82	0.36	4.0	0.48	5.0	2.7	서	271	27.1	1000.1	-	75	
2021-07-31 22:30:00	4.4	북	350	26.52	22.95	0.32	4.7	0.48	4.0	2.9	서	277	27.0	1000.1	-	47	
2021-07-31 22:35:00	5.3	북북서	327	26.17	23.04	0.31	3.9	0.44	4.5	2.8	서북서	282	27.0	1000.1	-	8	
2021-07-31 22:40:00	5.4	서북서	288	26.37	22.82	0.32	4.8	0.45	6.5	3.1	서북서	287	27.0	1000.1	-	67	
2021-07-31 22:45:00	5.5	북서	313	26.35	23.10	0.35	3.8	0.49	5.5	3.3	서북서	290	26.9	1000.1	-	32	
2021-07-31 22:50:00	3.6	북북서	338	26.42	23.13	0.32	4.5	0.66	4.0	3.2	서북서	291	26.8	1000.2	-	38	
2021-07-31 22:55:00	5.4	서북서	302	26.34	23.03	0.33	4.4	0.47	3.0	2.7	서북서	294	26.8	1000.2	-	9	
2021-07-31 23:00:00	5.2	서북서	290	26.02	23.44	0.32	4.5	0.41	5.0	2.8	서북서	293	26.8	1000.2	-	58	
2021-07-31 23:05:00	9.2	서북서	297	26.07	23.53	0.32	4.1	0.57	5.0	2.8	서	280	26.8	1000.3	-	334	
2021-07-31 23:10:00	6.9	서북서	303	26.15	23.52	0.35	3.9	0.51	4.5	2.1	서	276	26.8	1000.3	-	99	
2021-07-31 23:15:00	4.8	북서	324	26.18	23.54	0.27	4.2	0.42	4.0	1.9	서	264	26.8	1000.4	-	71	
2021-07-31 23:20:00	3.0	북북서	331	26.21	23.52	0.35	4.4	0.55	3.5	1.7	서	264	26.9	1000.4	-	58	
2021-07-31 23:25:00	4.8	서북서	304	26.25	22.65	0.36	4.0	0.50	3.5	1.5	서	277	27.0	1000.5	-	31	
2021-07-31 23:30:00	10.5	서북서	292	26.05	23.01	0.33	4.4	0.46	3.0	1.6	서북서	298	27.1	1000.5	-	70	
2021-07-31 23:35:00	10.7	서북서	287	26.24	22.97	0.33	4.2	0.50	3.5	1.9	서북서	295	27.1	1000.4	-	58	
2021-07-31 23:40:00	12.2	서북서	289	26.25	22.94	0.32	3.7	0.48	3.0	1.5	서북서	286	27.4	1000.4	-	65	
2021-07-31 23:45:00	11.9	서북서	301	26.33	23.07	0.34	4.2	0.47	4.5	0.9	서	277	27.5	1000.4	-	55	
2021-07-31 23:50:00	10.2	서북서	299	26.33	22.73	0.33	4.5	0.48	5.5	0.8	남서	234	27.6	1000.4	-	43	
2021-07-31 23:55:00	9.7	서북서	285	26.15	22.88	0.35	4.2	0.46	4.5	1.2	남	184	27.5	1000.3	-	154	
