관측소명:경포대해수욕장
위도:37.80897222222220
경도:128.931888888889
관측시간	유속(cm/s)	유향(16points)	유향(deg)	수온(℃)	염분(PSU)	유의파고(m)	유의파주기(sec)	최대파고(m)	최대파주기(sec)	풍속(m/s)	풍향(16points)	풍향(deg)	기온(℃)	기압(hPa)	시정(m)	파향(deg)	
2019-12-01 00:00:00	0.6	북	11	14.87	29.62	0.87	5.7	1.07	6.0	1.5	서북서	284	10.6	1023.9	-	123	
2019-12-01 00:05:00	3.6	북북서	345	14.90	29.61	0.61	6.0	0.99	6.0	1.8	서	280	10.6	1023.9	-	121	
2019-12-01 00:10:00	3.9	서북서	295	14.91	29.62	0.69	5.8	0.86	6.5	1.7	서북서	297	10.5	1023.9	-	122	
2019-12-01 00:15:00	4.0	서북서	296	14.96	29.63	0.65	5.5	1.05	5.5	1.1	서	265	10.3	1023.9	-	111	
2019-12-01 00:20:00	5.6	북북서	335	14.99	29.68	0.80	5.6	1.19	5.5	4.2	서남서	246	10.5	1023.9	-	114	
2019-12-01 00:25:00	4.7	북북서	347	14.98	29.66	0.73	5.7	1.13	5.5	3.7	서	263	10.5	1023.9	-	107	
2019-12-01 00:30:00	3.8	북	5	14.97	29.63	0.80	5.6	1.03	5.5	3.6	서	260	10.4	1023.9	-	114	
2019-12-01 00:35:00	3.8	북	1	14.94	29.61	0.83	5.9	1.20	5.5	3.8	서남서	257	10.4	1023.8	-	125	
2019-12-01 00:40:00	5.5	북	357	14.97	29.77	0.68	5.8	0.89	6.5	3.4	서남서	253	10.3	1023.8	-	129	
2019-12-01 00:45:00	2.8	북	3	15.02	29.67	0.74	5.9	0.97	6.0	2.5	서	262	10.3	1023.8	-	117	
2019-12-01 00:50:00	2.4	북북서	327	15.15	29.85	0.78	5.8	1.04	5.5	4.0	서남서	258	10.2	1023.8	-	91	
2019-12-01 00:55:00	3.7	북	354	15.11	29.73	0.66	5.9	0.77	6.0	4.0	서남서	247	10.1	1023.9	-	117	
2019-12-01 01:00:00	4.7	북	355	15.07	29.76	0.76	5.8	1.03	5.0	3.8	서	266	10.1	1023.8	-	107	
2019-12-01 01:05:00	2.9	북	359	15.04	29.68	0.80	5.9	1.17	6.0	3.8	서남서	244	10.1	1023.8	-	113	
2019-12-01 01:10:00	-	-	-	-	-	0.00	0.0	0.00	0.0	3.9	서	259	10.2	1023.8	-	169	
2019-12-01 01:15:00	2.5	북북서	341	15.04	29.61	0.71	5.9	1.05	6.5	5.6	서북서	283	10.4	1023.7	-	133	
2019-12-01 01:20:00	2.0	북서	320	15.04	29.64	0.61	5.8	0.77	5.0	6.0	서	274	10.4	1023.7	-	70	
2019-12-01 01:25:00	1.4	북북동	28	15.00	29.60	0.65	6.0	0.81	5.5	4.5	서남서	247	9.7	1023.7	-	108	
2019-12-01 01:30:00	0.8	서	273	14.96	29.63	0.79	6.1	1.16	6.0	4.6	서	265	9.7	1023.7	-	136	
2019-12-01 01:35:00	1.5	북북동	28	14.91	29.61	0.83	6.0	1.12	5.5	5.9	서	279	10.3	1023.8	-	119	
2019-12-01 01:40:00	2.8	북	4	14.88	29.61	0.90	5.8	1.21	6.0	5.0	서	276	10.2	1023.8	-	118	
2019-12-01 01:45:00	1.7	북서	324	14.86	29.59	0.73	6.1	1.00	6.0	3.8	서남서	243	9.9	1023.9	-	117	
2019-12-01 01:50:00	2.4	북북서	348	14.87	29.60	0.61	5.8	1.09	6.0	3.2	서남서	254	9.7	1023.9	-	123	
2019-12-01 01:55:00	0.6	서	274	14.88	29.61	0.63	6.2	0.82	6.0	3.2	서남서	253	9.7	1023.9	-	119	
2019-12-01 02:00:00	2.7	서북서	291	14.93	29.63	0.71	5.9	1.00	6.0	3.5	서남서	241	9.7	1024.0	-	95	
2019-12-01 02:05:00	2.1	북북서	329	14.99	29.64	0.68	5.9	0.86	5.0	3.7	서남서	252	9.7	1024.1	-	108	
2019-12-01 02:10:00	1.7	북서	309	15.00	29.62	0.69	5.9	0.99	5.5	3.5	서남서	240	9.7	1024.2	-	134	
2019-12-01 02:15:00	3.7	북서	320	15.01	29.61	0.68	6.0	0.85	5.5	3.9	서남서	243	9.6	1024.1	-	114	
2019-12-01 02:20:00	2.6	북북서	343	15.01	29.65	0.77	6.0	1.18	6.0	4.3	서남서	249	9.4	1024.2	-	88	
2019-12-01 02:25:00	1.7	서남서	253	15.01	29.65	0.65	5.8	0.86	6.0	4.0	서남서	241	9.4	1024.2	-	123	
2019-12-01 02:30:00	2.0	북북서	334	15.02	29.67	0.66	5.8	0.98	5.5	4.5	남서	232	9.5	1024.1	-	107	
2019-12-01 02:35:00	3.2	서	275	15.05	29.66	0.85	5.7	1.23	5.5	4.6	남서	228	9.4	1024.0	-	198	
2019-12-01 02:40:00	4.5	서북서	288	15.06	29.67	0.73	5.9	1.04	5.5	3.9	남서	222	9.4	1023.9	-	97	
2019-12-01 02:45:00	5.6	서	274	15.10	29.65	0.56	6.4	0.72	6.0	3.8	남서	226	9.3	1023.7	-	128	
2019-12-01 02:50:00	5.5	서북서	299	15.11	29.65	0.64	5.8	0.74	6.0	4.0	남서	227	9.3	1023.6	-	102	
2019-12-01 02:55:00	3.1	남서	233	15.09	29.67	0.61	6.0	0.73	7.0	4.3	남서	222	9.3	1023.4	-	119	
2019-12-01 03:00:00	3.0	북북서	338	15.09	29.61	0.71	6.1	0.95	6.0	4.9	남서	218	9.3	1023.3	-	112	
2019-12-01 03:05:00	3.7	북	352	15.09	29.56	0.72	6.1	0.95	7.0	5.3	남서	214	9.3	1023.3	-	126	
2019-12-01 03:10:00	1.5	서북서	295	15.10	29.60	0.67	6.1	1.07	6.0	5.6	남남서	207	9.3	1023.1	-	87	
2019-12-01 03:15:00	4.3	서북서	286	15.10	29.61	0.85	6.2	1.11	6.5	5.7	남남서	213	9.3	1023.0	-	124	
2019-12-01 03:20:00	2.2	서	260	15.12	29.61	0.58	6.1	0.85	6.0	5.4	남남서	213	9.2	1023.1	-	101	
2019-12-01 03:25:00	4.5	북서	310	15.11	29.71	0.59	5.9	0.76	6.0	4.9	남서	217	9.2	1023.0	-	84	
2019-12-01 03:30:00	2.1	남남서	211	15.11	29.67	0.84	6.1	1.22	5.5	4.2	남서	217	9.1	1022.9	-	109	
2019-12-01 03:35:00	2.2	북서	308	15.11	29.70	0.79	6.3	1.08	6.0	4.3	남서	226	9.1	1023.0	-	135	
2019-12-01 03:40:00	3.5	북	349	15.13	29.68	0.66	5.6	0.81	6.0	4.1	남서	225	9.0	1023.1	-	106	
2019-12-01 03:45:00	4.8	서남서	239	15.14	29.67	0.83	6.2	1.10	7.0	4.3	남서	225	8.9	1023.1	-	106	
2019-12-01 03:50:00	5.7	남서	224	15.14	29.69	0.70	6.1	1.14	5.5	3.8	남서	218	8.9	1023.1	-	130	
2019-12-01 03:55:00	4.9	북서	314	15.14	29.71	0.79	5.9	1.12	6.0	3.4	남서	229	9.0	1023.2	-	119	
2019-12-01 04:00:00	1.8	남남서	196	15.16	29.69	0.74	6.0	1.12	7.0	3.8	남서	233	9.0	1023.1	-	106	
2019-12-01 04:05:00	3.8	북	6	15.17	29.70	0.59	6.1	0.79	6.5	3.5	남서	229	9.0	1023.0	-	108	
2019-12-01 04:10:00	2.4	남서	226	15.17	29.68	0.57	6.3	0.89	7.0	4.2	남서	235	9.0	1023.1	-	139	
2019-12-01 04:15:00	2.0	서	281	15.18	29.70	0.70	6.1	0.95	6.0	4.1	남서	234	9.0	1023.0	-	121	
2019-12-01 04:20:00	4.2	북북서	328	15.19	29.70	0.83	6.1	0.99	5.5	3.7	남서	236	9.0	1023.0	-	114	
2019-12-01 04:25:00	2.1	북	353	15.23	29.71	0.84	6.0	1.07	6.0	3.8	서남서	247	9.0	1023.1	-	119	
2019-12-01 04:30:00	1.6	서	259	15.24	29.74	0.62	5.8	0.90	6.0	3.2	서남서	241	9.0	1023.1	-	125	
2019-12-01 04:35:00	7.5	서	260	15.24	29.70	0.80	5.9	1.09	5.5	3.7	남서	236	9.1	1023.0	-	101	
2019-12-01 04:40:00	11.2	남남서	213	15.26	29.72	0.69	6.2	0.84	6.0	4.0	서남서	242	9.0	1023.0	-	109	
2019-12-01 04:45:00	8.6	서남서	241	15.26	29.76	0.62	6.0	0.79	6.5	3.8	남서	232	9.1	1023.0	-	102	
2019-12-01 04:50:00	10.5	북북서	348	15.50	29.88	0.56	6.6	0.77	7.0	3.7	남서	229	9.2	1023.0	-	118	
2019-12-01 04:55:00	13.5	북북서	334	15.58	29.79	0.59	5.9	0.78	5.5	4.5	남서	230	9.1	1023.0	-	120	
2019-12-01 05:00:00	10.6	북북동	32	15.58	29.82	0.60	5.7	0.85	6.0	3.7	남서	232	9.0	1023.0	-	72	
2019-12-01 05:05:00	8.4	남서	217	15.59	29.80	0.80	6.1	0.97	6.5	4.4	남서	230	8.9	1023.0	-	98	
2019-12-01 05:10:00	23.6	북북동	15	15.59	29.77	0.84	6.1	1.15	6.5	3.8	남서	228	8.9	1023.1	-	125	
2019-12-01 05:15:00	17.0	서남서	257	15.65	29.83	0.73	6.3	1.02	5.5	4.3	남서	236	9.0	1023.1	-	120	
2019-12-01 05:20:00	26.9	서	270	15.66	29.79	0.62	6.1	0.92	6.0	4.3	서남서	240	8.9	1023.1	-	126	
2019-12-01 05:25:00	32.2	서북서	295	15.64	29.79	0.77	6.1	1.15	6.0	4.2	서남서	245	8.8	1023.1	-	125	
2019-12-01 05:30:00	14.3	북서	316	15.69	29.87	0.74	6.4	0.93	5.5	3.9	서남서	244	8.9	1023.1	-	121	
2019-12-01 05:35:00	36.1	서	266	15.73	29.82	0.79	5.9	1.21	6.0	3.9	서남서	250	8.8	1023.2	-	116	
2019-12-01 05:40:00	33.4	북	354	15.74	29.84	0.57	6.1	0.75	5.0	3.7	서남서	252	8.7	1023.2	-	82	
2019-12-01 05:45:00	31.2	북동	37	15.76	29.86	0.55	6.4	0.78	6.0	3.8	서남서	253	8.6	1023.2	-	99	
2019-12-01 05:50:00	35.9	서북서	300	15.80	29.88	0.75	6.3	1.03	6.0	3.7	서남서	249	8.6	1023.2	-	115	
2019-12-01 05:55:00	23.6	서북서	293	15.81	29.81	0.82	6.1	1.14	6.5	3.9	서남서	244	8.6	1023.2	-	115	
2019-12-01 06:00:00	21.7	서	262	15.79	29.81	0.64	6.0	0.85	6.0	4.4	서남서	239	8.7	1023.2	-	116	
2019-12-01 06:05:00	24.1	서북서	286	15.78	29.77	0.73	6.0	0.94	5.5	4.4	남서	230	8.7	1023.2	-	121	
2019-12-01 06:10:00	23.7	북북서	337	15.79	29.78	0.57	6.3	0.74	6.5	4.8	남서	227	8.6	1023.2	-	116	
2019-12-01 06:15:00	13.1	북	5	15.82	29.82	0.72	6.2	1.25	6.0	4.9	남서	229	8.5	1023.2	-	112	
2019-12-01 06:20:00	18.1	북서	314	15.82	29.76	0.79	5.8	1.02	5.5	4.4	남서	227	8.6	1023.3	-	124	
2019-12-01 06:25:00	4.2	서	272	15.81	29.79	0.67	6.3	1.05	6.0	4.6	남서	231	8.5	1023.3	-	106	
2019-12-01 06:30:00	3.7	북	3	15.80	29.80	0.68	5.9	0.97	5.5	5.1	남서	230	8.5	1023.2	-	111	
2019-12-01 06:35:00	18.3	북북서	328	15.81	29.72	0.63	5.9	0.73	6.0	5.0	남서	231	8.5	1023.2	-	109	
2019-12-01 06:40:00	8.9	북서	315	15.83	29.74	0.55	5.9	0.80	6.5	4.9	남서	233	8.5	1023.2	-	121	
2019-12-01 06:45:00	2.7	북북서	338	15.85	29.72	0.66	5.9	1.12	5.0	4.9	남서	233	8.5	1023.2	-	120	
2019-12-01 06:50:00	11.4	북	353	15.84	29.73	0.70	6.1	0.87	5.0	4.7	남서	226	8.4	1023.2	-	129	
2019-12-01 06:55:00	4.8	남서	233	15.85	29.80	0.65	6.1	0.98	6.0	4.4	서남서	239	8.4	1023.3	-	100	
2019-12-01 07:00:00	9.3	북북서	326	15.84	29.90	0.56	5.9	0.81	6.0	5.0	서남서	238	8.5	1023.3	-	124	
2019-12-01 07:05:00	9.2	북북서	341	15.86	29.92	0.62	6.1	0.86	7.0	5.1	서남서	237	8.4	1023.3	-	164	
2019-12-01 07:10:00	4.2	북동	34	15.83	29.87	0.58	6.2	0.78	6.0	5.2	남서	235	8.3	1023.3	-	98	
2019-12-01 07:15:00	2.1	북북동	13	15.88	29.88	0.79	6.1	1.26	5.5	4.7	남서	226	8.4	1023.3	-	123	
2019-12-01 07:20:00	10.9	북서	323	15.92	29.93	0.82	5.9	1.07	5.5	4.8	남서	227	8.3	1023.2	-	102	
2019-12-01 07:25:00	4.3	북서	317	15.94	29.89	0.68	6.2	0.87	5.0	5.2	남서	223	8.4	1023.2	-	105	
2019-12-01 07:30:00	4.6	북동	38	15.97	29.83	0.83	5.7	1.06	5.0	5.3	남서	231	8.5	1023.1	-	96	
2019-12-01 07:35:00	11.4	서	280	15.95	29.84	0.73	5.6	0.88	6.0	5.1	남서	225	8.5	1023.1	-	90	
2019-12-01 07:40:00	6.9	서남서	247	15.93	29.86	0.66	6.0	1.03	6.0	5.1	남서	229	8.3	1023.1	-	86	
2019-12-01 07:45:00	1.4	북서	311	15.94	29.87	0.72	5.7	0.89	6.0	5.5	남서	227	8.4	1023.1	-	58	
2019-12-01 07:50:00	6.8	서북서	283	15.93	29.86	0.74	6.0	0.99	6.0	5.4	남서	229	8.4	1023.0	-	93	
2019-12-01 07:55:00	7.8	남남서	201	15.94	29.88	0.63	5.8	0.77	6.5	5.0	남서	229	8.4	1023.1	-	28	
2019-12-01 08:00:00	9.2	서북서	292	15.97	29.90	0.92	6.2	1.26	6.5	4.7	남서	225	8.3	1023.1	-	104	
2019-12-01 08:05:00	3.9	북서	304	16.00	29.88	0.67	6.0	1.08	5.5	4.4	남서	222	8.2	1023.1	-	70	
2019-12-01 08:10:00	5.5	서	266	15.98	29.92	0.66	6.0	0.99	6.5	4.0	남서	232	8.4	1023.1	-	24	
2019-12-01 08:15:00	3.4	서북서	299	15.99	29.96	0.70	5.3	1.09	5.5	4.1	남서	229	8.4	1023.1	-	115	
2019-12-01 08:20:00	4.2	북북서	343	16.06	29.93	0.65	5.5	0.94	6.0	4.2	남서	227	8.4	1023.1	-	128	
2019-12-01 08:25:00	6.3	북서	304	16.06	29.91	0.77	6.0	1.27	5.5	5.0	남서	227	8.5	1023.1	-	96	
2019-12-01 08:30:00	4.4	서	265	16.04	29.91	0.75	6.0	0.94	5.5	5.0	남서	229	8.5	1023.1	-	50	
2019-12-01 08:35:00	8.2	북북서	340	16.02	29.82	0.58	5.9	0.80	5.5	5.0	남서	227	8.5	1023.2	-	127	
2019-12-01 08:40:00	8.6	북서	307	16.03	29.92	0.69	5.8	1.17	5.5	4.3	남서	231	8.5	1023.2	-	120	
2019-12-01 08:45:00	3.0	서	261	16.01	29.87	0.57	6.1	0.66	6.0	5.1	남서	226	8.5	1023.1	-	66	
2019-12-01 08:50:00	6.6	서북서	297	16.03	29.92	0.66	5.9	0.80	6.5	5.0	남서	227	8.6	1023.1	-	125	
2019-12-01 08:55:00	5.4	북북서	326	16.04	29.90	0.65	6.2	0.95	6.0	4.7	남서	231	8.5	1023.2	-	102	
2019-12-01 09:00:00	4.9	서북서	282	16.05	29.96	0.67	5.8	1.09	5.5	4.0	남서	230	8.5	1023.2	-	104	
2019-12-01 09:05:00	13.5	서남서	253	16.09	29.91	0.68	6.1	0.99	5.5	4.5	남서	217	8.5	1023.1	-	118	
2019-12-01 09:10:00	6.9	북	357	16.10	29.94	0.74	5.6	1.17	5.0	4.1	남서	219	8.5	1023.0	-	108	
2019-12-01 09:15:00	2.6	서북서	301	16.11	29.92	0.71	6.0	0.86	6.5	3.4	남서	217	8.5	1023.1	-	93	
2019-12-01 09:20:00	6.4	북북동	21	16.09	29.94	0.79	5.8	1.11	5.5	4.0	남남서	213	8.6	1023.1	-	97	
2019-12-01 09:25:00	4.4	서	267	16.08	29.85	0.59	6.1	0.85	5.5	4.3	남남서	213	8.6	1023.1	-	129	
2019-12-01 09:30:00	4.7	서	267	16.10	29.93	0.60	5.4	0.84	5.5	3.8	남서	230	8.6	1023.0	-	28	
2019-12-01 09:35:00	13.4	서북서	295	16.11	29.92	0.67	6.1	1.05	5.5	4.5	남서	225	8.6	1023.0	-	92	
2019-12-01 09:40:00	6.7	서	277	16.11	29.92	0.59	6.0	0.70	6.5	4.2	남서	223	8.7	1022.9	-	59	
2019-12-01 09:45:00	5.6	서남서	256	16.10	29.81	0.58	5.9	0.82	6.5	3.9	남서	220	8.7	1022.9	-	83	
2019-12-01 09:50:00	7.8	서	266	16.10	29.88	0.74	5.9	1.21	5.5	3.9	남서	214	8.7	1022.8	-	117	
2019-12-01 09:55:00	15.1	남남동	159	16.09	29.87	0.64	6.0	0.82	5.5	4.2	남서	217	8.7	1022.8	-	117	
2019-12-01 10:00:00	4.7	북북서	348	16.08	29.86	0.53	5.9	0.76	7.0	4.1	남서	226	8.7	1022.8	-	100	
2019-12-01 10:05:00	8.5	북동	34	16.07	29.85	0.56	5.5	0.71	6.0	3.2	남서	224	8.6	1022.8	-	68	
2019-12-01 10:10:00	6.3	북동	46	16.08	29.88	0.69	5.8	0.89	6.5	4.0	남서	228	8.8	1022.6	-	79	
2019-12-01 10:15:00	8.0	북북서	342	16.10	29.86	0.67	5.9	0.97	6.5	4.0	남서	236	8.9	1022.7	-	61	
2019-12-01 10:20:00	4.3	서	279	16.09	29.81	0.77	5.4	1.12	6.0	3.7	서남서	237	8.9	1022.6	-	67	
2019-12-01 10:25:00	17.2	남서	232	16.08	29.76	0.61	6.2	0.88	6.0	3.5	남서	226	8.9	1022.5	-	70	
2019-12-01 10:30:00	6.8	북북동	33	16.09	29.79	0.58	5.6	0.75	6.5	3.8	남서	230	9.0	1022.4	-	44	
2019-12-01 10:35:00	9.9	북북동	12	16.08	29.80	0.62	5.9	0.74	5.5	3.7	남서	224	9.0	1022.3	-	82	
2019-12-01 10:40:00	8.7	서	268	16.09	29.81	0.64	5.8	0.79	5.5	3.6	남서	225	9.0	1022.2	-	62	
2019-12-01 10:45:00	9.0	북북동	34	16.10	29.81	0.69	6.0	0.84	7.0	3.5	남서	226	9.0	1022.1	-	74	
2019-12-01 10:50:00	28.1	서	260	16.08	29.86	0.67	5.6	0.86	5.5	3.8	남서	225	9.2	1022.1	-	53	
2019-12-01 10:55:00	17.9	남서	230	16.12	29.87	0.65	6.1	0.88	6.0	4.0	남서	229	9.1	1022.1	-	356	
2019-12-01 11:00:00	58.7	북서	311	16.11	29.85	0.68	6.3	0.95	6.5	4.0	남서	222	9.2	1022.0	-	99	
2019-12-01 11:05:00	53.8	북북서	332	16.08	29.83	0.64	5.7	0.82	5.5	3.9	남서	225	9.2	1021.9	-	44	
2019-12-01 11:10:00	46.6	서북서	299	16.02	29.82	0.55	5.8	0.89	5.5	3.5	남서	223	9.1	1021.9	-	53	
2019-12-01 11:15:00	36.9	서북서	300	16.05	29.82	0.65	6.0	0.85	6.0	3.3	남서	215	9.2	1021.9	-	69	
2019-12-01 11:20:00	13.2	남	175	16.03	29.84	0.73	6.2	1.18	6.0	3.6	남남서	211	9.2	1021.8	-	80	
2019-12-01 11:25:00	19.4	북서	317	16.02	29.85	0.70	5.8	1.08	6.5	3.5	남남서	212	9.3	1021.7	-	97	
2019-12-01 11:30:00	8.3	북북서	342	16.02	29.85	0.77	5.9	1.05	5.5	3.1	남남서	204	9.3	1021.6	-	55	
2019-12-01 11:35:00	5.5	북	350	16.03	29.81	0.66	5.8	0.89	5.5	3.2	남서	215	9.3	1021.4	-	46	
2019-12-01 11:40:00	7.3	서북서	295	16.03	29.75	0.57	5.8	0.87	5.5	3.1	남서	220	9.3	1021.3	-	356	
2019-12-01 11:45:00	4.4	북북서	342	16.01	29.84	0.73	6.1	1.04	6.0	3.0	남서	219	9.3	1021.1	-	56	
2019-12-01 11:50:00	2.2	남동	137	16.02	29.84	0.66	5.9	1.01	5.5	2.7	남남서	212	9.4	1021.0	-	100	
2019-12-01 11:55:00	2.1	서북서	289	15.99	29.81	0.79	5.9	1.10	6.0	2.9	남남서	209	9.4	1021.0	-	103	
2019-12-01 12:00:00	5.0	동남동	104	16.00	29.80	0.71	5.8	0.96	6.0	2.9	남남서	204	9.5	1021.0	-	32	
2019-12-01 12:05:00	2.0	남서	221	15.99	29.83	0.59	5.9	0.72	6.5	3.2	남남서	207	9.5	1020.8	-	110	
2019-12-01 12:10:00	3.6	남남서	207	15.98	29.81	0.62	6.1	0.81	6.5	3.3	남남서	213	9.6	1020.7	-	74	
2019-12-01 12:15:00	1.9	북북서	336	15.98	29.84	0.66	6.0	1.05	6.0	3.2	남남서	203	9.6	1020.7	-	82	
2019-12-01 12:20:00	7.4	동	90	15.97	29.83	0.66	5.6	1.07	5.5	3.2	남남서	201	9.7	1020.6	-	46	
2019-12-01 12:25:00	7.9	서남서	244	15.97	29.82	0.66	5.9	0.80	6.0	3.1	남남서	204	9.7	1020.5	-	74	
2019-12-01 12:30:00	8.2	동	96	15.97	29.77	0.65	6.1	0.97	6.5	3.0	남남서	197	9.7	1020.4	-	80	
2019-12-01 12:35:00	0.2	남	179	15.97	29.80	0.57	5.6	0.87	6.0	3.0	남남서	211	9.7	1020.3	-	93	
2019-12-01 12:40:00	1.6	동북동	67	15.97	29.78	0.63	6.1	0.80	5.0	2.5	남서	217	9.7	1020.1	-	96	
2019-12-01 12:45:00	3.9	북북동	31	15.96	29.86	0.64	5.8	0.88	6.0	2.0	남남서	212	9.8	1020.0	-	71	
2019-12-01 12:50:00	2.0	북북서	329	15.95	29.87	0.50	5.4	0.79	5.5	1.7	남서	215	9.8	1020.0	-	46	
2019-12-01 12:55:00	5.5	북동	49	15.82	29.69	0.61	5.8	0.92	5.5	1.6	남남서	192	9.9	1019.9	-	67	
2019-12-01 13:00:00	1.3	북북동	24	15.87	29.77	0.54	6.4	0.75	6.0	1.8	남	182	9.9	1019.9	-	54	
2019-12-01 13:05:00	2.8	동북동	76	15.88	29.80	0.65	5.9	0.99	6.0	1.5	남남서	192	9.9	1019.8	-	52	
2019-12-01 13:10:00	4.4	북동	36	15.84	29.75	0.51	5.8	0.71	6.0	1.6	남남서	212	9.9	1019.7	-	33	
2019-12-01 13:15:00	4.3	북북동	29	15.74	29.78	0.66	6.0	0.84	5.0	1.4	남서	219	9.9	1019.6	-	81	
2019-12-01 13:20:00	1.9	동남동	104	15.77	29.77	0.62	6.3	0.97	5.5	1.2	남남서	212	10.0	1019.5	-	79	
2019-12-01 13:25:00	1.3	동	100	15.84	29.83	0.57	6.0	0.75	6.5	0.6	남남서	207	10.0	1019.4	-	96	
2019-12-01 13:30:00	1.3	동	101	15.88	29.86	0.70	6.0	0.96	6.0	0.9	남서	223	10.0	1019.4	-	55	
2019-12-01 13:35:00	1.2	서남서	257	15.82	29.67	0.51	5.7	0.68	5.0	0.7	남	187	10.0	1019.4	-	64	
2019-12-01 13:40:00	1.4	서북서	300	15.90	29.86	0.72	5.9	0.89	6.0	0.9	남	181	10.0	1019.3	-	74	
2019-12-01 13:45:00	4.1	북	10	15.92	29.87	0.52	5.7	0.65	6.0	1.1	남남서	197	10.0	1019.4	-	33	
2019-12-01 13:50:00	3.4	남동	132	15.93	29.81	0.67	5.9	0.90	6.0	1.2	남	191	10.0	1019.3	-	75	
2019-12-01 13:55:00	1.0	남동	145	15.93	29.80	0.48	5.8	0.62	7.0	0.7	남남서	202	10.0	1019.1	-	42	
2019-12-01 14:00:00	3.1	남	172	15.93	29.85	0.64	5.8	0.86	5.5	0.7	남남서	200	10.0	1019.1	-	52	
2019-12-01 14:05:00	4.5	북동	55	15.94	29.87	0.53	6.0	0.88	5.5	1.1	남	190	10.0	1019.1	-	33	
2019-12-01 14:10:00	3.7	남남동	154	15.95	29.86	0.62	5.8	0.90	5.5	0.4	남남서	192	10.0	1019.1	-	89	
2019-12-01 14:15:00	2.6	동북동	65	15.96	29.88	0.51	6.0	0.66	6.0	0.5	남남서	196	10.0	1019.0	-	92	
2019-12-01 14:20:00	2.8	동북동	63	15.98	29.87	0.60	6.1	0.77	6.5	0.4	남	174	10.1	1018.9	-	104	
2019-12-01 14:25:00	3.0	남동	137	15.99	29.90	0.72	5.9	0.87	6.0	0.0	남남동	151	10.0	1018.9	-	69	
2019-12-01 14:30:00	3.6	동남동	109	15.98	29.89	0.53	5.7	0.65	7.0	0.1	동	94	10.1	1018.9	-	58	
2019-12-01 14:35:00	1.1	동남동	116	16.00	29.89	0.61	5.8	1.00	5.0	0.4	남남서	200	10.1	1018.8	-	96	
2019-12-01 14:40:00	2.1	남남동	161	16.00	29.87	0.60	5.9	0.93	5.5	0.7	남남서	209	10.1	1018.8	-	22	
2019-12-01 14:45:00	2.2	남	181	15.98	29.84	0.56	5.6	0.75	5.5	0.3	남남동	148	10.1	1018.7	-	50	
2019-12-01 14:50:00	2.0	남동	131	15.97	29.88	0.49	5.6	0.65	6.0	0.5	동	98	10.1	1018.8	-	81	
2019-12-01 14:55:00	4.3	남남동	157	15.96	29.87	0.56	5.5	0.83	5.0	0.7	동남동	106	10.2	1018.8	-	91	
2019-12-01 15:00:00	2.5	동남동	123	15.95	29.83	0.59	6.0	0.92	5.5	0.7	동	94	10.3	1018.7	-	93	
2019-12-01 15:05:00	1.2	동남동	108	15.93	29.83	0.47	5.6	0.64	6.0	0.8	동	97	10.3	1018.7	-	12	
2019-12-01 15:10:00	2.5	남동	140	15.93	29.89	0.60	5.5	0.90	6.5	0.7	남남동	156	10.4	1018.7	-	44	
2019-12-01 15:15:00	5.3	남남동	152	15.95	29.89	0.57	5.5	0.75	5.0	1.0	서	274	10.4	1018.6	-	64	
2019-12-01 15:20:00	1.1	남서	217	15.95	29.89	0.62	5.8	0.70	5.0	0.5	서	276	10.4	1018.7	-	102	
2019-12-01 15:25:00	3.1	남서	222	15.95	29.90	0.52	5.4	0.66	5.5	2.0	서	268	10.1	1018.7	-	27	
2019-12-01 15:30:00	1.7	남	190	15.96	29.89	0.46	5.6	0.63	6.0	1.7	서남서	251	9.7	1018.7	-	121	
2019-12-01 15:35:00	3.3	남동	136	15.96	29.92	0.49	5.7	0.64	6.0	1.3	서남서	252	9.7	1018.8	-	99	
2019-12-01 15:40:00	1.0	서남서	252	15.97	29.83	0.54	5.8	0.79	5.5	1.4	서남서	243	9.7	1018.8	-	112	
2019-12-01 15:45:00	1.4	남	169	15.96	29.89	0.53	5.6	0.65	6.0	1.5	서	263	9.6	1018.8	-	76	
2019-12-01 15:50:00	2.9	남서	233	15.95	29.88	0.53	5.5	0.72	6.0	1.5	서북서	282	9.6	1018.9	-	54	
2019-12-01 15:55:00	3.7	남	175	15.97	29.89	0.57	5.6	0.92	6.0	1.5	서북서	296	9.5	1018.9	-	90	
2019-12-01 16:00:00	3.2	남	171	15.98	29.91	0.57	5.9	0.83	5.5	1.3	북서	307	9.5	1018.9	-	67	
2019-12-01 16:05:00	1.6	남남서	204	15.98	29.91	0.49	6.0	0.69	5.5	1.0	서북서	292	9.5	1018.9	-	62	
2019-12-01 16:10:00	0.5	동남동	106	15.98	29.88	0.51	5.8	0.66	5.5	1.0	서북서	298	9.6	1018.8	-	95	
2019-12-01 16:15:00	2.7	남남동	166	15.97	29.90	0.45	5.3	0.71	6.0	1.3	서북서	298	9.5	1018.8	-	351	
2019-12-01 16:20:00	4.4	남	174	15.96	29.92	0.50	5.9	0.61	6.0	1.2	서남서	251	9.5	1018.8	-	49	
2019-12-01 16:25:00	3.2	남	173	15.96	29.89	0.63	5.7	0.82	6.0	1.7	서남서	250	9.4	1018.8	-	34	
2019-12-01 16:30:00	4.9	남남동	149	15.97	29.95	0.43	5.5	0.57	5.5	0.8	서	267	9.3	1018.8	-	99	
2019-12-01 16:35:00	2.4	남남동	149	15.96	29.92	0.47	5.9	0.64	6.0	0.0	서	271	9.3	1018.7	-	45	
2019-12-01 16:40:00	3.0	남남동	155	15.96	29.94	0.49	5.5	0.57	5.0	0.1	동북동	72	9.4	1018.6	-	36	
2019-12-01 16:45:00	4.6	남	175	15.96	29.89	0.52	5.7	0.69	5.0	0.0	동북동	73	9.5	1018.6	-	70	
2019-12-01 16:50:00	1.9	동	90	15.96	29.94	0.48	5.8	0.61	5.5	0.1	동남동	122	9.5	1018.6	-	45	
2019-12-01 16:55:00	2.7	북동	54	15.95	29.93	0.51	5.1	0.92	5.5	0.5	남서	221	9.6	1018.5	-	234	
2019-12-01 17:00:00	3.0	남남동	167	15.94	29.95	0.49	5.7	0.70	5.0	1.5	남남서	213	9.6	1018.6	-	33	
2019-12-01 17:05:00	2.3	동북동	71	15.97	29.91	0.47	5.5	0.64	6.0	1.8	남	190	9.4	1018.6	-	61	
2019-12-01 17:10:00	1.4	동북동	72	15.95	29.98	0.49	5.9	0.73	5.5	0.5	남남서	195	9.5	1018.5	-	75	
2019-12-01 17:15:00	1.2	남	179	15.96	29.97	0.40	5.6	0.54	6.0	1.4	남	181	9.6	1018.5	-	29	
2019-12-01 17:20:00	2.3	남	181	15.96	29.98	0.45	5.7	0.69	5.5	2.9	남	174	9.7	1018.6	-	57	
2019-12-01 17:25:00	6.4	남남동	158	15.96	29.91	0.37	5.4	0.60	5.5	3.3	남	190	9.8	1018.5	-	81	
2019-12-01 17:30:00	2.2	동남동	102	15.95	29.87	0.45	5.6	0.74	5.0	3.1	남	187	9.7	1018.5	-	47	
2019-12-01 17:35:00	2.8	남남동	156	15.94	29.87	0.36	5.3	0.63	5.0	2.7	남	186	9.6	1018.4	-	89	
2019-12-01 17:40:00	2.5	남동	130	15.94	29.62	0.42	5.1	0.68	5.5	3.0	남	189	9.6	1018.4	-	107	
2019-12-01 17:45:00	1.7	남	189	15.92	29.75	0.47	5.6	0.68	5.0	2.7	남	175	9.5	1018.3	-	59	
2019-12-01 17:50:00	0.2	북북서	348	15.91	29.66	0.44	5.4	0.60	6.0	2.9	남남동	168	9.5	1018.2	-	52	
2019-12-01 17:55:00	2.1	남	191	15.90	29.67	0.45	5.3	0.66	5.5	2.8	남	171	9.6	1018.1	-	78	
2019-12-01 18:00:00	3.9	남서	215	15.91	29.90	0.44	5.5	0.64	5.5	3.2	남	172	9.7	1018.2	-	32	
2019-12-01 18:05:00	4.3	동남동	111	15.92	29.85	0.46	5.6	0.57	6.0	3.2	남	179	9.7	1018.1	-	27	
2019-12-01 18:10:00	1.2	동남동	103	15.87	29.80	0.36	5.6	0.60	6.0	2.6	남	180	9.4	1018.0	-	107	
2019-12-01 18:15:00	1.7	서남서	252	15.85	29.94	0.41	5.4	0.52	5.5	2.9	남	186	9.4	1018.0	-	61	
2019-12-01 18:20:00	2.0	동남동	115	15.87	29.89	0.39	5.5	0.65	5.5	3.0	남	188	9.3	1018.0	-	75	
2019-12-01 18:25:00	9.6	북동	36	15.87	29.86	0.37	6.0	0.49	6.0	3.2	남남서	197	9.3	1018.0	-	83	
2019-12-01 18:30:00	5.3	남남서	210	15.89	29.89	0.42	5.8	0.72	5.5	3.4	남	191	9.3	1018.1	-	85	
2019-12-01 18:35:00	6.9	남남서	196	15.89	29.89	0.35	5.7	0.52	4.0	3.9	남남서	197	9.2	1018.2	-	66	
2019-12-01 18:40:00	4.5	남서	222	15.87	29.85	0.39	5.6	0.59	6.0	4.0	남남서	194	9.1	1018.2	-	90	
2019-12-01 18:45:00	3.1	북북동	30	15.88	29.92	0.36	5.5	0.55	5.5	3.9	남남서	193	9.1	1018.2	-	102	
2019-12-01 18:50:00	12.1	남	190	15.85	29.85	0.40	6.1	0.62	5.5	3.8	남남서	192	9.1	1018.1	-	77	
2019-12-01 18:55:00	6.3	북	0	15.77	29.89	0.42	5.6	0.53	5.5	3.5	남남서	192	9.0	1018.1	-	44	
2019-12-01 19:00:00	1.4	북	4	15.82	29.96	0.35	5.7	0.53	5.5	3.6	남	186	9.0	1018.0	-	34	
2019-12-01 19:05:00	4.4	북동	55	15.76	29.88	0.42	5.8	0.58	5.0	3.6	남	187	9.0	1018.0	-	64	
2019-12-01 19:10:00	6.1	남	191	15.78	29.92	0.36	5.5	0.50	5.0	3.5	남남서	196	9.1	1018.0	-	100	
2019-12-01 19:15:00	2.0	남동	126	15.80	29.99	0.37	5.9	0.57	5.5	3.5	남남서	202	9.1	1018.0	-	94	
2019-12-01 19:20:00	2.6	서남서	254	15.76	29.90	0.35	5.7	0.47	5.0	3.6	남남서	205	9.0	1018.1	-	40	
2019-12-01 19:25:00	1.2	남남서	201	15.70	29.84	0.40	5.4	0.57	5.5	3.5	남남서	202	9.1	1017.9	-	53	
2019-12-01 19:30:00	4.2	서	270	15.69	29.87	0.39	5.6	0.61	6.0	3.4	남남서	199	9.2	1017.9	-	60	
2019-12-01 19:35:00	0.4	북	354	15.67	29.89	0.42	5.7	0.56	5.0	3.3	남남서	205	9.2	1017.9	-	72	
2019-12-01 19:40:00	3.6	북	353	15.71	29.90	0.32	5.2	0.45	4.5	3.4	남남서	200	9.2	1017.9	-	73	
2019-12-01 19:45:00	3.5	동남동	111	15.70	29.89	0.43	5.5	0.61	5.5	3.4	남남서	204	9.2	1017.9	-	68	
2019-12-01 19:50:00	4.1	북북서	328	15.68	29.88	0.44	5.5	0.56	5.0	3.2	남남서	206	9.2	1017.9	-	99	
2019-12-01 19:55:00	6.6	북서	321	15.64	29.79	0.38	5.6	0.56	5.0	3.6	남서	219	9.4	1017.9	-	69	
2019-12-01 20:00:00	8.3	북북동	27	15.59	29.85	0.37	5.8	0.49	5.5	3.1	남서	222	9.3	1017.8	-	31	
2019-12-01 20:05:00	2.8	남동	128	15.59	29.84	0.35	5.3	0.47	5.0	3.3	남서	227	9.2	1017.8	-	106	
2019-12-01 20:10:00	6.1	북	356	15.62	29.84	0.46	5.6	0.57	5.0	3.1	남서	224	9.1	1017.7	-	46	
2019-12-01 20:15:00	4.3	북	352	15.62	29.84	0.33	5.6	0.54	5.5	3.1	남서	220	9.1	1017.6	-	80	
2019-12-01 20:20:00	4.5	북동	34	15.58	29.79	0.40	6.0	0.57	6.0	3.5	남서	218	9.1	1017.6	-	79	
2019-12-01 20:25:00	3.6	서남서	238	15.59	29.81	0.44	5.5	0.60	5.0	3.5	남서	217	9.1	1017.6	-	91	
2019-12-01 20:30:00	8.5	북서	322	15.63	29.84	0.44	5.4	0.65	6.0	3.2	남서	220	8.9	1017.5	-	38	
2019-12-01 20:35:00	14.0	서북서	301	15.62	29.82	0.42	5.6	0.64	5.5	2.7	남서	219	8.9	1017.5	-	68	
2019-12-01 20:40:00	23.5	서북서	303	15.69	29.83	0.37	5.4	0.54	4.5	3.5	남서	228	8.9	1017.5	-	67	
2019-12-01 20:45:00	14.4	북북동	17	15.65	29.81	0.36	5.4	0.49	6.0	2.9	남서	235	8.8	1017.4	-	90	
2019-12-01 20:50:00	11.7	북북서	328	15.68	29.85	0.37	5.8	0.62	5.5	3.2	남서	228	8.7	1017.3	-	85	
2019-12-01 20:55:00	20.7	북동	55	15.68	29.83	0.40	5.4	0.67	5.5	3.9	남서	219	8.8	1017.2	-	34	
2019-12-01 21:00:00	23.1	북동	49	15.70	29.83	0.38	5.7	0.70	6.0	3.8	남서	221	8.8	1017.2	-	58	
2019-12-01 21:05:00	55.8	북	6	15.68	29.86	0.34	5.5	0.49	6.0	3.9	남서	224	8.7	1017.2	-	97	
2019-12-01 21:10:00	44.5	서	277	15.72	29.79	0.41	5.6	0.59	6.0	3.7	남서	223	8.6	1017.2	-	86	
2019-12-01 21:15:00	24.5	서	277	15.74	29.88	0.36	5.5	0.58	4.5	4.1	남서	217	8.6	1017.1	-	93	
2019-12-01 21:20:00	41.4	북서	306	15.77	29.80	0.39	5.7	0.53	5.0	4.1	남서	217	8.6	1017.1	-	4	
2019-12-01 21:25:00	30.8	남남서	196	15.78	29.86	0.40	5.7	0.50	6.0	4.0	남서	220	8.6	1017.1	-	66	
2019-12-01 21:30:00	14.3	서남서	245	15.78	29.85	0.46	5.7	0.57	5.5	3.7	남서	223	8.5	1017.1	-	60	
2019-12-01 21:35:00	12.9	서	266	15.79	29.89	0.42	5.5	0.61	5.0	3.5	남서	228	8.6	1017.1	-	83	
2019-12-01 21:40:00	4.8	동	88	15.80	29.91	0.34	5.3	0.47	3.5	3.7	남서	225	8.4	1017.1	-	354	
2019-12-01 21:45:00	4.2	서북서	283	15.82	29.94	0.40	5.8	0.51	6.5	3.5	남서	229	8.5	1017.1	-	20	
2019-12-01 21:50:00	7.1	북	351	15.88	29.95	0.40	5.4	0.63	5.5	3.9	남서	231	8.5	1017.1	-	44	
2019-12-01 21:55:00	2.2	동북동	64	15.87	29.97	0.38	5.7	0.48	6.5	3.6	남서	231	8.5	1017.1	-	102	
2019-12-01 22:00:00	12.9	남서	225	15.92	29.99	0.37	5.5	0.54	5.0	3.4	남서	233	8.5	1017.0	-	104	
2019-12-01 22:05:00	6.0	북북서	335	15.92	29.95	0.41	5.7	0.60	5.0	3.4	남서	223	8.5	1016.9	-	113	
2019-12-01 22:10:00	5.5	남남서	195	15.90	29.92	0.39	5.3	0.63	5.5	3.4	남서	229	8.5	1016.9	-	105	
2019-12-01 22:15:00	11.2	북북동	15	15.91	29.92	0.45	5.5	0.78	5.5	3.6	남서	227	8.5	1016.8	-	103	
2019-12-01 22:20:00	10.0	북동	36	15.94	29.96	0.37	5.6	0.57	5.5	3.9	서남서	242	8.6	1016.8	-	110	
2019-12-01 22:25:00	6.7	서북서	284	15.96	29.98	0.41	5.8	0.57	5.5	3.4	서남서	240	8.5	1016.8	-	72	
2019-12-01 22:30:00	7.7	동	89	15.99	29.98	0.34	5.6	0.51	5.0	3.4	남서	232	8.5	1016.6	-	111	
2019-12-01 22:35:00	10.7	북북동	34	15.99	29.95	0.40	5.6	0.66	5.5	3.3	서남서	241	8.6	1016.6	-	41	
2019-12-01 22:40:00	4.4	북	7	15.98	29.98	0.40	6.1	0.45	5.0	3.4	서남서	246	8.5	1016.6	-	94	
2019-12-01 22:45:00	8.9	동	89	15.99	29.99	0.38	5.6	0.59	5.0	3.4	서남서	250	8.3	1016.5	-	76	
2019-12-01 22:50:00	8.5	남남동	160	15.99	29.98	0.34	5.5	0.43	5.5	3.3	서남서	245	8.2	1016.4	-	110	
2019-12-01 22:55:00	9.5	동북동	63	16.00	29.99	0.43	5.8	0.54	6.0	3.3	서남서	246	8.3	1016.3	-	88	
2019-12-01 23:00:00	3.1	북서	323	16.00	29.99	0.39	5.5	0.54	6.0	3.4	서남서	253	8.4	1016.3	-	95	
2019-12-01 23:05:00	2.4	동북동	69	16.00	29.97	0.43	5.8	0.63	5.5	3.4	서	272	8.4	1016.3	-	103	
2019-12-01 23:10:00	4.9	동남동	102	16.00	29.99	0.41	5.7	0.61	6.0	3.0	서북서	282	8.3	1016.3	-	90	
2019-12-01 23:15:00	5.0	남남서	195	16.00	29.99	0.44	5.8	0.56	5.5	3.2	서	260	8.3	1016.2	-	82	
2019-12-01 23:20:00	7.0	서	278	16.01	30.00	0.42	5.6	0.69	6.5	3.8	서	260	8.4	1016.2	-	94	
2019-12-01 23:25:00	3.3	북서	313	16.02	29.95	0.40	5.8	0.55	6.0	3.5	서	259	8.6	1016.0	-	91	
2019-12-01 23:30:00	7.2	서남서	237	16.02	29.97	0.44	5.8	0.64	4.5	3.6	서남서	255	8.5	1015.9	-	105	
2019-12-01 23:35:00	4.9	남남서	201	16.01	29.98	0.45	5.7	0.57	6.0	3.3	서남서	250	8.4	1015.8	-	90	
2019-12-01 23:40:00	7.0	북동	43	16.01	29.98	0.41	5.8	0.55	5.5	3.4	서남서	247	8.5	1015.7	-	66	
2019-12-01 23:45:00	3.2	서남서	245	16.00	30.00	0.41	5.5	0.49	5.0	3.0	서남서	247	8.5	1015.5	-	60	
2019-12-01 23:50:00	4.0	남남서	208	16.00	30.00	0.41	5.5	0.57	6.0	2.6	서남서	237	8.6	1015.4	-	44	
2019-12-01 23:55:00	11.9	동	92	16.01	30.03	0.38	5.6	0.53	5.0	2.9	남서	235	8.5	1015.3	-	75	
2019-12-02 00:00:00	3.0	서남서	240	16.01	30.00	0.32	5.9	0.43	6.5	2.6	남서	235	8.6	1015.3	-	74	
2019-12-02 00:05:00	5.9	남남서	204	16.01	30.02	0.35	5.9	0.54	5.5	3.1	서남서	247	8.6	1015.3	-	79	
2019-12-02 00:10:00	4.2	북	351	16.01	30.00	0.44	5.6	0.68	6.0	3.4	서남서	244	8.5	1015.1	-	46	
2019-12-02 00:15:00	7.5	북서	325	16.03	29.98	0.37	5.9	0.49	6.0	3.6	서남서	238	8.4	1015.1	-	71	
2019-12-02 00:20:00	8.1	북동	49	16.03	30.00	0.35	5.3	0.47	7.0	3.5	서남서	250	8.4	1015.0	-	64	
2019-12-02 00:25:00	3.3	동	93	16.03	30.01	0.41	5.5	0.57	5.5	2.9	서남서	247	8.3	1014.9	-	59	
2019-12-02 00:30:00	1.6	남남동	163	16.03	29.98	0.39	5.3	0.61	5.5	2.8	서남서	241	8.3	1014.7	-	35	
2019-12-02 00:35:00	4.5	남서	225	16.03	30.12	0.41	5.6	0.56	5.5	3.2	서남서	247	8.6	1014.6	-	99	
2019-12-02 00:40:00	5.6	북서	318	16.03	30.10	0.43	5.5	0.66	5.0	3.0	서남서	248	8.6	1014.6	-	3	
2019-12-02 00:45:00	6.2	북서	325	16.03	30.08	0.42	5.9	0.58	6.0	3.5	서남서	245	8.6	1014.5	-	104	
2019-12-02 00:50:00	3.9	남남동	150	16.02	30.06	0.44	5.3	0.60	5.0	2.9	서남서	249	8.6	1014.5	-	97	
2019-12-02 00:55:00	3.3	북동	44	16.02	30.06	0.35	5.5	0.49	5.5	2.6	서남서	246	8.5	1014.5	-	66	
2019-12-02 01:00:00	8.1	북동	38	16.02	30.08	0.41	5.7	0.51	5.0	2.3	서남서	255	8.6	1014.6	-	66	
2019-12-02 01:05:00	2.3	서	281	16.02	30.08	0.35	5.8	0.55	5.5	2.2	서남서	252	8.7	1014.5	-	75	
2019-12-02 01:10:00	11.3	동	99	16.02	30.05	0.36	5.5	0.55	5.0	2.6	서남서	248	8.7	1014.5	-	61	
2019-12-02 01:15:00	8.2	북북동	16	16.01	30.07	0.36	5.7	0.64	5.5	2.5	서남서	250	8.6	1014.5	-	71	
2019-12-02 01:20:00	6.2	북북서	333	15.99	30.06	0.33	5.1	0.55	6.0	2.0	서남서	249	8.7	1014.5	-	69	
2019-12-02 01:25:00	5.5	동	100	15.97	30.06	0.34	5.5	0.42	6.5	2.5	서남서	242	8.9	1014.4	-	10	
2019-12-02 01:30:00	14.9	남남동	151	15.98	30.07	0.35	5.4	0.46	4.5	2.3	서남서	244	8.7	1014.3	-	95	
2019-12-02 01:35:00	5.8	남	185	15.97	30.07	0.42	5.5	0.52	5.5	2.2	서	263	8.8	1014.2	-	39	
2019-12-02 01:40:00	3.2	동남동	107	15.96	30.08	0.38	6.0	0.61	6.0	2.4	서북서	299	8.9	1014.2	-	99	
2019-12-02 01:45:00	11.6	남남서	208	15.97	30.08	0.35	5.7	0.48	6.0	1.8	서	277	8.6	1014.2	-	68	
2019-12-02 01:50:00	3.4	동남동	102	15.97	30.05	0.39	5.4	0.54	5.5	2.5	서	271	8.6	1014.2	-	32	
2019-12-02 01:55:00	8.6	북북서	345	15.96	30.02	0.36	5.7	0.56	4.5	2.9	서남서	250	8.5	1014.1	-	70	
2019-12-02 02:00:00	5.2	북	351	15.97	30.03	0.32	5.5	0.48	5.0	3.3	서남서	245	8.1	1014.0	-	102	
2019-12-02 02:05:00	8.0	남남서	193	15.95	30.04	0.36	5.7	0.49	5.5	3.1	서남서	249	8.2	1014.0	-	95	
2019-12-02 02:10:00	12.5	북북서	347	15.94	30.04	0.35	6.3	0.58	6.0	2.2	서	270	8.2	1014.0	-	53	
2019-12-02 02:15:00	10.6	서북서	292	15.94	30.10	0.37	5.5	0.45	5.5	4.6	서	262	8.1	1013.9	-	53	
2019-12-02 02:20:00	20.0	북북동	12	15.96	30.07	0.37	5.5	0.55	6.0	4.8	서	261	8.2	1014.0	-	93	
2019-12-02 02:25:00	74.5	북동	44	15.96	30.01	0.42	5.8	0.65	5.5	5.1	서	275	8.2	1014.0	-	60	
2019-12-02 02:30:00	55.9	남서	235	15.94	30.01	0.36	5.4	0.51	5.0	5.5	서북서	293	8.3	1013.9	-	82	
2019-12-02 02:35:00	103.5	서북서	282	15.96	30.04	0.37	5.6	0.44	6.0	7.7	북서	310	8.6	1013.9	-	82	
2019-12-02 02:40:00	6.2	서	260	15.96	30.02	0.40	5.1	0.61	5.0	8.1	북서	304	8.6	1013.9	-	345	
2019-12-02 02:45:00	-	-	-	-	-	0.00	0.0	0.00	0.0	6.6	서북서	289	8.6	-	-	0	
2019-12-02 02:50:00	21.3	북서	316	15.95	30.14	0.45	3.2	0.91	3.2	7.1	서북서	294	8.2	1013.8	-	323	
2019-12-02 02:55:00	6.1	서	263	15.95	30.15	0.54	4.4	0.84	5.0	6.6	서북서	298	8.1	1013.8	-	180	
2019-12-02 03:00:00	81.9	서북서	286	15.96	30.13	0.51	4.3	0.63	3.5	5.3	서북서	285	8.0	1013.8	-	77	
2019-12-02 03:05:00	108.8	북서	308	15.97	30.09	0.51	4.5	0.72	5.0	4.6	서북서	289	8.0	1013.9	-	43	
2019-12-02 03:10:00	24.6	서북서	288	15.96	30.10	0.59	4.3	0.77	4.0	6.0	서북서	292	8.4	1014.0	-	184	
2019-12-02 03:15:00	110.6	서남서	245	15.96	30.14	0.64	4.4	0.95	4.5	5.6	서북서	301	8.6	1013.9	-	351	
2019-12-02 03:20:00	10.7	북북서	338	15.95	30.13	0.60	4.5	0.76	4.0	5.1	서	265	8.4	1013.8	-	166	
2019-12-02 03:25:00	80.7	서	277	15.94	30.14	0.59	4.4	0.95	4.0	5.5	서	263	8.1	1013.7	-	170	
2019-12-02 03:30:00	21.1	북동	50	15.94	30.12	0.46	4.0	0.71	5.0	5.5	서	281	8.2	1013.7	-	94	
2019-12-02 03:35:00	37.6	북북동	18	15.94	30.15	0.50	3.9	0.73	4.0	5.3	서북서	283	8.1	1013.7	-	3	
2019-12-02 03:40:00	129.5	동북동	62	15.93	30.15	0.50	4.4	0.69	3.5	5.6	서	281	8.3	1013.7	-	308	
2019-12-02 03:45:00	41.6	북북동	32	15.93	30.15	0.53	4.3	0.75	3.5	5.2	서	268	8.2	1013.8	-	150	
2019-12-02 03:50:00	89.4	동	85	15.94	30.14	0.49	4.2	0.83	3.5	4.3	서	270	7.9	1013.8	-	120	
2019-12-02 03:55:00	76.8	동북동	69	15.94	30.16	0.52	4.1	0.86	5.0	4.9	서	274	8.0	1013.7	-	141	
2019-12-02 04:00:00	97.7	동	86	15.94	30.17	0.42	4.1	0.69	4.0	4.7	서	273	8.0	1013.6	-	332	
2019-12-02 04:05:00	28.0	동	89	15.94	30.15	0.47	4.1	0.71	4.5	6.6	서	276	8.1	1013.6	-	153	
2019-12-02 04:10:00	10.8	동	100	15.93	30.16	0.51	4.4	0.84	4.5	4.8	서남서	255	7.9	1013.6	-	282	
2019-12-02 04:15:00	12.8	북북동	33	15.92	30.13	0.53	4.1	0.80	4.5	3.9	서남서	253	7.9	1013.7	-	350	
2019-12-02 04:20:00	19.3	북동	54	15.92	30.12	0.50	4.1	0.64	3.5	4.7	서	267	7.8	1013.6	-	342	
2019-12-02 04:25:00	19.3	북북동	20	15.92	30.13	0.48	4.1	0.68	5.0	4.9	서	273	7.6	1013.4	-	157	
2019-12-02 04:30:00	15.7	서	266	15.92	30.13	0.47	4.0	0.65	3.5	3.9	서	265	7.4	1013.4	-	158	
2019-12-02 04:35:00	14.7	남서	231	15.93	30.16	0.47	4.1	0.73	3.5	5.3	서남서	256	7.4	1013.4	-	140	
2019-12-02 04:40:00	9.4	북북서	339	15.91	30.09	0.42	3.9	0.59	3.5	4.7	서남서	255	7.3	1013.5	-	327	
2019-12-02 04:45:00	8.2	남서	224	15.92	30.17	0.51	4.0	0.84	4.5	2.9	서	264	7.2	1013.8	-	337	
2019-12-02 04:50:00	5.3	북북서	335	15.92	30.10	0.41	3.9	0.58	4.0	2.6	서남서	257	7.0	1013.8	-	164	
2019-12-02 04:55:00	3.7	남서	220	15.93	30.10	0.43	4.5	0.61	3.5	2.5	남서	219	6.9	1013.8	-	191	
2019-12-02 05:00:00	10.7	서북서	293	15.94	29.87	0.38	4.2	0.56	3.0	1.4	남	181	6.9	1013.7	-	345	
2019-12-02 05:05:00	6.9	남남서	200	15.93	30.08	0.46	4.1	0.62	3.5	1.4	남남동	164	6.9	1013.7	-	334	
2019-12-02 05:10:00	7.6	남남서	206	15.93	30.29	0.42	4.0	0.60	3.0	0.6	서남서	238	6.7	1013.8	-	340	
2019-12-02 05:15:00	4.5	남남서	213	15.95	30.29	0.41	4.6	0.60	6.0	0.6	남	176	6.6	1013.9	-	69	
2019-12-02 05:20:00	5.3	동북동	70	15.94	30.31	0.42	4.3	0.67	4.5	3.4	서남서	237	6.8	1014.0	-	38	
2019-12-02 05:25:00	12.2	서북서	289	15.93	30.29	0.40	4.2	0.55	3.0	4.6	서남서	239	6.8	1014.1	-	65	
2019-12-02 05:30:00	0.8	서	260	15.92	30.20	0.46	4.1	0.70	5.0	5.0	남서	225	6.8	1014.0	-	205	
2019-12-02 05:35:00	5.8	남남서	197	15.91	30.24	0.44	4.6	0.61	5.0	5.1	남서	222	6.8	1013.9	-	182	
2019-12-02 05:40:00	6.0	남동	143	15.91	30.09	0.50	4.4	0.75	4.5	4.6	남서	224	6.5	1013.9	-	160	
2019-12-02 05:45:00	8.2	남남서	197	15.90	30.21	0.44	4.4	0.62	5.5	4.9	남서	218	6.3	1014.0	-	324	
2019-12-02 05:50:00	6.7	북서	326	15.90	30.18	0.46	5.0	0.57	4.0	5.0	남서	218	6.2	1014.1	-	346	
2019-12-02 05:55:00	3.5	서북서	301	15.89	30.27	0.55	4.4	0.69	3.5	4.7	남서	218	6.2	1014.0	-	343	
2019-12-02 06:00:00	5.0	북북동	16	15.89	30.27	0.49	4.4	0.58	4.5	5.2	남서	234	5.9	1014.1	-	290	
2019-12-02 06:05:00	6.6	서북서	294	15.89	30.24	0.63	4.8	0.89	4.5	5.3	서남서	238	5.7	1014.1	-	327	
2019-12-02 06:10:00	9.2	북북서	338	15.87	30.24	0.51	4.5	0.73	4.0	6.1	서남서	246	5.7	1014.1	-	207	
2019-12-02 06:15:00	10.8	동	84	15.87	30.27	0.48	4.5	0.67	5.5	6.4	남서	236	5.6	1014.3	-	343	
2019-12-02 06:20:00	15.8	남동	140	15.88	30.28	0.53	4.3	0.87	4.5	6.6	남서	233	5.6	1014.4	-	176	
2019-12-02 06:25:00	12.6	동남동	123	15.87	30.29	0.59	4.4	0.92	4.5	6.7	남서	230	5.4	1014.4	-	157	
2019-12-02 06:30:00	11.6	남동	143	15.87	30.27	0.57	4.3	0.78	5.0	5.7	남서	233	5.4	1014.5	-	160	
2019-12-02 06:35:00	2.6	남서	216	15.86	30.28	0.54	4.5	0.85	5.0	5.8	남서	231	5.3	1014.6	-	148	
2019-12-02 06:40:00	7.3	동	95	15.87	30.29	0.58	4.8	0.84	5.5	5.0	남서	233	5.0	1014.7	-	17	
2019-12-02 06:45:00	13.0	동남동	102	15.85	30.22	0.66	4.8	0.94	5.0	4.3	남서	229	4.8	1014.8	-	26	
2019-12-02 06:50:00	9.8	남동	134	15.85	30.26	0.51	4.5	0.68	3.0	4.7	남서	221	4.8	1014.8	-	244	
2019-12-02 06:55:00	8.0	남동	127	15.84	30.27	0.55	4.9	0.81	5.5	4.1	서남서	238	4.8	1014.8	-	351	
2019-12-02 07:00:00	7.0	남	180	15.85	30.27	0.56	4.5	0.74	4.5	4.5	서남서	251	4.8	1014.8	-	169	
2019-12-02 07:05:00	9.2	남남동	158	15.85	30.24	0.66	5.0	0.87	5.0	6.1	서	263	4.6	1014.7	-	155	
2019-12-02 07:10:00	7.8	남	191	15.85	30.26	0.63	4.5	0.92	4.5	5.9	서	264	4.6	1014.8	-	14	
2019-12-02 07:15:00	5.7	남남동	154	15.83	30.24	0.63	4.4	0.74	3.5	7.8	서	270	4.6	1014.9	-	173	
2019-12-02 07:20:00	10.4	남남동	155	15.81	30.25	0.67	4.4	0.90	5.0	7.9	서	262	4.5	1014.9	-	279	
2019-12-02 07:25:00	6.1	남남동	160	15.79	30.22	0.54	4.6	0.79	5.0	8.5	서	264	4.4	1014.9	-	119	
2019-12-02 07:30:00	10.0	남동	130	15.77	30.27	0.58	4.4	0.81	5.0	7.6	서	268	4.5	1015.2	-	340	
2019-12-02 07:35:00	7.5	동남동	120	15.75	30.24	0.71	4.7	1.05	5.0	7.5	서	267	4.5	1015.3	-	328	
2019-12-02 07:40:00	3.2	동남동	110	15.72	30.23	0.67	4.5	0.93	5.0	8.5	서	262	4.4	1015.4	-	340	
2019-12-02 07:45:00	3.8	남동	139	15.72	30.22	0.57	4.4	0.79	3.5	6.5	서	268	4.3	1015.6	-	331	
2019-12-02 07:50:00	13.5	남남동	153	15.72	30.26	0.56	4.2	0.70	4.0	6.2	서	265	4.2	1015.7	-	340	
2019-12-02 07:55:00	2.7	남남동	149	15.72	30.23	0.60	4.4	0.97	3.5	6.0	서	263	4.2	1015.7	-	8	
2019-12-02 08:00:00	2.7	동남동	120	15.68	30.22	0.63	4.3	0.87	4.5	6.3	서	262	4.4	1015.9	-	311	
2019-12-02 08:05:00	10.1	남남동	168	15.63	30.22	0.65	4.6	0.96	5.0	5.8	서	260	4.5	1016.0	-	352	
2019-12-02 08:10:00	7.5	동남동	117	15.58	30.24	0.63	4.2	1.01	4.0	5.1	서	273	4.4	1016.1	-	326	
2019-12-02 08:15:00	12.0	남동	144	15.52	30.19	0.59	4.3	0.83	4.0	4.4	서	276	4.4	1016.2	-	344	
2019-12-02 08:20:00	11.8	남	170	15.49	30.14	0.69	4.6	0.97	4.0	4.9	서	280	4.4	1016.3	-	332	
2019-12-02 08:25:00	14.4	남남동	154	15.46	30.15	0.73	4.7	1.09	3.5	5.9	서	265	4.5	1016.3	-	347	
2019-12-02 08:30:00	8.6	남동	139	15.46	30.14	0.64	4.4	0.88	4.5	5.3	서남서	250	4.5	1016.4	-	2	
2019-12-02 08:35:00	8.5	동남동	123	15.46	30.13	0.72	4.6	0.96	5.0	5.1	서	262	4.3	1016.5	-	333	
2019-12-02 08:40:00	10.5	남동	141	15.46	30.19	0.89	4.7	1.31	5.0	4.7	서	261	4.2	1016.6	-	337	
2019-12-02 08:45:00	6.5	남동	144	15.45	30.14	0.78	4.6	1.14	4.5	4.0	서	268	4.4	1016.7	-	348	
2019-12-02 08:50:00	7.6	동남동	118	15.45	30.18	0.72	4.4	0.99	3.5	4.5	서남서	252	4.3	1016.7	-	343	
2019-12-02 08:55:00	9.3	동남동	104	15.41	30.16	0.75	4.5	1.21	4.5	4.9	서	268	4.4	1016.9	-	340	
2019-12-02 09:00:00	12.3	남동	137	15.38	30.22	0.79	4.3	1.19	4.5	4.3	서	265	4.5	1017.0	-	335	
2019-12-02 09:05:00	4.7	동남동	115	15.38	30.20	0.72	4.4	1.05	4.0	6.1	서	278	4.9	1017.0	-	23	
2019-12-02 09:10:00	6.1	남동	138	15.38	30.21	0.78	4.5	1.06	5.5	7.7	서북서	293	4.9	1016.9	-	330	
2019-12-02 09:15:00	9.1	남남동	153	15.35	30.22	0.79	4.1	1.28	4.0	7.2	서북서	291	5.3	1017.0	-	324	
2019-12-02 09:20:00	5.0	남남동	152	15.33	30.27	0.75	4.5	1.07	5.5	7.2	서북서	299	5.3	1017.1	-	61	
2019-12-02 09:25:00	6.0	남동	139	15.31	30.26	0.79	4.9	1.21	4.5	7.8	서북서	296	5.2	1017.1	-	4	
2019-12-02 09:30:00	9.1	남남동	146	15.31	30.26	0.76	5.0	1.01	4.0	8.6	북서	309	5.4	1017.1	-	156	
2019-12-02 09:35:00	8.0	남	173	15.31	30.27	0.91	5.4	1.15	5.5	10.5	북서	315	5.4	1016.9	-	350	
2019-12-02 09:40:00	6.0	남동	124	15.27	30.29	0.82	5.6	1.17	4.5	10.6	북서	310	5.2	1017.0	-	0	
2019-12-02 09:45:00	10.1	남남동	158	15.23	30.27	0.80	5.3	1.16	6.5	10.1	북서	313	5.4	1017.1	-	3	
2019-12-02 09:50:00	10.5	남동	143	15.18	30.22	0.81	5.8	1.18	5.0	9.5	북서	312	5.5	1017.1	-	4	
2019-12-02 09:55:00	6.3	남동	141	15.12	30.22	0.87	5.8	1.46	7.0	10.1	북서	313	5.4	1017.0	-	19	
2019-12-02 10:00:00	12.3	남남동	149	15.09	30.20	0.96	5.5	1.30	5.5	9.9	북서	307	5.4	1017.1	-	347	
2019-12-02 10:05:00	11.3	남동	136	15.07	30.20	0.92	5.3	1.21	6.0	10.6	서북서	299	5.5	1017.1	-	16	
2019-12-02 10:10:00	10.4	남남동	158	15.06	30.20	0.89	6.2	1.21	5.5	10.3	서북서	294	5.6	1017.0	-	358	
2019-12-02 10:15:00	16.7	남남동	146	15.01	30.20	1.00	6.2	1.22	6.0	10.7	서북서	285	5.6	1017.0	-	356	
2019-12-02 10:20:00	11.6	남동	146	15.04	30.19	0.97	5.7	1.42	5.5	10.7	서북서	284	5.5	1016.9	-	349	
2019-12-02 10:25:00	11.1	남남동	162	15.02	30.21	0.88	5.8	1.29	6.0	12.8	서	277	5.6	1016.5	-	1	
2019-12-02 10:30:00	11.2	남동	140	14.93	30.13	0.96	5.6	1.39	6.5	12.7	서	277	5.6	1016.5	-	349	
2019-12-02 10:35:00	16.9	남동	143	14.90	30.17	0.90	6.3	1.18	5.5	13.0	서	277	5.6	1016.5	-	7	
2019-12-02 10:40:00	10.4	남동	137	14.89	30.20	1.00	6.4	1.37	6.0	13.2	서	280	5.6	1016.5	-	345	
2019-12-02 10:45:00	11.1	남남동	154	14.85	30.17	1.11	5.9	1.39	7.0	11.4	서	281	5.5	1016.7	-	357	
2019-12-02 10:50:00	13.4	남남동	149	14.81	30.18	0.94	5.8	1.24	7.0	12.0	서	279	5.6	1016.7	-	6	
2019-12-02 10:55:00	9.9	남동	142	14.72	30.08	0.95	6.3	1.28	5.0	11.1	서북서	288	5.5	1016.9	-	357	
2019-12-02 11:00:00	10.2	남남동	153	14.65	30.18	0.92	6.3	1.11	5.0	10.1	서북서	289	5.3	1017.0	-	2	
2019-12-02 11:05:00	16.5	남남동	156	14.60	30.07	0.89	6.0	1.72	6.5	11.4	서	276	5.5	1016.8	-	341	
2019-12-02 11:10:00	17.0	남남동	147	14.49	30.12	1.00	6.2	1.25	6.5	9.1	서북서	293	5.4	1016.8	-	350	
2019-12-02 11:15:00	14.2	남남동	156	14.44	30.11	0.87	5.3	1.31	4.0	9.0	서북서	296	5.5	1016.7	-	0	
2019-12-02 11:20:00	13.7	남동	135	14.37	30.10	0.98	5.8	1.30	6.0	9.6	서북서	289	5.5	1016.6	-	351	
2019-12-02 11:25:00	13.9	남남동	161	14.40	30.08	1.06	5.6	1.42	4.5	8.3	서북서	288	5.5	1016.5	-	146	
2019-12-02 11:30:00	16.5	남동	139	14.39	30.07	1.00	5.4	1.26	6.5	8.4	서북서	285	5.7	1016.5	-	4	
2019-12-02 11:35:00	12.2	남남동	152	14.38	30.06	1.21	6.3	1.65	6.0	10.0	서북서	289	5.7	1016.3	-	3	
2019-12-02 11:40:00	10.1	남동	134	14.37	30.10	1.26	6.2	1.53	8.0	9.7	서북서	284	5.7	1016.2	-	358	
2019-12-02 11:45:00	16.0	남남동	159	14.38	30.15	1.03	5.8	1.36	5.0	9.9	서북서	294	5.4	1016.1	-	290	
2019-12-02 11:50:00	14.1	남동	138	14.34	30.06	1.09	6.4	1.39	5.5	10.3	서북서	289	5.6	1016.0	-	358	
2019-12-02 11:55:00	14.1	남동	145	14.35	30.06	1.03	5.7	1.29	6.5	10.3	서북서	296	5.6	1015.9	-	356	
2019-12-02 12:00:00	13.2	남남동	150	14.33	30.02	0.91	5.8	1.28	7.0	9.3	서북서	301	5.7	1015.9	-	353	
2019-12-02 12:05:00	13.3	남남동	164	14.32	30.06	1.24	6.0	2.00	6.0	10.7	서북서	302	5.8	1015.6	-	0	
2019-12-02 12:10:00	17.7	남남동	152	14.32	30.09	1.11	6.1	1.42	5.5	10.9	서북서	290	5.8	1015.5	-	357	
2019-12-02 12:15:00	11.2	남남동	151	14.32	30.06	1.01	5.7	1.39	5.0	10.5	서북서	302	5.8	1015.5	-	11	
2019-12-02 12:20:00	15.5	남동	141	14.31	30.07	0.88	5.8	1.17	5.0	10.9	북서	304	6.2	1015.5	-	344	
2019-12-02 12:25:00	7.3	남동	144	14.31	30.06	1.06	6.0	1.27	6.0	9.9	서북서	296	6.0	1015.7	-	6	
2019-12-02 12:30:00	11.1	남동	137	14.32	30.08	0.95	6.4	1.34	5.5	10.0	서북서	297	5.9	1015.7	-	356	
2019-12-02 12:35:00	13.8	남동	132	14.33	30.08	0.96	5.8	1.24	7.5	9.0	서북서	295	6.0	1015.6	-	2	
2019-12-02 12:40:00	12.7	남동	137	14.34	30.07	0.99	6.4	1.53	6.5	8.9	북서	309	6.0	1015.6	-	359	
2019-12-02 12:45:00	11.4	남남동	153	14.34	30.10	1.07	5.2	1.40	3.5	8.3	북서	307	6.1	1015.6	-	351	
2019-12-02 12:50:00	13.2	남남동	164	14.36	30.08	1.00	5.8	1.46	6.0	8.2	서북서	303	6.2	1015.7	-	7	
2019-12-02 12:55:00	13.2	남남동	147	14.36	30.07	1.00	5.8	1.38	4.5	7.8	북서	312	6.2	1015.6	-	17	
2019-12-02 13:00:00	13.4	남동	141	14.36	30.04	0.97	5.7	1.23	6.0	8.9	북서	309	6.0	1015.4	-	4	
2019-12-02 13:05:00	11.6	남남동	152	14.39	30.10	1.09	5.9	1.59	4.0	9.4	북서	308	6.2	1015.3	-	2	
2019-12-02 13:10:00	9.3	남동	140	14.40	30.10	1.17	5.8	1.60	6.0	8.9	북서	308	6.2	1015.2	-	357	
2019-12-02 13:15:00	14.7	남동	134	14.41	30.09	1.07	5.9	1.42	6.0	8.2	북서	313	6.3	1015.3	-	2	
2019-12-02 13:20:00	14.7	남남동	158	14.43	30.10	1.15	6.2	1.65	6.0	10.3	북서	313	6.5	1015.2	-	2	
2019-12-02 13:25:00	17.6	남	182	14.44	30.11	1.29	5.9	1.97	6.0	9.7	북서	307	6.4	1015.2	-	354	
2019-12-02 13:30:00	11.0	남동	137	14.46	30.12	0.98	5.6	1.64	5.0	10.6	북서	316	6.5	1015.1	-	315	
2019-12-02 13:35:00	16.3	남남동	156	14.46	30.12	1.15	5.8	1.49	5.0	10.7	북서	312	6.3	1015.1	-	354	
2019-12-02 13:40:00	15.9	남동	142	14.48	30.07	1.09	5.6	1.61	5.5	10.5	북서	310	6.7	1015.1	-	343	
2019-12-02 13:45:00	15.8	남동	142	14.50	30.10	1.14	6.4	1.76	7.0	10.3	북서	309	6.6	1015.1	-	7	
2019-12-02 13:50:00	18.4	남동	127	14.52	30.09	1.20	5.9	1.63	6.5	10.4	북서	321	6.4	1015.1	-	326	
2019-12-02 13:55:00	13.8	동남동	116	14.52	30.08	1.15	6.2	1.48	6.5	11.0	북서	313	6.5	1015.1	-	348	
2019-12-02 14:00:00	18.3	남동	145	14.59	30.12	1.14	5.6	1.35	8.0	9.6	북서	319	6.4	1015.2	-	354	
2019-12-02 14:05:00	16.6	남남동	150	14.64	30.15	1.10	5.3	1.48	5.5	7.5	북서	311	6.3	1015.3	-	316	
2019-12-02 14:10:00	15.2	남동	134	14.66	30.12	1.07	5.6	1.56	7.5	8.3	북서	313	6.4	1015.4	-	10	
2019-12-02 14:15:00	15.7	남동	125	14.67	30.15	1.06	6.0	1.50	6.5	9.5	북서	319	6.7	1015.3	-	355	
2019-12-02 14:20:00	18.6	남동	140	14.70	30.17	1.18	6.3	1.39	7.5	9.3	북서	316	6.4	1015.4	-	10	
2019-12-02 14:25:00	18.9	남동	141	14.76	30.16	1.04	6.2	1.19	6.5	9.1	북서	321	6.3	1015.5	-	30	
2019-12-02 14:30:00	17.3	남	169	14.77	30.22	1.07	5.9	1.39	6.0	9.5	북서	318	6.3	1015.4	-	359	
2019-12-02 14:35:00	17.5	남남동	155	14.81	30.20	1.15	6.4	1.35	6.0	8.6	북서	321	6.5	1015.4	-	1	
2019-12-02 14:40:00	19.0	남동	145	14.83	30.17	1.21	5.9	1.46	5.0	6.8	북서	314	6.7	1015.6	-	0	
2019-12-02 14:45:00	14.8	남동	139	14.87	30.24	1.01	5.7	1.20	5.5	6.3	서북서	295	6.5	1015.6	-	5	
2019-12-02 14:50:00	17.4	남남동	146	14.92	30.21	1.09	5.7	1.53	5.0	5.3	서북서	294	6.4	1015.7	-	7	
2019-12-02 14:55:00	16.9	남남동	159	14.96	30.22	1.24	6.6	1.61	7.0	6.5	북서	314	6.7	1015.7	-	11	
2019-12-02 15:00:00	27.2	남남동	153	14.98	30.22	0.98	5.8	1.44	6.5	6.8	북서	318	6.6	1015.8	-	344	
2019-12-02 15:05:00	23.0	남남동	156	14.89	30.16	1.08	6.7	1.36	5.5	7.1	북서	314	6.5	1015.8	-	14	
2019-12-02 15:10:00	14.2	남동	129	15.01	30.18	1.02	6.0	1.27	5.5	5.5	북서	305	6.6	1015.9	-	0	
2019-12-02 15:15:00	19.7	남동	146	15.04	30.22	1.11	5.8	2.34	6.5	4.6	서	280	6.4	1016.0	-	6	
2019-12-02 15:20:00	14.1	남남동	152	15.05	30.21	0.96	6.9	1.48	7.0	3.1	서북서	291	6.5	1016.0	-	8	
2019-12-02 15:25:00	35.3	남남동	163	15.05	30.29	0.96	6.4	1.27	7.0	3.3	북서	316	6.6	1016.0	-	6	
2019-12-02 15:30:00	21.8	남동	143	15.04	30.26	1.04	7.2	1.29	7.0	4.7	북서	314	6.5	1016.0	-	7	
2019-12-02 15:35:00	20.7	남남서	202	15.07	30.34	0.95	6.0	1.57	7.0	5.0	서북서	300	6.5	1016.0	-	338	
2019-12-02 15:40:00	29.4	남	182	15.32	30.31	1.07	6.5	1.45	5.5	5.5	북서	311	6.5	1016.1	-	349	
2019-12-02 15:45:00	32.3	남남서	203	15.62	30.35	1.05	6.1	1.48	5.5	5.0	북서	304	6.4	1016.0	-	346	
2019-12-02 15:50:00	23.7	남	177	15.62	30.37	0.94	5.8	1.24	7.5	3.1	북서	312	6.3	1016.2	-	1	
2019-12-02 15:55:00	21.6	남남서	201	15.69	30.38	1.07	6.1	1.50	6.5	2.7	서	260	6.4	1016.3	-	356	
2019-12-02 16:00:00	29.3	남	187	15.71	30.39	1.19	6.6	1.80	6.5	2.7	북서	323	6.5	1016.3	-	0	
2019-12-02 16:05:00	-	-	-	-	-	-	-	-	-	-	-	-	-	-	-	-	
2019-12-02 16:10:00	-	-	-	15.80	30.40	0.61	4.2	1.23	4.2	3.0	서북서	292	6.5	1016.5	-	357	
2019-12-02 16:15:00	-	-	-	15.78	30.37	0.98	5.6	1.17	6.5	3.5	북서	318	6.4	1016.5	-	355	
2019-12-02 16:20:00	-	-	-	15.76	30.36	0.97	6.5	1.27	4.5	5.6	북서	320	6.4	1016.5	-	337	
2019-12-02 16:25:00	-	-	-	15.76	30.38	1.01	6.1	1.42	6.0	5.0	북서	310	6.3	1016.6	-	345	
2019-12-02 16:30:00	-	-	-	15.76	30.40	1.16	6.5	1.63	6.0	4.8	북서	315	6.0	1016.7	-	347	
2019-12-02 16:35:00	-	-	-	15.76	30.28	1.09	6.1	1.65	6.0	4.0	서북서	289	6.1	1016.8	-	5	
2019-12-02 16:40:00	34.1	서남서	255	15.75	30.36	0.99	6.0	1.14	6.0	4.3	서	276	5.9	1016.8	-	349	
2019-12-02 16:45:00	18.0	남	186	15.75	30.40	1.04	6.0	1.36	6.5	4.3	서	280	5.8	1016.9	-	7	
2019-12-02 16:50:00	20.6	남	187	15.75	30.41	1.09	6.0	1.39	6.0	4.8	서북서	296	5.9	1016.9	-	347	
2019-12-02 16:55:00	12.3	남	190	15.73	30.38	0.95	5.9	1.20	6.0	5.5	서	270	5.8	1017.1	-	1	
2019-12-02 17:00:00	7.8	서	276	15.74	30.43	1.14	6.0	1.60	6.5	4.4	서북서	289	5.6	1017.3	-	353	
2019-12-02 17:05:00	15.8	남남서	194	15.72	30.38	1.07	5.9	1.47	6.5	4.8	서북서	288	5.5	1017.4	-	347	
2019-12-02 17:10:00	17.3	남남서	200	15.73	30.41	1.00	5.9	1.33	5.0	4.9	서	273	5.4	1017.4	-	353	
2019-12-02 17:15:00	16.7	남남서	198	15.73	30.42	1.05	6.6	1.23	7.0	4.7	서	277	5.3	1017.6	-	2	
2019-12-02 17:20:00	11.4	남남서	207	15.73	30.43	0.98	5.8	1.30	5.0	5.2	서	261	5.3	1017.6	-	3	
2019-12-02 17:25:00	13.1	남남서	208	15.74	30.44	1.05	6.3	1.53	5.0	4.9	서	274	5.3	1017.8	-	2	
2019-12-02 17:30:00	6.8	남남서	193	15.72	30.43	0.96	5.7	1.27	4.5	4.4	서	268	5.1	1017.9	-	349	
2019-12-02 17:35:00	10.7	남서	232	15.72	30.42	0.90	6.0	1.31	4.5	4.3	북서	311	5.0	1018.0	-	356	
2019-12-02 17:40:00	9.8	남남서	200	15.72	30.42	0.98	6.4	1.44	7.0	4.0	서	269	4.9	1018.0	-	8	
2019-12-02 17:45:00	9.0	남남서	195	15.71	30.33	1.06	5.8	1.58	6.0	5.4	서북서	292	4.9	1018.1	-	349	
2019-12-02 17:50:00	9.0	남서	220	15.73	30.43	0.96	5.5	1.27	5.0	5.0	서북서	285	4.9	1018.2	-	13	
2019-12-02 17:55:00	11.0	남남서	209	15.75	30.35	1.02	5.2	1.54	6.0	4.4	서	279	4.7	1018.3	-	3	
2019-12-02 18:00:00	10.1	남서	222	15.75	30.40	1.04	5.8	1.40	5.5	4.7	서북서	297	4.8	1018.4	-	357	
2019-12-02 18:05:00	5.6	남서	214	15.73	30.33	0.99	5.6	1.35	5.0	5.7	서북서	303	5.0	1018.5	-	205	
2019-12-02 18:10:00	9.5	남남서	210	15.74	30.36	0.93	5.8	1.20	5.0	4.9	서북서	283	4.8	1018.6	-	9	
2019-12-02 18:15:00	7.4	남서	222	15.74	30.30	0.99	5.7	1.55	6.0	4.9	서	272	4.7	1018.7	-	355	
2019-12-02 18:20:00	8.0	남남서	209	15.73	30.23	1.08	5.9	1.45	6.5	5.6	서	279	4.6	1018.7	-	357	
2019-12-02 18:25:00	3.0	남남서	194	15.71	30.36	0.99	5.8	1.37	5.0	5.5	서북서	283	4.5	1018.8	-	358	
2019-12-02 18:30:00	8.7	남남서	196	15.72	30.38	0.88	5.4	1.22	5.0	6.2	북북서	332	4.7	1018.9	-	10	
2019-12-02 18:35:00	10.6	남서	222	15.72	30.37	1.04	5.7	1.46	4.5	4.7	북서	310	4.6	1019.0	-	338	
2019-12-02 18:40:00	9.7	남남서	207	15.72	30.16	0.98	5.5	1.38	5.5	5.4	북서	325	4.6	1019.1	-	349	
2019-12-02 18:45:00	5.3	남남서	201	15.72	30.30	0.92	5.5	1.19	6.5	7.6	북북서	332	4.7	1019.1	-	353	
2019-12-02 18:50:00	4.1	남남서	207	15.72	30.31	0.88	4.9	1.23	4.0	5.9	북서	304	4.6	1019.3	-	352	
2019-12-02 18:55:00	12.0	남남서	194	15.73	30.34	0.95	5.8	1.21	6.0	4.5	서북서	288	4.1	1019.4	-	352	
2019-12-02 19:00:00	8.0	남남서	201	15.75	30.29	1.16	5.8	1.44	6.0	5.4	서	271	4.0	1019.5	-	348	
2019-12-02 19:05:00	9.0	서남서	239	15.75	30.26	0.87	5.9	1.36	5.5	5.7	북서	311	3.9	1019.6	-	348	
2019-12-02 19:10:00	7.7	남	191	15.74	30.26	0.88	5.6	1.15	5.5	4.7	서북서	298	3.8	1019.7	-	1	
2019-12-02 19:15:00	12.1	남서	230	15.74	30.26	0.91	5.9	1.24	6.0	4.6	서북서	303	3.8	1019.7	-	352	
2019-12-02 19:20:00	4.3	남남서	212	15.75	30.30	0.85	6.0	1.03	6.0	4.9	서북서	300	3.8	1019.8	-	12	
2019-12-02 19:25:00	5.9	서	264	15.75	30.28	1.01	6.0	1.36	5.5	4.7	서북서	296	3.7	1019.9	-	355	
2019-12-02 19:30:00	6.6	남서	226	15.74	30.31	0.82	5.6	0.95	5.0	5.4	북서	310	3.7	1019.9	-	355	
2019-12-02 19:35:00	7.0	남서	222	15.73	30.22	0.97	5.6	1.42	5.0	6.2	서북서	303	3.7	1019.9	-	352	
2019-12-02 19:40:00	11.0	남남서	196	15.75	30.18	0.96	5.8	1.30	6.5	5.9	서북서	303	3.8	1020.0	-	20	
2019-12-02 19:45:00	5.1	서남서	240	15.74	30.43	0.98	6.0	1.22	5.5	6.2	서북서	301	3.7	1020.0	-	2	
2019-12-02 19:50:00	10.2	남서	224	15.74	30.44	0.86	5.8	1.24	6.5	5.6	서북서	291	3.7	1020.1	-	14	
2019-12-02 19:55:00	6.7	남남서	201	15.73	30.52	0.79	5.4	1.26	6.0	8.5	북서	311	3.9	1020.0	-	353	
2019-12-02 20:00:00	6.0	남남서	198	15.71	30.52	0.89	5.5	1.49	6.0	9.4	북서	314	4.2	1020.0	-	349	
2019-12-02 20:05:00	8.3	남	191	15.72	30.49	0.95	6.3	1.22	6.0	8.4	북서	311	4.2	1020.2	-	346	
2019-12-02 20:10:00	6.6	남남서	204	15.71	30.47	0.92	5.3	1.51	5.5	7.4	서북서	299	3.7	1020.4	-	2	
2019-12-02 20:15:00	7.0	남서	219	15.71	30.44	1.02	5.7	1.48	5.5	8.2	북서	307	3.5	1020.4	-	354	
2019-12-02 20:20:00	7.4	남	173	15.70	30.44	1.07	5.9	1.48	6.5	10.4	북서	322	3.9	1020.3	-	358	
2019-12-02 20:25:00	3.5	남동	139	15.69	30.48	0.92	5.3	1.11	4.0	10.3	북서	323	3.7	1020.5	-	347	
2019-12-02 20:30:00	9.7	남남서	203	15.69	30.43	1.03	5.7	1.52	7.0	9.7	북서	326	3.6	1020.6	-	356	
2019-12-02 20:35:00	6.3	남서	222	15.68	30.41	1.11	5.8	1.42	6.5	10.7	북서	323	3.6	1020.6	-	1	
2019-12-02 20:40:00	5.0	남서	219	15.66	30.41	1.02	5.4	1.52	6.5	10.7	북서	320	3.7	1020.6	-	350	
2019-12-02 20:45:00	7.0	남남서	208	15.67	30.32	1.02	5.8	1.53	6.5	10.6	북서	324	3.8	1020.7	-	357	
2019-12-02 20:50:00	9.1	남	185	15.67	30.29	1.07	5.6	1.34	6.0	8.9	북서	324	3.4	1020.9	-	7	
2019-12-02 20:55:00	1.8	남서	225	15.66	30.37	1.03	5.6	1.34	4.5	9.2	북북서	335	3.2	1020.9	-	357	
2019-12-02 21:00:00	6.1	남	183	15.65	30.30	1.03	5.8	1.49	5.0	10.6	북북서	330	3.2	1020.9	-	7	
2019-12-02 21:05:00	8.7	남남서	198	15.63	30.32	1.04	5.9	1.49	6.0	9.6	북서	326	3.1	1021.1	-	357	
2019-12-02 21:10:00	3.1	남동	145	15.65	30.31	0.98	5.7	1.18	8.0	8.4	북서	317	3.1	1021.2	-	8	
2019-12-02 21:15:00	5.3	남남서	195	15.64	30.32	1.07	5.5	1.52	5.0	7.7	북서	322	2.9	1021.3	-	348	
2019-12-02 21:20:00	6.6	남남서	193	15.66	30.26	1.02	6.1	1.30	5.0	8.0	북서	325	2.7	1021.4	-	7	
2019-12-02 21:25:00	6.4	남	191	15.64	30.32	1.03	6.0	1.70	5.5	8.4	북북서	330	2.8	1021.5	-	358	
2019-12-02 21:30:00	1.5	동남동	114	15.65	30.24	0.88	5.4	1.43	5.0	6.7	북북서	334	2.6	1021.6	-	354	
2019-12-02 21:35:00	3.5	남남서	207	15.62	30.17	1.09	5.5	1.35	5.5	5.9	북서	307	2.5	1021.8	-	2	
2019-12-02 21:40:00	9.5	남남서	206	15.63	30.29	1.07	5.6	1.64	6.5	5.7	북서	310	2.4	1021.8	-	343	
2019-12-02 21:45:00	1.6	남남서	198	15.62	30.37	1.04	5.6	1.30	5.5	5.9	북서	312	2.3	1021.9	-	1	
2019-12-02 21:50:00	5.9	남남서	210	15.62	30.42	1.05	5.2	1.42	5.0	5.5	북서	311	2.4	1021.9	-	4	
2019-12-02 21:55:00	5.8	남남동	167	15.62	30.39	1.15	5.5	1.85	5.5	4.7	북서	320	2.1	1021.9	-	341	
2019-12-02 22:00:00	3.0	남	186	15.60	30.35	1.16	5.7	1.71	5.5	4.8	북서	317	2.3	1022.0	-	0	
2019-12-02 22:05:00	8.7	남서	226	15.62	30.39	1.27	5.5	1.76	5.0	4.6	서북서	303	2.2	1022.0	-	351	
2019-12-02 22:10:00	3.6	남남서	206	15.62	30.36	1.28	5.5	1.88	5.0	5.4	북서	308	2.2	1021.9	-	346	
2019-12-02 22:15:00	4.7	남	189	15.63	30.30	1.12	6.0	1.45	5.5	4.6	북서	309	2.0	1022.0	-	2	
2019-12-02 22:20:00	10.2	남남서	199	15.64	30.33	1.22	5.2	1.67	5.5	5.2	북서	313	2.1	1022.1	-	352	
2019-12-02 22:25:00	5.1	남남서	211	15.64	30.37	1.16	6.0	1.68	5.5	5.8	북서	324	2.2	1022.1	-	356	
2019-12-02 22:30:00	6.4	남남서	196	15.64	30.39	1.24	5.5	1.62	8.5	6.0	북서	321	2.3	1022.1	-	355	
2019-12-02 22:35:00	0.8	동북동	62	15.65	30.35	1.12	5.8	1.39	5.0	5.7	북서	321	2.3	1022.2	-	351	
2019-12-02 22:40:00	6.3	남	181	15.64	30.35	1.08	5.7	1.75	5.0	7.6	북서	323	2.4	1022.1	-	0	
2019-12-02 22:45:00	6.9	남	174	15.63	30.42	1.12	6.1	1.44	5.5	7.1	북북서	335	2.3	1022.2	-	10	
2019-12-02 22:50:00	7.3	남남동	150	15.62	30.45	1.22	5.9	1.61	6.5	9.1	북북서	336	2.7	1022.1	-	335	
2019-12-02 22:55:00	9.6	남남서	204	15.63	30.40	1.25	5.6	1.64	6.0	8.6	북서	314	2.3	1022.2	-	198	
2019-12-02 23:00:00	7.0	남남서	199	15.63	30.40	1.40	5.6	1.69	5.5	9.6	북북서	333	2.4	1022.2	-	342	
2019-12-02 23:05:00	5.4	남동	130	15.62	30.44	1.35	5.9	1.95	6.0	8.9	북서	325	2.4	1022.3	-	4	
2019-12-02 23:10:00	13.4	남	182	15.62	30.44	1.34	6.1	1.59	5.0	9.3	북서	322	2.4	1022.4	-	6	
2019-12-02 23:15:00	11.6	남남동	155	15.61	30.44	1.30	5.5	1.66	6.5	8.0	북서	324	2.4	1022.4	-	345	
2019-12-02 23:20:00	3.1	동남동	124	15.59	30.44	1.46	5.6	2.23	6.0	7.1	북북서	328	2.4	1022.4	-	346	
2019-12-02 23:25:00	0.6	동	85	15.59	30.45	1.60	6.1	2.90	6.0	7.4	북북서	333	2.1	1022.4	-	4	
2019-12-02 23:30:00	6.0	남남서	195	15.59	30.45	1.26	5.8	2.15	5.5	7.2	북서	322	2.1	1022.4	-	330	
2019-12-02 23:35:00	8.1	남남동	164	15.57	30.47	1.54	6.0	2.56	6.0	8.3	북북서	327	2.2	1022.4	-	342	
2019-12-02 23:40:00	8.9	남남동	167	15.59	30.44	1.31	6.4	1.67	6.5	6.2	북서	323	2.0	1022.5	-	328	
2019-12-02 23:45:00	4.6	남서	236	15.57	30.44	1.47	5.7	1.98	6.5	7.2	북북서	334	2.0	1022.4	-	0	
2019-12-02 23:50:00	4.4	남	178	15.57	30.46	1.33	6.7	1.78	7.0	6.9	북북서	331	2.2	1022.5	-	23	
2019-12-02 23:55:00	7.0	남	171	15.57	30.43	1.49	6.5	2.00	5.0	7.7	북북서	338	2.2	1022.5	-	351	
2019-12-03 00:00:00	6.6	남	189	15.57	30.45	1.31	6.0	1.53	6.0	7.2	북북서	329	2.1	1022.6	-	21	
2019-12-03 00:05:00	3.8	동남동	120	15.56	30.51	1.45	5.8	2.32	6.5	6.5	북북서	329	1.9	1022.6	-	354	
2019-12-03 00:10:00	13.2	남	176	15.56	30.47	1.51	6.1	1.84	8.0	8.5	북북서	331	2.1	1022.5	-	348	
2019-12-03 00:15:00	6.1	남남서	192	15.55	30.52	1.44	6.3	2.62	5.5	8.6	북북서	329	2.2	1022.6	-	346	
2019-12-03 00:20:00	11.7	남남서	193	15.55	30.48	1.51	6.6	2.12	7.0	8.2	북서	316	2.1	1022.6	-	11	
2019-12-03 00:25:00	5.9	남남서	192	15.55	30.50	1.45	6.1	2.23	7.0	7.9	북북서	333	1.9	1022.6	-	32	
2019-12-03 00:30:00	10.1	남	183	15.56	30.47	1.36	6.9	1.83	6.5	7.5	북북서	328	2.2	1022.6	-	19	
2019-12-03 00:35:00	1.6	남동	143	15.56	30.49	1.63	6.3	2.15	5.0	7.2	북서	317	1.9	1022.6	-	27	
2019-12-03 00:40:00	5.1	남남동	161	15.56	30.44	1.45	6.4	1.70	6.5	7.6	북북서	333	2.0	1022.6	-	4	
2019-12-03 00:45:00	7.4	남동	137	15.56	30.38	1.45	6.2	1.82	7.5	7.4	북북서	330	1.8	1022.7	-	17	
2019-12-03 00:50:00	1.5	남	184	15.54	30.45	1.50	6.7	1.82	6.0	7.2	북북서	343	1.7	1022.7	-	10	
2019-12-03 00:55:00	10.1	남남동	161	15.55	30.45	1.50	6.5	1.92	5.5	6.7	북서	320	1.8	1022.7	-	342	
2019-12-03 01:00:00	4.6	남동	127	15.55	30.43	1.40	5.4	1.70	4.5	6.6	북북서	328	1.8	1022.7	-	42	
2019-12-03 01:05:00	4.5	남동	129	15.53	30.43	1.31	6.4	1.62	6.0	7.3	북북서	339	1.8	1022.6	-	357	
2019-12-03 01:10:00	4.6	남남동	158	15.52	30.39	1.38	7.0	1.96	8.0	7.0	북서	319	1.9	1022.7	-	12	
2019-12-03 01:15:00	2.8	남	190	15.52	30.26	1.37	6.3	1.80	6.0	7.5	북북서	342	1.7	1022.7	-	7	
2019-12-03 01:20:00	4.0	남남서	206	15.51	30.27	1.41	6.5	1.67	6.5	8.6	북북서	328	2.1	1022.6	-	348	
2019-12-03 01:25:00	5.8	남남서	197	15.50	30.54	1.38	7.4	1.62	7.5	8.5	북북서	329	1.8	1022.7	-	32	
2019-12-03 01:30:00	2.8	남	171	15.50	30.48	1.16	6.5	1.56	8.0	9.2	북북서	336	1.7	1022.7	-	15	
2019-12-03 01:35:00	5.2	남남동	148	15.51	30.49	1.29	5.9	1.84	6.5	8.8	북북서	331	1.9	1022.8	-	344	
2019-12-03 01:40:00	4.2	남	177	15.50	30.48	1.33	6.1	1.82	7.0	9.4	북북서	334	1.8	1022.8	-	342	
2019-12-03 01:45:00	2.5	남	187	15.49	30.53	1.44	6.5	2.31	5.5	9.9	북북서	329	1.9	1022.9	-	14	
2019-12-03 01:50:00	7.3	남남서	198	15.50	30.48	1.29	6.6	1.75	6.5	8.9	북북서	331	1.7	1023.0	-	33	
2019-12-03 01:55:00	8.8	남동	144	15.50	30.49	1.39	6.1	2.09	7.0	8.6	북서	324	1.9	1023.0	-	349	
2019-12-03 02:00:00	8.8	남동	145	15.49	30.47	1.32	6.2	1.94	7.0	8.7	북서	314	1.7	1023.1	-	15	
2019-12-03 02:05:00	4.5	남	185	15.49	30.48	1.43	6.2	2.09	6.5	9.1	북서	315	1.7	1023.2	-	10	
2019-12-03 02:10:00	6.5	남남동	148	15.48	30.44	1.21	7.0	1.38	7.0	9.0	북서	319	1.5	1023.2	-	23	
2019-12-03 02:15:00	5.0	남	185	15.47	30.46	1.41	6.9	1.72	6.5	8.1	서북서	300	1.6	1023.2	-	34	
2019-12-03 02:20:00	2.0	남동	136	15.45	30.46	1.31	6.2	2.12	6.5	7.7	서북서	294	1.0	1023.2	-	35	
2019-12-03 02:25:00	7.0	남	183	15.44	30.50	1.26	6.9	1.85	7.0	6.3	서북서	293	0.7	1023.3	-	24	
2019-12-03 02:30:00	2.8	남동	139	15.44	30.47	1.39	7.1	1.77	6.5	5.1	서북서	292	0.5	1023.5	-	354	
2019-12-03 02:35:00	-	-	-	-	-	-	-	-	-	-	-	-	-	-	-	-	
2019-12-03 02:40:00	10.4	남동	132	15.47	30.47	0.59	4.1	1.18	4.1	4.0	서북서	298	0.5	1023.8	-	245	
2019-12-03 02:45:00	7.4	남남동	157	15.46	30.44	1.36	6.4	1.62	6.0	3.5	서북서	296	0.4	1023.8	-	14	
2019-12-03 02:50:00	0.9	북북동	23	15.45	30.45	1.45	6.8	1.93	6.5	3.5	북서	311	0.5	1023.9	-	21	
2019-12-03 02:55:00	3.3	남	181	15.45	30.49	1.28	7.2	1.87	6.0	3.4	북서	321	0.4	1024.0	-	36	
2019-12-03 03:00:00	4.4	남남동	147	15.47	30.51	1.31	7.0	1.91	6.5	2.8	북북서	335	0.6	1024.1	-	30	
2019-12-03 03:05:00	3.3	남남서	206	15.48	30.52	1.49	7.2	1.96	5.5	3.2	북서	308	0.5	1024.2	-	33	
2019-12-03 03:10:00	6.5	남남동	159	15.49	30.53	1.04	6.2	1.36	7.5	3.9	서북서	291	0.7	1024.3	-	20	
2019-12-03 03:15:00	4.5	남동	139	15.48	30.56	1.41	8.0	1.84	8.0	4.1	서북서	295	0.9	1024.3	-	31	
2019-12-03 03:20:00	7.9	남남동	165	15.48	30.50	1.23	7.2	1.32	5.5	5.1	서북서	302	0.6	1024.4	-	358	
2019-12-03 03:25:00	11.1	남	176	15.47	30.56	1.40	7.0	2.04	7.5	4.7	서북서	299	0.8	1024.4	-	339	
2019-12-03 03:30:00	1.3	북북서	338	15.46	30.52	1.27	7.2	1.76	7.5	5.1	북서	317	0.7	1024.4	-	358	
2019-12-03 03:35:00	5.7	동남동	119	15.48	30.54	1.42	7.5	1.71	7.5	4.5	북서	307	0.8	1024.3	-	28	
2019-12-03 03:40:00	0.7	북북동	32	15.48	30.53	1.40	7.3	2.00	8.0	4.0	서북서	302	0.6	1024.3	-	22	
2019-12-03 03:45:00	5.8	남	180	15.48	30.49	1.31	7.0	1.79	7.5	3.9	서북서	296	0.7	1024.3	-	24	
2019-12-03 03:50:00	2.3	남	170	15.49	30.52	1.20	6.2	1.51	5.0	4.0	서북서	286	0.7	1024.2	-	25	
2019-12-03 03:55:00	5.2	남남동	164	15.49	30.43	1.29	6.8	2.23	6.5	3.7	서북서	300	0.7	1024.2	-	38	
2019-12-03 04:00:00	2.8	남동	140	15.49	30.48	1.21	6.7	1.59	5.5	3.6	북서	314	0.7	1024.1	-	10	
2019-12-03 04:05:00	5.1	동남동	123	15.49	30.49	1.18	6.1	1.61	4.5	3.6	북북서	337	0.6	1024.1	-	352	
2019-12-03 04:10:00	4.0	남남동	160	15.49	30.40	1.21	6.5	1.66	7.0	3.1	북서	306	0.5	1024.1	-	7	
2019-12-03 04:15:00	5.1	남동	144	15.49	30.39	1.05	6.1	1.29	5.5	2.5	북서	313	0.6	1024.1	-	328	
2019-12-03 04:20:00	2.9	동	87	15.48	30.38	1.24	7.0	1.58	6.5	2.5	서북서	295	0.7	1024.0	-	355	
2019-12-03 04:25:00	7.5	남남동	152	15.48	30.30	1.18	6.3	1.71	6.0	1.3	서	278	0.5	1023.9	-	16	
2019-12-03 04:30:00	4.8	남남서	211	15.50	30.25	1.21	6.9	1.69	8.0	2.3	서북서	291	0.7	1023.9	-	16	
2019-12-03 04:35:00	6.9	남동	138	15.47	30.33	1.17	7.2	1.58	9.0	1.6	북서	317	0.7	1023.9	-	12	
2019-12-03 04:40:00	3.8	남남서	208	15.49	30.44	1.10	6.9	1.63	7.0	2.2	서북서	284	0.7	1023.9	-	8	
2019-12-03 04:45:00	7.7	남남동	157	15.49	30.39	1.15	6.3	1.47	5.0	2.4	서	277	0.6	1023.8	-	33	
2019-12-03 04:50:00	9.3	남남동	150	15.51	30.36	1.18	6.9	1.64	6.0	2.1	서북서	282	0.6	1023.9	-	23	
2019-12-03 04:55:00	3.6	남남서	202	15.50	30.38	1.19	6.4	1.72	7.0	1.5	서북서	299	0.4	1023.9	-	17	
2019-12-03 05:00:00	1.5	동북동	75	15.50	30.37	1.21	6.4	1.56	6.5	1.2	서북서	295	0.5	1023.9	-	351	
2019-12-03 05:05:00	2.4	남	177	15.49	30.32	1.15	7.2	1.73	7.5	1.4	서	273	0.5	1023.9	-	42	
2019-12-03 05:10:00	2.3	남	191	15.49	30.36	1.19	6.6	1.83	6.0	2.3	서	266	0.6	1023.8	-	348	
2019-12-03 05:15:00	1.9	북북동	19	15.49	30.47	1.22	7.0	1.89	7.0	1.3	서북서	289	0.5	1023.8	-	359	
2019-12-03 05:20:00	5.5	남남서	205	15.49	30.45	1.12	6.4	1.47	7.5	1.7	서	263	0.5	1023.8	-	22	
2019-12-03 05:25:00	2.5	남서	215	15.49	30.41	1.04	6.3	1.27	5.5	1.8	남서	217	0.6	1023.7	-	9	
2019-12-03 05:30:00	1.9	남남동	151	15.49	30.40	1.01	7.0	1.29	7.5	2.1	남남서	207	0.5	1023.8	-	15	
2019-12-03 05:35:00	2.1	서북서	288	15.48	30.44	1.17	7.3	1.59	8.0	2.8	남남서	192	0.4	1023.7	-	1	
2019-12-03 05:40:00	1.4	북북동	23	15.45	30.43	1.25	7.2	1.93	6.5	2.4	남남서	198	0.3	1023.6	-	34	
2019-12-03 05:45:00	3.8	서남서	251	15.46	30.54	1.19	7.6	1.72	7.5	1.6	남남동	147	0.2	1023.6	-	27	
2019-12-03 05:50:00	3.0	서	279	15.47	30.52	1.01	6.7	1.55	7.5	3.3	남	184	0.5	1023.5	-	42	
2019-12-03 05:55:00	2.0	남남서	204	15.45	30.54	1.17	7.9	1.57	7.5	3.5	남	177	0.6	1023.5	-	24	
2019-12-03 06:00:00	4.7	남서	235	15.43	30.53	1.15	6.9	1.58	6.0	4.0	남	185	0.3	1023.6	-	40	
2019-12-03 06:05:00	2.8	북북서	346	15.44	30.49	1.29	7.3	1.55	7.0	4.1	남남서	199	0.2	1023.6	-	39	
2019-12-03 06:10:00	4.1	서북서	296	15.44	30.56	1.14	7.0	1.62	8.0	3.4	남남서	194	0.1	1023.5	-	31	
2019-12-03 06:15:00	5.8	서남서	254	15.44	30.52	1.02	6.7	1.27	7.5	3.4	남남서	197	0.2	1023.5	-	7	
2019-12-03 06:20:00	3.5	서	281	15.42	30.52	1.00	7.1	1.24	7.5	4.2	남남서	195	0.2	1023.5	-	44	
2019-12-03 06:25:00	3.9	서	262	15.43	30.51	1.05	7.2	1.26	9.0	4.0	남남서	213	0.2	1023.4	-	24	
2019-12-03 06:30:00	1.6	북북서	329	15.43	30.47	1.35	6.8	1.87	7.0	4.2	남남서	210	0.6	1023.5	-	25	
2019-12-03 06:35:00	8.0	서	276	15.42	30.51	1.14	6.9	1.40	5.0	4.0	남남서	209	0.5	1023.4	-	352	
2019-12-03 06:40:00	4.6	서남서	249	15.45	30.57	1.12	6.7	1.45	6.5	4.1	남남서	207	0.5	1023.4	-	24	
2019-12-03 06:45:00	3.8	서북서	304	15.46	30.51	1.07	7.3	1.60	7.5	3.7	남남서	205	0.6	1023.4	-	22	
2019-12-03 06:50:00	7.9	서북서	295	15.44	30.52	0.94	6.9	1.10	5.0	3.3	남남서	203	0.6	1023.5	-	7	
2019-12-03 06:55:00	6.4	서	265	15.45	30.52	1.17	6.6	1.47	7.0	3.7	남서	225	0.7	1023.5	-	22	
2019-12-03 07:00:00	7.9	서북서	281	15.46	30.48	0.93	7.2	1.25	6.5	3.0	남서	230	0.4	1023.6	-	40	
2019-12-03 07:05:00	3.4	서북서	292	15.44	30.47	1.15	7.2	1.49	7.0	3.4	남서	223	0.2	1023.6	-	42	
2019-12-03 07:10:00	6.1	서	274	15.46	30.50	1.04	6.8	1.24	7.5	3.0	남남서	211	0.3	1023.7	-	31	
2019-12-03 07:15:00	4.7	서	272	15.45	30.51	1.01	6.6	1.24	7.0	3.1	남남서	210	0.3	1023.6	-	50	
2019-12-03 07:20:00	9.1	북서	314	15.46	30.52	0.99	6.5	1.22	7.5	3.6	남남서	213	0.4	1023.6	-	25	
2019-12-03 07:25:00	4.1	서북서	284	15.45	30.49	0.88	7.3	1.42	7.5	2.9	남서	217	0.4	1023.6	-	35	
2019-12-03 07:30:00	5.9	서북서	286	15.44	30.52	0.97	6.7	1.45	8.0	4.5	남서	215	0.7	1023.6	-	1	
2019-12-03 07:35:00	4.3	서북서	285	15.45	30.50	1.27	7.6	1.61	6.5	4.3	남서	220	0.8	1023.6	-	36	
2019-12-03 07:40:00	6.6	서	263	15.43	30.48	1.22	7.2	1.44	7.5	4.5	남서	219	0.9	1023.6	-	36	
2019-12-03 07:45:00	5.8	서북서	292	15.41	30.48	1.15	7.5	1.77	7.5	4.9	남서	223	0.9	1023.6	-	20	
2019-12-03 07:50:00	3.8	북서	310	15.41	30.49	0.89	6.6	1.22	6.5	5.0	남서	219	1.0	1023.6	-	0	
2019-12-03 07:55:00	5.9	서북서	285	15.40	30.50	0.83	6.5	1.17	6.0	4.5	남서	217	1.0	1023.6	-	355	
2019-12-03 08:00:00	4.6	북	359	15.40	30.54	1.15	7.3	1.54	7.0	4.9	남서	226	1.0	1023.6	-	47	
2019-12-03 08:05:00	5.8	북서	307	15.40	30.52	0.97	6.7	1.21	6.5	4.4	남서	217	1.2	1023.5	-	20	
2019-12-03 08:10:00	4.0	남남서	210	15.39	30.56	1.03	6.6	1.54	6.0	4.0	남서	214	1.6	1023.5	-	3	
2019-12-03 08:15:00	4.4	북서	306	15.39	30.55	0.95	7.5	1.32	6.0	4.2	남서	221	1.9	1023.5	-	13	
2019-12-03 08:20:00	6.9	북서	325	15.39	30.56	0.85	6.1	1.18	6.0	4.6	남서	220	1.6	1023.5	-	353	
2019-12-03 08:25:00	6.4	북북서	333	15.39	30.59	0.89	6.9	1.08	7.0	3.8	남서	232	1.8	1023.5	-	15	
2019-12-03 08:30:00	4.9	북서	318	15.40	30.58	0.90	6.7	1.03	5.5	4.3	남서	227	1.8	1023.6	-	15	
2019-12-03 08:35:00	8.9	서	280	15.40	30.55	0.81	6.5	0.95	4.5	3.5	남서	236	1.7	1023.7	-	46	
2019-12-03 08:40:00	4.8	북서	310	15.38	30.56	0.82	6.6	1.11	5.5	3.6	남서	229	1.8	1023.7	-	7	
2019-12-03 08:45:00	1.3	남	173	15.39	30.56	1.02	6.3	1.56	6.5	4.0	남서	217	1.9	1023.7	-	6	
2019-12-03 08:50:00	7.6	북서	307	15.39	30.62	0.96	6.8	1.46	7.0	3.6	남서	221	2.1	1023.6	-	13	
2019-12-03 08:55:00	8.6	북서	316	15.38	30.55	0.85	6.7	1.15	6.5	3.0	남서	233	2.0	1023.6	-	12	
2019-12-03 09:00:00	5.7	북서	321	15.36	30.59	0.98	6.6	1.43	9.5	3.7	남남서	206	2.5	1023.5	-	35	
2019-12-03 09:05:00	8.4	서북서	301	15.37	30.57	0.83	6.7	1.26	5.5	4.1	남남서	197	2.5	1023.5	-	41	
2019-12-03 09:10:00	9.7	서북서	296	15.37	30.57	1.06	6.2	1.38	6.5	3.3	남남서	213	2.5	1023.5	-	6	
2019-12-03 09:15:00	1.7	서남서	250	15.39	30.57	0.82	6.9	1.07	7.0	3.7	남	191	3.0	1023.4	-	27	
2019-12-03 09:20:00	3.7	북서	304	15.40	30.58	0.85	6.4	1.10	7.0	2.8	남	179	3.2	1023.4	-	342	
2019-12-03 09:25:00	4.0	서북서	284	15.39	30.56	0.82	6.5	1.27	6.5	2.8	남	189	3.2	1023.4	-	20	
2019-12-03 09:30:00	5.3	서남서	255	15.38	30.57	0.90	6.8	1.14	5.5	2.4	남남서	211	3.3	1023.4	-	22	
2019-12-03 09:35:00	2.7	서	273	15.37	30.56	0.96	6.6	1.38	6.5	2.1	남남서	193	3.5	1023.5	-	31	
2019-12-03 09:40:00	0.5	서	268	15.36	30.56	0.99	6.5	1.25	5.5	2.8	남남서	209	3.4	1023.5	-	22	
2019-12-03 09:45:00	1.0	남	169	15.36	30.57	0.89	7.2	1.16	8.5	2.7	남남서	192	3.5	1023.6	-	42	
2019-12-03 09:50:00	4.4	북서	324	15.35	30.56	1.05	7.1	1.46	8.0	2.2	남	170	3.5	1023.6	-	30	
2019-12-03 09:55:00	0.7	남남동	166	15.36	30.59	0.86	6.3	1.15	7.5	1.6	남	175	4.0	1023.6	-	14	
2019-12-03 10:00:00	2.8	북	360	15.34	30.60	0.95	7.0	1.36	5.0	2.8	남남동	161	3.9	1023.5	-	33	
2019-12-03 10:05:00	6.2	북서	309	15.34	30.57	0.94	6.3	1.18	7.0	2.3	남동	136	3.9	1023.5	-	3	
2019-12-03 10:10:00	6.3	북	358	15.34	30.59	0.98	7.3	1.18	6.5	3.6	남동	144	3.9	1023.4	-	31	
2019-12-03 10:15:00	2.0	서	263	15.33	30.54	0.90	6.7	1.34	6.5	3.4	남동	143	3.8	1023.4	-	12	
2019-12-03 10:20:00	2.9	서	272	15.33	30.59	1.06	7.1	1.29	7.0	3.0	남동	125	3.8	1023.4	-	14	
2019-12-03 10:25:00	5.8	서	262	15.31	30.58	0.98	7.2	1.26	8.0	3.5	남동	134	4.2	1023.3	-	38	
2019-12-03 10:30:00	3.9	서북서	292	15.31	30.60	1.04	6.9	1.43	6.5	3.3	남동	128	4.1	1023.3	-	13	
2019-12-03 10:35:00	8.3	북서	316	15.28	30.61	1.13	6.8	1.40	5.5	2.4	남동	124	4.2	1023.2	-	35	
2019-12-03 10:40:00	3.7	서북서	294	15.28	30.63	0.87	7.3	1.55	6.5	2.7	남동	140	4.5	1023.2	-	15	
2019-12-03 10:45:00	6.9	북	359	15.28	30.62	0.94	7.5	1.27	6.5	2.6	동남동	102	4.7	1023.2	-	20	
2019-12-03 10:50:00	4.8	서북서	285	15.28	30.62	1.00	7.3	1.55	7.0	2.3	남남동	166	4.8	1023.2	-	39	
2019-12-03 10:55:00	6.7	북서	311	15.27	30.63	0.90	6.9	1.16	7.5	1.8	남남동	148	4.8	1023.2	-	22	
2019-12-03 11:00:00	4.5	서북서	287	15.27	30.63	1.02	7.3	1.48	8.5	1.5	남동	145	4.8	1023.1	-	33	
2019-12-03 11:05:00	4.2	서북서	303	15.28	30.62	1.01	7.5	1.48	7.5	1.9	남남동	152	5.1	1023.1	-	42	
2019-12-03 11:10:00	4.3	북서	305	15.27	30.63	1.05	7.7	1.42	8.5	1.1	남동	130	5.4	1023.0	-	36	
2019-12-03 11:15:00	4.6	북서	318	15.28	30.64	0.87	7.7	1.21	5.5	1.1	남남동	165	5.7	1023.0	-	19	
2019-12-03 11:20:00	4.8	북서	310	15.28	30.64	1.01	6.7	1.21	7.0	1.2	남서	227	5.7	1023.0	-	7	
2019-12-03 11:25:00	6.3	북서	304	15.27	30.63	0.97	7.3	1.31	7.0	3.0	서남서	254	5.2	1022.8	-	31	
2019-12-03 11:30:00	3.2	북북서	329	15.27	30.63	1.08	7.5	1.37	6.5	3.0	서	279	5.2	1022.7	-	19	
2019-12-03 11:35:00	7.7	북서	320	15.27	30.64	0.92	6.9	1.45	6.0	2.6	서	277	5.4	1022.6	-	35	
2019-12-03 11:40:00	4.5	서북서	302	15.27	30.62	1.01	7.2	1.28	7.5	4.3	서북서	302	5.3	1022.5	-	26	
2019-12-03 11:45:00	6.9	북서	326	15.26	30.62	0.89	7.7	1.04	7.0	6.2	북서	314	5.4	1022.2	-	42	
2019-12-03 11:50:00	7.2	서	271	15.24	30.61	0.88	6.8	1.21	8.0	8.6	서북서	295	5.6	1022.1	-	20	
2019-12-03 11:55:00	3.0	북서	312	15.23	30.67	0.95	7.3	1.34	7.5	10.7	북서	304	5.7	1021.9	-	11	
2019-12-03 12:00:00	4.2	북	350	15.24	30.63	1.05	6.8	1.48	7.5	10.3	서북서	300	5.8	1021.8	-	24	
2019-12-03 12:05:00	5.7	북북서	327	15.23	30.67	0.95	7.7	1.10	6.5	10.8	북서	311	5.8	1021.8	-	16	
2019-12-03 12:10:00	2.6	북	6	15.22	30.64	1.11	7.6	1.53	7.0	9.4	북북서	327	5.4	1021.9	-	15	
2019-12-03 12:15:00	3.3	북	11	15.22	30.64	0.94	7.3	1.37	7.5	7.6	북서	306	5.6	1021.8	-	47	
2019-12-03 12:20:00	7.0	북북서	334	15.23	30.62	0.96	7.4	1.54	7.5	8.2	북북서	327	5.6	1021.7	-	6	
2019-12-03 12:25:00	8.3	서북서	284	15.22	30.64	1.15	8.1	1.46	8.5	7.3	북북서	333	5.5	1021.7	-	34	
2019-12-03 12:30:00	7.0	서북서	288	15.22	30.63	1.10	7.0	1.44	6.0	8.7	북서	319	5.7	1021.5	-	29	
2019-12-03 12:35:00	1.8	서북서	282	15.21	30.65	1.01	7.3	1.33	8.0	9.3	북서	317	5.7	1021.4	-	40	
2019-12-03 12:40:00	3.2	북북서	345	15.21	30.66	1.14	7.7	1.57	7.5	8.4	북서	306	5.6	1021.4	-	24	
2019-12-03 12:45:00	3.3	남서	214	15.21	30.65	1.12	8.0	1.35	7.0	8.2	북서	306	5.7	1021.3	-	39	
2019-12-03 12:50:00	6.2	북북서	340	15.21	30.65	1.00	6.7	1.36	7.0	7.7	북서	314	5.6	1021.3	-	30	
2019-12-03 12:55:00	0.9	남	181	15.20	30.62	1.16	7.5	1.50	7.0	8.8	북서	313	6.1	1021.2	-	36	
2019-12-03 13:00:00	5.1	서	276	15.21	30.63	1.08	6.8	1.72	7.5	10.5	북서	312	5.8	1021.0	-	31	
2019-12-03 13:05:00	2.4	동남동	123	15.20	30.63	1.13	7.8	1.53	9.0	9.4	북서	305	5.8	1021.1	-	22	
2019-12-03 13:10:00	2.8	북북서	342	15.22	30.64	1.03	7.5	1.39	6.0	8.5	북서	306	5.8	1021.2	-	34	
2019-12-03 13:15:00	1.9	북서	318	15.20	30.61	1.12	7.6	1.57	8.0	8.2	북서	314	5.9	1021.2	-	35	
2019-12-03 13:20:00	1.7	북서	313	15.19	30.63	0.95	6.9	1.40	7.0	7.7	북서	307	5.8	1021.1	-	31	
2019-12-03 13:25:00	3.1	북동	38	15.20	30.63	0.96	7.0	1.52	7.0	10.0	북서	315	6.1	1020.9	-	43	
2019-12-03 13:30:00	1.2	북북동	25	15.19	30.61	0.98	6.6	1.32	6.5	10.2	북서	317	6.5	1020.8	-	31	
2019-12-03 13:35:00	0.9	서남서	249	15.20	30.57	0.99	7.4	1.51	7.5	8.6	북서	314	5.9	1021.0	-	20	
2019-12-03 13:40:00	3.2	남남동	167	15.20	30.60	1.04	7.1	1.42	7.0	8.6	북서	318	6.2	1020.9	-	42	
2019-12-03 13:45:00	2.5	남	179	15.20	30.61	1.05	6.9	1.28	8.0	10.2	북서	312	6.2	1020.8	-	52	
2019-12-03 13:50:00	5.1	동	84	15.18	30.59	1.05	6.9	1.21	6.5	11.6	북서	311	6.1	1020.7	-	21	
2019-12-03 13:55:00	4.2	남동	137	15.17	30.64	1.13	7.0	1.58	8.5	10.3	북서	310	6.3	1020.7	-	37	
2019-12-03 14:00:00	1.7	동북동	67	15.19	30.59	0.95	6.0	1.26	7.0	10.8	북서	307	6.3	1020.8	-	30	
2019-12-03 14:05:00	3.8	남남동	158	15.16	30.61	1.09	7.4	1.47	8.5	9.0	북서	313	6.2	1020.8	-	25	
2019-12-03 14:10:00	8.4	남동	127	15.15	30.62	0.97	7.9	1.45	6.5	10.3	북서	312	6.1	1020.7	-	49	
2019-12-03 14:15:00	3.9	동북동	73	15.17	30.62	1.06	7.0	1.44	6.5	9.7	북서	312	6.4	1020.7	-	26	
2019-12-03 14:20:00	3.2	북동	50	15.17	30.54	0.97	6.3	1.26	3.5	10.1	서북서	303	6.7	1020.8	-	31	
2019-12-03 14:25:00	9.9	동남동	119	15.15	30.57	1.03	6.3	1.28	4.0	9.6	북서	313	6.6	1020.8	-	22	
2019-12-03 14:30:00	3.3	동	86	15.15	30.61	1.04	5.7	1.41	6.5	9.8	북서	306	6.5	1020.8	-	25	
2019-12-03 14:35:00	4.7	동남동	120	15.15	30.58	1.08	6.7	1.46	8.5	10.0	북서	306	6.3	1020.8	-	13	
2019-12-03 14:40:00	6.1	남동	138	15.14	30.58	1.11	7.2	1.59	9.0	10.5	서북서	302	6.3	1020.7	-	22	
2019-12-03 14:45:00	3.4	동남동	103	15.14	30.60	0.98	6.6	1.36	7.0	9.5	서북서	301	6.2	1020.9	-	27	
2019-12-03 14:50:00	2.8	남동	133	15.14	30.61	1.03	6.6	1.36	8.0	9.6	북서	309	6.4	1020.8	-	32	
2019-12-03 14:55:00	2.1	동	100	15.15	30.58	1.07	7.2	1.34	6.0	10.6	북서	317	6.5	1020.7	-	29	
2019-12-03 15:00:00	7.9	남남동	149	15.13	30.56	1.01	6.5	1.40	7.0	10.2	북서	311	6.7	1020.8	-	10	
2019-12-03 15:05:00	7.8	남동	145	15.13	30.57	1.05	6.0	1.46	7.0	11.4	북서	306	6.5	1020.8	-	0	
2019-12-03 15:10:00	6.6	남남동	158	15.14	30.58	0.95	6.3	1.32	5.0	10.1	서북서	300	6.6	1020.9	-	34	
2019-12-03 15:15:00	6.1	남남동	164	15.13	30.54	1.05	6.4	1.33	6.5	10.8	서북서	296	6.6	1020.9	-	19	
2019-12-03 15:20:00	10.6	남동	124	15.12	30.52	0.92	5.8	1.27	6.0	11.5	서북서	299	6.8	1020.8	-	25	
2019-12-03 15:25:00	9.9	동남동	115	15.14	30.51	0.89	6.2	1.30	8.0	11.1	서북서	301	6.6	1020.9	-	8	
2019-12-03 15:30:00	12.1	남동	127	15.14	30.50	0.96	6.8	1.11	7.5	11.1	북서	306	6.8	1021.0	-	50	
2019-12-03 15:35:00	6.0	남동	133	15.15	30.54	0.96	7.2	1.45	8.0	11.7	북서	306	6.9	1021.0	-	27	
2019-12-03 15:40:00	7.7	남동	136	15.14	30.52	0.95	6.6	1.20	6.0	10.2	북서	308	6.8	1021.1	-	47	
2019-12-03 15:45:00	9.6	남남동	152	15.15	30.52	0.99	6.6	1.34	7.0	9.7	서북서	303	6.7	1021.2	-	21	
2019-12-03 15:50:00	9.5	남남동	147	15.14	30.57	0.97	6.8	1.30	7.0	10.1	북서	305	6.7	1021.3	-	27	
2019-12-03 15:55:00	11.0	남동	136	15.13	30.53	0.95	6.5	1.30	7.0	8.6	북서	309	6.5	1021.4	-	25	
2019-12-03 16:00:00	11.3	남남동	158	15.14	30.58	0.96	6.6	1.30	5.5	8.7	북서	312	6.6	1021.5	-	22	
2019-12-03 16:05:00	4.0	동남동	121	15.13	30.53	1.01	6.3	1.45	7.0	9.4	북서	305	6.6	1021.5	-	15	
2019-12-03 16:10:00	9.5	남동	129	15.13	30.48	0.86	6.3	1.08	4.5	8.9	북서	307	6.5	1021.5	-	0	
2019-12-03 16:15:00	8.9	남동	124	15.12	30.53	0.84	6.0	1.04	7.0	9.4	북서	306	6.4	1021.5	-	47	
2019-12-03 16:20:00	13.6	남남동	153	15.13	30.57	0.84	6.4	1.47	6.0	8.2	북서	305	6.3	1021.6	-	55	
2019-12-03 16:25:00	12.9	남동	143	15.13	30.59	0.94	6.6	1.62	8.0	8.9	북서	304	6.4	1021.6	-	21	
2019-12-03 16:30:00	13.9	남동	128	15.12	30.55	1.01	6.4	1.29	5.5	9.4	북서	311	6.4	1021.6	-	48	
2019-12-03 16:35:00	17.1	남동	140	15.14	30.59	0.84	5.9	1.34	6.5	9.5	북서	310	6.3	1021.7	-	13	
2019-12-03 16:40:00	13.8	남동	144	15.17	30.59	0.98	6.4	1.28	5.5	9.1	북서	314	6.2	1021.8	-	25	
2019-12-03 16:45:00	16.2	남동	140	15.19	30.60	0.95	6.6	1.17	7.0	8.4	북서	313	6.1	1021.8	-	35	
2019-12-03 16:50:00	11.3	남남동	147	15.21	30.60	0.88	6.8	1.11	6.0	9.0	북서	314	6.0	1021.8	-	14	
2019-12-03 16:55:00	16.1	남남동	153	15.21	30.64	0.74	5.3	0.95	8.0	9.6	북서	317	6.2	1021.8	-	152	
2019-12-03 17:00:00	12.8	남남동	147	15.19	30.57	0.89	6.3	1.18	5.0	9.0	북서	311	6.0	1021.9	-	40	
2019-12-03 17:05:00	11.4	남남동	161	15.17	30.61	0.76	5.5	1.03	5.5	9.0	북서	309	6.2	1021.9	-	62	
2019-12-03 17:10:00	17.1	남남동	154	15.18	30.59	0.90	6.0	1.08	8.0	8.4	북서	306	6.0	1022.0	-	22	
2019-12-03 17:15:00	13.7	남남동	158	15.19	30.59	0.89	6.6	1.12	5.5	8.1	서북서	302	5.9	1022.1	-	26	
2019-12-03 17:20:00	14.9	남남동	160	15.16	30.54	0.86	6.0	1.08	6.0	8.4	서북서	303	6.0	1022.1	-	16	
2019-12-03 17:25:00	11.1	남남동	148	15.14	30.58	0.84	6.8	1.06	8.0	7.4	서북서	298	5.9	1022.2	-	15	
2019-12-03 17:30:00	13.3	남남동	150	15.12	30.54	0.86	6.3	1.02	6.0	6.3	서북서	293	5.4	1022.2	-	12	
2019-12-03 17:35:00	13.4	남동	137	15.13	30.57	0.95	6.7	1.28	6.0	5.3	서북서	291	5.3	1022.3	-	20	
2019-12-03 17:40:00	14.1	남동	142	15.12	30.54	0.90	6.3	1.21	6.5	5.4	서북서	287	5.3	1022.3	-	9	
2019-12-03 17:45:00	15.1	남남동	149	15.14	30.57	0.83	6.3	1.04	4.5	4.2	서	271	5.3	1022.3	-	11	
2019-12-03 17:50:00	13.2	남남동	149	15.13	30.57	0.79	5.8	1.17	5.5	3.9	서남서	248	5.1	1022.4	-	343	
2019-12-03 17:55:00	14.6	남남동	146	15.16	30.56	0.66	6.0	0.85	6.5	2.8	남서	230	5.0	1022.4	-	4	
2019-12-03 18:00:00	13.1	남남동	158	15.20	30.56	0.74	5.1	0.97	5.5	3.4	남서	230	4.9	1022.4	-	354	
2019-12-03 18:05:00	15.3	남남동	157	15.20	30.54	0.77	6.3	1.15	5.0	3.9	남서	226	4.8	1022.4	-	354	
2019-12-03 18:10:00	14.5	남남동	154	15.21	30.55	0.72	5.3	1.07	4.0	4.3	남서	222	4.7	1022.4	-	358	
2019-12-03 18:15:00	14.0	남남동	162	15.24	30.60	0.79	5.3	1.09	6.5	3.4	남서	225	4.7	1022.6	-	348	
2019-12-03 18:20:00	15.5	남남동	164	15.26	30.49	0.85	6.1	1.07	7.0	3.4	남서	218	4.6	1022.6	-	12	
2019-12-03 18:25:00	14.5	남남동	162	15.27	30.48	0.78	6.0	1.05	7.0	2.4	남남서	209	4.4	1022.6	-	36	
2019-12-03 18:30:00	16.9	남남동	167	15.26	30.54	0.87	6.6	1.18	6.0	1.9	남남서	212	4.5	1022.7	-	353	
2019-12-03 18:35:00	12.8	남남동	160	15.27	30.56	0.71	5.7	1.06	4.0	2.6	남서	214	4.4	1022.8	-	29	
2019-12-03 18:40:00	15.0	남남동	162	15.28	30.57	0.70	5.3	1.11	6.5	2.1	남서	214	4.3	1022.8	-	319	
2019-12-03 18:45:00	-	-	-	-	-	-	-	-	-	-	-	-	-	-	-	-	
2019-12-03 18:50:00	8.9	남남동	164	15.29	30.50	0.52	4.7	1.04	4.7	3.0	남서	236	4.7	1022.8	-	4	
2019-12-03 18:55:00	12.8	남남동	152	15.27	30.54	0.80	6.4	1.28	6.5	2.4	남서	230	4.5	1022.9	-	16	
2019-12-03 19:00:00	12.5	남남동	161	15.27	30.55	0.64	6.0	0.87	6.5	3.2	남서	222	4.6	1023.0	-	33	
2019-12-03 19:05:00	9.4	남남동	163	15.26	30.55	0.77	6.2	0.98	5.5	3.6	남서	231	4.5	1023.1	-	6	
2019-12-03 19:10:00	11.2	남남동	148	15.25	30.53	0.80	6.8	1.31	7.0	3.2	서남서	238	4.6	1023.1	-	3	
2019-12-03 19:15:00	15.8	남남동	161	15.22	30.52	0.66	5.7	1.13	6.5	3.4	남서	230	4.6	1023.1	-	331	
2019-12-03 19:20:00	12.9	남	174	15.20	30.53	0.65	6.4	0.94	5.5	2.5	서남서	245	4.5	1023.2	-	358	
2019-12-03 19:25:00	12.7	남남동	151	15.17	30.52	0.71	5.9	0.99	5.5	3.0	남서	235	4.4	1023.2	-	21	
2019-12-03 19:30:00	13.9	남동	144	15.18	30.50	0.80	6.5	1.11	6.5	2.9	서	272	5.0	1023.2	-	354	
2019-12-03 19:35:00	12.4	남동	143	15.17	30.35	0.60	6.7	0.82	6.5	2.5	서북서	291	5.2	1023.3	-	357	
2019-12-03 19:40:00	12.6	남남동	151	15.13	30.48	0.79	6.6	1.12	7.0	3.6	남서	216	4.9	1023.3	-	356	
2019-12-03 19:45:00	7.1	남남동	152	15.12	30.54	0.77	6.2	0.96	6.5	2.3	남서	234	4.8	1023.4	-	7	
2019-12-03 19:50:00	13.0	남남동	151	15.03	30.33	0.60	7.1	0.76	9.5	3.2	남서	232	4.8	1023.4	-	26	
2019-12-03 19:55:00	11.8	남남동	148	14.96	30.47	0.73	6.2	0.95	7.0	2.6	남남서	203	4.8	1023.3	-	7	
2019-12-03 20:00:00	12.9	남동	146	14.91	30.42	0.74	6.2	1.04	6.0	2.3	남서	220	4.9	1023.4	-	345	
2019-12-03 20:05:00	11.2	남동	142	14.77	30.38	0.77	6.3	0.88	6.0	2.1	남서	233	5.0	1023.4	-	356	
2019-12-03 20:10:00	13.1	남남동	159	14.65	30.41	0.73	6.0	1.15	6.5	2.4	남서	227	4.9	1023.4	-	359	
2019-12-03 20:15:00	12.0	남동	145	14.73	30.40	0.86	6.6	1.41	6.0	2.5	서남서	240	4.8	1023.4	-	7	
2019-12-03 20:20:00	16.9	남남동	147	14.60	30.32	0.76	6.4	1.18	6.0	3.0	남남서	211	4.7	1023.5	-	351	
2019-12-03 20:25:00	10.7	남남동	148	14.57	30.31	0.80	6.9	1.17	6.5	3.2	남남서	202	4.6	1023.4	-	7	
2019-12-03 20:30:00	14.8	남남동	153	14.54	30.33	0.70	6.3	0.96	6.5	2.3	남남서	210	4.7	1023.4	-	4	
2019-12-03 20:35:00	12.7	남동	146	14.49	30.29	0.82	7.0	1.04	6.5	0.6	서남서	243	4.5	1023.5	-	11	
2019-12-03 20:40:00	16.6	남남동	147	14.50	30.27	0.84	6.6	1.04	6.5	1.3	서남서	242	4.7	1023.5	-	0	
2019-12-03 20:45:00	14.2	남동	142	14.47	30.26	0.88	7.5	1.12	7.0	2.1	남남서	195	4.9	1023.4	-	9	
2019-12-03 20:50:00	13.6	남남동	147	14.48	30.26	0.77	6.3	1.23	6.5	1.7	남서	228	4.8	1023.3	-	9	
2019-12-03 20:55:00	12.6	남동	146	14.47	30.27	0.85	7.5	1.15	7.5	1.6	서북서	291	4.9	1023.3	-	6	
2019-12-03 21:00:00	16.5	남남동	149	14.42	30.23	0.78	7.1	0.99	5.0	1.3	서북서	283	5.0	1023.3	-	1	
2019-12-03 21:05:00	17.3	남남동	150	14.40	30.20	0.80	6.6	1.10	7.0	1.8	서	262	5.1	1023.3	-	4	
2019-12-03 21:10:00	15.1	남남동	148	14.41	30.33	0.85	6.9	1.31	5.5	3.4	서남서	254	4.7	1023.4	-	3	
2019-12-03 21:15:00	15.2	남동	144	14.39	30.23	1.11	7.1	1.61	8.0	2.6	서남서	245	4.5	1023.4	-	8	
2019-12-03 21:20:00	11.7	남동	142	14.39	30.27	0.92	8.0	1.26	7.5	2.4	남서	231	4.7	1023.3	-	0	
2019-12-03 21:25:00	11.9	남남동	147	14.40	30.25	0.95	6.9	1.31	7.0	2.5	서남서	242	4.7	1023.3	-	22	
2019-12-03 21:30:00	10.2	남남동	155	14.42	30.23	0.75	7.0	0.89	6.5	3.0	남서	234	4.5	1023.3	-	3	
2019-12-03 21:35:00	17.0	남동	143	14.40	30.24	0.93	7.3	1.39	6.5	2.7	서남서	255	4.6	1023.4	-	8	
2019-12-03 21:40:00	14.4	남동	145	14.40	30.28	1.01	7.0	1.40	7.0	1.8	서남서	238	4.4	1023.4	-	28	
2019-12-03 21:45:00	9.3	남동	139	14.41	30.28	0.88	6.6	1.44	7.5	3.6	남서	236	4.8	1023.5	-	7	
2019-12-03 21:50:00	14.4	남남동	153	14.41	30.29	1.08	6.7	1.32	6.5	3.2	남서	235	4.6	1023.6	-	356	
2019-12-03 21:55:00	14.7	남남동	155	14.43	30.29	0.88	6.5	1.23	6.5	3.0	서남서	249	4.7	1023.6	-	353	
2019-12-03 22:00:00	10.6	남남동	155	14.43	30.37	0.95	6.5	1.11	5.5	2.9	서남서	251	4.6	1023.6	-	352	
2019-12-03 22:05:00	12.6	남동	140	14.42	30.37	0.80	7.0	1.02	7.0	2.4	서남서	238	4.5	1023.6	-	5	
2019-12-03 22:10:00	10.6	남남동	149	14.43	30.38	1.10	7.0	1.50	7.0	3.0	서	265	4.8	1023.6	-	358	
2019-12-03 22:15:00	10.0	남남동	160	14.44	30.39	1.02	6.7	1.27	7.0	4.1	서	262	4.5	1023.7	-	4	
2019-12-03 22:20:00	12.9	남남동	146	14.44	30.35	0.92	6.8	1.22	6.0	3.1	서	270	4.4	1023.6	-	346	
2019-12-03 22:25:00	10.1	남동	145	14.45	30.40	0.93	6.0	1.14	6.0	4.2	북서	308	5.2	1023.5	-	356	
2019-12-03 22:30:00	14.6	남동	140	14.48	30.38	0.86	6.9	1.34	7.0	5.0	서북서	286	5.6	1023.5	-	352	
2019-12-03 22:35:00	10.5	남남동	148	14.49	30.37	0.79	5.8	0.94	5.5	6.2	서북서	289	5.6	1023.4	-	347	
2019-12-03 22:40:00	11.6	남동	143	14.50	30.41	1.06	6.8	1.40	5.5	6.2	서북서	295	5.5	1023.4	-	1	
2019-12-03 22:45:00	10.2	남동	145	14.49	30.36	0.88	6.4	1.25	6.0	5.6	북서	304	5.4	1023.4	-	357	
2019-12-03 22:50:00	9.5	남남동	153	14.50	30.38	0.99	6.3	1.49	6.0	6.2	서북서	290	5.2	1023.4	-	352	
2019-12-03 22:55:00	10.8	남동	146	14.53	30.42	0.72	5.8	1.02	6.5	6.3	서북서	291	5.2	1023.4	-	26	
2019-12-03 23:00:00	8.0	남동	144	14.60	30.41	0.87	6.7	1.12	5.5	7.0	서북서	298	5.3	1023.4	-	357	
2019-12-03 23:05:00	10.7	남동	137	14.59	30.39	0.92	6.5	1.25	5.5	6.9	서북서	296	5.5	1023.4	-	355	
2019-12-03 23:10:00	11.8	남동	139	14.54	30.42	0.89	6.7	1.09	7.0	6.4	서북서	303	5.5	1023.4	-	344	
2019-12-03 23:15:00	10.0	남동	132	14.59	30.40	0.85	6.2	1.19	5.5	6.4	북서	309	5.7	1023.6	-	350	
2019-12-03 23:20:00	10.5	남남동	153	14.59	30.42	0.87	6.3	1.19	8.5	6.4	서북서	296	5.8	1023.5	-	1	
2019-12-03 23:25:00	11.7	남동	127	14.59	30.40	0.91	6.6	1.11	6.5	5.6	서북서	298	5.6	1023.6	-	356	
2019-12-03 23:30:00	8.3	남동	141	14.61	30.42	1.14	6.3	1.62	6.0	6.6	북서	308	6.0	1023.6	-	4	
2019-12-03 23:35:00	6.5	남동	129	14.58	30.39	0.88	6.5	1.05	6.0	6.7	북서	306	6.0	1023.7	-	350	
2019-12-03 23:40:00	10.8	동남동	121	14.59	30.40	0.91	6.5	1.15	7.0	6.9	북서	307	6.0	1023.7	-	352	
2019-12-03 23:45:00	8.8	남남동	161	14.65	30.48	0.82	6.0	1.02	7.5	6.5	서북서	300	6.2	1023.8	-	334	
2019-12-03 23:50:00	9.5	남동	143	14.63	30.30	0.94	5.8	1.50	6.0	5.2	북서	306	5.6	1023.8	-	354	
2019-12-03 23:55:00	7.8	남동	135	14.68	30.41	0.95	6.5	1.21	6.0	5.3	서북서	302	5.7	1023.9	-	8	
2019-12-04 00:00:00	7.3	남동	138	14.70	30.36	0.98	6.0	1.28	6.0	4.8	북서	310	5.4	1023.9	-	353	
2019-12-04 00:05:00	6.7	남동	130	14.71	30.46	0.94	6.2	1.34	6.0	4.8	북서	314	5.4	1023.9	-	349	
2019-12-04 00:10:00	9.6	남남동	153	14.76	30.49	0.88	6.1	1.12	5.5	5.2	북서	313	5.7	1023.8	-	343	
2019-12-04 00:15:00	7.0	남동	136	14.74	30.45	0.89	6.4	1.43	6.5	5.6	북서	313	5.9	1023.9	-	357	
2019-12-04 00:20:00	8.7	남동	141	14.74	30.44	0.97	6.4	1.51	6.5	6.0	북서	315	6.1	1023.8	-	352	
2019-12-04 00:25:00	8.8	남동	140	14.76	30.45	0.98	6.0	1.56	6.0	5.9	북서	312	6.0	1023.8	-	345	
2019-12-04 00:30:00	6.6	남남동	162	14.83	30.57	0.84	6.1	1.13	6.0	5.7	북서	320	5.8	1023.8	-	334	
2019-12-04 00:35:00	6.0	남동	132	14.82	30.57	0.98	6.1	1.50	6.5	5.5	북서	324	5.9	1023.8	-	358	
2019-12-04 00:40:00	7.8	남동	135	14.84	30.53	0.87	6.1	1.18	6.5	5.5	북북서	331	5.9	1023.8	-	2	
2019-12-04 00:45:00	4.9	남동	139	14.84	30.52	0.92	6.4	1.33	6.5	5.4	북북서	330	5.7	1023.9	-	348	
2019-12-04 00:50:00	2.9	남남동	157	14.84	30.52	0.97	6.4	1.10	6.0	3.6	북북서	329	5.8	1024.0	-	3	
2019-12-04 00:55:00	2.6	남동	142	14.84	30.53	1.10	5.9	1.54	6.5	7.0	북서	326	6.0	1024.1	-	358	
2019-12-04 01:00:00	4.2	남남동	166	14.87	30.53	1.00	5.7	1.27	6.0	5.5	북서	325	5.8	1024.1	-	350	
2019-12-04 01:05:00	2.6	남남동	166	14.86	30.53	0.93	6.4	1.29	5.5	5.4	북북서	338	5.6	1024.1	-	359	
2019-12-04 01:10:00	4.8	남	175	14.86	30.52	0.94	6.4	1.37	7.0	6.7	북북서	334	5.8	1024.1	-	356	
2019-12-04 01:15:00	1.5	남	173	14.84	30.49	1.01	6.1	1.56	6.0	5.6	북서	310	5.5	1024.2	-	353	
2019-12-04 01:20:00	0.9	동남동	106	14.83	30.53	0.84	5.7	1.15	6.5	6.5	북서	322	5.8	1024.1	-	352	
2019-12-04 01:25:00	3.0	남남동	154	14.84	30.51	0.97	5.9	1.33	7.0	5.9	북서	323	5.7	1024.2	-	356	
2019-12-04 01:30:00	3.4	남동	145	14.84	30.51	1.11	6.3	1.31	6.5	6.8	북서	326	5.9	1024.2	-	354	
2019-12-04 01:35:00	2.4	동남동	122	14.84	30.51	0.92	5.8	1.20	5.5	6.3	북북서	330	5.4	1024.3	-	7	
2019-12-04 01:40:00	2.5	남남서	196	14.84	30.54	1.10	6.5	1.47	6.0	7.1	북북서	339	5.8	1024.3	-	347	
2019-12-04 01:45:00	6.6	남남서	201	14.85	30.50	0.97	5.9	1.54	5.5	7.1	북북서	340	5.8	1024.3	-	345	
2019-12-04 01:50:00	1.3	남서	228	14.85	30.57	1.08	6.2	1.26	6.0	7.7	북북서	336	5.9	1024.3	-	3	
2019-12-04 01:55:00	1.7	북북동	31	14.85	30.59	1.01	6.3	1.36	8.0	8.3	북북서	338	5.8	1024.4	-	354	
2019-12-04 02:00:00	2.4	남남동	166	14.85	30.53	0.89	6.0	1.35	4.5	8.1	북북서	339	5.8	1024.4	-	11	
2019-12-04 02:05:00	6.0	남서	217	14.84	30.54	1.11	5.7	1.40	6.0	9.2	북북서	335	5.9	1024.5	-	5	
2019-12-04 02:10:00	0.6	서	279	14.84	30.56	1.09	6.2	1.45	6.0	9.5	북북서	334	5.9	1024.5	-	6	
2019-12-04 02:15:00	5.0	남남동	154	14.83	30.55	1.10	6.0	1.71	6.0	10.0	북북서	335	5.9	1024.5	-	354	
2019-12-04 02:20:00	3.2	남	185	14.84	30.56	0.89	5.9	1.27	6.0	9.4	북북서	338	6.0	1024.6	-	0	
2019-12-04 02:25:00	2.5	동남동	108	14.84	30.55	0.99	6.0	1.35	7.0	9.2	북북서	330	6.0	1024.7	-	11	
2019-12-04 02:30:00	3.0	서남서	245	14.83	30.58	1.16	5.9	1.78	4.5	9.4	북북서	330	5.8	1024.7	-	1	
2019-12-04 02:35:00	5.4	북	9	14.82	30.57	1.14	5.6	1.58	5.5	9.9	북북서	330	5.9	1024.8	-	2	
2019-12-04 02:40:00	2.9	남	187	14.81	30.59	0.99	5.7	1.28	6.5	9.3	북서	326	5.9	1024.9	-	353	
2019-12-04 02:45:00	2.0	북서	305	14.79	30.56	1.10	5.5	1.45	6.0	8.0	북북서	327	5.7	1025.0	-	339	
2019-12-04 02:50:00	1.5	서남서	247	14.78	30.58	1.12	6.3	1.56	7.0	8.9	북서	325	5.7	1024.9	-	355	
2019-12-04 02:55:00	2.8	동	86	14.77	30.56	1.11	5.8	1.60	6.0	8.6	북북서	331	5.7	1024.9	-	354	
2019-12-04 03:00:00	8.7	남남동	148	14.75	30.59	1.12	5.9	1.56	6.0	8.4	북서	319	5.8	1025.0	-	8	
2019-12-04 03:05:00	4.3	동	92	14.76	30.58	1.14	6.4	1.57	7.0	8.3	북북서	329	5.7	1025.1	-	358	
2019-12-04 03:10:00	2.6	북서	320	14.77	30.57	1.09	6.2	1.37	6.0	9.1	북서	317	5.7	1025.0	-	357	
2019-12-04 03:15:00	3.4	남동	142	14.77	30.58	1.18	6.0	1.72	6.5	8.8	북북서	330	5.8	1025.0	-	355	
2019-12-04 03:20:00	4.9	동남동	115	14.75	30.55	1.14	6.1	1.49	6.5	8.7	북북서	332	5.8	1025.0	-	4	
2019-12-04 03:25:00	4.3	동북동	72	14.76	30.55	1.03	5.8	1.34	5.0	8.3	북서	325	5.8	1025.1	-	359	
2019-12-04 03:30:00	3.1	동남동	107	14.76	30.52	1.06	6.2	1.26	6.5	9.5	북북서	333	5.7	1025.0	-	353	
2019-12-04 03:35:00	2.1	북	9	14.76	30.57	1.06	6.0	1.34	6.5	8.4	북북서	329	5.7	1025.1	-	359	
2019-12-04 03:40:00	8.4	동남동	113	14.74	30.55	1.14	6.3	1.49	6.5	8.3	북북서	334	5.5	1025.0	-	354	
2019-12-04 03:45:00	5.5	동남동	117	14.75	30.51	1.19	6.0	1.69	7.0	8.0	북북서	327	5.6	1025.0	-	354	
2019-12-04 03:50:00	1.4	북북동	28	14.73	30.56	1.14	6.2	1.63	6.5	8.4	북북서	328	5.6	1025.0	-	15	
2019-12-04 03:55:00	1.1	동남동	119	14.73	30.53	1.10	6.7	1.55	7.0	6.9	북북서	328	5.7	1025.0	-	347	
2019-12-04 04:00:00	3.6	북북서	347	14.73	30.56	1.21	6.3	1.54	7.0	7.0	북서	319	5.7	1025.0	-	4	
2019-12-04 04:05:00	3.3	동남동	106	14.72	30.53	1.11	6.5	1.75	6.0	7.3	북서	325	5.7	1025.1	-	358	
2019-12-04 04:10:00	2.3	동	81	14.71	30.52	1.10	5.7	1.37	6.0	7.2	북서	316	5.5	1025.1	-	346	
2019-12-04 04:15:00	2.9	동남동	103	14.68	30.53	1.06	6.1	1.42	4.5	6.6	북서	323	5.4	1025.2	-	322	
2019-12-04 04:20:00	2.1	북서	323	14.68	30.54	1.04	6.4	1.51	6.5	6.8	북서	318	5.2	1025.2	-	7	
2019-12-04 04:25:00	4.6	북동	51	14.67	30.47	1.01	6.6	1.54	5.5	6.9	북북서	329	5.3	1025.2	-	352	
2019-12-04 04:30:00	3.1	남남동	168	14.66	30.46	1.15	6.3	1.67	6.5	7.1	북서	321	5.0	1025.3	-	350	
2019-12-04 04:35:00	3.9	동	87	14.65	30.44	1.11	6.5	1.40	8.0	6.9	북북서	333	5.1	1025.4	-	348	
2019-12-04 04:40:00	2.9	동북동	69	14.64	30.47	1.09	6.6	1.31	5.5	6.6	북서	325	5.0	1025.4	-	346	
2019-12-04 04:45:00	4.5	북	7	14.65	30.45	1.13	6.3	2.20	6.5	6.9	북북서	337	5.1	1025.5	-	16	
2019-12-04 04:50:00	8.3	북북동	11	14.64	30.50	1.05	6.3	1.36	5.5	6.3	북북서	327	5.2	1025.5	-	351	
2019-12-04 04:55:00	2.1	남동	130	14.65	30.53	1.11	6.4	1.61	6.0	6.7	북서	307	5.0	1025.6	-	359	
2019-12-04 05:00:00	2.2	남남동	157	14.65	30.55	0.97	6.2	1.31	7.0	6.7	북서	325	4.7	1025.6	-	10	
2019-12-04 05:05:00	4.2	남남동	162	14.65	30.52	1.09	5.9	1.51	6.5	6.7	북서	324	4.9	1025.6	-	339	
2019-12-04 05:10:00	2.7	북북동	22	14.65	30.51	1.12	6.2	1.55	7.5	6.1	북서	317	4.9	1025.7	-	349	
2019-12-04 05:15:00	2.5	남동	127	14.63	30.50	1.06	6.3	1.38	6.5	6.2	북서	321	4.8	1025.7	-	347	
2019-12-04 05:20:00	1.0	동북동	69	14.62	30.51	0.98	5.8	1.56	6.5	6.4	북서	311	5.0	1025.7	-	347	
2019-12-04 05:25:00	3.3	동북동	63	14.61	30.53	1.21	6.6	1.40	7.5	6.5	북서	313	4.8	1025.7	-	357	
2019-12-04 05:30:00	1.2	동남동	112	14.61	30.53	1.04	6.4	1.24	4.5	6.5	북서	318	4.8	1025.8	-	347	
2019-12-04 05:35:00	1.8	남서	214	14.62	30.43	1.11	6.2	1.55	6.5	6.5	북서	310	4.8	1025.7	-	357	
2019-12-04 05:40:00	2.4	동남동	110	14.62	30.45	1.05	5.7	1.28	4.0	6.8	북서	307	4.8	1025.8	-	1	
2019-12-04 05:45:00	3.3	동	84	14.63	30.46	1.07	6.1	1.57	6.5	6.8	북서	308	4.9	1025.8	-	352	
2019-12-04 05:50:00	3.2	동	84	14.62	30.47	1.01	6.6	1.38	7.5	6.9	북서	311	4.8	1025.7	-	10	
2019-12-04 05:55:00	2.3	남동	136	14.63	30.47	1.14	5.8	1.43	6.5	7.5	북서	312	4.6	1025.8	-	357	
2019-12-04 06:00:00	4.2	남동	133	14.63	30.46	1.23	6.2	1.61	6.0	7.6	북서	313	4.6	1025.8	-	348	
2019-12-04 06:05:00	0.8	북	350	14.61	30.48	1.10	6.8	1.42	7.0	7.0	북서	305	4.5	1025.9	-	349	
2019-12-04 06:10:00	4.3	남남동	158	14.59	30.44	1.02	6.0	1.16	5.0	6.6	북서	312	4.2	1025.9	-	24	
2019-12-04 06:15:00	4.6	남동	129	14.59	30.47	1.16	6.1	1.43	7.0	6.9	북서	310	4.4	1026.0	-	345	
2019-12-04 06:20:00	1.1	동남동	119	14.62	30.45	1.09	6.4	1.47	6.5	6.5	북서	308	4.2	1026.0	-	350	
2019-12-04 06:25:00	3.8	남동	134	14.61	30.48	1.06	5.7	1.53	6.5	6.7	북서	306	4.1	1026.1	-	357	
2019-12-04 06:30:00	0.9	북	353	14.60	30.41	0.99	5.6	1.17	4.5	5.7	북서	304	3.9	1026.2	-	4	
2019-12-04 06:35:00	3.4	동북동	68	14.61	30.46	1.21	6.1	1.61	7.5	4.9	서북서	293	3.7	1026.3	-	356	
2019-12-04 06:40:00	2.9	남	175	14.60	30.50	1.02	5.3	1.44	6.5	5.3	북서	314	3.6	1026.4	-	3	
2019-12-04 06:45:00	2.2	남남동	162	14.58	30.48	1.00	6.2	1.38	6.5	5.1	서북서	297	3.7	1026.5	-	347	
2019-12-04 06:50:00	5.1	동	98	14.58	30.48	1.01	6.4	1.49	5.5	4.7	서북서	292	3.8	1026.5	-	355	
2019-12-04 06:55:00	8.3	동남동	122	14.58	30.45	1.04	6.4	1.49	6.5	4.6	서북서	300	3.6	1026.6	-	352	
2019-12-04 07:00:00	7.2	남동	140	14.56	30.42	0.92	5.3	1.24	5.0	3.8	서북서	287	3.6	1026.7	-	356	
2019-12-04 07:05:00	7.4	남남동	149	14.59	30.38	0.97	6.0	1.39	6.0	3.7	서북서	292	3.7	1026.8	-	336	
2019-12-04 07:10:00	2.3	동	93	14.57	30.40	1.01	6.0	1.38	5.5	3.4	서북서	282	3.3	1026.9	-	335	
2019-12-04 07:15:00	4.8	남남동	155	14.56	30.39	1.06	6.0	1.43	6.5	4.9	서북서	300	3.9	1026.8	-	347	
2019-12-04 07:20:00	5.1	동남동	114	14.57	30.42	1.00	5.9	1.32	5.0	3.7	서남서	256	3.6	1026.9	-	2	
2019-12-04 07:25:00	1.7	남동	144	14.60	30.45	1.05	6.2	1.44	6.5	3.2	서남서	258	3.1	1026.9	-	353	
2019-12-04 07:30:00	2.7	남남동	147	14.61	30.47	1.05	6.3	1.34	6.0	3.5	서	271	3.2	1027.0	-	337	
2019-12-04 07:35:00	6.1	남동	133	14.62	30.46	1.00	6.0	1.22	7.0	3.2	서	266	3.2	1027.0	-	354	
2019-12-04 07:40:00	1.0	남남동	155	14.63	30.45	1.15	6.4	1.44	6.5	4.2	서	261	3.5	1027.1	-	351	
2019-12-04 07:45:00	4.4	동남동	123	14.65	30.50	1.03	6.1	1.61	6.5	3.8	서	266	3.2	1027.1	-	352	
2019-12-04 07:50:00	6.1	동남동	113	14.65	30.51	1.01	6.8	1.51	5.5	3.6	서	273	3.7	1027.0	-	347	
2019-12-04 07:55:00	3.5	남동	145	14.64	30.53	1.05	6.3	1.33	6.0	3.9	서남서	256	3.6	1027.1	-	14	
2019-12-04 08:00:00	7.1	남동	145	14.69	30.53	0.89	5.5	1.22	5.5	4.1	서	279	3.8	1027.0	-	352	
2019-12-04 08:05:00	12.1	남동	146	14.69	30.51	0.90	5.8	1.38	5.5	3.6	서	275	3.9	1027.1	-	5	
2019-12-04 08:10:00	10.7	남남동	148	14.71	30.54	1.16	6.5	1.66	5.5	2.5	서	267	3.9	1027.1	-	350	
2019-12-04 08:15:00	4.6	남남동	155	14.72	30.53	1.07	6.2	1.47	7.0	3.1	서남서	256	4.0	1027.2	-	349	
2019-12-04 08:20:00	3.3	남동	134	14.72	30.54	1.06	6.2	1.36	6.0	1.6	서	259	4.1	1027.3	-	350	
2019-12-04 08:25:00	4.8	남남동	161	14.72	30.51	0.86	6.7	1.40	6.5	3.0	남서	236	4.1	1027.3	-	6	
2019-12-04 08:30:00	3.5	남동	131	14.70	30.51	0.94	6.2	1.18	6.0	2.0	남서	232	4.3	1027.4	-	353	
2019-12-04 08:35:00	6.0	남동	140	14.71	30.54	1.02	6.1	1.39	7.0	2.0	남서	227	4.2	1027.5	-	8	
2019-12-04 08:40:00	4.6	남	180	14.77	30.52	0.88	6.6	1.03	4.5	2.2	남서	222	4.2	1027.5	-	350	
2019-12-04 08:45:00	6.3	남동	144	14.77	30.50	0.95	6.6	1.35	7.0	2.0	남서	235	4.4	1027.6	-	353	
2019-12-04 08:50:00	6.4	남남동	162	14.78	30.53	0.95	6.4	1.21	6.5	0.9	남서	223	4.6	1027.6	-	350	
2019-12-04 08:55:00	3.5	남동	143	14.80	30.53	1.00	6.8	1.32	6.0	1.5	남남서	204	4.8	1027.7	-	354	
2019-12-04 09:00:00	3.7	남동	144	14.80	30.55	0.93	6.4	1.21	7.0	1.9	남남서	213	4.9	1027.7	-	338	
2019-12-04 09:05:00	4.2	남	181	14.79	30.54	1.03	6.0	1.83	6.0	1.0	남남서	195	5.0	1027.8	-	356	
2019-12-04 09:10:00	3.8	남남동	165	14.83	30.53	0.98	6.2	1.38	6.0	0.4	남남동	148	5.2	1027.8	-	358	
2019-12-04 09:15:00	2.9	남동	144	14.83	30.52	0.96	6.2	1.32	5.5	0.5	남	190	5.7	1027.8	-	348	
2019-12-04 09:20:00	4.3	남남서	194	14.84	30.53	1.06	6.4	1.38	6.0	0.2	서	277	6.0	1027.8	-	356	
2019-12-04 09:25:00	5.7	남남동	151	14.83	30.54	1.11	6.7	1.58	7.5	0.7	남남서	213	6.0	1027.8	-	357	
2019-12-04 09:30:00	5.2	남남동	154	14.76	30.51	0.98	6.6	1.27	5.0	1.0	서남서	251	5.7	1027.8	-	355	
2019-12-04 09:35:00	7.6	남남동	148	14.73	30.53	0.90	6.0	1.39	7.0	0.3	서	278	5.8	1027.9	-	359	
2019-12-04 09:40:00	4.8	동남동	116	14.71	30.51	1.02	6.0	1.49	6.5	0.7	남서	235	6.2	1027.9	-	346	
2019-12-04 09:45:00	5.9	남동	136	14.71	30.50	1.04	6.8	1.43	6.5	0.7	남서	220	6.1	1028.0	-	0	
2019-12-04 09:50:00	6.5	남남동	160	14.72	30.55	1.02	6.8	1.51	5.5	0.7	서남서	256	6.2	1027.9	-	1	
2019-12-04 09:55:00	7.3	동남동	113	14.74	30.51	0.93	6.4	1.21	6.5	1.2	서남서	242	6.0	1027.9	-	356	
2019-12-04 10:00:00	2.1	동남동	113	14.74	30.53	0.88	5.6	1.29	6.0	0.6	남서	235	5.9	1027.9	-	357	
2019-12-04 10:05:00	1.6	서	261	14.76	30.49	0.88	6.1	1.34	6.0	0.2	남남서	200	6.5	1027.9	-	351	
2019-12-04 10:10:00	8.3	동북동	71	14.76	30.51	0.87	6.2	1.15	6.0	0.6	북서	318	6.7	1027.9	-	358	
2019-12-04 10:15:00	7.5	남동	142	14.76	30.52	0.94	6.8	1.28	7.5	1.3	북북동	21	6.1	1027.8	-	349	
2019-12-04 10:20:00	7.7	남	183	14.76	30.49	0.99	6.8	1.23	7.0	2.1	북북서	345	6.1	1027.8	-	6	
2019-12-04 10:25:00	18.2	남남동	157	14.74	30.50	1.04	6.7	1.26	7.5	1.8	북	352	5.9	1027.8	-	349	
2019-12-04 10:30:00	12.9	남	184	14.75	30.50	1.06	6.8	1.33	5.5	2.4	북북서	340	6.1	1027.8	-	356	
2019-12-04 10:35:00	8.9	남동	136	14.76	30.51	1.09	6.7	1.45	6.0	4.2	북북서	329	6.0	1027.7	-	4	
2019-12-04 10:40:00	1.3	남	175	14.75	30.52	1.12	6.7	1.38	7.0	3.9	북	356	6.2	1027.7	-	354	
2019-12-04 10:45:00	2.5	남동	126	14.75	30.57	1.00	7.1	1.29	7.5	4.3	북서	320	6.2	1027.7	-	355	
2019-12-04 10:50:00	4.5	북동	50	14.78	30.56	0.98	6.6	1.39	7.0	3.6	북서	319	6.2	1027.6	-	8	
2019-12-04 10:55:00	2.4	남동	141	14.76	30.53	0.86	6.6	1.02	6.0	4.2	북서	314	6.2	1027.6	-	9	
2019-12-04 11:00:00	2.2	남서	234	14.81	30.56	0.96	6.0	1.20	7.5	3.5	북서	312	6.4	1027.5	-	351	
2019-12-04 11:05:00	3.2	북북서	341	14.77	30.52	1.01	6.5	1.33	7.0	5.2	북서	306	6.4	1027.5	-	357	
2019-12-04 11:10:00	2.8	북서	322	14.76	30.52	1.09	7.0	1.64	7.0	3.4	북서	311	6.5	1027.4	-	7	
2019-12-04 11:15:00	4.3	남서	227	14.75	30.53	1.02	6.8	1.32	7.5	4.2	북서	317	6.5	1027.3	-	11	
2019-12-04 11:20:00	4.9	남남동	158	14.75	30.56	1.01	6.2	1.27	7.0	5.6	북서	319	6.6	1027.3	-	4	
2019-12-04 11:25:00	3.5	서남서	255	14.76	30.54	0.95	6.3	1.16	7.0	5.5	북서	318	6.4	1027.2	-	357	
2019-12-04 11:30:00	2.4	남	180	14.77	30.59	0.92	6.2	1.24	5.5	7.8	서북서	303	6.8	1027.1	-	353	
2019-12-04 11:35:00	0.9	남남서	204	14.78	30.56	0.93	5.5	1.48	6.0	7.0	서북서	291	6.8	1027.0	-	353	
2019-12-04 11:40:00	10.6	동남동	120	14.76	30.56	1.14	6.8	1.31	7.5	5.4	북서	326	6.7	1027.1	-	355	
2019-12-04 11:45:00	2.8	남남동	159	14.78	30.56	1.09	6.5	1.53	8.0	5.5	북서	318	6.7	1027.0	-	6	
2019-12-04 11:50:00	4.7	북북서	338	14.79	30.50	0.96	6.3	1.27	5.5	6.8	북서	310	6.7	1026.8	-	349	
2019-12-04 11:55:00	8.8	동	87	14.78	30.56	1.01	6.7	1.34	6.5	9.0	서북서	287	7.1	1026.7	-	2	
2019-12-04 12:00:00	5.6	동남동	119	14.79	30.55	0.97	6.2	1.48	6.0	8.5	서북서	286	7.3	1026.6	-	1	
2019-12-04 12:05:00	6.3	동	101	14.79	30.48	0.95	5.9	1.36	7.0	8.7	서	279	7.6	1026.5	-	327	
2019-12-04 12:10:00	3.0	남남서	210	14.78	30.55	0.99	5.9	1.37	5.0	8.2	서북서	293	7.4	1026.6	-	350	
2019-12-04 12:15:00	4.9	동북동	61	14.74	30.54	0.96	5.9	1.26	7.0	7.3	서북서	301	7.3	1026.6	-	350	
2019-12-04 12:20:00	6.6	서	269	14.76	30.51	1.01	5.9	1.31	6.5	8.8	서북서	288	7.4	1026.5	-	354	
2019-12-04 12:25:00	5.9	남	181	14.76	30.56	1.02	6.3	1.68	6.5	8.6	서북서	289	7.4	1026.4	-	4	
2019-12-04 12:30:00	6.8	북북동	20	14.76	30.57	0.96	6.3	1.20	7.5	8.9	서북서	282	7.3	1026.3	-	355	
2019-12-04 12:35:00	3.0	남동	126	14.76	30.62	1.07	6.5	1.40	5.5	6.9	서북서	296	7.5	1026.3	-	10	
2019-12-04 12:40:00	5.6	남서	218	14.77	30.54	0.90	5.4	1.27	8.0	8.5	서북서	287	7.6	1026.2	-	0	
2019-12-04 12:45:00	4.6	서남서	242	14.77	30.57	1.07	6.0	1.61	6.0	9.2	서	281	7.6	1026.1	-	1	
2019-12-04 12:50:00	8.5	동	100	14.78	30.57	0.99	6.0	1.27	4.5	9.0	서	279	7.5	1026.1	-	348	
2019-12-04 12:55:00	3.8	서	261	14.79	30.55	0.97	5.4	1.28	4.0	8.0	서	276	7.4	1026.2	-	343	
2019-12-04 13:00:00	5.2	남	175	14.79	30.54	0.91	6.4	1.23	6.0	8.4	서북서	282	7.5	1026.1	-	7	
2019-12-04 13:05:00	3.4	남남동	155	14.79	30.61	0.92	5.7	1.40	5.5	8.1	서북서	289	7.5	1026.1	-	340	
2019-12-04 13:10:00	4.4	북동	54	14.80	30.57	0.95	6.0	1.42	6.0	7.8	서	275	7.5	1026.0	-	348	
2019-12-04 13:15:00	2.7	동	90	14.78	30.60	0.93	6.0	1.21	5.0	8.4	서북서	282	7.6	1026.0	-	1	
2019-12-04 13:20:00	4.8	남동	133	14.80	30.56	1.06	5.9	1.61	5.5	8.8	서	278	7.5	1025.9	-	2	
2019-12-04 13:25:00	1.6	남동	128	14.80	30.58	0.96	5.6	1.21	7.0	8.9	서	273	7.6	1025.9	-	356	
2019-12-04 13:30:00	2.2	남동	136	14.79	30.56	1.08	6.3	1.36	6.0	7.6	서	274	7.6	1025.9	-	349	
2019-12-04 13:35:00	5.0	남동	135	14.78	30.62	1.04	6.1	1.42	5.5	6.9	서	278	7.6	1025.9	-	0	
2019-12-04 13:40:00	7.9	북동	44	14.79	30.57	0.97	5.8	1.34	5.5	7.0	서	275	7.8	1025.8	-	357	
2019-12-04 13:45:00	2.5	남남동	148	14.76	30.60	0.90	6.0	1.10	6.0	9.6	서	276	7.9	1025.7	-	8	
2019-12-04 13:50:00	2.2	동남동	106	14.77	30.61	0.79	5.4	1.17	6.0	9.0	서	280	7.8	1025.7	-	358	
2019-12-04 13:55:00	4.4	북동	48	14.78	30.58	1.05	6.5	1.42	6.5	7.6	서북서	284	7.7	1025.8	-	355	
2019-12-04 14:00:00	5.1	남남동	159	14.74	30.57	1.09	5.9	1.83	6.0	8.6	서북서	284	7.6	1025.6	-	347	
2019-12-04 14:05:00	4.0	동	80	14.77	30.58	0.95	6.3	1.24	7.5	8.2	서	278	7.7	1025.6	-	5	
2019-12-04 14:10:00	5.0	북동	51	14.76	30.58	0.98	6.5	1.39	5.5	8.8	서	280	8.0	1025.5	-	352	
2019-12-04 14:15:00	8.2	북북서	332	14.78	30.57	0.94	6.6	1.23	7.5	8.5	서	278	7.7	1025.5	-	352	
2019-12-04 14:20:00	5.3	남남서	203	14.79	30.58	0.95	6.2	1.16	5.5	8.5	서	275	7.6	1025.5	-	176	
2019-12-04 14:25:00	6.1	남	183	14.79	30.57	0.98	7.2	1.21	7.0	8.8	서북서	296	7.7	1025.5	-	345	
2019-12-04 14:30:00	12.7	북북동	29	14.78	30.57	1.10	6.4	1.49	7.0	7.7	서북서	289	7.7	1025.5	-	337	
2019-12-04 14:35:00	3.4	남남서	200	14.78	30.58	0.98	6.6	1.38	5.5	8.6	서북서	295	7.8	1025.5	-	359	
2019-12-04 14:40:00	10.9	북북동	12	14.76	30.56	1.04	6.1	1.54	5.5	8.6	서북서	288	7.8	1025.5	-	3	
2019-12-04 14:45:00	8.3	서남서	254	14.75	30.65	0.95	5.9	1.70	5.0	8.9	서북서	290	7.9	1025.5	-	350	
2019-12-04 14:50:00	6.6	북서	308	14.75	30.59	1.03	6.3	1.30	7.0	9.4	서북서	287	7.9	1025.5	-	350	
2019-12-04 14:55:00	12.2	동북동	58	14.72	30.60	0.99	6.5	1.31	7.0	9.7	서북서	289	8.1	1025.4	-	352	
2019-12-04 15:00:00	9.8	서북서	298	14.71	30.59	1.04	6.6	1.38	6.0	8.4	서북서	287	8.3	1025.5	-	348	
2019-12-04 15:05:00	12.4	북	10	14.68	30.56	0.94	6.6	1.15	6.0	8.1	서북서	291	8.2	1025.5	-	1	
2019-12-04 15:10:00	31.1	서	264	14.64	30.53	0.88	6.4	1.02	6.0	8.0	서북서	286	8.2	1025.5	-	2	
2019-12-04 15:15:00	12.8	북	8	14.63	30.58	1.05	6.6	1.37	5.5	7.9	서북서	295	8.1	1025.6	-	354	
2019-12-04 15:20:00	8.7	서남서	258	14.62	30.38	0.91	6.3	1.30	7.5	8.8	북서	309	8.1	1025.5	-	353	
2019-12-04 15:25:00	15.5	서북서	282	14.62	30.46	0.98	6.6	1.21	7.0	8.1	서북서	296	8.1	1025.6	-	342	
2019-12-04 15:30:00	16.6	서남서	251	14.62	30.43	1.25	6.6	1.54	6.0	7.4	서북서	291	8.2	1025.5	-	347	
2019-12-04 15:35:00	3.0	서	272	14.61	30.50	0.99	6.3	1.23	5.5	7.5	서북서	293	8.2	1025.5	-	354	
2019-12-04 15:40:00	7.6	남서	222	14.61	30.48	1.17	7.1	1.84	7.0	7.2	서북서	300	8.1	1025.6	-	356	
2019-12-04 15:45:00	16.1	서북서	302	14.60	30.46	0.95	6.1	1.48	6.0	6.8	서북서	299	8.2	1025.6	-	0	
2019-12-04 15:50:00	6.1	서남서	251	14.59	30.51	1.03	6.1	1.46	6.0	7.0	서북서	293	8.1	1025.6	-	359	
2019-12-04 15:55:00	3.6	북서	322	14.58	30.55	1.00	6.2	1.26	5.5	6.1	서북서	284	8.4	1025.7	-	0	
2019-12-04 16:00:00	12.3	서북서	289	14.59	30.56	1.00	6.2	1.24	5.5	7.2	서북서	292	8.2	1025.7	-	358	
2019-12-04 16:05:00	9.3	서북서	288	14.58	30.57	0.94	6.2	1.35	6.0	6.8	서	280	8.2	1025.8	-	348	
2019-12-04 16:10:00	5.5	서	278	14.57	30.56	1.04	6.1	1.37	6.0	8.1	서북서	288	8.2	1025.7	-	342	
2019-12-04 16:15:00	3.7	북북동	32	14.59	30.58	0.97	6.5	1.84	5.5	7.8	서	281	8.2	1025.7	-	343	
2019-12-04 16:20:00	4.7	남남동	164	14.59	30.60	1.00	6.2	1.27	7.5	7.1	서	281	8.1	1025.8	-	338	
2019-12-04 16:25:00	3.7	남서	230	14.59	30.58	1.00	6.4	1.36	6.5	7.7	서북서	290	8.0	1025.8	-	351	
2019-12-04 16:30:00	2.9	북북서	339	14.58	30.62	0.86	5.9	1.18	5.0	8.1	서북서	300	8.1	1025.8	-	341	
2019-12-04 16:35:00	1.4	북	358	14.59	30.63	1.15	6.6	1.70	6.5	7.8	서북서	293	8.0	1025.9	-	353	
2019-12-04 16:40:00	5.2	북북동	26	14.49	30.59	1.01	6.5	1.20	6.0	8.0	서북서	292	7.8	1025.9	-	348	
2019-12-04 16:45:00	6.2	남동	127	14.48	30.57	0.85	6.0	1.37	5.0	7.5	서북서	294	8.0	1025.9	-	351	
2019-12-04 16:50:00	4.2	북북동	28	14.47	30.56	0.99	6.0	1.35	6.0	6.9	서북서	285	7.7	1026.0	-	349	
2019-12-04 16:55:00	5.8	북서	306	14.48	30.54	0.94	5.8	1.52	6.5	8.2	서북서	293	7.7	1025.9	-	344	
2019-12-04 17:00:00	5.1	서	271	14.45	30.55	0.96	6.0	1.28	5.0	7.2	서북서	303	7.7	1026.0	-	352	
2019-12-04 17:05:00	40.9	서	275	14.46	30.56	1.09	6.1	1.66	6.0	8.7	서북서	290	7.7	1026.0	-	348	
2019-12-04 17:10:00	33.2	북서	309	14.46	30.56	0.94	6.6	1.20	6.5	7.9	서북서	292	7.6	1026.0	-	358	
2019-12-04 17:15:00	6.6	북서	320	14.48	30.53	0.96	6.0	1.31	5.5	8.4	북서	304	7.7	1026.0	-	339	
2019-12-04 17:20:00	1.3	서	269	14.46	30.52	0.86	6.2	1.28	7.0	9.7	서북서	294	7.7	1026.0	-	356	
2019-12-04 17:25:00	4.4	북북동	12	14.43	30.52	0.70	5.9	0.95	6.0	8.2	서북서	292	7.5	1026.2	-	7	
2019-12-04 17:30:00	3.3	북	355	14.40	30.50	0.93	6.5	1.41	6.5	6.1	서	265	7.4	1026.3	-	339	
2019-12-04 17:35:00	2.6	서	276	14.39	30.49	0.92	6.8	1.34	6.0	6.7	서북서	288	7.4	1026.3	-	348	
2019-12-04 17:40:00	3.9	북서	322	14.39	30.47	0.88	5.8	1.26	7.0	7.1	북서	306	7.4	1026.3	-	349	
2019-12-04 17:45:00	4.3	서남서	251	14.40	30.49	1.00	6.0	1.34	5.5	5.7	서북서	302	7.3	1026.4	-	334	
2019-12-04 17:50:00	1.6	서	279	14.37	30.47	0.80	6.1	0.97	6.0	5.5	서북서	302	7.1	1026.5	-	353	
2019-12-04 17:55:00	4.3	북서	320	14.37	30.44	0.83	5.8	1.03	5.5	5.5	북서	306	7.0	1026.5	-	0	
2019-12-04 18:00:00	1.0	남서	222	14.37	30.48	0.76	6.4	0.97	6.5	6.1	북서	304	7.0	1026.5	-	7	
2019-12-04 18:05:00	6.0	서남서	256	14.37	30.44	0.88	5.8	1.24	6.5	6.8	북서	315	6.9	1026.6	-	348	
2019-12-04 18:10:00	2.2	서남서	254	14.38	30.48	0.84	5.9	1.30	6.0	6.4	북서	320	6.8	1026.6	-	347	
2019-12-04 18:15:00	1.8	남서	220	14.39	30.43	0.89	5.9	1.29	6.5	6.2	북서	307	7.0	1026.7	-	344	
2019-12-04 18:20:00	0.8	북서	306	14.38	30.41	0.92	6.3	1.44	6.5	5.2	북서	304	6.9	1026.8	-	350	
2019-12-04 18:25:00	1.9	북서	313	14.36	30.46	0.79	5.9	0.97	6.0	5.0	서북서	303	6.8	1026.8	-	345	
2019-12-04 18:30:00	2.9	북	8	14.36	30.41	0.90	6.6	1.16	6.5	5.6	서북서	301	6.9	1026.9	-	358	
2019-12-04 18:35:00	1.2	동북동	71	14.35	30.46	0.96	6.1	1.29	5.5	5.2	서북서	285	6.8	1026.9	-	348	
2019-12-04 18:40:00	-	-	-	-	-	0.00	0.0	0.00	0.0	8.2	서북서	291	6.9	1026.9	-	0	
2019-12-04 18:45:00	0.9	동북동	58	14.36	30.47	0.80	5.7	1.13	5.5	7.3	서북서	302	7.1	1026.9	-	358	
2019-12-04 18:50:00	2.9	북동	48	14.36	30.47	0.86	6.3	1.29	6.0	7.5	서북서	301	7.2	1027.0	-	352	
2019-12-04 18:55:00	1.9	북북동	28	14.36	30.48	0.93	6.0	1.30	6.0	7.1	북서	313	7.2	1027.0	-	348	
2019-12-04 19:00:00	3.7	북북서	346	14.38	30.49	0.97	6.2	1.47	6.0	8.2	북서	309	7.1	1027.0	-	343	
2019-12-04 19:05:00	1.5	북동	53	14.36	30.44	0.81	5.6	1.14	7.0	8.1	북서	308	7.2	1027.0	-	354	
2019-12-04 19:10:00	1.1	북	11	14.37	30.55	0.74	6.3	0.90	6.5	7.4	북서	304	6.9	1027.0	-	23	
2019-12-04 19:15:00	2.2	북	350	14.39	30.51	0.92	6.1	1.20	6.0	7.3	북서	318	7.0	1027.0	-	3	
2019-12-04 19:20:00	1.2	북북동	30	14.39	30.51	0.93	6.6	1.25	6.0	8.2	북서	311	7.0	1027.0	-	16	
2019-12-04 19:25:00	1.6	서남서	257	14.39	30.48	0.97	6.2	1.19	6.0	6.6	서북서	299	6.8	1027.1	-	358	
2019-12-04 19:30:00	1.1	동	99	14.38	30.44	0.81	6.0	1.13	5.5	6.2	북서	308	6.9	1027.2	-	335	
2019-12-04 19:35:00	0.5	동	92	14.39	30.49	1.01	6.1	1.26	6.5	7.6	북서	323	7.1	1027.3	-	345	
2019-12-04 19:40:00	2.5	동	87	14.38	30.49	0.88	6.0	0.96	6.5	6.1	북서	304	7.0	1027.4	-	1	
2019-12-04 19:45:00	2.6	북북동	26	14.37	30.44	0.80	5.4	1.08	6.5	5.8	서북서	291	6.7	1027.5	-	328	
2019-12-04 19:50:00	4.1	북북동	17	14.38	30.50	0.96	5.5	1.39	5.0	5.9	서북서	289	6.4	1027.5	-	342	
2019-12-04 19:55:00	4.5	북북서	346	14.39	30.50	0.89	5.9	1.12	5.5	5.1	서북서	287	6.4	1027.5	-	350	
2019-12-04 20:00:00	0.8	남동	131	14.40	30.49	0.73	6.4	0.88	6.0	7.0	북서	319	6.8	1027.5	-	327	
2019-12-04 20:05:00	2.6	남서	235	14.39	30.50	0.91	6.0	1.15	5.5	7.0	서북서	296	6.7	1027.5	-	344	
2019-12-04 20:10:00	3.0	북북동	18	14.38	30.52	0.87	5.6	1.35	6.5	6.8	북서	308	6.8	1027.6	-	15	
2019-12-04 20:15:00	2.0	북북동	15	14.38	30.51	0.82	5.9	1.16	6.0	5.9	북서	326	6.8	1027.6	-	4	
2019-12-04 20:20:00	7.8	북북동	13	14.37	30.52	0.76	6.1	1.15	6.0	5.8	북서	314	6.6	1027.6	-	348	
2019-12-04 20:25:00	3.6	북동	49	14.38	30.51	0.85	6.1	1.06	5.5	5.9	북서	321	6.7	1027.6	-	355	
2019-12-04 20:30:00	1.2	남남동	150	14.37	30.51	0.80	5.6	1.20	4.5	5.9	북서	324	6.6	1027.6	-	340	
2019-12-04 20:35:00	3.2	북북서	339	14.36	30.56	0.91	5.6	1.12	5.0	7.0	북북서	329	6.6	1027.6	-	349	
2019-12-04 20:40:00	1.8	북북서	347	14.33	30.51	0.98	5.4	1.29	5.0	6.4	북북서	330	6.5	1027.7	-	359	
2019-12-04 20:45:00	2.8	북동	49	14.32	30.43	0.88	5.9	1.13	5.0	6.1	북서	305	6.6	1027.7	-	359	
2019-12-04 20:50:00	1.1	북북동	18	14.28	30.46	0.79	5.9	1.07	5.0	6.4	북서	322	6.5	1027.7	-	344	
2019-12-04 20:55:00	3.8	북	5	14.27	30.45	0.98	6.0	1.56	6.0	6.3	북서	315	6.5	1027.7	-	1	
2019-12-04 21:00:00	4.5	북북서	330	14.26	30.46	0.87	5.8	1.13	5.5	6.8	북북서	331	6.5	1027.7	-	19	
2019-12-04 21:05:00	2.3	북북동	19	14.25	30.47	0.97	6.0	1.31	6.0	7.4	북서	323	6.6	1027.7	-	354	
2019-12-04 21:10:00	4.9	북서	326	14.25	30.46	1.11	6.1	1.75	6.5	6.8	북북서	327	6.3	1027.8	-	347	
2019-12-04 21:15:00	1.4	남남서	207	14.25	30.44	0.84	5.8	1.48	5.5	6.1	북서	324	6.4	1027.8	-	345	
2019-12-04 21:20:00	4.9	북북동	19	14.23	30.45	0.94	5.5	1.22	5.5	6.5	북서	312	6.4	1027.8	-	356	
2019-12-04 21:25:00	3.1	북서	322	14.21	30.50	0.78	6.0	1.19	7.0	6.2	북북서	329	6.4	1027.9	-	16	
2019-12-04 21:30:00	2.9	북	356	14.22	30.43	1.01	6.1	1.28	6.5	6.3	북북서	332	6.4	1027.9	-	349	
2019-12-04 21:35:00	3.1	서북서	294	14.22	30.45	1.00	6.0	1.17	6.0	5.6	서북서	282	6.1	1027.9	-	351	
2019-12-04 21:40:00	4.5	서북서	300	14.21	30.46	0.86	6.0	1.17	5.5	3.6	서남서	258	5.2	1028.0	-	11	
2019-12-04 21:45:00	3.7	북북서	346	14.19	30.45	0.78	6.1	1.01	7.0	4.7	서남서	255	5.5	1028.0	-	351	
2019-12-04 21:50:00	4.0	북서	317	14.17	30.43	0.83	5.6	1.07	5.5	4.4	서	271	5.6	1028.1	-	3	
2019-12-04 21:55:00	4.2	북북서	330	14.14	30.43	1.01	6.0	1.20	5.0	4.9	서북서	294	5.7	1028.1	-	5	
2019-12-04 22:00:00	1.2	북북동	21	14.10	30.44	0.88	5.7	1.08	6.0	5.6	서북서	301	6.1	1028.1	-	346	
2019-12-04 22:05:00	5.6	북	10	14.03	30.42	0.81	5.9	1.10	6.0	5.2	서북서	291	6.0	1028.2	-	348	
2019-12-04 22:10:00	5.8	북북서	336	13.95	30.33	0.83	5.8	1.04	5.0	4.9	북서	314	6.1	1028.2	-	348	
2019-12-04 22:15:00	1.1	북북서	347	13.90	30.36	0.83	5.7	1.16	5.0	5.4	서북서	298	5.9	1028.3	-	350	
2019-12-04 22:20:00	3.7	북북동	12	14.08	30.43	0.87	6.1	1.55	5.0	5.2	서북서	291	5.7	1028.4	-	347	
2019-12-04 22:25:00	11.0	북	356	14.16	30.42	0.80	5.9	1.07	5.0	5.5	서북서	297	5.8	1028.4	-	343	
2019-12-04 22:30:00	5.9	북	351	14.21	30.45	0.88	5.7	1.19	6.0	5.6	서북서	302	5.9	1028.4	-	353	
2019-12-04 22:35:00	8.2	북	353	14.25	30.35	0.93	6.1	1.36	6.0	6.8	북서	304	5.9	1028.3	-	340	
2019-12-04 22:40:00	9.0	북북서	349	14.26	30.34	0.72	6.3	0.96	6.0	6.7	북서	308	5.8	1028.3	-	5	
2019-12-04 22:45:00	9.1	북	351	14.26	30.37	0.95	5.7	1.24	7.0	6.9	북서	305	5.8	1028.3	-	358	
2019-12-04 22:50:00	6.0	북	5	14.23	30.41	0.84	5.7	1.08	6.5	6.9	북서	312	5.7	1028.3	-	338	
2019-12-04 22:55:00	7.0	북	4	14.24	30.41	0.77	5.8	1.26	6.0	6.7	북서	314	5.8	1028.4	-	337	
2019-12-04 23:00:00	7.5	북	360	14.25	30.41	0.93	6.2	1.18	7.5	6.7	북서	307	5.7	1028.4	-	357	
2019-12-04 23:05:00	5.9	북북서	344	14.25	30.38	0.95	5.9	1.51	6.0	7.3	북서	306	5.8	1028.4	-	358	
2019-12-04 23:10:00	9.9	북	356	14.23	30.42	0.85	6.1	1.14	6.0	6.2	서북서	303	5.4	1028.5	-	19	
2019-12-04 23:15:00	8.9	북	356	14.25	30.33	0.97	5.9	1.33	6.5	6.0	북서	306	5.5	1028.6	-	349	
2019-12-04 23:20:00	10.7	북	359	14.25	30.41	0.91	5.7	1.27	6.0	6.8	북서	304	5.6	1028.7	-	342	
2019-12-04 23:25:00	5.4	북북서	328	14.27	30.39	0.98	6.1	1.46	6.5	6.6	서북서	297	5.4	1028.8	-	346	
2019-12-04 23:30:00	4.2	북	358	14.27	30.37	0.97	6.4	1.31	7.5	6.6	서북서	299	5.4	1028.8	-	339	
2019-12-04 23:35:00	3.3	북	360	14.21	30.38	0.91	6.3	1.41	6.0	6.8	서북서	301	5.3	1028.9	-	343	
2019-12-04 23:40:00	11.0	북북서	348	14.30	30.39	0.98	6.1	1.20	5.5	7.1	북서	305	5.4	1028.8	-	359	
2019-12-04 23:45:00	4.3	북서	326	14.29	30.39	1.01	5.8	1.33	6.0	7.4	서북서	300	5.3	1028.9	-	348	
2019-12-04 23:50:00	5.8	북북서	345	14.27	30.40	0.97	6.0	1.24	6.0	6.7	북서	324	5.3	1028.9	-	349	
2019-12-04 23:55:00	6.9	북북서	343	14.32	30.40	1.30	5.9	1.65	6.5	7.5	북서	320	5.1	1029.0	-	353	
2019-12-05 00:00:00	3.9	북북서	330	14.29	30.40	0.92	5.8	1.23	5.5	7.0	북북서	331	5.3	1028.9	-	356	
2019-12-05 00:05:00	8.1	북북서	342	14.35	30.45	1.01	6.0	1.18	6.5	7.5	북서	316	5.3	1029.0	-	350	
2019-12-05 00:10:00	8.3	북북서	339	14.39	30.46	0.99	5.9	1.26	6.5	8.0	북서	317	5.2	1029.0	-	346	
2019-12-05 00:15:00	5.9	서북서	297	14.37	30.42	1.07	5.8	1.28	6.0	8.2	북서	321	5.2	1028.9	-	359	
2019-12-05 00:20:00	4.3	북서	317	14.37	30.43	1.10	6.0	1.49	6.5	8.4	북서	318	5.2	1029.0	-	356	
2019-12-05 00:25:00	4.1	북	8	14.38	30.47	1.05	5.8	1.37	6.5	7.5	북서	314	4.9	1029.1	-	347	
2019-12-05 00:30:00	6.9	북북서	335	14.50	30.55	1.07	5.9	1.42	6.0	8.2	북서	311	5.0	1029.0	-	350	
2019-12-05 00:35:00	3.2	북서	313	14.50	30.48	1.02	5.5	1.33	5.0	8.0	북서	312	4.9	1029.0	-	359	
2019-12-05 00:40:00	7.0	북북서	340	14.49	30.47	1.19	5.8	1.96	6.0	8.4	북서	310	4.8	1029.0	-	348	
2019-12-05 00:45:00	3.1	서북서	291	14.50	30.48	1.04	5.6	1.54	5.0	7.7	서북서	302	4.8	1029.1	-	341	
2019-12-05 00:50:00	9.7	북	5	14.52	30.46	0.99	5.3	1.57	6.0	7.9	서북서	290	4.6	1029.0	-	347	
2019-12-05 00:55:00	3.1	서북서	294	14.51	30.48	1.01	5.9	1.69	7.0	8.5	서북서	284	4.8	1029.0	-	359	
2019-12-05 01:00:00	11.6	북북동	17	14.53	30.50	1.04	6.1	1.37	8.0	7.1	서북서	290	4.5	1029.2	-	350	
2019-12-05 01:05:00	4.4	북북서	336	14.53	30.51	1.01	5.6	1.41	5.0	6.9	서북서	293	4.8	1029.4	-	352	
2019-12-05 01:10:00	2.2	북	3	14.55	30.44	1.07	5.9	1.28	5.0	6.9	서북서	302	4.5	1029.5	-	348	
2019-12-05 01:15:00	5.0	북북서	340	14.57	30.51	1.11	5.8	1.47	6.5	7.1	북서	311	4.3	1029.7	-	341	
2019-12-05 01:20:00	2.2	북서	313	14.61	30.53	1.05	5.7	1.55	7.0	7.3	북서	312	4.3	1029.8	-	350	
2019-12-05 01:25:00	1.5	북동	38	14.65	30.50	1.51	6.1	2.06	6.0	8.9	북서	314	4.5	1029.8	-	353	
2019-12-05 01:30:00	6.5	북서	315	14.66	30.52	1.25	6.1	1.91	6.0	8.8	북서	315	4.7	1029.9	-	346	
2019-12-05 01:35:00	1.0	서	268	14.66	30.53	1.18	6.1	1.61	6.5	9.6	북서	314	4.6	1029.9	-	349	
2019-12-05 01:40:00	3.9	서북서	302	14.68	30.53	1.19	6.2	1.58	6.0	7.7	서북서	300	4.4	1030.1	-	8	
2019-12-05 01:45:00	5.8	서북서	301	14.67	30.53	1.24	6.2	1.69	7.0	7.9	북서	309	4.4	1030.2	-	346	
2019-12-05 01:50:00	6.6	북북서	327	14.70	30.55	1.08	5.7	1.70	5.5	8.0	서북서	297	4.1	1030.2	-	346	
2019-12-05 01:55:00	5.5	북서	309	14.73	30.56	1.18	6.1	1.46	4.5	8.2	북서	316	4.1	1030.2	-	345	
2019-12-05 02:00:00	5.2	북북서	329	14.71	30.54	0.99	5.2	1.32	5.0	8.5	북서	319	4.2	1030.2	-	189	
2019-12-05 02:05:00	5.2	북서	305	14.73	30.52	1.17	6.1	1.62	6.5	7.0	북북서	328	4.0	1030.3	-	1	
2019-12-05 02:10:00	8.1	북	357	14.77	30.54	0.96	5.9	1.37	5.5	7.5	북북서	338	4.1	1030.3	-	343	
2019-12-05 02:15:00	6.3	북	2	14.80	30.55	0.96	5.7	1.30	6.0	7.6	북북서	333	4.0	1030.2	-	8	
2019-12-05 02:20:00	8.0	북북서	343	14.79	30.58	0.99	6.2	1.59	6.0	6.7	북북서	334	3.9	1030.3	-	356	
2019-12-05 02:25:00	4.4	북북서	333	14.81	30.52	1.04	5.7	1.53	7.0	8.1	북북서	328	4.1	1030.2	-	151	
2019-12-05 02:30:00	3.7	북서	314	14.80	30.52	0.95	5.9	1.23	5.0	7.6	북서	321	4.1	1030.1	-	351	
2019-12-05 02:35:00	6.9	북	360	14.81	30.53	1.08	6.0	1.53	6.5	6.6	북서	325	4.0	1030.1	-	358	
2019-12-05 02:40:00	5.9	서북서	299	14.81	30.58	1.05	5.8	1.55	5.5	6.7	북서	323	4.1	1030.0	-	348	
2019-12-05 02:45:00	4.5	북북서	330	14.80	30.53	1.44	6.0	1.85	6.5	7.9	북북서	327	4.1	1029.9	-	351	
2019-12-05 02:50:00	6.3	서북서	300	14.82	30.51	1.18	5.7	1.62	6.5	8.4	북북서	328	4.3	1029.9	-	359	
2019-12-05 02:55:00	1.6	북북서	340	14.82	30.54	1.28	6.4	1.61	5.5	8.1	북서	320	4.5	1029.9	-	356	
2019-12-05 03:00:00	2.4	동	89	14.81	30.53	1.11	6.0	1.46	6.0	8.3	북서	322	4.2	1029.9	-	353	
2019-12-05 03:05:00	3.2	북북동	18	14.81	30.51	1.16	6.5	1.41	7.5	8.7	북서	323	4.1	1029.9	-	345	
2019-12-05 03:10:00	3.9	북북서	349	14.83	30.54	1.16	5.6	1.65	6.0	9.4	북서	319	4.5	1029.8	-	339	
2019-12-05 03:15:00	1.6	남동	130	14.82	30.54	1.09	6.1	1.46	6.0	10.4	북서	326	4.5	1029.7	-	345	
2019-12-05 03:20:00	5.6	동	84	14.81	30.53	1.14	6.4	1.63	7.0	10.3	북서	325	4.6	1029.6	-	351	
2019-12-05 03:25:00	1.2	서	261	14.79	30.55	0.92	5.4	1.37	4.5	10.1	북서	326	4.3	1029.7	-	353	
2019-12-05 03:30:00	2.9	동	98	14.81	30.52	1.17	6.0	1.58	5.5	9.4	북북서	327	4.3	1029.6	-	346	
2019-12-05 03:35:00	0.3	남서	236	14.81	30.53	1.27	6.3	1.68	6.5	9.9	북서	322	4.3	1029.6	-	350	
2019-12-05 03:40:00	2.5	북	1	14.80	30.52	1.18	5.8	1.77	5.5	11.0	북서	325	4.4	1029.4	-	337	
2019-12-05 03:45:00	3.6	남동	142	14.80	30.55	1.20	6.5	1.58	6.0	11.5	북북서	327	4.3	1029.4	-	1	
2019-12-05 03:50:00	0.8	북북동	26	14.81	30.51	1.29	6.8	1.86	7.0	11.3	북서	325	4.1	1029.3	-	356	
2019-12-05 03:55:00	1.4	북동	54	14.82	30.53	1.16	6.0	1.51	5.0	11.3	북서	324	4.3	1029.5	-	350	
2019-12-05 04:00:00	3.2	남남서	208	14.82	30.52	1.17	6.7	1.54	5.5	11.3	북북서	335	4.3	1029.4	-	356	
2019-12-05 04:05:00	10.6	서남서	253	14.82	30.56	1.21	6.4	1.56	7.0	11.4	북북서	327	4.1	1029.3	-	331	
2019-12-05 04:10:00	3.1	북동	43	14.80	30.50	1.29	6.2	1.57	7.5	11.2	북서	321	4.1	1029.5	-	348	
2019-12-05 04:15:00	3.5	남동	131	14.78	30.57	1.33	6.4	1.95	6.0	10.6	북서	319	3.9	1029.4	-	359	
2019-12-05 04:20:00	5.0	동북동	67	14.77	30.51	1.17	6.4	1.44	6.5	10.4	북서	320	3.8	1029.6	-	20	
2019-12-05 04:25:00	1.4	북북동	29	14.78	30.53	1.11	6.0	1.41	5.5	9.7	북서	324	4.0	1029.6	-	336	
2019-12-05 04:30:00	2.9	동북동	70	14.78	30.53	1.34	6.4	2.06	7.0	9.8	북북서	331	4.0	1029.5	-	346	
2019-12-05 04:35:00	5.3	동북동	63	14.79	30.54	1.07	5.9	1.25	8.5	8.1	북서	307	3.9	1029.6	-	355	
2019-12-05 04:40:00	2.4	북북동	12	14.79	30.52	1.12	6.0	1.50	6.5	7.2	북서	310	3.6	1029.7	-	358	
2019-12-05 04:45:00	2.8	북	359	14.80	30.55	1.13	6.1	1.42	6.0	6.1	북서	312	3.3	1029.6	-	336	
2019-12-05 04:50:00	2.3	동	84	14.79	30.54	1.18	7.0	1.55	7.0	5.7	북서	312	3.3	1029.6	-	358	
2019-12-05 04:55:00	1.8	북동	39	14.79	30.50	1.33	6.2	2.01	6.5	5.2	북서	306	3.2	1029.6	-	357	
2019-12-05 05:00:00	3.0	서	270	14.80	30.55	1.13	6.6	2.00	7.5	5.0	북서	304	3.2	1029.6	-	354	
2019-12-05 05:05:00	3.7	서북서	299	14.79	30.54	1.19	6.4	1.65	7.0	3.9	서북서	293	3.1	1029.7	-	8	
2019-12-05 05:10:00	5.2	서북서	282	14.79	30.48	1.17	6.5	1.36	5.0	4.4	서북서	295	3.0	1029.7	-	351	
2019-12-05 05:15:00	3.0	동	85	14.75	30.41	1.16	6.9	1.71	6.0	4.9	서	278	3.3	1029.7	-	352	
2019-12-05 05:20:00	3.9	동북동	63	14.73	30.43	0.96	6.3	1.62	5.0	3.3	서남서	238	2.0	1029.8	-	344	
2019-12-05 05:25:00	0.7	서	277	14.74	30.51	1.06	6.8	1.68	6.0	2.5	서남서	240	1.7	1029.9	-	356	
2019-12-05 05:30:00	8.6	동	98	14.73	30.51	1.19	6.6	1.44	6.5	2.8	서	265	2.1	1029.8	-	343	
2019-12-05 05:35:00	0.4	남서	226	14.74	30.49	1.13	6.7	1.61	6.0	3.7	서	265	2.4	1029.7	-	350	
2019-12-05 05:40:00	2.1	서북서	288	14.73	30.50	1.09	5.9	1.52	6.0	3.9	서북서	287	2.4	1029.8	-	355	
2019-12-05 05:45:00	3.4	동북동	66	14.73	30.50	1.13	6.9	1.48	8.5	4.3	서북서	291	2.5	1029.8	-	335	
2019-12-05 05:50:00	0.5	북북동	24	14.74	30.47	1.07	6.5	1.61	6.5	4.1	서북서	295	2.3	1029.8	-	343	
2019-12-05 05:55:00	7.0	남남동	150	14.72	30.49	1.02	6.3	1.37	5.5	4.1	서북서	299	2.4	1030.0	-	348	
2019-12-05 06:00:00	5.8	동남동	105	14.70	30.46	1.11	6.5	1.54	7.0	3.6	서북서	296	2.5	1030.0	-	343	
2019-12-05 06:05:00	3.1	북동	55	14.72	30.49	1.15	6.8	1.79	5.5	4.3	북서	316	2.4	1030.2	-	336	
2019-12-05 06:10:00	3.8	동남동	121	14.73	30.50	1.04	5.9	1.71	6.5	4.4	북서	304	2.4	1030.2	-	337	
2019-12-05 06:15:00	6.1	남남동	149	14.74	30.50	1.12	6.1	1.54	6.5	4.5	서북서	303	2.4	1030.2	-	335	
2019-12-05 06:20:00	3.6	남동	134	14.72	30.48	1.13	5.9	1.79	6.5	4.7	서북서	303	2.6	1030.2	-	354	
2019-12-05 06:25:00	4.4	동남동	110	14.71	30.54	1.13	6.5	1.25	9.0	4.9	북서	310	2.6	1030.3	-	354	
2019-12-05 06:30:00	6.0	북	2	14.71	30.49	1.16	6.6	1.72	7.0	4.3	서북서	302	2.7	1030.4	-	0	
2019-12-05 06:35:00	4.6	동남동	112	14.72	30.49	1.15	6.4	1.67	6.0	5.4	서북서	292	2.6	1030.3	-	347	
2019-12-05 06:40:00	5.8	남동	143	14.69	30.51	1.01	6.0	1.62	6.0	5.6	서북서	296	2.6	1030.4	-	7	
2019-12-05 06:45:00	5.7	남	172	14.72	30.50	1.20	6.7	1.72	7.0	5.7	북서	304	2.6	1030.5	-	355	
2019-12-05 06:50:00	2.9	남동	129	14.69	30.46	1.16	6.0	1.60	5.0	6.1	북서	322	2.8	1030.5	-	352	
2019-12-05 06:55:00	1.9	남	172	14.68	30.42	1.25	6.6	1.64	6.5	6.9	북북서	332	2.9	1030.4	-	352	
2019-12-05 07:00:00	3.8	남	190	14.68	30.50	1.21	6.6	1.53	5.5	7.0	북북서	330	2.8	1030.5	-	3	
2019-12-05 07:05:00	12.3	남남동	164	14.66	30.51	1.21	7.0	1.68	5.5	7.1	북북서	340	2.9	1030.5	-	357	
2019-12-05 07:10:00	1.0	서남서	237	14.66	30.54	1.20	6.7	1.65	6.5	7.3	북북서	342	2.8	1030.5	-	336	
2019-12-05 07:15:00	6.8	남동	145	14.63	30.54	1.14	6.7	1.61	7.0	6.8	북북서	331	2.9	1030.5	-	331	
2019-12-05 07:20:00	7.8	남	186	14.61	30.49	1.18	6.8	1.88	7.0	6.2	북서	325	2.8	1030.6	-	354	
2019-12-05 07:25:00	7.2	남남동	159	14.56	30.46	1.06	7.1	1.38	6.0	7.7	북북서	332	2.7	1030.6	-	347	
2019-12-05 07:30:00	5.8	남동	144	14.49	30.44	1.09	6.0	1.39	7.0	7.2	북북서	331	2.5	1030.7	-	347	
2019-12-05 07:35:00	2.3	남남동	156	14.47	30.42	1.05	6.7	1.32	6.5	5.8	북북서	332	2.5	1030.6	-	343	
2019-12-05 07:40:00	6.2	남	185	14.45	30.46	1.12	6.4	1.38	5.5	5.4	북북서	333	2.4	1030.7	-	341	
2019-12-05 07:45:00	6.5	남	183	14.46	30.42	1.27	6.9	1.56	6.0	5.5	서북서	300	2.6	1030.7	-	357	
2019-12-05 07:50:00	8.3	남남동	167	14.42	30.43	1.18	7.1	1.44	7.5	4.8	서북서	294	2.5	1030.7	-	320	
2019-12-05 07:55:00	6.2	남남동	160	14.39	30.43	1.07	6.7	1.47	6.5	4.8	서북서	288	2.5	1030.8	-	11	
2019-12-05 08:00:00	3.4	동남동	118	14.39	30.39	1.06	6.4	1.52	7.5	3.6	서북서	291	2.1	1030.9	-	0	
2019-12-05 08:05:00	2.7	남남서	202	14.38	30.47	1.04	6.5	1.38	7.5	2.0	서북서	285	2.2	1031.0	-	10	
2019-12-05 08:10:00	4.3	남남서	200	14.35	30.38	1.13	6.6	1.84	6.0	3.1	북서	304	2.6	1030.9	-	350	
2019-12-05 08:15:00	7.0	남남동	164	14.34	30.40	1.12	6.7	1.45	7.0	5.5	서북서	291	2.9	1030.9	-	350	
2019-12-05 08:20:00	4.7	남남동	152	14.35	30.41	1.11	6.7	1.63	8.0	5.7	서북서	284	2.9	1031.0	-	351	
2019-12-05 08:25:00	4.7	남동	125	14.36	30.37	1.08	6.8	1.30	5.5	5.7	서북서	299	3.0	1031.1	-	3	
2019-12-05 08:30:00	5.9	남	179	14.30	30.38	1.18	6.7	1.54	7.0	5.9	북서	306	3.1	1031.1	-	2	
2019-12-05 08:35:00	9.4	남남동	148	14.29	30.41	0.97	6.3	1.22	8.0	5.4	북서	305	3.1	1031.2	-	350	
2019-12-05 08:40:00	8.7	남	179	14.27	30.35	1.00	6.9	1.16	6.0	5.3	북서	308	3.1	1031.2	-	6	
2019-12-05 08:45:00	5.1	남	178	14.25	30.39	0.98	7.2	1.20	7.5	5.3	서북서	303	3.0	1031.3	-	359	
2019-12-05 08:50:00	5.6	남	188	14.28	30.40	0.97	7.0	1.13	7.0	4.7	북서	305	3.2	1031.3	-	2	
2019-12-05 08:55:00	5.0	남남동	165	14.27	30.39	1.17	7.3	1.66	8.0	4.9	서북서	291	3.2	1031.3	-	1	
2019-12-05 09:00:00	4.9	남	175	14.27	30.39	1.03	6.4	1.34	6.0	4.2	북서	316	3.1	1031.3	-	345	
2019-12-05 09:05:00	4.6	남남동	160	14.25	30.44	1.02	6.9	1.38	6.0	4.7	북서	320	3.4	1031.3	-	337	
2019-12-05 09:10:00	7.3	남	173	14.26	30.45	1.11	7.2	1.82	7.5	4.9	북서	316	3.4	1031.3	-	5	
2019-12-05 09:15:00	4.5	남남서	205	14.25	30.45	1.13	6.8	1.43	7.0	4.7	북서	319	3.3	1031.4	-	356	
2019-12-05 09:20:00	4.1	남서	223	14.29	30.51	1.07	6.4	1.76	7.5	5.4	북서	321	3.6	1031.3	-	354	
2019-12-05 09:25:00	4.2	남	176	14.30	30.43	1.05	6.2	1.31	7.5	5.0	북서	310	3.6	1031.3	-	342	
2019-12-05 09:30:00	5.8	남	190	14.28	30.45	1.02	6.8	1.34	6.5	6.7	북서	311	3.8	1031.3	-	13	
2019-12-05 09:35:00	6.3	남	177	14.25	30.44	1.23	7.1	1.79	6.5	6.7	북서	309	3.9	1031.2	-	29	
2019-12-05 09:40:00	5.6	남남서	195	14.26	30.45	1.29	7.1	1.59	8.5	7.8	서북서	295	3.9	1031.2	-	8	
2019-12-05 09:45:00	5.0	남	186	14.26	30.43	1.31	7.2	1.69	7.5	7.9	서북서	298	3.8	1031.3	-	350	
2019-12-05 09:50:00	7.0	남남서	212	14.24	30.43	1.40	7.6	1.53	8.5	7.3	서북서	302	3.8	1031.3	-	13	
2019-12-05 09:55:00	3.2	남남동	150	14.20	30.44	1.13	6.2	1.55	7.5	7.2	서북서	297	3.7	1031.4	-	359	
2019-12-05 10:00:00	4.2	남남서	209	14.17	30.47	1.10	7.3	1.50	8.5	8.6	서북서	300	3.9	1031.3	-	32	
2019-12-05 10:05:00	4.9	남남서	193	14.21	30.48	1.30	7.4	1.59	7.5	7.6	서북서	298	3.7	1031.3	-	4	
2019-12-05 10:10:00	7.2	남	185	14.24	30.46	1.32	7.1	1.64	5.0	5.9	북서	322	3.6	1031.4	-	4	
2019-12-05 10:15:00	1.4	서남서	258	14.21	30.47	1.30	6.6	1.58	6.5	7.0	서북서	293	3.7	1031.4	-	2	
2019-12-05 10:20:00	5.8	남서	233	14.20	30.47	1.20	7.3	1.56	6.5	7.3	북서	305	3.5	1031.3	-	16	
2019-12-05 10:25:00	3.5	남	174	14.16	30.45	1.25	7.4	1.96	8.0	8.6	북서	307	3.7	1031.2	-	6	
2019-12-05 10:30:00	6.3	서남서	242	14.16	30.48	1.24	7.1	1.97	7.0	6.7	서북서	297	3.8	1031.2	-	12	
2019-12-05 10:35:00	1.3	동	89	14.14	30.46	1.12	6.6	1.39	7.0	7.0	북서	309	4.0	1031.2	-	25	
2019-12-05 10:40:00	1.8	남남동	156	14.13	30.46	1.06	6.3	1.81	7.0	7.3	북서	307	3.9	1031.2	-	27	
2019-12-05 10:45:00	6.5	남	175	14.11	30.45	1.18	6.7	1.44	6.0	7.3	서북서	284	3.9	1031.2	-	19	
2019-12-05 10:50:00	4.3	남동	139	14.05	30.45	1.20	6.7	1.52	8.0	8.1	서	278	3.8	1031.2	-	25	
2019-12-05 10:55:00	1.7	서	268	14.04	30.43	1.31	7.4	1.74	6.5	6.9	서북서	297	3.8	1031.2	-	8	
2019-12-05 11:00:00	1.6	남서	229	14.04	30.44	1.10	6.8	1.39	6.0	7.9	서북서	298	3.9	1031.1	-	352	
2019-12-05 11:05:00	6.8	남서	224	14.02	30.43	1.19	6.9	1.54	9.0	7.6	서북서	293	3.7	1031.1	-	17	
2019-12-05 11:10:00	1.4	동북동	73	13.98	30.46	1.46	7.2	1.85	7.5	8.4	서북서	293	4.2	1031.1	-	3	
2019-12-05 11:15:00	6.1	남남동	160	13.95	30.39	1.10	6.6	1.49	6.0	7.3	서북서	291	4.0	1031.2	-	9	
2019-12-05 11:20:00	4.1	동	89	13.93	30.41	1.21	6.7	1.66	7.0	7.0	서북서	299	3.9	1031.1	-	10	
2019-12-05 11:25:00	1.5	남동	136	13.92	30.40	1.28	6.8	1.73	7.5	8.3	서북서	297	4.1	1030.9	-	12	
2019-12-05 11:30:00	2.6	남서	220	13.92	30.40	1.16	7.2	1.67	6.5	9.0	서북서	290	4.0	1030.7	-	30	
2019-12-05 11:35:00	2.4	남남서	200	13.94	30.40	1.32	7.4	1.59	6.0	9.6	서북서	293	4.1	1030.6	-	30	
2019-12-05 11:40:00	0.9	서남서	238	13.96	30.42	1.29	7.3	1.64	6.0	10.0	서북서	284	4.2	1030.5	-	16	
2019-12-05 11:45:00	2.3	남동	136	13.88	30.41	1.10	7.2	1.44	7.5	9.6	서북서	288	4.3	1030.5	-	38	
2019-12-05 11:50:00	5.8	남남동	151	13.89	30.38	1.15	6.6	1.63	7.0	10.4	서북서	292	4.2	1030.3	-	8	
2019-12-05 11:55:00	1.2	남남동	156	13.86	30.40	1.21	7.1	1.45	8.0	9.8	서북서	295	3.9	1030.3	-	9	
2019-12-05 12:00:00	4.8	남	178	13.85	30.39	1.35	7.3	1.95	6.5	10.9	서북서	298	4.2	1030.1	-	14	
2019-12-05 12:05:00	3.5	동남동	121	13.85	30.39	1.55	7.2	2.03	7.0	11.4	서북서	289	4.3	1030.0	-	40	
2019-12-05 12:10:00	6.0	남	191	13.84	30.38	1.13	6.6	1.38	6.5	10.4	서북서	287	4.3	1030.1	-	1	
2019-12-05 12:15:00	7.3	남남동	155	13.82	30.38	1.15	6.5	1.30	7.5	10.9	서북서	284	4.4	1030.0	-	8	
2019-12-05 12:20:00	5.2	남	174	13.83	30.40	1.76	7.4	2.92	7.0	10.8	서북서	283	4.3	1029.9	-	13	
2019-12-05 12:25:00	2.3	동남동	104	13.81	30.44	1.25	7.3	1.55	7.5	10.0	서북서	290	4.2	1029.9	-	27	
2019-12-05 12:30:00	2.3	서남서	254	13.84	30.41	1.25	6.5	1.67	6.0	9.9	서북서	291	4.5	1029.8	-	9	
2019-12-05 12:35:00	10.6	남	186	13.82	30.42	1.23	7.0	1.67	7.0	10.7	서북서	291	4.4	1029.7	-	23	
2019-12-05 12:40:00	5.4	남	172	13.83	30.43	1.49	7.2	2.14	7.5	10.1	서북서	295	4.4	1029.8	-	10	
2019-12-05 12:45:00	4.9	남서	227	13.85	30.39	1.29	7.1	1.60	7.0	11.0	서북서	286	4.3	1029.7	-	28	
2019-12-05 12:50:00	2.4	남남동	155	13.87	30.45	1.20	6.8	1.59	7.0	10.9	서북서	294	4.5	1029.7	-	18	
2019-12-05 12:55:00	6.4	동남동	115	13.92	30.43	1.29	6.6	2.16	7.0	10.5	서북서	295	4.4	1029.6	-	12	
2019-12-05 13:00:00	2.8	남동	140	13.97	30.44	1.24	6.7	1.56	7.0	11.3	서북서	294	4.4	1029.5	-	23	
2019-12-05 13:05:00	5.7	남동	141	13.96	30.41	1.13	6.6	1.67	6.0	10.6	서북서	290	4.4	1029.7	-	10	
2019-12-05 13:10:00	6.8	동남동	118	13.97	30.42	1.35	7.0	1.71	7.5	10.4	서북서	285	4.6	1029.7	-	9	
2019-12-05 13:15:00	3.4	남남동	152	13.95	30.44	1.23	7.2	2.00	7.0	9.2	서북서	302	4.4	1029.6	-	15	
2019-12-05 13:20:00	7.3	남	185	13.95	30.45	1.18	7.3	1.58	6.5	10.3	서북서	298	4.5	1029.5	-	12	
2019-12-05 13:25:00	4.5	남남동	164	13.96	30.43	1.23	6.9	1.72	5.5	11.3	서북서	294	4.6	1029.5	-	17	
2019-12-05 13:30:00	5.9	남	188	13.97	30.43	1.03	6.5	1.32	6.0	12.0	서북서	293	4.6	1029.4	-	25	
2019-12-05 13:35:00	3.2	동남동	110	13.96	30.43	1.31	6.9	1.75	6.5	11.1	서북서	293	4.5	1029.5	-	359	
2019-12-05 13:40:00	5.4	남남서	208	13.97	30.44	1.49	7.1	1.99	6.5	11.3	서북서	293	4.6	1029.5	-	29	
2019-12-05 13:45:00	1.3	남	185	13.97	30.42	1.45	7.0	1.85	8.5	10.0	서북서	290	4.5	1029.4	-	27	
2019-12-05 13:50:00	3.1	서북서	288	13.97	30.47	1.31	6.8	1.94	8.0	11.0	서북서	300	4.6	1029.4	-	6	
2019-12-05 13:55:00	2.8	북북동	33	13.97	30.43	1.49	7.0	2.03	8.0	10.8	서북서	293	4.6	1029.6	-	27	
2019-12-05 14:00:00	4.7	남동	141	13.99	30.43	1.38	7.3	1.61	8.0	10.6	서북서	284	4.6	1029.6	-	10	
2019-12-05 14:05:00	0.8	남	177	14.00	30.43	1.35	7.4	2.03	7.0	9.5	서북서	296	4.5	1029.6	-	22	
2019-12-05 14:10:00	4.5	남남동	151	14.04	30.46	1.17	7.2	1.54	7.0	9.8	서북서	295	4.5	1029.5	-	21	
2019-12-05 14:15:00	4.6	남동	134	14.07	30.45	1.12	7.5	1.40	9.0	8.5	서북서	295	4.5	1029.6	-	51	
2019-12-05 14:20:00	4.4	남남서	194	14.10	30.44	1.31	7.8	1.61	7.5	8.9	북서	308	4.5	1029.5	-	19	
2019-12-05 14:25:00	3.1	동남동	105	14.11	30.49	1.27	7.3	1.48	8.0	9.2	북서	304	4.4	1029.4	-	21	
2019-12-05 14:30:00	3.2	남동	132	14.11	30.45	1.15	7.5	1.51	7.0	7.3	북서	308	4.2	1029.5	-	8	
2019-12-05 14:35:00	8.7	남	176	14.12	30.46	1.45	7.8	1.78	7.5	9.9	서북서	291	4.3	1029.4	-	28	
2019-12-05 14:40:00	9.3	남남동	155	14.12	30.45	1.48	7.3	2.43	7.0	9.5	서북서	303	4.4	1029.5	-	18	
2019-12-05 14:45:00	4.4	남동	138	14.12	30.45	1.15	6.8	1.94	7.0	8.9	북서	310	4.3	1029.4	-	4	
2019-12-05 14:50:00	2.6	남남서	202	14.11	30.47	1.57	7.5	2.00	6.5	10.0	북서	306	4.3	1029.4	-	24	
2019-12-05 14:55:00	9.4	남남동	160	14.12	30.50	1.19	7.4	1.70	6.0	9.6	북서	306	4.4	1029.5	-	30	
2019-12-05 15:00:00	5.1	남	184	14.13	30.49	1.50	7.5	1.95	6.5	9.7	북서	307	4.4	1029.5	-	35	
2019-12-05 15:05:00	4.9	남	172	14.14	30.49	1.44	7.3	1.69	7.5	8.7	북서	310	4.1	1029.7	-	30	
2019-12-05 15:10:00	0.5	북북동	34	14.14	30.46	1.44	7.6	1.78	8.0	8.9	서북서	303	4.3	1029.8	-	15	
2019-12-05 15:15:00	7.5	남남동	163	14.14	30.49	1.61	7.8	2.42	8.0	8.7	서북서	295	4.2	1029.7	-	27	
2019-12-05 15:20:00	4.3	남남동	160	14.13	30.48	1.39	7.0	1.86	6.5	9.4	서북서	299	4.3	1029.8	-	27	
2019-12-05 15:25:00	1.7	남남서	213	14.14	30.43	1.46	8.0	2.18	8.0	9.1	북서	306	4.3	1029.9	-	31	
2019-12-05 15:30:00	2.5	남남동	150	14.13	30.45	1.23	6.7	1.80	9.5	9.0	서북서	287	4.3	1030.0	-	50	
2019-12-05 15:35:00	4.1	남	179	14.13	30.44	1.32	7.7	1.89	9.0	9.3	서북서	289	4.1	1030.0	-	1	
2019-12-05 15:40:00	2.4	남동	141	14.14	30.46	1.78	7.6	2.32	7.5	8.1	서북서	292	4.0	1030.1	-	10	
2019-12-05 15:45:00	2.1	남남서	193	14.14	30.46	1.26	7.1	1.62	6.5	9.5	서북서	292	4.1	1030.0	-	20	
2019-12-05 15:50:00	3.5	남남동	168	14.14	30.47	1.16	7.3	1.46	8.0	8.8	서북서	298	3.9	1030.1	-	44	
2019-12-05 15:55:00	5.8	남동	130	14.15	30.48	1.87	7.7	2.53	7.5	9.2	서북서	298	4.0	1030.1	-	21	
2019-12-05 16:00:00	4.7	남남동	156	14.18	30.49	1.37	7.7	2.15	7.0	8.4	서북서	303	4.0	1030.2	-	25	
2019-12-05 16:05:00	4.9	남남동	151	14.19	30.46	1.55	7.3	2.38	7.5	8.4	서북서	301	3.9	1030.2	-	23	
2019-12-05 16:10:00	3.6	남남서	195	14.20	30.47	1.75	7.8	2.08	8.5	8.3	서북서	298	3.9	1030.3	-	44	
2019-12-05 16:15:00	8.9	남동	140	14.21	30.46	1.41	7.6	1.81	7.0	8.2	북서	305	3.8	1030.4	-	21	
2019-12-05 16:20:00	6.4	남동	136	14.22	30.47	1.39	7.4	2.43	7.5	8.5	북서	306	3.9	1030.5	-	31	
2019-12-05 16:25:00	8.7	남	169	14.23	30.48	1.79	7.5	2.23	7.5	8.0	북서	307	3.8	1030.5	-	19	
2019-12-05 16:30:00	8.4	남	183	14.25	30.47	1.83	7.3	2.66	7.5	8.2	서북서	292	3.7	1030.5	-	20	
2019-12-05 16:35:00	3.6	남남동	168	14.25	30.48	1.65	8.0	2.13	7.0	8.5	서북서	287	3.7	1030.6	-	36	
2019-12-05 16:40:00	4.6	남동	145	14.26	30.52	1.28	7.8	1.84	7.5	9.7	서북서	288	3.6	1030.4	-	35	
2019-12-05 16:45:00	9.9	남동	127	14.27	30.49	1.46	7.7	2.24	7.0	9.2	서북서	298	3.4	1030.4	-	4	
2019-12-05 16:50:00	6.7	남남동	160	14.28	30.51	1.52	8.0	2.00	7.0	9.2	서북서	292	3.3	1030.4	-	42	
2019-12-05 16:55:00	4.4	남동	136	14.29	30.51	1.62	7.8	1.99	9.0	9.1	서북서	293	3.2	1030.4	-	15	
2019-12-05 17:00:00	2.1	남동	143	14.30	30.50	1.83	7.7	2.31	7.5	10.0	서북서	289	3.1	1030.5	-	17	
2019-12-05 17:05:00	3.5	남동	145	14.30	30.50	1.39	7.7	1.63	7.5	10.0	서북서	289	3.1	1030.4	-	14	
2019-12-05 17:10:00	12.3	동남동	119	14.32	30.51	1.83	7.9	2.32	7.5	10.2	서북서	287	2.9	1030.4	-	16	
2019-12-05 17:15:00	6.8	남남동	153	14.34	30.52	1.61	7.7	2.01	7.5	9.0	서북서	290	2.8	1030.7	-	23	
2019-12-05 17:20:00	7.5	동남동	114	14.37	30.49	1.69	7.8	2.02	8.5	8.7	서북서	298	2.7	1031.0	-	25	
2019-12-05 17:25:00	3.0	남남동	164	14.38	30.51	1.68	7.4	2.03	6.0	9.3	서북서	300	2.6	1031.1	-	29	
2019-12-05 17:30:00	8.6	남동	141	14.38	30.49	1.87	8.5	2.32	8.5	8.8	서북서	302	2.3	1031.1	-	39	
2019-12-05 17:35:00	4.1	남남동	155	14.39	30.50	1.98	8.5	2.87	8.5	9.3	서북서	295	2.6	1031.4	-	20	
2019-12-05 17:40:00	7.7	남동	141	14.39	30.51	1.59	8.3	2.07	8.0	9.2	서북서	295	2.3	1031.3	-	41	
2019-12-05 17:45:00	8.8	남남동	167	14.39	30.52	1.74	7.6	2.19	7.5	10.0	서북서	299	2.4	1031.4	-	34	
2019-12-05 17:50:00	3.2	남남서	196	14.41	30.45	1.54	8.2	1.88	9.0	9.6	서북서	296	2.3	1031.6	-	37	
2019-12-05 17:55:00	7.3	남동	143	14.42	30.46	1.76	7.7	2.23	7.5	9.7	서북서	286	2.1	1031.6	-	40	
2019-12-05 18:00:00	9.0	동남동	121	14.42	30.50	1.32	7.4	1.66	8.5	9.4	서북서	291	2.0	1031.7	-	20	
2019-12-05 18:05:00	7.3	남동	128	14.43	30.52	1.60	8.1	2.00	9.0	10.3	서북서	299	2.1	1032.0	-	29	
2019-12-05 18:10:00	8.2	남동	126	14.42	30.54	1.41	7.9	1.83	7.0	8.9	서북서	297	1.9	1032.3	-	41	
2019-12-05 18:15:00	3.6	남남동	156	14.41	30.52	1.58	8.3	2.20	7.5	9.1	서북서	299	1.8	1032.4	-	30	
2019-12-05 18:20:00	11.8	남	180	14.42	30.52	1.71	8.4	2.89	8.0	9.5	서북서	292	1.7	1032.4	-	32	
2019-12-05 18:25:00	5.9	남남동	160	14.41	30.53	1.82	8.2	2.30	7.0	10.1	서북서	294	1.6	1032.4	-	40	
2019-12-05 18:30:00	-	-	-	-	-	0.00	0.0	0.00	0.0	7.2	서북서	285	1.5	-	-	0	
2019-12-05 18:35:00	2.6	남동	143	14.44	30.48	1.49	7.3	1.97	7.0	9.6	서북서	297	1.6	1032.5	-	26	
2019-12-05 18:40:00	7.8	남남동	150	14.43	30.47	1.74	8.2	2.31	7.5	9.9	서북서	290	1.4	1032.7	-	32	
2019-12-05 18:45:00	5.1	남남서	192	14.43	30.46	1.84	9.0	2.35	8.5	9.2	서북서	297	1.2	1032.6	-	34	
2019-12-05 18:50:00	7.8	남남동	160	14.44	30.47	1.76	8.3	2.34	9.0	8.9	서북서	297	1.2	1032.8	-	35	
2019-12-05 18:55:00	5.6	남남동	154	14.44	30.46	1.45	8.2	1.78	9.0	7.7	서북서	301	1.1	1033.0	-	40	
2019-12-05 19:00:00	8.2	남남동	164	14.43	30.46	1.72	8.2	2.05	8.5	8.2	서북서	301	1.0	1033.2	-	19	
2019-12-05 19:05:00	5.9	남동	126	14.42	30.44	1.69	7.7	2.47	8.5	8.7	북서	304	1.1	1033.2	-	18	
2019-12-05 19:10:00	13.3	남	172	14.46	30.45	1.51	7.9	1.89	8.0	9.5	서북서	283	1.2	1033.1	-	9	
2019-12-05 19:15:00	6.8	남남서	192	14.47	30.43	1.61	8.5	2.28	8.0	9.2	서북서	296	1.1	1033.1	-	20	
2019-12-05 19:20:00	4.8	남동	146	14.48	30.38	1.81	8.5	2.03	8.5	8.8	서북서	295	1.0	1033.3	-	21	
2019-12-05 19:25:00	6.5	남남서	212	14.46	30.44	1.59	8.2	1.99	8.5	9.2	서북서	296	0.8	1033.5	-	26	
2019-12-05 19:30:00	6.5	남남동	164	14.46	30.45	1.63	8.5	2.02	7.5	9.4	북서	306	0.7	1033.7	-	28	
2019-12-05 19:35:00	0.3	북	351	14.47	30.47	1.67	8.3	2.41	8.0	9.6	서북서	302	0.7	1033.8	-	31	
2019-12-05 19:40:00	9.3	남남동	165	14.48	30.45	1.39	8.0	1.72	7.0	9.7	서북서	296	0.6	1033.7	-	16	
2019-12-05 19:45:00	7.5	남남서	192	14.49	30.50	1.27	7.7	1.90	8.0	10.0	서북서	299	0.5	1033.7	-	26	
2019-12-05 19:50:00	4.6	남	191	14.48	30.45	1.69	8.1	2.79	9.0	9.5	서북서	296	0.6	1033.8	-	22	
2019-12-05 19:55:00	7.7	동	89	14.47	30.46	1.65	7.8	2.14	7.5	9.5	서북서	294	0.5	1033.9	-	26	
2019-12-05 20:00:00	8.5	남동	143	14.49	30.48	1.55	8.5	1.82	8.0	9.1	서북서	286	0.2	1034.1	-	21	
2019-12-05 20:05:00	6.8	남남동	157	14.49	30.46	1.86	7.7	2.74	7.5	8.0	서북서	284	-0.1	1034.2	-	35	
2019-12-05 20:10:00	7.5	남동	136	14.48	30.46	1.63	7.6	2.35	7.5	7.4	서북서	285	-0.3	1034.3	-	28	
2019-12-05 20:15:00	10.5	남동	142	14.46	30.47	1.43	8.0	1.72	8.0	7.6	서북서	286	-0.2	1034.4	-	34	
2019-12-05 20:20:00	7.5	남남서	213	14.45	30.49	1.69	8.2	2.09	7.5	7.1	서북서	289	0.0	1034.4	-	25	
2019-12-05 20:25:00	9.8	남	184	14.47	30.48	1.67	7.8	2.27	8.5	6.8	서북서	286	-0.3	1034.3	-	36	
2019-12-05 20:30:00	5.6	남동	144	14.47	30.39	1.42	7.7	2.08	7.5	6.8	서북서	295	-0.4	1034.2	-	29	
2019-12-05 20:35:00	8.0	남	176	14.48	30.42	2.13	7.8	2.96	8.5	6.9	서북서	297	-0.4	1034.2	-	32	
2019-12-05 20:40:00	5.5	남남서	201	14.50	30.43	1.88	8.2	2.95	9.0	6.3	서북서	285	-0.7	1034.3	-	32	
2019-12-05 20:45:00	8.0	남남서	193	14.49	30.45	1.38	8.1	1.66	8.0	5.8	서	277	-0.6	1034.4	-	28	
2019-12-05 20:50:00	7.0	남남서	194	14.51	30.51	1.80	7.8	2.46	8.0	6.0	서북서	293	-0.6	1034.5	-	37	
2019-12-05 20:55:00	9.5	남	176	14.50	30.46	1.72	7.8	2.24	8.0	6.3	서	281	-0.8	1034.5	-	28	
2019-12-05 21:00:00	4.1	남남동	166	14.49	30.46	2.01	8.5	2.88	8.0	6.7	서북서	285	-0.7	1034.5	-	27	
2019-12-05 21:05:00	5.1	남	177	14.50	30.42	1.47	8.5	2.30	7.0	6.1	서북서	284	-0.8	1034.5	-	23	
2019-12-05 21:10:00	2.6	남	171	14.49	30.44	1.57	8.1	2.16	8.0	6.4	서북서	289	-0.7	1034.7	-	18	
2019-12-05 21:15:00	5.8	남남서	213	14.50	30.50	2.13	8.1	2.57	7.0	6.3	서북서	293	-0.8	1034.8	-	40	
2019-12-05 21:20:00	4.8	남남서	213	14.50	30.39	1.85	8.1	2.42	8.5	6.5	서북서	295	-0.8	1034.8	-	7	
2019-12-05 21:25:00	2.2	남서	214	14.51	30.48	1.60	7.7	2.24	7.5	6.6	서북서	291	-0.8	1034.8	-	17	
2019-12-05 21:30:00	6.2	남남서	206	14.50	30.50	1.45	8.0	2.32	8.0	6.8	서북서	292	-0.8	1034.8	-	26	
2019-12-05 21:35:00	3.5	남남동	155	14.48	30.54	1.79	8.8	2.25	9.0	6.5	서	281	-0.9	1034.9	-	33	
2019-12-05 21:40:00	4.5	남	173	14.46	30.52	1.85	8.0	2.73	8.0	6.0	서북서	293	-0.9	1034.9	-	27	
2019-12-05 21:45:00	0.5	남남동	163	14.47	30.49	1.67	7.7	1.99	8.5	5.7	서북서	291	-0.9	1035.0	-	16	
2019-12-05 21:50:00	7.1	남남동	151	14.49	30.50	1.74	8.1	2.39	8.0	6.2	서북서	292	-1.0	1035.0	-	27	
2019-12-05 21:55:00	4.6	남	182	14.50	30.47	1.85	8.0	3.34	8.0	5.6	서북서	293	-1.3	1035.0	-	21	
2019-12-05 22:00:00	4.6	남남동	163	14.48	30.48	1.60	8.1	1.97	8.5	5.9	서북서	296	-1.3	1034.9	-	40	
2019-12-05 22:05:00	5.9	남	170	14.48	30.48	1.48	7.5	2.25	7.5	5.8	서북서	288	-1.3	1034.9	-	356	
2019-12-05 22:10:00	2.4	남남동	168	14.49	30.48	1.62	8.6	2.33	7.5	5.1	서	281	-1.0	1035.0	-	29	
2019-12-05 22:15:00	5.4	남남동	160	14.49	30.40	1.74	8.2	2.33	7.5	4.6	서북서	282	-1.1	1035.0	-	14	
2019-12-05 22:20:00	5.3	남	185	14.49	30.41	1.84	7.9	2.33	8.0	5.2	서	275	-1.3	1035.1	-	42	
2019-12-05 22:25:00	4.8	남남동	151	14.49	30.40	1.97	7.9	2.40	8.5	5.2	서	267	-1.4	1035.1	-	32	
2019-12-05 22:30:00	5.8	남	182	14.47	30.43	1.86	8.0	2.28	8.0	5.0	서	272	-1.4	1035.1	-	28	
2019-12-05 22:35:00	3.2	남서	216	14.46	30.45	1.89	7.5	2.72	8.0	5.4	서	270	-1.4	1035.2	-	18	
2019-12-05 22:40:00	3.5	남서	227	14.49	30.45	1.94	8.3	2.51	9.0	5.7	서	261	-1.4	1035.1	-	26	
2019-12-05 22:45:00	2.5	남남동	149	14.49	30.44	2.14	8.1	2.80	8.5	5.2	서	281	-1.5	1035.1	-	28	
2019-12-05 22:50:00	2.7	남서	226	14.47	30.43	1.97	8.0	2.65	7.5	5.3	서	274	-1.5	1035.2	-	11	
2019-12-05 22:55:00	4.0	남남동	163	14.47	30.43	2.16	8.0	3.09	7.5	5.0	서	260	-1.4	1035.2	-	28	
2019-12-05 23:00:00	3.3	남남서	210	14.48	30.46	1.59	8.6	2.04	8.5	5.5	서남서	244	-2.0	1035.2	-	33	
2019-12-05 23:05:00	1.8	남남동	168	14.47	30.46	1.99	8.5	2.78	7.5	5.7	서남서	251	-2.2	1035.1	-	21	
2019-12-05 23:10:00	6.6	남	177	14.46	30.44	1.93	7.9	2.83	8.0	5.4	서남서	254	-2.2	1035.2	-	36	
2019-12-05 23:15:00	2.5	남남서	196	14.47	30.46	1.76	8.0	2.01	8.5	5.4	서남서	243	-2.1	1035.3	-	27	
2019-12-05 23:20:00	2.1	남남서	195	14.44	30.47	2.12	7.9	3.26	8.0	5.6	서남서	244	-2.3	1035.3	-	16	
2019-12-05 23:25:00	5.3	남	176	14.43	30.48	1.80	8.6	2.20	8.0	6.2	서남서	243	-2.4	1035.4	-	32	
2019-12-05 23:30:00	5.9	남동	144	14.44	30.44	1.89	7.1	3.25	7.0	6.1	서남서	247	-2.5	1035.5	-	16	
2019-12-05 23:35:00	0.8	남남서	208	14.43	30.47	1.54	7.6	1.97	7.0	5.6	서남서	254	-2.3	1035.5	-	8	
2019-12-05 23:40:00	1.2	남	183	14.43	30.45	2.13	8.0	3.22	8.0	5.4	서남서	251	-2.3	1035.4	-	19	
2019-12-05 23:45:00	1.6	동남동	102	14.44	30.50	2.13	8.1	2.50	8.0	6.0	서남서	243	-2.4	1035.4	-	24	
2019-12-05 23:50:00	1.1	남서	220	14.43	30.46	2.07	8.0	2.40	7.5	6.2	서남서	245	-2.4	1035.4	-	23	
2019-12-05 23:55:00	3.0	서	278	14.43	30.42	2.02	8.0	2.69	7.5	5.6	서남서	242	-2.5	1035.5	-	24	
2019-12-06 00:00:00	2.7	동북동	70	14.43	30.44	1.99	8.1	3.01	8.5	5.8	서남서	244	-2.5	1035.5	-	19	
2019-12-06 00:05:00	2.4	남동	135	14.41	30.45	1.63	8.7	2.14	8.5	5.9	서남서	244	-2.4	1035.5	-	8	
2019-12-06 00:10:00	4.2	동남동	111	14.41	30.46	2.24	8.2	2.75	7.5	6.2	서남서	253	-2.3	1035.5	-	19	
2019-12-06 00:15:00	4.5	남남서	193	14.43	30.42	1.38	7.1	2.09	7.5	6.3	서남서	244	-2.2	1035.5	-	3	
2019-12-06 00:20:00	2.0	북북서	330	14.43	30.45	1.77	8.0	2.35	7.5	6.6	남서	230	-2.5	1035.5	-	51	
2019-12-06 00:25:00	2.8	남서	228	14.42	30.47	2.26	8.9	2.85	8.0	7.3	남서	236	-2.6	1035.3	-	34	
2019-12-06 00:30:00	0.7	남서	223	14.43	30.44	1.72	7.5	2.16	8.0	7.3	서남서	242	-2.3	1035.3	-	17	
2019-12-06 00:35:00	2.9	동남동	117	14.42	30.45	2.07	8.7	2.45	8.0	7.0	서남서	240	-2.3	1035.1	-	35	
2019-12-06 00:40:00	2.3	동북동	62	14.43	30.45	1.67	7.8	2.93	8.0	7.5	남서	231	-2.2	1035.1	-	22	
2019-12-06 00:45:00	0.5	동	100	14.42	30.44	1.62	8.5	2.12	8.0	7.3	서남서	238	-2.2	1035.0	-	34	
2019-12-06 00:50:00	3.3	남동	143	14.43	30.45	1.82	8.1	2.22	7.0	7.2	남서	236	-2.4	1035.0	-	27	
2019-12-06 00:55:00	2.8	북북서	328	14.42	30.44	1.40	7.8	1.60	8.0	7.0	서남서	238	-2.6	1034.9	-	37	
2019-12-06 01:00:00	0.7	북서	317	14.40	30.46	1.28	7.1	1.76	7.0	7.0	서남서	239	-2.8	1034.8	-	15	
2019-12-06 01:05:00	2.0	남서	219	14.40	30.44	1.62	8.3	2.08	7.5	6.8	서남서	248	-2.8	1034.8	-	21	
2019-12-06 01:10:00	1.9	남남동	161	14.42	30.45	2.00	8.3	2.63	7.5	7.1	서남서	250	-2.8	1034.8	-	15	
2019-12-06 01:15:00	1.2	북서	311	14.39	30.44	1.69	8.6	2.21	8.5	7.0	서남서	252	-2.7	1034.7	-	40	
2019-12-06 01:20:00	3.9	북북서	330	14.38	30.46	1.77	8.6	2.46	9.0	7.6	서남서	243	-2.8	1034.6	-	44	
2019-12-06 01:25:00	4.3	서북서	290	14.40	30.47	1.79	8.5	2.50	8.0	8.1	서남서	244	-2.7	1034.5	-	38	
2019-12-06 01:30:00	1.7	북북서	335	14.41	30.45	1.77	8.5	2.12	8.0	7.6	서남서	239	-2.5	1034.5	-	31	
2019-12-06 01:35:00	1.1	서북서	284	14.41	30.45	1.62	8.8	2.15	9.0	7.4	서남서	241	-2.5	1034.5	-	25	
2019-12-06 01:40:00	2.7	서	281	14.39	30.48	1.27	8.0	1.99	8.0	7.2	서남서	238	-2.8	1034.5	-	33	
2019-12-06 01:45:00	1.8	서북서	299	14.41	30.46	1.76	8.3	2.35	9.0	7.0	서남서	239	-2.7	1034.5	-	28	
2019-12-06 01:50:00	4.6	서남서	250	14.42	30.47	1.45	8.0	2.18	7.5	6.8	서남서	239	-2.8	1034.5	-	17	
2019-12-06 01:55:00	2.1	서	274	14.42	30.46	1.56	8.0	2.38	8.5	6.6	서남서	245	-2.8	1034.5	-	33	
2019-12-06 02:00:00	1.6	남남서	213	14.38	30.45	1.35	7.9	1.73	7.5	7.3	서남서	243	-2.9	1034.5	-	18	
2019-12-06 02:05:00	2.9	북서	324	14.39	30.43	1.54	8.3	1.80	7.5	7.1	서남서	237	-2.6	1034.5	-	22	
2019-12-06 02:10:00	1.4	북북서	346	14.40	30.45	1.59	8.3	2.17	7.5	7.0	남서	233	-2.7	1034.6	-	13	
2019-12-06 02:15:00	3.4	서	264	14.39	30.45	1.36	7.5	1.80	7.5	6.6	남서	233	-2.6	1034.6	-	25	
2019-12-06 02:20:00	3.2	남서	227	14.39	30.43	1.84	8.0	2.48	7.5	6.5	남서	233	-2.5	1034.6	-	25	
2019-12-06 02:25:00	5.0	서남서	247	14.40	30.47	1.77	8.1	2.41	8.0	6.7	남서	236	-2.5	1034.5	-	22	
2019-12-06 02:30:00	1.9	서북서	282	14.40	30.45	1.39	8.0	1.69	8.0	7.0	남서	234	-2.4	1034.4	-	15	
2019-12-06 02:35:00	3.2	북북동	19	14.36	30.48	1.64	8.0	1.75	8.5	7.6	남서	232	-2.4	1034.4	-	31	
2019-12-06 02:40:00	2.5	북	358	14.37	30.46	1.50	7.6	2.02	7.5	7.8	남서	233	-2.6	1034.4	-	18	
2019-12-06 02:45:00	2.1	서북서	283	14.37	30.48	1.49	7.8	1.87	8.0	7.4	서남서	237	-2.5	1034.4	-	36	
2019-12-06 02:50:00	3.0	서남서	256	14.37	30.48	1.59	7.6	2.51	8.0	7.8	남서	236	-2.6	1034.4	-	17	
2019-12-06 02:55:00	4.2	남남서	197	14.38	30.46	1.39	8.0	1.63	8.0	7.4	서남서	237	-2.4	1034.4	-	22	
2019-12-06 03:00:00	6.1	북서	325	14.37	30.47	1.22	8.0	1.53	7.0	7.5	서남서	238	-2.4	1034.3	-	20	
2019-12-06 03:05:00	2.0	서북서	296	14.38	30.47	1.32	8.0	1.70	8.5	7.0	서남서	237	-2.6	1034.3	-	24	
2019-12-06 03:10:00	1.6	북북서	327	14.39	30.43	1.37	8.1	2.31	7.5	7.4	서남서	240	-2.7	1034.2	-	19	
2019-12-06 03:15:00	2.3	서남서	257	14.38	30.44	1.69	8.1	2.38	7.5	7.1	남서	233	-2.7	1034.2	-	25	
2019-12-06 03:20:00	5.3	서	274	14.39	30.38	1.38	7.9	1.82	7.0	6.9	남서	232	-2.9	1034.2	-	10	
2019-12-06 03:25:00	3.0	북	349	14.37	30.29	1.56	7.4	1.91	7.5	6.3	남서	232	-2.8	1034.2	-	34	
2019-12-06 03:30:00	2.2	서	272	14.38	30.29	1.26	7.8	1.61	7.5	6.9	남서	232	-2.7	1034.1	-	27	
2019-12-06 03:35:00	2.4	서북서	296	14.38	30.25	1.47	8.1	2.03	8.0	6.5	서남서	239	-2.7	1034.1	-	45	
2019-12-06 03:40:00	2.4	서	264	14.39	30.33	1.43	7.8	2.00	8.0	6.5	남서	236	-2.6	1034.1	-	18	
2019-12-06 03:45:00	1.3	서남서	254	14.38	30.37	1.40	8.3	2.04	7.5	6.6	서남서	237	-2.6	1034.1	-	22	
2019-12-06 03:50:00	3.2	남남동	157	14.37	30.36	1.53	7.5	2.23	8.0	6.7	서남서	240	-2.5	1034.1	-	21	
2019-12-06 03:55:00	1.9	남남동	163	14.36	30.37	1.31	7.7	1.84	7.5	7.4	서남서	238	-2.6	1034.0	-	22	
2019-12-06 04:00:00	2.4	서남서	244	14.36	30.38	1.44	7.8	1.70	7.5	6.7	남서	231	-2.7	1034.0	-	21	
2019-12-06 04:05:00	2.7	북북동	21	14.34	30.37	1.31	7.9	1.85	7.5	6.9	남서	229	-2.6	1034.0	-	9	
2019-12-06 04:10:00	1.7	서	260	14.33	30.40	1.05	8.0	1.43	7.5	7.3	남서	224	-2.5	1034.0	-	11	
2019-12-06 04:15:00	1.2	서남서	245	14.32	30.38	1.25	8.0	1.81	8.0	7.1	남서	227	-2.6	1034.1	-	19	
2019-12-06 04:20:00	2.5	북서	304	14.31	30.42	1.70	8.0	2.30	8.0	6.5	남서	230	-2.6	1034.1	-	28	
2019-12-06 04:25:00	2.4	북북서	346	14.34	30.41	1.39	7.8	2.08	8.0	6.5	남서	229	-2.7	1034.1	-	19	
2019-12-06 04:30:00	1.8	북북동	17	14.35	30.36	1.70	8.0	2.25	8.5	6.1	서남서	241	-2.6	1034.1	-	16	
2019-12-06 04:35:00	1.1	서남서	238	14.34	30.46	1.24	7.6	1.68	9.0	6.3	서남서	238	-2.5	1034.1	-	27	
2019-12-06 04:40:00	2.3	서	259	14.32	30.43	1.34	7.1	1.61	6.5	7.4	남서	233	-2.5	1034.0	-	43	
2019-12-06 04:45:00	4.3	서북서	287	14.33	30.45	1.29	7.5	1.62	8.5	6.9	남서	227	-2.4	1034.0	-	8	
2019-12-06 04:50:00	3.3	북북서	349	14.32	30.42	1.42	7.2	1.82	8.5	6.7	남서	235	-2.4	1034.0	-	30	
2019-12-06 04:55:00	2.6	서북서	298	14.33	30.41	1.23	7.8	2.18	7.5	6.2	남서	232	-2.4	1034.0	-	8	
2019-12-06 05:00:00	4.4	남서	228	14.33	30.43	1.14	7.4	1.62	7.5	6.4	남서	234	-2.5	1034.0	-	16	
2019-12-06 05:05:00	1.5	남남서	210	14.32	30.42	1.21	7.4	1.94	7.5	6.6	남서	225	-2.5	1033.9	-	8	
2019-12-06 05:10:00	1.2	서	259	14.32	30.39	1.26	7.3	1.70	7.0	6.6	남서	221	-2.4	1033.9	-	20	
2019-12-06 05:15:00	1.7	서남서	257	14.30	30.41	1.33	7.8	1.89	7.5	6.2	남서	221	-2.3	1034.0	-	16	
2019-12-06 05:20:00	3.1	서	276	14.30	30.39	1.45	7.7	2.53	8.0	5.7	남서	235	-2.2	1034.1	-	27	
2019-12-06 05:25:00	1.0	북동	50	14.28	30.36	1.35	7.5	1.83	8.0	6.2	서남서	239	-2.1	1034.1	-	27	
2019-12-06 05:30:00	1.5	서	259	14.24	30.31	1.26	7.7	1.66	8.0	5.5	서남서	247	-2.1	1034.2	-	34	
2019-12-06 05:35:00	5.5	북서	313	14.17	30.31	1.34	7.5	1.87	6.5	6.9	남서	234	-1.9	1034.1	-	26	
2019-12-06 05:40:00	3.4	북서	326	14.18	30.28	1.44	7.6	1.82	7.5	7.0	남서	229	-1.8	1034.1	-	24	
2019-12-06 05:45:00	4.0	북북서	328	14.08	30.25	1.25	6.9	2.08	7.5	6.8	남서	231	-1.8	1034.1	-	19	
2019-12-06 05:50:00	2.6	북북서	334	14.08	30.27	1.25	7.2	1.67	7.0	7.4	남서	228	-2.0	1034.1	-	20	
2019-12-06 05:55:00	6.9	북서	321	14.09	30.24	1.34	7.7	1.99	8.0	7.3	남서	229	-1.9	1034.1	-	24	
2019-12-06 06:00:00	4.2	북북서	338	14.09	30.28	1.31	7.2	1.44	7.0	7.4	남서	230	-1.7	1034.0	-	12	
2019-12-06 06:05:00	4.1	서	267	14.11	30.26	1.17	7.6	1.46	6.5	7.4	남서	231	-1.7	1034.0	-	38	
2019-12-06 06:10:00	6.8	북서	311	14.09	30.27	1.29	7.8	1.97	8.0	7.3	남서	225	-1.7	1034.0	-	14	
2019-12-06 06:15:00	4.3	서북서	285	14.06	30.29	1.12	7.4	1.27	7.5	7.4	남서	231	-1.9	1033.9	-	46	
2019-12-06 06:20:00	4.0	북서	316	14.10	30.28	1.30	7.3	1.81	7.5	7.0	남서	229	-2.0	1033.9	-	14	
2019-12-06 06:25:00	3.9	북서	310	14.10	30.23	1.19	7.6	1.63	7.0	7.5	남서	231	-1.9	1033.8	-	24	
2019-12-06 06:30:00	4.3	북북서	342	14.11	30.23	1.25	7.4	1.72	8.0	6.8	남서	229	-2.0	1033.9	-	12	
2019-12-06 06:35:00	2.3	서	277	14.10	30.26	1.33	7.5	1.67	8.0	6.6	남서	230	-1.9	1034.0	-	33	
2019-12-06 06:40:00	0.8	북북서	336	14.11	30.25	1.24	7.3	1.47	7.5	6.9	남서	229	-2.1	1033.9	-	348	
2019-12-06 06:45:00	4.7	북서	324	14.10	30.32	1.26	7.3	1.63	8.0	6.8	남서	231	-1.8	1034.0	-	16	
2019-12-06 06:50:00	2.5	북북동	21	14.10	30.31	1.24	7.3	1.97	6.5	6.4	남서	234	-1.9	1034.0	-	53	
2019-12-06 06:55:00	2.7	북서	306	14.08	30.36	1.25	7.6	1.57	6.0	6.9	남서	233	-2.0	1034.0	-	22	
2019-12-06 07:00:00	1.3	북서	311	14.09	30.32	1.01	7.1	1.31	7.5	7.1	서남서	237	-2.0	1033.9	-	7	
2019-12-06 07:05:00	5.8	북북서	336	14.08	30.32	1.27	7.3	1.99	7.5	6.6	남서	236	-2.0	1033.9	-	27	
2019-12-06 07:10:00	4.0	북북서	331	14.10	30.33	1.11	7.3	1.57	7.5	6.7	서남서	238	-1.7	1033.9	-	33	
2019-12-06 07:15:00	1.3	북서	307	14.11	30.35	1.15	7.7	1.55	8.0	6.9	남서	235	-1.8	1033.8	-	14	
2019-12-06 07:20:00	1.4	서	273	14.11	30.35	1.14	7.4	1.41	8.5	6.6	남서	235	-1.8	1033.8	-	52	
2019-12-06 07:25:00	1.3	북북서	328	14.09	30.34	1.45	7.2	2.06	6.5	7.0	남서	230	-1.8	1033.9	-	14	
2019-12-06 07:30:00	2.2	서	269	14.10	30.38	1.11	7.2	1.48	7.0	6.5	남서	230	-2.1	1033.9	-	37	
2019-12-06 07:35:00	1.9	서	261	14.11	30.37	1.24	7.6	1.51	6.5	6.2	남서	228	-1.9	1033.9	-	19	
2019-12-06 07:40:00	4.1	서	267	14.11	30.40	1.27	7.0	1.64	7.5	6.0	남서	234	-1.8	1034.0	-	11	
2019-12-06 07:45:00	3.2	남서	230	14.11	30.39	0.99	7.2	1.37	7.5	5.9	남서	234	-1.3	1034.0	-	35	
2019-12-06 07:50:00	1.3	서북서	292	14.11	30.37	1.38	7.6	2.13	7.5	6.5	남서	234	-1.5	1033.9	-	21	
2019-12-06 07:55:00	2.1	서	274	14.08	30.39	1.18	8.0	1.74	7.0	6.5	남서	236	-1.5	1033.9	-	46	
2019-12-06 08:00:00	1.3	서	280	14.06	30.37	1.43	8.1	1.92	7.5	6.5	서남서	238	-1.5	1033.8	-	22	
2019-12-06 08:05:00	2.1	남서	236	14.06	30.39	1.35	7.6	1.88	7.0	6.7	남서	236	-1.5	1033.8	-	23	
2019-12-06 08:10:00	1.7	북서	309	14.08	30.36	1.16	7.0	1.52	8.0	6.8	남서	234	-1.3	1033.8	-	13	
2019-12-06 08:15:00	0.9	서북서	287	14.08	30.38	1.59	8.1	1.81	7.5	6.2	남서	229	-1.2	1033.8	-	29	
2019-12-06 08:20:00	1.5	서남서	238	14.09	30.39	1.24	7.4	1.89	7.0	5.9	남서	231	-1.0	1033.8	-	8	
2019-12-06 08:25:00	0.0	남	175	14.09	30.36	1.45	7.2	1.85	7.5	5.8	남서	234	-0.8	1033.8	-	5	
2019-12-06 08:30:00	1.3	동남동	113	14.08	30.37	1.46	7.8	2.09	7.5	5.6	남서	231	-0.5	1033.7	-	35	
2019-12-06 08:35:00	2.2	북	359	14.07	30.39	1.07	7.4	1.29	8.5	5.8	서남서	237	-0.6	1033.7	-	34	
2019-12-06 08:40:00	2.0	북서	321	14.09	30.39	1.29	7.3	1.53	5.5	5.3	남서	236	-0.7	1033.6	-	31	
2019-12-06 08:45:00	0.9	서남서	258	14.05	30.38	1.26	7.7	2.21	7.5	5.3	서남서	245	-0.6	1033.6	-	28	
2019-12-06 08:50:00	0.7	북북동	23	14.04	30.38	1.21	7.2	1.66	7.0	5.3	서남서	242	-0.6	1033.5	-	55	
2019-12-06 08:55:00	0.4	북	5	14.04	30.38	1.07	7.2	1.69	7.5	5.1	서남서	247	-0.6	1033.5	-	40	
2019-12-06 09:00:00	1.5	남동	138	14.06	30.35	1.46	7.5	2.27	7.5	4.7	서남서	242	-0.3	1033.5	-	29	
2019-12-06 09:05:00	0.6	서남서	247	14.05	30.37	1.27	7.0	1.79	7.0	5.2	서남서	245	-0.2	1033.5	-	22	
2019-12-06 09:10:00	2.6	남남동	168	14.07	30.36	1.23	7.5	1.71	7.0	5.0	남서	233	-0.1	1033.6	-	43	
2019-12-06 09:15:00	1.3	북	359	14.07	30.35	1.38	6.9	2.35	6.5	4.8	남서	230	0.1	1033.6	-	14	
2019-12-06 09:20:00	2.6	남	172	14.05	30.38	1.50	7.0	2.14	7.5	5.1	남서	222	0.3	1033.7	-	42	
2019-12-06 09:25:00	2.3	남남서	197	14.07	30.41	1.31	7.2	1.98	7.0	5.3	남서	228	0.3	1033.7	-	31	
2019-12-06 09:30:00	0.5	남남동	161	14.07	30.41	1.34	7.3	1.87	7.5	5.0	남서	231	0.3	1033.7	-	35	
2019-12-06 09:35:00	0.8	북서	304	14.07	30.40	1.22	8.0	1.52	6.0	4.9	남서	236	0.5	1033.6	-	43	
2019-12-06 09:40:00	2.4	동남동	115	14.07	30.40	1.20	7.0	2.02	7.0	4.7	남서	229	0.6	1033.6	-	26	
2019-12-06 09:45:00	1.2	서	281	14.05	30.41	1.11	7.3	1.57	8.0	4.9	남서	231	0.8	1033.7	-	36	
2019-12-06 09:50:00	1.7	남남서	205	14.06	30.39	1.43	8.2	2.27	7.5	4.5	남서	229	0.8	1033.7	-	30	
2019-12-06 09:55:00	1.2	동남동	122	14.04	30.41	1.38	7.3	1.74	7.0	4.4	남서	222	1.1	1033.8	-	31	
2019-12-06 10:00:00	0.7	동북동	66	14.05	30.40	1.17	7.3	1.62	7.0	4.5	남서	225	1.1	1033.8	-	18	
2019-12-06 10:05:00	1.6	북북서	328	14.06	30.40	1.41	7.1	1.99	6.5	4.6	남서	229	1.3	1033.8	-	29	
2019-12-06 10:10:00	5.1	북북서	340	14.07	30.41	1.52	7.4	1.75	7.0	4.5	남서	236	1.4	1033.8	-	43	
2019-12-06 10:15:00	3.4	서남서	250	14.19	30.47	1.33	7.2	1.97	7.5	4.2	남서	232	1.6	1033.8	-	36	
2019-12-06 10:20:00	2.2	서남서	257	14.22	30.47	1.06	6.9	1.49	6.0	4.4	남서	229	1.8	1033.7	-	6	
2019-12-06 10:25:00	3.5	서남서	256	14.23	30.45	1.50	7.7	2.41	7.5	4.5	남서	230	2.0	1033.7	-	48	
2019-12-06 10:30:00	6.3	서남서	248	14.22	30.47	1.44	7.3	1.70	8.0	3.9	남서	230	2.2	1033.7	-	43	
2019-12-06 10:35:00	4.8	남서	218	14.22	30.45	1.36	7.6	1.91	7.0	4.0	남서	228	2.1	1033.7	-	15	
2019-12-06 10:40:00	3.5	북서	312	14.22	30.46	1.39	7.3	2.20	7.5	3.3	남서	227	2.2	1033.7	-	36	
2019-12-06 10:45:00	1.6	서	261	14.22	30.45	1.20	7.5	1.62	7.0	2.5	서남서	238	2.3	1033.6	-	22	
2019-12-06 10:50:00	2.5	서	273	14.22	30.46	1.24	7.3	1.82	7.0	2.1	서남서	237	2.4	1033.5	-	28	
2019-12-06 10:55:00	7.4	서남서	253	14.23	30.48	1.51	7.1	1.87	7.0	1.9	남서	224	2.6	1033.5	-	31	
2019-12-06 11:00:00	6.3	서남서	257	14.24	30.51	1.11	7.3	1.42	7.0	1.5	남서	226	2.9	1033.4	-	30	
2019-12-06 11:05:00	8.1	서남서	253	14.28	30.54	1.40	7.3	1.98	7.0	1.0	서남서	239	3.1	1033.3	-	32	
2019-12-06 11:10:00	8.4	서남서	242	14.33	30.47	1.36	7.5	1.81	7.5	0.9	남서	222	3.2	1033.3	-	24	
2019-12-06 11:15:00	8.3	서남서	257	14.33	30.50	1.30	8.2	2.04	6.0	1.0	서남서	251	3.3	1033.2	-	41	
2019-12-06 11:20:00	8.3	서	263	14.34	30.50	1.46	7.1	2.17	7.5	1.1	서	280	3.4	1033.0	-	37	
2019-12-06 11:25:00	6.3	서	263	14.34	30.49	1.43	7.7	2.00	8.0	1.4	서북서	297	3.5	1032.9	-	39	
2019-12-06 11:30:00	5.1	서남서	244	14.35	30.48	1.01	7.4	1.19	9.0	1.3	서	278	3.3	1032.9	-	23	
2019-12-06 11:35:00	5.3	서북서	290	14.35	30.48	1.40	7.7	2.19	7.5	1.1	서북서	287	3.1	1032.7	-	41	
2019-12-06 11:40:00	6.9	서	274	14.35	30.49	1.43	7.3	2.38	7.0	1.2	서남서	242	3.5	1032.7	-	21	
2019-12-06 11:45:00	4.3	서남서	249	14.36	30.49	1.18	7.3	1.49	6.0	1.6	서북서	290	3.4	1032.7	-	52	
2019-12-06 11:50:00	5.8	서북서	282	14.37	30.50	1.31	7.7	1.75	8.0	1.4	서북서	303	3.5	1032.6	-	50	
2019-12-06 11:55:00	7.9	서	260	14.38	30.50	1.43	7.8	1.71	7.5	1.2	북	6	3.5	1032.5	-	23	
2019-12-06 12:00:00	7.8	서	259	14.39	30.50	1.37	8.1	2.57	8.0	1.1	북	350	3.5	1032.3	-	40	
2019-12-06 12:05:00	6.8	서북서	284	14.39	30.48	1.19	7.5	1.75	7.5	1.0	북북동	25	3.7	1032.2	-	40	
2019-12-06 12:10:00	9.7	서	279	14.40	30.46	1.53	8.1	2.16	7.5	1.4	북북동	20	3.9	1032.1	-	42	
2019-12-06 12:15:00	5.9	서북서	288	14.40	30.48	1.33	8.0	1.93	8.0	1.1	북북동	17	4.1	1031.9	-	37	
2019-12-06 12:20:00	6.8	서	281	14.41	30.46	1.37	8.0	1.83	6.5	1.9	북동	34	3.8	1031.7	-	54	
2019-12-06 12:25:00	7.8	서	275	14.41	30.46	1.25	7.9	1.63	7.5	1.3	동북동	61	3.7	1031.6	-	29	
2019-12-06 12:30:00	7.3	서북서	283	14.41	30.49	1.57	8.1	2.34	7.5	2.0	북북동	25	4.0	1031.6	-	38	
2019-12-06 12:35:00	5.9	서	260	14.42	30.44	1.37	7.6	1.80	8.0	2.0	동북동	74	3.7	1031.4	-	34	
2019-12-06 12:40:00	7.2	서	261	14.42	30.49	1.21	7.6	1.45	8.0	1.6	동북동	61	3.9	1031.4	-	30	
2019-12-06 12:45:00	8.9	서남서	259	14.44	30.50	1.31	7.6	1.93	8.0	1.3	북	9	4.2	1031.3	-	17	
2019-12-06 12:50:00	5.3	서	280	14.46	30.42	1.15	7.2	1.36	6.5	1.0	북북서	341	4.4	1031.3	-	42	
2019-12-06 12:55:00	9.0	서	279	14.47	30.43	1.30	8.0	1.60	7.0	1.2	북북동	14	4.4	1031.2	-	25	
2019-12-06 13:00:00	7.9	서남서	247	14.48	30.45	1.10	7.1	1.49	6.5	1.8	북북동	31	4.3	1031.2	-	33	
2019-12-06 13:05:00	6.6	서	268	14.48	30.45	1.22	7.4	1.45	7.0	0.8	북북동	25	4.3	1031.1	-	49	
2019-12-06 13:10:00	7.9	서	259	14.49	30.46	1.43	7.5	1.93	7.0	1.0	북동	56	4.7	1031.0	-	39	
2019-12-06 13:15:00	9.9	서북서	299	14.50	30.47	1.37	7.8	2.23	7.0	1.5	북동	40	4.5	1030.9	-	24	
2019-12-06 13:20:00	8.7	서북서	288	14.51	30.45	1.71	8.0	2.08	7.0	1.9	북동	50	4.6	1030.8	-	37	
2019-12-06 13:25:00	5.0	북서	323	14.51	30.48	1.28	7.3	1.94	8.0	1.6	동북동	63	4.8	1030.7	-	36	
2019-12-06 13:30:00	11.2	서	276	14.51	30.48	1.63	8.3	2.54	7.5	1.7	북동	38	4.8	1030.7	-	37	
2019-12-06 13:35:00	11.5	서북서	293	14.51	30.48	1.34	7.4	2.37	7.0	1.8	동	80	4.9	1030.7	-	38	
2019-12-06 13:40:00	4.0	서남서	240	14.51	30.48	1.33	7.7	1.89	7.5	1.3	북동	49	5.1	1030.7	-	33	
2019-12-06 13:45:00	3.8	서북서	298	14.51	30.48	1.30	8.3	1.50	7.5	1.2	북동	39	4.8	1030.7	-	18	
2019-12-06 13:50:00	2.9	북북서	337	14.52	30.49	1.58	7.9	2.16	7.5	2.1	북동	51	5.0	1030.6	-	33	
2019-12-06 13:55:00	6.3	서	269	14.52	30.48	1.55	7.2	2.16	6.5	2.2	동북동	59	4.9	1030.5	-	42	
2019-12-06 14:00:00	4.4	북서	314	14.52	30.49	1.46	7.9	1.73	8.0	2.9	북북동	33	5.0	1030.4	-	41	
2019-12-06 14:05:00	13.1	북	350	14.52	30.47	1.51	7.7	1.83	7.0	2.4	북동	50	5.1	1030.5	-	60	
2019-12-06 14:10:00	13.6	서남서	257	14.52	30.47	1.27	7.4	1.81	8.0	1.6	북북동	26	5.2	1030.4	-	29	
2019-12-06 14:15:00	5.8	서북서	289	14.52	30.48	1.36	8.1	1.81	8.0	1.1	북동	37	5.4	1030.3	-	32	
2019-12-06 14:20:00	8.1	서남서	239	14.51	30.48	1.44	7.7	2.13	7.0	2.1	동북동	61	5.3	1030.3	-	34	
2019-12-06 14:25:00	17.4	동북동	79	14.52	30.49	1.43	8.0	1.80	8.0	2.2	북동	44	5.3	1030.2	-	39	
2019-12-06 14:30:00	11.2	북서	321	14.52	30.49	1.18	7.4	1.51	8.0	2.3	동북동	63	5.3	1030.2	-	36	
2019-12-06 14:35:00	22.8	북서	307	14.52	30.50	1.37	7.8	1.57	8.0	2.5	동북동	63	5.4	1030.1	-	39	
2019-12-06 14:40:00	5.8	남서	233	14.52	30.48	1.26	7.5	1.83	7.5	1.6	동북동	64	5.4	1030.1	-	29	
2019-12-06 14:45:00	5.3	서남서	254	14.52	30.50	1.45	8.0	2.34	8.0	1.6	동북동	71	5.4	1030.1	-	46	
2019-12-06 14:50:00	2.3	서북서	303	14.53	30.51	1.44	7.0	2.08	8.0	1.2	동	83	5.7	1030.1	-	55	
2019-12-06 14:55:00	2.8	서북서	291	14.58	30.51	1.23	7.6	1.60	6.5	1.1	동북동	73	5.9	1030.1	-	43	
2019-12-06 15:00:00	4.5	서북서	283	14.59	30.47	1.22	8.0	1.80	8.5	0.9	북동	37	6.1	1030.0	-	40	
2019-12-06 15:05:00	5.0	서남서	258	14.60	30.49	1.16	7.5	1.34	7.5	2.2	북북동	21	5.9	1029.9	-	35	
2019-12-06 15:10:00	8.1	서북서	296	14.60	30.49	1.28	8.5	1.55	8.0	1.8	북	9	5.9	1029.9	-	33	
2019-12-06 15:15:00	15.6	북서	311	14.61	30.47	1.33	7.3	1.80	7.0	1.7	북북동	25	6.0	1029.9	-	35	
2019-12-06 15:20:00	9.4	서북서	294	14.61	30.49	1.23	7.8	1.44	7.5	1.3	북북동	29	6.4	1029.8	-	45	
2019-12-06 15:25:00	5.8	서남서	254	14.60	30.46	1.33	8.3	1.81	7.0	1.2	북동	42	6.2	1029.8	-	34	
2019-12-06 15:30:00	10.9	서북서	291	14.60	30.49	1.17	7.5	2.21	7.5	0.9	북동	51	6.4	1029.9	-	37	
2019-12-06 15:35:00	7.5	북서	306	14.60	30.49	1.02	7.3	1.26	7.5	0.8	남남동	148	6.6	1029.9	-	8	
2019-12-06 15:40:00	8.3	서	280	14.62	30.42	1.06	7.1	1.50	7.5	2.5	남남서	206	6.1	1029.9	-	45	
2019-12-06 15:45:00	7.3	서	278	14.62	30.43	1.06	7.6	1.39	8.0	4.5	남서	218	5.8	1029.8	-	10	
2019-12-06 15:50:00	6.3	서	269	14.62	30.45	1.26	7.2	1.67	7.0	4.9	남서	218	5.7	1029.8	-	43	
2019-12-06 15:55:00	7.9	서	266	14.61	30.44	1.28	7.6	1.55	7.0	4.7	남서	225	5.5	1029.8	-	33	
2019-12-06 16:00:00	8.7	서	270	14.59	30.47	1.18	8.3	1.50	9.0	5.7	남서	228	5.2	1029.7	-	32	
2019-12-06 16:05:00	13.8	서북서	299	14.57	30.48	1.11	7.8	1.54	7.0	5.9	남서	233	5.2	1029.7	-	43	
2019-12-06 16:10:00	4.5	북북서	330	14.59	30.46	1.52	7.4	2.37	8.5	5.8	남서	232	5.1	1029.7	-	33	
2019-12-06 16:15:00	11.9	서남서	244	14.58	30.48	1.21	8.0	1.58	7.5	6.4	남서	230	4.9	1029.7	-	29	
2019-12-06 16:20:00	8.7	남서	230	14.57	30.46	1.15	7.6	1.91	7.5	6.5	남서	235	4.9	1029.7	-	45	
2019-12-06 16:25:00	5.7	남남서	203	14.57	30.46	1.25	7.5	1.77	6.5	6.3	남서	233	4.9	1029.7	-	40	
2019-12-06 16:30:00	11.8	서남서	237	14.56	30.46	1.20	7.3	1.62	7.5	6.6	남서	233	4.8	1029.6	-	48	
2019-12-06 16:35:00	17.4	서북서	303	14.55	30.44	1.21	7.7	1.90	7.0	5.7	남서	228	4.5	1029.7	-	42	
2019-12-06 16:40:00	7.9	북북서	331	14.55	30.46	1.26	7.2	1.65	6.5	6.7	남서	225	4.4	1029.6	-	33	
2019-12-06 16:45:00	13.1	북서	320	14.52	30.46	1.07	8.2	1.28	8.5	6.4	남서	231	4.3	1029.6	-	57	
2019-12-06 16:50:00	6.8	서북서	297	14.53	30.46	1.22	8.0	1.79	8.0	6.2	남서	232	4.0	1029.6	-	37	
2019-12-06 16:55:00	5.9	북서	325	14.52	30.46	1.09	6.8	1.68	7.5	6.3	남서	232	4.0	1029.7	-	57	
2019-12-06 17:00:00	6.9	서북서	283	14.54	30.47	1.15	8.2	1.49	7.5	6.2	남서	230	3.7	1029.6	-	30	
2019-12-06 17:05:00	5.2	북서	323	14.51	30.47	1.29	7.9	1.67	9.0	5.9	남서	235	3.7	1029.7	-	1	
2019-12-06 17:10:00	6.4	북서	313	14.51	30.51	1.16	8.5	1.56	7.0	5.5	남서	230	3.6	1029.8	-	56	
2019-12-06 17:15:00	3.6	북북서	335	14.50	30.52	1.07	7.4	1.56	7.0	6.0	남서	233	3.5	1029.7	-	31	
2019-12-06 17:20:00	8.2	서북서	295	14.52	30.50	1.30	8.1	1.64	7.5	5.2	남서	230	3.4	1029.7	-	41	
2019-12-06 17:25:00	4.9	북서	318	14.50	30.47	1.22	8.0	1.76	8.0	5.2	남서	226	3.4	1029.7	-	34	
2019-12-06 17:30:00	5.6	북서	310	14.48	30.52	1.16	7.9	1.51	7.5	5.4	남서	227	3.3	1029.8	-	18	
2019-12-06 17:35:00	6.7	북북서	327	14.48	30.49	1.09	7.7	1.51	7.5	5.7	남서	229	3.1	1029.7	-	29	
2019-12-06 17:40:00	-	-	-	-	-	0.00	0.0	0.00	0.0	5.8	서남서	246	3.1	-	-	0	
2019-12-06 17:45:00	5.5	서	278	14.48	30.48	1.06	7.8	1.73	7.0	5.9	남서	228	3.0	1029.7	-	33	
2019-12-06 17:50:00	6.1	북북서	343	14.47	30.46	1.20	7.6	1.53	8.5	5.0	남서	227	3.0	1029.8	-	23	
2019-12-06 17:55:00	5.4	북서	324	14.46	30.46	1.26	7.9	2.35	8.0	5.1	남서	225	2.9	1029.9	-	39	
2019-12-06 18:00:00	4.4	북서	325	14.45	30.45	1.22	8.3	1.43	7.5	5.4	남서	228	2.8	1029.9	-	39	
2019-12-06 18:05:00	4.7	서	264	14.46	30.46	1.07	7.7	1.39	7.0	6.1	남서	227	2.7	1029.9	-	37	
2019-12-06 18:10:00	5.2	북서	315	14.46	30.45	1.08	8.0	1.32	7.5	6.5	남서	221	2.7	1029.9	-	25	
2019-12-06 18:15:00	3.6	북서	316	14.47	30.45	1.12	7.8	1.58	7.0	5.8	남서	227	2.8	1029.9	-	46	
2019-12-06 18:20:00	9.9	북북서	337	14.46	30.44	1.70	8.0	2.27	8.0	6.2	남서	227	2.8	1029.9	-	45	
2019-12-06 18:25:00	5.5	북북서	340	14.43	30.34	1.16	8.1	1.45	7.5	6.0	남서	226	2.7	1029.9	-	25	
2019-12-06 18:30:00	5.0	북서	322	14.44	30.39	1.00	7.5	1.39	8.0	6.3	남서	230	2.8	1029.9	-	18	
2019-12-06 18:35:00	5.7	북서	315	14.42	30.35	0.95	7.5	1.21	6.0	6.4	남서	227	2.7	1029.8	-	54	
2019-12-06 18:40:00	6.3	북북서	340	14.41	30.36	1.30	8.0	1.70	8.0	6.7	남서	232	2.7	1029.8	-	40	
2019-12-06 18:45:00	5.8	북북서	329	14.40	30.42	1.02	7.6	1.51	7.5	7.0	남서	230	2.7	1029.7	-	34	
2019-12-06 18:50:00	9.4	북	351	14.42	30.45	1.14	7.7	1.61	7.5	6.9	남서	231	2.6	1029.6	-	36	
2019-12-06 18:55:00	3.7	북서	319	14.40	30.45	1.02	8.1	1.46	7.5	6.9	남서	231	2.5	1029.6	-	31	
2019-12-06 19:00:00	4.9	북북서	346	14.42	30.39	1.28	8.4	1.57	8.5	6.7	남서	228	2.3	1029.6	-	28	
2019-12-06 19:05:00	5.0	북북서	335	14.41	30.44	0.89	8.0	0.97	8.0	6.9	남서	228	2.3	1029.6	-	31	
2019-12-06 19:10:00	7.7	북서	305	14.41	30.44	1.03	7.7	1.51	7.0	7.1	남서	223	2.4	1029.6	-	28	
2019-12-06 19:15:00	5.5	서북서	301	14.41	30.42	1.22	8.1	1.66	7.5	6.9	남서	224	2.2	1029.6	-	34	
2019-12-06 19:20:00	3.6	북북동	31	14.41	30.42	1.11	7.5	1.37	8.0	7.1	남서	229	2.2	1029.6	-	29	
2019-12-06 19:25:00	1.6	서북서	292	14.40	30.41	1.18	8.0	1.68	8.0	7.0	남서	230	2.3	1029.5	-	49	
2019-12-06 19:30:00	6.5	북서	306	14.39	30.43	0.87	7.6	1.15	7.0	7.4	남서	225	2.1	1029.5	-	28	
2019-12-06 19:35:00	3.6	북서	316	14.38	30.42	1.10	7.5	1.44	7.0	7.6	남서	230	2.0	1029.5	-	25	
2019-12-06 19:40:00	2.4	서	263	14.38	30.41	1.07	7.9	1.93	8.0	7.4	남서	232	2.0	1029.5	-	19	
2019-12-06 19:45:00	3.1	북	353	14.36	30.44	0.90	7.3	1.39	6.5	6.8	남서	232	2.0	1029.5	-	24	
2019-12-06 19:50:00	7.0	북서	324	14.35	30.44	1.13	8.5	1.42	8.0	7.5	남서	228	1.8	1029.4	-	44	
2019-12-06 19:55:00	7.6	북북서	327	14.37	30.45	0.92	7.3	1.10	7.0	7.5	남서	233	1.6	1029.4	-	34	
2019-12-06 20:00:00	4.9	북서	308	14.37	30.44	1.08	7.5	1.40	7.0	7.1	남서	234	1.7	1029.4	-	33	
2019-12-06 20:05:00	6.5	북북서	341	14.36	30.44	1.04	8.0	1.64	7.5	7.6	남서	229	1.5	1029.4	-	41	
2019-12-06 20:10:00	6.0	북북서	343	14.35	30.46	0.89	7.1	1.38	7.5	7.2	남서	229	1.5	1029.3	-	20	
2019-12-06 20:15:00	6.8	북	360	14.34	30.46	1.11	8.4	1.55	8.0	6.9	남서	229	1.5	1029.3	-	32	
2019-12-06 20:20:00	7.8	북북서	333	14.35	30.46	1.04	7.5	1.75	7.5	6.7	남서	225	1.5	1029.3	-	25	
2019-12-06 20:25:00	7.1	북서	325	14.34	30.46	1.07	7.9	1.19	7.5	7.2	남서	224	1.4	1029.3	-	47	
2019-12-06 20:30:00	3.9	북북동	23	14.33	30.46	1.04	7.8	1.33	7.0	7.1	남서	228	1.5	1029.3	-	46	
2019-12-06 20:35:00	5.1	북서	311	14.35	30.45	0.99	7.5	1.57	7.0	7.5	서남서	237	1.3	1029.3	-	22	
2019-12-06 20:40:00	2.4	북	355	14.33	30.46	0.93	7.9	1.23	7.0	7.2	서남서	237	1.5	1029.2	-	34	
2019-12-06 20:45:00	5.5	북	350	14.32	30.48	1.08	7.6	1.46	7.5	7.0	남서	233	1.7	1029.3	-	28	
2019-12-06 20:50:00	3.5	북북서	329	14.33	30.47	1.07	7.6	1.37	7.5	6.5	남서	235	1.4	1029.2	-	48	
2019-12-06 20:55:00	4.9	북북서	334	14.33	30.45	0.84	7.6	1.04	6.0	6.7	남서	229	1.2	1029.2	-	35	
2019-12-06 21:00:00	5.1	북북서	331	14.30	30.44	0.95	7.9	1.23	7.5	6.6	남서	230	1.3	1029.1	-	34	
2019-12-06 21:05:00	2.1	북	9	14.31	30.44	0.99	8.0	1.27	7.0	6.8	남서	230	1.5	1029.1	-	43	
2019-12-06 21:10:00	4.9	북북서	333	14.30	30.46	0.89	7.8	1.06	7.0	7.2	남서	234	1.3	1029.0	-	49	
2019-12-06 21:15:00	3.6	북서	312	14.32	30.48	0.77	8.0	0.95	8.0	7.1	남서	231	1.5	1029.0	-	38	
2019-12-06 21:20:00	5.9	북서	312	14.31	30.46	0.83	7.5	1.22	7.0	7.3	남서	229	1.5	1029.0	-	37	
2019-12-06 21:25:00	2.2	북서	326	14.32	30.48	0.75	6.8	1.14	5.5	7.2	남서	232	1.4	1029.0	-	32	
2019-12-06 21:30:00	7.5	북서	312	14.33	30.44	0.94	7.5	1.22	8.0	7.3	남서	233	1.3	1029.0	-	37	
2019-12-06 21:35:00	2.7	북서	305	14.31	30.44	0.97	7.6	1.17	7.0	7.4	남서	231	1.4	1029.0	-	7	
2019-12-06 21:40:00	3.4	북북동	20	14.29	30.45	0.95	7.4	1.39	7.5	7.6	남서	230	1.3	1029.0	-	61	
2019-12-06 21:45:00	5.1	북서	313	14.29	30.45	0.90	8.0	1.12	7.5	7.4	남서	233	1.3	1029.0	-	43	
2019-12-06 21:50:00	3.4	북북서	337	14.27	30.46	0.86	8.4	1.21	8.0	7.3	남서	232	1.2	1028.9	-	29	
2019-12-06 21:55:00	8.4	북서	325	14.29	30.48	0.86	6.8	1.29	6.5	7.2	남서	231	1.2	1028.8	-	34	
2019-12-06 22:00:00	6.7	서북서	297	14.28	30.46	0.85	8.0	0.96	8.5	7.3	남서	236	1.2	1028.8	-	30	
2019-12-06 22:05:00	6.2	북서	312	14.28	30.47	0.79	7.9	1.07	7.5	7.2	남서	231	1.2	1028.7	-	60	
2019-12-06 22:10:00	5.3	서북서	283	14.28	30.43	0.89	7.1	1.05	5.5	6.4	남서	235	1.1	1028.7	-	42	
2019-12-06 22:15:00	2.5	북서	325	14.28	30.41	0.79	7.3	1.07	7.5	6.5	서남서	238	1.1	1028.7	-	48	
2019-12-06 22:20:00	3.6	서남서	253	14.26	30.43	0.86	8.2	1.05	7.0	6.9	서남서	238	1.2	1028.6	-	31	
2019-12-06 22:25:00	4.2	북북서	343	14.26	30.44	0.94	7.7	1.11	9.5	7.9	서남서	238	1.2	1028.5	-	31	
2019-12-06 22:30:00	6.2	서북서	298	14.27	30.45	0.90	7.9	1.26	8.0	8.5	서남서	238	1.3	1028.3	-	40	
2019-12-06 22:35:00	3.7	북	357	14.24	30.43	0.86	7.6	1.00	7.0	9.9	서남서	237	1.1	1028.1	-	29	
2019-12-06 22:40:00	7.3	서북서	289	14.24	30.43	0.81	7.4	1.04	6.5	9.2	서남서	241	1.0	1028.1	-	63	
2019-12-06 22:45:00	2.2	서북서	296	14.25	30.44	0.81	7.5	0.98	7.5	9.0	서남서	242	1.1	1028.2	-	37	
2019-12-06 22:50:00	2.1	북서	317	14.25	30.44	0.93	7.3	1.24	6.0	8.6	서남서	240	0.9	1028.2	-	49	
2019-12-06 22:55:00	4.6	북서	318	14.23	30.45	0.80	7.5	1.09	7.0	8.4	서남서	239	1.0	1028.2	-	37	
2019-12-06 23:00:00	5.4	북	4	14.21	30.41	0.84	7.9	1.01	7.0	8.0	서남서	237	0.9	1028.2	-	17	
2019-12-06 23:05:00	8.4	북북서	343	14.21	30.47	0.71	8.0	0.84	8.0	8.0	서남서	239	0.9	1028.3	-	47	
2019-12-06 23:10:00	10.3	북북서	338	14.22	30.46	0.92	7.6	1.23	8.0	8.1	서남서	241	0.8	1028.3	-	55	
2019-12-06 23:15:00	7.6	북서	316	14.23	30.41	0.93	7.5	1.13	7.5	7.5	서남서	237	0.8	1028.2	-	44	
2019-12-06 23:20:00	8.1	북서	305	14.24	30.42	0.88	7.5	1.08	8.5	7.5	남서	233	0.9	1028.2	-	37	
2019-12-06 23:25:00	6.1	북북서	345	14.22	30.38	0.96	7.8	1.49	7.5	7.6	남서	236	1.1	1028.3	-	46	
2019-12-06 23:30:00	9.0	북서	307	14.23	30.41	0.87	7.2	1.12	7.0	8.4	남서	232	0.9	1028.3	-	4	
2019-12-06 23:35:00	8.3	북북서	335	14.22	30.41	0.94	7.3	1.39	7.0	8.2	남서	232	0.9	1028.3	-	48	
2019-12-06 23:40:00	2.4	북서	319	14.21	30.43	0.80	7.5	1.03	8.0	7.6	남서	233	1.1	1028.3	-	35	
2019-12-06 23:45:00	4.0	북북서	336	14.18	30.43	0.72	6.7	1.00	7.0	7.6	남서	235	1.0	1028.2	-	16	
2019-12-06 23:50:00	6.6	서북서	302	14.19	30.43	0.84	7.1	1.07	8.0	7.6	남서	231	1.1	1028.2	-	76	
2019-12-06 23:55:00	9.2	북서	323	14.20	30.44	0.75	8.3	1.05	6.0	7.9	남서	232	1.1	1028.1	-	38	
2019-12-07 00:00:00	4.7	북	356	14.21	30.44	0.95	7.4	1.19	7.5	8.1	남서	232	1.1	1028.0	-	24	
2019-12-07 00:05:00	6.6	북서	317	14.21	30.42	0.80	7.1	1.05	7.5	8.6	남서	230	0.9	1028.0	-	38	
2019-12-07 00:10:00	4.2	북북서	329	14.21	30.40	0.81	7.9	1.13	6.0	8.1	남서	228	1.0	1028.0	-	33	
2019-12-07 00:15:00	5.1	북	2	14.18	30.39	0.83	7.5	1.35	6.5	8.3	남서	230	1.0	1028.0	-	45	
2019-12-07 00:20:00	4.4	서북서	300	14.19	30.42	0.73	7.5	0.89	6.0	8.2	남서	230	1.0	1028.0	-	59	
2019-12-07 00:25:00	7.5	북서	311	14.18	30.42	0.99	7.8	1.40	7.0	8.6	남서	232	1.0	1027.8	-	54	
2019-12-07 00:30:00	7.8	북서	309	14.19	30.44	0.81	7.2	1.03	9.0	7.7	남서	235	1.1	1027.8	-	58	
2019-12-07 00:35:00	8.0	북서	314	14.19	30.43	0.80	7.8	1.09	7.5	7.8	남서	235	0.9	1027.8	-	31	
2019-12-07 00:40:00	8.1	북서	319	14.16	30.43	0.93	8.0	1.27	8.5	7.6	남서	235	1.2	1027.8	-	41	
2019-12-07 00:45:00	7.0	북북서	334	14.16	30.45	0.78	8.0	1.05	7.0	7.8	남서	232	1.1	1027.8	-	43	
2019-12-07 00:50:00	5.9	북북서	332	14.15	30.45	0.82	7.1	1.12	7.5	7.9	남서	233	1.1	1027.7	-	41	
2019-12-07 00:55:00	6.2	북서	323	14.16	30.42	0.78	7.5	1.02	7.0	7.4	남서	235	1.2	1027.8	-	37	
2019-12-07 01:00:00	8.3	북서	317	14.16	30.45	0.74	8.5	0.94	8.0	6.9	서남서	245	1.0	1027.8	-	30	
2019-12-07 01:05:00	5.4	북북서	341	14.16	30.45	0.82	7.4	1.13	6.5	6.9	서남서	249	1.1	1027.8	-	28	
2019-12-07 01:10:00	7.4	북서	320	14.17	30.43	0.76	7.9	1.29	7.5	6.5	서남서	249	0.9	1027.8	-	65	
2019-12-07 01:15:00	5.8	북북서	331	14.17	30.43	0.59	7.0	1.02	6.5	5.9	서남서	241	0.9	1027.8	-	37	
2019-12-07 01:20:00	6.5	북북서	329	14.15	30.42	0.63	7.5	0.98	8.0	5.5	서남서	242	0.9	1027.9	-	31	
2019-12-07 01:25:00	5.2	북북서	335	14.14	30.43	0.66	7.4	0.92	7.0	5.7	서남서	240	1.0	1027.9	-	14	
2019-12-07 01:30:00	10.7	북북서	329	14.15	30.42	0.77	7.6	1.26	7.5	6.3	남서	235	1.0	1027.9	-	46	
2019-12-07 01:35:00	7.1	북북서	342	14.16	30.42	0.80	7.6	0.96	8.0	5.6	서남서	238	0.9	1028.0	-	54	
2019-12-07 01:40:00	10.2	북서	315	14.14	30.41	1.00	7.5	1.44	7.0	5.6	서남서	241	0.7	1028.0	-	32	
2019-12-07 01:45:00	10.5	북서	304	14.16	30.44	0.77	7.5	1.09	7.5	7.2	서	274	1.5	1028.0	-	18	
2019-12-07 01:50:00	9.3	북서	319	14.15	30.41	0.64	7.6	1.22	7.0	4.6	서	277	2.2	1028.0	-	15	
2019-12-07 01:55:00	7.5	북서	309	14.16	30.42	0.82	8.0	1.08	7.5	4.8	서남서	252	1.6	1028.0	-	38	
2019-12-07 02:00:00	10.2	북북서	329	14.15	30.44	0.86	7.6	1.19	8.5	5.2	서남서	255	1.1	1028.1	-	34	
2019-12-07 02:05:00	8.5	북서	323	14.15	30.45	0.71	7.1	0.99	7.5	4.5	서	278	0.8	1028.1	-	47	
2019-12-07 02:10:00	8.7	서북서	303	14.14	30.42	0.79	7.7	1.05	6.5	4.7	서남서	254	0.6	1028.1	-	34	
2019-12-07 02:15:00	15.1	북북서	344	13.93	30.31	0.85	7.2	1.04	8.5	4.6	서남서	251	0.6	1028.1	-	42	
2019-12-07 02:20:00	21.8	북북서	339	13.90	30.31	0.77	7.4	0.97	5.5	5.3	남서	232	0.8	1028.0	-	41	
2019-12-07 02:25:00	19.9	북북서	340	13.91	30.36	0.69	7.8	0.82	6.0	4.2	남서	235	0.5	1028.1	-	31	
2019-12-07 02:30:00	22.2	북북서	344	13.93	30.34	0.72	8.1	0.90	8.5	3.9	서남서	249	0.5	1028.1	-	38	
2019-12-07 02:35:00	19.8	북북서	343	13.93	30.35	0.70	8.6	0.99	6.5	4.3	서남서	238	0.7	1028.1	-	39	
2019-12-07 02:40:00	19.8	북북서	342	13.92	30.34	0.65	7.2	0.99	8.5	4.1	남서	233	0.6	1028.1	-	47	
2019-12-07 02:45:00	16.2	북북서	341	13.92	30.33	0.60	6.1	0.83	7.5	5.4	남서	230	0.6	1028.0	-	3	
2019-12-07 02:50:00	14.8	북북서	342	13.94	30.34	0.71	7.2	0.96	7.5	5.5	서남서	238	0.7	1027.9	-	71	
2019-12-07 02:55:00	16.7	북북서	335	13.94	30.31	0.69	6.8	1.11	7.0	5.9	남서	236	0.7	1027.8	-	45	
2019-12-07 03:00:00	16.5	북북서	341	13.93	30.30	0.66	6.3	1.04	7.0	5.6	서남서	242	1.2	1027.8	-	7	
2019-12-07 03:05:00	18.4	북북서	337	13.91	30.30	0.85	7.5	1.17	7.5	6.4	서남서	241	1.2	1027.8	-	29	
2019-12-07 03:10:00	17.2	북	350	13.89	30.32	0.70	7.3	1.21	7.0	5.8	서남서	237	1.2	1027.7	-	24	
2019-12-07 03:15:00	13.8	북북서	347	13.89	30.31	0.77	7.3	1.10	7.5	5.8	남서	236	1.4	1027.7	-	43	
2019-12-07 03:20:00	16.4	북북서	343	13.90	30.28	0.73	7.3	0.92	8.0	5.4	서남서	241	1.3	1027.6	-	17	
2019-12-07 03:25:00	17.0	북북서	342	13.93	30.30	0.75	8.0	0.98	6.0	5.6	서남서	243	1.4	1027.5	-	72	
2019-12-07 03:30:00	16.7	북북서	340	13.93	30.30	0.78	7.4	1.19	8.5	5.2	서남서	246	1.3	1027.5	-	57	
2019-12-07 03:35:00	15.7	북북서	342	13.94	30.30	0.77	7.7	1.19	8.0	4.3	서남서	240	1.4	1027.4	-	30	
2019-12-07 03:40:00	12.1	북북서	333	13.95	30.26	0.73	7.9	1.10	8.5	4.1	남서	231	1.5	1027.4	-	62	
2019-12-07 03:45:00	14.3	북북서	338	13.93	30.30	0.59	7.3	0.76	6.5	4.0	남서	226	1.5	1027.5	-	56	
2019-12-07 03:50:00	17.3	북북서	336	13.99	30.32	0.67	7.2	1.23	8.0	3.7	남남서	210	1.3	1027.4	-	56	
2019-12-07 03:55:00	12.7	북북서	341	13.97	30.32	0.71	8.0	1.02	6.5	3.0	남서	224	1.5	1027.4	-	65	
2019-12-07 04:00:00	14.6	북북서	338	13.99	30.32	0.64	6.8	0.89	6.0	2.6	남서	217	1.4	1027.3	-	27	
2019-12-07 04:05:00	14.4	북북서	342	14.02	30.32	0.71	7.3	0.92	10.5	4.6	서	271	1.8	1027.3	-	65	
2019-12-07 04:10:00	13.9	북북서	329	14.03	30.30	0.81	7.7	1.32	7.0	5.9	서	279	2.8	1027.1	-	42	
2019-12-07 04:15:00	14.6	북북서	342	14.04	30.28	0.79	8.4	0.97	10.0	7.5	서	277	3.2	1027.0	-	43	
2019-12-07 04:20:00	12.9	북북서	332	14.03	30.29	0.80	6.9	1.05	6.0	7.2	서	278	3.0	1027.0	-	53	
2019-12-07 04:25:00	14.1	북서	326	14.06	30.31	0.93	7.6	1.16	8.0	6.2	서	265	2.7	1027.0	-	45	
2019-12-07 04:30:00	11.1	북북서	330	14.05	30.31	0.68	6.7	0.90	6.0	3.8	서남서	247	2.3	1027.2	-	35	
2019-12-07 04:35:00	9.8	북북서	334	14.06	30.27	0.85	8.0	1.01	8.0	3.0	남서	234	1.8	1027.3	-	36	
2019-12-07 04:40:00	15.3	북북서	333	14.07	30.27	0.73	7.3	1.19	5.5	1.7	서	266	1.9	1027.3	-	50	
2019-12-07 04:45:00	15.3	북서	325	14.07	30.30	0.75	7.7	1.02	6.5	3.3	서남서	252	2.3	1027.3	-	45	
2019-12-07 04:50:00	9.2	북서	323	14.10	30.32	0.87	6.9	1.15	7.5	3.1	남서	222	2.5	1027.2	-	51	
2019-12-07 04:55:00	17.0	북북서	328	14.09	30.30	0.95	7.6	1.25	8.0	3.7	서	261	2.3	1027.2	-	62	
2019-12-07 05:00:00	14.6	북서	318	14.07	30.27	0.75	7.2	0.91	8.0	6.0	서남서	244	2.0	1027.0	-	28	
2019-12-07 05:05:00	10.9	북북서	338	14.09	30.22	0.77	5.8	0.99	6.5	6.5	서남서	244	1.7	1027.1	-	22	
2019-12-07 05:10:00	7.5	북북서	328	14.05	30.30	0.78	7.3	1.08	7.5	6.5	서남서	240	1.8	1027.1	-	61	
2019-12-07 05:15:00	8.7	북북서	340	14.08	30.31	0.89	8.2	1.04	8.5	5.8	서남서	238	1.9	1027.0	-	32	
2019-12-07 05:20:00	10.3	북서	322	14.12	30.37	0.89	7.3	1.22	8.0	4.6	서남서	254	1.8	1027.2	-	46	
2019-12-07 05:25:00	12.0	북서	323	14.14	30.35	0.98	7.5	1.42	7.5	4.7	서남서	247	1.5	1027.3	-	37	
2019-12-07 05:30:00	7.9	서북서	303	14.16	30.34	0.86	6.6	1.20	7.5	5.3	서남서	242	1.6	1027.2	-	5	
2019-12-07 05:35:00	11.6	북북서	327	14.13	30.34	0.92	6.5	1.31	7.5	5.7	서남서	238	1.7	1027.2	-	33	
2019-12-07 05:40:00	9.9	북북서	347	14.11	30.35	0.75	6.5	1.24	6.0	5.7	서남서	240	1.6	1027.3	-	28	
2019-12-07 05:45:00	9.2	북북서	331	14.08	30.34	0.77	6.2	1.05	7.0	5.6	서남서	238	1.7	1027.3	-	19	
2019-12-07 05:50:00	13.1	북	356	14.06	30.35	0.76	6.8	0.98	10.5	5.0	남서	235	1.6	1027.3	-	54	
2019-12-07 05:55:00	10.2	북북서	341	14.09	30.35	0.82	7.0	1.10	6.0	3.9	서남서	237	1.6	1027.5	-	31	
2019-12-07 06:00:00	13.1	북북서	344	14.10	30.28	0.85	7.1	1.17	6.0	3.1	남서	232	1.5	1027.6	-	46	
2019-12-07 06:05:00	9.7	북북서	330	14.12	30.36	0.84	7.8	1.22	7.0	3.3	남서	223	1.6	1027.6	-	17	
2019-12-07 06:10:00	10.5	북	357	14.12	30.35	0.95	7.1	1.18	7.5	3.8	남서	218	1.5	1027.5	-	10	
2019-12-07 06:15:00	12.0	북북서	331	14.09	30.37	0.95	7.9	1.12	6.0	4.1	남서	220	1.7	1027.5	-	30	
2019-12-07 06:20:00	12.0	북북서	347	14.08	30.37	0.87	7.4	1.17	6.5	4.0	남서	218	1.9	1027.5	-	19	
2019-12-07 06:25:00	11.6	북북서	340	14.20	30.42	0.98	7.5	1.17	8.0	4.1	남서	222	1.8	1027.5	-	63	
2019-12-07 06:30:00	16.6	북북서	342	14.32	30.41	1.01	7.5	1.18	7.5	3.8	남서	231	1.7	1027.4	-	34	
2019-12-07 06:35:00	11.8	북북서	335	14.32	30.41	0.94	8.0	1.18	7.5	4.0	남서	226	1.6	1027.4	-	20	
2019-12-07 06:40:00	21.3	북북서	337	14.61	30.48	0.85	6.8	1.18	6.5	4.1	남서	232	1.6	1027.4	-	10	
2019-12-07 06:45:00	17.6	북북서	338	14.59	30.44	0.96	7.1	1.22	10.5	4.3	남서	236	1.7	1027.4	-	39	
2019-12-07 06:50:00	17.7	북	349	14.61	30.46	0.87	6.8	1.10	6.5	4.2	서남서	240	1.9	1027.4	-	20	
2019-12-07 06:55:00	17.2	북북서	333	14.62	30.44	0.91	6.3	1.20	5.5	3.8	서남서	240	1.7	1027.5	-	6	
2019-12-07 07:00:00	19.5	북북서	332	14.73	30.46	0.92	6.7	1.18	6.5	3.8	남서	223	1.9	1027.5	-	357	
2019-12-07 07:05:00	22.5	북북서	339	14.89	30.55	0.95	7.4	1.26	7.0	3.3	남서	225	1.8	1027.6	-	7	
2019-12-07 07:10:00	18.9	북북서	335	14.93	30.51	1.01	6.7	1.39	7.0	4.0	서남서	237	2.1	1027.6	-	17	
2019-12-07 07:15:00	16.7	북북서	335	14.87	30.41	0.97	7.1	1.72	6.0	5.5	남서	227	2.4	1027.5	-	37	
2019-12-07 07:20:00	22.0	북	352	14.73	30.38	0.90	6.9	1.25	5.5	3.7	남서	233	2.3	1027.5	-	349	
2019-12-07 07:25:00	15.0	북북서	339	14.70	30.45	1.06	7.4	1.27	6.5	3.9	남서	236	2.4	1027.4	-	32	
2019-12-07 07:30:00	20.4	북북서	340	14.86	30.53	0.98	7.0	1.37	6.5	3.9	남서	234	2.4	1027.5	-	41	
2019-12-07 07:35:00	20.4	북북서	332	15.08	30.55	0.79	6.0	1.00	5.5	3.9	남서	230	2.3	1027.5	-	27	
2019-12-07 07:40:00	18.5	북북서	333	15.17	30.55	0.91	7.3	1.11	6.0	4.2	남서	231	2.4	1027.4	-	21	
2019-12-07 07:45:00	19.0	북북서	329	15.21	30.57	1.04	7.0	1.33	6.5	3.5	남서	221	2.5	1027.4	-	0	
2019-12-07 07:50:00	21.3	북북서	338	15.25	30.61	1.02	6.8	1.27	9.0	3.2	남서	232	2.5	1027.5	-	15	
2019-12-07 07:55:00	19.6	북북서	340	15.29	30.64	1.01	6.9	1.55	6.0	3.4	남서	219	2.4	1027.4	-	348	
2019-12-07 08:00:00	20.0	북북서	333	15.32	30.60	1.08	6.5	1.54	6.5	3.3	남서	227	2.5	1027.4	-	18	
2019-12-07 08:05:00	21.6	북북서	335	15.34	30.62	0.95	6.5	1.40	6.5	4.2	남서	226	2.8	1027.4	-	15	
2019-12-07 08:10:00	13.9	북서	319	15.40	30.65	1.02	6.5	1.36	6.5	4.3	남서	226	2.9	1027.4	-	350	
2019-12-07 08:15:00	18.9	북북서	336	15.40	30.68	1.05	6.7	1.50	6.0	4.0	남서	221	2.9	1027.4	-	353	
2019-12-07 08:20:00	14.9	북북서	330	15.45	30.70	1.03	6.7	1.43	7.0	3.7	남서	219	2.9	1027.4	-	350	
2019-12-07 08:25:00	18.1	북서	320	15.43	30.67	1.06	7.1	1.34	9.5	3.5	남서	215	3.1	1027.4	-	21	
2019-12-07 08:30:00	18.6	북북서	332	15.54	30.78	1.09	6.4	1.52	6.5	3.6	남서	231	3.2	1027.5	-	353	
2019-12-07 08:35:00	21.6	북북서	331	15.60	30.74	0.97	6.3	1.34	5.5	3.2	남서	233	3.3	1027.6	-	351	
2019-12-07 08:40:00	22.9	북북서	330	15.56	30.75	0.94	6.5	1.21	6.5	3.4	남서	225	3.3	1027.6	-	11	
2019-12-07 08:45:00	17.1	북북서	337	15.59	30.77	1.05	6.2	1.93	7.0	2.4	남서	235	3.5	1027.6	-	0	
2019-12-07 08:50:00	22.8	북북서	331	15.58	30.73	1.05	6.1	1.54	7.0	1.6	남서	234	3.8	1027.6	-	356	
2019-12-07 08:55:00	15.0	북북서	333	15.54	30.74	1.13	6.6	1.37	6.5	2.5	남남서	198	4.0	1027.5	-	2	
2019-12-07 09:00:00	17.6	북북서	327	15.53	30.76	1.02	6.1	1.58	5.5	1.8	남남동	168	4.4	1027.5	-	2	
2019-12-07 09:05:00	17.6	북서	325	15.57	30.74	1.26	6.2	1.97	6.5	3.4	남남서	200	4.2	1027.5	-	353	
2019-12-07 09:10:00	18.7	북북서	330	15.56	30.75	1.16	6.5	1.60	6.5	4.6	남남서	206	4.0	1027.5	-	22	
2019-12-07 09:15:00	17.2	북서	321	15.58	30.77	1.09	6.9	1.43	7.5	2.6	남서	219	4.1	1027.6	-	4	
2019-12-07 09:20:00	24.7	북북서	327	15.58	30.75	0.91	5.8	1.28	7.0	1.7	남남서	201	4.8	1027.6	-	45	
2019-12-07 09:25:00	22.6	북서	318	15.60	30.77	1.11	6.0	1.76	5.5	2.5	남남서	193	4.6	1027.6	-	2	
2019-12-07 09:30:00	15.2	북서	312	15.58	30.74	0.99	6.5	1.40	6.5	1.2	동남동	120	5.0	1027.5	-	19	
2019-12-07 09:35:00	25.0	북북서	329	15.59	30.78	1.11	6.4	1.84	6.5	1.1	남동	137	5.5	1027.5	-	14	
2019-12-07 09:40:00	15.7	북서	324	15.57	30.76	0.98	5.8	1.37	6.0	2.2	북	5	5.9	1027.5	-	322	
2019-12-07 09:45:00	24.8	북서	326	15.58	30.81	1.14	6.7	1.44	6.0	2.7	북	352	5.4	1027.4	-	358	
2019-12-07 09:50:00	21.7	북북서	327	15.57	30.80	0.92	6.0	1.35	6.0	1.5	북	349	5.3	1027.3	-	19	
2019-12-07 09:55:00	23.8	북서	318	15.60	30.77	1.20	6.9	1.60	6.5	1.0	동북동	61	5.9	1027.2	-	13	
2019-12-07 10:00:00	26.7	북북서	328	15.60	30.79	1.04	6.5	1.68	6.5	1.7	남동	136	5.7	1027.2	-	347	
2019-12-07 10:05:00	22.5	북서	324	15.57	30.79	0.97	6.8	1.38	7.0	3.0	남남동	160	5.4	1027.1	-	25	
2019-12-07 10:10:00	22.4	북서	319	15.51	30.82	1.17	6.5	1.40	7.5	3.2	남	178	5.2	1027.1	-	3	
2019-12-07 10:15:00	26.3	북서	325	15.50	30.77	1.02	6.4	1.28	6.0	3.1	남남동	165	5.2	1026.9	-	4	
2019-12-07 10:20:00	24.9	북북서	329	15.48	30.75	0.86	6.0	1.13	5.5	3.3	남남동	150	5.2	1026.9	-	353	
2019-12-07 10:25:00	26.9	북북서	332	15.57	30.80	0.84	6.2	1.21	6.0	2.6	남남동	154	5.4	1026.9	-	0	
2019-12-07 10:30:00	21.2	북북서	333	15.54	30.77	1.01	6.4	1.29	7.0	2.6	남	186	5.5	1026.9	-	8	
2019-12-07 10:35:00	22.9	북북서	328	15.55	30.81	0.86	6.9	1.25	6.5	3.1	남	179	5.6	1026.9	-	31	
2019-12-07 10:40:00	19.6	북서	324	15.54	30.78	0.92	6.0	1.47	6.5	3.6	남남동	165	5.7	1026.8	-	353	
2019-12-07 10:45:00	26.0	북북서	332	15.49	30.76	1.02	6.1	1.59	5.5	3.2	남	170	5.7	1026.9	-	2	
2019-12-07 10:50:00	18.4	북북서	328	15.46	30.77	0.92	6.5	1.24	7.0	2.8	남남서	198	5.9	1026.8	-	8	
2019-12-07 10:55:00	21.9	북북서	333	15.46	30.77	0.84	6.4	1.22	6.0	2.0	서북서	295	5.8	1026.8	-	340	
2019-12-07 11:00:00	24.5	북북서	339	15.46	30.80	0.98	6.5	1.40	6.5	1.5	남	184	5.9	1026.8	-	347	
2019-12-07 11:05:00	20.4	북북서	335	15.48	30.77	0.93	6.3	1.19	6.5	2.2	남남동	150	6.1	1026.7	-	356	
2019-12-07 11:10:00	26.5	북북서	343	15.47	30.81	0.92	6.0	1.36	6.5	2.7	남	181	6.2	1026.7	-	9	
2019-12-07 11:15:00	25.6	북북서	339	15.48	30.80	0.96	6.6	1.45	6.0	1.5	남남동	148	6.3	1026.6	-	344	
2019-12-07 11:20:00	21.9	북북서	335	15.49	30.79	0.92	6.9	1.19	9.0	1.5	남동	146	6.5	1026.5	-	355	
2019-12-07 11:25:00	23.8	북북서	339	15.52	30.82	0.84	6.4	1.13	6.5	0.5	북서	325	7.2	1026.7	-	4	
2019-12-07 11:30:00	25.7	북북서	333	15.55	30.81	1.05	6.6	1.43	7.0	4.2	북서	313	7.1	1026.6	-	353	
2019-12-07 11:35:00	20.9	북서	325	15.52	30.82	1.04	7.0	1.37	6.5	9.2	북서	310	7.1	1026.2	-	17	
2019-12-07 11:40:00	17.3	북북서	336	15.50	30.79	0.94	6.8	1.11	6.5	9.0	서북서	299	7.3	1026.0	-	5	
2019-12-07 11:45:00	16.5	북북서	335	15.50	30.82	0.81	6.5	1.37	6.0	9.8	북서	305	7.2	1025.8	-	23	
2019-12-07 11:50:00	17.5	북북서	344	15.49	30.82	1.14	6.5	1.55	6.5	7.6	서	266	6.9	1025.9	-	351	
2019-12-07 11:55:00	16.5	북서	326	15.46	30.81	0.91	6.8	1.14	7.0	2.7	남서	232	6.8	1025.9	-	7	
2019-12-07 12:00:00	19.8	북북서	346	15.44	30.80	0.95	6.0	1.39	6.5	4.1	서	262	6.9	1025.7	-	339	
2019-12-07 12:05:00	27.6	북북서	339	15.45	30.80	1.13	6.1	1.43	6.0	3.8	남서	227	7.2	1025.6	-	3	
2019-12-07 12:10:00	19.7	북북서	344	15.43	30.80	1.05	6.8	1.66	6.5	3.6	서남서	245	7.2	1025.8	-	357	
2019-12-07 12:15:00	23.5	북북서	335	15.44	30.79	1.07	6.8	1.55	6.5	2.8	남서	225	7.3	1025.6	-	0	
2019-12-07 12:20:00	22.1	북북서	328	15.46	30.82	1.00	6.8	1.56	6.5	4.9	남남서	203	7.1	1025.4	-	352	
2019-12-07 12:25:00	24.2	북북서	330	15.47	30.84	1.02	6.2	1.19	6.0	2.2	남남서	205	7.3	1025.5	-	2	
2019-12-07 12:30:00	23.1	북서	326	15.46	30.81	1.06	6.7	1.58	6.5	1.7	서	267	7.6	1025.6	-	356	
2019-12-07 12:35:00	22.0	북북서	339	15.49	30.83	1.16	6.7	1.49	7.0	1.9	서	277	7.6	1025.4	-	357	
2019-12-07 12:40:00	16.5	북북서	343	15.50	30.81	1.10	6.5	1.77	6.0	3.6	서북서	296	7.6	1025.3	-	353	
2019-12-07 12:45:00	29.9	북북서	342	15.47	30.83	0.99	6.8	1.21	7.0	7.1	북서	304	7.8	1025.1	-	359	
2019-12-07 12:50:00	24.4	북북서	340	15.47	30.82	0.97	6.1	1.13	6.5	8.7	북서	314	7.9	1025.0	-	33	
2019-12-07 12:55:00	24.5	북	352	15.47	30.81	1.15	6.8	1.34	5.0	7.9	북서	313	7.7	1025.0	-	358	
2019-12-07 13:00:00	42.6	서북서	301	15.48	30.82	1.01	6.4	1.70	6.0	7.7	북서	314	7.7	1024.9	-	14	
2019-12-07 13:05:00	18.2	북북서	336	15.50	30.81	1.15	6.4	1.75	6.5	9.2	북서	311	7.7	1024.6	-	7	
2019-12-07 13:10:00	28.3	북북서	343	15.49	30.82	1.23	6.3	1.59	5.5	8.9	북서	305	7.7	1024.4	-	354	
2019-12-07 13:15:00	17.3	북북서	331	15.49	30.84	1.12	7.0	1.31	6.0	9.0	북서	304	7.7	1024.3	-	12	
2019-12-07 13:20:00	18.6	북북서	330	15.52	30.84	0.87	5.9	1.29	5.5	9.1	서북서	299	7.7	1024.3	-	359	
2019-12-07 13:25:00	15.4	북서	318	15.54	30.83	1.14	6.3	1.48	5.5	8.3	서북서	303	7.9	1024.4	-	343	
2019-12-07 13:30:00	3.6	서북서	283	15.64	30.90	1.08	6.4	1.68	6.5	7.8	서북서	291	7.8	1024.3	-	8	
2019-12-07 13:35:00	15.5	북서	324	15.69	30.86	1.06	6.7	1.59	6.0	8.0	서	270	7.8	1024.1	-	354	
2019-12-07 13:40:00	3.7	북서	319	15.71	30.86	1.21	6.6	1.75	6.5	6.8	서	269	7.7	1024.2	-	359	
2019-12-07 13:45:00	14.7	북북서	340	15.70	30.84	1.03	5.6	1.50	5.5	7.5	서	276	7.9	1024.1	-	346	
2019-12-07 13:50:00	8.8	북서	320	15.69	30.86	1.12	6.1	1.53	6.0	5.3	서남서	237	7.9	1024.0	-	2	
2019-12-07 13:55:00	16.2	북동	45	15.69	30.86	1.19	6.3	1.52	5.5	6.2	남서	232	7.8	1024.0	-	9	
2019-12-07 14:00:00	4.7	서북서	297	15.71	30.86	1.10	6.3	1.48	6.5	4.6	서남서	239	7.7	1024.1	-	348	
2019-12-07 14:05:00	12.7	남	171	15.70	30.85	1.04	6.1	1.17	7.0	4.4	서남서	255	7.9	1024.1	-	8	
2019-12-07 14:10:00	13.2	서	267	15.70	30.85	0.95	6.2	1.27	6.0	5.9	서	263	8.1	1023.9	-	5	
2019-12-07 14:15:00	18.8	북북서	343	15.73	30.87	1.21	6.2	1.71	6.0	6.4	서	262	7.9	1023.8	-	351	
2019-12-07 14:20:00	-	-	-	-	-	-	-	-	-	-	-	-	-	-	-	-	
2019-12-07 14:25:00	-	-	-	15.82	30.84	0.00	0.0	0.00	0.0	6.0	남서	217	7.5	1024.0	-	1	
2019-12-07 14:30:00	-	-	-	15.81	30.86	1.09	6.0	1.51	5.5	4.8	서남서	241	7.2	1024.1	-	354	
2019-12-07 14:35:00	-	-	-	15.80	30.86	1.28	6.6	2.01	7.0	5.2	남서	234	7.4	1024.1	-	350	
2019-12-07 14:40:00	-	-	-	15.81	30.85	1.15	5.6	1.68	6.0	3.6	서남서	242	7.4	1024.1	-	358	
2019-12-07 14:45:00	-	-	-	15.82	30.84	1.07	6.1	1.40	5.0	3.2	서남서	245	7.3	1024.0	-	350	
2019-12-07 14:50:00	-	-	-	15.83	30.84	1.06	5.9	1.55	6.0	5.2	남서	222	7.4	1023.9	-	350	
2019-12-07 14:55:00	-	-	-	15.84	30.85	1.22	6.0	1.91	6.0	6.1	서남서	240	7.4	1023.9	-	5	
2019-12-07 15:00:00	-	-	-	15.84	30.85	1.21	6.0	1.58	5.5	6.5	남서	226	7.2	1023.8	-	346	
2019-12-07 15:05:00	-	-	-	15.83	30.87	1.22	6.2	1.59	6.5	7.1	남서	225	7.0	1023.8	-	331	
2019-12-07 15:10:00	-	-	-	15.84	30.87	1.00	6.0	1.41	5.5	6.8	남서	224	6.8	1023.8	-	3	
2019-12-07 15:15:00	-	-	-	15.84	30.85	1.20	6.0	1.66	5.5	7.1	남서	216	6.8	1023.6	-	330	
2019-12-07 15:20:00	-	-	-	15.85	30.87	1.01	6.1	1.16	4.5	7.1	남서	223	6.8	1023.6	-	340	
2019-12-07 15:25:00	-	-	-	15.83	30.87	1.02	5.9	1.35	6.0	7.5	남서	234	6.9	1023.6	-	346	
2019-12-07 15:30:00	-	-	-	15.84	30.87	1.03	5.9	1.34	5.0	5.6	남서	233	6.9	1023.7	-	333	
2019-12-07 15:35:00	-	-	-	15.81	30.89	1.06	6.2	1.24	6.5	6.0	남서	227	6.8	1023.7	-	347	
2019-12-07 15:40:00	-	-	-	15.82	30.88	1.05	6.1	1.59	6.0	6.6	서남서	237	6.9	1023.7	-	347	
2019-12-07 15:45:00	-	-	-	15.81	30.87	1.40	6.2	2.03	6.5	6.1	남서	223	6.9	1023.8	-	343	
2019-12-07 15:50:00	-	-	-	15.81	30.87	1.05	5.6	2.03	6.0	4.6	남서	229	6.7	1023.8	-	335	
2019-12-07 15:55:00	-	-	-	15.79	30.87	0.99	5.9	1.34	5.5	4.0	남서	230	6.9	1023.9	-	0	
2019-12-07 16:00:00	-	-	-	15.79	30.86	0.99	6.0	1.49	5.0	4.4	남서	230	6.8	1024.0	-	6	
2019-12-07 16:05:00	-	-	-	15.78	30.85	1.07	5.7	1.38	5.5	4.5	남서	234	6.9	1024.1	-	349	
2019-12-07 16:10:00	-	-	-	15.77	30.85	0.85	6.0	1.23	6.0	4.3	남서	235	7.0	1024.1	-	357	
2019-12-07 16:15:00	-	-	-	15.76	30.83	0.89	6.2	1.10	6.0	4.4	남서	236	6.8	1024.2	-	354	
2019-12-07 16:20:00	-	-	-	15.75	30.84	1.13	5.7	1.62	5.0	3.7	서남서	238	6.8	1024.2	-	358	
2019-12-07 16:25:00	-	-	-	15.74	30.83	1.14	5.9	1.45	5.5	3.7	서남서	238	6.7	1024.3	-	343	
2019-12-07 16:30:00	-	-	-	15.74	30.83	1.04	5.9	1.68	6.0	4.2	서남서	237	6.5	1024.4	-	1	
2019-12-07 16:35:00	-	-	-	15.73	30.88	0.98	5.9	1.28	5.5	4.7	남서	236	6.5	1024.4	-	341	
2019-12-07 16:40:00	-	-	-	15.73	30.84	0.92	6.1	1.17	5.5	4.3	남서	232	6.4	1024.4	-	0	
2019-12-07 16:45:00	-	북서	312	15.72	30.84	0.93	6.3	1.36	5.5	5.4	남서	232	6.4	1024.4	-	355	
2019-12-07 16:50:00	20.4	북북서	343	15.72	30.84	0.86	6.2	1.20	6.0	5.1	남서	235	6.3	1024.4	-	357	
2019-12-07 16:55:00	21.2	북북서	330	15.69	30.87	0.72	5.7	0.92	6.5	4.0	서남서	242	6.2	1024.5	-	1	
2019-12-07 17:00:00	13.7	북북서	344	15.69	30.86	0.92	5.9	1.34	6.0	3.2	서남서	253	6.2	1024.5	-	352	
2019-12-07 17:05:00	23.4	북북서	342	15.69	30.86	0.88	5.8	1.23	5.5	4.1	서남서	237	6.2	1024.5	-	343	
2019-12-07 17:10:00	18.4	북북서	344	15.65	30.83	0.90	6.0	1.68	6.0	4.3	남서	235	6.0	1024.5	-	351	
2019-12-07 17:15:00	15.5	북북서	348	15.64	30.83	0.70	5.5	1.17	5.0	5.3	남서	231	6.1	1024.4	-	329	
2019-12-07 17:20:00	17.7	북서	321	15.62	30.82	0.82	5.8	1.26	5.5	5.3	남서	235	6.0	1024.3	-	345	
2019-12-07 17:25:00	15.4	북북서	334	15.61	30.82	0.84	6.0	1.13	6.0	6.1	남서	234	5.9	1024.4	-	344	
2019-12-07 17:30:00	13.9	북서	323	15.59	30.83	0.78	5.9	1.17	5.5	6.6	서남서	237	5.7	1024.4	-	345	
2019-12-07 17:35:00	20.2	북북서	349	15.56	30.83	0.80	5.7	1.17	6.5	6.4	서남서	239	5.7	1024.4	-	349	
2019-12-07 17:40:00	13.9	북북동	24	15.57	30.83	0.76	5.5	0.99	5.0	6.6	서남서	237	5.7	1024.4	-	336	
2019-12-07 17:45:00	14.6	북	355	15.56	30.82	0.73	5.8	1.15	5.5	6.3	서남서	241	5.8	1024.4	-	337	
2019-12-07 17:50:00	10.8	북	354	15.58	30.80	0.79	5.4	1.31	6.0	6.6	남서	234	5.7	1024.4	-	337	
2019-12-07 17:55:00	15.6	북북서	348	15.51	30.76	0.80	5.8	1.09	6.5	6.2	남서	236	5.4	1024.5	-	343	
2019-12-07 18:00:00	10.7	북	352	15.50	30.78	0.81	5.7	1.18	6.0	6.4	남서	229	5.2	1024.6	-	344	
2019-12-07 18:05:00	12.2	북	355	15.46	30.75	0.78	5.5	1.15	5.5	7.1	남서	233	4.9	1024.6	-	345	
2019-12-07 18:10:00	10.8	북	359	15.44	30.77	0.88	5.9	1.29	5.5	7.9	서남서	238	4.8	1024.5	-	351	
2019-12-07 18:15:00	10.7	북	354	15.44	30.75	0.79	6.2	0.97	6.5	7.8	서남서	237	4.9	1024.4	-	341	
2019-12-07 18:20:00	13.4	북북서	348	15.44	30.74	0.78	6.0	1.28	6.5	6.2	서남서	238	4.9	1024.6	-	338	
2019-12-07 18:25:00	11.9	북	359	15.46	30.73	0.85	6.1	1.30	6.5	5.7	남서	233	4.9	1024.7	-	345	
2019-12-07 18:30:00	10.9	북북서	336	15.44	30.75	0.97	5.8	1.29	6.0	5.1	남서	234	4.7	1024.8	-	341	
2019-12-07 18:35:00	10.4	북	8	15.44	30.71	0.74	5.9	0.97	5.0	4.7	남서	220	4.5	1024.8	-	335	
2019-12-07 18:40:00	8.3	북북서	339	15.45	30.75	0.84	5.9	1.06	6.0	4.6	남서	222	4.4	1024.8	-	294	
2019-12-07 18:45:00	5.0	북북서	335	15.42	30.75	0.77	5.7	1.11	5.5	4.6	남서	226	4.3	1024.8	-	332	
2019-12-07 18:50:00	11.1	북북서	342	15.41	30.76	0.77	5.9	1.11	6.0	4.4	남서	224	4.4	1024.9	-	343	
2019-12-07 18:55:00	8.2	북북서	337	15.37	30.75	0.73	6.2	0.93	5.5	5.0	서남서	238	4.7	1024.9	-	356	
2019-12-07 19:00:00	9.3	북	3	15.35	30.75	0.82	5.6	0.98	6.0	5.8	서남서	239	4.4	1024.9	-	338	
2019-12-07 19:05:00	10.2	북북서	340	15.35	30.73	0.70	5.6	0.86	6.0	5.7	남서	230	4.5	1024.9	-	337	
2019-12-07 19:10:00	6.0	서북서	304	15.36	30.74	0.78	6.1	1.01	7.0	6.0	남서	233	4.3	1024.9	-	346	
2019-12-07 19:15:00	8.4	북북서	332	15.33	30.75	0.74	5.6	1.02	5.5	6.0	남서	232	4.4	1024.9	-	353	
2019-12-07 19:20:00	9.1	북서	318	15.30	30.74	0.75	5.9	1.16	5.5	5.7	서남서	237	4.4	1025.0	-	347	
2019-12-07 19:25:00	11.5	북	356	15.29	30.74	0.65	5.7	0.98	6.0	5.4	서남서	239	4.3	1025.1	-	12	
2019-12-07 19:30:00	7.9	북서	324	15.27	30.75	0.72	6.2	1.01	6.0	4.6	남서	234	4.0	1025.1	-	355	
2019-12-07 19:35:00	6.0	북북서	338	15.27	30.73	0.72	5.9	1.02	5.0	4.4	남서	234	4.1	1025.1	-	356	
2019-12-07 19:40:00	9.1	북북서	332	15.26	30.75	0.78	6.0	1.16	5.5	3.4	남남서	206	4.0	1025.3	-	336	
2019-12-07 19:45:00	7.3	서북서	297	15.24	30.76	0.80	6.2	1.14	5.0	2.9	남서	218	3.9	1025.4	-	337	
2019-12-07 19:50:00	7.9	서북서	302	15.23	30.74	0.72	5.3	0.92	5.5	2.6	남서	217	3.8	1025.4	-	356	
2019-12-07 19:55:00	4.0	서북서	286	15.23	30.72	0.69	5.7	1.04	6.0	2.7	남서	217	3.8	1025.4	-	338	
2019-12-07 20:00:00	13.1	북서	314	15.21	30.70	0.72	6.1	1.03	6.5	3.4	남서	220	4.0	1025.4	-	345	
2019-12-07 20:05:00	17.5	북서	319	15.23	30.70	0.69	6.2	1.02	5.0	2.6	남남서	202	4.1	1025.6	-	355	
2019-12-07 20:10:00	9.7	북북서	331	15.22	30.72	0.67	5.6	0.83	5.5	2.9	남남서	199	3.9	1025.7	-	353	
2019-12-07 20:15:00	11.6	북북서	331	15.21	30.76	0.67	5.6	0.83	6.0	3.0	남	188	4.0	1025.8	-	357	
2019-12-07 20:20:00	8.9	북북서	330	15.23	30.75	0.65	5.6	0.81	6.0	3.5	남남서	197	4.1	1025.8	-	357	
2019-12-07 20:25:00	11.5	북서	319	15.22	30.77	0.73	5.5	1.37	6.0	3.9	남서	214	4.3	1025.7	-	348	
2019-12-07 20:30:00	12.3	서북서	293	15.22	30.79	0.72	6.0	0.91	5.0	3.8	남서	215	4.4	1025.8	-	352	
2019-12-07 20:35:00	12.6	북서	323	15.22	30.78	0.67	5.8	0.88	6.5	4.2	남남서	206	4.2	1025.9	-	348	
2019-12-07 20:40:00	14.3	서북서	302	15.23	30.79	0.65	5.8	1.02	6.5	3.9	남서	222	4.1	1026.0	-	343	
2019-12-07 20:45:00	12.6	북서	310	15.21	30.77	0.66	5.6	0.84	5.0	4.8	남서	218	4.0	1026.0	-	357	
2019-12-07 20:50:00	8.7	북서	309	15.21	30.80	0.70	5.3	0.95	5.5	5.1	남서	225	4.1	1026.0	-	328	
2019-12-07 20:55:00	8.0	북서	307	15.20	30.79	0.60	6.5	0.84	5.5	4.7	남서	218	4.1	1026.1	-	11	
2019-12-07 21:00:00	10.6	서북서	293	15.22	30.78	0.67	5.6	0.90	5.5	4.4	남서	216	4.1	1026.1	-	353	
2019-12-07 21:05:00	11.1	서북서	301	15.21	30.79	0.69	5.8	0.86	6.0	4.3	남서	215	4.0	1026.2	-	348	
2019-12-07 21:10:00	12.6	북북서	331	15.24	30.77	0.61	5.6	0.70	4.5	4.0	남서	220	4.0	1026.2	-	336	
2019-12-07 21:15:00	17.9	북서	322	15.24	30.71	0.71	6.4	1.01	6.0	4.8	남서	228	4.0	1026.1	-	357	
2019-12-07 21:20:00	12.5	북서	313	15.24	30.78	0.66	5.9	0.90	6.0	5.2	남서	228	3.9	1026.2	-	330	
2019-12-07 21:25:00	12.2	북서	321	15.26	30.79	0.52	5.7	0.74	5.5	4.9	남서	218	3.9	1026.3	-	14	
2019-12-07 21:30:00	17.9	북북서	327	15.29	30.79	0.61	6.2	0.96	5.0	4.7	남남서	213	3.8	1026.4	-	10	
2019-12-07 21:35:00	12.4	북서	313	15.30	30.79	0.64	5.7	0.87	6.0	5.0	남남서	210	4.0	1026.4	-	347	
2019-12-07 21:40:00	15.6	북서	310	15.31	30.75	0.61	5.7	1.02	6.0	4.8	남서	218	4.1	1026.4	-	343	
2019-12-07 21:45:00	21.4	북서	314	15.34	30.75	0.65	6.4	0.76	5.0	5.0	남서	225	4.0	1026.5	-	315	
2019-12-07 21:50:00	20.5	북서	314	15.36	30.77	0.77	5.9	1.03	6.0	4.7	남서	219	3.8	1026.6	-	355	
2019-12-07 21:55:00	13.3	북서	314	15.37	30.80	0.65	5.6	0.88	5.0	4.9	남서	226	3.6	1026.6	-	356	
2019-12-07 22:00:00	17.6	북서	315	15.38	30.76	0.74	6.1	1.13	7.0	4.6	남서	231	3.8	1026.6	-	21	
2019-12-07 22:05:00	21.7	북서	319	15.36	30.76	0.85	6.0	1.43	6.0	4.7	남서	231	3.8	1026.6	-	344	
2019-12-07 22:10:00	14.1	북서	306	15.40	30.79	0.71	6.3	0.96	7.0	4.7	남서	228	3.8	1026.7	-	352	
2019-12-07 22:15:00	13.7	북북서	327	15.38	30.80	0.70	5.9	0.94	5.5	5.1	남서	236	3.9	1026.7	-	346	
2019-12-07 22:20:00	18.9	북서	320	15.40	30.81	0.72	5.6	1.02	6.0	5.6	서남서	237	3.9	1026.6	-	337	
2019-12-07 22:25:00	18.2	북서	323	15.42	30.82	0.65	5.7	1.03	6.0	5.2	서남서	244	3.9	1026.7	-	7	
2019-12-07 22:30:00	17.6	북서	319	15.43	30.84	0.74	5.7	1.00	5.0	5.6	서남서	241	3.8	1026.8	-	348	
2019-12-07 22:35:00	16.8	북서	313	15.43	30.83	0.64	6.0	1.04	6.0	6.0	남서	232	4.0	1026.8	-	4	
2019-12-07 22:40:00	14.2	북서	305	15.45	30.84	0.81	6.1	1.21	6.0	6.3	서남서	237	4.0	1026.8	-	343	
2019-12-07 22:45:00	17.6	북서	313	15.43	30.84	0.79	5.8	1.05	5.5	6.4	서남서	245	3.9	1026.8	-	349	
2019-12-07 22:50:00	16.1	북북서	327	15.40	30.83	0.72	5.9	1.36	5.5	6.1	서남서	237	3.9	1026.9	-	349	
2019-12-07 22:55:00	17.0	북북서	328	15.41	30.84	0.71	6.0	0.94	6.0	6.0	남서	232	3.8	1027.0	-	0	
2019-12-07 23:00:00	19.4	북북서	328	15.43	30.85	0.70	5.5	1.00	5.0	6.1	남서	233	4.0	1027.0	-	345	
2019-12-07 23:05:00	17.4	북북서	338	15.41	30.84	0.60	5.6	0.74	6.0	6.2	남서	235	4.1	1027.0	-	343	
2019-12-07 23:10:00	15.6	북서	317	15.37	30.80	0.75	5.9	1.39	6.5	6.2	남서	231	3.8	1027.1	-	327	
2019-12-07 23:15:00	13.9	북북서	331	15.34	30.80	0.88	5.6	1.23	6.5	6.6	남서	225	3.9	1027.2	-	338	
2019-12-07 23:20:00	12.3	북북서	330	15.35	30.81	0.79	6.3	1.14	5.5	5.8	남서	229	3.8	1027.2	-	338	
2019-12-07 23:25:00	17.7	북북서	331	15.31	30.80	0.81	6.0	0.95	7.0	6.6	남서	231	3.8	1027.1	-	353	
2019-12-07 23:30:00	17.2	북북서	329	15.30	30.83	0.68	5.6	1.02	5.5	6.3	남서	236	3.8	1027.1	-	343	
2019-12-07 23:35:00	17.6	북북서	344	15.29	30.80	0.78	6.2	0.99	6.5	6.4	남서	231	3.7	1027.2	-	349	
2019-12-07 23:40:00	17.8	북북서	343	15.27	30.82	0.69	5.9	1.09	5.0	6.5	남서	229	3.7	1027.2	-	342	
2019-12-07 23:45:00	11.9	북서	324	15.28	30.82	0.66	5.6	1.09	5.5	6.6	서남서	240	3.7	1027.2	-	340	
2019-12-07 23:50:00	16.6	북북서	335	15.25	30.80	0.79	6.0	1.01	6.0	6.6	서남서	239	3.5	1027.1	-	352	
2019-12-07 23:55:00	14.6	북북서	329	15.27	30.79	0.65	5.9	0.91	6.5	6.5	서남서	237	3.5	1027.1	-	351	
2019-12-08 00:00:00	22.6	북북서	336	15.27	30.80	0.70	6.0	0.99	6.0	6.8	남서	231	3.5	1027.1	-	357	
2019-12-08 00:05:00	16.4	북북서	329	15.26	30.79	0.70	5.7	1.06	5.5	6.4	남서	234	3.4	1027.1	-	327	
2019-12-08 00:10:00	19.8	북북서	331	15.26	30.78	0.68	6.2	1.01	6.0	6.3	남서	234	3.5	1027.1	-	344	
2019-12-08 00:15:00	15.2	북북서	337	15.26	30.76	0.67	5.8	0.84	7.5	6.3	남서	231	3.5	1027.1	-	337	
2019-12-08 00:20:00	13.2	북북서	327	15.25	30.76	0.76	6.2	1.09	6.5	6.0	남서	228	3.4	1027.2	-	337	
2019-12-08 00:25:00	18.5	북북서	332	15.23	30.80	0.67	5.9	0.83	6.0	5.7	남서	228	3.5	1027.2	-	355	
2019-12-08 00:30:00	19.1	북서	319	15.22	30.80	0.71	6.4	1.10	6.5	6.2	남서	229	3.4	1027.2	-	341	
2019-12-08 00:35:00	12.8	북북서	330	15.23	30.82	0.73	6.2	1.14	5.5	6.4	남서	229	3.5	1027.1	-	353	
2019-12-08 00:40:00	14.3	북북서	331	15.23	30.80	0.72	6.0	0.97	6.0	6.5	남서	231	3.3	1027.0	-	351	
2019-12-08 00:45:00	21.3	북북서	342	15.22	30.81	0.61	5.7	0.94	6.0	6.2	남서	231	3.2	1027.0	-	348	
2019-12-08 00:50:00	16.4	북북서	329	15.21	30.81	0.71	6.2	0.83	6.0	6.3	남서	232	3.4	1026.9	-	348	
2019-12-08 00:55:00	17.6	북북서	331	15.20	30.80	0.69	6.3	1.05	6.0	6.6	남서	233	3.5	1026.9	-	330	
2019-12-08 01:00:00	21.6	북북서	332	15.18	30.79	0.62	5.5	0.87	4.5	6.8	남서	228	3.3	1026.8	-	354	
2019-12-08 01:05:00	23.7	북북서	329	15.18	30.80	0.72	5.8	0.84	5.0	6.7	남서	230	3.3	1026.8	-	338	
2019-12-08 01:10:00	16.5	북북서	337	15.17	30.77	0.68	6.4	0.89	6.0	6.9	남서	228	3.3	1026.7	-	346	
2019-12-08 01:15:00	18.7	북북서	336	15.15	30.81	0.63	5.9	0.87	6.0	6.7	남서	230	3.2	1026.7	-	344	
2019-12-08 01:20:00	17.4	북서	325	15.13	30.80	0.58	6.1	0.91	5.0	6.4	남서	229	3.2	1026.7	-	336	
2019-12-08 01:25:00	20.1	북북서	330	15.13	30.80	0.56	6.0	0.84	5.5	6.6	남서	231	3.2	1026.6	-	333	
2019-12-08 01:30:00	18.6	북북서	327	15.14	30.83	0.62	6.3	0.93	6.0	6.4	남서	230	3.2	1026.7	-	336	
2019-12-08 01:35:00	21.7	북북서	334	15.14	30.82	0.71	6.0	0.89	6.5	6.1	남서	227	3.2	1026.8	-	341	
2019-12-08 01:40:00	19.2	북북서	333	15.12	30.81	0.70	6.2	1.01	6.5	6.7	남서	225	3.1	1026.8	-	333	
2019-12-08 01:45:00	18.8	북북서	333	15.12	30.81	0.59	6.1	0.76	5.5	6.9	남서	233	3.1	1026.8	-	5	
2019-12-08 01:50:00	18.6	북북서	331	15.11	30.73	0.62	5.8	0.92	6.0	6.6	남서	229	3.1	1026.8	-	328	
2019-12-08 01:55:00	22.0	북서	326	15.10	30.77	0.65	5.9	0.92	5.5	7.4	남서	230	3.0	1026.9	-	8	
2019-12-08 02:00:00	21.6	북북서	336	15.10	30.70	0.68	5.9	0.91	6.0	7.2	남서	229	3.0	1027.0	-	342	
2019-12-08 02:05:00	19.7	북북서	333	15.11	30.74	0.70	6.1	0.84	5.5	7.1	남서	231	3.3	1027.1	-	337	
2019-12-08 02:10:00	20.4	북북서	330	15.11	30.72	0.68	5.6	1.05	5.5	7.0	남서	230	3.3	1027.1	-	359	
2019-12-08 02:15:00	18.9	북북서	330	15.08	30.68	0.61	5.9	1.09	7.0	7.3	남서	234	3.1	1027.0	-	339	
2019-12-08 02:20:00	19.3	북북서	335	15.07	30.67	0.59	5.5	0.91	5.0	7.4	남서	234	3.1	1027.0	-	333	
2019-12-08 02:25:00	17.2	북서	326	15.05	30.77	0.61	5.9	0.89	5.0	7.3	남서	233	3.0	1026.9	-	2	
2019-12-08 02:30:00	17.5	북북서	333	15.07	30.81	0.60	5.7	0.93	5.5	7.5	남서	232	2.8	1026.9	-	337	
2019-12-08 02:35:00	19.4	북북서	337	15.06	30.77	0.56	6.3	0.68	6.0	7.5	남서	229	2.9	1026.8	-	359	
2019-12-08 02:40:00	18.9	북북서	327	15.06	30.77	0.63	6.3	0.79	5.5	7.7	남서	227	2.9	1026.8	-	342	
2019-12-08 02:45:00	17.2	북북서	343	15.02	30.79	0.70	5.8	1.07	5.5	7.6	남서	233	2.8	1026.8	-	333	
2019-12-08 02:50:00	20.2	북북서	335	15.04	30.77	0.62	5.7	0.99	5.0	8.0	남서	232	3.0	1026.7	-	22	
2019-12-08 02:55:00	19.5	북북서	343	15.03	30.72	0.66	6.5	0.89	5.0	8.2	남서	233	2.8	1026.7	-	348	
2019-12-08 03:00:00	18.4	북북서	332	15.01	30.81	0.65	6.4	0.89	6.0	8.5	서남서	238	2.8	1026.7	-	344	
2019-12-08 03:05:00	20.4	북북서	340	15.01	30.78	0.54	6.3	0.85	5.5	8.5	남서	233	2.8	1026.8	-	354	
2019-12-08 03:10:00	18.8	북북서	336	15.00	30.79	0.73	6.0	1.18	6.0	7.8	남서	233	2.9	1026.8	-	338	
2019-12-08 03:15:00	20.5	북북서	335	15.01	30.78	0.62	6.2	0.75	7.0	7.9	남서	234	2.7	1026.7	-	4	
2019-12-08 03:20:00	20.1	북북서	336	15.00	30.75	0.63	6.0	0.72	7.0	7.7	남서	236	2.7	1026.7	-	324	
2019-12-08 03:25:00	21.0	북북서	338	14.98	30.78	0.65	6.1	1.03	6.0	8.0	남서	236	2.6	1026.7	-	335	
2019-12-08 03:30:00	21.0	북북서	341	14.97	30.75	0.65	5.8	0.91	5.0	7.2	남서	234	2.7	1026.7	-	356	
2019-12-08 03:35:00	19.3	북북서	342	14.96	30.78	0.75	6.1	1.08	5.5	7.6	남서	235	2.7	1026.7	-	344	
2019-12-08 03:40:00	18.1	북북서	338	14.94	30.74	0.71	6.2	0.92	6.0	7.4	남서	236	2.8	1026.6	-	339	
2019-12-08 03:45:00	21.2	북북서	340	14.88	30.73	0.67	6.2	0.75	5.0	7.3	남서	234	2.7	1026.7	-	357	
2019-12-08 03:50:00	19.9	북북서	335	14.86	30.74	0.65	6.1	1.07	5.5	7.4	남서	236	2.6	1026.7	-	3	
2019-12-08 03:55:00	19.9	북북서	340	14.84	30.72	0.75	6.7	1.08	6.0	7.6	남서	236	2.7	1026.6	-	354	
2019-12-08 04:00:00	21.2	북북서	347	14.83	30.72	0.69	5.8	1.03	6.0	8.0	남서	234	2.6	1026.6	-	343	
2019-12-08 04:05:00	17.7	북북서	334	14.83	30.75	0.68	6.0	0.78	5.5	8.2	남서	236	2.5	1026.6	-	358	
2019-12-08 04:10:00	18.1	북북서	336	14.83	30.76	0.62	6.1	0.78	5.0	8.0	남서	235	2.4	1026.7	-	336	
2019-12-08 04:15:00	21.6	북북서	332	14.83	30.76	0.63	5.8	1.06	5.5	8.0	남서	235	2.5	1026.7	-	216	
2019-12-08 04:20:00	20.5	북북서	337	14.82	30.75	0.91	6.0	1.42	6.0	7.6	남서	236	2.6	1026.7	-	338	
2019-12-08 04:25:00	19.3	북북서	335	14.82	30.76	0.67	6.2	1.07	6.5	7.6	남서	231	2.7	1026.8	-	334	
2019-12-08 04:30:00	27.6	북북서	331	14.80	30.79	0.73	6.5	1.15	5.5	7.5	남서	234	2.5	1026.8	-	352	
2019-12-08 04:35:00	31.7	북북서	336	14.82	30.69	0.75	6.5	1.02	6.5	7.3	남서	236	2.7	1026.8	-	356	
2019-12-08 04:40:00	31.6	북북서	340	14.81	30.71	0.72	6.2	1.12	5.5	7.3	남서	234	2.6	1026.7	-	355	
2019-12-08 04:45:00	33.9	북북서	341	14.85	30.74	0.66	6.3	0.76	6.0	6.9	남서	235	2.5	1026.7	-	352	
2019-12-08 04:50:00	33.5	북북서	338	14.95	30.76	0.72	5.9	0.96	5.0	7.3	남서	233	2.4	1026.6	-	353	
2019-12-08 04:55:00	34.4	북북서	337	15.14	30.80	0.90	6.1	1.29	6.5	7.3	남서	229	2.5	1026.6	-	346	
2019-12-08 05:00:00	35.2	북북서	335	15.23	30.76	0.77	6.1	1.12	6.0	7.5	남서	236	2.5	1026.6	-	351	
2019-12-08 05:05:00	33.1	북북서	335	15.23	30.82	0.80	6.4	1.19	6.5	7.9	남서	235	2.5	1026.5	-	343	
2019-12-08 05:10:00	34.1	북북서	336	15.27	30.82	0.83	5.8	1.01	6.0	7.4	남서	232	2.4	1026.6	-	355	
2019-12-08 05:15:00	30.8	북북서	333	15.44	30.92	0.71	5.6	0.98	5.0	7.4	남서	231	2.4	1026.6	-	336	
2019-12-08 05:20:00	34.2	북북서	335	15.48	30.89	0.90	6.4	1.19	6.0	7.4	남서	233	2.3	1026.6	-	352	
2019-12-08 05:25:00	35.8	북북서	339	15.36	30.80	0.86	5.8	1.16	6.0	7.3	남서	234	2.4	1026.7	-	328	
2019-12-08 05:30:00	30.6	북북서	337	15.38	30.82	0.70	6.5	0.95	6.0	7.1	남서	235	2.3	1026.7	-	356	
2019-12-08 05:35:00	34.7	북북서	339	15.33	30.77	0.71	6.0	0.91	5.5	7.2	서남서	238	2.3	1026.7	-	343	
2019-12-08 05:40:00	29.1	북북서	337	15.31	30.83	0.77	6.2	1.02	6.5	7.7	서남서	237	2.4	1026.6	-	351	
2019-12-08 05:45:00	32.5	북북서	342	15.26	30.79	0.74	5.9	1.11	6.0	7.7	남서	235	2.3	1026.6	-	351	
2019-12-08 05:50:00	31.0	북북서	341	15.26	30.81	0.77	6.2	1.00	5.5	7.3	남서	234	2.4	1026.7	-	359	
2019-12-08 05:55:00	30.2	북북서	338	15.22	30.79	0.70	6.1	1.00	6.0	7.4	남서	234	2.5	1026.7	-	352	
2019-12-08 06:00:00	31.4	북북서	337	15.22	30.79	0.92	6.5	1.53	6.5	7.4	남서	233	2.6	1026.8	-	346	
2019-12-08 06:05:00	30.5	북북서	343	15.17	30.78	0.68	6.3	0.82	6.0	7.4	남서	236	2.6	1026.8	-	0	
2019-12-08 06:10:00	30.3	북북서	339	15.19	30.83	0.77	5.8	1.00	6.0	7.6	서남서	239	2.3	1026.7	-	356	
2019-12-08 06:15:00	30.0	북북서	338	15.22	30.82	0.87	6.3	1.22	6.0	7.4	서남서	237	2.4	1026.7	-	347	
2019-12-08 06:20:00	28.4	북북서	330	15.24	30.91	0.86	6.3	1.11	6.5	7.7	서남서	238	2.3	1026.7	-	341	
2019-12-08 06:25:00	34.5	북북서	331	15.34	30.92	0.79	6.4	1.11	6.5	7.7	남서	234	2.4	1026.8	-	353	
2019-12-08 06:30:00	34.4	북북서	333	15.36	30.99	0.73	6.3	1.09	5.5	7.6	남서	235	2.5	1026.9	-	342	
2019-12-08 06:35:00	35.2	북북서	331	15.43	30.95	0.77	6.3	1.05	6.0	7.8	남서	235	2.4	1026.9	-	335	
2019-12-08 06:40:00	32.3	북북서	331	15.47	30.86	0.73	6.5	1.00	6.5	7.5	남서	235	2.4	1026.9	-	351	
2019-12-08 06:45:00	30.4	북북서	330	15.40	30.91	0.80	6.1	1.14	6.0	7.6	남서	231	2.3	1026.9	-	20	
2019-12-08 06:50:00	35.8	북북서	335	15.46	30.91	0.76	5.6	1.00	6.5	7.3	남서	233	2.4	1027.0	-	343	
2019-12-08 06:55:00	33.3	북북서	331	15.51	30.91	0.90	6.5	1.27	6.5	7.3	남서	231	2.4	1027.0	-	349	
2019-12-08 07:00:00	32.9	북북서	332	15.54	30.92	0.74	6.6	1.08	6.0	7.1	남서	234	2.3	1027.0	-	351	
2019-12-08 07:05:00	34.7	북북서	338	15.57	30.93	0.68	6.4	0.93	6.0	7.5	남서	234	2.4	1027.0	-	344	
2019-12-08 07:10:00	31.0	북북서	338	15.58	30.94	0.72	6.1	0.89	5.5	8.0	남서	234	2.3	1027.0	-	337	
2019-12-08 07:15:00	35.5	북북서	337	15.57	30.90	0.84	6.0	1.25	6.0	8.1	서남서	237	2.1	1027.0	-	339	
2019-12-08 07:20:00	34.7	북북서	335	15.47	30.88	0.75	5.9	0.88	6.0	8.0	서남서	240	1.9	1027.0	-	344	
2019-12-08 07:25:00	30.6	북북서	332	15.44	30.85	0.76	5.8	1.28	6.0	8.1	서남서	239	1.9	1026.9	-	344	
2019-12-08 07:30:00	30.6	북북서	337	15.43	30.95	0.71	5.6	0.92	5.5	8.3	서남서	241	2.0	1026.9	-	17	
2019-12-08 07:35:00	29.1	북북서	339	15.49	30.96	0.67	5.8	1.02	5.5	7.8	서남서	244	2.1	1027.0	-	15	
2019-12-08 07:40:00	30.9	북북서	337	15.53	30.93	0.69	6.0	1.05	6.0	7.8	서남서	237	2.0	1027.0	-	7	
2019-12-08 07:45:00	33.6	북북서	340	15.51	30.89	0.79	6.3	1.52	6.0	7.6	서남서	237	2.4	1027.0	-	353	
2019-12-08 07:50:00	28.3	북북서	337	15.53	30.93	0.83	6.4	1.08	7.0	7.5	남서	235	2.3	1027.1	-	356	
2019-12-08 07:55:00	30.7	북북서	340	15.51	30.94	0.88	6.3	1.24	6.0	7.1	남서	235	2.4	1027.1	-	357	
2019-12-08 08:00:00	31.4	북북서	341	15.51	30.92	0.72	6.1	0.99	6.0	7.7	서남서	237	2.4	1027.1	-	7	
2019-12-08 08:05:00	34.0	북북서	338	15.48	30.91	0.82	6.4	1.10	6.0	7.2	남서	235	2.5	1027.1	-	348	
2019-12-08 08:10:00	34.4	북북서	337	15.46	30.89	0.76	6.0	0.91	5.5	7.6	서남서	237	2.3	1027.1	-	345	
2019-12-08 08:15:00	36.1	북북서	337	15.44	30.91	0.72	6.1	0.97	6.0	7.3	남서	235	2.6	1027.1	-	339	
2019-12-08 08:20:00	33.8	북북서	343	15.39	30.87	0.69	6.0	0.95	6.0	7.5	서남서	239	2.7	1027.1	-	1	
2019-12-08 08:25:00	35.0	북북서	339	15.41	30.91	0.75	6.3	1.13	6.0	7.4	남서	236	2.8	1027.1	-	355	
2019-12-08 08:30:00	37.2	북북서	334	15.46	30.94	0.77	5.8	1.12	6.0	7.4	서남서	237	2.7	1027.2	-	2	
2019-12-08 08:35:00	38.0	북북서	336	15.51	30.95	0.79	6.0	1.10	6.5	6.8	남서	236	2.8	1027.2	-	358	
2019-12-08 08:40:00	37.0	북북서	330	15.53	30.95	0.76	6.3	1.12	5.5	7.5	남서	236	3.1	1027.1	-	9	
2019-12-08 08:45:00	31.7	북북서	331	15.53	30.99	0.77	6.3	1.01	5.5	7.6	서남서	238	3.1	1027.2	-	344	
2019-12-08 08:50:00	37.0	북북서	334	15.60	30.98	0.73	5.8	0.88	6.0	7.4	서남서	238	3.2	1027.2	-	346	
2019-12-08 08:55:00	37.7	북북서	329	15.71	31.01	0.80	5.9	0.98	6.0	7.5	남서	234	3.4	1027.2	-	346	
2019-12-08 09:00:00	36.0	북북서	331	15.72	31.01	0.80	6.2	1.20	6.0	7.0	남서	231	3.7	1027.2	-	346	
2019-12-08 09:05:00	35.4	북북서	332	15.75	31.00	0.74	5.9	0.92	5.5	7.1	남서	233	3.8	1027.3	-	349	
2019-12-08 09:10:00	29.4	북북서	330	15.74	30.99	0.77	6.5	0.98	6.5	7.1	남서	236	3.9	1027.3	-	347	
2019-12-08 09:15:00	31.2	북북서	335	15.72	31.00	0.64	6.1	0.79	6.5	7.2	남서	235	3.7	1027.2	-	0	
2019-12-08 09:20:00	31.7	북북서	334	15.72	30.99	0.61	6.1	0.81	5.5	7.3	서남서	238	3.9	1027.2	-	344	
2019-12-08 09:25:00	30.3	북북서	331	15.72	30.98	0.71	6.2	0.93	6.5	7.0	서남서	240	3.9	1027.2	-	344	
2019-12-08 09:30:00	32.9	북북서	330	15.73	30.99	0.64	6.3	1.08	6.5	6.5	서남서	237	4.0	1027.2	-	33	
2019-12-08 09:35:00	33.9	북북서	330	15.73	31.03	0.62	5.7	0.77	5.5	6.6	서남서	238	4.1	1027.2	-	344	
2019-12-08 09:40:00	29.3	북북서	331	15.75	31.01	0.73	6.2	0.98	6.0	6.9	서남서	239	4.2	1027.2	-	3	
2019-12-08 09:45:00	31.1	북북서	329	15.73	31.00	0.77	5.8	1.34	6.0	7.2	서남서	238	4.2	1027.2	-	341	
2019-12-08 09:50:00	36.6	북북서	336	15.70	31.02	0.73	5.6	1.11	5.5	7.0	서남서	238	4.5	1027.3	-	355	
2019-12-08 09:55:00	36.2	북북서	332	15.69	31.01	0.78	6.3	1.36	6.0	7.3	서남서	239	4.6	1027.3	-	337	
2019-12-08 10:00:00	33.2	북북서	336	15.67	30.99	0.71	6.0	1.04	6.0	7.4	서남서	237	4.6	1027.3	-	3	
2019-12-08 10:05:00	33.1	북북서	333	15.63	30.97	0.68	6.1	0.93	6.0	7.1	서남서	237	4.9	1027.4	-	20	
2019-12-08 10:10:00	33.7	북북서	335	15.62	30.99	0.79	6.2	0.95	7.0	7.0	남서	234	5.1	1027.4	-	13	
2019-12-08 10:15:00	34.8	북북서	331	15.59	30.98	0.58	6.0	0.80	6.0	6.5	남서	229	5.2	1027.5	-	3	
2019-12-08 10:20:00	38.7	북북서	329	15.66	30.99	0.64	6.0	0.91	7.0	6.0	남서	228	5.3	1027.4	-	341	
2019-12-08 10:25:00	38.9	북북서	329	15.68	30.99	0.79	6.3	1.19	5.5	5.4	남서	229	5.5	1027.4	-	342	
2019-12-08 10:30:00	40.1	북북서	329	15.66	30.96	0.70	6.0	1.13	6.0	5.9	남서	227	5.5	1027.3	-	14	
2019-12-08 10:35:00	40.2	북북서	332	15.64	30.95	0.68	6.2	0.81	7.5	5.9	남서	225	5.7	1027.3	-	28	
2019-12-08 10:40:00	42.3	북북서	330	15.71	30.95	0.73	6.5	0.97	6.0	6.5	남서	226	5.8	1027.3	-	348	
2019-12-08 10:45:00	37.9	북북서	333	15.60	30.92	0.80	6.3	1.26	7.0	5.7	남서	229	6.0	1027.3	-	40	
2019-12-08 10:50:00	42.2	북북서	331	15.55	30.93	0.84	6.2	1.15	6.0	5.7	남서	229	6.3	1027.2	-	30	
2019-12-08 10:55:00	41.1	북북서	334	15.55	30.91	0.72	6.3	0.89	6.0	5.5	남서	225	6.5	1027.1	-	9	
2019-12-08 11:00:00	39.6	북북서	335	15.58	30.95	0.71	6.9	1.06	6.5	5.3	남서	225	6.7	1027.1	-	339	
2019-12-08 11:05:00	40.4	북북서	334	15.59	30.93	0.64	6.6	0.89	5.5	4.6	남서	224	6.9	1027.0	-	347	
2019-12-08 11:10:00	41.7	북북서	333	15.58	30.93	0.71	6.5	0.93	5.5	5.1	남서	224	7.0	1026.8	-	18	
2019-12-08 11:15:00	42.8	북북서	334	15.54	30.89	0.68	6.7	0.96	7.0	4.0	남서	221	7.2	1026.7	-	11	
2019-12-08 11:20:00	40.0	북북서	334	15.58	30.93	0.64	6.4	0.84	6.5	3.8	남서	222	7.3	1026.6	-	32	
2019-12-08 11:25:00	42.5	북북서	331	15.56	30.88	0.88	7.3	1.11	6.0	3.7	남서	218	7.5	1026.4	-	28	
2019-12-08 11:30:00	42.3	북서	326	15.60	30.89	0.68	6.6	0.89	7.5	4.2	남서	217	7.9	1026.4	-	23	
2019-12-08 11:35:00	41.3	북북서	333	15.68	30.93	0.76	6.3	1.46	6.0	4.6	남남서	200	8.1	1026.3	-	27	
2019-12-08 11:40:00	38.3	북북서	333	15.72	30.92	0.83	6.8	1.38	6.0	4.1	남남서	210	8.1	1026.1	-	46	
2019-12-08 11:45:00	39.6	북북서	329	15.74	30.95	0.88	7.2	1.47	7.5	3.6	남남서	212	8.2	1026.0	-	3	
2019-12-08 11:50:00	38.8	북북서	332	15.79	30.97	0.70	6.4	0.94	6.5	2.8	남남서	204	8.3	1026.0	-	45	
2019-12-08 11:55:00	37.2	북북서	332	15.82	30.97	0.72	7.0	1.26	6.0	2.3	남남서	209	8.5	1025.9	-	43	
2019-12-08 12:00:00	39.8	북북서	331	15.81	30.96	0.77	6.1	1.09	6.5	1.3	남	190	8.8	1025.8	-	28	
2019-12-08 12:05:00	36.9	북북서	328	15.80	30.99	0.82	7.2	1.20	7.0	1.6	남	171	8.9	1025.7	-	60	
2019-12-08 12:10:00	35.3	북북서	335	15.81	30.97	0.75	6.4	0.92	6.0	1.6	남동	124	8.9	1025.6	-	350	
2019-12-08 12:15:00	89.3	북북서	347	15.80	30.99	0.79	6.7	1.07	7.0	1.8	동남동	104	8.8	1025.5	-	13	
2019-12-08 12:20:00	40.6	북북서	335	15.80	30.97	0.69	5.8	1.03	6.0	1.6	동	101	8.9	1025.3	-	15	
2019-12-08 12:25:00	19.2	북서	320	15.80	30.97	0.74	6.7	1.00	7.0	2.2	동남동	105	8.8	1025.2	-	14	
2019-12-08 12:30:00	18.9	북서	320	15.80	30.97	0.77	6.8	1.13	5.5	2.5	동남동	121	8.9	1025.2	-	55	
2019-12-08 12:35:00	29.1	북북서	335	15.81	30.98	0.66	6.7	0.91	6.5	2.4	남동	129	9.0	1025.2	-	51	
2019-12-08 12:40:00	44.2	북북서	335	15.82	30.97	0.94	7.3	1.21	7.5	1.9	남동	126	9.1	1025.1	-	48	
2019-12-08 12:45:00	64.2	북북서	342	15.82	30.96	0.83	7.1	1.01	6.5	1.8	남동	127	9.3	1025.1	-	50	
2019-12-08 12:50:00	28.6	북북서	335	15.83	30.99	0.79	6.5	1.00	5.0	2.1	동남동	116	9.2	1025.0	-	49	
2019-12-08 12:55:00	12.8	북서	325	15.85	30.99	0.76	6.1	1.14	6.5	1.9	남동	127	9.4	1024.9	-	51	
2019-12-08 13:00:00	9.0	서북서	294	15.83	31.02	0.96	5.9	1.27	5.5	1.7	동남동	122	9.5	1024.9	-	33	
2019-12-08 13:05:00	26.3	북북서	339	15.81	31.01	0.82	7.5	1.17	6.5	2.3	동남동	110	9.6	1024.9	-	58	
2019-12-08 13:10:00	28.3	북북서	341	15.78	30.95	0.76	7.1	1.10	6.5	2.0	동남동	119	9.5	1024.8	-	39	
2019-12-08 13:15:00	22.6	북북서	330	15.81	31.03	0.83	7.4	1.34	7.5	2.0	동남동	119	9.6	1024.8	-	49	
2019-12-08 13:20:00	22.3	북북서	347	15.79	31.00	0.75	7.3	1.15	6.5	2.0	남동	129	9.8	1024.8	-	47	
2019-12-08 13:25:00	19.6	북	349	15.74	30.99	0.76	6.8	0.96	6.5	1.9	남동	129	9.9	1024.8	-	47	
2019-12-08 13:30:00	21.8	북	349	15.73	30.97	1.02	7.6	1.38	7.0	2.2	남동	135	10.0	1024.7	-	47	
2019-12-08 13:35:00	20.4	북	349	15.71	31.01	0.94	7.4	1.59	8.0	1.4	남동	138	10.2	1024.7	-	45	
2019-12-08 13:40:00	22.4	북북서	339	15.75	30.98	0.73	7.3	1.03	7.0	1.8	동남동	112	10.4	1024.6	-	57	
2019-12-08 13:45:00	22.6	북북서	338	15.77	31.00	0.99	6.5	1.43	6.5	1.5	동남동	111	10.4	1024.5	-	67	
2019-12-08 13:50:00	27.1	북북서	333	15.80	30.97	0.84	7.4	1.07	6.0	3.1	남동	128	10.5	1024.4	-	42	
2019-12-08 13:55:00	25.1	북북서	330	15.70	31.00	0.72	6.4	0.92	7.0	3.5	남동	133	10.4	1024.3	-	20	
2019-12-08 14:00:00	29.0	북북서	332	15.74	30.93	0.99	7.8	1.70	7.0	3.7	남동	133	10.4	1024.3	-	48	
2019-12-08 14:05:00	28.6	북북서	327	15.70	30.94	0.74	7.0	1.02	6.5	3.9	동남동	118	10.5	1024.2	-	63	
2019-12-08 14:10:00	27.2	북서	326	15.73	30.99	0.82	7.4	1.27	7.5	3.5	동남동	117	10.5	1024.1	-	38	
2019-12-08 14:15:00	26.8	북서	324	15.72	30.97	1.10	7.8	1.52	7.5	2.7	남동	129	10.7	1024.1	-	39	
2019-12-08 14:20:00	29.4	북서	324	15.76	31.02	1.13	7.8	1.36	7.5	3.0	남동	126	10.8	1024.1	-	44	
2019-12-08 14:25:00	34.6	북서	325	15.79	31.02	0.79	7.4	1.21	7.0	4.0	남동	136	10.8	1024.1	-	36	
2019-12-08 14:30:00	35.9	북북서	331	15.77	31.03	0.95	7.5	1.13	6.5	3.4	남동	130	10.9	1024.0	-	43	
2019-12-08 14:35:00	37.7	북북서	331	15.74	30.99	0.89	8.0	1.11	8.0	3.9	남동	131	10.9	1024.0	-	50	
2019-12-08 14:40:00	32.8	북북서	340	15.72	30.98	1.09	7.9	1.80	7.5	2.6	남동	135	11.1	1024.1	-	44	
2019-12-08 14:45:00	38.7	북북서	335	15.75	31.04	1.01	7.6	1.26	7.0	3.2	남동	141	11.0	1024.1	-	50	
2019-12-08 14:50:00	39.2	북북서	335	15.72	31.05	1.02	7.0	1.46	7.0	3.6	남동	134	11.1	1024.1	-	69	
2019-12-08 14:55:00	35.7	북북서	329	15.77	31.05	1.26	7.4	1.45	7.0	3.0	동남동	115	11.2	1024.1	-	41	
2019-12-08 15:00:00	38.9	북북서	334	15.82	31.03	1.04	7.5	1.63	7.0	3.0	남동	130	11.3	1024.1	-	33	
2019-12-08 15:05:00	43.9	북북서	332	15.81	31.04	0.76	6.8	1.06	8.0	2.6	동남동	111	11.3	1024.1	-	48	
2019-12-08 15:10:00	46.5	북북서	329	15.81	31.07	1.21	7.8	1.52	8.0	2.9	동남동	123	11.4	1024.1	-	49	
2019-12-08 15:15:00	48.0	북북서	330	15.85	31.05	0.96	7.4	1.17	7.0	2.9	동남동	123	11.4	1024.1	-	41	
2019-12-08 15:20:00	50.3	북북서	332	15.89	31.04	1.04	7.8	1.51	7.0	2.1	동남동	121	11.5	1024.1	-	45	
2019-12-08 15:25:00	50.4	북북서	332	15.90	31.05	0.94	7.3	1.32	8.0	2.6	동남동	116	11.5	1024.0	-	39	
2019-12-08 15:30:00	50.8	북북서	330	15.93	31.04	0.84	7.0	1.48	6.5	1.6	동남동	108	11.6	1024.0	-	43	
2019-12-08 15:35:00	50.2	북북서	332	15.91	31.04	0.98	7.8	1.44	7.5	1.4	동	93	11.8	1024.0	-	24	
2019-12-08 15:40:00	50.5	북북서	332	15.93	31.03	0.95	7.5	1.20	7.0	1.6	동남동	111	12.0	1023.9	-	50	
2019-12-08 15:45:00	50.0	북북서	332	15.94	31.02	0.86	7.1	1.00	6.5	1.5	동	88	11.9	1024.0	-	53	
2019-12-08 15:50:00	50.9	북북서	329	15.98	31.02	0.87	7.4	1.34	6.0	1.1	동	94	12.0	1024.0	-	33	
2019-12-08 15:55:00	49.8	북북서	331	15.99	30.99	0.90	7.2	1.32	6.5	0.3	남동	132	12.3	1024.1	-	36	
2019-12-08 16:00:00	47.4	북북서	330	16.00	31.00	0.94	7.0	1.45	7.5	0.7	북	358	12.7	1024.1	-	42	
2019-12-08 16:05:00	45.4	북북서	334	16.00	30.99	0.84	6.7	1.00	8.0	0.9	북	353	12.2	1024.1	-	48	
2019-12-08 16:10:00	46.1	북북서	335	15.99	31.02	0.87	7.0	1.09	7.5	0.8	서북서	298	12.1	1024.1	-	45	
2019-12-08 16:15:00	50.9	북북서	330	15.99	31.02	1.00	7.1	1.41	7.5	0.5	서	272	12.3	1024.1	-	40	
2019-12-08 16:20:00	48.4	북북서	333	16.02	31.02	1.02	7.1	1.33	8.0	0.5	서남서	251	12.4	1024.1	-	47	
2019-12-08 16:25:00	47.9	북북서	327	16.05	31.04	0.88	6.5	1.01	7.0	1.6	북북서	348	12.0	1024.1	-	52	
2019-12-08 16:30:00	48.8	북북서	328	16.13	31.04	0.86	6.7	1.14	6.5	0.8	북북서	339	11.6	1024.1	-	44	
2019-12-08 16:35:00	50.5	북북서	328	16.18	31.01	1.01	7.4	1.23	7.0	1.9	북서	310	11.6	1024.1	-	33	
2019-12-08 16:40:00	50.8	북북서	329	16.20	31.00	0.73	6.5	1.08	5.5	3.3	북서	318	11.3	1024.2	-	49	
2019-12-08 16:45:00	51.8	북북서	327	16.21	31.00	0.91	7.6	1.24	7.0	4.6	북서	305	10.9	1024.2	-	37	
2019-12-08 16:50:00	48.8	북북서	329	16.18	31.00	0.71	7.3	1.01	6.5	5.1	서북서	294	10.5	1024.2	-	49	
2019-12-08 16:55:00	46.6	북서	326	16.19	30.97	0.73	6.6	1.00	6.0	5.3	서	279	10.3	1024.2	-	50	
2019-12-08 17:00:00	44.7	북북서	328	16.18	30.98	1.03	7.0	1.46	7.0	5.2	서북서	284	10.1	1024.2	-	46	
2019-12-08 17:05:00	46.3	북북서	327	16.16	30.95	0.96	7.1	1.63	7.0	5.3	서	278	9.9	1024.2	-	39	
2019-12-08 17:10:00	44.7	북북서	327	16.17	30.97	0.81	7.2	1.12	8.0	5.2	서	266	9.9	1024.3	-	43	
2019-12-08 17:15:00	45.3	북북서	328	16.16	31.02	1.00	7.5	1.62	6.0	5.3	서남서	241	9.3	1024.3	-	50	
2019-12-08 17:20:00	43.8	북북서	331	16.14	30.99	0.72	6.6	0.96	7.0	5.5	서남서	240	9.0	1024.3	-	36	
2019-12-08 17:25:00	41.1	북북서	328	16.15	31.01	1.06	7.3	1.54	7.5	5.5	서남서	244	9.0	1024.4	-	45	
2019-12-08 17:30:00	40.6	북북서	329	16.14	30.95	0.69	6.8	0.87	7.0	5.8	서남서	242	9.0	1024.5	-	51	
2019-12-08 17:35:00	39.5	북북서	332	16.13	30.86	0.95	6.7	1.20	7.0	5.8	서남서	241	8.9	1024.6	-	43	
2019-12-08 17:40:00	38.3	북북서	329	16.12	30.92	0.72	6.7	0.92	6.0	5.8	남서	236	8.8	1024.6	-	348	
2019-12-08 17:45:00	37.4	북북서	330	16.09	30.94	0.66	6.7	0.94	7.5	5.6	서남서	239	8.6	1024.6	-	40	
2019-12-08 17:50:00	35.6	북북서	333	16.08	30.96	0.66	7.1	1.05	7.0	5.4	서남서	238	8.5	1024.6	-	32	
2019-12-08 17:55:00	37.6	북북서	332	16.07	30.96	0.85	7.0	1.10	6.0	5.5	서남서	239	8.5	1024.6	-	44	
2019-12-08 18:00:00	36.3	북북서	330	16.07	30.93	0.83	6.7	1.11	6.0	5.9	남서	232	8.3	1024.7	-	46	
2019-12-08 18:05:00	34.8	북북서	336	16.05	30.94	0.87	7.3	1.11	7.5	5.8	남서	231	8.2	1024.7	-	43	
2019-12-08 18:10:00	32.1	북북서	330	16.02	30.95	0.76	6.8	0.93	5.5	6.3	남서	230	8.0	1024.8	-	34	
2019-12-08 18:15:00	29.5	북북서	335	16.01	30.92	0.78	6.7	1.07	6.0	6.3	남서	229	8.0	1024.8	-	54	
2019-12-08 18:20:00	16.0	북서	311	16.01	30.98	0.68	7.0	0.88	6.5	6.5	남서	229	7.8	1024.9	-	45	
2019-12-08 18:25:00	13.5	북서	314	16.03	30.93	0.85	6.7	1.19	7.0	6.5	남서	230	7.7	1024.9	-	47	
2019-12-08 18:30:00	51.3	북북서	330	16.01	30.94	0.72	7.1	0.95	8.0	6.4	남서	227	7.6	1024.9	-	42	
2019-12-08 18:35:00	102.8	북북서	334	16.00	30.96	0.75	7.1	1.19	6.0	6.1	남서	232	7.5	1024.9	-	42	
2019-12-08 18:40:00	40.2	북북서	332	15.98	30.94	0.73	7.1	1.10	7.5	5.8	남서	228	7.6	1024.9	-	39	
2019-12-08 18:45:00	13.1	북서	324	15.98	30.94	0.78	6.8	1.05	7.0	6.0	남서	226	7.5	1024.9	-	51	
2019-12-08 18:50:00	17.5	북북서	341	15.97	30.95	0.91	7.0	1.31	6.5	5.8	남서	225	7.5	1024.9	-	30	
2019-12-08 18:55:00	19.7	북서	324	16.03	30.96	0.70	6.7	1.03	7.0	5.9	남서	225	7.4	1024.9	-	40	
2019-12-08 19:00:00	70.5	북북서	328	16.03	30.95	0.58	6.5	0.87	6.0	5.8	남서	223	7.4	1024.8	-	53	
2019-12-08 19:05:00	82.5	북북서	329	16.01	30.97	0.58	6.5	0.82	6.0	6.3	남서	223	7.5	1024.8	-	59	
2019-12-08 19:10:00	80.6	북서	323	16.01	30.98	0.77	7.2	1.05	6.5	6.6	남서	221	7.4	1024.7	-	27	
2019-12-08 19:15:00	50.7	북북서	332	15.99	30.95	0.68	6.8	0.81	6.5	6.5	남서	224	7.3	1024.6	-	52	
2019-12-08 19:20:00	40.4	북북서	331	15.99	30.96	0.80	6.9	1.01	7.5	6.6	남서	227	7.3	1024.6	-	54	
2019-12-08 19:25:00	38.5	북북서	330	15.99	30.97	0.68	6.8	0.85	6.0	7.4	남서	230	7.2	1024.6	-	43	
2019-12-08 19:30:00	43.3	북북서	332	15.98	31.00	0.82	6.8	1.21	7.0	6.7	남서	228	7.2	1024.6	-	44	
2019-12-08 19:35:00	43.5	북북서	333	15.98	30.99	0.88	7.0	1.18	6.5	7.0	남서	229	7.2	1024.5	-	49	
2019-12-08 19:40:00	44.0	북북서	330	16.01	30.94	0.59	6.3	0.83	6.0	6.6	남서	229	7.0	1024.5	-	82	
2019-12-08 19:45:00	46.2	북북서	333	16.00	30.93	0.72	7.1	0.92	7.5	7.0	남서	232	7.0	1024.6	-	33	
2019-12-08 19:50:00	44.6	북북서	329	15.98	30.95	0.62	6.5	0.90	6.0	6.1	남서	227	6.9	1024.6	-	61	
2019-12-08 19:55:00	39.9	북북서	328	15.95	30.93	0.70	6.6	0.94	6.5	6.1	남서	228	6.9	1024.7	-	47	
2019-12-08 20:00:00	35.5	북북서	332	15.93	30.93	0.64	6.8	0.83	5.5	6.5	남서	227	6.9	1024.6	-	34	
2019-12-08 20:05:00	34.6	북북서	340	15.92	30.95	0.72	7.0	1.13	6.5	6.6	남서	229	6.8	1024.6	-	49	
2019-12-08 20:10:00	33.7	북북서	332	15.90	30.92	0.58	6.0	0.81	7.0	6.5	남서	226	6.8	1024.5	-	57	
2019-12-08 20:15:00	29.9	북북서	336	15.89	30.95	0.63	6.7	0.85	6.0	6.3	남서	228	6.9	1024.5	-	55	
2019-12-08 20:20:00	30.4	북북서	339	15.87	30.94	0.57	7.1	0.85	7.0	6.4	남서	230	6.9	1024.5	-	51	
2019-12-08 20:25:00	28.0	북북서	339	15.84	30.91	0.58	6.4	0.89	6.5	7.0	남서	229	6.8	1024.5	-	43	
2019-12-08 20:30:00	26.3	북북서	334	15.81	30.92	0.54	6.4	0.74	6.5	7.5	남서	230	6.6	1024.4	-	31	
2019-12-08 20:35:00	25.5	북북서	341	15.79	30.91	0.61	6.3	0.74	7.0	7.0	남서	227	6.6	1024.3	-	63	
2019-12-08 20:40:00	26.0	북북서	340	15.76	30.92	0.59	6.5	0.82	6.5	7.7	남서	229	6.8	1024.3	-	47	
2019-12-08 20:45:00	27.4	북북서	342	15.73	30.89	0.55	6.7	0.74	8.0	7.1	서남서	237	7.0	1024.3	-	49	
2019-12-08 20:50:00	25.2	북북서	341	15.71	30.90	0.59	6.4	0.75	6.0	6.3	남서	230	6.8	1024.3	-	73	
2019-12-08 20:55:00	24.1	북북서	332	15.67	30.90	0.45	6.2	0.63	7.0	6.9	남서	236	6.8	1024.3	-	355	
2019-12-08 21:00:00	27.2	북북서	337	15.64	30.86	0.58	6.6	1.03	6.0	6.8	남서	236	6.7	1024.3	-	76	
2019-12-08 21:05:00	27.1	북북서	337	15.61	30.89	0.53	6.0	0.73	6.5	6.6	남서	235	6.6	1024.4	-	58	
2019-12-08 21:10:00	26.5	북북서	336	15.59	30.86	0.51	6.1	0.76	6.0	6.8	서남서	238	6.7	1024.4	-	65	
2019-12-08 21:15:00	24.6	북북서	340	15.57	30.88	0.52	6.5	0.67	6.5	7.0	남서	233	6.6	1024.4	-	59	
2019-12-08 21:20:00	27.9	북북서	334	15.55	30.91	0.56	6.6	0.72	7.0	6.6	남서	229	6.4	1024.4	-	46	
2019-12-08 21:25:00	26.2	북북서	335	15.54	30.92	0.67	7.0	1.02	6.5	5.8	남서	229	6.2	1024.4	-	41	
2019-12-08 21:30:00	28.0	북북서	334	15.52	30.92	0.68	6.5	0.79	6.5	5.8	남서	229	6.3	1024.4	-	53	
2019-12-08 21:35:00	27.1	북북서	334	15.53	30.93	0.63	6.4	0.74	6.0	5.7	남서	226	6.1	1024.4	-	51	
2019-12-08 21:40:00	27.5	북북서	330	15.53	30.95	0.58	6.3	0.84	6.5	5.7	남서	225	6.1	1024.3	-	46	
2019-12-08 21:45:00	28.9	북북서	331	15.54	30.92	0.50	6.3	0.71	7.0	5.2	남서	219	6.1	1024.4	-	59	
2019-12-08 21:50:00	29.2	북북서	333	15.53	30.88	0.63	6.4	0.76	6.5	5.7	남서	223	6.3	1024.3	-	72	
2019-12-08 21:55:00	28.9	북북서	332	15.52	30.89	0.50	6.6	0.76	6.0	6.0	남서	224	6.3	1024.3	-	48	
2019-12-08 22:00:00	31.8	북북서	333	15.52	30.88	0.59	6.5	0.72	6.5	6.0	남서	227	6.3	1024.3	-	54	
2019-12-08 22:05:00	30.3	북북서	338	15.54	30.87	0.48	6.1	0.60	6.5	6.1	남서	230	6.2	1024.2	-	65	
2019-12-08 22:10:00	31.4	북북서	330	15.57	30.83	0.60	6.4	0.97	6.0	5.7	남서	233	6.2	1024.3	-	46	
2019-12-08 22:15:00	29.9	북북서	334	15.59	30.87	0.56	6.6	0.66	6.0	6.6	남서	234	6.4	1024.2	-	56	
2019-12-08 22:20:00	30.8	북북서	335	15.60	30.82	0.56	6.1	0.90	6.5	5.6	남서	231	6.2	1024.2	-	50	
2019-12-08 22:25:00	31.4	북북서	334	15.58	30.91	0.48	6.0	0.64	6.0	5.9	남서	231	6.3	1024.2	-	47	
2019-12-08 22:30:00	30.8	북북서	335	15.61	30.93	0.51	5.8	0.79	6.0	5.2	남서	229	6.1	1024.2	-	45	
2019-12-08 22:35:00	30.5	북북서	343	15.66	30.91	0.66	6.7	0.81	7.0	5.6	남서	228	6.0	1024.2	-	58	
2019-12-08 22:40:00	30.8	북북서	336	15.68	30.91	0.58	6.5	0.71	7.0	5.3	남서	234	6.0	1024.2	-	51	
2019-12-08 22:45:00	28.5	북북서	332	15.72	30.90	0.54	6.5	0.74	6.0	6.0	남서	234	6.3	1024.3	-	29	
2019-12-08 22:50:00	27.3	북북서	337	15.72	30.91	0.49	5.8	0.70	6.0	6.1	남서	235	6.2	1024.3	-	26	
2019-12-08 22:55:00	32.4	북북서	335	15.73	30.90	0.48	6.1	0.62	6.0	6.4	서남서	238	6.1	1024.3	-	59	
2019-12-08 23:00:00	33.3	북북서	332	15.81	30.91	0.47	6.3	0.59	6.5	6.9	서남서	241	6.3	1024.3	-	51	
2019-12-08 23:05:00	32.7	북북서	328	15.83	30.93	0.54	6.1	0.73	6.0	6.3	서남서	240	6.1	1024.4	-	54	
2019-12-08 23:10:00	30.4	북북서	328	15.84	30.96	0.58	6.5	0.83	6.0	6.5	남서	234	6.1	1024.4	-	50	
2019-12-08 23:15:00	28.1	북북서	332	15.84	30.97	0.61	6.5	0.97	6.0	6.9	남서	230	6.2	1024.4	-	43	
2019-12-08 23:20:00	28.9	북북서	337	15.82	30.97	0.52	6.4	0.66	6.5	6.7	남서	236	6.1	1024.5	-	52	
2019-12-08 23:25:00	27.6	북북서	334	15.82	30.97	0.46	6.0	0.58	5.5	7.1	남서	235	6.1	1024.3	-	35	
2019-12-08 23:30:00	29.0	북북서	334	15.80	30.97	0.53	6.0	0.86	6.0	6.8	남서	234	6.3	1024.3	-	56	
2019-12-08 23:35:00	30.1	북북서	331	15.83	30.95	0.52	6.3	0.69	5.5	6.9	남서	235	6.5	1024.3	-	56	
2019-12-08 23:40:00	30.0	북북서	331	15.86	30.96	0.51	6.1	0.67	5.5	6.7	남서	233	6.3	1024.2	-	43	
2019-12-08 23:45:00	32.0	북북서	332	15.85	30.98	0.51	6.4	0.75	6.0	7.6	남서	232	6.2	1024.2	-	67	
2019-12-08 23:50:00	29.1	북서	325	15.89	30.95	0.53	6.3	0.69	5.5	7.6	남서	230	6.2	1024.2	-	66	
2019-12-08 23:55:00	30.7	북북서	329	15.85	30.90	0.50	6.4	0.67	6.0	6.8	남서	226	6.1	1024.2	-	74	
2019-12-09 00:00:00	30.0	북북서	329	15.82	30.93	0.43	5.9	0.63	6.0	7.1	남서	231	6.1	1024.1	-	57	
2019-12-09 00:05:00	32.0	북북서	331	15.81	30.97	0.42	5.4	0.51	5.5	6.9	남서	230	6.1	1024.1	-	82	
2019-12-09 00:10:00	29.7	북북서	331	15.77	30.98	0.53	6.3	0.67	6.0	7.3	남서	226	6.1	1024.1	-	57	
2019-12-09 00:15:00	29.1	북북서	333	15.74	30.94	0.57	6.1	0.86	7.0	7.3	남서	226	6.0	1024.0	-	48	
2019-12-09 00:20:00	28.2	북북서	330	15.75	30.94	0.49	6.5	0.71	5.5	7.3	남서	227	6.1	1024.0	-	51	
2019-12-09 00:25:00	31.5	북북서	329	15.79	30.95	0.47	6.0	0.55	4.5	7.2	남서	226	6.2	1023.9	-	56	
2019-12-09 00:30:00	33.0	북북서	327	15.76	30.95	0.54	6.2	0.89	6.0	7.7	남서	223	6.1	1023.8	-	42	
2019-12-09 00:35:00	30.6	북북서	330	15.74	30.93	0.56	6.3	0.68	6.0	7.6	남서	226	6.2	1023.7	-	57	
2019-12-09 00:40:00	35.2	북북서	330	15.74	30.92	0.50	5.9	0.69	6.0	8.0	남서	224	6.3	1023.7	-	54	
2019-12-09 00:45:00	35.7	북북서	329	15.77	30.94	0.58	6.1	0.91	6.0	7.6	남서	225	6.3	1023.7	-	55	
2019-12-09 00:50:00	33.9	북북서	329	15.81	30.94	0.51	5.8	0.74	6.5	8.2	남서	227	6.1	1023.7	-	63	
2019-12-09 00:55:00	32.1	북북서	327	15.83	30.92	0.41	5.4	0.60	6.0	8.4	남서	224	6.2	1023.6	-	54	
2019-12-09 01:00:00	32.2	북북서	327	15.81	30.93	0.45	6.2	0.78	6.0	7.9	남서	220	6.0	1023.5	-	69	
2019-12-09 01:05:00	33.0	북북서	331	15.79	30.87	0.49	6.2	0.74	6.5	8.7	남서	224	5.9	1023.4	-	61	
2019-12-09 01:10:00	31.0	북북서	337	15.77	30.88	0.45	6.1	0.69	6.0	8.3	남서	227	6.0	1023.5	-	57	
2019-12-09 01:15:00	32.8	북북서	339	15.79	30.94	0.40	5.6	0.60	6.5	7.9	남서	224	5.9	1023.5	-	41	
2019-12-09 01:20:00	30.9	북북서	338	15.81	30.97	0.45	5.9	0.65	5.5	7.3	남서	228	5.8	1023.5	-	68	
2019-12-09 01:25:00	28.5	북북서	338	15.80	30.96	0.40	5.7	0.49	6.0	6.8	남서	231	5.7	1023.5	-	53	
2019-12-09 01:30:00	30.4	북북서	340	15.77	30.96	0.48	6.0	0.68	7.0	6.5	남서	229	5.7	1023.5	-	34	
2019-12-09 01:35:00	27.9	북북서	337	15.77	30.97	0.44	5.9	0.63	6.0	6.4	남서	228	5.7	1023.5	-	37	
2019-12-09 01:40:00	28.1	북북서	335	15.75	30.92	0.38	5.8	0.50	5.0	5.7	남서	230	5.6	1023.5	-	52	
2019-12-09 01:45:00	29.2	북북서	342	15.73	30.93	0.51	5.9	0.80	5.5	5.4	남서	232	5.7	1023.5	-	45	
2019-12-09 01:50:00	24.4	북북서	334	15.70	30.95	0.47	6.1	0.65	6.0	5.9	남서	230	5.8	1023.5	-	43	
2019-12-09 01:55:00	25.2	북북서	335	15.70	30.95	0.44	6.4	0.57	5.0	5.7	남서	233	5.8	1023.6	-	73	
2019-12-09 02:00:00	25.9	북북서	333	15.70	30.94	0.50	6.0	0.73	5.0	5.8	남서	236	5.9	1023.7	-	68	
2019-12-09 02:05:00	23.6	북북서	341	15.69	30.98	0.49	5.8	0.59	6.0	5.1	서남서	242	5.9	1023.7	-	62	
2019-12-09 02:10:00	24.7	북북서	338	15.67	30.98	0.48	5.8	0.64	6.0	4.9	서남서	240	5.9	1023.6	-	39	
2019-12-09 02:15:00	24.4	북북서	335	15.65	30.97	0.47	6.1	0.63	6.0	4.5	서남서	242	6.0	1023.7	-	31	
2019-12-09 02:20:00	25.4	북북서	336	15.69	30.94	0.46	6.4	0.71	5.5	4.9	남서	232	6.1	1023.7	-	47	
2019-12-09 02:25:00	26.7	북북서	338	15.68	30.95	0.47	6.0	0.62	6.0	4.7	남서	229	5.9	1023.7	-	69	
2019-12-09 02:30:00	25.4	북북서	338	15.66	30.95	0.46	6.2	0.73	5.5	5.0	남서	232	6.0	1023.8	-	67	
2019-12-09 02:35:00	24.8	북북서	329	15.66	30.98	0.38	5.9	0.66	6.0	5.3	남서	234	6.0	1023.8	-	49	
2019-12-09 02:40:00	26.6	북북서	331	15.68	30.97	0.50	6.5	0.66	6.5	5.9	서남서	237	5.9	1023.8	-	71	
2019-12-09 02:45:00	28.2	북북서	336	15.69	30.94	0.45	6.2	0.68	5.5	5.5	서남서	243	5.9	1023.8	-	53	
2019-12-09 02:50:00	30.2	북북서	330	15.68	30.99	0.45	5.9	0.69	5.0	5.4	서남서	242	5.8	1023.8	-	59	
2019-12-09 02:55:00	31.4	북북서	328	15.75	30.97	0.43	5.8	0.56	5.5	5.2	서남서	243	5.8	1023.8	-	64	
2019-12-09 03:00:00	31.5	북서	325	15.77	30.94	0.44	5.5	0.71	6.0	5.3	서남서	243	5.9	1023.8	-	60	
2019-12-09 03:05:00	32.2	북북서	328	15.81	30.97	0.37	6.1	0.49	5.5	4.6	서남서	237	6.0	1023.7	-	66	
2019-12-09 03:10:00	30.4	북서	325	15.80	30.97	0.42	5.4	0.55	5.5	5.9	남서	230	6.1	1023.6	-	53	
2019-12-09 03:15:00	31.0	북북서	329	15.81	30.99	0.40	5.7	0.55	5.5	6.4	남서	228	6.1	1023.5	-	49	
2019-12-09 03:20:00	31.4	북북서	329	15.79	30.96	0.54	6.1	0.74	7.0	7.3	남서	227	6.2	1023.4	-	69	
2019-12-09 03:25:00	33.3	북북서	328	15.76	30.97	0.44	5.8	0.58	6.0	7.1	남서	227	6.1	1023.4	-	62	
2019-12-09 03:30:00	35.8	북북서	327	15.77	31.01	0.45	6.4	0.53	6.5	6.5	남서	225	6.1	1023.3	-	73	
2019-12-09 03:35:00	35.5	북북서	329	15.79	30.98	0.39	5.8	0.65	6.5	6.6	남서	226	6.0	1023.2	-	36	
2019-12-09 03:40:00	34.7	북북서	330	15.75	30.96	0.42	6.1	0.52	5.5	6.5	남서	226	6.0	1023.2	-	56	
2019-12-09 03:45:00	35.4	북북서	332	15.68	30.97	0.43	5.5	0.74	6.0	6.3	남서	225	6.0	1023.1	-	40	
2019-12-09 03:50:00	34.9	북북서	329	15.64	30.94	0.44	5.8	0.57	5.0	6.8	남서	231	6.0	1023.1	-	57	
2019-12-09 03:55:00	38.3	북북서	328	15.66	30.99	0.43	5.8	0.56	5.5	6.5	남서	233	5.9	1023.1	-	49	
2019-12-09 04:00:00	40.4	북북서	329	15.74	30.96	0.42	5.6	0.54	5.5	6.3	남서	231	6.0	1023.0	-	35	
2019-12-09 04:05:00	40.0	북북서	330	15.72	30.91	0.42	5.6	0.71	5.5	5.4	남서	224	5.9	1022.9	-	37	
2019-12-09 04:10:00	38.8	북북서	329	15.73	30.95	0.31	5.3	0.51	4.0	6.4	남서	225	5.8	1022.8	-	57	
2019-12-09 04:15:00	40.5	북북서	330	15.71	30.93	0.40	6.2	0.55	5.5	6.6	남서	230	5.9	1022.8	-	52	
2019-12-09 04:20:00	41.4	북서	325	15.68	30.92	0.44	6.2	0.68	5.0	6.3	남서	226	6.0	1022.8	-	51	
2019-12-09 04:25:00	41.5	북북서	332	15.67	30.98	0.38	5.5	0.58	6.0	6.2	남서	228	5.9	1022.8	-	71	
2019-12-09 04:30:00	39.5	북북서	331	15.69	30.94	0.36	5.9	0.50	5.5	6.0	남서	226	5.8	1022.8	-	34	
2019-12-09 04:35:00	41.3	북북서	333	15.78	30.98	0.37	5.8	0.49	6.5	6.1	남서	231	5.8	1022.9	-	64	
2019-12-09 04:40:00	37.4	북북서	331	15.81	30.91	0.38	5.9	0.54	4.5	6.2	남서	236	6.0	1022.9	-	49	
2019-12-09 04:45:00	39.4	북북서	331	15.80	30.95	0.44	5.8	0.67	6.0	5.4	남서	236	5.9	1023.0	-	73	
2019-12-09 04:50:00	38.6	북북서	327	15.88	31.01	0.40	5.7	0.52	5.0	5.5	남서	229	5.8	1023.0	-	75	
2019-12-09 04:55:00	40.8	북북서	326	15.93	31.00	0.39	5.8	0.44	6.5	5.4	남서	235	5.9	1023.0	-	55	
2019-12-09 05:00:00	37.8	북북서	328	15.91	30.99	0.40	5.5	0.49	5.0	5.6	서남서	239	5.8	1022.9	-	68	
2019-12-09 05:05:00	41.9	북북서	327	15.96	31.01	0.38	5.7	0.74	5.5	5.4	남서	234	5.7	1022.8	-	65	
2019-12-09 05:10:00	44.5	북북서	330	15.98	30.99	0.36	5.6	0.46	5.0	5.7	서남서	240	5.9	1022.9	-	96	
2019-12-09 05:15:00	41.1	북북서	330	15.96	30.99	0.42	5.4	0.65	5.5	6.2	서남서	239	5.8	1022.7	-	56	
2019-12-09 05:20:00	37.5	북북서	331	15.95	30.98	0.41	5.9	0.55	5.5	6.5	서남서	239	5.7	1022.7	-	44	
2019-12-09 05:25:00	36.2	북북서	333	15.92	30.98	0.36	5.5	0.47	6.0	6.1	남서	236	5.7	1022.7	-	62	
2019-12-09 05:30:00	35.3	북북서	329	15.90	30.98	0.38	5.9	0.61	4.5	6.1	남서	235	5.7	1022.7	-	347	
2019-12-09 05:35:00	44.4	북북서	331	15.92	31.00	0.37	5.2	0.56	6.0	5.9	서남서	237	5.9	1022.7	-	78	
2019-12-09 05:40:00	46.6	북서	325	15.97	31.02	0.40	5.3	0.68	6.0	4.9	남서	236	5.7	1022.8	-	49	
2019-12-09 05:45:00	46.0	북북서	329	15.98	31.02	0.39	5.8	0.55	5.5	6.0	남서	234	6.0	1022.7	-	19	
2019-12-09 05:50:00	45.0	북북서	330	15.97	31.01	0.42	5.1	0.62	5.0	5.5	남서	233	5.9	1022.6	-	214	
2019-12-09 05:55:00	43.2	북북서	330	15.98	30.99	0.37	5.1	0.76	4.5	5.8	남서	236	6.0	1022.6	-	161	
2019-12-09 06:00:00	40.8	북북서	331	15.94	30.99	0.38	5.0	0.70	5.5	5.8	서남서	239	5.9	1022.7	-	113	
2019-12-09 06:05:00	41.9	북북서	330	15.89	30.98	0.41	5.1	0.52	5.5	6.1	서남서	243	5.9	1022.7	-	40	
2019-12-09 06:10:00	37.8	북북서	333	15.83	30.99	0.40	5.6	0.59	5.0	5.7	서남서	240	6.0	1022.7	-	56	
2019-12-09 06:15:00	43.1	북북서	331	15.80	30.99	0.41	5.0	0.66	5.5	5.6	서남서	243	6.0	1022.7	-	168	
2019-12-09 06:20:00	42.3	북북서	332	15.84	31.05	0.42	5.1	0.57	5.0	5.3	서남서	242	6.0	1022.8	-	26	
2019-12-09 06:25:00	40.2	북북서	331	15.84	30.91	0.39	5.7	0.55	5.5	5.1	남서	234	6.3	1022.8	-	28	
2019-12-09 06:30:00	42.4	북북서	334	15.82	30.91	0.46	5.1	0.65	5.0	5.3	남서	234	6.4	1022.7	-	5	
2019-12-09 06:35:00	42.1	북북서	334	15.82	30.92	0.39	5.1	0.50	4.5	5.6	서남서	241	6.3	1022.7	-	45	
2019-12-09 06:40:00	43.1	북북서	335	15.87	30.97	0.36	5.8	0.57	5.0	6.0	서남서	242	6.3	1022.7	-	62	
2019-12-09 06:45:00	42.1	북북서	331	15.93	30.96	0.44	5.3	0.63	4.5	5.9	서남서	237	6.3	1022.8	-	347	
2019-12-09 06:50:00	45.2	북북서	332	15.95	30.95	0.37	5.4	0.59	3.5	5.6	서남서	244	6.3	1022.9	-	57	
2019-12-09 06:55:00	42.9	북북서	331	15.96	31.00	0.43	4.7	0.56	5.5	5.4	서남서	248	6.2	1022.9	-	278	
2019-12-09 07:00:00	43.5	북북서	331	15.95	31.00	0.42	5.6	0.59	4.0	4.9	서남서	242	6.0	1022.9	-	74	
2019-12-09 07:05:00	40.5	북북서	333	15.93	31.03	0.46	5.3	0.64	6.5	4.9	서남서	247	6.3	1023.0	-	1	
2019-12-09 07:10:00	39.5	북북서	331	15.92	31.04	0.43	5.1	0.63	4.5	5.4	서남서	244	6.2	1023.1	-	147	
2019-12-09 07:15:00	35.3	북북서	334	15.91	31.03	0.35	4.7	0.52	6.0	5.5	서남서	243	6.2	1023.1	-	177	
2019-12-09 07:20:00	39.6	북북서	329	15.90	31.08	0.47	4.8	0.70	4.0	5.5	서남서	245	6.3	1023.2	-	40	
2019-12-09 07:25:00	38.1	북북서	329	15.92	31.05	0.41	5.1	0.61	4.5	5.4	남서	234	6.3	1023.2	-	286	
2019-12-09 07:30:00	36.9	북북서	330	15.89	31.04	0.37	4.7	0.55	5.0	6.0	남서	235	6.2	1023.2	-	271	
2019-12-09 07:35:00	37.2	북북서	333	15.88	31.04	0.34	5.5	0.51	6.5	5.7	남서	233	6.2	1023.2	-	166	
2019-12-09 07:40:00	36.5	북북서	332	15.80	31.01	0.42	5.0	0.57	4.5	6.0	남서	231	6.3	1023.2	-	66	
2019-12-09 07:45:00	35.3	북북서	332	15.76	31.01	0.38	4.8	0.51	4.5	7.0	남서	236	6.2	1023.2	-	274	
2019-12-09 07:50:00	37.3	북북서	335	15.76	31.00	0.40	5.0	0.61	5.5	6.4	서남서	241	6.1	1023.1	-	276	
2019-12-09 07:55:00	37.3	북북서	335	15.81	31.00	0.37	5.0	0.57	6.0	5.7	서남서	238	6.4	1023.1	-	310	
2019-12-09 08:00:00	33.8	북북서	336	15.82	31.00	0.34	4.9	0.54	4.5	5.7	남서	230	6.4	1023.1	-	38	
2019-12-09 08:05:00	33.4	북북서	333	15.81	31.02	0.39	4.8	0.64	4.5	5.5	남서	231	6.4	1023.1	-	164	
2019-12-09 08:10:00	38.8	북북서	333	15.79	31.01	0.41	5.3	0.58	6.0	5.9	남서	231	6.7	1023.1	-	59	
2019-12-09 08:15:00	37.1	북북서	334	15.83	31.01	0.41	4.5	0.66	5.0	5.9	남서	231	6.7	1023.2	-	196	
2019-12-09 08:20:00	36.6	북북서	338	15.83	30.99	0.37	4.9	0.53	5.5	5.7	남서	229	6.5	1023.2	-	130	
2019-12-09 08:25:00	36.1	북북서	340	15.79	31.03	0.37	4.8	0.48	4.0	5.1	남서	228	6.6	1023.2	-	16	
2019-12-09 08:30:00	34.5	북북서	339	15.74	30.95	0.35	4.7	0.52	5.0	4.7	남서	229	6.9	1023.2	-	131	
2019-12-09 08:35:00	34.4	북북서	336	15.73	30.99	0.43	4.9	0.61	5.5	4.8	남서	226	6.8	1023.1	-	36	
2019-12-09 08:40:00	36.3	북북서	339	15.69	31.03	0.38	4.6	0.45	5.5	4.8	남서	222	6.8	1023.0	-	292	
2019-12-09 08:45:00	38.7	북북서	340	15.71	31.03	0.36	5.0	0.55	5.0	4.6	남서	224	7.0	1023.1	-	50	
2019-12-09 08:50:00	36.7	북북서	336	15.74	31.04	0.35	5.0	0.52	4.5	4.1	남서	217	7.1	1023.2	-	331	
2019-12-09 08:55:00	34.2	북북서	337	15.75	31.01	0.43	5.0	0.65	4.5	3.9	남서	223	7.2	1023.2	-	317	
2019-12-09 09:00:00	34.6	북북서	336	15.76	31.01	0.44	5.1	0.56	4.0	4.3	남서	232	7.2	1023.2	-	199	
2019-12-09 09:05:00	34.4	북북서	342	15.75	31.03	0.43	4.9	0.62	4.5	4.2	남서	224	7.2	1023.2	-	34	
2019-12-09 09:10:00	35.1	북북서	337	15.76	31.02	0.36	4.9	0.58	5.5	3.6	남서	228	7.3	1023.2	-	111	
2019-12-09 09:15:00	29.7	북북서	337	15.78	31.02	0.41	4.9	0.63	5.0	3.4	남서	228	7.5	1023.2	-	313	
2019-12-09 09:20:00	28.4	북북서	334	15.78	31.05	0.39	5.1	0.53	4.5	3.5	남서	233	7.7	1023.3	-	329	
2019-12-09 09:25:00	30.8	북북서	340	15.79	31.02	0.40	4.6	0.59	5.0	3.3	서남서	240	7.8	1023.3	-	311	
2019-12-09 09:30:00	30.1	북북서	333	15.80	31.04	0.42	4.8	0.63	5.0	3.3	남서	232	7.9	1023.3	-	17	
2019-12-09 09:35:00	34.0	북북서	331	15.80	30.99	0.40	5.0	0.55	5.0	2.9	남서	223	7.9	1023.3	-	303	
2019-12-09 09:40:00	38.9	북북서	327	15.83	31.01	0.46	4.4	0.61	4.5	2.8	남서	231	8.1	1023.3	-	38	
2019-12-09 09:45:00	39.9	북서	326	15.88	31.06	0.42	5.1	0.61	4.5	3.0	남서	225	8.3	1023.2	-	293	
2019-12-09 09:50:00	39.4	북북서	329	15.92	31.06	0.47	4.9	0.80	5.0	3.3	남서	231	8.4	1023.3	-	331	
2019-12-09 09:55:00	39.7	북북서	329	15.94	31.03	0.41	4.9	0.51	4.5	2.6	남서	232	8.5	1023.3	-	198	
2019-12-09 10:00:00	40.7	북북서	332	15.94	31.03	0.44	4.9	0.71	4.5	2.4	남서	228	8.7	1023.3	-	343	
2019-12-09 10:05:00	36.8	북북서	330	15.94	31.03	0.42	4.6	0.59	4.0	2.5	남서	218	9.0	1023.2	-	166	
2019-12-09 10:10:00	35.3	북서	326	15.95	31.02	0.44	5.1	0.64	5.5	2.6	남서	221	8.9	1023.2	-	59	
2019-12-09 10:15:00	30.7	북서	323	15.91	31.01	0.52	5.0	0.73	4.5	1.5	서남서	244	9.2	1023.2	-	39	
2019-12-09 10:20:00	41.2	북북서	327	15.92	31.05	0.43	4.9	0.59	5.0	0.8	남서	232	9.4	1023.2	-	26	
2019-12-09 10:25:00	44.0	북서	318	16.00	31.05	0.44	4.8	0.60	4.5	0.7	남	189	9.8	1023.2	-	153	
2019-12-09 10:30:00	32.9	북서	321	15.99	31.04	0.43	4.5	0.72	5.0	1.1	남남서	213	9.7	1023.1	-	10	
2019-12-09 10:35:00	9.5	북북서	333	15.99	31.03	0.49	4.4	0.68	4.5	0.9	남서	214	9.8	1023.1	-	276	
2019-12-09 10:40:00	9.3	북서	317	16.02	31.05	0.41	4.9	0.56	5.0	1.2	남서	222	9.8	1023.1	-	127	
2019-12-09 10:45:00	35.6	북서	324	16.01	31.03	0.45	4.9	0.70	4.5	1.3	남서	228	9.7	1023.1	-	265	
2019-12-09 10:50:00	36.1	북북서	328	16.02	31.04	0.54	4.8	0.70	4.5	1.1	남남서	204	9.8	1023.1	-	210	
2019-12-09 10:55:00	28.0	북서	321	15.99	31.00	0.41	4.6	0.54	4.5	1.2	남	181	9.9	1023.0	-	359	
2019-12-09 11:00:00	22.7	북서	320	15.97	31.00	0.46	4.3	0.71	4.5	1.1	남	171	10.0	1023.0	-	28	
2019-12-09 11:05:00	21.4	북서	309	15.96	30.97	0.44	4.7	0.56	4.5	0.9	남	189	10.2	1022.9	-	48	
2019-12-09 11:10:00	29.1	북서	323	15.95	30.98	0.49	4.6	0.72	4.5	0.6	남	187	10.4	1022.8	-	153	
2019-12-09 11:15:00	30.4	북서	326	15.94	30.99	0.49	4.7	0.66	4.5	1.5	남	175	10.3	1022.7	-	150	
2019-12-09 11:20:00	25.7	북북서	330	15.94	30.99	0.50	5.2	0.69	7.5	1.5	남남동	155	10.0	1022.6	-	268	
2019-12-09 11:25:00	27.6	북북서	327	16.01	31.03	0.45	4.7	0.70	5.0	1.8	동남동	119	10.3	1022.6	-	147	
2019-12-09 11:30:00	29.4	북서	326	16.12	31.03	0.50	4.9	0.62	4.0	1.7	남동	128	10.2	1022.5	-	212	
2019-12-09 11:35:00	26.5	북서	324	16.07	30.96	0.47	5.2	0.66	4.5	1.8	남남동	149	10.5	1022.5	-	24	
2019-12-09 11:40:00	27.9	북북서	328	16.05	31.00	0.51	4.8	0.94	5.0	2.0	남동	141	10.5	1022.4	-	102	
2019-12-09 11:45:00	34.9	북서	323	16.13	31.02	0.53	4.8	0.68	5.0	2.0	남동	135	10.5	1022.3	-	12	
2019-12-09 11:50:00	32.9	북서	326	16.16	31.01	0.52	4.7	0.71	4.5	1.8	남남동	153	10.6	1022.2	-	143	
2019-12-09 11:55:00	34.0	북서	325	16.16	31.03	0.49	4.9	0.69	5.0	1.9	남남동	165	10.7	1022.1	-	329	
2019-12-09 12:00:00	36.9	북서	325	16.25	31.04	0.50	4.7	0.76	4.5	2.0	남동	132	10.7	1022.0	-	20	
2019-12-09 12:05:00	39.7	북서	322	16.23	31.08	0.49	5.0	0.74	5.0	1.5	남남동	152	10.8	1022.0	-	3	
2019-12-09 12:10:00	40.6	북북서	327	16.26	31.02	0.48	5.1	0.71	5.0	1.5	남남동	152	11.1	1021.9	-	52	
2019-12-09 12:15:00	40.5	북북서	326	16.30	31.08	0.44	4.7	0.65	4.5	1.8	남동	143	11.1	1021.9	-	5	
2019-12-09 12:20:00	44.0	북서	325	16.29	31.06	0.53	5.3	0.75	5.5	1.4	남동	146	11.2	1021.8	-	33	
2019-12-09 12:25:00	36.8	북서	319	16.30	31.05	0.51	5.3	0.88	5.5	2.0	남동	139	11.2	1021.7	-	20	
2019-12-09 12:30:00	39.9	북서	324	16.26	31.05	0.50	5.4	0.81	5.0	1.9	남동	138	11.2	1021.6	-	346	
2019-12-09 12:35:00	39.6	북서	323	16.29	31.05	0.59	5.1	0.75	5.0	3.1	남남동	153	11.2	1021.6	-	33	
2019-12-09 12:40:00	39.4	북서	320	16.30	31.00	0.50	5.5	0.78	5.5	2.4	남남동	163	11.1	1021.5	-	36	
2019-12-09 12:45:00	36.2	북서	326	16.29	31.03	0.54	5.0	0.68	4.0	2.8	남남동	159	11.2	1021.3	-	21	
2019-12-09 12:50:00	39.7	북북서	329	16.32	31.02	0.50	5.3	0.72	5.5	3.1	남남동	158	11.3	1021.2	-	356	
2019-12-09 12:55:00	38.4	북서	326	16.38	31.05	0.41	5.0	0.63	5.5	2.9	남	173	11.3	1021.2	-	1	
2019-12-09 13:00:00	33.4	북서	324	16.37	31.05	0.43	5.3	0.59	5.5	2.9	남남동	161	11.2	1021.1	-	26	
2019-12-09 13:05:00	40.4	북서	325	16.39	31.05	0.49	5.4	0.61	5.0	2.6	남남동	151	11.4	1021.1	-	34	
2019-12-09 13:10:00	36.3	북서	324	16.40	31.05	0.52	5.5	0.78	5.5	2.1	남남동	156	11.6	1021.0	-	355	
2019-12-09 13:15:00	35.1	북서	325	16.41	31.04	0.47	5.5	0.68	5.5	2.1	남남동	147	11.7	1021.0	-	342	
2019-12-09 13:20:00	40.6	북서	322	16.40	31.05	0.53	5.4	0.72	5.0	2.3	남남동	165	11.7	1020.9	-	27	
2019-12-09 13:25:00	34.3	북서	319	16.39	31.05	0.53	5.8	0.67	6.0	2.5	남	182	11.9	1020.9	-	12	
2019-12-09 13:30:00	43.2	북서	322	16.40	31.08	0.51	5.5	0.64	5.0	2.0	남	176	11.8	1020.9	-	19	
2019-12-09 13:35:00	39.7	북서	325	16.40	31.06	0.56	6.1	0.77	5.5	1.7	남동	138	12.0	1020.9	-	359	
2019-12-09 13:40:00	38.8	북서	324	16.41	31.06	0.54	5.4	0.91	5.0	1.5	남동	132	12.1	1020.8	-	12	
2019-12-09 13:45:00	43.6	북북서	327	16.40	31.06	0.45	5.2	0.58	5.0	2.2	남동	144	12.1	1020.7	-	24	
2019-12-09 13:50:00	34.8	북서	321	16.40	31.07	0.54	5.2	0.77	5.5	2.9	남동	125	11.9	1020.6	-	21	
2019-12-09 13:55:00	36.8	북서	322	16.41	31.08	0.54	5.0	0.75	5.0	2.3	동남동	119	11.8	1020.5	-	359	
2019-12-09 14:00:00	39.0	북서	324	16.41	31.06	0.46	5.0	0.61	5.0	2.4	동남동	107	12.0	1020.5	-	358	
2019-12-09 14:05:00	39.4	북서	320	16.41	31.07	0.70	5.8	0.94	5.5	2.6	남동	134	12.1	1020.5	-	3	
2019-12-09 14:10:00	36.9	북서	323	16.40	31.07	0.68	5.6	0.85	5.0	3.4	남남서	200	12.1	1020.6	-	5	
2019-12-09 14:15:00	35.9	북서	325	16.40	31.07	0.73	5.6	0.98	5.0	2.4	남남서	195	12.1	1020.6	-	21	
2019-12-09 14:20:00	36.0	북서	326	16.40	31.07	0.62	5.4	0.87	5.0	2.1	남남서	199	12.2	1020.6	-	12	
2019-12-09 14:25:00	33.9	북서	325	16.42	31.08	0.55	5.5	0.79	4.5	2.8	남남서	210	12.2	1020.5	-	345	
2019-12-09 14:30:00	32.3	북서	318	16.40	31.06	0.61	5.8	0.77	5.0	3.2	남	185	12.1	1020.5	-	15	
2019-12-09 14:35:00	33.7	북서	319	16.40	31.08	0.59	5.9	0.99	5.0	4.7	남남서	194	12.4	1020.4	-	351	
2019-12-09 14:40:00	36.4	북서	325	16.39	31.08	0.61	5.8	0.98	5.5	4.6	남남서	197	12.1	1020.2	-	321	
2019-12-09 14:45:00	30.2	북서	325	16.38	31.07	0.59	5.8	0.82	6.0	3.3	남남서	198	11.9	1020.2	-	7	
2019-12-09 14:50:00	33.1	북서	324	16.36	31.07	0.69	5.7	1.02	5.5	4.7	남남서	196	12.1	1020.1	-	346	
2019-12-09 14:55:00	32.8	북북서	327	16.35	31.07	0.52	5.2	0.72	6.0	5.3	남남서	203	12.0	1020.1	-	6	
2019-12-09 15:00:00	28.1	북북서	332	16.35	31.07	0.63	5.5	0.76	6.0	6.5	남남서	206	11.8	1020.1	-	1	
2019-12-09 15:05:00	32.6	북북서	332	16.34	31.06	0.62	5.4	0.83	6.0	6.1	남남서	205	11.8	1020.2	-	9	
2019-12-09 15:10:00	34.0	북북서	332	16.31	31.07	0.61	5.4	0.96	6.0	6.2	남서	231	11.8	1020.2	-	343	
2019-12-09 15:15:00	32.4	북북서	331	16.30	31.05	0.55	5.7	0.73	5.5	6.1	서남서	237	11.5	1020.3	-	332	
2019-12-09 15:20:00	31.2	북북서	334	16.28	31.05	0.58	5.6	0.77	6.0	6.1	남서	229	11.4	1020.3	-	348	
2019-12-09 15:25:00	29.4	북북서	334	16.25	31.06	0.61	5.6	0.98	5.0	7.0	남서	215	11.3	1020.3	-	15	
2019-12-09 15:30:00	28.1	북북서	335	16.24	31.04	0.66	5.9	0.81	5.5	7.0	남서	228	11.2	1020.3	-	344	
2019-12-09 15:35:00	26.3	북북서	334	16.23	31.06	0.53	5.7	0.68	5.5	6.5	남서	229	11.1	1020.3	-	354	
2019-12-09 15:40:00	28.3	북북서	335	16.22	31.06	0.61	6.0	0.87	6.5	6.8	남서	225	11.1	1020.3	-	342	
2019-12-09 15:45:00	25.1	북북서	339	16.21	31.06	0.65	5.2	0.87	5.5	7.2	남서	229	11.1	1020.4	-	344	
2019-12-09 15:50:00	23.4	북북서	334	16.20	31.06	0.53	5.6	0.85	5.0	6.5	남서	226	11.2	1020.4	-	358	
2019-12-09 15:55:00	26.4	북북서	336	16.18	31.06	0.56	5.6	0.69	4.5	5.9	남서	226	11.3	1020.5	-	7	
2019-12-09 16:00:00	26.6	북북서	336	16.17	31.06	0.51	5.7	0.93	5.5	6.1	남서	234	11.4	1020.5	-	338	
2019-12-09 16:05:00	22.9	북북서	337	16.15	31.06	0.53	5.8	0.81	6.0	6.4	남서	232	11.3	1020.4	-	355	
2019-12-09 16:10:00	23.6	북북서	344	16.16	31.06	0.52	5.4	0.67	4.5	6.0	남서	225	11.3	1020.4	-	322	
2019-12-09 16:15:00	17.1	북북서	339	16.14	31.06	0.48	5.2	0.66	5.5	5.9	남서	222	11.2	1020.3	-	354	
2019-12-09 16:20:00	21.3	북북서	333	16.14	31.06	0.67	5.9	0.85	6.0	5.9	남서	221	11.2	1020.3	-	358	
2019-12-09 16:25:00	17.7	북북서	330	16.13	31.04	0.55	5.5	0.81	5.5	5.8	남서	216	11.1	1020.3	-	359	
2019-12-09 16:30:00	23.3	북북서	333	16.12	30.99	0.49	5.1	0.79	5.0	5.5	남서	220	11.0	1020.3	-	5	
2019-12-09 16:35:00	20.8	북북서	341	16.13	30.90	0.41	5.6	0.51	5.5	5.0	남서	219	11.0	1020.3	-	16	
2019-12-09 16:40:00	20.3	북북서	329	16.12	30.92	0.46	6.0	0.59	4.5	4.3	남서	215	11.0	1020.4	-	30	
2019-12-09 16:45:00	21.3	북북서	332	16.12	30.95	0.46	5.4	0.68	5.5	4.8	남서	219	10.9	1020.4	-	334	
2019-12-09 16:50:00	17.6	북북서	338	16.10	30.94	0.51	5.4	0.92	5.0	5.7	남서	225	10.8	1020.4	-	3	
2019-12-09 16:55:00	23.1	북북서	334	16.10	30.93	0.48	5.5	0.75	5.0	5.4	남서	228	10.7	1020.5	-	347	
2019-12-09 17:00:00	20.9	북북서	334	16.10	30.94	0.42	5.7	0.50	5.0	5.6	남서	235	10.7	1020.6	-	22	
2019-12-09 17:05:00	21.6	북북서	335	16.09	30.90	0.39	5.3	0.44	4.5	7.0	남서	234	10.7	1020.5	-	0	
2019-12-09 17:10:00	17.8	북북서	334	16.09	30.93	0.58	5.9	1.01	6.0	7.3	남서	233	10.7	1020.5	-	349	
2019-12-09 17:15:00	18.0	북북서	328	16.11	31.02	0.65	5.3	0.88	6.0	6.5	남서	232	10.7	1020.5	-	347	
2019-12-09 17:20:00	18.7	북북서	339	16.09	30.98	0.43	5.4	0.55	7.0	5.9	서남서	237	10.6	1020.5	-	342	
2019-12-09 17:25:00	19.1	북북서	333	16.08	31.01	0.39	5.5	0.54	5.5	7.1	서남서	237	10.6	1020.5	-	333	
2019-12-09 17:30:00	19.1	북북서	339	16.08	30.97	0.51	5.3	0.79	5.5	7.3	남서	233	10.6	1020.5	-	330	
2019-12-09 17:35:00	21.1	북북서	335	16.07	31.01	0.44	5.3	0.55	5.5	6.0	남서	233	10.7	1020.6	-	2	
2019-12-09 17:40:00	19.4	북북서	334	16.07	30.99	0.42	5.5	0.69	5.0	5.0	남서	235	10.6	1020.8	-	24	
2019-12-09 17:45:00	21.0	북북서	327	16.07	31.04	0.44	5.6	0.74	6.0	5.8	남서	228	10.5	1020.8	-	345	
2019-12-09 17:50:00	18.0	북북서	328	16.06	31.05	0.44	5.4	0.67	5.5	6.0	남서	225	10.5	1020.8	-	17	
2019-12-09 17:55:00	16.8	북북서	329	16.06	31.03	0.44	5.3	0.62	5.0	6.2	남서	216	10.5	1020.8	-	350	
2019-12-09 18:00:00	18.1	북북서	335	16.04	31.05	0.55	5.6	0.69	5.0	6.6	남서	216	10.5	1020.9	-	1	
2019-12-09 18:05:00	16.4	북북서	333	16.05	31.03	0.45	5.2	0.55	5.5	4.3	남남서	210	10.4	1021.1	-	356	
2019-12-09 18:10:00	18.4	북북서	330	16.05	31.04	0.49	5.4	0.78	5.5	3.6	남남서	211	10.3	1021.0	-	336	
2019-12-09 18:15:00	16.5	북북서	336	16.06	31.03	0.44	5.4	0.70	4.5	3.1	남남서	209	10.2	1020.9	-	351	
2019-12-09 18:20:00	17.1	북북서	334	16.06	30.96	0.38	5.5	0.58	5.0	3.3	남남서	209	10.2	1020.9	-	353	
2019-12-09 18:25:00	17.4	북북서	334	16.05	31.01	0.34	5.2	0.48	5.0	4.4	남남서	211	10.2	1020.8	-	333	
2019-12-09 18:30:00	17.5	북북서	331	16.04	30.99	0.39	5.5	0.61	4.5	5.4	남서	218	10.2	1020.8	-	350	
2019-12-09 18:35:00	20.4	북북서	336	16.04	31.02	0.45	5.4	0.75	5.5	4.4	남남서	208	10.1	1020.8	-	350	
2019-12-09 18:40:00	21.6	북북서	334	16.03	31.01	0.36	5.1	0.48	5.0	3.4	남남서	193	10.1	1020.8	-	183	
2019-12-09 18:45:00	21.3	북북서	333	16.04	31.00	0.43	5.2	0.51	5.5	3.5	남	191	10.2	1020.7	-	19	
2019-12-09 18:50:00	20.9	북북서	332	16.03	30.99	0.38	4.9	0.72	5.5	4.2	남남서	194	10.2	1020.7	-	339	
2019-12-09 18:55:00	22.7	북북서	327	16.05	31.01	0.38	5.8	0.63	5.0	4.1	남남서	201	10.0	1020.6	-	33	
2019-12-09 19:00:00	21.0	북서	324	16.05	31.00	0.39	5.4	0.60	5.0	5.0	남남서	205	9.9	1020.5	-	18	
2019-12-09 19:05:00	18.2	북서	326	16.06	31.02	0.37	5.4	0.54	6.0	5.6	남남서	201	10.1	1020.4	-	16	
2019-12-09 19:10:00	20.9	북북서	329	16.05	31.04	0.39	5.5	0.52	5.5	5.1	남남서	194	10.1	1020.4	-	6	
2019-12-09 19:15:00	21.2	북북서	328	16.03	31.06	0.40	5.5	0.60	5.5	5.6	남	190	10.2	1020.3	-	33	
2019-12-09 19:20:00	20.5	북서	326	16.03	31.05	0.34	5.2	0.48	5.5	6.2	남	186	10.2	1020.3	-	14	
2019-12-09 19:25:00	23.0	북서	324	16.02	31.06	0.39	5.1	0.57	6.0	6.5	남남서	192	10.3	1020.2	-	54	
2019-12-09 19:30:00	19.5	북북서	329	16.02	31.06	0.33	5.4	0.47	5.0	6.9	남남서	192	10.5	1020.2	-	356	
2019-12-09 19:35:00	18.9	북북서	333	16.02	31.05	0.36	5.4	0.46	5.5	6.8	남남서	192	10.6	1020.2	-	91	
2019-12-09 19:40:00	21.7	북북서	331	16.02	31.04	0.36	5.7	0.52	5.0	6.5	남남서	198	10.6	1020.2	-	78	
2019-12-09 19:45:00	18.2	북북서	330	16.02	31.06	0.33	5.6	0.49	6.0	5.7	남남서	200	10.7	1020.3	-	78	
2019-12-09 19:50:00	20.6	북북서	332	16.02	31.03	0.28	5.5	0.47	5.0	6.6	남남서	195	10.5	1020.3	-	4	
2019-12-09 19:55:00	20.1	북북서	330	16.02	31.06	0.33	5.4	0.41	5.5	6.6	남남서	197	10.5	1020.4	-	66	
2019-12-09 20:00:00	21.0	북북서	332	16.05	31.07	0.35	5.0	0.52	5.0	6.4	남남서	197	10.3	1020.4	-	340	
2019-12-09 20:05:00	19.1	북북서	333	16.07	31.05	0.30	5.5	0.50	5.0	5.8	남남서	199	10.5	1020.4	-	334	
2019-12-09 20:10:00	19.9	북북서	330	16.08	31.03	0.31	5.8	0.42	5.5	6.7	남남서	195	10.5	1020.3	-	26	
2019-12-09 20:15:00	21.9	북북서	327	16.09	31.04	0.31	5.4	0.40	4.5	6.2	남남서	197	10.2	1020.4	-	69	
2019-12-09 20:20:00	20.6	북북서	326	16.06	31.00	0.37	5.2	0.51	4.5	6.4	남남서	197	10.3	1020.4	-	130	
2019-12-09 20:25:00	22.7	북서	326	16.07	31.02	0.34	5.5	0.46	5.0	6.0	남남서	193	10.2	1020.4	-	38	
2019-12-09 20:30:00	21.1	북북서	330	16.04	31.02	0.28	5.5	0.46	6.0	6.2	남남서	192	10.4	1020.4	-	67	
2019-12-09 20:35:00	24.2	북북서	329	16.05	31.01	0.31	5.5	0.47	5.5	5.5	남남서	195	10.3	1020.5	-	290	
2019-12-09 20:40:00	20.2	북북서	328	16.03	30.99	0.32	5.6	0.50	5.0	6.0	남	191	10.2	1020.5	-	41	
2019-12-09 20:45:00	20.9	북북서	328	16.05	31.00	0.31	6.1	0.41	5.0	5.1	남남서	200	10.2	1020.4	-	47	
2019-12-09 20:50:00	20.5	북북서	330	16.02	31.00	0.31	5.6	0.40	6.5	6.0	남남서	213	10.2	1020.4	-	20	
2019-12-09 20:55:00	-	-	-	-	-	-	-	-	-	-	-	-	-	-	-	-	
2019-12-09 21:00:00	21.9	북북서	334	16.03	30.96	0.11	3.6	0.22	3.6	4.9	남	170	9.9	1020.4	-	116	
2019-12-09 21:05:00	21.6	북북서	333	16.05	30.98	0.29	5.3	0.39	5.0	5.0	남	178	10.0	1020.4	-	79	
2019-12-09 21:10:00	20.9	북서	325	16.05	31.01	0.30	6.1	0.37	4.5	5.1	남	184	10.1	1020.4	-	55	
2019-12-09 21:15:00	21.3	북북서	333	16.04	31.03	0.32	5.7	0.50	7.5	5.0	남	184	9.9	1020.4	-	78	
2019-12-09 21:20:00	19.0	북서	321	16.07	31.07	0.28	5.6	0.39	6.0	5.7	남남서	203	9.8	1020.3	-	91	
2019-12-09 21:25:00	22.4	북북서	331	16.05	31.02	0.31	6.3	0.39	6.0	7.2	남남서	208	9.9	1020.3	-	108	
2019-12-09 21:30:00	17.9	북북서	330	16.02	31.04	0.27	5.8	0.36	5.5	7.7	남남서	208	10.2	1020.2	-	31	
2019-12-09 21:35:00	15.9	북북서	329	16.03	31.06	0.30	5.2	0.42	5.0	7.4	남남서	208	10.3	1020.2	-	80	
2019-12-09 21:40:00	9.8	북북서	338	16.03	31.06	0.29	5.3	0.38	7.0	5.8	남남서	206	10.1	1020.2	-	108	
2019-12-09 21:45:00	17.6	북북서	328	16.02	31.06	0.28	5.6	0.37	5.5	6.3	남남서	212	10.0	1020.2	-	80	
2019-12-09 21:50:00	15.3	북북서	338	16.02	31.06	0.34	5.8	0.43	6.0	6.6	남서	227	10.2	1020.3	-	59	
2019-12-09 21:55:00	10.2	북서	314	16.03	31.09	0.31	4.8	0.55	5.0	5.7	남서	215	10.3	1020.5	-	141	
2019-12-09 22:00:00	19.1	북북서	336	16.03	31.04	0.36	4.7	0.52	5.0	6.4	남서	214	10.3	1020.5	-	15	
2019-12-09 22:05:00	18.6	북북서	329	16.03	31.06	0.31	5.6	0.48	6.0	7.3	남서	222	10.6	1020.4	-	352	
2019-12-09 22:10:00	19.9	북북서	343	16.01	31.03	0.32	5.4	0.47	5.5	6.1	남서	230	10.5	1020.5	-	96	
2019-12-09 22:15:00	16.3	북북서	327	16.02	31.05	0.32	5.9	0.49	8.0	5.5	남서	220	10.5	1020.6	-	79	
2019-12-09 22:20:00	19.9	북북서	333	16.03	31.05	0.33	6.0	0.48	5.5	5.0	남서	214	10.6	1020.5	-	71	
2019-12-09 22:25:00	19.5	북북서	333	16.02	31.00	0.29	5.7	0.35	6.0	3.6	남	186	10.4	1020.5	-	33	
2019-12-09 22:30:00	20.6	북북서	336	16.00	31.04	0.30	6.1	0.38	7.5	3.1	남남서	192	10.3	1020.4	-	123	
2019-12-09 22:35:00	18.4	북북서	336	16.00	31.04	0.28	4.7	0.43	7.0	4.1	남남동	159	10.4	1020.3	-	97	
2019-12-09 22:40:00	20.1	북북서	339	15.99	31.06	0.29	5.6	0.40	5.5	2.4	남동	142	10.4	1020.2	-	119	
2019-12-09 22:45:00	18.0	북북서	339	16.00	31.02	0.32	5.2	0.44	6.5	2.8	남남서	200	10.3	1020.2	-	79	
2019-12-09 22:50:00	19.9	북북서	336	15.99	31.01	0.28	5.9	0.42	7.0	3.7	남남서	201	10.3	1020.2	-	88	
2019-12-09 22:55:00	19.0	북북서	339	15.99	31.03	0.29	5.3	0.43	5.5	3.4	남	183	10.2	1020.2	-	81	
2019-12-09 23:00:00	18.6	북북서	343	15.98	30.99	0.30	6.3	0.40	6.5	2.7	남남서	192	10.2	1020.2	-	95	
2019-12-09 23:05:00	18.7	북북서	340	15.99	31.04	0.33	6.5	0.41	7.5	1.8	남	172	10.2	1020.3	-	98	
2019-12-09 23:10:00	17.6	북북서	340	15.98	31.02	0.26	5.8	0.36	7.5	2.1	남	173	10.2	1020.3	-	92	
2019-12-09 23:15:00	19.2	북북서	338	15.98	31.02	0.28	6.0	0.38	6.5	3.3	남	174	10.3	1020.3	-	80	
2019-12-09 23:20:00	18.9	북북서	340	15.96	31.01	0.30	5.3	0.42	5.0	3.4	남	181	10.4	1020.2	-	106	
2019-12-09 23:25:00	17.4	북북서	343	15.97	31.02	0.32	5.8	0.52	5.5	3.0	남	179	10.4	1020.2	-	103	
2019-12-09 23:30:00	12.8	북북서	337	15.96	31.03	0.27	6.1	0.39	7.5	2.3	남남서	207	10.5	1020.2	-	72	
2019-12-09 23:35:00	19.5	북	351	15.96	31.01	0.27	5.3	0.42	6.5	2.3	남남서	197	10.5	1020.1	-	347	
2019-12-09 23:40:00	19.9	북북서	337	15.94	31.02	0.29	5.5	0.37	6.5	1.7	남남서	212	10.5	1020.0	-	334	
2019-12-09 23:45:00	15.1	북북서	331	15.94	31.01	0.29	5.6	0.37	5.0	3.1	남서	229	10.6	1020.0	-	96	
2019-12-09 23:50:00	18.3	북북서	333	15.93	30.99	0.30	5.8	0.50	6.5	3.6	남남서	206	10.6	1019.9	-	13	
2019-12-09 23:55:00	21.7	북북서	340	15.92	31.05	0.26	5.9	0.37	7.0	4.8	남남서	211	10.8	1019.8	-	50	
2019-12-10 00:00:00	16.1	북북서	331	15.94	31.06	0.28	5.3	0.43	5.0	3.7	남남서	210	10.8	1019.8	-	99	
2019-12-10 00:05:00	18.5	북북서	339	15.96	31.05	0.25	5.5	0.33	5.5	3.4	남서	218	10.7	1019.7	-	90	
2019-12-10 00:10:00	18.6	북북서	334	15.93	31.05	0.31	5.8	0.40	6.0	3.7	남서	218	11.0	1019.7	-	87	
2019-12-10 00:15:00	22.9	북북서	338	15.94	31.03	0.28	6.0	0.36	6.0	4.2	남남서	212	10.9	1019.7	-	83	
2019-12-10 00:20:00	20.8	북북서	339	15.89	31.04	0.28	5.8	0.43	5.0	6.0	남남서	210	11.2	1019.5	-	67	
2019-12-10 00:25:00	21.5	북북서	337	15.87	31.04	0.26	6.1	0.42	5.5	5.6	남남서	211	11.3	1019.6	-	91	
2019-12-10 00:30:00	20.0	북북서	341	15.84	30.94	0.25	5.5	0.39	6.5	6.0	남서	217	11.4	1019.5	-	83	
2019-12-10 00:35:00	22.2	북북서	344	15.84	31.03	0.31	5.3	0.46	6.0	5.4	남서	230	11.4	1019.6	-	84	
2019-12-10 00:40:00	20.1	북북서	342	15.85	30.98	0.30	4.6	0.47	6.0	5.1	서남서	241	11.3	1019.5	-	101	
2019-12-10 00:45:00	22.3	북북서	338	15.87	31.06	0.31	4.9	0.46	5.5	4.4	남서	233	11.3	1019.5	-	153	
2019-12-10 00:50:00	21.4	북북서	339	15.88	30.81	0.32	5.2	0.42	6.0	3.9	남서	221	10.9	1019.4	-	96	
2019-12-10 00:55:00	23.4	북북서	341	15.88	30.99	0.31	5.1	0.54	6.0	3.4	남서	227	10.8	1019.3	-	95	
2019-12-10 01:00:00	25.1	북북서	343	15.85	30.99	0.30	5.5	0.42	5.5	2.6	남서	223	10.7	1019.3	-	59	
2019-12-10 01:05:00	24.2	북북서	344	15.84	30.99	0.33	5.3	0.47	7.5	3.4	남서	221	10.9	1019.2	-	58	
2019-12-10 01:10:00	21.5	북북서	342	15.84	30.99	0.30	4.5	0.46	3.0	3.6	남남서	205	10.8	1019.2	-	70	
2019-12-10 01:15:00	22.4	북북서	342	15.83	31.01	0.35	5.2	0.50	6.5	3.5	남서	218	10.9	1019.1	-	80	
2019-12-10 01:20:00	19.4	북	349	15.85	31.01	0.30	4.7	0.37	8.5	4.6	남남서	212	10.8	1019.0	-	97	
2019-12-10 01:25:00	19.6	북북서	343	15.88	31.02	0.31	4.2	0.44	3.5	4.2	남남서	209	10.8	1019.0	-	134	
2019-12-10 01:30:00	21.0	북북서	344	15.90	31.03	0.31	4.5	0.44	3.5	3.7	남서	226	10.8	1019.1	-	67	
2019-12-10 01:35:00	23.3	북북서	343	15.89	31.03	0.29	4.7	0.41	6.0	2.8	남서	229	10.8	1019.2	-	81	
2019-12-10 01:40:00	23.2	북북서	343	15.90	31.03	0.31	4.3	0.38	6.5	2.1	남서	218	10.7	1019.2	-	117	
2019-12-10 01:45:00	24.1	북북서	343	15.91	31.04	0.31	5.3	0.42	7.5	2.3	남	174	10.6	1019.2	-	121	
2019-12-10 01:50:00	23.7	북북서	346	15.90	31.02	0.32	4.7	0.40	5.5	1.5	남남동	147	10.6	1019.2	-	108	
2019-12-10 01:55:00	21.8	북북서	346	15.89	31.03	0.30	4.5	0.44	5.0	1.3	남남동	148	10.6	1019.3	-	111	
2019-12-10 02:00:00	26.6	북북서	346	15.90	31.03	0.29	4.5	0.44	3.5	1.1	남남동	149	10.6	1019.3	-	84	
2019-12-10 02:05:00	24.6	북북서	340	15.90	31.04	0.28	5.0	0.42	4.0	0.6	남	170	10.5	1019.3	-	97	
2019-12-10 02:10:00	24.2	북북서	338	15.90	31.05	0.25	4.2	0.32	6.5	0.7	서	274	10.5	1019.3	-	75	
2019-12-10 02:15:00	22.5	북북서	339	15.89	31.01	0.30	4.7	0.43	5.5	0.6	남남서	193	10.6	1019.2	-	82	
2019-12-10 02:20:00	21.7	북북서	337	15.88	31.02	0.26	4.8	0.34	5.0	2.3	남남서	213	10.6	1019.2	-	85	
2019-12-10 02:25:00	19.9	북북서	334	15.88	31.03	0.29	4.9	0.42	5.5	3.6	남남서	206	10.7	1019.2	-	103	
2019-12-10 02:30:00	19.5	북북서	340	15.87	31.00	0.27	5.6	0.40	4.0	2.4	남서	215	10.7	1019.3	-	101	
2019-12-10 02:35:00	22.4	북북서	336	15.87	31.05	0.26	5.3	0.36	5.0	2.1	남남서	209	10.7	1019.3	-	78	
2019-12-10 02:40:00	20.5	북북서	339	15.87	31.07	0.25	4.8	0.41	7.0	1.2	남남서	207	10.6	1019.4	-	135	
2019-12-10 02:45:00	19.0	북북서	336	15.87	31.03	0.26	4.6	0.34	6.0	1.6	남남서	210	10.7	1019.4	-	106	
2019-12-10 02:50:00	22.8	북북서	331	15.87	31.03	0.29	4.2	0.48	3.5	1.9	남남서	197	10.7	1019.3	-	80	
2019-12-10 02:55:00	20.2	북북서	341	15.87	31.03	0.29	4.7	0.43	5.5	1.4	남서	217	10.8	1019.3	-	105	
2019-12-10 03:00:00	21.1	북북서	339	15.86	31.04	0.31	4.8	0.46	4.0	2.2	남남서	195	10.9	1019.2	-	93	
2019-12-10 03:05:00	20.7	북북서	337	15.87	31.03	0.28	4.4	0.41	4.5	2.2	남남서	198	10.8	1019.2	-	122	
2019-12-10 03:10:00	21.8	북북서	338	15.86	31.02	0.29	4.5	0.37	5.5	2.4	남남서	199	10.7	1019.2	-	96	
2019-12-10 03:15:00	21.0	북북서	334	15.86	31.03	0.29	4.9	0.48	6.5	1.9	남	180	10.7	1019.1	-	96	
2019-12-10 03:20:00	20.1	북북서	331	15.87	31.02	0.32	4.4	0.43	3.5	2.0	남	177	10.9	1019.1	-	78	
2019-12-10 03:25:00	19.2	북북서	335	15.85	31.03	0.32	4.2	0.45	3.5	2.7	남	173	11.0	1019.0	-	104	
2019-12-10 03:30:00	21.3	북북서	345	15.85	31.03	0.27	4.3	0.37	3.0	1.5	남남동	154	10.9	1019.0	-	79	
2019-12-10 03:35:00	18.6	북북서	335	15.85	31.05	0.28	3.9	0.38	5.5	2.4	서북서	292	11.0	1019.0	-	98	
2019-12-10 03:40:00	19.7	북북서	339	15.85	31.02	0.30	4.9	0.42	3.0	3.3	서	272	11.0	1018.8	-	106	
2019-12-10 03:45:00	19.2	북북서	341	15.84	31.05	0.28	4.7	0.38	5.0	1.4	남서	228	11.1	1018.8	-	64	
2019-12-10 03:50:00	19.6	북북서	337	15.84	31.05	0.26	4.3	0.46	5.5	0.6	서북서	288	11.0	1018.7	-	99	
2019-12-10 03:55:00	18.6	북북서	339	15.82	31.04	0.32	4.2	0.50	3.5	2.1	남남서	206	11.1	1018.6	-	109	
2019-12-10 04:00:00	19.9	북북서	336	15.83	31.03	0.27	4.3	0.40	3.0	1.2	서남서	237	11.0	1018.4	-	133	
2019-12-10 04:05:00	21.3	북북서	337	15.83	30.99	0.34	4.6	0.43	6.0	1.3	남동	139	11.0	1018.4	-	98	
2019-12-10 04:10:00	21.5	북북서	336	15.83	30.98	0.31	4.0	0.44	5.5	2.4	남서	229	11.2	1018.5	-	86	
2019-12-10 04:15:00	19.1	북북서	336	15.82	30.98	0.33	4.6	0.42	3.0	1.4	서남서	242	11.3	1018.5	-	94	
2019-12-10 04:20:00	21.8	북북서	335	15.83	30.98	0.30	3.6	0.52	3.0	0.8	남	188	11.3	1018.4	-	148	
2019-12-10 04:25:00	20.4	북북서	342	15.83	31.00	0.33	4.6	0.44	5.0	0.7	남남동	149	11.3	1018.3	-	103	
2019-12-10 04:30:00	22.0	북북서	336	15.82	31.00	0.32	4.1	0.51	4.0	2.4	남동	145	11.5	1018.3	-	122	
2019-12-10 04:35:00	23.8	북북서	340	15.83	31.04	0.33	4.1	0.52	4.5	1.1	남남동	153	11.4	1018.3	-	343	
2019-12-10 04:40:00	20.8	북북서	330	15.83	31.04	0.35	3.5	0.52	3.5	3.3	남동	146	11.5	1018.2	-	207	
2019-12-10 04:45:00	22.0	북북서	332	15.83	31.02	0.33	3.5	0.39	2.5	3.0	남남동	162	11.4	1018.3	-	118	
2019-12-10 04:50:00	22.4	북북서	342	15.83	31.01	0.32	3.9	0.41	4.5	2.8	남남동	163	11.5	1018.3	-	225	
2019-12-10 04:55:00	17.3	북북서	335	15.83	31.02	0.33	4.6	0.59	3.5	0.4	동남동	117	11.4	1018.4	-	95	
2019-12-10 05:00:00	20.0	북북서	337	15.81	31.03	0.31	4.2	0.45	3.5	1.8	남동	142	11.5	1018.3	-	40	
2019-12-10 05:05:00	19.6	북북서	336	15.81	31.03	0.39	4.1	0.51	3.5	0.4	동남동	118	11.4	1018.3	-	301	
2019-12-10 05:10:00	20.0	북북서	329	15.80	31.04	0.38	3.8	0.50	2.5	0.5	서	268	11.4	1018.3	-	22	
2019-12-10 05:15:00	19.3	북북서	332	15.79	31.04	0.41	4.2	0.66	4.0	0.4	남서	230	11.4	1018.3	-	124	
2019-12-10 05:20:00	16.4	북북서	334	15.79	31.02	0.42	3.8	0.61	4.5	0.2	동북동	78	11.4	1018.2	-	301	
2019-12-10 05:25:00	18.8	북서	324	15.78	31.06	0.41	3.7	0.61	3.0	0.1	남동	124	11.4	1018.3	-	109	
2019-12-10 05:30:00	17.6	북북서	327	15.78	31.02	0.41	3.8	0.56	3.0	0.6	남동	142	11.4	1018.3	-	86	
2019-12-10 05:35:00	17.3	북북서	330	15.77	31.06	0.44	3.9	0.66	4.0	1.6	남	172	11.4	1018.3	-	159	
2019-12-10 05:40:00	18.3	북북서	335	15.76	31.00	0.43	3.7	0.72	3.5	2.3	남	189	11.4	1018.3	-	335	
2019-12-10 05:45:00	19.9	북서	325	15.75	31.03	0.39	4.0	0.67	3.0	2.9	남동	143	11.5	1018.3	-	312	
2019-12-10 05:50:00	16.8	북서	323	15.75	31.01	0.47	3.5	0.62	3.0	3.3	남동	128	11.6	1018.2	-	87	
2019-12-10 05:55:00	20.0	북북서	328	15.75	31.04	0.44	3.7	0.58	5.5	3.7	남동	143	11.6	1018.3	-	302	
2019-12-10 06:00:00	20.8	북서	322	15.75	31.04	0.39	3.7	0.50	3.5	2.3	남동	138	11.6	1018.4	-	95	
2019-12-10 06:05:00	20.5	북북서	329	15.75	31.05	0.45	3.9	0.71	3.0	1.0	남남동	165	11.7	1018.5	-	251	
2019-12-10 06:10:00	19.7	북서	324	15.75	31.03	0.44	3.7	0.64	3.0	1.3	남동	144	11.7	1018.5	-	129	
2019-12-10 06:15:00	18.2	북북서	327	15.75	31.04	0.45	4.0	0.70	3.0	2.4	남남동	163	11.6	1018.4	-	301	
2019-12-10 06:20:00	19.4	북서	326	15.76	31.06	0.44	3.9	0.63	4.5	2.7	남동	145	11.3	1018.4	-	49	
2019-12-10 06:25:00	22.8	북서	322	15.75	31.05	0.44	4.0	0.57	3.5	1.2	남	180	11.1	1018.4	-	83	
2019-12-10 06:30:00	19.7	북서	322	15.76	31.04	0.44	3.9	0.65	5.0	0.9	서남서	254	11.1	1018.4	-	293	
2019-12-10 06:35:00	18.1	북서	323	15.75	31.01	0.41	3.7	0.53	5.0	1.0	남남동	163	11.3	1018.4	-	123	
2019-12-10 06:40:00	17.2	북북서	327	15.75	30.99	0.43	3.8	0.61	3.5	1.6	남남동	147	11.4	1018.5	-	103	
2019-12-10 06:45:00	20.1	북서	321	15.74	31.03	0.43	3.9	0.59	3.5	1.3	남남동	168	11.6	1018.5	-	104	
2019-12-10 06:50:00	19.9	북서	323	15.73	31.04	0.38	3.8	0.56	3.5	2.4	남남동	160	11.3	1018.5	-	283	
2019-12-10 06:55:00	18.7	북서	318	15.74	31.05	0.44	4.1	0.57	2.5	2.2	남남동	161	11.5	1018.5	-	304	
2019-12-10 07:00:00	19.0	북서	323	15.72	31.06	0.40	3.8	0.56	3.5	2.1	남남동	155	11.5	1018.6	-	8	
2019-12-10 07:05:00	19.2	북북서	326	15.72	31.06	0.42	3.9	0.61	3.5	1.5	남동	146	11.7	1018.6	-	290	
2019-12-10 07:10:00	18.7	북서	326	15.70	31.07	0.39	4.1	0.55	3.5	1.0	동	96	11.7	1018.6	-	0	
2019-12-10 07:15:00	19.5	북북서	328	15.70	31.01	0.45	4.3	0.66	4.0	1.6	동	89	11.8	1018.5	-	176	
2019-12-10 07:20:00	20.2	북북서	327	15.65	31.03	0.46	4.0	0.80	4.0	1.1	북북서	341	11.8	1018.6	-	281	
2019-12-10 07:25:00	20.6	북서	324	15.66	31.00	0.42	4.2	0.56	3.5	2.6	서북서	302	11.8	1018.6	-	182	
2019-12-10 07:30:00	19.7	북서	326	15.68	31.06	0.43	4.1	0.62	3.5	2.5	서북서	289	11.7	1018.6	-	171	
2019-12-10 07:35:00	21.6	북서	317	15.72	31.06	0.43	4.3	0.63	4.5	2.1	서	273	11.5	1018.7	-	203	
2019-12-10 07:40:00	18.9	북서	321	15.71	31.04	0.46	4.1	0.64	4.0	2.3	서북서	283	11.4	1018.6	-	103	
2019-12-10 07:45:00	20.0	북서	321	15.73	31.07	0.44	4.2	0.53	3.5	2.6	서북서	286	11.7	1018.7	-	103	
2019-12-10 07:50:00	21.5	북서	325	15.74	31.06	0.48	4.0	0.75	5.0	3.1	서북서	284	11.8	1018.8	-	120	
2019-12-10 07:55:00	21.0	북서	325	15.69	31.01	0.42	4.4	0.75	3.5	3.8	서	276	11.5	1018.8	-	117	
2019-12-10 08:00:00	19.0	북서	324	15.66	31.02	0.43	4.5	0.59	4.0	3.8	서	262	11.4	1018.9	-	112	
2019-12-10 08:05:00	16.7	북북서	329	15.62	31.00	0.47	4.5	0.65	4.5	3.0	서남서	245	11.3	1019.0	-	120	
2019-12-10 08:10:00	16.7	북북서	333	15.63	31.04	0.49	4.5	0.71	4.0	1.7	남서	230	10.8	1019.1	-	121	
2019-12-10 08:15:00	16.6	북서	325	15.61	31.02	0.43	4.3	0.63	4.5	2.1	서남서	253	10.6	1019.2	-	106	
2019-12-10 08:20:00	16.3	북서	325	15.63	31.10	0.47	4.5	0.65	4.5	2.5	서남서	255	10.7	1019.3	-	228	
2019-12-10 08:25:00	17.3	북서	326	15.71	31.20	0.47	4.4	0.76	4.0	2.1	남서	234	10.6	1019.4	-	130	
2019-12-10 08:30:00	17.7	북서	323	15.74	31.07	0.54	4.5	0.73	4.0	1.7	서	259	10.7	1019.4	-	126	
2019-12-10 08:35:00	17.4	북서	325	15.73	31.04	0.47	3.9	0.74	5.0	1.7	서	265	10.9	1019.4	-	138	
2019-12-10 08:40:00	18.5	북서	322	15.72	31.13	0.45	4.2	0.66	3.5	1.7	서	264	11.1	1019.4	-	317	
2019-12-10 08:45:00	16.5	북서	325	15.80	31.07	0.43	4.5	0.59	3.5	2.9	서남서	252	11.2	1019.4	-	128	
2019-12-10 08:50:00	16.8	북북서	328	15.79	31.07	0.42	4.5	0.53	4.5	3.2	서남서	240	11.1	1019.5	-	130	
2019-12-10 08:55:00	15.5	북서	324	15.85	31.13	0.46	4.4	0.59	3.5	3.3	서남서	240	11.1	1019.5	-	141	
2019-12-10 09:00:00	17.8	북서	325	15.86	31.13	0.43	4.6	0.64	4.0	3.5	남서	227	11.1	1019.6	-	111	
2019-12-10 09:05:00	18.7	북서	326	15.86	31.11	0.50	4.2	0.71	4.5	3.0	남서	232	11.0	1019.6	-	126	
2019-12-10 09:10:00	16.0	북서	325	15.85	31.13	0.54	4.3	0.75	5.5	3.7	남서	233	11.2	1019.7	-	103	
2019-12-10 09:15:00	18.3	북북서	330	15.86	31.10	0.48	4.4	0.62	4.5	4.6	남서	227	11.3	1019.7	-	141	
2019-12-10 09:20:00	16.9	북서	326	15.86	31.12	0.43	4.5	0.67	4.0	5.3	서남서	237	11.4	1019.7	-	301	
2019-12-10 09:25:00	18.3	북북서	328	15.78	31.06	0.46	4.2	0.62	4.5	7.3	서남서	238	11.6	1019.7	-	117	
2019-12-10 09:30:00	18.2	북북서	334	15.75	30.93	0.47	4.3	0.63	3.5	8.1	남서	235	11.5	1019.6	-	152	
2019-12-10 09:35:00	15.3	북북서	328	15.74	31.04	0.55	4.3	0.70	4.0	7.4	남서	228	11.5	1019.6	-	182	
2019-12-10 09:40:00	11.4	북북서	333	15.76	31.07	0.49	4.5	0.67	4.5	6.8	남서	232	11.4	1019.7	-	125	
2019-12-10 09:45:00	12.7	북북서	342	15.71	31.05	0.52	4.8	0.94	4.5	7.3	남서	228	11.3	1019.7	-	134	
2019-12-10 09:50:00	16.2	북북서	339	15.68	31.05	0.45	4.4	0.65	4.0	7.5	남서	227	11.3	1019.7	-	151	
2019-12-10 09:55:00	15.6	북북서	336	15.66	31.01	0.50	4.6	0.61	4.5	7.4	남서	220	11.2	1019.6	-	127	
2019-12-10 10:00:00	15.2	북북서	344	15.68	30.99	0.47	4.9	0.73	4.0	6.1	남서	220	11.1	1019.6	-	135	
2019-12-10 10:05:00	14.7	북북서	341	15.67	31.06	0.45	4.4	0.60	4.5	5.2	남남서	212	11.1	1019.5	-	129	
2019-12-10 10:10:00	15.5	북북서	340	15.71	31.07	0.54	4.6	0.69	5.5	5.3	남남서	205	11.2	1019.6	-	142	
2019-12-10 10:15:00	12.6	북북서	327	15.72	31.10	0.48	4.5	0.62	3.5	4.9	남서	217	11.2	1019.5	-	112	
2019-12-10 10:20:00	14.4	북북서	340	15.74	31.10	0.52	4.8	0.78	5.0	4.7	남서	214	11.2	1019.6	-	133	
2019-12-10 10:25:00	12.0	북북서	332	15.75	31.06	0.41	4.7	0.60	5.0	4.8	남서	215	11.2	1019.5	-	108	
2019-12-10 10:30:00	13.1	북북서	345	15.75	31.09	0.39	4.6	0.52	4.0	4.3	남남서	210	11.3	1019.6	-	124	
2019-12-10 10:35:00	10.8	북북서	346	15.74	31.11	0.47	4.5	0.69	4.5	4.8	남서	214	11.3	1019.5	-	297	
2019-12-10 10:40:00	12.4	북	349	15.76	31.13	0.38	4.8	0.53	5.0	4.7	남서	216	11.3	1019.5	-	351	
2019-12-10 10:45:00	10.5	북북서	340	15.76	31.14	0.42	4.8	0.67	4.5	5.1	남남서	209	11.2	1019.5	-	36	
2019-12-10 10:50:00	13.4	북북서	336	15.75	31.13	0.40	4.9	0.54	4.5	4.8	남서	218	11.4	1019.4	-	130	
2019-12-10 10:55:00	12.2	북북서	336	15.74	31.13	0.45	4.4	0.85	4.5	6.2	남서	215	11.4	1019.3	-	82	
2019-12-10 11:00:00	9.0	북북서	341	15.73	31.11	0.40	4.6	0.59	4.0	7.3	남서	216	11.4	1019.2	-	153	
2019-12-10 11:05:00	12.3	북북서	348	15.73	31.12	0.40	4.6	0.55	4.5	7.2	남서	220	11.4	1019.2	-	225	
2019-12-10 11:10:00	10.0	북북서	346	15.72	31.11	0.39	4.5	0.51	4.5	8.1	남서	218	11.4	1019.1	-	151	
2019-12-10 11:15:00	11.9	북북서	333	15.71	31.11	0.44	4.4	0.66	5.5	6.2	남서	216	11.5	1019.1	-	260	
2019-12-10 11:20:00	10.6	북	352	15.71	31.13	0.37	4.4	0.45	4.0	7.4	남서	218	11.5	1019.1	-	197	
2019-12-10 11:25:00	12.8	북북서	349	15.72	31.14	0.39	4.8	0.68	4.5	7.6	남서	215	11.6	1019.0	-	322	
2019-12-10 11:30:00	10.3	북북서	346	15.72	31.15	0.44	4.6	0.57	4.5	7.3	남서	221	11.7	1018.9	-	130	
2019-12-10 11:35:00	13.9	북	356	15.72	31.15	0.34	4.5	0.53	4.5	8.8	남서	215	11.9	1018.8	-	161	
2019-12-10 11:40:00	11.9	북북서	344	15.71	31.16	0.40	4.3	0.59	4.0	8.3	남서	216	11.9	1018.6	-	131	
2019-12-10 11:45:00	11.2	북북서	338	15.70	31.17	0.37	4.7	0.59	3.5	8.1	남서	223	12.0	1018.5	-	152	
2019-12-10 11:50:00	14.2	북	352	15.70	31.17	0.37	4.7	0.49	4.0	8.2	남서	215	12.0	1018.4	-	305	
2019-12-10 11:55:00	11.6	북	350	15.69	31.16	0.35	4.5	0.49	4.5	7.3	남남서	212	12.0	1018.4	-	142	
2019-12-10 12:00:00	12.3	북북서	345	15.69	31.15	0.31	4.5	0.40	4.0	7.4	남서	216	12.1	1018.3	-	136	
2019-12-10 12:05:00	13.2	북	350	15.69	31.15	0.35	4.5	0.46	4.0	6.5	남남서	213	12.1	1018.3	-	253	
2019-12-10 12:10:00	7.8	북	359	15.70	31.15	0.38	4.8	0.69	4.5	6.9	남서	216	12.1	1018.2	-	13	
2019-12-10 12:15:00	13.4	북북서	337	15.69	31.15	0.31	4.3	0.42	4.5	7.0	남서	221	12.1	1018.1	-	176	
2019-12-10 12:20:00	11.5	북북서	343	15.70	31.13	0.35	4.7	0.45	4.0	6.3	남서	221	12.1	1018.1	-	166	
2019-12-10 12:25:00	7.0	북북서	344	15.68	31.15	0.34	4.6	0.44	4.5	6.7	남남서	212	12.2	1017.9	-	317	
2019-12-10 12:30:00	7.2	북북서	347	15.68	31.15	0.35	4.4	0.48	4.5	6.7	남남서	212	12.3	1017.9	-	207	
2019-12-10 12:35:00	9.6	북북서	344	15.68	31.17	0.37	4.5	0.51	5.5	6.6	남서	222	12.5	1017.8	-	146	
2019-12-10 12:40:00	6.1	북서	314	15.70	31.17	0.36	4.4	0.56	4.5	5.0	남남서	211	12.6	1017.8	-	296	
2019-12-10 12:45:00	3.1	북북서	341	15.70	31.17	0.31	4.5	0.45	5.0	4.5	남서	230	12.8	1017.8	-	163	
2019-12-10 12:50:00	6.4	북북서	346	15.71	31.17	0.39	4.6	0.52	5.0	5.3	남서	231	13.0	1017.8	-	292	
2019-12-10 12:55:00	9.2	북북서	348	15.72	31.15	0.32	4.2	0.49	4.0	7.4	남서	236	13.0	1017.6	-	261	
2019-12-10 13:00:00	7.1	북북서	348	15.72	31.16	0.34	4.7	0.55	4.5	7.0	남서	233	13.1	1017.4	-	150	
2019-12-10 13:05:00	5.0	북북서	348	15.72	31.16	0.30	4.5	0.44	4.5	6.8	남서	229	13.1	1017.2	-	151	
2019-12-10 13:10:00	8.1	북	0	15.72	31.16	0.44	4.5	0.59	4.5	6.1	남서	236	13.2	1017.2	-	228	
2019-12-10 13:15:00	2.2	북북동	20	15.71	31.16	0.34	4.6	0.55	4.0	8.6	남서	223	13.1	1017.0	-	194	
2019-12-10 13:20:00	13.7	북	8	15.71	31.17	0.37	4.8	0.56	5.0	8.4	남서	234	13.0	1017.0	-	141	
2019-12-10 13:25:00	8.6	북북동	20	15.70	31.17	0.34	4.6	0.58	5.0	8.2	남서	226	13.2	1016.9	-	118	
2019-12-10 13:30:00	12.6	북	10	15.69	31.17	0.40	4.5	0.57	4.5	7.3	남서	227	13.2	1016.9	-	166	
2019-12-10 13:35:00	12.2	북북서	349	15.69	31.16	0.41	4.5	0.59	3.5	6.7	남서	233	13.1	1017.0	-	151	
2019-12-10 13:40:00	13.7	북	352	15.68	31.17	0.43	4.3	0.61	4.5	6.2	서남서	243	13.2	1017.0	-	299	
2019-12-10 13:45:00	10.9	북	0	15.67	31.17	0.35	4.7	0.52	4.5	7.1	남서	232	13.2	1016.9	-	152	
2019-12-10 13:50:00	8.2	북	2	15.67	31.17	0.33	4.4	0.46	5.5	5.5	남서	227	13.3	1016.9	-	172	
2019-12-10 13:55:00	10.2	북	7	15.66	31.19	0.36	4.3	0.66	4.5	6.1	남서	220	13.4	1016.9	-	293	
2019-12-10 14:00:00	6.8	북북서	340	15.66	31.19	0.34	4.8	0.45	3.5	4.4	남서	229	13.5	1016.9	-	310	
2019-12-10 14:05:00	6.9	북	354	15.65	31.18	0.40	4.1	0.60	4.0	3.6	남서	234	13.5	1017.0	-	190	
2019-12-10 14:10:00	10.0	북	356	15.64	31.16	0.27	4.8	0.40	4.5	4.6	서남서	237	13.5	1017.0	-	79	
2019-12-10 14:15:00	5.2	북	359	15.64	31.16	0.36	4.4	0.52	4.0	4.6	서남서	237	13.5	1017.0	-	272	
2019-12-10 14:20:00	11.6	북	0	15.62	31.18	0.34	4.5	0.44	5.0	6.8	남서	224	13.4	1016.9	-	127	
2019-12-10 14:25:00	7.7	북북서	343	15.61	31.18	0.35	4.7	0.44	5.0	7.3	남서	222	13.3	1016.9	-	154	
2019-12-10 14:30:00	7.6	북	4	15.62	31.17	0.32	4.5	0.45	4.5	6.5	남서	229	13.5	1016.9	-	225	
2019-12-10 14:35:00	9.0	북	358	15.60	31.16	0.38	4.4	0.57	4.0	7.6	남서	222	13.3	1016.8	-	108	
2019-12-10 14:40:00	4.6	북북서	339	15.60	31.16	0.28	4.9	0.41	4.5	8.1	남서	226	13.3	1016.7	-	297	
2019-12-10 14:45:00	7.3	북북동	17	15.60	31.17	0.33	4.9	0.49	5.0	8.8	남서	226	13.2	1016.7	-	321	
2019-12-10 14:50:00	9.3	북	351	15.59	31.18	0.31	5.0	0.46	4.5	7.8	남서	227	13.3	1016.7	-	109	
2019-12-10 14:55:00	6.0	북북동	13	15.59	31.17	0.28	4.8	0.35	6.0	8.2	남서	224	13.2	1016.7	-	169	
2019-12-10 15:00:00	12.2	북	353	15.58	31.07	0.31	4.9	0.51	4.5	8.0	남서	227	13.2	1016.7	-	136	
2019-12-10 15:05:00	9.6	북	358	15.58	31.19	0.33	4.4	0.61	5.0	7.2	남서	231	13.2	1016.7	-	303	
2019-12-10 15:10:00	8.3	북북서	345	15.58	31.16	0.37	4.6	0.60	5.0	7.4	남서	231	13.3	1016.8	-	249	
2019-12-10 15:15:00	6.4	북	351	15.58	31.17	0.29	4.2	0.46	5.0	7.6	남서	231	13.2	1016.8	-	193	
2019-12-10 15:20:00	6.5	북북동	29	15.58	31.17	0.32	4.2	0.46	3.5	7.5	남서	230	13.3	1016.9	-	294	
2019-12-10 15:25:00	9.1	북북동	31	15.57	31.16	0.32	4.3	0.44	4.0	7.2	남서	235	13.3	1017.0	-	282	
2019-12-10 15:30:00	7.5	북	8	15.56	31.19	0.33	4.5	0.53	4.5	8.1	남서	234	13.3	1016.9	-	280	
2019-12-10 15:35:00	4.7	북북서	346	15.55	31.19	0.31	4.4	0.48	4.5	8.9	남서	233	13.3	1016.9	-	280	
2019-12-10 15:40:00	1.4	북서	313	15.54	31.18	0.29	4.1	0.42	4.5	7.8	남서	235	13.3	1016.9	-	202	
2019-12-10 15:45:00	6.5	북	7	15.54	31.19	0.29	4.4	0.39	4.5	8.3	남서	234	13.3	1016.8	-	184	
2019-12-10 15:50:00	3.4	북서	321	15.53	31.18	0.30	4.4	0.45	4.5	7.0	남서	234	13.3	1016.9	-	330	
2019-12-10 15:55:00	6.7	북	349	15.52	31.17	0.37	4.7	0.60	3.5	6.9	남서	229	13.2	1016.9	-	294	
2019-12-10 16:00:00	8.0	북북서	341	15.51	31.18	0.28	5.0	0.38	4.5	8.3	남서	232	13.2	1016.9	-	137	
2019-12-10 16:05:00	4.0	동	91	15.50	31.19	0.25	4.9	0.33	4.5	8.4	남서	236	13.1	1016.9	-	329	
2019-12-10 16:10:00	3.6	북서	326	15.49	31.19	0.25	5.6	0.38	7.0	9.3	서남서	238	13.0	1016.8	-	76	
2019-12-10 16:15:00	5.1	북	0	15.48	31.17	0.29	4.1	0.39	4.0	9.5	남서	233	12.9	1016.8	-	335	
2019-12-10 16:20:00	11.7	북북서	343	15.46	31.20	0.32	4.6	0.51	5.5	10.9	서남서	239	12.9	1016.7	-	261	
2019-12-10 16:25:00	13.5	북북동	12	15.44	31.18	0.34	4.3	0.65	5.0	11.2	서남서	237	12.9	1016.6	-	285	
2019-12-10 16:30:00	10.2	북북동	17	15.43	31.17	0.34	4.4	0.43	3.5	11.8	남서	234	12.8	1016.6	-	310	
2019-12-10 16:35:00	9.9	북북동	14	15.42	31.17	0.33	3.9	0.53	4.5	11.8	남서	230	12.8	1016.6	-	121	
2019-12-10 16:40:00	6.9	북서	325	15.41	31.18	0.38	4.0	0.50	4.5	12.3	남서	228	12.7	1016.7	-	160	
2019-12-10 16:45:00	10.4	북북동	13	15.40	31.19	0.42	4.6	0.58	5.0	12.2	남서	231	12.7	1016.8	-	114	
2019-12-10 16:50:00	11.6	북	349	15.39	31.15	0.36	4.4	0.54	5.0	10.8	남서	232	12.7	1017.0	-	270	
2019-12-10 16:55:00	9.4	북	10	15.38	31.16	0.32	3.8	0.46	4.5	11.2	남서	230	12.7	1017.0	-	151	
2019-12-10 17:00:00	10.4	북북동	17	15.37	31.18	0.35	4.3	0.54	4.0	10.6	남서	231	12.6	1017.0	-	116	
2019-12-10 17:05:00	9.6	북	353	15.36	31.18	0.28	4.6	0.52	5.0	10.7	남서	235	12.5	1017.0	-	318	
2019-12-10 17:10:00	11.2	북	350	15.35	31.18	0.33	4.7	0.45	4.5	10.8	남서	234	12.4	1017.0	-	136	
2019-12-10 17:15:00	10.2	북	8	15.35	31.18	0.26	4.7	0.40	4.0	10.2	남서	235	12.5	1017.0	-	147	
2019-12-10 17:20:00	8.3	북	9	15.34	31.18	0.27	4.8	0.45	4.0	9.4	남서	232	12.5	1017.1	-	118	
2019-12-10 17:25:00	4.3	북서	311	15.34	31.18	0.31	4.6	0.59	4.0	10.3	남서	235	12.6	1017.2	-	157	
2019-12-10 17:30:00	8.1	북	359	15.33	31.16	0.26	4.9	0.36	3.5	10.2	남서	233	12.6	1017.4	-	146	
2019-12-10 17:35:00	1.3	북	6	15.32	31.16	0.30	4.8	0.56	3.5	9.2	남서	229	12.5	1017.6	-	317	
2019-12-10 17:40:00	9.3	북	3	15.32	31.16	0.30	4.3	0.46	4.0	8.6	남서	223	12.4	1017.6	-	161	
2019-12-10 17:45:00	3.1	북동	51	15.31	31.06	0.29	4.8	0.39	4.5	8.4	남서	223	12.4	1017.7	-	296	
2019-12-10 17:50:00	2.0	북북서	347	15.32	31.07	0.32	5.0	0.44	3.5	9.0	남서	221	12.4	1017.7	-	182	
2019-12-10 17:55:00	8.2	북북서	331	15.30	31.14	0.28	5.1	0.52	4.5	8.4	남서	231	12.3	1017.8	-	162	
2019-12-10 18:00:00	8.3	북	351	15.30	31.11	0.36	5.6	0.45	6.5	8.7	남서	228	12.3	1017.8	-	114	
2019-12-10 18:05:00	3.7	북	350	15.30	31.15	0.31	4.3	0.40	3.5	8.7	남서	228	12.3	1017.8	-	147	
2019-12-10 18:10:00	5.8	북북서	338	15.29	31.13	0.27	4.6	0.41	4.5	8.9	남서	230	12.4	1017.8	-	288	
2019-12-10 18:15:00	7.6	북	355	15.29	31.15	0.29	5.4	0.47	6.0	8.4	남서	231	12.4	1017.9	-	128	
2019-12-10 18:20:00	5.8	북북서	345	15.28	31.17	0.29	5.2	0.39	6.5	7.5	남서	227	12.3	1018.0	-	171	
2019-12-10 18:25:00	6.2	북	349	15.27	31.18	0.29	4.8	0.35	3.5	6.4	남서	220	12.1	1018.1	-	286	
2019-12-10 18:30:00	5.9	북서	319	15.27	31.20	0.27	5.5	0.50	4.0	5.4	남서	221	12.0	1018.2	-	89	
2019-12-10 18:35:00	5.7	북북서	329	15.28	31.16	0.30	5.0	0.36	4.5	4.7	남서	226	12.0	1018.3	-	64	
2019-12-10 18:40:00	5.3	서	276	15.27	31.18	0.28	5.0	0.40	4.0	4.3	남서	227	12.0	1018.3	-	299	
2019-12-10 18:45:00	5.1	북북서	327	15.27	31.18	0.27	4.9	0.40	4.5	4.2	남서	236	11.9	1018.3	-	331	
2019-12-10 18:50:00	6.5	북북서	336	15.27	31.17	0.25	4.9	0.32	4.5	4.0	서남서	244	11.9	1018.3	-	222	
2019-12-10 18:55:00	8.2	북서	320	15.27	31.17	0.28	4.9	0.43	4.5	3.8	서남서	249	11.8	1018.3	-	190	
2019-12-10 19:00:00	7.9	북서	324	15.27	31.19	0.26	5.4	0.35	4.5	4.1	서남서	253	12.0	1018.3	-	296	
2019-12-10 19:05:00	7.6	북서	312	15.26	31.19	0.25	5.2	0.39	4.5	3.7	서남서	258	12.0	1018.2	-	208	
2019-12-10 19:10:00	7.7	북서	317	15.27	31.19	0.24	5.8	0.38	5.5	3.7	서남서	248	12.0	1018.2	-	80	
2019-12-10 19:15:00	6.6	북서	323	15.27	31.19	0.29	4.7	0.37	4.5	3.0	남서	234	11.9	1018.2	-	275	
2019-12-10 19:20:00	8.4	북북서	332	15.26	31.19	0.29	4.4	0.38	4.5	2.7	서남서	246	11.7	1018.2	-	287	
2019-12-10 19:25:00	6.8	북서	315	15.27	31.15	0.28	4.4	0.34	5.0	2.9	서남서	239	11.7	1018.2	-	312	
2019-12-10 19:30:00	6.5	북북서	330	15.27	31.17	0.30	4.5	0.43	4.5	2.8	서남서	254	11.9	1018.2	-	188	
2019-12-10 19:35:00	6.4	북서	322	15.26	31.19	0.30	5.3	0.52	7.5	2.2	서	261	11.9	1018.1	-	202	
2019-12-10 19:40:00	6.5	북북서	338	15.26	31.19	0.29	4.8	0.42	6.5	2.9	서남서	239	11.9	1018.1	-	79	
2019-12-10 19:45:00	10.3	북서	316	15.26	31.19	0.30	5.0	0.47	4.5	3.7	서남서	257	12.0	1018.0	-	297	
2019-12-10 19:50:00	8.3	북서	325	15.27	31.19	0.29	4.6	0.36	3.5	3.5	서	260	11.9	1018.0	-	171	
2019-12-10 19:55:00	7.7	북서	318	15.26	31.17	0.30	5.3	0.35	5.0	3.4	서남서	243	11.9	1018.0	-	24	
2019-12-10 20:00:00	5.6	서북서	298	15.26	31.20	0.31	4.8	0.44	4.0	3.3	서남서	241	11.7	1018.0	-	284	
2019-12-10 20:05:00	6.3	북서	324	15.26	31.20	0.27	5.1	0.35	6.0	3.6	남서	235	11.9	1017.9	-	78	
2019-12-10 20:10:00	6.8	북북서	329	15.27	31.20	0.29	4.9	0.43	4.0	3.9	서남서	254	12.1	1017.9	-	160	
2019-12-10 20:15:00	7.4	북북서	330	15.26	31.19	0.29	5.0	0.44	5.5	4.0	서남서	248	12.0	1017.9	-	159	
2019-12-10 20:20:00	5.0	북북서	341	15.26	31.18	0.29	4.8	0.46	3.5	3.2	서남서	244	11.6	1017.9	-	354	
2019-12-10 20:25:00	7.3	북북서	336	15.26	31.21	0.31	5.2	0.42	4.0	3.9	서남서	256	11.7	1017.9	-	7	
2019-12-10 20:30:00	8.1	북북서	334	15.26	31.21	0.31	5.5	0.51	6.5	3.3	서남서	251	11.7	1017.9	-	63	
2019-12-10 20:35:00	6.3	북북서	337	15.26	31.19	0.32	4.7	0.42	4.0	2.7	서남서	249	11.5	1017.9	-	175	
2019-12-10 20:40:00	5.8	북서	326	15.26	31.21	0.27	4.6	0.38	5.5	2.4	남서	216	11.3	1017.9	-	265	
2019-12-10 20:45:00	10.7	북서	314	15.25	31.17	0.30	4.9	0.39	5.0	2.5	남	184	10.7	1017.9	-	13	
2019-12-10 20:50:00	7.4	북북서	329	15.26	31.19	0.30	4.8	0.45	8.0	2.8	남	184	10.1	1018.0	-	254	
2019-12-10 20:55:00	8.9	북서	324	15.25	31.22	0.30	4.6	0.45	5.0	3.0	남	185	9.8	1018.0	-	327	
2019-12-10 21:00:00	7.3	북북서	330	15.25	31.21	0.31	5.1	0.49	6.0	2.5	남	186	9.8	1018.0	-	173	
2019-12-10 21:05:00	9.5	북서	318	15.24	31.19	0.24	5.2	0.31	5.5	2.8	남	188	10.0	1018.0	-	58	
2019-12-10 21:10:00	6.9	북서	323	15.24	31.19	0.29	5.1	0.47	6.0	3.5	남	189	10.0	1017.9	-	353	
2019-12-10 21:15:00	8.3	북서	319	15.24	31.20	0.27	5.1	0.35	6.0	2.8	남남서	195	9.7	1018.0	-	345	
2019-12-10 21:20:00	9.5	북북서	330	15.24	31.21	0.26	5.1	0.40	5.0	3.5	남남서	194	9.6	1018.0	-	146	
2019-12-10 21:25:00	7.5	북서	320	15.24	31.22	0.30	4.9	0.40	4.5	3.5	남남서	197	9.5	1018.0	-	50	
2019-12-10 21:30:00	6.4	북북서	333	15.25	31.21	0.28	5.3	0.36	4.5	3.4	남남서	200	9.5	1017.9	-	224	
2019-12-10 21:35:00	3.5	북서	305	15.24	31.20	0.28	5.4	0.40	3.5	3.8	남남서	195	9.3	1017.9	-	333	
2019-12-10 21:40:00	7.7	북북서	328	15.24	31.21	0.26	5.0	0.32	7.5	3.4	남남서	203	9.5	1017.8	-	30	
2019-12-10 21:45:00	9.2	북서	318	15.24	31.24	0.28	4.9	0.38	4.5	3.7	남남서	203	9.5	1017.8	-	15	
2019-12-10 21:50:00	9.6	북북서	335	15.24	31.22	0.30	5.5	0.43	7.5	3.7	남남서	206	9.4	1017.8	-	340	
2019-12-10 21:55:00	9.2	북북서	338	15.24	31.23	0.26	6.1	0.43	5.0	3.9	남남서	200	9.6	1017.8	-	49	
2019-12-10 22:00:00	7.9	북북서	341	15.24	31.21	0.25	4.9	0.35	6.0	4.2	남	184	9.2	1017.7	-	264	
2019-12-10 22:05:00	6.6	북북서	332	15.24	31.21	0.29	5.4	0.52	5.0	4.2	남남서	193	9.1	1017.7	-	74	
2019-12-10 22:10:00	6.5	북북서	344	15.23	31.23	0.29	4.7	0.40	4.0	4.3	남남서	197	9.8	1017.6	-	349	
2019-12-10 22:15:00	6.7	북	352	15.22	31.21	0.26	5.1	0.38	5.5	4.4	남남서	204	10.2	1017.7	-	222	
2019-12-10 22:20:00	4.5	북서	323	15.22	31.21	0.28	5.2	0.41	5.0	4.7	남남서	205	10.0	1017.7	-	243	
2019-12-10 22:25:00	7.5	북북서	335	15.22	31.21	0.31	5.3	0.44	4.5	4.9	남남서	198	9.7	1017.7	-	139	
2019-12-10 22:30:00	7.8	북북서	332	15.22	31.21	0.27	6.0	0.47	5.0	5.3	남남서	195	9.1	1017.7	-	63	
2019-12-10 22:35:00	5.7	북북서	346	15.23	31.19	0.29	5.4	0.39	5.0	4.9	남남서	196	9.0	1017.6	-	165	
2019-12-10 22:40:00	5.9	북	0	15.22	31.17	0.29	5.9	0.37	5.5	5.0	남남서	200	9.0	1017.7	-	329	
2019-12-10 22:45:00	1.8	북북서	335	15.22	31.22	0.28	5.0	0.47	5.0	4.9	남남서	200	9.0	1017.7	-	220	
2019-12-10 22:50:00	14.4	동남동	115	15.21	31.22	0.33	4.7	0.46	4.5	5.2	남	191	9.2	1017.7	-	7	
2019-12-10 22:55:00	3.0	남남동	159	15.22	31.22	0.31	5.0	0.42	4.5	5.3	남남서	195	9.4	1017.7	-	68	
2019-12-10 23:00:00	5.2	동남동	120	15.22	31.18	0.30	5.2	0.38	4.5	4.0	남	191	9.8	1017.7	-	302	
2019-12-10 23:05:00	4.2	북서	326	15.22	31.19	0.28	4.8	0.38	4.0	4.8	남남서	193	9.5	1017.6	-	316	
2019-12-10 23:10:00	7.8	북	5	15.21	31.23	0.30	5.0	0.42	4.5	4.2	남남서	197	9.6	1017.6	-	330	
2019-12-10 23:15:00	3.5	북북동	12	15.21	31.23	0.29	6.1	0.35	5.0	4.9	남	191	9.7	1017.7	-	337	
2019-12-10 23:20:00	5.9	북서	326	15.21	31.23	0.25	4.9	0.51	4.5	3.8	남남서	202	9.6	1017.7	-	95	
2019-12-10 23:25:00	7.3	북	356	15.21	31.22	0.26	5.2	0.38	5.0	4.4	남남서	201	10.0	1017.6	-	68	
2019-12-10 23:30:00	6.0	북북동	12	15.23	31.22	0.33	5.1	0.49	4.5	4.3	남남서	197	9.7	1017.7	-	163	
2019-12-10 23:35:00	6.0	북	4	15.23	31.21	0.29	4.9	0.43	5.0	4.6	남남서	199	9.6	1017.7	-	347	
2019-12-10 23:40:00	6.8	북북서	340	15.23	31.19	0.30	5.0	0.45	5.0	3.8	남남서	196	9.9	1017.7	-	341	
2019-12-10 23:45:00	8.6	북북동	12	15.25	31.18	0.29	5.3	0.50	5.0	3.1	남남서	195	10.5	1017.7	-	153	
2019-12-10 23:50:00	2.0	북북동	19	15.26	31.19	0.33	5.3	0.42	5.0	3.8	남남서	204	10.7	1017.8	-	303	
2019-12-10 23:55:00	11.8	북	356	15.29	31.19	0.35	5.1	0.46	4.5	2.4	남남서	194	9.9	1017.6	-	114	
2019-12-11 00:00:00	6.0	북	357	15.29	31.20	0.34	5.5	0.48	5.0	2.5	남서	215	11.1	1017.4	-	125	
2019-12-11 00:05:00	5.7	북북서	339	15.32	31.19	0.31	5.0	0.39	5.0	3.5	남	183	10.8	1017.5	-	330	
2019-12-11 00:10:00	7.4	북북서	341	15.38	31.21	0.27	5.3	0.37	4.0	2.5	남남동	165	10.0	1017.2	-	48	
2019-12-11 00:15:00	18.6	북북서	348	15.39	31.20	0.31	5.4	0.43	4.5	3.1	남	169	10.0	1017.2	-	58	
2019-12-11 00:20:00	15.7	북북서	344	15.40	31.17	0.28	5.0	0.39	4.5	3.7	남남동	168	9.7	1017.2	-	278	
2019-12-11 00:25:00	12.6	북북서	330	15.41	31.20	0.27	4.9	0.42	5.0	3.6	남남동	158	9.7	1017.3	-	145	
2019-12-11 00:30:00	14.9	북	350	15.45	31.22	0.25	5.3	0.37	6.0	2.4	남	174	9.9	1017.2	-	153	
2019-12-11 00:35:00	11.1	북북서	327	15.43	31.17	0.30	4.9	0.51	4.5	3.2	남남동	166	9.6	1017.1	-	86	
2019-12-11 00:40:00	2.9	북북서	329	15.42	31.18	0.27	4.8	0.40	4.5	2.7	남동	139	8.8	1016.9	-	240	
2019-12-11 00:45:00	4.7	북서	324	15.44	31.20	0.31	5.1	0.40	5.0	1.4	남동	128	9.0	1016.8	-	157	
2019-12-11 00:50:00	2.5	서북서	296	15.44	31.18	0.30	5.1	0.49	4.5	1.7	남남동	161	9.2	1016.8	-	200	
2019-12-11 00:55:00	13.7	북	352	15.49	31.21	0.29	5.7	0.36	5.5	1.7	남	170	9.5	1016.7	-	62	
2019-12-11 01:00:00	6.0	북북서	329	15.50	31.22	0.34	5.1	0.49	4.0	2.7	남	169	10.1	1016.7	-	93	
2019-12-11 01:05:00	5.1	북	357	15.51	31.22	0.28	5.3	0.39	5.5	3.9	남남동	163	10.3	1016.5	-	77	
2019-12-11 01:10:00	8.4	북북서	342	15.52	31.22	0.29	4.9	0.40	4.5	3.8	남남동	152	9.9	1016.4	-	123	
2019-12-11 01:15:00	11.8	북북서	348	15.53	31.22	0.28	4.6	0.44	5.0	2.8	남남동	150	10.3	1016.4	-	284	
2019-12-11 01:20:00	9.5	북북서	344	15.52	31.23	0.27	4.9	0.39	5.5	4.0	남남동	154	10.3	1016.4	-	145	
2019-12-11 01:25:00	5.8	북북서	334	15.53	31.23	0.31	4.8	0.46	5.5	4.7	남	183	10.9	1016.4	-	260	
2019-12-11 01:30:00	4.9	북북서	330	15.53	31.25	0.28	5.1	0.46	4.5	4.7	남	172	9.6	1016.3	-	338	
2019-12-11 01:35:00	7.9	북	351	15.53	31.23	0.32	5.4	0.43	6.5	4.1	남	178	10.7	1016.2	-	99	
2019-12-11 01:40:00	7.3	북	351	15.54	31.22	0.27	4.5	0.41	4.5	4.7	남	169	9.9	1016.2	-	247	
2019-12-11 01:45:00	7.9	북	350	15.53	31.24	0.28	5.3	0.36	5.0	4.3	남남동	163	9.7	1016.1	-	357	
2019-12-11 01:50:00	4.1	북서	321	15.53	31.26	0.30	5.0	0.49	5.0	3.5	남남동	160	10.1	1016.1	-	319	
2019-12-11 01:55:00	-	-	-	-	-	-	-	-	-	-	-	-	-	-	-	-	
2019-12-11 02:00:00	4.8	북북서	333	15.53	31.26	0.27	3.9	0.55	3.9	4.5	남	182	10.9	1016.2	-	247	
2019-12-11 02:05:00	7.3	북	3	15.50	31.13	0.28	4.8	0.42	4.5	4.4	남남동	165	10.4	1016.2	-	160	
2019-12-11 02:10:00	6.8	서북서	292	15.45	31.16	0.28	4.9	0.38	5.0	4.0	남	170	10.3	1016.2	-	178	
2019-12-11 02:15:00	3.8	북동	56	15.46	31.17	0.30	5.2	0.45	5.5	4.5	남	172	11.2	1016.2	-	75	
2019-12-11 02:20:00	8.6	북북서	342	15.48	31.20	0.29	4.8	0.44	4.5	4.4	남남동	154	11.4	1016.1	-	179	
2019-12-11 02:25:00	0.7	동남동	106	15.39	31.09	0.29	5.5	0.48	7.5	5.5	남	182	11.7	1016.0	-	331	
2019-12-11 02:30:00	9.4	북	357	15.35	31.13	0.34	5.4	0.48	4.5	4.6	남	173	11.5	1016.1	-	177	
2019-12-11 02:35:00	11.3	북북서	336	15.28	31.10	0.32	4.6	0.60	5.0	4.6	남	181	11.4	1016.1	-	120	
2019-12-11 02:40:00	11.5	북북서	346	15.21	31.09	0.27	4.6	0.44	4.0	4.6	남	171	11.9	1016.0	-	308	
2019-12-11 02:45:00	13.3	북북서	335	15.18	31.06	0.31	5.1	0.43	5.0	5.2	남	191	11.7	1015.9	-	254	
2019-12-11 02:50:00	18.3	북북서	341	15.19	31.02	0.31	4.6	0.41	5.5	5.1	남남서	203	12.2	1015.8	-	263	
2019-12-11 02:55:00	14.5	북북서	347	15.27	31.05	0.34	4.5	0.52	3.5	4.4	남남서	193	12.2	1015.8	-	351	
2019-12-11 03:00:00	17.5	북북서	348	15.28	31.21	0.33	4.9	0.52	4.5	5.0	남남서	208	12.2	1015.8	-	142	
2019-12-11 03:05:00	17.0	북북서	339	15.40	31.07	0.32	4.6	0.41	5.0	4.8	남남서	205	12.3	1015.7	-	110	
2019-12-11 03:10:00	13.5	북북서	334	15.46	31.18	0.32	4.7	0.49	4.0	3.4	남	176	12.0	1015.7	-	271	
2019-12-11 03:15:00	16.1	북북서	338	15.31	31.18	0.35	4.4	0.58	4.0	3.7	남	181	11.5	1015.6	-	162	
2019-12-11 03:20:00	14.9	북북서	345	15.27	31.10	0.34	4.3	0.47	4.0	3.6	남남동	167	11.7	1015.5	-	243	
2019-12-11 03:25:00	12.5	북북서	336	15.28	31.13	0.35	4.6	0.44	3.5	4.7	남	172	10.9	1015.5	-	269	
2019-12-11 03:30:00	13.2	북북서	345	15.28	31.13	0.32	4.8	0.50	4.0	4.8	남남동	165	11.2	1015.5	-	281	
2019-12-11 03:35:00	12.8	북북서	347	15.34	31.25	0.30	5.0	0.42	4.0	4.4	남동	137	11.2	1015.4	-	191	
2019-12-11 03:40:00	10.0	북북서	336	15.43	31.20	0.32	4.3	0.49	4.5	3.3	남동	141	10.9	1015.5	-	318	
2019-12-11 03:45:00	12.1	북북서	328	15.51	31.18	0.37	4.6	0.56	4.0	3.3	남남동	166	11.0	1015.4	-	286	
2019-12-11 03:50:00	12.3	북북서	332	15.50	31.24	0.34	4.6	0.47	5.0	3.6	남남동	160	10.9	1015.3	-	242	
2019-12-11 03:55:00	12.8	북북서	334	15.56	31.22	0.28	4.4	0.40	4.0	3.8	남동	135	10.6	1015.2	-	265	
2019-12-11 04:00:00	10.4	북북서	328	15.59	31.23	0.31	4.6	0.51	5.0	2.9	남남동	158	11.0	1015.1	-	251	
2019-12-11 04:05:00	9.3	북서	323	15.63	31.25	0.31	5.1	0.45	4.5	3.0	동남동	117	11.3	1015.0	-	62	
2019-12-11 04:10:00	10.6	북서	324	15.61	31.21	0.31	4.3	0.44	4.0	1.8	동남동	108	11.4	1014.9	-	321	
2019-12-11 04:15:00	10.9	북서	317	15.62	31.20	0.30	4.5	0.46	4.5	2.5	동남동	106	11.4	1014.8	-	339	
2019-12-11 04:20:00	10.8	북북서	328	15.58	31.13	0.32	4.7	0.50	4.5	2.4	남동	143	11.6	1014.7	-	47	
2019-12-11 04:25:00	10.8	북서	326	15.60	31.16	0.34	4.6	0.54	4.5	1.9	남동	140	11.7	1014.7	-	296	
2019-12-11 04:30:00	10.3	북서	314	15.66	31.14	0.32	4.2	0.40	7.0	2.7	동남동	111	11.9	1014.6	-	286	
2019-12-11 04:35:00	13.5	북북서	330	15.64	31.21	0.33	4.4	0.49	4.5	1.1	서남서	245	11.9	1014.6	-	298	
2019-12-11 04:40:00	12.3	북북서	330	15.62	31.25	0.33	4.8	0.41	3.5	2.9	남서	234	12.1	1014.5	-	300	
2019-12-11 04:45:00	11.5	북서	321	15.59	31.22	0.36	4.2	0.54	3.5	5.2	남서	232	12.3	1014.3	-	278	
2019-12-11 04:50:00	11.5	북서	322	15.58	31.21	0.32	4.3	0.57	3.0	5.0	남서	222	12.4	1014.3	-	339	
2019-12-11 04:55:00	13.5	북서	321	15.59	31.23	0.35	4.4	0.59	3.5	5.8	남서	230	12.3	1014.1	-	267	
2019-12-11 05:00:00	13.4	북서	318	15.61	31.27	0.36	3.8	0.55	3.0	4.9	남서	227	12.3	1014.1	-	300	
2019-12-11 05:05:00	11.9	북북서	335	15.62	31.25	0.34	4.4	0.49	4.5	6.8	남서	226	12.3	1014.0	-	295	
2019-12-11 05:10:00	10.8	북북서	330	15.62	31.26	0.39	4.0	0.49	3.0	6.1	남서	218	12.3	1014.0	-	305	
2019-12-11 05:15:00	15.7	북서	322	15.62	31.24	0.37	4.1	0.54	3.0	8.7	남서	227	12.5	1013.9	-	291	
2019-12-11 05:20:00	15.8	북북서	332	15.62	31.25	0.32	3.4	0.49	4.0	7.2	남서	227	12.7	1013.9	-	290	
2019-12-11 05:25:00	14.3	북서	323	15.64	31.24	0.38	3.9	0.50	3.5	6.6	남서	229	12.5	1013.9	-	298	
2019-12-11 05:30:00	10.6	북북서	329	15.64	31.25	0.36	4.1	0.50	4.0	7.6	남서	231	12.6	1013.8	-	257	
2019-12-11 05:35:00	11.3	북북서	330	15.62	31.24	0.36	4.2	0.47	4.5	7.4	남서	222	12.7	1013.8	-	279	
2019-12-11 05:40:00	12.6	북북서	348	15.62	31.21	0.32	4.0	0.52	4.5	7.2	남서	227	12.6	1013.7	-	300	
2019-12-11 05:45:00	12.4	북북서	328	15.62	31.22	0.35	4.4	0.47	3.5	7.3	남서	223	12.7	1013.7	-	300	
2019-12-11 05:50:00	15.0	북북서	334	15.61	31.22	0.33	3.7	0.45	3.0	6.8	남서	227	12.7	1013.7	-	358	
2019-12-11 05:55:00	11.3	북북서	337	15.60	31.25	0.35	3.8	0.52	3.0	8.0	남서	226	12.7	1013.6	-	50	
2019-12-11 06:00:00	16.1	북북서	342	15.59	31.26	0.34	4.1	0.50	3.5	8.1	남서	228	13.0	1013.5	-	324	
2019-12-11 06:05:00	15.5	북북서	335	15.59	31.24	0.35	3.9	0.45	5.0	7.7	남서	225	12.8	1013.5	-	120	
2019-12-11 06:10:00	13.8	북북서	333	15.58	31.28	0.36	4.1	0.46	3.5	6.2	남서	223	12.7	1013.6	-	310	
2019-12-11 06:15:00	12.8	북북서	344	15.58	31.27	0.34	3.5	0.45	4.5	6.7	남서	221	12.7	1013.5	-	85	
2019-12-11 06:20:00	16.8	북북서	338	15.57	31.24	0.33	3.6	0.52	3.5	7.1	남서	218	12.8	1013.6	-	141	
2019-12-11 06:25:00	14.1	북북서	345	15.56	31.20	0.32	3.8	0.43	4.0	8.6	남서	220	12.9	1013.5	-	76	
2019-12-11 06:30:00	14.3	북북서	349	15.55	31.26	0.35	4.0	0.58	3.0	5.9	남서	221	12.8	1013.7	-	272	
2019-12-11 06:35:00	13.3	북북서	339	15.55	31.25	0.35	3.7	0.46	3.5	5.4	남서	224	12.7	1013.6	-	257	
2019-12-11 06:40:00	14.9	북북서	335	15.54	31.26	0.32	3.8	0.43	3.0	6.0	남서	226	12.8	1013.6	-	127	
2019-12-11 06:45:00	13.8	북북서	330	15.54	31.24	0.33	3.7	0.54	3.0	7.2	남서	231	13.0	1013.5	-	288	
2019-12-11 06:50:00	13.5	북북서	337	15.54	31.25	0.31	3.9	0.46	3.0	7.3	남서	227	12.9	1013.4	-	317	
2019-12-11 06:55:00	14.1	북	356	15.53	31.26	0.33	3.6	0.46	3.0	7.6	남서	230	13.1	1013.2	-	319	
2019-12-11 07:00:00	16.7	북북서	339	15.52	31.26	0.29	4.2	0.39	3.5	6.3	남서	230	13.0	1013.3	-	323	
2019-12-11 07:05:00	13.6	북북서	332	15.50	31.27	0.30	4.3	0.47	4.5	6.9	남서	223	12.9	1013.3	-	311	
2019-12-11 07:10:00	12.1	북북서	338	15.48	31.26	0.29	4.7	0.41	3.5	6.8	남서	223	13.0	1013.3	-	90	
2019-12-11 07:15:00	12.0	북북서	334	15.47	31.26	0.29	4.0	0.42	3.5	6.5	남서	227	13.0	1013.3	-	48	
2019-12-11 07:20:00	16.9	북북서	343	15.46	31.26	0.31	3.5	0.48	3.0	8.4	남서	236	13.4	1013.1	-	79	
2019-12-11 07:25:00	16.3	북북서	346	15.46	31.27	0.31	3.6	0.41	3.0	5.6	남서	228	13.3	1013.2	-	119	
2019-12-11 07:30:00	17.0	북북서	344	15.46	31.27	0.33	4.2	0.51	3.5	4.5	남서	228	13.1	1013.2	-	38	
2019-12-11 07:35:00	16.8	북북서	334	15.44	31.25	0.28	4.3	0.40	3.0	6.4	남서	229	13.3	1013.1	-	335	
2019-12-11 07:40:00	17.2	북북서	335	15.44	31.27	0.30	4.2	0.45	3.5	5.3	남서	223	13.7	1012.9	-	288	
2019-12-11 07:45:00	17.9	북북서	337	15.43	31.26	0.29	4.0	0.48	5.0	5.1	남서	226	13.6	1013.0	-	266	
2019-12-11 07:50:00	17.6	북북서	331	15.43	31.28	0.34	4.5	0.44	3.0	5.5	서남서	239	13.4	1012.9	-	311	
2019-12-11 07:55:00	16.6	북서	323	15.42	31.28	0.34	4.0	0.42	3.0	8.1	남서	235	13.6	1012.7	-	36	
2019-12-11 08:00:00	17.8	북북서	342	15.41	31.27	0.30	4.0	0.35	4.0	7.5	서남서	240	13.7	1012.6	-	22	
2019-12-11 08:05:00	13.7	북북서	327	15.40	31.29	0.31	4.0	0.41	4.5	5.8	서남서	243	13.5	1012.7	-	102	
2019-12-11 08:10:00	16.2	북북서	328	15.40	31.27	0.31	4.4	0.47	4.0	5.4	남서	228	13.5	1012.7	-	148	
2019-12-11 08:15:00	10.2	북서	319	15.39	31.29	0.32	4.3	0.47	5.0	6.3	남서	220	13.7	1012.6	-	240	
2019-12-11 08:20:00	13.9	서북서	302	15.36	31.27	0.29	4.1	0.40	3.5	7.3	남서	218	13.9	1012.4	-	135	
2019-12-11 08:25:00	15.1	북서	321	15.31	31.25	0.33	4.4	0.49	5.0	6.5	남서	220	13.9	1012.4	-	304	
2019-12-11 08:30:00	18.3	북북서	337	15.31	31.26	0.35	4.5	0.48	6.5	8.9	서남서	237	14.1	1012.2	-	268	
2019-12-11 08:35:00	18.1	북북서	330	15.33	31.26	0.34	4.2	0.50	5.5	6.6	남서	218	14.1	1012.3	-	134	
2019-12-11 08:40:00	14.1	북북서	336	15.36	31.32	0.31	4.5	0.50	4.5	5.6	남서	225	14.1	1012.4	-	89	
2019-12-11 08:45:00	19.8	북북서	337	15.35	31.29	0.34	4.2	0.46	4.0	8.1	남서	236	14.0	1012.3	-	228	
2019-12-11 08:50:00	26.9	북북서	335	15.32	31.32	0.33	4.6	0.48	5.0	9.0	남서	221	14.1	1012.2	-	87	
2019-12-11 08:55:00	26.1	북북서	335	15.35	31.28	0.35	4.3	0.55	3.5	7.9	남서	235	14.1	1012.3	-	149	
2019-12-11 09:00:00	25.7	북북서	338	15.32	31.32	0.33	4.2	0.44	4.0	8.0	남서	236	14.1	1012.4	-	230	
2019-12-11 09:05:00	26.8	북북서	336	15.34	31.32	0.35	4.5	0.49	3.5	7.6	남서	233	14.1	1012.4	-	135	
2019-12-11 09:10:00	23.7	북북서	341	15.35	31.32	0.39	4.3	0.57	3.5	8.1	남서	236	14.1	1012.4	-	224	
2019-12-11 09:15:00	21.6	북북서	332	15.37	31.30	0.33	4.4	0.50	5.0	6.6	남서	234	14.2	1012.4	-	202	
2019-12-11 09:20:00	7.8	북북서	337	15.37	31.33	0.29	3.8	0.44	5.0	6.8	남서	236	14.2	1012.4	-	130	
2019-12-11 09:25:00	13.1	북북서	340	15.35	31.31	0.33	4.9	0.47	5.5	7.9	남서	225	14.3	1012.3	-	270	
2019-12-11 09:30:00	15.5	북북서	346	15.29	31.29	0.33	4.3	0.67	4.0	7.8	남서	221	14.4	1012.2	-	126	
2019-12-11 09:35:00	17.6	북북서	337	15.28	31.26	0.38	4.2	0.53	4.5	6.9	남서	229	14.4	1012.3	-	304	
2019-12-11 09:40:00	11.3	북북서	340	15.29	31.26	0.35	4.2	0.44	2.5	7.6	서남서	241	14.5	1012.2	-	193	
2019-12-11 09:45:00	13.4	북	355	15.30	31.31	0.41	4.8	0.53	4.5	7.6	남서	225	14.5	1012.1	-	142	
2019-12-11 09:50:00	18.4	북북서	347	15.33	31.27	0.38	4.1	0.60	4.0	8.0	남서	235	14.6	1012.0	-	320	
2019-12-11 09:55:00	15.4	북북서	349	15.39	31.30	0.35	4.5	0.46	4.5	8.1	남서	234	14.7	1012.0	-	115	
2019-12-11 10:00:00	18.2	북북서	341	15.41	31.31	0.42	4.3	0.71	5.0	8.6	서남서	237	14.7	1012.0	-	157	
2019-12-11 10:05:00	8.4	북서	317	15.43	31.32	0.38	4.5	0.57	5.0	7.5	서남서	252	14.7	1012.1	-	337	
2019-12-11 10:10:00	23.6	북북서	345	15.43	31.28	0.38	4.5	0.54	4.0	8.5	서남서	254	14.7	1012.0	-	262	
2019-12-11 10:15:00	16.2	북	350	15.45	31.32	0.34	4.5	0.50	5.0	8.5	서남서	244	14.6	1011.9	-	174	
2019-12-11 10:20:00	15.9	북북서	346	15.46	31.32	0.42	4.4	0.71	5.0	8.2	서남서	253	14.6	1011.9	-	131	
2019-12-11 10:25:00	14.6	북북서	337	15.47	31.32	0.35	4.3	0.54	3.0	8.9	서남서	243	14.5	1011.8	-	294	
2019-12-11 10:30:00	21.2	북북서	343	15.47	31.34	0.39	4.3	0.54	3.5	9.8	남서	236	14.6	1011.7	-	59	
2019-12-11 10:35:00	21.9	북북서	344	15.49	31.36	0.32	4.2	0.42	7.0	9.0	서남서	238	14.5	1011.6	-	143	
2019-12-11 10:40:00	20.4	북	349	15.50	31.32	0.35	4.2	0.47	4.0	9.8	서남서	241	14.5	1011.5	-	134	
2019-12-11 10:45:00	14.5	북	355	15.49	31.34	0.30	3.8	0.46	4.0	9.8	남서	234	14.4	1011.5	-	295	
2019-12-11 10:50:00	20.7	북북서	341	15.52	31.38	0.32	4.1	0.40	5.0	11.0	남서	233	14.2	1011.6	-	275	
2019-12-11 10:55:00	24.9	북북서	346	15.53	31.35	0.31	4.0	0.51	5.0	10.6	서남서	242	14.0	1011.6	-	235	
2019-12-11 11:00:00	24.2	북북서	346	15.53	31.36	0.36	4.1	0.50	4.5	10.4	서남서	237	13.9	1011.5	-	222	
2019-12-11 11:05:00	19.1	북북서	347	15.53	31.37	0.32	4.9	0.51	4.5	9.7	서남서	238	14.1	1011.4	-	190	
2019-12-11 11:10:00	21.0	북	351	15.53	31.36	0.31	3.9	0.54	3.5	9.7	서남서	238	14.1	1011.3	-	237	
2019-12-11 11:15:00	18.7	북북서	343	15.53	31.36	0.27	4.8	0.40	4.0	8.2	서남서	244	14.2	1011.4	-	311	
2019-12-11 11:20:00	9.1	북	355	15.53	31.34	0.29	4.7	0.39	3.0	8.7	남서	230	14.2	1011.2	-	271	
2019-12-11 11:25:00	18.5	북	349	15.53	31.35	0.31	4.1	0.53	5.5	9.4	서남서	243	14.3	1011.1	-	238	
2019-12-11 11:30:00	12.5	북	0	15.52	31.34	0.31	4.7	0.44	4.0	9.6	서남서	240	14.3	1011.0	-	281	
2019-12-11 11:35:00	20.1	북북서	342	15.52	31.36	0.32	4.3	0.42	4.5	8.3	서남서	244	14.3	1010.9	-	296	
2019-12-11 11:40:00	6.7	북서	313	15.52	31.37	0.33	4.0	0.42	4.0	7.7	서남서	255	14.3	1010.9	-	313	
2019-12-11 11:45:00	13.3	북북서	340	15.52	31.36	0.30	4.1	0.48	4.0	8.2	서남서	240	14.3	1010.8	-	319	
2019-12-11 11:50:00	12.1	북북서	332	15.51	31.38	0.25	4.5	0.38	5.0	7.5	서남서	255	14.3	1010.7	-	36	
2019-12-11 11:55:00	12.5	북	351	15.51	31.36	0.31	4.8	0.45	5.5	7.0	서남서	240	14.4	1010.6	-	239	
2019-12-11 12:00:00	21.1	북북서	344	15.52	31.35	0.28	3.9	0.49	5.0	8.6	남서	230	14.5	1010.4	-	290	
2019-12-11 12:05:00	16.3	북북서	338	15.51	31.37	0.29	4.4	0.44	7.0	5.7	서남서	246	14.5	1010.4	-	291	
2019-12-11 12:10:00	6.1	북북서	343	15.51	31.37	0.27	4.4	0.47	4.5	6.1	남서	234	14.4	1010.2	-	291	
2019-12-11 12:15:00	6.7	북서	324	15.51	31.38	0.28	4.3	0.35	4.0	4.9	남서	236	14.4	1010.2	-	215	
2019-12-11 12:20:00	10.3	북서	318	15.51	31.38	0.31	4.4	0.45	5.0	8.4	서남서	240	14.3	1010.1	-	307	
2019-12-11 12:25:00	17.2	북북서	337	15.50	31.38	0.28	4.1	0.42	4.0	7.4	남서	232	14.3	1010.1	-	158	
2019-12-11 12:30:00	16.4	북북서	339	15.50	31.38	0.27	4.6	0.37	5.0	6.5	남서	223	14.2	1010.0	-	104	
2019-12-11 12:35:00	13.5	북북서	345	15.50	31.37	0.26	4.6	0.36	4.0	7.5	남서	229	14.2	1009.9	-	240	
2019-12-11 12:40:00	8.8	북북서	337	15.49	31.39	0.24	4.6	0.30	4.5	8.1	남서	228	14.2	1009.9	-	153	
2019-12-11 12:45:00	16.9	북북서	332	15.49	31.39	0.27	4.6	0.44	4.5	8.5	남서	224	14.2	1009.8	-	273	
2019-12-11 12:50:00	14.8	북북서	337	15.49	31.37	0.23	4.4	0.33	4.5	5.5	남서	231	14.2	1009.8	-	94	
2019-12-11 12:55:00	4.3	북북동	30	15.49	31.37	0.25	4.5	0.38	6.0	5.3	남남서	211	14.2	1009.7	-	243	
2019-12-11 13:00:00	12.8	북	354	15.48	31.36	0.23	4.6	0.33	4.0	6.0	남서	219	14.2	1009.7	-	343	
2019-12-11 13:05:00	-	-	-	-	-	-	-	-	-	-	-	-	-	-	-	-	
2019-12-11 13:10:00	11.1	북북서	338	15.49	31.32	0.13	3.6	0.26	3.6	2.7	남서	236	14.3	1009.6	-	115	
2019-12-11 13:15:00	7.2	서북서	298	15.48	31.38	0.24	4.7	0.33	4.5	3.9	서남서	241	14.3	1009.6	-	271	
2019-12-11 13:20:00	5.4	북북서	333	15.48	31.37	0.26	4.4	0.43	4.5	6.4	남서	231	14.3	1009.6	-	167	
2019-12-11 13:25:00	16.7	북	349	15.47	31.37	0.26	4.4	0.44	4.0	8.7	남서	230	14.1	1009.5	-	270	
2019-12-11 13:30:00	14.6	북북서	338	15.48	31.36	0.23	4.3	0.34	5.5	8.5	서남서	241	14.0	1009.4	-	266	
2019-12-11 13:35:00	7.8	북	354	15.46	31.35	0.25	4.6	0.35	4.5	4.7	서	274	14.2	1009.5	-	261	
2019-12-11 13:40:00	8.8	서북서	288	15.46	31.36	0.24	5.0	0.35	6.5	3.8	남서	236	14.4	1009.5	-	152	
2019-12-11 13:45:00	-	-	-	-	-	-	-	-	-	-	-	-	-	-	-	-	
2019-12-11 13:50:00	7.7	북북서	329	15.46	31.33	0.17	3.6	0.35	3.6	8.6	서남서	257	13.9	1009.3	-	141	
2019-12-11 13:55:00	10.2	북서	324	15.44	31.35	0.23	4.7	0.34	4.5	8.9	서	265	13.8	1009.4	-	280	
2019-12-11 14:00:00	4.3	북	359	15.45	31.35	0.22	4.8	0.39	4.5	7.0	서남서	255	13.7	1009.5	-	118	
2019-12-11 14:05:00	4.5	북서	311	15.45	31.35	0.24	4.5	0.33	4.5	7.4	서남서	252	13.6	1009.6	-	205	
2019-12-11 14:10:00	11.4	북북서	345	15.44	31.35	0.21	4.3	0.29	4.0	8.6	서	270	13.4	1009.6	-	287	
2019-12-11 14:15:00	7.2	북	5	15.42	31.35	0.21	4.7	0.25	4.0	7.2	서	267	13.3	1009.6	-	322	
2019-12-11 14:20:00	7.5	북북서	349	15.41	31.36	0.25	4.3	0.35	4.5	9.1	서남서	258	13.2	1009.6	-	20	
2019-12-11 14:25:00	2.8	북북동	20	15.40	31.35	0.22	4.6	0.39	4.0	9.6	서남서	253	13.0	1009.6	-	334	
2019-12-11 14:30:00	5.4	북북서	331	15.40	31.37	0.22	4.9	0.31	4.0	8.8	서남서	246	12.9	1009.7	-	37	
2019-12-11 14:35:00	4.5	북북서	334	15.39	31.35	0.19	4.6	0.30	4.0	9.5	서남서	249	12.8	1009.6	-	303	
2019-12-11 14:40:00	8.9	북	6	15.38	31.36	0.23	4.6	0.28	4.5	9.7	서남서	258	12.5	1009.5	-	312	
2019-12-11 14:45:00	8.6	남동	137	15.37	31.37	0.18	4.8	0.23	4.5	11.1	서남서	258	12.5	1009.6	-	150	
2019-12-11 14:50:00	1.3	북	1	15.36	31.36	0.22	4.0	0.31	5.0	12.0	서남서	250	12.2	1009.6	-	261	
2019-12-11 14:55:00	4.1	동북동	59	15.36	31.36	0.26	4.0	0.39	4.5	9.7	서남서	243	12.3	1009.8	-	179	
2019-12-11 15:00:00	2.2	북	352	15.36	31.35	0.27	3.9	0.36	4.0	9.7	서남서	258	12.3	1009.9	-	135	
2019-12-11 15:05:00	3.1	서북서	286	15.35	31.35	0.24	4.1	0.34	5.5	9.3	서	260	12.3	1009.9	-	128	
2019-12-11 15:10:00	4.5	남	180	15.35	31.35	0.25	4.1	0.32	4.0	8.2	서남서	241	12.2	1009.9	-	91	
2019-12-11 15:15:00	6.8	북서	317	15.34	31.35	0.23	4.3	0.32	4.5	9.7	남서	229	12.1	1009.9	-	140	
2019-12-11 15:20:00	6.6	북	356	15.34	31.35	0.18	4.6	0.24	4.0	9.3	남서	236	12.0	1010.0	-	303	
2019-12-11 15:25:00	1.3	북동	42	15.33	31.35	0.20	5.1	0.27	4.0	8.9	남서	232	11.6	1010.1	-	124	
2019-12-11 15:30:00	5.6	서북서	303	15.33	31.33	0.19	4.6	0.28	4.5	9.2	남서	222	11.6	1010.0	-	146	
2019-12-11 15:35:00	7.9	북	359	15.32	31.34	0.20	4.6	0.30	4.5	7.5	서남서	244	11.5	1010.1	-	205	
2019-12-11 15:40:00	2.5	북	0	15.32	31.36	0.21	4.6	0.33	4.0	7.9	서남서	238	11.6	1010.1	-	126	
2019-12-11 15:45:00	5.0	북북서	340	15.31	31.35	0.17	4.8	0.21	4.0	8.1	남서	225	11.5	1010.0	-	334	
2019-12-11 15:50:00	3.4	북북서	331	15.30	31.36	0.18	4.9	0.27	4.5	7.7	남서	231	11.5	1010.1	-	281	
2019-12-11 15:55:00	3.9	서북서	282	15.29	31.38	0.19	5.0	0.26	5.0	8.2	남서	223	11.3	1010.3	-	129	
2019-12-11 16:00:00	3.2	서	261	15.29	31.38	0.17	4.8	0.24	4.5	9.0	서남서	237	11.2	1010.4	-	277	
2019-12-11 16:05:00	4.3	남동	124	15.27	31.38	0.18	4.8	0.30	5.5	7.2	남서	235	11.2	1010.6	-	157	
2019-12-11 16:10:00	2.1	서	260	15.27	31.39	0.20	5.0	0.33	4.5	8.6	서남서	246	11.1	1010.7	-	190	
2019-12-11 16:15:00	1.7	북북동	11	15.27	31.37	0.19	4.8	0.30	4.5	10.4	남서	236	11.1	1010.7	-	148	
2019-12-11 16:20:00	1.9	북서	321	15.26	31.38	0.18	4.8	0.29	5.0	9.3	남서	233	11.1	1010.8	-	162	
2019-12-11 16:25:00	5.4	북	355	15.26	31.38	0.19	4.7	0.29	4.5	10.1	남서	236	11.1	1010.8	-	13	
2019-12-11 16:30:00	4.1	북서	308	15.25	31.38	0.20	5.2	0.28	5.0	10.0	서남서	249	11.0	1010.9	-	84	
2019-12-11 16:35:00	3.9	서남서	250	15.24	31.37	0.22	4.7	0.31	4.0	7.9	서남서	248	10.8	1011.0	-	125	
2019-12-11 16:40:00	1.0	서남서	239	15.24	31.37	0.21	4.5	0.29	4.5	8.1	서남서	239	10.8	1011.0	-	346	
2019-12-11 16:45:00	6.1	북	9	15.23	31.36	0.19	4.4	0.33	5.5	8.7	서남서	254	10.8	1011.0	-	168	
2019-12-11 16:50:00	0.8	동	96	15.22	31.39	0.23	4.6	0.31	4.5	8.8	서남서	238	10.6	1011.0	-	155	
2019-12-11 16:55:00	2.2	남서	228	15.22	31.39	0.21	4.8	0.31	4.5	10.7	남서	232	10.6	1010.9	-	134	
2019-12-11 17:00:00	4.3	북북서	342	15.21	31.37	0.22	4.4	0.32	4.5	9.6	남서	231	10.4	1011.0	-	154	
2019-12-11 17:05:00	7.7	북	10	15.20	31.37	0.22	4.1	0.39	4.0	9.5	남서	236	10.4	1011.1	-	135	
2019-12-11 17:10:00	4.5	북북서	348	15.20	31.38	0.21	4.3	0.30	4.0	7.9	남서	231	10.2	1011.2	-	141	
2019-12-11 17:15:00	4.0	북	356	15.20	31.38	0.22	4.4	0.30	4.0	8.1	서남서	242	10.2	1011.2	-	281	
2019-12-11 17:20:00	7.4	북동	41	15.20	31.38	0.19	4.7	0.26	4.0	9.0	서남서	253	10.2	1011.2	-	155	
2019-12-11 17:25:00	0.9	북북서	345	15.19	31.38	0.24	4.7	0.34	4.0	8.3	서남서	249	10.1	1011.3	-	157	
2019-12-11 17:30:00	1.7	북	11	15.19	31.39	0.25	4.2	0.35	5.0	7.6	서남서	244	9.9	1011.4	-	342	
2019-12-11 17:35:00	3.3	남동	140	15.18	31.38	0.31	4.4	0.45	4.5	7.3	서남서	241	9.8	1011.5	-	182	
2019-12-11 17:40:00	1.3	북	349	15.17	31.39	0.30	4.3	0.49	4.0	8.5	서남서	238	9.9	1011.6	-	147	
2019-12-11 17:45:00	1.0	동북동	66	15.18	31.37	0.32	4.3	0.56	4.0	8.5	서남서	239	9.9	1011.6	-	154	
2019-12-11 17:50:00	2.1	북동	39	15.18	31.38	0.32	4.0	0.53	4.0	7.8	서남서	240	9.8	1011.7	-	167	
2019-12-11 17:55:00	1.8	북북동	15	15.17	31.38	0.36	4.1	0.55	4.0	8.8	서남서	253	9.9	1011.7	-	154	
2019-12-11 18:00:00	4.1	동북동	75	15.15	31.39	0.34	3.8	0.50	4.0	7.1	서남서	243	9.7	1011.9	-	152	
2019-12-11 18:05:00	2.3	북	0	15.16	31.38	0.30	4.0	0.53	3.5	6.5	서남서	244	9.6	1012.0	-	258	
2019-12-11 18:10:00	2.1	북북동	23	15.15	31.40	0.33	4.0	0.48	4.0	8.6	서남서	246	9.6	1012.0	-	154	
2019-12-11 18:15:00	5.9	동북동	68	15.14	31.38	0.34	4.0	0.52	3.5	8.4	서남서	258	9.7	1012.1	-	125	
2019-12-11 18:20:00	3.2	북	350	15.13	31.38	0.35	3.8	0.53	4.0	8.4	서남서	242	9.5	1012.1	-	160	
2019-12-11 18:25:00	4.4	북	4	15.14	31.38	0.33	3.6	0.48	4.0	9.0	서남서	244	9.5	1012.1	-	207	
2019-12-11 18:30:00	4.4	북동	42	15.14	31.38	0.36	3.8	0.50	3.5	8.7	서남서	245	9.4	1012.2	-	179	
2019-12-11 18:35:00	2.9	남	176	15.14	31.21	0.35	3.8	0.47	4.5	8.6	서남서	246	9.5	1012.3	-	330	
2019-12-11 18:40:00	1.0	남남서	201	15.14	31.23	0.34	3.8	0.58	3.5	7.9	서남서	253	9.2	1012.3	-	135	
2019-12-11 18:45:00	1.0	북	2	15.12	31.23	0.40	4.2	0.67	4.0	8.2	서남서	241	9.1	1012.5	-	323	
2019-12-11 18:50:00	1.9	동	80	15.10	31.25	0.37	3.8	0.57	3.5	7.5	서남서	238	9.0	1012.5	-	175	
2019-12-11 18:55:00	1.8	서	280	15.09	31.27	0.39	4.3	0.55	4.0	8.0	서남서	245	9.1	1012.6	-	324	
2019-12-11 19:00:00	5.6	서북서	297	15.10	31.27	0.35	3.4	0.49	3.0	7.3	서남서	246	9.0	1012.7	-	184	
2019-12-11 19:05:00	8.6	북	0	15.09	31.25	0.36	4.0	0.47	4.5	6.8	서남서	254	9.0	1012.8	-	268	
2019-12-11 19:10:00	3.6	서남서	243	15.08	31.27	0.39	3.8	0.58	4.0	6.6	서남서	243	8.8	1013.0	-	309	
2019-12-11 19:15:00	1.8	남	177	15.07	31.24	0.44	4.2	0.74	5.0	6.8	서남서	250	8.7	1013.2	-	313	
2019-12-11 19:20:00	8.0	서	273	15.06	31.23	0.39	4.1	0.57	4.0	8.5	서남서	240	8.8	1013.1	-	158	
2019-12-11 19:25:00	4.6	남남서	205	15.06	31.23	0.43	3.8	0.74	4.0	7.2	서	271	8.7	1013.3	-	222	
2019-12-11 19:30:00	6.8	북북서	345	15.05	31.23	0.44	4.1	0.59	3.5	9.3	서	273	8.7	1013.2	-	138	
2019-12-11 19:35:00	11.7	북북서	347	15.05	31.23	0.37	4.0	0.57	5.5	7.4	서	259	8.5	1013.3	-	250	
2019-12-11 19:40:00	18.9	북서	316	15.05	31.20	0.42	4.0	0.67	3.5	7.1	서	264	8.5	1013.3	-	147	
2019-12-11 19:45:00	33.6	북동	46	15.03	31.21	0.43	4.3	0.65	3.0	8.3	서	271	8.5	1013.4	-	167	
2019-12-11 19:50:00	47.8	북동	45	15.03	31.22	0.46	3.6	0.60	3.0	8.8	서	267	8.5	1013.5	-	327	
2019-12-11 19:55:00	33.8	북	351	15.04	31.15	0.52	4.1	0.65	4.0	8.9	서	266	8.5	1013.6	-	146	
2019-12-11 20:00:00	7.9	북서	324	15.02	31.18	0.49	3.8	0.77	3.5	7.8	서	267	8.4	1013.8	-	148	
2019-12-11 20:05:00	3.6	북동	48	15.02	31.21	0.59	4.0	0.88	4.0	8.6	서	262	8.2	1013.8	-	163	
2019-12-11 20:10:00	1.1	남남서	193	15.03	31.19	0.48	4.2	0.79	4.0	8.1	서	265	8.2	1014.0	-	169	
2019-12-11 20:15:00	2.0	남동	131	15.02	31.23	0.51	4.2	0.77	4.5	8.0	서	272	8.1	1014.1	-	143	
2019-12-11 20:20:00	9.5	남서	217	15.03	31.21	0.55	4.5	0.82	3.5	7.0	서	277	7.9	1014.2	-	152	
2019-12-11 20:25:00	11.0	남서	224	15.02	31.21	0.63	4.1	0.89	4.0	7.3	서북서	294	7.9	1014.3	-	161	
2019-12-11 20:30:00	7.4	남	186	15.01	31.21	0.60	4.6	0.89	3.5	8.4	서북서	288	7.9	1014.4	-	161	
2019-12-11 20:35:00	2.2	북	1	14.99	31.23	0.61	4.7	0.96	6.0	8.1	서북서	290	7.7	1014.6	-	327	
2019-12-11 20:40:00	11.7	동남동	120	15.01	31.24	0.66	4.6	0.86	3.5	8.1	서북서	297	7.6	1014.6	-	348	
2019-12-11 20:45:00	36.8	북북동	30	15.01	31.26	0.71	4.4	1.04	4.5	8.2	서북서	293	7.3	1014.7	-	153	
2019-12-11 20:50:00	7.3	동북동	78	14.98	31.30	0.80	4.7	1.23	4.5	9.7	북서	304	7.4	1014.7	-	154	
2019-12-11 20:55:00	53.6	동북동	72	14.99	31.29	0.85	4.3	1.29	4.5	9.7	서북서	295	7.2	1014.8	-	331	
2019-12-11 21:00:00	7.4	북북동	21	14.98	31.28	0.81	4.4	1.14	4.0	9.7	서북서	292	7.0	1014.8	-	325	
2019-12-11 21:05:00	9.7	동북동	77	14.97	31.27	0.79	4.4	1.17	4.0	9.7	서북서	298	7.2	1015.0	-	147	
2019-12-11 21:10:00	12.5	북북동	26	14.98	31.29	0.76	4.3	0.95	5.5	8.8	서북서	289	6.9	1015.2	-	330	
2019-12-11 21:15:00	6.2	남남동	147	14.97	31.27	0.74	4.4	1.20	4.0	9.3	서북서	293	6.6	1015.4	-	320	
2019-12-11 21:20:00	2.8	남	180	14.97	31.29	0.75	4.6	0.99	4.0	11.2	서북서	300	6.5	1015.5	-	148	
2019-12-11 21:25:00	1.7	남남동	154	14.95	31.28	0.77	4.8	1.11	5.5	11.2	서북서	298	6.7	1015.5	-	341	
2019-12-11 21:30:00	5.6	남남동	161	14.93	31.30	0.63	4.9	0.83	4.5	11.5	서북서	301	6.4	1015.7	-	346	
2019-12-11 21:35:00	7.2	남동	133	14.92	31.30	0.82	4.8	1.05	5.5	12.5	서북서	295	6.4	1015.6	-	353	
2019-12-11 21:40:00	7.5	남동	128	14.93	31.28	0.74	5.0	0.99	4.5	12.0	서북서	291	6.1	1015.8	-	336	
2019-12-11 21:45:00	7.5	북동	50	14.94	31.30	0.76	4.9	1.16	5.0	13.1	서북서	301	6.2	1015.8	-	160	
2019-12-11 21:50:00	5.7	동남동	113	14.94	31.29	0.90	5.0	1.33	5.0	11.7	서북서	296	6.2	1015.9	-	339	
2019-12-11 21:55:00	5.7	남남동	161	14.93	31.29	0.92	5.1	1.25	5.5	12.6	서북서	296	6.1	1016.0	-	342	
2019-12-11 22:00:00	5.1	남동	140	14.92	31.28	0.90	5.0	1.06	4.5	11.8	서북서	295	6.0	1016.2	-	347	
2019-12-11 22:05:00	5.0	남남동	167	14.91	31.29	1.03	5.9	1.50	6.5	13.4	서북서	298	5.9	1016.1	-	334	
2019-12-11 22:10:00	4.5	남동	128	14.91	31.29	1.07	5.6	1.45	5.5	12.1	서북서	299	5.9	1016.2	-	340	
2019-12-11 22:15:00	4.9	남남동	162	14.91	31.29	1.11	5.4	1.61	6.0	12.2	서북서	301	5.8	1016.3	-	334	
2019-12-11 22:20:00	0.1	동	95	14.90	31.28	1.15	5.4	1.53	6.0	12.3	서북서	299	5.6	1016.5	-	352	
2019-12-11 22:25:00	8.3	남남동	155	14.91	31.28	1.02	6.0	1.47	5.5	12.6	서북서	295	5.6	1016.6	-	353	
2019-12-11 22:30:00	8.7	남	172	14.90	31.28	1.06	5.9	1.48	5.5	11.0	서북서	297	5.4	1016.8	-	345	
2019-12-11 22:35:00	8.5	남	191	14.91	31.28	1.10	5.9	1.42	6.5	11.3	서북서	299	5.3	1017.0	-	333	
2019-12-11 22:40:00	5.7	남동	127	14.90	31.28	1.20	6.1	1.57	6.0	11.6	북서	304	5.5	1017.1	-	353	
2019-12-11 22:45:00	6.6	남동	141	14.89	31.30	1.18	5.9	1.58	6.5	10.4	북서	304	5.2	1017.3	-	322	
2019-12-11 22:50:00	10.5	남남동	150	14.90	31.28	1.19	5.9	1.61	6.0	11.4	북서	305	5.2	1017.4	-	334	
2019-12-11 22:55:00	4.6	남남동	155	14.90	31.28	1.18	5.4	1.56	4.0	11.6	서북서	301	5.0	1017.4	-	335	
2019-12-11 23:00:00	9.3	남	172	14.90	31.28	1.37	6.2	1.84	5.5	12.0	서북서	302	5.3	1017.4	-	343	
2019-12-11 23:05:00	12.4	남동	131	14.87	31.29	1.24	5.9	1.70	5.0	12.8	서북서	298	5.2	1017.4	-	338	
2019-12-11 23:10:00	15.4	남남동	160	14.88	31.28	1.35	6.8	2.19	6.0	12.1	북서	306	5.4	1017.4	-	337	
2019-12-11 23:15:00	14.6	남남동	147	14.85	31.27	1.20	5.9	1.61	6.0	14.3	서북서	300	5.2	1017.4	-	342	
2019-12-11 23:20:00	10.3	남동	141	14.86	31.31	1.20	6.1	2.15	6.0	13.0	서북서	301	5.2	1017.5	-	337	
2019-12-11 23:25:00	12.9	남남동	149	14.86	31.29	1.26	6.0	1.77	6.0	14.1	서북서	301	5.0	1017.6	-	333	
2019-12-11 23:30:00	12.5	남동	142	14.87	31.28	1.30	6.0	1.84	7.5	12.3	서북서	298	4.9	1017.6	-	338	
2019-12-11 23:35:00	7.7	남동	131	14.86	31.31	1.31	6.2	1.92	5.5	12.9	서북서	302	4.9	1017.7	-	334	
2019-12-11 23:40:00	8.0	남동	143	14.85	31.30	1.27	6.5	1.50	6.0	12.7	서북서	299	4.6	1017.8	-	356	
2019-12-11 23:45:00	13.0	남	175	14.81	31.31	1.10	5.8	1.52	6.5	12.5	서북서	294	4.6	1017.8	-	344	
2019-12-11 23:50:00	11.9	남동	125	14.78	31.30	1.25	7.1	1.60	6.5	11.8	서북서	298	4.7	1017.9	-	359	
2019-12-11 23:55:00	12.0	동남동	112	14.78	31.30	1.04	6.5	1.30	6.5	12.4	서북서	298	4.7	1017.9	-	344	
2019-12-12 00:00:00	9.1	동남동	120	14.78	31.30	1.12	6.5	1.36	6.0	12.3	서북서	299	4.7	1018.1	-	346	
2019-12-12 00:05:00	8.7	남동	132	14.75	31.31	1.10	6.7	1.52	6.5	11.9	서북서	297	4.5	1018.1	-	345	
2019-12-12 00:10:00	14.0	남동	125	14.74	31.32	0.96	6.1	1.44	5.5	11.6	서북서	293	4.4	1018.2	-	345	
2019-12-12 00:15:00	10.9	남동	126	14.72	31.28	1.16	6.9	1.45	6.0	11.3	북서	306	4.4	1018.3	-	346	
2019-12-12 00:20:00	12.0	남동	145	14.73	31.30	1.26	7.0	1.81	7.0	12.0	서북서	302	4.2	1018.3	-	353	
2019-12-12 00:25:00	12.6	남동	132	14.72	31.38	1.32	6.6	1.80	7.5	11.7	서북서	297	4.3	1018.3	-	346	
2019-12-12 00:30:00	22.9	남남동	146	14.69	31.35	1.20	6.9	1.52	6.5	13.4	서북서	297	4.2	1018.2	-	343	
2019-12-12 00:35:00	14.5	남동	145	14.71	31.37	1.14	6.8	1.42	6.0	13.3	서북서	289	4.0	1018.1	-	350	
2019-12-12 00:40:00	10.3	남동	141	14.71	31.28	1.08	6.1	1.37	5.5	13.2	서북서	286	4.2	1018.1	-	0	
2019-12-12 00:45:00	17.3	남남동	152	14.71	31.31	1.25	6.5	1.62	6.5	13.2	서북서	286	4.1	1018.0	-	356	
2019-12-12 00:50:00	13.8	남동	145	14.69	31.33	1.15	6.9	1.82	6.5	13.8	서북서	285	4.2	1018.0	-	356	
2019-12-12 00:55:00	14.6	남동	138	14.72	31.32	1.15	5.8	1.75	5.5	12.3	서	279	3.9	1018.1	-	346	
2019-12-12 01:00:00	16.8	남동	141	14.71	31.33	1.23	6.5	1.51	6.0	11.8	서	279	4.0	1018.2	-	350	
2019-12-12 01:05:00	18.0	남남동	150	14.71	31.37	1.26	7.1	1.43	5.5	12.5	서북서	282	3.9	1018.1	-	350	
2019-12-12 01:10:00	19.1	남동	145	14.71	31.34	1.24	6.4	1.38	5.5	11.7	서	274	3.9	1018.2	-	356	
2019-12-12 01:15:00	20.6	남동	140	14.70	31.36	1.11	6.6	1.47	7.0	12.6	서	277	3.7	1018.2	-	324	
2019-12-12 01:20:00	19.1	남남동	147	14.72	31.36	1.20	7.3	1.61	8.5	13.5	서북서	284	3.9	1018.2	-	344	
2019-12-12 01:25:00	19.4	남동	139	14.72	31.33	1.08	6.0	1.32	6.5	11.3	서북서	285	4.0	1018.6	-	343	
2019-12-12 01:30:00	16.9	남남동	153	14.73	31.35	1.13	6.3	1.76	6.5	10.8	서	280	4.0	1018.7	-	352	
2019-12-12 01:35:00	18.4	남동	146	14.74	31.32	1.33	6.5	1.97	6.0	11.1	서북서	289	3.7	1018.8	-	346	
2019-12-12 01:40:00	17.6	남동	142	14.73	31.34	1.02	5.7	1.36	4.5	9.8	서북서	287	3.6	1019.1	-	353	
2019-12-12 01:45:00	17.4	동남동	119	14.72	31.33	1.20	6.1	1.89	7.5	7.7	서북서	293	3.5	1019.4	-	327	
2019-12-12 01:50:00	19.6	남남동	150	14.72	31.36	1.24	6.5	1.71	6.0	7.1	서북서	296	3.6	1019.7	-	347	
2019-12-12 01:55:00	17.9	남동	144	14.73	31.33	1.02	6.4	1.38	6.5	6.9	서북서	297	3.5	1019.8	-	331	
2019-12-12 02:00:00	18.0	남동	142	14.73	31.35	1.09	7.0	1.40	8.5	7.9	북서	314	3.5	1019.9	-	1	
2019-12-12 02:05:00	16.6	남남동	155	14.73	31.37	1.12	6.4	1.49	6.0	7.7	서북서	294	3.3	1020.0	-	336	
2019-12-12 02:10:00	19.1	남남동	151	14.73	31.29	1.05	6.6	1.53	6.0	8.5	서북서	294	3.2	1019.9	-	348	
2019-12-12 02:15:00	15.3	남남동	161	14.74	31.32	0.96	6.7	1.16	7.0	8.5	서북서	288	3.2	1020.0	-	343	
2019-12-12 02:20:00	16.0	남남동	148	14.74	31.34	1.10	6.3	1.47	5.0	8.5	서북서	288	3.1	1020.1	-	346	
2019-12-12 02:25:00	14.1	남남동	148	14.73	31.34	1.06	6.0	1.65	5.5	8.7	서북서	291	3.2	1020.2	-	334	
2019-12-12 02:30:00	15.3	남남동	159	14.72	31.34	1.22	6.5	1.61	7.0	8.1	서북서	293	3.2	1020.2	-	0	
2019-12-12 02:35:00	11.4	남남동	157	14.71	31.38	1.00	7.1	1.52	6.5	8.7	서북서	290	3.2	1020.2	-	351	
2019-12-12 02:40:00	12.2	남남동	154	14.73	31.34	1.07	6.5	1.35	7.0	10.1	서북서	283	3.1	1020.0	-	336	
2019-12-12 02:45:00	15.9	남남동	151	14.70	31.39	1.08	6.7	1.51	7.5	10.8	서	277	3.2	1019.8	-	340	
2019-12-12 02:50:00	18.2	남동	143	14.71	31.36	1.03	6.1	1.32	5.0	11.4	서	273	3.4	1019.7	-	301	
2019-12-12 02:55:00	14.0	남동	137	14.72	31.37	1.03	6.2	1.40	5.5	11.7	서	270	3.4	1019.7	-	337	
2019-12-12 03:00:00	19.4	남남동	149	14.70	31.33	1.09	6.4	1.71	7.0	11.8	서	277	3.4	1019.7	-	355	
2019-12-12 03:05:00	19.2	남남동	154	14.73	31.32	1.17	7.0	1.38	5.5	11.1	서	278	3.4	1019.9	-	357	
2019-12-12 03:10:00	16.5	남남동	150	14.72	31.35	1.00	6.5	1.45	5.0	10.2	서	272	3.4	1020.0	-	344	
2019-12-12 03:15:00	16.4	남남동	154	14.75	31.32	1.07	6.3	1.45	6.5	9.6	서	279	3.5	1020.1	-	346	
2019-12-12 03:20:00	14.3	남남동	159	14.76	31.34	1.07	6.2	1.55	6.0	10.3	서북서	282	3.5	1020.2	-	329	
2019-12-12 03:25:00	16.1	남남동	150	14.76	31.32	1.22	6.7	1.55	7.0	9.0	서북서	284	3.3	1020.4	-	352	
2019-12-12 03:30:00	16.2	남남동	156	14.77	31.32	1.22	5.9	1.74	5.5	9.3	서북서	282	3.4	1020.4	-	341	
2019-12-12 03:35:00	18.8	남남동	157	14.78	31.28	1.23	6.8	1.76	6.5	8.4	서북서	287	3.1	1020.6	-	345	
2019-12-12 03:40:00	17.3	남남동	147	14.78	31.29	1.17	6.7	1.84	6.5	7.6	서북서	287	3.3	1020.6	-	352	
2019-12-12 03:45:00	16.0	남동	141	14.78	31.32	1.07	7.0	1.43	8.0	7.5	서북서	287	3.0	1020.8	-	341	
2019-12-12 03:50:00	15.5	남동	146	14.76	31.29	1.13	6.8	1.51	8.0	6.6	서북서	286	3.0	1021.0	-	352	
2019-12-12 03:55:00	18.4	남남동	162	14.77	31.31	1.11	6.7	1.68	6.5	6.8	서북서	290	2.9	1021.1	-	357	
2019-12-12 04:00:00	20.7	남남동	163	14.78	31.34	1.10	6.4	1.40	7.5	6.4	서북서	295	2.9	1021.2	-	349	
2019-12-12 04:05:00	14.5	남남동	162	14.78	31.33	1.10	6.3	1.53	5.5	6.6	서북서	293	2.7	1021.2	-	329	
2019-12-12 04:10:00	12.6	남남동	153	14.77	31.33	1.08	6.2	1.63	7.0	6.4	서북서	295	2.8	1021.3	-	351	
2019-12-12 04:15:00	16.5	남남동	160	14.78	31.32	1.17	6.0	1.57	5.5	5.8	서북서	296	2.6	1021.3	-	344	
2019-12-12 04:20:00	16.8	남남동	158	14.77	31.33	1.09	6.3	1.47	7.0	6.1	서북서	296	2.8	1021.3	-	350	
2019-12-12 04:25:00	15.3	남남동	157	14.77	31.31	1.32	6.9	1.63	5.0	6.1	서북서	291	2.7	1021.4	-	340	
2019-12-12 04:30:00	17.8	남남동	165	14.77	31.32	1.08	6.3	1.28	6.0	5.3	서북서	296	2.5	1021.6	-	346	
2019-12-12 04:35:00	7.9	남남동	146	14.74	31.28	1.09	6.8	1.30	6.0	5.2	북서	304	2.5	1021.8	-	338	
2019-12-12 04:40:00	8.7	남동	146	14.76	31.32	1.12	6.3	1.38	6.5	4.9	서북서	302	2.6	1021.9	-	357	
2019-12-12 04:45:00	11.3	남남동	168	14.77	31.46	1.20	6.8	1.97	6.5	5.4	서북서	298	2.7	1021.9	-	353	
2019-12-12 04:50:00	14.9	남남동	153	14.76	31.48	1.16	6.2	1.70	7.5	6.6	서북서	288	2.5	1021.9	-	353	
2019-12-12 04:55:00	10.8	남남동	155	14.75	31.47	1.07	6.3	1.43	7.0	7.1	서북서	295	2.7	1021.8	-	350	
2019-12-12 05:00:00	5.3	남남동	156	14.77	31.48	1.19	6.6	1.65	5.5	6.9	서북서	286	2.7	1021.9	-	353	
2019-12-12 05:05:00	11.1	남남동	164	14.76	31.50	0.95	6.0	1.48	6.5	6.8	서북서	285	2.8	1021.9	-	337	
2019-12-12 05:10:00	13.0	남남동	162	14.75	31.48	1.17	6.2	1.41	6.5	6.2	서북서	282	2.8	1022.0	-	338	
2019-12-12 05:15:00	10.8	남남동	157	14.75	31.50	1.11	6.3	1.61	6.5	5.9	서	273	2.6	1022.1	-	356	
2019-12-12 05:20:00	6.9	남남동	160	14.75	31.47	1.15	6.6	1.93	7.0	5.8	서	276	2.4	1022.2	-	345	
2019-12-12 05:25:00	4.9	남동	134	14.74	31.48	1.21	6.7	1.72	7.0	6.0	서	272	2.4	1022.1	-	341	
2019-12-12 05:30:00	7.5	남남동	150	14.74	31.20	1.05	7.0	1.43	6.0	6.3	서	270	2.7	1022.2	-	349	
2019-12-12 05:35:00	10.7	남	180	14.74	31.29	1.14	6.7	1.25	6.0	6.0	서	266	2.6	1022.3	-	356	
2019-12-12 05:40:00	3.7	동남동	120	14.74	31.30	1.12	6.0	1.57	5.5	6.0	서	269	2.4	1022.3	-	338	
2019-12-12 05:45:00	7.0	남남동	151	14.75	31.53	1.10	6.5	1.33	8.5	6.1	서	273	2.6	1022.3	-	342	
2019-12-12 05:50:00	7.3	남동	136	14.74	31.49	1.17	6.8	1.54	6.0	5.9	서	276	2.6	1022.3	-	349	
2019-12-12 05:55:00	10.5	남남동	151	14.73	31.48	1.24	6.6	1.87	6.5	5.9	서	272	2.7	1022.3	-	343	
2019-12-12 06:00:00	3.4	동	98	14.74	31.49	1.24	6.9	1.66	7.0	5.9	서	272	2.9	1022.3	-	357	
2019-12-12 06:05:00	3.9	동	93	14.73	31.49	1.17	6.5	1.44	6.5	6.2	서	269	2.7	1022.4	-	342	
2019-12-12 06:10:00	2.3	동남동	115	14.73	31.50	1.17	6.8	1.66	8.0	5.4	서	266	2.7	1022.5	-	338	
2019-12-12 06:15:00	4.9	동남동	122	14.72	31.47	0.98	6.4	1.25	6.5	5.2	서	263	2.4	1022.6	-	342	
2019-12-12 06:20:00	6.6	동남동	117	14.73	31.48	1.15	6.6	1.61	6.5	5.6	서남서	251	2.1	1022.7	-	358	
2019-12-12 06:25:00	1.6	동남동	118	14.72	31.48	1.20	7.5	1.50	7.5	4.7	서남서	249	1.9	1022.8	-	345	
2019-12-12 06:30:00	8.3	남	171	14.72	31.50	1.10	6.2	1.39	6.0	4.4	서	279	2.4	1022.9	-	345	
2019-12-12 06:35:00	5.0	남	186	14.72	31.48	1.33	7.0	1.58	7.5	5.1	서	279	2.5	1023.0	-	354	
2019-12-12 06:40:00	1.3	남서	236	14.72	31.49	1.33	6.5	1.68	5.5	5.4	서북서	287	2.7	1023.1	-	0	
2019-12-12 06:45:00	3.9	동남동	105	14.72	31.50	1.03	6.4	1.59	7.5	4.7	서	279	3.0	1023.3	-	334	
2019-12-12 06:50:00	4.8	동북동	72	14.71	31.49	1.05	6.7	1.48	7.0	4.2	서남서	249	2.4	1023.4	-	1	
2019-12-12 06:55:00	5.3	동남동	110	14.71	31.46	1.18	7.0	1.98	6.5	3.6	서	260	2.3	1023.5	-	348	
2019-12-12 07:00:00	3.8	남남서	210	14.70	31.51	1.20	6.7	1.59	6.0	3.8	서남서	243	2.3	1023.6	-	12	
2019-12-12 07:05:00	6.4	남남동	148	14.72	31.51	1.24	6.8	1.87	6.5	3.5	남서	231	2.0	1023.7	-	357	
2019-12-12 07:10:00	3.8	북서	309	14.73	31.51	1.38	6.3	2.43	6.5	3.3	서남서	239	2.0	1023.8	-	348	
2019-12-12 07:15:00	3.2	서남서	251	14.73	31.48	1.32	6.8	1.61	8.5	3.8	남서	226	1.9	1023.8	-	348	
2019-12-12 07:20:00	2.6	동남동	121	14.72	31.54	1.21	7.5	1.51	7.5	3.1	남서	234	2.0	1023.9	-	347	
2019-12-12 07:25:00	4.1	남서	223	14.72	31.53	1.29	7.0	1.84	7.5	3.0	서남서	243	1.9	1024.0	-	0	
2019-12-12 07:30:00	3.1	남남서	202	14.72	31.53	1.21	6.7	1.59	7.5	3.0	서남서	245	1.9	1024.1	-	344	
2019-12-12 07:35:00	1.0	남남서	204	14.72	31.52	1.28	7.0	1.45	8.0	3.4	서남서	240	1.6	1024.2	-	357	
2019-12-12 07:40:00	3.0	남남동	150	14.72	31.51	1.23	6.4	2.12	5.5	3.3	남서	232	1.5	1024.3	-	340	
2019-12-12 07:45:00	2.5	남남동	165	14.72	31.51	1.18	6.9	1.45	7.5	3.5	서남서	238	1.7	1024.4	-	6	
2019-12-12 07:50:00	6.1	남서	220	14.72	31.49	1.28	7.0	1.60	7.5	2.6	서남서	248	1.9	1024.6	-	354	
2019-12-12 07:55:00	2.1	남	182	14.71	31.52	1.29	7.3	1.69	7.0	2.9	서남서	237	2.2	1024.7	-	4	
2019-12-12 08:00:00	2.0	남서	224	14.71	31.52	1.19	6.9	1.65	8.0	3.0	서남서	244	2.2	1024.8	-	358	
2019-12-12 08:05:00	7.1	서	260	14.71	31.53	1.19	6.8	1.91	8.0	2.5	남서	235	2.2	1024.9	-	350	
2019-12-12 08:10:00	3.2	북북동	31	14.71	31.54	1.16	6.8	1.72	6.5	1.6	서남서	240	2.4	1025.0	-	10	
2019-12-12 08:15:00	1.4	서남서	242	14.72	31.54	1.22	7.6	1.53	8.0	1.9	서남서	241	2.7	1025.1	-	343	
2019-12-12 08:20:00	3.1	서북서	292	14.72	31.52	1.08	7.1	1.43	6.0	2.1	서남서	253	3.0	1025.1	-	345	
2019-12-12 08:25:00	5.4	서남서	238	14.71	31.53	1.16	6.7	1.56	6.0	1.4	서남서	240	3.2	1025.2	-	330	
2019-12-12 08:30:00	6.6	북서	321	14.71	31.51	1.28	7.2	1.59	8.0	2.1	서	265	3.5	1025.2	-	354	
2019-12-12 08:35:00	2.4	남	186	14.69	31.53	1.05	6.7	1.58	6.5	2.4	서	268	3.5	1025.2	-	0	
2019-12-12 08:40:00	1.2	서남서	251	14.69	31.53	1.26	6.5	1.59	7.0	2.7	서	268	3.8	1025.2	-	345	
2019-12-12 08:45:00	3.0	남남서	201	14.70	31.54	1.16	7.1	1.61	6.5	2.6	서남서	253	3.8	1025.2	-	354	
2019-12-12 08:50:00	3.0	남서	227	14.68	31.51	1.31	7.5	1.66	7.0	3.7	서	260	3.7	1025.3	-	6	
2019-12-12 08:55:00	6.0	서북서	285	14.69	31.52	1.15	6.3	1.57	7.0	3.7	서남서	247	3.7	1025.3	-	353	
2019-12-12 09:00:00	5.5	서	270	14.68	31.54	1.32	7.4	1.96	7.5	3.9	서남서	252	3.6	1025.4	-	349	
2019-12-12 09:05:00	2.7	북서	318	14.68	31.53	1.14	7.1	1.42	8.5	4.7	서	272	4.1	1025.5	-	342	
2019-12-12 09:10:00	2.6	북북서	348	14.69	31.52	1.21	6.3	1.45	6.5	6.2	서북서	283	4.5	1025.5	-	349	
2019-12-12 09:15:00	2.6	남서	219	14.70	31.51	1.19	6.5	1.58	6.5	6.5	서북서	288	4.6	1025.5	-	342	
2019-12-12 09:20:00	3.1	북북서	345	14.70	31.53	1.30	6.5	1.67	6.5	6.5	서북서	288	4.7	1025.6	-	337	
2019-12-12 09:25:00	5.1	서남서	255	14.69	31.53	1.22	7.8	1.35	9.0	6.6	서북서	292	4.9	1025.7	-	343	
2019-12-12 09:30:00	4.0	북서	315	14.70	31.53	1.24	7.1	2.06	7.0	7.1	서북서	289	4.8	1025.7	-	343	
2019-12-12 09:35:00	1.2	북서	314	14.70	31.53	1.15	7.1	1.46	6.5	7.5	서북서	292	4.9	1025.7	-	347	
2019-12-12 09:40:00	0.5	북서	326	14.69	31.52	1.15	6.8	1.59	6.5	8.0	서북서	293	4.9	1025.7	-	346	
2019-12-12 09:45:00	3.8	서남서	242	14.68	31.52	1.13	7.4	1.44	7.0	7.9	서북서	294	5.0	1025.7	-	352	
2019-12-12 09:50:00	2.4	북서	307	14.68	31.52	1.10	6.9	1.59	7.0	8.6	서북서	302	5.1	1025.7	-	355	
2019-12-12 09:55:00	1.2	서	269	14.69	31.51	1.23	7.7	1.57	7.5	8.6	북서	314	5.1	1025.8	-	337	
2019-12-12 10:00:00	6.8	서남서	237	14.69	31.52	1.39	7.3	1.81	8.0	8.9	북서	308	5.2	1025.9	-	354	
2019-12-12 10:05:00	1.7	서	268	14.68	31.51	1.37	7.6	2.19	7.0	8.4	북서	307	5.0	1025.9	-	349	
2019-12-12 10:10:00	2.2	남서	220	14.67	31.54	1.05	6.6	1.21	5.0	7.4	북북서	333	5.0	1025.9	-	354	
2019-12-12 10:15:00	7.1	서북서	284	14.68	31.53	1.23	7.5	1.85	7.5	6.9	북북서	327	5.1	1026.0	-	357	
2019-12-12 10:20:00	3.5	북북서	328	14.67	31.52	1.20	7.0	1.57	7.0	8.0	북서	326	5.0	1026.0	-	1	
2019-12-12 10:25:00	3.8	서남서	244	14.67	31.52	1.19	7.6	1.58	7.0	8.9	북서	322	5.2	1026.0	-	354	
2019-12-12 10:30:00	5.3	남남서	210	14.66	31.53	1.28	7.7	1.73	8.5	7.8	북북서	329	5.4	1026.1	-	10	
2019-12-12 10:35:00	9.0	서남서	249	14.66	31.51	1.15	6.4	1.47	5.5	8.2	북북서	333	5.4	1026.1	-	339	
2019-12-12 10:40:00	0.7	남남서	212	14.67	31.53	1.35	6.7	1.65	6.5	7.5	북북서	329	5.2	1026.1	-	344	
2019-12-12 10:45:00	6.3	서남서	250	14.67	31.52	1.41	6.9	1.69	7.0	6.8	북서	321	5.1	1026.1	-	356	
2019-12-12 10:50:00	4.6	북서	313	14.68	31.50	1.21	7.4	1.58	6.0	7.4	북북서	338	5.2	1026.1	-	349	
2019-12-12 10:55:00	4.9	남남서	205	14.68	31.49	1.24	7.7	1.73	6.5	5.4	북서	310	5.1	1026.1	-	41	
2019-12-12 11:00:00	8.0	서북서	292	14.68	31.51	1.43	7.0	2.02	7.0	6.9	북북서	328	5.4	1026.0	-	352	
2019-12-12 11:05:00	4.7	북서	321	14.68	31.53	1.30	7.5	1.66	7.0	7.1	북서	324	5.3	1025.9	-	347	
2019-12-12 11:10:00	4.2	서	264	14.68	31.51	1.53	8.1	1.81	7.5	6.9	북서	307	5.4	1025.8	-	5	
2019-12-12 11:15:00	2.8	서북서	296	14.67	31.50	1.52	7.5	2.24	6.5	6.5	북서	307	5.4	1025.8	-	356	
2019-12-12 11:20:00	4.6	서북서	289	14.68	31.52	1.17	7.1	1.38	8.0	6.3	북서	310	5.3	1025.8	-	21	
2019-12-12 11:25:00	5.0	북북서	328	14.67	31.51	1.39	7.4	1.79	8.5	7.0	북서	326	5.4	1025.8	-	1	
2019-12-12 11:30:00	2.9	서남서	252	14.68	31.52	1.66	8.0	2.19	8.0	7.0	서북서	300	5.5	1025.8	-	24	
2019-12-12 11:35:00	31.4	동	85	14.68	31.52	1.48	8.7	1.96	9.0	5.0	북서	312	5.4	1025.9	-	29	
2019-12-12 11:40:00	3.1	남서	216	14.68	31.50	1.52	7.9	1.80	7.0	5.4	북서	317	5.5	1025.8	-	10	
2019-12-12 11:45:00	2.6	서	268	14.69	31.50	1.54	7.4	1.89	6.5	5.2	서북서	286	5.5	1025.8	-	10	
2019-12-12 11:50:00	7.3	서	281	14.69	31.52	1.57	8.0	2.00	8.0	6.2	서북서	285	5.7	1025.8	-	30	
2019-12-12 11:55:00	1.9	북서	317	14.68	31.52	1.46	6.8	1.76	7.0	6.2	서북서	292	5.5	1025.7	-	8	
2019-12-12 12:00:00	2.5	북서	304	14.67	31.52	1.43	8.2	1.78	9.0	5.7	서북서	292	5.5	1025.7	-	359	
2019-12-12 12:05:00	6.6	서	267	14.68	31.51	1.42	7.6	1.96	6.5	6.0	서북서	299	5.6	1025.6	-	354	
2019-12-12 12:10:00	3.8	남남서	212	14.69	31.50	1.68	7.9	2.18	8.0	6.2	북서	317	5.8	1025.6	-	12	
2019-12-12 12:15:00	9.7	북서	308	14.69	31.51	1.50	8.0	2.12	7.5	5.1	북서	311	5.7	1025.6	-	8	
2019-12-12 12:20:00	9.2	서남서	242	14.69	31.53	1.48	6.8	1.99	8.0	4.7	서북서	295	5.8	1025.5	-	22	
2019-12-12 12:25:00	8.8	서	278	14.68	31.52	1.55	8.5	2.04	9.0	5.0	북북서	332	5.7	1025.4	-	7	
2019-12-12 12:30:00	3.4	서	259	14.70	31.52	1.30	7.5	1.70	7.0	6.1	북북서	328	5.8	1025.3	-	1	
2019-12-12 12:35:00	9.2	서	265	14.70	31.51	1.50	8.7	1.83	7.5	6.4	북북서	330	6.0	1025.1	-	10	
2019-12-12 12:40:00	18.1	남서	228	14.70	31.53	1.37	7.4	1.89	10.0	5.9	서북서	291	5.8	1025.1	-	16	
2019-12-12 12:45:00	9.8	북서	316	14.70	31.52	1.43	7.2	1.70	8.0	6.1	북서	306	6.1	1025.0	-	3	
2019-12-12 12:50:00	8.3	서남서	252	14.71	31.50	1.76	7.9	2.60	8.0	6.6	북서	307	6.2	1025.0	-	25	
2019-12-12 12:55:00	9.5	서	271	14.70	31.53	1.33	8.0	2.22	7.5	5.7	북서	311	6.1	1025.1	-	26	
2019-12-12 13:00:00	13.9	서북서	293	14.71	31.54	1.51	8.5	2.00	8.0	5.0	북서	319	6.1	1025.1	-	347	
2019-12-12 13:05:00	15.8	서	260	14.70	31.51	1.27	7.9	1.59	7.5	5.4	서북서	300	6.2	1025.0	-	40	
2019-12-12 13:10:00	11.0	서	272	14.70	31.53	1.63	8.5	1.96	7.5	5.3	서북서	303	6.2	1025.0	-	28	
2019-12-12 13:15:00	11.2	서	276	14.69	31.52	1.45	7.6	1.88	7.5	4.9	북서	322	6.1	1025.0	-	0	
2019-12-12 13:20:00	14.8	서남서	257	14.69	31.51	1.44	7.5	2.01	7.0	5.7	북서	325	6.1	1025.0	-	13	
2019-12-12 13:25:00	19.6	서북서	291	14.69	31.51	1.74	7.6	2.66	7.0	5.0	북서	319	6.3	1025.0	-	12	
2019-12-12 13:30:00	15.9	서북서	295	14.69	31.51	1.68	8.7	1.97	8.0	5.6	북서	312	6.4	1025.0	-	21	
2019-12-12 13:35:00	21.7	서	280	14.69	31.51	1.56	7.3	2.07	7.5	5.7	북서	304	6.4	1025.0	-	17	
2019-12-12 13:40:00	8.3	서북서	298	14.68	31.53	1.60	7.5	2.16	6.5	4.9	북서	312	6.3	1025.0	-	22	
2019-12-12 13:45:00	32.6	서	277	14.69	31.53	1.58	8.0	2.68	8.5	4.9	북북서	327	6.4	1025.0	-	23	
2019-12-12 13:50:00	25.2	서	278	14.75	31.52	1.67	7.6	2.37	8.0	5.6	북서	311	6.4	1024.9	-	9	
2019-12-12 13:55:00	42.9	북서	315	14.77	31.48	1.55	8.2	1.96	8.0	4.8	북서	304	6.6	1025.0	-	28	
2019-12-12 14:00:00	22.2	북서	304	14.78	31.50	1.52	7.7	1.98	8.5	4.9	북서	304	6.5	1025.0	-	350	
2019-12-12 14:05:00	1.7	북동	36	14.79	31.50	1.88	8.8	2.77	8.5	4.4	북서	309	6.4	1025.1	-	26	
2019-12-12 14:10:00	20.0	북북서	335	14.79	31.48	1.61	8.0	2.52	7.0	4.0	북서	312	6.6	1025.0	-	0	
2019-12-12 14:15:00	21.2	북서	319	14.79	31.50	1.62	8.0	2.08	7.5	5.0	서북서	284	6.6	1025.0	-	18	
2019-12-12 14:20:00	25.3	북서	307	14.79	31.49	1.49	8.1	2.11	8.0	4.4	서북서	298	6.5	1025.0	-	21	
2019-12-12 14:25:00	22.8	북	359	14.79	31.49	1.78	8.6	3.04	7.5	5.3	서북서	294	6.5	1025.0	-	31	
2019-12-12 14:30:00	28.8	북북서	340	14.78	31.49	1.87	8.5	3.19	8.5	5.1	서북서	300	6.6	1025.0	-	27	
2019-12-12 14:35:00	35.8	북	352	14.79	31.50	2.32	8.9	2.62	9.0	4.2	서북서	297	6.5	1025.1	-	28	
2019-12-12 14:40:00	44.9	서북서	290	14.79	31.53	1.44	8.0	1.79	9.5	4.9	서북서	301	6.6	1025.1	-	24	
2019-12-12 14:45:00	57.8	북	357	14.78	31.50	1.97	8.0	2.42	8.0	4.9	북서	310	6.4	1025.2	-	2	
2019-12-12 14:50:00	15.8	북서	306	14.78	31.51	2.33	9.6	2.65	9.5	4.2	북서	325	6.4	1025.2	-	32	
2019-12-12 14:55:00	23.0	북북서	344	14.78	31.51	1.97	8.5	2.52	8.0	5.2	북서	322	6.6	1025.2	-	20	
2019-12-12 15:00:00	60.3	북	355	14.76	31.49	1.68	8.3	2.40	9.0	4.2	북서	314	6.7	1025.3	-	23	
2019-12-12 15:05:00	61.4	북북서	345	14.76	31.51	2.13	8.5	3.48	9.0	5.7	북서	312	6.5	1025.3	-	22	
2019-12-12 15:10:00	42.1	서	275	14.76	31.49	2.55	9.4	3.46	9.0	4.6	서북서	302	6.5	1025.3	-	32	
2019-12-12 15:15:00	51.3	서북서	301	14.75	31.50	2.25	8.7	3.02	8.0	5.7	북서	306	6.6	1025.3	-	39	
2019-12-12 15:20:00	16.7	북서	321	14.76	31.50	2.18	9.1	2.82	10.0	5.6	북서	309	6.6	1025.3	-	36	
2019-12-12 15:25:00	26.9	북북서	338	14.75	31.50	2.36	8.7	2.66	8.5	5.5	서북서	294	6.8	1025.4	-	22	
2019-12-12 15:30:00	17.8	북북서	337	14.73	31.48	2.47	8.9	4.22	8.5	5.3	서북서	288	6.7	1025.5	-	30	
2019-12-12 15:35:00	24.2	북동	38	14.74	31.49	1.86	9.1	2.81	9.5	4.9	서	263	6.7	1025.6	-	35	
2019-12-12 15:40:00	30.1	서	280	14.73	31.48	1.69	8.1	2.47	8.5	2.5	남서	220	6.7	1025.8	-	30	
2019-12-12 15:45:00	35.5	북북서	343	14.72	31.46	1.58	8.6	1.90	8.0	0.9	서남서	256	6.9	1025.7	-	26	
2019-12-12 15:50:00	37.3	북서	309	14.77	31.49	2.28	8.8	2.71	9.0	1.2	남서	231	7.2	1025.8	-	30	
2019-12-12 15:55:00	41.0	북북서	331	14.79	31.47	1.79	8.7	2.27	9.0	2.6	남서	225	6.9	1025.8	-	51	
2019-12-12 16:00:00	43.6	서북서	286	14.78	31.49	1.70	8.2	2.14	10.5	3.6	서남서	242	6.4	1025.8	-	35	
2019-12-12 16:05:00	80.0	북서	306	14.79	31.48	2.16	7.9	2.71	7.5	2.9	서	269	6.6	1025.8	-	22	
2019-12-12 16:10:00	54.9	북북서	341	14.80	31.44	2.46	8.3	2.87	8.5	4.6	남서	234	6.3	1025.8	-	43	
2019-12-12 16:15:00	39.9	서북서	287	14.80	31.46	1.63	8.8	1.90	7.0	4.0	서남서	244	6.1	1025.9	-	32	
2019-12-12 16:20:00	70.1	북북서	344	14.81	31.48	2.12	9.4	2.66	8.0	5.0	서남서	240	6.3	1025.9	-	26	
2019-12-12 16:25:00	32.4	북북서	342	14.81	31.48	1.92	9.1	2.82	8.0	5.5	남서	215	6.0	1025.9	-	31	
2019-12-12 16:30:00	24.6	북	355	14.80	31.47	1.90	8.0	2.15	10.0	5.9	남남서	213	6.0	1025.9	-	30	
2019-12-12 16:35:00	17.5	북북서	338	14.80	31.49	1.70	8.1	2.23	7.5	5.8	남서	215	5.9	1026.0	-	44	
2019-12-12 16:40:00	27.8	북북서	334	14.82	31.48	1.81	9.3	2.37	8.5	5.7	서남서	239	5.8	1026.0	-	35	
2019-12-12 16:45:00	15.2	북서	319	14.82	31.48	1.76	8.5	2.15	9.0	4.8	서남서	246	5.6	1026.0	-	43	
2019-12-12 16:50:00	13.8	북북서	334	14.85	31.47	2.07	8.8	2.70	8.0	4.9	서남서	257	5.4	1026.1	-	42	
2019-12-12 16:55:00	12.1	북북서	334	14.85	31.45	1.69	8.1	2.60	8.5	4.5	서남서	257	5.5	1026.2	-	24	
2019-12-12 17:00:00	15.7	북서	324	14.84	31.47	1.67	8.4	2.54	7.5	4.0	서	260	5.6	1026.3	-	34	
2019-12-12 17:05:00	14.6	북북서	340	14.84	31.47	2.11	8.8	2.55	8.0	3.0	서남서	244	5.2	1026.4	-	40	
2019-12-12 17:10:00	13.8	북북서	346	14.83	31.50	1.82	8.0	2.47	8.5	3.7	남서	234	5.2	1026.5	-	30	
2019-12-12 17:15:00	13.7	북서	318	14.82	31.47	1.44	8.1	1.77	8.0	4.6	남서	224	5.3	1026.5	-	34	
2019-12-12 17:20:00	12.1	북북서	330	14.80	31.48	2.25	8.7	3.07	9.0	4.4	남서	221	5.3	1026.5	-	29	
2019-12-12 17:25:00	14.7	북서	320	14.85	31.48	1.83	8.6	2.62	8.0	3.3	남남서	207	5.1	1026.6	-	44	
2019-12-12 17:30:00	18.6	북서	319	14.84	31.48	1.82	8.8	2.78	8.0	3.3	남서	228	5.3	1026.6	-	33	
2019-12-12 17:35:00	16.5	북서	317	14.88	31.47	1.59	7.7	2.02	9.0	4.8	남서	224	5.4	1026.6	-	48	
2019-12-12 17:40:00	14.1	북서	323	14.89	31.45	1.69	8.0	2.01	7.5	5.2	남서	231	5.2	1026.7	-	44	
2019-12-12 17:45:00	14.7	북서	309	14.90	31.41	1.79	8.8	2.41	8.5	4.6	서남서	257	5.2	1026.7	-	49	
2019-12-12 17:50:00	16.8	북북서	332	14.86	31.42	1.71	9.0	2.21	8.5	4.2	서	267	5.1	1026.7	-	44	
2019-12-12 17:55:00	16.1	북북서	343	14.86	31.42	1.53	9.1	2.01	8.5	4.0	서	270	5.1	1026.8	-	41	
2019-12-12 18:00:00	13.6	북서	326	14.85	31.47	1.70	8.1	1.98	9.0	2.7	서	264	4.9	1026.8	-	17	
2019-12-12 18:05:00	16.7	북북서	331	14.83	31.49	1.92	8.5	2.80	8.0	3.0	서남서	247	4.9	1026.9	-	33	
2019-12-12 18:10:00	12.4	북서	317	14.82	31.48	1.52	8.0	2.09	8.0	3.6	서남서	250	4.9	1026.9	-	13	
2019-12-12 18:15:00	14.8	북북서	327	14.82	31.48	1.69	8.6	2.21	9.0	3.8	서남서	240	4.5	1026.9	-	48	
2019-12-12 18:20:00	15.4	북서	316	14.84	31.49	1.60	8.3	1.99	7.5	3.7	서남서	249	4.5	1027.0	-	36	
2019-12-12 18:25:00	9.3	북서	321	14.81	31.48	1.61	8.6	1.73	10.5	3.2	서남서	241	4.4	1027.0	-	32	
2019-12-12 18:30:00	13.2	북북서	333	14.81	31.46	1.78	7.9	2.82	9.0	3.2	서남서	239	4.5	1027.1	-	31	
2019-12-12 18:35:00	14.8	북서	318	14.79	31.44	1.60	8.4	2.00	7.0	4.3	서남서	244	4.3	1027.1	-	40	
2019-12-12 18:40:00	16.0	북서	324	14.77	31.45	1.49	9.1	1.97	8.5	4.7	서남서	254	4.2	1027.1	-	44	
2019-12-12 18:45:00	13.0	북서	310	14.78	31.49	1.68	8.3	2.21	9.5	4.8	서남서	257	4.2	1027.2	-	37	
2019-12-12 18:50:00	11.9	북서	322	14.79	31.48	1.66	7.9	2.39	9.0	4.9	서남서	247	4.3	1027.3	-	34	
2019-12-12 18:55:00	9.5	서북서	302	14.78	31.49	1.71	8.7	2.32	7.5	4.8	서남서	249	4.4	1027.4	-	43	
2019-12-12 19:00:00	8.8	북서	312	14.77	31.50	1.48	8.1	1.80	8.5	4.6	서남서	248	4.3	1027.5	-	24	
2019-12-12 19:05:00	7.4	북서	308	14.76	31.50	1.83	8.2	2.51	8.0	4.6	서남서	257	4.3	1027.5	-	46	
2019-12-12 19:10:00	11.7	북서	307	14.75	31.49	1.51	8.7	1.94	8.0	4.3	서남서	254	4.3	1027.5	-	27	
2019-12-12 19:15:00	14.8	북서	315	14.74	31.51	1.68	8.0	2.18	8.5	3.8	서남서	253	4.3	1027.5	-	46	
2019-12-12 19:20:00	12.5	북서	317	14.75	31.49	1.46	8.7	1.74	7.0	4.1	서남서	256	4.4	1027.5	-	35	
2019-12-12 19:25:00	12.8	북서	323	14.76	31.50	1.46	8.8	1.85	8.5	4.4	서	262	4.1	1027.6	-	44	
2019-12-12 19:30:00	7.4	북서	304	14.77	31.49	1.54	7.8	2.07	7.5	3.7	서남서	257	4.0	1027.6	-	36	
2019-12-12 19:35:00	8.4	북서	317	14.75	31.48	1.84	8.6	2.22	9.0	2.9	서남서	243	3.9	1027.7	-	28	
2019-12-12 19:40:00	12.9	서북서	303	14.76	31.47	1.61	8.6	2.24	8.5	2.3	남서	224	3.9	1027.8	-	34	
2019-12-12 19:45:00	14.3	북서	310	14.76	31.38	1.49	8.2	2.21	8.0	2.6	남서	217	3.7	1027.8	-	44	
2019-12-12 19:50:00	14.3	북서	307	14.77	31.42	1.75	8.1	2.20	9.0	3.1	남서	227	3.8	1027.7	-	26	
2019-12-12 19:55:00	15.3	서북서	297	14.77	31.43	1.59	8.0	2.14	8.0	3.3	서남서	238	3.7	1027.8	-	39	
2019-12-12 20:00:00	13.8	북서	314	14.77	31.44	1.67	9.1	1.94	9.5	2.8	남서	233	3.8	1027.9	-	38	
2019-12-12 20:05:00	13.9	북서	317	14.76	31.46	1.42	8.1	2.32	7.5	2.9	남서	231	3.8	1027.9	-	39	
2019-12-12 20:10:00	13.7	북서	320	14.77	31.43	1.65	8.2	1.96	7.0	3.1	서남서	241	3.7	1027.9	-	33	
2019-12-12 20:15:00	12.6	서북서	302	14.78	31.41	1.34	7.8	1.55	8.0	4.0	남서	232	3.8	1027.9	-	42	
2019-12-12 20:20:00	13.2	서북서	290	14.78	31.40	1.48	8.0	1.66	7.5	4.4	남서	229	3.7	1027.9	-	18	
2019-12-12 20:25:00	14.7	북서	311	14.76	31.45	1.72	8.1	2.39	8.0	4.5	남서	228	3.6	1027.9	-	36	
2019-12-12 20:30:00	14.7	북서	308	14.76	31.46	1.53	8.1	2.03	7.5	4.5	남서	230	3.7	1028.1	-	30	
2019-12-12 20:35:00	11.4	서북서	300	14.76	31.45	1.41	8.4	1.80	8.0	4.1	남서	234	3.7	1028.1	-	36	
2019-12-12 20:40:00	13.8	북서	306	14.74	31.44	1.44	8.2	1.99	8.0	4.3	남서	230	3.7	1028.1	-	25	
2019-12-12 20:45:00	10.8	북서	312	14.75	31.44	1.30	7.9	1.76	7.5	4.6	남서	232	3.7	1028.1	-	29	
2019-12-12 20:50:00	12.0	북서	309	14.73	31.41	1.48	7.1	2.03	7.0	4.6	남서	229	3.6	1028.1	-	17	
2019-12-12 20:55:00	11.0	서북서	290	14.76	31.40	1.71	8.0	2.19	8.0	5.0	남서	230	3.7	1028.1	-	34	
2019-12-12 21:00:00	10.5	서북서	303	14.74	31.43	1.32	7.1	2.11	7.5	4.2	남서	225	3.5	1028.2	-	27	
2019-12-12 21:05:00	14.9	서북서	298	14.72	31.42	1.46	7.8	2.42	7.5	3.8	남서	228	3.5	1028.2	-	41	
2019-12-12 21:10:00	9.2	서북서	296	14.71	31.41	1.60	7.7	2.60	7.5	3.0	남서	227	3.5	1028.1	-	5	
2019-12-12 21:15:00	11.2	서북서	295	14.72	31.42	1.34	7.8	1.46	7.5	3.7	남서	226	3.5	1028.1	-	36	
2019-12-12 21:20:00	10.6	서북서	302	14.72	31.43	1.36	7.9	1.78	8.0	4.0	남서	234	3.5	1028.1	-	29	
2019-12-12 21:25:00	14.0	서북서	303	14.70	31.42	1.35	7.5	2.47	7.5	4.7	남서	232	3.6	1028.2	-	44	
2019-12-12 21:30:00	12.7	서북서	301	14.71	31.40	1.46	7.5	1.83	7.0	4.3	남서	229	3.6	1028.3	-	12	
2019-12-12 21:35:00	8.0	서북서	299	14.71	31.40	1.40	7.5	1.68	7.0	4.3	남서	225	3.6	1028.3	-	21	
2019-12-12 21:40:00	10.6	서북서	298	14.69	31.44	1.34	8.6	1.82	7.0	4.4	남서	232	3.4	1028.3	-	30	
2019-12-12 21:45:00	11.5	서북서	302	14.68	31.44	1.41	7.4	2.07	6.5	5.0	남서	236	3.4	1028.3	-	41	
2019-12-12 21:50:00	7.8	북서	305	14.66	31.47	1.54	7.8	2.20	7.5	5.5	서남서	240	3.5	1028.2	-	23	
2019-12-12 21:55:00	6.8	서북서	297	14.68	31.44	1.25	7.6	1.56	8.5	5.5	서남서	237	3.5	1028.3	-	36	
2019-12-12 22:00:00	9.0	서북서	284	14.66	31.46	1.46	7.3	2.05	7.0	5.2	남서	232	3.4	1028.4	-	14	
2019-12-12 22:05:00	10.4	북서	308	14.66	31.46	1.68	6.9	1.92	6.5	5.0	남서	229	3.3	1028.4	-	6	
2019-12-12 22:10:00	9.2	북서	308	14.63	31.44	1.22	7.8	1.66	7.5	5.0	서남서	238	3.3	1028.3	-	36	
2019-12-12 22:15:00	8.6	북서	312	14.63	31.46	1.22	6.8	1.67	6.5	6.2	서남서	242	3.5	1028.2	-	355	
2019-12-12 22:20:00	7.5	서북서	290	14.62	31.46	1.23	7.2	1.70	7.0	5.6	서남서	250	3.2	1028.3	-	31	
2019-12-12 22:25:00	6.7	북서	313	14.61	31.44	1.24	7.9	1.73	7.0	5.0	남서	235	3.2	1028.5	-	24	
2019-12-12 22:30:00	5.4	서북서	300	14.60	31.42	1.19	8.0	1.93	7.0	4.9	남서	230	3.4	1028.5	-	30	
2019-12-12 22:35:00	7.8	북서	324	14.60	31.46	1.42	7.5	1.98	7.0	4.4	남서	234	3.1	1028.4	-	30	
2019-12-12 22:40:00	7.3	서북서	302	14.59	31.43	1.30	7.5	1.68	7.0	4.3	서남서	237	3.3	1028.5	-	39	
2019-12-12 22:45:00	8.2	서	273	14.58	31.43	1.63	7.6	1.97	7.5	4.7	남서	233	3.5	1028.5	-	29	
2019-12-12 22:50:00	3.5	북서	312	14.58	31.43	1.68	7.5	2.37	6.5	5.5	남서	228	3.4	1028.5	-	25	
2019-12-12 22:55:00	5.2	북북서	331	14.56	31.44	1.28	8.0	1.59	8.5	5.3	남서	228	3.5	1028.5	-	38	
2019-12-12 23:00:00	7.5	북서	319	14.57	31.44	1.22	7.4	2.04	7.0	5.1	남서	225	3.2	1028.6	-	38	
2019-12-12 23:05:00	3.6	북북서	344	14.57	31.44	1.34	7.0	1.70	7.0	5.2	남서	228	3.2	1028.6	-	36	
2019-12-12 23:10:00	1.6	북서	310	14.57	31.42	1.22	7.2	1.62	7.0	5.7	남서	233	3.3	1028.5	-	13	
2019-12-12 23:15:00	5.5	북서	317	14.56	31.45	1.31	7.0	1.71	7.0	4.6	서남서	240	3.2	1028.3	-	353	
2019-12-12 23:20:00	2.6	북북서	340	14.57	31.44	1.16	6.8	1.37	6.5	5.2	남서	236	3.4	1028.3	-	15	
2019-12-12 23:25:00	6.7	북북서	336	14.57	31.46	1.30	7.2	1.78	7.5	4.7	남서	227	3.2	1028.3	-	3	
2019-12-12 23:30:00	8.1	북북서	331	14.58	31.44	1.40	7.2	1.71	7.0	5.0	남서	228	3.1	1028.3	-	20	
2019-12-12 23:35:00	3.9	북서	305	14.58	31.42	1.18	7.4	1.34	6.5	5.3	남서	228	3.1	1028.4	-	33	
2019-12-12 23:40:00	5.8	북북서	340	14.57	31.43	1.06	6.8	1.44	6.5	5.1	남서	228	3.1	1028.4	-	16	
2019-12-12 23:45:00	6.5	북	349	14.58	31.45	1.01	7.6	1.35	7.0	5.5	남서	229	3.1	1028.4	-	22	
2019-12-12 23:50:00	6.0	북	350	14.57	31.43	1.15	7.0	1.42	7.0	6.4	남서	225	3.1	1028.4	-	50	
2019-12-12 23:55:00	6.8	북북서	330	14.56	31.45	1.31	7.7	1.83	7.0	7.2	남서	225	3.2	1028.3	-	21	
2019-12-13 00:00:00	5.7	북북서	342	14.55	31.44	1.31	7.3	1.68	8.0	6.8	남서	228	3.4	1028.3	-	37	
2019-12-13 00:05:00	8.0	북	356	14.55	31.42	1.28	7.0	1.74	6.5	6.8	남서	224	3.4	1028.3	-	27	
2019-12-13 00:10:00	6.9	북	2	14.54	31.44	0.92	6.7	1.31	8.0	6.5	남서	228	3.2	1028.2	-	11	
2019-12-13 00:15:00	8.2	북북서	328	14.55	31.42	1.29	7.3	1.69	7.0	6.2	남서	224	3.0	1028.1	-	28	
2019-12-13 00:20:00	5.3	북북서	345	14.55	31.46	1.30	7.8	1.86	7.0	5.6	남서	233	3.2	1028.1	-	35	
2019-12-13 00:25:00	13.3	북	3	14.56	31.43	1.28	7.4	1.82	7.0	5.7	남서	225	3.3	1028.0	-	39	
2019-12-13 00:30:00	11.5	북북서	345	14.54	31.42	0.96	7.0	1.38	7.5	6.2	남서	229	3.2	1027.9	-	53	
2019-12-13 00:35:00	5.9	북	358	14.55	31.43	1.07	7.6	1.55	6.5	5.8	남서	228	3.2	1027.9	-	23	
2019-12-13 00:40:00	9.7	북북서	348	14.56	31.43	1.05	6.6	1.67	7.0	5.7	남서	228	3.1	1028.0	-	0	
2019-12-13 00:45:00	6.8	북북동	14	14.55	31.43	1.04	7.2	1.44	8.0	5.7	남서	232	2.9	1028.0	-	30	
2019-12-13 00:50:00	9.5	북	2	14.56	31.42	1.20	7.5	1.88	6.5	6.2	남서	227	3.0	1027.9	-	17	
2019-12-13 00:55:00	3.2	북북동	13	14.53	31.43	1.31	7.4	1.66	7.0	6.0	남서	231	3.0	1027.9	-	41	
2019-12-13 01:00:00	9.8	북	350	14.53	31.45	1.15	7.2	1.58	7.5	5.6	남서	234	3.2	1027.9	-	30	
2019-12-13 01:05:00	4.8	북북서	347	14.53	31.47	1.11	7.0	1.83	6.5	6.2	남서	231	3.1	1028.0	-	19	
2019-12-13 01:10:00	12.6	북	7	14.51	31.45	1.00	6.9	1.67	7.5	6.5	남서	227	3.2	1027.9	-	13	
2019-12-13 01:15:00	7.5	북북서	335	14.53	31.45	1.09	7.5	1.47	8.0	6.5	남서	236	3.1	1028.0	-	33	
2019-12-13 01:20:00	7.9	북	358	14.52	31.44	0.87	7.0	1.27	8.0	6.4	남서	236	3.0	1028.1	-	41	
2019-12-13 01:25:00	13.1	북	4	14.50	31.44	0.99	6.7	1.28	7.5	6.6	남서	230	2.9	1028.0	-	16	
2019-12-13 01:30:00	11.1	북	7	14.50	31.42	0.99	7.2	1.36	6.0	6.5	남서	231	2.9	1028.0	-	19	
2019-12-13 01:35:00	6.1	북	358	14.48	31.44	1.02	7.3	1.45	7.0	6.2	남서	233	2.9	1028.0	-	18	
2019-12-13 01:40:00	9.6	북	11	14.48	31.42	1.10	7.5	1.75	5.5	6.5	남서	231	2.8	1027.9	-	17	
2019-12-13 01:45:00	13.9	북북서	343	14.47	31.44	1.04	7.2	1.87	6.5	6.7	남서	233	2.9	1027.9	-	15	
2019-12-13 01:50:00	10.7	북	2	14.46	31.42	1.07	6.7	1.40	7.0	7.0	남서	231	2.9	1027.9	-	30	
2019-12-13 01:55:00	11.0	북	356	14.45	31.46	1.25	7.4	1.98	7.5	6.9	남서	232	2.9	1027.9	-	26	
2019-12-13 02:00:00	9.6	북	9	14.43	31.47	0.88	7.3	1.31	8.0	6.7	남서	229	2.9	1027.9	-	27	
2019-12-13 02:05:00	12.6	북	355	14.42	31.47	1.15	7.0	1.68	6.5	7.1	남서	229	2.9	1027.9	-	21	
2019-12-13 02:10:00	5.2	북북서	349	14.43	31.46	0.87	7.0	1.24	7.0	6.7	남서	226	3.0	1027.9	-	49	
2019-12-13 02:15:00	11.3	북	6	14.43	31.45	1.14	6.8	1.67	6.0	6.5	남서	228	2.9	1027.9	-	10	
2019-12-13 02:20:00	9.3	북북서	347	14.41	31.47	0.95	7.3	1.26	7.0	7.0	남서	232	3.0	1027.9	-	38	
2019-12-13 02:25:00	8.6	북북서	347	14.42	31.45	1.14	7.4	1.69	7.5	6.7	서남서	237	2.8	1027.9	-	9	
2019-12-13 02:30:00	10.8	북	353	14.40	31.45	0.96	7.4	1.23	6.5	5.6	남서	234	2.7	1027.8	-	34	
2019-12-13 02:35:00	6.5	북	352	14.42	31.45	1.11	7.7	1.51	7.5	5.4	남서	229	2.8	1027.8	-	45	
2019-12-13 02:40:00	8.4	북북서	349	14.42	31.47	0.85	7.0	1.27	6.5	5.5	서남서	241	2.8	1027.9	-	35	
2019-12-13 02:45:00	7.9	북북서	347	14.43	31.45	1.03	7.3	1.44	6.0	5.7	남서	233	2.8	1027.8	-	28	
2019-12-13 02:50:00	8.6	북	349	14.42	31.45	0.97	7.0	1.24	7.0	6.6	서남서	240	2.8	1027.8	-	49	
2019-12-13 02:55:00	6.2	북북서	331	14.42	31.45	1.08	7.2	1.41	7.5	6.7	서남서	241	2.8	1027.9	-	47	
2019-12-13 03:00:00	16.9	북북서	347	14.36	31.35	0.84	6.8	1.33	6.5	7.1	서남서	241	2.7	1027.8	-	32	
2019-12-13 03:05:00	22.4	북북서	345	14.35	31.38	1.04	7.6	1.25	7.5	7.1	남서	236	2.8	1027.7	-	12	
2019-12-13 03:10:00	19.1	북북서	346	14.33	31.39	0.93	6.4	1.44	6.5	6.8	서남서	239	2.7	1027.7	-	33	
2019-12-13 03:15:00	15.2	북북서	347	14.35	31.42	0.98	6.8	1.18	6.5	6.8	남서	236	2.9	1027.7	-	38	
2019-12-13 03:20:00	18.0	북북서	344	14.36	31.43	0.92	7.1	1.27	7.5	7.2	남서	235	3.0	1027.6	-	54	
2019-12-13 03:25:00	19.3	북북서	343	14.37	31.40	0.93	7.0	1.30	6.5	7.6	남서	233	2.9	1027.5	-	31	
2019-12-13 03:30:00	17.7	북	352	14.38	31.41	1.07	7.7	1.95	7.0	7.7	남서	233	3.0	1027.5	-	37	
2019-12-13 03:35:00	16.7	북	354	14.40	31.43	0.85	7.0	1.02	7.0	7.5	남서	230	3.0	1027.6	-	41	
2019-12-13 03:40:00	14.6	북	355	14.40	31.41	1.22	7.3	1.82	7.5	7.6	남서	227	3.2	1027.5	-	20	
2019-12-13 03:45:00	17.3	북북서	345	14.40	31.41	1.05	7.0	1.37	7.0	7.8	남서	227	2.9	1027.5	-	35	
2019-12-13 03:50:00	17.1	북북서	343	14.40	31.40	0.79	7.0	1.08	8.0	6.8	남서	224	2.8	1027.5	-	42	
2019-12-13 03:55:00	16.0	북북서	339	14.41	31.42	0.99	7.3	1.63	7.5	6.4	남서	230	2.7	1027.6	-	34	
2019-12-13 04:00:00	12.9	북북서	344	14.43	31.43	1.04	7.1	1.21	7.0	6.4	남서	230	2.8	1027.6	-	60	
2019-12-13 04:05:00	10.6	북북서	332	14.43	31.42	1.21	7.6	1.49	6.5	6.0	남서	230	2.8	1027.6	-	35	
2019-12-13 04:10:00	11.0	북북서	338	14.44	31.41	0.86	7.3	1.10	7.5	6.3	남서	228	2.8	1027.6	-	4	
2019-12-13 04:15:00	16.2	북북서	342	14.44	31.42	0.89	6.7	1.16	6.0	5.6	남서	228	2.7	1027.7	-	40	
2019-12-13 04:20:00	13.0	북서	324	14.45	31.43	0.75	6.7	0.91	7.0	5.0	남서	227	2.7	1027.7	-	26	
2019-12-13 04:25:00	10.6	북북서	335	14.44	31.41	0.97	7.3	1.31	7.0	5.3	남서	226	2.6	1027.6	-	29	
2019-12-13 04:30:00	8.7	북북서	327	14.43	31.38	0.78	7.3	1.13	7.5	5.7	남서	224	2.7	1027.5	-	32	
2019-12-13 04:35:00	14.9	북북서	335	14.43	31.40	0.83	7.2	1.32	6.0	6.1	남서	222	2.7	1027.5	-	40	
2019-12-13 04:40:00	11.4	북북서	335	14.42	31.41	0.88	7.6	1.17	7.0	6.2	남서	225	2.8	1027.4	-	47	
2019-12-13 04:45:00	10.7	북북서	342	14.41	31.42	0.97	6.9	1.42	6.5	6.5	남서	227	2.9	1027.4	-	59	
2019-12-13 04:50:00	12.6	북북서	346	14.42	31.39	0.80	7.2	1.10	6.5	6.4	남서	231	3.0	1027.4	-	44	
2019-12-13 04:55:00	13.0	북북서	333	14.43	31.42	0.74	6.6	0.91	6.5	6.8	남서	233	3.1	1027.3	-	37	
2019-12-13 05:00:00	12.2	북북서	330	14.43	31.36	0.88	6.8	1.16	6.5	6.7	남서	235	3.2	1027.2	-	5	
2019-12-13 05:05:00	11.4	북북서	330	14.42	31.37	1.00	7.3	1.31	8.0	6.2	남서	228	3.2	1027.2	-	59	
2019-12-13 05:10:00	13.5	북서	325	14.41	31.37	0.85	7.1	1.32	7.0	6.1	남서	230	3.2	1027.2	-	12	
2019-12-13 05:15:00	13.8	북북서	348	14.40	31.38	0.90	7.3	1.34	7.0	6.2	남서	230	3.1	1027.2	-	354	
2019-12-13 05:20:00	11.6	북북서	330	14.43	31.39	0.81	7.2	1.01	6.5	5.5	남서	228	3.1	1027.1	-	23	
2019-12-13 05:25:00	11.9	북서	323	14.43	31.36	0.88	6.8	1.24	7.0	5.6	남서	225	3.1	1027.0	-	17	
2019-12-13 05:30:00	10.3	북북서	327	14.43	31.35	0.88	7.3	1.21	7.0	6.1	남서	228	3.1	1027.0	-	28	
2019-12-13 05:35:00	9.9	북북서	330	14.41	31.41	0.73	6.7	1.10	7.5	6.2	남서	233	3.0	1027.0	-	38	
2019-12-13 05:40:00	11.2	북북서	331	14.43	31.41	0.83	6.5	1.13	6.0	6.1	남서	231	3.1	1027.1	-	31	
2019-12-13 05:45:00	12.4	북북서	340	14.42	31.42	0.89	7.1	1.12	6.5	6.0	남서	231	3.2	1027.0	-	37	
2019-12-13 05:50:00	7.1	북서	312	14.46	31.42	0.82	7.1	1.04	7.0	6.1	남서	227	3.1	1027.0	-	39	
2019-12-13 05:55:00	6.7	북북서	337	14.46	31.39	0.71	6.6	1.11	6.0	6.4	남서	227	3.2	1027.0	-	45	
2019-12-13 06:00:00	10.0	북북서	334	14.45	31.41	0.90	7.5	1.12	6.0	6.9	남서	232	3.2	1027.0	-	42	
2019-12-13 06:05:00	10.5	북북서	331	14.44	31.38	0.85	6.8	1.32	7.0	6.2	남서	234	3.3	1027.0	-	37	
2019-12-13 06:10:00	8.4	북서	319	14.42	31.42	0.86	7.1	1.28	6.5	6.6	서남서	238	3.2	1027.0	-	33	
2019-12-13 06:15:00	5.8	북북서	329	14.44	31.42	0.78	6.6	1.30	6.0	6.5	남서	232	3.1	1026.9	-	19	
2019-12-13 06:20:00	4.3	북서	309	14.42	31.43	0.67	6.7	0.91	7.5	6.0	남서	232	3.1	1027.0	-	33	
2019-12-13 06:25:00	10.9	북북서	331	14.41	31.45	0.77	7.2	1.15	6.5	5.9	남서	235	3.1	1027.0	-	34	
2019-12-13 06:30:00	5.6	북서	319	14.41	31.46	0.67	6.7	0.94	6.5	6.1	서남서	237	3.2	1027.1	-	28	
2019-12-13 06:35:00	9.2	북서	320	14.42	31.45	0.66	6.8	0.89	5.5	6.0	남서	235	3.2	1027.1	-	14	
2019-12-13 06:40:00	6.3	서북서	297	14.42	31.42	0.66	6.5	0.87	7.0	5.5	남서	233	3.3	1027.0	-	43	
2019-12-13 06:45:00	7.4	북서	325	14.41	31.41	0.72	6.7	0.90	6.5	5.4	서남서	237	3.2	1027.0	-	53	
2019-12-13 06:50:00	9.3	북서	312	14.42	31.45	0.77	6.4	1.12	6.0	5.5	서남서	237	3.1	1027.0	-	17	
2019-12-13 06:55:00	9.5	북서	314	14.41	31.44	0.69	6.5	1.04	6.0	5.6	남서	229	3.1	1027.0	-	33	
2019-12-13 07:00:00	8.2	북북서	339	14.40	31.43	0.89	6.7	1.35	6.5	5.6	남서	228	3.0	1027.0	-	10	
2019-12-13 07:05:00	6.0	북북서	327	14.40	31.42	0.77	7.0	0.90	7.0	5.3	남서	227	3.0	1027.0	-	2	
2019-12-13 07:10:00	8.5	북서	322	14.40	31.42	0.83	6.7	1.13	6.5	5.3	남서	222	2.9	1026.8	-	35	
2019-12-13 07:15:00	7.4	북서	316	14.41	31.44	0.82	7.0	1.01	7.5	5.1	남서	222	3.1	1026.8	-	31	
2019-12-13 07:20:00	5.1	북서	320	14.40	31.43	0.87	7.0	1.30	6.0	5.0	남서	229	2.9	1026.9	-	41	
2019-12-13 07:25:00	5.9	북북서	347	14.41	31.44	0.63	6.8	1.16	6.0	5.5	남서	228	2.9	1026.8	-	34	
2019-12-13 07:30:00	6.7	북북서	340	14.42	31.45	0.64	6.5	0.91	6.5	5.7	남서	223	2.9	1026.8	-	59	
2019-12-13 07:35:00	7.7	북북서	334	14.43	31.45	0.68	6.5	0.87	7.0	5.6	남서	226	2.8	1026.9	-	14	
2019-12-13 07:40:00	4.3	북북서	345	14.44	31.45	0.58	6.8	0.77	6.5	5.0	남서	226	2.9	1026.9	-	32	
2019-12-13 07:45:00	6.7	서북서	298	14.43	31.46	0.70	6.6	0.91	7.0	4.9	남서	226	3.0	1026.9	-	34	
2019-12-13 07:50:00	7.6	북북서	333	14.41	31.45	0.73	6.7	1.01	6.5	5.0	남서	228	3.2	1027.0	-	16	
2019-12-13 07:55:00	9.3	북서	325	14.43	31.44	0.61	6.5	0.92	7.5	5.5	남서	227	3.4	1026.9	-	27	
2019-12-13 08:00:00	6.4	북북서	330	14.43	31.44	0.75	6.8	0.98	6.5	5.0	남서	224	3.3	1027.0	-	56	
2019-12-13 08:05:00	5.4	북북서	334	14.42	31.41	0.65	7.0	1.01	6.5	5.2	남서	225	3.5	1026.9	-	48	
2019-12-13 08:10:00	5.1	북서	319	14.42	31.44	0.61	6.8	0.91	6.5	5.0	남서	223	3.4	1026.9	-	3	
2019-12-13 08:15:00	7.4	북서	326	14.43	31.44	0.80	6.7	1.46	6.5	5.7	남서	229	3.7	1026.9	-	36	
2019-12-13 08:20:00	7.4	북서	321	14.43	31.43	0.80	7.0	1.37	5.5	5.2	남서	225	3.7	1026.9	-	42	
2019-12-13 08:25:00	3.4	서북서	286	14.43	31.43	0.70	6.3	0.92	6.0	5.7	남서	226	3.8	1026.9	-	358	
2019-12-13 08:30:00	7.2	북서	321	14.42	31.43	0.60	6.9	0.83	6.5	6.0	남서	230	3.8	1026.9	-	12	
2019-12-13 08:35:00	3.7	북서	313	14.42	31.44	0.74	6.9	0.92	7.5	6.1	남서	235	4.1	1026.9	-	27	
2019-12-13 08:40:00	4.4	북북서	339	14.42	31.44	0.68	6.5	0.86	6.5	5.7	남서	236	4.1	1026.9	-	17	
2019-12-13 08:45:00	2.5	북북서	346	14.41	31.44	0.70	7.0	0.96	6.0	6.0	남서	236	4.1	1026.9	-	4	
2019-12-13 08:50:00	1.6	북북동	13	14.40	31.44	0.62	6.5	0.76	7.5	5.3	서남서	237	4.1	1026.9	-	33	
2019-12-13 08:55:00	6.0	북북서	344	14.39	31.44	0.68	6.5	1.09	5.0	5.7	남서	232	4.2	1026.8	-	35	
2019-12-13 09:00:00	4.6	북북서	335	14.39	31.45	0.70	6.3	0.83	6.5	5.8	남서	231	4.2	1026.7	-	4	
2019-12-13 09:05:00	4.8	북북서	344	14.39	31.46	0.60	7.2	0.88	6.0	6.2	남서	227	4.2	1026.7	-	30	
2019-12-13 09:10:00	5.2	북북서	340	14.40	31.45	0.62	7.3	0.89	7.5	6.3	남서	232	4.3	1026.7	-	51	
2019-12-13 09:15:00	5.4	북	4	14.39	31.44	0.55	6.7	0.79	8.5	5.8	남서	234	4.2	1026.7	-	2	
2019-12-13 09:20:00	3.3	북서	323	14.39	31.45	0.70	6.2	0.92	6.0	5.9	남서	233	4.2	1026.8	-	12	
2019-12-13 09:25:00	0.6	서남서	258	14.40	31.46	0.68	7.2	0.87	7.5	6.1	남서	231	4.4	1026.8	-	36	
2019-12-13 09:30:00	3.4	북북서	343	14.40	31.47	0.70	7.2	0.98	6.5	6.0	남서	230	4.4	1026.8	-	28	
2019-12-13 09:35:00	1.9	북북동	29	14.40	31.44	0.56	6.1	0.82	6.5	6.3	남서	229	4.2	1026.8	-	2	
2019-12-13 09:40:00	5.7	북	9	14.38	31.45	0.62	7.0	0.77	5.0	6.6	남서	229	4.3	1026.8	-	346	
2019-12-13 09:45:00	5.1	북	9	14.38	31.47	0.63	6.5	1.09	7.0	6.4	남서	231	4.3	1026.9	-	20	
2019-12-13 09:50:00	2.1	북	0	14.39	31.46	0.67	6.8	0.91	7.0	6.5	남서	236	4.2	1027.0	-	27	
2019-12-13 09:55:00	5.2	북북서	349	14.39	31.45	0.58	6.3	0.79	8.0	5.5	서남서	237	4.2	1027.1	-	10	
2019-12-13 10:00:00	0.5	남남서	212	14.40	31.45	0.66	7.0	0.90	6.5	5.8	서남서	240	4.2	1027.1	-	43	
2019-12-13 10:05:00	1.9	서남서	255	14.39	31.44	0.66	6.5	0.99	6.5	6.0	서남서	237	4.2	1027.0	-	7	
2019-12-13 10:10:00	1.0	북북동	20	14.40	31.47	0.65	6.7	0.90	6.5	5.4	서남서	237	4.2	1027.0	-	32	
2019-12-13 10:15:00	3.0	동북동	68	14.39	31.47	0.52	6.2	0.80	6.0	5.7	서남서	239	4.3	1026.9	-	337	
2019-12-13 10:20:00	3.2	북북서	340	14.38	31.47	0.63	6.7	0.79	7.0	5.8	서남서	238	4.4	1026.8	-	331	
2019-12-13 10:25:00	1.7	북동	54	14.39	31.47	0.56	7.1	0.82	7.0	5.8	서남서	239	4.4	1026.8	-	336	
2019-12-13 10:30:00	1.5	남남서	213	14.39	31.48	0.55	6.7	0.70	7.5	6.1	남서	235	4.5	1026.7	-	2	
2019-12-13 10:35:00	2.5	남동	141	14.39	31.47	0.67	6.3	0.93	7.0	6.0	서남서	239	4.5	1026.7	-	352	
2019-12-13 10:40:00	3.6	남동	125	14.38	31.48	0.58	6.4	0.77	5.5	5.6	서남서	238	4.6	1026.7	-	354	
2019-12-13 10:45:00	0.2	서북서	290	14.38	31.48	0.53	6.6	0.81	8.0	5.4	서남서	245	4.6	1026.6	-	54	
2019-12-13 10:50:00	1.4	서북서	289	14.39	31.46	0.62	6.6	0.89	7.0	5.3	서남서	239	4.7	1026.5	-	3	
2019-12-13 10:55:00	1.9	남남서	194	14.39	31.46	0.57	6.3	0.74	6.5	5.4	서남서	243	4.7	1026.5	-	2	
2019-12-13 11:00:00	2.4	북동	38	14.39	31.47	0.62	6.0	1.04	5.5	5.1	서남서	237	4.8	1026.5	-	15	
2019-12-13 11:05:00	0.5	남서	215	14.38	31.48	0.52	7.1	0.85	6.5	4.9	서남서	240	5.0	1026.4	-	329	
2019-12-13 11:10:00	3.1	남	191	14.39	31.45	0.64	6.5	0.89	6.5	4.7	남서	235	5.1	1026.3	-	48	
2019-12-13 11:15:00	3.2	동	95	14.38	31.47	0.72	6.4	1.05	7.0	4.9	남서	234	5.1	1026.3	-	26	
2019-12-13 11:20:00	2.2	남서	219	14.38	31.48	0.65	6.4	1.02	6.0	5.3	서남서	238	5.3	1026.3	-	347	
2019-12-13 11:25:00	3.5	서남서	247	14.37	31.47	0.59	6.7	1.00	6.5	5.3	남서	236	5.3	1026.2	-	76	
2019-12-13 11:30:00	1.1	남남동	151	14.37	31.48	0.55	6.4	0.84	6.5	4.4	서남서	239	5.5	1026.2	-	18	
2019-12-13 11:35:00	0.5	동	79	14.37	31.47	0.66	7.4	0.96	5.5	4.0	남서	236	5.5	1026.1	-	9	
2019-12-13 11:40:00	3.4	동남동	120	14.36	31.49	0.53	5.8	0.77	6.5	3.6	남서	228	5.7	1026.0	-	18	
2019-12-13 11:45:00	1.9	남	178	14.37	31.47	0.60	6.5	0.81	6.5	3.4	서남서	238	5.8	1026.0	-	37	
2019-12-13 11:50:00	1.0	동	91	14.35	31.48	0.55	6.8	0.74	5.5	3.3	남서	235	5.8	1025.9	-	44	
2019-12-13 11:55:00	5.6	남동	141	14.34	31.47	0.63	6.4	0.93	6.0	3.5	남서	235	5.8	1025.8	-	31	
2019-12-13 12:00:00	5.3	동남동	119	14.35	31.48	0.53	6.6	0.66	7.0	3.5	서남서	237	6.0	1025.8	-	41	
2019-12-13 12:05:00	4.9	남남동	151	14.34	31.46	0.56	6.6	0.84	6.0	3.0	남서	228	6.0	1025.7	-	33	
2019-12-13 12:10:00	4.3	남남동	159	14.36	31.48	0.54	6.6	0.77	7.5	2.7	남서	233	6.1	1025.7	-	23	
2019-12-13 12:15:00	7.7	남남동	164	14.35	31.48	0.63	6.7	0.95	6.0	2.6	서남서	243	6.3	1025.6	-	329	
2019-12-13 12:20:00	4.8	남남동	148	14.36	31.48	0.54	7.0	0.69	8.5	2.7	서남서	244	6.5	1025.5	-	54	
2019-12-13 12:25:00	4.5	남남동	150	14.35	31.48	0.60	5.9	0.90	6.0	2.9	서남서	243	6.6	1025.4	-	6	
2019-12-13 12:30:00	5.6	남남동	154	14.35	31.48	0.62	6.7	0.76	6.0	2.9	서남서	243	6.5	1025.3	-	17	
2019-12-13 12:35:00	6.5	남동	127	14.35	31.48	0.67	6.5	0.86	6.0	2.3	서남서	257	6.6	1025.3	-	43	
2019-12-13 12:40:00	5.6	남동	136	14.34	31.47	0.64	6.1	0.91	7.5	2.2	서	260	6.6	1025.2	-	354	
2019-12-13 12:45:00	6.4	남남동	167	14.33	31.49	0.65	7.2	0.78	6.5	1.7	서	265	6.7	1025.1	-	50	
2019-12-13 12:50:00	4.5	남남동	148	14.34	31.49	0.54	5.4	0.68	6.0	1.3	서	273	6.7	1024.9	-	344	
2019-12-13 12:55:00	7.0	남남동	169	14.33	31.47	0.59	6.2	0.91	6.0	1.7	서	267	6.9	1024.8	-	11	
2019-12-13 13:00:00	5.7	남남동	151	14.34	31.49	0.60	6.3	0.75	5.0	2.0	서남서	252	7.1	1024.8	-	26	
2019-12-13 13:05:00	8.5	남동	136	14.34	31.49	0.57	6.0	0.82	4.5	1.4	서남서	258	7.4	1024.8	-	359	
2019-12-13 13:10:00	9.1	남동	140	14.35	31.49	0.57	6.5	0.75	5.5	1.7	서남서	251	7.4	1024.6	-	34	
2019-12-13 13:15:00	8.5	남동	145	14.35	31.48	0.52	6.6	0.63	7.0	1.7	서	273	7.6	1024.6	-	349	
2019-12-13 13:20:00	8.4	남	170	14.34	31.51	0.55	6.7	0.65	7.0	1.5	서	261	7.9	1024.5	-	32	
2019-12-13 13:25:00	10.8	남남동	163	14.34	31.49	0.53	6.2	0.81	7.0	1.7	서	261	8.3	1024.3	-	52	
2019-12-13 13:30:00	8.6	남동	144	14.35	31.48	0.64	6.7	1.04	7.0	1.5	서	280	8.6	1024.2	-	39	
2019-12-13 13:35:00	9.4	남남동	155	14.35	31.49	0.63	5.7	0.81	5.0	1.6	서북서	297	8.7	1024.1	-	7	
2019-12-13 13:40:00	5.2	남남동	153	14.35	31.48	0.55	5.9	0.80	4.5	1.2	서북서	293	8.9	1024.1	-	55	
2019-12-13 13:45:00	10.2	남남동	167	14.35	31.49	0.44	6.1	0.57	8.5	0.8	서북서	289	9.1	1024.0	-	57	
2019-12-13 13:50:00	9.3	남	181	14.35	31.50	0.54	5.9	0.69	6.5	1.4	서북서	300	8.9	1023.9	-	33	
2019-12-13 13:55:00	28.5	남	179	14.35	31.48	0.50	6.0	0.63	5.5	3.5	서	274	8.9	1023.8	-	351	
2019-12-13 14:00:00	6.0	남남동	164	14.35	31.50	0.45	6.4	0.68	7.0	4.6	서남서	254	9.3	1023.7	-	20	
2019-12-13 14:05:00	5.5	남남동	164	14.35	31.48	0.52	5.7	0.80	6.0	2.8	북북서	331	8.9	1023.7	-	350	
2019-12-13 14:10:00	14.2	남동	132	14.36	31.47	0.51	5.3	0.67	5.0	1.9	서북서	297	9.1	1023.6	-	273	
2019-12-13 14:15:00	11.1	남남서	199	14.35	31.48	0.44	5.9	0.64	6.0	3.0	서북서	284	9.1	1023.5	-	338	
2019-12-13 14:20:00	5.4	남동	132	14.38	31.49	0.60	6.3	0.86	5.5	4.9	서남서	246	9.3	1023.3	-	21	
2019-12-13 14:25:00	3.5	남남서	193	14.42	31.50	0.59	6.7	0.83	6.0	5.1	서남서	240	9.5	1023.1	-	24	
2019-12-13 14:30:00	4.8	남남서	196	14.44	31.51	0.51	5.8	0.85	7.0	4.9	서남서	241	9.4	1023.0	-	353	
2019-12-13 14:35:00	7.4	남서	218	14.46	31.50	0.54	5.8	0.72	6.0	5.1	서남서	239	9.4	1023.1	-	2	
2019-12-13 14:40:00	5.7	남남서	202	14.46	31.48	0.52	6.4	0.66	4.5	5.7	서남서	240	9.4	1023.1	-	33	
2019-12-13 14:45:00	7.1	남남서	203	14.46	31.50	0.56	5.8	0.89	5.0	5.3	서남서	241	9.4	1023.1	-	53	
2019-12-13 14:50:00	4.4	남서	216	14.48	31.50	0.59	6.3	0.83	4.0	5.1	서남서	239	9.4	1023.0	-	85	
2019-12-13 14:55:00	4.1	남서	217	14.49	31.49	0.54	6.0	0.77	8.5	5.0	서남서	238	9.4	1023.0	-	40	
2019-12-13 15:00:00	2.1	남남동	166	14.49	31.48	0.55	5.4	0.69	7.0	5.5	서남서	240	9.4	1023.2	-	51	
2019-12-13 15:05:00	7.7	남남서	214	14.49	31.48	0.44	5.9	0.67	5.0	5.0	서남서	248	9.5	1023.1	-	323	
2019-12-13 15:10:00	3.3	남서	223	14.48	31.48	0.54	6.2	0.67	5.5	5.4	서남서	240	9.5	1023.1	-	62	
2019-12-13 15:15:00	3.6	서남서	249	14.49	31.49	0.49	5.4	0.78	4.0	5.8	남서	235	9.5	1023.0	-	40	
2019-12-13 15:20:00	6.2	남서	226	14.49	31.50	0.54	6.2	0.69	5.0	5.7	남서	231	9.6	1023.0	-	30	
2019-12-13 15:25:00	3.1	남서	222	14.50	31.49	0.49	5.5	0.72	7.0	6.0	남서	235	9.5	1023.2	-	157	
2019-12-13 15:30:00	7.5	남남서	209	14.50	31.51	0.56	6.4	0.78	7.5	6.8	남서	230	9.5	1023.1	-	11	
2019-12-13 15:35:00	3.9	서남서	240	14.50	31.51	0.50	5.5	0.72	4.5	6.9	남서	227	9.4	1023.1	-	342	
2019-12-13 15:40:00	4.3	남서	214	14.50	31.49	0.54	6.2	0.95	8.0	7.4	남서	221	9.4	1023.0	-	336	
2019-12-13 15:45:00	3.6	남남서	206	14.49	31.50	0.51	5.8	0.75	6.0	7.8	남서	220	9.4	1022.9	-	7	
2019-12-13 15:50:00	1.5	남남서	196	14.48	31.50	0.53	6.8	0.70	8.0	7.7	남서	227	9.2	1022.9	-	89	
2019-12-13 15:55:00	5.5	남서	218	14.49	31.50	0.42	5.4	0.66	5.5	8.4	남서	226	9.1	1022.8	-	153	
2019-12-13 16:00:00	3.1	서남서	238	14.50	31.46	0.49	6.8	0.92	8.5	7.7	남서	226	9.1	1022.9	-	26	
2019-12-13 16:05:00	3.8	서남서	248	14.49	31.49	0.48	7.5	0.65	5.0	8.7	남서	226	9.0	1022.8	-	56	
2019-12-13 16:10:00	2.9	남서	217	14.47	31.50	0.46	6.5	0.79	6.5	8.1	남서	225	9.0	1022.8	-	117	
2019-12-13 16:15:00	3.2	남서	224	14.49	31.49	0.51	7.0	0.60	6.0	8.2	남서	226	8.9	1022.9	-	82	
2019-12-13 16:20:00	3.7	남서	219	14.49	31.47	0.40	6.1	0.56	7.5	7.6	남서	231	8.8	1022.8	-	6	
2019-12-13 16:25:00	0.7	남남서	202	14.48	31.48	0.47	6.4	0.69	7.0	7.8	남서	231	8.7	1022.7	-	55	
2019-12-13 16:30:00	3.3	북북서	340	14.46	31.49	0.42	6.1	0.55	6.5	8.0	남서	228	8.8	1022.7	-	70	
2019-12-13 16:35:00	2.7	서북서	285	14.46	31.50	0.52	6.1	0.83	5.5	7.9	남서	234	8.6	1022.7	-	12	
2019-12-13 16:40:00	3.6	서북서	284	14.49	31.50	0.44	6.2	0.62	6.5	7.8	남서	234	8.6	1022.8	-	336	
2019-12-13 16:45:00	4.9	북북동	16	14.49	31.51	0.42	7.6	0.53	6.0	8.0	남서	235	8.5	1022.8	-	78	
2019-12-13 16:50:00	1.2	서북서	282	14.47	31.50	0.46	7.5	0.55	7.5	7.5	남서	236	8.4	1022.7	-	36	
2019-12-13 16:55:00	3.2	서	266	14.49	31.50	0.44	7.1	0.53	6.0	8.2	남서	233	8.1	1022.7	-	103	
2019-12-13 17:00:00	5.1	북서	318	14.48	31.49	0.47	6.5	0.58	7.5	7.7	서남서	238	8.2	1022.6	-	326	
2019-12-13 17:05:00	26.7	북	10	14.46	31.48	0.47	6.7	0.61	8.5	7.8	서남서	238	8.2	1022.7	-	356	
2019-12-13 17:10:00	3.1	남서	214	14.45	31.48	0.44	6.9	0.63	9.0	7.9	남서	236	8.2	1022.7	-	77	
2019-12-13 17:15:00	0.7	북	351	14.44	31.48	0.46	6.2	0.57	7.0	9.0	남서	234	8.1	1022.5	-	72	
2019-12-13 17:20:00	1.6	남동	137	14.43	31.48	0.38	7.1	0.54	10.0	8.8	남서	233	8.1	1022.5	-	38	
2019-12-13 17:25:00	1.9	서북서	291	14.43	31.48	0.44	6.9	0.61	5.5	8.3	남서	233	8.1	1022.6	-	325	
2019-12-13 17:30:00	6.0	북북서	331	14.42	31.46	0.43	7.2	0.72	7.5	8.8	남서	235	8.0	1022.6	-	75	
2019-12-13 17:35:00	5.4	북북서	331	14.41	31.49	0.34	5.9	0.50	7.5	8.6	서남서	237	8.0	1022.7	-	314	
2019-12-13 17:40:00	7.5	북서	318	14.40	31.41	0.39	7.4	0.50	8.0	7.8	서남서	239	7.9	1022.8	-	315	
2019-12-13 17:45:00	6.9	북북서	343	14.41	31.47	0.38	7.6	0.48	6.5	8.4	서남서	240	7.8	1022.8	-	92	
2019-12-13 17:50:00	84.4	북북동	15	14.44	31.48	0.34	6.3	0.45	6.0	7.7	남서	235	7.8	1022.9	-	87	
2019-12-13 17:55:00	14.6	북	6	14.43	31.50	0.41	6.7	0.59	8.0	7.3	남서	235	7.7	1022.9	-	69	
2019-12-13 18:00:00	9.0	북북서	333	14.41	31.47	0.37	7.4	0.52	7.0	7.8	남서	234	7.6	1022.9	-	83	
2019-12-13 18:05:00	7.7	북서	306	14.40	31.51	0.41	7.0	0.54	6.5	7.4	남서	236	7.6	1022.9	-	101	
2019-12-13 18:10:00	9.0	북서	312	14.44	31.52	0.40	6.7	0.49	5.5	8.0	남서	233	7.6	1022.9	-	70	
2019-12-13 18:15:00	3.0	북서	313	14.43	31.48	0.42	6.2	0.67	6.5	7.5	남서	231	7.5	1022.9	-	84	
2019-12-13 18:20:00	6.9	북북서	334	14.43	31.48	0.39	6.5	0.57	7.5	7.4	남서	229	7.4	1022.8	-	64	
2019-12-13 18:25:00	7.1	북서	309	14.43	31.47	0.45	6.5	0.65	8.5	6.9	남서	228	7.2	1022.8	-	65	
2019-12-13 18:30:00	12.3	북북서	332	14.45	31.45	0.32	5.8	0.52	7.0	7.6	남서	228	7.4	1022.8	-	79	
2019-12-13 18:35:00	7.9	북서	304	14.44	31.47	0.33	7.3	0.45	6.5	7.5	남서	227	7.3	1022.8	-	86	
2019-12-13 18:40:00	5.6	서북서	300	14.42	31.48	0.40	7.1	0.58	6.0	7.4	남서	228	7.3	1022.7	-	61	
2019-12-13 18:45:00	4.5	북서	313	14.42	31.48	0.37	5.9	0.55	10.0	7.6	남서	228	7.4	1022.7	-	94	
2019-12-13 18:50:00	5.0	북서	318	14.41	31.48	0.36	6.3	0.52	10.0	8.0	남서	228	7.2	1022.7	-	60	
2019-12-13 18:55:00	5.0	북북서	327	14.39	31.47	0.39	6.7	0.61	7.0	7.7	남서	224	7.3	1022.6	-	86	
2019-12-13 19:00:00	6.6	북서	319	14.39	31.50	0.39	8.6	0.55	8.5	7.7	남서	227	7.4	1022.6	-	78	
2019-12-13 19:05:00	8.2	북서	315	14.40	31.50	0.39	6.9	0.65	5.5	7.8	남서	228	7.3	1022.6	-	70	
2019-12-13 19:10:00	8.2	서북서	288	14.39	31.50	0.41	6.7	0.61	5.0	7.5	남서	230	7.2	1022.6	-	72	
2019-12-13 19:15:00	4.9	북서	307	14.38	31.49	0.40	8.4	0.50	13.5	7.5	남서	231	7.4	1022.6	-	42	
2019-12-13 19:20:00	5.0	북	351	14.37	31.49	0.39	7.4	0.49	7.0	7.4	남서	226	7.4	1022.6	-	90	
2019-12-13 19:25:00	7.0	북북서	337	14.33	31.46	0.31	6.5	0.47	11.0	7.4	남서	223	7.3	1022.5	-	96	
2019-12-13 19:30:00	4.6	북북서	337	14.31	31.37	0.35	6.3	0.53	10.0	7.8	남서	220	7.4	1022.4	-	75	
2019-12-13 19:35:00	2.7	북	359	14.32	31.37	0.35	6.2	0.47	5.0	8.9	남서	223	7.3	1022.3	-	81	
2019-12-13 19:40:00	7.9	북	350	14.30	31.42	0.39	7.7	0.50	6.5	8.8	남서	224	7.4	1022.4	-	91	
2019-12-13 19:45:00	3.2	북서	321	14.33	31.44	0.35	7.5	0.41	7.5	8.5	남서	225	7.4	1022.3	-	67	
2019-12-13 19:50:00	4.5	북북서	331	14.32	31.44	0.34	7.3	0.49	9.5	8.4	남서	222	7.4	1022.2	-	87	
2019-12-13 19:55:00	5.3	북북서	337	14.29	31.45	0.32	5.5	0.44	4.5	8.5	남서	221	7.4	1022.2	-	340	
2019-12-13 20:00:00	4.5	북북서	332	14.31	31.48	0.36	7.1	0.47	6.5	8.8	남서	220	7.4	1022.1	-	68	
2019-12-13 20:05:00	6.7	북서	326	14.29	31.46	0.34	6.2	0.52	7.0	8.3	남서	215	7.4	1022.1	-	106	
2019-12-13 20:10:00	2.8	북동	34	14.27	31.44	0.34	6.6	0.43	9.0	8.9	남서	215	7.4	1022.1	-	87	
2019-12-13 20:15:00	9.5	북북서	348	14.26	31.46	0.40	7.6	0.61	9.0	8.2	남서	219	7.5	1022.1	-	95	
2019-12-13 20:20:00	6.3	북북서	340	14.27	31.44	0.31	6.1	0.40	7.0	8.2	남서	214	7.4	1022.0	-	81	
2019-12-13 20:25:00	8.0	북북서	330	14.28	31.48	0.36	7.7	0.42	7.0	8.9	남서	215	7.4	1021.9	-	91	
2019-12-13 20:30:00	7.2	북북서	341	14.27	31.47	0.33	7.8	0.44	8.0	9.6	남남서	210	7.5	1021.9	-	66	
2019-12-13 20:35:00	4.2	북북서	334	14.25	31.48	0.31	6.6	0.45	6.5	8.9	남서	217	7.3	1021.8	-	106	
2019-12-13 20:40:00	8.1	북북서	327	14.25	31.47	0.33	7.1	0.43	7.5	8.3	남남서	209	7.3	1021.7	-	44	
2019-12-13 20:45:00	3.5	북북서	341	14.24	31.48	0.33	6.9	0.46	8.5	8.3	남서	221	7.4	1021.8	-	94	
2019-12-13 20:50:00	7.2	북북서	342	14.24	31.49	0.32	7.7	0.57	9.5	7.9	남서	218	7.4	1021.8	-	67	
2019-12-13 20:55:00	7.1	북북서	331	14.25	31.48	0.28	6.2	0.45	6.5	7.6	남서	217	7.5	1021.8	-	56	
2019-12-13 21:00:00	8.3	북북서	342	14.24	31.50	0.30	8.0	0.41	9.0	7.4	남서	221	7.5	1021.8	-	99	
2019-12-13 21:05:00	8.1	북북서	338	14.25	31.50	0.31	7.4	0.44	9.0	7.6	남서	216	7.5	1021.7	-	66	
2019-12-13 21:10:00	10.1	북북서	343	14.26	31.49	0.36	9.0	0.47	9.5	7.7	남서	218	7.5	1021.7	-	74	
2019-12-13 21:15:00	8.3	북	350	14.28	31.50	0.27	6.6	0.40	9.0	7.5	남서	221	7.7	1021.6	-	112	
2019-12-13 21:20:00	10.5	북북서	336	14.28	31.50	0.27	7.0	0.37	8.5	7.5	남서	222	7.6	1021.6	-	82	
2019-12-13 21:25:00	10.3	북북서	333	14.28	31.48	0.32	8.2	0.45	9.0	7.7	남서	224	7.5	1021.5	-	87	
2019-12-13 21:30:00	8.8	북	350	14.28	31.50	0.33	8.4	0.43	7.5	6.8	남서	230	7.6	1021.5	-	67	
2019-12-13 21:35:00	6.5	북북서	328	14.27	31.49	0.28	7.7	0.42	8.5	7.6	남서	222	7.7	1021.4	-	55	
2019-12-13 21:40:00	9.3	북북서	340	14.25	31.48	0.32	9.2	0.45	7.0	7.8	남서	226	7.8	1021.4	-	73	
2019-12-13 21:45:00	9.3	북북서	339	14.25	31.51	0.31	8.0	0.55	8.5	8.2	남서	226	7.7	1021.4	-	79	
2019-12-13 21:50:00	10.2	북북서	336	14.25	31.50	0.28	8.7	0.49	7.5	7.8	남서	221	7.8	1021.2	-	77	
2019-12-13 21:55:00	7.8	북북서	337	14.25	31.50	0.35	8.6	0.43	11.0	7.1	남서	218	7.8	1021.1	-	96	
2019-12-13 22:00:00	9.6	북북서	337	14.27	31.52	0.26	7.2	0.39	8.0	7.6	남서	218	7.8	1021.0	-	102	
2019-12-13 22:05:00	8.4	북서	324	14.29	31.52	0.35	8.7	0.44	8.5	8.0	남서	221	7.9	1020.9	-	69	
2019-12-13 22:10:00	10.2	북북서	342	14.27	31.54	0.34	8.0	0.48	10.0	8.3	남서	218	7.9	1020.8	-	58	
2019-12-13 22:15:00	10.6	북	352	14.28	31.53	0.34	8.2	0.50	10.0	7.9	남서	218	8.0	1020.8	-	67	
2019-12-13 22:20:00	8.0	북북서	345	14.28	31.53	0.32	6.8	0.53	8.0	7.6	남서	225	7.9	1020.7	-	69	
2019-12-13 22:25:00	11.2	북북서	327	14.29	31.53	0.30	7.4	0.39	7.0	8.4	남서	222	8.1	1020.6	-	88	
2019-12-13 22:30:00	9.9	북북서	344	14.28	31.54	0.28	6.3	0.41	10.0	8.0	남서	227	8.3	1020.6	-	78	
2019-12-13 22:35:00	7.6	북서	325	14.28	31.53	0.29	7.4	0.42	8.0	8.2	남서	230	8.1	1020.6	-	65	
2019-12-13 22:40:00	9.7	북서	322	14.27	31.53	0.31	8.0	0.47	9.5	9.0	남서	229	8.1	1020.4	-	88	
2019-12-13 22:45:00	7.5	북북서	336	14.26	31.53	0.32	7.4	0.56	10.5	10.1	남서	228	8.3	1020.3	-	84	
2019-12-13 22:50:00	10.3	북북서	331	14.26	31.52	0.36	7.1	0.54	8.5	10.9	남서	228	8.2	1020.3	-	73	
2019-12-13 22:55:00	8.4	북북서	343	14.25	31.54	0.33	6.9	0.42	8.0	10.8	남서	229	8.1	1020.2	-	84	
2019-12-13 23:00:00	10.8	북	354	14.25	31.52	0.33	6.9	0.45	9.0	10.8	남서	230	8.2	1020.2	-	63	
2019-12-13 23:05:00	9.4	북북서	346	14.26	31.52	0.34	6.0	0.54	9.5	10.1	남서	231	8.3	1020.2	-	49	
2019-12-13 23:10:00	9.4	북북서	349	14.25	31.53	0.33	5.9	0.45	5.0	10.6	남서	228	8.1	1020.1	-	72	
2019-12-13 23:15:00	8.3	북북서	343	14.25	31.54	0.31	6.3	0.49	7.5	10.9	남서	224	8.1	1020.0	-	89	
2019-12-13 23:20:00	13.1	북북서	339	14.26	31.54	0.31	6.3	0.46	9.0	10.5	남서	232	8.0	1020.0	-	65	
2019-12-13 23:25:00	9.8	북북서	329	14.26	31.53	0.32	6.6	0.45	10.5	10.8	서남서	237	8.0	1020.0	-	60	
2019-12-13 23:30:00	9.4	북	356	14.24	31.50	0.34	7.2	0.44	10.0	10.8	남서	233	8.0	1019.9	-	91	
2019-12-13 23:35:00	14.0	북	354	14.24	31.51	0.32	6.3	0.42	10.0	10.7	남서	234	8.1	1019.9	-	103	
2019-12-13 23:40:00	12.5	북	351	14.26	31.52	0.33	6.9	0.48	9.5	10.6	남서	229	8.0	1019.7	-	78	
2019-12-13 23:45:00	12.9	북	350	14.28	31.51	0.30	8.2	0.45	11.0	9.7	남서	235	7.8	1019.7	-	76	
2019-12-13 23:50:00	10.6	북북서	330	14.29	31.51	0.34	7.6	0.49	8.5	9.2	남서	232	7.8	1019.7	-	77	
2019-12-13 23:55:00	15.5	북북서	337	14.27	31.47	0.35	7.9	0.49	11.0	8.6	남서	235	7.8	1019.7	-	80	
2019-12-14 00:00:00	12.0	북북서	343	14.30	31.52	0.29	7.3	0.43	8.0	9.1	남서	230	7.8	1019.7	-	55	
2019-12-14 00:05:00	10.2	북북서	336	14.30	31.52	0.24	6.8	0.32	10.0	8.6	남서	233	7.8	1019.8	-	87	
2019-12-14 00:10:00	11.5	북	3	14.29	31.50	0.30	8.1	0.39	7.5	8.9	서남서	242	7.8	1019.8	-	77	
2019-12-14 00:15:00	12.1	북	352	14.27	31.51	0.27	7.9	0.36	7.0	8.7	서남서	243	7.8	1019.8	-	116	
2019-12-14 00:20:00	11.0	북북서	345	14.27	31.51	0.30	8.7	0.46	8.0	7.9	서남서	241	7.7	1019.8	-	57	
2019-12-14 00:25:00	10.0	북북서	328	14.28	31.53	0.30	7.5	0.42	10.5	8.1	서남서	240	7.6	1019.8	-	62	
2019-12-14 00:30:00	10.3	북북서	335	14.28	31.50	0.33	8.2	0.48	7.0	8.6	서남서	237	7.5	1019.8	-	69	
2019-12-14 00:35:00	12.5	북	353	14.26	31.51	0.28	8.0	0.40	7.0	9.1	서남서	240	7.5	1019.7	-	81	
2019-12-14 00:40:00	12.2	북	349	14.24	31.50	0.29	7.6	0.35	11.5	9.1	서남서	238	7.4	1019.6	-	59	
2019-12-14 00:45:00	14.0	북	350	14.24	31.52	0.32	7.9	0.48	9.0	9.2	남서	231	7.3	1019.5	-	90	
2019-12-14 00:50:00	12.5	북북서	342	14.26	31.51	0.28	8.0	0.57	10.0	9.4	남서	226	7.2	1019.6	-	95	
2019-12-14 00:55:00	9.6	북북서	332	14.25	31.53	0.29	9.0	0.38	12.0	9.6	남서	228	7.1	1019.6	-	77	
2019-12-14 01:00:00	12.1	북북서	341	14.24	31.53	0.31	7.8	0.38	8.0	8.8	남서	224	6.8	1019.7	-	61	
2019-12-14 01:05:00	9.3	북북서	347	14.24	31.52	0.28	8.0	0.36	10.0	9.3	남서	224	6.8	1019.5	-	88	
2019-12-14 01:10:00	13.2	북	355	14.20	31.52	0.27	7.8	0.38	7.0	8.9	남서	219	6.9	1019.6	-	52	
2019-12-14 01:15:00	15.2	북북서	336	14.17	31.52	0.29	8.3	0.39	9.0	10.0	남서	222	6.9	1019.5	-	64	
2019-12-14 01:20:00	15.3	북북서	334	14.17	31.53	0.29	9.2	0.36	10.5	9.9	남서	221	6.9	1019.5	-	81	
2019-12-14 01:25:00	13.3	북	356	14.16	31.52	0.36	9.6	0.48	9.5	9.7	남서	218	6.8	1019.4	-	86	
2019-12-14 01:30:00	14.3	북북서	340	14.12	31.48	0.30	7.5	0.41	9.0	9.6	남서	220	6.7	1019.4	-	53	
2019-12-14 01:35:00	15.8	북북서	342	14.09	31.52	0.28	7.9	0.41	10.5	9.4	남서	220	7.1	1019.4	-	52	
2019-12-14 01:40:00	18.3	북북서	345	14.07	31.50	0.27	8.9	0.48	11.0	9.7	남서	220	7.0	1019.5	-	77	
2019-12-14 01:45:00	15.1	북북서	347	14.05	31.50	0.33	8.8	0.52	9.0	9.1	남서	222	6.9	1019.6	-	92	
2019-12-14 01:50:00	28.1	북	358	14.07	31.63	0.28	7.7	0.39	5.0	8.5	남서	220	6.8	1019.8	-	81	
2019-12-14 01:55:00	25.8	북	351	14.24	31.52	0.28	8.3	0.52	9.5	8.1	남서	223	6.7	1019.6	-	68	
2019-12-14 02:00:00	26.9	북	356	14.30	31.54	0.24	8.2	0.35	9.5	8.6	남서	218	6.6	1019.6	-	97	
2019-12-14 02:05:00	25.9	북북서	347	14.34	31.53	0.24	9.2	0.32	8.0	8.0	남서	221	6.4	1019.6	-	103	
2019-12-14 02:10:00	24.5	북북서	345	14.37	31.48	0.28	9.4	0.39	7.5	7.9	남서	220	6.6	1019.6	-	102	
2019-12-14 02:15:00	27.0	북	351	14.36	31.52	0.21	8.3	0.26	7.5	8.9	남서	221	6.5	1019.7	-	83	
2019-12-14 02:20:00	24.9	북	350	14.37	31.53	0.31	9.7	0.44	10.5	9.2	남서	220	6.5	1019.5	-	68	
2019-12-14 02:25:00	27.0	북북서	349	14.37	31.55	0.22	8.2	0.30	9.5	8.6	남서	215	6.4	1019.7	-	65	
2019-12-14 02:30:00	24.5	북북서	343	14.39	31.54	0.27	9.0	0.42	7.0	8.8	남서	221	6.2	1019.9	-	97	
2019-12-14 02:35:00	24.3	북북서	344	14.39	31.52	0.26	8.8	0.33	10.5	8.6	남서	219	6.3	1019.9	-	75	
2019-12-14 02:40:00	25.3	북북서	345	14.37	31.53	0.31	10.4	0.45	11.5	8.5	남서	219	6.5	1019.8	-	62	
2019-12-14 02:45:00	24.6	북북서	344	14.39	31.53	0.32	9.4	0.45	10.5	7.5	남서	219	6.4	1019.9	-	56	
2019-12-14 02:50:00	27.4	북북서	344	14.39	31.54	0.25	7.9	0.31	13.0	6.9	남서	221	6.5	1020.0	-	58	
2019-12-14 02:55:00	25.4	북북서	338	14.39	31.53	0.24	10.0	0.30	9.5	6.8	남서	219	6.4	1020.0	-	69	
2019-12-14 03:00:00	25.0	북북서	343	14.39	31.53	0.26	9.7	0.34	7.5	6.6	남서	214	6.4	1020.0	-	78	
2019-12-14 03:05:00	25.4	북북서	340	14.41	31.54	0.23	7.7	0.32	9.0	7.2	남남서	212	6.5	1019.9	-	86	
2019-12-14 03:10:00	24.6	북북서	340	14.42	31.54	0.24	9.2	0.32	9.5	6.6	남서	218	6.6	1019.9	-	109	
2019-12-14 03:15:00	25.4	북북서	341	14.44	31.56	0.29	8.8	0.35	7.0	6.6	남서	218	6.5	1019.9	-	77	
2019-12-14 03:20:00	24.4	북북서	340	14.43	31.52	0.30	8.4	0.42	10.0	5.4	남서	225	6.5	1020.0	-	99	
2019-12-14 03:25:00	24.6	북북서	339	14.44	31.55	0.26	9.3	0.30	10.0	5.7	남서	221	6.5	1020.0	-	77	
2019-12-14 03:30:00	-	-	-	-	-	0.00	0.0	0.00	0.0	5.3	남서	236	6.8	-	-	0	
2019-12-14 03:35:00	24.1	북북서	340	14.47	31.51	0.31	9.3	0.38	10.5	4.0	남서	234	6.7	1020.1	-	49	
2019-12-14 03:40:00	23.6	북북서	338	14.47	31.53	0.29	7.7	0.37	10.0	3.1	남서	230	6.6	1020.0	-	87	
2019-12-14 03:45:00	21.8	북북서	337	14.47	31.53	0.26	9.0	0.31	5.0	4.3	남서	223	6.5	1020.0	-	67	
2019-12-14 03:50:00	23.4	북북서	335	14.48	31.55	0.27	7.1	0.46	10.0	4.0	남서	220	6.6	1020.1	-	63	
2019-12-14 03:55:00	20.3	북북서	329	14.47	31.53	0.34	7.6	0.39	8.5	4.8	남서	219	6.7	1019.9	-	54	
2019-12-14 04:00:00	20.2	북북서	331	14.46	31.53	0.28	6.0	0.46	3.5	5.1	남서	226	6.8	1019.9	-	58	
2019-12-14 04:05:00	25.5	북북서	336	14.45	31.53	0.24	6.8	0.35	8.0	2.7	서남서	240	7.1	1020.1	-	178	
2019-12-14 04:10:00	22.4	북북서	328	14.46	31.52	0.29	7.6	0.41	8.0	3.1	서남서	258	7.1	1020.2	-	44	
2019-12-14 04:15:00	21.5	북북서	342	14.44	31.54	0.31	8.4	0.40	9.0	2.9	서남서	247	6.8	1020.2	-	70	
2019-12-14 04:20:00	21.6	북북서	337	14.44	31.53	0.26	5.9	0.34	7.5	3.6	서남서	244	7.0	1020.3	-	165	
2019-12-14 04:25:00	24.0	북북서	332	14.45	31.52	0.32	7.4	0.45	10.5	2.3	서	275	7.1	1020.4	-	51	
2019-12-14 04:30:00	21.5	북북서	331	14.45	31.51	0.41	5.0	0.58	4.0	2.8	서	276	7.1	1020.4	-	240	
2019-12-14 04:35:00	17.9	북북서	333	14.44	31.51	0.30	5.4	0.49	6.5	3.0	서북서	297	7.1	1020.4	-	137	
2019-12-14 04:40:00	18.3	북북서	326	14.44	31.52	0.41	5.9	0.67	5.0	3.1	서	266	7.1	1020.4	-	196	
2019-12-14 04:45:00	12.7	북북서	333	14.44	31.50	0.52	4.9	0.69	4.0	3.1	서	277	7.0	1020.4	-	343	
2019-12-14 04:50:00	17.9	북북서	343	14.45	31.50	0.62	4.9	0.95	4.5	3.2	서	281	7.0	1020.4	-	224	
2019-12-14 04:55:00	16.1	북서	326	14.45	31.50	0.62	5.1	0.87	6.0	3.7	서	261	7.1	1020.4	-	187	
2019-12-14 05:00:00	16.3	북서	320	14.46	31.49	0.72	4.8	0.99	4.5	3.2	남서	233	6.8	1020.3	-	28	
2019-12-14 05:05:00	16.8	북북서	329	14.47	31.52	0.63	4.2	0.83	4.0	3.5	서남서	252	6.7	1020.3	-	182	
2019-12-14 05:10:00	10.0	북북서	338	14.48	31.52	0.73	4.9	1.08	4.0	2.9	남서	234	6.5	1020.2	-	230	
2019-12-14 05:15:00	11.6	북북서	335	14.47	31.51	0.63	4.6	0.83	4.5	4.0	남서	225	6.8	1020.2	-	177	
2019-12-14 05:20:00	13.7	북북서	332	14.50	31.54	0.58	4.2	0.85	4.0	4.1	서남서	237	6.9	1020.2	-	198	
2019-12-14 05:25:00	11.5	북북서	328	14.49	31.53	0.54	4.9	0.90	4.5	5.1	남서	227	7.2	1020.3	-	106	
2019-12-14 05:30:00	11.9	북북서	327	14.48	31.53	0.55	4.5	0.79	3.5	5.8	남남서	211	7.1	1019.9	-	167	
2019-12-14 05:35:00	13.4	북북서	330	14.48	31.54	0.54	4.6	0.85	4.5	5.7	남남서	209	7.1	1020.0	-	195	
2019-12-14 05:40:00	17.3	북북서	337	14.47	31.53	0.57	4.6	0.78	4.0	5.4	남남서	206	6.8	1020.0	-	138	
2019-12-14 05:45:00	16.7	북북서	336	14.46	31.52	0.56	4.9	0.90	3.5	5.7	남서	235	6.9	1020.2	-	108	
2019-12-14 05:50:00	13.0	북북서	334	14.46	31.53	0.48	5.9	0.76	10.0	2.3	서	271	6.0	1020.6	-	320	
2019-12-14 05:55:00	13.0	북북서	332	14.45	31.51	0.53	4.7	0.77	4.0	2.9	북서	319	6.1	1021.0	-	158	
2019-12-14 06:00:00	13.0	북북서	339	14.44	31.49	0.46	5.1	0.61	5.0	2.2	북서	320	6.3	1021.1	-	49	
2019-12-14 06:05:00	12.5	북북서	337	14.45	31.50	0.45	5.3	0.59	9.0	3.6	남서	235	6.3	1020.9	-	73	
2019-12-14 06:10:00	10.7	북북서	331	14.45	31.51	0.53	5.8	0.74	5.0	3.9	서남서	239	6.7	1020.9	-	79	
2019-12-14 06:15:00	14.2	북북서	334	14.46	31.52	0.43	4.0	0.57	5.0	1.9	서	265	6.7	1021.4	-	182	
2019-12-14 06:20:00	11.0	북북서	328	14.44	31.54	0.44	6.8	0.60	9.5	6.9	북서	314	7.4	1021.4	-	95	
2019-12-14 06:25:00	11.9	북북서	332	14.45	31.50	0.49	6.0	0.65	6.5	7.8	서북서	301	7.9	1021.4	-	134	
2019-12-14 06:30:00	7.8	북북서	331	14.45	31.51	0.46	4.9	0.79	4.5	6.9	북서	306	8.1	1021.5	-	168	
2019-12-14 06:35:00	10.2	북북서	335	14.42	31.49	0.50	5.9	0.80	4.0	6.9	북서	323	8.0	1021.6	-	140	
2019-12-14 06:40:00	14.4	북북서	346	14.41	31.52	0.48	4.8	0.58	4.0	7.8	북서	320	8.0	1021.6	-	315	
2019-12-14 06:45:00	9.1	북북서	348	14.41	31.50	0.46	6.3	0.57	5.0	6.8	북서	319	8.1	1021.8	-	56	
2019-12-14 06:50:00	13.0	북북서	344	14.41	31.46	0.53	4.7	0.66	3.5	7.6	북서	317	7.9	1021.9	-	155	
2019-12-14 06:55:00	15.1	북북서	341	14.39	31.48	0.51	4.4	0.63	3.5	6.6	서북서	297	7.8	1022.1	-	58	
2019-12-14 07:00:00	12.9	북북서	338	14.38	31.48	0.50	4.8	0.74	8.0	5.2	서북서	287	7.4	1022.3	-	27	
2019-12-14 07:05:00	12.9	북북서	348	14.37	31.47	0.58	4.9	0.85	5.5	5.0	서북서	291	7.3	1022.5	-	84	
2019-12-14 07:10:00	10.4	북북서	329	14.36	31.46	0.64	4.5	0.94	3.5	4.8	서북서	295	7.1	1022.6	-	202	
2019-12-14 07:15:00	8.6	북북서	335	14.35	31.47	0.59	4.8	0.93	4.0	5.1	서북서	298	7.0	1022.7	-	226	
2019-12-14 07:20:00	13.5	북북서	335	14.35	31.46	0.69	4.7	0.84	4.0	6.2	서북서	299	7.1	1022.7	-	229	
2019-12-14 07:25:00	8.2	북서	311	14.35	31.48	0.79	4.3	1.17	4.0	6.2	서북서	297	7.2	1022.7	-	6	
2019-12-14 07:30:00	11.0	북북서	334	14.37	31.49	0.72	4.5	1.06	4.0	6.3	서북서	294	7.0	1022.7	-	179	
2019-12-14 07:35:00	10.9	북북서	342	14.35	31.47	0.67	4.2	1.32	4.5	6.6	서북서	295	7.1	1022.7	-	160	
2019-12-14 07:40:00	9.9	북서	311	14.36	31.48	0.66	4.2	1.44	4.0	7.0	서북서	303	7.3	1022.8	-	198	
2019-12-14 07:45:00	10.6	북서	315	14.35	31.48	0.61	4.4	0.81	4.0	7.7	북서	307	7.3	1022.9	-	181	
2019-12-14 07:50:00	5.6	북서	311	14.36	31.47	0.54	4.8	0.76	4.5	7.4	서북서	301	7.1	1023.1	-	159	
2019-12-14 07:55:00	4.3	북서	324	14.38	31.47	0.65	6.1	0.99	4.0	6.6	서북서	303	6.9	1023.4	-	158	
2019-12-14 08:00:00	11.3	북북서	337	14.39	31.49	0.64	6.3	0.78	4.5	6.0	서북서	298	6.8	1023.5	-	155	
2019-12-14 08:05:00	6.2	북북서	327	14.40	31.49	0.60	5.5	0.83	9.5	5.9	서북서	298	6.7	1023.7	-	112	
2019-12-14 08:10:00	8.9	북북서	332	14.39	31.51	0.71	4.7	1.18	4.0	6.1	서북서	301	6.7	1023.8	-	149	
2019-12-14 08:15:00	8.2	북북서	339	14.40	31.50	0.67	6.5	0.88	5.0	5.9	서북서	296	6.8	1023.9	-	77	
2019-12-14 08:20:00	8.5	북서	317	14.40	31.49	0.58	4.3	0.80	4.0	5.9	서북서	299	6.8	1023.9	-	169	
2019-12-14 08:25:00	11.5	북북서	343	14.40	31.53	0.59	4.6	0.77	5.5	5.9	서북서	303	6.8	1023.9	-	121	
2019-12-14 08:30:00	12.6	북북서	334	14.41	31.50	0.56	4.4	0.81	4.5	5.4	서북서	290	7.0	1024.1	-	312	
2019-12-14 08:35:00	14.9	북북서	332	14.42	31.49	0.48	4.3	0.68	4.0	6.2	서북서	290	7.1	1024.2	-	276	
2019-12-14 08:40:00	16.2	북서	313	14.44	31.50	0.54	5.0	0.73	4.0	5.7	서북서	282	7.1	1024.4	-	54	
2019-12-14 08:45:00	15.0	북북서	329	14.44	31.52	0.56	4.8	0.79	4.5	5.3	서북서	283	7.0	1024.5	-	181	
2019-12-14 08:50:00	9.9	북북서	337	14.43	31.50	0.50	4.7	0.64	4.5	4.0	서남서	251	6.9	1024.6	-	127	
2019-12-14 08:55:00	17.4	북북서	336	14.41	31.52	0.55	4.3	0.78	3.5	3.1	서남서	248	6.6	1024.7	-	114	
2019-12-14 09:00:00	19.2	북북서	331	14.41	31.48	0.52	4.9	0.65	5.0	3.3	서남서	247	6.7	1024.9	-	188	
2019-12-14 09:05:00	16.6	북북서	332	14.42	31.50	0.60	5.6	0.95	5.0	3.3	서남서	245	6.6	1024.9	-	64	
2019-12-14 09:10:00	13.8	북북서	330	14.41	31.50	0.58	4.7	0.79	5.0	3.3	서남서	254	6.7	1025.1	-	181	
2019-12-14 09:15:00	16.6	북북서	330	14.42	31.51	0.50	5.3	0.67	4.5	3.3	서남서	251	6.8	1025.2	-	197	
2019-12-14 09:20:00	18.2	북서	317	14.41	31.48	0.59	5.1	0.89	3.5	3.4	서남서	253	6.8	1025.2	-	205	
2019-12-14 09:25:00	19.0	북북서	330	14.42	31.47	0.59	4.9	0.90	5.0	3.2	서남서	238	7.0	1025.2	-	176	
2019-12-14 09:30:00	14.3	북북서	327	14.42	31.50	0.61	4.9	0.86	5.0	2.5	서남서	238	6.8	1025.3	-	183	
2019-12-14 09:35:00	10.4	북서	306	14.41	31.49	0.53	5.0	0.79	4.5	3.0	남서	228	7.0	1025.4	-	192	
2019-12-14 09:40:00	16.3	북서	319	14.43	31.48	0.58	5.0	0.83	5.5	2.9	서	277	7.1	1025.6	-	176	
2019-12-14 09:45:00	16.4	북북서	332	14.44	31.48	0.60	5.8	0.80	4.5	5.8	서북서	289	7.3	1025.6	-	235	
2019-12-14 09:50:00	15.4	북북서	328	14.46	31.48	0.62	5.4	0.94	5.0	6.2	서북서	299	7.3	1025.8	-	58	
2019-12-14 09:55:00	19.0	북북서	335	14.48	31.50	0.62	6.6	0.84	5.5	6.7	서북서	299	7.3	1025.9	-	347	
2019-12-14 10:00:00	17.1	북북서	343	14.48	31.50	0.56	5.6	0.78	3.5	6.4	서북서	302	7.3	1026.0	-	355	
2019-12-14 10:05:00	12.7	북북서	329	14.49	31.49	0.68	5.7	0.86	5.0	5.9	서북서	292	7.3	1026.1	-	67	
2019-12-14 10:10:00	27.2	북북서	339	14.50	31.49	0.65	5.0	0.88	6.5	5.6	서북서	289	7.4	1026.2	-	357	
2019-12-14 10:15:00	25.4	북	352	14.53	31.48	0.69	6.6	0.89	5.5	6.0	서북서	286	7.3	1026.2	-	73	
2019-12-14 10:20:00	35.7	북북서	346	14.53	31.52	0.74	5.4	0.87	4.5	5.5	서북서	302	7.3	1026.4	-	334	
2019-12-14 10:25:00	22.0	북서	306	14.54	31.50	0.73	6.3	1.03	7.5	5.5	북서	319	7.4	1026.5	-	22	
2019-12-14 10:30:00	19.0	북서	315	14.54	31.50	0.69	6.7	0.87	8.0	5.9	북북서	332	7.4	1026.5	-	0	
2019-12-14 10:35:00	9.3	북서	321	14.53	31.52	0.79	6.0	1.14	7.5	5.4	북서	319	7.4	1026.5	-	164	
2019-12-14 10:40:00	5.3	북서	314	14.55	31.53	0.94	6.5	1.39	7.5	6.0	북서	322	7.5	1026.5	-	8	
2019-12-14 10:45:00	9.6	북동	40	14.56	31.52	1.17	7.5	1.43	7.0	6.0	북서	319	7.6	1026.6	-	17	
2019-12-14 10:50:00	5.6	서북서	287	14.58	31.52	1.26	7.2	2.10	7.5	4.7	북북서	329	7.6	1026.7	-	16	
2019-12-14 10:55:00	10.3	북서	317	14.58	31.52	1.00	7.3	1.19	7.5	5.6	북서	308	7.5	1026.7	-	12	
2019-12-14 11:00:00	43.6	북북서	335	14.57	31.52	1.09	6.6	1.26	7.5	4.6	북서	313	7.5	1026.7	-	15	
2019-12-14 11:05:00	57.2	북서	308	14.58	31.51	1.05	7.1	1.80	6.0	6.0	서북서	301	7.4	1026.7	-	15	
2019-12-14 11:10:00	8.4	서	265	14.58	31.52	1.30	7.0	2.42	7.0	5.7	북서	318	7.5	1026.8	-	3	
2019-12-14 11:15:00	38.7	북북서	341	14.58	31.52	1.14	7.3	1.43	7.0	4.2	북서	308	7.5	1026.8	-	3	
2019-12-14 11:20:00	29.7	북북서	328	14.59	31.52	1.38	6.6	1.82	7.0	3.9	북서	308	7.5	1026.8	-	5	
2019-12-14 11:25:00	13.3	북북서	338	14.59	31.50	1.05	7.2	1.55	7.5	4.8	북북서	334	7.7	1026.9	-	21	
2019-12-14 11:30:00	11.9	서북서	285	14.60	31.53	1.28	6.5	1.64	5.5	4.9	북서	326	7.7	1026.9	-	6	
2019-12-14 11:35:00	3.5	서	280	14.60	31.54	1.36	6.8	2.02	7.5	5.9	북북서	344	7.8	1026.9	-	12	
2019-12-14 11:40:00	8.2	북북서	337	14.61	31.56	1.26	6.5	1.73	6.5	5.7	북북서	343	7.7	1027.0	-	355	
2019-12-14 11:45:00	5.2	북북서	345	14.60	31.54	1.16	6.5	1.87	5.5	6.3	북	1	7.6	1026.9	-	359	
2019-12-14 11:50:00	16.3	북	351	14.60	31.58	1.12	6.3	1.74	6.0	5.1	북	359	7.6	1026.9	-	7	
2019-12-14 11:55:00	9.1	남서	221	14.61	31.55	1.18	6.5	1.51	6.0	4.9	북북동	21	7.5	1026.8	-	22	
2019-12-14 12:00:00	3.9	북서	324	14.63	31.57	1.05	6.7	1.47	5.0	6.5	북	0	7.6	1026.8	-	13	
2019-12-14 12:05:00	6.3	남서	229	14.66	31.59	1.21	7.1	2.04	6.5	6.4	북	359	7.5	1026.8	-	7	
2019-12-14 12:10:00	13.1	서남서	246	14.68	31.58	1.00	6.3	1.20	6.0	6.1	북	0	7.9	1026.8	-	4	
2019-12-14 12:15:00	3.0	동남동	123	14.66	31.56	1.30	6.3	1.52	8.0	7.2	북	1	7.9	1026.7	-	359	
2019-12-14 12:20:00	10.3	북서	321	14.66	31.57	1.16	6.3	1.32	7.0	7.2	북	5	7.8	1026.7	-	5	
2019-12-14 12:25:00	6.0	북	0	14.67	31.57	1.19	6.1	1.89	7.5	6.7	북	6	7.7	1026.7	-	4	
2019-12-14 12:30:00	1.8	남	182	14.69	31.55	1.35	6.8	1.87	5.0	6.3	북	6	7.8	1026.7	-	359	
2019-12-14 12:35:00	4.9	서	261	14.72	31.58	1.13	6.2	1.39	7.0	7.2	북	358	7.9	1026.7	-	354	
2019-12-14 12:40:00	6.4	남남서	194	14.71	31.59	1.25	6.4	1.62	7.5	6.7	북	356	7.8	1026.7	-	359	
2019-12-14 12:45:00	2.1	북	351	14.73	31.58	1.21	6.7	1.61	7.0	7.2	북	357	7.9	1026.7	-	339	
2019-12-14 12:50:00	3.7	서남서	259	14.77	31.59	1.33	6.4	1.74	7.5	7.7	북	8	7.9	1026.7	-	6	
2019-12-14 12:55:00	8.5	서남서	257	14.77	31.60	1.35	6.7	2.14	6.0	6.8	북	1	7.8	1026.8	-	9	
2019-12-14 13:00:00	1.3	동북동	58	14.78	31.60	1.32	6.8	1.95	5.5	7.3	북	7	7.8	1026.8	-	354	
2019-12-14 13:05:00	3.5	서	262	14.80	31.58	1.19	6.3	1.99	6.5	6.9	북	359	8.1	1026.8	-	23	
2019-12-14 13:10:00	3.6	동북동	70	14.80	31.56	1.20	6.1	1.59	6.0	7.9	북	7	7.7	1026.8	-	353	
2019-12-14 13:15:00	6.3	북북서	344	14.80	31.59	1.32	6.6	1.78	6.0	7.0	북	5	7.8	1026.8	-	2	
2019-12-14 13:20:00	7.1	북북서	338	14.81	31.57	1.27	6.3	1.66	6.5	7.1	북	7	7.8	1026.7	-	1	
2019-12-14 13:25:00	3.1	서북서	283	14.81	31.60	1.15	6.9	1.54	6.5	7.0	북	9	8.0	1026.8	-	8	
2019-12-14 13:30:00	9.3	북동	47	14.82	31.56	1.30	5.8	1.71	4.5	6.8	북	10	8.0	1026.8	-	358	
2019-12-14 13:35:00	1.1	남	178	14.81	31.56	1.26	5.7	1.55	6.5	6.8	북	5	7.8	1026.9	-	6	
2019-12-14 13:40:00	5.6	남서	228	14.80	31.55	1.12	6.0	1.44	6.5	6.7	북	8	8.1	1027.0	-	9	
2019-12-14 13:45:00	4.8	남남서	210	14.83	31.57	1.38	6.2	1.78	6.0	6.7	북	6	8.0	1027.0	-	1	
2019-12-14 13:50:00	4.4	남서	234	14.81	31.55	1.37	6.5	1.79	7.5	6.7	북	2	7.9	1027.1	-	355	
2019-12-14 13:55:00	8.8	서	278	14.81	31.51	1.19	6.6	1.56	7.5	7.0	북	10	8.0	1027.1	-	13	
2019-12-14 14:00:00	6.8	북북서	327	14.81	31.56	1.20	6.5	1.38	7.0	6.9	북	8	7.9	1027.1	-	2	
2019-12-14 14:05:00	3.2	북서	320	14.81	31.56	1.28	6.1	1.58	5.5	6.4	북	11	7.8	1027.1	-	2	
2019-12-14 14:10:00	9.3	서	281	14.81	31.56	1.10	6.3	1.67	5.5	7.0	북북동	22	7.8	1027.2	-	3	
2019-12-14 14:15:00	2.4	북북서	347	14.81	31.54	1.11	6.7	1.31	7.5	7.1	북북동	13	7.9	1027.2	-	0	
2019-12-14 14:20:00	5.8	남동	144	14.81	31.53	1.18	6.7	1.74	6.5	6.2	북북동	19	7.7	1027.3	-	354	
2019-12-14 14:25:00	7.2	북서	305	14.81	31.52	1.15	6.3	1.60	5.0	6.5	북북동	18	7.9	1027.3	-	19	
2019-12-14 14:30:00	5.3	북	352	14.80	31.55	1.24	6.3	1.71	6.0	5.8	북북동	24	8.0	1027.4	-	349	
2019-12-14 14:35:00	10.4	북서	311	14.81	31.56	1.20	6.1	1.75	7.0	5.3	북	358	8.1	1027.5	-	354	
2019-12-14 14:40:00	6.0	서북서	291	14.80	31.56	1.17	7.3	1.69	7.0	5.8	북	11	7.9	1027.6	-	11	
2019-12-14 14:45:00	6.5	서북서	296	14.80	31.56	1.14	6.8	1.35	6.5	6.2	북북동	18	8.0	1027.6	-	0	
2019-12-14 14:50:00	3.8	북서	314	14.81	31.56	1.16	6.5	1.63	7.0	5.0	북북동	20	8.1	1027.7	-	359	
2019-12-14 14:55:00	6.5	북서	316	14.80	31.58	1.05	6.8	1.31	5.5	6.4	북	6	7.9	1027.7	-	13	
2019-12-14 15:00:00	12.4	서북서	297	14.80	31.56	1.03	6.2	1.27	5.5	5.0	북	9	8.0	1027.8	-	9	
2019-12-14 15:05:00	4.7	서북서	304	14.79	31.56	1.04	6.3	1.76	5.0	5.7	북	0	8.0	1027.9	-	19	
2019-12-14 15:10:00	2.8	북서	312	14.79	31.57	0.99	6.1	1.20	7.0	5.1	북	7	8.0	1028.0	-	1	
2019-12-14 15:15:00	3.7	서북서	284	14.76	31.55	1.12	5.9	1.32	6.5	5.2	북	7	8.2	1028.1	-	353	
2019-12-14 15:20:00	9.8	서남서	257	14.78	31.57	1.08	5.8	1.61	4.5	4.8	북	6	8.0	1028.2	-	327	
2019-12-14 15:25:00	4.2	북	354	14.76	31.50	1.12	5.9	1.55	6.0	4.7	북북동	13	7.9	1028.2	-	1	
2019-12-14 15:30:00	0.3	북북서	343	14.77	31.55	1.03	6.0	1.29	5.5	4.3	북	7	8.1	1028.2	-	359	
2019-12-14 15:35:00	4.4	북북동	17	14.75	31.56	1.22	5.9	1.84	6.0	4.8	북	357	8.0	1028.3	-	359	
2019-12-14 15:40:00	10.7	동	90	14.72	31.53	1.04	6.3	1.36	6.0	5.0	북	10	7.9	1028.4	-	0	
2019-12-14 15:45:00	5.3	남동	136	14.74	31.57	1.16	6.4	1.45	6.0	5.5	북	11	8.0	1028.4	-	18	
2019-12-14 15:50:00	3.0	북서	326	14.73	31.54	1.26	5.7	2.45	6.5	4.8	북	2	8.0	1028.5	-	356	
2019-12-14 15:55:00	9.0	남남동	157	14.73	31.53	1.11	6.3	1.76	5.0	4.7	북북동	24	8.1	1028.6	-	4	
2019-12-14 16:00:00	4.8	북북서	338	14.71	31.55	1.12	6.5	1.46	6.0	4.2	북북동	33	8.0	1028.6	-	2	
2019-12-14 16:05:00	1.8	남남동	149	14.70	31.54	1.12	5.9	1.51	6.5	4.1	북북서	338	8.1	1028.6	-	2	
2019-12-14 16:10:00	10.3	북북서	328	14.70	31.52	1.10	6.0	1.42	7.0	3.2	북	351	7.9	1028.7	-	6	
2019-12-14 16:15:00	6.9	서북서	295	14.73	31.54	1.04	6.2	1.26	6.5	4.4	북	359	7.8	1028.6	-	358	
2019-12-14 16:20:00	12.6	동	91	14.70	31.53	0.95	5.8	1.59	5.5	3.1	북북동	26	7.7	1028.5	-	17	
2019-12-14 16:25:00	3.3	북동	35	14.71	31.55	1.17	6.3	1.64	6.0	3.6	북북동	18	7.7	1028.6	-	3	
2019-12-14 16:30:00	12.6	북	355	14.71	31.53	1.08	5.9	1.45	6.5	3.9	북	356	7.9	1028.6	-	20	
2019-12-14 16:35:00	6.0	북	352	14.70	31.54	1.13	6.1	1.56	6.0	3.7	북	356	7.8	1028.7	-	0	
2019-12-14 16:40:00	10.6	서	268	14.69	31.54	1.08	6.5	1.37	6.0	2.7	북	8	7.7	1028.8	-	3	
2019-12-14 16:45:00	32.3	북서	321	14.70	31.54	1.01	6.5	1.16	6.0	3.2	북북서	343	7.7	1028.7	-	6	
2019-12-14 16:50:00	21.3	서북서	285	14.70	31.56	1.16	6.1	1.58	5.0	3.7	북북서	343	7.7	1028.7	-	349	
2019-12-14 16:55:00	10.6	서북서	292	14.70	31.55	1.03	6.1	1.33	5.5	4.0	북	357	7.6	1028.6	-	13	
2019-12-14 17:00:00	5.5	남남동	158	14.68	31.53	0.92	5.4	1.17	5.5	2.2	북	351	7.5	1028.8	-	359	
2019-12-14 17:05:00	3.7	북	1	14.69	31.54	0.92	5.8	1.41	6.0	3.8	북	8	7.6	1028.8	-	12	
2019-12-14 17:10:00	7.1	서	260	14.70	31.53	1.11	5.9	1.57	5.5	2.8	북동	40	7.5	1028.8	-	4	
2019-12-14 17:15:00	16.2	서남서	245	14.69	31.54	1.00	5.6	1.51	5.5	1.3	북동	39	7.4	1028.8	-	353	
2019-12-14 17:20:00	37.4	서북서	284	14.67	31.53	1.01	6.6	1.32	7.0	2.2	북북동	27	7.5	1028.8	-	1	
2019-12-14 17:25:00	82.1	북	7	14.67	31.54	0.99	5.8	1.29	6.0	3.2	북	1	7.7	1028.8	-	28	
2019-12-14 17:30:00	29.4	북동	53	14.67	31.52	0.86	6.5	1.11	8.0	2.9	북북동	18	7.7	1028.8	-	3	
2019-12-14 17:35:00	7.4	북서	310	14.66	31.53	0.96	6.4	1.53	7.0	3.5	북동	37	7.7	1028.7	-	4	
2019-12-14 17:40:00	19.6	북서	319	14.65	31.54	1.00	6.2	1.25	6.5	3.0	북	4	7.7	1028.8	-	17	
2019-12-14 17:45:00	19.9	북북서	328	14.65	31.53	1.06	5.6	1.53	6.5	2.9	북북서	340	7.7	1028.9	-	353	
2019-12-14 17:50:00	12.7	북서	316	14.66	31.57	1.02	5.9	1.20	7.0	3.6	북북서	339	7.8	1029.0	-	355	
2019-12-14 17:55:00	12.7	서북서	282	14.65	31.52	1.06	6.3	1.53	5.5	2.5	북북서	329	7.6	1029.0	-	22	
2019-12-14 18:00:00	21.9	북북서	328	14.65	31.53	1.23	6.3	1.61	7.0	1.9	북	350	7.6	1028.9	-	17	
2019-12-14 18:05:00	18.9	북북서	334	14.65	31.52	1.13	6.4	1.75	7.0	1.8	서북서	299	7.9	1028.9	-	27	
2019-12-14 18:10:00	19.1	북서	315	14.65	31.53	1.12	6.5	1.59	6.0	1.7	서	267	7.1	1029.0	-	49	
2019-12-14 18:15:00	19.6	북서	322	14.65	31.51	1.11	6.6	1.48	6.0	2.7	서북서	296	7.2	1029.0	-	47	
2019-12-14 18:20:00	18.9	북서	317	14.64	31.51	1.19	6.5	1.37	6.0	3.9	서북서	286	7.3	1029.0	-	34	
2019-12-14 18:25:00	15.7	북서	316	14.65	31.52	1.00	7.3	1.40	6.5	3.6	서	281	7.1	1029.0	-	52	
2019-12-14 18:30:00	17.3	북서	316	14.64	31.52	1.29	7.1	1.82	7.0	3.7	서	279	6.9	1029.0	-	21	
2019-12-14 18:35:00	14.2	북	354	14.63	31.52	1.12	7.2	1.45	7.0	3.5	서	278	6.9	1029.1	-	46	
2019-12-14 18:40:00	18.3	북북서	345	14.62	31.52	1.23	6.9	1.56	5.5	3.5	서	260	6.7	1029.2	-	25	
2019-12-14 18:45:00	19.4	북서	316	14.63	31.49	1.02	7.2	1.35	6.5	3.5	서남서	248	6.3	1029.2	-	42	
2019-12-14 18:50:00	19.7	북서	312	14.61	31.49	1.33	7.0	1.60	5.5	3.3	서남서	249	6.0	1029.3	-	24	
2019-12-14 18:55:00	15.7	북서	324	14.61	31.49	1.45	7.2	1.95	8.0	3.4	서남서	248	5.8	1029.3	-	47	
2019-12-14 19:00:00	14.0	북서	320	14.60	31.51	1.34	7.0	2.29	6.5	4.0	서남서	245	5.9	1029.3	-	30	
2019-12-14 19:05:00	14.3	북서	320	14.60	31.48	1.38	7.0	1.72	7.5	4.2	서남서	240	5.6	1029.5	-	41	
2019-12-14 19:10:00	17.5	북서	309	14.60	31.49	1.46	8.0	2.17	9.5	4.6	서남서	240	5.5	1029.6	-	36	
2019-12-14 19:15:00	19.7	북서	317	14.59	31.51	1.63	7.0	2.21	7.5	4.7	서남서	241	5.3	1029.7	-	36	
2019-12-14 19:20:00	20.9	북서	313	14.58	31.50	1.49	6.8	2.21	8.0	4.9	서남서	245	5.2	1029.8	-	51	
2019-12-14 19:25:00	14.7	북북서	327	14.58	31.49	1.57	7.2	1.97	7.0	5.4	서남서	241	5.1	1029.9	-	26	
2019-12-14 19:30:00	16.0	북서	316	14.56	31.52	1.62	7.4	2.66	8.0	5.6	서남서	242	5.2	1029.9	-	48	
2019-12-14 19:35:00	15.1	북서	322	14.57	31.51	1.51	7.2	2.04	8.0	5.4	서남서	242	5.1	1030.0	-	42	
2019-12-14 19:40:00	16.3	북북서	331	14.57	31.49	1.73	7.5	2.29	7.0	5.5	서남서	241	5.1	1030.1	-	31	
2019-12-14 19:45:00	19.4	북서	316	14.57	31.50	1.60	8.6	2.19	7.5	5.5	서남서	240	5.3	1030.1	-	40	
2019-12-14 19:50:00	16.2	북서	321	14.57	31.52	1.68	7.2	2.11	7.5	5.7	남서	235	5.1	1030.2	-	357	
2019-12-14 19:55:00	20.1	북서	326	14.55	31.50	1.36	7.2	1.80	8.5	5.6	서남서	238	5.1	1030.2	-	45	
2019-12-14 20:00:00	13.4	북서	318	14.57	31.54	1.64	7.4	2.34	8.0	5.3	서남서	239	5.1	1030.2	-	42	
2019-12-14 20:05:00	15.9	북서	319	14.56	31.51	1.45	6.8	2.47	8.0	4.4	서남서	240	5.3	1030.1	-	6	
2019-12-14 20:10:00	14.1	북서	321	14.55	31.50	1.67	8.6	2.16	7.5	4.6	서남서	239	5.3	1030.2	-	51	
2019-12-14 20:15:00	14.0	북서	321	14.55	31.50	1.44	8.4	2.07	9.5	4.8	서남서	241	5.4	1030.2	-	48	
2019-12-14 20:20:00	12.4	북서	318	14.55	31.47	1.84	7.6	2.25	7.0	4.8	서남서	241	5.3	1030.2	-	54	
2019-12-14 20:25:00	18.1	북서	317	14.55	31.48	1.77	7.6	2.42	7.5	5.2	서남서	238	5.3	1030.2	-	45	
2019-12-14 20:30:00	13.7	북서	323	14.54	31.52	1.80	7.6	2.76	7.0	4.4	서남서	243	5.3	1030.2	-	37	
2019-12-14 20:35:00	17.3	북서	324	14.55	31.50	1.61	7.5	2.39	7.0	4.3	서남서	245	5.2	1030.2	-	58	
2019-12-14 20:40:00	14.0	북서	310	14.54	31.53	1.54	8.2	1.85	7.0	4.2	남서	223	5.3	1030.2	-	39	
2019-12-14 20:45:00	10.8	북서	320	14.53	31.55	1.68	8.5	2.07	7.5	3.9	남서	227	5.2	1030.3	-	53	
2019-12-14 20:50:00	11.5	북북서	332	14.54	31.51	1.52	7.5	2.28	9.0	3.9	남서	222	5.1	1030.3	-	43	
2019-12-14 20:55:00	12.6	북서	321	14.54	31.51	1.65	8.0	1.90	8.0	4.0	남서	218	4.8	1030.3	-	52	
2019-12-14 21:00:00	14.6	북북서	332	14.53	31.53	1.69	7.3	2.44	7.0	3.7	남서	221	4.8	1030.3	-	43	
2019-12-14 21:05:00	14.2	북북서	329	14.54	31.52	1.85	8.0	2.28	6.5	4.0	남서	228	4.9	1030.3	-	48	
2019-12-14 21:10:00	15.1	북북서	332	14.54	31.53	1.79	8.4	2.21	7.5	3.9	남서	227	4.8	1030.5	-	47	
2019-12-14 21:15:00	16.9	북서	325	14.54	31.53	1.72	8.1	2.33	7.5	4.0	남서	224	4.7	1030.5	-	31	
2019-12-14 21:20:00	15.6	북서	323	14.53	31.54	1.66	8.6	1.89	8.5	4.1	남서	221	4.8	1030.6	-	42	
2019-12-14 21:25:00	15.9	북북서	330	14.53	31.51	1.91	8.4	2.28	7.5	4.4	남서	220	4.9	1030.6	-	41	
2019-12-14 21:30:00	17.6	북서	320	14.54	31.51	1.57	8.2	1.96	9.0	4.6	남서	226	5.1	1030.6	-	48	
2019-12-14 21:35:00	17.3	북북서	330	14.52	31.55	1.50	8.5	1.84	9.0	4.5	서남서	239	5.2	1030.7	-	50	
2019-12-14 21:40:00	15.9	북서	315	14.52	31.52	1.65	8.8	2.08	8.5	4.7	서남서	240	5.2	1030.7	-	47	
2019-12-14 21:45:00	17.9	북북서	331	14.51	31.52	1.65	8.4	2.03	7.5	4.9	서남서	239	5.3	1030.8	-	52	
2019-12-14 21:50:00	19.7	북북서	331	14.50	31.50	1.51	8.0	2.09	8.5	4.7	서남서	238	5.3	1030.8	-	40	
2019-12-14 21:55:00	18.0	북서	322	14.49	31.52	1.38	9.0	2.64	8.0	4.7	남서	225	5.3	1030.8	-	30	
2019-12-14 22:00:00	17.3	북북서	331	14.48	31.51	1.73	8.2	2.30	8.0	4.6	남서	226	5.3	1030.8	-	40	
2019-12-14 22:05:00	19.8	북북서	326	14.47	31.53	1.51	8.4	2.12	7.5	3.8	서남서	244	5.4	1030.8	-	42	
2019-12-14 22:10:00	20.0	북북서	331	14.46	31.51	1.47	8.8	1.87	9.0	3.8	서남서	243	5.3	1030.8	-	38	
2019-12-14 22:15:00	19.3	북서	326	14.45	31.51	1.54	7.4	1.96	8.0	4.3	서남서	246	5.1	1030.8	-	23	
2019-12-14 22:20:00	13.9	북서	315	14.46	31.50	1.67	8.6	2.15	8.0	4.6	서남서	238	5.1	1030.7	-	49	
2019-12-14 22:25:00	18.1	북서	321	14.45	31.50	1.66	8.0	2.25	8.0	4.9	남서	236	5.2	1030.7	-	22	
2019-12-14 22:30:00	18.0	북북서	331	14.45	31.51	1.54	9.0	2.10	9.0	4.3	남서	234	5.2	1030.8	-	46	
2019-12-14 22:35:00	19.4	북북서	329	14.44	31.53	1.51	7.7	1.97	8.0	4.7	서남서	240	5.2	1030.9	-	52	
2019-12-14 22:40:00	18.9	북서	314	14.45	31.51	1.77	8.5	2.66	8.5	4.5	서남서	244	5.2	1030.9	-	44	
2019-12-14 22:45:00	15.4	북북서	335	14.45	31.48	1.62	7.9	2.87	8.0	4.1	서남서	244	5.3	1031.0	-	41	
2019-12-14 22:50:00	17.6	북북서	327	14.45	31.48	1.91	8.3	2.78	9.5	3.8	서남서	248	5.1	1030.9	-	47	
2019-12-14 22:55:00	16.8	북북서	328	14.44	31.45	1.54	8.4	2.32	7.0	3.7	서남서	251	5.2	1030.9	-	32	
2019-12-14 23:00:00	16.4	북북서	337	14.43	31.45	1.10	8.3	1.47	8.0	3.9	서남서	247	5.3	1030.9	-	39	
2019-12-14 23:05:00	17.1	북서	325	14.44	31.45	1.36	7.9	1.52	7.5	3.9	서남서	253	5.2	1031.0	-	14	
2019-12-14 23:10:00	15.9	북서	323	14.44	31.47	1.40	7.9	1.99	6.5	4.3	서남서	244	5.3	1031.0	-	43	
2019-12-14 23:15:00	15.2	북서	322	14.45	31.45	1.56	8.3	2.01	7.5	4.3	서남서	239	5.4	1031.0	-	47	
2019-12-14 23:20:00	15.3	북서	317	14.45	31.44	1.50	7.6	1.73	8.0	4.5	남서	236	5.4	1031.0	-	45	
2019-12-14 23:25:00	16.9	북서	325	14.43	31.46	1.72	8.9	2.06	9.5	4.8	서남서	240	5.4	1031.0	-	45	
2019-12-14 23:30:00	17.1	북서	319	14.43	31.41	1.77	8.5	2.16	9.0	4.7	서남서	241	5.3	1031.1	-	41	
2019-12-14 23:35:00	16.8	북북서	328	14.43	31.45	1.55	8.6	2.25	8.5	4.7	서남서	237	5.3	1031.1	-	40	
2019-12-14 23:40:00	14.5	북북서	328	14.43	31.43	1.39	7.3	1.67	7.5	4.9	서남서	239	5.2	1031.1	-	60	
2019-12-14 23:45:00	16.6	북서	325	14.42	31.45	1.46	7.7	1.83	7.0	4.7	서남서	242	5.2	1031.0	-	37	
2019-12-14 23:50:00	13.7	북북서	331	14.42	31.46	1.45	8.0	1.90	8.0	5.0	서남서	242	5.1	1031.0	-	54	
2019-12-14 23:55:00	15.3	북서	321	14.42	31.45	1.28	8.5	1.72	8.5	4.8	서남서	244	5.0	1031.0	-	47	
2019-12-15 00:00:00	14.2	북북서	327	14.41	31.47	1.55	8.1	2.52	7.5	4.6	서남서	244	5.0	1031.0	-	33	
2019-12-15 00:05:00	16.8	북북서	330	14.42	31.45	1.48	7.6	2.34	8.0	4.7	서남서	238	4.9	1030.9	-	39	
2019-12-15 00:10:00	15.0	북북서	327	14.40	31.46	1.63	8.8	2.11	8.5	5.0	서남서	240	5.0	1031.0	-	50	
2019-12-15 00:15:00	15.4	북서	321	14.41	31.48	1.58	7.4	2.11	8.5	5.3	서남서	244	4.8	1031.0	-	31	
2019-12-15 00:20:00	13.9	북서	326	14.41	31.49	1.50	7.1	1.76	8.5	5.1	서남서	240	4.8	1030.9	-	48	
2019-12-15 00:25:00	13.8	북북서	327	14.41	31.48	1.40	8.2	1.95	8.0	4.7	서남서	238	4.9	1030.9	-	47	
2019-12-15 00:30:00	13.4	북북서	334	14.39	31.48	1.36	8.6	2.36	8.5	4.3	남서	236	5.2	1030.8	-	33	
2019-12-15 00:35:00	15.1	북서	325	14.39	31.48	1.40	7.7	1.78	7.0	4.2	남서	231	5.4	1030.7	-	38	
2019-12-15 00:40:00	16.7	북서	324	14.38	31.50	1.63	8.6	2.06	9.0	4.1	남서	234	5.3	1030.7	-	43	
2019-12-15 00:45:00	17.7	북북서	330	14.38	31.47	1.49	8.3	2.24	8.0	4.5	서남서	240	5.3	1030.6	-	38	
2019-12-15 00:50:00	17.1	북북서	342	14.36	31.49	1.76	8.8	2.33	8.0	4.7	서남서	242	5.2	1030.7	-	41	
2019-12-15 00:55:00	17.5	북서	323	14.36	31.49	1.73	7.9	2.07	6.5	4.7	서남서	241	5.3	1030.7	-	49	
2019-12-15 01:00:00	14.6	북북서	329	14.34	31.47	1.75	8.5	2.33	8.0	5.1	서남서	240	5.1	1030.6	-	46	
2019-12-15 01:05:00	17.9	북북서	327	14.35	31.50	1.61	7.9	2.20	8.0	4.9	서남서	242	5.0	1030.6	-	32	
2019-12-15 01:10:00	17.6	북서	321	14.35	31.49	1.37	8.0	1.78	8.0	5.0	서남서	243	5.2	1030.7	-	34	
2019-12-15 01:15:00	17.3	북북서	334	14.34	31.50	1.14	7.5	1.58	8.0	5.1	서남서	244	5.2	1030.7	-	42	
2019-12-15 01:20:00	16.1	북서	323	14.34	31.47	1.71	9.1	2.17	9.5	5.1	서남서	244	5.1	1030.7	-	42	
2019-12-15 01:25:00	17.1	북북서	326	14.33	31.47	1.62	8.2	2.68	8.0	5.5	서남서	241	5.0	1030.7	-	53	
2019-12-15 01:30:00	15.9	북서	325	14.32	31.46	1.52	8.5	1.99	8.5	5.5	서남서	240	5.1	1030.7	-	37	
2019-12-15 01:35:00	19.0	북북서	341	14.32	31.45	1.46	8.1	2.06	8.0	5.5	서남서	237	5.1	1030.7	-	38	
2019-12-15 01:40:00	15.2	북북서	327	14.33	31.47	1.57	7.6	2.19	7.5	5.4	서남서	241	5.4	1030.7	-	34	
2019-12-15 01:45:00	18.7	북북서	336	14.30	31.46	1.86	8.2	2.69	9.0	5.4	서남서	244	5.2	1030.7	-	48	
2019-12-15 01:50:00	15.9	북북서	331	14.30	31.45	1.45	8.1	2.24	7.5	5.2	서남서	240	5.2	1030.7	-	40	
2019-12-15 01:55:00	17.0	북북서	330	14.28	31.46	1.35	8.4	1.87	9.0	4.6	서남서	241	5.4	1030.8	-	51	
2019-12-15 02:00:00	19.0	북북서	328	14.29	31.47	1.52	7.8	1.97	7.0	5.3	서남서	242	5.4	1030.8	-	48	
2019-12-15 02:05:00	17.1	북북서	328	14.29	31.45	1.41	8.2	1.82	8.0	5.1	서남서	237	5.2	1030.8	-	30	
2019-12-15 02:10:00	16.4	북북서	334	14.28	31.46	1.54	7.4	2.08	7.5	5.3	남서	229	5.2	1030.9	-	47	
2019-12-15 02:15:00	17.7	북북서	331	14.27	31.47	1.48	8.3	2.21	8.0	5.2	남서	232	5.4	1030.9	-	51	
2019-12-15 02:20:00	16.9	북북서	329	14.27	31.47	1.61	8.4	2.38	7.5	5.1	서남서	244	5.4	1031.0	-	40	
2019-12-15 02:25:00	18.2	북북서	326	14.27	31.50	1.50	8.0	2.02	8.0	5.2	서남서	242	5.1	1031.0	-	27	
2019-12-15 02:30:00	13.8	북북서	345	14.26	31.48	1.39	7.5	2.05	7.5	5.1	서남서	237	5.3	1031.0	-	48	
2019-12-15 02:35:00	19.7	북북서	331	14.25	31.47	0.00	0.0	0.00	0.0	5.2	남서	232	5.4	1031.0	-	15	
2019-12-15 02:40:00	18.2	북북서	331	14.25	31.48	1.16	6.9	1.58	6.5	5.6	남서	230	5.2	1031.0	-	28	
2019-12-15 02:45:00	20.4	북북서	332	14.25	31.47	1.24	8.0	1.49	7.5	5.2	서남서	238	5.4	1031.1	-	38	
2019-12-15 02:50:00	19.1	북북서	327	14.24	31.49	1.47	8.5	1.87	9.5	5.8	서남서	243	5.2	1031.1	-	35	
2019-12-15 02:55:00	19.5	북북서	335	14.23	31.45	1.41	7.6	1.83	6.0	5.8	서남서	243	5.1	1031.1	-	43	
2019-12-15 03:00:00	17.1	북서	320	14.24	31.46	1.22	7.2	1.40	6.0	5.7	서남서	245	5.1	1031.1	-	56	
2019-12-15 03:05:00	17.9	북북서	338	14.24	31.46	1.72	7.9	2.24	8.0	5.7	서남서	245	5.0	1031.1	-	27	
2019-12-15 03:10:00	16.4	북북서	329	14.24	31.49	1.32	7.0	1.51	6.5	5.8	서남서	241	4.8	1031.2	-	42	
2019-12-15 03:15:00	19.3	북북서	333	14.24	31.47	1.24	7.9	1.54	8.0	5.1	서남서	244	5.0	1031.2	-	52	
2019-12-15 03:20:00	17.5	북북서	330	14.24	31.46	1.49	7.1	2.06	7.5	5.1	서남서	243	5.2	1031.2	-	41	
2019-12-15 03:25:00	21.0	북서	321	14.27	31.49	1.48	7.8	1.96	7.5	5.6	서남서	245	4.9	1031.1	-	39	
2019-12-15 03:30:00	21.5	북북서	335	14.32	31.48	1.38	7.7	2.03	8.0	5.5	서남서	247	5.0	1031.1	-	36	
2019-12-15 03:35:00	23.0	북북서	327	14.33	31.45	1.42	7.5	1.76	7.0	5.3	서남서	242	5.0	1031.1	-	48	
2019-12-15 03:40:00	20.7	북북서	337	14.31	31.48	1.21	7.5	1.56	7.5	5.6	남서	233	5.2	1031.1	-	61	
2019-12-15 03:45:00	17.1	북북서	329	14.33	31.47	1.35	6.7	1.89	7.0	5.5	남서	231	5.3	1031.0	-	15	
2019-12-15 03:50:00	25.1	북서	323	14.36	31.49	1.26	8.0	1.75	7.0	5.5	서남서	242	5.6	1031.1	-	48	
2019-12-15 03:55:00	21.6	북북서	335	14.38	31.48	1.53	8.3	1.93	8.5	6.0	서남서	245	5.0	1031.1	-	51	
2019-12-15 04:00:00	23.4	북북서	327	14.38	31.48	1.18	8.1	2.01	6.5	5.6	서남서	244	4.7	1031.1	-	36	
2019-12-15 04:05:00	21.0	북서	323	14.39	31.49	1.37	7.6	1.89	7.5	5.8	서남서	240	4.9	1031.2	-	55	
2019-12-15 04:10:00	18.4	북북서	332	14.39	31.47	1.19	8.1	1.60	8.5	5.5	서남서	244	4.8	1031.1	-	30	
2019-12-15 04:15:00	16.9	북북서	330	14.37	31.45	1.53	7.3	1.88	7.5	5.5	서남서	242	4.9	1031.0	-	36	
2019-12-15 04:20:00	17.3	북북서	336	14.36	31.48	1.13	7.1	1.89	6.5	5.6	서남서	241	4.8	1031.0	-	41	
2019-12-15 04:25:00	14.1	북서	318	14.36	31.46	1.23	8.1	1.82	7.5	5.6	남서	235	5.1	1031.0	-	33	
2019-12-15 04:30:00	19.1	북서	316	14.37	31.47	1.34	7.2	1.65	7.0	5.4	남서	231	5.3	1031.0	-	31	
2019-12-15 04:35:00	15.6	북서	326	14.37	31.48	1.28	7.5	1.66	6.0	5.4	남서	233	5.3	1031.0	-	16	
2019-12-15 04:40:00	16.5	북북서	333	14.38	31.49	1.19	7.7	1.85	8.5	5.0	서남서	243	5.4	1030.9	-	48	
2019-12-15 04:45:00	14.4	북북서	327	14.41	31.50	1.22	7.3	1.85	8.0	5.2	서남서	242	5.1	1030.9	-	43	
2019-12-15 04:50:00	14.5	북서	320	14.42	31.48	1.20	7.8	1.76	7.0	5.2	남서	235	5.3	1030.9	-	44	
2019-12-15 04:55:00	13.2	북서	316	14.43	31.51	1.18	6.7	1.53	5.5	5.0	남서	228	5.3	1030.8	-	21	
2019-12-15 05:00:00	15.0	북서	320	14.43	31.51	1.33	7.1	1.80	7.5	5.4	남서	224	5.0	1030.8	-	49	
2019-12-15 05:05:00	14.8	북서	325	14.45	31.49	1.46	7.1	1.92	8.0	4.9	남서	236	5.2	1030.8	-	46	
2019-12-15 05:10:00	13.1	북서	322	14.47	31.48	1.46	7.1	1.98	6.5	5.7	서남서	244	5.1	1030.9	-	33	
2019-12-15 05:15:00	10.6	북북서	329	14.43	31.47	1.15	7.2	1.56	7.0	5.6	서남서	241	4.8	1031.0	-	52	
2019-12-15 05:20:00	10.0	북서	304	14.43	31.50	1.34	7.5	2.07	7.0	5.0	서남서	237	4.9	1030.7	-	49	
2019-12-15 05:25:00	11.4	북서	323	14.45	31.49	1.09	7.3	1.57	8.5	5.5	남서	230	5.2	1030.7	-	29	
2019-12-15 05:30:00	11.4	북북서	336	14.44	31.47	1.45	7.3	1.91	7.0	5.0	남서	230	5.4	1030.8	-	51	
2019-12-15 05:35:00	12.5	북북서	333	14.45	31.50	1.19	6.8	1.89	6.0	4.9	남서	226	5.1	1030.8	-	42	
2019-12-15 05:40:00	15.0	북북서	328	14.46	31.50	1.31	7.1	2.19	6.5	5.4	남서	229	4.9	1030.8	-	43	
2019-12-15 05:45:00	13.9	북서	318	14.44	31.53	1.13	7.2	1.69	7.0	5.0	서남서	240	4.9	1031.0	-	58	
2019-12-15 05:50:00	13.8	북북서	333	14.44	31.49	1.20	6.0	1.81	6.5	5.5	서남서	240	4.6	1030.9	-	23	
2019-12-15 05:55:00	12.5	북북서	329	14.45	31.46	1.18	6.5	1.84	7.0	5.2	서남서	243	4.7	1030.8	-	29	
2019-12-15 06:00:00	10.0	북서	326	14.46	31.46	1.33	6.5	1.87	6.0	5.0	서남서	242	5.0	1030.9	-	38	
2019-12-15 06:05:00	13.8	북북서	328	14.45	31.46	1.16	7.0	2.45	6.5	4.9	서남서	240	5.0	1030.9	-	11	
2019-12-15 06:10:00	15.2	북북서	337	14.46	31.43	1.36	7.3	1.89	7.0	4.8	서남서	238	5.2	1031.0	-	52	
2019-12-15 06:15:00	16.0	북북서	330	14.45	31.47	1.10	7.0	1.56	6.0	4.7	서남서	241	5.0	1031.0	-	54	
2019-12-15 06:20:00	14.9	북북서	330	14.46	31.41	1.17	7.0	1.68	6.0	4.8	서남서	241	4.7	1031.0	-	21	
2019-12-15 06:25:00	14.3	북서	320	14.45	31.41	1.10	6.7	1.48	7.5	4.7	남서	229	4.9	1030.9	-	25	
2019-12-15 06:30:00	14.2	북서	311	14.46	31.44	1.14	7.6	1.37	7.0	4.3	남서	222	4.7	1031.0	-	42	
2019-12-15 06:35:00	15.4	북서	318	14.44	31.47	1.06	7.2	1.65	7.0	4.6	서남서	242	4.8	1031.0	-	37	
2019-12-15 06:40:00	14.2	북북서	326	14.44	31.45	0.95	6.5	1.26	6.0	5.3	서남서	241	4.7	1030.9	-	34	
2019-12-15 06:45:00	15.3	북서	318	14.44	31.46	1.15	6.8	1.80	6.5	5.2	서남서	243	4.6	1031.0	-	59	
2019-12-15 06:50:00	16.1	북서	325	14.42	31.48	1.20	7.3	1.45	6.0	4.9	서남서	238	4.7	1031.0	-	60	
2019-12-15 06:55:00	12.9	북서	321	14.41	31.49	1.08	6.9	1.36	6.5	4.8	서남서	241	4.7	1031.0	-	36	
2019-12-15 07:00:00	13.2	북서	320	14.39	31.49	1.02	6.9	1.42	8.5	4.8	서남서	241	4.7	1031.0	-	45	
2019-12-15 07:05:00	15.8	북서	322	14.39	31.46	1.02	6.4	1.49	8.0	5.3	서남서	241	4.6	1031.1	-	44	
2019-12-15 07:10:00	17.2	북서	312	14.39	31.49	1.16	6.7	1.72	6.5	5.5	서남서	239	4.6	1031.1	-	27	
2019-12-15 07:15:00	13.8	북서	321	14.37	31.49	1.15	7.3	1.57	6.0	5.0	서남서	239	4.5	1031.1	-	36	
2019-12-15 07:20:00	15.0	북서	311	14.40	31.45	1.21	7.2	1.55	6.5	4.7	남서	231	4.6	1031.1	-	35	
2019-12-15 07:25:00	15.0	북서	324	14.38	31.49	1.38	6.8	1.79	6.5	4.3	남서	222	4.2	1031.1	-	38	
2019-12-15 07:30:00	14.6	북서	318	14.39	31.49	1.20	6.2	1.56	6.5	4.1	남서	224	4.2	1031.1	-	52	
2019-12-15 07:35:00	11.6	북서	306	14.39	31.49	0.96	7.1	1.23	5.5	4.6	남서	222	4.4	1031.2	-	51	
2019-12-15 07:40:00	13.8	북서	321	14.37	31.47	1.13	6.5	1.56	6.0	4.2	남서	222	4.7	1031.2	-	61	
2019-12-15 07:45:00	14.9	북서	318	14.37	31.49	1.00	6.5	1.36	5.5	4.1	남서	232	4.9	1031.3	-	49	
2019-12-15 07:50:00	12.9	북서	322	14.37	31.48	1.11	7.3	1.82	6.0	4.7	서남서	242	4.8	1031.3	-	34	
2019-12-15 07:55:00	17.5	북서	322	14.35	31.49	1.13	7.0	1.53	7.5	4.8	서남서	240	4.9	1031.2	-	35	
2019-12-15 08:00:00	14.6	북서	319	14.36	31.49	1.11	7.3	1.32	8.0	4.3	남서	229	5.0	1031.2	-	34	
2019-12-15 08:05:00	11.4	북서	311	14.37	31.50	0.99	7.3	1.49	7.0	4.5	남서	222	5.0	1031.2	-	39	
2019-12-15 08:10:00	14.2	북서	313	14.34	31.51	1.04	6.5	1.39	7.0	4.5	남서	224	5.0	1031.2	-	59	
2019-12-15 08:15:00	13.1	북서	321	14.35	31.48	0.98	6.8	1.29	7.0	4.5	남서	219	5.0	1031.2	-	58	
2019-12-15 08:20:00	12.8	북서	317	14.32	31.48	0.93	7.0	1.36	8.5	4.3	남서	216	4.9	1031.2	-	40	
2019-12-15 08:25:00	11.6	북서	308	14.32	31.47	1.06	7.0	1.54	6.5	4.4	남서	220	4.8	1031.2	-	33	
2019-12-15 08:30:00	13.0	북서	317	14.31	31.47	1.03	7.4	1.39	8.0	3.9	남서	221	5.1	1031.2	-	27	
2019-12-15 08:35:00	11.8	북서	325	14.30	31.46	1.02	6.4	1.40	5.0	4.6	남서	220	5.3	1031.2	-	47	
2019-12-15 08:40:00	10.0	북서	311	14.30	31.47	1.09	7.1	1.57	7.5	4.1	남서	222	5.2	1031.2	-	42	
2019-12-15 08:45:00	10.4	북북서	329	14.31	31.48	1.14	6.8	1.47	5.5	3.8	남서	222	5.3	1031.2	-	36	
2019-12-15 08:50:00	11.2	북서	309	14.30	31.49	0.94	6.7	1.12	7.5	3.9	남서	222	5.8	1031.3	-	60	
2019-12-15 08:55:00	10.0	북서	320	14.31	31.43	1.00	6.6	1.33	7.0	4.2	남서	223	6.1	1031.4	-	40	
2019-12-15 09:00:00	10.4	북서	325	14.29	31.50	0.94	7.2	1.33	7.0	4.9	남서	225	6.0	1031.5	-	52	
2019-12-15 09:05:00	13.3	북북서	331	14.28	31.47	0.92	6.6	1.24	6.0	5.0	남서	226	6.0	1031.5	-	15	
2019-12-15 09:10:00	15.2	북서	322	14.28	31.48	1.01	7.0	1.31	7.0	4.4	남서	225	6.1	1031.6	-	52	
2019-12-15 09:15:00	12.9	북북서	331	14.28	31.50	1.03	6.9	1.23	6.0	4.1	남서	228	6.4	1031.6	-	56	
2019-12-15 09:20:00	12.8	북북서	327	14.29	31.46	0.90	6.9	1.65	5.5	3.9	남서	229	6.4	1031.6	-	52	
2019-12-15 09:25:00	11.3	북서	318	14.29	31.48	1.07	6.7	1.35	6.0	3.5	남서	223	6.3	1031.5	-	47	
2019-12-15 09:30:00	12.3	북북서	334	14.32	31.50	0.94	7.1	1.26	7.0	3.3	남서	228	6.5	1031.5	-	39	
2019-12-15 09:35:00	12.0	북서	324	14.31	31.50	1.01	6.7	1.21	6.5	3.3	남서	223	7.0	1031.5	-	49	
2019-12-15 09:40:00	11.4	북북서	329	14.30	31.48	0.93	6.9	1.33	7.5	3.1	남서	223	7.2	1031.6	-	34	
2019-12-15 09:45:00	10.3	북서	313	14.29	31.48	1.08	7.0	1.49	8.0	3.5	남서	232	7.6	1031.6	-	42	
2019-12-15 09:50:00	12.0	북서	322	14.30	31.50	1.03	7.5	1.49	7.0	3.1	남서	224	7.6	1031.6	-	58	
2019-12-15 09:55:00	10.9	북북서	333	14.29	31.48	1.16	7.4	1.76	6.5	3.0	남서	224	7.6	1031.6	-	50	
2019-12-15 10:00:00	12.9	북서	317	14.29	31.46	0.98	7.2	1.27	8.0	2.8	남서	222	7.6	1031.7	-	45	
2019-12-15 10:05:00	9.2	북서	319	14.29	31.41	1.04	7.4	1.43	7.0	2.1	남서	224	7.9	1031.6	-	54	
2019-12-15 10:10:00	11.2	북서	317	14.29	31.45	1.05	6.8	1.35	8.0	1.6	남서	220	8.1	1031.5	-	42	
2019-12-15 10:15:00	16.3	북서	322	14.28	31.45	0.93	7.5	1.24	6.5	1.4	남서	219	8.3	1031.5	-	62	
2019-12-15 10:20:00	16.4	북서	324	14.28	31.46	0.85	6.4	0.97	7.0	0.8	남남서	209	8.7	1031.5	-	52	
2019-12-15 10:25:00	15.2	북북서	332	14.29	31.45	0.92	6.9	1.17	8.0	1.1	남남서	197	9.0	1031.4	-	61	
2019-12-15 10:30:00	16.4	북북서	337	14.29	31.48	1.01	7.2	1.25	5.5	2.1	남	187	8.9	1031.4	-	53	
2019-12-15 10:35:00	19.0	북서	317	14.29	31.46	1.07	7.0	1.42	7.0	2.2	남	182	8.9	1031.3	-	55	
2019-12-15 10:40:00	14.2	북서	309	14.31	31.47	1.05	6.9	1.36	6.0	2.0	남	180	9.1	1031.3	-	41	
2019-12-15 10:45:00	14.1	북서	307	14.30	31.47	0.85	6.5	1.18	6.5	2.4	남	173	9.1	1031.2	-	34	
2019-12-15 10:50:00	9.7	북북서	340	14.31	31.45	1.01	7.0	1.32	8.0	2.5	남	183	9.2	1031.2	-	53	
2019-12-15 10:55:00	24.8	북서	313	14.29	31.45	0.99	6.7	1.44	5.5	2.3	남남동	168	9.4	1031.1	-	52	
2019-12-15 11:00:00	22.2	북서	326	14.29	31.44	0.91	6.8	1.18	7.5	2.4	남남동	167	9.5	1031.0	-	51	
2019-12-15 11:05:00	15.3	북북서	342	14.29	31.44	0.95	6.2	1.19	5.5	2.4	남남동	164	9.6	1030.8	-	43	
2019-12-15 11:10:00	3.7	서	269	14.28	31.43	0.99	6.6	1.37	6.5	2.3	남	170	9.8	1030.7	-	44	
2019-12-15 11:15:00	4.0	동북동	62	14.28	31.44	0.93	6.5	1.37	7.0	2.6	남	172	9.9	1030.6	-	42	
2019-12-15 11:20:00	9.7	북서	321	14.28	31.40	1.00	7.0	1.35	7.5	3.8	남남동	165	10.1	1030.5	-	45	
2019-12-15 11:25:00	19.6	북서	319	14.28	31.41	0.99	6.6	1.19	7.5	4.0	남남동	164	10.2	1030.5	-	34	
2019-12-15 11:30:00	16.9	북서	315	14.28	31.40	1.06	6.6	1.60	7.0	4.9	남남동	158	10.4	1030.3	-	52	
2019-12-15 11:35:00	14.4	북서	318	14.29	31.41	1.04	6.9	1.26	7.0	6.2	남동	135	10.2	1030.2	-	50	
2019-12-15 11:40:00	12.6	북북서	348	14.29	31.45	0.96	7.2	1.57	6.0	6.1	남동	145	10.3	1030.1	-	53	
2019-12-15 11:45:00	10.5	북북서	328	14.28	31.44	0.79	6.5	1.19	6.0	6.3	남동	137	10.2	1030.0	-	50	
2019-12-15 11:50:00	10.8	북북서	339	14.27	31.46	0.87	5.8	1.31	6.5	6.1	남동	139	10.4	1029.9	-	61	
2019-12-15 11:55:00	14.9	북서	325	14.27	31.44	0.93	6.3	1.35	7.0	4.6	남동	142	10.5	1029.8	-	45	
2019-12-15 12:00:00	17.1	북북서	330	14.26	31.42	0.96	7.3	1.36	5.5	5.1	남동	143	10.7	1029.8	-	46	
2019-12-15 12:05:00	18.6	북서	324	14.27	31.42	0.92	6.3	1.30	8.5	6.1	남동	142	10.6	1029.7	-	34	
2019-12-15 12:10:00	17.1	북서	321	14.29	31.42	0.96	7.4	1.21	7.0	6.7	남동	139	10.6	1029.5	-	52	
2019-12-15 12:15:00	17.7	북서	324	14.30	31.42	0.82	6.3	1.19	6.0	7.3	남동	138	10.6	1029.5	-	56	
2019-12-15 12:20:00	19.2	북서	319	14.30	31.42	0.89	6.8	1.31	7.0	6.1	남남동	150	10.5	1029.4	-	46	
2019-12-15 12:25:00	18.4	북북서	326	14.30	31.43	0.83	5.9	0.99	5.5	7.0	남동	135	10.7	1029.2	-	50	
2019-12-15 12:30:00	16.7	북서	326	14.30	31.42	1.02	7.8	1.13	7.0	7.0	남동	138	10.7	1029.1	-	54	
2019-12-15 12:35:00	18.7	북서	322	14.29	31.42	0.84	6.2	1.11	8.0	7.6	남동	135	10.6	1028.9	-	27	
2019-12-15 12:40:00	18.9	북서	321	14.29	31.41	0.77	5.5	0.99	6.5	7.3	남동	143	10.6	1028.9	-	63	
2019-12-15 12:45:00	20.4	북북서	327	14.29	31.41	0.95	5.9	1.21	5.0	7.6	남동	143	10.6	1028.8	-	48	
2019-12-15 12:50:00	20.5	북서	319	14.28	31.43	0.91	5.6	1.16	7.0	6.8	남동	143	10.8	1028.9	-	39	
2019-12-15 12:55:00	17.7	북서	309	14.28	31.41	0.87	5.7	1.15	7.0	7.4	남남동	147	10.8	1028.7	-	57	
2019-12-15 13:00:00	18.6	북서	309	14.28	31.41	1.03	7.2	1.27	8.0	7.9	남남동	148	10.9	1028.6	-	42	
2019-12-15 13:05:00	15.7	북서	325	14.28	31.40	0.85	5.8	1.15	7.5	7.7	남동	133	10.8	1028.5	-	58	
2019-12-15 13:10:00	19.5	북북서	331	14.28	31.40	0.89	6.1	1.25	5.5	7.8	남동	136	10.9	1028.4	-	45	
2019-12-15 13:15:00	24.1	북서	320	14.28	31.41	1.01	6.7	1.40	5.5	7.3	남동	139	10.9	1028.4	-	66	
2019-12-15 13:20:00	17.0	북서	321	14.28	31.40	0.89	5.7	1.33	6.0	8.3	남동	145	10.9	1028.3	-	50	
2019-12-15 13:25:00	17.1	북서	315	14.28	31.39	0.87	6.5	1.21	6.0	8.1	남동	145	10.8	1028.2	-	42	
2019-12-15 13:30:00	19.2	북서	319	14.28	31.40	1.00	6.3	1.28	7.0	8.3	남동	144	10.9	1028.1	-	46	
2019-12-15 13:35:00	15.7	북서	318	14.29	31.40	0.80	6.1	1.06	6.0	8.5	남동	138	10.8	1028.0	-	58	
2019-12-15 13:40:00	18.4	북서	318	14.30	31.41	1.03	6.6	1.44	6.5	8.2	남동	141	10.9	1027.9	-	61	
2019-12-15 13:45:00	18.0	북서	325	14.30	31.42	0.89	6.2	1.17	7.0	8.1	남동	132	11.0	1027.8	-	52	
2019-12-15 13:50:00	17.1	북북서	332	14.30	31.42	1.00	6.5	1.29	6.5	8.1	남동	129	11.0	1027.6	-	46	
2019-12-15 13:55:00	18.9	북서	325	14.31	31.42	0.90	5.9	1.20	3.5	7.3	남동	134	11.1	1027.5	-	46	
2019-12-15 14:00:00	19.5	북북서	328	14.31	31.42	0.85	4.9	1.11	5.5	7.8	남동	137	11.2	1027.5	-	98	
2019-12-15 14:05:00	12.3	북북서	327	14.31	31.44	0.85	5.5	1.09	6.5	8.1	남동	133	11.1	1027.4	-	51	
2019-12-15 14:10:00	23.2	북북서	332	14.31	31.43	1.00	6.3	1.43	8.0	7.8	남동	133	11.3	1027.4	-	34	
2019-12-15 14:15:00	15.9	북북서	327	14.35	31.44	0.93	6.4	1.29	6.5	7.7	남동	136	11.3	1027.4	-	49	
2019-12-15 14:20:00	17.3	북북서	329	14.38	31.44	0.82	5.6	1.28	7.5	8.5	남동	139	11.2	1027.4	-	44	
2019-12-15 14:25:00	19.2	북서	325	14.38	31.46	0.84	6.3	1.12	8.0	8.2	남동	134	11.3	1027.4	-	46	
2019-12-15 14:30:00	-	-	-	-	-	-	-	-	-	-	-	-	-	-	-	-	
2019-12-15 14:35:00	-	-	-	14.36	31.43	0.63	3.7	1.27	3.7	8.2	남동	136	11.4	1027.5	-	61	
2019-12-15 14:40:00	-	-	-	14.34	31.43	0.95	6.5	1.52	6.0	8.1	남동	133	11.3	1027.5	-	28	
2019-12-15 14:45:00	-	-	-	14.39	31.43	0.82	5.8	1.09	5.5	7.6	남동	137	11.4	1027.5	-	70	
2019-12-15 14:50:00	-	-	-	14.39	31.44	0.84	5.6	1.05	7.5	7.8	남동	136	11.5	1027.5	-	71	
2019-12-15 14:55:00	-	-	-	14.40	31.46	0.92	5.4	1.15	5.5	8.3	남동	136	11.6	1027.4	-	55	
2019-12-15 15:00:00	-	-	-	14.39	31.46	0.80	5.8	1.04	5.5	8.2	남동	134	11.5	1027.4	-	27	
2019-12-15 15:05:00	-	-	-	14.39	31.45	0.79	5.0	1.05	7.5	7.7	남동	138	11.5	1027.4	-	50	
2019-12-15 15:10:00	-	-	-	14.39	31.45	0.80	5.9	1.09	4.0	7.9	남동	137	11.5	1027.3	-	53	
2019-12-15 15:15:00	-	-	-	14.39	31.47	0.81	5.6	1.06	8.0	8.0	남동	139	11.5	1027.3	-	42	
2019-12-15 15:20:00	-	-	-	14.40	31.48	0.97	6.7	1.27	4.0	7.8	남동	138	11.6	1027.4	-	45	
2019-12-15 15:25:00	-	-	-	14.40	31.44	0.82	5.5	1.21	8.0	8.1	남동	140	11.5	1027.5	-	36	
2019-12-15 15:30:00	-	-	-	14.38	31.48	0.98	6.6	1.41	8.0	7.9	남동	138	11.6	1027.5	-	37	
2019-12-15 15:35:00	-	-	-	14.39	31.46	0.87	6.4	1.24	8.5	8.0	남동	136	11.7	1027.4	-	45	
2019-12-15 15:40:00	-	-	-	14.39	31.45	0.83	6.1	1.00	6.5	7.7	남동	133	11.7	1027.4	-	34	
2019-12-15 15:45:00	-	-	-	14.40	31.44	0.87	5.6	1.03	7.0	8.1	남동	135	11.6	1027.4	-	64	
2019-12-15 15:50:00	-	-	-	14.35	31.29	0.86	5.0	1.20	4.0	7.9	남동	138	11.6	1027.4	-	60	
2019-12-15 15:55:00	-	-	-	14.27	31.33	0.84	5.5	1.21	8.0	7.0	남동	136	11.8	1027.4	-	121	
2019-12-15 16:00:00	-	-	-	14.27	31.34	0.79	4.8	1.25	7.0	7.6	남동	144	11.8	1027.4	-	58	
2019-12-15 16:05:00	-	-	-	14.26	31.36	0.85	6.3	1.05	5.5	7.0	남동	141	11.7	1027.4	-	27	
2019-12-15 16:10:00	-	-	-	14.27	31.36	0.81	6.1	1.04	8.5	6.7	남동	145	11.7	1027.4	-	75	
2019-12-15 16:15:00	-	북북서	332	14.26	31.36	0.81	4.9	1.15	5.5	6.8	남남동	148	11.6	1027.4	-	51	
2019-12-15 16:20:00	17.4	북북서	333	14.25	31.34	0.84	5.5	1.22	7.0	6.4	남남동	157	11.7	1027.4	-	36	
2019-12-15 16:25:00	18.2	북북서	330	14.26	31.36	0.86	6.2	1.11	7.0	6.0	남남동	161	11.6	1027.4	-	269	
2019-12-15 16:30:00	19.6	북북서	331	14.25	31.37	0.76	5.7	1.13	7.5	4.6	남남동	163	11.5	1027.4	-	46	
2019-12-15 16:35:00	21.0	북북서	341	14.24	31.32	0.81	5.8	1.17	4.5	5.2	남남동	164	11.4	1027.4	-	67	
2019-12-15 16:40:00	21.8	북북서	334	14.25	31.36	0.85	6.5	1.17	7.5	5.6	남남동	157	11.4	1027.3	-	25	
2019-12-15 16:45:00	24.4	북북서	336	14.26	31.35	0.78	5.5	1.00	4.0	5.3	남남동	161	11.3	1027.4	-	66	
2019-12-15 16:50:00	18.9	북북서	343	14.27	31.36	0.85	5.6	1.11	5.0	4.2	남남동	164	11.3	1027.4	-	65	
2019-12-15 16:55:00	17.6	북북서	334	14.28	31.36	0.81	5.7	1.31	5.5	3.8	남	177	11.2	1027.5	-	60	
2019-12-15 17:00:00	22.4	북북서	340	14.27	31.36	0.80	5.4	1.15	5.5	4.1	남	174	11.2	1027.5	-	60	
2019-12-15 17:05:00	16.0	북북서	345	14.27	31.39	0.78	5.2	0.97	4.0	3.8	남남동	166	11.3	1027.4	-	59	
2019-12-15 17:10:00	17.6	북북서	338	14.31	31.36	0.76	5.4	1.04	6.5	2.8	남남서	193	11.4	1027.5	-	13	
2019-12-15 17:15:00	18.4	북북서	339	14.31	31.38	0.75	5.0	0.99	5.5	3.3	남남서	198	11.5	1027.4	-	338	
2019-12-15 17:20:00	15.1	북북서	333	14.29	31.39	0.86	6.3	1.22	6.5	4.3	남남서	212	11.7	1027.4	-	49	
2019-12-15 17:25:00	16.4	북북서	340	14.30	31.35	0.91	5.6	1.39	6.5	5.6	남남서	211	11.9	1027.4	-	62	
2019-12-15 17:30:00	15.7	북북서	338	14.28	31.40	0.87	5.6	1.27	4.5	5.8	남남서	213	11.9	1027.5	-	183	
2019-12-15 17:35:00	16.6	북북서	338	14.27	31.38	0.79	6.1	0.88	7.0	5.3	남남서	212	11.8	1027.5	-	37	
2019-12-15 17:40:00	17.2	북북서	341	14.27	31.40	0.76	5.4	0.96	5.0	5.7	남남서	207	12.0	1027.4	-	220	
2019-12-15 17:45:00	11.9	북북서	330	14.29	31.38	0.78	5.8	1.08	7.0	3.8	남남서	201	11.9	1027.4	-	66	
2019-12-15 17:50:00	15.3	북	354	14.28	31.40	0.78	5.6	0.98	5.5	4.7	남	191	11.7	1027.3	-	62	
2019-12-15 17:55:00	12.0	북북서	348	14.28	31.37	0.83	6.2	1.09	7.5	4.2	남남서	210	11.7	1027.4	-	40	
2019-12-15 18:00:00	15.2	북북서	345	14.30	31.39	0.74	5.5	1.20	5.5	4.3	남서	214	11.8	1027.4	-	122	
2019-12-15 18:05:00	14.2	북	355	14.29	31.42	0.85	6.1	1.16	6.5	3.9	남남서	209	11.6	1027.4	-	76	
2019-12-15 18:10:00	15.1	북북서	344	14.28	31.41	0.79	6.0	1.04	5.0	3.5	남서	217	11.6	1027.5	-	64	
2019-12-15 18:15:00	14.0	북북서	341	14.27	31.42	0.83	5.6	0.99	7.5	2.6	남남서	207	11.3	1027.6	-	50	
2019-12-15 18:20:00	13.0	북북서	335	14.25	31.38	0.69	4.9	1.11	5.0	2.4	남서	217	11.2	1027.6	-	281	
2019-12-15 18:25:00	12.2	북북서	347	14.26	31.42	0.74	5.9	1.05	7.0	3.2	남남서	206	11.1	1027.6	-	41	
2019-12-15 18:30:00	12.7	북북서	343	14.25	31.39	0.74	5.6	1.10	7.5	2.9	남남서	208	10.9	1027.6	-	58	
2019-12-15 18:35:00	11.5	북북서	337	14.25	31.40	0.82	5.8	1.04	6.5	2.8	남남서	213	10.9	1027.6	-	47	
2019-12-15 18:40:00	11.8	북북서	348	14.26	31.44	0.74	5.9	0.97	6.5	2.1	남서	221	11.0	1027.6	-	79	
2019-12-15 18:45:00	7.3	북북서	341	14.26	31.41	0.76	6.9	1.15	8.5	1.8	남서	228	10.9	1027.6	-	51	
2019-12-15 18:50:00	12.0	북북서	334	14.26	31.42	0.67	6.2	0.96	6.5	2.2	남서	227	10.9	1027.6	-	55	
2019-12-15 18:55:00	10.4	북북서	335	14.26	31.43	0.73	5.9	0.92	7.0	1.7	남서	220	10.8	1027.6	-	44	
2019-12-15 19:00:00	10.5	북북서	343	14.26	31.42	0.72	5.2	0.90	4.5	2.3	남서	233	10.7	1027.6	-	289	
2019-12-15 19:05:00	9.7	북북서	343	14.26	31.43	0.75	6.1	0.92	7.5	1.6	남서	231	10.4	1027.6	-	49	
2019-12-15 19:10:00	8.5	북북서	342	14.25	31.40	0.85	6.2	1.22	7.0	1.0	남남서	207	10.4	1027.5	-	149	
2019-12-15 19:15:00	7.4	북북서	330	14.25	31.41	0.78	6.0	1.13	7.0	1.0	남서	229	10.3	1027.5	-	71	
2019-12-15 19:20:00	9.3	북북서	327	14.25	31.39	0.73	5.6	0.92	5.5	1.7	남서	231	10.4	1027.5	-	57	
2019-12-15 19:25:00	8.0	북북서	331	14.24	31.36	0.76	6.0	0.98	5.0	2.2	남서	231	10.3	1027.5	-	317	
2019-12-15 19:30:00	8.3	북북서	333	14.24	31.43	0.66	6.1	1.00	6.0	2.6	남서	229	10.2	1027.5	-	340	
2019-12-15 19:35:00	7.1	북서	322	14.22	31.43	0.61	4.9	0.88	4.0	2.1	남서	226	9.9	1027.5	-	70	
2019-12-15 19:40:00	6.6	북서	326	14.22	31.43	0.77	7.4	1.03	8.0	1.8	서	261	9.7	1027.5	-	73	
2019-12-15 19:45:00	5.8	북북서	336	14.21	31.43	0.67	6.3	0.87	6.5	2.0	남서	236	9.1	1027.5	-	43	
2019-12-15 19:50:00	4.0	북북서	328	14.21	31.38	0.57	5.3	0.72	5.5	2.0	남서	221	8.9	1027.5	-	64	
2019-12-15 19:55:00	4.8	북북서	341	14.20	31.43	0.62	5.8	0.80	6.5	2.4	남서	221	9.1	1027.4	-	54	
2019-12-15 20:00:00	4.2	북서	323	14.20	31.46	0.60	6.5	0.78	8.0	2.9	남서	227	9.1	1027.4	-	67	
2019-12-15 20:05:00	2.8	북동	52	14.20	31.44	0.67	6.6	0.87	5.5	2.8	남서	232	9.2	1027.4	-	51	
2019-12-15 20:10:00	0.8	동	81	14.20	31.42	0.72	6.6	0.88	6.5	3.0	남서	232	9.1	1027.4	-	31	
2019-12-15 20:15:00	2.0	북동	53	14.20	31.44	0.65	6.4	0.91	7.0	2.9	남서	232	9.3	1027.4	-	26	
2019-12-15 20:20:00	3.1	남	189	14.21	31.42	0.70	5.4	0.92	5.5	2.8	남서	232	9.3	1027.4	-	75	
2019-12-15 20:25:00	3.3	북북동	15	14.20	31.41	0.67	6.2	0.83	5.0	2.8	남서	230	9.5	1027.4	-	55	
2019-12-15 20:30:00	2.7	서남서	254	14.20	31.42	0.59	6.5	0.85	6.0	3.4	남서	219	8.8	1027.4	-	62	
2019-12-15 20:35:00	0.4	북서	309	14.20	31.41	0.64	6.0	0.77	6.0	3.1	남서	225	8.3	1027.3	-	64	
2019-12-15 20:40:00	2.1	북북동	31	14.21	31.40	0.61	6.8	0.77	7.0	2.7	남서	219	8.3	1027.3	-	50	
2019-12-15 20:45:00	3.2	북서	307	14.20	31.41	0.63	6.2	0.89	7.5	1.9	남서	223	8.5	1027.3	-	84	
2019-12-15 20:50:00	35.6	북서	319	14.20	31.40	0.62	6.9	0.98	7.5	2.3	남서	223	8.8	1027.3	-	64	
2019-12-15 20:55:00	50.8	북북동	30	14.19	31.39	0.64	6.3	0.97	6.0	2.3	남서	215	8.5	1027.3	-	61	
2019-12-15 21:00:00	2.2	남서	218	14.20	31.41	0.62	5.5	0.91	5.0	2.6	남서	225	8.4	1027.2	-	205	
2019-12-15 21:05:00	9.8	북서	318	14.20	31.41	0.61	5.8	0.79	4.5	2.7	남서	226	8.1	1027.2	-	73	
2019-12-15 21:10:00	4.3	북	352	14.19	31.38	0.61	6.0	0.97	6.5	3.2	남서	236	8.1	1027.2	-	38	
2019-12-15 21:15:00	6.3	북서	310	14.19	31.40	0.65	5.8	1.11	6.5	3.6	남서	227	8.5	1027.2	-	30	
2019-12-15 21:20:00	2.1	북북동	12	14.19	31.40	0.60	5.9	0.86	4.5	3.4	남서	222	8.4	1027.2	-	286	
2019-12-15 21:25:00	2.9	북동	39	14.20	31.35	0.62	6.3	0.78	8.0	3.5	남서	234	8.5	1027.1	-	94	
2019-12-15 21:30:00	3.4	북북서	327	14.19	31.36	0.67	6.5	1.00	5.5	4.0	남서	225	8.6	1027.0	-	75	
2019-12-15 21:35:00	8.0	북서	321	14.19	31.38	0.66	6.4	0.88	7.5	3.9	남서	226	8.5	1027.0	-	102	
2019-12-15 21:40:00	15.8	북	355	14.17	31.38	0.60	5.6	0.75	5.0	3.7	남서	223	8.3	1027.0	-	58	
2019-12-15 21:45:00	24.2	북서	308	14.17	31.40	0.63	6.3	0.83	7.5	3.6	남서	216	8.3	1026.9	-	75	
2019-12-15 21:50:00	31.1	동	99	14.16	31.40	0.65	5.8	0.90	6.5	4.0	남서	220	8.3	1026.9	-	122	
2019-12-15 21:55:00	31.4	북동	46	14.17	31.42	0.62	5.6	0.98	6.5	3.5	남서	224	8.2	1026.9	-	41	
2019-12-15 22:00:00	8.5	북동	35	14.17	31.42	0.66	5.7	0.91	6.0	3.2	남서	220	8.1	1026.9	-	67	
2019-12-15 22:05:00	15.2	북북동	15	14.16	31.44	0.63	5.8	0.85	5.0	3.2	남서	227	8.2	1026.8	-	123	
2019-12-15 22:10:00	3.9	북서	314	14.17	31.41	0.59	6.0	0.72	5.5	3.0	남서	231	8.1	1026.8	-	47	
2019-12-15 22:15:00	5.7	북	349	14.17	31.42	0.62	5.5	0.90	7.0	3.2	남서	235	8.2	1026.7	-	101	
2019-12-15 22:20:00	8.3	서북서	296	14.17	31.40	0.63	5.3	0.90	5.5	3.5	남서	228	8.4	1026.7	-	112	
2019-12-15 22:25:00	1.5	북동	51	14.17	31.41	0.63	5.7	1.04	6.5	3.5	남서	218	8.2	1026.7	-	112	
2019-12-15 22:30:00	3.3	서북서	297	14.17	31.41	0.62	5.9	0.93	4.0	3.4	남서	222	8.1	1026.6	-	77	
2019-12-15 22:35:00	5.5	북서	311	14.18	31.42	0.65	5.8	0.84	6.5	3.1	남서	227	8.1	1026.6	-	73	
2019-12-15 22:40:00	7.8	북서	309	14.17	31.43	0.67	6.8	0.87	5.0	3.1	남서	224	8.1	1026.6	-	71	
2019-12-15 22:45:00	5.0	서북서	300	14.16	31.41	0.69	6.3	1.05	6.5	2.6	남남서	212	8.1	1026.6	-	164	
2019-12-15 22:50:00	5.7	북서	311	14.15	31.42	0.61	5.9	0.86	4.5	2.1	남서	219	8.0	1026.7	-	113	
2019-12-15 22:55:00	4.1	북	10	14.16	31.43	0.61	6.4	0.75	8.5	2.6	남서	218	8.2	1026.6	-	74	
2019-12-15 23:00:00	4.4	북북서	347	14.16	31.41	0.66	6.0	0.80	5.0	3.4	남서	225	8.3	1026.6	-	125	
2019-12-15 23:05:00	6.3	북서	310	14.16	31.44	0.57	5.8	0.80	5.5	3.9	남서	221	8.5	1026.6	-	113	
2019-12-15 23:10:00	8.1	서북서	303	14.15	31.44	0.63	5.9	0.85	5.5	3.8	남서	221	8.3	1026.5	-	69	
2019-12-15 23:15:00	5.8	북서	315	14.14	31.42	0.55	5.9	0.77	5.5	3.9	남서	218	8.3	1026.5	-	61	
2019-12-15 23:20:00	2.6	서북서	285	14.15	31.44	0.62	5.7	0.95	5.0	4.4	남서	217	8.2	1026.5	-	84	
2019-12-15 23:25:00	2.7	북북서	338	14.13	31.45	0.66	6.3	0.88	7.5	4.1	남서	222	8.1	1026.5	-	181	
2019-12-15 23:30:00	5.0	북북서	343	14.14	31.45	0.59	6.1	0.89	7.0	3.7	남서	229	8.2	1026.5	-	190	
2019-12-15 23:35:00	6.0	북서	326	14.14	31.45	0.60	5.3	0.85	5.5	3.6	남서	234	8.2	1026.5	-	146	
2019-12-15 23:40:00	6.7	북서	323	14.15	31.46	0.47	5.9	0.59	5.0	2.1	서남서	237	8.4	1026.5	-	73	
2019-12-15 23:45:00	6.0	북서	307	14.17	31.44	0.65	6.0	0.87	5.0	2.3	남남서	212	8.3	1026.5	-	141	
2019-12-15 23:50:00	5.9	북	350	14.15	31.46	0.68	5.8	0.95	8.0	3.5	남남서	204	8.2	1026.4	-	87	
2019-12-15 23:55:00	3.8	북서	324	14.18	31.43	0.66	5.7	0.93	6.0	3.8	남서	222	8.1	1026.4	-	77	
2019-12-16 00:00:00	7.6	북북서	336	14.16	31.44	0.57	6.6	0.92	7.0	3.5	남서	223	8.2	1026.4	-	92	
2019-12-16 00:05:00	6.2	북서	315	14.16	31.47	0.62	6.0	0.74	5.5	3.2	남서	223	8.2	1026.3	-	13	
2019-12-16 00:10:00	11.3	북서	309	14.19	31.44	0.61	6.3	0.84	5.5	3.5	남남서	211	8.0	1026.3	-	107	
2019-12-16 00:15:00	7.3	서북서	298	14.20	31.46	0.58	5.8	0.88	6.0	3.4	남서	214	7.8	1026.3	-	77	
2019-12-16 00:20:00	10.0	북서	316	14.20	31.45	0.61	6.5	1.22	6.5	3.5	남서	226	7.9	1026.2	-	91	
2019-12-16 00:25:00	10.2	북북서	326	14.20	31.44	0.62	5.7	0.96	6.0	3.0	남서	235	7.9	1026.2	-	99	
2019-12-16 00:30:00	13.1	북서	324	14.23	31.45	0.54	5.9	0.83	5.0	2.9	남서	231	7.9	1026.2	-	57	
2019-12-16 00:35:00	8.2	서북서	294	14.22	31.51	0.59	6.1	0.92	5.5	3.6	남서	225	8.2	1026.2	-	87	
2019-12-16 00:40:00	13.0	북서	314	14.28	31.50	0.63	5.8	0.90	7.0	4.1	남남서	204	8.0	1026.2	-	88	
2019-12-16 00:45:00	14.6	북서	319	14.29	31.50	0.65	5.7	0.95	6.5	3.6	남남서	209	7.8	1026.2	-	77	
2019-12-16 00:50:00	16.2	북서	321	14.30	31.51	0.62	5.1	0.85	7.5	4.0	남서	223	7.8	1026.2	-	145	
2019-12-16 00:55:00	13.9	북서	320	14.29	31.48	0.54	5.8	0.68	4.0	4.4	남서	224	7.8	1026.1	-	52	
2019-12-16 01:00:00	11.4	북서	309	14.29	31.49	0.61	6.3	0.70	5.5	4.5	남서	231	7.6	1026.2	-	95	
2019-12-16 01:05:00	10.0	서북서	303	14.28	31.51	0.58	6.2	0.92	6.5	4.6	남서	231	7.8	1026.1	-	82	
2019-12-16 01:10:00	13.5	북북서	334	14.28	31.53	0.59	6.4	0.70	5.5	4.7	서남서	242	8.0	1026.0	-	62	
2019-12-16 01:15:00	9.9	북북서	333	14.30	31.53	0.62	5.5	1.05	7.0	4.7	서남서	244	7.9	1026.0	-	297	
2019-12-16 01:20:00	11.6	북서	322	14.31	31.53	0.61	6.5	0.77	5.0	4.3	서남서	238	8.0	1026.0	-	68	
2019-12-16 01:25:00	12.7	북북서	327	14.30	31.53	0.62	5.7	0.83	7.0	3.5	남남서	209	8.1	1026.2	-	114	
2019-12-16 01:30:00	8.7	북북서	336	14.30	31.52	0.57	5.7	0.79	6.5	2.9	남서	214	7.7	1026.2	-	103	
2019-12-16 01:35:00	12.5	북북서	328	14.28	31.51	0.55	5.3	0.84	5.0	3.4	남서	232	7.7	1026.1	-	111	
2019-12-16 01:40:00	12.7	북서	315	14.28	31.53	0.53	5.8	0.69	6.0	4.5	서남서	238	7.6	1026.0	-	70	
2019-12-16 01:45:00	8.3	북북서	332	14.27	31.51	0.52	5.6	0.75	5.5	4.8	서남서	237	8.2	1025.9	-	69	
2019-12-16 01:50:00	11.6	북북서	330	14.26	31.50	0.56	5.7	0.72	5.0	4.6	남서	235	8.0	1026.0	-	63	
2019-12-16 01:55:00	7.8	북북서	344	14.25	31.52	0.69	6.4	0.87	5.5	4.4	서남서	243	8.0	1026.0	-	66	
2019-12-16 02:00:00	10.9	북북서	334	14.25	31.52	0.60	6.4	0.85	6.0	4.7	서남서	240	8.1	1026.1	-	73	
2019-12-16 02:05:00	8.4	북북서	340	14.23	31.53	0.57	6.3	0.75	6.0	4.1	남서	235	8.2	1026.0	-	81	
2019-12-16 02:10:00	12.7	북서	320	14.24	31.53	0.59	6.1	0.72	7.0	4.6	남서	230	8.4	1025.9	-	86	
2019-12-16 02:15:00	9.4	북북서	341	14.24	31.51	0.55	5.9	0.75	5.0	5.0	서남서	240	8.3	1025.9	-	231	
2019-12-16 02:20:00	9.0	북북서	332	14.23	31.49	0.54	6.6	0.75	7.0	5.1	서남서	237	8.0	1025.9	-	96	
2019-12-16 02:25:00	10.9	북북서	329	14.24	31.52	0.62	6.9	0.96	7.0	5.4	서남서	243	7.8	1025.8	-	81	
2019-12-16 02:30:00	7.6	북북서	331	14.23	31.51	0.59	5.9	0.74	4.5	5.1	서남서	243	7.7	1025.8	-	81	
2019-12-16 02:35:00	9.6	북북서	344	14.22	31.49	0.62	5.5	0.89	6.0	4.7	남서	236	7.8	1025.9	-	143	
2019-12-16 02:40:00	11.6	북서	324	14.21	31.48	0.51	6.5	0.67	6.0	4.5	남서	235	7.9	1025.9	-	65	
2019-12-16 02:45:00	7.0	북서	325	14.23	31.50	0.65	5.8	1.08	8.0	4.3	남서	233	7.9	1025.8	-	88	
2019-12-16 02:50:00	7.5	북북서	343	14.22	31.50	0.51	6.3	0.71	8.0	4.2	서남서	238	7.7	1025.8	-	72	
2019-12-16 02:55:00	8.2	북서	315	14.21	31.49	0.68	6.5	0.87	6.5	4.7	서남서	237	7.6	1025.7	-	8	
2019-12-16 03:00:00	10.1	북북서	337	14.21	31.48	0.54	5.8	0.78	7.5	4.7	서남서	242	7.7	1025.8	-	75	
2019-12-16 03:05:00	5.4	북서	323	14.21	31.44	0.62	6.4	0.87	5.0	4.2	서남서	248	7.7	1025.7	-	74	
2019-12-16 03:10:00	8.8	북서	319	14.19	31.47	0.64	6.6	1.14	5.5	4.0	서남서	244	7.7	1025.7	-	84	
2019-12-16 03:15:00	9.2	북북서	334	14.20	31.52	0.59	6.1	1.08	6.5	4.4	서남서	242	7.8	1025.6	-	284	
2019-12-16 03:20:00	11.5	북북서	332	14.20	31.51	0.53	6.7	0.69	5.0	4.5	서남서	242	7.9	1025.6	-	72	
2019-12-16 03:25:00	-	-	-	-	-	0.00	0.0	0.00	0.0	4.5	서남서	241	7.8	1025.6	-	0	
2019-12-16 03:30:00	4.7	북서	324	14.23	31.50	0.68	6.1	0.86	5.5	4.8	서남서	240	7.8	1025.5	-	95	
2019-12-16 03:35:00	9.3	북북서	332	14.21	31.51	0.62	6.0	0.84	5.5	4.8	서남서	242	7.8	1025.5	-	83	
2019-12-16 03:40:00	8.6	북북서	334	14.24	31.49	0.50	5.8	0.65	6.0	4.8	서남서	237	7.9	1025.4	-	281	
2019-12-16 03:45:00	7.6	북서	323	14.24	31.50	0.67	5.8	1.03	4.5	5.0	서남서	241	7.8	1025.4	-	71	
2019-12-16 03:50:00	8.7	북서	315	14.27	31.52	0.62	6.8	0.83	6.5	5.1	서남서	244	7.8	1025.4	-	86	
2019-12-16 03:55:00	7.6	북서	326	14.27	31.52	0.67	6.9	0.96	5.0	4.9	서남서	242	7.9	1025.3	-	70	
2019-12-16 04:00:00	6.7	북북서	336	14.26	31.51	0.54	6.3	1.00	4.5	4.5	서남서	241	8.2	1025.3	-	297	
2019-12-16 04:05:00	7.7	북서	322	14.27	31.50	0.60	6.4	1.26	6.0	4.5	서남서	239	8.4	1025.2	-	91	
2019-12-16 04:10:00	4.3	북북서	334	14.27	31.49	0.53	4.9	0.75	5.0	4.2	남서	236	8.4	1025.2	-	261	
2019-12-16 04:15:00	4.2	서	262	14.25	31.52	0.57	6.6	0.85	7.5	3.7	남서	232	8.7	1025.1	-	81	
2019-12-16 04:20:00	7.8	북서	316	14.30	31.54	0.69	6.8	0.90	8.5	3.9	남서	235	8.7	1025.1	-	73	
2019-12-16 04:25:00	7.7	북북서	341	14.32	31.53	0.58	7.2	0.91	7.0	3.9	서남서	237	8.5	1025.1	-	82	
2019-12-16 04:30:00	5.7	북북서	339	14.35	31.53	0.60	7.2	0.94	8.0	3.9	서남서	240	8.6	1025.0	-	88	
2019-12-16 04:35:00	8.9	북서	308	14.34	31.53	0.59	5.2	0.74	4.0	3.7	서남서	237	8.5	1025.0	-	103	
2019-12-16 04:40:00	6.0	북북서	338	14.32	31.53	0.56	5.3	0.78	5.5	3.8	서남서	244	8.4	1025.0	-	75	
2019-12-16 04:45:00	7.0	북서	312	14.33	31.54	0.64	5.5	0.89	5.5	3.6	서남서	250	8.4	1025.0	-	263	
2019-12-16 04:50:00	3.8	북	4	14.31	31.51	0.50	5.1	0.71	5.5	3.6	서남서	247	8.4	1025.0	-	153	
2019-12-16 04:55:00	9.7	북서	309	14.31	31.49	0.59	5.6	0.91	6.5	3.9	서남서	243	8.4	1025.0	-	350	
2019-12-16 05:00:00	7.2	북서	315	14.33	31.49	0.65	5.7	0.93	8.5	4.2	서남서	245	8.3	1025.0	-	338	
2019-12-16 05:05:00	7.2	북	352	14.35	31.49	0.67	6.7	0.89	7.5	3.8	서남서	246	8.2	1025.0	-	90	
2019-12-16 05:10:00	8.5	북북서	342	14.35	31.47	0.67	5.9	1.03	5.5	3.8	서남서	245	8.2	1025.0	-	69	
2019-12-16 05:15:00	5.8	북서	324	14.34	31.48	0.59	5.7	0.78	4.5	4.3	서남서	237	8.3	1024.9	-	321	
2019-12-16 05:20:00	4.7	북북서	336	14.34	31.45	0.68	6.2	0.86	4.5	3.7	남서	220	8.3	1024.9	-	75	
2019-12-16 05:25:00	10.4	서북서	287	14.32	31.49	0.58	5.3	0.83	6.5	3.7	남서	216	8.1	1024.9	-	81	
2019-12-16 05:30:00	4.4	북서	304	14.33	31.48	0.67	5.2	0.89	5.0	2.9	남남서	196	7.8	1025.0	-	226	
2019-12-16 05:35:00	4.2	서	262	14.33	31.52	0.68	6.8	0.87	5.5	2.5	남	189	7.6	1025.0	-	77	
2019-12-16 05:40:00	2.9	북서	315	14.32	31.53	0.60	5.5	0.69	3.5	2.5	남남서	195	7.7	1025.0	-	320	
2019-12-16 05:45:00	3.9	서북서	298	14.31	31.54	0.59	6.4	0.83	8.0	2.3	남남서	203	7.6	1025.0	-	79	
2019-12-16 05:50:00	0.6	서북서	287	14.31	31.54	0.61	5.9	0.87	4.0	1.6	남남서	201	7.5	1025.1	-	85	
2019-12-16 05:55:00	3.7	북	11	14.30	31.52	0.61	5.8	0.74	4.5	1.5	남남서	199	7.5	1025.1	-	73	
2019-12-16 06:00:00	2.8	북	1	14.30	31.52	0.68	6.2	0.97	5.5	1.3	남남서	195	7.6	1025.1	-	71	
2019-12-16 06:05:00	2.8	북	359	14.29	31.52	0.58	5.4	0.89	4.5	1.0	남	176	7.6	1025.1	-	335	
2019-12-16 06:10:00	4.3	서북서	294	14.30	31.52	0.60	6.0	0.81	8.0	0.2	서남서	243	7.6	1025.1	-	66	
2019-12-16 06:15:00	5.2	북북서	328	14.30	31.53	0.56	5.9	0.70	5.0	0.2	서북서	291	7.6	1025.1	-	84	
2019-12-16 06:20:00	6.3	서북서	284	14.30	31.52	0.57	5.7	0.75	5.5	0.9	서남서	243	7.7	1025.1	-	68	
2019-12-16 06:25:00	2.4	북서	324	14.30	31.52	0.59	5.2	0.77	5.5	1.1	남남서	212	7.6	1025.1	-	299	
2019-12-16 06:30:00	4.5	서	279	14.30	31.51	0.56	5.5	0.77	6.5	1.1	남서	220	7.5	1025.2	-	70	
2019-12-16 06:35:00	2.8	북북서	341	14.29	31.51	0.69	5.8	0.99	5.5	1.1	남남서	204	7.5	1025.2	-	281	
2019-12-16 06:40:00	4.0	서남서	242	14.29	31.52	0.57	7.1	0.97	8.0	2.1	남남서	204	7.6	1025.2	-	93	
2019-12-16 06:45:00	4.5	북서	305	14.29	31.52	0.57	6.4	0.81	4.5	2.0	남남서	207	7.5	1025.3	-	68	
2019-12-16 06:50:00	0.8	서	266	14.29	31.52	0.56	5.8	0.72	4.0	2.1	남서	224	7.3	1025.3	-	78	
2019-12-16 06:55:00	0.8	남동	125	14.28	31.52	0.58	5.4	0.79	5.0	1.7	남서	234	7.3	1025.2	-	282	
2019-12-16 07:00:00	1.3	북북동	22	14.27	31.51	0.51	5.6	0.64	6.0	1.2	남남서	210	7.2	1025.3	-	77	
2019-12-16 07:05:00	0.5	북서	307	14.28	31.51	0.54	5.7	0.69	6.0	1.4	남	189	7.3	1025.3	-	72	
2019-12-16 07:10:00	5.4	남남서	208	14.28	31.52	0.57	5.1	0.75	4.5	2.1	남남서	195	7.1	1025.4	-	304	
2019-12-16 07:15:00	2.9	서남서	237	14.28	31.52	0.54	5.9	0.76	5.0	2.1	남남서	205	6.8	1025.4	-	279	
2019-12-16 07:20:00	1.8	서남서	249	14.29	31.53	0.59	7.2	0.77	8.5	2.0	남남서	202	6.8	1025.4	-	63	
2019-12-16 07:25:00	4.4	서북서	290	14.30	31.53	0.48	6.6	0.63	5.0	1.6	남남서	210	6.9	1025.4	-	61	
2019-12-16 07:30:00	1.3	북북동	27	14.29	31.52	0.50	5.6	0.66	7.0	1.5	남서	218	6.9	1025.4	-	93	
2019-12-16 07:35:00	3.4	서북서	299	14.30	31.52	0.64	6.2	0.76	7.0	2.0	남서	229	6.9	1025.4	-	62	
2019-12-16 07:40:00	0.5	동남동	103	14.29	31.53	0.51	5.0	0.76	7.0	2.0	남서	233	7.1	1025.4	-	295	
2019-12-16 07:45:00	4.5	서북서	286	14.29	31.53	0.45	5.4	0.64	5.0	2.0	남남서	213	7.3	1025.4	-	69	
2019-12-16 07:50:00	5.6	서	274	14.29	31.51	0.55	6.3	0.82	5.0	1.6	남남서	192	7.4	1025.4	-	69	
2019-12-16 07:55:00	3.2	서남서	248	14.29	31.51	0.50	5.4	0.81	5.5	1.6	남남서	203	7.5	1025.4	-	69	
2019-12-16 08:00:00	2.5	북	349	14.29	31.52	0.52	6.0	0.67	9.0	1.5	남서	227	7.6	1025.4	-	77	
2019-12-16 08:05:00	0.8	북북서	336	14.29	31.52	0.49	5.7	0.66	5.5	1.9	남서	221	7.8	1025.3	-	90	
2019-12-16 08:10:00	3.4	서남서	238	14.29	31.52	0.53	5.2	0.81	5.5	2.6	남남서	210	7.9	1025.2	-	315	
2019-12-16 08:15:00	1.3	남남서	201	14.30	31.50	0.54	5.7	0.70	7.0	2.7	남남서	211	8.1	1025.2	-	55	
2019-12-16 08:20:00	6.6	서	266	14.29	31.50	0.50	7.0	0.68	6.0	2.8	남서	214	8.2	1025.2	-	54	
2019-12-16 08:25:00	3.0	북서	316	14.30	31.49	0.55	6.0	0.75	7.0	3.1	남남서	204	8.3	1025.3	-	73	
2019-12-16 08:30:00	0.7	남	177	14.30	31.48	0.57	6.8	0.75	7.0	3.4	남남서	202	8.2	1025.2	-	76	
2019-12-16 08:35:00	1.4	북동	43	14.30	31.49	0.51	6.1	0.58	6.5	3.4	남남서	206	8.1	1025.2	-	83	
2019-12-16 08:40:00	5.1	북서	305	14.30	31.50	0.47	5.6	0.62	4.5	3.4	남남서	211	8.2	1025.2	-	89	
2019-12-16 08:45:00	4.8	북북서	328	14.31	31.48	0.50	6.1	0.63	8.0	2.9	남남서	207	8.2	1025.2	-	79	
2019-12-16 08:50:00	7.8	서	276	14.30	31.49	0.46	6.3	0.61	5.0	2.6	남서	218	8.6	1025.2	-	84	
2019-12-16 08:55:00	2.5	동북동	65	14.32	31.48	0.52	6.3	0.77	6.0	2.4	남서	225	8.9	1025.2	-	82	
2019-12-16 09:00:00	4.7	서북서	283	14.32	31.48	0.47	5.4	0.66	7.0	2.4	서남서	238	8.9	1025.2	-	78	
2019-12-16 09:05:00	3.8	북서	322	14.32	31.48	0.48	5.9	0.64	7.5	2.6	남서	235	8.9	1025.2	-	73	
2019-12-16 09:10:00	2.6	남남동	147	14.33	31.49	0.46	5.7	0.64	7.5	2.2	남서	218	9.1	1025.2	-	82	
2019-12-16 09:15:00	4.7	북북동	33	14.33	31.47	0.49	5.6	0.61	7.0	2.0	남서	232	9.3	1025.2	-	71	
2019-12-16 09:20:00	2.9	남서	228	14.33	31.47	0.45	6.0	0.64	7.0	2.0	남서	224	9.6	1025.2	-	77	
2019-12-16 09:25:00	5.0	남서	227	14.32	31.48	0.50	6.1	0.88	7.5	1.9	남서	216	9.7	1025.2	-	91	
2019-12-16 09:30:00	19.8	북북서	329	14.32	31.49	0.39	5.4	0.47	7.5	1.7	남서	229	9.9	1025.2	-	82	
2019-12-16 09:35:00	1.3	북동	41	14.32	31.48	0.56	5.5	0.79	5.5	1.5	남서	228	10.1	1025.2	-	74	
2019-12-16 09:40:00	5.3	남남서	202	14.32	31.47	0.50	6.4	0.67	9.5	0.8	남서	222	10.6	1025.2	-	84	
2019-12-16 09:45:00	12.3	서남서	257	14.32	31.46	0.46	7.3	0.59	7.0	0.6	남남서	211	11.1	1025.1	-	64	
2019-12-16 09:50:00	5.2	동북동	73	14.32	31.47	0.46	5.9	0.64	7.5	0.5	남남서	192	11.5	1025.1	-	76	
2019-12-16 09:55:00	5.4	북북서	348	14.32	31.47	0.47	6.2	0.67	9.0	1.0	남	182	11.7	1025.1	-	85	
2019-12-16 10:00:00	3.2	북	359	14.32	31.46	0.47	5.8	0.62	7.5	1.3	남남서	193	11.7	1025.1	-	83	
2019-12-16 10:05:00	5.7	서북서	283	14.32	31.46	0.45	5.2	0.56	4.5	1.5	남남서	193	11.9	1025.1	-	222	
2019-12-16 10:10:00	3.2	서북서	289	14.32	31.44	0.41	5.0	0.49	4.5	1.9	남남서	192	12.0	1025.1	-	68	
2019-12-16 10:15:00	2.6	북	10	14.32	31.47	0.43	5.9	0.54	5.0	2.1	남남서	193	11.9	1025.1	-	74	
2019-12-16 10:20:00	3.5	서북서	293	14.32	31.45	0.48	6.4	0.72	7.0	2.1	남	181	11.8	1025.0	-	91	
2019-12-16 10:25:00	3.1	서	268	14.32	31.44	0.43	5.6	0.61	5.5	1.8	남	174	11.9	1025.0	-	75	
2019-12-16 10:30:00	3.0	북서	313	14.32	31.44	0.47	6.2	0.71	4.0	1.8	남	173	11.9	1024.9	-	83	
2019-12-16 10:35:00	3.4	서북서	284	14.32	31.42	0.49	6.5	0.71	7.5	2.0	남남동	167	12.1	1024.8	-	85	
2019-12-16 10:40:00	3.9	서북서	290	14.32	31.45	0.41	5.1	0.61	4.5	2.3	남남동	162	12.1	1024.8	-	229	
2019-12-16 10:45:00	5.4	서	281	14.32	31.44	0.45	6.1	0.69	4.5	2.5	남남동	156	12.0	1024.8	-	79	
2019-12-16 10:50:00	5.7	서북서	287	14.33	31.44	0.41	5.4	0.59	4.0	2.5	남남동	152	12.0	1024.7	-	55	
2019-12-16 10:55:00	5.5	서북서	304	14.32	31.43	0.40	5.9	0.56	8.5	2.7	남남동	152	12.0	1024.7	-	76	
2019-12-16 11:00:00	4.4	북서	306	14.33	31.45	0.42	6.1	0.52	5.0	3.0	남동	145	12.0	1024.6	-	96	
2019-12-16 11:05:00	5.6	북서	304	14.33	31.42	0.36	5.0	0.56	4.5	3.5	남동	142	12.0	1024.5	-	355	
2019-12-16 11:10:00	6.9	서	275	14.33	31.42	0.49	7.3	0.65	9.0	3.4	남동	134	11.9	1024.4	-	77	
2019-12-16 11:15:00	4.7	북서	322	14.33	31.45	0.44	6.3	0.64	4.0	3.3	남동	131	11.9	1024.3	-	69	
2019-12-16 11:20:00	7.6	서북서	299	14.33	31.44	0.36	5.4	0.49	4.5	3.2	남동	134	12.1	1024.2	-	91	
2019-12-16 11:25:00	7.7	서북서	300	14.33	31.45	0.43	7.0	0.56	9.0	3.5	남동	124	12.1	1024.0	-	84	
2019-12-16 11:30:00	6.3	서북서	303	14.33	31.44	0.42	6.7	0.62	6.0	3.0	동남동	123	12.3	1023.9	-	87	
2019-12-16 11:35:00	7.6	북서	318	14.33	31.43	0.38	5.5	0.51	7.5	3.1	남동	124	12.4	1023.8	-	117	
2019-12-16 11:40:00	6.5	북서	318	14.33	31.43	0.46	6.8	0.59	7.0	3.2	남동	130	12.6	1023.7	-	75	
2019-12-16 11:45:00	8.9	북서	312	14.33	31.44	0.43	7.0	0.65	6.5	3.5	남동	130	12.7	1023.5	-	90	
2019-12-16 11:50:00	4.6	북서	306	14.33	31.44	0.38	6.5	0.48	6.0	3.6	남동	135	12.7	1023.4	-	90	
2019-12-16 11:55:00	8.3	북서	320	14.34	31.44	0.48	5.9	0.57	6.0	3.7	남동	142	12.9	1023.3	-	74	
2019-12-16 12:00:00	6.3	서북서	293	14.33	31.45	0.35	5.5	0.49	5.5	4.3	남동	139	12.9	1023.2	-	82	
2019-12-16 12:05:00	3.7	서북서	293	14.33	31.43	0.49	6.6	0.67	5.5	4.6	남동	136	13.0	1023.1	-	79	
2019-12-16 12:10:00	5.4	북북서	348	14.33	31.44	0.40	6.3	0.53	5.0	4.7	남동	129	13.1	1023.0	-	84	
2019-12-16 12:15:00	8.3	북서	325	14.33	31.43	0.43	6.6	0.57	7.0	4.7	남동	136	13.1	1022.9	-	85	
2019-12-16 12:20:00	3.3	서북서	297	14.33	31.45	0.45	7.3	0.58	5.5	5.2	남동	132	13.1	1022.8	-	73	
2019-12-16 12:25:00	3.6	북북서	340	14.33	31.43	0.41	6.3	0.55	8.5	5.2	남동	136	13.1	1022.7	-	77	
2019-12-16 12:30:00	10.3	북서	323	14.33	31.43	0.43	6.7	0.60	8.5	5.0	남동	137	13.2	1022.6	-	79	
2019-12-16 12:35:00	9.7	북서	325	14.33	31.43	0.41	5.9	0.54	6.5	5.0	남동	139	13.2	1022.4	-	93	
2019-12-16 12:40:00	9.2	북서	308	14.33	31.45	0.40	5.8	0.56	6.5	5.1	남동	142	13.3	1022.3	-	83	
2019-12-16 12:45:00	8.5	북북서	339	14.33	31.44	0.41	5.6	0.55	5.0	5.3	남동	140	13.3	1022.2	-	81	
2019-12-16 12:50:00	9.4	북서	317	14.33	31.44	0.40	6.1	0.58	6.0	6.0	남동	142	13.3	1022.1	-	91	
2019-12-16 12:55:00	5.7	북북서	333	14.33	31.43	0.39	6.2	0.53	7.0	6.1	남동	141	13.2	1022.0	-	78	
2019-12-16 13:00:00	11.8	북서	319	14.32	31.45	0.40	5.7	0.60	9.0	6.1	남동	138	13.2	1021.9	-	87	
2019-12-16 13:05:00	11.7	북서	323	14.31	31.44	0.47	6.1	0.62	8.0	6.3	남동	139	13.2	1021.8	-	74	
2019-12-16 13:10:00	14.9	북북서	329	14.30	31.42	0.46	6.4	0.75	8.0	6.6	남동	138	13.1	1021.7	-	85	
2019-12-16 13:15:00	16.9	북서	312	14.29	31.41	0.45	6.1	0.64	7.0	6.5	남동	134	13.1	1021.6	-	85	
2019-12-16 13:20:00	18.1	북서	323	14.28	31.40	0.45	6.0	0.54	5.5	6.5	남동	136	13.1	1021.5	-	79	
2019-12-16 13:25:00	15.7	북북서	327	14.28	31.41	0.40	4.9	0.55	5.0	6.8	남동	135	13.1	1021.3	-	111	
2019-12-16 13:30:00	18.8	북서	312	14.27	31.42	0.43	4.8	0.62	5.5	6.8	남동	136	13.1	1021.2	-	14	
2019-12-16 13:35:00	16.4	북서	310	14.25	31.42	0.44	5.0	0.57	6.0	6.6	남동	136	13.2	1021.1	-	75	
2019-12-16 13:40:00	17.6	북서	319	14.23	31.42	0.43	5.0	0.65	5.5	6.6	남동	133	13.2	1020.9	-	88	
2019-12-16 13:45:00	14.7	북서	323	14.21	31.42	0.47	5.1	0.69	7.5	6.8	남동	129	13.2	1020.9	-	72	
2019-12-16 13:50:00	14.6	북서	319	14.19	31.40	0.46	5.3	0.70	5.0	6.8	남동	134	13.2	1020.7	-	91	
2019-12-16 13:55:00	17.2	북서	318	14.19	31.43	0.49	4.9	0.79	8.0	7.1	남동	133	13.2	1020.6	-	87	
2019-12-16 14:00:00	14.8	북서	322	14.17	31.42	0.51	4.7	0.70	4.0	7.1	남동	131	13.2	1020.5	-	110	
2019-12-16 14:05:00	15.4	북서	323	14.16	31.40	0.47	4.2	0.71	3.0	7.3	남동	130	13.2	1020.4	-	100	
2019-12-16 14:10:00	15.9	북서	324	14.16	31.40	0.55	5.7	0.77	5.5	6.8	남동	128	13.3	1020.3	-	91	
2019-12-16 14:15:00	16.1	북북서	328	14.19	31.39	0.55	5.6	0.84	6.5	6.7	동남동	123	13.4	1020.3	-	78	
2019-12-16 14:20:00	17.5	북서	324	14.22	31.43	0.57	5.3	0.79	7.5	6.7	남동	126	13.4	1020.3	-	67	
2019-12-16 14:25:00	22.1	북북서	328	14.22	31.43	0.55	4.0	0.69	4.5	6.7	남동	132	13.4	1020.3	-	105	
2019-12-16 14:30:00	15.8	북북서	333	14.23	31.44	0.50	4.0	0.67	9.0	7.0	남동	131	13.4	1020.3	-	103	
2019-12-16 14:35:00	18.3	북북서	332	14.25	31.40	0.52	5.0	0.95	6.0	7.0	남동	127	13.4	1020.2	-	93	
2019-12-16 14:40:00	19.2	북북서	331	14.26	31.42	0.57	4.4	0.86	5.5	7.4	남동	129	13.4	1020.2	-	83	
2019-12-16 14:45:00	15.9	북북서	331	14.28	31.40	0.57	5.0	0.71	3.0	7.4	남동	129	13.5	1020.2	-	84	
2019-12-16 14:50:00	17.5	북북서	336	14.27	31.40	0.53	4.4	0.76	6.0	7.8	남동	132	13.5	1020.2	-	120	
2019-12-16 14:55:00	16.7	북서	325	14.26	31.44	0.57	4.4	0.74	3.0	7.3	남동	133	13.6	1020.2	-	161	
2019-12-16 15:00:00	15.3	북서	326	14.26	31.41	0.52	3.9	0.79	8.0	7.5	남동	131	13.6	1020.2	-	123	
2019-12-16 15:05:00	18.6	북북서	327	14.26	31.38	0.60	4.5	0.89	6.5	7.4	남동	129	13.6	1020.3	-	87	
2019-12-16 15:10:00	19.4	북북서	332	14.26	31.41	0.61	3.7	0.79	6.5	7.3	남동	129	13.7	1020.3	-	121	
2019-12-16 15:15:00	21.0	북서	318	14.25	31.44	0.58	5.1	0.86	6.5	7.0	남동	135	13.7	1020.3	-	102	
2019-12-16 15:20:00	18.2	북북서	328	14.25	31.42	0.52	3.9	1.00	3.5	7.5	남동	137	13.6	1020.3	-	129	
2019-12-16 15:25:00	16.5	북서	325	14.24	31.41	0.60	4.7	0.78	3.5	7.8	남동	132	13.7	1020.2	-	118	
2019-12-16 15:30:00	15.4	북북서	332	14.24	31.40	0.56	3.9	0.71	3.0	7.1	남동	130	13.7	1020.2	-	109	
2019-12-16 15:35:00	20.1	북북서	329	14.24	31.39	0.66	4.4	0.88	5.5	7.6	남동	142	13.7	1020.2	-	125	
2019-12-16 15:40:00	19.8	북서	324	14.24	31.37	0.56	4.7	0.78	6.5	7.7	남동	144	13.7	1020.3	-	79	
2019-12-16 15:45:00	18.2	북북서	327	14.23	31.37	0.61	4.0	0.86	3.0	8.3	남남동	150	13.6	1020.2	-	105	
2019-12-16 15:50:00	19.4	북북서	330	14.24	31.35	0.57	4.7	0.84	7.0	8.2	남남동	150	13.6	1020.2	-	112	
2019-12-16 15:55:00	23.0	북서	325	14.25	31.38	0.53	4.0	0.82	3.5	8.5	남남동	150	13.6	1020.1	-	97	
2019-12-16 16:00:00	18.1	북북서	331	14.25	31.39	0.54	4.6	0.69	5.5	8.4	남동	142	13.6	1020.1	-	117	
2019-12-16 16:05:00	20.1	북서	322	14.24	31.38	0.59	3.6	0.83	5.0	8.1	남동	144	13.7	1020.0	-	155	
2019-12-16 16:10:00	21.8	북서	326	14.22	31.36	0.64	3.9	0.89	3.0	7.8	남남동	148	13.6	1020.0	-	108	
2019-12-16 16:15:00	19.2	북서	326	14.20	31.37	0.57	4.5	0.84	3.0	8.2	남동	145	13.6	1020.0	-	109	
2019-12-16 16:20:00	13.8	북북서	333	14.20	31.37	0.63	3.8	0.86	3.5	7.5	남동	146	13.5	1020.1	-	122	
2019-12-16 16:25:00	21.6	북서	325	14.18	31.36	0.62	4.1	1.00	6.0	7.3	남남동	151	13.5	1020.1	-	134	
2019-12-16 16:30:00	17.2	북북서	327	14.18	31.33	0.62	3.4	0.82	3.0	7.6	남남동	149	13.4	1020.1	-	113	
2019-12-16 16:35:00	17.6	북북서	327	14.17	31.34	0.60	4.2	0.85	3.5	7.1	남남동	153	13.4	1020.1	-	126	
2019-12-16 16:40:00	16.5	북북서	329	14.16	31.38	0.63	3.8	0.99	6.0	7.6	남남동	153	13.3	1020.1	-	115	
2019-12-16 16:45:00	15.3	북서	324	14.15	31.37	0.60	4.5	1.07	6.0	7.5	남남동	151	13.3	1020.1	-	96	
2019-12-16 16:50:00	13.2	북북서	330	14.15	31.36	0.59	4.7	0.93	6.5	7.7	남남동	155	13.2	1020.0	-	115	
2019-12-16 16:55:00	15.2	북서	322	14.14	31.37	0.57	4.8	0.92	5.5	7.2	남남동	157	13.1	1019.9	-	123	
2019-12-16 17:00:00	11.3	북북서	326	14.13	31.36	0.55	4.4	0.71	4.0	6.6	남남동	157	13.1	1019.9	-	107	
2019-12-16 17:05:00	11.5	북북서	336	14.12	31.37	0.59	4.7	0.83	8.0	6.2	남남동	160	13.1	1019.9	-	98	
2019-12-16 17:10:00	16.6	북북서	339	14.11	31.39	0.57	4.5	0.92	7.5	6.6	남남동	155	13.1	1019.8	-	79	
2019-12-16 17:15:00	11.3	북북서	332	14.11	31.34	0.52	4.9	0.75	6.0	6.0	남남동	158	13.1	1019.8	-	17	
2019-12-16 17:20:00	11.7	북북서	327	14.11	31.40	0.62	5.1	0.86	3.0	6.2	남남동	162	13.1	1019.6	-	128	
2019-12-16 17:25:00	14.3	북북서	343	14.10	31.37	0.52	4.9	0.69	7.0	5.8	남남동	159	13.1	1019.6	-	76	
2019-12-16 17:30:00	11.5	북서	319	14.10	31.40	0.62	5.6	0.84	6.5	5.0	남남동	163	13.1	1019.5	-	82	
2019-12-16 17:35:00	12.6	북북서	336	14.10	31.38	0.52	4.3	0.63	3.0	4.0	남	174	13.0	1019.5	-	306	
2019-12-16 17:40:00	9.4	북북서	334	14.10	31.40	0.55	4.6	0.80	8.0	3.0	남	185	12.8	1019.5	-	309	
2019-12-16 17:45:00	13.5	북북서	333	14.10	31.40	0.54	4.9	0.70	8.0	2.4	남남서	197	12.6	1019.5	-	298	
2019-12-16 17:50:00	10.7	북북서	329	14.11	31.40	0.56	5.2	0.73	6.5	2.6	남남서	202	12.4	1019.5	-	66	
2019-12-16 17:55:00	11.5	북북서	337	14.10	31.40	0.49	5.0	0.87	4.0	2.1	남남서	208	12.4	1019.5	-	99	
2019-12-16 18:00:00	13.5	북북서	342	14.11	31.37	0.53	6.2	0.71	5.0	1.5	남서	230	12.2	1019.5	-	79	
2019-12-16 18:05:00	16.4	북북서	338	14.11	31.37	0.49	5.4	0.73	9.5	1.9	서남서	254	12.1	1019.4	-	99	
2019-12-16 18:10:00	15.0	북북서	340	14.09	31.37	0.53	4.6	0.65	6.0	2.3	서	260	11.6	1019.3	-	91	
2019-12-16 18:15:00	9.3	북	351	14.08	31.35	0.48	4.5	0.62	5.5	1.9	서	264	11.6	1019.4	-	104	
2019-12-16 18:20:00	6.0	북북동	12	14.08	31.38	0.53	4.9	0.76	4.5	2.3	서북서	282	11.7	1019.4	-	313	
2019-12-16 18:25:00	14.1	북서	323	14.08	31.38	0.51	5.1	0.76	6.0	2.5	서	280	11.8	1019.5	-	81	
2019-12-16 18:30:00	10.6	북	351	14.09	31.40	0.50	4.5	0.75	3.5	1.9	서	269	11.6	1019.5	-	298	
2019-12-16 18:35:00	7.6	북북서	330	14.09	31.39	0.53	4.7	0.69	4.0	2.0	서남서	242	11.0	1019.6	-	74	
2019-12-16 18:40:00	5.6	북북서	336	14.10	31.39	0.50	4.3	0.64	4.0	2.5	서남서	249	10.6	1019.6	-	119	
2019-12-16 18:45:00	5.4	북북서	332	14.09	31.39	0.47	4.6	0.74	3.5	2.8	서남서	249	10.6	1019.7	-	315	
2019-12-16 18:50:00	6.7	북	356	14.08	31.38	0.54	4.9	0.68	3.5	2.7	서남서	245	10.5	1019.7	-	305	
2019-12-16 18:55:00	3.7	북	353	14.08	31.40	0.59	5.0	0.94	4.0	3.0	서남서	237	10.3	1019.7	-	281	
2019-12-16 19:00:00	5.8	북	359	14.07	31.36	0.51	4.9	0.99	5.0	2.8	남서	232	10.4	1019.7	-	204	
2019-12-16 19:05:00	7.1	북	353	14.06	31.38	0.61	5.5	0.84	6.0	2.8	남서	216	10.5	1019.7	-	250	
2019-12-16 19:10:00	4.6	북	358	14.06	31.38	0.56	5.1	0.68	4.0	3.0	남서	222	10.1	1019.7	-	288	
2019-12-16 19:15:00	5.9	북북서	340	14.06	31.42	0.59	5.7	0.76	4.5	2.6	남서	236	10.1	1019.7	-	74	
2019-12-16 19:20:00	6.4	북북서	344	14.05	31.40	0.56	5.3	0.83	6.5	2.8	서남서	242	10.3	1019.7	-	259	
2019-12-16 19:25:00	5.1	북	353	14.05	31.39	0.60	4.7	0.85	3.5	3.1	서남서	239	10.4	1019.7	-	295	
2019-12-16 19:30:00	6.9	북	353	14.03	31.39	0.58	4.4	0.91	5.5	3.4	서남서	242	10.4	1019.7	-	297	
2019-12-16 19:35:00	7.0	북	2	14.03	31.39	0.60	4.8	0.78	3.0	3.6	서남서	249	10.5	1019.7	-	272	
2019-12-16 19:40:00	4.5	북북서	338	14.04	31.39	0.59	4.7	0.73	5.0	3.7	서남서	251	10.6	1019.7	-	316	
2019-12-16 19:45:00	6.1	북서	316	14.03	31.40	0.61	5.5	0.79	4.0	4.0	서남서	244	10.6	1019.8	-	19	
2019-12-16 19:50:00	6.2	북북서	326	14.03	31.36	0.62	5.1	0.81	4.5	3.5	서남서	253	10.1	1019.9	-	126	
2019-12-16 19:55:00	4.3	북	10	14.04	31.37	0.56	4.9	0.68	6.5	3.4	서남서	252	10.0	1019.8	-	272	
2019-12-16 20:00:00	7.6	북	355	14.03	31.36	0.52	4.9	1.07	4.5	4.1	서남서	246	10.1	1019.9	-	142	
2019-12-16 20:05:00	2.8	서	270	14.04	31.38	0.65	4.9	0.99	5.5	4.5	서남서	239	10.1	1019.9	-	227	
2019-12-16 20:10:00	6.6	북서	312	14.04	31.37	0.49	5.2	0.62	6.0	4.3	서남서	245	10.2	1020.0	-	89	
2019-12-16 20:15:00	6.3	북북서	346	14.03	31.37	0.63	4.7	1.04	4.0	4.5	서남서	247	10.2	1020.0	-	198	
2019-12-16 20:20:00	6.9	북	358	14.04	31.37	0.61	5.2	0.90	5.0	5.0	서남서	242	10.1	1020.0	-	295	
2019-12-16 20:25:00	8.1	북서	317	14.03	31.37	0.62	4.5	0.95	5.0	4.6	서남서	247	10.0	1020.0	-	124	
2019-12-16 20:30:00	8.5	북북서	331	14.03	31.37	0.56	5.0	0.98	4.0	3.9	서남서	247	10.1	1020.0	-	290	
2019-12-16 20:35:00	5.8	북북서	332	14.03	31.37	0.66	5.2	0.99	5.0	3.5	서남서	246	10.2	1019.9	-	174	
2019-12-16 20:40:00	7.9	북북서	340	14.04	31.39	0.69	4.8	0.95	4.5	3.5	서남서	237	10.4	1019.9	-	198	
2019-12-16 20:45:00	7.9	북	359	14.04	31.36	0.70	5.1	0.99	4.5	3.4	남서	235	10.4	1019.9	-	77	
2019-12-16 20:50:00	4.5	북북서	330	14.04	31.38	0.78	4.6	1.48	5.0	2.7	남서	235	10.3	1019.8	-	117	
2019-12-16 20:55:00	4.0	북	5	14.03	31.31	0.74	4.8	0.96	6.0	3.3	남서	233	10.0	1019.8	-	136	
2019-12-16 21:00:00	5.0	북	8	14.03	31.35	0.73	4.9	1.16	4.5	3.2	남서	229	9.8	1019.8	-	114	
2019-12-16 21:05:00	5.5	북북서	347	14.03	31.37	0.66	5.5	0.94	4.5	3.2	남서	232	9.6	1019.8	-	114	
2019-12-16 21:10:00	2.7	서	269	14.04	31.34	0.70	4.9	0.97	4.5	3.4	서남서	240	9.6	1019.7	-	177	
2019-12-16 21:15:00	5.3	북	353	14.04	31.38	0.60	4.8	0.79	4.5	3.3	서남서	237	9.7	1019.7	-	75	
2019-12-16 21:20:00	2.9	북북서	339	14.04	31.30	0.70	4.9	0.93	5.0	3.6	서남서	238	10.0	1019.6	-	134	
2019-12-16 21:25:00	3.4	남남서	204	14.04	31.32	0.63	4.8	1.00	5.0	3.7	남서	236	10.0	1019.6	-	140	
2019-12-16 21:30:00	8.5	서북서	297	14.03	31.34	0.70	5.3	1.32	4.5	3.7	서남서	239	10.1	1019.5	-	130	
2019-12-16 21:35:00	6.3	북서	318	14.03	31.37	0.65	5.4	1.00	5.0	3.7	서남서	242	10.3	1019.5	-	130	
2019-12-16 21:40:00	1.7	동남동	107	14.05	31.34	0.83	5.3	1.19	5.0	3.2	서남서	245	10.2	1019.5	-	111	
2019-12-16 21:45:00	5.7	서남서	244	14.06	31.37	0.73	5.1	1.28	4.0	3.8	서남서	237	10.5	1019.5	-	128	
2019-12-16 21:50:00	3.4	북동	55	14.08	31.38	0.76	4.9	1.09	5.0	3.1	서남서	240	10.2	1019.4	-	105	
2019-12-16 21:55:00	3.3	북	2	14.09	31.38	0.71	4.8	1.11	5.0	3.2	남서	227	10.6	1019.3	-	122	
2019-12-16 22:00:00	7.9	서북서	302	14.09	31.38	0.66	4.9	1.01	5.0	3.0	남서	220	11.1	1019.1	-	131	
2019-12-16 22:05:00	2.3	북동	50	14.08	31.37	0.69	5.1	1.07	5.5	2.9	남서	222	11.0	1019.0	-	113	
2019-12-16 22:10:00	5.8	북북서	338	14.10	31.35	0.67	4.7	0.85	5.0	2.2	남서	218	10.8	1019.0	-	109	
2019-12-16 22:15:00	1.6	동남동	107	14.09	31.38	0.75	5.2	1.30	4.5	2.7	남서	223	10.9	1018.9	-	123	
2019-12-16 22:20:00	2.4	북북동	15	14.10	31.37	0.67	5.2	0.92	5.0	3.0	남서	224	11.1	1018.8	-	114	
2019-12-16 22:25:00	2.8	북북서	337	14.10	31.38	0.59	5.1	0.70	5.0	3.0	남남서	213	11.2	1018.7	-	116	
2019-12-16 22:30:00	4.2	북북서	340	14.11	31.39	0.73	5.1	0.99	5.0	2.8	남서	216	11.3	1018.5	-	113	
2019-12-16 22:35:00	3.5	북서	321	14.12	31.39	0.58	4.9	0.90	5.0	2.6	남남서	210	11.4	1018.4	-	327	
2019-12-16 22:40:00	2.0	서북서	299	14.12	31.38	0.62	5.1	0.78	6.5	2.8	남남서	212	11.5	1018.2	-	106	
2019-12-16 22:45:00	4.4	서북서	301	14.12	31.38	0.71	5.1	0.95	5.5	2.8	남서	223	11.6	1018.1	-	146	
2019-12-16 22:50:00	6.0	북북서	327	14.11	31.37	0.72	5.4	1.23	6.0	2.1	남서	235	11.4	1018.0	-	110	
2019-12-16 22:55:00	5.0	북서	316	14.11	31.37	0.64	4.8	0.82	4.5	1.9	서남서	248	11.2	1017.9	-	137	
2019-12-16 23:00:00	8.0	북북서	327	14.11	31.39	0.71	5.0	0.97	5.0	3.0	서남서	242	11.2	1017.8	-	88	
2019-12-16 23:05:00	6.0	북북서	331	14.11	31.39	0.61	5.5	0.82	6.0	2.9	남서	235	11.1	1017.7	-	84	
2019-12-16 23:10:00	5.9	북서	320	14.10	31.40	0.67	5.1	0.90	5.0	2.7	남남서	204	10.8	1017.8	-	116	
2019-12-16 23:15:00	3.1	서북서	293	14.11	31.34	0.71	5.0	1.06	5.0	2.3	남남서	195	10.5	1017.7	-	114	
2019-12-16 23:20:00	7.0	북서	309	14.10	31.29	0.68	5.1	0.89	5.0	2.3	남	177	10.7	1017.6	-	108	
2019-12-16 23:25:00	7.2	서북서	298	14.09	31.30	0.61	4.9	1.04	4.5	1.6	남	181	10.6	1017.6	-	120	
2019-12-16 23:30:00	8.4	서북서	299	14.10	31.25	0.64	5.0	0.87	5.5	1.3	남남서	200	10.6	1017.6	-	122	
2019-12-16 23:35:00	7.8	북서	325	14.09	31.20	0.71	5.1	0.97	5.0	1.4	남서	214	10.5	1017.5	-	122	
2019-12-16 23:40:00	2.9	북	357	14.10	31.20	0.62	4.7	0.92	4.5	1.8	서남서	241	10.6	1017.5	-	157	
2019-12-16 23:45:00	5.6	서북서	304	14.10	31.17	0.58	4.9	0.77	5.5	2.4	서남서	246	10.8	1017.4	-	110	
2019-12-16 23:50:00	8.9	북북서	327	14.11	31.26	0.61	5.0	0.73	3.5	2.5	서남서	244	10.9	1017.3	-	88	
2019-12-16 23:55:00	5.4	북서	308	14.11	31.26	0.59	4.9	1.04	5.5	3.0	서남서	245	11.0	1017.3	-	113	
2019-12-17 00:00:00	7.1	북북서	330	14.10	31.28	0.65	5.0	1.02	4.5	2.7	서남서	249	11.0	1017.3	-	145	
2019-12-17 00:05:00	7.0	북북서	344	14.09	31.23	0.65	5.0	0.83	4.0	2.9	서남서	250	11.0	1017.2	-	112	
2019-12-17 00:10:00	3.5	북북서	333	14.10	31.38	0.77	4.7	1.11	4.5	3.2	서남서	241	10.9	1017.2	-	116	
2019-12-17 00:15:00	7.2	북서	321	14.08	31.40	0.71	4.8	0.93	5.0	3.4	서남서	245	11.1	1017.1	-	116	
2019-12-17 00:20:00	7.2	북북서	336	14.09	31.40	0.56	4.8	0.82	3.5	3.5	서남서	252	11.1	1017.0	-	351	
2019-12-17 00:25:00	4.1	서북서	286	14.10	31.42	0.62	4.8	0.87	4.5	3.2	서남서	237	11.0	1016.8	-	94	
2019-12-17 00:30:00	3.9	서북서	299	14.09	31.41	0.58	4.9	0.74	4.5	3.3	남서	223	11.2	1016.6	-	126	
2019-12-17 00:35:00	8.0	북서	325	14.09	31.42	0.65	4.9	0.79	5.0	4.6	남남서	207	11.6	1016.5	-	102	
2019-12-17 00:40:00	7.8	북서	325	14.09	31.42	0.67	4.9	0.93	5.0	5.0	남서	216	11.8	1016.5	-	113	
2019-12-17 00:45:00	7.2	북서	305	14.09	31.41	0.58	4.8	0.80	5.0	4.1	남남서	212	11.4	1016.5	-	126	
2019-12-17 00:50:00	10.3	북서	304	14.08	31.43	0.60	4.7	0.92	5.5	2.7	남남서	208	11.1	1016.5	-	145	
2019-12-17 00:55:00	6.0	북서	304	14.07	31.41	0.67	5.1	0.90	5.0	1.9	남서	218	10.9	1016.6	-	115	
2019-12-17 01:00:00	7.1	북서	316	14.08	31.42	0.55	4.9	0.70	4.5	1.9	남서	232	10.9	1016.6	-	125	
2019-12-17 01:05:00	7.0	북서	314	14.07	31.40	0.62	4.8	0.82	4.5	2.0	서남서	240	10.7	1016.6	-	121	
2019-12-17 01:10:00	8.3	북서	318	14.06	31.35	0.57	5.3	0.85	4.5	2.1	남남서	201	10.5	1016.5	-	115	
2019-12-17 01:15:00	5.3	북북서	328	14.05	31.38	0.60	4.4	1.04	4.0	2.1	남	170	10.0	1016.4	-	128	
2019-12-17 01:20:00	7.0	북서	307	14.06	31.39	0.60	4.7	0.76	3.5	2.3	남남동	161	10.0	1016.4	-	159	
2019-12-17 01:25:00	5.3	북서	320	14.04	31.38	0.58	5.0	0.74	4.5	2.8	남남동	158	10.1	1016.3	-	107	
2019-12-17 01:30:00	8.3	서북서	301	14.03	31.40	0.52	4.9	0.79	4.0	3.3	남남동	158	10.4	1016.1	-	147	
2019-12-17 01:35:00	6.9	북서	317	14.04	31.40	0.56	4.8	0.77	5.0	3.8	남남동	168	10.9	1016.0	-	203	
2019-12-17 01:40:00	6.8	서북서	298	14.03	31.42	0.53	4.8	0.71	4.0	3.3	남	169	11.0	1016.0	-	83	
2019-12-17 01:45:00	6.5	북서	318	14.02	31.42	0.56	4.6	0.91	4.0	2.6	남남동	155	11.2	1015.9	-	142	
2019-12-17 01:50:00	12.9	북서	307	14.08	31.46	0.56	4.9	0.90	4.5	3.1	남	169	11.3	1015.9	-	86	
2019-12-17 01:55:00	12.2	북서	312	14.13	31.44	0.51	4.8	0.75	4.0	2.8	남	176	11.0	1016.0	-	126	
2019-12-17 02:00:00	11.1	북서	320	14.12	31.44	0.51	4.7	0.75	5.0	2.4	남	174	10.5	1016.0	-	114	
2019-12-17 02:05:00	9.9	북서	316	14.10	31.42	0.48	4.8	0.65	3.5	2.5	남	183	10.3	1016.0	-	259	
2019-12-17 02:10:00	10.7	북북서	331	14.08	31.43	0.47	4.9	0.61	3.5	3.1	남남서	211	11.5	1016.0	-	308	
2019-12-17 02:15:00	10.9	북북서	344	14.07	31.44	0.53	4.5	0.94	4.5	2.0	남	172	11.4	1016.0	-	198	
2019-12-17 02:20:00	9.3	북북서	333	14.05	31.45	0.49	4.8	0.71	5.0	2.0	남동	144	10.6	1015.9	-	125	
2019-12-17 02:25:00	6.9	북북서	332	14.06	31.45	0.45	4.6	0.78	4.5	3.6	남남서	192	11.5	1015.7	-	101	
2019-12-17 02:30:00	11.9	북서	325	14.06	31.45	0.49	4.9	0.74	4.5	5.9	남남서	208	12.5	1015.5	-	95	
2019-12-17 02:35:00	9.8	북서	324	14.07	31.45	0.51	4.6	0.74	5.5	6.8	남남서	206	12.5	1015.3	-	104	
2019-12-17 02:40:00	9.9	북북서	346	14.07	31.44	0.48	5.1	0.75	4.5	6.8	남남서	200	12.4	1015.1	-	128	
2019-12-17 02:45:00	7.4	북북서	332	14.06	31.44	0.47	4.7	0.60	3.5	6.8	남남서	196	12.7	1015.1	-	105	
2019-12-17 02:50:00	12.6	북북서	339	14.11	31.45	0.48	4.7	0.63	3.5	5.8	남남서	199	12.1	1015.1	-	169	
2019-12-17 02:55:00	10.9	북북서	335	14.09	31.37	0.52	4.7	0.73	4.5	5.4	남남서	205	12.2	1015.1	-	253	
2019-12-17 03:00:00	7.7	북서	326	14.08	31.41	0.58	4.8	0.76	5.0	5.4	남남서	204	12.0	1014.9	-	103	
2019-12-17 03:05:00	8.9	북북서	329	14.08	31.41	0.55	4.5	0.82	4.0	6.2	남남서	199	12.3	1014.8	-	88	
2019-12-17 03:10:00	10.1	북서	324	14.08	31.42	0.50	4.6	0.68	4.5	6.2	남남서	196	12.3	1014.7	-	312	
2019-12-17 03:15:00	8.9	북서	326	14.10	31.42	0.46	4.9	0.64	5.5	5.7	남남서	200	12.2	1014.6	-	107	
2019-12-17 03:20:00	11.3	북북서	335	14.10	31.44	0.51	4.7	0.72	5.5	5.8	남남서	200	12.5	1014.6	-	134	
2019-12-17 03:25:00	13.0	북서	324	14.10	31.45	0.46	4.9	0.68	4.0	6.0	남남서	199	12.8	1014.5	-	193	
2019-12-17 03:30:00	9.3	북서	325	14.10	31.43	0.49	4.5	0.80	3.5	6.4	남남서	200	12.8	1014.4	-	214	
2019-12-17 03:35:00	12.5	북북서	341	14.09	31.43	0.51	4.7	0.64	3.5	6.6	남남서	200	12.4	1014.4	-	123	
2019-12-17 03:40:00	8.8	북북서	335	14.09	31.46	0.52	4.6	0.82	4.0	5.8	남남서	196	12.2	1014.2	-	116	
2019-12-17 03:45:00	8.6	북북서	331	14.10	31.45	0.43	4.5	0.58	4.0	5.2	남남서	201	12.3	1014.1	-	134	
2019-12-17 03:50:00	13.1	북북서	331	14.09	31.48	0.46	4.8	0.77	3.5	5.2	남남서	194	12.6	1014.0	-	267	
2019-12-17 03:55:00	10.9	북북서	330	14.09	31.46	0.48	4.5	0.62	4.5	5.4	남남서	195	12.7	1014.0	-	123	
2019-12-17 04:00:00	10.3	북북서	331	14.08	31.46	0.44	4.7	0.60	4.0	5.5	남남서	197	13.0	1014.0	-	104	
2019-12-17 04:05:00	11.7	북북서	340	14.10	31.45	0.48	4.9	0.60	4.0	4.8	남남서	206	13.0	1014.1	-	299	
2019-12-17 04:10:00	9.9	북북서	343	14.12	31.46	0.52	4.6	0.72	4.0	4.5	남남서	208	12.7	1014.1	-	233	
2019-12-17 04:15:00	9.6	북북서	339	14.10	31.44	0.44	4.8	0.65	4.5	3.7	북서	314	12.7	1014.2	-	123	
2019-12-17 04:20:00	8.9	북북서	341	14.10	31.43	0.37	4.8	0.51	4.5	4.2	북북서	329	12.0	1014.1	-	266	
2019-12-17 04:25:00	8.7	북북서	332	14.07	31.44	0.45	4.9	0.60	5.0	4.5	북서	321	11.2	1014.2	-	87	
2019-12-17 04:30:00	7.8	북북서	345	14.09	31.43	0.38	4.6	0.52	4.0	4.6	북서	307	11.2	1014.3	-	111	
2019-12-17 04:35:00	7.4	북북서	331	14.07	31.43	0.42	4.6	0.61	4.0	4.7	북서	322	11.0	1014.2	-	45	
2019-12-17 04:40:00	6.5	북북서	343	14.06	31.43	0.38	5.6	0.58	8.5	3.5	북서	323	11.0	1014.1	-	94	
2019-12-17 04:45:00	9.7	북북서	348	14.10	31.44	0.42	4.8	0.62	4.5	3.7	북서	308	11.0	1014.1	-	298	
2019-12-17 04:50:00	9.3	북북서	337	14.11	31.45	0.42	5.1	0.57	4.5	3.0	서북서	302	11.1	1014.0	-	278	
2019-12-17 04:55:00	9.3	북	350	14.12	31.42	0.41	4.9	0.49	5.0	3.0	북서	314	11.3	1013.9	-	255	
2019-12-17 05:00:00	9.2	북북서	337	14.13	31.44	0.45	4.9	0.64	6.0	2.3	북북서	329	11.6	1013.8	-	245	
2019-12-17 05:05:00	9.9	북북서	335	14.13	31.44	0.49	4.8	0.76	4.5	1.5	북북서	345	11.8	1013.8	-	233	
2019-12-17 05:10:00	8.0	북북서	336	14.14	31.44	0.43	4.5	0.54	7.5	0.7	동남동	112	11.9	1013.7	-	170	
2019-12-17 05:15:00	10.0	북북서	347	14.16	31.44	0.40	5.0	0.52	7.5	1.3	남동	145	12.0	1013.6	-	214	
2019-12-17 05:20:00	7.4	북서	323	14.16	31.45	0.37	4.5	0.54	3.5	2.3	남남서	208	12.8	1013.6	-	185	
2019-12-17 05:25:00	9.3	북북서	343	14.17	31.44	0.50	4.8	0.75	5.0	3.3	남서	229	13.7	1013.4	-	19	
2019-12-17 05:30:00	6.9	북북서	340	14.17	31.45	0.39	4.8	0.54	3.5	6.4	남서	226	14.0	1013.2	-	82	
2019-12-17 05:35:00	8.7	북북서	345	14.16	31.46	0.39	4.1	0.55	4.0	7.3	남서	227	14.3	1013.0	-	261	
2019-12-17 05:40:00	7.2	북	1	14.17	31.46	0.39	4.7	0.65	3.5	8.7	남서	221	14.5	1012.8	-	128	
2019-12-17 05:45:00	9.9	북	352	14.15	31.45	0.41	5.3	0.52	4.5	7.2	남남서	208	14.5	1012.7	-	226	
2019-12-17 05:50:00	11.2	북북서	346	14.15	31.46	0.44	4.8	0.73	4.0	8.6	남남서	209	14.4	1012.6	-	271	
2019-12-17 05:55:00	10.1	북북서	342	14.14	31.45	0.37	4.2	0.63	5.0	5.7	남남서	199	14.4	1012.9	-	96	
2019-12-17 06:00:00	8.0	북북서	339	14.14	31.43	0.35	4.8	0.59	5.0	4.1	남남서	203	14.4	1013.0	-	228	
2019-12-17 06:05:00	7.8	북북서	337	14.14	31.45	0.36	4.9	0.52	4.5	3.4	남서	231	14.3	1013.1	-	121	
2019-12-17 06:10:00	8.2	북북서	328	14.14	31.44	0.31	5.3	0.44	6.0	3.7	남서	220	14.3	1013.1	-	273	
2019-12-17 06:15:00	10.0	북	351	14.14	31.46	0.32	4.6	0.46	5.0	3.9	남서	228	14.3	1013.0	-	288	
2019-12-17 06:20:00	8.9	북	360	14.14	31.47	0.32	5.2	0.41	5.0	4.5	서남서	239	14.3	1013.0	-	111	
2019-12-17 06:25:00	8.8	북북서	347	14.15	31.46	0.41	5.6	0.56	5.5	4.3	남남서	209	14.4	1013.0	-	336	
2019-12-17 06:30:00	8.2	북북서	341	14.16	31.47	0.33	5.2	0.69	4.5	4.7	남서	220	14.4	1012.9	-	254	
2019-12-17 06:35:00	9.7	북북서	334	14.18	31.49	0.39	4.8	0.53	4.5	4.8	남서	214	14.2	1012.9	-	250	
2019-12-17 06:40:00	9.1	북	354	14.17	31.48	0.35	4.9	0.43	6.0	5.2	남서	217	14.1	1012.9	-	149	
2019-12-17 06:45:00	10.5	북북서	346	14.16	31.47	0.30	4.8	0.42	4.5	5.2	남남서	210	14.0	1012.8	-	118	
2019-12-17 06:50:00	12.3	북북서	344	14.15	31.49	0.37	4.4	0.52	4.5	6.2	남서	221	14.1	1012.7	-	205	
2019-12-17 06:55:00	10.6	북	355	14.19	31.49	0.33	5.0	0.51	5.0	8.5	서남서	241	14.2	1012.5	-	323	
2019-12-17 07:00:00	8.4	북	2	14.18	31.49	0.34	5.1	0.44	4.5	5.5	남	178	14.1	1012.5	-	194	
2019-12-17 07:05:00	10.2	북북서	343	14.18	31.49	0.37	4.9	0.45	4.0	3.3	남남동	163	14.1	1012.5	-	216	
2019-12-17 07:10:00	11.8	북	355	14.18	31.49	0.32	4.6	0.54	4.5	3.2	남남서	201	14.2	1012.5	-	265	
2019-12-17 07:15:00	12.4	북	351	14.18	31.52	0.33	4.6	0.50	4.0	3.2	남	190	13.8	1012.5	-	293	
2019-12-17 07:20:00	11.8	북서	325	14.20	31.48	0.33	4.9	0.44	6.0	4.0	남남동	164	13.5	1012.5	-	276	
2019-12-17 07:25:00	9.4	북	352	14.20	31.52	0.38	4.6	0.59	5.0	2.6	남남동	157	13.4	1012.4	-	195	
2019-12-17 07:30:00	11.1	북북서	329	14.21	31.55	0.38	4.9	0.54	5.5	3.4	남	179	13.9	1012.3	-	86	
2019-12-17 07:35:00	8.2	북북서	334	14.21	31.53	0.35	4.3	0.52	4.0	2.6	남동	137	13.4	1012.1	-	275	
2019-12-17 07:40:00	9.4	북북서	339	14.21	31.54	0.37	4.4	0.53	4.0	3.0	남동	143	13.1	1012.1	-	151	
2019-12-17 07:45:00	10.1	북서	325	14.22	31.54	0.36	4.3	0.55	3.5	3.1	남동	135	13.1	1012.1	-	145	
2019-12-17 07:50:00	12.9	북북서	326	14.23	31.54	0.37	4.5	0.53	4.5	3.1	남남동	157	12.9	1012.1	-	291	
2019-12-17 07:55:00	10.9	북	349	14.25	31.55	0.45	4.2	0.76	4.0	2.5	남남서	198	12.9	1012.1	-	298	
2019-12-17 08:00:00	14.9	북북서	335	14.36	31.59	0.45	4.6	0.64	4.5	1.9	남남서	202	12.8	1012.1	-	101	
2019-12-17 08:05:00	17.3	북북서	336	14.38	31.58	0.43	4.2	0.72	3.0	1.8	남	184	12.9	1012.0	-	170	
2019-12-17 08:10:00	14.4	북	350	14.40	31.59	0.42	4.5	0.62	4.5	2.9	남동	145	13.3	1012.0	-	285	
2019-12-17 08:15:00	13.1	북북서	328	14.45	31.58	0.35	4.0	0.56	3.0	2.6	남동	139	13.3	1012.1	-	248	
2019-12-17 08:20:00	16.6	북북서	338	14.47	31.60	0.44	4.2	0.60	6.0	3.4	남동	139	13.2	1012.1	-	212	
2019-12-17 08:25:00	12.1	북북서	339	14.46	31.60	0.43	4.5	0.55	4.0	2.8	남동	129	13.2	1012.0	-	164	
2019-12-17 08:30:00	16.1	북북서	331	14.46	31.59	0.39	4.3	0.54	4.0	2.5	남남동	166	13.2	1012.0	-	267	
2019-12-17 08:35:00	14.2	북북서	334	14.47	31.58	0.39	4.2	0.54	4.0	4.2	남남동	151	13.2	1011.8	-	251	
2019-12-17 08:40:00	16.4	북북서	336	14.46	31.57	0.42	4.1	0.63	3.5	4.7	남남동	152	13.2	1011.9	-	291	
2019-12-17 08:45:00	13.0	북북서	333	14.46	31.55	0.39	4.4	0.58	5.5	3.2	남동	146	13.1	1012.1	-	240	
2019-12-17 08:50:00	13.7	북북서	338	14.45	31.59	0.41	4.5	0.52	5.0	3.2	남남동	165	13.2	1012.2	-	237	
2019-12-17 08:55:00	14.6	북북서	340	14.45	31.59	0.37	4.6	0.56	4.0	3.5	남남동	168	13.2	1012.1	-	206	
2019-12-17 09:00:00	15.2	북서	321	14.46	31.60	0.46	4.3	0.66	4.5	3.4	남남동	148	13.2	1012.1	-	253	
2019-12-17 09:05:00	15.9	북북서	333	14.47	31.60	0.37	4.4	0.70	5.0	3.0	남동	132	13.2	1012.1	-	107	
2019-12-17 09:10:00	12.7	북북서	330	14.47	31.59	0.38	4.1	0.49	3.0	4.7	남동	133	13.3	1012.0	-	226	
2019-12-17 09:15:00	12.0	북	358	14.47	31.58	0.41	4.4	0.58	4.0	4.0	남동	139	13.4	1012.0	-	160	
2019-12-17 09:20:00	11.2	북북서	342	14.47	31.58	0.49	4.2	0.64	3.5	5.2	남동	141	13.6	1012.0	-	275	
2019-12-17 09:25:00	11.5	북북서	343	14.47	31.59	0.50	4.7	0.66	7.0	4.1	동남동	120	13.5	1012.0	-	237	
2019-12-17 09:30:00	14.9	북서	323	14.47	31.57	0.44	3.9	0.64	4.5	3.6	남동	135	13.8	1012.0	-	113	
2019-12-17 09:35:00	13.6	북북서	341	14.46	31.56	0.50	4.6	0.64	5.5	3.6	남동	143	13.7	1012.0	-	145	
2019-12-17 09:40:00	10.7	북북동	12	14.45	31.56	0.48	4.0	0.64	4.5	4.0	남동	133	13.7	1012.0	-	273	
2019-12-17 09:45:00	14.0	북북서	346	14.45	31.58	0.45	4.0	0.78	3.0	4.2	남동	132	13.6	1011.9	-	249	
2019-12-17 09:50:00	13.5	북북서	346	14.47	31.58	0.48	4.0	0.74	5.0	3.9	남남동	151	13.5	1012.0	-	322	
2019-12-17 09:55:00	14.8	북북서	339	14.46	31.58	0.43	4.1	0.73	4.0	3.5	남남동	153	13.2	1012.0	-	115	
2019-12-17 10:00:00	13.5	북북서	329	14.46	31.55	0.46	4.0	0.68	3.5	3.9	남동	133	13.5	1011.9	-	147	
2019-12-17 10:05:00	9.8	북	354	14.45	31.57	0.42	4.3	0.69	3.5	3.6	남동	137	13.5	1011.9	-	224	
2019-12-17 10:10:00	13.9	북북서	342	14.44	31.59	0.43	4.0	0.64	3.5	3.1	남남동	147	13.6	1011.9	-	295	
2019-12-17 10:15:00	14.9	북북서	331	14.44	31.58	0.40	4.5	0.57	3.5	4.0	남남동	167	13.6	1011.8	-	308	
2019-12-17 10:20:00	14.4	북서	317	14.44	31.58	0.45	4.2	0.54	5.0	5.3	남	176	13.6	1011.8	-	124	
2019-12-17 10:25:00	11.2	북북서	345	14.44	31.58	0.42	4.3	0.60	3.5	4.9	남남동	158	13.9	1011.7	-	196	
2019-12-17 10:30:00	8.6	북북서	337	14.44	31.57	0.38	4.5	0.55	4.5	3.6	남	174	13.9	1011.8	-	269	
2019-12-17 10:35:00	11.5	북북서	340	14.44	31.60	0.39	4.6	0.57	5.0	2.9	남	174	13.3	1011.8	-	126	
2019-12-17 10:40:00	10.2	북북서	330	14.44	31.59	0.38	4.0	0.50	4.0	3.5	남남동	158	13.5	1011.6	-	146	
2019-12-17 10:45:00	11.6	북북서	338	14.44	31.59	0.35	4.3	0.61	4.0	4.6	남남동	159	13.9	1011.5	-	269	
2019-12-17 10:50:00	12.7	북서	323	14.43	31.59	0.37	4.5	0.49	3.5	5.2	남남동	168	14.3	1011.3	-	238	
2019-12-17 10:55:00	13.1	북북서	330	14.43	31.62	0.36	4.4	0.55	5.0	5.2	남남서	202	14.9	1011.2	-	253	
2019-12-17 11:00:00	9.8	북북서	328	14.43	31.60	0.32	4.3	0.49	3.5	5.3	남서	230	15.7	1011.1	-	236	
2019-12-17 11:05:00	13.9	북북서	333	14.43	31.49	0.34	4.5	0.44	4.0	5.1	남서	235	15.9	1011.0	-	293	
2019-12-17 11:10:00	11.7	북서	325	14.43	31.51	0.35	4.3	0.48	3.5	7.1	남서	223	15.9	1010.8	-	261	
2019-12-17 11:15:00	11.2	북북서	342	14.43	31.47	0.35	4.5	0.46	3.5	7.8	남서	222	15.8	1010.7	-	67	
2019-12-17 11:20:00	13.9	북북서	345	14.43	31.46	0.32	4.3	0.50	6.5	7.3	남서	226	15.9	1010.7	-	283	
2019-12-17 11:25:00	13.2	북북서	343	14.44	31.45	0.34	4.2	0.51	4.5	7.5	남서	228	16.0	1010.6	-	234	
2019-12-17 11:30:00	11.6	북북서	335	14.44	31.44	0.33	4.2	0.42	3.0	6.6	남서	231	15.9	1010.6	-	257	
2019-12-17 11:35:00	8.0	북북서	339	14.44	31.48	0.36	4.5	0.60	3.5	7.6	남서	233	15.8	1010.6	-	90	
2019-12-17 11:40:00	15.1	북북서	342	14.44	31.48	0.32	4.7	0.44	5.5	6.9	남서	233	15.5	1010.6	-	142	
2019-12-17 11:45:00	12.9	북북서	342	14.45	31.48	0.31	4.6	0.42	5.5	7.7	남서	231	15.4	1010.5	-	105	
2019-12-17 11:50:00	11.3	북북서	335	14.45	31.48	0.33	4.7	0.42	5.0	7.5	남서	233	15.4	1010.5	-	81	
2019-12-17 11:55:00	13.4	북북서	347	14.45	31.48	0.28	4.6	0.44	7.0	7.1	남서	231	15.4	1010.4	-	235	
2019-12-17 12:00:00	13.2	북	354	14.45	31.46	0.25	4.7	0.36	3.0	7.0	남서	232	15.6	1010.5	-	131	
2019-12-17 12:05:00	8.9	북북서	336	14.45	31.45	0.28	4.5	0.41	6.0	6.0	남서	236	15.5	1010.5	-	266	
2019-12-17 12:10:00	15.2	북북서	345	14.45	31.44	0.28	5.3	0.40	6.5	5.3	서남서	246	15.4	1010.6	-	101	
2019-12-17 12:15:00	17.6	북북서	340	14.46	31.46	0.27	5.1	0.41	5.0	5.0	서남서	242	15.1	1010.5	-	93	
2019-12-17 12:20:00	19.3	북북서	331	14.48	31.49	0.29	4.3	0.47	3.0	5.5	남서	236	15.0	1010.4	-	131	
2019-12-17 12:25:00	16.5	북북서	347	14.48	31.52	0.28	5.0	0.36	4.0	5.5	남서	234	15.0	1010.3	-	260	
2019-12-17 12:30:00	15.3	북북서	343	14.49	31.51	0.27	4.4	0.45	4.5	6.0	남서	236	15.0	1010.2	-	82	
2019-12-17 12:35:00	15.9	북북서	346	14.48	31.51	0.26	5.1	0.43	5.0	4.4	서남서	245	14.8	1010.3	-	95	
2019-12-17 12:40:00	13.1	북북서	343	14.48	31.55	0.30	5.5	0.41	4.5	5.6	남서	227	14.8	1010.1	-	57	
2019-12-17 12:45:00	13.3	북북서	341	14.48	31.59	0.26	4.6	0.39	5.0	3.7	남서	234	14.7	1010.1	-	243	
2019-12-17 12:50:00	14.2	북북서	339	14.50	31.58	0.29	5.0	0.41	5.5	4.5	남서	233	14.7	1010.0	-	66	
2019-12-17 12:55:00	15.3	북북서	338	14.51	31.59	0.28	5.1	0.38	4.5	5.0	남서	231	14.7	1010.0	-	253	
2019-12-17 13:00:00	10.7	북북서	347	14.53	31.57	0.27	4.7	0.37	4.0	4.8	남서	234	14.7	1010.0	-	137	
2019-12-17 13:05:00	12.6	북북서	344	14.54	31.58	0.28	5.1	0.39	6.5	4.4	남서	234	14.7	1009.8	-	93	
2019-12-17 13:10:00	12.7	북북서	329	14.53	31.52	0.23	5.2	0.38	5.5	4.1	남서	231	14.7	1009.8	-	276	
2019-12-17 13:15:00	10.2	북북서	332	14.52	31.47	0.24	5.5	0.30	6.0	4.2	남서	228	14.7	1009.8	-	119	
2019-12-17 13:20:00	9.4	북북서	331	14.53	31.47	0.27	4.9	0.42	4.5	4.4	남서	234	14.7	1009.7	-	107	
2019-12-17 13:25:00	12.6	북북서	334	14.53	31.45	0.33	5.6	0.56	4.5	4.3	남서	234	14.7	1009.7	-	74	
2019-12-17 13:30:00	9.9	북북서	338	14.53	31.45	0.27	4.7	0.38	6.5	4.2	남서	236	14.7	1009.7	-	59	
2019-12-17 13:35:00	10.4	북북서	346	14.54	31.42	0.26	5.0	0.34	4.5	4.5	남서	232	14.7	1009.6	-	285	
2019-12-17 13:40:00	9.2	북북서	331	14.55	31.43	0.29	4.6	0.37	5.5	3.4	남서	234	14.8	1009.6	-	88	
2019-12-17 13:45:00	9.5	북북서	338	14.55	31.43	0.29	4.7	0.39	4.5	3.9	서남서	237	14.9	1009.6	-	223	
2019-12-17 13:50:00	10.9	북북서	342	14.55	31.45	0.26	4.8	0.36	5.0	4.4	남서	235	14.8	1009.6	-	104	
2019-12-17 13:55:00	10.7	북북서	339	14.55	31.43	0.30	4.7	0.43	5.0	4.7	서남서	237	14.9	1009.6	-	178	
2019-12-17 14:00:00	4.0	북	356	14.55	31.42	0.28	5.3	0.45	4.5	4.9	남서	231	14.8	1009.5	-	258	
2019-12-17 14:05:00	6.3	북	353	14.54	31.43	0.25	4.7	0.33	4.5	3.8	남서	234	14.8	1009.5	-	150	
2019-12-17 14:10:00	10.5	북	0	14.54	31.44	0.28	4.8	0.47	5.0	4.4	남서	235	14.8	1009.5	-	80	
2019-12-17 14:15:00	5.6	북북서	343	14.54	31.44	0.29	5.0	0.47	5.0	4.2	서남서	240	14.8	1009.5	-	235	
2019-12-17 14:20:00	9.0	북북서	346	14.54	31.42	0.27	5.3	0.38	4.5	3.5	서남서	238	14.9	1009.5	-	107	
2019-12-17 14:25:00	5.4	북	358	14.55	31.42	0.29	4.9	0.45	4.0	3.0	서남서	240	14.9	1009.5	-	179	
2019-12-17 14:30:00	5.5	북북서	329	14.55	31.44	0.27	4.6	0.44	5.0	3.2	서남서	244	14.9	1009.6	-	343	
2019-12-17 14:35:00	2.6	서	276	14.55	31.46	0.29	5.1	0.37	3.5	3.0	남서	235	14.8	1009.6	-	269	
2019-12-17 14:40:00	5.5	북북서	341	14.55	31.46	0.27	4.4	0.42	4.0	3.1	남서	226	14.9	1009.6	-	337	
2019-12-17 14:45:00	8.9	북북서	339	14.55	31.49	0.34	4.4	0.47	4.5	1.5	남서	216	15.0	1009.6	-	298	
2019-12-17 14:50:00	3.8	북북서	346	14.55	31.48	0.29	5.3	0.41	5.5	2.4	서남서	254	15.1	1009.7	-	295	
2019-12-17 14:55:00	4.3	북북서	332	14.55	31.55	0.28	5.1	0.37	6.0	1.8	서	271	14.9	1009.7	-	73	
2019-12-17 15:00:00	6.1	북	357	14.55	31.61	0.31	4.5	0.46	4.5	0.6	서	278	15.0	1009.7	-	43	
2019-12-17 15:05:00	1.0	남남동	158	14.55	31.61	0.31	4.1	0.48	4.0	0.1	서남서	248	15.1	1009.7	-	104	
2019-12-17 15:10:00	5.0	북서	323	14.54	31.63	0.36	4.8	0.46	4.0	0.7	북동	50	15.2	1009.8	-	305	
2019-12-17 15:15:00	1.9	북서	325	14.54	31.60	0.31	4.8	0.44	4.5	1.0	북동	44	15.3	1009.8	-	47	
2019-12-17 15:20:00	2.0	북	6	14.54	31.62	0.31	4.4	0.44	5.0	0.7	동	91	15.3	1009.8	-	66	
2019-12-17 15:25:00	3.3	서북서	291	14.54	31.61	0.30	4.3	0.41	5.0	1.1	남동	131	15.2	1009.8	-	106	
2019-12-17 15:30:00	1.9	북북동	23	14.54	31.57	0.32	4.5	0.53	4.0	1.7	남동	134	15.2	1009.9	-	153	
2019-12-17 15:35:00	0.8	남서	226	14.53	31.54	0.30	4.2	0.50	4.5	1.0	남남동	164	15.1	1009.9	-	272	
2019-12-17 15:40:00	3.1	남서	226	14.53	31.55	0.28	4.5	0.43	4.5	0.8	남동	135	15.2	1009.9	-	206	
2019-12-17 15:45:00	4.6	서	280	14.54	31.59	0.32	4.1	0.50	5.5	0.9	동남동	121	15.3	1009.9	-	77	
2019-12-17 15:50:00	1.1	서북서	290	14.53	31.62	0.32	4.7	0.40	3.0	1.2	남동	145	15.3	1009.9	-	142	
2019-12-17 15:55:00	3.7	북서	317	14.52	31.65	0.34	4.5	0.46	4.0	2.0	남	169	15.4	1010.0	-	263	
2019-12-17 16:00:00	2.0	서남서	257	14.52	31.60	0.39	4.2	0.61	5.5	2.5	남	187	15.2	1010.0	-	131	
2019-12-17 16:05:00	2.6	남서	221	14.51	31.63	0.37	3.8	0.46	3.5	3.8	남남서	209	15.0	1009.9	-	135	
2019-12-17 16:10:00	0.7	동남동	120	14.51	31.63	0.39	4.2	0.51	3.5	5.2	남남서	211	14.9	1009.7	-	319	
2019-12-17 16:15:00	1.3	북북동	27	14.50	31.63	0.41	4.0	0.66	5.0	3.7	남남서	204	14.8	1009.9	-	328	
2019-12-17 16:20:00	0.8	서남서	250	14.50	31.61	0.36	3.8	0.61	4.0	2.7	남남서	212	14.8	1009.9	-	80	
2019-12-17 16:25:00	1.8	서	281	14.51	31.61	0.42	4.4	0.63	4.0	2.1	서남서	243	15.2	1010.0	-	240	
2019-12-17 16:30:00	2.9	서북서	284	14.51	31.54	0.42	3.9	0.63	3.5	2.3	서	260	15.2	1010.2	-	88	
2019-12-17 16:35:00	2.7	남	183	14.50	31.44	0.38	4.3	0.46	5.0	2.0	서남서	253	15.1	1010.3	-	117	
2019-12-17 16:40:00	1.8	북서	305	14.48	31.43	0.42	4.0	0.58	3.5	2.8	서남서	237	14.8	1010.6	-	294	
2019-12-17 16:45:00	2.9	북	356	14.47	31.45	0.45	4.0	0.60	3.5	3.7	서남서	249	14.7	1010.7	-	263	
2019-12-17 16:50:00	1.0	동	87	14.47	31.45	0.49	4.0	0.71	4.0	4.5	서남서	249	14.6	1010.5	-	190	
2019-12-17 16:55:00	5.1	남서	226	14.47	31.46	0.50	4.1	0.71	5.0	4.9	서남서	250	14.5	1010.4	-	133	
2019-12-17 17:00:00	4.8	남남서	197	14.47	31.44	0.46	4.3	0.60	4.5	4.9	남서	234	14.5	1010.6	-	126	
2019-12-17 17:05:00	3.5	남남동	166	14.42	31.44	0.53	4.1	0.71	4.5	4.2	남서	234	14.5	1010.7	-	176	
2019-12-17 17:10:00	3.5	북북서	337	14.44	31.44	0.49	4.3	0.78	4.5	3.6	서남서	242	14.3	1010.7	-	258	
2019-12-17 17:15:00	3.5	남남동	163	14.41	31.44	0.52	3.9	0.82	3.5	4.2	서남서	237	14.3	1010.8	-	144	
2019-12-17 17:20:00	4.6	남서	222	14.41	31.43	0.38	4.1	0.51	5.5	3.8	남서	220	14.1	1011.0	-	246	
2019-12-17 17:25:00	2.4	서북서	287	14.42	31.45	0.46	4.3	0.70	5.0	3.6	남서	222	14.1	1011.2	-	299	
2019-12-17 17:30:00	3.9	서북서	284	14.43	31.43	0.43	4.1	0.62	5.5	3.5	서남서	240	14.0	1011.3	-	181	
2019-12-17 17:35:00	0.7	남남동	165	14.42	31.45	0.44	3.7	0.62	4.5	4.6	서남서	254	14.0	1011.3	-	170	
2019-12-17 17:40:00	3.5	북북서	343	14.42	31.41	0.43	3.5	0.57	3.5	4.6	서	261	14.0	1011.1	-	116	
2019-12-17 17:45:00	4.9	북북서	349	14.39	31.47	0.44	3.8	0.56	3.5	4.4	서남서	252	14.1	1011.2	-	221	
2019-12-17 17:50:00	2.4	서북서	298	14.39	31.53	0.41	3.8	0.69	3.0	2.9	서	264	14.0	1011.5	-	141	
2019-12-17 17:55:00	3.5	남서	214	14.39	31.56	0.37	3.8	0.61	3.0	3.2	서남서	246	13.9	1011.6	-	341	
2019-12-17 18:00:00	2.5	서	265	14.39	31.58	0.45	4.0	0.57	4.5	3.5	서남서	249	13.9	1011.6	-	223	
2019-12-17 18:05:00	2.4	서남서	241	14.40	31.58	0.43	3.7	0.63	4.5	3.3	서	273	13.6	1011.6	-	328	
2019-12-17 18:10:00	3.9	동남동	112	14.42	31.57	0.41	3.9	0.55	4.0	3.8	서남서	254	13.5	1011.6	-	327	
2019-12-17 18:15:00	3.4	서남서	239	14.44	31.56	0.41	4.0	0.61	3.5	4.1	서남서	257	13.6	1011.6	-	189	
2019-12-17 18:20:00	2.8	북	6	14.44	31.59	0.47	3.6	0.66	4.0	4.6	서	267	13.4	1011.6	-	155	
2019-12-17 18:25:00	2.1	북서	314	14.44	31.59	0.44	3.7	0.69	4.0	5.3	서	260	13.4	1011.7	-	130	
2019-12-17 18:30:00	1.5	남	171	14.43	31.58	0.47	3.5	0.66	3.5	5.6	서남서	257	13.3	1011.8	-	344	
2019-12-17 18:35:00	3.1	동북동	74	14.43	31.57	0.41	4.1	0.54	4.0	5.3	서	266	13.2	1011.9	-	158	
2019-12-17 18:40:00	5.3	동남동	103	14.45	31.59	0.40	4.1	0.55	3.5	5.2	서	267	13.1	1012.0	-	143	
2019-12-17 18:45:00	1.6	서북서	281	14.48	31.61	0.39	4.0	0.56	3.5	5.3	서	265	12.9	1012.1	-	147	
2019-12-17 18:50:00	1.2	남남서	200	14.50	31.63	0.41	4.2	0.65	3.5	4.3	서남서	250	12.8	1012.2	-	180	
2019-12-17 18:55:00	0.7	남	175	14.50	31.62	0.37	3.9	0.50	3.5	4.1	서남서	241	12.8	1012.5	-	14	
2019-12-17 19:00:00	2.7	서북서	287	14.51	31.61	0.38	3.6	0.62	3.5	3.8	서남서	250	12.9	1012.7	-	184	
2019-12-17 19:05:00	0.6	동북동	58	14.48	31.59	0.39	3.7	0.59	3.5	4.2	서남서	248	12.8	1012.6	-	142	
2019-12-17 19:10:00	4.2	남	175	14.50	31.63	0.40	3.9	0.56	3.5	5.4	서남서	258	13.0	1012.6	-	167	
2019-12-17 19:15:00	2.3	서남서	256	14.51	31.63	0.38	4.4	0.53	6.0	5.7	서	267	12.9	1012.7	-	82	
2019-12-17 19:20:00	3.8	남남서	210	14.50	31.63	0.36	4.3	0.46	4.0	5.5	서	259	12.7	1012.7	-	154	
2019-12-17 19:25:00	7.7	남남동	159	14.50	31.62	0.36	4.3	0.65	3.5	4.8	서남서	257	12.7	1012.8	-	154	
2019-12-17 19:30:00	3.8	남서	220	14.51	31.61	0.39	4.3	0.54	4.5	3.9	서남서	247	12.7	1013.0	-	154	
2019-12-17 19:35:00	2.8	남	176	14.51	31.61	0.37	4.1	0.52	4.0	4.2	서남서	243	12.8	1013.0	-	116	
2019-12-17 19:40:00	4.9	남남동	149	14.51	31.63	0.32	3.8	0.51	3.0	5.1	서남서	243	12.8	1013.0	-	32	
2019-12-17 19:45:00	4.4	서남서	240	14.50	31.63	0.37	3.7	0.48	3.0	5.9	서남서	252	12.7	1012.9	-	57	
2019-12-17 19:50:00	1.0	동남동	122	14.52	31.61	0.37	4.3	0.52	4.5	5.2	서	262	12.7	1013.0	-	113	
2019-12-17 19:55:00	2.6	남서	220	14.50	31.61	0.35	4.0	0.51	3.5	4.8	서	264	12.5	1013.1	-	31	
2019-12-17 20:00:00	1.4	서	268	14.50	31.61	0.37	3.9	0.47	4.5	3.9	서	260	12.4	1013.2	-	133	
2019-12-17 20:05:00	1.2	서북서	300	14.50	31.62	0.29	3.8	0.41	3.0	3.8	서남서	246	12.3	1013.4	-	149	
2019-12-17 20:10:00	4.9	북	5	14.49	31.53	0.30	4.2	0.45	4.0	3.3	서남서	254	12.3	1013.4	-	155	
2019-12-17 20:15:00	2.4	남	170	14.50	31.55	0.33	4.0	0.48	3.0	3.2	서남서	253	12.4	1013.5	-	253	
2019-12-17 20:20:00	3.8	북북동	15	14.50	31.52	0.33	3.6	0.45	3.5	3.4	서남서	238	12.3	1013.4	-	280	
2019-12-17 20:25:00	4.2	동남동	117	14.49	31.54	0.31	3.5	0.40	3.0	2.6	서남서	247	12.3	1013.5	-	322	
2019-12-17 20:30:00	1.1	남서	221	14.50	31.57	0.29	4.1	0.43	3.5	3.3	서남서	239	12.3	1013.5	-	126	
2019-12-17 20:35:00	1.9	북북서	339	14.49	31.54	0.29	3.4	0.41	3.5	2.4	서남서	239	12.2	1013.6	-	355	
2019-12-17 20:40:00	3.2	서남서	255	14.49	31.61	0.27	4.0	0.37	3.5	2.4	남서	232	12.1	1013.6	-	245	
2019-12-17 20:45:00	4.1	서	262	14.49	31.61	0.27	4.1	0.47	4.0	2.6	서남서	245	12.1	1013.7	-	27	
2019-12-17 20:50:00	0.5	남남동	168	14.49	31.63	0.28	3.7	0.43	3.5	2.7	서남서	248	12.0	1013.8	-	219	
2019-12-17 20:55:00	2.0	서	279	14.49	31.60	0.27	3.9	0.39	3.5	3.1	서남서	246	12.0	1013.9	-	319	
2019-12-17 21:00:00	1.8	남서	216	14.50	31.61	0.26	3.8	0.37	3.5	3.3	서남서	248	12.1	1013.8	-	247	
2019-12-17 21:05:00	1.3	서	268	14.50	31.58	0.28	3.7	0.34	3.5	3.3	서남서	238	12.1	1013.8	-	234	
2019-12-17 21:10:00	1.3	북북동	21	14.49	31.61	0.28	4.3	0.39	4.0	3.5	서남서	241	12.0	1013.9	-	119	
2019-12-17 21:15:00	3.4	서북서	286	14.49	31.58	0.26	4.2	0.35	5.0	4.0	서남서	242	12.1	1014.0	-	305	
2019-12-17 21:20:00	0.8	남동	131	14.48	31.61	0.26	4.0	0.38	3.0	4.0	서남서	239	12.1	1013.9	-	75	
2019-12-17 21:25:00	1.4	남서	232	14.49	31.62	0.27	4.0	0.39	3.5	3.7	서남서	243	12.0	1013.9	-	59	
2019-12-17 21:30:00	2.4	서북서	303	14.49	31.62	0.25	3.8	0.34	3.5	3.5	서남서	242	11.9	1014.0	-	139	
2019-12-17 21:35:00	3.0	남남동	152	14.50	31.62	0.27	4.5	0.41	5.5	3.5	서남서	248	12.0	1014.0	-	27	
2019-12-17 21:40:00	3.9	서남서	237	14.50	31.62	0.28	4.2	0.53	4.5	3.6	서남서	256	11.9	1014.0	-	19	
2019-12-17 21:45:00	1.5	서	271	14.50	31.62	0.25	3.8	0.34	4.0	4.0	서남서	254	11.8	1014.0	-	16	
2019-12-17 21:50:00	1.3	서북서	284	14.51	31.63	0.26	4.2	0.36	3.5	4.1	서남서	256	11.9	1013.9	-	47	
2019-12-17 21:55:00	2.5	서북서	288	14.51	31.62	0.24	4.0	0.32	6.0	3.6	서남서	257	11.8	1014.0	-	200	
2019-12-17 22:00:00	1.0	서	280	14.51	31.63	0.28	3.8	0.43	4.5	3.4	서남서	254	11.7	1014.1	-	216	
2019-12-17 22:05:00	3.7	서	281	14.52	31.62	0.25	4.3	0.33	4.5	3.3	서남서	247	11.8	1014.1	-	174	
2019-12-17 22:10:00	3.7	남남서	210	14.51	31.64	0.25	4.2	0.35	4.0	3.7	서남서	241	11.8	1014.1	-	194	
2019-12-17 22:15:00	1.4	서남서	247	14.52	31.61	0.26	4.0	0.35	3.5	3.5	서남서	249	11.9	1014.0	-	45	
2019-12-17 22:20:00	1.2	남	190	14.52	31.63	0.26	4.4	0.38	3.5	3.3	서남서	254	11.8	1014.0	-	157	
2019-12-17 22:25:00	4.0	서남서	252	14.52	31.65	0.32	4.0	0.49	3.5	3.6	서남서	254	11.8	1014.1	-	106	
2019-12-17 22:30:00	2.4	남남서	208	14.52	31.65	0.30	4.0	0.44	3.0	4.1	서남서	252	11.8	1014.1	-	148	
2019-12-17 22:35:00	1.4	북서	316	14.53	31.62	0.30	4.2	0.43	3.5	3.8	서남서	253	11.7	1014.0	-	340	
2019-12-17 22:40:00	1.4	남남서	208	14.52	31.63	0.26	4.0	0.36	3.5	4.0	서남서	254	11.6	1014.1	-	160	
2019-12-17 22:45:00	0.3	서남서	257	14.51	31.63	0.26	3.9	0.38	4.5	4.2	서	259	11.6	1014.2	-	265	
2019-12-17 22:50:00	2.2	서북서	288	14.52	31.63	0.29	3.9	0.41	5.0	4.2	서남서	253	11.6	1014.3	-	317	
2019-12-17 22:55:00	0.8	남남동	149	14.52	31.61	0.26	4.6	0.39	5.5	4.2	서남서	254	11.7	1014.2	-	170	
2019-12-17 23:00:00	4.0	서남서	259	14.52	31.60	0.31	4.5	0.45	4.5	3.6	서남서	254	11.7	1014.2	-	235	
2019-12-17 23:05:00	4.5	남남서	208	14.53	31.60	0.30	4.3	0.38	4.5	4.1	서남서	249	11.8	1014.4	-	144	
2019-12-17 23:10:00	0.9	서북서	284	14.54	31.60	0.33	4.8	0.49	4.5	4.6	서남서	246	11.9	1014.5	-	342	
2019-12-17 23:15:00	1.5	남	185	14.53	31.61	0.30	4.5	0.45	3.5	4.1	서남서	255	12.0	1014.6	-	68	
2019-12-17 23:20:00	2.2	서북서	300	14.53	31.61	0.34	4.1	0.46	3.5	4.3	서남서	254	11.8	1014.6	-	164	
2019-12-17 23:25:00	1.3	서북서	301	14.53	31.61	0.35	4.9	0.46	5.0	4.6	서남서	252	11.8	1014.7	-	4	
2019-12-17 23:30:00	3.4	서	269	14.53	31.63	0.28	4.3	0.43	4.0	4.9	서남서	244	11.8	1014.7	-	164	
2019-12-17 23:35:00	0.8	서북서	302	14.53	31.63	0.28	3.8	0.39	4.5	4.2	서남서	254	11.8	1014.8	-	48	
2019-12-17 23:40:00	3.3	남남서	201	14.54	31.63	0.32	4.6	0.51	4.0	3.7	서남서	252	11.8	1014.8	-	158	
2019-12-17 23:45:00	2.8	서북서	296	14.54	31.64	0.31	4.4	0.53	5.0	3.8	서남서	241	11.7	1014.9	-	21	
2019-12-17 23:50:00	2.8	서북서	287	14.53	31.63	0.29	4.6	0.48	4.5	3.5	서남서	245	11.7	1015.0	-	355	
2019-12-17 23:55:00	2.0	서북서	287	14.53	31.63	0.33	4.2	0.52	4.5	3.9	서남서	239	11.7	1015.1	-	137	
2019-12-18 00:00:00	4.2	북서	319	14.52	31.65	0.29	4.2	0.43	4.5	4.0	서남서	246	11.7	1015.1	-	335	
2019-12-18 00:05:00	3.6	서	277	14.52	31.64	0.38	4.3	0.55	4.5	3.5	서남서	256	11.6	1015.2	-	259	
2019-12-18 00:10:00	1.1	서북서	291	14.53	31.63	0.32	4.2	0.41	4.5	3.9	서남서	254	11.5	1015.2	-	1	
2019-12-18 00:15:00	2.0	서남서	240	14.53	31.64	0.33	4.5	0.58	3.0	3.4	서남서	257	11.5	1015.4	-	115	
2019-12-18 00:20:00	1.4	서북서	293	14.52	31.65	0.31	4.7	0.51	4.5	2.7	서남서	253	11.4	1015.5	-	148	
2019-12-18 00:25:00	1.5	동	92	14.52	31.65	0.31	4.5	0.42	3.5	2.2	서	273	11.4	1015.6	-	339	
2019-12-18 00:30:00	3.1	서남서	245	14.52	31.66	0.35	3.9	0.46	3.5	1.9	서남서	258	11.4	1015.6	-	230	
2019-12-18 00:35:00	2.1	남서	234	14.52	31.63	0.38	4.6	0.51	4.5	1.8	서남서	250	11.3	1015.7	-	13	
2019-12-18 00:40:00	1.0	동북동	73	14.52	31.63	0.40	4.4	0.76	5.0	1.8	서남서	254	11.3	1015.7	-	350	
2019-12-18 00:45:00	1.5	북	10	14.52	31.63	0.34	4.3	0.50	5.5	2.1	서	268	11.3	1015.7	-	19	
2019-12-18 00:50:00	1.0	북북서	339	14.50	31.63	0.38	4.6	0.55	3.5	2.4	서북서	284	11.2	1015.7	-	3	
2019-12-18 00:55:00	1.3	북북서	343	14.50	31.64	0.41	4.5	0.58	3.5	1.8	서	279	11.2	1015.8	-	128	
2019-12-18 01:00:00	3.1	서	278	14.50	31.64	0.32	4.3	0.44	5.0	1.5	서남서	251	11.1	1015.9	-	10	
2019-12-18 01:05:00	3.0	남	185	14.50	31.62	0.34	4.6	0.49	3.5	2.0	남서	219	11.1	1015.9	-	7	
2019-12-18 01:10:00	4.4	서북서	298	14.49	31.65	0.36	4.1	0.49	4.5	1.8	남서	228	11.0	1016.0	-	180	
2019-12-18 01:15:00	4.5	서북서	296	14.49	31.63	0.38	4.6	0.47	5.0	2.4	서남서	240	11.0	1015.9	-	356	
2019-12-18 01:20:00	3.8	북서	311	14.49	31.63	0.38	5.0	0.49	5.0	2.5	서남서	241	11.0	1015.9	-	359	
2019-12-18 01:25:00	3.8	서	269	14.47	31.62	0.37	4.9	0.65	4.5	3.0	서남서	249	10.9	1015.8	-	25	
2019-12-18 01:30:00	6.6	북서	311	14.48	31.63	0.38	5.1	0.60	4.5	3.6	서남서	246	10.8	1015.8	-	7	
2019-12-18 01:35:00	3.2	북	350	14.48	31.62	0.43	4.4	0.63	5.0	2.9	서남서	248	10.7	1015.9	-	16	
2019-12-18 01:40:00	2.7	서	261	14.47	31.61	0.46	4.8	0.66	6.0	2.7	서남서	249	10.7	1016.1	-	17	
2019-12-18 01:45:00	1.9	북북서	337	14.45	31.63	0.49	4.6	0.76	5.0	3.0	서남서	243	10.5	1016.1	-	29	
2019-12-18 01:50:00	0.9	북북동	14	14.46	31.62	0.44	4.7	0.64	5.5	2.7	서남서	255	10.4	1016.3	-	13	
2019-12-18 01:55:00	3.4	서북서	290	14.46	31.60	0.46	4.8	0.70	4.0	3.4	서남서	248	10.2	1016.4	-	14	
2019-12-18 02:00:00	3.1	남	172	14.45	31.61	0.48	5.4	0.91	5.5	3.4	서남서	254	10.2	1016.4	-	6	
2019-12-18 02:05:00	4.9	서남서	248	14.44	31.63	0.45	5.4	0.61	5.5	3.7	서남서	257	10.1	1016.4	-	2	
2019-12-18 02:10:00	1.5	서북서	301	14.44	31.61	0.57	5.5	0.89	5.5	3.5	서남서	257	9.9	1016.6	-	16	
2019-12-18 02:15:00	5.7	남남서	212	14.43	31.58	0.54	5.8	0.70	6.5	3.1	서	260	9.8	1016.7	-	9	
2019-12-18 02:20:00	6.7	북북서	330	14.42	31.62	0.64	5.6	0.89	4.0	3.4	서	259	9.7	1016.8	-	9	
2019-12-18 02:25:00	4.6	북북서	347	14.42	31.65	0.77	7.1	1.15	6.0	3.3	서남서	246	9.7	1016.8	-	5	
2019-12-18 02:30:00	6.4	서북서	302	14.41	31.64	0.75	6.0	0.98	6.5	3.0	서남서	256	9.5	1016.9	-	7	
2019-12-18 02:35:00	5.1	북북서	336	14.42	31.61	0.82	6.9	1.00	7.0	3.4	서남서	255	9.5	1017.0	-	14	
2019-12-18 02:40:00	5.9	북북서	343	14.40	31.62	0.88	6.3	1.12	5.5	3.5	서	259	9.5	1017.0	-	13	
2019-12-18 02:45:00	4.2	서북서	291	14.41	31.62	0.73	6.3	0.93	5.5	3.3	서남서	258	9.4	1017.2	-	10	
2019-12-18 02:50:00	6.6	북북서	328	14.41	31.61	0.89	6.3	1.22	7.0	3.4	서남서	258	9.3	1017.3	-	21	
2019-12-18 02:55:00	5.9	서북서	289	14.40	31.61	0.94	6.3	1.26	7.0	2.8	서	261	9.4	1017.4	-	7	
2019-12-18 03:00:00	9.4	북북서	338	14.39	31.62	1.09	6.4	1.39	5.5	3.2	서	259	9.3	1017.5	-	15	
2019-12-18 03:05:00	9.8	서북서	291	14.38	31.59	1.18	7.0	1.66	6.5	3.0	서	264	9.2	1017.6	-	10	
2019-12-18 03:10:00	4.7	서	266	14.39	31.61	1.10	6.6	1.59	7.0	2.8	서	263	9.1	1017.7	-	10	
2019-12-18 03:15:00	3.0	남서	235	14.38	31.61	1.15	6.9	1.33	7.5	2.4	서남서	256	9.0	1017.8	-	15	
2019-12-18 03:20:00	3.8	남남서	197	14.39	31.61	0.91	6.3	1.21	6.5	2.1	서	275	9.0	1017.9	-	16	
2019-12-18 03:25:00	8.0	남남동	155	14.38	31.61	1.26	6.4	1.50	6.5	2.9	서북서	303	9.3	1018.0	-	7	
2019-12-18 03:30:00	12.6	남서	216	14.36	31.60	1.11	6.4	1.42	8.0	3.5	서북서	299	9.5	1018.1	-	22	
2019-12-18 03:35:00	1.7	동남동	103	14.38	31.61	0.88	5.9	1.30	6.0	4.9	서북서	297	9.7	1018.1	-	27	
2019-12-18 03:40:00	2.2	남남동	166	14.39	31.60	1.51	7.0	2.19	6.5	5.0	서북서	300	9.6	1018.2	-	3	
2019-12-18 03:45:00	3.0	북동	55	14.38	31.61	1.30	6.4	1.60	6.5	5.1	서북서	295	9.5	1018.2	-	8	
2019-12-18 03:50:00	2.2	동	85	14.39	31.59	1.40	7.0	1.86	6.5	4.8	서북서	290	9.4	1018.3	-	1	
2019-12-18 03:55:00	5.2	서	270	14.39	31.55	0.86	6.4	1.00	5.5	4.6	서북서	286	9.3	1018.3	-	352	
2019-12-18 04:00:00	4.9	서북서	282	14.39	31.55	1.26	6.2	1.80	6.0	5.0	서북서	286	9.3	1018.4	-	4	
2019-12-18 04:05:00	4.9	서남서	237	14.38	31.60	1.06	6.6	1.43	6.5	4.5	서북서	290	9.4	1018.4	-	349	
2019-12-18 04:10:00	13.7	북서	325	14.39	31.60	1.03	6.3	1.40	5.0	4.8	서북서	303	9.4	1018.4	-	3	
2019-12-18 04:15:00	13.4	북서	317	14.39	31.62	1.26	6.8	1.94	6.5	4.5	서북서	289	9.1	1018.5	-	9	
2019-12-18 04:20:00	21.3	북서	323	14.39	31.62	1.26	6.7	1.66	6.0	4.4	서	275	8.7	1018.6	-	14	
2019-12-18 04:25:00	22.9	서북서	283	14.39	31.59	1.02	6.2	1.26	7.0	4.2	서	263	7.8	1018.6	-	8	
2019-12-18 04:30:00	30.8	북서	324	14.41	31.61	0.82	5.1	1.33	5.5	4.2	서	267	8.0	1018.6	-	13	
2019-12-18 04:35:00	50.9	서	264	14.40	31.60	1.10	5.7	1.73	5.5	4.4	서	279	8.3	1018.7	-	17	
2019-12-18 04:40:00	18.5	서북서	284	14.42	31.62	1.10	6.0	1.56	6.0	4.5	서북서	290	8.7	1018.7	-	6	
2019-12-18 04:45:00	13.5	북북동	12	14.44	31.61	1.45	6.4	2.33	6.5	4.6	서	280	8.5	1018.8	-	8	
2019-12-18 04:50:00	8.5	서북서	292	14.45	31.60	1.05	6.3	1.36	7.0	4.1	서	262	8.3	1018.9	-	6	
2019-12-18 04:55:00	7.7	북서	310	14.46	31.63	1.11	5.8	1.73	5.5	3.9	서남서	256	8.0	1018.9	-	4	
2019-12-18 05:00:00	3.8	남남동	155	14.45	31.60	0.99	6.2	1.23	6.0	3.4	서	267	8.0	1018.9	-	23	
2019-12-18 05:05:00	5.5	서	280	14.47	31.61	1.12	6.3	1.72	6.5	3.5	서	262	7.8	1019.0	-	10	
2019-12-18 05:10:00	3.5	북북동	27	14.50	31.64	1.03	6.0	1.54	6.0	3.4	서	270	7.9	1019.0	-	20	
2019-12-18 05:15:00	10.5	북서	316	14.50	31.60	1.19	6.6	1.45	7.0	3.0	서북서	288	8.2	1019.1	-	2	
2019-12-18 05:20:00	15.7	서	273	14.49	31.60	0.98	5.5	1.22	4.5	2.6	북서	315	8.5	1019.2	-	11	
2019-12-18 05:25:00	18.2	서북서	283	14.51	31.61	1.23	6.2	1.58	6.5	4.7	북	351	8.9	1019.2	-	13	
2019-12-18 05:30:00	29.1	서북서	286	14.52	31.63	1.32	6.2	1.77	7.0	5.0	북	5	8.9	1019.2	-	12	
2019-12-18 05:35:00	60.8	서북서	297	14.51	31.59	1.34	5.8	1.80	5.0	5.4	북북동	28	9.2	1019.3	-	16	
2019-12-18 05:40:00	20.4	북서	316	14.49	31.60	1.45	6.0	1.79	6.0	9.0	북동	51	9.2	1019.0	-	3	
2019-12-18 05:45:00	18.6	북서	311	14.50	31.59	1.32	5.8	1.97	7.0	9.1	동북동	62	9.1	1019.1	-	13	
2019-12-18 05:50:00	10.6	서북서	293	14.49	31.62	1.26	5.6	1.50	4.5	9.1	북동	51	9.2	1019.2	-	18	
2019-12-18 05:55:00	9.0	서북서	281	14.49	31.60	1.40	5.6	1.97	6.0	9.0	동북동	62	8.9	1019.1	-	13	
2019-12-18 06:00:00	8.1	남남서	200	14.50	31.60	1.26	5.6	1.62	6.0	9.4	동북동	57	8.9	1019.1	-	12	
2019-12-18 06:05:00	9.8	남서	235	14.50	31.62	1.50	5.7	2.15	6.0	9.5	동북동	57	8.8	1019.2	-	16	
2019-12-18 06:10:00	6.7	남동	140	14.50	31.62	1.25	5.1	1.70	6.0	9.0	동북동	63	8.8	1019.4	-	8	
2019-12-18 06:15:00	8.0	서	267	14.50	31.61	1.32	5.3	1.90	5.5	8.9	동북동	58	8.6	1019.4	-	4	
2019-12-18 06:20:00	8.2	남서	231	14.49	31.60	1.18	5.3	1.84	5.0	8.3	북동	56	8.4	1019.5	-	3	
2019-12-18 06:25:00	4.6	남동	136	14.49	31.59	1.49	5.8	1.84	5.5	8.0	북동	53	8.3	1019.7	-	9	
2019-12-18 06:30:00	7.4	서남서	244	14.48	31.58	1.47	5.4	2.11	5.0	7.6	동북동	61	8.4	1019.9	-	1	
2019-12-18 06:35:00	7.4	북북서	331	14.47	31.60	1.52	6.9	1.84	6.0	7.7	북동	56	8.4	1019.9	-	26	
2019-12-18 06:40:00	32.6	서북서	283	14.45	31.60	1.71	6.5	2.49	6.5	7.7	동북동	59	8.7	1020.1	-	22	
2019-12-18 06:45:00	28.2	서북서	297	14.44	31.59	1.51	6.4	1.98	7.0	7.6	동북동	63	8.5	1020.2	-	27	
2019-12-18 06:50:00	78.7	북서	312	14.43	31.59	1.56	6.4	1.93	6.0	7.2	동북동	66	8.3	1020.4	-	21	
2019-12-18 06:55:00	17.6	북북서	331	14.41	31.56	1.93	7.0	3.09	6.5	6.4	동북동	57	8.4	1020.5	-	31	
2019-12-18 07:00:00	82.6	북서	315	14.39	31.59	1.72	6.8	3.01	6.0	5.3	북동	45	8.0	1020.6	-	33	
2019-12-18 07:05:00	93.0	북북서	333	14.38	31.55	1.50	6.7	1.86	6.0	4.1	동북동	61	7.8	1020.8	-	43	
2019-12-18 07:10:00	52.5	북북서	339	14.37	31.54	2.19	7.4	2.76	7.5	3.2	동북동	60	7.9	1020.9	-	31	
2019-12-18 07:15:00	93.2	서북서	293	14.35	31.55	1.96	7.8	2.35	8.0	3.3	북북동	25	7.9	1021.0	-	43	
2019-12-18 07:20:00	51.1	서북서	292	14.33	31.54	2.39	7.2	3.05	7.5	6.6	북북서	329	7.5	1021.0	-	32	
2019-12-18 07:25:00	18.3	서북서	286	14.33	31.56	2.12	7.0	2.65	7.0	4.0	북북서	332	6.8	1021.2	-	40	
2019-12-18 07:30:00	20.0	서북서	292	14.33	31.56	2.10	7.5	2.51	7.0	3.5	북	355	6.9	1021.3	-	43	
2019-12-18 07:35:00	13.4	서	274	14.32	31.55	2.06	6.9	3.01	6.5	3.1	북	6	6.8	1021.3	-	23	
2019-12-18 07:40:00	14.9	서북서	283	14.31	31.58	2.01	7.5	2.65	7.5	4.4	북	2	7.1	1021.3	-	39	
2019-12-18 07:45:00	17.8	서	270	14.31	31.55	2.14	7.3	2.64	9.5	5.1	북	357	7.1	1021.2	-	48	
2019-12-18 07:50:00	10.5	서북서	300	14.30	31.52	2.03	7.3	2.50	7.0	5.1	북	357	7.4	1021.2	-	53	
2019-12-18 07:55:00	10.0	서	271	14.29	31.52	2.27	7.5	3.06	6.5	3.7	북	349	7.3	1021.3	-	46	
2019-12-18 08:00:00	12.8	서	266	14.29	31.52	1.95	7.8	2.44	7.0	4.2	북	0	7.5	1021.4	-	32	
2019-12-18 08:05:00	12.0	서	269	14.28	31.52	2.27	8.0	3.16	7.5	3.9	북	352	7.2	1021.5	-	47	
2019-12-18 08:10:00	8.3	서남서	247	14.27	31.51	2.02	7.5	2.33	6.5	3.7	북	0	7.1	1021.6	-	42	
2019-12-18 08:15:00	4.8	서북서	294	14.27	31.50	2.03	8.2	2.58	8.0	2.7	북북서	347	7.0	1021.7	-	47	
2019-12-18 08:20:00	5.0	서북서	289	14.26	31.51	2.22	7.5	3.44	7.5	2.2	북북서	346	7.0	1021.7	-	39	
2019-12-18 08:25:00	9.9	서	279	14.25	31.51	2.18	8.1	2.71	8.0	2.0	북	351	7.0	1021.8	-	49	
2019-12-18 08:30:00	2.2	북북서	331	14.25	31.52	2.01	7.9	3.00	8.5	2.6	북북서	332	7.1	1021.9	-	37	
2019-12-18 08:35:00	11.4	서북서	283	14.25	31.47	2.15	7.4	3.03	7.5	3.1	북	4	7.4	1021.9	-	68	
2019-12-18 08:40:00	5.2	서북서	290	14.25	31.51	2.56	8.3	3.61	7.5	2.4	북북동	20	7.3	1022.1	-	51	
2019-12-18 08:45:00	11.1	서남서	253	14.29	31.51	2.31	8.3	2.56	8.0	3.2	동북동	58	7.2	1022.2	-	49	
2019-12-18 08:50:00	8.8	서북서	287	14.29	31.49	2.43	7.7	3.54	7.0	2.2	북동	54	6.9	1022.3	-	50	
2019-12-18 08:55:00	15.4	서	270	14.31	31.48	2.46	7.7	3.57	8.0	2.9	북동	46	6.9	1022.3	-	27	
2019-12-18 09:00:00	14.8	서	260	14.33	31.46	2.12	8.8	2.59	8.5	3.6	북동	44	6.8	1022.3	-	46	
2019-12-18 09:05:00	7.2	서북서	284	14.33	31.54	2.93	8.8	3.70	9.0	3.3	동북동	65	6.5	1022.3	-	43	
2019-12-18 09:10:00	13.7	서	262	14.34	31.52	2.43	8.2	3.56	9.5	2.8	북동	55	6.4	1022.4	-	43	
2019-12-18 09:15:00	16.5	서북서	285	14.32	31.50	2.51	8.5	2.81	7.0	1.8	북동	41	6.6	1022.5	-	37	
2019-12-18 09:20:00	11.7	서	273	14.33	31.53	2.16	8.2	2.53	10.5	2.0	동북동	61	6.7	1022.6	-	47	
2019-12-18 09:25:00	11.2	서북서	287	14.32	31.54	2.44	8.1	3.23	7.0	3.0	동북동	72	6.8	1022.5	-	47	
2019-12-18 09:30:00	15.5	서	278	14.31	31.50	2.34	8.0	2.99	8.0	3.8	동북동	67	6.9	1022.6	-	39	
2019-12-18 09:35:00	9.3	서북서	287	14.31	31.55	2.53	8.6	3.98	8.5	2.9	북동	47	7.0	1022.7	-	40	
2019-12-18 09:40:00	11.4	서북서	284	14.26	31.52	2.49	9.1	3.89	8.0	3.4	동북동	76	6.9	1022.8	-	40	
2019-12-18 09:45:00	15.4	서	271	14.26	31.51	2.52	8.9	2.95	6.0	2.1	동	98	6.9	1022.8	-	41	
2019-12-18 09:50:00	9.9	남서	230	14.24	31.50	2.30	8.3	2.78	7.0	3.2	동북동	66	7.1	1022.9	-	57	
2019-12-18 09:55:00	9.7	서북서	301	14.25	31.52	2.77	8.3	4.62	8.5	2.3	동	98	6.9	1022.9	-	47	
2019-12-18 10:00:00	12.2	서북서	287	14.25	31.50	2.64	9.6	3.01	10.0	2.0	동	89	6.9	1023.0	-	39	
2019-12-18 10:05:00	5.8	서	267	14.26	31.54	2.90	9.8	3.43	10.5	2.8	동	92	7.0	1023.0	-	45	
2019-12-18 10:10:00	9.2	서	263	14.29	31.54	2.58	8.8	3.16	8.0	3.1	동	98	7.2	1023.1	-	43	
2019-12-18 10:15:00	10.5	서	270	14.28	31.52	2.89	8.8	4.28	9.0	3.5	동남동	115	7.2	1023.1	-	50	
2019-12-18 10:20:00	10.8	서	266	14.19	31.51	3.70	10.2	4.76	9.5	3.2	남동	127	7.1	1023.1	-	41	
2019-12-18 10:25:00	9.8	서	264	14.20	31.56	2.59	8.5	4.31	9.0	2.8	동남동	111	7.2	1023.2	-	55	
2019-12-18 10:30:00	13.9	서	265	14.21	31.53	2.60	9.8	3.41	10.0	2.2	동남동	110	7.0	1023.3	-	43	
2019-12-18 10:35:00	7.7	서북서	282	14.21	31.53	3.22	9.6	3.87	8.5	1.3	동남동	102	6.9	1023.3	-	43	
2019-12-18 10:40:00	6.3	서	276	14.20	31.52	3.07	9.8	4.11	11.0	2.5	남동	129	7.1	1023.3	-	37	
2019-12-18 10:45:00	10.2	서남서	252	14.20	31.54	2.44	8.8	3.80	8.0	1.5	남동	132	6.8	1023.3	-	38	
2019-12-18 10:50:00	10.0	서남서	252	14.22	31.54	2.46	8.3	4.42	8.0	0.5	남남서	202	6.8	1023.3	-	43	
2019-12-18 10:55:00	9.1	서북서	292	14.22	31.53	2.62	8.5	3.66	7.5	0.8	남서	232	7.1	1023.3	-	36	
2019-12-18 11:00:00	9.7	서남서	250	14.21	31.51	2.69	9.5	4.52	9.0	1.2	남서	227	7.2	1023.2	-	41	
2019-12-18 11:05:00	8.7	서북서	292	14.21	31.53	2.69	9.3	3.53	8.5	1.6	서남서	243	7.1	1023.1	-	29	
2019-12-18 11:10:00	13.1	서북서	282	14.22	31.54	2.81	9.3	3.84	9.5	2.2	서	259	6.9	1023.1	-	32	
2019-12-18 11:15:00	10.9	서	272	14.23	31.52	2.93	10.0	4.19	10.0	1.8	북북서	333	6.8	1023.1	-	32	
2019-12-18 11:20:00	13.1	서북서	282	14.24	31.54	2.74	9.7	3.71	8.5	1.4	북	3	6.4	1023.0	-	41	
2019-12-18 11:25:00	7.1	서	260	14.24	31.53	2.56	9.6	3.48	9.0	2.9	북	3	6.5	1023.1	-	34	
2019-12-18 11:30:00	14.9	서남서	255	14.25	31.52	2.57	9.5	2.95	10.0	3.6	동북동	70	6.8	1023.0	-	45	
2019-12-18 11:35:00	3.1	남서	230	14.27	31.52	2.81	9.3	3.48	7.0	3.0	동북동	62	6.6	1022.9	-	22	
2019-12-18 11:40:00	2.1	서	281	14.26	31.53	2.60	10.3	3.07	10.0	2.7	동	89	6.6	1023.0	-	42	
2019-12-18 11:45:00	10.1	서남서	236	14.26	31.54	2.64	10.4	2.93	9.0	2.0	동	87	6.7	1023.1	-	37	
2019-12-18 11:50:00	9.7	서남서	251	14.27	31.55	2.65	9.6	3.78	9.0	1.6	동	83	6.7	1023.0	-	31	
2019-12-18 11:55:00	10.0	서북서	282	14.27	31.54	2.72	9.6	3.62	11.5	1.4	동	93	6.9	1022.9	-	41	
2019-12-18 12:00:00	5.8	북서	310	14.26	31.55	2.59	8.6	3.33	7.5	1.9	동남동	104	6.8	1022.8	-	32	
2019-12-18 12:05:00	3.6	서북서	289	14.27	31.56	2.26	9.2	2.89	9.0	2.2	동북동	70	6.8	1022.7	-	41	
2019-12-18 12:10:00	4.7	서	279	14.27	31.55	2.42	9.6	2.87	9.5	2.1	동	88	6.5	1022.6	-	24	
2019-12-18 12:15:00	11.0	서남서	247	14.28	31.54	2.66	9.1	3.08	8.0	1.3	동	92	6.5	1022.6	-	46	
2019-12-18 12:20:00	9.2	서	267	14.28	31.55	2.66	9.1	3.40	9.0	0.8	동남동	113	6.5	1022.5	-	42	
2019-12-18 12:25:00	4.9	서	281	14.27	31.54	2.69	9.1	3.32	9.5	0.7	동	94	6.7	1022.5	-	38	
2019-12-18 12:30:00	12.0	서	271	14.26	31.54	3.08	10.4	4.13	9.5	0.8	동북동	70	6.4	1022.4	-	41	
2019-12-18 12:35:00	5.5	서북서	303	14.26	31.53	2.12	8.5	2.56	7.5	0.3	남남동	160	6.4	1022.3	-	33	
2019-12-18 12:40:00	5.5	서남서	244	14.27	31.55	2.63	9.3	3.73	10.5	0.6	북동	40	6.6	1022.3	-	40	
2019-12-18 12:45:00	8.9	서남서	236	14.27	31.43	2.62	9.1	3.57	10.5	0.5	북	10	6.5	1022.2	-	36	
2019-12-18 12:50:00	4.5	서	272	14.27	31.44	2.88	9.4	3.39	10.0	0.4	북서	320	6.3	1022.1	-	28	
2019-12-18 12:55:00	6.2	서남서	245	14.27	31.45	2.45	9.3	3.43	10.0	0.6	북서	311	6.4	1022.0	-	31	
2019-12-18 13:00:00	1.3	남남동	168	14.28	31.45	2.54	9.1	3.12	9.0	0.8	북서	314	6.4	1021.9	-	36	
2019-12-18 13:05:00	11.8	서북서	284	14.28	31.52	2.42	9.3	3.15	10.0	0.7	북서	319	6.3	1021.9	-	27	
2019-12-18 13:10:00	6.0	서남서	242	14.28	31.54	2.36	9.0	2.86	9.5	0.8	북서	307	6.3	1021.9	-	46	
2019-12-18 13:15:00	2.6	서	277	14.27	31.54	2.30	8.8	3.02	9.0	0.8	북서	314	6.4	1021.9	-	29	
2019-12-18 13:20:00	3.4	북동	40	14.27	31.54	2.70	8.2	3.07	8.5	1.1	북북서	341	6.5	1021.9	-	34	
2019-12-18 13:25:00	0.6	서남서	236	14.25	31.53	2.32	8.3	3.82	7.5	1.1	북	359	6.6	1021.9	-	42	
2019-12-18 13:30:00	10.4	서북서	296	14.24	31.56	2.41	9.6	3.21	8.0	0.7	북동	55	6.6	1021.8	-	32	
2019-12-18 13:35:00	0.9	서남서	259	14.21	31.47	2.35	9.1	2.66	9.0	0.8	북	5	6.9	1021.8	-	34	
2019-12-18 13:40:00	5.6	북서	307	14.17	31.53	2.55	8.7	3.34	9.5	1.0	북	7	6.8	1021.8	-	28	
2019-12-18 13:45:00	2.5	북북서	339	14.19	31.51	2.38	9.3	3.33	9.5	0.6	북북동	30	6.8	1021.7	-	47	
2019-12-18 13:50:00	5.4	북서	304	14.21	31.54	1.94	8.0	2.21	7.5	0.8	북북동	24	6.9	1021.7	-	47	
2019-12-18 13:55:00	2.7	남서	221	14.21	31.51	2.78	9.1	3.80	10.0	0.9	북	350	6.9	1021.7	-	23	
2019-12-18 14:00:00	2.0	남서	226	14.24	31.52	2.40	9.1	2.77	9.0	0.3	북동	47	6.9	1021.6	-	40	
2019-12-18 14:05:00	6.6	서	278	14.15	31.48	2.58	9.9	2.88	9.5	0.5	북북동	17	7.0	1021.6	-	33	
2019-12-18 14:10:00	4.6	서남서	258	14.21	31.52	2.11	8.4	2.70	8.0	0.3	남서	225	7.1	1021.5	-	32	
2019-12-18 14:15:00	3.9	서	280	14.24	31.51	2.75	9.6	3.22	10.0	0.7	남동	140	7.2	1021.5	-	25	
2019-12-18 14:20:00	3.4	북서	306	14.22	31.51	2.69	9.4	3.19	10.0	1.1	동	82	7.3	1021.6	-	26	
2019-12-18 14:25:00	8.7	남남서	211	14.20	31.52	2.51	8.7	3.03	10.0	1.2	동	92	7.2	1021.7	-	32	
2019-12-18 14:30:00	3.5	남	190	14.21	31.53	2.67	9.1	3.31	9.0	0.5	남남동	162	7.2	1021.7	-	38	
2019-12-18 14:35:00	5.4	서북서	283	14.21	31.51	2.53	9.1	3.04	7.5	0.5	북동	42	7.3	1021.8	-	38	
2019-12-18 14:40:00	4.1	서	268	14.24	31.55	2.39	9.3	3.94	9.5	1.3	동	86	7.3	1021.8	-	26	
2019-12-18 14:45:00	2.6	북서	319	14.19	31.51	2.62	9.9	3.21	11.0	1.2	동	96	7.3	1021.8	-	41	
2019-12-18 14:50:00	3.1	북	355	14.21	31.53	2.71	9.3	4.12	10.0	1.3	동	85	7.5	1021.8	-	29	
2019-12-18 14:55:00	10.8	서	280	14.20	31.54	2.17	8.4	2.95	9.5	1.8	동북동	71	7.4	1021.9	-	29	
2019-12-18 15:00:00	0.5	북북서	342	14.23	31.48	2.73	9.9	3.24	10.0	0.8	동북동	64	7.2	1022.0	-	28	
2019-12-18 15:05:00	2.4	서	274	14.24	31.48	2.57	9.6	3.28	8.5	1.0	동	85	7.4	1022.0	-	37	
2019-12-18 15:10:00	2.7	남서	236	14.23	31.49	2.65	8.0	4.52	8.5	0.8	동	81	7.5	1022.1	-	26	
2019-12-18 15:15:00	4.0	서북서	292	14.23	31.49	2.42	8.4	3.51	10.0	1.2	동남동	106	7.5	1022.1	-	20	
2019-12-18 15:20:00	6.2	서	276	14.23	31.49	2.82	8.8	4.05	9.0	2.1	동	97	7.8	1022.0	-	35	
2019-12-18 15:25:00	6.2	북북서	344	14.21	31.48	3.08	8.8	3.87	12.0	2.9	동남동	113	7.4	1022.0	-	35	
2019-12-18 15:30:00	3.6	북북서	348	14.22	31.53	2.78	9.6	3.57	8.5	3.1	동남동	110	7.3	1022.0	-	39	
2019-12-18 15:35:00	6.3	북북서	334	14.21	31.53	2.02	10.1	2.61	10.5	2.8	동	98	7.4	1021.9	-	31	
2019-12-18 15:40:00	4.4	북북동	14	14.20	31.52	2.13	9.1	3.18	9.0	3.4	동	97	7.5	1021.9	-	31	
2019-12-18 15:45:00	5.8	북	350	14.19	31.51	2.37	8.4	2.87	8.0	3.3	동	101	7.5	1021.9	-	36	
2019-12-18 15:50:00	4.2	북	9	14.21	31.55	2.39	9.8	3.17	9.0	3.8	동남동	105	7.5	1021.8	-	33	
2019-12-18 15:55:00	4.7	북서	309	14.20	31.48	2.60	9.5	3.77	9.5	4.3	동남동	109	7.6	1021.8	-	46	
2019-12-18 16:00:00	5.0	동북동	61	14.20	31.52	2.39	9.7	3.64	9.5	4.3	동남동	109	7.7	1021.8	-	47	
2019-12-18 16:05:00	3.9	북서	326	14.19	31.48	2.33	8.9	2.79	10.0	4.2	동남동	108	7.7	1021.9	-	46	
2019-12-18 16:10:00	9.4	북서	318	14.19	31.50	2.64	10.0	3.19	7.5	3.9	동남동	102	7.7	1021.9	-	20	
2019-12-18 16:15:00	2.0	북북서	334	14.18	31.49	2.45	10.5	3.24	10.5	4.0	동남동	108	7.7	1021.9	-	50	
2019-12-18 16:20:00	7.5	서북서	292	14.20	31.49	2.30	8.7	3.07	10.0	4.4	남동	124	7.6	1021.9	-	35	
2019-12-18 16:25:00	4.6	서	269	14.16	31.47	2.40	9.6	2.76	8.5	4.0	동남동	118	7.6	1021.8	-	45	
2019-12-18 16:30:00	3.1	서북서	303	14.18	31.50	2.33	9.3	3.62	7.0	4.5	동남동	115	7.7	1021.8	-	42	
2019-12-18 16:35:00	7.3	서북서	284	14.18	31.49	2.40	8.5	3.15	9.0	4.3	동남동	115	7.6	1021.8	-	48	
2019-12-18 16:40:00	6.7	북북동	13	14.18	31.47	2.70	8.8	3.15	9.5	4.3	남동	140	7.8	1021.8	-	23	
2019-12-18 16:45:00	6.4	북	8	14.17	31.47	2.17	9.0	3.05	8.5	3.7	남남동	151	7.9	1021.8	-	36	
2019-12-18 16:50:00	4.4	북북동	17	14.20	31.48	1.90	7.8	2.46	8.5	2.9	남남동	166	7.7	1021.8	-	63	
2019-12-18 16:55:00	8.1	북	350	14.18	31.46	2.10	8.3	3.25	8.5	2.6	남	182	7.7	1021.8	-	34	
2019-12-18 17:00:00	7.3	북북서	337	14.16	31.48	2.13	8.1	3.64	9.0	2.3	남서	234	7.8	1021.8	-	47	
2019-12-18 17:05:00	3.6	동북동	63	14.17	31.46	2.46	9.4	2.85	9.5	2.2	서남서	254	7.6	1021.9	-	40	
2019-12-18 17:10:00	6.0	북서	325	14.17	31.47	2.61	9.8	3.57	10.0	2.9	서남서	257	7.5	1021.9	-	35	
2019-12-18 17:15:00	6.0	남동	135	14.16	31.46	2.32	8.1	2.85	7.0	3.4	서	274	7.6	1021.9	-	39	
2019-12-18 17:20:00	4.1	북동	49	14.16	31.46	2.86	9.6	3.37	8.0	3.9	서북서	295	7.2	1022.0	-	33	
2019-12-18 17:25:00	4.7	북북동	17	14.14	31.46	2.36	10.1	2.98	10.0	3.4	서북서	300	7.3	1022.0	-	40	
2019-12-18 17:30:00	1.1	남동	142	14.13	31.46	2.24	9.4	3.34	10.0	3.5	서북서	298	7.4	1022.1	-	38	
2019-12-18 17:35:00	4.5	북북서	343	14.11	31.45	2.94	8.8	3.51	8.0	3.5	서북서	295	7.3	1022.2	-	38	
2019-12-18 17:40:00	6.5	북	353	14.09	31.44	2.28	8.8	2.61	8.5	3.3	서	281	7.2	1022.2	-	29	
2019-12-18 17:45:00	9.6	북북서	345	14.07	31.42	2.11	9.1	2.71	8.5	3.6	서	278	7.3	1022.3	-	28	
2019-12-18 17:50:00	6.5	북서	312	14.03	31.41	2.13	8.1	2.57	7.0	2.7	서북서	295	7.4	1022.3	-	8	
2019-12-18 17:55:00	3.1	북서	326	13.97	31.40	2.16	9.2	2.71	11.0	2.7	서	277	7.4	1022.2	-	32	
2019-12-18 18:00:00	4.9	서북서	298	13.96	31.34	2.20	7.6	3.07	8.0	2.2	서북서	293	7.3	1022.2	-	25	
2019-12-18 18:05:00	1.4	북동	55	13.96	31.35	2.65	9.3	3.38	10.0	2.2	서북서	298	7.3	1022.2	-	39	
2019-12-18 18:10:00	3.0	서남서	259	13.96	31.20	1.96	8.4	2.60	8.0	2.6	서북서	298	7.3	1022.2	-	46	
2019-12-18 18:15:00	6.5	북북서	343	13.90	31.25	2.71	8.5	3.49	9.5	2.9	서북서	295	7.3	1022.2	-	38	
2019-12-18 18:20:00	2.4	서북서	288	13.94	31.24	2.22	8.9	3.06	6.0	2.9	서북서	296	7.4	1022.2	-	46	
2019-12-18 18:25:00	2.2	서	266	14.00	31.46	2.00	9.5	2.28	8.0	2.9	서북서	296	7.3	1022.2	-	55	
2019-12-18 18:30:00	3.6	서남서	250	13.97	31.33	2.58	9.7	3.60	10.0	2.7	서북서	301	7.3	1022.2	-	38	
2019-12-18 18:35:00	5.3	북	4	13.89	31.35	2.98	9.8	3.49	10.0	2.5	서북서	298	7.5	1022.3	-	41	
2019-12-18 18:40:00	3.2	북북서	348	13.77	31.31	2.71	9.6	4.31	9.0	2.6	서북서	293	7.4	1022.3	-	52	
2019-12-18 18:45:00	7.7	북동	34	13.72	31.28	2.44	9.0	4.03	9.5	3.0	서	263	7.3	1022.3	-	51	
2019-12-18 18:50:00	2.5	동남동	105	13.73	31.35	2.53	9.1	3.46	9.0	2.2	서	277	7.5	1022.2	-	39	
2019-12-18 18:55:00	4.7	동	83	13.75	31.25	2.07	8.0	2.74	8.5	2.1	서남서	253	7.4	1022.2	-	33	
2019-12-18 19:00:00	3.6	북북동	29	13.66	31.19	2.17	9.5	2.93	9.0	2.0	서	263	7.3	1022.1	-	34	
2019-12-18 19:05:00	6.1	동북동	71	13.70	31.19	1.84	8.8	2.32	9.0	2.0	서	269	7.3	1022.1	-	31	
2019-12-18 19:10:00	7.1	북북서	340	13.73	31.24	2.48	8.8	4.15	8.5	2.1	서	261	7.2	1022.1	-	42	
2019-12-18 19:15:00	5.3	북북서	347	13.75	31.27	2.55	9.7	3.12	10.0	1.9	서	266	7.3	1022.1	-	29	
2019-12-18 19:20:00	4.4	북서	307	13.77	31.33	2.50	9.9	3.19	9.5	2.2	서북서	283	7.1	1022.1	-	47	
2019-12-18 19:25:00	0.6	동남동	102	13.69	31.31	2.42	9.3	2.81	10.0	2.1	서북서	286	7.3	1022.1	-	37	
2019-12-18 19:30:00	2.6	동북동	65	13.72	31.27	2.34	9.0	3.48	9.0	1.8	서북서	299	7.4	1022.1	-	42	
2019-12-18 19:35:00	4.0	동북동	62	13.78	31.39	2.11	9.1	2.90	9.0	2.0	서	262	7.3	1021.9	-	33	
2019-12-18 19:40:00	4.1	북서	325	13.81	31.35	2.05	9.0	3.55	7.5	2.4	서	264	7.4	1021.9	-	30	
2019-12-18 19:45:00	1.3	북서	320	13.79	31.27	2.26	8.8	2.84	8.0	2.4	서	268	7.6	1021.9	-	39	
2019-12-18 19:50:00	0.3	남서	234	13.76	31.27	2.37	9.2	3.02	9.5	2.0	서	277	7.2	1021.8	-	39	
2019-12-18 19:55:00	2.1	북북서	340	13.75	31.32	1.81	8.8	2.25	10.0	1.9	서	267	7.3	1021.9	-	30	
2019-12-18 20:00:00	2.7	남서	228	13.77	31.23	2.03	8.2	3.02	8.5	2.3	서남서	251	7.4	1021.9	-	41	
2019-12-18 20:05:00	2.4	남서	233	13.72	31.37	2.50	9.6	2.91	9.5	2.1	서	265	7.3	1021.9	-	40	
2019-12-18 20:10:00	2.3	북	353	13.72	31.37	2.15	7.8	2.49	7.5	2.2	서북서	289	7.3	1021.8	-	38	
2019-12-18 20:15:00	1.5	남남서	212	13.72	31.24	1.91	8.6	2.68	7.0	2.5	서	280	7.2	1021.8	-	28	
2019-12-18 20:20:00	2.1	북북동	32	13.70	31.30	1.94	8.8	2.94	9.0	2.7	서남서	256	7.2	1021.9	-	33	
2019-12-18 20:25:00	1.7	북서	316	13.73	31.33	2.01	8.0	2.73	7.5	2.3	서남서	250	7.5	1021.9	-	27	
2019-12-18 20:30:00	1.9	서북서	298	13.69	31.29	2.13	8.8	2.57	11.0	2.6	서	270	7.4	1022.0	-	40	
2019-12-18 20:35:00	5.5	북서	323	13.75	31.41	2.13	8.3	4.01	8.0	2.6	서	264	7.4	1022.0	-	35	
2019-12-18 20:40:00	4.0	북서	317	13.84	31.44	2.02	9.1	2.80	9.0	2.8	서	274	7.2	1022.0	-	31	
2019-12-18 20:45:00	1.6	북북동	14	13.81	31.40	1.83	8.1	2.02	8.0	2.5	서	280	7.2	1022.0	-	33	
2019-12-18 20:50:00	7.5	서	275	13.78	31.37	1.68	8.1	2.08	9.5	3.0	서	268	7.1	1021.9	-	35	
2019-12-18 20:55:00	1.6	북	352	13.77	31.31	2.18	8.8	2.73	7.5	2.5	서	269	7.3	1021.9	-	41	
2019-12-18 21:00:00	4.4	북서	323	13.80	31.52	1.90	7.9	2.53	6.0	2.6	서	268	7.4	1021.9	-	23	
2019-12-18 21:05:00	4.3	서북서	300	13.78	31.42	2.04	8.5	2.91	8.5	2.7	서남서	256	7.3	1021.8	-	26	
2019-12-18 21:10:00	5.4	서북서	283	13.82	31.39	2.16	8.6	2.79	8.0	3.6	서	272	7.5	1021.8	-	29	
2019-12-18 21:15:00	4.0	북서	322	13.77	31.45	2.02	8.2	2.56	9.5	3.8	서남서	257	7.5	1021.8	-	27	
2019-12-18 21:20:00	6.2	북북서	330	13.80	31.53	1.96	7.6	2.80	8.0	2.8	서	266	7.5	1021.7	-	45	
2019-12-18 21:25:00	5.0	북서	322	13.80	31.45	1.94	8.5	2.57	7.5	3.6	서	271	7.5	1021.7	-	48	
2019-12-18 21:30:00	5.6	서북서	296	13.79	31.41	2.19	9.0	3.25	8.0	3.4	서	262	7.5	1021.6	-	38	
2019-12-18 21:35:00	2.7	서	279	13.76	31.42	2.22	8.0	2.53	10.5	3.5	서	271	7.4	1021.6	-	44	
2019-12-18 21:40:00	2.3	북서	311	13.83	31.49	1.96	8.9	2.78	8.0	3.5	서남서	258	7.6	1021.5	-	34	
2019-12-18 21:45:00	2.5	남남서	201	13.86	31.48	1.70	7.6	2.55	8.5	3.7	서남서	253	7.4	1021.4	-	35	
2019-12-18 21:50:00	1.9	북서	308	13.82	31.44	1.73	8.3	2.13	11.0	3.6	서	260	7.5	1021.4	-	36	
2019-12-18 21:55:00	0.6	북	360	13.86	31.49	2.20	9.0	2.82	9.0	3.7	서남서	248	7.5	1021.4	-	31	
2019-12-18 22:00:00	2.9	북북서	340	13.82	31.50	2.12	8.4	3.59	7.5	3.5	서남서	256	7.2	1021.4	-	38	
2019-12-18 22:05:00	0.0	서	276	13.85	31.54	2.06	9.3	2.63	10.0	3.9	서남서	247	7.3	1021.3	-	34	
2019-12-18 22:10:00	2.9	북	1	13.87	31.54	1.78	7.5	2.46	8.5	4.1	서남서	249	7.2	1021.3	-	27	
2019-12-18 22:15:00	2.8	북동	50	13.86	31.52	1.84	8.3	2.78	8.5	3.9	서남서	244	7.4	1021.3	-	26	
2019-12-18 22:20:00	1.1	북서	304	13.84	31.56	1.98	7.5	2.67	7.0	4.2	서남서	241	7.5	1021.4	-	46	
2019-12-18 22:25:00	3.7	북동	40	13.85	31.54	2.00	8.4	2.75	8.5	4.4	서남서	249	7.5	1021.3	-	43	
2019-12-18 22:30:00	2.7	서남서	250	13.86	31.57	2.06	8.1	3.31	8.0	4.0	서남서	247	7.6	1021.4	-	11	
2019-12-18 22:35:00	4.6	서북서	301	13.87	31.57	1.82	8.5	2.52	7.0	5.0	서남서	247	7.6	1021.4	-	34	
2019-12-18 22:40:00	3.5	북북동	17	13.87	31.60	1.98	8.2	3.61	8.0	4.4	서남서	254	7.7	1021.4	-	29	
2019-12-18 22:45:00	5.4	북동	43	13.87	31.60	1.52	8.0	2.22	8.0	4.3	서남서	253	7.5	1021.4	-	46	
2019-12-18 22:50:00	1.8	북	353	13.89	31.59	1.70	8.0	2.59	7.5	3.5	서남서	251	7.2	1021.4	-	32	
2019-12-18 22:55:00	0.8	북북서	336	13.88	31.60	1.65	8.5	2.15	9.0	2.7	서남서	253	7.1	1021.5	-	39	
2019-12-18 23:00:00	2.6	북서	309	13.89	31.60	2.07	8.3	3.12	7.0	2.0	서남서	249	7.1	1021.4	-	43	
2019-12-18 23:05:00	3.2	북북동	20	13.88	31.65	1.73	8.1	2.43	7.0	2.1	남서	234	7.1	1021.4	-	34	
2019-12-18 23:10:00	2.1	북	351	13.89	31.61	1.66	8.5	2.32	9.5	1.6	서남서	255	7.0	1021.3	-	43	
2019-12-18 23:15:00	2.6	북북동	20	13.91	31.64	2.12	8.5	3.24	7.5	2.7	서남서	243	7.1	1021.3	-	47	
2019-12-18 23:20:00	1.8	북북서	327	13.90	31.63	1.73	7.8	2.09	7.5	1.9	서남서	246	7.1	1021.3	-	38	
2019-12-18 23:25:00	3.1	북서	312	13.91	31.62	2.03	8.0	2.38	7.5	1.2	서	271	7.1	1021.2	-	25	
2019-12-18 23:30:00	5.1	서	280	13.93	31.64	1.75	8.3	2.36	8.5	4.2	남서	234	7.4	1021.1	-	35	
2019-12-18 23:35:00	2.5	북북서	337	13.93	31.64	2.16	8.5	2.66	8.0	6.4	남서	227	7.6	1020.9	-	30	
2019-12-18 23:40:00	7.7	북서	325	13.93	31.64	1.74	7.5	2.35	7.5	7.0	서남서	237	7.8	1020.8	-	27	
2019-12-18 23:45:00	7.0	서	261	13.94	31.61	1.91	8.0	2.54	8.5	7.6	남서	228	7.7	1020.7	-	32	
2019-12-18 23:50:00	5.8	북북서	331	13.94	31.63	1.82	8.5	2.57	9.0	8.1	남서	228	7.4	1020.7	-	45	
2019-12-18 23:55:00	5.9	북북서	330	13.94	31.64	1.67	8.3	1.87	8.5	7.1	남서	230	7.3	1020.8	-	28	
2019-12-19 00:00:00	6.3	서북서	288	13.94	31.64	2.03	8.5	3.27	7.5	7.0	남서	233	7.2	1020.9	-	36	
2019-12-19 00:05:00	4.8	북북서	335	13.93	31.64	1.71	8.3	2.27	7.5	6.3	서남서	239	7.2	1020.9	-	38	
2019-12-19 00:10:00	-	-	-	-	-	0.00	0.0	0.00	0.0	5.2	남서	227	6.9	1020.9	-	0	
2019-12-19 00:15:00	5.2	서북서	284	13.95	31.61	1.90	7.8	2.54	7.0	7.1	남서	222	7.0	1020.8	-	25	
2019-12-19 00:20:00	8.5	북서	315	13.94	31.62	1.79	9.0	2.17	8.0	7.2	남서	229	7.1	1020.8	-	41	
2019-12-19 00:25:00	4.6	북북서	327	13.94	31.59	1.82	7.6	2.77	6.5	6.7	남서	228	7.3	1020.9	-	38	
2019-12-19 00:30:00	6.0	북서	323	13.93	31.58	1.66	8.5	2.27	8.5	5.9	남서	235	7.0	1021.0	-	32	
2019-12-19 00:35:00	1.9	북	359	13.92	31.62	1.49	7.8	2.00	8.0	5.6	남서	234	6.9	1021.0	-	57	
2019-12-19 00:40:00	2.1	서북서	302	13.91	31.63	1.73	8.4	2.52	8.5	5.0	남서	231	6.9	1020.9	-	41	
2019-12-19 00:45:00	4.1	서북서	303	13.91	31.62	1.95	8.6	2.51	8.0	4.7	서남서	239	6.9	1020.9	-	29	
2019-12-19 00:50:00	4.2	북	360	13.91	31.62	1.86	8.7	2.43	8.5	4.2	서남서	254	7.0	1020.9	-	28	
2019-12-19 00:55:00	2.6	북서	308	13.92	31.63	1.55	7.2	1.96	8.5	3.9	서남서	257	6.9	1020.9	-	50	
2019-12-19 01:00:00	5.4	북북서	330	13.91	31.64	1.74	7.4	2.13	7.5	3.7	서	259	6.8	1020.9	-	40	
2019-12-19 01:05:00	2.4	북	7	13.91	31.64	1.63	7.6	2.45	8.5	3.5	서남서	244	6.7	1020.8	-	31	
2019-12-19 01:10:00	6.5	북북서	333	13.93	31.67	1.72	7.9	2.00	7.5	3.3	서남서	242	6.6	1020.8	-	26	
2019-12-19 01:15:00	4.2	북서	317	13.97	31.65	1.43	7.7	1.73	8.5	3.7	서남서	253	6.7	1020.8	-	25	
2019-12-19 01:20:00	4.7	북서	311	13.96	31.66	1.73	7.8	2.19	7.0	3.7	서남서	249	6.6	1020.7	-	38	
2019-12-19 01:25:00	9.8	서북서	292	13.96	31.64	1.44	7.3	1.72	8.5	3.8	서남서	238	6.6	1020.7	-	39	
2019-12-19 01:30:00	4.1	북북서	329	13.97	31.64	1.40	7.3	1.79	7.0	3.8	서남서	241	6.5	1020.8	-	31	
2019-12-19 01:35:00	2.9	북서	326	13.96	31.63	1.47	7.8	1.80	8.0	4.4	서남서	239	6.5	1020.7	-	27	
2019-12-19 01:40:00	5.0	북북서	333	13.95	31.63	1.67	8.0	2.25	7.5	4.3	서남서	249	6.4	1020.7	-	28	
2019-12-19 01:45:00	3.8	북서	308	13.94	31.65	1.67	8.1	2.27	7.5	4.3	서남서	257	6.3	1020.8	-	46	
2019-12-19 01:50:00	5.5	서북서	303	13.94	31.65	1.60	8.3	2.35	8.0	3.9	서남서	258	6.2	1020.8	-	33	
2019-12-19 01:55:00	5.9	북서	305	13.93	31.64	1.96	7.8	2.99	8.5	3.9	서	270	6.1	1020.9	-	14	
2019-12-19 02:00:00	7.5	북북서	334	13.92	31.64	1.93	7.6	2.15	6.5	3.4	서	262	6.1	1021.0	-	29	
2019-12-19 02:05:00	4.1	북	350	13.93	31.64	1.92	7.5	2.50	8.0	3.2	서	266	6.1	1020.9	-	39	
2019-12-19 02:10:00	5.0	서북서	297	13.94	31.62	1.77	8.3	2.55	7.5	3.2	서	260	6.1	1021.0	-	36	
2019-12-19 02:15:00	6.2	북서	313	13.93	31.63	1.88	8.1	2.45	7.0	3.9	서남서	248	6.0	1020.9	-	50	
2019-12-19 02:20:00	5.0	북서	304	13.93	31.62	1.71	8.2	2.25	8.5	3.9	서남서	243	6.0	1020.9	-	47	
2019-12-19 02:25:00	3.2	서북서	291	13.92	31.63	1.63	7.6	2.00	7.5	4.3	서남서	246	5.9	1020.8	-	36	
2019-12-19 02:30:00	5.8	북북서	344	13.93	31.65	1.98	7.8	2.59	7.0	4.2	서남서	241	5.9	1021.0	-	18	
2019-12-19 02:35:00	7.9	북북서	329	13.97	31.66	1.50	7.0	1.97	7.0	4.2	서남서	246	5.9	1021.0	-	42	
2019-12-19 02:40:00	8.0	북서	305	14.02	31.64	1.65	8.0	2.27	7.5	4.1	서남서	251	5.8	1021.0	-	38	
2019-12-19 02:45:00	8.3	북서	325	14.00	31.65	1.42	7.2	2.60	7.0	4.3	서	259	5.8	1021.0	-	34	
2019-12-19 02:50:00	7.3	서북서	290	14.00	31.64	1.89	7.5	2.96	8.5	4.1	서남서	250	5.7	1021.0	-	23	
2019-12-19 02:55:00	7.2	북서	322	14.00	31.63	1.70	7.2	2.28	7.0	4.3	서	261	5.5	1020.9	-	23	
2019-12-19 03:00:00	7.2	북북서	337	13.97	31.65	1.71	8.0	2.28	7.5	4.0	서남서	255	5.6	1020.9	-	30	
2019-12-19 03:05:00	5.9	북서	313	13.97	31.63	1.46	7.9	2.50	6.5	3.8	서남서	249	5.7	1020.9	-	32	
2019-12-19 03:10:00	7.8	북북서	328	13.97	31.62	1.82	7.7	2.60	8.0	3.8	서남서	239	5.7	1021.0	-	37	
2019-12-19 03:15:00	4.8	서북서	301	13.98	31.65	1.72	7.6	2.99	7.0	4.2	서남서	249	5.7	1021.0	-	24	
2019-12-19 03:20:00	8.1	북북서	334	14.00	31.62	1.59	7.6	2.19	7.0	4.2	서남서	243	5.7	1021.0	-	43	
2019-12-19 03:25:00	8.6	북서	310	14.04	31.63	1.75	7.3	2.42	8.5	4.4	남서	236	5.7	1021.0	-	30	
2019-12-19 03:30:00	7.8	북서	305	14.04	31.64	1.46	7.4	2.18	7.0	4.8	서남서	243	5.7	1021.0	-	22	
2019-12-19 03:35:00	4.2	서	265	14.02	31.64	1.61	8.3	2.38	9.0	5.0	서남서	245	5.7	1021.0	-	22	
2019-12-19 03:40:00	7.6	북	353	13.97	31.62	1.93	8.3	2.61	8.0	5.1	서남서	256	5.6	1021.0	-	35	
2019-12-19 03:45:00	8.3	서북서	297	13.95	31.63	1.52	8.3	1.88	7.5	5.0	서남서	253	5.5	1020.9	-	40	
2019-12-19 03:50:00	9.2	북서	325	13.96	31.62	1.69	8.0	2.20	7.5	4.6	서남서	245	5.4	1020.9	-	34	
2019-12-19 03:55:00	4.7	북서	318	13.99	31.64	1.93	7.4	2.31	8.0	4.4	서남서	249	5.4	1021.0	-	29	
2019-12-19 04:00:00	4.3	서북서	296	14.01	31.64	1.58	7.5	2.25	8.5	4.2	서남서	249	5.4	1020.9	-	39	
2019-12-19 04:05:00	6.9	북서	317	14.03	31.64	1.44	7.8	2.12	6.0	4.0	서남서	256	5.4	1020.9	-	43	
2019-12-19 04:10:00	5.0	서북서	292	14.03	31.63	1.67	7.0	2.12	5.5	3.7	서남서	247	5.3	1020.8	-	32	
2019-12-19 04:15:00	3.5	서북서	303	14.02	31.63	1.73	8.1	2.30	8.5	3.7	서남서	243	5.3	1020.8	-	40	
2019-12-19 04:20:00	5.5	서남서	259	14.00	31.66	1.72	7.8	2.13	8.0	3.6	서남서	255	5.3	1020.7	-	35	
2019-12-19 04:25:00	5.7	북북서	345	14.01	31.66	1.59	7.5	2.03	9.0	3.7	서남서	246	5.3	1020.7	-	21	
2019-12-19 04:30:00	6.6	북서	316	14.00	31.66	1.74	7.0	2.51	8.0	4.1	서남서	254	5.2	1020.7	-	41	
2019-12-19 04:35:00	10.4	북북서	328	14.04	31.65	1.83	7.0	2.20	7.0	4.4	서남서	252	5.3	1020.7	-	31	
2019-12-19 04:40:00	4.0	서북서	295	14.06	31.64	1.44	6.9	2.39	6.5	4.4	서남서	252	5.2	1020.7	-	43	
2019-12-19 04:45:00	6.4	서북서	302	14.05	31.63	1.64	7.4	2.20	6.0	4.3	서남서	250	5.3	1020.7	-	25	
2019-12-19 04:50:00	3.1	서	281	14.03	31.64	1.37	6.5	1.76	7.0	4.0	서남서	251	5.1	1020.7	-	48	
2019-12-19 04:55:00	8.0	북서	311	14.06	31.64	1.81	7.1	2.44	7.0	4.0	서남서	243	5.2	1020.7	-	18	
2019-12-19 05:00:00	6.2	북서	320	14.05	31.65	1.76	7.9	2.24	7.5	4.4	서남서	244	5.1	1020.6	-	22	
2019-12-19 05:05:00	5.9	북북서	338	14.04	31.63	1.46	7.3	2.41	7.5	4.2	서남서	240	5.0	1020.6	-	21	
2019-12-19 05:10:00	2.5	서북서	287	14.04	31.61	1.68	7.3	2.11	8.0	3.8	서남서	245	5.0	1020.5	-	30	
2019-12-19 05:15:00	9.8	북서	321	14.03	31.64	1.48	8.0	1.91	7.5	3.9	서남서	242	5.1	1020.5	-	17	
2019-12-19 05:20:00	9.9	서북서	285	14.04	31.62	1.50	7.2	2.01	6.5	3.9	남서	227	4.9	1020.5	-	26	
2019-12-19 05:25:00	6.8	북북서	334	14.02	31.62	1.77	7.8	2.51	7.0	3.4	남서	231	4.9	1020.6	-	25	
2019-12-19 05:30:00	3.8	북서	318	14.04	31.63	1.68	7.0	2.19	6.5	4.1	남서	232	5.0	1020.6	-	49	
2019-12-19 05:35:00	6.7	서북서	295	14.03	31.64	1.55	6.9	2.24	6.0	4.3	서남서	241	4.9	1020.7	-	82	
2019-12-19 05:40:00	7.7	서	261	14.02	31.63	1.42	7.5	1.99	6.5	4.4	서남서	245	4.9	1020.7	-	16	
2019-12-19 05:45:00	6.0	북서	312	14.01	31.62	1.65	7.0	2.34	6.5	4.2	서남서	239	4.7	1020.6	-	13	
2019-12-19 05:50:00	5.2	서	277	13.98	31.62	1.61	7.5	2.17	8.0	4.4	서남서	242	4.9	1020.5	-	40	
2019-12-19 05:55:00	4.8	북동	40	13.96	31.60	1.50	6.8	2.07	7.0	4.2	서남서	252	4.9	1020.6	-	25	
2019-12-19 06:00:00	6.5	북북서	336	13.96	31.59	1.58	7.5	2.08	7.0	4.0	서남서	240	4.9	1020.7	-	28	
2019-12-19 06:05:00	6.3	북	350	13.97	31.62	1.52	7.2	2.10	8.0	3.5	서남서	242	4.9	1020.7	-	38	
2019-12-19 06:10:00	3.1	북서	320	13.97	31.61	1.29	7.0	1.71	7.5	3.4	서남서	242	4.8	1020.7	-	36	
2019-12-19 06:15:00	7.2	서북서	293	13.95	31.60	1.49	8.0	1.93	6.5	3.6	서남서	247	5.0	1020.7	-	22	
2019-12-19 06:20:00	8.1	북	350	13.93	31.61	1.38	6.8	1.85	5.0	3.8	서남서	238	4.9	1020.8	-	60	
2019-12-19 06:25:00	1.9	북서	324	13.93	31.59	1.49	7.1	2.28	6.5	3.7	남서	231	4.8	1020.7	-	40	
2019-12-19 06:30:00	2.6	북서	325	13.93	31.59	1.35	7.2	1.75	6.0	4.0	서남서	241	4.9	1020.7	-	7	
2019-12-19 06:35:00	5.5	북서	315	13.92	31.61	1.57	7.0	2.61	6.5	4.3	서남서	248	4.8	1020.7	-	31	
2019-12-19 06:40:00	3.8	북북서	332	13.91	31.60	1.07	6.7	1.26	8.0	4.6	남서	236	4.8	1020.8	-	60	
2019-12-19 06:45:00	2.6	북서	314	13.92	31.62	1.59	7.0	1.97	6.5	4.8	서남서	242	4.6	1020.8	-	55	
2019-12-19 06:50:00	1.8	북서	322	13.92	31.59	1.46	7.6	2.15	7.5	4.8	서남서	244	4.7	1020.8	-	16	
2019-12-19 06:55:00	5.4	북	3	13.91	31.59	1.34	6.5	1.75	7.0	4.6	서남서	247	4.7	1020.9	-	21	
2019-12-19 07:00:00	1.3	북서	306	13.90	31.61	1.42	6.4	1.84	6.5	5.2	서남서	239	4.8	1020.9	-	44	
2019-12-19 07:05:00	4.4	북북동	19	13.91	31.62	1.57	7.2	2.01	7.0	4.4	서남서	251	4.5	1020.9	-	24	
2019-12-19 07:10:00	4.1	북북동	14	13.90	31.60	1.55	6.9	1.97	7.0	4.9	서남서	248	4.4	1021.0	-	41	
2019-12-19 07:15:00	3.3	북	355	13.87	31.61	1.25	6.8	2.08	6.5	4.9	서남서	249	4.4	1020.9	-	49	
2019-12-19 07:20:00	2.3	북북동	15	13.87	31.63	1.35	7.0	1.81	6.5	5.8	서남서	253	4.1	1020.8	-	16	
2019-12-19 07:25:00	5.4	북북서	345	13.87	31.59	1.40	7.0	1.93	7.0	5.5	서남서	250	4.1	1020.9	-	30	
2019-12-19 07:30:00	3.5	북	349	13.87	31.57	1.42	6.9	1.61	7.0	5.5	서남서	240	3.9	1020.9	-	25	
2019-12-19 07:35:00	5.0	북북동	24	13.89	31.63	1.31	7.1	1.64	6.0	5.5	서남서	248	3.7	1021.0	-	38	
2019-12-19 07:40:00	6.2	북동	38	13.91	31.62	1.40	6.7	1.82	5.5	5.4	서남서	240	3.9	1021.0	-	44	
2019-12-19 07:45:00	1.6	서북서	299	13.87	31.61	1.33	6.9	1.73	6.5	5.4	서남서	242	4.0	1021.0	-	41	
2019-12-19 07:50:00	2.2	동남동	107	13.87	31.60	1.38	7.4	1.58	7.5	5.8	서남서	245	3.9	1021.1	-	28	
2019-12-19 07:55:00	5.9	동	86	13.85	31.61	1.40	6.4	1.71	5.5	5.6	서남서	248	3.8	1021.1	-	24	
2019-12-19 08:00:00	3.1	남남동	150	13.84	31.57	1.09	6.5	1.53	7.0	5.5	서남서	251	3.9	1021.1	-	40	
2019-12-19 08:05:00	6.4	동	88	13.81	31.60	1.30	7.5	1.57	6.0	5.5	서남서	252	4.0	1021.0	-	27	
2019-12-19 08:10:00	2.2	동북동	78	13.81	31.53	1.56	6.5	2.08	7.0	5.6	서남서	254	4.0	1021.0	-	35	
2019-12-19 08:15:00	0.9	북동	37	13.81	31.54	1.22	7.3	1.56	8.0	5.4	서남서	257	4.2	1021.1	-	33	
2019-12-19 08:20:00	3.1	동북동	78	13.80	31.54	1.42	6.6	2.16	6.5	5.7	서남서	249	4.0	1021.1	-	24	
2019-12-19 08:25:00	4.1	북동	43	13.80	31.55	1.36	7.2	1.94	6.5	5.9	서남서	241	3.9	1021.1	-	29	
2019-12-19 08:30:00	3.0	남남동	150	13.79	31.54	1.33	6.6	1.84	6.5	5.8	서남서	251	4.0	1021.2	-	27	
2019-12-19 08:35:00	3.7	동	101	13.78	31.58	1.38	7.7	2.08	7.0	6.0	서남서	251	4.0	1021.2	-	17	
2019-12-19 08:40:00	3.8	동남동	117	13.79	31.58	1.27	7.2	1.74	7.0	5.9	서남서	250	4.2	1021.3	-	31	
2019-12-19 08:45:00	5.8	동남동	108	13.76	31.58	1.36	6.5	1.74	6.5	5.4	서남서	250	4.0	1021.3	-	21	
2019-12-19 08:50:00	2.3	동남동	118	13.77	31.56	1.23	6.4	1.83	6.0	4.8	서남서	243	4.2	1021.3	-	21	
2019-12-19 08:55:00	2.0	동	85	13.77	31.58	1.49	6.7	2.78	6.5	5.3	서남서	252	4.3	1021.3	-	20	
2019-12-19 09:00:00	3.6	동	96	13.76	31.56	1.39	7.0	1.99	6.5	5.2	서남서	253	4.3	1021.2	-	34	
2019-12-19 09:05:00	2.3	동남동	108	13.77	31.57	1.26	7.1	1.68	7.5	5.7	서남서	246	4.4	1021.2	-	31	
2019-12-19 09:10:00	3.2	남남동	151	13.77	31.56	1.17	6.4	1.51	6.0	5.8	서남서	257	4.6	1021.3	-	13	
2019-12-19 09:15:00	1.3	동남동	112	13.77	31.45	1.24	7.2	1.57	6.5	5.2	서남서	252	4.5	1021.3	-	41	
2019-12-19 09:20:00	3.6	동남동	111	13.74	31.42	1.41	6.9	2.05	6.5	5.2	서남서	248	4.8	1021.3	-	59	
2019-12-19 09:25:00	2.1	북북동	17	13.74	31.53	1.40	7.0	1.97	7.0	5.6	서남서	245	5.0	1021.4	-	40	
2019-12-19 09:30:00	0.8	남동	135	13.76	31.53	1.31	6.6	1.75	7.0	5.1	서남서	243	5.1	1021.4	-	31	
2019-12-19 09:35:00	4.2	북동	50	13.74	31.56	1.14	6.7	1.48	7.5	5.4	서남서	245	5.1	1021.5	-	353	
2019-12-19 09:40:00	2.6	동	88	13.74	31.58	1.27	7.3	1.57	6.0	5.2	서남서	249	5.2	1021.4	-	19	
2019-12-19 09:45:00	4.6	동남동	122	13.75	31.61	1.27	6.7	1.72	6.0	4.5	서남서	251	5.3	1021.5	-	12	
2019-12-19 09:50:00	5.2	동남동	112	13.77	31.62	1.32	6.7	1.72	6.5	4.7	서남서	256	5.3	1021.6	-	70	
2019-12-19 09:55:00	4.0	동남동	103	13.78	31.59	1.24	6.7	1.85	6.0	4.0	서남서	251	5.2	1021.7	-	23	
2019-12-19 10:00:00	3.1	동북동	69	13.78	31.62	1.36	7.8	1.84	7.0	4.0	서남서	253	5.2	1021.7	-	26	
2019-12-19 10:05:00	4.8	남동	129	13.78	31.58	1.19	6.7	1.90	6.5	3.8	서남서	250	5.5	1021.8	-	12	
2019-12-19 10:10:00	4.3	남	170	13.78	31.59	1.14	6.7	1.46	7.0	3.4	서남서	251	5.4	1021.9	-	14	
2019-12-19 10:15:00	4.0	남남동	162	13.79	31.59	1.30	7.5	1.63	7.5	3.4	서남서	258	5.6	1021.9	-	27	
2019-12-19 10:20:00	7.3	남동	124	13.79	31.60	1.34	6.7	1.68	6.5	3.1	서	272	6.0	1021.8	-	51	
2019-12-19 10:25:00	4.3	동남동	107	13.80	31.60	1.28	7.0	2.13	6.5	3.0	서	264	6.3	1021.8	-	31	
2019-12-19 10:30:00	2.0	동남동	115	13.80	31.60	1.10	6.9	1.70	6.0	2.8	서	278	6.3	1021.7	-	30	
2019-12-19 10:35:00	3.6	남동	132	13.81	31.61	1.02	6.6	1.40	7.0	2.3	서북서	296	6.7	1021.7	-	29	
2019-12-19 10:40:00	2.6	남	178	13.81	31.60	1.21	6.3	1.93	6.0	2.3	서북서	296	6.9	1021.6	-	26	
2019-12-19 10:45:00	5.2	남동	135	13.82	31.59	1.16	6.6	1.56	6.5	2.3	서북서	296	6.8	1021.6	-	45	
2019-12-19 10:50:00	3.7	남남동	165	13.82	31.60	1.17	6.8	1.70	7.0	1.6	북서	316	7.0	1021.5	-	24	
2019-12-19 10:55:00	5.4	남	175	13.82	31.60	1.10	7.1	1.41	7.0	1.8	북서	314	7.1	1021.5	-	17	
2019-12-19 11:00:00	5.2	남동	139	13.83	31.59	1.56	7.4	2.71	7.0	1.1	서북서	293	7.1	1021.5	-	33	
2019-12-19 11:05:00	10.4	남남동	166	13.84	31.55	1.14	6.9	1.69	5.5	1.9	서북서	285	7.2	1021.4	-	26	
2019-12-19 11:10:00	12.0	남남동	167	13.84	31.57	1.21	6.9	1.92	7.5	2.3	서북서	282	7.5	1021.2	-	26	
2019-12-19 11:15:00	0.7	남서	229	13.84	31.60	1.30	7.2	1.61	7.5	4.1	서북서	295	7.7	1021.1	-	32	
2019-12-19 11:20:00	30.5	남남서	192	13.84	31.59	1.07	6.4	1.77	6.5	3.8	북서	309	7.6	1021.1	-	46	
2019-12-19 11:25:00	5.7	남남동	154	13.84	31.63	1.20	6.7	1.91	7.0	4.6	북북서	333	7.8	1021.0	-	44	
2019-12-19 11:30:00	3.2	북북동	14	13.84	31.61	1.18	6.6	1.84	6.5	5.5	북서	316	7.9	1020.8	-	17	
2019-12-19 11:35:00	5.9	서남서	251	13.83	31.63	1.19	6.5	1.63	7.0	5.1	북서	304	8.0	1020.7	-	11	
2019-12-19 11:40:00	7.4	남남동	148	13.83	31.63	1.03	6.5	1.26	6.5	5.9	북서	306	8.0	1020.7	-	31	
2019-12-19 11:45:00	17.4	남동	129	13.83	31.62	1.22	6.8	1.58	7.0	5.2	북서	308	8.1	1020.6	-	34	
2019-12-19 11:50:00	22.4	남남동	154	13.82	31.62	1.19	7.2	1.61	6.5	5.8	서북서	288	8.1	1020.3	-	30	
2019-12-19 11:55:00	3.8	남남동	157	13.82	31.60	1.48	7.3	1.88	7.5	5.6	서북서	302	8.2	1020.1	-	26	
2019-12-19 12:00:00	5.2	남남동	153	13.82	31.60	1.25	6.8	1.52	7.0	6.7	북서	318	8.2	1020.0	-	19	
2019-12-19 12:05:00	3.2	남남서	204	13.81	31.60	1.22	7.1	1.76	7.0	6.2	북서	308	8.3	1019.9	-	23	
2019-12-19 12:10:00	4.6	남남동	148	13.81	31.60	1.16	6.8	1.83	6.5	6.5	서북서	299	8.5	1019.8	-	34	
2019-12-19 12:15:00	11.3	북서	322	13.80	31.62	1.41	7.0	2.02	7.0	7.2	서북서	294	8.3	1019.8	-	24	
2019-12-19 12:20:00	8.3	서북서	292	13.80	31.61	1.00	6.2	1.71	6.5	7.5	북서	304	8.2	1019.7	-	30	
2019-12-19 12:25:00	3.3	북동	39	13.80	31.60	1.43	7.0	2.02	7.0	7.6	북서	306	8.3	1019.6	-	29	
2019-12-19 12:30:00	4.3	남남동	150	13.79	31.59	1.72	7.2	1.97	7.0	7.9	북서	308	8.3	1019.5	-	31	
2019-12-19 12:35:00	2.0	서	267	13.80	31.59	1.25	7.1	1.76	6.5	7.8	북서	315	8.3	1019.4	-	14	
2019-12-19 12:40:00	3.1	남동	126	13.79	31.61	1.30	6.8	1.86	6.5	6.7	북서	313	8.1	1019.4	-	353	
2019-12-19 12:45:00	6.0	남남동	160	13.79	31.60	1.22	6.3	1.60	7.0	7.0	북서	324	8.3	1019.3	-	18	
2019-12-19 12:50:00	5.6	남	182	13.79	31.59	1.16	6.8	1.42	5.5	9.3	북북서	348	8.1	1019.2	-	24	
2019-12-19 12:55:00	5.4	남	182	13.79	31.61	1.49	6.8	2.19	6.0	9.4	북북서	345	8.0	1019.1	-	30	
2019-12-19 13:00:00	2.8	남남동	154	13.79	31.58	1.30	7.2	1.84	7.0	7.8	북북서	332	8.1	1019.1	-	24	
2019-12-19 13:05:00	4.9	동남동	117	13.79	31.60	1.46	6.5	2.16	6.5	8.0	북서	314	8.4	1019.1	-	28	
2019-12-19 13:10:00	5.8	남	184	13.79	31.59	1.16	6.8	1.76	6.5	7.7	북서	314	8.3	1019.1	-	17	
2019-12-19 13:15:00	1.2	남동	144	13.80	31.60	1.26	6.2	1.64	6.5	8.7	북서	317	8.3	1019.1	-	64	
2019-12-19 13:20:00	5.3	남	180	13.79	31.60	1.50	6.6	1.73	7.5	8.6	북서	314	8.4	1019.1	-	22	
2019-12-19 13:25:00	4.2	북	351	13.80	31.61	1.51	6.5	1.79	6.5	8.7	북서	311	8.4	1019.0	-	13	
2019-12-19 13:30:00	10.2	남남동	164	13.79	31.58	1.32	6.0	1.78	8.0	10.6	북북서	331	8.4	1018.7	-	5	
2019-12-19 13:35:00	7.4	남남동	164	13.80	31.61	1.68	6.8	2.20	6.0	9.5	북서	319	8.4	1018.9	-	25	
2019-12-19 13:40:00	8.7	남남동	151	13.79	31.59	1.27	6.6	1.88	6.5	11.0	북서	315	8.5	1018.8	-	27	
2019-12-19 13:45:00	7.8	남동	134	13.80	31.58	1.63	7.0	2.31	7.0	10.4	북서	322	8.2	1018.9	-	30	
2019-12-19 13:50:00	7.2	남남동	168	13.80	31.58	1.30	6.0	1.59	6.5	11.1	북서	326	8.2	1019.0	-	18	
2019-12-19 13:55:00	9.0	남	172	13.80	31.59	1.42	6.5	2.05	6.0	12.5	북북서	327	8.2	1019.0	-	23	
2019-12-19 14:00:00	10.5	남	181	13.80	31.59	1.46	6.5	1.89	6.5	12.3	북서	321	8.1	1019.1	-	5	
2019-12-19 14:05:00	9.7	남남동	156	13.80	31.60	1.60	7.0	2.38	6.5	12.0	북북서	328	8.0	1019.1	-	25	
2019-12-19 14:10:00	8.2	남남서	194	13.79	31.56	1.59	6.5	2.14	6.5	11.7	북북서	327	8.0	1019.2	-	19	
2019-12-19 14:15:00	15.9	남남동	160	13.81	31.61	1.39	6.5	1.72	8.0	10.9	북북서	327	8.0	1019.2	-	22	
2019-12-19 14:20:00	18.7	남동	138	13.82	31.61	1.24	6.0	1.59	6.5	10.0	북북서	328	8.0	1019.4	-	21	
2019-12-19 14:25:00	21.9	남	187	13.83	31.61	1.44	6.8	1.99	6.5	10.2	북북서	331	7.9	1019.4	-	35	
2019-12-19 14:30:00	10.9	남남동	159	13.83	31.62	1.36	6.1	1.79	6.5	9.6	북북서	328	7.9	1019.4	-	10	
2019-12-19 14:35:00	10.6	남	181	13.83	31.61	1.28	6.6	1.76	6.0	8.8	북서	326	7.9	1019.4	-	17	
2019-12-19 14:40:00	9.5	남남서	211	13.84	31.64	1.41	7.0	1.71	6.5	9.1	북북서	333	7.8	1019.4	-	24	
2019-12-19 14:45:00	12.0	남	171	13.84	31.60	1.52	6.6	2.01	6.5	9.1	북서	326	7.8	1019.5	-	12	
2019-12-19 14:50:00	7.3	남남동	148	13.85	31.61	1.52	6.6	1.91	6.0	7.9	북서	324	7.6	1019.8	-	20	
2019-12-19 14:55:00	6.5	남	180	13.84	31.60	1.40	6.3	1.73	7.0	8.2	북서	326	7.6	1019.8	-	25	
2019-12-19 15:00:00	7.9	남남서	195	13.85	31.61	1.40	7.1	1.70	7.0	8.2	북서	321	7.7	1019.9	-	16	
2019-12-19 15:05:00	3.3	남동	127	13.85	31.60	1.25	6.4	1.84	6.0	6.9	북서	317	7.8	1020.0	-	19	
2019-12-19 15:10:00	4.3	북	6	13.85	31.63	1.37	7.2	1.88	6.5	6.5	북서	308	7.7	1020.2	-	27	
2019-12-19 15:15:00	1.6	남	184	13.84	31.61	1.51	6.6	1.97	6.5	6.8	서북서	302	7.7	1020.3	-	9	
2019-12-19 15:20:00	5.3	동	86	13.85	31.60	1.26	6.6	1.68	7.0	6.0	서북서	303	7.5	1020.4	-	24	
2019-12-19 15:25:00	5.3	남남서	203	13.83	31.59	1.23	6.6	1.51	7.5	5.1	서북서	302	7.5	1020.4	-	26	
2019-12-19 15:30:00	3.1	북북서	343	13.84	31.59	1.29	5.9	1.93	6.0	6.4	서북서	302	7.5	1020.4	-	18	
2019-12-19 15:35:00	7.6	북	359	13.83	31.56	1.04	5.8	1.45	6.0	6.0	서북서	298	7.5	1020.5	-	30	
2019-12-19 15:40:00	0.5	북동	35	13.83	31.57	1.31	6.8	1.68	6.5	7.0	서북서	284	7.7	1020.5	-	13	
2019-12-19 15:45:00	6.6	서남서	259	13.82	31.58	1.51	6.0	2.52	5.5	7.3	서북서	294	7.7	1020.4	-	17	
2019-12-19 15:50:00	4.1	남남동	164	13.83	31.59	1.56	6.8	2.11	6.0	7.4	서북서	290	7.7	1020.4	-	18	
2019-12-19 15:55:00	7.4	동남동	117	13.82	31.56	1.20	6.4	1.58	6.0	7.8	서북서	297	7.6	1020.5	-	17	
2019-12-19 16:00:00	2.3	북서	323	13.84	31.55	1.13	6.4	1.43	7.5	7.1	서북서	290	7.6	1020.5	-	350	
2019-12-19 16:05:00	2.3	동남동	103	13.82	31.56	1.29	6.2	1.61	6.5	7.5	서북서	295	7.6	1020.4	-	18	
2019-12-19 16:10:00	8.6	남동	132	13.80	31.58	1.50	6.5	1.95	5.0	9.1	서북서	287	7.4	1020.5	-	12	
2019-12-19 16:15:00	5.9	남동	142	13.82	31.58	1.24	6.8	1.65	6.5	9.4	서북서	293	7.3	1020.6	-	37	
2019-12-19 16:20:00	9.0	남남동	164	13.81	31.58	1.37	6.8	2.24	6.5	8.7	서북서	290	7.4	1020.7	-	33	
2019-12-19 16:25:00	4.4	남남동	158	13.82	31.56	1.49	6.9	2.09	7.0	9.3	서북서	301	7.4	1020.7	-	31	
2019-12-19 16:30:00	10.0	남	180	13.81	31.57	1.51	6.6	2.02	7.0	9.0	서북서	295	7.1	1020.9	-	17	
2019-12-19 16:35:00	12.9	남동	137	13.80	31.58	1.51	6.5	2.34	6.5	8.6	북서	305	7.2	1020.9	-	40	
2019-12-19 16:40:00	7.7	남남동	151	13.79	31.58	1.33	6.1	1.78	6.5	7.9	서북서	301	7.1	1021.0	-	1	
2019-12-19 16:45:00	1.1	북	4	13.81	31.60	1.39	6.4	1.95	7.0	8.2	북서	304	7.0	1021.0	-	19	
2019-12-19 16:50:00	3.9	남남서	200	13.81	31.59	1.22	6.3	1.90	6.5	8.0	북서	304	6.9	1021.0	-	10	
2019-12-19 16:55:00	4.8	남남동	155	13.81	31.56	1.44	7.2	1.76	6.5	8.2	북서	308	6.7	1021.1	-	25	
2019-12-19 17:00:00	11.0	남	170	13.79	31.57	1.35	6.5	1.92	7.0	8.8	서북서	302	6.7	1021.2	-	16	
2019-12-19 17:05:00	12.7	남동	141	13.79	31.58	1.38	6.6	1.69	6.5	7.9	북서	307	6.5	1021.3	-	13	
2019-12-19 17:10:00	5.0	남남동	150	13.79	31.58	1.22	6.4	1.54	6.5	8.4	서북서	301	6.5	1021.4	-	23	
2019-12-19 17:15:00	5.8	남동	127	13.79	31.56	1.28	6.7	1.87	6.5	8.2	서북서	302	6.5	1021.4	-	28	
2019-12-19 17:20:00	5.5	남남동	147	13.78	31.57	1.27	6.6	1.70	6.0	8.3	서북서	299	6.6	1021.5	-	1	
2019-12-19 17:25:00	7.2	남남동	147	13.79	31.57	1.12	6.7	1.26	7.0	8.8	서북서	297	6.5	1021.5	-	18	
2019-12-19 17:30:00	2.1	동남동	116	13.77	31.56	1.35	6.7	1.90	6.5	8.3	서북서	301	6.3	1021.6	-	4	
2019-12-19 17:35:00	4.1	동남동	106	13.77	31.56	1.21	6.4	1.55	4.5	7.7	서북서	291	6.1	1021.7	-	40	
2019-12-19 17:40:00	4.7	동남동	122	13.79	31.56	1.33	6.8	1.83	6.5	9.3	서북서	296	6.3	1021.7	-	15	
2019-12-19 17:45:00	7.9	남동	133	13.78	31.56	1.36	6.6	1.92	7.0	7.8	서북서	293	6.1	1021.8	-	24	
2019-12-19 17:50:00	6.1	남남동	157	13.77	31.55	1.12	6.5	1.45	5.5	8.8	서북서	294	6.2	1021.9	-	20	
2019-12-19 17:55:00	10.6	남동	138	13.77	31.57	1.35	6.1	1.91	7.0	9.2	서	278	6.2	1021.8	-	17	
2019-12-19 18:00:00	10.0	남남동	155	13.77	31.56	1.21	6.6	2.16	6.5	8.9	서	279	6.1	1021.8	-	15	
2019-12-19 18:05:00	4.2	남남동	166	13.76	31.55	1.64	6.8	2.22	7.0	8.7	서북서	284	5.9	1021.9	-	13	
2019-12-19 18:10:00	3.6	남남서	192	13.76	31.54	1.28	6.5	1.54	6.0	9.3	서북서	286	5.8	1022.0	-	9	
2019-12-19 18:15:00	5.8	남남동	154	13.76	31.57	1.37	6.4	1.67	6.5	7.9	서	277	5.8	1022.3	-	17	
2019-12-19 18:20:00	5.1	남동	146	13.74	31.56	1.31	6.6	2.03	6.0	7.3	서북서	292	5.6	1022.5	-	25	
2019-12-19 18:25:00	7.3	남남동	159	13.74	31.52	1.22	6.6	1.50	6.5	6.6	서북서	303	5.5	1022.7	-	6	
2019-12-19 18:30:00	5.4	동남동	122	13.75	31.50	1.39	6.5	2.06	6.5	6.5	북서	322	5.5	1022.8	-	352	
2019-12-19 18:35:00	9.9	남남동	165	13.75	31.50	1.30	6.5	1.64	7.0	7.4	북서	321	5.6	1022.9	-	23	
2019-12-19 18:40:00	5.1	남남동	157	13.76	31.52	1.29	6.4	1.65	6.5	9.2	북서	318	5.7	1022.9	-	10	
2019-12-19 18:45:00	9.7	남동	141	13.73	31.52	1.02	6.2	1.31	6.0	8.4	북서	318	5.7	1023.0	-	34	
2019-12-19 18:50:00	9.8	남남동	161	13.73	31.53	1.16	6.5	1.64	6.5	10.4	북서	312	5.6	1022.9	-	37	
2019-12-19 18:55:00	5.3	남남동	166	13.73	31.53	1.03	5.7	1.40	7.0	8.6	서북서	303	5.6	1022.9	-	12	
2019-12-19 19:00:00	5.6	남남동	148	13.72	31.56	1.34	6.3	1.83	6.5	7.8	서북서	295	5.7	1023.1	-	28	
2019-12-19 19:05:00	7.3	남	170	13.72	31.55	1.25	6.2	1.64	5.5	8.7	서북서	295	5.8	1023.1	-	26	
2019-12-19 19:10:00	9.0	남남동	166	13.71	31.56	1.40	6.4	2.09	6.5	8.2	서북서	288	5.4	1023.1	-	28	
2019-12-19 19:15:00	9.1	남동	124	13.70	31.57	1.22	6.6	1.64	6.0	8.4	서북서	297	5.3	1023.1	-	39	
2019-12-19 19:20:00	9.3	남동	138	13.69	31.54	1.26	6.6	1.60	7.0	6.7	서북서	302	5.3	1023.5	-	3	
2019-12-19 19:25:00	11.2	남동	139	13.70	31.56	1.36	6.8	1.75	6.0	6.6	북서	309	5.3	1023.8	-	2	
2019-12-19 19:30:00	6.5	남	175	13.71	31.56	1.22	6.8	1.75	6.0	5.8	북서	315	5.2	1024.0	-	358	
2019-12-19 19:35:00	2.7	남남동	162	13.71	31.56	1.10	6.0	1.56	5.5	6.3	북서	312	5.1	1023.9	-	13	
2019-12-19 19:40:00	5.5	남	174	13.70	31.54	1.40	6.4	2.17	6.5	8.9	북서	310	5.3	1023.7	-	11	
2019-12-19 19:45:00	9.2	남남동	165	13.69	31.55	1.15	6.4	1.57	6.5	8.9	서북서	293	5.3	1023.6	-	31	
2019-12-19 19:50:00	8.1	남남동	155	13.70	31.57	1.08	5.9	1.57	5.5	9.6	서북서	291	5.3	1023.3	-	0	
2019-12-19 19:55:00	0.4	남서	236	13.72	31.53	1.22	6.4	1.57	6.0	9.1	서북서	294	5.3	1023.4	-	17	
2019-12-19 20:00:00	5.9	남남서	203	13.69	31.55	1.16	6.4	1.67	6.0	8.5	서북서	302	5.0	1023.6	-	3	
2019-12-19 20:05:00	11.3	남남동	169	13.68	31.55	1.14	6.3	1.61	6.5	6.5	서북서	302	4.8	1023.9	-	50	
2019-12-19 20:10:00	6.9	남동	124	13.69	31.56	1.34	6.4	2.28	6.5	6.0	북서	306	4.7	1024.0	-	23	
2019-12-19 20:15:00	9.3	남남동	154	13.67	31.54	1.20	7.0	1.64	7.0	5.6	북서	311	4.7	1024.1	-	6	
2019-12-19 20:20:00	8.3	남남동	152	13.67	31.53	1.24	6.6	1.52	6.0	6.2	북서	305	4.7	1024.1	-	17	
2019-12-19 20:25:00	9.4	남	175	13.68	31.54	1.25	6.6	1.73	6.5	6.3	서북서	295	4.7	1024.1	-	23	
2019-12-19 20:30:00	9.2	남남동	159	13.68	31.51	1.33	6.7	2.08	7.0	7.2	서북서	294	4.7	1024.0	-	15	
2019-12-19 20:35:00	7.4	남남동	162	13.68	31.53	1.46	6.7	1.78	6.5	7.1	서북서	295	4.6	1024.0	-	16	
2019-12-19 20:40:00	4.1	남동	140	13.67	31.53	1.19	6.6	1.84	6.5	7.0	서북서	295	4.6	1024.0	-	31	
2019-12-19 20:45:00	7.2	동남동	108	13.68	31.53	1.34	7.0	1.67	6.5	6.8	서북서	296	4.6	1024.1	-	15	
2019-12-19 20:50:00	9.1	남동	141	13.66	31.53	1.20	6.4	1.47	7.0	5.5	서북서	289	4.5	1024.2	-	8	
2019-12-19 20:55:00	6.6	남남동	159	13.68	31.53	1.42	7.0	1.97	7.5	4.2	서북서	287	4.4	1024.4	-	20	
2019-12-19 21:00:00	6.4	남남동	151	13.68	31.56	1.23	6.5	1.83	6.0	3.7	서북서	295	4.3	1024.5	-	39	
2019-12-19 21:05:00	8.6	남동	130	13.67	31.55	1.22	6.8	1.88	7.0	3.7	서북서	283	4.3	1024.6	-	20	
2019-12-19 21:10:00	7.7	남남동	149	13.70	31.53	1.41	7.1	2.12	6.5	2.5	서북서	282	4.1	1024.7	-	12	
2019-12-19 21:15:00	8.5	남동	143	13.68	31.53	1.26	6.9	1.69	5.5	2.6	서북서	285	4.0	1024.6	-	358	
2019-12-19 21:20:00	10.7	남동	140	13.68	31.53	1.47	7.4	1.95	8.0	3.2	서	278	4.2	1024.6	-	10	
2019-12-19 21:25:00	7.0	남동	145	13.71	31.54	1.27	6.6	2.20	6.5	4.0	서	278	4.3	1024.6	-	5	
2019-12-19 21:30:00	11.6	남남동	160	13.73	31.44	1.35	6.8	1.70	6.5	5.2	서북서	292	4.3	1024.5	-	12	
2019-12-19 21:35:00	10.0	남남동	158	13.71	31.56	1.60	6.5	1.98	6.0	5.1	서북서	288	4.4	1024.5	-	14	
2019-12-19 21:40:00	11.6	남남동	163	13.71	31.54	1.38	7.3	1.73	8.0	5.8	서북서	286	4.3	1024.5	-	357	
2019-12-19 21:45:00	16.1	남동	145	13.69	31.51	1.46	6.6	1.98	7.5	5.9	서북서	295	4.2	1024.5	-	12	
2019-12-19 21:50:00	12.7	남남동	148	13.72	31.50	1.56	7.4	2.26	7.0	6.0	서북서	295	4.1	1024.5	-	16	
2019-12-19 21:55:00	9.2	남남동	152	13.72	31.54	1.49	6.8	1.91	6.5	6.6	서북서	298	4.1	1024.5	-	15	
2019-12-19 22:00:00	14.0	남동	136	13.71	31.53	1.32	6.4	1.67	6.5	5.9	북서	305	4.1	1024.5	-	353	
2019-12-19 22:05:00	11.7	남남동	148	13.69	31.50	1.27	6.9	1.54	7.5	6.4	서북서	297	4.1	1024.5	-	19	
2019-12-19 22:10:00	5.2	남남동	147	13.57	31.40	1.25	6.7	1.56	6.5	6.0	서북서	297	4.0	1024.6	-	30	
2019-12-19 22:15:00	10.7	남남동	161	13.59	31.41	1.58	6.8	2.22	7.0	6.1	북서	304	3.9	1024.6	-	11	
2019-12-19 22:20:00	9.8	남남동	167	13.62	31.52	1.33	6.9	1.63	7.5	6.1	서북서	298	4.0	1024.7	-	27	
2019-12-19 22:25:00	7.5	남남동	165	13.65	31.52	1.14	6.5	1.83	6.0	8.7	서북서	294	4.1	1024.5	-	19	
2019-12-19 22:30:00	13.4	남남동	157	13.65	31.49	1.58	7.1	2.41	7.0	9.6	서북서	296	4.2	1024.4	-	19	
2019-12-19 22:35:00	10.9	남남동	162	13.64	31.50	1.33	6.7	1.85	6.5	9.1	서북서	292	4.2	1024.4	-	23	
2019-12-19 22:40:00	14.0	남남동	160	13.64	31.51	1.44	6.8	1.92	6.5	9.4	서북서	284	4.2	1024.4	-	37	
2019-12-19 22:45:00	11.3	남남동	167	13.63	31.48	1.43	7.1	2.19	7.0	10.2	서북서	282	4.3	1024.4	-	19	
2019-12-19 22:50:00	11.5	남남동	156	13.60	31.47	1.32	6.5	1.57	6.5	9.4	서북서	288	4.1	1024.5	-	24	
2019-12-19 22:55:00	11.5	남남동	155	13.59	31.50	1.50	6.8	2.07	6.0	8.7	서북서	286	3.9	1024.6	-	24	
2019-12-19 23:00:00	11.5	남	182	13.59	31.51	1.28	6.9	1.59	7.5	8.7	서북서	290	4.0	1024.7	-	357	
2019-12-19 23:05:00	10.7	남	171	13.62	31.53	1.24	6.9	1.48	7.0	9.1	서북서	290	3.9	1024.7	-	20	
2019-12-19 23:10:00	13.7	남남동	162	13.61	31.51	1.24	7.1	1.48	7.0	9.2	서북서	295	3.8	1024.7	-	10	
2019-12-19 23:15:00	9.4	남	171	13.59	31.47	1.20	6.8	1.51	7.5	9.4	서북서	292	3.9	1024.7	-	7	
2019-12-19 23:20:00	8.8	남남동	162	13.58	31.51	1.61	7.2	2.09	6.5	9.8	서북서	297	3.9	1024.7	-	32	
2019-12-19 23:25:00	8.0	남남동	156	13.57	31.51	1.55	7.0	2.00	7.0	9.1	서북서	297	3.9	1024.8	-	21	
2019-12-19 23:30:00	9.2	남남동	157	13.54	31.46	1.28	6.9	1.62	7.5	9.0	서북서	295	3.8	1024.9	-	358	
2019-12-19 23:35:00	12.0	남남동	154	13.50	31.47	1.26	7.3	1.51	7.0	9.6	서북서	299	3.9	1024.9	-	1	
2019-12-19 23:40:00	9.2	남동	145	13.48	31.46	1.44	7.2	1.71	7.0	9.0	서북서	303	3.8	1024.9	-	25	
2019-12-19 23:45:00	11.2	남동	133	13.47	31.46	1.50	6.8	1.88	6.5	9.8	서북서	300	3.9	1025.0	-	29	
2019-12-19 23:50:00	8.7	남남동	157	13.50	31.46	1.45	7.8	1.87	7.0	9.8	서북서	303	3.8	1024.9	-	27	
2019-12-19 23:55:00	5.5	남남동	154	13.50	31.46	1.62	7.3	2.10	6.5	10.0	서북서	302	3.9	1024.8	-	31	
2019-12-20 00:00:00	8.9	남동	137	13.51	31.47	1.53	7.4	2.23	7.5	10.7	서북서	299	4.0	1024.7	-	40	
2019-12-20 00:05:00	9.4	남남동	166	13.50	31.47	1.33	7.3	1.66	8.0	10.6	서북서	300	4.0	1024.7	-	21	
2019-12-20 00:10:00	8.4	남남동	150	13.50	31.45	1.44	7.3	2.16	7.0	9.5	서북서	287	3.6	1024.8	-	11	
2019-12-20 00:15:00	7.3	동남동	117	13.50	31.45	1.35	7.5	1.59	6.5	6.7	서남서	256	3.0	1025.0	-	28	
2019-12-20 00:20:00	9.8	남남동	159	13.48	31.46	1.41	7.8	2.23	8.0	5.5	서	265	2.9	1025.1	-	27	
2019-12-20 00:25:00	7.2	남동	134	13.49	31.47	1.49	7.3	2.03	6.5	7.5	서북서	291	3.3	1025.1	-	22	
2019-12-20 00:30:00	4.1	남남동	155	13.50	31.46	1.69	7.8	1.97	8.0	8.5	북서	304	3.6	1025.1	-	35	
2019-12-20 00:35:00	8.7	남동	125	13.48	31.47	1.72	7.7	2.12	8.5	7.6	서북서	300	3.3	1025.1	-	34	
2019-12-20 00:40:00	10.6	남남동	162	13.49	31.46	1.24	7.5	1.56	7.5	6.9	서북서	292	3.1	1025.2	-	62	
2019-12-20 00:45:00	3.8	남남동	165	13.50	31.45	1.90	8.1	2.52	8.5	5.7	서북서	298	2.7	1025.3	-	43	
2019-12-20 00:50:00	2.9	남남서	208	13.47	31.45	1.77	7.8	1.89	8.5	4.5	서	280	2.7	1025.4	-	42	
2019-12-20 00:55:00	3.2	동남동	105	13.49	31.47	1.30	7.7	1.82	7.0	3.9	남서	236	2.6	1025.4	-	43	
2019-12-20 01:00:00	5.9	남남동	148	13.48	31.46	1.62	7.6	2.74	7.0	4.6	서남서	253	2.3	1025.4	-	12	
2019-12-20 01:05:00	7.4	남남동	148	13.48	31.45	1.70	7.5	2.16	8.0	3.4	서	271	2.2	1025.4	-	39	
2019-12-20 01:10:00	8.8	남남동	162	13.49	31.43	1.94	7.8	2.17	7.5	3.2	서	271	2.2	1025.4	-	41	
2019-12-20 01:15:00	5.3	남	184	13.49	31.43	1.50	7.3	1.79	8.0	3.9	서	261	2.4	1025.2	-	33	
2019-12-20 01:20:00	3.6	동남동	110	13.48	31.45	1.58	7.9	2.01	8.5	5.4	서남서	249	2.6	1025.2	-	51	
2019-12-20 01:25:00	2.0	남	181	13.50	31.43	1.73	7.7	2.75	7.5	5.5	남서	227	2.5	1025.3	-	50	
2019-12-20 01:30:00	6.4	남남동	151	13.48	31.43	1.66	7.9	2.05	8.0	4.8	서남서	238	2.4	1025.5	-	53	
2019-12-20 01:35:00	5.8	남남동	155	13.47	31.44	1.83	7.9	2.37	7.5	5.6	남서	228	2.5	1025.5	-	43	
2019-12-20 01:40:00	2.0	남	172	13.47	31.43	1.57	8.1	2.13	8.0	5.2	남서	233	2.3	1025.6	-	35	
2019-12-20 01:45:00	3.4	남남동	150	13.49	31.44	1.79	8.1	2.22	8.5	5.2	남서	232	2.2	1025.7	-	31	
2019-12-20 01:50:00	1.7	남남동	149	13.49	31.44	1.71	8.0	2.55	7.5	4.6	서남서	241	2.2	1025.8	-	36	
2019-12-20 01:55:00	4.0	남	188	13.49	31.43	1.77	8.1	2.82	7.5	4.0	남서	231	2.2	1025.9	-	51	
2019-12-20 02:00:00	4.9	남남동	151	13.49	31.43	1.89	7.9	2.39	8.0	4.4	남서	225	2.0	1026.0	-	46	
2019-12-20 02:05:00	1.1	북동	39	13.48	31.40	1.53	7.8	2.05	8.5	4.3	남서	220	2.1	1026.0	-	47	
2019-12-20 02:10:00	2.5	남동	128	13.46	31.40	1.49	7.3	1.82	7.0	3.9	남서	221	2.0	1026.0	-	45	
2019-12-20 02:15:00	1.2	북	349	13.43	31.40	1.85	7.6	2.70	8.0	3.9	남서	225	1.8	1025.8	-	47	
2019-12-20 02:20:00	5.4	남남동	148	13.40	31.42	1.62	7.8	1.96	7.5	3.1	서남서	258	2.0	1025.7	-	68	
2019-12-20 02:25:00	3.2	남동	144	13.37	31.33	1.80	7.6	2.29	6.5	2.2	서	276	1.9	1025.8	-	53	
2019-12-20 02:30:00	2.6	남	181	13.36	31.34	1.58	7.9	2.46	7.5	3.4	서북서	289	2.1	1025.7	-	45	
2019-12-20 02:35:00	5.3	남동	137	13.33	31.30	2.15	7.9	3.99	7.5	6.1	서북서	303	3.1	1025.7	-	42	
2019-12-20 02:40:00	2.8	남동	146	13.35	31.33	1.46	7.4	2.00	7.5	7.8	북서	314	3.1	1025.6	-	30	
2019-12-20 02:45:00	3.3	남동	145	13.33	31.35	1.44	7.6	1.92	7.5	6.2	서북서	303	3.0	1025.7	-	64	
2019-12-20 02:50:00	4.8	남동	142	13.35	31.33	1.79	8.1	2.22	8.5	3.4	서남서	249	2.1	1025.9	-	42	
2019-12-20 02:55:00	1.6	동	101	13.36	31.30	1.56	8.4	2.00	8.0	2.5	서남서	258	2.3	1025.9	-	45	
2019-12-20 03:00:00	0.4	동남동	121	13.36	31.40	1.74	8.0	2.09	7.5	3.5	서남서	248	2.6	1025.8	-	34	
2019-12-20 03:05:00	2.3	남	170	13.37	31.41	1.75	8.0	2.01	7.0	3.0	서	260	2.5	1025.8	-	51	
2019-12-20 03:10:00	4.7	남남서	196	13.37	31.42	1.28	7.5	2.00	6.5	2.7	서남서	246	2.5	1025.9	-	39	
2019-12-20 03:15:00	1.4	남	181	13.35	31.43	1.85	7.7	2.36	7.5	2.3	서남서	256	2.4	1026.0	-	45	
2019-12-20 03:20:00	3.5	남남동	152	13.35	31.42	1.41	7.6	1.79	7.5	2.2	서	274	2.5	1025.9	-	39	
2019-12-20 03:25:00	3.1	남	177	13.35	31.42	1.86	7.7	2.48	8.0	4.3	서	279	2.8	1025.8	-	37	
2019-12-20 03:30:00	2.8	동남동	102	13.36	31.40	1.48	8.1	2.11	8.5	3.3	북서	315	2.7	1025.9	-	37	
2019-12-20 03:35:00	3.5	남남서	212	13.35	31.40	1.80	8.0	2.38	8.0	3.2	서	279	2.7	1025.8	-	42	
2019-12-20 03:40:00	2.5	남남서	204	13.34	31.36	1.81	8.0	2.26	7.0	2.5	서남서	251	2.7	1025.7	-	46	
2019-12-20 03:45:00	1.4	남동	137	13.35	31.44	2.51	8.4	3.58	8.5	2.3	서남서	245	2.6	1025.7	-	49	
2019-12-20 03:50:00	2.3	남	178	13.36	31.39	2.10	8.2	3.10	7.5	2.2	서	262	2.6	1025.7	-	36	
2019-12-20 03:55:00	2.7	동	87	13.36	31.41	1.72	7.9	2.08	8.0	4.2	서	276	2.8	1025.8	-	40	
2019-12-20 04:00:00	2.6	동남동	111	13.36	31.43	1.86	8.1	2.35	7.5	2.5	서	267	2.6	1025.8	-	33	
2019-12-20 04:05:00	2.3	동남동	106	13.36	31.40	1.46	7.9	1.89	8.0	2.6	서북서	294	2.7	1025.8	-	23	
2019-12-20 04:10:00	3.4	동남동	111	13.36	31.39	1.56	8.3	2.14	7.5	1.5	서북서	286	2.8	1025.8	-	61	
2019-12-20 04:15:00	1.6	북북동	19	13.36	31.41	2.09	7.9	2.47	8.0	2.7	서	266	2.5	1025.6	-	49	
2019-12-20 04:20:00	3.1	동남동	102	13.35	31.41	1.59	7.9	2.29	7.5	2.7	서남서	254	2.3	1025.6	-	40	
2019-12-20 04:25:00	2.2	동	79	13.36	31.39	1.72	7.7	2.49	7.5	2.6	서남서	239	2.3	1025.6	-	54	
2019-12-20 04:30:00	3.0	서	269	13.37	31.43	1.49	7.9	1.73	7.0	2.3	서	269	2.4	1025.6	-	17	
2019-12-20 04:35:00	2.8	북북서	339	13.37	31.41	1.87	8.0	2.26	8.0	3.1	북서	315	2.8	1025.6	-	48	
2019-12-20 04:40:00	4.6	서	276	13.37	31.40	1.84	7.5	2.64	8.0	3.4	북서	317	2.8	1025.6	-	21	
2019-12-20 04:45:00	1.7	서남서	255	13.36	31.42	1.60	8.3	2.15	8.5	3.3	서	278	2.9	1025.6	-	44	
2019-12-20 04:50:00	3.9	서북서	295	13.38	31.38	1.51	7.9	1.88	7.5	3.2	서	261	2.4	1025.6	-	48	
2019-12-20 04:55:00	2.5	서북서	303	13.38	31.38	1.71	7.9	2.67	8.0	2.0	서	276	2.7	1025.6	-	15	
2019-12-20 05:00:00	0.5	북서	323	13.39	31.39	1.66	8.1	1.95	8.0	2.5	북서	317	2.6	1025.6	-	33	
2019-12-20 05:05:00	2.6	북북동	27	13.38	31.42	1.68	8.1	2.58	8.0	1.8	북북서	341	2.6	1025.6	-	49	
2019-12-20 05:10:00	1.4	북서	310	13.33	31.36	1.66	8.0	2.11	7.0	2.4	북서	309	2.7	1025.5	-	60	
2019-12-20 05:15:00	4.4	북북서	336	13.32	31.39	1.74	7.7	2.34	7.0	1.8	서	260	2.2	1025.5	-	52	
2019-12-20 05:20:00	2.7	서북서	298	13.34	31.36	1.31	8.2	1.59	8.0	2.4	서	263	2.1	1025.6	-	34	
2019-12-20 05:25:00	0.5	동북동	61	13.32	31.35	1.79	8.5	2.94	8.0	2.5	서남서	240	2.0	1025.5	-	45	
2019-12-20 05:30:00	4.2	북동	35	13.26	31.37	1.81	8.0	2.36	8.5	2.5	서	270	2.1	1025.6	-	54	
2019-12-20 05:35:00	6.2	북북동	18	13.26	31.37	1.81	8.2	2.24	9.0	3.5	서	276	1.9	1025.5	-	48	
2019-12-20 05:40:00	0.3	북북동	30	13.30	31.40	1.61	8.3	2.48	7.5	3.2	서	277	1.9	1025.5	-	53	
2019-12-20 05:45:00	1.8	동북동	57	13.34	31.41	1.72	7.6	2.16	7.5	3.7	서	279	2.2	1025.4	-	52	
2019-12-20 05:50:00	1.0	북	354	13.36	31.40	1.62	8.3	2.04	7.0	4.0	서	280	2.6	1025.4	-	47	
2019-12-20 05:55:00	4.0	북북동	14	13.34	31.41	1.66	7.9	2.03	8.0	4.5	서북서	286	2.6	1025.4	-	32	
2019-12-20 06:00:00	3.9	서북서	299	13.34	31.37	1.44	8.3	2.14	8.0	5.1	서북서	302	2.5	1025.4	-	36	
2019-12-20 06:05:00	1.7	북서	307	13.28	31.36	1.27	7.7	1.95	8.5	4.9	서북서	301	2.5	1025.5	-	29	
2019-12-20 06:10:00	2.1	서	276	13.28	31.38	1.34	8.0	2.01	7.5	4.7	서북서	301	2.6	1025.4	-	23	
2019-12-20 06:15:00	3.4	북북동	13	13.27	31.36	1.27	7.3	1.84	8.0	4.4	서북서	303	2.6	1025.5	-	37	
2019-12-20 06:20:00	2.1	북북서	338	13.31	31.39	1.64	8.0	2.51	8.0	4.8	북서	324	2.8	1025.5	-	41	
2019-12-20 06:25:00	1.7	남남서	196	13.34	31.38	1.55	7.5	2.33	7.5	4.3	북서	309	2.7	1025.6	-	32	
2019-12-20 06:30:00	2.8	북	5	13.32	31.39	1.48	7.5	1.83	7.5	4.2	북서	322	2.6	1025.7	-	30	
2019-12-20 06:35:00	4.5	북북서	334	13.34	31.38	1.75	8.5	2.61	8.0	4.1	북북서	335	2.5	1025.8	-	43	
2019-12-20 06:40:00	3.3	북동	39	13.33	31.39	1.94	8.1	3.31	8.0	3.6	북서	323	2.6	1025.9	-	26	
2019-12-20 06:45:00	5.3	북	5	13.33	31.38	1.39	7.8	2.07	9.0	3.8	북서	313	2.7	1025.9	-	49	
2019-12-20 06:50:00	4.6	북	357	13.32	31.40	1.29	8.0	1.61	8.0	3.1	서	266	2.5	1026.0	-	38	
2019-12-20 06:55:00	1.0	북	3	13.33	31.40	1.36	7.3	1.73	7.0	2.9	서	260	2.2	1026.0	-	16	
2019-12-20 07:00:00	2.6	북서	317	13.32	31.41	1.32	8.7	1.72	8.0	4.2	서	272	2.2	1026.0	-	41	
2019-12-20 07:05:00	6.1	북북서	339	13.37	31.44	1.68	7.8	2.27	8.0	4.5	서	274	2.2	1026.1	-	60	
2019-12-20 07:10:00	3.8	북북서	331	13.37	31.42	1.47	7.6	1.82	7.0	4.3	서	271	2.1	1026.3	-	43	
2019-12-20 07:15:00	4.9	북북서	338	13.39	31.44	1.75	8.3	2.19	7.5	3.5	서	270	2.1	1026.4	-	33	
2019-12-20 07:20:00	3.5	서북서	294	13.39	31.40	1.32	7.6	1.52	8.0	3.1	서	268	2.2	1026.5	-	44	
2019-12-20 07:25:00	3.7	북북서	345	13.38	31.43	1.38	7.9	1.62	7.5	2.8	서	260	2.2	1026.6	-	30	
2019-12-20 07:30:00	4.2	북북서	343	13.39	31.37	1.19	8.0	1.62	7.5	3.1	서남서	237	1.9	1026.8	-	42	
2019-12-20 07:35:00	5.5	북서	319	13.39	31.41	1.40	7.8	1.85	7.5	2.7	남서	233	2.0	1026.8	-	54	
2019-12-20 07:40:00	4.5	북북서	344	13.40	31.41	1.41	8.0	1.84	9.0	3.6	남서	218	1.9	1026.8	-	57	
2019-12-20 07:45:00	2.9	북서	314	13.40	31.39	1.40	8.1	1.90	7.5	4.2	남서	225	1.8	1026.9	-	49	
2019-12-20 07:50:00	4.5	서북서	295	13.38	31.38	1.15	7.7	1.40	7.5	3.7	남서	232	1.5	1027.0	-	39	
2019-12-20 07:55:00	3.3	서북서	298	13.39	31.41	1.48	7.8	2.18	7.0	4.1	서남서	237	1.6	1027.0	-	24	
2019-12-20 08:00:00	2.9	북서	319	13.40	31.41	1.37	8.0	1.91	7.5	5.3	남서	236	1.7	1027.0	-	27	
2019-12-20 08:05:00	0.5	남남서	209	13.41	31.40	1.43	7.4	1.82	7.0	5.6	서남서	241	1.8	1027.0	-	40	
2019-12-20 08:10:00	4.0	북서	320	13.40	31.40	1.51	8.0	2.27	7.5	5.0	서남서	238	1.5	1027.0	-	68	
2019-12-20 08:15:00	3.6	북서	308	13.41	31.39	1.56	8.0	1.95	7.5	5.0	서남서	249	1.5	1027.0	-	57	
2019-12-20 08:20:00	7.0	북북서	334	13.44	31.45	1.49	8.0	1.67	7.5	5.2	서남서	248	1.6	1027.1	-	35	
2019-12-20 08:25:00	15.3	북북서	329	13.67	31.67	1.32	7.8	1.72	8.0	4.8	서남서	253	1.5	1027.1	-	56	
2019-12-20 08:30:00	19.4	북북서	340	13.77	31.52	1.35	7.2	1.91	7.5	5.2	서남서	241	1.6	1027.1	-	8	
2019-12-20 08:35:00	24.9	북북서	343	13.92	31.54	1.44	7.8	2.20	7.5	5.3	서남서	253	1.6	1027.1	-	38	
2019-12-20 08:40:00	22.8	북북서	342	14.02	31.49	1.30	8.1	1.85	7.0	5.3	서남서	247	1.9	1027.2	-	60	
2019-12-20 08:45:00	26.4	북북서	341	14.14	31.48	1.58	7.6	1.94	7.0	5.6	서남서	237	2.2	1027.3	-	29	
2019-12-20 08:50:00	27.4	북북서	338	14.11	31.53	1.78	7.6	2.76	7.5	5.7	서남서	239	2.0	1027.4	-	45	
2019-12-20 08:55:00	22.7	북북서	338	14.18	31.44	1.39	7.0	1.89	7.5	5.5	서남서	237	2.0	1027.5	-	19	
2019-12-20 09:00:00	23.3	북북서	336	14.12	31.67	1.61	7.7	1.97	8.0	4.9	서남서	240	2.1	1027.5	-	42	
2019-12-20 09:05:00	31.1	북북서	343	14.46	31.56	1.75	7.7	2.38	8.0	6.3	서남서	240	2.1	1027.5	-	13	
2019-12-20 09:10:00	28.1	북북서	344	14.48	31.55	1.68	7.5	2.74	8.0	6.4	남서	236	2.3	1027.5	-	30	
2019-12-20 09:15:00	28.5	북북서	342	14.50	31.53	1.49	7.3	2.18	7.0	5.9	서남서	237	2.5	1027.5	-	25	
2019-12-20 09:20:00	24.1	북북서	341	14.57	31.57	1.66	7.6	2.04	7.5	6.6	남서	230	2.5	1027.5	-	4	
2019-12-20 09:25:00	31.6	북	349	14.55	31.56	1.64	8.0	2.18	7.5	6.7	남서	233	2.5	1027.5	-	41	
2019-12-20 09:30:00	24.1	북	351	14.53	31.57	1.64	7.4	2.27	7.0	6.4	남서	234	2.4	1027.5	-	16	
2019-12-20 09:35:00	28.3	북	353	14.48	31.52	1.49	7.5	1.71	7.5	6.3	서남서	237	2.6	1027.5	-	18	
2019-12-20 09:40:00	34.6	북	351	14.35	31.52	1.40	7.1	1.84	8.0	6.3	남서	234	2.9	1027.5	-	14	
2019-12-20 09:45:00	29.0	북	351	14.34	31.54	1.30	7.6	1.70	7.0	6.4	서남서	240	2.8	1027.6	-	42	
2019-12-20 09:50:00	28.9	북북서	348	14.28	31.51	1.44	7.9	1.98	8.5	6.3	서남서	237	2.8	1027.7	-	40	
2019-12-20 09:55:00	24.8	북	350	14.30	31.50	1.22	7.1	1.44	5.5	6.0	서남서	248	2.7	1027.7	-	59	
2019-12-20 10:00:00	28.7	북	349	14.28	31.53	1.55	7.5	1.95	9.0	5.9	남서	230	2.7	1027.7	-	63	
2019-12-20 10:05:00	27.7	북북서	347	14.35	31.56	1.35	6.9	1.86	6.5	6.2	서남서	238	3.1	1027.7	-	63	
2019-12-20 10:10:00	35.3	북	353	14.41	31.54	1.43	7.5	1.84	7.0	5.9	남서	236	2.9	1027.6	-	42	
2019-12-20 10:15:00	28.2	북	355	14.41	31.51	1.36	7.8	1.68	7.0	6.0	서남서	237	3.2	1027.7	-	11	
2019-12-20 10:20:00	26.7	북	353	14.42	31.50	1.40	7.6	1.50	8.0	5.8	남서	233	3.2	1027.7	-	8	
2019-12-20 10:25:00	30.0	북북서	348	14.38	31.55	1.63	7.3	2.10	6.5	7.0	서남서	237	3.3	1027.6	-	55	
2019-12-20 10:30:00	19.7	북	351	14.34	31.53	1.52	7.5	2.08	8.0	7.1	남서	232	3.5	1027.6	-	42	
2019-12-20 10:35:00	26.1	북	360	14.34	31.54	1.29	7.9	1.56	7.5	6.2	남서	234	3.4	1027.5	-	56	
2019-12-20 10:40:00	20.3	북북서	346	14.36	31.55	1.41	7.1	1.77	7.0	5.7	서남서	237	3.4	1027.5	-	29	
2019-12-20 10:45:00	26.1	북	354	14.39	31.57	1.66	7.7	2.24	7.5	5.9	서남서	240	3.6	1027.6	-	49	
2019-12-20 10:50:00	26.1	북	349	14.37	31.52	1.60	7.5	2.38	7.5	4.9	서남서	239	3.5	1027.5	-	23	
2019-12-20 10:55:00	21.4	북	351	14.29	31.48	1.64	7.6	2.43	7.5	4.0	서남서	250	3.7	1027.4	-	31	
2019-12-20 11:00:00	23.7	북북서	349	14.22	31.50	1.36	7.4	1.76	7.5	2.2	서북서	303	3.7	1027.4	-	72	
2019-12-20 11:05:00	19.7	북북서	341	14.18	31.49	1.24	7.4	1.61	8.5	2.9	서남서	240	3.9	1027.3	-	2	
2019-12-20 11:10:00	24.5	북	349	14.09	31.43	1.53	7.7	2.28	7.5	4.7	서남서	241	4.0	1027.2	-	40	
2019-12-20 11:15:00	22.1	북	352	14.02	31.49	1.38	7.7	1.72	7.0	4.3	남서	230	3.9	1027.2	-	60	
2019-12-20 11:20:00	22.4	북북서	346	14.00	31.44	1.14	7.0	2.08	6.5	3.7	남서	214	4.0	1027.2	-	57	
2019-12-20 11:25:00	18.6	북북서	347	13.97	31.46	1.35	8.0	2.03	7.5	3.2	남서	218	4.0	1027.1	-	44	
2019-12-20 11:30:00	20.5	북	354	13.93	31.41	1.56	7.4	2.24	7.0	2.5	남서	236	4.1	1026.9	-	10	
2019-12-20 11:35:00	23.3	북	350	13.95	31.46	1.21	7.0	1.79	7.0	2.1	서	277	4.0	1026.9	-	48	
2019-12-20 11:40:00	24.5	북	354	14.03	31.45	1.31	7.8	1.90	6.5	2.2	서	276	4.0	1026.8	-	62	
2019-12-20 11:45:00	21.0	북	5	14.11	31.51	1.28	7.4	1.59	7.0	2.5	서남서	251	4.4	1026.9	-	59	
2019-12-20 11:50:00	23.8	북	353	14.18	31.49	1.30	7.7	1.55	8.0	2.1	남서	229	4.4	1026.9	-	50	
2019-12-20 11:55:00	19.6	북	351	14.26	31.47	1.33	7.2	2.10	7.5	2.1	서	260	4.6	1027.0	-	19	
2019-12-20 12:00:00	22.0	북	354	14.26	31.50	1.32	7.5	1.91	7.0	2.3	북서	306	4.7	1026.9	-	30	
2019-12-20 12:05:00	21.1	북북서	347	14.28	31.53	1.42	7.4	1.84	7.5	1.8	서남서	256	4.7	1026.8	-	18	
2019-12-20 12:10:00	19.0	북북서	342	14.28	31.50	1.31	6.9	1.65	7.0	1.5	서	259	4.9	1026.6	-	46	
2019-12-20 12:15:00	18.8	북	357	14.26	31.50	1.42	7.1	1.68	7.0	2.5	서남서	256	5.0	1026.6	-	13	
2019-12-20 12:20:00	21.9	북북서	349	14.30	31.52	1.16	7.0	1.56	7.0	0.5	남서	216	5.2	1026.6	-	27	
2019-12-20 12:25:00	19.7	북북서	346	14.26	31.49	1.49	7.2	2.28	7.0	1.0	남남서	194	5.4	1026.6	-	19	
2019-12-20 12:30:00	21.2	북	353	14.32	31.55	1.62	7.7	2.43	7.5	0.4	남서	227	5.8	1026.5	-	61	
2019-12-20 12:35:00	20.0	북북서	347	14.32	31.52	1.10	7.4	1.47	6.5	0.3	동남동	117	6.3	1026.5	-	60	
2019-12-20 12:40:00	19.7	북북서	339	14.33	31.54	1.36	7.0	1.72	6.5	1.3	남남동	148	6.0	1026.4	-	40	
2019-12-20 12:45:00	20.4	북북서	347	14.32	31.51	1.29	7.0	1.73	6.5	1.3	남남서	209	5.7	1026.3	-	45	
2019-12-20 12:50:00	20.8	북	350	14.30	31.51	1.33	7.4	1.82	8.0	2.5	남	176	5.5	1026.3	-	57	
2019-12-20 12:55:00	21.8	북북서	344	14.34	31.51	1.56	7.3	2.20	7.5	2.5	남	176	5.5	1026.3	-	36	
2019-12-20 13:00:00	23.1	북	357	14.37	31.53	1.35	7.3	1.97	7.5	3.1	남	170	5.5	1026.2	-	17	
2019-12-20 13:05:00	19.7	북	350	14.33	31.50	1.46	7.2	1.95	7.0	2.8	남	171	5.7	1026.1	-	51	
2019-12-20 13:10:00	22.3	북	354	14.36	31.51	1.17	7.6	1.54	8.0	3.0	남남동	166	5.7	1026.1	-	54	
2019-12-20 13:15:00	21.0	북북서	345	14.36	31.52	1.30	6.9	1.61	7.0	2.8	남	184	5.9	1026.1	-	56	
2019-12-20 13:20:00	18.7	북북서	344	14.35	31.48	1.45	7.7	1.85	8.0	2.2	남	179	5.9	1026.1	-	69	
2019-12-20 13:25:00	16.9	북북서	343	14.40	31.52	1.50	7.3	2.32	7.5	2.8	남	185	6.0	1026.1	-	38	
2019-12-20 13:30:00	16.6	북북서	340	14.40	31.48	1.22	6.9	1.57	7.0	3.5	남남서	192	5.9	1026.1	-	10	
2019-12-20 13:35:00	14.6	북북서	342	14.40	31.50	1.31	6.9	2.26	6.5	2.7	남	175	6.1	1026.1	-	51	
2019-12-20 13:40:00	19.6	북북서	346	14.40	31.51	1.31	7.6	1.61	7.5	2.2	남남서	210	5.9	1026.1	-	28	
2019-12-20 13:45:00	17.8	북	351	14.39	31.47	1.56	7.3	2.19	7.5	2.0	서남서	240	6.1	1026.1	-	52	
2019-12-20 13:50:00	19.5	북북서	346	14.40	31.52	1.33	7.2	1.85	7.0	1.1	서남서	248	6.3	1026.1	-	36	
2019-12-20 13:55:00	14.6	북북서	340	14.39	31.48	1.37	7.8	1.98	7.5	0.7	서북서	296	6.3	1026.1	-	45	
2019-12-20 14:00:00	18.6	북북서	341	14.37	31.48	1.50	7.3	2.62	7.0	0.9	북서	309	6.3	1026.1	-	25	
2019-12-20 14:05:00	16.8	북북서	346	14.37	31.49	1.50	7.2	1.93	6.5	1.1	북서	311	6.1	1026.1	-	43	
2019-12-20 14:10:00	16.3	북북서	347	14.35	31.47	1.53	7.1	1.93	7.5	0.4	북서	313	6.5	1026.1	-	50	
2019-12-20 14:15:00	16.7	북북서	346	14.35	31.45	1.24	6.8	1.70	7.0	2.1	북	11	6.4	1026.0	-	48	
2019-12-20 14:20:00	16.7	북북서	345	14.34	31.48	1.59	7.6	1.99	7.5	1.5	북	357	6.0	1026.0	-	68	
2019-12-20 14:25:00	16.4	북북서	343	14.33	31.50	1.37	7.0	1.87	6.5	1.4	북	351	6.5	1026.1	-	58	
2019-12-20 14:30:00	14.0	북북서	333	14.31	31.47	1.39	7.3	2.05	6.5	2.4	북	357	6.1	1026.1	-	49	
2019-12-20 14:35:00	13.6	북북서	338	14.30	31.46	1.19	7.5	1.53	5.0	2.1	북북서	333	6.1	1026.1	-	17	
2019-12-20 14:40:00	13.3	북북서	345	14.30	31.46	1.55	7.4	1.90	7.5	0.8	서남서	254	6.4	1026.1	-	50	
2019-12-20 14:45:00	12.9	북북서	330	14.27	31.47	1.38	7.2	1.82	7.5	0.4	동남동	123	6.7	1026.1	-	36	
2019-12-20 14:50:00	15.4	북북서	343	14.31	31.48	1.57	7.0	2.53	7.0	0.3	북북서	334	7.2	1026.0	-	33	
2019-12-20 14:55:00	17.1	북북서	338	14.27	31.48	1.22	7.0	1.51	8.0	1.8	동북동	72	6.9	1025.9	-	32	
2019-12-20 15:00:00	10.2	북북서	333	14.27	31.46	1.50	7.5	2.15	7.0	1.9	동	87	6.7	1025.9	-	60	
2019-12-20 15:05:00	13.9	북북서	348	14.24	31.44	1.36	7.0	1.97	7.5	1.3	북동	42	6.8	1025.8	-	42	
2019-12-20 15:10:00	9.1	북북서	340	14.26	31.50	1.59	7.5	2.77	7.5	1.9	동북동	69	7.0	1025.8	-	61	
2019-12-20 15:15:00	8.1	북	356	14.21	31.46	1.39	7.2	1.57	8.0	2.0	동북동	67	6.9	1025.8	-	39	
2019-12-20 15:20:00	17.2	북	349	14.23	31.46	1.58	7.2	2.38	7.5	1.0	동북동	57	7.1	1025.9	-	68	
2019-12-20 15:25:00	15.7	북북서	341	14.17	31.53	1.48	7.3	1.80	7.0	1.9	북동	56	6.9	1025.9	-	61	
2019-12-20 15:30:00	23.0	북북서	341	14.22	31.49	1.45	6.9	1.86	7.0	1.6	동북동	67	7.0	1026.0	-	68	
2019-12-20 15:35:00	23.4	북북서	338	14.20	31.50	1.53	7.2	2.11	7.0	1.9	북동	56	6.9	1026.1	-	54	
2019-12-20 15:40:00	21.3	북	359	14.24	31.48	1.43	7.7	1.73	7.0	1.8	서남서	243	7.0	1026.2	-	52	
2019-12-20 15:45:00	7.0	북서	326	14.23	31.47	1.37	7.0	1.65	7.5	3.3	서남서	246	6.4	1026.1	-	32	
2019-12-20 15:50:00	11.7	북북서	341	14.23	31.45	1.54	7.2	2.19	7.5	5.9	서남서	241	6.2	1025.9	-	47	
2019-12-20 15:55:00	6.4	북북서	334	14.20	31.49	1.55	7.8	2.46	7.0	5.3	남서	229	6.2	1026.0	-	48	
2019-12-20 16:00:00	22.2	북	357	14.24	31.47	1.46	7.0	2.04	7.0	5.2	남서	234	6.1	1026.0	-	44	
2019-12-20 16:05:00	11.7	북	2	14.25	31.44	1.33	7.3	1.90	7.5	4.3	서남서	241	6.2	1026.2	-	51	
2019-12-20 16:10:00	15.7	북북서	343	14.28	31.43	1.33	7.3	1.93	7.5	4.1	서남서	245	6.2	1026.2	-	39	
2019-12-20 16:15:00	15.1	북	353	14.28	31.47	1.46	7.4	2.10	7.0	5.2	남서	228	6.1	1026.2	-	62	
2019-12-20 16:20:00	13.4	북북서	338	14.24	31.47	1.67	7.4	2.09	8.0	5.1	남서	221	5.9	1026.3	-	46	
2019-12-20 16:25:00	16.0	북북동	19	14.22	31.46	1.56	7.3	2.13	7.0	6.2	남서	227	5.7	1026.2	-	62	
2019-12-20 16:30:00	7.4	북	0	14.22	31.47	1.63	7.1	2.10	6.0	7.0	서남서	237	5.7	1026.2	-	45	
2019-12-20 16:35:00	11.0	북북동	20	14.22	31.47	1.41	7.3	1.90	8.0	7.4	서남서	240	5.5	1026.2	-	43	
2019-12-20 16:40:00	5.8	북북동	31	14.18	31.43	1.25	6.8	1.45	7.5	7.6	서남서	237	5.4	1026.2	-	40	
2019-12-20 16:45:00	7.2	북북동	23	14.15	31.45	1.45	7.3	2.40	6.5	6.7	서남서	244	5.3	1026.2	-	36	
2019-12-20 16:50:00	7.0	북북동	33	14.12	31.47	1.57	7.2	1.97	7.0	6.8	서남서	241	5.3	1026.2	-	44	
2019-12-20 16:55:00	6.3	북동	40	14.10	31.44	1.19	6.7	1.42	6.5	5.7	남서	234	5.3	1026.3	-	20	
2019-12-20 17:00:00	9.1	북북동	32	14.09	31.46	1.32	7.0	1.99	6.0	6.2	남서	234	5.1	1026.3	-	50	
2019-12-20 17:05:00	4.4	북	1	14.08	31.48	1.18	6.9	1.52	6.5	6.7	남서	227	5.0	1026.3	-	27	
2019-12-20 17:10:00	8.1	북동	51	14.05	31.46	1.57	7.3	2.14	7.0	6.3	남서	232	4.9	1026.3	-	49	
2019-12-20 17:15:00	7.4	북동	41	14.03	31.46	1.11	6.9	1.84	6.5	6.7	서남서	240	4.8	1026.3	-	22	
2019-12-20 17:20:00	7.0	북동	55	14.01	31.45	1.04	7.1	1.41	7.5	5.7	남서	234	4.8	1026.4	-	35	
2019-12-20 17:25:00	6.4	북동	43	14.00	31.45	1.46	6.9	1.65	6.5	6.2	서남서	237	4.8	1026.4	-	34	
2019-12-20 17:30:00	8.9	북동	52	14.00	31.46	1.42	7.0	1.97	6.5	5.5	남서	235	4.7	1026.4	-	39	
2019-12-20 17:35:00	6.9	동북동	68	13.99	31.44	1.06	7.0	1.33	7.5	5.9	서남서	237	4.6	1026.4	-	66	
2019-12-20 17:40:00	5.0	동	81	13.98	31.45	1.43	7.0	1.93	7.0	6.1	서남서	246	4.5	1026.4	-	31	
2019-12-20 17:45:00	7.2	북동	47	13.96	31.41	1.31	6.9	1.85	6.5	5.6	서남서	238	4.5	1026.4	-	24	
2019-12-20 17:50:00	6.5	동북동	63	13.95	31.43	1.17	6.8	1.87	6.5	5.5	서남서	238	4.5	1026.4	-	62	
2019-12-20 17:55:00	4.2	동북동	62	13.94	31.41	1.24	7.2	1.56	7.0	5.3	서남서	242	4.4	1026.4	-	35	
2019-12-20 18:00:00	6.0	북북동	31	13.92	31.41	1.30	6.9	2.21	6.5	5.6	남서	235	4.4	1026.4	-	40	
2019-12-20 18:05:00	3.0	동남동	119	13.91	31.42	1.64	7.4	2.21	6.5	5.2	남서	232	4.4	1026.4	-	48	
2019-12-20 18:10:00	3.8	동북동	76	13.89	31.44	1.47	7.4	2.02	7.0	5.2	남서	229	4.3	1026.4	-	34	
2019-12-20 18:15:00	2.8	남	178	13.89	31.43	1.28	7.8	1.75	7.5	5.4	남서	236	4.4	1026.4	-	56	
2019-12-20 18:20:00	5.1	동북동	67	13.87	31.42	1.36	7.3	1.82	7.0	5.5	서남서	238	4.3	1026.4	-	49	
2019-12-20 18:25:00	3.9	동	101	13.86	31.41	1.27	7.6	2.14	7.5	5.4	남서	234	4.3	1026.5	-	45	
2019-12-20 18:30:00	5.4	동	99	13.84	31.42	1.39	7.1	2.03	6.5	5.3	서남서	239	4.1	1026.5	-	49	
2019-12-20 18:35:00	3.4	남동	126	13.83	31.43	1.16	7.2	1.64	8.5	4.7	남서	236	4.0	1026.6	-	47	
2019-12-20 18:40:00	3.4	남동	141	13.83	31.43	1.58	7.3	2.09	8.0	4.7	서남서	239	4.0	1026.6	-	38	
2019-12-20 18:45:00	4.2	동남동	122	13.82	31.44	1.05	7.0	1.52	7.0	4.7	서남서	239	4.0	1026.6	-	49	
2019-12-20 18:50:00	4.1	남남동	159	13.83	31.44	1.30	7.4	1.74	8.0	4.5	남서	235	3.9	1026.6	-	45	
2019-12-20 18:55:00	6.4	동	98	13.81	31.44	1.51	6.9	1.92	7.0	4.4	서남서	237	3.8	1026.6	-	43	
2019-12-20 19:00:00	5.6	동남동	111	13.79	31.44	1.09	7.3	1.60	7.0	4.7	서남서	240	3.8	1026.7	-	41	
2019-12-20 19:05:00	7.6	동	92	13.73	31.42	1.24	6.9	1.58	6.5	4.5	서남서	238	3.8	1026.7	-	38	
2019-12-20 19:10:00	7.6	남동	128	13.72	31.43	0.97	7.1	1.13	8.0	4.7	서남서	241	3.8	1026.7	-	24	
2019-12-20 19:15:00	7.0	남동	129	13.70	31.45	1.25	7.0	1.76	6.5	4.9	서남서	250	3.8	1026.7	-	17	
2019-12-20 19:20:00	8.0	남동	144	13.73	31.48	1.28	6.8	1.69	7.5	4.7	서남서	243	3.7	1026.7	-	48	
2019-12-20 19:25:00	7.8	남남동	166	13.77	31.43	1.26	7.2	1.79	6.5	4.6	서남서	237	3.8	1026.7	-	46	
2019-12-20 19:30:00	4.2	남동	145	13.71	31.40	1.30	7.5	1.84	7.5	4.8	서남서	238	3.5	1026.7	-	44	
2019-12-20 19:35:00	4.1	남동	131	13.65	31.39	1.33	7.3	1.58	6.0	5.4	서남서	244	3.6	1026.6	-	49	
2019-12-20 19:40:00	7.7	남동	133	13.65	31.42	1.23	7.0	1.65	7.5	5.4	서남서	240	3.6	1026.6	-	63	
2019-12-20 19:45:00	3.7	남동	138	13.65	31.40	1.20	6.9	1.77	7.0	5.5	남서	236	3.4	1026.7	-	52	
2019-12-20 19:50:00	6.7	남남동	154	13.65	31.41	1.31	7.4	1.63	6.5	5.1	남서	228	3.3	1026.8	-	52	
2019-12-20 19:55:00	5.5	남남동	150	13.65	31.43	1.46	7.1	2.06	7.5	5.3	서남서	241	3.5	1026.8	-	33	
2019-12-20 20:00:00	3.0	남남동	159	13.65	31.39	1.31	7.1	1.76	7.5	5.6	서남서	244	3.3	1026.8	-	35	
2019-12-20 20:05:00	4.2	남남동	152	13.63	31.43	1.22	7.3	1.62	8.0	5.6	서남서	239	3.3	1026.8	-	28	
2019-12-20 20:10:00	11.0	동남동	113	13.52	31.40	1.10	6.7	1.62	7.0	5.2	서남서	242	3.3	1026.9	-	54	
2019-12-20 20:15:00	8.4	남동	125	13.53	31.40	1.31	7.2	1.78	7.5	5.4	서남서	243	3.2	1026.8	-	49	
2019-12-20 20:20:00	8.5	남동	133	13.55	31.37	1.01	6.9	1.24	7.5	5.4	서남서	241	3.1	1026.8	-	18	
2019-12-20 20:25:00	8.9	동남동	122	13.49	31.37	1.36	7.8	1.95	8.5	5.7	서남서	242	3.2	1026.8	-	36	
2019-12-20 20:30:00	10.1	남동	133	13.50	31.39	1.20	7.3	1.54	7.0	5.5	서남서	252	3.1	1026.7	-	41	
2019-12-20 20:35:00	9.5	남남동	149	13.51	31.41	1.20	7.1	1.52	7.5	5.7	서남서	246	3.0	1026.8	-	51	
2019-12-20 20:40:00	7.6	남남동	160	13.55	31.39	1.28	7.2	1.66	6.5	6.0	서남서	248	2.9	1026.8	-	42	
2019-12-20 20:45:00	7.7	남	171	13.57	31.40	1.46	7.6	1.85	8.0	5.8	서남서	249	2.9	1026.8	-	47	
2019-12-20 20:50:00	4.4	남동	127	13.56	31.39	1.54	7.4	2.05	6.5	6.0	서남서	249	3.1	1026.8	-	53	
2019-12-20 20:55:00	4.2	남동	139	13.57	31.40	1.20	7.9	1.44	7.5	6.2	서남서	251	3.1	1026.7	-	51	
2019-12-20 21:00:00	4.5	남남동	149	13.55	31.42	1.01	7.5	1.37	7.5	6.6	서남서	252	3.1	1026.7	-	44	
2019-12-20 21:05:00	5.8	남동	130	13.58	31.42	1.42	7.5	2.09	8.0	6.5	서남서	250	3.0	1026.6	-	65	
2019-12-20 21:10:00	5.5	남	176	13.60	31.42	1.12	7.3	1.60	6.5	6.2	서남서	247	3.0	1026.7	-	47	
2019-12-20 21:15:00	8.0	남남서	192	13.61	31.42	1.32	7.5	1.57	8.0	5.9	서남서	246	2.9	1026.7	-	33	
2019-12-20 21:20:00	6.3	남남동	153	13.61	31.42	1.27	7.5	1.67	8.5	6.0	서남서	246	2.9	1026.7	-	42	
2019-12-20 21:25:00	3.7	남남동	164	13.59	31.41	1.17	7.7	1.74	7.5	5.9	서남서	253	2.8	1026.8	-	45	
2019-12-20 21:30:00	1.7	남	182	13.58	31.40	1.26	7.3	1.66	6.5	6.7	서남서	249	2.8	1026.7	-	59	
2019-12-20 21:35:00	1.8	남남서	211	13.58	31.42	1.14	7.2	1.41	7.0	6.8	서남서	248	2.8	1026.6	-	44	
2019-12-20 21:40:00	3.5	서북서	289	13.58	31.42	0.94	6.7	1.38	6.0	6.5	서남서	245	3.1	1026.7	-	35	
2019-12-20 21:45:00	3.9	남서	222	13.59	31.42	1.06	6.8	1.50	6.0	6.3	서남서	238	3.1	1026.9	-	44	
2019-12-20 21:50:00	2.6	서	268	13.58	31.40	1.25	7.0	1.82	7.5	6.4	남서	234	3.0	1027.0	-	37	
2019-12-20 21:55:00	1.3	남남서	213	13.58	31.40	1.09	7.0	1.27	7.5	5.9	남서	235	3.1	1027.0	-	46	
2019-12-20 22:00:00	3.5	남남서	206	13.58	31.41	1.32	8.0	1.75	7.0	5.8	남서	232	2.9	1027.1	-	32	
2019-12-20 22:05:00	4.3	남남서	195	13.57	31.40	1.19	7.3	1.48	7.5	6.6	남서	234	3.2	1027.1	-	44	
2019-12-20 22:10:00	3.5	남남서	209	13.56	31.39	1.11	7.5	1.63	7.5	7.1	남서	233	3.2	1027.1	-	25	
2019-12-20 22:15:00	2.3	서남서	250	13.55	31.40	1.07	6.9	1.53	6.5	7.3	서남서	240	3.2	1027.1	-	58	
2019-12-20 22:20:00	4.0	서남서	238	13.54	31.41	1.09	7.3	1.95	7.0	7.4	서남서	238	3.4	1027.2	-	41	
2019-12-20 22:25:00	3.1	서	264	13.54	31.40	1.00	7.3	1.24	7.5	7.9	남서	234	3.2	1027.2	-	25	
2019-12-20 22:30:00	1.6	동남동	106	13.52	31.38	1.03	7.0	1.24	7.5	7.8	남서	231	3.1	1027.3	-	25	
2019-12-20 22:35:00	1.9	북동	38	13.52	31.41	1.24	7.5	1.61	7.0	7.1	남서	231	3.1	1027.4	-	38	
2019-12-20 22:40:00	2.9	북북서	331	13.51	31.41	0.97	7.0	1.49	7.0	7.7	남서	232	3.1	1027.4	-	43	
2019-12-20 22:45:00	2.8	서	269	13.54	31.45	1.04	7.6	1.35	8.0	8.0	남서	235	3.0	1027.4	-	41	
2019-12-20 22:50:00	3.9	북서	309	13.58	31.42	0.99	7.2	1.35	7.5	8.3	서남서	237	3.1	1027.4	-	24	
2019-12-20 22:55:00	3.9	서북서	293	13.55	31.46	0.95	7.4	1.48	6.0	8.8	남서	235	2.8	1027.4	-	33	
2019-12-20 23:00:00	3.7	북북동	21	13.57	31.39	1.11	7.3	1.60	6.5	9.0	서남서	237	3.0	1027.4	-	34	
2019-12-20 23:05:00	4.1	서북서	282	13.53	31.41	0.95	7.5	1.23	7.0	10.4	서남서	238	3.1	1027.3	-	43	
2019-12-20 23:10:00	5.3	북북서	337	13.58	31.54	1.16	8.1	1.41	6.0	10.3	서남서	239	3.2	1027.4	-	33	
2019-12-20 23:15:00	8.6	북북서	330	13.67	31.35	1.08	7.7	1.89	7.0	9.7	서남서	241	3.1	1027.6	-	38	
2019-12-20 23:20:00	5.1	북서	307	13.69	31.44	1.05	7.6	1.68	7.0	9.7	서남서	244	3.0	1027.6	-	41	
2019-12-20 23:25:00	15.7	북서	313	13.88	31.39	1.13	7.8	1.53	8.0	9.6	서남서	241	3.1	1027.6	-	47	
2019-12-20 23:30:00	7.6	북	1	13.54	31.42	1.03	7.3	1.66	7.5	8.5	서남서	243	2.9	1027.6	-	34	
2019-12-20 23:35:00	17.0	북북서	333	13.66	31.90	0.86	7.8	1.10	7.5	8.9	남서	233	2.9	1027.6	-	55	
2019-12-20 23:40:00	23.8	북북서	327	14.56	31.60	0.97	7.6	1.38	8.0	8.9	남서	232	3.3	1027.6	-	71	
2019-12-20 23:45:00	19.5	북북서	341	14.61	31.55	0.97	7.5	1.28	7.0	9.6	남서	229	3.2	1027.4	-	26	
2019-12-20 23:50:00	19.2	북북서	330	14.55	31.55	0.89	7.3	1.18	8.5	9.9	남서	223	3.0	1027.5	-	69	
2019-12-20 23:55:00	27.3	북북서	345	14.53	31.53	1.20	7.6	1.68	7.5	10.1	남서	217	3.0	1027.4	-	32	
2019-12-21 00:00:00	23.5	북북서	343	14.51	31.37	1.01	7.2	1.32	7.5	9.5	남남서	210	3.0	1027.4	-	35	
2019-12-21 00:05:00	24.0	북북서	337	14.54	31.49	0.82	6.8	1.13	7.0	7.5	남남서	207	2.6	1027.6	-	51	
2019-12-21 00:10:00	27.3	북북서	345	14.50	31.52	0.96	7.5	1.32	7.0	4.9	남남서	208	2.5	1027.8	-	55	
2019-12-21 00:15:00	22.3	북북서	335	14.47	31.51	1.02	8.0	1.49	7.0	4.1	남남서	208	2.4	1027.7	-	31	
2019-12-21 00:20:00	22.1	북북서	336	14.40	31.48	1.03	7.5	1.62	7.0	3.3	남서	220	2.3	1027.5	-	59	
2019-12-21 00:25:00	23.3	북북서	341	14.35	31.50	0.92	7.2	1.09	7.5	4.1	남남서	206	2.3	1027.4	-	43	
2019-12-21 00:30:00	22.2	북북서	336	14.36	31.54	0.81	7.7	1.17	8.0	4.3	남남서	205	2.4	1027.4	-	37	
2019-12-21 00:35:00	21.0	북북서	337	14.43	31.56	1.04	7.6	1.26	7.0	3.8	남서	224	2.2	1027.4	-	44	
2019-12-21 00:40:00	22.0	북북서	339	14.44	31.52	1.08	7.1	1.40	7.0	3.7	남서	214	2.3	1027.4	-	39	
2019-12-21 00:45:00	22.8	북북서	343	14.48	31.53	0.93	7.6	1.19	7.0	3.4	남서	217	2.1	1027.4	-	33	
2019-12-21 00:50:00	19.1	북북서	341	14.46	31.54	0.74	7.4	1.24	7.5	3.4	남남서	209	2.0	1027.4	-	71	
2019-12-21 00:55:00	22.7	북북서	341	14.46	31.51	0.82	7.5	1.26	8.0	3.8	남남서	204	2.1	1027.4	-	33	
2019-12-21 01:00:00	24.6	북북서	344	14.45	31.58	0.91	8.0	1.14	7.5	4.1	남서	227	2.1	1027.4	-	39	
2019-12-21 01:05:00	20.8	북북서	337	14.47	31.51	0.95	7.3	1.17	7.0	4.3	서남서	244	2.0	1027.4	-	39	
2019-12-21 01:10:00	19.4	북북서	337	14.44	31.49	0.86	7.2	1.36	7.0	3.4	서남서	240	1.9	1027.4	-	32	
2019-12-21 01:15:00	23.7	북북서	340	14.37	31.49	0.88	7.9	1.23	8.0	4.5	남서	223	1.9	1027.3	-	34	
2019-12-21 01:20:00	24.4	북북서	341	14.35	31.50	0.78	7.3	0.97	7.5	5.3	남서	229	1.9	1027.2	-	55	
2019-12-21 01:25:00	25.3	북북서	335	14.42	31.50	0.73	7.8	1.16	8.0	6.9	남서	229	2.1	1027.1	-	350	
2019-12-21 01:30:00	24.5	북북서	336	14.47	31.49	0.86	7.4	1.12	7.5	6.3	남서	223	2.0	1027.0	-	13	
2019-12-21 01:35:00	26.0	북북서	339	14.50	31.44	1.00	8.0	1.45	8.0	6.7	남서	225	2.0	1026.9	-	23	
2019-12-21 01:40:00	24.9	북북서	345	14.49	31.47	0.99	7.4	1.31	7.0	6.7	남서	226	2.2	1027.0	-	37	
2019-12-21 01:45:00	24.0	북북서	344	14.50	31.56	0.96	7.6	1.37	8.0	7.6	남서	223	2.3	1026.9	-	63	
2019-12-21 01:50:00	21.3	북북서	342	14.53	31.56	0.80	7.4	0.96	7.0	6.3	남서	228	2.1	1026.9	-	17	
2019-12-21 01:55:00	20.9	북북서	341	14.54	31.56	0.84	7.1	1.43	7.0	5.7	남서	227	2.1	1026.8	-	5	
2019-12-21 02:00:00	20.8	북북서	337	14.51	31.56	0.81	7.7	1.32	7.5	5.9	남서	230	2.2	1026.8	-	11	
2019-12-21 02:05:00	23.7	북북서	340	14.52	31.60	0.91	7.6	1.17	7.5	5.7	서남서	237	2.3	1026.8	-	53	
2019-12-21 02:10:00	23.5	북북서	335	14.53	31.54	0.90	7.1	1.06	8.0	6.1	남서	227	2.2	1026.8	-	21	
2019-12-21 02:15:00	21.9	북북서	345	14.52	31.56	0.85	7.4	0.97	7.0	6.3	남서	234	2.3	1027.0	-	44	
2019-12-21 02:20:00	22.3	북북서	333	14.55	31.57	0.87	7.4	1.46	7.5	5.8	남서	234	2.2	1027.1	-	10	
2019-12-21 02:25:00	18.8	북북서	330	14.60	31.62	0.98	7.4	1.29	6.5	6.0	서남서	240	2.2	1026.9	-	70	
2019-12-21 02:30:00	23.1	북북서	336	14.58	31.58	1.00	7.6	1.67	7.5	6.9	남서	233	2.2	1026.7	-	36	
2019-12-21 02:35:00	21.4	북북서	334	14.57	31.58	0.80	7.4	1.12	8.0	6.1	남서	233	2.0	1026.8	-	43	
2019-12-21 02:40:00	-	-	-	-	-	-	-	-	-	-	-	-	-	-	-	-	
2019-12-21 02:45:00	20.7	북북서	342	14.56	31.59	0.77	6.0	1.54	6.0	4.7	남서	232	1.9	1027.1	-	43	
2019-12-21 02:50:00	17.9	북북서	337	14.59	31.58	0.90	7.1	1.24	7.0	5.7	남서	233	1.9	1027.1	-	39	
2019-12-21 02:55:00	21.0	북북서	333	14.67	31.61	1.01	7.4	1.24	7.5	5.8	남서	228	1.6	1027.1	-	31	
2019-12-21 03:00:00	20.7	북서	322	14.71	31.59	1.04	7.8	1.61	7.5	5.0	남서	226	1.3	1027.1	-	56	
2019-12-21 03:05:00	21.7	북북서	328	14.70	31.59	0.87	7.8	1.26	7.5	5.4	남서	233	1.6	1027.0	-	33	
2019-12-21 03:10:00	20.2	북북서	326	14.69	31.61	0.84	7.8	1.29	6.5	5.5	남서	233	1.5	1026.9	-	43	
2019-12-21 03:15:00	20.3	북서	325	14.66	31.58	0.94	7.4	1.37	7.5	5.8	남서	233	1.5	1026.7	-	45	
2019-12-21 03:20:00	18.7	북북서	337	14.63	31.62	0.88	7.5	1.00	9.0	5.9	남서	230	1.5	1026.6	-	57	
2019-12-21 03:25:00	18.9	북북서	333	14.62	31.59	0.73	7.0	1.00	7.0	6.0	남서	236	1.6	1026.6	-	53	
2019-12-21 03:30:00	20.2	북북서	337	14.58	31.58	0.66	7.5	0.94	6.5	5.3	서남서	238	1.6	1026.7	-	66	
2019-12-21 03:35:00	21.5	북북서	338	14.63	31.60	0.84	6.8	0.94	6.0	5.7	서남서	237	1.4	1026.7	-	61	
2019-12-21 03:40:00	18.2	북북서	328	14.66	31.58	0.62	7.1	0.78	6.0	4.8	남서	236	1.2	1026.5	-	37	
2019-12-21 03:45:00	18.2	북북서	332	14.62	31.56	0.73	7.2	1.00	7.5	6.2	남서	232	1.5	1026.5	-	36	
2019-12-21 03:50:00	23.2	북북서	335	14.63	31.60	0.97	7.5	1.25	6.5	7.3	남서	236	1.5	1026.7	-	46	
2019-12-21 03:55:00	21.2	북북서	339	14.63	31.57	0.76	7.8	1.12	7.0	6.4	남서	232	1.2	1026.8	-	41	
2019-12-21 04:00:00	19.0	북북서	337	14.61	31.55	0.78	6.8	0.96	6.5	4.2	남서	235	0.7	1026.7	-	57	
2019-12-21 04:05:00	23.0	북북서	332	14.77	31.62	0.77	6.7	1.06	6.5	3.3	남서	227	0.6	1026.5	-	36	
2019-12-21 04:10:00	22.1	북북서	336	14.76	31.60	0.61	7.3	0.76	7.0	4.6	남서	218	0.7	1026.6	-	24	
2019-12-21 04:15:00	24.9	북북서	336	14.75	31.65	0.88	7.0	1.33	6.0	4.8	서남서	238	1.0	1026.5	-	57	
2019-12-21 04:20:00	25.1	북북서	330	14.77	31.61	0.82	7.6	1.41	6.5	6.1	서남서	246	1.0	1026.6	-	34	
2019-12-21 04:25:00	24.5	북북서	336	14.79	31.63	0.91	7.0	1.35	6.5	6.8	서남서	246	1.3	1026.5	-	56	
2019-12-21 04:30:00	21.7	북북서	337	14.73	31.63	0.92	7.1	1.11	7.0	7.7	서남서	244	1.0	1026.7	-	39	
2019-12-21 04:35:00	25.5	북북서	337	14.74	31.61	0.69	7.2	0.88	7.5	6.3	서남서	247	0.8	1026.7	-	52	
2019-12-21 04:40:00	21.0	북북서	340	14.73	31.59	0.77	6.8	1.31	7.0	6.1	서남서	248	0.9	1026.7	-	57	
2019-12-21 04:45:00	21.5	북북서	337	14.70	31.59	0.69	6.5	0.98	6.5	6.5	서남서	244	0.9	1026.7	-	7	
2019-12-21 04:50:00	23.3	북북서	336	14.74	31.61	0.86	7.4	1.16	7.0	6.8	남서	234	1.0	1026.6	-	37	
2019-12-21 04:55:00	22.1	북북서	334	14.71	31.59	0.72	7.0	0.93	6.5	7.8	서남서	238	1.0	1026.4	-	17	
2019-12-21 05:00:00	20.1	북북서	342	14.72	31.61	0.86	6.9	1.14	6.5	6.4	서남서	239	0.7	1026.5	-	37	
2019-12-21 05:05:00	19.1	북북서	339	14.73	31.59	0.70	6.6	1.28	7.0	6.1	서남서	239	0.6	1026.6	-	50	
2019-12-21 05:10:00	20.5	북북서	343	14.72	31.64	0.78	6.5	1.02	6.5	5.8	남서	227	0.5	1026.7	-	27	
2019-12-21 05:15:00	19.2	북북서	340	14.70	31.62	0.77	7.1	0.92	7.0	6.0	남서	230	0.5	1026.6	-	51	
2019-12-21 05:20:00	19.5	북북서	343	14.66	31.61	0.72	6.5	0.91	7.0	5.9	남서	227	0.4	1026.6	-	29	
2019-12-21 05:25:00	20.1	북북서	341	14.61	31.60	0.78	7.0	0.91	6.0	5.7	남서	227	0.5	1026.6	-	24	
2019-12-21 05:30:00	18.4	북북서	348	14.60	31.58	0.68	6.9	0.77	7.5	6.2	남서	224	0.5	1026.5	-	64	
2019-12-21 05:35:00	19.3	북북서	348	14.56	31.60	0.85	7.0	1.15	6.5	6.5	남서	225	0.3	1026.5	-	47	
2019-12-21 05:40:00	19.6	북북서	331	14.59	31.59	0.81	6.8	1.10	6.0	6.4	남서	227	0.4	1026.5	-	19	
2019-12-21 05:45:00	22.6	북북서	339	14.56	31.57	0.71	6.4	0.91	6.0	5.8	남서	227	0.4	1026.6	-	55	
2019-12-21 05:50:00	22.5	북북서	340	14.57	31.57	0.72	6.5	0.84	7.5	5.7	남서	232	0.7	1026.6	-	29	
2019-12-21 05:55:00	19.2	북북서	340	14.56	31.60	0.74	6.8	1.09	6.5	7.1	남서	229	0.9	1026.6	-	30	
2019-12-21 06:00:00	23.9	북북서	335	14.57	31.61	0.84	6.7	1.10	5.5	6.8	남서	232	1.2	1026.6	-	37	
2019-12-21 06:05:00	22.1	북북서	332	14.56	31.59	0.84	6.4	1.16	6.5	8.1	남서	233	1.2	1026.6	-	28	
2019-12-21 06:10:00	22.5	북북서	336	14.54	31.55	0.79	6.8	1.18	6.0	7.8	남서	234	0.9	1026.7	-	40	
2019-12-21 06:15:00	22.6	북북서	345	14.51	31.53	0.75	7.1	1.09	7.0	8.1	남서	235	0.9	1026.7	-	19	
2019-12-21 06:20:00	22.5	북북서	343	14.51	31.57	0.75	6.8	1.00	6.0	8.4	남서	236	0.9	1026.7	-	83	
2019-12-21 06:25:00	22.5	북북서	336	14.54	31.58	0.67	6.4	0.87	6.5	8.3	서남서	238	1.0	1026.7	-	16	
2019-12-21 06:30:00	23.4	북북서	335	14.54	31.55	0.77	6.8	0.93	6.0	8.4	남서	235	1.0	1026.7	-	4	
2019-12-21 06:35:00	20.1	북북서	333	14.55	31.57	0.76	6.6	0.97	7.0	8.8	남서	229	1.0	1026.7	-	50	
2019-12-21 06:40:00	23.2	북북서	337	14.56	31.57	0.63	7.3	0.76	6.5	8.5	남서	231	1.1	1026.7	-	51	
2019-12-21 06:45:00	22.9	북북서	337	14.56	31.60	0.62	6.4	0.91	7.5	7.8	남서	232	0.9	1026.8	-	348	
2019-12-21 06:50:00	21.9	북북서	346	14.56	31.57	0.74	6.1	1.10	7.0	7.5	남서	227	1.0	1026.9	-	13	
2019-12-21 06:55:00	23.2	북북서	334	14.55	31.59	0.62	6.1	0.87	6.0	6.7	남서	227	0.8	1027.0	-	46	
2019-12-21 07:00:00	23.0	북북서	333	14.58	31.60	0.73	6.3	1.01	6.0	6.1	남서	223	0.7	1027.1	-	49	
2019-12-21 07:05:00	23.7	북북서	331	14.59	31.59	0.75	6.5	1.04	6.0	5.5	남서	228	0.8	1027.2	-	44	
2019-12-21 07:10:00	20.9	북북서	330	14.61	31.61	0.71	6.5	0.95	6.0	5.5	남서	227	0.6	1027.2	-	46	
2019-12-21 07:15:00	23.1	북북서	337	14.62	31.60	0.73	6.9	1.01	7.0	5.7	남서	218	0.9	1027.2	-	43	
2019-12-21 07:20:00	24.7	북북서	339	14.63	31.65	0.59	6.7	0.76	5.5	5.9	남서	218	0.8	1027.3	-	52	
2019-12-21 07:25:00	24.0	북북서	334	14.64	31.64	0.64	6.4	0.79	6.0	6.6	남서	223	0.8	1027.3	-	40	
2019-12-21 07:30:00	22.4	북북서	329	14.65	31.65	0.61	6.8	0.86	6.0	6.8	남서	222	1.1	1027.3	-	69	
2019-12-21 07:35:00	21.7	북북서	336	14.63	31.61	0.80	6.5	1.18	6.0	7.1	남서	220	1.0	1027.4	-	30	
2019-12-21 07:40:00	25.0	북북서	336	14.65	31.61	0.65	6.9	0.96	5.0	5.9	남서	226	0.7	1027.5	-	4	
2019-12-21 07:45:00	17.9	북북서	333	14.63	31.58	0.65	6.0	0.89	6.5	4.4	남서	226	1.0	1027.6	-	32	
2019-12-21 07:50:00	24.0	북북서	334	14.63	31.63	0.75	6.5	1.12	6.5	6.2	남서	225	1.1	1027.4	-	47	
2019-12-21 07:55:00	20.6	북북서	330	14.67	31.62	0.67	6.7	0.87	6.0	7.0	남서	222	0.9	1027.3	-	48	
2019-12-21 08:00:00	24.5	북북서	339	14.64	31.61	0.80	6.5	1.02	5.5	6.1	남서	219	1.2	1027.3	-	37	
2019-12-21 08:05:00	20.3	북북서	334	14.67	31.62	0.77	6.8	0.90	7.0	5.9	남서	224	1.3	1027.3	-	38	
2019-12-21 08:10:00	25.2	북북서	332	14.65	31.60	0.56	6.0	0.72	6.0	5.3	남서	229	1.2	1027.4	-	50	
2019-12-21 08:15:00	19.4	북북서	337	14.61	31.61	0.72	6.1	0.99	6.5	5.9	남서	231	1.3	1027.3	-	33	
2019-12-21 08:20:00	24.8	북북서	340	14.60	31.64	0.64	6.4	0.84	7.0	5.8	남서	228	1.2	1027.3	-	37	
2019-12-21 08:25:00	22.8	북북서	340	14.58	31.62	0.73	6.5	1.05	7.0	5.7	남서	228	1.3	1027.3	-	80	
2019-12-21 08:30:00	23.3	북북서	344	14.59	31.63	0.73	6.4	1.01	6.0	5.6	남서	232	1.2	1027.3	-	44	
2019-12-21 08:35:00	22.4	북북서	347	14.61	31.65	0.68	6.3	0.88	6.5	5.8	남서	231	1.2	1027.3	-	29	
2019-12-21 08:40:00	24.8	북북서	346	14.68	31.63	0.54	5.6	0.88	6.0	5.5	남서	236	1.4	1027.4	-	43	
2019-12-21 08:45:00	26.9	북	351	14.78	31.68	0.81	6.3	1.05	6.5	5.2	남서	229	1.6	1027.4	-	6	
2019-12-21 08:50:00	26.9	북북서	339	14.84	31.65	0.75	6.8	1.21	6.5	5.0	남서	235	1.7	1027.4	-	57	
2019-12-21 08:55:00	27.1	북북서	344	14.87	31.65	0.62	5.9	1.22	6.5	5.3	남서	224	1.8	1027.4	-	21	
2019-12-21 09:00:00	26.2	북북서	339	14.88	31.65	0.70	6.5	1.03	5.5	6.1	남서	232	1.9	1027.4	-	10	
2019-12-21 09:05:00	25.3	북북서	339	14.87	31.68	0.80	6.4	1.17	6.5	6.9	남서	227	1.9	1027.4	-	34	
2019-12-21 09:10:00	26.5	북북서	346	14.87	31.75	0.65	6.4	0.87	6.5	6.8	남서	227	1.9	1027.4	-	43	
2019-12-21 09:15:00	26.2	북북서	340	14.93	31.69	0.68	6.3	1.15	6.0	7.4	남서	235	2.2	1027.5	-	14	
2019-12-21 09:20:00	22.5	북북서	338	14.93	31.67	0.63	6.2	1.00	6.5	7.9	남서	229	2.3	1027.4	-	9	
2019-12-21 09:25:00	26.7	북북서	342	14.92	31.70	0.72	6.5	1.11	6.5	7.3	남서	229	2.3	1027.4	-	30	
2019-12-21 09:30:00	27.6	북북서	340	14.94	31.69	0.61	6.8	0.74	6.5	6.3	서남서	237	2.3	1027.5	-	37	
2019-12-21 09:35:00	26.7	북북서	347	14.91	31.68	0.65	5.9	1.00	5.5	4.7	남서	227	2.0	1027.5	-	43	
2019-12-21 09:40:00	23.3	북북서	343	14.91	31.66	0.69	6.0	0.85	6.5	4.8	남서	226	2.3	1027.4	-	31	
2019-12-21 09:45:00	27.8	북북서	332	14.91	31.68	0.63	6.0	0.88	6.0	4.0	남서	231	2.3	1027.4	-	32	
2019-12-21 09:50:00	30.5	북북서	343	14.91	31.67	0.69	6.1	0.86	6.0	4.5	남서	225	2.4	1027.2	-	32	
2019-12-21 09:55:00	28.1	북북서	339	14.91	31.69	0.67	6.4	0.90	6.5	5.5	남서	230	2.5	1027.0	-	10	
2019-12-21 10:00:00	29.0	북북서	339	14.93	31.69	0.69	6.3	0.87	6.0	5.7	남서	227	2.7	1026.8	-	29	
2019-12-21 10:05:00	28.8	북북서	336	14.89	31.66	0.67	6.2	1.01	5.5	5.6	남서	226	3.0	1026.9	-	47	
2019-12-21 10:10:00	27.8	북북서	332	14.92	31.67	0.60	5.8	0.85	5.0	5.3	남서	233	2.9	1026.9	-	20	
2019-12-21 10:15:00	28.4	북북서	338	14.89	31.64	0.60	6.0	0.97	6.0	6.6	남서	235	3.0	1026.7	-	24	
2019-12-21 10:20:00	28.4	북북서	336	14.92	31.69	0.69	6.2	0.85	5.5	5.4	남서	233	3.3	1026.8	-	24	
2019-12-21 10:25:00	25.0	북북서	339	14.90	31.65	0.64	6.1	0.86	6.0	5.5	남서	234	3.3	1026.8	-	24	
2019-12-21 10:30:00	27.1	북북서	334	14.92	31.68	0.69	5.8	0.95	5.5	5.9	남서	229	3.3	1026.7	-	10	
2019-12-21 10:35:00	26.5	북북서	338	14.97	31.68	0.62	6.1	0.90	7.0	5.4	남서	235	3.3	1026.6	-	6	
2019-12-21 10:40:00	29.1	북북서	337	15.00	31.71	0.70	6.0	0.94	5.5	5.3	서남서	243	3.4	1026.5	-	47	
2019-12-21 10:45:00	26.6	북북서	340	15.03	31.72	0.65	6.3	0.84	5.5	5.3	서남서	237	3.5	1026.4	-	41	
2019-12-21 10:50:00	28.6	북북서	339	15.05	31.70	0.69	6.1	0.95	6.0	4.4	남서	232	3.8	1026.3	-	27	
2019-12-21 10:55:00	28.4	북북서	338	15.08	31.71	0.76	5.7	1.23	5.5	4.6	남서	222	3.9	1026.2	-	15	
2019-12-21 11:00:00	25.3	북북서	346	15.09	31.69	0.62	6.1	1.04	5.5	4.4	남서	233	4.0	1026.1	-	8	
2019-12-21 11:05:00	25.8	북북서	346	15.11	31.70	0.60	5.9	0.80	6.0	5.2	남서	228	4.2	1026.0	-	3	
2019-12-21 11:10:00	24.4	북북서	348	15.11	31.73	0.65	6.1	0.83	5.5	6.5	남서	233	4.3	1025.9	-	41	
2019-12-21 11:15:00	25.2	북북서	340	15.13	31.70	0.67	6.3	1.00	6.0	5.6	남서	220	4.2	1025.8	-	43	
2019-12-21 11:20:00	26.2	북북서	343	15.10	31.70	0.58	5.9	1.07	6.5	6.4	남서	220	4.3	1025.8	-	37	
2019-12-21 11:25:00	24.5	북북서	349	15.07	31.70	0.64	5.7	0.86	6.0	6.9	남서	218	4.5	1025.6	-	23	
2019-12-21 11:30:00	27.8	북북서	348	15.05	31.70	0.75	6.2	1.00	5.5	7.0	남서	215	4.5	1025.5	-	18	
2019-12-21 11:35:00	26.0	북	349	15.02	31.68	0.67	6.3	0.85	6.0	6.9	남서	214	4.7	1025.4	-	12	
2019-12-21 11:40:00	24.5	북북서	345	15.03	31.69	0.54	6.0	0.77	5.5	5.8	남남서	213	4.9	1025.3	-	352	
2019-12-21 11:45:00	23.9	북북서	343	15.02	31.68	0.52	5.7	0.81	6.0	5.3	남남서	203	4.9	1025.2	-	26	
2019-12-21 11:50:00	23.3	북	351	15.00	31.66	0.59	5.6	0.71	7.0	5.0	남남서	206	5.0	1025.1	-	34	
2019-12-21 11:55:00	25.5	북	351	14.97	31.69	0.62	5.7	0.94	6.0	4.4	남남서	208	5.1	1025.1	-	7	
2019-12-21 12:00:00	25.0	북북서	346	14.97	31.67	0.66	5.9	1.10	6.5	4.9	남남서	196	5.2	1025.0	-	18	
2019-12-21 12:05:00	24.4	북북서	345	14.97	31.70	0.57	6.2	0.85	5.5	4.2	남남서	213	5.4	1025.1	-	36	
2019-12-21 12:10:00	24.2	북	351	15.02	31.68	0.64	5.9	1.00	6.0	3.7	남	191	5.5	1024.8	-	14	
2019-12-21 12:15:00	25.7	북북서	344	15.06	31.66	0.53	5.5	0.66	5.0	4.1	남	181	5.8	1024.7	-	35	
2019-12-21 12:20:00	26.7	북	350	15.03	31.67	0.55	5.8	0.69	5.5	3.5	남남동	165	6.0	1024.5	-	21	
2019-12-21 12:25:00	26.0	북	356	15.06	31.71	0.67	5.9	1.00	6.0	3.3	남	173	6.0	1024.5	-	23	
2019-12-21 12:30:00	23.7	북북서	348	15.07	31.70	0.64	5.9	0.86	5.5	3.7	남남동	161	6.2	1024.3	-	18	
2019-12-21 12:35:00	27.4	북북서	342	15.08	31.70	0.72	6.1	1.14	5.5	3.3	남	172	6.3	1024.4	-	59	
2019-12-21 12:40:00	28.5	북북서	347	15.10	31.70	0.59	5.8	0.96	5.0	3.3	남남동	157	6.3	1024.2	-	8	
2019-12-21 12:45:00	24.6	북	352	15.07	31.70	0.56	6.0	0.66	6.5	3.0	남	173	6.1	1024.3	-	74	
2019-12-21 12:50:00	26.8	북북서	347	15.08	31.72	0.61	5.9	0.76	7.5	2.9	남	178	6.2	1024.2	-	4	
2019-12-21 12:55:00	30.9	북북서	347	15.07	31.70	0.56	5.9	0.99	7.5	1.8	남	170	6.4	1024.2	-	52	
2019-12-21 13:00:00	28.2	북북서	344	15.11	31.74	0.64	6.3	0.83	6.5	2.3	남	173	6.4	1024.2	-	2	
2019-12-21 13:05:00	29.8	북북서	341	15.14	31.70	0.63	6.2	1.22	5.5	3.1	남남동	162	6.4	1024.0	-	21	
2019-12-21 13:10:00	29.4	북북서	339	15.15	31.70	0.53	5.6	0.70	6.5	3.1	남	191	6.3	1024.0	-	16	
2019-12-21 13:15:00	29.5	북북서	345	15.12	31.70	0.58	5.9	0.86	6.5	3.7	남	171	6.5	1024.0	-	27	
2019-12-21 13:20:00	30.8	북북서	339	15.18	31.70	0.63	5.8	0.88	5.5	3.9	남	181	6.6	1024.0	-	19	
2019-12-21 13:25:00	32.4	북북서	338	15.19	31.71	0.59	5.8	0.86	5.5	2.9	남	189	6.7	1024.1	-	28	
2019-12-21 13:30:00	31.2	북북서	337	15.19	31.72	0.59	6.3	0.74	7.0	3.8	남	189	6.8	1024.0	-	2	
2019-12-21 13:35:00	28.4	북북서	334	15.20	31.73	0.57	5.6	0.78	6.5	2.7	남	176	6.9	1023.9	-	347	
2019-12-21 13:40:00	31.0	북북서	341	15.22	31.71	0.67	5.9	1.17	6.0	4.3	남남서	196	7.0	1023.8	-	20	
2019-12-21 13:45:00	28.1	북북서	328	15.27	31.72	0.63	6.0	0.75	6.5	2.6	남	175	6.9	1023.7	-	43	
2019-12-21 13:50:00	32.4	북북서	334	15.32	31.75	0.67	5.6	1.13	5.5	2.8	남	171	7.1	1023.7	-	12	
2019-12-21 13:55:00	32.0	북북서	337	15.36	31.75	0.56	5.3	1.16	4.5	3.2	남남동	161	7.2	1023.6	-	13	
2019-12-21 14:00:00	-	-	-	-	-	0.00	0.0	0.00	0.0	4.6	남남서	203	7.2	1023.7	-	0	
2019-12-21 14:05:00	-	-	-	15.54	31.74	0.58	5.8	0.78	7.0	3.8	남남서	194	7.2	1023.6	-	38	
2019-12-21 14:10:00	-	-	-	15.54	31.75	0.61	5.8	0.76	6.0	3.1	남남서	194	7.2	1023.7	-	18	
2019-12-21 14:15:00	-	-	-	15.55	31.78	0.56	5.7	0.86	5.5	3.0	남남동	156	7.3	1023.4	-	6	
2019-12-21 14:20:00	-	-	-	15.56	31.74	0.61	5.7	0.77	5.0	3.0	남남동	149	7.3	1023.4	-	38	
2019-12-21 14:25:00	-	-	-	15.56	31.75	0.60	6.2	0.89	6.5	3.6	남	180	7.3	1023.6	-	38	
2019-12-21 14:30:00	-	-	-	15.48	31.69	0.64	5.7	0.91	5.5	4.1	남서	217	7.3	1023.7	-	25	
2019-12-21 14:35:00	-	-	-	15.52	31.76	0.67	6.0	1.04	5.5	2.5	남서	232	7.2	1023.7	-	40	
2019-12-21 14:40:00	-	-	-	15.59	31.78	0.53	5.7	0.77	5.0	4.8	남서	224	7.2	1023.7	-	129	
2019-12-21 14:45:00	-	-	-	15.58	31.72	0.55	5.3	0.80	6.5	4.3	남서	232	7.0	1023.7	-	21	
2019-12-21 14:50:00	-	-	-	15.63	31.80	0.57	6.5	0.77	5.5	4.1	남서	226	7.1	1023.7	-	21	
2019-12-21 14:55:00	-	-	-	15.65	31.77	0.62	6.5	0.88	6.0	4.1	남서	231	7.2	1023.8	-	65	
2019-12-21 15:00:00	-	북북서	336	15.66	31.77	0.55	6.1	0.73	5.5	4.2	남서	233	7.0	1023.9	-	35	
2019-12-21 15:05:00	45.0	북북서	336	15.68	31.77	0.58	5.5	0.87	5.5	4.2	남서	216	7.0	1023.9	-	351	
2019-12-21 15:10:00	46.2	북북서	330	15.71	31.79	0.54	5.9	0.74	5.0	6.5	남서	221	7.0	1023.8	-	23	
2019-12-21 15:15:00	41.1	북북서	330	15.72	31.80	0.51	6.0	0.85	6.0	5.7	남서	217	7.0	1023.9	-	5	
2019-12-21 15:20:00	41.9	북북서	332	15.73	31.78	0.58	6.1	0.95	5.5	5.1	남서	231	7.0	1023.9	-	2	
2019-12-21 15:25:00	42.6	북북서	339	15.74	31.78	0.71	6.1	1.04	6.5	5.9	남서	223	6.8	1024.0	-	19	
2019-12-21 15:30:00	43.1	북북서	335	15.76	31.76	0.53	6.2	0.78	6.5	6.2	남서	233	6.8	1024.1	-	13	
2019-12-21 15:35:00	39.5	북북서	336	15.75	31.78	0.59	6.0	0.81	5.0	6.1	남서	229	6.9	1024.1	-	316	
2019-12-21 15:40:00	41.9	북북서	337	15.74	31.76	0.47	5.9	0.60	5.0	5.4	서남서	240	6.8	1024.2	-	54	
2019-12-21 15:45:00	36.8	북북서	334	15.76	31.77	0.46	6.0	0.59	5.0	5.2	남서	236	6.5	1024.2	-	10	
2019-12-21 15:50:00	39.0	북북서	338	15.74	31.71	0.49	6.0	0.64	5.5	5.9	남서	232	6.6	1024.3	-	22	
2019-12-21 15:55:00	36.7	북북서	335	15.70	31.77	0.55	6.3	0.70	6.0	5.8	남서	229	6.5	1024.4	-	22	
2019-12-21 16:00:00	39.6	북북서	336	15.71	31.72	0.54	5.9	0.66	5.0	5.0	남서	229	6.5	1024.4	-	8	
2019-12-21 16:05:00	35.5	북북서	333	15.77	31.77	0.60	6.2	0.94	6.0	6.2	남서	224	6.6	1024.3	-	3	
2019-12-21 16:10:00	35.5	북북서	335	15.78	31.76	0.51	6.5	0.69	6.0	5.6	남서	221	6.5	1024.3	-	22	
2019-12-21 16:15:00	37.4	북북서	334	15.78	31.77	0.54	6.3	0.70	6.5	5.5	남서	227	6.5	1024.3	-	27	
2019-12-21 16:20:00	38.1	북북서	333	15.78	31.76	0.49	5.7	0.77	5.0	6.4	남서	225	6.5	1024.2	-	41	
2019-12-21 16:25:00	40.2	북북서	334	15.82	31.77	0.46	5.9	0.68	6.0	5.6	남서	223	6.5	1024.2	-	22	
2019-12-21 16:30:00	38.6	북북서	336	15.86	31.75	0.48	6.4	0.55	6.0	5.7	남서	221	6.4	1024.2	-	9	
2019-12-21 16:35:00	38.6	북북서	331	15.86	31.76	0.43	6.0	0.66	6.5	4.9	남서	217	6.2	1024.3	-	50	
2019-12-21 16:40:00	43.1	북북서	334	15.88	31.78	0.44	6.1	0.62	5.5	3.7	남	183	6.0	1024.4	-	55	
2019-12-21 16:45:00	41.2	북북서	335	15.89	31.78	0.49	6.1	0.67	6.0	3.2	남남서	204	6.0	1024.4	-	49	
2019-12-21 16:50:00	41.7	북북서	332	15.90	31.77	0.41	6.2	0.50	6.0	2.9	남서	223	6.0	1024.4	-	22	
2019-12-21 16:55:00	38.9	북북서	331	15.90	31.76	0.44	6.4	0.62	6.5	4.5	남서	220	6.1	1024.4	-	16	
2019-12-21 17:00:00	38.8	북북서	334	15.90	31.77	0.46	6.1	0.71	6.5	3.7	남서	218	6.0	1024.4	-	10	
2019-12-21 17:05:00	40.1	북북서	333	15.91	31.75	0.41	6.4	0.58	6.0	5.6	남서	232	6.0	1024.5	-	354	
2019-12-21 17:10:00	39.0	북북서	330	15.91	31.76	0.43	5.9	0.64	5.5	4.1	남서	234	5.9	1024.6	-	14	
2019-12-21 17:15:00	37.8	북북서	330	15.92	31.77	0.44	5.9	0.70	5.0	3.8	서남서	239	5.9	1024.7	-	5	
2019-12-21 17:20:00	36.6	북북서	329	15.92	31.75	0.42	6.0	0.65	6.0	4.1	남서	231	6.1	1024.7	-	39	
2019-12-21 17:25:00	41.7	북북서	332	15.92	31.74	0.40	6.0	0.52	5.0	3.6	남서	222	5.9	1024.8	-	39	
2019-12-21 17:30:00	42.3	북북서	331	15.91	31.72	0.37	6.0	0.44	6.0	4.3	남서	225	6.0	1024.7	-	6	
2019-12-21 17:35:00	40.8	북북서	332	15.93	31.70	0.42	6.0	0.58	6.0	4.1	남서	222	6.0	1024.8	-	33	
2019-12-21 17:40:00	43.2	북북서	332	15.94	31.74	0.37	5.9	0.55	6.5	5.1	남서	231	6.2	1024.9	-	57	
2019-12-21 17:45:00	42.0	북북서	328	15.96	31.69	0.41	5.8	0.58	5.5	5.0	남서	228	6.2	1025.0	-	61	
2019-12-21 17:50:00	42.2	북북서	332	15.96	31.73	0.46	6.3	0.57	6.0	4.2	남서	225	6.1	1025.1	-	18	
2019-12-21 17:55:00	40.3	북북서	328	15.97	31.72	0.40	6.1	0.52	6.0	3.7	남서	224	6.2	1025.1	-	9	
2019-12-21 18:00:00	42.2	북북서	327	15.97	31.74	0.40	6.6	0.66	6.0	3.5	남서	225	6.2	1025.2	-	1	
2019-12-21 18:05:00	41.9	북북서	329	15.96	31.72	0.38	5.8	0.48	6.0	5.0	남서	226	6.5	1025.1	-	348	
2019-12-21 18:10:00	40.3	북북서	330	15.97	31.76	0.34	5.9	0.51	6.0	3.6	남서	220	6.2	1025.2	-	15	
2019-12-21 18:15:00	43.7	북북서	329	15.98	31.75	0.37	5.9	0.49	6.0	2.7	남서	227	6.2	1025.2	-	32	
2019-12-21 18:20:00	39.7	북북서	332	15.98	31.78	0.34	5.8	0.55	5.5	4.0	남서	225	6.3	1025.3	-	40	
2019-12-21 18:25:00	44.1	북북서	330	15.98	31.78	0.37	6.1	0.57	5.5	3.1	남서	218	6.3	1025.2	-	0	
2019-12-21 18:30:00	41.4	북북서	331	15.98	31.79	0.46	5.9	0.73	5.5	4.3	남서	219	6.6	1025.2	-	27	
2019-12-21 18:35:00	39.3	북북서	329	15.98	31.78	0.43	5.8	0.65	6.0	3.9	남서	224	6.7	1025.2	-	9	
2019-12-21 18:40:00	39.5	북서	325	15.99	31.78	0.39	5.8	0.64	4.5	4.2	남남서	213	6.6	1025.2	-	13	
2019-12-21 18:45:00	41.3	북북서	329	15.98	31.78	0.35	5.4	0.47	6.0	3.1	남서	215	6.4	1025.3	-	21	
2019-12-21 18:50:00	37.6	북북서	329	15.98	31.79	0.38	5.5	0.70	5.0	3.3	남서	219	6.4	1025.2	-	32	
2019-12-21 18:55:00	42.0	북북서	330	15.99	31.76	0.36	5.7	0.44	6.5	4.1	남서	222	6.4	1025.1	-	33	
2019-12-21 19:00:00	40.6	북북서	329	15.98	31.79	0.38	5.9	0.51	6.0	4.0	남서	220	6.4	1025.2	-	35	
2019-12-21 19:05:00	40.6	북북서	332	15.98	31.80	0.38	5.5	0.53	6.0	4.0	남서	223	6.3	1025.1	-	50	
2019-12-21 19:10:00	40.2	북북서	329	15.99	31.72	0.39	5.7	0.51	6.0	3.1	남서	229	6.2	1025.1	-	23	
2019-12-21 19:15:00	39.8	북북서	328	15.99	31.73	0.39	5.6	0.62	6.0	3.5	남서	233	6.4	1025.1	-	12	
2019-12-21 19:20:00	40.3	북북서	328	15.99	31.75	0.41	6.1	0.58	6.5	4.8	남서	225	6.5	1025.1	-	88	
2019-12-21 19:25:00	39.2	북북서	328	15.99	31.75	0.35	6.0	0.44	4.0	3.6	남서	218	6.4	1025.2	-	15	
2019-12-21 19:30:00	39.5	북서	325	15.99	31.74	0.32	5.9	0.54	6.0	3.1	남서	220	6.3	1025.2	-	29	
2019-12-21 19:35:00	40.2	북북서	330	15.98	31.73	0.32	5.6	0.40	5.5	3.1	남서	224	6.4	1025.2	-	5	
2019-12-21 19:40:00	35.0	북북서	328	15.99	31.74	0.36	5.8	0.44	6.5	3.3	남서	234	6.5	1025.2	-	36	
2019-12-21 19:45:00	38.6	북북서	331	15.98	31.69	0.34	6.2	0.53	5.0	3.7	남서	221	6.4	1025.2	-	350	
2019-12-21 19:50:00	39.1	북북서	327	15.98	31.68	0.31	5.6	0.61	6.0	3.3	남남서	213	6.4	1025.2	-	14	
2019-12-21 19:55:00	40.4	북북서	327	15.98	31.70	0.39	6.0	0.51	5.5	3.8	남서	215	6.5	1025.1	-	18	
2019-12-21 20:00:00	37.0	북북서	328	15.98	31.71	0.36	5.1	0.52	5.0	4.0	남남서	205	6.4	1025.2	-	66	
2019-12-21 20:05:00	34.9	북북서	330	15.98	31.70	0.34	5.7	0.52	5.5	3.1	남남서	209	6.5	1025.2	-	34	
2019-12-21 20:10:00	38.9	북서	324	15.98	31.70	0.40	5.0	0.64	6.0	4.4	남서	217	6.6	1025.1	-	54	
2019-12-21 20:15:00	38.7	북북서	333	15.97	31.68	0.34	5.5	0.51	6.5	4.4	남서	222	6.7	1024.9	-	22	
2019-12-21 20:20:00	37.2	북북서	329	15.97	31.70	0.39	6.5	0.59	5.0	4.4	남서	223	6.6	1024.9	-	23	
2019-12-21 20:25:00	34.7	북북서	330	15.97	31.70	0.35	5.3	0.50	6.0	4.3	남남서	196	6.6	1024.9	-	355	
2019-12-21 20:30:00	39.1	북북서	330	15.96	31.71	0.38	5.3	0.59	4.0	3.9	남서	216	6.7	1024.8	-	80	
2019-12-21 20:35:00	37.3	북북서	328	15.97	31.67	0.35	5.1	0.47	5.0	4.6	남서	223	6.6	1024.7	-	24	
2019-12-21 20:40:00	36.3	북서	326	15.97	31.69	0.38	5.5	0.66	5.0	4.3	남서	224	6.5	1024.7	-	11	
2019-12-21 20:45:00	34.9	북북서	326	15.97	31.70	0.34	5.5	0.44	6.0	3.8	남서	216	6.4	1024.7	-	108	
2019-12-21 20:50:00	41.3	북북서	331	15.96	31.70	0.31	5.2	0.49	5.0	3.9	남서	217	6.4	1024.6	-	30	
2019-12-21 20:55:00	34.4	북북서	330	15.96	31.70	0.34	5.3	0.45	4.5	3.8	남남서	212	6.5	1024.7	-	43	
2019-12-21 21:00:00	35.0	북서	325	15.96	31.72	0.35	5.2	0.44	5.5	3.4	남서	229	6.5	1024.7	-	84	
2019-12-21 21:05:00	36.7	북서	325	15.96	31.71	0.34	4.7	0.46	4.5	3.2	남서	215	6.5	1024.6	-	204	
2019-12-21 21:10:00	36.8	북북서	329	15.96	31.70	0.33	5.0	0.43	5.0	2.6	남남서	210	6.4	1024.6	-	15	
2019-12-21 21:15:00	35.6	북북서	329	15.95	31.72	0.34	5.0	0.49	5.5	2.3	남서	220	6.4	1024.6	-	74	
2019-12-21 21:20:00	39.5	북북서	327	15.96	31.74	0.33	5.2	0.43	7.0	3.1	남서	222	6.4	1024.6	-	40	
2019-12-21 21:25:00	34.2	북북서	328	15.95	31.76	0.36	5.4	0.48	4.0	3.6	남서	217	6.5	1024.7	-	27	
2019-12-21 21:30:00	34.9	북북서	329	15.96	31.73	0.32	5.3	0.44	4.5	3.4	남남서	207	6.4	1024.6	-	159	
2019-12-21 21:35:00	37.2	북북서	327	15.95	31.73	0.33	5.2	0.43	6.5	3.7	남남서	211	6.5	1024.5	-	39	
2019-12-21 21:40:00	35.6	북서	325	15.95	31.74	0.31	4.9	0.50	5.0	4.2	남서	221	6.5	1024.5	-	48	
2019-12-21 21:45:00	35.9	북북서	327	15.96	31.73	0.34	5.1	0.59	4.5	4.2	남서	214	6.4	1024.5	-	21	
2019-12-21 21:50:00	36.4	북서	326	15.96	31.72	0.29	4.6	0.43	5.0	3.3	남서	216	6.3	1024.6	-	32	
2019-12-21 21:55:00	36.6	북서	326	15.95	31.73	0.34	4.7	0.53	4.5	5.8	남서	219	6.5	1024.6	-	182	
2019-12-21 22:00:00	35.5	북북서	329	15.96	31.72	0.33	4.7	0.49	4.0	5.2	남서	223	6.6	1024.5	-	193	
2019-12-21 22:05:00	34.7	북북서	327	15.95	31.73	0.31	4.7	0.39	5.0	4.9	남서	219	6.4	1024.5	-	352	
2019-12-21 22:10:00	35.9	북북서	327	15.94	31.74	0.32	5.4	0.40	5.0	4.6	남서	227	6.4	1024.6	-	272	
2019-12-21 22:15:00	34.8	북북서	328	15.95	31.73	0.36	4.8	0.50	4.5	5.6	남서	230	6.5	1024.6	-	24	
2019-12-21 22:20:00	38.4	북서	325	15.96	31.73	0.29	4.7	0.41	4.0	4.5	남서	229	6.3	1024.7	-	2	
2019-12-21 22:25:00	34.3	북북서	326	15.96	31.73	0.35	4.4	0.52	5.0	5.7	남서	231	6.4	1024.7	-	355	
2019-12-21 22:30:00	35.5	북서	324	15.95	31.74	0.34	4.9	0.46	4.0	4.3	남서	223	6.3	1024.7	-	358	
2019-12-21 22:35:00	32.0	북북서	328	15.95	31.73	0.31	5.3	0.45	5.5	4.5	남서	230	6.3	1024.6	-	100	
2019-12-21 22:40:00	36.3	북북서	328	15.95	31.73	0.29	5.1	0.36	6.0	4.7	남서	236	6.5	1024.5	-	15	
2019-12-21 22:45:00	32.8	북북서	327	15.94	31.76	0.35	5.2	0.47	6.0	4.2	남서	233	6.3	1024.5	-	35	
2019-12-21 22:50:00	32.1	북북서	329	15.96	31.74	0.29	5.6	0.37	5.5	4.0	남서	221	6.4	1024.4	-	5	
2019-12-21 22:55:00	36.7	북북서	331	15.95	31.73	0.31	5.0	0.47	4.0	5.6	서남서	237	6.6	1024.3	-	346	
2019-12-21 23:00:00	36.8	북북서	330	15.94	31.74	0.34	5.2	0.47	6.0	4.6	남서	228	6.4	1024.3	-	53	
2019-12-21 23:05:00	39.9	북북서	330	15.95	31.75	0.29	5.2	0.44	4.5	4.3	남서	231	6.2	1024.3	-	27	
2019-12-21 23:10:00	36.4	북북서	328	15.94	31.75	0.27	5.4	0.36	5.0	3.8	남서	233	6.0	1024.3	-	49	
2019-12-21 23:15:00	37.9	북북서	332	15.94	31.75	0.27	5.4	0.38	6.0	4.8	남서	227	6.2	1024.3	-	80	
2019-12-21 23:20:00	34.0	북북서	332	15.95	31.78	0.29	5.3	0.38	4.5	4.3	남서	228	6.1	1024.3	-	211	
2019-12-21 23:25:00	36.0	북북서	339	15.94	31.76	0.27	5.1	0.44	5.0	4.6	남서	232	6.1	1024.3	-	335	
2019-12-21 23:30:00	34.2	북북서	339	15.93	31.76	0.28	4.6	0.39	6.0	4.3	남서	230	5.9	1024.1	-	355	
2019-12-21 23:35:00	32.8	북북서	334	15.91	31.77	0.32	4.9	0.52	5.5	4.4	남서	229	5.9	1024.0	-	85	
2019-12-21 23:40:00	32.2	북북서	342	15.91	31.76	0.32	4.8	0.49	4.5	5.4	남서	228	6.1	1024.1	-	89	
2019-12-21 23:45:00	32.4	북북서	343	15.90	31.76	0.32	5.3	0.51	6.0	5.5	남서	224	6.1	1024.1	-	357	
2019-12-21 23:50:00	27.8	북북서	336	15.88	31.76	0.30	5.1	0.50	5.0	5.1	남서	222	5.8	1024.0	-	359	
2019-12-21 23:55:00	32.6	북북서	333	15.87	31.76	0.30	5.2	0.41	6.5	5.0	남서	226	5.8	1023.8	-	42	
2019-12-22 00:00:00	29.4	북북서	332	15.86	31.76	0.31	5.7	0.48	4.5	4.7	남서	217	5.8	1023.6	-	89	
2019-12-22 00:05:00	27.9	북북서	332	15.85	31.73	0.27	5.2	0.34	6.0	5.3	남서	222	5.7	1023.4	-	11	
2019-12-22 00:10:00	30.1	북북서	332	15.85	31.75	0.26	4.4	0.40	4.5	5.4	남서	221	5.7	1023.3	-	25	
2019-12-22 00:15:00	29.1	북북서	332	15.84	31.74	0.27	5.2	0.40	4.5	5.7	남서	228	5.7	1023.3	-	7	
2019-12-22 00:20:00	34.1	북북서	330	15.84	31.76	0.28	5.5	0.38	5.5	5.0	남서	232	5.8	1023.2	-	98	
2019-12-22 00:25:00	32.0	북북서	333	15.84	31.76	0.24	5.1	0.37	4.0	5.3	남서	232	5.8	1023.0	-	25	
2019-12-22 00:30:00	30.9	북북서	329	15.86	31.74	0.30	4.9	0.39	4.5	5.4	남서	232	5.8	1022.9	-	39	
2019-12-22 00:35:00	35.3	북북서	337	15.85	31.73	0.27	5.3	0.38	6.0	6.2	서남서	237	5.8	1023.0	-	5	
2019-12-22 00:40:00	31.6	북북서	335	15.86	31.74	0.28	4.9	0.51	5.5	5.9	서남서	239	5.7	1022.9	-	82	
2019-12-22 00:45:00	33.4	북북서	333	15.85	31.74	0.23	4.9	0.34	6.0	5.5	남서	232	5.8	1022.9	-	103	
2019-12-22 00:50:00	32.9	북북서	329	15.85	31.74	0.25	5.0	0.38	4.5	5.0	남서	227	5.8	1022.8	-	44	
2019-12-22 00:55:00	32.3	북북서	333	15.85	31.76	0.25	5.2	0.35	5.5	4.8	남서	226	5.6	1022.9	-	282	
2019-12-22 01:00:00	32.0	북북서	327	15.85	31.78	0.28	4.7	0.34	3.5	5.6	남남서	213	5.5	1023.1	-	358	
2019-12-22 01:05:00	32.2	북북서	339	15.84	31.77	0.29	4.9	0.45	3.5	5.6	남남서	208	5.5	1023.3	-	227	
2019-12-22 01:10:00	31.7	북북서	334	15.84	31.75	0.28	5.2	0.37	5.0	5.6	남서	214	5.6	1023.4	-	54	
2019-12-22 01:15:00	34.0	북북서	341	15.84	31.75	0.27	5.1	0.41	4.5	6.2	남서	226	5.7	1023.4	-	93	
2019-12-22 01:20:00	31.2	북북서	335	15.84	31.75	0.27	5.4	0.37	4.0	6.3	남서	225	5.8	1023.6	-	237	
2019-12-22 01:25:00	33.3	북북서	335	15.83	31.74	0.29	5.4	0.39	6.0	6.0	남서	222	5.7	1023.9	-	89	
2019-12-22 01:30:00	29.9	북북서	340	15.83	31.76	0.28	5.6	0.36	7.0	5.3	남서	232	5.8	1023.9	-	188	
2019-12-22 01:35:00	33.1	북북서	335	15.84	31.75	0.26	4.9	0.45	4.0	5.3	서남서	240	5.9	1023.8	-	193	
2019-12-22 01:40:00	31.1	북북서	336	15.81	31.78	0.27	5.4	0.33	5.0	5.1	서남서	242	5.7	1023.9	-	70	
2019-12-22 01:45:00	31.9	북북서	335	15.81	31.77	0.27	5.2	0.35	7.5	4.8	남서	234	5.8	1023.7	-	59	
2019-12-22 01:50:00	28.1	북북서	332	15.81	31.76	0.29	5.2	0.40	5.0	5.1	남서	232	5.8	1023.6	-	188	
2019-12-22 01:55:00	28.9	북북서	338	15.80	31.78	0.24	5.2	0.31	6.0	4.5	남서	230	5.8	1023.6	-	17	
2019-12-22 02:00:00	29.2	북북서	334	15.79	31.75	0.24	5.6	0.30	4.0	4.7	남서	230	5.8	1023.7	-	99	
2019-12-22 02:05:00	29.5	북북서	333	15.79	31.75	0.22	4.8	0.30	6.5	4.7	남서	224	5.9	1023.8	-	205	
2019-12-22 02:10:00	26.3	북북서	333	15.78	31.75	0.24	5.0	0.35	5.5	4.5	남서	225	6.0	1023.9	-	60	
2019-12-22 02:15:00	26.9	북북서	330	15.77	31.75	0.24	4.9	0.31	4.5	4.4	남서	225	5.9	1023.9	-	85	
2019-12-22 02:20:00	27.5	북북서	329	15.78	31.76	0.25	6.1	0.31	4.5	3.9	남서	227	5.9	1023.8	-	75	
2019-12-22 02:25:00	27.7	북북서	332	15.78	31.77	0.25	5.1	0.39	4.5	3.5	남서	217	6.0	1023.7	-	59	
2019-12-22 02:30:00	26.5	북북서	338	15.78	31.74	0.26	5.5	0.34	6.0	4.5	남서	232	6.1	1023.7	-	56	
2019-12-22 02:35:00	29.3	북북서	342	15.76	31.77	0.27	5.5	0.35	5.0	4.7	남서	229	6.2	1023.7	-	98	
2019-12-22 02:40:00	27.9	북북서	340	15.75	31.73	0.24	5.7	0.33	4.5	4.9	남서	235	6.2	1023.6	-	80	
2019-12-22 02:45:00	28.4	북북서	338	15.74	31.75	0.20	5.1	0.33	5.5	4.4	서남서	246	6.3	1023.6	-	324	
2019-12-22 02:50:00	28.3	북북서	339	15.75	31.74	0.21	5.0	0.27	6.0	4.2	서남서	241	6.0	1023.5	-	68	
2019-12-22 02:55:00	28.8	북북서	334	15.75	31.74	0.25	5.1	0.45	5.0	5.2	남서	227	6.2	1023.4	-	15	
2019-12-22 03:00:00	26.9	북북서	343	15.75	31.74	0.25	5.8	0.39	6.0	5.1	남서	232	6.3	1023.5	-	63	
2019-12-22 03:05:00	27.8	북북서	342	15.74	31.76	0.23	6.1	0.30	6.0	5.3	남서	234	6.1	1023.5	-	14	
2019-12-22 03:10:00	28.2	북북서	348	15.74	31.76	0.24	6.4	0.43	5.5	4.9	남서	232	6.2	1023.5	-	92	
2019-12-22 03:15:00	27.6	북	356	15.74	31.75	0.26	5.6	0.31	5.5	4.5	남서	226	6.1	1023.6	-	73	
2019-12-22 03:20:00	27.2	북북서	348	15.73	31.75	0.28	6.0	0.38	5.5	4.6	남서	222	6.0	1023.6	-	358	
2019-12-22 03:25:00	26.4	북북서	347	15.72	31.78	0.25	5.9	0.32	5.5	5.0	남서	221	6.0	1023.6	-	15	
2019-12-22 03:30:00	28.4	북북서	343	15.72	31.76	0.25	5.2	0.35	6.0	5.2	남서	223	6.1	1023.5	-	28	
2019-12-22 03:35:00	31.8	북북서	347	15.71	31.77	0.23	5.8	0.38	6.0	5.6	남서	220	6.0	1023.4	-	24	
2019-12-22 03:40:00	28.8	북북서	340	15.71	31.76	0.25	5.3	0.43	5.5	6.3	남서	219	6.0	1023.3	-	17	
2019-12-22 03:45:00	31.4	북북서	346	15.70	31.76	0.27	6.1	0.31	5.0	5.9	남서	230	6.1	1023.3	-	46	
2019-12-22 03:50:00	29.1	북북서	347	15.69	31.76	0.24	5.4	0.33	6.0	5.5	남서	225	6.0	1023.3	-	10	
2019-12-22 03:55:00	32.2	북북서	347	15.68	31.73	0.28	5.7	0.38	5.0	5.2	남서	233	6.0	1023.2	-	189	
2019-12-22 04:00:00	29.8	북북서	348	15.67	31.73	0.30	6.1	0.41	6.0	5.3	서남서	240	6.1	1023.2	-	81	
2019-12-22 04:05:00	28.5	북북서	344	15.68	31.72	0.27	5.5	0.32	6.0	5.3	서남서	241	5.9	1023.2	-	76	
2019-12-22 04:10:00	31.4	북북서	341	15.68	31.74	0.26	4.9	0.31	5.5	5.2	남서	232	6.0	1023.2	-	11	
2019-12-22 04:15:00	31.3	북북서	343	15.68	31.74	0.30	5.8	0.44	4.5	4.6	서남서	246	6.2	1023.3	-	35	
2019-12-22 04:20:00	32.0	북북서	341	15.69	31.75	0.28	5.8	0.40	5.5	4.5	서남서	238	5.7	1023.3	-	48	
2019-12-22 04:25:00	27.8	북북서	342	15.69	31.72	0.29	5.6	0.38	4.5	4.4	남서	229	5.6	1023.2	-	55	
2019-12-22 04:30:00	30.7	북북서	340	15.68	31.71	0.33	5.7	0.46	6.0	4.3	남서	220	5.4	1023.1	-	29	
2019-12-22 04:35:00	27.4	북북서	341	15.68	31.70	0.34	5.2	0.50	5.5	4.8	남서	223	5.4	1023.1	-	356	
2019-12-22 04:40:00	29.6	북북서	340	15.69	31.71	0.35	4.9	0.48	4.5	4.4	남서	225	5.6	1023.0	-	5	
2019-12-22 04:45:00	18.1	북북서	333	15.67	31.72	0.42	4.9	0.57	4.0	4.0	남서	230	5.5	1023.1	-	153	
2019-12-22 04:50:00	20.1	북북서	344	15.67	31.74	0.41	4.5	0.59	6.5	4.7	남서	233	5.6	1023.0	-	129	
2019-12-22 04:55:00	25.7	북북서	337	15.66	31.72	0.41	4.6	0.64	4.5	4.4	남서	229	5.5	1023.0	-	148	
2019-12-22 05:00:00	18.9	북북서	334	15.64	31.71	0.38	4.6	0.57	4.5	4.7	남서	225	5.6	1023.0	-	184	
2019-12-22 05:05:00	20.9	북북서	340	15.64	31.70	0.43	4.4	0.60	4.0	4.8	남서	225	5.8	1023.0	-	156	
2019-12-22 05:10:00	24.0	북북서	338	15.63	31.69	0.43	5.2	0.68	5.5	4.7	남서	236	5.7	1023.0	-	4	
2019-12-22 05:15:00	26.2	북북서	342	15.64	31.71	0.39	4.5	0.57	6.0	4.6	남서	232	5.8	1023.0	-	8	
2019-12-22 05:20:00	23.1	북북서	339	15.63	31.73	0.43	4.8	0.65	3.5	4.7	서남서	237	5.9	1023.0	-	5	
2019-12-22 05:25:00	20.1	북북서	345	15.63	31.73	0.41	4.8	0.66	4.5	4.9	서남서	241	6.0	1022.9	-	37	
2019-12-22 05:30:00	23.9	북북서	337	15.64	31.73	0.43	4.8	0.56	4.0	4.6	서남서	243	5.9	1022.9	-	26	
2019-12-22 05:35:00	21.5	북북서	343	15.63	31.73	0.44	5.2	0.57	5.5	4.4	서남서	240	5.5	1022.9	-	19	
2019-12-22 05:40:00	22.7	북북서	336	15.63	31.73	0.39	5.5	0.52	6.0	4.4	서남서	240	5.5	1022.9	-	18	
2019-12-22 05:45:00	23.2	북북서	338	15.63	31.72	0.37	5.4	0.50	5.5	4.8	서남서	242	5.4	1022.9	-	9	
2019-12-22 05:50:00	19.8	북북서	343	15.63	31.72	0.39	5.2	0.57	4.0	4.9	남서	233	5.5	1022.9	-	16	
2019-12-22 05:55:00	17.1	북북서	340	15.63	31.73	0.42	5.1	0.64	5.0	4.7	남서	235	5.8	1022.9	-	68	
2019-12-22 06:00:00	21.7	북북서	337	15.62	31.74	0.44	5.1	0.65	4.0	5.1	남서	229	5.6	1022.9	-	350	
2019-12-22 06:05:00	21.8	북북서	347	15.62	31.73	0.35	4.7	0.47	4.0	5.1	남서	225	5.3	1022.9	-	46	
2019-12-22 06:10:00	17.4	북북서	347	15.62	31.72	0.38	5.8	0.56	4.0	4.6	남서	225	5.2	1022.9	-	23	
2019-12-22 06:15:00	24.0	북북서	348	15.62	31.72	0.41	5.5	0.59	5.0	4.6	남서	221	5.2	1023.0	-	3	
2019-12-22 06:20:00	24.1	북북서	343	15.61	31.70	0.36	4.9	0.50	5.5	4.7	서남서	237	5.2	1023.0	-	9	
2019-12-22 06:25:00	22.5	북북서	348	15.62	31.71	0.38	5.1	0.47	4.0	5.2	남서	231	5.2	1023.0	-	36	
2019-12-22 06:30:00	20.9	북북서	345	15.62	31.72	0.34	4.9	0.44	5.0	5.6	남서	229	5.2	1023.0	-	357	
2019-12-22 06:35:00	23.3	북북서	338	15.62	31.70	0.40	4.8	0.64	6.0	5.7	남서	231	5.2	1023.0	-	356	
2019-12-22 06:40:00	20.4	북북서	337	15.61	31.70	0.38	5.4	0.52	5.5	5.9	남서	234	5.2	1022.9	-	20	
2019-12-22 06:45:00	16.9	북북서	332	15.61	31.72	0.35	5.3	0.48	5.5	5.8	남서	234	5.2	1022.9	-	30	
2019-12-22 06:50:00	21.6	북북서	345	15.59	31.72	0.38	5.3	0.55	4.0	5.9	남서	231	5.3	1022.9	-	9	
2019-12-22 06:55:00	16.5	북북서	335	15.60	31.72	0.38	5.3	0.52	5.5	5.9	남서	230	5.3	1022.9	-	28	
2019-12-22 07:00:00	20.1	북북서	348	15.61	31.74	0.47	5.6	0.72	5.5	5.9	남서	236	5.3	1022.9	-	11	
2019-12-22 07:05:00	20.1	북북서	335	15.59	31.72	0.40	5.3	0.79	4.5	6.1	서남서	238	5.4	1023.0	-	9	
2019-12-22 07:10:00	17.8	북북서	342	15.58	31.73	0.36	5.9	0.49	6.0	6.4	서남서	241	5.5	1023.0	-	7	
2019-12-22 07:15:00	15.0	북북서	341	15.57	31.74	0.39	5.1	0.58	5.5	6.3	서남서	241	5.3	1023.0	-	198	
2019-12-22 07:20:00	15.7	북북서	337	15.57	31.75	0.43	5.5	0.64	5.0	6.1	서남서	242	5.5	1023.1	-	0	
2019-12-22 07:25:00	16.7	북	349	15.58	31.74	0.42	5.4	0.63	4.5	6.0	서남서	241	5.3	1023.2	-	15	
2019-12-22 07:30:00	17.8	북북서	330	15.58	31.73	0.40	5.6	0.63	6.0	5.9	서남서	239	5.5	1023.2	-	0	
2019-12-22 07:35:00	20.8	북북서	344	15.58	31.74	0.41	4.9	0.56	4.5	6.4	서남서	244	5.5	1023.2	-	1	
2019-12-22 07:40:00	19.8	북북서	335	15.57	31.75	0.37	5.6	0.43	6.5	6.1	서남서	240	5.5	1023.2	-	11	
2019-12-22 07:45:00	12.5	북북서	333	15.57	31.74	0.43	5.1	0.60	5.0	6.0	서남서	238	5.6	1023.3	-	359	
2019-12-22 07:50:00	16.4	북북서	330	15.55	31.75	0.42	5.1	0.86	5.5	6.2	서남서	239	5.6	1023.3	-	358	
2019-12-22 07:55:00	15.8	북북서	330	15.55	31.75	0.39	5.1	0.52	5.5	6.2	서남서	242	5.6	1023.3	-	30	
2019-12-22 08:00:00	11.9	북북서	338	15.53	31.75	0.43	5.5	0.58	4.5	6.1	서남서	243	5.3	1023.3	-	328	
2019-12-22 08:05:00	16.4	북북서	331	15.54	31.76	0.46	5.3	0.69	6.0	5.4	서남서	244	5.3	1023.4	-	329	
2019-12-22 08:10:00	17.6	북북서	328	15.56	31.75	0.43	5.3	0.53	5.0	5.3	서남서	241	5.3	1023.3	-	34	
2019-12-22 08:15:00	15.8	북서	326	15.55	31.75	0.48	5.3	0.71	5.5	5.4	서남서	244	5.3	1023.3	-	358	
2019-12-22 08:20:00	15.2	북서	317	15.56	31.74	0.42	5.4	0.56	4.5	5.1	서남서	246	5.3	1023.3	-	354	
2019-12-22 08:25:00	13.7	북서	310	15.57	31.75	0.45	5.6	0.71	5.5	5.7	서남서	244	5.3	1023.3	-	357	
2019-12-22 08:30:00	14.9	북서	307	15.57	31.76	0.45	5.4	0.65	5.0	6.0	서남서	241	5.2	1023.4	-	17	
2019-12-22 08:35:00	12.5	북서	320	15.56	31.74	0.45	5.2	0.60	5.5	6.1	서남서	240	5.2	1023.4	-	1	
2019-12-22 08:40:00	12.8	북서	311	15.57	31.77	0.43	5.4	0.56	5.5	6.1	서남서	240	5.4	1023.4	-	0	
2019-12-22 08:45:00	12.8	북서	314	15.58	31.74	0.40	5.3	0.50	5.5	5.8	서남서	238	5.6	1023.4	-	354	
2019-12-22 08:50:00	11.5	북서	305	15.57	31.77	0.39	5.2	0.57	5.0	5.4	남서	235	5.8	1023.4	-	23	
2019-12-22 08:55:00	12.2	북서	323	15.55	31.76	0.47	5.5	0.64	5.5	5.4	서남서	242	5.8	1023.4	-	355	
2019-12-22 09:00:00	11.3	북북서	331	15.54	31.74	0.43	5.4	0.63	4.5	5.3	남서	235	5.8	1023.4	-	357	
2019-12-22 09:05:00	14.0	북서	316	15.53	31.75	0.41	5.2	0.49	5.0	5.1	남서	231	5.7	1023.4	-	9	
2019-12-22 09:10:00	13.8	북서	312	15.53	31.76	0.34	5.3	0.47	4.0	5.1	남서	232	5.9	1023.4	-	357	
2019-12-22 09:15:00	13.5	북서	314	15.54	31.77	0.42	5.5	0.54	5.5	5.1	서남서	241	6.0	1023.4	-	8	
2019-12-22 09:20:00	11.2	북서	314	15.54	31.76	0.49	5.9	0.70	5.5	4.7	남서	231	6.2	1023.4	-	354	
2019-12-22 09:25:00	14.7	북북서	327	15.53	31.77	0.49	5.6	0.64	5.5	5.1	남서	230	6.1	1023.4	-	17	
2019-12-22 09:30:00	13.2	북서	315	15.55	31.75	0.42	5.4	0.58	5.0	4.6	남서	232	6.0	1023.4	-	28	
2019-12-22 09:35:00	13.4	북서	309	15.55	31.75	0.50	5.6	0.67	5.0	4.6	서남서	243	6.3	1023.4	-	7	
2019-12-22 09:40:00	14.4	북서	314	15.56	31.77	0.51	5.8	1.01	5.0	4.6	남서	232	6.3	1023.4	-	0	
2019-12-22 09:45:00	12.6	북서	314	15.56	31.76	0.39	5.2	0.58	5.5	5.1	남서	229	6.2	1023.3	-	18	
2019-12-22 09:50:00	12.2	북서	317	15.56	31.74	0.44	5.5	0.63	5.5	5.2	남서	227	6.2	1023.3	-	7	
2019-12-22 09:55:00	12.3	서북서	299	15.56	31.76	0.43	5.3	0.65	5.0	4.6	남서	229	6.3	1023.4	-	7	
2019-12-22 10:00:00	11.2	서북서	298	15.56	31.77	0.41	5.1	0.63	5.0	5.0	남서	231	6.4	1023.4	-	350	
2019-12-22 10:05:00	13.0	북서	321	15.56	31.78	0.45	5.1	0.55	4.5	5.1	남서	227	6.5	1023.4	-	18	
2019-12-22 10:10:00	14.0	북북서	329	15.55	31.78	0.37	5.2	0.55	5.0	5.1	남서	231	6.6	1023.4	-	351	
2019-12-22 10:15:00	11.4	서북서	299	15.55	31.77	0.38	5.3	0.57	5.5	4.9	남서	226	6.7	1023.4	-	25	
2019-12-22 10:20:00	13.5	북서	321	15.55	31.79	0.42	5.2	0.54	5.0	4.5	남서	229	6.8	1023.4	-	353	
2019-12-22 10:25:00	11.3	북서	313	15.56	31.77	0.41	5.3	0.58	5.0	4.5	남서	227	6.8	1023.3	-	21	
2019-12-22 10:30:00	11.6	북서	311	15.56	31.70	0.42	5.4	0.64	4.5	4.5	남서	227	6.8	1023.2	-	347	
2019-12-22 10:35:00	12.3	북서	324	15.57	31.71	0.44	5.3	0.56	5.0	4.3	남서	235	7.0	1023.2	-	18	
2019-12-22 10:40:00	9.1	북서	308	15.57	31.75	0.42	5.2	0.69	4.5	4.3	남서	233	7.0	1023.2	-	8	
2019-12-22 10:45:00	9.9	북서	324	15.57	31.71	0.45	5.3	0.59	5.5	4.0	남서	231	7.1	1023.2	-	21	
2019-12-22 10:50:00	12.3	북서	319	15.58	31.59	0.46	5.4	0.64	5.5	3.9	남서	229	7.3	1023.1	-	342	
2019-12-22 10:55:00	14.3	북서	320	15.58	31.07	0.42	5.5	0.60	6.0	3.9	서남서	237	7.3	1023.0	-	0	
2019-12-22 11:00:00	10.1	북서	318	15.58	31.73	0.34	5.3	0.50	5.0	3.7	남서	235	7.3	1022.9	-	349	
2019-12-22 11:05:00	10.9	북서	323	15.57	31.76	0.41	4.9	0.66	5.5	3.7	남서	236	7.4	1022.7	-	14	
2019-12-22 11:10:00	12.8	북북서	327	15.58	31.76	0.38	5.6	0.54	5.5	3.2	남서	236	7.5	1022.5	-	167	
2019-12-22 11:15:00	12.9	북서	317	15.58	31.76	0.41	5.3	0.65	4.5	3.2	남서	229	7.6	1022.4	-	77	
2019-12-22 11:20:00	15.1	북서	322	15.59	31.75	0.40	5.5	0.50	4.5	3.0	남서	226	7.7	1022.2	-	37	
2019-12-22 11:25:00	17.7	북서	325	15.59	31.75	0.35	5.2	0.47	6.0	2.7	남서	228	7.8	1022.0	-	345	
2019-12-22 11:30:00	18.2	북서	322	15.58	31.75	0.48	5.7	0.66	5.0	2.0	남서	227	7.9	1021.8	-	34	
2019-12-22 11:35:00	13.6	북서	311	15.59	31.75	0.45	5.1	0.56	5.0	2.2	남서	233	8.0	1021.6	-	7	
2019-12-22 11:40:00	16.0	북서	320	15.58	31.77	0.42	5.5	0.55	5.5	2.6	서남서	252	8.1	1021.4	-	351	
2019-12-22 11:45:00	14.8	북서	317	15.58	31.76	0.40	5.7	0.50	5.5	2.9	서	260	8.2	1021.2	-	23	
2019-12-22 11:50:00	18.8	북서	325	15.59	31.76	0.39	5.1	0.51	6.0	4.0	서북서	284	8.2	1021.1	-	0	
2019-12-22 11:55:00	10.2	북서	316	15.59	31.77	0.37	5.6	0.57	6.5	3.3	서	280	8.3	1021.0	-	42	
2019-12-22 12:00:00	13.0	서북서	299	15.60	31.77	0.42	5.3	0.64	5.5	3.0	서북서	294	8.5	1020.9	-	0	
2019-12-22 12:05:00	5.9	북북서	337	15.62	31.78	0.41	5.8	0.51	5.0	3.3	서북서	291	8.5	1020.7	-	8	
2019-12-22 12:10:00	-	-	-	-	-	-	-	-	-	-	-	-	-	-	-	-	
2019-12-22 12:15:00	47.5	북북서	348	15.66	31.81	0.34	4.7	0.69	4.7	3.0	서북서	295	8.4	1020.4	-	9	
2019-12-22 12:20:00	7.0	서남서	253	15.65	31.82	0.37	5.6	0.50	6.0	3.4	서북서	299	8.4	1020.3	-	343	
2019-12-22 12:25:00	35.3	서	278	15.66	31.83	0.42	5.4	0.56	5.5	3.7	서	280	8.5	1020.2	-	355	
2019-12-22 12:30:00	11.6	북	352	15.67	31.82	0.33	5.3	0.44	5.0	3.6	서북서	303	8.5	1020.0	-	354	
2019-12-22 12:35:00	2.1	북	3	15.67	31.83	0.35	5.5	0.48	5.5	3.5	서북서	285	8.6	1019.9	-	18	
2019-12-22 12:40:00	8.4	서북서	302	15.67	31.82	0.47	5.4	0.59	5.5	3.0	서북서	286	8.6	1019.8	-	11	
2019-12-22 12:45:00	16.2	남동	138	15.66	31.80	0.39	5.4	0.49	5.5	3.0	서북서	282	8.6	1019.8	-	349	
2019-12-22 12:50:00	5.5	북북동	25	15.62	31.80	0.41	5.1	0.59	5.0	2.8	서	281	8.7	1019.7	-	358	
2019-12-22 12:55:00	15.2	북북서	334	15.61	31.80	0.39	5.4	0.52	6.0	2.0	서	281	8.9	1019.6	-	17	
2019-12-22 13:00:00	11.4	북북동	14	15.61	31.80	0.38	5.2	0.59	5.5	2.0	서북서	298	8.9	1019.5	-	28	
2019-12-22 13:05:00	54.9	서북서	296	15.61	31.81	0.33	5.2	0.44	5.0	2.9	북서	313	8.9	1019.4	-	24	
2019-12-22 13:10:00	7.9	북서	310	15.70	31.84	0.41	5.2	0.56	6.0	3.3	북서	320	8.9	1019.3	-	9	
2019-12-22 13:15:00	18.8	서북서	286	15.74	31.81	0.41	5.4	0.51	5.5	2.8	북북서	327	8.8	1019.2	-	19	
2019-12-22 13:20:00	9.2	서북서	295	15.75	31.82	0.40	5.1	0.55	5.0	2.4	북서	311	8.8	1019.2	-	357	
2019-12-22 13:25:00	17.6	북서	319	15.75	31.85	0.44	5.8	0.60	5.0	2.6	북북서	330	8.9	1019.1	-	354	
2019-12-22 13:30:00	9.5	서	280	15.75	31.82	0.43	5.4	0.53	7.0	2.9	북북서	331	9.1	1019.0	-	3	
2019-12-22 13:35:00	8.4	서	271	15.75	31.82	0.40	5.3	0.63	5.0	2.9	북북서	336	8.9	1018.9	-	6	
2019-12-22 13:40:00	6.3	서	274	15.75	31.82	0.39	5.1	0.58	5.5	4.2	북	358	9.1	1018.8	-	26	
2019-12-22 13:45:00	6.1	서	271	15.75	31.82	0.38	5.2	0.57	5.0	4.4	북	349	9.2	1018.7	-	348	
2019-12-22 13:50:00	8.0	서	275	15.73	31.83	0.44	5.3	0.57	5.5	5.3	북북서	345	9.3	1018.6	-	5	
2019-12-22 13:55:00	6.6	남서	221	15.74	31.81	0.45	5.5	0.63	5.0	3.7	북	0	9.2	1018.6	-	353	
2019-12-22 14:00:00	5.3	남서	220	15.73	31.83	0.41	5.1	0.58	4.5	3.7	북북서	335	9.1	1018.5	-	326	
2019-12-22 14:05:00	10.4	서북서	302	15.73	31.82	0.41	5.2	0.59	4.0	4.1	북	351	9.2	1018.5	-	16	
2019-12-22 14:10:00	9.4	서북서	297	15.71	31.83	0.52	5.3	0.67	5.0	3.5	북북서	348	9.4	1018.5	-	21	
2019-12-22 14:15:00	11.9	서북서	302	15.69	31.83	0.47	5.2	0.69	5.0	3.7	북북서	343	9.5	1018.5	-	9	
2019-12-22 14:20:00	13.3	북서	307	15.65	31.81	0.41	4.8	0.52	4.5	4.9	북	356	9.4	1018.5	-	183	
2019-12-22 14:25:00	13.3	북서	307	15.64	31.81	0.49	5.3	0.73	5.0	3.6	북북서	346	9.3	1018.6	-	13	
2019-12-22 14:30:00	10.1	북서	324	15.57	31.77	0.44	4.8	0.67	5.5	3.8	북	351	9.3	1018.6	-	9	
2019-12-22 14:35:00	7.8	북서	304	15.59	31.84	0.44	4.5	0.65	5.5	3.9	북	356	9.2	1018.6	-	359	
2019-12-22 14:40:00	13.3	북북서	332	15.54	31.80	0.52	4.9	1.04	4.5	3.9	북	353	9.5	1018.7	-	5	
2019-12-22 14:45:00	10.5	북서	307	15.54	31.82	0.48	4.8	0.63	5.5	4.2	북	0	9.4	1018.7	-	14	
2019-12-22 14:50:00	11.5	북서	316	15.54	31.79	0.50	4.4	0.69	3.0	3.2	북북서	331	9.4	1018.8	-	343	
2019-12-22 14:55:00	9.9	북서	320	15.54	31.79	0.46	4.9	0.64	4.0	3.5	북북서	343	9.2	1018.8	-	35	
2019-12-22 15:00:00	15.6	북서	326	15.61	31.83	0.42	3.8	0.74	5.5	2.9	북	356	9.3	1018.7	-	353	
2019-12-22 15:05:00	15.2	북북서	332	15.62	31.84	0.48	5.2	0.64	5.5	3.4	북	1	9.2	1018.8	-	343	
2019-12-22 15:10:00	15.9	북서	323	15.62	31.83	0.46	4.3	0.66	5.0	3.9	북	349	9.1	1018.7	-	21	
2019-12-22 15:15:00	16.0	북서	325	15.63	31.83	0.47	4.9	0.60	5.5	4.2	북	354	9.1	1018.7	-	5	
2019-12-22 15:20:00	17.2	북서	317	15.63	31.82	0.42	4.4	0.61	6.0	3.7	북	10	9.1	1018.7	-	5	
2019-12-22 15:25:00	14.8	북서	319	15.62	31.82	0.46	5.1	0.64	6.0	4.2	북북동	19	9.3	1018.6	-	20	
2019-12-22 15:30:00	15.0	북북서	329	15.68	31.86	0.50	5.1	0.78	5.0	4.6	북	7	9.3	1018.6	-	0	
2019-12-22 15:35:00	13.9	북서	314	15.69	31.87	0.49	4.0	0.65	4.0	3.3	북	6	9.1	1018.6	-	1	
2019-12-22 15:40:00	16.5	북서	319	15.69	31.84	0.45	4.6	0.66	5.5	2.7	북북동	18	9.2	1018.7	-	339	
2019-12-22 15:45:00	14.7	북서	314	15.69	31.85	0.44	4.8	0.58	5.5	2.9	북	10	9.2	1018.6	-	29	
2019-12-22 15:50:00	13.7	북서	320	15.68	31.84	0.55	4.9	0.68	4.5	3.5	북북서	347	9.2	1018.7	-	17	
2019-12-22 15:55:00	18.5	북서	323	15.68	31.85	0.48	5.3	0.65	5.0	2.5	북북서	335	9.1	1018.7	-	355	
2019-12-22 16:00:00	15.2	북서	321	15.72	31.86	0.51	5.4	0.81	5.0	2.3	북북서	343	9.1	1018.7	-	350	
2019-12-22 16:05:00	14.9	북서	324	15.73	31.86	0.48	5.3	0.68	5.0	2.0	북북동	18	9.1	1018.7	-	5	
2019-12-22 16:10:00	13.2	북서	316	15.73	31.86	0.39	4.7	0.54	5.5	2.4	북	357	9.1	1018.7	-	0	
2019-12-22 16:15:00	17.5	북서	324	15.73	31.86	0.46	4.9	0.68	4.5	2.3	북	355	9.2	1018.8	-	345	
2019-12-22 16:20:00	18.3	북서	324	15.73	31.86	0.57	4.9	0.86	5.0	3.0	북	357	9.2	1018.8	-	9	
2019-12-22 16:25:00	18.1	북북서	331	15.73	31.87	0.51	4.8	0.75	4.5	2.5	북	8	9.0	1018.8	-	15	
2019-12-22 16:30:00	19.5	북서	324	15.74	31.88	0.46	4.9	0.70	5.0	2.4	북북동	13	9.0	1018.7	-	8	
2019-12-22 16:35:00	17.9	북북서	327	15.75	31.82	0.46	4.4	0.60	5.5	1.5	북동	40	8.9	1018.8	-	260	
2019-12-22 16:40:00	14.7	북서	325	15.75	31.82	0.48	5.0	0.74	5.5	3.0	북	358	9.1	1018.8	-	342	
2019-12-22 16:45:00	17.7	북북서	327	15.75	31.79	0.43	4.7	0.62	4.5	4.0	북	4	8.9	1018.8	-	21	
2019-12-22 16:50:00	10.4	북서	311	15.75	31.82	0.41	4.9	0.51	5.0	3.6	북	4	8.8	1018.7	-	204	
2019-12-22 16:55:00	12.2	북서	313	15.75	31.83	0.54	5.2	0.68	5.5	1.5	북북서	347	8.7	1018.7	-	13	
2019-12-22 17:00:00	9.7	북서	305	15.75	31.84	0.42	5.0	0.54	3.5	0.6	북북동	21	8.6	1018.7	-	18	
2019-12-22 17:05:00	4.4	남	185	15.75	31.83	0.46	4.9	0.66	4.5	1.3	북	10	8.6	1018.7	-	356	
2019-12-22 17:10:00	8.8	남서	232	15.75	31.82	0.49	4.8	0.68	5.0	1.3	북	9	8.7	1018.7	-	5	
2019-12-22 17:15:00	11.5	북서	318	15.75	31.80	0.48	4.8	0.70	5.0	2.4	북북서	348	8.7	1018.7	-	2	
2019-12-22 17:20:00	16.6	북북서	334	15.74	31.81	0.46	4.9	0.77	4.0	0.9	북서	309	8.6	1018.7	-	349	
2019-12-22 17:25:00	28.1	북서	305	15.74	31.84	0.49	4.9	0.73	4.5	1.8	북북서	341	8.8	1018.8	-	14	
2019-12-22 17:30:00	47.6	서북서	301	15.75	31.85	0.44	5.0	0.59	5.5	0.6	남서	223	8.6	1018.8	-	10	
2019-12-22 17:35:00	15.2	북북서	345	15.75	31.85	0.40	4.6	0.54	5.5	2.5	남서	229	8.5	1018.7	-	49	
2019-12-22 17:40:00	13.0	북서	324	15.76	31.85	0.44	4.7	0.78	4.5	2.9	남서	227	8.3	1018.7	-	8	
2019-12-22 17:45:00	8.4	북서	311	15.76	31.85	0.46	4.8	0.56	4.5	2.3	남서	235	8.4	1018.8	-	350	
2019-12-22 17:50:00	6.6	서북서	299	15.75	31.84	0.37	4.8	0.57	5.0	2.7	서남서	246	8.3	1018.9	-	7	
2019-12-22 17:55:00	8.2	서북서	302	15.75	31.83	0.48	4.9	0.69	4.5	3.7	서남서	247	7.9	1018.9	-	10	
2019-12-22 18:00:00	10.2	서	279	15.75	31.85	0.47	4.6	0.70	4.0	3.8	서남서	242	7.7	1018.9	-	10	
2019-12-22 18:05:00	22.7	북북서	331	15.75	31.86	0.52	4.7	0.66	4.5	4.2	서남서	242	7.3	1018.9	-	12	
2019-12-22 18:10:00	62.3	북	359	15.76	31.87	0.44	4.6	0.64	6.5	3.6	서남서	238	7.2	1018.9	-	275	
2019-12-22 18:15:00	73.3	북	5	15.76	31.86	0.49	4.4	0.63	4.0	3.6	서남서	243	7.3	1018.9	-	13	
2019-12-22 18:20:00	30.5	남	177	15.75	31.87	0.44	4.8	0.61	5.0	3.8	서남서	237	7.1	1018.8	-	23	
2019-12-22 18:25:00	42.3	북북서	337	15.77	31.86	0.44	4.4	0.72	4.0	3.7	남서	229	7.2	1018.8	-	32	
2019-12-22 18:30:00	34.9	북북서	335	15.77	31.86	0.48	4.5	0.64	4.5	3.9	남서	226	7.1	1018.8	-	319	
2019-12-22 18:35:00	35.6	북북서	331	15.76	31.85	0.53	4.7	0.84	4.5	3.8	남서	217	7.0	1018.8	-	28	
2019-12-22 18:40:00	35.3	북북서	332	15.76	31.85	0.42	4.5	0.51	4.5	3.4	남서	228	7.0	1018.8	-	348	
2019-12-22 18:45:00	39.3	북북서	333	15.76	31.82	0.40	4.2	0.56	3.5	3.4	남서	236	6.8	1018.8	-	210	
2019-12-22 18:50:00	45.4	북북서	334	15.76	31.82	0.45	4.7	0.62	4.5	3.6	서남서	238	6.6	1018.8	-	356	
2019-12-22 18:55:00	42.0	북북서	337	15.76	31.84	0.41	4.8	0.50	4.0	3.8	남서	232	6.4	1018.7	-	14	
2019-12-22 19:00:00	34.6	북북서	339	15.76	31.84	0.49	4.7	0.84	4.5	4.0	남서	233	6.3	1018.6	-	42	
2019-12-22 19:05:00	35.7	북북서	340	15.76	31.78	0.47	4.8	0.64	4.5	4.2	서남서	238	6.3	1018.6	-	355	
2019-12-22 19:10:00	34.7	북북서	337	15.75	31.83	0.44	4.7	0.73	5.0	4.3	남서	235	6.2	1018.7	-	352	
2019-12-22 19:15:00	39.3	북북서	342	15.74	31.85	0.42	4.5	0.65	5.0	4.5	남서	222	6.1	1018.6	-	338	
2019-12-22 19:20:00	36.1	북북서	339	15.73	31.84	0.38	4.7	0.51	4.5	4.4	남서	224	6.1	1018.6	-	3	
2019-12-22 19:25:00	35.9	북북서	346	15.70	31.85	0.46	4.6	0.64	4.5	4.0	남서	227	6.2	1018.6	-	53	
2019-12-22 19:30:00	38.5	북북서	348	15.71	31.85	0.50	4.9	0.77	5.0	4.2	남서	233	6.1	1018.7	-	4	
2019-12-22 19:35:00	36.1	북	349	15.72	31.84	0.47	4.9	0.58	5.5	4.3	남서	235	6.1	1018.6	-	323	
2019-12-22 19:40:00	35.9	북북서	346	15.70	31.86	0.40	5.1	0.60	4.0	5.0	남서	226	6.1	1018.6	-	357	
2019-12-22 19:45:00	30.4	북북서	346	15.70	31.83	0.44	4.8	0.55	6.5	4.7	서남서	240	6.1	1018.7	-	58	
2019-12-22 19:50:00	32.3	북북서	346	15.69	31.81	0.43	4.9	0.59	4.0	4.4	남서	234	5.9	1018.6	-	34	
2019-12-22 19:55:00	32.6	북북서	345	15.67	31.84	0.47	5.6	0.61	4.0	4.2	서남서	242	6.3	1018.5	-	5	
2019-12-22 20:00:00	27.7	북북서	347	15.65	31.82	0.55	6.3	0.67	4.5	4.6	서남서	241	6.2	1018.6	-	31	
2019-12-22 20:05:00	32.6	북	349	15.62	31.84	0.50	6.7	0.68	6.5	4.8	서남서	237	6.1	1018.6	-	54	
2019-12-22 20:10:00	28.1	북북서	345	15.61	31.84	0.44	5.9	0.54	6.0	5.0	서남서	238	6.1	1018.6	-	30	
2019-12-22 20:15:00	30.0	북북서	345	15.59	31.85	0.50	5.7	0.67	6.5	5.3	서남서	242	6.1	1018.6	-	48	
2019-12-22 20:20:00	25.7	북북서	343	15.57	31.83	0.63	6.9	0.89	4.5	5.0	서남서	245	5.9	1018.6	-	46	
2019-12-22 20:25:00	22.8	북북서	345	15.55	31.86	0.65	7.2	0.87	8.0	4.8	서남서	239	6.0	1018.5	-	53	
2019-12-22 20:30:00	25.0	북북서	347	15.53	31.85	0.59	6.1	0.74	7.5	4.7	남서	230	6.1	1018.4	-	42	
2019-12-22 20:35:00	25.4	북북서	348	15.51	31.86	0.72	7.4	0.85	6.5	4.4	남서	233	6.4	1018.3	-	45	
2019-12-22 20:40:00	27.0	북북서	342	15.50	31.87	0.76	7.3	1.08	6.5	4.3	남서	234	6.4	1018.3	-	53	
2019-12-22 20:45:00	24.4	북북서	347	15.48	31.86	0.75	6.7	1.06	6.5	4.7	서남서	239	6.2	1018.3	-	55	
2019-12-22 20:50:00	22.9	북북서	344	15.47	31.85	0.60	6.4	0.76	7.0	5.2	서남서	245	6.0	1018.2	-	57	
2019-12-22 20:55:00	23.3	북	353	15.44	31.84	0.63	6.7	1.04	6.5	4.8	서남서	239	5.9	1018.2	-	58	
2019-12-22 21:00:00	22.6	북	353	15.43	31.85	0.77	7.1	0.96	7.0	4.6	남서	235	6.1	1018.2	-	47	
2019-12-22 21:05:00	27.3	북	356	15.44	31.85	0.91	7.4	1.11	8.0	4.6	서남서	239	6.0	1018.1	-	42	
2019-12-22 21:10:00	25.3	북	353	15.46	31.84	0.66	7.2	0.83	7.0	5.0	서남서	245	5.9	1018.1	-	37	
2019-12-22 21:15:00	22.0	북	349	15.45	31.84	0.81	7.7	1.03	7.0	4.9	서남서	242	5.8	1018.0	-	45	
2019-12-22 21:20:00	25.5	북	354	15.45	31.84	1.03	7.4	1.36	7.0	4.8	남서	228	6.0	1018.0	-	43	
2019-12-22 21:25:00	24.0	북	353	15.46	31.85	0.99	6.9	1.23	6.0	4.8	남서	225	5.6	1017.9	-	53	
2019-12-22 21:30:00	21.4	북	357	15.46	31.85	1.08	7.1	1.30	6.5	4.5	남서	230	5.8	1017.9	-	43	
2019-12-22 21:35:00	23.4	북	354	15.46	31.83	0.88	6.8	1.27	6.5	4.8	서남서	247	5.8	1018.0	-	48	
2019-12-22 21:40:00	18.3	북	355	15.45	31.85	0.92	6.8	1.18	6.5	4.6	서남서	241	5.5	1018.0	-	25	
2019-12-22 21:45:00	18.8	북북서	347	15.44	31.84	0.92	7.6	1.20	7.0	5.1	서남서	238	5.6	1017.9	-	45	
2019-12-22 21:50:00	16.1	북	351	15.44	31.84	1.06	7.2	1.29	6.5	5.7	서남서	241	5.7	1018.0	-	33	
2019-12-22 21:55:00	16.4	북북서	347	15.44	31.81	1.15	7.3	1.45	7.5	5.9	서남서	240	5.7	1018.0	-	35	
2019-12-22 22:00:00	18.4	북북서	345	15.43	31.82	0.83	6.9	1.04	7.0	5.6	남서	231	5.9	1018.0	-	42	
2019-12-22 22:05:00	19.4	북북서	342	15.42	31.82	0.86	7.0	1.03	7.5	5.6	남서	228	5.7	1017.9	-	38	
2019-12-22 22:10:00	15.5	북북서	335	15.41	31.83	0.89	6.3	1.11	7.0	5.6	남서	229	5.8	1017.8	-	16	
2019-12-22 22:15:00	15.6	북북서	343	15.42	31.82	1.16	7.0	1.58	6.5	5.2	남서	222	5.7	1017.8	-	37	
2019-12-22 22:20:00	15.7	북	356	15.40	31.84	1.00	7.1	1.19	6.5	4.6	남서	219	5.6	1017.6	-	31	
2019-12-22 22:25:00	16.2	북	352	15.40	31.82	0.90	7.0	1.26	7.0	4.2	남서	223	5.7	1017.6	-	39	
2019-12-22 22:30:00	15.8	북북서	333	15.39	31.80	0.98	7.2	1.40	7.0	3.8	남서	228	5.8	1017.6	-	31	
2019-12-22 22:35:00	18.3	북북서	347	15.37	31.80	0.99	7.0	1.35	6.0	4.2	남서	234	5.9	1017.7	-	66	
2019-12-22 22:40:00	14.8	북북서	339	15.38	31.82	1.26	7.0	1.51	7.0	4.8	서남서	242	5.8	1017.7	-	37	
2019-12-22 22:45:00	17.6	북북서	348	15.36	31.81	0.89	6.8	1.29	7.0	4.8	서남서	241	5.4	1017.6	-	45	
2019-12-22 22:50:00	14.2	북북서	339	15.37	31.83	0.97	7.1	1.22	6.5	5.1	서남서	243	5.4	1017.6	-	31	
2019-12-22 22:55:00	17.4	북북서	347	15.37	31.81	1.12	6.9	1.57	7.0	6.1	서남서	246	5.3	1017.6	-	40	
2019-12-22 23:00:00	14.5	북북서	343	15.36	31.84	1.16	6.8	1.68	6.5	6.0	서남서	247	5.3	1017.7	-	41	
2019-12-22 23:05:00	16.0	북북서	349	15.35	31.83	1.04	6.9	1.59	7.0	6.0	서남서	244	5.3	1017.6	-	52	
2019-12-22 23:10:00	10.1	북북서	344	15.35	31.80	1.11	7.1	1.71	6.5	5.6	남서	233	5.5	1017.3	-	48	
2019-12-22 23:15:00	11.2	북북서	344	15.33	31.82	1.23	6.9	1.62	7.0	5.1	남서	222	5.4	1017.0	-	37	
2019-12-22 23:20:00	12.9	북	352	15.32	31.82	1.13	7.1	1.60	7.0	4.6	남남서	211	5.4	1016.9	-	38	
2019-12-22 23:25:00	11.2	북북서	340	15.34	31.79	1.14	6.9	1.55	7.0	4.8	남남서	204	5.8	1016.8	-	39	
2019-12-22 23:30:00	11.3	북북서	327	15.34	31.83	1.28	7.3	1.56	7.5	4.9	남남서	208	6.1	1016.7	-	39	
2019-12-22 23:35:00	14.9	북북서	330	15.32	31.82	1.29	7.1	1.65	7.0	4.6	남남서	202	5.9	1016.8	-	49	
2019-12-22 23:40:00	9.7	북북서	341	15.34	31.82	0.95	7.3	1.51	6.5	3.7	남서	232	5.9	1016.9	-	36	
2019-12-22 23:45:00	15.3	북북서	333	15.33	31.84	1.08	6.8	1.46	7.5	4.1	서남서	237	5.7	1017.0	-	37	
2019-12-22 23:50:00	15.7	북서	324	15.34	31.83	0.99	6.7	1.27	6.5	5.7	서남서	240	5.5	1017.1	-	54	
2019-12-22 23:55:00	14.1	북북서	337	15.35	31.84	1.25	6.9	1.51	6.5	5.0	남서	230	5.5	1016.9	-	40	
2019-12-23 00:00:00	11.9	북북서	346	15.35	31.82	0.87	6.7	1.18	7.0	4.6	남서	227	5.6	1016.8	-	47	
2019-12-23 00:05:00	12.5	북북서	331	15.35	31.84	0.98	6.7	1.20	7.0	3.5	남서	224	5.3	1016.5	-	59	
2019-12-23 00:10:00	19.0	북북서	329	15.35	31.86	1.30	7.2	1.78	7.0	3.9	서남서	239	5.5	1016.6	-	43	
2019-12-23 00:15:00	13.6	북서	314	15.38	31.85	0.96	6.7	1.42	6.5	4.5	서남서	251	5.5	1016.7	-	57	
2019-12-23 00:20:00	14.6	북북서	330	15.36	31.84	1.34	7.0	1.80	6.5	4.7	서남서	245	5.4	1016.6	-	58	
2019-12-23 00:25:00	16.1	북북서	334	15.38	31.86	1.18	7.2	1.83	6.5	4.7	서남서	241	5.4	1016.6	-	50	
2019-12-23 00:30:00	14.2	북북서	332	15.39	31.85	0.95	7.2	1.38	6.0	4.4	남서	228	5.7	1016.6	-	38	
2019-12-23 00:35:00	15.1	북북서	334	15.39	31.83	1.04	6.8	1.54	6.5	4.5	남서	228	5.5	1016.5	-	46	
2019-12-23 00:40:00	13.2	북북서	329	15.39	31.83	1.26	6.8	1.80	6.5	4.0	남서	222	5.5	1016.4	-	18	
2019-12-23 00:45:00	14.8	북북서	331	15.39	31.82	1.30	7.1	1.73	7.5	5.0	남서	225	5.9	1016.4	-	42	
2019-12-23 00:50:00	13.3	북서	322	15.39	31.83	1.15	6.9	1.43	8.0	5.3	남서	230	6.0	1016.6	-	59	
2019-12-23 00:55:00	16.4	북북서	338	15.39	31.83	1.29	7.0	1.71	7.0	6.2	서남서	240	6.5	1016.7	-	49	
2019-12-23 01:00:00	14.2	북서	323	15.40	31.81	1.06	7.1	1.50	6.5	6.2	서남서	242	6.6	1016.8	-	43	
2019-12-23 01:05:00	10.1	북서	326	15.40	31.81	1.07	7.1	1.51	7.0	5.8	서남서	244	6.5	1016.9	-	40	
2019-12-23 01:10:00	11.0	북북서	342	15.38	31.82	1.06	6.8	1.40	7.5	5.0	서남서	245	6.6	1016.9	-	31	
2019-12-23 01:15:00	8.1	북북서	346	15.40	31.79	1.10	7.1	1.65	6.5	4.4	서남서	246	6.6	1017.0	-	18	
2019-12-23 01:20:00	14.8	북북서	332	15.38	31.80	1.10	7.0	1.43	7.5	5.3	서남서	240	6.8	1016.9	-	45	
2019-12-23 01:25:00	10.5	북서	323	15.39	31.82	1.07	7.2	2.02	6.5	5.8	남서	228	7.2	1016.9	-	53	
2019-12-23 01:30:00	11.7	북북서	346	15.39	31.79	1.27	7.5	1.64	7.5	6.1	남서	231	7.1	1016.9	-	37	
2019-12-23 01:35:00	15.7	북서	319	15.40	31.82	1.06	6.7	1.29	7.0	3.9	서남서	242	7.3	1016.9	-	77	
2019-12-23 01:40:00	12.4	북서	325	15.39	31.81	1.29	7.1	1.77	7.0	5.5	남서	231	7.7	1016.8	-	40	
2019-12-23 01:45:00	13.3	북북서	332	15.39	31.83	1.10	6.7	1.40	7.0	4.9	남서	216	7.2	1016.8	-	51	
2019-12-23 01:50:00	14.0	북서	324	15.40	31.82	1.07	6.9	1.45	7.0	5.3	남서	215	7.2	1016.9	-	13	
2019-12-23 01:55:00	10.2	북북서	330	15.41	31.81	1.28	7.0	1.59	7.0	6.3	남남서	213	7.2	1016.8	-	48	
2019-12-23 02:00:00	14.2	북북서	342	15.40	31.80	1.34	7.3	2.22	7.0	5.9	남서	217	7.5	1016.8	-	30	
2019-12-23 02:05:00	18.0	북북서	330	15.42	31.82	1.14	6.8	1.87	7.5	5.3	남서	223	7.4	1016.9	-	17	
2019-12-23 02:10:00	12.0	북북서	335	15.43	31.82	1.26	7.3	1.82	7.0	4.8	남서	218	7.3	1016.8	-	30	
2019-12-23 02:15:00	15.1	북서	319	15.43	31.82	1.01	6.7	1.30	6.5	5.1	남서	221	7.3	1016.8	-	48	
2019-12-23 02:20:00	13.0	북서	326	15.42	31.82	1.31	7.3	1.94	7.5	5.1	남서	226	7.2	1016.8	-	43	
2019-12-23 02:25:00	18.2	북서	324	15.41	31.82	1.22	7.5	1.85	6.0	5.4	남서	226	7.3	1016.8	-	25	
2019-12-23 02:30:00	21.4	북서	326	15.42	31.83	1.09	6.9	1.50	7.0	6.3	남서	235	7.5	1016.8	-	19	
2019-12-23 02:35:00	17.7	북서	322	15.43	31.78	0.95	6.6	1.53	7.0	6.2	남서	233	7.5	1016.7	-	21	
2019-12-23 02:40:00	21.6	북북서	328	15.43	31.82	1.11	6.8	1.53	6.0	5.9	남서	233	7.3	1016.7	-	26	
2019-12-23 02:45:00	18.3	북북서	332	15.43	31.81	1.34	7.0	2.15	6.5	6.2	남서	232	7.3	1016.7	-	47	
2019-12-23 02:50:00	18.3	북서	322	15.46	31.81	1.09	7.2	1.66	7.5	6.4	남서	229	7.3	1016.7	-	23	
2019-12-23 02:55:00	20.0	북북서	329	15.44	31.78	1.13	7.3	1.82	7.5	6.6	남서	226	7.2	1016.7	-	28	
2019-12-23 03:00:00	23.1	북북서	335	15.43	31.79	1.14	6.8	1.44	6.5	7.0	남서	223	7.2	1016.7	-	37	
2019-12-23 03:05:00	22.5	북북서	345	15.39	31.79	1.08	7.2	1.28	6.5	6.0	남서	224	7.2	1016.7	-	47	
2019-12-23 03:10:00	20.1	북북서	329	15.38	31.80	0.93	6.7	1.25	7.0	6.1	남서	220	7.1	1016.6	-	37	
2019-12-23 03:15:00	20.2	북북서	342	15.38	31.78	1.07	7.2	1.43	7.0	5.6	남서	218	7.0	1016.7	-	39	
2019-12-23 03:20:00	19.0	북북서	347	15.40	31.76	1.00	7.0	1.39	7.5	5.3	남서	223	6.8	1016.7	-	56	
2019-12-23 03:25:00	18.0	북북서	332	15.42	31.75	1.08	6.6	1.63	6.5	4.6	남서	224	6.8	1016.6	-	37	
2019-12-23 03:30:00	22.2	북북서	343	15.44	31.79	1.28	7.2	1.80	7.0	5.3	남서	225	6.8	1016.7	-	39	
2019-12-23 03:35:00	19.6	북북서	337	15.46	31.81	1.06	7.1	1.40	7.0	5.5	남서	223	6.7	1016.7	-	54	
2019-12-23 03:40:00	18.9	북북서	336	15.46	31.81	0.98	7.2	1.58	7.5	5.4	남서	221	6.8	1016.7	-	42	
2019-12-23 03:45:00	21.1	북북서	335	15.46	31.81	0.80	7.0	1.03	7.0	6.4	남서	223	6.9	1016.6	-	22	
2019-12-23 03:50:00	21.0	북북서	330	15.48	31.78	1.12	7.1	1.35	7.5	5.9	남서	224	6.6	1016.6	-	59	
2019-12-23 03:55:00	20.7	북북서	335	15.47	31.81	0.92	7.0	1.17	7.5	5.9	남서	224	6.8	1016.6	-	56	
2019-12-23 04:00:00	21.2	북북서	330	15.50	31.79	0.92	6.8	1.34	7.0	6.0	남서	226	6.7	1016.5	-	25	
2019-12-23 04:05:00	22.0	북북서	337	15.49	31.79	0.80	6.8	1.03	6.5	5.9	남서	230	6.9	1016.5	-	62	
2019-12-23 04:10:00	22.8	북북서	335	15.50	31.80	0.85	7.0	1.17	7.0	5.9	남서	230	6.8	1016.6	-	44	
2019-12-23 04:15:00	-	-	-	-	-	-	-	-	-	-	-	-	-	-	-	-	
2019-12-23 04:20:00	19.7	북북서	337	15.51	31.76	0.00	0.0	0.00	0.0	4.9	서남서	248	7.0	1016.7	-	49	
2019-12-23 04:25:00	21.4	북북서	341	15.49	31.73	1.04	6.9	1.30	7.0	4.5	서남서	257	6.7	1016.7	-	49	
2019-12-23 04:30:00	17.7	북북서	344	15.48	31.78	1.21	7.0	1.57	7.0	4.0	서북서	290	6.5	1016.8	-	27	
2019-12-23 04:35:00	23.0	북북서	337	15.48	31.81	1.03	7.2	1.41	6.0	2.3	서남서	256	6.3	1016.7	-	55	
2019-12-23 04:40:00	21.1	북북서	327	15.48	31.78	0.89	6.9	1.21	7.0	3.3	서	265	6.5	1016.8	-	37	
2019-12-23 04:45:00	19.8	북북서	331	15.48	31.80	1.22	7.1	1.48	7.5	3.7	서북서	284	6.5	1016.9	-	45	
2019-12-23 04:50:00	20.8	북북서	331	15.49	31.79	1.11	7.0	1.41	7.5	2.9	서북서	289	6.3	1016.8	-	43	
2019-12-23 04:55:00	18.4	북북서	330	15.50	31.76	0.96	6.9	1.17	5.5	3.3	서	269	6.4	1016.9	-	40	
2019-12-23 05:00:00	18.8	북북서	337	15.49	31.78	1.09	6.5	1.54	6.5	2.9	서북서	284	6.6	1016.9	-	27	
2019-12-23 05:05:00	19.4	북북서	329	15.49	31.78	0.97	6.7	1.41	7.5	2.6	서	273	6.6	1016.9	-	28	
2019-12-23 05:10:00	18.8	북북서	345	15.49	31.80	0.93	7.1	1.28	7.0	3.1	서남서	258	6.6	1017.0	-	54	
2019-12-23 05:15:00	21.1	북북서	332	15.51	31.81	1.10	6.7	1.46	6.5	2.7	서남서	250	6.6	1017.0	-	55	
2019-12-23 05:20:00	20.1	북북서	327	15.55	31.81	1.10	6.7	1.89	6.5	2.8	서남서	255	6.7	1017.0	-	18	
2019-12-23 05:25:00	19.9	북북서	334	15.53	31.82	1.17	7.2	1.60	7.0	3.3	서남서	249	6.8	1017.1	-	49	
2019-12-23 05:30:00	19.8	북북서	328	15.54	31.80	1.04	6.8	1.49	6.5	3.4	서	259	6.5	1017.0	-	39	
2019-12-23 05:35:00	20.4	북북서	343	15.53	31.80	1.16	6.8	1.84	7.0	2.6	서남서	258	6.5	1017.0	-	41	
2019-12-23 05:40:00	20.6	북서	324	15.51	31.76	0.96	6.8	1.54	6.5	2.9	서남서	240	6.7	1017.0	-	19	
2019-12-23 05:45:00	16.1	북북서	329	15.50	31.77	0.97	6.6	1.34	6.5	2.9	서남서	237	6.7	1016.9	-	35	
2019-12-23 05:50:00	16.3	북북서	330	15.51	31.79	1.22	6.9	1.53	6.5	2.6	서남서	245	6.5	1017.0	-	35	
2019-12-23 05:55:00	19.3	북북서	341	15.52	31.78	0.92	6.3	1.13	6.0	1.7	남서	234	6.6	1016.9	-	45	
2019-12-23 06:00:00	15.1	북서	322	15.53	31.79	0.91	6.9	1.01	6.5	1.4	남남서	194	6.5	1016.9	-	65	
2019-12-23 06:05:00	18.1	북서	326	15.52	31.78	0.98	6.6	1.22	7.0	3.5	남서	231	6.7	1017.0	-	51	
2019-12-23 06:10:00	21.3	북서	313	15.55	31.78	1.17	6.8	1.52	7.0	1.6	남남서	209	6.6	1017.0	-	35	
2019-12-23 06:15:00	18.0	북서	325	15.57	31.81	1.04	7.0	1.41	7.0	2.7	남서	220	6.7	1017.0	-	64	
2019-12-23 06:20:00	20.5	북북서	331	15.55	31.77	1.04	7.0	1.31	6.0	2.5	남서	232	6.6	1017.1	-	50	
2019-12-23 06:25:00	21.7	북북서	335	15.54	31.80	1.04	6.8	1.36	7.5	2.6	서남서	239	6.5	1017.2	-	39	
2019-12-23 06:30:00	19.4	북북서	327	15.54	31.79	1.23	6.9	1.38	6.5	2.1	서남서	256	6.4	1017.3	-	41	
2019-12-23 06:35:00	23.2	북북서	334	15.53	31.78	0.96	6.9	1.09	7.0	1.4	서남서	252	6.1	1017.4	-	36	
2019-12-23 06:40:00	19.9	북북서	339	15.52	31.75	1.06	6.4	1.40	7.5	1.7	서	261	6.0	1017.4	-	40	
2019-12-23 06:45:00	19.6	북북서	343	15.52	31.79	0.84	6.6	1.31	6.5	1.8	서	278	6.2	1017.5	-	39	
2019-12-23 06:50:00	23.5	북북서	338	15.53	31.82	0.99	6.7	1.58	6.0	2.7	북서	307	6.4	1017.5	-	18	
2019-12-23 06:55:00	26.4	북북서	332	15.52	31.80	0.85	6.7	1.13	5.5	2.4	서북서	288	6.3	1017.5	-	37	
2019-12-23 07:00:00	24.8	북북서	347	15.51	31.80	1.11	7.0	1.42	6.0	2.5	서	268	6.5	1017.5	-	24	
2019-12-23 07:05:00	26.0	북서	319	15.51	31.82	0.98	7.0	1.25	7.0	2.1	서	260	6.2	1017.6	-	43	
2019-12-23 07:10:00	26.6	북서	318	15.52	31.81	1.12	6.7	1.56	6.5	2.6	서남서	257	6.3	1017.6	-	44	
2019-12-23 07:15:00	26.5	북서	325	15.53	31.80	1.18	7.2	1.58	6.0	3.2	서남서	254	6.2	1017.7	-	40	
2019-12-23 07:20:00	26.6	북북서	333	15.52	31.80	1.04	6.7	1.29	6.0	2.7	서	265	6.2	1017.8	-	39	
2019-12-23 07:25:00	27.2	북서	325	15.55	31.83	1.20	7.1	1.58	7.5	3.4	서북서	282	6.5	1017.9	-	44	
2019-12-23 07:30:00	26.8	북북서	332	15.54	31.81	0.93	6.5	1.15	6.0	4.2	서	259	6.3	1017.9	-	24	
2019-12-23 07:35:00	26.1	북북서	332	15.51	31.83	1.11	6.9	1.49	7.0	4.2	서북서	287	6.4	1017.9	-	37	
2019-12-23 07:40:00	26.2	북북서	327	15.51	31.83	0.92	6.5	1.09	7.0	5.0	서북서	295	6.5	1017.8	-	39	
2019-12-23 07:45:00	22.6	북북서	338	15.50	31.83	1.22	6.9	1.53	7.0	5.6	서북서	289	6.6	1017.9	-	37	
2019-12-23 07:50:00	22.2	북북서	344	15.52	31.84	1.12	6.8	1.31	7.5	6.4	서북서	296	6.7	1017.8	-	40	
2019-12-23 07:55:00	23.5	북북서	337	15.51	31.87	1.00	6.5	1.63	5.5	6.0	서북서	293	6.8	1017.9	-	36	
2019-12-23 08:00:00	21.7	북북서	336	15.50	31.81	1.03	6.3	1.34	5.5	5.4	서북서	293	6.7	1018.1	-	35	
2019-12-23 08:05:00	22.6	북서	322	15.49	31.82	1.11	6.6	1.43	6.5	5.5	서북서	298	6.7	1018.1	-	43	
2019-12-23 08:10:00	17.5	북북서	328	15.48	31.85	1.33	6.7	2.01	7.0	5.1	서	273	6.7	1018.2	-	31	
2019-12-23 08:15:00	19.3	북서	320	15.47	31.83	1.03	6.4	1.30	5.5	5.1	서남서	257	6.3	1018.1	-	38	
2019-12-23 08:20:00	26.7	북북서	335	15.49	31.85	1.15	6.5	1.74	7.0	4.6	서남서	246	6.1	1018.1	-	34	
2019-12-23 08:25:00	23.1	북북서	335	15.50	31.86	1.18	6.9	1.72	6.5	4.0	서남서	250	6.0	1018.2	-	40	
2019-12-23 08:30:00	20.7	북서	321	15.51	31.86	0.90	6.9	1.43	6.0	3.4	남서	233	5.9	1018.3	-	26	
2019-12-23 08:35:00	24.8	북북서	333	15.49	31.87	1.06	5.9	1.32	5.5	3.3	남서	218	6.0	1018.4	-	20	
2019-12-23 08:40:00	22.0	북북서	333	15.49	31.87	1.05	7.0	1.49	7.5	1.9	남서	234	6.1	1018.5	-	45	
2019-12-23 08:45:00	19.6	북북서	327	15.48	31.87	1.12	6.7	1.30	6.0	0.6	남서	234	6.4	1018.6	-	67	
2019-12-23 08:50:00	28.4	북북서	337	15.48	31.87	1.00	6.5	1.46	6.5	2.1	남남서	202	6.6	1018.6	-	34	
2019-12-23 08:55:00	28.0	북북서	337	15.49	31.87	1.05	6.9	1.27	7.0	2.3	남서	214	6.6	1018.7	-	29	
2019-12-23 09:00:00	25.1	북북서	337	15.48	31.85	1.01	6.5	1.60	6.5	2.8	남서	215	6.9	1018.6	-	31	
2019-12-23 09:05:00	25.1	북북서	336	15.46	31.87	0.98	6.7	1.25	7.5	3.9	남서	217	7.0	1018.6	-	33	
2019-12-23 09:10:00	25.4	북북서	341	15.45	31.84	1.06	6.5	1.50	6.5	3.7	남서	229	7.3	1018.6	-	36	
2019-12-23 09:15:00	24.2	북북서	340	15.44	31.87	1.20	7.1	1.73	7.0	4.3	남서	234	7.5	1018.7	-	53	
2019-12-23 09:20:00	26.6	북북서	337	15.44	31.85	1.02	6.5	1.56	6.5	4.3	서	263	7.8	1018.7	-	43	
2019-12-23 09:25:00	24.0	북	350	15.44	31.85	0.86	6.3	1.52	5.5	5.2	서	277	8.0	1018.7	-	21	
2019-12-23 09:30:00	24.9	북북서	337	15.43	31.87	0.91	6.8	1.15	6.5	4.5	서	266	8.1	1018.7	-	60	
2019-12-23 09:35:00	25.9	북북서	347	15.43	31.86	0.83	6.6	1.09	6.5	5.2	서	276	8.1	1018.7	-	27	
2019-12-23 09:40:00	18.9	북북서	343	15.42	31.86	0.95	6.5	1.17	6.0	5.8	서북서	285	8.4	1018.8	-	29	
2019-12-23 09:45:00	18.1	북북서	343	15.42	31.85	1.01	6.7	1.29	6.5	5.5	서북서	291	8.2	1018.8	-	34	
2019-12-23 09:50:00	20.8	북북서	346	15.42	31.86	1.05	6.7	1.31	6.5	5.2	서북서	296	8.2	1018.9	-	21	
2019-12-23 09:55:00	23.7	북북서	348	15.41	31.86	0.79	6.0	1.17	6.0	6.5	서북서	298	8.1	1019.0	-	24	
2019-12-23 10:00:00	22.1	북	353	15.40	31.87	1.07	6.4	1.51	6.5	6.7	서북서	298	8.4	1018.9	-	33	
2019-12-23 10:05:00	25.8	북	3	15.40	31.85	1.17	6.4	2.16	6.5	7.1	서북서	295	8.6	1018.9	-	25	
2019-12-23 10:10:00	28.5	북북동	19	15.38	31.88	1.01	6.7	1.35	6.5	6.5	서북서	300	8.5	1018.9	-	52	
2019-12-23 10:15:00	19.3	북	349	15.38	31.85	0.81	6.2	1.06	6.5	7.3	서북서	289	8.5	1018.9	-	29	
2019-12-23 10:20:00	15.4	북북서	348	15.36	31.85	0.97	6.7	1.26	6.0	6.4	서북서	293	8.4	1019.0	-	14	
2019-12-23 10:25:00	34.1	북북동	20	15.35	31.84	0.97	6.7	1.31	6.5	6.5	서북서	292	8.3	1019.1	-	50	
2019-12-23 10:30:00	11.1	북북동	34	15.34	31.85	0.99	6.3	1.45	6.0	5.1	서북서	299	8.6	1019.1	-	27	
2019-12-23 10:35:00	2.6	서북서	303	15.34	31.86	1.09	6.4	1.99	6.5	6.2	서북서	289	8.7	1019.1	-	20	
2019-12-23 10:40:00	32.7	북	352	15.34	31.85	1.01	6.6	1.40	5.5	6.1	서북서	284	8.7	1019.1	-	34	
2019-12-23 10:45:00	23.1	북북동	20	15.33	31.86	1.25	6.7	1.84	6.5	6.3	북서	313	8.8	1019.2	-	33	
2019-12-23 10:50:00	35.6	북북서	348	15.33	31.86	0.84	6.3	1.20	5.0	6.5	북서	325	8.9	1019.2	-	348	
2019-12-23 10:55:00	18.0	북	10	15.32	31.86	0.95	6.5	1.37	7.0	6.1	북서	321	8.9	1019.2	-	39	
2019-12-23 11:00:00	7.6	서북서	286	15.33	31.87	1.08	6.4	1.60	6.0	6.2	북서	309	8.9	1019.2	-	31	
2019-12-23 11:05:00	7.2	북북서	336	15.32	31.86	1.00	6.6	1.34	6.5	6.5	북서	311	8.7	1019.2	-	18	
2019-12-23 11:10:00	8.8	서남서	247	15.33	31.87	0.77	5.8	1.02	5.5	6.7	북서	317	8.8	1019.1	-	348	
2019-12-23 11:15:00	11.7	북서	312	15.32	31.84	1.17	6.5	1.43	6.5	7.3	북서	314	8.8	1019.1	-	27	
2019-12-23 11:20:00	12.7	북북서	341	15.31	31.85	0.96	5.5	1.16	5.5	7.8	북서	324	8.9	1019.0	-	25	
2019-12-23 11:25:00	-	-	-	15.31	31.82	0.00	0.0	0.00	0.0	9.4	북북서	342	8.8	1018.9	-	29	
2019-12-23 11:30:00	-	-	-	15.31	31.83	0.93	6.0	1.49	5.0	8.9	북북서	333	8.9	1018.9	-	39	
2019-12-23 11:35:00	-	-	-	15.31	31.84	1.08	6.2	1.31	6.0	7.7	북북서	333	8.8	1018.9	-	35	
2019-12-23 11:40:00	-	-	-	15.30	31.87	1.18	6.1	1.97	5.5	8.7	북북서	331	8.9	1018.9	-	47	
2019-12-23 11:45:00	-	-	-	15.29	31.89	1.40	6.1	1.68	6.0	8.3	북서	326	8.6	1019.0	-	34	
2019-12-23 11:50:00	-	-	-	15.30	31.88	1.14	6.5	1.51	6.0	8.7	북서	319	8.8	1018.9	-	10	
2019-12-23 11:55:00	-	-	-	15.30	31.89	1.25	6.3	1.87	7.0	8.3	북서	320	8.8	1018.9	-	17	
2019-12-23 12:00:00	-	-	-	15.30	31.89	1.30	6.5	1.62	6.5	7.9	북서	320	8.8	1018.9	-	27	
2019-12-23 12:05:00	-	-	-	15.29	31.86	1.09	6.2	1.34	6.0	7.8	북서	308	8.7	1018.8	-	39	
2019-12-23 12:10:00	-	-	-	15.28	31.85	1.26	5.8	1.84	5.0	8.0	북서	321	8.7	1018.8	-	0	
2019-12-23 12:15:00	-	-	-	15.30	31.85	1.36	6.8	1.71	6.5	7.7	북북서	328	8.8	1018.8	-	45	
2019-12-23 12:20:00	8.9	북서	316	15.30	31.87	1.74	6.5	2.59	6.0	7.0	북서	314	8.9	1018.8	-	20	
2019-12-23 12:25:00	11.6	북서	309	15.30	31.88	1.49	6.2	2.04	6.5	8.2	북서	315	8.9	1018.6	-	34	
2019-12-23 12:30:00	8.2	북북서	327	15.29	31.89	1.74	6.8	2.55	6.5	7.8	북서	322	8.9	1018.6	-	24	
2019-12-23 12:35:00	4.7	서북서	300	15.28	31.88	1.33	5.8	1.61	6.0	7.8	북서	326	8.9	1018.6	-	0	
2019-12-23 12:40:00	3.7	남	169	15.27	31.88	1.42	6.5	2.14	6.5	6.0	북서	323	9.3	1018.6	-	32	
2019-12-23 12:45:00	5.9	북서	306	15.25	31.85	1.90	6.6	3.22	6.5	6.5	북서	323	9.4	1018.6	-	13	
2019-12-23 12:50:00	9.5	북서	320	15.23	31.88	1.47	6.4	1.86	6.5	8.1	북북서	344	9.0	1018.6	-	14	
2019-12-23 12:55:00	8.9	서북서	293	15.24	31.89	1.59	6.4	2.06	6.0	6.9	북북서	332	8.9	1018.6	-	25	
2019-12-23 13:00:00	6.7	남서	230	15.24	31.88	1.66	6.5	2.36	6.0	7.2	북북서	339	9.0	1018.6	-	17	
2019-12-23 13:05:00	9.4	북북서	349	15.23	31.87	1.86	6.8	2.31	6.0	7.3	북북서	343	9.0	1018.6	-	23	
2019-12-23 13:10:00	5.2	서	263	15.22	31.90	1.75	6.4	2.71	7.0	5.8	북서	321	8.9	1018.7	-	38	
2019-12-23 13:15:00	5.4	남서	235	15.21	31.88	1.65	6.1	2.10	6.5	7.0	북북서	337	9.0	1018.6	-	22	
2019-12-23 13:20:00	14.2	서북서	295	15.20	31.88	1.90	6.4	2.49	7.0	5.9	북북서	327	9.1	1018.7	-	21	
2019-12-23 13:25:00	12.7	서북서	286	15.20	31.90	1.63	6.2	2.03	5.5	5.6	북서	319	8.9	1018.6	-	14	
2019-12-23 13:30:00	9.9	서북서	286	15.21	31.86	1.36	7.0	2.03	6.5	6.5	북서	309	9.1	1018.6	-	13	
2019-12-23 13:35:00	10.0	북서	315	15.20	31.87	1.77	7.0	2.10	7.5	5.7	북북서	327	9.0	1018.7	-	11	
2019-12-23 13:40:00	13.7	서북서	296	15.20	31.82	1.82	6.5	2.52	6.5	5.7	북서	311	9.2	1018.7	-	9	
2019-12-23 13:45:00	12.1	서남서	249	15.20	31.84	1.45	6.3	2.09	5.5	5.7	북서	324	9.0	1018.8	-	31	
2019-12-23 13:50:00	6.9	서북서	295	15.19	31.85	1.75	6.5	2.20	5.5	6.2	북북서	330	9.1	1018.8	-	18	
2019-12-23 13:55:00	11.0	동	79	15.18	31.85	1.63	6.9	2.16	7.0	6.6	북북서	333	9.0	1018.9	-	23	
2019-12-23 14:00:00	6.5	동북동	67	15.18	31.86	1.94	6.8	2.72	7.0	6.5	북북서	344	9.1	1019.0	-	15	
2019-12-23 14:05:00	15.2	남남동	164	15.17	31.87	1.92	6.5	2.24	6.5	8.3	북북서	341	9.3	1019.0	-	16	
2019-12-23 14:10:00	2.0	서남서	249	15.17	31.87	1.84	6.8	2.61	6.5	9.2	북	350	9.1	1019.1	-	7	
2019-12-23 14:15:00	5.0	북	5	15.16	31.87	1.63	6.7	2.19	6.5	9.2	북북서	348	8.8	1019.1	-	7	
2019-12-23 14:20:00	2.4	동	80	15.15	31.88	1.92	6.6	2.68	6.5	9.8	북	354	8.9	1019.0	-	18	
2019-12-23 14:25:00	1.6	남	170	15.14	31.93	1.79	6.3	3.48	6.5	10.1	북	349	9.0	1019.0	-	21	
2019-12-23 14:30:00	1.6	남동	142	15.14	31.88	1.69	6.9	2.44	6.5	9.8	북	354	8.9	1019.1	-	15	
2019-12-23 14:35:00	1.3	서북서	292	15.14	31.89	1.82	6.4	3.09	5.5	10.2	북	356	8.9	1019.0	-	8	
2019-12-23 14:40:00	11.2	서	274	15.13	31.89	2.15	7.3	3.27	6.0	9.8	북	352	8.9	1019.1	-	15	
2019-12-23 14:45:00	27.4	서	275	15.12	31.87	2.23	6.8	3.78	7.0	10.0	북	357	8.9	1019.2	-	25	
2019-12-23 14:50:00	11.6	북동	52	15.12	31.92	2.11	6.9	2.95	7.0	10.1	북	359	8.7	1019.3	-	27	
2019-12-23 14:55:00	13.6	서	267	15.12	31.92	1.94	7.3	2.80	6.5	10.1	북	358	8.7	1019.4	-	22	
2019-12-23 15:00:00	13.9	서	276	15.12	31.89	2.13	6.8	2.82	7.5	10.2	북	353	8.5	1019.5	-	17	
2019-12-23 15:05:00	19.5	북북서	334	15.12	31.91	1.73	6.7	2.31	6.0	9.9	북	353	8.6	1019.5	-	37	
2019-12-23 15:10:00	13.6	북북서	339	15.12	31.90	2.48	7.1	3.50	7.0	10.0	북	358	8.6	1019.6	-	32	
2019-12-23 15:15:00	1.8	북서	314	15.12	31.87	1.92	6.6	2.38	6.5	10.2	북	354	8.7	1019.6	-	32	
2019-12-23 15:20:00	3.3	남동	129	15.11	31.90	1.94	6.7	3.75	7.0	10.6	북	0	8.4	1019.5	-	36	
2019-12-23 15:25:00	17.5	남남서	200	15.12	31.92	2.32	7.1	3.39	6.5	10.1	북	358	8.4	1019.6	-	6	
2019-12-23 15:30:00	9.1	남동	139	15.14	31.93	2.14	7.0	2.57	7.0	11.0	북	3	8.4	1019.6	-	23	
2019-12-23 15:35:00	6.9	남동	144	15.15	31.97	2.08	7.3	2.72	7.0	10.4	북	1	8.3	1019.6	-	32	
2019-12-23 15:40:00	5.0	동북동	76	15.14	32.03	2.45	7.0	2.99	6.5	11.1	북	6	8.3	1019.8	-	31	
2019-12-23 15:45:00	1.2	남동	140	15.15	31.95	2.42	6.6	3.21	6.5	10.7	북	8	8.3	1019.8	-	36	
2019-12-23 15:50:00	8.0	남	191	15.13	31.95	2.26	6.4	2.79	7.0	10.4	북	5	8.4	1019.9	-	26	
2019-12-23 15:55:00	4.6	서	264	15.12	31.94	2.57	7.1	3.79	6.5	11.1	북	3	8.3	1019.9	-	37	
2019-12-23 16:00:00	8.9	서	264	15.12	31.94	2.80	7.2	3.87	7.5	11.0	북	3	8.3	1020.0	-	28	
2019-12-23 16:05:00	7.0	서남서	240	15.11	32.00	2.45	7.2	3.43	7.0	11.0	북	357	8.2	1020.1	-	35	
2019-12-23 16:10:00	6.1	서북서	282	15.11	32.02	2.53	6.9	3.61	6.5	10.9	북	1	8.0	1020.2	-	16	
2019-12-23 16:15:00	2.6	서	272	15.11	32.07	2.37	7.0	2.97	7.0	10.8	북	5	8.0	1020.3	-	23	
2019-12-23 16:20:00	0.3	남남동	149	15.11	32.09	2.67	7.2	3.26	6.5	10.4	북	357	8.1	1020.4	-	34	
2019-12-23 16:25:00	9.8	남서	215	15.09	32.09	2.26	6.9	2.76	7.0	10.5	북	7	8.0	1020.4	-	22	
2019-12-23 16:30:00	6.6	서남서	243	15.09	32.11	2.59	7.3	3.15	7.5	10.1	북	356	8.0	1020.4	-	36	
2019-12-23 16:35:00	7.7	남동	142	15.09	32.10	2.48	7.2	2.97	8.5	10.6	북	1	7.8	1020.5	-	28	
2019-12-23 16:40:00	8.3	남남서	194	15.08	32.12	2.14	6.8	3.01	6.0	10.6	북	3	7.6	1020.6	-	40	
2019-12-23 16:45:00	3.1	동	98	15.07	32.15	2.02	6.3	3.03	5.5	9.6	북	1	7.5	1020.7	-	42	
2019-12-23 16:50:00	4.1	서	269	15.07	32.14	2.69	7.5	3.71	7.0	10.1	북	7	7.1	1020.8	-	45	
2019-12-23 16:55:00	14.6	서	264	15.07	32.15	2.26	7.6	3.24	7.5	8.5	북북서	344	6.1	1021.1	-	53	
2019-12-23 17:00:00	1.3	북북서	332	15.05	32.16	2.97	7.8	4.09	6.5	6.9	북서	322	5.7	1021.2	-	26	
2019-12-23 17:05:00	5.3	남서	221	15.05	32.15	2.51	7.5	3.50	7.5	4.4	북북서	346	5.7	1021.4	-	49	
2019-12-23 17:10:00	3.7	남서	217	15.04	32.12	2.21	6.7	3.78	6.5	6.2	북북서	339	6.0	1021.5	-	26	
2019-12-23 17:15:00	5.5	서	268	15.05	32.14	2.44	7.6	3.07	8.0	6.2	북북서	343	6.2	1021.6	-	50	
2019-12-23 17:20:00	5.9	서	260	15.05	32.16	2.24	7.1	2.66	8.5	6.9	북북서	342	6.3	1021.7	-	30	
2019-12-23 17:25:00	3.5	남서	214	15.06	32.16	2.66	7.8	3.83	7.0	6.5	북북서	335	6.1	1021.7	-	35	
2019-12-23 17:30:00	4.9	남남서	200	15.07	32.13	2.12	6.7	2.54	7.5	6.1	북북서	332	6.0	1021.8	-	48	
2019-12-23 17:35:00	7.3	서	268	15.09	32.16	2.21	8.0	2.81	8.0	6.4	북북서	331	6.1	1021.8	-	39	
2019-12-23 17:40:00	6.2	서남서	247	15.10	32.12	2.53	7.0	3.70	6.0	5.0	북서	323	5.8	1021.9	-	40	
2019-12-23 17:45:00	1.3	서남서	244	15.10	32.12	2.17	7.3	2.70	7.0	6.3	북북서	329	6.0	1021.8	-	40	
2019-12-23 17:50:00	3.4	서남서	243	15.10	32.16	2.38	7.4	3.20	7.5	5.6	북서	323	5.8	1022.0	-	39	
2019-12-23 17:55:00	8.8	서	259	15.11	32.13	2.63	7.8	3.17	8.0	4.1	북서	312	5.8	1022.0	-	47	
2019-12-23 18:00:00	8.4	북서	313	15.12	32.14	2.46	7.9	2.95	7.0	3.2	북서	314	5.9	1022.0	-	54	
2019-12-23 18:05:00	5.4	서	260	15.14	32.17	1.85	7.5	2.18	9.0	4.3	북서	324	6.1	1022.1	-	40	
2019-12-23 18:10:00	8.7	서	270	15.13	32.18	2.36	8.0	3.03	7.5	5.9	북서	323	6.2	1022.1	-	44	
2019-12-23 18:15:00	3.9	서	260	15.14	32.16	2.66	7.5	2.89	7.0	5.4	북서	314	5.9	1022.1	-	46	
2019-12-23 18:20:00	1.6	북북서	344	15.12	32.19	3.14	8.2	3.69	7.5	4.3	북서	314	6.0	1022.2	-	45	
2019-12-23 18:25:00	5.7	서	278	15.12	32.19	2.01	7.5	2.33	7.0	3.6	북서	304	5.8	1022.2	-	46	
2019-12-23 18:30:00	4.9	서북서	291	15.12	32.19	2.22	7.6	3.37	9.5	3.5	북서	313	6.0	1022.2	-	69	
2019-12-23 18:35:00	6.4	서	280	15.11	32.18	2.30	7.3	2.67	7.0	2.6	북서	317	6.1	1022.2	-	43	
2019-12-23 18:40:00	3.5	북서	322	15.11	32.17	2.38	8.1	3.53	8.0	3.5	북서	318	6.3	1022.3	-	42	
2019-12-23 18:45:00	7.0	남서	226	15.11	32.22	2.37	8.1	3.39	7.5	3.7	북북서	340	6.5	1022.3	-	59	
2019-12-23 18:50:00	10.4	서	261	15.11	32.16	2.73	8.0	4.48	7.5	3.9	북북서	334	6.4	1022.3	-	48	
2019-12-23 18:55:00	3.7	북	5	15.09	32.18	2.54	7.3	3.39	7.0	3.5	북북서	329	6.4	1022.3	-	48	
2019-12-23 19:00:00	1.6	남남서	199	15.10	32.15	2.16	7.6	2.62	7.5	3.7	북북서	332	6.5	1022.4	-	50	
2019-12-23 19:05:00	6.3	서남서	239	15.11	32.13	2.09	7.1	3.04	6.5	3.6	북북서	332	6.4	1022.5	-	52	
2019-12-23 19:10:00	1.1	남동	135	15.09	32.17	2.39	7.4	3.00	7.5	4.2	북서	307	6.5	1022.5	-	52	
2019-12-23 19:15:00	9.1	서	261	15.10	32.14	2.49	7.9	3.20	8.0	3.8	서북서	296	6.3	1022.6	-	49	
2019-12-23 19:20:00	11.1	서남서	254	15.09	32.16	2.58	7.9	3.35	8.0	3.7	북서	309	6.5	1022.7	-	43	
2019-12-23 19:25:00	8.7	서북서	283	15.08	32.15	2.26	7.4	3.25	7.0	3.3	서북서	287	6.2	1022.7	-	64	
2019-12-23 19:30:00	3.1	서남서	255	15.08	32.13	2.61	7.8	3.45	8.0	2.9	서	271	6.2	1022.7	-	45	
2019-12-23 19:35:00	5.2	서북서	296	15.08	32.15	2.27	7.6	3.15	7.5	3.1	서남서	254	6.1	1022.8	-	57	
2019-12-23 19:40:00	5.3	서	271	15.05	32.15	2.47	8.0	3.24	8.5	3.5	서	262	5.8	1022.9	-	38	
2019-12-23 19:45:00	6.0	서	263	15.06	32.13	2.51	7.9	3.36	7.5	2.9	서	263	5.7	1022.9	-	54	
2019-12-23 19:50:00	4.3	북북서	343	15.06	32.15	2.30	7.5	3.16	8.0	2.7	서	259	5.7	1023.0	-	61	
2019-12-23 19:55:00	4.4	북	351	15.05	32.19	2.01	6.8	2.56	6.0	3.2	서남서	242	5.7	1023.0	-	44	
2019-12-23 20:00:00	3.4	서북서	292	15.04	32.14	2.21	7.3	2.77	8.0	3.4	서남서	245	5.6	1023.1	-	34	
2019-12-23 20:05:00	5.6	북서	318	15.04	32.16	2.21	7.7	3.04	8.0	3.5	서남서	250	5.9	1023.1	-	47	
2019-12-23 20:10:00	7.3	서북서	284	15.05	32.13	2.48	8.0	3.12	7.0	3.5	서남서	238	5.9	1023.2	-	54	
2019-12-23 20:15:00	6.0	서북서	294	15.04	32.12	2.11	7.5	3.33	7.0	3.7	서남서	244	5.8	1023.3	-	49	
2019-12-23 20:20:00	2.6	북북서	336	15.03	32.16	2.64	7.3	3.43	7.5	3.6	서남서	247	6.1	1023.4	-	45	
2019-12-23 20:25:00	4.1	서	263	15.01	32.15	2.32	7.8	2.79	7.0	3.2	서남서	241	6.1	1023.5	-	58	
2019-12-23 20:30:00	7.7	서	275	15.02	32.17	2.01	7.5	2.71	7.5	3.4	서남서	245	6.1	1023.5	-	55	
2019-12-23 20:35:00	8.7	서북서	300	15.03	32.14	2.44	7.6	2.96	8.0	3.3	남서	224	6.3	1023.5	-	66	
2019-12-23 20:40:00	3.0	북북서	329	15.01	32.12	2.14	7.7	2.79	7.0	2.8	서남서	238	6.3	1023.6	-	48	
2019-12-23 20:45:00	5.9	북서	312	15.03	32.12	2.15	8.4	2.91	7.5	2.7	남서	235	6.2	1023.7	-	50	
2019-12-23 20:50:00	4.8	서	267	15.05	32.13	1.96	7.4	3.09	7.5	2.4	서남서	238	6.3	1023.6	-	50	
2019-12-23 20:55:00	6.8	서북서	289	15.04	32.16	2.39	7.8	3.11	8.0	2.2	남서	231	6.4	1023.6	-	52	
2019-12-23 21:00:00	12.9	서북서	289	15.10	32.15	2.47	8.0	3.55	7.0	2.2	남서	233	6.2	1023.6	-	51	
2019-12-23 21:05:00	7.5	북서	319	15.09	32.15	2.49	8.3	3.31	8.0	1.9	남서	225	6.1	1023.7	-	55	
2019-12-23 21:10:00	9.3	북서	325	15.16	32.16	2.24	8.1	2.44	8.5	1.9	남서	235	6.3	1023.6	-	61	
2019-12-23 21:15:00	5.5	서북서	290	15.16	32.17	2.12	8.0	2.57	7.5	2.2	남서	235	6.3	1023.6	-	61	
2019-12-23 21:20:00	11.4	서북서	303	15.16	32.19	2.38	8.3	2.79	8.0	2.6	남서	220	6.3	1023.6	-	58	
2019-12-23 21:25:00	10.0	서북서	292	15.15	32.14	2.02	8.0	2.66	8.0	2.9	남서	223	6.3	1023.5	-	41	
2019-12-23 21:30:00	5.6	서북서	295	15.13	32.14	1.85	7.3	2.91	7.0	4.0	남서	224	6.2	1023.6	-	74	
2019-12-23 21:35:00	15.6	서북서	290	15.14	32.17	2.25	7.5	2.94	7.5	3.5	남서	232	6.2	1023.6	-	41	
2019-12-23 21:40:00	13.1	서북서	303	15.13	32.13	2.52	8.2	3.06	8.0	3.3	남서	230	6.3	1023.7	-	55	
2019-12-23 21:45:00	9.5	서북서	293	15.11	32.11	2.10	7.6	2.94	8.0	3.2	서남서	243	6.5	1023.7	-	56	
2019-12-23 21:50:00	10.1	서북서	297	15.11	32.14	1.76	6.7	2.73	7.0	3.6	서남서	247	6.3	1023.7	-	52	
2019-12-23 21:55:00	9.4	북서	305	15.11	32.15	2.47	8.3	3.16	7.5	3.5	서남서	248	6.2	1023.7	-	49	
2019-12-23 22:00:00	8.5	북서	307	15.10	32.16	1.84	8.1	2.33	8.5	4.1	서남서	238	6.1	1023.7	-	52	
2019-12-23 22:05:00	10.8	북서	309	15.10	32.18	1.94	7.2	2.83	6.5	3.7	서남서	245	6.2	1023.8	-	39	
2019-12-23 22:10:00	8.4	북서	326	15.09	32.16	1.77	7.8	1.91	7.5	3.2	서	259	6.3	1023.9	-	56	
2019-12-23 22:15:00	16.9	북서	314	15.10	32.21	1.86	7.9	2.84	8.0	3.1	서남서	245	6.2	1023.9	-	52	
2019-12-23 22:20:00	8.3	북서	321	15.13	32.18	1.99	7.6	3.05	7.0	3.2	서남서	254	6.1	1024.0	-	40	
2019-12-23 22:25:00	13.5	북서	319	15.15	32.16	1.71	7.7	2.11	8.0	3.1	서	269	6.2	1024.0	-	60	
2019-12-23 22:30:00	18.5	북서	313	15.16	32.18	1.83	7.9	2.27	8.5	3.2	서	265	6.1	1024.0	-	50	
2019-12-23 22:35:00	18.8	북서	318	15.16	32.16	1.57	8.1	2.02	7.5	3.3	서남서	250	6.1	1024.1	-	41	
2019-12-23 22:40:00	19.3	북서	318	15.16	32.20	1.55	7.0	2.08	7.5	2.8	서남서	243	5.8	1024.1	-	51	
2019-12-23 22:45:00	18.6	북서	325	15.18	32.18	2.00	7.9	2.47	8.5	2.7	서남서	243	5.8	1024.1	-	25	
2019-12-23 22:50:00	15.5	북서	308	15.19	32.16	1.98	8.0	2.35	8.0	2.7	서남서	255	6.0	1024.1	-	51	
2019-12-23 22:55:00	18.5	북서	318	15.11	32.15	1.80	7.8	2.47	7.0	3.2	서남서	249	5.7	1024.1	-	31	
2019-12-23 23:00:00	22.9	북서	311	15.18	32.20	1.76	7.2	2.47	7.5	3.6	서남서	248	5.2	1024.2	-	32	
2019-12-23 23:05:00	20.9	북서	315	15.19	32.17	1.73	7.5	2.60	7.0	3.3	서남서	255	4.9	1024.3	-	58	
2019-12-23 23:10:00	13.8	북서	314	15.11	32.11	1.70	7.4	2.27	6.5	3.2	서남서	253	5.0	1024.4	-	54	
2019-12-23 23:15:00	18.0	북서	311	15.19	32.19	1.61	7.3	2.14	7.0	2.6	서남서	247	4.9	1024.5	-	3	
2019-12-23 23:20:00	16.0	북서	317	15.20	32.16	1.92	7.9	2.24	7.5	2.4	서남서	243	5.1	1024.5	-	50	
2019-12-23 23:25:00	17.2	북서	314	15.18	32.20	1.87	7.7	2.53	7.5	1.9	서	260	5.2	1024.5	-	36	
2019-12-23 23:30:00	16.4	북북서	330	15.19	32.13	2.32	7.9	2.63	9.0	2.5	서	265	5.4	1024.6	-	57	
2019-12-23 23:35:00	15.8	북서	322	15.18	32.14	1.96	8.0	2.80	8.0	1.9	서	266	5.4	1024.6	-	39	
2019-12-23 23:40:00	17.3	북서	319	15.18	32.18	1.94	8.0	2.52	8.5	1.9	서	272	5.5	1024.6	-	43	
2019-12-23 23:45:00	20.8	북서	311	15.18	32.18	1.88	7.5	2.38	6.0	2.0	서	273	5.6	1024.6	-	40	
2019-12-23 23:50:00	17.1	북서	319	15.18	32.17	2.04	7.8	2.46	7.0	2.1	서	262	5.5	1024.6	-	38	
2019-12-23 23:55:00	22.9	북서	313	15.24	32.19	1.79	7.5	2.32	7.0	1.9	서	273	5.6	1024.5	-	51	
2019-12-24 00:00:00	19.1	북서	320	15.21	32.15	1.87	7.6	2.19	7.0	2.1	서남서	242	5.3	1024.5	-	45	
2019-12-24 00:05:00	22.6	북북서	334	15.25	32.17	1.76	7.4	2.32	7.5	2.6	서남서	252	5.2	1024.6	-	41	
2019-12-24 00:10:00	22.1	북서	313	15.21	32.16	1.63	7.6	2.30	7.5	2.0	서남서	245	5.1	1024.5	-	56	
2019-12-24 00:15:00	22.0	북서	323	15.21	32.19	1.61	7.6	2.34	7.0	2.9	서남서	251	5.2	1024.5	-	43	
2019-12-24 00:20:00	24.8	북서	321	15.24	32.17	2.53	8.2	3.14	7.5	3.5	서남서	244	5.2	1024.4	-	41	
2019-12-24 00:25:00	25.7	북서	322	15.21	32.17	2.14	7.8	2.84	8.0	4.1	서남서	237	5.2	1024.4	-	50	
2019-12-24 00:30:00	24.6	북서	323	15.20	32.18	1.82	7.7	3.19	7.5	4.4	서남서	242	5.0	1024.4	-	55	
2019-12-24 00:35:00	26.2	북서	315	15.22	32.19	1.64	7.9	2.49	7.5	5.0	서남서	240	4.8	1024.3	-	56	
2019-12-24 00:40:00	27.5	북북서	330	15.22	32.19	1.73	7.3	2.23	8.0	5.1	서남서	242	4.7	1024.3	-	54	
2019-12-24 00:45:00	23.9	북서	324	15.27	32.20	1.83	7.6	2.82	8.5	5.5	서남서	243	4.8	1024.4	-	45	
2019-12-24 00:50:00	25.7	북서	325	15.26	32.19	1.67	7.5	2.27	7.0	5.3	서남서	240	5.0	1024.4	-	49	
2019-12-24 00:55:00	26.4	북서	317	15.26	32.17	1.81	7.3	2.13	7.5	5.5	서남서	244	4.8	1024.4	-	39	
2019-12-24 01:00:00	22.7	북서	324	15.25	32.16	1.72	7.5	2.39	8.0	5.0	서남서	239	4.9	1024.5	-	44	
2019-12-24 01:05:00	24.6	북서	326	15.27	32.17	1.69	7.9	2.39	8.5	5.3	서남서	243	4.6	1024.4	-	40	
2019-12-24 01:10:00	25.7	북서	319	15.26	32.17	1.96	7.5	2.74	7.5	4.9	서남서	242	4.4	1024.3	-	40	
2019-12-24 01:15:00	24.1	북서	326	15.23	32.16	1.38	7.2	1.93	7.0	4.6	서남서	248	4.7	1024.3	-	35	
2019-12-24 01:20:00	24.0	북서	318	15.24	32.17	1.72	7.6	2.25	8.0	4.7	서남서	250	4.7	1024.3	-	42	
2019-12-24 01:25:00	20.9	북서	325	15.24	32.16	1.57	7.1	2.14	7.0	4.8	서남서	244	4.6	1024.3	-	34	
2019-12-24 01:30:00	19.9	북북서	329	15.23	32.17	1.65	7.0	2.26	8.0	4.6	서남서	246	4.6	1024.3	-	52	
2019-12-24 01:35:00	20.4	북북서	332	15.23	32.18	1.60	7.3	2.02	7.0	5.2	서남서	243	4.8	1024.3	-	43	
2019-12-24 01:40:00	24.0	북북서	329	15.22	32.18	1.93	7.5	2.61	7.5	5.0	서남서	246	4.5	1024.3	-	34	
2019-12-24 01:45:00	21.4	북북서	328	15.22	32.08	1.66	7.5	2.22	8.5	5.0	서남서	245	4.6	1024.3	-	36	
2019-12-24 01:50:00	19.5	북서	324	15.21	32.12	1.80	7.6	2.47	7.0	5.1	서남서	244	4.6	1024.4	-	34	
2019-12-24 01:55:00	23.4	북서	316	15.22	32.12	1.48	7.6	1.91	6.5	5.1	서남서	243	4.6	1024.5	-	49	
2019-12-24 02:00:00	21.8	북서	321	15.23	32.13	1.59	7.7	1.79	7.0	5.5	서남서	243	4.4	1024.5	-	46	
2019-12-24 02:05:00	22.3	북북서	328	15.20	32.11	1.70	7.5	2.13	7.0	5.3	서남서	242	4.5	1024.5	-	42	
2019-12-24 02:10:00	23.3	북서	316	15.19	32.15	1.88	7.9	2.73	7.5	5.3	서남서	247	4.5	1024.6	-	53	
2019-12-24 02:15:00	23.4	북서	323	15.20	32.12	1.68	7.4	2.19	6.5	5.0	서남서	244	4.4	1024.6	-	45	
2019-12-24 02:20:00	20.4	북서	325	15.19	32.13	1.66	7.5	2.30	6.5	5.2	서남서	246	4.4	1024.6	-	33	
2019-12-24 02:25:00	21.6	북서	322	15.19	32.15	1.46	7.4	1.86	7.0	5.1	서남서	242	4.3	1024.7	-	50	
2019-12-24 02:30:00	24.5	북북서	331	15.18	32.17	1.54	7.3	1.96	7.5	5.0	서남서	245	4.3	1024.8	-	49	
2019-12-24 02:35:00	23.2	북북서	327	15.16	32.15	1.47	7.3	1.73	6.0	5.1	서남서	247	4.5	1024.8	-	40	
2019-12-24 02:40:00	23.4	북북서	333	15.14	32.11	1.62	7.2	2.28	7.5	4.6	서남서	240	4.4	1024.8	-	62	
2019-12-24 02:45:00	22.4	북북서	332	15.17	32.13	1.69	7.1	2.10	7.5	5.4	서남서	244	4.4	1024.8	-	44	
2019-12-24 02:50:00	20.9	북서	320	15.18	32.15	1.34	7.2	1.79	7.0	5.3	서남서	238	4.3	1024.9	-	39	
2019-12-24 02:55:00	18.7	북서	323	15.17	32.13	1.54	7.7	1.99	7.5	5.6	서남서	244	4.2	1024.9	-	65	
2019-12-24 03:00:00	15.9	북서	322	15.15	32.16	1.69	7.5	2.52	7.5	5.5	서남서	238	4.2	1024.9	-	54	
2019-12-24 03:05:00	17.8	북북서	331	15.15	32.15	1.46	6.9	1.87	7.5	5.7	서남서	239	4.3	1024.9	-	48	
2019-12-24 03:10:00	20.1	북북서	326	15.16	32.14	1.47	7.1	1.95	6.0	5.2	서남서	241	4.2	1024.9	-	42	
2019-12-24 03:15:00	18.9	북서	325	15.16	32.13	1.61	6.9	1.85	7.0	5.7	서남서	238	4.2	1024.9	-	56	
2019-12-24 03:20:00	16.8	북서	320	15.16	32.11	1.76	7.0	2.52	7.5	5.7	서남서	240	4.1	1024.9	-	23	
2019-12-24 03:25:00	17.7	북서	321	15.15	32.12	1.55	7.8	2.53	7.0	5.9	서남서	246	4.2	1024.9	-	66	
2019-12-24 03:30:00	18.4	북북서	328	15.16	32.15	1.64	7.3	2.42	7.5	5.9	서남서	241	4.2	1024.9	-	44	
2019-12-24 03:35:00	16.4	북서	319	15.16	32.19	1.31	7.0	1.64	6.5	6.0	서남서	242	4.2	1024.9	-	66	
2019-12-24 03:40:00	16.9	북서	323	15.16	32.18	1.45	7.3	2.06	7.5	5.4	서남서	241	4.2	1025.0	-	58	
2019-12-24 03:45:00	16.1	북서	326	15.17	32.15	1.68	7.7	2.33	7.0	6.3	남서	236	4.2	1025.0	-	53	
2019-12-24 03:50:00	14.3	북서	323	15.16	32.17	1.48	7.0	1.66	6.0	6.2	서남서	237	4.1	1025.0	-	49	
2019-12-24 03:55:00	13.8	북서	314	15.14	32.14	1.43	7.5	1.71	7.0	6.2	서남서	237	4.1	1025.0	-	60	
2019-12-24 04:00:00	15.4	북북서	327	15.15	32.14	1.42	6.9	2.10	7.0	6.2	서남서	238	4.2	1025.1	-	49	
2019-12-24 04:05:00	14.4	북서	316	15.15	32.16	1.28	7.1	1.66	7.0	6.4	서남서	237	4.0	1025.2	-	49	
2019-12-24 04:10:00	13.2	북서	317	15.15	32.14	1.44	6.8	2.01	6.0	6.5	서남서	240	4.0	1025.2	-	63	
2019-12-24 04:15:00	13.7	북서	326	15.14	32.14	1.50	7.4	2.06	7.5	6.1	서남서	244	4.0	1025.3	-	46	
2019-12-24 04:20:00	13.7	북북서	334	15.13	32.12	1.51	6.9	1.97	7.5	6.2	서남서	243	4.0	1025.4	-	34	
2019-12-24 04:25:00	14.5	북서	319	15.18	32.20	1.56	6.8	1.91	8.0	6.0	서남서	241	3.9	1025.4	-	55	
2019-12-24 04:30:00	13.3	북서	317	15.18	32.20	1.27	7.0	2.01	6.5	5.6	서남서	242	3.7	1025.4	-	55	
2019-12-24 04:35:00	12.6	북서	321	15.18	32.15	1.19	6.9	2.15	6.5	5.8	서남서	241	3.8	1025.4	-	63	
2019-12-24 04:40:00	17.8	북북서	330	15.17	32.16	1.28	6.9	2.29	7.0	5.7	서남서	244	3.7	1025.5	-	57	
2019-12-24 04:45:00	13.2	북서	317	15.19	32.15	1.33	6.8	1.75	6.5	6.2	서남서	237	3.7	1025.4	-	36	
2019-12-24 04:50:00	14.4	북서	321	15.18	32.16	1.25	6.5	1.82	7.0	6.2	서남서	238	3.6	1025.4	-	64	
2019-12-24 04:55:00	13.7	북서	323	15.19	32.15	1.21	7.0	1.54	7.0	6.2	서남서	237	3.7	1025.4	-	55	
2019-12-24 05:00:00	10.0	북서	321	15.18	32.14	1.39	6.8	1.72	7.0	6.4	서남서	238	3.8	1025.4	-	48	
2019-12-24 05:05:00	9.2	북북서	327	15.16	32.11	1.22	7.2	1.46	6.5	6.4	서남서	242	3.9	1025.4	-	51	
2019-12-24 05:10:00	9.8	북서	324	15.15	32.13	1.47	6.7	1.81	7.0	6.3	서남서	241	3.8	1025.5	-	51	
2019-12-24 05:15:00	8.9	북서	319	15.14	32.14	1.43	6.7	2.01	7.0	6.4	서남서	242	3.8	1025.5	-	48	
2019-12-24 05:20:00	7.8	북서	317	15.14	32.16	1.46	6.5	1.83	6.0	6.1	서남서	240	3.9	1025.5	-	42	
2019-12-24 05:25:00	5.6	북서	324	15.13	32.12	1.32	6.8	1.58	6.5	6.3	서남서	242	4.0	1025.5	-	53	
2019-12-24 05:30:00	5.2	북	1	15.11	32.15	1.52	6.8	1.76	7.0	6.0	서남서	244	4.1	1025.6	-	51	
2019-12-24 05:35:00	8.5	북서	309	15.11	32.15	1.33	7.0	1.84	6.5	6.7	서남서	241	4.3	1025.6	-	50	
2019-12-24 05:40:00	6.4	북북서	337	15.09	32.16	1.67	6.9	2.28	7.0	7.1	서남서	238	4.0	1025.6	-	43	
2019-12-24 05:45:00	8.3	북	0	15.07	32.15	1.43	6.5	1.81	6.0	6.6	서남서	240	3.8	1025.6	-	40	
2019-12-24 05:50:00	4.7	북	5	15.05	32.13	1.33	6.7	1.70	7.0	6.8	서남서	240	3.7	1025.7	-	61	
2019-12-24 05:55:00	4.9	북북서	333	15.07	32.15	1.48	7.2	1.73	7.0	6.3	서남서	244	3.5	1025.8	-	65	
2019-12-24 06:00:00	4.5	북북서	331	15.07	32.14	1.46	6.9	1.85	7.0	6.0	서남서	239	3.6	1025.8	-	39	
2019-12-24 06:05:00	7.2	북	350	15.03	32.14	1.45	6.8	1.72	7.5	6.0	서남서	239	3.6	1025.8	-	44	
2019-12-24 06:10:00	6.0	북북서	326	15.05	32.17	1.11	6.1	1.52	6.0	6.2	서남서	238	3.6	1025.9	-	56	
2019-12-24 06:15:00	6.9	북	353	15.06	32.15	1.26	6.5	1.84	6.0	5.7	서남서	241	3.7	1026.0	-	46	
2019-12-24 06:20:00	7.1	북북서	330	15.05	32.10	1.29	7.0	1.65	7.5	5.8	서남서	245	3.7	1026.1	-	51	
2019-12-24 06:25:00	6.6	북서	307	15.06	32.14	1.11	6.6	1.43	7.0	6.2	남서	235	3.5	1026.1	-	30	
2019-12-24 06:30:00	9.0	북북서	347	15.06	32.15	1.71	7.0	2.69	7.0	5.7	남서	235	3.4	1026.2	-	45	
2019-12-24 06:35:00	7.1	북북서	334	15.04	32.14	1.24	6.6	1.89	7.0	6.1	남서	235	3.3	1026.3	-	43	
2019-12-24 06:40:00	8.0	북	356	15.04	32.14	1.21	6.8	1.54	6.0	6.1	남서	236	3.3	1026.4	-	64	
2019-12-24 06:45:00	5.6	북북동	14	15.03	32.12	1.08	6.6	1.64	7.0	5.7	서남서	239	3.4	1026.4	-	37	
2019-12-24 06:50:00	4.9	북북동	14	15.01	32.12	1.45	6.9	1.79	5.5	5.5	서남서	241	3.4	1026.5	-	47	
2019-12-24 06:55:00	5.8	북북서	347	15.02	32.16	1.80	7.0	2.24	6.5	5.4	서남서	246	3.4	1026.7	-	38	
2019-12-24 07:00:00	5.2	북	9	15.01	32.14	1.85	7.3	2.18	7.0	6.0	서남서	239	3.3	1026.7	-	48	
2019-12-24 07:05:00	6.8	북	5	15.02	32.15	1.37	6.8	1.65	7.0	6.2	서남서	241	3.2	1026.8	-	53	
2019-12-24 07:10:00	6.3	북	3	15.02	32.17	1.04	7.0	1.22	7.0	6.0	서남서	239	3.3	1026.8	-	51	
2019-12-24 07:15:00	5.1	북서	315	15.03	32.14	1.32	6.5	1.62	5.5	5.7	서남서	243	3.2	1026.9	-	41	
2019-12-24 07:20:00	4.3	북	350	15.00	32.12	1.25	6.9	1.61	7.5	5.7	서남서	240	3.2	1026.9	-	42	
2019-12-24 07:25:00	2.5	북북서	349	15.01	32.16	1.40	7.1	1.89	7.5	5.8	서남서	243	3.2	1027.0	-	42	
2019-12-24 07:30:00	4.6	북서	323	15.01	32.12	1.18	6.7	1.59	5.5	6.3	남서	236	3.2	1026.9	-	35	
2019-12-24 07:35:00	3.7	북북서	329	14.98	32.11	1.55	6.9	2.19	6.5	6.4	서남서	249	3.1	1026.9	-	41	
2019-12-24 07:40:00	5.1	북	351	14.98	32.14	1.39	6.3	1.82	7.0	6.4	서남서	238	3.2	1027.0	-	52	
2019-12-24 07:45:00	1.3	북	6	14.95	32.13	1.41	7.3	2.14	7.0	6.9	서남서	240	3.1	1027.0	-	55	
2019-12-24 07:50:00	5.7	북서	318	14.96	32.15	1.49	6.6	2.15	6.0	6.5	서남서	238	3.1	1027.1	-	50	
2019-12-24 07:55:00	6.1	서북서	295	15.03	32.17	1.46	7.0	1.97	7.0	6.7	서남서	241	3.2	1027.0	-	47	
2019-12-24 08:00:00	3.3	북북서	328	15.03	32.14	1.32	7.0	1.56	6.5	6.3	서남서	240	3.2	1027.1	-	40	
2019-12-24 08:05:00	3.8	북서	311	15.00	32.14	1.31	6.1	1.65	6.5	6.4	서남서	246	3.2	1027.1	-	38	
2019-12-24 08:10:00	6.4	북서	318	15.02	32.18	1.52	7.0	1.89	6.5	6.5	서남서	246	3.2	1027.1	-	49	
2019-12-24 08:15:00	6.4	북서	308	15.02	32.15	1.24	6.3	1.69	5.0	6.2	서남서	238	3.3	1027.2	-	46	
2019-12-24 08:20:00	1.8	서	272	15.02	32.15	1.42	7.0	2.21	6.5	6.3	서남서	242	3.2	1027.2	-	33	
2019-12-24 08:25:00	3.8	북서	317	15.03	32.13	1.23	6.9	1.72	6.5	6.4	서남서	239	3.3	1027.2	-	71	
2019-12-24 08:30:00	7.0	북서	323	15.02	32.16	1.36	6.7	1.66	6.5	6.4	서남서	244	3.5	1027.2	-	54	
2019-12-24 08:35:00	3.9	서북서	303	15.02	32.14	1.32	6.3	1.78	5.5	5.9	서남서	243	3.4	1027.2	-	32	
2019-12-24 08:40:00	4.3	북북서	346	15.04	32.13	1.26	6.5	1.72	7.0	6.1	서남서	246	3.6	1027.3	-	35	
2019-12-24 08:45:00	4.7	서북서	295	15.05	32.19	1.25	6.5	1.61	6.5	6.3	서남서	251	3.6	1027.3	-	32	
2019-12-24 08:50:00	3.7	북서	320	15.04	32.14	1.29	6.6	1.70	6.5	5.9	서남서	251	3.8	1027.4	-	55	
2019-12-24 08:55:00	1.9	서	267	15.05	32.15	1.41	6.7	1.84	6.5	6.4	서남서	251	3.7	1027.5	-	37	
2019-12-24 09:00:00	0.6	북북동	19	15.03	32.13	1.38	6.3	1.81	6.0	5.9	서남서	247	3.9	1027.6	-	16	
2019-12-24 09:05:00	3.3	서북서	286	15.02	32.13	1.20	6.1	1.55	6.5	6.0	서남서	250	4.0	1027.6	-	59	
2019-12-24 09:10:00	2.7	북	1	15.03	32.11	1.57	6.4	2.02	6.5	5.7	서남서	241	4.0	1027.7	-	36	
2019-12-24 09:15:00	2.1	서	259	15.05	32.11	1.12	6.6	1.60	6.0	5.3	서남서	246	4.0	1027.8	-	33	
2019-12-24 09:20:00	1.7	북북서	332	15.04	32.13	1.23	6.2	1.59	6.0	5.7	서남서	249	4.1	1027.7	-	63	
2019-12-24 09:25:00	1.6	서북서	300	15.01	32.10	1.32	6.4	1.87	6.5	5.7	서남서	249	4.2	1027.8	-	50	
2019-12-24 09:30:00	2.9	북북서	343	15.02	32.12	1.17	6.2	1.48	7.0	5.4	서남서	244	4.2	1027.8	-	29	
2019-12-24 09:35:00	4.6	서남서	259	15.03	32.14	1.34	6.4	1.81	6.5	5.4	서남서	249	4.2	1027.8	-	23	
2019-12-24 09:40:00	4.8	서남서	244	15.05	32.13	1.30	6.3	1.94	6.5	5.1	서남서	250	4.3	1027.8	-	39	
2019-12-24 09:45:00	6.6	서남서	255	15.04	32.13	1.40	6.6	1.93	6.5	5.0	서남서	251	4.5	1027.8	-	40	
2019-12-24 09:50:00	2.2	북서	306	15.06	32.11	1.61	6.7	1.99	6.0	5.1	서남서	250	4.8	1027.8	-	40	
2019-12-24 09:55:00	3.7	서	280	15.06	32.09	1.24	6.6	1.54	6.0	5.2	서남서	248	4.6	1027.9	-	35	
2019-12-24 10:00:00	3.9	서남서	253	15.06	32.07	1.66	6.5	2.55	6.5	4.9	서남서	246	4.8	1027.9	-	42	
2019-12-24 10:05:00	5.6	서	276	15.05	32.06	1.15	6.2	1.78	6.0	4.8	서남서	244	4.9	1028.0	-	56	
2019-12-24 10:10:00	1.8	북서	304	15.05	32.04	1.28	6.1	1.83	6.5	4.8	서남서	255	5.2	1028.0	-	48	
2019-12-24 10:15:00	1.3	북북동	28	15.04	32.05	1.25	6.4	1.54	6.5	5.0	서남서	244	5.1	1028.0	-	31	
2019-12-24 10:20:00	0.7	동북동	71	15.03	32.06	1.16	6.4	1.61	5.5	5.0	서남서	251	5.4	1028.1	-	40	
2019-12-24 10:25:00	2.5	서	265	15.03	32.08	1.22	6.1	1.77	5.5	4.8	서남서	246	5.5	1028.1	-	32	
2019-12-24 10:30:00	4.2	서남서	254	15.04	32.09	1.44	6.4	1.96	6.0	4.7	서남서	248	5.8	1028.1	-	42	
2019-12-24 10:35:00	1.4	서북서	294	15.03	32.08	1.21	6.2	1.66	6.0	4.5	서남서	240	5.7	1028.1	-	8	
2019-12-24 10:40:00	2.9	서	260	15.02	32.10	1.25	6.3	1.86	6.5	4.0	서남서	243	5.9	1028.1	-	26	
2019-12-24 10:45:00	1.8	서북서	290	15.01	32.09	1.13	6.0	1.46	5.5	3.8	서남서	239	6.1	1028.1	-	56	
2019-12-24 10:50:00	2.9	북서	320	15.02	32.11	1.41	6.4	2.50	6.0	3.2	서남서	249	6.1	1028.1	-	58	
2019-12-24 10:55:00	3.7	서북서	287	15.04	32.06	1.47	6.5	2.01	6.5	2.7	서	262	6.6	1028.0	-	36	
2019-12-24 11:00:00	4.5	남서	220	15.05	32.08	1.11	5.9	1.79	5.5	2.6	서	263	6.6	1027.9	-	29	
2019-12-24 11:05:00	0.2	서	276	15.05	32.06	1.36	6.5	1.64	6.0	2.2	서북서	301	7.0	1027.8	-	51	
2019-12-24 11:10:00	5.2	서	269	15.05	32.07	1.35	6.4	1.79	6.0	2.2	북서	304	7.3	1027.8	-	44	
2019-12-24 11:15:00	1.3	남동	136	15.05	32.06	1.17	6.0	1.68	6.0	2.3	북북서	333	7.1	1027.7	-	68	
2019-12-24 11:20:00	4.2	북서	304	15.05	32.08	1.36	6.4	2.09	6.5	2.0	북북서	332	7.2	1027.7	-	49	
2019-12-24 11:25:00	5.9	서남서	242	15.05	32.10	1.15	5.7	1.51	5.5	1.5	북서	322	7.2	1027.7	-	3	
2019-12-24 11:30:00	2.6	남	181	15.05	32.10	1.44	6.5	1.85	6.0	2.3	북북서	335	7.3	1027.6	-	35	
2019-12-24 11:35:00	4.6	서	262	15.05	32.09	1.12	6.3	1.46	6.0	2.0	북서	318	7.2	1027.5	-	53	
2019-12-24 11:40:00	6.4	남서	235	15.06	32.07	1.44	6.3	2.73	6.0	2.2	북북서	345	7.3	1027.4	-	31	
2019-12-24 11:45:00	7.0	서북서	299	15.05	32.08	1.44	6.2	1.91	7.0	2.2	북북서	327	7.3	1027.4	-	20	
2019-12-24 11:50:00	9.8	남서	235	15.06	32.06	1.20	5.9	1.95	6.5	2.2	북북동	20	7.5	1027.3	-	31	
2019-12-24 11:55:00	8.4	남남서	197	15.05	32.11	1.15	5.9	1.57	6.0	1.9	북	2	7.5	1027.2	-	33	
2019-12-24 12:00:00	8.2	서	279	15.05	32.10	1.72	6.0	2.42	6.5	2.2	북북서	342	7.3	1027.1	-	19	
2019-12-24 12:05:00	8.1	남서	220	15.05	32.10	0.94	5.7	1.10	5.5	2.3	북	4	7.3	1027.0	-	61	
2019-12-24 12:10:00	13.2	남남서	194	15.05	32.12	1.27	5.9	1.57	6.0	2.5	북북동	23	7.3	1027.0	-	34	
2019-12-24 12:15:00	5.8	남	185	15.05	32.12	1.22	5.9	1.57	6.5	3.6	북	6	7.2	1026.9	-	32	
2019-12-24 12:20:00	4.8	남남동	152	15.05	32.11	1.21	6.1	1.96	6.0	1.7	북	2	7.2	1026.8	-	5	
2019-12-24 12:25:00	6.2	서남서	250	15.05	32.10	1.07	6.0	1.51	6.0	2.2	북	359	7.3	1026.7	-	13	
2019-12-24 12:30:00	1.1	남	191	15.05	32.13	1.20	6.3	1.69	6.5	2.8	북북동	23	7.3	1026.7	-	25	
2019-12-24 12:35:00	4.4	남서	236	15.05	32.09	1.41	6.4	1.87	6.5	2.2	북북동	26	7.7	1026.6	-	45	
2019-12-24 12:40:00	1.3	동북동	77	15.05	32.12	1.11	5.8	1.56	5.5	2.1	북동	50	7.7	1026.5	-	32	
2019-12-24 12:45:00	3.6	북	354	15.06	32.10	1.28	5.7	1.85	5.5	2.2	북동	40	7.5	1026.4	-	16	
2019-12-24 12:50:00	1.4	북동	49	15.05	32.11	1.44	6.3	2.32	6.0	2.5	북동	39	7.4	1026.4	-	64	
2019-12-24 12:55:00	3.9	북북동	28	15.06	32.09	1.36	6.3	1.95	6.0	3.0	북북동	22	7.6	1026.3	-	31	
2019-12-24 13:00:00	3.0	서	263	15.06	32.14	1.10	5.6	1.52	6.0	2.7	북	6	7.4	1026.3	-	41	
2019-12-24 13:05:00	1.8	서	276	15.06	32.11	1.30	5.9	1.88	6.0	2.4	북북동	17	7.6	1026.3	-	12	
2019-12-24 13:10:00	4.6	서	273	15.06	32.12	1.44	6.1	1.88	5.5	2.2	북북동	32	7.7	1026.3	-	38	
2019-12-24 13:15:00	3.8	서남서	244	15.06	32.11	1.05	5.9	1.54	5.5	2.8	북동	37	7.8	1026.2	-	53	
2019-12-24 13:20:00	0.8	동남동	111	15.06	32.12	1.32	6.5	1.88	6.0	2.4	북	11	7.9	1026.2	-	27	
2019-12-24 13:25:00	0.6	동	91	15.06	32.09	1.40	6.4	1.81	6.5	1.8	북북동	14	7.9	1026.1	-	50	
2019-12-24 13:30:00	6.2	서남서	245	15.05	32.13	1.24	6.5	1.81	6.5	2.0	동북동	78	7.9	1026.0	-	51	
2019-12-24 13:35:00	5.3	서북서	282	15.06	32.07	1.26	6.1	1.81	6.0	1.8	동북동	64	8.1	1026.0	-	17	
2019-12-24 13:40:00	1.9	동남동	112	15.06	32.08	1.08	6.1	1.25	5.0	1.9	동북동	60	7.9	1026.0	-	23	
2019-12-24 13:45:00	2.0	서	266	15.05	32.07	1.09	6.3	1.57	5.5	1.7	북동	36	8.1	1025.9	-	344	
2019-12-24 13:50:00	2.1	북북서	338	15.05	32.10	1.35	6.3	1.75	5.5	1.7	북동	35	8.0	1025.8	-	7	
2019-12-24 13:55:00	2.3	북서	311	15.05	32.13	1.42	6.3	1.84	6.5	2.5	북동	54	8.0	1025.8	-	22	
2019-12-24 14:00:00	1.3	서	259	15.06	32.07	1.24	6.5	1.79	6.0	1.7	동북동	57	8.0	1025.7	-	41	
2019-12-24 14:05:00	2.3	북서	314	15.06	32.10	1.16	6.1	1.38	6.0	1.5	동북동	57	8.1	1025.7	-	46	
2019-12-24 14:10:00	4.2	서	273	15.06	32.08	1.23	6.1	1.79	6.5	2.3	동북동	72	8.2	1025.7	-	49	
2019-12-24 14:15:00	0.8	남남서	205	15.06	32.07	1.28	6.1	1.57	6.5	1.7	동	91	8.2	1025.7	-	23	
2019-12-24 14:20:00	3.6	서	275	15.06	32.06	1.20	6.1	1.51	6.0	2.2	동	91	8.4	1025.6	-	356	
2019-12-24 14:25:00	3.7	서북서	282	15.05	32.11	1.43	6.3	2.17	6.0	1.7	동남동	106	8.2	1025.6	-	47	
2019-12-24 14:30:00	2.5	북	356	15.06	32.09	1.19	6.1	1.73	5.0	2.2	동북동	70	8.2	1025.6	-	52	
2019-12-24 14:35:00	4.2	서북서	285	15.05	32.10	1.30	6.3	1.70	6.0	2.1	동북동	72	8.2	1025.5	-	36	
2019-12-24 14:40:00	1.3	북북동	30	15.05	32.09	1.54	6.7	2.27	6.0	1.4	북북동	17	8.3	1025.5	-	37	
2019-12-24 14:45:00	5.1	서북서	286	15.05	32.08	1.22	6.0	1.53	6.5	2.0	동남동	111	8.3	1025.5	-	23	
2019-12-24 14:50:00	3.9	서북서	301	15.05	32.06	1.20	6.0	1.67	5.5	1.0	동북동	72	8.5	1025.5	-	42	
2019-12-24 14:55:00	1.1	북북서	335	15.05	32.06	1.26	6.4	1.88	7.0	1.7	동남동	118	8.7	1025.4	-	43	
2019-12-24 15:00:00	4.5	서	267	15.05	32.07	1.19	6.0	1.72	6.0	2.0	동북동	74	8.4	1025.4	-	39	
2019-12-24 15:05:00	2.6	북북서	333	15.05	32.09	1.47	6.1	1.80	5.5	3.2	동북동	72	8.4	1025.3	-	41	
2019-12-24 15:10:00	7.0	서	275	15.05	32.08	1.18	6.0	2.16	6.0	2.2	북동	54	8.2	1025.4	-	41	
2019-12-24 15:15:00	2.2	북서	320	15.05	32.09	1.18	6.4	1.44	6.0	2.2	동북동	68	8.5	1025.5	-	358	
2019-12-24 15:20:00	3.3	서북서	290	15.05	32.08	1.31	6.1	2.00	5.5	2.8	동	82	8.3	1025.4	-	50	
2019-12-24 15:25:00	6.3	서북서	295	15.04	32.08	1.31	6.3	2.17	6.0	2.0	북동	54	8.3	1025.4	-	29	
2019-12-24 15:30:00	4.9	서북서	290	15.03	32.08	1.12	5.8	1.45	5.5	2.2	북북동	28	8.4	1025.4	-	60	
2019-12-24 15:35:00	5.8	북북서	330	15.03	32.06	1.30	6.3	2.03	6.0	2.9	북동	53	8.2	1025.4	-	25	
2019-12-24 15:40:00	4.7	서	261	15.02	32.09	1.22	6.2	1.63	6.0	3.1	동북동	57	8.0	1025.4	-	41	
2019-12-24 15:45:00	7.1	서	260	15.02	32.08	1.06	5.6	1.61	5.5	2.5	북동	53	8.1	1025.5	-	356	
2019-12-24 15:50:00	6.1	서북서	287	15.02	32.07	1.04	6.2	1.36	7.0	2.1	북북동	32	8.0	1025.5	-	350	
2019-12-24 15:55:00	5.5	서	274	15.01	32.06	1.30	6.4	1.95	6.5	2.7	동북동	72	8.2	1025.5	-	24	
2019-12-24 16:00:00	1.7	서북서	297	15.00	32.06	1.50	6.2	1.96	6.0	2.9	동북동	64	8.1	1025.4	-	25	
2019-12-24 16:05:00	8.4	서북서	301	15.00	32.05	1.30	6.2	1.58	7.0	3.1	동북동	69	8.1	1025.3	-	44	
2019-12-24 16:10:00	6.9	서북서	281	15.00	32.04	1.17	5.9	1.73	5.5	3.1	동	85	8.1	1025.3	-	352	
2019-12-24 16:15:00	8.2	서북서	293	14.99	32.04	1.16	6.2	1.61	6.0	2.6	동	79	7.9	1025.3	-	48	
2019-12-24 16:20:00	8.6	서	279	14.96	32.03	1.29	6.2	1.79	6.5	1.7	동북동	60	7.8	1025.3	-	24	
2019-12-24 16:25:00	7.2	서	281	14.95	32.02	1.37	6.1	1.67	6.0	2.5	북동	56	7.8	1025.3	-	29	
2019-12-24 16:30:00	6.7	서북서	285	14.93	32.04	1.23	5.9	2.02	6.0	3.2	동	98	7.8	1025.4	-	39	
2019-12-24 16:35:00	9.8	서북서	284	14.92	32.03	1.27	6.5	1.70	6.5	2.0	동	89	7.7	1025.5	-	37	
2019-12-24 16:40:00	5.7	서	266	14.93	32.02	1.09	5.8	1.55	5.0	0.8	동남동	109	7.7	1025.6	-	17	
2019-12-24 16:45:00	6.0	서	269	14.91	32.03	1.42	6.3	2.02	6.5	0.5	동남동	120	7.8	1025.7	-	42	
2019-12-24 16:50:00	7.6	북북서	327	14.90	32.05	1.39	6.5	1.67	7.0	2.7	동	81	7.9	1025.8	-	30	
2019-12-24 16:55:00	2.2	북	359	14.96	32.07	1.07	6.1	1.52	6.0	2.1	동	99	7.7	1025.9	-	15	
2019-12-24 17:00:00	2.7	남남동	157	15.02	32.11	1.47	6.2	1.82	5.5	2.4	북동	45	7.7	1025.8	-	22	
2019-12-24 17:05:00	5.8	서	264	15.08	32.08	1.31	6.2	1.87	7.0	2.5	동북동	66	7.7	1025.8	-	32	
2019-12-24 17:10:00	30.7	북서	318	15.10	32.08	1.44	6.4	2.04	6.0	2.0	동	79	7.7	1025.9	-	22	
2019-12-24 17:15:00	18.3	북	351	15.10	32.08	1.32	6.4	1.83	6.0	1.4	동남동	110	7.6	1026.0	-	22	
2019-12-24 17:20:00	8.5	서	274	15.10	32.08	1.39	6.4	1.93	7.0	2.1	북동	52	7.8	1026.0	-	22	
2019-12-24 17:25:00	9.9	서남서	257	15.19	32.09	1.40	6.6	1.76	6.0	1.9	북북동	27	7.7	1026.1	-	37	
2019-12-24 17:30:00	9.7	북북서	341	15.19	32.07	1.45	6.6	1.88	7.0	2.0	북북동	18	7.7	1026.2	-	18	
2019-12-24 17:35:00	3.2	남	189	15.19	32.07	1.33	6.5	1.63	6.5	1.9	북북서	334	7.7	1026.2	-	45	
2019-12-24 17:40:00	5.4	서남서	252	15.18	32.06	1.59	6.7	1.96	7.0	1.8	북북서	331	7.7	1026.3	-	29	
2019-12-24 17:45:00	47.5	북북서	327	15.17	32.09	1.39	6.8	1.87	7.0	1.2	북서	311	7.7	1026.4	-	36	
2019-12-24 17:50:00	24.5	북서	307	15.16	32.14	1.48	6.9	2.01	7.0	0.6	북북동	14	7.7	1026.4	-	25	
2019-12-24 17:55:00	33.3	북서	315	15.15	32.11	1.42	6.3	2.05	6.5	1.7	북동	44	7.8	1026.4	-	0	
2019-12-24 18:00:00	12.1	서북서	301	15.14	32.09	1.24	6.3	1.66	6.5	1.6	북동	42	7.8	1026.4	-	29	
2019-12-24 18:05:00	4.4	남서	222	15.13	32.10	1.58	6.5	1.91	6.0	1.8	동북동	65	7.8	1026.5	-	45	
2019-12-24 18:10:00	8.9	서북서	282	15.12	32.11	1.44	6.2	2.55	6.5	0.7	북동	50	7.8	1026.5	-	44	
2019-12-24 18:15:00	6.6	서북서	284	15.11	32.13	1.47	7.2	2.18	7.0	1.1	북	2	7.7	1026.5	-	27	
2019-12-24 18:20:00	6.4	서북서	283	15.11	32.12	1.50	6.5	2.09	6.5	1.0	서	267	7.7	1026.7	-	356	
2019-12-24 18:25:00	8.5	서	272	15.10	32.13	1.47	7.0	1.98	6.5	2.1	서	265	7.7	1026.8	-	11	
2019-12-24 18:30:00	8.5	서	259	15.09	32.13	1.60	6.6	2.20	6.5	3.1	서	259	7.4	1026.7	-	39	
2019-12-24 18:35:00	11.5	서	277	15.08	32.10	1.61	6.9	1.98	6.5	3.9	서	276	7.1	1026.7	-	36	
2019-12-24 18:40:00	9.5	서	264	15.07	32.11	1.26	6.7	1.52	5.5	3.5	서	271	6.9	1026.7	-	12	
2019-12-24 18:45:00	15.6	서남서	257	15.06	32.05	1.65	7.1	3.08	7.0	2.9	서	264	6.7	1026.7	-	31	
2019-12-24 18:50:00	8.4	서북서	301	15.06	32.05	1.64	7.1	1.94	7.5	2.9	서	273	6.7	1026.7	-	30	
2019-12-24 18:55:00	3.6	서북서	297	15.05	32.08	1.80	7.0	2.25	6.5	2.7	서	264	6.7	1026.8	-	47	
2019-12-24 19:00:00	6.8	서북서	283	15.05	32.06	1.62	7.3	2.03	7.5	2.8	서	271	6.5	1026.7	-	18	
2019-12-24 19:05:00	6.2	북	2	15.04	32.08	1.51	6.9	2.26	7.0	2.9	서남서	252	6.6	1026.7	-	49	
2019-12-24 19:10:00	2.7	서	260	15.05	32.05	1.44	7.2	1.69	6.5	3.2	서남서	253	6.4	1026.7	-	30	
2019-12-24 19:15:00	4.3	서북서	283	15.05	32.10	1.55	7.1	2.08	7.5	3.6	서남서	249	6.2	1026.6	-	24	
2019-12-24 19:20:00	6.5	서남서	239	15.03	32.07	1.91	7.0	2.43	6.5	3.7	서남서	239	6.2	1026.6	-	41	
2019-12-24 19:25:00	2.9	서북서	296	15.03	32.08	1.39	7.3	1.77	7.5	3.8	남서	225	5.9	1026.6	-	25	
2019-12-24 19:30:00	3.5	서남서	241	15.02	32.04	2.12	6.5	3.42	7.0	3.5	남서	224	5.6	1026.6	-	35	
2019-12-24 19:35:00	3.7	서북서	290	14.99	32.06	1.34	6.7	1.71	6.5	3.5	남서	220	5.6	1026.5	-	21	
2019-12-24 19:40:00	5.4	북서	323	15.00	32.08	1.55	6.6	1.77	6.5	3.6	남서	217	5.5	1026.4	-	32	
2019-12-24 19:45:00	6.8	서	269	15.00	32.11	1.63	7.0	2.49	6.0	3.6	남서	220	5.4	1026.4	-	43	
2019-12-24 19:50:00	1.2	서북서	304	15.00	32.09	1.74	7.3	2.73	7.0	3.5	남서	235	5.4	1026.4	-	40	
2019-12-24 19:55:00	2.3	북서	309	14.98	32.09	1.66	6.8	2.40	7.0	3.6	남서	227	5.3	1026.4	-	37	
2019-12-24 20:00:00	4.1	서북서	289	14.98	32.07	1.36	6.5	1.54	7.0	3.6	남서	224	5.1	1026.3	-	46	
2019-12-24 20:05:00	2.9	북서	322	15.00	32.09	1.36	6.8	1.97	7.0	3.6	남서	224	5.1	1026.2	-	39	
2019-12-24 20:10:00	2.2	북	355	14.97	32.12	1.37	7.1	1.86	7.5	3.6	남서	227	5.4	1026.2	-	36	
2019-12-24 20:15:00	4.6	서남서	258	14.96	32.09	1.06	6.5	1.48	7.0	3.7	서남서	239	5.3	1026.1	-	19	
2019-12-24 20:20:00	1.2	서북서	284	14.96	32.08	1.39	6.7	1.90	6.0	3.8	서남서	247	5.4	1026.1	-	34	
2019-12-24 20:25:00	3.2	북서	308	14.96	32.08	1.62	7.2	2.22	6.5	3.9	서남서	244	5.5	1026.0	-	28	
2019-12-24 20:30:00	7.0	서남서	254	14.97	32.05	1.37	6.9	1.96	6.5	4.3	서남서	246	5.4	1026.0	-	34	
2019-12-24 20:35:00	3.1	남서	229	14.96	32.07	1.45	6.7	2.54	6.5	4.1	서남서	245	5.2	1026.1	-	26	
2019-12-24 20:40:00	1.2	서남서	242	14.94	32.07	1.58	7.0	2.13	7.0	4.1	서남서	248	5.3	1026.1	-	49	
2019-12-24 20:45:00	1.9	동	85	14.94	32.05	1.25	7.3	1.73	6.5	3.9	서남서	252	5.6	1026.0	-	45	
2019-12-24 20:50:00	2.5	북서	305	14.94	32.04	1.52	7.0	1.96	7.0	4.0	서남서	247	5.6	1026.0	-	45	
2019-12-24 20:55:00	0.9	동	89	14.94	32.04	1.48	6.6	1.83	6.5	4.3	서남서	247	5.4	1025.9	-	22	
2019-12-24 21:00:00	4.9	서	275	14.94	32.02	1.48	7.1	1.99	7.0	4.5	서남서	242	5.3	1026.0	-	59	
2019-12-24 21:05:00	3.4	서북서	289	14.92	32.02	1.60	7.0	2.15	7.5	4.2	서남서	243	5.3	1026.0	-	45	
2019-12-24 21:10:00	4.1	남남동	167	14.92	32.05	1.66	6.9	2.60	7.5	4.2	서남서	250	5.1	1025.9	-	31	
2019-12-24 21:15:00	2.0	남남동	148	14.92	32.03	1.29	6.7	1.83	6.5	4.2	서남서	250	5.1	1025.9	-	21	
2019-12-24 21:20:00	1.5	동	84	14.93	32.04	1.32	7.6	1.70	8.0	4.7	서남서	241	5.0	1025.9	-	22	
2019-12-24 21:25:00	1.5	남남동	163	14.94	32.04	1.56	7.5	2.25	7.0	4.6	서남서	243	5.1	1026.0	-	48	
2019-12-24 21:30:00	0.8	북북서	346	14.93	32.05	1.34	7.2	1.56	6.5	4.6	서남서	249	4.9	1026.0	-	49	
2019-12-24 21:35:00	3.3	남남동	154	14.92	32.03	1.35	7.2	1.83	6.5	4.4	서	259	4.9	1026.1	-	46	
2019-12-24 21:40:00	2.2	동	83	14.92	32.05	1.45	7.1	1.94	7.0	3.9	서	276	4.9	1026.3	-	31	
2019-12-24 21:45:00	3.6	남	171	14.92	32.05	1.36	6.7	1.88	6.5	3.1	서	261	4.9	1026.3	-	45	
2019-12-24 21:50:00	3.1	남남서	208	14.92	32.07	1.31	7.0	1.63	7.0	2.7	서북서	286	5.2	1026.2	-	45	
2019-12-24 21:55:00	5.2	남남서	194	14.90	32.07	1.44	6.9	1.61	6.5	2.4	서북서	290	5.3	1026.2	-	38	
2019-12-24 22:00:00	4.6	남남서	202	14.90	32.05	1.14	6.7	1.49	7.0	2.8	서	269	5.0	1026.1	-	35	
2019-12-24 22:05:00	4.0	남남동	150	14.90	32.07	1.33	6.9	1.88	7.5	3.2	서	274	5.0	1026.1	-	35	
2019-12-24 22:10:00	6.8	남남서	208	14.90	32.08	1.11	6.2	1.44	6.0	3.2	서	269	5.0	1026.2	-	61	
2019-12-24 22:15:00	2.4	서남서	257	14.88	32.10	1.47	6.8	2.20	6.0	3.0	서남서	248	5.1	1026.2	-	44	
2019-12-24 22:20:00	3.1	동남동	109	14.89	32.09	1.07	6.9	1.69	7.0	3.6	남서	235	5.3	1026.2	-	31	
2019-12-24 22:25:00	1.6	남	174	14.89	32.05	1.26	6.6	1.69	7.0	3.8	서남서	248	5.1	1026.1	-	45	
2019-12-24 22:30:00	0.6	북서	319	14.88	32.10	1.28	6.8	1.80	7.0	4.2	서남서	248	4.9	1026.1	-	59	
2019-12-24 22:35:00	5.2	남남서	196	14.87	32.09	1.42	7.0	1.98	7.0	5.0	서남서	247	4.9	1026.0	-	42	
2019-12-24 22:40:00	4.8	남	181	14.86	32.07	1.26	6.6	1.59	6.0	4.6	서남서	253	4.9	1025.9	-	60	
2019-12-24 22:45:00	2.7	남	175	14.86	32.07	1.31	6.8	2.01	7.0	3.8	서남서	238	4.9	1025.9	-	30	
2019-12-24 22:50:00	3.1	남	169	14.86	32.07	1.21	6.7	1.65	6.0	4.1	남서	218	4.6	1025.8	-	61	
2019-12-24 22:55:00	1.1	북	4	14.87	32.03	1.01	6.6	1.65	7.5	4.2	남서	214	4.3	1025.7	-	39	
2019-12-24 23:00:00	1.3	남남동	161	14.86	32.07	1.60	7.0	2.21	7.0	4.1	남남서	213	4.4	1025.7	-	40	
2019-12-24 23:05:00	1.3	남	178	14.86	32.09	1.12	6.8	1.84	6.5	4.4	남서	227	4.7	1025.7	-	52	
2019-12-24 23:10:00	1.5	남	171	14.86	32.07	1.50	7.0	2.19	7.0	5.0	남서	235	4.6	1025.7	-	37	
2019-12-24 23:15:00	2.2	남	184	14.85	32.07	1.04	7.0	1.33	6.5	5.0	서남서	242	4.6	1025.6	-	47	
2019-12-24 23:20:00	2.4	남남서	196	14.83	32.07	1.36	7.6	2.03	7.0	5.1	서남서	246	4.8	1025.5	-	42	
2019-12-24 23:25:00	0.5	남서	216	14.82	32.09	1.46	6.9	1.86	7.0	5.6	서남서	248	4.8	1025.5	-	78	
2019-12-24 23:30:00	2.9	서	276	14.83	32.08	1.12	6.5	1.78	6.5	5.4	서남서	245	5.0	1025.4	-	48	
2019-12-24 23:35:00	2.9	남남동	169	14.82	32.06	0.99	6.5	1.44	6.5	6.0	서남서	237	4.9	1025.3	-	19	
2019-12-24 23:40:00	3.0	남	190	14.82	32.04	1.15	6.4	2.34	6.0	5.6	남서	234	5.1	1025.4	-	66	
2019-12-24 23:45:00	3.1	북서	325	14.80	32.08	1.27	6.7	1.69	6.5	5.3	서남서	241	5.3	1025.2	-	42	
2019-12-24 23:50:00	2.3	서	260	14.80	32.08	1.02	6.7	1.44	7.5	5.0	남서	234	5.3	1025.2	-	34	
2019-12-24 23:55:00	0.6	서남서	259	14.84	32.11	1.10	6.3	1.40	6.0	5.1	남서	225	5.2	1025.2	-	12	
2019-12-25 00:00:00	0.4	동	79	14.85	32.09	1.26	6.8	1.72	5.5	4.9	남서	235	5.2	1025.2	-	55	
2019-12-25 00:05:00	6.5	서	272	14.83	32.10	1.30	7.2	1.72	6.5	4.5	서남서	239	5.2	1025.2	-	51	
2019-12-25 00:10:00	5.5	서	278	14.84	32.10	1.40	6.7	2.04	6.5	4.7	남서	235	5.3	1025.2	-	51	
2019-12-25 00:15:00	3.9	서북서	286	14.83	32.10	1.31	6.9	1.70	6.5	4.9	남서	231	5.2	1025.1	-	49	
2019-12-25 00:20:00	2.6	북서	325	14.85	32.09	1.10	6.9	1.62	6.5	4.3	남서	226	5.0	1024.9	-	56	
2019-12-25 00:25:00	4.5	서	259	14.83	32.10	1.06	6.6	1.78	7.0	4.4	남서	232	4.9	1024.8	-	44	
2019-12-25 00:30:00	2.7	서	259	14.82	32.09	1.15	7.1	1.57	6.5	4.2	남서	230	4.7	1024.7	-	25	
2019-12-25 00:35:00	1.7	서남서	253	14.81	32.11	1.33	7.1	2.11	6.5	4.1	남서	229	4.8	1024.7	-	19	
2019-12-25 00:40:00	3.1	서남서	239	14.82	32.06	1.39	7.0	2.32	6.5	4.5	남서	227	4.9	1024.5	-	19	
2019-12-25 00:45:00	4.1	남남서	195	14.82	32.08	1.09	6.8	1.43	6.5	4.7	남서	234	4.9	1024.4	-	33	
2019-12-25 00:50:00	1.5	남남서	195	14.80	32.09	1.16	6.8	1.64	7.0	3.9	서남서	238	4.8	1024.4	-	52	
2019-12-25 00:55:00	1.7	남서	223	14.79	32.08	1.21	6.4	1.53	6.5	3.7	남서	228	5.3	1024.3	-	43	
2019-12-25 01:00:00	1.9	동북동	64	14.80	32.07	1.30	7.2	1.84	8.0	4.8	서남서	238	5.7	1024.2	-	44	
2019-12-25 01:05:00	3.6	남남동	148	14.80	32.08	1.30	6.7	2.12	7.0	5.5	서남서	240	5.6	1024.1	-	55	
2019-12-25 01:10:00	2.1	서남서	256	14.79	32.08	1.36	6.7	1.87	6.5	5.8	서남서	243	5.5	1024.1	-	29	
2019-12-25 01:15:00	2.2	남남동	162	14.79	32.10	1.39	6.9	1.80	6.5	5.6	서남서	239	5.4	1024.2	-	28	
2019-12-25 01:20:00	1.3	북북동	21	14.79	32.09	0.98	6.7	1.16	6.5	5.4	서남서	250	5.6	1024.2	-	31	
2019-12-25 01:25:00	1.6	남남동	153	14.78	32.08	1.11	6.8	1.45	6.5	5.0	서남서	251	5.4	1024.2	-	40	
2019-12-25 01:30:00	1.5	서북서	296	14.78	32.08	1.14	6.5	1.44	6.0	3.7	서남서	240	5.0	1024.3	-	58	
2019-12-25 01:35:00	3.2	남동	131	14.79	32.11	1.37	7.0	1.68	7.0	2.5	남남서	205	4.4	1024.4	-	47	
2019-12-25 01:40:00	2.3	남동	141	14.79	32.06	1.31	7.0	2.07	7.0	1.2	남남동	165	4.1	1024.4	-	54	
2019-12-25 01:45:00	2.9	남	177	14.78	32.07	1.06	6.6	1.44	7.0	1.0	남남동	167	4.0	1024.5	-	23	
2019-12-25 01:50:00	0.7	남서	216	14.77	32.09	1.21	6.6	1.83	6.5	1.3	남	185	4.2	1024.4	-	40	
2019-12-25 01:55:00	3.1	동남동	115	14.77	32.09	1.17	7.2	1.42	7.5	2.1	남	183	3.9	1024.4	-	41	
2019-12-25 02:00:00	3.9	동남동	104	14.78	32.11	1.15	6.7	1.39	7.0	2.0	남남서	195	4.0	1024.4	-	52	
2019-12-25 02:05:00	2.9	동	92	14.78	32.11	1.12	6.7	1.63	6.5	1.7	서남서	246	4.3	1024.4	-	26	
2019-12-25 02:10:00	2.2	북북서	345	14.78	32.10	0.98	6.7	1.34	6.5	1.4	남서	222	4.6	1024.4	-	40	
2019-12-25 02:15:00	0.1	동남동	104	14.78	32.09	1.31	7.1	2.08	6.5	3.5	남서	229	5.2	1024.2	-	48	
2019-12-25 02:20:00	4.2	남	184	14.78	32.10	1.15	7.3	1.58	7.0	5.0	남서	226	6.1	1024.2	-	40	
2019-12-25 02:25:00	2.7	북	359	14.77	32.09	1.31	6.9	1.84	7.0	5.5	남서	223	6.2	1024.2	-	49	
2019-12-25 02:30:00	1.0	북서	325	14.78	32.01	1.15	7.3	1.50	6.5	5.7	서남서	241	6.1	1024.2	-	52	
2019-12-25 02:35:00	4.7	북북서	346	14.76	32.03	1.31	6.9	1.89	6.5	5.5	서남서	242	6.0	1024.3	-	32	
2019-12-25 02:40:00	2.9	동북동	70	14.74	32.05	1.14	7.2	1.34	6.5	5.4	서남서	244	6.0	1024.3	-	36	
2019-12-25 02:45:00	3.4	동	80	14.74	32.04	1.14	7.2	1.57	7.5	5.4	서남서	247	6.0	1024.4	-	48	
2019-12-25 02:50:00	3.5	동북동	63	14.74	32.03	1.12	6.9	1.52	6.0	5.6	서남서	248	6.0	1024.4	-	56	
2019-12-25 02:55:00	4.2	동북동	60	14.74	32.03	1.16	6.6	1.47	6.5	5.2	서남서	242	6.3	1024.3	-	50	
2019-12-25 03:00:00	3.7	동북동	69	14.74	32.05	1.24	6.9	1.87	7.0	4.9	서남서	248	6.5	1024.3	-	59	
2019-12-25 03:05:00	3.8	동북동	63	14.76	32.07	1.21	6.6	1.42	6.0	4.9	서남서	247	6.6	1024.3	-	57	
2019-12-25 03:10:00	0.8	남동	134	14.77	32.05	1.38	7.0	1.76	7.5	5.1	서	262	6.2	1024.3	-	49	
2019-12-25 03:15:00	3.0	남	175	14.76	32.06	1.22	6.4	1.68	6.5	4.7	서	276	6.1	1024.3	-	38	
2019-12-25 03:20:00	0.9	북북동	33	14.76	32.06	1.28	7.1	1.52	7.0	4.5	서	281	6.1	1024.2	-	22	
2019-12-25 03:25:00	0.8	북동	55	14.75	32.05	1.11	6.8	1.95	6.5	4.8	서북서	284	6.1	1024.1	-	47	
2019-12-25 03:30:00	3.4	남동	137	14.75	32.06	1.21	7.2	1.70	7.0	4.3	서	275	6.6	1024.1	-	38	
2019-12-25 03:35:00	3.4	북	2	14.75	32.06	1.15	6.5	1.68	6.5	3.8	서북서	287	7.0	1024.1	-	31	
2019-12-25 03:40:00	4.5	북북동	14	14.75	32.06	1.12	6.7	1.35	7.0	4.3	서	273	6.7	1024.2	-	42	
2019-12-25 03:45:00	1.7	북동	51	14.74	32.06	1.15	7.0	1.40	6.5	4.5	서북서	285	6.5	1024.1	-	41	
2019-12-25 03:50:00	3.9	동남동	108	14.75	32.06	1.15	6.8	2.03	6.5	4.2	서	281	6.5	1024.2	-	59	
2019-12-25 03:55:00	2.2	북북동	33	14.74	32.09	1.20	7.1	1.53	7.0	3.9	서	268	6.5	1024.2	-	22	
2019-12-25 04:00:00	1.9	남남서	201	14.74	32.06	0.95	6.6	1.39	6.0	4.0	서	274	6.6	1024.1	-	21	
2019-12-25 04:05:00	4.1	동남동	104	14.72	32.07	1.25	6.7	1.64	7.0	3.9	서남서	255	6.8	1024.1	-	40	
2019-12-25 04:10:00	3.3	북서	323	14.74	32.03	1.29	6.7	2.04	6.5	3.6	서남서	243	6.4	1024.1	-	42	
2019-12-25 04:15:00	2.1	동북동	62	14.75	32.06	1.21	6.9	1.69	6.5	3.6	서남서	250	6.2	1024.0	-	22	
2019-12-25 04:20:00	0.4	서북서	284	14.75	32.12	0.96	6.7	1.16	6.0	4.0	서남서	257	6.0	1023.9	-	41	
2019-12-25 04:25:00	1.0	남서	220	14.72	32.10	1.10	6.9	1.36	6.0	4.3	서	261	5.8	1023.9	-	42	
2019-12-25 04:30:00	1.1	서남서	258	14.73	32.10	1.30	6.4	1.71	6.0	4.0	서남서	245	5.6	1023.7	-	53	
2019-12-25 04:35:00	1.5	북북서	330	14.72	32.08	1.05	6.8	1.31	6.5	3.7	서남서	240	5.4	1023.6	-	37	
2019-12-25 04:40:00	2.9	서	265	14.71	32.09	1.05	6.5	1.28	6.0	3.7	서남서	244	5.3	1023.7	-	53	
2019-12-25 04:45:00	2.2	북동	35	14.72	32.07	1.03	6.8	1.63	6.5	3.5	남서	236	5.2	1023.6	-	32	
2019-12-25 04:50:00	1.0	동북동	72	14.72	32.04	1.10	7.0	1.62	6.5	3.2	남서	230	4.9	1023.6	-	28	
2019-12-25 04:55:00	0.8	북서	305	14.71	32.07	0.95	6.6	1.45	6.0	2.6	남서	229	4.8	1023.6	-	47	
2019-12-25 05:00:00	0.7	서남서	238	14.71	32.10	1.04	6.6	1.41	6.0	2.1	남서	233	4.9	1023.6	-	54	
2019-12-25 05:05:00	3.0	북동	46	14.72	32.09	1.07	6.4	1.57	6.5	2.2	남서	224	5.2	1023.6	-	40	
2019-12-25 05:10:00	4.3	북서	319	14.74	32.09	1.02	7.1	1.31	6.5	2.9	서남서	247	5.5	1023.6	-	13	
2019-12-25 05:15:00	5.2	서북서	295	14.73	32.05	1.04	7.0	1.29	7.0	3.9	남서	234	5.5	1023.5	-	33	
2019-12-25 05:20:00	4.6	북서	312	14.74	32.05	1.04	6.5	1.39	6.5	4.7	남서	227	5.5	1023.4	-	50	
2019-12-25 05:25:00	4.1	북북서	327	14.74	32.08	0.87	6.3	1.03	7.5	3.7	남서	231	5.4	1023.4	-	31	
2019-12-25 05:30:00	5.3	북북서	335	14.74	32.06	0.91	6.2	1.34	6.0	3.3	남서	235	5.1	1023.4	-	30	
2019-12-25 05:35:00	5.4	서북서	295	14.73	32.07	0.90	6.2	1.11	5.5	3.4	남서	232	4.6	1023.4	-	22	
2019-12-25 05:40:00	5.7	북서	323	14.74	32.07	0.96	6.6	1.59	6.0	2.6	남서	218	4.5	1023.3	-	11	
2019-12-25 05:45:00	1.8	북서	322	14.75	32.07	1.35	7.0	1.63	6.0	3.2	남남서	212	4.9	1023.2	-	48	
2019-12-25 05:50:00	4.5	서북서	283	14.74	32.06	0.99	6.6	1.22	6.5	2.8	남남서	212	4.6	1023.2	-	71	
2019-12-25 05:55:00	5.0	북서	322	14.75	32.07	1.02	6.6	1.35	7.0	2.5	남서	226	4.8	1023.3	-	38	
2019-12-25 06:00:00	6.3	북북서	331	14.75	32.07	1.14	6.8	1.83	6.5	2.4	남서	214	4.8	1023.2	-	52	
2019-12-25 06:05:00	7.7	북서	305	14.76	32.07	1.08	6.7	1.68	7.0	3.2	남남서	212	4.8	1023.2	-	51	
2019-12-25 06:10:00	5.5	북북서	347	14.74	32.06	1.18	6.8	1.64	6.5	3.6	남남서	211	4.9	1023.1	-	47	
2019-12-25 06:15:00	6.3	서북서	289	14.75	32.07	1.08	6.8	1.50	6.5	5.0	남서	218	4.8	1023.1	-	58	
2019-12-25 06:20:00	5.2	북북서	329	14.73	32.05	0.90	6.3	1.17	5.0	5.6	남서	222	5.0	1023.1	-	47	
2019-12-25 06:25:00	6.1	북서	310	14.73	32.06	0.91	6.1	1.18	6.5	5.4	남서	228	5.3	1023.0	-	2	
2019-12-25 06:30:00	4.4	북서	314	14.73	32.10	0.94	6.5	1.34	6.5	5.4	남서	224	5.5	1022.9	-	33	
2019-12-25 06:35:00	13.1	북북서	327	14.85	32.10	0.94	6.5	1.07	5.5	5.5	남서	228	5.3	1022.9	-	56	
2019-12-25 06:40:00	17.3	북북서	328	14.88	32.09	0.99	6.3	1.19	7.0	4.9	남서	228	5.1	1022.9	-	57	
2019-12-25 06:45:00	17.3	북서	322	14.87	32.08	0.90	6.3	1.09	7.0	4.3	남서	220	5.0	1023.0	-	26	
2019-12-25 06:50:00	18.2	북서	322	14.88	32.07	0.98	6.6	1.18	6.0	4.0	남서	220	5.0	1022.9	-	59	
2019-12-25 06:55:00	15.2	북서	321	14.88	32.08	1.09	6.3	1.47	7.0	4.0	남서	222	5.1	1023.0	-	48	
2019-12-25 07:00:00	15.3	북서	325	14.87	32.08	0.77	6.8	1.08	6.5	4.5	남서	221	5.1	1022.9	-	99	
2019-12-25 07:05:00	17.9	북서	322	14.87	32.08	0.91	6.5	1.25	6.5	4.5	남서	224	5.0	1022.9	-	52	
2019-12-25 07:10:00	16.5	북서	313	14.85	32.08	1.04	6.4	1.32	6.5	3.9	남서	228	5.0	1022.8	-	34	
2019-12-25 07:15:00	15.4	북서	316	14.85	32.10	1.13	6.6	1.67	6.0	3.5	남서	222	5.2	1022.8	-	52	
2019-12-25 07:20:00	15.9	북북서	329	14.82	32.08	0.99	6.9	1.24	6.5	3.5	남서	215	5.3	1022.9	-	45	
2019-12-25 07:25:00	17.3	북서	317	14.81	32.07	0.98	6.5	1.30	6.5	3.3	남서	221	5.3	1022.9	-	21	
2019-12-25 07:30:00	15.2	북서	321	14.81	32.07	0.99	6.6	1.49	6.0	2.7	서남서	241	5.2	1023.1	-	61	
2019-12-25 07:35:00	16.3	북서	322	14.81	32.04	0.90	6.6	1.50	6.5	2.3	서	264	4.7	1023.1	-	41	
2019-12-25 07:40:00	18.1	북북서	326	14.80	32.08	0.76	6.4	1.02	5.5	2.0	서	264	4.8	1023.2	-	45	
2019-12-25 07:45:00	14.3	북서	311	14.82	32.07	0.90	6.4	1.24	6.0	2.4	서북서	294	5.2	1023.4	-	77	
2019-12-25 07:50:00	15.7	북서	324	14.82	32.08	0.76	6.1	1.20	6.0	1.1	북서	305	5.4	1023.4	-	45	
2019-12-25 07:55:00	17.1	북서	315	14.83	32.07	1.14	6.4	1.50	6.5	1.7	남서	228	5.3	1023.4	-	40	
2019-12-25 08:00:00	15.0	북서	307	14.85	32.06	0.97	6.8	1.44	6.5	2.6	서	260	5.7	1023.4	-	36	
2019-12-25 08:05:00	15.6	북서	316	14.83	32.07	0.94	6.2	1.47	6.5	2.8	서남서	251	5.7	1023.5	-	39	
2019-12-25 08:10:00	16.7	북서	318	14.86	32.05	0.93	6.6	1.22	6.5	3.1	서남서	243	5.6	1023.6	-	60	
2019-12-25 08:15:00	15.2	북서	311	14.85	32.06	0.87	6.1	1.19	6.5	2.9	서남서	242	5.4	1023.5	-	58	
2019-12-25 08:20:00	15.9	북서	313	14.87	32.07	0.66	6.2	1.00	5.0	3.0	서남서	248	5.3	1023.6	-	59	
2019-12-25 08:25:00	15.8	북서	312	14.86	32.06	1.07	6.5	1.27	7.0	2.9	서남서	256	5.1	1023.6	-	3	
2019-12-25 08:30:00	15.7	북서	319	14.85	32.08	0.78	6.2	1.02	6.0	2.9	서남서	254	5.2	1023.6	-	48	
2019-12-25 08:35:00	16.3	북서	319	14.82	32.04	0.92	6.6	1.21	5.5	2.9	서남서	255	5.2	1023.7	-	41	
2019-12-25 08:40:00	15.9	북서	310	14.81	32.04	0.80	6.2	1.22	6.0	3.3	서남서	249	5.5	1023.6	-	42	
2019-12-25 08:45:00	12.3	북서	314	14.83	32.08	0.94	6.8	1.32	6.0	4.1	서남서	238	5.9	1023.6	-	28	
2019-12-25 08:50:00	15.1	북서	312	14.81	32.06	1.15	7.0	1.56	6.5	3.9	서남서	237	5.9	1023.7	-	59	
2019-12-25 08:55:00	12.4	서북서	302	14.82	32.09	0.85	6.2	1.23	5.0	4.3	남서	231	6.2	1023.8	-	58	
2019-12-25 09:00:00	14.9	북서	306	14.81	32.05	0.94	6.7	1.23	6.0	4.6	서남서	243	6.4	1023.9	-	66	
2019-12-25 09:05:00	12.3	북서	313	14.80	32.07	0.80	6.1	0.99	6.5	4.9	서남서	251	6.1	1024.0	-	56	
2019-12-25 09:10:00	12.8	북서	316	14.80	32.06	0.86	6.4	1.45	6.0	4.4	서남서	245	6.0	1024.0	-	47	
2019-12-25 09:15:00	10.3	북서	318	14.79	32.07	0.73	6.4	0.99	5.0	4.1	서남서	245	6.2	1023.9	-	48	
2019-12-25 09:20:00	9.5	서북서	302	14.80	32.07	0.85	6.6	1.12	6.5	4.3	서남서	247	6.3	1023.9	-	39	
2019-12-25 09:25:00	10.2	북서	308	14.81	32.07	0.82	5.6	1.18	6.5	4.7	서남서	247	6.4	1024.0	-	65	
2019-12-25 09:30:00	6.8	북서	325	14.81	32.07	0.88	6.6	1.10	6.5	4.0	서남서	245	6.2	1024.0	-	40	
2019-12-25 09:35:00	8.3	북북서	337	14.79	32.06	0.76	6.4	0.88	6.5	3.8	서남서	251	6.5	1024.1	-	41	
2019-12-25 09:40:00	8.4	북서	319	14.79	32.08	0.75	6.2	0.99	7.0	3.7	서남서	247	6.7	1024.2	-	53	
2019-12-25 09:45:00	5.7	북서	316	14.79	32.09	0.78	6.3	1.01	6.0	3.1	서남서	253	6.9	1024.2	-	29	
2019-12-25 09:50:00	5.8	북서	323	14.80	32.10	0.83	6.6	1.13	7.5	3.0	서남서	256	7.3	1024.1	-	52	
2019-12-25 09:55:00	7.6	북서	326	14.80	32.10	0.86	6.5	1.27	6.5	2.8	서	262	7.6	1024.1	-	35	
2019-12-25 10:00:00	7.7	북서	325	14.80	32.10	0.61	6.0	0.73	7.0	2.0	서	260	8.0	1024.0	-	48	
2019-12-25 10:05:00	7.2	북서	313	14.80	32.07	0.74	5.6	1.02	6.0	1.4	서	269	8.1	1023.9	-	54	
2019-12-25 10:10:00	6.6	북서	323	14.80	32.06	0.72	6.5	0.96	6.5	1.0	서	267	8.6	1023.8	-	15	
2019-12-25 10:15:00	7.2	북서	310	14.80	32.07	0.73	6.0	1.05	5.0	2.1	남서	221	8.8	1023.7	-	53	
2019-12-25 10:20:00	4.0	북서	309	14.80	32.09	0.81	6.4	1.12	6.0	1.6	남서	215	8.7	1023.7	-	63	
2019-12-25 10:25:00	3.0	북북서	337	14.80	32.07	0.74	6.3	0.91	7.0	2.0	남남서	204	8.7	1023.5	-	67	
2019-12-25 10:30:00	8.7	북북서	329	14.79	32.06	0.80	6.2	0.98	7.0	2.6	남서	217	9.0	1023.5	-	90	
2019-12-25 10:35:00	4.3	북북서	346	14.78	32.05	0.70	6.3	1.01	6.0	3.0	남남서	208	9.1	1023.3	-	72	
2019-12-25 10:40:00	3.9	북	6	14.78	32.07	0.77	6.6	0.95	7.0	2.3	남남서	201	9.4	1023.3	-	42	
2019-12-25 10:45:00	12.8	북북동	20	14.78	32.07	0.72	6.2	0.95	7.0	2.3	남남서	193	9.3	1023.2	-	45	
2019-12-25 10:50:00	8.9	북북서	342	14.77	32.08	0.77	5.7	1.00	6.5	2.2	남남서	199	9.4	1023.1	-	57	
2019-12-25 10:55:00	9.7	북서	305	14.76	32.05	0.82	6.7	1.30	6.0	2.2	남남서	197	9.3	1023.1	-	39	
2019-12-25 11:00:00	7.4	북	9	14.75	32.06	0.81	6.2	1.20	6.0	1.6	남남서	192	9.6	1023.0	-	71	
2019-12-25 11:05:00	10.7	북북동	32	14.74	32.06	0.81	6.3	0.94	6.0	1.1	남	183	9.6	1023.0	-	23	
2019-12-25 11:10:00	8.2	북북서	343	14.75	32.07	0.91	6.8	1.21	6.0	0.7	남남서	196	9.6	1022.9	-	53	
2019-12-25 11:15:00	3.8	북북서	329	14.76	32.07	0.79	6.4	1.07	6.5	0.0	남동	134	9.9	1022.9	-	45	
2019-12-25 11:20:00	9.0	북북서	333	14.76	32.08	0.73	6.2	0.91	5.5	0.7	북북동	20	10.0	1022.8	-	35	
2019-12-25 11:25:00	5.2	북서	326	14.75	32.05	0.63	5.7	0.83	6.0	1.8	북북동	21	9.6	1022.7	-	93	
2019-12-25 11:30:00	6.6	북북서	342	14.76	32.07	0.76	5.9	0.97	6.5	1.7	북북동	31	9.6	1022.6	-	49	
2019-12-25 11:35:00	3.2	북북서	348	14.76	32.07	0.82	5.9	1.42	6.0	2.1	북동	47	9.7	1022.6	-	42	
2019-12-25 11:40:00	5.0	북북서	339	14.76	32.08	0.82	5.9	1.39	6.0	2.0	동북동	62	9.8	1022.4	-	359	
2019-12-25 11:45:00	7.3	북서	322	14.76	32.08	0.68	6.0	0.84	6.0	1.7	북동	42	10.0	1022.3	-	34	
2019-12-25 11:50:00	2.8	북서	314	14.76	32.08	0.62	5.8	1.03	5.0	2.5	동북동	64	10.0	1022.2	-	67	
2019-12-25 11:55:00	3.6	북서	322	14.74	32.11	0.70	6.1	0.97	5.5	3.7	동북동	73	10.0	1022.0	-	63	
2019-12-25 12:00:00	4.5	북서	320	14.73	32.09	0.75	5.9	1.23	5.5	3.2	동북동	72	9.9	1021.9	-	61	
2019-12-25 12:05:00	4.7	북서	322	14.73	32.10	0.83	6.1	1.13	6.0	2.2	동북동	72	9.9	1021.8	-	63	
2019-12-25 12:10:00	3.6	북서	315	14.73	32.08	0.70	6.0	0.95	5.0	2.8	동북동	71	10.1	1021.6	-	43	
2019-12-25 12:15:00	5.9	북북서	344	14.73	32.06	0.72	5.8	0.96	6.0	3.3	동	82	10.2	1021.4	-	47	
2019-12-25 12:20:00	4.8	북서	311	14.74	32.12	0.80	6.2	0.95	7.0	3.1	동	87	10.3	1021.3	-	62	
2019-12-25 12:25:00	4.0	북서	323	14.74	32.09	0.75	6.5	1.05	6.5	3.4	동	88	10.6	1021.1	-	18	
2019-12-25 12:30:00	7.1	북서	326	14.75	32.07	0.81	6.1	1.06	6.0	2.9	동	86	10.7	1021.0	-	71	
2019-12-25 12:35:00	6.2	북북서	337	14.76	32.08	0.69	5.8	1.08	6.0	3.0	동	90	10.6	1020.9	-	38	
2019-12-25 12:40:00	6.4	북북서	339	14.76	32.08	0.62	5.5	0.88	6.5	2.3	동남동	105	10.4	1020.8	-	43	
2019-12-25 12:45:00	5.8	북북서	345	14.77	32.07	0.63	6.0	0.76	5.0	2.3	동남동	113	10.9	1020.8	-	88	
2019-12-25 12:50:00	12.4	북북서	334	14.89	32.36	0.60	5.9	0.78	5.5	2.5	남동	141	10.9	1020.7	-	56	
2019-12-25 12:55:00	18.3	북서	326	15.22	32.11	0.65	5.5	0.87	5.5	1.9	남남동	164	10.9	1020.7	-	56	
2019-12-25 13:00:00	17.0	북서	322	15.32	32.19	0.80	6.1	1.11	6.0	2.0	남	179	10.9	1020.5	-	45	
2019-12-25 13:05:00	18.9	북서	316	15.39	32.17	0.64	6.1	0.77	6.0	1.2	남남동	154	11.3	1020.4	-	53	
2019-12-25 13:10:00	15.5	북서	317	15.46	32.17	0.67	5.5	0.88	5.5	1.1	남	175	11.8	1020.3	-	81	
2019-12-25 13:15:00	19.6	북서	325	15.55	32.16	0.69	5.7	0.95	6.0	1.1	서	262	11.7	1020.3	-	41	
2019-12-25 13:20:00	17.4	북서	325	15.57	32.17	0.70	5.9	1.01	5.0	2.6	서남서	244	11.6	1020.3	-	77	
2019-12-25 13:25:00	20.9	북서	326	15.57	32.17	0.64	6.0	0.89	5.0	3.6	서남서	243	11.5	1020.2	-	63	
2019-12-25 13:30:00	15.4	북서	317	15.55	32.13	0.58	6.1	0.85	5.5	3.5	서남서	250	11.6	1020.2	-	97	
2019-12-25 13:35:00	21.9	북서	323	15.58	32.17	0.85	6.1	1.22	5.5	3.3	남서	236	11.8	1020.2	-	46	
2019-12-25 13:40:00	19.9	북서	325	15.61	32.18	0.76	5.9	1.22	6.0	3.9	남서	226	11.8	1020.3	-	69	
2019-12-25 13:45:00	22.0	북서	320	15.61	32.19	0.74	5.7	1.31	6.0	1.5	서남서	241	11.9	1020.4	-	78	
2019-12-25 13:50:00	15.2	북북서	326	15.60	32.20	0.74	5.8	1.05	6.0	2.5	동북동	66	11.6	1020.4	-	50	
2019-12-25 13:55:00	18.9	북북서	330	15.60	32.19	0.75	6.0	0.97	6.0	3.6	동북동	57	11.0	1020.4	-	54	
2019-12-25 14:00:00	17.9	북북서	330	15.64	32.17	0.75	5.8	0.89	6.5	5.7	북북동	24	11.0	1020.3	-	36	
2019-12-25 14:05:00	10.8	북서	318	15.64	32.21	0.84	5.5	1.33	7.0	5.8	북북동	28	10.9	1020.3	-	23	
2019-12-25 14:10:00	15.8	북서	319	15.65	32.18	0.80	5.8	0.97	5.5	5.7	북북동	18	10.9	1020.3	-	71	
2019-12-25 14:15:00	14.4	북북서	335	15.65	32.21	0.82	5.3	1.06	6.0	4.3	북동	47	11.0	1020.3	-	76	
2019-12-25 14:20:00	12.8	북북서	336	15.65	32.20	0.80	5.6	1.13	6.0	3.0	북북동	33	11.1	1020.3	-	45	
2019-12-25 14:25:00	10.8	북북서	334	15.65	32.19	0.90	6.1	1.13	6.5	6.0	북북동	14	11.2	1020.2	-	51	
2019-12-25 14:30:00	15.6	북북서	328	15.64	32.20	0.88	6.3	1.18	5.0	5.6	북북동	21	11.1	1020.2	-	33	
2019-12-25 14:35:00	15.3	북서	308	15.66	32.22	0.74	6.1	1.03	7.0	5.4	북	2	11.2	1020.3	-	42	
2019-12-25 14:40:00	21.9	북서	313	15.85	32.25	0.73	5.8	0.92	5.5	6.4	북	359	11.0	1020.3	-	46	
2019-12-25 14:45:00	22.3	북서	305	15.92	32.16	0.78	5.6	0.96	5.5	6.0	북	356	11.1	1020.3	-	57	
2019-12-25 14:50:00	19.4	북서	309	15.95	32.14	0.77	5.5	0.92	6.5	4.7	북	0	11.2	1020.3	-	35	
2019-12-25 14:55:00	21.6	북서	314	15.97	32.13	0.86	5.8	1.17	6.5	5.7	북	2	11.0	1020.4	-	30	
2019-12-25 15:00:00	19.8	북서	311	15.98	32.13	0.84	5.7	1.13	6.0	5.7	북북서	347	11.0	1020.5	-	57	
2019-12-25 15:05:00	20.0	북서	314	15.98	32.12	0.78	5.5	1.06	6.0	6.0	북	351	11.0	1020.5	-	38	
2019-12-25 15:10:00	19.6	북서	307	15.98	32.11	0.67	5.4	0.79	4.0	5.9	북	355	11.1	1020.5	-	62	
2019-12-25 15:15:00	18.2	북서	311	15.97	32.12	0.93	5.3	1.33	5.0	3.9	북북서	341	11.3	1020.6	-	346	
2019-12-25 15:20:00	18.9	북서	316	15.96	32.11	0.72	5.4	1.02	5.5	4.0	북북서	346	11.3	1020.6	-	32	
2019-12-25 15:25:00	19.2	북서	318	15.96	32.15	0.80	5.7	1.09	7.0	4.4	북	351	11.3	1020.7	-	43	
2019-12-25 15:30:00	16.4	북서	310	15.96	32.17	0.84	6.1	1.33	5.5	4.4	북북서	334	11.4	1020.7	-	52	
2019-12-25 15:35:00	16.1	북서	314	15.96	32.15	0.76	5.3	1.08	7.0	2.9	북북서	345	11.3	1020.7	-	112	
2019-12-25 15:40:00	15.7	북서	311	15.96	32.16	0.82	5.3	1.14	5.5	3.0	북북서	328	11.1	1020.8	-	65	
2019-12-25 15:45:00	18.0	서북서	303	15.97	32.15	0.85	5.7	1.30	6.5	2.5	북북서	343	11.4	1020.8	-	65	
2019-12-25 15:50:00	14.4	북서	308	15.96	32.15	0.79	5.2	1.01	4.5	2.8	북	354	11.5	1020.7	-	23	
2019-12-25 15:55:00	14.4	북서	312	15.96	32.13	0.85	5.3	1.32	6.0	2.6	북북서	340	11.4	1020.7	-	60	
2019-12-25 16:00:00	12.8	북서	309	15.96	32.16	0.81	5.7	1.11	6.0	2.4	북	355	11.3	1020.6	-	86	
2019-12-25 16:05:00	15.2	서북서	298	15.97	32.15	0.89	5.6	1.32	5.5	2.3	북	3	11.2	1020.6	-	73	
2019-12-25 16:10:00	13.4	북서	305	15.97	32.11	0.85	5.1	1.12	4.5	1.8	북	350	11.3	1020.7	-	48	
2019-12-25 16:15:00	16.6	북서	309	15.97	32.11	0.88	5.0	1.10	5.5	1.8	북	352	11.4	1020.7	-	208	
2019-12-25 16:20:00	16.8	북서	311	15.97	32.10	0.90	5.1	1.29	4.0	0.9	북북서	345	11.1	1020.7	-	63	
2019-12-25 16:25:00	13.2	북서	305	15.97	32.10	0.84	5.2	1.28	5.0	1.3	북	10	11.0	1020.7	-	80	
2019-12-25 16:30:00	15.5	북서	306	15.97	32.11	0.73	5.0	1.06	4.0	1.0	북북서	337	10.9	1020.7	-	3	
2019-12-25 16:35:00	16.0	북서	323	15.96	32.13	0.75	5.3	0.90	6.0	1.2	서북서	295	10.8	1020.6	-	99	
2019-12-25 16:40:00	15.9	북서	306	15.97	32.11	0.68	5.5	0.97	5.0	0.2	서	272	10.8	1020.7	-	11	
2019-12-25 16:45:00	13.9	북서	312	15.97	32.08	0.65	5.4	0.97	5.0	0.6	동북동	60	10.8	1020.7	-	55	
2019-12-25 16:50:00	13.4	서북서	295	15.97	32.08	0.66	5.0	0.88	5.0	0.1	동남동	108	10.7	1020.7	-	83	
2019-12-25 16:55:00	12.2	북서	322	15.97	32.08	0.72	5.5	1.37	5.5	1.5	서남서	239	10.7	1020.7	-	38	
2019-12-25 17:00:00	13.4	북서	304	15.97	32.07	0.65	5.6	0.94	5.0	1.0	남	185	10.7	1020.7	-	60	
2019-12-25 17:05:00	12.3	북서	309	15.97	32.10	0.78	5.5	1.06	5.5	0.8	서남서	254	10.7	1020.9	-	47	
2019-12-25 17:10:00	14.6	북서	305	15.97	32.07	0.84	5.3	1.12	5.0	1.6	서남서	248	10.7	1020.9	-	40	
2019-12-25 17:15:00	15.1	북서	312	15.96	32.08	0.67	5.4	0.97	5.5	1.9	서남서	238	10.8	1020.8	-	50	
2019-12-25 17:20:00	12.0	북서	306	15.97	32.08	0.79	5.4	1.01	4.5	1.8	서남서	237	10.8	1020.9	-	24	
2019-12-25 17:25:00	9.9	북서	308	15.97	32.10	0.66	5.2	0.82	3.5	1.6	남서	232	10.8	1021.0	-	44	
2019-12-25 17:30:00	13.4	서북서	302	15.98	32.12	0.66	5.5	1.16	6.0	4.1	남서	222	10.7	1020.9	-	92	
2019-12-25 17:35:00	8.2	서	277	15.98	32.09	0.60	5.8	0.83	6.0	3.4	남남서	212	10.5	1020.9	-	80	
2019-12-25 17:40:00	9.6	서북서	283	15.97	32.13	0.71	5.9	0.85	6.5	3.6	남남서	205	10.4	1021.0	-	64	
2019-12-25 17:45:00	10.5	서북서	300	15.98	32.12	0.72	5.8	1.00	5.5	3.9	남서	217	10.2	1021.0	-	73	
2019-12-25 17:50:00	9.0	북서	304	15.97	32.11	0.65	5.6	0.90	5.5	3.7	남서	218	10.2	1020.9	-	83	
2019-12-25 17:55:00	9.3	북서	306	15.98	32.11	0.56	5.2	0.81	7.0	3.8	남서	227	9.9	1021.1	-	254	
2019-12-25 18:00:00	11.0	서북서	299	15.97	32.12	0.64	5.7	0.97	6.5	3.9	남서	226	9.8	1021.1	-	43	
2019-12-25 18:05:00	11.3	북서	309	15.97	32.12	0.55	5.6	0.70	6.0	3.7	서남서	241	9.5	1021.2	-	16	
2019-12-25 18:10:00	10.9	서북서	290	15.98	32.10	0.61	5.6	0.74	6.0	3.4	서남서	249	9.0	1021.2	-	49	
2019-12-25 18:15:00	12.3	서북서	298	15.96	32.11	0.59	5.8	0.75	5.5	3.8	남서	236	9.0	1021.1	-	46	
2019-12-25 18:20:00	13.5	서북서	298	15.96	32.11	0.57	5.3	0.72	5.0	4.2	남서	235	9.3	1021.1	-	39	
2019-12-25 18:25:00	12.1	서북서	302	15.97	32.12	0.60	6.0	0.85	5.5	4.7	서남서	242	9.4	1021.0	-	49	
2019-12-25 18:30:00	11.6	서북서	297	15.97	32.14	0.59	5.3	0.89	5.0	5.2	서남서	245	9.2	1021.0	-	5	
2019-12-25 18:35:00	9.2	서북서	295	15.98	32.16	0.57	5.8	0.89	6.0	4.9	서남서	253	9.2	1021.0	-	71	
2019-12-25 18:40:00	12.0	서북서	281	15.98	32.16	0.63	5.9	0.85	6.0	3.9	서	262	8.9	1021.1	-	36	
2019-12-25 18:45:00	10.8	서북서	289	15.98	32.16	0.54	5.6	0.81	5.5	3.9	서남서	257	8.7	1021.1	-	70	
2019-12-25 18:50:00	10.7	서북서	294	15.98	32.15	0.63	5.6	0.79	6.0	3.9	서남서	253	8.9	1021.0	-	78	
2019-12-25 18:55:00	8.5	서북서	292	15.99	32.16	0.55	5.7	1.00	5.0	3.9	서남서	245	8.9	1021.0	-	48	
2019-12-25 19:00:00	7.6	서남서	257	15.99	32.14	0.63	5.8	0.92	6.5	3.7	서남서	247	9.0	1021.0	-	26	
2019-12-25 19:05:00	14.5	서북서	288	15.98	32.14	0.54	5.3	0.72	6.0	3.6	서남서	251	8.8	1021.0	-	71	
2019-12-25 19:10:00	8.9	서남서	245	15.99	32.16	0.62	5.8	0.82	6.0	1.8	서남서	250	8.6	1021.2	-	52	
2019-12-25 19:15:00	6.2	서	276	15.99	32.15	0.56	5.5	0.91	4.5	2.1	서북서	286	8.7	1021.2	-	62	
2019-12-25 19:20:00	13.8	서북서	293	15.99	32.15	0.54	5.4	1.00	6.0	2.5	서	274	8.9	1021.0	-	74	
2019-12-25 19:25:00	27.6	서북서	302	15.99	32.15	0.51	5.5	0.62	6.0	3.2	서	275	8.7	1021.0	-	67	
2019-12-25 19:30:00	62.4	서북서	284	15.99	32.16	0.54	5.8	0.70	6.5	3.4	서북서	290	8.7	1020.9	-	54	
2019-12-25 19:35:00	65.9	서	280	16.00	32.14	0.54	6.1	0.63	5.5	3.9	서북서	287	8.7	1020.8	-	17	
2019-12-25 19:40:00	27.8	서북서	297	15.99	32.12	0.51	5.4	0.63	5.0	4.2	서남서	254	8.4	1020.8	-	27	
2019-12-25 19:45:00	11.8	서북서	295	16.00	32.15	0.61	5.9	0.97	6.0	3.9	서	261	8.4	1020.7	-	54	
2019-12-25 19:50:00	13.1	북서	310	16.00	32.16	0.56	5.6	0.80	5.5	3.4	서	260	8.5	1020.8	-	77	
2019-12-25 19:55:00	3.9	서	266	15.99	32.15	0.58	5.1	0.81	5.0	3.0	서	265	8.5	1020.8	-	32	
2019-12-25 20:00:00	8.0	북서	309	15.99	32.15	0.53	5.6	0.70	5.0	3.3	서남서	257	8.4	1020.6	-	23	
2019-12-25 20:05:00	4.8	동	84	15.99	32.13	0.46	5.3	0.67	6.0	3.3	서	261	8.4	1020.6	-	69	
2019-12-25 20:10:00	3.2	남서	216	15.99	32.14	0.58	5.3	0.89	5.5	2.9	서북서	284	8.5	1020.7	-	64	
2019-12-25 20:15:00	6.1	서	276	15.99	32.16	0.60	5.6	0.88	5.0	2.8	서	276	8.4	1020.7	-	69	
2019-12-25 20:20:00	12.5	북서	317	16.00	32.15	0.59	5.8	0.99	5.5	3.1	서	276	8.3	1020.4	-	60	
2019-12-25 20:25:00	27.0	북북서	327	15.98	32.14	0.52	5.6	0.64	6.0	1.9	서	264	8.3	1020.6	-	76	
2019-12-25 20:30:00	61.2	북	5	15.98	32.15	0.64	5.5	0.90	6.0	1.8	서남서	241	8.3	1020.5	-	22	
2019-12-25 20:35:00	33.7	서남서	256	15.98	32.12	0.53	5.2	0.80	5.0	3.9	남서	234	8.3	1020.2	-	61	
2019-12-25 20:40:00	28.6	동북동	61	15.97	32.15	0.56	5.0	0.86	5.0	2.5	남서	235	8.3	1020.2	-	125	
2019-12-25 20:45:00	85.2	북북서	329	15.96	32.14	0.67	5.8	1.08	5.5	2.0	서남서	246	8.2	1020.3	-	40	
2019-12-25 20:50:00	48.5	서북서	298	15.96	32.14	0.61	5.7	0.89	6.5	2.1	서	274	8.2	1020.2	-	68	
2019-12-25 20:55:00	79.9	북북동	29	15.94	32.11	0.57	5.4	0.91	5.5	2.4	서	261	8.3	1020.1	-	46	
2019-12-25 21:00:00	50.6	북북서	340	15.94	32.16	0.65	5.4	0.89	5.0	2.3	서남서	252	8.2	1020.1	-	45	
2019-12-25 21:05:00	4.8	북서	307	15.95	32.16	0.51	5.5	0.82	5.5	2.6	서남서	251	8.1	1020.0	-	17	
2019-12-25 21:10:00	21.8	북서	321	15.94	32.16	0.64	5.8	0.78	5.5	2.9	서남서	238	8.2	1020.1	-	111	
2019-12-25 21:15:00	5.3	서북서	299	15.94	32.16	0.57	5.3	0.81	5.0	2.2	서남서	237	7.8	1020.1	-	50	
2019-12-25 21:20:00	4.8	서	266	15.94	32.16	0.52	5.8	0.74	6.0	2.9	남서	235	7.8	1020.0	-	94	
2019-12-25 21:25:00	12.3	서북서	295	15.94	32.15	0.51	5.4	0.66	5.0	3.4	남서	226	7.9	1019.9	-	30	
2019-12-25 21:30:00	14.6	북서	304	15.93	32.16	0.47	5.1	0.63	5.0	3.8	남서	216	7.8	1019.9	-	309	
2019-12-25 21:35:00	15.3	북서	323	15.92	32.16	0.58	5.5	0.79	5.5	3.9	남서	228	7.6	1019.8	-	58	
2019-12-25 21:40:00	15.2	북북서	332	15.92	32.16	0.57	5.5	0.94	6.0	3.5	서남서	240	7.8	1019.7	-	43	
2019-12-25 21:45:00	15.0	북서	312	15.92	32.17	0.59	5.7	0.78	5.5	3.7	서남서	239	8.1	1019.6	-	52	
2019-12-25 21:50:00	12.2	서북서	299	15.92	32.17	0.53	5.8	0.94	5.5	4.3	서남서	246	7.8	1019.5	-	81	
2019-12-25 21:55:00	13.5	북서	325	15.92	32.17	0.53	5.5	0.82	5.5	4.1	서남서	243	7.5	1019.6	-	17	
2019-12-25 22:00:00	13.1	북북서	327	15.92	32.17	0.62	5.2	0.96	5.0	4.4	서남서	244	7.4	1019.5	-	11	
2019-12-25 22:05:00	13.6	북북서	333	15.91	32.16	0.60	5.4	0.84	5.5	5.1	서남서	244	7.4	1019.5	-	5	
2019-12-25 22:10:00	13.5	북서	311	15.90	32.18	0.52	5.4	0.63	5.5	4.7	서남서	240	7.1	1019.6	-	9	
2019-12-25 22:15:00	11.3	북북서	329	15.90	32.19	0.59	5.8	0.78	5.5	5.1	서남서	240	7.3	1019.4	-	69	
2019-12-25 22:20:00	10.9	북서	321	15.90	32.17	0.61	5.2	0.92	5.5	5.3	서남서	243	7.5	1019.5	-	12	
2019-12-25 22:25:00	14.5	북북서	340	15.90	32.16	0.53	5.1	0.77	4.5	5.3	서남서	248	7.6	1019.6	-	110	
2019-12-25 22:30:00	10.8	북북서	348	15.89	32.18	0.52	5.5	0.70	5.5	5.4	서남서	248	7.6	1019.5	-	67	
2019-12-25 22:35:00	7.9	북서	317	15.90	32.18	0.61	5.4	0.82	5.5	5.2	서남서	243	7.6	1019.4	-	29	
2019-12-25 22:40:00	11.2	북서	323	15.88	32.16	0.50	5.6	0.70	5.5	5.4	서남서	244	7.5	1019.4	-	82	
2019-12-25 22:45:00	8.6	북서	321	15.87	32.18	0.60	5.5	0.93	4.5	4.8	서남서	247	7.5	1019.5	-	347	
2019-12-25 22:50:00	14.4	북서	326	15.87	32.19	0.58	5.6	0.77	5.5	4.7	서남서	249	7.3	1019.4	-	50	
2019-12-25 22:55:00	11.4	북서	322	15.87	32.20	0.62	5.0	0.95	5.0	4.9	서남서	247	7.3	1019.4	-	47	
2019-12-25 23:00:00	13.6	북북서	326	15.87	32.20	0.55	5.6	0.75	5.5	4.9	서남서	250	7.3	1019.4	-	88	
2019-12-25 23:05:00	13.1	북북서	333	15.87	32.20	0.54	5.4	0.69	5.5	5.0	서남서	252	7.4	1019.6	-	108	
2019-12-25 23:10:00	12.5	서북서	302	15.86	32.19	0.56	5.2	0.82	4.5	4.6	서남서	249	7.3	1019.7	-	8	
2019-12-25 23:15:00	12.7	북서	308	15.86	32.19	0.56	5.3	0.74	6.0	4.5	서남서	248	7.2	1019.6	-	18	
2019-12-25 23:20:00	13.5	북서	319	15.86	32.19	0.68	5.1	1.10	5.5	5.1	서남서	245	7.1	1019.6	-	45	
2019-12-25 23:25:00	11.9	북서	317	15.86	32.19	0.53	5.4	0.83	5.0	6.0	서남서	243	7.4	1019.5	-	16	
2019-12-25 23:30:00	12.7	북서	315	15.86	32.19	0.52	5.4	0.65	4.5	6.4	남서	233	7.7	1019.3	-	47	
2019-12-25 23:35:00	15.1	북서	322	15.84	32.20	0.60	5.3	0.92	5.5	6.5	남서	229	7.7	1019.3	-	67	
2019-12-25 23:40:00	10.3	북서	323	15.87	32.19	0.59	5.2	0.79	5.0	6.2	남서	230	7.5	1019.2	-	53	
2019-12-25 23:45:00	12.4	북북서	330	15.84	32.19	0.53	5.2	0.75	5.0	5.9	남서	230	7.4	1019.2	-	14	
2019-12-25 23:50:00	11.1	북북서	331	15.85	32.19	0.58	5.1	0.78	5.5	5.3	남서	227	7.3	1019.3	-	94	
2019-12-25 23:55:00	10.1	북북서	328	15.84	32.19	0.60	5.2	0.82	5.0	5.6	남서	225	7.2	1019.3	-	343	
2019-12-26 00:00:00	11.8	북북서	326	15.85	32.19	0.47	5.3	0.59	4.0	5.3	남서	236	7.3	1019.3	-	39	
2019-12-26 00:05:00	10.0	북북서	339	15.84	32.19	0.51	5.5	0.81	5.5	5.0	남서	233	7.4	1019.2	-	94	
2019-12-26 00:10:00	5.0	북북서	337	15.84	32.18	0.52	5.4	0.74	5.0	5.5	남서	234	7.3	1019.1	-	7	
2019-12-26 00:15:00	9.1	북	349	15.83	32.20	0.60	5.7	0.91	5.5	5.1	서남서	241	7.3	1018.9	-	43	
2019-12-26 00:20:00	8.9	북북서	339	15.83	32.21	0.49	5.5	0.60	6.0	5.0	서남서	239	7.2	1019.1	-	30	
2019-12-26 00:25:00	11.5	북	353	15.79	32.21	0.53	5.1	0.71	5.5	5.4	서남서	240	7.1	1018.9	-	59	
2019-12-26 00:30:00	6.0	북	350	15.80	32.23	0.51	5.6	0.74	5.0	5.1	서남서	243	7.1	1018.8	-	93	
2019-12-26 00:35:00	7.5	북	354	15.81	32.23	0.54	5.3	0.63	5.0	4.7	남서	235	7.1	1018.8	-	29	
2019-12-26 00:40:00	11.3	북	356	15.80	32.23	0.52	5.5	1.03	5.5	4.4	남서	232	7.2	1019.0	-	90	
2019-12-26 00:45:00	10.4	북	353	15.80	32.23	0.47	5.6	0.72	5.0	4.5	남서	222	7.1	1019.0	-	82	
2019-12-26 00:50:00	8.2	북북동	30	15.79	32.23	0.49	5.6	0.66	5.5	4.5	남서	225	7.2	1018.7	-	20	
2019-12-26 00:55:00	10.5	북북동	15	15.77	32.22	0.55	5.6	0.66	6.0	4.5	남서	224	7.1	1018.5	-	39	
2019-12-26 01:00:00	10.0	북북동	19	15.78	32.23	0.45	5.6	0.67	5.5	4.9	남서	227	7.1	1018.6	-	24	
2019-12-26 01:05:00	8.6	북북동	15	15.77	32.23	0.49	5.6	0.74	5.5	4.8	남서	227	7.2	1018.7	-	0	
2019-12-26 01:10:00	6.5	북북동	21	15.76	32.22	0.39	5.0	0.52	5.0	4.5	남서	230	7.4	1018.7	-	23	
2019-12-26 01:15:00	5.6	북	8	15.76	32.22	0.49	5.6	0.65	5.5	4.2	서남서	241	7.6	1018.7	-	47	
2019-12-26 01:20:00	7.8	북북동	13	15.76	32.21	0.51	5.6	0.66	5.0	4.0	서남서	249	7.3	1018.6	-	21	
2019-12-26 01:25:00	8.5	북동	37	15.73	32.22	0.49	5.3	0.73	4.5	4.0	서남서	247	7.2	1018.5	-	66	
2019-12-26 01:30:00	8.4	북동	41	15.73	32.23	0.51	5.7	0.64	6.5	4.1	서남서	241	7.3	1018.5	-	54	
2019-12-26 01:35:00	12.5	북북동	18	15.72	32.22	0.47	5.7	0.86	5.5	3.8	서남서	238	7.2	1018.5	-	45	
2019-12-26 01:40:00	14.1	북동	43	15.71	32.22	0.52	5.2	0.74	6.0	4.3	서남서	240	7.4	1018.5	-	17	
2019-12-26 01:45:00	10.9	북북동	19	15.71	32.22	0.47	5.6	0.79	5.0	4.6	서남서	247	7.4	1018.5	-	356	
2019-12-26 01:50:00	7.9	북북동	20	15.69	32.23	0.42	5.4	0.62	5.0	4.0	서남서	248	7.4	1018.5	-	64	
2019-12-26 01:55:00	11.3	북북동	16	15.69	32.21	0.46	5.6	0.59	5.0	3.3	서남서	255	7.4	1018.2	-	28	
2019-12-26 02:00:00	5.5	북북동	31	15.67	32.20	0.48	5.2	0.74	5.5	3.9	서남서	258	7.4	1018.0	-	30	
2019-12-26 02:05:00	6.0	북북동	33	15.66	32.20	0.49	5.6	0.72	5.0	4.1	서	271	7.2	1018.0	-	67	
2019-12-26 02:10:00	4.7	북	357	15.64	32.21	0.44	5.5	0.58	5.0	3.5	서남서	255	7.4	1018.0	-	353	
2019-12-26 02:15:00	4.9	북북서	328	15.65	32.21	0.50	5.4	0.77	5.5	3.7	서남서	249	7.5	1017.9	-	43	
2019-12-26 02:20:00	8.7	북	8	15.64	32.19	0.52	5.6	0.76	4.5	3.9	서남서	249	7.5	1017.9	-	65	
2019-12-26 02:25:00	4.3	북북동	11	15.64	32.21	0.49	5.5	0.64	6.0	3.8	서남서	248	7.2	1018.0	-	47	
2019-12-26 02:30:00	3.8	북	352	15.62	32.22	0.42	5.1	0.66	4.5	3.7	남서	236	7.1	1018.1	-	359	
2019-12-26 02:35:00	5.5	북	3	15.61	32.22	0.41	5.4	0.55	6.0	3.8	서남서	244	7.0	1018.0	-	6	
2019-12-26 02:40:00	2.0	북서	325	15.62	32.20	0.40	5.7	0.56	5.5	3.6	서남서	237	7.2	1018.0	-	65	
2019-12-26 02:45:00	4.5	서북서	297	15.62	32.23	0.46	5.4	0.60	5.5	3.9	남서	229	7.1	1018.1	-	333	
2019-12-26 02:50:00	6.6	북북서	337	15.63	32.21	0.45	5.2	0.65	5.5	4.5	서남서	237	7.1	1018.0	-	7	
2019-12-26 02:55:00	5.1	북서	307	15.63	32.20	0.43	5.6	0.79	6.5	4.7	남서	233	7.3	1018.0	-	86	
2019-12-26 03:00:00	6.4	북북서	342	15.63	32.22	0.53	5.4	0.71	5.0	4.7	남서	234	7.5	1018.0	-	12	
2019-12-26 03:05:00	4.6	서	280	15.61	32.26	0.57	5.3	0.94	5.0	4.3	남서	232	7.5	1017.9	-	12	
2019-12-26 03:10:00	3.8	북	353	15.63	32.22	0.53	5.5	0.72	4.5	3.8	서남서	244	7.3	1017.9	-	27	
2019-12-26 03:15:00	8.7	북서	317	15.61	32.25	0.50	5.4	0.62	5.5	3.3	서남서	244	7.3	1017.9	-	47	
2019-12-26 03:20:00	6.1	서북서	294	15.62	32.22	0.46	5.3	0.79	5.0	3.6	서남서	243	7.1	1017.7	-	47	
2019-12-26 03:25:00	6.1	북	349	15.60	32.22	0.38	5.1	0.89	5.5	3.9	서남서	238	7.1	1017.7	-	54	
2019-12-26 03:30:00	8.8	북서	313	15.61	32.23	0.51	5.3	0.69	5.5	3.9	서남서	242	7.2	1017.6	-	33	
2019-12-26 03:35:00	11.1	북북서	336	15.60	32.23	0.44	5.4	0.68	7.0	3.6	남서	235	7.2	1017.4	-	49	
2019-12-26 03:40:00	6.0	서북서	302	15.62	32.24	0.51	5.5	0.69	5.5	4.1	서남서	237	7.3	1017.4	-	65	
2019-12-26 03:45:00	9.8	북서	319	15.62	32.24	0.50	5.5	0.66	4.5	4.3	서남서	237	7.4	1017.5	-	15	
2019-12-26 03:50:00	9.2	북북서	339	15.62	32.25	0.47	5.5	0.66	6.0	4.9	서남서	242	7.5	1017.5	-	29	
2019-12-26 03:55:00	3.7	북	354	15.62	32.25	0.55	5.3	0.78	6.0	5.7	서남서	247	7.3	1017.5	-	54	
2019-12-26 04:00:00	7.0	북서	323	15.61	32.24	0.54	5.5	0.74	5.0	5.4	서남서	245	7.2	1017.4	-	34	
2019-12-26 04:05:00	6.7	서북서	293	15.62	32.24	0.50	5.4	0.79	4.5	5.0	서남서	245	7.2	1017.2	-	55	
2019-12-26 04:10:00	5.5	북서	313	15.64	32.23	0.55	5.3	0.75	5.5	4.5	서남서	248	7.2	1017.1	-	35	
2019-12-26 04:15:00	10.8	북	352	15.61	32.26	0.49	5.0	0.64	5.5	4.2	서남서	248	7.1	1017.0	-	204	
2019-12-26 04:20:00	3.7	북서	324	15.62	32.24	0.59	5.4	0.79	4.5	4.5	서남서	246	7.1	1017.1	-	36	
2019-12-26 04:25:00	2.0	서북서	299	15.63	32.24	0.65	5.4	0.95	4.5	4.4	서남서	251	7.1	1017.1	-	41	
2019-12-26 04:30:00	11.6	서북서	286	15.64	32.28	0.54	5.4	0.85	5.0	4.8	서남서	245	7.2	1017.0	-	49	
2019-12-26 04:35:00	7.9	서	272	15.67	32.24	0.55	5.3	0.87	5.0	4.9	서남서	252	7.3	1017.1	-	5	
2019-12-26 04:40:00	7.8	서	268	15.66	32.23	0.57	5.2	1.00	5.0	5.1	서남서	251	7.3	1017.0	-	0	
2019-12-26 04:45:00	7.7	서남서	245	15.61	32.23	0.54	5.1	0.73	5.0	3.4	서남서	253	7.1	1017.0	-	50	
2019-12-26 04:50:00	10.1	서북서	294	15.62	32.24	0.59	5.3	0.76	5.0	4.4	서남서	256	7.3	1017.0	-	21	
2019-12-26 04:55:00	9.2	서북서	291	15.64	32.22	0.65	5.4	0.81	4.5	4.3	서남서	255	7.2	1017.0	-	17	
2019-12-26 05:00:00	6.0	서	276	15.64	32.23	0.64	5.3	1.05	4.5	4.4	서남서	239	7.3	1016.8	-	21	
2019-12-26 05:05:00	7.6	북서	308	15.67	32.21	0.62	5.6	0.97	4.5	4.0	서남서	239	7.2	1016.8	-	353	
2019-12-26 05:10:00	7.4	서북서	295	15.68	32.22	0.73	5.6	0.95	5.0	4.5	남서	235	7.3	1016.7	-	29	
2019-12-26 05:15:00	12.0	북서	324	15.67	32.22	0.58	5.0	0.79	5.0	4.3	서남서	239	7.0	1016.7	-	45	
2019-12-26 05:20:00	13.1	북서	318	15.65	32.18	0.65	5.7	0.84	5.5	4.7	서남서	238	7.0	1016.7	-	8	
2019-12-26 05:25:00	5.6	서북서	298	15.68	32.20	0.67	5.8	0.93	5.0	4.6	서남서	242	7.0	1016.6	-	53	
2019-12-26 05:30:00	13.6	북서	308	15.67	32.21	0.60	4.9	0.74	5.5	4.5	서남서	238	7.2	1016.6	-	352	
2019-12-26 05:35:00	8.4	서북서	291	15.68	32.23	0.64	5.4	1.00	6.0	4.2	서남서	241	7.1	1016.5	-	15	
2019-12-26 05:40:00	6.8	서북서	297	15.68	32.21	0.55	4.9	0.74	4.5	4.4	서남서	248	7.0	1016.5	-	19	
2019-12-26 05:45:00	6.9	북서	319	15.69	32.24	0.63	5.3	0.93	5.0	4.4	서남서	243	6.9	1016.4	-	37	
2019-12-26 05:50:00	12.8	북서	322	15.67	32.21	0.60	5.6	0.83	6.0	4.6	서남서	249	6.8	1016.5	-	22	
2019-12-26 05:55:00	13.8	북서	312	15.66	32.24	0.57	5.4	0.78	6.5	4.6	서남서	243	6.8	1016.5	-	46	
2019-12-26 06:00:00	11.4	북서	304	15.69	32.23	0.62	5.1	0.99	5.0	5.2	서남서	241	6.8	1016.5	-	36	
2019-12-26 06:05:00	7.7	북서	322	15.68	32.21	0.65	5.5	1.00	5.5	5.4	서남서	243	6.9	1016.4	-	26	
2019-12-26 06:10:00	8.3	서북서	300	15.66	32.23	0.58	5.3	0.96	5.0	5.7	서남서	246	6.6	1016.4	-	52	
2019-12-26 06:15:00	11.6	서북서	297	15.69	32.24	0.56	5.6	0.86	5.0	5.8	서남서	242	6.6	1016.4	-	47	
2019-12-26 06:20:00	8.5	북서	309	15.68	32.25	0.49	5.5	0.74	4.5	5.8	서남서	244	6.7	1016.4	-	0	
2019-12-26 06:25:00	9.4	북서	312	15.68	32.21	0.52	5.1	0.77	5.5	5.6	서남서	242	6.7	1016.3	-	6	
2019-12-26 06:30:00	7.6	북서	314	15.69	32.24	0.49	5.2	0.63	4.5	5.4	서남서	243	6.7	1016.3	-	7	
2019-12-26 06:35:00	9.2	북서	310	15.69	32.24	0.63	5.2	1.05	5.5	5.5	서남서	239	6.7	1016.2	-	19	
2019-12-26 06:40:00	10.4	북서	309	15.70	32.23	0.59	5.5	0.97	5.0	5.1	서남서	242	6.7	1016.2	-	25	
2019-12-26 06:45:00	9.4	서북서	300	15.70	32.25	0.50	5.3	0.77	5.5	5.0	서남서	246	6.8	1016.3	-	22	
2019-12-26 06:50:00	7.7	서북서	297	15.69	32.22	0.54	5.5	0.80	5.5	5.1	서남서	246	6.9	1016.3	-	16	
2019-12-26 06:55:00	8.2	북서	309	15.69	32.22	0.44	5.3	0.71	5.5	4.7	서남서	245	6.9	1016.1	-	347	
2019-12-26 07:00:00	9.8	서북서	303	15.69	32.24	0.55	5.5	0.79	5.5	4.7	서남서	246	6.8	1016.1	-	32	
2019-12-26 07:05:00	10.9	북서	307	15.69	32.24	0.61	5.6	1.03	5.5	4.8	서남서	245	6.8	1016.2	-	44	
2019-12-26 07:10:00	9.4	북북서	337	15.70	32.22	0.52	5.3	0.65	5.5	5.0	서남서	250	6.9	1016.2	-	58	
2019-12-26 07:15:00	7.4	북서	320	15.70	32.21	0.50	5.9	0.77	6.0	5.2	서남서	242	6.9	1016.1	-	48	
2019-12-26 07:20:00	8.0	서북서	303	15.70	32.23	0.53	5.4	0.89	5.0	5.1	서남서	237	6.8	1016.0	-	3	
2019-12-26 07:25:00	7.9	북서	309	15.69	32.24	0.54	5.4	0.66	5.5	5.0	서남서	242	6.8	1016.0	-	20	
2019-12-26 07:30:00	10.9	북서	321	15.69	32.21	0.48	5.3	0.65	5.0	4.4	서남서	242	6.9	1015.9	-	50	
2019-12-26 07:35:00	12.2	북서	325	15.68	32.12	0.55	5.4	0.76	5.0	4.3	서남서	237	7.0	1015.8	-	23	
2019-12-26 07:40:00	12.7	서북서	289	15.70	32.06	0.50	5.2	0.70	5.0	4.4	남서	232	7.2	1016.0	-	7	
2019-12-26 07:45:00	9.1	북서	312	15.69	32.05	0.51	5.1	0.73	5.0	4.6	서남서	243	7.2	1016.1	-	347	
2019-12-26 07:50:00	13.0	서북서	303	15.68	32.06	0.57	5.5	0.79	5.0	4.5	남서	234	7.1	1016.0	-	20	
2019-12-26 07:55:00	11.8	북서	315	15.68	32.06	0.57	5.4	0.75	5.5	4.6	남서	231	7.4	1016.0	-	357	
2019-12-26 08:00:00	9.3	북북서	334	15.68	32.14	0.50	5.1	0.77	4.0	4.6	서남서	238	7.4	1016.0	-	8	
2019-12-26 08:05:00	14.4	북서	321	15.68	32.26	0.60	5.5	0.78	5.5	4.7	서남서	240	7.3	1016.0	-	49	
2019-12-26 08:10:00	14.6	북서	317	15.67	32.25	0.58	5.2	0.81	4.5	4.9	서남서	240	7.4	1016.0	-	329	
2019-12-26 08:15:00	7.3	서북서	295	15.66	32.24	0.55	5.2	0.70	6.0	4.9	서남서	244	7.4	1016.1	-	48	
2019-12-26 08:20:00	13.1	북북서	336	15.66	32.23	0.60	5.4	0.83	4.5	4.6	남서	236	7.5	1016.0	-	3	
2019-12-26 08:25:00	15.4	북서	313	15.67	32.23	0.51	5.2	0.81	4.0	4.6	남서	232	7.5	1016.0	-	50	
2019-12-26 08:30:00	17.5	북서	310	15.68	32.24	0.50	4.9	0.67	6.0	5.0	남서	231	7.5	1016.0	-	98	
2019-12-26 08:35:00	14.2	북서	318	15.67	32.25	0.56	5.2	0.79	6.0	4.5	남서	232	7.6	1016.1	-	20	
2019-12-26 08:40:00	16.1	북서	319	15.67	32.26	0.59	5.9	0.82	5.5	4.6	남서	229	7.6	1016.1	-	48	
2019-12-26 08:45:00	13.0	북북서	327	15.66	32.25	0.58	5.4	0.78	5.0	4.6	남서	228	7.5	1016.1	-	18	
2019-12-26 08:50:00	16.4	북서	308	15.66	32.23	0.54	5.1	0.68	4.5	5.0	남서	225	7.5	1016.1	-	24	
2019-12-26 08:55:00	14.1	북서	317	15.65	32.22	0.53	5.4	0.65	4.5	4.6	남서	227	7.4	1016.1	-	25	
2019-12-26 09:00:00	17.6	북서	321	15.65	32.26	0.51	5.0	0.74	5.5	4.8	남서	234	7.4	1016.1	-	39	
2019-12-26 09:05:00	15.8	북서	313	15.65	32.24	0.45	5.4	0.74	4.5	6.0	서남서	248	7.4	1016.0	-	36	
2019-12-26 09:10:00	12.5	북북서	334	15.65	32.24	0.58	5.6	0.72	4.5	5.8	서남서	246	7.6	1016.0	-	34	
2019-12-26 09:15:00	13.4	서북서	301	15.66	32.23	0.51	5.7	0.64	5.5	5.8	서남서	247	7.4	1016.0	-	69	
2019-12-26 09:20:00	11.6	북북서	332	15.66	32.23	0.54	5.2	0.73	5.0	6.1	서남서	244	7.5	1015.9	-	71	
2019-12-26 09:25:00	12.4	북서	316	15.64	32.27	0.54	5.6	0.66	5.5	6.2	서남서	247	7.4	1016.0	-	30	
2019-12-26 09:30:00	14.1	북서	311	15.65	32.25	0.59	5.6	0.74	5.5	6.0	서남서	243	7.5	1016.0	-	18	
2019-12-26 09:35:00	11.0	북서	320	15.66	32.27	0.52	5.3	0.81	5.0	5.4	서남서	248	7.4	1016.0	-	27	
2019-12-26 09:40:00	12.2	북북서	328	15.64	32.27	0.46	5.3	0.67	6.5	5.6	서남서	240	7.5	1015.9	-	23	
2019-12-26 09:45:00	13.5	북서	322	15.65	32.28	0.50	5.3	0.79	5.0	5.7	서남서	240	7.5	1015.9	-	46	
2019-12-26 09:50:00	11.7	북서	324	15.65	32.25	0.50	5.3	0.72	5.0	5.6	남서	236	7.3	1015.9	-	86	
2019-12-26 09:55:00	14.2	북북서	331	15.64	32.29	0.54	5.3	0.81	5.0	5.0	서남서	244	7.3	1015.9	-	41	
2019-12-26 10:00:00	13.8	북서	318	15.64	32.27	0.55	5.8	0.80	7.0	4.8	서남서	240	7.4	1016.0	-	33	
2019-12-26 10:05:00	11.9	북서	314	15.64	32.27	0.50	5.3	0.75	5.0	5.0	남서	232	7.4	1016.0	-	68	
2019-12-26 10:10:00	15.1	북서	308	15.64	32.29	0.43	5.3	0.62	5.0	5.1	서남서	243	7.4	1016.0	-	4	
2019-12-26 10:15:00	17.9	북북서	330	15.63	32.29	0.48	5.3	0.72	5.0	4.5	서남서	250	7.3	1016.1	-	26	
2019-12-26 10:20:00	15.1	북서	320	15.64	32.29	0.49	5.3	0.66	6.0	5.2	서남서	251	7.3	1016.0	-	7	
2019-12-26 10:25:00	12.8	북북서	335	15.64	32.29	0.50	5.4	0.81	5.0	6.1	서	261	7.3	1016.0	-	5	
2019-12-26 10:30:00	14.7	북북서	329	15.63	32.30	0.49	5.0	0.64	4.5	5.0	서남서	252	7.0	1016.0	-	24	
2019-12-26 10:35:00	14.6	북북서	329	15.63	32.30	0.47	5.9	0.70	5.5	5.1	서	260	7.0	1016.0	-	6	
2019-12-26 10:40:00	11.3	북서	320	15.63	32.30	0.44	5.8	0.74	6.0	5.1	서남서	242	6.8	1015.9	-	63	
2019-12-26 10:45:00	16.4	북서	317	15.63	32.28	0.56	5.7	0.68	5.5	5.1	서남서	247	6.8	1015.9	-	26	
2019-12-26 10:50:00	9.6	북서	315	15.63	32.29	0.52	5.4	0.96	4.5	4.8	남서	231	6.6	1015.9	-	22	
2019-12-26 10:55:00	10.4	북서	312	15.63	32.29	0.55	5.4	0.72	5.5	4.9	서남서	237	6.7	1015.8	-	24	
2019-12-26 11:00:00	12.9	북서	315	15.62	32.27	0.50	5.7	0.73	5.0	4.3	서남서	245	6.6	1015.6	-	40	
2019-12-26 11:05:00	10.7	서북서	296	15.62	32.28	0.52	5.6	0.71	5.0	5.0	남서	232	6.8	1015.5	-	30	
2019-12-26 11:10:00	12.0	북북서	343	15.62	32.28	0.53	5.5	0.73	5.5	5.0	남서	222	6.5	1015.4	-	344	
2019-12-26 11:15:00	15.6	북북서	328	15.61	32.29	0.55	5.5	0.77	5.5	4.6	남서	219	6.6	1015.2	-	358	
2019-12-26 11:20:00	10.9	북서	316	15.61	32.29	0.50	5.6	0.62	6.5	4.2	남서	230	6.7	1015.1	-	15	
2019-12-26 11:25:00	11.3	북서	322	15.61	32.29	0.56	5.8	0.69	6.0	4.2	남서	230	6.9	1015.0	-	19	
2019-12-26 11:30:00	13.8	북서	323	15.61	32.29	0.56	5.2	0.77	5.5	3.6	남서	234	6.6	1014.9	-	20	
2019-12-26 11:35:00	16.2	북서	325	15.61	32.29	0.55	5.7	0.71	5.0	2.9	서남서	239	6.6	1014.8	-	28	
2019-12-26 11:40:00	11.8	북서	310	15.61	32.29	0.46	5.7	0.69	6.0	2.9	남서	231	6.8	1014.6	-	46	
2019-12-26 11:45:00	9.7	북북서	334	15.60	32.28	0.51	5.2	0.84	4.5	2.6	남서	227	6.9	1014.4	-	27	
2019-12-26 11:50:00	14.8	북북서	327	15.60	32.29	0.52	5.3	0.65	4.5	3.1	남서	216	7.0	1014.3	-	30	
2019-12-26 11:55:00	12.7	북서	320	15.60	32.31	0.56	5.8	0.79	5.5	2.6	남서	231	7.0	1014.2	-	27	
2019-12-26 12:00:00	11.7	북북서	328	15.60	32.30	0.56	5.5	0.89	6.0	2.5	남서	226	7.1	1014.1	-	22	
2019-12-26 12:05:00	15.3	북서	326	15.60	32.29	0.47	5.6	0.68	4.5	2.2	남서	220	7.1	1013.9	-	2	
2019-12-26 12:10:00	13.6	서북서	301	15.60	32.29	0.59	5.5	0.87	5.0	2.0	서남서	238	7.2	1013.8	-	21	
2019-12-26 12:15:00	10.3	북서	313	15.60	32.28	0.57	5.8	0.83	6.0	2.9	서	266	7.4	1013.8	-	24	
2019-12-26 12:20:00	11.5	북서	314	15.60	32.28	0.62	5.4	0.87	5.5	4.4	서	275	7.7	1013.6	-	19	
2019-12-26 12:25:00	10.6	북서	324	15.60	32.28	0.52	5.4	0.67	5.5	5.4	서북서	295	7.9	1013.5	-	263	
2019-12-26 12:30:00	12.5	북북서	334	15.59	32.26	0.60	5.7	0.76	5.0	6.4	서북서	302	7.9	1013.2	-	353	
2019-12-26 12:35:00	10.6	북서	312	15.59	32.27	0.58	5.7	0.86	6.0	5.8	서북서	296	7.9	1013.2	-	25	
2019-12-26 12:40:00	8.8	북서	324	15.58	32.29	0.73	5.5	0.94	5.5	5.7	서북서	291	8.0	1013.1	-	25	
2019-12-26 12:45:00	11.7	북북서	333	15.58	32.29	0.49	5.2	0.74	5.5	5.5	서북서	292	7.7	1013.2	-	28	
2019-12-26 12:50:00	11.8	북북서	329	15.58	32.28	0.55	5.6	0.79	6.0	6.0	서북서	291	7.7	1013.0	-	32	
2019-12-26 12:55:00	13.8	북	354	15.59	32.27	0.55	5.6	0.72	6.0	6.2	서북서	287	7.7	1012.8	-	24	
2019-12-26 13:00:00	10.6	북북서	348	15.59	32.30	0.52	5.5	0.62	6.0	6.2	서북서	286	7.8	1012.7	-	2	
2019-12-26 13:05:00	12.1	북북서	330	15.58	32.29	0.52	5.3	0.75	5.5	6.8	서북서	286	7.7	1012.6	-	8	
2019-12-26 13:10:00	2.6	북	355	15.58	32.29	0.48	5.5	0.65	5.5	6.8	서북서	295	7.6	1012.6	-	6	
2019-12-26 13:15:00	10.4	북북서	333	15.57	32.30	0.52	5.3	0.69	5.5	6.8	서북서	293	7.7	1012.4	-	350	
2019-12-26 13:20:00	9.6	북	357	15.57	32.27	0.48	5.1	0.72	5.5	7.1	서북서	282	7.5	1012.4	-	30	
2019-12-26 13:25:00	10.5	북	352	15.57	32.26	0.51	5.4	0.74	6.5	6.9	서북서	288	7.6	1012.4	-	13	
2019-12-26 13:30:00	10.7	북북서	345	15.56	32.27	0.58	5.4	0.82	4.5	6.7	서북서	298	7.5	1012.3	-	0	
2019-12-26 13:35:00	9.2	북	11	15.56	32.28	0.49	4.9	0.65	5.5	6.4	서북서	301	7.6	1012.3	-	356	
2019-12-26 13:40:00	11.3	북북서	329	15.56	32.26	0.52	5.0	0.81	5.5	6.1	서북서	298	7.5	1012.2	-	20	
2019-12-26 13:45:00	13.2	북	350	15.55	32.30	0.49	5.3	0.74	4.5	6.1	서북서	298	7.6	1012.0	-	11	
2019-12-26 13:50:00	9.9	북북서	344	15.55	32.28	0.63	5.6	0.79	5.5	5.8	서북서	299	7.6	1011.9	-	3	
2019-12-26 13:55:00	10.8	북북서	335	15.55	32.26	0.58	5.4	0.97	6.0	5.9	서북서	300	7.6	1011.8	-	357	
2019-12-26 14:00:00	5.1	북북서	345	15.55	32.27	0.62	5.5	0.89	5.5	5.7	서북서	302	7.7	1011.6	-	16	
2019-12-26 14:05:00	2.1	서	262	15.55	32.27	0.61	5.8	0.73	6.0	7.0	서북서	303	7.8	1011.5	-	359	
2019-12-26 14:10:00	10.3	북북서	336	15.54	32.26	0.52	5.5	0.65	5.5	7.4	북서	310	7.9	1011.5	-	17	
2019-12-26 14:15:00	13.0	북북서	348	15.53	32.27	0.53	5.3	0.79	5.5	7.2	북서	317	7.7	1011.5	-	15	
2019-12-26 14:20:00	8.3	북서	306	15.54	32.27	0.50	5.3	0.73	6.0	6.3	서북서	298	7.6	1011.5	-	32	
2019-12-26 14:25:00	9.1	북서	317	15.54	32.23	0.47	5.0	0.72	5.5	6.6	북서	306	7.5	1011.5	-	8	
2019-12-26 14:30:00	12.3	북북서	344	15.53	32.22	0.57	5.3	0.87	5.5	6.1	서북서	298	7.6	1011.4	-	7	
2019-12-26 14:35:00	7.1	북북서	335	15.54	32.26	0.49	4.7	0.70	5.0	5.2	서	280	7.8	1011.3	-	223	
2019-12-26 14:40:00	6.6	북서	312	15.53	32.25	0.56	5.1	0.84	5.0	4.2	서	263	7.6	1011.4	-	6	
2019-12-26 14:45:00	10.2	북북서	336	15.53	32.27	0.55	5.5	0.98	5.0	3.3	서남서	252	7.5	1011.4	-	18	
2019-12-26 14:50:00	9.5	북북서	333	15.53	32.22	0.56	5.3	0.80	6.0	3.5	서	271	7.6	1011.4	-	7	
2019-12-26 14:55:00	6.0	북북서	332	15.53	32.23	0.51	5.1	0.83	6.0	3.8	서북서	287	7.6	1011.3	-	16	
2019-12-26 15:00:00	8.4	북북서	331	15.53	32.23	0.53	5.2	0.81	6.0	3.0	서	277	7.6	1011.3	-	1	
2019-12-26 15:05:00	5.9	북서	305	15.53	32.25	0.49	5.4	0.70	5.0	3.0	서	261	7.6	1011.3	-	23	
2019-12-26 15:10:00	10.4	북서	321	15.53	32.28	0.52	5.1	0.76	5.5	4.0	서남서	240	7.4	1011.3	-	22	
2019-12-26 15:15:00	3.2	서북서	301	15.53	32.28	0.44	5.3	0.54	5.5	3.7	서	261	7.3	1011.5	-	336	
2019-12-26 15:20:00	9.3	북서	319	15.52	32.28	0.48	5.4	0.68	5.0	3.2	서남서	245	7.4	1011.5	-	0	
2019-12-26 15:25:00	3.2	서	281	15.52	32.29	0.49	5.3	0.62	5.5	3.3	서	273	7.4	1011.6	-	63	
2019-12-26 15:30:00	8.7	북북서	342	15.52	32.30	0.49	5.4	0.67	5.5	4.6	서	275	7.5	1011.5	-	32	
2019-12-26 15:35:00	5.4	북북서	332	15.51	32.28	0.56	5.6	0.78	5.5	3.9	서	277	7.5	1011.5	-	13	
2019-12-26 15:40:00	7.4	북서	307	15.51	32.29	0.52	5.3	0.67	5.0	5.0	서북서	282	7.4	1011.5	-	349	
2019-12-26 15:45:00	4.8	북	7	15.52	32.25	0.44	5.1	0.59	5.5	6.4	서북서	293	7.5	1011.6	-	355	
2019-12-26 15:50:00	4.0	북서	326	15.51	32.29	0.46	5.6	0.60	6.0	5.9	서북서	292	7.5	1011.5	-	340	
2019-12-26 15:55:00	1.4	남남서	202	15.50	32.25	0.44	5.6	0.61	6.0	4.9	서	281	7.4	1011.6	-	331	
2019-12-26 16:00:00	4.7	북북서	328	15.50	32.28	0.47	5.8	0.63	6.0	5.5	서북서	289	7.4	1011.6	-	37	
2019-12-26 16:05:00	3.9	서북서	286	15.51	32.27	0.51	5.5	0.71	5.5	5.0	서북서	286	7.3	1011.5	-	2	
2019-12-26 16:10:00	5.8	서	272	15.51	32.29	0.52	5.3	0.71	5.5	5.9	서	274	7.4	1011.4	-	350	
2019-12-26 16:15:00	2.9	북북서	333	15.51	32.30	0.47	4.7	0.68	5.0	6.7	서	270	7.4	1011.3	-	88	
2019-12-26 16:20:00	10.6	북	351	15.51	32.29	0.54	4.9	0.86	5.5	6.2	서	278	7.3	1011.3	-	330	
2019-12-26 16:25:00	2.6	북서	326	15.50	32.28	0.62	5.3	0.91	5.5	5.9	서북서	282	7.3	1011.3	-	46	
2019-12-26 16:30:00	3.3	서북서	288	15.50	32.29	0.53	5.2	0.76	5.0	6.4	서북서	282	7.3	1011.3	-	356	
2019-12-26 16:35:00	9.6	북	0	15.50	32.28	0.53	5.0	0.76	4.5	6.5	서북서	288	7.4	1011.2	-	352	
2019-12-26 16:40:00	5.2	서북서	300	15.50	32.28	0.51	5.3	0.67	4.0	5.9	서북서	285	7.4	1011.3	-	0	
2019-12-26 16:45:00	5.3	서남서	254	15.49	32.28	0.55	4.7	0.78	4.5	5.0	서북서	282	7.3	1011.4	-	261	
2019-12-26 16:50:00	7.7	서남서	252	15.50	32.28	0.57	5.0	0.94	6.5	6.1	서북서	282	7.1	1011.4	-	11	
2019-12-26 16:55:00	5.1	서북서	283	15.48	32.29	0.64	5.4	0.93	5.0	5.6	서북서	283	7.0	1011.4	-	7	
2019-12-26 17:00:00	3.2	서	276	15.49	32.29	0.64	5.3	0.90	5.0	5.1	서	269	6.9	1011.3	-	41	
2019-12-26 17:05:00	7.4	서북서	292	15.50	32.29	0.62	5.5	0.87	5.5	5.6	서남서	248	6.7	1011.3	-	1	
2019-12-26 17:10:00	3.4	서	262	15.48	32.29	0.66	5.4	0.80	4.5	4.4	서남서	243	6.7	1011.2	-	357	
2019-12-26 17:15:00	6.5	북	349	15.47	32.31	0.59	5.7	0.77	5.5	4.2	서남서	241	6.5	1011.3	-	352	
2019-12-26 17:20:00	5.3	서북서	292	15.47	32.31	0.55	5.3	0.96	5.5	2.6	서남서	257	6.4	1011.4	-	1	
2019-12-26 17:25:00	4.4	서북서	290	15.48	32.29	0.57	5.3	0.83	5.0	3.4	서	281	6.6	1011.4	-	357	
2019-12-26 17:30:00	4.9	북동	37	15.49	32.28	0.63	5.9	0.87	5.5	5.3	서북서	298	6.9	1011.3	-	24	
2019-12-26 17:35:00	6.4	북북서	332	15.49	32.30	0.68	6.3	1.12	6.0	6.3	서북서	296	7.1	1011.2	-	1	
2019-12-26 17:40:00	5.0	북	9	15.48	32.30	0.73	5.7	1.06	5.5	7.5	서북서	296	7.1	1011.1	-	5	
2019-12-26 17:45:00	1.2	남동	127	15.48	32.29	0.68	6.0	1.10	6.0	7.2	서북서	284	6.8	1011.2	-	8	
2019-12-26 17:50:00	4.4	북동	39	15.46	32.31	0.62	5.6	0.84	6.0	6.9	서	279	6.9	1011.2	-	8	
2019-12-26 17:55:00	4.8	북동	36	15.45	32.32	0.75	5.6	0.95	6.5	7.2	서북서	285	6.7	1011.2	-	356	
2019-12-26 18:00:00	0.5	남동	142	15.45	32.31	0.61	5.6	0.77	6.0	7.1	서북서	285	6.7	1011.2	-	1	
2019-12-26 18:05:00	4.1	북서	317	15.43	32.30	0.73	6.0	1.01	6.0	7.9	서북서	285	6.7	1011.1	-	7	
2019-12-26 18:10:00	3.5	북	351	15.43	32.29	0.77	6.0	1.20	5.5	8.8	서북서	284	6.8	1011.1	-	3	
2019-12-26 18:15:00	3.5	남남서	196	15.43	32.30	0.78	5.4	1.03	6.0	8.1	서북서	282	6.7	1011.1	-	18	
2019-12-26 18:20:00	5.4	서북서	293	15.43	32.30	0.74	6.3	0.89	5.5	7.8	서북서	285	6.9	1011.2	-	8	
2019-12-26 18:25:00	4.0	서	277	15.43	32.27	0.79	6.0	1.06	5.5	8.4	서북서	287	6.8	1011.2	-	15	
2019-12-26 18:30:00	5.2	북서	308	15.43	32.29	0.91	6.4	1.17	7.5	9.4	서북서	283	6.8	1011.2	-	357	
2019-12-26 18:35:00	2.6	남동	130	15.40	32.26	1.00	6.1	1.19	6.5	7.6	서	274	6.7	1011.4	-	7	
2019-12-26 18:40:00	2.3	북북서	331	15.40	32.28	1.04	6.0	1.87	6.0	7.4	서북서	282	6.7	1011.4	-	354	
2019-12-26 18:45:00	6.4	서	271	15.41	32.28	1.08	6.1	1.39	5.5	8.6	서북서	293	6.9	1011.3	-	356	
2019-12-26 18:50:00	3.0	서남서	258	15.41	32.25	0.85	6.0	1.13	4.5	8.6	서북서	289	6.8	1011.2	-	357	
2019-12-26 18:55:00	6.3	남서	220	15.41	32.26	0.99	5.9	1.32	6.0	8.8	서	280	6.9	1011.1	-	11	
2019-12-26 19:00:00	1.5	남서	221	15.42	32.25	1.18	6.4	1.42	6.0	7.8	서북서	288	7.0	1011.1	-	7	
2019-12-26 19:05:00	3.3	서	278	15.41	32.27	1.10	6.4	1.58	5.5	8.8	서	274	6.8	1011.0	-	3	
2019-12-26 19:10:00	7.1	서남서	259	15.42	32.27	1.07	6.2	1.38	5.5	8.2	서북서	283	7.0	1011.0	-	356	
2019-12-26 19:15:00	4.9	남서	232	15.43	32.25	1.00	5.8	1.76	6.5	9.4	서북서	283	7.0	1010.8	-	20	
2019-12-26 19:20:00	5.3	북서	310	15.43	32.28	1.09	6.3	1.51	7.0	9.6	서북서	286	7.0	1010.8	-	356	
2019-12-26 19:25:00	4.5	남서	225	15.43	32.28	1.18	6.8	1.52	6.5	10.3	서북서	282	7.1	1010.7	-	10	
2019-12-26 19:30:00	1.7	북북동	27	15.41	32.25	1.06	6.6	1.27	6.5	9.2	서북서	287	6.9	1010.8	-	357	
2019-12-26 19:35:00	5.0	북북서	330	15.40	32.24	1.11	5.9	1.35	6.0	10.1	서북서	285	7.0	1010.8	-	5	
2019-12-26 19:40:00	1.2	북동	42	15.41	32.27	1.17	6.5	1.68	6.5	9.6	서북서	293	7.0	1010.8	-	355	
2019-12-26 19:45:00	8.0	서남서	259	15.41	32.25	1.26	6.3	1.50	6.5	8.9	서북서	294	7.0	1010.9	-	6	
2019-12-26 19:50:00	3.5	서	273	15.41	32.27	1.19	6.2	1.79	6.5	9.3	서북서	292	7.1	1010.9	-	5	
2019-12-26 19:55:00	2.1	남	178	15.42	32.26	1.10	6.2	1.54	6.0	9.3	서북서	286	7.0	1011.0	-	351	
2019-12-26 20:00:00	3.7	북서	314	15.38	32.24	1.08	6.7	1.34	6.0	9.2	서북서	293	7.0	1011.0	-	11	
2019-12-26 20:05:00	5.0	서남서	237	15.38	32.25	1.23	6.1	1.43	5.5	8.8	서북서	296	6.9	1011.1	-	2	
2019-12-26 20:10:00	0.5	남동	142	15.40	32.24	1.17	6.5	1.78	7.0	9.7	서북서	292	7.0	1011.2	-	0	
2019-12-26 20:15:00	1.6	서	281	15.39	32.30	1.33	6.3	2.01	6.5	9.4	서북서	290	6.7	1011.1	-	2	
2019-12-26 20:20:00	2.0	서남서	238	15.39	32.25	1.34	6.8	1.98	6.0	9.9	서북서	291	6.7	1011.1	-	6	
2019-12-26 20:25:00	2.2	서북서	292	15.39	32.25	1.26	6.8	1.75	7.0	10.0	서북서	289	6.7	1011.1	-	11	
2019-12-26 20:30:00	2.8	남남동	150	15.38	32.24	1.25	6.5	1.71	7.0	9.9	서북서	286	6.7	1011.0	-	0	
2019-12-26 20:35:00	3.9	남동	143	15.37	32.28	1.37	6.4	1.97	6.5	10.4	서북서	284	6.6	1011.1	-	8	
2019-12-26 20:40:00	0.0	남동	137	15.36	32.25	1.67	7.1	2.17	7.5	10.0	서북서	295	6.7	1011.1	-	5	
2019-12-26 20:45:00	2.3	동	91	15.34	32.25	1.52	7.5	2.31	7.0	9.6	서북서	302	6.4	1011.2	-	15	
2019-12-26 20:50:00	3.5	남남동	160	15.34	32.26	1.75	7.5	2.37	7.5	9.5	서북서	300	6.4	1011.3	-	357	
2019-12-26 20:55:00	1.6	동	90	15.34	32.27	1.61	7.0	2.28	7.0	9.8	서북서	299	6.5	1011.4	-	1	
2019-12-26 21:00:00	0.7	북	6	15.34	32.26	1.58	7.7	1.99	6.5	9.4	서북서	296	6.4	1011.4	-	8	
2019-12-26 21:05:00	2.1	남서	221	15.35	32.26	1.53	7.1	1.96	7.5	8.8	서북서	300	6.5	1011.5	-	0	
2019-12-26 21:10:00	3.9	남동	145	15.34	32.25	1.45	7.8	1.86	8.5	9.4	서북서	301	6.5	1011.5	-	2	
2019-12-26 21:15:00	6.5	남남동	154	15.33	32.17	1.85	7.4	2.17	8.5	9.7	서북서	286	6.4	1011.5	-	3	
2019-12-26 21:20:00	4.4	서남서	241	15.32	32.12	1.92	7.7	2.54	7.5	10.1	서북서	289	6.3	1011.6	-	0	
2019-12-26 21:25:00	2.7	서북서	297	15.34	32.15	1.64	7.5	2.15	6.5	9.3	서북서	287	6.2	1011.6	-	357	
2019-12-26 21:30:00	2.7	남서	218	15.33	32.10	1.74	8.0	2.33	9.5	8.8	서북서	296	6.3	1011.7	-	15	
2019-12-26 21:35:00	1.1	북북서	329	15.33	32.11	2.01	7.8	2.30	9.5	8.3	서북서	293	6.1	1011.7	-	12	
2019-12-26 21:40:00	2.2	남남서	203	15.33	32.12	2.26	8.5	3.08	8.0	8.3	서	279	5.9	1011.8	-	5	
2019-12-26 21:45:00	2.7	남남서	193	15.33	32.12	2.36	8.5	2.79	8.0	8.1	서북서	289	6.1	1011.9	-	19	
2019-12-26 21:50:00	5.0	남남서	196	15.33	32.09	2.11	8.2	2.61	9.0	8.1	북서	307	6.2	1012.0	-	0	
2019-12-26 21:55:00	6.1	남동	124	15.32	32.12	1.96	8.0	2.67	8.5	9.0	북서	307	6.1	1012.0	-	1	
2019-12-26 22:00:00	1.0	북	359	15.31	32.11	2.18	8.5	2.92	8.0	9.2	서북서	299	6.3	1012.1	-	17	
2019-12-26 22:05:00	3.2	남남서	211	15.31	32.15	2.13	8.5	2.73	8.5	7.7	서북서	301	5.9	1012.3	-	18	
2019-12-26 22:10:00	3.3	남동	137	15.31	32.14	2.03	7.4	2.40	8.5	9.4	북서	306	6.1	1012.3	-	10	
2019-12-26 22:15:00	5.0	남남서	196	15.31	32.09	2.11	8.3	2.63	8.0	9.9	북서	311	6.2	1012.3	-	8	
2019-12-26 22:20:00	7.7	서남서	248	15.32	32.13	2.44	8.4	3.12	7.5	10.7	북서	306	6.0	1012.4	-	5	
2019-12-26 22:25:00	1.6	동북동	77	15.33	32.16	2.38	8.8	3.14	9.0	10.6	북서	305	6.0	1012.4	-	18	
2019-12-26 22:30:00	2.9	남	180	15.32	32.26	2.58	8.0	3.63	7.5	10.8	서북서	300	6.0	1012.4	-	28	
2019-12-26 22:35:00	2.4	남	177	15.31	32.24	2.49	8.6	3.32	8.5	10.5	서북서	292	6.0	1012.5	-	17	
2019-12-26 22:40:00	3.6	남	180	15.29	32.24	1.97	7.5	2.90	7.0	10.0	서북서	291	6.0	1012.6	-	6	
2019-12-26 22:45:00	7.5	남남서	213	15.29	32.25	2.04	8.5	2.57	9.0	9.3	서북서	293	5.9	1012.7	-	32	
2019-12-26 22:50:00	5.0	남남서	212	15.29	32.22	2.69	8.7	3.26	9.0	9.1	서북서	294	5.7	1012.9	-	18	
2019-12-26 22:55:00	6.3	남남서	211	15.29	32.22	2.82	8.1	5.10	8.0	7.9	북서	307	5.7	1013.1	-	21	
2019-12-26 23:00:00	2.2	북서	316	15.27	32.21	2.50	8.8	3.22	8.5	8.0	북서	305	5.7	1013.2	-	32	
2019-12-26 23:05:00	0.9	북북동	22	15.27	32.21	2.37	8.2	3.52	8.0	6.2	북서	305	5.4	1013.4	-	31	
2019-12-26 23:10:00	4.1	북	359	15.25	32.23	2.56	8.6	3.55	7.5	6.2	북서	311	5.4	1013.6	-	25	
2019-12-26 23:15:00	3.9	남서	233	15.25	32.30	2.09	8.8	2.94	9.5	6.2	서북서	300	5.3	1013.7	-	23	
2019-12-26 23:20:00	1.5	서북서	293	15.26	32.21	2.11	8.7	2.70	8.0	6.6	서북서	300	5.4	1013.7	-	25	
2019-12-26 23:25:00	3.4	서남서	246	15.24	32.23	2.13	7.8	2.61	7.0	7.7	서북서	298	5.2	1013.7	-	17	
2019-12-26 23:30:00	2.0	남서	235	15.24	32.20	2.42	7.7	3.15	6.5	7.6	서북서	301	5.1	1013.8	-	30	
2019-12-26 23:35:00	4.4	남동	143	15.22	32.20	2.34	9.0	2.58	10.5	7.0	북서	309	5.0	1013.8	-	19	
2019-12-26 23:40:00	4.1	북서	316	15.23	32.21	2.47	8.8	2.84	6.5	7.2	서북서	302	5.1	1013.9	-	26	
2019-12-26 23:45:00	5.2	남	190	15.22	32.19	2.61	8.6	3.31	7.5	7.6	서북서	293	5.1	1013.9	-	27	
2019-12-26 23:50:00	5.7	북	11	15.24	32.20	2.18	7.2	3.19	7.5	7.4	서북서	292	5.0	1013.9	-	15	
2019-12-26 23:55:00	0.8	서북서	283	15.25	32.19	2.89	9.4	4.15	9.0	8.0	서북서	302	5.2	1013.9	-	35	
2019-12-27 00:00:00	7.2	서	280	15.26	32.19	2.35	9.3	3.75	9.5	7.9	서북서	302	5.0	1014.0	-	27	
2019-12-27 00:05:00	5.5	서남서	247	15.25	32.24	2.31	8.2	3.17	8.0	8.1	서북서	302	5.0	1014.1	-	37	
2019-12-27 00:10:00	6.2	서남서	240	15.26	32.23	2.27	8.0	3.68	9.0	8.0	서북서	301	5.0	1014.2	-	31	
2019-12-27 00:15:00	6.4	남	176	15.26	32.24	2.50	8.7	3.38	8.0	8.0	서북서	292	5.0	1014.3	-	33	
2019-12-27 00:20:00	1.5	남남동	152	15.26	32.22	2.83	8.8	3.88	8.0	8.3	서북서	294	5.0	1014.3	-	25	
2019-12-27 00:25:00	3.1	남남서	194	15.22	32.29	2.34	7.9	2.80	7.0	8.7	서북서	299	4.9	1014.4	-	32	
2019-12-27 00:30:00	6.9	남동	139	15.21	32.25	2.35	7.4	3.77	8.5	7.9	서북서	294	4.9	1014.5	-	31	
2019-12-27 00:35:00	4.3	남	174	15.21	32.25	2.59	9.1	3.40	8.0	7.7	서북서	299	4.8	1014.6	-	38	
2019-12-27 00:40:00	9.9	동남동	104	15.19	32.24	3.21	8.1	4.33	8.5	8.5	서북서	300	4.9	1014.5	-	39	
2019-12-27 00:45:00	0.1	서북서	282	15.19	32.27	2.31	8.8	2.73	8.5	9.2	북서	305	4.9	1014.4	-	42	
2019-12-27 00:50:00	0.8	동	87	15.20	32.26	2.46	8.4	2.70	9.5	7.7	서북서	296	5.1	1014.6	-	33	
2019-12-27 00:55:00	8.4	남동	134	15.20	32.22	2.54	8.3	3.17	7.5	7.8	서북서	292	5.0	1014.7	-	38	
2019-12-27 01:00:00	1.1	동북동	70	15.18	32.23	2.74	8.6	3.45	8.0	7.7	서북서	292	4.7	1014.7	-	34	
2019-12-27 01:05:00	3.8	동남동	120	15.19	32.23	2.54	8.6	3.24	9.0	8.1	서북서	294	4.6	1014.7	-	23	
2019-12-27 01:10:00	4.3	남남동	155	15.18	32.25	2.31	8.3	2.82	8.0	8.4	서북서	291	4.4	1014.8	-	18	
2019-12-27 01:15:00	7.1	남	190	15.18	32.23	2.35	8.5	3.22	8.0	8.0	서북서	288	4.4	1014.9	-	51	
2019-12-27 01:20:00	1.3	남남동	150	15.20	32.25	2.84	8.6	3.84	7.5	7.5	서북서	288	4.3	1015.0	-	31	
2019-12-27 01:25:00	2.6	북서	304	15.18	32.23	2.75	9.0	3.21	9.0	7.0	서	278	4.2	1015.1	-	39	
2019-12-27 01:30:00	5.2	남남동	154	15.15	32.21	2.11	8.2	2.65	8.5	7.7	서	277	4.1	1015.0	-	42	
2019-12-27 01:35:00	3.5	남남서	203	15.16	32.24	2.49	9.2	3.32	8.5	7.8	서	281	4.0	1015.1	-	50	
2019-12-27 01:40:00	2.4	동남동	112	15.16	32.24	2.57	8.6	3.60	9.0	7.6	서	279	3.9	1015.2	-	24	
2019-12-27 01:45:00	4.4	남동	125	15.15	32.26	2.72	8.8	3.51	9.0	8.2	서	275	3.8	1015.2	-	44	
2019-12-27 01:50:00	4.7	남동	135	15.16	32.22	2.84	8.8	4.45	9.0	7.8	서	273	3.9	1015.2	-	37	
2019-12-27 01:55:00	6.1	남동	133	15.15	32.19	2.95	8.7	4.10	8.0	6.8	서	264	3.8	1015.3	-	35	
2019-12-27 02:00:00	4.8	남동	131	15.15	32.27	2.64	8.5	3.24	7.5	6.0	서	268	3.7	1015.5	-	41	
2019-12-27 02:05:00	0.9	남	176	15.16	32.18	3.11	8.9	4.07	8.5	5.8	서	270	3.5	1015.8	-	35	
2019-12-27 02:10:00	4.8	남동	129	15.15	32.18	3.45	9.4	4.77	9.5	6.0	서북서	290	3.8	1015.8	-	33	
2019-12-27 02:15:00	3.6	남	178	15.16	32.17	3.34	8.7	4.73	9.5	5.2	서	274	3.6	1015.9	-	43	
2019-12-27 02:20:00	3.2	북동	56	15.15	32.21	2.84	8.7	4.19	9.0	3.8	서	259	3.5	1016.1	-	47	
2019-12-27 02:25:00	2.9	남	182	15.15	32.25	2.34	8.0	2.79	9.5	4.8	서	276	3.6	1016.2	-	13	
2019-12-27 02:30:00	0.5	서남서	242	15.14	32.24	3.18	9.3	4.41	10.5	5.2	서	275	3.5	1016.2	-	40	
2019-12-27 02:35:00	6.2	북북동	12	15.14	32.21	2.87	8.7	3.33	8.0	3.7	서	264	3.6	1016.3	-	44	
2019-12-27 02:40:00	3.7	남	189	15.12	32.22	2.30	8.8	2.93	9.5	4.1	서	281	3.4	1016.4	-	32	
2019-12-27 02:45:00	5.7	남	179	15.14	32.20	3.18	8.6	4.07	8.0	4.7	서	271	3.4	1016.4	-	43	
2019-12-27 02:50:00	4.9	북서	309	15.12	32.22	3.36	9.3	4.62	9.0	5.6	서	278	3.4	1016.5	-	45	
2019-12-27 02:55:00	7.1	남	174	15.12	32.23	3.18	9.6	4.00	9.5	7.3	서	281	3.5	1016.4	-	31	
2019-12-27 03:00:00	3.9	서북서	287	15.14	32.23	2.91	8.6	3.43	9.5	6.0	서	281	3.4	1016.5	-	47	
2019-12-27 03:05:00	2.1	동남동	111	15.14	32.19	2.92	8.8	3.80	8.5	7.5	서북서	286	3.6	1016.4	-	49	
2019-12-27 03:10:00	1.3	남	184	15.09	32.17	3.40	9.7	4.23	9.5	7.7	서북서	288	3.6	1016.5	-	46	
2019-12-27 03:15:00	1.4	동남동	105	15.11	32.22	3.68	9.7	4.97	9.0	7.1	서	278	3.6	1016.5	-	45	
2019-12-27 03:20:00	6.3	동	97	15.10	32.23	2.79	8.3	3.17	8.5	6.6	서북서	283	4.0	1016.6	-	47	
2019-12-27 03:25:00	11.1	남동	138	15.13	32.19	3.61	9.6	4.14	8.5	7.0	서북서	286	3.8	1016.6	-	53	
2019-12-27 03:30:00	1.7	동남동	112	15.12	32.24	3.14	9.6	4.38	8.0	6.9	서	275	3.9	1016.6	-	43	
2019-12-27 03:35:00	4.8	남	174	15.13	32.21	3.28	9.5	4.58	8.5	7.3	서북서	282	4.2	1016.6	-	38	
2019-12-27 03:40:00	2.9	서남서	247	15.12	32.21	2.80	8.5	3.44	8.5	8.2	서북서	287	4.1	1016.7	-	37	
2019-12-27 03:45:00	8.4	동남동	102	15.11	32.22	3.18	9.1	4.35	9.5	7.0	서북서	287	4.0	1016.8	-	38	
2019-12-27 03:50:00	3.2	남동	143	15.12	32.22	2.96	9.7	3.81	10.0	7.6	서	277	3.9	1016.9	-	56	
2019-12-27 03:55:00	3.6	동남동	124	15.09	32.21	3.08	8.8	3.76	9.0	6.6	서	280	3.7	1016.9	-	39	
2019-12-27 04:00:00	6.0	동	81	15.10	32.17	3.53	8.9	4.85	9.0	5.1	서남서	254	3.5	1017.0	-	39	
2019-12-27 04:05:00	6.1	동북동	67	15.10	32.25	3.57	9.4	3.82	10.0	5.0	서남서	256	3.2	1017.0	-	41	
2019-12-27 04:10:00	5.6	남동	145	15.10	32.26	3.46	8.9	4.87	9.0	5.3	서남서	242	3.2	1017.1	-	44	
2019-12-27 04:15:00	4.1	남동	134	15.10	32.25	3.75	9.9	4.89	9.5	5.1	서남서	239	2.8	1017.0	-	43	
2019-12-27 04:20:00	2.1	남남동	158	15.10	32.26	3.39	9.2	4.99	9.0	4.6	서남서	250	2.5	1017.1	-	44	
2019-12-27 04:25:00	5.1	북	9	15.10	32.22	3.52	9.3	4.16	9.0	4.7	서남서	244	2.5	1017.1	-	42	
2019-12-27 04:30:00	3.6	동남동	102	15.09	32.25	2.88	8.4	3.42	8.5	3.9	서남서	253	2.5	1017.2	-	29	
2019-12-27 04:35:00	7.2	남동	145	15.09	32.22	2.57	8.2	3.44	8.5	3.7	서남서	251	2.3	1017.3	-	54	
2019-12-27 04:40:00	1.6	북서	307	15.08	32.24	3.44	9.1	4.01	9.5	4.6	서	259	2.4	1017.4	-	49	
2019-12-27 04:45:00	7.4	북동	50	15.08	32.24	2.89	9.7	3.17	9.5	5.0	서	268	2.5	1017.4	-	48	
2019-12-27 04:50:00	1.8	동	85	15.08	32.24	2.67	9.5	3.05	10.5	4.9	서	266	2.6	1017.5	-	53	
2019-12-27 04:55:00	0.3	북북서	328	15.09	32.25	2.73	8.8	3.59	9.5	4.8	서	265	2.6	1017.6	-	54	
2019-12-27 05:00:00	8.0	북북동	14	15.07	32.26	3.02	9.4	4.18	9.0	5.2	서	265	2.7	1017.6	-	36	
2019-12-27 05:05:00	2.6	동	98	15.09	32.22	2.90	9.2	3.37	7.5	5.8	서남서	257	2.6	1017.6	-	43	
2019-12-27 05:10:00	1.4	북	357	15.09	32.22	3.40	9.4	4.25	10.5	4.5	서남서	246	2.3	1017.6	-	45	
2019-12-27 05:15:00	1.7	남	176	15.09	32.25	4.09	10.0	5.36	10.0	5.6	서남서	237	2.1	1017.6	-	35	
2019-12-27 05:20:00	1.4	동	80	15.06	32.23	3.25	9.4	4.86	8.0	5.0	서남서	238	2.0	1017.6	-	51	
2019-12-27 05:25:00	3.9	동남동	114	15.07	32.23	3.05	9.6	3.98	10.0	5.9	서남서	255	2.0	1017.6	-	38	
2019-12-27 05:30:00	2.8	동	97	15.06	32.21	4.04	9.8	5.07	9.5	6.3	서남서	251	1.8	1017.7	-	44	
2019-12-27 05:35:00	3.9	동	85	15.06	32.25	2.94	9.0	3.74	8.0	5.4	서남서	250	1.8	1017.7	-	39	
2019-12-27 05:40:00	2.1	동남동	104	15.07	32.22	3.42	9.2	5.31	9.5	5.7	서남서	252	1.6	1017.7	-	47	
2019-12-27 05:45:00	9.9	동북동	64	15.05	32.22	3.53	8.9	4.24	10.0	5.2	서남서	247	1.6	1017.9	-	45	
2019-12-27 05:50:00	9.1	북북동	32	15.06	32.25	2.36	8.9	2.89	7.0	5.0	서남서	244	1.8	1017.9	-	50	
2019-12-27 05:55:00	4.6	동	89	15.06	32.22	2.59	8.5	2.99	10.0	4.6	서남서	251	1.8	1018.0	-	48	
2019-12-27 06:00:00	5.4	동	87	15.07	32.21	3.12	9.2	3.86	8.5	4.8	서남서	250	1.8	1018.1	-	42	
2019-12-27 06:05:00	2.9	북동	38	15.05	32.20	2.58	10.0	2.79	9.5	5.8	서남서	249	1.6	1018.2	-	32	
2019-12-27 06:10:00	7.1	북북동	29	15.05	32.21	2.98	9.8	4.10	10.0	5.7	서남서	254	1.7	1018.3	-	43	
2019-12-27 06:15:00	5.3	동북동	69	15.05	32.20	2.30	8.6	3.69	7.5	4.9	서남서	243	1.8	1018.3	-	36	
2019-12-27 06:20:00	2.4	동남동	102	15.07	32.20	2.97	9.5	4.34	9.5	5.2	서남서	255	1.8	1018.3	-	33	
2019-12-27 06:25:00	1.2	동북동	72	15.07	32.22	3.12	9.4	3.76	9.0	7.0	서남서	242	1.7	1018.4	-	47	
2019-12-27 06:30:00	7.3	북동	47	15.08	32.24	3.23	9.9	4.91	10.0	6.2	남서	235	1.8	1018.6	-	46	
2019-12-27 06:35:00	4.9	동	86	15.07	32.22	3.26	9.4	4.32	9.5	5.8	남서	233	1.6	1018.6	-	34	
2019-12-27 06:40:00	3.2	동북동	67	15.08	32.17	2.30	9.5	2.64	7.5	5.7	남서	234	1.5	1018.7	-	53	
2019-12-27 06:45:00	1.4	북북서	332	15.06	32.17	2.53	9.1	3.35	8.0	6.0	서남서	243	1.4	1018.8	-	54	
2019-12-27 06:50:00	3.0	동북동	63	15.07	32.24	3.59	9.3	4.69	10.5	6.5	서남서	241	1.3	1018.9	-	44	
2019-12-27 06:55:00	0.9	북북동	26	15.06	32.20	2.43	8.9	2.92	10.0	5.7	서남서	240	1.3	1018.9	-	36	
2019-12-27 07:00:00	5.7	북	5	15.06	32.18	3.22	9.3	4.04	8.5	5.6	서남서	241	1.4	1019.0	-	39	
2019-12-27 07:05:00	5.2	북	2	15.07	32.16	2.77	9.5	4.76	10.0	6.0	서남서	244	1.1	1018.9	-	46	
2019-12-27 07:10:00	4.0	남서	230	15.07	32.16	2.49	9.5	3.28	9.5	5.1	서남서	242	1.2	1018.9	-	28	
2019-12-27 07:15:00	6.8	북	353	15.06	32.14	3.08	9.3	3.53	10.0	5.4	서남서	243	1.4	1019.0	-	46	
2019-12-27 07:20:00	4.6	북	10	15.07	32.18	2.82	9.2	3.78	7.5	5.8	서남서	242	1.5	1019.1	-	44	
2019-12-27 07:25:00	3.6	북서	309	15.06	32.19	2.37	8.4	2.76	7.0	6.5	서남서	239	1.1	1019.2	-	42	
2019-12-27 07:30:00	1.5	북서	320	15.07	32.22	2.78	8.8	3.22	9.5	5.2	서남서	241	1.1	1019.3	-	37	
2019-12-27 07:35:00	3.7	북북서	346	15.08	32.20	2.70	10.0	3.72	9.5	6.4	서남서	237	1.1	1019.3	-	40	
2019-12-27 07:40:00	4.2	북서	317	15.07	32.20	3.37	9.8	4.83	9.5	6.3	서남서	238	1.3	1019.4	-	49	
2019-12-27 07:45:00	0.4	북동	42	15.08	32.22	2.46	9.2	3.08	9.0	6.3	서남서	244	1.4	1019.5	-	33	
2019-12-27 07:50:00	3.2	서	265	15.07	32.19	2.71	9.1	3.45	8.5	5.9	서남서	245	1.3	1019.5	-	22	
2019-12-27 07:55:00	3.3	북	5	15.08	32.19	3.09	10.1	4.60	10.0	5.9	남서	235	1.5	1019.5	-	40	
2019-12-27 08:00:00	5.5	북북서	346	15.06	32.22	2.72	9.4	3.09	9.0	6.9	서남서	240	1.7	1019.6	-	47	
2019-12-27 08:05:00	4.1	북북동	30	15.05	32.19	2.97	8.9	3.79	9.0	6.3	서남서	242	1.4	1019.6	-	29	
2019-12-27 08:10:00	3.0	남동	125	15.05	32.19	2.66	9.9	3.31	9.5	6.5	서남서	241	1.7	1019.7	-	52	
2019-12-27 08:15:00	5.0	북	349	15.06	32.19	2.73	9.4	3.37	9.0	6.5	서남서	245	1.5	1019.8	-	36	
2019-12-27 08:20:00	4.7	서북서	283	15.06	32.21	2.81	9.4	3.58	9.5	5.9	서남서	241	1.6	1019.9	-	39	
2019-12-27 08:25:00	0.8	북	351	15.06	32.22	2.88	9.8	3.45	10.5	6.5	서남서	239	1.8	1020.0	-	38	
2019-12-27 08:30:00	4.0	남서	216	15.04	32.19	2.67	9.3	2.97	10.5	6.9	서남서	237	1.9	1020.0	-	38	
2019-12-27 08:35:00	7.3	북서	311	15.07	32.23	3.17	8.7	3.59	9.5	6.1	서남서	249	1.8	1020.2	-	36	
2019-12-27 08:40:00	2.5	남서	232	15.04	32.21	2.69	9.0	3.32	10.0	6.6	서남서	239	2.0	1020.3	-	32	
2019-12-27 08:45:00	4.2	서	280	15.05	32.20	2.94	10.1	3.75	10.0	5.8	서남서	238	2.0	1020.4	-	50	
2019-12-27 08:50:00	3.7	북북동	20	15.05	32.24	3.10	9.2	3.48	9.5	6.1	서남서	241	2.1	1020.6	-	39	
2019-12-27 08:55:00	5.7	북	354	15.04	32.21	3.50	10.1	4.53	10.0	5.8	서남서	253	2.4	1020.6	-	53	
2019-12-27 09:00:00	3.3	북북서	336	15.03	32.21	3.30	9.7	3.91	9.5	5.7	서남서	242	2.1	1020.7	-	42	
2019-12-27 09:05:00	5.6	서	271	15.03	32.25	2.06	8.9	2.80	7.0	6.3	서남서	241	2.5	1020.7	-	25	
2019-12-27 09:10:00	6.4	북서	324	15.03	32.25	3.15	9.2	4.37	9.0	5.4	서남서	240	2.7	1020.8	-	21	
2019-12-27 09:15:00	5.8	서북서	289	15.03	32.21	2.93	9.7	3.86	9.0	6.6	남서	235	2.7	1020.9	-	41	
2019-12-27 09:20:00	3.2	서북서	286	15.04	32.19	3.09	10.2	3.98	10.0	6.3	남서	233	2.6	1020.9	-	48	
2019-12-27 09:25:00	5.6	북북서	337	15.02	32.21	3.21	9.8	3.70	9.5	5.8	남서	229	2.6	1021.0	-	44	
2019-12-27 09:30:00	5.4	북북동	14	15.02	32.21	2.97	9.1	3.98	9.0	4.7	남서	236	2.7	1021.1	-	36	
2019-12-27 09:35:00	1.8	북서	320	15.02	32.23	3.30	9.4	3.96	9.0	6.1	서남서	237	2.9	1021.1	-	52	
2019-12-27 09:40:00	6.8	북북서	327	15.01	32.22	2.47	9.3	3.10	8.5	4.9	남서	234	3.0	1021.2	-	32	
2019-12-27 09:45:00	4.5	서북서	287	15.02	32.20	2.48	9.3	3.37	10.0	5.3	남서	230	3.0	1021.2	-	47	
2019-12-27 09:50:00	6.3	서	279	15.03	32.19	2.42	9.4	3.00	9.5	5.9	남서	227	2.9	1021.2	-	39	
2019-12-27 09:55:00	3.1	북북서	334	15.02	32.20	3.44	9.4	4.17	9.0	5.8	남서	230	3.1	1021.2	-	47	
2019-12-27 10:00:00	5.7	북서	304	15.02	32.19	2.40	9.0	3.49	10.0	4.3	남서	230	3.2	1021.3	-	55	
2019-12-27 10:05:00	7.0	북	0	15.03	32.20	2.75	9.9	3.03	10.0	4.3	남서	229	3.4	1021.3	-	49	
2019-12-27 10:10:00	2.7	북북서	337	15.03	32.16	2.72	9.3	3.47	9.5	3.8	남서	234	3.7	1021.3	-	42	
2019-12-27 10:15:00	4.3	북	0	15.03	32.12	2.88	8.9	3.76	9.5	3.7	서남서	245	3.6	1021.4	-	34	
2019-12-27 10:20:00	8.9	서북서	294	15.03	32.08	3.22	9.7	4.41	9.5	3.1	서남서	250	3.7	1021.4	-	50	
2019-12-27 10:25:00	9.5	북서	318	15.03	32.10	4.29	9.9	5.30	9.5	3.9	서	270	4.1	1021.4	-	44	
2019-12-27 10:30:00	1.3	남서	223	15.04	32.12	2.81	8.9	4.54	9.5	3.2	서남서	258	3.9	1021.4	-	44	
2019-12-27 10:35:00	4.1	북서	322	15.04	32.12	2.59	9.4	2.99	9.5	3.1	서남서	246	4.1	1021.5	-	45	
2019-12-27 10:40:00	3.9	북북서	334	15.04	32.18	2.53	8.2	2.91	8.5	2.9	서남서	242	4.4	1021.5	-	32	
2019-12-27 10:45:00	3.7	북서	320	15.03	32.16	2.63	9.6	3.14	10.0	3.8	남서	230	4.6	1021.5	-	48	
2019-12-27 10:50:00	4.2	북서	324	15.04	32.17	2.47	9.1	2.97	9.0	3.9	남서	224	4.7	1021.5	-	31	
2019-12-27 10:55:00	5.6	서북서	296	15.03	32.19	2.53	8.6	3.62	8.5	3.4	남서	223	4.8	1021.5	-	34	
2019-12-27 11:00:00	5.7	북서	325	15.04	32.18	2.59	9.3	3.06	9.0	1.4	서	274	5.1	1021.6	-	43	
2019-12-27 11:05:00	6.9	서북서	299	15.04	32.20	3.06	9.3	3.70	9.5	1.3	서	274	5.2	1021.5	-	43	
2019-12-27 11:10:00	5.1	서북서	297	15.04	32.18	3.03	9.0	3.82	9.0	1.6	서	277	5.4	1021.5	-	40	
2019-12-27 11:15:00	6.2	북서	305	15.04	32.18	2.67	8.6	3.59	9.5	2.1	서북서	285	5.4	1021.4	-	33	
2019-12-27 11:20:00	3.3	북서	311	15.04	32.18	3.35	9.1	4.62	9.0	3.0	서북서	300	5.3	1021.3	-	36	
2019-12-27 11:25:00	3.3	서북서	298	15.03	32.19	2.49	8.9	4.04	8.5	3.9	북서	322	5.3	1021.2	-	39	
2019-12-27 11:30:00	6.4	북서	312	15.04	32.17	2.61	8.4	2.99	7.5	3.0	북서	312	5.3	1021.2	-	49	
2019-12-27 11:35:00	3.9	서북서	299	15.03	32.18	2.66	9.3	3.43	8.5	3.4	북서	322	5.4	1021.1	-	43	
2019-12-27 11:40:00	4.1	서북서	297	15.03	32.18	2.74	9.6	3.58	9.0	3.8	북서	325	5.6	1020.9	-	40	
2019-12-27 11:45:00	3.4	서북서	288	15.03	32.17	2.52	9.4	3.17	9.5	3.3	북북서	334	5.5	1020.9	-	54	
2019-12-27 11:50:00	7.3	북서	306	15.03	32.18	2.85	9.7	3.30	9.5	4.4	서	274	5.7	1020.8	-	41	
2019-12-27 11:55:00	5.0	북북서	329	15.02	32.17	2.69	9.4	4.44	9.0	3.0	서북서	283	5.6	1020.8	-	51	
2019-12-27 12:00:00	6.6	서북서	282	15.02	32.15	1.97	8.5	2.42	6.5	3.7	서북서	297	6.0	1020.7	-	55	
2019-12-27 12:05:00	7.1	북서	325	15.02	32.18	2.83	9.1	3.37	9.0	4.6	서북서	284	5.9	1020.7	-	36	
2019-12-27 12:10:00	8.3	북북서	335	15.01	32.19	2.26	8.9	2.79	7.5	4.4	서북서	295	5.7	1020.7	-	52	
2019-12-27 12:15:00	9.4	북북서	328	15.01	32.22	1.99	8.9	2.55	10.0	3.3	서	272	5.7	1020.7	-	46	
2019-12-27 12:20:00	19.5	북서	326	15.17	32.17	2.34	8.2	3.12	9.5	4.3	서북서	283	5.9	1020.7	-	41	
2019-12-27 12:25:00	13.8	서북서	304	15.18	32.18	2.12	8.9	2.42	10.5	4.9	북서	316	5.9	1020.7	-	45	
2019-12-27 12:30:00	16.5	북서	319	15.16	32.18	2.94	8.8	4.13	10.0	4.5	북서	314	5.9	1020.7	-	39	
2019-12-27 12:35:00	18.7	북북서	331	15.14	32.14	2.60	9.2	3.67	9.0	4.5	북서	307	5.9	1020.7	-	51	
2019-12-27 12:40:00	17.5	북서	325	15.12	32.14	2.52	9.4	3.29	9.5	4.9	서북서	293	6.1	1020.7	-	47	
2019-12-27 12:45:00	16.2	북북서	338	15.11	32.15	2.61	9.2	3.18	8.5	5.0	서북서	297	6.0	1020.7	-	50	
2019-12-27 12:50:00	16.3	서북서	302	15.13	32.19	2.39	8.9	3.26	8.5	4.0	서북서	290	6.0	1020.7	-	49	
2019-12-27 12:55:00	18.5	북서	306	15.11	32.16	3.19	9.1	4.71	8.5	5.6	서	280	6.2	1020.6	-	43	
2019-12-27 13:00:00	19.4	북서	308	15.13	32.15	2.93	9.1	3.27	8.0	5.7	북서	312	6.2	1020.6	-	41	
2019-12-27 13:05:00	14.5	서북서	298	15.12	32.09	2.51	9.0	3.18	9.0	6.0	북서	304	6.3	1020.6	-	43	
2019-12-27 13:10:00	20.1	서북서	291	15.07	32.06	2.83	9.0	3.76	8.5	5.8	북서	318	6.1	1020.6	-	50	
2019-12-27 13:15:00	13.9	서북서	294	15.02	32.15	2.11	9.0	2.79	9.0	6.8	북서	323	6.4	1020.5	-	36	
2019-12-27 13:20:00	13.7	서북서	295	15.01	32.17	2.82	8.8	4.37	9.5	5.8	북서	306	6.3	1020.5	-	39	
2019-12-27 13:25:00	14.9	북서	322	15.02	32.12	2.42	9.8	3.42	8.5	6.6	북서	308	6.2	1020.4	-	48	
2019-12-27 13:30:00	14.3	서북서	299	15.01	32.13	3.15	8.8	3.85	8.0	6.0	서북서	302	6.2	1020.5	-	48	
2019-12-27 13:35:00	7.2	북서	323	14.98	32.17	2.14	8.5	3.00	8.0	5.6	북서	323	6.3	1020.4	-	48	
2019-12-27 13:40:00	9.0	북서	315	14.94	32.17	2.37	9.5	3.04	8.0	5.2	북서	312	6.1	1020.5	-	30	
2019-12-27 13:45:00	19.8	북서	323	15.14	32.14	2.49	9.1	3.10	9.0	5.4	북서	310	6.2	1020.5	-	34	
2019-12-27 13:50:00	16.7	북북서	344	15.17	32.13	3.19	9.3	5.14	9.5	5.7	북서	311	6.2	1020.5	-	45	
2019-12-27 13:55:00	12.5	북서	319	15.19	32.15	2.72	9.6	4.43	9.0	5.5	북서	319	6.0	1020.5	-	37	
2019-12-27 14:00:00	17.7	북서	321	15.21	32.20	2.71	8.8	3.65	8.0	5.3	북서	304	6.1	1020.5	-	39	
2019-12-27 14:05:00	19.5	북북서	328	15.21	32.14	2.33	8.6	3.26	8.5	6.8	북서	312	5.9	1020.5	-	45	
2019-12-27 14:10:00	15.2	북북서	333	15.20	32.15	2.63	8.5	3.35	8.5	6.2	북서	310	6.0	1020.6	-	52	
2019-12-27 14:15:00	12.2	북서	322	15.18	32.18	2.68	9.3	3.90	9.0	7.1	북서	320	5.9	1020.5	-	35	
2019-12-27 14:20:00	17.1	북북서	329	15.16	32.14	2.63	9.3	3.53	8.5	6.5	북서	324	5.9	1020.5	-	40	
2019-12-27 14:25:00	10.0	북서	318	15.15	32.15	2.68	9.7	3.21	9.0	6.6	북서	319	6.0	1020.5	-	38	
2019-12-27 14:30:00	17.4	서북서	296	15.14	32.16	2.67	9.3	3.92	8.5	6.5	북서	315	6.1	1020.4	-	47	
2019-12-27 14:35:00	11.3	북북서	338	15.13	32.16	3.21	9.5	4.76	9.0	7.0	서북서	298	6.0	1020.5	-	47	
2019-12-27 14:40:00	8.6	북서	321	15.12	32.17	2.49	8.7	3.64	9.0	6.9	북서	319	6.0	1020.5	-	39	
2019-12-27 14:45:00	9.4	북서	323	15.11	32.18	2.43	9.3	3.10	9.0	7.2	북서	316	6.0	1020.6	-	37	
2019-12-27 14:50:00	9.2	북서	317	15.10	32.18	3.03	9.8	3.88	9.5	7.3	북서	307	6.0	1020.6	-	45	
2019-12-27 14:55:00	6.2	북서	308	15.09	32.15	2.65	9.2	3.37	8.5	7.1	서북서	300	6.1	1020.7	-	50	
2019-12-27 15:00:00	6.8	북서	319	15.08	32.18	2.52	9.7	3.48	10.0	6.8	서북서	298	6.3	1020.7	-	45	
2019-12-27 15:05:00	8.5	북	349	15.08	32.15	2.94	9.4	3.95	10.0	7.5	북서	309	6.1	1020.7	-	38	
2019-12-27 15:10:00	3.8	북서	323	15.07	32.17	2.04	8.8	2.69	8.5	7.2	서북서	303	6.1	1020.8	-	18	
2019-12-27 15:15:00	1.4	북서	321	15.06	32.18	2.49	8.6	3.61	8.0	6.5	북서	304	6.2	1020.8	-	40	
2019-12-27 15:20:00	6.8	서북서	300	15.06	32.14	2.32	9.5	2.81	6.5	7.0	북서	314	6.0	1020.8	-	31	
2019-12-27 15:25:00	8.7	서	275	15.07	32.15	2.05	8.4	2.82	8.5	8.2	북서	304	6.1	1020.8	-	53	
2019-12-27 15:30:00	11.8	서북서	299	15.07	32.15	2.59	9.1	3.77	9.0	8.5	북서	306	6.3	1020.8	-	35	
2019-12-27 15:35:00	6.4	북서	314	15.06	32.12	2.37	8.6	2.79	8.5	7.9	서북서	300	6.3	1020.9	-	40	
2019-12-27 15:40:00	6.6	서북서	283	15.06	32.15	1.98	8.5	2.76	7.5	8.8	서북서	301	6.1	1020.9	-	28	
2019-12-27 15:45:00	13.5	북서	314	15.07	32.15	2.56	9.2	3.52	9.5	9.1	서북서	294	6.1	1021.0	-	41	
2019-12-27 15:50:00	7.7	북서	308	15.07	32.12	2.80	9.2	3.16	10.0	9.6	서북서	298	6.0	1021.0	-	46	
2019-12-27 15:55:00	8.3	북서	306	15.07	32.04	2.24	9.1	3.68	9.0	9.5	서북서	295	6.1	1021.0	-	42	
2019-12-27 16:00:00	5.1	서북서	292	15.08	32.10	2.11	7.9	2.66	8.0	9.1	서북서	291	5.9	1021.1	-	44	
2019-12-27 16:05:00	10.7	북북서	329	15.07	32.14	2.33	9.5	3.30	9.5	9.6	서북서	289	5.8	1021.2	-	45	
2019-12-27 16:10:00	8.4	서북서	292	15.09	32.05	1.87	8.9	2.60	8.5	9.2	서북서	288	5.9	1021.2	-	56	
2019-12-27 16:15:00	2.7	북북서	348	15.07	32.09	2.74	9.2	3.90	9.5	9.4	서북서	291	5.7	1021.3	-	45	
2019-12-27 16:20:00	2.8	북북동	19	15.07	32.06	2.66	8.8	3.52	9.5	8.1	서북서	293	5.8	1021.3	-	38	
2019-12-27 16:25:00	3.0	북	359	15.06	32.09	2.17	9.0	3.89	9.0	8.7	서북서	287	5.4	1021.4	-	41	
2019-12-27 16:30:00	3.3	서북서	296	15.06	32.11	2.16	9.0	2.91	9.0	9.2	서	281	5.5	1021.4	-	43	
2019-12-27 16:35:00	4.9	북	349	15.05	32.13	2.38	8.3	2.68	9.0	8.9	서북서	289	5.4	1021.5	-	33	
2019-12-27 16:40:00	0.6	남남서	193	15.03	32.12	2.09	9.3	2.75	10.5	9.4	서북서	291	5.4	1021.6	-	60	
2019-12-27 16:45:00	1.9	서북서	286	15.03	32.12	2.60	9.3	3.41	9.5	8.3	서북서	297	5.1	1021.8	-	29	
2019-12-27 16:50:00	4.4	서북서	289	15.02	32.18	2.08	8.5	2.92	9.0	8.8	서북서	288	5.2	1021.8	-	44	
2019-12-27 16:55:00	6.0	북서	305	15.02	32.13	1.94	8.2	2.72	8.0	9.4	서북서	291	4.8	1021.8	-	37	
2019-12-27 17:00:00	3.4	북동	41	15.01	32.12	2.33	9.3	3.06	7.5	9.3	서북서	300	4.7	1021.8	-	35	
2019-12-27 17:05:00	1.7	서북서	288	15.01	32.14	2.23	9.3	2.92	9.0	8.7	서북서	290	4.5	1022.0	-	33	
2019-12-27 17:10:00	7.2	서	275	15.01	32.13	2.39	9.3	3.08	7.5	7.6	서북서	295	4.8	1022.1	-	49	
2019-12-27 17:15:00	0.6	동남동	116	14.99	32.13	2.93	8.8	3.88	9.0	8.0	서북서	290	4.6	1022.3	-	38	
2019-12-27 17:20:00	4.0	서남서	253	15.00	32.11	2.40	9.6	3.03	9.5	8.0	서북서	292	4.2	1022.4	-	44	
2019-12-27 17:25:00	2.9	북서	322	14.97	32.16	2.59	9.0	3.82	9.5	7.3	서북서	292	4.1	1022.5	-	26	
2019-12-27 17:30:00	4.4	북북서	333	14.99	32.13	1.97	8.8	2.35	7.5	6.2	서	279	4.1	1022.6	-	44	
2019-12-27 17:35:00	1.0	동남동	105	14.97	32.09	2.33	9.2	2.95	9.0	5.8	서	271	3.8	1022.7	-	44	
2019-12-27 17:40:00	3.4	서북서	301	14.96	32.11	2.39	9.2	3.39	7.5	5.8	서	263	3.7	1022.8	-	33	
2019-12-27 17:45:00	-	-	-	-	-	-	-	-	-	-	-	-	-	-	-	-	
2019-12-27 17:50:00	2.5	북북서	328	14.97	32.15	1.99	8.5	3.98	8.5	5.9	서남서	253	3.7	1023.1	-	46	
2019-12-27 17:55:00	2.8	북	4	14.95	32.14	1.64	7.6	2.49	7.5	7.0	서남서	248	3.5	1023.1	-	7	
2019-12-27 18:00:00	3.2	북	10	14.94	32.17	1.90	8.5	2.35	9.0	7.6	서남서	241	3.5	1023.2	-	30	
2019-12-27 18:05:00	4.4	서북서	298	14.94	32.18	2.01	8.0	3.11	7.5	7.6	서남서	243	3.3	1023.3	-	27	
2019-12-27 18:10:00	1.5	동북동	66	14.92	32.16	2.12	9.2	2.74	9.5	6.9	서남서	248	3.2	1023.4	-	47	
2019-12-27 18:15:00	1.6	북북동	12	14.93	32.20	2.08	8.3	2.56	8.0	7.0	서남서	258	3.2	1023.4	-	41	
2019-12-27 18:20:00	2.8	동	98	14.92	32.19	2.26	8.5	2.89	8.5	7.0	서	259	3.2	1023.4	-	33	
2019-12-27 18:25:00	1.9	서남서	257	14.92	32.17	2.33	8.5	3.63	8.0	7.2	서남서	257	3.0	1023.5	-	32	
2019-12-27 18:30:00	3.2	북동	43	14.94	32.14	0.00	0.0	0.00	0.0	6.2	서남서	253	3.1	1023.5	-	41	
2019-12-27 18:35:00	1.7	동	84	14.90	32.15	1.94	9.3	2.55	8.5	7.5	서	260	2.9	1023.5	-	33	
2019-12-27 18:40:00	2.8	동	101	14.91	32.15	1.99	8.3	2.76	8.5	7.6	서남서	251	3.0	1023.5	-	32	
2019-12-27 18:45:00	3.0	동	82	14.90	32.17	1.71	8.3	2.07	8.0	8.1	서남서	254	3.0	1023.6	-	26	
2019-12-27 18:50:00	4.6	동	98	14.86	32.16	1.82	8.3	2.21	7.5	7.6	서남서	248	2.8	1023.7	-	35	
2019-12-27 18:55:00	1.9	남서	223	14.88	32.12	1.94	8.5	3.07	8.5	7.3	서남서	246	2.8	1023.8	-	39	
2019-12-27 19:00:00	0.4	북북동	15	14.90	32.03	2.36	8.5	3.46	9.0	8.0	서남서	244	2.8	1023.9	-	37	
2019-12-27 19:05:00	0.6	동남동	102	14.93	32.02	1.53	7.6	2.54	8.5	7.8	서남서	246	2.7	1023.9	-	27	
2019-12-27 19:10:00	5.6	북동	49	14.85	32.03	1.90	8.8	2.56	7.0	7.0	서남서	242	2.6	1024.0	-	33	
2019-12-27 19:15:00	5.8	동북동	76	14.84	32.06	2.14	8.5	2.71	7.5	6.5	서남서	244	2.6	1024.1	-	22	
2019-12-27 19:20:00	3.6	남동	135	14.85	32.04	2.21	9.2	2.42	9.0	6.3	서남서	251	2.6	1024.1	-	41	
2019-12-27 19:25:00	3.4	동남동	124	14.84	32.07	2.05	9.5	2.99	8.5	5.9	서남서	255	2.6	1024.1	-	359	
2019-12-27 19:30:00	4.7	동	88	14.84	32.07	2.20	8.2	3.16	8.5	6.6	서	260	2.7	1024.1	-	36	
2019-12-27 19:35:00	3.3	동	101	14.84	32.07	2.25	9.2	2.51	7.5	6.3	서	267	2.9	1024.1	-	37	
2019-12-27 19:40:00	5.7	남남동	165	14.84	32.11	2.26	8.4	3.32	9.0	6.8	서	259	2.7	1024.1	-	27	
2019-12-27 19:45:00	6.8	남동	132	14.83	32.09	1.91	7.4	2.89	7.5	6.3	서남서	258	2.7	1024.1	-	27	
2019-12-27 19:50:00	6.3	남동	134	14.83	32.15	2.27	9.2	3.10	8.5	6.4	서남서	255	2.8	1024.1	-	27	
2019-12-27 19:55:00	8.5	남동	143	14.83	32.11	1.84	8.9	2.48	9.5	5.9	서	260	2.6	1024.2	-	44	
2019-12-27 20:00:00	7.2	남동	131	14.85	32.11	2.08	8.3	2.43	9.0	6.1	서	259	2.7	1024.3	-	46	
2019-12-27 20:05:00	1.1	남남동	152	14.83	32.09	2.14	9.0	2.83	9.5	5.4	서남서	251	2.7	1024.3	-	34	
2019-12-27 20:10:00	7.1	남동	140	14.84	32.09	2.18	8.9	2.65	8.5	5.2	서남서	249	2.7	1024.3	-	41	
2019-12-27 20:15:00	3.7	남	189	14.83	32.02	2.13	8.3	2.68	8.5	5.7	남서	228	2.4	1024.3	-	35	
2019-12-27 20:20:00	5.2	남	172	14.81	32.18	2.42	8.5	3.24	8.0	5.6	남서	230	2.0	1024.3	-	31	
2019-12-27 20:25:00	6.8	남남동	162	14.79	32.19	2.03	8.5	2.29	9.5	5.8	서남서	237	2.1	1024.2	-	16	
2019-12-27 20:30:00	3.1	동남동	106	14.73	32.15	2.13	8.9	2.54	9.5	6.0	서남서	242	2.3	1024.2	-	30	
2019-12-27 20:35:00	6.2	남동	130	14.69	32.20	1.66	8.7	2.35	9.0	5.9	서남서	252	2.2	1024.2	-	36	
2019-12-27 20:40:00	7.8	남동	126	14.70	32.16	1.73	8.3	2.61	7.5	5.9	서남서	252	2.3	1024.2	-	17	
2019-12-27 20:45:00	8.9	남동	144	14.68	32.23	1.94	9.0	2.37	9.5	5.2	서남서	254	2.1	1024.3	-	39	
2019-12-27 20:50:00	8.8	남	176	14.74	32.24	2.06	9.1	2.53	8.5	4.4	서남서	249	2.2	1024.4	-	40	
2019-12-27 20:55:00	9.2	남동	136	14.73	32.20	1.98	8.3	2.98	9.0	3.9	서남서	253	2.1	1024.4	-	41	
2019-12-27 21:00:00	5.9	남남동	148	14.72	32.18	1.65	8.6	2.12	6.5	4.2	서남서	243	2.1	1024.5	-	19	
2019-12-27 21:05:00	11.8	남남동	162	14.73	32.23	1.91	8.3	2.87	8.0	3.8	서남서	242	2.2	1024.5	-	48	
2019-12-27 21:10:00	5.7	남남동	160	14.77	32.18	2.06	9.0	2.58	8.0	3.4	남서	228	2.2	1024.6	-	43	
2019-12-27 21:15:00	10.8	남남동	154	14.73	32.21	1.54	8.0	1.96	9.0	3.7	남서	227	2.2	1024.6	-	41	
2019-12-27 21:20:00	10.3	남남동	164	14.76	32.22	1.83	8.9	2.55	8.0	3.0	남서	225	2.1	1024.7	-	33	
2019-12-27 21:25:00	9.3	남남동	162	14.77	32.20	2.07	8.5	2.90	8.5	3.5	남서	229	2.3	1024.7	-	28	
2019-12-27 21:30:00	10.4	남	171	14.76	32.20	2.30	8.3	2.98	9.0	4.5	남서	218	2.3	1024.8	-	29	
2019-12-27 21:35:00	11.8	남	170	14.77	32.22	1.75	8.3	2.87	8.5	4.4	남서	229	2.1	1024.9	-	25	
2019-12-27 21:40:00	8.8	남남동	163	14.75	32.19	1.63	7.8	2.20	9.0	4.0	남서	235	2.2	1024.9	-	26	
2019-12-27 21:45:00	13.2	남남동	160	14.73	32.27	2.06	8.6	2.79	9.0	4.1	남서	226	2.3	1025.1	-	28	
2019-12-27 21:50:00	12.7	남	171	14.74	32.19	1.64	8.6	2.32	8.5	3.6	남남서	210	2.3	1025.2	-	45	
2019-12-27 21:55:00	11.5	남남동	162	14.72	32.23	1.56	7.8	2.47	8.5	4.0	남남서	209	2.4	1025.2	-	52	
2019-12-27 22:00:00	11.3	남	171	14.72	32.21	1.57	8.2	2.02	8.5	4.2	남남서	212	2.2	1025.3	-	25	
2019-12-27 22:05:00	18.8	남남동	151	14.78	32.25	1.83	8.8	2.45	8.5	4.4	남서	228	2.2	1025.3	-	38	
2019-12-27 22:10:00	15.4	남남동	152	14.80	32.22	1.89	8.5	2.48	8.0	5.1	남서	224	2.3	1025.3	-	46	
2019-12-27 22:15:00	17.2	남남동	156	14.79	32.20	2.02	9.2	3.05	9.0	5.1	남서	234	2.2	1025.4	-	49	
2019-12-27 22:20:00	15.2	남남동	155	14.80	32.20	2.26	8.8	2.76	9.0	4.6	서남서	237	2.3	1025.4	-	41	
2019-12-27 22:25:00	13.5	남남동	154	14.78	32.20	1.95	8.4	2.36	6.5	5.0	서남서	250	2.4	1025.4	-	30	
2019-12-27 22:30:00	18.1	남동	146	14.76	32.23	2.04	8.5	2.91	9.5	4.8	서	260	2.3	1025.5	-	33	
2019-12-27 22:35:00	17.0	남남동	152	14.80	32.23	1.74	8.8	2.49	8.5	4.9	서남서	251	2.2	1025.5	-	36	
2019-12-27 22:40:00	17.9	남남동	166	14.82	32.26	1.81	9.1	2.34	8.5	4.1	서남서	250	2.0	1025.6	-	21	
2019-12-27 22:45:00	17.0	남남동	166	14.83	32.26	2.56	8.9	3.57	9.0	4.3	서남서	254	2.0	1025.6	-	39	
2019-12-27 22:50:00	17.8	남남동	157	14.82	32.24	1.98	8.5	2.88	8.5	3.6	서남서	258	2.0	1025.6	-	36	
2019-12-27 22:55:00	14.8	남남동	162	14.79	32.23	1.80	8.3	2.52	8.0	3.6	서남서	252	1.9	1025.7	-	42	
2019-12-27 23:00:00	14.2	남남동	155	14.80	32.23	1.78	7.6	2.60	8.0	4.2	서남서	254	1.9	1025.7	-	34	
2019-12-27 23:05:00	15.7	남남동	157	14.80	32.25	1.34	8.8	1.96	9.0	4.1	서남서	258	1.9	1025.6	-	43	
2019-12-27 23:10:00	11.9	남남동	155	14.79	32.23	1.88	8.8	2.31	9.0	4.1	서	261	2.2	1025.6	-	32	
2019-12-27 23:15:00	15.0	남남동	147	14.76	32.23	1.89	8.5	2.30	8.0	3.9	서남서	258	2.2	1025.6	-	42	
2019-12-27 23:20:00	12.7	남남동	155	14.72	32.24	2.00	8.8	2.48	7.5	4.5	서남서	254	2.1	1025.7	-	45	
2019-12-27 23:25:00	12.6	남남동	148	14.70	32.22	1.69	8.2	2.30	7.5	4.4	서남서	257	2.0	1025.7	-	42	
2019-12-27 23:30:00	11.5	남남동	159	14.70	32.21	2.01	8.3	3.07	8.5	4.9	서남서	250	2.0	1025.7	-	29	
2019-12-27 23:35:00	12.0	남동	146	14.65	32.22	1.56	8.4	1.86	9.5	5.1	서남서	254	1.9	1025.8	-	46	
2019-12-27 23:40:00	10.8	남동	141	14.64	32.19	1.88	8.5	2.42	8.5	6.1	서남서	250	2.1	1025.7	-	43	
2019-12-27 23:45:00	12.9	남동	143	14.59	32.21	1.59	8.1	2.27	7.5	5.4	서남서	258	2.1	1025.8	-	32	
2019-12-27 23:50:00	14.5	남남동	154	14.54	32.19	1.44	8.8	1.83	8.5	5.4	서	260	2.0	1025.8	-	34	
2019-12-27 23:55:00	13.0	남동	139	14.51	32.21	1.79	8.3	2.27	8.5	5.1	서남서	256	1.8	1025.9	-	34	
2019-12-28 00:00:00	15.3	남동	143	14.49	32.21	1.57	8.3	2.71	8.0	5.0	서	261	2.1	1025.8	-	55	
2019-12-28 00:05:00	15.4	남동	141	14.46	32.22	1.57	8.3	2.05	7.0	5.4	서	261	2.3	1025.8	-	43	
2019-12-28 00:10:00	14.4	남남동	149	14.45	32.26	1.58	8.5	2.06	8.5	5.1	서	264	2.2	1025.9	-	32	
2019-12-28 00:15:00	13.6	남남동	167	14.49	32.20	1.71	7.9	2.25	8.0	5.1	서	260	2.0	1025.9	-	26	
2019-12-28 00:20:00	11.9	남남동	168	14.50	32.19	1.72	8.3	2.08	7.5	5.1	서남서	253	2.0	1025.9	-	48	
2019-12-28 00:25:00	15.6	남남동	159	14.47	32.18	1.86	8.8	2.25	8.5	4.8	서남서	258	2.0	1025.9	-	36	
2019-12-28 00:30:00	14.0	남남동	159	14.44	32.18	1.45	8.4	2.08	7.5	4.8	서남서	250	2.0	1025.9	-	49	
2019-12-28 00:35:00	15.5	남동	142	14.41	32.17	1.61	8.3	2.09	8.0	4.8	서남서	239	1.8	1026.0	-	37	
2019-12-28 00:40:00	12.6	남남동	154	14.38	32.19	1.45	8.1	1.67	8.5	4.7	남서	226	1.7	1026.1	-	28	
2019-12-28 00:45:00	15.6	남남동	157	14.40	32.21	1.27	7.2	1.88	7.5	4.7	남서	234	1.4	1026.1	-	45	
2019-12-28 00:50:00	15.0	남남동	152	14.37	32.20	1.70	8.4	2.26	8.0	3.9	서남서	240	1.2	1026.1	-	35	
2019-12-28 00:55:00	12.4	남남동	164	14.38	32.20	2.07	8.6	2.79	8.5	4.1	서남서	242	1.4	1026.2	-	55	
2019-12-28 01:00:00	16.0	남남동	158	14.43	32.18	1.81	8.8	2.14	9.5	4.1	서남서	244	1.2	1026.2	-	37	
2019-12-28 01:05:00	12.7	남남동	165	14.44	32.17	1.67	8.8	2.24	9.0	4.4	서남서	238	1.2	1026.2	-	27	
2019-12-28 01:10:00	17.6	남남동	167	14.45	32.20	1.57	8.0	2.26	8.0	4.5	서남서	237	1.2	1026.1	-	34	
2019-12-28 01:15:00	12.4	남남동	154	14.45	32.20	1.67	9.2	1.95	9.0	4.8	서남서	250	1.3	1026.1	-	45	
2019-12-28 01:20:00	13.5	남남동	155	14.43	32.20	1.51	7.6	2.18	7.5	4.9	서남서	247	1.3	1026.1	-	44	
2019-12-28 01:25:00	13.4	남동	143	14.44	32.21	1.56	8.5	1.98	7.5	5.2	서남서	243	1.6	1026.1	-	52	
2019-12-28 01:30:00	10.7	남남동	161	14.46	32.15	1.50	8.8	1.82	9.5	5.5	남서	236	1.6	1026.0	-	31	
2019-12-28 01:35:00	12.5	남	175	14.46	32.13	1.55	8.5	2.75	8.5	5.0	서남서	241	1.5	1026.1	-	40	
2019-12-28 01:40:00	12.1	남남동	156	14.43	32.12	1.58	8.2	2.17	7.5	4.9	남서	236	1.4	1026.1	-	45	
2019-12-28 01:45:00	13.7	남동	144	14.39	32.16	1.58	8.1	2.34	7.0	5.3	남서	230	1.6	1026.1	-	30	
2019-12-28 01:50:00	10.5	남남동	150	14.43	32.20	1.74	7.9	2.25	8.0	5.4	남서	229	1.5	1026.2	-	36	
2019-12-28 01:55:00	9.2	남남동	164	14.41	32.18	1.83	8.7	2.35	8.0	5.7	남서	236	1.6	1026.3	-	46	
2019-12-28 02:00:00	10.5	남동	141	14.39	32.14	1.67	8.5	1.95	8.5	5.3	남서	233	1.4	1026.3	-	31	
2019-12-28 02:05:00	13.2	남남동	157	14.41	32.21	1.36	7.3	2.25	7.5	4.9	남서	236	1.5	1026.3	-	23	
2019-12-28 02:10:00	10.0	남남동	155	14.42	32.17	1.39	8.5	1.85	7.5	5.4	남서	231	1.4	1026.3	-	30	
2019-12-28 02:15:00	9.1	남남동	151	14.37	32.19	1.29	7.5	1.89	7.0	5.4	남서	235	1.4	1026.3	-	20	
2019-12-28 02:20:00	8.1	남	176	14.38	32.18	1.85	8.8	2.89	9.0	5.3	남서	232	1.4	1026.3	-	38	
2019-12-28 02:25:00	11.7	남동	135	14.35	32.17	1.54	8.1	2.24	8.0	5.4	남서	233	1.5	1026.4	-	40	
2019-12-28 02:30:00	9.6	남남동	162	14.33	32.16	1.61	8.8	2.27	9.0	5.3	남서	235	1.5	1026.5	-	27	
2019-12-28 02:35:00	11.8	남남동	155	14.33	32.19	1.44	9.1	2.17	9.0	5.8	서남서	241	1.4	1026.5	-	43	
2019-12-28 02:40:00	10.5	남남동	160	14.34	32.19	1.59	8.6	1.94	9.0	5.8	서남서	245	1.6	1026.6	-	41	
2019-12-28 02:45:00	11.0	남남동	158	14.33	32.19	1.89	8.6	2.95	8.5	5.8	서남서	250	1.6	1026.6	-	29	
2019-12-28 02:50:00	11.9	남남동	160	14.35	32.21	1.37	7.7	1.57	8.0	6.0	서남서	247	1.6	1026.7	-	44	
2019-12-28 02:55:00	11.2	남남동	149	14.34	32.20	1.39	8.8	1.56	9.5	6.1	서남서	238	1.5	1026.7	-	39	
2019-12-28 03:00:00	11.1	남남동	165	14.37	32.21	1.43	8.3	1.85	8.0	5.2	서남서	238	1.5	1026.8	-	44	
2019-12-28 03:05:00	8.9	남남동	163	14.37	32.21	1.51	8.6	1.91	8.5	5.8	서남서	245	1.6	1026.8	-	16	
2019-12-28 03:10:00	11.0	남남동	157	14.37	32.22	1.60	8.3	2.12	9.0	6.0	서남서	240	1.5	1026.7	-	25	
2019-12-28 03:15:00	12.8	남남동	153	14.37	32.19	1.59	8.2	2.15	8.5	6.2	서남서	241	1.6	1026.8	-	44	
2019-12-28 03:20:00	10.2	남동	146	14.37	32.20	1.46	8.6	2.19	8.5	5.3	서남서	251	1.5	1026.9	-	40	
2019-12-28 03:25:00	13.2	남남동	156	14.38	32.20	1.77	8.6	2.43	8.5	5.5	서남서	248	1.5	1026.9	-	25	
2019-12-28 03:30:00	8.2	남남동	150	14.36	32.16	1.27	8.2	2.31	8.0	5.9	서남서	244	1.5	1026.9	-	10	
2019-12-28 03:35:00	7.6	남남동	148	14.36	32.20	1.64	8.8	2.84	7.5	5.7	서남서	240	1.6	1026.9	-	38	
2019-12-28 03:40:00	10.2	남남동	155	14.37	32.22	1.56	8.5	2.06	9.0	6.3	서남서	241	1.5	1026.9	-	48	
2019-12-28 03:45:00	8.8	남남동	153	14.37	32.18	1.40	8.3	1.86	7.5	5.9	서남서	240	1.6	1026.9	-	44	
2019-12-28 03:50:00	8.2	남남동	153	14.36	32.21	1.21	8.0	1.40	6.5	5.5	서남서	240	1.5	1026.9	-	38	
2019-12-28 03:55:00	8.0	남남동	149	14.37	32.20	1.37	8.5	2.24	8.0	5.5	서남서	241	1.5	1026.9	-	45	
2019-12-28 04:00:00	8.2	남	180	14.37	32.22	1.45	8.3	1.79	8.0	6.5	서남서	239	1.8	1026.8	-	49	
2019-12-28 04:05:00	9.4	남남동	161	14.34	32.20	1.28	7.4	1.69	8.0	6.7	서남서	242	1.7	1026.7	-	15	
2019-12-28 04:10:00	10.4	남	178	14.37	32.20	1.71	9.2	2.01	8.0	6.8	서남서	238	1.9	1026.7	-	40	
2019-12-28 04:15:00	10.6	남남동	148	14.37	32.19	1.69	8.3	2.22	9.0	6.3	서남서	245	1.6	1026.7	-	48	
2019-12-28 04:20:00	9.9	남남동	157	14.38	32.20	1.44	8.5	2.20	8.0	6.6	서남서	239	1.7	1026.6	-	39	
2019-12-28 04:25:00	8.9	남남동	157	14.37	32.22	1.58	8.2	2.03	8.5	6.1	서남서	240	1.5	1026.7	-	25	
2019-12-28 04:30:00	4.2	남	181	14.37	32.21	1.23	8.0	1.75	8.0	6.3	남서	236	1.5	1026.6	-	37	
2019-12-28 04:35:00	7.9	남남동	160	14.37	32.21	1.29	8.3	1.65	7.0	6.1	서남서	239	1.8	1026.6	-	22	
2019-12-28 04:40:00	6.2	남	175	14.36	32.21	1.50	7.7	2.40	8.5	5.9	서남서	239	1.8	1026.6	-	31	
2019-12-28 04:45:00	6.7	남남동	159	14.37	32.21	1.45	8.7	1.92	8.0	6.1	서남서	242	1.7	1026.6	-	57	
2019-12-28 04:50:00	7.1	남남동	163	14.38	32.21	1.52	8.8	1.98	9.0	6.1	서남서	239	1.8	1026.6	-	28	
2019-12-28 04:55:00	5.6	남남동	162	14.37	32.18	1.80	8.5	2.23	8.0	6.2	서남서	242	1.9	1026.6	-	43	
2019-12-28 05:00:00	8.1	남남서	206	14.51	32.28	1.32	7.6	1.87	7.0	6.8	서남서	237	1.9	1026.6	-	21	
2019-12-28 05:05:00	7.5	남남서	210	14.72	32.21	1.44	8.0	2.04	8.0	5.7	서남서	240	1.7	1026.8	-	35	
2019-12-28 05:10:00	6.0	남서	223	14.73	32.20	1.55	8.1	1.87	8.0	6.6	서남서	239	1.7	1026.7	-	38	
2019-12-28 05:15:00	4.0	남서	218	14.72	32.21	1.49	8.7	1.85	9.5	6.3	남서	234	1.8	1026.7	-	43	
2019-12-28 05:20:00	1.8	남서	220	14.71	32.18	1.50	8.1	2.79	8.0	6.7	남서	231	1.8	1026.7	-	37	
2019-12-28 05:25:00	4.0	서	278	14.69	32.19	1.53	8.1	2.28	8.5	6.4	남서	226	1.7	1026.7	-	45	
2019-12-28 05:30:00	4.0	서	275	14.70	32.20	1.31	7.9	1.76	8.5	6.0	남서	231	1.6	1026.7	-	32	
2019-12-28 05:35:00	11.2	서	280	14.79	32.21	1.50	8.0	2.11	7.0	6.2	남서	229	1.7	1026.7	-	42	
2019-12-28 05:40:00	9.4	서북서	288	14.82	32.15	1.35	8.3	1.72	8.5	5.8	남서	229	1.6	1026.8	-	57	
2019-12-28 05:45:00	8.6	서북서	298	14.84	32.17	1.32	6.8	2.59	7.5	5.8	남서	225	1.8	1026.8	-	45	
2019-12-28 05:50:00	7.6	서북서	301	14.87	32.17	1.58	8.0	2.39	8.0	6.0	남서	226	1.9	1026.7	-	34	
2019-12-28 05:55:00	10.3	북서	308	14.88	32.18	1.49	8.1	2.42	7.5	5.6	남서	227	1.8	1026.7	-	49	
2019-12-28 06:00:00	12.7	서북서	296	14.90	32.19	1.26	7.9	1.61	8.0	5.8	남서	223	2.0	1026.7	-	16	
2019-12-28 06:05:00	10.2	서북서	290	14.91	32.16	1.50	7.9	2.33	8.0	5.4	남서	227	1.9	1026.7	-	47	
2019-12-28 06:10:00	8.7	북서	309	14.94	32.18	1.52	8.1	1.79	8.0	5.7	남서	227	1.7	1026.7	-	37	
2019-12-28 06:15:00	10.1	북서	305	14.94	32.17	1.47	7.8	1.86	8.0	5.6	남서	228	1.9	1026.7	-	37	
2019-12-28 06:20:00	11.1	북서	323	14.93	32.16	1.41	8.3	1.79	8.5	5.9	남서	225	2.0	1026.8	-	51	
2019-12-28 06:25:00	8.9	북서	323	14.93	32.17	1.79	8.5	2.13	9.0	5.9	남서	229	1.9	1026.8	-	45	
2019-12-28 06:30:00	9.5	북서	309	14.93	32.19	1.53	8.3	2.11	7.5	5.5	남서	233	2.0	1026.9	-	33	
2019-12-28 06:35:00	12.8	서북서	298	14.92	32.17	1.47	7.9	1.91	8.0	5.6	서남서	237	2.1	1026.9	-	36	
2019-12-28 06:40:00	10.1	북서	316	14.90	32.19	1.28	8.3	2.12	8.5	5.7	남서	233	2.0	1027.0	-	33	
2019-12-28 06:45:00	15.2	북서	315	14.93	32.19	1.43	8.1	1.79	7.5	5.4	남서	228	2.1	1027.0	-	47	
2019-12-28 06:50:00	9.4	북서	311	14.92	32.18	1.29	7.8	1.60	8.5	5.6	남서	227	2.0	1027.1	-	57	
2019-12-28 06:55:00	9.7	북서	314	14.92	32.17	1.47	8.2	2.07	7.5	5.6	남서	228	2.1	1027.0	-	68	
2019-12-28 07:00:00	13.5	북서	311	14.92	32.19	1.47	7.9	2.12	9.0	5.7	남서	228	2.0	1027.0	-	70	
2019-12-28 07:05:00	9.5	북서	320	14.90	32.11	1.72	8.5	2.30	8.0	5.1	남서	232	2.0	1027.1	-	37	
2019-12-28 07:10:00	10.1	서북서	293	14.89	32.10	1.47	7.7	1.81	7.0	5.0	남서	232	2.0	1027.2	-	44	
2019-12-28 07:15:00	9.2	북서	326	14.88	32.09	1.52	7.5	1.98	7.5	5.4	서남서	239	2.1	1027.2	-	65	
2019-12-28 07:20:00	9.6	북서	317	14.86	32.09	1.56	8.0	2.02	8.5	6.1	서남서	245	2.0	1027.1	-	34	
2019-12-28 07:25:00	10.7	북서	324	14.86	32.14	1.42	7.8	1.82	7.5	5.9	남서	234	2.2	1027.2	-	18	
2019-12-28 07:30:00	12.5	북북서	336	14.87	32.13	1.31	8.3	1.81	7.0	5.5	남서	230	2.1	1027.2	-	44	
2019-12-28 07:35:00	12.8	북북서	334	14.86	32.09	1.41	7.4	1.92	7.5	5.2	남서	228	2.0	1027.3	-	21	
2019-12-28 07:40:00	10.1	북북서	333	14.87	32.19	1.22	7.7	1.46	7.0	5.4	남서	232	2.1	1027.4	-	46	
2019-12-28 07:45:00	13.7	북북서	334	14.90	32.16	1.57	8.1	2.00	8.0	5.6	남서	236	2.4	1027.4	-	39	
2019-12-28 07:50:00	13.8	북서	313	14.92	32.15	1.54	8.1	2.09	7.5	5.4	남서	234	2.2	1027.5	-	32	
2019-12-28 07:55:00	12.5	북서	324	14.89	32.18	1.66	8.0	1.99	8.0	5.6	남서	235	2.3	1027.5	-	34	
2019-12-28 08:00:00	10.0	북서	326	14.85	32.18	1.65	8.0	2.52	7.5	5.8	서남서	241	2.2	1027.5	-	39	
2019-12-28 08:05:00	9.8	북북서	332	14.85	32.17	1.26	8.4	1.86	6.5	5.5	서남서	239	2.3	1027.5	-	70	
2019-12-28 08:10:00	12.7	북서	325	14.84	32.17	1.50	8.2	1.93	7.0	5.3	서남서	238	2.4	1027.5	-	44	
2019-12-28 08:15:00	11.0	북서	314	14.82	32.21	1.46	7.5	1.89	8.0	5.6	남서	231	2.6	1027.6	-	27	
2019-12-28 08:20:00	13.3	북북서	333	14.82	32.22	1.71	8.0	1.94	8.0	5.6	남서	233	2.3	1027.6	-	42	
2019-12-28 08:25:00	12.6	북북서	327	14.82	32.22	1.52	7.9	1.99	7.5	5.9	남서	236	2.4	1027.6	-	44	
2019-12-28 08:30:00	14.1	북북서	348	14.83	32.21	1.11	7.4	1.65	7.5	6.0	남서	233	2.5	1027.7	-	59	
2019-12-28 08:35:00	15.8	북북서	339	14.85	32.21	1.37	7.3	1.84	7.5	6.1	남서	234	2.6	1027.8	-	50	
2019-12-28 08:40:00	20.2	북북서	335	14.87	32.19	1.41	7.5	1.88	8.0	5.6	남서	231	2.6	1027.8	-	73	
2019-12-28 08:45:00	15.9	북북서	348	14.86	32.17	1.21	8.1	1.42	8.0	5.6	남서	231	2.6	1027.9	-	56	
2019-12-28 08:50:00	19.1	북북서	339	14.87	32.19	1.09	7.5	1.58	9.0	5.4	남서	233	2.8	1027.9	-	31	
2019-12-28 08:55:00	21.0	북북서	346	14.88	32.20	1.54	8.5	1.94	9.5	5.7	남서	231	2.8	1028.0	-	56	
2019-12-28 09:00:00	15.5	북북서	335	14.89	32.21	1.56	8.0	2.26	7.5	5.6	남서	228	3.0	1028.0	-	39	
2019-12-28 09:05:00	15.8	북북서	335	14.90	32.21	1.25	8.1	1.93	8.0	5.2	남서	229	3.2	1028.0	-	46	
2019-12-28 09:10:00	17.6	북북서	329	14.87	32.21	1.31	7.6	1.61	7.0	5.0	남서	232	3.2	1028.1	-	41	
2019-12-28 09:15:00	20.4	북북서	329	14.87	32.20	1.22	7.8	1.73	7.0	5.0	남서	231	3.4	1028.3	-	54	
2019-12-28 09:20:00	19.1	북북서	337	14.87	32.20	1.45	7.5	2.08	7.5	5.0	남서	228	3.2	1028.3	-	35	
2019-12-28 09:25:00	20.2	북북서	334	14.89	32.20	1.36	7.8	1.78	9.0	4.9	남서	228	3.3	1028.4	-	71	
2019-12-28 09:30:00	15.9	북북서	342	14.91	32.21	1.15	7.1	1.56	8.0	5.0	남서	230	3.4	1028.5	-	57	
2019-12-28 09:35:00	19.8	북북서	338	14.92	32.21	1.31	7.6	1.67	9.0	5.3	남서	221	3.5	1028.6	-	80	
2019-12-28 09:40:00	13.8	북북서	332	14.92	32.21	1.39	7.6	1.64	7.0	5.2	남서	233	3.7	1028.5	-	36	
2019-12-28 09:45:00	17.4	북북서	334	14.93	32.22	1.38	7.6	1.59	6.0	5.2	남서	231	3.7	1028.5	-	51	
2019-12-28 09:50:00	15.6	북북서	342	14.93	32.22	1.43	8.2	1.67	8.0	4.8	남서	235	3.9	1028.4	-	64	
2019-12-28 09:55:00	18.1	북북서	348	14.95	32.21	1.23	7.2	1.71	7.0	4.6	남서	235	4.0	1028.4	-	50	
2019-12-28 10:00:00	12.2	북북서	330	14.95	32.23	1.35	7.9	1.63	8.5	3.9	서남서	241	4.0	1028.3	-	76	
2019-12-28 10:05:00	14.7	북북서	342	14.93	32.22	1.28	8.8	1.71	7.5	3.5	서남서	238	4.1	1028.4	-	50	
2019-12-28 10:10:00	16.8	북	350	14.95	32.21	1.39	8.0	1.85	9.5	3.3	서남서	237	4.3	1028.4	-	52	
2019-12-28 10:15:00	9.7	북서	319	14.97	32.18	1.34	8.4	1.95	8.0	4.2	서남서	246	4.5	1028.3	-	51	
2019-12-28 10:20:00	15.9	북북서	338	14.97	32.22	1.16	7.7	1.72	8.5	3.7	남서	236	4.5	1028.4	-	35	
2019-12-28 10:25:00	9.7	북서	314	14.98	32.22	1.54	7.9	2.02	8.5	2.8	남서	236	4.7	1028.4	-	42	
2019-12-28 10:30:00	18.1	북북서	336	14.97	32.23	1.46	8.5	1.93	8.5	2.8	남서	232	4.9	1028.4	-	80	
2019-12-28 10:35:00	18.6	북	353	14.96	32.24	1.19	8.2	1.61	9.5	2.5	남남서	213	5.0	1028.4	-	85	
2019-12-28 10:40:00	14.5	북북서	348	14.97	32.20	1.76	8.5	2.18	8.5	2.1	남서	228	5.3	1028.4	-	41	
2019-12-28 10:45:00	13.2	북북서	331	14.95	32.20	1.18	7.7	1.55	6.5	1.8	남서	236	5.2	1028.4	-	56	
2019-12-28 10:50:00	16.9	북북서	338	14.96	32.22	1.25	8.0	1.48	7.5	1.7	남남서	211	5.4	1028.4	-	46	
2019-12-28 10:55:00	9.3	북북서	339	14.96	32.21	1.36	7.7	1.69	7.5	1.2	서남서	253	5.4	1028.3	-	45	
2019-12-28 11:00:00	12.3	북북서	337	14.93	32.20	1.52	8.1	1.94	7.5	1.0	남서	234	5.6	1028.3	-	52	
2019-12-28 11:05:00	16.9	북북서	339	14.97	32.22	1.21	7.6	1.53	8.0	0.6	남서	215	5.9	1028.3	-	49	
2019-12-28 11:10:00	13.1	북북서	341	15.00	32.22	1.06	7.4	1.56	7.0	1.1	남남서	194	6.0	1028.2	-	77	
2019-12-28 11:15:00	8.7	북북서	333	15.01	32.19	1.41	7.1	1.89	7.0	0.9	남	175	6.1	1028.1	-	53	
2019-12-28 11:20:00	14.5	북북서	345	15.02	32.20	1.23	7.5	1.74	8.5	1.2	남남서	196	6.3	1028.1	-	51	
2019-12-28 11:25:00	11.7	북북서	337	15.03	32.19	1.23	7.2	1.37	7.5	1.1	남	190	6.0	1028.0	-	75	
2019-12-28 11:30:00	15.7	북	351	15.04	32.21	1.22	8.0	1.71	7.5	0.8	서	272	6.3	1027.9	-	53	
2019-12-28 11:35:00	18.5	북북서	337	15.05	32.22	1.14	8.3	1.63	7.5	0.4	북서	323	6.5	1027.9	-	73	
2019-12-28 11:40:00	13.2	북북서	332	15.05	32.22	1.15	8.2	1.46	9.0	0.1	북북서	348	6.6	1027.8	-	32	
2019-12-28 11:45:00	9.1	북북서	348	15.05	32.22	1.40	8.1	1.63	8.0	1.0	북	11	6.7	1027.8	-	35	
2019-12-28 11:50:00	13.2	북	353	15.05	32.22	1.31	8.5	1.93	8.5	1.2	북북동	26	6.4	1027.7	-	74	
2019-12-28 11:55:00	13.0	북북서	335	15.05	32.22	1.57	7.9	1.88	8.5	1.1	북	6	6.3	1027.7	-	46	
2019-12-28 12:00:00	16.2	북북서	337	15.05	32.22	1.08	7.8	1.36	8.5	1.0	북북서	327	6.5	1027.7	-	13	
2019-12-28 12:05:00	13.2	북북서	344	15.04	32.23	1.33	8.0	1.75	8.5	0.6	북서	323	6.2	1027.7	-	47	
2019-12-28 12:10:00	19.2	북북서	330	15.04	32.25	1.20	8.8	1.39	8.5	0.9	북동	51	6.7	1027.6	-	64	
2019-12-28 12:15:00	21.0	북북서	341	15.08	32.24	1.20	7.9	1.87	7.5	0.6	북북동	27	6.6	1027.6	-	39	
2019-12-28 12:20:00	19.7	북북서	334	15.06	32.25	1.11	7.9	1.70	7.5	1.3	동	100	6.5	1027.5	-	72	
2019-12-28 12:25:00	16.7	북북서	345	15.08	32.23	1.31	8.0	1.73	7.5	1.3	동남동	105	6.4	1027.4	-	42	
2019-12-28 12:30:00	16.3	북	355	15.09	32.24	1.31	7.5	1.80	7.5	0.6	남동	142	6.7	1027.4	-	41	
2019-12-28 12:35:00	9.8	북북서	345	15.07	32.24	1.32	7.5	1.87	8.5	0.4	서북서	301	6.8	1027.3	-	40	
2019-12-28 12:40:00	19.3	북북서	346	15.08	32.24	1.29	7.6	1.73	7.0	0.7	동북동	78	7.1	1027.2	-	57	
2019-12-28 12:45:00	18.2	북북서	348	15.08	32.23	1.27	7.4	1.61	8.0	1.6	북동	50	6.9	1027.2	-	39	
2019-12-28 12:50:00	32.0	북	354	15.09	32.25	1.24	8.5	1.78	9.5	1.3	북동	56	6.9	1027.1	-	66	
2019-12-28 12:55:00	34.7	북북동	12	15.09	32.23	1.14	7.1	1.46	7.5	1.7	동북동	76	6.8	1027.1	-	48	
2019-12-28 13:00:00	22.5	북북서	341	15.10	32.24	1.10	7.5	1.39	7.0	1.9	동남동	103	6.9	1027.0	-	58	
2019-12-28 13:05:00	17.1	북서	321	15.10	32.22	1.22	8.1	1.57	7.0	1.9	동북동	67	6.8	1027.0	-	78	
2019-12-28 13:10:00	5.1	북북서	343	15.09	32.24	1.07	7.9	1.30	9.0	1.2	동남동	117	6.8	1027.0	-	51	
2019-12-28 13:15:00	7.2	북서	318	15.08	32.22	1.34	8.5	1.82	9.0	1.9	북동	43	6.6	1026.9	-	79	
2019-12-28 13:20:00	7.5	북북서	327	15.06	32.21	1.19	8.4	1.39	9.0	2.1	북동	51	6.9	1026.9	-	78	
2019-12-28 13:25:00	6.3	북서	317	15.06	32.22	1.05	7.3	1.28	6.5	2.1	동북동	68	6.8	1026.9	-	46	
2019-12-28 13:30:00	2.1	서남서	253	15.07	32.22	1.44	8.0	2.18	7.5	2.7	동북동	71	6.9	1026.8	-	38	
2019-12-28 13:35:00	6.6	서북서	290	15.07	32.22	1.03	7.5	1.15	10.0	2.6	동북동	57	6.8	1026.8	-	42	
2019-12-28 13:40:00	14.5	북서	318	15.07	32.22	1.09	8.4	1.52	8.5	2.5	동북동	72	7.1	1026.7	-	51	
2019-12-28 13:45:00	10.3	북북서	334	15.07	32.21	1.16	7.5	1.57	6.5	3.3	동	87	6.8	1026.7	-	78	
2019-12-28 13:50:00	-	-	-	-	-	0.00	0.0	0.00	0.0	4.1	동남동	123	7.0	1026.7	-	0	
2019-12-28 13:55:00	-	-	-	15.05	32.23	1.20	8.2	1.67	8.0	3.0	동남동	119	6.9	1026.7	-	69	
2019-12-28 14:00:00	-	-	-	15.05	32.22	1.26	7.2	1.71	7.5	2.6	동	99	7.0	1026.6	-	47	
2019-12-28 14:05:00	-	-	-	15.05	32.22	1.05	7.9	1.30	9.5	2.7	동	94	7.0	1026.6	-	78	
2019-12-28 14:10:00	-	-	-	15.05	32.22	1.13	7.8	1.29	6.5	2.6	동	101	7.2	1026.6	-	31	
2019-12-28 14:15:00	-	-	-	15.04	32.21	1.00	7.0	1.30	7.5	3.3	동	95	7.2	1026.7	-	79	
2019-12-28 14:20:00	-	-	-	15.03	32.21	1.02	7.4	1.45	7.0	2.7	동	97	7.1	1026.7	-	42	
2019-12-28 14:25:00	-	-	-	15.04	32.20	1.02	8.2	1.50	7.5	2.4	동남동	105	7.2	1026.7	-	58	
2019-12-28 14:30:00	-	-	-	15.05	32.20	1.25	7.5	1.66	7.0	2.3	동	87	7.3	1026.7	-	45	
2019-12-28 14:35:00	-	-	-	15.05	32.20	1.06	7.7	1.41	7.0	3.0	동	83	7.4	1026.7	-	41	
2019-12-28 14:40:00	-	-	-	15.05	32.22	1.24	7.9	1.58	8.0	3.1	동	86	7.4	1026.8	-	71	
2019-12-28 14:45:00	-	-	-	15.05	32.20	1.08	7.7	1.51	7.0	3.0	동북동	77	7.3	1026.8	-	36	
2019-12-28 14:50:00	-	-	-	15.05	32.21	1.10	8.4	1.54	7.0	2.4	동	98	7.3	1026.8	-	29	
2019-12-28 14:55:00	-	-	-	15.05	32.21	1.18	8.1	1.80	8.0	2.2	동	98	7.5	1026.9	-	81	
2019-12-28 15:00:00	-	-	-	15.05	32.19	0.96	7.4	1.30	7.5	2.9	동	97	7.4	1026.9	-	72	
2019-12-28 15:05:00	-	-	-	15.04	32.21	0.99	7.8	1.45	7.5	2.5	동남동	106	7.4	1026.9	-	82	
2019-12-28 15:10:00	-	-	-	15.04	32.20	1.02	7.7	1.51	7.0	2.1	동남동	108	7.4	1026.9	-	43	
2019-12-28 15:15:00	-	-	-	15.04	32.21	1.31	7.8	2.09	8.0	2.4	동	101	7.4	1027.0	-	50	
2019-12-28 15:20:00	-	-	-	15.04	32.20	0.97	7.6	1.32	6.5	2.2	동	89	7.5	1027.0	-	62	
2019-12-28 15:25:00	-	-	-	15.04	32.20	1.27	7.3	1.64	7.5	2.3	동남동	102	7.5	1027.0	-	66	
2019-12-28 15:30:00	-	-	-	15.04	32.21	0.96	8.0	1.32	8.5	2.9	남동	124	7.4	1027.1	-	62	
2019-12-28 15:35:00	-	-	-	15.03	32.20	1.14	7.4	1.61	7.5	2.6	남동	135	7.5	1027.2	-	40	
2019-12-28 15:40:00	-	-	-	15.03	32.17	1.20	8.0	1.73	8.0	1.7	동남동	109	7.5	1027.3	-	44	
2019-12-28 15:45:00	-	-	-	15.02	32.20	0.94	7.3	1.16	7.5	1.8	남동	132	7.7	1027.3	-	52	
2019-12-28 15:50:00	-	-	-	15.01	32.19	1.20	7.6	1.80	8.0	2.6	남남동	160	7.4	1027.3	-	50	
2019-12-28 15:55:00	-	-	-	15.02	32.20	0.93	7.9	1.15	9.0	2.0	동남동	114	7.6	1027.4	-	80	
2019-12-28 16:00:00	-	-	-	15.01	32.19	1.11	8.1	1.50	9.0	3.0	남동	128	7.5	1027.4	-	68	
2019-12-28 16:05:00	-	-	-	15.01	32.21	1.12	8.1	1.51	8.5	2.4	남동	130	7.4	1027.5	-	58	
2019-12-28 16:10:00	-	북북동	21	15.01	32.19	0.95	7.5	1.19	7.0	2.9	남남동	154	7.1	1027.6	-	71	
2019-12-28 16:15:00	5.5	서북서	300	15.00	32.18	1.14	7.7	1.63	7.5	2.0	남동	142	7.0	1027.6	-	66	
2019-12-28 16:20:00	8.4	서북서	294	15.00	32.21	1.06	8.1	1.52	8.0	1.8	남동	127	7.0	1027.6	-	60	
2019-12-28 16:25:00	6.7	북북서	341	15.01	32.20	0.96	8.0	1.34	8.5	2.2	남동	137	6.9	1027.6	-	80	
2019-12-28 16:30:00	24.7	서남서	247	15.02	32.20	0.99	7.9	1.38	7.5	1.8	동남동	114	7.1	1027.6	-	60	
2019-12-28 16:35:00	49.2	동	91	15.01	32.22	1.11	8.5	1.49	8.0	2.2	남동	131	7.1	1027.6	-	69	
2019-12-28 16:40:00	5.2	북서	310	15.01	32.19	0.89	7.1	1.57	7.5	3.0	남동	137	7.2	1027.5	-	59	
2019-12-28 16:45:00	5.1	북서	320	15.01	32.19	1.10	7.7	1.42	6.5	3.4	남동	137	7.2	1027.5	-	34	
2019-12-28 16:50:00	6.2	북서	311	15.01	32.19	1.11	8.0	1.39	7.0	3.9	남동	135	7.3	1027.6	-	65	
2019-12-28 16:55:00	6.3	북서	304	15.01	32.20	1.06	7.6	1.43	8.5	4.1	남동	137	7.3	1027.5	-	59	
2019-12-28 17:00:00	8.1	북북서	330	15.01	32.20	0.97	7.7	1.26	7.0	3.2	남동	139	7.3	1027.6	-	34	
2019-12-28 17:05:00	9.9	북북서	347	15.00	32.19	1.00	8.3	1.36	8.0	4.7	남남동	162	7.4	1027.6	-	74	
2019-12-28 17:10:00	9.3	서북서	298	15.00	32.21	0.87	7.4	1.27	6.0	4.9	남	176	7.4	1027.7	-	67	
2019-12-28 17:15:00	8.7	북북서	341	15.00	32.20	0.88	8.0	1.10	7.5	4.6	남	175	7.4	1027.7	-	64	
2019-12-28 17:20:00	8.7	북북서	337	14.99	32.20	0.86	7.5	1.16	7.5	4.4	남	170	7.3	1027.7	-	85	
2019-12-28 17:25:00	5.7	북서	307	14.99	32.19	1.03	8.0	1.23	7.5	4.9	남남동	168	7.3	1027.7	-	72	
2019-12-28 17:30:00	9.8	북서	310	14.99	32.19	0.88	8.2	1.29	8.5	5.1	남남동	165	7.3	1027.7	-	80	
2019-12-28 17:35:00	8.4	북북서	331	14.99	32.19	0.97	8.3	1.18	7.5	5.0	남	175	7.2	1027.7	-	57	
2019-12-28 17:40:00	6.0	서북서	294	14.99	32.20	0.86	7.4	1.15	8.0	4.6	남	177	7.2	1027.8	-	91	
2019-12-28 17:45:00	9.6	북서	316	14.98	32.20	1.02	7.6	1.40	7.0	4.3	남	182	7.0	1027.8	-	77	
2019-12-28 17:50:00	8.7	북서	307	14.98	32.20	0.86	8.0	1.13	8.5	4.2	남	191	7.0	1027.8	-	52	
2019-12-28 17:55:00	9.1	북북서	327	14.98	32.19	0.83	7.7	1.05	7.0	4.0	남	191	6.8	1027.8	-	51	
2019-12-28 18:00:00	8.6	북서	317	14.96	32.21	0.91	7.4	1.34	7.5	3.7	남남서	195	6.8	1027.8	-	50	
2019-12-28 18:05:00	7.0	북서	315	14.97	32.19	0.84	7.7	1.02	8.5	4.0	남남서	193	6.7	1028.0	-	65	
2019-12-28 18:10:00	8.9	서북서	303	14.96	32.20	0.85	7.3	1.54	7.0	4.1	남남서	195	6.7	1028.0	-	64	
2019-12-28 18:15:00	6.4	북서	309	14.96	32.20	0.91	7.9	1.15	7.5	4.0	남남서	192	6.6	1028.0	-	87	
2019-12-28 18:20:00	8.3	북서	312	14.95	32.20	0.91	8.4	1.25	8.5	3.7	남남서	196	6.7	1027.9	-	87	
2019-12-28 18:25:00	9.3	북서	311	14.96	32.20	1.08	8.1	1.24	6.5	3.5	남남서	206	6.4	1028.0	-	92	
2019-12-28 18:30:00	7.3	북서	312	14.95	32.21	0.74	8.2	1.02	8.0	3.2	남서	219	6.3	1028.1	-	70	
2019-12-28 18:35:00	6.7	북서	313	14.94	32.21	0.99	7.9	1.64	7.5	2.9	남서	219	6.2	1028.1	-	76	
2019-12-28 18:40:00	8.1	북서	319	14.94	32.20	0.94	8.5	1.23	7.5	2.7	남서	227	6.2	1028.1	-	90	
2019-12-28 18:45:00	9.7	북서	317	14.92	32.21	0.81	8.4	1.06	6.5	2.9	남서	214	6.2	1028.1	-	84	
2019-12-28 18:50:00	9.3	북서	318	14.92	32.21	0.86	7.4	1.26	7.5	2.9	남서	217	5.8	1028.0	-	49	
2019-12-28 18:55:00	8.8	북서	315	14.91	32.20	1.09	7.9	1.34	7.0	3.2	남서	224	5.7	1028.0	-	87	
2019-12-28 19:00:00	10.5	북서	317	14.91	32.21	0.95	8.1	1.22	8.0	3.9	남서	223	5.7	1028.0	-	81	
2019-12-28 19:05:00	7.3	북서	308	14.91	32.20	0.88	7.7	1.18	8.0	4.5	남서	214	5.6	1028.0	-	91	
2019-12-28 19:10:00	8.0	북서	311	14.90	32.22	0.84	7.6	1.24	7.0	4.5	남서	217	5.6	1028.0	-	34	
2019-12-28 19:15:00	7.9	북서	323	14.88	32.20	0.89	7.3	1.23	7.0	4.1	남서	222	5.5	1028.2	-	62	
2019-12-28 19:20:00	10.7	북서	325	14.88	32.22	0.74	7.3	0.92	7.5	3.3	남서	228	5.4	1028.2	-	52	
2019-12-28 19:25:00	8.2	북서	326	14.88	32.20	0.92	8.0	1.18	7.0	3.0	남서	222	5.3	1028.2	-	13	
2019-12-28 19:30:00	9.3	북서	321	14.87	32.20	0.90	7.4	1.64	7.0	3.5	남서	229	5.4	1028.2	-	84	
2019-12-28 19:35:00	9.3	북서	317	14.86	32.21	0.97	8.0	1.30	7.5	3.3	남서	226	5.1	1028.2	-	58	
2019-12-28 19:40:00	9.7	북서	317	14.85	32.21	0.80	7.6	1.07	8.0	3.5	남서	217	5.1	1028.3	-	50	
2019-12-28 19:45:00	8.2	북서	318	14.85	32.22	0.82	7.3	1.17	7.5	4.0	남남서	213	5.0	1028.3	-	70	
2019-12-28 19:50:00	9.7	북서	310	14.84	32.21	0.67	7.6	0.92	7.5	3.7	남남서	205	4.8	1028.3	-	88	
2019-12-28 19:55:00	9.1	북서	316	14.82	32.21	0.71	7.5	0.94	7.5	3.1	남	191	4.6	1028.3	-	39	
2019-12-28 20:00:00	7.2	북서	317	14.82	32.18	0.87	7.7	1.18	7.5	2.5	남남서	192	4.4	1028.4	-	40	
2019-12-28 20:05:00	8.1	북서	318	14.80	32.18	0.91	8.7	1.69	7.5	2.0	남남서	206	4.5	1028.3	-	83	
2019-12-28 20:10:00	5.5	북북서	331	14.79	32.21	0.74	7.1	0.99	8.5	2.2	남서	215	4.6	1028.4	-	84	
2019-12-28 20:15:00	7.7	북서	306	14.78	32.19	0.88	7.9	1.17	7.5	2.2	남서	222	4.7	1028.3	-	78	
2019-12-28 20:20:00	6.6	북북서	335	14.77	32.21	0.81	7.7	1.10	8.0	2.3	남서	219	4.7	1028.3	-	66	
2019-12-28 20:25:00	8.2	북서	322	14.78	32.22	0.71	7.7	1.02	7.5	2.4	남남서	210	4.8	1028.2	-	65	
2019-12-28 20:30:00	4.8	북서	324	14.79	32.19	0.86	7.3	1.15	7.5	1.9	남서	217	4.7	1028.2	-	64	
2019-12-28 20:35:00	8.1	북서	313	14.78	32.20	0.87	7.3	1.24	7.0	1.9	남서	222	4.6	1028.3	-	41	
2019-12-28 20:40:00	8.1	북북서	339	14.76	32.22	0.80	6.8	1.13	7.5	2.5	남서	219	4.8	1028.2	-	64	
2019-12-28 20:45:00	5.9	북서	318	14.77	32.22	0.79	7.7	1.25	8.0	2.5	남남서	207	4.8	1028.2	-	58	
2019-12-28 20:50:00	5.0	북서	321	14.77	32.21	0.79	7.3	0.96	7.0	3.2	남남서	209	4.9	1028.2	-	47	
2019-12-28 20:55:00	7.6	북서	309	14.78	32.21	0.76	7.3	0.83	8.0	3.9	남서	215	4.6	1028.3	-	26	
2019-12-28 21:00:00	8.1	북서	309	14.76	32.22	0.76	7.9	1.15	7.5	4.1	남서	215	4.3	1028.3	-	75	
2019-12-28 21:05:00	9.7	북서	311	14.76	32.19	0.81	7.7	0.93	7.0	4.1	남서	227	4.4	1028.3	-	67	
2019-12-28 21:10:00	8.9	북서	307	14.75	32.22	0.87	7.8	1.37	8.5	4.9	서남서	240	4.8	1028.3	-	48	
2019-12-28 21:15:00	8.5	북서	307	14.76	32.21	0.83	7.5	1.04	9.0	4.9	서남서	248	5.0	1028.4	-	83	
2019-12-28 21:20:00	9.6	북서	311	14.75	32.22	0.71	7.3	0.93	9.5	5.3	서남서	245	4.8	1028.4	-	40	
2019-12-28 21:25:00	9.5	북서	325	14.76	32.21	0.76	7.8	1.04	7.0	5.7	서남서	238	5.2	1028.5	-	75	
2019-12-28 21:30:00	9.8	북서	312	14.76	32.24	0.84	8.0	1.20	6.5	5.5	남서	234	5.4	1028.5	-	72	
2019-12-28 21:35:00	9.3	서북서	302	14.77	32.21	0.67	7.6	0.75	9.5	5.3	남서	233	5.3	1028.6	-	90	
2019-12-28 21:40:00	8.8	북서	305	14.76	32.22	0.69	8.6	0.96	7.5	5.2	남서	235	5.3	1028.6	-	73	
2019-12-28 21:45:00	10.9	북서	315	14.77	32.21	0.78	7.2	1.00	7.0	4.9	남서	232	5.5	1028.7	-	84	
2019-12-28 21:50:00	8.2	북서	321	14.77	32.22	0.82	8.1	1.07	7.5	5.1	남서	235	5.6	1028.8	-	102	
2019-12-28 21:55:00	7.0	북서	312	14.76	32.21	0.76	8.5	1.02	7.5	5.1	서남서	237	5.6	1028.8	-	68	
2019-12-28 22:00:00	10.5	북서	307	14.76	32.22	0.81	8.1	1.22	8.5	5.2	서남서	244	5.4	1028.9	-	97	
2019-12-28 22:05:00	6.8	서북서	287	14.78	32.22	0.69	7.6	1.02	7.0	5.1	서남서	240	5.4	1029.0	-	47	
2019-12-28 22:10:00	8.3	북서	305	14.78	32.21	0.77	7.3	0.96	7.0	5.0	서남서	240	5.5	1029.0	-	73	
2019-12-28 22:15:00	8.0	북서	308	14.78	32.22	0.67	7.2	0.76	7.0	4.9	남서	234	5.9	1029.2	-	40	
2019-12-28 22:20:00	5.7	북서	317	14.76	32.19	0.78	7.4	1.01	7.5	5.3	서남서	239	5.7	1029.3	-	67	
2019-12-28 22:25:00	4.3	북서	314	14.77	32.18	0.84	7.7	1.09	6.5	5.2	남서	232	5.8	1029.2	-	55	
2019-12-28 22:30:00	10.5	서북서	302	14.78	32.19	0.76	7.8	0.91	7.0	5.1	남서	227	5.9	1029.1	-	74	
2019-12-28 22:35:00	7.3	서북서	292	14.78	32.20	0.74	7.8	0.89	7.5	4.8	남서	227	5.8	1029.2	-	75	
2019-12-28 22:40:00	9.0	서북서	284	14.77	32.22	0.72	8.0	0.85	8.0	4.9	서남서	243	5.9	1029.3	-	98	
2019-12-28 22:45:00	6.0	서북서	294	14.77	32.20	0.90	7.6	1.25	8.0	5.2	남서	236	6.0	1029.2	-	85	
2019-12-28 22:50:00	9.5	서북서	286	14.76	32.22	0.69	7.5	0.84	6.5	5.6	남서	225	6.0	1029.1	-	89	
2019-12-28 22:55:00	7.0	서	277	14.77	32.21	0.82	7.9	0.96	9.0	5.6	남서	227	6.0	1029.1	-	77	
2019-12-28 23:00:00	6.9	북서	311	14.75	32.22	0.74	8.0	1.11	8.0	5.3	남서	226	6.0	1029.1	-	72	
2019-12-28 23:05:00	9.9	북서	304	14.76	32.22	0.74	7.8	0.88	8.0	5.0	남서	235	6.2	1029.1	-	67	
2019-12-28 23:10:00	9.0	서북서	300	14.74	32.21	0.64	7.8	0.94	8.5	4.6	남서	232	6.2	1029.1	-	88	
2019-12-28 23:15:00	8.6	서북서	299	14.75	32.23	0.90	8.2	1.17	7.5	4.7	남서	231	6.4	1029.1	-	91	
2019-12-28 23:20:00	7.1	서북서	303	14.75	32.21	0.76	7.6	0.87	7.0	4.8	남서	225	6.3	1029.0	-	66	
2019-12-28 23:25:00	12.4	서북서	294	14.74	32.20	0.77	8.1	1.16	8.5	4.2	남서	224	6.2	1029.0	-	85	
2019-12-28 23:30:00	10.8	서북서	302	14.73	32.20	0.63	7.4	0.74	6.5	4.4	남서	227	6.2	1028.9	-	67	
2019-12-28 23:35:00	12.1	서북서	292	14.73	32.19	0.61	7.4	0.95	8.0	4.4	남서	228	6.1	1028.9	-	54	
2019-12-28 23:40:00	18.6	서	278	14.89	32.23	0.70	7.5	0.92	6.5	4.5	남서	218	6.1	1028.8	-	71	
2019-12-28 23:45:00	16.4	서북서	288	14.91	32.21	0.76	7.3	1.11	7.0	4.7	남서	225	6.1	1028.7	-	81	
2019-12-28 23:50:00	18.0	서	281	14.91	32.20	0.76	8.5	1.02	8.0	4.7	남서	234	6.2	1028.8	-	71	
2019-12-28 23:55:00	18.4	서북서	285	14.91	32.20	0.74	7.7	0.96	8.0	4.6	서남서	237	6.3	1028.7	-	57	
2019-12-29 00:00:00	19.6	서북서	287	14.91	32.20	0.77	7.5	1.04	6.5	4.7	남서	236	6.4	1028.7	-	30	
2019-12-29 00:05:00	18.2	서	281	14.91	32.19	0.61	7.6	0.76	6.5	4.8	남서	230	6.5	1028.6	-	81	
2019-12-29 00:10:00	19.3	서북서	283	14.91	32.20	0.63	7.4	0.80	6.5	4.4	남서	231	6.5	1028.6	-	81	
2019-12-29 00:15:00	20.0	서북서	284	14.91	32.21	0.55	7.6	0.75	7.0	4.1	남서	231	6.5	1028.7	-	86	
2019-12-29 00:20:00	19.5	서	277	14.91	32.19	0.60	8.3	1.06	7.5	3.9	서남서	238	6.6	1028.6	-	65	
2019-12-29 00:25:00	20.5	서북서	285	14.91	32.19	0.69	7.6	1.01	8.0	4.1	서남서	238	6.5	1028.5	-	76	
2019-12-29 00:30:00	20.4	서북서	283	14.91	32.18	0.72	7.7	0.85	8.0	3.9	남서	232	6.4	1028.4	-	35	
2019-12-29 00:35:00	20.6	서북서	282	14.91	32.20	0.67	7.8	0.85	8.0	3.8	남서	233	6.5	1028.3	-	60	
2019-12-29 00:40:00	20.0	서	278	14.91	32.19	0.78	7.8	1.21	8.0	4.1	남서	234	6.4	1028.3	-	88	
2019-12-29 00:45:00	18.4	서북서	283	14.90	32.20	0.78	7.7	1.27	7.5	4.5	서남서	243	6.4	1028.4	-	71	
2019-12-29 00:50:00	20.3	서	279	14.89	32.19	0.66	7.6	0.97	7.5	4.4	서남서	237	6.3	1028.3	-	94	
2019-12-29 00:55:00	20.0	서북서	286	14.88	32.20	0.75	7.9	0.91	7.0	4.5	남서	231	6.3	1028.3	-	65	
2019-12-29 01:00:00	21.3	서북서	283	14.88	32.20	0.61	7.1	0.91	7.5	4.1	남서	234	6.3	1028.3	-	66	
2019-12-29 01:05:00	19.4	서	281	14.88	32.18	0.79	7.9	1.03	7.0	4.2	남서	232	6.3	1028.4	-	68	
2019-12-29 01:10:00	22.2	서북서	289	14.87	32.18	0.66	7.4	0.83	6.5	4.5	남서	235	6.3	1028.3	-	72	
2019-12-29 01:15:00	20.7	서	279	14.87	32.17	0.62	7.8	0.79	7.0	4.7	남서	229	6.2	1028.3	-	54	
2019-12-29 01:20:00	21.3	서	279	14.87	32.15	0.73	7.3	0.94	7.5	4.9	남서	229	6.1	1028.3	-	97	
2019-12-29 01:25:00	21.0	서	281	14.86	32.16	0.57	8.1	0.85	8.5	5.2	남서	230	6.0	1028.3	-	66	
2019-12-29 01:30:00	20.1	서북서	287	14.81	32.14	0.70	7.6	0.87	7.5	5.1	남서	224	5.9	1028.4	-	56	
2019-12-29 01:35:00	23.2	서북서	286	14.78	32.18	0.74	7.9	1.07	7.5	4.7	남서	230	6.0	1028.5	-	92	
2019-12-29 01:40:00	18.0	서북서	286	14.78	32.19	0.74	7.6	0.88	8.5	4.8	서남서	239	6.0	1028.5	-	102	
2019-12-29 01:45:00	19.2	서북서	282	14.70	32.12	0.59	7.5	0.75	7.0	4.9	남서	235	6.1	1028.4	-	58	
2019-12-29 01:50:00	16.9	서북서	294	14.55	32.25	0.81	8.0	1.12	8.0	5.0	서남서	237	6.0	1028.4	-	72	
2019-12-29 01:55:00	16.4	서북서	288	14.61	32.09	0.70	7.7	0.84	8.5	4.6	남서	230	6.0	1028.4	-	78	
2019-12-29 02:00:00	16.8	서북서	285	14.54	32.15	0.62	7.2	0.80	7.5	4.5	남서	232	6.0	1028.4	-	70	
2019-12-29 02:05:00	16.7	서북서	291	14.49	32.14	0.61	7.6	0.84	7.5	4.5	남서	227	5.9	1028.4	-	78	
2019-12-29 02:10:00	13.5	서북서	294	14.48	32.17	0.61	7.8	1.04	7.5	4.5	남서	230	5.8	1028.4	-	92	
2019-12-29 02:15:00	14.5	서북서	287	14.48	32.16	0.64	7.0	1.18	6.5	4.6	남서	228	5.9	1028.5	-	57	
2019-12-29 02:20:00	16.5	서북서	295	14.48	32.16	0.54	8.0	0.73	7.5	4.6	남서	223	5.7	1028.5	-	81	
2019-12-29 02:25:00	15.7	서	280	14.50	32.20	0.67	7.4	0.92	8.0	4.9	남서	227	5.7	1028.6	-	74	
2019-12-29 02:30:00	15.7	서북서	284	14.49	32.15	0.72	7.7	0.82	8.0	5.3	남서	234	5.8	1028.6	-	79	
2019-12-29 02:35:00	13.9	서북서	290	14.42	32.13	0.63	8.4	0.95	7.0	5.7	남서	228	5.6	1028.6	-	85	
2019-12-29 02:40:00	18.2	서북서	286	14.41	32.16	0.64	7.9	0.89	7.0	5.4	남서	236	5.8	1028.6	-	92	
2019-12-29 02:45:00	16.6	서북서	291	14.40	32.15	0.67	7.4	1.28	7.5	5.5	남서	230	5.8	1028.6	-	72	
2019-12-29 02:50:00	16.6	서	279	14.40	32.16	0.57	7.5	0.70	8.5	5.7	남서	231	5.7	1028.4	-	81	
2019-12-29 02:55:00	12.8	서북서	291	14.31	32.13	0.54	7.2	0.76	7.0	5.8	남서	233	5.7	1028.4	-	105	
2019-12-29 03:00:00	9.7	서북서	286	14.24	32.16	0.65	7.3	0.89	7.0	6.0	남서	231	5.6	1028.4	-	52	
2019-12-29 03:05:00	8.1	북서	325	14.20	32.17	0.71	7.8	0.89	7.5	5.4	남서	231	5.7	1028.3	-	89	
2019-12-29 03:10:00	9.2	북북서	339	14.21	32.18	0.63	7.7	0.72	8.5	5.8	남서	229	5.6	1028.2	-	92	
2019-12-29 03:15:00	6.7	북서	305	14.20	32.20	0.69	7.1	0.91	7.0	5.4	남서	228	5.5	1028.2	-	83	
2019-12-29 03:20:00	7.2	북서	323	14.20	32.19	0.68	7.5	1.01	7.0	5.1	남서	234	5.5	1028.3	-	92	
2019-12-29 03:25:00	11.1	북북서	342	14.20	32.18	0.61	7.9	0.85	7.5	4.6	남서	225	5.7	1028.3	-	84	
2019-12-29 03:30:00	7.6	북서	326	14.21	32.20	0.69	7.6	0.85	7.5	4.2	남서	227	5.5	1028.3	-	83	
2019-12-29 03:35:00	9.6	북북서	327	14.21	32.19	0.67	7.2	0.89	7.0	4.0	남서	228	5.4	1028.3	-	83	
2019-12-29 03:40:00	8.5	북북서	342	14.21	32.18	0.60	7.7	0.82	8.0	4.2	남서	226	5.5	1028.2	-	88	
2019-12-29 03:45:00	10.8	북북서	329	14.22	32.18	0.65	7.9	1.01	7.5	4.4	남서	229	5.5	1028.1	-	77	
2019-12-29 03:50:00	6.8	북북서	328	14.21	32.15	0.61	7.5	0.98	7.5	4.7	남서	231	5.5	1028.1	-	65	
2019-12-29 03:55:00	8.6	북북서	348	14.19	32.18	0.58	7.3	0.81	8.0	4.6	남서	230	5.6	1028.0	-	95	
2019-12-29 04:00:00	9.8	북서	324	14.19	32.16	0.63	7.5	0.85	6.5	4.3	남서	230	5.5	1027.8	-	90	
2019-12-29 04:05:00	9.2	북북서	328	14.20	32.16	0.54	7.7	0.76	8.0	4.5	남서	232	5.5	1027.7	-	76	
2019-12-29 04:10:00	8.4	북서	309	14.20	32.20	0.69	8.0	1.17	8.5	4.4	남서	233	5.4	1027.7	-	78	
2019-12-29 04:15:00	6.5	북	5	14.21	32.13	0.51	7.8	0.68	7.5	4.5	서남서	237	5.5	1027.7	-	60	
2019-12-29 04:20:00	15.3	북북서	333	14.29	32.26	0.61	7.2	0.79	7.0	4.7	서남서	241	5.6	1027.7	-	79	
2019-12-29 04:25:00	13.6	북북서	331	14.32	32.19	0.66	7.7	0.94	8.5	4.9	서남서	242	5.4	1027.7	-	86	
2019-12-29 04:30:00	13.7	북북서	335	14.31	32.22	0.67	7.7	0.91	9.5	5.0	서남서	241	5.4	1027.6	-	82	
2019-12-29 04:35:00	14.0	북북서	329	14.29	32.16	0.63	7.3	0.79	7.0	5.1	서남서	237	5.3	1027.5	-	71	
2019-12-29 04:40:00	11.2	북	1	14.20	32.16	0.69	7.6	1.15	8.0	5.3	남서	233	5.4	1027.5	-	87	
2019-12-29 04:45:00	9.9	북	355	14.19	32.16	0.52	7.9	0.59	7.5	5.2	남서	230	5.2	1027.4	-	33	
2019-12-29 04:50:00	10.0	북	0	14.18	32.18	0.63	8.0	0.79	8.0	4.9	남서	235	5.4	1027.4	-	78	
2019-12-29 04:55:00	7.2	북	355	14.20	32.18	0.77	7.9	1.20	8.0	4.9	서남서	242	5.4	1027.3	-	80	
2019-12-29 05:00:00	6.3	북북서	334	14.20	32.16	0.69	7.3	0.86	7.5	4.9	남서	231	5.3	1027.2	-	46	
2019-12-29 05:05:00	7.1	북	2	14.19	32.18	0.73	7.2	0.98	6.5	5.0	서남서	237	5.6	1027.1	-	79	
2019-12-29 05:10:00	4.9	북북서	332	14.19	32.18	0.74	7.3	0.91	6.5	5.3	서남서	237	5.6	1027.1	-	75	
2019-12-29 05:15:00	7.9	북북동	13	14.19	32.17	0.71	8.1	1.20	7.5	5.4	서남서	246	5.5	1027.1	-	81	
2019-12-29 05:20:00	12.7	북북동	19	14.20	32.19	0.82	7.7	1.09	9.0	5.6	서남서	242	5.2	1027.1	-	68	
2019-12-29 05:25:00	7.2	북북동	12	14.20	32.20	0.56	7.3	0.70	7.5	5.3	서남서	241	5.3	1027.2	-	94	
2019-12-29 05:30:00	8.4	북북동	25	14.22	32.20	0.58	7.6	0.75	6.0	5.5	서남서	238	5.6	1027.2	-	90	
2019-12-29 05:35:00	9.4	북	9	14.22	32.21	0.46	6.9	0.59	6.0	5.7	남서	232	5.6	1027.2	-	28	
2019-12-29 05:40:00	11.7	북북동	24	14.24	32.21	0.51	6.9	0.60	6.5	5.7	남서	228	5.5	1027.1	-	81	
2019-12-29 05:45:00	19.8	북북서	346	14.45	32.26	0.62	7.3	0.91	6.5	5.7	남서	226	5.5	1027.1	-	68	
2019-12-29 05:50:00	21.3	북	355	14.49	32.23	0.57	7.5	0.70	7.5	5.9	남서	228	5.3	1027.1	-	73	
2019-12-29 05:55:00	22.7	북북서	343	14.53	32.20	0.58	6.8	0.85	6.0	5.7	남서	227	5.3	1027.1	-	103	
2019-12-29 06:00:00	21.3	북	349	14.53	32.21	0.56	7.2	0.80	7.0	5.2	남서	228	5.4	1027.0	-	81	
2019-12-29 06:05:00	20.9	북북서	349	14.54	32.21	0.64	7.6	0.90	7.5	4.6	남서	236	5.5	1027.0	-	58	
2019-12-29 06:10:00	19.0	북	349	14.54	32.22	0.59	7.2	0.80	7.0	5.0	남서	234	5.5	1026.9	-	82	
2019-12-29 06:15:00	21.1	북	350	14.54	32.19	0.58	7.7	0.93	7.0	5.8	남서	228	5.3	1026.9	-	43	
2019-12-29 06:20:00	15.7	북	352	14.54	32.23	0.69	7.7	0.90	8.5	5.4	남서	227	5.2	1027.0	-	67	
2019-12-29 06:25:00	19.8	북북서	340	14.56	32.21	0.72	7.5	0.87	7.0	4.8	남서	225	5.1	1027.1	-	84	
2019-12-29 06:30:00	15.9	북	353	14.55	32.20	0.74	7.6	1.14	7.0	4.5	남서	223	5.0	1027.1	-	85	
2019-12-29 06:35:00	16.7	북북서	346	14.55	32.20	0.63	7.7	0.84	9.5	5.0	남서	226	5.1	1027.2	-	72	
2019-12-29 06:40:00	16.7	북북서	349	14.56	32.21	0.68	7.7	0.80	8.0	5.2	남서	229	5.2	1027.3	-	88	
2019-12-29 06:45:00	16.7	북북서	342	14.55	32.19	0.68	7.5	0.98	7.0	5.4	남서	230	5.1	1027.3	-	90	
2019-12-29 06:50:00	17.6	북	350	14.54	32.21	0.62	7.6	0.83	6.0	5.5	남서	228	5.3	1027.3	-	62	
2019-12-29 06:55:00	17.4	북	358	14.53	32.20	0.65	7.6	1.00	7.5	5.2	남서	223	5.3	1027.2	-	77	
2019-12-29 07:00:00	17.4	북북서	342	14.54	32.20	0.68	7.9	1.02	7.5	4.5	남서	222	5.2	1027.1	-	99	
2019-12-29 07:05:00	16.2	북	352	14.54	32.18	0.69	7.7	0.84	8.0	4.7	남서	228	5.2	1027.2	-	78	
2019-12-29 07:10:00	14.9	북	357	14.53	32.20	0.67	7.3	0.97	7.0	4.9	남서	232	5.2	1027.2	-	66	
2019-12-29 07:15:00	15.5	북	358	14.53	32.20	0.67	7.3	0.95	8.0	5.6	남서	233	5.2	1027.2	-	87	
2019-12-29 07:20:00	17.3	북북서	340	14.55	32.19	0.55	7.3	0.76	7.5	5.2	남서	229	5.6	1027.3	-	100	
2019-12-29 07:25:00	15.2	북	356	14.54	32.21	0.68	7.3	0.87	8.0	5.4	남서	227	5.5	1027.3	-	80	
2019-12-29 07:30:00	14.1	북	353	14.55	32.19	0.58	7.5	0.80	8.5	5.7	남서	228	5.2	1027.4	-	70	
2019-12-29 07:35:00	14.5	북	351	14.55	32.19	0.53	7.1	0.76	9.0	5.1	남서	228	5.2	1027.3	-	81	
2019-12-29 07:40:00	17.7	북북서	346	14.54	32.19	0.64	8.0	0.77	7.5	5.0	남서	228	5.3	1027.3	-	86	
2019-12-29 07:45:00	13.7	북	349	14.55	32.20	0.68	7.6	0.79	6.5	4.9	서남서	238	5.6	1027.3	-	83	
2019-12-29 07:50:00	16.3	북	351	14.55	32.20	0.66	7.3	0.91	8.0	5.0	남서	230	5.5	1027.2	-	128	
2019-12-29 07:55:00	12.9	북	349	14.55	32.18	0.61	7.0	0.88	6.0	4.6	남서	233	5.7	1027.2	-	71	
2019-12-29 08:00:00	15.4	북북서	343	14.54	32.17	0.63	7.7	0.98	7.0	4.5	남서	227	5.6	1027.2	-	87	
2019-12-29 08:05:00	14.4	북북서	344	14.53	32.18	0.53	8.0	0.91	6.0	5.0	남서	222	5.5	1027.1	-	73	
2019-12-29 08:10:00	14.6	북북서	348	14.52	32.16	0.58	7.5	0.83	6.0	5.1	남서	231	5.4	1027.1	-	74	
2019-12-29 08:15:00	12.3	북북서	343	14.51	32.15	0.60	7.2	0.77	7.0	5.0	남서	235	5.7	1027.2	-	67	
2019-12-29 08:20:00	12.6	북북서	342	14.51	32.16	0.72	8.0	0.99	8.0	4.9	남서	233	5.7	1027.2	-	76	
2019-12-29 08:25:00	15.4	북북서	345	14.50	32.17	0.72	7.9	0.89	8.5	5.1	남서	228	5.6	1027.2	-	90	
2019-12-29 08:30:00	13.2	북북서	342	14.50	32.17	0.64	7.2	1.03	7.5	5.0	남서	227	5.5	1027.3	-	75	
2019-12-29 08:35:00	15.4	북북서	342	14.50	32.16	0.58	7.6	1.02	7.5	4.8	남서	228	5.7	1027.3	-	85	
2019-12-29 08:40:00	12.5	북북서	343	14.49	32.17	0.78	7.7	1.15	7.0	5.0	남서	231	5.8	1027.4	-	70	
2019-12-29 08:45:00	14.4	북북서	338	14.49	32.16	0.67	7.6	1.04	7.5	5.0	남서	232	6.1	1027.5	-	78	
2019-12-29 08:50:00	13.6	북북서	336	14.48	32.17	0.59	7.5	0.73	9.0	5.3	서남서	241	6.1	1027.6	-	76	
2019-12-29 08:55:00	14.3	북북서	341	14.47	32.12	0.64	6.9	0.79	7.5	5.4	서남서	242	5.9	1027.6	-	73	
2019-12-29 09:00:00	-	-	-	-	-	-	-	-	-	-	-	-	-	-	-	-	
2019-12-29 09:05:00	16.4	북북서	344	14.49	32.14	0.31	5.8	0.63	5.8	4.5	남서	234	6.6	1027.8	-	95	
2019-12-29 09:10:00	16.9	북북서	345	14.48	32.15	0.74	7.6	1.01	7.5	5.0	남서	234	6.6	1027.8	-	78	
2019-12-29 09:15:00	13.9	북북서	348	14.47	32.15	0.62	7.7	1.03	7.0	4.9	남서	233	6.6	1027.8	-	98	
2019-12-29 09:20:00	15.3	북	353	14.47	32.14	0.52	7.5	0.68	8.0	4.8	남서	230	6.4	1027.7	-	65	
2019-12-29 09:25:00	12.6	북북서	342	14.48	32.14	0.69	8.0	1.05	6.5	4.9	남서	230	6.4	1027.6	-	73	
2019-12-29 09:30:00	15.3	북북서	348	14.47	32.16	0.65	7.7	0.81	7.0	4.8	남서	228	6.4	1027.6	-	66	
2019-12-29 09:35:00	14.8	북	356	14.47	32.14	0.64	7.5	0.91	7.5	4.4	남서	224	6.5	1027.6	-	92	
2019-12-29 09:40:00	14.9	북북서	342	14.47	32.16	0.56	7.5	0.78	6.5	4.0	남서	217	6.6	1027.6	-	72	
2019-12-29 09:45:00	13.4	북	350	14.47	32.15	0.63	7.2	1.27	7.0	4.0	남서	225	6.5	1027.6	-	78	
2019-12-29 09:50:00	13.7	북	352	14.47	32.14	0.55	8.0	0.74	7.0	3.8	남서	224	6.6	1027.6	-	75	
2019-12-29 09:55:00	13.3	북북서	343	14.48	32.15	0.57	7.0	0.86	8.5	3.8	남서	222	6.7	1027.6	-	75	
2019-12-29 10:00:00	12.7	북북서	343	14.47	32.12	0.57	8.3	0.92	7.0	3.7	남서	226	7.1	1027.7	-	96	
2019-12-29 10:05:00	13.8	북북서	342	14.48	32.14	0.61	8.0	0.80	8.5	3.5	남서	220	7.3	1027.8	-	68	
2019-12-29 10:10:00	13.5	북	354	14.48	32.14	0.73	7.0	1.03	7.0	3.7	남서	224	7.2	1027.8	-	83	
2019-12-29 10:15:00	11.0	북	349	14.48	32.15	0.44	6.4	0.63	6.5	3.6	남서	222	7.2	1027.8	-	84	
2019-12-29 10:20:00	13.8	북북서	346	14.47	32.13	0.54	7.3	0.66	8.0	3.1	남서	224	7.2	1027.7	-	84	
2019-12-29 10:25:00	14.6	북	350	14.47	32.13	0.53	7.0	0.68	8.0	2.4	남남서	210	7.4	1027.8	-	73	
2019-12-29 10:30:00	15.1	북북서	345	14.48	32.14	0.59	8.0	0.88	9.0	2.1	남남서	210	7.7	1027.6	-	73	
2019-12-29 10:35:00	14.8	북북서	347	14.48	32.12	0.46	7.0	0.63	7.5	2.4	남남서	208	7.8	1027.5	-	67	
2019-12-29 10:40:00	16.0	북	350	14.48	32.12	0.62	7.4	0.80	9.0	2.3	남남서	206	8.0	1027.4	-	91	
2019-12-29 10:45:00	14.8	북북서	349	14.49	32.14	0.63	7.8	0.81	6.5	2.4	남서	217	7.9	1027.4	-	84	
2019-12-29 10:50:00	14.3	북북서	345	14.49	32.13	0.57	8.4	0.90	7.0	2.4	남서	214	7.9	1027.5	-	67	
2019-12-29 10:55:00	16.6	북북서	347	14.50	32.14	0.64	7.7	0.85	7.5	1.8	남서	233	8.0	1027.4	-	55	
2019-12-29 11:00:00	16.6	북	351	14.51	32.14	0.62	7.1	1.09	7.0	1.6	남서	224	8.1	1027.3	-	49	
2019-12-29 11:05:00	14.9	북북서	346	14.50	32.11	0.52	7.8	0.74	9.5	1.3	남서	230	8.1	1027.2	-	60	
2019-12-29 11:10:00	16.6	북	352	14.51	32.11	0.53	7.1	0.64	9.0	1.4	서남서	237	8.2	1027.1	-	58	
2019-12-29 11:15:00	19.4	북북서	345	14.52	32.12	0.64	7.4	0.83	6.5	1.3	남서	228	8.3	1027.1	-	66	
2019-12-29 11:20:00	19.2	북	354	14.52	32.14	0.68	8.0	1.03	8.5	1.1	남서	220	8.5	1027.1	-	69	
2019-12-29 11:25:00	16.7	북북서	347	14.53	32.14	0.57	7.3	0.71	6.5	1.3	서남서	241	8.4	1027.1	-	66	
2019-12-29 11:30:00	16.3	북북서	347	14.54	32.14	0.50	7.5	0.66	8.0	1.2	남서	224	8.5	1027.1	-	79	
2019-12-29 11:35:00	17.5	북북서	344	14.54	32.15	0.74	7.5	1.02	8.5	1.7	남서	228	8.5	1027.1	-	76	
2019-12-29 11:40:00	14.6	북	351	14.55	32.15	0.53	7.1	0.76	7.5	1.9	남서	229	8.5	1027.0	-	58	
2019-12-29 11:45:00	23.0	북	360	14.54	32.15	0.63	8.0	0.83	8.5	2.2	남서	221	8.5	1026.8	-	56	
2019-12-29 11:50:00	21.8	북북서	343	14.55	32.16	0.53	7.5	0.63	7.5	2.0	남서	223	8.5	1026.8	-	64	
2019-12-29 11:55:00	48.4	북	351	14.55	32.16	0.69	7.7	0.93	8.0	1.7	남서	219	8.6	1026.7	-	67	
2019-12-29 12:00:00	35.3	북	5	14.55	32.15	0.63	7.2	0.75	8.5	1.9	남서	220	8.6	1026.6	-	100	
2019-12-29 12:05:00	15.7	북북서	345	14.56	32.14	0.58	8.0	0.91	8.0	1.6	남서	215	8.8	1026.5	-	59	
2019-12-29 12:10:00	8.4	북북서	338	14.55	32.15	0.75	7.8	1.31	8.0	1.5	남남서	205	8.9	1026.5	-	74	
2019-12-29 12:15:00	5.6	북북동	17	14.55	32.16	0.61	8.0	0.87	7.5	1.6	남	188	9.0	1026.4	-	56	
2019-12-29 12:20:00	13.9	북북서	331	14.55	32.17	0.57	7.8	0.83	9.0	1.4	남	176	9.0	1026.2	-	60	
2019-12-29 12:25:00	14.8	북북서	336	14.57	32.16	0.61	7.6	0.80	7.0	0.8	남남동	153	9.1	1026.1	-	81	
2019-12-29 12:30:00	15.3	북북서	342	14.57	32.16	0.74	7.9	1.01	8.0	1.7	남남동	156	9.2	1026.0	-	67	
2019-12-29 12:35:00	16.6	북북서	328	14.57	32.15	0.53	6.9	0.71	8.0	1.5	남동	145	9.3	1026.0	-	55	
2019-12-29 12:40:00	71.2	북북서	346	14.58	32.16	0.52	7.1	0.67	6.5	1.9	남남동	155	9.3	1025.9	-	75	
2019-12-29 12:45:00	34.6	북북서	346	14.60	32.16	0.58	7.6	0.70	7.5	1.8	남남동	159	9.4	1025.8	-	86	
2019-12-29 12:50:00	23.7	북북서	338	14.60	32.14	0.51	7.7	0.96	7.0	2.1	남남동	153	9.4	1025.7	-	69	
2019-12-29 12:55:00	9.7	북북서	335	14.60	32.15	0.56	7.7	0.77	9.0	2.0	남남동	149	9.4	1025.7	-	90	
2019-12-29 13:00:00	5.8	북서	319	14.60	32.16	0.62	8.1	0.79	7.5	2.3	남남동	147	9.5	1025.6	-	75	
2019-12-29 13:05:00	14.1	북서	314	14.61	32.14	0.62	8.2	0.91	8.0	2.0	남남동	167	9.6	1025.5	-	74	
2019-12-29 13:10:00	11.1	북서	307	14.61	32.17	0.60	7.7	0.78	6.5	2.4	남남동	157	9.8	1025.4	-	80	
2019-12-29 13:15:00	14.9	북북서	338	14.62	32.16	0.55	7.7	0.79	7.5	2.8	남동	137	9.7	1025.3	-	90	
2019-12-29 13:20:00	14.8	북북서	335	14.63	32.16	0.57	7.3	0.82	8.0	2.6	남남동	147	9.6	1025.3	-	56	
2019-12-29 13:25:00	15.9	북북서	330	14.63	32.16	0.62	7.7	0.97	7.0	2.6	남동	142	9.7	1025.1	-	59	
2019-12-29 13:30:00	16.4	북북서	337	14.64	32.15	0.49	8.2	0.75	8.5	2.7	남동	144	9.8	1025.1	-	73	
2019-12-29 13:35:00	17.7	북북서	340	14.65	32.16	0.50	7.6	0.64	6.5	2.4	남동	139	9.8	1025.1	-	84	
2019-12-29 13:40:00	18.2	북북서	331	14.65	32.16	0.60	8.3	0.72	9.0	2.4	남남동	148	9.7	1025.1	-	77	
2019-12-29 13:45:00	17.5	북북서	333	14.65	32.17	0.50	7.5	0.80	7.0	2.2	동남동	120	9.7	1025.1	-	77	
2019-12-29 13:50:00	16.2	북북서	330	14.65	32.15	0.56	7.3	0.79	7.5	1.7	동남동	121	9.7	1025.1	-	85	
2019-12-29 13:55:00	17.5	북북서	331	14.66	32.15	0.65	7.9	0.87	8.0	2.5	동남동	117	9.7	1025.0	-	68	
2019-12-29 14:00:00	19.1	북북서	334	14.65	32.15	0.52	7.6	0.65	7.0	2.4	동남동	116	9.8	1024.9	-	52	
2019-12-29 14:05:00	19.5	북북서	337	14.66	32.17	0.56	7.8	0.73	8.0	2.4	남동	139	9.8	1024.8	-	58	
2019-12-29 14:10:00	20.6	북북서	337	14.66	32.15	0.60	7.5	0.88	7.5	3.1	남동	136	9.9	1024.8	-	88	
2019-12-29 14:15:00	19.8	북북서	337	14.67	32.13	0.55	7.6	0.87	8.0	3.0	남동	128	9.9	1024.8	-	62	
2019-12-29 14:20:00	20.9	북북서	337	14.68	32.14	0.56	7.7	0.74	8.0	3.2	남동	133	9.8	1024.8	-	57	
2019-12-29 14:25:00	22.4	북북서	338	14.69	32.14	0.51	7.5	0.63	6.5	2.9	동남동	115	9.9	1024.7	-	149	
2019-12-29 14:30:00	22.8	북북서	338	14.69	32.15	0.57	7.4	0.76	8.5	2.4	동남동	105	10.0	1024.6	-	52	
2019-12-29 14:35:00	20.7	북북서	339	14.71	32.15	0.61	8.2	0.79	7.5	2.2	동남동	115	10.0	1024.6	-	93	
2019-12-29 14:40:00	20.3	북북서	333	14.72	32.14	0.60	6.9	0.75	7.5	2.5	남동	142	10.0	1024.6	-	63	
2019-12-29 14:45:00	23.4	북북서	334	14.72	32.14	0.65	7.3	0.81	6.5	2.9	남	171	9.9	1024.5	-	56	
2019-12-29 14:50:00	22.3	북북서	335	14.72	32.17	0.66	7.7	0.84	7.5	2.3	남남동	168	9.9	1024.5	-	83	
2019-12-29 14:55:00	22.1	북북서	338	14.73	32.14	0.57	7.7	0.76	8.0	1.9	남	177	9.9	1024.5	-	59	
2019-12-29 15:00:00	19.8	북북서	336	14.73	32.14	0.62	7.5	0.89	7.5	1.3	남남동	165	10.0	1024.5	-	83	
2019-12-29 15:05:00	21.5	북북서	332	14.73	32.15	0.68	8.0	0.79	8.5	0.6	남동	141	10.0	1024.4	-	47	
2019-12-29 15:10:00	21.8	북북서	332	14.72	32.15	0.59	8.0	0.90	7.0	1.4	남남동	168	10.0	1024.4	-	84	
2019-12-29 15:15:00	20.8	북북서	337	14.73	32.13	0.60	8.3	0.77	8.0	2.0	남	171	10.0	1024.4	-	63	
2019-12-29 15:20:00	20.7	북북서	334	14.73	32.13	0.64	7.8	0.79	8.5	2.5	남남서	194	10.0	1024.5	-	56	
2019-12-29 15:25:00	22.7	북북서	336	14.74	32.13	0.48	8.0	0.75	7.5	2.8	남남서	198	10.0	1024.5	-	69	
2019-12-29 15:30:00	21.7	북북서	332	14.73	32.13	0.60	8.0	0.80	6.5	3.1	남남서	202	10.1	1024.5	-	70	
2019-12-29 15:35:00	22.9	북북서	338	14.73	32.14	0.69	7.9	0.97	8.0	2.9	남남서	201	10.1	1024.4	-	74	
2019-12-29 15:40:00	22.3	북북서	334	14.73	32.15	0.56	7.5	0.91	7.0	3.6	남남서	195	10.1	1024.3	-	61	
2019-12-29 15:45:00	23.3	북북서	334	14.73	32.15	0.60	8.3	0.75	8.0	3.5	남	179	10.0	1024.3	-	54	
2019-12-29 15:50:00	22.1	북북서	334	14.74	32.13	0.57	8.3	0.72	8.0	3.8	남	172	10.0	1024.3	-	62	
2019-12-29 15:55:00	22.8	북북서	333	14.74	32.13	0.53	8.0	0.67	8.0	3.5	남	178	10.0	1024.3	-	66	
2019-12-29 16:00:00	23.5	북북서	336	14.74	32.13	0.66	8.1	0.84	8.0	3.9	남	170	10.0	1024.2	-	64	
2019-12-29 16:05:00	21.7	북북서	332	14.74	32.15	0.67	8.3	0.85	8.5	3.3	남	180	10.0	1024.3	-	78	
2019-12-29 16:10:00	23.4	북북서	335	14.73	32.12	0.54	7.9	0.78	8.0	3.6	남	177	10.0	1024.2	-	52	
2019-12-29 16:15:00	22.7	북북서	330	14.73	32.12	0.56	8.0	0.77	8.0	3.6	남	171	9.9	1024.1	-	88	
2019-12-29 16:20:00	21.5	북북서	328	14.72	32.09	0.58	8.5	0.97	7.0	3.3	남	175	10.0	1024.2	-	64	
2019-12-29 16:25:00	22.3	북북서	332	14.71	32.13	0.44	6.7	0.52	5.5	3.1	남	172	9.9	1024.2	-	67	
2019-12-29 16:30:00	21.8	북북서	329	14.71	32.13	0.68	7.8	0.85	7.5	3.4	남	173	10.0	1024.1	-	90	
2019-12-29 16:35:00	22.7	북북서	332	14.71	32.13	0.56	7.9	0.80	8.0	3.3	남	176	10.0	1024.1	-	56	
2019-12-29 16:40:00	20.9	북북서	329	14.70	32.12	0.58	7.8	0.80	6.5	3.7	남	186	10.0	1024.2	-	75	
2019-12-29 16:45:00	20.5	북북서	329	14.70	32.12	0.47	7.5	0.60	6.5	3.4	남	182	9.9	1024.1	-	83	
2019-12-29 16:50:00	21.1	북북서	328	14.70	32.13	0.55	8.0	0.66	7.5	3.4	남	187	9.9	1024.1	-	60	
2019-12-29 16:55:00	20.2	북서	326	14.70	32.10	0.50	8.4	0.68	7.5	3.4	남	186	9.8	1024.2	-	85	
2019-12-29 17:00:00	20.9	북서	326	14.69	32.11	0.56	8.0	0.77	8.0	3.1	남	179	9.8	1024.1	-	35	
2019-12-29 17:05:00	20.4	북북서	330	14.68	32.11	0.55	7.6	0.72	7.5	3.1	남	176	9.9	1024.1	-	58	
2019-12-29 17:10:00	20.0	북서	324	14.68	32.08	0.59	7.9	0.71	8.0	3.6	남	184	9.9	1024.1	-	86	
2019-12-29 17:15:00	16.3	북서	323	14.67	32.10	0.52	7.8	0.66	8.0	3.1	남	185	9.8	1024.2	-	85	
2019-12-29 17:20:00	8.4	남	191	14.66	32.09	0.57	8.4	0.83	8.5	3.9	남	174	9.8	1024.3	-	68	
2019-12-29 17:25:00	5.5	남서	235	14.64	32.09	0.46	7.7	0.66	7.5	3.5	남남동	167	9.8	1024.3	-	83	
2019-12-29 17:30:00	7.6	서남서	258	14.65	32.11	0.49	7.8	0.82	8.5	3.7	남남동	160	9.8	1024.2	-	81	
2019-12-29 17:35:00	15.2	서	268	14.66	32.11	0.49	8.0	0.66	7.5	4.3	남남동	162	9.8	1024.2	-	86	
2019-12-29 17:40:00	13.1	서북서	296	14.65	32.12	0.61	8.2	0.76	8.0	4.0	남남동	163	9.7	1024.3	-	85	
2019-12-29 17:45:00	14.7	서북서	296	14.65	32.10	0.62	8.2	0.83	8.5	3.8	남남동	167	9.8	1024.3	-	82	
2019-12-29 17:50:00	10.9	서북서	302	14.57	32.04	0.49	7.4	0.81	7.0	4.0	남	176	9.8	1024.4	-	84	
2019-12-29 17:55:00	10.0	북서	321	14.51	32.03	0.56	8.3	0.75	8.0	3.5	남	180	9.8	1024.3	-	72	
2019-12-29 18:00:00	12.2	북서	323	14.53	32.02	0.43	6.7	0.69	7.5	3.5	남	173	9.8	1024.3	-	88	
2019-12-29 18:05:00	12.6	북북서	337	14.56	32.06	0.54	7.5	0.89	6.5	3.7	남	173	9.8	1024.3	-	69	
2019-12-29 18:10:00	21.6	북북서	330	14.57	32.06	0.48	7.4	0.64	6.5	3.8	남	182	9.8	1024.3	-	44	
2019-12-29 18:15:00	27.9	북북서	342	14.57	32.08	0.45	7.5	0.66	6.5	3.8	남남서	192	9.7	1024.4	-	54	
2019-12-29 18:20:00	44.0	북	350	14.49	31.96	0.42	7.1	0.64	8.0	3.5	남	181	9.7	1024.4	-	74	
2019-12-29 18:25:00	45.0	북	353	14.44	31.95	0.61	7.3	0.72	8.0	3.8	남	180	9.7	1024.2	-	69	
2019-12-29 18:30:00	58.7	북	359	14.45	31.97	0.57	8.0	0.84	8.0	3.9	남남서	193	9.5	1024.3	-	84	
2019-12-29 18:35:00	66.8	북	357	14.54	32.15	0.47	7.3	0.69	7.5	4.3	남	191	9.5	1024.2	-	103	
2019-12-29 18:40:00	100.5	북	359	14.54	32.00	0.45	7.8	0.59	8.0	3.9	남	184	9.5	1024.2	-	49	
2019-12-29 18:45:00	66.8	북	0	14.51	32.05	0.54	8.3	0.64	8.5	3.2	남	184	9.6	1024.1	-	73	
2019-12-29 18:50:00	115.6	북	4	14.42	31.88	0.35	6.5	0.48	6.5	3.5	남	189	9.5	1024.1	-	75	
2019-12-29 18:55:00	99.0	북북동	12	14.38	31.92	0.40	6.8	0.57	8.0	3.5	남	190	9.5	1024.1	-	62	
2019-12-29 19:00:00	106.8	북	4	14.40	31.96	0.46	7.4	0.57	6.0	3.7	남남서	192	9.5	1024.2	-	78	
2019-12-29 19:05:00	77.4	북	9	14.44	32.04	0.53	7.8	0.71	7.0	3.3	남남서	207	9.4	1024.1	-	68	
2019-12-29 19:10:00	52.0	북	7	14.43	31.85	0.40	7.3	0.52	7.5	3.7	남남서	204	9.4	1024.1	-	71	
2019-12-29 19:15:00	38.7	북	349	14.45	32.01	0.55	8.0	0.80	7.5	4.1	남남서	213	9.3	1024.1	-	84	
2019-12-29 19:20:00	29.1	북북서	335	14.65	32.03	0.54	7.9	0.66	7.0	4.4	남서	219	9.3	1024.3	-	85	
2019-12-29 19:25:00	18.2	북북서	347	14.66	32.10	0.52	7.5	0.79	7.5	4.1	남서	221	9.2	1024.2	-	90	
2019-12-29 19:30:00	13.7	북북서	342	14.59	31.79	0.42	7.4	0.60	7.0	3.8	남서	222	9.2	1024.1	-	26	
2019-12-29 19:35:00	15.1	북북서	343	14.52	32.01	0.45	7.3	0.65	6.5	3.9	남서	226	9.0	1024.1	-	76	
2019-12-29 19:40:00	19.1	북서	323	14.54	31.98	0.54	8.0	0.78	7.5	3.8	남서	228	9.1	1024.1	-	87	
2019-12-29 19:45:00	15.3	서북서	283	14.58	31.96	0.53	7.8	0.74	7.0	3.3	남서	234	9.0	1024.1	-	76	
2019-12-29 19:50:00	12.5	서북서	295	14.54	31.92	0.46	7.6	0.64	8.0	3.1	서남서	249	8.8	1024.1	-	65	
2019-12-29 19:55:00	15.9	북서	317	14.48	31.92	0.46	7.5	0.59	7.5	3.3	서남서	244	8.7	1024.2	-	66	
2019-12-29 20:00:00	16.2	서	264	14.50	31.96	0.47	7.7	0.58	8.0	3.5	서남서	239	8.9	1024.2	-	79	
2019-12-29 20:05:00	15.6	북서	321	14.50	31.98	0.58	7.5	0.86	7.5	4.0	서남서	238	8.8	1024.2	-	78	
2019-12-29 20:10:00	12.8	북서	310	14.52	32.11	0.52	8.2	0.68	7.5	4.1	서남서	237	8.9	1024.2	-	85	
2019-12-29 20:15:00	12.2	북서	321	14.51	31.98	0.46	7.5	0.66	8.0	4.2	서남서	246	9.0	1024.1	-	95	
2019-12-29 20:20:00	19.0	북북서	328	14.52	31.99	0.41	7.2	0.51	7.0	4.1	서남서	248	8.9	1024.1	-	94	
2019-12-29 20:25:00	17.9	북북서	333	14.55	32.02	0.46	7.5	0.86	7.5	4.0	서남서	242	8.8	1024.0	-	358	
2019-12-29 20:30:00	21.3	북북서	340	14.58	32.03	0.53	7.5	0.64	8.0	3.3	서남서	242	8.8	1024.0	-	79	
2019-12-29 20:35:00	26.8	북북서	345	14.59	32.02	0.38	7.1	0.53	8.0	3.5	서남서	240	8.8	1023.9	-	74	
2019-12-29 20:40:00	34.0	북북서	346	14.58	32.04	0.48	7.8	0.70	7.5	3.2	남서	232	8.9	1023.8	-	72	
2019-12-29 20:45:00	40.3	북북서	347	14.57	32.05	0.41	7.3	0.52	7.0	3.6	남서	217	8.8	1023.9	-	74	
2019-12-29 20:50:00	44.2	북	349	14.63	32.04	0.51	7.6	0.59	7.0	3.5	남서	221	8.6	1023.9	-	62	
2019-12-29 20:55:00	68.2	북	352	14.61	32.04	0.53	7.8	0.69	6.5	3.1	남서	228	8.5	1023.8	-	68	
2019-12-29 21:00:00	68.6	북	358	14.61	32.05	0.44	7.2	0.59	7.0	3.6	남서	217	8.6	1023.8	-	63	
2019-12-29 21:05:00	101.6	북	3	14.63	32.09	0.56	7.5	0.71	7.0	3.4	남서	216	8.8	1023.8	-	93	
2019-12-29 21:10:00	64.8	북북동	12	14.64	32.14	0.55	7.5	0.88	7.5	3.2	남서	222	8.9	1023.7	-	77	
2019-12-29 21:15:00	66.8	북북동	28	14.63	32.09	0.50	7.8	0.81	7.5	3.7	남서	227	8.9	1023.6	-	69	
2019-12-29 21:20:00	81.4	북동	39	14.60	32.11	0.59	7.7	0.85	7.0	3.5	남서	230	8.9	1023.6	-	69	
2019-12-29 21:25:00	43.1	북	359	14.61	32.15	0.50	7.4	0.70	8.0	3.7	남서	227	8.8	1023.6	-	101	
2019-12-29 21:30:00	92.9	북	4	14.60	32.07	0.48	7.2	0.82	6.5	3.5	서남서	240	9.0	1023.6	-	78	
2019-12-29 21:35:00	90.0	북	6	14.61	32.10	0.40	7.2	0.53	8.5	3.3	서남서	249	8.9	1023.5	-	104	
2019-12-29 21:40:00	76.7	북북동	14	14.62	32.07	0.55	7.8	0.80	8.0	4.0	서남서	245	8.8	1023.4	-	68	
2019-12-29 21:45:00	93.6	북	5	14.64	32.09	0.45	7.3	0.64	8.0	3.7	남서	235	8.9	1023.3	-	60	
2019-12-29 21:50:00	107.4	북북동	12	14.64	32.10	0.50	7.2	0.80	8.0	3.7	서남서	250	9.0	1023.3	-	79	
2019-12-29 21:55:00	117.3	북북동	14	14.65	32.09	0.46	7.3	0.58	7.0	4.2	서남서	251	8.8	1023.1	-	78	
2019-12-29 22:00:00	98.4	북북동	13	14.64	32.09	0.43	7.3	0.48	7.0	4.3	서남서	257	8.8	1023.2	-	80	
2019-12-29 22:05:00	94.6	북북동	13	14.63	32.07	0.53	7.6	0.64	6.5	3.7	서남서	255	8.8	1023.3	-	79	
2019-12-29 22:10:00	84.2	북	8	14.63	32.11	0.58	7.5	0.74	7.5	3.3	서남서	253	8.7	1023.2	-	94	
2019-12-29 22:15:00	51.5	북	3	14.65	32.11	0.45	7.5	0.64	7.0	4.5	서남서	238	8.9	1023.3	-	86	
2019-12-29 22:20:00	115.7	북	356	14.65	32.12	0.43	7.3	0.52	7.5	4.5	남서	232	8.9	1023.3	-	88	
2019-12-29 22:25:00	61.8	북북동	22	14.65	32.11	0.46	7.5	0.65	8.0	4.2	서남서	249	9.0	1023.2	-	55	
2019-12-29 22:30:00	66.2	북	8	14.65	32.08	0.58	7.6	0.77	7.0	4.5	서남서	245	8.8	1023.1	-	72	
2019-12-29 22:35:00	89.0	북	359	14.65	32.11	0.48	7.0	0.69	7.0	4.8	남서	233	8.9	1023.1	-	96	
2019-12-29 22:40:00	27.6	북	0	14.66	32.11	0.46	7.0	0.58	7.0	5.3	남서	231	9.1	1023.0	-	69	
2019-12-29 22:45:00	54.6	북	6	14.65	32.10	0.43	6.5	0.73	7.0	5.8	남서	222	9.1	1023.0	-	84	
2019-12-29 22:50:00	61.5	북	357	14.65	32.12	0.43	7.5	0.51	5.5	5.8	남서	222	9.1	1022.9	-	82	
2019-12-29 22:55:00	121.0	북	359	14.64	32.11	0.41	7.7	0.54	7.0	5.3	남서	226	9.0	1022.9	-	70	
2019-12-29 23:00:00	76.2	북	354	14.64	32.10	0.41	7.1	0.56	7.0	5.1	남서	232	8.9	1022.9	-	91	
2019-12-29 23:05:00	115.6	북	4	14.64	32.10	0.42	7.4	0.59	8.0	5.3	남서	233	8.9	1022.9	-	89	
2019-12-29 23:10:00	107.9	북	1	14.64	32.11	0.47	7.4	0.64	7.5	5.8	남서	235	9.1	1022.6	-	84	
2019-12-29 23:15:00	111.3	북	359	14.64	32.10	0.49	6.8	0.58	6.5	5.5	남서	224	9.2	1022.6	-	81	
2019-12-29 23:20:00	109.5	북	3	14.64	32.11	0.41	7.7	0.54	7.5	4.4	남서	219	9.1	1022.6	-	82	
2019-12-29 23:25:00	91.3	북북동	13	14.64	32.12	0.48	7.2	0.59	6.0	3.9	남서	216	8.9	1022.4	-	63	
2019-12-29 23:30:00	49.4	북동	38	14.63	32.16	0.42	6.5	0.50	5.5	4.2	남서	229	8.9	1022.5	-	88	
2019-12-29 23:35:00	101.5	북	357	14.64	32.13	0.45	7.4	0.49	7.5	4.3	남서	233	8.8	1022.4	-	94	
2019-12-29 23:40:00	104.7	북	360	14.63	32.14	0.37	7.1	0.48	5.5	4.8	남서	224	8.9	1022.4	-	71	
2019-12-29 23:45:00	61.1	북	354	14.61	32.13	0.44	7.3	0.56	7.5	4.7	남서	220	9.1	1022.2	-	98	
2019-12-29 23:50:00	76.8	북	351	14.61	32.12	0.37	6.1	0.59	5.5	4.3	남서	217	8.9	1022.1	-	121	
2019-12-29 23:55:00	110.2	북	357	14.61	32.13	0.47	7.3	0.61	7.0	4.1	남남서	209	8.8	1022.1	-	74	
2019-12-30 00:00:00	107.6	북	356	14.59	32.12	0.39	7.0	0.44	7.0	4.7	남남서	209	9.0	1022.1	-	79	
2019-12-30 00:05:00	61.0	북	352	14.58	32.10	0.40	6.5	0.53	7.5	4.5	남서	220	8.9	1022.1	-	81	
2019-12-30 00:10:00	110.9	북	358	14.58	32.12	0.36	6.6	0.41	8.0	4.2	남서	228	8.7	1022.0	-	93	
2019-12-30 00:15:00	90.5	북	354	14.57	32.10	0.38	6.8	0.46	6.5	5.1	남서	232	8.7	1021.8	-	75	
2019-12-30 00:20:00	108.7	북	1	14.57	32.09	0.43	6.4	0.66	7.5	6.1	서남서	241	8.8	1021.7	-	57	
2019-12-30 00:25:00	124.4	북	354	14.57	32.11	0.46	7.3	0.60	7.0	5.5	서남서	238	8.8	1021.7	-	80	
2019-12-30 00:30:00	121.3	북	354	14.56	32.07	0.43	6.3	0.60	6.5	6.6	남서	229	9.0	1021.6	-	83	
2019-12-30 00:35:00	62.2	북	359	14.57	32.11	0.41	6.3	0.66	6.5	6.0	남서	234	9.0	1021.6	-	93	
2019-12-30 00:40:00	60.7	북	10	14.58	32.13	0.46	6.8	0.64	6.5	5.7	남서	232	8.9	1021.5	-	78	
2019-12-30 00:45:00	82.0	북	1	14.57	32.11	0.38	6.3	0.49	7.5	4.4	남서	225	8.9	1021.5	-	97	
2019-12-30 00:50:00	114.9	북	359	14.57	32.12	0.41	6.5	0.62	6.0	4.4	남서	229	8.9	1021.4	-	84	
2019-12-30 00:55:00	62.0	북북동	18	14.56	32.12	0.43	7.0	0.58	6.0	3.8	남서	228	8.7	1021.3	-	94	
2019-12-30 01:00:00	55.3	북	356	14.56	32.10	0.40	6.6	0.67	7.0	4.8	남서	228	8.7	1021.4	-	98	
2019-12-30 01:05:00	85.7	북	6	14.56	32.10	0.38	5.9	0.54	5.5	4.3	남서	233	8.8	1021.5	-	91	
2019-12-30 01:10:00	85.9	북북동	22	14.55	32.12	0.39	6.8	0.48	6.5	4.1	서남서	240	8.9	1021.5	-	87	
2019-12-30 01:15:00	100.2	북	357	14.54	32.13	0.45	7.0	0.79	6.5	4.3	남서	233	8.9	1021.3	-	109	
2019-12-30 01:20:00	74.9	북	351	14.55	32.11	0.51	6.3	0.80	6.5	6.8	남서	224	9.1	1021.2	-	81	
2019-12-30 01:25:00	48.6	북	350	14.55	32.09	0.41	6.0	0.62	7.5	6.2	남서	226	9.1	1021.2	-	77	
2019-12-30 01:30:00	114.9	북	358	14.54	32.09	0.43	6.1	0.66	6.5	5.4	남서	228	9.4	1021.3	-	83	
2019-12-30 01:35:00	103.6	북	3	14.54	32.11	0.37	5.9	0.66	5.0	4.6	남서	233	9.2	1021.3	-	100	
2019-12-30 01:40:00	100.2	북북동	26	14.54	32.11	0.42	6.3	0.64	5.0	5.0	남서	231	9.2	1021.3	-	75	
2019-12-30 01:45:00	56.5	북동	35	14.53	32.11	0.45	6.3	0.59	6.0	5.9	남서	228	9.2	1021.3	-	98	
2019-12-30 01:50:00	119.8	북	8	14.52	32.09	0.43	5.9	0.74	5.5	5.7	남서	223	9.1	1021.2	-	85	
2019-12-30 01:55:00	106.4	북	3	14.51	32.11	0.49	6.3	0.82	7.0	6.0	남서	216	9.3	1021.0	-	69	
2019-12-30 02:00:00	125.6	북북동	33	14.51	32.11	0.41	5.3	0.70	5.0	5.9	남서	226	9.3	1020.9	-	352	
2019-12-30 02:05:00	82.6	북	353	14.51	32.15	0.43	6.0	0.65	5.0	5.4	남서	228	9.1	1020.9	-	49	
2019-12-30 02:10:00	72.8	북북서	346	14.52	32.17	0.43	5.2	0.56	5.0	5.1	남서	230	9.1	1021.0	-	176	
2019-12-30 02:15:00	39.7	북	5	14.52	32.17	0.46	6.0	0.63	6.5	5.9	서남서	237	9.0	1021.0	-	85	
2019-12-30 02:20:00	88.8	북	3	14.54	32.19	0.36	5.4	0.49	4.5	5.8	서남서	241	9.1	1021.0	-	245	
2019-12-30 02:25:00	54.0	북	4	14.54	32.16	0.42	5.5	0.51	4.0	5.3	서남서	248	9.0	1021.0	-	151	
2019-12-30 02:30:00	61.8	북북서	348	14.54	32.18	0.36	5.1	0.63	6.0	5.5	서남서	242	9.1	1021.0	-	352	
2019-12-30 02:35:00	85.9	북	2	14.53	32.17	0.36	5.3	0.60	5.5	5.5	남서	233	8.9	1020.9	-	103	
2019-12-30 02:40:00	52.4	북	5	14.53	32.17	0.42	5.6	0.66	4.0	4.8	남서	234	9.0	1020.8	-	116	
2019-12-30 02:45:00	92.3	북북동	13	14.52	32.18	0.43	5.2	0.51	5.5	4.8	남서	232	9.0	1020.9	-	88	
2019-12-30 02:50:00	87.1	북북서	346	14.50	32.16	0.39	5.9	0.50	7.0	4.6	남서	232	8.9	1020.9	-	81	
2019-12-30 02:55:00	81.2	북북동	19	14.50	32.17	0.35	4.9	0.49	7.0	4.4	남서	236	9.1	1020.9	-	66	
2019-12-30 03:00:00	92.6	북	353	14.49	32.18	0.40	5.8	0.47	5.0	4.7	서남서	243	9.1	1020.9	-	67	
2019-12-30 03:05:00	97.5	북	353	14.50	32.19	0.37	5.1	0.56	5.0	4.4	서남서	246	8.9	1020.9	-	93	
2019-12-30 03:10:00	79.5	북	9	14.50	32.19	0.44	5.5	0.65	4.5	4.2	서남서	246	8.9	1020.8	-	95	
2019-12-30 03:15:00	89.3	북	0	14.48	32.19	0.40	6.0	0.48	7.0	4.3	서남서	248	8.9	1020.8	-	104	
2019-12-30 03:20:00	102.0	북	1	14.47	32.22	0.39	6.4	0.56	7.5	4.3	서남서	248	8.8	1020.8	-	67	
2019-12-30 03:25:00	102.0	북	354	14.47	32.20	0.37	5.7	0.63	5.5	4.4	서남서	243	8.7	1020.8	-	73	
2019-12-30 03:30:00	113.0	북	358	14.48	32.19	0.37	5.9	0.74	7.5	4.1	서남서	247	8.7	1020.7	-	75	
2019-12-30 03:35:00	121.6	북	358	14.48	32.21	0.36	6.5	0.46	6.5	4.1	서남서	248	8.7	1020.7	-	50	
2019-12-30 03:40:00	63.5	북	353	14.46	32.22	0.37	5.7	0.67	6.0	4.2	서남서	247	8.7	1020.7	-	56	
2019-12-30 03:45:00	106.4	북	356	14.50	32.22	0.37	6.2	0.44	6.5	4.0	서남서	247	8.8	1020.6	-	67	
2019-12-30 03:50:00	62.4	북	354	14.50	32.22	0.39	5.9	0.52	7.0	4.2	서남서	241	8.8	1020.7	-	84	
2019-12-30 03:55:00	80.6	북	354	14.51	32.23	0.41	6.0	0.58	6.0	4.4	서남서	239	8.9	1020.7	-	75	
2019-12-30 04:00:00	115.0	북	4	14.53	32.21	0.39	5.6	0.57	5.0	3.7	서남서	247	8.8	1020.7	-	82	
2019-12-30 04:05:00	82.4	북	357	14.54	32.21	0.37	6.1	0.47	5.5	3.4	서남서	246	9.0	1020.6	-	65	
2019-12-30 04:10:00	101.5	북	351	14.54	32.23	0.39	6.4	0.60	5.0	3.6	서남서	243	8.9	1020.5	-	65	
2019-12-30 04:15:00	117.7	북	356	14.54	32.21	0.40	6.8	0.57	6.0	3.5	남서	232	8.8	1020.4	-	99	
2019-12-30 04:20:00	65.7	북북서	343	14.55	32.23	0.32	5.9	0.41	4.5	3.1	남서	228	9.0	1020.3	-	88	
2019-12-30 04:25:00	107.2	북북서	344	14.56	32.21	0.37	5.7	0.53	5.0	3.1	남서	226	9.0	1020.2	-	67	
2019-12-30 04:30:00	62.8	북북서	341	14.56	32.22	0.36	6.0	0.58	7.0	3.3	남서	231	8.8	1020.1	-	86	
2019-12-30 04:35:00	104.7	북	5	14.57	32.22	0.36	5.8	0.53	5.5	3.3	서남서	242	8.9	1020.1	-	95	
2019-12-30 04:40:00	89.4	북	355	14.57	32.21	0.37	6.7	0.50	5.5	3.8	서남서	248	8.9	1020.1	-	82	
2019-12-30 04:45:00	77.7	북	354	14.58	32.22	0.37	5.8	0.50	6.5	4.2	서남서	243	8.7	1020.1	-	83	
2019-12-30 04:50:00	83.1	북	351	14.57	32.22	0.37	6.4	0.56	7.0	4.1	서남서	239	8.6	1020.2	-	101	
2019-12-30 04:55:00	43.2	북북서	346	14.57	32.21	0.43	6.1	0.55	6.0	4.0	서남서	242	8.6	1020.2	-	64	
2019-12-30 05:00:00	116.1	북	355	14.58	32.18	0.37	6.0	0.49	6.5	4.1	서남서	240	8.6	1020.1	-	77	
2019-12-30 05:05:00	56.9	북	349	14.57	32.20	0.35	5.2	0.58	5.5	4.1	서남서	240	8.5	1020.1	-	78	
2019-12-30 05:10:00	83.2	북북서	348	14.57	32.21	0.33	5.3	0.53	5.5	3.9	서남서	238	8.5	1020.1	-	159	
2019-12-30 05:15:00	37.9	북북서	339	14.58	32.19	0.41	6.1	0.66	6.5	4.0	서남서	237	8.6	1020.1	-	100	
2019-12-30 05:20:00	52.2	북북서	348	14.56	32.19	0.38	5.7	0.47	7.0	3.7	남서	230	8.8	1020.0	-	103	
2019-12-30 05:25:00	35.0	북북서	344	14.56	32.21	0.35	5.3	0.47	5.0	4.0	서남서	242	8.8	1020.1	-	88	
2019-12-30 05:30:00	36.0	북북서	348	14.57	32.21	0.38	6.0	0.52	7.5	4.2	서남서	242	8.6	1020.0	-	75	
2019-12-30 05:35:00	23.8	북북서	331	14.59	32.19	0.35	5.7	0.59	6.0	4.0	서남서	238	8.5	1020.0	-	70	
2019-12-30 05:40:00	23.5	북북서	345	14.60	32.15	0.38	6.0	0.45	6.0	4.1	서남서	239	8.5	1019.9	-	81	
2019-12-30 05:45:00	24.5	북북서	347	14.59	32.18	0.37	6.4	0.53	5.5	4.1	서남서	242	8.7	1020.0	-	55	
2019-12-30 05:50:00	22.8	북북서	343	14.58	32.18	0.34	5.5	0.53	7.0	3.8	서남서	242	8.6	1019.9	-	95	
2019-12-30 05:55:00	24.5	북북서	345	14.58	32.21	0.32	5.4	0.41	7.0	4.2	남서	226	8.6	1019.9	-	72	
2019-12-30 06:00:00	27.6	북북서	335	14.58	32.18	0.31	5.6	0.43	6.5	4.2	남서	229	8.4	1019.8	-	102	
2019-12-30 06:05:00	23.8	북북서	339	14.58	32.19	0.34	6.1	0.53	5.5	4.0	남서	229	8.5	1019.7	-	66	
2019-12-30 06:10:00	24.3	북북서	341	14.57	32.19	0.28	5.5	0.37	6.0	4.2	남서	229	8.4	1019.7	-	69	
2019-12-30 06:15:00	22.4	북북서	336	14.57	32.21	0.29	5.6	0.45	5.0	4.0	남서	232	8.6	1019.8	-	292	
2019-12-30 06:20:00	23.8	북북서	339	14.56	32.20	0.31	6.4	0.42	7.0	4.1	서남서	245	8.7	1019.8	-	93	
2019-12-30 06:25:00	22.5	북북서	341	14.55	32.19	0.31	5.0	0.42	4.5	4.4	서남서	245	8.6	1019.8	-	90	
2019-12-30 06:30:00	16.0	북북서	335	14.54	32.20	0.29	5.0	0.41	4.0	4.5	서남서	242	8.5	1019.8	-	118	
2019-12-30 06:35:00	21.6	북북서	331	14.54	32.19	0.34	4.6	0.46	8.0	4.3	서남서	243	8.5	1019.7	-	40	
2019-12-30 06:40:00	23.3	북북서	328	14.54	32.21	0.33	5.1	0.41	3.5	4.4	서남서	241	8.5	1019.7	-	81	
2019-12-30 06:45:00	22.7	북북서	335	14.53	32.19	0.34	5.7	0.50	6.0	4.2	서남서	240	8.6	1019.6	-	88	
2019-12-30 06:50:00	19.7	북북서	335	14.52	32.21	0.35	5.5	0.52	5.5	4.1	남서	232	8.8	1019.6	-	59	
2019-12-30 06:55:00	19.1	북북서	343	14.51	32.19	0.31	4.8	0.59	5.0	4.2	남서	226	8.5	1019.5	-	94	
2019-12-30 07:00:00	20.8	북북서	336	14.52	32.21	0.35	6.1	0.49	7.5	4.0	남서	227	8.4	1019.4	-	72	
2019-12-30 07:05:00	21.1	북서	323	14.52	32.22	0.33	5.5	0.43	7.5	3.5	남서	223	8.3	1019.3	-	89	
2019-12-30 07:10:00	20.2	북북서	337	14.50	32.21	0.31	5.0	0.47	4.5	3.0	남서	214	8.4	1019.4	-	71	
2019-12-30 07:15:00	21.1	북북서	344	14.50	32.21	0.32	6.0	0.46	8.0	2.8	남남서	199	8.4	1019.5	-	81	
2019-12-30 07:20:00	26.6	북북서	335	14.52	32.17	0.30	5.6	0.45	6.0	3.1	남서	222	8.6	1019.6	-	59	
2019-12-30 07:25:00	25.2	북북서	335	14.52	32.16	0.25	3.9	0.36	6.0	2.7	서남서	250	8.4	1019.6	-	31	
2019-12-30 07:30:00	27.5	북북서	333	14.52	32.16	0.34	6.4	0.50	5.5	3.8	서남서	249	8.2	1019.5	-	82	
2019-12-30 07:35:00	27.3	북북서	335	14.50	32.16	0.37	6.7	0.57	7.0	3.9	서남서	247	8.2	1019.5	-	69	
2019-12-30 07:40:00	26.0	북북서	331	14.50	32.18	0.30	5.6	0.40	3.0	4.4	서남서	245	8.2	1019.5	-	89	
2019-12-30 07:45:00	22.3	북북서	334	14.50	32.16	0.40	6.6	0.53	6.5	4.0	서남서	238	8.2	1019.4	-	60	
2019-12-30 07:50:00	29.9	북북서	330	14.50	32.19	0.35	4.9	0.47	4.0	4.1	남서	231	8.2	1019.3	-	72	
2019-12-30 07:55:00	29.1	북서	325	14.53	32.21	0.31	4.9	0.46	6.5	4.4	남서	236	8.4	1019.3	-	65	
2019-12-30 08:00:00	29.4	북서	326	14.54	32.21	0.31	5.8	0.42	4.0	4.0	서남서	239	8.3	1019.4	-	90	
2019-12-30 08:05:00	27.0	북북서	331	14.54	32.16	0.28	5.4	0.39	4.5	3.5	서남서	239	8.5	1019.3	-	73	
2019-12-30 08:10:00	28.2	북북서	327	14.52	32.16	0.27	4.9	0.41	5.5	3.9	서남서	243	8.5	1019.4	-	94	
2019-12-30 08:15:00	31.2	북북서	328	14.50	32.18	0.28	5.7	0.38	7.0	4.0	서남서	242	8.5	1019.4	-	70	
2019-12-30 08:20:00	32.1	북북서	332	14.51	32.17	0.28	5.2	0.37	3.0	3.7	서남서	247	8.5	1019.4	-	68	
2019-12-30 08:25:00	29.6	북북서	337	14.52	32.21	0.34	6.4	0.50	6.0	3.1	서남서	238	8.6	1019.4	-	76	
2019-12-30 08:30:00	29.5	북북서	331	14.53	32.23	0.29	4.4	0.61	5.0	3.5	서남서	252	8.8	1019.5	-	69	
2019-12-30 08:35:00	29.1	북북서	327	14.53	32.23	0.31	4.8	0.38	4.0	3.3	서남서	237	8.6	1019.6	-	64	
2019-12-30 08:40:00	30.1	북북서	336	14.52	32.21	0.37	6.2	0.45	6.5	2.7	남서	233	8.8	1019.6	-	75	
2019-12-30 08:45:00	25.9	북북서	337	14.51	32.20	0.30	6.2	0.38	5.5	2.9	서남서	248	9.0	1019.6	-	83	
2019-12-30 08:50:00	25.1	북북서	342	14.53	32.23	0.33	5.7	0.44	8.5	2.0	서남서	241	8.9	1019.5	-	76	
2019-12-30 08:55:00	24.3	북북서	348	14.55	32.23	0.29	4.1	0.46	4.0	1.5	서남서	256	9.1	1019.6	-	77	
2019-12-30 09:00:00	63.4	북	10	14.55	32.23	0.28	5.6	0.47	6.5	2.1	서	263	9.4	1019.6	-	84	
2019-12-30 09:05:00	106.5	북북서	343	14.57	32.22	0.29	5.1	0.40	3.5	2.4	서남서	250	9.5	1019.6	-	79	
2019-12-30 09:10:00	46.8	북서	324	14.56	32.23	0.27	5.2	0.39	6.0	1.3	서남서	245	9.5	1019.5	-	75	
2019-12-30 09:15:00	11.6	북서	323	14.56	32.23	0.28	5.7	0.49	6.5	1.2	서남서	249	9.5	1019.7	-	76	
2019-12-30 09:20:00	8.0	북서	309	14.56	32.25	0.29	5.6	0.37	6.5	1.0	서남서	242	9.7	1019.7	-	61	
2019-12-30 09:25:00	17.2	북서	315	14.56	32.25	0.26	5.2	0.36	6.5	1.1	서남서	238	9.7	1019.8	-	86	
2019-12-30 09:30:00	29.5	북북서	345	14.55	32.25	0.28	5.5	0.40	6.5	1.5	서남서	247	9.5	1019.8	-	69	
2019-12-30 09:35:00	28.5	북북서	332	14.56	32.25	0.27	5.4	0.34	6.5	1.5	서남서	253	9.4	1019.9	-	65	
2019-12-30 09:40:00	11.7	북서	311	14.57	32.26	0.31	5.9	0.41	6.5	2.0	남서	216	9.5	1019.9	-	91	
2019-12-30 09:45:00	7.4	서북서	293	14.57	32.27	0.30	5.9	0.38	5.0	2.5	남남서	206	9.8	1020.0	-	109	
2019-12-30 09:50:00	20.7	북서	321	14.55	32.24	0.28	5.4	0.46	6.0	2.0	남남서	209	10.2	1020.1	-	82	
2019-12-30 09:55:00	18.4	북서	323	14.52	32.22	0.31	6.2	0.41	7.0	1.4	남서	227	10.3	1020.1	-	78	
2019-12-30 10:00:00	17.3	북서	326	14.52	32.22	0.32	6.3	0.54	6.5	1.5	서북서	302	10.3	1020.0	-	73	
2019-12-30 10:05:00	16.9	북북서	328	14.53	32.24	0.26	6.0	0.33	5.5	0.9	서북서	288	10.3	1019.9	-	81	
2019-12-30 10:10:00	18.3	북북서	331	14.53	32.24	0.27	4.9	0.36	3.5	1.5	북서	320	10.4	1020.0	-	93	
2019-12-30 10:15:00	16.9	북북서	331	14.52	32.21	0.29	5.5	0.34	4.5	1.8	북북서	334	10.5	1020.0	-	64	
2019-12-30 10:20:00	17.4	북서	326	14.51	32.21	0.28	5.7	0.37	4.5	1.0	북서	326	10.5	1019.9	-	67	
2019-12-30 10:25:00	19.2	북서	326	14.52	32.25	0.28	4.5	0.43	3.5	0.8	북서	311	11.2	1019.8	-	55	
2019-12-30 10:30:00	20.0	북서	326	14.54	32.22	0.24	5.0	0.31	6.0	1.1	북북동	12	11.0	1019.7	-	88	
2019-12-30 10:35:00	20.4	북북서	327	14.55	32.24	0.30	5.1	0.42	7.0	0.0	동북동	57	11.2	1019.6	-	68	
2019-12-30 10:40:00	17.8	북서	323	14.55	32.24	0.23	5.9	0.33	5.5	0.0	남동	129	12.5	1019.5	-	72	
2019-12-30 10:45:00	15.7	북서	324	14.57	32.28	0.25	5.8	0.36	7.0	0.0	남남동	153	12.8	1019.4	-	76	
2019-12-30 10:50:00	19.6	북서	319	14.59	32.22	0.24	6.3	0.37	6.0	0.6	남동	127	12.3	1019.3	-	48	
2019-12-30 10:55:00	16.5	북북서	328	14.58	32.23	0.26	5.4	0.38	6.5	0.1	남동	130	12.1	1019.2	-	79	
2019-12-30 11:00:00	19.0	북북서	331	14.58	32.22	0.29	6.5	0.42	6.0	0.3	동남동	119	12.9	1019.0	-	74	
2019-12-30 11:05:00	20.8	북북서	337	14.57	32.24	0.26	5.4	0.36	5.0	1.0	남동	128	13.0	1018.9	-	99	
2019-12-30 11:10:00	21.1	북북서	333	14.56	32.24	0.30	6.0	0.37	7.0	1.6	동남동	111	12.6	1018.7	-	61	
2019-12-30 11:15:00	19.3	북북서	327	14.56	32.20	0.26	5.5	0.39	5.0	2.0	동	95	12.2	1018.5	-	62	
2019-12-30 11:20:00	24.4	북북서	327	14.61	32.26	0.24	5.0	0.34	4.0	1.9	동	84	12.1	1018.4	-	66	
2019-12-30 11:25:00	21.8	북서	325	14.63	32.26	0.31	6.1	0.43	7.0	1.6	동북동	76	12.2	1018.4	-	71	
2019-12-30 11:30:00	22.3	북북서	328	14.64	32.22	0.30	5.1	0.50	4.0	0.9	동북동	63	12.3	1018.4	-	64	
2019-12-30 11:35:00	21.8	북서	324	14.62	32.25	0.26	5.8	0.38	4.5	0.5	북북동	17	12.8	1018.4	-	73	
2019-12-30 11:40:00	23.0	북서	323	14.59	32.22	0.30	5.5	0.39	9.0	1.2	북	359	12.6	1018.3	-	82	
2019-12-30 11:45:00	24.7	북북서	327	14.57	32.20	0.27	5.9	0.41	6.5	1.4	북	357	12.5	1018.2	-	78	
2019-12-30 11:50:00	19.2	북북서	328	14.54	32.20	0.27	5.6	0.44	6.0	1.7	북	5	12.4	1018.2	-	64	
2019-12-30 11:55:00	21.4	북북서	335	14.54	32.21	0.25	5.9	0.47	7.5	1.6	북북서	340	12.5	1018.1	-	74	
2019-12-30 12:00:00	16.0	북북서	337	14.55	32.22	0.25	5.9	0.35	7.5	1.6	북	359	12.6	1018.0	-	76	
2019-12-30 12:05:00	15.7	북북서	329	14.55	32.20	0.25	5.6	0.41	7.5	1.0	북	1	12.8	1017.9	-	86	
2019-12-30 12:10:00	14.7	북북서	331	14.55	32.21	0.23	5.4	0.33	3.5	0.2	북북동	21	13.4	1017.8	-	90	
2019-12-30 12:15:00	15.9	북북서	336	14.55	32.21	0.28	5.9	0.34	5.5	1.6	북동	44	13.2	1017.7	-	81	
2019-12-30 12:20:00	13.9	북북서	348	14.55	32.21	0.29	5.6	0.47	4.0	0.9	북동	47	13.0	1017.6	-	59	
2019-12-30 12:25:00	15.5	북북서	343	14.54	32.21	0.25	5.1	0.32	4.0	2.0	북북동	33	12.9	1017.5	-	56	
2019-12-30 12:30:00	11.9	북북서	335	14.54	32.21	0.23	5.0	0.33	6.0	1.3	북동	37	12.8	1017.5	-	56	
2019-12-30 12:35:00	10.3	북	358	14.54	32.18	0.25	5.9	0.46	6.0	2.3	북동	44	12.8	1017.4	-	72	
2019-12-30 12:40:00	13.3	북북서	345	14.54	32.18	0.27	6.2	0.34	7.0	3.2	북동	49	12.5	1017.4	-	71	
2019-12-30 12:45:00	11.3	북북서	347	14.52	32.22	0.29	5.9	0.38	5.5	2.8	동북동	66	12.6	1017.3	-	82	
2019-12-30 12:50:00	12.9	북북서	348	14.55	32.19	0.23	4.9	0.32	3.0	3.4	동북동	67	12.5	1017.2	-	93	
2019-12-30 12:55:00	9.8	북	352	14.55	32.19	0.23	5.1	0.30	5.0	2.7	북동	56	12.5	1017.1	-	93	
2019-12-30 13:00:00	9.7	북	3	14.55	32.18	0.26	5.9	0.37	5.0	2.4	동북동	66	12.5	1017.1	-	55	
2019-12-30 13:05:00	8.8	북	351	14.57	32.18	0.27	5.9	0.33	7.0	2.7	동북동	73	12.7	1017.1	-	86	
2019-12-30 13:10:00	8.1	북	351	14.56	32.18	0.25	5.1	0.30	5.0	2.8	동북동	67	12.7	1017.1	-	25	
2019-12-30 13:15:00	7.7	북북서	342	14.58	32.22	0.23	4.9	0.31	6.0	2.8	북동	55	12.7	1017.0	-	16	
2019-12-30 13:20:00	9.9	북	0	14.55	32.18	0.26	6.3	0.36	6.5	3.6	북동	49	12.5	1017.1	-	65	
2019-12-30 13:25:00	10.3	북	4	14.55	32.19	0.22	5.8	0.28	5.0	3.5	북동	46	12.5	1017.1	-	84	
2019-12-30 13:30:00	8.0	북	2	14.56	32.17	0.24	6.2	0.30	7.0	3.1	동북동	62	12.6	1017.1	-	61	
2019-12-30 13:35:00	8.1	북북서	348	14.58	32.16	0.25	5.7	0.42	6.0	2.8	북동	54	12.9	1017.0	-	73	
2019-12-30 13:40:00	6.8	북북서	332	14.61	32.19	0.26	5.7	0.40	6.5	2.7	북동	46	13.2	1017.0	-	76	
2019-12-30 13:45:00	5.9	서북서	301	14.64	32.20	0.27	6.1	0.39	7.0	2.7	북동	48	13.2	1016.9	-	71	
2019-12-30 13:50:00	7.3	서북서	304	14.64	32.17	0.21	5.0	0.28	7.0	2.0	동북동	62	13.2	1016.9	-	70	
2019-12-30 13:55:00	9.5	북서	305	14.63	32.17	0.24	5.9	0.30	6.0	1.9	동	85	13.2	1016.9	-	78	
2019-12-30 14:00:00	8.9	북서	308	14.62	32.21	0.23	5.6	0.33	6.0	2.5	동	92	13.1	1016.9	-	39	
2019-12-30 14:05:00	10.7	북서	313	14.63	32.20	0.20	4.9	0.39	5.0	2.6	동	89	13.4	1016.9	-	55	
2019-12-30 14:10:00	7.3	서북서	297	14.63	32.19	0.25	5.9	0.33	5.5	3.2	동	92	13.4	1016.7	-	82	
2019-12-30 14:15:00	8.8	북서	318	14.63	32.20	0.29	5.7	0.46	7.0	2.8	동	91	13.4	1016.6	-	52	
2019-12-30 14:20:00	6.6	서북서	287	14.63	32.18	0.31	5.9	0.45	5.5	3.5	동남동	104	13.6	1016.5	-	30	
2019-12-30 14:25:00	8.5	서북서	298	14.63	32.20	0.26	5.0	0.33	6.0	3.6	동남동	121	13.6	1016.5	-	62	
2019-12-30 14:30:00	13.5	북서	304	14.63	32.18	0.25	5.2	0.40	6.0	3.8	동남동	117	13.5	1016.4	-	83	
2019-12-30 14:35:00	10.8	북서	305	14.60	32.14	0.25	5.8	0.33	7.0	3.4	동남동	105	13.6	1016.4	-	62	
2019-12-30 14:40:00	14.2	북서	308	14.56	32.15	0.25	5.3	0.35	3.5	2.5	동	84	13.7	1016.4	-	72	
2019-12-30 14:45:00	13.6	북서	314	14.55	32.14	0.26	5.5	0.36	5.5	2.9	남동	136	13.9	1016.5	-	70	
2019-12-30 14:50:00	16.0	북서	318	14.56	32.16	0.26	5.3	0.35	5.0	2.1	동북동	62	14.0	1016.5	-	78	
2019-12-30 14:55:00	16.7	북서	323	14.55	32.15	0.27	5.3	0.42	7.0	3.8	북	9	14.0	1016.4	-	69	
2019-12-30 15:00:00	15.2	북서	317	14.55	32.16	0.29	5.8	0.38	7.5	3.6	북	4	14.2	1016.4	-	63	
2019-12-30 15:05:00	12.6	북서	323	14.56	32.17	0.25	4.8	0.35	3.5	2.6	북서	323	14.0	1016.3	-	259	
2019-12-30 15:10:00	11.8	북서	319	14.57	32.16	0.27	5.7	0.38	7.0	4.2	북서	321	14.3	1016.3	-	87	
2019-12-30 15:15:00	14.6	북북서	328	14.57	32.17	0.26	4.8	0.36	4.0	3.2	서남서	254	14.2	1016.4	-	96	
2019-12-30 15:20:00	-	-	-	-	-	-	-	-	-	-	-	-	-	-	-	-	
2019-12-30 15:25:00	14.2	북북서	337	14.59	32.16	0.26	3.5	0.52	3.5	7.6	서	273	13.5	1016.2	-	44	
2019-12-30 15:30:00	13.7	북서	326	14.57	32.15	0.28	5.4	0.43	5.5	7.5	서	270	13.5	1016.2	-	96	
2019-12-30 15:35:00	11.9	북북서	331	14.55	32.17	0.26	5.2	0.33	6.0	7.1	서	274	13.4	1016.2	-	67	
2019-12-30 15:40:00	13.1	북북서	331	14.53	32.17	0.23	4.9	0.34	4.5	8.6	서	278	13.0	1016.1	-	92	
2019-12-30 15:45:00	8.9	북북서	336	14.51	32.17	0.26	5.5	0.35	5.5	9.4	서북서	283	12.7	1016.1	-	66	
2019-12-30 15:50:00	11.2	북북서	339	14.52	32.17	0.27	4.7	0.35	3.5	9.7	서	281	12.6	1016.0	-	78	
2019-12-30 15:55:00	10.2	북서	326	14.53	32.19	0.29	3.5	0.39	4.5	9.2	서	277	12.6	1016.1	-	309	
2019-12-30 16:00:00	6.8	북	351	14.52	32.20	0.32	4.7	0.55	5.5	9.7	서북서	282	12.5	1016.1	-	42	
2019-12-30 16:05:00	7.9	북서	325	14.52	32.17	0.35	3.9	0.53	3.0	9.3	서	275	12.3	1016.2	-	295	
2019-12-30 16:10:00	6.8	북북서	347	14.51	32.13	0.35	4.5	0.51	6.5	9.3	서	268	12.3	1016.4	-	44	
2019-12-30 16:15:00	5.6	북북서	338	14.50	32.13	0.34	3.5	0.51	5.0	7.9	서	261	12.3	1016.4	-	309	
2019-12-30 16:20:00	7.1	북북서	330	14.50	32.12	0.36	3.9	0.52	7.0	7.7	서	262	12.3	1016.6	-	303	
2019-12-30 16:25:00	6.4	북북서	337	14.49	32.13	0.39	4.0	0.62	3.5	10.2	서	272	12.2	1016.3	-	312	
2019-12-30 16:30:00	4.9	북북서	343	14.48	32.12	0.37	4.0	0.47	6.0	8.3	서남서	258	12.0	1016.5	-	141	
2019-12-30 16:35:00	8.4	북북서	332	14.48	32.12	0.39	4.1	0.53	3.5	5.0	서남서	242	11.6	1016.8	-	310	
2019-12-30 16:40:00	6.2	북서	316	14.48	32.10	0.37	4.0	0.49	3.5	5.2	서남서	251	11.5	1016.7	-	336	
2019-12-30 16:45:00	6.3	북북서	338	14.48	32.12	0.41	4.4	0.56	6.0	6.5	서	259	11.5	1016.7	-	69	
2019-12-30 16:50:00	6.5	북북서	340	14.48	32.11	0.39	4.3	0.63	3.5	7.4	서	269	11.5	1016.6	-	23	
2019-12-30 16:55:00	3.7	북	354	14.47	32.16	0.39	3.9	0.51	3.0	6.0	서	266	11.3	1016.7	-	185	
2019-12-30 17:00:00	3.2	북서	322	14.47	32.14	0.39	4.4	0.68	7.0	5.8	서남서	258	10.8	1016.8	-	192	
2019-12-30 17:05:00	3.9	서북서	299	14.47	32.15	0.36	4.5	0.43	6.0	6.7	서남서	249	10.7	1016.8	-	79	
2019-12-30 17:10:00	4.5	북북서	327	14.46	32.15	0.37	4.1	0.50	4.0	6.8	서남서	245	10.6	1016.8	-	153	
2019-12-30 17:15:00	5.8	북	356	14.45	32.15	0.37	4.5	0.59	4.5	7.2	서남서	255	10.6	1016.8	-	146	
2019-12-30 17:20:00	6.3	북서	316	14.45	32.14	0.42	4.3	0.59	3.0	6.2	서	266	10.6	1016.9	-	175	
2019-12-30 17:25:00	5.0	북북서	332	14.44	32.12	0.42	4.5	0.52	5.0	6.4	서남서	253	10.8	1016.9	-	160	
2019-12-30 17:30:00	10.7	북서	308	14.44	32.18	0.39	4.1	0.54	3.0	6.5	서남서	254	10.5	1017.1	-	325	
2019-12-30 17:35:00	6.6	서북서	296	14.47	32.16	0.38	4.0	0.51	5.0	8.1	서	265	10.3	1017.1	-	162	
2019-12-30 17:40:00	7.3	북서	323	14.47	32.14	0.37	3.9	0.57	4.5	6.6	서	266	10.5	1017.2	-	168	
2019-12-30 17:45:00	1.7	북북서	346	14.46	32.15	0.37	4.4	0.52	3.5	9.0	서북서	292	10.5	1017.0	-	161	
2019-12-30 17:50:00	10.6	북서	317	14.45	32.13	0.40	4.1	0.74	4.0	8.5	서	273	10.2	1017.2	-	347	
2019-12-30 17:55:00	9.7	북서	309	14.45	32.18	0.33	4.6	0.45	4.0	9.5	서북서	283	10.6	1017.0	-	142	
2019-12-30 18:00:00	12.9	북북서	328	14.49	32.13	0.33	4.4	0.41	6.0	7.1	남서	230	10.2	1017.1	-	117	
2019-12-30 18:05:00	14.0	북북서	329	14.48	32.16	0.34	4.1	0.56	3.5	7.4	서남서	237	10.0	1017.1	-	340	
2019-12-30 18:10:00	11.0	북북서	335	14.48	32.15	0.32	4.3	0.58	3.5	7.6	남서	233	9.9	1017.2	-	68	
2019-12-30 18:15:00	8.2	북서	321	14.46	32.14	0.37	4.5	0.62	4.0	7.9	남서	228	9.8	1017.3	-	121	
2019-12-30 18:20:00	9.2	북북서	333	14.43	32.13	0.31	4.6	0.41	3.0	6.9	남서	227	9.7	1017.4	-	56	
2019-12-30 18:25:00	11.2	북서	320	14.43	32.17	0.34	4.3	0.52	5.5	6.2	남서	233	9.6	1017.5	-	75	
2019-12-30 18:30:00	9.9	북북서	341	14.42	32.16	0.37	4.3	0.46	5.0	6.6	남서	227	9.8	1017.5	-	165	
2019-12-30 18:35:00	10.0	북북서	330	14.41	32.15	0.38	4.8	0.68	3.0	5.2	남서	232	9.9	1017.6	-	82	
2019-12-30 18:40:00	10.6	북	355	14.40	32.14	0.36	4.4	0.42	5.5	5.1	남서	234	9.5	1017.7	-	141	
2019-12-30 18:45:00	14.7	북북서	343	14.42	32.14	0.36	4.5	0.55	4.0	4.6	서남서	257	9.5	1017.7	-	327	
2019-12-30 18:50:00	11.0	북북서	337	14.43	32.16	0.33	4.9	0.51	5.0	5.1	서남서	246	9.6	1017.7	-	80	
2019-12-30 18:55:00	7.4	북서	322	14.44	32.16	0.36	3.9	0.64	4.0	5.0	남서	231	9.5	1017.7	-	180	
2019-12-30 19:00:00	9.2	북북서	342	14.46	32.15	0.37	4.2	0.62	3.5	6.0	남서	226	9.3	1017.7	-	148	
2019-12-30 19:05:00	5.3	북북서	338	14.45	32.14	0.37	4.7	0.52	5.0	7.6	남남서	212	9.1	1017.5	-	111	
2019-12-30 19:10:00	8.9	북북서	334	14.49	32.19	0.34	4.0	0.50	4.0	5.9	남서	236	9.2	1017.6	-	130	
2019-12-30 19:15:00	3.3	북서	308	14.50	32.16	0.38	4.5	0.63	4.5	4.7	서남서	250	9.1	1017.7	-	359	
2019-12-30 19:20:00	6.0	서	264	14.53	32.17	0.40	4.3	0.66	4.5	4.9	서	260	8.9	1017.8	-	348	
2019-12-30 19:25:00	8.5	서남서	237	14.53	32.17	0.38	4.5	0.55	4.0	5.0	남서	229	8.7	1017.7	-	330	
2019-12-30 19:30:00	2.7	남남서	212	14.51	32.16	0.41	4.6	0.55	5.0	6.2	남남서	210	8.7	1017.5	-	340	
2019-12-30 19:35:00	3.4	북서	313	14.51	32.17	0.40	4.3	0.55	4.5	7.8	남서	219	8.5	1017.4	-	188	
2019-12-30 19:40:00	16.0	북	354	14.52	32.16	0.39	4.2	0.57	4.5	6.7	남서	221	8.5	1017.6	-	154	
2019-12-30 19:45:00	25.5	북	351	14.51	32.16	0.39	4.4	0.53	3.5	6.5	남서	225	8.7	1017.6	-	115	
2019-12-30 19:50:00	46.7	북북서	334	14.53	32.17	0.39	4.4	0.58	4.5	4.9	남서	223	8.4	1017.7	-	135	
2019-12-30 19:55:00	12.4	북북서	346	14.51	32.15	0.37	4.1	0.48	5.0	4.4	서남서	239	8.2	1017.8	-	128	
2019-12-30 20:00:00	16.6	북북동	19	14.50	32.18	0.38	4.4	0.65	5.0	5.4	남서	225	8.3	1017.7	-	18	
2019-12-30 20:05:00	10.5	서북서	304	14.53	32.20	0.37	4.2	0.57	4.5	4.1	서남서	246	8.4	1017.9	-	130	
2019-12-30 20:10:00	7.4	서	268	14.51	32.18	0.40	4.3	0.54	3.5	2.6	서남서	240	8.2	1017.9	-	80	
2019-12-30 20:15:00	10.3	서	281	14.55	32.18	0.39	4.1	0.62	3.5	4.0	남서	220	8.2	1017.8	-	139	
2019-12-30 20:20:00	7.2	북	354	14.51	32.17	0.41	4.2	0.59	4.0	4.2	서남서	246	8.3	1017.9	-	158	
2019-12-30 20:25:00	13.2	북	353	14.51	32.17	0.36	4.2	0.50	3.5	4.2	남서	233	8.2	1018.0	-	145	
2019-12-30 20:30:00	45.6	북	11	14.54	32.17	0.39	3.9	0.50	4.0	5.6	남서	216	8.1	1017.9	-	303	
2019-12-30 20:35:00	48.5	북북서	348	14.58	32.22	0.42	4.4	0.56	5.0	6.6	서남서	240	8.1	1017.9	-	338	
2019-12-30 20:40:00	65.2	동	83	14.56	32.16	0.42	4.3	0.59	4.5	5.2	서남서	250	7.8	1018.0	-	239	
2019-12-30 20:45:00	37.0	동북동	57	14.56	32.18	0.41	4.2	0.61	5.5	4.9	서남서	255	7.8	1018.0	-	239	
2019-12-30 20:50:00	10.7	북	0	14.55	32.18	0.36	4.2	0.53	4.5	5.7	남서	218	7.5	1018.1	-	169	
2019-12-30 20:55:00	9.4	북북서	340	14.56	32.20	0.37	4.3	0.56	4.0	5.6	남서	229	7.4	1018.1	-	326	
2019-12-30 21:00:00	9.8	북	10	14.55	32.17	0.41	4.4	0.60	3.0	5.7	남서	233	7.1	1018.2	-	159	
2019-12-30 21:05:00	9.2	북	4	14.55	32.17	0.38	4.3	0.51	4.0	6.8	남서	231	7.0	1018.2	-	2	
2019-12-30 21:10:00	2.6	북서	315	14.54	32.18	0.43	4.5	0.69	4.0	5.7	서남서	242	7.0	1018.3	-	117	
2019-12-30 21:15:00	7.6	북	358	14.54	32.18	0.41	4.1	0.65	4.0	5.0	서남서	255	6.9	1018.3	-	163	
2019-12-30 21:20:00	14.8	북북동	12	14.52	32.17	0.39	4.7	0.56	4.5	5.6	서	261	6.9	1018.2	-	177	
2019-12-30 21:25:00	0.7	북동	49	14.51	32.18	0.38	4.1	0.57	5.0	5.8	서	260	6.8	1018.1	-	171	
2019-12-30 21:30:00	10.4	북북동	20	14.50	32.21	0.40	4.9	0.54	4.5	6.3	서남서	254	6.8	1018.1	-	12	
2019-12-30 21:35:00	2.6	서북서	298	14.51	32.21	0.36	4.8	0.52	5.0	6.8	서남서	257	6.7	1018.1	-	296	
2019-12-30 21:40:00	3.2	북북동	13	14.49	32.20	0.39	4.2	0.58	4.0	6.0	서남서	242	6.7	1018.1	-	172	
2019-12-30 21:45:00	8.0	북북동	27	14.49	32.20	0.43	4.8	0.61	5.0	6.2	서남서	250	6.6	1018.1	-	170	
2019-12-30 21:50:00	2.0	동북동	58	14.48	32.20	0.36	4.7	0.54	5.5	7.8	서	261	6.5	1018.0	-	344	
2019-12-30 21:55:00	2.5	동남동	114	14.48	32.19	0.42	4.7	0.57	4.0	6.8	남서	235	6.4	1018.0	-	286	
2019-12-30 22:00:00	3.8	남남동	157	14.49	32.18	0.40	4.5	0.54	4.0	6.9	서남서	252	6.4	1017.9	-	166	
2019-12-30 22:05:00	2.7	동	86	14.44	32.17	0.48	4.3	0.63	4.5	8.1	서남서	252	6.6	1017.8	-	143	
2019-12-30 22:10:00	3.3	북동	45	14.44	32.19	0.52	4.2	0.70	4.5	7.3	서남서	241	6.5	1017.8	-	176	
2019-12-30 22:15:00	1.9	남남동	162	14.45	32.20	0.49	4.4	0.66	4.0	7.8	서남서	256	6.4	1017.7	-	264	
2019-12-30 22:20:00	1.4	서남서	245	14.47	32.18	0.52	4.4	0.78	4.5	7.6	서남서	240	6.3	1017.8	-	186	
2019-12-30 22:25:00	1.6	남동	130	14.46	32.18	0.52	4.4	0.66	3.5	7.4	서남서	241	6.1	1017.8	-	144	
2019-12-30 22:30:00	3.1	남남동	164	14.46	32.18	0.46	4.3	0.65	4.5	7.3	서남서	245	6.2	1017.9	-	199	
2019-12-30 22:35:00	0.8	북서	326	14.45	32.18	0.58	4.6	1.04	4.0	7.0	서남서	237	5.9	1017.9	-	22	
2019-12-30 22:40:00	0.6	서북서	284	14.45	32.18	0.49	4.6	0.83	4.0	8.2	남서	229	6.0	1017.8	-	158	
2019-12-30 22:45:00	1.0	동	82	14.45	32.16	0.47	4.5	0.67	4.5	9.5	남서	224	5.6	1017.8	-	10	
2019-12-30 22:50:00	1.8	남서	231	14.44	32.19	0.48	4.3	0.63	5.5	10.0	남서	230	5.6	1017.8	-	126	
2019-12-30 22:55:00	2.7	남남서	209	14.44	32.18	0.55	4.6	0.80	4.0	9.0	남서	235	5.3	1017.9	-	315	
2019-12-30 23:00:00	1.7	북북서	346	14.44	32.18	0.47	4.4	0.61	5.0	9.8	남서	228	5.2	1017.9	-	167	
2019-12-30 23:05:00	3.6	남남서	195	14.42	32.18	0.52	4.5	0.93	4.0	9.1	남서	226	5.0	1018.0	-	256	
2019-12-30 23:10:00	2.4	남남동	154	14.40	32.18	0.54	4.3	0.79	5.0	8.5	남서	222	4.8	1018.1	-	335	
2019-12-30 23:15:00	3.3	남남동	151	14.43	32.19	0.53	4.6	0.79	4.5	9.3	남서	228	4.7	1018.1	-	155	
2019-12-30 23:20:00	3.4	남남서	211	14.44	32.18	0.59	4.3	0.93	4.5	8.3	남서	227	4.4	1018.3	-	131	
2019-12-30 23:25:00	1.9	남	182	14.44	32.17	0.55	4.8	0.79	4.5	9.6	서남서	240	4.4	1018.2	-	352	
2019-12-30 23:30:00	0.9	남남서	211	14.43	32.19	0.59	4.9	0.86	4.5	9.2	서남서	238	4.4	1018.2	-	347	
2019-12-30 23:35:00	3.2	남남서	196	14.43	32.18	0.54	4.8	0.80	4.5	9.4	서남서	243	4.2	1018.3	-	182	
2019-12-30 23:40:00	0.2	남남동	160	14.41	32.17	0.60	5.0	0.81	3.5	9.6	남서	236	4.1	1018.5	-	327	
2019-12-30 23:45:00	6.0	남동	128	14.39	32.17	0.58	4.4	0.95	5.0	9.8	서남서	242	3.8	1018.6	-	13	
2019-12-30 23:50:00	4.8	남남서	194	14.39	32.15	0.56	5.1	0.74	5.5	11.3	서남서	238	3.8	1018.6	-	145	
2019-12-30 23:55:00	1.9	동북동	66	14.40	32.15	0.63	4.8	0.92	4.5	8.4	서남서	240	3.4	1018.9	-	289	
2019-12-31 00:00:00	2.2	남남서	201	14.40	32.17	0.69	4.8	0.93	4.5	10.5	서남서	243	3.5	1018.8	-	333	
2019-12-31 00:05:00	5.9	남남서	199	14.43	32.19	0.65	4.7	0.93	5.0	10.6	서남서	239	3.5	1018.8	-	181	
2019-12-31 00:10:00	8.0	남	181	14.43	32.16	0.64	5.1	0.75	4.0	10.2	서남서	246	3.5	1018.9	-	340	
2019-12-31 00:15:00	4.7	남남동	161	14.41	32.16	0.69	5.3	0.86	4.5	9.3	서남서	254	3.3	1019.0	-	198	
2019-12-31 00:20:00	2.6	남동	143	14.39	32.17	0.73	5.5	0.94	5.5	8.7	서남서	249	3.2	1019.1	-	312	
2019-12-31 00:25:00	4.9	남남동	151	14.39	32.17	0.70	5.4	0.94	6.0	7.7	서남서	254	3.2	1019.3	-	282	
2019-12-31 00:30:00	3.9	남동	142	14.38	32.18	0.66	5.4	0.99	4.0	7.1	서남서	256	2.8	1019.4	-	178	
2019-12-31 00:35:00	9.4	남남서	208	14.39	32.17	0.80	5.3	1.03	5.5	8.0	서남서	247	2.7	1019.5	-	353	
2019-12-31 00:40:00	7.9	남남서	196	14.40	32.18	0.71	5.6	0.91	3.5	8.1	서남서	257	2.5	1019.7	-	351	
2019-12-31 00:45:00	5.1	남남서	197	14.41	32.18	0.92	5.4	1.30	5.5	7.8	서남서	246	2.6	1019.8	-	336	
2019-12-31 00:50:00	7.8	남남동	155	14.41	32.16	0.80	5.4	1.23	5.5	8.1	서남서	248	2.5	1019.9	-	185	
2019-12-31 00:55:00	5.4	남남동	162	14.39	32.19	0.79	5.2	1.05	5.5	8.7	서남서	258	2.1	1020.0	-	319	
2019-12-31 01:00:00	2.6	남동	134	14.40	32.16	0.81	5.2	1.22	4.5	9.4	서남서	251	1.9	1020.1	-	311	
2019-12-31 01:05:00	2.7	남동	130	14.37	32.18	0.93	5.0	1.24	5.0	9.7	서	262	2.0	1020.2	-	341	
2019-12-31 01:10:00	5.4	남서	216	14.39	32.18	0.97	5.5	1.56	5.0	9.1	서	271	1.9	1020.4	-	344	
2019-12-31 01:15:00	5.7	남남서	209	14.40	32.16	0.85	4.6	1.15	6.0	8.6	서	259	1.8	1020.6	-	318	
2019-12-31 01:20:00	3.7	남	181	14.41	32.20	0.90	5.7	1.21	5.5	8.8	서	261	1.7	1020.7	-	326	
2019-12-31 01:25:00	6.9	남서	230	14.41	32.20	0.92	5.1	1.37	4.5	8.5	서	278	1.6	1020.9	-	347	
2019-12-31 01:30:00	8.0	남	171	14.40	32.17	0.92	5.3	1.51	6.0	8.6	서북서	291	1.2	1021.2	-	342	
2019-12-31 01:35:00	6.2	남남서	204	14.39	32.21	1.01	5.4	1.35	4.5	10.0	서북서	288	1.3	1021.3	-	342	
2019-12-31 01:40:00	13.0	남남동	169	14.40	32.21	1.11	5.2	1.62	5.5	10.8	서북서	287	0.9	1021.4	-	341	
2019-12-31 01:45:00	11.2	남	169	14.40	32.23	1.15	4.9	1.51	5.5	10.7	서북서	290	0.4	1021.6	-	330	
2019-12-31 01:50:00	4.5	남	172	14.40	32.25	0.99	4.1	1.44	4.0	10.5	서북서	296	0.4	1021.8	-	331	
2019-12-31 01:55:00	4.2	남남서	193	14.39	32.21	1.04	5.0	1.37	5.5	11.6	서북서	297	0.3	1022.0	-	338	
2019-12-31 02:00:00	4.2	남	184	14.39	32.24	1.18	5.1	1.82	4.5	11.3	서북서	294	0.4	1022.2	-	343	
2019-12-31 02:05:00	3.1	남	191	14.40	32.21	1.01	5.0	1.51	4.0	10.5	서북서	295	0.2	1022.5	-	124	
2019-12-31 02:10:00	9.1	남남동	162	14.40	32.20	1.05	4.8	1.56	5.0	10.7	서북서	290	0.0	1022.6	-	338	
2019-12-31 02:15:00	13.2	남동	135	14.40	32.23	1.16	5.4	1.71	5.0	10.4	서북서	284	0.0	1022.8	-	344	
2019-12-31 02:20:00	7.2	남동	140	14.40	32.21	1.15	5.1	1.50	6.0	10.7	서	278	0.1	1022.8	-	344	
2019-12-31 02:25:00	6.4	남남동	159	14.40	32.18	1.14	5.0	1.45	5.0	10.7	서	268	-0.5	1023.0	-	342	
2019-12-31 02:30:00	9.9	남	174	14.40	32.21	0.94	4.6	1.39	5.0	11.4	서	281	-0.3	1023.0	-	129	
2019-12-31 02:35:00	6.1	남	185	14.40	32.21	1.04	5.6	1.40	5.0	9.8	서	277	-0.4	1023.2	-	342	
2019-12-31 02:40:00	6.0	남동	130	14.39	32.21	0.95	4.9	1.21	5.0	9.5	서	277	-0.6	1023.2	-	349	
2019-12-31 02:45:00	4.2	남남서	205	14.40	32.22	0.88	5.5	1.08	6.0	11.7	서북서	283	-0.5	1022.9	-	346	
2019-12-31 02:50:00	7.3	남남서	207	14.40	32.20	1.11	5.8	1.43	5.0	14.0	서	273	-0.5	1022.5	-	353	
2019-12-31 02:55:00	9.6	남남동	156	14.39	32.21	0.86	4.8	1.22	5.5	14.9	서	268	-0.6	1022.4	-	348	
2019-12-31 03:00:00	4.0	동북동	70	14.39	32.20	0.98	5.2	1.32	5.0	12.4	서	277	-0.5	1022.8	-	337	
2019-12-31 03:05:00	6.7	남	176	14.37	32.17	1.03	5.7	1.32	7.0	10.1	서	269	-0.8	1023.2	-	342	
2019-12-31 03:10:00	4.9	남	181	14.38	32.19	0.95	6.3	1.15	5.0	10.2	서	280	-0.9	1023.4	-	343	
2019-12-31 03:15:00	7.9	남남동	153	14.38	32.21	1.28	6.0	1.76	5.5	10.4	서북서	290	-1.1	1023.8	-	336	
2019-12-31 03:20:00	6.0	남	171	14.39	32.20	1.07	5.2	1.66	6.0	10.8	서북서	288	-1.0	1023.9	-	326	
2019-12-31 03:25:00	4.0	남동	128	14.38	32.21	1.17	5.9	1.76	5.5	8.5	서북서	292	-0.9	1024.3	-	334	
2019-12-31 03:30:00	7.8	남	189	14.37	32.19	1.12	5.7	1.52	5.5	9.5	서북서	299	-1.3	1024.6	-	342	
2019-12-31 03:35:00	7.0	남남동	159	14.35	32.18	1.22	5.7	1.63	6.0	8.3	서북서	303	-1.6	1024.8	-	349	
2019-12-31 03:40:00	15.0	남	174	14.36	32.20	1.20	6.4	1.77	6.5	8.0	북서	311	-1.4	1024.8	-	345	
2019-12-31 03:45:00	4.5	남동	144	14.36	32.19	1.24	6.0	1.57	6.5	7.2	서북서	298	-1.5	1024.8	-	341	
2019-12-31 03:50:00	6.8	남	182	14.36	32.20	1.48	6.3	2.07	6.0	5.9	북서	309	-1.9	1024.8	-	339	
2019-12-31 03:55:00	8.5	남남동	164	14.37	32.21	1.32	5.9	1.82	6.0	5.1	북서	312	-2.0	1024.7	-	344	
2019-12-31 04:00:00	7.5	남	179	14.35	32.22	1.38	5.7	2.18	5.5	4.9	북서	304	-2.1	1024.8	-	344	
2019-12-31 04:05:00	8.6	남남서	194	14.34	32.20	1.23	5.8	1.52	5.5	7.1	북서	321	-1.7	1024.8	-	344	
2019-12-31 04:10:00	9.7	남	173	14.35	32.19	1.17	6.2	1.52	5.0	7.6	서북서	297	-2.0	1024.9	-	345	
2019-12-31 04:15:00	6.6	남동	134	14.35	32.21	1.14	6.0	1.69	6.5	8.2	서북서	290	-1.9	1024.7	-	338	
2019-12-31 04:20:00	7.9	남남동	158	14.34	32.19	1.31	6.1	2.04	6.0	9.1	서북서	302	-1.3	1024.6	-	343	
2019-12-31 04:25:00	8.8	남남동	167	14.33	32.22	1.32	6.3	1.73	5.5	10.5	서북서	297	-1.0	1024.5	-	341	
2019-12-31 04:30:00	6.5	남남서	196	14.32	32.20	1.22	6.2	2.05	6.0	11.6	서북서	303	-1.1	1024.5	-	347	
2019-12-31 04:35:00	7.1	남	181	14.32	32.24	1.08	5.9	1.44	5.0	11.6	서북서	301	-1.0	1024.5	-	347	
2019-12-31 04:40:00	4.9	남	188	14.29	32.19	1.35	6.5	1.94	6.0	11.0	북서	307	-1.1	1024.7	-	343	
2019-12-31 04:45:00	4.3	남남서	204	14.27	32.19	1.25	6.5	1.58	6.0	10.7	북서	305	-1.0	1024.9	-	333	
2019-12-31 04:50:00	11.4	남남동	165	14.24	32.20	1.09	6.2	1.31	4.5	10.7	북서	304	-1.0	1025.2	-	321	
2019-12-31 04:55:00	4.9	남동	135	14.26	32.23	1.25	6.4	1.58	5.0	9.6	북서	310	-1.2	1025.4	-	344	
2019-12-31 05:00:00	9.9	남	190	14.25	32.16	0.96	6.1	1.28	5.5	9.8	북서	305	-1.0	1025.5	-	345	
2019-12-31 05:05:00	9.7	남	169	14.26	32.17	1.08	6.1	1.36	7.0	10.2	서북서	293	-0.9	1025.4	-	344	
2019-12-31 05:10:00	14.0	남	180	14.25	32.18	1.19	6.2	1.73	7.0	9.4	서북서	292	-1.1	1025.5	-	335	
2019-12-31 05:15:00	6.8	남	186	14.26	32.19	1.08	6.3	1.69	8.5	11.5	서북서	291	-1.5	1025.3	-	346	
2019-12-31 05:20:00	12.7	남남동	168	14.26	32.18	1.18	6.2	1.63	6.5	12.4	서북서	285	-1.5	1025.0	-	338	
2019-12-31 05:25:00	13.0	남	187	14.27	32.22	1.35	6.4	1.75	6.5	11.9	서북서	292	-1.4	1025.4	-	346	
2019-12-31 05:30:00	14.0	남남동	168	14.22	32.23	1.35	6.8	1.85	6.5	10.7	서북서	287	-1.8	1025.9	-	342	
2019-12-31 05:35:00	5.7	남	174	14.22	32.21	1.17	6.8	1.31	6.0	9.2	서북서	299	-2.0	1026.4	-	344	
2019-12-31 05:40:00	12.4	남	175	14.20	32.22	1.36	6.8	1.73	7.0	9.5	서북서	298	-1.9	1026.6	-	340	
2019-12-31 05:45:00	6.0	남남동	166	14.14	32.14	1.17	6.5	1.32	8.0	10.3	서북서	300	-2.1	1026.5	-	339	
2019-12-31 05:50:00	11.2	남	185	14.14	32.25	1.38	6.7	1.84	7.0	10.4	서북서	297	-1.9	1026.3	-	354	
2019-12-31 05:55:00	7.5	남남동	160	14.14	32.24	1.38	6.9	1.98	6.5	10.9	서북서	290	-1.7	1026.2	-	342	
2019-12-31 06:00:00	11.5	남남동	147	14.12	32.22	1.58	5.9	2.03	6.0	10.5	서북서	286	-1.8	1025.9	-	336	
2019-12-31 06:05:00	10.5	남	172	14.15	32.23	1.52	6.5	1.87	6.0	10.0	서북서	284	-2.0	1026.0	-	345	
2019-12-31 06:10:00	7.2	남	179	14.15	32.21	1.32	7.0	1.89	6.5	9.9	서북서	284	-1.8	1026.2	-	343	
2019-12-31 06:15:00	9.9	남남서	192	14.11	32.22	1.30	7.0	1.81	8.0	9.2	서북서	284	-2.1	1026.4	-	359	
2019-12-31 06:20:00	6.1	남	170	14.07	32.23	1.41	6.8	1.79	7.0	7.0	서	278	-2.2	1026.6	-	342	
2019-12-31 06:25:00	6.2	남동	135	14.09	32.22	1.45	6.3	2.14	6.0	6.4	서	279	-2.2	1026.9	-	338	
2019-12-31 06:30:00	4.5	남	184	14.10	32.23	1.24	6.2	1.51	6.5	6.1	서북서	282	-2.0	1027.0	-	342	
2019-12-31 06:35:00	7.6	동남동	117	14.03	32.19	1.39	7.2	1.74	6.5	5.4	서	275	-2.1	1027.1	-	13	
2019-12-31 06:40:00	5.8	남남동	164	14.00	32.21	1.60	7.1	2.20	7.0	3.3	서북서	287	-2.3	1027.3	-	355	
2019-12-31 06:45:00	6.3	남남동	154	13.98	32.25	1.51	6.3	1.94	7.0	5.2	북서	305	-2.3	1027.4	-	339	
2019-12-31 06:50:00	5.1	동남동	109	13.99	32.22	1.45	6.5	1.82	5.5	4.7	서북서	294	-2.3	1027.5	-	345	
2019-12-31 06:55:00	8.7	동남동	121	13.97	32.22	1.13	7.0	1.41	6.5	6.8	서북서	291	-2.5	1027.5	-	344	
2019-12-31 07:00:00	8.1	동남동	123	13.95	32.23	1.59	7.3	2.21	8.5	7.1	북서	311	-2.2	1027.7	-	350	
2019-12-31 07:05:00	11.5	남남동	148	13.95	32.22	1.27	6.9	1.49	8.0	7.6	북서	309	-2.6	1027.8	-	337	
2019-12-31 07:10:00	8.5	동남동	123	13.95	32.23	1.46	7.3	1.78	6.5	8.0	서북서	287	-2.3	1027.8	-	340	
2019-12-31 07:15:00	12.9	남동	133	13.94	32.22	1.35	6.4	1.62	6.0	8.2	서북서	293	-2.4	1027.8	-	341	
2019-12-31 07:20:00	12.7	남동	133	13.94	32.25	1.55	7.1	2.08	6.0	8.5	서북서	300	-2.4	1027.8	-	350	
2019-12-31 07:25:00	8.8	동남동	123	13.89	32.22	1.38	6.1	1.95	6.0	7.2	서북서	295	-2.5	1028.0	-	333	
2019-12-31 07:30:00	8.4	남남동	165	13.89	32.21	1.31	6.8	1.62	6.5	7.3	서북서	298	-2.8	1028.0	-	344	
2019-12-31 07:35:00	6.7	남동	125	13.87	32.21	1.43	6.9	2.06	6.5	7.1	서북서	294	-2.7	1028.0	-	354	
2019-12-31 07:40:00	10.0	남남동	149	13.86	32.23	1.36	6.6	1.86	7.5	7.0	서북서	298	-2.6	1028.1	-	340	
2019-12-31 07:45:00	6.4	남동	131	13.84	32.24	1.49	6.6	1.85	8.0	8.2	북서	310	-2.7	1027.9	-	339	
2019-12-31 07:50:00	8.5	남남동	159	13.83	32.22	1.53	6.5	1.91	7.0	9.0	서북서	298	-2.1	1027.8	-	340	
2019-12-31 07:55:00	5.6	동남동	121	13.82	32.25	1.45	6.6	1.89	6.5	7.2	서	277	-2.7	1028.0	-	343	
2019-12-31 08:00:00	11.4	남남동	149	13.86	32.24	1.41	8.0	1.67	6.5	8.0	서북서	294	-2.4	1028.1	-	353	
2019-12-31 08:05:00	12.3	남남동	166	13.87	32.23	1.23	7.4	1.56	9.5	10.5	서북서	297	-2.0	1027.9	-	342	
2019-12-31 08:10:00	6.5	남동	146	13.86	32.25	1.75	6.8	2.49	6.5	7.8	서북서	293	-2.1	1028.1	-	351	
2019-12-31 08:15:00	6.3	남남동	148	13.86	32.23	1.50	6.8	2.10	6.0	6.5	서북서	301	-2.0	1028.6	-	349	
2019-12-31 08:20:00	5.7	남남동	151	13.87	32.24	1.58	7.3	1.95	7.5	7.5	북서	311	-1.8	1028.8	-	352	
2019-12-31 08:25:00	6.8	남동	136	13.88	32.23	1.57	6.8	2.26	6.5	7.0	북서	306	-2.0	1028.9	-	340	
2019-12-31 08:30:00	7.0	남동	146	13.88	32.23	1.45	8.3	1.90	9.5	7.1	북서	308	-2.0	1029.1	-	13	
2019-12-31 08:35:00	13.6	남동	143	13.88	32.22	1.65	8.5	2.11	8.0	7.0	북서	304	-1.9	1029.0	-	12	
2019-12-31 08:40:00	2.9	남	171	13.90	32.23	1.72	7.3	2.51	7.5	6.9	서	281	-1.7	1029.0	-	352	
2019-12-31 08:45:00	4.8	남동	144	13.89	32.20	1.66	8.4	3.30	7.5	5.7	서	260	-2.1	1029.2	-	343	
2019-12-31 08:50:00	9.1	남남동	166	13.90	32.22	1.81	7.8	2.43	9.5	6.2	서	278	-2.1	1029.5	-	5	
2019-12-31 08:55:00	8.2	남남동	159	13.89	32.23	1.63	8.0	1.96	8.5	7.2	서북서	296	-2.1	1029.6	-	17	
2019-12-31 09:00:00	4.7	남남동	149	13.91	32.21	1.75	7.0	2.63	8.5	7.5	서북서	299	-2.1	1029.6	-	346	
2019-12-31 09:05:00	4.8	남남동	167	13.91	32.22	1.82	8.5	2.40	8.0	7.5	서북서	300	-2.1	1029.7	-	20	
2019-12-31 09:10:00	6.4	남남동	155	13.91	32.21	1.98	8.6	2.34	9.5	7.8	북서	304	-2.1	1029.8	-	354	
2019-12-31 09:15:00	5.8	남남동	154	13.92	32.21	1.80	8.8	2.37	7.5	7.7	서북서	299	-2.1	1030.0	-	33	
2019-12-31 09:20:00	9.3	남남동	154	13.91	32.19	2.05	9.3	2.78	8.5	7.5	북서	310	-2.1	1029.9	-	30	
2019-12-31 09:25:00	10.0	남남동	163	13.92	32.21	1.73	8.6	2.16	7.5	7.2	서북서	301	-2.0	1030.1	-	27	
2019-12-31 09:30:00	6.4	남남동	152	13.92	32.19	2.13	9.5	3.48	9.0	7.6	서북서	292	-1.9	1030.3	-	32	
2019-12-31 09:35:00	10.3	남동	132	13.89	32.19	1.72	8.9	2.17	9.5	7.8	서북서	297	-2.0	1030.3	-	32	
2019-12-31 09:40:00	9.6	남남동	164	13.89	32.22	2.03	9.1	2.39	7.0	7.7	서북서	290	-2.1	1030.3	-	30	
2019-12-31 09:45:00	5.7	남	178	13.91	32.22	2.04	9.6	2.72	8.5	7.2	서북서	302	-2.2	1030.4	-	4	
2019-12-31 09:50:00	10.7	남동	127	13.92	32.24	2.25	9.3	2.98	8.5	6.4	서북서	298	-2.1	1030.6	-	25	
2019-12-31 09:55:00	10.7	남남동	167	13.91	32.21	1.91	9.9	2.50	9.5	7.2	서북서	300	-2.0	1030.5	-	27	
2019-12-31 10:00:00	5.5	남남동	156	13.90	32.20	2.34	9.6	2.78	8.0	6.3	북서	304	-1.9	1030.7	-	33	
2019-12-31 10:05:00	9.6	남	174	13.91	32.22	2.74	9.2	3.65	9.0	5.9	북서	306	-2.2	1030.8	-	33	
2019-12-31 10:10:00	9.7	남남동	168	13.91	32.21	2.60	10.1	3.29	9.5	6.5	서북서	296	-2.1	1030.8	-	45	
2019-12-31 10:15:00	9.1	남동	146	13.90	32.20	3.20	10.1	4.31	9.0	7.1	북서	311	-2.0	1030.8	-	26	
2019-12-31 10:20:00	5.1	남남동	156	13.91	32.22	2.49	10.6	3.41	12.0	5.2	북서	306	-1.9	1030.9	-	44	
2019-12-31 10:25:00	5.8	남남동	159	13.91	32.22	3.02	10.6	3.44	10.5	7.3	북서	320	-1.9	1030.8	-	31	
2019-12-31 10:30:00	9.1	남남동	157	13.91	32.22	2.34	10.7	3.14	11.5	6.3	북서	325	-1.9	1030.8	-	18	
2019-12-31 10:35:00	11.5	남남동	167	13.90	32.22	3.12	10.8	4.14	9.0	5.1	북서	311	-2.0	1030.9	-	42	
2019-12-31 10:40:00	8.3	남동	144	13.90	32.19	2.46	11.3	2.90	10.0	5.2	북서	317	-1.8	1031.0	-	34	
2019-12-31 10:45:00	13.3	남	174	13.91	32.22	3.52	10.8	5.63	10.5	3.9	북서	313	-1.7	1031.0	-	36	
2019-12-31 10:50:00	12.9	남남동	154	13.91	32.23	3.04	9.5	4.35	10.5	5.0	북서	324	-1.8	1030.9	-	37	
2019-12-31 10:55:00	8.0	남남동	155	13.91	32.21	3.20	10.4	4.86	11.0	4.7	북북서	334	-1.8	1030.9	-	24	
2019-12-31 11:00:00	7.4	남남동	159	13.91	32.24	2.74	11.0	3.42	9.5	4.2	북북서	331	-1.7	1030.9	-	26	
2019-12-31 11:05:00	9.4	남남동	162	13.92	32.22	3.36	10.4	4.32	10.5	5.8	북	1	-1.7	1030.9	-	38	
2019-12-31 11:10:00	11.4	남	175	13.92	32.20	3.84	10.1	4.59	10.0	5.3	북북서	348	-1.7	1030.9	-	40	
2019-12-31 11:15:00	10.0	남	182	13.92	32.22	3.29	10.0	4.77	10.0	4.7	북북서	340	-1.6	1030.8	-	40	
2019-12-31 11:20:00	9.9	남	183	13.97	32.23	2.99	9.6	4.29	10.5	5.4	북북서	348	-1.4	1030.7	-	35	
2019-12-31 11:25:00	10.9	남	189	13.99	32.17	2.84	10.1	3.37	10.0	5.2	북북서	348	-1.3	1030.6	-	36	
2019-12-31 11:30:00	10.5	남남서	195	13.99	32.16	3.31	9.9	4.17	9.0	5.2	북	0	-1.5	1030.6	-	41	
2019-12-31 11:35:00	8.9	남	171	14.00	32.16	3.13	10.3	4.01	10.5	4.6	북	356	-1.4	1030.6	-	46	
2019-12-31 11:40:00	15.5	남남서	195	14.00	32.15	3.01	9.5	3.67	11.0	4.3	북	358	-1.2	1030.6	-	37	
2019-12-31 11:45:00	13.0	남	182	14.03	32.16	2.88	10.3	4.05	10.5	4.0	북	351	-1.1	1030.5	-	40	
2019-12-31 11:50:00	15.6	남	174	14.03	32.14	3.45	11.1	4.04	11.5	4.8	북	353	-0.9	1030.4	-	39	
2019-12-31 11:55:00	11.4	남남서	193	14.02	32.17	3.48	10.8	4.65	10.5	3.8	북북서	341	-1.0	1030.4	-	36	
2019-12-31 12:00:00	10.6	남남서	202	14.03	32.19	3.44	11.1	4.80	10.5	2.2	북서	323	-0.9	1030.4	-	35	
2019-12-31 12:05:00	-	-	-	-	-	0.00	0.0	0.00	0.0	2.5	북	8	-0.5	-	-	0	
2019-12-31 12:10:00	14.0	남남서	192	14.04	32.18	2.74	8.1	5.48	8.1	3.4	북	2	-0.7	1030.3	-	35	
2019-12-31 12:15:00	10.6	남남서	198	14.03	32.21	3.41	10.5	4.16	10.0	4.8	북	1	-0.9	1030.3	-	36	
2019-12-31 12:20:00	8.6	남	183	14.03	32.23	2.92	9.6	4.18	9.5	3.6	북북동	13	-1.0	1030.2	-	34	
2019-12-31 12:25:00	12.0	남	188	14.04	32.19	3.09	10.5	3.65	9.5	1.8	북북동	32	-0.9	1030.2	-	24	
2019-12-31 12:30:00	14.5	남서	214	14.05	32.21	2.92	9.5	3.36	10.0	3.3	북북동	12	-0.8	1030.2	-	23	
2019-12-31 12:35:00	14.9	남	185	14.06	32.19	3.32	10.6	4.67	10.0	2.5	북북동	17	-0.5	1030.2	-	45	
2019-12-31 12:40:00	9.9	남남서	200	14.07	32.21	3.17	10.6	4.19	10.5	2.2	북북동	26	-0.5	1030.1	-	35	
2019-12-31 12:45:00	10.6	남남서	213	14.09	32.20	3.41	10.8	4.14	10.0	1.7	북동	46	-0.4	1030.0	-	47	
2019-12-31 12:50:00	15.1	남남서	208	14.08	32.09	3.05	11.3	3.81	11.0	3.2	북북동	18	-0.4	1029.9	-	48	
2019-12-31 12:55:00	10.7	남남서	212	14.09	32.07	3.61	9.9	4.86	9.5	2.2	북	8	-0.4	1029.9	-	32	
2019-12-31 13:00:00	17.3	남서	216	14.16	32.10	2.51	9.5	2.94	9.5	2.1	북동	55	-0.3	1029.8	-	31	
2019-12-31 13:05:00	13.0	남남서	200	14.17	32.22	3.50	10.6	4.36	10.5	1.0	남남동	151	-0.4	1029.8	-	37	
2019-12-31 13:10:00	12.4	남남서	209	14.19	32.22	2.94	10.5	3.37	11.0	1.9	남동	138	-0.1	1029.7	-	41	
2019-12-31 13:15:00	13.7	남서	228	14.21	32.23	3.27	10.2	3.87	10.5	2.0	남동	143	-0.4	1029.7	-	39	
2019-12-31 13:20:00	17.3	남서	229	14.21	32.26	3.39	10.6	4.57	10.5	1.5	동	99	-0.2	1029.7	-	49	
2019-12-31 13:25:00	13.7	남남서	210	14.21	32.23	2.77	10.8	3.31	9.5	1.1	남	183	-0.2	1029.6	-	42	
2019-12-31 13:30:00	15.9	남남서	212	14.21	32.24	3.84	10.5	4.34	10.0	0.9	북북서	343	0.1	1029.5	-	31	
2019-12-31 13:35:00	14.3	남서	226	14.22	32.21	3.10	10.4	3.89	11.0	1.6	북동	56	-0.1	1029.4	-	30	
2019-12-31 13:40:00	12.8	남서	216	14.22	32.22	3.75	10.4	4.32	9.5	2.0	북북동	32	-0.1	1029.4	-	45	
2019-12-31 13:45:00	8.8	남서	222	14.23	32.22	3.12	10.0	4.87	10.5	1.6	북동	51	-0.2	1029.3	-	39	
2019-12-31 13:50:00	13.8	남서	222	14.24	32.22	3.09	10.1	4.43	9.5	0.9	북북동	19	0.0	1029.3	-	37	
2019-12-31 13:55:00	15.4	남서	217	14.25	32.23	3.50	11.0	4.35	11.5	0.7	북동	42	0.2	1029.2	-	43	
2019-12-31 14:00:00	12.5	서남서	240	14.27	32.23	2.82	9.1	4.37	10.0	1.2	북북서	341	0.3	1029.2	-	24	
2019-12-31 14:05:00	2.5	남	182	14.28	32.23	3.15	10.2	4.33	9.5	1.0	북북동	12	0.4	1029.1	-	40	
2019-12-31 14:10:00	13.0	남서	217	14.27	32.23	3.08	11.1	4.94	10.0	1.9	동	92	0.5	1029.1	-	41	
2019-12-31 14:15:00	10.9	남남서	205	14.26	32.23	3.92	10.8	4.96	10.0	2.0	동북동	65	0.3	1029.0	-	35	
2019-12-31 14:20:00	10.4	남남서	211	14.28	32.22	3.48	10.6	4.75	9.0	3.1	북동	40	0.4	1029.0	-	29	
2019-12-31 14:25:00	8.0	남서	215	14.28	32.23	3.59	10.7	4.18	9.5	2.5	북북동	24	0.6	1028.9	-	39	
2019-12-31 14:30:00	9.1	남서	221	14.28	32.24	2.47	10.4	3.16	9.5	2.3	북	357	0.5	1028.9	-	34	
2019-12-31 14:35:00	7.0	서남서	238	14.29	32.25	2.60	10.6	3.19	11.0	1.2	북북동	27	1.1	1028.9	-	42	
2019-12-31 14:40:00	6.7	남남서	202	14.30	32.24	2.47	9.0	3.72	9.0	1.3	북동	48	1.3	1028.9	-	35	
2019-12-31 14:45:00	11.6	남서	221	14.30	32.25	2.13	9.6	2.56	8.5	1.2	북동	52	1.2	1028.8	-	45	
2019-12-31 14:50:00	12.0	서남서	241	14.30	32.23	3.06	10.1	3.91	10.5	1.0	남남동	147	1.3	1028.8	-	21	
2019-12-31 14:55:00	7.6	남남서	200	14.30	32.23	2.71	9.9	3.30	9.0	1.2	북	357	1.4	1028.8	-	49	
2019-12-31 15:00:00	8.3	남서	224	14.30	32.19	3.10	11.4	3.81	11.0	1.0	북서	304	1.6	1028.8	-	45	
2019-12-31 15:05:00	5.0	남남서	194	14.30	32.18	2.83	9.6	3.83	9.5	4.5	서남서	240	1.8	1028.8	-	42	
2019-12-31 15:10:00	7.0	남서	228	14.30	32.19	2.88	9.8	3.20	10.5	5.1	서남서	246	1.5	1028.7	-	31	
2019-12-31 15:15:00	10.0	남서	227	14.29	32.19	2.94	10.3	3.79	9.5	5.1	서남서	245	1.4	1028.6	-	34	
2019-12-31 15:20:00	8.0	남서	215	14.29	32.21	2.64	10.7	2.97	10.0	6.4	서남서	248	1.3	1028.6	-	38	
2019-12-31 15:25:00	4.7	남남서	211	14.27	32.23	3.39	10.3	4.15	10.5	6.2	남서	236	1.2	1028.6	-	42	
2019-12-31 15:30:00	7.2	남남동	164	14.28	32.24	2.84	10.4	4.11	10.5	5.4	서남서	237	1.2	1028.6	-	44	
2019-12-31 15:35:00	2.8	남	172	14.28	32.23	2.73	9.9	3.69	10.0	5.8	남서	233	1.4	1028.6	-	37	
2019-12-31 15:40:00	1.9	서	281	14.26	32.23	2.59	9.3	3.89	8.5	5.7	서남서	249	1.3	1028.6	-	40	
2019-12-31 15:45:00	5.3	남서	235	14.27	32.24	3.06	10.0	3.53	9.5	6.1	남서	235	1.2	1028.6	-	35	
2019-12-31 15:50:00	3.7	남남서	202	14.25	32.25	2.72	10.0	3.90	10.5	5.5	서남서	254	1.4	1028.6	-	39	
2019-12-31 15:55:00	2.3	서	263	14.27	32.24	2.23	9.6	2.84	10.5	4.6	남서	228	1.3	1028.6	-	51	
2019-12-31 16:00:00	7.8	서남서	250	14.26	32.25	3.11	10.6	4.57	10.5	3.4	서북서	293	1.9	1028.5	-	42	
2019-12-31 16:05:00	3.3	서	276	14.25	32.27	2.48	9.3	3.07	8.0	5.5	서북서	285	1.7	1028.6	-	26	
2019-12-31 16:10:00	3.0	북북서	338	14.24	32.23	2.75	10.1	4.80	10.0	5.4	서북서	299	1.9	1028.6	-	30	
2019-12-31 16:15:00	1.6	북서	316	14.26	32.26	2.58	9.4	4.04	8.5	5.0	서남서	253	1.4	1028.6	-	19	
2019-12-31 16:20:00	3.6	서	275	14.26	32.26	2.22	9.6	2.72	9.5	3.9	서남서	250	0.8	1028.6	-	29	
2019-12-31 16:25:00	5.2	서	273	14.26	32.26	1.96	9.7	2.90	8.5	4.3	남서	228	0.7	1028.4	-	48	
2019-12-31 16:30:00	5.6	서	271	14.26	32.25	2.58	9.8	3.47	9.5	6.0	남서	235	0.8	1028.3	-	37	
2019-12-31 16:35:00	7.5	남서	234	14.24	32.25	2.68	9.9	3.01	11.0	5.6	남서	225	0.9	1028.3	-	41	
2019-12-31 16:40:00	5.2	북북서	342	14.22	32.25	2.55	9.9	3.15	10.5	5.6	남서	219	0.6	1028.3	-	39	
2019-12-31 16:45:00	5.4	서남서	254	14.23	32.29	2.22	10.2	3.16	10.5	6.1	남서	230	0.4	1028.4	-	48	
2019-12-31 16:50:00	10.0	서북서	295	14.24	32.28	2.95	10.1	3.53	9.5	4.8	남서	230	0.3	1028.3	-	24	
2019-12-31 16:55:00	4.3	서	263	14.24	32.27	2.86	10.5	3.40	8.0	4.8	남서	229	0.2	1028.3	-	41	
2019-12-31 17:00:00	3.8	북서	319	14.24	32.26	2.93	10.2	4.75	9.5	4.9	남서	219	0.0	1028.2	-	34	
2019-12-31 17:05:00	7.0	서	276	14.22	32.26	2.04	8.7	2.66	8.5	6.6	남서	223	-0.1	1028.1	-	33	
2019-12-31 17:10:00	4.8	서남서	250	14.21	32.24	2.20	9.5	2.91	8.5	6.1	남서	232	0.0	1028.1	-	28	
2019-12-31 17:15:00	5.1	서남서	252	14.21	32.25	2.84	10.1	3.21	9.5	6.1	남서	236	-0.1	1028.0	-	37	
2019-12-31 17:20:00	3.9	북	10	14.20	32.27	2.73	10.8	3.35	11.0	5.6	남서	227	-0.1	1028.1	-	41	
2019-12-31 17:25:00	4.5	북북서	337	14.18	32.26	2.17	9.3	2.99	8.5	5.7	남서	215	-0.2	1028.2	-	41	
2019-12-31 17:30:00	8.2	서북서	301	14.20	32.26	2.22	9.3	2.81	9.5	4.9	남서	225	-0.3	1028.2	-	41	
2019-12-31 17:35:00	7.1	북	351	14.19	32.23	2.32	9.9	3.60	9.5	5.7	남서	228	-0.5	1028.2	-	47	
2019-12-31 17:40:00	3.5	서북서	285	14.20	32.25	2.75	10.4	3.19	9.5	6.3	남서	231	-0.2	1028.2	-	45	
2019-12-31 17:45:00	5.6	서북서	294	14.21	32.24	2.15	9.7	2.67	10.5	6.0	남서	232	-0.5	1028.3	-	19	
2019-12-31 17:50:00	7.4	북북서	342	14.19	32.26	2.46	9.5	3.37	10.0	6.3	남서	231	-0.6	1028.3	-	43	
2019-12-31 17:55:00	5.6	북서	323	14.19	32.24	1.74	8.9	2.49	10.0	6.4	서남서	240	-0.5	1028.4	-	40	
2019-12-31 18:00:00	3.8	북북서	339	14.14	32.27	2.21	9.3	2.63	8.0	6.3	서남서	240	-0.7	1028.4	-	35	
2019-12-31 18:05:00	7.0	북북동	16	14.15	32.24	2.31	9.9	2.85	10.0	7.1	서남서	237	-0.9	1028.5	-	48	
2019-12-31 18:10:00	5.2	북북서	335	14.16	32.26	2.28	10.0	3.01	10.0	6.3	서남서	243	-0.7	1028.6	-	40	
2019-12-31 18:15:00	2.0	북서	309	14.15	32.17	1.51	9.0	1.85	9.0	6.1	서남서	245	-0.5	1028.6	-	35	
2019-12-31 18:20:00	8.0	북북서	345	14.15	32.22	2.23	9.5	3.13	11.0	6.0	남서	235	-0.6	1028.6	-	32	
2019-12-31 18:25:00	8.5	북북동	16	14.16	32.24	2.08	10.3	2.86	9.5	5.5	남서	236	-0.7	1028.6	-	52	
2019-12-31 18:30:00	7.0	북	4	14.16	32.24	2.06	9.0	2.92	8.0	6.1	남서	234	-0.9	1028.6	-	45	
2019-12-31 18:35:00	4.8	북	11	14.15	32.24	1.78	9.8	2.13	10.0	6.1	서남서	240	-1.1	1028.7	-	12	
2019-12-31 18:40:00	5.9	북	10	14.15	32.26	2.11	10.5	2.85	10.5	5.9	남서	236	-1.1	1028.8	-	32	
2019-12-31 18:45:00	6.8	북서	321	14.15	32.24	1.98	8.5	2.21	9.0	5.8	서남서	237	-1.2	1028.7	-	42	
2019-12-31 18:50:00	9.4	북	352	14.14	32.22	2.49	10.4	3.67	10.5	6.1	남서	233	-1.1	1028.7	-	46	
2019-12-31 18:55:00	8.6	북북동	17	14.13	32.23	2.21	9.8	2.94	10.0	6.1	서남서	240	-1.1	1028.7	-	53	
2019-12-31 19:00:00	9.0	북북동	15	14.15	32.27	2.00	9.6	2.83	9.0	5.4	서남서	238	-1.2	1028.8	-	38	
2019-12-31 19:05:00	6.0	북북동	22	14.15	32.25	1.98	9.7	2.42	10.5	5.4	서남서	243	-1.2	1028.8	-	50	
2019-12-31 19:10:00	13.4	북	10	14.14	32.24	1.94	9.6	2.42	9.5	5.8	서남서	238	-1.4	1028.8	-	26	
2019-12-31 19:15:00	3.8	북	11	14.15	32.25	1.84	9.3	2.20	10.0	6.1	남서	234	-1.4	1028.8	-	44	
2019-12-31 19:20:00	3.5	서북서	287	14.15	32.27	1.95	8.9	2.45	9.5	6.3	남서	233	-1.5	1028.8	-	31	
2019-12-31 19:25:00	7.4	북북서	336	14.14	32.24	2.02	8.8	2.47	10.0	6.6	남서	230	-1.6	1028.7	-	41	
2019-12-31 19:30:00	6.0	북	4	14.13	32.26	2.21	9.3	2.79	9.0	6.6	남서	232	-1.4	1028.7	-	42	
2019-12-31 19:35:00	11.5	북북서	344	14.12	32.27	2.04	9.1	2.77	8.0	6.5	남서	232	-1.4	1028.7	-	41	
2019-12-31 19:40:00	11.2	북북동	17	14.12	32.26	2.21	10.0	2.77	9.5	6.6	남서	234	-1.2	1028.6	-	45	
2019-12-31 19:45:00	7.2	북북서	330	14.13	32.27	1.86	9.8	2.10	11.0	7.0	남서	236	-1.5	1028.6	-	38	
2019-12-31 19:50:00	5.1	북서	325	14.11	32.24	1.88	9.1	2.97	9.5	7.1	남서	234	-1.6	1028.6	-	37	
2019-12-31 19:55:00	11.4	북	353	14.08	32.28	2.24	9.8	2.83	9.0	7.4	서남서	237	-1.5	1028.6	-	38	
2019-12-31 20:00:00	8.5	북서	316	14.10	32.28	2.19	9.4	2.79	10.0	7.9	남서	234	-1.5	1028.6	-	44	
2019-12-31 20:05:00	7.0	북	350	14.11	32.29	1.82	8.8	2.20	8.0	7.6	서남서	238	-1.5	1028.5	-	46	
2019-12-31 20:10:00	8.3	북북서	328	14.09	32.26	1.71	8.8	1.99	8.5	7.1	남서	235	-1.5	1028.5	-	25	
2019-12-31 20:15:00	9.0	북북서	338	14.07	32.27	1.67	9.0	2.05	9.5	7.2	남서	233	-1.3	1028.4	-	49	
2019-12-31 20:20:00	6.4	북북서	344	14.07	32.27	1.85	9.0	2.77	8.5	7.6	남서	236	-1.6	1028.5	-	31	
2019-12-31 20:25:00	4.8	북서	309	14.07	32.22	1.84	9.6	2.67	9.5	6.8	남서	233	-1.6	1028.4	-	36	
2019-12-31 20:30:00	8.9	북북서	348	14.08	32.20	1.78	9.8	2.42	10.5	7.0	남서	231	-1.5	1028.4	-	51	
2019-12-31 20:35:00	7.1	북서	317	14.09	32.24	1.58	9.0	2.23	9.0	7.4	남서	231	-1.7	1028.4	-	26	
2019-12-31 20:40:00	3.9	북북서	343	14.08	32.25	1.80	8.9	2.33	8.0	7.7	남서	231	-1.7	1028.4	-	34	
2019-12-31 20:45:00	10.0	북북서	327	14.06	32.24	1.50	9.5	2.05	8.0	6.7	남서	228	-1.6	1028.4	-	40	
2019-12-31 20:50:00	7.5	북북서	336	14.06	32.25	1.66	9.9	1.83	11.0	7.1	남서	235	-1.8	1028.4	-	30	
2019-12-31 20:55:00	4.8	북서	312	14.03	32.28	1.66	8.7	2.15	7.5	7.7	남서	227	-1.6	1028.3	-	43	
2019-12-31 21:00:00	7.0	북	349	14.03	32.26	2.04	9.8	2.47	9.5	7.8	남서	230	-1.9	1028.3	-	38	
2019-12-31 21:05:00	6.9	북서	320	14.03	32.23	1.38	8.7	2.24	9.0	7.7	남서	231	-1.8	1028.3	-	39	
2019-12-31 21:10:00	8.1	북북서	348	13.98	32.23	1.63	9.3	2.25	9.0	7.5	남서	230	-2.0	1028.4	-	10	
2019-12-31 21:15:00	7.4	북북서	333	14.02	32.25	1.62	8.1	1.97	9.0	6.4	남서	231	-2.1	1028.3	-	24	
2019-12-31 21:20:00	7.8	북북서	333	13.98	32.20	1.60	8.4	2.11	8.5	8.0	남서	234	-2.1	1028.2	-	51	
2019-12-31 21:25:00	6.7	북북서	345	13.97	32.22	1.96	8.7	2.30	9.0	7.2	남서	232	-1.9	1028.2	-	45	
2019-12-31 21:30:00	7.0	북서	310	13.97	32.25	1.67	9.3	2.13	9.5	7.8	남서	229	-1.9	1028.3	-	44	
2019-12-31 21:35:00	3.2	북서	318	13.96	32.27	1.65	9.5	2.19	9.0	8.3	남서	235	-2.0	1028.2	-	42	
2019-12-31 21:40:00	2.2	북서	309	13.95	32.24	2.12	8.6	3.18	10.0	8.2	서남서	238	-1.9	1028.1	-	46	
2019-12-31 21:45:00	5.1	북	353	13.93	32.28	1.44	8.7	2.18	9.0	8.4	서남서	238	-1.7	1028.2	-	48	
2019-12-31 21:50:00	4.5	북서	311	13.92	32.28	1.20	9.2	1.78	8.5	9.0	서남서	237	-1.6	1028.1	-	34	
2019-12-31 21:55:00	5.1	북북동	33	13.90	32.29	1.53	8.6	2.21	9.0	8.1	남서	232	-1.8	1028.2	-	37	
2019-12-31 22:00:00	5.1	북	352	13.90	32.27	1.57	8.3	1.85	8.0	7.7	남서	232	-1.9	1028.3	-	39	
2019-12-31 22:05:00	4.6	북북동	22	13.89	32.26	1.49	8.6	1.97	9.0	7.6	남서	231	-1.8	1028.2	-	46	
2019-12-31 22:10:00	8.6	북북동	17	13.88	32.30	1.68	8.8	2.50	8.0	8.2	남서	233	-1.7	1028.2	-	39	
2019-12-31 22:15:00	-	-	-	-	-	-	-	-	-	-	-	-	-	-	-	-	
2019-12-31 22:20:00	4.3	북서	320	13.88	32.24	0.00	0.0	0.00	0.0	8.1	남서	235	-1.8	1028.4	-	45	
2019-12-31 22:25:00	6.3	북북서	347	13.84	32.28	1.73	8.5	2.22	9.0	7.4	남서	236	-1.7	1028.5	-	36	
2019-12-31 22:30:00	5.4	북	359	13.85	32.23	1.63	8.6	1.99	8.5	7.5	남서	232	-1.8	1028.6	-	36	
2019-12-31 22:35:00	1.9	북북서	328	13.85	32.23	1.57	9.1	1.88	8.5	7.6	남서	233	-1.8	1028.6	-	45	
2019-12-31 22:40:00	1.8	북동	46	13.83	32.21	1.89	9.5	2.44	9.0	7.0	남서	233	-2.0	1028.6	-	38	
2019-12-31 22:45:00	5.2	북	2	13.83	32.22	1.38	9.1	1.74	8.5	6.6	남서	229	-1.9	1028.6	-	39	
2019-12-31 22:50:00	2.2	북	349	13.81	32.23	1.29	8.0	1.59	7.5	6.9	남서	230	-2.0	1028.5	-	34	
2019-12-31 22:55:00	3.7	북북동	23	13.80	32.24	1.71	8.9	2.06	9.0	6.7	남서	233	-2.2	1028.7	-	38	
2019-12-31 23:00:00	6.6	북북동	14	13.80	32.23	1.45	7.8	1.60	7.0	7.7	남서	227	-2.1	1028.7	-	21	
2019-12-31 23:05:00	3.3	북북서	335	13.76	32.23	1.70	8.4	2.40	8.5	7.5	남서	228	-2.0	1028.7	-	30	
2019-12-31 23:10:00	3.6	북	356	13.76	32.22	1.32	9.3	1.67	8.0	6.3	남서	229	-2.1	1028.6	-	46	
2019-12-31 23:15:00	6.1	북	1	13.76	32.24	1.22	9.0	1.55	8.5	6.3	남서	232	-1.9	1028.6	-	45	
2019-12-31 23:20:00	11.1	북북서	346	13.78	32.21	1.58	8.7	2.25	9.0	7.0	남서	227	-1.9	1028.6	-	12	
2019-12-31 23:25:00	9.6	북	354	13.80	32.28	1.56	8.6	2.50	8.5	5.9	남서	226	-2.1	1028.7	-	41	
2019-12-31 23:30:00	8.6	북	0	13.83	32.25	1.13	7.9	1.71	8.5	5.7	남서	222	-2.1	1028.6	-	36	
2019-12-31 23:35:00	9.5	북	354	13.81	32.22	1.48	8.0	1.89	6.5	4.9	남서	229	-2.2	1028.7	-	16	
2019-12-31 23:40:00	4.1	북서	325	13.82	32.22	1.51	8.8	2.20	9.0	5.4	남서	227	-2.1	1028.6	-	19	
2019-12-31 23:45:00	6.5	북서	318	13.83	32.26	1.59	9.4	2.51	8.0	5.1	남서	224	-2.1	1028.5	-	37	
2019-12-31 23:50:00	6.9	북	359	13.82	32.27	1.49	8.5	2.05	7.5	5.7	남서	216	-2.1	1028.5	-	38	
2019-12-31 23:55:00	7.9	북북서	340	13.83	32.27	1.40	9.3	1.81	7.5	6.4	남서	222	-2.1	1028.3	-	37	
